<?xml version="1.0" encoding="UTF-8" standalone="yes"?>
<ns2:purchaseNoticeEP xsi:schemaLocation="http://zakupki.gov.ru/223/integration/schema/TFF-5.2 http://zakupki.gov.ru/223/integration/schema/TFF-5.2/purchase.xsd" xmlns="http://zakupki.gov.ru/223fz/types/1" xmlns:ns10="http://zakupki.gov.ru/223fz/reference/1" xmlns:ns11="http://zakupki.gov.ru/223fz/stopCommodity/1" xmlns:ns12="http://zakupki.gov.ru/223fz/decisionSuspension/1" xmlns:ns13="http://zakupki.gov.ru/223fz/purchasePlanAdditionalPosition/1" xmlns:ns14="http://zakupki.gov.ru/223fz/machineryListInfo/1" xmlns:ns15="http://zakupki.gov.ru/223fz/revenue/1" xmlns:ns16="http://zakupki.gov.ru/223fz/orderClauseList/1" xmlns:ns17="http://zakupki.gov.ru/223fz/disagreementProtocol/1" xmlns:ns18="http://zakupki.gov.ru/223fz/complaint/1" xmlns:ns19="http://zakupki.gov.ru/223fz/webRequest/1" xmlns:ns2="http://zakupki.gov.ru/223fz/purchase/1" xmlns:xsi="http://www.w3.org/2001/XMLSchema-instance" xmlns:ns3="http://zakupki.gov.ru/223fz/dishonestSupplier/1" xmlns:ns4="http://zakupki.gov.ru/223fz/notificationIssue/1" xmlns:ns5="http://zakupki.gov.ru/223fz/purchasePlan/1" xmlns:ns6="http://zakupki.gov.ru/223fz/purchasePlanProject/1" xmlns:ns7="http://zakupki.gov.ru/223fz/purchasePlanProjectAdditionalPosition/1" xmlns:ns8="http://zakupki.gov.ru/223fz/contract/1" xmlns:ns9="http://zakupki.gov.ru/223fz/missedNotice/1">
    <header>
        <guid>8c14ee1b-675f-4d8e-b661-0c02354b622c</guid>
        <createDateTime>2017-02-03T09:00:18</createDateTime>
    </header>
    <ns2:body>
        <ns2:item>
            <guid>657dc045-594c-4d03-9340-360341edbcfc</guid>
            <ns2:purchaseNoticeEPData>
                <ns2:guid>657dc045-594c-4d03-9340-360341edbcfc</ns2:guid>
                <ns2:createDateTime>2017-02-03T12:45:05</ns2:createDateTime>
                <ns2:urlOOS>https://zakupki.gov.ru/223/purchase/private/purchase/notice-info/details.html?noticeInfoId=5704709</ns2:urlOOS>
                <ns2:registrationNumber>31704751490</ns2:registrationNumber>
                <ns2:name>Оказание услуг по передаче электрической энергии </ns2:name>
                <ns2:customer>
                    <mainInfo>
                        <fullName>АВТОНОМНОЕ ПРОФЕССИОНАЛЬНОЕ ОБРАЗОВАТЕЛЬНОЕ УЧРЕЖДЕНИЕ РЕСПУБЛИКИ АЛТАЙ "МАЙМИНСКИЙ СЕЛЬСКОХОЗЯЙСТВЕННЫЙ ТЕХНИКУМ"</fullName>
                        <shortName>АПОУ РА "МАЙМИНСКИЙ СЕЛЬСКОХОЗЯЙСТВЕННЫЙ ТЕХНИКУМ"</shortName>
                        <iko>50408000173040801001</iko>
                        <inn>0408000173</inn>
                        <kpp>040801001</kpp>
                        <ogrn>1020400665834</ogrn>
                        <legalAddress>649100, РЕСП АЛТАЙ, С МАЙМА, УЛ 50 ЛЕТ ПОБЕДЫ, дом 10</legalAddress>
                        <postalAddress>649100 Республика Алтай с. Майма ул 50 лет Победы 10</postalAddress>
                        <phone>7-38844-25514</phone>
                        <email>maimapu49@mail.ru</email>
                        <okato>84215830001</okato>
                        <okpo>02503923</okpo>
                    </mainInfo>
                </ns2:customer>
                <ns2:purchaseMethodCode>3363</ns2:purchaseMethodCode>
                <ns2:purchaseCodeName>Закупка у единственного поставщика (исполнителя, подрядчика)</ns2:purchaseCodeName>
                <ns2:placer>
                    <mainInfo>
                        <fullName>АВТОНОМНОЕ ПРОФЕССИОНАЛЬНОЕ ОБРАЗОВАТЕЛЬНОЕ УЧРЕЖДЕНИЕ РЕСПУБЛИКИ АЛТАЙ "МАЙМИНСКИЙ СЕЛЬСКОХОЗЯЙСТВЕННЫЙ ТЕХНИКУМ"</fullName>
                        <shortName>АПОУ РА "МАЙМИНСКИЙ СЕЛЬСКОХОЗЯЙСТВЕННЫЙ ТЕХНИКУМ"</shortName>
                        <iko>50408000173040801001</iko>
                        <inn>0408000173</inn>
                        <kpp>040801001</kpp>
                        <ogrn>1020400665834</ogrn>
                        <legalAddress>649100, РЕСП АЛТАЙ, С МАЙМА, УЛ 50 ЛЕТ ПОБЕДЫ, дом 10</legalAddress>
                        <postalAddress>649100 Республика Алтай с. Майма ул 50 лет Победы 10</postalAddress>
                        <phone>7-38844-25514</phone>
                        <email>maimapu49@mail.ru</email>
                        <okato>84215830001</okato>
                        <okpo>02503923</okpo>
                    </mainInfo>
                </ns2:placer>
                <ns2:contact>
                    <phone>+7 (38844) 25512</phone>
                    <email>maimapu49@mail.ru</email>
                    <organization>
                        <mainInfo>
                            <fullName>АВТОНОМНОЕ ПРОФЕССИОНАЛЬНОЕ ОБРАЗОВАТЕЛЬНОЕ УЧРЕЖДЕНИЕ РЕСПУБЛИКИ АЛТАЙ "МАЙМИНСКИЙ СЕЛЬСКОХОЗЯЙСТВЕННЫЙ ТЕХНИКУМ"</fullName>
                            <shortName>АПОУ РА "МАЙМИНСКИЙ СЕЛЬСКОХОЗЯЙСТВЕННЫЙ ТЕХНИКУМ"</shortName>
                            <iko>50408000173040801001</iko>
                            <inn>0408000173</inn>
                            <kpp>040801001</kpp>
                            <ogrn>1020400665834</ogrn>
                            <legalAddress>649100, РЕСП АЛТАЙ, С МАЙМА, УЛ 50 ЛЕТ ПОБЕДЫ, дом 10</legalAddress>
                            <postalAddress>649100 Республика Алтай с. Майма ул 50 лет Победы 10</postalAddress>
                            <phone>7-38844-25514</phone>
                            <email>maimapu49@mail.ru</email>
                            <okato>84215830001</okato>
                            <okpo>02503923</okpo>
                        </mainInfo>
                    </organization>
                </ns2:contact>
                <ns2:publicationDateTime>2017-02-03T13:00:18</ns2:publicationDateTime>
                <ns2:documentationDelivery>
                    <deliveryStartDateTime>2017-01-01</deliveryStartDateTime>
                    <deliveryEndDateTime>2017-12-31</deliveryEndDateTime>
                </ns2:documentationDelivery>
                <ns2:status>P</ns2:status>
                <ns2:version>1</ns2:version>
                <ns2:notDishonest>false</ns2:notDishonest>
                <ns2:attachments>
                    <totalDocumentsCount>1</totalDocumentsCount>
                    <document>
                        <guid>510bb51f-4e90-41a4-8016-d000f3fe93e0</guid>
                        <createDateTime>2017-02-03T08:57:35</createDateTime>
                        <fileName>передача электро энергии.doc</fileName>
                        <description>передача электро энергии</description>
                        <url>http://zakupki.gov.ru/223/purchase/public/download/download.html?id=29075453</url>
                    </document>
                </ns2:attachments>
                <ns2:modificationDate>2017-02-03T13:00:18</ns2:modificationDate>
                <ns2:saveUserId>221622</ns2:saveUserId>
                <ns2:deliveryPlaceIndication>DIFFERENT_PLACE</ns2:deliveryPlaceIndication>
                <ns2:emergency>false</ns2:emergency>
                <ns2:jointPurchase>false</ns2:jointPurchase>
                <ns2:lots>
                    <lot>
                        <guid>5124d277-167f-4493-80e7-ab9c72cada21</guid>
                        <ordinalNumber>1</ordinalNumber>
                        <lotEditEnabled>false</lotEditEnabled>
                        <lotData>
                            <subject>Оказание услуг по передаче электрической энергии</subject>
                            <currency>
                                <code>RUB</code>
                                <digitalCode>643</digitalCode>
                                <name>Российский рубль</name>
                            </currency>
                            <initialSum>1566197.54</initialSum>
                            <deliveryPlace>
                                <state>Сибирский федеральный округ</state>
                                <region>Алтай Респ </region>
                                <regionOkato>84000000000</regionOkato>
                                <address>649100, Республика Алтай, Майминский район, с.Майма ул.50 лет Победы, 10</address>
                            </deliveryPlace>
                            <lotItems>
                                <newCodes>true</newCodes>
                                <lotItem>
                                    <guid>16c51310-373f-4bd8-b024-4df38229c262</guid>
                                    <ordinalNumber>1</ordinalNumber>
                                    <okpd2>
                                        <code>35.11.10.110</code>
                                        <name>Электроэнергия, произведенная электростанциями общего назначения</name>
                                    </okpd2>
                                    <okved2>
                                        <code>85.41.9</code>
                                        <name>Образование дополнительное детей и взрослых прочее, не включенное в другие группировки</name>
                                    </okved2>
                                    <okei>
                                        <code>245</code>
                                        <name>Киловатт-час</name>
                                    </okei>
                                    <qty>220407</qty>
                                </lotItem>
                            </lotItems>
                            <forSmallOrMiddle>false</forSmallOrMiddle>
                            <excludePurchaseFromPlan>false</excludePurchaseFromPlan>
                            <subcontractorsRequirement>false</subcontractorsRequirement>
                            <ignoredPurchase>false</ignoredPurchase>
                            <centralized>false</centralized>
                        </lotData>
                        <deliveryPlaceIndication>GL</deliveryPlaceIndication>
                        <jointLotData>
                            <jointLot>false</jointLot>
                        </jointLotData>
                        <lotPlanInfo>
                            <planRegistrationNumber>2160200509</planRegistrationNumber>
                            <planGuid>a2c47202-df96-407b-ac0e-6d808efbeafc</planGuid>
                            <positionNumber>2</positionNumber>
                            <lotPlanPosition>COMMODITY</lotPlanPosition>
                            <positionGuid>6dbb2a78-0bdd-474d-a8c6-b6d9f088b149</positionGuid>
                        </lotPlanInfo>
                        <cancelled>false</cancelled>
                    </lot>
                </ns2:lots>
            </ns2:purchaseNoticeEPData>
        </ns2:item>
    </ns2:body>
</ns2:purchaseNoticeEP>
