<?xml version="1.0" encoding="UTF-8" standalone="yes"?>
<ns2:purchaseNoticeEP xsi:schemaLocation="http://zakupki.gov.ru/223/integration/schema/TFF-5.2 http://zakupki.gov.ru/223/integration/schema/TFF-5.2/purchase.xsd" xmlns="http://zakupki.gov.ru/223fz/types/1" xmlns:ns10="http://zakupki.gov.ru/223fz/reference/1" xmlns:ns11="http://zakupki.gov.ru/223fz/stopCommodity/1" xmlns:ns12="http://zakupki.gov.ru/223fz/decisionSuspension/1" xmlns:ns13="http://zakupki.gov.ru/223fz/purchasePlanAdditionalPosition/1" xmlns:ns14="http://zakupki.gov.ru/223fz/machineryListInfo/1" xmlns:ns15="http://zakupki.gov.ru/223fz/revenue/1" xmlns:ns16="http://zakupki.gov.ru/223fz/orderClauseList/1" xmlns:ns17="http://zakupki.gov.ru/223fz/disagreementProtocol/1" xmlns:ns18="http://zakupki.gov.ru/223fz/complaint/1" xmlns:ns19="http://zakupki.gov.ru/223fz/webRequest/1" xmlns:ns2="http://zakupki.gov.ru/223fz/purchase/1" xmlns:xsi="http://www.w3.org/2001/XMLSchema-instance" xmlns:ns3="http://zakupki.gov.ru/223fz/dishonestSupplier/1" xmlns:ns4="http://zakupki.gov.ru/223fz/notificationIssue/1" xmlns:ns5="http://zakupki.gov.ru/223fz/purchasePlan/1" xmlns:ns6="http://zakupki.gov.ru/223fz/purchasePlanProject/1" xmlns:ns7="http://zakupki.gov.ru/223fz/purchasePlanProjectAdditionalPosition/1" xmlns:ns8="http://zakupki.gov.ru/223fz/contract/1" xmlns:ns9="http://zakupki.gov.ru/223fz/missedNotice/1">
    <header>
        <guid>e0361c10-b146-4fec-bcd1-062b7a043444</guid>
        <createDateTime>2017-02-03T11:45:54</createDateTime>
    </header>
    <ns2:body>
        <ns2:item>
            <guid>9b595740-9244-43f8-8dcf-8e96611b146f</guid>
            <ns2:purchaseNoticeEPData>
                <ns2:guid>9b595740-9244-43f8-8dcf-8e96611b146f</ns2:guid>
                <ns2:createDateTime>2017-02-03T14:38:48</ns2:createDateTime>
                <ns2:urlOOS>https://zakupki.gov.ru/223/purchase/private/purchase/notice-info/details.html?noticeInfoId=5706428</ns2:urlOOS>
                <ns2:registrationNumber>31704752883</ns2:registrationNumber>
                <ns2:name>Установка и пусконаладочные работы аппаратно-программных комплексов "Автоуроган"</ns2:name>
                <ns2:customer>
                    <mainInfo>
                        <fullName>АВТОНОМНОЕ УЧРЕЖДЕНИЕ РЕСПУБЛИКИ АЛТАЙ "МНОГОФУНКЦИОНАЛЬНЫЙ ЦЕНТР ОБЕСПЕЧЕНИЯ ПРЕДОСТАВЛЕНИЯ ГОСУДАРСТВЕННЫХ И МУНИЦИПАЛЬНЫХ УСЛУГ"</fullName>
                        <shortName>АУ РА "МФЦ"</shortName>
                        <iko>50411142202041101001</iko>
                        <inn>0411142202</inn>
                        <kpp>041101001</kpp>
                        <ogrn>1080411007181</ogrn>
                        <legalAddress>649000, Респ АЛТАЙ, г ГОРНО-АЛТАЙСК, ул В.И.ЧАПТЫНОВА, дом 28</legalAddress>
                        <postalAddress>649000, дом 28</postalAddress>
                        <phone>7-3882-223211</phone>
                        <email>mfc-altai@mail.ru</email>
                        <okato>84401000000</okato>
                        <okpo>89421177</okpo>
                    </mainInfo>
                </ns2:customer>
                <ns2:purchaseMethodCode>3363</ns2:purchaseMethodCode>
                <ns2:purchaseCodeName>Закупка у единственного поставщика (исполнителя, подрядчика)</ns2:purchaseCodeName>
                <ns2:placer>
                    <mainInfo>
                        <fullName>АВТОНОМНОЕ УЧРЕЖДЕНИЕ РЕСПУБЛИКИ АЛТАЙ "МНОГОФУНКЦИОНАЛЬНЫЙ ЦЕНТР ОБЕСПЕЧЕНИЯ ПРЕДОСТАВЛЕНИЯ ГОСУДАРСТВЕННЫХ И МУНИЦИПАЛЬНЫХ УСЛУГ"</fullName>
                        <shortName>АУ РА "МФЦ"</shortName>
                        <iko>50411142202041101001</iko>
                        <inn>0411142202</inn>
                        <kpp>041101001</kpp>
                        <ogrn>1080411007181</ogrn>
                        <legalAddress>649000, Респ АЛТАЙ, г ГОРНО-АЛТАЙСК, ул В.И.ЧАПТЫНОВА, дом 28</legalAddress>
                        <postalAddress>649000, дом 28</postalAddress>
                        <phone>7-3882-223211</phone>
                        <email>mfc-altai@mail.ru</email>
                        <okato>84401000000</okato>
                        <okpo>89421177</okpo>
                    </mainInfo>
                </ns2:placer>
                <ns2:contact>
                    <firstName>Ирина</firstName>
                    <middleName>Юрьевна</middleName>
                    <lastName>Чехова</lastName>
                    <phone>+388 (22) 23211</phone>
                    <email>mfc-altai@mail.ru</email>
                    <organization>
                        <mainInfo>
                            <fullName>АВТОНОМНОЕ УЧРЕЖДЕНИЕ РЕСПУБЛИКИ АЛТАЙ "МНОГОФУНКЦИОНАЛЬНЫЙ ЦЕНТР ОБЕСПЕЧЕНИЯ ПРЕДОСТАВЛЕНИЯ ГОСУДАРСТВЕННЫХ И МУНИЦИПАЛЬНЫХ УСЛУГ"</fullName>
                            <shortName>АУ РА "МФЦ"</shortName>
                            <iko>50411142202041101001</iko>
                            <inn>0411142202</inn>
                            <kpp>041101001</kpp>
                            <ogrn>1080411007181</ogrn>
                            <legalAddress>649000, Респ АЛТАЙ, г ГОРНО-АЛТАЙСК, ул В.И.ЧАПТЫНОВА, дом 28</legalAddress>
                            <postalAddress>649000, дом 28</postalAddress>
                            <phone>7-3882-223211</phone>
                            <email>mfc-altai@mail.ru</email>
                            <okato>84401000000</okato>
                            <okpo>89421177</okpo>
                        </mainInfo>
                    </organization>
                </ns2:contact>
                <ns2:publicationDateTime>2017-02-03T14:45:54</ns2:publicationDateTime>
                <ns2:documentationDelivery/>
                <ns2:status>P</ns2:status>
                <ns2:version>1</ns2:version>
                <ns2:notDishonest>false</ns2:notDishonest>
                <ns2:attachments>
                    <totalDocumentsCount>1</totalDocumentsCount>
                    <document>
                        <guid>f6dea4e9-6289-4148-b9ec-237681a1b1b4</guid>
                        <createDateTime>2017-02-03T11:42:01</createDateTime>
                        <fileName>Договор на установку и пусконаладочные работы.doc</fileName>
                        <description>Договор на установку и пусконаладочные работы</description>
                        <url>http://zakupki.gov.ru/223/purchase/public/download/download.html?id=29084863</url>
                    </document>
                </ns2:attachments>
                <ns2:modificationDate>2017-02-03T14:45:54</ns2:modificationDate>
                <ns2:saveUserId>257167</ns2:saveUserId>
                <ns2:deliveryPlaceIndication>SINGLE_PLACE</ns2:deliveryPlaceIndication>
                <ns2:emergency>false</ns2:emergency>
                <ns2:jointPurchase>false</ns2:jointPurchase>
                <ns2:lots>
                    <lot>
                        <guid>1522fb3e-ff6b-4cd5-bcb6-d3352fd09242</guid>
                        <ordinalNumber>1</ordinalNumber>
                        <lotEditEnabled>false</lotEditEnabled>
                        <lotData>
                            <subject>Установка и пусконаладочные работы аппаратно-программных комплексов "Автоураган"</subject>
                            <currency>
                                <code>RUB</code>
                                <digitalCode>643</digitalCode>
                                <name>Российский рубль</name>
                            </currency>
                            <initialSum>123418.93</initialSum>
                            <deliveryPlace>
                                <state>Сибирский федеральный округ</state>
                                <region>Алтай Респ </region>
                                <regionOkato>84000000000</regionOkato>
                                <address>г.Горно-Алтайск, ул.Чаптынова, д.28</address>
                            </deliveryPlace>
                            <lotItems>
                                <newCodes>true</newCodes>
                                <lotItem>
                                    <guid>8c552254-3ef8-4dd6-b778-96a3d5b69077</guid>
                                    <ordinalNumber>1</ordinalNumber>
                                    <okpd2>
                                        <code>26.30.11.190</code>
                                        <name>Аппаратура коммуникационная передающая с приемными устройствами прочая, не включенная в другие группировки</name>
                                    </okpd2>
                                    <okved2>
                                        <code>26.30.19</code>
                                        <name>Производство прочего коммуникационного оборудования</name>
                                    </okved2>
                                    <okei>
                                        <code>876</code>
                                        <name>Условная единица</name>
                                    </okei>
                                    <qty>1</qty>
                                </lotItem>
                            </lotItems>
                            <forSmallOrMiddle>false</forSmallOrMiddle>
                            <excludePurchaseFromPlan>false</excludePurchaseFromPlan>
                            <subcontractorsRequirement>false</subcontractorsRequirement>
                            <ignoredPurchase>false</ignoredPurchase>
                            <centralized>false</centralized>
                        </lotData>
                        <deliveryPlaceIndication>GL</deliveryPlaceIndication>
                        <jointLotData>
                            <jointLot>false</jointLot>
                        </jointLotData>
                        <lotPlanInfo>
                            <planRegistrationNumber>2170227163</planRegistrationNumber>
                            <planGuid>72ec7d5a-5bc9-4ea9-8876-ececd02f08dc</planGuid>
                            <positionNumber>25</positionNumber>
                            <lotPlanPosition>COMMODITY</lotPlanPosition>
                            <positionGuid>35cc37c5-9f65-4513-a09f-b3c03fdc574f</positionGuid>
                        </lotPlanInfo>
                        <cancelled>false</cancelled>
                    </lot>
                </ns2:lots>
            </ns2:purchaseNoticeEPData>
        </ns2:item>
    </ns2:body>
</ns2:purchaseNoticeEP>
