<?xml version="1.0" encoding="UTF-8" standalone="yes"?>
<ns2:explanation xsi:schemaLocation="http://zakupki.gov.ru/223/integration/schema/TFF-5.2 http://zakupki.gov.ru/223/integration/schema/TFF-5.2/purchase.xsd" xmlns="http://zakupki.gov.ru/223fz/types/1" xmlns:ns10="http://zakupki.gov.ru/223fz/machineryListInfo/1" xmlns:ns11="http://zakupki.gov.ru/223fz/revenue/1" xmlns:ns12="http://zakupki.gov.ru/223fz/orderClauseList/1" xmlns:ns13="http://zakupki.gov.ru/223fz/contract/1" xmlns:ns14="http://zakupki.gov.ru/223fz/missedNotice/1" xmlns:ns15="http://zakupki.gov.ru/223fz/complaint/1" xmlns:ns16="http://zakupki.gov.ru/223fz/decisionSuspension/1" xmlns:ns17="http://zakupki.gov.ru/223fz/purchasePlanAdditionalPosition/1" xmlns:ns18="http://zakupki.gov.ru/223fz/notificationIssue/1" xmlns:ns19="http://zakupki.gov.ru/223fz/webRequest/1" xmlns:ns2="http://zakupki.gov.ru/223fz/purchase/1" xmlns:xsi="http://www.w3.org/2001/XMLSchema-instance" xmlns:ns3="http://zakupki.gov.ru/223fz/dishonestSupplier/1" xmlns:ns4="http://zakupki.gov.ru/223fz/purchasePlan/1" xmlns:ns5="http://zakupki.gov.ru/223fz/purchasePlanProject/1" xmlns:ns6="http://zakupki.gov.ru/223fz/purchasePlanProjectAdditionalPosition/1" xmlns:ns7="http://zakupki.gov.ru/223fz/disagreementProtocol/1" xmlns:ns8="http://zakupki.gov.ru/223fz/reference/1" xmlns:ns9="http://zakupki.gov.ru/223fz/stopCommodity/1">
    <header>
        <guid>836f7db3-3131-410b-a393-63bc2ce812a1</guid>
        <createDateTime>2017-03-21T13:24:37</createDateTime>
    </header>
    <ns2:body>
        <ns2:item>
            <guid>2cfd3ad0-4df5-48f2-8b8a-21847587748e</guid>
            <ns2:explanationData>
                <ns2:guid>2cfd3ad0-4df5-48f2-8b8a-21847587748e</ns2:guid>
                <ns2:urlOOS>https://zakupki.gov.ru/223/purchase/private/purchase/explanation/details.html?explanationId=306730</ns2:urlOOS>
                <ns2:description>Ответ на запрос участнику по квалификации</ns2:description>
                <ns2:requestSubjectInfo>каким образом подтверждается квалификация, а именно опыт успешной поставки продукции</ns2:requestSubjectInfo>
                <ns2:requestDate>2017-03-14T00:00:00</ns2:requestDate>
                <ns2:status>P</ns2:status>
                <ns2:creationDate>2017-03-21T15:15:19</ns2:creationDate>
                <ns2:modificationDate>2017-03-21T15:24:37</ns2:modificationDate>
                <ns2:decisionDate>2017-03-20T00:00:00</ns2:decisionDate>
                <ns2:publishDate>2017-03-21T15:24:37</ns2:publishDate>
                <ns2:attachments>
                    <totalDocumentsCount>1</totalDocumentsCount>
                    <document>
                        <guid>cad2fdf7-0cf0-4b91-b5c3-07b2722d14ac</guid>
                        <createDateTime>2017-03-21T13:15:15</createDateTime>
                        <fileName>Извещение о предоставлении разъяснений от 20.03.2017.docx</fileName>
                        <description>Извещение о предоставлении разъяснений от 20.03.2017</description>
                        <url>http://zakupki.gov.ru/223/purchase/public/download/download.html?id=30212232</url>
                    </document>
                </ns2:attachments>
                <ns2:purchaseRegNum>31704881710</ns2:purchaseRegNum>
                <ns2:purchaseMethodCode>146765</ns2:purchaseMethodCode>
                <ns2:purchaseMethodName>Открытый запрос предложений в бумажной форме</ns2:purchaseMethodName>
                <ns2:purchaseName>Поставка комплектующих для установки оплавления покрытия "Argus"PC 4700 SD для АО «НПО автоматики»
</ns2:purchaseName>
                <ns2:placer>
                    <mainInfo>
                        <fullName>АКЦИОНЕРНОЕ ОБЩЕСТВО "НАУЧНО-ПРОИЗВОДСТВЕННОЕ ОБЪЕДИНЕНИЕ АВТОМАТИКИ ИМЕНИ АКАДЕМИКА Н.А. СЕМИХАТОВА"</fullName>
                        <shortName>АО "НПО АВТОМАТИКИ"</shortName>
                        <iko>56685066917668501001</iko>
                        <inn>6685066917</inn>
                        <kpp>668501001</kpp>
                        <ogrn>1146685026509</ogrn>
                        <legalAddress>620075, обл СВЕРДЛОВСКАЯ, г ЕКАТЕРИНБУРГ, ул МАМИНА-СИБИРЯКА, дом 145</legalAddress>
                        <postalAddress>620075, Российская Федерация, Свердловская область, г. Екатеринбург, ул. Мамина Сибиряка, д. 145</postalAddress>
                        <phone>7-343-2125762</phone>
                        <fax>7-343-2125762</fax>
                        <email>788@npoa.ru</email>
                        <okato>65401380000</okato>
                        <okpo>07533030</okpo>
                    </mainInfo>
                </ns2:placer>
                <ns2:emergency>false</ns2:emergency>
            </ns2:explanationData>
        </ns2:item>
    </ns2:body>
</ns2:explanation>
