<?xml version="1.0" encoding="UTF-8" standalone="yes"?>
<ns2:explanation xsi:schemaLocation="http://zakupki.gov.ru/223/integration/schema/TFF-5.2 http://zakupki.gov.ru/223/integration/schema/TFF-5.2/purchase.xsd" xmlns="http://zakupki.gov.ru/223fz/types/1" xmlns:ns10="http://zakupki.gov.ru/223fz/machineryListInfo/1" xmlns:ns11="http://zakupki.gov.ru/223fz/revenue/1" xmlns:ns12="http://zakupki.gov.ru/223fz/orderClauseList/1" xmlns:ns13="http://zakupki.gov.ru/223fz/contract/1" xmlns:ns14="http://zakupki.gov.ru/223fz/missedNotice/1" xmlns:ns15="http://zakupki.gov.ru/223fz/complaint/1" xmlns:ns16="http://zakupki.gov.ru/223fz/decisionSuspension/1" xmlns:ns17="http://zakupki.gov.ru/223fz/purchasePlanAdditionalPosition/1" xmlns:ns18="http://zakupki.gov.ru/223fz/notificationIssue/1" xmlns:ns19="http://zakupki.gov.ru/223fz/webRequest/1" xmlns:ns2="http://zakupki.gov.ru/223fz/purchase/1" xmlns:xsi="http://www.w3.org/2001/XMLSchema-instance" xmlns:ns3="http://zakupki.gov.ru/223fz/dishonestSupplier/1" xmlns:ns4="http://zakupki.gov.ru/223fz/purchasePlan/1" xmlns:ns5="http://zakupki.gov.ru/223fz/purchasePlanProject/1" xmlns:ns6="http://zakupki.gov.ru/223fz/purchasePlanProjectAdditionalPosition/1" xmlns:ns7="http://zakupki.gov.ru/223fz/disagreementProtocol/1" xmlns:ns8="http://zakupki.gov.ru/223fz/reference/1" xmlns:ns9="http://zakupki.gov.ru/223fz/stopCommodity/1">
    <header>
        <guid>ddbebcf0-d04e-4342-bc78-b151f972df1e</guid>
        <createDateTime>2017-03-21T06:46:51</createDateTime>
    </header>
    <ns2:body>
        <ns2:item>
            <guid>a25a0fc6-fa18-317b-6655-f21f43962959</guid>
            <ns2:explanationData>
                <ns2:guid>a25a0fc6-fa18-317b-6655-f21f43962959</ns2:guid>
                <ns2:urlOOS>https://zakupki.gov.ru/223/purchase/private/purchase/explanation/details.html?explanationId=306497</ns2:urlOOS>
                <ns2:description>ответ</ns2:description>
                <ns2:requestSubjectInfo>Просим внести изменения в техническое задание по позициям:

Кабель ААБЛУ-10 3х185 10кВ
Кабель ААБЛУ-10 3х240 ож
Кабель ААшВУ 1кВ 3х120 ОЖ

так как в данный момент маркировка с символом У, не выпускается.

Кабель ААБЛ-10 3х185 10кВ
Кабель ААБЛ-10 3х240 ож
Кабель ААшВ 1кВ 3х120 ОЖ

Является действующей маркировкой.</ns2:requestSubjectInfo>
                <ns2:requestDate>2017-03-20T12:26:56</ns2:requestDate>
                <ns2:status>P</ns2:status>
                <ns2:creationDate>2017-03-21T08:45:34</ns2:creationDate>
                <ns2:modificationDate>2017-03-21T08:46:51</ns2:modificationDate>
                <ns2:decisionDate>2017-03-21T06:45:34</ns2:decisionDate>
                <ns2:publishDate>2017-03-21T08:46:51</ns2:publishDate>
                <ns2:attachments>
                    <totalDocumentsCount>2</totalDocumentsCount>
                    <document>
                        <guid>ff01fc46-df97-5ad7-2153-bbd010297bf4</guid>
                        <createDateTime>2017-03-21T06:45:23</createDateTime>
                        <fileName>ответ.docx</fileName>
                        <description>ответ.docx</description>
                        <url>http://zakupki.gov.ru/223/purchase/public/download/download.html?id=30196788</url>
                    </document>
                    <document>
                        <guid>397fb20a-5d27-7a1e-0a84-ac0a83f3ed14</guid>
                        <createDateTime>2017-03-20T12:26:44</createDateTime>
                        <fileName>Запрос_на_разъяснение_документации_к_процедуре[5].rtf</fileName>
                        <description>Запрос_на_разъяснение_документации_к_процедуре[5].rtf</description>
                        <url>http://zakupki.gov.ru/223/purchase/public/download/download.html?id=30196789</url>
                    </document>
                </ns2:attachments>
                <ns2:purchaseRegNum>31704895089</ns2:purchaseRegNum>
                <ns2:purchaseMethodCode>2911</ns2:purchaseMethodCode>
                <ns2:purchaseMethodName>открытый запрос цен</ns2:purchaseMethodName>
                <ns2:purchaseName>право заключения договора  на поставку кабельно-проводниковой продукции для  аварийного резерва филиала ОАО «МРСК Урала» - «Пермэнерго» в 2017 г.</ns2:purchaseName>
                <ns2:placer>
                    <mainInfo>
                        <fullName>Открытое акционерное общество "Межрегиональная распределительная сетевая компания Урала"</fullName>
                        <shortName>ОАО "МРСК Урала"</shortName>
                        <iko>56671163413667201001</iko>
                        <inn>6671163413</inn>
                        <kpp>667201001</kpp>
                        <ogrn>1056604000970</ogrn>
                        <legalAddress>620026, Свердловская, Екатеринбург, Мамина-Сибиряка, дом 140</legalAddress>
                        <postalAddress>620026, Свердловская область, Екатеринбург, Мамина-Сибиряка, дом 140 </postalAddress>
                        <phone>7-343-2152600</phone>
                        <fax>7-343-2152661</fax>
                        <email>mrsk@mrsk-ural.ru</email>
                        <okato>65401000000</okato>
                        <okpo>76507836</okpo>
                    </mainInfo>
                </ns2:placer>
                <ns2:emergency>false</ns2:emergency>
            </ns2:explanationData>
        </ns2:item>
    </ns2:body>
</ns2:explanation>
