<?xml version="1.0" encoding="UTF-8" standalone="yes"?>
<ns2:explanation xsi:schemaLocation="http://zakupki.gov.ru/223/integration/schema/TFF-5.2 http://zakupki.gov.ru/223/integration/schema/TFF-5.2/purchase.xsd" xmlns="http://zakupki.gov.ru/223fz/types/1" xmlns:ns10="http://zakupki.gov.ru/223fz/machineryListInfo/1" xmlns:ns11="http://zakupki.gov.ru/223fz/revenue/1" xmlns:ns12="http://zakupki.gov.ru/223fz/orderClauseList/1" xmlns:ns13="http://zakupki.gov.ru/223fz/contract/1" xmlns:ns14="http://zakupki.gov.ru/223fz/missedNotice/1" xmlns:ns15="http://zakupki.gov.ru/223fz/complaint/1" xmlns:ns16="http://zakupki.gov.ru/223fz/decisionSuspension/1" xmlns:ns17="http://zakupki.gov.ru/223fz/purchasePlanAdditionalPosition/1" xmlns:ns18="http://zakupki.gov.ru/223fz/notificationIssue/1" xmlns:ns19="http://zakupki.gov.ru/223fz/webRequest/1" xmlns:ns2="http://zakupki.gov.ru/223fz/purchase/1" xmlns:xsi="http://www.w3.org/2001/XMLSchema-instance" xmlns:ns3="http://zakupki.gov.ru/223fz/dishonestSupplier/1" xmlns:ns4="http://zakupki.gov.ru/223fz/purchasePlan/1" xmlns:ns5="http://zakupki.gov.ru/223fz/purchasePlanProject/1" xmlns:ns6="http://zakupki.gov.ru/223fz/purchasePlanProjectAdditionalPosition/1" xmlns:ns7="http://zakupki.gov.ru/223fz/disagreementProtocol/1" xmlns:ns8="http://zakupki.gov.ru/223fz/reference/1" xmlns:ns9="http://zakupki.gov.ru/223fz/stopCommodity/1">
    <header>
        <guid>c348ecd5-f19e-45eb-baf0-56a61371b0d8</guid>
        <createDateTime>2017-03-21T14:52:30</createDateTime>
    </header>
    <ns2:body>
        <ns2:item>
            <guid>1163018f-16fb-0ff2-f0c5-7db7f3764f5f</guid>
            <ns2:explanationData>
                <ns2:guid>1163018f-16fb-0ff2-f0c5-7db7f3764f5f</ns2:guid>
                <ns2:urlOOS>https://zakupki.gov.ru/223/purchase/private/purchase/explanation/details.html?explanationId=306831</ns2:urlOOS>
                <ns2:description>см.вложение</ns2:description>
                <ns2:requestSubjectInfo>см. вложение</ns2:requestSubjectInfo>
                <ns2:requestDate>2017-03-20T11:16:38</ns2:requestDate>
                <ns2:status>P</ns2:status>
                <ns2:creationDate>2017-03-21T16:48:39</ns2:creationDate>
                <ns2:modificationDate>2017-03-21T16:52:30</ns2:modificationDate>
                <ns2:decisionDate>2017-03-21T14:48:39</ns2:decisionDate>
                <ns2:publishDate>2017-03-21T16:52:30</ns2:publishDate>
                <ns2:attachments>
                    <totalDocumentsCount>1</totalDocumentsCount>
                    <document>
                        <guid>78f0ad33-6b84-9271-8af2-4576d1cd4c0f</guid>
                        <createDateTime>2017-03-21T14:48:39</createDateTime>
                        <fileName>Запрос_разьяснений_6398_от_20.03_ответ.xls</fileName>
                        <description>Запрос_разьяснений_6398_от_20.03_ответ.xls</description>
                        <url>http://zakupki.gov.ru/223/purchase/public/download/download.html?id=30217473</url>
                    </document>
                </ns2:attachments>
                <ns2:purchaseRegNum>31704875048</ns2:purchaseRegNum>
                <ns2:purchaseMethodCode>8993</ns2:purchaseMethodCode>
                <ns2:purchaseMethodName>29 (Газпром) Открытый запрос предложений в электронной форме</ns2:purchaseMethodName>
                <ns2:purchaseName>Поставка извещателей, измерителей, оповещателей для нужд ОО "Газпром трансгаз Екатеринбург"</ns2:purchaseName>
                <ns2:placer>
                    <mainInfo>
                        <fullName>ОБЩЕСТВО С ОГРАНИЧЕННОЙ ОТВЕТСТВЕННОСТЬЮ "ГАЗПРОМ ТРАНСГАЗ ЕКАТЕРИНБУРГ"</fullName>
                        <shortName>ООО  "ГАЗПРОМ ТРАНСГАЗ ЕКАТЕРИНБУРГ"</shortName>
                        <iko>56608007434997250001</iko>
                        <inn>6608007434</inn>
                        <kpp>667001001</kpp>
                        <ogrn>1026604947852</ogrn>
                        <legalAddress>620000, ОБЛ СВЕРДЛОВСКАЯ, Г ЕКАТЕРИНБУРГ, УЛ КЛАРЫ ЦЕТКИН, дом ДОМ 14</legalAddress>
                        <postalAddress>620000, Свердловская Область, Екатеринбург Город, Клары Цеткин Улица, дом 14</postalAddress>
                        <phone>7-343-3597542</phone>
                        <fax>7-343-3597041</fax>
                        <email>D.Gaidt@ekaterinburg-tr.gazprom.ru</email>
                        <okato>65401373000</okato>
                        <okpo>00154341</okpo>
                    </mainInfo>
                </ns2:placer>
                <ns2:emergency>false</ns2:emergency>
            </ns2:explanationData>
        </ns2:item>
    </ns2:body>
</ns2:explanation>
