<?xml version="1.0" encoding="UTF-8" standalone="yes"?>
<ns2:explanation xsi:schemaLocation="http://zakupki.gov.ru/223/integration/schema/TFF-5.2 http://zakupki.gov.ru/223/integration/schema/TFF-5.2/purchase.xsd" xmlns="http://zakupki.gov.ru/223fz/types/1" xmlns:ns10="http://zakupki.gov.ru/223fz/machineryListInfo/1" xmlns:ns11="http://zakupki.gov.ru/223fz/revenue/1" xmlns:ns12="http://zakupki.gov.ru/223fz/orderClauseList/1" xmlns:ns13="http://zakupki.gov.ru/223fz/contract/1" xmlns:ns14="http://zakupki.gov.ru/223fz/missedNotice/1" xmlns:ns15="http://zakupki.gov.ru/223fz/complaint/1" xmlns:ns16="http://zakupki.gov.ru/223fz/decisionSuspension/1" xmlns:ns17="http://zakupki.gov.ru/223fz/purchasePlanAdditionalPosition/1" xmlns:ns18="http://zakupki.gov.ru/223fz/notificationIssue/1" xmlns:ns19="http://zakupki.gov.ru/223fz/webRequest/1" xmlns:ns2="http://zakupki.gov.ru/223fz/purchase/1" xmlns:xsi="http://www.w3.org/2001/XMLSchema-instance" xmlns:ns3="http://zakupki.gov.ru/223fz/dishonestSupplier/1" xmlns:ns4="http://zakupki.gov.ru/223fz/purchasePlan/1" xmlns:ns5="http://zakupki.gov.ru/223fz/purchasePlanProject/1" xmlns:ns6="http://zakupki.gov.ru/223fz/purchasePlanProjectAdditionalPosition/1" xmlns:ns7="http://zakupki.gov.ru/223fz/disagreementProtocol/1" xmlns:ns8="http://zakupki.gov.ru/223fz/reference/1" xmlns:ns9="http://zakupki.gov.ru/223fz/stopCommodity/1">
    <header>
        <guid>09b8370c-4bbb-4b0f-bd86-b5b948447732</guid>
        <createDateTime>2017-03-21T14:41:20</createDateTime>
    </header>
    <ns2:body>
        <ns2:item>
            <guid>43ea0234-8148-9209-8a3f-c8d0c78f32d8</guid>
            <ns2:explanationData>
                <ns2:guid>43ea0234-8148-9209-8a3f-c8d0c78f32d8</ns2:guid>
                <ns2:urlOOS>https://zakupki.gov.ru/223/purchase/private/purchase/explanation/details.html?explanationId=306741</ns2:urlOOS>
                <ns2:description>От участника размещения заказа в составе заявки достаточно предоставить согласие с условиями аукционной документации.
Наличие в заявке только согласия не будет являться основанием для отклонения</ns2:description>
                <ns2:requestSubjectInfo>во вложении</ns2:requestSubjectInfo>
                <ns2:requestDate>2017-03-21T10:46:45</ns2:requestDate>
                <ns2:status>P</ns2:status>
                <ns2:creationDate>2017-03-21T15:21:37</ns2:creationDate>
                <ns2:modificationDate>2017-03-21T16:41:20</ns2:modificationDate>
                <ns2:decisionDate>2017-03-21T13:21:37</ns2:decisionDate>
                <ns2:publishDate>2017-03-21T16:41:20</ns2:publishDate>
                <ns2:attachments>
                    <totalDocumentsCount>1</totalDocumentsCount>
                    <document>
                        <guid>735b3fe0-51b5-d858-f076-bad7e8f622e2</guid>
                        <createDateTime>2017-03-21T13:21:36</createDateTime>
                        <fileName>разъяснение_2.docx</fileName>
                        <description>разъяснение_2.docx</description>
                        <url>http://zakupki.gov.ru/223/purchase/public/download/download.html?id=30212628</url>
                    </document>
                </ns2:attachments>
                <ns2:purchaseRegNum>31704854030</ns2:purchaseRegNum>
                <ns2:purchaseMethodCode>3361</ns2:purchaseMethodCode>
                <ns2:purchaseMethodName>Открытый аукцион в электронной форме</ns2:purchaseMethodName>
                <ns2:purchaseName>выполнение работ   по капитальному ремонту помещений, внутренних систем электроснабжения ФБУЗ «Центр гигиены и эпидемиологии в Свердловской области»</ns2:purchaseName>
                <ns2:placer>
                    <mainInfo>
                        <fullName>Федеральное бюджетное учреждение здравоохранения "Центр гигиены и эпидемиологии в Свердловской области"</fullName>
                        <shortName>ФБУЗ "Центр гигиены и эпидемиологии в Свердловской области"</shortName>
                        <iko>86670081969667001001</iko>
                        <inn>6670081969</inn>
                        <kpp>667001001</kpp>
                        <ogrn>1056603530510</ogrn>
                        <legalAddress>620078, Свердловская, Екатеринбург, Отдельный, дом 3</legalAddress>
                        <postalAddress>620078, г. Екатеринбург, пер. Отдельный, 3</postalAddress>
                        <phone>7-343-2701594</phone>
                        <fax>7-343-3628716</fax>
                        <email>mail@66.rospotrebnadzor.ru</email>
                        <okato>65401373000</okato>
                        <okpo>01944619</okpo>
                    </mainInfo>
                </ns2:placer>
                <ns2:emergency>false</ns2:emergency>
            </ns2:explanationData>
        </ns2:item>
    </ns2:body>
</ns2:explanation>
