<?xml version="1.0" encoding="UTF-8" standalone="yes"?>
<ns2:performanceContract xsi:schemaLocation="http://zakupki.gov.ru/223/integration/schema/TFF-5.2 http://zakupki.gov.ru/223/integration/schema/TFF-5.2/Types.xsd" xmlns="http://zakupki.gov.ru/223fz/types/1" xmlns:ns10="http://zakupki.gov.ru/223fz/complaint/1" xmlns:ns11="http://zakupki.gov.ru/223fz/notificationIssue/1" xmlns:ns12="http://zakupki.gov.ru/223fz/purchasePlanProject/1" xmlns:ns13="http://zakupki.gov.ru/223fz/purchase/1" xmlns:ns14="http://zakupki.gov.ru/223fz/purchasePlanProjectAdditionalPosition/1" xmlns:ns15="http://zakupki.gov.ru/223fz/missedNotice/1" xmlns:ns16="http://zakupki.gov.ru/223fz/reference/1" xmlns:ns17="http://zakupki.gov.ru/223fz/stopCommodity/1" xmlns:ns18="http://zakupki.gov.ru/223fz/decisionSuspension/1" xmlns:ns19="http://zakupki.gov.ru/223fz/webRequest/1" xmlns:ns2="http://zakupki.gov.ru/223fz/contract/1" xmlns:xsi="http://www.w3.org/2001/XMLSchema-instance" xmlns:ns3="http://zakupki.gov.ru/223fz/dishonestSupplier/1" xmlns:ns4="http://zakupki.gov.ru/223fz/purchasePlanAdditionalPosition/1" xmlns:ns5="http://zakupki.gov.ru/223fz/purchasePlan/1" xmlns:ns6="http://zakupki.gov.ru/223fz/machineryListInfo/1" xmlns:ns7="http://zakupki.gov.ru/223fz/revenue/1" xmlns:ns8="http://zakupki.gov.ru/223fz/orderClauseList/1" xmlns:ns9="http://zakupki.gov.ru/223fz/disagreementProtocol/1">
    <header>
        <guid>b48bc1ea-c7cd-448f-ab1d-40ac7e0aaec8</guid>
        <createDateTime>2017-03-29T13:56:18</createDateTime>
    </header>
    <ns2:body>
        <ns2:item>
            <guid>519fc646-a149-4f59-b560-89a88f92fedf</guid>
            <ns2:performanceContractData>
                <ns2:guid>610522e4-c7dc-4f84-95a8-b12c13857583</ns2:guid>
                <ns2:registrationNumber>86660008381160000210003</ns2:registrationNumber>
                <ns2:urlOOS>https://zakupki.gov.ru/223/contract/private/completing/info/view.html?id=2659244</ns2:urlOOS>
                <ns2:createDateTime>2016-09-22T13:52:40</ns2:createDateTime>
                <ns2:customer>
                    <mainInfo>
                        <fullName>ФЕДЕРАЛЬНОЕ ГОСУДАРСТВЕННОЕ БЮДЖЕТНОЕ УЧРЕЖДЕНИЕ НАУКИ ИНСТИТУТ ФИЗИКИ МЕТАЛЛОВ ИМЕНИ М.Н. МИХЕЕВА УРАЛЬСКОГО ОТДЕЛЕНИЯ РОССИЙСКОЙ АКАДЕМИИ НАУК</fullName>
                        <shortName>ИФМ УРО РАН</shortName>
                        <iko>86660008381667001001</iko>
                        <inn>6660008381</inn>
                        <kpp>667001001</kpp>
                        <ogrn>1026604945245</ogrn>
                        <legalAddress>620137, обл СВЕРДЛОВСКАЯ, г ЕКАТЕРИНБУРГ, ул СОФЬИ КОВАЛЕВСКОЙ, дом 18</legalAddress>
                        <postalAddress>620990, г. Екатеринбург, ул. Софьи Ковалевской, д. 18</postalAddress>
                        <phone>7-343-3783524</phone>
                        <email>physics@imp.uran.ru</email>
                        <okato>65401373000</okato>
                        <okpo>02699915</okpo>
                    </mainInfo>
                </ns2:customer>
                <ns2:placer>
                    <mainInfo>
                        <fullName>ФЕДЕРАЛЬНОЕ ГОСУДАРСТВЕННОЕ БЮДЖЕТНОЕ УЧРЕЖДЕНИЕ НАУКИ ИНСТИТУТ ФИЗИКИ МЕТАЛЛОВ ИМЕНИ М.Н. МИХЕЕВА УРАЛЬСКОГО ОТДЕЛЕНИЯ РОССИЙСКОЙ АКАДЕМИИ НАУК</fullName>
                        <shortName>ИФМ УРО РАН</shortName>
                        <iko>86660008381667001001</iko>
                        <inn>6660008381</inn>
                        <kpp>667001001</kpp>
                        <ogrn>1026604945245</ogrn>
                        <legalAddress>620137, обл СВЕРДЛОВСКАЯ, г ЕКАТЕРИНБУРГ, ул СОФЬИ КОВАЛЕВСКОЙ, дом 18</legalAddress>
                        <postalAddress>620990, г. Екатеринбург, ул. Софьи Ковалевской, д. 18</postalAddress>
                        <phone>7-343-3783524</phone>
                        <email>physics@imp.uran.ru</email>
                        <okato>65401373000</okato>
                        <okpo>02699915</okpo>
                    </mainInfo>
                </ns2:placer>
                <ns2:publicationDate>2017-03-29T13:56:18</ns2:publicationDate>
                <ns2:status>P</ns2:status>
                <ns2:version>1</ns2:version>
                <ns2:completed>true</ns2:completed>
                <ns2:attachments>
                    <totalDocumentsCount>2</totalDocumentsCount>
                    <document>
                        <guid>c8b91fdc-6e30-4ed4-836e-613654418949</guid>
                        <createDateTime>2017-03-29T13:55:31</createDateTime>
                        <fileName>Акт № 331 от 28.03.2017.pdf</fileName>
                        <description>Акт № 331 от 28.03.2017</description>
                        <url>https://zakupki.gov.ru/223/contract/private/download/download.html?id=11697827</url>
                        <registrationNumber>86660008381160000210004</registrationNumber>
                    </document>
                    <document>
                        <guid>346e54ab-0f1f-4e1d-9d35-508eb18fd621</guid>
                        <createDateTime>2017-03-29T13:55:19</createDateTime>
                        <fileName>Платежное поручение № 577620.pdf</fileName>
                        <description>Платежное поручение № 577620</description>
                        <url>https://zakupki.gov.ru/223/contract/private/download/download.html?id=11697821</url>
                        <registrationNumber>86660008381160000210005</registrationNumber>
                    </document>
                </ns2:attachments>
                <ns2:hasPenalty>false</ns2:hasPenalty>
                <ns2:contractRegNumber>86660008381160000210000</ns2:contractRegNumber>
                <ns2:contractInfo>
                    <ns2:guid>65a02ba8-07cb-4ee5-abe4-eaae7eaee521</ns2:guid>
                    <ns2:name>08/16/ЭК</ns2:name>
                    <ns2:agencyName>ИФМ УРО РАН</ns2:agencyName>
                    <ns2:supplierName>ОБЩЕСТВО С ОГРАНИЧЕННОЙ ОТВЕТСТВЕННОСТЬЮ "РАДИОИЗОТОПНЫЕ ПРИБОРЫ"</ns2:supplierName>
                    <ns2:lotInfo>Выполнение работ по экспертизе документов,  прилагаемых к заявлению на получение лицензии Уральского МТУ  по надзору за ЯРБ Ростехнадзора  и  обосновывающих способность организации Заказчика обеспечивать безопасность при проведении работ (НИОКР) с радиоактивными веществами</ns2:lotInfo>
                    <ns2:contractDate>2016-09-22</ns2:contractDate>
                </ns2:contractInfo>
                <ns2:positions>
                    <ns2:position>
                        <ns2:ordinal>1</ns2:ordinal>
                        <ns2:paymentDate>2016-10-10</ns2:paymentDate>
                        <ns2:price>150000</ns2:price>
                        <ns2:currency>
                            <code>RUB</code>
                            <digitalCode>643</digitalCode>
                            <name>Российский рубль</name>
                        </ns2:currency>
                        <ns2:rubPrice>150000</ns2:rubPrice>
                        <ns2:prepaid>false</ns2:prepaid>
                        <ns2:docs>
                            <ns2:doc>
                                <ns2:ordinal>1</ns2:ordinal>
                                <ns2:date>2017-03-28</ns2:date>
                                <ns2:code>20</ns2:code>
                                <ns2:name>акт выполненных работ</ns2:name>
                                <ns2:number>331</ns2:number>
                                <ns2:contractPosition>
                                    <ns2:guid>ceae4244-81b6-49aa-ac64-90e51dda96c2</ns2:guid>
                                    <ns2:name>Услуги по проведению оценки уязвимости объектов промышленного назначения, связи, здравоохранения и аналогичных объектов</ns2:name>
                                    <ns2:okpd2>
                                        <code>74.90.15.120</code>
                                        <name>Услуги по проведению оценки уязвимости объектов промышленного назначения, связи, здравоохранения и аналогичных объектов</name>
                                    </ns2:okpd2>
                                </ns2:contractPosition>
                                <ns2:okei>
                                    <code>876</code>
                                    <name>Условная единица</name>
                                </ns2:okei>
                                <ns2:qty>1</ns2:qty>
                            </ns2:doc>
                        </ns2:docs>
                    </ns2:position>
                    <ns2:total>150000</ns2:total>
                </ns2:positions>
            </ns2:performanceContractData>
        </ns2:item>
    </ns2:body>
</ns2:performanceContract>
