<?xml version="1.0" encoding="UTF-8" standalone="yes"?>
<ns2:performanceContract xsi:schemaLocation="http://zakupki.gov.ru/223/integration/schema/TFF-5.2 http://zakupki.gov.ru/223/integration/schema/TFF-5.2/Types.xsd" xmlns="http://zakupki.gov.ru/223fz/types/1" xmlns:ns10="http://zakupki.gov.ru/223fz/complaint/1" xmlns:ns11="http://zakupki.gov.ru/223fz/notificationIssue/1" xmlns:ns12="http://zakupki.gov.ru/223fz/purchasePlanProject/1" xmlns:ns13="http://zakupki.gov.ru/223fz/purchase/1" xmlns:ns14="http://zakupki.gov.ru/223fz/purchasePlanProjectAdditionalPosition/1" xmlns:ns15="http://zakupki.gov.ru/223fz/missedNotice/1" xmlns:ns16="http://zakupki.gov.ru/223fz/reference/1" xmlns:ns17="http://zakupki.gov.ru/223fz/stopCommodity/1" xmlns:ns18="http://zakupki.gov.ru/223fz/decisionSuspension/1" xmlns:ns19="http://zakupki.gov.ru/223fz/webRequest/1" xmlns:ns2="http://zakupki.gov.ru/223fz/contract/1" xmlns:xsi="http://www.w3.org/2001/XMLSchema-instance" xmlns:ns3="http://zakupki.gov.ru/223fz/dishonestSupplier/1" xmlns:ns4="http://zakupki.gov.ru/223fz/purchasePlanAdditionalPosition/1" xmlns:ns5="http://zakupki.gov.ru/223fz/purchasePlan/1" xmlns:ns6="http://zakupki.gov.ru/223fz/machineryListInfo/1" xmlns:ns7="http://zakupki.gov.ru/223fz/revenue/1" xmlns:ns8="http://zakupki.gov.ru/223fz/orderClauseList/1" xmlns:ns9="http://zakupki.gov.ru/223fz/disagreementProtocol/1">
    <header>
        <guid>3d2a65d7-bf2e-4312-8d28-90c27d5ff54f</guid>
        <createDateTime>2017-03-29T15:02:58</createDateTime>
    </header>
    <ns2:body>
        <ns2:item>
            <guid>8b432d80-5b8c-4a49-9c53-bbfdb3bfcc29</guid>
            <ns2:performanceContractData>
                <ns2:guid>32017dae-4993-4e43-b73a-059e8a2e68b0</ns2:guid>
                <ns2:registrationNumber>56671163413160004280004</ns2:registrationNumber>
                <ns2:urlOOS>https://zakupki.gov.ru/223/contract/private/completing/info/view.html?id=2659959</ns2:urlOOS>
                <ns2:createDateTime>2016-02-20T07:19:35</ns2:createDateTime>
                <ns2:customer>
                    <mainInfo>
                        <fullName>Открытое акционерное общество "Межрегиональная распределительная сетевая компания Урала"</fullName>
                        <shortName>ОАО "МРСК Урала"</shortName>
                        <iko>56671163413667201001</iko>
                        <inn>6671163413</inn>
                        <kpp>667201001</kpp>
                        <ogrn>1056604000970</ogrn>
                        <legalAddress>620026, Свердловская, Екатеринбург, Мамина-Сибиряка, дом 140</legalAddress>
                        <postalAddress>620026, Свердловская область, Екатеринбург, Мамина-Сибиряка, дом 140 </postalAddress>
                        <phone>7-343-2152600</phone>
                        <fax>7-343-2152661</fax>
                        <email>mrsk@mrsk-ural.ru</email>
                        <okato>65401000000</okato>
                        <okpo>76507836</okpo>
                    </mainInfo>
                </ns2:customer>
                <ns2:placer>
                    <mainInfo>
                        <fullName>Открытое акционерное общество "Межрегиональная распределительная сетевая компания Урала"</fullName>
                        <shortName>ОАО "МРСК Урала"</shortName>
                        <iko>56671163413667201001</iko>
                        <inn>6671163413</inn>
                        <kpp>667201001</kpp>
                        <ogrn>1056604000970</ogrn>
                        <legalAddress>620026, Свердловская, Екатеринбург, Мамина-Сибиряка, дом 140</legalAddress>
                        <postalAddress>620026, Свердловская область, Екатеринбург, Мамина-Сибиряка, дом 140 </postalAddress>
                        <phone>7-343-2152600</phone>
                        <fax>7-343-2152661</fax>
                        <email>mrsk@mrsk-ural.ru</email>
                        <okato>65401000000</okato>
                        <okpo>76507836</okpo>
                    </mainInfo>
                </ns2:placer>
                <ns2:publicationDate>2017-03-29T15:02:58</ns2:publicationDate>
                <ns2:status>P</ns2:status>
                <ns2:version>1</ns2:version>
                <ns2:completed>true</ns2:completed>
                <ns2:attachments>
                    <totalDocumentsCount>7</totalDocumentsCount>
                    <document>
                        <guid>c04bd4da-4fd3-4dd6-904f-765aa8ba4404</guid>
                        <createDateTime>2017-03-29T15:00:02</createDateTime>
                        <fileName>Факторинг ДЛиМТО-27-2016.pdf</fileName>
                        <description>Факторинг ДЛиМТО-27-2016</description>
                        <url>https://zakupki.gov.ru/223/contract/private/download/download.html?id=11701616</url>
                        <registrationNumber>56671163413160004280005</registrationNumber>
                    </document>
                    <document>
                        <guid>b5fcff08-6ffd-43dc-a1de-7e8fccd33376</guid>
                        <createDateTime>2017-03-29T15:00:10</createDateTime>
                        <fileName>Факторинг ДЛиМТО-29-2016.pdf</fileName>
                        <description>Факторинг ДЛиМТО-29-2016</description>
                        <url>https://zakupki.gov.ru/223/contract/private/download/download.html?id=11701632</url>
                        <registrationNumber>56671163413160004280006</registrationNumber>
                    </document>
                    <document>
                        <guid>a8bced5c-fbb3-489f-aecc-66d4bca3a887</guid>
                        <createDateTime>2017-03-29T15:00:39</createDateTime>
                        <fileName>ДЛиМТО-20-2016_заявка 2 от 22.02.2016.pdf</fileName>
                        <description>ДЛиМТО-20-2016_заявка 2 от 22.02.2016</description>
                        <url>https://zakupki.gov.ru/223/contract/private/download/download.html?id=11701665</url>
                        <registrationNumber>56671163413160004280007</registrationNumber>
                    </document>
                    <document>
                        <guid>8e446dfc-2df3-44e2-9267-8c07c977f557</guid>
                        <createDateTime>2017-03-29T15:02:20</createDateTime>
                        <fileName>ТН.zip</fileName>
                        <description>ТН</description>
                        <url>https://zakupki.gov.ru/223/contract/private/download/download.html?id=11701764</url>
                        <registrationNumber>56671163413160004280008</registrationNumber>
                    </document>
                    <document>
                        <guid>5bfc62b6-14a3-4f96-890a-3928b0cbfaea</guid>
                        <createDateTime>2017-03-29T15:01:12</createDateTime>
                        <fileName>ПП.zip</fileName>
                        <description>ПП</description>
                        <url>https://zakupki.gov.ru/223/contract/private/download/download.html?id=11701704</url>
                        <registrationNumber>56671163413160004280009</registrationNumber>
                    </document>
                    <document>
                        <guid>35b3733e-30a2-41f4-8d48-fc51e8c6224a</guid>
                        <createDateTime>2017-03-29T15:00:29</createDateTime>
                        <fileName>ДЛиМТО-20-2016_заявка 1 от 17.02.2016.pdf</fileName>
                        <description>ДЛиМТО-20-2016_заявка 1 от 17.02.2016</description>
                        <url>https://zakupki.gov.ru/223/contract/private/download/download.html?id=11701657</url>
                        <registrationNumber>56671163413160004280010</registrationNumber>
                    </document>
                    <document>
                        <guid>959a3900-dea3-4420-b3a3-363ddce79080</guid>
                        <createDateTime>2017-03-29T14:59:55</createDateTime>
                        <fileName>Факторинг ДЛиМТО-25-2016.pdf</fileName>
                        <description>Факторинг ДЛиМТО-25-2016</description>
                        <url>https://zakupki.gov.ru/223/contract/private/download/download.html?id=11701611</url>
                        <registrationNumber>56671163413160004280011</registrationNumber>
                    </document>
                </ns2:attachments>
                <ns2:hasPenalty>false</ns2:hasPenalty>
                <ns2:contractRegNumber>56671163413160004280000</ns2:contractRegNumber>
                <ns2:contractInfo>
                    <ns2:guid>d59dbcb5-20e5-425e-9d8b-b639c3f873af</ns2:guid>
                    <ns2:name>ДЛиМТО/20/2016</ns2:name>
                    <ns2:agencyName>ОАО "МРСК Урала"</ns2:agencyName>
                    <ns2:supplierName>ОБЩЕСТВО С ОГРАНИЧЕННОЙ ОТВЕТСТВЕННОСТЬЮ "ПРОИЗВОДСТВЕННОЕ ОБЪЕДИНЕНИЕ "ГАРАНТИЯ"</ns2:supplierName>
                    <ns2:lotInfo>Закупка №15307, лот №513 Поставка железобетонных изделий (Свердловэнерго)</ns2:lotInfo>
                    <ns2:contractDate>2016-02-16</ns2:contractDate>
                </ns2:contractInfo>
                <ns2:positions>
                    <ns2:position>
                        <ns2:ordinal>1</ns2:ordinal>
                        <ns2:paymentDate>2016-11-23</ns2:paymentDate>
                        <ns2:price>15533609.68</ns2:price>
                        <ns2:currency>
                            <code>RUB</code>
                            <digitalCode>643</digitalCode>
                            <name>Российский рубль</name>
                        </ns2:currency>
                        <ns2:rubPrice>15533609.68</ns2:rubPrice>
                        <ns2:prepaid>false</ns2:prepaid>
                        <ns2:docs>
                            <ns2:doc>
                                <ns2:ordinal>1</ns2:ordinal>
                                <ns2:date>2016-09-21</ns2:date>
                                <ns2:code>01</ns2:code>
                                <ns2:name>товарная накладная</ns2:name>
                                <ns2:number>498,499,522,546,547,600,602,635,649,650,658,707,708,743,744,745,842,843,845,846,847,881,904,905,1129,1149,1151,1200,1258,1280,1302,1342,1353,1354,1355,1357,1363,1368,1389,1397,1399,1413,1414,1440,1460,1461,1478,1498,1551,1557,1567,1568,1572,1600,1602,1640,1651,1663,1664,1671,1686,1688,1810,1888,1929,1938,1939,2049,2061,2068,2120,2166,2167,2202,2321,2741,2170,2189,2292,2609,2662,2690,2741,2838,2917,2952,3013,3048,3062,3145,3216,3230,3415,3562,3869</ns2:number>
                                <ns2:contractPosition>
                                    <ns2:guid>3cabb73f-094d-014e-e053-ac11070d70ec</ns2:guid>
                                    <ns2:name>поставка железобетонных изделий</ns2:name>
                                    <ns2:okpd2>
                                        <code>23.61.12.162</code>
                                        <name>Опоры ЛЭП, связи и элементы контактной сети электрифицированных дорог и осветительной сети</name>
                                    </ns2:okpd2>
                                </ns2:contractPosition>
                                <ns2:okei>
                                    <code>796</code>
                                    <name>Штука</name>
                                </ns2:okei>
                                <ns2:qty>5586</ns2:qty>
                            </ns2:doc>
                        </ns2:docs>
                    </ns2:position>
                    <ns2:total>15533609.68</ns2:total>
                </ns2:positions>
            </ns2:performanceContractData>
        </ns2:item>
    </ns2:body>
</ns2:performanceContract>
