<?xml version="1.0" encoding="UTF-8" standalone="yes"?>
<ns2:performanceContract xsi:schemaLocation="http://zakupki.gov.ru/223/integration/schema/TFF-5.2 http://zakupki.gov.ru/223/integration/schema/TFF-5.2/Types.xsd" xmlns="http://zakupki.gov.ru/223fz/types/1" xmlns:ns10="http://zakupki.gov.ru/223fz/complaint/1" xmlns:ns11="http://zakupki.gov.ru/223fz/notificationIssue/1" xmlns:ns12="http://zakupki.gov.ru/223fz/purchasePlanProject/1" xmlns:ns13="http://zakupki.gov.ru/223fz/purchase/1" xmlns:ns14="http://zakupki.gov.ru/223fz/purchasePlanProjectAdditionalPosition/1" xmlns:ns15="http://zakupki.gov.ru/223fz/missedNotice/1" xmlns:ns16="http://zakupki.gov.ru/223fz/reference/1" xmlns:ns17="http://zakupki.gov.ru/223fz/stopCommodity/1" xmlns:ns18="http://zakupki.gov.ru/223fz/decisionSuspension/1" xmlns:ns19="http://zakupki.gov.ru/223fz/webRequest/1" xmlns:ns2="http://zakupki.gov.ru/223fz/contract/1" xmlns:xsi="http://www.w3.org/2001/XMLSchema-instance" xmlns:ns3="http://zakupki.gov.ru/223fz/dishonestSupplier/1" xmlns:ns4="http://zakupki.gov.ru/223fz/purchasePlanAdditionalPosition/1" xmlns:ns5="http://zakupki.gov.ru/223fz/purchasePlan/1" xmlns:ns6="http://zakupki.gov.ru/223fz/machineryListInfo/1" xmlns:ns7="http://zakupki.gov.ru/223fz/revenue/1" xmlns:ns8="http://zakupki.gov.ru/223fz/orderClauseList/1" xmlns:ns9="http://zakupki.gov.ru/223fz/disagreementProtocol/1">
    <header>
        <guid>57a5f4a4-5749-445a-9c43-a7c038ff52b9</guid>
        <createDateTime>2017-03-29T13:06:47</createDateTime>
    </header>
    <ns2:body>
        <ns2:item>
            <guid>060759d5-f846-4778-9d1d-21b90bd7b3ba</guid>
            <ns2:performanceContractData>
                <ns2:guid>2d2f148e-3236-4368-ac45-0ab80546ad8b</ns2:guid>
                <ns2:registrationNumber>56658017420160000050007</ns2:registrationNumber>
                <ns2:urlOOS>https://zakupki.gov.ru/223/contract/private/completing/info/view.html?id=2658509</ns2:urlOOS>
                <ns2:createDateTime>2016-12-15T11:44:36</ns2:createDateTime>
                <ns2:customer>
                    <mainInfo>
                        <fullName>Муниципальное автономное общеобразовательное учреждение средняя общеобразовательная школа № 184 "Новая школа"</fullName>
                        <shortName>МАОУ СОШ № 184 "Новая школа"</shortName>
                        <iko>56658017420665801001</iko>
                        <inn>6658017420</inn>
                        <kpp>665801001</kpp>
                        <ogrn>1026602334241</ogrn>
                        <legalAddress>620102, Свердловская, Екатеринбург, Ясная, дом 20</legalAddress>
                        <postalAddress>620102 г.Екатеринбург. ул. Ясная, 20</postalAddress>
                        <phone>7-343-2285925</phone>
                        <fax>7-343-2285925-500</fax>
                        <email>info@newschool184.ru</email>
                        <okato>65401000000</okato>
                        <okpo>26294068</okpo>
                    </mainInfo>
                </ns2:customer>
                <ns2:placer>
                    <mainInfo>
                        <fullName>Муниципальное автономное общеобразовательное учреждение средняя общеобразовательная школа № 184 "Новая школа"</fullName>
                        <shortName>МАОУ СОШ № 184 "Новая школа"</shortName>
                        <iko>56658017420665801001</iko>
                        <inn>6658017420</inn>
                        <kpp>665801001</kpp>
                        <ogrn>1026602334241</ogrn>
                        <legalAddress>620102, Свердловская, Екатеринбург, Ясная, дом 20</legalAddress>
                        <postalAddress>620102 г.Екатеринбург. ул. Ясная, 20</postalAddress>
                        <phone>7-343-2285925</phone>
                        <fax>7-343-2285925-500</fax>
                        <email>info@newschool184.ru</email>
                        <okato>65401000000</okato>
                        <okpo>26294068</okpo>
                    </mainInfo>
                </ns2:placer>
                <ns2:publicationDate>2017-03-29T13:06:47</ns2:publicationDate>
                <ns2:status>P</ns2:status>
                <ns2:version>1</ns2:version>
                <ns2:completed>false</ns2:completed>
                <ns2:attachments>
                    <totalDocumentsCount>2</totalDocumentsCount>
                    <document>
                        <guid>a106890d-a325-4298-84ee-00104d2f65fd</guid>
                        <createDateTime>2017-03-29T13:06:18</createDateTime>
                        <fileName>Акт № 14537 от 28.02.pdf</fileName>
                        <description>Акт № 14537 от 28.02</description>
                        <url>https://zakupki.gov.ru/223/contract/private/download/download.html?id=11694658</url>
                        <registrationNumber>56658017420160000050008</registrationNumber>
                    </document>
                    <document>
                        <guid>c51f04ea-a5c9-43db-8226-8c9c3fe95f5e</guid>
                        <createDateTime>2017-03-29T13:06:24</createDateTime>
                        <fileName>пп №183524 от 27.03.pdf</fileName>
                        <description>пп №183524 от 27.03</description>
                        <url>https://zakupki.gov.ru/223/contract/private/download/download.html?id=11694662</url>
                        <registrationNumber>56658017420160000050009</registrationNumber>
                    </document>
                </ns2:attachments>
                <ns2:hasPenalty>false</ns2:hasPenalty>
                <ns2:contractRegNumber>56658017420160000050000</ns2:contractRegNumber>
                <ns2:contractInfo>
                    <ns2:guid>f6180a8b-f571-47b6-9647-3568dee43a19</ns2:guid>
                    <ns2:name>2001</ns2:name>
                    <ns2:agencyName>МАОУ СОШ № 184 "Новая школа"</ns2:agencyName>
                    <ns2:supplierName>ЕКАТЕРИНБУРГСКОЕ МУНИЦИПАЛЬНОЕ УНИТАРНОЕ ПРЕДПРИЯТИЕ ВОДОПРОВОДНО-КАНАЛИЗАЦИОННОГО ХОЗЯЙСТВА</ns2:supplierName>
                    <ns2:lotInfo>Осуществление холодного водоснабжения и водоотведения</ns2:lotInfo>
                    <ns2:contractDate>2016-12-15</ns2:contractDate>
                </ns2:contractInfo>
                <ns2:positions>
                    <ns2:position>
                        <ns2:ordinal>1</ns2:ordinal>
                        <ns2:paymentDate>2017-03-27</ns2:paymentDate>
                        <ns2:price>33642.52</ns2:price>
                        <ns2:currency>
                            <code>RUB</code>
                            <digitalCode>643</digitalCode>
                            <name>Российский рубль</name>
                        </ns2:currency>
                        <ns2:rubPrice>33642.52</ns2:rubPrice>
                        <ns2:prepaid>false</ns2:prepaid>
                        <ns2:docs>
                            <ns2:doc>
                                <ns2:ordinal>1</ns2:ordinal>
                                <ns2:date>2017-02-28</ns2:date>
                                <ns2:code>19</ns2:code>
                                <ns2:name>счет-фактура</ns2:name>
                                <ns2:number>А17613</ns2:number>
                                <ns2:contractPosition>
                                    <ns2:guid>26ecaec7-b6fa-46d2-96d7-c9cc9735c789</ns2:guid>
                                    <ns2:name>Вода питьевая</ns2:name>
                                    <ns2:okpd2>
                                        <code>36.00.11.000</code>
                                        <name>Вода питьевая</name>
                                    </ns2:okpd2>
                                </ns2:contractPosition>
                                <ns2:okei>
                                    <code>876</code>
                                    <name>Условная единица</name>
                                </ns2:okei>
                                <ns2:qty>1</ns2:qty>
                            </ns2:doc>
                        </ns2:docs>
                    </ns2:position>
                    <ns2:total>33642.52</ns2:total>
                </ns2:positions>
            </ns2:performanceContractData>
        </ns2:item>
    </ns2:body>
</ns2:performanceContract>
