<?xml version="1.0" encoding="UTF-8" standalone="yes"?>
<ns2:performanceContract xsi:schemaLocation="http://zakupki.gov.ru/223/integration/schema/TFF-5.2 http://zakupki.gov.ru/223/integration/schema/TFF-5.2/Types.xsd" xmlns="http://zakupki.gov.ru/223fz/types/1" xmlns:ns10="http://zakupki.gov.ru/223fz/complaint/1" xmlns:ns11="http://zakupki.gov.ru/223fz/notificationIssue/1" xmlns:ns12="http://zakupki.gov.ru/223fz/purchasePlanProject/1" xmlns:ns13="http://zakupki.gov.ru/223fz/purchase/1" xmlns:ns14="http://zakupki.gov.ru/223fz/purchasePlanProjectAdditionalPosition/1" xmlns:ns15="http://zakupki.gov.ru/223fz/missedNotice/1" xmlns:ns16="http://zakupki.gov.ru/223fz/reference/1" xmlns:ns17="http://zakupki.gov.ru/223fz/stopCommodity/1" xmlns:ns18="http://zakupki.gov.ru/223fz/decisionSuspension/1" xmlns:ns19="http://zakupki.gov.ru/223fz/webRequest/1" xmlns:ns2="http://zakupki.gov.ru/223fz/contract/1" xmlns:xsi="http://www.w3.org/2001/XMLSchema-instance" xmlns:ns3="http://zakupki.gov.ru/223fz/dishonestSupplier/1" xmlns:ns4="http://zakupki.gov.ru/223fz/purchasePlanAdditionalPosition/1" xmlns:ns5="http://zakupki.gov.ru/223fz/purchasePlan/1" xmlns:ns6="http://zakupki.gov.ru/223fz/machineryListInfo/1" xmlns:ns7="http://zakupki.gov.ru/223fz/revenue/1" xmlns:ns8="http://zakupki.gov.ru/223fz/orderClauseList/1" xmlns:ns9="http://zakupki.gov.ru/223fz/disagreementProtocol/1">
    <header>
        <guid>3f776bd3-3a47-4ea9-ba2c-8c6216310af5</guid>
        <createDateTime>2017-03-29T11:30:01</createDateTime>
    </header>
    <ns2:body>
        <ns2:item>
            <guid>126c022f-ccd6-411e-9867-050ae5c38f19</guid>
            <ns2:performanceContractData>
                <ns2:guid>c4c82f19-0338-4c2e-8fbf-a50770da584a</ns2:guid>
                <ns2:registrationNumber>56662001134170000490003</ns2:registrationNumber>
                <ns2:urlOOS>https://zakupki.gov.ru/223/contract/private/completing/info/view.html?id=2657435</ns2:urlOOS>
                <ns2:createDateTime>2017-02-16T13:21:12</ns2:createDateTime>
                <ns2:customer>
                    <mainInfo>
                        <fullName>ОТКРЫТОЕ АКЦИОНЕРНОЕ ОБЩЕСТВО "СВЕРДЛОВСКИЙ КОМБИНАТ ХЛЕБОПРОДУКТОВ"</fullName>
                        <shortName>ОАО "СКХП"</shortName>
                        <iko>56662001134666201001</iko>
                        <inn>6662001134</inn>
                        <kpp>668501001</kpp>
                        <ogrn>1026605392780</ogrn>
                        <legalAddress>620030, ОБЛ СВЕРДЛОВСКАЯ, Г ЕКАТЕРИНБУРГ, УЛ ХЛЕБНАЯ, дом 15</legalAddress>
                        <postalAddress>620030, Россия, Свердловская область, г.Екатеринбург, ул.Хлебная, д.15.</postalAddress>
                        <phone>7-343-2619212</phone>
                        <fax>7-343-2619212</fax>
                        <email>uralcorm@mail.ru</email>
                        <okato>65401000000</okato>
                        <okpo>1535757</okpo>
                    </mainInfo>
                </ns2:customer>
                <ns2:placer>
                    <mainInfo>
                        <fullName>ОТКРЫТОЕ АКЦИОНЕРНОЕ ОБЩЕСТВО "СВЕРДЛОВСКИЙ КОМБИНАТ ХЛЕБОПРОДУКТОВ"</fullName>
                        <shortName>ОАО "СКХП"</shortName>
                        <iko>56662001134666201001</iko>
                        <inn>6662001134</inn>
                        <kpp>668501001</kpp>
                        <ogrn>1026605392780</ogrn>
                        <legalAddress>620030, ОБЛ СВЕРДЛОВСКАЯ, Г ЕКАТЕРИНБУРГ, УЛ ХЛЕБНАЯ, дом 15</legalAddress>
                        <postalAddress>620030, Россия, Свердловская область, г.Екатеринбург, ул.Хлебная, д.15.</postalAddress>
                        <phone>7-343-2619212</phone>
                        <fax>7-343-2619212</fax>
                        <email>uralcorm@mail.ru</email>
                        <okato>65401000000</okato>
                        <okpo>1535757</okpo>
                    </mainInfo>
                </ns2:placer>
                <ns2:publicationDate>2017-03-29T11:30:01</ns2:publicationDate>
                <ns2:status>P</ns2:status>
                <ns2:version>1</ns2:version>
                <ns2:completed>true</ns2:completed>
                <ns2:attachments>
                    <totalDocumentsCount>5</totalDocumentsCount>
                    <document>
                        <guid>eeec6196-8e5a-406c-89f0-e395cb28e7d2</guid>
                        <createDateTime>2017-03-29T11:29:14</createDateTime>
                        <fileName>ждн 1.pdf</fileName>
                        <description>ждн 1</description>
                        <url>https://zakupki.gov.ru/223/contract/private/download/download.html?id=11688994</url>
                        <registrationNumber>56662001134170000490004</registrationNumber>
                    </document>
                    <document>
                        <guid>816d5417-77ef-4f13-ba72-1afc90f00f03</guid>
                        <createDateTime>2017-03-29T11:29:39</createDateTime>
                        <fileName>1371-28.03.pdf</fileName>
                        <description>1371-28.03</description>
                        <url>https://zakupki.gov.ru/223/contract/private/download/download.html?id=11689045</url>
                        <registrationNumber>56662001134170000490005</registrationNumber>
                    </document>
                    <document>
                        <guid>1062eede-2b7e-4517-8bc7-a0c60073bab1</guid>
                        <createDateTime>2017-03-29T11:29:25</createDateTime>
                        <fileName>прием. акт, ждн.pdf</fileName>
                        <description>прием. акт, ждн</description>
                        <url>https://zakupki.gov.ru/223/contract/private/download/download.html?id=11689029</url>
                        <registrationNumber>56662001134170000490006</registrationNumber>
                    </document>
                    <document>
                        <guid>f46f0251-91d3-4b06-a354-63bbbdd46ef6</guid>
                        <createDateTime>2017-03-29T11:29:28</createDateTime>
                        <fileName>сч.ф. 31-15.02, тн-31-15.02, прием. акт, ттн.pdf</fileName>
                        <description>сч.ф. 31-15.02, тн-31-15.02, прием. акт, ттн</description>
                        <url>https://zakupki.gov.ru/223/contract/private/download/download.html?id=11689035</url>
                        <registrationNumber>56662001134170000490007</registrationNumber>
                    </document>
                    <document>
                        <guid>2afbb89c-5602-4e8b-94ac-c70a6fd47164</guid>
                        <createDateTime>2017-03-29T11:29:19</createDateTime>
                        <fileName>ждн.pdf</fileName>
                        <description>ждн</description>
                        <url>https://zakupki.gov.ru/223/contract/private/download/download.html?id=11689007</url>
                        <registrationNumber>56662001134170000490008</registrationNumber>
                    </document>
                </ns2:attachments>
                <ns2:hasPenalty>false</ns2:hasPenalty>
                <ns2:contractRegNumber>56662001134170000490000</ns2:contractRegNumber>
                <ns2:contractInfo>
                    <ns2:guid>5d3dedc2-9a52-4940-8789-ebaa4e50bfff</ns2:guid>
                    <ns2:name>№ 056</ns2:name>
                    <ns2:agencyName>ОАО "СКХП"</ns2:agencyName>
                    <ns2:supplierName>Общество с ограниченной ответственностью "Агрогарант"</ns2:supplierName>
                    <ns2:lotInfo>Овес кормовой</ns2:lotInfo>
                    <ns2:contractDate>2017-02-15</ns2:contractDate>
                </ns2:contractInfo>
                <ns2:positions>
                    <ns2:position>
                        <ns2:ordinal>1</ns2:ordinal>
                        <ns2:paymentDate>2017-03-28</ns2:paymentDate>
                        <ns2:price>442898</ns2:price>
                        <ns2:currency>
                            <code>RUB</code>
                            <digitalCode>643</digitalCode>
                            <name>Российский рубль</name>
                        </ns2:currency>
                        <ns2:rubPrice>442898</ns2:rubPrice>
                        <ns2:prepaid>false</ns2:prepaid>
                        <ns2:docs>
                            <ns2:doc>
                                <ns2:ordinal>1</ns2:ordinal>
                                <ns2:code>37</ns2:code>
                                <ns2:name>прочие документы о приемке</ns2:name>
                                <ns2:number> сч.ф. тн : 31-15.02, платеж.поуч. прием. акт, ждн.</ns2:number>
                                <ns2:contractPosition>
                                    <ns2:guid>49fef14d-06e7-4bae-81ae-825f7c303887</ns2:guid>
                                    <ns2:name>Овес</ns2:name>
                                    <ns2:okpd2>
                                        <code>01.11.33</code>
                                        <name>Овес</name>
                                    </ns2:okpd2>
                                </ns2:contractPosition>
                                <ns2:okei>
                                    <code>172</code>
                                    <name>Тонна условного топлива</name>
                                </ns2:okei>
                                <ns2:qty>62.38</ns2:qty>
                            </ns2:doc>
                        </ns2:docs>
                    </ns2:position>
                    <ns2:total>442898</ns2:total>
                </ns2:positions>
            </ns2:performanceContractData>
        </ns2:item>
    </ns2:body>
</ns2:performanceContract>
