<?xml version="1.0" encoding="UTF-8" standalone="yes"?>
<ns2:performanceContract xsi:schemaLocation="http://zakupki.gov.ru/223/integration/schema/TFF-5.2 http://zakupki.gov.ru/223/integration/schema/TFF-5.2/Types.xsd" xmlns="http://zakupki.gov.ru/223fz/types/1" xmlns:ns10="http://zakupki.gov.ru/223fz/complaint/1" xmlns:ns11="http://zakupki.gov.ru/223fz/notificationIssue/1" xmlns:ns12="http://zakupki.gov.ru/223fz/purchasePlanProject/1" xmlns:ns13="http://zakupki.gov.ru/223fz/purchase/1" xmlns:ns14="http://zakupki.gov.ru/223fz/purchasePlanProjectAdditionalPosition/1" xmlns:ns15="http://zakupki.gov.ru/223fz/missedNotice/1" xmlns:ns16="http://zakupki.gov.ru/223fz/reference/1" xmlns:ns17="http://zakupki.gov.ru/223fz/stopCommodity/1" xmlns:ns18="http://zakupki.gov.ru/223fz/decisionSuspension/1" xmlns:ns19="http://zakupki.gov.ru/223fz/webRequest/1" xmlns:ns2="http://zakupki.gov.ru/223fz/contract/1" xmlns:xsi="http://www.w3.org/2001/XMLSchema-instance" xmlns:ns3="http://zakupki.gov.ru/223fz/dishonestSupplier/1" xmlns:ns4="http://zakupki.gov.ru/223fz/purchasePlanAdditionalPosition/1" xmlns:ns5="http://zakupki.gov.ru/223fz/purchasePlan/1" xmlns:ns6="http://zakupki.gov.ru/223fz/machineryListInfo/1" xmlns:ns7="http://zakupki.gov.ru/223fz/revenue/1" xmlns:ns8="http://zakupki.gov.ru/223fz/orderClauseList/1" xmlns:ns9="http://zakupki.gov.ru/223fz/disagreementProtocol/1">
    <header>
        <guid>dca11cb4-9471-41ef-a663-522e3b3bc98d</guid>
        <createDateTime>2017-03-29T13:20:34</createDateTime>
    </header>
    <ns2:body>
        <ns2:item>
            <guid>62be56ca-f17d-4e88-87cd-abea10a0a954</guid>
            <ns2:performanceContractData>
                <ns2:guid>213025fa-d2e9-4c38-8dc1-e6fcb81bf455</ns2:guid>
                <ns2:registrationNumber>56623029538150002960003</ns2:registrationNumber>
                <ns2:urlOOS>https://zakupki.gov.ru/223/contract/private/completing/info/view.html?id=2657785</ns2:urlOOS>
                <ns2:createDateTime>2015-02-19T15:06:02</ns2:createDateTime>
                <ns2:customer>
                    <mainInfo>
                        <fullName>Открытое акционерное общество "Научно-производственная корпорация "Уралвагонзавод" имени Ф.Э. Дзержинского"</fullName>
                        <shortName>ОАО "Научно-производственная корпорация "Уралвагонзавод"</shortName>
                        <iko>56623029538997850001</iko>
                        <inn>6623029538</inn>
                        <kpp>997850001</kpp>
                        <ogrn>1086623002190</ogrn>
                        <legalAddress>622007, Свердловская, Нижний Тагил, Восточное, дом 28</legalAddress>
                        <postalAddress>622007, Свердловская, Нижний Тагил, Восточное, дом 28</postalAddress>
                        <phone>7-3435-345436</phone>
                        <fax>7-3435-380048</fax>
                        <email>web@uvz.ru</email>
                        <okato>65476370000</okato>
                        <okpo>07518941</okpo>
                    </mainInfo>
                </ns2:customer>
                <ns2:placer>
                    <mainInfo>
                        <fullName>Открытое акционерное общество "Научно-производственная корпорация "Уралвагонзавод" имени Ф.Э. Дзержинского"</fullName>
                        <shortName>ОАО "Научно-производственная корпорация "Уралвагонзавод"</shortName>
                        <iko>56623029538997850001</iko>
                        <inn>6623029538</inn>
                        <kpp>997850001</kpp>
                        <ogrn>1086623002190</ogrn>
                        <legalAddress>622007, Свердловская, Нижний Тагил, Восточное, дом 28</legalAddress>
                        <postalAddress>622007, Свердловская, Нижний Тагил, Восточное, дом 28</postalAddress>
                        <phone>7-3435-345436</phone>
                        <fax>7-3435-380048</fax>
                        <email>web@uvz.ru</email>
                        <okato>65476370000</okato>
                        <okpo>07518941</okpo>
                    </mainInfo>
                </ns2:placer>
                <ns2:publicationDate>2017-03-29T13:20:34</ns2:publicationDate>
                <ns2:status>P</ns2:status>
                <ns2:version>1</ns2:version>
                <ns2:completed>true</ns2:completed>
                <ns2:attachments>
                    <totalDocumentsCount>14</totalDocumentsCount>
                    <document>
                        <guid>bad2826e-1f1f-4bdc-a65b-d9f44b0a824e</guid>
                        <createDateTime>2017-03-29T13:11:42</createDateTime>
                        <fileName>51970.pdf</fileName>
                        <description>51970</description>
                        <url>https://zakupki.gov.ru/223/contract/private/download/download.html?id=11694976</url>
                        <registrationNumber>56623029538150002960004</registrationNumber>
                    </document>
                    <document>
                        <guid>1aea3d4f-3487-433d-9712-8ac835621beb</guid>
                        <createDateTime>2017-03-29T13:13:16</createDateTime>
                        <fileName>68950.pdf</fileName>
                        <description>68950</description>
                        <url>https://zakupki.gov.ru/223/contract/private/download/download.html?id=11695078</url>
                        <registrationNumber>56623029538150002960005</registrationNumber>
                    </document>
                    <document>
                        <guid>de77ce34-f75e-4742-8b00-bfdfee1ca5a9</guid>
                        <createDateTime>2017-03-29T13:12:21</createDateTime>
                        <fileName>59895.pdf</fileName>
                        <description>59895</description>
                        <url>https://zakupki.gov.ru/223/contract/private/download/download.html?id=11695020</url>
                        <registrationNumber>56623029538150002960006</registrationNumber>
                    </document>
                    <document>
                        <guid>88664765-8bf5-41f4-aee9-b17152c2dc38</guid>
                        <createDateTime>2017-03-29T13:12:51</createDateTime>
                        <fileName>66672.pdf</fileName>
                        <description>66672</description>
                        <url>https://zakupki.gov.ru/223/contract/private/download/download.html?id=11695054</url>
                        <registrationNumber>56623029538150002960007</registrationNumber>
                    </document>
                    <document>
                        <guid>c066fe67-d888-4457-8646-d746e0c93c8b</guid>
                        <createDateTime>2017-03-29T13:11:56</createDateTime>
                        <fileName>54257.pdf</fileName>
                        <description>54257</description>
                        <url>https://zakupki.gov.ru/223/contract/private/download/download.html?id=11694992</url>
                        <registrationNumber>56623029538150002960008</registrationNumber>
                    </document>
                    <document>
                        <guid>a57c5528-1ec1-4df9-acbf-beda680f80c0</guid>
                        <createDateTime>2017-03-29T13:12:37</createDateTime>
                        <fileName>61739.pdf</fileName>
                        <description>61739</description>
                        <url>https://zakupki.gov.ru/223/contract/private/download/download.html?id=11695028</url>
                        <registrationNumber>56623029538150002960009</registrationNumber>
                    </document>
                    <document>
                        <guid>9def22bd-826a-4da5-9a92-e820e68a7891</guid>
                        <createDateTime>2017-03-29T13:12:56</createDateTime>
                        <fileName>66674.pdf</fileName>
                        <description>66674</description>
                        <url>https://zakupki.gov.ru/223/contract/private/download/download.html?id=11695061</url>
                        <registrationNumber>56623029538150002960010</registrationNumber>
                    </document>
                    <document>
                        <guid>6a9ef5e1-03d9-4520-82cd-ff2c4cd8b7e1</guid>
                        <createDateTime>2017-03-29T13:11:31</createDateTime>
                        <fileName>50722.pdf</fileName>
                        <description>50722</description>
                        <url>https://zakupki.gov.ru/223/contract/private/download/download.html?id=11694967</url>
                        <registrationNumber>56623029538150002960011</registrationNumber>
                    </document>
                    <document>
                        <guid>58202cf7-8e39-4730-9014-89ee03e4e9ea</guid>
                        <createDateTime>2017-03-29T13:12:06</createDateTime>
                        <fileName>56716.pdf</fileName>
                        <description>56716</description>
                        <url>https://zakupki.gov.ru/223/contract/private/download/download.html?id=11694999</url>
                        <registrationNumber>56623029538150002960012</registrationNumber>
                    </document>
                    <document>
                        <guid>2657928f-95b1-43f3-bc28-a023144b6f68</guid>
                        <createDateTime>2017-03-29T13:12:13</createDateTime>
                        <fileName>57372.pdf</fileName>
                        <description>57372</description>
                        <url>https://zakupki.gov.ru/223/contract/private/download/download.html?id=11695002</url>
                        <registrationNumber>56623029538150002960013</registrationNumber>
                    </document>
                    <document>
                        <guid>26b0be27-1294-4aa5-979f-350032bd6ab7</guid>
                        <createDateTime>2017-03-29T13:11:36</createDateTime>
                        <fileName>51969.pdf</fileName>
                        <description>51969</description>
                        <url>https://zakupki.gov.ru/223/contract/private/download/download.html?id=11694971</url>
                        <registrationNumber>56623029538150002960014</registrationNumber>
                    </document>
                    <document>
                        <guid>8e77bab9-4679-4ad7-a9af-3eaf98371069</guid>
                        <createDateTime>2017-03-29T13:13:42</createDateTime>
                        <fileName>счет-фактуры к договору 1-17-14 263к 85.pdf</fileName>
                        <description>счет-фактуры к договору 1-17-14 263к 85</description>
                        <url>https://zakupki.gov.ru/223/contract/private/download/download.html?id=11695101</url>
                        <registrationNumber>56623029538150002960015</registrationNumber>
                    </document>
                    <document>
                        <guid>11ea6a80-bebe-4ed3-8177-a9b4b0b2b1aa</guid>
                        <createDateTime>2017-03-29T13:13:05</createDateTime>
                        <fileName>68948.pdf</fileName>
                        <description>68948</description>
                        <url>https://zakupki.gov.ru/223/contract/private/download/download.html?id=11695070</url>
                        <registrationNumber>56623029538150002960016</registrationNumber>
                    </document>
                    <document>
                        <guid>7e5a4773-590d-4246-86d0-28fefef7ea86</guid>
                        <createDateTime>2017-03-29T13:12:44</createDateTime>
                        <fileName>66668.pdf</fileName>
                        <description>66668</description>
                        <url>https://zakupki.gov.ru/223/contract/private/download/download.html?id=11695039</url>
                        <registrationNumber>56623029538150002960017</registrationNumber>
                    </document>
                </ns2:attachments>
                <ns2:hasPenalty>false</ns2:hasPenalty>
                <ns2:contractRegNumber>56623029538150002960000</ns2:contractRegNumber>
                <ns2:contractInfo>
                    <ns2:guid>0c27854e-14db-4966-ae01-adb3d06f98cd</ns2:guid>
                    <ns2:name>1-17-14/263к/85</ns2:name>
                    <ns2:agencyName>ОАО "Научно-производственная корпорация "Уралвагонзавод"</ns2:agencyName>
                    <ns2:supplierName>ОБЩЕСТВО С ОГРАНИЧЕННОЙ ОТВЕТСТВЕННОСТЬЮ ЧАСТНАЯ ОХРАННАЯ ОРГАНИЗАЦИЯ "ВЫМПЕЛ-А"</ns2:supplierName>
                    <ns2:lotInfo>Услуги по техническому обслуживанию и ремонту инженерно-технических средств охраны</ns2:lotInfo>
                    <ns2:contractDate>2015-02-19</ns2:contractDate>
                </ns2:contractInfo>
                <ns2:positions>
                    <ns2:position>
                        <ns2:ordinal>13</ns2:ordinal>
                        <ns2:paymentDate>2016-02-15</ns2:paymentDate>
                        <ns2:price>1608094.56</ns2:price>
                        <ns2:currency>
                            <code>RUB</code>
                            <digitalCode>643</digitalCode>
                            <name>Российский рубль</name>
                        </ns2:currency>
                        <ns2:rubPrice>1608094.56</ns2:rubPrice>
                        <ns2:prepaid>false</ns2:prepaid>
                        <ns2:docs>
                            <ns2:doc>
                                <ns2:ordinal>1</ns2:ordinal>
                                <ns2:date>2015-12-30</ns2:date>
                                <ns2:code>19</ns2:code>
                                <ns2:name>счет-фактура</ns2:name>
                                <ns2:number>778</ns2:number>
                                <ns2:contractPosition>
                                    <ns2:guid>3cabb748-20e3-014e-e053-ac11070d70ec</ns2:guid>
                                    <ns2:name>лот №1 оказание услуг по техническому обслуживанию и ремонту средств охраны</ns2:name>
                                    <ns2:okdp>
                                        <code>7522020</code>
                                        <name>Услуги в области гражданской обороны</name>
                                    </ns2:okdp>
                                </ns2:contractPosition>
                                <ns2:okei>
                                    <code>796</code>
                                    <name>Штука</name>
                                </ns2:okei>
                                <ns2:qty>1</ns2:qty>
                            </ns2:doc>
                        </ns2:docs>
                    </ns2:position>
                    <ns2:position>
                        <ns2:ordinal>2</ns2:ordinal>
                        <ns2:paymentDate>2015-04-14</ns2:paymentDate>
                        <ns2:price>63311.72</ns2:price>
                        <ns2:currency>
                            <code>RUB</code>
                            <digitalCode>643</digitalCode>
                            <name>Российский рубль</name>
                        </ns2:currency>
                        <ns2:rubPrice>63311.72</ns2:rubPrice>
                        <ns2:prepaid>false</ns2:prepaid>
                        <ns2:docs>
                            <ns2:doc>
                                <ns2:ordinal>1</ns2:ordinal>
                                <ns2:date>2015-03-16</ns2:date>
                                <ns2:code>19</ns2:code>
                                <ns2:name>счет-фактура</ns2:name>
                                <ns2:number>93</ns2:number>
                                <ns2:contractPosition>
                                    <ns2:guid>3cabb748-20e3-014e-e053-ac11070d70ec</ns2:guid>
                                    <ns2:name>лот №1 оказание услуг по техническому обслуживанию и ремонту средств охраны</ns2:name>
                                    <ns2:okdp>
                                        <code>7522020</code>
                                        <name>Услуги в области гражданской обороны</name>
                                    </ns2:okdp>
                                </ns2:contractPosition>
                                <ns2:okei>
                                    <code>796</code>
                                    <name>Штука</name>
                                </ns2:okei>
                                <ns2:qty>1</ns2:qty>
                            </ns2:doc>
                        </ns2:docs>
                    </ns2:position>
                    <ns2:position>
                        <ns2:ordinal>7</ns2:ordinal>
                        <ns2:paymentDate>2015-08-10</ns2:paymentDate>
                        <ns2:price>1593164.3</ns2:price>
                        <ns2:currency>
                            <code>RUB</code>
                            <digitalCode>643</digitalCode>
                            <name>Российский рубль</name>
                        </ns2:currency>
                        <ns2:rubPrice>1593164.3</ns2:rubPrice>
                        <ns2:prepaid>false</ns2:prepaid>
                        <ns2:docs>
                            <ns2:doc>
                                <ns2:ordinal>1</ns2:ordinal>
                                <ns2:date>2015-07-30</ns2:date>
                                <ns2:code>19</ns2:code>
                                <ns2:name>счет-фактура</ns2:name>
                                <ns2:number>331</ns2:number>
                                <ns2:contractPosition>
                                    <ns2:guid>3cabb748-20e3-014e-e053-ac11070d70ec</ns2:guid>
                                    <ns2:name>лот №1 оказание услуг по техническому обслуживанию и ремонту средств охраны</ns2:name>
                                    <ns2:okdp>
                                        <code>7522020</code>
                                        <name>Услуги в области гражданской обороны</name>
                                    </ns2:okdp>
                                </ns2:contractPosition>
                                <ns2:okei>
                                    <code>796</code>
                                    <name>Штука</name>
                                </ns2:okei>
                                <ns2:qty>1</ns2:qty>
                            </ns2:doc>
                            <ns2:doc>
                                <ns2:ordinal>2</ns2:ordinal>
                                <ns2:date>2015-07-31</ns2:date>
                                <ns2:code>19</ns2:code>
                                <ns2:name>счет-фактура</ns2:name>
                                <ns2:number>359</ns2:number>
                                <ns2:contractPosition>
                                    <ns2:guid>3cabb748-20e3-014e-e053-ac11070d70ec</ns2:guid>
                                    <ns2:name>лот №1 оказание услуг по техническому обслуживанию и ремонту средств охраны</ns2:name>
                                    <ns2:okdp>
                                        <code>7522020</code>
                                        <name>Услуги в области гражданской обороны</name>
                                    </ns2:okdp>
                                </ns2:contractPosition>
                                <ns2:okei>
                                    <code>796</code>
                                    <name>Штука</name>
                                </ns2:okei>
                                <ns2:qty>1</ns2:qty>
                            </ns2:doc>
                            <ns2:doc>
                                <ns2:ordinal>3</ns2:ordinal>
                                <ns2:date>2015-07-27</ns2:date>
                                <ns2:code>19</ns2:code>
                                <ns2:name>счет-фактура</ns2:name>
                                <ns2:number>330</ns2:number>
                                <ns2:contractPosition>
                                    <ns2:guid>3cabb748-20e3-014e-e053-ac11070d70ec</ns2:guid>
                                    <ns2:name>лот №1 оказание услуг по техническому обслуживанию и ремонту средств охраны</ns2:name>
                                    <ns2:okdp>
                                        <code>7522020</code>
                                        <name>Услуги в области гражданской обороны</name>
                                    </ns2:okdp>
                                </ns2:contractPosition>
                                <ns2:okei>
                                    <code>796</code>
                                    <name>Штука</name>
                                </ns2:okei>
                                <ns2:qty>1</ns2:qty>
                            </ns2:doc>
                            <ns2:doc>
                                <ns2:ordinal>4</ns2:ordinal>
                                <ns2:date>2015-07-31</ns2:date>
                                <ns2:code>19</ns2:code>
                                <ns2:name>счет-фактура</ns2:name>
                                <ns2:number>333</ns2:number>
                                <ns2:contractPosition>
                                    <ns2:guid>3cabb748-20e3-014e-e053-ac11070d70ec</ns2:guid>
                                    <ns2:name>лот №1 оказание услуг по техническому обслуживанию и ремонту средств охраны</ns2:name>
                                    <ns2:okdp>
                                        <code>7522020</code>
                                        <name>Услуги в области гражданской обороны</name>
                                    </ns2:okdp>
                                </ns2:contractPosition>
                                <ns2:okei>
                                    <code>796</code>
                                    <name>Штука</name>
                                </ns2:okei>
                                <ns2:qty>1</ns2:qty>
                            </ns2:doc>
                            <ns2:doc>
                                <ns2:ordinal>5</ns2:ordinal>
                                <ns2:date>2015-06-29</ns2:date>
                                <ns2:code>19</ns2:code>
                                <ns2:name>счет-фактура</ns2:name>
                                <ns2:number>322</ns2:number>
                                <ns2:contractPosition>
                                    <ns2:guid>3cabb748-20e3-014e-e053-ac11070d70ec</ns2:guid>
                                    <ns2:name>лот №1 оказание услуг по техническому обслуживанию и ремонту средств охраны</ns2:name>
                                    <ns2:okdp>
                                        <code>7522020</code>
                                        <name>Услуги в области гражданской обороны</name>
                                    </ns2:okdp>
                                </ns2:contractPosition>
                                <ns2:okei>
                                    <code>796</code>
                                    <name>Штука</name>
                                </ns2:okei>
                                <ns2:qty>1</ns2:qty>
                            </ns2:doc>
                        </ns2:docs>
                    </ns2:position>
                    <ns2:position>
                        <ns2:ordinal>8</ns2:ordinal>
                        <ns2:paymentDate>2015-09-22</ns2:paymentDate>
                        <ns2:price>370135.6</ns2:price>
                        <ns2:currency>
                            <code>RUB</code>
                            <digitalCode>643</digitalCode>
                            <name>Российский рубль</name>
                        </ns2:currency>
                        <ns2:rubPrice>370135.6</ns2:rubPrice>
                        <ns2:prepaid>false</ns2:prepaid>
                        <ns2:docs>
                            <ns2:doc>
                                <ns2:ordinal>1</ns2:ordinal>
                                <ns2:date>2015-08-31</ns2:date>
                                <ns2:code>19</ns2:code>
                                <ns2:name>счет-фактура</ns2:name>
                                <ns2:number>419</ns2:number>
                                <ns2:contractPosition>
                                    <ns2:guid>3cabb748-20e3-014e-e053-ac11070d70ec</ns2:guid>
                                    <ns2:name>лот №1 оказание услуг по техническому обслуживанию и ремонту средств охраны</ns2:name>
                                    <ns2:okdp>
                                        <code>7522020</code>
                                        <name>Услуги в области гражданской обороны</name>
                                    </ns2:okdp>
                                </ns2:contractPosition>
                                <ns2:okei>
                                    <code>796</code>
                                    <name>Штука</name>
                                </ns2:okei>
                                <ns2:qty>1</ns2:qty>
                            </ns2:doc>
                            <ns2:doc>
                                <ns2:ordinal>2</ns2:ordinal>
                                <ns2:date>2015-08-31</ns2:date>
                                <ns2:code>19</ns2:code>
                                <ns2:name>счет-фактура</ns2:name>
                                <ns2:number>426</ns2:number>
                                <ns2:contractPosition>
                                    <ns2:guid>3cabb748-20e3-014e-e053-ac11070d70ec</ns2:guid>
                                    <ns2:name>лот №1 оказание услуг по техническому обслуживанию и ремонту средств охраны</ns2:name>
                                    <ns2:okdp>
                                        <code>7522020</code>
                                        <name>Услуги в области гражданской обороны</name>
                                    </ns2:okdp>
                                </ns2:contractPosition>
                                <ns2:okei>
                                    <code>796</code>
                                    <name>Штука</name>
                                </ns2:okei>
                                <ns2:qty>1</ns2:qty>
                            </ns2:doc>
                        </ns2:docs>
                    </ns2:position>
                    <ns2:position>
                        <ns2:ordinal>1</ns2:ordinal>
                        <ns2:paymentDate>2015-03-18</ns2:paymentDate>
                        <ns2:price>650468.42</ns2:price>
                        <ns2:currency>
                            <code>RUB</code>
                            <digitalCode>643</digitalCode>
                            <name>Российский рубль</name>
                        </ns2:currency>
                        <ns2:rubPrice>650468.42</ns2:rubPrice>
                        <ns2:prepaid>false</ns2:prepaid>
                        <ns2:docs>
                            <ns2:doc>
                                <ns2:ordinal>1</ns2:ordinal>
                                <ns2:date>2015-01-31</ns2:date>
                                <ns2:code>19</ns2:code>
                                <ns2:name>счет-фактура</ns2:name>
                                <ns2:number>52</ns2:number>
                                <ns2:contractPosition>
                                    <ns2:guid>3cabb748-20e3-014e-e053-ac11070d70ec</ns2:guid>
                                    <ns2:name>лот №1 оказание услуг по техническому обслуживанию и ремонту средств охраны</ns2:name>
                                    <ns2:okdp>
                                        <code>7522020</code>
                                        <name>Услуги в области гражданской обороны</name>
                                    </ns2:okdp>
                                </ns2:contractPosition>
                                <ns2:okei>
                                    <code>796</code>
                                    <name>Штука</name>
                                </ns2:okei>
                                <ns2:qty>1</ns2:qty>
                            </ns2:doc>
                            <ns2:doc>
                                <ns2:ordinal>2</ns2:ordinal>
                                <ns2:date>2015-02-28</ns2:date>
                                <ns2:code>19</ns2:code>
                                <ns2:name>счет-фактура</ns2:name>
                                <ns2:number>74</ns2:number>
                                <ns2:contractPosition>
                                    <ns2:guid>3cabb748-20e3-014e-e053-ac11070d70ec</ns2:guid>
                                    <ns2:name>лот №1 оказание услуг по техническому обслуживанию и ремонту средств охраны</ns2:name>
                                    <ns2:okdp>
                                        <code>7522020</code>
                                        <name>Услуги в области гражданской обороны</name>
                                    </ns2:okdp>
                                </ns2:contractPosition>
                                <ns2:okei>
                                    <code>796</code>
                                    <name>Штука</name>
                                </ns2:okei>
                                <ns2:qty>1</ns2:qty>
                            </ns2:doc>
                        </ns2:docs>
                    </ns2:position>
                    <ns2:position>
                        <ns2:ordinal>5</ns2:ordinal>
                        <ns2:paymentDate>2015-06-26</ns2:paymentDate>
                        <ns2:price>763521.64</ns2:price>
                        <ns2:currency>
                            <code>RUB</code>
                            <digitalCode>643</digitalCode>
                            <name>Российский рубль</name>
                        </ns2:currency>
                        <ns2:rubPrice>763521.64</ns2:rubPrice>
                        <ns2:prepaid>false</ns2:prepaid>
                        <ns2:docs>
                            <ns2:doc>
                                <ns2:ordinal>1</ns2:ordinal>
                                <ns2:date>2015-05-15</ns2:date>
                                <ns2:code>19</ns2:code>
                                <ns2:name>счет-фактура</ns2:name>
                                <ns2:number>207</ns2:number>
                                <ns2:contractPosition>
                                    <ns2:guid>3cabb748-20e3-014e-e053-ac11070d70ec</ns2:guid>
                                    <ns2:name>лот №1 оказание услуг по техническому обслуживанию и ремонту средств охраны</ns2:name>
                                    <ns2:okdp>
                                        <code>7522020</code>
                                        <name>Услуги в области гражданской обороны</name>
                                    </ns2:okdp>
                                </ns2:contractPosition>
                                <ns2:okei>
                                    <code>796</code>
                                    <name>Штука</name>
                                </ns2:okei>
                                <ns2:qty>1</ns2:qty>
                            </ns2:doc>
                            <ns2:doc>
                                <ns2:ordinal>2</ns2:ordinal>
                                <ns2:date>2015-05-31</ns2:date>
                                <ns2:code>19</ns2:code>
                                <ns2:name>счет-фактура</ns2:name>
                                <ns2:number>221</ns2:number>
                                <ns2:contractPosition>
                                    <ns2:guid>3cabb748-20e3-014e-e053-ac11070d70ec</ns2:guid>
                                    <ns2:name>лот №1 оказание услуг по техническому обслуживанию и ремонту средств охраны</ns2:name>
                                    <ns2:okdp>
                                        <code>7522020</code>
                                        <name>Услуги в области гражданской обороны</name>
                                    </ns2:okdp>
                                </ns2:contractPosition>
                                <ns2:okei>
                                    <code>796</code>
                                    <name>Штука</name>
                                </ns2:okei>
                                <ns2:qty>1</ns2:qty>
                            </ns2:doc>
                            <ns2:doc>
                                <ns2:ordinal>3</ns2:ordinal>
                                <ns2:date>2015-05-20</ns2:date>
                                <ns2:code>19</ns2:code>
                                <ns2:name>счет-фактура</ns2:name>
                                <ns2:number>211</ns2:number>
                                <ns2:contractPosition>
                                    <ns2:guid>3cabb748-20e3-014e-e053-ac11070d70ec</ns2:guid>
                                    <ns2:name>лот №1 оказание услуг по техническому обслуживанию и ремонту средств охраны</ns2:name>
                                    <ns2:okdp>
                                        <code>7522020</code>
                                        <name>Услуги в области гражданской обороны</name>
                                    </ns2:okdp>
                                </ns2:contractPosition>
                                <ns2:okei>
                                    <code>796</code>
                                    <name>Штука</name>
                                </ns2:okei>
                                <ns2:qty>1</ns2:qty>
                            </ns2:doc>
                            <ns2:doc>
                                <ns2:ordinal>4</ns2:ordinal>
                                <ns2:date>2015-05-29</ns2:date>
                                <ns2:code>19</ns2:code>
                                <ns2:name>счет-фактура</ns2:name>
                                <ns2:number>260</ns2:number>
                                <ns2:contractPosition>
                                    <ns2:guid>3cabb748-20e3-014e-e053-ac11070d70ec</ns2:guid>
                                    <ns2:name>лот №1 оказание услуг по техническому обслуживанию и ремонту средств охраны</ns2:name>
                                    <ns2:okdp>
                                        <code>7522020</code>
                                        <name>Услуги в области гражданской обороны</name>
                                    </ns2:okdp>
                                </ns2:contractPosition>
                                <ns2:okei>
                                    <code>796</code>
                                    <name>Штука</name>
                                </ns2:okei>
                                <ns2:qty>1</ns2:qty>
                            </ns2:doc>
                        </ns2:docs>
                    </ns2:position>
                    <ns2:position>
                        <ns2:ordinal>6</ns2:ordinal>
                        <ns2:paymentDate>2015-07-13</ns2:paymentDate>
                        <ns2:price>365453.36</ns2:price>
                        <ns2:currency>
                            <code>RUB</code>
                            <digitalCode>643</digitalCode>
                            <name>Российский рубль</name>
                        </ns2:currency>
                        <ns2:rubPrice>365453.36</ns2:rubPrice>
                        <ns2:prepaid>false</ns2:prepaid>
                        <ns2:docs>
                            <ns2:doc>
                                <ns2:ordinal>1</ns2:ordinal>
                                <ns2:date>2015-06-30</ns2:date>
                                <ns2:code>19</ns2:code>
                                <ns2:name>счет-фактура</ns2:name>
                                <ns2:number>283</ns2:number>
                                <ns2:contractPosition>
                                    <ns2:guid>3cabb748-20e3-014e-e053-ac11070d70ec</ns2:guid>
                                    <ns2:name>лот №1 оказание услуг по техническому обслуживанию и ремонту средств охраны</ns2:name>
                                    <ns2:okdp>
                                        <code>7522020</code>
                                        <name>Услуги в области гражданской обороны</name>
                                    </ns2:okdp>
                                </ns2:contractPosition>
                                <ns2:okei>
                                    <code>796</code>
                                    <name>Штука</name>
                                </ns2:okei>
                                <ns2:qty>1</ns2:qty>
                            </ns2:doc>
                        </ns2:docs>
                    </ns2:position>
                    <ns2:position>
                        <ns2:ordinal>3</ns2:ordinal>
                        <ns2:paymentDate>2015-04-14</ns2:paymentDate>
                        <ns2:price>371313.24</ns2:price>
                        <ns2:currency>
                            <code>RUB</code>
                            <digitalCode>643</digitalCode>
                            <name>Российский рубль</name>
                        </ns2:currency>
                        <ns2:rubPrice>371313.24</ns2:rubPrice>
                        <ns2:prepaid>false</ns2:prepaid>
                        <ns2:docs>
                            <ns2:doc>
                                <ns2:ordinal>1</ns2:ordinal>
                                <ns2:date>2015-03-20</ns2:date>
                                <ns2:code>19</ns2:code>
                                <ns2:name>счет-фактура</ns2:name>
                                <ns2:number>110</ns2:number>
                                <ns2:contractPosition>
                                    <ns2:guid>3cabb748-20e3-014e-e053-ac11070d70ec</ns2:guid>
                                    <ns2:name>лот №1 оказание услуг по техническому обслуживанию и ремонту средств охраны</ns2:name>
                                    <ns2:okdp>
                                        <code>7522020</code>
                                        <name>Услуги в области гражданской обороны</name>
                                    </ns2:okdp>
                                </ns2:contractPosition>
                                <ns2:okei>
                                    <code>796</code>
                                    <name>Штука</name>
                                </ns2:okei>
                                <ns2:qty>1</ns2:qty>
                            </ns2:doc>
                            <ns2:doc>
                                <ns2:ordinal>2</ns2:ordinal>
                                <ns2:date>2015-03-31</ns2:date>
                                <ns2:code>19</ns2:code>
                                <ns2:name>счет-фактура</ns2:name>
                                <ns2:number>115</ns2:number>
                                <ns2:contractPosition>
                                    <ns2:guid>3cabb748-20e3-014e-e053-ac11070d70ec</ns2:guid>
                                    <ns2:name>лот №1 оказание услуг по техническому обслуживанию и ремонту средств охраны</ns2:name>
                                    <ns2:okdp>
                                        <code>7522020</code>
                                        <name>Услуги в области гражданской обороны</name>
                                    </ns2:okdp>
                                </ns2:contractPosition>
                                <ns2:okei>
                                    <code>796</code>
                                    <name>Штука</name>
                                </ns2:okei>
                                <ns2:qty>1</ns2:qty>
                            </ns2:doc>
                        </ns2:docs>
                    </ns2:position>
                    <ns2:position>
                        <ns2:ordinal>4</ns2:ordinal>
                        <ns2:paymentDate>2015-05-12</ns2:paymentDate>
                        <ns2:price>916666.9</ns2:price>
                        <ns2:currency>
                            <code>RUB</code>
                            <digitalCode>643</digitalCode>
                            <name>Российский рубль</name>
                        </ns2:currency>
                        <ns2:rubPrice>916666.9</ns2:rubPrice>
                        <ns2:prepaid>false</ns2:prepaid>
                        <ns2:docs>
                            <ns2:doc>
                                <ns2:ordinal>1</ns2:ordinal>
                                <ns2:date>2015-04-30</ns2:date>
                                <ns2:code>19</ns2:code>
                                <ns2:name>счет-фактура</ns2:name>
                                <ns2:number>168</ns2:number>
                                <ns2:contractPosition>
                                    <ns2:guid>3cabb748-20e3-014e-e053-ac11070d70ec</ns2:guid>
                                    <ns2:name>лот №1 оказание услуг по техническому обслуживанию и ремонту средств охраны</ns2:name>
                                    <ns2:okdp>
                                        <code>7522020</code>
                                        <name>Услуги в области гражданской обороны</name>
                                    </ns2:okdp>
                                </ns2:contractPosition>
                                <ns2:okei>
                                    <code>796</code>
                                    <name>Штука</name>
                                </ns2:okei>
                                <ns2:qty>1</ns2:qty>
                            </ns2:doc>
                            <ns2:doc>
                                <ns2:ordinal>2</ns2:ordinal>
                                <ns2:date>2015-04-24</ns2:date>
                                <ns2:code>19</ns2:code>
                                <ns2:name>счет-фактура</ns2:name>
                                <ns2:number>164</ns2:number>
                                <ns2:contractPosition>
                                    <ns2:guid>3cabb748-20e3-014e-e053-ac11070d70ec</ns2:guid>
                                    <ns2:name>лот №1 оказание услуг по техническому обслуживанию и ремонту средств охраны</ns2:name>
                                    <ns2:okdp>
                                        <code>7522020</code>
                                        <name>Услуги в области гражданской обороны</name>
                                    </ns2:okdp>
                                </ns2:contractPosition>
                                <ns2:okei>
                                    <code>796</code>
                                    <name>Штука</name>
                                </ns2:okei>
                                <ns2:qty>1</ns2:qty>
                            </ns2:doc>
                            <ns2:doc>
                                <ns2:ordinal>3</ns2:ordinal>
                                <ns2:date>2015-04-30</ns2:date>
                                <ns2:code>19</ns2:code>
                                <ns2:name>счет-фактура</ns2:name>
                                <ns2:number>166</ns2:number>
                                <ns2:contractPosition>
                                    <ns2:guid>3cabb748-20e3-014e-e053-ac11070d70ec</ns2:guid>
                                    <ns2:name>лот №1 оказание услуг по техническому обслуживанию и ремонту средств охраны</ns2:name>
                                    <ns2:okdp>
                                        <code>7522020</code>
                                        <name>Услуги в области гражданской обороны</name>
                                    </ns2:okdp>
                                </ns2:contractPosition>
                                <ns2:okei>
                                    <code>796</code>
                                    <name>Штука</name>
                                </ns2:okei>
                                <ns2:qty>1</ns2:qty>
                            </ns2:doc>
                            <ns2:doc>
                                <ns2:ordinal>4</ns2:ordinal>
                                <ns2:date>2015-04-24</ns2:date>
                                <ns2:code>19</ns2:code>
                                <ns2:name>счет-фактура</ns2:name>
                                <ns2:number>187</ns2:number>
                                <ns2:contractPosition>
                                    <ns2:guid>3cabb748-20e3-014e-e053-ac11070d70ec</ns2:guid>
                                    <ns2:name>лот №1 оказание услуг по техническому обслуживанию и ремонту средств охраны</ns2:name>
                                    <ns2:okdp>
                                        <code>7522020</code>
                                        <name>Услуги в области гражданской обороны</name>
                                    </ns2:okdp>
                                </ns2:contractPosition>
                                <ns2:okei>
                                    <code>796</code>
                                    <name>Штука</name>
                                </ns2:okei>
                                <ns2:qty>1</ns2:qty>
                            </ns2:doc>
                        </ns2:docs>
                    </ns2:position>
                    <ns2:position>
                        <ns2:ordinal>10</ns2:ordinal>
                        <ns2:paymentDate>2016-01-13</ns2:paymentDate>
                        <ns2:price>389030.94</ns2:price>
                        <ns2:currency>
                            <code>RUB</code>
                            <digitalCode>643</digitalCode>
                            <name>Российский рубль</name>
                        </ns2:currency>
                        <ns2:rubPrice>389030.94</ns2:rubPrice>
                        <ns2:prepaid>false</ns2:prepaid>
                        <ns2:docs>
                            <ns2:doc>
                                <ns2:ordinal>1</ns2:ordinal>
                                <ns2:date>2015-12-31</ns2:date>
                                <ns2:code>19</ns2:code>
                                <ns2:name>счет-фактура</ns2:name>
                                <ns2:number>694</ns2:number>
                                <ns2:contractPosition>
                                    <ns2:guid>3cabb748-20e3-014e-e053-ac11070d70ec</ns2:guid>
                                    <ns2:name>лот №1 оказание услуг по техническому обслуживанию и ремонту средств охраны</ns2:name>
                                    <ns2:okdp>
                                        <code>7522020</code>
                                        <name>Услуги в области гражданской обороны</name>
                                    </ns2:okdp>
                                </ns2:contractPosition>
                                <ns2:okei>
                                    <code>796</code>
                                    <name>Штука</name>
                                </ns2:okei>
                                <ns2:qty>1</ns2:qty>
                            </ns2:doc>
                        </ns2:docs>
                    </ns2:position>
                    <ns2:position>
                        <ns2:ordinal>9</ns2:ordinal>
                        <ns2:paymentDate>2016-01-13</ns2:paymentDate>
                        <ns2:price>458098.7</ns2:price>
                        <ns2:currency>
                            <code>RUB</code>
                            <digitalCode>643</digitalCode>
                            <name>Российский рубль</name>
                        </ns2:currency>
                        <ns2:rubPrice>458098.7</ns2:rubPrice>
                        <ns2:prepaid>false</ns2:prepaid>
                        <ns2:docs>
                            <ns2:doc>
                                <ns2:ordinal>3</ns2:ordinal>
                                <ns2:date>2015-11-16</ns2:date>
                                <ns2:code>19</ns2:code>
                                <ns2:name>счет-фактура</ns2:name>
                                <ns2:number>599</ns2:number>
                                <ns2:contractPosition>
                                    <ns2:guid>3cabb748-20e3-014e-e053-ac11070d70ec</ns2:guid>
                                    <ns2:name>лот №1 оказание услуг по техническому обслуживанию и ремонту средств охраны</ns2:name>
                                    <ns2:okdp>
                                        <code>7522020</code>
                                        <name>Услуги в области гражданской обороны</name>
                                    </ns2:okdp>
                                </ns2:contractPosition>
                                <ns2:okei>
                                    <code>796</code>
                                    <name>Штука</name>
                                </ns2:okei>
                                <ns2:qty>1</ns2:qty>
                            </ns2:doc>
                            <ns2:doc>
                                <ns2:ordinal>4</ns2:ordinal>
                                <ns2:date>2015-11-20</ns2:date>
                                <ns2:code>19</ns2:code>
                                <ns2:name>счет-фактура</ns2:name>
                                <ns2:number>600</ns2:number>
                                <ns2:contractPosition>
                                    <ns2:guid>3cabb748-20e3-014e-e053-ac11070d70ec</ns2:guid>
                                    <ns2:name>лот №1 оказание услуг по техническому обслуживанию и ремонту средств охраны</ns2:name>
                                    <ns2:okdp>
                                        <code>7522020</code>
                                        <name>Услуги в области гражданской обороны</name>
                                    </ns2:okdp>
                                </ns2:contractPosition>
                                <ns2:okei>
                                    <code>796</code>
                                    <name>Штука</name>
                                </ns2:okei>
                                <ns2:qty>1</ns2:qty>
                            </ns2:doc>
                            <ns2:doc>
                                <ns2:ordinal>5</ns2:ordinal>
                                <ns2:date>2015-11-20</ns2:date>
                                <ns2:code>19</ns2:code>
                                <ns2:name>счет-фактура</ns2:name>
                                <ns2:number>601</ns2:number>
                                <ns2:contractPosition>
                                    <ns2:guid>3cabb748-20e3-014e-e053-ac11070d70ec</ns2:guid>
                                    <ns2:name>лот №1 оказание услуг по техническому обслуживанию и ремонту средств охраны</ns2:name>
                                    <ns2:okdp>
                                        <code>7522020</code>
                                        <name>Услуги в области гражданской обороны</name>
                                    </ns2:okdp>
                                </ns2:contractPosition>
                                <ns2:okei>
                                    <code>796</code>
                                    <name>Штука</name>
                                </ns2:okei>
                                <ns2:qty>1</ns2:qty>
                            </ns2:doc>
                            <ns2:doc>
                                <ns2:ordinal>1</ns2:ordinal>
                                <ns2:date>2015-10-31</ns2:date>
                                <ns2:code>19</ns2:code>
                                <ns2:name>счет-фактура</ns2:name>
                                <ns2:number>537</ns2:number>
                                <ns2:contractPosition>
                                    <ns2:guid>3cabb748-20e3-014e-e053-ac11070d70ec</ns2:guid>
                                    <ns2:name>лот №1 оказание услуг по техническому обслуживанию и ремонту средств охраны</ns2:name>
                                    <ns2:okdp>
                                        <code>7522020</code>
                                        <name>Услуги в области гражданской обороны</name>
                                    </ns2:okdp>
                                </ns2:contractPosition>
                                <ns2:okei>
                                    <code>796</code>
                                    <name>Штука</name>
                                </ns2:okei>
                                <ns2:qty>1</ns2:qty>
                            </ns2:doc>
                            <ns2:doc>
                                <ns2:ordinal>2</ns2:ordinal>
                                <ns2:date>2015-11-18</ns2:date>
                                <ns2:code>19</ns2:code>
                                <ns2:name>счет-фактура</ns2:name>
                                <ns2:number>598</ns2:number>
                                <ns2:contractPosition>
                                    <ns2:guid>3cabb748-20e3-014e-e053-ac11070d70ec</ns2:guid>
                                    <ns2:name>лот №1 оказание услуг по техническому обслуживанию и ремонту средств охраны</ns2:name>
                                    <ns2:okdp>
                                        <code>7522020</code>
                                        <name>Услуги в области гражданской обороны</name>
                                    </ns2:okdp>
                                </ns2:contractPosition>
                                <ns2:okei>
                                    <code>796</code>
                                    <name>Штука</name>
                                </ns2:okei>
                                <ns2:qty>1</ns2:qty>
                            </ns2:doc>
                        </ns2:docs>
                    </ns2:position>
                    <ns2:position>
                        <ns2:ordinal>12</ns2:ordinal>
                        <ns2:paymentDate>2016-02-15</ns2:paymentDate>
                        <ns2:price>1518164.68</ns2:price>
                        <ns2:currency>
                            <code>RUB</code>
                            <digitalCode>643</digitalCode>
                            <name>Российский рубль</name>
                        </ns2:currency>
                        <ns2:rubPrice>1518164.68</ns2:rubPrice>
                        <ns2:prepaid>false</ns2:prepaid>
                        <ns2:docs>
                            <ns2:doc>
                                <ns2:ordinal>2</ns2:ordinal>
                                <ns2:date>2015-12-21</ns2:date>
                                <ns2:code>19</ns2:code>
                                <ns2:name>счет-фактура</ns2:name>
                                <ns2:number>689</ns2:number>
                                <ns2:contractPosition>
                                    <ns2:guid>3cabb748-20e3-014e-e053-ac11070d70ec</ns2:guid>
                                    <ns2:name>лот №1 оказание услуг по техническому обслуживанию и ремонту средств охраны</ns2:name>
                                    <ns2:okdp>
                                        <code>7522020</code>
                                        <name>Услуги в области гражданской обороны</name>
                                    </ns2:okdp>
                                </ns2:contractPosition>
                                <ns2:okei>
                                    <code>796</code>
                                    <name>Штука</name>
                                </ns2:okei>
                                <ns2:qty>1</ns2:qty>
                            </ns2:doc>
                            <ns2:doc>
                                <ns2:ordinal>1</ns2:ordinal>
                                <ns2:date>2015-11-30</ns2:date>
                                <ns2:code>19</ns2:code>
                                <ns2:name>счет-фактура</ns2:name>
                                <ns2:number>657</ns2:number>
                                <ns2:contractPosition>
                                    <ns2:guid>3cabb748-20e3-014e-e053-ac11070d70ec</ns2:guid>
                                    <ns2:name>лот №1 оказание услуг по техническому обслуживанию и ремонту средств охраны</ns2:name>
                                    <ns2:okdp>
                                        <code>7522020</code>
                                        <name>Услуги в области гражданской обороны</name>
                                    </ns2:okdp>
                                </ns2:contractPosition>
                                <ns2:okei>
                                    <code>796</code>
                                    <name>Штука</name>
                                </ns2:okei>
                                <ns2:qty>1</ns2:qty>
                            </ns2:doc>
                            <ns2:doc>
                                <ns2:ordinal>3</ns2:ordinal>
                                <ns2:date>2015-12-21</ns2:date>
                                <ns2:code>19</ns2:code>
                                <ns2:name>счет-фактура</ns2:name>
                                <ns2:number>710</ns2:number>
                                <ns2:contractPosition>
                                    <ns2:guid>3cabb748-20e3-014e-e053-ac11070d70ec</ns2:guid>
                                    <ns2:name>лот №1 оказание услуг по техническому обслуживанию и ремонту средств охраны</ns2:name>
                                    <ns2:okdp>
                                        <code>7522020</code>
                                        <name>Услуги в области гражданской обороны</name>
                                    </ns2:okdp>
                                </ns2:contractPosition>
                                <ns2:okei>
                                    <code>796</code>
                                    <name>Штука</name>
                                </ns2:okei>
                                <ns2:qty>1</ns2:qty>
                            </ns2:doc>
                            <ns2:doc>
                                <ns2:ordinal>4</ns2:ordinal>
                                <ns2:date>2015-12-30</ns2:date>
                                <ns2:code>19</ns2:code>
                                <ns2:name>счет-фактура</ns2:name>
                                <ns2:number>769</ns2:number>
                                <ns2:contractPosition>
                                    <ns2:guid>3cabb748-20e3-014e-e053-ac11070d70ec</ns2:guid>
                                    <ns2:name>лот №1 оказание услуг по техническому обслуживанию и ремонту средств охраны</ns2:name>
                                    <ns2:okdp>
                                        <code>7522020</code>
                                        <name>Услуги в области гражданской обороны</name>
                                    </ns2:okdp>
                                </ns2:contractPosition>
                                <ns2:okei>
                                    <code>796</code>
                                    <name>Штука</name>
                                </ns2:okei>
                                <ns2:qty>1</ns2:qty>
                            </ns2:doc>
                            <ns2:doc>
                                <ns2:ordinal>5</ns2:ordinal>
                                <ns2:date>2015-12-30</ns2:date>
                                <ns2:code>19</ns2:code>
                                <ns2:name>счет-фактура</ns2:name>
                                <ns2:number>770</ns2:number>
                                <ns2:contractPosition>
                                    <ns2:guid>3cabb748-20e3-014e-e053-ac11070d70ec</ns2:guid>
                                    <ns2:name>лот №1 оказание услуг по техническому обслуживанию и ремонту средств охраны</ns2:name>
                                    <ns2:okdp>
                                        <code>7522020</code>
                                        <name>Услуги в области гражданской обороны</name>
                                    </ns2:okdp>
                                </ns2:contractPosition>
                                <ns2:okei>
                                    <code>796</code>
                                    <name>Штука</name>
                                </ns2:okei>
                                <ns2:qty>1</ns2:qty>
                            </ns2:doc>
                            <ns2:doc>
                                <ns2:ordinal>6</ns2:ordinal>
                                <ns2:date>2015-12-30</ns2:date>
                                <ns2:code>19</ns2:code>
                                <ns2:name>счет-фактура</ns2:name>
                                <ns2:number>771</ns2:number>
                                <ns2:contractPosition>
                                    <ns2:guid>3cabb748-20e3-014e-e053-ac11070d70ec</ns2:guid>
                                    <ns2:name>лот №1 оказание услуг по техническому обслуживанию и ремонту средств охраны</ns2:name>
                                    <ns2:okdp>
                                        <code>7522020</code>
                                        <name>Услуги в области гражданской обороны</name>
                                    </ns2:okdp>
                                </ns2:contractPosition>
                                <ns2:okei>
                                    <code>796</code>
                                    <name>Штука</name>
                                </ns2:okei>
                                <ns2:qty>1</ns2:qty>
                            </ns2:doc>
                        </ns2:docs>
                    </ns2:position>
                    <ns2:position>
                        <ns2:ordinal>11</ns2:ordinal>
                        <ns2:paymentDate>2016-01-13</ns2:paymentDate>
                        <ns2:price>515512.78</ns2:price>
                        <ns2:currency>
                            <code>RUB</code>
                            <digitalCode>643</digitalCode>
                            <name>Российский рубль</name>
                        </ns2:currency>
                        <ns2:rubPrice>515512.78</ns2:rubPrice>
                        <ns2:prepaid>false</ns2:prepaid>
                        <ns2:docs>
                            <ns2:doc>
                                <ns2:ordinal>1</ns2:ordinal>
                                <ns2:date>2015-09-30</ns2:date>
                                <ns2:code>19</ns2:code>
                                <ns2:name>счет-фактура</ns2:name>
                                <ns2:number>485</ns2:number>
                                <ns2:contractPosition>
                                    <ns2:guid>3cabb748-20e3-014e-e053-ac11070d70ec</ns2:guid>
                                    <ns2:name>лот №1 оказание услуг по техническому обслуживанию и ремонту средств охраны</ns2:name>
                                    <ns2:okdp>
                                        <code>7522020</code>
                                        <name>Услуги в области гражданской обороны</name>
                                    </ns2:okdp>
                                </ns2:contractPosition>
                                <ns2:okei>
                                    <code>796</code>
                                    <name>Штука</name>
                                </ns2:okei>
                                <ns2:qty>1</ns2:qty>
                            </ns2:doc>
                            <ns2:doc>
                                <ns2:ordinal>2</ns2:ordinal>
                                <ns2:date>2015-09-30</ns2:date>
                                <ns2:code>19</ns2:code>
                                <ns2:name>счет-фактура</ns2:name>
                                <ns2:number>484</ns2:number>
                                <ns2:contractPosition>
                                    <ns2:guid>3cabb748-20e3-014e-e053-ac11070d70ec</ns2:guid>
                                    <ns2:name>лот №1 оказание услуг по техническому обслуживанию и ремонту средств охраны</ns2:name>
                                    <ns2:okdp>
                                        <code>7522020</code>
                                        <name>Услуги в области гражданской обороны</name>
                                    </ns2:okdp>
                                </ns2:contractPosition>
                                <ns2:okei>
                                    <code>796</code>
                                    <name>Штука</name>
                                </ns2:okei>
                                <ns2:qty>1</ns2:qty>
                            </ns2:doc>
                            <ns2:doc>
                                <ns2:ordinal>3</ns2:ordinal>
                                <ns2:date>2015-09-30</ns2:date>
                                <ns2:code>19</ns2:code>
                                <ns2:name>счет-фактура</ns2:name>
                                <ns2:number>483</ns2:number>
                                <ns2:contractPosition>
                                    <ns2:guid>3cabb748-20e3-014e-e053-ac11070d70ec</ns2:guid>
                                    <ns2:name>лот №1 оказание услуг по техническому обслуживанию и ремонту средств охраны</ns2:name>
                                    <ns2:okdp>
                                        <code>7522020</code>
                                        <name>Услуги в области гражданской обороны</name>
                                    </ns2:okdp>
                                </ns2:contractPosition>
                                <ns2:okei>
                                    <code>796</code>
                                    <name>Штука</name>
                                </ns2:okei>
                                <ns2:qty>1</ns2:qty>
                            </ns2:doc>
                            <ns2:doc>
                                <ns2:ordinal>4</ns2:ordinal>
                                <ns2:date>2015-09-22</ns2:date>
                                <ns2:code>19</ns2:code>
                                <ns2:name>счет-фактура</ns2:name>
                                <ns2:number>442</ns2:number>
                                <ns2:contractPosition>
                                    <ns2:guid>3cabb748-20e3-014e-e053-ac11070d70ec</ns2:guid>
                                    <ns2:name>лот №1 оказание услуг по техническому обслуживанию и ремонту средств охраны</ns2:name>
                                    <ns2:okdp>
                                        <code>7522020</code>
                                        <name>Услуги в области гражданской обороны</name>
                                    </ns2:okdp>
                                </ns2:contractPosition>
                                <ns2:okei>
                                    <code>796</code>
                                    <name>Штука</name>
                                </ns2:okei>
                                <ns2:qty>1</ns2:qty>
                            </ns2:doc>
                            <ns2:doc>
                                <ns2:ordinal>5</ns2:ordinal>
                                <ns2:date>2015-09-30</ns2:date>
                                <ns2:code>19</ns2:code>
                                <ns2:name>счет-фактура</ns2:name>
                                <ns2:number>473</ns2:number>
                                <ns2:contractPosition>
                                    <ns2:guid>3cabb748-20e3-014e-e053-ac11070d70ec</ns2:guid>
                                    <ns2:name>лот №1 оказание услуг по техническому обслуживанию и ремонту средств охраны</ns2:name>
                                    <ns2:okdp>
                                        <code>7522020</code>
                                        <name>Услуги в области гражданской обороны</name>
                                    </ns2:okdp>
                                </ns2:contractPosition>
                                <ns2:okei>
                                    <code>796</code>
                                    <name>Штука</name>
                                </ns2:okei>
                                <ns2:qty>1</ns2:qty>
                            </ns2:doc>
                        </ns2:docs>
                    </ns2:position>
                    <ns2:total>9582936.84</ns2:total>
                </ns2:positions>
            </ns2:performanceContractData>
        </ns2:item>
    </ns2:body>
</ns2:performanceContract>
