<?xml version="1.0" encoding="UTF-8" standalone="yes"?>
<ns2:performanceContract xsi:schemaLocation="http://zakupki.gov.ru/223/integration/schema/TFF-5.2 http://zakupki.gov.ru/223/integration/schema/TFF-5.2/Types.xsd" xmlns="http://zakupki.gov.ru/223fz/types/1" xmlns:ns10="http://zakupki.gov.ru/223fz/complaint/1" xmlns:ns11="http://zakupki.gov.ru/223fz/notificationIssue/1" xmlns:ns12="http://zakupki.gov.ru/223fz/purchasePlanProject/1" xmlns:ns13="http://zakupki.gov.ru/223fz/purchase/1" xmlns:ns14="http://zakupki.gov.ru/223fz/purchasePlanProjectAdditionalPosition/1" xmlns:ns15="http://zakupki.gov.ru/223fz/missedNotice/1" xmlns:ns16="http://zakupki.gov.ru/223fz/reference/1" xmlns:ns17="http://zakupki.gov.ru/223fz/stopCommodity/1" xmlns:ns18="http://zakupki.gov.ru/223fz/decisionSuspension/1" xmlns:ns19="http://zakupki.gov.ru/223fz/webRequest/1" xmlns:ns2="http://zakupki.gov.ru/223fz/contract/1" xmlns:xsi="http://www.w3.org/2001/XMLSchema-instance" xmlns:ns3="http://zakupki.gov.ru/223fz/dishonestSupplier/1" xmlns:ns4="http://zakupki.gov.ru/223fz/purchasePlanAdditionalPosition/1" xmlns:ns5="http://zakupki.gov.ru/223fz/purchasePlan/1" xmlns:ns6="http://zakupki.gov.ru/223fz/machineryListInfo/1" xmlns:ns7="http://zakupki.gov.ru/223fz/revenue/1" xmlns:ns8="http://zakupki.gov.ru/223fz/orderClauseList/1" xmlns:ns9="http://zakupki.gov.ru/223fz/disagreementProtocol/1">
    <header>
        <guid>22e13f28-fdf2-4338-aadd-a69af5f8a365</guid>
        <createDateTime>2017-03-29T14:42:18</createDateTime>
    </header>
    <ns2:body>
        <ns2:item>
            <guid>0a358afa-8887-4db3-9647-fdb041ca280e</guid>
            <ns2:performanceContractData>
                <ns2:guid>e1450ccf-ab23-43f8-9905-7742eeaec40d</ns2:guid>
                <ns2:registrationNumber>56671163413150025540004</ns2:registrationNumber>
                <ns2:urlOOS>https://zakupki.gov.ru/223/contract/private/completing/info/view.html?id=2659630</ns2:urlOOS>
                <ns2:createDateTime>2015-12-24T07:45:15</ns2:createDateTime>
                <ns2:customer>
                    <mainInfo>
                        <fullName>Открытое акционерное общество "Межрегиональная распределительная сетевая компания Урала"</fullName>
                        <shortName>ОАО "МРСК Урала"</shortName>
                        <iko>56671163413667201001</iko>
                        <inn>6671163413</inn>
                        <kpp>667201001</kpp>
                        <ogrn>1056604000970</ogrn>
                        <legalAddress>620026, Свердловская, Екатеринбург, Мамина-Сибиряка, дом 140</legalAddress>
                        <postalAddress>620026, Свердловская область, Екатеринбург, Мамина-Сибиряка, дом 140 </postalAddress>
                        <phone>7-343-2152600</phone>
                        <fax>7-343-2152661</fax>
                        <email>mrsk@mrsk-ural.ru</email>
                        <okato>65401000000</okato>
                        <okpo>76507836</okpo>
                    </mainInfo>
                </ns2:customer>
                <ns2:placer>
                    <mainInfo>
                        <fullName>Открытое акционерное общество "Межрегиональная распределительная сетевая компания Урала"</fullName>
                        <shortName>ОАО "МРСК Урала"</shortName>
                        <iko>56671163413667201001</iko>
                        <inn>6671163413</inn>
                        <kpp>667201001</kpp>
                        <ogrn>1056604000970</ogrn>
                        <legalAddress>620026, Свердловская, Екатеринбург, Мамина-Сибиряка, дом 140</legalAddress>
                        <postalAddress>620026, Свердловская область, Екатеринбург, Мамина-Сибиряка, дом 140 </postalAddress>
                        <phone>7-343-2152600</phone>
                        <fax>7-343-2152661</fax>
                        <email>mrsk@mrsk-ural.ru</email>
                        <okato>65401000000</okato>
                        <okpo>76507836</okpo>
                    </mainInfo>
                </ns2:placer>
                <ns2:publicationDate>2017-03-29T14:42:18</ns2:publicationDate>
                <ns2:status>P</ns2:status>
                <ns2:version>1</ns2:version>
                <ns2:completed>false</ns2:completed>
                <ns2:attachments>
                    <totalDocumentsCount>5</totalDocumentsCount>
                    <document>
                        <guid>8f865b22-7bf6-474e-9e7d-a2e48dc4bea0</guid>
                        <createDateTime>2017-03-29T14:40:57</createDateTime>
                        <fileName>03-16 ЧГЭС 6000012112 Технос  сф 7 272 306,77.pdf</fileName>
                        <description>03-16 ЧГЭС 6000012112 Технос  сф 7 272 306,77</description>
                        <url>https://zakupki.gov.ru/223/contract/private/download/download.html?id=11700211</url>
                        <registrationNumber>56671163413150025540005</registrationNumber>
                    </document>
                    <document>
                        <guid>829f8480-7b7c-469d-823e-4d5122af4e4e</guid>
                        <createDateTime>2017-03-29T14:40:46</createDateTime>
                        <fileName>03-16 ЧГЭС 6000012112 Технос  2 акта на 434 524,49.pdf</fileName>
                        <description>03-16 ЧГЭС 6000012112 Технос  2 акта на 434 524,49</description>
                        <url>https://zakupki.gov.ru/223/contract/private/download/download.html?id=11700196</url>
                        <registrationNumber>56671163413150025540006</registrationNumber>
                    </document>
                    <document>
                        <guid>5b4e24de-5bb9-4709-bada-f4726c04e3c9</guid>
                        <createDateTime>2017-03-29T14:41:39</createDateTime>
                        <fileName>10-16 ЧГЭС 6000012112 Технос  3 акта на 2 370 940,04 с Пр2.pdf</fileName>
                        <description>10-16 ЧГЭС 6000012112 Технос  3 акта на 2 370 940,04 с Пр2</description>
                        <url>https://zakupki.gov.ru/223/contract/private/download/download.html?id=11700261</url>
                        <registrationNumber>56671163413150025540007</registrationNumber>
                    </document>
                    <document>
                        <guid>fa0d42ff-7423-435b-93d7-425020cf7871</guid>
                        <createDateTime>2017-03-29T14:41:25</createDateTime>
                        <fileName>05-16 ЧГЭС 6000012112 Технос  сф 53 573,49.pdf</fileName>
                        <description>05-16 ЧГЭС 6000012112 Технос  сф 53 573,49</description>
                        <url>https://zakupki.gov.ru/223/contract/private/download/download.html?id=11700246</url>
                        <registrationNumber>56671163413150025540008</registrationNumber>
                    </document>
                    <document>
                        <guid>c3f69612-6588-46ad-8da4-0e6a05967438</guid>
                        <createDateTime>2017-03-29T14:41:09</createDateTime>
                        <fileName>04-16 ЧГЭС 6000012112 Технос  4 акта на 371 073,30.pdf</fileName>
                        <description>04-16 ЧГЭС 6000012112 Технос  4 акта на 371 073,30</description>
                        <url>https://zakupki.gov.ru/223/contract/private/download/download.html?id=11700223</url>
                        <registrationNumber>56671163413150025540009</registrationNumber>
                    </document>
                </ns2:attachments>
                <ns2:hasPenalty>false</ns2:hasPenalty>
                <ns2:contractRegNumber>56671163413150025540000</ns2:contractRegNumber>
                <ns2:contractInfo>
                    <ns2:guid>a9f49024-d7fc-49e6-b7a8-8606e2d94840</ns2:guid>
                    <ns2:agencyName>ОАО "МРСК Урала"</ns2:agencyName>
                    <ns2:supplierName>ЗАКРЫТОЕ АКЦИОНЕРНОЕ ОБЩЕСТВО "ТЕХНОС"</ns2:supplierName>
                    <ns2:lotInfo>Закупка №15102, Лот № 367</ns2:lotInfo>
                    <ns2:contractDate>2015-12-22</ns2:contractDate>
                </ns2:contractInfo>
                <ns2:positions>
                    <ns2:position>
                        <ns2:ordinal>1</ns2:ordinal>
                        <ns2:paymentDate>2016-11-05</ns2:paymentDate>
                        <ns2:price>10502418.09</ns2:price>
                        <ns2:currency>
                            <code>RUB</code>
                            <digitalCode>643</digitalCode>
                            <name>Российский рубль</name>
                        </ns2:currency>
                        <ns2:rubPrice>10502418.09</ns2:rubPrice>
                        <ns2:prepaid>false</ns2:prepaid>
                        <ns2:docs>
                            <ns2:doc>
                                <ns2:ordinal>1</ns2:ordinal>
                                <ns2:date>2016-10-05</ns2:date>
                                <ns2:code>12</ns2:code>
                                <ns2:name>акт о приемке выполненных работ</ns2:name>
                                <ns2:number>1-11</ns2:number>
                                <ns2:contractPosition>
                                    <ns2:guid>3cabb73a-28d1-014e-e053-ac11070d70ec</ns2:guid>
                                    <ns2:okdp>
                                        <code>4530010</code>
                                        <name>Прокладка наружных и внутренних инженерных сетей и систем</name>
                                    </ns2:okdp>
                                </ns2:contractPosition>
                                <ns2:okei>
                                    <code>642</code>
                                    <name>Единица</name>
                                </ns2:okei>
                                <ns2:qty>1</ns2:qty>
                            </ns2:doc>
                        </ns2:docs>
                    </ns2:position>
                    <ns2:total>10502418.09</ns2:total>
                </ns2:positions>
            </ns2:performanceContractData>
        </ns2:item>
    </ns2:body>
</ns2:performanceContract>
