<?xml version="1.0" encoding="UTF-8" standalone="yes"?>
<ns2:performanceContract xsi:schemaLocation="http://zakupki.gov.ru/223/integration/schema/TFF-5.2 http://zakupki.gov.ru/223/integration/schema/TFF-5.2/Types.xsd" xmlns="http://zakupki.gov.ru/223fz/types/1" xmlns:ns10="http://zakupki.gov.ru/223fz/complaint/1" xmlns:ns11="http://zakupki.gov.ru/223fz/notificationIssue/1" xmlns:ns12="http://zakupki.gov.ru/223fz/purchasePlanProject/1" xmlns:ns13="http://zakupki.gov.ru/223fz/purchase/1" xmlns:ns14="http://zakupki.gov.ru/223fz/purchasePlanProjectAdditionalPosition/1" xmlns:ns15="http://zakupki.gov.ru/223fz/missedNotice/1" xmlns:ns16="http://zakupki.gov.ru/223fz/reference/1" xmlns:ns17="http://zakupki.gov.ru/223fz/stopCommodity/1" xmlns:ns18="http://zakupki.gov.ru/223fz/decisionSuspension/1" xmlns:ns19="http://zakupki.gov.ru/223fz/webRequest/1" xmlns:ns2="http://zakupki.gov.ru/223fz/contract/1" xmlns:xsi="http://www.w3.org/2001/XMLSchema-instance" xmlns:ns3="http://zakupki.gov.ru/223fz/dishonestSupplier/1" xmlns:ns4="http://zakupki.gov.ru/223fz/purchasePlanAdditionalPosition/1" xmlns:ns5="http://zakupki.gov.ru/223fz/purchasePlan/1" xmlns:ns6="http://zakupki.gov.ru/223fz/machineryListInfo/1" xmlns:ns7="http://zakupki.gov.ru/223fz/revenue/1" xmlns:ns8="http://zakupki.gov.ru/223fz/orderClauseList/1" xmlns:ns9="http://zakupki.gov.ru/223fz/disagreementProtocol/1">
    <header>
        <guid>bfa007bd-e1c1-4253-a056-ef0261e6d3c6</guid>
        <createDateTime>2017-03-29T11:45:03</createDateTime>
    </header>
    <ns2:body>
        <ns2:item>
            <guid>768bdb9f-559c-40e5-bb18-2c6bb1bb0714</guid>
            <ns2:performanceContractData>
                <ns2:guid>90e21aa7-285b-4ecf-8128-b0f7569e35aa</ns2:guid>
                <ns2:registrationNumber>56608002436170000420014</ns2:registrationNumber>
                <ns2:urlOOS>https://zakupki.gov.ru/223/contract/private/completing/info/view.html?id=2657624</ns2:urlOOS>
                <ns2:termination>false</ns2:termination>
                <ns2:createDateTime>2017-03-06T11:54:20</ns2:createDateTime>
                <ns2:customer>
                    <mainInfo>
                        <fullName>Екатеринбургское муниципальное унитарное предприятие "Екатеринбургский метрополитен"</fullName>
                        <shortName>"Метрополитен"</shortName>
                        <iko>56608002436665801001</iko>
                        <inn>6608002436</inn>
                        <kpp>665801001</kpp>
                        <ogrn>1026602326068</ogrn>
                        <legalAddress>620014, Свердловская, Екатеринбург, Володарского, дом 3</legalAddress>
                        <postalAddress>620014, г. Екатеринбург, ул. Володарского, д. 3</postalAddress>
                        <phone>7-343-3580000</phone>
                        <fax>7-234-3580321</fax>
                        <email>n@metro-ektb.ru</email>
                        <okato>65401000000</okato>
                        <okpo>04867888</okpo>
                    </mainInfo>
                </ns2:customer>
                <ns2:placer>
                    <mainInfo>
                        <fullName>Екатеринбургское муниципальное унитарное предприятие "Екатеринбургский метрополитен"</fullName>
                        <shortName>"Метрополитен"</shortName>
                        <iko>56608002436665801001</iko>
                        <inn>6608002436</inn>
                        <kpp>665801001</kpp>
                        <ogrn>1026602326068</ogrn>
                        <legalAddress>620014, Свердловская, Екатеринбург, Володарского, дом 3</legalAddress>
                        <postalAddress>620014, г. Екатеринбург, ул. Володарского, д. 3</postalAddress>
                        <phone>7-343-3580000</phone>
                        <fax>7-234-3580321</fax>
                        <email>n@metro-ektb.ru</email>
                        <okato>65401000000</okato>
                        <okpo>04867888</okpo>
                    </mainInfo>
                </ns2:placer>
                <ns2:publicationDate>2017-03-29T11:45:03</ns2:publicationDate>
                <ns2:status>P</ns2:status>
                <ns2:version>1</ns2:version>
                <ns2:completed>false</ns2:completed>
                <ns2:attachments>
                    <totalDocumentsCount>2</totalDocumentsCount>
                    <document>
                        <guid>2360345d-4d1a-42d0-9565-2c3a33d5f307</guid>
                        <createDateTime>2017-03-29T11:44:34</createDateTime>
                        <fileName>Платежное поручение № 1262 от 28.03.2017.pdf</fileName>
                        <description>Платежное поручение № 1262 от 28.03.2017</description>
                        <url>https://zakupki.gov.ru/223/contract/private/download/download.html?id=11689942</url>
                        <registrationNumber>56608002436170000420015</registrationNumber>
                    </document>
                    <document>
                        <guid>94da4d6c-8d3f-400a-a004-128a96aa55e5</guid>
                        <createDateTime>2017-03-29T11:44:40</createDateTime>
                        <fileName>Счет № 833 от 16.03.2017.pdf</fileName>
                        <description>Счет № 833 от 16.03.2017</description>
                        <url>https://zakupki.gov.ru/223/contract/private/download/download.html?id=11689945</url>
                        <registrationNumber>56608002436170000420016</registrationNumber>
                    </document>
                </ns2:attachments>
                <ns2:hasPenalty>false</ns2:hasPenalty>
                <ns2:contractRegNumber>56608002436170000420000</ns2:contractRegNumber>
                <ns2:contractInfo>
                    <ns2:guid>7a3a5ae0-5c9a-4ef0-ba6e-7467c89c8c41</ns2:guid>
                    <ns2:name>46НХ-2017</ns2:name>
                    <ns2:agencyName>"Метрополитен"</ns2:agencyName>
                    <ns2:supplierName>Общество с ограниченной ответственностью "Урал-Смикон"</ns2:supplierName>
                    <ns2:lotInfo>Поставка бумаги</ns2:lotInfo>
                    <ns2:contractDate>2017-03-06</ns2:contractDate>
                </ns2:contractInfo>
                <ns2:positions>
                    <ns2:position>
                        <ns2:ordinal>1</ns2:ordinal>
                        <ns2:paymentDate>2017-03-28</ns2:paymentDate>
                        <ns2:price>5600</ns2:price>
                        <ns2:currency>
                            <code>RUB</code>
                            <digitalCode>643</digitalCode>
                            <name>Российский рубль</name>
                        </ns2:currency>
                        <ns2:rubPrice>5600</ns2:rubPrice>
                        <ns2:prepaid>false</ns2:prepaid>
                        <ns2:docs>
                            <ns2:doc>
                                <ns2:ordinal>1</ns2:ordinal>
                                <ns2:date>2017-03-16</ns2:date>
                                <ns2:code>18</ns2:code>
                                <ns2:name>счет на оплату</ns2:name>
                                <ns2:number>833</ns2:number>
                                <ns2:contractPosition>
                                    <ns2:guid>b9879c88-636f-46e3-926e-235db30fe7b6</ns2:guid>
                                    <ns2:name>Бумага</ns2:name>
                                    <ns2:okpd2>
                                        <code>17.12.14.160</code>
                                        <name>Бумага для аппаратов и приборов</name>
                                    </ns2:okpd2>
                                </ns2:contractPosition>
                                <ns2:okei>
                                    <code>796</code>
                                    <name>Штука</name>
                                </ns2:okei>
                                <ns2:qty>0</ns2:qty>
                            </ns2:doc>
                        </ns2:docs>
                    </ns2:position>
                    <ns2:total>5600</ns2:total>
                </ns2:positions>
            </ns2:performanceContractData>
        </ns2:item>
    </ns2:body>
</ns2:performanceContract>
