<?xml version="1.0" encoding="UTF-8" standalone="yes"?>
<ns2:performanceContract xsi:schemaLocation="http://zakupki.gov.ru/223/integration/schema/TFF-5.2 http://zakupki.gov.ru/223/integration/schema/TFF-5.2/Types.xsd" xmlns="http://zakupki.gov.ru/223fz/types/1" xmlns:ns10="http://zakupki.gov.ru/223fz/complaint/1" xmlns:ns11="http://zakupki.gov.ru/223fz/notificationIssue/1" xmlns:ns12="http://zakupki.gov.ru/223fz/purchasePlanProject/1" xmlns:ns13="http://zakupki.gov.ru/223fz/purchase/1" xmlns:ns14="http://zakupki.gov.ru/223fz/purchasePlanProjectAdditionalPosition/1" xmlns:ns15="http://zakupki.gov.ru/223fz/missedNotice/1" xmlns:ns16="http://zakupki.gov.ru/223fz/reference/1" xmlns:ns17="http://zakupki.gov.ru/223fz/stopCommodity/1" xmlns:ns18="http://zakupki.gov.ru/223fz/decisionSuspension/1" xmlns:ns19="http://zakupki.gov.ru/223fz/webRequest/1" xmlns:ns2="http://zakupki.gov.ru/223fz/contract/1" xmlns:xsi="http://www.w3.org/2001/XMLSchema-instance" xmlns:ns3="http://zakupki.gov.ru/223fz/dishonestSupplier/1" xmlns:ns4="http://zakupki.gov.ru/223fz/purchasePlanAdditionalPosition/1" xmlns:ns5="http://zakupki.gov.ru/223fz/purchasePlan/1" xmlns:ns6="http://zakupki.gov.ru/223fz/machineryListInfo/1" xmlns:ns7="http://zakupki.gov.ru/223fz/revenue/1" xmlns:ns8="http://zakupki.gov.ru/223fz/orderClauseList/1" xmlns:ns9="http://zakupki.gov.ru/223fz/disagreementProtocol/1">
    <header>
        <guid>ef8d4502-fec3-4b5f-baca-953b45146e31</guid>
        <createDateTime>2017-03-29T12:00:49</createDateTime>
    </header>
    <ns2:body>
        <ns2:item>
            <guid>34b8a521-8f3e-466e-9eaf-7835d5193320</guid>
            <ns2:performanceContractData>
                <ns2:guid>0c9c83d1-ac24-428e-bf9b-2b7e1c75ff94</ns2:guid>
                <ns2:registrationNumber>56608002436170000270006</ns2:registrationNumber>
                <ns2:urlOOS>https://zakupki.gov.ru/223/contract/private/completing/info/view.html?id=2657794</ns2:urlOOS>
                <ns2:createDateTime>2017-02-15T09:06:10</ns2:createDateTime>
                <ns2:customer>
                    <mainInfo>
                        <fullName>Екатеринбургское муниципальное унитарное предприятие "Екатеринбургский метрополитен"</fullName>
                        <shortName>"Метрополитен"</shortName>
                        <iko>56608002436665801001</iko>
                        <inn>6608002436</inn>
                        <kpp>665801001</kpp>
                        <ogrn>1026602326068</ogrn>
                        <legalAddress>620014, Свердловская, Екатеринбург, Володарского, дом 3</legalAddress>
                        <postalAddress>620014, г. Екатеринбург, ул. Володарского, д. 3</postalAddress>
                        <phone>7-343-3580000</phone>
                        <fax>7-234-3580321</fax>
                        <email>n@metro-ektb.ru</email>
                        <okato>65401000000</okato>
                        <okpo>04867888</okpo>
                    </mainInfo>
                </ns2:customer>
                <ns2:placer>
                    <mainInfo>
                        <fullName>Екатеринбургское муниципальное унитарное предприятие "Екатеринбургский метрополитен"</fullName>
                        <shortName>"Метрополитен"</shortName>
                        <iko>56608002436665801001</iko>
                        <inn>6608002436</inn>
                        <kpp>665801001</kpp>
                        <ogrn>1026602326068</ogrn>
                        <legalAddress>620014, Свердловская, Екатеринбург, Володарского, дом 3</legalAddress>
                        <postalAddress>620014, г. Екатеринбург, ул. Володарского, д. 3</postalAddress>
                        <phone>7-343-3580000</phone>
                        <fax>7-234-3580321</fax>
                        <email>n@metro-ektb.ru</email>
                        <okato>65401000000</okato>
                        <okpo>04867888</okpo>
                    </mainInfo>
                </ns2:placer>
                <ns2:publicationDate>2017-03-29T12:00:49</ns2:publicationDate>
                <ns2:status>P</ns2:status>
                <ns2:version>1</ns2:version>
                <ns2:completed>false</ns2:completed>
                <ns2:attachments>
                    <totalDocumentsCount>3</totalDocumentsCount>
                    <document>
                        <guid>0a1a6641-e57b-470c-9f56-d19a5ec83818</guid>
                        <createDateTime>2017-03-29T11:59:55</createDateTime>
                        <fileName>Платежное поручение № 1264 от 28.03.2017.pdf</fileName>
                        <description>Платежное поручение № 1264 от 28.03.2017</description>
                        <url>https://zakupki.gov.ru/223/contract/private/download/download.html?id=11691040</url>
                        <registrationNumber>56608002436170000270007</registrationNumber>
                    </document>
                    <document>
                        <guid>42b19d97-9856-4e1f-abd7-b49fe68042cd</guid>
                        <createDateTime>2017-03-29T11:59:47</createDateTime>
                        <fileName>Счет № 112 от 21.02.2017.pdf</fileName>
                        <description>Счет № 112 от 21.02.2017</description>
                        <url>https://zakupki.gov.ru/223/contract/private/download/download.html?id=11691027</url>
                        <registrationNumber>56608002436170000270008</registrationNumber>
                    </document>
                    <document>
                        <guid>094285db-a3f0-4195-9f8a-b3fc4119c721</guid>
                        <createDateTime>2017-03-29T11:59:51</createDateTime>
                        <fileName>Счет № 159 от 20.03.2017.pdf</fileName>
                        <description>Счет № 159 от 20.03.2017</description>
                        <url>https://zakupki.gov.ru/223/contract/private/download/download.html?id=11691033</url>
                        <registrationNumber>56608002436170000270009</registrationNumber>
                    </document>
                </ns2:attachments>
                <ns2:hasPenalty>false</ns2:hasPenalty>
                <ns2:contractRegNumber>56608002436170000270000</ns2:contractRegNumber>
                <ns2:contractInfo>
                    <ns2:guid>20827356-1323-4721-b746-7f2c1d4265fb</ns2:guid>
                    <ns2:name>36Т-2017</ns2:name>
                    <ns2:agencyName>"Метрополитен"</ns2:agencyName>
                    <ns2:supplierName>ОТКРЫТОЕ АКЦИОНЕРНОЕ ОБЩЕСТВО "АРМАВИРСКИЙ ЭЛЕКТРОТЕХНИЧЕСКИЙ ЗАВОД"</ns2:supplierName>
                    <ns2:lotInfo>Поставка изделий и запасных частей для ремонта групповых переключателей и заземляющих устройств для ремонта вагонов метро моделей 81-717(714).5 и 81-717(714).5М</ns2:lotInfo>
                    <ns2:contractDate>2017-02-14</ns2:contractDate>
                </ns2:contractInfo>
                <ns2:positions>
                    <ns2:position>
                        <ns2:ordinal>1</ns2:ordinal>
                        <ns2:paymentDate>2017-03-28</ns2:paymentDate>
                        <ns2:price>136179.79</ns2:price>
                        <ns2:currency>
                            <code>RUB</code>
                            <digitalCode>643</digitalCode>
                            <name>Российский рубль</name>
                        </ns2:currency>
                        <ns2:rubPrice>136179.79</ns2:rubPrice>
                        <ns2:prepaid>false</ns2:prepaid>
                        <ns2:docs>
                            <ns2:doc>
                                <ns2:ordinal>1</ns2:ordinal>
                                <ns2:date>2017-02-21</ns2:date>
                                <ns2:code>18</ns2:code>
                                <ns2:name>счет на оплату</ns2:name>
                                <ns2:number>112</ns2:number>
                                <ns2:contractPosition>
                                    <ns2:guid>39801418-bbc6-4cf6-a582-041fbbf45b2f</ns2:guid>
                                    <ns2:name>Комплектующие (запасные части) прочего подвижного состава, не имеющие самостоятельных группировок</ns2:name>
                                    <ns2:okpd2>
                                        <code>30.20.40.140</code>
                                        <name>Комплектующие (запасные части) прочего подвижного состава, не имеющие самостоятельных группировок</name>
                                    </ns2:okpd2>
                                </ns2:contractPosition>
                                <ns2:okei>
                                    <code>796</code>
                                    <name>Штука</name>
                                </ns2:okei>
                                <ns2:qty>0</ns2:qty>
                            </ns2:doc>
                            <ns2:doc>
                                <ns2:ordinal>2</ns2:ordinal>
                                <ns2:date>2017-03-20</ns2:date>
                                <ns2:code>18</ns2:code>
                                <ns2:name>счет на оплату</ns2:name>
                                <ns2:number>159</ns2:number>
                                <ns2:contractPosition>
                                    <ns2:guid>39801418-bbc6-4cf6-a582-041fbbf45b2f</ns2:guid>
                                    <ns2:name>Комплектующие (запасные части) прочего подвижного состава, не имеющие самостоятельных группировок</ns2:name>
                                    <ns2:okpd2>
                                        <code>30.20.40.140</code>
                                        <name>Комплектующие (запасные части) прочего подвижного состава, не имеющие самостоятельных группировок</name>
                                    </ns2:okpd2>
                                </ns2:contractPosition>
                                <ns2:okei>
                                    <code>796</code>
                                    <name>Штука</name>
                                </ns2:okei>
                                <ns2:qty>0</ns2:qty>
                            </ns2:doc>
                        </ns2:docs>
                    </ns2:position>
                    <ns2:total>136179.79</ns2:total>
                </ns2:positions>
            </ns2:performanceContractData>
        </ns2:item>
    </ns2:body>
</ns2:performanceContract>
