<?xml version="1.0" encoding="UTF-8" standalone="yes"?>
<ns2:performanceContract xsi:schemaLocation="http://zakupki.gov.ru/223/integration/schema/TFF-5.2 http://zakupki.gov.ru/223/integration/schema/TFF-5.2/Types.xsd" xmlns="http://zakupki.gov.ru/223fz/types/1" xmlns:ns10="http://zakupki.gov.ru/223fz/complaint/1" xmlns:ns11="http://zakupki.gov.ru/223fz/notificationIssue/1" xmlns:ns12="http://zakupki.gov.ru/223fz/purchasePlanProject/1" xmlns:ns13="http://zakupki.gov.ru/223fz/purchase/1" xmlns:ns14="http://zakupki.gov.ru/223fz/purchasePlanProjectAdditionalPosition/1" xmlns:ns15="http://zakupki.gov.ru/223fz/missedNotice/1" xmlns:ns16="http://zakupki.gov.ru/223fz/reference/1" xmlns:ns17="http://zakupki.gov.ru/223fz/stopCommodity/1" xmlns:ns18="http://zakupki.gov.ru/223fz/decisionSuspension/1" xmlns:ns19="http://zakupki.gov.ru/223fz/webRequest/1" xmlns:ns2="http://zakupki.gov.ru/223fz/contract/1" xmlns:xsi="http://www.w3.org/2001/XMLSchema-instance" xmlns:ns3="http://zakupki.gov.ru/223fz/dishonestSupplier/1" xmlns:ns4="http://zakupki.gov.ru/223fz/purchasePlanAdditionalPosition/1" xmlns:ns5="http://zakupki.gov.ru/223fz/purchasePlan/1" xmlns:ns6="http://zakupki.gov.ru/223fz/machineryListInfo/1" xmlns:ns7="http://zakupki.gov.ru/223fz/revenue/1" xmlns:ns8="http://zakupki.gov.ru/223fz/orderClauseList/1" xmlns:ns9="http://zakupki.gov.ru/223fz/disagreementProtocol/1">
    <header>
        <guid>82102c34-0e64-40f3-a2f3-bebbb0b56c46</guid>
        <createDateTime>2017-03-29T13:18:44</createDateTime>
    </header>
    <ns2:body>
        <ns2:item>
            <guid>f8f0c23d-59dd-46fe-9991-1cd714a756d7</guid>
            <ns2:performanceContractData>
                <ns2:guid>25e36393-4508-41a4-8cf1-062fbb7bb30c</ns2:guid>
                <ns2:registrationNumber>86663031653170000690003</ns2:registrationNumber>
                <ns2:urlOOS>https://zakupki.gov.ru/223/contract/private/completing/info/view.html?id=2658680</ns2:urlOOS>
                <ns2:createDateTime>2017-03-07T12:53:26</ns2:createDateTime>
                <ns2:customer>
                    <mainInfo>
                        <fullName>Муниципальное бюджетное дошкольное образовательное учреждение - детский сад "Детство"</fullName>
                        <shortName>МБДОУ - детский сад "Детство"</shortName>
                        <iko>86663031653667301001</iko>
                        <inn>6663031653</inn>
                        <kpp>667301001</kpp>
                        <ogrn>1026605617686</ogrn>
                        <legalAddress>620088, Свердловская, Екатеринбург, Банникова, дом 7</legalAddress>
                        <postalAddress>г. Екатеринбург, пер. Банникова, 7</postalAddress>
                        <phone>7-343-3382867</phone>
                        <email>dsdetstvo@yandex.ru</email>
                        <okato>65401000000</okato>
                        <okpo>3990333</okpo>
                    </mainInfo>
                </ns2:customer>
                <ns2:placer>
                    <mainInfo>
                        <fullName>Муниципальное бюджетное дошкольное образовательное учреждение - детский сад "Детство"</fullName>
                        <shortName>МБДОУ - детский сад "Детство"</shortName>
                        <iko>86663031653667301001</iko>
                        <inn>6663031653</inn>
                        <kpp>667301001</kpp>
                        <ogrn>1026605617686</ogrn>
                        <legalAddress>620088, Свердловская, Екатеринбург, Банникова, дом 7</legalAddress>
                        <postalAddress>г. Екатеринбург, пер. Банникова, 7</postalAddress>
                        <phone>7-343-3382867</phone>
                        <email>dsdetstvo@yandex.ru</email>
                        <okato>65401000000</okato>
                        <okpo>3990333</okpo>
                    </mainInfo>
                </ns2:placer>
                <ns2:publicationDate>2017-03-29T13:18:44</ns2:publicationDate>
                <ns2:status>P</ns2:status>
                <ns2:version>1</ns2:version>
                <ns2:completed>true</ns2:completed>
                <ns2:attachments>
                    <totalDocumentsCount>2</totalDocumentsCount>
                    <document>
                        <guid>9dfa102a-d270-4c7f-aae9-996e4b899688</guid>
                        <createDateTime>2017-03-29T13:18:11</createDateTime>
                        <fileName>накл16.pdf</fileName>
                        <description>ПП 16</description>
                        <url>https://zakupki.gov.ru/223/contract/private/download/download.html?id=11695381</url>
                        <registrationNumber>86663031653170000690004</registrationNumber>
                    </document>
                    <document>
                        <guid>e5d046c6-4f10-48e2-9dd1-0ada00d81a3e</guid>
                        <createDateTime>2017-03-29T13:17:45</createDateTime>
                        <fileName>Накладная_№16-03-17_пароконвектомат_дс22.pdf</fileName>
                        <description>Накладная_№16-03-17_пароконвектомат_дс22</description>
                        <url>https://zakupki.gov.ru/223/contract/private/download/download.html?id=11695356</url>
                        <registrationNumber>86663031653170000690005</registrationNumber>
                    </document>
                </ns2:attachments>
                <ns2:hasPenalty>false</ns2:hasPenalty>
                <ns2:contractRegNumber>86663031653170000690000</ns2:contractRegNumber>
                <ns2:contractInfo>
                    <ns2:guid>5477b092-46f4-4f4b-ae52-62e24bbc4f03</ns2:guid>
                    <ns2:name>16-03-17</ns2:name>
                    <ns2:agencyName>МБДОУ - детский сад "Детство"</ns2:agencyName>
                    <ns2:supplierName>ОБЩЕСТВО С ОГРАНИЧЕННОЙ ОТВЕТСТВЕННОСТЬЮ "ПРОБУЖДЕНИЕ"</ns2:supplierName>
                    <ns2:lotInfo>Поставка пароконвектомата для детского сада №22</ns2:lotInfo>
                    <ns2:contractDate>2017-03-03</ns2:contractDate>
                </ns2:contractInfo>
                <ns2:positions>
                    <ns2:position>
                        <ns2:ordinal>1</ns2:ordinal>
                        <ns2:paymentDate>2017-03-10</ns2:paymentDate>
                        <ns2:price>192000</ns2:price>
                        <ns2:currency>
                            <code>RUB</code>
                            <digitalCode>643</digitalCode>
                            <name>Российский рубль</name>
                        </ns2:currency>
                        <ns2:rubPrice>192000</ns2:rubPrice>
                        <ns2:prepaid>false</ns2:prepaid>
                        <ns2:docs>
                            <ns2:doc>
                                <ns2:ordinal>1</ns2:ordinal>
                                <ns2:date>2017-03-03</ns2:date>
                                <ns2:code>01</ns2:code>
                                <ns2:name>товарная накладная</ns2:name>
                                <ns2:number>16</ns2:number>
                                <ns2:contractPosition>
                                    <ns2:guid>6b839d2a-6c7f-42b2-9d79-28b4f88f603c</ns2:guid>
                                    <ns2:name>Пароконвектоматы</ns2:name>
                                    <ns2:okpd2>
                                        <code>28.93.15.126</code>
                                        <name>Пароконвектоматы</name>
                                    </ns2:okpd2>
                                </ns2:contractPosition>
                                <ns2:okei>
                                    <code>796</code>
                                    <name>Штука</name>
                                </ns2:okei>
                                <ns2:qty>1</ns2:qty>
                            </ns2:doc>
                            <ns2:doc>
                                <ns2:ordinal>2</ns2:ordinal>
                                <ns2:code>01</ns2:code>
                                <ns2:name>товарная накладная</ns2:name>
                                <ns2:contractPosition>
                                    <ns2:guid>2528a4a6-4183-4999-a06f-251bb0301cdc</ns2:guid>
                                    <ns2:name>Изделия прочие из недрагоценных металлов, не включенные в другие группировки</ns2:name>
                                    <ns2:okpd2>
                                        <code>25.99.29.190</code>
                                        <name>Изделия прочие из недрагоценных металлов, не включенные в другие группировки</name>
                                    </ns2:okpd2>
                                </ns2:contractPosition>
                                <ns2:okei>
                                    <code>796</code>
                                    <name>Штука</name>
                                </ns2:okei>
                                <ns2:qty>1</ns2:qty>
                            </ns2:doc>
                        </ns2:docs>
                    </ns2:position>
                    <ns2:total>192000</ns2:total>
                </ns2:positions>
            </ns2:performanceContractData>
        </ns2:item>
    </ns2:body>
</ns2:performanceContract>
