<?xml version="1.0" encoding="UTF-8" standalone="yes"?>
<ns2:performanceContract xsi:schemaLocation="http://zakupki.gov.ru/223/integration/schema/TFF-5.2 http://zakupki.gov.ru/223/integration/schema/TFF-5.2/Types.xsd" xmlns="http://zakupki.gov.ru/223fz/types/1" xmlns:ns10="http://zakupki.gov.ru/223fz/complaint/1" xmlns:ns11="http://zakupki.gov.ru/223fz/notificationIssue/1" xmlns:ns12="http://zakupki.gov.ru/223fz/purchasePlanProject/1" xmlns:ns13="http://zakupki.gov.ru/223fz/purchase/1" xmlns:ns14="http://zakupki.gov.ru/223fz/purchasePlanProjectAdditionalPosition/1" xmlns:ns15="http://zakupki.gov.ru/223fz/missedNotice/1" xmlns:ns16="http://zakupki.gov.ru/223fz/reference/1" xmlns:ns17="http://zakupki.gov.ru/223fz/stopCommodity/1" xmlns:ns18="http://zakupki.gov.ru/223fz/decisionSuspension/1" xmlns:ns19="http://zakupki.gov.ru/223fz/webRequest/1" xmlns:ns2="http://zakupki.gov.ru/223fz/contract/1" xmlns:xsi="http://www.w3.org/2001/XMLSchema-instance" xmlns:ns3="http://zakupki.gov.ru/223fz/dishonestSupplier/1" xmlns:ns4="http://zakupki.gov.ru/223fz/purchasePlanAdditionalPosition/1" xmlns:ns5="http://zakupki.gov.ru/223fz/purchasePlan/1" xmlns:ns6="http://zakupki.gov.ru/223fz/machineryListInfo/1" xmlns:ns7="http://zakupki.gov.ru/223fz/revenue/1" xmlns:ns8="http://zakupki.gov.ru/223fz/orderClauseList/1" xmlns:ns9="http://zakupki.gov.ru/223fz/disagreementProtocol/1">
    <header>
        <guid>d9f22892-1142-447e-b6f2-f73c2173e6b8</guid>
        <createDateTime>2017-03-29T12:12:36</createDateTime>
    </header>
    <ns2:body>
        <ns2:item>
            <guid>57643d0c-fab8-43d7-95af-bed1f7ef35d3</guid>
            <ns2:performanceContractData>
                <ns2:guid>4c89ada2-52dd-4ef8-8b61-9cb4e9283970</ns2:guid>
                <ns2:registrationNumber>86606026953160000060061</ns2:registrationNumber>
                <ns2:urlOOS>https://zakupki.gov.ru/223/contract/private/completing/info/view.html?id=2657455</ns2:urlOOS>
                <ns2:createDateTime>2016-08-02T14:13:35</ns2:createDateTime>
                <ns2:customer>
                    <mainInfo>
                        <fullName>МУНИЦИПАЛЬНОЕ АВТОНОМНОЕ ОБРАЗОВАТЕЛЬНОЕ УЧРЕЖДЕНИЕ ДОПОЛНИТЕЛЬНОГО ОБРАЗОВАНИЯ "ДЕТСКО-ЮНОШЕСКАЯ СПОРТИВНАЯ ШКОЛА "ЛИДЕР"</fullName>
                        <shortName>МАОУ ДО "ДЮСШ "ЛИДЕР"</shortName>
                        <iko>86606026953668601001</iko>
                        <inn>6606026953</inn>
                        <kpp>668601001</kpp>
                        <ogrn>1086606000414</ogrn>
                        <legalAddress>624080, СВЕРДЛОВСКАЯ, ВЕРХНЯЯ ПЫШМА, ПЕРВОМАЙСКАЯ, дом 50, корпус А</legalAddress>
                        <postalAddress>624080, Свердловская обл, г. Верхняя Пышма, с. Балтым, ул. Первомайская, 50а</postalAddress>
                        <phone>7-34368-77960</phone>
                        <fax>7-34368-77960</fax>
                        <email>lidervp74@mail.ru</email>
                        <okato>65420000000</okato>
                        <okpo>85422004</okpo>
                    </mainInfo>
                </ns2:customer>
                <ns2:placer>
                    <mainInfo>
                        <fullName>МУНИЦИПАЛЬНОЕ АВТОНОМНОЕ ОБРАЗОВАТЕЛЬНОЕ УЧРЕЖДЕНИЕ ДОПОЛНИТЕЛЬНОГО ОБРАЗОВАНИЯ "ДЕТСКО-ЮНОШЕСКАЯ СПОРТИВНАЯ ШКОЛА "ЛИДЕР"</fullName>
                        <shortName>МАОУ ДО "ДЮСШ "ЛИДЕР"</shortName>
                        <iko>86606026953668601001</iko>
                        <inn>6606026953</inn>
                        <kpp>668601001</kpp>
                        <ogrn>1086606000414</ogrn>
                        <legalAddress>624080, СВЕРДЛОВСКАЯ, ВЕРХНЯЯ ПЫШМА, ПЕРВОМАЙСКАЯ, дом 50, корпус А</legalAddress>
                        <postalAddress>624080, Свердловская обл, г. Верхняя Пышма, с. Балтым, ул. Первомайская, 50а</postalAddress>
                        <phone>7-34368-77960</phone>
                        <fax>7-34368-77960</fax>
                        <email>lidervp74@mail.ru</email>
                        <okato>65420000000</okato>
                        <okpo>85422004</okpo>
                    </mainInfo>
                </ns2:placer>
                <ns2:publicationDate>2017-03-29T12:12:36</ns2:publicationDate>
                <ns2:status>P</ns2:status>
                <ns2:version>3</ns2:version>
                <ns2:completed>true</ns2:completed>
                <ns2:modificationDescription>оплата</ns2:modificationDescription>
                <ns2:attachments>
                    <totalDocumentsCount>32</totalDocumentsCount>
                    <document>
                        <guid>29c22ef4-467f-4181-9a61-202b39dad94e</guid>
                        <createDateTime>2017-03-29T11:57:57</createDateTime>
                        <fileName>ПП 1367 от 12.12.16 (12 241,06).jpg</fileName>
                        <description>ПП 1367 от 12.12.16 (12 241,06)</description>
                        <url>https://zakupki.gov.ru/223/contract/private/download/download.html?id=11690816</url>
                        <registrationNumber>86606026953160000060062</registrationNumber>
                    </document>
                    <document>
                        <guid>dc3b9ac5-ed1b-4ecd-8476-42d9c71170b7</guid>
                        <createDateTime>2017-03-29T12:01:55</createDateTime>
                        <fileName>ТН 26481 от 31.12.2016г. 19 279,65.jpg</fileName>
                        <description>ТН 26481 от 31.12.2016г. 19 279,65</description>
                        <url>https://zakupki.gov.ru/223/contract/private/download/download.html?id=11691143</url>
                        <registrationNumber>86606026953160000060063</registrationNumber>
                    </document>
                    <document>
                        <guid>4f8efe8d-b210-4923-9432-b19ba7df2896</guid>
                        <createDateTime>2017-03-29T12:04:22</createDateTime>
                        <fileName>СФ 3534 от 30.11.16 (1 580,56).jpg</fileName>
                        <description>СФ 3534 от 30.11.16 (1 580,56)</description>
                        <url>https://zakupki.gov.ru/223/contract/private/download/download.html?id=11691336</url>
                        <registrationNumber>86606026953160000060064</registrationNumber>
                    </document>
                    <document>
                        <guid>88452c4a-af11-44e3-8648-64a11451f800</guid>
                        <createDateTime>2017-03-29T12:00:25</createDateTime>
                        <fileName>СФ 23661 от 30.11.16 (12 241,06) 2 стр..jpg</fileName>
                        <description>СФ 23661 от 30.11.16 (12 241,06) 2 стр.</description>
                        <url>https://zakupki.gov.ru/223/contract/private/download/download.html?id=11691082</url>
                        <registrationNumber>86606026953160000060065</registrationNumber>
                    </document>
                    <document>
                        <guid>51522f5b-edfc-45d9-8e66-bf5af602f9f7</guid>
                        <createDateTime>2016-03-25T09:47:00</createDateTime>
                        <fileName>ПП 21704,67.jpg</fileName>
                        <description>ПП 21704,67</description>
                        <url>https://zakupki.gov.ru/223/contract/private/download/download.html?id=11688973</url>
                        <registrationNumber>86606026953160000060066</registrationNumber>
                    </document>
                    <document>
                        <guid>12be83da-cc32-4272-9fe8-8039f6a59da1</guid>
                        <createDateTime>2017-03-29T12:02:53</createDateTime>
                        <fileName>ПП 1266 от 24.11.16 (1 825,39).jpg</fileName>
                        <description>ПП 1266 от 24.11.16 (1 825,39)</description>
                        <url>https://zakupki.gov.ru/223/contract/private/download/download.html?id=11691214</url>
                        <registrationNumber>86606026953160000060067</registrationNumber>
                    </document>
                    <document>
                        <guid>3d5acf65-ab1b-4ea7-a09b-6701cbea7d53</guid>
                        <createDateTime>2016-03-25T12:05:59</createDateTime>
                        <fileName>ТН за февраль 1стр..jpg</fileName>
                        <description>ТН за февраль 1стр.</description>
                        <url>https://zakupki.gov.ru/223/contract/private/download/download.html?id=11688974</url>
                        <registrationNumber>86606026953160000060068</registrationNumber>
                    </document>
                    <document>
                        <guid>6c83a597-ca38-4e2e-9421-0679d05d8754</guid>
                        <createDateTime>2016-08-04T09:51:37</createDateTime>
                        <fileName>ПП 506 (1 899,54).jpg</fileName>
                        <description>ПП 506 (1 899,54)</description>
                        <url>https://zakupki.gov.ru/223/contract/private/download/download.html?id=11688975</url>
                        <registrationNumber>86606026953160000060069</registrationNumber>
                    </document>
                    <document>
                        <guid>987127dd-0d70-4a9c-8c1e-de3bb97bd29e</guid>
                        <createDateTime>2016-08-04T09:55:40</createDateTime>
                        <fileName>ТН 7704от 31.03.16 15 844,67 2 стр.jpg</fileName>
                        <description>ТН 7704от 31.03.16 15 844,67 2 стр</description>
                        <url>https://zakupki.gov.ru/223/contract/private/download/download.html?id=11688976</url>
                        <registrationNumber>86606026953160000060070</registrationNumber>
                    </document>
                    <document>
                        <guid>a644771f-f3bf-4292-afb1-a1a0ed065013</guid>
                        <createDateTime>2017-03-29T12:05:38</createDateTime>
                        <fileName>ПП 13 от 20.01.17 (2 479,24).jpg</fileName>
                        <description>ПП 13 от 20.01.17 (2 479,24)</description>
                        <url>https://zakupki.gov.ru/223/contract/private/download/download.html?id=11691409</url>
                        <registrationNumber>86606026953160000060071</registrationNumber>
                    </document>
                    <document>
                        <guid>8d035b70-a0d2-4c24-bad0-8f78571e8dc3</guid>
                        <createDateTime>2016-08-04T09:56:06</createDateTime>
                        <fileName>Акт 1337от 30.04.16  (1 349,06).jpg</fileName>
                        <description>Акт 1337от 30.04.16  (1 349,06)</description>
                        <url>https://zakupki.gov.ru/223/contract/private/download/download.html?id=11688977</url>
                        <registrationNumber>86606026953160000060072</registrationNumber>
                    </document>
                    <document>
                        <guid>b1de49dc-605f-43cf-87de-de1be43a2126</guid>
                        <createDateTime>2016-08-04T09:55:29</createDateTime>
                        <fileName>ТН 7704от 31.03.16 15 844,67 1 стр.jpg</fileName>
                        <description>ТН 7704от 31.03.16 15 844,67 1 стр</description>
                        <url>https://zakupki.gov.ru/223/contract/private/download/download.html?id=11688978</url>
                        <registrationNumber>86606026953160000060073</registrationNumber>
                    </document>
                    <document>
                        <guid>b501df38-0c67-47cc-ba3e-1e16819e9a9c</guid>
                        <createDateTime>2017-03-29T12:02:04</createDateTime>
                        <fileName>ТН 26481 от 31.12.2016г. 19 279,65 2 стр..jpg</fileName>
                        <description>ТН 26481 от 31.12.2016г. 19 279,65 2 стр.</description>
                        <url>https://zakupki.gov.ru/223/contract/private/download/download.html?id=11691155</url>
                        <registrationNumber>86606026953160000060074</registrationNumber>
                    </document>
                    <document>
                        <guid>478f477d-b78c-4731-969f-410fba788905</guid>
                        <createDateTime>2016-08-04T09:51:08</createDateTime>
                        <fileName>Акт 907 ( 1 899,54).jpg</fileName>
                        <description>Акт 907 ( 1 899,54)</description>
                        <url>https://zakupki.gov.ru/223/contract/private/download/download.html?id=11688979</url>
                        <registrationNumber>86606026953160000060075</registrationNumber>
                    </document>
                    <document>
                        <guid>5e357dd7-f3e5-41bc-b4e0-111805e02904</guid>
                        <createDateTime>2016-08-04T09:57:28</createDateTime>
                        <fileName>ПП 589 (11 227,22).jpg</fileName>
                        <description>ПП 589 (11 227,22)</description>
                        <url>https://zakupki.gov.ru/223/contract/private/download/download.html?id=11688980</url>
                        <registrationNumber>86606026953160000060076</registrationNumber>
                    </document>
                    <document>
                        <guid>213a7dc6-9bd1-4118-935a-9173907f04d8</guid>
                        <createDateTime>2016-08-04T09:56:30</createDateTime>
                        <fileName>ПП 608 (1 349,06).jpg</fileName>
                        <description>ПП 608 (1 349,06)</description>
                        <url>https://zakupki.gov.ru/223/contract/private/download/download.html?id=11688981</url>
                        <registrationNumber>86606026953160000060077</registrationNumber>
                    </document>
                    <document>
                        <guid>da8762a8-108a-4e1c-9ea1-0566d5a57cee</guid>
                        <createDateTime>2016-03-25T09:46:51</createDateTime>
                        <fileName>ТН 21704,67 2 стр.jpg</fileName>
                        <description>ТН 21704,67 2 стр</description>
                        <url>https://zakupki.gov.ru/223/contract/private/download/download.html?id=11688982</url>
                        <registrationNumber>86606026953160000060078</registrationNumber>
                    </document>
                    <document>
                        <guid>c991f664-1fa1-49c9-b8dd-c26d44da9ca3</guid>
                        <createDateTime>2016-03-25T09:36:53</createDateTime>
                        <fileName>акт за январь 16, 2 605,84.jpg</fileName>
                        <description>акт за январь 16, 2 605,84</description>
                        <url>https://zakupki.gov.ru/223/contract/private/download/download.html?id=11688983</url>
                        <registrationNumber>86606026953160000060079</registrationNumber>
                    </document>
                    <document>
                        <guid>eb59c107-95c2-4bf3-b522-16d4382943aa</guid>
                        <createDateTime>2016-08-04T09:52:31</createDateTime>
                        <fileName>ПП 464 (15 844,67).jpg</fileName>
                        <description>ПП 464 (15 844,67)</description>
                        <url>https://zakupki.gov.ru/223/contract/private/download/download.html?id=11688984</url>
                        <registrationNumber>86606026953160000060080</registrationNumber>
                    </document>
                    <document>
                        <guid>b993ec3e-272d-475e-be84-b8dcd85a0bc7</guid>
                        <createDateTime>2016-03-25T12:06:05</createDateTime>
                        <fileName>ТН за февраль 2стр..jpg</fileName>
                        <description>ТН за февраль 2стр.</description>
                        <url>https://zakupki.gov.ru/223/contract/private/download/download.html?id=11688985</url>
                        <registrationNumber>86606026953160000060081</registrationNumber>
                    </document>
                    <document>
                        <guid>c4f3338b-b7d0-4a1e-8027-1ff640962332</guid>
                        <createDateTime>2017-03-29T11:57:30</createDateTime>
                        <fileName>ПП 1236 т 11.11.16 ( 14 149,10).jpg</fileName>
                        <description>ПП 1236 т 11.11.16 ( 14 149,10)</description>
                        <url>https://zakupki.gov.ru/223/contract/private/download/download.html?id=11690778</url>
                        <registrationNumber>86606026953160000060082</registrationNumber>
                    </document>
                    <document>
                        <guid>e9d6b4e4-0384-4133-9e4b-871944fc34f3</guid>
                        <createDateTime>2016-03-25T12:04:44</createDateTime>
                        <fileName>пп за февраль.jpg</fileName>
                        <description>пп за февраль</description>
                        <url>https://zakupki.gov.ru/223/contract/private/download/download.html?id=11688986</url>
                        <registrationNumber>86606026953160000060083</registrationNumber>
                    </document>
                    <document>
                        <guid>0125e4d2-6c9f-4fa6-a274-064c5006c2e1</guid>
                        <createDateTime>2016-03-25T12:02:41</createDateTime>
                        <fileName>ПП 2605,84.jpg</fileName>
                        <description>ПП 2605,84</description>
                        <url>https://zakupki.gov.ru/223/contract/private/download/download.html?id=11688987</url>
                        <registrationNumber>86606026953160000060084</registrationNumber>
                    </document>
                    <document>
                        <guid>80f20f81-a854-472f-a226-304ff96dc70f</guid>
                        <createDateTime>2016-03-25T12:03:59</createDateTime>
                        <fileName>акт за февраль 2099,33.jpg</fileName>
                        <description>акт за февраль 2099,33</description>
                        <url>https://zakupki.gov.ru/223/contract/private/download/download.html?id=11688988</url>
                        <registrationNumber>86606026953160000060085</registrationNumber>
                    </document>
                    <document>
                        <guid>cd05ba90-5652-4921-8fd6-726b8438192d</guid>
                        <createDateTime>2016-03-25T09:46:42</createDateTime>
                        <fileName>ТН январь 21704,67.jpg</fileName>
                        <description>ТН январь 21704,67</description>
                        <url>https://zakupki.gov.ru/223/contract/private/download/download.html?id=11688989</url>
                        <registrationNumber>86606026953160000060086</registrationNumber>
                    </document>
                    <document>
                        <guid>95715916-551a-4a3a-9c46-531e8232be8c</guid>
                        <createDateTime>2016-03-25T12:07:04</createDateTime>
                        <fileName>пп за февраль 17475,29.jpg</fileName>
                        <description>пп за февраль 17475,29</description>
                        <url>https://zakupki.gov.ru/223/contract/private/download/download.html?id=11688990</url>
                        <registrationNumber>86606026953160000060087</registrationNumber>
                    </document>
                    <document>
                        <guid>5de8e8ad-b7e6-4789-8819-4999975d4fe7</guid>
                        <createDateTime>2017-03-29T12:03:17</createDateTime>
                        <fileName>СФ 1444 от 31.10.16 (1 825,39).jpg</fileName>
                        <description>СФ 1444 от 31.10.16 (1 825,39)</description>
                        <url>https://zakupki.gov.ru/223/contract/private/download/download.html?id=11691235</url>
                        <registrationNumber>86606026953160000060088</registrationNumber>
                    </document>
                    <document>
                        <guid>4b47bac4-898c-4fd2-8226-a14fd813d926</guid>
                        <createDateTime>2017-03-29T12:00:07</createDateTime>
                        <fileName>СФ 23661 от 30.11.16 (12 241,06).jpg</fileName>
                        <description>СФ 23661 от 30.11.16 (12 241,06)</description>
                        <url>https://zakupki.gov.ru/223/contract/private/download/download.html?id=11691052</url>
                        <registrationNumber>86606026953160000060089</registrationNumber>
                    </document>
                    <document>
                        <guid>2ac472c0-9b85-4170-b1c9-06d84b6419bd</guid>
                        <createDateTime>2017-03-29T11:58:40</createDateTime>
                        <fileName>ПП 10 от 20.01.17 (19 279,65) за декабрь 16.jpg</fileName>
                        <description>ПП 10 от 20.01.17 (19 279,65) за декабрь 16</description>
                        <url>https://zakupki.gov.ru/223/contract/private/download/download.html?id=11690926</url>
                        <registrationNumber>86606026953160000060090</registrationNumber>
                    </document>
                    <document>
                        <guid>b7c03cb7-f282-4e55-afbf-7b8bf0f523ca</guid>
                        <createDateTime>2017-03-29T11:59:21</createDateTime>
                        <fileName>СФ 20867 от 31.10.16 (14 149,10).jpg</fileName>
                        <description>СФ 20867 от 31.10.16 (14 149,10)</description>
                        <url>https://zakupki.gov.ru/223/contract/private/download/download.html?id=11690991</url>
                        <registrationNumber>86606026953160000060091</registrationNumber>
                    </document>
                    <document>
                        <guid>44af4ca8-c015-43c5-b972-a233a7de72af</guid>
                        <createDateTime>2017-03-29T12:03:50</createDateTime>
                        <fileName>ПП1396 от 19.12.16 (1 580,56).jpg</fileName>
                        <description>ПП1396 от 19.12.16 (1 580,56)</description>
                        <url>https://zakupki.gov.ru/223/contract/private/download/download.html?id=11691252</url>
                        <registrationNumber>86606026953160000060092</registrationNumber>
                    </document>
                    <document>
                        <guid>a597e558-2832-44f3-8abd-ff0172f15626</guid>
                        <createDateTime>2017-03-29T12:06:15</createDateTime>
                        <fileName>Акт от 31.12.16 ( 2 479,24).jpg</fileName>
                        <description>Акт от 31.12.16 ( 2 479,24)</description>
                        <url>https://zakupki.gov.ru/223/contract/private/download/download.html?id=11691452</url>
                        <registrationNumber>86606026953160000060093</registrationNumber>
                    </document>
                </ns2:attachments>
                <ns2:hasPenalty>false</ns2:hasPenalty>
                <ns2:contractRegNumber>86606026953160000060000</ns2:contractRegNumber>
                <ns2:contractInfo>
                    <ns2:guid>8b61b74c-768f-4d95-97ba-7fc842cb70a9</ns2:guid>
                    <ns2:name>4-3036/16</ns2:name>
                    <ns2:agencyName>МАОУ ДО "ДЮСШ "ЛИДЕР"</ns2:agencyName>
                    <ns2:supplierName>ОА "Уралсевергаз"</ns2:supplierName>
                    <ns2:lotInfo>поставка и транспортировка газа</ns2:lotInfo>
                    <ns2:contractDate>2016-02-16</ns2:contractDate>
                </ns2:contractInfo>
                <ns2:positions>
                    <ns2:position>
                        <ns2:ordinal>16</ns2:ordinal>
                        <ns2:paymentDate>2017-01-20</ns2:paymentDate>
                        <ns2:price>19279.65</ns2:price>
                        <ns2:currency>
                            <code>RUB</code>
                            <digitalCode>643</digitalCode>
                            <name>Российский рубль</name>
                        </ns2:currency>
                        <ns2:rubPrice>19279.65</ns2:rubPrice>
                        <ns2:prepaid>false</ns2:prepaid>
                        <ns2:docs>
                            <ns2:doc>
                                <ns2:ordinal>1</ns2:ordinal>
                                <ns2:date>2016-12-31</ns2:date>
                                <ns2:code>01</ns2:code>
                                <ns2:name>товарная накладная</ns2:name>
                                <ns2:number>26481</ns2:number>
                                <ns2:contractPosition>
                                    <ns2:guid>3cabb75d-0882-014e-e053-ac11070d70ec</ns2:guid>
                                    <ns2:name>Услуги по распределению и снабжению газовым топливом всех видов по системам распределительных трубопроводов</ns2:name>
                                    <ns2:okpd2>
                                        <code>35.22.10.110</code>
                                        <name>Услуги по распределению и снабжению газовым топливом всех видов по системам распределительных трубопроводов</name>
                                    </ns2:okpd2>
                                </ns2:contractPosition>
                                <ns2:okei>
                                    <code>876</code>
                                    <name>Условная единица</name>
                                </ns2:okei>
                                <ns2:qty>1</ns2:qty>
                            </ns2:doc>
                        </ns2:docs>
                    </ns2:position>
                    <ns2:position>
                        <ns2:ordinal>13</ns2:ordinal>
                        <ns2:paymentDate>2016-12-19</ns2:paymentDate>
                        <ns2:price>1580.56</ns2:price>
                        <ns2:currency>
                            <code>RUB</code>
                            <digitalCode>643</digitalCode>
                            <name>Российский рубль</name>
                        </ns2:currency>
                        <ns2:rubPrice>1580.56</ns2:rubPrice>
                        <ns2:prepaid>false</ns2:prepaid>
                        <ns2:docs>
                            <ns2:doc>
                                <ns2:ordinal>1</ns2:ordinal>
                                <ns2:date>2016-11-30</ns2:date>
                                <ns2:code>19</ns2:code>
                                <ns2:name>счет-фактура</ns2:name>
                                <ns2:number>000000003534</ns2:number>
                                <ns2:contractPosition>
                                    <ns2:guid>3cabb75d-0882-014e-e053-ac11070d70ec</ns2:guid>
                                    <ns2:name>Услуги по распределению и снабжению газовым топливом всех видов по системам распределительных трубопроводов</ns2:name>
                                    <ns2:okpd2>
                                        <code>35.22.10.110</code>
                                        <name>Услуги по распределению и снабжению газовым топливом всех видов по системам распределительных трубопроводов</name>
                                    </ns2:okpd2>
                                </ns2:contractPosition>
                                <ns2:okei>
                                    <code>876</code>
                                    <name>Условная единица</name>
                                </ns2:okei>
                                <ns2:qty>1</ns2:qty>
                            </ns2:doc>
                        </ns2:docs>
                    </ns2:position>
                    <ns2:position>
                        <ns2:ordinal>14</ns2:ordinal>
                        <ns2:paymentDate>2016-12-12</ns2:paymentDate>
                        <ns2:price>12241.06</ns2:price>
                        <ns2:currency>
                            <code>RUB</code>
                            <digitalCode>643</digitalCode>
                            <name>Российский рубль</name>
                        </ns2:currency>
                        <ns2:rubPrice>12241.06</ns2:rubPrice>
                        <ns2:prepaid>false</ns2:prepaid>
                        <ns2:docs>
                            <ns2:doc>
                                <ns2:ordinal>1</ns2:ordinal>
                                <ns2:date>2016-11-30</ns2:date>
                                <ns2:code>19</ns2:code>
                                <ns2:name>счет-фактура</ns2:name>
                                <ns2:number>23661</ns2:number>
                                <ns2:contractPosition>
                                    <ns2:guid>3cabb75d-0882-014e-e053-ac11070d70ec</ns2:guid>
                                    <ns2:name>Услуги по распределению и снабжению газовым топливом всех видов по системам распределительных трубопроводов</ns2:name>
                                    <ns2:okpd2>
                                        <code>35.22.10.110</code>
                                        <name>Услуги по распределению и снабжению газовым топливом всех видов по системам распределительных трубопроводов</name>
                                    </ns2:okpd2>
                                </ns2:contractPosition>
                                <ns2:okei>
                                    <code>876</code>
                                    <name>Условная единица</name>
                                </ns2:okei>
                                <ns2:qty>1</ns2:qty>
                            </ns2:doc>
                        </ns2:docs>
                    </ns2:position>
                    <ns2:position>
                        <ns2:ordinal>10</ns2:ordinal>
                        <ns2:paymentDate>2016-06-07</ns2:paymentDate>
                        <ns2:price>7367.71</ns2:price>
                        <ns2:currency>
                            <code>RUB</code>
                            <digitalCode>643</digitalCode>
                            <name>Российский рубль</name>
                        </ns2:currency>
                        <ns2:rubPrice>7367.71</ns2:rubPrice>
                        <ns2:prepaid>false</ns2:prepaid>
                        <ns2:docs>
                            <ns2:doc>
                                <ns2:ordinal>1</ns2:ordinal>
                                <ns2:date>2016-05-31</ns2:date>
                                <ns2:code>01</ns2:code>
                                <ns2:name>товарная накладная</ns2:name>
                                <ns2:number>12550</ns2:number>
                                <ns2:contractPosition>
                                    <ns2:guid>3cabb75d-0882-014e-e053-ac11070d70ec</ns2:guid>
                                    <ns2:name>Услуги по распределению и снабжению газовым топливом всех видов по системам распределительных трубопроводов</ns2:name>
                                    <ns2:okpd2>
                                        <code>35.22.10.110</code>
                                        <name>Услуги по распределению и снабжению газовым топливом всех видов по системам распределительных трубопроводов</name>
                                    </ns2:okpd2>
                                </ns2:contractPosition>
                                <ns2:okei>
                                    <code>876</code>
                                    <name>Условная единица</name>
                                </ns2:okei>
                                <ns2:qty>1</ns2:qty>
                            </ns2:doc>
                        </ns2:docs>
                    </ns2:position>
                    <ns2:position>
                        <ns2:ordinal>5</ns2:ordinal>
                        <ns2:paymentDate>2016-04-14</ns2:paymentDate>
                        <ns2:price>1899.54</ns2:price>
                        <ns2:currency>
                            <code>RUB</code>
                            <digitalCode>643</digitalCode>
                            <name>Российский рубль</name>
                        </ns2:currency>
                        <ns2:rubPrice>1899.54</ns2:rubPrice>
                        <ns2:prepaid>false</ns2:prepaid>
                        <ns2:docs>
                            <ns2:doc>
                                <ns2:ordinal>1</ns2:ordinal>
                                <ns2:date>2016-03-31</ns2:date>
                                <ns2:code>20</ns2:code>
                                <ns2:name>акт выполненных работ</ns2:name>
                                <ns2:number>10/00000907</ns2:number>
                                <ns2:contractPosition>
                                    <ns2:guid>3cabb75d-0882-014e-e053-ac11070d70ec</ns2:guid>
                                    <ns2:name>Услуги по распределению и снабжению газовым топливом всех видов по системам распределительных трубопроводов</ns2:name>
                                    <ns2:okpd2>
                                        <code>35.22.10.110</code>
                                        <name>Услуги по распределению и снабжению газовым топливом всех видов по системам распределительных трубопроводов</name>
                                    </ns2:okpd2>
                                </ns2:contractPosition>
                                <ns2:okei>
                                    <code>876</code>
                                    <name>Условная единица</name>
                                </ns2:okei>
                                <ns2:qty>1</ns2:qty>
                            </ns2:doc>
                        </ns2:docs>
                    </ns2:position>
                    <ns2:position>
                        <ns2:ordinal>8</ns2:ordinal>
                        <ns2:paymentDate>2016-05-10</ns2:paymentDate>
                        <ns2:price>11227.22</ns2:price>
                        <ns2:currency>
                            <code>RUB</code>
                            <digitalCode>643</digitalCode>
                            <name>Российский рубль</name>
                        </ns2:currency>
                        <ns2:rubPrice>11227.22</ns2:rubPrice>
                        <ns2:prepaid>false</ns2:prepaid>
                        <ns2:docs>
                            <ns2:doc>
                                <ns2:ordinal>1</ns2:ordinal>
                                <ns2:date>2016-04-30</ns2:date>
                                <ns2:code>01</ns2:code>
                                <ns2:name>товарная накладная</ns2:name>
                                <ns2:number>10414</ns2:number>
                                <ns2:contractPosition>
                                    <ns2:guid>3cabb75d-0882-014e-e053-ac11070d70ec</ns2:guid>
                                    <ns2:name>Услуги по распределению и снабжению газовым топливом всех видов по системам распределительных трубопроводов</ns2:name>
                                    <ns2:okpd2>
                                        <code>35.22.10.110</code>
                                        <name>Услуги по распределению и снабжению газовым топливом всех видов по системам распределительных трубопроводов</name>
                                    </ns2:okpd2>
                                </ns2:contractPosition>
                                <ns2:okei>
                                    <code>876</code>
                                    <name>Условная единица</name>
                                </ns2:okei>
                                <ns2:qty>1</ns2:qty>
                            </ns2:doc>
                        </ns2:docs>
                    </ns2:position>
                    <ns2:position>
                        <ns2:ordinal>6</ns2:ordinal>
                        <ns2:paymentDate>2016-04-08</ns2:paymentDate>
                        <ns2:price>15844.67</ns2:price>
                        <ns2:currency>
                            <code>RUB</code>
                            <digitalCode>643</digitalCode>
                            <name>Российский рубль</name>
                        </ns2:currency>
                        <ns2:rubPrice>15844.67</ns2:rubPrice>
                        <ns2:prepaid>false</ns2:prepaid>
                        <ns2:docs>
                            <ns2:doc>
                                <ns2:ordinal>1</ns2:ordinal>
                                <ns2:date>2016-03-31</ns2:date>
                                <ns2:code>01</ns2:code>
                                <ns2:name>товарная накладная</ns2:name>
                                <ns2:number>7704</ns2:number>
                                <ns2:contractPosition>
                                    <ns2:guid>3cabb75d-0882-014e-e053-ac11070d70ec</ns2:guid>
                                    <ns2:name>Услуги по распределению и снабжению газовым топливом всех видов по системам распределительных трубопроводов</ns2:name>
                                    <ns2:okpd2>
                                        <code>35.22.10.110</code>
                                        <name>Услуги по распределению и снабжению газовым топливом всех видов по системам распределительных трубопроводов</name>
                                    </ns2:okpd2>
                                </ns2:contractPosition>
                                <ns2:okei>
                                    <code>876</code>
                                    <name>Условная единица</name>
                                </ns2:okei>
                                <ns2:qty>1</ns2:qty>
                            </ns2:doc>
                        </ns2:docs>
                    </ns2:position>
                    <ns2:position>
                        <ns2:ordinal>7</ns2:ordinal>
                        <ns2:paymentDate>2016-05-12</ns2:paymentDate>
                        <ns2:price>1349.06</ns2:price>
                        <ns2:currency>
                            <code>RUB</code>
                            <digitalCode>643</digitalCode>
                            <name>Российский рубль</name>
                        </ns2:currency>
                        <ns2:rubPrice>1349.06</ns2:rubPrice>
                        <ns2:prepaid>false</ns2:prepaid>
                        <ns2:docs>
                            <ns2:doc>
                                <ns2:ordinal>1</ns2:ordinal>
                                <ns2:date>2016-04-30</ns2:date>
                                <ns2:code>20</ns2:code>
                                <ns2:name>акт выполненных работ</ns2:name>
                                <ns2:number>10/00001337</ns2:number>
                                <ns2:contractPosition>
                                    <ns2:guid>3cabb75d-0882-014e-e053-ac11070d70ec</ns2:guid>
                                    <ns2:name>Услуги по распределению и снабжению газовым топливом всех видов по системам распределительных трубопроводов</ns2:name>
                                    <ns2:okpd2>
                                        <code>35.22.10.110</code>
                                        <name>Услуги по распределению и снабжению газовым топливом всех видов по системам распределительных трубопроводов</name>
                                    </ns2:okpd2>
                                </ns2:contractPosition>
                                <ns2:okei>
                                    <code>876</code>
                                    <name>Условная единица</name>
                                </ns2:okei>
                                <ns2:qty>1</ns2:qty>
                            </ns2:doc>
                        </ns2:docs>
                    </ns2:position>
                    <ns2:position>
                        <ns2:ordinal>2</ns2:ordinal>
                        <ns2:paymentDate>2016-02-10</ns2:paymentDate>
                        <ns2:price>21704.67</ns2:price>
                        <ns2:currency>
                            <code>RUB</code>
                            <digitalCode>643</digitalCode>
                            <name>Российский рубль</name>
                        </ns2:currency>
                        <ns2:rubPrice>21704.67</ns2:rubPrice>
                        <ns2:prepaid>false</ns2:prepaid>
                        <ns2:docs>
                            <ns2:doc>
                                <ns2:ordinal>2</ns2:ordinal>
                                <ns2:date>2016-01-31</ns2:date>
                                <ns2:code>01</ns2:code>
                                <ns2:name>товарная накладная</ns2:name>
                                <ns2:number>2208</ns2:number>
                                <ns2:contractPosition>
                                    <ns2:guid>3cabb741-6fea-014e-e053-ac11070d70ec</ns2:guid>
                                    <ns2:name>поставка и транспортировка газа</ns2:name>
                                    <ns2:okpd2>
                                        <code>35.22.10.110</code>
                                        <name>Услуги по распределению и снабжению газовым топливом всех видов по системам распределительных трубопроводов</name>
                                    </ns2:okpd2>
                                </ns2:contractPosition>
                                <ns2:okei>
                                    <code>876</code>
                                    <name>Условная единица</name>
                                </ns2:okei>
                                <ns2:qty>1</ns2:qty>
                            </ns2:doc>
                        </ns2:docs>
                    </ns2:position>
                    <ns2:position>
                        <ns2:ordinal>1</ns2:ordinal>
                        <ns2:paymentDate>2016-02-16</ns2:paymentDate>
                        <ns2:price>2605.84</ns2:price>
                        <ns2:currency>
                            <code>RUB</code>
                            <digitalCode>643</digitalCode>
                            <name>Российский рубль</name>
                        </ns2:currency>
                        <ns2:rubPrice>2605.84</ns2:rubPrice>
                        <ns2:prepaid>false</ns2:prepaid>
                        <ns2:docs>
                            <ns2:doc>
                                <ns2:ordinal>1</ns2:ordinal>
                                <ns2:date>2016-01-31</ns2:date>
                                <ns2:code>20</ns2:code>
                                <ns2:name>акт выполненных работ</ns2:name>
                                <ns2:number>10/00000056</ns2:number>
                                <ns2:contractPosition>
                                    <ns2:guid>3cabb741-6fea-014e-e053-ac11070d70ec</ns2:guid>
                                    <ns2:name>поставка и транспортировка газа</ns2:name>
                                    <ns2:okpd2>
                                        <code>35.22.10.110</code>
                                        <name>Услуги по распределению и снабжению газовым топливом всех видов по системам распределительных трубопроводов</name>
                                    </ns2:okpd2>
                                </ns2:contractPosition>
                                <ns2:okei>
                                    <code>876</code>
                                    <name>Условная единица</name>
                                </ns2:okei>
                                <ns2:qty>1</ns2:qty>
                            </ns2:doc>
                        </ns2:docs>
                    </ns2:position>
                    <ns2:position>
                        <ns2:ordinal>3</ns2:ordinal>
                        <ns2:paymentDate>2016-03-14</ns2:paymentDate>
                        <ns2:price>2099.33</ns2:price>
                        <ns2:currency>
                            <code>RUB</code>
                            <digitalCode>643</digitalCode>
                            <name>Российский рубль</name>
                        </ns2:currency>
                        <ns2:rubPrice>2099.33</ns2:rubPrice>
                        <ns2:prepaid>false</ns2:prepaid>
                        <ns2:docs>
                            <ns2:doc>
                                <ns2:ordinal>3</ns2:ordinal>
                                <ns2:date>2016-02-29</ns2:date>
                                <ns2:code>20</ns2:code>
                                <ns2:name>акт выполненных работ</ns2:name>
                                <ns2:number>10/00000480</ns2:number>
                                <ns2:contractPosition>
                                    <ns2:guid>3cabb741-6fea-014e-e053-ac11070d70ec</ns2:guid>
                                    <ns2:name>поставка и транспортировка газа</ns2:name>
                                    <ns2:okpd2>
                                        <code>35.22.10.110</code>
                                        <name>Услуги по распределению и снабжению газовым топливом всех видов по системам распределительных трубопроводов</name>
                                    </ns2:okpd2>
                                </ns2:contractPosition>
                                <ns2:okei>
                                    <code>876</code>
                                    <name>Условная единица</name>
                                </ns2:okei>
                                <ns2:qty>1</ns2:qty>
                            </ns2:doc>
                        </ns2:docs>
                    </ns2:position>
                    <ns2:position>
                        <ns2:ordinal>4</ns2:ordinal>
                        <ns2:paymentDate>2016-03-11</ns2:paymentDate>
                        <ns2:price>17475.29</ns2:price>
                        <ns2:currency>
                            <code>RUB</code>
                            <digitalCode>643</digitalCode>
                            <name>Российский рубль</name>
                        </ns2:currency>
                        <ns2:rubPrice>17475.29</ns2:rubPrice>
                        <ns2:prepaid>false</ns2:prepaid>
                        <ns2:docs>
                            <ns2:doc>
                                <ns2:ordinal>4</ns2:ordinal>
                                <ns2:date>2016-02-29</ns2:date>
                                <ns2:code>01</ns2:code>
                                <ns2:name>товарная накладная</ns2:name>
                                <ns2:number>4956</ns2:number>
                                <ns2:contractPosition>
                                    <ns2:guid>3cabb741-6fea-014e-e053-ac11070d70ec</ns2:guid>
                                    <ns2:name>поставка и транспортировка газа</ns2:name>
                                    <ns2:okpd2>
                                        <code>35.22.10.110</code>
                                        <name>Услуги по распределению и снабжению газовым топливом всех видов по системам распределительных трубопроводов</name>
                                    </ns2:okpd2>
                                </ns2:contractPosition>
                                <ns2:okei>
                                    <code>876</code>
                                    <name>Условная единица</name>
                                </ns2:okei>
                                <ns2:qty>1</ns2:qty>
                            </ns2:doc>
                        </ns2:docs>
                    </ns2:position>
                    <ns2:position>
                        <ns2:ordinal>9</ns2:ordinal>
                        <ns2:paymentDate>2016-06-17</ns2:paymentDate>
                        <ns2:price>883.81</ns2:price>
                        <ns2:currency>
                            <code>RUB</code>
                            <digitalCode>643</digitalCode>
                            <name>Российский рубль</name>
                        </ns2:currency>
                        <ns2:rubPrice>883.81</ns2:rubPrice>
                        <ns2:prepaid>false</ns2:prepaid>
                        <ns2:docs>
                            <ns2:doc>
                                <ns2:ordinal>1</ns2:ordinal>
                                <ns2:date>2016-05-31</ns2:date>
                                <ns2:code>20</ns2:code>
                                <ns2:name>акт выполненных работ</ns2:name>
                                <ns2:number>10/00001740</ns2:number>
                                <ns2:contractPosition>
                                    <ns2:guid>3cabb75d-0882-014e-e053-ac11070d70ec</ns2:guid>
                                    <ns2:name>Услуги по распределению и снабжению газовым топливом всех видов по системам распределительных трубопроводов</ns2:name>
                                    <ns2:okpd2>
                                        <code>35.22.10.110</code>
                                        <name>Услуги по распределению и снабжению газовым топливом всех видов по системам распределительных трубопроводов</name>
                                    </ns2:okpd2>
                                </ns2:contractPosition>
                                <ns2:okei>
                                    <code>876</code>
                                    <name>Условная единица</name>
                                </ns2:okei>
                                <ns2:qty>1</ns2:qty>
                            </ns2:doc>
                        </ns2:docs>
                    </ns2:position>
                    <ns2:position>
                        <ns2:ordinal>11</ns2:ordinal>
                        <ns2:paymentDate>2016-11-24</ns2:paymentDate>
                        <ns2:price>1825.39</ns2:price>
                        <ns2:currency>
                            <code>RUB</code>
                            <digitalCode>643</digitalCode>
                            <name>Российский рубль</name>
                        </ns2:currency>
                        <ns2:rubPrice>1825.39</ns2:rubPrice>
                        <ns2:prepaid>false</ns2:prepaid>
                        <ns2:docs>
                            <ns2:doc>
                                <ns2:ordinal>1</ns2:ordinal>
                                <ns2:date>2016-10-31</ns2:date>
                                <ns2:code>19</ns2:code>
                                <ns2:name>счет-фактура</ns2:name>
                                <ns2:number>000000001444</ns2:number>
                                <ns2:contractPosition>
                                    <ns2:guid>3cabb75d-0882-014e-e053-ac11070d70ec</ns2:guid>
                                    <ns2:name>Услуги по распределению и снабжению газовым топливом всех видов по системам распределительных трубопроводов</ns2:name>
                                    <ns2:okpd2>
                                        <code>35.22.10.110</code>
                                        <name>Услуги по распределению и снабжению газовым топливом всех видов по системам распределительных трубопроводов</name>
                                    </ns2:okpd2>
                                </ns2:contractPosition>
                                <ns2:okei>
                                    <code>876</code>
                                    <name>Условная единица</name>
                                </ns2:okei>
                                <ns2:qty>1</ns2:qty>
                            </ns2:doc>
                        </ns2:docs>
                    </ns2:position>
                    <ns2:position>
                        <ns2:ordinal>15</ns2:ordinal>
                        <ns2:paymentDate>2017-01-20</ns2:paymentDate>
                        <ns2:price>2479.24</ns2:price>
                        <ns2:currency>
                            <code>RUB</code>
                            <digitalCode>643</digitalCode>
                            <name>Российский рубль</name>
                        </ns2:currency>
                        <ns2:rubPrice>2479.24</ns2:rubPrice>
                        <ns2:prepaid>false</ns2:prepaid>
                        <ns2:docs>
                            <ns2:doc>
                                <ns2:ordinal>1</ns2:ordinal>
                                <ns2:date>2016-12-31</ns2:date>
                                <ns2:code>20</ns2:code>
                                <ns2:name>акт выполненных работ</ns2:name>
                                <ns2:number>10/00003948</ns2:number>
                                <ns2:contractPosition>
                                    <ns2:guid>3cabb75d-0882-014e-e053-ac11070d70ec</ns2:guid>
                                    <ns2:name>Услуги по распределению и снабжению газовым топливом всех видов по системам распределительных трубопроводов</ns2:name>
                                    <ns2:okpd2>
                                        <code>35.22.10.110</code>
                                        <name>Услуги по распределению и снабжению газовым топливом всех видов по системам распределительных трубопроводов</name>
                                    </ns2:okpd2>
                                </ns2:contractPosition>
                                <ns2:okei>
                                    <code>876</code>
                                    <name>Условная единица</name>
                                </ns2:okei>
                                <ns2:qty>1</ns2:qty>
                            </ns2:doc>
                        </ns2:docs>
                    </ns2:position>
                    <ns2:position>
                        <ns2:ordinal>12</ns2:ordinal>
                        <ns2:paymentDate>2016-11-11</ns2:paymentDate>
                        <ns2:price>14149.1</ns2:price>
                        <ns2:currency>
                            <code>RUB</code>
                            <digitalCode>643</digitalCode>
                            <name>Российский рубль</name>
                        </ns2:currency>
                        <ns2:rubPrice>14149.1</ns2:rubPrice>
                        <ns2:prepaid>false</ns2:prepaid>
                        <ns2:docs>
                            <ns2:doc>
                                <ns2:ordinal>1</ns2:ordinal>
                                <ns2:date>2016-10-31</ns2:date>
                                <ns2:code>19</ns2:code>
                                <ns2:name>счет-фактура</ns2:name>
                                <ns2:number>20867</ns2:number>
                                <ns2:contractPosition>
                                    <ns2:guid>3cabb75d-0882-014e-e053-ac11070d70ec</ns2:guid>
                                    <ns2:name>Услуги по распределению и снабжению газовым топливом всех видов по системам распределительных трубопроводов</ns2:name>
                                    <ns2:okpd2>
                                        <code>35.22.10.110</code>
                                        <name>Услуги по распределению и снабжению газовым топливом всех видов по системам распределительных трубопроводов</name>
                                    </ns2:okpd2>
                                </ns2:contractPosition>
                                <ns2:okei>
                                    <code>881</code>
                                    <name>Условная банка</name>
                                </ns2:okei>
                                <ns2:qty>1</ns2:qty>
                            </ns2:doc>
                        </ns2:docs>
                    </ns2:position>
                    <ns2:total>134012.14</ns2:total>
                </ns2:positions>
            </ns2:performanceContractData>
        </ns2:item>
    </ns2:body>
</ns2:performanceContract>
