<?xml version="1.0" encoding="UTF-8" standalone="yes"?>
<ns2:performanceContract xsi:schemaLocation="http://zakupki.gov.ru/223/integration/schema/TFF-5.2 http://zakupki.gov.ru/223/integration/schema/TFF-5.2/Types.xsd" xmlns="http://zakupki.gov.ru/223fz/types/1" xmlns:ns10="http://zakupki.gov.ru/223fz/complaint/1" xmlns:ns11="http://zakupki.gov.ru/223fz/notificationIssue/1" xmlns:ns12="http://zakupki.gov.ru/223fz/purchasePlanProject/1" xmlns:ns13="http://zakupki.gov.ru/223fz/purchase/1" xmlns:ns14="http://zakupki.gov.ru/223fz/purchasePlanProjectAdditionalPosition/1" xmlns:ns15="http://zakupki.gov.ru/223fz/missedNotice/1" xmlns:ns16="http://zakupki.gov.ru/223fz/reference/1" xmlns:ns17="http://zakupki.gov.ru/223fz/stopCommodity/1" xmlns:ns18="http://zakupki.gov.ru/223fz/decisionSuspension/1" xmlns:ns19="http://zakupki.gov.ru/223fz/webRequest/1" xmlns:ns2="http://zakupki.gov.ru/223fz/contract/1" xmlns:xsi="http://www.w3.org/2001/XMLSchema-instance" xmlns:ns3="http://zakupki.gov.ru/223fz/dishonestSupplier/1" xmlns:ns4="http://zakupki.gov.ru/223fz/purchasePlanAdditionalPosition/1" xmlns:ns5="http://zakupki.gov.ru/223fz/purchasePlan/1" xmlns:ns6="http://zakupki.gov.ru/223fz/machineryListInfo/1" xmlns:ns7="http://zakupki.gov.ru/223fz/revenue/1" xmlns:ns8="http://zakupki.gov.ru/223fz/orderClauseList/1" xmlns:ns9="http://zakupki.gov.ru/223fz/disagreementProtocol/1">
    <header>
        <guid>d5adf187-dd77-428e-8180-48389cd6d49c</guid>
        <createDateTime>2017-03-29T11:49:32</createDateTime>
    </header>
    <ns2:body>
        <ns2:item>
            <guid>3c1a96b0-c855-4f1e-8f8a-c01000191fa6</guid>
            <ns2:performanceContractData>
                <ns2:guid>095bb370-9c07-4d1d-aa4c-05c036fd5040</ns2:guid>
                <ns2:registrationNumber>56661003675170000460003</ns2:registrationNumber>
                <ns2:urlOOS>https://zakupki.gov.ru/223/contract/private/completing/info/view.html?id=2657671</ns2:urlOOS>
                <ns2:createDateTime>2017-03-03T13:42:22</ns2:createDateTime>
                <ns2:customer>
                    <mainInfo>
                        <fullName>ФЕДЕРАЛЬНОЕ ГОСУДАРСТВЕННОЕ БЮДЖЕТНОЕ ОБРАЗОВАТЕЛЬНОЕ УЧРЕЖДЕНИЕ ВЫСШЕГО ОБРАЗОВАНИЯ "УРАЛЬСКИЙ ГОСУДАРСТВЕННЫЙ ЭКОНОМИЧЕСКИЙ УНИВЕРСИТЕТ"</fullName>
                        <shortName>ФГБОУ ВО "УРАЛЬСКИЙ ГОСУДАРСТВЕННЫЙ ЭКОНОМИЧЕСКИЙ УНИВЕРСИТЕТ", УРАЛЬСКИЙ ГОСУДАРСТВЕННЫЙ ЭКОНОМИЧЕСКИЙ УНИВЕРСИТЕТ, УРГЭУ</shortName>
                        <iko>56661003675667101001</iko>
                        <inn>6661003675</inn>
                        <kpp>667101001</kpp>
                        <ogrn>1026605233753</ogrn>
                        <legalAddress>620000, обл СВЕРДЛОВСКАЯ, г ЕКАТЕРИНБУРГ, 8 МАРТА/НАРОДНОЙ ВОЛИ, дом 62/45</legalAddress>
                        <postalAddress>620219, г. Екатеринбург, ул. 8 Марта/Народной Воли, д.62/45</postalAddress>
                        <phone>7-343-2211781</phone>
                        <fax>7-343-2211781</fax>
                        <email>mas@usue.ru</email>
                        <okato>65401377000</okato>
                        <okpo>02069214</okpo>
                    </mainInfo>
                </ns2:customer>
                <ns2:placer>
                    <mainInfo>
                        <fullName>ФЕДЕРАЛЬНОЕ ГОСУДАРСТВЕННОЕ БЮДЖЕТНОЕ ОБРАЗОВАТЕЛЬНОЕ УЧРЕЖДЕНИЕ ВЫСШЕГО ОБРАЗОВАНИЯ "УРАЛЬСКИЙ ГОСУДАРСТВЕННЫЙ ЭКОНОМИЧЕСКИЙ УНИВЕРСИТЕТ"</fullName>
                        <shortName>ФГБОУ ВО "УРАЛЬСКИЙ ГОСУДАРСТВЕННЫЙ ЭКОНОМИЧЕСКИЙ УНИВЕРСИТЕТ", УРАЛЬСКИЙ ГОСУДАРСТВЕННЫЙ ЭКОНОМИЧЕСКИЙ УНИВЕРСИТЕТ, УРГЭУ</shortName>
                        <iko>56661003675667101001</iko>
                        <inn>6661003675</inn>
                        <kpp>667101001</kpp>
                        <ogrn>1026605233753</ogrn>
                        <legalAddress>620000, обл СВЕРДЛОВСКАЯ, г ЕКАТЕРИНБУРГ, 8 МАРТА/НАРОДНОЙ ВОЛИ, дом 62/45</legalAddress>
                        <postalAddress>620219, г. Екатеринбург, ул. 8 Марта/Народной Воли, д.62/45</postalAddress>
                        <phone>7-343-2211781</phone>
                        <fax>7-343-2211781</fax>
                        <email>mas@usue.ru</email>
                        <okato>65401377000</okato>
                        <okpo>02069214</okpo>
                    </mainInfo>
                </ns2:placer>
                <ns2:publicationDate>2017-03-29T11:49:32</ns2:publicationDate>
                <ns2:status>P</ns2:status>
                <ns2:version>1</ns2:version>
                <ns2:completed>true</ns2:completed>
                <ns2:attachments>
                    <totalDocumentsCount>1</totalDocumentsCount>
                    <document>
                        <guid>658f2d45-a6ba-4647-833e-2b9e65bd3146</guid>
                        <createDateTime>2017-03-29T11:49:19</createDateTime>
                        <fileName>25-П-2017 от 01.03.2017 (платежное поручение, акт выполненных работ).pdf</fileName>
                        <description>25-П-2017 от 01.03.2017 (платежное поручение, акт выполненных работ)</description>
                        <url>https://zakupki.gov.ru/223/contract/private/download/download.html?id=11690219</url>
                        <registrationNumber>56661003675170000460004</registrationNumber>
                    </document>
                </ns2:attachments>
                <ns2:hasPenalty>false</ns2:hasPenalty>
                <ns2:contractRegNumber>56661003675170000460000</ns2:contractRegNumber>
                <ns2:contractInfo>
                    <ns2:guid>7ebeeb1d-70ab-4fc5-807e-44bc30d769c4</ns2:guid>
                    <ns2:name>25-П/2017</ns2:name>
                    <ns2:agencyName>ФГБОУ ВО "УРАЛЬСКИЙ ГОСУДАРСТВЕННЫЙ ЭКОНОМИЧЕСКИЙ УНИВЕРСИТЕТ", УРАЛЬСКИЙ ГОСУДАРСТВЕННЫЙ ЭКОНОМИЧЕСКИЙ УНИВЕРСИТЕТ, УРГЭУ</ns2:agencyName>
                    <ns2:supplierName>ОБЩЕСТВО С ОГРАНИЧЕННОЙ ОТВЕТСТВЕННОСТЬЮ "ДВЕРНАЯ МАРКА"</ns2:supplierName>
                    <ns2:lotInfo>Монтаж противопожарных дверей для нужд УрГЭУ</ns2:lotInfo>
                    <ns2:contractDate>2017-03-01</ns2:contractDate>
                </ns2:contractInfo>
                <ns2:positions>
                    <ns2:position>
                        <ns2:ordinal>1</ns2:ordinal>
                        <ns2:paymentDate>2017-03-27</ns2:paymentDate>
                        <ns2:price>196500</ns2:price>
                        <ns2:currency>
                            <code>RUB</code>
                            <digitalCode>643</digitalCode>
                            <name>Российский рубль</name>
                        </ns2:currency>
                        <ns2:rubPrice>196500</ns2:rubPrice>
                        <ns2:prepaid>false</ns2:prepaid>
                        <ns2:docs>
                            <ns2:doc>
                                <ns2:ordinal>1</ns2:ordinal>
                                <ns2:date>2017-03-14</ns2:date>
                                <ns2:code>20</ns2:code>
                                <ns2:name>акт выполненных работ</ns2:name>
                                <ns2:number>Д/01</ns2:number>
                                <ns2:contractPosition>
                                    <ns2:guid>cdf7fb38-226b-4bec-9513-6461e38a0a3a</ns2:guid>
                                    <ns2:name>Работы по установке противопожарных дверей</ns2:name>
                                    <ns2:okpd2>
                                        <code>43.32.10.130</code>
                                        <name>Работы по установке противопожарных дверей</name>
                                    </ns2:okpd2>
                                </ns2:contractPosition>
                                <ns2:okei>
                                    <code>383</code>
                                    <name>Рубль</name>
                                </ns2:okei>
                                <ns2:qty>196500</ns2:qty>
                            </ns2:doc>
                        </ns2:docs>
                    </ns2:position>
                    <ns2:total>196500</ns2:total>
                </ns2:positions>
            </ns2:performanceContractData>
        </ns2:item>
    </ns2:body>
</ns2:performanceContract>
