<?xml version="1.0" encoding="UTF-8" standalone="yes"?>
<ns2:performanceContract xsi:schemaLocation="http://zakupki.gov.ru/223/integration/schema/TFF-5.2 http://zakupki.gov.ru/223/integration/schema/TFF-5.2/Types.xsd" xmlns="http://zakupki.gov.ru/223fz/types/1" xmlns:ns10="http://zakupki.gov.ru/223fz/complaint/1" xmlns:ns11="http://zakupki.gov.ru/223fz/notificationIssue/1" xmlns:ns12="http://zakupki.gov.ru/223fz/purchasePlanProject/1" xmlns:ns13="http://zakupki.gov.ru/223fz/purchase/1" xmlns:ns14="http://zakupki.gov.ru/223fz/purchasePlanProjectAdditionalPosition/1" xmlns:ns15="http://zakupki.gov.ru/223fz/missedNotice/1" xmlns:ns16="http://zakupki.gov.ru/223fz/reference/1" xmlns:ns17="http://zakupki.gov.ru/223fz/stopCommodity/1" xmlns:ns18="http://zakupki.gov.ru/223fz/decisionSuspension/1" xmlns:ns19="http://zakupki.gov.ru/223fz/webRequest/1" xmlns:ns2="http://zakupki.gov.ru/223fz/contract/1" xmlns:xsi="http://www.w3.org/2001/XMLSchema-instance" xmlns:ns3="http://zakupki.gov.ru/223fz/dishonestSupplier/1" xmlns:ns4="http://zakupki.gov.ru/223fz/purchasePlanAdditionalPosition/1" xmlns:ns5="http://zakupki.gov.ru/223fz/purchasePlan/1" xmlns:ns6="http://zakupki.gov.ru/223fz/machineryListInfo/1" xmlns:ns7="http://zakupki.gov.ru/223fz/revenue/1" xmlns:ns8="http://zakupki.gov.ru/223fz/orderClauseList/1" xmlns:ns9="http://zakupki.gov.ru/223fz/disagreementProtocol/1">
    <header>
        <guid>64943659-7870-480d-a955-76d48d3ce0a3</guid>
        <createDateTime>2017-03-29T13:22:37</createDateTime>
    </header>
    <ns2:body>
        <ns2:item>
            <guid>9f015aed-e60d-4523-92b2-18f021e1d4e2</guid>
            <ns2:performanceContractData>
                <ns2:guid>0f69b299-e82a-4d84-a573-b3b02b2ee9b0</ns2:guid>
                <ns2:registrationNumber>56658027450160006450017</ns2:registrationNumber>
                <ns2:urlOOS>https://zakupki.gov.ru/223/contract/private/completing/info/view.html?id=2658736</ns2:urlOOS>
                <ns2:createDateTime>2016-12-30T07:02:30</ns2:createDateTime>
                <ns2:customer>
                    <mainInfo>
                        <fullName>МУНИЦИПАЛЬНОЕ АВТОНОМНОЕ УЧРЕЖДЕНИЕ ЗДРАВООХРАНЕНИЯ "ГОРОДСКАЯ КЛИНИЧЕСКАЯ БОЛЬНИЦА № 40"</fullName>
                        <shortName>МАУ "ГКБ № 40"</shortName>
                        <iko>56658027450665801001</iko>
                        <inn>6658027450</inn>
                        <kpp>665801001</kpp>
                        <ogrn>1026602347914</ogrn>
                        <legalAddress>620102, ОБЛ СВЕРДЛОВСКАЯ, Г ЕКАТЕРИНБУРГ, УЛ ВОЛГОГРАДСКАЯ, дом 189</legalAddress>
                        <postalAddress>620102, г. Екатеринбург, ул. Волгоградская, 189</postalAddress>
                        <phone>7-343-2979814</phone>
                        <fax>7-343-2669721</fax>
                        <email>korteva@gkb40.ur.ru</email>
                        <okato>65401364000</okato>
                        <okpo>01944370</okpo>
                    </mainInfo>
                </ns2:customer>
                <ns2:placer>
                    <mainInfo>
                        <fullName>МУНИЦИПАЛЬНОЕ АВТОНОМНОЕ УЧРЕЖДЕНИЕ ЗДРАВООХРАНЕНИЯ "ГОРОДСКАЯ КЛИНИЧЕСКАЯ БОЛЬНИЦА № 40"</fullName>
                        <shortName>МАУ "ГКБ № 40"</shortName>
                        <iko>56658027450665801001</iko>
                        <inn>6658027450</inn>
                        <kpp>665801001</kpp>
                        <ogrn>1026602347914</ogrn>
                        <legalAddress>620102, ОБЛ СВЕРДЛОВСКАЯ, Г ЕКАТЕРИНБУРГ, УЛ ВОЛГОГРАДСКАЯ, дом 189</legalAddress>
                        <postalAddress>620102, г. Екатеринбург, ул. Волгоградская, 189</postalAddress>
                        <phone>7-343-2979814</phone>
                        <fax>7-343-2669721</fax>
                        <email>korteva@gkb40.ur.ru</email>
                        <okato>65401364000</okato>
                        <okpo>01944370</okpo>
                    </mainInfo>
                </ns2:placer>
                <ns2:publicationDate>2017-03-29T13:22:37</ns2:publicationDate>
                <ns2:status>P</ns2:status>
                <ns2:version>1</ns2:version>
                <ns2:completed>false</ns2:completed>
                <ns2:attachments>
                    <totalDocumentsCount>1</totalDocumentsCount>
                    <document>
                        <guid>e49ea077-8586-4a9d-a6ed-42a0819e742c</guid>
                        <createDateTime>2017-03-29T13:22:22</createDateTime>
                        <fileName>Оплата.pdf</fileName>
                        <description>Оплата</description>
                        <url>https://zakupki.gov.ru/223/contract/private/download/download.html?id=11695607</url>
                        <registrationNumber>56658027450160006450018</registrationNumber>
                    </document>
                </ns2:attachments>
                <ns2:hasPenalty>false</ns2:hasPenalty>
                <ns2:contractRegNumber>56658027450160006450000</ns2:contractRegNumber>
                <ns2:contractInfo>
                    <ns2:guid>f0db640f-371f-4d97-9a4d-1cc047c32cc1</ns2:guid>
                    <ns2:name>244-16к/2010</ns2:name>
                    <ns2:agencyName>МАУ "ГКБ № 40"</ns2:agencyName>
                    <ns2:supplierName>ОБЩЕСТВО С ОГРАНИЧЕННОЙ ОТВЕТСТВЕННОСТЬЮ "ТОРГОВЫЙ ДОМ "СКОН"</ns2:supplierName>
                    <ns2:lotInfo>Поставка ГСМ в 2017г.</ns2:lotInfo>
                    <ns2:contractDate>2016-12-12</ns2:contractDate>
                </ns2:contractInfo>
                <ns2:positions>
                    <ns2:position>
                        <ns2:ordinal>2</ns2:ordinal>
                        <ns2:paymentDate>2017-03-27</ns2:paymentDate>
                        <ns2:price>3465.9</ns2:price>
                        <ns2:currency>
                            <code>RUB</code>
                            <digitalCode>643</digitalCode>
                            <name>Российский рубль</name>
                        </ns2:currency>
                        <ns2:rubPrice>3465.9</ns2:rubPrice>
                        <ns2:prepaid>false</ns2:prepaid>
                        <ns2:docs>
                            <ns2:doc>
                                <ns2:ordinal>1</ns2:ordinal>
                                <ns2:date>2017-03-14</ns2:date>
                                <ns2:code>18</ns2:code>
                                <ns2:name>счет на оплату</ns2:name>
                                <ns2:number>759</ns2:number>
                                <ns2:contractPosition>
                                    <ns2:guid>50b3e528-70dc-46ec-a712-0ac07f5945da</ns2:guid>
                                    <ns2:name>Услуги по оптовой торговле моторным топливом, включая авиационный бензин</ns2:name>
                                    <ns2:okpd2>
                                        <code>46.71.12</code>
                                        <name>Услуги по оптовой торговле моторным топливом, включая авиационный бензин</name>
                                    </ns2:okpd2>
                                </ns2:contractPosition>
                                <ns2:okei>
                                    <code>876</code>
                                    <name>Условная единица</name>
                                </ns2:okei>
                                <ns2:qty>1</ns2:qty>
                            </ns2:doc>
                        </ns2:docs>
                    </ns2:position>
                    <ns2:position>
                        <ns2:ordinal>1</ns2:ordinal>
                        <ns2:paymentDate>2017-03-27</ns2:paymentDate>
                        <ns2:price>15558.05</ns2:price>
                        <ns2:currency>
                            <code>RUB</code>
                            <digitalCode>643</digitalCode>
                            <name>Российский рубль</name>
                        </ns2:currency>
                        <ns2:rubPrice>15558.05</ns2:rubPrice>
                        <ns2:prepaid>false</ns2:prepaid>
                        <ns2:docs>
                            <ns2:doc>
                                <ns2:ordinal>1</ns2:ordinal>
                                <ns2:date>2017-03-14</ns2:date>
                                <ns2:code>18</ns2:code>
                                <ns2:name>счет на оплату</ns2:name>
                                <ns2:number>759</ns2:number>
                                <ns2:contractPosition>
                                    <ns2:guid>50b3e528-70dc-46ec-a712-0ac07f5945da</ns2:guid>
                                    <ns2:name>Услуги по оптовой торговле моторным топливом, включая авиационный бензин</ns2:name>
                                    <ns2:okpd2>
                                        <code>46.71.12</code>
                                        <name>Услуги по оптовой торговле моторным топливом, включая авиационный бензин</name>
                                    </ns2:okpd2>
                                </ns2:contractPosition>
                                <ns2:okei>
                                    <code>876</code>
                                    <name>Условная единица</name>
                                </ns2:okei>
                                <ns2:qty>1</ns2:qty>
                            </ns2:doc>
                        </ns2:docs>
                    </ns2:position>
                    <ns2:position>
                        <ns2:ordinal>3</ns2:ordinal>
                        <ns2:paymentDate>2017-03-27</ns2:paymentDate>
                        <ns2:price>20071.25</ns2:price>
                        <ns2:currency>
                            <code>RUB</code>
                            <digitalCode>643</digitalCode>
                            <name>Российский рубль</name>
                        </ns2:currency>
                        <ns2:rubPrice>20071.25</ns2:rubPrice>
                        <ns2:prepaid>false</ns2:prepaid>
                        <ns2:docs>
                            <ns2:doc>
                                <ns2:ordinal>1</ns2:ordinal>
                                <ns2:date>2017-03-14</ns2:date>
                                <ns2:code>18</ns2:code>
                                <ns2:name>счет на оплату</ns2:name>
                                <ns2:number>759</ns2:number>
                                <ns2:contractPosition>
                                    <ns2:guid>50b3e528-70dc-46ec-a712-0ac07f5945da</ns2:guid>
                                    <ns2:name>Услуги по оптовой торговле моторным топливом, включая авиационный бензин</ns2:name>
                                    <ns2:okpd2>
                                        <code>46.71.12</code>
                                        <name>Услуги по оптовой торговле моторным топливом, включая авиационный бензин</name>
                                    </ns2:okpd2>
                                </ns2:contractPosition>
                                <ns2:okei>
                                    <code>876</code>
                                    <name>Условная единица</name>
                                </ns2:okei>
                                <ns2:qty>1</ns2:qty>
                            </ns2:doc>
                        </ns2:docs>
                    </ns2:position>
                    <ns2:total>39095.20</ns2:total>
                </ns2:positions>
            </ns2:performanceContractData>
        </ns2:item>
    </ns2:body>
</ns2:performanceContract>
