<?xml version="1.0" encoding="UTF-8" standalone="yes"?>
<ns2:performanceContract xsi:schemaLocation="http://zakupki.gov.ru/223/integration/schema/TFF-5.2 http://zakupki.gov.ru/223/integration/schema/TFF-5.2/Types.xsd" xmlns="http://zakupki.gov.ru/223fz/types/1" xmlns:ns10="http://zakupki.gov.ru/223fz/complaint/1" xmlns:ns11="http://zakupki.gov.ru/223fz/notificationIssue/1" xmlns:ns12="http://zakupki.gov.ru/223fz/purchasePlanProject/1" xmlns:ns13="http://zakupki.gov.ru/223fz/purchase/1" xmlns:ns14="http://zakupki.gov.ru/223fz/purchasePlanProjectAdditionalPosition/1" xmlns:ns15="http://zakupki.gov.ru/223fz/missedNotice/1" xmlns:ns16="http://zakupki.gov.ru/223fz/reference/1" xmlns:ns17="http://zakupki.gov.ru/223fz/stopCommodity/1" xmlns:ns18="http://zakupki.gov.ru/223fz/decisionSuspension/1" xmlns:ns19="http://zakupki.gov.ru/223fz/webRequest/1" xmlns:ns2="http://zakupki.gov.ru/223fz/contract/1" xmlns:xsi="http://www.w3.org/2001/XMLSchema-instance" xmlns:ns3="http://zakupki.gov.ru/223fz/dishonestSupplier/1" xmlns:ns4="http://zakupki.gov.ru/223fz/purchasePlanAdditionalPosition/1" xmlns:ns5="http://zakupki.gov.ru/223fz/purchasePlan/1" xmlns:ns6="http://zakupki.gov.ru/223fz/machineryListInfo/1" xmlns:ns7="http://zakupki.gov.ru/223fz/revenue/1" xmlns:ns8="http://zakupki.gov.ru/223fz/orderClauseList/1" xmlns:ns9="http://zakupki.gov.ru/223fz/disagreementProtocol/1">
    <header>
        <guid>8562b11d-efaa-4acf-a43e-ffdf763929b2</guid>
        <createDateTime>2017-03-29T13:47:05</createDateTime>
    </header>
    <ns2:body>
        <ns2:item>
            <guid>a06d2d98-4644-4a2d-a5ca-63586f12a7f1</guid>
            <ns2:performanceContractData>
                <ns2:guid>50cbd0b4-dac3-4da9-b49d-b5d83553aaa7</ns2:guid>
                <ns2:registrationNumber>86662124545170000060003</ns2:registrationNumber>
                <ns2:urlOOS>https://zakupki.gov.ru/223/contract/private/completing/info/view.html?id=2659102</ns2:urlOOS>
                <ns2:createDateTime>2017-02-06T07:24:06</ns2:createDateTime>
                <ns2:customer>
                    <mainInfo>
                        <fullName>ФЕДЕРАЛЬНОЕ ГОСУДАРСТВЕННОЕ БЮДЖЕТНОЕ УЧРЕЖДЕНИЕ ЗДРАВООХРАНЕНИЯ ПОЛИКЛИНИКА УРАЛЬСКОГО ОТДЕЛЕНИЯ РОССИЙСКОЙ АКАДЕМИИ НАУК</fullName>
                        <shortName>ПОЛИКЛИНИКА УРО РАН</shortName>
                        <iko>86662124545668501001</iko>
                        <inn>6662124545</inn>
                        <kpp>668501001</kpp>
                        <ogrn>1026605414274</ogrn>
                        <legalAddress>620151, Свердловская, Екатеринбург, Луначарского, дом 182</legalAddress>
                        <postalAddress>620151, Свердловская Область, Екатеринбург Город, Луначарского Улица, дом 182</postalAddress>
                        <phone>7-343-3506170</phone>
                        <fax>7-343-3506170</fax>
                        <email>lel11@yandex.ru</email>
                        <okato>65401380000</okato>
                        <okpo>04683438</okpo>
                    </mainInfo>
                </ns2:customer>
                <ns2:placer>
                    <mainInfo>
                        <fullName>ФЕДЕРАЛЬНОЕ ГОСУДАРСТВЕННОЕ БЮДЖЕТНОЕ УЧРЕЖДЕНИЕ ЗДРАВООХРАНЕНИЯ ПОЛИКЛИНИКА УРАЛЬСКОГО ОТДЕЛЕНИЯ РОССИЙСКОЙ АКАДЕМИИ НАУК</fullName>
                        <shortName>ПОЛИКЛИНИКА УРО РАН</shortName>
                        <iko>86662124545668501001</iko>
                        <inn>6662124545</inn>
                        <kpp>668501001</kpp>
                        <ogrn>1026605414274</ogrn>
                        <legalAddress>620151, Свердловская, Екатеринбург, Луначарского, дом 182</legalAddress>
                        <postalAddress>620151, Свердловская Область, Екатеринбург Город, Луначарского Улица, дом 182</postalAddress>
                        <phone>7-343-3506170</phone>
                        <fax>7-343-3506170</fax>
                        <email>lel11@yandex.ru</email>
                        <okato>65401380000</okato>
                        <okpo>04683438</okpo>
                    </mainInfo>
                </ns2:placer>
                <ns2:publicationDate>2017-03-29T13:47:05</ns2:publicationDate>
                <ns2:status>P</ns2:status>
                <ns2:version>1</ns2:version>
                <ns2:completed>false</ns2:completed>
                <ns2:attachments>
                    <totalDocumentsCount>3</totalDocumentsCount>
                    <document>
                        <guid>5f6b6637-37f0-4acd-91ab-b2a1bd86a931</guid>
                        <createDateTime>2017-03-29T13:46:41</createDateTime>
                        <fileName>ИЖ226 от 09.02.2017.rar</fileName>
                        <description>ИЖ226 от 09.02.2017</description>
                        <url>https://zakupki.gov.ru/223/contract/private/download/download.html?id=11697360</url>
                        <registrationNumber>86662124545170000060004</registrationNumber>
                    </document>
                    <document>
                        <guid>84afcc8c-ec54-485a-9601-5fa68266a3f9</guid>
                        <createDateTime>2017-03-29T13:46:32</createDateTime>
                        <fileName>ИЖ 702 от 22.03.2017.PDF</fileName>
                        <description>ИЖ 702 от 22.03.2017</description>
                        <url>https://zakupki.gov.ru/223/contract/private/download/download.html?id=11697349</url>
                        <registrationNumber>86662124545170000060005</registrationNumber>
                    </document>
                    <document>
                        <guid>241440c3-8732-4d99-b250-380f9339cae4</guid>
                        <createDateTime>2017-03-29T13:46:49</createDateTime>
                        <fileName>ИЖ386 от 27.02.2017.rar</fileName>
                        <description>ИЖ386 от 27.02.2017</description>
                        <url>https://zakupki.gov.ru/223/contract/private/download/download.html?id=11697371</url>
                        <registrationNumber>86662124545170000060006</registrationNumber>
                    </document>
                </ns2:attachments>
                <ns2:hasPenalty>false</ns2:hasPenalty>
                <ns2:contractRegNumber>86662124545170000060000</ns2:contractRegNumber>
                <ns2:contractInfo>
                    <ns2:guid>000238de-23c9-4a08-b6bb-49eb4660d2f3</ns2:guid>
                    <ns2:name>5АЭ-2017</ns2:name>
                    <ns2:agencyName>ПОЛИКЛИНИКА УРО РАН</ns2:agencyName>
                    <ns2:supplierName>ОБЩЕСТВО С ОГРАНИЧЕННОЙ ОТВЕТСТВЕННОСТЬЮ "ИЖЕВСКАЯ МЕДИЦИНА"</ns2:supplierName>
                    <ns2:lotInfo>боры, фрезы для стоматологии</ns2:lotInfo>
                    <ns2:contractDate>2017-02-06</ns2:contractDate>
                </ns2:contractInfo>
                <ns2:positions>
                    <ns2:position>
                        <ns2:ordinal>3</ns2:ordinal>
                        <ns2:paymentDate>2017-03-29</ns2:paymentDate>
                        <ns2:price>42240</ns2:price>
                        <ns2:currency>
                            <code>RUB</code>
                            <digitalCode>643</digitalCode>
                            <name>Российский рубль</name>
                        </ns2:currency>
                        <ns2:rubPrice>42240</ns2:rubPrice>
                        <ns2:prepaid>false</ns2:prepaid>
                        <ns2:docs>
                            <ns2:doc>
                                <ns2:ordinal>1</ns2:ordinal>
                                <ns2:date>2017-03-22</ns2:date>
                                <ns2:code>01</ns2:code>
                                <ns2:name>товарная накладная</ns2:name>
                                <ns2:number>ИЖ 702</ns2:number>
                                <ns2:contractPosition>
                                    <ns2:guid>b6c3b4fd-a262-4b24-86c9-304e8963bd98</ns2:guid>
                                    <ns2:name>Инструменты и приспособления стоматологические</ns2:name>
                                    <ns2:okpd2>
                                        <code>32.50.11.000</code>
                                        <name>Инструменты и приспособления стоматологические</name>
                                    </ns2:okpd2>
                                </ns2:contractPosition>
                                <ns2:okei>
                                    <code>876</code>
                                    <name>Условная единица</name>
                                </ns2:okei>
                                <ns2:qty>1</ns2:qty>
                            </ns2:doc>
                        </ns2:docs>
                    </ns2:position>
                    <ns2:position>
                        <ns2:ordinal>2</ns2:ordinal>
                        <ns2:paymentDate>2017-03-02</ns2:paymentDate>
                        <ns2:price>24899.75</ns2:price>
                        <ns2:currency>
                            <code>RUB</code>
                            <digitalCode>643</digitalCode>
                            <name>Российский рубль</name>
                        </ns2:currency>
                        <ns2:rubPrice>24899.75</ns2:rubPrice>
                        <ns2:prepaid>false</ns2:prepaid>
                        <ns2:docs>
                            <ns2:doc>
                                <ns2:ordinal>1</ns2:ordinal>
                                <ns2:date>2017-02-27</ns2:date>
                                <ns2:code>01</ns2:code>
                                <ns2:name>товарная накладная</ns2:name>
                                <ns2:number>ИЖ 386</ns2:number>
                                <ns2:contractPosition>
                                    <ns2:guid>b6c3b4fd-a262-4b24-86c9-304e8963bd98</ns2:guid>
                                    <ns2:name>Инструменты и приспособления стоматологические</ns2:name>
                                    <ns2:okpd2>
                                        <code>32.50.11.000</code>
                                        <name>Инструменты и приспособления стоматологические</name>
                                    </ns2:okpd2>
                                </ns2:contractPosition>
                                <ns2:okei>
                                    <code>876</code>
                                    <name>Условная единица</name>
                                </ns2:okei>
                                <ns2:qty>1</ns2:qty>
                            </ns2:doc>
                        </ns2:docs>
                    </ns2:position>
                    <ns2:position>
                        <ns2:ordinal>1</ns2:ordinal>
                        <ns2:paymentDate>2017-02-16</ns2:paymentDate>
                        <ns2:price>82523.75</ns2:price>
                        <ns2:currency>
                            <code>RUB</code>
                            <digitalCode>643</digitalCode>
                            <name>Российский рубль</name>
                        </ns2:currency>
                        <ns2:rubPrice>82523.75</ns2:rubPrice>
                        <ns2:prepaid>false</ns2:prepaid>
                        <ns2:docs>
                            <ns2:doc>
                                <ns2:ordinal>1</ns2:ordinal>
                                <ns2:date>2017-02-09</ns2:date>
                                <ns2:code>01</ns2:code>
                                <ns2:name>товарная накладная</ns2:name>
                                <ns2:number>ИЖ 225</ns2:number>
                                <ns2:contractPosition>
                                    <ns2:guid>b6c3b4fd-a262-4b24-86c9-304e8963bd98</ns2:guid>
                                    <ns2:name>Инструменты и приспособления стоматологические</ns2:name>
                                    <ns2:okpd2>
                                        <code>32.50.11.000</code>
                                        <name>Инструменты и приспособления стоматологические</name>
                                    </ns2:okpd2>
                                </ns2:contractPosition>
                                <ns2:okei>
                                    <code>876</code>
                                    <name>Условная единица</name>
                                </ns2:okei>
                                <ns2:qty>1</ns2:qty>
                            </ns2:doc>
                        </ns2:docs>
                    </ns2:position>
                    <ns2:total>149663.50</ns2:total>
                </ns2:positions>
            </ns2:performanceContractData>
        </ns2:item>
    </ns2:body>
</ns2:performanceContract>
