<?xml version="1.0" encoding="UTF-8" standalone="yes"?>
<ns2:performanceContract xsi:schemaLocation="http://zakupki.gov.ru/223/integration/schema/TFF-5.2 http://zakupki.gov.ru/223/integration/schema/TFF-5.2/Types.xsd" xmlns="http://zakupki.gov.ru/223fz/types/1" xmlns:ns10="http://zakupki.gov.ru/223fz/complaint/1" xmlns:ns11="http://zakupki.gov.ru/223fz/notificationIssue/1" xmlns:ns12="http://zakupki.gov.ru/223fz/purchasePlanProject/1" xmlns:ns13="http://zakupki.gov.ru/223fz/purchase/1" xmlns:ns14="http://zakupki.gov.ru/223fz/purchasePlanProjectAdditionalPosition/1" xmlns:ns15="http://zakupki.gov.ru/223fz/missedNotice/1" xmlns:ns16="http://zakupki.gov.ru/223fz/reference/1" xmlns:ns17="http://zakupki.gov.ru/223fz/stopCommodity/1" xmlns:ns18="http://zakupki.gov.ru/223fz/decisionSuspension/1" xmlns:ns19="http://zakupki.gov.ru/223fz/webRequest/1" xmlns:ns2="http://zakupki.gov.ru/223fz/contract/1" xmlns:xsi="http://www.w3.org/2001/XMLSchema-instance" xmlns:ns3="http://zakupki.gov.ru/223fz/dishonestSupplier/1" xmlns:ns4="http://zakupki.gov.ru/223fz/purchasePlanAdditionalPosition/1" xmlns:ns5="http://zakupki.gov.ru/223fz/purchasePlan/1" xmlns:ns6="http://zakupki.gov.ru/223fz/machineryListInfo/1" xmlns:ns7="http://zakupki.gov.ru/223fz/revenue/1" xmlns:ns8="http://zakupki.gov.ru/223fz/orderClauseList/1" xmlns:ns9="http://zakupki.gov.ru/223fz/disagreementProtocol/1">
    <header>
        <guid>75db6483-ae22-4ca6-ab4d-090669e5a071</guid>
        <createDateTime>2017-03-29T13:31:36</createDateTime>
    </header>
    <ns2:body>
        <ns2:item>
            <guid>6b7c1f34-e5be-41c6-8032-e25305cdb957</guid>
            <ns2:performanceContractData>
                <ns2:guid>402ca990-c2a9-4749-99db-8d618a9a5228</ns2:guid>
                <ns2:registrationNumber>56671163413150025380003</ns2:registrationNumber>
                <ns2:urlOOS>https://zakupki.gov.ru/223/contract/private/completing/info/view.html?id=2658466</ns2:urlOOS>
                <ns2:createDateTime>2015-12-21T13:12:56</ns2:createDateTime>
                <ns2:customer>
                    <mainInfo>
                        <fullName>Открытое акционерное общество "Межрегиональная распределительная сетевая компания Урала"</fullName>
                        <shortName>ОАО "МРСК Урала"</shortName>
                        <iko>56671163413667201001</iko>
                        <inn>6671163413</inn>
                        <kpp>667201001</kpp>
                        <ogrn>1056604000970</ogrn>
                        <legalAddress>620026, Свердловская, Екатеринбург, Мамина-Сибиряка, дом 140</legalAddress>
                        <postalAddress>620026, Свердловская область, Екатеринбург, Мамина-Сибиряка, дом 140 </postalAddress>
                        <phone>7-343-2152600</phone>
                        <fax>7-343-2152661</fax>
                        <email>mrsk@mrsk-ural.ru</email>
                        <okato>65401000000</okato>
                        <okpo>76507836</okpo>
                    </mainInfo>
                </ns2:customer>
                <ns2:placer>
                    <mainInfo>
                        <fullName>Открытое акционерное общество "Межрегиональная распределительная сетевая компания Урала"</fullName>
                        <shortName>ОАО "МРСК Урала"</shortName>
                        <iko>56671163413667201001</iko>
                        <inn>6671163413</inn>
                        <kpp>667201001</kpp>
                        <ogrn>1056604000970</ogrn>
                        <legalAddress>620026, Свердловская, Екатеринбург, Мамина-Сибиряка, дом 140</legalAddress>
                        <postalAddress>620026, Свердловская область, Екатеринбург, Мамина-Сибиряка, дом 140 </postalAddress>
                        <phone>7-343-2152600</phone>
                        <fax>7-343-2152661</fax>
                        <email>mrsk@mrsk-ural.ru</email>
                        <okato>65401000000</okato>
                        <okpo>76507836</okpo>
                    </mainInfo>
                </ns2:placer>
                <ns2:publicationDate>2017-03-29T13:31:36</ns2:publicationDate>
                <ns2:status>P</ns2:status>
                <ns2:version>1</ns2:version>
                <ns2:completed>false</ns2:completed>
                <ns2:attachments>
                    <totalDocumentsCount>2</totalDocumentsCount>
                    <document>
                        <guid>b74ab2bd-41d0-43c3-8ac5-b56c07e4ac74</guid>
                        <createDateTime>2017-03-29T13:31:14</createDateTime>
                        <fileName>07-16 ЧГЭС 6000012090 ЭнергоПрогресс  сф 25 351,57.pdf</fileName>
                        <description>07-16 ЧГЭС 6000012090 ЭнергоПрогресс  сф 25 351,57</description>
                        <url>https://zakupki.gov.ru/223/contract/private/download/download.html?id=11696323</url>
                        <registrationNumber>56671163413150025380004</registrationNumber>
                    </document>
                    <document>
                        <guid>83ccdf0b-dd93-4f6d-bb33-d12a59bae868</guid>
                        <createDateTime>2017-03-29T13:31:01</createDateTime>
                        <fileName>03-16 ЧГЭС 6000012090 ЭнергоПрогресс  3 акта на 1 119 248,43.pdf</fileName>
                        <description>03-16 ЧГЭС 6000012090 ЭнергоПрогресс  3 акта на 1 119 248,43</description>
                        <url>https://zakupki.gov.ru/223/contract/private/download/download.html?id=11696313</url>
                        <registrationNumber>56671163413150025380005</registrationNumber>
                    </document>
                </ns2:attachments>
                <ns2:hasPenalty>false</ns2:hasPenalty>
                <ns2:contractRegNumber>56671163413150025380000</ns2:contractRegNumber>
                <ns2:contractInfo>
                    <ns2:guid>ea98e143-7ed2-4e41-990e-9096a9145da0</ns2:guid>
                    <ns2:agencyName>ОАО "МРСК Урала"</ns2:agencyName>
                    <ns2:supplierName>ОБЩЕСТВО С ОГРАНИЧЕННОЙ ОТВЕТСТВЕННОСТЬЮ "ЭНЕРГОПРОГРЕСС"</ns2:supplierName>
                    <ns2:lotInfo>право заключения договора подряда на выполнение демонтажных, строительно-монтажных и пусконаладочных работ по объекту: «Реконструкция пункта учета электроэнергии Центрального РЭС ПО ЧГЭС (инв.№ 229339), Реконструкция  ТП-2060 (инв.№50712), КЛ-0,4кВ от ТП-2060 до объекта,  расположенного по адресу: г.Челябинск, ул. Косарева, 95» в производственном отделении «Челябинские городские электрические сети» филиала ОАО «МРСК Урала» - «Челябэнерго»</ns2:lotInfo>
                    <ns2:contractDate>2015-12-16</ns2:contractDate>
                </ns2:contractInfo>
                <ns2:positions>
                    <ns2:position>
                        <ns2:ordinal>1</ns2:ordinal>
                        <ns2:paymentDate>2016-08-01</ns2:paymentDate>
                        <ns2:price>1144600</ns2:price>
                        <ns2:currency>
                            <code>RUB</code>
                            <digitalCode>643</digitalCode>
                            <name>Российский рубль</name>
                        </ns2:currency>
                        <ns2:rubPrice>1144600</ns2:rubPrice>
                        <ns2:prepaid>false</ns2:prepaid>
                        <ns2:docs>
                            <ns2:doc>
                                <ns2:ordinal>1</ns2:ordinal>
                                <ns2:date>2016-07-01</ns2:date>
                                <ns2:code>12</ns2:code>
                                <ns2:name>акт о приемке выполненных работ</ns2:name>
                                <ns2:number>1-4</ns2:number>
                                <ns2:contractPosition>
                                    <ns2:guid>3cabb739-bc54-014e-e053-ac11070d70ec</ns2:guid>
                                    <ns2:okdp>
                                        <code>4560521</code>
                                        <name>Строительно - монтажные работы</name>
                                    </ns2:okdp>
                                </ns2:contractPosition>
                                <ns2:okei>
                                    <code>642</code>
                                    <name>Единица</name>
                                </ns2:okei>
                                <ns2:qty>1</ns2:qty>
                            </ns2:doc>
                        </ns2:docs>
                    </ns2:position>
                    <ns2:total>1144600</ns2:total>
                </ns2:positions>
            </ns2:performanceContractData>
        </ns2:item>
    </ns2:body>
</ns2:performanceContract>
