<?xml version="1.0" encoding="UTF-8" standalone="yes"?>
<ns2:performanceContract xsi:schemaLocation="http://zakupki.gov.ru/223/integration/schema/TFF-5.2 http://zakupki.gov.ru/223/integration/schema/TFF-5.2/Types.xsd" xmlns="http://zakupki.gov.ru/223fz/types/1" xmlns:ns10="http://zakupki.gov.ru/223fz/complaint/1" xmlns:ns11="http://zakupki.gov.ru/223fz/notificationIssue/1" xmlns:ns12="http://zakupki.gov.ru/223fz/purchasePlanProject/1" xmlns:ns13="http://zakupki.gov.ru/223fz/purchase/1" xmlns:ns14="http://zakupki.gov.ru/223fz/purchasePlanProjectAdditionalPosition/1" xmlns:ns15="http://zakupki.gov.ru/223fz/missedNotice/1" xmlns:ns16="http://zakupki.gov.ru/223fz/reference/1" xmlns:ns17="http://zakupki.gov.ru/223fz/stopCommodity/1" xmlns:ns18="http://zakupki.gov.ru/223fz/decisionSuspension/1" xmlns:ns19="http://zakupki.gov.ru/223fz/webRequest/1" xmlns:ns2="http://zakupki.gov.ru/223fz/contract/1" xmlns:xsi="http://www.w3.org/2001/XMLSchema-instance" xmlns:ns3="http://zakupki.gov.ru/223fz/dishonestSupplier/1" xmlns:ns4="http://zakupki.gov.ru/223fz/purchasePlanAdditionalPosition/1" xmlns:ns5="http://zakupki.gov.ru/223fz/purchasePlan/1" xmlns:ns6="http://zakupki.gov.ru/223fz/machineryListInfo/1" xmlns:ns7="http://zakupki.gov.ru/223fz/revenue/1" xmlns:ns8="http://zakupki.gov.ru/223fz/orderClauseList/1" xmlns:ns9="http://zakupki.gov.ru/223fz/disagreementProtocol/1">
    <header>
        <guid>c2bc67ea-1ddd-4caf-a723-addf8088838e</guid>
        <createDateTime>2017-03-29T12:51:30</createDateTime>
    </header>
    <ns2:body>
        <ns2:item>
            <guid>904e7122-f174-4a7a-bb43-aeb56508d474</guid>
            <ns2:performanceContractData>
                <ns2:guid>c07ffdad-9973-426c-8cde-270e9476de22</ns2:guid>
                <ns2:registrationNumber>56671163413150024770011</ns2:registrationNumber>
                <ns2:urlOOS>https://zakupki.gov.ru/223/contract/private/completing/info/view.html?id=2658351</ns2:urlOOS>
                <ns2:createDateTime>2015-12-15T13:30:33</ns2:createDateTime>
                <ns2:customer>
                    <mainInfo>
                        <fullName>Открытое акционерное общество "Межрегиональная распределительная сетевая компания Урала"</fullName>
                        <shortName>ОАО "МРСК Урала"</shortName>
                        <iko>56671163413667201001</iko>
                        <inn>6671163413</inn>
                        <kpp>667201001</kpp>
                        <ogrn>1056604000970</ogrn>
                        <legalAddress>620026, Свердловская, Екатеринбург, Мамина-Сибиряка, дом 140</legalAddress>
                        <postalAddress>620026, Свердловская область, Екатеринбург, Мамина-Сибиряка, дом 140 </postalAddress>
                        <phone>7-343-2152600</phone>
                        <fax>7-343-2152661</fax>
                        <email>mrsk@mrsk-ural.ru</email>
                        <okato>65401000000</okato>
                        <okpo>76507836</okpo>
                    </mainInfo>
                </ns2:customer>
                <ns2:placer>
                    <mainInfo>
                        <fullName>Открытое акционерное общество "Межрегиональная распределительная сетевая компания Урала"</fullName>
                        <shortName>ОАО "МРСК Урала"</shortName>
                        <iko>56671163413667201001</iko>
                        <inn>6671163413</inn>
                        <kpp>667201001</kpp>
                        <ogrn>1056604000970</ogrn>
                        <legalAddress>620026, Свердловская, Екатеринбург, Мамина-Сибиряка, дом 140</legalAddress>
                        <postalAddress>620026, Свердловская область, Екатеринбург, Мамина-Сибиряка, дом 140 </postalAddress>
                        <phone>7-343-2152600</phone>
                        <fax>7-343-2152661</fax>
                        <email>mrsk@mrsk-ural.ru</email>
                        <okato>65401000000</okato>
                        <okpo>76507836</okpo>
                    </mainInfo>
                </ns2:placer>
                <ns2:publicationDate>2017-03-29T12:51:30</ns2:publicationDate>
                <ns2:status>P</ns2:status>
                <ns2:version>1</ns2:version>
                <ns2:completed>false</ns2:completed>
                <ns2:attachments>
                    <totalDocumentsCount>3</totalDocumentsCount>
                    <document>
                        <guid>787b2095-5b62-4129-aa5b-d9cacd8c1b65</guid>
                        <createDateTime>2017-03-29T12:51:02</createDateTime>
                        <fileName>02-16 ЧГЭС 6000012065 ЭМР  3 акта на 9 038,55.pdf</fileName>
                        <description>02-16 ЧГЭС 6000012065 ЭМР  3 акта на 9 038,55</description>
                        <url>https://zakupki.gov.ru/223/contract/private/download/download.html?id=11693895</url>
                        <registrationNumber>56671163413150024770012</registrationNumber>
                    </document>
                    <document>
                        <guid>7db22bfe-5f80-457e-9233-a2588546b4cc</guid>
                        <createDateTime>2017-03-29T12:50:51</createDateTime>
                        <fileName>01-16 ЧГЭС 6000012065 ЭМР  2 акта на 2 239 861,59.pdf</fileName>
                        <description>01-16 ЧГЭС 6000012065 ЭМР  2 акта на 2 239 861,59</description>
                        <url>https://zakupki.gov.ru/223/contract/private/download/download.html?id=11693884</url>
                        <registrationNumber>56671163413150024770013</registrationNumber>
                    </document>
                    <document>
                        <guid>fb7590a4-2dcb-4fa6-b660-182b046e0924</guid>
                        <createDateTime>2017-03-29T12:51:14</createDateTime>
                        <fileName>06-16 ЧГЭС 6000012065 ЭМР  сф 185 387,75.pdf</fileName>
                        <description>06-16 ЧГЭС 6000012065 ЭМР  сф 185 387,75</description>
                        <url>https://zakupki.gov.ru/223/contract/private/download/download.html?id=11693902</url>
                        <registrationNumber>56671163413150024770014</registrationNumber>
                    </document>
                </ns2:attachments>
                <ns2:hasPenalty>false</ns2:hasPenalty>
                <ns2:contractRegNumber>56671163413150024770000</ns2:contractRegNumber>
                <ns2:contractInfo>
                    <ns2:guid>74ee2bd5-bbb3-4deb-bb62-cb58ade4ccb1</ns2:guid>
                    <ns2:agencyName>ОАО "МРСК Урала"</ns2:agencyName>
                    <ns2:supplierName>ОБЩЕСТВО С ОГРАНИЧЕННОЙ ОТВЕТСТВЕННОСТЬЮ "ЭЛЕКТРОМОНТАЖРЕМОНТ"</ns2:supplierName>
                    <ns2:lotInfo>Право заключения договора подряда на выполнение демонтажных, строительно-монтажных и пусконаладочных работ по объекту: «КЛ-10 кВ от РП-2 до проектируемой ТП, реконструкция пункта учета электроэнергии Курчатовского РЭС ПО «ЧГЭС» (инв.№230741) для объекта расположенного по адресу: г. Челябинск, Свердловский тракт, 3-и» в производственном отделении «Челябинские городские электрические сети» филиала ОАО «МРСК Урала» - «Челябэнерго».                                                                                            </ns2:lotInfo>
                    <ns2:contractDate>2015-12-10</ns2:contractDate>
                </ns2:contractInfo>
                <ns2:positions>
                    <ns2:position>
                        <ns2:ordinal>1</ns2:ordinal>
                        <ns2:paymentDate>2016-07-26</ns2:paymentDate>
                        <ns2:price>2434287.89</ns2:price>
                        <ns2:currency>
                            <code>RUB</code>
                            <digitalCode>643</digitalCode>
                            <name>Российский рубль</name>
                        </ns2:currency>
                        <ns2:rubPrice>2434287.89</ns2:rubPrice>
                        <ns2:prepaid>false</ns2:prepaid>
                        <ns2:docs>
                            <ns2:doc>
                                <ns2:ordinal>1</ns2:ordinal>
                                <ns2:date>2016-06-24</ns2:date>
                                <ns2:code>12</ns2:code>
                                <ns2:name>акт о приемке выполненных работ</ns2:name>
                                <ns2:number>1-6</ns2:number>
                                <ns2:contractPosition>
                                    <ns2:guid>3cabb739-52a1-014e-e053-ac11070d70ec</ns2:guid>
                                    <ns2:okdp>
                                        <code>4521123</code>
                                        <name>Подстанция электрическая</name>
                                    </ns2:okdp>
                                </ns2:contractPosition>
                                <ns2:okei>
                                    <code>642</code>
                                    <name>Единица</name>
                                </ns2:okei>
                                <ns2:qty>1</ns2:qty>
                            </ns2:doc>
                        </ns2:docs>
                    </ns2:position>
                    <ns2:total>2434287.89</ns2:total>
                </ns2:positions>
            </ns2:performanceContractData>
        </ns2:item>
    </ns2:body>
</ns2:performanceContract>
