<?xml version="1.0" encoding="UTF-8" standalone="yes"?>
<ns2:performanceContract xsi:schemaLocation="http://zakupki.gov.ru/223/integration/schema/TFF-5.2 http://zakupki.gov.ru/223/integration/schema/TFF-5.2/Types.xsd" xmlns="http://zakupki.gov.ru/223fz/types/1" xmlns:ns10="http://zakupki.gov.ru/223fz/complaint/1" xmlns:ns11="http://zakupki.gov.ru/223fz/notificationIssue/1" xmlns:ns12="http://zakupki.gov.ru/223fz/purchasePlanProject/1" xmlns:ns13="http://zakupki.gov.ru/223fz/purchase/1" xmlns:ns14="http://zakupki.gov.ru/223fz/purchasePlanProjectAdditionalPosition/1" xmlns:ns15="http://zakupki.gov.ru/223fz/missedNotice/1" xmlns:ns16="http://zakupki.gov.ru/223fz/reference/1" xmlns:ns17="http://zakupki.gov.ru/223fz/stopCommodity/1" xmlns:ns18="http://zakupki.gov.ru/223fz/decisionSuspension/1" xmlns:ns19="http://zakupki.gov.ru/223fz/webRequest/1" xmlns:ns2="http://zakupki.gov.ru/223fz/contract/1" xmlns:xsi="http://www.w3.org/2001/XMLSchema-instance" xmlns:ns3="http://zakupki.gov.ru/223fz/dishonestSupplier/1" xmlns:ns4="http://zakupki.gov.ru/223fz/purchasePlanAdditionalPosition/1" xmlns:ns5="http://zakupki.gov.ru/223fz/purchasePlan/1" xmlns:ns6="http://zakupki.gov.ru/223fz/machineryListInfo/1" xmlns:ns7="http://zakupki.gov.ru/223fz/revenue/1" xmlns:ns8="http://zakupki.gov.ru/223fz/orderClauseList/1" xmlns:ns9="http://zakupki.gov.ru/223fz/disagreementProtocol/1">
    <header>
        <guid>906a1617-2641-400a-a5b1-efbc00f9dae9</guid>
        <createDateTime>2017-03-29T13:14:03</createDateTime>
    </header>
    <ns2:body>
        <ns2:item>
            <guid>e5c56227-6301-42f2-a332-ecca8fddd560</guid>
            <ns2:performanceContractData>
                <ns2:guid>1e1342a6-55d7-49cb-9673-8163b3c57e66</ns2:guid>
                <ns2:registrationNumber>56662062730160000080013</ns2:registrationNumber>
                <ns2:urlOOS>https://zakupki.gov.ru/223/contract/private/completing/info/view.html?id=2658642</ns2:urlOOS>
                <ns2:createDateTime>2016-12-28T13:02:43</ns2:createDateTime>
                <ns2:customer>
                    <mainInfo>
                        <fullName>ГОСУДАРСТВЕННОЕ АВТОНОМНОЕ УЧРЕЖДЕНИЕ КУЛЬТУРЫ СВЕРДЛОВСКОЙ ОБЛАСТИ "СВЕРДЛОВСКАЯ ОБЛАСТНАЯ УНИВЕРСАЛЬНАЯ НАУЧНАЯ БИБЛИОТЕКА ИМ. В.Г. БЕЛИНСКОГО"</fullName>
                        <shortName>ГАУК СО "СОУНБ ИМ. В.Г. БЕЛИНСКОГО"</shortName>
                        <iko>56662062730667201001</iko>
                        <inn>6662062730</inn>
                        <kpp>668501001</kpp>
                        <ogrn>1036604386224</ogrn>
                        <legalAddress>620075, ОБЛ СВЕРДЛОВСКАЯ, Г ЕКАТЕРИНБУРГ, УЛ БЕЛИНСКОГО, дом ДОМ 15</legalAddress>
                        <postalAddress>620075, дом 15</postalAddress>
                        <phone>7-343-3715352</phone>
                        <fax>7-343-3715352</fax>
                        <email>urist@library.uraic.ru</email>
                        <okato>65401000000</okato>
                        <okpo>02187770</okpo>
                    </mainInfo>
                </ns2:customer>
                <ns2:placer>
                    <mainInfo>
                        <fullName>ГОСУДАРСТВЕННОЕ АВТОНОМНОЕ УЧРЕЖДЕНИЕ КУЛЬТУРЫ СВЕРДЛОВСКОЙ ОБЛАСТИ "СВЕРДЛОВСКАЯ ОБЛАСТНАЯ УНИВЕРСАЛЬНАЯ НАУЧНАЯ БИБЛИОТЕКА ИМ. В.Г. БЕЛИНСКОГО"</fullName>
                        <shortName>ГАУК СО "СОУНБ ИМ. В.Г. БЕЛИНСКОГО"</shortName>
                        <iko>56662062730667201001</iko>
                        <inn>6662062730</inn>
                        <kpp>668501001</kpp>
                        <ogrn>1036604386224</ogrn>
                        <legalAddress>620075, ОБЛ СВЕРДЛОВСКАЯ, Г ЕКАТЕРИНБУРГ, УЛ БЕЛИНСКОГО, дом ДОМ 15</legalAddress>
                        <postalAddress>620075, дом 15</postalAddress>
                        <phone>7-343-3715352</phone>
                        <fax>7-343-3715352</fax>
                        <email>urist@library.uraic.ru</email>
                        <okato>65401000000</okato>
                        <okpo>02187770</okpo>
                    </mainInfo>
                </ns2:placer>
                <ns2:publicationDate>2017-03-29T13:14:03</ns2:publicationDate>
                <ns2:status>P</ns2:status>
                <ns2:version>1</ns2:version>
                <ns2:completed>true</ns2:completed>
                <ns2:attachments/>
                <ns2:hasPenalty>false</ns2:hasPenalty>
                <ns2:contractRegNumber>56662062730160000080000</ns2:contractRegNumber>
                <ns2:contractInfo>
                    <ns2:guid>257e0c11-85b0-4276-8b93-bd7645f66497</ns2:guid>
                    <ns2:name>175</ns2:name>
                    <ns2:agencyName>ГАУК СО "СОУНБ ИМ. В.Г. БЕЛИНСКОГО"</ns2:agencyName>
                    <ns2:supplierName>ОБЩЕСТВО С ОГРАНИЧЕННОЙ ОТВЕТСТВЕННОСТЬЮ "МЕБЕЛЬ ХОРЕКА"</ns2:supplierName>
                    <ns2:lotInfo>Поставка офисной мебели</ns2:lotInfo>
                    <ns2:contractDate>2016-12-12</ns2:contractDate>
                </ns2:contractInfo>
                <ns2:positions>
                    <ns2:position>
                        <ns2:ordinal>1</ns2:ordinal>
                        <ns2:paymentDate>2017-01-30</ns2:paymentDate>
                        <ns2:price>18920</ns2:price>
                        <ns2:currency>
                            <code>RUB</code>
                            <digitalCode>643</digitalCode>
                            <name>Российский рубль</name>
                        </ns2:currency>
                        <ns2:rubPrice>18920</ns2:rubPrice>
                        <ns2:prepaid>false</ns2:prepaid>
                        <ns2:docs>
                            <ns2:doc>
                                <ns2:ordinal>1</ns2:ordinal>
                                <ns2:code>18</ns2:code>
                                <ns2:name>счет на оплату</ns2:name>
                                <ns2:contractPosition>
                                    <ns2:guid>6d848684-71fe-4e54-a705-5f9c078975b2</ns2:guid>
                                    <ns2:name>Мебель офисная деревянная прочая</ns2:name>
                                    <ns2:okpd2>
                                        <code>31.01.12.190</code>
                                        <name>Мебель офисная деревянная прочая</name>
                                    </ns2:okpd2>
                                </ns2:contractPosition>
                                <ns2:okei>
                                    <code>796</code>
                                    <name>Штука</name>
                                </ns2:okei>
                                <ns2:qty>20</ns2:qty>
                            </ns2:doc>
                        </ns2:docs>
                    </ns2:position>
                    <ns2:total>18920</ns2:total>
                </ns2:positions>
            </ns2:performanceContractData>
        </ns2:item>
    </ns2:body>
</ns2:performanceContract>
