<?xml version="1.0" encoding="UTF-8" standalone="yes"?>
<ns2:performanceContract xsi:schemaLocation="http://zakupki.gov.ru/223/integration/schema/TFF-5.2 http://zakupki.gov.ru/223/integration/schema/TFF-5.2/Types.xsd" xmlns="http://zakupki.gov.ru/223fz/types/1" xmlns:ns10="http://zakupki.gov.ru/223fz/complaint/1" xmlns:ns11="http://zakupki.gov.ru/223fz/notificationIssue/1" xmlns:ns12="http://zakupki.gov.ru/223fz/purchasePlanProject/1" xmlns:ns13="http://zakupki.gov.ru/223fz/purchase/1" xmlns:ns14="http://zakupki.gov.ru/223fz/purchasePlanProjectAdditionalPosition/1" xmlns:ns15="http://zakupki.gov.ru/223fz/missedNotice/1" xmlns:ns16="http://zakupki.gov.ru/223fz/reference/1" xmlns:ns17="http://zakupki.gov.ru/223fz/stopCommodity/1" xmlns:ns18="http://zakupki.gov.ru/223fz/decisionSuspension/1" xmlns:ns19="http://zakupki.gov.ru/223fz/webRequest/1" xmlns:ns2="http://zakupki.gov.ru/223fz/contract/1" xmlns:xsi="http://www.w3.org/2001/XMLSchema-instance" xmlns:ns3="http://zakupki.gov.ru/223fz/dishonestSupplier/1" xmlns:ns4="http://zakupki.gov.ru/223fz/purchasePlanAdditionalPosition/1" xmlns:ns5="http://zakupki.gov.ru/223fz/purchasePlan/1" xmlns:ns6="http://zakupki.gov.ru/223fz/machineryListInfo/1" xmlns:ns7="http://zakupki.gov.ru/223fz/revenue/1" xmlns:ns8="http://zakupki.gov.ru/223fz/orderClauseList/1" xmlns:ns9="http://zakupki.gov.ru/223fz/disagreementProtocol/1">
    <header>
        <guid>d86723d2-cfd8-49e1-87a5-543bdf5e0cbb</guid>
        <createDateTime>2017-03-29T12:06:49</createDateTime>
    </header>
    <ns2:body>
        <ns2:item>
            <guid>1956cffc-ced3-4c3a-bbd7-f4dbc4fd797d</guid>
            <ns2:performanceContractData>
                <ns2:guid>229616e5-fbff-4cee-8698-ad480dbd36b3</ns2:guid>
                <ns2:registrationNumber>56662062730170000050003</ns2:registrationNumber>
                <ns2:urlOOS>https://zakupki.gov.ru/223/contract/private/completing/info/view.html?id=2657880</ns2:urlOOS>
                <ns2:createDateTime>2017-03-29T11:58:44</ns2:createDateTime>
                <ns2:customer>
                    <mainInfo>
                        <fullName>ГОСУДАРСТВЕННОЕ АВТОНОМНОЕ УЧРЕЖДЕНИЕ КУЛЬТУРЫ СВЕРДЛОВСКОЙ ОБЛАСТИ "СВЕРДЛОВСКАЯ ОБЛАСТНАЯ УНИВЕРСАЛЬНАЯ НАУЧНАЯ БИБЛИОТЕКА ИМ. В.Г. БЕЛИНСКОГО"</fullName>
                        <shortName>ГАУК СО "СОУНБ ИМ. В.Г. БЕЛИНСКОГО"</shortName>
                        <iko>56662062730667201001</iko>
                        <inn>6662062730</inn>
                        <kpp>668501001</kpp>
                        <ogrn>1036604386224</ogrn>
                        <legalAddress>620075, ОБЛ СВЕРДЛОВСКАЯ, Г ЕКАТЕРИНБУРГ, УЛ БЕЛИНСКОГО, дом ДОМ 15</legalAddress>
                        <postalAddress>620075, дом 15</postalAddress>
                        <phone>7-343-3715352</phone>
                        <fax>7-343-3715352</fax>
                        <email>urist@library.uraic.ru</email>
                        <okato>65401000000</okato>
                        <okpo>02187770</okpo>
                    </mainInfo>
                </ns2:customer>
                <ns2:placer>
                    <mainInfo>
                        <fullName>ГОСУДАРСТВЕННОЕ АВТОНОМНОЕ УЧРЕЖДЕНИЕ КУЛЬТУРЫ СВЕРДЛОВСКОЙ ОБЛАСТИ "СВЕРДЛОВСКАЯ ОБЛАСТНАЯ УНИВЕРСАЛЬНАЯ НАУЧНАЯ БИБЛИОТЕКА ИМ. В.Г. БЕЛИНСКОГО"</fullName>
                        <shortName>ГАУК СО "СОУНБ ИМ. В.Г. БЕЛИНСКОГО"</shortName>
                        <iko>56662062730667201001</iko>
                        <inn>6662062730</inn>
                        <kpp>668501001</kpp>
                        <ogrn>1036604386224</ogrn>
                        <legalAddress>620075, ОБЛ СВЕРДЛОВСКАЯ, Г ЕКАТЕРИНБУРГ, УЛ БЕЛИНСКОГО, дом ДОМ 15</legalAddress>
                        <postalAddress>620075, дом 15</postalAddress>
                        <phone>7-343-3715352</phone>
                        <fax>7-343-3715352</fax>
                        <email>urist@library.uraic.ru</email>
                        <okato>65401000000</okato>
                        <okpo>02187770</okpo>
                    </mainInfo>
                </ns2:placer>
                <ns2:publicationDate>2017-03-29T12:06:49</ns2:publicationDate>
                <ns2:status>P</ns2:status>
                <ns2:version>1</ns2:version>
                <ns2:completed>true</ns2:completed>
                <ns2:attachments>
                    <totalDocumentsCount>1</totalDocumentsCount>
                    <document>
                        <guid>e7895722-f647-4dd3-a7c0-89491b23a664</guid>
                        <createDateTime>2017-03-29T12:06:40</createDateTime>
                        <fileName>ИВИС.zip</fileName>
                        <description>ИВИС</description>
                        <url>https://zakupki.gov.ru/223/contract/private/download/download.html?id=11691470</url>
                        <registrationNumber>56662062730170000050004</registrationNumber>
                    </document>
                </ns2:attachments>
                <ns2:hasPenalty>false</ns2:hasPenalty>
                <ns2:contractRegNumber>56662062730170000050000</ns2:contractRegNumber>
                <ns2:contractInfo>
                    <ns2:guid>a13c73b5-8ff3-455b-a702-10d4e01c9009</ns2:guid>
                    <ns2:name>15-П</ns2:name>
                    <ns2:agencyName>ГАУК СО "СОУНБ ИМ. В.Г. БЕЛИНСКОГО"</ns2:agencyName>
                    <ns2:supplierName>ОБЩЕСТВО С ОГРАНИЧЕННОЙ ОТВЕТСТВЕННОСТЬЮ "ИВИС"</ns2:supplierName>
                    <ns2:lotInfo>оказание услуг по неисключительным правам на пользование УБД</ns2:lotInfo>
                    <ns2:contractDate>2017-02-01</ns2:contractDate>
                </ns2:contractInfo>
                <ns2:positions>
                    <ns2:position>
                        <ns2:ordinal>1</ns2:ordinal>
                        <ns2:paymentDate>2017-02-06</ns2:paymentDate>
                        <ns2:price>210175</ns2:price>
                        <ns2:currency>
                            <code>RUB</code>
                            <digitalCode>643</digitalCode>
                            <name>Российский рубль</name>
                        </ns2:currency>
                        <ns2:rubPrice>210175</ns2:rubPrice>
                        <ns2:prepaid>false</ns2:prepaid>
                        <ns2:docs>
                            <ns2:doc>
                                <ns2:ordinal>1</ns2:ordinal>
                                <ns2:code>18</ns2:code>
                                <ns2:name>счет на оплату</ns2:name>
                                <ns2:contractPosition>
                                    <ns2:guid>b8b6fb9a-e192-403f-8365-0e7084da3891</ns2:guid>
                                    <ns2:name>Услуги информационных агентств</ns2:name>
                                    <ns2:okpd2>
                                        <code>63.91</code>
                                        <name>Услуги информационных агентств</name>
                                    </ns2:okpd2>
                                </ns2:contractPosition>
                                <ns2:okei>
                                    <code>876</code>
                                    <name>Условная единица</name>
                                </ns2:okei>
                                <ns2:qty>1</ns2:qty>
                            </ns2:doc>
                        </ns2:docs>
                    </ns2:position>
                    <ns2:total>210175</ns2:total>
                </ns2:positions>
            </ns2:performanceContractData>
        </ns2:item>
    </ns2:body>
</ns2:performanceContract>
