<?xml version="1.0" encoding="UTF-8" standalone="yes"?>
<ns2:performanceContract xsi:schemaLocation="http://zakupki.gov.ru/223/integration/schema/TFF-5.2 http://zakupki.gov.ru/223/integration/schema/TFF-5.2/Types.xsd" xmlns="http://zakupki.gov.ru/223fz/types/1" xmlns:ns10="http://zakupki.gov.ru/223fz/complaint/1" xmlns:ns11="http://zakupki.gov.ru/223fz/notificationIssue/1" xmlns:ns12="http://zakupki.gov.ru/223fz/purchasePlanProject/1" xmlns:ns13="http://zakupki.gov.ru/223fz/purchase/1" xmlns:ns14="http://zakupki.gov.ru/223fz/purchasePlanProjectAdditionalPosition/1" xmlns:ns15="http://zakupki.gov.ru/223fz/missedNotice/1" xmlns:ns16="http://zakupki.gov.ru/223fz/reference/1" xmlns:ns17="http://zakupki.gov.ru/223fz/stopCommodity/1" xmlns:ns18="http://zakupki.gov.ru/223fz/decisionSuspension/1" xmlns:ns19="http://zakupki.gov.ru/223fz/webRequest/1" xmlns:ns2="http://zakupki.gov.ru/223fz/contract/1" xmlns:xsi="http://www.w3.org/2001/XMLSchema-instance" xmlns:ns3="http://zakupki.gov.ru/223fz/dishonestSupplier/1" xmlns:ns4="http://zakupki.gov.ru/223fz/purchasePlanAdditionalPosition/1" xmlns:ns5="http://zakupki.gov.ru/223fz/purchasePlan/1" xmlns:ns6="http://zakupki.gov.ru/223fz/machineryListInfo/1" xmlns:ns7="http://zakupki.gov.ru/223fz/revenue/1" xmlns:ns8="http://zakupki.gov.ru/223fz/orderClauseList/1" xmlns:ns9="http://zakupki.gov.ru/223fz/disagreementProtocol/1">
    <header>
        <guid>3a9e3865-d6de-4244-841d-455ec1a7969a</guid>
        <createDateTime>2017-03-29T13:44:48</createDateTime>
    </header>
    <ns2:body>
        <ns2:item>
            <guid>ed607bed-c3d0-4d68-82ef-78bd8f596817</guid>
            <ns2:performanceContractData>
                <ns2:guid>f5802f6c-6df0-4218-87f5-54c0b7a0b9ad</ns2:guid>
                <ns2:registrationNumber>56620007046170000120006</ns2:registrationNumber>
                <ns2:urlOOS>https://zakupki.gov.ru/223/contract/private/completing/info/view.html?id=2659077</ns2:urlOOS>
                <ns2:createDateTime>2017-02-08T09:47:52</ns2:createDateTime>
                <ns2:customer>
                    <mainInfo>
                        <fullName>МУНИЦИПАЛЬНОЕ АВТОНОМНОЕ ДОШКОЛЬНОЕ ОБРАЗОВАТЕЛЬНОЕ УЧРЕЖДЕНИЕ ДЕТСКИЙ САД № 30 ОБЩЕРАЗВИВАЮЩЕГО ВИДА С ПРИОРИТЕТНЫМ ОСУЩЕСТВЛЕНИЕМ ДЕЯТЕЛЬНОСТИ ПО ХУДОЖЕСТВЕННО- ЭСТЕТИЧЕСКОМУ РАЗВИТИЮ ДЕТЕЙ</fullName>
                        <shortName>МАДОУ № 30</shortName>
                        <iko>56620007046662001001</iko>
                        <inn>6620007046</inn>
                        <kpp>668101001</kpp>
                        <ogrn>1026601301000</ogrn>
                        <legalAddress>624300, ОБЛ СВЕРДЛОВСКАЯ, Г КУШВА, УЛ ГВАРДЕЙЦЕВ, дом 5</legalAddress>
                        <postalAddress>Свердловская область, г. Кушва, ул. Гвардейцев, 5</postalAddress>
                        <phone>7-34344-62598</phone>
                        <email>pratma@rambler.ru</email>
                        <okato>65470000000</okato>
                        <okpo>50723867</okpo>
                    </mainInfo>
                </ns2:customer>
                <ns2:placer>
                    <mainInfo>
                        <fullName>МУНИЦИПАЛЬНОЕ АВТОНОМНОЕ ДОШКОЛЬНОЕ ОБРАЗОВАТЕЛЬНОЕ УЧРЕЖДЕНИЕ ДЕТСКИЙ САД № 30 ОБЩЕРАЗВИВАЮЩЕГО ВИДА С ПРИОРИТЕТНЫМ ОСУЩЕСТВЛЕНИЕМ ДЕЯТЕЛЬНОСТИ ПО ХУДОЖЕСТВЕННО- ЭСТЕТИЧЕСКОМУ РАЗВИТИЮ ДЕТЕЙ</fullName>
                        <shortName>МАДОУ № 30</shortName>
                        <iko>56620007046662001001</iko>
                        <inn>6620007046</inn>
                        <kpp>668101001</kpp>
                        <ogrn>1026601301000</ogrn>
                        <legalAddress>624300, ОБЛ СВЕРДЛОВСКАЯ, Г КУШВА, УЛ ГВАРДЕЙЦЕВ, дом 5</legalAddress>
                        <postalAddress>Свердловская область, г. Кушва, ул. Гвардейцев, 5</postalAddress>
                        <phone>7-34344-62598</phone>
                        <email>pratma@rambler.ru</email>
                        <okato>65470000000</okato>
                        <okpo>50723867</okpo>
                    </mainInfo>
                </ns2:placer>
                <ns2:publicationDate>2017-03-29T13:44:48</ns2:publicationDate>
                <ns2:status>P</ns2:status>
                <ns2:version>1</ns2:version>
                <ns2:completed>false</ns2:completed>
                <ns2:attachments>
                    <totalDocumentsCount>1</totalDocumentsCount>
                    <document>
                        <guid>47a71617-3139-4f57-98a4-dfe35d17c932</guid>
                        <createDateTime>2017-03-29T13:44:03</createDateTime>
                        <fileName>плат. и сч.ф. 405 от 28.02.2017.pdf</fileName>
                        <description>плат. и сч.ф. 405 от 28.02.2017</description>
                        <url>https://zakupki.gov.ru/223/contract/private/download/download.html?id=11697093</url>
                        <registrationNumber>56620007046170000120007</registrationNumber>
                    </document>
                </ns2:attachments>
                <ns2:hasPenalty>false</ns2:hasPenalty>
                <ns2:contractRegNumber>56620007046170000120000</ns2:contractRegNumber>
                <ns2:contractInfo>
                    <ns2:guid>3525c596-82b0-4a0b-af92-67f598bb0e41</ns2:guid>
                    <ns2:name>27/17</ns2:name>
                    <ns2:agencyName>МАДОУ № 30</ns2:agencyName>
                    <ns2:supplierName>ОБЩЕСТВО С ОГРАНИЧЕННОЙ ОТВЕТСТВЕННОСТЬЮ "РОДНИК"</ns2:supplierName>
                    <ns2:lotInfo>водоснабжение и водоотведение</ns2:lotInfo>
                    <ns2:contractDate>2017-02-07</ns2:contractDate>
                </ns2:contractInfo>
                <ns2:positions>
                    <ns2:position>
                        <ns2:ordinal>1</ns2:ordinal>
                        <ns2:paymentDate>2017-03-15</ns2:paymentDate>
                        <ns2:price>8392.57</ns2:price>
                        <ns2:currency>
                            <code>RUB</code>
                            <digitalCode>643</digitalCode>
                            <name>Российский рубль</name>
                        </ns2:currency>
                        <ns2:rubPrice>8392.57</ns2:rubPrice>
                        <ns2:prepaid>false</ns2:prepaid>
                        <ns2:docs>
                            <ns2:doc>
                                <ns2:ordinal>1</ns2:ordinal>
                                <ns2:date>2017-02-28</ns2:date>
                                <ns2:code>19</ns2:code>
                                <ns2:name>счет-фактура</ns2:name>
                                <ns2:number>405</ns2:number>
                                <ns2:contractPosition>
                                    <ns2:guid>eed33acc-86f5-41d4-a362-93be356a93d0</ns2:guid>
                                    <ns2:name>Вода питьевая</ns2:name>
                                    <ns2:okpd2>
                                        <code>36.00.11.000</code>
                                        <name>Вода питьевая</name>
                                    </ns2:okpd2>
                                </ns2:contractPosition>
                                <ns2:okei>
                                    <code>113</code>
                                    <name>Кубический метр</name>
                                </ns2:okei>
                                <ns2:qty>168</ns2:qty>
                            </ns2:doc>
                            <ns2:doc>
                                <ns2:ordinal>2</ns2:ordinal>
                                <ns2:date>2017-02-28</ns2:date>
                                <ns2:code>19</ns2:code>
                                <ns2:name>счет-фактура</ns2:name>
                                <ns2:number>405</ns2:number>
                                <ns2:contractPosition>
                                    <ns2:guid>0cf134b4-e66c-4a70-8c0c-579ab53bcb1c</ns2:guid>
                                    <ns2:name>Услуги по водоотведению сточных вод</ns2:name>
                                    <ns2:okpd2>
                                        <code>37.00.11.110</code>
                                        <name>Услуги по водоотведению сточных вод</name>
                                    </ns2:okpd2>
                                </ns2:contractPosition>
                                <ns2:okei>
                                    <code>113</code>
                                    <name>Кубический метр</name>
                                </ns2:okei>
                                <ns2:qty>279.1</ns2:qty>
                            </ns2:doc>
                        </ns2:docs>
                    </ns2:position>
                    <ns2:total>8392.57</ns2:total>
                </ns2:positions>
            </ns2:performanceContractData>
        </ns2:item>
    </ns2:body>
</ns2:performanceContract>
