<?xml version="1.0" encoding="UTF-8" standalone="yes"?>
<ns2:performanceContract xsi:schemaLocation="http://zakupki.gov.ru/223/integration/schema/TFF-5.2 http://zakupki.gov.ru/223/integration/schema/TFF-5.2/Types.xsd" xmlns="http://zakupki.gov.ru/223fz/types/1" xmlns:ns10="http://zakupki.gov.ru/223fz/complaint/1" xmlns:ns11="http://zakupki.gov.ru/223fz/notificationIssue/1" xmlns:ns12="http://zakupki.gov.ru/223fz/purchasePlanProject/1" xmlns:ns13="http://zakupki.gov.ru/223fz/purchase/1" xmlns:ns14="http://zakupki.gov.ru/223fz/purchasePlanProjectAdditionalPosition/1" xmlns:ns15="http://zakupki.gov.ru/223fz/missedNotice/1" xmlns:ns16="http://zakupki.gov.ru/223fz/reference/1" xmlns:ns17="http://zakupki.gov.ru/223fz/stopCommodity/1" xmlns:ns18="http://zakupki.gov.ru/223fz/decisionSuspension/1" xmlns:ns19="http://zakupki.gov.ru/223fz/webRequest/1" xmlns:ns2="http://zakupki.gov.ru/223fz/contract/1" xmlns:xsi="http://www.w3.org/2001/XMLSchema-instance" xmlns:ns3="http://zakupki.gov.ru/223fz/dishonestSupplier/1" xmlns:ns4="http://zakupki.gov.ru/223fz/purchasePlanAdditionalPosition/1" xmlns:ns5="http://zakupki.gov.ru/223fz/purchasePlan/1" xmlns:ns6="http://zakupki.gov.ru/223fz/machineryListInfo/1" xmlns:ns7="http://zakupki.gov.ru/223fz/revenue/1" xmlns:ns8="http://zakupki.gov.ru/223fz/orderClauseList/1" xmlns:ns9="http://zakupki.gov.ru/223fz/disagreementProtocol/1">
    <header>
        <guid>a335041e-08bf-4930-8bfb-bf3b6a156633</guid>
        <createDateTime>2017-03-29T12:43:29</createDateTime>
    </header>
    <ns2:body>
        <ns2:item>
            <guid>786773b9-1f2d-43e1-9485-eeb748b7f3df</guid>
            <ns2:performanceContractData>
                <ns2:guid>82a14a14-0d81-48c5-b4ee-7c6b1686f45e</ns2:guid>
                <ns2:registrationNumber>56629007749160000240005</ns2:registrationNumber>
                <ns2:urlOOS>https://zakupki.gov.ru/223/contract/private/completing/info/view.html?id=2658290</ns2:urlOOS>
                <ns2:createDateTime>2016-12-21T13:51:14</ns2:createDateTime>
                <ns2:customer>
                    <mainInfo>
                        <fullName>МУНИЦИПАЛЬНОЕ УНИТАРНОЕ ПРЕДПРИЯТИЕ НОВОУРАЛЬСКОГО ГОРОДСКОГО ОКРУГА "ВОДОПРОВОДНО-КАНАЛИЗАЦИОННОЕ ХОЗЯЙСТВО"</fullName>
                        <shortName>МУП "ВОДОКАНАЛ"</shortName>
                        <iko>56629007749662901001</iko>
                        <inn>6629007749</inn>
                        <kpp>668201001</kpp>
                        <ogrn>1026601725831</ogrn>
                        <legalAddress>624130, ОБЛ СВЕРДЛОВСКАЯ, Г НОВОУРАЛЬСК, УЛ АВТОЗАВОДСКАЯ, дом 29</legalAddress>
                        <postalAddress>624130, Свердловская область, г. Новоуральск, ул. Автозаводская, 29</postalAddress>
                        <phone>7-34370-23887</phone>
                        <fax>7-34370-23885</fax>
                        <email>vodokanal.44@ya.ru</email>
                        <okato>65540000000</okato>
                        <okpo>39928652</okpo>
                    </mainInfo>
                </ns2:customer>
                <ns2:placer>
                    <mainInfo>
                        <fullName>МУНИЦИПАЛЬНОЕ УНИТАРНОЕ ПРЕДПРИЯТИЕ НОВОУРАЛЬСКОГО ГОРОДСКОГО ОКРУГА "ВОДОПРОВОДНО-КАНАЛИЗАЦИОННОЕ ХОЗЯЙСТВО"</fullName>
                        <shortName>МУП "ВОДОКАНАЛ"</shortName>
                        <iko>56629007749662901001</iko>
                        <inn>6629007749</inn>
                        <kpp>668201001</kpp>
                        <ogrn>1026601725831</ogrn>
                        <legalAddress>624130, ОБЛ СВЕРДЛОВСКАЯ, Г НОВОУРАЛЬСК, УЛ АВТОЗАВОДСКАЯ, дом 29</legalAddress>
                        <postalAddress>624130, Свердловская область, г. Новоуральск, ул. Автозаводская, 29</postalAddress>
                        <phone>7-34370-23887</phone>
                        <fax>7-34370-23885</fax>
                        <email>vodokanal.44@ya.ru</email>
                        <okato>65540000000</okato>
                        <okpo>39928652</okpo>
                    </mainInfo>
                </ns2:placer>
                <ns2:publicationDate>2017-03-29T12:43:29</ns2:publicationDate>
                <ns2:status>P</ns2:status>
                <ns2:version>1</ns2:version>
                <ns2:completed>false</ns2:completed>
                <ns2:attachments>
                    <totalDocumentsCount>1</totalDocumentsCount>
                    <document>
                        <guid>647b71df-d21a-4195-8a6e-d163e5052630</guid>
                        <createDateTime>2017-03-29T12:42:55</createDateTime>
                        <fileName>Сч.00000138 от 01.02.2017.pdf</fileName>
                        <description>Сч.00000138 от 01.02.2017</description>
                        <url>https://zakupki.gov.ru/223/contract/private/download/download.html?id=11693506</url>
                        <registrationNumber>56629007749160000240006</registrationNumber>
                    </document>
                </ns2:attachments>
                <ns2:hasPenalty>false</ns2:hasPenalty>
                <ns2:contractRegNumber>56629007749160000240000</ns2:contractRegNumber>
                <ns2:contractInfo>
                    <ns2:guid>477f1428-e2b2-4594-ab99-62b36fe2bd2d</ns2:guid>
                    <ns2:name>1300/2017С/161/16-3</ns2:name>
                    <ns2:agencyName>МУП "ВОДОКАНАЛ"</ns2:agencyName>
                    <ns2:supplierName>Мартемьянов Михаил Юрьевич</ns2:supplierName>
                    <ns2:lotInfo>Оказание информационных услуг с использованием экземпляров  Системы КонсультантПлюс</ns2:lotInfo>
                    <ns2:contractDate>2016-12-21</ns2:contractDate>
                </ns2:contractInfo>
                <ns2:positions>
                    <ns2:position>
                        <ns2:ordinal>1</ns2:ordinal>
                        <ns2:paymentDate>2017-03-28</ns2:paymentDate>
                        <ns2:price>36862.61</ns2:price>
                        <ns2:currency>
                            <code>RUB</code>
                            <digitalCode>643</digitalCode>
                            <name>Российский рубль</name>
                        </ns2:currency>
                        <ns2:rubPrice>36862.61</ns2:rubPrice>
                        <ns2:prepaid>false</ns2:prepaid>
                        <ns2:docs>
                            <ns2:doc>
                                <ns2:ordinal>1</ns2:ordinal>
                                <ns2:date>2017-02-01</ns2:date>
                                <ns2:code>18</ns2:code>
                                <ns2:name>счет на оплату</ns2:name>
                                <ns2:number>00000138</ns2:number>
                                <ns2:contractPosition>
                                    <ns2:guid>517da5a5-3ad1-4d36-b151-5af22775ca8d</ns2:guid>
                                    <ns2:name>Услуги информационные автоматизированные компьютерные прочие, не включенные в другие группировки</ns2:name>
                                    <ns2:okpd2>
                                        <code>63.99.10.190</code>
                                        <name>Услуги информационные автоматизированные компьютерные прочие, не включенные в другие группировки</name>
                                    </ns2:okpd2>
                                </ns2:contractPosition>
                                <ns2:okei>
                                    <code>796</code>
                                    <name>Штука</name>
                                </ns2:okei>
                                <ns2:qty>1</ns2:qty>
                            </ns2:doc>
                        </ns2:docs>
                    </ns2:position>
                    <ns2:total>36862.61</ns2:total>
                </ns2:positions>
            </ns2:performanceContractData>
        </ns2:item>
    </ns2:body>
</ns2:performanceContract>
