<?xml version="1.0" encoding="UTF-8" standalone="yes"?>
<ns2:performanceContract xsi:schemaLocation="http://zakupki.gov.ru/223/integration/schema/TFF-5.2 http://zakupki.gov.ru/223/integration/schema/TFF-5.2/Types.xsd" xmlns="http://zakupki.gov.ru/223fz/types/1" xmlns:ns10="http://zakupki.gov.ru/223fz/complaint/1" xmlns:ns11="http://zakupki.gov.ru/223fz/notificationIssue/1" xmlns:ns12="http://zakupki.gov.ru/223fz/purchasePlanProject/1" xmlns:ns13="http://zakupki.gov.ru/223fz/purchase/1" xmlns:ns14="http://zakupki.gov.ru/223fz/purchasePlanProjectAdditionalPosition/1" xmlns:ns15="http://zakupki.gov.ru/223fz/missedNotice/1" xmlns:ns16="http://zakupki.gov.ru/223fz/reference/1" xmlns:ns17="http://zakupki.gov.ru/223fz/stopCommodity/1" xmlns:ns18="http://zakupki.gov.ru/223fz/decisionSuspension/1" xmlns:ns19="http://zakupki.gov.ru/223fz/webRequest/1" xmlns:ns2="http://zakupki.gov.ru/223fz/contract/1" xmlns:xsi="http://www.w3.org/2001/XMLSchema-instance" xmlns:ns3="http://zakupki.gov.ru/223fz/dishonestSupplier/1" xmlns:ns4="http://zakupki.gov.ru/223fz/purchasePlanAdditionalPosition/1" xmlns:ns5="http://zakupki.gov.ru/223fz/purchasePlan/1" xmlns:ns6="http://zakupki.gov.ru/223fz/machineryListInfo/1" xmlns:ns7="http://zakupki.gov.ru/223fz/revenue/1" xmlns:ns8="http://zakupki.gov.ru/223fz/orderClauseList/1" xmlns:ns9="http://zakupki.gov.ru/223fz/disagreementProtocol/1">
    <header>
        <guid>b08adacc-2cdf-4cac-9e4c-bfa865349d74</guid>
        <createDateTime>2017-03-29T13:13:40</createDateTime>
    </header>
    <ns2:body>
        <ns2:item>
            <guid>678373d5-c5a9-4e51-a58f-471fa779058f</guid>
            <ns2:performanceContractData>
                <ns2:guid>7a76106c-cb98-401f-bed9-31f6c9149701</ns2:guid>
                <ns2:registrationNumber>56658027450170000300004</ns2:registrationNumber>
                <ns2:urlOOS>https://zakupki.gov.ru/223/contract/private/completing/info/view.html?id=2658629</ns2:urlOOS>
                <ns2:createDateTime>2017-01-17T12:40:14</ns2:createDateTime>
                <ns2:customer>
                    <mainInfo>
                        <fullName>МУНИЦИПАЛЬНОЕ АВТОНОМНОЕ УЧРЕЖДЕНИЕ ЗДРАВООХРАНЕНИЯ "ГОРОДСКАЯ КЛИНИЧЕСКАЯ БОЛЬНИЦА № 40"</fullName>
                        <shortName>МАУ "ГКБ № 40"</shortName>
                        <iko>56658027450665801001</iko>
                        <inn>6658027450</inn>
                        <kpp>665801001</kpp>
                        <ogrn>1026602347914</ogrn>
                        <legalAddress>620102, ОБЛ СВЕРДЛОВСКАЯ, Г ЕКАТЕРИНБУРГ, УЛ ВОЛГОГРАДСКАЯ, дом 189</legalAddress>
                        <postalAddress>620102, г. Екатеринбург, ул. Волгоградская, 189</postalAddress>
                        <phone>7-343-2979814</phone>
                        <fax>7-343-2669721</fax>
                        <email>korteva@gkb40.ur.ru</email>
                        <okato>65401364000</okato>
                        <okpo>01944370</okpo>
                    </mainInfo>
                </ns2:customer>
                <ns2:placer>
                    <mainInfo>
                        <fullName>МУНИЦИПАЛЬНОЕ АВТОНОМНОЕ УЧРЕЖДЕНИЕ ЗДРАВООХРАНЕНИЯ "ГОРОДСКАЯ КЛИНИЧЕСКАЯ БОЛЬНИЦА № 40"</fullName>
                        <shortName>МАУ "ГКБ № 40"</shortName>
                        <iko>56658027450665801001</iko>
                        <inn>6658027450</inn>
                        <kpp>665801001</kpp>
                        <ogrn>1026602347914</ogrn>
                        <legalAddress>620102, ОБЛ СВЕРДЛОВСКАЯ, Г ЕКАТЕРИНБУРГ, УЛ ВОЛГОГРАДСКАЯ, дом 189</legalAddress>
                        <postalAddress>620102, г. Екатеринбург, ул. Волгоградская, 189</postalAddress>
                        <phone>7-343-2979814</phone>
                        <fax>7-343-2669721</fax>
                        <email>korteva@gkb40.ur.ru</email>
                        <okato>65401364000</okato>
                        <okpo>01944370</okpo>
                    </mainInfo>
                </ns2:placer>
                <ns2:publicationDate>2017-03-29T13:13:40</ns2:publicationDate>
                <ns2:status>P</ns2:status>
                <ns2:version>1</ns2:version>
                <ns2:completed>false</ns2:completed>
                <ns2:attachments>
                    <totalDocumentsCount>1</totalDocumentsCount>
                    <document>
                        <guid>e2bc7424-bb86-4984-a007-823944fdfc45</guid>
                        <createDateTime>2017-03-29T13:13:23</createDateTime>
                        <fileName>184545 от 27.03.2017.pdf</fileName>
                        <description>184545 от 27.03.2017</description>
                        <url>https://zakupki.gov.ru/223/contract/private/download/download.html?id=11695087</url>
                        <registrationNumber>56658027450170000300005</registrationNumber>
                    </document>
                </ns2:attachments>
                <ns2:hasPenalty>false</ns2:hasPenalty>
                <ns2:contractRegNumber>56658027450170000300000</ns2:contractRegNumber>
                <ns2:contractInfo>
                    <ns2:guid>036857bf-c8a4-4213-96e0-0395709a0b5d</ns2:guid>
                    <ns2:name>2330</ns2:name>
                    <ns2:agencyName>МАУ "ГКБ № 40"</ns2:agencyName>
                    <ns2:supplierName>ЗАКРЫТОЕ АКЦИОНЕРНОЕ ОБЩЕСТВО " ДЕЛЬРУС МЕДИЦИНСКАЯ КОМПАНИЯ"</ns2:supplierName>
                    <ns2:lotInfo>Электрокардиограф ECG-1250</ns2:lotInfo>
                    <ns2:contractDate>2017-01-09</ns2:contractDate>
                </ns2:contractInfo>
                <ns2:positions>
                    <ns2:position>
                        <ns2:ordinal>1</ns2:ordinal>
                        <ns2:paymentDate>2017-03-27</ns2:paymentDate>
                        <ns2:price>356657</ns2:price>
                        <ns2:currency>
                            <code>RUB</code>
                            <digitalCode>643</digitalCode>
                            <name>Российский рубль</name>
                        </ns2:currency>
                        <ns2:rubPrice>356657</ns2:rubPrice>
                        <ns2:prepaid>false</ns2:prepaid>
                        <ns2:docs>
                            <ns2:doc>
                                <ns2:ordinal>1</ns2:ordinal>
                                <ns2:date>2017-02-15</ns2:date>
                                <ns2:code>19</ns2:code>
                                <ns2:name>счет-фактура</ns2:name>
                                <ns2:number>ДМК000182</ns2:number>
                                <ns2:contractPosition>
                                    <ns2:guid>125624f7-4f55-43b4-adf4-b4ae7e95d273</ns2:guid>
                                    <ns2:name>Электрокардиограф ECG-1250</ns2:name>
                                    <ns2:okpd2>
                                        <code>32.50</code>
                                        <name>Инструменты и оборудование медицинские</name>
                                    </ns2:okpd2>
                                </ns2:contractPosition>
                                <ns2:okei>
                                    <code>796</code>
                                    <name>Штука</name>
                                </ns2:okei>
                                <ns2:qty>1</ns2:qty>
                            </ns2:doc>
                        </ns2:docs>
                    </ns2:position>
                    <ns2:total>356657</ns2:total>
                </ns2:positions>
            </ns2:performanceContractData>
        </ns2:item>
    </ns2:body>
</ns2:performanceContract>
