<?xml version="1.0" encoding="UTF-8" standalone="yes"?>
<ns2:performanceContract xsi:schemaLocation="http://zakupki.gov.ru/223/integration/schema/TFF-5.2 http://zakupki.gov.ru/223/integration/schema/TFF-5.2/Types.xsd" xmlns="http://zakupki.gov.ru/223fz/types/1" xmlns:ns10="http://zakupki.gov.ru/223fz/complaint/1" xmlns:ns11="http://zakupki.gov.ru/223fz/notificationIssue/1" xmlns:ns12="http://zakupki.gov.ru/223fz/purchasePlanProject/1" xmlns:ns13="http://zakupki.gov.ru/223fz/purchase/1" xmlns:ns14="http://zakupki.gov.ru/223fz/purchasePlanProjectAdditionalPosition/1" xmlns:ns15="http://zakupki.gov.ru/223fz/missedNotice/1" xmlns:ns16="http://zakupki.gov.ru/223fz/reference/1" xmlns:ns17="http://zakupki.gov.ru/223fz/stopCommodity/1" xmlns:ns18="http://zakupki.gov.ru/223fz/decisionSuspension/1" xmlns:ns19="http://zakupki.gov.ru/223fz/webRequest/1" xmlns:ns2="http://zakupki.gov.ru/223fz/contract/1" xmlns:xsi="http://www.w3.org/2001/XMLSchema-instance" xmlns:ns3="http://zakupki.gov.ru/223fz/dishonestSupplier/1" xmlns:ns4="http://zakupki.gov.ru/223fz/purchasePlanAdditionalPosition/1" xmlns:ns5="http://zakupki.gov.ru/223fz/purchasePlan/1" xmlns:ns6="http://zakupki.gov.ru/223fz/machineryListInfo/1" xmlns:ns7="http://zakupki.gov.ru/223fz/revenue/1" xmlns:ns8="http://zakupki.gov.ru/223fz/orderClauseList/1" xmlns:ns9="http://zakupki.gov.ru/223fz/disagreementProtocol/1">
    <header>
        <guid>9f6cbfd1-65d4-4eac-a766-60073244c22f</guid>
        <createDateTime>2017-03-29T13:38:29</createDateTime>
    </header>
    <ns2:body>
        <ns2:item>
            <guid>a2242bc7-675a-4eac-bfe9-269b19cf4ca1</guid>
            <ns2:performanceContractData>
                <ns2:guid>e5f05f4e-7320-4489-9551-04b5f3eab10e</ns2:guid>
                <ns2:registrationNumber>56603010391160000870042</ns2:registrationNumber>
                <ns2:urlOOS>https://zakupki.gov.ru/223/contract/private/completing/info/view.html?id=2658997</ns2:urlOOS>
                <ns2:createDateTime>2016-10-03T13:05:48</ns2:createDateTime>
                <ns2:customer>
                    <mainInfo>
                        <fullName>МУНИЦИПАЛЬНОЕ УНИТАРНОЕ ПРЕДПРИЯТИЕ "ПРОИЗВОДСТВЕННЫЙ ТРЕСТ ЖИЛИЩНО-КОММУНАЛЬНОГО ХОЗЯЙСТВА" ГОРОДСКОГО ОКРУГА РЕФТИНСКИЙ</fullName>
                        <shortName>МУП "ПТЖКХ "ГОРОДСКОГО ОКРУГА РЕФТИНСКИЙ</shortName>
                        <iko>56603010391660301001</iko>
                        <inn>6603010391</inn>
                        <kpp>668301001</kpp>
                        <ogrn>1026600629868</ogrn>
                        <legalAddress>624285, ОБЛ СВЕРДЛОВСКАЯ, Г АСБЕСТ, РП РЕФТИНСКИЙ, УЛ ГАГАРИНА, дом 33</legalAddress>
                        <postalAddress>624285, дом 33</postalAddress>
                        <phone>7-34365-30005</phone>
                        <fax>7-34365-30005</fax>
                        <email>mupgkh-reft@yandex.ru</email>
                        <okato>65409567000</okato>
                        <okpo>48574686</okpo>
                    </mainInfo>
                </ns2:customer>
                <ns2:placer>
                    <mainInfo>
                        <fullName>МУНИЦИПАЛЬНОЕ УНИТАРНОЕ ПРЕДПРИЯТИЕ "ПРОИЗВОДСТВЕННЫЙ ТРЕСТ ЖИЛИЩНО-КОММУНАЛЬНОГО ХОЗЯЙСТВА" ГОРОДСКОГО ОКРУГА РЕФТИНСКИЙ</fullName>
                        <shortName>МУП "ПТЖКХ "ГОРОДСКОГО ОКРУГА РЕФТИНСКИЙ</shortName>
                        <iko>56603010391660301001</iko>
                        <inn>6603010391</inn>
                        <kpp>668301001</kpp>
                        <ogrn>1026600629868</ogrn>
                        <legalAddress>624285, ОБЛ СВЕРДЛОВСКАЯ, Г АСБЕСТ, РП РЕФТИНСКИЙ, УЛ ГАГАРИНА, дом 33</legalAddress>
                        <postalAddress>624285, дом 33</postalAddress>
                        <phone>7-34365-30005</phone>
                        <fax>7-34365-30005</fax>
                        <email>mupgkh-reft@yandex.ru</email>
                        <okato>65409567000</okato>
                        <okpo>48574686</okpo>
                    </mainInfo>
                </ns2:placer>
                <ns2:publicationDate>2017-03-29T13:38:29</ns2:publicationDate>
                <ns2:status>P</ns2:status>
                <ns2:version>7</ns2:version>
                <ns2:completed>false</ns2:completed>
                <ns2:modificationDescription>исполнение</ns2:modificationDescription>
                <ns2:attachments>
                    <totalDocumentsCount>9</totalDocumentsCount>
                    <document>
                        <guid>994d55dd-01d1-4da3-829e-cbca5de86815</guid>
                        <createDateTime>2017-03-29T13:38:01</createDateTime>
                        <fileName>пп 693.pdf</fileName>
                        <description>пп 693</description>
                        <url>https://zakupki.gov.ru/223/contract/private/download/download.html?id=11696706</url>
                        <registrationNumber>56603010391160000870043</registrationNumber>
                    </document>
                    <document>
                        <guid>f0ca595c-21ed-4312-907a-50be718f6b55</guid>
                        <createDateTime>2017-02-27T16:52:43</createDateTime>
                        <fileName>пп 375.pdf</fileName>
                        <description>пп 375</description>
                        <url>https://zakupki.gov.ru/223/contract/private/download/download.html?id=11696615</url>
                        <registrationNumber>56603010391160000870044</registrationNumber>
                    </document>
                    <document>
                        <guid>c6671da4-aced-455a-b18a-2cbe10c86469</guid>
                        <createDateTime>2017-01-20T14:54:03</createDateTime>
                        <fileName>пп 118.pdf</fileName>
                        <description>пп 118</description>
                        <url>https://zakupki.gov.ru/223/contract/private/download/download.html?id=11696616</url>
                        <registrationNumber>56603010391160000870045</registrationNumber>
                    </document>
                    <document>
                        <guid>be73eeaf-f3c9-49f2-a88f-916473e9f6c4</guid>
                        <createDateTime>2016-11-15T14:31:03</createDateTime>
                        <fileName>акт11 от 25.10.16-496.PDF</fileName>
                        <description>акт11 от 25.10.16-496</description>
                        <url>https://zakupki.gov.ru/223/contract/private/download/download.html?id=11696617</url>
                        <registrationNumber>56603010391160000870046</registrationNumber>
                    </document>
                    <document>
                        <guid>dad41b2e-49dd-4455-88e5-1968e23f492f</guid>
                        <createDateTime>2016-12-29T13:46:30</createDateTime>
                        <fileName>пп 2799.pdf</fileName>
                        <description>пп 2799</description>
                        <url>https://zakupki.gov.ru/223/contract/private/download/download.html?id=11696618</url>
                        <registrationNumber>56603010391160000870047</registrationNumber>
                    </document>
                    <document>
                        <guid>15058efc-20c4-4953-95d9-8d5355c11a52</guid>
                        <createDateTime>2016-11-15T14:29:06</createDateTime>
                        <fileName>пп 2448.PDF</fileName>
                        <description>пп 2448</description>
                        <url>https://zakupki.gov.ru/223/contract/private/download/download.html?id=11696619</url>
                        <registrationNumber>56603010391160000870048</registrationNumber>
                    </document>
                    <document>
                        <guid>513863ad-17fa-4f28-89ff-d4a57ae7ae2c</guid>
                        <createDateTime>2016-10-07T14:09:02</createDateTime>
                        <fileName>пп2161.PDF</fileName>
                        <description>пп2161</description>
                        <url>https://zakupki.gov.ru/223/contract/private/download/download.html?id=11696620</url>
                        <registrationNumber>56603010391160000870049</registrationNumber>
                    </document>
                    <document>
                        <guid>b08c3890-6bda-44af-9c18-b9cd3e5fcbb7</guid>
                        <createDateTime>2016-11-15T14:31:40</createDateTime>
                        <fileName>акт14 от 28.10.16-496.PDF</fileName>
                        <description>акт14 от 28.10.16-496</description>
                        <url>https://zakupki.gov.ru/223/contract/private/download/download.html?id=11696621</url>
                        <registrationNumber>56603010391160000870050</registrationNumber>
                    </document>
                    <document>
                        <guid>c176cfb5-7870-47be-84ef-9f2e2f82ee0e</guid>
                        <createDateTime>2016-11-15T14:30:48</createDateTime>
                        <fileName>акт10 от 18.10.16-496.PDF</fileName>
                        <description>акт10 от 18.10.16-496</description>
                        <url>https://zakupki.gov.ru/223/contract/private/download/download.html?id=11696622</url>
                        <registrationNumber>56603010391160000870051</registrationNumber>
                    </document>
                </ns2:attachments>
                <ns2:hasPenalty>false</ns2:hasPenalty>
                <ns2:contractRegNumber>56603010391160000870000</ns2:contractRegNumber>
                <ns2:contractInfo>
                    <ns2:guid>0f880e0a-26e5-49c5-8ac5-1cfa71e07b66</ns2:guid>
                    <ns2:name>496/16</ns2:name>
                    <ns2:agencyName>МУП "ПТЖКХ "ГОРОДСКОГО ОКРУГА РЕФТИНСКИЙ</ns2:agencyName>
                    <ns2:supplierName>ПОЛЯКОВ ИГОРЬ МИХАЙЛОВИЧ</ns2:supplierName>
                    <ns2:lotInfo>Текущий ремонт кровли (Молодежная27, Лесная 10,Гагарина22)</ns2:lotInfo>
                    <ns2:contractDate>2016-10-03</ns2:contractDate>
                </ns2:contractInfo>
                <ns2:positions>
                    <ns2:position>
                        <ns2:ordinal>4</ns2:ordinal>
                        <ns2:paymentDate>2017-03-28</ns2:paymentDate>
                        <ns2:price>126522.2</ns2:price>
                        <ns2:currency>
                            <code>RUB</code>
                            <digitalCode>643</digitalCode>
                            <name>Российский рубль</name>
                        </ns2:currency>
                        <ns2:rubPrice>126522.2</ns2:rubPrice>
                        <ns2:prepaid>false</ns2:prepaid>
                        <ns2:docs>
                            <ns2:doc>
                                <ns2:ordinal>1</ns2:ordinal>
                                <ns2:date>2016-10-28</ns2:date>
                                <ns2:code>20</ns2:code>
                                <ns2:name>акт выполненных работ</ns2:name>
                                <ns2:number>14</ns2:number>
                                <ns2:contractPosition>
                                    <ns2:guid>b9d7a275-5ae6-4e89-b515-89cab4c30783</ns2:guid>
                                    <ns2:name>Работы кровельные</ns2:name>
                                    <ns2:okpd2>
                                        <code>43.91.1</code>
                                        <name>Работы кровельные</name>
                                    </ns2:okpd2>
                                </ns2:contractPosition>
                                <ns2:okei>
                                    <code>055</code>
                                    <name>Квадратный метр</name>
                                </ns2:okei>
                                <ns2:qty>660</ns2:qty>
                            </ns2:doc>
                        </ns2:docs>
                    </ns2:position>
                    <ns2:position>
                        <ns2:ordinal>1</ns2:ordinal>
                        <ns2:paymentDate>2016-10-06</ns2:paymentDate>
                        <ns2:price>162673</ns2:price>
                        <ns2:currency>
                            <code>RUB</code>
                            <digitalCode>643</digitalCode>
                            <name>Российский рубль</name>
                        </ns2:currency>
                        <ns2:rubPrice>162673</ns2:rubPrice>
                        <ns2:prepaid>true</ns2:prepaid>
                    </ns2:position>
                    <ns2:position>
                        <ns2:ordinal>3</ns2:ordinal>
                        <ns2:paymentDate>2017-01-17</ns2:paymentDate>
                        <ns2:price>130727.38</ns2:price>
                        <ns2:currency>
                            <code>RUB</code>
                            <digitalCode>643</digitalCode>
                            <name>Российский рубль</name>
                        </ns2:currency>
                        <ns2:rubPrice>130727.38</ns2:rubPrice>
                        <ns2:prepaid>false</ns2:prepaid>
                        <ns2:docs>
                            <ns2:doc>
                                <ns2:ordinal>1</ns2:ordinal>
                                <ns2:date>2016-10-25</ns2:date>
                                <ns2:code>20</ns2:code>
                                <ns2:name>акт выполненных работ</ns2:name>
                                <ns2:number>11</ns2:number>
                                <ns2:contractPosition>
                                    <ns2:guid>b9d7a275-5ae6-4e89-b515-89cab4c30783</ns2:guid>
                                    <ns2:name>Работы кровельные</ns2:name>
                                    <ns2:okpd2>
                                        <code>43.91.1</code>
                                        <name>Работы кровельные</name>
                                    </ns2:okpd2>
                                </ns2:contractPosition>
                                <ns2:okei>
                                    <code>055</code>
                                    <name>Квадратный метр</name>
                                </ns2:okei>
                                <ns2:qty>660</ns2:qty>
                            </ns2:doc>
                        </ns2:docs>
                    </ns2:position>
                    <ns2:position>
                        <ns2:ordinal>2</ns2:ordinal>
                        <ns2:paymentDate>2016-11-11</ns2:paymentDate>
                        <ns2:price>59058.41</ns2:price>
                        <ns2:currency>
                            <code>RUB</code>
                            <digitalCode>643</digitalCode>
                            <name>Российский рубль</name>
                        </ns2:currency>
                        <ns2:rubPrice>59058.41</ns2:rubPrice>
                        <ns2:prepaid>false</ns2:prepaid>
                        <ns2:docs>
                            <ns2:doc>
                                <ns2:ordinal>1</ns2:ordinal>
                                <ns2:date>2016-10-18</ns2:date>
                                <ns2:code>20</ns2:code>
                                <ns2:name>акт выполненных работ</ns2:name>
                                <ns2:number>10</ns2:number>
                                <ns2:contractPosition>
                                    <ns2:guid>b9d7a275-5ae6-4e89-b515-89cab4c30783</ns2:guid>
                                    <ns2:name>Работы кровельные</ns2:name>
                                    <ns2:okpd2>
                                        <code>43.91.1</code>
                                        <name>Работы кровельные</name>
                                    </ns2:okpd2>
                                </ns2:contractPosition>
                                <ns2:okei>
                                    <code>055</code>
                                    <name>Квадратный метр</name>
                                </ns2:okei>
                                <ns2:qty>0</ns2:qty>
                            </ns2:doc>
                        </ns2:docs>
                    </ns2:position>
                    <ns2:total>478980.99</ns2:total>
                </ns2:positions>
            </ns2:performanceContractData>
        </ns2:item>
    </ns2:body>
</ns2:performanceContract>
