<?xml version="1.0" encoding="UTF-8" standalone="yes"?>
<ns2:performanceContract xsi:schemaLocation="http://zakupki.gov.ru/223/integration/schema/TFF-5.2 http://zakupki.gov.ru/223/integration/schema/TFF-5.2/Types.xsd" xmlns="http://zakupki.gov.ru/223fz/types/1" xmlns:ns10="http://zakupki.gov.ru/223fz/complaint/1" xmlns:ns11="http://zakupki.gov.ru/223fz/notificationIssue/1" xmlns:ns12="http://zakupki.gov.ru/223fz/purchasePlanProject/1" xmlns:ns13="http://zakupki.gov.ru/223fz/purchase/1" xmlns:ns14="http://zakupki.gov.ru/223fz/purchasePlanProjectAdditionalPosition/1" xmlns:ns15="http://zakupki.gov.ru/223fz/missedNotice/1" xmlns:ns16="http://zakupki.gov.ru/223fz/reference/1" xmlns:ns17="http://zakupki.gov.ru/223fz/stopCommodity/1" xmlns:ns18="http://zakupki.gov.ru/223fz/decisionSuspension/1" xmlns:ns19="http://zakupki.gov.ru/223fz/webRequest/1" xmlns:ns2="http://zakupki.gov.ru/223fz/contract/1" xmlns:xsi="http://www.w3.org/2001/XMLSchema-instance" xmlns:ns3="http://zakupki.gov.ru/223fz/dishonestSupplier/1" xmlns:ns4="http://zakupki.gov.ru/223fz/purchasePlanAdditionalPosition/1" xmlns:ns5="http://zakupki.gov.ru/223fz/purchasePlan/1" xmlns:ns6="http://zakupki.gov.ru/223fz/machineryListInfo/1" xmlns:ns7="http://zakupki.gov.ru/223fz/revenue/1" xmlns:ns8="http://zakupki.gov.ru/223fz/orderClauseList/1" xmlns:ns9="http://zakupki.gov.ru/223fz/disagreementProtocol/1">
    <header>
        <guid>99b1f685-6fa3-49e4-97a7-7e42261da52c</guid>
        <createDateTime>2017-03-29T12:55:15</createDateTime>
    </header>
    <ns2:body>
        <ns2:item>
            <guid>7c554eba-d75f-4148-b65c-99bb8aa73686</guid>
            <ns2:performanceContractData>
                <ns2:guid>53aa5fc0-e391-41e6-8e1a-bae8eafba0be</ns2:guid>
                <ns2:registrationNumber>56660000720170000040003</ns2:registrationNumber>
                <ns2:urlOOS>https://zakupki.gov.ru/223/contract/private/completing/info/view.html?id=2658431</ns2:urlOOS>
                <ns2:createDateTime>2017-01-24T10:37:15</ns2:createDateTime>
                <ns2:customer>
                    <mainInfo>
                        <fullName>Государственное автономное  учреждение культуры  Свердловской области "Свердловская ордена Трудового Красного Знамени государственная академическая филармония"</fullName>
                        <shortName>ГАУК СО "Свердловская государственная академическая филармония " Свердловская филармония</shortName>
                        <iko>56660000720667001001</iko>
                        <inn>6660000720</inn>
                        <kpp>667001001</kpp>
                        <ogrn>1026604958940</ogrn>
                        <legalAddress>620075, Свердловская, Екатеринбург, Карла Либкнехта, дом 38-а, корпус -, офис (квартира) -</legalAddress>
                        <postalAddress>620075, Свердловская область, Екатеринбург город, Карла Либкнехта улица, дом 38а</postalAddress>
                        <phone>7-343-3716683</phone>
                        <fax>7-343-3714468</fax>
                        <email>filarm@sgaf.ru</email>
                        <okato>65401373000</okato>
                        <okpo>02193049</okpo>
                    </mainInfo>
                </ns2:customer>
                <ns2:placer>
                    <mainInfo>
                        <fullName>Государственное автономное  учреждение культуры  Свердловской области "Свердловская ордена Трудового Красного Знамени государственная академическая филармония"</fullName>
                        <shortName>ГАУК СО "Свердловская государственная академическая филармония " Свердловская филармония</shortName>
                        <iko>56660000720667001001</iko>
                        <inn>6660000720</inn>
                        <kpp>667001001</kpp>
                        <ogrn>1026604958940</ogrn>
                        <legalAddress>620075, Свердловская, Екатеринбург, Карла Либкнехта, дом 38-а, корпус -, офис (квартира) -</legalAddress>
                        <postalAddress>620075, Свердловская область, Екатеринбург город, Карла Либкнехта улица, дом 38а</postalAddress>
                        <phone>7-343-3716683</phone>
                        <fax>7-343-3714468</fax>
                        <email>filarm@sgaf.ru</email>
                        <okato>65401373000</okato>
                        <okpo>02193049</okpo>
                    </mainInfo>
                </ns2:placer>
                <ns2:publicationDate>2017-03-29T12:55:15</ns2:publicationDate>
                <ns2:status>P</ns2:status>
                <ns2:version>1</ns2:version>
                <ns2:completed>true</ns2:completed>
                <ns2:attachments>
                    <totalDocumentsCount>1</totalDocumentsCount>
                    <document>
                        <guid>300aaffe-e638-4c55-9237-389328829cf3</guid>
                        <createDateTime>2017-03-29T12:53:51</createDateTime>
                        <fileName>Акт.pdf</fileName>
                        <description>Акт</description>
                        <url>https://zakupki.gov.ru/223/contract/private/download/download.html?id=11694029</url>
                        <registrationNumber>56660000720170000040004</registrationNumber>
                    </document>
                </ns2:attachments>
                <ns2:hasPenalty>false</ns2:hasPenalty>
                <ns2:contractRegNumber>56660000720170000040000</ns2:contractRegNumber>
                <ns2:contractInfo>
                    <ns2:guid>b2f113f6-ad6b-4644-bc57-09c29545c51d</ns2:guid>
                    <ns2:name>17-03-035</ns2:name>
                    <ns2:agencyName>ГАУК СО "Свердловская государственная академическая филармония " Свердловская филармония</ns2:agencyName>
                    <ns2:supplierName>Багинец Тарас Анатольевич</ns2:supplierName>
                    <ns2:lotInfo>Оказание услуг по организации и проведению концерта</ns2:lotInfo>
                    <ns2:contractDate>2017-01-24</ns2:contractDate>
                </ns2:contractInfo>
                <ns2:positions>
                    <ns2:position>
                        <ns2:ordinal>1</ns2:ordinal>
                        <ns2:paymentDate>2017-01-25</ns2:paymentDate>
                        <ns2:price>317000</ns2:price>
                        <ns2:currency>
                            <code>RUB</code>
                            <digitalCode>643</digitalCode>
                            <name>Российский рубль</name>
                        </ns2:currency>
                        <ns2:rubPrice>317000</ns2:rubPrice>
                        <ns2:prepaid>true</ns2:prepaid>
                    </ns2:position>
                    <ns2:total>317000</ns2:total>
                </ns2:positions>
            </ns2:performanceContractData>
        </ns2:item>
    </ns2:body>
</ns2:performanceContract>
