<?xml version="1.0" encoding="UTF-8" standalone="yes"?>
<ns2:performanceContract xsi:schemaLocation="http://zakupki.gov.ru/223/integration/schema/TFF-5.2 http://zakupki.gov.ru/223/integration/schema/TFF-5.2/Types.xsd" xmlns="http://zakupki.gov.ru/223fz/types/1" xmlns:ns10="http://zakupki.gov.ru/223fz/complaint/1" xmlns:ns11="http://zakupki.gov.ru/223fz/notificationIssue/1" xmlns:ns12="http://zakupki.gov.ru/223fz/purchasePlanProject/1" xmlns:ns13="http://zakupki.gov.ru/223fz/purchase/1" xmlns:ns14="http://zakupki.gov.ru/223fz/purchasePlanProjectAdditionalPosition/1" xmlns:ns15="http://zakupki.gov.ru/223fz/missedNotice/1" xmlns:ns16="http://zakupki.gov.ru/223fz/reference/1" xmlns:ns17="http://zakupki.gov.ru/223fz/stopCommodity/1" xmlns:ns18="http://zakupki.gov.ru/223fz/decisionSuspension/1" xmlns:ns19="http://zakupki.gov.ru/223fz/webRequest/1" xmlns:ns2="http://zakupki.gov.ru/223fz/contract/1" xmlns:xsi="http://www.w3.org/2001/XMLSchema-instance" xmlns:ns3="http://zakupki.gov.ru/223fz/dishonestSupplier/1" xmlns:ns4="http://zakupki.gov.ru/223fz/purchasePlanAdditionalPosition/1" xmlns:ns5="http://zakupki.gov.ru/223fz/purchasePlan/1" xmlns:ns6="http://zakupki.gov.ru/223fz/machineryListInfo/1" xmlns:ns7="http://zakupki.gov.ru/223fz/revenue/1" xmlns:ns8="http://zakupki.gov.ru/223fz/orderClauseList/1" xmlns:ns9="http://zakupki.gov.ru/223fz/disagreementProtocol/1">
    <header>
        <guid>a3c21dfd-3fb2-4ce2-9aaa-bbf984197c41</guid>
        <createDateTime>2017-03-29T11:35:03</createDateTime>
    </header>
    <ns2:body>
        <ns2:item>
            <guid>de95dc35-9380-486a-8973-bd33aca19d82</guid>
            <ns2:performanceContractData>
                <ns2:guid>e22842ee-e7ea-4de8-b4d1-7d70a4fff178</ns2:guid>
                <ns2:registrationNumber>56620009540170000020012</ns2:registrationNumber>
                <ns2:urlOOS>https://zakupki.gov.ru/223/contract/private/completing/info/view.html?id=2657357</ns2:urlOOS>
                <ns2:createDateTime>2017-01-31T19:22:36</ns2:createDateTime>
                <ns2:customer>
                    <mainInfo>
                        <fullName>МУНИЦИПАЛЬНОЕ АВТОНОМНОЕ УЧРЕЖДЕНИЕ КУЛЬТУРЫ КУШВИНСКОГО ГОРОДСКОГО ОКРУГА "ЦЕНТР КУЛЬТУРЫ И ДОСУГА ПОС. БАРАНЧИНСКИЙ"</fullName>
                        <shortName>ЦКИД ПОС. БАРАНЧИНСКИЙ</shortName>
                        <iko>56620009540662001001</iko>
                        <inn>6620009540</inn>
                        <kpp>662001001</kpp>
                        <ogrn>1046601120565</ogrn>
                        <legalAddress>624315, обл СВЕРДЛОВСКАЯ, г КУШВА, п БАРАНЧИНСКИЙ, ул ЛЕНИНА, дом 1</legalAddress>
                        <postalAddress>Россия, 624315, Свердловская область,поселок Баранчинский, улица Ленина, дом № 1</postalAddress>
                        <phone>8-34344-52213</phone>
                        <fax>8-34344-52213</fax>
                        <email>nv-vetrova@yandex.ru</email>
                        <okato>65470000003</okato>
                        <okpo>71570787</okpo>
                    </mainInfo>
                </ns2:customer>
                <ns2:placer>
                    <mainInfo>
                        <fullName>МУНИЦИПАЛЬНОЕ АВТОНОМНОЕ УЧРЕЖДЕНИЕ КУЛЬТУРЫ КУШВИНСКОГО ГОРОДСКОГО ОКРУГА "ЦЕНТР КУЛЬТУРЫ И ДОСУГА ПОС. БАРАНЧИНСКИЙ"</fullName>
                        <shortName>ЦКИД ПОС. БАРАНЧИНСКИЙ</shortName>
                        <iko>56620009540662001001</iko>
                        <inn>6620009540</inn>
                        <kpp>662001001</kpp>
                        <ogrn>1046601120565</ogrn>
                        <legalAddress>624315, обл СВЕРДЛОВСКАЯ, г КУШВА, п БАРАНЧИНСКИЙ, ул ЛЕНИНА, дом 1</legalAddress>
                        <postalAddress>Россия, 624315, Свердловская область,поселок Баранчинский, улица Ленина, дом № 1</postalAddress>
                        <phone>8-34344-52213</phone>
                        <fax>8-34344-52213</fax>
                        <email>nv-vetrova@yandex.ru</email>
                        <okato>65470000003</okato>
                        <okpo>71570787</okpo>
                    </mainInfo>
                </ns2:placer>
                <ns2:publicationDate>2017-03-29T11:35:03</ns2:publicationDate>
                <ns2:status>P</ns2:status>
                <ns2:version>1</ns2:version>
                <ns2:completed>false</ns2:completed>
                <ns2:attachments>
                    <totalDocumentsCount>1</totalDocumentsCount>
                    <document>
                        <guid>a7406e9d-11a4-4c2b-97c9-48ec4a077949</guid>
                        <createDateTime>2017-03-29T11:34:26</createDateTime>
                        <fileName>январь 2017.jpg</fileName>
                        <description>январь 2017</description>
                        <url>https://zakupki.gov.ru/223/contract/private/download/download.html?id=11689294</url>
                        <registrationNumber>56620009540170000020013</registrationNumber>
                    </document>
                </ns2:attachments>
                <ns2:hasPenalty>false</ns2:hasPenalty>
                <ns2:contractRegNumber>56620009540170000020000</ns2:contractRegNumber>
                <ns2:contractInfo>
                    <ns2:guid>55fee117-8ca5-4b27-9670-76d59c6ef961</ns2:guid>
                    <ns2:name>301009</ns2:name>
                    <ns2:agencyName>ЦКИД ПОС. БАРАНЧИНСКИЙ</ns2:agencyName>
                    <ns2:supplierName>Акционерное общество "Облкоммунэнерго"</ns2:supplierName>
                    <ns2:lotInfo>поставка тепловой энергии</ns2:lotInfo>
                    <ns2:contractDate>2017-01-27</ns2:contractDate>
                </ns2:contractInfo>
                <ns2:positions>
                    <ns2:position>
                        <ns2:ordinal>1</ns2:ordinal>
                        <ns2:paymentDate>2017-02-27</ns2:paymentDate>
                        <ns2:price>15001.95</ns2:price>
                        <ns2:currency>
                            <code>RUB</code>
                            <digitalCode>643</digitalCode>
                            <name>Российский рубль</name>
                        </ns2:currency>
                        <ns2:rubPrice>15001.95</ns2:rubPrice>
                        <ns2:prepaid>false</ns2:prepaid>
                        <ns2:docs>
                            <ns2:doc>
                                <ns2:ordinal>1</ns2:ordinal>
                                <ns2:code>20</ns2:code>
                                <ns2:name>акт выполненных работ</ns2:name>
                                <ns2:contractPosition>
                                    <ns2:guid>b15b1236-dcb7-40e4-9417-ba8f7de749b8</ns2:guid>
                                    <ns2:name>Энергия тепловая, отпущенная котельными</ns2:name>
                                    <ns2:okpd2>
                                        <code>35.30.11.120</code>
                                        <name>Энергия тепловая, отпущенная котельными</name>
                                    </ns2:okpd2>
                                </ns2:contractPosition>
                                <ns2:okei>
                                    <code>245</code>
                                    <name>Киловатт-час</name>
                                </ns2:okei>
                                <ns2:qty>2203</ns2:qty>
                            </ns2:doc>
                        </ns2:docs>
                    </ns2:position>
                    <ns2:total>15001.95</ns2:total>
                </ns2:positions>
            </ns2:performanceContractData>
        </ns2:item>
    </ns2:body>
</ns2:performanceContract>
