<?xml version="1.0" encoding="UTF-8" standalone="yes"?>
<ns2:performanceContract xsi:schemaLocation="http://zakupki.gov.ru/223/integration/schema/TFF-5.2 http://zakupki.gov.ru/223/integration/schema/TFF-5.2/Types.xsd" xmlns="http://zakupki.gov.ru/223fz/types/1" xmlns:ns10="http://zakupki.gov.ru/223fz/complaint/1" xmlns:ns11="http://zakupki.gov.ru/223fz/notificationIssue/1" xmlns:ns12="http://zakupki.gov.ru/223fz/purchasePlanProject/1" xmlns:ns13="http://zakupki.gov.ru/223fz/purchase/1" xmlns:ns14="http://zakupki.gov.ru/223fz/purchasePlanProjectAdditionalPosition/1" xmlns:ns15="http://zakupki.gov.ru/223fz/missedNotice/1" xmlns:ns16="http://zakupki.gov.ru/223fz/reference/1" xmlns:ns17="http://zakupki.gov.ru/223fz/stopCommodity/1" xmlns:ns18="http://zakupki.gov.ru/223fz/decisionSuspension/1" xmlns:ns19="http://zakupki.gov.ru/223fz/webRequest/1" xmlns:ns2="http://zakupki.gov.ru/223fz/contract/1" xmlns:xsi="http://www.w3.org/2001/XMLSchema-instance" xmlns:ns3="http://zakupki.gov.ru/223fz/dishonestSupplier/1" xmlns:ns4="http://zakupki.gov.ru/223fz/purchasePlanAdditionalPosition/1" xmlns:ns5="http://zakupki.gov.ru/223fz/purchasePlan/1" xmlns:ns6="http://zakupki.gov.ru/223fz/machineryListInfo/1" xmlns:ns7="http://zakupki.gov.ru/223fz/revenue/1" xmlns:ns8="http://zakupki.gov.ru/223fz/orderClauseList/1" xmlns:ns9="http://zakupki.gov.ru/223fz/disagreementProtocol/1">
    <header>
        <guid>5ba0ed6a-fbea-4e95-b5f2-8c3f2f4e966f</guid>
        <createDateTime>2017-03-29T13:14:52</createDateTime>
    </header>
    <ns2:body>
        <ns2:item>
            <guid>6f5a2c4d-8606-43f3-bca5-6ca038783ba7</guid>
            <ns2:performanceContractData>
                <ns2:guid>5f5e6f14-b7fb-49c6-ad37-588a387adf61</ns2:guid>
                <ns2:registrationNumber>56620007046170000130007</ns2:registrationNumber>
                <ns2:urlOOS>https://zakupki.gov.ru/223/contract/private/completing/info/view.html?id=2658619</ns2:urlOOS>
                <ns2:createDateTime>2017-02-16T05:54:55</ns2:createDateTime>
                <ns2:customer>
                    <mainInfo>
                        <fullName>МУНИЦИПАЛЬНОЕ АВТОНОМНОЕ ДОШКОЛЬНОЕ ОБРАЗОВАТЕЛЬНОЕ УЧРЕЖДЕНИЕ ДЕТСКИЙ САД № 30 ОБЩЕРАЗВИВАЮЩЕГО ВИДА С ПРИОРИТЕТНЫМ ОСУЩЕСТВЛЕНИЕМ ДЕЯТЕЛЬНОСТИ ПО ХУДОЖЕСТВЕННО- ЭСТЕТИЧЕСКОМУ РАЗВИТИЮ ДЕТЕЙ</fullName>
                        <shortName>МАДОУ № 30</shortName>
                        <iko>56620007046662001001</iko>
                        <inn>6620007046</inn>
                        <kpp>668101001</kpp>
                        <ogrn>1026601301000</ogrn>
                        <legalAddress>624300, ОБЛ СВЕРДЛОВСКАЯ, Г КУШВА, УЛ ГВАРДЕЙЦЕВ, дом 5</legalAddress>
                        <postalAddress>Свердловская область, г. Кушва, ул. Гвардейцев, 5</postalAddress>
                        <phone>7-34344-62598</phone>
                        <email>pratma@rambler.ru</email>
                        <okato>65470000000</okato>
                        <okpo>50723867</okpo>
                    </mainInfo>
                </ns2:customer>
                <ns2:placer>
                    <mainInfo>
                        <fullName>МУНИЦИПАЛЬНОЕ АВТОНОМНОЕ ДОШКОЛЬНОЕ ОБРАЗОВАТЕЛЬНОЕ УЧРЕЖДЕНИЕ ДЕТСКИЙ САД № 30 ОБЩЕРАЗВИВАЮЩЕГО ВИДА С ПРИОРИТЕТНЫМ ОСУЩЕСТВЛЕНИЕМ ДЕЯТЕЛЬНОСТИ ПО ХУДОЖЕСТВЕННО- ЭСТЕТИЧЕСКОМУ РАЗВИТИЮ ДЕТЕЙ</fullName>
                        <shortName>МАДОУ № 30</shortName>
                        <iko>56620007046662001001</iko>
                        <inn>6620007046</inn>
                        <kpp>668101001</kpp>
                        <ogrn>1026601301000</ogrn>
                        <legalAddress>624300, ОБЛ СВЕРДЛОВСКАЯ, Г КУШВА, УЛ ГВАРДЕЙЦЕВ, дом 5</legalAddress>
                        <postalAddress>Свердловская область, г. Кушва, ул. Гвардейцев, 5</postalAddress>
                        <phone>7-34344-62598</phone>
                        <email>pratma@rambler.ru</email>
                        <okato>65470000000</okato>
                        <okpo>50723867</okpo>
                    </mainInfo>
                </ns2:placer>
                <ns2:publicationDate>2017-03-29T13:14:51</ns2:publicationDate>
                <ns2:status>P</ns2:status>
                <ns2:version>1</ns2:version>
                <ns2:completed>false</ns2:completed>
                <ns2:attachments>
                    <totalDocumentsCount>1</totalDocumentsCount>
                    <document>
                        <guid>8d8caf96-cd79-45e9-8441-fc6c3838d3f6</guid>
                        <createDateTime>2017-03-29T13:14:01</createDateTime>
                        <fileName>плат. и сч. 38524 от 01.03.2017.pdf</fileName>
                        <description>плат. и сч. 38524 от 01.03.2017</description>
                        <url>https://zakupki.gov.ru/223/contract/private/download/download.html?id=11695110</url>
                        <registrationNumber>56620007046170000130008</registrationNumber>
                    </document>
                </ns2:attachments>
                <ns2:hasPenalty>false</ns2:hasPenalty>
                <ns2:contractRegNumber>56620007046170000130000</ns2:contractRegNumber>
                <ns2:contractInfo>
                    <ns2:guid>409fcf4f-b70c-4cae-a8bd-83497763cfe8</ns2:guid>
                    <ns2:name>38524</ns2:name>
                    <ns2:agencyName>МАДОУ № 30</ns2:agencyName>
                    <ns2:supplierName>ОТКРЫТОЕ АКЦИОНЕРНОЕ ОБЩЕСТВО "ЭНЕРГОСБЫТ ПЛЮС"</ns2:supplierName>
                    <ns2:lotInfo>поставка электрической энергии</ns2:lotInfo>
                    <ns2:contractDate>2017-02-16</ns2:contractDate>
                </ns2:contractInfo>
                <ns2:positions>
                    <ns2:position>
                        <ns2:ordinal>1</ns2:ordinal>
                        <ns2:paymentDate>2017-03-07</ns2:paymentDate>
                        <ns2:price>19826.97</ns2:price>
                        <ns2:currency>
                            <code>RUB</code>
                            <digitalCode>643</digitalCode>
                            <name>Российский рубль</name>
                        </ns2:currency>
                        <ns2:rubPrice>19826.97</ns2:rubPrice>
                        <ns2:prepaid>true</ns2:prepaid>
                    </ns2:position>
                    <ns2:total>19826.97</ns2:total>
                </ns2:positions>
            </ns2:performanceContractData>
        </ns2:item>
    </ns2:body>
</ns2:performanceContract>
