<?xml version="1.0" encoding="UTF-8" standalone="yes"?>
<ns2:performanceContract xsi:schemaLocation="http://zakupki.gov.ru/223/integration/schema/TFF-5.2 http://zakupki.gov.ru/223/integration/schema/TFF-5.2/Types.xsd" xmlns="http://zakupki.gov.ru/223fz/types/1" xmlns:ns10="http://zakupki.gov.ru/223fz/complaint/1" xmlns:ns11="http://zakupki.gov.ru/223fz/notificationIssue/1" xmlns:ns12="http://zakupki.gov.ru/223fz/purchasePlanProject/1" xmlns:ns13="http://zakupki.gov.ru/223fz/purchase/1" xmlns:ns14="http://zakupki.gov.ru/223fz/purchasePlanProjectAdditionalPosition/1" xmlns:ns15="http://zakupki.gov.ru/223fz/missedNotice/1" xmlns:ns16="http://zakupki.gov.ru/223fz/reference/1" xmlns:ns17="http://zakupki.gov.ru/223fz/stopCommodity/1" xmlns:ns18="http://zakupki.gov.ru/223fz/decisionSuspension/1" xmlns:ns19="http://zakupki.gov.ru/223fz/webRequest/1" xmlns:ns2="http://zakupki.gov.ru/223fz/contract/1" xmlns:xsi="http://www.w3.org/2001/XMLSchema-instance" xmlns:ns3="http://zakupki.gov.ru/223fz/dishonestSupplier/1" xmlns:ns4="http://zakupki.gov.ru/223fz/purchasePlanAdditionalPosition/1" xmlns:ns5="http://zakupki.gov.ru/223fz/purchasePlan/1" xmlns:ns6="http://zakupki.gov.ru/223fz/machineryListInfo/1" xmlns:ns7="http://zakupki.gov.ru/223fz/revenue/1" xmlns:ns8="http://zakupki.gov.ru/223fz/orderClauseList/1" xmlns:ns9="http://zakupki.gov.ru/223fz/disagreementProtocol/1">
    <header>
        <guid>050c78cf-fe45-4a36-9814-f3197b176178</guid>
        <createDateTime>2017-03-29T12:27:49</createDateTime>
    </header>
    <ns2:body>
        <ns2:item>
            <guid>f39d1091-6b8a-451f-8024-a685f71de5e4</guid>
            <ns2:performanceContractData>
                <ns2:guid>174dc6d0-19f0-4f72-9419-d760a7d8eaf5</ns2:guid>
                <ns2:registrationNumber>56617020914170000050013</ns2:registrationNumber>
                <ns2:urlOOS>https://zakupki.gov.ru/223/contract/private/completing/info/view.html?id=2658121</ns2:urlOOS>
                <ns2:createDateTime>2017-01-18T14:09:50</ns2:createDateTime>
                <ns2:customer>
                    <mainInfo>
                        <fullName>МУНИЦИПАЛЬНОЕ УНИТАРНОЕ ПРЕДПРИЯТИЕ "КОМЭНЕРГОРЕСУРС"</fullName>
                        <shortName>МУП "КОМЭНЕРГОРЕСУРС"</shortName>
                        <iko>56617020914661701001</iko>
                        <inn>6617020914</inn>
                        <kpp>661701001</kpp>
                        <ogrn>1126617000520</ogrn>
                        <legalAddress>624480, обл СВЕРДЛОВСКАЯ, г СЕВЕРОУРАЛЬСК, ул СВЕРДЛОВА, дом ДОМ 5</legalAddress>
                        <postalAddress>624480 Свердловская область, г. Североуральск, ул. Свердлова, д. 5</postalAddress>
                        <phone>8-34380-30118</phone>
                        <fax>8-34380-30125</fax>
                        <email>komenergoresurs@bk.ru</email>
                        <okato>65490000000</okato>
                        <okpo>09047724</okpo>
                    </mainInfo>
                </ns2:customer>
                <ns2:placer>
                    <mainInfo>
                        <fullName>МУНИЦИПАЛЬНОЕ УНИТАРНОЕ ПРЕДПРИЯТИЕ "КОМЭНЕРГОРЕСУРС"</fullName>
                        <shortName>МУП "КОМЭНЕРГОРЕСУРС"</shortName>
                        <iko>56617020914661701001</iko>
                        <inn>6617020914</inn>
                        <kpp>661701001</kpp>
                        <ogrn>1126617000520</ogrn>
                        <legalAddress>624480, обл СВЕРДЛОВСКАЯ, г СЕВЕРОУРАЛЬСК, ул СВЕРДЛОВА, дом ДОМ 5</legalAddress>
                        <postalAddress>624480 Свердловская область, г. Североуральск, ул. Свердлова, д. 5</postalAddress>
                        <phone>8-34380-30118</phone>
                        <fax>8-34380-30125</fax>
                        <email>komenergoresurs@bk.ru</email>
                        <okato>65490000000</okato>
                        <okpo>09047724</okpo>
                    </mainInfo>
                </ns2:placer>
                <ns2:publicationDate>2017-03-29T12:27:49</ns2:publicationDate>
                <ns2:status>P</ns2:status>
                <ns2:version>1</ns2:version>
                <ns2:completed>false</ns2:completed>
                <ns2:attachments>
                    <totalDocumentsCount>1</totalDocumentsCount>
                    <document>
                        <guid>a256e7f9-b180-43da-a8bd-4028a1d9fdf1</guid>
                        <createDateTime>2017-03-29T12:27:29</createDateTime>
                        <fileName>СЭС.PDF</fileName>
                        <description>СЭС</description>
                        <url>https://zakupki.gov.ru/223/contract/private/download/download.html?id=11692595</url>
                        <registrationNumber>56617020914170000050014</registrationNumber>
                    </document>
                </ns2:attachments>
                <ns2:hasPenalty>false</ns2:hasPenalty>
                <ns2:contractRegNumber>56617020914170000050000</ns2:contractRegNumber>
                <ns2:contractInfo>
                    <ns2:guid>7f6282ab-8be1-4582-a1f9-bb49861e2421</ns2:guid>
                    <ns2:name>31604520580-73-ЗК</ns2:name>
                    <ns2:agencyName>МУП "КОМЭНЕРГОРЕСУРС"</ns2:agencyName>
                    <ns2:supplierName>ФЕДЕРАЛЬНОЕ БЮДЖЕТНОЕ УЧРЕЖДЕНИЕ ЗДРАВООХРАНЕНИЯ "ЦЕНТР ГИГИЕНЫ И ЭПИДЕМИОЛОГИИ В СВЕРДЛОВСКОЙ ОБЛАСТИ"</ns2:supplierName>
                    <ns2:lotInfo>Выполнение производственного лабораторного контроля качества воды систем централизованного хозяйственно - питьевого водоснабжения на вирусологические показатели и воды систем горячего водоснабжения на легионеллы для МУП «Комэнергоресурс</ns2:lotInfo>
                    <ns2:contractDate>2017-01-18</ns2:contractDate>
                </ns2:contractInfo>
                <ns2:positions>
                    <ns2:position>
                        <ns2:ordinal>1</ns2:ordinal>
                        <ns2:paymentDate>2017-03-22</ns2:paymentDate>
                        <ns2:price>15734.56</ns2:price>
                        <ns2:currency>
                            <code>RUB</code>
                            <digitalCode>643</digitalCode>
                            <name>Российский рубль</name>
                        </ns2:currency>
                        <ns2:rubPrice>15734.56</ns2:rubPrice>
                        <ns2:prepaid>true</ns2:prepaid>
                    </ns2:position>
                    <ns2:total>15734.56</ns2:total>
                </ns2:positions>
            </ns2:performanceContractData>
        </ns2:item>
    </ns2:body>
</ns2:performanceContract>
