<?xml version="1.0" encoding="UTF-8" standalone="yes"?>
<ns2:performanceContract xsi:schemaLocation="http://zakupki.gov.ru/223/integration/schema/TFF-5.2 http://zakupki.gov.ru/223/integration/schema/TFF-5.2/Types.xsd" xmlns="http://zakupki.gov.ru/223fz/types/1" xmlns:ns10="http://zakupki.gov.ru/223fz/complaint/1" xmlns:ns11="http://zakupki.gov.ru/223fz/notificationIssue/1" xmlns:ns12="http://zakupki.gov.ru/223fz/purchasePlanProject/1" xmlns:ns13="http://zakupki.gov.ru/223fz/purchase/1" xmlns:ns14="http://zakupki.gov.ru/223fz/purchasePlanProjectAdditionalPosition/1" xmlns:ns15="http://zakupki.gov.ru/223fz/missedNotice/1" xmlns:ns16="http://zakupki.gov.ru/223fz/reference/1" xmlns:ns17="http://zakupki.gov.ru/223fz/stopCommodity/1" xmlns:ns18="http://zakupki.gov.ru/223fz/decisionSuspension/1" xmlns:ns19="http://zakupki.gov.ru/223fz/webRequest/1" xmlns:ns2="http://zakupki.gov.ru/223fz/contract/1" xmlns:xsi="http://www.w3.org/2001/XMLSchema-instance" xmlns:ns3="http://zakupki.gov.ru/223fz/dishonestSupplier/1" xmlns:ns4="http://zakupki.gov.ru/223fz/purchasePlanAdditionalPosition/1" xmlns:ns5="http://zakupki.gov.ru/223fz/purchasePlan/1" xmlns:ns6="http://zakupki.gov.ru/223fz/machineryListInfo/1" xmlns:ns7="http://zakupki.gov.ru/223fz/revenue/1" xmlns:ns8="http://zakupki.gov.ru/223fz/orderClauseList/1" xmlns:ns9="http://zakupki.gov.ru/223fz/disagreementProtocol/1">
    <header>
        <guid>522aff08-5724-439c-8169-f19e54dceff9</guid>
        <createDateTime>2017-03-29T13:08:51</createDateTime>
    </header>
    <ns2:body>
        <ns2:item>
            <guid>2de82b39-3645-48c4-b8a8-9dea7f4d0a09</guid>
            <ns2:performanceContractData>
                <ns2:guid>46f6adae-2ad6-4426-a6fd-71bcde492704</ns2:guid>
                <ns2:registrationNumber>86660008631160000370171</ns2:registrationNumber>
                <ns2:urlOOS>https://zakupki.gov.ru/223/contract/private/completing/info/view.html?id=2658485</ns2:urlOOS>
                <ns2:createDateTime>2016-11-16T12:58:32</ns2:createDateTime>
                <ns2:customer>
                    <mainInfo>
                        <fullName>ФЕДЕРАЛЬНОЕ ГОСУДАРСТВЕННОЕ БЮДЖЕТНОЕ ОБРАЗОВАТЕЛЬНОЕ УЧРЕЖДЕНИЕ ВЫСШЕГО ОБРАЗОВАНИЯ "УРАЛЬСКИЙ ГОСУДАРСТВЕННЫЙ АГРАРНЫЙ УНИВЕРСИТЕТ"</fullName>
                        <shortName>ФГБОУ ВО УРАЛЬСКИЙ ГАУ</shortName>
                        <iko>86660008631667001001</iko>
                        <inn>6660008631</inn>
                        <kpp>667001001</kpp>
                        <ogrn>1036603485005</ogrn>
                        <legalAddress>620075, обл СВЕРДЛОВСКАЯ, г ЕКАТЕРИНБУРГ, ул КАРЛА ЛИБКНЕХТА, дом 42</legalAddress>
                        <postalAddress>620075 Свердловская обл. Екатернибург г.Карла Либкнехта ул .42</postalAddress>
                        <phone>8-343-2214147</phone>
                        <email>ogz5201@usaca.ru</email>
                        <okato>65401373000</okato>
                        <okpo>493528650001</okpo>
                    </mainInfo>
                </ns2:customer>
                <ns2:placer>
                    <mainInfo>
                        <fullName>ФЕДЕРАЛЬНОЕ ГОСУДАРСТВЕННОЕ БЮДЖЕТНОЕ ОБРАЗОВАТЕЛЬНОЕ УЧРЕЖДЕНИЕ ВЫСШЕГО ОБРАЗОВАНИЯ "УРАЛЬСКИЙ ГОСУДАРСТВЕННЫЙ АГРАРНЫЙ УНИВЕРСИТЕТ"</fullName>
                        <shortName>ФГБОУ ВО УРАЛЬСКИЙ ГАУ</shortName>
                        <iko>86660008631667001001</iko>
                        <inn>6660008631</inn>
                        <kpp>667001001</kpp>
                        <ogrn>1036603485005</ogrn>
                        <legalAddress>620075, обл СВЕРДЛОВСКАЯ, г ЕКАТЕРИНБУРГ, ул КАРЛА ЛИБКНЕХТА, дом 42</legalAddress>
                        <postalAddress>620075 Свердловская обл. Екатернибург г.Карла Либкнехта ул .42</postalAddress>
                        <phone>8-343-2214147</phone>
                        <email>ogz5201@usaca.ru</email>
                        <okato>65401373000</okato>
                        <okpo>493528650001</okpo>
                    </mainInfo>
                </ns2:placer>
                <ns2:publicationDate>2017-03-29T13:08:50</ns2:publicationDate>
                <ns2:status>P</ns2:status>
                <ns2:version>13</ns2:version>
                <ns2:completed>false</ns2:completed>
                <ns2:modificationDescription>Внесение сведений об исполнении договора</ns2:modificationDescription>
                <ns2:attachments>
                    <totalDocumentsCount>26</totalDocumentsCount>
                    <document>
                        <guid>68bc88de-5059-411b-8177-84d5eff4bc9e</guid>
                        <createDateTime>2016-12-21T12:38:35</createDateTime>
                        <fileName>платежные поручения 1-2.docx</fileName>
                        <description>платежные поручения 1-2</description>
                        <url>https://zakupki.gov.ru/223/contract/private/download/download.html?id=11694080</url>
                        <registrationNumber>86660008631160000370172</registrationNumber>
                    </document>
                    <document>
                        <guid>6e155aa4-f08d-4e57-aafa-c4fd6aac74c7</guid>
                        <createDateTime>2017-03-09T10:09:27</createDateTime>
                        <fileName>товарная накладная 13.pdf</fileName>
                        <description>товарная накладная 13</description>
                        <url>https://zakupki.gov.ru/223/contract/private/download/download.html?id=11694081</url>
                        <registrationNumber>86660008631160000370173</registrationNumber>
                    </document>
                    <document>
                        <guid>710b91ca-d452-463e-bd89-f4907a40563b</guid>
                        <createDateTime>2017-03-29T13:01:42</createDateTime>
                        <fileName>товарная накладная 15.pdf</fileName>
                        <description>товарная накладная 15</description>
                        <url>https://zakupki.gov.ru/223/contract/private/download/download.html?id=11694466</url>
                        <registrationNumber>86660008631160000370174</registrationNumber>
                    </document>
                    <document>
                        <guid>a63e9d47-d4c7-4c55-8623-f807712edb6d</guid>
                        <createDateTime>2016-12-21T12:38:41</createDateTime>
                        <fileName>товарные накладные 1-2.docx</fileName>
                        <description>товарные накладные 1-2</description>
                        <url>https://zakupki.gov.ru/223/contract/private/download/download.html?id=11694082</url>
                        <registrationNumber>86660008631160000370175</registrationNumber>
                    </document>
                    <document>
                        <guid>de4803cc-aa2f-414b-8a80-7fadccde3317</guid>
                        <createDateTime>2017-03-09T10:09:08</createDateTime>
                        <fileName>платежное поручение 13.RTF</fileName>
                        <description>платежное поручение 13</description>
                        <url>https://zakupki.gov.ru/223/contract/private/download/download.html?id=11694083</url>
                        <registrationNumber>86660008631160000370176</registrationNumber>
                    </document>
                    <document>
                        <guid>999b9607-3ca1-4713-bf30-5c5807f35819</guid>
                        <createDateTime>2017-01-27T14:58:49</createDateTime>
                        <fileName>товарная накладная 5.docx</fileName>
                        <description>товарная накладная 5</description>
                        <url>https://zakupki.gov.ru/223/contract/private/download/download.html?id=11694084</url>
                        <registrationNumber>86660008631160000370177</registrationNumber>
                    </document>
                    <document>
                        <guid>19d343a6-3b1e-4326-99a6-15d0f22efaa2</guid>
                        <createDateTime>2017-02-01T14:58:51</createDateTime>
                        <fileName>платежное поручение 7.docx</fileName>
                        <description>платежное поручение 7</description>
                        <url>https://zakupki.gov.ru/223/contract/private/download/download.html?id=11694085</url>
                        <registrationNumber>86660008631160000370178</registrationNumber>
                    </document>
                    <document>
                        <guid>543e872b-663c-44f3-bc24-38752f3bb3e7</guid>
                        <createDateTime>2017-02-06T15:07:39</createDateTime>
                        <fileName>товарная накладная 8.docx</fileName>
                        <description>товарная накладная 8</description>
                        <url>https://zakupki.gov.ru/223/contract/private/download/download.html?id=11694086</url>
                        <registrationNumber>86660008631160000370179</registrationNumber>
                    </document>
                    <document>
                        <guid>3c4d7253-d13d-4322-b9f3-245c44c918a9</guid>
                        <createDateTime>2017-02-01T14:58:55</createDateTime>
                        <fileName>товарная накладная 7.docx</fileName>
                        <description>товарная накладная 7</description>
                        <url>https://zakupki.gov.ru/223/contract/private/download/download.html?id=11694087</url>
                        <registrationNumber>86660008631160000370180</registrationNumber>
                    </document>
                    <document>
                        <guid>84ee8de3-adbd-4163-9704-04e430c99aa7</guid>
                        <createDateTime>2017-01-09T08:58:00</createDateTime>
                        <fileName>платежные поручения 3-4.docx</fileName>
                        <description>платежные поручения 3-4</description>
                        <url>https://zakupki.gov.ru/223/contract/private/download/download.html?id=11694088</url>
                        <registrationNumber>86660008631160000370181</registrationNumber>
                    </document>
                    <document>
                        <guid>ea5be684-8e62-4f85-945f-cab41643ece4</guid>
                        <createDateTime>2017-01-31T15:45:47</createDateTime>
                        <fileName>платежное поручение 6.docx</fileName>
                        <description>платежное поручение 6</description>
                        <url>https://zakupki.gov.ru/223/contract/private/download/download.html?id=11694089</url>
                        <registrationNumber>86660008631160000370182</registrationNumber>
                    </document>
                    <document>
                        <guid>4b4ad185-1a38-4a66-b630-de7b8533cd30</guid>
                        <createDateTime>2017-01-09T08:58:06</createDateTime>
                        <fileName>товарные накладные 3-4.docx</fileName>
                        <description>товарные накладные 3-4</description>
                        <url>https://zakupki.gov.ru/223/contract/private/download/download.html?id=11694090</url>
                        <registrationNumber>86660008631160000370183</registrationNumber>
                    </document>
                    <document>
                        <guid>4c2963f4-b22c-485c-8ca4-e4d29e7f91f5</guid>
                        <createDateTime>2017-03-24T12:56:35</createDateTime>
                        <fileName>товарная накладная 14.pdf</fileName>
                        <description>товарная накладная 14</description>
                        <url>https://zakupki.gov.ru/223/contract/private/download/download.html?id=11694091</url>
                        <registrationNumber>86660008631160000370184</registrationNumber>
                    </document>
                    <document>
                        <guid>1ea1160b-3df8-45ea-be57-9f274f560759</guid>
                        <createDateTime>2017-03-24T12:56:44</createDateTime>
                        <fileName>платежное поручение 14.docx</fileName>
                        <description>платежное поручение 14</description>
                        <url>https://zakupki.gov.ru/223/contract/private/download/download.html?id=11694092</url>
                        <registrationNumber>86660008631160000370185</registrationNumber>
                    </document>
                    <document>
                        <guid>a4f2341e-aab5-46a6-81b7-f7e4789fe8c9</guid>
                        <createDateTime>2017-02-06T15:07:17</createDateTime>
                        <fileName>платежное поручение 8.docx</fileName>
                        <description>платежное поручение 8</description>
                        <url>https://zakupki.gov.ru/223/contract/private/download/download.html?id=11694093</url>
                        <registrationNumber>86660008631160000370186</registrationNumber>
                    </document>
                    <document>
                        <guid>5c164176-2352-4c72-abd6-f670632a244d</guid>
                        <createDateTime>2017-01-27T14:58:43</createDateTime>
                        <fileName>платежное поручение 5.docx</fileName>
                        <description>платежное поручение 5</description>
                        <url>https://zakupki.gov.ru/223/contract/private/download/download.html?id=11694094</url>
                        <registrationNumber>86660008631160000370187</registrationNumber>
                    </document>
                    <document>
                        <guid>1608597c-ec30-4ec0-a506-aff65de3826c</guid>
                        <createDateTime>2017-01-31T15:45:52</createDateTime>
                        <fileName>товарная накладная 6.docx</fileName>
                        <description>товарная накладная 6</description>
                        <url>https://zakupki.gov.ru/223/contract/private/download/download.html?id=11694095</url>
                        <registrationNumber>86660008631160000370188</registrationNumber>
                    </document>
                    <document>
                        <guid>45477d48-28b2-4600-947e-b2a3bbbc5d9b</guid>
                        <createDateTime>2017-02-09T08:28:47</createDateTime>
                        <fileName>платежное поручение 9.docx</fileName>
                        <description>платежное поручение 9</description>
                        <url>https://zakupki.gov.ru/223/contract/private/download/download.html?id=11694096</url>
                        <registrationNumber>86660008631160000370189</registrationNumber>
                    </document>
                    <document>
                        <guid>6f99446c-cc24-4e64-bc26-37fc967a0c7f</guid>
                        <createDateTime>2017-02-09T08:29:08</createDateTime>
                        <fileName>товарная накладная 9.docx</fileName>
                        <description>товарная накладная 9</description>
                        <url>https://zakupki.gov.ru/223/contract/private/download/download.html?id=11694097</url>
                        <registrationNumber>86660008631160000370190</registrationNumber>
                    </document>
                    <document>
                        <guid>93764455-ae49-4b3f-9fa4-26355f9e701f</guid>
                        <createDateTime>2017-03-02T09:29:04</createDateTime>
                        <fileName>платежное поручение 12.docx</fileName>
                        <description>платежное поручение 12</description>
                        <url>https://zakupki.gov.ru/223/contract/private/download/download.html?id=11694098</url>
                        <registrationNumber>86660008631160000370191</registrationNumber>
                    </document>
                    <document>
                        <guid>30276ebe-2cac-45be-ba34-835c4e7995b7</guid>
                        <createDateTime>2017-02-17T08:07:10</createDateTime>
                        <fileName>платежное поручение 11.docx</fileName>
                        <description>платежное поручение 11</description>
                        <url>https://zakupki.gov.ru/223/contract/private/download/download.html?id=11694099</url>
                        <registrationNumber>86660008631160000370192</registrationNumber>
                    </document>
                    <document>
                        <guid>78d3c0a6-9251-4637-be67-ed95cecddde8</guid>
                        <createDateTime>2017-02-17T08:07:15</createDateTime>
                        <fileName>товарная накладная 11.docx</fileName>
                        <description>товарная накладная 11</description>
                        <url>https://zakupki.gov.ru/223/contract/private/download/download.html?id=11694100</url>
                        <registrationNumber>86660008631160000370193</registrationNumber>
                    </document>
                    <document>
                        <guid>5ce543c9-29bc-406c-84f1-4c3858a5186e</guid>
                        <createDateTime>2017-03-29T13:01:32</createDateTime>
                        <fileName>платежное поручение 15.docx</fileName>
                        <description>платежное поручение 15</description>
                        <url>https://zakupki.gov.ru/223/contract/private/download/download.html?id=11694454</url>
                        <registrationNumber>86660008631160000370194</registrationNumber>
                    </document>
                    <document>
                        <guid>2a8349b0-1505-49e9-a005-d796036451d8</guid>
                        <createDateTime>2017-02-13T11:17:44</createDateTime>
                        <fileName>платежное поручение 10.docx</fileName>
                        <description>платежное поручение 10</description>
                        <url>https://zakupki.gov.ru/223/contract/private/download/download.html?id=11694077</url>
                        <registrationNumber>86660008631160000370195</registrationNumber>
                    </document>
                    <document>
                        <guid>12008701-69b0-4047-9e45-8a61f0dff5a6</guid>
                        <createDateTime>2017-03-02T09:29:15</createDateTime>
                        <fileName>товарная накладная 12.pdf</fileName>
                        <description>товарная накладная 12</description>
                        <url>https://zakupki.gov.ru/223/contract/private/download/download.html?id=11694078</url>
                        <registrationNumber>86660008631160000370196</registrationNumber>
                    </document>
                    <document>
                        <guid>15ea50b2-64e3-465d-8c0d-98ef63b45419</guid>
                        <createDateTime>2017-02-13T11:17:50</createDateTime>
                        <fileName>товарная накладная 10.docx</fileName>
                        <description>товарная накладная 10</description>
                        <url>https://zakupki.gov.ru/223/contract/private/download/download.html?id=11694079</url>
                        <registrationNumber>86660008631160000370197</registrationNumber>
                    </document>
                </ns2:attachments>
                <ns2:hasPenalty>false</ns2:hasPenalty>
                <ns2:contractRegNumber>86660008631160000370000</ns2:contractRegNumber>
                <ns2:contractInfo>
                    <ns2:guid>112bda7b-1e7b-4359-933a-4d1987dcaa1c</ns2:guid>
                    <ns2:name>306-ЕП</ns2:name>
                    <ns2:agencyName>ФГБОУ ВО УРАЛЬСКИЙ ГАУ</ns2:agencyName>
                    <ns2:supplierName>Общество с ограниченной ответственностью "АГРО-СТАР"</ns2:supplierName>
                    <ns2:lotInfo>Поставка продуктов питания</ns2:lotInfo>
                    <ns2:contractDate>2016-11-16</ns2:contractDate>
                </ns2:contractInfo>
                <ns2:positions>
                    <ns2:position>
                        <ns2:ordinal>2</ns2:ordinal>
                        <ns2:paymentDate>2016-12-20</ns2:paymentDate>
                        <ns2:price>2550</ns2:price>
                        <ns2:currency>
                            <code>RUB</code>
                            <digitalCode>643</digitalCode>
                            <name>Российский рубль</name>
                        </ns2:currency>
                        <ns2:rubPrice>2550</ns2:rubPrice>
                        <ns2:prepaid>false</ns2:prepaid>
                        <ns2:docs>
                            <ns2:doc>
                                <ns2:ordinal>1</ns2:ordinal>
                                <ns2:date>2016-11-24</ns2:date>
                                <ns2:code>01</ns2:code>
                                <ns2:name>товарная накладная</ns2:name>
                                <ns2:number>401</ns2:number>
                                <ns2:contractPosition>
                                    <ns2:guid>d687bcff-d76a-413f-a9e4-6b8225e3a9b0</ns2:guid>
                                    <ns2:name>Фрукты, свежие или предварительно подвергнутые тепловой обработке, замороженные</ns2:name>
                                    <ns2:okpd2>
                                        <code>10.39.21.110</code>
                                        <name>Фрукты, свежие или предварительно подвергнутые тепловой обработке, замороженные</name>
                                    </ns2:okpd2>
                                </ns2:contractPosition>
                                <ns2:okei>
                                    <code>876</code>
                                    <name>Условная единица</name>
                                </ns2:okei>
                                <ns2:qty>1</ns2:qty>
                            </ns2:doc>
                        </ns2:docs>
                    </ns2:position>
                    <ns2:position>
                        <ns2:ordinal>3</ns2:ordinal>
                        <ns2:paymentDate>2016-12-29</ns2:paymentDate>
                        <ns2:price>2950</ns2:price>
                        <ns2:currency>
                            <code>RUB</code>
                            <digitalCode>643</digitalCode>
                            <name>Российский рубль</name>
                        </ns2:currency>
                        <ns2:rubPrice>2950</ns2:rubPrice>
                        <ns2:prepaid>false</ns2:prepaid>
                        <ns2:docs>
                            <ns2:doc>
                                <ns2:ordinal>1</ns2:ordinal>
                                <ns2:date>2016-12-05</ns2:date>
                                <ns2:code>01</ns2:code>
                                <ns2:name>товарная накладная</ns2:name>
                                <ns2:number>523</ns2:number>
                                <ns2:contractPosition>
                                    <ns2:guid>d687bcff-d76a-413f-a9e4-6b8225e3a9b0</ns2:guid>
                                    <ns2:name>Фрукты, свежие или предварительно подвергнутые тепловой обработке, замороженные</ns2:name>
                                    <ns2:okpd2>
                                        <code>10.39.21.110</code>
                                        <name>Фрукты, свежие или предварительно подвергнутые тепловой обработке, замороженные</name>
                                    </ns2:okpd2>
                                </ns2:contractPosition>
                                <ns2:okei>
                                    <code>876</code>
                                    <name>Условная единица</name>
                                </ns2:okei>
                                <ns2:qty>1</ns2:qty>
                            </ns2:doc>
                        </ns2:docs>
                    </ns2:position>
                    <ns2:position>
                        <ns2:ordinal>1</ns2:ordinal>
                        <ns2:paymentDate>2016-12-20</ns2:paymentDate>
                        <ns2:price>1625</ns2:price>
                        <ns2:currency>
                            <code>RUB</code>
                            <digitalCode>643</digitalCode>
                            <name>Российский рубль</name>
                        </ns2:currency>
                        <ns2:rubPrice>1625</ns2:rubPrice>
                        <ns2:prepaid>false</ns2:prepaid>
                        <ns2:docs>
                            <ns2:doc>
                                <ns2:ordinal>1</ns2:ordinal>
                                <ns2:date>2016-11-25</ns2:date>
                                <ns2:code>01</ns2:code>
                                <ns2:name>товарная накладная</ns2:name>
                                <ns2:number>446</ns2:number>
                                <ns2:contractPosition>
                                    <ns2:guid>d687bcff-d76a-413f-a9e4-6b8225e3a9b0</ns2:guid>
                                    <ns2:name>Фрукты, свежие или предварительно подвергнутые тепловой обработке, замороженные</ns2:name>
                                    <ns2:okpd2>
                                        <code>10.39.21.110</code>
                                        <name>Фрукты, свежие или предварительно подвергнутые тепловой обработке, замороженные</name>
                                    </ns2:okpd2>
                                </ns2:contractPosition>
                                <ns2:okei>
                                    <code>876</code>
                                    <name>Условная единица</name>
                                </ns2:okei>
                                <ns2:qty>1</ns2:qty>
                            </ns2:doc>
                        </ns2:docs>
                    </ns2:position>
                    <ns2:position>
                        <ns2:ordinal>4</ns2:ordinal>
                        <ns2:paymentDate>2016-12-29</ns2:paymentDate>
                        <ns2:price>1500</ns2:price>
                        <ns2:currency>
                            <code>RUB</code>
                            <digitalCode>643</digitalCode>
                            <name>Российский рубль</name>
                        </ns2:currency>
                        <ns2:rubPrice>1500</ns2:rubPrice>
                        <ns2:prepaid>false</ns2:prepaid>
                        <ns2:docs>
                            <ns2:doc>
                                <ns2:ordinal>1</ns2:ordinal>
                                <ns2:date>2016-12-12</ns2:date>
                                <ns2:code>01</ns2:code>
                                <ns2:name>товарная накладная</ns2:name>
                                <ns2:number>607</ns2:number>
                                <ns2:contractPosition>
                                    <ns2:guid>d687bcff-d76a-413f-a9e4-6b8225e3a9b0</ns2:guid>
                                    <ns2:name>Фрукты, свежие или предварительно подвергнутые тепловой обработке, замороженные</ns2:name>
                                    <ns2:okpd2>
                                        <code>10.39.21.110</code>
                                        <name>Фрукты, свежие или предварительно подвергнутые тепловой обработке, замороженные</name>
                                    </ns2:okpd2>
                                </ns2:contractPosition>
                                <ns2:okei>
                                    <code>876</code>
                                    <name>Условная единица</name>
                                </ns2:okei>
                                <ns2:qty>1</ns2:qty>
                            </ns2:doc>
                        </ns2:docs>
                    </ns2:position>
                    <ns2:position>
                        <ns2:ordinal>5</ns2:ordinal>
                        <ns2:paymentDate>2017-01-25</ns2:paymentDate>
                        <ns2:price>850</ns2:price>
                        <ns2:currency>
                            <code>RUB</code>
                            <digitalCode>643</digitalCode>
                            <name>Российский рубль</name>
                        </ns2:currency>
                        <ns2:rubPrice>850</ns2:rubPrice>
                        <ns2:prepaid>false</ns2:prepaid>
                        <ns2:docs>
                            <ns2:doc>
                                <ns2:ordinal>1</ns2:ordinal>
                                <ns2:date>2016-12-23</ns2:date>
                                <ns2:code>01</ns2:code>
                                <ns2:name>товарная накладная</ns2:name>
                                <ns2:number>777</ns2:number>
                                <ns2:contractPosition>
                                    <ns2:guid>d687bcff-d76a-413f-a9e4-6b8225e3a9b0</ns2:guid>
                                    <ns2:name>Фрукты, свежие или предварительно подвергнутые тепловой обработке, замороженные</ns2:name>
                                    <ns2:okpd2>
                                        <code>10.39.21.110</code>
                                        <name>Фрукты, свежие или предварительно подвергнутые тепловой обработке, замороженные</name>
                                    </ns2:okpd2>
                                </ns2:contractPosition>
                                <ns2:okei>
                                    <code>876</code>
                                    <name>Условная единица</name>
                                </ns2:okei>
                                <ns2:qty>1</ns2:qty>
                            </ns2:doc>
                        </ns2:docs>
                    </ns2:position>
                    <ns2:position>
                        <ns2:ordinal>6</ns2:ordinal>
                        <ns2:paymentDate>2017-01-30</ns2:paymentDate>
                        <ns2:price>3400</ns2:price>
                        <ns2:currency>
                            <code>RUB</code>
                            <digitalCode>643</digitalCode>
                            <name>Российский рубль</name>
                        </ns2:currency>
                        <ns2:rubPrice>3400</ns2:rubPrice>
                        <ns2:prepaid>false</ns2:prepaid>
                        <ns2:docs>
                            <ns2:doc>
                                <ns2:ordinal>1</ns2:ordinal>
                                <ns2:date>2016-12-27</ns2:date>
                                <ns2:code>01</ns2:code>
                                <ns2:name>товарная накладная</ns2:name>
                                <ns2:number>774</ns2:number>
                                <ns2:contractPosition>
                                    <ns2:guid>d687bcff-d76a-413f-a9e4-6b8225e3a9b0</ns2:guid>
                                    <ns2:name>Фрукты, свежие или предварительно подвергнутые тепловой обработке, замороженные</ns2:name>
                                    <ns2:okpd2>
                                        <code>10.39.21.110</code>
                                        <name>Фрукты, свежие или предварительно подвергнутые тепловой обработке, замороженные</name>
                                    </ns2:okpd2>
                                </ns2:contractPosition>
                                <ns2:okei>
                                    <code>876</code>
                                    <name>Условная единица</name>
                                </ns2:okei>
                                <ns2:qty>1</ns2:qty>
                            </ns2:doc>
                        </ns2:docs>
                    </ns2:position>
                    <ns2:position>
                        <ns2:ordinal>7</ns2:ordinal>
                        <ns2:paymentDate>2017-01-31</ns2:paymentDate>
                        <ns2:price>1600</ns2:price>
                        <ns2:currency>
                            <code>RUB</code>
                            <digitalCode>643</digitalCode>
                            <name>Российский рубль</name>
                        </ns2:currency>
                        <ns2:rubPrice>1600</ns2:rubPrice>
                        <ns2:prepaid>false</ns2:prepaid>
                        <ns2:docs>
                            <ns2:doc>
                                <ns2:ordinal>1</ns2:ordinal>
                                <ns2:date>2017-01-09</ns2:date>
                                <ns2:code>01</ns2:code>
                                <ns2:name>товарная накладная</ns2:name>
                                <ns2:number>УТ-26</ns2:number>
                                <ns2:contractPosition>
                                    <ns2:guid>d687bcff-d76a-413f-a9e4-6b8225e3a9b0</ns2:guid>
                                    <ns2:name>Фрукты, свежие или предварительно подвергнутые тепловой обработке, замороженные</ns2:name>
                                    <ns2:okpd2>
                                        <code>10.39.21.110</code>
                                        <name>Фрукты, свежие или предварительно подвергнутые тепловой обработке, замороженные</name>
                                    </ns2:okpd2>
                                </ns2:contractPosition>
                                <ns2:okei>
                                    <code>876</code>
                                    <name>Условная единица</name>
                                </ns2:okei>
                                <ns2:qty>1</ns2:qty>
                            </ns2:doc>
                        </ns2:docs>
                    </ns2:position>
                    <ns2:position>
                        <ns2:ordinal>8</ns2:ordinal>
                        <ns2:paymentDate>2017-02-03</ns2:paymentDate>
                        <ns2:price>2270</ns2:price>
                        <ns2:currency>
                            <code>RUB</code>
                            <digitalCode>643</digitalCode>
                            <name>Российский рубль</name>
                        </ns2:currency>
                        <ns2:rubPrice>2270</ns2:rubPrice>
                        <ns2:prepaid>false</ns2:prepaid>
                        <ns2:docs>
                            <ns2:doc>
                                <ns2:ordinal>1</ns2:ordinal>
                                <ns2:date>2017-01-16</ns2:date>
                                <ns2:code>01</ns2:code>
                                <ns2:name>товарная накладная</ns2:name>
                                <ns2:number>87</ns2:number>
                                <ns2:contractPosition>
                                    <ns2:guid>d687bcff-d76a-413f-a9e4-6b8225e3a9b0</ns2:guid>
                                    <ns2:name>Фрукты, свежие или предварительно подвергнутые тепловой обработке, замороженные</ns2:name>
                                    <ns2:okpd2>
                                        <code>10.39.21.110</code>
                                        <name>Фрукты, свежие или предварительно подвергнутые тепловой обработке, замороженные</name>
                                    </ns2:okpd2>
                                </ns2:contractPosition>
                                <ns2:okei>
                                    <code>876</code>
                                    <name>Условная единица</name>
                                </ns2:okei>
                                <ns2:qty>1</ns2:qty>
                            </ns2:doc>
                        </ns2:docs>
                    </ns2:position>
                    <ns2:position>
                        <ns2:ordinal>9</ns2:ordinal>
                        <ns2:paymentDate>2017-02-07</ns2:paymentDate>
                        <ns2:price>1164.5</ns2:price>
                        <ns2:currency>
                            <code>RUB</code>
                            <digitalCode>643</digitalCode>
                            <name>Российский рубль</name>
                        </ns2:currency>
                        <ns2:rubPrice>1164.5</ns2:rubPrice>
                        <ns2:prepaid>false</ns2:prepaid>
                        <ns2:docs>
                            <ns2:doc>
                                <ns2:ordinal>1</ns2:ordinal>
                                <ns2:date>2017-01-24</ns2:date>
                                <ns2:code>01</ns2:code>
                                <ns2:name>товарная накладная</ns2:name>
                                <ns2:number>УТ-74</ns2:number>
                                <ns2:contractPosition>
                                    <ns2:guid>d687bcff-d76a-413f-a9e4-6b8225e3a9b0</ns2:guid>
                                    <ns2:name>Фрукты, свежие или предварительно подвергнутые тепловой обработке, замороженные</ns2:name>
                                    <ns2:okpd2>
                                        <code>10.39.21.110</code>
                                        <name>Фрукты, свежие или предварительно подвергнутые тепловой обработке, замороженные</name>
                                    </ns2:okpd2>
                                </ns2:contractPosition>
                                <ns2:okei>
                                    <code>876</code>
                                    <name>Условная единица</name>
                                </ns2:okei>
                                <ns2:qty>1</ns2:qty>
                            </ns2:doc>
                        </ns2:docs>
                    </ns2:position>
                    <ns2:position>
                        <ns2:ordinal>10</ns2:ordinal>
                        <ns2:paymentDate>2017-02-09</ns2:paymentDate>
                        <ns2:price>1250</ns2:price>
                        <ns2:currency>
                            <code>RUB</code>
                            <digitalCode>643</digitalCode>
                            <name>Российский рубль</name>
                        </ns2:currency>
                        <ns2:rubPrice>1250</ns2:rubPrice>
                        <ns2:prepaid>false</ns2:prepaid>
                        <ns2:docs>
                            <ns2:doc>
                                <ns2:ordinal>1</ns2:ordinal>
                                <ns2:date>2017-01-30</ns2:date>
                                <ns2:code>01</ns2:code>
                                <ns2:name>товарная накладная</ns2:name>
                                <ns2:number>УТ-131</ns2:number>
                                <ns2:contractPosition>
                                    <ns2:guid>d687bcff-d76a-413f-a9e4-6b8225e3a9b0</ns2:guid>
                                    <ns2:name>Фрукты, свежие или предварительно подвергнутые тепловой обработке, замороженные</ns2:name>
                                    <ns2:okpd2>
                                        <code>10.39.21.110</code>
                                        <name>Фрукты, свежие или предварительно подвергнутые тепловой обработке, замороженные</name>
                                    </ns2:okpd2>
                                </ns2:contractPosition>
                                <ns2:okei>
                                    <code>876</code>
                                    <name>Условная единица</name>
                                </ns2:okei>
                                <ns2:qty>1</ns2:qty>
                            </ns2:doc>
                        </ns2:docs>
                    </ns2:position>
                    <ns2:position>
                        <ns2:ordinal>11</ns2:ordinal>
                        <ns2:paymentDate>2017-02-15</ns2:paymentDate>
                        <ns2:price>2354.5</ns2:price>
                        <ns2:currency>
                            <code>RUB</code>
                            <digitalCode>643</digitalCode>
                            <name>Российский рубль</name>
                        </ns2:currency>
                        <ns2:rubPrice>2354.5</ns2:rubPrice>
                        <ns2:prepaid>false</ns2:prepaid>
                        <ns2:docs>
                            <ns2:doc>
                                <ns2:ordinal>1</ns2:ordinal>
                                <ns2:date>2017-02-06</ns2:date>
                                <ns2:code>01</ns2:code>
                                <ns2:name>товарная накладная</ns2:name>
                                <ns2:number>УТ-176</ns2:number>
                                <ns2:contractPosition>
                                    <ns2:guid>d687bcff-d76a-413f-a9e4-6b8225e3a9b0</ns2:guid>
                                    <ns2:name>Фрукты, свежие или предварительно подвергнутые тепловой обработке, замороженные</ns2:name>
                                    <ns2:okpd2>
                                        <code>10.39.21.110</code>
                                        <name>Фрукты, свежие или предварительно подвергнутые тепловой обработке, замороженные</name>
                                    </ns2:okpd2>
                                </ns2:contractPosition>
                                <ns2:okei>
                                    <code>876</code>
                                    <name>Условная единица</name>
                                </ns2:okei>
                                <ns2:qty>1</ns2:qty>
                            </ns2:doc>
                        </ns2:docs>
                    </ns2:position>
                    <ns2:position>
                        <ns2:ordinal>12</ns2:ordinal>
                        <ns2:paymentDate>2017-02-28</ns2:paymentDate>
                        <ns2:price>4090.5</ns2:price>
                        <ns2:currency>
                            <code>RUB</code>
                            <digitalCode>643</digitalCode>
                            <name>Российский рубль</name>
                        </ns2:currency>
                        <ns2:rubPrice>4090.5</ns2:rubPrice>
                        <ns2:prepaid>false</ns2:prepaid>
                        <ns2:docs>
                            <ns2:doc>
                                <ns2:ordinal>1</ns2:ordinal>
                                <ns2:date>2017-02-15</ns2:date>
                                <ns2:code>01</ns2:code>
                                <ns2:name>товарная накладная</ns2:name>
                                <ns2:number>УТ- 286</ns2:number>
                                <ns2:contractPosition>
                                    <ns2:guid>d687bcff-d76a-413f-a9e4-6b8225e3a9b0</ns2:guid>
                                    <ns2:name>Фрукты, свежие или предварительно подвергнутые тепловой обработке, замороженные</ns2:name>
                                    <ns2:okpd2>
                                        <code>10.39.21.110</code>
                                        <name>Фрукты, свежие или предварительно подвергнутые тепловой обработке, замороженные</name>
                                    </ns2:okpd2>
                                </ns2:contractPosition>
                                <ns2:okei>
                                    <code>876</code>
                                    <name>Условная единица</name>
                                </ns2:okei>
                                <ns2:qty>1</ns2:qty>
                            </ns2:doc>
                        </ns2:docs>
                    </ns2:position>
                    <ns2:position>
                        <ns2:ordinal>13</ns2:ordinal>
                        <ns2:paymentDate>2017-03-06</ns2:paymentDate>
                        <ns2:price>6195</ns2:price>
                        <ns2:currency>
                            <code>RUB</code>
                            <digitalCode>643</digitalCode>
                            <name>Российский рубль</name>
                        </ns2:currency>
                        <ns2:rubPrice>6195</ns2:rubPrice>
                        <ns2:prepaid>false</ns2:prepaid>
                        <ns2:docs>
                            <ns2:doc>
                                <ns2:ordinal>1</ns2:ordinal>
                                <ns2:date>2017-02-27</ns2:date>
                                <ns2:code>01</ns2:code>
                                <ns2:name>товарная накладная</ns2:name>
                                <ns2:number>УТ-348</ns2:number>
                                <ns2:contractPosition>
                                    <ns2:guid>d687bcff-d76a-413f-a9e4-6b8225e3a9b0</ns2:guid>
                                    <ns2:name>Фрукты, свежие или предварительно подвергнутые тепловой обработке, замороженные</ns2:name>
                                    <ns2:okpd2>
                                        <code>10.39.21.110</code>
                                        <name>Фрукты, свежие или предварительно подвергнутые тепловой обработке, замороженные</name>
                                    </ns2:okpd2>
                                </ns2:contractPosition>
                                <ns2:okei>
                                    <code>876</code>
                                    <name>Условная единица</name>
                                </ns2:okei>
                                <ns2:qty>1</ns2:qty>
                            </ns2:doc>
                        </ns2:docs>
                    </ns2:position>
                    <ns2:position>
                        <ns2:ordinal>14</ns2:ordinal>
                        <ns2:paymentDate>2017-03-23</ns2:paymentDate>
                        <ns2:price>3682.5</ns2:price>
                        <ns2:currency>
                            <code>RUB</code>
                            <digitalCode>643</digitalCode>
                            <name>Российский рубль</name>
                        </ns2:currency>
                        <ns2:rubPrice>3682.5</ns2:rubPrice>
                        <ns2:prepaid>false</ns2:prepaid>
                        <ns2:docs>
                            <ns2:doc>
                                <ns2:ordinal>1</ns2:ordinal>
                                <ns2:date>2017-03-09</ns2:date>
                                <ns2:code>01</ns2:code>
                                <ns2:name>товарная накладная</ns2:name>
                                <ns2:number>УТ-491</ns2:number>
                                <ns2:contractPosition>
                                    <ns2:guid>d687bcff-d76a-413f-a9e4-6b8225e3a9b0</ns2:guid>
                                    <ns2:name>Фрукты, свежие или предварительно подвергнутые тепловой обработке, замороженные</ns2:name>
                                    <ns2:okpd2>
                                        <code>10.39.21.110</code>
                                        <name>Фрукты, свежие или предварительно подвергнутые тепловой обработке, замороженные</name>
                                    </ns2:okpd2>
                                </ns2:contractPosition>
                                <ns2:okei>
                                    <code>876</code>
                                    <name>Условная единица</name>
                                </ns2:okei>
                                <ns2:qty>1</ns2:qty>
                            </ns2:doc>
                        </ns2:docs>
                    </ns2:position>
                    <ns2:position>
                        <ns2:ordinal>15</ns2:ordinal>
                        <ns2:paymentDate>2017-03-28</ns2:paymentDate>
                        <ns2:price>3875</ns2:price>
                        <ns2:currency>
                            <code>RUB</code>
                            <digitalCode>643</digitalCode>
                            <name>Российский рубль</name>
                        </ns2:currency>
                        <ns2:rubPrice>3875</ns2:rubPrice>
                        <ns2:prepaid>false</ns2:prepaid>
                        <ns2:docs>
                            <ns2:doc>
                                <ns2:ordinal>1</ns2:ordinal>
                                <ns2:date>2017-03-20</ns2:date>
                                <ns2:code>01</ns2:code>
                                <ns2:name>товарная накладная</ns2:name>
                                <ns2:number>УТ-554</ns2:number>
                                <ns2:contractPosition>
                                    <ns2:guid>d687bcff-d76a-413f-a9e4-6b8225e3a9b0</ns2:guid>
                                    <ns2:name>Фрукты, свежие или предварительно подвергнутые тепловой обработке, замороженные</ns2:name>
                                    <ns2:okpd2>
                                        <code>10.39.21.110</code>
                                        <name>Фрукты, свежие или предварительно подвергнутые тепловой обработке, замороженные</name>
                                    </ns2:okpd2>
                                </ns2:contractPosition>
                                <ns2:okei>
                                    <code>876</code>
                                    <name>Условная единица</name>
                                </ns2:okei>
                                <ns2:qty>1</ns2:qty>
                            </ns2:doc>
                        </ns2:docs>
                    </ns2:position>
                    <ns2:total>39357.0</ns2:total>
                </ns2:positions>
            </ns2:performanceContractData>
        </ns2:item>
    </ns2:body>
</ns2:performanceContract>
