<?xml version="1.0" encoding="UTF-8" standalone="yes"?>
<ns2:performanceContract xsi:schemaLocation="http://zakupki.gov.ru/223/integration/schema/TFF-5.2 http://zakupki.gov.ru/223/integration/schema/TFF-5.2/Types.xsd" xmlns="http://zakupki.gov.ru/223fz/types/1" xmlns:ns10="http://zakupki.gov.ru/223fz/complaint/1" xmlns:ns11="http://zakupki.gov.ru/223fz/notificationIssue/1" xmlns:ns12="http://zakupki.gov.ru/223fz/purchasePlanProject/1" xmlns:ns13="http://zakupki.gov.ru/223fz/purchase/1" xmlns:ns14="http://zakupki.gov.ru/223fz/purchasePlanProjectAdditionalPosition/1" xmlns:ns15="http://zakupki.gov.ru/223fz/missedNotice/1" xmlns:ns16="http://zakupki.gov.ru/223fz/reference/1" xmlns:ns17="http://zakupki.gov.ru/223fz/stopCommodity/1" xmlns:ns18="http://zakupki.gov.ru/223fz/decisionSuspension/1" xmlns:ns19="http://zakupki.gov.ru/223fz/webRequest/1" xmlns:ns2="http://zakupki.gov.ru/223fz/contract/1" xmlns:xsi="http://www.w3.org/2001/XMLSchema-instance" xmlns:ns3="http://zakupki.gov.ru/223fz/dishonestSupplier/1" xmlns:ns4="http://zakupki.gov.ru/223fz/purchasePlanAdditionalPosition/1" xmlns:ns5="http://zakupki.gov.ru/223fz/purchasePlan/1" xmlns:ns6="http://zakupki.gov.ru/223fz/machineryListInfo/1" xmlns:ns7="http://zakupki.gov.ru/223fz/revenue/1" xmlns:ns8="http://zakupki.gov.ru/223fz/orderClauseList/1" xmlns:ns9="http://zakupki.gov.ru/223fz/disagreementProtocol/1">
    <header>
        <guid>459a92d5-2b0d-4bdc-8e6c-8e66869f082d</guid>
        <createDateTime>2017-03-29T14:42:29</createDateTime>
    </header>
    <ns2:body>
        <ns2:item>
            <guid>355bf2e7-1c4c-40b7-a628-d397b7e4c1b6</guid>
            <ns2:performanceContractData>
                <ns2:guid>e045de89-6d39-408d-8259-7ddcacd20910</ns2:guid>
                <ns2:registrationNumber>56671163413160004140003</ns2:registrationNumber>
                <ns2:urlOOS>https://zakupki.gov.ru/223/contract/private/completing/info/view.html?id=2659625</ns2:urlOOS>
                <ns2:createDateTime>2016-02-16T15:30:12</ns2:createDateTime>
                <ns2:customer>
                    <mainInfo>
                        <fullName>Открытое акционерное общество "Межрегиональная распределительная сетевая компания Урала"</fullName>
                        <shortName>ОАО "МРСК Урала"</shortName>
                        <iko>56671163413667201001</iko>
                        <inn>6671163413</inn>
                        <kpp>667201001</kpp>
                        <ogrn>1056604000970</ogrn>
                        <legalAddress>620026, Свердловская, Екатеринбург, Мамина-Сибиряка, дом 140</legalAddress>
                        <postalAddress>620026, Свердловская область, Екатеринбург, Мамина-Сибиряка, дом 140 </postalAddress>
                        <phone>7-343-2152600</phone>
                        <fax>7-343-2152661</fax>
                        <email>mrsk@mrsk-ural.ru</email>
                        <okato>65401000000</okato>
                        <okpo>76507836</okpo>
                    </mainInfo>
                </ns2:customer>
                <ns2:placer>
                    <mainInfo>
                        <fullName>Открытое акционерное общество "Межрегиональная распределительная сетевая компания Урала"</fullName>
                        <shortName>ОАО "МРСК Урала"</shortName>
                        <iko>56671163413667201001</iko>
                        <inn>6671163413</inn>
                        <kpp>667201001</kpp>
                        <ogrn>1056604000970</ogrn>
                        <legalAddress>620026, Свердловская, Екатеринбург, Мамина-Сибиряка, дом 140</legalAddress>
                        <postalAddress>620026, Свердловская область, Екатеринбург, Мамина-Сибиряка, дом 140 </postalAddress>
                        <phone>7-343-2152600</phone>
                        <fax>7-343-2152661</fax>
                        <email>mrsk@mrsk-ural.ru</email>
                        <okato>65401000000</okato>
                        <okpo>76507836</okpo>
                    </mainInfo>
                </ns2:placer>
                <ns2:publicationDate>2017-03-29T14:42:29</ns2:publicationDate>
                <ns2:status>P</ns2:status>
                <ns2:version>1</ns2:version>
                <ns2:completed>true</ns2:completed>
                <ns2:attachments>
                    <totalDocumentsCount>4</totalDocumentsCount>
                    <document>
                        <guid>02d5a39d-016b-4961-9e49-dc1639dd25c8</guid>
                        <createDateTime>2017-03-29T14:40:54</createDateTime>
                        <fileName>ТН.zip</fileName>
                        <description>ТН</description>
                        <url>https://zakupki.gov.ru/223/contract/private/download/download.html?id=11700208</url>
                        <registrationNumber>56671163413160004140004</registrationNumber>
                    </document>
                    <document>
                        <guid>b4181139-6bf2-45b6-9d37-ac58e423094a</guid>
                        <createDateTime>2017-03-29T14:42:05</createDateTime>
                        <fileName>Факторинг ДЛиМТО-27-2016.pdf</fileName>
                        <description>Факторинг ДЛиМТО-27-2016</description>
                        <url>https://zakupki.gov.ru/223/contract/private/download/download.html?id=11700293</url>
                        <registrationNumber>56671163413160004140005</registrationNumber>
                    </document>
                    <document>
                        <guid>4b9edefc-162c-429f-9a84-e40c44cc6cf9</guid>
                        <createDateTime>2017-03-29T14:42:13</createDateTime>
                        <fileName>Факторинг ДЛиМТО-29-2016.pdf</fileName>
                        <description>Факторинг ДЛиМТО-29-2016</description>
                        <url>https://zakupki.gov.ru/223/contract/private/download/download.html?id=11700297</url>
                        <registrationNumber>56671163413160004140006</registrationNumber>
                    </document>
                    <document>
                        <guid>33dfbea7-ed17-4b6c-8349-69acbbf5e83e</guid>
                        <createDateTime>2017-03-29T14:41:13</createDateTime>
                        <fileName>ПП.zip</fileName>
                        <description>ПП</description>
                        <url>https://zakupki.gov.ru/223/contract/private/download/download.html?id=11700235</url>
                        <registrationNumber>56671163413160004140007</registrationNumber>
                    </document>
                </ns2:attachments>
                <ns2:hasPenalty>false</ns2:hasPenalty>
                <ns2:contractRegNumber>56671163413160004140000</ns2:contractRegNumber>
                <ns2:contractInfo>
                    <ns2:guid>934ddb68-bf4a-4572-9d71-d4afcce6663e</ns2:guid>
                    <ns2:name>ДЛиМТО/19/2016</ns2:name>
                    <ns2:agencyName>ОАО "МРСК Урала"</ns2:agencyName>
                    <ns2:supplierName>ОБЩЕСТВО С ОГРАНИЧЕННОЙ ОТВЕТСТВЕННОСТЬЮ "ПРОИЗВОДСТВЕННОЕ ОБЪЕДИНЕНИЕ "ГАРАНТИЯ"</ns2:supplierName>
                    <ns2:lotInfo>Закупка №156307, лот №190 - «Поставка железобетонных изделий»</ns2:lotInfo>
                    <ns2:contractDate>2016-02-12</ns2:contractDate>
                </ns2:contractInfo>
                <ns2:positions>
                    <ns2:position>
                        <ns2:ordinal>1</ns2:ordinal>
                        <ns2:paymentDate>2016-11-30</ns2:paymentDate>
                        <ns2:price>7178480.44</ns2:price>
                        <ns2:currency>
                            <code>RUB</code>
                            <digitalCode>643</digitalCode>
                            <name>Российский рубль</name>
                        </ns2:currency>
                        <ns2:rubPrice>7178480.44</ns2:rubPrice>
                        <ns2:prepaid>false</ns2:prepaid>
                        <ns2:docs>
                            <ns2:doc>
                                <ns2:ordinal>1</ns2:ordinal>
                                <ns2:date>2016-09-27</ns2:date>
                                <ns2:code>01</ns2:code>
                                <ns2:name>товарная накладная</ns2:name>
                                <ns2:number>726,1271,1272,1333,1334,1531,1548,1549,1694,1712,1801,1853,1871,1940,1944,1945,1946,1979,1996,2103,2110,2278,2389,2390,2450,2497,2545,2601,2681,2682,2752,2998,3044,3312,3327,3473,3530,3559,3560,3570,3591,3725,3726,3760,3776,3863,3883,3892,3985,</ns2:number>
                                <ns2:contractPosition>
                                    <ns2:guid>3cabb73f-2ae6-014e-e053-ac11070d70ec</ns2:guid>
                                    <ns2:name>поставка железобетонных изделий</ns2:name>
                                    <ns2:okpd2>
                                        <code>23.61.12.162</code>
                                        <name>Опоры ЛЭП, связи и элементы контактной сети электрифицированных дорог и осветительной сети</name>
                                    </ns2:okpd2>
                                </ns2:contractPosition>
                                <ns2:okei>
                                    <code>796</code>
                                    <name>Штука</name>
                                </ns2:okei>
                                <ns2:qty>3035</ns2:qty>
                            </ns2:doc>
                        </ns2:docs>
                    </ns2:position>
                    <ns2:total>7178480.44</ns2:total>
                </ns2:positions>
            </ns2:performanceContractData>
        </ns2:item>
    </ns2:body>
</ns2:performanceContract>
