<?xml version="1.0" encoding="UTF-8" standalone="yes"?>
<ns2:performanceContract xsi:schemaLocation="http://zakupki.gov.ru/223/integration/schema/TFF-5.2 http://zakupki.gov.ru/223/integration/schema/TFF-5.2/Types.xsd" xmlns="http://zakupki.gov.ru/223fz/types/1" xmlns:ns10="http://zakupki.gov.ru/223fz/complaint/1" xmlns:ns11="http://zakupki.gov.ru/223fz/notificationIssue/1" xmlns:ns12="http://zakupki.gov.ru/223fz/purchasePlanProject/1" xmlns:ns13="http://zakupki.gov.ru/223fz/purchase/1" xmlns:ns14="http://zakupki.gov.ru/223fz/purchasePlanProjectAdditionalPosition/1" xmlns:ns15="http://zakupki.gov.ru/223fz/missedNotice/1" xmlns:ns16="http://zakupki.gov.ru/223fz/reference/1" xmlns:ns17="http://zakupki.gov.ru/223fz/stopCommodity/1" xmlns:ns18="http://zakupki.gov.ru/223fz/decisionSuspension/1" xmlns:ns19="http://zakupki.gov.ru/223fz/webRequest/1" xmlns:ns2="http://zakupki.gov.ru/223fz/contract/1" xmlns:xsi="http://www.w3.org/2001/XMLSchema-instance" xmlns:ns3="http://zakupki.gov.ru/223fz/dishonestSupplier/1" xmlns:ns4="http://zakupki.gov.ru/223fz/purchasePlanAdditionalPosition/1" xmlns:ns5="http://zakupki.gov.ru/223fz/purchasePlan/1" xmlns:ns6="http://zakupki.gov.ru/223fz/machineryListInfo/1" xmlns:ns7="http://zakupki.gov.ru/223fz/revenue/1" xmlns:ns8="http://zakupki.gov.ru/223fz/orderClauseList/1" xmlns:ns9="http://zakupki.gov.ru/223fz/disagreementProtocol/1">
    <header>
        <guid>d12e4be5-4368-445b-8f34-67bdf7741a4a</guid>
        <createDateTime>2017-03-29T13:25:51</createDateTime>
    </header>
    <ns2:body>
        <ns2:item>
            <guid>43b10729-92fe-441a-8c18-3f84b4d3fd13</guid>
            <ns2:performanceContractData>
                <ns2:guid>c5b67a0b-882b-4b62-9242-0c81562ed540</ns2:guid>
                <ns2:registrationNumber>56658027450160005990004</ns2:registrationNumber>
                <ns2:urlOOS>https://zakupki.gov.ru/223/contract/private/completing/info/view.html?id=2658823</ns2:urlOOS>
                <ns2:createDateTime>2016-12-21T06:46:06</ns2:createDateTime>
                <ns2:customer>
                    <mainInfo>
                        <fullName>МУНИЦИПАЛЬНОЕ АВТОНОМНОЕ УЧРЕЖДЕНИЕ ЗДРАВООХРАНЕНИЯ "ГОРОДСКАЯ КЛИНИЧЕСКАЯ БОЛЬНИЦА № 40"</fullName>
                        <shortName>МАУ "ГКБ № 40"</shortName>
                        <iko>56658027450665801001</iko>
                        <inn>6658027450</inn>
                        <kpp>665801001</kpp>
                        <ogrn>1026602347914</ogrn>
                        <legalAddress>620102, ОБЛ СВЕРДЛОВСКАЯ, Г ЕКАТЕРИНБУРГ, УЛ ВОЛГОГРАДСКАЯ, дом 189</legalAddress>
                        <postalAddress>620102, г. Екатеринбург, ул. Волгоградская, 189</postalAddress>
                        <phone>7-343-2979814</phone>
                        <fax>7-343-2669721</fax>
                        <email>korteva@gkb40.ur.ru</email>
                        <okato>65401364000</okato>
                        <okpo>01944370</okpo>
                    </mainInfo>
                </ns2:customer>
                <ns2:placer>
                    <mainInfo>
                        <fullName>МУНИЦИПАЛЬНОЕ АВТОНОМНОЕ УЧРЕЖДЕНИЕ ЗДРАВООХРАНЕНИЯ "ГОРОДСКАЯ КЛИНИЧЕСКАЯ БОЛЬНИЦА № 40"</fullName>
                        <shortName>МАУ "ГКБ № 40"</shortName>
                        <iko>56658027450665801001</iko>
                        <inn>6658027450</inn>
                        <kpp>665801001</kpp>
                        <ogrn>1026602347914</ogrn>
                        <legalAddress>620102, ОБЛ СВЕРДЛОВСКАЯ, Г ЕКАТЕРИНБУРГ, УЛ ВОЛГОГРАДСКАЯ, дом 189</legalAddress>
                        <postalAddress>620102, г. Екатеринбург, ул. Волгоградская, 189</postalAddress>
                        <phone>7-343-2979814</phone>
                        <fax>7-343-2669721</fax>
                        <email>korteva@gkb40.ur.ru</email>
                        <okato>65401364000</okato>
                        <okpo>01944370</okpo>
                    </mainInfo>
                </ns2:placer>
                <ns2:publicationDate>2017-03-29T13:25:50</ns2:publicationDate>
                <ns2:status>P</ns2:status>
                <ns2:version>1</ns2:version>
                <ns2:completed>true</ns2:completed>
                <ns2:attachments>
                    <totalDocumentsCount>1</totalDocumentsCount>
                    <document>
                        <guid>e5ee6fa5-5800-4180-adc4-fc0e2e819acc</guid>
                        <createDateTime>2017-03-29T13:25:36</createDateTime>
                        <fileName>184544 от 27.03.2017.pdf</fileName>
                        <description>184544 от 27.03.2017</description>
                        <url>https://zakupki.gov.ru/223/contract/private/download/download.html?id=11695857</url>
                        <registrationNumber>56658027450160005990005</registrationNumber>
                    </document>
                </ns2:attachments>
                <ns2:hasPenalty>false</ns2:hasPenalty>
                <ns2:contractRegNumber>56658027450160005990000</ns2:contractRegNumber>
                <ns2:contractInfo>
                    <ns2:guid>6764b529-32a8-458c-9849-f8177b6dca5b</ns2:guid>
                    <ns2:name>2119</ns2:name>
                    <ns2:agencyName>МАУ "ГКБ № 40"</ns2:agencyName>
                    <ns2:supplierName>ЗАКРЫТОЕ АКЦИОНЕРНОЕ ОБЩЕСТВО " ДЕЛЬРУС МЕДИЦИНСКАЯ КОМПАНИЯ"</ns2:supplierName>
                    <ns2:lotInfo>Прикроватный кардиомонитор для детей и взрослых PVM-2703 (с капнометрией)</ns2:lotInfo>
                    <ns2:contractDate>2016-12-19</ns2:contractDate>
                </ns2:contractInfo>
                <ns2:positions>
                    <ns2:position>
                        <ns2:ordinal>1</ns2:ordinal>
                        <ns2:paymentDate>2017-03-27</ns2:paymentDate>
                        <ns2:price>1059990</ns2:price>
                        <ns2:currency>
                            <code>RUB</code>
                            <digitalCode>643</digitalCode>
                            <name>Российский рубль</name>
                        </ns2:currency>
                        <ns2:rubPrice>1059990</ns2:rubPrice>
                        <ns2:prepaid>false</ns2:prepaid>
                        <ns2:docs>
                            <ns2:doc>
                                <ns2:ordinal>1</ns2:ordinal>
                                <ns2:date>2017-01-30</ns2:date>
                                <ns2:code>19</ns2:code>
                                <ns2:name>счет-фактура</ns2:name>
                                <ns2:number>ДМК000096</ns2:number>
                                <ns2:contractPosition>
                                    <ns2:guid>fb93699b-1600-4dd5-9987-04ee31da1288</ns2:guid>
                                    <ns2:name>Прикроватный кардиомонитор для детей и взрослых PVM-2703</ns2:name>
                                    <ns2:okpd2>
                                        <code>32.50.21</code>
                                        <name>Инструменты и приспособления терапевтические; дыхательное оборудование</name>
                                    </ns2:okpd2>
                                </ns2:contractPosition>
                                <ns2:okei>
                                    <code>796</code>
                                    <name>Штука</name>
                                </ns2:okei>
                                <ns2:qty>3</ns2:qty>
                            </ns2:doc>
                        </ns2:docs>
                    </ns2:position>
                    <ns2:total>1059990</ns2:total>
                </ns2:positions>
            </ns2:performanceContractData>
        </ns2:item>
    </ns2:body>
</ns2:performanceContract>
