<?xml version="1.0" encoding="UTF-8" standalone="yes"?>
<ns2:performanceContract xsi:schemaLocation="http://zakupki.gov.ru/223/integration/schema/TFF-5.2 http://zakupki.gov.ru/223/integration/schema/TFF-5.2/Types.xsd" xmlns="http://zakupki.gov.ru/223fz/types/1" xmlns:ns10="http://zakupki.gov.ru/223fz/complaint/1" xmlns:ns11="http://zakupki.gov.ru/223fz/notificationIssue/1" xmlns:ns12="http://zakupki.gov.ru/223fz/purchasePlanProject/1" xmlns:ns13="http://zakupki.gov.ru/223fz/purchase/1" xmlns:ns14="http://zakupki.gov.ru/223fz/purchasePlanProjectAdditionalPosition/1" xmlns:ns15="http://zakupki.gov.ru/223fz/missedNotice/1" xmlns:ns16="http://zakupki.gov.ru/223fz/reference/1" xmlns:ns17="http://zakupki.gov.ru/223fz/stopCommodity/1" xmlns:ns18="http://zakupki.gov.ru/223fz/decisionSuspension/1" xmlns:ns19="http://zakupki.gov.ru/223fz/webRequest/1" xmlns:ns2="http://zakupki.gov.ru/223fz/contract/1" xmlns:xsi="http://www.w3.org/2001/XMLSchema-instance" xmlns:ns3="http://zakupki.gov.ru/223fz/dishonestSupplier/1" xmlns:ns4="http://zakupki.gov.ru/223fz/purchasePlanAdditionalPosition/1" xmlns:ns5="http://zakupki.gov.ru/223fz/purchasePlan/1" xmlns:ns6="http://zakupki.gov.ru/223fz/machineryListInfo/1" xmlns:ns7="http://zakupki.gov.ru/223fz/revenue/1" xmlns:ns8="http://zakupki.gov.ru/223fz/orderClauseList/1" xmlns:ns9="http://zakupki.gov.ru/223fz/disagreementProtocol/1">
    <header>
        <guid>c8044edd-96df-4983-85af-8729b589df90</guid>
        <createDateTime>2017-03-29T13:11:05</createDateTime>
    </header>
    <ns2:body>
        <ns2:item>
            <guid>5f191b6b-e9b4-4683-b5a3-0314384670d3</guid>
            <ns2:performanceContractData>
                <ns2:guid>94fd3571-5ac9-43f4-a060-8591af35f457</ns2:guid>
                <ns2:registrationNumber>86628002723160000420010</ns2:registrationNumber>
                <ns2:urlOOS>https://zakupki.gov.ru/223/contract/private/completing/info/view.html?id=2658498</ns2:urlOOS>
                <ns2:createDateTime>2017-03-29T13:09:01</ns2:createDateTime>
                <ns2:customer>
                    <mainInfo>
                        <fullName>ГОСУДАРСТВЕННОЕ АВТОНОМНОЕ УЧРЕЖДЕНИЕ ЗДРАВООХРАНЕНИЯ СВЕРДЛОВСКОЙ ОБЛАСТИ "РЕЖЕВСКАЯ ЦЕНТРАЛЬНАЯ РАЙОННАЯ БОЛЬНИЦА"</fullName>
                        <shortName>ГАУЗ СО "РЕЖЕВСКАЯ ЦРБ"</shortName>
                        <iko>86628002723662801001</iko>
                        <inn>6628002723</inn>
                        <kpp>662801001</kpp>
                        <ogrn>1026601690675</ogrn>
                        <legalAddress>623750, обл СВЕРДЛОВСКАЯ, г РЕЖ, ул П.МОРОЗОВА, дом 60</legalAddress>
                        <postalAddress>Свердловская область, г. Реж, ул. Павлика Морозова, д. 60</postalAddress>
                        <phone>7-34364-38129</phone>
                        <fax>7-34364-38781</fax>
                        <email>shwedow@hotbox.ru</email>
                        <okato>65486000000</okato>
                        <okpo>05174182</okpo>
                    </mainInfo>
                </ns2:customer>
                <ns2:placer>
                    <mainInfo>
                        <fullName>ГОСУДАРСТВЕННОЕ АВТОНОМНОЕ УЧРЕЖДЕНИЕ ЗДРАВООХРАНЕНИЯ СВЕРДЛОВСКОЙ ОБЛАСТИ "РЕЖЕВСКАЯ ЦЕНТРАЛЬНАЯ РАЙОННАЯ БОЛЬНИЦА"</fullName>
                        <shortName>ГАУЗ СО "РЕЖЕВСКАЯ ЦРБ"</shortName>
                        <iko>86628002723662801001</iko>
                        <inn>6628002723</inn>
                        <kpp>662801001</kpp>
                        <ogrn>1026601690675</ogrn>
                        <legalAddress>623750, обл СВЕРДЛОВСКАЯ, г РЕЖ, ул П.МОРОЗОВА, дом 60</legalAddress>
                        <postalAddress>Свердловская область, г. Реж, ул. Павлика Морозова, д. 60</postalAddress>
                        <phone>7-34364-38129</phone>
                        <fax>7-34364-38781</fax>
                        <email>shwedow@hotbox.ru</email>
                        <okato>65486000000</okato>
                        <okpo>05174182</okpo>
                    </mainInfo>
                </ns2:placer>
                <ns2:publicationDate>2017-03-29T13:11:05</ns2:publicationDate>
                <ns2:status>P</ns2:status>
                <ns2:version>1</ns2:version>
                <ns2:completed>true</ns2:completed>
                <ns2:attachments>
                    <totalDocumentsCount>1</totalDocumentsCount>
                    <document>
                        <guid>a7e9d292-8b50-420f-b687-8eded2145735</guid>
                        <createDateTime>2017-03-29T13:08:13</createDateTime>
                        <fileName>документы.rar</fileName>
                        <description>документы</description>
                        <url>https://zakupki.gov.ru/223/contract/private/download/download.html?id=11694775</url>
                        <registrationNumber>86628002723160000420011</registrationNumber>
                    </document>
                </ns2:attachments>
                <ns2:hasPenalty>false</ns2:hasPenalty>
                <ns2:contractRegNumber>86628002723160000420000</ns2:contractRegNumber>
                <ns2:contractInfo>
                    <ns2:guid>b39175a4-9bbc-46d7-a343-b951ede97a73</ns2:guid>
                    <ns2:name>№ 31603603693-054</ns2:name>
                    <ns2:agencyName>ГАУЗ СО "РЕЖЕВСКАЯ ЦРБ"</ns2:agencyName>
                    <ns2:supplierName>ОБЩЕСТВО С ОГРАНИЧЕННОЙ ОТВЕТСТВЕННОСТЬЮ "НАУЧНО-ПРОИЗВОДСТВЕННАЯ ФИРМА "ХЕЛИКС"</ns2:supplierName>
                    <ns2:lotInfo>Оказание медицинских услуг</ns2:lotInfo>
                    <ns2:contractDate>2016-05-16</ns2:contractDate>
                </ns2:contractInfo>
                <ns2:positions>
                    <ns2:position>
                        <ns2:ordinal>4</ns2:ordinal>
                        <ns2:paymentDate>2016-12-26</ns2:paymentDate>
                        <ns2:price>159280</ns2:price>
                        <ns2:currency>
                            <code>RUB</code>
                            <digitalCode>643</digitalCode>
                            <name>Российский рубль</name>
                        </ns2:currency>
                        <ns2:rubPrice>159280</ns2:rubPrice>
                        <ns2:prepaid>false</ns2:prepaid>
                        <ns2:docs>
                            <ns2:doc>
                                <ns2:ordinal>1</ns2:ordinal>
                                <ns2:date>2016-10-31</ns2:date>
                                <ns2:code>20</ns2:code>
                                <ns2:name>акт выполненных работ</ns2:name>
                                <ns2:number>15640</ns2:number>
                                <ns2:contractPosition>
                                    <ns2:guid>3cabb752-7341-014e-e053-ac11070d70ec</ns2:guid>
                                    <ns2:name>Услуги медицинских лабораторий</ns2:name>
                                    <ns2:okpd2>
                                        <code>86.90.15.000</code>
                                        <name>Услуги медицинских лабораторий</name>
                                    </ns2:okpd2>
                                </ns2:contractPosition>
                                <ns2:okei>
                                    <code>642</code>
                                    <name>Единица</name>
                                </ns2:okei>
                                <ns2:qty>1</ns2:qty>
                            </ns2:doc>
                        </ns2:docs>
                    </ns2:position>
                    <ns2:position>
                        <ns2:ordinal>1</ns2:ordinal>
                        <ns2:paymentDate>2016-10-28</ns2:paymentDate>
                        <ns2:price>59680</ns2:price>
                        <ns2:currency>
                            <code>RUB</code>
                            <digitalCode>643</digitalCode>
                            <name>Российский рубль</name>
                        </ns2:currency>
                        <ns2:rubPrice>59680</ns2:rubPrice>
                        <ns2:prepaid>false</ns2:prepaid>
                        <ns2:docs>
                            <ns2:doc>
                                <ns2:ordinal>1</ns2:ordinal>
                                <ns2:date>2016-06-30</ns2:date>
                                <ns2:code>20</ns2:code>
                                <ns2:name>акт выполненных работ</ns2:name>
                                <ns2:number>8582</ns2:number>
                                <ns2:contractPosition>
                                    <ns2:guid>3cabb752-7341-014e-e053-ac11070d70ec</ns2:guid>
                                    <ns2:name>Услуги медицинских лабораторий</ns2:name>
                                    <ns2:okpd2>
                                        <code>86.90.15.000</code>
                                        <name>Услуги медицинских лабораторий</name>
                                    </ns2:okpd2>
                                </ns2:contractPosition>
                                <ns2:okei>
                                    <code>642</code>
                                    <name>Единица</name>
                                </ns2:okei>
                                <ns2:qty>1</ns2:qty>
                            </ns2:doc>
                            <ns2:doc>
                                <ns2:ordinal>2</ns2:ordinal>
                                <ns2:date>2016-07-31</ns2:date>
                                <ns2:code>20</ns2:code>
                                <ns2:name>акт выполненных работ</ns2:name>
                                <ns2:number>102240</ns2:number>
                                <ns2:contractPosition>
                                    <ns2:guid>3cabb752-7341-014e-e053-ac11070d70ec</ns2:guid>
                                    <ns2:name>Услуги медицинских лабораторий</ns2:name>
                                    <ns2:okpd2>
                                        <code>86.90.15.000</code>
                                        <name>Услуги медицинских лабораторий</name>
                                    </ns2:okpd2>
                                </ns2:contractPosition>
                                <ns2:okei>
                                    <code>642</code>
                                    <name>Единица</name>
                                </ns2:okei>
                                <ns2:qty>1</ns2:qty>
                            </ns2:doc>
                        </ns2:docs>
                    </ns2:position>
                    <ns2:position>
                        <ns2:ordinal>2</ns2:ordinal>
                        <ns2:paymentDate>2016-10-28</ns2:paymentDate>
                        <ns2:price>21120</ns2:price>
                        <ns2:currency>
                            <code>RUB</code>
                            <digitalCode>643</digitalCode>
                            <name>Российский рубль</name>
                        </ns2:currency>
                        <ns2:rubPrice>21120</ns2:rubPrice>
                        <ns2:prepaid>false</ns2:prepaid>
                        <ns2:docs>
                            <ns2:doc>
                                <ns2:ordinal>1</ns2:ordinal>
                                <ns2:date>2016-08-31</ns2:date>
                                <ns2:code>20</ns2:code>
                                <ns2:name>акт выполненных работ</ns2:name>
                                <ns2:number>12022</ns2:number>
                                <ns2:contractPosition>
                                    <ns2:guid>3cabb752-7341-014e-e053-ac11070d70ec</ns2:guid>
                                    <ns2:name>Услуги медицинских лабораторий</ns2:name>
                                    <ns2:okpd2>
                                        <code>86.90.15.000</code>
                                        <name>Услуги медицинских лабораторий</name>
                                    </ns2:okpd2>
                                </ns2:contractPosition>
                                <ns2:okei>
                                    <code>642</code>
                                    <name>Единица</name>
                                </ns2:okei>
                                <ns2:qty>1</ns2:qty>
                            </ns2:doc>
                        </ns2:docs>
                    </ns2:position>
                    <ns2:position>
                        <ns2:ordinal>3</ns2:ordinal>
                        <ns2:paymentDate>2016-12-23</ns2:paymentDate>
                        <ns2:price>64000</ns2:price>
                        <ns2:currency>
                            <code>RUB</code>
                            <digitalCode>643</digitalCode>
                            <name>Российский рубль</name>
                        </ns2:currency>
                        <ns2:rubPrice>64000</ns2:rubPrice>
                        <ns2:prepaid>false</ns2:prepaid>
                        <ns2:docs>
                            <ns2:doc>
                                <ns2:ordinal>1</ns2:ordinal>
                                <ns2:date>2016-09-30</ns2:date>
                                <ns2:code>20</ns2:code>
                                <ns2:name>акт выполненных работ</ns2:name>
                                <ns2:number>13800</ns2:number>
                                <ns2:contractPosition>
                                    <ns2:guid>3cabb752-7341-014e-e053-ac11070d70ec</ns2:guid>
                                    <ns2:name>Услуги медицинских лабораторий</ns2:name>
                                    <ns2:okpd2>
                                        <code>86.90.15.000</code>
                                        <name>Услуги медицинских лабораторий</name>
                                    </ns2:okpd2>
                                </ns2:contractPosition>
                                <ns2:okei>
                                    <code>642</code>
                                    <name>Единица</name>
                                </ns2:okei>
                                <ns2:qty>1</ns2:qty>
                            </ns2:doc>
                        </ns2:docs>
                    </ns2:position>
                    <ns2:position>
                        <ns2:ordinal>5</ns2:ordinal>
                        <ns2:paymentDate>2017-03-20</ns2:paymentDate>
                        <ns2:price>3840</ns2:price>
                        <ns2:currency>
                            <code>RUB</code>
                            <digitalCode>643</digitalCode>
                            <name>Российский рубль</name>
                        </ns2:currency>
                        <ns2:rubPrice>3840</ns2:rubPrice>
                        <ns2:prepaid>false</ns2:prepaid>
                        <ns2:docs>
                            <ns2:doc>
                                <ns2:ordinal>1</ns2:ordinal>
                                <ns2:date>2016-11-30</ns2:date>
                                <ns2:code>20</ns2:code>
                                <ns2:name>акт выполненных работ</ns2:name>
                                <ns2:number>17511</ns2:number>
                                <ns2:contractPosition>
                                    <ns2:guid>3cabb752-7341-014e-e053-ac11070d70ec</ns2:guid>
                                    <ns2:name>Услуги медицинских лабораторий</ns2:name>
                                    <ns2:okpd2>
                                        <code>86.90.15.000</code>
                                        <name>Услуги медицинских лабораторий</name>
                                    </ns2:okpd2>
                                </ns2:contractPosition>
                                <ns2:okei>
                                    <code>642</code>
                                    <name>Единица</name>
                                </ns2:okei>
                                <ns2:qty>1</ns2:qty>
                            </ns2:doc>
                            <ns2:doc>
                                <ns2:ordinal>2</ns2:ordinal>
                                <ns2:date>2016-12-26</ns2:date>
                                <ns2:code>20</ns2:code>
                                <ns2:name>акт выполненных работ</ns2:name>
                                <ns2:number>19407</ns2:number>
                                <ns2:contractPosition>
                                    <ns2:guid>3cabb752-7341-014e-e053-ac11070d70ec</ns2:guid>
                                    <ns2:name>Услуги медицинских лабораторий</ns2:name>
                                    <ns2:okpd2>
                                        <code>86.90.15.000</code>
                                        <name>Услуги медицинских лабораторий</name>
                                    </ns2:okpd2>
                                </ns2:contractPosition>
                                <ns2:okei>
                                    <code>642</code>
                                    <name>Единица</name>
                                </ns2:okei>
                                <ns2:qty>1</ns2:qty>
                            </ns2:doc>
                        </ns2:docs>
                    </ns2:position>
                    <ns2:total>307920</ns2:total>
                </ns2:positions>
            </ns2:performanceContractData>
        </ns2:item>
    </ns2:body>
</ns2:performanceContract>
