<?xml version="1.0" encoding="UTF-8" standalone="yes"?>
<ns2:performanceContract xsi:schemaLocation="http://zakupki.gov.ru/223/integration/schema/TFF-5.2 http://zakupki.gov.ru/223/integration/schema/TFF-5.2/Types.xsd" xmlns="http://zakupki.gov.ru/223fz/types/1" xmlns:ns10="http://zakupki.gov.ru/223fz/complaint/1" xmlns:ns11="http://zakupki.gov.ru/223fz/notificationIssue/1" xmlns:ns12="http://zakupki.gov.ru/223fz/purchasePlanProject/1" xmlns:ns13="http://zakupki.gov.ru/223fz/purchase/1" xmlns:ns14="http://zakupki.gov.ru/223fz/purchasePlanProjectAdditionalPosition/1" xmlns:ns15="http://zakupki.gov.ru/223fz/missedNotice/1" xmlns:ns16="http://zakupki.gov.ru/223fz/reference/1" xmlns:ns17="http://zakupki.gov.ru/223fz/stopCommodity/1" xmlns:ns18="http://zakupki.gov.ru/223fz/decisionSuspension/1" xmlns:ns19="http://zakupki.gov.ru/223fz/webRequest/1" xmlns:ns2="http://zakupki.gov.ru/223fz/contract/1" xmlns:xsi="http://www.w3.org/2001/XMLSchema-instance" xmlns:ns3="http://zakupki.gov.ru/223fz/dishonestSupplier/1" xmlns:ns4="http://zakupki.gov.ru/223fz/purchasePlanAdditionalPosition/1" xmlns:ns5="http://zakupki.gov.ru/223fz/purchasePlan/1" xmlns:ns6="http://zakupki.gov.ru/223fz/machineryListInfo/1" xmlns:ns7="http://zakupki.gov.ru/223fz/revenue/1" xmlns:ns8="http://zakupki.gov.ru/223fz/orderClauseList/1" xmlns:ns9="http://zakupki.gov.ru/223fz/disagreementProtocol/1">
    <header>
        <guid>832a2939-2118-402b-9c25-f665f81b47e2</guid>
        <createDateTime>2017-03-29T14:45:45</createDateTime>
    </header>
    <ns2:body>
        <ns2:item>
            <guid>755e0a29-201d-4787-92d0-9f474d81598e</guid>
            <ns2:performanceContractData>
                <ns2:guid>87f7c471-2799-440c-b74f-759d4ca1a883</ns2:guid>
                <ns2:registrationNumber>56671453190170000050003</ns2:registrationNumber>
                <ns2:urlOOS>https://zakupki.gov.ru/223/contract/private/completing/info/view.html?id=2659825</ns2:urlOOS>
                <ns2:termination>false</ns2:termination>
                <ns2:createDateTime>2017-02-27T08:56:09</ns2:createDateTime>
                <ns2:customer>
                    <mainInfo>
                        <fullName>ОТКРЫТОЕ АКЦИОНЕРНОЕ ОБЩЕСТВО "ОПТИКА"</fullName>
                        <shortName>ОАО "ОПТИКА"</shortName>
                        <iko>56671453190667101001</iko>
                        <inn>6671453190</inn>
                        <kpp>667101001</kpp>
                        <ogrn>1146671013719</ogrn>
                        <legalAddress>620075, обл СВЕРДЛОВСКАЯ, г ЕКАТЕРИНБУРГ, ул РОЗЫ ЛЮКСЕМБУРГ, дом 34</legalAddress>
                        <postalAddress>620075, Свердловская область, г.Екатеринбург, ул. Розы Люксембург, д.34</postalAddress>
                        <phone>7-343-3710179</phone>
                        <fax>7-343-2694093</fax>
                        <email>optika921@e1.ru</email>
                        <okato>65401377000</okato>
                        <okpo>01899965</okpo>
                    </mainInfo>
                </ns2:customer>
                <ns2:placer>
                    <mainInfo>
                        <fullName>ОТКРЫТОЕ АКЦИОНЕРНОЕ ОБЩЕСТВО "ОПТИКА"</fullName>
                        <shortName>ОАО "ОПТИКА"</shortName>
                        <iko>56671453190667101001</iko>
                        <inn>6671453190</inn>
                        <kpp>667101001</kpp>
                        <ogrn>1146671013719</ogrn>
                        <legalAddress>620075, обл СВЕРДЛОВСКАЯ, г ЕКАТЕРИНБУРГ, ул РОЗЫ ЛЮКСЕМБУРГ, дом 34</legalAddress>
                        <postalAddress>620075, Свердловская область, г.Екатеринбург, ул. Розы Люксембург, д.34</postalAddress>
                        <phone>7-343-3710179</phone>
                        <fax>7-343-2694093</fax>
                        <email>optika921@e1.ru</email>
                        <okato>65401377000</okato>
                        <okpo>01899965</okpo>
                    </mainInfo>
                </ns2:placer>
                <ns2:publicationDate>2017-03-29T14:45:45</ns2:publicationDate>
                <ns2:status>P</ns2:status>
                <ns2:version>1</ns2:version>
                <ns2:completed>true</ns2:completed>
                <ns2:attachments>
                    <totalDocumentsCount>1</totalDocumentsCount>
                    <document>
                        <guid>8d1f11db-7378-4e41-9cda-5f2844be9202</guid>
                        <createDateTime>2017-03-29T14:44:59</createDateTime>
                        <fileName>Товарная накладная,  платёжное поручение.pdf</fileName>
                        <description>Товарная накладная,  платёжное поручение</description>
                        <url>https://zakupki.gov.ru/223/contract/private/download/download.html?id=11700491</url>
                        <registrationNumber>56671453190170000050004</registrationNumber>
                    </document>
                </ns2:attachments>
                <ns2:hasPenalty>false</ns2:hasPenalty>
                <ns2:contractRegNumber>56671453190170000050000</ns2:contractRegNumber>
                <ns2:contractInfo>
                    <ns2:guid>248128fa-4e47-4292-8601-746794813e88</ns2:guid>
                    <ns2:name>3/4/2017</ns2:name>
                    <ns2:agencyName>ОАО "ОПТИКА"</ns2:agencyName>
                    <ns2:supplierName>ОБЩЕСТВО С ОГРАНИЧЕННОЙ ОТВЕТСТВЕННОСТЬЮ "ДИКСИОН-ИСЕТЬ"</ns2:supplierName>
                    <ns2:lotInfo>Медицинская техника</ns2:lotInfo>
                    <ns2:contractDate>2017-02-27</ns2:contractDate>
                </ns2:contractInfo>
                <ns2:positions>
                    <ns2:position>
                        <ns2:ordinal>1</ns2:ordinal>
                        <ns2:paymentDate>2017-03-29</ns2:paymentDate>
                        <ns2:price>645900</ns2:price>
                        <ns2:currency>
                            <code>RUB</code>
                            <digitalCode>643</digitalCode>
                            <name>Российский рубль</name>
                        </ns2:currency>
                        <ns2:rubPrice>645900</ns2:rubPrice>
                        <ns2:prepaid>false</ns2:prepaid>
                        <ns2:docs>
                            <ns2:doc>
                                <ns2:ordinal>1</ns2:ordinal>
                                <ns2:date>2017-03-06</ns2:date>
                                <ns2:code>01</ns2:code>
                                <ns2:name>товарная накладная</ns2:name>
                                <ns2:number>Д-012</ns2:number>
                                <ns2:contractPosition>
                                    <ns2:guid>6e983ef7-1e5e-4346-95f9-6dd92aa05aa5</ns2:guid>
                                    <ns2:name>Аппараты для функциональных диагностических исследований или для контроля физиологических параметров, применяемые в медицинских целях, не включенные в другие группировки</ns2:name>
                                    <ns2:okpd2>
                                        <code>26.60.12.120</code>
                                        <name>Аппараты для функциональных диагностических исследований или для контроля физиологических параметров, применяемые в медицинских целях, не включенные в другие группировки</name>
                                    </ns2:okpd2>
                                </ns2:contractPosition>
                                <ns2:okei>
                                    <code>796</code>
                                    <name>Штука</name>
                                </ns2:okei>
                                <ns2:qty>2</ns2:qty>
                            </ns2:doc>
                        </ns2:docs>
                    </ns2:position>
                    <ns2:total>645900</ns2:total>
                </ns2:positions>
            </ns2:performanceContractData>
        </ns2:item>
    </ns2:body>
</ns2:performanceContract>
