<?xml version="1.0" encoding="UTF-8" standalone="yes"?>
<ns2:performanceContract xsi:schemaLocation="http://zakupki.gov.ru/223/integration/schema/TFF-5.2 http://zakupki.gov.ru/223/integration/schema/TFF-5.2/Types.xsd" xmlns="http://zakupki.gov.ru/223fz/types/1" xmlns:ns10="http://zakupki.gov.ru/223fz/complaint/1" xmlns:ns11="http://zakupki.gov.ru/223fz/notificationIssue/1" xmlns:ns12="http://zakupki.gov.ru/223fz/purchasePlanProject/1" xmlns:ns13="http://zakupki.gov.ru/223fz/purchase/1" xmlns:ns14="http://zakupki.gov.ru/223fz/purchasePlanProjectAdditionalPosition/1" xmlns:ns15="http://zakupki.gov.ru/223fz/missedNotice/1" xmlns:ns16="http://zakupki.gov.ru/223fz/reference/1" xmlns:ns17="http://zakupki.gov.ru/223fz/stopCommodity/1" xmlns:ns18="http://zakupki.gov.ru/223fz/decisionSuspension/1" xmlns:ns19="http://zakupki.gov.ru/223fz/webRequest/1" xmlns:ns2="http://zakupki.gov.ru/223fz/contract/1" xmlns:xsi="http://www.w3.org/2001/XMLSchema-instance" xmlns:ns3="http://zakupki.gov.ru/223fz/dishonestSupplier/1" xmlns:ns4="http://zakupki.gov.ru/223fz/purchasePlanAdditionalPosition/1" xmlns:ns5="http://zakupki.gov.ru/223fz/purchasePlan/1" xmlns:ns6="http://zakupki.gov.ru/223fz/machineryListInfo/1" xmlns:ns7="http://zakupki.gov.ru/223fz/revenue/1" xmlns:ns8="http://zakupki.gov.ru/223fz/orderClauseList/1" xmlns:ns9="http://zakupki.gov.ru/223fz/disagreementProtocol/1">
    <header>
        <guid>2a8243aa-908c-46cc-b2e7-ac0b12ca260f</guid>
        <createDateTime>2017-03-29T13:06:55</createDateTime>
    </header>
    <ns2:body>
        <ns2:item>
            <guid>569c4278-ffc5-4567-a9b5-e2e53cff9406</guid>
            <ns2:performanceContractData>
                <ns2:guid>5df29c1e-49a1-4515-bfdf-71a33406eed0</ns2:guid>
                <ns2:registrationNumber>56662056567170000030006</ns2:registrationNumber>
                <ns2:urlOOS>https://zakupki.gov.ru/223/contract/private/completing/info/view.html?id=2658528</ns2:urlOOS>
                <ns2:createDateTime>2017-02-02T07:27:28</ns2:createDateTime>
                <ns2:customer>
                    <mainInfo>
                        <fullName>Государственное автономное образовательное учреждение дополнительного профессионального образования Свердловской области "Институт развития  образования"</fullName>
                        <shortName>ГАОУ ДПО СО "ИРО"</shortName>
                        <iko>56662056567667001001</iko>
                        <inn>6662056567</inn>
                        <kpp>667001001</kpp>
                        <ogrn>1026604963736</ogrn>
                        <legalAddress>620066, Свердловская, Екатеринбург, Академическая, дом 16</legalAddress>
                        <postalAddress>620137, г. Екатеринбург, ул. Академическая, дом 16</postalAddress>
                        <phone>7-343-3692986-115</phone>
                        <email>irro_buh@mail.ru</email>
                        <okato>65401000000</okato>
                        <okpo>05172361</okpo>
                    </mainInfo>
                </ns2:customer>
                <ns2:placer>
                    <mainInfo>
                        <fullName>Государственное автономное образовательное учреждение дополнительного профессионального образования Свердловской области "Институт развития  образования"</fullName>
                        <shortName>ГАОУ ДПО СО "ИРО"</shortName>
                        <iko>56662056567667001001</iko>
                        <inn>6662056567</inn>
                        <kpp>667001001</kpp>
                        <ogrn>1026604963736</ogrn>
                        <legalAddress>620066, Свердловская, Екатеринбург, Академическая, дом 16</legalAddress>
                        <postalAddress>620137, г. Екатеринбург, ул. Академическая, дом 16</postalAddress>
                        <phone>7-343-3692986-115</phone>
                        <email>irro_buh@mail.ru</email>
                        <okato>65401000000</okato>
                        <okpo>05172361</okpo>
                    </mainInfo>
                </ns2:placer>
                <ns2:publicationDate>2017-03-29T13:06:54</ns2:publicationDate>
                <ns2:status>P</ns2:status>
                <ns2:version>1</ns2:version>
                <ns2:completed>false</ns2:completed>
                <ns2:attachments>
                    <totalDocumentsCount>1</totalDocumentsCount>
                    <document>
                        <guid>f4eb140f-fca9-4037-bb4c-9bde16de34d5</guid>
                        <createDateTime>2017-03-29T13:06:19</createDateTime>
                        <fileName>Закрывающие документы.pdf</fileName>
                        <description>Закрывающие документы</description>
                        <url>https://zakupki.gov.ru/223/contract/private/download/download.html?id=11694661</url>
                        <registrationNumber>56662056567170000030007</registrationNumber>
                    </document>
                </ns2:attachments>
                <ns2:hasPenalty>false</ns2:hasPenalty>
                <ns2:contractRegNumber>56662056567170000030000</ns2:contractRegNumber>
                <ns2:contractInfo>
                    <ns2:guid>e979f730-19af-41fc-b6b1-7d14f989750c</ns2:guid>
                    <ns2:name>1</ns2:name>
                    <ns2:agencyName>ГАОУ ДПО СО "ИРО"</ns2:agencyName>
                    <ns2:supplierName>ФЕДЕРАЛЬНОЕ ГОСУДАРСТВЕННОЕ БЮДЖЕТНОЕ УЧРЕЖДЕНИЕ "ФЕДЕРАЛЬНЫЙ ЦЕНТР ТЕСТИРОВАНИЯ"</ns2:supplierName>
                    <ns2:lotInfo>на приобретение неисключительных (пользовательских) прав на программное обеспечение для проведения государственной итоговой аттестации по образовательным программам основного общего образования с использованием автоматизированной информационной системы государственной итоговой аттестации «АИС Г(И)А»</ns2:lotInfo>
                    <ns2:contractDate>2017-01-18</ns2:contractDate>
                </ns2:contractInfo>
                <ns2:positions>
                    <ns2:position>
                        <ns2:ordinal>1</ns2:ordinal>
                        <ns2:paymentDate>2017-03-17</ns2:paymentDate>
                        <ns2:price>4592040</ns2:price>
                        <ns2:currency>
                            <code>RUB</code>
                            <digitalCode>643</digitalCode>
                            <name>Российский рубль</name>
                        </ns2:currency>
                        <ns2:rubPrice>4592040</ns2:rubPrice>
                        <ns2:prepaid>false</ns2:prepaid>
                        <ns2:docs>
                            <ns2:doc>
                                <ns2:ordinal>1</ns2:ordinal>
                                <ns2:date>2017-01-31</ns2:date>
                                <ns2:code>37</ns2:code>
                                <ns2:name>прочие документы о приемке</ns2:name>
                                <ns2:contractPosition>
                                    <ns2:guid>1654906c-9994-497a-8e23-d47717fc0064</ns2:guid>
                                    <ns2:name>Продукты программные и услуги по разработке программного обеспечения; консультационные и аналогичные услуги в области информационных технологий</ns2:name>
                                    <ns2:okpd2>
                                        <code>62</code>
                                        <name>Продукты программные и услуги по разработке программного обеспечения; консультационные и аналогичные услуги в области информационных технологий</name>
                                    </ns2:okpd2>
                                </ns2:contractPosition>
                                <ns2:okei>
                                    <code>796</code>
                                    <name>Штука</name>
                                </ns2:okei>
                                <ns2:qty>153068</ns2:qty>
                            </ns2:doc>
                            <ns2:doc>
                                <ns2:ordinal>2</ns2:ordinal>
                                <ns2:date>2017-03-14</ns2:date>
                                <ns2:code>37</ns2:code>
                                <ns2:name>прочие документы о приемке</ns2:name>
                                <ns2:number>805</ns2:number>
                                <ns2:contractPosition>
                                    <ns2:guid>1654906c-9994-497a-8e23-d47717fc0064</ns2:guid>
                                    <ns2:name>Продукты программные и услуги по разработке программного обеспечения; консультационные и аналогичные услуги в области информационных технологий</ns2:name>
                                    <ns2:okpd2>
                                        <code>62</code>
                                        <name>Продукты программные и услуги по разработке программного обеспечения; консультационные и аналогичные услуги в области информационных технологий</name>
                                    </ns2:okpd2>
                                </ns2:contractPosition>
                                <ns2:okei>
                                    <code>796</code>
                                    <name>Штука</name>
                                </ns2:okei>
                                <ns2:qty>153068</ns2:qty>
                            </ns2:doc>
                        </ns2:docs>
                    </ns2:position>
                    <ns2:total>4592040</ns2:total>
                </ns2:positions>
            </ns2:performanceContractData>
        </ns2:item>
    </ns2:body>
</ns2:performanceContract>
