<?xml version="1.0" encoding="UTF-8" standalone="yes"?>
<ns2:performanceContract xsi:schemaLocation="http://zakupki.gov.ru/223/integration/schema/TFF-5.2 http://zakupki.gov.ru/223/integration/schema/TFF-5.2/Types.xsd" xmlns="http://zakupki.gov.ru/223fz/types/1" xmlns:ns10="http://zakupki.gov.ru/223fz/complaint/1" xmlns:ns11="http://zakupki.gov.ru/223fz/notificationIssue/1" xmlns:ns12="http://zakupki.gov.ru/223fz/purchasePlanProject/1" xmlns:ns13="http://zakupki.gov.ru/223fz/purchase/1" xmlns:ns14="http://zakupki.gov.ru/223fz/purchasePlanProjectAdditionalPosition/1" xmlns:ns15="http://zakupki.gov.ru/223fz/missedNotice/1" xmlns:ns16="http://zakupki.gov.ru/223fz/reference/1" xmlns:ns17="http://zakupki.gov.ru/223fz/stopCommodity/1" xmlns:ns18="http://zakupki.gov.ru/223fz/decisionSuspension/1" xmlns:ns19="http://zakupki.gov.ru/223fz/webRequest/1" xmlns:ns2="http://zakupki.gov.ru/223fz/contract/1" xmlns:xsi="http://www.w3.org/2001/XMLSchema-instance" xmlns:ns3="http://zakupki.gov.ru/223fz/dishonestSupplier/1" xmlns:ns4="http://zakupki.gov.ru/223fz/purchasePlanAdditionalPosition/1" xmlns:ns5="http://zakupki.gov.ru/223fz/purchasePlan/1" xmlns:ns6="http://zakupki.gov.ru/223fz/machineryListInfo/1" xmlns:ns7="http://zakupki.gov.ru/223fz/revenue/1" xmlns:ns8="http://zakupki.gov.ru/223fz/orderClauseList/1" xmlns:ns9="http://zakupki.gov.ru/223fz/disagreementProtocol/1">
    <header>
        <guid>be0171d8-b066-4a8c-af2e-de95e445b14d</guid>
        <createDateTime>2017-03-29T11:45:23</createDateTime>
    </header>
    <ns2:body>
        <ns2:item>
            <guid>48385e48-45d4-47d6-8d2a-a4d4a4c0c504</guid>
            <ns2:performanceContractData>
                <ns2:guid>a4f05f4f-4188-42c2-9c96-357606e44d00</ns2:guid>
                <ns2:registrationNumber>56671163413150022930003</ns2:registrationNumber>
                <ns2:urlOOS>https://zakupki.gov.ru/223/contract/private/completing/info/view.html?id=2657580</ns2:urlOOS>
                <ns2:createDateTime>2015-11-27T13:13:07</ns2:createDateTime>
                <ns2:customer>
                    <mainInfo>
                        <fullName>Открытое акционерное общество "Межрегиональная распределительная сетевая компания Урала"</fullName>
                        <shortName>ОАО "МРСК Урала"</shortName>
                        <iko>56671163413667201001</iko>
                        <inn>6671163413</inn>
                        <kpp>667201001</kpp>
                        <ogrn>1056604000970</ogrn>
                        <legalAddress>620026, Свердловская, Екатеринбург, Мамина-Сибиряка, дом 140</legalAddress>
                        <postalAddress>620026, Свердловская область, Екатеринбург, Мамина-Сибиряка, дом 140 </postalAddress>
                        <phone>7-343-2152600</phone>
                        <fax>7-343-2152661</fax>
                        <email>mrsk@mrsk-ural.ru</email>
                        <okato>65401000000</okato>
                        <okpo>76507836</okpo>
                    </mainInfo>
                </ns2:customer>
                <ns2:placer>
                    <mainInfo>
                        <fullName>Открытое акционерное общество "Межрегиональная распределительная сетевая компания Урала"</fullName>
                        <shortName>ОАО "МРСК Урала"</shortName>
                        <iko>56671163413667201001</iko>
                        <inn>6671163413</inn>
                        <kpp>667201001</kpp>
                        <ogrn>1056604000970</ogrn>
                        <legalAddress>620026, Свердловская, Екатеринбург, Мамина-Сибиряка, дом 140</legalAddress>
                        <postalAddress>620026, Свердловская область, Екатеринбург, Мамина-Сибиряка, дом 140 </postalAddress>
                        <phone>7-343-2152600</phone>
                        <fax>7-343-2152661</fax>
                        <email>mrsk@mrsk-ural.ru</email>
                        <okato>65401000000</okato>
                        <okpo>76507836</okpo>
                    </mainInfo>
                </ns2:placer>
                <ns2:publicationDate>2017-03-29T11:45:23</ns2:publicationDate>
                <ns2:status>P</ns2:status>
                <ns2:version>1</ns2:version>
                <ns2:completed>false</ns2:completed>
                <ns2:attachments>
                    <totalDocumentsCount>4</totalDocumentsCount>
                    <document>
                        <guid>6735d767-17c8-43ca-b808-6940ffa0f9ba</guid>
                        <createDateTime>2017-03-29T11:44:32</createDateTime>
                        <fileName>03-16 ЧГЭС 6000011960 Златкомэнерго  3 акта на 39 993,71.pdf</fileName>
                        <description>03-16 ЧГЭС 6000011960 Златкомэнерго  3 акта на 39 993,71</description>
                        <url>https://zakupki.gov.ru/223/contract/private/download/download.html?id=11689940</url>
                        <registrationNumber>56671163413150022930004</registrationNumber>
                    </document>
                    <document>
                        <guid>6dac00ff-aafd-442e-b6cb-20f3b1ab25b3</guid>
                        <createDateTime>2017-03-29T11:43:39</createDateTime>
                        <fileName>01-16 ЧГЭС 6000011960 Златкомэнерго  2 акта на 808 935,74.pdf</fileName>
                        <description>01-16 ЧГЭС 6000011960 Златкомэнерго  2 акта на 808 935,74</description>
                        <url>https://zakupki.gov.ru/223/contract/private/download/download.html?id=11689893</url>
                        <registrationNumber>56671163413150022930005</registrationNumber>
                    </document>
                    <document>
                        <guid>60a8a791-244d-41ed-aed4-f4bf0f7baac0</guid>
                        <createDateTime>2017-03-29T11:44:07</createDateTime>
                        <fileName>02-16 ЧГЭС 6000011960 Златкомэнерго  сф 3 043,20.pdf</fileName>
                        <description>02-16 ЧГЭС 6000011960 Златкомэнерго  сф 3 043,20</description>
                        <url>https://zakupki.gov.ru/223/contract/private/download/download.html?id=11689917</url>
                        <registrationNumber>56671163413150022930006</registrationNumber>
                    </document>
                    <document>
                        <guid>861d506b-0d80-4ca5-9e25-f5ced110cc7a</guid>
                        <createDateTime>2017-03-29T11:45:03</createDateTime>
                        <fileName>05-16 ЧГЭС 6000011960 Златкомэнерго  сф 43 838,14.pdf</fileName>
                        <description>05-16 ЧГЭС 6000011960 Златкомэнерго  сф 43 838,14</description>
                        <url>https://zakupki.gov.ru/223/contract/private/download/download.html?id=11689967</url>
                        <registrationNumber>56671163413150022930007</registrationNumber>
                    </document>
                </ns2:attachments>
                <ns2:hasPenalty>false</ns2:hasPenalty>
                <ns2:contractRegNumber>56671163413150022930000</ns2:contractRegNumber>
                <ns2:contractInfo>
                    <ns2:guid>08009f6e-9f43-4709-bca1-a2145562b88e</ns2:guid>
                    <ns2:agencyName>ОАО "МРСК Урала"</ns2:agencyName>
                    <ns2:supplierName>Общество с ограниченной ответственностью "Златкомэнерго"</ns2:supplierName>
                    <ns2:lotInfo>Право заключения договора подряда на выполнение демонтажных, строительно-монтажных и пусконаладочных работ по объекту: «КЛ-0,4кВ от РП-125 до объекта, расположенного по адресу: г. Челябинск, Краснопольская площадка-1, мкрн. 56, реконструкция пункта учета электроэнергии Курчатовского РЭС (инв. №230741)» в производственном отделении «Челябинские городские электрические сети» филиала ОАО «МРСК Урала» - «Челябэнерго».</ns2:lotInfo>
                    <ns2:contractDate>2015-11-24</ns2:contractDate>
                </ns2:contractInfo>
                <ns2:positions>
                    <ns2:position>
                        <ns2:ordinal>1</ns2:ordinal>
                        <ns2:paymentDate>2016-06-25</ns2:paymentDate>
                        <ns2:price>895810.79</ns2:price>
                        <ns2:currency>
                            <code>RUB</code>
                            <digitalCode>643</digitalCode>
                            <name>Российский рубль</name>
                        </ns2:currency>
                        <ns2:rubPrice>895810.79</ns2:rubPrice>
                        <ns2:prepaid>false</ns2:prepaid>
                        <ns2:docs>
                            <ns2:doc>
                                <ns2:ordinal>1</ns2:ordinal>
                                <ns2:date>2016-05-25</ns2:date>
                                <ns2:code>12</ns2:code>
                                <ns2:name>акт о приемке выполненных работ</ns2:name>
                                <ns2:number>1-7</ns2:number>
                                <ns2:contractPosition>
                                    <ns2:guid>3cabb737-9ae7-014e-e053-ac11070d70ec</ns2:guid>
                                    <ns2:okdp>
                                        <code>4521012</code>
                                        <name>Здания и сооружения электрических и тепловых сетей[4521111] - [4521127]</name>
                                    </ns2:okdp>
                                </ns2:contractPosition>
                                <ns2:okei>
                                    <code>642</code>
                                    <name>Единица</name>
                                </ns2:okei>
                                <ns2:qty>1</ns2:qty>
                            </ns2:doc>
                        </ns2:docs>
                    </ns2:position>
                    <ns2:total>895810.79</ns2:total>
                </ns2:positions>
            </ns2:performanceContractData>
        </ns2:item>
    </ns2:body>
</ns2:performanceContract>
