<?xml version="1.0" encoding="UTF-8" standalone="yes"?>
<ns2:performanceContract xsi:schemaLocation="http://zakupki.gov.ru/223/integration/schema/TFF-5.2 http://zakupki.gov.ru/223/integration/schema/TFF-5.2/Types.xsd" xmlns="http://zakupki.gov.ru/223fz/types/1" xmlns:ns10="http://zakupki.gov.ru/223fz/complaint/1" xmlns:ns11="http://zakupki.gov.ru/223fz/notificationIssue/1" xmlns:ns12="http://zakupki.gov.ru/223fz/purchasePlanProject/1" xmlns:ns13="http://zakupki.gov.ru/223fz/purchase/1" xmlns:ns14="http://zakupki.gov.ru/223fz/purchasePlanProjectAdditionalPosition/1" xmlns:ns15="http://zakupki.gov.ru/223fz/missedNotice/1" xmlns:ns16="http://zakupki.gov.ru/223fz/reference/1" xmlns:ns17="http://zakupki.gov.ru/223fz/stopCommodity/1" xmlns:ns18="http://zakupki.gov.ru/223fz/decisionSuspension/1" xmlns:ns19="http://zakupki.gov.ru/223fz/webRequest/1" xmlns:ns2="http://zakupki.gov.ru/223fz/contract/1" xmlns:xsi="http://www.w3.org/2001/XMLSchema-instance" xmlns:ns3="http://zakupki.gov.ru/223fz/dishonestSupplier/1" xmlns:ns4="http://zakupki.gov.ru/223fz/purchasePlanAdditionalPosition/1" xmlns:ns5="http://zakupki.gov.ru/223fz/purchasePlan/1" xmlns:ns6="http://zakupki.gov.ru/223fz/machineryListInfo/1" xmlns:ns7="http://zakupki.gov.ru/223fz/revenue/1" xmlns:ns8="http://zakupki.gov.ru/223fz/orderClauseList/1" xmlns:ns9="http://zakupki.gov.ru/223fz/disagreementProtocol/1">
    <header>
        <guid>78c2cb6f-ec52-4e06-b4d2-2469247742dd</guid>
        <createDateTime>2017-03-29T12:37:01</createDateTime>
    </header>
    <ns2:body>
        <ns2:item>
            <guid>9fb9d63c-6a54-4e2b-9aa5-874b111085a9</guid>
            <ns2:performanceContractData>
                <ns2:guid>7907bab1-29c3-41f3-80d4-1b734660c852</ns2:guid>
                <ns2:registrationNumber>86671446235170000520003</ns2:registrationNumber>
                <ns2:urlOOS>https://zakupki.gov.ru/223/contract/private/completing/info/view.html?id=2658117</ns2:urlOOS>
                <ns2:createDateTime>2017-03-14T14:22:55</ns2:createDateTime>
                <ns2:customer>
                    <mainInfo>
                        <fullName>ГОСУДАРСТВЕННОЕ АВТОНОМНОЕ УЧРЕЖДЕНИЕ ЗДРАВООХРАНЕНИЯ СВЕРДЛОВСКОЙ ОБЛАСТИ "СВЕРДЛОВСКАЯ ОБЛАСТНАЯ СТОМАТОЛОГИЧЕСКАЯ ПОЛИКЛИНИКА"</fullName>
                        <shortName>ГАУЗ СО "СОСП"</shortName>
                        <iko>86671446235667101001</iko>
                        <inn>6671446235</inn>
                        <kpp>667101001</kpp>
                        <ogrn>1146671003621</ogrn>
                        <legalAddress>620142, ОБЛ СВЕРДЛОВСКАЯ, Г ЕКАТЕРИНБУРГ, УЛ ЩОРСА, дом ДОМ 34</legalAddress>
                        <postalAddress>620142, г. Екатеринбург, ул. Щорса, 34</postalAddress>
                        <phone>7-343-2662331</phone>
                        <email>zakupki@sosp.ru</email>
                        <okato>65401377000</okato>
                        <okpo>01944507</okpo>
                    </mainInfo>
                </ns2:customer>
                <ns2:placer>
                    <mainInfo>
                        <fullName>ГОСУДАРСТВЕННОЕ АВТОНОМНОЕ УЧРЕЖДЕНИЕ ЗДРАВООХРАНЕНИЯ СВЕРДЛОВСКОЙ ОБЛАСТИ "СВЕРДЛОВСКАЯ ОБЛАСТНАЯ СТОМАТОЛОГИЧЕСКАЯ ПОЛИКЛИНИКА"</fullName>
                        <shortName>ГАУЗ СО "СОСП"</shortName>
                        <iko>86671446235667101001</iko>
                        <inn>6671446235</inn>
                        <kpp>667101001</kpp>
                        <ogrn>1146671003621</ogrn>
                        <legalAddress>620142, ОБЛ СВЕРДЛОВСКАЯ, Г ЕКАТЕРИНБУРГ, УЛ ЩОРСА, дом ДОМ 34</legalAddress>
                        <postalAddress>620142, г. Екатеринбург, ул. Щорса, 34</postalAddress>
                        <phone>7-343-2662331</phone>
                        <email>zakupki@sosp.ru</email>
                        <okato>65401377000</okato>
                        <okpo>01944507</okpo>
                    </mainInfo>
                </ns2:placer>
                <ns2:publicationDate>2017-03-29T12:37:01</ns2:publicationDate>
                <ns2:status>P</ns2:status>
                <ns2:version>1</ns2:version>
                <ns2:completed>true</ns2:completed>
                <ns2:attachments>
                    <totalDocumentsCount>3</totalDocumentsCount>
                    <document>
                        <guid>96d0fd24-fe94-4119-b70f-45b558ab4ec6</guid>
                        <createDateTime>2017-03-29T12:34:55</createDateTime>
                        <fileName>к дог.2017-87 тов.накл.№1092 от 24.03.2017.pdf</fileName>
                        <description>к дог.2017-87 тов.накл.№1092 от 24.03.2017</description>
                        <url>https://zakupki.gov.ru/223/contract/private/download/download.html?id=11693136</url>
                        <registrationNumber>86671446235170000520004</registrationNumber>
                    </document>
                    <document>
                        <guid>9a0489df-a787-4659-9a94-436a127863d0</guid>
                        <createDateTime>2017-03-29T12:35:02</createDateTime>
                        <fileName>к договору 2017-87 платежные поручения.xlsx</fileName>
                        <description>к договору 2017-87 платежные поручения</description>
                        <url>https://zakupki.gov.ru/223/contract/private/download/download.html?id=11693139</url>
                        <registrationNumber>86671446235170000520005</registrationNumber>
                    </document>
                    <document>
                        <guid>267dd381-b416-4ebf-98e1-7f77be151ebf</guid>
                        <createDateTime>2017-03-29T12:34:48</createDateTime>
                        <fileName>к дог.2017-87 тов.накл.№897 от 15.03.2017.pdf</fileName>
                        <description>к дог.2017-87 тов.накл.№897 от 15.03.2017</description>
                        <url>https://zakupki.gov.ru/223/contract/private/download/download.html?id=11693130</url>
                        <registrationNumber>86671446235170000520006</registrationNumber>
                    </document>
                </ns2:attachments>
                <ns2:hasPenalty>false</ns2:hasPenalty>
                <ns2:contractRegNumber>86671446235170000520000</ns2:contractRegNumber>
                <ns2:contractInfo>
                    <ns2:guid>bd25f6d9-d0dd-40de-b468-0878299ca901</ns2:guid>
                    <ns2:name>2017-87</ns2:name>
                    <ns2:agencyName>ГАУЗ СО "СОСП"</ns2:agencyName>
                    <ns2:supplierName>ОБЩЕСТВО С ОГРАНИЧЕННОЙ ОТВЕТСТВЕННОСТЬЮ ТОРГОВАЯ КОМПАНИЯ "КРИСТАЛЛ-УРАЛ"</ns2:supplierName>
                    <ns2:lotInfo>Поставка стоматологического инструментария для детского отделения</ns2:lotInfo>
                    <ns2:contractDate>2017-03-14</ns2:contractDate>
                </ns2:contractInfo>
                <ns2:positions>
                    <ns2:position>
                        <ns2:ordinal>2</ns2:ordinal>
                        <ns2:paymentDate>2017-03-28</ns2:paymentDate>
                        <ns2:price>14760</ns2:price>
                        <ns2:currency>
                            <code>RUB</code>
                            <digitalCode>643</digitalCode>
                            <name>Российский рубль</name>
                        </ns2:currency>
                        <ns2:rubPrice>14760</ns2:rubPrice>
                        <ns2:prepaid>false</ns2:prepaid>
                        <ns2:docs>
                            <ns2:doc>
                                <ns2:ordinal>1</ns2:ordinal>
                                <ns2:date>2017-03-24</ns2:date>
                                <ns2:code>01</ns2:code>
                                <ns2:name>товарная накладная</ns2:name>
                                <ns2:number>1092</ns2:number>
                                <ns2:contractPosition>
                                    <ns2:guid>91c273cf-9daa-4696-9861-6944a374c5a0</ns2:guid>
                                    <ns2:name>Инструменты и приспособления стоматологические</ns2:name>
                                    <ns2:okpd2>
                                        <code>32.50.11.000</code>
                                        <name>Инструменты и приспособления стоматологические</name>
                                    </ns2:okpd2>
                                </ns2:contractPosition>
                                <ns2:okei>
                                    <code>796</code>
                                    <name>Штука</name>
                                </ns2:okei>
                                <ns2:qty>1</ns2:qty>
                            </ns2:doc>
                            <ns2:doc>
                                <ns2:ordinal>2</ns2:ordinal>
                                <ns2:date>2017-03-24</ns2:date>
                                <ns2:code>01</ns2:code>
                                <ns2:name>товарная накладная</ns2:name>
                                <ns2:number>1092</ns2:number>
                                <ns2:contractPosition>
                                    <ns2:guid>9b82f944-12d9-44ce-80d4-d7ee3339c8ea</ns2:guid>
                                    <ns2:name>Инструменты и приспособления стоматологические</ns2:name>
                                    <ns2:okpd2>
                                        <code>32.50.11</code>
                                        <name>Инструменты и приспособления стоматологические</name>
                                    </ns2:okpd2>
                                </ns2:contractPosition>
                                <ns2:okei>
                                    <code>796</code>
                                    <name>Штука</name>
                                </ns2:okei>
                                <ns2:qty>2</ns2:qty>
                            </ns2:doc>
                            <ns2:doc>
                                <ns2:ordinal>3</ns2:ordinal>
                                <ns2:date>2017-03-24</ns2:date>
                                <ns2:code>01</ns2:code>
                                <ns2:name>товарная накладная</ns2:name>
                                <ns2:number>1092</ns2:number>
                                <ns2:contractPosition>
                                    <ns2:guid>6c499957-3ff1-4d6c-afdc-7685323e073f</ns2:guid>
                                    <ns2:name>Инструменты и приспособления стоматологические</ns2:name>
                                    <ns2:okpd2>
                                        <code>32.50.11</code>
                                        <name>Инструменты и приспособления стоматологические</name>
                                    </ns2:okpd2>
                                </ns2:contractPosition>
                                <ns2:okei>
                                    <code>796</code>
                                    <name>Штука</name>
                                </ns2:okei>
                                <ns2:qty>50</ns2:qty>
                            </ns2:doc>
                            <ns2:doc>
                                <ns2:ordinal>4</ns2:ordinal>
                                <ns2:date>2017-03-24</ns2:date>
                                <ns2:code>01</ns2:code>
                                <ns2:name>товарная накладная</ns2:name>
                                <ns2:number>1092</ns2:number>
                                <ns2:contractPosition>
                                    <ns2:guid>abf78396-9e35-48df-b9ee-10b2eab0a381</ns2:guid>
                                    <ns2:name>Шприцы, иглы, катетеры, канюли и аналогичные инструменты</ns2:name>
                                    <ns2:okpd2>
                                        <code>32.50.13.110</code>
                                        <name>Шприцы, иглы, катетеры, канюли и аналогичные инструменты</name>
                                    </ns2:okpd2>
                                </ns2:contractPosition>
                                <ns2:okei>
                                    <code>778</code>
                                    <name>Упаковка</name>
                                </ns2:okei>
                                <ns2:qty>30</ns2:qty>
                            </ns2:doc>
                        </ns2:docs>
                    </ns2:position>
                    <ns2:position>
                        <ns2:ordinal>1</ns2:ordinal>
                        <ns2:paymentDate>2017-03-17</ns2:paymentDate>
                        <ns2:price>92530</ns2:price>
                        <ns2:currency>
                            <code>RUB</code>
                            <digitalCode>643</digitalCode>
                            <name>Российский рубль</name>
                        </ns2:currency>
                        <ns2:rubPrice>92530</ns2:rubPrice>
                        <ns2:prepaid>false</ns2:prepaid>
                        <ns2:docs>
                            <ns2:doc>
                                <ns2:ordinal>1</ns2:ordinal>
                                <ns2:date>2017-03-15</ns2:date>
                                <ns2:code>01</ns2:code>
                                <ns2:name>товарная накладная</ns2:name>
                                <ns2:number>897</ns2:number>
                                <ns2:contractPosition>
                                    <ns2:guid>cbb3332a-72cf-4168-a41f-50d695118b9d</ns2:guid>
                                    <ns2:name>Инструменты и приспособления стоматологические</ns2:name>
                                    <ns2:okpd2>
                                        <code>32.50.11.000</code>
                                        <name>Инструменты и приспособления стоматологические</name>
                                    </ns2:okpd2>
                                </ns2:contractPosition>
                                <ns2:okei>
                                    <code>796</code>
                                    <name>Штука</name>
                                </ns2:okei>
                                <ns2:qty>10</ns2:qty>
                            </ns2:doc>
                            <ns2:doc>
                                <ns2:ordinal>2</ns2:ordinal>
                                <ns2:date>2017-03-15</ns2:date>
                                <ns2:code>01</ns2:code>
                                <ns2:name>товарная накладная</ns2:name>
                                <ns2:number>897</ns2:number>
                                <ns2:contractPosition>
                                    <ns2:guid>1aad6b18-0600-4103-870e-e3167027c49c</ns2:guid>
                                    <ns2:name>Инструменты и приспособления стоматологические</ns2:name>
                                    <ns2:okpd2>
                                        <code>32.50.11</code>
                                        <name>Инструменты и приспособления стоматологические</name>
                                    </ns2:okpd2>
                                </ns2:contractPosition>
                                <ns2:okei>
                                    <code>796</code>
                                    <name>Штука</name>
                                </ns2:okei>
                                <ns2:qty>160</ns2:qty>
                            </ns2:doc>
                            <ns2:doc>
                                <ns2:ordinal>3</ns2:ordinal>
                                <ns2:date>2017-03-15</ns2:date>
                                <ns2:code>01</ns2:code>
                                <ns2:name>товарная накладная</ns2:name>
                                <ns2:number>897</ns2:number>
                                <ns2:contractPosition>
                                    <ns2:guid>6c499957-3ff1-4d6c-afdc-7685323e073f</ns2:guid>
                                    <ns2:name>Инструменты и приспособления стоматологические</ns2:name>
                                    <ns2:okpd2>
                                        <code>32.50.11</code>
                                        <name>Инструменты и приспособления стоматологические</name>
                                    </ns2:okpd2>
                                </ns2:contractPosition>
                                <ns2:okei>
                                    <code>796</code>
                                    <name>Штука</name>
                                </ns2:okei>
                                <ns2:qty>250</ns2:qty>
                            </ns2:doc>
                            <ns2:doc>
                                <ns2:ordinal>4</ns2:ordinal>
                                <ns2:date>2017-03-15</ns2:date>
                                <ns2:code>01</ns2:code>
                                <ns2:name>товарная накладная</ns2:name>
                                <ns2:number>897</ns2:number>
                                <ns2:contractPosition>
                                    <ns2:guid>0fdc09da-c0ae-4efc-949c-6b6b9ee3914a</ns2:guid>
                                    <ns2:name>Шприцы, иглы, катетеры, канюли и аналогичные инструменты</ns2:name>
                                    <ns2:okpd2>
                                        <code>32.50.13.110</code>
                                        <name>Шприцы, иглы, катетеры, канюли и аналогичные инструменты</name>
                                    </ns2:okpd2>
                                </ns2:contractPosition>
                                <ns2:okei>
                                    <code>796</code>
                                    <name>Штука</name>
                                </ns2:okei>
                                <ns2:qty>300</ns2:qty>
                            </ns2:doc>
                            <ns2:doc>
                                <ns2:ordinal>5</ns2:ordinal>
                                <ns2:date>2017-03-15</ns2:date>
                                <ns2:code>01</ns2:code>
                                <ns2:name>товарная накладная</ns2:name>
                                <ns2:number>897</ns2:number>
                                <ns2:contractPosition>
                                    <ns2:guid>42ae29b0-1bed-494f-8fdf-4eec7b5f67b7</ns2:guid>
                                    <ns2:name>Шприцы, иглы, катетеры, канюли и аналогичные инструменты</ns2:name>
                                    <ns2:okpd2>
                                        <code>32.50.13.110</code>
                                        <name>Шприцы, иглы, катетеры, канюли и аналогичные инструменты</name>
                                    </ns2:okpd2>
                                </ns2:contractPosition>
                                <ns2:okei>
                                    <code>778</code>
                                    <name>Упаковка</name>
                                </ns2:okei>
                                <ns2:qty>2</ns2:qty>
                            </ns2:doc>
                            <ns2:doc>
                                <ns2:ordinal>6</ns2:ordinal>
                                <ns2:date>2017-03-15</ns2:date>
                                <ns2:code>01</ns2:code>
                                <ns2:name>товарная накладная</ns2:name>
                                <ns2:number>897</ns2:number>
                                <ns2:contractPosition>
                                    <ns2:guid>abf78396-9e35-48df-b9ee-10b2eab0a381</ns2:guid>
                                    <ns2:name>Шприцы, иглы, катетеры, канюли и аналогичные инструменты</ns2:name>
                                    <ns2:okpd2>
                                        <code>32.50.13.110</code>
                                        <name>Шприцы, иглы, катетеры, канюли и аналогичные инструменты</name>
                                    </ns2:okpd2>
                                </ns2:contractPosition>
                                <ns2:okei>
                                    <code>778</code>
                                    <name>Упаковка</name>
                                </ns2:okei>
                                <ns2:qty>70</ns2:qty>
                            </ns2:doc>
                            <ns2:doc>
                                <ns2:ordinal>7</ns2:ordinal>
                                <ns2:date>2017-03-15</ns2:date>
                                <ns2:code>01</ns2:code>
                                <ns2:name>товарная накладная</ns2:name>
                                <ns2:number>897</ns2:number>
                                <ns2:contractPosition>
                                    <ns2:guid>a69d3a5d-f47c-4c60-be98-09e1d9374db1</ns2:guid>
                                    <ns2:name>Шприцы, иглы, катетеры, канюли и аналогичные инструменты</ns2:name>
                                    <ns2:okpd2>
                                        <code>32.50.13.110</code>
                                        <name>Шприцы, иглы, катетеры, канюли и аналогичные инструменты</name>
                                    </ns2:okpd2>
                                </ns2:contractPosition>
                                <ns2:okei>
                                    <code>796</code>
                                    <name>Штука</name>
                                </ns2:okei>
                                <ns2:qty>25</ns2:qty>
                            </ns2:doc>
                        </ns2:docs>
                    </ns2:position>
                    <ns2:total>107290</ns2:total>
                </ns2:positions>
            </ns2:performanceContractData>
        </ns2:item>
    </ns2:body>
</ns2:performanceContract>
