<?xml version="1.0" encoding="UTF-8" standalone="yes"?>
<ns2:performanceContract xsi:schemaLocation="http://zakupki.gov.ru/223/integration/schema/TFF-5.2 http://zakupki.gov.ru/223/integration/schema/TFF-5.2/Types.xsd" xmlns="http://zakupki.gov.ru/223fz/types/1" xmlns:ns10="http://zakupki.gov.ru/223fz/complaint/1" xmlns:ns11="http://zakupki.gov.ru/223fz/notificationIssue/1" xmlns:ns12="http://zakupki.gov.ru/223fz/purchasePlanProject/1" xmlns:ns13="http://zakupki.gov.ru/223fz/purchase/1" xmlns:ns14="http://zakupki.gov.ru/223fz/purchasePlanProjectAdditionalPosition/1" xmlns:ns15="http://zakupki.gov.ru/223fz/missedNotice/1" xmlns:ns16="http://zakupki.gov.ru/223fz/reference/1" xmlns:ns17="http://zakupki.gov.ru/223fz/stopCommodity/1" xmlns:ns18="http://zakupki.gov.ru/223fz/decisionSuspension/1" xmlns:ns19="http://zakupki.gov.ru/223fz/webRequest/1" xmlns:ns2="http://zakupki.gov.ru/223fz/contract/1" xmlns:xsi="http://www.w3.org/2001/XMLSchema-instance" xmlns:ns3="http://zakupki.gov.ru/223fz/dishonestSupplier/1" xmlns:ns4="http://zakupki.gov.ru/223fz/purchasePlanAdditionalPosition/1" xmlns:ns5="http://zakupki.gov.ru/223fz/purchasePlan/1" xmlns:ns6="http://zakupki.gov.ru/223fz/machineryListInfo/1" xmlns:ns7="http://zakupki.gov.ru/223fz/revenue/1" xmlns:ns8="http://zakupki.gov.ru/223fz/orderClauseList/1" xmlns:ns9="http://zakupki.gov.ru/223fz/disagreementProtocol/1">
    <header>
        <guid>40e5f902-b02b-4335-9aa5-b8f7714e106d</guid>
        <createDateTime>2017-03-29T15:02:11</createDateTime>
    </header>
    <ns2:body>
        <ns2:item>
            <guid>79d3810d-751e-4929-b12e-ebb166aa0515</guid>
            <ns2:performanceContractData>
                <ns2:guid>45c24440-c513-4b3c-be16-2b267b75149d</ns2:guid>
                <ns2:registrationNumber>56663020620160002880004</ns2:registrationNumber>
                <ns2:urlOOS>https://zakupki.gov.ru/223/contract/private/completing/info/view.html?id=2660097</ns2:urlOOS>
                <ns2:createDateTime>2016-12-21T15:35:05</ns2:createDateTime>
                <ns2:customer>
                    <mainInfo>
                        <fullName>МУНИЦИПАЛЬНОЕ АВТОНОМНОЕ УЧРЕЖДЕНИЕ "ГОРОДСКАЯ КЛИНИЧЕСКАЯ БОЛЬНИЦА № 14"</fullName>
                        <shortName>МАУ "ГКБ № 14"</shortName>
                        <iko>56663020620668601001</iko>
                        <inn>6663020620</inn>
                        <kpp>668601001</kpp>
                        <ogrn>1036604789759</ogrn>
                        <legalAddress>620039, ОБЛ СВЕРДЛОВСКАЯ, Г ЕКАТЕРИНБУРГ, УЛ 22 ПАРТСЪЕЗДА, дом 15, корпус А</legalAddress>
                        <postalAddress>620039, СВЕРДЛОВСКАЯ, ЕКАТЕРИНБУРГ, 22 ПАРТСЪЕЗДА, дом 15, корпус А</postalAddress>
                        <phone>8-343-3381936</phone>
                        <fax>8-343-3385395</fax>
                        <email>gkb14_asu@mail.ru</email>
                        <okato>65401385000</okato>
                        <okpo>01944625</okpo>
                    </mainInfo>
                </ns2:customer>
                <ns2:placer>
                    <mainInfo>
                        <fullName>МУНИЦИПАЛЬНОЕ АВТОНОМНОЕ УЧРЕЖДЕНИЕ "ГОРОДСКАЯ КЛИНИЧЕСКАЯ БОЛЬНИЦА № 14"</fullName>
                        <shortName>МАУ "ГКБ № 14"</shortName>
                        <iko>56663020620668601001</iko>
                        <inn>6663020620</inn>
                        <kpp>668601001</kpp>
                        <ogrn>1036604789759</ogrn>
                        <legalAddress>620039, ОБЛ СВЕРДЛОВСКАЯ, Г ЕКАТЕРИНБУРГ, УЛ 22 ПАРТСЪЕЗДА, дом 15, корпус А</legalAddress>
                        <postalAddress>620039, СВЕРДЛОВСКАЯ, ЕКАТЕРИНБУРГ, 22 ПАРТСЪЕЗДА, дом 15, корпус А</postalAddress>
                        <phone>8-343-3381936</phone>
                        <fax>8-343-3385395</fax>
                        <email>gkb14_asu@mail.ru</email>
                        <okato>65401385000</okato>
                        <okpo>01944625</okpo>
                    </mainInfo>
                </ns2:placer>
                <ns2:publicationDate>2017-03-29T15:02:11</ns2:publicationDate>
                <ns2:status>P</ns2:status>
                <ns2:version>2</ns2:version>
                <ns2:completed>false</ns2:completed>
                <ns2:modificationDescription>тех.ошибка</ns2:modificationDescription>
                <ns2:attachments>
                    <totalDocumentsCount>1</totalDocumentsCount>
                    <document>
                        <guid>1d523f26-49ec-479d-b84d-4e04be6121e2</guid>
                        <createDateTime>2017-03-29T15:01:37</createDateTime>
                        <fileName>доп.согл о раст.pdf</fileName>
                        <description>доп.согл о раст</description>
                        <url>https://zakupki.gov.ru/223/contract/private/download/download.html?id=11701720</url>
                        <registrationNumber>56663020620160002880005</registrationNumber>
                    </document>
                </ns2:attachments>
                <ns2:hasPenalty>false</ns2:hasPenalty>
                <ns2:contractRegNumber>56663020620160002880000</ns2:contractRegNumber>
                <ns2:contractInfo>
                    <ns2:guid>e8811dd8-8337-e019-1304-b6234ebaa770</ns2:guid>
                    <ns2:name>31604289196</ns2:name>
                    <ns2:agencyName>МАУ "ГКБ № 14"</ns2:agencyName>
                    <ns2:supplierName>ОБЩЕСТВО С ОГРАНИЧЕННОЙ ОТВЕТСТВЕННОСТЬЮ "МЕДИНВЕСТКОНСАЛТ"</ns2:supplierName>
                    <ns2:lotInfo>Стол операционный универсальный для МАУ "ГКБ № 14"</ns2:lotInfo>
                    <ns2:contractDate>2016-12-21</ns2:contractDate>
                </ns2:contractInfo>
                <ns2:positions>
                    <ns2:position>
                        <ns2:ordinal>1</ns2:ordinal>
                        <ns2:paymentDate>2017-03-20</ns2:paymentDate>
                        <ns2:price>0</ns2:price>
                        <ns2:currency>
                            <code>RUB</code>
                            <digitalCode>643</digitalCode>
                            <name>Российский рубль</name>
                        </ns2:currency>
                        <ns2:rubPrice>0</ns2:rubPrice>
                        <ns2:prepaid>false</ns2:prepaid>
                        <ns2:docs>
                            <ns2:doc>
                                <ns2:ordinal>1</ns2:ordinal>
                                <ns2:code>01</ns2:code>
                                <ns2:name>товарная накладная</ns2:name>
                                <ns2:contractPosition>
                                    <ns2:guid>c7cab23c-37fa-f2c9-49b5-c6aa13127cab</ns2:guid>
                                    <ns2:name>Стол операционный универсальный </ns2:name>
                                    <ns2:okpd2>
                                        <code>32.50.30.110</code>
                                        <name>Мебель медицинская, включая хирургическую, стоматологическую или ветеринарную, и ее части</name>
                                    </ns2:okpd2>
                                </ns2:contractPosition>
                                <ns2:okei>
                                    <code>796</code>
                                    <name>Штука</name>
                                </ns2:okei>
                                <ns2:qty>1</ns2:qty>
                            </ns2:doc>
                        </ns2:docs>
                    </ns2:position>
                    <ns2:total>0</ns2:total>
                </ns2:positions>
            </ns2:performanceContractData>
        </ns2:item>
    </ns2:body>
</ns2:performanceContract>
