<?xml version="1.0" encoding="UTF-8" standalone="yes"?>
<ns2:performanceContract xsi:schemaLocation="http://zakupki.gov.ru/223/integration/schema/TFF-5.2 http://zakupki.gov.ru/223/integration/schema/TFF-5.2/Types.xsd" xmlns="http://zakupki.gov.ru/223fz/types/1" xmlns:ns10="http://zakupki.gov.ru/223fz/complaint/1" xmlns:ns11="http://zakupki.gov.ru/223fz/notificationIssue/1" xmlns:ns12="http://zakupki.gov.ru/223fz/purchasePlanProject/1" xmlns:ns13="http://zakupki.gov.ru/223fz/purchase/1" xmlns:ns14="http://zakupki.gov.ru/223fz/purchasePlanProjectAdditionalPosition/1" xmlns:ns15="http://zakupki.gov.ru/223fz/missedNotice/1" xmlns:ns16="http://zakupki.gov.ru/223fz/reference/1" xmlns:ns17="http://zakupki.gov.ru/223fz/stopCommodity/1" xmlns:ns18="http://zakupki.gov.ru/223fz/decisionSuspension/1" xmlns:ns19="http://zakupki.gov.ru/223fz/webRequest/1" xmlns:ns2="http://zakupki.gov.ru/223fz/contract/1" xmlns:xsi="http://www.w3.org/2001/XMLSchema-instance" xmlns:ns3="http://zakupki.gov.ru/223fz/dishonestSupplier/1" xmlns:ns4="http://zakupki.gov.ru/223fz/purchasePlanAdditionalPosition/1" xmlns:ns5="http://zakupki.gov.ru/223fz/purchasePlan/1" xmlns:ns6="http://zakupki.gov.ru/223fz/machineryListInfo/1" xmlns:ns7="http://zakupki.gov.ru/223fz/revenue/1" xmlns:ns8="http://zakupki.gov.ru/223fz/orderClauseList/1" xmlns:ns9="http://zakupki.gov.ru/223fz/disagreementProtocol/1">
    <header>
        <guid>254717f6-1c0c-4b26-b07f-4d364147d438</guid>
        <createDateTime>2017-03-29T13:11:18</createDateTime>
    </header>
    <ns2:body>
        <ns2:item>
            <guid>e26ebf06-4e03-4467-ac66-714c131b167c</guid>
            <ns2:performanceContractData>
                <ns2:guid>2b31e400-7093-490f-b8d9-668b4e6629b2</ns2:guid>
                <ns2:registrationNumber>56658017420160000030033</ns2:registrationNumber>
                <ns2:urlOOS>https://zakupki.gov.ru/223/contract/private/completing/info/view.html?id=2658576</ns2:urlOOS>
                <ns2:createDateTime>2016-12-02T14:32:14</ns2:createDateTime>
                <ns2:customer>
                    <mainInfo>
                        <fullName>Муниципальное автономное общеобразовательное учреждение средняя общеобразовательная школа № 184 "Новая школа"</fullName>
                        <shortName>МАОУ СОШ № 184 "Новая школа"</shortName>
                        <iko>56658017420665801001</iko>
                        <inn>6658017420</inn>
                        <kpp>665801001</kpp>
                        <ogrn>1026602334241</ogrn>
                        <legalAddress>620102, Свердловская, Екатеринбург, Ясная, дом 20</legalAddress>
                        <postalAddress>620102 г.Екатеринбург. ул. Ясная, 20</postalAddress>
                        <phone>7-343-2285925</phone>
                        <fax>7-343-2285925-500</fax>
                        <email>info@newschool184.ru</email>
                        <okato>65401000000</okato>
                        <okpo>26294068</okpo>
                    </mainInfo>
                </ns2:customer>
                <ns2:placer>
                    <mainInfo>
                        <fullName>Муниципальное автономное общеобразовательное учреждение средняя общеобразовательная школа № 184 "Новая школа"</fullName>
                        <shortName>МАОУ СОШ № 184 "Новая школа"</shortName>
                        <iko>56658017420665801001</iko>
                        <inn>6658017420</inn>
                        <kpp>665801001</kpp>
                        <ogrn>1026602334241</ogrn>
                        <legalAddress>620102, Свердловская, Екатеринбург, Ясная, дом 20</legalAddress>
                        <postalAddress>620102 г.Екатеринбург. ул. Ясная, 20</postalAddress>
                        <phone>7-343-2285925</phone>
                        <fax>7-343-2285925-500</fax>
                        <email>info@newschool184.ru</email>
                        <okato>65401000000</okato>
                        <okpo>26294068</okpo>
                    </mainInfo>
                </ns2:placer>
                <ns2:publicationDate>2017-03-29T13:11:18</ns2:publicationDate>
                <ns2:status>P</ns2:status>
                <ns2:version>1</ns2:version>
                <ns2:completed>false</ns2:completed>
                <ns2:attachments>
                    <totalDocumentsCount>3</totalDocumentsCount>
                    <document>
                        <guid>bfd47d6c-7bdc-4abe-8368-366a0300c4fc</guid>
                        <createDateTime>2017-03-29T13:10:17</createDateTime>
                        <fileName>Акт №15 за период с 11.03.2017 по 20.03.pdf</fileName>
                        <description>Акт №15 за период с 11.03.2017 по 20.03</description>
                        <url>https://zakupki.gov.ru/223/contract/private/download/download.html?id=11694865</url>
                        <registrationNumber>56658017420160000030034</registrationNumber>
                    </document>
                    <document>
                        <guid>5c8b2ad2-023e-4a2d-a7d6-f282b971a73f</guid>
                        <createDateTime>2017-03-29T13:10:32</createDateTime>
                        <fileName>Счет №15 за период с 11.03.2017 по 20.03.pdf</fileName>
                        <description>Счет №15 за период с 11.03.2017 по 20.03</description>
                        <url>https://zakupki.gov.ru/223/contract/private/download/download.html?id=11694883</url>
                        <registrationNumber>56658017420160000030035</registrationNumber>
                    </document>
                    <document>
                        <guid>87f0b47d-ce00-4675-8608-ba80aa7ca4b2</guid>
                        <createDateTime>2017-03-29T13:10:24</createDateTime>
                        <fileName>пп №183641 от 27.03.pdf</fileName>
                        <description>пп №183641 от 27.03</description>
                        <url>https://zakupki.gov.ru/223/contract/private/download/download.html?id=11694876</url>
                        <registrationNumber>56658017420160000030036</registrationNumber>
                    </document>
                </ns2:attachments>
                <ns2:hasPenalty>false</ns2:hasPenalty>
                <ns2:contractRegNumber>56658017420160000030000</ns2:contractRegNumber>
                <ns2:contractInfo>
                    <ns2:guid>254d7a71-4dd9-461e-ad55-7475afc4a3c6</ns2:guid>
                    <ns2:name>Пит 184-2017</ns2:name>
                    <ns2:agencyName>МАОУ СОШ № 184 "Новая школа"</ns2:agencyName>
                    <ns2:supplierName>ОБЩЕСТВО С ОГРАНИЧЕННОЙ ОТВЕТСТВЕННОСТЬЮ "КОМБИНАТ ОБЩЕСТВЕННОГО ПИТАНИЯ"</ns2:supplierName>
                    <ns2:lotInfo>Оказание услуг по организации питания в 2017</ns2:lotInfo>
                    <ns2:contractDate>2016-12-01</ns2:contractDate>
                </ns2:contractInfo>
                <ns2:positions>
                    <ns2:position>
                        <ns2:ordinal>1</ns2:ordinal>
                        <ns2:paymentDate>2017-03-27</ns2:paymentDate>
                        <ns2:price>64077.83</ns2:price>
                        <ns2:currency>
                            <code>RUB</code>
                            <digitalCode>643</digitalCode>
                            <name>Российский рубль</name>
                        </ns2:currency>
                        <ns2:rubPrice>64077.83</ns2:rubPrice>
                        <ns2:prepaid>false</ns2:prepaid>
                        <ns2:docs>
                            <ns2:doc>
                                <ns2:ordinal>1</ns2:ordinal>
                                <ns2:date>2017-03-20</ns2:date>
                                <ns2:code>18</ns2:code>
                                <ns2:name>счет на оплату</ns2:name>
                                <ns2:number>15-Б</ns2:number>
                                <ns2:contractPosition>
                                    <ns2:guid>43203875-5d0d-4a32-9549-a48394afc53e</ns2:guid>
                                    <ns2:name>Услуги школьных столовых и кухонь</ns2:name>
                                    <ns2:okpd2>
                                        <code>56.29.20.120</code>
                                        <name>Услуги школьных столовых и кухонь</name>
                                    </ns2:okpd2>
                                </ns2:contractPosition>
                                <ns2:okei>
                                    <code>876</code>
                                    <name>Условная единица</name>
                                </ns2:okei>
                                <ns2:qty>1</ns2:qty>
                            </ns2:doc>
                        </ns2:docs>
                    </ns2:position>
                    <ns2:total>64077.83</ns2:total>
                </ns2:positions>
            </ns2:performanceContractData>
        </ns2:item>
    </ns2:body>
</ns2:performanceContract>
