<?xml version="1.0" encoding="UTF-8" standalone="yes"?>
<ns2:performanceContract xsi:schemaLocation="http://zakupki.gov.ru/223/integration/schema/TFF-5.2 http://zakupki.gov.ru/223/integration/schema/TFF-5.2/Types.xsd" xmlns="http://zakupki.gov.ru/223fz/types/1" xmlns:ns10="http://zakupki.gov.ru/223fz/complaint/1" xmlns:ns11="http://zakupki.gov.ru/223fz/notificationIssue/1" xmlns:ns12="http://zakupki.gov.ru/223fz/purchasePlanProject/1" xmlns:ns13="http://zakupki.gov.ru/223fz/purchase/1" xmlns:ns14="http://zakupki.gov.ru/223fz/purchasePlanProjectAdditionalPosition/1" xmlns:ns15="http://zakupki.gov.ru/223fz/missedNotice/1" xmlns:ns16="http://zakupki.gov.ru/223fz/reference/1" xmlns:ns17="http://zakupki.gov.ru/223fz/stopCommodity/1" xmlns:ns18="http://zakupki.gov.ru/223fz/decisionSuspension/1" xmlns:ns19="http://zakupki.gov.ru/223fz/webRequest/1" xmlns:ns2="http://zakupki.gov.ru/223fz/contract/1" xmlns:xsi="http://www.w3.org/2001/XMLSchema-instance" xmlns:ns3="http://zakupki.gov.ru/223fz/dishonestSupplier/1" xmlns:ns4="http://zakupki.gov.ru/223fz/purchasePlanAdditionalPosition/1" xmlns:ns5="http://zakupki.gov.ru/223fz/purchasePlan/1" xmlns:ns6="http://zakupki.gov.ru/223fz/machineryListInfo/1" xmlns:ns7="http://zakupki.gov.ru/223fz/revenue/1" xmlns:ns8="http://zakupki.gov.ru/223fz/orderClauseList/1" xmlns:ns9="http://zakupki.gov.ru/223fz/disagreementProtocol/1">
    <header>
        <guid>3387d14d-27d0-4723-880f-e2f738e2e7b4</guid>
        <createDateTime>2017-03-29T12:54:02</createDateTime>
    </header>
    <ns2:body>
        <ns2:item>
            <guid>4e48c3ab-bcaf-4a9c-92bb-d7dd1f31efec</guid>
            <ns2:performanceContractData>
                <ns2:guid>6e299d40-a530-4738-82a7-d27536866f33</ns2:guid>
                <ns2:registrationNumber>56603010391160001050011</ns2:registrationNumber>
                <ns2:urlOOS>https://zakupki.gov.ru/223/contract/private/completing/info/view.html?id=2658412</ns2:urlOOS>
                <ns2:createDateTime>2017-02-02T12:45:46</ns2:createDateTime>
                <ns2:customer>
                    <mainInfo>
                        <fullName>МУНИЦИПАЛЬНОЕ УНИТАРНОЕ ПРЕДПРИЯТИЕ "ПРОИЗВОДСТВЕННЫЙ ТРЕСТ ЖИЛИЩНО-КОММУНАЛЬНОГО ХОЗЯЙСТВА" ГОРОДСКОГО ОКРУГА РЕФТИНСКИЙ</fullName>
                        <shortName>МУП "ПТЖКХ "ГОРОДСКОГО ОКРУГА РЕФТИНСКИЙ</shortName>
                        <iko>56603010391660301001</iko>
                        <inn>6603010391</inn>
                        <kpp>668301001</kpp>
                        <ogrn>1026600629868</ogrn>
                        <legalAddress>624285, ОБЛ СВЕРДЛОВСКАЯ, Г АСБЕСТ, РП РЕФТИНСКИЙ, УЛ ГАГАРИНА, дом 33</legalAddress>
                        <postalAddress>624285, дом 33</postalAddress>
                        <phone>7-34365-30005</phone>
                        <fax>7-34365-30005</fax>
                        <email>mupgkh-reft@yandex.ru</email>
                        <okato>65409567000</okato>
                        <okpo>48574686</okpo>
                    </mainInfo>
                </ns2:customer>
                <ns2:placer>
                    <mainInfo>
                        <fullName>МУНИЦИПАЛЬНОЕ УНИТАРНОЕ ПРЕДПРИЯТИЕ "ПРОИЗВОДСТВЕННЫЙ ТРЕСТ ЖИЛИЩНО-КОММУНАЛЬНОГО ХОЗЯЙСТВА" ГОРОДСКОГО ОКРУГА РЕФТИНСКИЙ</fullName>
                        <shortName>МУП "ПТЖКХ "ГОРОДСКОГО ОКРУГА РЕФТИНСКИЙ</shortName>
                        <iko>56603010391660301001</iko>
                        <inn>6603010391</inn>
                        <kpp>668301001</kpp>
                        <ogrn>1026600629868</ogrn>
                        <legalAddress>624285, ОБЛ СВЕРДЛОВСКАЯ, Г АСБЕСТ, РП РЕФТИНСКИЙ, УЛ ГАГАРИНА, дом 33</legalAddress>
                        <postalAddress>624285, дом 33</postalAddress>
                        <phone>7-34365-30005</phone>
                        <fax>7-34365-30005</fax>
                        <email>mupgkh-reft@yandex.ru</email>
                        <okato>65409567000</okato>
                        <okpo>48574686</okpo>
                    </mainInfo>
                </ns2:placer>
                <ns2:publicationDate>2017-03-29T12:54:02</ns2:publicationDate>
                <ns2:status>P</ns2:status>
                <ns2:version>3</ns2:version>
                <ns2:completed>false</ns2:completed>
                <ns2:modificationDescription>исполнение</ns2:modificationDescription>
                <ns2:attachments>
                    <totalDocumentsCount>3</totalDocumentsCount>
                    <document>
                        <guid>4a8ce1a1-457b-4cb0-a225-ff44ce6265d4</guid>
                        <createDateTime>2017-03-09T14:28:39</createDateTime>
                        <fileName>акт №16 от 27.02.2017.PDF</fileName>
                        <description>акт №16 от 27.02.2017</description>
                        <url>https://zakupki.gov.ru/223/contract/private/download/download.html?id=11693938</url>
                        <registrationNumber>56603010391160001050012</registrationNumber>
                    </document>
                    <document>
                        <guid>043a2abe-624f-4b2a-8aa2-af16d8b93561</guid>
                        <createDateTime>2017-03-29T12:53:40</createDateTime>
                        <fileName>акт № 26 от 28.03.2017.PDF</fileName>
                        <description>акт № 26 от 28.03.2017</description>
                        <url>https://zakupki.gov.ru/223/contract/private/download/download.html?id=11694018</url>
                        <registrationNumber>56603010391160001050013</registrationNumber>
                    </document>
                    <document>
                        <guid>88351ea3-2c71-4d0f-a2ae-c1150855da2b</guid>
                        <createDateTime>2016-12-15T14:25:37</createDateTime>
                        <fileName>пп 2677.pdf</fileName>
                        <description>пп 2677</description>
                        <url>https://zakupki.gov.ru/223/contract/private/download/download.html?id=11693939</url>
                        <registrationNumber>56603010391160001050014</registrationNumber>
                    </document>
                </ns2:attachments>
                <ns2:hasPenalty>false</ns2:hasPenalty>
                <ns2:contractRegNumber>56603010391160001050000</ns2:contractRegNumber>
                <ns2:contractInfo>
                    <ns2:guid>36591925-54f2-4de1-b1a3-f9fdd5d58405</ns2:guid>
                    <ns2:name>539/16</ns2:name>
                    <ns2:agencyName>МУП "ПТЖКХ "ГОРОДСКОГО ОКРУГА РЕФТИНСКИЙ</ns2:agencyName>
                    <ns2:supplierName>ХРАМЦОВ ИГОРЬ АЛЕКСАНДРОВИЧ</ns2:supplierName>
                    <ns2:lotInfo>Оказание автотранспортных услуг</ns2:lotInfo>
                    <ns2:contractDate>2016-11-14</ns2:contractDate>
                </ns2:contractInfo>
                <ns2:positions>
                    <ns2:position>
                        <ns2:ordinal>3</ns2:ordinal>
                        <ns2:paymentDate>2017-03-28</ns2:paymentDate>
                        <ns2:price>0</ns2:price>
                        <ns2:currency>
                            <code>RUB</code>
                            <digitalCode>643</digitalCode>
                            <name>Российский рубль</name>
                        </ns2:currency>
                        <ns2:rubPrice>0</ns2:rubPrice>
                        <ns2:prepaid>false</ns2:prepaid>
                        <ns2:docs>
                            <ns2:doc>
                                <ns2:ordinal>1</ns2:ordinal>
                                <ns2:date>2017-03-28</ns2:date>
                                <ns2:code>20</ns2:code>
                                <ns2:name>акт выполненных работ</ns2:name>
                                <ns2:number>26</ns2:number>
                                <ns2:contractPosition>
                                    <ns2:guid>5ab24d5b-20f6-495c-a827-9ad0872ffac4</ns2:guid>
                                    <ns2:name>Услуги по грузовым перевозкам автомобильным транспортом</ns2:name>
                                    <ns2:okpd2>
                                        <code>49.41</code>
                                        <name>Услуги по грузовым перевозкам автомобильным транспортом</name>
                                    </ns2:okpd2>
                                </ns2:contractPosition>
                                <ns2:okei>
                                    <code>356</code>
                                    <name>Час</name>
                                </ns2:okei>
                                <ns2:qty>51</ns2:qty>
                            </ns2:doc>
                        </ns2:docs>
                    </ns2:position>
                    <ns2:position>
                        <ns2:ordinal>2</ns2:ordinal>
                        <ns2:paymentDate>2017-02-27</ns2:paymentDate>
                        <ns2:price>0</ns2:price>
                        <ns2:currency>
                            <code>RUB</code>
                            <digitalCode>643</digitalCode>
                            <name>Российский рубль</name>
                        </ns2:currency>
                        <ns2:rubPrice>0</ns2:rubPrice>
                        <ns2:prepaid>false</ns2:prepaid>
                        <ns2:docs>
                            <ns2:doc>
                                <ns2:ordinal>1</ns2:ordinal>
                                <ns2:date>2017-02-27</ns2:date>
                                <ns2:code>20</ns2:code>
                                <ns2:name>акт выполненных работ</ns2:name>
                                <ns2:number>16</ns2:number>
                                <ns2:contractPosition>
                                    <ns2:guid>5ab24d5b-20f6-495c-a827-9ad0872ffac4</ns2:guid>
                                    <ns2:name>Услуги по грузовым перевозкам автомобильным транспортом</ns2:name>
                                    <ns2:okpd2>
                                        <code>49.41</code>
                                        <name>Услуги по грузовым перевозкам автомобильным транспортом</name>
                                    </ns2:okpd2>
                                </ns2:contractPosition>
                                <ns2:okei>
                                    <code>356</code>
                                    <name>Час</name>
                                </ns2:okei>
                                <ns2:qty>88</ns2:qty>
                            </ns2:doc>
                        </ns2:docs>
                    </ns2:position>
                    <ns2:position>
                        <ns2:ordinal>1</ns2:ordinal>
                        <ns2:paymentDate>2016-12-05</ns2:paymentDate>
                        <ns2:price>19425</ns2:price>
                        <ns2:currency>
                            <code>RUB</code>
                            <digitalCode>643</digitalCode>
                            <name>Российский рубль</name>
                        </ns2:currency>
                        <ns2:rubPrice>19425</ns2:rubPrice>
                        <ns2:prepaid>true</ns2:prepaid>
                    </ns2:position>
                    <ns2:total>19425</ns2:total>
                </ns2:positions>
            </ns2:performanceContractData>
        </ns2:item>
    </ns2:body>
</ns2:performanceContract>
