<?xml version="1.0" encoding="UTF-8" standalone="yes"?>
<ns2:performanceContract xsi:schemaLocation="http://zakupki.gov.ru/223/integration/schema/TFF-5.2 http://zakupki.gov.ru/223/integration/schema/TFF-5.2/Types.xsd" xmlns="http://zakupki.gov.ru/223fz/types/1" xmlns:ns10="http://zakupki.gov.ru/223fz/complaint/1" xmlns:ns11="http://zakupki.gov.ru/223fz/notificationIssue/1" xmlns:ns12="http://zakupki.gov.ru/223fz/purchasePlanProject/1" xmlns:ns13="http://zakupki.gov.ru/223fz/purchase/1" xmlns:ns14="http://zakupki.gov.ru/223fz/purchasePlanProjectAdditionalPosition/1" xmlns:ns15="http://zakupki.gov.ru/223fz/missedNotice/1" xmlns:ns16="http://zakupki.gov.ru/223fz/reference/1" xmlns:ns17="http://zakupki.gov.ru/223fz/stopCommodity/1" xmlns:ns18="http://zakupki.gov.ru/223fz/decisionSuspension/1" xmlns:ns19="http://zakupki.gov.ru/223fz/webRequest/1" xmlns:ns2="http://zakupki.gov.ru/223fz/contract/1" xmlns:xsi="http://www.w3.org/2001/XMLSchema-instance" xmlns:ns3="http://zakupki.gov.ru/223fz/dishonestSupplier/1" xmlns:ns4="http://zakupki.gov.ru/223fz/purchasePlanAdditionalPosition/1" xmlns:ns5="http://zakupki.gov.ru/223fz/purchasePlan/1" xmlns:ns6="http://zakupki.gov.ru/223fz/machineryListInfo/1" xmlns:ns7="http://zakupki.gov.ru/223fz/revenue/1" xmlns:ns8="http://zakupki.gov.ru/223fz/orderClauseList/1" xmlns:ns9="http://zakupki.gov.ru/223fz/disagreementProtocol/1">
    <header>
        <guid>207d072a-7b8d-495b-b2fe-00d9617f80a2</guid>
        <createDateTime>2017-03-29T13:23:07</createDateTime>
    </header>
    <ns2:body>
        <ns2:item>
            <guid>f5904e24-eefa-4884-b20c-1c45bae647e1</guid>
            <ns2:performanceContractData>
                <ns2:guid>142d06c7-2c6f-49d9-b89a-9999c16c7e75</ns2:guid>
                <ns2:registrationNumber>86603014974160000020007</ns2:registrationNumber>
                <ns2:urlOOS>https://zakupki.gov.ru/223/contract/private/completing/info/view.html?id=2658597</ns2:urlOOS>
                <ns2:createDateTime>2016-12-30T06:41:39</ns2:createDateTime>
                <ns2:customer>
                    <mainInfo>
                        <fullName>МУНИЦИПАЛЬНОЕ БЮДЖЕТНОЕ ДОШКОЛЬНОЕ ОБРАЗОВАТЕЛЬНОЕ УЧРЕЖДЕНИЕ "ДЕТСКИЙ САД "МАЛЫШОК" ГОРОДСКОГО ОКРУГА РЕФТИНСКИЙ</fullName>
                        <shortName>МБДОУ "ДЕТСКИЙ САД "МАЛЫШОК"</shortName>
                        <iko>86603014974668301001</iko>
                        <inn>6603014974</inn>
                        <kpp>668301001</kpp>
                        <ogrn>1026600626909</ogrn>
                        <legalAddress>624285, ОБЛ СВЕРДЛОВСКАЯ, РП РЕФТИНСКИЙ, УЛ МОЛОДЕЖНАЯ, дом 21</legalAddress>
                        <postalAddress>624285, Свердловская область, город Асбест, пгт Рефтинский, ул. Молодежная, дом 21</postalAddress>
                        <phone>7-34365-32087</phone>
                        <email>reftsadik28@mail.ru</email>
                        <okato>65409567000</okato>
                        <okpo>59267974</okpo>
                    </mainInfo>
                </ns2:customer>
                <ns2:placer>
                    <mainInfo>
                        <fullName>МУНИЦИПАЛЬНОЕ БЮДЖЕТНОЕ ДОШКОЛЬНОЕ ОБРАЗОВАТЕЛЬНОЕ УЧРЕЖДЕНИЕ "ДЕТСКИЙ САД "МАЛЫШОК" ГОРОДСКОГО ОКРУГА РЕФТИНСКИЙ</fullName>
                        <shortName>МБДОУ "ДЕТСКИЙ САД "МАЛЫШОК"</shortName>
                        <iko>86603014974668301001</iko>
                        <inn>6603014974</inn>
                        <kpp>668301001</kpp>
                        <ogrn>1026600626909</ogrn>
                        <legalAddress>624285, ОБЛ СВЕРДЛОВСКАЯ, РП РЕФТИНСКИЙ, УЛ МОЛОДЕЖНАЯ, дом 21</legalAddress>
                        <postalAddress>624285, Свердловская область, город Асбест, пгт Рефтинский, ул. Молодежная, дом 21</postalAddress>
                        <phone>7-34365-32087</phone>
                        <email>reftsadik28@mail.ru</email>
                        <okato>65409567000</okato>
                        <okpo>59267974</okpo>
                    </mainInfo>
                </ns2:placer>
                <ns2:publicationDate>2017-03-29T13:23:07</ns2:publicationDate>
                <ns2:status>P</ns2:status>
                <ns2:version>1</ns2:version>
                <ns2:completed>false</ns2:completed>
                <ns2:attachments>
                    <totalDocumentsCount>1</totalDocumentsCount>
                    <document>
                        <guid>0af55b26-c14c-4a06-94e8-1df98de15946</guid>
                        <createDateTime>2017-03-29T13:22:46</createDateTime>
                        <fileName>3. Счет, платежное поручение - молочная продукция.pdf</fileName>
                        <description>3. Счет, платежное поручение - молочная продукция</description>
                        <url>https://zakupki.gov.ru/223/contract/private/download/download.html?id=11695645</url>
                        <registrationNumber>86603014974160000020008</registrationNumber>
                    </document>
                </ns2:attachments>
                <ns2:hasPenalty>false</ns2:hasPenalty>
                <ns2:contractRegNumber>86603014974160000020000</ns2:contractRegNumber>
                <ns2:contractInfo>
                    <ns2:guid>51dc3a91-4b7e-4cf7-b610-cea55fb6a1e6</ns2:guid>
                    <ns2:name>1</ns2:name>
                    <ns2:agencyName>МБДОУ "ДЕТСКИЙ САД "МАЛЫШОК"</ns2:agencyName>
                    <ns2:supplierName>ОБЩЕСТВО С ОГРАНИЧЕННОЙ ОТВЕТСТВЕННОСТЬЮ "АЛАПАЕВСКИЙ МОЛОЧНЫЙ КОМБИНАТ"</ns2:supplierName>
                    <ns2:lotInfo>Поставка молока и молочной продукции (сметана, творог, масло сливочное, снежок)</ns2:lotInfo>
                    <ns2:contractDate>2016-12-30</ns2:contractDate>
                </ns2:contractInfo>
                <ns2:positions>
                    <ns2:position>
                        <ns2:ordinal>1</ns2:ordinal>
                        <ns2:paymentDate>2017-03-22</ns2:paymentDate>
                        <ns2:price>31358</ns2:price>
                        <ns2:currency>
                            <code>RUB</code>
                            <digitalCode>643</digitalCode>
                            <name>Российский рубль</name>
                        </ns2:currency>
                        <ns2:rubPrice>31358</ns2:rubPrice>
                        <ns2:prepaid>false</ns2:prepaid>
                        <ns2:docs>
                            <ns2:doc>
                                <ns2:ordinal>1</ns2:ordinal>
                                <ns2:date>2017-03-16</ns2:date>
                                <ns2:code>18</ns2:code>
                                <ns2:name>счет на оплату</ns2:name>
                                <ns2:number>172</ns2:number>
                                <ns2:contractPosition>
                                    <ns2:guid>e8aaa9a7-6be8-4985-9d0f-f96a5c5ee9fe</ns2:guid>
                                    <ns2:name>Творог, произведенный с использованием ультрафильтрации и сепарирования, без вкусовых компонентов обезжиренный, от 2 % до 25 % жирности</ns2:name>
                                    <ns2:okpd2>
                                        <code>10.51.40.322</code>
                                        <name>Творог, произведенный с использованием ультрафильтрации и сепарирования, без вкусовых компонентов обезжиренный, от 2 % до 25 % жирности</name>
                                    </ns2:okpd2>
                                </ns2:contractPosition>
                                <ns2:okei>
                                    <code>166</code>
                                    <name>Килограмм</name>
                                </ns2:okei>
                                <ns2:qty>27</ns2:qty>
                            </ns2:doc>
                            <ns2:doc>
                                <ns2:ordinal>2</ns2:ordinal>
                                <ns2:date>2017-03-16</ns2:date>
                                <ns2:code>18</ns2:code>
                                <ns2:name>счет на оплату</ns2:name>
                                <ns2:number>172</ns2:number>
                                <ns2:contractPosition>
                                    <ns2:guid>871046a7-a468-4b02-9c07-cda46693a5e0</ns2:guid>
                                    <ns2:name>Масло сладко-сливочное</ns2:name>
                                    <ns2:okpd2>
                                        <code>10.51.30.111</code>
                                        <name>Масло сладко-сливочное</name>
                                    </ns2:okpd2>
                                </ns2:contractPosition>
                                <ns2:okei>
                                    <code>166</code>
                                    <name>Килограмм</name>
                                </ns2:okei>
                                <ns2:qty>80</ns2:qty>
                            </ns2:doc>
                            <ns2:doc>
                                <ns2:ordinal>3</ns2:ordinal>
                                <ns2:date>2017-03-16</ns2:date>
                                <ns2:code>18</ns2:code>
                                <ns2:name>счет на оплату</ns2:name>
                                <ns2:number>172</ns2:number>
                                <ns2:contractPosition>
                                    <ns2:guid>81ace6fe-f606-4008-af74-9d030c59e482</ns2:guid>
                                    <ns2:name>Продукты кисломолочные прочие (кроме сметаны), не включенные в другие группировки</ns2:name>
                                    <ns2:okpd2>
                                        <code>10.51.52.119</code>
                                        <name>Продукты кисломолочные прочие (кроме сметаны), не включенные в другие группировки</name>
                                    </ns2:okpd2>
                                </ns2:contractPosition>
                                <ns2:okei>
                                    <code>112</code>
                                    <name>Литр; Кубический дециметр</name>
                                </ns2:okei>
                                <ns2:qty>60</ns2:qty>
                            </ns2:doc>
                            <ns2:doc>
                                <ns2:ordinal>4</ns2:ordinal>
                                <ns2:date>2017-03-16</ns2:date>
                                <ns2:code>18</ns2:code>
                                <ns2:name>счет на оплату</ns2:name>
                                <ns2:number>172</ns2:number>
                                <ns2:contractPosition>
                                    <ns2:guid>bf697c7a-adae-44de-8697-b6c37bf2c210</ns2:guid>
                                    <ns2:name>Молоко питьевое коровье пастеризованное</ns2:name>
                                    <ns2:okpd2>
                                        <code>10.51.11.111</code>
                                        <name>Молоко питьевое коровье пастеризованное</name>
                                    </ns2:okpd2>
                                </ns2:contractPosition>
                                <ns2:okei>
                                    <code>112</code>
                                    <name>Литр; Кубический дециметр</name>
                                </ns2:okei>
                                <ns2:qty>376</ns2:qty>
                            </ns2:doc>
                            <ns2:doc>
                                <ns2:ordinal>5</ns2:ordinal>
                                <ns2:date>2017-03-16</ns2:date>
                                <ns2:code>18</ns2:code>
                                <ns2:name>счет на оплату</ns2:name>
                                <ns2:number>172</ns2:number>
                                <ns2:contractPosition>
                                    <ns2:guid>ff56635e-c792-4459-9caa-a36c23fe590b</ns2:guid>
                                    <ns2:name>Сметана от 15,0 % до 19,0 % жирности</ns2:name>
                                    <ns2:okpd2>
                                        <code>10.51.52.122</code>
                                        <name>Сметана от 15,0 % до 19,0 % жирности</name>
                                    </ns2:okpd2>
                                </ns2:contractPosition>
                                <ns2:okei>
                                    <code>166</code>
                                    <name>Килограмм</name>
                                </ns2:okei>
                                <ns2:qty>12</ns2:qty>
                            </ns2:doc>
                        </ns2:docs>
                    </ns2:position>
                    <ns2:total>31358</ns2:total>
                </ns2:positions>
            </ns2:performanceContractData>
        </ns2:item>
    </ns2:body>
</ns2:performanceContract>
