<?xml version="1.0" encoding="UTF-8" standalone="yes"?>
<ns2:performanceContract xsi:schemaLocation="http://zakupki.gov.ru/223/integration/schema/TFF-5.2 http://zakupki.gov.ru/223/integration/schema/TFF-5.2/Types.xsd" xmlns="http://zakupki.gov.ru/223fz/types/1" xmlns:ns10="http://zakupki.gov.ru/223fz/complaint/1" xmlns:ns11="http://zakupki.gov.ru/223fz/notificationIssue/1" xmlns:ns12="http://zakupki.gov.ru/223fz/purchasePlanProject/1" xmlns:ns13="http://zakupki.gov.ru/223fz/purchase/1" xmlns:ns14="http://zakupki.gov.ru/223fz/purchasePlanProjectAdditionalPosition/1" xmlns:ns15="http://zakupki.gov.ru/223fz/missedNotice/1" xmlns:ns16="http://zakupki.gov.ru/223fz/reference/1" xmlns:ns17="http://zakupki.gov.ru/223fz/stopCommodity/1" xmlns:ns18="http://zakupki.gov.ru/223fz/decisionSuspension/1" xmlns:ns19="http://zakupki.gov.ru/223fz/webRequest/1" xmlns:ns2="http://zakupki.gov.ru/223fz/contract/1" xmlns:xsi="http://www.w3.org/2001/XMLSchema-instance" xmlns:ns3="http://zakupki.gov.ru/223fz/dishonestSupplier/1" xmlns:ns4="http://zakupki.gov.ru/223fz/purchasePlanAdditionalPosition/1" xmlns:ns5="http://zakupki.gov.ru/223fz/purchasePlan/1" xmlns:ns6="http://zakupki.gov.ru/223fz/machineryListInfo/1" xmlns:ns7="http://zakupki.gov.ru/223fz/revenue/1" xmlns:ns8="http://zakupki.gov.ru/223fz/orderClauseList/1" xmlns:ns9="http://zakupki.gov.ru/223fz/disagreementProtocol/1">
    <header>
        <guid>146a233b-b445-4d3d-89d1-50fdb2864528</guid>
        <createDateTime>2017-03-29T11:52:35</createDateTime>
    </header>
    <ns2:body>
        <ns2:item>
            <guid>317aa4e8-540b-4a85-a1d5-3e413e93a7d8</guid>
            <ns2:performanceContractData>
                <ns2:guid>1ec4c5ad-9ed4-4f4f-8086-11710f34e5e0</ns2:guid>
                <ns2:registrationNumber>56661003675170000320003</ns2:registrationNumber>
                <ns2:urlOOS>https://zakupki.gov.ru/223/contract/private/completing/info/view.html?id=2657726</ns2:urlOOS>
                <ns2:createDateTime>2017-02-17T14:36:08</ns2:createDateTime>
                <ns2:customer>
                    <mainInfo>
                        <fullName>ФЕДЕРАЛЬНОЕ ГОСУДАРСТВЕННОЕ БЮДЖЕТНОЕ ОБРАЗОВАТЕЛЬНОЕ УЧРЕЖДЕНИЕ ВЫСШЕГО ОБРАЗОВАНИЯ "УРАЛЬСКИЙ ГОСУДАРСТВЕННЫЙ ЭКОНОМИЧЕСКИЙ УНИВЕРСИТЕТ"</fullName>
                        <shortName>ФГБОУ ВО "УРАЛЬСКИЙ ГОСУДАРСТВЕННЫЙ ЭКОНОМИЧЕСКИЙ УНИВЕРСИТЕТ", УРАЛЬСКИЙ ГОСУДАРСТВЕННЫЙ ЭКОНОМИЧЕСКИЙ УНИВЕРСИТЕТ, УРГЭУ</shortName>
                        <iko>56661003675667101001</iko>
                        <inn>6661003675</inn>
                        <kpp>667101001</kpp>
                        <ogrn>1026605233753</ogrn>
                        <legalAddress>620000, обл СВЕРДЛОВСКАЯ, г ЕКАТЕРИНБУРГ, 8 МАРТА/НАРОДНОЙ ВОЛИ, дом 62/45</legalAddress>
                        <postalAddress>620219, г. Екатеринбург, ул. 8 Марта/Народной Воли, д.62/45</postalAddress>
                        <phone>7-343-2211781</phone>
                        <fax>7-343-2211781</fax>
                        <email>mas@usue.ru</email>
                        <okato>65401377000</okato>
                        <okpo>02069214</okpo>
                    </mainInfo>
                </ns2:customer>
                <ns2:placer>
                    <mainInfo>
                        <fullName>ФЕДЕРАЛЬНОЕ ГОСУДАРСТВЕННОЕ БЮДЖЕТНОЕ ОБРАЗОВАТЕЛЬНОЕ УЧРЕЖДЕНИЕ ВЫСШЕГО ОБРАЗОВАНИЯ "УРАЛЬСКИЙ ГОСУДАРСТВЕННЫЙ ЭКОНОМИЧЕСКИЙ УНИВЕРСИТЕТ"</fullName>
                        <shortName>ФГБОУ ВО "УРАЛЬСКИЙ ГОСУДАРСТВЕННЫЙ ЭКОНОМИЧЕСКИЙ УНИВЕРСИТЕТ", УРАЛЬСКИЙ ГОСУДАРСТВЕННЫЙ ЭКОНОМИЧЕСКИЙ УНИВЕРСИТЕТ, УРГЭУ</shortName>
                        <iko>56661003675667101001</iko>
                        <inn>6661003675</inn>
                        <kpp>667101001</kpp>
                        <ogrn>1026605233753</ogrn>
                        <legalAddress>620000, обл СВЕРДЛОВСКАЯ, г ЕКАТЕРИНБУРГ, 8 МАРТА/НАРОДНОЙ ВОЛИ, дом 62/45</legalAddress>
                        <postalAddress>620219, г. Екатеринбург, ул. 8 Марта/Народной Воли, д.62/45</postalAddress>
                        <phone>7-343-2211781</phone>
                        <fax>7-343-2211781</fax>
                        <email>mas@usue.ru</email>
                        <okato>65401377000</okato>
                        <okpo>02069214</okpo>
                    </mainInfo>
                </ns2:placer>
                <ns2:publicationDate>2017-03-29T11:52:35</ns2:publicationDate>
                <ns2:status>P</ns2:status>
                <ns2:version>1</ns2:version>
                <ns2:completed>true</ns2:completed>
                <ns2:attachments>
                    <totalDocumentsCount>1</totalDocumentsCount>
                    <document>
                        <guid>55db663c-d2e0-4870-9704-5c8f7ce98e19</guid>
                        <createDateTime>2017-03-29T11:52:21</createDateTime>
                        <fileName>472-0217 от 17.02.2017 (реестр платежных поручений, товарная накладная).pdf</fileName>
                        <description>472-0217 от 17.02.2017 (реестр платежных поручений, товарная накладная)</description>
                        <url>https://zakupki.gov.ru/223/contract/private/download/download.html?id=11690463</url>
                        <registrationNumber>56661003675170000320004</registrationNumber>
                    </document>
                </ns2:attachments>
                <ns2:hasPenalty>false</ns2:hasPenalty>
                <ns2:contractRegNumber>56661003675170000320000</ns2:contractRegNumber>
                <ns2:contractInfo>
                    <ns2:guid>8b5fcf05-efe3-4a64-b32d-272baed8f4bc</ns2:guid>
                    <ns2:name>472/0217</ns2:name>
                    <ns2:agencyName>ФГБОУ ВО "УРАЛЬСКИЙ ГОСУДАРСТВЕННЫЙ ЭКОНОМИЧЕСКИЙ УНИВЕРСИТЕТ", УРАЛЬСКИЙ ГОСУДАРСТВЕННЫЙ ЭКОНОМИЧЕСКИЙ УНИВЕРСИТЕТ, УРГЭУ</ns2:agencyName>
                    <ns2:supplierName>ОБЩЕСТВО С ОГРАНИЧЕННОЙ ОТВЕТСТВЕННОСТЬЮ "РИН-СЕРВИС"</ns2:supplierName>
                    <ns2:lotInfo>Поставка кассового оборудования для нужд УрГЭУ</ns2:lotInfo>
                    <ns2:contractDate>2017-02-17</ns2:contractDate>
                </ns2:contractInfo>
                <ns2:positions>
                    <ns2:position>
                        <ns2:ordinal>1</ns2:ordinal>
                        <ns2:paymentDate>2017-03-27</ns2:paymentDate>
                        <ns2:price>234989</ns2:price>
                        <ns2:currency>
                            <code>RUB</code>
                            <digitalCode>643</digitalCode>
                            <name>Российский рубль</name>
                        </ns2:currency>
                        <ns2:rubPrice>234989</ns2:rubPrice>
                        <ns2:prepaid>false</ns2:prepaid>
                        <ns2:docs>
                            <ns2:doc>
                                <ns2:ordinal>1</ns2:ordinal>
                                <ns2:date>2017-03-20</ns2:date>
                                <ns2:code>01</ns2:code>
                                <ns2:name>товарная накладная</ns2:name>
                                <ns2:number>911</ns2:number>
                                <ns2:contractPosition>
                                    <ns2:guid>79653c95-9fc4-44d0-9fcc-18ecfb2ec7c0</ns2:guid>
                                    <ns2:name>Аппараты контрольно-кассовые</ns2:name>
                                    <ns2:okpd2>
                                        <code>28.23.13.120</code>
                                        <name>Аппараты контрольно-кассовые</name>
                                    </ns2:okpd2>
                                </ns2:contractPosition>
                                <ns2:okei>
                                    <code>383</code>
                                    <name>Рубль</name>
                                </ns2:okei>
                                <ns2:qty>234989</ns2:qty>
                            </ns2:doc>
                        </ns2:docs>
                    </ns2:position>
                    <ns2:total>234989</ns2:total>
                </ns2:positions>
            </ns2:performanceContractData>
        </ns2:item>
    </ns2:body>
</ns2:performanceContract>
