<?xml version="1.0" encoding="UTF-8" standalone="yes"?>
<ns2:performanceContract xsi:schemaLocation="http://zakupki.gov.ru/223/integration/schema/TFF-5.2 http://zakupki.gov.ru/223/integration/schema/TFF-5.2/Types.xsd" xmlns="http://zakupki.gov.ru/223fz/types/1" xmlns:ns10="http://zakupki.gov.ru/223fz/complaint/1" xmlns:ns11="http://zakupki.gov.ru/223fz/notificationIssue/1" xmlns:ns12="http://zakupki.gov.ru/223fz/purchasePlanProject/1" xmlns:ns13="http://zakupki.gov.ru/223fz/purchase/1" xmlns:ns14="http://zakupki.gov.ru/223fz/purchasePlanProjectAdditionalPosition/1" xmlns:ns15="http://zakupki.gov.ru/223fz/missedNotice/1" xmlns:ns16="http://zakupki.gov.ru/223fz/reference/1" xmlns:ns17="http://zakupki.gov.ru/223fz/stopCommodity/1" xmlns:ns18="http://zakupki.gov.ru/223fz/decisionSuspension/1" xmlns:ns19="http://zakupki.gov.ru/223fz/webRequest/1" xmlns:ns2="http://zakupki.gov.ru/223fz/contract/1" xmlns:xsi="http://www.w3.org/2001/XMLSchema-instance" xmlns:ns3="http://zakupki.gov.ru/223fz/dishonestSupplier/1" xmlns:ns4="http://zakupki.gov.ru/223fz/purchasePlanAdditionalPosition/1" xmlns:ns5="http://zakupki.gov.ru/223fz/purchasePlan/1" xmlns:ns6="http://zakupki.gov.ru/223fz/machineryListInfo/1" xmlns:ns7="http://zakupki.gov.ru/223fz/revenue/1" xmlns:ns8="http://zakupki.gov.ru/223fz/orderClauseList/1" xmlns:ns9="http://zakupki.gov.ru/223fz/disagreementProtocol/1">
    <header>
        <guid>64b567e4-4a70-4f9e-ba1d-919b361b8f7d</guid>
        <createDateTime>2017-03-29T13:17:43</createDateTime>
    </header>
    <ns2:body>
        <ns2:item>
            <guid>b2e77c36-44b9-4450-91ac-dd49d6f81258</guid>
            <ns2:performanceContractData>
                <ns2:guid>48486746-52b2-443e-bab4-21b294abc6ce</ns2:guid>
                <ns2:registrationNumber>56658027450170000610003</ns2:registrationNumber>
                <ns2:urlOOS>https://zakupki.gov.ru/223/contract/private/completing/info/view.html?id=2658687</ns2:urlOOS>
                <ns2:createDateTime>2017-01-20T11:38:33</ns2:createDateTime>
                <ns2:customer>
                    <mainInfo>
                        <fullName>МУНИЦИПАЛЬНОЕ АВТОНОМНОЕ УЧРЕЖДЕНИЕ ЗДРАВООХРАНЕНИЯ "ГОРОДСКАЯ КЛИНИЧЕСКАЯ БОЛЬНИЦА № 40"</fullName>
                        <shortName>МАУ "ГКБ № 40"</shortName>
                        <iko>56658027450665801001</iko>
                        <inn>6658027450</inn>
                        <kpp>665801001</kpp>
                        <ogrn>1026602347914</ogrn>
                        <legalAddress>620102, ОБЛ СВЕРДЛОВСКАЯ, Г ЕКАТЕРИНБУРГ, УЛ ВОЛГОГРАДСКАЯ, дом 189</legalAddress>
                        <postalAddress>620102, г. Екатеринбург, ул. Волгоградская, 189</postalAddress>
                        <phone>7-343-2979814</phone>
                        <fax>7-343-2669721</fax>
                        <email>korteva@gkb40.ur.ru</email>
                        <okato>65401364000</okato>
                        <okpo>01944370</okpo>
                    </mainInfo>
                </ns2:customer>
                <ns2:placer>
                    <mainInfo>
                        <fullName>МУНИЦИПАЛЬНОЕ АВТОНОМНОЕ УЧРЕЖДЕНИЕ ЗДРАВООХРАНЕНИЯ "ГОРОДСКАЯ КЛИНИЧЕСКАЯ БОЛЬНИЦА № 40"</fullName>
                        <shortName>МАУ "ГКБ № 40"</shortName>
                        <iko>56658027450665801001</iko>
                        <inn>6658027450</inn>
                        <kpp>665801001</kpp>
                        <ogrn>1026602347914</ogrn>
                        <legalAddress>620102, ОБЛ СВЕРДЛОВСКАЯ, Г ЕКАТЕРИНБУРГ, УЛ ВОЛГОГРАДСКАЯ, дом 189</legalAddress>
                        <postalAddress>620102, г. Екатеринбург, ул. Волгоградская, 189</postalAddress>
                        <phone>7-343-2979814</phone>
                        <fax>7-343-2669721</fax>
                        <email>korteva@gkb40.ur.ru</email>
                        <okato>65401364000</okato>
                        <okpo>01944370</okpo>
                    </mainInfo>
                </ns2:placer>
                <ns2:publicationDate>2017-03-29T13:17:43</ns2:publicationDate>
                <ns2:status>P</ns2:status>
                <ns2:version>1</ns2:version>
                <ns2:completed>false</ns2:completed>
                <ns2:attachments>
                    <totalDocumentsCount>1</totalDocumentsCount>
                    <document>
                        <guid>1ad12b97-df94-4500-8484-d4a0c033cac1</guid>
                        <createDateTime>2017-03-29T13:17:28</createDateTime>
                        <fileName>184543 от 27.03.2017.pdf</fileName>
                        <description>184543 от 27.03.2017</description>
                        <url>https://zakupki.gov.ru/223/contract/private/download/download.html?id=11695342</url>
                        <registrationNumber>56658027450170000610004</registrationNumber>
                    </document>
                </ns2:attachments>
                <ns2:hasPenalty>false</ns2:hasPenalty>
                <ns2:contractRegNumber>56658027450170000610000</ns2:contractRegNumber>
                <ns2:contractInfo>
                    <ns2:guid>f9623a04-8726-4c99-8448-089d205b4b1b</ns2:guid>
                    <ns2:name>2223</ns2:name>
                    <ns2:agencyName>МАУ "ГКБ № 40"</ns2:agencyName>
                    <ns2:supplierName>ГОСУДАРСТВЕННОЕ БЮДЖЕТНОЕ УЧРЕЖДЕНИЕ ЗДРАВООХРАНЕНИЯ СВЕРДЛОВСКОЙ ОБЛАСТИ "СВЕРДЛОВСКИЙ ОБЛАСТНОЙ ОНКОЛОГИЧЕСКИЙ ДИСПАНСЕР"</ns2:supplierName>
                    <ns2:lotInfo>Иммуногистохимические  исследования</ns2:lotInfo>
                    <ns2:contractDate>2017-01-01</ns2:contractDate>
                </ns2:contractInfo>
                <ns2:positions>
                    <ns2:position>
                        <ns2:ordinal>1</ns2:ordinal>
                        <ns2:paymentDate>2017-03-27</ns2:paymentDate>
                        <ns2:price>112200</ns2:price>
                        <ns2:currency>
                            <code>RUB</code>
                            <digitalCode>643</digitalCode>
                            <name>Российский рубль</name>
                        </ns2:currency>
                        <ns2:rubPrice>112200</ns2:rubPrice>
                        <ns2:prepaid>false</ns2:prepaid>
                        <ns2:docs>
                            <ns2:doc>
                                <ns2:ordinal>1</ns2:ordinal>
                                <ns2:date>2017-02-10</ns2:date>
                                <ns2:code>18</ns2:code>
                                <ns2:name>счет на оплату</ns2:name>
                                <ns2:number>14-С</ns2:number>
                                <ns2:contractPosition>
                                    <ns2:guid>f42afefe-f4d7-4e93-b48e-e6e844504224</ns2:guid>
                                    <ns2:name>Иммуногистохимические исследования</ns2:name>
                                    <ns2:okpd2>
                                        <code>86.90.15</code>
                                        <name>Услуги медицинских лабораторий</name>
                                    </ns2:okpd2>
                                </ns2:contractPosition>
                                <ns2:okei>
                                    <code>876</code>
                                    <name>Условная единица</name>
                                </ns2:okei>
                                <ns2:qty>1</ns2:qty>
                            </ns2:doc>
                        </ns2:docs>
                    </ns2:position>
                    <ns2:total>112200</ns2:total>
                </ns2:positions>
            </ns2:performanceContractData>
        </ns2:item>
    </ns2:body>
</ns2:performanceContract>
