<?xml version="1.0" encoding="UTF-8" standalone="yes"?>
<ns2:performanceContract xsi:schemaLocation="http://zakupki.gov.ru/223/integration/schema/TFF-5.2 http://zakupki.gov.ru/223/integration/schema/TFF-5.2/Types.xsd" xmlns="http://zakupki.gov.ru/223fz/types/1" xmlns:ns10="http://zakupki.gov.ru/223fz/complaint/1" xmlns:ns11="http://zakupki.gov.ru/223fz/notificationIssue/1" xmlns:ns12="http://zakupki.gov.ru/223fz/purchasePlanProject/1" xmlns:ns13="http://zakupki.gov.ru/223fz/purchase/1" xmlns:ns14="http://zakupki.gov.ru/223fz/purchasePlanProjectAdditionalPosition/1" xmlns:ns15="http://zakupki.gov.ru/223fz/missedNotice/1" xmlns:ns16="http://zakupki.gov.ru/223fz/reference/1" xmlns:ns17="http://zakupki.gov.ru/223fz/stopCommodity/1" xmlns:ns18="http://zakupki.gov.ru/223fz/decisionSuspension/1" xmlns:ns19="http://zakupki.gov.ru/223fz/webRequest/1" xmlns:ns2="http://zakupki.gov.ru/223fz/contract/1" xmlns:xsi="http://www.w3.org/2001/XMLSchema-instance" xmlns:ns3="http://zakupki.gov.ru/223fz/dishonestSupplier/1" xmlns:ns4="http://zakupki.gov.ru/223fz/purchasePlanAdditionalPosition/1" xmlns:ns5="http://zakupki.gov.ru/223fz/purchasePlan/1" xmlns:ns6="http://zakupki.gov.ru/223fz/machineryListInfo/1" xmlns:ns7="http://zakupki.gov.ru/223fz/revenue/1" xmlns:ns8="http://zakupki.gov.ru/223fz/orderClauseList/1" xmlns:ns9="http://zakupki.gov.ru/223fz/disagreementProtocol/1">
    <header>
        <guid>8ac3f386-2b9e-49c2-a1f6-cf5def550bd0</guid>
        <createDateTime>2017-03-29T12:37:03</createDateTime>
    </header>
    <ns2:body>
        <ns2:item>
            <guid>dc4e56b8-a01b-4104-ae83-3456b647220d</guid>
            <ns2:performanceContractData>
                <ns2:guid>539849da-ee12-4368-a69e-fdba1b718db1</ns2:guid>
                <ns2:registrationNumber>56658066139160000080014</ns2:registrationNumber>
                <ns2:urlOOS>https://zakupki.gov.ru/223/contract/private/completing/info/view.html?id=2658228</ns2:urlOOS>
                <ns2:createDateTime>2016-12-14T15:26:31</ns2:createDateTime>
                <ns2:customer>
                    <mainInfo>
                        <fullName>МУНИЦИПАЛЬНОЕ АВТОНОМНОЕ ОБЩЕОБРАЗОВАТЕЛЬНОЕ УЧРЕЖДЕНИЕ-СРЕДНЯЯ ОБЩЕОБРАЗОВАТЕЛЬНАЯ ШКОЛА №168</fullName>
                        <shortName>МАОУ-СОШ №168</shortName>
                        <iko>56658066139665801001</iko>
                        <inn>6658066139</inn>
                        <kpp>665801001</kpp>
                        <ogrn>1026602325540</ogrn>
                        <legalAddress>620102, Свердловская, Екатеринбург, Серафимы Дерябиной, дом 27, корпус а</legalAddress>
                        <postalAddress>620102, Свердловская, Екатеринбург, Серафимы Дерябиной, дом 27, корпус а</postalAddress>
                        <phone>7-343-2334081</phone>
                        <fax>7-343-2334081</fax>
                        <email>school168@bk.ru</email>
                        <okato>65401364000</okato>
                        <okpo>41746036</okpo>
                    </mainInfo>
                </ns2:customer>
                <ns2:placer>
                    <mainInfo>
                        <fullName>МУНИЦИПАЛЬНОЕ АВТОНОМНОЕ ОБЩЕОБРАЗОВАТЕЛЬНОЕ УЧРЕЖДЕНИЕ-СРЕДНЯЯ ОБЩЕОБРАЗОВАТЕЛЬНАЯ ШКОЛА №168</fullName>
                        <shortName>МАОУ-СОШ №168</shortName>
                        <iko>56658066139665801001</iko>
                        <inn>6658066139</inn>
                        <kpp>665801001</kpp>
                        <ogrn>1026602325540</ogrn>
                        <legalAddress>620102, Свердловская, Екатеринбург, Серафимы Дерябиной, дом 27, корпус а</legalAddress>
                        <postalAddress>620102, Свердловская, Екатеринбург, Серафимы Дерябиной, дом 27, корпус а</postalAddress>
                        <phone>7-343-2334081</phone>
                        <fax>7-343-2334081</fax>
                        <email>school168@bk.ru</email>
                        <okato>65401364000</okato>
                        <okpo>41746036</okpo>
                    </mainInfo>
                </ns2:placer>
                <ns2:publicationDate>2017-03-29T12:37:03</ns2:publicationDate>
                <ns2:status>P</ns2:status>
                <ns2:version>1</ns2:version>
                <ns2:completed>false</ns2:completed>
                <ns2:attachments>
                    <totalDocumentsCount>2</totalDocumentsCount>
                    <document>
                        <guid>07ae1eec-1038-4029-99b0-dec1cc0f57c7</guid>
                        <createDateTime>2017-03-29T12:36:42</createDateTime>
                        <fileName>Акт № 14537 от 28.02.pdf</fileName>
                        <description>Акт № 14537 от 28.02</description>
                        <url>https://zakupki.gov.ru/223/contract/private/download/download.html?id=11693224</url>
                        <registrationNumber>56658066139160000080015</registrationNumber>
                    </document>
                    <document>
                        <guid>001741ba-1fa8-4b38-957a-f93e23eedd50</guid>
                        <createDateTime>2017-03-29T12:36:48</createDateTime>
                        <fileName>пп №183524 от 27.03.pdf</fileName>
                        <description>пп №183524 от 27.03</description>
                        <url>https://zakupki.gov.ru/223/contract/private/download/download.html?id=11693230</url>
                        <registrationNumber>56658066139160000080016</registrationNumber>
                    </document>
                </ns2:attachments>
                <ns2:hasPenalty>false</ns2:hasPenalty>
                <ns2:contractRegNumber>56658066139160000080000</ns2:contractRegNumber>
                <ns2:contractInfo>
                    <ns2:guid>b574549f-80bb-496b-82b5-a603adf822e2</ns2:guid>
                    <ns2:name>3444</ns2:name>
                    <ns2:agencyName>МАОУ-СОШ №168</ns2:agencyName>
                    <ns2:supplierName>ЕКАТЕРИНБУРГСКОЕ МУНИЦИПАЛЬНОЕ УНИТАРНОЕ ПРЕДПРИЯТИЕ ВОДОПРОВОДНО-КАНАЛИЗАЦИОННОГО ХОЗЯЙСТВА</ns2:supplierName>
                    <ns2:lotInfo>Осуществление холодного водоснабжения и водоотведения</ns2:lotInfo>
                    <ns2:contractDate>2016-12-15</ns2:contractDate>
                </ns2:contractInfo>
                <ns2:positions>
                    <ns2:position>
                        <ns2:ordinal>1</ns2:ordinal>
                        <ns2:paymentDate>2017-03-27</ns2:paymentDate>
                        <ns2:price>15168.57</ns2:price>
                        <ns2:currency>
                            <code>RUB</code>
                            <digitalCode>643</digitalCode>
                            <name>Российский рубль</name>
                        </ns2:currency>
                        <ns2:rubPrice>15168.57</ns2:rubPrice>
                        <ns2:prepaid>false</ns2:prepaid>
                        <ns2:docs>
                            <ns2:doc>
                                <ns2:ordinal>1</ns2:ordinal>
                                <ns2:date>2017-02-28</ns2:date>
                                <ns2:code>19</ns2:code>
                                <ns2:name>счет-фактура</ns2:name>
                                <ns2:number>А14537</ns2:number>
                                <ns2:contractPosition>
                                    <ns2:guid>5c67a88e-bcd2-4cdd-96ad-a70e13d91ca6</ns2:guid>
                                    <ns2:name>Вода питьевая</ns2:name>
                                    <ns2:okpd2>
                                        <code>36.00.11.000</code>
                                        <name>Вода питьевая</name>
                                    </ns2:okpd2>
                                </ns2:contractPosition>
                                <ns2:okei>
                                    <code>876</code>
                                    <name>Условная единица</name>
                                </ns2:okei>
                                <ns2:qty>1</ns2:qty>
                            </ns2:doc>
                        </ns2:docs>
                    </ns2:position>
                    <ns2:total>15168.57</ns2:total>
                </ns2:positions>
            </ns2:performanceContractData>
        </ns2:item>
    </ns2:body>
</ns2:performanceContract>
