<?xml version="1.0" encoding="UTF-8" standalone="yes"?>
<ns2:performanceContract xsi:schemaLocation="http://zakupki.gov.ru/223/integration/schema/TFF-5.2 http://zakupki.gov.ru/223/integration/schema/TFF-5.2/Types.xsd" xmlns="http://zakupki.gov.ru/223fz/types/1" xmlns:ns10="http://zakupki.gov.ru/223fz/complaint/1" xmlns:ns11="http://zakupki.gov.ru/223fz/notificationIssue/1" xmlns:ns12="http://zakupki.gov.ru/223fz/purchasePlanProject/1" xmlns:ns13="http://zakupki.gov.ru/223fz/purchase/1" xmlns:ns14="http://zakupki.gov.ru/223fz/purchasePlanProjectAdditionalPosition/1" xmlns:ns15="http://zakupki.gov.ru/223fz/missedNotice/1" xmlns:ns16="http://zakupki.gov.ru/223fz/reference/1" xmlns:ns17="http://zakupki.gov.ru/223fz/stopCommodity/1" xmlns:ns18="http://zakupki.gov.ru/223fz/decisionSuspension/1" xmlns:ns19="http://zakupki.gov.ru/223fz/webRequest/1" xmlns:ns2="http://zakupki.gov.ru/223fz/contract/1" xmlns:xsi="http://www.w3.org/2001/XMLSchema-instance" xmlns:ns3="http://zakupki.gov.ru/223fz/dishonestSupplier/1" xmlns:ns4="http://zakupki.gov.ru/223fz/purchasePlanAdditionalPosition/1" xmlns:ns5="http://zakupki.gov.ru/223fz/purchasePlan/1" xmlns:ns6="http://zakupki.gov.ru/223fz/machineryListInfo/1" xmlns:ns7="http://zakupki.gov.ru/223fz/revenue/1" xmlns:ns8="http://zakupki.gov.ru/223fz/orderClauseList/1" xmlns:ns9="http://zakupki.gov.ru/223fz/disagreementProtocol/1">
    <header>
        <guid>4ca7f594-64e7-4762-b561-3ee9b1ca3c5b</guid>
        <createDateTime>2017-03-29T12:50:06</createDateTime>
    </header>
    <ns2:body>
        <ns2:item>
            <guid>a5e584fd-7113-457b-8b1e-5e7b12242283</guid>
            <ns2:performanceContractData>
                <ns2:guid>c62ccd2c-0a61-4e98-b7e9-3bb1d3187f74</ns2:guid>
                <ns2:registrationNumber>86671446235170000550003</ns2:registrationNumber>
                <ns2:urlOOS>https://zakupki.gov.ru/223/contract/private/completing/info/view.html?id=2658352</ns2:urlOOS>
                <ns2:createDateTime>2017-03-22T07:53:13</ns2:createDateTime>
                <ns2:customer>
                    <mainInfo>
                        <fullName>ГОСУДАРСТВЕННОЕ АВТОНОМНОЕ УЧРЕЖДЕНИЕ ЗДРАВООХРАНЕНИЯ СВЕРДЛОВСКОЙ ОБЛАСТИ "СВЕРДЛОВСКАЯ ОБЛАСТНАЯ СТОМАТОЛОГИЧЕСКАЯ ПОЛИКЛИНИКА"</fullName>
                        <shortName>ГАУЗ СО "СОСП"</shortName>
                        <iko>86671446235667101001</iko>
                        <inn>6671446235</inn>
                        <kpp>667101001</kpp>
                        <ogrn>1146671003621</ogrn>
                        <legalAddress>620142, ОБЛ СВЕРДЛОВСКАЯ, Г ЕКАТЕРИНБУРГ, УЛ ЩОРСА, дом ДОМ 34</legalAddress>
                        <postalAddress>620142, г. Екатеринбург, ул. Щорса, 34</postalAddress>
                        <phone>7-343-2662331</phone>
                        <email>zakupki@sosp.ru</email>
                        <okato>65401377000</okato>
                        <okpo>01944507</okpo>
                    </mainInfo>
                </ns2:customer>
                <ns2:placer>
                    <mainInfo>
                        <fullName>ГОСУДАРСТВЕННОЕ АВТОНОМНОЕ УЧРЕЖДЕНИЕ ЗДРАВООХРАНЕНИЯ СВЕРДЛОВСКОЙ ОБЛАСТИ "СВЕРДЛОВСКАЯ ОБЛАСТНАЯ СТОМАТОЛОГИЧЕСКАЯ ПОЛИКЛИНИКА"</fullName>
                        <shortName>ГАУЗ СО "СОСП"</shortName>
                        <iko>86671446235667101001</iko>
                        <inn>6671446235</inn>
                        <kpp>667101001</kpp>
                        <ogrn>1146671003621</ogrn>
                        <legalAddress>620142, ОБЛ СВЕРДЛОВСКАЯ, Г ЕКАТЕРИНБУРГ, УЛ ЩОРСА, дом ДОМ 34</legalAddress>
                        <postalAddress>620142, г. Екатеринбург, ул. Щорса, 34</postalAddress>
                        <phone>7-343-2662331</phone>
                        <email>zakupki@sosp.ru</email>
                        <okato>65401377000</okato>
                        <okpo>01944507</okpo>
                    </mainInfo>
                </ns2:placer>
                <ns2:publicationDate>2017-03-29T12:50:06</ns2:publicationDate>
                <ns2:status>P</ns2:status>
                <ns2:version>1</ns2:version>
                <ns2:completed>true</ns2:completed>
                <ns2:attachments>
                    <totalDocumentsCount>2</totalDocumentsCount>
                    <document>
                        <guid>81116d96-3fd1-45cc-b5fb-e947926c521f</guid>
                        <createDateTime>2017-03-29T12:48:20</createDateTime>
                        <fileName>к договору 2017-99 платежное поручение.xlsx</fileName>
                        <description>к договору 2017-99 платежное поручение</description>
                        <url>https://zakupki.gov.ru/223/contract/private/download/download.html?id=11693737</url>
                        <registrationNumber>86671446235170000550004</registrationNumber>
                    </document>
                    <document>
                        <guid>05d6a689-58dc-4c30-a920-713d8c61f8b5</guid>
                        <createDateTime>2017-03-29T12:48:27</createDateTime>
                        <fileName>к дог.2017-99 тов.накл.№1578 от 23.03.2017.pdf</fileName>
                        <description>к дог.2017-99 тов.накл.№1578 от 23.03.2017</description>
                        <url>https://zakupki.gov.ru/223/contract/private/download/download.html?id=11693742</url>
                        <registrationNumber>86671446235170000550005</registrationNumber>
                    </document>
                </ns2:attachments>
                <ns2:hasPenalty>false</ns2:hasPenalty>
                <ns2:contractRegNumber>86671446235170000550000</ns2:contractRegNumber>
                <ns2:contractInfo>
                    <ns2:guid>eb948d59-5ec1-485d-a640-6376619b7ff2</ns2:guid>
                    <ns2:name>2017-99</ns2:name>
                    <ns2:agencyName>ГАУЗ СО "СОСП"</ns2:agencyName>
                    <ns2:supplierName>ОБЩЕСТВО С ОГРАНИЧЕННОЙ ОТВЕТСТВЕННОСТЬЮ "УРАЛКВАДРОМЕД"</ns2:supplierName>
                    <ns2:lotInfo>Поставка стоматологических наконечников и аксессуаров</ns2:lotInfo>
                    <ns2:contractDate>2017-03-21</ns2:contractDate>
                </ns2:contractInfo>
                <ns2:positions>
                    <ns2:position>
                        <ns2:ordinal>1</ns2:ordinal>
                        <ns2:paymentDate>2017-03-28</ns2:paymentDate>
                        <ns2:price>343965</ns2:price>
                        <ns2:currency>
                            <code>RUB</code>
                            <digitalCode>643</digitalCode>
                            <name>Российский рубль</name>
                        </ns2:currency>
                        <ns2:rubPrice>343965</ns2:rubPrice>
                        <ns2:prepaid>false</ns2:prepaid>
                        <ns2:docs>
                            <ns2:doc>
                                <ns2:ordinal>1</ns2:ordinal>
                                <ns2:date>2017-03-23</ns2:date>
                                <ns2:code>01</ns2:code>
                                <ns2:name>товарная накладная</ns2:name>
                                <ns2:number>1578</ns2:number>
                                <ns2:contractPosition>
                                    <ns2:guid>35a37f7a-a814-4036-99a4-daa9c962a6b0</ns2:guid>
                                    <ns2:name>Инструменты и приспособления стоматологические</ns2:name>
                                    <ns2:okpd2>
                                        <code>32.50.11.000</code>
                                        <name>Инструменты и приспособления стоматологические</name>
                                    </ns2:okpd2>
                                </ns2:contractPosition>
                                <ns2:okei>
                                    <code>796</code>
                                    <name>Штука</name>
                                </ns2:okei>
                                <ns2:qty>16</ns2:qty>
                            </ns2:doc>
                        </ns2:docs>
                    </ns2:position>
                    <ns2:total>343965</ns2:total>
                </ns2:positions>
            </ns2:performanceContractData>
        </ns2:item>
    </ns2:body>
</ns2:performanceContract>
