<?xml version="1.0" encoding="UTF-8" standalone="yes"?>
<ns2:performanceContract xsi:schemaLocation="http://zakupki.gov.ru/223/integration/schema/TFF-5.2 http://zakupki.gov.ru/223/integration/schema/TFF-5.2/Types.xsd" xmlns="http://zakupki.gov.ru/223fz/types/1" xmlns:ns10="http://zakupki.gov.ru/223fz/complaint/1" xmlns:ns11="http://zakupki.gov.ru/223fz/notificationIssue/1" xmlns:ns12="http://zakupki.gov.ru/223fz/purchasePlanProject/1" xmlns:ns13="http://zakupki.gov.ru/223fz/purchase/1" xmlns:ns14="http://zakupki.gov.ru/223fz/purchasePlanProjectAdditionalPosition/1" xmlns:ns15="http://zakupki.gov.ru/223fz/missedNotice/1" xmlns:ns16="http://zakupki.gov.ru/223fz/reference/1" xmlns:ns17="http://zakupki.gov.ru/223fz/stopCommodity/1" xmlns:ns18="http://zakupki.gov.ru/223fz/decisionSuspension/1" xmlns:ns19="http://zakupki.gov.ru/223fz/webRequest/1" xmlns:ns2="http://zakupki.gov.ru/223fz/contract/1" xmlns:xsi="http://www.w3.org/2001/XMLSchema-instance" xmlns:ns3="http://zakupki.gov.ru/223fz/dishonestSupplier/1" xmlns:ns4="http://zakupki.gov.ru/223fz/purchasePlanAdditionalPosition/1" xmlns:ns5="http://zakupki.gov.ru/223fz/purchasePlan/1" xmlns:ns6="http://zakupki.gov.ru/223fz/machineryListInfo/1" xmlns:ns7="http://zakupki.gov.ru/223fz/revenue/1" xmlns:ns8="http://zakupki.gov.ru/223fz/orderClauseList/1" xmlns:ns9="http://zakupki.gov.ru/223fz/disagreementProtocol/1">
    <header>
        <guid>c272523e-c529-4c1f-a977-cb9a2aecbdde</guid>
        <createDateTime>2017-03-29T13:54:20</createDateTime>
    </header>
    <ns2:body>
        <ns2:item>
            <guid>9dc78009-6646-44b7-95ff-8d5bd64add3f</guid>
            <ns2:performanceContractData>
                <ns2:guid>43296354-7296-4c86-a98e-79d7dbf5f41f</ns2:guid>
                <ns2:registrationNumber>86662124545170000080003</ns2:registrationNumber>
                <ns2:urlOOS>https://zakupki.gov.ru/223/contract/private/completing/info/view.html?id=2659220</ns2:urlOOS>
                <ns2:createDateTime>2017-02-09T06:59:25</ns2:createDateTime>
                <ns2:customer>
                    <mainInfo>
                        <fullName>ФЕДЕРАЛЬНОЕ ГОСУДАРСТВЕННОЕ БЮДЖЕТНОЕ УЧРЕЖДЕНИЕ ЗДРАВООХРАНЕНИЯ ПОЛИКЛИНИКА УРАЛЬСКОГО ОТДЕЛЕНИЯ РОССИЙСКОЙ АКАДЕМИИ НАУК</fullName>
                        <shortName>ПОЛИКЛИНИКА УРО РАН</shortName>
                        <iko>86662124545668501001</iko>
                        <inn>6662124545</inn>
                        <kpp>668501001</kpp>
                        <ogrn>1026605414274</ogrn>
                        <legalAddress>620151, Свердловская, Екатеринбург, Луначарского, дом 182</legalAddress>
                        <postalAddress>620151, Свердловская Область, Екатеринбург Город, Луначарского Улица, дом 182</postalAddress>
                        <phone>7-343-3506170</phone>
                        <fax>7-343-3506170</fax>
                        <email>lel11@yandex.ru</email>
                        <okato>65401380000</okato>
                        <okpo>04683438</okpo>
                    </mainInfo>
                </ns2:customer>
                <ns2:placer>
                    <mainInfo>
                        <fullName>ФЕДЕРАЛЬНОЕ ГОСУДАРСТВЕННОЕ БЮДЖЕТНОЕ УЧРЕЖДЕНИЕ ЗДРАВООХРАНЕНИЯ ПОЛИКЛИНИКА УРАЛЬСКОГО ОТДЕЛЕНИЯ РОССИЙСКОЙ АКАДЕМИИ НАУК</fullName>
                        <shortName>ПОЛИКЛИНИКА УРО РАН</shortName>
                        <iko>86662124545668501001</iko>
                        <inn>6662124545</inn>
                        <kpp>668501001</kpp>
                        <ogrn>1026605414274</ogrn>
                        <legalAddress>620151, Свердловская, Екатеринбург, Луначарского, дом 182</legalAddress>
                        <postalAddress>620151, Свердловская Область, Екатеринбург Город, Луначарского Улица, дом 182</postalAddress>
                        <phone>7-343-3506170</phone>
                        <fax>7-343-3506170</fax>
                        <email>lel11@yandex.ru</email>
                        <okato>65401380000</okato>
                        <okpo>04683438</okpo>
                    </mainInfo>
                </ns2:placer>
                <ns2:publicationDate>2017-03-29T13:54:20</ns2:publicationDate>
                <ns2:status>P</ns2:status>
                <ns2:version>1</ns2:version>
                <ns2:completed>false</ns2:completed>
                <ns2:attachments>
                    <totalDocumentsCount>2</totalDocumentsCount>
                    <document>
                        <guid>ee2cbfb8-7b8d-4f10-9537-869de755fdbb</guid>
                        <createDateTime>2017-03-29T13:53:56</createDateTime>
                        <fileName>Scan1.JPG</fileName>
                        <description>Scan1</description>
                        <url>https://zakupki.gov.ru/223/contract/private/download/download.html?id=11697778</url>
                        <registrationNumber>86662124545170000080004</registrationNumber>
                    </document>
                    <document>
                        <guid>e0825638-975b-4f6d-adae-3fdc0e17b054</guid>
                        <createDateTime>2017-03-29T13:54:05</createDateTime>
                        <fileName>С000001136.JPG</fileName>
                        <description>С000001136</description>
                        <url>https://zakupki.gov.ru/223/contract/private/download/download.html?id=11697783</url>
                        <registrationNumber>86662124545170000080005</registrationNumber>
                    </document>
                </ns2:attachments>
                <ns2:hasPenalty>false</ns2:hasPenalty>
                <ns2:contractRegNumber>86662124545170000080000</ns2:contractRegNumber>
                <ns2:contractInfo>
                    <ns2:guid>68a4a527-c89a-4620-9f47-1e653c78c9e1</ns2:guid>
                    <ns2:name>6АЭ-2017</ns2:name>
                    <ns2:agencyName>ПОЛИКЛИНИКА УРО РАН</ns2:agencyName>
                    <ns2:supplierName>ОБЩЕСТВО С ОГРАНИЧЕННОЙ ОТВЕТСТВЕННОСТЬЮ "СОЛО+"</ns2:supplierName>
                    <ns2:lotInfo>Анестетик для стоматологии</ns2:lotInfo>
                    <ns2:contractDate>2017-02-07</ns2:contractDate>
                </ns2:contractInfo>
                <ns2:positions>
                    <ns2:position>
                        <ns2:ordinal>2</ns2:ordinal>
                        <ns2:paymentDate>2017-03-20</ns2:paymentDate>
                        <ns2:price>36500</ns2:price>
                        <ns2:currency>
                            <code>RUB</code>
                            <digitalCode>643</digitalCode>
                            <name>Российский рубль</name>
                        </ns2:currency>
                        <ns2:rubPrice>36500</ns2:rubPrice>
                        <ns2:prepaid>false</ns2:prepaid>
                        <ns2:docs>
                            <ns2:doc>
                                <ns2:ordinal>1</ns2:ordinal>
                                <ns2:date>2017-03-10</ns2:date>
                                <ns2:code>19</ns2:code>
                                <ns2:name>счет-фактура</ns2:name>
                                <ns2:number>С 000001136</ns2:number>
                                <ns2:contractPosition>
                                    <ns2:guid>fd0c6738-1a62-464f-b45c-01f385eb9c33</ns2:guid>
                                    <ns2:name>Препараты лекарственные и материалы, применяемые в медицинских целях</ns2:name>
                                    <ns2:okpd2>
                                        <code>21.20</code>
                                        <name>Препараты лекарственные и материалы, применяемые в медицинских целях</name>
                                    </ns2:okpd2>
                                </ns2:contractPosition>
                                <ns2:okei>
                                    <code>876</code>
                                    <name>Условная единица</name>
                                </ns2:okei>
                                <ns2:qty>1</ns2:qty>
                            </ns2:doc>
                        </ns2:docs>
                    </ns2:position>
                    <ns2:position>
                        <ns2:ordinal>1</ns2:ordinal>
                        <ns2:paymentDate>2017-02-14</ns2:paymentDate>
                        <ns2:price>39610</ns2:price>
                        <ns2:currency>
                            <code>RUB</code>
                            <digitalCode>643</digitalCode>
                            <name>Российский рубль</name>
                        </ns2:currency>
                        <ns2:rubPrice>39610</ns2:rubPrice>
                        <ns2:prepaid>false</ns2:prepaid>
                        <ns2:docs>
                            <ns2:doc>
                                <ns2:ordinal>1</ns2:ordinal>
                                <ns2:date>2017-02-10</ns2:date>
                                <ns2:code>19</ns2:code>
                                <ns2:name>счет-фактура</ns2:name>
                                <ns2:number>С 000000667</ns2:number>
                                <ns2:contractPosition>
                                    <ns2:guid>fd0c6738-1a62-464f-b45c-01f385eb9c33</ns2:guid>
                                    <ns2:name>Препараты лекарственные и материалы, применяемые в медицинских целях</ns2:name>
                                    <ns2:okpd2>
                                        <code>21.20</code>
                                        <name>Препараты лекарственные и материалы, применяемые в медицинских целях</name>
                                    </ns2:okpd2>
                                </ns2:contractPosition>
                                <ns2:okei>
                                    <code>876</code>
                                    <name>Условная единица</name>
                                </ns2:okei>
                                <ns2:qty>1</ns2:qty>
                            </ns2:doc>
                        </ns2:docs>
                    </ns2:position>
                    <ns2:total>76110</ns2:total>
                </ns2:positions>
            </ns2:performanceContractData>
        </ns2:item>
    </ns2:body>
</ns2:performanceContract>
