<?xml version="1.0" encoding="UTF-8" standalone="yes"?>
<ns2:performanceContract xsi:schemaLocation="http://zakupki.gov.ru/223/integration/schema/TFF-5.2 http://zakupki.gov.ru/223/integration/schema/TFF-5.2/Types.xsd" xmlns="http://zakupki.gov.ru/223fz/types/1" xmlns:ns10="http://zakupki.gov.ru/223fz/complaint/1" xmlns:ns11="http://zakupki.gov.ru/223fz/notificationIssue/1" xmlns:ns12="http://zakupki.gov.ru/223fz/purchasePlanProject/1" xmlns:ns13="http://zakupki.gov.ru/223fz/purchase/1" xmlns:ns14="http://zakupki.gov.ru/223fz/purchasePlanProjectAdditionalPosition/1" xmlns:ns15="http://zakupki.gov.ru/223fz/missedNotice/1" xmlns:ns16="http://zakupki.gov.ru/223fz/reference/1" xmlns:ns17="http://zakupki.gov.ru/223fz/stopCommodity/1" xmlns:ns18="http://zakupki.gov.ru/223fz/decisionSuspension/1" xmlns:ns19="http://zakupki.gov.ru/223fz/webRequest/1" xmlns:ns2="http://zakupki.gov.ru/223fz/contract/1" xmlns:xsi="http://www.w3.org/2001/XMLSchema-instance" xmlns:ns3="http://zakupki.gov.ru/223fz/dishonestSupplier/1" xmlns:ns4="http://zakupki.gov.ru/223fz/purchasePlanAdditionalPosition/1" xmlns:ns5="http://zakupki.gov.ru/223fz/purchasePlan/1" xmlns:ns6="http://zakupki.gov.ru/223fz/machineryListInfo/1" xmlns:ns7="http://zakupki.gov.ru/223fz/revenue/1" xmlns:ns8="http://zakupki.gov.ru/223fz/orderClauseList/1" xmlns:ns9="http://zakupki.gov.ru/223fz/disagreementProtocol/1">
    <header>
        <guid>b683b356-bd80-43dd-a689-6de508e1bbd7</guid>
        <createDateTime>2017-03-29T12:21:58</createDateTime>
    </header>
    <ns2:body>
        <ns2:item>
            <guid>2018e689-d049-4fd9-844c-39d556f0342d</guid>
            <ns2:performanceContractData>
                <ns2:guid>19149843-f927-4f44-8ebc-c5021ebfcb58</ns2:guid>
                <ns2:registrationNumber>86660004669170000040003</ns2:registrationNumber>
                <ns2:urlOOS>https://zakupki.gov.ru/223/contract/private/completing/info/view.html?id=2658052</ns2:urlOOS>
                <ns2:createDateTime>2017-03-21T08:27:01</ns2:createDateTime>
                <ns2:customer>
                    <mainInfo>
                        <fullName>Федеральное государственное бюджетное учреждение науки Институт горного дела Уральского отделения Российской академии наук</fullName>
                        <shortName>ИГД УрО РАН</shortName>
                        <iko>86660004669667001001</iko>
                        <inn>6660004669</inn>
                        <kpp>667001001</kpp>
                        <ogrn>1026604961349</ogrn>
                        <legalAddress>620219, Свердловская, Екатеринбург, Мамина-Сибиряка, дом 58, корпус -, офис (квартира) -</legalAddress>
                        <postalAddress>620219, г. Екатеринбург, ул. Мамина-Сибиряка, 58</postalAddress>
                        <phone>7-343-3505262</phone>
                        <fax>7-343-3502111</fax>
                        <email>plec@igduran.ru</email>
                        <okato>65401373000</okato>
                        <okpo>00190466</okpo>
                    </mainInfo>
                </ns2:customer>
                <ns2:placer>
                    <mainInfo>
                        <fullName>Федеральное государственное бюджетное учреждение науки Институт горного дела Уральского отделения Российской академии наук</fullName>
                        <shortName>ИГД УрО РАН</shortName>
                        <iko>86660004669667001001</iko>
                        <inn>6660004669</inn>
                        <kpp>667001001</kpp>
                        <ogrn>1026604961349</ogrn>
                        <legalAddress>620219, Свердловская, Екатеринбург, Мамина-Сибиряка, дом 58, корпус -, офис (квартира) -</legalAddress>
                        <postalAddress>620219, г. Екатеринбург, ул. Мамина-Сибиряка, 58</postalAddress>
                        <phone>7-343-3505262</phone>
                        <fax>7-343-3502111</fax>
                        <email>plec@igduran.ru</email>
                        <okato>65401373000</okato>
                        <okpo>00190466</okpo>
                    </mainInfo>
                </ns2:placer>
                <ns2:publicationDate>2017-03-29T12:21:58</ns2:publicationDate>
                <ns2:status>P</ns2:status>
                <ns2:version>1</ns2:version>
                <ns2:completed>false</ns2:completed>
                <ns2:attachments>
                    <totalDocumentsCount>1</totalDocumentsCount>
                    <document>
                        <guid>a12ba091-9687-4a4a-b00d-ed1eba6f0753</guid>
                        <createDateTime>2017-03-29T12:21:35</createDateTime>
                        <fileName>223-ФЗ НИЭП Дог. 76п.pdf</fileName>
                        <description>223-ФЗ НИЭП Дог. 76п</description>
                        <url>https://zakupki.gov.ru/223/contract/private/download/download.html?id=11692264</url>
                        <registrationNumber>86660004669170000040004</registrationNumber>
                    </document>
                </ns2:attachments>
                <ns2:hasPenalty>false</ns2:hasPenalty>
                <ns2:contractRegNumber>86660004669170000040000</ns2:contractRegNumber>
                <ns2:contractInfo>
                    <ns2:guid>53873256-ba82-4c95-ac7a-ed68cd5e3e10</ns2:guid>
                    <ns2:name>76п</ns2:name>
                    <ns2:agencyName>ИГД УрО РАН</ns2:agencyName>
                    <ns2:supplierName>ОБЩЕСТВО С ОГРАНИЧЕННОЙ ОТВЕТСТВЕННОСТЬЮ "НИЭП"</ns2:supplierName>
                    <ns2:lotInfo>Разработка проектной документации «Цех транспортирования закладочного материала»</ns2:lotInfo>
                    <ns2:contractDate>2017-03-20</ns2:contractDate>
                </ns2:contractInfo>
                <ns2:positions>
                    <ns2:position>
                        <ns2:ordinal>1</ns2:ordinal>
                        <ns2:paymentDate>2017-03-24</ns2:paymentDate>
                        <ns2:price>3550000</ns2:price>
                        <ns2:currency>
                            <code>RUB</code>
                            <digitalCode>643</digitalCode>
                            <name>Российский рубль</name>
                        </ns2:currency>
                        <ns2:rubPrice>3550000</ns2:rubPrice>
                        <ns2:prepaid>true</ns2:prepaid>
                    </ns2:position>
                    <ns2:total>3550000</ns2:total>
                </ns2:positions>
            </ns2:performanceContractData>
        </ns2:item>
    </ns2:body>
</ns2:performanceContract>
