<?xml version="1.0" encoding="UTF-8" standalone="yes"?>
<ns2:performanceContract xsi:schemaLocation="http://zakupki.gov.ru/223/integration/schema/TFF-5.2 http://zakupki.gov.ru/223/integration/schema/TFF-5.2/Types.xsd" xmlns="http://zakupki.gov.ru/223fz/types/1" xmlns:ns10="http://zakupki.gov.ru/223fz/complaint/1" xmlns:ns11="http://zakupki.gov.ru/223fz/notificationIssue/1" xmlns:ns12="http://zakupki.gov.ru/223fz/purchasePlanProject/1" xmlns:ns13="http://zakupki.gov.ru/223fz/purchase/1" xmlns:ns14="http://zakupki.gov.ru/223fz/purchasePlanProjectAdditionalPosition/1" xmlns:ns15="http://zakupki.gov.ru/223fz/missedNotice/1" xmlns:ns16="http://zakupki.gov.ru/223fz/reference/1" xmlns:ns17="http://zakupki.gov.ru/223fz/stopCommodity/1" xmlns:ns18="http://zakupki.gov.ru/223fz/decisionSuspension/1" xmlns:ns19="http://zakupki.gov.ru/223fz/webRequest/1" xmlns:ns2="http://zakupki.gov.ru/223fz/contract/1" xmlns:xsi="http://www.w3.org/2001/XMLSchema-instance" xmlns:ns3="http://zakupki.gov.ru/223fz/dishonestSupplier/1" xmlns:ns4="http://zakupki.gov.ru/223fz/purchasePlanAdditionalPosition/1" xmlns:ns5="http://zakupki.gov.ru/223fz/purchasePlan/1" xmlns:ns6="http://zakupki.gov.ru/223fz/machineryListInfo/1" xmlns:ns7="http://zakupki.gov.ru/223fz/revenue/1" xmlns:ns8="http://zakupki.gov.ru/223fz/orderClauseList/1" xmlns:ns9="http://zakupki.gov.ru/223fz/disagreementProtocol/1">
    <header>
        <guid>f84fe365-f42f-4e63-a899-974772080660</guid>
        <createDateTime>2017-03-29T12:41:53</createDateTime>
    </header>
    <ns2:body>
        <ns2:item>
            <guid>32dd01d6-bd6c-42ba-a0dd-eba7eaaecd1d</guid>
            <ns2:performanceContractData>
                <ns2:guid>de16d4be-47c0-4297-bada-13676693a14f</ns2:guid>
                <ns2:registrationNumber>56658066139160000090013</ns2:registrationNumber>
                <ns2:urlOOS>https://zakupki.gov.ru/223/contract/private/completing/info/view.html?id=2658280</ns2:urlOOS>
                <ns2:createDateTime>2016-12-26T14:32:11</ns2:createDateTime>
                <ns2:customer>
                    <mainInfo>
                        <fullName>МУНИЦИПАЛЬНОЕ АВТОНОМНОЕ ОБЩЕОБРАЗОВАТЕЛЬНОЕ УЧРЕЖДЕНИЕ-СРЕДНЯЯ ОБЩЕОБРАЗОВАТЕЛЬНАЯ ШКОЛА №168</fullName>
                        <shortName>МАОУ-СОШ №168</shortName>
                        <iko>56658066139665801001</iko>
                        <inn>6658066139</inn>
                        <kpp>665801001</kpp>
                        <ogrn>1026602325540</ogrn>
                        <legalAddress>620102, Свердловская, Екатеринбург, Серафимы Дерябиной, дом 27, корпус а</legalAddress>
                        <postalAddress>620102, Свердловская, Екатеринбург, Серафимы Дерябиной, дом 27, корпус а</postalAddress>
                        <phone>7-343-2334081</phone>
                        <fax>7-343-2334081</fax>
                        <email>school168@bk.ru</email>
                        <okato>65401364000</okato>
                        <okpo>41746036</okpo>
                    </mainInfo>
                </ns2:customer>
                <ns2:placer>
                    <mainInfo>
                        <fullName>МУНИЦИПАЛЬНОЕ АВТОНОМНОЕ ОБЩЕОБРАЗОВАТЕЛЬНОЕ УЧРЕЖДЕНИЕ-СРЕДНЯЯ ОБЩЕОБРАЗОВАТЕЛЬНАЯ ШКОЛА №168</fullName>
                        <shortName>МАОУ-СОШ №168</shortName>
                        <iko>56658066139665801001</iko>
                        <inn>6658066139</inn>
                        <kpp>665801001</kpp>
                        <ogrn>1026602325540</ogrn>
                        <legalAddress>620102, Свердловская, Екатеринбург, Серафимы Дерябиной, дом 27, корпус а</legalAddress>
                        <postalAddress>620102, Свердловская, Екатеринбург, Серафимы Дерябиной, дом 27, корпус а</postalAddress>
                        <phone>7-343-2334081</phone>
                        <fax>7-343-2334081</fax>
                        <email>school168@bk.ru</email>
                        <okato>65401364000</okato>
                        <okpo>41746036</okpo>
                    </mainInfo>
                </ns2:placer>
                <ns2:publicationDate>2017-03-29T12:41:53</ns2:publicationDate>
                <ns2:status>P</ns2:status>
                <ns2:version>1</ns2:version>
                <ns2:completed>false</ns2:completed>
                <ns2:attachments>
                    <totalDocumentsCount>4</totalDocumentsCount>
                    <document>
                        <guid>9d49caec-9a27-4132-97b0-1754813446af</guid>
                        <createDateTime>2017-03-29T12:41:03</createDateTime>
                        <fileName>аванс пп №178915 от 24.03.pdf</fileName>
                        <description>аванс пп №178915 от 24.03</description>
                        <url>https://zakupki.gov.ru/223/contract/private/download/download.html?id=11693412</url>
                        <registrationNumber>56658066139160000090014</registrationNumber>
                    </document>
                    <document>
                        <guid>45a0aa3a-2414-4f2a-adc4-1b3c4a3f24c1</guid>
                        <createDateTime>2017-03-29T12:41:15</createDateTime>
                        <fileName>акт 2818939 от 28.02.pdf</fileName>
                        <description>акт 2818939 от 28.02</description>
                        <url>https://zakupki.gov.ru/223/contract/private/download/download.html?id=11693429</url>
                        <registrationNumber>56658066139160000090015</registrationNumber>
                    </document>
                    <document>
                        <guid>8d4c54c3-2eb0-481e-a0d0-ef68dcc2bc56</guid>
                        <createDateTime>2017-03-29T12:41:09</createDateTime>
                        <fileName>аванс сч 139 от 28.02.pdf</fileName>
                        <description>аванс сч 139 от 28.02</description>
                        <url>https://zakupki.gov.ru/223/contract/private/download/download.html?id=11693420</url>
                        <registrationNumber>56658066139160000090016</registrationNumber>
                    </document>
                    <document>
                        <guid>d04ccfea-35a8-4920-907a-14635a1e9ff7</guid>
                        <createDateTime>2017-03-29T12:41:21</createDateTime>
                        <fileName>пп №178914.pdf</fileName>
                        <description>пп №178914</description>
                        <url>https://zakupki.gov.ru/223/contract/private/download/download.html?id=11693436</url>
                        <registrationNumber>56658066139160000090017</registrationNumber>
                    </document>
                </ns2:attachments>
                <ns2:hasPenalty>false</ns2:hasPenalty>
                <ns2:contractRegNumber>56658066139160000090000</ns2:contractRegNumber>
                <ns2:contractInfo>
                    <ns2:guid>70953f51-3de5-4608-b42d-c44d7bb43e60</ns2:guid>
                    <ns2:name>18308</ns2:name>
                    <ns2:agencyName>МАОУ-СОШ №168</ns2:agencyName>
                    <ns2:supplierName>Акционерное общество  «Екатеринбургэнергосбыт»</ns2:supplierName>
                    <ns2:lotInfo>Снабжения электрической энергией объекта энергоснабжения (энергопринимающих устройств)</ns2:lotInfo>
                    <ns2:contractDate>2016-12-26</ns2:contractDate>
                </ns2:contractInfo>
                <ns2:positions>
                    <ns2:position>
                        <ns2:ordinal>2</ns2:ordinal>
                        <ns2:paymentDate>2017-03-24</ns2:paymentDate>
                        <ns2:price>68063.18</ns2:price>
                        <ns2:currency>
                            <code>RUB</code>
                            <digitalCode>643</digitalCode>
                            <name>Российский рубль</name>
                        </ns2:currency>
                        <ns2:rubPrice>68063.18</ns2:rubPrice>
                        <ns2:prepaid>true</ns2:prepaid>
                    </ns2:position>
                    <ns2:position>
                        <ns2:ordinal>1</ns2:ordinal>
                        <ns2:paymentDate>2017-03-24</ns2:paymentDate>
                        <ns2:price>170161.07</ns2:price>
                        <ns2:currency>
                            <code>RUB</code>
                            <digitalCode>643</digitalCode>
                            <name>Российский рубль</name>
                        </ns2:currency>
                        <ns2:rubPrice>170161.07</ns2:rubPrice>
                        <ns2:prepaid>false</ns2:prepaid>
                        <ns2:docs>
                            <ns2:doc>
                                <ns2:ordinal>1</ns2:ordinal>
                                <ns2:date>2017-02-28</ns2:date>
                                <ns2:code>19</ns2:code>
                                <ns2:name>счет-фактура</ns2:name>
                                <ns2:number>2818939</ns2:number>
                                <ns2:contractPosition>
                                    <ns2:guid>7dbe38d9-486f-4bac-904a-324b5f4cf1fd</ns2:guid>
                                    <ns2:name>Электроэнергия, произведенная нетиповыми электростанциями общего назначения</ns2:name>
                                    <ns2:okpd2>
                                        <code>35.11.10.119</code>
                                        <name>Электроэнергия, произведенная нетиповыми электростанциями общего назначения</name>
                                    </ns2:okpd2>
                                </ns2:contractPosition>
                                <ns2:okei>
                                    <code>876</code>
                                    <name>Условная единица</name>
                                </ns2:okei>
                                <ns2:qty>1</ns2:qty>
                            </ns2:doc>
                        </ns2:docs>
                    </ns2:position>
                    <ns2:total>238224.25</ns2:total>
                </ns2:positions>
            </ns2:performanceContractData>
        </ns2:item>
    </ns2:body>
</ns2:performanceContract>
