<?xml version="1.0" encoding="UTF-8" standalone="yes"?>
<ns2:performanceContract xsi:schemaLocation="http://zakupki.gov.ru/223/integration/schema/TFF-5.2 http://zakupki.gov.ru/223/integration/schema/TFF-5.2/Types.xsd" xmlns="http://zakupki.gov.ru/223fz/types/1" xmlns:ns10="http://zakupki.gov.ru/223fz/complaint/1" xmlns:ns11="http://zakupki.gov.ru/223fz/notificationIssue/1" xmlns:ns12="http://zakupki.gov.ru/223fz/purchasePlanProject/1" xmlns:ns13="http://zakupki.gov.ru/223fz/purchase/1" xmlns:ns14="http://zakupki.gov.ru/223fz/purchasePlanProjectAdditionalPosition/1" xmlns:ns15="http://zakupki.gov.ru/223fz/missedNotice/1" xmlns:ns16="http://zakupki.gov.ru/223fz/reference/1" xmlns:ns17="http://zakupki.gov.ru/223fz/stopCommodity/1" xmlns:ns18="http://zakupki.gov.ru/223fz/decisionSuspension/1" xmlns:ns19="http://zakupki.gov.ru/223fz/webRequest/1" xmlns:ns2="http://zakupki.gov.ru/223fz/contract/1" xmlns:xsi="http://www.w3.org/2001/XMLSchema-instance" xmlns:ns3="http://zakupki.gov.ru/223fz/dishonestSupplier/1" xmlns:ns4="http://zakupki.gov.ru/223fz/purchasePlanAdditionalPosition/1" xmlns:ns5="http://zakupki.gov.ru/223fz/purchasePlan/1" xmlns:ns6="http://zakupki.gov.ru/223fz/machineryListInfo/1" xmlns:ns7="http://zakupki.gov.ru/223fz/revenue/1" xmlns:ns8="http://zakupki.gov.ru/223fz/orderClauseList/1" xmlns:ns9="http://zakupki.gov.ru/223fz/disagreementProtocol/1">
    <header>
        <guid>374d5592-5a6a-4a92-a443-fabb97987310</guid>
        <createDateTime>2017-03-29T14:52:57</createDateTime>
    </header>
    <ns2:body>
        <ns2:item>
            <guid>89c92452-1dac-402f-a12e-222d2d101956</guid>
            <ns2:performanceContractData>
                <ns2:guid>62bad679-e7ba-4a5e-99de-604ffeed683d</ns2:guid>
                <ns2:registrationNumber>56603010391160001260012</ns2:registrationNumber>
                <ns2:urlOOS>https://zakupki.gov.ru/223/contract/private/completing/info/view.html?id=2659843</ns2:urlOOS>
                <ns2:createDateTime>2016-12-29T21:19:13</ns2:createDateTime>
                <ns2:customer>
                    <mainInfo>
                        <fullName>МУНИЦИПАЛЬНОЕ УНИТАРНОЕ ПРЕДПРИЯТИЕ "ПРОИЗВОДСТВЕННЫЙ ТРЕСТ ЖИЛИЩНО-КОММУНАЛЬНОГО ХОЗЯЙСТВА" ГОРОДСКОГО ОКРУГА РЕФТИНСКИЙ</fullName>
                        <shortName>МУП "ПТЖКХ "ГОРОДСКОГО ОКРУГА РЕФТИНСКИЙ</shortName>
                        <iko>56603010391660301001</iko>
                        <inn>6603010391</inn>
                        <kpp>668301001</kpp>
                        <ogrn>1026600629868</ogrn>
                        <legalAddress>624285, ОБЛ СВЕРДЛОВСКАЯ, Г АСБЕСТ, РП РЕФТИНСКИЙ, УЛ ГАГАРИНА, дом 33</legalAddress>
                        <postalAddress>624285, дом 33</postalAddress>
                        <phone>7-34365-30005</phone>
                        <fax>7-34365-30005</fax>
                        <email>mupgkh-reft@yandex.ru</email>
                        <okato>65409567000</okato>
                        <okpo>48574686</okpo>
                    </mainInfo>
                </ns2:customer>
                <ns2:placer>
                    <mainInfo>
                        <fullName>МУНИЦИПАЛЬНОЕ УНИТАРНОЕ ПРЕДПРИЯТИЕ "ПРОИЗВОДСТВЕННЫЙ ТРЕСТ ЖИЛИЩНО-КОММУНАЛЬНОГО ХОЗЯЙСТВА" ГОРОДСКОГО ОКРУГА РЕФТИНСКИЙ</fullName>
                        <shortName>МУП "ПТЖКХ "ГОРОДСКОГО ОКРУГА РЕФТИНСКИЙ</shortName>
                        <iko>56603010391660301001</iko>
                        <inn>6603010391</inn>
                        <kpp>668301001</kpp>
                        <ogrn>1026600629868</ogrn>
                        <legalAddress>624285, ОБЛ СВЕРДЛОВСКАЯ, Г АСБЕСТ, РП РЕФТИНСКИЙ, УЛ ГАГАРИНА, дом 33</legalAddress>
                        <postalAddress>624285, дом 33</postalAddress>
                        <phone>7-34365-30005</phone>
                        <fax>7-34365-30005</fax>
                        <email>mupgkh-reft@yandex.ru</email>
                        <okato>65409567000</okato>
                        <okpo>48574686</okpo>
                    </mainInfo>
                </ns2:placer>
                <ns2:publicationDate>2017-03-29T14:52:57</ns2:publicationDate>
                <ns2:status>P</ns2:status>
                <ns2:version>4</ns2:version>
                <ns2:completed>false</ns2:completed>
                <ns2:modificationDescription>исполнение</ns2:modificationDescription>
                <ns2:attachments>
                    <totalDocumentsCount>5</totalDocumentsCount>
                    <document>
                        <guid>e66a9a59-1d4d-4886-812e-7fa07d70b546</guid>
                        <createDateTime>2017-01-27T14:41:30</createDateTime>
                        <fileName>ТН №501-111 от 11.01.2017 35-17.PDF</fileName>
                        <description>ТН №501-111 от 11.01.2017 35-17</description>
                        <url>https://zakupki.gov.ru/223/contract/private/download/download.html?id=11700417</url>
                        <registrationNumber>56603010391160001260013</registrationNumber>
                    </document>
                    <document>
                        <guid>ef785646-d122-4951-a0eb-aa2c2a1fa9e8</guid>
                        <createDateTime>2017-03-29T13:16:47</createDateTime>
                        <fileName>пп 694.pdf</fileName>
                        <description>пп 694</description>
                        <url>https://zakupki.gov.ru/223/contract/private/download/download.html?id=11700418</url>
                        <registrationNumber>56603010391160001260014</registrationNumber>
                    </document>
                    <document>
                        <guid>c30756ec-a180-4985-a333-84ad1a20adc3</guid>
                        <createDateTime>2017-03-01T11:39:05</createDateTime>
                        <fileName>ТН №201 от 16.02.17.PDF</fileName>
                        <description>ТН №201 от 16.02.17</description>
                        <url>https://zakupki.gov.ru/223/contract/private/download/download.html?id=11700419</url>
                        <registrationNumber>56603010391160001260015</registrationNumber>
                    </document>
                    <document>
                        <guid>6f34ec6f-148d-42e6-9b15-6dfc61128b04</guid>
                        <createDateTime>2017-03-29T14:49:19</createDateTime>
                        <fileName>ТН №501-111 от 11.01.2017.PDF</fileName>
                        <description>ТН №501-111 от 11.01.2017</description>
                        <url>https://zakupki.gov.ru/223/contract/private/download/download.html?id=11700936</url>
                        <registrationNumber>56603010391160001260016</registrationNumber>
                    </document>
                    <document>
                        <guid>763f2bef-681e-4027-a4bf-12da1d4662a5</guid>
                        <createDateTime>2017-03-29T14:49:11</createDateTime>
                        <fileName>ТН №201-1473 от 16.02.2017.PDF</fileName>
                        <description>ТН №201-1473 от 16.02.2017</description>
                        <url>https://zakupki.gov.ru/223/contract/private/download/download.html?id=11700925</url>
                        <registrationNumber>56603010391160001260017</registrationNumber>
                    </document>
                </ns2:attachments>
                <ns2:hasPenalty>false</ns2:hasPenalty>
                <ns2:contractRegNumber>56603010391160001260000</ns2:contractRegNumber>
                <ns2:contractInfo>
                    <ns2:guid>97a30f59-1a54-4522-97c6-656007bb8f5f</ns2:guid>
                    <ns2:name>35/17</ns2:name>
                    <ns2:agencyName>МУП "ПТЖКХ "ГОРОДСКОГО ОКРУГА РЕФТИНСКИЙ</ns2:agencyName>
                    <ns2:supplierName>ОБЩЕСТВО С ОГРАНИЧЕННОЙ ОТВЕТСТВЕННОСТЬЮ "ЭНЕРГОПРОМ"</ns2:supplierName>
                    <ns2:lotInfo>Электроматериалы</ns2:lotInfo>
                    <ns2:contractDate>2016-12-28</ns2:contractDate>
                </ns2:contractInfo>
                <ns2:positions>
                    <ns2:position>
                        <ns2:ordinal>1</ns2:ordinal>
                        <ns2:paymentDate>2017-03-28</ns2:paymentDate>
                        <ns2:price>109544.1</ns2:price>
                        <ns2:currency>
                            <code>RUB</code>
                            <digitalCode>643</digitalCode>
                            <name>Российский рубль</name>
                        </ns2:currency>
                        <ns2:rubPrice>109544.1</ns2:rubPrice>
                        <ns2:prepaid>false</ns2:prepaid>
                        <ns2:docs>
                            <ns2:doc>
                                <ns2:ordinal>1</ns2:ordinal>
                                <ns2:date>2017-01-11</ns2:date>
                                <ns2:code>01</ns2:code>
                                <ns2:name>товарная накладная</ns2:name>
                                <ns2:number>501/111</ns2:number>
                                <ns2:contractPosition>
                                    <ns2:guid>600a6fe7-d3d2-4994-9b48-479f883515b3</ns2:guid>
                                    <ns2:name>Оборудование электрическое прочее</ns2:name>
                                    <ns2:okpd2>
                                        <code>27.9</code>
                                        <name>Оборудование электрическое прочее</name>
                                    </ns2:okpd2>
                                </ns2:contractPosition>
                                <ns2:okei>
                                    <code>876</code>
                                    <name>Условная единица</name>
                                </ns2:okei>
                                <ns2:qty>17</ns2:qty>
                            </ns2:doc>
                        </ns2:docs>
                    </ns2:position>
                    <ns2:position>
                        <ns2:ordinal>2</ns2:ordinal>
                        <ns2:paymentDate>2017-03-28</ns2:paymentDate>
                        <ns2:price>12691.21</ns2:price>
                        <ns2:currency>
                            <code>RUB</code>
                            <digitalCode>643</digitalCode>
                            <name>Российский рубль</name>
                        </ns2:currency>
                        <ns2:rubPrice>12691.21</ns2:rubPrice>
                        <ns2:prepaid>false</ns2:prepaid>
                        <ns2:docs>
                            <ns2:doc>
                                <ns2:ordinal>1</ns2:ordinal>
                                <ns2:date>2017-02-16</ns2:date>
                                <ns2:code>01</ns2:code>
                                <ns2:name>товарная накладная</ns2:name>
                                <ns2:number>501</ns2:number>
                                <ns2:contractPosition>
                                    <ns2:guid>600a6fe7-d3d2-4994-9b48-479f883515b3</ns2:guid>
                                    <ns2:name>Оборудование электрическое прочее</ns2:name>
                                    <ns2:okpd2>
                                        <code>27.9</code>
                                        <name>Оборудование электрическое прочее</name>
                                    </ns2:okpd2>
                                </ns2:contractPosition>
                                <ns2:okei>
                                    <code>876</code>
                                    <name>Условная единица</name>
                                </ns2:okei>
                                <ns2:qty>1</ns2:qty>
                            </ns2:doc>
                        </ns2:docs>
                    </ns2:position>
                    <ns2:total>122235.31</ns2:total>
                </ns2:positions>
            </ns2:performanceContractData>
        </ns2:item>
    </ns2:body>
</ns2:performanceContract>
