<?xml version="1.0" encoding="UTF-8" standalone="yes"?>
<ns2:performanceContract xsi:schemaLocation="http://zakupki.gov.ru/223/integration/schema/TFF-5.2 http://zakupki.gov.ru/223/integration/schema/TFF-5.2/Types.xsd" xmlns="http://zakupki.gov.ru/223fz/types/1" xmlns:ns10="http://zakupki.gov.ru/223fz/complaint/1" xmlns:ns11="http://zakupki.gov.ru/223fz/notificationIssue/1" xmlns:ns12="http://zakupki.gov.ru/223fz/purchasePlanProject/1" xmlns:ns13="http://zakupki.gov.ru/223fz/purchase/1" xmlns:ns14="http://zakupki.gov.ru/223fz/purchasePlanProjectAdditionalPosition/1" xmlns:ns15="http://zakupki.gov.ru/223fz/missedNotice/1" xmlns:ns16="http://zakupki.gov.ru/223fz/reference/1" xmlns:ns17="http://zakupki.gov.ru/223fz/stopCommodity/1" xmlns:ns18="http://zakupki.gov.ru/223fz/decisionSuspension/1" xmlns:ns19="http://zakupki.gov.ru/223fz/webRequest/1" xmlns:ns2="http://zakupki.gov.ru/223fz/contract/1" xmlns:xsi="http://www.w3.org/2001/XMLSchema-instance" xmlns:ns3="http://zakupki.gov.ru/223fz/dishonestSupplier/1" xmlns:ns4="http://zakupki.gov.ru/223fz/purchasePlanAdditionalPosition/1" xmlns:ns5="http://zakupki.gov.ru/223fz/purchasePlan/1" xmlns:ns6="http://zakupki.gov.ru/223fz/machineryListInfo/1" xmlns:ns7="http://zakupki.gov.ru/223fz/revenue/1" xmlns:ns8="http://zakupki.gov.ru/223fz/orderClauseList/1" xmlns:ns9="http://zakupki.gov.ru/223fz/disagreementProtocol/1">
    <header>
        <guid>f09f1838-c42d-4c01-9787-c1494222bddf</guid>
        <createDateTime>2017-03-29T14:58:14</createDateTime>
    </header>
    <ns2:body>
        <ns2:item>
            <guid>9155cb4d-0754-4b21-861b-4a77e912a4dc</guid>
            <ns2:performanceContractData>
                <ns2:guid>bf6f8fe0-6eab-4eb4-b329-ef39a4e340b5</ns2:guid>
                <ns2:registrationNumber>66658139683160005770018</ns2:registrationNumber>
                <ns2:urlOOS>https://zakupki.gov.ru/223/contract/private/completing/info/view.html?id=2660004</ns2:urlOOS>
                <ns2:createDateTime>2016-09-16T14:20:39</ns2:createDateTime>
                <ns2:customer>
                    <mainInfo>
                        <fullName>АКЦИОНЕРНОЕ ОБЩЕСТВО "ЕКАТЕРИНБУРГСКАЯ ЭЛЕКТРОСЕТЕВАЯ КОМПАНИЯ"</fullName>
                        <shortName>АО "ЕЭСК"</shortName>
                        <iko>66658139683665801001</iko>
                        <inn>6658139683</inn>
                        <kpp>665801001</kpp>
                        <ogrn>1026602312770</ogrn>
                        <legalAddress>620014, ОБЛ СВЕРДЛОВСКАЯ, Г ЕКАТЕРИНБУРГ, УЛ БОРИСА ЕЛЬЦИНА, дом 1</legalAddress>
                        <postalAddress>620014 РФ Свердловская область, город Екатеринбург, улица Бориса Ельцина, дом 1.</postalAddress>
                        <phone>7-343-3590725</phone>
                        <fax>7-343-3590059</fax>
                        <email>eesk@eesk.ru</email>
                        <okato>65401364000</okato>
                        <okpo>12284050</okpo>
                    </mainInfo>
                </ns2:customer>
                <ns2:placer>
                    <mainInfo>
                        <fullName>АКЦИОНЕРНОЕ ОБЩЕСТВО "ЕКАТЕРИНБУРГСКАЯ ЭЛЕКТРОСЕТЕВАЯ КОМПАНИЯ"</fullName>
                        <shortName>АО "ЕЭСК"</shortName>
                        <iko>66658139683665801001</iko>
                        <inn>6658139683</inn>
                        <kpp>665801001</kpp>
                        <ogrn>1026602312770</ogrn>
                        <legalAddress>620014, ОБЛ СВЕРДЛОВСКАЯ, Г ЕКАТЕРИНБУРГ, УЛ БОРИСА ЕЛЬЦИНА, дом 1</legalAddress>
                        <postalAddress>620014 РФ Свердловская область, город Екатеринбург, улица Бориса Ельцина, дом 1.</postalAddress>
                        <phone>7-343-3590725</phone>
                        <fax>7-343-3590059</fax>
                        <email>eesk@eesk.ru</email>
                        <okato>65401364000</okato>
                        <okpo>12284050</okpo>
                    </mainInfo>
                </ns2:placer>
                <ns2:publicationDate>2017-03-29T14:58:14</ns2:publicationDate>
                <ns2:status>P</ns2:status>
                <ns2:version>1</ns2:version>
                <ns2:completed>false</ns2:completed>
                <ns2:attachments>
                    <totalDocumentsCount>2</totalDocumentsCount>
                    <document>
                        <guid>e7c6dfc6-84cb-45af-95e3-629f9b6a9a13</guid>
                        <createDateTime>2017-03-29T14:57:37</createDateTime>
                        <fileName>Акт № 4.pdf</fileName>
                        <description>Акт № 4</description>
                        <url>https://zakupki.gov.ru/223/contract/private/download/download.html?id=11701479</url>
                        <registrationNumber>66658139683160005770019</registrationNumber>
                    </document>
                    <document>
                        <guid>e9be53f9-6fbc-4d59-b798-aac9821bedc4</guid>
                        <createDateTime>2017-03-29T14:57:44</createDateTime>
                        <fileName>ПП № 1350 к Акт № 4.pdf</fileName>
                        <description>ПП № 1350 к Акт № 4</description>
                        <url>https://zakupki.gov.ru/223/contract/private/download/download.html?id=11701486</url>
                        <registrationNumber>66658139683160005770020</registrationNumber>
                    </document>
                </ns2:attachments>
                <ns2:hasPenalty>false</ns2:hasPenalty>
                <ns2:contractRegNumber>66658139683160005770000</ns2:contractRegNumber>
                <ns2:contractInfo>
                    <ns2:guid>236bb764-44be-438d-ad49-d01f1c45e02d</ns2:guid>
                    <ns2:name>2016/08-200</ns2:name>
                    <ns2:agencyName>АО "ЕЭСК"</ns2:agencyName>
                    <ns2:supplierName>Титов Виктор Николаевич</ns2:supplierName>
                    <ns2:lotInfo>Аренда помещения №№ 2-8, общей площадью 144,2 кв.м на 2-ом этаже в здании по адресу: г. Екатеринбург, с. Горный Щит, ул. Зеленая, дом 2Д (литера А), под офисное помещение, в состоянии, позволяющем нормальную эксплуатацию</ns2:lotInfo>
                    <ns2:contractDate>2016-09-09</ns2:contractDate>
                </ns2:contractInfo>
                <ns2:positions>
                    <ns2:position>
                        <ns2:ordinal>1</ns2:ordinal>
                        <ns2:paymentDate>2017-03-17</ns2:paymentDate>
                        <ns2:price>44954</ns2:price>
                        <ns2:currency>
                            <code>RUB</code>
                            <digitalCode>643</digitalCode>
                            <name>Российский рубль</name>
                        </ns2:currency>
                        <ns2:rubPrice>44954</ns2:rubPrice>
                        <ns2:prepaid>false</ns2:prepaid>
                        <ns2:docs>
                            <ns2:doc>
                                <ns2:ordinal>1</ns2:ordinal>
                                <ns2:code>20</ns2:code>
                                <ns2:name>акт выполненных работ</ns2:name>
                                <ns2:number>4</ns2:number>
                                <ns2:contractPosition>
                                    <ns2:guid>3cabb762-cb63-014e-e053-ac11070d70ec</ns2:guid>
                                    <ns2:name>Услуги по операциям с недвижимым имуществом</ns2:name>
                                    <ns2:okpd2>
                                        <code>68</code>
                                        <name>Услуги по операциям с недвижимым имуществом</name>
                                    </ns2:okpd2>
                                </ns2:contractPosition>
                                <ns2:okei>
                                    <code>055</code>
                                    <name>Квадратный метр</name>
                                </ns2:okei>
                                <ns2:qty>144.2</ns2:qty>
                            </ns2:doc>
                        </ns2:docs>
                    </ns2:position>
                    <ns2:total>44954</ns2:total>
                </ns2:positions>
            </ns2:performanceContractData>
        </ns2:item>
    </ns2:body>
</ns2:performanceContract>
