<?xml version="1.0" encoding="UTF-8" standalone="yes"?>
<ns2:performanceContract xsi:schemaLocation="http://zakupki.gov.ru/223/integration/schema/TFF-5.2 http://zakupki.gov.ru/223/integration/schema/TFF-5.2/Types.xsd" xmlns="http://zakupki.gov.ru/223fz/types/1" xmlns:ns10="http://zakupki.gov.ru/223fz/complaint/1" xmlns:ns11="http://zakupki.gov.ru/223fz/notificationIssue/1" xmlns:ns12="http://zakupki.gov.ru/223fz/purchasePlanProject/1" xmlns:ns13="http://zakupki.gov.ru/223fz/purchase/1" xmlns:ns14="http://zakupki.gov.ru/223fz/purchasePlanProjectAdditionalPosition/1" xmlns:ns15="http://zakupki.gov.ru/223fz/missedNotice/1" xmlns:ns16="http://zakupki.gov.ru/223fz/reference/1" xmlns:ns17="http://zakupki.gov.ru/223fz/stopCommodity/1" xmlns:ns18="http://zakupki.gov.ru/223fz/decisionSuspension/1" xmlns:ns19="http://zakupki.gov.ru/223fz/webRequest/1" xmlns:ns2="http://zakupki.gov.ru/223fz/contract/1" xmlns:xsi="http://www.w3.org/2001/XMLSchema-instance" xmlns:ns3="http://zakupki.gov.ru/223fz/dishonestSupplier/1" xmlns:ns4="http://zakupki.gov.ru/223fz/purchasePlanAdditionalPosition/1" xmlns:ns5="http://zakupki.gov.ru/223fz/purchasePlan/1" xmlns:ns6="http://zakupki.gov.ru/223fz/machineryListInfo/1" xmlns:ns7="http://zakupki.gov.ru/223fz/revenue/1" xmlns:ns8="http://zakupki.gov.ru/223fz/orderClauseList/1" xmlns:ns9="http://zakupki.gov.ru/223fz/disagreementProtocol/1">
    <header>
        <guid>bb44fdb5-9bc0-456b-9607-945a523a74b6</guid>
        <createDateTime>2017-03-29T12:00:41</createDateTime>
    </header>
    <ns2:body>
        <ns2:item>
            <guid>562ee7ae-ed9c-4db7-a8e5-69075c64f5f1</guid>
            <ns2:performanceContractData>
                <ns2:guid>62db8256-71d9-437a-86b6-ea7bcab03085</ns2:guid>
                <ns2:registrationNumber>56671163413150024100003</ns2:registrationNumber>
                <ns2:urlOOS>https://zakupki.gov.ru/223/contract/private/completing/info/view.html?id=2657702</ns2:urlOOS>
                <ns2:createDateTime>2015-12-09T12:55:18</ns2:createDateTime>
                <ns2:customer>
                    <mainInfo>
                        <fullName>Открытое акционерное общество "Межрегиональная распределительная сетевая компания Урала"</fullName>
                        <shortName>ОАО "МРСК Урала"</shortName>
                        <iko>56671163413667201001</iko>
                        <inn>6671163413</inn>
                        <kpp>667201001</kpp>
                        <ogrn>1056604000970</ogrn>
                        <legalAddress>620026, Свердловская, Екатеринбург, Мамина-Сибиряка, дом 140</legalAddress>
                        <postalAddress>620026, Свердловская область, Екатеринбург, Мамина-Сибиряка, дом 140 </postalAddress>
                        <phone>7-343-2152600</phone>
                        <fax>7-343-2152661</fax>
                        <email>mrsk@mrsk-ural.ru</email>
                        <okato>65401000000</okato>
                        <okpo>76507836</okpo>
                    </mainInfo>
                </ns2:customer>
                <ns2:placer>
                    <mainInfo>
                        <fullName>Открытое акционерное общество "Межрегиональная распределительная сетевая компания Урала"</fullName>
                        <shortName>ОАО "МРСК Урала"</shortName>
                        <iko>56671163413667201001</iko>
                        <inn>6671163413</inn>
                        <kpp>667201001</kpp>
                        <ogrn>1056604000970</ogrn>
                        <legalAddress>620026, Свердловская, Екатеринбург, Мамина-Сибиряка, дом 140</legalAddress>
                        <postalAddress>620026, Свердловская область, Екатеринбург, Мамина-Сибиряка, дом 140 </postalAddress>
                        <phone>7-343-2152600</phone>
                        <fax>7-343-2152661</fax>
                        <email>mrsk@mrsk-ural.ru</email>
                        <okato>65401000000</okato>
                        <okpo>76507836</okpo>
                    </mainInfo>
                </ns2:placer>
                <ns2:publicationDate>2017-03-29T12:00:41</ns2:publicationDate>
                <ns2:status>P</ns2:status>
                <ns2:version>1</ns2:version>
                <ns2:completed>false</ns2:completed>
                <ns2:attachments>
                    <totalDocumentsCount>2</totalDocumentsCount>
                    <document>
                        <guid>d21c33e3-2b4b-4fee-9317-465619432a39</guid>
                        <createDateTime>2017-03-29T12:00:04</createDateTime>
                        <fileName>02-16 ЧГЭС 6000012059  Росинвест-Проект  4 акта на 714 806,06.pdf</fileName>
                        <description>02-16 ЧГЭС 6000012059  Росинвест-Проект  4 акта на 714 806,06</description>
                        <url>https://zakupki.gov.ru/223/contract/private/download/download.html?id=11691049</url>
                        <registrationNumber>56671163413150024100004</registrationNumber>
                    </document>
                    <document>
                        <guid>5ccb7465-9de3-479d-972b-e6b9a8eb9ab5</guid>
                        <createDateTime>2017-03-29T12:00:14</createDateTime>
                        <fileName>06-16 ЧГЭС 6000012059 Росинвест-Проект  сф 101 401,20.pdf</fileName>
                        <description>06-16 ЧГЭС 6000012059 Росинвест-Проект  сф 101 401,20</description>
                        <url>https://zakupki.gov.ru/223/contract/private/download/download.html?id=11691055</url>
                        <registrationNumber>56671163413150024100005</registrationNumber>
                    </document>
                </ns2:attachments>
                <ns2:hasPenalty>false</ns2:hasPenalty>
                <ns2:contractRegNumber>56671163413150024100000</ns2:contractRegNumber>
                <ns2:contractInfo>
                    <ns2:guid>dbe93627-4470-45b7-940a-51436ce4bd0d</ns2:guid>
                    <ns2:agencyName>ОАО "МРСК Урала"</ns2:agencyName>
                    <ns2:supplierName>Закрытое акционерное общество "Развитие Оптимальных Стратегий Инвестирования в Проектировании"</ns2:supplierName>
                    <ns2:lotInfo>Право заключения договора подряда на выполнение строительно-монтажных работ по объекту: «Реконструкция ТП-5660 (инв.№54801), пункта учета электроэнергии Ленинского РЭС ПО «ЧГЭС» (инв. №229341), строительство КЛ-0,4 кВ от ТП-5660 до ВРУ объекта, расположенного по адресу: г. Челябинск, ул. Гагарина – ул. Фрунзе» Производственное отделение  «Челябинские городские электрические сети» филиала ОАО «МРСК Урала» - «Челябэнерго»</ns2:lotInfo>
                    <ns2:contractDate>2015-12-04</ns2:contractDate>
                </ns2:contractInfo>
                <ns2:positions>
                    <ns2:position>
                        <ns2:ordinal>1</ns2:ordinal>
                        <ns2:paymentDate>2016-07-08</ns2:paymentDate>
                        <ns2:price>816207.26</ns2:price>
                        <ns2:currency>
                            <code>RUB</code>
                            <digitalCode>643</digitalCode>
                            <name>Российский рубль</name>
                        </ns2:currency>
                        <ns2:rubPrice>816207.26</ns2:rubPrice>
                        <ns2:prepaid>false</ns2:prepaid>
                        <ns2:docs>
                            <ns2:doc>
                                <ns2:ordinal>1</ns2:ordinal>
                                <ns2:date>2016-06-06</ns2:date>
                                <ns2:code>12</ns2:code>
                                <ns2:name>акт о приемке выполненных работ</ns2:name>
                                <ns2:number>1,4-7</ns2:number>
                                <ns2:contractPosition>
                                    <ns2:guid>3cabb739-795c-014e-e053-ac11070d70ec</ns2:guid>
                                    <ns2:okdp>
                                        <code>4521012</code>
                                        <name>Здания и сооружения электрических и тепловых сетей[4521111] - [4521127]</name>
                                    </ns2:okdp>
                                </ns2:contractPosition>
                                <ns2:okei>
                                    <code>642</code>
                                    <name>Единица</name>
                                </ns2:okei>
                                <ns2:qty>1</ns2:qty>
                            </ns2:doc>
                        </ns2:docs>
                    </ns2:position>
                    <ns2:total>816207.26</ns2:total>
                </ns2:positions>
            </ns2:performanceContractData>
        </ns2:item>
    </ns2:body>
</ns2:performanceContract>
