<?xml version="1.0" encoding="UTF-8" standalone="yes"?>
<ns2:performanceContract xsi:schemaLocation="http://zakupki.gov.ru/223/integration/schema/TFF-5.2 http://zakupki.gov.ru/223/integration/schema/TFF-5.2/Types.xsd" xmlns="http://zakupki.gov.ru/223fz/types/1" xmlns:ns10="http://zakupki.gov.ru/223fz/complaint/1" xmlns:ns11="http://zakupki.gov.ru/223fz/notificationIssue/1" xmlns:ns12="http://zakupki.gov.ru/223fz/purchasePlanProject/1" xmlns:ns13="http://zakupki.gov.ru/223fz/purchase/1" xmlns:ns14="http://zakupki.gov.ru/223fz/purchasePlanProjectAdditionalPosition/1" xmlns:ns15="http://zakupki.gov.ru/223fz/missedNotice/1" xmlns:ns16="http://zakupki.gov.ru/223fz/reference/1" xmlns:ns17="http://zakupki.gov.ru/223fz/stopCommodity/1" xmlns:ns18="http://zakupki.gov.ru/223fz/decisionSuspension/1" xmlns:ns19="http://zakupki.gov.ru/223fz/webRequest/1" xmlns:ns2="http://zakupki.gov.ru/223fz/contract/1" xmlns:xsi="http://www.w3.org/2001/XMLSchema-instance" xmlns:ns3="http://zakupki.gov.ru/223fz/dishonestSupplier/1" xmlns:ns4="http://zakupki.gov.ru/223fz/purchasePlanAdditionalPosition/1" xmlns:ns5="http://zakupki.gov.ru/223fz/purchasePlan/1" xmlns:ns6="http://zakupki.gov.ru/223fz/machineryListInfo/1" xmlns:ns7="http://zakupki.gov.ru/223fz/revenue/1" xmlns:ns8="http://zakupki.gov.ru/223fz/orderClauseList/1" xmlns:ns9="http://zakupki.gov.ru/223fz/disagreementProtocol/1">
    <header>
        <guid>2a7b048a-16a8-4891-b806-86285d2f2e41</guid>
        <createDateTime>2017-03-29T13:35:25</createDateTime>
    </header>
    <ns2:body>
        <ns2:item>
            <guid>48d5e0f5-48bb-4902-9cab-969365af8b24</guid>
            <ns2:performanceContractData>
                <ns2:guid>5cf12550-7266-414c-ad5b-74bcb857cd8c</ns2:guid>
                <ns2:registrationNumber>86628002723160000440003</ns2:registrationNumber>
                <ns2:urlOOS>https://zakupki.gov.ru/223/contract/private/completing/info/view.html?id=2658900</ns2:urlOOS>
                <ns2:termination>false</ns2:termination>
                <ns2:createDateTime>2016-05-23T08:27:34</ns2:createDateTime>
                <ns2:customer>
                    <mainInfo>
                        <fullName>ГОСУДАРСТВЕННОЕ АВТОНОМНОЕ УЧРЕЖДЕНИЕ ЗДРАВООХРАНЕНИЯ СВЕРДЛОВСКОЙ ОБЛАСТИ "РЕЖЕВСКАЯ ЦЕНТРАЛЬНАЯ РАЙОННАЯ БОЛЬНИЦА"</fullName>
                        <shortName>ГАУЗ СО "РЕЖЕВСКАЯ ЦРБ"</shortName>
                        <iko>86628002723662801001</iko>
                        <inn>6628002723</inn>
                        <kpp>662801001</kpp>
                        <ogrn>1026601690675</ogrn>
                        <legalAddress>623750, обл СВЕРДЛОВСКАЯ, г РЕЖ, ул П.МОРОЗОВА, дом 60</legalAddress>
                        <postalAddress>Свердловская область, г. Реж, ул. Павлика Морозова, д. 60</postalAddress>
                        <phone>7-34364-38129</phone>
                        <fax>7-34364-38781</fax>
                        <email>shwedow@hotbox.ru</email>
                        <okato>65486000000</okato>
                        <okpo>05174182</okpo>
                    </mainInfo>
                </ns2:customer>
                <ns2:placer>
                    <mainInfo>
                        <fullName>ГОСУДАРСТВЕННОЕ АВТОНОМНОЕ УЧРЕЖДЕНИЕ ЗДРАВООХРАНЕНИЯ СВЕРДЛОВСКОЙ ОБЛАСТИ "РЕЖЕВСКАЯ ЦЕНТРАЛЬНАЯ РАЙОННАЯ БОЛЬНИЦА"</fullName>
                        <shortName>ГАУЗ СО "РЕЖЕВСКАЯ ЦРБ"</shortName>
                        <iko>86628002723662801001</iko>
                        <inn>6628002723</inn>
                        <kpp>662801001</kpp>
                        <ogrn>1026601690675</ogrn>
                        <legalAddress>623750, обл СВЕРДЛОВСКАЯ, г РЕЖ, ул П.МОРОЗОВА, дом 60</legalAddress>
                        <postalAddress>Свердловская область, г. Реж, ул. Павлика Морозова, д. 60</postalAddress>
                        <phone>7-34364-38129</phone>
                        <fax>7-34364-38781</fax>
                        <email>shwedow@hotbox.ru</email>
                        <okato>65486000000</okato>
                        <okpo>05174182</okpo>
                    </mainInfo>
                </ns2:placer>
                <ns2:publicationDate>2017-03-29T13:35:25</ns2:publicationDate>
                <ns2:status>P</ns2:status>
                <ns2:version>1</ns2:version>
                <ns2:completed>true</ns2:completed>
                <ns2:attachments>
                    <totalDocumentsCount>1</totalDocumentsCount>
                    <document>
                        <guid>3c15787a-8d5d-43da-b4ac-a9d43cc6013e</guid>
                        <createDateTime>2017-03-29T13:35:09</createDateTime>
                        <fileName>документы.rar</fileName>
                        <description>документы</description>
                        <url>https://zakupki.gov.ru/223/contract/private/download/download.html?id=11696528</url>
                        <registrationNumber>86628002723160000440004</registrationNumber>
                    </document>
                </ns2:attachments>
                <ns2:hasPenalty>false</ns2:hasPenalty>
                <ns2:contractRegNumber>86628002723160000440000</ns2:contractRegNumber>
                <ns2:contractInfo>
                    <ns2:guid>34d876b8-6a66-4a86-8cf9-5ba6418ad459</ns2:guid>
                    <ns2:name>31603602997-053</ns2:name>
                    <ns2:agencyName>ГАУЗ СО "РЕЖЕВСКАЯ ЦРБ"</ns2:agencyName>
                    <ns2:supplierName>Общество с ограниченной ответственностью “МО “Отдел медицинской техники”</ns2:supplierName>
                    <ns2:lotInfo>Поставка расходного материала для родильного отделения.</ns2:lotInfo>
                    <ns2:contractDate>2016-05-20</ns2:contractDate>
                </ns2:contractInfo>
                <ns2:positions>
                    <ns2:position>
                        <ns2:ordinal>1</ns2:ordinal>
                        <ns2:paymentDate>2016-06-20</ns2:paymentDate>
                        <ns2:price>34504.8</ns2:price>
                        <ns2:currency>
                            <code>RUB</code>
                            <digitalCode>643</digitalCode>
                            <name>Российский рубль</name>
                        </ns2:currency>
                        <ns2:rubPrice>34504.8</ns2:rubPrice>
                        <ns2:prepaid>false</ns2:prepaid>
                        <ns2:docs>
                            <ns2:doc>
                                <ns2:ordinal>1</ns2:ordinal>
                                <ns2:date>2016-06-09</ns2:date>
                                <ns2:code>01</ns2:code>
                                <ns2:name>товарная накладная</ns2:name>
                                <ns2:number>5024-1</ns2:number>
                                <ns2:contractPosition>
                                    <ns2:guid>3cabb752-efa3-014e-e053-ac11070d70ec</ns2:guid>
                                    <ns2:name>Изделия медицинские, в том числе хирургические, прочие</ns2:name>
                                    <ns2:okpd2>
                                        <code>32.50.50.000</code>
                                        <name>Изделия медицинские, в том числе хирургические, прочие</name>
                                    </ns2:okpd2>
                                </ns2:contractPosition>
                                <ns2:okei>
                                    <code>642</code>
                                    <name>Единица</name>
                                </ns2:okei>
                                <ns2:qty>1</ns2:qty>
                            </ns2:doc>
                        </ns2:docs>
                    </ns2:position>
                    <ns2:position>
                        <ns2:ordinal>2</ns2:ordinal>
                        <ns2:paymentDate>2016-09-16</ns2:paymentDate>
                        <ns2:price>12024.4</ns2:price>
                        <ns2:currency>
                            <code>RUB</code>
                            <digitalCode>643</digitalCode>
                            <name>Российский рубль</name>
                        </ns2:currency>
                        <ns2:rubPrice>12024.4</ns2:rubPrice>
                        <ns2:prepaid>false</ns2:prepaid>
                        <ns2:docs>
                            <ns2:doc>
                                <ns2:ordinal>1</ns2:ordinal>
                                <ns2:date>2016-08-09</ns2:date>
                                <ns2:code>01</ns2:code>
                                <ns2:name>товарная накладная</ns2:name>
                                <ns2:number>цз-0005024</ns2:number>
                                <ns2:contractPosition>
                                    <ns2:guid>3cabb752-efa3-014e-e053-ac11070d70ec</ns2:guid>
                                    <ns2:name>Изделия медицинские, в том числе хирургические, прочие</ns2:name>
                                    <ns2:okpd2>
                                        <code>32.50.50.000</code>
                                        <name>Изделия медицинские, в том числе хирургические, прочие</name>
                                    </ns2:okpd2>
                                </ns2:contractPosition>
                                <ns2:okei>
                                    <code>642</code>
                                    <name>Единица</name>
                                </ns2:okei>
                                <ns2:qty>1</ns2:qty>
                            </ns2:doc>
                        </ns2:docs>
                    </ns2:position>
                    <ns2:position>
                        <ns2:ordinal>3</ns2:ordinal>
                        <ns2:paymentDate>2016-10-04</ns2:paymentDate>
                        <ns2:price>34504.8</ns2:price>
                        <ns2:currency>
                            <code>RUB</code>
                            <digitalCode>643</digitalCode>
                            <name>Российский рубль</name>
                        </ns2:currency>
                        <ns2:rubPrice>34504.8</ns2:rubPrice>
                        <ns2:prepaid>false</ns2:prepaid>
                        <ns2:docs>
                            <ns2:doc>
                                <ns2:ordinal>1</ns2:ordinal>
                                <ns2:date>2016-09-30</ns2:date>
                                <ns2:code>01</ns2:code>
                                <ns2:name>товарная накладная</ns2:name>
                                <ns2:number>5024</ns2:number>
                                <ns2:contractPosition>
                                    <ns2:guid>3cabb752-efa3-014e-e053-ac11070d70ec</ns2:guid>
                                    <ns2:name>Изделия медицинские, в том числе хирургические, прочие</ns2:name>
                                    <ns2:okpd2>
                                        <code>32.50.50.000</code>
                                        <name>Изделия медицинские, в том числе хирургические, прочие</name>
                                    </ns2:okpd2>
                                </ns2:contractPosition>
                                <ns2:okei>
                                    <code>642</code>
                                    <name>Единица</name>
                                </ns2:okei>
                                <ns2:qty>1</ns2:qty>
                            </ns2:doc>
                        </ns2:docs>
                    </ns2:position>
                    <ns2:position>
                        <ns2:ordinal>4</ns2:ordinal>
                        <ns2:paymentDate>2016-10-17</ns2:paymentDate>
                        <ns2:price>1966</ns2:price>
                        <ns2:currency>
                            <code>RUB</code>
                            <digitalCode>643</digitalCode>
                            <name>Российский рубль</name>
                        </ns2:currency>
                        <ns2:rubPrice>1966</ns2:rubPrice>
                        <ns2:prepaid>false</ns2:prepaid>
                        <ns2:docs>
                            <ns2:doc>
                                <ns2:ordinal>1</ns2:ordinal>
                                <ns2:date>2016-09-30</ns2:date>
                                <ns2:code>01</ns2:code>
                                <ns2:name>товарная накладная</ns2:name>
                                <ns2:number>7814</ns2:number>
                                <ns2:contractPosition>
                                    <ns2:guid>3cabb752-efa3-014e-e053-ac11070d70ec</ns2:guid>
                                    <ns2:name>Изделия медицинские, в том числе хирургические, прочие</ns2:name>
                                    <ns2:okpd2>
                                        <code>32.50.50.000</code>
                                        <name>Изделия медицинские, в том числе хирургические, прочие</name>
                                    </ns2:okpd2>
                                </ns2:contractPosition>
                                <ns2:okei>
                                    <code>642</code>
                                    <name>Единица</name>
                                </ns2:okei>
                                <ns2:qty>1</ns2:qty>
                            </ns2:doc>
                        </ns2:docs>
                    </ns2:position>
                    <ns2:total>83000.0</ns2:total>
                </ns2:positions>
            </ns2:performanceContractData>
        </ns2:item>
    </ns2:body>
</ns2:performanceContract>
