<?xml version="1.0" encoding="UTF-8" standalone="yes"?>
<ns2:performanceContract xsi:schemaLocation="http://zakupki.gov.ru/223/integration/schema/TFF-5.2 http://zakupki.gov.ru/223/integration/schema/TFF-5.2/Types.xsd" xmlns="http://zakupki.gov.ru/223fz/types/1" xmlns:ns10="http://zakupki.gov.ru/223fz/complaint/1" xmlns:ns11="http://zakupki.gov.ru/223fz/notificationIssue/1" xmlns:ns12="http://zakupki.gov.ru/223fz/purchasePlanProject/1" xmlns:ns13="http://zakupki.gov.ru/223fz/purchase/1" xmlns:ns14="http://zakupki.gov.ru/223fz/purchasePlanProjectAdditionalPosition/1" xmlns:ns15="http://zakupki.gov.ru/223fz/missedNotice/1" xmlns:ns16="http://zakupki.gov.ru/223fz/reference/1" xmlns:ns17="http://zakupki.gov.ru/223fz/stopCommodity/1" xmlns:ns18="http://zakupki.gov.ru/223fz/decisionSuspension/1" xmlns:ns19="http://zakupki.gov.ru/223fz/webRequest/1" xmlns:ns2="http://zakupki.gov.ru/223fz/contract/1" xmlns:xsi="http://www.w3.org/2001/XMLSchema-instance" xmlns:ns3="http://zakupki.gov.ru/223fz/dishonestSupplier/1" xmlns:ns4="http://zakupki.gov.ru/223fz/purchasePlanAdditionalPosition/1" xmlns:ns5="http://zakupki.gov.ru/223fz/purchasePlan/1" xmlns:ns6="http://zakupki.gov.ru/223fz/machineryListInfo/1" xmlns:ns7="http://zakupki.gov.ru/223fz/revenue/1" xmlns:ns8="http://zakupki.gov.ru/223fz/orderClauseList/1" xmlns:ns9="http://zakupki.gov.ru/223fz/disagreementProtocol/1">
    <header>
        <guid>3f531a1c-4891-4aa2-a0c4-680953283562</guid>
        <createDateTime>2017-03-29T13:59:10</createDateTime>
    </header>
    <ns2:body>
        <ns2:item>
            <guid>d0c12843-d567-4271-9480-0482c01d61d3</guid>
            <ns2:performanceContractData>
                <ns2:guid>5bca0995-c831-43cb-9201-91ecd6427506</ns2:guid>
                <ns2:registrationNumber>56605002100160004810005</ns2:registrationNumber>
                <ns2:urlOOS>https://zakupki.gov.ru/223/contract/private/completing/info/view.html?id=2659294</ns2:urlOOS>
                <ns2:createDateTime>2016-12-12T07:50:59</ns2:createDateTime>
                <ns2:customer>
                    <mainInfo>
                        <fullName>Открытое акционерное общество "Богдановичский комбикормовый завод"</fullName>
                        <shortName>ОАО "Богдановичский комбикормовый завод"</shortName>
                        <iko>56605002100660501001</iko>
                        <inn>6605002100</inn>
                        <kpp>660501001</kpp>
                        <ogrn>1026600705790</ogrn>
                        <legalAddress>623530, Свердловская, Богданович, Степана Разина, дом 64</legalAddress>
                        <postalAddress>623530, Свердловская Область, Богданович Город, Степана Разина Улица, дом 64</postalAddress>
                        <phone>7-34376-55681</phone>
                        <email>lawyer@combikorm.ru</email>
                        <okato>65416000000</okato>
                        <okpo>04537234</okpo>
                    </mainInfo>
                </ns2:customer>
                <ns2:placer>
                    <mainInfo>
                        <fullName>Открытое акционерное общество "Богдановичский комбикормовый завод"</fullName>
                        <shortName>ОАО "Богдановичский комбикормовый завод"</shortName>
                        <iko>56605002100660501001</iko>
                        <inn>6605002100</inn>
                        <kpp>660501001</kpp>
                        <ogrn>1026600705790</ogrn>
                        <legalAddress>623530, Свердловская, Богданович, Степана Разина, дом 64</legalAddress>
                        <postalAddress>623530, Свердловская Область, Богданович Город, Степана Разина Улица, дом 64</postalAddress>
                        <phone>7-34376-55681</phone>
                        <email>lawyer@combikorm.ru</email>
                        <okato>65416000000</okato>
                        <okpo>04537234</okpo>
                    </mainInfo>
                </ns2:placer>
                <ns2:publicationDate>2017-03-29T13:59:10</ns2:publicationDate>
                <ns2:status>P</ns2:status>
                <ns2:version>1</ns2:version>
                <ns2:completed>false</ns2:completed>
                <ns2:attachments>
                    <totalDocumentsCount>1</totalDocumentsCount>
                    <document>
                        <guid>348a8b13-6346-4659-bdba-af12d5ce7112</guid>
                        <createDateTime>2017-03-29T13:58:59</createDateTime>
                        <fileName>Агропартнер дог.1208С.pdf</fileName>
                        <description>Агропартнер дог.1208С</description>
                        <url>https://zakupki.gov.ru/223/contract/private/download/download.html?id=11698049</url>
                        <registrationNumber>56605002100160004810006</registrationNumber>
                    </document>
                </ns2:attachments>
                <ns2:hasPenalty>false</ns2:hasPenalty>
                <ns2:contractRegNumber>56605002100160004810000</ns2:contractRegNumber>
                <ns2:contractInfo>
                    <ns2:guid>2cb39cb4-4cee-4ebf-9d81-e980a32b4201</ns2:guid>
                    <ns2:name>1208C</ns2:name>
                    <ns2:agencyName>ОАО "Богдановичский комбикормовый завод"</ns2:agencyName>
                    <ns2:supplierName>ОБЩЕСТВО С ОГРАНИЧЕННОЙ ОТВЕТСТВЕННОСТЬЮ "АГРОПАРТНЕР"</ns2:supplierName>
                    <ns2:lotInfo>Ячмень кормовой</ns2:lotInfo>
                    <ns2:contractDate>2016-12-02</ns2:contractDate>
                </ns2:contractInfo>
                <ns2:positions>
                    <ns2:position>
                        <ns2:ordinal>1</ns2:ordinal>
                        <ns2:paymentDate>2017-03-02</ns2:paymentDate>
                        <ns2:price>3898049.76</ns2:price>
                        <ns2:currency>
                            <code>RUB</code>
                            <digitalCode>643</digitalCode>
                            <name>Российский рубль</name>
                        </ns2:currency>
                        <ns2:rubPrice>3898049.76</ns2:rubPrice>
                        <ns2:prepaid>false</ns2:prepaid>
                        <ns2:docs>
                            <ns2:doc>
                                <ns2:ordinal>1</ns2:ordinal>
                                <ns2:code>37</ns2:code>
                                <ns2:name>прочие документы о приемке</ns2:name>
                                <ns2:number>Акт сверки расчётов за период с 02.12.2016 по 02.03.2017</ns2:number>
                                <ns2:contractPosition>
                                    <ns2:guid>ca56c965-6c33-4d24-bb7a-4e0d75a81c0e</ns2:guid>
                                    <ns2:name>Ячмень</ns2:name>
                                    <ns2:okpd2>
                                        <code>01.11.31</code>
                                        <name>Ячмень</name>
                                    </ns2:okpd2>
                                </ns2:contractPosition>
                                <ns2:okei>
                                    <code>168</code>
                                    <name>Тонна; Метрическая тонна (1000 кг)</name>
                                </ns2:okei>
                                <ns2:qty>457.84</ns2:qty>
                            </ns2:doc>
                        </ns2:docs>
                    </ns2:position>
                    <ns2:total>3898049.76</ns2:total>
                </ns2:positions>
            </ns2:performanceContractData>
        </ns2:item>
    </ns2:body>
</ns2:performanceContract>
