<?xml version="1.0" encoding="UTF-8" standalone="yes"?>
<ns2:performanceContract xsi:schemaLocation="http://zakupki.gov.ru/223/integration/schema/TFF-5.2 http://zakupki.gov.ru/223/integration/schema/TFF-5.2/Types.xsd" xmlns="http://zakupki.gov.ru/223fz/types/1" xmlns:ns10="http://zakupki.gov.ru/223fz/complaint/1" xmlns:ns11="http://zakupki.gov.ru/223fz/notificationIssue/1" xmlns:ns12="http://zakupki.gov.ru/223fz/purchasePlanProject/1" xmlns:ns13="http://zakupki.gov.ru/223fz/purchase/1" xmlns:ns14="http://zakupki.gov.ru/223fz/purchasePlanProjectAdditionalPosition/1" xmlns:ns15="http://zakupki.gov.ru/223fz/missedNotice/1" xmlns:ns16="http://zakupki.gov.ru/223fz/reference/1" xmlns:ns17="http://zakupki.gov.ru/223fz/stopCommodity/1" xmlns:ns18="http://zakupki.gov.ru/223fz/decisionSuspension/1" xmlns:ns19="http://zakupki.gov.ru/223fz/webRequest/1" xmlns:ns2="http://zakupki.gov.ru/223fz/contract/1" xmlns:xsi="http://www.w3.org/2001/XMLSchema-instance" xmlns:ns3="http://zakupki.gov.ru/223fz/dishonestSupplier/1" xmlns:ns4="http://zakupki.gov.ru/223fz/purchasePlanAdditionalPosition/1" xmlns:ns5="http://zakupki.gov.ru/223fz/purchasePlan/1" xmlns:ns6="http://zakupki.gov.ru/223fz/machineryListInfo/1" xmlns:ns7="http://zakupki.gov.ru/223fz/revenue/1" xmlns:ns8="http://zakupki.gov.ru/223fz/orderClauseList/1" xmlns:ns9="http://zakupki.gov.ru/223fz/disagreementProtocol/1">
    <header>
        <guid>04f0bba0-9c6d-4de6-bfe1-53ddfa57ab73</guid>
        <createDateTime>2017-03-29T11:35:20</createDateTime>
    </header>
    <ns2:body>
        <ns2:item>
            <guid>8d3afff0-a348-4b3c-b2f2-c9d63cc73024</guid>
            <ns2:performanceContractData>
                <ns2:guid>36929452-c420-4488-b25e-7257e0d193be</ns2:guid>
                <ns2:registrationNumber>86628002723160000860003</ns2:registrationNumber>
                <ns2:urlOOS>https://zakupki.gov.ru/223/contract/private/completing/info/view.html?id=2657484</ns2:urlOOS>
                <ns2:createDateTime>2016-10-10T11:37:33</ns2:createDateTime>
                <ns2:customer>
                    <mainInfo>
                        <fullName>ГОСУДАРСТВЕННОЕ АВТОНОМНОЕ УЧРЕЖДЕНИЕ ЗДРАВООХРАНЕНИЯ СВЕРДЛОВСКОЙ ОБЛАСТИ "РЕЖЕВСКАЯ ЦЕНТРАЛЬНАЯ РАЙОННАЯ БОЛЬНИЦА"</fullName>
                        <shortName>ГАУЗ СО "РЕЖЕВСКАЯ ЦРБ"</shortName>
                        <iko>86628002723662801001</iko>
                        <inn>6628002723</inn>
                        <kpp>662801001</kpp>
                        <ogrn>1026601690675</ogrn>
                        <legalAddress>623750, обл СВЕРДЛОВСКАЯ, г РЕЖ, ул П.МОРОЗОВА, дом 60</legalAddress>
                        <postalAddress>Свердловская область, г. Реж, ул. Павлика Морозова, д. 60</postalAddress>
                        <phone>7-34364-38129</phone>
                        <fax>7-34364-38781</fax>
                        <email>shwedow@hotbox.ru</email>
                        <okato>65486000000</okato>
                        <okpo>05174182</okpo>
                    </mainInfo>
                </ns2:customer>
                <ns2:placer>
                    <mainInfo>
                        <fullName>ГОСУДАРСТВЕННОЕ АВТОНОМНОЕ УЧРЕЖДЕНИЕ ЗДРАВООХРАНЕНИЯ СВЕРДЛОВСКОЙ ОБЛАСТИ "РЕЖЕВСКАЯ ЦЕНТРАЛЬНАЯ РАЙОННАЯ БОЛЬНИЦА"</fullName>
                        <shortName>ГАУЗ СО "РЕЖЕВСКАЯ ЦРБ"</shortName>
                        <iko>86628002723662801001</iko>
                        <inn>6628002723</inn>
                        <kpp>662801001</kpp>
                        <ogrn>1026601690675</ogrn>
                        <legalAddress>623750, обл СВЕРДЛОВСКАЯ, г РЕЖ, ул П.МОРОЗОВА, дом 60</legalAddress>
                        <postalAddress>Свердловская область, г. Реж, ул. Павлика Морозова, д. 60</postalAddress>
                        <phone>7-34364-38129</phone>
                        <fax>7-34364-38781</fax>
                        <email>shwedow@hotbox.ru</email>
                        <okato>65486000000</okato>
                        <okpo>05174182</okpo>
                    </mainInfo>
                </ns2:placer>
                <ns2:publicationDate>2017-03-29T11:35:20</ns2:publicationDate>
                <ns2:status>P</ns2:status>
                <ns2:version>1</ns2:version>
                <ns2:completed>true</ns2:completed>
                <ns2:attachments>
                    <totalDocumentsCount>1</totalDocumentsCount>
                    <document>
                        <guid>618962f2-2e03-4498-a08b-29eb6d43e89b</guid>
                        <createDateTime>2017-03-29T11:35:09</createDateTime>
                        <fileName>документы.rar</fileName>
                        <description>документы</description>
                        <url>https://zakupki.gov.ru/223/contract/private/download/download.html?id=11689334</url>
                        <registrationNumber>86628002723160000860004</registrationNumber>
                    </document>
                </ns2:attachments>
                <ns2:hasPenalty>false</ns2:hasPenalty>
                <ns2:contractRegNumber>86628002723160000860000</ns2:contractRegNumber>
                <ns2:contractInfo>
                    <ns2:guid>0a8a9c08-3127-4f73-9a87-c6a4ce570a9e</ns2:guid>
                    <ns2:name>№31604114049-096</ns2:name>
                    <ns2:agencyName>ГАУЗ СО "РЕЖЕВСКАЯ ЦРБ"</ns2:agencyName>
                    <ns2:supplierName>ОБЩЕСТВО С ОГРАНИЧЕННОЙ ОТВЕТСТВЕННОСТЬЮ "САНДАЛ ЛТД"</ns2:supplierName>
                    <ns2:lotInfo>Поставка медицинского иммунобиологического препарата</ns2:lotInfo>
                    <ns2:contractDate>2016-10-08</ns2:contractDate>
                </ns2:contractInfo>
                <ns2:positions>
                    <ns2:position>
                        <ns2:ordinal>1</ns2:ordinal>
                        <ns2:paymentDate>2016-12-28</ns2:paymentDate>
                        <ns2:price>27000</ns2:price>
                        <ns2:currency>
                            <code>RUB</code>
                            <digitalCode>643</digitalCode>
                            <name>Российский рубль</name>
                        </ns2:currency>
                        <ns2:rubPrice>27000</ns2:rubPrice>
                        <ns2:prepaid>false</ns2:prepaid>
                        <ns2:docs>
                            <ns2:doc>
                                <ns2:ordinal>1</ns2:ordinal>
                                <ns2:date>2016-10-10</ns2:date>
                                <ns2:code>01</ns2:code>
                                <ns2:name>товарная накладная</ns2:name>
                                <ns2:number>6773</ns2:number>
                                <ns2:contractPosition>
                                    <ns2:guid>60162f51-c984-42ff-a7dc-bb1e9da5220a</ns2:guid>
                                    <ns2:name>Вакцины и прочие лечебно-профилактические бактериальные препараты</ns2:name>
                                    <ns2:okpd2>
                                        <code>21.20.21.129</code>
                                        <name>Вакцины и прочие лечебно-профилактические бактериальные препараты</name>
                                    </ns2:okpd2>
                                </ns2:contractPosition>
                                <ns2:okei>
                                    <code>639</code>
                                    <name>Доза</name>
                                </ns2:okei>
                                <ns2:qty>50</ns2:qty>
                            </ns2:doc>
                        </ns2:docs>
                    </ns2:position>
                    <ns2:position>
                        <ns2:ordinal>3</ns2:ordinal>
                        <ns2:paymentDate>2017-03-28</ns2:paymentDate>
                        <ns2:price>115000</ns2:price>
                        <ns2:currency>
                            <code>RUB</code>
                            <digitalCode>643</digitalCode>
                            <name>Российский рубль</name>
                        </ns2:currency>
                        <ns2:rubPrice>115000</ns2:rubPrice>
                        <ns2:prepaid>false</ns2:prepaid>
                        <ns2:docs>
                            <ns2:doc>
                                <ns2:ordinal>1</ns2:ordinal>
                                <ns2:date>2016-10-20</ns2:date>
                                <ns2:code>01</ns2:code>
                                <ns2:name>товарная накладная</ns2:name>
                                <ns2:number>7201</ns2:number>
                                <ns2:contractPosition>
                                    <ns2:guid>60162f51-c984-42ff-a7dc-bb1e9da5220a</ns2:guid>
                                    <ns2:name>Вакцины и прочие лечебно-профилактические бактериальные препараты</ns2:name>
                                    <ns2:okpd2>
                                        <code>21.20.21.129</code>
                                        <name>Вакцины и прочие лечебно-профилактические бактериальные препараты</name>
                                    </ns2:okpd2>
                                </ns2:contractPosition>
                                <ns2:okei>
                                    <code>639</code>
                                    <name>Доза</name>
                                </ns2:okei>
                                <ns2:qty>200</ns2:qty>
                            </ns2:doc>
                        </ns2:docs>
                    </ns2:position>
                    <ns2:position>
                        <ns2:ordinal>2</ns2:ordinal>
                        <ns2:paymentDate>2017-03-20</ns2:paymentDate>
                        <ns2:price>20000</ns2:price>
                        <ns2:currency>
                            <code>RUB</code>
                            <digitalCode>643</digitalCode>
                            <name>Российский рубль</name>
                        </ns2:currency>
                        <ns2:rubPrice>20000</ns2:rubPrice>
                        <ns2:prepaid>false</ns2:prepaid>
                        <ns2:docs>
                            <ns2:doc>
                                <ns2:ordinal>1</ns2:ordinal>
                                <ns2:date>2016-10-20</ns2:date>
                                <ns2:code>01</ns2:code>
                                <ns2:name>товарная накладная</ns2:name>
                                <ns2:number>7201</ns2:number>
                                <ns2:contractPosition>
                                    <ns2:guid>60162f51-c984-42ff-a7dc-bb1e9da5220a</ns2:guid>
                                    <ns2:name>Вакцины и прочие лечебно-профилактические бактериальные препараты</ns2:name>
                                    <ns2:okpd2>
                                        <code>21.20.21.129</code>
                                        <name>Вакцины и прочие лечебно-профилактические бактериальные препараты</name>
                                    </ns2:okpd2>
                                </ns2:contractPosition>
                                <ns2:okei>
                                    <code>639</code>
                                    <name>Доза</name>
                                </ns2:okei>
                                <ns2:qty>50</ns2:qty>
                            </ns2:doc>
                        </ns2:docs>
                    </ns2:position>
                    <ns2:total>162000</ns2:total>
                </ns2:positions>
            </ns2:performanceContractData>
        </ns2:item>
    </ns2:body>
</ns2:performanceContract>
