<?xml version="1.0" encoding="UTF-8" standalone="yes"?>
<ns2:performanceContract xsi:schemaLocation="http://zakupki.gov.ru/223/integration/schema/TFF-5.2 http://zakupki.gov.ru/223/integration/schema/TFF-5.2/Types.xsd" xmlns="http://zakupki.gov.ru/223fz/types/1" xmlns:ns10="http://zakupki.gov.ru/223fz/complaint/1" xmlns:ns11="http://zakupki.gov.ru/223fz/notificationIssue/1" xmlns:ns12="http://zakupki.gov.ru/223fz/purchasePlanProject/1" xmlns:ns13="http://zakupki.gov.ru/223fz/purchase/1" xmlns:ns14="http://zakupki.gov.ru/223fz/purchasePlanProjectAdditionalPosition/1" xmlns:ns15="http://zakupki.gov.ru/223fz/missedNotice/1" xmlns:ns16="http://zakupki.gov.ru/223fz/reference/1" xmlns:ns17="http://zakupki.gov.ru/223fz/stopCommodity/1" xmlns:ns18="http://zakupki.gov.ru/223fz/decisionSuspension/1" xmlns:ns19="http://zakupki.gov.ru/223fz/webRequest/1" xmlns:ns2="http://zakupki.gov.ru/223fz/contract/1" xmlns:xsi="http://www.w3.org/2001/XMLSchema-instance" xmlns:ns3="http://zakupki.gov.ru/223fz/dishonestSupplier/1" xmlns:ns4="http://zakupki.gov.ru/223fz/purchasePlanAdditionalPosition/1" xmlns:ns5="http://zakupki.gov.ru/223fz/purchasePlan/1" xmlns:ns6="http://zakupki.gov.ru/223fz/machineryListInfo/1" xmlns:ns7="http://zakupki.gov.ru/223fz/revenue/1" xmlns:ns8="http://zakupki.gov.ru/223fz/orderClauseList/1" xmlns:ns9="http://zakupki.gov.ru/223fz/disagreementProtocol/1">
    <header>
        <guid>967f95ca-62b3-42ea-bd7a-2549e67f2fde</guid>
        <createDateTime>2017-03-29T13:57:28</createDateTime>
    </header>
    <ns2:body>
        <ns2:item>
            <guid>02b21e63-1702-45c1-8335-d30d861991cc</guid>
            <ns2:performanceContractData>
                <ns2:guid>1bac7b9c-86d8-4cd6-b3eb-4c43a99f32e4</ns2:guid>
                <ns2:registrationNumber>66662054224150003940003</ns2:registrationNumber>
                <ns2:urlOOS>https://zakupki.gov.ru/223/contract/private/completing/info/view.html?id=2659283</ns2:urlOOS>
                <ns2:createDateTime>2015-11-10T13:48:34</ns2:createDateTime>
                <ns2:customer>
                    <mainInfo>
                        <fullName>АКЦИОНЕРНОЕ ОБЩЕСТВО "НАУЧНО-ПРОИЗВОДСТВЕННОЕ ПРЕДПРИЯТИЕ "СТАРТ" ИМ. А. И. ЯСКИНА"</fullName>
                        <shortName>АО "НПП "СТАРТ" ИМ. А. И. ЯСКИНА"</shortName>
                        <iko>66662054224668501001</iko>
                        <inn>6662054224</inn>
                        <kpp>668501001</kpp>
                        <ogrn>1026605387951</ogrn>
                        <legalAddress>620007, обл СВЕРДЛОВСКАЯ, г ЕКАТЕРИНБУРГ, ул ПРИБАЛТИЙСКАЯ, дом 24</legalAddress>
                        <postalAddress>620007, г.Екатеринбург, ул. Прибалтийская, д. 24</postalAddress>
                        <phone>8-343-2520103</phone>
                        <fax>8-343-2643484</fax>
                        <email>nppstart@technodinamika.ru</email>
                        <okato>65401380000</okato>
                        <okpo>07543212</okpo>
                    </mainInfo>
                </ns2:customer>
                <ns2:placer>
                    <mainInfo>
                        <fullName>АКЦИОНЕРНОЕ ОБЩЕСТВО "НАУЧНО-ПРОИЗВОДСТВЕННОЕ ПРЕДПРИЯТИЕ "СТАРТ" ИМ. А. И. ЯСКИНА"</fullName>
                        <shortName>АО "НПП "СТАРТ" ИМ. А. И. ЯСКИНА"</shortName>
                        <iko>66662054224668501001</iko>
                        <inn>6662054224</inn>
                        <kpp>668501001</kpp>
                        <ogrn>1026605387951</ogrn>
                        <legalAddress>620007, обл СВЕРДЛОВСКАЯ, г ЕКАТЕРИНБУРГ, ул ПРИБАЛТИЙСКАЯ, дом 24</legalAddress>
                        <postalAddress>620007, г.Екатеринбург, ул. Прибалтийская, д. 24</postalAddress>
                        <phone>8-343-2520103</phone>
                        <fax>8-343-2643484</fax>
                        <email>nppstart@technodinamika.ru</email>
                        <okato>65401380000</okato>
                        <okpo>07543212</okpo>
                    </mainInfo>
                </ns2:placer>
                <ns2:publicationDate>2017-03-29T13:57:28</ns2:publicationDate>
                <ns2:status>P</ns2:status>
                <ns2:version>1</ns2:version>
                <ns2:completed>true</ns2:completed>
                <ns2:attachments>
                    <totalDocumentsCount>1</totalDocumentsCount>
                    <document>
                        <guid>47ebb646-99b4-4c61-b24e-295e72d28722</guid>
                        <createDateTime>2017-03-29T13:57:13</createDateTime>
                        <fileName>Сальдовая ведомость.xls</fileName>
                        <description>Сальдовая ведомость</description>
                        <url>https://zakupki.gov.ru/223/contract/private/download/download.html?id=11697929</url>
                        <registrationNumber>66662054224150003940004</registrationNumber>
                    </document>
                </ns2:attachments>
                <ns2:hasPenalty>false</ns2:hasPenalty>
                <ns2:contractRegNumber>66662054224150003940000</ns2:contractRegNumber>
                <ns2:contractInfo>
                    <ns2:guid>4bc53ba2-7f33-405a-826c-225b44e7ba87</ns2:guid>
                    <ns2:name>108/15</ns2:name>
                    <ns2:agencyName>АО "НПП "СТАРТ" ИМ. А. И. ЯСКИНА"</ns2:agencyName>
                    <ns2:supplierName>ОБЩЕСТВО С ОГРАНИЧЕННОЙ ОТВЕТСТВЕННОСТЬЮ "АКВАМАРИН"</ns2:supplierName>
                    <ns2:lotInfo>Выполнение работ по изготовлению из материала заказчика деталей для нужд АО «НПП «Старт» им. А.И. Яскина» в 2015 г.</ns2:lotInfo>
                    <ns2:contractDate>2015-11-06</ns2:contractDate>
                </ns2:contractInfo>
                <ns2:positions>
                    <ns2:position>
                        <ns2:ordinal>1</ns2:ordinal>
                        <ns2:paymentDate>2017-03-21</ns2:paymentDate>
                        <ns2:price>714824</ns2:price>
                        <ns2:currency>
                            <code>RUB</code>
                            <digitalCode>643</digitalCode>
                            <name>Российский рубль</name>
                        </ns2:currency>
                        <ns2:rubPrice>714824</ns2:rubPrice>
                        <ns2:prepaid>false</ns2:prepaid>
                        <ns2:docs>
                            <ns2:doc>
                                <ns2:ordinal>1</ns2:ordinal>
                                <ns2:code>37</ns2:code>
                                <ns2:name>прочие документы о приемке</ns2:name>
                                <ns2:contractPosition>
                                    <ns2:guid>3cabb736-b52a-014e-e053-ac11070d70ec</ns2:guid>
                                    <ns2:okdp>
                                        <code>2899000</code>
                                        <name>Готовые металлические изделия прочие, не включенные в другие группировки</name>
                                    </ns2:okdp>
                                </ns2:contractPosition>
                                <ns2:okei>
                                    <code>796</code>
                                    <name>Штука</name>
                                </ns2:okei>
                                <ns2:qty>4</ns2:qty>
                            </ns2:doc>
                        </ns2:docs>
                    </ns2:position>
                    <ns2:total>714824</ns2:total>
                </ns2:positions>
            </ns2:performanceContractData>
        </ns2:item>
    </ns2:body>
</ns2:performanceContract>
