<?xml version="1.0" encoding="UTF-8" standalone="yes"?>
<ns2:performanceContract xsi:schemaLocation="http://zakupki.gov.ru/223/integration/schema/TFF-5.2 http://zakupki.gov.ru/223/integration/schema/TFF-5.2/Types.xsd" xmlns="http://zakupki.gov.ru/223fz/types/1" xmlns:ns10="http://zakupki.gov.ru/223fz/complaint/1" xmlns:ns11="http://zakupki.gov.ru/223fz/notificationIssue/1" xmlns:ns12="http://zakupki.gov.ru/223fz/purchasePlanProject/1" xmlns:ns13="http://zakupki.gov.ru/223fz/purchase/1" xmlns:ns14="http://zakupki.gov.ru/223fz/purchasePlanProjectAdditionalPosition/1" xmlns:ns15="http://zakupki.gov.ru/223fz/missedNotice/1" xmlns:ns16="http://zakupki.gov.ru/223fz/reference/1" xmlns:ns17="http://zakupki.gov.ru/223fz/stopCommodity/1" xmlns:ns18="http://zakupki.gov.ru/223fz/decisionSuspension/1" xmlns:ns19="http://zakupki.gov.ru/223fz/webRequest/1" xmlns:ns2="http://zakupki.gov.ru/223fz/contract/1" xmlns:xsi="http://www.w3.org/2001/XMLSchema-instance" xmlns:ns3="http://zakupki.gov.ru/223fz/dishonestSupplier/1" xmlns:ns4="http://zakupki.gov.ru/223fz/purchasePlanAdditionalPosition/1" xmlns:ns5="http://zakupki.gov.ru/223fz/purchasePlan/1" xmlns:ns6="http://zakupki.gov.ru/223fz/machineryListInfo/1" xmlns:ns7="http://zakupki.gov.ru/223fz/revenue/1" xmlns:ns8="http://zakupki.gov.ru/223fz/orderClauseList/1" xmlns:ns9="http://zakupki.gov.ru/223fz/disagreementProtocol/1">
    <header>
        <guid>704f76ef-631f-4b66-94bc-f59f49e04236</guid>
        <createDateTime>2017-03-29T12:53:33</createDateTime>
    </header>
    <ns2:body>
        <ns2:item>
            <guid>3390cc76-548e-4418-9bb4-aebcd565192c</guid>
            <ns2:performanceContractData>
                <ns2:guid>0cee2624-f168-4869-bc46-ec7e22abba52</ns2:guid>
                <ns2:registrationNumber>86660008631160000320018</ns2:registrationNumber>
                <ns2:urlOOS>https://zakupki.gov.ru/223/contract/private/completing/info/view.html?id=2658337</ns2:urlOOS>
                <ns2:createDateTime>2016-11-15T15:21:32</ns2:createDateTime>
                <ns2:customer>
                    <mainInfo>
                        <fullName>ФЕДЕРАЛЬНОЕ ГОСУДАРСТВЕННОЕ БЮДЖЕТНОЕ ОБРАЗОВАТЕЛЬНОЕ УЧРЕЖДЕНИЕ ВЫСШЕГО ОБРАЗОВАНИЯ "УРАЛЬСКИЙ ГОСУДАРСТВЕННЫЙ АГРАРНЫЙ УНИВЕРСИТЕТ"</fullName>
                        <shortName>ФГБОУ ВО УРАЛЬСКИЙ ГАУ</shortName>
                        <iko>86660008631667001001</iko>
                        <inn>6660008631</inn>
                        <kpp>667001001</kpp>
                        <ogrn>1036603485005</ogrn>
                        <legalAddress>620075, обл СВЕРДЛОВСКАЯ, г ЕКАТЕРИНБУРГ, ул КАРЛА ЛИБКНЕХТА, дом 42</legalAddress>
                        <postalAddress>620075 Свердловская обл. Екатернибург г.Карла Либкнехта ул .42</postalAddress>
                        <phone>8-343-2214147</phone>
                        <email>ogz5201@usaca.ru</email>
                        <okato>65401373000</okato>
                        <okpo>493528650001</okpo>
                    </mainInfo>
                </ns2:customer>
                <ns2:placer>
                    <mainInfo>
                        <fullName>ФЕДЕРАЛЬНОЕ ГОСУДАРСТВЕННОЕ БЮДЖЕТНОЕ ОБРАЗОВАТЕЛЬНОЕ УЧРЕЖДЕНИЕ ВЫСШЕГО ОБРАЗОВАНИЯ "УРАЛЬСКИЙ ГОСУДАРСТВЕННЫЙ АГРАРНЫЙ УНИВЕРСИТЕТ"</fullName>
                        <shortName>ФГБОУ ВО УРАЛЬСКИЙ ГАУ</shortName>
                        <iko>86660008631667001001</iko>
                        <inn>6660008631</inn>
                        <kpp>667001001</kpp>
                        <ogrn>1036603485005</ogrn>
                        <legalAddress>620075, обл СВЕРДЛОВСКАЯ, г ЕКАТЕРИНБУРГ, ул КАРЛА ЛИБКНЕХТА, дом 42</legalAddress>
                        <postalAddress>620075 Свердловская обл. Екатернибург г.Карла Либкнехта ул .42</postalAddress>
                        <phone>8-343-2214147</phone>
                        <email>ogz5201@usaca.ru</email>
                        <okato>65401373000</okato>
                        <okpo>493528650001</okpo>
                    </mainInfo>
                </ns2:placer>
                <ns2:publicationDate>2017-03-29T12:53:33</ns2:publicationDate>
                <ns2:status>P</ns2:status>
                <ns2:version>4</ns2:version>
                <ns2:completed>false</ns2:completed>
                <ns2:modificationDescription>Внесение сведений об исполнении договора</ns2:modificationDescription>
                <ns2:attachments>
                    <totalDocumentsCount>8</totalDocumentsCount>
                    <document>
                        <guid>43cddc47-2714-4032-af9e-8c849cb3b274</guid>
                        <createDateTime>2016-12-21T12:27:19</createDateTime>
                        <fileName>товарная накладная 1.docx</fileName>
                        <description>товарная накладная 1</description>
                        <url>https://zakupki.gov.ru/223/contract/private/download/download.html?id=11693584</url>
                        <registrationNumber>86660008631160000320019</registrationNumber>
                    </document>
                    <document>
                        <guid>b2044690-d85a-40b9-800b-550d789b2f44</guid>
                        <createDateTime>2016-12-21T12:27:15</createDateTime>
                        <fileName>платежное поручение 1.docx</fileName>
                        <description>платежное поручение 1</description>
                        <url>https://zakupki.gov.ru/223/contract/private/download/download.html?id=11693585</url>
                        <registrationNumber>86660008631160000320020</registrationNumber>
                    </document>
                    <document>
                        <guid>94a2ee42-7e5b-4f16-a163-2e8a1234ce8f</guid>
                        <createDateTime>2017-03-29T12:50:33</createDateTime>
                        <fileName>товарная накладная 4.pdf</fileName>
                        <description>товарная накладная 4</description>
                        <url>https://zakupki.gov.ru/223/contract/private/download/download.html?id=11693867</url>
                        <registrationNumber>86660008631160000320021</registrationNumber>
                    </document>
                    <document>
                        <guid>4b8ce29b-5aa5-4324-b7d6-805e74fd0887</guid>
                        <createDateTime>2017-02-06T13:20:15</createDateTime>
                        <fileName>платежное поручение 2.docx</fileName>
                        <description>платежное поручение 2</description>
                        <url>https://zakupki.gov.ru/223/contract/private/download/download.html?id=11693580</url>
                        <registrationNumber>86660008631160000320022</registrationNumber>
                    </document>
                    <document>
                        <guid>f6b9566e-09b0-452b-8998-07b22fb10b51</guid>
                        <createDateTime>2017-02-13T11:07:15</createDateTime>
                        <fileName>товарная накладная 3.docx</fileName>
                        <description>товарная накладная 3</description>
                        <url>https://zakupki.gov.ru/223/contract/private/download/download.html?id=11693581</url>
                        <registrationNumber>86660008631160000320023</registrationNumber>
                    </document>
                    <document>
                        <guid>82f5fb8b-6a41-490d-8104-0d7b094995e0</guid>
                        <createDateTime>2017-03-29T12:50:40</createDateTime>
                        <fileName>платежное поручение 4.docx</fileName>
                        <description>платежное поручение 4</description>
                        <url>https://zakupki.gov.ru/223/contract/private/download/download.html?id=11693870</url>
                        <registrationNumber>86660008631160000320024</registrationNumber>
                    </document>
                    <document>
                        <guid>0b706141-5b33-4a90-bcf7-ca2f86f27b8e</guid>
                        <createDateTime>2017-02-13T11:07:10</createDateTime>
                        <fileName>платежное поручение 3.docx</fileName>
                        <description>платежное поручение 3</description>
                        <url>https://zakupki.gov.ru/223/contract/private/download/download.html?id=11693582</url>
                        <registrationNumber>86660008631160000320025</registrationNumber>
                    </document>
                    <document>
                        <guid>40e65871-9bd8-4085-8bc8-680d5b716580</guid>
                        <createDateTime>2017-02-06T13:20:20</createDateTime>
                        <fileName>товарная накладная 2.docx</fileName>
                        <description>товарная накладная 2</description>
                        <url>https://zakupki.gov.ru/223/contract/private/download/download.html?id=11693583</url>
                        <registrationNumber>86660008631160000320026</registrationNumber>
                    </document>
                </ns2:attachments>
                <ns2:hasPenalty>false</ns2:hasPenalty>
                <ns2:contractRegNumber>86660008631160000320000</ns2:contractRegNumber>
                <ns2:contractInfo>
                    <ns2:guid>a5a2f2d5-87c6-463c-98df-b1275c66f733</ns2:guid>
                    <ns2:name>302-ЕП</ns2:name>
                    <ns2:agencyName>ФГБОУ ВО УРАЛЬСКИЙ ГАУ</ns2:agencyName>
                    <ns2:supplierName>ОБЩЕСТВО С ОГРАНИЧЕННОЙ ОТВЕТСТВЕННОСТЬЮ "СОЛЬОПТТОРГ"</ns2:supplierName>
                    <ns2:lotInfo>Поставка продуктов питания</ns2:lotInfo>
                    <ns2:contractDate>2016-11-15</ns2:contractDate>
                </ns2:contractInfo>
                <ns2:positions>
                    <ns2:position>
                        <ns2:ordinal>1</ns2:ordinal>
                        <ns2:paymentDate>2016-12-20</ns2:paymentDate>
                        <ns2:price>6544</ns2:price>
                        <ns2:currency>
                            <code>RUB</code>
                            <digitalCode>643</digitalCode>
                            <name>Российский рубль</name>
                        </ns2:currency>
                        <ns2:rubPrice>6544</ns2:rubPrice>
                        <ns2:prepaid>false</ns2:prepaid>
                        <ns2:docs>
                            <ns2:doc>
                                <ns2:ordinal>1</ns2:ordinal>
                                <ns2:date>2016-12-02</ns2:date>
                                <ns2:code>01</ns2:code>
                                <ns2:name>товарная накладная</ns2:name>
                                <ns2:number>СТ000008141</ns2:number>
                                <ns2:contractPosition>
                                    <ns2:guid>41d283bc-3461-4e7f-9765-19ce9d984ea0</ns2:guid>
                                    <ns2:name>Крупа из прочих зерновых культур</ns2:name>
                                    <ns2:okpd2>
                                        <code>10.61.32.119</code>
                                        <name>Крупа из прочих зерновых культур</name>
                                    </ns2:okpd2>
                                </ns2:contractPosition>
                                <ns2:okei>
                                    <code>876</code>
                                    <name>Условная единица</name>
                                </ns2:okei>
                                <ns2:qty>1</ns2:qty>
                            </ns2:doc>
                        </ns2:docs>
                    </ns2:position>
                    <ns2:position>
                        <ns2:ordinal>2</ns2:ordinal>
                        <ns2:paymentDate>2017-02-02</ns2:paymentDate>
                        <ns2:price>8700</ns2:price>
                        <ns2:currency>
                            <code>RUB</code>
                            <digitalCode>643</digitalCode>
                            <name>Российский рубль</name>
                        </ns2:currency>
                        <ns2:rubPrice>8700</ns2:rubPrice>
                        <ns2:prepaid>false</ns2:prepaid>
                        <ns2:docs>
                            <ns2:doc>
                                <ns2:ordinal>1</ns2:ordinal>
                                <ns2:date>2017-01-11</ns2:date>
                                <ns2:code>01</ns2:code>
                                <ns2:name>товарная накладная</ns2:name>
                                <ns2:number>СТ000000099</ns2:number>
                                <ns2:contractPosition>
                                    <ns2:guid>41d283bc-3461-4e7f-9765-19ce9d984ea0</ns2:guid>
                                    <ns2:name>Крупа из прочих зерновых культур</ns2:name>
                                    <ns2:okpd2>
                                        <code>10.61.32.119</code>
                                        <name>Крупа из прочих зерновых культур</name>
                                    </ns2:okpd2>
                                </ns2:contractPosition>
                                <ns2:okei>
                                    <code>876</code>
                                    <name>Условная единица</name>
                                </ns2:okei>
                                <ns2:qty>1</ns2:qty>
                            </ns2:doc>
                        </ns2:docs>
                    </ns2:position>
                    <ns2:position>
                        <ns2:ordinal>3</ns2:ordinal>
                        <ns2:paymentDate>2017-02-09</ns2:paymentDate>
                        <ns2:price>5800</ns2:price>
                        <ns2:currency>
                            <code>RUB</code>
                            <digitalCode>643</digitalCode>
                            <name>Российский рубль</name>
                        </ns2:currency>
                        <ns2:rubPrice>5800</ns2:rubPrice>
                        <ns2:prepaid>false</ns2:prepaid>
                        <ns2:docs>
                            <ns2:doc>
                                <ns2:ordinal>1</ns2:ordinal>
                                <ns2:date>2017-02-01</ns2:date>
                                <ns2:code>01</ns2:code>
                                <ns2:name>товарная накладная</ns2:name>
                                <ns2:number>СТ000000597</ns2:number>
                                <ns2:contractPosition>
                                    <ns2:guid>41d283bc-3461-4e7f-9765-19ce9d984ea0</ns2:guid>
                                    <ns2:name>Крупа из прочих зерновых культур</ns2:name>
                                    <ns2:okpd2>
                                        <code>10.61.32.119</code>
                                        <name>Крупа из прочих зерновых культур</name>
                                    </ns2:okpd2>
                                </ns2:contractPosition>
                                <ns2:okei>
                                    <code>876</code>
                                    <name>Условная единица</name>
                                </ns2:okei>
                                <ns2:qty>1</ns2:qty>
                            </ns2:doc>
                        </ns2:docs>
                    </ns2:position>
                    <ns2:position>
                        <ns2:ordinal>4</ns2:ordinal>
                        <ns2:paymentDate>2017-03-28</ns2:paymentDate>
                        <ns2:price>18300</ns2:price>
                        <ns2:currency>
                            <code>RUB</code>
                            <digitalCode>643</digitalCode>
                            <name>Российский рубль</name>
                        </ns2:currency>
                        <ns2:rubPrice>18300</ns2:rubPrice>
                        <ns2:prepaid>false</ns2:prepaid>
                        <ns2:docs>
                            <ns2:doc>
                                <ns2:ordinal>1</ns2:ordinal>
                                <ns2:date>2017-03-03</ns2:date>
                                <ns2:code>01</ns2:code>
                                <ns2:name>товарная накладная</ns2:name>
                                <ns2:number>СТ000001298</ns2:number>
                                <ns2:contractPosition>
                                    <ns2:guid>41d283bc-3461-4e7f-9765-19ce9d984ea0</ns2:guid>
                                    <ns2:name>Крупа из прочих зерновых культур</ns2:name>
                                    <ns2:okpd2>
                                        <code>10.61.32.119</code>
                                        <name>Крупа из прочих зерновых культур</name>
                                    </ns2:okpd2>
                                </ns2:contractPosition>
                                <ns2:okei>
                                    <code>876</code>
                                    <name>Условная единица</name>
                                </ns2:okei>
                                <ns2:qty>1</ns2:qty>
                            </ns2:doc>
                        </ns2:docs>
                    </ns2:position>
                    <ns2:total>39344</ns2:total>
                </ns2:positions>
            </ns2:performanceContractData>
        </ns2:item>
    </ns2:body>
</ns2:performanceContract>
