<?xml version="1.0" encoding="UTF-8" standalone="yes"?>
<ns2:performanceContract xsi:schemaLocation="http://zakupki.gov.ru/223/integration/schema/TFF-5.2 http://zakupki.gov.ru/223/integration/schema/TFF-5.2/Types.xsd" xmlns="http://zakupki.gov.ru/223fz/types/1" xmlns:ns10="http://zakupki.gov.ru/223fz/complaint/1" xmlns:ns11="http://zakupki.gov.ru/223fz/notificationIssue/1" xmlns:ns12="http://zakupki.gov.ru/223fz/purchasePlanProject/1" xmlns:ns13="http://zakupki.gov.ru/223fz/purchase/1" xmlns:ns14="http://zakupki.gov.ru/223fz/purchasePlanProjectAdditionalPosition/1" xmlns:ns15="http://zakupki.gov.ru/223fz/missedNotice/1" xmlns:ns16="http://zakupki.gov.ru/223fz/reference/1" xmlns:ns17="http://zakupki.gov.ru/223fz/stopCommodity/1" xmlns:ns18="http://zakupki.gov.ru/223fz/decisionSuspension/1" xmlns:ns19="http://zakupki.gov.ru/223fz/webRequest/1" xmlns:ns2="http://zakupki.gov.ru/223fz/contract/1" xmlns:xsi="http://www.w3.org/2001/XMLSchema-instance" xmlns:ns3="http://zakupki.gov.ru/223fz/dishonestSupplier/1" xmlns:ns4="http://zakupki.gov.ru/223fz/purchasePlanAdditionalPosition/1" xmlns:ns5="http://zakupki.gov.ru/223fz/purchasePlan/1" xmlns:ns6="http://zakupki.gov.ru/223fz/machineryListInfo/1" xmlns:ns7="http://zakupki.gov.ru/223fz/revenue/1" xmlns:ns8="http://zakupki.gov.ru/223fz/orderClauseList/1" xmlns:ns9="http://zakupki.gov.ru/223fz/disagreementProtocol/1">
    <header>
        <guid>ee152214-d337-4cd9-9b0f-cebaba1ff4c1</guid>
        <createDateTime>2017-03-29T11:38:55</createDateTime>
    </header>
    <ns2:body>
        <ns2:item>
            <guid>257156b7-9c17-472a-a389-deb3f6e91e72</guid>
            <ns2:performanceContractData>
                <ns2:guid>9bd50b6f-42ff-455f-a072-60533130a010</ns2:guid>
                <ns2:registrationNumber>56661003675170000570003</ns2:registrationNumber>
                <ns2:urlOOS>https://zakupki.gov.ru/223/contract/private/completing/info/view.html?id=2657552</ns2:urlOOS>
                <ns2:createDateTime>2017-03-16T10:38:33</ns2:createDateTime>
                <ns2:customer>
                    <mainInfo>
                        <fullName>ФЕДЕРАЛЬНОЕ ГОСУДАРСТВЕННОЕ БЮДЖЕТНОЕ ОБРАЗОВАТЕЛЬНОЕ УЧРЕЖДЕНИЕ ВЫСШЕГО ОБРАЗОВАНИЯ "УРАЛЬСКИЙ ГОСУДАРСТВЕННЫЙ ЭКОНОМИЧЕСКИЙ УНИВЕРСИТЕТ"</fullName>
                        <shortName>ФГБОУ ВО "УРАЛЬСКИЙ ГОСУДАРСТВЕННЫЙ ЭКОНОМИЧЕСКИЙ УНИВЕРСИТЕТ", УРАЛЬСКИЙ ГОСУДАРСТВЕННЫЙ ЭКОНОМИЧЕСКИЙ УНИВЕРСИТЕТ, УРГЭУ</shortName>
                        <iko>56661003675667101001</iko>
                        <inn>6661003675</inn>
                        <kpp>667101001</kpp>
                        <ogrn>1026605233753</ogrn>
                        <legalAddress>620000, обл СВЕРДЛОВСКАЯ, г ЕКАТЕРИНБУРГ, 8 МАРТА/НАРОДНОЙ ВОЛИ, дом 62/45</legalAddress>
                        <postalAddress>620219, г. Екатеринбург, ул. 8 Марта/Народной Воли, д.62/45</postalAddress>
                        <phone>7-343-2211781</phone>
                        <fax>7-343-2211781</fax>
                        <email>mas@usue.ru</email>
                        <okato>65401377000</okato>
                        <okpo>02069214</okpo>
                    </mainInfo>
                </ns2:customer>
                <ns2:placer>
                    <mainInfo>
                        <fullName>ФЕДЕРАЛЬНОЕ ГОСУДАРСТВЕННОЕ БЮДЖЕТНОЕ ОБРАЗОВАТЕЛЬНОЕ УЧРЕЖДЕНИЕ ВЫСШЕГО ОБРАЗОВАНИЯ "УРАЛЬСКИЙ ГОСУДАРСТВЕННЫЙ ЭКОНОМИЧЕСКИЙ УНИВЕРСИТЕТ"</fullName>
                        <shortName>ФГБОУ ВО "УРАЛЬСКИЙ ГОСУДАРСТВЕННЫЙ ЭКОНОМИЧЕСКИЙ УНИВЕРСИТЕТ", УРАЛЬСКИЙ ГОСУДАРСТВЕННЫЙ ЭКОНОМИЧЕСКИЙ УНИВЕРСИТЕТ, УРГЭУ</shortName>
                        <iko>56661003675667101001</iko>
                        <inn>6661003675</inn>
                        <kpp>667101001</kpp>
                        <ogrn>1026605233753</ogrn>
                        <legalAddress>620000, обл СВЕРДЛОВСКАЯ, г ЕКАТЕРИНБУРГ, 8 МАРТА/НАРОДНОЙ ВОЛИ, дом 62/45</legalAddress>
                        <postalAddress>620219, г. Екатеринбург, ул. 8 Марта/Народной Воли, д.62/45</postalAddress>
                        <phone>7-343-2211781</phone>
                        <fax>7-343-2211781</fax>
                        <email>mas@usue.ru</email>
                        <okato>65401377000</okato>
                        <okpo>02069214</okpo>
                    </mainInfo>
                </ns2:placer>
                <ns2:publicationDate>2017-03-29T11:38:55</ns2:publicationDate>
                <ns2:status>P</ns2:status>
                <ns2:version>1</ns2:version>
                <ns2:completed>true</ns2:completed>
                <ns2:attachments>
                    <totalDocumentsCount>1</totalDocumentsCount>
                    <document>
                        <guid>4902e8e9-76f1-4714-b125-09bb88950081</guid>
                        <createDateTime>2017-03-29T11:38:37</createDateTime>
                        <fileName>72300031 от 16.03.2017 (платежные поручения, акт оказанных услуг).pdf</fileName>
                        <description>72300031 от 16.03.2017 (платежные поручения, акт оказанных услуг)</description>
                        <url>https://zakupki.gov.ru/223/contract/private/download/download.html?id=11689550</url>
                        <registrationNumber>56661003675170000570004</registrationNumber>
                    </document>
                </ns2:attachments>
                <ns2:hasPenalty>false</ns2:hasPenalty>
                <ns2:contractRegNumber>56661003675170000570000</ns2:contractRegNumber>
                <ns2:contractInfo>
                    <ns2:guid>a7b29210-a5c9-4c95-af94-b7e537785730</ns2:guid>
                    <ns2:name>72300031</ns2:name>
                    <ns2:agencyName>ФГБОУ ВО "УРАЛЬСКИЙ ГОСУДАРСТВЕННЫЙ ЭКОНОМИЧЕСКИЙ УНИВЕРСИТЕТ", УРАЛЬСКИЙ ГОСУДАРСТВЕННЫЙ ЭКОНОМИЧЕСКИЙ УНИВЕРСИТЕТ, УРГЭУ</ns2:agencyName>
                    <ns2:supplierName>ОБЩЕСТВО С ОГРАНИЧЕННОЙ ОТВЕТСТВЕННОСТЬЮ "ИНСТИТУТ РАДИОЭЛЕКТРОННЫХ СИСТЕМ"</ns2:supplierName>
                    <ns2:lotInfo>Оказание услуг в сфере защиты информации для нужд УрГЭУ</ns2:lotInfo>
                    <ns2:contractDate>2017-03-16</ns2:contractDate>
                </ns2:contractInfo>
                <ns2:positions>
                    <ns2:position>
                        <ns2:ordinal>1</ns2:ordinal>
                        <ns2:paymentDate>2017-03-21</ns2:paymentDate>
                        <ns2:price>36099</ns2:price>
                        <ns2:currency>
                            <code>RUB</code>
                            <digitalCode>643</digitalCode>
                            <name>Российский рубль</name>
                        </ns2:currency>
                        <ns2:rubPrice>36099</ns2:rubPrice>
                        <ns2:prepaid>true</ns2:prepaid>
                    </ns2:position>
                    <ns2:position>
                        <ns2:ordinal>2</ns2:ordinal>
                        <ns2:paymentDate>2017-03-27</ns2:paymentDate>
                        <ns2:price>84231</ns2:price>
                        <ns2:currency>
                            <code>RUB</code>
                            <digitalCode>643</digitalCode>
                            <name>Российский рубль</name>
                        </ns2:currency>
                        <ns2:rubPrice>84231</ns2:rubPrice>
                        <ns2:prepaid>false</ns2:prepaid>
                        <ns2:docs>
                            <ns2:doc>
                                <ns2:ordinal>1</ns2:ordinal>
                                <ns2:date>2017-03-23</ns2:date>
                                <ns2:code>20</ns2:code>
                                <ns2:name>акт выполненных работ</ns2:name>
                                <ns2:number>72700031</ns2:number>
                                <ns2:contractPosition>
                                    <ns2:guid>6415985d-dd2f-4953-bf4e-961a0a2d2148</ns2:guid>
                                    <ns2:name>Услуги информационные автоматизированные компьютерные прочие, не включенные в другие группировки</ns2:name>
                                    <ns2:okpd2>
                                        <code>63.99.10.190</code>
                                        <name>Услуги информационные автоматизированные компьютерные прочие, не включенные в другие группировки</name>
                                    </ns2:okpd2>
                                </ns2:contractPosition>
                                <ns2:okei>
                                    <code>383</code>
                                    <name>Рубль</name>
                                </ns2:okei>
                                <ns2:qty>120330</ns2:qty>
                            </ns2:doc>
                        </ns2:docs>
                    </ns2:position>
                    <ns2:total>120330</ns2:total>
                </ns2:positions>
            </ns2:performanceContractData>
        </ns2:item>
    </ns2:body>
</ns2:performanceContract>
