<?xml version="1.0" encoding="UTF-8" standalone="yes"?>
<ns2:performanceContract xsi:schemaLocation="http://zakupki.gov.ru/223/integration/schema/TFF-5.2 http://zakupki.gov.ru/223/integration/schema/TFF-5.2/Types.xsd" xmlns="http://zakupki.gov.ru/223fz/types/1" xmlns:ns10="http://zakupki.gov.ru/223fz/complaint/1" xmlns:ns11="http://zakupki.gov.ru/223fz/notificationIssue/1" xmlns:ns12="http://zakupki.gov.ru/223fz/purchasePlanProject/1" xmlns:ns13="http://zakupki.gov.ru/223fz/purchase/1" xmlns:ns14="http://zakupki.gov.ru/223fz/purchasePlanProjectAdditionalPosition/1" xmlns:ns15="http://zakupki.gov.ru/223fz/missedNotice/1" xmlns:ns16="http://zakupki.gov.ru/223fz/reference/1" xmlns:ns17="http://zakupki.gov.ru/223fz/stopCommodity/1" xmlns:ns18="http://zakupki.gov.ru/223fz/decisionSuspension/1" xmlns:ns19="http://zakupki.gov.ru/223fz/webRequest/1" xmlns:ns2="http://zakupki.gov.ru/223fz/contract/1" xmlns:xsi="http://www.w3.org/2001/XMLSchema-instance" xmlns:ns3="http://zakupki.gov.ru/223fz/dishonestSupplier/1" xmlns:ns4="http://zakupki.gov.ru/223fz/purchasePlanAdditionalPosition/1" xmlns:ns5="http://zakupki.gov.ru/223fz/purchasePlan/1" xmlns:ns6="http://zakupki.gov.ru/223fz/machineryListInfo/1" xmlns:ns7="http://zakupki.gov.ru/223fz/revenue/1" xmlns:ns8="http://zakupki.gov.ru/223fz/orderClauseList/1" xmlns:ns9="http://zakupki.gov.ru/223fz/disagreementProtocol/1">
    <header>
        <guid>638fdc73-b037-4308-af89-c85eebacee4b</guid>
        <createDateTime>2017-03-29T13:42:03</createDateTime>
    </header>
    <ns2:body>
        <ns2:item>
            <guid>804da748-b633-4f5f-8a33-4ff57faac895</guid>
            <ns2:performanceContractData>
                <ns2:guid>9e1a7956-4bac-491f-8bf8-3cd0304912b2</ns2:guid>
                <ns2:registrationNumber>86662124545170000090006</ns2:registrationNumber>
                <ns2:urlOOS>https://zakupki.gov.ru/223/contract/private/completing/info/view.html?id=2658983</ns2:urlOOS>
                <ns2:createDateTime>2017-03-15T11:03:27</ns2:createDateTime>
                <ns2:customer>
                    <mainInfo>
                        <fullName>ФЕДЕРАЛЬНОЕ ГОСУДАРСТВЕННОЕ БЮДЖЕТНОЕ УЧРЕЖДЕНИЕ ЗДРАВООХРАНЕНИЯ ПОЛИКЛИНИКА УРАЛЬСКОГО ОТДЕЛЕНИЯ РОССИЙСКОЙ АКАДЕМИИ НАУК</fullName>
                        <shortName>ПОЛИКЛИНИКА УРО РАН</shortName>
                        <iko>86662124545668501001</iko>
                        <inn>6662124545</inn>
                        <kpp>668501001</kpp>
                        <ogrn>1026605414274</ogrn>
                        <legalAddress>620151, Свердловская, Екатеринбург, Луначарского, дом 182</legalAddress>
                        <postalAddress>620151, Свердловская Область, Екатеринбург Город, Луначарского Улица, дом 182</postalAddress>
                        <phone>7-343-3506170</phone>
                        <fax>7-343-3506170</fax>
                        <email>lel11@yandex.ru</email>
                        <okato>65401380000</okato>
                        <okpo>04683438</okpo>
                    </mainInfo>
                </ns2:customer>
                <ns2:placer>
                    <mainInfo>
                        <fullName>ФЕДЕРАЛЬНОЕ ГОСУДАРСТВЕННОЕ БЮДЖЕТНОЕ УЧРЕЖДЕНИЕ ЗДРАВООХРАНЕНИЯ ПОЛИКЛИНИКА УРАЛЬСКОГО ОТДЕЛЕНИЯ РОССИЙСКОЙ АКАДЕМИИ НАУК</fullName>
                        <shortName>ПОЛИКЛИНИКА УРО РАН</shortName>
                        <iko>86662124545668501001</iko>
                        <inn>6662124545</inn>
                        <kpp>668501001</kpp>
                        <ogrn>1026605414274</ogrn>
                        <legalAddress>620151, Свердловская, Екатеринбург, Луначарского, дом 182</legalAddress>
                        <postalAddress>620151, Свердловская Область, Екатеринбург Город, Луначарского Улица, дом 182</postalAddress>
                        <phone>7-343-3506170</phone>
                        <fax>7-343-3506170</fax>
                        <email>lel11@yandex.ru</email>
                        <okato>65401380000</okato>
                        <okpo>04683438</okpo>
                    </mainInfo>
                </ns2:placer>
                <ns2:publicationDate>2017-03-29T13:42:03</ns2:publicationDate>
                <ns2:status>P</ns2:status>
                <ns2:version>1</ns2:version>
                <ns2:completed>false</ns2:completed>
                <ns2:attachments>
                    <totalDocumentsCount>4</totalDocumentsCount>
                    <document>
                        <guid>f7605052-3b98-48d3-8666-1f2343f8c11d</guid>
                        <createDateTime>2017-03-29T13:40:42</createDateTime>
                        <fileName>С0000001482.rar</fileName>
                        <description>С0000001482</description>
                        <url>https://zakupki.gov.ru/223/contract/private/download/download.html?id=11696871</url>
                        <registrationNumber>86662124545170000090007</registrationNumber>
                    </document>
                    <document>
                        <guid>f1d8548b-e00d-403a-aab7-2f7a60de7d12</guid>
                        <createDateTime>2017-03-29T13:40:20</createDateTime>
                        <fileName>С0000001404.rar</fileName>
                        <description>С0000001404</description>
                        <url>https://zakupki.gov.ru/223/contract/private/download/download.html?id=11696842</url>
                        <registrationNumber>86662124545170000090008</registrationNumber>
                    </document>
                    <document>
                        <guid>0fd0cd81-4b23-43df-a860-2ac3a08a2a59</guid>
                        <createDateTime>2017-03-29T13:39:49</createDateTime>
                        <fileName>С0000000666.rar</fileName>
                        <description>С0000000666</description>
                        <url>https://zakupki.gov.ru/223/contract/private/download/download.html?id=11696811</url>
                        <registrationNumber>86662124545170000090009</registrationNumber>
                    </document>
                    <document>
                        <guid>47ac7ad5-835e-40ee-839f-4250f21e886f</guid>
                        <createDateTime>2017-03-29T13:40:07</createDateTime>
                        <fileName>С0000001137.rar</fileName>
                        <description>С0000001137</description>
                        <url>https://zakupki.gov.ru/223/contract/private/download/download.html?id=11696830</url>
                        <registrationNumber>86662124545170000090010</registrationNumber>
                    </document>
                </ns2:attachments>
                <ns2:hasPenalty>false</ns2:hasPenalty>
                <ns2:contractRegNumber>86662124545170000090000</ns2:contractRegNumber>
                <ns2:contractInfo>
                    <ns2:guid>fb1b252b-4a10-401c-bd9b-581ac6b2718b</ns2:guid>
                    <ns2:name>7АЭ-2017</ns2:name>
                    <ns2:agencyName>ПОЛИКЛИНИКА УРО РАН</ns2:agencyName>
                    <ns2:supplierName>ОБЩЕСТВО С ОГРАНИЧЕННОЙ ОТВЕТСТВЕННОСТЬЮ "СОЛО+"</ns2:supplierName>
                    <ns2:lotInfo>стоматологический материал для ортопедии</ns2:lotInfo>
                    <ns2:contractDate>2017-02-07</ns2:contractDate>
                </ns2:contractInfo>
                <ns2:positions>
                    <ns2:position>
                        <ns2:ordinal>1</ns2:ordinal>
                        <ns2:paymentDate>2017-02-14</ns2:paymentDate>
                        <ns2:price>15869</ns2:price>
                        <ns2:currency>
                            <code>RUB</code>
                            <digitalCode>643</digitalCode>
                            <name>Российский рубль</name>
                        </ns2:currency>
                        <ns2:rubPrice>15869</ns2:rubPrice>
                        <ns2:prepaid>false</ns2:prepaid>
                        <ns2:docs>
                            <ns2:doc>
                                <ns2:ordinal>1</ns2:ordinal>
                                <ns2:date>2017-02-10</ns2:date>
                                <ns2:code>01</ns2:code>
                                <ns2:name>товарная накладная</ns2:name>
                                <ns2:number>С0000000666</ns2:number>
                                <ns2:contractPosition>
                                    <ns2:guid>8e819432-9115-4d43-96f3-8d3782071882</ns2:guid>
                                    <ns2:name>Препараты лекарственные и материалы, применяемые в медицинских целях</ns2:name>
                                    <ns2:okpd2>
                                        <code>21.2</code>
                                        <name>Препараты лекарственные и материалы, применяемые в медицинских целях</name>
                                    </ns2:okpd2>
                                </ns2:contractPosition>
                                <ns2:okei>
                                    <code>876</code>
                                    <name>Условная единица</name>
                                </ns2:okei>
                                <ns2:qty>1</ns2:qty>
                            </ns2:doc>
                        </ns2:docs>
                    </ns2:position>
                    <ns2:position>
                        <ns2:ordinal>3</ns2:ordinal>
                        <ns2:paymentDate>2017-03-29</ns2:paymentDate>
                        <ns2:price>173235</ns2:price>
                        <ns2:currency>
                            <code>RUB</code>
                            <digitalCode>643</digitalCode>
                            <name>Российский рубль</name>
                        </ns2:currency>
                        <ns2:rubPrice>173235</ns2:rubPrice>
                        <ns2:prepaid>false</ns2:prepaid>
                        <ns2:docs>
                            <ns2:doc>
                                <ns2:ordinal>1</ns2:ordinal>
                                <ns2:date>2017-03-23</ns2:date>
                                <ns2:code>01</ns2:code>
                                <ns2:name>товарная накладная</ns2:name>
                                <ns2:number>С 000001404</ns2:number>
                                <ns2:contractPosition>
                                    <ns2:guid>8e819432-9115-4d43-96f3-8d3782071882</ns2:guid>
                                    <ns2:name>Препараты лекарственные и материалы, применяемые в медицинских целях</ns2:name>
                                    <ns2:okpd2>
                                        <code>21.2</code>
                                        <name>Препараты лекарственные и материалы, применяемые в медицинских целях</name>
                                    </ns2:okpd2>
                                </ns2:contractPosition>
                                <ns2:okei>
                                    <code>876</code>
                                    <name>Условная единица</name>
                                </ns2:okei>
                                <ns2:qty>1</ns2:qty>
                            </ns2:doc>
                        </ns2:docs>
                    </ns2:position>
                    <ns2:position>
                        <ns2:ordinal>4</ns2:ordinal>
                        <ns2:paymentDate>2017-03-29</ns2:paymentDate>
                        <ns2:price>71205</ns2:price>
                        <ns2:currency>
                            <code>RUB</code>
                            <digitalCode>643</digitalCode>
                            <name>Российский рубль</name>
                        </ns2:currency>
                        <ns2:rubPrice>71205</ns2:rubPrice>
                        <ns2:prepaid>false</ns2:prepaid>
                        <ns2:docs>
                            <ns2:doc>
                                <ns2:ordinal>1</ns2:ordinal>
                                <ns2:date>2017-03-28</ns2:date>
                                <ns2:code>01</ns2:code>
                                <ns2:name>товарная накладная</ns2:name>
                                <ns2:number>С 000001482</ns2:number>
                                <ns2:contractPosition>
                                    <ns2:guid>8e819432-9115-4d43-96f3-8d3782071882</ns2:guid>
                                    <ns2:name>Препараты лекарственные и материалы, применяемые в медицинских целях</ns2:name>
                                    <ns2:okpd2>
                                        <code>21.2</code>
                                        <name>Препараты лекарственные и материалы, применяемые в медицинских целях</name>
                                    </ns2:okpd2>
                                </ns2:contractPosition>
                                <ns2:okei>
                                    <code>876</code>
                                    <name>Условная единица</name>
                                </ns2:okei>
                                <ns2:qty>1</ns2:qty>
                            </ns2:doc>
                        </ns2:docs>
                    </ns2:position>
                    <ns2:position>
                        <ns2:ordinal>2</ns2:ordinal>
                        <ns2:paymentDate>2017-03-15</ns2:paymentDate>
                        <ns2:price>25051</ns2:price>
                        <ns2:currency>
                            <code>RUB</code>
                            <digitalCode>643</digitalCode>
                            <name>Российский рубль</name>
                        </ns2:currency>
                        <ns2:rubPrice>25051</ns2:rubPrice>
                        <ns2:prepaid>false</ns2:prepaid>
                        <ns2:docs>
                            <ns2:doc>
                                <ns2:ordinal>1</ns2:ordinal>
                                <ns2:date>2017-03-10</ns2:date>
                                <ns2:code>01</ns2:code>
                                <ns2:name>товарная накладная</ns2:name>
                                <ns2:number>С 000001137</ns2:number>
                                <ns2:contractPosition>
                                    <ns2:guid>8e819432-9115-4d43-96f3-8d3782071882</ns2:guid>
                                    <ns2:name>Препараты лекарственные и материалы, применяемые в медицинских целях</ns2:name>
                                    <ns2:okpd2>
                                        <code>21.2</code>
                                        <name>Препараты лекарственные и материалы, применяемые в медицинских целях</name>
                                    </ns2:okpd2>
                                </ns2:contractPosition>
                                <ns2:okei>
                                    <code>876</code>
                                    <name>Условная единица</name>
                                </ns2:okei>
                                <ns2:qty>1</ns2:qty>
                            </ns2:doc>
                        </ns2:docs>
                    </ns2:position>
                    <ns2:total>285360</ns2:total>
                </ns2:positions>
            </ns2:performanceContractData>
        </ns2:item>
    </ns2:body>
</ns2:performanceContract>
