<?xml version="1.0" encoding="UTF-8" standalone="yes"?>
<ns2:performanceContract xsi:schemaLocation="http://zakupki.gov.ru/223/integration/schema/TFF-5.2 http://zakupki.gov.ru/223/integration/schema/TFF-5.2/Types.xsd" xmlns="http://zakupki.gov.ru/223fz/types/1" xmlns:ns10="http://zakupki.gov.ru/223fz/complaint/1" xmlns:ns11="http://zakupki.gov.ru/223fz/notificationIssue/1" xmlns:ns12="http://zakupki.gov.ru/223fz/purchasePlanProject/1" xmlns:ns13="http://zakupki.gov.ru/223fz/purchase/1" xmlns:ns14="http://zakupki.gov.ru/223fz/purchasePlanProjectAdditionalPosition/1" xmlns:ns15="http://zakupki.gov.ru/223fz/missedNotice/1" xmlns:ns16="http://zakupki.gov.ru/223fz/reference/1" xmlns:ns17="http://zakupki.gov.ru/223fz/stopCommodity/1" xmlns:ns18="http://zakupki.gov.ru/223fz/decisionSuspension/1" xmlns:ns19="http://zakupki.gov.ru/223fz/webRequest/1" xmlns:ns2="http://zakupki.gov.ru/223fz/contract/1" xmlns:xsi="http://www.w3.org/2001/XMLSchema-instance" xmlns:ns3="http://zakupki.gov.ru/223fz/dishonestSupplier/1" xmlns:ns4="http://zakupki.gov.ru/223fz/purchasePlanAdditionalPosition/1" xmlns:ns5="http://zakupki.gov.ru/223fz/purchasePlan/1" xmlns:ns6="http://zakupki.gov.ru/223fz/machineryListInfo/1" xmlns:ns7="http://zakupki.gov.ru/223fz/revenue/1" xmlns:ns8="http://zakupki.gov.ru/223fz/orderClauseList/1" xmlns:ns9="http://zakupki.gov.ru/223fz/disagreementProtocol/1">
    <header>
        <guid>d499c163-b3cc-4554-b256-266be0c434a6</guid>
        <createDateTime>2017-03-29T13:34:56</createDateTime>
    </header>
    <ns2:body>
        <ns2:item>
            <guid>6f485fa3-017b-4c99-be93-621bc983cbdc</guid>
            <ns2:performanceContractData>
                <ns2:guid>b072def7-f85d-498b-ba83-0fd9b10a6afe</ns2:guid>
                <ns2:registrationNumber>56620007046170000130009</ns2:registrationNumber>
                <ns2:urlOOS>https://zakupki.gov.ru/223/contract/private/completing/info/view.html?id=2658922</ns2:urlOOS>
                <ns2:createDateTime>2017-02-16T05:54:55</ns2:createDateTime>
                <ns2:customer>
                    <mainInfo>
                        <fullName>МУНИЦИПАЛЬНОЕ АВТОНОМНОЕ ДОШКОЛЬНОЕ ОБРАЗОВАТЕЛЬНОЕ УЧРЕЖДЕНИЕ ДЕТСКИЙ САД № 30 ОБЩЕРАЗВИВАЮЩЕГО ВИДА С ПРИОРИТЕТНЫМ ОСУЩЕСТВЛЕНИЕМ ДЕЯТЕЛЬНОСТИ ПО ХУДОЖЕСТВЕННО- ЭСТЕТИЧЕСКОМУ РАЗВИТИЮ ДЕТЕЙ</fullName>
                        <shortName>МАДОУ № 30</shortName>
                        <iko>56620007046662001001</iko>
                        <inn>6620007046</inn>
                        <kpp>668101001</kpp>
                        <ogrn>1026601301000</ogrn>
                        <legalAddress>624300, ОБЛ СВЕРДЛОВСКАЯ, Г КУШВА, УЛ ГВАРДЕЙЦЕВ, дом 5</legalAddress>
                        <postalAddress>Свердловская область, г. Кушва, ул. Гвардейцев, 5</postalAddress>
                        <phone>7-34344-62598</phone>
                        <email>pratma@rambler.ru</email>
                        <okato>65470000000</okato>
                        <okpo>50723867</okpo>
                    </mainInfo>
                </ns2:customer>
                <ns2:placer>
                    <mainInfo>
                        <fullName>МУНИЦИПАЛЬНОЕ АВТОНОМНОЕ ДОШКОЛЬНОЕ ОБРАЗОВАТЕЛЬНОЕ УЧРЕЖДЕНИЕ ДЕТСКИЙ САД № 30 ОБЩЕРАЗВИВАЮЩЕГО ВИДА С ПРИОРИТЕТНЫМ ОСУЩЕСТВЛЕНИЕМ ДЕЯТЕЛЬНОСТИ ПО ХУДОЖЕСТВЕННО- ЭСТЕТИЧЕСКОМУ РАЗВИТИЮ ДЕТЕЙ</fullName>
                        <shortName>МАДОУ № 30</shortName>
                        <iko>56620007046662001001</iko>
                        <inn>6620007046</inn>
                        <kpp>668101001</kpp>
                        <ogrn>1026601301000</ogrn>
                        <legalAddress>624300, ОБЛ СВЕРДЛОВСКАЯ, Г КУШВА, УЛ ГВАРДЕЙЦЕВ, дом 5</legalAddress>
                        <postalAddress>Свердловская область, г. Кушва, ул. Гвардейцев, 5</postalAddress>
                        <phone>7-34344-62598</phone>
                        <email>pratma@rambler.ru</email>
                        <okato>65470000000</okato>
                        <okpo>50723867</okpo>
                    </mainInfo>
                </ns2:placer>
                <ns2:publicationDate>2017-03-29T13:34:56</ns2:publicationDate>
                <ns2:status>P</ns2:status>
                <ns2:version>1</ns2:version>
                <ns2:completed>false</ns2:completed>
                <ns2:attachments>
                    <totalDocumentsCount>2</totalDocumentsCount>
                    <document>
                        <guid>904542b4-1151-47b5-9b56-66e8469a9b17</guid>
                        <createDateTime>2017-03-29T13:34:34</createDateTime>
                        <fileName>плат. и ост. сч. ф 0011291 от 28.02.2017.pdf</fileName>
                        <description>плат. и ост. сч. ф 0011291 от 28.02.2017</description>
                        <url>https://zakupki.gov.ru/223/contract/private/download/download.html?id=11696502</url>
                        <registrationNumber>56620007046170000130010</registrationNumber>
                    </document>
                    <document>
                        <guid>a2fa1d9c-7619-4512-957b-d127dbb65911</guid>
                        <createDateTime>2017-03-29T13:32:33</createDateTime>
                        <fileName>плат. и ч.опл. сч. ф 0011291 от 28.02.2017.pdf</fileName>
                        <description>плат. и ч.опл. сч. ф 0011291 от 28.02.2017</description>
                        <url>https://zakupki.gov.ru/223/contract/private/download/download.html?id=11696390</url>
                        <registrationNumber>56620007046170000130011</registrationNumber>
                    </document>
                </ns2:attachments>
                <ns2:hasPenalty>false</ns2:hasPenalty>
                <ns2:contractRegNumber>56620007046170000130000</ns2:contractRegNumber>
                <ns2:contractInfo>
                    <ns2:guid>409fcf4f-b70c-4cae-a8bd-83497763cfe8</ns2:guid>
                    <ns2:name>38524</ns2:name>
                    <ns2:agencyName>МАДОУ № 30</ns2:agencyName>
                    <ns2:supplierName>ОТКРЫТОЕ АКЦИОНЕРНОЕ ОБЩЕСТВО "ЭНЕРГОСБЫТ ПЛЮС"</ns2:supplierName>
                    <ns2:lotInfo>поставка электрической энергии</ns2:lotInfo>
                    <ns2:contractDate>2017-02-16</ns2:contractDate>
                </ns2:contractInfo>
                <ns2:positions>
                    <ns2:position>
                        <ns2:ordinal>1</ns2:ordinal>
                        <ns2:paymentDate>2017-03-24</ns2:paymentDate>
                        <ns2:price>246.6</ns2:price>
                        <ns2:currency>
                            <code>RUB</code>
                            <digitalCode>643</digitalCode>
                            <name>Российский рубль</name>
                        </ns2:currency>
                        <ns2:rubPrice>246.6</ns2:rubPrice>
                        <ns2:prepaid>true</ns2:prepaid>
                    </ns2:position>
                    <ns2:position>
                        <ns2:ordinal>2</ns2:ordinal>
                        <ns2:paymentDate>2017-03-21</ns2:paymentDate>
                        <ns2:price>15541.83</ns2:price>
                        <ns2:currency>
                            <code>RUB</code>
                            <digitalCode>643</digitalCode>
                            <name>Российский рубль</name>
                        </ns2:currency>
                        <ns2:rubPrice>15541.83</ns2:rubPrice>
                        <ns2:prepaid>false</ns2:prepaid>
                        <ns2:docs>
                            <ns2:doc>
                                <ns2:ordinal>1</ns2:ordinal>
                                <ns2:date>2017-02-28</ns2:date>
                                <ns2:code>19</ns2:code>
                                <ns2:name>счет-фактура</ns2:name>
                                <ns2:number>0011291/0457</ns2:number>
                                <ns2:contractPosition>
                                    <ns2:guid>5d7b9138-d2ed-4941-bff8-f38a6fe0b420</ns2:guid>
                                    <ns2:name>Услуги по передаче электроэнергии</ns2:name>
                                    <ns2:okpd2>
                                        <code>35.12.10.110</code>
                                        <name>Услуги по передаче электроэнергии</name>
                                    </ns2:okpd2>
                                </ns2:contractPosition>
                                <ns2:okei>
                                    <code>245</code>
                                    <name>Киловатт-час</name>
                                </ns2:okei>
                                <ns2:qty>6037</ns2:qty>
                            </ns2:doc>
                        </ns2:docs>
                    </ns2:position>
                    <ns2:total>15788.43</ns2:total>
                </ns2:positions>
            </ns2:performanceContractData>
        </ns2:item>
    </ns2:body>
</ns2:performanceContract>
