<?xml version="1.0" encoding="UTF-8" standalone="yes"?>
<ns2:performanceContract xsi:schemaLocation="http://zakupki.gov.ru/223/integration/schema/TFF-5.2 http://zakupki.gov.ru/223/integration/schema/TFF-5.2/Types.xsd" xmlns="http://zakupki.gov.ru/223fz/types/1" xmlns:ns10="http://zakupki.gov.ru/223fz/complaint/1" xmlns:ns11="http://zakupki.gov.ru/223fz/notificationIssue/1" xmlns:ns12="http://zakupki.gov.ru/223fz/purchasePlanProject/1" xmlns:ns13="http://zakupki.gov.ru/223fz/purchase/1" xmlns:ns14="http://zakupki.gov.ru/223fz/purchasePlanProjectAdditionalPosition/1" xmlns:ns15="http://zakupki.gov.ru/223fz/missedNotice/1" xmlns:ns16="http://zakupki.gov.ru/223fz/reference/1" xmlns:ns17="http://zakupki.gov.ru/223fz/stopCommodity/1" xmlns:ns18="http://zakupki.gov.ru/223fz/decisionSuspension/1" xmlns:ns19="http://zakupki.gov.ru/223fz/webRequest/1" xmlns:ns2="http://zakupki.gov.ru/223fz/contract/1" xmlns:xsi="http://www.w3.org/2001/XMLSchema-instance" xmlns:ns3="http://zakupki.gov.ru/223fz/dishonestSupplier/1" xmlns:ns4="http://zakupki.gov.ru/223fz/purchasePlanAdditionalPosition/1" xmlns:ns5="http://zakupki.gov.ru/223fz/purchasePlan/1" xmlns:ns6="http://zakupki.gov.ru/223fz/machineryListInfo/1" xmlns:ns7="http://zakupki.gov.ru/223fz/revenue/1" xmlns:ns8="http://zakupki.gov.ru/223fz/orderClauseList/1" xmlns:ns9="http://zakupki.gov.ru/223fz/disagreementProtocol/1">
    <header>
        <guid>3c46ec22-6229-4a51-bbd6-580f448959bc</guid>
        <createDateTime>2017-03-29T13:25:21</createDateTime>
    </header>
    <ns2:body>
        <ns2:item>
            <guid>527a92af-98ff-4c81-93fe-a99ee97db210</guid>
            <ns2:performanceContractData>
                <ns2:guid>f2be2480-cd90-45e2-8588-7a3682f1e7b8</ns2:guid>
                <ns2:registrationNumber>86663031653170000680003</ns2:registrationNumber>
                <ns2:urlOOS>https://zakupki.gov.ru/223/contract/private/completing/info/view.html?id=2658802</ns2:urlOOS>
                <ns2:createDateTime>2017-03-01T12:55:35</ns2:createDateTime>
                <ns2:customer>
                    <mainInfo>
                        <fullName>Муниципальное бюджетное дошкольное образовательное учреждение - детский сад "Детство"</fullName>
                        <shortName>МБДОУ - детский сад "Детство"</shortName>
                        <iko>86663031653667301001</iko>
                        <inn>6663031653</inn>
                        <kpp>667301001</kpp>
                        <ogrn>1026605617686</ogrn>
                        <legalAddress>620088, Свердловская, Екатеринбург, Банникова, дом 7</legalAddress>
                        <postalAddress>г. Екатеринбург, пер. Банникова, 7</postalAddress>
                        <phone>7-343-3382867</phone>
                        <email>dsdetstvo@yandex.ru</email>
                        <okato>65401000000</okato>
                        <okpo>3990333</okpo>
                    </mainInfo>
                </ns2:customer>
                <ns2:placer>
                    <mainInfo>
                        <fullName>Муниципальное бюджетное дошкольное образовательное учреждение - детский сад "Детство"</fullName>
                        <shortName>МБДОУ - детский сад "Детство"</shortName>
                        <iko>86663031653667301001</iko>
                        <inn>6663031653</inn>
                        <kpp>667301001</kpp>
                        <ogrn>1026605617686</ogrn>
                        <legalAddress>620088, Свердловская, Екатеринбург, Банникова, дом 7</legalAddress>
                        <postalAddress>г. Екатеринбург, пер. Банникова, 7</postalAddress>
                        <phone>7-343-3382867</phone>
                        <email>dsdetstvo@yandex.ru</email>
                        <okato>65401000000</okato>
                        <okpo>3990333</okpo>
                    </mainInfo>
                </ns2:placer>
                <ns2:publicationDate>2017-03-29T13:25:21</ns2:publicationDate>
                <ns2:status>P</ns2:status>
                <ns2:version>1</ns2:version>
                <ns2:completed>true</ns2:completed>
                <ns2:attachments>
                    <totalDocumentsCount>2</totalDocumentsCount>
                    <document>
                        <guid>92b853bd-227e-480f-aa32-efc196ab6e61</guid>
                        <createDateTime>2017-03-29T13:24:56</createDateTime>
                        <fileName>холод.шкаф.pdf</fileName>
                        <description>ПП 11</description>
                        <url>https://zakupki.gov.ru/223/contract/private/download/download.html?id=11695827</url>
                        <registrationNumber>86663031653170000680004</registrationNumber>
                    </document>
                    <document>
                        <guid>5c6a461a-c2cf-4af3-811d-a9e6ff20f9d1</guid>
                        <createDateTime>2017-03-29T13:24:36</createDateTime>
                        <fileName>Накладная_№11-02-17_шкафы_холодильные.pdf</fileName>
                        <description>Накладная_№11-02-17_шкафы_холодильные</description>
                        <url>https://zakupki.gov.ru/223/contract/private/download/download.html?id=11695802</url>
                        <registrationNumber>86663031653170000680005</registrationNumber>
                    </document>
                </ns2:attachments>
                <ns2:hasPenalty>false</ns2:hasPenalty>
                <ns2:contractRegNumber>86663031653170000680000</ns2:contractRegNumber>
                <ns2:contractInfo>
                    <ns2:guid>46242562-9432-4851-8d39-d6675b2bb2bb</ns2:guid>
                    <ns2:name>11-02-17</ns2:name>
                    <ns2:agencyName>МБДОУ - детский сад "Детство"</ns2:agencyName>
                    <ns2:supplierName>ОБЩЕСТВО С ОГРАНИЧЕННОЙ ОТВЕТСТВЕННОСТЬЮ "ПРОБУЖДЕНИЕ"</ns2:supplierName>
                    <ns2:lotInfo>Поставка холодильных шкафов для нужд филиалов №40, 135, 382, 516, 514, 522, 536</ns2:lotInfo>
                    <ns2:contractDate>2017-02-22</ns2:contractDate>
                </ns2:contractInfo>
                <ns2:positions>
                    <ns2:position>
                        <ns2:ordinal>1</ns2:ordinal>
                        <ns2:paymentDate>2017-03-07</ns2:paymentDate>
                        <ns2:price>395910</ns2:price>
                        <ns2:currency>
                            <code>RUB</code>
                            <digitalCode>643</digitalCode>
                            <name>Российский рубль</name>
                        </ns2:currency>
                        <ns2:rubPrice>395910</ns2:rubPrice>
                        <ns2:prepaid>false</ns2:prepaid>
                        <ns2:docs>
                            <ns2:doc>
                                <ns2:ordinal>1</ns2:ordinal>
                                <ns2:date>2017-02-22</ns2:date>
                                <ns2:code>01</ns2:code>
                                <ns2:name>товарная накладная</ns2:name>
                                <ns2:number>11</ns2:number>
                                <ns2:contractPosition>
                                    <ns2:guid>74c2a0da-db6f-40fa-a0c1-2ef5338e5140</ns2:guid>
                                    <ns2:name>Холодильники бытовые</ns2:name>
                                    <ns2:okpd2>
                                        <code>27.51.11.110</code>
                                        <name>Холодильники бытовые</name>
                                    </ns2:okpd2>
                                </ns2:contractPosition>
                                <ns2:okei>
                                    <code>796</code>
                                    <name>Штука</name>
                                </ns2:okei>
                                <ns2:qty>9</ns2:qty>
                            </ns2:doc>
                        </ns2:docs>
                    </ns2:position>
                    <ns2:total>395910</ns2:total>
                </ns2:positions>
            </ns2:performanceContractData>
        </ns2:item>
    </ns2:body>
</ns2:performanceContract>
