<?xml version="1.0" encoding="UTF-8" standalone="yes"?>
<ns2:performanceContract xsi:schemaLocation="http://zakupki.gov.ru/223/integration/schema/TFF-5.2 http://zakupki.gov.ru/223/integration/schema/TFF-5.2/Types.xsd" xmlns="http://zakupki.gov.ru/223fz/types/1" xmlns:ns10="http://zakupki.gov.ru/223fz/complaint/1" xmlns:ns11="http://zakupki.gov.ru/223fz/notificationIssue/1" xmlns:ns12="http://zakupki.gov.ru/223fz/purchasePlanProject/1" xmlns:ns13="http://zakupki.gov.ru/223fz/purchase/1" xmlns:ns14="http://zakupki.gov.ru/223fz/purchasePlanProjectAdditionalPosition/1" xmlns:ns15="http://zakupki.gov.ru/223fz/missedNotice/1" xmlns:ns16="http://zakupki.gov.ru/223fz/reference/1" xmlns:ns17="http://zakupki.gov.ru/223fz/stopCommodity/1" xmlns:ns18="http://zakupki.gov.ru/223fz/decisionSuspension/1" xmlns:ns19="http://zakupki.gov.ru/223fz/webRequest/1" xmlns:ns2="http://zakupki.gov.ru/223fz/contract/1" xmlns:xsi="http://www.w3.org/2001/XMLSchema-instance" xmlns:ns3="http://zakupki.gov.ru/223fz/dishonestSupplier/1" xmlns:ns4="http://zakupki.gov.ru/223fz/purchasePlanAdditionalPosition/1" xmlns:ns5="http://zakupki.gov.ru/223fz/purchasePlan/1" xmlns:ns6="http://zakupki.gov.ru/223fz/machineryListInfo/1" xmlns:ns7="http://zakupki.gov.ru/223fz/revenue/1" xmlns:ns8="http://zakupki.gov.ru/223fz/orderClauseList/1" xmlns:ns9="http://zakupki.gov.ru/223fz/disagreementProtocol/1">
    <header>
        <guid>e0d776e6-d827-4335-b75d-b194b8de9d2e</guid>
        <createDateTime>2017-03-29T12:46:17</createDateTime>
    </header>
    <ns2:body>
        <ns2:item>
            <guid>f7f0ec18-0888-4520-97f8-947b55e3d6be</guid>
            <ns2:performanceContractData>
                <ns2:guid>2c31b960-7956-498c-9b89-18e0174dfb3d</ns2:guid>
                <ns2:registrationNumber>56658066139160000060023</ns2:registrationNumber>
                <ns2:urlOOS>https://zakupki.gov.ru/223/contract/private/completing/info/view.html?id=2658339</ns2:urlOOS>
                <ns2:createDateTime>2016-08-04T07:20:25</ns2:createDateTime>
                <ns2:customer>
                    <mainInfo>
                        <fullName>МУНИЦИПАЛЬНОЕ АВТОНОМНОЕ ОБЩЕОБРАЗОВАТЕЛЬНОЕ УЧРЕЖДЕНИЕ-СРЕДНЯЯ ОБЩЕОБРАЗОВАТЕЛЬНАЯ ШКОЛА №168</fullName>
                        <shortName>МАОУ-СОШ №168</shortName>
                        <iko>56658066139665801001</iko>
                        <inn>6658066139</inn>
                        <kpp>665801001</kpp>
                        <ogrn>1026602325540</ogrn>
                        <legalAddress>620102, Свердловская, Екатеринбург, Серафимы Дерябиной, дом 27, корпус а</legalAddress>
                        <postalAddress>620102, Свердловская, Екатеринбург, Серафимы Дерябиной, дом 27, корпус а</postalAddress>
                        <phone>7-343-2334081</phone>
                        <fax>7-343-2334081</fax>
                        <email>school168@bk.ru</email>
                        <okato>65401364000</okato>
                        <okpo>41746036</okpo>
                    </mainInfo>
                </ns2:customer>
                <ns2:placer>
                    <mainInfo>
                        <fullName>МУНИЦИПАЛЬНОЕ АВТОНОМНОЕ ОБЩЕОБРАЗОВАТЕЛЬНОЕ УЧРЕЖДЕНИЕ-СРЕДНЯЯ ОБЩЕОБРАЗОВАТЕЛЬНАЯ ШКОЛА №168</fullName>
                        <shortName>МАОУ-СОШ №168</shortName>
                        <iko>56658066139665801001</iko>
                        <inn>6658066139</inn>
                        <kpp>665801001</kpp>
                        <ogrn>1026602325540</ogrn>
                        <legalAddress>620102, Свердловская, Екатеринбург, Серафимы Дерябиной, дом 27, корпус а</legalAddress>
                        <postalAddress>620102, Свердловская, Екатеринбург, Серафимы Дерябиной, дом 27, корпус а</postalAddress>
                        <phone>7-343-2334081</phone>
                        <fax>7-343-2334081</fax>
                        <email>school168@bk.ru</email>
                        <okato>65401364000</okato>
                        <okpo>41746036</okpo>
                    </mainInfo>
                </ns2:placer>
                <ns2:publicationDate>2017-03-29T12:46:17</ns2:publicationDate>
                <ns2:status>P</ns2:status>
                <ns2:version>1</ns2:version>
                <ns2:completed>false</ns2:completed>
                <ns2:attachments>
                    <totalDocumentsCount>3</totalDocumentsCount>
                    <document>
                        <guid>f61a90be-2619-48ba-925e-0b002678feda</guid>
                        <createDateTime>2017-03-29T12:45:50</createDateTime>
                        <fileName>Счет №131 за период с 11.03.2017 по 20.03.pdf</fileName>
                        <description>Счет №131 за период с 11.03.2017 по 20.03</description>
                        <url>https://zakupki.gov.ru/223/contract/private/download/download.html?id=11693635</url>
                        <registrationNumber>56658066139160000060024</registrationNumber>
                    </document>
                    <document>
                        <guid>0f390f65-fa19-4237-9a8e-ab0c8a3044e2</guid>
                        <createDateTime>2017-03-29T12:45:40</createDateTime>
                        <fileName>Акт №131 за период с 11.03.2017 по 20.03.pdf</fileName>
                        <description>Акт №131 за период с 11.03.2017 по 20.03</description>
                        <url>https://zakupki.gov.ru/223/contract/private/download/download.html?id=11693625</url>
                        <registrationNumber>56658066139160000060025</registrationNumber>
                    </document>
                    <document>
                        <guid>88d1891c-3530-4f8b-a656-a09977dcba81</guid>
                        <createDateTime>2017-03-29T12:45:46</createDateTime>
                        <fileName>пп №183653 от 27.03.pdf</fileName>
                        <description>пп №183653 от 27.03</description>
                        <url>https://zakupki.gov.ru/223/contract/private/download/download.html?id=11693629</url>
                        <registrationNumber>56658066139160000060026</registrationNumber>
                    </document>
                </ns2:attachments>
                <ns2:hasPenalty>false</ns2:hasPenalty>
                <ns2:contractRegNumber>56658066139160000060000</ns2:contractRegNumber>
                <ns2:contractInfo>
                    <ns2:guid>d2e573ae-37bc-4a8b-8027-9bc782767edf</ns2:guid>
                    <ns2:name>ПИТ - 168/2017</ns2:name>
                    <ns2:agencyName>МАОУ-СОШ №168</ns2:agencyName>
                    <ns2:supplierName>ОБЩЕСТВО С ОГРАНИЧЕННОЙ ОТВЕТСТВЕННОСТЬЮ "АППЕТИТ - ПЛЮС"</ns2:supplierName>
                    <ns2:lotInfo>Оказание услуг по организации питания обучающихся в 2017 году (совместные торги)</ns2:lotInfo>
                    <ns2:contractDate>2016-08-02</ns2:contractDate>
                </ns2:contractInfo>
                <ns2:positions>
                    <ns2:position>
                        <ns2:ordinal>1</ns2:ordinal>
                        <ns2:paymentDate>2017-03-27</ns2:paymentDate>
                        <ns2:price>175446.52</ns2:price>
                        <ns2:currency>
                            <code>RUB</code>
                            <digitalCode>643</digitalCode>
                            <name>Российский рубль</name>
                        </ns2:currency>
                        <ns2:rubPrice>175446.52</ns2:rubPrice>
                        <ns2:prepaid>false</ns2:prepaid>
                        <ns2:docs>
                            <ns2:doc>
                                <ns2:ordinal>1</ns2:ordinal>
                                <ns2:date>2017-03-20</ns2:date>
                                <ns2:code>18</ns2:code>
                                <ns2:name>счет на оплату</ns2:name>
                                <ns2:number>131-Б</ns2:number>
                                <ns2:contractPosition>
                                    <ns2:guid>3cabb75d-8c47-014e-e053-ac11070d70ec</ns2:guid>
                                    <ns2:name>Услуги школьных столовых и кухонь</ns2:name>
                                    <ns2:okpd2>
                                        <code>56.29.20.120</code>
                                        <name>Услуги школьных столовых и кухонь</name>
                                    </ns2:okpd2>
                                </ns2:contractPosition>
                                <ns2:okei>
                                    <code>876</code>
                                    <name>Условная единица</name>
                                </ns2:okei>
                                <ns2:qty>1</ns2:qty>
                            </ns2:doc>
                        </ns2:docs>
                    </ns2:position>
                    <ns2:total>175446.52</ns2:total>
                </ns2:positions>
            </ns2:performanceContractData>
        </ns2:item>
    </ns2:body>
</ns2:performanceContract>
