<?xml version="1.0" encoding="UTF-8" standalone="yes"?>
<ns2:performanceContract xsi:schemaLocation="http://zakupki.gov.ru/223/integration/schema/TFF-5.2 http://zakupki.gov.ru/223/integration/schema/TFF-5.2/Types.xsd" xmlns="http://zakupki.gov.ru/223fz/types/1" xmlns:ns10="http://zakupki.gov.ru/223fz/complaint/1" xmlns:ns11="http://zakupki.gov.ru/223fz/notificationIssue/1" xmlns:ns12="http://zakupki.gov.ru/223fz/purchasePlanProject/1" xmlns:ns13="http://zakupki.gov.ru/223fz/purchase/1" xmlns:ns14="http://zakupki.gov.ru/223fz/purchasePlanProjectAdditionalPosition/1" xmlns:ns15="http://zakupki.gov.ru/223fz/missedNotice/1" xmlns:ns16="http://zakupki.gov.ru/223fz/reference/1" xmlns:ns17="http://zakupki.gov.ru/223fz/stopCommodity/1" xmlns:ns18="http://zakupki.gov.ru/223fz/decisionSuspension/1" xmlns:ns19="http://zakupki.gov.ru/223fz/webRequest/1" xmlns:ns2="http://zakupki.gov.ru/223fz/contract/1" xmlns:xsi="http://www.w3.org/2001/XMLSchema-instance" xmlns:ns3="http://zakupki.gov.ru/223fz/dishonestSupplier/1" xmlns:ns4="http://zakupki.gov.ru/223fz/purchasePlanAdditionalPosition/1" xmlns:ns5="http://zakupki.gov.ru/223fz/purchasePlan/1" xmlns:ns6="http://zakupki.gov.ru/223fz/machineryListInfo/1" xmlns:ns7="http://zakupki.gov.ru/223fz/revenue/1" xmlns:ns8="http://zakupki.gov.ru/223fz/orderClauseList/1" xmlns:ns9="http://zakupki.gov.ru/223fz/disagreementProtocol/1">
    <header>
        <guid>7c13ae19-38be-4a36-ba00-d5431a91ed5c</guid>
        <createDateTime>2017-03-29T13:34:11</createDateTime>
    </header>
    <ns2:body>
        <ns2:item>
            <guid>0fa1a808-5025-4f22-8c05-83bb9d880fef</guid>
            <ns2:performanceContractData>
                <ns2:guid>5ae0d40a-7740-4206-8cc9-e1df953a2ed5</ns2:guid>
                <ns2:registrationNumber>56664024218160000030003</ns2:registrationNumber>
                <ns2:urlOOS>https://zakupki.gov.ru/223/contract/private/completing/info/view.html?id=2658898</ns2:urlOOS>
                <ns2:createDateTime>2016-02-03T13:42:45</ns2:createDateTime>
                <ns2:customer>
                    <mainInfo>
                        <fullName>ГОСУДАРСТВЕННОЕ АВТОНОМНОЕ ПРОФЕССИОНАЛЬНОЕ ОБРАЗОВАТЕЛЬНОЕ УЧРЕЖДЕНИЕ СВЕРДЛОВСКОЙ ОБЛАСТИ "ЕКАТЕРИНБУРГСКИЙ ЭНЕРГЕТИЧЕСКИЙ ТЕХНИКУМ"</fullName>
                        <shortName>ГАПОУ СО "ЕКАТЕРИНБУРГСКИЙ ЭНЕРГЕТИЧЕСКИЙ ТЕХНИКУМ"</shortName>
                        <iko>56664024218667901001</iko>
                        <inn>6664024218</inn>
                        <kpp>667901001</kpp>
                        <ogrn>1026605766593</ogrn>
                        <legalAddress>620103, обл СВЕРДЛОВСКАЯ, г ЕКАТЕРИНБУРГ, ул УМЕЛЬЦЕВ, дом 1</legalAddress>
                        <postalAddress>620103,г.Екатеринбург,ул.Умельцев,1</postalAddress>
                        <phone>7-343-2569620</phone>
                        <email>enn@etel.ru</email>
                        <okato>65401390000</okato>
                        <okpo>00129202</okpo>
                    </mainInfo>
                </ns2:customer>
                <ns2:placer>
                    <mainInfo>
                        <fullName>ГОСУДАРСТВЕННОЕ АВТОНОМНОЕ ПРОФЕССИОНАЛЬНОЕ ОБРАЗОВАТЕЛЬНОЕ УЧРЕЖДЕНИЕ СВЕРДЛОВСКОЙ ОБЛАСТИ "ЕКАТЕРИНБУРГСКИЙ ЭНЕРГЕТИЧЕСКИЙ ТЕХНИКУМ"</fullName>
                        <shortName>ГАПОУ СО "ЕКАТЕРИНБУРГСКИЙ ЭНЕРГЕТИЧЕСКИЙ ТЕХНИКУМ"</shortName>
                        <iko>56664024218667901001</iko>
                        <inn>6664024218</inn>
                        <kpp>667901001</kpp>
                        <ogrn>1026605766593</ogrn>
                        <legalAddress>620103, обл СВЕРДЛОВСКАЯ, г ЕКАТЕРИНБУРГ, ул УМЕЛЬЦЕВ, дом 1</legalAddress>
                        <postalAddress>620103,г.Екатеринбург,ул.Умельцев,1</postalAddress>
                        <phone>7-343-2569620</phone>
                        <email>enn@etel.ru</email>
                        <okato>65401390000</okato>
                        <okpo>00129202</okpo>
                    </mainInfo>
                </ns2:placer>
                <ns2:publicationDate>2017-03-29T13:34:11</ns2:publicationDate>
                <ns2:status>P</ns2:status>
                <ns2:version>1</ns2:version>
                <ns2:completed>true</ns2:completed>
                <ns2:attachments>
                    <totalDocumentsCount>1</totalDocumentsCount>
                    <document>
                        <guid>ecd43fe5-b077-4ce8-8cb7-f0ea56ae1bdf</guid>
                        <createDateTime>2017-03-29T13:33:02</createDateTime>
                        <fileName>Доп.соглашение Екатеринбургэнергосбыт.pdf</fileName>
                        <description>Доп.соглашение Екатеринбургэнергосбыт</description>
                        <url>https://zakupki.gov.ru/223/contract/private/download/download.html?id=11696443</url>
                        <registrationNumber>56664024218160000030004</registrationNumber>
                    </document>
                </ns2:attachments>
                <ns2:hasPenalty>false</ns2:hasPenalty>
                <ns2:contractRegNumber>56664024218160000030000</ns2:contractRegNumber>
                <ns2:contractInfo>
                    <ns2:guid>d062af0c-afe7-4528-b891-63f2b8ef4c8d</ns2:guid>
                    <ns2:name>991</ns2:name>
                    <ns2:agencyName>ГАПОУ СО "ЕКАТЕРИНБУРГСКИЙ ЭНЕРГЕТИЧЕСКИЙ ТЕХНИКУМ"</ns2:agencyName>
                    <ns2:supplierName>Открытое акционерное общество  "Екатеринбургэнергосбыт"</ns2:supplierName>
                    <ns2:lotInfo>Снабжение электрической энергией </ns2:lotInfo>
                    <ns2:contractDate>2016-01-29</ns2:contractDate>
                </ns2:contractInfo>
                <ns2:positions>
                    <ns2:position>
                        <ns2:ordinal>1</ns2:ordinal>
                        <ns2:paymentDate>2017-03-29</ns2:paymentDate>
                        <ns2:price>2270030.85</ns2:price>
                        <ns2:currency>
                            <code>RUB</code>
                            <digitalCode>643</digitalCode>
                            <name>Российский рубль</name>
                        </ns2:currency>
                        <ns2:rubPrice>2270030.85</ns2:rubPrice>
                        <ns2:prepaid>false</ns2:prepaid>
                        <ns2:docs>
                            <ns2:doc>
                                <ns2:ordinal>1</ns2:ordinal>
                                <ns2:date>2017-03-29</ns2:date>
                                <ns2:code>37</ns2:code>
                                <ns2:name>прочие документы о приемке</ns2:name>
                                <ns2:contractPosition>
                                    <ns2:guid>3cabb74e-8e54-014e-e053-ac11070d70ec</ns2:guid>
                                    <ns2:name>Снабжение электрической энергией</ns2:name>
                                    <ns2:okpd2>
                                        <code>35.12.10.110</code>
                                        <name>Услуги по передаче электроэнергии</name>
                                    </ns2:okpd2>
                                </ns2:contractPosition>
                                <ns2:okei>
                                    <code>245</code>
                                    <name>Киловатт-час</name>
                                </ns2:okei>
                                <ns2:qty>490000</ns2:qty>
                            </ns2:doc>
                        </ns2:docs>
                    </ns2:position>
                    <ns2:total>2270030.85</ns2:total>
                </ns2:positions>
            </ns2:performanceContractData>
        </ns2:item>
    </ns2:body>
</ns2:performanceContract>
