<?xml version="1.0" encoding="UTF-8" standalone="yes"?>
<ns2:performanceContract xsi:schemaLocation="http://zakupki.gov.ru/223/integration/schema/TFF-5.2 http://zakupki.gov.ru/223/integration/schema/TFF-5.2/Types.xsd" xmlns="http://zakupki.gov.ru/223fz/types/1" xmlns:ns10="http://zakupki.gov.ru/223fz/complaint/1" xmlns:ns11="http://zakupki.gov.ru/223fz/notificationIssue/1" xmlns:ns12="http://zakupki.gov.ru/223fz/purchasePlanProject/1" xmlns:ns13="http://zakupki.gov.ru/223fz/purchase/1" xmlns:ns14="http://zakupki.gov.ru/223fz/purchasePlanProjectAdditionalPosition/1" xmlns:ns15="http://zakupki.gov.ru/223fz/missedNotice/1" xmlns:ns16="http://zakupki.gov.ru/223fz/reference/1" xmlns:ns17="http://zakupki.gov.ru/223fz/stopCommodity/1" xmlns:ns18="http://zakupki.gov.ru/223fz/decisionSuspension/1" xmlns:ns19="http://zakupki.gov.ru/223fz/webRequest/1" xmlns:ns2="http://zakupki.gov.ru/223fz/contract/1" xmlns:xsi="http://www.w3.org/2001/XMLSchema-instance" xmlns:ns3="http://zakupki.gov.ru/223fz/dishonestSupplier/1" xmlns:ns4="http://zakupki.gov.ru/223fz/purchasePlanAdditionalPosition/1" xmlns:ns5="http://zakupki.gov.ru/223fz/purchasePlan/1" xmlns:ns6="http://zakupki.gov.ru/223fz/machineryListInfo/1" xmlns:ns7="http://zakupki.gov.ru/223fz/revenue/1" xmlns:ns8="http://zakupki.gov.ru/223fz/orderClauseList/1" xmlns:ns9="http://zakupki.gov.ru/223fz/disagreementProtocol/1">
    <header>
        <guid>73828a20-c9dd-4b59-b936-fc5c1a15888c</guid>
        <createDateTime>2017-03-29T11:42:36</createDateTime>
    </header>
    <ns2:body>
        <ns2:item>
            <guid>454c37af-c17e-47e0-8a79-f490ebc758b3</guid>
            <ns2:performanceContractData>
                <ns2:guid>714f7cd8-8618-4ab7-a9b7-f1e47a58a588</ns2:guid>
                <ns2:registrationNumber>56661003675170000470003</ns2:registrationNumber>
                <ns2:urlOOS>https://zakupki.gov.ru/223/contract/private/completing/info/view.html?id=2657606</ns2:urlOOS>
                <ns2:createDateTime>2017-03-06T09:38:48</ns2:createDateTime>
                <ns2:customer>
                    <mainInfo>
                        <fullName>ФЕДЕРАЛЬНОЕ ГОСУДАРСТВЕННОЕ БЮДЖЕТНОЕ ОБРАЗОВАТЕЛЬНОЕ УЧРЕЖДЕНИЕ ВЫСШЕГО ОБРАЗОВАНИЯ "УРАЛЬСКИЙ ГОСУДАРСТВЕННЫЙ ЭКОНОМИЧЕСКИЙ УНИВЕРСИТЕТ"</fullName>
                        <shortName>ФГБОУ ВО "УРАЛЬСКИЙ ГОСУДАРСТВЕННЫЙ ЭКОНОМИЧЕСКИЙ УНИВЕРСИТЕТ", УРАЛЬСКИЙ ГОСУДАРСТВЕННЫЙ ЭКОНОМИЧЕСКИЙ УНИВЕРСИТЕТ, УРГЭУ</shortName>
                        <iko>56661003675667101001</iko>
                        <inn>6661003675</inn>
                        <kpp>667101001</kpp>
                        <ogrn>1026605233753</ogrn>
                        <legalAddress>620000, обл СВЕРДЛОВСКАЯ, г ЕКАТЕРИНБУРГ, 8 МАРТА/НАРОДНОЙ ВОЛИ, дом 62/45</legalAddress>
                        <postalAddress>620219, г. Екатеринбург, ул. 8 Марта/Народной Воли, д.62/45</postalAddress>
                        <phone>7-343-2211781</phone>
                        <fax>7-343-2211781</fax>
                        <email>mas@usue.ru</email>
                        <okato>65401377000</okato>
                        <okpo>02069214</okpo>
                    </mainInfo>
                </ns2:customer>
                <ns2:placer>
                    <mainInfo>
                        <fullName>ФЕДЕРАЛЬНОЕ ГОСУДАРСТВЕННОЕ БЮДЖЕТНОЕ ОБРАЗОВАТЕЛЬНОЕ УЧРЕЖДЕНИЕ ВЫСШЕГО ОБРАЗОВАНИЯ "УРАЛЬСКИЙ ГОСУДАРСТВЕННЫЙ ЭКОНОМИЧЕСКИЙ УНИВЕРСИТЕТ"</fullName>
                        <shortName>ФГБОУ ВО "УРАЛЬСКИЙ ГОСУДАРСТВЕННЫЙ ЭКОНОМИЧЕСКИЙ УНИВЕРСИТЕТ", УРАЛЬСКИЙ ГОСУДАРСТВЕННЫЙ ЭКОНОМИЧЕСКИЙ УНИВЕРСИТЕТ, УРГЭУ</shortName>
                        <iko>56661003675667101001</iko>
                        <inn>6661003675</inn>
                        <kpp>667101001</kpp>
                        <ogrn>1026605233753</ogrn>
                        <legalAddress>620000, обл СВЕРДЛОВСКАЯ, г ЕКАТЕРИНБУРГ, 8 МАРТА/НАРОДНОЙ ВОЛИ, дом 62/45</legalAddress>
                        <postalAddress>620219, г. Екатеринбург, ул. 8 Марта/Народной Воли, д.62/45</postalAddress>
                        <phone>7-343-2211781</phone>
                        <fax>7-343-2211781</fax>
                        <email>mas@usue.ru</email>
                        <okato>65401377000</okato>
                        <okpo>02069214</okpo>
                    </mainInfo>
                </ns2:placer>
                <ns2:publicationDate>2017-03-29T11:42:36</ns2:publicationDate>
                <ns2:status>P</ns2:status>
                <ns2:version>1</ns2:version>
                <ns2:completed>true</ns2:completed>
                <ns2:attachments>
                    <totalDocumentsCount>1</totalDocumentsCount>
                    <document>
                        <guid>e643916b-33ed-48b3-b76f-c0569d32ebb0</guid>
                        <createDateTime>2017-03-29T11:42:22</createDateTime>
                        <fileName>03-40 от 06.03.2017 (платежное поручение, акт оказанных услуг).pdf</fileName>
                        <description>03-40 от 06.03.2017 (платежное поручение, акт оказанных услуг)</description>
                        <url>https://zakupki.gov.ru/223/contract/private/download/download.html?id=11689833</url>
                        <registrationNumber>56661003675170000470004</registrationNumber>
                    </document>
                </ns2:attachments>
                <ns2:hasPenalty>false</ns2:hasPenalty>
                <ns2:contractRegNumber>56661003675170000470000</ns2:contractRegNumber>
                <ns2:contractInfo>
                    <ns2:guid>37167564-4bd7-4788-b9e5-6a2a74178f25</ns2:guid>
                    <ns2:name>03/40</ns2:name>
                    <ns2:agencyName>ФГБОУ ВО "УРАЛЬСКИЙ ГОСУДАРСТВЕННЫЙ ЭКОНОМИЧЕСКИЙ УНИВЕРСИТЕТ", УРАЛЬСКИЙ ГОСУДАРСТВЕННЫЙ ЭКОНОМИЧЕСКИЙ УНИВЕРСИТЕТ, УРГЭУ</ns2:agencyName>
                    <ns2:supplierName>НЕГОСУДАРСТВЕННОЕ ОБРАЗОВАТЕЛЬНОЕ УЧРЕЖДЕНИЕ ВЫСШЕГО ПРОФЕССИОНАЛЬНОГО ОБРАЗОВАНИЯ "КУМЕРТАУСКИЙ ИНСТИТУТ ЭКОНОМИКИ И ПРАВА"</ns2:supplierName>
                    <ns2:lotInfo>Предоставление услуг в целях оказания помощи гражданам РФ и иностранным гражданам в получении профессиональной ориентации для выбора специальности или направления подготовки и организационной и  технической поддержки обслуживания учебного процесса (город Кумертау республики Башкортостан)</ns2:lotInfo>
                    <ns2:contractDate>2017-03-06</ns2:contractDate>
                </ns2:contractInfo>
                <ns2:positions>
                    <ns2:position>
                        <ns2:ordinal>1</ns2:ordinal>
                        <ns2:paymentDate>2017-03-27</ns2:paymentDate>
                        <ns2:price>192500</ns2:price>
                        <ns2:currency>
                            <code>RUB</code>
                            <digitalCode>643</digitalCode>
                            <name>Российский рубль</name>
                        </ns2:currency>
                        <ns2:rubPrice>192500</ns2:rubPrice>
                        <ns2:prepaid>false</ns2:prepaid>
                        <ns2:docs>
                            <ns2:doc>
                                <ns2:ordinal>1</ns2:ordinal>
                                <ns2:date>2017-03-20</ns2:date>
                                <ns2:code>20</ns2:code>
                                <ns2:name>акт выполненных работ</ns2:name>
                                <ns2:number>30</ns2:number>
                                <ns2:contractPosition>
                                    <ns2:guid>23383c8a-aef0-457b-9e1e-0ac1d2f78eb1</ns2:guid>
                                    <ns2:name>Услуги в области дистанционного высшего образования в информационно-коммуникационной сети Интернет - бакалавриат</ns2:name>
                                    <ns2:okpd2>
                                        <code>85.22.11.000</code>
                                        <name>Услуги в области дистанционного высшего образования в информационно-коммуникационной сети Интернет - бакалавриат</name>
                                    </ns2:okpd2>
                                </ns2:contractPosition>
                                <ns2:okei>
                                    <code>383</code>
                                    <name>Рубль</name>
                                </ns2:okei>
                                <ns2:qty>192500</ns2:qty>
                            </ns2:doc>
                        </ns2:docs>
                    </ns2:position>
                    <ns2:total>192500</ns2:total>
                </ns2:positions>
            </ns2:performanceContractData>
        </ns2:item>
    </ns2:body>
</ns2:performanceContract>
