<?xml version="1.0" encoding="UTF-8" standalone="yes"?>
<ns2:performanceContract xsi:schemaLocation="http://zakupki.gov.ru/223/integration/schema/TFF-5.2 http://zakupki.gov.ru/223/integration/schema/TFF-5.2/Types.xsd" xmlns="http://zakupki.gov.ru/223fz/types/1" xmlns:ns10="http://zakupki.gov.ru/223fz/complaint/1" xmlns:ns11="http://zakupki.gov.ru/223fz/notificationIssue/1" xmlns:ns12="http://zakupki.gov.ru/223fz/purchasePlanProject/1" xmlns:ns13="http://zakupki.gov.ru/223fz/purchase/1" xmlns:ns14="http://zakupki.gov.ru/223fz/purchasePlanProjectAdditionalPosition/1" xmlns:ns15="http://zakupki.gov.ru/223fz/missedNotice/1" xmlns:ns16="http://zakupki.gov.ru/223fz/reference/1" xmlns:ns17="http://zakupki.gov.ru/223fz/stopCommodity/1" xmlns:ns18="http://zakupki.gov.ru/223fz/decisionSuspension/1" xmlns:ns19="http://zakupki.gov.ru/223fz/webRequest/1" xmlns:ns2="http://zakupki.gov.ru/223fz/contract/1" xmlns:xsi="http://www.w3.org/2001/XMLSchema-instance" xmlns:ns3="http://zakupki.gov.ru/223fz/dishonestSupplier/1" xmlns:ns4="http://zakupki.gov.ru/223fz/purchasePlanAdditionalPosition/1" xmlns:ns5="http://zakupki.gov.ru/223fz/purchasePlan/1" xmlns:ns6="http://zakupki.gov.ru/223fz/machineryListInfo/1" xmlns:ns7="http://zakupki.gov.ru/223fz/revenue/1" xmlns:ns8="http://zakupki.gov.ru/223fz/orderClauseList/1" xmlns:ns9="http://zakupki.gov.ru/223fz/disagreementProtocol/1">
    <header>
        <guid>63c79576-224b-4740-8e35-fb680b8f20c4</guid>
        <createDateTime>2017-03-29T12:42:59</createDateTime>
    </header>
    <ns2:body>
        <ns2:item>
            <guid>a8b26df9-757e-4e99-841b-e12e923cdff6</guid>
            <ns2:performanceContractData>
                <ns2:guid>83aa59e1-3c29-449f-b2e3-b5b79610ff0e</ns2:guid>
                <ns2:registrationNumber>56625038009170000120005</ns2:registrationNumber>
                <ns2:urlOOS>https://zakupki.gov.ru/223/contract/private/completing/info/view.html?id=2658296</ns2:urlOOS>
                <ns2:createDateTime>2017-01-24T13:21:16</ns2:createDateTime>
                <ns2:customer>
                    <mainInfo>
                        <fullName>ГОСУДАРСТВЕННОЕ АВТОНОМНОЕ МЕДИЦИНСКОЕ УЧРЕЖДЕНИЕ СВЕРДЛОВСКОЙ ОБЛАСТИ "СТОМАТОЛОГИЧЕСКАЯ ПОЛИКЛИНИКА ГОРОД ПЕРВОУРАЛЬСК"</fullName>
                        <shortName>ГАМУ СО "СП Г. ПЕРВОУРАЛЬСК"</shortName>
                        <iko>56625038009662501001</iko>
                        <inn>6625038009</inn>
                        <kpp>662501001</kpp>
                        <ogrn>1069625013688</ogrn>
                        <legalAddress>623101, Свердловская, Первоуральск, Космонавтов, дом 9</legalAddress>
                        <postalAddress>623101, Свердловская обл., г. Первоуральск, пр-т Космонавтов, 9</postalAddress>
                        <phone>7-3439-638477</phone>
                        <fax>7-3439-661540</fax>
                        <email>stoma9@mail.ru</email>
                        <okato>65480000000</okato>
                        <okpo>01945406</okpo>
                    </mainInfo>
                </ns2:customer>
                <ns2:placer>
                    <mainInfo>
                        <fullName>ГОСУДАРСТВЕННОЕ АВТОНОМНОЕ МЕДИЦИНСКОЕ УЧРЕЖДЕНИЕ СВЕРДЛОВСКОЙ ОБЛАСТИ "СТОМАТОЛОГИЧЕСКАЯ ПОЛИКЛИНИКА ГОРОД ПЕРВОУРАЛЬСК"</fullName>
                        <shortName>ГАМУ СО "СП Г. ПЕРВОУРАЛЬСК"</shortName>
                        <iko>56625038009662501001</iko>
                        <inn>6625038009</inn>
                        <kpp>662501001</kpp>
                        <ogrn>1069625013688</ogrn>
                        <legalAddress>623101, Свердловская, Первоуральск, Космонавтов, дом 9</legalAddress>
                        <postalAddress>623101, Свердловская обл., г. Первоуральск, пр-т Космонавтов, 9</postalAddress>
                        <phone>7-3439-638477</phone>
                        <fax>7-3439-661540</fax>
                        <email>stoma9@mail.ru</email>
                        <okato>65480000000</okato>
                        <okpo>01945406</okpo>
                    </mainInfo>
                </ns2:placer>
                <ns2:publicationDate>2017-03-29T12:42:59</ns2:publicationDate>
                <ns2:status>P</ns2:status>
                <ns2:version>1</ns2:version>
                <ns2:completed>false</ns2:completed>
                <ns2:attachments>
                    <totalDocumentsCount>1</totalDocumentsCount>
                    <document>
                        <guid>beec5346-e8ac-449a-982d-8a1d5babadb2</guid>
                        <createDateTime>2017-03-29T12:42:37</createDateTime>
                        <fileName>ФГУП Охрана февраль.pdf</fileName>
                        <description>ФГУП Охрана февраль</description>
                        <url>https://zakupki.gov.ru/223/contract/private/download/download.html?id=11693490</url>
                        <registrationNumber>56625038009170000120006</registrationNumber>
                    </document>
                </ns2:attachments>
                <ns2:hasPenalty>false</ns2:hasPenalty>
                <ns2:contractRegNumber>56625038009170000120000</ns2:contractRegNumber>
                <ns2:contractInfo>
                    <ns2:guid>f0e8ef5b-50b8-4d53-b0cf-d3b61c5b8772</ns2:guid>
                    <ns2:agencyName>ГАМУ СО "СП Г. ПЕРВОУРАЛЬСК"</ns2:agencyName>
                    <ns2:supplierName>ФЕДЕРАЛЬНОЕ ГОСУДАРСТВЕННОЕ УНИТАРНОЕ ПРЕДПРИЯТИЕ "ОХРАНА" МИНИСТЕРСТВА ВНУТРЕННИХ ДЕЛ РОССИЙСКОЙ ФЕДЕРАЦИИ</ns2:supplierName>
                    <ns2:lotInfo>услуги по техническому обслуживанию пожарной сигнализации и  системы оповещения и управления эвакуацией</ns2:lotInfo>
                    <ns2:contractDate>2017-01-19</ns2:contractDate>
                </ns2:contractInfo>
                <ns2:positions>
                    <ns2:position>
                        <ns2:ordinal>1</ns2:ordinal>
                        <ns2:paymentDate>2017-03-24</ns2:paymentDate>
                        <ns2:price>2000</ns2:price>
                        <ns2:currency>
                            <code>RUB</code>
                            <digitalCode>643</digitalCode>
                            <name>Российский рубль</name>
                        </ns2:currency>
                        <ns2:rubPrice>2000</ns2:rubPrice>
                        <ns2:prepaid>false</ns2:prepaid>
                        <ns2:docs>
                            <ns2:doc>
                                <ns2:ordinal>1</ns2:ordinal>
                                <ns2:date>2017-02-28</ns2:date>
                                <ns2:code>20</ns2:code>
                                <ns2:name>акт выполненных работ</ns2:name>
                                <ns2:contractPosition>
                                    <ns2:guid>b5785fc8-e253-408c-b38a-3662f4a73cb0</ns2:guid>
                                    <ns2:name>Услуги по обеспечению пожарной безопасности</ns2:name>
                                    <ns2:okpd2>
                                        <code>84.25.11.120</code>
                                        <name>Услуги по обеспечению пожарной безопасности</name>
                                    </ns2:okpd2>
                                </ns2:contractPosition>
                                <ns2:okei>
                                    <code>876</code>
                                    <name>Условная единица</name>
                                </ns2:okei>
                                <ns2:qty>1</ns2:qty>
                            </ns2:doc>
                        </ns2:docs>
                    </ns2:position>
                    <ns2:total>2000</ns2:total>
                </ns2:positions>
            </ns2:performanceContractData>
        </ns2:item>
    </ns2:body>
</ns2:performanceContract>
