<?xml version="1.0" encoding="UTF-8" standalone="yes"?>
<ns2:performanceContract xsi:schemaLocation="http://zakupki.gov.ru/223/integration/schema/TFF-5.2 http://zakupki.gov.ru/223/integration/schema/TFF-5.2/Types.xsd" xmlns="http://zakupki.gov.ru/223fz/types/1" xmlns:ns10="http://zakupki.gov.ru/223fz/complaint/1" xmlns:ns11="http://zakupki.gov.ru/223fz/notificationIssue/1" xmlns:ns12="http://zakupki.gov.ru/223fz/purchasePlanProject/1" xmlns:ns13="http://zakupki.gov.ru/223fz/purchase/1" xmlns:ns14="http://zakupki.gov.ru/223fz/purchasePlanProjectAdditionalPosition/1" xmlns:ns15="http://zakupki.gov.ru/223fz/missedNotice/1" xmlns:ns16="http://zakupki.gov.ru/223fz/reference/1" xmlns:ns17="http://zakupki.gov.ru/223fz/stopCommodity/1" xmlns:ns18="http://zakupki.gov.ru/223fz/decisionSuspension/1" xmlns:ns19="http://zakupki.gov.ru/223fz/webRequest/1" xmlns:ns2="http://zakupki.gov.ru/223fz/contract/1" xmlns:xsi="http://www.w3.org/2001/XMLSchema-instance" xmlns:ns3="http://zakupki.gov.ru/223fz/dishonestSupplier/1" xmlns:ns4="http://zakupki.gov.ru/223fz/purchasePlanAdditionalPosition/1" xmlns:ns5="http://zakupki.gov.ru/223fz/purchasePlan/1" xmlns:ns6="http://zakupki.gov.ru/223fz/machineryListInfo/1" xmlns:ns7="http://zakupki.gov.ru/223fz/revenue/1" xmlns:ns8="http://zakupki.gov.ru/223fz/orderClauseList/1" xmlns:ns9="http://zakupki.gov.ru/223fz/disagreementProtocol/1">
    <header>
        <guid>03f193c0-bee4-493b-884e-afeec4f52263</guid>
        <createDateTime>2017-03-29T11:25:19</createDateTime>
    </header>
    <ns2:body>
        <ns2:item>
            <guid>93d50c1a-409b-441d-bc1a-430abb52253d</guid>
            <ns2:performanceContractData>
                <ns2:guid>0c79dab9-25cf-441c-92ae-c0bc4ca97208</ns2:guid>
                <ns2:registrationNumber>56662001134170000460003</ns2:registrationNumber>
                <ns2:urlOOS>https://zakupki.gov.ru/223/contract/private/completing/info/view.html?id=2657313</ns2:urlOOS>
                <ns2:createDateTime>2017-02-15T07:19:26</ns2:createDateTime>
                <ns2:customer>
                    <mainInfo>
                        <fullName>ОТКРЫТОЕ АКЦИОНЕРНОЕ ОБЩЕСТВО "СВЕРДЛОВСКИЙ КОМБИНАТ ХЛЕБОПРОДУКТОВ"</fullName>
                        <shortName>ОАО "СКХП"</shortName>
                        <iko>56662001134666201001</iko>
                        <inn>6662001134</inn>
                        <kpp>668501001</kpp>
                        <ogrn>1026605392780</ogrn>
                        <legalAddress>620030, ОБЛ СВЕРДЛОВСКАЯ, Г ЕКАТЕРИНБУРГ, УЛ ХЛЕБНАЯ, дом 15</legalAddress>
                        <postalAddress>620030, Россия, Свердловская область, г.Екатеринбург, ул.Хлебная, д.15.</postalAddress>
                        <phone>7-343-2619212</phone>
                        <fax>7-343-2619212</fax>
                        <email>uralcorm@mail.ru</email>
                        <okato>65401000000</okato>
                        <okpo>1535757</okpo>
                    </mainInfo>
                </ns2:customer>
                <ns2:placer>
                    <mainInfo>
                        <fullName>ОТКРЫТОЕ АКЦИОНЕРНОЕ ОБЩЕСТВО "СВЕРДЛОВСКИЙ КОМБИНАТ ХЛЕБОПРОДУКТОВ"</fullName>
                        <shortName>ОАО "СКХП"</shortName>
                        <iko>56662001134666201001</iko>
                        <inn>6662001134</inn>
                        <kpp>668501001</kpp>
                        <ogrn>1026605392780</ogrn>
                        <legalAddress>620030, ОБЛ СВЕРДЛОВСКАЯ, Г ЕКАТЕРИНБУРГ, УЛ ХЛЕБНАЯ, дом 15</legalAddress>
                        <postalAddress>620030, Россия, Свердловская область, г.Екатеринбург, ул.Хлебная, д.15.</postalAddress>
                        <phone>7-343-2619212</phone>
                        <fax>7-343-2619212</fax>
                        <email>uralcorm@mail.ru</email>
                        <okato>65401000000</okato>
                        <okpo>1535757</okpo>
                    </mainInfo>
                </ns2:placer>
                <ns2:publicationDate>2017-03-29T11:25:19</ns2:publicationDate>
                <ns2:status>P</ns2:status>
                <ns2:version>1</ns2:version>
                <ns2:completed>true</ns2:completed>
                <ns2:attachments>
                    <totalDocumentsCount>12</totalDocumentsCount>
                    <document>
                        <guid>3237fd35-7121-4bf5-85b3-1ab7a72e6d2c</guid>
                        <createDateTime>2017-03-29T11:24:22</createDateTime>
                        <fileName>сч.ф. 42-23.02, тн-42-23.02, прием. акт, ттн.pdf</fileName>
                        <description>сч.ф. 42-23.02, тн-42-23.02, прием. акт, ттн</description>
                        <url>https://zakupki.gov.ru/223/contract/private/download/download.html?id=11688689</url>
                        <registrationNumber>56662001134170000460004</registrationNumber>
                    </document>
                    <document>
                        <guid>de86aac7-921e-4d57-9cd3-a54eb072f8c9</guid>
                        <createDateTime>2017-03-29T11:23:56</createDateTime>
                        <fileName>сч.ф. 35-17.02, тн-35-17.02, прием. акт, ттн.pdf</fileName>
                        <description>сч.ф. 35-17.02, тн-35-17.02, прием. акт, ттн</description>
                        <url>https://zakupki.gov.ru/223/contract/private/download/download.html?id=11688659</url>
                        <registrationNumber>56662001134170000460005</registrationNumber>
                    </document>
                    <document>
                        <guid>c4a4d024-c970-4e2d-b782-a8ad4ce0c8f4</guid>
                        <createDateTime>2017-03-29T11:24:49</createDateTime>
                        <fileName>1328-24.03,1370-27.03, 1251-21.03, 1277-22.03, 1309-23.03.pdf</fileName>
                        <description>1328-24.03,1370-27.03, 1251-21.03, 1277-22.03, 1309-23.03</description>
                        <url>https://zakupki.gov.ru/223/contract/private/download/download.html?id=11688724</url>
                        <registrationNumber>56662001134170000460006</registrationNumber>
                    </document>
                    <document>
                        <guid>dd09ec2f-8e2f-41a5-b87c-2fbfd1e9a58e</guid>
                        <createDateTime>2017-03-29T11:23:45</createDateTime>
                        <fileName>сч.ф. 28-14.02, тн-28.02, прием. акт, ттн.pdf</fileName>
                        <description>сч.ф. 28-14.02, тн-28.02, прием. акт, ттн</description>
                        <url>https://zakupki.gov.ru/223/contract/private/download/download.html?id=11688644</url>
                        <registrationNumber>56662001134170000460007</registrationNumber>
                    </document>
                    <document>
                        <guid>eefc77d8-469b-4f3d-be81-2ae42c076f3e</guid>
                        <createDateTime>2017-03-29T11:24:09</createDateTime>
                        <fileName>сч.ф. 39-20.02, тн-39-20.02, прием. акт, ттн.pdf</fileName>
                        <description>сч.ф. 39-20.02, тн-39-20.02, прием. акт, ттн</description>
                        <url>https://zakupki.gov.ru/223/contract/private/download/download.html?id=11688677</url>
                        <registrationNumber>56662001134170000460008</registrationNumber>
                    </document>
                    <document>
                        <guid>19bc2170-9f23-41db-806f-69487aba2280</guid>
                        <createDateTime>2017-03-29T11:24:36</createDateTime>
                        <fileName>сч.ф. 50-01.03, тн-50-01.03, прием. акт, ттн.pdf</fileName>
                        <description>сч.ф. 50-01.03, тн-50-01.03, прием. акт, ттн</description>
                        <url>https://zakupki.gov.ru/223/contract/private/download/download.html?id=11688710</url>
                        <registrationNumber>56662001134170000460009</registrationNumber>
                    </document>
                    <document>
                        <guid>7c5d1176-1ef0-4774-ade9-2a64014e0e49</guid>
                        <createDateTime>2017-03-29T11:23:10</createDateTime>
                        <fileName>сч.ф. 27-13.02, тн-27-13.02, прием. акт, ттн.pdf</fileName>
                        <description>сч.ф. 27-13.02, тн-27-13.02, прием. акт, ттн</description>
                        <url>https://zakupki.gov.ru/223/contract/private/download/download.html?id=11688600</url>
                        <registrationNumber>56662001134170000460010</registrationNumber>
                    </document>
                    <document>
                        <guid>129b4be5-2332-41b1-9669-f8310434685e</guid>
                        <createDateTime>2017-03-29T11:24:27</createDateTime>
                        <fileName>сч.ф. 44-24.02, 45-24.02, тн-44-24.02, 45-24.02, прием. акт, ттн.pdf</fileName>
                        <description>сч.ф. 44-24.02, 45-24.02, тн-44-24.02, 45-24.02, прием. акт, ттн</description>
                        <url>https://zakupki.gov.ru/223/contract/private/download/download.html?id=11688697</url>
                        <registrationNumber>56662001134170000460011</registrationNumber>
                    </document>
                    <document>
                        <guid>fbcc0ab0-716e-4c61-b10f-870a1c3b20ba</guid>
                        <createDateTime>2017-03-29T11:24:02</createDateTime>
                        <fileName>сч.ф. 37-19.02, тн-37-19.02, прием. акт, ттн.pdf</fileName>
                        <description>сч.ф. 37-19.02, тн-37-19.02, прием. акт, ттн</description>
                        <url>https://zakupki.gov.ru/223/contract/private/download/download.html?id=11688666</url>
                        <registrationNumber>56662001134170000460012</registrationNumber>
                    </document>
                    <document>
                        <guid>5336c601-6827-494c-b0c7-aad0675629b2</guid>
                        <createDateTime>2017-03-29T11:23:00</createDateTime>
                        <fileName>бух.справка .jpg</fileName>
                        <description>бух.справка </description>
                        <url>https://zakupki.gov.ru/223/contract/private/download/download.html?id=11688588</url>
                        <registrationNumber>56662001134170000460013</registrationNumber>
                    </document>
                    <document>
                        <guid>85b2b505-ea19-4028-bb92-90ee4f58517a</guid>
                        <createDateTime>2017-03-29T11:24:16</createDateTime>
                        <fileName>сч.ф. 41-22.02, тн-41-22.02, прием. акт, ттн.pdf</fileName>
                        <description>сч.ф. 41-22.02, тн-41-22.02, прием. акт, ттн</description>
                        <url>https://zakupki.gov.ru/223/contract/private/download/download.html?id=11688685</url>
                        <registrationNumber>56662001134170000460014</registrationNumber>
                    </document>
                    <document>
                        <guid>d7c6169f-20ac-46e8-b46b-fe2ad48834f3</guid>
                        <createDateTime>2017-03-29T11:23:49</createDateTime>
                        <fileName>сч.ф. 32-16.02, тн-32-16.02, прием. акт, ттн.pdf</fileName>
                        <description>сч.ф. 32-16.02, тн-32-16.02, прием. акт, ттн</description>
                        <url>https://zakupki.gov.ru/223/contract/private/download/download.html?id=11688654</url>
                        <registrationNumber>56662001134170000460015</registrationNumber>
                    </document>
                </ns2:attachments>
                <ns2:hasPenalty>false</ns2:hasPenalty>
                <ns2:contractRegNumber>56662001134170000460000</ns2:contractRegNumber>
                <ns2:contractInfo>
                    <ns2:guid>64cd5916-2272-42b3-9f03-6d14f3992530</ns2:guid>
                    <ns2:name>№ 035</ns2:name>
                    <ns2:agencyName>ОАО "СКХП"</ns2:agencyName>
                    <ns2:supplierName>Общество с ограниченной ответственностью "Агрогарант"</ns2:supplierName>
                    <ns2:lotInfo>Ячмень кормовой</ns2:lotInfo>
                    <ns2:contractDate>2017-02-13</ns2:contractDate>
                </ns2:contractInfo>
                <ns2:positions>
                    <ns2:position>
                        <ns2:ordinal>1</ns2:ordinal>
                        <ns2:paymentDate>2017-03-27</ns2:paymentDate>
                        <ns2:price>4399072</ns2:price>
                        <ns2:currency>
                            <code>RUB</code>
                            <digitalCode>643</digitalCode>
                            <name>Российский рубль</name>
                        </ns2:currency>
                        <ns2:rubPrice>4399072</ns2:rubPrice>
                        <ns2:prepaid>false</ns2:prepaid>
                        <ns2:docs>
                            <ns2:doc>
                                <ns2:ordinal>1</ns2:ordinal>
                                <ns2:code>37</ns2:code>
                                <ns2:name>прочие документы о приемке</ns2:name>
                                <ns2:number> сч.ф., тн : 27-13.02, 28-14.02, 32-16.02, 35-17.02, 37-19.02, 39-20.02, 41-22.02, 42-23.02, 44-24.02, 45-24.02, 50-01.03, платеж.поруч.-1251-21.03, 1277-22.03, 1309-23.03, 1328-24.03, 1370-27.03, бух.справка, прием.акты, ттн.</ns2:number>
                                <ns2:contractPosition>
                                    <ns2:guid>d13d9f3d-10ec-4a07-bc67-4e941eed01f2</ns2:guid>
                                    <ns2:name>Ячмень</ns2:name>
                                    <ns2:okpd2>
                                        <code>01.11.31</code>
                                        <name>Ячмень</name>
                                    </ns2:okpd2>
                                </ns2:contractPosition>
                                <ns2:okei>
                                    <code>168</code>
                                    <name>Тонна; Метрическая тонна (1000 кг)</name>
                                </ns2:okei>
                                <ns2:qty>511.52</ns2:qty>
                            </ns2:doc>
                        </ns2:docs>
                    </ns2:position>
                    <ns2:total>4399072</ns2:total>
                </ns2:positions>
            </ns2:performanceContractData>
        </ns2:item>
    </ns2:body>
</ns2:performanceContract>
