<?xml version="1.0" encoding="UTF-8" standalone="yes"?>
<ns2:performanceContract xsi:schemaLocation="http://zakupki.gov.ru/223/integration/schema/TFF-5.2 http://zakupki.gov.ru/223/integration/schema/TFF-5.2/Types.xsd" xmlns="http://zakupki.gov.ru/223fz/types/1" xmlns:ns10="http://zakupki.gov.ru/223fz/complaint/1" xmlns:ns11="http://zakupki.gov.ru/223fz/notificationIssue/1" xmlns:ns12="http://zakupki.gov.ru/223fz/purchasePlanProject/1" xmlns:ns13="http://zakupki.gov.ru/223fz/purchase/1" xmlns:ns14="http://zakupki.gov.ru/223fz/purchasePlanProjectAdditionalPosition/1" xmlns:ns15="http://zakupki.gov.ru/223fz/missedNotice/1" xmlns:ns16="http://zakupki.gov.ru/223fz/reference/1" xmlns:ns17="http://zakupki.gov.ru/223fz/stopCommodity/1" xmlns:ns18="http://zakupki.gov.ru/223fz/decisionSuspension/1" xmlns:ns19="http://zakupki.gov.ru/223fz/webRequest/1" xmlns:ns2="http://zakupki.gov.ru/223fz/contract/1" xmlns:xsi="http://www.w3.org/2001/XMLSchema-instance" xmlns:ns3="http://zakupki.gov.ru/223fz/dishonestSupplier/1" xmlns:ns4="http://zakupki.gov.ru/223fz/purchasePlanAdditionalPosition/1" xmlns:ns5="http://zakupki.gov.ru/223fz/purchasePlan/1" xmlns:ns6="http://zakupki.gov.ru/223fz/machineryListInfo/1" xmlns:ns7="http://zakupki.gov.ru/223fz/revenue/1" xmlns:ns8="http://zakupki.gov.ru/223fz/orderClauseList/1" xmlns:ns9="http://zakupki.gov.ru/223fz/disagreementProtocol/1">
    <header>
        <guid>b5d99154-d1d0-4caf-b154-a4482637461f</guid>
        <createDateTime>2017-03-29T13:58:00</createDateTime>
    </header>
    <ns2:body>
        <ns2:item>
            <guid>009f3344-7f20-43ad-8e05-8bd6c8d3cbf4</guid>
            <ns2:performanceContractData>
                <ns2:guid>166f5afc-e9b9-41c9-98d9-6d7a5687ea4e</ns2:guid>
                <ns2:registrationNumber>56662062730170000070003</ns2:registrationNumber>
                <ns2:urlOOS>https://zakupki.gov.ru/223/contract/private/completing/info/view.html?id=2659237</ns2:urlOOS>
                <ns2:createDateTime>2017-03-29T13:42:50</ns2:createDateTime>
                <ns2:customer>
                    <mainInfo>
                        <fullName>ГОСУДАРСТВЕННОЕ АВТОНОМНОЕ УЧРЕЖДЕНИЕ КУЛЬТУРЫ СВЕРДЛОВСКОЙ ОБЛАСТИ "СВЕРДЛОВСКАЯ ОБЛАСТНАЯ УНИВЕРСАЛЬНАЯ НАУЧНАЯ БИБЛИОТЕКА ИМ. В.Г. БЕЛИНСКОГО"</fullName>
                        <shortName>ГАУК СО "СОУНБ ИМ. В.Г. БЕЛИНСКОГО"</shortName>
                        <iko>56662062730667201001</iko>
                        <inn>6662062730</inn>
                        <kpp>668501001</kpp>
                        <ogrn>1036604386224</ogrn>
                        <legalAddress>620075, ОБЛ СВЕРДЛОВСКАЯ, Г ЕКАТЕРИНБУРГ, УЛ БЕЛИНСКОГО, дом ДОМ 15</legalAddress>
                        <postalAddress>620075, дом 15</postalAddress>
                        <phone>7-343-3715352</phone>
                        <fax>7-343-3715352</fax>
                        <email>urist@library.uraic.ru</email>
                        <okato>65401000000</okato>
                        <okpo>02187770</okpo>
                    </mainInfo>
                </ns2:customer>
                <ns2:placer>
                    <mainInfo>
                        <fullName>ГОСУДАРСТВЕННОЕ АВТОНОМНОЕ УЧРЕЖДЕНИЕ КУЛЬТУРЫ СВЕРДЛОВСКОЙ ОБЛАСТИ "СВЕРДЛОВСКАЯ ОБЛАСТНАЯ УНИВЕРСАЛЬНАЯ НАУЧНАЯ БИБЛИОТЕКА ИМ. В.Г. БЕЛИНСКОГО"</fullName>
                        <shortName>ГАУК СО "СОУНБ ИМ. В.Г. БЕЛИНСКОГО"</shortName>
                        <iko>56662062730667201001</iko>
                        <inn>6662062730</inn>
                        <kpp>668501001</kpp>
                        <ogrn>1036604386224</ogrn>
                        <legalAddress>620075, ОБЛ СВЕРДЛОВСКАЯ, Г ЕКАТЕРИНБУРГ, УЛ БЕЛИНСКОГО, дом ДОМ 15</legalAddress>
                        <postalAddress>620075, дом 15</postalAddress>
                        <phone>7-343-3715352</phone>
                        <fax>7-343-3715352</fax>
                        <email>urist@library.uraic.ru</email>
                        <okato>65401000000</okato>
                        <okpo>02187770</okpo>
                    </mainInfo>
                </ns2:placer>
                <ns2:publicationDate>2017-03-29T13:58:00</ns2:publicationDate>
                <ns2:status>P</ns2:status>
                <ns2:version>1</ns2:version>
                <ns2:completed>false</ns2:completed>
                <ns2:attachments/>
                <ns2:hasPenalty>false</ns2:hasPenalty>
                <ns2:contractRegNumber>56662062730170000070000</ns2:contractRegNumber>
                <ns2:contractInfo>
                    <ns2:guid>544d89ac-fdb4-4f96-9b24-04ee225af495</ns2:guid>
                    <ns2:name>3709</ns2:name>
                    <ns2:agencyName>ГАУК СО "СОУНБ ИМ. В.Г. БЕЛИНСКОГО"</ns2:agencyName>
                    <ns2:supplierName>АКЦИОНЕРНОЕ ОБЩЕСТВО "ЕКАТЕРИНБУРГЭНЕРГОСБЫТ"</ns2:supplierName>
                    <ns2:lotInfo>Услуга по электроэнергии</ns2:lotInfo>
                    <ns2:contractDate>2017-01-01</ns2:contractDate>
                </ns2:contractInfo>
                <ns2:positions>
                    <ns2:position>
                        <ns2:ordinal>5</ns2:ordinal>
                        <ns2:paymentDate>2017-02-17</ns2:paymentDate>
                        <ns2:price>41177.19</ns2:price>
                        <ns2:currency>
                            <code>RUB</code>
                            <digitalCode>643</digitalCode>
                            <name>Российский рубль</name>
                        </ns2:currency>
                        <ns2:rubPrice>41177.19</ns2:rubPrice>
                        <ns2:prepaid>true</ns2:prepaid>
                    </ns2:position>
                    <ns2:position>
                        <ns2:ordinal>7</ns2:ordinal>
                        <ns2:paymentDate>2017-03-21</ns2:paymentDate>
                        <ns2:price>75091.89</ns2:price>
                        <ns2:currency>
                            <code>RUB</code>
                            <digitalCode>643</digitalCode>
                            <name>Российский рубль</name>
                        </ns2:currency>
                        <ns2:rubPrice>75091.89</ns2:rubPrice>
                        <ns2:prepaid>true</ns2:prepaid>
                    </ns2:position>
                    <ns2:position>
                        <ns2:ordinal>6</ns2:ordinal>
                        <ns2:paymentDate>2017-03-06</ns2:paymentDate>
                        <ns2:price>70892.77</ns2:price>
                        <ns2:currency>
                            <code>RUB</code>
                            <digitalCode>643</digitalCode>
                            <name>Российский рубль</name>
                        </ns2:currency>
                        <ns2:rubPrice>70892.77</ns2:rubPrice>
                        <ns2:prepaid>true</ns2:prepaid>
                    </ns2:position>
                    <ns2:position>
                        <ns2:ordinal>3</ns2:ordinal>
                        <ns2:paymentDate>2017-01-31</ns2:paymentDate>
                        <ns2:price>102634.66</ns2:price>
                        <ns2:currency>
                            <code>RUB</code>
                            <digitalCode>643</digitalCode>
                            <name>Российский рубль</name>
                        </ns2:currency>
                        <ns2:rubPrice>102634.66</ns2:rubPrice>
                        <ns2:prepaid>true</ns2:prepaid>
                    </ns2:position>
                    <ns2:position>
                        <ns2:ordinal>1</ns2:ordinal>
                        <ns2:paymentDate>2017-01-26</ns2:paymentDate>
                        <ns2:price>58270.24</ns2:price>
                        <ns2:currency>
                            <code>RUB</code>
                            <digitalCode>643</digitalCode>
                            <name>Российский рубль</name>
                        </ns2:currency>
                        <ns2:rubPrice>58270.24</ns2:rubPrice>
                        <ns2:prepaid>true</ns2:prepaid>
                    </ns2:position>
                    <ns2:position>
                        <ns2:ordinal>2</ns2:ordinal>
                        <ns2:paymentDate>2017-01-26</ns2:paymentDate>
                        <ns2:price>136848.07</ns2:price>
                        <ns2:currency>
                            <code>RUB</code>
                            <digitalCode>643</digitalCode>
                            <name>Российский рубль</name>
                        </ns2:currency>
                        <ns2:rubPrice>136848.07</ns2:rubPrice>
                        <ns2:prepaid>true</ns2:prepaid>
                    </ns2:position>
                    <ns2:position>
                        <ns2:ordinal>4</ns2:ordinal>
                        <ns2:paymentDate>2017-02-17</ns2:paymentDate>
                        <ns2:price>94515.03</ns2:price>
                        <ns2:currency>
                            <code>RUB</code>
                            <digitalCode>643</digitalCode>
                            <name>Российский рубль</name>
                        </ns2:currency>
                        <ns2:rubPrice>94515.03</ns2:rubPrice>
                        <ns2:prepaid>true</ns2:prepaid>
                    </ns2:position>
                    <ns2:total>579429.85</ns2:total>
                </ns2:positions>
            </ns2:performanceContractData>
        </ns2:item>
    </ns2:body>
</ns2:performanceContract>
