<?xml version="1.0" encoding="UTF-8" standalone="yes"?>
<ns2:performanceContract xsi:schemaLocation="http://zakupki.gov.ru/223/integration/schema/TFF-5.2 http://zakupki.gov.ru/223/integration/schema/TFF-5.2/Types.xsd" xmlns="http://zakupki.gov.ru/223fz/types/1" xmlns:ns10="http://zakupki.gov.ru/223fz/complaint/1" xmlns:ns11="http://zakupki.gov.ru/223fz/notificationIssue/1" xmlns:ns12="http://zakupki.gov.ru/223fz/purchasePlanProject/1" xmlns:ns13="http://zakupki.gov.ru/223fz/purchase/1" xmlns:ns14="http://zakupki.gov.ru/223fz/purchasePlanProjectAdditionalPosition/1" xmlns:ns15="http://zakupki.gov.ru/223fz/missedNotice/1" xmlns:ns16="http://zakupki.gov.ru/223fz/reference/1" xmlns:ns17="http://zakupki.gov.ru/223fz/stopCommodity/1" xmlns:ns18="http://zakupki.gov.ru/223fz/decisionSuspension/1" xmlns:ns19="http://zakupki.gov.ru/223fz/webRequest/1" xmlns:ns2="http://zakupki.gov.ru/223fz/contract/1" xmlns:xsi="http://www.w3.org/2001/XMLSchema-instance" xmlns:ns3="http://zakupki.gov.ru/223fz/dishonestSupplier/1" xmlns:ns4="http://zakupki.gov.ru/223fz/purchasePlanAdditionalPosition/1" xmlns:ns5="http://zakupki.gov.ru/223fz/purchasePlan/1" xmlns:ns6="http://zakupki.gov.ru/223fz/machineryListInfo/1" xmlns:ns7="http://zakupki.gov.ru/223fz/revenue/1" xmlns:ns8="http://zakupki.gov.ru/223fz/orderClauseList/1" xmlns:ns9="http://zakupki.gov.ru/223fz/disagreementProtocol/1">
    <header>
        <guid>ad4e7069-c3b2-466a-b963-49225e9b1eb0</guid>
        <createDateTime>2017-03-29T12:11:44</createDateTime>
    </header>
    <ns2:body>
        <ns2:item>
            <guid>aa0322aa-8539-425b-be4d-67f213d87842</guid>
            <ns2:performanceContractData>
                <ns2:guid>159dfaec-06e7-4aff-8fe2-e57f5a24e969</ns2:guid>
                <ns2:registrationNumber>86671446235170000460003</ns2:registrationNumber>
                <ns2:urlOOS>https://zakupki.gov.ru/223/contract/private/completing/info/view.html?id=2657760</ns2:urlOOS>
                <ns2:createDateTime>2017-03-10T13:38:17</ns2:createDateTime>
                <ns2:customer>
                    <mainInfo>
                        <fullName>ГОСУДАРСТВЕННОЕ АВТОНОМНОЕ УЧРЕЖДЕНИЕ ЗДРАВООХРАНЕНИЯ СВЕРДЛОВСКОЙ ОБЛАСТИ "СВЕРДЛОВСКАЯ ОБЛАСТНАЯ СТОМАТОЛОГИЧЕСКАЯ ПОЛИКЛИНИКА"</fullName>
                        <shortName>ГАУЗ СО "СОСП"</shortName>
                        <iko>86671446235667101001</iko>
                        <inn>6671446235</inn>
                        <kpp>667101001</kpp>
                        <ogrn>1146671003621</ogrn>
                        <legalAddress>620142, ОБЛ СВЕРДЛОВСКАЯ, Г ЕКАТЕРИНБУРГ, УЛ ЩОРСА, дом ДОМ 34</legalAddress>
                        <postalAddress>620142, г. Екатеринбург, ул. Щорса, 34</postalAddress>
                        <phone>7-343-2662331</phone>
                        <email>zakupki@sosp.ru</email>
                        <okato>65401377000</okato>
                        <okpo>01944507</okpo>
                    </mainInfo>
                </ns2:customer>
                <ns2:placer>
                    <mainInfo>
                        <fullName>ГОСУДАРСТВЕННОЕ АВТОНОМНОЕ УЧРЕЖДЕНИЕ ЗДРАВООХРАНЕНИЯ СВЕРДЛОВСКОЙ ОБЛАСТИ "СВЕРДЛОВСКАЯ ОБЛАСТНАЯ СТОМАТОЛОГИЧЕСКАЯ ПОЛИКЛИНИКА"</fullName>
                        <shortName>ГАУЗ СО "СОСП"</shortName>
                        <iko>86671446235667101001</iko>
                        <inn>6671446235</inn>
                        <kpp>667101001</kpp>
                        <ogrn>1146671003621</ogrn>
                        <legalAddress>620142, ОБЛ СВЕРДЛОВСКАЯ, Г ЕКАТЕРИНБУРГ, УЛ ЩОРСА, дом ДОМ 34</legalAddress>
                        <postalAddress>620142, г. Екатеринбург, ул. Щорса, 34</postalAddress>
                        <phone>7-343-2662331</phone>
                        <email>zakupki@sosp.ru</email>
                        <okato>65401377000</okato>
                        <okpo>01944507</okpo>
                    </mainInfo>
                </ns2:placer>
                <ns2:publicationDate>2017-03-29T12:11:43</ns2:publicationDate>
                <ns2:status>P</ns2:status>
                <ns2:version>1</ns2:version>
                <ns2:completed>true</ns2:completed>
                <ns2:attachments>
                    <totalDocumentsCount>3</totalDocumentsCount>
                    <document>
                        <guid>9ba03484-9626-466c-8787-359238dc1128</guid>
                        <createDateTime>2017-03-29T12:09:21</createDateTime>
                        <fileName>к договору 2017-73 платежные поручения.xlsx</fileName>
                        <description>к договору 2017-73 платежные поручения</description>
                        <url>https://zakupki.gov.ru/223/contract/private/download/download.html?id=11691603</url>
                        <registrationNumber>86671446235170000460004</registrationNumber>
                    </document>
                    <document>
                        <guid>1c5397a5-8030-468b-990f-3d8ee8a1f237</guid>
                        <createDateTime>2017-03-29T12:09:06</createDateTime>
                        <fileName>к дог.2017-73 тов.накл.№899 от 13.03.2017.pdf</fileName>
                        <description>к дог.2017-73 тов.накл.№899 от 13.03.2017</description>
                        <url>https://zakupki.gov.ru/223/contract/private/download/download.html?id=11691578</url>
                        <registrationNumber>86671446235170000460005</registrationNumber>
                    </document>
                    <document>
                        <guid>9271e2fc-fa58-476a-8a0b-6f8c7035d972</guid>
                        <createDateTime>2017-03-29T12:09:13</createDateTime>
                        <fileName>к дог.2017-73 тов.накл.№1015 от 20.03.2017.pdf</fileName>
                        <description>к дог.2017-73 тов.накл.№1015 от 20.03.2017</description>
                        <url>https://zakupki.gov.ru/223/contract/private/download/download.html?id=11691598</url>
                        <registrationNumber>86671446235170000460006</registrationNumber>
                    </document>
                </ns2:attachments>
                <ns2:hasPenalty>false</ns2:hasPenalty>
                <ns2:contractRegNumber>86671446235170000460000</ns2:contractRegNumber>
                <ns2:contractInfo>
                    <ns2:guid>9df3765b-b1eb-48b3-8c17-fcf7edcd095b</ns2:guid>
                    <ns2:name>2017-73</ns2:name>
                    <ns2:agencyName>ГАУЗ СО "СОСП"</ns2:agencyName>
                    <ns2:supplierName>ОБЩЕСТВО С ОГРАНИЧЕННОЙ ОТВЕТСТВЕННОСТЬЮ ТОРГОВАЯ КОМПАНИЯ "КРИСТАЛЛ-УРАЛ"</ns2:supplierName>
                    <ns2:lotInfo>Поставка инструментов для лечения корневых каналов для лечебных отделений №1 и №2 и хирургического отделения</ns2:lotInfo>
                    <ns2:contractDate>2017-03-10</ns2:contractDate>
                </ns2:contractInfo>
                <ns2:positions>
                    <ns2:position>
                        <ns2:ordinal>1</ns2:ordinal>
                        <ns2:paymentDate>2017-03-16</ns2:paymentDate>
                        <ns2:price>149245</ns2:price>
                        <ns2:currency>
                            <code>RUB</code>
                            <digitalCode>643</digitalCode>
                            <name>Российский рубль</name>
                        </ns2:currency>
                        <ns2:rubPrice>149245</ns2:rubPrice>
                        <ns2:prepaid>false</ns2:prepaid>
                        <ns2:docs>
                            <ns2:doc>
                                <ns2:ordinal>1</ns2:ordinal>
                                <ns2:date>2017-03-13</ns2:date>
                                <ns2:code>01</ns2:code>
                                <ns2:name>товарная накладная</ns2:name>
                                <ns2:number>899</ns2:number>
                                <ns2:contractPosition>
                                    <ns2:guid>29e95a86-1c86-4af8-8b3b-26cc5edbe3da</ns2:guid>
                                    <ns2:name>Инструменты и приспособления стоматологические</ns2:name>
                                    <ns2:okpd2>
                                        <code>32.50.11.000</code>
                                        <name>Инструменты и приспособления стоматологические</name>
                                    </ns2:okpd2>
                                </ns2:contractPosition>
                                <ns2:okei>
                                    <code>778</code>
                                    <name>Упаковка</name>
                                </ns2:okei>
                                <ns2:qty>10</ns2:qty>
                            </ns2:doc>
                            <ns2:doc>
                                <ns2:ordinal>2</ns2:ordinal>
                                <ns2:date>2017-03-13</ns2:date>
                                <ns2:code>01</ns2:code>
                                <ns2:name>товарная накладная</ns2:name>
                                <ns2:number>899</ns2:number>
                                <ns2:contractPosition>
                                    <ns2:guid>276a3934-8f47-4f01-9873-229917484ae8</ns2:guid>
                                    <ns2:name>Инструменты и приспособления стоматологические</ns2:name>
                                    <ns2:okpd2>
                                        <code>32.50.11.000</code>
                                        <name>Инструменты и приспособления стоматологические</name>
                                    </ns2:okpd2>
                                </ns2:contractPosition>
                                <ns2:okei>
                                    <code>778</code>
                                    <name>Упаковка</name>
                                </ns2:okei>
                                <ns2:qty>96</ns2:qty>
                            </ns2:doc>
                            <ns2:doc>
                                <ns2:ordinal>3</ns2:ordinal>
                                <ns2:date>2017-03-13</ns2:date>
                                <ns2:code>01</ns2:code>
                                <ns2:name>товарная накладная</ns2:name>
                                <ns2:number>899</ns2:number>
                                <ns2:contractPosition>
                                    <ns2:guid>4e0359b1-5065-48af-87a4-a6664ac59020</ns2:guid>
                                    <ns2:name>Инструменты и приспособления стоматологические</ns2:name>
                                    <ns2:okpd2>
                                        <code>32.50.11.000</code>
                                        <name>Инструменты и приспособления стоматологические</name>
                                    </ns2:okpd2>
                                </ns2:contractPosition>
                                <ns2:okei>
                                    <code>778</code>
                                    <name>Упаковка</name>
                                </ns2:okei>
                                <ns2:qty>26</ns2:qty>
                            </ns2:doc>
                            <ns2:doc>
                                <ns2:ordinal>4</ns2:ordinal>
                                <ns2:date>2017-03-13</ns2:date>
                                <ns2:code>01</ns2:code>
                                <ns2:name>товарная накладная</ns2:name>
                                <ns2:number>899</ns2:number>
                                <ns2:contractPosition>
                                    <ns2:guid>00202c88-1234-4ab9-b87b-b645e7abd034</ns2:guid>
                                    <ns2:name>Инструменты и приспособления стоматологические</ns2:name>
                                    <ns2:okpd2>
                                        <code>32.50.11.000</code>
                                        <name>Инструменты и приспособления стоматологические</name>
                                    </ns2:okpd2>
                                </ns2:contractPosition>
                                <ns2:okei>
                                    <code>778</code>
                                    <name>Упаковка</name>
                                </ns2:okei>
                                <ns2:qty>20</ns2:qty>
                            </ns2:doc>
                            <ns2:doc>
                                <ns2:ordinal>5</ns2:ordinal>
                                <ns2:date>2017-03-13</ns2:date>
                                <ns2:code>01</ns2:code>
                                <ns2:name>товарная накладная</ns2:name>
                                <ns2:number>899</ns2:number>
                                <ns2:contractPosition>
                                    <ns2:guid>1193208d-2ac8-4361-aac1-f9167513020f</ns2:guid>
                                    <ns2:name>Инструменты и приспособления стоматологические</ns2:name>
                                    <ns2:okpd2>
                                        <code>32.50.11.000</code>
                                        <name>Инструменты и приспособления стоматологические</name>
                                    </ns2:okpd2>
                                </ns2:contractPosition>
                                <ns2:okei>
                                    <code>778</code>
                                    <name>Упаковка</name>
                                </ns2:okei>
                                <ns2:qty>10</ns2:qty>
                            </ns2:doc>
                            <ns2:doc>
                                <ns2:ordinal>6</ns2:ordinal>
                                <ns2:date>2017-03-13</ns2:date>
                                <ns2:code>01</ns2:code>
                                <ns2:name>товарная накладная</ns2:name>
                                <ns2:number>899</ns2:number>
                                <ns2:contractPosition>
                                    <ns2:guid>76f489c0-ffef-4446-88f5-39dd14dcf5c2</ns2:guid>
                                    <ns2:name>Инструменты и приспособления стоматологические</ns2:name>
                                    <ns2:okpd2>
                                        <code>32.50.11.000</code>
                                        <name>Инструменты и приспособления стоматологические</name>
                                    </ns2:okpd2>
                                </ns2:contractPosition>
                                <ns2:okei>
                                    <code>778</code>
                                    <name>Упаковка</name>
                                </ns2:okei>
                                <ns2:qty>45</ns2:qty>
                            </ns2:doc>
                            <ns2:doc>
                                <ns2:ordinal>7</ns2:ordinal>
                                <ns2:date>2017-03-13</ns2:date>
                                <ns2:code>01</ns2:code>
                                <ns2:name>товарная накладная</ns2:name>
                                <ns2:number>899</ns2:number>
                                <ns2:contractPosition>
                                    <ns2:guid>93e3b212-ffaa-4a87-b751-d504ee35935f</ns2:guid>
                                    <ns2:name>Инструменты и приспособления стоматологические</ns2:name>
                                    <ns2:okpd2>
                                        <code>32.50.11.000</code>
                                        <name>Инструменты и приспособления стоматологические</name>
                                    </ns2:okpd2>
                                </ns2:contractPosition>
                                <ns2:okei>
                                    <code>778</code>
                                    <name>Упаковка</name>
                                </ns2:okei>
                                <ns2:qty>240</ns2:qty>
                            </ns2:doc>
                            <ns2:doc>
                                <ns2:ordinal>8</ns2:ordinal>
                                <ns2:date>2017-03-13</ns2:date>
                                <ns2:code>01</ns2:code>
                                <ns2:name>товарная накладная</ns2:name>
                                <ns2:number>899</ns2:number>
                                <ns2:contractPosition>
                                    <ns2:guid>ee8f582d-1c96-4d55-95a4-c1b2fc78d02f</ns2:guid>
                                    <ns2:name>Инструменты и приспособления стоматологические</ns2:name>
                                    <ns2:okpd2>
                                        <code>32.50.11.000</code>
                                        <name>Инструменты и приспособления стоматологические</name>
                                    </ns2:okpd2>
                                </ns2:contractPosition>
                                <ns2:okei>
                                    <code>778</code>
                                    <name>Упаковка</name>
                                </ns2:okei>
                                <ns2:qty>9</ns2:qty>
                            </ns2:doc>
                            <ns2:doc>
                                <ns2:ordinal>9</ns2:ordinal>
                                <ns2:date>2017-03-13</ns2:date>
                                <ns2:code>01</ns2:code>
                                <ns2:name>товарная накладная</ns2:name>
                                <ns2:number>899</ns2:number>
                                <ns2:contractPosition>
                                    <ns2:guid>b0201b89-7970-481e-97f1-8a8777b870a7</ns2:guid>
                                    <ns2:name>Инструменты и приспособления стоматологические</ns2:name>
                                    <ns2:okpd2>
                                        <code>32.50.11.000</code>
                                        <name>Инструменты и приспособления стоматологические</name>
                                    </ns2:okpd2>
                                </ns2:contractPosition>
                                <ns2:okei>
                                    <code>778</code>
                                    <name>Упаковка</name>
                                </ns2:okei>
                                <ns2:qty>12</ns2:qty>
                            </ns2:doc>
                        </ns2:docs>
                    </ns2:position>
                    <ns2:position>
                        <ns2:ordinal>2</ns2:ordinal>
                        <ns2:paymentDate>2017-03-28</ns2:paymentDate>
                        <ns2:price>192505</ns2:price>
                        <ns2:currency>
                            <code>RUB</code>
                            <digitalCode>643</digitalCode>
                            <name>Российский рубль</name>
                        </ns2:currency>
                        <ns2:rubPrice>192505</ns2:rubPrice>
                        <ns2:prepaid>false</ns2:prepaid>
                        <ns2:docs>
                            <ns2:doc>
                                <ns2:ordinal>1</ns2:ordinal>
                                <ns2:date>2017-03-20</ns2:date>
                                <ns2:code>01</ns2:code>
                                <ns2:name>товарная накладная</ns2:name>
                                <ns2:number>1015</ns2:number>
                                <ns2:contractPosition>
                                    <ns2:guid>62d831f3-bd0d-4e1a-88bf-b693664153ec</ns2:guid>
                                    <ns2:name>Инструменты и приспособления стоматологические</ns2:name>
                                    <ns2:okpd2>
                                        <code>32.50.11.000</code>
                                        <name>Инструменты и приспособления стоматологические</name>
                                    </ns2:okpd2>
                                </ns2:contractPosition>
                                <ns2:okei>
                                    <code>778</code>
                                    <name>Упаковка</name>
                                </ns2:okei>
                                <ns2:qty>5</ns2:qty>
                            </ns2:doc>
                            <ns2:doc>
                                <ns2:ordinal>2</ns2:ordinal>
                                <ns2:date>2017-03-20</ns2:date>
                                <ns2:code>01</ns2:code>
                                <ns2:name>товарная накладная</ns2:name>
                                <ns2:number>1015</ns2:number>
                                <ns2:contractPosition>
                                    <ns2:guid>276a3934-8f47-4f01-9873-229917484ae8</ns2:guid>
                                    <ns2:name>Инструменты и приспособления стоматологические</ns2:name>
                                    <ns2:okpd2>
                                        <code>32.50.11.000</code>
                                        <name>Инструменты и приспособления стоматологические</name>
                                    </ns2:okpd2>
                                </ns2:contractPosition>
                                <ns2:okei>
                                    <code>778</code>
                                    <name>Упаковка</name>
                                </ns2:okei>
                                <ns2:qty>4</ns2:qty>
                            </ns2:doc>
                            <ns2:doc>
                                <ns2:ordinal>3</ns2:ordinal>
                                <ns2:date>2017-03-20</ns2:date>
                                <ns2:code>01</ns2:code>
                                <ns2:name>товарная накладная</ns2:name>
                                <ns2:number>1015</ns2:number>
                                <ns2:contractPosition>
                                    <ns2:guid>4e0359b1-5065-48af-87a4-a6664ac59020</ns2:guid>
                                    <ns2:name>Инструменты и приспособления стоматологические</ns2:name>
                                    <ns2:okpd2>
                                        <code>32.50.11.000</code>
                                        <name>Инструменты и приспособления стоматологические</name>
                                    </ns2:okpd2>
                                </ns2:contractPosition>
                                <ns2:okei>
                                    <code>778</code>
                                    <name>Упаковка</name>
                                </ns2:okei>
                                <ns2:qty>44</ns2:qty>
                            </ns2:doc>
                            <ns2:doc>
                                <ns2:ordinal>4</ns2:ordinal>
                                <ns2:date>2017-03-20</ns2:date>
                                <ns2:code>01</ns2:code>
                                <ns2:name>товарная накладная</ns2:name>
                                <ns2:number>1015</ns2:number>
                                <ns2:contractPosition>
                                    <ns2:guid>00202c88-1234-4ab9-b87b-b645e7abd034</ns2:guid>
                                    <ns2:name>Инструменты и приспособления стоматологические</ns2:name>
                                    <ns2:okpd2>
                                        <code>32.50.11.000</code>
                                        <name>Инструменты и приспособления стоматологические</name>
                                    </ns2:okpd2>
                                </ns2:contractPosition>
                                <ns2:okei>
                                    <code>778</code>
                                    <name>Упаковка</name>
                                </ns2:okei>
                                <ns2:qty>55</ns2:qty>
                            </ns2:doc>
                            <ns2:doc>
                                <ns2:ordinal>5</ns2:ordinal>
                                <ns2:date>2017-03-20</ns2:date>
                                <ns2:code>01</ns2:code>
                                <ns2:name>товарная накладная</ns2:name>
                                <ns2:number>1015</ns2:number>
                                <ns2:contractPosition>
                                    <ns2:guid>76f489c0-ffef-4446-88f5-39dd14dcf5c2</ns2:guid>
                                    <ns2:name>Инструменты и приспособления стоматологические</ns2:name>
                                    <ns2:okpd2>
                                        <code>32.50.11.000</code>
                                        <name>Инструменты и приспособления стоматологические</name>
                                    </ns2:okpd2>
                                </ns2:contractPosition>
                                <ns2:okei>
                                    <code>778</code>
                                    <name>Упаковка</name>
                                </ns2:okei>
                                <ns2:qty>5</ns2:qty>
                            </ns2:doc>
                            <ns2:doc>
                                <ns2:ordinal>6</ns2:ordinal>
                                <ns2:date>2017-03-20</ns2:date>
                                <ns2:code>01</ns2:code>
                                <ns2:name>товарная накладная</ns2:name>
                                <ns2:number>1015</ns2:number>
                                <ns2:contractPosition>
                                    <ns2:guid>ee8f582d-1c96-4d55-95a4-c1b2fc78d02f</ns2:guid>
                                    <ns2:name>Инструменты и приспособления стоматологические</ns2:name>
                                    <ns2:okpd2>
                                        <code>32.50.11.000</code>
                                        <name>Инструменты и приспособления стоматологические</name>
                                    </ns2:okpd2>
                                </ns2:contractPosition>
                                <ns2:okei>
                                    <code>778</code>
                                    <name>Упаковка</name>
                                </ns2:okei>
                                <ns2:qty>16</ns2:qty>
                            </ns2:doc>
                        </ns2:docs>
                    </ns2:position>
                    <ns2:total>341750</ns2:total>
                </ns2:positions>
            </ns2:performanceContractData>
        </ns2:item>
    </ns2:body>
</ns2:performanceContract>
