<?xml version="1.0" encoding="UTF-8" standalone="yes"?>
<ns2:performanceContract xsi:schemaLocation="http://zakupki.gov.ru/223/integration/schema/TFF-5.2 http://zakupki.gov.ru/223/integration/schema/TFF-5.2/Types.xsd" xmlns="http://zakupki.gov.ru/223fz/types/1" xmlns:ns10="http://zakupki.gov.ru/223fz/complaint/1" xmlns:ns11="http://zakupki.gov.ru/223fz/notificationIssue/1" xmlns:ns12="http://zakupki.gov.ru/223fz/purchasePlanProject/1" xmlns:ns13="http://zakupki.gov.ru/223fz/purchase/1" xmlns:ns14="http://zakupki.gov.ru/223fz/purchasePlanProjectAdditionalPosition/1" xmlns:ns15="http://zakupki.gov.ru/223fz/missedNotice/1" xmlns:ns16="http://zakupki.gov.ru/223fz/reference/1" xmlns:ns17="http://zakupki.gov.ru/223fz/stopCommodity/1" xmlns:ns18="http://zakupki.gov.ru/223fz/decisionSuspension/1" xmlns:ns19="http://zakupki.gov.ru/223fz/webRequest/1" xmlns:ns2="http://zakupki.gov.ru/223fz/contract/1" xmlns:xsi="http://www.w3.org/2001/XMLSchema-instance" xmlns:ns3="http://zakupki.gov.ru/223fz/dishonestSupplier/1" xmlns:ns4="http://zakupki.gov.ru/223fz/purchasePlanAdditionalPosition/1" xmlns:ns5="http://zakupki.gov.ru/223fz/purchasePlan/1" xmlns:ns6="http://zakupki.gov.ru/223fz/machineryListInfo/1" xmlns:ns7="http://zakupki.gov.ru/223fz/revenue/1" xmlns:ns8="http://zakupki.gov.ru/223fz/orderClauseList/1" xmlns:ns9="http://zakupki.gov.ru/223fz/disagreementProtocol/1">
    <header>
        <guid>e22af1d2-eb98-461c-b6d1-7c694a887a92</guid>
        <createDateTime>2017-03-29T13:06:08</createDateTime>
    </header>
    <ns2:body>
        <ns2:item>
            <guid>2df2912e-12be-4d83-b3d6-47fd571a499c</guid>
            <ns2:performanceContractData>
                <ns2:guid>90459b52-cf5a-4dbf-9338-038b7618595e</ns2:guid>
                <ns2:registrationNumber>56617008385170000020009</ns2:registrationNumber>
                <ns2:urlOOS>https://zakupki.gov.ru/223/contract/private/completing/info/view.html?id=2658486</ns2:urlOOS>
                <ns2:createDateTime>2017-02-14T22:00:09</ns2:createDateTime>
                <ns2:customer>
                    <mainInfo>
                        <fullName>МУНИЦИПАЛЬНОЕ АВТОНОМНОЕ ДОШКОЛЬНОЕ ОБРАЗОВАТЕЛЬНОЕ УЧРЕЖДЕНИЕ "ДЕТСКИЙ САД № 46 КОМБИНИРОВАННОГО ВИДА"</fullName>
                        <shortName>МА ДОУ № 46</shortName>
                        <iko>56617008385661701001</iko>
                        <inn>6617008385</inn>
                        <kpp>661701001</kpp>
                        <ogrn>1026601184323</ogrn>
                        <legalAddress>624440, ОБЛ СВЕРДЛОВСКАЯ, Г КРАСНОТУРЬИНСК, УЛ ЧАПАЕВА, дом 18</legalAddress>
                        <postalAddress>624440 Свердловская область, город Краснотурьинск, улица Чапаева, 18</postalAddress>
                        <phone>7-34384-69522</phone>
                        <fax>7-34384-63726</fax>
                        <email>kotova.metodist@gmail.com</email>
                        <okato>65456000000</okato>
                        <okpo>59954769</okpo>
                    </mainInfo>
                </ns2:customer>
                <ns2:placer>
                    <mainInfo>
                        <fullName>МУНИЦИПАЛЬНОЕ АВТОНОМНОЕ ДОШКОЛЬНОЕ ОБРАЗОВАТЕЛЬНОЕ УЧРЕЖДЕНИЕ "ДЕТСКИЙ САД № 46 КОМБИНИРОВАННОГО ВИДА"</fullName>
                        <shortName>МА ДОУ № 46</shortName>
                        <iko>56617008385661701001</iko>
                        <inn>6617008385</inn>
                        <kpp>661701001</kpp>
                        <ogrn>1026601184323</ogrn>
                        <legalAddress>624440, ОБЛ СВЕРДЛОВСКАЯ, Г КРАСНОТУРЬИНСК, УЛ ЧАПАЕВА, дом 18</legalAddress>
                        <postalAddress>624440 Свердловская область, город Краснотурьинск, улица Чапаева, 18</postalAddress>
                        <phone>7-34384-69522</phone>
                        <fax>7-34384-63726</fax>
                        <email>kotova.metodist@gmail.com</email>
                        <okato>65456000000</okato>
                        <okpo>59954769</okpo>
                    </mainInfo>
                </ns2:placer>
                <ns2:publicationDate>2017-03-29T13:06:08</ns2:publicationDate>
                <ns2:status>P</ns2:status>
                <ns2:version>2</ns2:version>
                <ns2:completed>false</ns2:completed>
                <ns2:modificationDescription>Добавлена информация об исполнении договора</ns2:modificationDescription>
                <ns2:attachments>
                    <totalDocumentsCount>4</totalDocumentsCount>
                    <document>
                        <guid>7845b18c-9a22-42b4-a3ed-9ca62639f290</guid>
                        <createDateTime>2017-03-29T13:05:13</createDateTime>
                        <fileName>плаежное поручение №152 от 28.03.17.PDF</fileName>
                        <description>плаежное поручение №152 от 28.03.17</description>
                        <url>https://zakupki.gov.ru/223/contract/private/download/download.html?id=11694625</url>
                        <registrationNumber>56617008385170000020010</registrationNumber>
                    </document>
                    <document>
                        <guid>827fdaea-9d66-417f-a43d-e810ef491c82</guid>
                        <createDateTime>2017-02-21T18:32:38</createDateTime>
                        <fileName>платежное поручение №77 от 20.02.17.rar</fileName>
                        <description>платежное поручение №77 от 20.02.17</description>
                        <url>https://zakupki.gov.ru/223/contract/private/download/download.html?id=11694236</url>
                        <registrationNumber>56617008385170000020011</registrationNumber>
                    </document>
                    <document>
                        <guid>82923477-b444-4928-b95a-b771c952ece2</guid>
                        <createDateTime>2017-03-29T13:04:50</createDateTime>
                        <fileName>Акт потребления тепловой энергии теплоносителя №320351169000862 от 28.02.17.PDF</fileName>
                        <description>Акт потребления тепловой энергии теплоносителя №320351169000862 от 28.02.17</description>
                        <url>https://zakupki.gov.ru/223/contract/private/download/download.html?id=11694604</url>
                        <registrationNumber>56617008385170000020012</registrationNumber>
                    </document>
                    <document>
                        <guid>9110f9a4-a9ca-43a9-9bce-92150ccaa93c</guid>
                        <createDateTime>2017-02-21T18:32:21</createDateTime>
                        <fileName>акт №320351169000153 от 31.01.2017г..rar</fileName>
                        <description>акт №320351169000153 от 31.01.2017г.</description>
                        <url>https://zakupki.gov.ru/223/contract/private/download/download.html?id=11694237</url>
                        <registrationNumber>56617008385170000020013</registrationNumber>
                    </document>
                </ns2:attachments>
                <ns2:hasPenalty>false</ns2:hasPenalty>
                <ns2:contractRegNumber>56617008385170000020000</ns2:contractRegNumber>
                <ns2:contractInfo>
                    <ns2:guid>0a9ff856-fbbb-4dad-b667-f6974a032179</ns2:guid>
                    <ns2:name>БАЗ-0338/17</ns2:name>
                    <ns2:agencyName>МА ДОУ № 46</ns2:agencyName>
                    <ns2:supplierName>АКЦИОНЕРНОЕ ОБЩЕСТВО "РАСЧЕТНЫЙ ЦЕНТР УРАЛА"</ns2:supplierName>
                    <ns2:lotInfo>продажа тепловой энергии и горячего водоснабжения</ns2:lotInfo>
                    <ns2:contractDate>2017-02-10</ns2:contractDate>
                </ns2:contractInfo>
                <ns2:positions>
                    <ns2:position>
                        <ns2:ordinal>1</ns2:ordinal>
                        <ns2:paymentDate>2017-02-20</ns2:paymentDate>
                        <ns2:price>160105.8</ns2:price>
                        <ns2:currency>
                            <code>RUB</code>
                            <digitalCode>643</digitalCode>
                            <name>Российский рубль</name>
                        </ns2:currency>
                        <ns2:rubPrice>160105.8</ns2:rubPrice>
                        <ns2:prepaid>false</ns2:prepaid>
                        <ns2:docs>
                            <ns2:doc>
                                <ns2:ordinal>1</ns2:ordinal>
                                <ns2:date>2017-01-31</ns2:date>
                                <ns2:code>37</ns2:code>
                                <ns2:name>прочие документы о приемке</ns2:name>
                                <ns2:number>320351169/000153</ns2:number>
                                <ns2:contractPosition>
                                    <ns2:guid>2f6cf9a5-a71a-4131-87d6-b775d1d10b9c</ns2:guid>
                                    <ns2:name>Энергия тепловая, отпущенная тепловыми электроцентралями (ТЭЦ)</ns2:name>
                                    <ns2:okpd2>
                                        <code>35.30.11.111</code>
                                        <name>Энергия тепловая, отпущенная тепловыми электроцентралями (ТЭЦ)</name>
                                    </ns2:okpd2>
                                </ns2:contractPosition>
                                <ns2:okei>
                                    <code>233</code>
                                    <name>Гигакалория</name>
                                </ns2:okei>
                                <ns2:qty>163.822</ns2:qty>
                            </ns2:doc>
                        </ns2:docs>
                    </ns2:position>
                    <ns2:position>
                        <ns2:ordinal>2</ns2:ordinal>
                        <ns2:paymentDate>2017-03-28</ns2:paymentDate>
                        <ns2:price>155085.36</ns2:price>
                        <ns2:currency>
                            <code>RUB</code>
                            <digitalCode>643</digitalCode>
                            <name>Российский рубль</name>
                        </ns2:currency>
                        <ns2:rubPrice>155085.36</ns2:rubPrice>
                        <ns2:prepaid>false</ns2:prepaid>
                        <ns2:docs>
                            <ns2:doc>
                                <ns2:ordinal>1</ns2:ordinal>
                                <ns2:code>37</ns2:code>
                                <ns2:name>прочие документы о приемке</ns2:name>
                                <ns2:number>320351169/000862</ns2:number>
                                <ns2:contractPosition>
                                    <ns2:guid>2f6cf9a5-a71a-4131-87d6-b775d1d10b9c</ns2:guid>
                                    <ns2:name>Энергия тепловая, отпущенная тепловыми электроцентралями (ТЭЦ)</ns2:name>
                                    <ns2:okpd2>
                                        <code>35.30.11.111</code>
                                        <name>Энергия тепловая, отпущенная тепловыми электроцентралями (ТЭЦ)</name>
                                    </ns2:okpd2>
                                </ns2:contractPosition>
                                <ns2:okei>
                                    <code>233</code>
                                    <name>Гигакалория</name>
                                </ns2:okei>
                                <ns2:qty>197.125</ns2:qty>
                            </ns2:doc>
                        </ns2:docs>
                    </ns2:position>
                    <ns2:total>315191.16</ns2:total>
                </ns2:positions>
            </ns2:performanceContractData>
        </ns2:item>
    </ns2:body>
</ns2:performanceContract>
