<?xml version="1.0" encoding="UTF-8" standalone="yes"?>
<ns2:performanceContract xsi:schemaLocation="http://zakupki.gov.ru/223/integration/schema/TFF-5.2 http://zakupki.gov.ru/223/integration/schema/TFF-5.2/Types.xsd" xmlns="http://zakupki.gov.ru/223fz/types/1" xmlns:ns10="http://zakupki.gov.ru/223fz/complaint/1" xmlns:ns11="http://zakupki.gov.ru/223fz/notificationIssue/1" xmlns:ns12="http://zakupki.gov.ru/223fz/purchasePlanProject/1" xmlns:ns13="http://zakupki.gov.ru/223fz/purchase/1" xmlns:ns14="http://zakupki.gov.ru/223fz/purchasePlanProjectAdditionalPosition/1" xmlns:ns15="http://zakupki.gov.ru/223fz/missedNotice/1" xmlns:ns16="http://zakupki.gov.ru/223fz/reference/1" xmlns:ns17="http://zakupki.gov.ru/223fz/stopCommodity/1" xmlns:ns18="http://zakupki.gov.ru/223fz/decisionSuspension/1" xmlns:ns19="http://zakupki.gov.ru/223fz/webRequest/1" xmlns:ns2="http://zakupki.gov.ru/223fz/contract/1" xmlns:xsi="http://www.w3.org/2001/XMLSchema-instance" xmlns:ns3="http://zakupki.gov.ru/223fz/dishonestSupplier/1" xmlns:ns4="http://zakupki.gov.ru/223fz/purchasePlanAdditionalPosition/1" xmlns:ns5="http://zakupki.gov.ru/223fz/purchasePlan/1" xmlns:ns6="http://zakupki.gov.ru/223fz/machineryListInfo/1" xmlns:ns7="http://zakupki.gov.ru/223fz/revenue/1" xmlns:ns8="http://zakupki.gov.ru/223fz/orderClauseList/1" xmlns:ns9="http://zakupki.gov.ru/223fz/disagreementProtocol/1">
    <header>
        <guid>902107ae-a6dd-4966-abd7-9c19126e5cd4</guid>
        <createDateTime>2017-03-29T13:57:19</createDateTime>
    </header>
    <ns2:body>
        <ns2:item>
            <guid>75d0a0fd-d992-409c-8f7c-d20019203fc7</guid>
            <ns2:performanceContractData>
                <ns2:guid>6b206366-18cc-4a73-be85-2d5e1d69041b</ns2:guid>
                <ns2:registrationNumber>56658440298160000140008</ns2:registrationNumber>
                <ns2:urlOOS>https://zakupki.gov.ru/223/contract/private/completing/info/view.html?id=2659272</ns2:urlOOS>
                <ns2:createDateTime>2016-12-27T15:38:20</ns2:createDateTime>
                <ns2:customer>
                    <mainInfo>
                        <fullName>МУНИЦИПАЛЬНОЕ АВТОНОМНОЕ ДОШКОЛЬНОЕ ОБРАЗОВАТЕЛЬНОЕ УЧРЕЖДЕНИЕ-ДЕТСКИЙ САД № 52</fullName>
                        <shortName>МАДОУ-ДЕТСКИЙ САД № 52</shortName>
                        <iko>56658440298665801001</iko>
                        <inn>6658440298</inn>
                        <kpp>665801001</kpp>
                        <ogrn>1136658026757</ogrn>
                        <legalAddress>620016ОБЛ СВЕРДЛОВСКАЯ, Г ЕКАТЕРИНБУРГ, УЛ КРАСНОЛЕСЬЯ, 153</legalAddress>
                        <postalAddress>620014 Свердловская обл. г. Екатеринбург ул. Хомякова, 5  корпус А</postalAddress>
                        <phone>8-343-3715222</phone>
                        <email>burdakovki@gmail.com</email>
                        <okato>65000000000</okato>
                        <okpo>53823339</okpo>
                    </mainInfo>
                </ns2:customer>
                <ns2:placer>
                    <mainInfo>
                        <fullName>МУНИЦИПАЛЬНОЕ АВТОНОМНОЕ ДОШКОЛЬНОЕ ОБРАЗОВАТЕЛЬНОЕ УЧРЕЖДЕНИЕ-ДЕТСКИЙ САД № 52</fullName>
                        <shortName>МАДОУ-ДЕТСКИЙ САД № 52</shortName>
                        <iko>56658440298665801001</iko>
                        <inn>6658440298</inn>
                        <kpp>665801001</kpp>
                        <ogrn>1136658026757</ogrn>
                        <legalAddress>620016ОБЛ СВЕРДЛОВСКАЯ, Г ЕКАТЕРИНБУРГ, УЛ КРАСНОЛЕСЬЯ, 153</legalAddress>
                        <postalAddress>620014 Свердловская обл. г. Екатеринбург ул. Хомякова, 5  корпус А</postalAddress>
                        <phone>8-343-3715222</phone>
                        <email>burdakovki@gmail.com</email>
                        <okato>65000000000</okato>
                        <okpo>53823339</okpo>
                    </mainInfo>
                </ns2:placer>
                <ns2:publicationDate>2017-03-29T13:57:19</ns2:publicationDate>
                <ns2:status>P</ns2:status>
                <ns2:version>1</ns2:version>
                <ns2:completed>false</ns2:completed>
                <ns2:attachments>
                    <totalDocumentsCount>2</totalDocumentsCount>
                    <document>
                        <guid>283b8c26-4f22-4820-97d7-bab1f261de0b</guid>
                        <createDateTime>2017-03-29T13:56:58</createDateTime>
                        <fileName>пп №188.03.pdf</fileName>
                        <description>пп №188.03</description>
                        <url>https://zakupki.gov.ru/223/contract/private/download/download.html?id=11697908</url>
                        <registrationNumber>56658440298160000140009</registrationNumber>
                    </document>
                    <document>
                        <guid>1fb4dce6-f34d-4fef-a592-2e813706d89d</guid>
                        <createDateTime>2017-03-29T13:57:04</createDateTime>
                        <fileName>реестр заявок на выплату средств.xlsx</fileName>
                        <description>реестр заявок на выплату средств</description>
                        <url>https://zakupki.gov.ru/223/contract/private/download/download.html?id=11697914</url>
                        <registrationNumber>56658440298160000140010</registrationNumber>
                    </document>
                </ns2:attachments>
                <ns2:hasPenalty>false</ns2:hasPenalty>
                <ns2:contractRegNumber>56658440298160000140000</ns2:contractRegNumber>
                <ns2:contractInfo>
                    <ns2:guid>56937e5c-a61d-486d-a982-6ddc239c2eaa</ns2:guid>
                    <ns2:name>ТСК-16-4114</ns2:name>
                    <ns2:agencyName>МАДОУ-ДЕТСКИЙ САД № 52</ns2:agencyName>
                    <ns2:supplierName>ЗАКРЫТОЕ АКЦИОНЕРНОЕ ОБЩЕСТВО "ТЕПЛОСЕТЕВАЯ КОМПАНИЯ"</ns2:supplierName>
                    <ns2:lotInfo>Теплоснабжение</ns2:lotInfo>
                    <ns2:contractDate>2016-12-26</ns2:contractDate>
                </ns2:contractInfo>
                <ns2:positions>
                    <ns2:position>
                        <ns2:ordinal>1</ns2:ordinal>
                        <ns2:paymentDate>2017-03-28</ns2:paymentDate>
                        <ns2:price>22072.77</ns2:price>
                        <ns2:currency>
                            <code>RUB</code>
                            <digitalCode>643</digitalCode>
                            <name>Российский рубль</name>
                        </ns2:currency>
                        <ns2:rubPrice>22072.77</ns2:rubPrice>
                        <ns2:prepaid>false</ns2:prepaid>
                        <ns2:docs>
                            <ns2:doc>
                                <ns2:ordinal>1</ns2:ordinal>
                                <ns2:date>2017-02-28</ns2:date>
                                <ns2:code>19</ns2:code>
                                <ns2:name>счет-фактура</ns2:name>
                                <ns2:number>346</ns2:number>
                                <ns2:contractPosition>
                                    <ns2:guid>ce0eb0d1-e548-4d4d-9d03-7fe8395775bd</ns2:guid>
                                    <ns2:name>Энергия тепловая, отпущенная тепловыми электроцентралями (ТЭЦ)</ns2:name>
                                    <ns2:okpd2>
                                        <code>35.30.11.111</code>
                                        <name>Энергия тепловая, отпущенная тепловыми электроцентралями (ТЭЦ)</name>
                                    </ns2:okpd2>
                                </ns2:contractPosition>
                                <ns2:okei>
                                    <code>876</code>
                                    <name>Условная единица</name>
                                </ns2:okei>
                                <ns2:qty>1</ns2:qty>
                            </ns2:doc>
                        </ns2:docs>
                    </ns2:position>
                    <ns2:total>22072.77</ns2:total>
                </ns2:positions>
            </ns2:performanceContractData>
        </ns2:item>
    </ns2:body>
</ns2:performanceContract>
