<?xml version="1.0" encoding="UTF-8" standalone="yes"?>
<ns2:performanceContract xsi:schemaLocation="http://zakupki.gov.ru/223/integration/schema/TFF-5.2 http://zakupki.gov.ru/223/integration/schema/TFF-5.2/Types.xsd" xmlns="http://zakupki.gov.ru/223fz/types/1" xmlns:ns10="http://zakupki.gov.ru/223fz/complaint/1" xmlns:ns11="http://zakupki.gov.ru/223fz/notificationIssue/1" xmlns:ns12="http://zakupki.gov.ru/223fz/purchasePlanProject/1" xmlns:ns13="http://zakupki.gov.ru/223fz/purchase/1" xmlns:ns14="http://zakupki.gov.ru/223fz/purchasePlanProjectAdditionalPosition/1" xmlns:ns15="http://zakupki.gov.ru/223fz/missedNotice/1" xmlns:ns16="http://zakupki.gov.ru/223fz/reference/1" xmlns:ns17="http://zakupki.gov.ru/223fz/stopCommodity/1" xmlns:ns18="http://zakupki.gov.ru/223fz/decisionSuspension/1" xmlns:ns19="http://zakupki.gov.ru/223fz/webRequest/1" xmlns:ns2="http://zakupki.gov.ru/223fz/contract/1" xmlns:xsi="http://www.w3.org/2001/XMLSchema-instance" xmlns:ns3="http://zakupki.gov.ru/223fz/dishonestSupplier/1" xmlns:ns4="http://zakupki.gov.ru/223fz/purchasePlanAdditionalPosition/1" xmlns:ns5="http://zakupki.gov.ru/223fz/purchasePlan/1" xmlns:ns6="http://zakupki.gov.ru/223fz/machineryListInfo/1" xmlns:ns7="http://zakupki.gov.ru/223fz/revenue/1" xmlns:ns8="http://zakupki.gov.ru/223fz/orderClauseList/1" xmlns:ns9="http://zakupki.gov.ru/223fz/disagreementProtocol/1">
    <header>
        <guid>d10f1b56-8d43-4a21-b626-c9d8594195d4</guid>
        <createDateTime>2017-03-29T13:31:59</createDateTime>
    </header>
    <ns2:body>
        <ns2:item>
            <guid>d0f96b46-5fa5-4340-bb8b-dc7d29e354b3</guid>
            <ns2:performanceContractData>
                <ns2:guid>a421f7e6-c274-4d5b-a71c-358a475ee52f</ns2:guid>
                <ns2:registrationNumber>86660008381170000020003</ns2:registrationNumber>
                <ns2:urlOOS>https://zakupki.gov.ru/223/contract/private/completing/info/view.html?id=2658824</ns2:urlOOS>
                <ns2:createDateTime>2017-03-22T12:22:17</ns2:createDateTime>
                <ns2:customer>
                    <mainInfo>
                        <fullName>ФЕДЕРАЛЬНОЕ ГОСУДАРСТВЕННОЕ БЮДЖЕТНОЕ УЧРЕЖДЕНИЕ НАУКИ ИНСТИТУТ ФИЗИКИ МЕТАЛЛОВ ИМЕНИ М.Н. МИХЕЕВА УРАЛЬСКОГО ОТДЕЛЕНИЯ РОССИЙСКОЙ АКАДЕМИИ НАУК</fullName>
                        <shortName>ИФМ УРО РАН</shortName>
                        <iko>86660008381667001001</iko>
                        <inn>6660008381</inn>
                        <kpp>667001001</kpp>
                        <ogrn>1026604945245</ogrn>
                        <legalAddress>620137, обл СВЕРДЛОВСКАЯ, г ЕКАТЕРИНБУРГ, ул СОФЬИ КОВАЛЕВСКОЙ, дом 18</legalAddress>
                        <postalAddress>620990, г. Екатеринбург, ул. Софьи Ковалевской, д. 18</postalAddress>
                        <phone>7-343-3783524</phone>
                        <email>physics@imp.uran.ru</email>
                        <okato>65401373000</okato>
                        <okpo>02699915</okpo>
                    </mainInfo>
                </ns2:customer>
                <ns2:placer>
                    <mainInfo>
                        <fullName>ФЕДЕРАЛЬНОЕ ГОСУДАРСТВЕННОЕ БЮДЖЕТНОЕ УЧРЕЖДЕНИЕ НАУКИ ИНСТИТУТ ФИЗИКИ МЕТАЛЛОВ ИМЕНИ М.Н. МИХЕЕВА УРАЛЬСКОГО ОТДЕЛЕНИЯ РОССИЙСКОЙ АКАДЕМИИ НАУК</fullName>
                        <shortName>ИФМ УРО РАН</shortName>
                        <iko>86660008381667001001</iko>
                        <inn>6660008381</inn>
                        <kpp>667001001</kpp>
                        <ogrn>1026604945245</ogrn>
                        <legalAddress>620137, обл СВЕРДЛОВСКАЯ, г ЕКАТЕРИНБУРГ, ул СОФЬИ КОВАЛЕВСКОЙ, дом 18</legalAddress>
                        <postalAddress>620990, г. Екатеринбург, ул. Софьи Ковалевской, д. 18</postalAddress>
                        <phone>7-343-3783524</phone>
                        <email>physics@imp.uran.ru</email>
                        <okato>65401373000</okato>
                        <okpo>02699915</okpo>
                    </mainInfo>
                </ns2:placer>
                <ns2:publicationDate>2017-03-29T13:31:58</ns2:publicationDate>
                <ns2:status>P</ns2:status>
                <ns2:version>1</ns2:version>
                <ns2:completed>true</ns2:completed>
                <ns2:attachments>
                    <totalDocumentsCount>2</totalDocumentsCount>
                    <document>
                        <guid>e72392df-0cf1-4894-a3ac-f9e871c565c2</guid>
                        <createDateTime>2017-03-29T13:31:06</createDateTime>
                        <fileName>Товарные накладные  №№ 17, 18.pdf</fileName>
                        <description>Товарные накладные  №№ 17, 18</description>
                        <url>https://zakupki.gov.ru/223/contract/private/download/download.html?id=11696317</url>
                        <registrationNumber>86660008381170000020004</registrationNumber>
                    </document>
                    <document>
                        <guid>d6883b51-87c8-4dd1-930f-59d2016cac35</guid>
                        <createDateTime>2017-03-29T13:30:52</createDateTime>
                        <fileName>Платежные поручения.pdf</fileName>
                        <description>Платежные поручения</description>
                        <url>https://zakupki.gov.ru/223/contract/private/download/download.html?id=11696302</url>
                        <registrationNumber>86660008381170000020005</registrationNumber>
                    </document>
                </ns2:attachments>
                <ns2:hasPenalty>false</ns2:hasPenalty>
                <ns2:contractRegNumber>86660008381170000020000</ns2:contractRegNumber>
                <ns2:contractInfo>
                    <ns2:guid>6446ac3c-c00b-4d98-a45d-3164c5f0a0e6</ns2:guid>
                    <ns2:name>26-вб/17</ns2:name>
                    <ns2:agencyName>ИФМ УРО РАН</ns2:agencyName>
                    <ns2:supplierName>Закрытое акционерное общество "МЕТА"</ns2:supplierName>
                    <ns2:lotInfo>Поставщик обязуется изготовить и передать в собственность Покупателю прибор  «СОРБИ-М» и комплектующие газовой магистрали</ns2:lotInfo>
                    <ns2:contractDate>2017-03-20</ns2:contractDate>
                </ns2:contractInfo>
                <ns2:positions>
                    <ns2:position>
                        <ns2:ordinal>4</ns2:ordinal>
                        <ns2:paymentDate>2017-03-28</ns2:paymentDate>
                        <ns2:price>8290.68</ns2:price>
                        <ns2:currency>
                            <code>RUB</code>
                            <digitalCode>643</digitalCode>
                            <name>Российский рубль</name>
                        </ns2:currency>
                        <ns2:rubPrice>8290.68</ns2:rubPrice>
                        <ns2:prepaid>false</ns2:prepaid>
                        <ns2:docs>
                            <ns2:doc>
                                <ns2:ordinal>1</ns2:ordinal>
                                <ns2:date>2017-03-22</ns2:date>
                                <ns2:code>01</ns2:code>
                                <ns2:name>товарная накладная</ns2:name>
                                <ns2:number>18</ns2:number>
                                <ns2:contractPosition>
                                    <ns2:guid>083ae797-102a-4189-944f-81bc9220e03e</ns2:guid>
                                    <ns2:name>Инструменты и приборы прочие</ns2:name>
                                    <ns2:okpd2>
                                        <code>26.51.12.190</code>
                                        <name>Инструменты и приборы прочие</name>
                                    </ns2:okpd2>
                                </ns2:contractPosition>
                                <ns2:okei>
                                    <code>839</code>
                                    <name>Комплект</name>
                                </ns2:okei>
                                <ns2:qty>1</ns2:qty>
                            </ns2:doc>
                        </ns2:docs>
                    </ns2:position>
                    <ns2:position>
                        <ns2:ordinal>2</ns2:ordinal>
                        <ns2:paymentDate>2017-03-20</ns2:paymentDate>
                        <ns2:price>525000</ns2:price>
                        <ns2:currency>
                            <code>RUB</code>
                            <digitalCode>643</digitalCode>
                            <name>Российский рубль</name>
                        </ns2:currency>
                        <ns2:rubPrice>525000</ns2:rubPrice>
                        <ns2:prepaid>true</ns2:prepaid>
                    </ns2:position>
                    <ns2:position>
                        <ns2:ordinal>3</ns2:ordinal>
                        <ns2:paymentDate>2017-03-28</ns2:paymentDate>
                        <ns2:price>525000</ns2:price>
                        <ns2:currency>
                            <code>RUB</code>
                            <digitalCode>643</digitalCode>
                            <name>Российский рубль</name>
                        </ns2:currency>
                        <ns2:rubPrice>525000</ns2:rubPrice>
                        <ns2:prepaid>false</ns2:prepaid>
                        <ns2:docs>
                            <ns2:doc>
                                <ns2:ordinal>1</ns2:ordinal>
                                <ns2:date>2017-03-22</ns2:date>
                                <ns2:code>01</ns2:code>
                                <ns2:name>товарная накладная</ns2:name>
                                <ns2:number>17</ns2:number>
                                <ns2:contractPosition>
                                    <ns2:guid>083ae797-102a-4189-944f-81bc9220e03e</ns2:guid>
                                    <ns2:name>Инструменты и приборы прочие</ns2:name>
                                    <ns2:okpd2>
                                        <code>26.51.12.190</code>
                                        <name>Инструменты и приборы прочие</name>
                                    </ns2:okpd2>
                                </ns2:contractPosition>
                                <ns2:okei>
                                    <code>839</code>
                                    <name>Комплект</name>
                                </ns2:okei>
                                <ns2:qty>1</ns2:qty>
                            </ns2:doc>
                        </ns2:docs>
                    </ns2:position>
                    <ns2:position>
                        <ns2:ordinal>1</ns2:ordinal>
                        <ns2:paymentDate>2017-03-20</ns2:paymentDate>
                        <ns2:price>8290.68</ns2:price>
                        <ns2:currency>
                            <code>RUB</code>
                            <digitalCode>643</digitalCode>
                            <name>Российский рубль</name>
                        </ns2:currency>
                        <ns2:rubPrice>8290.68</ns2:rubPrice>
                        <ns2:prepaid>true</ns2:prepaid>
                    </ns2:position>
                    <ns2:total>1066581.36</ns2:total>
                </ns2:positions>
            </ns2:performanceContractData>
        </ns2:item>
    </ns2:body>
</ns2:performanceContract>
