<?xml version="1.0" encoding="UTF-8" standalone="yes"?>
<ns2:performanceContract xsi:schemaLocation="http://zakupki.gov.ru/223/integration/schema/TFF-5.2 http://zakupki.gov.ru/223/integration/schema/TFF-5.2/Types.xsd" xmlns="http://zakupki.gov.ru/223fz/types/1" xmlns:ns10="http://zakupki.gov.ru/223fz/complaint/1" xmlns:ns11="http://zakupki.gov.ru/223fz/notificationIssue/1" xmlns:ns12="http://zakupki.gov.ru/223fz/purchasePlanProject/1" xmlns:ns13="http://zakupki.gov.ru/223fz/purchase/1" xmlns:ns14="http://zakupki.gov.ru/223fz/purchasePlanProjectAdditionalPosition/1" xmlns:ns15="http://zakupki.gov.ru/223fz/missedNotice/1" xmlns:ns16="http://zakupki.gov.ru/223fz/reference/1" xmlns:ns17="http://zakupki.gov.ru/223fz/stopCommodity/1" xmlns:ns18="http://zakupki.gov.ru/223fz/decisionSuspension/1" xmlns:ns19="http://zakupki.gov.ru/223fz/webRequest/1" xmlns:ns2="http://zakupki.gov.ru/223fz/contract/1" xmlns:xsi="http://www.w3.org/2001/XMLSchema-instance" xmlns:ns3="http://zakupki.gov.ru/223fz/dishonestSupplier/1" xmlns:ns4="http://zakupki.gov.ru/223fz/purchasePlanAdditionalPosition/1" xmlns:ns5="http://zakupki.gov.ru/223fz/purchasePlan/1" xmlns:ns6="http://zakupki.gov.ru/223fz/machineryListInfo/1" xmlns:ns7="http://zakupki.gov.ru/223fz/revenue/1" xmlns:ns8="http://zakupki.gov.ru/223fz/orderClauseList/1" xmlns:ns9="http://zakupki.gov.ru/223fz/disagreementProtocol/1">
    <header>
        <guid>40c3b2dc-fd36-47fc-a027-921480ed2a35</guid>
        <createDateTime>2017-03-29T12:35:56</createDateTime>
    </header>
    <ns2:body>
        <ns2:item>
            <guid>9751c03a-74fe-44c6-9aa9-68ee3c8ecf66</guid>
            <ns2:performanceContractData>
                <ns2:guid>e69d18b9-38af-44c5-99ec-fb9f908cc554</ns2:guid>
                <ns2:registrationNumber>56608002436170000140006</ns2:registrationNumber>
                <ns2:urlOOS>https://zakupki.gov.ru/223/contract/private/completing/info/view.html?id=2658218</ns2:urlOOS>
                <ns2:termination>false</ns2:termination>
                <ns2:createDateTime>2017-01-30T08:57:01</ns2:createDateTime>
                <ns2:customer>
                    <mainInfo>
                        <fullName>Екатеринбургское муниципальное унитарное предприятие "Екатеринбургский метрополитен"</fullName>
                        <shortName>"Метрополитен"</shortName>
                        <iko>56608002436665801001</iko>
                        <inn>6608002436</inn>
                        <kpp>665801001</kpp>
                        <ogrn>1026602326068</ogrn>
                        <legalAddress>620014, Свердловская, Екатеринбург, Володарского, дом 3</legalAddress>
                        <postalAddress>620014, г. Екатеринбург, ул. Володарского, д. 3</postalAddress>
                        <phone>7-343-3580000</phone>
                        <fax>7-234-3580321</fax>
                        <email>n@metro-ektb.ru</email>
                        <okato>65401000000</okato>
                        <okpo>04867888</okpo>
                    </mainInfo>
                </ns2:customer>
                <ns2:placer>
                    <mainInfo>
                        <fullName>Екатеринбургское муниципальное унитарное предприятие "Екатеринбургский метрополитен"</fullName>
                        <shortName>"Метрополитен"</shortName>
                        <iko>56608002436665801001</iko>
                        <inn>6608002436</inn>
                        <kpp>665801001</kpp>
                        <ogrn>1026602326068</ogrn>
                        <legalAddress>620014, Свердловская, Екатеринбург, Володарского, дом 3</legalAddress>
                        <postalAddress>620014, г. Екатеринбург, ул. Володарского, д. 3</postalAddress>
                        <phone>7-343-3580000</phone>
                        <fax>7-234-3580321</fax>
                        <email>n@metro-ektb.ru</email>
                        <okato>65401000000</okato>
                        <okpo>04867888</okpo>
                    </mainInfo>
                </ns2:placer>
                <ns2:publicationDate>2017-03-29T12:35:56</ns2:publicationDate>
                <ns2:status>P</ns2:status>
                <ns2:version>1</ns2:version>
                <ns2:completed>false</ns2:completed>
                <ns2:attachments>
                    <totalDocumentsCount>3</totalDocumentsCount>
                    <document>
                        <guid>8e247213-e6ac-4ba8-ae44-778ca023e5f1</guid>
                        <createDateTime>2017-03-29T12:35:09</createDateTime>
                        <fileName>Счет № 121 от 09.02.2017.pdf</fileName>
                        <description>Счет № 121 от 09.02.2017</description>
                        <url>https://zakupki.gov.ru/223/contract/private/download/download.html?id=11693153</url>
                        <registrationNumber>56608002436170000140007</registrationNumber>
                    </document>
                    <document>
                        <guid>cd022010-a6ad-420c-b4ae-f4495b300e81</guid>
                        <createDateTime>2017-03-29T12:35:13</createDateTime>
                        <fileName>Счет № 133 от 27.03.2017.pdf</fileName>
                        <description>Счет № 133 от 27.03.2017</description>
                        <url>https://zakupki.gov.ru/223/contract/private/download/download.html?id=11693155</url>
                        <registrationNumber>56608002436170000140008</registrationNumber>
                    </document>
                    <document>
                        <guid>091600bb-3b72-4153-b071-0e320e0f4bda</guid>
                        <createDateTime>2017-03-29T12:35:20</createDateTime>
                        <fileName>Платежное поручение № 1265 от 28.03.2017.pdf</fileName>
                        <description>Платежное поручение № 1265 от 28.03.2017</description>
                        <url>https://zakupki.gov.ru/223/contract/private/download/download.html?id=11693159</url>
                        <registrationNumber>56608002436170000140009</registrationNumber>
                    </document>
                </ns2:attachments>
                <ns2:hasPenalty>false</ns2:hasPenalty>
                <ns2:contractRegNumber>56608002436170000140000</ns2:contractRegNumber>
                <ns2:contractInfo>
                    <ns2:guid>ad789815-9c4a-472d-ac7f-6ae462c73f45</ns2:guid>
                    <ns2:name>6Т-2017</ns2:name>
                    <ns2:agencyName>"Метрополитен"</ns2:agencyName>
                    <ns2:supplierName>Общество с ограниченной ответственностью "ДеИнтегрис"</ns2:supplierName>
                    <ns2:lotInfo>Поставка электромагнитных реле, запасных частей к реле и электромагнитному контактору вагонов метро моделей 81-717(714).5 и 81-717(714).5.М</ns2:lotInfo>
                    <ns2:contractDate>2017-01-30</ns2:contractDate>
                </ns2:contractInfo>
                <ns2:positions>
                    <ns2:position>
                        <ns2:ordinal>1</ns2:ordinal>
                        <ns2:paymentDate>2017-03-28</ns2:paymentDate>
                        <ns2:price>120480</ns2:price>
                        <ns2:currency>
                            <code>RUB</code>
                            <digitalCode>643</digitalCode>
                            <name>Российский рубль</name>
                        </ns2:currency>
                        <ns2:rubPrice>120480</ns2:rubPrice>
                        <ns2:prepaid>false</ns2:prepaid>
                        <ns2:docs>
                            <ns2:doc>
                                <ns2:ordinal>1</ns2:ordinal>
                                <ns2:date>2017-02-09</ns2:date>
                                <ns2:code>18</ns2:code>
                                <ns2:name>счет на оплату</ns2:name>
                                <ns2:number>121</ns2:number>
                                <ns2:contractPosition>
                                    <ns2:guid>005085a0-7463-40b4-9b8d-9f9fc7dd830b</ns2:guid>
                                    <ns2:name>Электромагнитные реле, запасных частей к реле и электромагнитному контактору вагонов метро моделей 81-717(714).5 и 81-717(714).5.М</ns2:name>
                                    <ns2:okpd2>
                                        <code>27.12.24.160</code>
                                        <name>Реле электромагнитные</name>
                                    </ns2:okpd2>
                                </ns2:contractPosition>
                                <ns2:okei>
                                    <code>796</code>
                                    <name>Штука</name>
                                </ns2:okei>
                                <ns2:qty>0</ns2:qty>
                            </ns2:doc>
                            <ns2:doc>
                                <ns2:ordinal>2</ns2:ordinal>
                                <ns2:date>2017-03-27</ns2:date>
                                <ns2:code>18</ns2:code>
                                <ns2:name>счет на оплату</ns2:name>
                                <ns2:number>133</ns2:number>
                                <ns2:contractPosition>
                                    <ns2:guid>005085a0-7463-40b4-9b8d-9f9fc7dd830b</ns2:guid>
                                    <ns2:name>Электромагнитные реле, запасных частей к реле и электромагнитному контактору вагонов метро моделей 81-717(714).5 и 81-717(714).5.М</ns2:name>
                                    <ns2:okpd2>
                                        <code>27.12.24.160</code>
                                        <name>Реле электромагнитные</name>
                                    </ns2:okpd2>
                                </ns2:contractPosition>
                                <ns2:okei>
                                    <code>796</code>
                                    <name>Штука</name>
                                </ns2:okei>
                                <ns2:qty>0</ns2:qty>
                            </ns2:doc>
                        </ns2:docs>
                    </ns2:position>
                    <ns2:total>120480</ns2:total>
                </ns2:positions>
            </ns2:performanceContractData>
        </ns2:item>
    </ns2:body>
</ns2:performanceContract>
