<?xml version="1.0" encoding="UTF-8" standalone="yes"?>
<ns2:performanceContract xsi:schemaLocation="http://zakupki.gov.ru/223/integration/schema/TFF-5.2 http://zakupki.gov.ru/223/integration/schema/TFF-5.2/Types.xsd" xmlns="http://zakupki.gov.ru/223fz/types/1" xmlns:ns10="http://zakupki.gov.ru/223fz/complaint/1" xmlns:ns11="http://zakupki.gov.ru/223fz/notificationIssue/1" xmlns:ns12="http://zakupki.gov.ru/223fz/purchasePlanProject/1" xmlns:ns13="http://zakupki.gov.ru/223fz/purchase/1" xmlns:ns14="http://zakupki.gov.ru/223fz/purchasePlanProjectAdditionalPosition/1" xmlns:ns15="http://zakupki.gov.ru/223fz/missedNotice/1" xmlns:ns16="http://zakupki.gov.ru/223fz/reference/1" xmlns:ns17="http://zakupki.gov.ru/223fz/stopCommodity/1" xmlns:ns18="http://zakupki.gov.ru/223fz/decisionSuspension/1" xmlns:ns19="http://zakupki.gov.ru/223fz/webRequest/1" xmlns:ns2="http://zakupki.gov.ru/223fz/contract/1" xmlns:xsi="http://www.w3.org/2001/XMLSchema-instance" xmlns:ns3="http://zakupki.gov.ru/223fz/dishonestSupplier/1" xmlns:ns4="http://zakupki.gov.ru/223fz/purchasePlanAdditionalPosition/1" xmlns:ns5="http://zakupki.gov.ru/223fz/purchasePlan/1" xmlns:ns6="http://zakupki.gov.ru/223fz/machineryListInfo/1" xmlns:ns7="http://zakupki.gov.ru/223fz/revenue/1" xmlns:ns8="http://zakupki.gov.ru/223fz/orderClauseList/1" xmlns:ns9="http://zakupki.gov.ru/223fz/disagreementProtocol/1">
    <header>
        <guid>f941dd83-a01c-4e12-9506-9a5e7c2a193a</guid>
        <createDateTime>2017-03-29T13:32:12</createDateTime>
    </header>
    <ns2:body>
        <ns2:item>
            <guid>7bffe42b-a080-4768-bca8-72d2dffe7253</guid>
            <ns2:performanceContractData>
                <ns2:guid>31db6c0c-a605-4e10-aa25-e3f3e29eb5da</ns2:guid>
                <ns2:registrationNumber>56658027450170001920007</ns2:registrationNumber>
                <ns2:urlOOS>https://zakupki.gov.ru/223/contract/private/completing/info/view.html?id=2658911</ns2:urlOOS>
                <ns2:createDateTime>2017-03-01T14:15:32</ns2:createDateTime>
                <ns2:customer>
                    <mainInfo>
                        <fullName>МУНИЦИПАЛЬНОЕ АВТОНОМНОЕ УЧРЕЖДЕНИЕ ЗДРАВООХРАНЕНИЯ "ГОРОДСКАЯ КЛИНИЧЕСКАЯ БОЛЬНИЦА № 40"</fullName>
                        <shortName>МАУ "ГКБ № 40"</shortName>
                        <iko>56658027450665801001</iko>
                        <inn>6658027450</inn>
                        <kpp>665801001</kpp>
                        <ogrn>1026602347914</ogrn>
                        <legalAddress>620102, ОБЛ СВЕРДЛОВСКАЯ, Г ЕКАТЕРИНБУРГ, УЛ ВОЛГОГРАДСКАЯ, дом 189</legalAddress>
                        <postalAddress>620102, г. Екатеринбург, ул. Волгоградская, 189</postalAddress>
                        <phone>7-343-2979814</phone>
                        <fax>7-343-2669721</fax>
                        <email>korteva@gkb40.ur.ru</email>
                        <okato>65401364000</okato>
                        <okpo>01944370</okpo>
                    </mainInfo>
                </ns2:customer>
                <ns2:placer>
                    <mainInfo>
                        <fullName>МУНИЦИПАЛЬНОЕ АВТОНОМНОЕ УЧРЕЖДЕНИЕ ЗДРАВООХРАНЕНИЯ "ГОРОДСКАЯ КЛИНИЧЕСКАЯ БОЛЬНИЦА № 40"</fullName>
                        <shortName>МАУ "ГКБ № 40"</shortName>
                        <iko>56658027450665801001</iko>
                        <inn>6658027450</inn>
                        <kpp>665801001</kpp>
                        <ogrn>1026602347914</ogrn>
                        <legalAddress>620102, ОБЛ СВЕРДЛОВСКАЯ, Г ЕКАТЕРИНБУРГ, УЛ ВОЛГОГРАДСКАЯ, дом 189</legalAddress>
                        <postalAddress>620102, г. Екатеринбург, ул. Волгоградская, 189</postalAddress>
                        <phone>7-343-2979814</phone>
                        <fax>7-343-2669721</fax>
                        <email>korteva@gkb40.ur.ru</email>
                        <okato>65401364000</okato>
                        <okpo>01944370</okpo>
                    </mainInfo>
                </ns2:placer>
                <ns2:publicationDate>2017-03-29T13:32:12</ns2:publicationDate>
                <ns2:status>P</ns2:status>
                <ns2:version>1</ns2:version>
                <ns2:completed>true</ns2:completed>
                <ns2:attachments>
                    <totalDocumentsCount>1</totalDocumentsCount>
                    <document>
                        <guid>9612a357-8e90-4c76-bd67-6c2d2a261933</guid>
                        <createDateTime>2017-03-29T13:31:58</createDateTime>
                        <fileName>184419 от 27.03.2017.pdf</fileName>
                        <description>184419 от 27.03.2017</description>
                        <url>https://zakupki.gov.ru/223/contract/private/download/download.html?id=11696354</url>
                        <registrationNumber>56658027450170001920008</registrationNumber>
                    </document>
                </ns2:attachments>
                <ns2:hasPenalty>false</ns2:hasPenalty>
                <ns2:contractRegNumber>56658027450170001920000</ns2:contractRegNumber>
                <ns2:contractInfo>
                    <ns2:guid>943dd825-0f12-490c-8135-cc0dd321d226</ns2:guid>
                    <ns2:name>133</ns2:name>
                    <ns2:agencyName>МАУ "ГКБ № 40"</ns2:agencyName>
                    <ns2:supplierName>ОБЩЕСТВО С ОГРАНИЧЕННОЙ ОТВЕТСТВЕННОСТЬЮ "СТРОИТЕЛЬНАЯ КОМПАНИЯ "АЛЬЯНССТРОЙ"</ns2:supplierName>
                    <ns2:lotInfo>Изготовление и установка противопожарных дверей в помещениях МАУ </ns2:lotInfo>
                    <ns2:contractDate>2017-02-13</ns2:contractDate>
                </ns2:contractInfo>
                <ns2:positions>
                    <ns2:position>
                        <ns2:ordinal>1</ns2:ordinal>
                        <ns2:paymentDate>2017-03-27</ns2:paymentDate>
                        <ns2:price>533</ns2:price>
                        <ns2:currency>
                            <code>RUB</code>
                            <digitalCode>643</digitalCode>
                            <name>Российский рубль</name>
                        </ns2:currency>
                        <ns2:rubPrice>533</ns2:rubPrice>
                        <ns2:prepaid>false</ns2:prepaid>
                        <ns2:docs>
                            <ns2:doc>
                                <ns2:ordinal>1</ns2:ordinal>
                                <ns2:date>2017-03-17</ns2:date>
                                <ns2:code>19</ns2:code>
                                <ns2:name>счет-фактура</ns2:name>
                                <ns2:number>6</ns2:number>
                                <ns2:contractPosition>
                                    <ns2:guid>efa13ff9-2e07-425b-a7f2-01ee194fa98e</ns2:guid>
                                    <ns2:name>Изготовление и установка противопожарных дверей</ns2:name>
                                    <ns2:okpd2>
                                        <code>43.29.11.140</code>
                                        <name>Работы по противопожарной защите</name>
                                    </ns2:okpd2>
                                </ns2:contractPosition>
                                <ns2:okei>
                                    <code>839</code>
                                    <name>Комплект</name>
                                </ns2:okei>
                                <ns2:qty>1</ns2:qty>
                            </ns2:doc>
                        </ns2:docs>
                    </ns2:position>
                    <ns2:total>533</ns2:total>
                </ns2:positions>
            </ns2:performanceContractData>
        </ns2:item>
    </ns2:body>
</ns2:performanceContract>
