<?xml version="1.0" encoding="UTF-8" standalone="yes"?>
<ns2:purchaseNotice xsi:schemaLocation="http://zakupki.gov.ru/223/integration/schema/TFF-5.2 http://zakupki.gov.ru/223/integration/schema/TFF-5.2/purchase.xsd" xmlns="http://zakupki.gov.ru/223fz/types/1" xmlns:ns10="http://zakupki.gov.ru/223fz/purchasePlan/1" xmlns:ns11="http://zakupki.gov.ru/223fz/purchasePlanProject/1" xmlns:ns12="http://zakupki.gov.ru/223fz/purchasePlanProjectAdditionalPosition/1" xmlns:ns13="http://zakupki.gov.ru/223fz/contract/1" xmlns:ns14="http://zakupki.gov.ru/223fz/missedNotice/1" xmlns:ns15="http://zakupki.gov.ru/223fz/reference/1" xmlns:ns16="http://zakupki.gov.ru/223fz/stopCommodity/1" xmlns:ns17="http://zakupki.gov.ru/223fz/decisionSuspension/1" xmlns:ns18="http://zakupki.gov.ru/223fz/purchasePlanAdditionalPosition/1" xmlns:ns19="http://zakupki.gov.ru/223fz/webRequest/1" xmlns:ns2="http://zakupki.gov.ru/223fz/purchase/1" xmlns:xsi="http://www.w3.org/2001/XMLSchema-instance" xmlns:ns3="http://zakupki.gov.ru/223fz/dishonestSupplier/1" xmlns:ns4="http://zakupki.gov.ru/223fz/machineryListInfo/1" xmlns:ns5="http://zakupki.gov.ru/223fz/revenue/1" xmlns:ns6="http://zakupki.gov.ru/223fz/orderClauseList/1" xmlns:ns7="http://zakupki.gov.ru/223fz/disagreementProtocol/1" xmlns:ns8="http://zakupki.gov.ru/223fz/complaint/1" xmlns:ns9="http://zakupki.gov.ru/223fz/notificationIssue/1">
    <header>
        <guid>d278631f-3c4d-4043-aedf-a4431d4f6b52</guid>
        <createDateTime>2017-03-16T20:46:15</createDateTime>
    </header>
    <ns2:body>
        <ns2:item>
            <guid>bcf46738-c661-4f77-b0af-9238aa346cd9</guid>
            <ns2:purchaseNoticeData>
                <ns2:guid>bcf46738-c661-4f77-b0af-9238aa346cd9</ns2:guid>
                <ns2:createDateTime>2017-03-16T20:42:03</ns2:createDateTime>
                <ns2:urlOOS>https://zakupki.gov.ru/223/purchase/private/purchase/notice-info/details.html?noticeInfoId=5888480</ns2:urlOOS>
                <ns2:registrationNumber>31704900096</ns2:registrationNumber>
                <ns2:name>Открытый запрос цен на предоставление доступа к информационному ресурсу СПАРК (или эквивалент)</ns2:name>
                <ns2:customer>
                    <mainInfo>
                        <fullName>АКЦИОНЕРНОЕ ОБЩЕСТВО "ФЕДЕРАЛЬНАЯ КОРПОРАЦИЯ ПО РАЗВИТИЮ МАЛОГО И СРЕДНЕГО ПРЕДПРИНИМАТЕЛЬСТВА"</fullName>
                        <shortName>АО "КОРПОРАЦИЯ "МСП"</shortName>
                        <iko>57750005919775001001</iko>
                        <inn>7750005919</inn>
                        <kpp>775001001</kpp>
                        <ogrn>1147711000040</ogrn>
                        <legalAddress>109240, г МОСКВА, пл СЛАВЯНСКАЯ, дом ДОМ 4, корпус СТРОЕНИЕ 1</legalAddress>
                        <postalAddress>109074, г. Москва, Cлавянская площадь, д. 4, стр. 1</postalAddress>
                        <phone>7-495-6989800-389</phone>
                        <email>Info@acgrf.ru</email>
                        <okato>45286580000</okato>
                        <okpo>17538241</okpo>
                    </mainInfo>
                </ns2:customer>
                <ns2:purchaseMethodCode>119629</ns2:purchaseMethodCode>
                <ns2:purchaseCodeName>Открытый запрос цен</ns2:purchaseCodeName>
                <ns2:placer>
                    <mainInfo>
                        <fullName>АКЦИОНЕРНОЕ ОБЩЕСТВО "ФЕДЕРАЛЬНАЯ КОРПОРАЦИЯ ПО РАЗВИТИЮ МАЛОГО И СРЕДНЕГО ПРЕДПРИНИМАТЕЛЬСТВА"</fullName>
                        <shortName>АО "КОРПОРАЦИЯ "МСП"</shortName>
                        <iko>57750005919775001001</iko>
                        <inn>7750005919</inn>
                        <kpp>775001001</kpp>
                        <ogrn>1147711000040</ogrn>
                        <legalAddress>109240, г МОСКВА, пл СЛАВЯНСКАЯ, дом ДОМ 4, корпус СТРОЕНИЕ 1</legalAddress>
                        <postalAddress>109074, г. Москва, Cлавянская площадь, д. 4, стр. 1</postalAddress>
                        <phone>7-495-6989800-389</phone>
                        <email>Info@acgrf.ru</email>
                        <okato>45286580000</okato>
                        <okpo>17538241</okpo>
                    </mainInfo>
                </ns2:placer>
                <ns2:contact>
                    <firstName>Анастасия</firstName>
                    <middleName>Владимировна</middleName>
                    <lastName>Дмитриева</lastName>
                    <phone>+7 (495) 6989800, доб.: 389</phone>
                    <email>zakupki@corpmsp.ru</email>
                    <organization>
                        <mainInfo>
                            <fullName>АКЦИОНЕРНОЕ ОБЩЕСТВО "ФЕДЕРАЛЬНАЯ КОРПОРАЦИЯ ПО РАЗВИТИЮ МАЛОГО И СРЕДНЕГО ПРЕДПРИНИМАТЕЛЬСТВА"</fullName>
                            <shortName>АО "КОРПОРАЦИЯ "МСП"</shortName>
                            <iko>57750005919775001001</iko>
                            <inn>7750005919</inn>
                            <kpp>775001001</kpp>
                            <ogrn>1147711000040</ogrn>
                            <legalAddress>109240, г МОСКВА, пл СЛАВЯНСКАЯ, дом ДОМ 4, корпус СТРОЕНИЕ 1</legalAddress>
                            <postalAddress>109074, г. Москва, Cлавянская площадь, д. 4, стр. 1</postalAddress>
                            <phone>7-495-6989800-389</phone>
                            <email>Info@acgrf.ru</email>
                            <okato>45286580000</okato>
                            <okpo>17538241</okpo>
                        </mainInfo>
                    </organization>
                </ns2:contact>
                <ns2:publicationDateTime>2017-03-16T20:46:15</ns2:publicationDateTime>
                <ns2:documentationDelivery>
                    <deliveryStartDateTime>2017-03-16</deliveryStartDateTime>
                    <deliveryEndDateTime>2017-03-23</deliveryEndDateTime>
                    <place>1. В единой информационной системе на сайте www.zakupki.gov.ru.
2. На официальном сайте Заказчика по адресу:  www.corpmsp.ru.
3. Документация о закупке в письменном виде предоставляется Заказчиком с 10 часов 00 минут по московскому времени до 19 часов 00 минут по московскому времени по рабочим дням (перерыв с 13 часов 00 минут до 14 часов 00 минут московского времени) по адресу: 
г. Москва, Славянская площадь, д. 4, стр. 1
</place>
                    <procedure>Копию утвержденной документации о закупке в бумажном виде можно получить, обратившись к Заказчику с письменным заявлением на имя председателя закупочной комиссии Акционерного общества «Федеральная корпорация по развитию малого и среднего предпринимательства» Жуковой Светланы Борисовны.
Заявка на предоставление документации о закупке должна содержать наименование, сведения об организационно-правовой форме, адресе места нахождения, почтового адреса (для юридического лица), фамилию, имя, отчество, сведения о месте жительства (для физического лица), номер контактного телефона, иные контактные данные.
Заказчик не позднее двух рабочих дней со дня получения письменного заявления о предоставлении документации о закупке обязан предоставить копию утвержденной документации о закупке заявителю.
Документация о закупке в письменном виде предоставляется Заказчиком с 10 часов 00 минут по московскому времени до 19 часов 00 минут по московскому времени по рабочим дням (перерыв с 13 часов 00 минут до 14 часов 00 минут московского времени) по адресу: 
г. Москва, Славянская площадь, д. 4, стр. 1
Выдача документации о закупке в письменном виде производится непосредственно заявителю или его представителю по предъявлению доверенности. Для получения документации о закупке необходимо предварительно позвонить по номеру телефона, указанному  в Извещении.
</procedure>
                </ns2:documentationDelivery>
                <ns2:status>P</ns2:status>
                <ns2:version>1</ns2:version>
                <ns2:notDishonest>true</ns2:notDishonest>
                <ns2:attachments>
                    <totalDocumentsCount>2</totalDocumentsCount>
                    <document>
                        <guid>213c088c-a241-4257-a67e-af4c8ea5d6f9</guid>
                        <createDateTime>2017-03-16T20:45:37</createDateTime>
                        <fileName>1. Извещение о закупке (Доступ к ресурсу СПАРК или эквивалент).docx</fileName>
                        <description>1. Извещение о закупке (Доступ к ресурсу СПАРК или эквивалент)</description>
                        <url>http://zakupki.gov.ru/223/purchase/public/download/download.html?id=30121524</url>
                    </document>
                    <document>
                        <guid>8293c7d3-b273-49ce-8344-52ab776ac4d1</guid>
                        <createDateTime>2017-03-16T20:45:42</createDateTime>
                        <fileName>2. Документация о закупке (Доступ к ресурсу СПАРК или эквивалент).docx</fileName>
                        <description>2. Документация о закупке (Доступ к ресурсу СПАРК или эквивалент)</description>
                        <url>http://zakupki.gov.ru/223/purchase/public/download/download.html?id=30121525</url>
                    </document>
                </ns2:attachments>
                <ns2:modificationDate>2017-03-16T20:46:15</ns2:modificationDate>
                <ns2:saveUserId>180413</ns2:saveUserId>
                <ns2:deliveryPlaceIndication>DIFFERENT_PLACE</ns2:deliveryPlaceIndication>
                <ns2:emergency>false</ns2:emergency>
                <ns2:jointPurchase>false</ns2:jointPurchase>
                <ns2:placingProcedure>
                    <ns2:examinationPlace>г. Москва, Славянская площадь, д. 4, стр. 1</ns2:examinationPlace>
                    <ns2:examinationDateTime>2017-03-23T19:00:00</ns2:examinationDateTime>
                    <ns2:summingupDateTime>2017-03-23T19:00:00</ns2:summingupDateTime>
                    <ns2:summingupPlace>г. Москва, Славянская площадь, д. 4, стр. 1</ns2:summingupPlace>
                </ns2:placingProcedure>
                <ns2:submissionCloseDateTime>2017-03-23T11:00:00</ns2:submissionCloseDateTime>
                <ns2:publicationPlannedDate>2017-03-16</ns2:publicationPlannedDate>
                <ns2:lots>
                    <lot>
                        <guid>981e47cd-fb03-4c77-8977-5810962a3a72</guid>
                        <ordinalNumber>1</ordinalNumber>
                        <lotEditEnabled>false</lotEditEnabled>
                        <lotData>
                            <subject>Предоставление доступа к информационному ресурсу СПАРК (или эквивалент)</subject>
                            <currency>
                                <code>RUB</code>
                                <digitalCode>643</digitalCode>
                                <name>Российский рубль</name>
                            </currency>
                            <initialSum>1709820.00</initialSum>
                            <deliveryPlace>
                                <state>Центральный федеральный округ</state>
                                <region>Москва</region>
                                <regionOkato>45000000000</regionOkato>
                                <address>по месту нахождения Исполнителя. Результаты оказанных услуг (акты) доставляются по месту нахождения Заказчика: г. Москва, Славянская пл., д. 4, стр. 1</address>
                            </deliveryPlace>
                            <lotItems>
                                <newCodes>true</newCodes>
                                <lotItem>
                                    <guid>57feb7eb-fc88-4367-b524-1f39aca91d17</guid>
                                    <ordinalNumber>1</ordinalNumber>
                                    <okpd2>
                                        <code>63.99.10.110</code>
                                        <name>Услуги по поиску информации за вознаграждение или на договорной основе</name>
                                    </okpd2>
                                    <okved2>
                                        <code>63.12</code>
                                        <name>Деятельность web-порталов</name>
                                    </okved2>
                                    <okei>
                                        <code>904</code>
                                        <name>Рабочее место</name>
                                    </okei>
                                    <qty>20</qty>
                                </lotItem>
                            </lotItems>
                            <forSmallOrMiddle>true</forSmallOrMiddle>
                            <excludePurchaseFromPlan>false</excludePurchaseFromPlan>
                            <subcontractorsRequirement>false</subcontractorsRequirement>
                            <ignoredPurchase>false</ignoredPurchase>
                            <centralized>false</centralized>
                        </lotData>
                        <deliveryPlaceIndication>GL</deliveryPlaceIndication>
                        <jointLotData>
                            <jointLot>false</jointLot>
                        </jointLotData>
                        <lotPlanInfo>
                            <planRegistrationNumber>2160218430</planRegistrationNumber>
                            <planGuid>8e32dc55-c6d1-4920-98fe-6209f4d8e696</planGuid>
                            <positionNumber>49</positionNumber>
                            <lotPlanPosition>COMMODITY</lotPlanPosition>
                            <positionGuid>ab545a7a-d21c-4a1b-9d4f-5d6cd12e0bc6</positionGuid>
                        </lotPlanInfo>
                        <cancelled>false</cancelled>
                    </lot>
                </ns2:lots>
            </ns2:purchaseNoticeData>
        </ns2:item>
    </ns2:body>
</ns2:purchaseNotice>
