<?xml version="1.0" encoding="UTF-8" standalone="yes"?>
<ns2:purchaseNotice xsi:schemaLocation="http://zakupki.gov.ru/223/integration/schema/TFF-5.2 http://zakupki.gov.ru/223/integration/schema/TFF-5.2/purchase.xsd" xmlns="http://zakupki.gov.ru/223fz/types/1" xmlns:ns10="http://zakupki.gov.ru/223fz/purchasePlan/1" xmlns:ns11="http://zakupki.gov.ru/223fz/purchasePlanProject/1" xmlns:ns12="http://zakupki.gov.ru/223fz/purchasePlanProjectAdditionalPosition/1" xmlns:ns13="http://zakupki.gov.ru/223fz/contract/1" xmlns:ns14="http://zakupki.gov.ru/223fz/missedNotice/1" xmlns:ns15="http://zakupki.gov.ru/223fz/reference/1" xmlns:ns16="http://zakupki.gov.ru/223fz/stopCommodity/1" xmlns:ns17="http://zakupki.gov.ru/223fz/decisionSuspension/1" xmlns:ns18="http://zakupki.gov.ru/223fz/purchasePlanAdditionalPosition/1" xmlns:ns19="http://zakupki.gov.ru/223fz/webRequest/1" xmlns:ns2="http://zakupki.gov.ru/223fz/purchase/1" xmlns:xsi="http://www.w3.org/2001/XMLSchema-instance" xmlns:ns3="http://zakupki.gov.ru/223fz/dishonestSupplier/1" xmlns:ns4="http://zakupki.gov.ru/223fz/machineryListInfo/1" xmlns:ns5="http://zakupki.gov.ru/223fz/revenue/1" xmlns:ns6="http://zakupki.gov.ru/223fz/orderClauseList/1" xmlns:ns7="http://zakupki.gov.ru/223fz/disagreementProtocol/1" xmlns:ns8="http://zakupki.gov.ru/223fz/complaint/1" xmlns:ns9="http://zakupki.gov.ru/223fz/notificationIssue/1">
    <header>
        <guid>95706751-dc17-4788-8d03-b7d06a2e9551</guid>
        <createDateTime>2017-03-16T18:46:07</createDateTime>
    </header>
    <ns2:body>
        <ns2:item>
            <guid>a9898519-6164-0004-0000-58cab302c667</guid>
            <ns2:purchaseNoticeData>
                <ns2:guid>a9898519-6164-0004-0000-58cab302c667</ns2:guid>
                <ns2:createDateTime>2017-03-16T18:45:09</ns2:createDateTime>
                <ns2:urlOOS>https://zakupki.gov.ru/223/purchase/private/purchase/notice-info/details.html?noticeInfoId=5888356</ns2:urlOOS>
                <ns2:urlVSRZ>http://www.b2b-rusnano.ru/market/okazanie-uslug-po-soprovozhdeniiu-sistemy-konsultantplius-serii-v/tender-796164/</ns2:urlVSRZ>
                <ns2:registrationNumber>31704899979</ns2:registrationNumber>
                <ns2:name>Оказание услуг по сопровождению Системы КонсультантПлюс Серии В (796164)</ns2:name>
                <ns2:customer>
                    <mainInfo>
                        <fullName>ОБЩЕСТВО С ОГРАНИЧЕННОЙ ОТВЕТСТВЕННОСТЬЮ "УПРАВЛЯЮЩАЯ КОМПАНИЯ "РОСНАНО"</fullName>
                        <shortName>ООО "УК "РОСНАНО"</shortName>
                        <iko>67728864753772801001</iko>
                        <inn>7728864753</inn>
                        <kpp>772801001</kpp>
                        <ogrn>5137746180743</ogrn>
                        <legalAddress>117036, МОСКВА, 60-ЛЕТИЯ ОКТЯБРЯ, дом 10А</legalAddress>
                        <postalAddress>117036, МОСКВА, 60-ЛЕТИЯ ОКТЯБРЯ, дом 10А </postalAddress>
                        <phone>7-495-9885388-1385</phone>
                        <email>zakupki@rusnano.com</email>
                        <okato>45293554000</okato>
                        <okpo>26231719</okpo>
                    </mainInfo>
                </ns2:customer>
                <ns2:purchaseMethodCode>61567</ns2:purchaseMethodCode>
                <ns2:purchaseCodeName>Запрос предложений</ns2:purchaseCodeName>
                <ns2:placer>
                    <mainInfo>
                        <fullName>ОБЩЕСТВО С ОГРАНИЧЕННОЙ ОТВЕТСТВЕННОСТЬЮ "УПРАВЛЯЮЩАЯ КОМПАНИЯ "РОСНАНО"</fullName>
                        <shortName>ООО "УК "РОСНАНО"</shortName>
                        <iko>67728864753772801001</iko>
                        <inn>7728864753</inn>
                        <kpp>772801001</kpp>
                        <ogrn>5137746180743</ogrn>
                        <legalAddress>117036, МОСКВА, 60-ЛЕТИЯ ОКТЯБРЯ, дом 10А</legalAddress>
                        <postalAddress>117036, МОСКВА, 60-ЛЕТИЯ ОКТЯБРЯ, дом 10А </postalAddress>
                        <phone>7-495-9885388-1385</phone>
                        <email>zakupki@rusnano.com</email>
                        <okato>45293554000</okato>
                        <okpo>26231719</okpo>
                    </mainInfo>
                </ns2:placer>
                <ns2:contact>
                    <firstName>Светлана</firstName>
                    <middleName>Геннадьевна</middleName>
                    <lastName>Чернова</lastName>
                    <phone>+7 (495) 9885388</phone>
                    <email>zakupki@rusnano.com</email>
                    <organization>
                        <mainInfo>
                            <fullName>ОБЩЕСТВО С ОГРАНИЧЕННОЙ ОТВЕТСТВЕННОСТЬЮ "УПРАВЛЯЮЩАЯ КОМПАНИЯ "РОСНАНО"</fullName>
                            <shortName>ООО "УК "РОСНАНО"</shortName>
                            <iko>67728864753772801001</iko>
                            <inn>7728864753</inn>
                            <kpp>772801001</kpp>
                            <ogrn>5137746180743</ogrn>
                            <legalAddress>117036, МОСКВА, 60-ЛЕТИЯ ОКТЯБРЯ, дом 10А</legalAddress>
                            <postalAddress>117036, МОСКВА, 60-ЛЕТИЯ ОКТЯБРЯ, дом 10А </postalAddress>
                            <phone>7-495-9885388-1385</phone>
                            <email>zakupki@rusnano.com</email>
                            <okato>45293554000</okato>
                            <okpo>26231719</okpo>
                        </mainInfo>
                    </organization>
                </ns2:contact>
                <ns2:publicationDateTime>2017-03-16T18:46:07</ns2:publicationDateTime>
                <ns2:documentationDelivery>
                    <deliveryStartDateTime>2017-03-16</deliveryStartDateTime>
                    <deliveryEndDateTime>2017-03-27</deliveryEndDateTime>
                    <place>ЭТП группы B2B-Center</place>
                    <procedure>Документация по закупке предоставляется без взимания платы в форме электронного документа на сайте ЭТП группы B2B-Center</procedure>
                </ns2:documentationDelivery>
                <ns2:status>P</ns2:status>
                <ns2:version>1</ns2:version>
                <ns2:notDishonest>true</ns2:notDishonest>
                <ns2:attachments>
                    <totalDocumentsCount>2</totalDocumentsCount>
                    <document>
                        <guid>a9898519-6164-0004-0000-58cab302c667</guid>
                        <createDateTime>2017-03-16T18:40:09</createDateTime>
                        <fileName>2. Закупочная документация.doc</fileName>
                        <description>2. Закупочная документация.doc</description>
                        <url>http://zakupki.gov.ru/223/purchase/public/download/download.html?id=30120917</url>
                    </document>
                    <document>
                        <guid>a9898519-6164-0004-0001-58cab302c667</guid>
                        <createDateTime>2017-03-16T18:40:14</createDateTime>
                        <fileName>2. Проект договора.doc</fileName>
                        <description>2. Проект договора.doc</description>
                        <url>http://zakupki.gov.ru/223/purchase/public/download/download.html?id=30120918</url>
                    </document>
                </ns2:attachments>
                <ns2:modificationDate>2017-03-16T18:46:07</ns2:modificationDate>
                <ns2:saveUserId>92359</ns2:saveUserId>
                <ns2:deliveryPlaceIndication>DIFFERENT_PLACE</ns2:deliveryPlaceIndication>
                <ns2:emergency>false</ns2:emergency>
                <ns2:jointPurchase>false</ns2:jointPurchase>
                <ns2:electronicPlaceInfo>
                    <name>Система электронных торгов B2B-Center</name>
                    <url>http://b2b-center.ru</url>
                    <electronicPlaceId>107</electronicPlaceId>
                </ns2:electronicPlaceInfo>
                <ns2:placingProcedure>
                    <ns2:examinationPlace>117036, Россия, г. Москва, пр-кт 60-летия Октября, д. 10 А</ns2:examinationPlace>
                    <ns2:examinationDateTime>2017-04-19T18:00:00</ns2:examinationDateTime>
                    <ns2:summingupDateTime>2017-04-19T18:00:00</ns2:summingupDateTime>
                </ns2:placingProcedure>
                <ns2:submissionCloseDateTime>2017-03-27T12:00:00</ns2:submissionCloseDateTime>
                <ns2:publicationPlannedDate>2017-03-16</ns2:publicationPlannedDate>
                <ns2:lots>
                    <lot>
                        <guid>a9898519-6164-0004-0001-58cab302da85</guid>
                        <ordinalNumber>1</ordinalNumber>
                        <lotEditEnabled>true</lotEditEnabled>
                        <lotData>
                            <subject>Оказание услуг по сопровождению Системы КонсультантПлюс Серии В</subject>
                            <currency>
                                <code>RUB</code>
                                <digitalCode>643</digitalCode>
                                <name>Российский рубль</name>
                            </currency>
                            <initialSum>3000000.00</initialSum>
                            <deliveryPlace>
                                <address>117036, Россия, г. Москва, пр-кт 60-летия Октября, д. 10 А</address>
                            </deliveryPlace>
                            <lotItems>
                                <newCodes>true</newCodes>
                                <lotItem>
                                    <guid>a9898519-0000-0004-0102-000000796164</guid>
                                    <ordinalNumber>1</ordinalNumber>
                                    <okpd2>
                                        <code>58.29.31.000</code>
                                        <name>Обеспечение программное системное для загрузки</name>
                                    </okpd2>
                                    <okved2>
                                        <code>58.29</code>
                                        <name>Издание прочих программных продуктов</name>
                                    </okved2>
                                    <okei>
                                        <code>642</code>
                                        <name>Единица</name>
                                    </okei>
                                    <qty>1</qty>
                                </lotItem>
                            </lotItems>
                            <forSmallOrMiddle>false</forSmallOrMiddle>
                            <excludePurchaseFromPlan>false</excludePurchaseFromPlan>
                            <subcontractorsRequirement>false</subcontractorsRequirement>
                            <ignoredPurchase>false</ignoredPurchase>
                            <centralized>false</centralized>
                        </lotData>
                        <deliveryPlaceIndication>GL</deliveryPlaceIndication>
                        <jointLotData>
                            <jointLot>false</jointLot>
                        </jointLotData>
                        <lotPlanInfo>
                            <planRegistrationNumber>2160209479</planRegistrationNumber>
                            <planGuid>9b00bc60-1f1c-4988-985c-363b3941a0fa</planGuid>
                            <positionNumber>70</positionNumber>
                            <lotPlanPosition>COMMODITY</lotPlanPosition>
                            <positionGuid>a9898519-2089-0250-0070-000005900033</positionGuid>
                        </lotPlanInfo>
                        <cancelled>false</cancelled>
                    </lot>
                </ns2:lots>
            </ns2:purchaseNoticeData>
        </ns2:item>
    </ns2:body>
</ns2:purchaseNotice>
