<?xml version="1.0" encoding="UTF-8" standalone="yes"?>
<ns2:purchaseNotice xsi:schemaLocation="http://zakupki.gov.ru/223/integration/schema/TFF-5.2 http://zakupki.gov.ru/223/integration/schema/TFF-5.2/purchase.xsd" xmlns="http://zakupki.gov.ru/223fz/types/1" xmlns:ns10="http://zakupki.gov.ru/223fz/purchasePlan/1" xmlns:ns11="http://zakupki.gov.ru/223fz/purchasePlanProject/1" xmlns:ns12="http://zakupki.gov.ru/223fz/purchasePlanProjectAdditionalPosition/1" xmlns:ns13="http://zakupki.gov.ru/223fz/contract/1" xmlns:ns14="http://zakupki.gov.ru/223fz/missedNotice/1" xmlns:ns15="http://zakupki.gov.ru/223fz/reference/1" xmlns:ns16="http://zakupki.gov.ru/223fz/stopCommodity/1" xmlns:ns17="http://zakupki.gov.ru/223fz/decisionSuspension/1" xmlns:ns18="http://zakupki.gov.ru/223fz/purchasePlanAdditionalPosition/1" xmlns:ns19="http://zakupki.gov.ru/223fz/webRequest/1" xmlns:ns2="http://zakupki.gov.ru/223fz/purchase/1" xmlns:xsi="http://www.w3.org/2001/XMLSchema-instance" xmlns:ns3="http://zakupki.gov.ru/223fz/dishonestSupplier/1" xmlns:ns4="http://zakupki.gov.ru/223fz/machineryListInfo/1" xmlns:ns5="http://zakupki.gov.ru/223fz/revenue/1" xmlns:ns6="http://zakupki.gov.ru/223fz/orderClauseList/1" xmlns:ns7="http://zakupki.gov.ru/223fz/disagreementProtocol/1" xmlns:ns8="http://zakupki.gov.ru/223fz/complaint/1" xmlns:ns9="http://zakupki.gov.ru/223fz/notificationIssue/1">
    <header>
        <guid>84549c7d-f2a3-4db4-a406-85fd4558c339</guid>
        <createDateTime>2017-03-16T17:34:23</createDateTime>
    </header>
    <ns2:body>
        <ns2:item>
            <guid>4241b6a2-5e9c-4839-ab81-0cbb5f0e6639</guid>
            <ns2:purchaseNoticeData>
                <ns2:guid>4241b6a2-5e9c-4839-ab81-0cbb5f0e6639</ns2:guid>
                <ns2:createDateTime>2017-03-16T17:02:54</ns2:createDateTime>
                <ns2:urlOOS>https://zakupki.gov.ru/223/purchase/private/purchase/notice-info/details.html?noticeInfoId=5887851</ns2:urlOOS>
                <ns2:registrationNumber>31704899738</ns2:registrationNumber>
                <ns2:name>Открытый конкурс в электронной форме среди субъектов малого и среднего предпринимательства № 22748/ОКЭ-АО «ФПК»/2017/СД на право заключения договора на выполнение строительно-монтажных работ по объекту «Строительство смотровой канавы на ПТО ст. Воронеж-1»</ns2:name>
                <ns2:customer>
                    <mainInfo>
                        <fullName>АКЦИОНЕРНОЕ ОБЩЕСТВО "ФЕДЕРАЛЬНАЯ ПАССАЖИРСКАЯ КОМПАНИЯ"</fullName>
                        <shortName>АО "ФПК"</shortName>
                        <iko>57708709686770801001</iko>
                        <inn>7708709686</inn>
                        <kpp>770801001</kpp>
                        <ogrn>1097746772738</ogrn>
                        <legalAddress>107078, г МОСКВА, ул МАШИ ПОРЫВАЕВОЙ, дом 34</legalAddress>
                        <postalAddress>107078, г. Москва, ул. Маши Порываевой, д.34</postalAddress>
                        <phone>+7(495) 988-10-00</phone>
                        <email>DLynova@fpc.ru</email>
                        <okato>45286565000</okato>
                        <okpo>94154560</okpo>
                    </mainInfo>
                </ns2:customer>
                <ns2:purchaseMethodCode>109320</ns2:purchaseMethodCode>
                <ns2:purchaseCodeName>Открытый конкурс в электронной форме (по Положению АО "ФПК")</ns2:purchaseCodeName>
                <ns2:placer>
                    <mainInfo>
                        <fullName>АКЦИОНЕРНОЕ ОБЩЕСТВО "ФЕДЕРАЛЬНАЯ ПАССАЖИРСКАЯ КОМПАНИЯ"</fullName>
                        <shortName>АО "ФПК"</shortName>
                        <iko>57708709686770801001</iko>
                        <inn>7708709686</inn>
                        <kpp>770801001</kpp>
                        <ogrn>1097746772738</ogrn>
                        <legalAddress>107078, г МОСКВА, ул МАШИ ПОРЫВАЕВОЙ, дом 34</legalAddress>
                        <postalAddress>107078, г. Москва, ул. Маши Порываевой, д.34</postalAddress>
                        <phone>+7(495) 988-10-00</phone>
                        <email>DLynova@fpc.ru</email>
                        <okato>45286565000</okato>
                        <okpo>94154560</okpo>
                    </mainInfo>
                </ns2:placer>
                <ns2:contact>
                    <firstName>Валентина</firstName>
                    <middleName>Викторовна</middleName>
                    <lastName>Комарицкая</lastName>
                    <phone>+7 (499) 2603102</phone>
                    <fax>+7 (499) 2605230</fax>
                    <email>komaritskayavv@center.rzd.ru</email>
                    <organization>
                        <mainInfo>
                            <fullName>АКЦИОНЕРНОЕ ОБЩЕСТВО "ФЕДЕРАЛЬНАЯ ПАССАЖИРСКАЯ КОМПАНИЯ"</fullName>
                            <shortName>АО "ФПК"</shortName>
                            <iko>57708709686770801001</iko>
                            <inn>7708709686</inn>
                            <kpp>770801001</kpp>
                            <ogrn>1097746772738</ogrn>
                            <legalAddress>107078, г МОСКВА, ул МАШИ ПОРЫВАЕВОЙ, дом 34</legalAddress>
                            <postalAddress>107078, г. Москва, ул. Маши Порываевой, д.34</postalAddress>
                            <phone>+7(495) 988-10-00</phone>
                            <email>DLynova@fpc.ru</email>
                            <okato>45286565000</okato>
                            <okpo>94154560</okpo>
                        </mainInfo>
                    </organization>
                </ns2:contact>
                <ns2:publicationDateTime>2017-03-16T17:34:23</ns2:publicationDateTime>
                <ns2:documentationDelivery>
                    <deliveryStartDateTime>2017-03-16</deliveryStartDateTime>
                    <deliveryEndDateTime>2017-04-07</deliveryEndDateTime>
                    <place>Документация размещена в Единой информационной системе, на сайте www.rzd.ru (раздел «Тендеры»), а также на сайте http://etzp.rzd.ru</place>
                    <procedure>Документация доступна для ознакомления на перечисленных сайтах с момента ее опубликования без ограничений</procedure>
                </ns2:documentationDelivery>
                <ns2:status>P</ns2:status>
                <ns2:version>1</ns2:version>
                <ns2:notDishonest>false</ns2:notDishonest>
                <ns2:attachments>
                    <totalDocumentsCount>5</totalDocumentsCount>
                    <document>
                        <guid>1f5692b3-598d-4167-9a83-190e160ba02b</guid>
                        <createDateTime>2017-03-16T17:19:38</createDateTime>
                        <fileName>Приложение № 1 к техническому заданию.zip</fileName>
                        <description>Приложение № 1 к техническому заданию</description>
                        <url>http://zakupki.gov.ru/223/purchase/public/download/download.html?id=30119109</url>
                    </document>
                    <document>
                        <guid>f0adfb3c-20a3-471d-bd08-7ac712c22673</guid>
                        <createDateTime>2017-03-16T17:29:01</createDateTime>
                        <fileName>Документация  Условия проведения закупки.docx</fileName>
                        <description>Документация  Условия проведения закупки</description>
                        <url>http://zakupki.gov.ru/223/purchase/public/download/download.html?id=30119432</url>
                    </document>
                    <document>
                        <guid>cf02810c-4dd6-4854-b0a3-d4ffaa57c576</guid>
                        <createDateTime>2017-03-16T17:19:19</createDateTime>
                        <fileName>Документация. Порядок организации проведения закупки.docx</fileName>
                        <description>Документация. Порядок организации проведения закупки</description>
                        <url>http://zakupki.gov.ru/223/purchase/public/download/download.html?id=30119100</url>
                    </document>
                    <document>
                        <guid>d1c9c5e5-ba43-4b22-b4ba-52263d0ba093</guid>
                        <createDateTime>2017-03-16T17:29:05</createDateTime>
                        <fileName>Извещение.docx</fileName>
                        <description>Извещение</description>
                        <url>http://zakupki.gov.ru/223/purchase/public/download/download.html?id=30119437</url>
                    </document>
                    <document>
                        <guid>b8e29cdb-40a2-433b-9ca0-358adc75f74b</guid>
                        <createDateTime>2017-03-16T17:19:56</createDateTime>
                        <fileName>Приложение № 2 к техническому заданию.zip</fileName>
                        <description>Приложение № 2 к техническому заданию</description>
                        <url>http://zakupki.gov.ru/223/purchase/public/download/download.html?id=30119118</url>
                    </document>
                </ns2:attachments>
                <ns2:modificationDate>2017-03-16T17:34:23</ns2:modificationDate>
                <ns2:saveUserId>48531</ns2:saveUserId>
                <ns2:deliveryPlaceIndication>DIFFERENT_PLACE</ns2:deliveryPlaceIndication>
                <ns2:emergency>false</ns2:emergency>
                <ns2:jointPurchase>false</ns2:jointPurchase>
                <ns2:electronicPlaceInfo>
                    <name>Электронная торгово-закупочная площадка ОАО "РЖД"</name>
                    <url>http://etzp.rzd.ru</url>
                    <electronicPlaceId>112</electronicPlaceId>
                </ns2:electronicPlaceInfo>
                <ns2:submissionCloseDateTime>2017-04-07T11:00:00</ns2:submissionCloseDateTime>
                <ns2:publicationPlannedDate>2017-03-16</ns2:publicationPlannedDate>
                <ns2:templateVersion>3</ns2:templateVersion>
                <ns2:templateStructure>
                    <ns2:level>
                        <ns2:tabLevel>NOTICE</ns2:tabLevel>
                        <ns2:tab>
                            <tabOrdinal>1</tabOrdinal>
                            <tabName>Общая информация</tabName>
                            <fixedName>MAIN</fixedName>
                            <section>
                                <sectionOrdinal>1</sectionOrdinal>
                                <sectionName>Сведения о состоянии извещения</sectionName>
                                <fixedName>MAIN_STATUS</fixedName>
                            </section>
                            <section>
                                <sectionOrdinal>2</sectionOrdinal>
                                <sectionName>Сведения о заказчике</sectionName>
                                <fixedName>MAIN_CUSTOMER</fixedName>
                            </section>
                            <section>
                                <sectionOrdinal>3</sectionOrdinal>
                                <sectionName>Общие сведения о закупке</sectionName>
                                <fixedName>MAIN_PURCHASE</fixedName>
                            </section>
                            <section>
                                <sectionOrdinal>4</sectionOrdinal>
                                <sectionName>Контактная информация</sectionName>
                                <fixedName>MAIN_CONTACTS</fixedName>
                            </section>
                            <section>
                                <sectionOrdinal>5</sectionOrdinal>
                                <sectionName>Обеспечение заявок и исполнения договора</sectionName>
                            </section>
                        </ns2:tab>
                        <ns2:tab>
                            <tabOrdinal>2</tabOrdinal>
                            <tabName>Порядок размещения закупки</tabName>
                            <fixedName>COMMISSION</fixedName>
                            <section>
                                <sectionOrdinal>1</sectionOrdinal>
                                <sectionName>Публикация извещения</sectionName>
                                <fixedName>COMMISSION_PUBLISH</fixedName>
                            </section>
                        </ns2:tab>
                        <ns2:tab>
                            <tabOrdinal>3</tabOrdinal>
                            <tabName>Список лотов</tabName>
                            <fixedName>LOTS</fixedName>
                            <section>
                                <sectionOrdinal>1</sectionOrdinal>
                                <sectionName>Сведения о лотах</sectionName>
                                <fixedName>LOTS_INFO</fixedName>
                            </section>
                        </ns2:tab>
                        <ns2:tab>
                            <tabOrdinal>4</tabOrdinal>
                            <tabName>Документация</tabName>
                            <fixedName>DOCS</fixedName>
                            <section>
                                <sectionOrdinal>1</sectionOrdinal>
                                <sectionName>Предоставление документации</sectionName>
                                <fixedName>DOCS_INFO</fixedName>
                            </section>
                            <section>
                                <sectionOrdinal>2</sectionOrdinal>
                                <sectionName>Файлы документации</sectionName>
                                <fixedName>DOCS_FILES</fixedName>
                            </section>
                        </ns2:tab>
                    </ns2:level>
                    <ns2:level>
                        <ns2:tabLevel>LOT</ns2:tabLevel>
                        <ns2:tab>
                            <tabOrdinal>1</tabOrdinal>
                            <tabName>Сведения о лоте</tabName>
                            <fixedName>LOT_INFORMATION</fixedName>
                            <section>
                                <sectionOrdinal>1</sectionOrdinal>
                                <sectionName>Общая информация о лоте</sectionName>
                                <fixedName>LOT_INFO</fixedName>
                            </section>
                            <section>
                                <sectionOrdinal>2</sectionOrdinal>
                                <sectionName>Информация о товаре, работе, услуге</sectionName>
                                <fixedName>LOT_GOODS</fixedName>
                            </section>
                            <section>
                                <sectionOrdinal>3</sectionOrdinal>
                                <sectionName>Место поставки</sectionName>
                                <fixedName>LOT_PLACE</fixedName>
                            </section>
                        </ns2:tab>
                    </ns2:level>
                    <ns2:level>
                        <ns2:tabLevel>LOT_CUSTOMER</ns2:tabLevel>
                        <ns2:tab>
                            <tabOrdinal>1</tabOrdinal>
                            <tabName>Сведения по заказчику</tabName>
                            <fixedName>LOT_CUSTOMER</fixedName>
                            <section>
                                <sectionOrdinal>1</sectionOrdinal>
                                <sectionName>Общая информация по Заказчику</sectionName>
                                <fixedName>LOT_CUSTOMER_INFO</fixedName>
                            </section>
                            <section>
                                <sectionOrdinal>2</sectionOrdinal>
                                <sectionName>Информация о товаре, работе, услуге</sectionName>
                                <fixedName>LOT_CUSTOMER_GOODS</fixedName>
                            </section>
                            <section>
                                <sectionOrdinal>3</sectionOrdinal>
                                <sectionName>Место поставки</sectionName>
                                <fixedName>LOT_CUSTOMER_PLACE</fixedName>
                            </section>
                        </ns2:tab>
                    </ns2:level>
                </ns2:templateStructure>
                <ns2:extendFields>
                    <noticeExtendField>
                        <extendField>
                            <integrCode>doccc_</integrCode>
                            <description>Закупка осуществляется для нужд</description>
                            <type>TEXT</type>
                            <value>
                                <text>акционерного общества «Федеральная пассажирская компания» (АО «ФПК»)</text>
                            </value>
                        </extendField>
                        <extendField>
                            <integrCode>docccc_</integrCode>
                            <description>Место нахождения</description>
                            <type>TEXT</type>
                            <value>
                                <text>107078, Москва, ул. Маши Порываевой, 34</text>
                            </value>
                        </extendField>
                        <extendField>
                            <integrCode>docd_</integrCode>
                            <description>Почтовый адрес</description>
                            <type>TEXT</type>
                            <value>
                                <text>107078, Москва, ул. Маши Порываевой, 34</text>
                            </value>
                        </extendField>
                        <position>
                            <tabOrdinal>1</tabOrdinal>
                            <tabName>MAIN</tabName>
                            <sectionOrdinal>2</sectionOrdinal>
                            <sectionName>MAIN_SEC_Сведения о заказчике</sectionName>
                        </position>
                    </noticeExtendField>
                    <noticeExtendField>
                        <extendField>
                            <integrCode>doc_</integrCode>
                            <description>Обеспечение заявок</description>
                            <type>TEXT</type>
                            <value>
                                <text>Обеспечение заявок не предусмотрено.</text>
                            </value>
                        </extendField>
                        <extendField>
                            <integrCode>docc_</integrCode>
                            <description>Обеспечение исполнения договора</description>
                            <type>TEXT</type>
                            <value>
                                <text>Обеспечение исполнения договора не предусмотрено.</text>
                            </value>
                        </extendField>
                        <position>
                            <tabOrdinal>1</tabOrdinal>
                            <tabName>MAIN</tabName>
                            <sectionOrdinal>5</sectionOrdinal>
                            <sectionName>MAIN_SEC_Обеспечение заявок и исполнения договора</sectionName>
                        </position>
                    </noticeExtendField>
                    <noticeExtendField>
                        <extendField>
                            <integrCode>required_field_of_type_text</integrCode>
                            <description>Место предоставления заявок</description>
                            <type>TEXT</type>
                            <value>
                                <text>Заявки на участие в открытом конкурсе № 22748/ОКЭ-АО «ФПК»/2017/СД должны состоять из электронной части, поданной в установленном документацией порядке в автоматизированной информационной системе «Электронной торгово-закупочной площадке ОАО «РЖД» (на странице данной процедуры на сайте http://etzp.rzd.ru) (далее – ЭТЗП) и части, представляемой на бумажном носителе (в случае, предусмотренном документацией) по адресу: 129090, г. Москва, ул. Каланчевская, дом 16, строение 1, этаж 3, кабинет № В-312 (в рабочие дни с 9:00 до 17:30 (в пятницу до 16:30), перерыв с 12:00 до 13:00).</text>
                            </value>
                        </extendField>
                        <extendField>
                            <integrCode>ddd_</integrCode>
                            <description>Дата и время вскрытия заявок</description>
                            <type>DATETIME</type>
                            <value>
                                <dateTime>2017-04-07T11:00:00</dateTime>
                            </value>
                        </extendField>
                        <extendField>
                            <integrCode>docd_c</integrCode>
                            <description>Дата и время рассмотрения заявок</description>
                            <type>DATETIME</type>
                            <value>
                                <dateTime>2017-04-17T12:00:00</dateTime>
                            </value>
                        </extendField>
                        <extendField>
                            <integrCode>docd_d</integrCode>
                            <description>Место рассмотрения заявок</description>
                            <type>TEXT</type>
                            <value>
                                <text>107078, Москва, улица Маши Порываевой, дом 34, строение 3, каб. 413</text>
                            </value>
                        </extendField>
                        <extendField>
                            <integrCode>docd_s</integrCode>
                            <description>Дата и время подведения итогов</description>
                            <type>DATETIME</type>
                            <value>
                                <dateTime>2017-04-18T12:00:00</dateTime>
                            </value>
                        </extendField>
                        <extendField>
                            <integrCode>ddd</integrCode>
                            <description>Место подведения итогов</description>
                            <type>TEXT</type>
                            <value>
                                <text>107078, Москва, улица Маши Порываевой, дом 34, строение 3, каб. 413</text>
                            </value>
                        </extendField>
                        <position>
                            <tabOrdinal>2</tabOrdinal>
                            <tabName>COMMISSION</tabName>
                            <sectionOrdinal>1</sectionOrdinal>
                            <sectionName>COMISSION_SEC_Публикация извещения</sectionName>
                        </position>
                    </noticeExtendField>
                </ns2:extendFields>
                <ns2:lots>
                    <lot>
                        <guid>15ca5cef-3ff3-4a0d-8589-c77692fabaee</guid>
                        <ordinalNumber>1</ordinalNumber>
                        <lotEditEnabled>false</lotEditEnabled>
                        <lotData>
                            <subject>Выполнение строительно-монтажных работ по объекту "Строительство смотровой канавы на ПТО ст. Воронеж-1"  филиала АО "ФПК"</subject>
                            <currency>
                                <code>RUB</code>
                                <digitalCode>643</digitalCode>
                                <name>Российский рубль</name>
                            </currency>
                            <initialSum>143466797.49</initialSum>
                            <deliveryPlace>
                                <state>Центральный федеральный округ</state>
                                <region>Воронежская   обл</region>
                                <regionOkato>20000000000</regionOkato>
                                <address>Пассажирское вагонное депо Воронеж, г. Воронеж, ул. Свердлова, 41, б.</address>
                            </deliveryPlace>
                            <lotItems>
                                <newCodes>true</newCodes>
                                <lotItem>
                                    <guid>ae557dfc-16e2-4441-a5db-17385c4901c8</guid>
                                    <ordinalNumber>1</ordinalNumber>
                                    <okpd2>
                                        <code>43.29.19</code>
                                        <name>Работы строительно-монтажные прочие, не включенные в другие группировки</name>
                                    </okpd2>
                                    <okved2>
                                        <code>42.9</code>
                                        <name>Строительство прочих инженерных сооружений</name>
                                    </okved2>
                                    <okei>
                                        <code>876</code>
                                        <name>Условная единица</name>
                                    </okei>
                                    <qty>1</qty>
                                </lotItem>
                            </lotItems>
                            <forSmallOrMiddle>true</forSmallOrMiddle>
                            <excludePurchaseFromPlan>false</excludePurchaseFromPlan>
                            <subcontractorsRequirement>false</subcontractorsRequirement>
                            <ignoredPurchase>false</ignoredPurchase>
                            <centralized>false</centralized>
                        </lotData>
                        <deliveryPlaceIndication>GL</deliveryPlaceIndication>
                        <jointLotData>
                            <jointLot>false</jointLot>
                        </jointLotData>
                        <lotPlanInfo>
                            <planRegistrationNumber>2160216878</planRegistrationNumber>
                            <planGuid>cf013f62-d592-4052-90cf-661aed38bc32</planGuid>
                            <positionNumber>857</positionNumber>
                            <lotPlanPosition>COMMODITY</lotPlanPosition>
                            <positionGuid>8fb0fb5a-cd94-49c6-8b29-6bcf07a2b18e</positionGuid>
                        </lotPlanInfo>
                        <cancelled>false</cancelled>
                        <extendFields>
                            <noticeExtendField>
                                <extendField>
                                    <integrCode>TsenaDog</integrCode>
                                    <description>Начальная (максимальная) цена договора без учета НДС</description>
                                    <type>STRING</type>
                                    <value>
                                        <string>121 582 031,77</string>
                                    </value>
                                </extendField>
                                <position>
                                    <tabOrdinal>1</tabOrdinal>
                                    <tabName>LOT_INFORMATION</tabName>
                                    <sectionOrdinal>1</sectionOrdinal>
                                    <sectionName>LOT_INFO_SEC_Общая информация о лоте</sectionName>
                                </position>
                            </noticeExtendField>
                        </extendFields>
                    </lot>
                </ns2:lots>
            </ns2:purchaseNoticeData>
        </ns2:item>
    </ns2:body>
</ns2:purchaseNotice>
