<?xml version="1.0" encoding="UTF-8" standalone="yes"?>
<ns2:purchaseNotice xsi:schemaLocation="http://zakupki.gov.ru/223/integration/schema/TFF-5.2 http://zakupki.gov.ru/223/integration/schema/TFF-5.2/purchase.xsd" xmlns="http://zakupki.gov.ru/223fz/types/1" xmlns:ns10="http://zakupki.gov.ru/223fz/purchasePlan/1" xmlns:ns11="http://zakupki.gov.ru/223fz/purchasePlanProject/1" xmlns:ns12="http://zakupki.gov.ru/223fz/purchasePlanProjectAdditionalPosition/1" xmlns:ns13="http://zakupki.gov.ru/223fz/contract/1" xmlns:ns14="http://zakupki.gov.ru/223fz/missedNotice/1" xmlns:ns15="http://zakupki.gov.ru/223fz/reference/1" xmlns:ns16="http://zakupki.gov.ru/223fz/stopCommodity/1" xmlns:ns17="http://zakupki.gov.ru/223fz/decisionSuspension/1" xmlns:ns18="http://zakupki.gov.ru/223fz/purchasePlanAdditionalPosition/1" xmlns:ns19="http://zakupki.gov.ru/223fz/webRequest/1" xmlns:ns2="http://zakupki.gov.ru/223fz/purchase/1" xmlns:xsi="http://www.w3.org/2001/XMLSchema-instance" xmlns:ns3="http://zakupki.gov.ru/223fz/dishonestSupplier/1" xmlns:ns4="http://zakupki.gov.ru/223fz/machineryListInfo/1" xmlns:ns5="http://zakupki.gov.ru/223fz/revenue/1" xmlns:ns6="http://zakupki.gov.ru/223fz/orderClauseList/1" xmlns:ns7="http://zakupki.gov.ru/223fz/disagreementProtocol/1" xmlns:ns8="http://zakupki.gov.ru/223fz/complaint/1" xmlns:ns9="http://zakupki.gov.ru/223fz/notificationIssue/1">
    <header>
        <guid>f262bb77-cece-4fba-8cc3-209e15da1316</guid>
        <createDateTime>2017-03-16T16:48:58</createDateTime>
    </header>
    <ns2:body>
        <ns2:item>
            <guid>8d0b25a3-155f-2950-6212-94f893873f32</guid>
            <ns2:purchaseNoticeData>
                <ns2:guid>8d0b25a3-155f-2950-6212-94f893873f32</ns2:guid>
                <ns2:createDateTime>2017-03-16T16:48:05</ns2:createDateTime>
                <ns2:urlOOS>https://zakupki.gov.ru/223/purchase/private/purchase/notice-info/details.html?noticeInfoId=5887682</ns2:urlOOS>
                <ns2:urlVSRZ>https://etp.gpb.ru/#com/procedure/view/procedure/89872</ns2:urlVSRZ>
                <ns2:registrationNumber>31704882223</ns2:registrationNumber>
                <ns2:name>Поставка индустриальных масел на территорию АО «НПО «ЛЭМЗ», расположенного по адресу: Российская Федерация, 127411, г. Москва, Дмитровское шоссе, д. 110, в соответствии с извещением, документацией об открытом аукционе в электронной форме, Проектом Договора и Спецификацией поставляемого Товара (Приложение № 1 к Проекту Договора), графика поставки Товара (Приложение № 2 к Проекту Договора).</ns2:name>
                <ns2:customer>
                    <mainInfo>
                        <fullName>АКЦИОНЕРНОЕ ОБЩЕСТВО "НАУЧНО-ПРОИЗВОДСТВЕННОЕ ОБЪЕДИНЕНИЕ "ЛИАНОЗОВСКИЙ ЭЛЕКТРОМЕХАНИЧЕСКИЙ ЗАВОД"</fullName>
                        <shortName>АО "НПО "ЛЭМЗ"</shortName>
                        <iko>67713357824771301001</iko>
                        <inn>7713357824</inn>
                        <kpp>771301001</kpp>
                        <ogrn>1027713010841</ogrn>
                        <legalAddress>127411, г МОСКВА, ш ДМИТРОВСКОЕ, дом 110</legalAddress>
                        <postalAddress>127411, Москва, Дмитровское, дом 110</postalAddress>
                        <phone>07-495-6271108</phone>
                        <email>lemz@tsr.ru</email>
                        <okato>45277574000</okato>
                        <okpo>07504063</okpo>
                    </mainInfo>
                </ns2:customer>
                <ns2:purchaseMethodCode>30786</ns2:purchaseMethodCode>
                <ns2:purchaseCodeName>Аукцион</ns2:purchaseCodeName>
                <ns2:placer>
                    <mainInfo>
                        <fullName>АКЦИОНЕРНОЕ ОБЩЕСТВО "НАУЧНО-ПРОИЗВОДСТВЕННОЕ ОБЪЕДИНЕНИЕ "ЛИАНОЗОВСКИЙ ЭЛЕКТРОМЕХАНИЧЕСКИЙ ЗАВОД"</fullName>
                        <shortName>АО "НПО "ЛЭМЗ"</shortName>
                        <iko>67713357824771301001</iko>
                        <inn>7713357824</inn>
                        <kpp>771301001</kpp>
                        <ogrn>1027713010841</ogrn>
                        <legalAddress>127411, г МОСКВА, ш ДМИТРОВСКОЕ, дом 110</legalAddress>
                        <postalAddress>127411, Москва, Дмитровское, дом 110</postalAddress>
                        <phone>07-495-6271108</phone>
                        <email>lemz@tsr.ru</email>
                        <okato>45277574000</okato>
                        <okpo>07504063</okpo>
                    </mainInfo>
                </ns2:placer>
                <ns2:contact>
                    <firstName>Алексей</firstName>
                    <middleName>Алексеевич</middleName>
                    <lastName>Валеев</lastName>
                    <phone>+7 (495) 6271108</phone>
                    <email>zakupki.lemz@mail.ru</email>
                    <organization>
                        <mainInfo>
                            <fullName>АКЦИОНЕРНОЕ ОБЩЕСТВО "НАУЧНО-ПРОИЗВОДСТВЕННОЕ ОБЪЕДИНЕНИЕ "ЛИАНОЗОВСКИЙ ЭЛЕКТРОМЕХАНИЧЕСКИЙ ЗАВОД"</fullName>
                            <shortName>АО "НПО "ЛЭМЗ"</shortName>
                            <iko>67713357824771301001</iko>
                            <inn>7713357824</inn>
                            <kpp>771301001</kpp>
                            <ogrn>1027713010841</ogrn>
                            <legalAddress>127411, г МОСКВА, ш ДМИТРОВСКОЕ, дом 110</legalAddress>
                            <postalAddress>127411, Москва, Дмитровское, дом 110</postalAddress>
                            <phone>07-495-6271108</phone>
                            <email>lemz@tsr.ru</email>
                            <okato>45277574000</okato>
                            <okpo>07504063</okpo>
                        </mainInfo>
                    </organization>
                </ns2:contact>
                <ns2:publicationDateTime>2017-03-16T16:48:58</ns2:publicationDateTime>
                <ns2:documentationDelivery>
                    <deliveryStartDateTime>2017-03-13</deliveryStartDateTime>
                    <deliveryEndDateTime>2017-04-03</deliveryEndDateTime>
                    <place>https://etp.gpb.ru/</place>
                    <procedure>посредством размещения для скачивания и ознакомления</procedure>
                </ns2:documentationDelivery>
                <ns2:status>P</ns2:status>
                <ns2:version>2</ns2:version>
                <ns2:modificationDescription>Изложено в прилагаемой документации</ns2:modificationDescription>
                <ns2:notDishonest>true</ns2:notDishonest>
                <ns2:attachments>
                    <totalDocumentsCount>6</totalDocumentsCount>
                    <document>
                        <guid>29d2e5f3-f901-a00c-bfc5-f845f51419a3</guid>
                        <createDateTime>2017-03-13T15:52:14</createDateTime>
                        <fileName>Декларация.docx</fileName>
                        <description>Декларация</description>
                        <url>http://zakupki.gov.ru/223/purchase/public/download/download.html?id=30117751</url>
                    </document>
                    <document>
                        <guid>6eecfd83-7164-ec28-ef04-8cc0b4e46bd5</guid>
                        <createDateTime>2017-03-13T15:50:27</createDateTime>
                        <fileName>Извещение_.docx</fileName>
                        <description>Извещение</description>
                        <url>http://zakupki.gov.ru/223/purchase/public/download/download.html?id=30117752</url>
                    </document>
                    <document>
                        <guid>c26b566e-f2ef-50f5-594f-46dbcb55ca0b</guid>
                        <createDateTime>2017-03-13T15:52:02</createDateTime>
                        <fileName>График_поставки_Товара.doc</fileName>
                        <description>График поставки Товара (Приложение № 2 к Проекту Договора)</description>
                        <url>http://zakupki.gov.ru/223/purchase/public/download/download.html?id=30117754</url>
                    </document>
                    <document>
                        <guid>82969c9c-95d6-9b4c-1bd2-1fa62391c0a0</guid>
                        <createDateTime>2017-03-16T16:44:57</createDateTime>
                        <fileName>Спецификация_900.doc</fileName>
                        <description>Спецификация поставляемого Товара (Приложение № 1 к Проекту Договора)</description>
                        <url>http://zakupki.gov.ru/223/purchase/public/download/download.html?id=30117755</url>
                    </document>
                    <document>
                        <guid>fb611ecd-6dcb-3ae1-27cd-e52acc84ad59</guid>
                        <createDateTime>2017-03-13T15:50:57</createDateTime>
                        <fileName>Проект_Договора.doc</fileName>
                        <description>Проект Договора</description>
                        <url>http://zakupki.gov.ru/223/purchase/public/download/download.html?id=30117756</url>
                    </document>
                    <document>
                        <guid>9b30846a-fae2-75f0-9654-4c22961c0455</guid>
                        <createDateTime>2017-03-13T15:50:47</createDateTime>
                        <fileName>Документация_об_открытом_аукционе_в_электронной_форме_(5).docx</fileName>
                        <description>Документация об открытом аукционе в электронной форме</description>
                        <url>http://zakupki.gov.ru/223/purchase/public/download/download.html?id=30117757</url>
                    </document>
                </ns2:attachments>
                <ns2:modificationDate>2017-03-16T16:48:58</ns2:modificationDate>
                <ns2:saveUserId>33334</ns2:saveUserId>
                <ns2:deliveryPlaceIndication>DIFFERENT_PLACE</ns2:deliveryPlaceIndication>
                <ns2:emergency>false</ns2:emergency>
                <ns2:jointPurchase>false</ns2:jointPurchase>
                <ns2:electronicPlaceInfo>
                    <name>ЭТП ГПБ</name>
                    <url>https://etp.gpb.ru/</url>
                    <electronicPlaceId>125</electronicPlaceId>
                </ns2:electronicPlaceInfo>
                <ns2:placingProcedure>
                    <ns2:examinationPlace>Москва</ns2:examinationPlace>
                    <ns2:examinationDateTime>2017-04-10T09:00:00</ns2:examinationDateTime>
                    <ns2:summingupDateTime>2017-04-13T15:00:00</ns2:summingupDateTime>
                </ns2:placingProcedure>
                <ns2:submissionCloseDateTime>2017-04-03T15:00:00</ns2:submissionCloseDateTime>
                <ns2:publicationPlannedDate>2017-03-13</ns2:publicationPlannedDate>
                <ns2:lots>
                    <lot>
                        <guid>afbcc794-ffc7-0642-9384-85b0bb2ed52a</guid>
                        <ordinalNumber>1</ordinalNumber>
                        <lotEditEnabled>true</lotEditEnabled>
                        <lotData>
                            <subject>Поставка индустриальных масел на территорию АО «НПО «ЛЭМЗ», расположенного по адресу: Российская Федерация, 127411, г. Москва, Дмитровское шоссе, д. 110, в соответствии с извещением, документацией об открытом аукционе в электронной форме, Проектом Договора и Спецификацией поставляемого Товара (Приложение № 1 к Проекту Договора), графика поставки Товара (Приложение № 2 к Проекту Договора).</subject>
                            <currency>
                                <code>RUB</code>
                                <digitalCode>643</digitalCode>
                                <name>Российский рубль</name>
                            </currency>
                            <initialSum>1199250.00</initialSum>
                            <deliveryPlace>
                                <address>Российская Федерация, 127411, г. Москва, Дмитровское шоссе, д. 110.</address>
                            </deliveryPlace>
                            <lotItems>
                                <newCodes>true</newCodes>
                                <lotItem>
                                    <guid>f0caaf24-f3ba-79b8-cbcd-3576ce3e161f</guid>
                                    <ordinalNumber>1</ordinalNumber>
                                    <okpd2>
                                        <code>19.20.29.130</code>
                                        <name>Масла индустриальные</name>
                                    </okpd2>
                                    <okved2>
                                        <code>47.30.2</code>
                                        <name>Торговля розничная смазочными материалами и охлаждающими жидкостями для автотранспортных средств</name>
                                    </okved2>
                                    <okei>
                                        <code>112</code>
                                        <name>Литр; Кубический дециметр</name>
                                    </okei>
                                    <qty>18450</qty>
                                    <additionalInfo>Поставка продукции (масла индустриальные) на территорию АО "НПО "ЛЭМЗ"</additionalInfo>
                                </lotItem>
                            </lotItems>
                            <forSmallOrMiddle>true</forSmallOrMiddle>
                            <excludePurchaseFromPlan>false</excludePurchaseFromPlan>
                            <subcontractorsRequirement>false</subcontractorsRequirement>
                            <ignoredPurchase>false</ignoredPurchase>
                            <centralized>false</centralized>
                        </lotData>
                        <deliveryPlaceIndication>GL</deliveryPlaceIndication>
                        <jointLotData>
                            <jointLot>false</jointLot>
                        </jointLotData>
                        <lotPlanInfo>
                            <planRegistrationNumber>2160203019</planRegistrationNumber>
                            <planGuid>668ad19e-8e76-75bd-7e0d-6e9875a1e22b</planGuid>
                            <positionNumber>557</positionNumber>
                            <lotPlanPosition>COMMODITY</lotPlanPosition>
                            <positionGuid>b298d573-a12a-ed4e-fdd8-6a1256eb36e6</positionGuid>
                        </lotPlanInfo>
                        <cancelled>false</cancelled>
                    </lot>
                </ns2:lots>
            </ns2:purchaseNoticeData>
        </ns2:item>
    </ns2:body>
</ns2:purchaseNotice>
