<?xml version="1.0" encoding="UTF-8" standalone="yes"?>
<ns2:purchaseNotice xsi:schemaLocation="http://zakupki.gov.ru/223/integration/schema/TFF-5.2 http://zakupki.gov.ru/223/integration/schema/TFF-5.2/purchase.xsd" xmlns="http://zakupki.gov.ru/223fz/types/1" xmlns:ns10="http://zakupki.gov.ru/223fz/purchasePlan/1" xmlns:ns11="http://zakupki.gov.ru/223fz/purchasePlanProject/1" xmlns:ns12="http://zakupki.gov.ru/223fz/purchasePlanProjectAdditionalPosition/1" xmlns:ns13="http://zakupki.gov.ru/223fz/contract/1" xmlns:ns14="http://zakupki.gov.ru/223fz/missedNotice/1" xmlns:ns15="http://zakupki.gov.ru/223fz/reference/1" xmlns:ns16="http://zakupki.gov.ru/223fz/stopCommodity/1" xmlns:ns17="http://zakupki.gov.ru/223fz/decisionSuspension/1" xmlns:ns18="http://zakupki.gov.ru/223fz/purchasePlanAdditionalPosition/1" xmlns:ns19="http://zakupki.gov.ru/223fz/webRequest/1" xmlns:ns2="http://zakupki.gov.ru/223fz/purchase/1" xmlns:xsi="http://www.w3.org/2001/XMLSchema-instance" xmlns:ns3="http://zakupki.gov.ru/223fz/dishonestSupplier/1" xmlns:ns4="http://zakupki.gov.ru/223fz/machineryListInfo/1" xmlns:ns5="http://zakupki.gov.ru/223fz/revenue/1" xmlns:ns6="http://zakupki.gov.ru/223fz/orderClauseList/1" xmlns:ns7="http://zakupki.gov.ru/223fz/disagreementProtocol/1" xmlns:ns8="http://zakupki.gov.ru/223fz/complaint/1" xmlns:ns9="http://zakupki.gov.ru/223fz/notificationIssue/1">
    <header>
        <guid>ce4dffdd-de5f-4846-9115-48e0f75ada8b</guid>
        <createDateTime>2017-03-16T17:09:38</createDateTime>
    </header>
    <ns2:body>
        <ns2:item>
            <guid>1798c4ac-1ecc-aacc-49c5-6c0d5f68757c</guid>
            <ns2:purchaseNoticeData>
                <ns2:guid>1798c4ac-1ecc-aacc-49c5-6c0d5f68757c</ns2:guid>
                <ns2:createDateTime>2017-03-16T17:03:05</ns2:createDateTime>
                <ns2:urlOOS>https://zakupki.gov.ru/223/purchase/private/purchase/notice-info/details.html?noticeInfoId=5887855</ns2:urlOOS>
                <ns2:urlVSRZ>https://etpgaz.gazprombank.ru/#com/procedure/view/procedure/85417</ns2:urlVSRZ>
                <ns2:registrationNumber>31704899560</ns2:registrationNumber>
                <ns2:name>Техническое обслуживание и ремонт газового оборудования и газопроводов Центрального филиала ООО "Газпром энерго"</ns2:name>
                <ns2:customer>
                    <mainInfo>
                        <fullName>Общество с ограниченной ответственностью "Газпром энерго"</fullName>
                        <shortName>ООО "Газпром энерго"</shortName>
                        <iko>57736186950773601001</iko>
                        <inn>7736186950</inn>
                        <kpp>773601001</kpp>
                        <ogrn>1027739841370</ogrn>
                        <legalAddress>117939, Москва, Строителей, дом 8, корпус 1</legalAddress>
                        <postalAddress>119526, Москва город, Вернадского проспект, дом 101, корпус 3</postalAddress>
                        <phone>7-495-4284560</phone>
                        <fax>7-495-4284560</fax>
                        <email>info@adm.energo.gazprom.ru</email>
                        <okato>45293558000</okato>
                        <okpo>18584757</okpo>
                    </mainInfo>
                </ns2:customer>
                <ns2:purchaseMethodCode>8993</ns2:purchaseMethodCode>
                <ns2:purchaseCodeName>29 (Газпром) Открытый запрос предложений в электронной форме</ns2:purchaseCodeName>
                <ns2:placer>
                    <mainInfo>
                        <fullName>Общество с ограниченной ответственностью "Газпром энерго"</fullName>
                        <shortName>ООО "Газпром энерго"</shortName>
                        <iko>57736186950773601001</iko>
                        <inn>7736186950</inn>
                        <kpp>773601001</kpp>
                        <ogrn>1027739841370</ogrn>
                        <legalAddress>117939, Москва, Строителей, дом 8, корпус 1</legalAddress>
                        <postalAddress>119526, Москва город, Вернадского проспект, дом 101, корпус 3</postalAddress>
                        <phone>7-495-4284560</phone>
                        <fax>7-495-4284560</fax>
                        <email>info@adm.energo.gazprom.ru</email>
                        <okato>45293558000</okato>
                        <okpo>18584757</okpo>
                    </mainInfo>
                </ns2:placer>
                <ns2:contact>
                    <firstName>Павел</firstName>
                    <middleName>Павлович</middleName>
                    <lastName>Полетаев</lastName>
                    <phone>+7 (495) 4284560</phone>
                    <email>tender@adm.energo.gazprom.ru</email>
                    <organization>
                        <mainInfo>
                            <fullName>Общество с ограниченной ответственностью "Газпром энерго"</fullName>
                            <shortName>ООО "Газпром энерго"</shortName>
                            <iko>57736186950773601001</iko>
                            <inn>7736186950</inn>
                            <kpp>773601001</kpp>
                            <ogrn>1027739841370</ogrn>
                            <legalAddress>117939, Москва, Строителей, дом 8, корпус 1</legalAddress>
                            <postalAddress>119526, Москва город, Вернадского проспект, дом 101, корпус 3</postalAddress>
                            <phone>7-495-4284560</phone>
                            <fax>7-495-4284560</fax>
                            <email>info@adm.energo.gazprom.ru</email>
                            <okato>45293558000</okato>
                            <okpo>18584757</okpo>
                        </mainInfo>
                    </organization>
                </ns2:contact>
                <ns2:publicationDateTime>2017-03-16T17:09:38</ns2:publicationDateTime>
                <ns2:documentationDelivery>
                    <deliveryStartDateTime>2017-03-16</deliveryStartDateTime>
                    <deliveryEndDateTime>2017-03-24</deliveryEndDateTime>
                    <place>https://etpgaz.gazprombank.ru http://zakupki.gov.ru/223</place>
                    <procedure>Путем скачивания файлов в электронной форме</procedure>
                </ns2:documentationDelivery>
                <ns2:status>P</ns2:status>
                <ns2:version>1</ns2:version>
                <ns2:notDishonest>false</ns2:notDishonest>
                <ns2:attachments>
                    <totalDocumentsCount>1</totalDocumentsCount>
                    <document>
                        <guid>4707e39e-fd76-8feb-f621-a0a3f9e1b364</guid>
                        <createDateTime>2017-03-16T17:00:53</createDateTime>
                        <fileName>ДОКУМЕНТАЦИЯ_0064.rar</fileName>
                        <description>ДОКУМЕНТАЦИЯ 0064.rar</description>
                        <url>http://zakupki.gov.ru/223/purchase/public/download/download.html?id=30118560</url>
                    </document>
                </ns2:attachments>
                <ns2:modificationDate>2017-03-16T17:09:38</ns2:modificationDate>
                <ns2:saveUserId>52922</ns2:saveUserId>
                <ns2:deliveryPlaceIndication>DIFFERENT_PLACE</ns2:deliveryPlaceIndication>
                <ns2:emergency>false</ns2:emergency>
                <ns2:jointPurchase>false</ns2:jointPurchase>
                <ns2:electronicPlaceInfo>
                    <name>ЭТП ГПБ</name>
                    <url>https://etpgaz.gazprombank.ru/</url>
                    <electronicPlaceId>115</electronicPlaceId>
                </ns2:electronicPlaceInfo>
                <ns2:placingProcedure>
                    <ns2:examinationPlace>119526, г. Москва, проспект Вернадского, д. 101, корп. 3.</ns2:examinationPlace>
                    <ns2:examinationDateTime>2017-03-31T16:00:00</ns2:examinationDateTime>
                    <ns2:summingupDateTime>2017-03-31T16:00:00</ns2:summingupDateTime>
                </ns2:placingProcedure>
                <ns2:submissionCloseDateTime>2017-03-24T12:00:00</ns2:submissionCloseDateTime>
                <ns2:publicationPlannedDate>2017-03-16</ns2:publicationPlannedDate>
                <ns2:lots>
                    <lot>
                        <guid>adfbd985-f7cd-fdd5-8ad1-5e505e8e7025</guid>
                        <ordinalNumber>1</ordinalNumber>
                        <lotEditEnabled>true</lotEditEnabled>
                        <lotData>
                            <subject>Техническое обслуживание и ремонт газового оборудования и газопроводов Центрального филиала ООО "Газпром энерго"</subject>
                            <currency>
                                <code>RUB</code>
                                <digitalCode>643</digitalCode>
                                <name>Российский рубль</name>
                            </currency>
                            <initialSum>500000.00</initialSum>
                            <deliveryPlace>
                                <address>Согласно закупочной документации</address>
                            </deliveryPlace>
                            <lotItems>
                                <newCodes>true</newCodes>
                                <lotItem>
                                    <guid>fe08864a-6609-62ed-8f19-6f7c4bc4d6b0</guid>
                                    <ordinalNumber>1</ordinalNumber>
                                    <okpd2>
                                        <code>33.19.1</code>
                                        <name>Услуги по ремонту прочего оборудования</name>
                                    </okpd2>
                                    <okved2>
                                        <code>33.19</code>
                                        <name>Ремонт прочего оборудования</name>
                                    </okved2>
                                    <okei>
                                        <code>876</code>
                                        <name>Условная единица</name>
                                    </okei>
                                    <qty>1</qty>
                                    <additionalInfo>Техническое обслуживание и ремонт газового оборудования и газопроводов Центрального филиала ООО "Газпром энерго"</additionalInfo>
                                </lotItem>
                            </lotItems>
                            <forSmallOrMiddle>false</forSmallOrMiddle>
                            <excludePurchaseFromPlan>false</excludePurchaseFromPlan>
                            <subcontractorsRequirement>false</subcontractorsRequirement>
                            <ignoredPurchase>false</ignoredPurchase>
                            <centralized>false</centralized>
                        </lotData>
                        <deliveryPlaceIndication>GL</deliveryPlaceIndication>
                        <jointLotData>
                            <jointLot>false</jointLot>
                        </jointLotData>
                        <lotPlanInfo>
                            <planRegistrationNumber>2170220691</planRegistrationNumber>
                            <planGuid>58ca6330-55e6-4d9a-e100-00000a388ca6</planGuid>
                            <positionNumber>86</positionNumber>
                            <lotPlanPosition>COMMODITY</lotPlanPosition>
                            <positionGuid>57faab0e-6610-4cac-e100-00000a388ca5</positionGuid>
                        </lotPlanInfo>
                        <cancelled>false</cancelled>
                    </lot>
                </ns2:lots>
            </ns2:purchaseNoticeData>
        </ns2:item>
    </ns2:body>
</ns2:purchaseNotice>
