<?xml version="1.0" encoding="UTF-8" standalone="yes"?>
<ns2:purchaseNotice xsi:schemaLocation="http://zakupki.gov.ru/223/integration/schema/TFF-5.2 http://zakupki.gov.ru/223/integration/schema/TFF-5.2/purchase.xsd" xmlns="http://zakupki.gov.ru/223fz/types/1" xmlns:ns10="http://zakupki.gov.ru/223fz/purchasePlan/1" xmlns:ns11="http://zakupki.gov.ru/223fz/purchasePlanProject/1" xmlns:ns12="http://zakupki.gov.ru/223fz/purchasePlanProjectAdditionalPosition/1" xmlns:ns13="http://zakupki.gov.ru/223fz/contract/1" xmlns:ns14="http://zakupki.gov.ru/223fz/missedNotice/1" xmlns:ns15="http://zakupki.gov.ru/223fz/reference/1" xmlns:ns16="http://zakupki.gov.ru/223fz/stopCommodity/1" xmlns:ns17="http://zakupki.gov.ru/223fz/decisionSuspension/1" xmlns:ns18="http://zakupki.gov.ru/223fz/purchasePlanAdditionalPosition/1" xmlns:ns19="http://zakupki.gov.ru/223fz/webRequest/1" xmlns:ns2="http://zakupki.gov.ru/223fz/purchase/1" xmlns:xsi="http://www.w3.org/2001/XMLSchema-instance" xmlns:ns3="http://zakupki.gov.ru/223fz/dishonestSupplier/1" xmlns:ns4="http://zakupki.gov.ru/223fz/machineryListInfo/1" xmlns:ns5="http://zakupki.gov.ru/223fz/revenue/1" xmlns:ns6="http://zakupki.gov.ru/223fz/orderClauseList/1" xmlns:ns7="http://zakupki.gov.ru/223fz/disagreementProtocol/1" xmlns:ns8="http://zakupki.gov.ru/223fz/complaint/1" xmlns:ns9="http://zakupki.gov.ru/223fz/notificationIssue/1">
    <header>
        <guid>be6e4158-7131-4d13-82ae-a9b2697ba759</guid>
        <createDateTime>2017-03-16T18:26:02</createDateTime>
    </header>
    <ns2:body>
        <ns2:item>
            <guid>fd359486-44e0-4774-97f1-df7f4e0e3a39</guid>
            <ns2:purchaseNoticeData>
                <ns2:guid>fd359486-44e0-4774-97f1-df7f4e0e3a39</ns2:guid>
                <ns2:createDateTime>2017-03-16T18:22:46</ns2:createDateTime>
                <ns2:urlOOS>https://zakupki.gov.ru/223/purchase/private/purchase/notice-info/details.html?noticeInfoId=5888304</ns2:urlOOS>
                <ns2:registrationNumber>31704899923</ns2:registrationNumber>
                <ns2:name>Поставка химических материалов</ns2:name>
                <ns2:customer>
                    <mainInfo>
                        <fullName>ОБЩЕСТВО С ОГРАНИЧЕННОЙ ОТВЕТСТВЕННОСТЬЮ "А-ТЕХНИКС"</fullName>
                        <shortName>ООО "А-ТЕХНИКС"</shortName>
                        <iko>57729485719772901001</iko>
                        <inn>7729485719</inn>
                        <kpp>772901001</kpp>
                        <ogrn>5157746146212</ogrn>
                        <legalAddress>119027, Г МОСКВА, ТЕР ВНУКОВО АЭРОПОРТ, дом ДОМ 1, корпус СТРОЕНИЕ 19</legalAddress>
                        <postalAddress>119027, Москва, территория Внуково аэропорт, дом 1 строение 19</postalAddress>
                        <phone>7-915-2577537</phone>
                        <email>korobovich@atechnics.ru</email>
                        <okato>45268552000</okato>
                        <okpo>52591571</okpo>
                    </mainInfo>
                </ns2:customer>
                <ns2:purchaseMethodCode>134853</ns2:purchaseMethodCode>
                <ns2:purchaseCodeName>Запрос предложений (ФЗ 223)</ns2:purchaseCodeName>
                <ns2:placer>
                    <mainInfo>
                        <fullName>ОБЩЕСТВО С ОГРАНИЧЕННОЙ ОТВЕТСТВЕННОСТЬЮ "А-ТЕХНИКС"</fullName>
                        <shortName>ООО "А-ТЕХНИКС"</shortName>
                        <iko>57729485719772901001</iko>
                        <inn>7729485719</inn>
                        <kpp>772901001</kpp>
                        <ogrn>5157746146212</ogrn>
                        <legalAddress>119027, Г МОСКВА, ТЕР ВНУКОВО АЭРОПОРТ, дом ДОМ 1, корпус СТРОЕНИЕ 19</legalAddress>
                        <postalAddress>119027, Москва, территория Внуково аэропорт, дом 1 строение 19</postalAddress>
                        <phone>7-915-2577537</phone>
                        <email>korobovich@atechnics.ru</email>
                        <okato>45268552000</okato>
                        <okpo>52591571</okpo>
                    </mainInfo>
                </ns2:placer>
                <ns2:contact>
                    <firstName>Мария</firstName>
                    <middleName>Игоревна</middleName>
                    <lastName>Хаустова</lastName>
                    <phone>+7 (499) 4043547</phone>
                    <email>materialsupport@atechnics.ru</email>
                    <organization>
                        <mainInfo>
                            <fullName>ОБЩЕСТВО С ОГРАНИЧЕННОЙ ОТВЕТСТВЕННОСТЬЮ "А-ТЕХНИКС"</fullName>
                            <shortName>ООО "А-ТЕХНИКС"</shortName>
                            <iko>57729485719772901001</iko>
                            <inn>7729485719</inn>
                            <kpp>772901001</kpp>
                            <ogrn>5157746146212</ogrn>
                            <legalAddress>119027, Г МОСКВА, ТЕР ВНУКОВО АЭРОПОРТ, дом ДОМ 1, корпус СТРОЕНИЕ 19</legalAddress>
                            <postalAddress>119027, Москва, территория Внуково аэропорт, дом 1 строение 19</postalAddress>
                            <phone>7-915-2577537</phone>
                            <email>korobovich@atechnics.ru</email>
                            <okato>45268552000</okato>
                            <okpo>52591571</okpo>
                        </mainInfo>
                    </organization>
                </ns2:contact>
                <ns2:publicationDateTime>2017-03-16T18:26:02</ns2:publicationDateTime>
                <ns2:documentationDelivery>
                    <deliveryStartDateTime>2017-03-16</deliveryStartDateTime>
                    <deliveryEndDateTime>2017-03-24</deliveryEndDateTime>
                    <place>ttps://www.teclot.com</place>
                    <procedure>в соответствии с требованиями указанным в закупочной документации, размещенной на ЭТП https://www.teclot.com</procedure>
                </ns2:documentationDelivery>
                <ns2:status>P</ns2:status>
                <ns2:version>1</ns2:version>
                <ns2:notDishonest>false</ns2:notDishonest>
                <ns2:attachments>
                    <totalDocumentsCount>1</totalDocumentsCount>
                    <document>
                        <guid>d7d2336b-8eae-467f-a195-6b2ccbfe8303</guid>
                        <createDateTime>2017-03-16T18:25:50</createDateTime>
                        <fileName>Документация и извещение поставка хим. материалов LPEC 777-737.docx</fileName>
                        <description>Документация и извещение поставка хим. материалов LPEC 777-737</description>
                        <url>http://zakupki.gov.ru/223/purchase/public/download/download.html?id=30120721</url>
                    </document>
                </ns2:attachments>
                <ns2:modificationDate>2017-03-16T18:26:02</ns2:modificationDate>
                <ns2:saveUserId>260729</ns2:saveUserId>
                <ns2:deliveryPlaceIndication>SINGLE_PLACE</ns2:deliveryPlaceIndication>
                <ns2:emergency>false</ns2:emergency>
                <ns2:jointPurchase>false</ns2:jointPurchase>
                <ns2:electronicPlaceInfo>
                    <name>Teclot.com</name>
                    <url>www.Teclot.com</url>
                    <electronicPlaceId>428</electronicPlaceId>
                </ns2:electronicPlaceInfo>
                <ns2:placingProcedure>
                    <ns2:examinationPlace>г. Москва, 119027, г. Москва, территория Внуково аэропорт дом 1 строение 19.</ns2:examinationPlace>
                    <ns2:examinationDateTime>2017-03-28T14:00:00</ns2:examinationDateTime>
                    <ns2:summingupDateTime>2017-03-28T16:00:00</ns2:summingupDateTime>
                </ns2:placingProcedure>
                <ns2:submissionCloseDateTime>2017-03-24T10:00:00</ns2:submissionCloseDateTime>
                <ns2:publicationPlannedDate>2017-03-16</ns2:publicationPlannedDate>
                <ns2:lots>
                    <lot>
                        <guid>ab8b100f-914a-4ef8-a5be-dfd670106158</guid>
                        <ordinalNumber>1</ordinalNumber>
                        <lotEditEnabled>false</lotEditEnabled>
                        <lotData>
                            <subject>Поставка химических материалов</subject>
                            <currency>
                                <code>RUB</code>
                                <digitalCode>643</digitalCode>
                                <name>Российский рубль</name>
                            </currency>
                            <initialSum>3000000.00</initialSum>
                            <deliveryPlace>
                                <state>Центральный федеральный округ</state>
                                <region>Москва</region>
                                <regionOkato>45000000000</regionOkato>
                                <address>119027, г. Москва, территория Внуково аэропорт дом 1 строение 19</address>
                            </deliveryPlace>
                            <lotItems>
                                <newCodes>true</newCodes>
                                <lotItem>
                                    <guid>e42b2de9-27ea-40ef-a77f-98d5a09be457</guid>
                                    <ordinalNumber>1</ordinalNumber>
                                    <okpd2>
                                        <code>19.20.29</code>
                                        <name>Масла нефтяные смазочные; дистилляты тяжелые, не включенные в другие группировки</name>
                                    </okpd2>
                                    <okved2>
                                        <code>19.20</code>
                                        <name>Производство нефтепродуктов</name>
                                    </okved2>
                                    <okei>
                                        <code>642</code>
                                        <name>Единица</name>
                                    </okei>
                                    <qty>49</qty>
                                </lotItem>
                            </lotItems>
                            <forSmallOrMiddle>false</forSmallOrMiddle>
                            <excludePurchaseFromPlan>false</excludePurchaseFromPlan>
                            <subcontractorsRequirement>false</subcontractorsRequirement>
                            <ignoredPurchase>false</ignoredPurchase>
                            <centralized>false</centralized>
                        </lotData>
                        <deliveryPlaceIndication>GL</deliveryPlaceIndication>
                        <jointLotData>
                            <jointLot>false</jointLot>
                        </jointLotData>
                        <lotPlanInfo>
                            <planRegistrationNumber>2160219187</planRegistrationNumber>
                            <planGuid>bd04d2cd-8d92-46a8-8bb8-139ca75289ce</planGuid>
                            <positionNumber>52</positionNumber>
                            <lotPlanPosition>COMMODITY</lotPlanPosition>
                            <positionGuid>f967a7b0-cb00-4a47-824f-5a8b2e40cb70</positionGuid>
                        </lotPlanInfo>
                        <cancelled>false</cancelled>
                    </lot>
                </ns2:lots>
            </ns2:purchaseNoticeData>
        </ns2:item>
    </ns2:body>
</ns2:purchaseNotice>
