<?xml version="1.0" encoding="UTF-8" standalone="yes"?>
<ns2:purchaseNotice xsi:schemaLocation="http://zakupki.gov.ru/223/integration/schema/TFF-5.2 http://zakupki.gov.ru/223/integration/schema/TFF-5.2/purchase.xsd" xmlns="http://zakupki.gov.ru/223fz/types/1" xmlns:ns10="http://zakupki.gov.ru/223fz/purchasePlan/1" xmlns:ns11="http://zakupki.gov.ru/223fz/purchasePlanProject/1" xmlns:ns12="http://zakupki.gov.ru/223fz/purchasePlanProjectAdditionalPosition/1" xmlns:ns13="http://zakupki.gov.ru/223fz/contract/1" xmlns:ns14="http://zakupki.gov.ru/223fz/missedNotice/1" xmlns:ns15="http://zakupki.gov.ru/223fz/reference/1" xmlns:ns16="http://zakupki.gov.ru/223fz/stopCommodity/1" xmlns:ns17="http://zakupki.gov.ru/223fz/decisionSuspension/1" xmlns:ns18="http://zakupki.gov.ru/223fz/purchasePlanAdditionalPosition/1" xmlns:ns19="http://zakupki.gov.ru/223fz/webRequest/1" xmlns:ns2="http://zakupki.gov.ru/223fz/purchase/1" xmlns:xsi="http://www.w3.org/2001/XMLSchema-instance" xmlns:ns3="http://zakupki.gov.ru/223fz/dishonestSupplier/1" xmlns:ns4="http://zakupki.gov.ru/223fz/machineryListInfo/1" xmlns:ns5="http://zakupki.gov.ru/223fz/revenue/1" xmlns:ns6="http://zakupki.gov.ru/223fz/orderClauseList/1" xmlns:ns7="http://zakupki.gov.ru/223fz/disagreementProtocol/1" xmlns:ns8="http://zakupki.gov.ru/223fz/complaint/1" xmlns:ns9="http://zakupki.gov.ru/223fz/notificationIssue/1">
    <header>
        <guid>13c5a4f7-2e10-4326-8a90-a49449d0bc48</guid>
        <createDateTime>2017-03-16T16:14:16</createDateTime>
    </header>
    <ns2:body>
        <ns2:item>
            <guid>7268fb30-996a-4e4c-83a2-341d25356c89</guid>
            <ns2:purchaseNoticeData>
                <ns2:guid>7268fb30-996a-4e4c-83a2-341d25356c89</ns2:guid>
                <ns2:createDateTime>2017-03-16T16:10:39</ns2:createDateTime>
                <ns2:urlOOS>https://zakupki.gov.ru/223/purchase/private/purchase/notice-info/details.html?noticeInfoId=5887323</ns2:urlOOS>
                <ns2:registrationNumber>31704899047</ns2:registrationNumber>
                <ns2:name>Обеспечение пультовой охраны объектов Московского отделения ЗАО "Газинком"</ns2:name>
                <ns2:customer>
                    <mainInfo>
                        <fullName>Закрытое акционерное общество "Газинком"</fullName>
                        <shortName>ЗАО "Газинком"</shortName>
                        <iko>77728227539772801001</iko>
                        <inn>7728227539</inn>
                        <kpp>772801001</kpp>
                        <ogrn>1037739034541</ogrn>
                        <legalAddress>117997, г Москва, ул Наметкина, дом 16</legalAddress>
                        <postalAddress>142717, Московская Область, Развилка Поселок, дом -, корпус -, строение -</postalAddress>
                        <phone>7-498-6574945</phone>
                        <fax>7-498-6574941</fax>
                        <email>info@gazinkom.ru</email>
                        <okato>45293590000</okato>
                        <okpo>55230359</okpo>
                    </mainInfo>
                </ns2:customer>
                <ns2:purchaseMethodCode>9503</ns2:purchaseMethodCode>
                <ns2:purchaseCodeName>37 (Газпром) Закупка у единственного поставщика (подрядчика, исполнителя)</ns2:purchaseCodeName>
                <ns2:placer>
                    <mainInfo>
                        <fullName>Закрытое акционерное общество "Газинком"</fullName>
                        <shortName>ЗАО "Газинком"</shortName>
                        <iko>77728227539772801001</iko>
                        <inn>7728227539</inn>
                        <kpp>772801001</kpp>
                        <ogrn>1037739034541</ogrn>
                        <legalAddress>117997, г Москва, ул Наметкина, дом 16</legalAddress>
                        <postalAddress>142717, Московская Область, Развилка Поселок, дом -, корпус -, строение -</postalAddress>
                        <phone>7-498-6574945</phone>
                        <fax>7-498-6574941</fax>
                        <email>info@gazinkom.ru</email>
                        <okato>45293590000</okato>
                        <okpo>55230359</okpo>
                    </mainInfo>
                </ns2:placer>
                <ns2:contact>
                    <phone>+7 (498) 6574386</phone>
                    <email>kutueva@gazinkom.ru</email>
                    <organization>
                        <mainInfo>
                            <fullName>Закрытое акционерное общество "Газинком"</fullName>
                            <shortName>ЗАО "Газинком"</shortName>
                            <iko>77728227539772801001</iko>
                            <inn>7728227539</inn>
                            <kpp>772801001</kpp>
                            <ogrn>1037739034541</ogrn>
                            <legalAddress>117997, г Москва, ул Наметкина, дом 16</legalAddress>
                            <postalAddress>142717, Московская Область, Развилка Поселок, дом -, корпус -, строение -</postalAddress>
                            <phone>7-498-6574945</phone>
                            <fax>7-498-6574941</fax>
                            <email>info@gazinkom.ru</email>
                            <okato>45293590000</okato>
                            <okpo>55230359</okpo>
                        </mainInfo>
                    </organization>
                </ns2:contact>
                <ns2:publicationDateTime>2017-03-16T16:14:16</ns2:publicationDateTime>
                <ns2:documentationDelivery>
                    <deliveryStartDateTime>2017-03-16</deliveryStartDateTime>
                    <deliveryEndDateTime>2017-03-16</deliveryEndDateTime>
                    <place>В электронном виде размещена на Официальном сайте</place>
                    <procedure>В электронном виде размещена на Официальном сайте</procedure>
                </ns2:documentationDelivery>
                <ns2:status>P</ns2:status>
                <ns2:version>1</ns2:version>
                <ns2:notDishonest>false</ns2:notDishonest>
                <ns2:attachments>
                    <totalDocumentsCount>2</totalDocumentsCount>
                    <document>
                        <guid>ecda7ed8-72cd-425c-8db5-55b6ef312ba2</guid>
                        <createDateTime>2017-03-16T16:13:36</createDateTime>
                        <fileName>Проект договора.docx</fileName>
                        <description>Проект договора</description>
                        <url>http://zakupki.gov.ru/223/purchase/public/download/download.html?id=30116008</url>
                    </document>
                    <document>
                        <guid>1b7bc425-1c6f-45f2-9d5f-0a730e3d4a3a</guid>
                        <createDateTime>2017-03-16T16:13:21</createDateTime>
                        <fileName>Документация для едпоставщика пультовая охрана.doc</fileName>
                        <description>Документация для едпоставщика пультовая охрана</description>
                        <url>http://zakupki.gov.ru/223/purchase/public/download/download.html?id=30115997</url>
                    </document>
                </ns2:attachments>
                <ns2:modificationDate>2017-03-16T16:14:16</ns2:modificationDate>
                <ns2:saveUserId>29950</ns2:saveUserId>
                <ns2:deliveryPlaceIndication>DIFFERENT_PLACE</ns2:deliveryPlaceIndication>
                <ns2:emergency>false</ns2:emergency>
                <ns2:jointPurchase>false</ns2:jointPurchase>
                <ns2:placingProcedure>
                    <ns2:examinationPlace>РФ, 142717, Московская область, Ленинский район, поселок Развилка, кабинет №205</ns2:examinationPlace>
                    <ns2:examinationDateTime>2017-03-16T16:30:00</ns2:examinationDateTime>
                    <ns2:summingupDateTime>2017-03-16T16:35:00</ns2:summingupDateTime>
                    <ns2:summingupPlace>РФ, 142717, Московская область, Ленинский район, поселок Развилка, кабинет №205</ns2:summingupPlace>
                </ns2:placingProcedure>
                <ns2:submissionCloseDateTime>2017-03-16T16:25:00</ns2:submissionCloseDateTime>
                <ns2:publicationPlannedDate>2017-03-16</ns2:publicationPlannedDate>
                <ns2:lots>
                    <lot>
                        <guid>ebf2051e-fd15-4e9a-b46c-62cdddc26b65</guid>
                        <ordinalNumber>1</ordinalNumber>
                        <lotEditEnabled>false</lotEditEnabled>
                        <lotData>
                            <subject>Обеспечение пультовой охраны объектов</subject>
                            <currency>
                                <code>RUB</code>
                                <digitalCode>643</digitalCode>
                                <name>Российский рубль</name>
                            </currency>
                            <initialSum>219000.00</initialSum>
                            <deliveryPlace>
                                <state>Центральный федеральный округ</state>
                                <region>Московская   обл</region>
                                <regionOkato>46000000000</regionOkato>
                                <address>Московская область, Ленинский район, поселок Развилка</address>
                            </deliveryPlace>
                            <lotItems>
                                <newCodes>true</newCodes>
                                <lotItem>
                                    <guid>213ce865-1910-4bb0-a7fb-0038b2b4d780</guid>
                                    <ordinalNumber>1</ordinalNumber>
                                    <okpd2>
                                        <code>80.10</code>
                                        <name>Услуги частных охранных служб</name>
                                    </okpd2>
                                    <okved2>
                                        <code>80.1</code>
                                        <name>Деятельность частных охранных служб</name>
                                    </okved2>
                                    <okei>
                                        <code>876</code>
                                        <name>Условная единица</name>
                                    </okei>
                                    <qty>1</qty>
                                </lotItem>
                            </lotItems>
                            <forSmallOrMiddle>false</forSmallOrMiddle>
                            <excludePurchaseFromPlan>false</excludePurchaseFromPlan>
                            <subcontractorsRequirement>false</subcontractorsRequirement>
                            <ignoredPurchase>false</ignoredPurchase>
                            <centralized>false</centralized>
                        </lotData>
                        <deliveryPlaceIndication>GL</deliveryPlaceIndication>
                        <jointLotData>
                            <jointLot>false</jointLot>
                        </jointLotData>
                        <lotPlanInfo>
                            <planRegistrationNumber>2160209803</planRegistrationNumber>
                            <planGuid>3a37c1f7-4002-4ab3-bc20-93e6af2b5f94</planGuid>
                            <positionNumber>17</positionNumber>
                            <lotPlanPosition>COMMODITY</lotPlanPosition>
                            <positionGuid>5edcaa36-ca11-4229-95e9-7f704f4857ec</positionGuid>
                        </lotPlanInfo>
                        <cancelled>false</cancelled>
                    </lot>
                </ns2:lots>
            </ns2:purchaseNoticeData>
        </ns2:item>
    </ns2:body>
</ns2:purchaseNotice>
