<?xml version="1.0" encoding="UTF-8" standalone="yes"?>
<ns2:purchaseNotice xsi:schemaLocation="http://zakupki.gov.ru/223/integration/schema/TFF-5.2 http://zakupki.gov.ru/223/integration/schema/TFF-5.2/purchase.xsd" xmlns="http://zakupki.gov.ru/223fz/types/1" xmlns:ns10="http://zakupki.gov.ru/223fz/purchasePlan/1" xmlns:ns11="http://zakupki.gov.ru/223fz/purchasePlanProject/1" xmlns:ns12="http://zakupki.gov.ru/223fz/purchasePlanProjectAdditionalPosition/1" xmlns:ns13="http://zakupki.gov.ru/223fz/contract/1" xmlns:ns14="http://zakupki.gov.ru/223fz/missedNotice/1" xmlns:ns15="http://zakupki.gov.ru/223fz/reference/1" xmlns:ns16="http://zakupki.gov.ru/223fz/stopCommodity/1" xmlns:ns17="http://zakupki.gov.ru/223fz/decisionSuspension/1" xmlns:ns18="http://zakupki.gov.ru/223fz/purchasePlanAdditionalPosition/1" xmlns:ns19="http://zakupki.gov.ru/223fz/webRequest/1" xmlns:ns2="http://zakupki.gov.ru/223fz/purchase/1" xmlns:xsi="http://www.w3.org/2001/XMLSchema-instance" xmlns:ns3="http://zakupki.gov.ru/223fz/dishonestSupplier/1" xmlns:ns4="http://zakupki.gov.ru/223fz/machineryListInfo/1" xmlns:ns5="http://zakupki.gov.ru/223fz/revenue/1" xmlns:ns6="http://zakupki.gov.ru/223fz/orderClauseList/1" xmlns:ns7="http://zakupki.gov.ru/223fz/disagreementProtocol/1" xmlns:ns8="http://zakupki.gov.ru/223fz/complaint/1" xmlns:ns9="http://zakupki.gov.ru/223fz/notificationIssue/1">
    <header>
        <guid>dc2f89c4-2ea7-448c-a0af-cbdb43cd2a59</guid>
        <createDateTime>2017-03-16T17:11:07</createDateTime>
    </header>
    <ns2:body>
        <ns2:item>
            <guid>0744d639-1516-4777-80fe-95f67b8c74ed</guid>
            <ns2:purchaseNoticeData>
                <ns2:guid>0744d639-1516-4777-80fe-95f67b8c74ed</ns2:guid>
                <ns2:createDateTime>2017-03-16T16:05:16</ns2:createDateTime>
                <ns2:urlOOS>https://zakupki.gov.ru/223/purchase/private/purchase/notice-info/details.html?noticeInfoId=5887253</ns2:urlOOS>
                <ns2:registrationNumber>31704899575</ns2:registrationNumber>
                <ns2:name>Открытый одноэтапный конкурс в электронной форме без квалификационного отбора на право заключения договора на выполнение работ по изготовлению и поставке продукции "Годовой отчет за 2016 год о деятельности ГК "Ростех"</ns2:name>
                <ns2:customer>
                    <mainInfo>
                        <fullName>ГОСУДАРСТВЕННАЯ КОРПОРАЦИЯ ПО СОДЕЙСТВИЮ РАЗРАБОТКЕ, ПРОИЗВОДСТВУ И ЭКСПОРТУ ВЫСОКОТЕХНОЛОГИЧНОЙ ПРОМЫШЛЕННОЙ ПРОДУКЦИИ "РОСТЕХ"</fullName>
                        <shortName>ГОСУДАРСТВЕННАЯ КОРПОРАЦИЯ "РОСТЕХ"</shortName>
                        <iko>57704274402770401001</iko>
                        <inn>7704274402</inn>
                        <kpp>770401001</kpp>
                        <ogrn>1077799030847</ogrn>
                        <legalAddress>119991, г МОСКВА, б-р ГОГОЛЕВСКИЙ, дом 21, корпус 1</legalAddress>
                        <postalAddress>119991, Москва город, Гоголевский бульвар, дом 21, строение 1</postalAddress>
                        <phone>7-495-2872500</phone>
                        <fax>7-495-2872500</fax>
                        <email>Zakupki@rostechn.ru</email>
                        <okato>45286552000</okato>
                        <okpo>94137372</okpo>
                    </mainInfo>
                </ns2:customer>
                <ns2:purchaseMethodCode>109840</ns2:purchaseMethodCode>
                <ns2:purchaseCodeName>Конкурс в электронной форме</ns2:purchaseCodeName>
                <ns2:placer>
                    <mainInfo>
                        <fullName>ОБЩЕСТВО С ОГРАНИЧЕННОЙ ОТВЕТСТВЕННОСТЬЮ "РТ-КОМПЛЕКТИМПЕКС"</fullName>
                        <shortName>ООО "РТ-КОМПЛЕКТИМПЕКС"</shortName>
                        <iko>57704756043770401001</iko>
                        <inn>7704756043</inn>
                        <kpp>770401001</kpp>
                        <ogrn>1107746456091</ogrn>
                        <legalAddress>119048, Г МОСКВА, УЛ УСАЧЁВА, дом 24</legalAddress>
                        <postalAddress>115230, 1-й Нагатинский пр-д, д.10</postalAddress>
                        <phone>7-495-8255050-105</phone>
                        <fax>7-499-8255050</fax>
                        <email>avrybin@rt-ci.ru</email>
                        <okato>45286590000</okato>
                        <okpo>66832392</okpo>
                    </mainInfo>
                </ns2:placer>
                <ns2:contact>
                    <firstName>Алексей</firstName>
                    <middleName>Витальевич</middleName>
                    <lastName>Рыбин</lastName>
                    <phone>+7 (495) 8255050, доб.: 105</phone>
                    <fax>+7 (495) 8255050</fax>
                    <email>avrybin@rt-ci.ru</email>
                    <organization>
                        <mainInfo>
                            <fullName>ГОСУДАРСТВЕННАЯ КОРПОРАЦИЯ ПО СОДЕЙСТВИЮ РАЗРАБОТКЕ, ПРОИЗВОДСТВУ И ЭКСПОРТУ ВЫСОКОТЕХНОЛОГИЧНОЙ ПРОМЫШЛЕННОЙ ПРОДУКЦИИ "РОСТЕХ"</fullName>
                            <shortName>ГОСУДАРСТВЕННАЯ КОРПОРАЦИЯ "РОСТЕХ"</shortName>
                            <iko>57704274402770401001</iko>
                            <inn>7704274402</inn>
                            <kpp>770401001</kpp>
                            <ogrn>1077799030847</ogrn>
                            <legalAddress>119991, г МОСКВА, б-р ГОГОЛЕВСКИЙ, дом 21, корпус 1</legalAddress>
                            <postalAddress>119991, Москва город, Гоголевский бульвар, дом 21, строение 1</postalAddress>
                            <phone>7-495-2872500</phone>
                            <fax>7-495-2872500</fax>
                            <email>Zakupki@rostechn.ru</email>
                            <okato>45286552000</okato>
                            <okpo>94137372</okpo>
                        </mainInfo>
                    </organization>
                </ns2:contact>
                <ns2:publicationDateTime>2017-03-16T17:11:06</ns2:publicationDateTime>
                <ns2:documentationDelivery>
                    <deliveryStartDateTime>2017-03-16</deliveryStartDateTime>
                    <deliveryEndDateTime>2017-04-06</deliveryEndDateTime>
                    <place>Единая информационная система в сети «Интернет» для размещения информации о закупках отдельными видами юридических лиц (www.zakupki.gov.ru)</place>
                    <procedure>Документация о закупке официально размещена в открытом источнике и доступна для ознакомления в форме электронного документа без взимания платы в любое время с момента официального размещения извещения</procedure>
                </ns2:documentationDelivery>
                <ns2:status>P</ns2:status>
                <ns2:version>1</ns2:version>
                <ns2:notDishonest>true</ns2:notDishonest>
                <ns2:attachments>
                    <totalDocumentsCount>3</totalDocumentsCount>
                    <document>
                        <guid>4a740f6a-70a3-497a-ad2c-a62df1ecd108</guid>
                        <createDateTime>2017-03-16T16:15:42</createDateTime>
                        <fileName>ДоЗ_Прил №2_Требования к продукции.doc</fileName>
                        <description>ДоЗ_Прил №2_Требования к продукции</description>
                        <url>http://zakupki.gov.ru/223/purchase/public/download/download.html?id=30116130</url>
                    </document>
                    <document>
                        <guid>15440a91-9d3d-465e-a22b-092ed874d449</guid>
                        <createDateTime>2017-03-16T16:15:28</createDateTime>
                        <fileName>ДоЗ.docx</fileName>
                        <description>ДоЗ</description>
                        <url>http://zakupki.gov.ru/223/purchase/public/download/download.html?id=30116116</url>
                    </document>
                    <document>
                        <guid>2719038c-534a-4c69-a821-33d7fd05a9b2</guid>
                        <createDateTime>2017-03-16T16:15:35</createDateTime>
                        <fileName>ДоЗ_Прил №1_Проект договора.doc</fileName>
                        <description>ДоЗ_Прил №1_Проект договора</description>
                        <url>http://zakupki.gov.ru/223/purchase/public/download/download.html?id=30116127</url>
                    </document>
                </ns2:attachments>
                <ns2:modificationDate>2017-03-16T17:11:06</ns2:modificationDate>
                <ns2:saveUserId>102968</ns2:saveUserId>
                <ns2:deliveryPlaceIndication>DIFFERENT_PLACE</ns2:deliveryPlaceIndication>
                <ns2:emergency>false</ns2:emergency>
                <ns2:jointPurchase>false</ns2:jointPurchase>
                <ns2:electronicPlaceInfo>
                    <name>ETPRF</name>
                    <url>http://etprf.ru</url>
                    <electronicPlaceId>142</electronicPlaceId>
                </ns2:electronicPlaceInfo>
                <ns2:submissionCloseDateTime>2017-04-06T10:00:00</ns2:submissionCloseDateTime>
                <ns2:publicationPlannedDate>2017-03-16</ns2:publicationPlannedDate>
                <ns2:templateVersion>1</ns2:templateVersion>
                <ns2:templateStructure>
                    <ns2:level>
                        <ns2:tabLevel>NOTICE</ns2:tabLevel>
                        <ns2:tab>
                            <tabOrdinal>1</tabOrdinal>
                            <tabName>Общая информация</tabName>
                            <fixedName>MAIN</fixedName>
                            <section>
                                <sectionOrdinal>1</sectionOrdinal>
                                <sectionName>Сведения о состоянии извещения</sectionName>
                                <fixedName>MAIN_STATUS</fixedName>
                            </section>
                            <section>
                                <sectionOrdinal>2</sectionOrdinal>
                                <sectionName>Сведения о заказчике</sectionName>
                                <fixedName>MAIN_CUSTOMER</fixedName>
                            </section>
                            <section>
                                <sectionOrdinal>3</sectionOrdinal>
                                <sectionName>Общие сведения о закупке</sectionName>
                                <fixedName>MAIN_PURCHASE</fixedName>
                            </section>
                            <section>
                                <sectionOrdinal>4</sectionOrdinal>
                                <sectionName>Контактная информация</sectionName>
                                <fixedName>MAIN_CONTACTS</fixedName>
                            </section>
                        </ns2:tab>
                        <ns2:tab>
                            <tabOrdinal>2</tabOrdinal>
                            <tabName>Порядок размещения закупки</tabName>
                            <fixedName>COMMISSION</fixedName>
                            <section>
                                <sectionOrdinal>1</sectionOrdinal>
                                <sectionName>Публикация извещения</sectionName>
                                <fixedName>COMMISSION_PUBLISH</fixedName>
                            </section>
                        </ns2:tab>
                        <ns2:tab>
                            <tabOrdinal>3</tabOrdinal>
                            <tabName>Список лотов</tabName>
                            <fixedName>LOTS</fixedName>
                            <section>
                                <sectionOrdinal>1</sectionOrdinal>
                                <sectionName>Сведения о лотах</sectionName>
                                <fixedName>LOTS_INFO</fixedName>
                            </section>
                        </ns2:tab>
                        <ns2:tab>
                            <tabOrdinal>6</tabOrdinal>
                            <tabName>Документация</tabName>
                            <fixedName>DOCS</fixedName>
                            <section>
                                <sectionOrdinal>1</sectionOrdinal>
                                <sectionName>Предоставление документации</sectionName>
                                <fixedName>DOCS_INFO</fixedName>
                            </section>
                            <section>
                                <sectionOrdinal>2</sectionOrdinal>
                                <sectionName>Файлы документации</sectionName>
                                <fixedName>DOCS_FILES</fixedName>
                            </section>
                        </ns2:tab>
                    </ns2:level>
                    <ns2:level>
                        <ns2:tabLevel>LOT</ns2:tabLevel>
                        <ns2:tab>
                            <tabOrdinal>4</tabOrdinal>
                            <tabName>Сведения о лоте</tabName>
                            <fixedName>LOT_INFORMATION</fixedName>
                            <section>
                                <sectionOrdinal>1</sectionOrdinal>
                                <sectionName>Общая информация о лоте</sectionName>
                                <fixedName>LOT_INFO</fixedName>
                            </section>
                            <section>
                                <sectionOrdinal>2</sectionOrdinal>
                                <sectionName>Информация о товаре, работе, услуге</sectionName>
                                <fixedName>LOT_GOODS</fixedName>
                            </section>
                            <section>
                                <sectionOrdinal>3</sectionOrdinal>
                                <sectionName>Место поставки</sectionName>
                                <fixedName>LOT_PLACE</fixedName>
                            </section>
                        </ns2:tab>
                    </ns2:level>
                    <ns2:level>
                        <ns2:tabLevel>LOT_CUSTOMER</ns2:tabLevel>
                        <ns2:tab>
                            <tabOrdinal>5</tabOrdinal>
                            <tabName>Сведения по заказчику</tabName>
                            <fixedName>LOT_CUSTOMER</fixedName>
                            <section>
                                <sectionOrdinal>1</sectionOrdinal>
                                <sectionName>Общая информация по Заказчику</sectionName>
                                <fixedName>LOT_CUSTOMER_INFO</fixedName>
                            </section>
                            <section>
                                <sectionOrdinal>2</sectionOrdinal>
                                <sectionName>Информация о товаре, работе, услуге</sectionName>
                                <fixedName>LOT_CUSTOMER_GOODS</fixedName>
                            </section>
                            <section>
                                <sectionOrdinal>3</sectionOrdinal>
                                <sectionName>Место поставки</sectionName>
                                <fixedName>LOT_CUSTOMER_PLACE</fixedName>
                            </section>
                        </ns2:tab>
                    </ns2:level>
                </ns2:templateStructure>
                <ns2:extendFields>
                    <noticeExtendField>
                        <extendField>
                            <integrCode>org</integrCode>
                            <description>Организатор закупки </description>
                            <type>TEXT</type>
                            <value>
                                <text>Функции организатора закупки выполняет Заказчик</text>
                            </value>
                        </extendField>
                        <extendField>
                            <integrCode>specorg</integrCode>
                            <description>Специализированная организация</description>
                            <type>TEXT</type>
                            <value>
                                <text>Общество с ограниченной ответственностью «РТ-Комплектимпекс» 
Место нахождения: 119048, г. Москва, ул. Усачева, д. 24
Почтовый адрес: 115230, г. Москва, 1-й Нагатинский пр-д, д. 10, стр. 1
Тел./факс, электронная почта: +7 (495) 825-50-50 доб. 105, avrybin@rt-ci.ru
Контактное лицо: Рыбин Алексей Витальевич</text>
                            </value>
                        </extendField>
                        <extendField>
                            <integrCode>obesp</integrCode>
                            <description>Обеспечение заявки</description>
                            <type>TEXT</type>
                            <value>
                                <text>Не требуется</text>
                            </value>
                        </extendField>
                        <extendField>
                            <integrCode>srok</integrCode>
                            <description>Срок заключения договора</description>
                            <type>TEXT</type>
                            <value>
                                <text>Не ранее 10 дней и не позднее 20 дней со дня официального размещения протокола, которым были подведены итоги закупки.</text>
                            </value>
                        </extendField>
                        <extendField>
                            <integrCode>srokOtkaza</integrCode>
                            <description>Срок отказа от проведения закупки</description>
                            <type>TEXT</type>
                            <value>
                                <text>Организатор закупки вправе отказаться от проведения закупки без каких-либо последствий в любой момент до подведения ее итогов</text>
                            </value>
                        </extendField>
                        <extendField>
                            <integrCode>dop</integrCode>
                            <description>Дополнительные комментарии</description>
                            <type>TEXT</type>
                            <value>
                                <text>Остальные и более подробные условия проведения закупки содержатся в документации о закупке</text>
                            </value>
                        </extendField>
                        <position>
                            <tabOrdinal>1</tabOrdinal>
                            <tabName>MAIN</tabName>
                            <sectionOrdinal>3</sectionOrdinal>
                            <sectionName>MAIN_SEC_Общие сведения о закупке</sectionName>
                        </position>
                    </noticeExtendField>
                    <noticeExtendField>
                        <extendField>
                            <integrCode>placeP</integrCode>
                            <description>Место подачи заявок</description>
                            <type>TEXT</type>
                            <value>
                                <text>Адрес ЭТП в информационно-коммуникационной сети «Интернет»: www.etprf.ru. Порядок подачи заявок определяется регламентом и функционалом ЭТП</text>
                            </value>
                        </extendField>
                        <extendField>
                            <integrCode>placeR</integrCode>
                            <description>Место и дата рассмотрения заявок</description>
                            <type>TEXT</type>
                            <value>
                                <text>«10» апреля 2017 года по адресу: г. Москва, ул. Усачева, д. 24</text>
                            </value>
                        </extendField>
                        <extendField>
                            <integrCode>placeI</integrCode>
                            <description>Место и дата оценки и сопоставления, подведения итогов закупки</description>
                            <type>TEXT</type>
                            <value>
                                <text>«14» апреля 2017 года по адресу: г. Москва, ул. Усачева, д. 24</text>
                            </value>
                        </extendField>
                        <position>
                            <tabOrdinal>2</tabOrdinal>
                            <tabName>COMMISSION</tabName>
                            <sectionOrdinal>1</sectionOrdinal>
                            <sectionName>COMISSION_SEC_Публикация извещения</sectionName>
                        </position>
                    </noticeExtendField>
                </ns2:extendFields>
                <ns2:lots>
                    <lot>
                        <guid>d057d13b-8c74-4d31-ad90-02c38b25df30</guid>
                        <ordinalNumber>1</ordinalNumber>
                        <lotEditEnabled>true</lotEditEnabled>
                        <lotData>
                            <subject> 0100-2017-00162 Выполнение работ по изготовлению и
                            поставке продукции "Годовой отчет за 2016 год о деятельности ГК
                            "Ростех". </subject>
                            <currency>
                                <code>RUB</code>
                                <digitalCode>643</digitalCode>
                                <name>Российский рубль</name>
                            </currency>
                            <initialSum>14412500.00</initialSum>
                            <lotItems>
                                <newCodes>true</newCodes>
                                <lotItem>
                                    <guid>947529f0-5485-4246-87dc-538ec66129cb</guid>
                                    <ordinalNumber>1</ordinalNumber>
                                    <okpd2>
                                        <code>17.23.13.191</code>
                                        <name>Блокноты, записные книжки и книги для записей</name>
                                    </okpd2>
                                    <okved2>
                                        <code>18.1</code>
                                        <name>Деятельность полиграфическая и предоставление услуг в этой области</name>
                                    </okved2>
                                    <okei>
                                        <code>876</code>
                                        <name>Условная единица</name>
                                    </okei>
                                    <qty>1</qty>
                                    <deliveryPlace>
                                        <state>Центральный федеральный округ</state>
                                        <region>Москва</region>
                                        <regionOkato>45000000000</regionOkato>
                                        <address>При выполнении текущих задач – по месту нахождения Исполнителя, приемка результатов и проведение рабочих встреч и совещаний – на территории заказчика (г. Москва, ул. Усачева, д. 24)</address>
                                    </deliveryPlace>
                                </lotItem>
                            </lotItems>
                            <forSmallOrMiddle>true</forSmallOrMiddle>
                            <excludePurchaseFromPlan>false</excludePurchaseFromPlan>
                            <subcontractorsRequirement>false</subcontractorsRequirement>
                            <ignoredPurchase>false</ignoredPurchase>
                            <centralized>false</centralized>
                        </lotData>
                        <deliveryPlaceIndication>ELP</deliveryPlaceIndication>
                        <jointLotData>
                            <jointLot>false</jointLot>
                        </jointLotData>
                        <lotPlanInfo>
                            <planRegistrationNumber>2160210361</planRegistrationNumber>
                            <planGuid>37f8284a-da90-49b1-86ec-434b2eac2997</planGuid>
                            <positionNumber>162</positionNumber>
                            <lotPlanPosition>COMMODITY</lotPlanPosition>
                            <positionGuid>87f573de-65b7-43ae-899f-ab29a5f6ab18</positionGuid>
                        </lotPlanInfo>
                        <cancelled>false</cancelled>
                    </lot>
                </ns2:lots>
            </ns2:purchaseNoticeData>
        </ns2:item>
    </ns2:body>
</ns2:purchaseNotice>
