<?xml version="1.0" encoding="UTF-8" standalone="yes"?>
<ns2:purchaseNotice xsi:schemaLocation="http://zakupki.gov.ru/223/integration/schema/TFF-5.2 http://zakupki.gov.ru/223/integration/schema/TFF-5.2/purchase.xsd" xmlns="http://zakupki.gov.ru/223fz/types/1" xmlns:ns10="http://zakupki.gov.ru/223fz/purchasePlan/1" xmlns:ns11="http://zakupki.gov.ru/223fz/purchasePlanProject/1" xmlns:ns12="http://zakupki.gov.ru/223fz/purchasePlanProjectAdditionalPosition/1" xmlns:ns13="http://zakupki.gov.ru/223fz/contract/1" xmlns:ns14="http://zakupki.gov.ru/223fz/missedNotice/1" xmlns:ns15="http://zakupki.gov.ru/223fz/reference/1" xmlns:ns16="http://zakupki.gov.ru/223fz/stopCommodity/1" xmlns:ns17="http://zakupki.gov.ru/223fz/decisionSuspension/1" xmlns:ns18="http://zakupki.gov.ru/223fz/purchasePlanAdditionalPosition/1" xmlns:ns19="http://zakupki.gov.ru/223fz/webRequest/1" xmlns:ns2="http://zakupki.gov.ru/223fz/purchase/1" xmlns:xsi="http://www.w3.org/2001/XMLSchema-instance" xmlns:ns3="http://zakupki.gov.ru/223fz/dishonestSupplier/1" xmlns:ns4="http://zakupki.gov.ru/223fz/machineryListInfo/1" xmlns:ns5="http://zakupki.gov.ru/223fz/revenue/1" xmlns:ns6="http://zakupki.gov.ru/223fz/orderClauseList/1" xmlns:ns7="http://zakupki.gov.ru/223fz/disagreementProtocol/1" xmlns:ns8="http://zakupki.gov.ru/223fz/complaint/1" xmlns:ns9="http://zakupki.gov.ru/223fz/notificationIssue/1">
    <header>
        <guid>a96e744e-3a3d-4b51-b50f-e4fe1cd1da51</guid>
        <createDateTime>2017-03-16T17:11:15</createDateTime>
    </header>
    <ns2:body>
        <ns2:item>
            <guid>0bb68be1-9fdb-20c3-5bae-db554116c9ea</guid>
            <ns2:purchaseNoticeData>
                <ns2:guid>0bb68be1-9fdb-20c3-5bae-db554116c9ea</ns2:guid>
                <ns2:createDateTime>2017-03-16T17:05:26</ns2:createDateTime>
                <ns2:urlOOS>https://zakupki.gov.ru/223/purchase/private/purchase/notice-info/details.html?noticeInfoId=5887874</ns2:urlOOS>
                <ns2:urlVSRZ>https://com.roseltorg.ru/#com/procedure/view/id/286309</ns2:urlVSRZ>
                <ns2:registrationNumber>31704899577</ns2:registrationNumber>
                <ns2:name>Оказание услуги по организации и проведению культурно-массового мероприятия "ОТКРЫТИЕ ЛЕТНЕГО СЕЗОНА" на территории ГАУК г. Москвы ПКиО «Красная Пресня»	
</ns2:name>
                <ns2:customer>
                    <mainInfo>
                        <fullName>ГОСУДАРСТВЕННОЕ АВТОНОМНОЕ УЧРЕЖДЕНИЕ КУЛЬТУРЫ ГОРОДА МОСКВЫ "ПАРК КУЛЬТУРЫ И ОТДЫХА "КРАСНАЯ ПРЕСНЯ"</fullName>
                        <shortName>ГАУК Г. МОСКВЫ ПКИО "КРАСНАЯ ПРЕСНЯ"</shortName>
                        <iko>57703032947770301001</iko>
                        <inn>7703032947</inn>
                        <kpp>770301001</kpp>
                        <ogrn>1027739692188</ogrn>
                        <legalAddress>123100, Москва, Мантулинская, дом 5, корпус СТР.2</legalAddress>
                        <postalAddress>123100, г. Москва, ул. Мантулинская, д. 5, стр. 2</postalAddress>
                        <phone>7-499-2561302</phone>
                        <fax>7-499-2563342</fax>
                        <email>pkiokp@gmail.com</email>
                        <okato>45286575000</okato>
                        <okpo>05112896</okpo>
                    </mainInfo>
                </ns2:customer>
                <ns2:purchaseMethodCode>115202</ns2:purchaseMethodCode>
                <ns2:purchaseCodeName>Открытый конкурс в электронной форме</ns2:purchaseCodeName>
                <ns2:placer>
                    <mainInfo>
                        <fullName>ГОСУДАРСТВЕННОЕ АВТОНОМНОЕ УЧРЕЖДЕНИЕ КУЛЬТУРЫ ГОРОДА МОСКВЫ "ПАРК КУЛЬТУРЫ И ОТДЫХА "КРАСНАЯ ПРЕСНЯ"</fullName>
                        <shortName>ГАУК Г. МОСКВЫ ПКИО "КРАСНАЯ ПРЕСНЯ"</shortName>
                        <iko>57703032947770301001</iko>
                        <inn>7703032947</inn>
                        <kpp>770301001</kpp>
                        <ogrn>1027739692188</ogrn>
                        <legalAddress>123100, Москва, Мантулинская, дом 5, корпус СТР.2</legalAddress>
                        <postalAddress>123100, г. Москва, ул. Мантулинская, д. 5, стр. 2</postalAddress>
                        <phone>7-499-2561302</phone>
                        <fax>7-499-2563342</fax>
                        <email>pkiokp@gmail.com</email>
                        <okato>45286575000</okato>
                        <okpo>05112896</okpo>
                    </mainInfo>
                </ns2:placer>
                <ns2:contact>
                    <firstName>Олег</firstName>
                    <middleName>Константинович</middleName>
                    <lastName>Никаноров</lastName>
                    <phone>+7 (499) 2561302</phone>
                    <email>tender@p-kp.ru</email>
                    <organization>
                        <mainInfo>
                            <fullName>ГОСУДАРСТВЕННОЕ АВТОНОМНОЕ УЧРЕЖДЕНИЕ КУЛЬТУРЫ ГОРОДА МОСКВЫ "ПАРК КУЛЬТУРЫ И ОТДЫХА "КРАСНАЯ ПРЕСНЯ"</fullName>
                            <shortName>ГАУК Г. МОСКВЫ ПКИО "КРАСНАЯ ПРЕСНЯ"</shortName>
                            <iko>57703032947770301001</iko>
                            <inn>7703032947</inn>
                            <kpp>770301001</kpp>
                            <ogrn>1027739692188</ogrn>
                            <legalAddress>123100, Москва, Мантулинская, дом 5, корпус СТР.2</legalAddress>
                            <postalAddress>123100, г. Москва, ул. Мантулинская, д. 5, стр. 2</postalAddress>
                            <phone>7-499-2561302</phone>
                            <fax>7-499-2563342</fax>
                            <email>pkiokp@gmail.com</email>
                            <okato>45286575000</okato>
                            <okpo>05112896</okpo>
                        </mainInfo>
                    </organization>
                </ns2:contact>
                <ns2:publicationDateTime>2017-03-16T17:11:15</ns2:publicationDateTime>
                <ns2:documentationDelivery>
                    <deliveryStartDateTime>2017-03-16</deliveryStartDateTime>
                    <deliveryEndDateTime>2017-04-06</deliveryEndDateTime>
                    <place>https://com.roseltorg.ru/</place>
                    <procedure>посредством размещения для скачивания и ознакомления</procedure>
                </ns2:documentationDelivery>
                <ns2:status>P</ns2:status>
                <ns2:version>1</ns2:version>
                <ns2:notDishonest>true</ns2:notDishonest>
                <ns2:attachments>
                    <totalDocumentsCount>1</totalDocumentsCount>
                    <document>
                        <guid>5e34c2d7-d4b3-8885-a069-be538d5a497f</guid>
                        <createDateTime>2017-03-16T16:54:53</createDateTime>
                        <fileName>Конкурсная_Документация[1].doc</fileName>
                        <description>конкурсная документация</description>
                        <url>http://zakupki.gov.ru/223/purchase/public/download/download.html?id=30118635</url>
                    </document>
                </ns2:attachments>
                <ns2:modificationDate>2017-03-16T17:11:15</ns2:modificationDate>
                <ns2:saveUserId>213083</ns2:saveUserId>
                <ns2:deliveryPlaceIndication>DIFFERENT_PLACE</ns2:deliveryPlaceIndication>
                <ns2:emergency>false</ns2:emergency>
                <ns2:jointPurchase>false</ns2:jointPurchase>
                <ns2:electronicPlaceInfo>
                    <name>АО "ЕЭТП"</name>
                    <url>http://www.roseltorg.ru/</url>
                    <electronicPlaceId>113</electronicPlaceId>
                </ns2:electronicPlaceInfo>
                <ns2:placingProcedure>
                    <ns2:examinationPlace>г. Москва</ns2:examinationPlace>
                    <ns2:examinationDateTime>2017-04-12T11:40:00</ns2:examinationDateTime>
                    <ns2:summingupDateTime>2017-04-13T15:00:00</ns2:summingupDateTime>
                </ns2:placingProcedure>
                <ns2:submissionCloseDateTime>2017-04-06T09:50:00</ns2:submissionCloseDateTime>
                <ns2:publicationPlannedDate>2017-03-16</ns2:publicationPlannedDate>
                <ns2:lots>
                    <lot>
                        <guid>4fcba9ac-e50b-dd8c-06ee-a955129a13bc</guid>
                        <ordinalNumber>1</ordinalNumber>
                        <lotEditEnabled>true</lotEditEnabled>
                        <lotData>
                            <subject>Оказание услуг по организации и проведению культурно-массового мероприятия, посвященного открытию летнего сезона в ГАУК г. Москвы ПКиО «Красная Пресня»</subject>
                            <currency>
                                <code>RUB</code>
                                <digitalCode>643</digitalCode>
                                <name>Российский рубль</name>
                            </currency>
                            <initialSum>999400.00</initialSum>
                            <deliveryPlace>
                                <address>г. Москва</address>
                            </deliveryPlace>
                            <lotItems>
                                <newCodes>true</newCodes>
                                <lotItem>
                                    <guid>3df69777-1550-edbe-2b5b-ac2b5850c97a</guid>
                                    <ordinalNumber>1</ordinalNumber>
                                    <okpd2>
                                        <code>93.29.29.000</code>
                                        <name>Услуги зрелищно-развлекательные, не включенные в другие группировки</name>
                                    </okpd2>
                                    <okved2>
                                        <code>93.29.9</code>
                                        <name>Деятельность зрелищно-развлекательная прочая, не включенная в другие группировки</name>
                                    </okved2>
                                    <okei>
                                        <code>876</code>
                                        <name>Условная единица</name>
                                    </okei>
                                    <qty>1</qty>
                                    <additionalInfo>оказание услуги по организации и проведению культурно-массового мероприятия</additionalInfo>
                                </lotItem>
                            </lotItems>
                            <forSmallOrMiddle>true</forSmallOrMiddle>
                            <excludePurchaseFromPlan>false</excludePurchaseFromPlan>
                            <subcontractorsRequirement>false</subcontractorsRequirement>
                            <ignoredPurchase>false</ignoredPurchase>
                            <centralized>false</centralized>
                        </lotData>
                        <deliveryPlaceIndication>GL</deliveryPlaceIndication>
                        <jointLotData>
                            <jointLot>false</jointLot>
                        </jointLotData>
                        <lotPlanInfo>
                            <planRegistrationNumber>2160210709</planRegistrationNumber>
                            <planGuid>1c994f34-e380-414f-bb19-26362bf44e45</planGuid>
                            <positionNumber>12</positionNumber>
                            <lotPlanPosition>COMMODITY</lotPlanPosition>
                            <positionGuid>ae7e1024-cccb-4466-8a4f-d8c8ec9984d6</positionGuid>
                        </lotPlanInfo>
                        <cancelled>false</cancelled>
                    </lot>
                </ns2:lots>
            </ns2:purchaseNoticeData>
        </ns2:item>
    </ns2:body>
</ns2:purchaseNotice>
