<?xml version="1.0" encoding="UTF-8" standalone="yes"?>
<ns2:purchaseNotice xsi:schemaLocation="http://zakupki.gov.ru/223/integration/schema/TFF-5.2 http://zakupki.gov.ru/223/integration/schema/TFF-5.2/purchase.xsd" xmlns="http://zakupki.gov.ru/223fz/types/1" xmlns:ns10="http://zakupki.gov.ru/223fz/purchasePlan/1" xmlns:ns11="http://zakupki.gov.ru/223fz/purchasePlanProject/1" xmlns:ns12="http://zakupki.gov.ru/223fz/purchasePlanProjectAdditionalPosition/1" xmlns:ns13="http://zakupki.gov.ru/223fz/contract/1" xmlns:ns14="http://zakupki.gov.ru/223fz/missedNotice/1" xmlns:ns15="http://zakupki.gov.ru/223fz/reference/1" xmlns:ns16="http://zakupki.gov.ru/223fz/stopCommodity/1" xmlns:ns17="http://zakupki.gov.ru/223fz/decisionSuspension/1" xmlns:ns18="http://zakupki.gov.ru/223fz/purchasePlanAdditionalPosition/1" xmlns:ns19="http://zakupki.gov.ru/223fz/webRequest/1" xmlns:ns2="http://zakupki.gov.ru/223fz/purchase/1" xmlns:xsi="http://www.w3.org/2001/XMLSchema-instance" xmlns:ns3="http://zakupki.gov.ru/223fz/dishonestSupplier/1" xmlns:ns4="http://zakupki.gov.ru/223fz/machineryListInfo/1" xmlns:ns5="http://zakupki.gov.ru/223fz/revenue/1" xmlns:ns6="http://zakupki.gov.ru/223fz/orderClauseList/1" xmlns:ns7="http://zakupki.gov.ru/223fz/disagreementProtocol/1" xmlns:ns8="http://zakupki.gov.ru/223fz/complaint/1" xmlns:ns9="http://zakupki.gov.ru/223fz/notificationIssue/1">
    <header>
        <guid>1e264dd9-3549-4011-9dcd-9a87494d185d</guid>
        <createDateTime>2017-03-16T16:17:49</createDateTime>
    </header>
    <ns2:body>
        <ns2:item>
            <guid>48b3f40f-43a6-4d02-8b5d-a1c4d93239e9</guid>
            <ns2:purchaseNoticeData>
                <ns2:guid>48b3f40f-43a6-4d02-8b5d-a1c4d93239e9</ns2:guid>
                <ns2:createDateTime>2017-03-16T16:13:02</ns2:createDateTime>
                <ns2:urlOOS>https://zakupki.gov.ru/223/purchase/private/purchase/notice-info/details.html?noticeInfoId=5887354</ns2:urlOOS>
                <ns2:registrationNumber>31704899080</ns2:registrationNumber>
                <ns2:name>№ РО-НКПСЕВ-17-0003 на право заключения договора (договоров) аренды транспортных средств с экипажем для перевозки порожних и груженых контейнеров для филиала ПАО «ТрансКонтейнер» на Северной железной дороге</ns2:name>
                <ns2:customer>
                    <mainInfo>
                        <fullName>ПУБЛИЧНОЕ АКЦИОНЕРНОЕ ОБЩЕСТВО "ЦЕНТР ПО ПЕРЕВОЗКЕ ГРУЗОВ В КОНТЕЙНЕРАХ "ТРАНСКОНТЕЙНЕР"</fullName>
                        <shortName>ПАО "ТРАНСКОНТЕЙНЕР"</shortName>
                        <iko>77708591995771001001</iko>
                        <inn>7708591995</inn>
                        <kpp>771001001</kpp>
                        <ogrn>1067746341024</ogrn>
                        <legalAddress>125047, Г МОСКВА, ПЕР ОРУЖЕЙНЫЙ, дом ДОМ 19</legalAddress>
                        <postalAddress>125047, Москва г, Оружейный пер, дом 19</postalAddress>
                        <phone>7-495-7881717</phone>
                        <fax>7-495-2627578</fax>
                        <email>trcont@trcont.ru</email>
                        <okato>45286565000</okato>
                        <okpo>94421386</okpo>
                    </mainInfo>
                </ns2:customer>
                <ns2:purchaseMethodCode>33868</ns2:purchaseMethodCode>
                <ns2:purchaseCodeName>Закупка способом размещения оферты</ns2:purchaseCodeName>
                <ns2:placer>
                    <mainInfo>
                        <fullName>ПУБЛИЧНОЕ АКЦИОНЕРНОЕ ОБЩЕСТВО "ЦЕНТР ПО ПЕРЕВОЗКЕ ГРУЗОВ В КОНТЕЙНЕРАХ "ТРАНСКОНТЕЙНЕР"</fullName>
                        <shortName>ПАО "ТРАНСКОНТЕЙНЕР"</shortName>
                        <iko>77708591995771001001</iko>
                        <inn>7708591995</inn>
                        <kpp>771001001</kpp>
                        <ogrn>1067746341024</ogrn>
                        <legalAddress>125047, Г МОСКВА, ПЕР ОРУЖЕЙНЫЙ, дом ДОМ 19</legalAddress>
                        <postalAddress>125047, Москва г, Оружейный пер, дом 19</postalAddress>
                        <phone>7-495-7881717</phone>
                        <fax>7-495-2627578</fax>
                        <email>trcont@trcont.ru</email>
                        <okato>45286565000</okato>
                        <okpo>94421386</okpo>
                    </mainInfo>
                </ns2:placer>
                <ns2:contact>
                    <firstName>Артем</firstName>
                    <middleName>Викторович</middleName>
                    <lastName>Панов</lastName>
                    <phone>+7 (852) 525774</phone>
                    <email>PanovAV@trcont.ru</email>
                    <organization>
                        <mainInfo>
                            <fullName>ПУБЛИЧНОЕ АКЦИОНЕРНОЕ ОБЩЕСТВО "ЦЕНТР ПО ПЕРЕВОЗКЕ ГРУЗОВ В КОНТЕЙНЕРАХ "ТРАНСКОНТЕЙНЕР"</fullName>
                            <shortName>ПАО "ТРАНСКОНТЕЙНЕР"</shortName>
                            <iko>77708591995771001001</iko>
                            <inn>7708591995</inn>
                            <kpp>771001001</kpp>
                            <ogrn>1067746341024</ogrn>
                            <legalAddress>125047, Г МОСКВА, ПЕР ОРУЖЕЙНЫЙ, дом ДОМ 19</legalAddress>
                            <postalAddress>125047, Москва г, Оружейный пер, дом 19</postalAddress>
                            <phone>7-495-7881717</phone>
                            <fax>7-495-2627578</fax>
                            <email>trcont@trcont.ru</email>
                            <okato>45286565000</okato>
                            <okpo>94421386</okpo>
                        </mainInfo>
                    </organization>
                </ns2:contact>
                <ns2:publicationDateTime>2017-03-16T16:17:49</ns2:publicationDateTime>
                <ns2:documentationDelivery>
                    <deliveryStartDateTime>2017-03-16</deliveryStartDateTime>
                    <deliveryEndDateTime>2018-12-31</deliveryEndDateTime>
                    <place>документация о закупке размещается на сайте ПАО «ТрансКонтейнер» (http://www.trcont.ru) (далее – сайт ПАО «ТрансКонтейнер») и на официальном сайте единой информационной системы в сфере закупок в информационно-телекоммуникационной сети «Интернет» (www.zakupki.gov.ru) </place>
                    <procedure>Предоставление Заказчиком документации на материальном (бумажном) носителе не предусмотрено</procedure>
                </ns2:documentationDelivery>
                <ns2:status>P</ns2:status>
                <ns2:version>1</ns2:version>
                <ns2:notDishonest>false</ns2:notDishonest>
                <ns2:attachments>
                    <totalDocumentsCount>2</totalDocumentsCount>
                    <document>
                        <guid>2485b8ec-e60c-42ea-be5b-b42c663e8b2c</guid>
                        <createDateTime>2017-03-16T16:17:13</createDateTime>
                        <fileName>РО-НКПСЕВ-17-0003  Извещение.docx</fileName>
                        <description>РО-НКПСЕВ-17-0003  Извещение</description>
                        <url>http://zakupki.gov.ru/223/purchase/public/download/download.html?id=30116209</url>
                    </document>
                    <document>
                        <guid>fcd1f91a-ed69-417d-9378-4b4d3ef1d1e2</guid>
                        <createDateTime>2017-03-16T16:17:18</createDateTime>
                        <fileName>РО-НКПСЕВ-17-0003  Документация о закупке.docx</fileName>
                        <description>РО-НКПСЕВ-17-0003  Документация о закупке</description>
                        <url>http://zakupki.gov.ru/223/purchase/public/download/download.html?id=30116212</url>
                    </document>
                </ns2:attachments>
                <ns2:modificationDate>2017-03-16T16:17:49</ns2:modificationDate>
                <ns2:saveUserId>40126</ns2:saveUserId>
                <ns2:deliveryPlaceIndication>DIFFERENT_PLACE</ns2:deliveryPlaceIndication>
                <ns2:emergency>false</ns2:emergency>
                <ns2:jointPurchase>false</ns2:jointPurchase>
                <ns2:submissionCloseDateTime>2018-12-31T14:00:00</ns2:submissionCloseDateTime>
                <ns2:publicationPlannedDate>2017-03-16</ns2:publicationPlannedDate>
                <ns2:templateVersion>5</ns2:templateVersion>
                <ns2:templateStructure>
                    <ns2:level>
                        <ns2:tabLevel>NOTICE</ns2:tabLevel>
                        <ns2:tab>
                            <tabOrdinal>1</tabOrdinal>
                            <tabName>Общая информация</tabName>
                            <fixedName>MAIN</fixedName>
                            <section>
                                <sectionOrdinal>1</sectionOrdinal>
                                <sectionName>Сведения о состоянии извещения</sectionName>
                                <fixedName>MAIN_STATUS</fixedName>
                            </section>
                            <section>
                                <sectionOrdinal>2</sectionOrdinal>
                                <sectionName>Сведения о заказчике</sectionName>
                                <fixedName>MAIN_CUSTOMER</fixedName>
                            </section>
                            <section>
                                <sectionOrdinal>3</sectionOrdinal>
                                <sectionName>Общие сведения о закупке</sectionName>
                                <fixedName>MAIN_PURCHASE</fixedName>
                            </section>
                            <section>
                                <sectionOrdinal>4</sectionOrdinal>
                                <sectionName>Контактная информация</sectionName>
                                <fixedName>MAIN_CONTACTS</fixedName>
                            </section>
                        </ns2:tab>
                        <ns2:tab>
                            <tabOrdinal>2</tabOrdinal>
                            <tabName>Порядок размещения закупки</tabName>
                            <fixedName>COMMISSION</fixedName>
                            <section>
                                <sectionOrdinal>1</sectionOrdinal>
                                <sectionName>Размещение извещения</sectionName>
                                <fixedName>COMMISSION_PUBLISH</fixedName>
                            </section>
                        </ns2:tab>
                        <ns2:tab>
                            <tabOrdinal>3</tabOrdinal>
                            <tabName>Список лотов</tabName>
                            <fixedName>LOTS</fixedName>
                            <section>
                                <sectionOrdinal>1</sectionOrdinal>
                                <sectionName>Сведения о лотах</sectionName>
                                <fixedName>LOTS_INFO</fixedName>
                            </section>
                        </ns2:tab>
                        <ns2:tab>
                            <tabOrdinal>6</tabOrdinal>
                            <tabName>Документация</tabName>
                            <fixedName>DOCS</fixedName>
                            <section>
                                <sectionOrdinal>1</sectionOrdinal>
                                <sectionName>Предоставление документации</sectionName>
                                <fixedName>DOCS_INFO</fixedName>
                            </section>
                            <section>
                                <sectionOrdinal>2</sectionOrdinal>
                                <sectionName>Файлы документации</sectionName>
                                <fixedName>DOCS_FILES</fixedName>
                            </section>
                        </ns2:tab>
                    </ns2:level>
                    <ns2:level>
                        <ns2:tabLevel>LOT</ns2:tabLevel>
                        <ns2:tab>
                            <tabOrdinal>4</tabOrdinal>
                            <tabName>Сведения о лоте</tabName>
                            <fixedName>LOT_INFORMATION</fixedName>
                            <section>
                                <sectionOrdinal>1</sectionOrdinal>
                                <sectionName>Общая информация о лоте</sectionName>
                                <fixedName>LOT_INFO</fixedName>
                            </section>
                            <section>
                                <sectionOrdinal>2</sectionOrdinal>
                                <sectionName>Информация о товаре, работе, услуге</sectionName>
                                <fixedName>LOT_GOODS</fixedName>
                            </section>
                            <section>
                                <sectionOrdinal>3</sectionOrdinal>
                                <sectionName>Место поставки</sectionName>
                                <fixedName>LOT_PLACE</fixedName>
                            </section>
                        </ns2:tab>
                    </ns2:level>
                    <ns2:level>
                        <ns2:tabLevel>LOT_CUSTOMER</ns2:tabLevel>
                        <ns2:tab>
                            <tabOrdinal>5</tabOrdinal>
                            <tabName>Сведения по заказчику</tabName>
                            <fixedName>LOT_CUSTOMER</fixedName>
                            <section>
                                <sectionOrdinal>1</sectionOrdinal>
                                <sectionName>Общая информация по Заказчику</sectionName>
                                <fixedName>LOT_CUSTOMER_INFO</fixedName>
                            </section>
                            <section>
                                <sectionOrdinal>2</sectionOrdinal>
                                <sectionName>Информация о товаре, работе, услуге</sectionName>
                                <fixedName>LOT_CUSTOMER_GOODS</fixedName>
                            </section>
                            <section>
                                <sectionOrdinal>3</sectionOrdinal>
                                <sectionName>Место поставки</sectionName>
                                <fixedName>LOT_CUSTOMER_PLACE</fixedName>
                            </section>
                        </ns2:tab>
                    </ns2:level>
                </ns2:templateStructure>
                <ns2:extendFields>
                    <noticeExtendField>
                        <extendField>
                            <integrCode>examinationPlace</integrCode>
                            <description>Место рассмотрения заявок</description>
                            <type>TEXT</type>
                            <value>
                                <text>150880, г.Ярославль, пр-т Октября , д.16/21</text>
                            </value>
                        </extendField>
                        <extendField>
                            <integrCode>summingupPlace</integrCode>
                            <description>Место подведения итогов</description>
                            <type>TEXT</type>
                            <value>
                                <text>125047, Москва, Оружейный переулок, д. 19</text>
                            </value>
                        </extendField>
                        <extendField>
                            <integrCode>summingPlace</integrCode>
                            <description>Порядок рассмотрения заявок</description>
                            <type>REGEXP</type>
                            <value>
                                <string>Сроки рассмотрения заявок и подведения итогов указаны в документации о закупке</string>
                            </value>
                        </extendField>
                        <position>
                            <tabOrdinal>2</tabOrdinal>
                            <tabName>COMMISSION</tabName>
                            <sectionOrdinal>1</sectionOrdinal>
                            <sectionName>COMISSION_SEC_Размещение извещения</sectionName>
                        </position>
                    </noticeExtendField>
                </ns2:extendFields>
                <ns2:lots>
                    <lot>
                        <guid>7bbfd915-a96b-4677-848b-1c8d95e5cd2d</guid>
                        <ordinalNumber>1</ordinalNumber>
                        <lotEditEnabled>false</lotEditEnabled>
                        <lotData>
                            <subject>Аренда транспортных средств с экипажем для перевозки порожних и груженых контейнеров для филиала ПАО "ТрансКонтейнер" на Северной железной дороге</subject>
                            <currency>
                                <code>RUB</code>
                                <digitalCode>643</digitalCode>
                                <name>Российский рубль</name>
                            </currency>
                            <initialSum>20000000.00</initialSum>
                            <deliveryPlace>
                                <state>Центральный федеральный округ</state>
                                <region>Ярославская   обл</region>
                                <regionOkato>78000000000</regionOkato>
                                <address>- Агентство на станции Приволжье: Ярославская область, г.Ярославль, ул.Промышленная, 18-а;
- Агентство на станции Кострома: Костромская область, г.Кострома, ул.Галичская, 120-а.
</address>
                            </deliveryPlace>
                            <lotItems>
                                <newCodes>true</newCodes>
                                <lotItem>
                                    <guid>5cd5477c-33bf-45c2-9fa3-a4c8ce61cf47</guid>
                                    <ordinalNumber>1</ordinalNumber>
                                    <okpd2>
                                        <code>49.41</code>
                                        <name>Услуги по грузовым перевозкам автомобильным транспортом</name>
                                    </okpd2>
                                    <okved2>
                                        <code>49.41</code>
                                        <name>Деятельность автомобильного грузового транспорта</name>
                                    </okved2>
                                    <okei>
                                        <code>876</code>
                                        <name>Условная единица</name>
                                    </okei>
                                    <qty>1</qty>
                                    <additionalInfo>34000000000 - Костромская обл.</additionalInfo>
                                </lotItem>
                            </lotItems>
                            <forSmallOrMiddle>false</forSmallOrMiddle>
                            <excludePurchaseFromPlan>false</excludePurchaseFromPlan>
                            <subcontractorsRequirement>false</subcontractorsRequirement>
                            <ignoredPurchase>false</ignoredPurchase>
                            <centralized>false</centralized>
                        </lotData>
                        <deliveryPlaceIndication>GL</deliveryPlaceIndication>
                        <jointLotData>
                            <jointLot>false</jointLot>
                        </jointLotData>
                        <lotPlanInfo>
                            <planRegistrationNumber>2160218520</planRegistrationNumber>
                            <planGuid>2e89a3cd-08ce-464b-85b9-03bf07353d2a</planGuid>
                            <positionNumber>100</positionNumber>
                            <lotPlanPosition>COMMODITY</lotPlanPosition>
                            <positionGuid>6a7af3a3-f5b9-487a-b62c-27da2c6fce25</positionGuid>
                        </lotPlanInfo>
                        <cancelled>false</cancelled>
                    </lot>
                </ns2:lots>
            </ns2:purchaseNoticeData>
        </ns2:item>
    </ns2:body>
</ns2:purchaseNotice>
