<?xml version="1.0" encoding="UTF-8" standalone="yes"?>
<ns2:purchaseNotice xsi:schemaLocation="http://zakupki.gov.ru/223/integration/schema/TFF-5.2 http://zakupki.gov.ru/223/integration/schema/TFF-5.2/purchase.xsd" xmlns="http://zakupki.gov.ru/223fz/types/1" xmlns:ns10="http://zakupki.gov.ru/223fz/purchasePlan/1" xmlns:ns11="http://zakupki.gov.ru/223fz/purchasePlanProject/1" xmlns:ns12="http://zakupki.gov.ru/223fz/purchasePlanProjectAdditionalPosition/1" xmlns:ns13="http://zakupki.gov.ru/223fz/contract/1" xmlns:ns14="http://zakupki.gov.ru/223fz/missedNotice/1" xmlns:ns15="http://zakupki.gov.ru/223fz/reference/1" xmlns:ns16="http://zakupki.gov.ru/223fz/stopCommodity/1" xmlns:ns17="http://zakupki.gov.ru/223fz/decisionSuspension/1" xmlns:ns18="http://zakupki.gov.ru/223fz/purchasePlanAdditionalPosition/1" xmlns:ns19="http://zakupki.gov.ru/223fz/webRequest/1" xmlns:ns2="http://zakupki.gov.ru/223fz/purchase/1" xmlns:xsi="http://www.w3.org/2001/XMLSchema-instance" xmlns:ns3="http://zakupki.gov.ru/223fz/dishonestSupplier/1" xmlns:ns4="http://zakupki.gov.ru/223fz/machineryListInfo/1" xmlns:ns5="http://zakupki.gov.ru/223fz/revenue/1" xmlns:ns6="http://zakupki.gov.ru/223fz/orderClauseList/1" xmlns:ns7="http://zakupki.gov.ru/223fz/disagreementProtocol/1" xmlns:ns8="http://zakupki.gov.ru/223fz/complaint/1" xmlns:ns9="http://zakupki.gov.ru/223fz/notificationIssue/1">
    <header>
        <guid>c79a17e3-5cf3-4b79-ab11-48455c767e18</guid>
        <createDateTime>2017-03-16T20:15:43</createDateTime>
    </header>
    <ns2:body>
        <ns2:item>
            <guid>680305de-5632-4d79-9bc6-2c79055f01fd</guid>
            <ns2:purchaseNoticeData>
                <ns2:guid>680305de-5632-4d79-9bc6-2c79055f01fd</ns2:guid>
                <ns2:createDateTime>2017-03-16T20:05:28</ns2:createDateTime>
                <ns2:urlOOS>https://zakupki.gov.ru/223/purchase/private/purchase/notice-info/details.html?noticeInfoId=5888446</ns2:urlOOS>
                <ns2:registrationNumber>31704900070</ns2:registrationNumber>
                <ns2:name>Открытый запрос предложений в электронной форме на выполнение работ по капитальному ремонту трубопровода на РТЭС-3 для нужд Зеленоградского филиала ООО «ТСК Мосэнерго» (Лот № 1-КР-2017-ЗФ)</ns2:name>
                <ns2:customer>
                    <mainInfo>
                        <fullName>ОБЩЕСТВО С ОГРАНИЧЕННОЙ ОТВЕТСТВЕННОСТЬЮ "ТЕПЛОСНАБЖАЮЩАЯ КОМПАНИЯ МОСЭНЕРГО"</fullName>
                        <shortName>ООО "ТСК МОСЭНЕРГО"</shortName>
                        <iko>57729698690772901001</iko>
                        <inn>7729698690</inn>
                        <kpp>772901001</kpp>
                        <ogrn>5117746022257</ogrn>
                        <legalAddress>119619, Г МОСКВА, УЛ ТЕРЁШКОВО, дом ДОМ 3</legalAddress>
                        <postalAddress>119619, Москва Город, Терёшково Улица, дом 3</postalAddress>
                        <phone>7-916-9571663</phone>
                        <fax>7-495-2251477</fax>
                        <email>it@tsk-mosenergo.ru</email>
                        <okato>45268592000</okato>
                        <okpo>37319340</okpo>
                    </mainInfo>
                </ns2:customer>
                <ns2:purchaseMethodCode>26912</ns2:purchaseMethodCode>
                <ns2:purchaseCodeName>Открытый запрос предложений в электронной форме</ns2:purchaseCodeName>
                <ns2:placer>
                    <mainInfo>
                        <fullName>ОБЩЕСТВО С ОГРАНИЧЕННОЙ ОТВЕТСТВЕННОСТЬЮ "ТЕПЛОСНАБЖАЮЩАЯ КОМПАНИЯ МОСЭНЕРГО"</fullName>
                        <shortName>ООО "ТСК МОСЭНЕРГО"</shortName>
                        <iko>57729698690772901001</iko>
                        <inn>7729698690</inn>
                        <kpp>772901001</kpp>
                        <ogrn>5117746022257</ogrn>
                        <legalAddress>119619, Г МОСКВА, УЛ ТЕРЁШКОВО, дом ДОМ 3</legalAddress>
                        <postalAddress>119619, Москва Город, Терёшково Улица, дом 3</postalAddress>
                        <phone>7-916-9571663</phone>
                        <fax>7-495-2251477</fax>
                        <email>it@tsk-mosenergo.ru</email>
                        <okato>45268592000</okato>
                        <okpo>37319340</okpo>
                    </mainInfo>
                </ns2:placer>
                <ns2:contact>
                    <firstName>Юрий</firstName>
                    <middleName>Михайлович</middleName>
                    <lastName>Гущин</lastName>
                    <phone>+7 (985) 1163239</phone>
                    <email>y.gushchin@tsk-mosenergo.ru</email>
                    <organization>
                        <mainInfo>
                            <fullName>ОБЩЕСТВО С ОГРАНИЧЕННОЙ ОТВЕТСТВЕННОСТЬЮ "ТЕПЛОСНАБЖАЮЩАЯ КОМПАНИЯ МОСЭНЕРГО"</fullName>
                            <shortName>ООО "ТСК МОСЭНЕРГО"</shortName>
                            <iko>57729698690772901001</iko>
                            <inn>7729698690</inn>
                            <kpp>772901001</kpp>
                            <ogrn>5117746022257</ogrn>
                            <legalAddress>119619, Г МОСКВА, УЛ ТЕРЁШКОВО, дом ДОМ 3</legalAddress>
                            <postalAddress>119619, Москва Город, Терёшково Улица, дом 3</postalAddress>
                            <phone>7-916-9571663</phone>
                            <fax>7-495-2251477</fax>
                            <email>it@tsk-mosenergo.ru</email>
                            <okato>45268592000</okato>
                            <okpo>37319340</okpo>
                        </mainInfo>
                    </organization>
                </ns2:contact>
                <ns2:publicationDateTime>2017-03-16T20:15:43</ns2:publicationDateTime>
                <ns2:documentationDelivery>
                    <deliveryStartDateTime>2017-03-17</deliveryStartDateTime>
                    <deliveryEndDateTime>2017-03-24</deliveryEndDateTime>
                    <place>Сайт zakupki.gov.ru и торговая площадка Газнефтеторг.ру</place>
                    <procedure>Настоящая Документация о запросе предложений размещена на официальном сайте в сети Интернет 
для размещения информации о размещении заказов на поставки товаров, выполнение работ, оказание услуг (zakupki.gov.ru) и на электронной торговой площадке системы «ГазНефтеторг.ру», одновременно с размещением Извещения и доступна для ознакомления без взимания платы. По письменному заявлению участника Организатор предоставит копию Документации о запросе предложений на бумажном носителе в течение 2 (двух) рабочих дней после получения им соответствующего заявления</procedure>
                </ns2:documentationDelivery>
                <ns2:status>P</ns2:status>
                <ns2:version>1</ns2:version>
                <ns2:notDishonest>true</ns2:notDishonest>
                <ns2:attachments>
                    <totalDocumentsCount>1</totalDocumentsCount>
                    <document>
                        <guid>0ee8cbf9-3130-4a53-9466-dfb95a334bb5</guid>
                        <createDateTime>2017-03-16T20:15:16</createDateTime>
                        <fileName>1-КР-2017-ЗФ.zip</fileName>
                        <description>1-КР-2017-ЗФ</description>
                        <url>http://zakupki.gov.ru/223/purchase/public/download/download.html?id=30121402</url>
                    </document>
                </ns2:attachments>
                <ns2:modificationDate>2017-03-16T20:15:43</ns2:modificationDate>
                <ns2:saveUserId>166934</ns2:saveUserId>
                <ns2:deliveryPlaceIndication>DIFFERENT_PLACE</ns2:deliveryPlaceIndication>
                <ns2:emergency>false</ns2:emergency>
                <ns2:jointPurchase>false</ns2:jointPurchase>
                <ns2:electronicPlaceInfo>
                    <name>Торговая система Газнефтеторг.ру</name>
                    <url>http://gazneftetorg.ru</url>
                    <electronicPlaceId>114</electronicPlaceId>
                </ns2:electronicPlaceInfo>
                <ns2:placingProcedure>
                    <ns2:examinationPlace>119618, г. Москва, ул. Терешково, д.3</ns2:examinationPlace>
                    <ns2:examinationDateTime>2017-03-28T18:00:00</ns2:examinationDateTime>
                    <ns2:summingupDateTime>2017-03-31T18:00:00</ns2:summingupDateTime>
                </ns2:placingProcedure>
                <ns2:submissionCloseDateTime>2017-03-24T11:00:00</ns2:submissionCloseDateTime>
                <ns2:publicationPlannedDate>2017-03-16</ns2:publicationPlannedDate>
                <ns2:lots>
                    <lot>
                        <guid>10a00a9b-4aaa-4516-9860-02abf4229518</guid>
                        <ordinalNumber>1</ordinalNumber>
                        <lotEditEnabled>false</lotEditEnabled>
                        <lotData>
                            <subject>Выполнение работ по капитальному ремонту трубопровода на РТЭС-3 для нужд Зеленоградского филиала ООО «ТСК Мосэнерго».</subject>
                            <currency>
                                <code>RUB</code>
                                <digitalCode>643</digitalCode>
                                <name>Российский рубль</name>
                            </currency>
                            <initialSum>3067762.75</initialSum>
                            <deliveryPlace>
                                <state>Центральный федеральный округ</state>
                                <region>Москва</region>
                                <regionOkato>45000000000</regionOkato>
                                <address>г. Москва.</address>
                            </deliveryPlace>
                            <lotItems>
                                <newCodes>true</newCodes>
                                <lotItem>
                                    <guid>fc4f9704-1862-475e-8465-fe2b1d426498</guid>
                                    <ordinalNumber>1</ordinalNumber>
                                    <okpd2>
                                        <code>43.99.90.190</code>
                                        <name>Работы строительные с пециализированные прочие, не включенные в другие группировки</name>
                                    </okpd2>
                                    <okved2>
                                        <code>43.99.9</code>
                                        <name>Работы строительные специализированные, не включенные в другие группировки</name>
                                    </okved2>
                                </lotItem>
                            </lotItems>
                            <forSmallOrMiddle>false</forSmallOrMiddle>
                            <excludePurchaseFromPlan>false</excludePurchaseFromPlan>
                            <subcontractorsRequirement>false</subcontractorsRequirement>
                            <ignoredPurchase>false</ignoredPurchase>
                            <centralized>false</centralized>
                        </lotData>
                        <deliveryPlaceIndication>GL</deliveryPlaceIndication>
                        <jointLotData>
                            <jointLot>false</jointLot>
                        </jointLotData>
                        <lotPlanInfo>
                            <planRegistrationNumber>2160218682</planRegistrationNumber>
                            <planGuid>0db27973-8beb-4a5b-828f-941ce371d7c9</planGuid>
                            <positionNumber>34</positionNumber>
                            <lotPlanPosition>COMMODITY</lotPlanPosition>
                            <positionGuid>a2914650-3a2b-4570-94b9-63b73788510f</positionGuid>
                        </lotPlanInfo>
                        <cancelled>false</cancelled>
                    </lot>
                </ns2:lots>
            </ns2:purchaseNoticeData>
        </ns2:item>
    </ns2:body>
</ns2:purchaseNotice>
