<?xml version="1.0" encoding="UTF-8" standalone="yes"?>
<ns2:purchaseNotice xsi:schemaLocation="http://zakupki.gov.ru/223/integration/schema/TFF-5.2 http://zakupki.gov.ru/223/integration/schema/TFF-5.2/purchase.xsd" xmlns="http://zakupki.gov.ru/223fz/types/1" xmlns:ns10="http://zakupki.gov.ru/223fz/purchasePlan/1" xmlns:ns11="http://zakupki.gov.ru/223fz/purchasePlanProject/1" xmlns:ns12="http://zakupki.gov.ru/223fz/purchasePlanProjectAdditionalPosition/1" xmlns:ns13="http://zakupki.gov.ru/223fz/contract/1" xmlns:ns14="http://zakupki.gov.ru/223fz/missedNotice/1" xmlns:ns15="http://zakupki.gov.ru/223fz/reference/1" xmlns:ns16="http://zakupki.gov.ru/223fz/stopCommodity/1" xmlns:ns17="http://zakupki.gov.ru/223fz/decisionSuspension/1" xmlns:ns18="http://zakupki.gov.ru/223fz/purchasePlanAdditionalPosition/1" xmlns:ns19="http://zakupki.gov.ru/223fz/webRequest/1" xmlns:ns2="http://zakupki.gov.ru/223fz/purchase/1" xmlns:xsi="http://www.w3.org/2001/XMLSchema-instance" xmlns:ns3="http://zakupki.gov.ru/223fz/dishonestSupplier/1" xmlns:ns4="http://zakupki.gov.ru/223fz/machineryListInfo/1" xmlns:ns5="http://zakupki.gov.ru/223fz/revenue/1" xmlns:ns6="http://zakupki.gov.ru/223fz/orderClauseList/1" xmlns:ns7="http://zakupki.gov.ru/223fz/disagreementProtocol/1" xmlns:ns8="http://zakupki.gov.ru/223fz/complaint/1" xmlns:ns9="http://zakupki.gov.ru/223fz/notificationIssue/1">
    <header>
        <guid>0681746a-e558-4faa-ba02-82f3c0c28f5b</guid>
        <createDateTime>2017-03-16T16:46:35</createDateTime>
    </header>
    <ns2:body>
        <ns2:item>
            <guid>1c81e723-1125-4821-8ba9-cc1eac2f202b</guid>
            <ns2:purchaseNoticeData>
                <ns2:guid>1c81e723-1125-4821-8ba9-cc1eac2f202b</ns2:guid>
                <ns2:createDateTime>2017-03-16T16:44:09</ns2:createDateTime>
                <ns2:urlOOS>https://zakupki.gov.ru/223/purchase/private/purchase/notice-info/details.html?noticeInfoId=5887648</ns2:urlOOS>
                <ns2:registrationNumber>31704722193</ns2:registrationNumber>
                <ns2:name>Проведение закупки на право заключения рамочного договора на поставку потолочных покрытий.</ns2:name>
                <ns2:customer>
                    <mainInfo>
                        <fullName>ФЕДЕРАЛЬНОЕ ГОСУДАРСТВЕННОЕ УНИТАРНОЕ ПРЕДПРИЯТИЕ "СПЕЦСТРОЙСЕРВИС" ПРИ ФЕДЕРАЛЬНОМ АГЕНТСТВЕ СПЕЦИАЛЬНОГО СТРОИТЕЛЬСТВА"</fullName>
                        <shortName>ФГУП "СПЕЦСТРОЙСЕРВИС" ПРИ СПЕЦСТРОЕ РОССИИ"</shortName>
                        <iko>57706044549774301001</iko>
                        <inn>7706044549</inn>
                        <kpp>774301001</kpp>
                        <ogrn>1025004058639</ogrn>
                        <legalAddress>125212, г МОСКВА, ул АДМИРАЛА МАКАРОВА, дом 6, корпус 1</legalAddress>
                        <postalAddress>115419, Москва Город, Михайловский Верхн. 2-й Проезд, дом 9, строение 5</postalAddress>
                        <phone>7-495-7754640-139</phone>
                        <fax>7-495-7754640</fax>
                        <email>gromov.v@spsts.ru</email>
                        <okato>45277565000</okato>
                        <okpo>08888031</okpo>
                    </mainInfo>
                </ns2:customer>
                <ns2:purchaseMethodCode>94173</ns2:purchaseMethodCode>
                <ns2:purchaseCodeName>Запрос котировок цен</ns2:purchaseCodeName>
                <ns2:placer>
                    <mainInfo>
                        <fullName>ФЕДЕРАЛЬНОЕ ГОСУДАРСТВЕННОЕ УНИТАРНОЕ ПРЕДПРИЯТИЕ "СПЕЦСТРОЙСЕРВИС" ПРИ ФЕДЕРАЛЬНОМ АГЕНТСТВЕ СПЕЦИАЛЬНОГО СТРОИТЕЛЬСТВА"</fullName>
                        <shortName>ФГУП "СПЕЦСТРОЙСЕРВИС" ПРИ СПЕЦСТРОЕ РОССИИ"</shortName>
                        <iko>57706044549774301001</iko>
                        <inn>7706044549</inn>
                        <kpp>774301001</kpp>
                        <ogrn>1025004058639</ogrn>
                        <legalAddress>125212, г МОСКВА, ул АДМИРАЛА МАКАРОВА, дом 6, корпус 1</legalAddress>
                        <postalAddress>115419, Москва Город, Михайловский Верхн. 2-й Проезд, дом 9, строение 5</postalAddress>
                        <phone>7-495-7754640-139</phone>
                        <fax>7-495-7754640</fax>
                        <email>gromov.v@spsts.ru</email>
                        <okato>45277565000</okato>
                        <okpo>08888031</okpo>
                    </mainInfo>
                </ns2:placer>
                <ns2:contact>
                    <firstName>Ольга </firstName>
                    <middleName>Сергеевна</middleName>
                    <lastName>Курилкина </lastName>
                    <phone>+7 (495) 7754640, доб.: 174</phone>
                    <email>zakupki@spsts.ru</email>
                    <organization>
                        <mainInfo>
                            <fullName>ФЕДЕРАЛЬНОЕ ГОСУДАРСТВЕННОЕ УНИТАРНОЕ ПРЕДПРИЯТИЕ "СПЕЦСТРОЙСЕРВИС" ПРИ ФЕДЕРАЛЬНОМ АГЕНТСТВЕ СПЕЦИАЛЬНОГО СТРОИТЕЛЬСТВА"</fullName>
                            <shortName>ФГУП "СПЕЦСТРОЙСЕРВИС" ПРИ СПЕЦСТРОЕ РОССИИ"</shortName>
                            <iko>57706044549774301001</iko>
                            <inn>7706044549</inn>
                            <kpp>774301001</kpp>
                            <ogrn>1025004058639</ogrn>
                            <legalAddress>125212, г МОСКВА, ул АДМИРАЛА МАКАРОВА, дом 6, корпус 1</legalAddress>
                            <postalAddress>115419, Москва Город, Михайловский Верхн. 2-й Проезд, дом 9, строение 5</postalAddress>
                            <phone>7-495-7754640-139</phone>
                            <fax>7-495-7754640</fax>
                            <email>gromov.v@spsts.ru</email>
                            <okato>45277565000</okato>
                            <okpo>08888031</okpo>
                        </mainInfo>
                    </organization>
                </ns2:contact>
                <ns2:publicationDateTime>2017-03-16T16:46:35</ns2:publicationDateTime>
                <ns2:documentationDelivery>
                    <deliveryStartDateTime>2017-01-30</deliveryStartDateTime>
                    <deliveryEndDateTime>2017-03-21</deliveryEndDateTime>
                    <place>Документация размещена в открытом доступе в информационно-телекоммуникационной сети «Интернет» на официальном сайте www.zakupki.gov.ru.
Документация предоставлена для ознакомления и самостоятельного копирования без взимания платы. 
</place>
                    <procedure>В соответствии с порядком, установленным ЭТП, на которой проводится запрос котировок цен http://www.sstorg.ru</procedure>
                </ns2:documentationDelivery>
                <ns2:status>P</ns2:status>
                <ns2:version>10</ns2:version>
                <ns2:modificationDescription>решение заказчика</ns2:modificationDescription>
                <ns2:notDishonest>true</ns2:notDishonest>
                <ns2:attachments>
                    <totalDocumentsCount>14</totalDocumentsCount>
                    <document>
                        <guid>80d9e917-c21b-40c1-8905-fcd14171a8c4</guid>
                        <createDateTime>2017-03-13T15:05:11</createDateTime>
                        <fileName>Уведомление 8.docx</fileName>
                        <description>Уведомление 8</description>
                        <url>http://zakupki.gov.ru/223/purchase/public/download/download.html?id=30117504</url>
                    </document>
                    <document>
                        <guid>4fb1f4b7-15e8-4473-b662-ee2ceac44b6b</guid>
                        <createDateTime>2017-01-30T09:27:38</createDateTime>
                        <fileName>Приложение №2_Форма котировочной заявки.docx</fileName>
                        <description>Приложение №2_Форма котировочной заявки</description>
                        <url>http://zakupki.gov.ru/223/purchase/public/download/download.html?id=30117505</url>
                    </document>
                    <document>
                        <guid>58a401fa-6d91-464c-a857-6b85a6c8edab</guid>
                        <createDateTime>2017-03-07T15:38:50</createDateTime>
                        <fileName>Уведомление 7.docx</fileName>
                        <description>Уведомление 7</description>
                        <url>http://zakupki.gov.ru/223/purchase/public/download/download.html?id=30117506</url>
                    </document>
                    <document>
                        <guid>99fac4c7-66c4-443f-943c-7177b50cfac1</guid>
                        <createDateTime>2017-01-28T20:41:42</createDateTime>
                        <fileName>Документация о ЗКЦ_эл.форма.docx</fileName>
                        <description>Документация о ЗКЦ_эл.форма</description>
                        <url>http://zakupki.gov.ru/223/purchase/public/download/download.html?id=30117507</url>
                    </document>
                    <document>
                        <guid>fa0a26f4-4e50-4529-977a-365ffc33a2ab</guid>
                        <createDateTime>2017-02-07T09:07:48</createDateTime>
                        <fileName>Уведомление 1.docx</fileName>
                        <description>Уведомление 1</description>
                        <url>http://zakupki.gov.ru/223/purchase/public/download/download.html?id=30117508</url>
                    </document>
                    <document>
                        <guid>b3007281-7bd7-4faa-96a1-66dfb6bbbd0d</guid>
                        <createDateTime>2017-01-28T20:41:54</createDateTime>
                        <fileName>Приложение №3 Проект Договора.doc</fileName>
                        <description>Приложение №3 Проект Договора</description>
                        <url>http://zakupki.gov.ru/223/purchase/public/download/download.html?id=30117509</url>
                    </document>
                    <document>
                        <guid>c6ea6083-cfa1-4cd9-864e-ac4bbdd79f21</guid>
                        <createDateTime>2017-03-16T16:45:28</createDateTime>
                        <fileName>Приложение №1_Извещение о ЗКЦ изм.9.docx</fileName>
                        <description>Приложение №1_Извещение о ЗКЦ изм.9</description>
                        <url>http://zakupki.gov.ru/223/purchase/public/download/download.html?id=30117624</url>
                    </document>
                    <document>
                        <guid>18beb44c-8fe1-4891-8a01-f9dfbde5a19f</guid>
                        <createDateTime>2017-03-13T15:05:07</createDateTime>
                        <fileName>Приложение №1_Извещение о ЗКЦ изм.8.docx</fileName>
                        <description>Приложение №1_Извещение о ЗКЦ изм.8</description>
                        <url>http://zakupki.gov.ru/223/purchase/public/download/download.html?id=30117498</url>
                    </document>
                    <document>
                        <guid>4c31042c-282e-4b78-8879-dff06862efe1</guid>
                        <createDateTime>2017-02-08T16:51:17</createDateTime>
                        <fileName>Уведомление 2.docx</fileName>
                        <description>Уведомление 2</description>
                        <url>http://zakupki.gov.ru/223/purchase/public/download/download.html?id=30117499</url>
                    </document>
                    <document>
                        <guid>ec7af999-d767-41ef-a288-5e9cfbb2ef23</guid>
                        <createDateTime>2017-02-22T12:07:53</createDateTime>
                        <fileName>Уведомление 5.docx</fileName>
                        <description>Уведомление 5</description>
                        <url>http://zakupki.gov.ru/223/purchase/public/download/download.html?id=30117500</url>
                    </document>
                    <document>
                        <guid>1001311a-f69b-43e9-b230-b0d444e03d9f</guid>
                        <createDateTime>2017-03-16T16:45:33</createDateTime>
                        <fileName>Уведомление 9.docx</fileName>
                        <description>Уведомление 9</description>
                        <url>http://zakupki.gov.ru/223/purchase/public/download/download.html?id=30117629</url>
                    </document>
                    <document>
                        <guid>50e84ba5-9eee-4a75-94ab-61a848dd65ff</guid>
                        <createDateTime>2017-02-17T12:32:30</createDateTime>
                        <fileName>Уведомление 4.docx</fileName>
                        <description>Уведомление 4</description>
                        <url>http://zakupki.gov.ru/223/purchase/public/download/download.html?id=30117501</url>
                    </document>
                    <document>
                        <guid>e16a99cf-cb05-45ce-9425-ba011d0a2cb4</guid>
                        <createDateTime>2017-03-02T17:49:44</createDateTime>
                        <fileName>Уведомление 6.docx</fileName>
                        <description>Уведомление 6</description>
                        <url>http://zakupki.gov.ru/223/purchase/public/download/download.html?id=30117502</url>
                    </document>
                    <document>
                        <guid>b66f7395-927c-40e1-afb8-3f1165ff3248</guid>
                        <createDateTime>2017-02-13T17:22:57</createDateTime>
                        <fileName>Уведомление 3.docx</fileName>
                        <description>Уведомление 3</description>
                        <url>http://zakupki.gov.ru/223/purchase/public/download/download.html?id=30117503</url>
                    </document>
                </ns2:attachments>
                <ns2:modificationDate>2017-03-16T16:46:35</ns2:modificationDate>
                <ns2:saveUserId>167002</ns2:saveUserId>
                <ns2:deliveryPlaceIndication>SINGLE_PLACE</ns2:deliveryPlaceIndication>
                <ns2:emergency>false</ns2:emergency>
                <ns2:jointPurchase>false</ns2:jointPurchase>
                <ns2:electronicPlaceInfo>
                    <name>Торговая Система Спецстройторг</name>
                    <url>http://www.sstorg.ru/</url>
                    <electronicPlaceId>122</electronicPlaceId>
                </ns2:electronicPlaceInfo>
                <ns2:placingProcedure>
                    <ns2:examinationPlace>115419, г. Москва, 2-й Верхний Михайловский проезд, д.9 с. 5</ns2:examinationPlace>
                    <ns2:examinationDateTime>2017-03-28T15:00:00</ns2:examinationDateTime>
                    <ns2:summingupDateTime>2017-03-28T15:00:00</ns2:summingupDateTime>
                </ns2:placingProcedure>
                <ns2:submissionCloseDateTime>2017-03-21T14:00:00</ns2:submissionCloseDateTime>
                <ns2:publicationPlannedDate>2017-01-30</ns2:publicationPlannedDate>
                <ns2:lots>
                    <lot>
                        <guid>1885463c-6628-45b7-b726-65b9989f734a</guid>
                        <ordinalNumber>1</ordinalNumber>
                        <lotEditEnabled>false</lotEditEnabled>
                        <lotData>
                            <subject>Право заключения рамочного договора на поставку потолочного покрытия</subject>
                            <currency>
                                <code>RUB</code>
                                <digitalCode>643</digitalCode>
                                <name>Российский рубль</name>
                            </currency>
                            <initialSum>500000000.00</initialSum>
                            <deliveryPlace>
                                <state>Центральный федеральный округ</state>
                                <region>Москва</region>
                                <regionOkato>45000000000</regionOkato>
                                <address>Выборка со склада поставщика</address>
                            </deliveryPlace>
                            <lotItems>
                                <newCodes>true</newCodes>
                                <lotItem>
                                    <guid>1a108948-8cb9-425b-8f57-99367b3e2d8a</guid>
                                    <ordinalNumber>1</ordinalNumber>
                                    <okpd2>
                                        <code>22.23.11</code>
                                        <name>Материалы для покрытий пола, стен или потолка пластмассовые в рулонах или в форме плиток</name>
                                    </okpd2>
                                    <okved2>
                                        <code>22.23</code>
                                        <name>Производство пластмассовых изделий, используемых в строительстве</name>
                                    </okved2>
                                </lotItem>
                            </lotItems>
                            <forSmallOrMiddle>false</forSmallOrMiddle>
                            <excludePurchaseFromPlan>false</excludePurchaseFromPlan>
                            <subcontractorsRequirement>false</subcontractorsRequirement>
                            <ignoredPurchase>false</ignoredPurchase>
                            <centralized>false</centralized>
                        </lotData>
                        <deliveryPlaceIndication>GL</deliveryPlaceIndication>
                        <jointLotData>
                            <jointLot>false</jointLot>
                        </jointLotData>
                        <lotPlanInfo>
                            <planRegistrationNumber>2160217919</planRegistrationNumber>
                            <planGuid>859b2aab-c683-4a2e-b7eb-fe744bec5502</planGuid>
                            <positionNumber>141</positionNumber>
                            <lotPlanPosition>COMMODITY</lotPlanPosition>
                            <positionGuid>f24771cc-bb08-446a-9642-4fb381e0cc65</positionGuid>
                        </lotPlanInfo>
                        <cancelled>false</cancelled>
                    </lot>
                </ns2:lots>
            </ns2:purchaseNoticeData>
        </ns2:item>
    </ns2:body>
</ns2:purchaseNotice>
