<?xml version="1.0" encoding="UTF-8" standalone="yes"?>
<ns2:purchaseNotice xsi:schemaLocation="http://zakupki.gov.ru/223/integration/schema/TFF-5.2 http://zakupki.gov.ru/223/integration/schema/TFF-5.2/purchase.xsd" xmlns="http://zakupki.gov.ru/223fz/types/1" xmlns:ns10="http://zakupki.gov.ru/223fz/purchasePlan/1" xmlns:ns11="http://zakupki.gov.ru/223fz/purchasePlanProject/1" xmlns:ns12="http://zakupki.gov.ru/223fz/purchasePlanProjectAdditionalPosition/1" xmlns:ns13="http://zakupki.gov.ru/223fz/contract/1" xmlns:ns14="http://zakupki.gov.ru/223fz/missedNotice/1" xmlns:ns15="http://zakupki.gov.ru/223fz/reference/1" xmlns:ns16="http://zakupki.gov.ru/223fz/stopCommodity/1" xmlns:ns17="http://zakupki.gov.ru/223fz/decisionSuspension/1" xmlns:ns18="http://zakupki.gov.ru/223fz/purchasePlanAdditionalPosition/1" xmlns:ns19="http://zakupki.gov.ru/223fz/webRequest/1" xmlns:ns2="http://zakupki.gov.ru/223fz/purchase/1" xmlns:xsi="http://www.w3.org/2001/XMLSchema-instance" xmlns:ns3="http://zakupki.gov.ru/223fz/dishonestSupplier/1" xmlns:ns4="http://zakupki.gov.ru/223fz/machineryListInfo/1" xmlns:ns5="http://zakupki.gov.ru/223fz/revenue/1" xmlns:ns6="http://zakupki.gov.ru/223fz/orderClauseList/1" xmlns:ns7="http://zakupki.gov.ru/223fz/disagreementProtocol/1" xmlns:ns8="http://zakupki.gov.ru/223fz/complaint/1" xmlns:ns9="http://zakupki.gov.ru/223fz/notificationIssue/1">
    <header>
        <guid>997d4774-0e04-46bd-9383-57971cc9bd6c</guid>
        <createDateTime>2017-03-16T23:46:21</createDateTime>
    </header>
    <ns2:body>
        <ns2:item>
            <guid>63a8622e-0e14-4a75-91a2-f2220a7c7b3f</guid>
            <ns2:purchaseNoticeData>
                <ns2:guid>63a8622e-0e14-4a75-91a2-f2220a7c7b3f</ns2:guid>
                <ns2:createDateTime>2017-03-16T16:45:10</ns2:createDateTime>
                <ns2:urlOOS>https://zakupki.gov.ru/223/purchase/private/purchase/notice-info/details.html?noticeInfoId=5887659</ns2:urlOOS>
                <ns2:registrationNumber>31704900162</ns2:registrationNumber>
                <ns2:name>Преподавательские услуги: чтение лекций, проведение практических занятий, консультирование слушателей по программам дополнительного профессионального образования
</ns2:name>
                <ns2:customer>
                    <mainInfo>
                        <fullName>ФЕДЕРАЛЬНОЕ ГОСУДАРСТВЕННОЕ БЮДЖЕТНОЕ ОБРАЗОВАТЕЛЬНОЕ УЧРЕЖДЕНИЕ ВЫСШЕГО ОБРАЗОВАНИЯ "РОССИЙСКИЙ ГОСУДАРСТВЕННЫЙ УНИВЕРСИТЕТ НЕФТИ И ГАЗА (НАЦИОНАЛЬНЫЙ ИССЛЕДОВАТЕЛЬСКИЙ УНИВЕРСИТЕТ) ИМЕНИ И.М. ГУБКИНА"</fullName>
                        <shortName>РГУ НЕФТИ И ГАЗА (НИУ) ИМЕНИ И.М. ГУБКИНА</shortName>
                        <iko>87736093127773601001</iko>
                        <inn>7736093127</inn>
                        <kpp>773601001</kpp>
                        <ogrn>1027739073845</ogrn>
                        <legalAddress>119991, Г МОСКВА, ПР-КТ ЛЕНИНСКИЙ, дом ДОМ 65, корпус КОРПУС 1</legalAddress>
                        <postalAddress>119991, ГОРОД МОСКВА, ПРОСПЕКТ ЛЕНИНСКИЙ, ДОМ 65, КОРПУС 1</postalAddress>
                        <phone>7-499-5078689</phone>
                        <email>tender@gubkin.ru</email>
                        <okato>45293558000</okato>
                        <okpo>02066612</okpo>
                    </mainInfo>
                </ns2:customer>
                <ns2:purchaseMethodCode>62897</ns2:purchaseMethodCode>
                <ns2:purchaseCodeName>Прямая закупка (у единственного поставщика, подрядчика, исполнителя)</ns2:purchaseCodeName>
                <ns2:placer>
                    <mainInfo>
                        <fullName>ФЕДЕРАЛЬНОЕ ГОСУДАРСТВЕННОЕ БЮДЖЕТНОЕ ОБРАЗОВАТЕЛЬНОЕ УЧРЕЖДЕНИЕ ВЫСШЕГО ОБРАЗОВАНИЯ "РОССИЙСКИЙ ГОСУДАРСТВЕННЫЙ УНИВЕРСИТЕТ НЕФТИ И ГАЗА (НАЦИОНАЛЬНЫЙ ИССЛЕДОВАТЕЛЬСКИЙ УНИВЕРСИТЕТ) ИМЕНИ И.М. ГУБКИНА"</fullName>
                        <shortName>РГУ НЕФТИ И ГАЗА (НИУ) ИМЕНИ И.М. ГУБКИНА</shortName>
                        <iko>87736093127773601001</iko>
                        <inn>7736093127</inn>
                        <kpp>773601001</kpp>
                        <ogrn>1027739073845</ogrn>
                        <legalAddress>119991, Г МОСКВА, ПР-КТ ЛЕНИНСКИЙ, дом ДОМ 65, корпус КОРПУС 1</legalAddress>
                        <postalAddress>119991, ГОРОД МОСКВА, ПРОСПЕКТ ЛЕНИНСКИЙ, ДОМ 65, КОРПУС 1</postalAddress>
                        <phone>7-499-5078689</phone>
                        <email>tender@gubkin.ru</email>
                        <okato>45293558000</okato>
                        <okpo>02066612</okpo>
                    </mainInfo>
                </ns2:placer>
                <ns2:contact>
                    <firstName>Петр</firstName>
                    <middleName>Федорович</middleName>
                    <lastName>Анисимов</lastName>
                    <phone>+7 (499) 5078086</phone>
                    <email>tender@gubkin.com</email>
                    <organization>
                        <mainInfo>
                            <fullName>ФЕДЕРАЛЬНОЕ ГОСУДАРСТВЕННОЕ БЮДЖЕТНОЕ ОБРАЗОВАТЕЛЬНОЕ УЧРЕЖДЕНИЕ ВЫСШЕГО ОБРАЗОВАНИЯ "РОССИЙСКИЙ ГОСУДАРСТВЕННЫЙ УНИВЕРСИТЕТ НЕФТИ И ГАЗА (НАЦИОНАЛЬНЫЙ ИССЛЕДОВАТЕЛЬСКИЙ УНИВЕРСИТЕТ) ИМЕНИ И.М. ГУБКИНА"</fullName>
                            <shortName>РГУ НЕФТИ И ГАЗА (НИУ) ИМЕНИ И.М. ГУБКИНА</shortName>
                            <iko>87736093127773601001</iko>
                            <inn>7736093127</inn>
                            <kpp>773601001</kpp>
                            <ogrn>1027739073845</ogrn>
                            <legalAddress>119991, Г МОСКВА, ПР-КТ ЛЕНИНСКИЙ, дом ДОМ 65, корпус КОРПУС 1</legalAddress>
                            <postalAddress>119991, ГОРОД МОСКВА, ПРОСПЕКТ ЛЕНИНСКИЙ, ДОМ 65, КОРПУС 1</postalAddress>
                            <phone>7-499-5078689</phone>
                            <email>tender@gubkin.ru</email>
                            <okato>45293558000</okato>
                            <okpo>02066612</okpo>
                        </mainInfo>
                    </organization>
                </ns2:contact>
                <ns2:publicationDateTime>2017-03-16T23:46:21</ns2:publicationDateTime>
                <ns2:documentationDelivery>
                    <deliveryStartDateTime>2017-03-16</deliveryStartDateTime>
                    <deliveryEndDateTime>2017-03-17</deliveryEndDateTime>
                    <place>ЕИС</place>
                    <procedure>Бесплатно</procedure>
                </ns2:documentationDelivery>
                <ns2:status>P</ns2:status>
                <ns2:version>1</ns2:version>
                <ns2:notDishonest>true</ns2:notDishonest>
                <ns2:attachments>
                    <totalDocumentsCount>1</totalDocumentsCount>
                    <document>
                        <guid>04bae78f-3255-47e9-be7a-ac63f53d3bbd</guid>
                        <createDateTime>2017-03-16T17:31:36</createDateTime>
                        <fileName>Извещение.doc</fileName>
                        <description>Извещение</description>
                        <url>http://zakupki.gov.ru/223/purchase/public/download/download.html?id=30119516</url>
                    </document>
                </ns2:attachments>
                <ns2:modificationDate>2017-03-16T23:46:21</ns2:modificationDate>
                <ns2:saveUserId>260634</ns2:saveUserId>
                <ns2:deliveryPlaceIndication>DIFFERENT_PLACE</ns2:deliveryPlaceIndication>
                <ns2:emergency>false</ns2:emergency>
                <ns2:jointPurchase>false</ns2:jointPurchase>
                <ns2:placingProcedure>
                    <ns2:examinationPlace>г. Москва, Ленинский просп., д. 65, корп. 1, ком. 234</ns2:examinationPlace>
                    <ns2:examinationDateTime>2017-03-17T12:00:00</ns2:examinationDateTime>
                    <ns2:summingupDateTime>2017-03-17T12:00:00</ns2:summingupDateTime>
                    <ns2:summingupPlace>г. Москва, Ленинский просп., д. 65, корп. 1, ком. 234</ns2:summingupPlace>
                </ns2:placingProcedure>
                <ns2:submissionCloseDateTime>2017-03-17T12:00:00</ns2:submissionCloseDateTime>
                <ns2:publicationPlannedDate>2017-03-16</ns2:publicationPlannedDate>
                <ns2:lots>
                    <lot>
                        <guid>3e17ea63-0b29-434a-af65-4f1c08e22366</guid>
                        <ordinalNumber>1</ordinalNumber>
                        <lotEditEnabled>false</lotEditEnabled>
                        <lotData>
                            <subject>Преподавательские услуги: чтение лекций, проведение практических занятий, консультирование слушателей по программам дополнительного профессионального образования
</subject>
                            <currency>
                                <code>RUB</code>
                                <digitalCode>643</digitalCode>
                                <name>Российский рубль</name>
                            </currency>
                            <initialSum>1000000.00</initialSum>
                            <deliveryPlace>
                                <state>Центральный федеральный округ</state>
                                <region>Москва</region>
                                <regionOkato>45000000000</regionOkato>
                                <address>Ленинский просп., д. 65, корп. 1</address>
                            </deliveryPlace>
                            <lotItems>
                                <newCodes>true</newCodes>
                                <lotItem>
                                    <guid>9df3db14-ce21-400e-9fe6-31d71d880503</guid>
                                    <ordinalNumber>1</ordinalNumber>
                                    <okpd2>
                                        <code>85.23.11.000</code>
                                        <name>Услуги по подготовке кадров высшей квалификации</name>
                                    </okpd2>
                                    <okved2>
                                        <code>85.23</code>
                                        <name>Подготовка кадров высшей квалификации</name>
                                    </okved2>
                                    <okei>
                                        <code>356</code>
                                        <name>Час</name>
                                    </okei>
                                    <qty>500</qty>
                                </lotItem>
                            </lotItems>
                            <forSmallOrMiddle>false</forSmallOrMiddle>
                            <excludePurchaseFromPlan>false</excludePurchaseFromPlan>
                            <subcontractorsRequirement>false</subcontractorsRequirement>
                            <ignoredPurchase>false</ignoredPurchase>
                            <centralized>false</centralized>
                        </lotData>
                        <deliveryPlaceIndication>GL</deliveryPlaceIndication>
                        <jointLotData>
                            <jointLot>false</jointLot>
                        </jointLotData>
                        <lotPlanInfo>
                            <planRegistrationNumber>2160218509</planRegistrationNumber>
                            <planGuid>98b59201-316f-4437-9751-1ce94b2d47cb</planGuid>
                            <positionNumber>64</positionNumber>
                            <lotPlanPosition>COMMODITY</lotPlanPosition>
                            <positionGuid>743e2b2a-ceaa-4fdb-aa3d-f93a42a3621f</positionGuid>
                        </lotPlanInfo>
                        <cancelled>false</cancelled>
                    </lot>
                </ns2:lots>
            </ns2:purchaseNoticeData>
        </ns2:item>
    </ns2:body>
</ns2:purchaseNotice>
