<?xml version="1.0" encoding="UTF-8" standalone="yes"?>
<ns2:purchaseNotice xsi:schemaLocation="http://zakupki.gov.ru/223/integration/schema/TFF-5.2 http://zakupki.gov.ru/223/integration/schema/TFF-5.2/purchase.xsd" xmlns="http://zakupki.gov.ru/223fz/types/1" xmlns:ns10="http://zakupki.gov.ru/223fz/purchasePlan/1" xmlns:ns11="http://zakupki.gov.ru/223fz/purchasePlanProject/1" xmlns:ns12="http://zakupki.gov.ru/223fz/purchasePlanProjectAdditionalPosition/1" xmlns:ns13="http://zakupki.gov.ru/223fz/contract/1" xmlns:ns14="http://zakupki.gov.ru/223fz/missedNotice/1" xmlns:ns15="http://zakupki.gov.ru/223fz/reference/1" xmlns:ns16="http://zakupki.gov.ru/223fz/stopCommodity/1" xmlns:ns17="http://zakupki.gov.ru/223fz/decisionSuspension/1" xmlns:ns18="http://zakupki.gov.ru/223fz/purchasePlanAdditionalPosition/1" xmlns:ns19="http://zakupki.gov.ru/223fz/webRequest/1" xmlns:ns2="http://zakupki.gov.ru/223fz/purchase/1" xmlns:xsi="http://www.w3.org/2001/XMLSchema-instance" xmlns:ns3="http://zakupki.gov.ru/223fz/dishonestSupplier/1" xmlns:ns4="http://zakupki.gov.ru/223fz/machineryListInfo/1" xmlns:ns5="http://zakupki.gov.ru/223fz/revenue/1" xmlns:ns6="http://zakupki.gov.ru/223fz/orderClauseList/1" xmlns:ns7="http://zakupki.gov.ru/223fz/disagreementProtocol/1" xmlns:ns8="http://zakupki.gov.ru/223fz/complaint/1" xmlns:ns9="http://zakupki.gov.ru/223fz/notificationIssue/1">
    <header>
        <guid>0733dd6b-551e-47c8-b0e5-7e581f6fc044</guid>
        <createDateTime>2017-03-16T19:33:12</createDateTime>
    </header>
    <ns2:body>
        <ns2:item>
            <guid>a22a2ab1-590a-1ee7-82cc-a9da97809f38</guid>
            <ns2:purchaseNoticeData>
                <ns2:guid>a22a2ab1-590a-1ee7-82cc-a9da97809f38</ns2:guid>
                <ns2:createDateTime>2017-03-16T19:31:21</ns2:createDateTime>
                <ns2:urlOOS>https://zakupki.gov.ru/223/purchase/private/purchase/notice-info/details.html?noticeInfoId=5888421</ns2:urlOOS>
                <ns2:urlVSRZ>ЕОС-Закупки</ns2:urlVSRZ>
                <ns2:registrationNumber>31704886921</ns2:registrationNumber>
                <ns2:name>Право заключения договора на поставу  контейнеров металлических защитных  для сбора, транспортирования, хранения и захоронения низкоактивных ТРО</ns2:name>
                <ns2:customer>
                    <mainInfo>
                        <fullName>ФЕДЕРАЛЬНОЕ ГОСУДАРСТВЕННОЕ УНИТАРНОЕ ПРЕДПРИЯТИЕ "ПРЕДПРИЯТИЕ ПО ОБРАЩЕНИЮ С РАДИОАКТИВНЫМИ ОТХОДАМИ "РОСРАО"</fullName>
                        <shortName>ФГУП "РОСРАО"</shortName>
                        <iko>54714004270770601001</iko>
                        <inn>4714004270</inn>
                        <kpp>770601001</kpp>
                        <ogrn>1024701761534</ogrn>
                        <legalAddress>119017, Г МОСКВА, УЛ ОРДЫНКА Б., дом ДОМ 24</legalAddress>
                        <postalAddress>119017, дом 24</postalAddress>
                        <phone>7-495-7107648-242</phone>
                        <fax>7-495-7104648</fax>
                        <email>info@rosrao.ru</email>
                        <okato>45286596000</okato>
                        <okpo>32802451</okpo>
                    </mainInfo>
                </ns2:customer>
                <ns2:purchaseMethodCode>5907</ns2:purchaseMethodCode>
                <ns2:purchaseCodeName>Открытый запрос цен в электронной форме</ns2:purchaseCodeName>
                <ns2:placer>
                    <mainInfo>
                        <fullName>ФЕДЕРАЛЬНОЕ ГОСУДАРСТВЕННОЕ УНИТАРНОЕ ПРЕДПРИЯТИЕ "ПРЕДПРИЯТИЕ ПО ОБРАЩЕНИЮ С РАДИОАКТИВНЫМИ ОТХОДАМИ "РОСРАО"</fullName>
                        <shortName>ФГУП "РОСРАО"</shortName>
                        <iko>54714004270770601001</iko>
                        <inn>4714004270</inn>
                        <kpp>770601001</kpp>
                        <ogrn>1024701761534</ogrn>
                        <legalAddress>119017, Г МОСКВА, УЛ ОРДЫНКА Б., дом ДОМ 24</legalAddress>
                        <postalAddress>119017, дом 24</postalAddress>
                        <phone>7-495-7107648-242</phone>
                        <fax>7-495-7104648</fax>
                        <email>info@rosrao.ru</email>
                        <okato>45286596000</okato>
                        <okpo>32802451</okpo>
                    </mainInfo>
                </ns2:placer>
                <ns2:contact>
                    <firstName>Анна</firstName>
                    <middleName>Викторовна</middleName>
                    <lastName>Мамонова</lastName>
                    <phone>+8 (863) 2832580</phone>
                    <fax>+8 (863) 2832580</fax>
                    <email>zakupki@rosrao.ru</email>
                    <organization>
                        <mainInfo>
                            <fullName>ФЕДЕРАЛЬНОЕ ГОСУДАРСТВЕННОЕ УНИТАРНОЕ ПРЕДПРИЯТИЕ "ПРЕДПРИЯТИЕ ПО ОБРАЩЕНИЮ С РАДИОАКТИВНЫМИ ОТХОДАМИ "РОСРАО"</fullName>
                            <shortName>ФГУП "РОСРАО"</shortName>
                            <iko>54714004270770601001</iko>
                            <inn>4714004270</inn>
                            <kpp>770601001</kpp>
                            <ogrn>1024701761534</ogrn>
                            <legalAddress>119017, Г МОСКВА, УЛ ОРДЫНКА Б., дом ДОМ 24</legalAddress>
                            <postalAddress>119017, дом 24</postalAddress>
                            <phone>7-495-7107648-242</phone>
                            <fax>7-495-7104648</fax>
                            <email>info@rosrao.ru</email>
                            <okato>45286596000</okato>
                            <okpo>32802451</okpo>
                        </mainInfo>
                    </organization>
                </ns2:contact>
                <ns2:publicationDateTime>2017-03-16T19:33:12</ns2:publicationDateTime>
                <ns2:documentationDelivery>
                    <deliveryStartDateTime>2017-03-14</deliveryStartDateTime>
                    <deliveryEndDateTime>2017-03-21</deliveryEndDateTime>
                    <place>Фабрикант 2 http://www.fabrikant.ru/</place>
                    <procedure>Фабрикант 2 http://www.fabrikant.ru/</procedure>
                </ns2:documentationDelivery>
                <ns2:status>P</ns2:status>
                <ns2:version>2</ns2:version>
                <ns2:modificationDescription>Согласно ЕОСЗ</ns2:modificationDescription>
                <ns2:notDishonest>false</ns2:notDishonest>
                <ns2:attachments>
                    <totalDocumentsCount>1</totalDocumentsCount>
                    <document>
                        <guid>a22a2ab1-590a-1ed7-82cc-b411862ec5e5</guid>
                        <createDateTime>2017-03-16T16:28:45</createDateTime>
                        <fileName>Извещение о внесении изменений 2318848.docx</fileName>
                        <description>Извещение о внесении изменений 2318848</description>
                        <url>http://zakupki.gov.ru/223/purchase/public/download/download.html?id=30121231</url>
                    </document>
                </ns2:attachments>
                <ns2:modificationDate>2017-03-16T19:33:12</ns2:modificationDate>
                <ns2:saveUserId>165810</ns2:saveUserId>
                <ns2:deliveryPlaceIndication>DIFFERENT_PLACE</ns2:deliveryPlaceIndication>
                <ns2:emergency>false</ns2:emergency>
                <ns2:jointPurchase>false</ns2:jointPurchase>
                <ns2:electronicPlaceInfo>
                    <name>Фабрикант 2</name>
                    <url>http://fabrikant.ru</url>
                    <electronicPlaceId>111</electronicPlaceId>
                </ns2:electronicPlaceInfo>
                <ns2:placingProcedure>
                    <ns2:examinationPlace>г. Москва, Пыжевский пер., д. 6</ns2:examinationPlace>
                    <ns2:examinationDateTime>2017-03-30T23:59:59</ns2:examinationDateTime>
                    <ns2:summingupDateTime>2017-03-30T23:59:59</ns2:summingupDateTime>
                </ns2:placingProcedure>
                <ns2:submissionCloseDateTime>2017-03-21T11:00:00</ns2:submissionCloseDateTime>
                <ns2:publicationPlannedDate>2017-03-14</ns2:publicationPlannedDate>
                <ns2:lots>
                    <lot>
                        <guid>0addd403-d90a-1ee7-8290-78985fa217ef</guid>
                        <ordinalNumber>1</ordinalNumber>
                        <lotEditEnabled>true</lotEditEnabled>
                        <lotData>
                            <subject>Право заключения договора на поставку контейнеров металлических защитных  для сбора, транспортирования, хранения и захоронения низкоактивных ТРО</subject>
                            <currency>
                                <code>RUB</code>
                                <digitalCode>643</digitalCode>
                                <name>Российский рубль</name>
                            </currency>
                            <initialSum>89764500.00</initialSum>
                            <deliveryPlace>
                                <address>Смоленская область, город Десногорск,  филиал АО «Концерн Росэнергоатом» - «Смоленская АЭС»</address>
                            </deliveryPlace>
                            <lotItems>
                                <newCodes>true</newCodes>
                                <lotItem>
                                    <guid>0addd011-6b0b-1ee7-828e-88856ea48cc7</guid>
                                    <ordinalNumber>1</ordinalNumber>
                                    <okpd2>
                                        <code>29.20.21.129</code>
                                        <name>Контейнеры специализированные прочие, не включенные в другие группировки</name>
                                    </okpd2>
                                    <okved2>
                                        <code>25</code>
                                        <name>Производство готовых металлических изделий, кроме машин и оборудования</name>
                                    </okved2>
                                    <okei>
                                        <code>796</code>
                                        <name>Штука</name>
                                    </okei>
                                    <qty>1245</qty>
                                    <additionalInfo>Закупка проводится у субъектов малого и среднего предпринимательства.</additionalInfo>
                                </lotItem>
                            </lotItems>
                            <forSmallOrMiddle>true</forSmallOrMiddle>
                            <excludePurchaseFromPlan>false</excludePurchaseFromPlan>
                            <subcontractorsRequirement>false</subcontractorsRequirement>
                            <ignoredPurchase>false</ignoredPurchase>
                            <centralized>false</centralized>
                        </lotData>
                        <deliveryPlaceIndication>GL</deliveryPlaceIndication>
                        <jointLotData>
                            <jointLot>false</jointLot>
                        </jointLotData>
                        <lotPlanInfo>
                            <planRegistrationNumber>2160184579</planRegistrationNumber>
                            <planGuid>a22a2ab1-590a-1ed7-82aa-0dddb350055a</planGuid>
                            <positionNumber>1170800004</positionNumber>
                            <lotPlanPosition>COMMODITY</lotPlanPosition>
                            <positionGuid>589c3699-6ee4-0bc0-e100-80000a7c101c</positionGuid>
                        </lotPlanInfo>
                        <cancelled>false</cancelled>
                    </lot>
                </ns2:lots>
            </ns2:purchaseNoticeData>
        </ns2:item>
    </ns2:body>
</ns2:purchaseNotice>
