<?xml version="1.0" encoding="UTF-8" standalone="yes"?>
<ns2:purchaseNotice xsi:schemaLocation="http://zakupki.gov.ru/223/integration/schema/TFF-5.2 http://zakupki.gov.ru/223/integration/schema/TFF-5.2/purchase.xsd" xmlns="http://zakupki.gov.ru/223fz/types/1" xmlns:ns10="http://zakupki.gov.ru/223fz/purchasePlan/1" xmlns:ns11="http://zakupki.gov.ru/223fz/purchasePlanProject/1" xmlns:ns12="http://zakupki.gov.ru/223fz/purchasePlanProjectAdditionalPosition/1" xmlns:ns13="http://zakupki.gov.ru/223fz/contract/1" xmlns:ns14="http://zakupki.gov.ru/223fz/missedNotice/1" xmlns:ns15="http://zakupki.gov.ru/223fz/reference/1" xmlns:ns16="http://zakupki.gov.ru/223fz/stopCommodity/1" xmlns:ns17="http://zakupki.gov.ru/223fz/decisionSuspension/1" xmlns:ns18="http://zakupki.gov.ru/223fz/purchasePlanAdditionalPosition/1" xmlns:ns19="http://zakupki.gov.ru/223fz/webRequest/1" xmlns:ns2="http://zakupki.gov.ru/223fz/purchase/1" xmlns:xsi="http://www.w3.org/2001/XMLSchema-instance" xmlns:ns3="http://zakupki.gov.ru/223fz/dishonestSupplier/1" xmlns:ns4="http://zakupki.gov.ru/223fz/machineryListInfo/1" xmlns:ns5="http://zakupki.gov.ru/223fz/revenue/1" xmlns:ns6="http://zakupki.gov.ru/223fz/orderClauseList/1" xmlns:ns7="http://zakupki.gov.ru/223fz/disagreementProtocol/1" xmlns:ns8="http://zakupki.gov.ru/223fz/complaint/1" xmlns:ns9="http://zakupki.gov.ru/223fz/notificationIssue/1">
    <header>
        <guid>3b497c89-8857-4252-8a43-a319dfc19815</guid>
        <createDateTime>2017-03-16T17:08:26</createDateTime>
    </header>
    <ns2:body>
        <ns2:item>
            <guid>2b970b93-9e14-44c3-91fc-a5cd76e04428</guid>
            <ns2:purchaseNoticeData>
                <ns2:guid>2b970b93-9e14-44c3-91fc-a5cd76e04428</ns2:guid>
                <ns2:createDateTime>2017-03-16T17:02:18</ns2:createDateTime>
                <ns2:urlOOS>https://zakupki.gov.ru/223/purchase/private/purchase/notice-info/details.html?noticeInfoId=5887849</ns2:urlOOS>
                <ns2:registrationNumber>31704899550</ns2:registrationNumber>
                <ns2:name>1122-2017-0035. Оказание комплекса транспортно-экспедиционных услуг по организации авиационной перевозки груза</ns2:name>
                <ns2:customer>
                    <mainInfo>
                        <fullName>ОБЩЕСТВО С ОГРАНИЧЕННОЙ ОТВЕТСТВЕННОСТЬЮ "РТЛ-ТАМОЖЕННЫЙ ОПЕРАТОР"</fullName>
                        <shortName>ООО "РТЛ-ТАМОЖЕННЫЙ ОПЕРАТОР"</shortName>
                        <iko>57701976932770101001</iko>
                        <inn>7701976932</inn>
                        <kpp>770601001</kpp>
                        <ogrn>1127747112570</ogrn>
                        <legalAddress>119072, г МОСКВА, наб СОФИЙСКАЯ, дом 22, корпус 1</legalAddress>
                        <postalAddress>119072, город Москва, набережная Софийская, дом 22, строение 1</postalAddress>
                        <phone>7-495-7770290</phone>
                        <fax>7-495-7770291</fax>
                        <email>info@rtl-to.ru</email>
                        <okato>45286555000</okato>
                        <okpo>13534795</okpo>
                    </mainInfo>
                </ns2:customer>
                <ns2:purchaseMethodCode>109862</ns2:purchaseMethodCode>
                <ns2:purchaseCodeName>Закупка у единственного поставщика</ns2:purchaseCodeName>
                <ns2:placer>
                    <mainInfo>
                        <fullName>ОБЩЕСТВО С ОГРАНИЧЕННОЙ ОТВЕТСТВЕННОСТЬЮ "РТЛ-ТАМОЖЕННЫЙ ОПЕРАТОР"</fullName>
                        <shortName>ООО "РТЛ-ТАМОЖЕННЫЙ ОПЕРАТОР"</shortName>
                        <iko>57701976932770101001</iko>
                        <inn>7701976932</inn>
                        <kpp>770601001</kpp>
                        <ogrn>1127747112570</ogrn>
                        <legalAddress>119072, г МОСКВА, наб СОФИЙСКАЯ, дом 22, корпус 1</legalAddress>
                        <postalAddress>119072, город Москва, набережная Софийская, дом 22, строение 1</postalAddress>
                        <phone>7-495-7770290</phone>
                        <fax>7-495-7770291</fax>
                        <email>info@rtl-to.ru</email>
                        <okato>45286555000</okato>
                        <okpo>13534795</okpo>
                    </mainInfo>
                </ns2:placer>
                <ns2:contact>
                    <firstName>К.</firstName>
                    <middleName>Н.</middleName>
                    <lastName>Митин</lastName>
                    <phone>+7 (495) 7770290</phone>
                    <email>info@rtl-to.ru</email>
                    <organization>
                        <mainInfo>
                            <fullName>ОБЩЕСТВО С ОГРАНИЧЕННОЙ ОТВЕТСТВЕННОСТЬЮ "РТЛ-ТАМОЖЕННЫЙ ОПЕРАТОР"</fullName>
                            <shortName>ООО "РТЛ-ТАМОЖЕННЫЙ ОПЕРАТОР"</shortName>
                            <iko>57701976932770101001</iko>
                            <inn>7701976932</inn>
                            <kpp>770601001</kpp>
                            <ogrn>1127747112570</ogrn>
                            <legalAddress>119072, г МОСКВА, наб СОФИЙСКАЯ, дом 22, корпус 1</legalAddress>
                            <postalAddress>119072, город Москва, набережная Софийская, дом 22, строение 1</postalAddress>
                            <phone>7-495-7770290</phone>
                            <fax>7-495-7770291</fax>
                            <email>info@rtl-to.ru</email>
                            <okato>45286555000</okato>
                            <okpo>13534795</okpo>
                        </mainInfo>
                    </organization>
                </ns2:contact>
                <ns2:publicationDateTime>2017-03-16T17:08:26</ns2:publicationDateTime>
                <ns2:documentationDelivery/>
                <ns2:status>P</ns2:status>
                <ns2:version>1</ns2:version>
                <ns2:notDishonest>true</ns2:notDishonest>
                <ns2:attachments>
                    <totalDocumentsCount>3</totalDocumentsCount>
                    <document>
                        <guid>655cabc1-a594-4c86-af18-ebc3d9cf8787</guid>
                        <createDateTime>2017-03-16T17:07:29</createDateTime>
                        <fileName>Проект договора.docx</fileName>
                        <description>Проект договора</description>
                        <url>http://zakupki.gov.ru/223/purchase/public/download/download.html?id=30118720</url>
                    </document>
                    <document>
                        <guid>6e618246-8372-4245-85fb-2fee3633d734</guid>
                        <createDateTime>2017-03-16T17:06:56</createDateTime>
                        <fileName>Документация о закупке.docx</fileName>
                        <description>Документация о закупке</description>
                        <url>http://zakupki.gov.ru/223/purchase/public/download/download.html?id=30118686</url>
                    </document>
                    <document>
                        <guid>c4f861b4-65d0-4919-97eb-c94227461866</guid>
                        <createDateTime>2017-03-16T17:07:19</createDateTime>
                        <fileName>Проект заявки.docx</fileName>
                        <description>Проект заявки</description>
                        <url>http://zakupki.gov.ru/223/purchase/public/download/download.html?id=30118702</url>
                    </document>
                </ns2:attachments>
                <ns2:modificationDate>2017-03-16T17:08:26</ns2:modificationDate>
                <ns2:saveUserId>204356</ns2:saveUserId>
                <ns2:deliveryPlaceIndication>DIFFERENT_PLACE</ns2:deliveryPlaceIndication>
                <ns2:emergency>false</ns2:emergency>
                <ns2:jointPurchase>false</ns2:jointPurchase>
                <ns2:templateVersion>1</ns2:templateVersion>
                <ns2:templateStructure>
                    <ns2:level>
                        <ns2:tabLevel>NOTICE</ns2:tabLevel>
                        <ns2:tab>
                            <tabOrdinal>1</tabOrdinal>
                            <tabName>Общая информация</tabName>
                            <fixedName>MAIN</fixedName>
                            <section>
                                <sectionOrdinal>1</sectionOrdinal>
                                <sectionName>Сведения о состоянии извещения</sectionName>
                                <fixedName>MAIN_STATUS</fixedName>
                            </section>
                            <section>
                                <sectionOrdinal>2</sectionOrdinal>
                                <sectionName>Сведения о заказчике</sectionName>
                                <fixedName>MAIN_CUSTOMER</fixedName>
                            </section>
                            <section>
                                <sectionOrdinal>3</sectionOrdinal>
                                <sectionName>Общие сведения о закупке</sectionName>
                                <fixedName>MAIN_PURCHASE</fixedName>
                            </section>
                            <section>
                                <sectionOrdinal>4</sectionOrdinal>
                                <sectionName>Контактная информация</sectionName>
                                <fixedName>MAIN_CONTACTS</fixedName>
                            </section>
                        </ns2:tab>
                        <ns2:tab>
                            <tabOrdinal>2</tabOrdinal>
                            <tabName>Порядок размещения закупки</tabName>
                            <fixedName>COMMISSION</fixedName>
                            <section>
                                <sectionOrdinal>1</sectionOrdinal>
                                <sectionName>Публикация извещения</sectionName>
                                <fixedName>COMMISSION_PUBLISH</fixedName>
                            </section>
                        </ns2:tab>
                        <ns2:tab>
                            <tabOrdinal>3</tabOrdinal>
                            <tabName>Список лотов</tabName>
                            <fixedName>LOTS</fixedName>
                            <section>
                                <sectionOrdinal>1</sectionOrdinal>
                                <sectionName>Сведения о лотах</sectionName>
                                <fixedName>LOTS_INFO</fixedName>
                            </section>
                        </ns2:tab>
                        <ns2:tab>
                            <tabOrdinal>6</tabOrdinal>
                            <tabName>Документация</tabName>
                            <fixedName>DOCS</fixedName>
                            <section>
                                <sectionOrdinal>1</sectionOrdinal>
                                <sectionName>Предоставление документации</sectionName>
                                <fixedName>DOCS_INFO</fixedName>
                            </section>
                            <section>
                                <sectionOrdinal>2</sectionOrdinal>
                                <sectionName>Файлы документации</sectionName>
                                <fixedName>DOCS_FILES</fixedName>
                            </section>
                        </ns2:tab>
                    </ns2:level>
                    <ns2:level>
                        <ns2:tabLevel>LOT</ns2:tabLevel>
                        <ns2:tab>
                            <tabOrdinal>4</tabOrdinal>
                            <tabName>Сведения о лоте</tabName>
                            <fixedName>LOT_INFORMATION</fixedName>
                            <section>
                                <sectionOrdinal>1</sectionOrdinal>
                                <sectionName>Общая информация о лоте</sectionName>
                                <fixedName>LOT_INFO</fixedName>
                            </section>
                            <section>
                                <sectionOrdinal>2</sectionOrdinal>
                                <sectionName>Информация о товаре, работе, услуге</sectionName>
                                <fixedName>LOT_GOODS</fixedName>
                            </section>
                            <section>
                                <sectionOrdinal>3</sectionOrdinal>
                                <sectionName>Место поставки</sectionName>
                                <fixedName>LOT_PLACE</fixedName>
                            </section>
                        </ns2:tab>
                    </ns2:level>
                    <ns2:level>
                        <ns2:tabLevel>LOT_CUSTOMER</ns2:tabLevel>
                        <ns2:tab>
                            <tabOrdinal>5</tabOrdinal>
                            <tabName>Сведения по заказчику</tabName>
                            <fixedName>LOT_CUSTOMER</fixedName>
                            <section>
                                <sectionOrdinal>1</sectionOrdinal>
                                <sectionName>Общая информация по Заказчику</sectionName>
                                <fixedName>LOT_CUSTOMER_INFO</fixedName>
                            </section>
                            <section>
                                <sectionOrdinal>2</sectionOrdinal>
                                <sectionName>Информация о товаре, работе, услуге</sectionName>
                                <fixedName>LOT_CUSTOMER_GOODS</fixedName>
                            </section>
                            <section>
                                <sectionOrdinal>3</sectionOrdinal>
                                <sectionName>Место поставки</sectionName>
                                <fixedName>LOT_CUSTOMER_PLACE</fixedName>
                            </section>
                        </ns2:tab>
                    </ns2:level>
                </ns2:templateStructure>
                <ns2:extendFields>
                    <noticeExtendField>
                        <extendField>
                            <integrCode>a</integrCode>
                            <description>Официальный сайт заказчика</description>
                            <type>LINK</type>
                            <value>
                                <url>-</url>
                            </value>
                        </extendField>
                        <position>
                            <tabOrdinal>1</tabOrdinal>
                            <tabName>MAIN</tabName>
                            <sectionOrdinal>2</sectionOrdinal>
                            <sectionName>MAIN_SEC_Сведения о заказчике</sectionName>
                        </position>
                    </noticeExtendField>
                    <noticeExtendField>
                        <extendField>
                            <integrCode>b</integrCode>
                            <description>Организатор закупки</description>
                            <type>TEXT</type>
                            <value>
                                <text>Заказчик</text>
                            </value>
                        </extendField>
                        <extendField>
                            <integrCode>c</integrCode>
                            <description>Условия поставки товара, выполнения работ, оказания услуг</description>
                            <type>TEXT</type>
                            <value>
                                <text>В соответствии с проектом договора и заявкой на перевозку</text>
                            </value>
                        </extendField>
                        <extendField>
                            <integrCode>d</integrCode>
                            <description>Сроки (периоды) поставки товара, выполнения работ, оказания услуг</description>
                            <type>TEXT</type>
                            <value>
                                <text>в соответствии с проектом договора;</text>
                            </value>
                        </extendField>
                        <extendField>
                            <integrCode>e</integrCode>
                            <description>Форма, сроки и порядок оплаты продукции</description>
                            <type>TEXT</type>
                            <value>
                                <text>в соответствии с проектом договора;</text>
                            </value>
                        </extendField>
                        <extendField>
                            <integrCode>f</integrCode>
                            <description>Сведения о контрагенте</description>
                            <type>TEXT</type>
                            <value>
                                <text>ООО «БТС», ИНН 5047134104, КПП 504701001, ОГРН 1125047011760, место нахождения: 141407, г. Химки, тер. а/п Шереметьево-2, д. 2, лит. Б</text>
                            </value>
                        </extendField>
                        <extendField>
                            <integrCode>g</integrCode>
                            <description>Дополнительные комментарии</description>
                            <type>TEXT</type>
                            <value>
                                <text>Настоящее извещение информирует о заключении договора (договоров) с единственным поставщиком и не предназначено для приглашения поставщиков подавать заявки на участие в закупке. 
Настоящее извещение имеет силу документации о закупке.
Остальные условия проведения закупки содержатся в прилагаемом проекте договора (Приложение № 1 к Извещению), являющемся неотъемлемой частью настоящего извещения (документации) о закупке.
Установленные заказчиком требования к качеству, техническим характеристикам продукции, к ее безопасности, к функциональным характеристикам (потребительским свойствам) товара, к размерам, упаковке, отгрузке товара, к результатам работы и иные требования, связанные с поставляемым товаром / выполняемой работой / оказываемой услугой приведены в проекте договора (Приложение №1 к Извещению).
Организатор закупки вправе отказаться от проведения закупки без каких-либо последствий в любой момент до заключения договора.</text>
                            </value>
                        </extendField>
                        <extendField>
                            <integrCode>h</integrCode>
                            <description>Прочие сведения</description>
                            <type>TEXT</type>
                            <value>
                                <text>Срок, место и порядок предоставления документации о закупке – не устанавливается.
Дата и время начала, окончания подачи заявок, место и порядок их подачи – не устанавливается.
Место и дата рассмотрения, подведения итогов закупки – не устанавливается.
Требования к содержанию, форме, оформлению и составу заявки – не устанавливается.
Требования к описанию участниками закупки поставляемого товара, выполняемой работы, оказываемой услуги, которые являются предметом закупки, их функциональных характеристик (потребительских свойств), количественных и качественных характеристик – не устанавливается.
Форма, порядок и срок предоставления разъяснений положений документации о закупке – не устанавливается.
Критерии и порядок оценки и сопоставления заявок – не устанавливается.
Возможность проведения преддоговорных переговоров – допускается.</text>
                            </value>
                        </extendField>
                        <position>
                            <tabOrdinal>1</tabOrdinal>
                            <tabName>MAIN</tabName>
                            <sectionOrdinal>3</sectionOrdinal>
                            <sectionName>MAIN_SEC_Общие сведения о закупке</sectionName>
                        </position>
                    </noticeExtendField>
                </ns2:extendFields>
                <ns2:lots>
                    <lot>
                        <guid>d1e8cd89-a0b2-43c6-b56b-ae17fa7db969</guid>
                        <ordinalNumber>1</ordinalNumber>
                        <lotEditEnabled>true</lotEditEnabled>
                        <lotData>
                            <subject>1122-0035 Оказание комплекса транспортно-экспедиционных услуг по авиационной перевозке груза</subject>
                            <currency>
                                <code>USD</code>
                                <digitalCode>840</digitalCode>
                                <name>Доллар США</name>
                            </currency>
                            <initialSum>12900.00</initialSum>
                            <deliveryPlace>
                                <state>Центральный федеральный округ</state>
                                <region>Москва</region>
                                <regionOkato>45000000000</regionOkato>
                                <address>а/п Домодедово</address>
                            </deliveryPlace>
                            <lotItems>
                                <newCodes>true</newCodes>
                                <lotItem>
                                    <guid>c361aa83-5b6b-4fa1-a16c-bdac2f91ec93</guid>
                                    <ordinalNumber>1</ordinalNumber>
                                    <okpd2>
                                        <code>52.29.1</code>
                                        <name>Услуги грузовых транспортно-экспедиционных агентств</name>
                                    </okpd2>
                                    <okved2>
                                        <code>52.29</code>
                                        <name>Деятельность вспомогательная прочая, связанная с перевозками</name>
                                    </okved2>
                                    <okei>
                                        <code>879</code>
                                        <name>Условная штука</name>
                                    </okei>
                                    <qty>1</qty>
                                </lotItem>
                            </lotItems>
                            <forSmallOrMiddle>false</forSmallOrMiddle>
                            <excludePurchaseFromPlan>false</excludePurchaseFromPlan>
                            <subcontractorsRequirement>false</subcontractorsRequirement>
                            <ignoredPurchase>false</ignoredPurchase>
                            <centralized>false</centralized>
                        </lotData>
                        <deliveryPlaceIndication>GL</deliveryPlaceIndication>
                        <jointLotData>
                            <jointLot>false</jointLot>
                        </jointLotData>
                        <lotPlanInfo>
                            <planRegistrationNumber>2160220072</planRegistrationNumber>
                            <planGuid>9d23050d-ed8f-462b-966e-7a65017c02e4</planGuid>
                            <positionNumber>35</positionNumber>
                            <lotPlanPosition>COMMODITY</lotPlanPosition>
                            <positionGuid>64f814dd-c490-46dc-af96-42f89c973ccc</positionGuid>
                        </lotPlanInfo>
                        <cancelled>false</cancelled>
                    </lot>
                </ns2:lots>
            </ns2:purchaseNoticeData>
        </ns2:item>
    </ns2:body>
</ns2:purchaseNotice>
