<?xml version="1.0" encoding="UTF-8" standalone="yes"?>
<ns2:purchaseNotice xsi:schemaLocation="http://zakupki.gov.ru/223/integration/schema/TFF-5.2 http://zakupki.gov.ru/223/integration/schema/TFF-5.2/purchase.xsd" xmlns="http://zakupki.gov.ru/223fz/types/1" xmlns:ns10="http://zakupki.gov.ru/223fz/purchasePlan/1" xmlns:ns11="http://zakupki.gov.ru/223fz/purchasePlanProject/1" xmlns:ns12="http://zakupki.gov.ru/223fz/purchasePlanProjectAdditionalPosition/1" xmlns:ns13="http://zakupki.gov.ru/223fz/contract/1" xmlns:ns14="http://zakupki.gov.ru/223fz/missedNotice/1" xmlns:ns15="http://zakupki.gov.ru/223fz/reference/1" xmlns:ns16="http://zakupki.gov.ru/223fz/stopCommodity/1" xmlns:ns17="http://zakupki.gov.ru/223fz/decisionSuspension/1" xmlns:ns18="http://zakupki.gov.ru/223fz/purchasePlanAdditionalPosition/1" xmlns:ns19="http://zakupki.gov.ru/223fz/webRequest/1" xmlns:ns2="http://zakupki.gov.ru/223fz/purchase/1" xmlns:xsi="http://www.w3.org/2001/XMLSchema-instance" xmlns:ns3="http://zakupki.gov.ru/223fz/dishonestSupplier/1" xmlns:ns4="http://zakupki.gov.ru/223fz/machineryListInfo/1" xmlns:ns5="http://zakupki.gov.ru/223fz/revenue/1" xmlns:ns6="http://zakupki.gov.ru/223fz/orderClauseList/1" xmlns:ns7="http://zakupki.gov.ru/223fz/disagreementProtocol/1" xmlns:ns8="http://zakupki.gov.ru/223fz/complaint/1" xmlns:ns9="http://zakupki.gov.ru/223fz/notificationIssue/1">
    <header>
        <guid>3c84fcd1-14c6-4c13-abee-4c8e1918ca80</guid>
        <createDateTime>2017-03-16T16:43:54</createDateTime>
    </header>
    <ns2:body>
        <ns2:item>
            <guid>ad6a9ce6-eb79-4c7d-9695-394bc50f343f</guid>
            <ns2:purchaseNoticeData>
                <ns2:guid>ad6a9ce6-eb79-4c7d-9695-394bc50f343f</ns2:guid>
                <ns2:createDateTime>2017-03-16T16:39:17</ns2:createDateTime>
                <ns2:urlOOS>https://zakupki.gov.ru/223/purchase/private/purchase/notice-info/details.html?noticeInfoId=5887604</ns2:urlOOS>
                <ns2:urlVSRZ>https://223.rts-tender.ru/supplier/auction/Trade/View.aspx?Id=55019</ns2:urlVSRZ>
                <ns2:registrationNumber>31704899319</ns2:registrationNumber>
                <ns2:name>Поставка электронных ключей для программно-аппаратных комплексов и дистрибутива</ns2:name>
                <ns2:customer>
                    <mainInfo>
                        <fullName>ФЕДЕРАЛЬНОЕ ГОСУДАРСТВЕННОЕ УНИТАРНОЕ ПРЕДПРИЯТИЕ "НАУЧНО-ТЕХНИЧЕСКИЙ ЦЕНТР "АТЛАС"</fullName>
                        <shortName>ФГУП "НТЦ "АТЛАС"</shortName>
                        <iko>57715027275771501001</iko>
                        <inn>7715027275</inn>
                        <kpp>771501001</kpp>
                        <ogrn>1027739411402</ogrn>
                        <legalAddress>127018, Г МОСКВА, УЛ ОБРАЗЦОВА, дом 38</legalAddress>
                        <postalAddress>127018, Москва, Образцова, дом 38</postalAddress>
                        <phone>7-495-7271014-2588</phone>
                        <fax>7-495-7271014-2207</fax>
                        <email>odtorg@rambler.ru</email>
                        <okato>45280569000</okato>
                        <okpo>07507593</okpo>
                    </mainInfo>
                </ns2:customer>
                <ns2:purchaseMethodCode>96879</ns2:purchaseMethodCode>
                <ns2:purchaseCodeName>Запрос котировок цен на право заключить договор</ns2:purchaseCodeName>
                <ns2:placer>
                    <mainInfo>
                        <fullName>ФЕДЕРАЛЬНОЕ ГОСУДАРСТВЕННОЕ УНИТАРНОЕ ПРЕДПРИЯТИЕ "НАУЧНО-ТЕХНИЧЕСКИЙ ЦЕНТР "АТЛАС"</fullName>
                        <shortName>ФГУП "НТЦ "АТЛАС"</shortName>
                        <iko>57715027275771501001</iko>
                        <inn>7715027275</inn>
                        <kpp>771501001</kpp>
                        <ogrn>1027739411402</ogrn>
                        <legalAddress>127018, Г МОСКВА, УЛ ОБРАЗЦОВА, дом 38</legalAddress>
                        <postalAddress>127018, Москва, Образцова, дом 38</postalAddress>
                        <phone>7-495-7271014-2588</phone>
                        <fax>7-495-7271014-2207</fax>
                        <email>odtorg@rambler.ru</email>
                        <okato>45280569000</okato>
                        <okpo>07507593</okpo>
                    </mainInfo>
                </ns2:placer>
                <ns2:contact>
                    <firstName>Владимир</firstName>
                    <middleName>Геннадьевич</middleName>
                    <lastName>Аникин</lastName>
                    <phone>+7 (495) 7271014, доб.: 2588</phone>
                    <email>torgi@stcnet.ru</email>
                    <organization>
                        <mainInfo>
                            <fullName>ФЕДЕРАЛЬНОЕ ГОСУДАРСТВЕННОЕ УНИТАРНОЕ ПРЕДПРИЯТИЕ "НАУЧНО-ТЕХНИЧЕСКИЙ ЦЕНТР "АТЛАС"</fullName>
                            <shortName>ФГУП "НТЦ "АТЛАС"</shortName>
                            <iko>57715027275771501001</iko>
                            <inn>7715027275</inn>
                            <kpp>771501001</kpp>
                            <ogrn>1027739411402</ogrn>
                            <legalAddress>127018, Г МОСКВА, УЛ ОБРАЗЦОВА, дом 38</legalAddress>
                            <postalAddress>127018, Москва, Образцова, дом 38</postalAddress>
                            <phone>7-495-7271014-2588</phone>
                            <fax>7-495-7271014-2207</fax>
                            <email>odtorg@rambler.ru</email>
                            <okato>45280569000</okato>
                            <okpo>07507593</okpo>
                        </mainInfo>
                    </organization>
                </ns2:contact>
                <ns2:publicationDateTime>2017-03-16T16:43:54</ns2:publicationDateTime>
                <ns2:documentationDelivery>
                    <deliveryStartDateTime>2017-03-17</deliveryStartDateTime>
                    <deliveryEndDateTime>2017-03-22</deliveryEndDateTime>
                    <place>Электронная площадка РТС-тендер (http://www.rts-tender.ru) и Официальный сайт (http://zakupki.gov.ru)</place>
                    <procedure>В электронной форме на площадке РТС-тендер (http://www.rts-tender.ru) и Официальном сайте (http://zakupki.gov.ru)</procedure>
                </ns2:documentationDelivery>
                <ns2:status>P</ns2:status>
                <ns2:version>1</ns2:version>
                <ns2:notDishonest>true</ns2:notDishonest>
                <ns2:attachments>
                    <totalDocumentsCount>2</totalDocumentsCount>
                    <document>
                        <guid>3eee8fe4-7909-47c8-9ac2-1c360bf44d38</guid>
                        <createDateTime>2017-03-16T16:35:47</createDateTime>
                        <fileName>Dokumentacia Zakupki  10149.docx</fileName>
                        <description>Dokumentacia Zakupki  10149.docx</description>
                        <url>http://zakupki.gov.ru/223/purchase/public/download/download.html?id=30117266</url>
                    </document>
                    <document>
                        <guid>bc9779da-10eb-45a8-8742-2d9119519d23</guid>
                        <createDateTime>2017-03-16T16:35:52</createDateTime>
                        <fileName>Izvechenie 10149.docx</fileName>
                        <description>Izvechenie 10149.docx</description>
                        <url>http://zakupki.gov.ru/223/purchase/public/download/download.html?id=30117268</url>
                    </document>
                </ns2:attachments>
                <ns2:modificationDate>2017-03-16T16:43:54</ns2:modificationDate>
                <ns2:saveUserId>171650</ns2:saveUserId>
                <ns2:deliveryPlaceIndication>DIFFERENT_PLACE</ns2:deliveryPlaceIndication>
                <ns2:emergency>false</ns2:emergency>
                <ns2:jointPurchase>false</ns2:jointPurchase>
                <ns2:electronicPlaceInfo>
                    <name>РТС-тендер</name>
                    <url>223.rts-tender.ru</url>
                    <electronicPlaceId>1698</electronicPlaceId>
                </ns2:electronicPlaceInfo>
                <ns2:placingProcedure>
                    <ns2:examinationPlace>127018, Российская Федерация, г. Москва, Образцова, 38, ОКАТО: 45280569000</ns2:examinationPlace>
                    <ns2:examinationDateTime>2017-03-24T17:00:00</ns2:examinationDateTime>
                    <ns2:summingupDateTime>2017-03-24T18:00:00</ns2:summingupDateTime>
                </ns2:placingProcedure>
                <ns2:submissionCloseDateTime>2017-03-22T10:00:00</ns2:submissionCloseDateTime>
                <ns2:lots>
                    <lot>
                        <guid>8e4f1eab-b5ac-4c79-9757-0276e50e724b</guid>
                        <ordinalNumber>1</ordinalNumber>
                        <lotEditEnabled>false</lotEditEnabled>
                        <lotData>
                            <subject>Поставка электронных ключей для программно-аппаратных комплексов и дистрибутива</subject>
                            <currency>
                                <code>RUB</code>
                                <digitalCode>643</digitalCode>
                                <name>Российский рубль</name>
                            </currency>
                            <initialSum>9018000.00</initialSum>
                            <deliveryPlace>
                                <state>Сибирский федеральный округ</state>
                                <region>Новосибирская   обл</region>
                                <regionOkato>50000000000</regionOkato>
                                <address>Новосибирская   обл, ОКАТО: 50000000000</address>
                            </deliveryPlace>
                            <lotItems>
                                <newCodes>true</newCodes>
                                <lotItem>
                                    <guid>73a298dc-4ef2-4f49-9729-f1d257e4b712</guid>
                                    <ordinalNumber>1</ordinalNumber>
                                    <okpd2>
                                        <code>26.20</code>
                                        <name>Компьютеры и периферийное оборудование</name>
                                    </okpd2>
                                    <okved2>
                                        <code>26.20</code>
                                        <name>Производство компьютеров и периферийного оборудования</name>
                                    </okved2>
                                    <okei>
                                        <code>796</code>
                                        <name>Штука</name>
                                    </okei>
                                    <qty>7318</qty>
                                </lotItem>
                            </lotItems>
                            <forSmallOrMiddle>true</forSmallOrMiddle>
                            <excludePurchaseFromPlan>false</excludePurchaseFromPlan>
                            <subcontractorsRequirement>false</subcontractorsRequirement>
                            <ignoredPurchase>false</ignoredPurchase>
                            <centralized>false</centralized>
                        </lotData>
                        <deliveryPlaceIndication>GL</deliveryPlaceIndication>
                        <jointLotData>
                            <jointLot>false</jointLot>
                        </jointLotData>
                        <lotPlanInfo>
                            <planRegistrationNumber>2160210111</planRegistrationNumber>
                            <planGuid>98dea611-da38-4d07-be96-502cd09a2074</planGuid>
                            <positionNumber>36</positionNumber>
                            <lotPlanPosition>COMMODITY</lotPlanPosition>
                            <positionGuid>b7b50c7f-d155-4adc-ae23-2600e5a6f52b</positionGuid>
                        </lotPlanInfo>
                        <cancelled>false</cancelled>
                    </lot>
                </ns2:lots>
            </ns2:purchaseNoticeData>
        </ns2:item>
    </ns2:body>
</ns2:purchaseNotice>
