<?xml version="1.0" encoding="UTF-8" standalone="yes"?>
<ns2:purchaseNotice xsi:schemaLocation="http://zakupki.gov.ru/223/integration/schema/TFF-5.2 http://zakupki.gov.ru/223/integration/schema/TFF-5.2/purchase.xsd" xmlns="http://zakupki.gov.ru/223fz/types/1" xmlns:ns10="http://zakupki.gov.ru/223fz/purchasePlan/1" xmlns:ns11="http://zakupki.gov.ru/223fz/purchasePlanProject/1" xmlns:ns12="http://zakupki.gov.ru/223fz/purchasePlanProjectAdditionalPosition/1" xmlns:ns13="http://zakupki.gov.ru/223fz/contract/1" xmlns:ns14="http://zakupki.gov.ru/223fz/missedNotice/1" xmlns:ns15="http://zakupki.gov.ru/223fz/reference/1" xmlns:ns16="http://zakupki.gov.ru/223fz/stopCommodity/1" xmlns:ns17="http://zakupki.gov.ru/223fz/decisionSuspension/1" xmlns:ns18="http://zakupki.gov.ru/223fz/purchasePlanAdditionalPosition/1" xmlns:ns19="http://zakupki.gov.ru/223fz/webRequest/1" xmlns:ns2="http://zakupki.gov.ru/223fz/purchase/1" xmlns:xsi="http://www.w3.org/2001/XMLSchema-instance" xmlns:ns3="http://zakupki.gov.ru/223fz/dishonestSupplier/1" xmlns:ns4="http://zakupki.gov.ru/223fz/machineryListInfo/1" xmlns:ns5="http://zakupki.gov.ru/223fz/revenue/1" xmlns:ns6="http://zakupki.gov.ru/223fz/orderClauseList/1" xmlns:ns7="http://zakupki.gov.ru/223fz/disagreementProtocol/1" xmlns:ns8="http://zakupki.gov.ru/223fz/complaint/1" xmlns:ns9="http://zakupki.gov.ru/223fz/notificationIssue/1">
    <header>
        <guid>53e21ad4-ab43-425e-a3a8-230d9f9fb6de</guid>
        <createDateTime>2017-03-16T20:59:43</createDateTime>
    </header>
    <ns2:body>
        <ns2:item>
            <guid>0a167d10-fe38-7c86-26e2-861e4920d928</guid>
            <ns2:purchaseNoticeData>
                <ns2:guid>0a167d10-fe38-7c86-26e2-861e4920d928</ns2:guid>
                <ns2:createDateTime>2017-03-16T20:45:09</ns2:createDateTime>
                <ns2:urlOOS>https://zakupki.gov.ru/223/purchase/private/purchase/notice-info/details.html?noticeInfoId=5888483</ns2:urlOOS>
                <ns2:urlVSRZ>https://com.roseltorg.ru/#com/procedure/view/id/286164</ns2:urlVSRZ>
                <ns2:registrationNumber>31704900104</ns2:registrationNumber>
                <ns2:name>Аукцион в электронной форме среди субъектов малого предпринимательства, социально ориентированных некоммерческих организаций на право заключения договора на поставку материалов для комплектации противопожарного оборудования многоквартирных домов района Силино</ns2:name>
                <ns2:customer>
                    <mainInfo>
                        <fullName>ГОСУДАРСТВЕННОЕ БЮДЖЕТНОЕ УЧРЕЖДЕНИЕ ГОРОДА МОСКВЫ "ЖИЛИЩНИК РАЙОНА СИЛИНО"</fullName>
                        <shortName>ГБУ "ЖИЛИЩНИК РАЙОНА СИЛИНО"</shortName>
                        <iko>57735597700773501001</iko>
                        <inn>7735597700</inn>
                        <kpp>773501001</kpp>
                        <ogrn>5137746069820</ogrn>
                        <legalAddress>124460, г МОСКВА, г ЗЕЛЕНОГРАД, корпус 1123</legalAddress>
                        <postalAddress>124460, корпус 1123</postalAddress>
                        <phone>7-499-7317778</phone>
                        <fax>7-499-7317778</fax>
                        <email>gbu.silino@mail.ru</email>
                        <okato>45272572000</okato>
                        <okpo>20533885</okpo>
                    </mainInfo>
                </ns2:customer>
                <ns2:purchaseMethodCode>151383</ns2:purchaseMethodCode>
                <ns2:purchaseCodeName>Аукцион в электронной форме</ns2:purchaseCodeName>
                <ns2:placer>
                    <mainInfo>
                        <fullName>ГОСУДАРСТВЕННОЕ БЮДЖЕТНОЕ УЧРЕЖДЕНИЕ ГОРОДА МОСКВЫ "ЖИЛИЩНИК РАЙОНА СИЛИНО"</fullName>
                        <shortName>ГБУ "ЖИЛИЩНИК РАЙОНА СИЛИНО"</shortName>
                        <iko>57735597700773501001</iko>
                        <inn>7735597700</inn>
                        <kpp>773501001</kpp>
                        <ogrn>5137746069820</ogrn>
                        <legalAddress>124460, г МОСКВА, г ЗЕЛЕНОГРАД, корпус 1123</legalAddress>
                        <postalAddress>124460, корпус 1123</postalAddress>
                        <phone>7-499-7317778</phone>
                        <fax>7-499-7317778</fax>
                        <email>gbu.silino@mail.ru</email>
                        <okato>45272572000</okato>
                        <okpo>20533885</okpo>
                    </mainInfo>
                </ns2:placer>
                <ns2:contact>
                    <firstName>Алексей</firstName>
                    <middleName>Юрьевич</middleName>
                    <lastName>Галустов</lastName>
                    <phone>+7 (499) 7317778</phone>
                    <email>gbu.silino@mail.ru</email>
                    <organization>
                        <mainInfo>
                            <fullName>ГОСУДАРСТВЕННОЕ БЮДЖЕТНОЕ УЧРЕЖДЕНИЕ ГОРОДА МОСКВЫ "ЖИЛИЩНИК РАЙОНА СИЛИНО"</fullName>
                            <shortName>ГБУ "ЖИЛИЩНИК РАЙОНА СИЛИНО"</shortName>
                            <iko>57735597700773501001</iko>
                            <inn>7735597700</inn>
                            <kpp>773501001</kpp>
                            <ogrn>5137746069820</ogrn>
                            <legalAddress>124460, г МОСКВА, г ЗЕЛЕНОГРАД, корпус 1123</legalAddress>
                            <postalAddress>124460, корпус 1123</postalAddress>
                            <phone>7-499-7317778</phone>
                            <fax>7-499-7317778</fax>
                            <email>gbu.silino@mail.ru</email>
                            <okato>45272572000</okato>
                            <okpo>20533885</okpo>
                        </mainInfo>
                    </organization>
                </ns2:contact>
                <ns2:publicationDateTime>2017-03-16T20:59:43</ns2:publicationDateTime>
                <ns2:documentationDelivery>
                    <deliveryStartDateTime>2017-03-16</deliveryStartDateTime>
                    <deliveryEndDateTime>2017-04-06</deliveryEndDateTime>
                    <place>https://com.roseltorg.ru/</place>
                    <procedure>посредством размещения для скачивания и ознакомления</procedure>
                </ns2:documentationDelivery>
                <ns2:status>P</ns2:status>
                <ns2:version>1</ns2:version>
                <ns2:notDishonest>true</ns2:notDishonest>
                <ns2:attachments>
                    <totalDocumentsCount>12</totalDocumentsCount>
                    <document>
                        <guid>d16ea43e-b730-e6f6-76f9-2fb9db52bca9</guid>
                        <createDateTime>2017-03-16T15:08:35</createDateTime>
                        <fileName>ТЗ_пожарка.pdf</fileName>
                        <description>Техническое задание (pdf)</description>
                        <url>http://zakupki.gov.ru/223/purchase/public/download/download.html?id=30121520</url>
                    </document>
                    <document>
                        <guid>476e70b5-a073-7cc2-9082-0c64412b1022</guid>
                        <createDateTime>2017-03-16T15:02:03</createDateTime>
                        <fileName>Определение_НМЦК__пожарка.xls</fileName>
                        <description>Определение НМЦ (excel)</description>
                        <url>http://zakupki.gov.ru/223/purchase/public/download/download.html?id=30121509</url>
                    </document>
                    <document>
                        <guid>dca9f854-a3f4-3fb0-0595-4611b4be556c</guid>
                        <createDateTime>2017-03-16T20:42:19</createDateTime>
                        <fileName>Проект_договора_с_приложениями[4].rar</fileName>
                        <description>Проект договора с приложениями</description>
                        <url>http://zakupki.gov.ru/223/purchase/public/download/download.html?id=30121510</url>
                    </document>
                    <document>
                        <guid>03621816-9215-4dfb-d7a6-39937456547e</guid>
                        <createDateTime>2017-03-16T16:02:01</createDateTime>
                        <fileName>Форма2__п-пожарн._мат-лы.doc</fileName>
                        <description>Форма 2 (word)</description>
                        <url>http://zakupki.gov.ru/223/purchase/public/download/download.html?id=30121511</url>
                    </document>
                    <document>
                        <guid>70afbe40-9914-98d8-e1f3-36a814402953</guid>
                        <createDateTime>2017-03-16T15:09:54</createDateTime>
                        <fileName>ТЗ_пож.doc</fileName>
                        <description>Техническое задание</description>
                        <url>http://zakupki.gov.ru/223/purchase/public/download/download.html?id=30121512</url>
                    </document>
                    <document>
                        <guid>0e0ec4bb-4c8b-193e-d91e-01e0b3fc2220</guid>
                        <createDateTime>2017-03-16T17:44:23</createDateTime>
                        <fileName>Обоснование_НМЦ.pdf</fileName>
                        <description>Обоснование НМЦ</description>
                        <url>http://zakupki.gov.ru/223/purchase/public/download/download.html?id=30121513</url>
                    </document>
                    <document>
                        <guid>8ea264b7-276d-aa62-4233-aa74d356a0e7</guid>
                        <createDateTime>2017-03-16T17:21:36</createDateTime>
                        <fileName>Извещение[Epkg9UXOenE].doc</fileName>
                        <description>Извещение</description>
                        <url>http://zakupki.gov.ru/223/purchase/public/download/download.html?id=30121514</url>
                    </document>
                    <document>
                        <guid>3403571e-1805-69c0-4169-001b72657f75</guid>
                        <createDateTime>2017-03-16T15:04:40</createDateTime>
                        <fileName>Протокол_пожарка.pdf</fileName>
                        <description>Протокол НМЦ</description>
                        <url>http://zakupki.gov.ru/223/purchase/public/download/download.html?id=30121515</url>
                    </document>
                    <document>
                        <guid>f38fc353-38b0-9ebb-8ba7-7bd6b40d2e3d</guid>
                        <createDateTime>2017-03-16T16:23:40</createDateTime>
                        <fileName>Документация[6].doc</fileName>
                        <description>Документация</description>
                        <url>http://zakupki.gov.ru/223/purchase/public/download/download.html?id=30121516</url>
                    </document>
                    <document>
                        <guid>e663b668-6b02-1a32-e297-d5cf3795bf54</guid>
                        <createDateTime>2017-03-16T15:00:19</createDateTime>
                        <fileName>Определение_пожарка.pdf</fileName>
                        <description>Определение НМЦ</description>
                        <url>http://zakupki.gov.ru/223/purchase/public/download/download.html?id=30121517</url>
                    </document>
                    <document>
                        <guid>b401964b-3b10-a0ca-efc9-17c0eb27cde1</guid>
                        <createDateTime>2017-03-16T14:59:11</createDateTime>
                        <fileName>Приказ_пожарка.pdf</fileName>
                        <description>Приказ</description>
                        <url>http://zakupki.gov.ru/223/purchase/public/download/download.html?id=30121518</url>
                    </document>
                    <document>
                        <guid>5ab487d0-1e7e-a971-fc61-6f95cf877497</guid>
                        <createDateTime>2017-03-16T16:55:25</createDateTime>
                        <fileName>Ф2_пожарка.pdf</fileName>
                        <description>Форма 2 (pdf)</description>
                        <url>http://zakupki.gov.ru/223/purchase/public/download/download.html?id=30121519</url>
                    </document>
                </ns2:attachments>
                <ns2:modificationDate>2017-03-16T20:59:43</ns2:modificationDate>
                <ns2:saveUserId>222218</ns2:saveUserId>
                <ns2:deliveryPlaceIndication>DIFFERENT_PLACE</ns2:deliveryPlaceIndication>
                <ns2:emergency>false</ns2:emergency>
                <ns2:jointPurchase>false</ns2:jointPurchase>
                <ns2:electronicPlaceInfo>
                    <name>АО "ЕЭТП"</name>
                    <url>http://www.roseltorg.ru/</url>
                    <electronicPlaceId>113</electronicPlaceId>
                </ns2:electronicPlaceInfo>
                <ns2:placingProcedure>
                    <ns2:examinationPlace>г. Москва, г. Зеленоград, корп. 1137</ns2:examinationPlace>
                    <ns2:examinationDateTime>2017-04-06T15:00:00</ns2:examinationDateTime>
                    <ns2:summingupDateTime>2017-04-10T15:00:00</ns2:summingupDateTime>
                </ns2:placingProcedure>
                <ns2:submissionCloseDateTime>2017-04-06T10:00:00</ns2:submissionCloseDateTime>
                <ns2:publicationPlannedDate>2017-03-16</ns2:publicationPlannedDate>
                <ns2:lots>
                    <lot>
                        <guid>493d7c3e-1f76-502c-59f1-1faa5ce49253</guid>
                        <ordinalNumber>1</ordinalNumber>
                        <lotEditEnabled>true</lotEditEnabled>
                        <lotData>
                            <subject>Поставка материалов для комплектации противопожарного оборудования многоквартирных домов района Силино</subject>
                            <currency>
                                <code>RUB</code>
                                <digitalCode>643</digitalCode>
                                <name>Российский рубль</name>
                            </currency>
                            <initialSum>795200.00</initialSum>
                            <deliveryPlace>
                                <address>В соответствии с техническим заданием.</address>
                            </deliveryPlace>
                            <lotItems>
                                <newCodes>true</newCodes>
                                <lotItem>
                                    <guid>9b559400-c6e7-2fcf-9e9d-e0b3f68d052d</guid>
                                    <ordinalNumber>1</ordinalNumber>
                                    <okpd2>
                                        <code>22.19.30.137</code>
                                        <name>Рукава пожарные напорные прорезиненные из синтетических нитей</name>
                                    </okpd2>
                                    <okved2>
                                        <code>22.19</code>
                                        <name>Производство прочих резиновых изделий</name>
                                    </okved2>
                                    <okei>
                                        <code>796</code>
                                        <name>Штука</name>
                                    </okei>
                                    <qty>1000</qty>
                                    <additionalInfo>Рукав пожарный со стволом в сборе</additionalInfo>
                                </lotItem>
                                <lotItem>
                                    <guid>f38ce915-b115-96ef-d742-5d4bcc207a08</guid>
                                    <ordinalNumber>2</ordinalNumber>
                                    <okpd2>
                                        <code>28.29.22.110</code>
                                        <name>Огнетушители</name>
                                    </okpd2>
                                    <okved2>
                                        <code>28.29</code>
                                        <name>Производство прочих машин и оборудования общего назначения, не включенного в другие группировки</name>
                                    </okved2>
                                    <okei>
                                        <code>796</code>
                                        <name>Штука</name>
                                    </okei>
                                    <qty>150</qty>
                                    <additionalInfo>Огнетушитель порошковый ОП-4</additionalInfo>
                                </lotItem>
                                <lotItem>
                                    <guid>57b41eb3-eeec-74a5-1fad-9dd7b6b149df</guid>
                                    <ordinalNumber>3</ordinalNumber>
                                    <okpd2>
                                        <code>28.14</code>
                                        <name>Краны и клапаны прочие</name>
                                    </okpd2>
                                    <okved2>
                                        <code>28.14</code>
                                        <name>Производство прочих кранов и клапанов</name>
                                    </okved2>
                                    <okei>
                                        <code>796</code>
                                        <name>Штука</name>
                                    </okei>
                                    <qty>50</qty>
                                    <additionalInfo>Вентиль проходной для пожарного водопровода с маховиком</additionalInfo>
                                </lotItem>
                            </lotItems>
                            <forSmallOrMiddle>true</forSmallOrMiddle>
                            <excludePurchaseFromPlan>false</excludePurchaseFromPlan>
                            <subcontractorsRequirement>false</subcontractorsRequirement>
                            <ignoredPurchase>false</ignoredPurchase>
                            <centralized>false</centralized>
                        </lotData>
                        <deliveryPlaceIndication>GL</deliveryPlaceIndication>
                        <jointLotData>
                            <jointLot>false</jointLot>
                        </jointLotData>
                        <lotPlanInfo>
                            <planRegistrationNumber>2160200964</planRegistrationNumber>
                            <planGuid>4b03e681-9cf1-4844-9ca9-60a73296cbe6</planGuid>
                            <positionNumber>33</positionNumber>
                            <lotPlanPosition>COMMODITY</lotPlanPosition>
                            <positionGuid>a42a5987-885b-4c8d-a274-327dd1b86e22</positionGuid>
                        </lotPlanInfo>
                        <cancelled>false</cancelled>
                    </lot>
                </ns2:lots>
            </ns2:purchaseNoticeData>
        </ns2:item>
    </ns2:body>
</ns2:purchaseNotice>
