<?xml version="1.0" encoding="UTF-8" standalone="yes"?>
<ns2:purchaseNotice xsi:schemaLocation="http://zakupki.gov.ru/223/integration/schema/TFF-5.2 http://zakupki.gov.ru/223/integration/schema/TFF-5.2/purchase.xsd" xmlns="http://zakupki.gov.ru/223fz/types/1" xmlns:ns10="http://zakupki.gov.ru/223fz/purchasePlan/1" xmlns:ns11="http://zakupki.gov.ru/223fz/purchasePlanProject/1" xmlns:ns12="http://zakupki.gov.ru/223fz/purchasePlanProjectAdditionalPosition/1" xmlns:ns13="http://zakupki.gov.ru/223fz/contract/1" xmlns:ns14="http://zakupki.gov.ru/223fz/missedNotice/1" xmlns:ns15="http://zakupki.gov.ru/223fz/reference/1" xmlns:ns16="http://zakupki.gov.ru/223fz/stopCommodity/1" xmlns:ns17="http://zakupki.gov.ru/223fz/decisionSuspension/1" xmlns:ns18="http://zakupki.gov.ru/223fz/purchasePlanAdditionalPosition/1" xmlns:ns19="http://zakupki.gov.ru/223fz/webRequest/1" xmlns:ns2="http://zakupki.gov.ru/223fz/purchase/1" xmlns:xsi="http://www.w3.org/2001/XMLSchema-instance" xmlns:ns3="http://zakupki.gov.ru/223fz/dishonestSupplier/1" xmlns:ns4="http://zakupki.gov.ru/223fz/machineryListInfo/1" xmlns:ns5="http://zakupki.gov.ru/223fz/revenue/1" xmlns:ns6="http://zakupki.gov.ru/223fz/orderClauseList/1" xmlns:ns7="http://zakupki.gov.ru/223fz/disagreementProtocol/1" xmlns:ns8="http://zakupki.gov.ru/223fz/complaint/1" xmlns:ns9="http://zakupki.gov.ru/223fz/notificationIssue/1">
    <header>
        <guid>049e094b-1685-4012-8de7-85a32aa5f93b</guid>
        <createDateTime>2017-03-16T16:02:01</createDateTime>
    </header>
    <ns2:body>
        <ns2:item>
            <guid>a9898519-6048-0004-0000-58ca8c64c36c</guid>
            <ns2:purchaseNoticeData>
                <ns2:guid>a9898519-6048-0004-0000-58ca8c64c36c</ns2:guid>
                <ns2:createDateTime>2017-03-16T16:00:22</ns2:createDateTime>
                <ns2:urlOOS>https://zakupki.gov.ru/223/purchase/private/purchase/notice-info/details.html?noticeInfoId=5887191</ns2:urlOOS>
                <ns2:urlVSRZ>http://www.b2b-center.ru/market/okazanie-uslug-po-kompleksnoi-moike-transportnykh-sredstv-v-g/tender-796048/</ns2:urlVSRZ>
                <ns2:registrationNumber>31704898913</ns2:registrationNumber>
                <ns2:name>Оказание услуг по комплексной мойке транспортных средств в г. Симферополь (796048)</ns2:name>
                <ns2:customer>
                    <mainInfo>
                        <fullName>ФЕДЕРАЛЬНОЕ ГОСУДАРСТВЕННОЕ УНИТАРНОЕ ПРЕДПРИЯТИЕ "РАДИОЧАСТОТНЫЙ ЦЕНТР ЦЕНТРАЛЬНОГО ФЕДЕРАЛЬНОГО ОКРУГА"</fullName>
                        <shortName>ФГУП "РЧЦ ЦФО"</shortName>
                        <iko>57707291942770701001</iko>
                        <inn>7707291942</inn>
                        <kpp>770701001</kpp>
                        <ogrn>1027739054970</ogrn>
                        <legalAddress>127473, г МОСКВА, ул ДОСТОЕВСКОГО, дом 1/21</legalAddress>
                        <postalAddress>127018, Москва, ул. Полковая, дом 3, строение 5</postalAddress>
                        <phone>7-495-2588052</phone>
                        <email>dir@rfc-cfa.ru</email>
                        <okato>45286585000</okato>
                        <okpo>56562862</okpo>
                    </mainInfo>
                </ns2:customer>
                <ns2:purchaseMethodCode>90867</ns2:purchaseMethodCode>
                <ns2:purchaseCodeName>Открытый запрос цен в электронной форме</ns2:purchaseCodeName>
                <ns2:placer>
                    <mainInfo>
                        <fullName>ФЕДЕРАЛЬНОЕ ГОСУДАРСТВЕННОЕ УНИТАРНОЕ ПРЕДПРИЯТИЕ "РАДИОЧАСТОТНЫЙ ЦЕНТР ЦЕНТРАЛЬНОГО ФЕДЕРАЛЬНОГО ОКРУГА"</fullName>
                        <shortName>ФГУП "РЧЦ ЦФО"</shortName>
                        <iko>57707291942770701001</iko>
                        <inn>7707291942</inn>
                        <kpp>770701001</kpp>
                        <ogrn>1027739054970</ogrn>
                        <legalAddress>127473, г МОСКВА, ул ДОСТОЕВСКОГО, дом 1/21</legalAddress>
                        <postalAddress>127018, Москва, ул. Полковая, дом 3, строение 5</postalAddress>
                        <phone>7-495-2588052</phone>
                        <email>dir@rfc-cfa.ru</email>
                        <okato>45286585000</okato>
                        <okpo>56562862</okpo>
                    </mainInfo>
                </ns2:placer>
                <ns2:contact>
                    <firstName>Анна</firstName>
                    <middleName>Александровна</middleName>
                    <lastName>Карбивник </lastName>
                    <phone>+7 (499) 5508002</phone>
                    <email>info-zakupki@rfc-cfa.ru</email>
                    <organization>
                        <mainInfo>
                            <fullName>ФЕДЕРАЛЬНОЕ ГОСУДАРСТВЕННОЕ УНИТАРНОЕ ПРЕДПРИЯТИЕ "РАДИОЧАСТОТНЫЙ ЦЕНТР ЦЕНТРАЛЬНОГО ФЕДЕРАЛЬНОГО ОКРУГА"</fullName>
                            <shortName>ФГУП "РЧЦ ЦФО"</shortName>
                            <iko>57707291942770701001</iko>
                            <inn>7707291942</inn>
                            <kpp>770701001</kpp>
                            <ogrn>1027739054970</ogrn>
                            <legalAddress>127473, г МОСКВА, ул ДОСТОЕВСКОГО, дом 1/21</legalAddress>
                            <postalAddress>127018, Москва, ул. Полковая, дом 3, строение 5</postalAddress>
                            <phone>7-495-2588052</phone>
                            <email>dir@rfc-cfa.ru</email>
                            <okato>45286585000</okato>
                            <okpo>56562862</okpo>
                        </mainInfo>
                    </organization>
                </ns2:contact>
                <ns2:publicationDateTime>2017-03-16T16:02:01</ns2:publicationDateTime>
                <ns2:documentationDelivery>
                    <deliveryStartDateTime>2017-03-16</deliveryStartDateTime>
                    <deliveryEndDateTime>2017-03-23</deliveryEndDateTime>
                    <place>ЭТП группы B2B-Center</place>
                    <procedure>Документация по закупке предоставляется без взимания платы в форме электронного документа на сайте ЭТП группы B2B-Center</procedure>
                </ns2:documentationDelivery>
                <ns2:status>P</ns2:status>
                <ns2:version>1</ns2:version>
                <ns2:notDishonest>true</ns2:notDishonest>
                <ns2:attachments>
                    <totalDocumentsCount>7</totalDocumentsCount>
                    <document>
                        <guid>a9898519-6048-0004-0005-58ca8c64c36c</guid>
                        <createDateTime>2017-03-16T15:54:37</createDateTime>
                        <fileName>Приложение № 5 Предложение участника.doc</fileName>
                        <description>Приложение № 5 Предложение участника.doc</description>
                        <url>http://zakupki.gov.ru/223/purchase/public/download/download.html?id=30115248</url>
                    </document>
                    <document>
                        <guid>a9898519-6048-0004-0006-58ca8c64c36c</guid>
                        <createDateTime>2017-03-16T15:54:37</createDateTime>
                        <fileName>Проект договора.doc</fileName>
                        <description>Проект договора.doc</description>
                        <url>http://zakupki.gov.ru/223/purchase/public/download/download.html?id=30115250</url>
                    </document>
                    <document>
                        <guid>a9898519-6048-0004-0000-58ca8c64c36c</guid>
                        <createDateTime>2017-03-16T15:50:03</createDateTime>
                        <fileName>Извещение и документация.doc</fileName>
                        <description>Извещение и документация.doc</description>
                        <url>http://zakupki.gov.ru/223/purchase/public/download/download.html?id=30115243</url>
                    </document>
                    <document>
                        <guid>a9898519-6048-0004-0001-58ca8c64c36c</guid>
                        <createDateTime>2017-03-16T15:50:03</createDateTime>
                        <fileName>Приложение № 1 Заявка на участие в закупке.doc</fileName>
                        <description>Приложение № 1 Заявка на участие в закупке.doc</description>
                        <url>http://zakupki.gov.ru/223/purchase/public/download/download.html?id=30115244</url>
                    </document>
                    <document>
                        <guid>a9898519-6048-0004-0002-58ca8c64c36c</guid>
                        <createDateTime>2017-03-16T15:50:03</createDateTime>
                        <fileName>Приложение № 2 Опись.doc</fileName>
                        <description>Приложение № 2 Опись.doc</description>
                        <url>http://zakupki.gov.ru/223/purchase/public/download/download.html?id=30115245</url>
                    </document>
                    <document>
                        <guid>a9898519-6048-0004-0003-58ca8c64c36c</guid>
                        <createDateTime>2017-03-16T15:50:03</createDateTime>
                        <fileName>Приложение № 3 Сведения о принадлежности участника закупки к СМП.doc</fileName>
                        <description>Приложение № 3 Сведения о принадлежности участника закупки к СМП.doc</description>
                        <url>http://zakupki.gov.ru/223/purchase/public/download/download.html?id=30115246</url>
                    </document>
                    <document>
                        <guid>a9898519-6048-0004-0004-58ca8c64c36c</guid>
                        <createDateTime>2017-03-16T15:50:03</createDateTime>
                        <fileName>Приложение № 4 Декларация.doc</fileName>
                        <description>Приложение № 4 Декларация.doc</description>
                        <url>http://zakupki.gov.ru/223/purchase/public/download/download.html?id=30115247</url>
                    </document>
                </ns2:attachments>
                <ns2:modificationDate>2017-03-16T16:02:01</ns2:modificationDate>
                <ns2:saveUserId>208112</ns2:saveUserId>
                <ns2:deliveryPlaceIndication>DIFFERENT_PLACE</ns2:deliveryPlaceIndication>
                <ns2:emergency>false</ns2:emergency>
                <ns2:jointPurchase>false</ns2:jointPurchase>
                <ns2:electronicPlaceInfo>
                    <name>Система электронных торгов B2B-Center</name>
                    <url>http://b2b-center.ru</url>
                    <electronicPlaceId>107</electronicPlaceId>
                </ns2:electronicPlaceInfo>
                <ns2:placingProcedure>
                    <ns2:examinationPlace>Российская Федерация, 127018, Москва, ул. Полковая, д. 3, стр. 5</ns2:examinationPlace>
                    <ns2:examinationDateTime>2017-03-24T10:00:00</ns2:examinationDateTime>
                    <ns2:summingupDateTime>2017-03-24T10:00:00</ns2:summingupDateTime>
                </ns2:placingProcedure>
                <ns2:submissionCloseDateTime>2017-03-23T10:00:00</ns2:submissionCloseDateTime>
                <ns2:publicationPlannedDate>2017-03-16</ns2:publicationPlannedDate>
                <ns2:lots>
                    <lot>
                        <guid>a9898519-6048-0004-0001-58ca8c64d87b</guid>
                        <ordinalNumber>1</ordinalNumber>
                        <lotEditEnabled>true</lotEditEnabled>
                        <lotData>
                            <subject>Оказание услуг по комплексной мойке транспортных средств в г. Симферополь</subject>
                            <currency>
                                <code>RUB</code>
                                <digitalCode>643</digitalCode>
                                <name>Российский рубль</name>
                            </currency>
                            <initialSum>155820.00</initialSum>
                            <deliveryPlace>
                                <address>В соответствии с Проектом договора</address>
                            </deliveryPlace>
                            <lotItems>
                                <newCodes>true</newCodes>
                                <lotItem>
                                    <guid>a9898519-0000-0004-0102-000000796048</guid>
                                    <ordinalNumber>1</ordinalNumber>
                                    <okpd2>
                                        <code>45.20.3</code>
                                        <name>Мойка автотранспортных средств, полирование и аналогичные услуги</name>
                                    </okpd2>
                                    <okved2>
                                        <code>45.20.3</code>
                                        <name>Мойка автотранспортных средств, полирование и предоставление аналогичных услуг</name>
                                    </okved2>
                                    <okei>
                                        <code>876</code>
                                        <name>Условная единица</name>
                                    </okei>
                                    <qty>532</qty>
                                </lotItem>
                            </lotItems>
                            <forSmallOrMiddle>false</forSmallOrMiddle>
                            <excludePurchaseFromPlan>false</excludePurchaseFromPlan>
                            <subcontractorsRequirement>false</subcontractorsRequirement>
                            <ignoredPurchase>false</ignoredPurchase>
                            <centralized>false</centralized>
                        </lotData>
                        <deliveryPlaceIndication>GL</deliveryPlaceIndication>
                        <jointLotData>
                            <jointLot>false</jointLot>
                        </jointLotData>
                        <lotPlanInfo>
                            <planRegistrationNumber>2170221222</planRegistrationNumber>
                            <planGuid>a9898519-2172-0251-0000-58c27b92b41f</planGuid>
                            <positionNumber>30</positionNumber>
                            <lotPlanPosition>COMMODITY</lotPlanPosition>
                            <positionGuid>a9898519-2172-0250-0030-000006144421</positionGuid>
                        </lotPlanInfo>
                        <cancelled>false</cancelled>
                    </lot>
                </ns2:lots>
            </ns2:purchaseNoticeData>
        </ns2:item>
    </ns2:body>
</ns2:purchaseNotice>
