<?xml version="1.0" encoding="UTF-8" standalone="yes"?>
<ns2:purchaseNotice xsi:schemaLocation="http://zakupki.gov.ru/223/integration/schema/TFF-5.2 http://zakupki.gov.ru/223/integration/schema/TFF-5.2/purchase.xsd" xmlns="http://zakupki.gov.ru/223fz/types/1" xmlns:ns10="http://zakupki.gov.ru/223fz/purchasePlan/1" xmlns:ns11="http://zakupki.gov.ru/223fz/purchasePlanProject/1" xmlns:ns12="http://zakupki.gov.ru/223fz/purchasePlanProjectAdditionalPosition/1" xmlns:ns13="http://zakupki.gov.ru/223fz/contract/1" xmlns:ns14="http://zakupki.gov.ru/223fz/missedNotice/1" xmlns:ns15="http://zakupki.gov.ru/223fz/reference/1" xmlns:ns16="http://zakupki.gov.ru/223fz/stopCommodity/1" xmlns:ns17="http://zakupki.gov.ru/223fz/decisionSuspension/1" xmlns:ns18="http://zakupki.gov.ru/223fz/purchasePlanAdditionalPosition/1" xmlns:ns19="http://zakupki.gov.ru/223fz/webRequest/1" xmlns:ns2="http://zakupki.gov.ru/223fz/purchase/1" xmlns:xsi="http://www.w3.org/2001/XMLSchema-instance" xmlns:ns3="http://zakupki.gov.ru/223fz/dishonestSupplier/1" xmlns:ns4="http://zakupki.gov.ru/223fz/machineryListInfo/1" xmlns:ns5="http://zakupki.gov.ru/223fz/revenue/1" xmlns:ns6="http://zakupki.gov.ru/223fz/orderClauseList/1" xmlns:ns7="http://zakupki.gov.ru/223fz/disagreementProtocol/1" xmlns:ns8="http://zakupki.gov.ru/223fz/complaint/1" xmlns:ns9="http://zakupki.gov.ru/223fz/notificationIssue/1">
    <header>
        <guid>b9e4d7bf-0855-4c0a-8030-7dc6d3aa6f7b</guid>
        <createDateTime>2017-03-16T17:00:06</createDateTime>
    </header>
    <ns2:body>
        <ns2:item>
            <guid>81d38514-912d-436c-93a4-7a6f496a869a</guid>
            <ns2:purchaseNoticeData>
                <ns2:guid>81d38514-912d-436c-93a4-7a6f496a869a</ns2:guid>
                <ns2:createDateTime>2017-03-16T16:54:15</ns2:createDateTime>
                <ns2:urlOOS>https://zakupki.gov.ru/223/purchase/private/purchase/notice-info/details.html?noticeInfoId=5887763</ns2:urlOOS>
                <ns2:registrationNumber>31704899478</ns2:registrationNumber>
                <ns2:name>Отбор организации для оказания информационно-консультационных услуг</ns2:name>
                <ns2:customer>
                    <mainInfo>
                        <fullName>ОБЩЕСТВО С ОГРАНИЧЕННОЙ ОТВЕТСТВЕННОСТЬЮ "ГАЗПРОМ ГАЗОРАСПРЕДЕЛЕНИЕ МОСКВА"</fullName>
                        <shortName>ООО "ГАЗПРОМ ГАЗОРАСПРЕДЕЛЕНИЕ МОСКВА"</shortName>
                        <iko>57751523230775101001</iko>
                        <inn>7751523230</inn>
                        <kpp>775101001</kpp>
                        <ogrn>1147746844662</ogrn>
                        <legalAddress>108814, Г МОСКВА, П КОММУНАРКА, офис (квартира) ПРОМЫШЛЕННАЯ БАЗА</legalAddress>
                        <postalAddress>108814, дом 0, корпус 0, строение 0</postalAddress>
                        <phone>7-495-2873970</phone>
                        <email>info@gazpromgrm.ru</email>
                        <okato>45297574102</okato>
                        <okpo>33693001</okpo>
                    </mainInfo>
                </ns2:customer>
                <ns2:purchaseMethodCode>86452</ns2:purchaseMethodCode>
                <ns2:purchaseCodeName>Открытый запрос предложений</ns2:purchaseCodeName>
                <ns2:placer>
                    <mainInfo>
                        <fullName>ОБЩЕСТВО С ОГРАНИЧЕННОЙ ОТВЕТСТВЕННОСТЬЮ "ГАЗПРОМ ГАЗОРАСПРЕДЕЛЕНИЕ МОСКВА"</fullName>
                        <shortName>ООО "ГАЗПРОМ ГАЗОРАСПРЕДЕЛЕНИЕ МОСКВА"</shortName>
                        <iko>57751523230775101001</iko>
                        <inn>7751523230</inn>
                        <kpp>775101001</kpp>
                        <ogrn>1147746844662</ogrn>
                        <legalAddress>108814, Г МОСКВА, П КОММУНАРКА, офис (квартира) ПРОМЫШЛЕННАЯ БАЗА</legalAddress>
                        <postalAddress>108814, дом 0, корпус 0, строение 0</postalAddress>
                        <phone>7-495-2873970</phone>
                        <email>info@gazpromgrm.ru</email>
                        <okato>45297574102</okato>
                        <okpo>33693001</okpo>
                    </mainInfo>
                </ns2:placer>
                <ns2:contact>
                    <firstName>Иван</firstName>
                    <middleName>Андреевич</middleName>
                    <lastName>Гусев</lastName>
                    <phone>+7 (495) 2873982, доб.: 77115</phone>
                    <email>gusev@gazpromgrm.ru</email>
                    <organization>
                        <mainInfo>
                            <fullName>ОБЩЕСТВО С ОГРАНИЧЕННОЙ ОТВЕТСТВЕННОСТЬЮ "ГАЗПРОМ ГАЗОРАСПРЕДЕЛЕНИЕ МОСКВА"</fullName>
                            <shortName>ООО "ГАЗПРОМ ГАЗОРАСПРЕДЕЛЕНИЕ МОСКВА"</shortName>
                            <iko>57751523230775101001</iko>
                            <inn>7751523230</inn>
                            <kpp>775101001</kpp>
                            <ogrn>1147746844662</ogrn>
                            <legalAddress>108814, Г МОСКВА, П КОММУНАРКА, офис (квартира) ПРОМЫШЛЕННАЯ БАЗА</legalAddress>
                            <postalAddress>108814, дом 0, корпус 0, строение 0</postalAddress>
                            <phone>7-495-2873970</phone>
                            <email>info@gazpromgrm.ru</email>
                            <okato>45297574102</okato>
                            <okpo>33693001</okpo>
                        </mainInfo>
                    </organization>
                </ns2:contact>
                <ns2:publicationDateTime>2017-03-16T17:00:06</ns2:publicationDateTime>
                <ns2:documentationDelivery>
                    <deliveryStartDateTime>2017-03-17</deliveryStartDateTime>
                    <deliveryEndDateTime>2017-03-21</deliveryEndDateTime>
                    <place>В электронном виде размещается на официальном сайте www.zakupki.gov.ru
На бумажном носителе одна копия Документации предоставляется в течение двух дней со дня получения Организатором запроса о предоставлении. Запрос должен быть направлен на адрес электронной почты gusev@gazpromgrm.ru  в отсканированном виде, подписанный руководителем</place>
                    <procedure>В электронном виде Документация о запросе предложений размещается на официальном сайте в сети Интернет по адресу: www.zakupki.gov.ru</procedure>
                </ns2:documentationDelivery>
                <ns2:status>P</ns2:status>
                <ns2:version>1</ns2:version>
                <ns2:notDishonest>true</ns2:notDishonest>
                <ns2:attachments>
                    <totalDocumentsCount>3</totalDocumentsCount>
                    <document>
                        <guid>5c3c7da2-c288-4177-8834-78209e969314</guid>
                        <createDateTime>2017-03-16T16:59:25</createDateTime>
                        <fileName>Проект Договора об информационно-консультационном обслуживании_ОЗП 04-2017.doc</fileName>
                        <description>Проект Договора об информационно-консультационном обслуживании_ОЗП 04-2017</description>
                        <url>http://zakupki.gov.ru/223/purchase/public/download/download.html?id=30118371</url>
                    </document>
                    <document>
                        <guid>da0ee913-436c-4488-a2fd-e03b85d99759</guid>
                        <createDateTime>2017-03-16T16:59:08</createDateTime>
                        <fileName>Документация о проведении ОЗП 04-2017.doc</fileName>
                        <description>Документация о проведении ОЗП 04-2017</description>
                        <url>http://zakupki.gov.ru/223/purchase/public/download/download.html?id=30118363</url>
                    </document>
                    <document>
                        <guid>15a657a1-4bb2-48ba-83ca-d466ee6832f7</guid>
                        <createDateTime>2017-03-16T16:58:33</createDateTime>
                        <fileName>Извещение о проведении ОЗП 04-2017 (1).doc</fileName>
                        <description>Извещение о проведении ОЗП 04-2017 (1)</description>
                        <url>http://zakupki.gov.ru/223/purchase/public/download/download.html?id=30118333</url>
                    </document>
                </ns2:attachments>
                <ns2:modificationDate>2017-03-16T17:00:06</ns2:modificationDate>
                <ns2:saveUserId>134641</ns2:saveUserId>
                <ns2:deliveryPlaceIndication>DIFFERENT_PLACE</ns2:deliveryPlaceIndication>
                <ns2:emergency>false</ns2:emergency>
                <ns2:jointPurchase>false</ns2:jointPurchase>
                <ns2:placingProcedure>
                    <ns2:examinationPlace>108814, Россия, г. Москва, поселение Сосенское, поселок Коммунарка, Промышленная база, Административный корпус, каб. 110</ns2:examinationPlace>
                    <ns2:examinationDateTime>2017-03-23T10:00:00</ns2:examinationDateTime>
                    <ns2:summingupDateTime>2017-03-23T15:00:00</ns2:summingupDateTime>
                    <ns2:summingupPlace>108814, Россия, г. Москва, поселение Сосенское, поселок Коммунарка, Промышленная база, Административный корпус, каб. 110</ns2:summingupPlace>
                </ns2:placingProcedure>
                <ns2:submissionCloseDateTime>2017-03-21T16:00:00</ns2:submissionCloseDateTime>
                <ns2:publicationPlannedDate>2017-03-16</ns2:publicationPlannedDate>
                <ns2:lots>
                    <lot>
                        <guid>ddb10603-2fd4-4e18-8d67-ba9c3333236a</guid>
                        <ordinalNumber>1</ordinalNumber>
                        <lotEditEnabled>true</lotEditEnabled>
                        <lotData>
                            <subject>Оказание информационно-консультационных услуг</subject>
                            <currency>
                                <code>RUB</code>
                                <digitalCode>643</digitalCode>
                                <name>Российский рубль</name>
                            </currency>
                            <initialSum>276120.00</initialSum>
                            <orderPricing>С учетом НДС (18%)</orderPricing>
                            <deliveryPlace>
                                <state>Центральный федеральный округ</state>
                                <region>Москва</region>
                                <regionOkato>45000000000</regionOkato>
                                <address>г. Москва</address>
                            </deliveryPlace>
                            <lotItems>
                                <newCodes>true</newCodes>
                                <lotItem>
                                    <guid>aaee079d-b19a-402e-ba4a-a1326e55571a</guid>
                                    <ordinalNumber>1</ordinalNumber>
                                    <okpd2>
                                        <code>84.11.13.000</code>
                                        <name>Услуги в области общегосударственного экономического и социального планирования и статистики</name>
                                    </okpd2>
                                    <okved2>
                                        <code>63.91</code>
                                        <name>Деятельность информационных агентств</name>
                                    </okved2>
                                </lotItem>
                            </lotItems>
                            <forSmallOrMiddle>false</forSmallOrMiddle>
                            <excludePurchaseFromPlan>false</excludePurchaseFromPlan>
                            <subcontractorsRequirement>false</subcontractorsRequirement>
                            <ignoredPurchase>false</ignoredPurchase>
                            <centralized>false</centralized>
                        </lotData>
                        <deliveryPlaceIndication>GL</deliveryPlaceIndication>
                        <jointLotData>
                            <jointLot>false</jointLot>
                        </jointLotData>
                        <lotPlanInfo>
                            <planRegistrationNumber>2170224110</planRegistrationNumber>
                            <planGuid>7201c496-aefd-4776-b4f8-8af8e6478ab3</planGuid>
                            <positionNumber>26</positionNumber>
                            <lotPlanPosition>COMMODITY</lotPlanPosition>
                            <positionGuid>d8d06a5c-30a8-4e6c-80a7-ec5d83b34634</positionGuid>
                        </lotPlanInfo>
                        <cancelled>false</cancelled>
                    </lot>
                </ns2:lots>
            </ns2:purchaseNoticeData>
        </ns2:item>
    </ns2:body>
</ns2:purchaseNotice>
