<?xml version="1.0" encoding="UTF-8" standalone="yes"?>
<ns2:purchaseNotice xsi:schemaLocation="http://zakupki.gov.ru/223/integration/schema/TFF-5.2 http://zakupki.gov.ru/223/integration/schema/TFF-5.2/purchase.xsd" xmlns="http://zakupki.gov.ru/223fz/types/1" xmlns:ns10="http://zakupki.gov.ru/223fz/purchasePlan/1" xmlns:ns11="http://zakupki.gov.ru/223fz/purchasePlanProject/1" xmlns:ns12="http://zakupki.gov.ru/223fz/purchasePlanProjectAdditionalPosition/1" xmlns:ns13="http://zakupki.gov.ru/223fz/contract/1" xmlns:ns14="http://zakupki.gov.ru/223fz/missedNotice/1" xmlns:ns15="http://zakupki.gov.ru/223fz/reference/1" xmlns:ns16="http://zakupki.gov.ru/223fz/stopCommodity/1" xmlns:ns17="http://zakupki.gov.ru/223fz/decisionSuspension/1" xmlns:ns18="http://zakupki.gov.ru/223fz/purchasePlanAdditionalPosition/1" xmlns:ns19="http://zakupki.gov.ru/223fz/webRequest/1" xmlns:ns2="http://zakupki.gov.ru/223fz/purchase/1" xmlns:xsi="http://www.w3.org/2001/XMLSchema-instance" xmlns:ns3="http://zakupki.gov.ru/223fz/dishonestSupplier/1" xmlns:ns4="http://zakupki.gov.ru/223fz/machineryListInfo/1" xmlns:ns5="http://zakupki.gov.ru/223fz/revenue/1" xmlns:ns6="http://zakupki.gov.ru/223fz/orderClauseList/1" xmlns:ns7="http://zakupki.gov.ru/223fz/disagreementProtocol/1" xmlns:ns8="http://zakupki.gov.ru/223fz/complaint/1" xmlns:ns9="http://zakupki.gov.ru/223fz/notificationIssue/1">
    <header>
        <guid>aad3b289-3da1-4f30-8780-8b916fef3092</guid>
        <createDateTime>2017-03-16T17:40:43</createDateTime>
    </header>
    <ns2:body>
        <ns2:item>
            <guid>a9898519-3461-0004-0000-58caa3c438a5</guid>
            <ns2:purchaseNoticeData>
                <ns2:guid>a9898519-3461-0004-0000-58caa3c438a5</ns2:guid>
                <ns2:createDateTime>2017-03-16T17:40:07</ns2:createDateTime>
                <ns2:urlOOS>https://zakupki.gov.ru/223/purchase/private/purchase/notice-info/details.html?noticeInfoId=5888126</ns2:urlOOS>
                <ns2:urlVSRZ>http://www.b2b-esv.ru/market/transportirovka-statora-t12-2euz-dlia-nuzhd-filiala-pes-kazym-pao/tender-793461/</ns2:urlVSRZ>
                <ns2:registrationNumber>31704881485</ns2:registrationNumber>
                <ns2:name>Транспортировка статора Т12-2ЭУЗ для нужд филиала ПЭС "Казым" ПАО "Передвижная энергетика" (793461)</ns2:name>
                <ns2:customer>
                    <mainInfo>
                        <fullName>ПУБЛИЧНОЕ АКЦИОНЕРНОЕ ОБЩЕСТВО ЭНЕРГЕТИКИ И ЭЛЕКТРИФИКАЦИИ "ПЕРЕДВИЖНАЯ ЭНЕРГЕТИКА"</fullName>
                        <shortName>ПАО "ПЕРЕДВИЖНАЯ ЭНЕРГЕТИКА"</shortName>
                        <iko>57719019846771901001</iko>
                        <inn>7719019846</inn>
                        <kpp>771901001</kpp>
                        <ogrn>1027700465418</ogrn>
                        <legalAddress>105094, г МОСКВА, ул СЕМЕНОВСКИЙ ВАЛ, дом 6Г, корпус 3</legalAddress>
                        <postalAddress>105094, Москва, Семеновский Вал, дом 6, корпус Г</postalAddress>
                        <phone>7-495-6613879</phone>
                        <fax>7-499-3691281</fax>
                        <email>info@mob-energy.ru</email>
                        <okato>45263588000</okato>
                        <okpo>00110970</okpo>
                    </mainInfo>
                </ns2:customer>
                <ns2:purchaseMethodCode>8057</ns2:purchaseMethodCode>
                <ns2:purchaseCodeName>открытый запрос предложений (ЭТП)</ns2:purchaseCodeName>
                <ns2:placer>
                    <mainInfo>
                        <fullName>ПУБЛИЧНОЕ АКЦИОНЕРНОЕ ОБЩЕСТВО ЭНЕРГЕТИКИ И ЭЛЕКТРИФИКАЦИИ "ПЕРЕДВИЖНАЯ ЭНЕРГЕТИКА"</fullName>
                        <shortName>ПАО "ПЕРЕДВИЖНАЯ ЭНЕРГЕТИКА"</shortName>
                        <iko>57719019846771901001</iko>
                        <inn>7719019846</inn>
                        <kpp>771901001</kpp>
                        <ogrn>1027700465418</ogrn>
                        <legalAddress>105094, г МОСКВА, ул СЕМЕНОВСКИЙ ВАЛ, дом 6Г, корпус 3</legalAddress>
                        <postalAddress>105094, Москва, Семеновский Вал, дом 6, корпус Г</postalAddress>
                        <phone>7-495-6613879</phone>
                        <fax>7-499-3691281</fax>
                        <email>info@mob-energy.ru</email>
                        <okato>45263588000</okato>
                        <okpo>00110970</okpo>
                    </mainInfo>
                </ns2:placer>
                <ns2:contact>
                    <firstName>Владимир</firstName>
                    <middleName>Иванович</middleName>
                    <lastName>Ткаченко</lastName>
                    <phone>+7 (499) 3699969</phone>
                    <email>zakupki.pe@yandex.ru</email>
                    <organization>
                        <mainInfo>
                            <fullName>ПУБЛИЧНОЕ АКЦИОНЕРНОЕ ОБЩЕСТВО ЭНЕРГЕТИКИ И ЭЛЕКТРИФИКАЦИИ "ПЕРЕДВИЖНАЯ ЭНЕРГЕТИКА"</fullName>
                            <shortName>ПАО "ПЕРЕДВИЖНАЯ ЭНЕРГЕТИКА"</shortName>
                            <iko>57719019846771901001</iko>
                            <inn>7719019846</inn>
                            <kpp>771901001</kpp>
                            <ogrn>1027700465418</ogrn>
                            <legalAddress>105094, г МОСКВА, ул СЕМЕНОВСКИЙ ВАЛ, дом 6Г, корпус 3</legalAddress>
                            <postalAddress>105094, Москва, Семеновский Вал, дом 6, корпус Г</postalAddress>
                            <phone>7-495-6613879</phone>
                            <fax>7-499-3691281</fax>
                            <email>info@mob-energy.ru</email>
                            <okato>45263588000</okato>
                            <okpo>00110970</okpo>
                        </mainInfo>
                    </organization>
                </ns2:contact>
                <ns2:publicationDateTime>2017-03-16T17:40:43</ns2:publicationDateTime>
                <ns2:documentationDelivery>
                    <deliveryStartDateTime>2017-03-13</deliveryStartDateTime>
                    <deliveryEndDateTime>2017-03-27</deliveryEndDateTime>
                    <place>Предоставление документации участникам осуществляется на Общероссийском официальном сайте по адресу - http://www.zakupki.gov.ru в разделе "Реестр закупок" и на сайте РАО по адресу - http://www.rao-esv.ru в разделе "Извещение о закупках"</place>
                    <procedure>Документация по закупке предоставляется без взимания платы в электронной форме на Общероссийском официальным сайте по адресу - http://www.zakupki.gov.ru в разделе "Реестр закупок" и на сайте РАО по адресу - http://www.rao-esv.ru в разделе "Извещение о закупках"</procedure>
                </ns2:documentationDelivery>
                <ns2:status>P</ns2:status>
                <ns2:version>2</ns2:version>
                <ns2:modificationDescription>Внесение дополнительных изменений</ns2:modificationDescription>
                <ns2:notDishonest>true</ns2:notDishonest>
                <ns2:attachments>
                    <totalDocumentsCount>2</totalDocumentsCount>
                    <document>
                        <guid>a9898519-3461-0004-0001-58caa3c438a5</guid>
                        <createDateTime>2017-03-16T17:35:42</createDateTime>
                        <fileName>ЗД 2.rar</fileName>
                        <description>ЗД 2.rar</description>
                        <url>http://zakupki.gov.ru/223/purchase/public/download/download.html?id=30119778</url>
                    </document>
                    <document>
                        <guid>a9898519-3461-0004-0000-58caa3c438a5</guid>
                        <createDateTime>2017-03-13T14:45:11</createDateTime>
                        <fileName>Извещение.doc</fileName>
                        <description>Извещение.doc</description>
                        <url>http://zakupki.gov.ru/223/purchase/public/download/download.html?id=30119775</url>
                    </document>
                </ns2:attachments>
                <ns2:modificationDate>2017-03-16T17:40:43</ns2:modificationDate>
                <ns2:saveUserId>1463</ns2:saveUserId>
                <ns2:deliveryPlaceIndication>DIFFERENT_PLACE</ns2:deliveryPlaceIndication>
                <ns2:emergency>false</ns2:emergency>
                <ns2:jointPurchase>false</ns2:jointPurchase>
                <ns2:electronicPlaceInfo>
                    <name>Система электронных торгов B2B-Center</name>
                    <url>http://b2b-center.ru</url>
                    <electronicPlaceId>107</electronicPlaceId>
                </ns2:electronicPlaceInfo>
                <ns2:placingProcedure>
                    <ns2:examinationPlace>105094 г. Москва, Семеновский вал, д. 6Г, стр. 3</ns2:examinationPlace>
                    <ns2:examinationDateTime>2017-04-04T06:00:00</ns2:examinationDateTime>
                    <ns2:summingupDateTime>2017-04-11T06:00:00</ns2:summingupDateTime>
                </ns2:placingProcedure>
                <ns2:submissionCloseDateTime>2017-03-27T06:00:00</ns2:submissionCloseDateTime>
                <ns2:publicationPlannedDate>2017-03-13</ns2:publicationPlannedDate>
                <ns2:lots>
                    <lot>
                        <guid>a9898519-3461-0004-0001-58c6879715d2</guid>
                        <ordinalNumber>1</ordinalNumber>
                        <lotEditEnabled>true</lotEditEnabled>
                        <lotData>
                            <subject>Транспортировка статора Т12-2ЭУЗ для нужд филиала ПЭС "Казым" ПАО "Передвижная энергетика"</subject>
                            <currency>
                                <code>RUB</code>
                                <digitalCode>643</digitalCode>
                                <name>Российский рубль</name>
                            </currency>
                            <initialSum>400000.00</initialSum>
                            <deliveryPlace>
                                <address>626161, Россия, Ханты-Мансийский Автономный округ - Югра, г. Белоярский, ул.  Центральная, д. 31</address>
                            </deliveryPlace>
                            <lotItems>
                                <newCodes>true</newCodes>
                                <lotItem>
                                    <guid>a9898519-0000-0004-0102-000000793461</guid>
                                    <ordinalNumber>1</ordinalNumber>
                                    <okpd2>
                                        <code>49.41</code>
                                        <name>Услуги по грузовым перевозкам автомобильным транспортом</name>
                                    </okpd2>
                                    <okved2>
                                        <code>49.41.1</code>
                                        <name>Перевозка грузов специализированными автотранспортными средствами</name>
                                    </okved2>
                                    <okei>
                                        <code>796</code>
                                        <name>Штука</name>
                                    </okei>
                                    <qty>1</qty>
                                </lotItem>
                            </lotItems>
                            <forSmallOrMiddle>false</forSmallOrMiddle>
                            <excludePurchaseFromPlan>false</excludePurchaseFromPlan>
                            <subcontractorsRequirement>false</subcontractorsRequirement>
                            <ignoredPurchase>false</ignoredPurchase>
                            <centralized>false</centralized>
                        </lotData>
                        <deliveryPlaceIndication>GL</deliveryPlaceIndication>
                        <jointLotData>
                            <jointLot>false</jointLot>
                        </jointLotData>
                        <lotPlanInfo>
                            <planRegistrationNumber>2170226773</planRegistrationNumber>
                            <planGuid>4ea61538-6599-4475-8582-d91ad58d9b71</planGuid>
                            <positionNumber>153</positionNumber>
                            <lotPlanPosition>COMMODITY</lotPlanPosition>
                            <positionGuid>a9898519-2303-0250-0153-000006243561</positionGuid>
                        </lotPlanInfo>
                        <cancelled>false</cancelled>
                    </lot>
                </ns2:lots>
            </ns2:purchaseNoticeData>
        </ns2:item>
    </ns2:body>
</ns2:purchaseNotice>
