<?xml version="1.0" encoding="UTF-8" standalone="yes"?>
<ns2:purchaseNotice xsi:schemaLocation="http://zakupki.gov.ru/223/integration/schema/TFF-5.2 http://zakupki.gov.ru/223/integration/schema/TFF-5.2/purchase.xsd" xmlns="http://zakupki.gov.ru/223fz/types/1" xmlns:ns10="http://zakupki.gov.ru/223fz/purchasePlan/1" xmlns:ns11="http://zakupki.gov.ru/223fz/purchasePlanProject/1" xmlns:ns12="http://zakupki.gov.ru/223fz/purchasePlanProjectAdditionalPosition/1" xmlns:ns13="http://zakupki.gov.ru/223fz/contract/1" xmlns:ns14="http://zakupki.gov.ru/223fz/missedNotice/1" xmlns:ns15="http://zakupki.gov.ru/223fz/reference/1" xmlns:ns16="http://zakupki.gov.ru/223fz/stopCommodity/1" xmlns:ns17="http://zakupki.gov.ru/223fz/decisionSuspension/1" xmlns:ns18="http://zakupki.gov.ru/223fz/purchasePlanAdditionalPosition/1" xmlns:ns19="http://zakupki.gov.ru/223fz/webRequest/1" xmlns:ns2="http://zakupki.gov.ru/223fz/purchase/1" xmlns:xsi="http://www.w3.org/2001/XMLSchema-instance" xmlns:ns3="http://zakupki.gov.ru/223fz/dishonestSupplier/1" xmlns:ns4="http://zakupki.gov.ru/223fz/machineryListInfo/1" xmlns:ns5="http://zakupki.gov.ru/223fz/revenue/1" xmlns:ns6="http://zakupki.gov.ru/223fz/orderClauseList/1" xmlns:ns7="http://zakupki.gov.ru/223fz/disagreementProtocol/1" xmlns:ns8="http://zakupki.gov.ru/223fz/complaint/1" xmlns:ns9="http://zakupki.gov.ru/223fz/notificationIssue/1">
    <header>
        <guid>46c61fbf-7a9e-44c4-b7fd-d50519222485</guid>
        <createDateTime>2017-03-16T16:56:17</createDateTime>
    </header>
    <ns2:body>
        <ns2:item>
            <guid>2220fc00-0d0b-1ed7-82c9-e36fa6cb1c52</guid>
            <ns2:purchaseNoticeData>
                <ns2:guid>2220fc00-0d0b-1ed7-82c9-e36fa6cb1c52</ns2:guid>
                <ns2:createDateTime>2017-03-16T16:55:36</ns2:createDateTime>
                <ns2:urlOOS>https://zakupki.gov.ru/223/purchase/private/purchase/notice-info/details.html?noticeInfoId=5887772</ns2:urlOOS>
                <ns2:urlVSRZ>ЕОС-Закупки</ns2:urlVSRZ>
                <ns2:registrationNumber>31704899438</ns2:registrationNumber>
                <ns2:name>Право заключения договора на деповский ремонт багажных вагонов для нужд Сибирского филиала АО «Атомспецтранс»</ns2:name>
                <ns2:customer>
                    <mainInfo>
                        <fullName>АКЦИОНЕРНОЕ ОБЩЕСТВО "АТОМСПЕЦТРАНС"</fullName>
                        <shortName>АО "АТОМСПЕЦТРАНС"</shortName>
                        <iko>67717609102771701001</iko>
                        <inn>7717609102</inn>
                        <kpp>771701001</kpp>
                        <ogrn>1087746009218</ogrn>
                        <legalAddress>129085, г МОСКВА, пр-кт МИРА, дом 81Б</legalAddress>
                        <postalAddress>129085, Москва г, Мира пр-кт, дом 81Б</postalAddress>
                        <phone>7-495-6578604-2104</phone>
                        <fax>7-495-6578606</fax>
                        <email>info@atomst.ru</email>
                        <okato>45280572000</okato>
                        <okpo>52683630</okpo>
                    </mainInfo>
                </ns2:customer>
                <ns2:purchaseMethodCode>5907</ns2:purchaseMethodCode>
                <ns2:purchaseCodeName>Открытый запрос цен в электронной форме</ns2:purchaseCodeName>
                <ns2:placer>
                    <mainInfo>
                        <fullName>АКЦИОНЕРНОЕ ОБЩЕСТВО "АТОМСПЕЦТРАНС"</fullName>
                        <shortName>АО "АТОМСПЕЦТРАНС"</shortName>
                        <iko>67717609102771701001</iko>
                        <inn>7717609102</inn>
                        <kpp>771701001</kpp>
                        <ogrn>1087746009218</ogrn>
                        <legalAddress>129085, г МОСКВА, пр-кт МИРА, дом 81Б</legalAddress>
                        <postalAddress>129085, Москва г, Мира пр-кт, дом 81Б</postalAddress>
                        <phone>7-495-6578604-2104</phone>
                        <fax>7-495-6578606</fax>
                        <email>info@atomst.ru</email>
                        <okato>45280572000</okato>
                        <okpo>52683630</okpo>
                    </mainInfo>
                </ns2:placer>
                <ns2:contact>
                    <firstName>Александра</firstName>
                    <middleName>Владимировна</middleName>
                    <lastName>Тишкина</lastName>
                    <phone>+8 (495) 6578604, доб.: 2104</phone>
                    <fax>+8 (495) 6578606</fax>
                    <email>info@atomst.ru</email>
                    <organization>
                        <mainInfo>
                            <fullName>АКЦИОНЕРНОЕ ОБЩЕСТВО "АТОМСПЕЦТРАНС"</fullName>
                            <shortName>АО "АТОМСПЕЦТРАНС"</shortName>
                            <iko>67717609102771701001</iko>
                            <inn>7717609102</inn>
                            <kpp>771701001</kpp>
                            <ogrn>1087746009218</ogrn>
                            <legalAddress>129085, г МОСКВА, пр-кт МИРА, дом 81Б</legalAddress>
                            <postalAddress>129085, Москва г, Мира пр-кт, дом 81Б</postalAddress>
                            <phone>7-495-6578604-2104</phone>
                            <fax>7-495-6578606</fax>
                            <email>info@atomst.ru</email>
                            <okato>45280572000</okato>
                            <okpo>52683630</okpo>
                        </mainInfo>
                    </organization>
                </ns2:contact>
                <ns2:publicationDateTime>2017-03-16T16:56:17</ns2:publicationDateTime>
                <ns2:documentationDelivery>
                    <deliveryStartDateTime>2017-03-16</deliveryStartDateTime>
                    <deliveryEndDateTime>2017-03-23</deliveryEndDateTime>
                    <place>B2B-Center http://www.b2b-center.ru/</place>
                    <procedure>В электронном виде</procedure>
                </ns2:documentationDelivery>
                <ns2:status>P</ns2:status>
                <ns2:version>1</ns2:version>
                <ns2:notDishonest>false</ns2:notDishonest>
                <ns2:attachments>
                    <totalDocumentsCount>4</totalDocumentsCount>
                    <document>
                        <guid>0addd403-d90a-1ee7-82c9-f61b4a2f82f4</guid>
                        <createDateTime>2017-03-16T13:51:44</createDateTime>
                        <fileName>Том 1. Части 1,2. Общая и коммерческая части. Порядок проведения закупок.doc</fileName>
                        <description>Том 1. Части 1,2. Общая и коммерческая части. Порядок проведения закупок</description>
                        <url>http://zakupki.gov.ru/223/purchase/public/download/download.html?id=30118177</url>
                    </document>
                    <document>
                        <guid>0addd403-d90a-1ed7-82c9-fb2789cf8162</guid>
                        <createDateTime>2017-03-16T13:52:52</createDateTime>
                        <fileName>Извещение.docx</fileName>
                        <description>Извещение</description>
                        <url>http://zakupki.gov.ru/223/purchase/public/download/download.html?id=30118172</url>
                    </document>
                    <document>
                        <guid>2220fc00-0d0b-1ed7-82c9-e8daf8839f0f</guid>
                        <createDateTime>2017-03-16T13:48:46</createDateTime>
                        <fileName>Том 1. Часть 3. Проект договора.docx</fileName>
                        <description>Том 1. Часть 3. Проект договора</description>
                        <url>http://zakupki.gov.ru/223/purchase/public/download/download.html?id=30118173</url>
                    </document>
                    <document>
                        <guid>2220fc00-0d0b-1ed7-82c9-e8c52a0c5f0f</guid>
                        <createDateTime>2017-03-16T13:48:45</createDateTime>
                        <fileName>Том 2. Техническая часть.doc</fileName>
                        <description>Том 2. Техническая часть</description>
                        <url>http://zakupki.gov.ru/223/purchase/public/download/download.html?id=30118174</url>
                    </document>
                </ns2:attachments>
                <ns2:modificationDate>2017-03-16T16:56:17</ns2:modificationDate>
                <ns2:saveUserId>38073</ns2:saveUserId>
                <ns2:deliveryPlaceIndication>DIFFERENT_PLACE</ns2:deliveryPlaceIndication>
                <ns2:emergency>false</ns2:emergency>
                <ns2:jointPurchase>false</ns2:jointPurchase>
                <ns2:electronicPlaceInfo>
                    <name>B2B-Center</name>
                    <url>http://b2b-center.ru/</url>
                    <electronicPlaceId>107</electronicPlaceId>
                </ns2:electronicPlaceInfo>
                <ns2:placingProcedure>
                    <ns2:examinationPlace>129085, г. Москва, Мира пр-кт, 81 Б</ns2:examinationPlace>
                    <ns2:examinationDateTime>2017-04-12T23:59:59</ns2:examinationDateTime>
                    <ns2:summingupDateTime>2017-04-12T23:59:59</ns2:summingupDateTime>
                </ns2:placingProcedure>
                <ns2:submissionCloseDateTime>2017-03-23T12:00:00</ns2:submissionCloseDateTime>
                <ns2:publicationPlannedDate>2017-03-16</ns2:publicationPlannedDate>
                <ns2:lots>
                    <lot>
                        <guid>2220fc00-0d0b-1ed7-82c9-e486a88cdc52</guid>
                        <ordinalNumber>1</ordinalNumber>
                        <lotEditEnabled>true</lotEditEnabled>
                        <lotData>
                            <subject>Право заключения договора на деповский ремонт багажных вагонов для нужд Сибирского филиала АО «Атомспецтранс»</subject>
                            <currency>
                                <code>RUB</code>
                                <digitalCode>643</digitalCode>
                                <name>Российский рубль</name>
                            </currency>
                            <initialSum>7714456.91</initialSum>
                            <deliveryPlace>
                                <state>Центральный федеральный округ</state>
                                <region>Москва</region>
                                <regionOkato>45000000000</regionOkato>
                                <address>Работы по деповскому ремонту багажных вагонов выполняются на ремонтной базе Исполнителя. Исполнитель за свой счет организует транспортировку вагонов в ремонт на свою ремонтную базу и отремонтированных вагонов обратно Заказчику. После ремонта вагоны должны быть доставлены Заказчику на станцию Томск-2, Новосибирск-Восточный Западно-Сибирской железной дороги</address>
                            </deliveryPlace>
                            <lotItems>
                                <newCodes>true</newCodes>
                                <lotItem>
                                    <guid>0addd403-d90a-1ed7-82af-d4db874a953a</guid>
                                    <ordinalNumber>1</ordinalNumber>
                                    <okpd2>
                                        <code>30.20</code>
                                        <name>Локомотивы железнодорожные и подвижной состав</name>
                                    </okpd2>
                                    <okved2>
                                        <code>33.17</code>
                                        <name>Ремонт и техническое обслуживание прочих транспортных средств и оборудования</name>
                                    </okved2>
                                </lotItem>
                            </lotItems>
                            <forSmallOrMiddle>false</forSmallOrMiddle>
                            <excludePurchaseFromPlan>false</excludePurchaseFromPlan>
                            <subcontractorsRequirement>false</subcontractorsRequirement>
                            <ignoredPurchase>false</ignoredPurchase>
                            <centralized>false</centralized>
                        </lotData>
                        <deliveryPlaceIndication>GL</deliveryPlaceIndication>
                        <jointLotData>
                            <jointLot>false</jointLot>
                        </jointLotData>
                        <lotPlanInfo>
                            <planRegistrationNumber>2160184740</planRegistrationNumber>
                            <planGuid>f2f32b7a-a50b-1ed7-8292-9237235744aa</planGuid>
                            <positionNumber>1075400009</positionNumber>
                            <lotPlanPosition>COMMODITY</lotPlanPosition>
                            <positionGuid>589fc4f2-7180-49d0-e100-80000a7c1050</positionGuid>
                        </lotPlanInfo>
                        <cancelled>false</cancelled>
                    </lot>
                </ns2:lots>
            </ns2:purchaseNoticeData>
        </ns2:item>
    </ns2:body>
</ns2:purchaseNotice>
