<?xml version="1.0" encoding="UTF-8" standalone="yes"?>
<ns2:purchaseNotice xsi:schemaLocation="http://zakupki.gov.ru/223/integration/schema/TFF-5.2 http://zakupki.gov.ru/223/integration/schema/TFF-5.2/purchase.xsd" xmlns="http://zakupki.gov.ru/223fz/types/1" xmlns:ns10="http://zakupki.gov.ru/223fz/purchasePlan/1" xmlns:ns11="http://zakupki.gov.ru/223fz/purchasePlanProject/1" xmlns:ns12="http://zakupki.gov.ru/223fz/purchasePlanProjectAdditionalPosition/1" xmlns:ns13="http://zakupki.gov.ru/223fz/contract/1" xmlns:ns14="http://zakupki.gov.ru/223fz/missedNotice/1" xmlns:ns15="http://zakupki.gov.ru/223fz/reference/1" xmlns:ns16="http://zakupki.gov.ru/223fz/stopCommodity/1" xmlns:ns17="http://zakupki.gov.ru/223fz/decisionSuspension/1" xmlns:ns18="http://zakupki.gov.ru/223fz/purchasePlanAdditionalPosition/1" xmlns:ns19="http://zakupki.gov.ru/223fz/webRequest/1" xmlns:ns2="http://zakupki.gov.ru/223fz/purchase/1" xmlns:xsi="http://www.w3.org/2001/XMLSchema-instance" xmlns:ns3="http://zakupki.gov.ru/223fz/dishonestSupplier/1" xmlns:ns4="http://zakupki.gov.ru/223fz/machineryListInfo/1" xmlns:ns5="http://zakupki.gov.ru/223fz/revenue/1" xmlns:ns6="http://zakupki.gov.ru/223fz/orderClauseList/1" xmlns:ns7="http://zakupki.gov.ru/223fz/disagreementProtocol/1" xmlns:ns8="http://zakupki.gov.ru/223fz/complaint/1" xmlns:ns9="http://zakupki.gov.ru/223fz/notificationIssue/1">
    <header>
        <guid>e8487f45-ae40-46c0-963f-2de3dc7f8dab</guid>
        <createDateTime>2017-03-16T18:06:02</createDateTime>
    </header>
    <ns2:body>
        <ns2:item>
            <guid>bf5cd863-abc5-41e8-935c-7c89077f05ed</guid>
            <ns2:purchaseNoticeData>
                <ns2:guid>bf5cd863-abc5-41e8-935c-7c89077f05ed</ns2:guid>
                <ns2:createDateTime>2017-03-16T18:03:15</ns2:createDateTime>
                <ns2:urlOOS>https://zakupki.gov.ru/223/purchase/private/purchase/notice-info/details.html?noticeInfoId=5888238</ns2:urlOOS>
                <ns2:registrationNumber>31704764834</ns2:registrationNumber>
                <ns2:name>открытый одноэтапный конкурс безквалификационного отбора на право заключения договора на  поставку четырёх комплектов газомазутныхпаровых энергетических котлов, котельно-вспомогательного оборудования, запасныхчастей на 6 лет эксплуатации, выполнение комплексного инжиниринга котельногоострова, оказание услуг по шеф-надзору за монтажом и пуско-наладкой паровыхкотлов и обучение персонала Инозаказчика в рамках реализации проекта строительства ТЭС «Хормозган».  </ns2:name>
                <ns2:customer>
                    <mainInfo>
                        <fullName>ОБЩЕСТВО С ОГРАНИЧЕННОЙ ОТВЕТСТВЕННОСТЬЮ "ИНЖИНИРИНГОВАЯ КОМПАНИЯ "ТЕХНОПРОМЭКСПОРТ"</fullName>
                        <shortName>ООО "ИК "ТЕХНОПРОМЭКСПОРТ"</shortName>
                        <iko>57704332728770401001</iko>
                        <inn>7704332728</inn>
                        <kpp>770401001</kpp>
                        <ogrn>1157746955882</ogrn>
                        <legalAddress>119019, г МОСКВА, ул НОВЫЙ АРБАТ, дом ДОМ 15, корпус СТРОЕНИЕ 2</legalAddress>
                        <postalAddress>119019, город Москва, улица Новый Арбат, д. 15, стр. 2</postalAddress>
                        <phone>7-495-9899765-1241</phone>
                        <email>kataev@tpe.ru</email>
                        <okato>45000000000</okato>
                        <okpo>51180707</okpo>
                    </mainInfo>
                </ns2:customer>
                <ns2:purchaseMethodCode>109843</ns2:purchaseMethodCode>
                <ns2:purchaseCodeName>Конкурс в бумажной форме</ns2:purchaseCodeName>
                <ns2:placer>
                    <mainInfo>
                        <fullName>ОБЩЕСТВО С ОГРАНИЧЕННОЙ ОТВЕТСТВЕННОСТЬЮ "ИНЖИНИРИНГОВАЯ КОМПАНИЯ "ТЕХНОПРОМЭКСПОРТ"</fullName>
                        <shortName>ООО "ИК "ТЕХНОПРОМЭКСПОРТ"</shortName>
                        <iko>57704332728770401001</iko>
                        <inn>7704332728</inn>
                        <kpp>770401001</kpp>
                        <ogrn>1157746955882</ogrn>
                        <legalAddress>119019, г МОСКВА, ул НОВЫЙ АРБАТ, дом ДОМ 15, корпус СТРОЕНИЕ 2</legalAddress>
                        <postalAddress>119019, город Москва, улица Новый Арбат, д. 15, стр. 2</postalAddress>
                        <phone>7-495-9899765-1241</phone>
                        <email>kataev@tpe.ru</email>
                        <okato>45000000000</okato>
                        <okpo>51180707</okpo>
                    </mainInfo>
                </ns2:placer>
                <ns2:contact>
                    <firstName>Ксения</firstName>
                    <lastName>Зайцева</lastName>
                    <phone>+7 (495) 9899765, доб.: 1184</phone>
                    <email>ksenia.zaytseva@tpe.ru</email>
                    <organization>
                        <mainInfo>
                            <fullName>ОБЩЕСТВО С ОГРАНИЧЕННОЙ ОТВЕТСТВЕННОСТЬЮ "ИНЖИНИРИНГОВАЯ КОМПАНИЯ "ТЕХНОПРОМЭКСПОРТ"</fullName>
                            <shortName>ООО "ИК "ТЕХНОПРОМЭКСПОРТ"</shortName>
                            <iko>57704332728770401001</iko>
                            <inn>7704332728</inn>
                            <kpp>770401001</kpp>
                            <ogrn>1157746955882</ogrn>
                            <legalAddress>119019, г МОСКВА, ул НОВЫЙ АРБАТ, дом ДОМ 15, корпус СТРОЕНИЕ 2</legalAddress>
                            <postalAddress>119019, город Москва, улица Новый Арбат, д. 15, стр. 2</postalAddress>
                            <phone>7-495-9899765-1241</phone>
                            <email>kataev@tpe.ru</email>
                            <okato>45000000000</okato>
                            <okpo>51180707</okpo>
                        </mainInfo>
                    </organization>
                </ns2:contact>
                <ns2:publicationDateTime>2017-03-16T18:06:01</ns2:publicationDateTime>
                <ns2:documentationDelivery>
                    <deliveryStartDateTime>2017-02-07</deliveryStartDateTime>
                    <deliveryEndDateTime>2017-04-14</deliveryEndDateTime>
                    <place>В соответствии с Извещением</place>
                    <procedure>В соответствии с Извещением</procedure>
                </ns2:documentationDelivery>
                <ns2:status>P</ns2:status>
                <ns2:version>5</ns2:version>
                <ns2:modificationDescription>Изменение сроков подачи заявок, рассмотрения, подведение итогов; включение формы банковской гарантии</ns2:modificationDescription>
                <ns2:notDishonest>false</ns2:notDishonest>
                <ns2:attachments>
                    <totalDocumentsCount>16</totalDocumentsCount>
                    <document>
                        <guid>02b02c26-7e2e-4099-b715-e6bbba3cfc0b</guid>
                        <createDateTime>2017-02-07T19:28:00</createDateTime>
                        <fileName>Приложение № 6. Справка-обоснование.pdf</fileName>
                        <description>Приложение № 6. Справка-обоснование</description>
                        <url>http://zakupki.gov.ru/223/purchase/public/download/download.html?id=30120320</url>
                    </document>
                    <document>
                        <guid>12c36bd1-ad89-415c-8664-358ef7ba4431</guid>
                        <createDateTime>2017-02-27T10:56:55</createDateTime>
                        <fileName>Договор 27фев2017 корр ст25,27 прил3.zip.005</fileName>
                        <description>Договор 27фев2017 корр ст25,27 прил3.zip</description>
                        <url>http://zakupki.gov.ru/223/purchase/public/download/download.html?id=30120321</url>
                    </document>
                    <document>
                        <guid>3a3f14b0-ef33-4aff-bdb4-7a65def574c1</guid>
                        <createDateTime>2017-02-07T19:19:54</createDateTime>
                        <fileName>2017-02-07_Приложение № 1 ТТ.docx</fileName>
                        <description>2017-02-07_Приложение № 1 ТТ</description>
                        <url>http://zakupki.gov.ru/223/purchase/public/download/download.html?id=30120322</url>
                    </document>
                    <document>
                        <guid>fec9c3bc-8179-4011-abde-5db695ecbb6d</guid>
                        <createDateTime>2017-02-27T10:54:45</createDateTime>
                        <fileName>Договор 27фев2017 корр ст25,27 прил3.zip.002</fileName>
                        <description>Договор 27фев2017 корр ст25,27 прил3.zip</description>
                        <url>http://zakupki.gov.ru/223/purchase/public/download/download.html?id=30120323</url>
                    </document>
                    <document>
                        <guid>fbf7d2ed-7697-40ea-99d0-4c9c0d532563</guid>
                        <createDateTime>2017-02-27T10:58:45</createDateTime>
                        <fileName>Договор 27фев2017 корр ст25,27 прил3.zip.008</fileName>
                        <description>Договор 27фев2017 корр ст25,27 прил3.zip</description>
                        <url>http://zakupki.gov.ru/223/purchase/public/download/download.html?id=30120324</url>
                    </document>
                    <document>
                        <guid>36763b71-7ce9-45ca-b468-88317c90b617</guid>
                        <createDateTime>2017-02-27T10:54:02</createDateTime>
                        <fileName>Договор 27фев2017 корр ст25,27 прил3.zip.001</fileName>
                        <description>Договор 27фев2017 корр ст25,27 прил3.zip</description>
                        <url>http://zakupki.gov.ru/223/purchase/public/download/download.html?id=30120325</url>
                    </document>
                    <document>
                        <guid>b1d81c3f-3a8a-4d35-8e30-239eff7a4f90</guid>
                        <createDateTime>2017-02-27T10:56:14</createDateTime>
                        <fileName>Договор 27фев2017 корр ст25,27 прил3.zip.004</fileName>
                        <description>Договор 27фев2017 корр ст25,27 прил3.zip</description>
                        <url>http://zakupki.gov.ru/223/purchase/public/download/download.html?id=30120326</url>
                    </document>
                    <document>
                        <guid>e794eca5-6311-4fd1-af3a-b70033aabffd</guid>
                        <createDateTime>2017-03-16T18:04:55</createDateTime>
                        <fileName>Документация поставка котлов 16мар2017.docx</fileName>
                        <description>Документация поставка котлов 16мар2017</description>
                        <url>http://zakupki.gov.ru/223/purchase/public/download/download.html?id=30120374</url>
                    </document>
                    <document>
                        <guid>df0ff705-bf1b-47ab-8b4b-b43001001db5</guid>
                        <createDateTime>2017-03-16T18:05:00</createDateTime>
                        <fileName>Банковская гарантия на обеспечение заявки.docx</fileName>
                        <description>Банковская гарантия на обеспечение заявки</description>
                        <url>http://zakupki.gov.ru/223/purchase/public/download/download.html?id=30120375</url>
                    </document>
                    <document>
                        <guid>d1b74d91-70a2-450a-91c1-5110df4c23e7</guid>
                        <createDateTime>2017-03-06T16:13:23</createDateTime>
                        <fileName>Документация поставка котлов 06мар2017 заявка 90дн.docx</fileName>
                        <description>Документация поставка котлов 06мар2017 заявка 90дн</description>
                        <url>http://zakupki.gov.ru/223/purchase/public/download/download.html?id=30120313</url>
                    </document>
                    <document>
                        <guid>3fc7279f-0b4a-4b20-b87d-42c9deb4b108</guid>
                        <createDateTime>2017-02-27T10:57:38</createDateTime>
                        <fileName>Договор 27фев2017 корр ст25,27 прил3.zip.006</fileName>
                        <description>Договор 27фев2017 корр ст25,27 прил3.zip</description>
                        <url>http://zakupki.gov.ru/223/purchase/public/download/download.html?id=30120314</url>
                    </document>
                    <document>
                        <guid>c7d0db46-58c9-4610-9bf7-c8a45682d5c8</guid>
                        <createDateTime>2017-02-27T10:58:22</createDateTime>
                        <fileName>Договор 27фев2017 корр ст25,27 прил3.zip.007</fileName>
                        <description>Договор 27фев2017 корр ст25,27 прил3.zip</description>
                        <url>http://zakupki.gov.ru/223/purchase/public/download/download.html?id=30120315</url>
                    </document>
                    <document>
                        <guid>a0856af1-2fd6-4cb4-b6a1-eb5ece4106ea</guid>
                        <createDateTime>2017-02-07T19:24:17</createDateTime>
                        <fileName>2017-02-03_Приложение № 3_требования_к_техчасти_ТКП_(котлу).docx</fileName>
                        <description>2017-02-03_Приложение № 3_требования_к_техчасти_ТКП_(котлу)</description>
                        <url>http://zakupki.gov.ru/223/purchase/public/download/download.html?id=30120316</url>
                    </document>
                    <document>
                        <guid>2db7eb27-2ba7-4c17-ace6-1a70a2b4add9</guid>
                        <createDateTime>2017-02-07T19:24:22</createDateTime>
                        <fileName>Приложение №4. Сведения о наличии производственных мощностей.docx</fileName>
                        <description>Приложение №4. Сведения о наличии производственных мощностей</description>
                        <url>http://zakupki.gov.ru/223/purchase/public/download/download.html?id=30120317</url>
                    </document>
                    <document>
                        <guid>f48cc1ed-a507-41a9-a9bc-3ea681d957d2</guid>
                        <createDateTime>2017-02-27T10:55:27</createDateTime>
                        <fileName>Договор 27фев2017 корр ст25,27 прил3.zip.003</fileName>
                        <description>Договор 27фев2017 корр ст25,27 прил3.zip</description>
                        <url>http://zakupki.gov.ru/223/purchase/public/download/download.html?id=30120318</url>
                    </document>
                    <document>
                        <guid>b0fb2f21-02bc-415d-950c-54c69a48b9ae</guid>
                        <createDateTime>2017-02-07T19:27:56</createDateTime>
                        <fileName>Приложение №5. Сведения об организационной схеме изготовления оборудования.docx</fileName>
                        <description>Приложение №5. Сведения об организационной схеме изготовления оборудования</description>
                        <url>http://zakupki.gov.ru/223/purchase/public/download/download.html?id=30120319</url>
                    </document>
                </ns2:attachments>
                <ns2:modificationDate>2017-03-16T18:06:02</ns2:modificationDate>
                <ns2:saveUserId>254645</ns2:saveUserId>
                <ns2:deliveryPlaceIndication>SINGLE_PLACE</ns2:deliveryPlaceIndication>
                <ns2:emergency>false</ns2:emergency>
                <ns2:jointPurchase>false</ns2:jointPurchase>
                <ns2:submissionCloseDateTime>2017-04-14T11:00:00</ns2:submissionCloseDateTime>
                <ns2:publicationPlannedDate>2017-02-07</ns2:publicationPlannedDate>
                <ns2:templateVersion>1</ns2:templateVersion>
                <ns2:templateStructure>
                    <ns2:level>
                        <ns2:tabLevel>NOTICE</ns2:tabLevel>
                        <ns2:tab>
                            <tabOrdinal>1</tabOrdinal>
                            <tabName>Общая информация</tabName>
                            <fixedName>MAIN</fixedName>
                            <section>
                                <sectionOrdinal>1</sectionOrdinal>
                                <sectionName>Сведения о состоянии извещения</sectionName>
                                <fixedName>MAIN_STATUS</fixedName>
                            </section>
                            <section>
                                <sectionOrdinal>2</sectionOrdinal>
                                <sectionName>Сведения о заказчике</sectionName>
                                <fixedName>MAIN_CUSTOMER</fixedName>
                            </section>
                            <section>
                                <sectionOrdinal>3</sectionOrdinal>
                                <sectionName>Общие сведения о закупке</sectionName>
                                <fixedName>MAIN_PURCHASE</fixedName>
                            </section>
                            <section>
                                <sectionOrdinal>4</sectionOrdinal>
                                <sectionName>Контактная информация</sectionName>
                                <fixedName>MAIN_CONTACTS</fixedName>
                            </section>
                        </ns2:tab>
                        <ns2:tab>
                            <tabOrdinal>2</tabOrdinal>
                            <tabName>Порядок размещения закупки</tabName>
                            <fixedName>COMMISSION</fixedName>
                            <section>
                                <sectionOrdinal>1</sectionOrdinal>
                                <sectionName>Публикация извещения</sectionName>
                                <fixedName>COMMISSION_PUBLISH</fixedName>
                            </section>
                        </ns2:tab>
                        <ns2:tab>
                            <tabOrdinal>3</tabOrdinal>
                            <tabName>Список лотов</tabName>
                            <fixedName>LOTS</fixedName>
                            <section>
                                <sectionOrdinal>1</sectionOrdinal>
                                <sectionName>Сведения о лотах</sectionName>
                                <fixedName>LOTS_INFO</fixedName>
                            </section>
                        </ns2:tab>
                        <ns2:tab>
                            <tabOrdinal>6</tabOrdinal>
                            <tabName>Документация</tabName>
                            <fixedName>DOCS</fixedName>
                            <section>
                                <sectionOrdinal>1</sectionOrdinal>
                                <sectionName>Предоставление документации</sectionName>
                                <fixedName>DOCS_INFO</fixedName>
                            </section>
                            <section>
                                <sectionOrdinal>2</sectionOrdinal>
                                <sectionName>Файлы документации</sectionName>
                                <fixedName>DOCS_FILES</fixedName>
                            </section>
                        </ns2:tab>
                    </ns2:level>
                    <ns2:level>
                        <ns2:tabLevel>LOT</ns2:tabLevel>
                        <ns2:tab>
                            <tabOrdinal>4</tabOrdinal>
                            <tabName>Сведения о лоте</tabName>
                            <fixedName>LOT_INFORMATION</fixedName>
                            <section>
                                <sectionOrdinal>1</sectionOrdinal>
                                <sectionName>Общая информация о лоте</sectionName>
                                <fixedName>LOT_INFO</fixedName>
                            </section>
                            <section>
                                <sectionOrdinal>2</sectionOrdinal>
                                <sectionName>Информация о товаре, работе, услуге</sectionName>
                                <fixedName>LOT_GOODS</fixedName>
                            </section>
                            <section>
                                <sectionOrdinal>3</sectionOrdinal>
                                <sectionName>Место поставки</sectionName>
                                <fixedName>LOT_PLACE</fixedName>
                            </section>
                        </ns2:tab>
                    </ns2:level>
                    <ns2:level>
                        <ns2:tabLevel>LOT_CUSTOMER</ns2:tabLevel>
                        <ns2:tab>
                            <tabOrdinal>5</tabOrdinal>
                            <tabName>Сведения по заказчику</tabName>
                            <fixedName>LOT_CUSTOMER</fixedName>
                            <section>
                                <sectionOrdinal>1</sectionOrdinal>
                                <sectionName>Общая информация по Заказчику</sectionName>
                                <fixedName>LOT_CUSTOMER_INFO</fixedName>
                            </section>
                            <section>
                                <sectionOrdinal>2</sectionOrdinal>
                                <sectionName>Информация о товаре, работе, услуге</sectionName>
                                <fixedName>LOT_CUSTOMER_GOODS</fixedName>
                            </section>
                            <section>
                                <sectionOrdinal>3</sectionOrdinal>
                                <sectionName>Место поставки</sectionName>
                                <fixedName>LOT_CUSTOMER_PLACE</fixedName>
                            </section>
                        </ns2:tab>
                    </ns2:level>
                </ns2:templateStructure>
                <ns2:extendFields>
                    <noticeExtendField>
                        <extendField>
                            <integrCode>site</integrCode>
                            <description>Официальный сайт Заказчика</description>
                            <type>LINK</type>
                            <value>
                                <url>www.rt-ci.ru</url>
                            </value>
                        </extendField>
                        <position>
                            <tabOrdinal>1</tabOrdinal>
                            <tabName>MAIN</tabName>
                            <sectionOrdinal>2</sectionOrdinal>
                            <sectionName>MAIN_SEC_Сведения о заказчике</sectionName>
                        </position>
                    </noticeExtendField>
                    <noticeExtendField>
                        <extendField>
                            <integrCode>org</integrCode>
                            <description>Организатор закупки</description>
                            <type>TEXT</type>
                            <value>
                                <text>Функции организатора закупки выполняет Заказчик</text>
                            </value>
                        </extendField>
                        <extendField>
                            <integrCode>specorg</integrCode>
                            <description>Специализированная организация </description>
                            <type>TEXT</type>
                            <value>
                                <text>Не привлекается</text>
                            </value>
                        </extendField>
                        <extendField>
                            <integrCode>obesp</integrCode>
                            <description>Обеспечение заявки</description>
                            <type>TEXT</type>
                            <value>
                                <text>0,5% от начальной максимальной цены договора</text>
                            </value>
                        </extendField>
                        <extendField>
                            <integrCode>srokZakl</integrCode>
                            <description>Срок заключения договора</description>
                            <type>TEXT</type>
                            <value>
                                <text>Не ранее 10 дней и не позднее 30 дней со дня официального размещения протокола, которым были подведены итоги закупки</text>
                            </value>
                        </extendField>
                        <extendField>
                            <integrCode>srokOtk</integrCode>
                            <description>Срок отказа от проведения закупки</description>
                            <type>TEXT</type>
                            <value>
                                <text>Организатор закупки вправе отказаться от проведения закупки без каких-либо последствий в любой момент до подведения ее итогов.</text>
                            </value>
                        </extendField>
                        <extendField>
                            <integrCode>dop</integrCode>
                            <description>Дополнительные комментарии</description>
                            <type>TEXT</type>
                            <value>
                                <text>В соответствии с Извещением</text>
                            </value>
                        </extendField>
                        <position>
                            <tabOrdinal>1</tabOrdinal>
                            <tabName>MAIN</tabName>
                            <sectionOrdinal>3</sectionOrdinal>
                            <sectionName>MAIN_SEC_Общие сведения о закупке</sectionName>
                        </position>
                    </noticeExtendField>
                    <noticeExtendField>
                        <extendField>
                            <integrCode>placeP</integrCode>
                            <description>Место подачи заявок</description>
                            <type>TEXT</type>
                            <value>
                                <text>119019, г. Москва, ул. Новый Арбат, д. 15,стр.2.</text>
                            </value>
                        </extendField>
                        <extendField>
                            <integrCode>placeR</integrCode>
                            <description>Место и дата рассмотрения заявок</description>
                            <type>TEXT</type>
                            <value>
                                <text>«19» мая  2017 года по адресу: 119019, г. Москва, ул. Новый Арбат, д. 15,стр.2.</text>
                            </value>
                        </extendField>
                        <extendField>
                            <integrCode>placeI</integrCode>
                            <description>Место и дата оценки и сопоставления, подведения итогов закупки</description>
                            <type>TEXT</type>
                            <value>
                                <text>«26» мая 2017 года по адресу: 119019, г. Москва, ул. Новый Арбат, д. 15,стр.2.</text>
                            </value>
                        </extendField>
                        <position>
                            <tabOrdinal>2</tabOrdinal>
                            <tabName>COMMISSION</tabName>
                            <sectionOrdinal>1</sectionOrdinal>
                            <sectionName>COMISSION_SEC_Публикация извещения</sectionName>
                        </position>
                    </noticeExtendField>
                </ns2:extendFields>
                <ns2:lots>
                    <lot>
                        <guid>a61ac4cc-698f-44d2-ba07-ba910729f3c4</guid>
                        <ordinalNumber>1</ordinalNumber>
                        <lotEditEnabled>false</lotEditEnabled>
                        <lotData>
                            <subject>Поставка 4-х комплектов газомазутных паровых энергетических котлов, котельно-вспомогательного оборудования, запасных частей на 6 лет эксплуатации, выполнение комплексного инжиниринга котельного острова, оказание услуг по шеф-надзору за монтажом и пуско-наладкой паровых котлов и обучение персонала Инозаказчика в рамках реализации проекта строительства ТЭС «Хормозган» </subject>
                            <currency>
                                <code>EUR</code>
                                <digitalCode>978</digitalCode>
                                <name>Евро</name>
                            </currency>
                            <initialSum>251749058.80</initialSum>
                            <deliveryPlace>
                                <address>Исламская Республика Иран, провинция Хормозган, площадка строительства ТЭС «Хормозган» в окрестностях г. Бендер-Аббас.</address>
                            </deliveryPlace>
                            <lotItems>
                                <newCodes>true</newCodes>
                                <lotItem>
                                    <guid>69019bbe-2663-4794-b1ca-929dabe82c5f</guid>
                                    <ordinalNumber>1</ordinalNumber>
                                    <okpd2>
                                        <code>25.30.11.110</code>
                                        <name>Котлы паровые</name>
                                    </okpd2>
                                    <okved2>
                                        <code>25.30.1</code>
                                        <name>Производство паровых котлов и их частей</name>
                                    </okved2>
                                </lotItem>
                            </lotItems>
                            <forSmallOrMiddle>false</forSmallOrMiddle>
                            <excludePurchaseFromPlan>false</excludePurchaseFromPlan>
                            <subcontractorsRequirement>false</subcontractorsRequirement>
                            <ignoredPurchase>false</ignoredPurchase>
                            <centralized>false</centralized>
                        </lotData>
                        <deliveryPlaceIndication>GL</deliveryPlaceIndication>
                        <jointLotData>
                            <jointLot>false</jointLot>
                        </jointLotData>
                        <lotPlanInfo>
                            <planRegistrationNumber>2160202897</planRegistrationNumber>
                            <planGuid>bd7880af-e439-45b9-84e7-26904fa2d1e4</planGuid>
                            <positionNumber>26</positionNumber>
                            <lotPlanPosition>COMMODITY</lotPlanPosition>
                            <positionGuid>7d1030d2-2116-4564-b45a-1b97bd800a3f</positionGuid>
                        </lotPlanInfo>
                        <cancelled>false</cancelled>
                    </lot>
                </ns2:lots>
            </ns2:purchaseNoticeData>
        </ns2:item>
    </ns2:body>
</ns2:purchaseNotice>
