<?xml version="1.0" encoding="UTF-8" standalone="yes"?>
<ns2:purchaseNotice xsi:schemaLocation="http://zakupki.gov.ru/223/integration/schema/TFF-5.2 http://zakupki.gov.ru/223/integration/schema/TFF-5.2/purchase.xsd" xmlns="http://zakupki.gov.ru/223fz/types/1" xmlns:ns10="http://zakupki.gov.ru/223fz/purchasePlan/1" xmlns:ns11="http://zakupki.gov.ru/223fz/purchasePlanProject/1" xmlns:ns12="http://zakupki.gov.ru/223fz/purchasePlanProjectAdditionalPosition/1" xmlns:ns13="http://zakupki.gov.ru/223fz/contract/1" xmlns:ns14="http://zakupki.gov.ru/223fz/missedNotice/1" xmlns:ns15="http://zakupki.gov.ru/223fz/reference/1" xmlns:ns16="http://zakupki.gov.ru/223fz/stopCommodity/1" xmlns:ns17="http://zakupki.gov.ru/223fz/decisionSuspension/1" xmlns:ns18="http://zakupki.gov.ru/223fz/purchasePlanAdditionalPosition/1" xmlns:ns19="http://zakupki.gov.ru/223fz/webRequest/1" xmlns:ns2="http://zakupki.gov.ru/223fz/purchase/1" xmlns:xsi="http://www.w3.org/2001/XMLSchema-instance" xmlns:ns3="http://zakupki.gov.ru/223fz/dishonestSupplier/1" xmlns:ns4="http://zakupki.gov.ru/223fz/machineryListInfo/1" xmlns:ns5="http://zakupki.gov.ru/223fz/revenue/1" xmlns:ns6="http://zakupki.gov.ru/223fz/orderClauseList/1" xmlns:ns7="http://zakupki.gov.ru/223fz/disagreementProtocol/1" xmlns:ns8="http://zakupki.gov.ru/223fz/complaint/1" xmlns:ns9="http://zakupki.gov.ru/223fz/notificationIssue/1">
    <header>
        <guid>b955562c-e7bb-4d4d-99ea-8ac5ed3b9504</guid>
        <createDateTime>2017-03-16T19:40:16</createDateTime>
    </header>
    <ns2:body>
        <ns2:item>
            <guid>0adbfefb-91f2-18f8-42ea-694e18cb3845</guid>
            <ns2:purchaseNoticeData>
                <ns2:guid>0adbfefb-91f2-18f8-42ea-694e18cb3845</ns2:guid>
                <ns2:createDateTime>2017-03-16T19:09:05</ns2:createDateTime>
                <ns2:urlOOS>https://zakupki.gov.ru/223/purchase/private/purchase/notice-info/details.html?noticeInfoId=5888398</ns2:urlOOS>
                <ns2:urlVSRZ>https://etpgaz.gazprombank.ru/#com/procedure/view/procedure/84361</ns2:urlVSRZ>
                <ns2:registrationNumber>31704841365</ns2:registrationNumber>
                <ns2:name>Поставка кранов шаровых для нужд ООО «Газпром комплектация» (для субъектов малого и среднего предпринимательства) (0001/17/4.2/0005851/ГПК/ЗП/ГОС/Э/28.02.2017)</ns2:name>
                <ns2:customer>
                    <mainInfo>
                        <fullName>Общество с ограниченной ответственностью "Газпром комплектация"</fullName>
                        <shortName>ООО "Газпром комплектация"</shortName>
                        <iko>67740000044773601001</iko>
                        <inn>7740000044</inn>
                        <kpp>773601001</kpp>
                        <ogrn>1027700501113</ogrn>
                        <legalAddress>119991, Москва, Строителей, дом 8, корпус КОРПУС 1</legalAddress>
                        <postalAddress>119991, г. Москва, ул. Строителей, д. 8, корп. 1</postalAddress>
                        <phone>7-495-6315782</phone>
                        <email>komplekt@komplekt.gazprom.ru</email>
                        <okato>45293558000</okato>
                        <okpo>05030632</okpo>
                    </mainInfo>
                </ns2:customer>
                <ns2:purchaseMethodCode>8993</ns2:purchaseMethodCode>
                <ns2:purchaseCodeName>29 (Газпром) Открытый запрос предложений в электронной форме</ns2:purchaseCodeName>
                <ns2:placer>
                    <mainInfo>
                        <fullName>ПУБЛИЧНОЕ АКЦИОНЕРНОЕ ОБЩЕСТВО "ГАЗПРОМ"</fullName>
                        <shortName>ПАО "ГАЗПРОМ"</shortName>
                        <iko>57736050003772801001</iko>
                        <inn>7736050003</inn>
                        <kpp>772801001</kpp>
                        <ogrn>1027700070518</ogrn>
                        <legalAddress>117997, г МОСКВА, ул НАМЕТКИНА, дом 16</legalAddress>
                        <postalAddress>ул. Наметкина, д. 16, г. Москва, ГСП-7, 117997</postalAddress>
                        <phone>7-495-7198103</phone>
                        <email>223@adm.gazprom.ru</email>
                        <okato>45293590000</okato>
                        <okpo>45908000</okpo>
                    </mainInfo>
                </ns2:placer>
                <ns2:contact>
                    <firstName>Дмитрий</firstName>
                    <middleName>Александрович</middleName>
                    <lastName>Козлов</lastName>
                    <phone>+7 (495) 7195342</phone>
                    <email>Zakupki@adm.gazprom.ru</email>
                    <organization>
                        <mainInfo>
                            <fullName>ПУБЛИЧНОЕ АКЦИОНЕРНОЕ ОБЩЕСТВО "ГАЗПРОМ"</fullName>
                            <shortName>ПАО "ГАЗПРОМ"</shortName>
                            <iko>57736050003772801001</iko>
                            <inn>7736050003</inn>
                            <kpp>772801001</kpp>
                            <ogrn>1027700070518</ogrn>
                            <legalAddress>117997, г МОСКВА, ул НАМЕТКИНА, дом 16</legalAddress>
                            <postalAddress>ул. Наметкина, д. 16, г. Москва, ГСП-7, 117997</postalAddress>
                            <phone>7-495-7198103</phone>
                            <email>223@adm.gazprom.ru</email>
                            <okato>45293590000</okato>
                            <okpo>45908000</okpo>
                        </mainInfo>
                    </organization>
                </ns2:contact>
                <ns2:publicationDateTime>2017-03-16T19:40:16</ns2:publicationDateTime>
                <ns2:documentationDelivery>
                    <deliveryStartDateTime>2017-02-28</deliveryStartDateTime>
                    <deliveryEndDateTime>2017-03-23</deliveryEndDateTime>
                    <place>https://etpgaz.gazprombank.ru http://zakupki.gov.ru/223</place>
                    <procedure>Путем скачивания файлов в электронной форме</procedure>
                </ns2:documentationDelivery>
                <ns2:status>P</ns2:status>
                <ns2:version>3</ns2:version>
                <ns2:modificationDescription>Изложено в прилагаемой документации</ns2:modificationDescription>
                <ns2:notDishonest>false</ns2:notDishonest>
                <ns2:attachments>
                    <totalDocumentsCount>3</totalDocumentsCount>
                    <document>
                        <guid>e0cf3674-105e-031a-12aa-ff5ad57d6e72</guid>
                        <createDateTime>2017-03-16T19:06:19</createDateTime>
                        <fileName>5851_Уведомление_о_продлении.doc</fileName>
                        <description>5851 Уведомление о продлении.doc</description>
                        <url>http://zakupki.gov.ru/223/purchase/public/download/download.html?id=30121114</url>
                    </document>
                    <document>
                        <guid>ebd6628a-7220-59dd-1912-c37135b20f80</guid>
                        <createDateTime>2017-03-01T13:40:50</createDateTime>
                        <fileName>5851_Изменения_в_документацию.doc</fileName>
                        <description>5851 Изменения в документацию.doc</description>
                        <url>http://zakupki.gov.ru/223/purchase/public/download/download.html?id=30121115</url>
                    </document>
                    <document>
                        <guid>635fb497-3587-1cf6-9754-cf878b2dc5ca</guid>
                        <createDateTime>2017-03-01T13:40:50</createDateTime>
                        <fileName>Док-ция_5851_смсп.rar</fileName>
                        <description>Док-ция 5851 смсп.rar</description>
                        <url>http://zakupki.gov.ru/223/purchase/public/download/download.html?id=30121116</url>
                    </document>
                </ns2:attachments>
                <ns2:modificationDate>2017-03-16T19:40:16</ns2:modificationDate>
                <ns2:saveUserId>37419</ns2:saveUserId>
                <ns2:deliveryPlaceIndication>DIFFERENT_PLACE</ns2:deliveryPlaceIndication>
                <ns2:emergency>false</ns2:emergency>
                <ns2:jointPurchase>true</ns2:jointPurchase>
                <ns2:electronicPlaceInfo>
                    <name>ЭТП ГПБ</name>
                    <url>https://etpgaz.gazprombank.ru/</url>
                    <electronicPlaceId>115</electronicPlaceId>
                </ns2:electronicPlaceInfo>
                <ns2:placingProcedure>
                    <ns2:examinationPlace>117418, ГСП-7, г. Москва, ул. Новочеремушкинская, д.65</ns2:examinationPlace>
                    <ns2:examinationDateTime>2017-03-31T19:00:00</ns2:examinationDateTime>
                    <ns2:summingupDateTime>2017-03-31T19:00:00</ns2:summingupDateTime>
                </ns2:placingProcedure>
                <ns2:submissionCloseDateTime>2017-03-23T12:00:00</ns2:submissionCloseDateTime>
                <ns2:publicationPlannedDate>2017-02-28</ns2:publicationPlannedDate>
                <ns2:lots>
                    <lot>
                        <guid>18cfeaa2-0314-75f0-f4d0-a6201df371d5</guid>
                        <ordinalNumber>1</ordinalNumber>
                        <lotEditEnabled>true</lotEditEnabled>
                        <lotData>
                            <subject>Краны шаровые</subject>
                            <currency>
                                <code>RUB</code>
                                <digitalCode>643</digitalCode>
                                <name>Российский рубль</name>
                            </currency>
                            <initialSum>165168488.10</initialSum>
                            <deliveryPlace>
                                <address>Согласно закупочной документации</address>
                            </deliveryPlace>
                            <lotItems>
                                <newCodes>true</newCodes>
                                <lotItem>
                                    <guid>e5b54419-1143-6c9d-eff8-0a7b0f71f7ea</guid>
                                    <ordinalNumber>1</ordinalNumber>
                                    <okpd2>
                                        <code>28.14.13.130</code>
                                        <name>Краны и клапаны шаровые</name>
                                    </okpd2>
                                    <okved2>
                                        <code>28.14</code>
                                        <name>Производство прочих кранов и клапанов</name>
                                    </okved2>
                                    <okei>
                                        <code>796</code>
                                        <name>Штука</name>
                                    </okei>
                                    <qty>6</qty>
                                    <additionalInfo>Кран шаровой с пневмогидроприводом подземной установки приварной в умеренном климатическом исполнении 11лс(6)768п2 или ЯГТ 2П 300ПЦА.080.00.00 У ПГП с ЯГТ 300ПГП.12000.00 У или ХСЛ КШ300.80.П.Г.(У1)ПГ.П или МВ39183-300-05 ум или 11лс6(7)49п4 или 11лс</additionalInfo>
                                </lotItem>
                                <lotItem>
                                    <guid>aac58a42-97b0-00a0-aa79-413667ad271a</guid>
                                    <ordinalNumber>2</ordinalNumber>
                                    <okpd2>
                                        <code>28.14.13.130</code>
                                        <name>Краны и клапаны шаровые</name>
                                    </okpd2>
                                    <okved2>
                                        <code>28.14</code>
                                        <name>Производство прочих кранов и клапанов</name>
                                    </okved2>
                                    <okei>
                                        <code>796</code>
                                        <name>Штука</name>
                                    </okei>
                                    <qty>2</qty>
                                    <additionalInfo>Кран шаровой с пневмогидроприводом подземной установки приварной в холодном климатическом исполнении 11лс(6)762р5 или МВ39183-1400-05 или 11лс6(7)49п5  Ду1400 Ру80</additionalInfo>
                                </lotItem>
                                <lotItem>
                                    <guid>7bcfa57c-448c-080d-44ba-39599700b7c4</guid>
                                    <ordinalNumber>3</ordinalNumber>
                                    <okpd2>
                                        <code>28.14.13.130</code>
                                        <name>Краны и клапаны шаровые</name>
                                    </okpd2>
                                    <okved2>
                                        <code>28.14</code>
                                        <name>Производство прочих кранов и клапанов</name>
                                    </okved2>
                                    <okei>
                                        <code>796</code>
                                        <name>Штука</name>
                                    </okei>
                                    <qty>1</qty>
                                    <additionalInfo>Кран шаровой с пневмогидроприводом подземной установки приварной в умеренном климатическом исполнении 11лс(6)762р4 или МВ39183-1400-04 или 11лс6(7)49п4 Ду1400 Ру80</additionalInfo>
                                </lotItem>
                                <lotItem>
                                    <guid>10574120-b871-ef0a-0a8f-2b66b20a776d</guid>
                                    <ordinalNumber>4</ordinalNumber>
                                    <okpd2>
                                        <code>28.14.13.130</code>
                                        <name>Краны и клапаны шаровые</name>
                                    </okpd2>
                                    <okved2>
                                        <code>28.14</code>
                                        <name>Производство прочих кранов и клапанов</name>
                                    </okved2>
                                    <okei>
                                        <code>796</code>
                                        <name>Штука</name>
                                    </okei>
                                    <qty>1</qty>
                                    <additionalInfo>Кран шаровой с пневмогидроприводом подземной установки приварной в умеренном климатическом исполнении 11лс(6)768п2 или ЯГТ 2П 300ПЦА.080.00.00 У ПГП с ЯГТ 300ПГП.12000.00 У или ХСЛ КШ300.80.П.Г.(У1)ПГ.П или МВ39183-300-05 ум или 11лс6(7)49п4 или 11лс</additionalInfo>
                                </lotItem>
                                <lotItem>
                                    <guid>17c3c910-5927-e40c-c60d-0d2c42f848a5</guid>
                                    <ordinalNumber>5</ordinalNumber>
                                    <okpd2>
                                        <code>28.14.13.130</code>
                                        <name>Краны и клапаны шаровые</name>
                                    </okpd2>
                                    <okved2>
                                        <code>28.14</code>
                                        <name>Производство прочих кранов и клапанов</name>
                                    </okved2>
                                    <okei>
                                        <code>796</code>
                                        <name>Штука</name>
                                    </okei>
                                    <qty>1</qty>
                                    <additionalInfo>Кран шаровой с пневмогидроприводом подземной установки приварной в умеренном климатическом исполнении 11лс(6)768п4 или МВ39183-1000-02 или 11лс6(7)49п4 или КШП.6.1-ВАРК-1000-80-00-20 Ду1000 Ру80</additionalInfo>
                                </lotItem>
                                <lotItem>
                                    <guid>a758a31d-7e1c-465c-fc14-9cad58c54256</guid>
                                    <ordinalNumber>6</ordinalNumber>
                                    <okpd2>
                                        <code>28.14.13.130</code>
                                        <name>Краны и клапаны шаровые</name>
                                    </okpd2>
                                    <okved2>
                                        <code>28.14</code>
                                        <name>Производство прочих кранов и клапанов</name>
                                    </okved2>
                                    <okei>
                                        <code>796</code>
                                        <name>Штука</name>
                                    </okei>
                                    <qty>1</qty>
                                    <additionalInfo>Кран шаровой 11лс(6)768п10 или МВ39183-500-05 или 11лс6(7)49п4 или 11лс(6)769п7 (ум) или КШ 500/80-ППГ-П-С-У1 DN 500 PN 8,0 МПа подземной установки, с пневмогидроприводом,  умеренного климатического исполнения</additionalInfo>
                                </lotItem>
                                <lotItem>
                                    <guid>54d28b90-3073-cfaf-4428-43f1ed68737b</guid>
                                    <ordinalNumber>7</ordinalNumber>
                                    <okpd2>
                                        <code>28.14.13.130</code>
                                        <name>Краны и клапаны шаровые</name>
                                    </okpd2>
                                    <okved2>
                                        <code>28.14</code>
                                        <name>Производство прочих кранов и клапанов</name>
                                    </okved2>
                                    <okei>
                                        <code>796</code>
                                        <name>Штука</name>
                                    </okei>
                                    <qty>2</qty>
                                    <additionalInfo>Кран шаровой 11лс(6)768п2 или ЯГТ 2П 300ПЦА.080.00.00 У ПГП с ЯГТ 300ПГП.12000.00 У или ХСЛ КШ300.80.П.Г.(У1)ПГ.П или МВ 39183-300-05 ум или 11лс6(7)49п4 или 11лс(6)769п7 (ум) или КШП.6.1-ВАРК-300-80-00-20 или КШ 300/80-ППГ-П-С-У1 Ду300 Ру80</additionalInfo>
                                </lotItem>
                                <lotItem>
                                    <guid>8147f28f-9c71-5c56-f95d-c2ec895c9fb7</guid>
                                    <ordinalNumber>8</ordinalNumber>
                                    <okpd2>
                                        <code>28.14.13.130</code>
                                        <name>Краны и клапаны шаровые</name>
                                    </okpd2>
                                    <okved2>
                                        <code>28.14</code>
                                        <name>Производство прочих кранов и клапанов</name>
                                    </okved2>
                                    <okei>
                                        <code>796</code>
                                        <name>Штука</name>
                                    </okei>
                                    <qty>1</qty>
                                    <additionalInfo>Кран шаровой Ду 500 Ру 8,0 МПа Опросный лист №СТ 1292-331.02-Л1.ОЛ1</additionalInfo>
                                </lotItem>
                                <lotItem>
                                    <guid>2a5b1225-1e0e-67c0-3353-dc2509804078</guid>
                                    <ordinalNumber>9</ordinalNumber>
                                    <okpd2>
                                        <code>28.14.13.130</code>
                                        <name>Краны и клапаны шаровые</name>
                                    </okpd2>
                                    <okved2>
                                        <code>28.14</code>
                                        <name>Производство прочих кранов и клапанов</name>
                                    </okved2>
                                    <okei>
                                        <code>796</code>
                                        <name>Штука</name>
                                    </okei>
                                    <qty>1</qty>
                                    <additionalInfo>Кран шаровой 11лс(6)768п10 или МВ39183-500-05 или 11лс6(7)49п4 или 11лс(6)769п7 (ум) или КШ 500/80-ППГ-П-С-У1 Ду 500 Ру 8,0 МПа, с заводским антикоррозионным покрытием, с ЭПУУ на 24В</additionalInfo>
                                </lotItem>
                                <lotItem>
                                    <guid>9242bdb2-ee63-0f3a-0e40-ba8bdcf5b570</guid>
                                    <ordinalNumber>10</ordinalNumber>
                                    <okpd2>
                                        <code>28.14.13.130</code>
                                        <name>Краны и клапаны шаровые</name>
                                    </okpd2>
                                    <okved2>
                                        <code>28.14</code>
                                        <name>Производство прочих кранов и клапанов</name>
                                    </okved2>
                                    <okei>
                                        <code>796</code>
                                        <name>Штука</name>
                                    </okei>
                                    <qty>2</qty>
                                    <additionalInfo>Кран шаровой 11лс(6)762р4 или МВ39183-700-50 или 11лс6(7)49п4 или 11лс(6)769п7 (у1) Ду 700 Ру 8,0 МПа с пневмогидроприводом, с ЭПУУ  15-1, с концами под приварку с переходными кольцами, подземной установки, в заводской изоляции. Климатическое исполне</additionalInfo>
                                </lotItem>
                                <lotItem>
                                    <guid>8b638aa1-bd3c-7917-bd2e-42ba6c974fdd</guid>
                                    <ordinalNumber>11</ordinalNumber>
                                    <okpd2>
                                        <code>28.14.13.130</code>
                                        <name>Краны и клапаны шаровые</name>
                                    </okpd2>
                                    <okved2>
                                        <code>28.14</code>
                                        <name>Производство прочих кранов и клапанов</name>
                                    </okved2>
                                    <okei>
                                        <code>796</code>
                                        <name>Штука</name>
                                    </okei>
                                    <qty>3</qty>
                                    <additionalInfo>Кран шаровой 11лс(6)768п2 или ЯГТ 2П 300ПЦА.080.00.00 У ПГП с ЯГТ 300ПГП.12000.00 У или ХСЛ КШ300.80.П.Г.(У1)ПГ.П или МВ39183-300-05 ум или 11лс6(7)49п4 или 11лс(6)769п7 (ум) или КШП.6.1-ВАРК-300-80-00-20 или КШ 300/80-ППГ-П-С-У1 Ду 300 Ру 8,0 МПа с </additionalInfo>
                                </lotItem>
                                <lotItem>
                                    <guid>d5f66dc4-7f87-37b8-6094-14b5992cf4a9</guid>
                                    <ordinalNumber>12</ordinalNumber>
                                    <okpd2>
                                        <code>28.14.13.130</code>
                                        <name>Краны и клапаны шаровые</name>
                                    </okpd2>
                                    <okved2>
                                        <code>28.14</code>
                                        <name>Производство прочих кранов и клапанов</name>
                                    </okved2>
                                    <okei>
                                        <code>796</code>
                                        <name>Штука</name>
                                    </okei>
                                    <qty>2</qty>
                                    <additionalInfo>Кран шаровой с пневмогидроприводом подземной установки в умеренном климатическом исполнении 11лс(6)768п4 или МВ39183-1000-02 или 11лс6(7)49п4 или КШП.6.1-ВАРК-1000-80-00-20 Ду1000 Ру80</additionalInfo>
                                </lotItem>
                                <lotItem>
                                    <guid>e7ec6d1e-a87b-4d3c-8a7e-aa6c48cdc443</guid>
                                    <ordinalNumber>13</ordinalNumber>
                                    <okpd2>
                                        <code>28.14.13.130</code>
                                        <name>Краны и клапаны шаровые</name>
                                    </okpd2>
                                    <okved2>
                                        <code>28.14</code>
                                        <name>Производство прочих кранов и клапанов</name>
                                    </okved2>
                                    <okei>
                                        <code>796</code>
                                        <name>Штука</name>
                                    </okei>
                                    <qty>1</qty>
                                    <additionalInfo>Кран шаровой 11лс(6)768п6 или МВ39183-1000-04 или 11лс6(7)49п6 или КШП.3.1-ВАРК-1000-80-00-20 Ду1000 Ру80</additionalInfo>
                                </lotItem>
                                <lotItem>
                                    <guid>1b0b1087-ce1b-016e-0047-16c305258f41</guid>
                                    <ordinalNumber>14</ordinalNumber>
                                    <okpd2>
                                        <code>28.14.13.130</code>
                                        <name>Краны и клапаны шаровые</name>
                                    </okpd2>
                                    <okved2>
                                        <code>28.14</code>
                                        <name>Производство прочих кранов и клапанов</name>
                                    </okved2>
                                    <okei>
                                        <code>796</code>
                                        <name>Штука</name>
                                    </okei>
                                    <qty>2</qty>
                                    <additionalInfo>Кран шаровой 11лс(6)762р5 или МВ39183-1200-05 или 11лс6(7)49п5 или КШП.6.1-ВАРК-1200-80-01-20 Ду1200 Ру80</additionalInfo>
                                </lotItem>
                                <lotItem>
                                    <guid>9c3fdbeb-ee34-f96e-23fc-1a3950d9cab3</guid>
                                    <ordinalNumber>15</ordinalNumber>
                                    <okpd2>
                                        <code>28.14.13.130</code>
                                        <name>Краны и клапаны шаровые</name>
                                    </okpd2>
                                    <okved2>
                                        <code>28.14</code>
                                        <name>Производство прочих кранов и клапанов</name>
                                    </okved2>
                                    <okei>
                                        <code>796</code>
                                        <name>Штука</name>
                                    </okei>
                                    <qty>1</qty>
                                    <additionalInfo>Кран шаровой с пневмогидроприводом, приварной надземной установки, в умеренном климатическом исполнении 11лс(6)762р6 или МВ39183-700-04 или 11лс6(7)49п6 или 11лс(6)769п6 (у1) Ду700 Ру80</additionalInfo>
                                </lotItem>
                                <lotItem>
                                    <guid>6e71de17-6f53-a63f-8763-b0c572e0c1c0</guid>
                                    <ordinalNumber>16</ordinalNumber>
                                    <okpd2>
                                        <code>28.14.13.130</code>
                                        <name>Краны и клапаны шаровые</name>
                                    </okpd2>
                                    <okved2>
                                        <code>28.14</code>
                                        <name>Производство прочих кранов и клапанов</name>
                                    </okved2>
                                    <okei>
                                        <code>796</code>
                                        <name>Штука</name>
                                    </okei>
                                    <qty>1</qty>
                                    <additionalInfo>Кран шаровой 11лс(6)768п10 или МВ39183-500-05 или 11лс6(7)49п4 или 11лс(6)769п7 (ум) или КШ 500/80-ППГ-П-С-У1 DN 500 PN 8,0 МПа подземной установки, с пневмогидроприводом,  умеренного климатического исполнения</additionalInfo>
                                </lotItem>
                                <lotItem>
                                    <guid>d9be36b9-fea9-5577-0a58-a93fa07993f1</guid>
                                    <ordinalNumber>17</ordinalNumber>
                                    <okpd2>
                                        <code>28.14.13.130</code>
                                        <name>Краны и клапаны шаровые</name>
                                    </okpd2>
                                    <okved2>
                                        <code>28.14</code>
                                        <name>Производство прочих кранов и клапанов</name>
                                    </okved2>
                                    <okei>
                                        <code>796</code>
                                        <name>Штука</name>
                                    </okei>
                                    <qty>11</qty>
                                    <additionalInfo>Кран шаровой 11лс(6)768п2 или ЯГТ 2П 300ПЦА.080.00.00 У ПГП с ЯГТ 300ПГП.12000.00 У или ХСЛ КШ300.80.П.Г.(У1)ПГ.П или МВ 39183-300-05 ум или 11лс6(7)49п4 или 11лс(6)769п7 (ум) или КШП.6.1-ВАРК-300-80-00-20 или КШ 300/80-ППГ-П-С-У1 Ду300 Ру80</additionalInfo>
                                </lotItem>
                                <lotItem>
                                    <guid>b7d2c407-b0e0-a6be-1dcc-53ad205e6ce3</guid>
                                    <ordinalNumber>18</ordinalNumber>
                                    <okpd2>
                                        <code>28.14.13.130</code>
                                        <name>Краны и клапаны шаровые</name>
                                    </okpd2>
                                    <okved2>
                                        <code>28.14</code>
                                        <name>Производство прочих кранов и клапанов</name>
                                    </okved2>
                                    <okei>
                                        <code>796</code>
                                        <name>Штука</name>
                                    </okei>
                                    <qty>1</qty>
                                    <additionalInfo>Кран шаровой 11лс(6)768п или ЯГТ 300ПЦА.080.00.00 У ПГП с ЯГТ 300ПГП.12000.00 У или ХСЛ КШ300.80.П.Г.(У1)ПГ.Н или МВ39183-300-06 ум  или 11лс6(7)49п6 или 11лс(6)769п6 ум или КШП.3.1-ВАРК-300-80-00-20 или КШ 300/80-ППГ-Н-С-У1 или 11лс(6)769п4 DN 300 м</additionalInfo>
                                </lotItem>
                                <lotItem>
                                    <guid>f7cba13b-aa4c-41e2-cb97-348514993f38</guid>
                                    <ordinalNumber>19</ordinalNumber>
                                    <okpd2>
                                        <code>28.14.13.130</code>
                                        <name>Краны и клапаны шаровые</name>
                                    </okpd2>
                                    <okved2>
                                        <code>28.14</code>
                                        <name>Производство прочих кранов и клапанов</name>
                                    </okved2>
                                    <okei>
                                        <code>796</code>
                                        <name>Штука</name>
                                    </okei>
                                    <qty>1</qty>
                                    <additionalInfo>Кран шаровой с пневмогидроприводом наземной установки приварной в холодном климатическом исполнении 11лс(6)768п7 или МВ39183-1000-05 или 11лс6(7)49п7 или КШП.3.1-ВАРК-1000-80-01-20 Ду1000 Ру80</additionalInfo>
                                </lotItem>
                                <lotItem>
                                    <guid>6f23f55f-f892-42fc-6b72-57599507b775</guid>
                                    <ordinalNumber>20</ordinalNumber>
                                    <okpd2>
                                        <code>28.14.13.130</code>
                                        <name>Краны и клапаны шаровые</name>
                                    </okpd2>
                                    <okved2>
                                        <code>28.14</code>
                                        <name>Производство прочих кранов и клапанов</name>
                                    </okved2>
                                    <okei>
                                        <code>796</code>
                                        <name>Штука</name>
                                    </okei>
                                    <qty>1</qty>
                                    <additionalInfo>Кран шаровой с пневмогидроприводом наземной установки приварной в холодном климатическом исполнении 11лс(6)768п7 или МВ39183-1000-05 или 11лс6(7)49п7 или КШП.3.1-ВАРК-1000-80-01-20 Ду1000 Ру80</additionalInfo>
                                </lotItem>
                                <lotItem>
                                    <guid>8dbc2093-592f-5c60-9a7b-ca1359e57d3a</guid>
                                    <ordinalNumber>21</ordinalNumber>
                                    <okpd2>
                                        <code>28.14.13.130</code>
                                        <name>Краны и клапаны шаровые</name>
                                    </okpd2>
                                    <okved2>
                                        <code>28.14</code>
                                        <name>Производство прочих кранов и клапанов</name>
                                    </okved2>
                                    <okei>
                                        <code>796</code>
                                        <name>Штука</name>
                                    </okei>
                                    <qty>1</qty>
                                    <additionalInfo>Кран шаровой с пневмогидроприводом наземной установки приварной в холодном климатическом исполнении 11лс(6)768п7 или МВ39183-1000-05 или 11лс6(7)49п7 или КШП.3.1-ВАРК-1000-80-01-20 Ду1000 Ру80</additionalInfo>
                                </lotItem>
                                <lotItem>
                                    <guid>f317fc9b-7694-bb84-b1cc-d68ded51a1f8</guid>
                                    <ordinalNumber>22</ordinalNumber>
                                    <okpd2>
                                        <code>28.14.13.130</code>
                                        <name>Краны и клапаны шаровые</name>
                                    </okpd2>
                                    <okved2>
                                        <code>28.14</code>
                                        <name>Производство прочих кранов и клапанов</name>
                                    </okved2>
                                    <okei>
                                        <code>796</code>
                                        <name>Штука</name>
                                    </okei>
                                    <qty>1</qty>
                                    <additionalInfo>Кран шаровой с пневмогидроприводом наземной установки приварной в умеренном и холодном климатическом исполнении 11лс(6)762р7 или МВ39183-700 или 11лс6(7)49п7 или 11лс(6)769п6 (хл1) Ду700 Ру80</additionalInfo>
                                </lotItem>
                                <lotItem>
                                    <guid>e4d39246-524c-f144-f747-78fa30e5fbb7</guid>
                                    <ordinalNumber>23</ordinalNumber>
                                    <okpd2>
                                        <code>28.14.13.130</code>
                                        <name>Краны и клапаны шаровые</name>
                                    </okpd2>
                                    <okved2>
                                        <code>28.14</code>
                                        <name>Производство прочих кранов и клапанов</name>
                                    </okved2>
                                    <okei>
                                        <code>796</code>
                                        <name>Штука</name>
                                    </okei>
                                    <qty>1</qty>
                                    <additionalInfo>Кран шаровой с пневмогидроприводом наземной установки приварной в умеренном и холодном климатическом исполнении 11лс(6)762р7 или МВ39183-700 или 11лс6(7)49п7 или 11лс(6)769п6 (хл1) Ду700 Ру80</additionalInfo>
                                </lotItem>
                                <lotItem>
                                    <guid>f3292c42-6461-459d-0730-c22ac949df9d</guid>
                                    <ordinalNumber>24</ordinalNumber>
                                    <okpd2>
                                        <code>28.14.13.130</code>
                                        <name>Краны и клапаны шаровые</name>
                                    </okpd2>
                                    <okved2>
                                        <code>28.14</code>
                                        <name>Производство прочих кранов и клапанов</name>
                                    </okved2>
                                    <okei>
                                        <code>796</code>
                                        <name>Штука</name>
                                    </okei>
                                    <qty>1</qty>
                                    <additionalInfo>Кран шаровой с пневмогидроприводом наземной установки приварной в умеренном и холодном климатическом исполнении 11лс(6)762р7 или МВ39183-700 или 11лс6(7)49п7 или 11лс(6)769п6 (хл1) Ду700 Ру80</additionalInfo>
                                </lotItem>
                                <lotItem>
                                    <guid>ece999f4-2abe-50b3-d536-93f8879cfb59</guid>
                                    <ordinalNumber>25</ordinalNumber>
                                    <okpd2>
                                        <code>28.14.13.130</code>
                                        <name>Краны и клапаны шаровые</name>
                                    </okpd2>
                                    <okved2>
                                        <code>28.14</code>
                                        <name>Производство прочих кранов и клапанов</name>
                                    </okved2>
                                    <okei>
                                        <code>796</code>
                                        <name>Штука</name>
                                    </okei>
                                    <qty>1</qty>
                                    <additionalInfo>Кран шаровой с пневмогидроприводом наземной установки приварной в умеренном и холодном климатическом исполнении 11лс(6)762р7 или МВ39183-700 или 11лс6(7)49п7 или 11лс(6)769п6 (хл1) Ду700 Ру80</additionalInfo>
                                </lotItem>
                                <lotItem>
                                    <guid>e03ae21c-b1eb-c223-851f-b6a73dd3dd38</guid>
                                    <ordinalNumber>26</ordinalNumber>
                                    <okpd2>
                                        <code>28.14.13.130</code>
                                        <name>Краны и клапаны шаровые</name>
                                    </okpd2>
                                    <okved2>
                                        <code>28.14</code>
                                        <name>Производство прочих кранов и клапанов</name>
                                    </okved2>
                                    <okei>
                                        <code>796</code>
                                        <name>Штука</name>
                                    </okei>
                                    <qty>1</qty>
                                    <additionalInfo>Кран шаровой 11лс(6)768п3 или ЯГТ 2П 300ПЦА.080.00.00 ХЛ ПГП с ЯГТ 300ПГП.12000.00 ХЛ или ХСЛ КШ300.80.П.Г.(УХЛ1)ПГ.П или МВ39183-300 хл или 11лс6(7)49п5 или 11лс(6)769п7 (хл) или КШП.6.1-ВАРК-300-80-01-20 или КШ 300/80-ППГ- П-С-ХЛ1 Ду300 Ру80 подз.</additionalInfo>
                                </lotItem>
                                <lotItem>
                                    <guid>d653dbfc-8382-70e4-9c0b-33d05537cf99</guid>
                                    <ordinalNumber>27</ordinalNumber>
                                    <okpd2>
                                        <code>28.14.13.130</code>
                                        <name>Краны и клапаны шаровые</name>
                                    </okpd2>
                                    <okved2>
                                        <code>28.14</code>
                                        <name>Производство прочих кранов и клапанов</name>
                                    </okved2>
                                    <okei>
                                        <code>796</code>
                                        <name>Штука</name>
                                    </okei>
                                    <qty>1</qty>
                                    <additionalInfo>Кран шаровой 11лс(6)768п1 или ЯГТ 300ПЦА.080.00.00 ХЛ ПГП с ЯГТ 300ПГП.12000.00 ХЛ или ХСЛ КШ300.80.П.Г.(УХЛ1)ПГ.Н или МВ39183-300-01 хл или 11лс(7)49п7 или 11лс(6)769п6 (хл) или КШП.3.1-ВАРК-300-80-01-20 или КШ 300/80-ППГ-Н-С-ХЛ1 с пневмогидропривод</additionalInfo>
                                </lotItem>
                                <lotItem>
                                    <guid>4e77839c-d25e-84de-f324-6511434cfefd</guid>
                                    <ordinalNumber>28</ordinalNumber>
                                    <okpd2>
                                        <code>28.14.13.130</code>
                                        <name>Краны и клапаны шаровые</name>
                                    </okpd2>
                                    <okved2>
                                        <code>28.14</code>
                                        <name>Производство прочих кранов и клапанов</name>
                                    </okved2>
                                    <okei>
                                        <code>796</code>
                                        <name>Штука</name>
                                    </okei>
                                    <qty>6</qty>
                                    <additionalInfo>Кран шаровой с ручным приводом наземной установки приварной в умеренном климатическом исполнении 11лс68п12 или МВ39183-500-08 или 11лс549п6 или 11лс369п6 (ум) или КШ 500/80-ПР-Н-С-У1 Ду500 Ру80</additionalInfo>
                                </lotItem>
                                <lotItem>
                                    <guid>4d7ff57e-1d77-2f53-d990-88ab65b1c96f</guid>
                                    <ordinalNumber>29</ordinalNumber>
                                    <okpd2>
                                        <code>28.14.13.130</code>
                                        <name>Краны и клапаны шаровые</name>
                                    </okpd2>
                                    <okved2>
                                        <code>28.14</code>
                                        <name>Производство прочих кранов и клапанов</name>
                                    </okved2>
                                    <okei>
                                        <code>796</code>
                                        <name>Штука</name>
                                    </okei>
                                    <qty>14</qty>
                                    <additionalInfo>Кран шаровой полнопроходной разборный с ручным приводом DN300 PN100 под приварку наземного исполнения для умеренного климата</additionalInfo>
                                </lotItem>
                                <lotItem>
                                    <guid>8c4fffa3-9ac5-f517-edcd-707cade6d28c</guid>
                                    <ordinalNumber>30</ordinalNumber>
                                    <okpd2>
                                        <code>28.14.13.130</code>
                                        <name>Краны и клапаны шаровые</name>
                                    </okpd2>
                                    <okved2>
                                        <code>28.14</code>
                                        <name>Производство прочих кранов и клапанов</name>
                                    </okved2>
                                    <okei>
                                        <code>839</code>
                                        <name>Комплект</name>
                                    </okei>
                                    <qty>2</qty>
                                    <additionalInfo>Кран шаровой Ду300 Ру8,0 МПа,  11лс(6)768п2 или ЯГТ 2П 300ПЦА.080.00.00 У ПГП с ЯГТ 300ПГП.12000.00 У или ХСЛ КШ300.80.П.Г.(У1)ПГ.П  или МВ39183-300-05 ум или 11лс6(7)49п4 или 11лс(6)769п7 (ум) или КШП.6.1-ВАРК-300-80-00-20 или КШ 300/80-ППГ-П-С-У1, </additionalInfo>
                                </lotItem>
                                <lotItem>
                                    <guid>9cfe6188-022b-a4b4-44da-24a9011532f1</guid>
                                    <ordinalNumber>31</ordinalNumber>
                                    <okpd2>
                                        <code>28.14.13.130</code>
                                        <name>Краны и клапаны шаровые</name>
                                    </okpd2>
                                    <okved2>
                                        <code>28.14</code>
                                        <name>Производство прочих кранов и клапанов</name>
                                    </okved2>
                                    <okei>
                                        <code>796</code>
                                        <name>Штука</name>
                                    </okei>
                                    <qty>1</qty>
                                    <additionalInfo>Кран шаровой 11лс(6)768п4 Ду800 Ру8,0 МПа с пневмогидроприводом, с ЭПУУ 15-1, с концами под приварку с переходными кольцами, подземной установки, в заводской изоляции. Климатическое исполнение У1</additionalInfo>
                                </lotItem>
                            </lotItems>
                            <forSmallOrMiddle>true</forSmallOrMiddle>
                            <excludePurchaseFromPlan>false</excludePurchaseFromPlan>
                            <subcontractorsRequirement>false</subcontractorsRequirement>
                            <ignoredPurchase>false</ignoredPurchase>
                            <centralized>false</centralized>
                        </lotData>
                        <deliveryPlaceIndication>GL</deliveryPlaceIndication>
                        <jointLotData>
                            <jointLot>false</jointLot>
                        </jointLotData>
                        <lotPlanInfo>
                            <planRegistrationNumber>2160195932</planRegistrationNumber>
                            <planGuid>65f8f22d-8916-44d2-86c6-876ac125ccf2</planGuid>
                            <positionNumber>43</positionNumber>
                            <lotPlanPosition>COMMODITY</lotPlanPosition>
                            <positionGuid>587f90fa-584d-7c67-e100-00000a388ca6</positionGuid>
                        </lotPlanInfo>
                        <cancelled>false</cancelled>
                    </lot>
                </ns2:lots>
            </ns2:purchaseNoticeData>
        </ns2:item>
    </ns2:body>
</ns2:purchaseNotice>
