<?xml version="1.0" encoding="UTF-8" standalone="yes"?>
<ns2:purchaseNotice xsi:schemaLocation="http://zakupki.gov.ru/223/integration/schema/TFF-5.2 http://zakupki.gov.ru/223/integration/schema/TFF-5.2/purchase.xsd" xmlns="http://zakupki.gov.ru/223fz/types/1" xmlns:ns10="http://zakupki.gov.ru/223fz/purchasePlan/1" xmlns:ns11="http://zakupki.gov.ru/223fz/purchasePlanProject/1" xmlns:ns12="http://zakupki.gov.ru/223fz/purchasePlanProjectAdditionalPosition/1" xmlns:ns13="http://zakupki.gov.ru/223fz/contract/1" xmlns:ns14="http://zakupki.gov.ru/223fz/missedNotice/1" xmlns:ns15="http://zakupki.gov.ru/223fz/reference/1" xmlns:ns16="http://zakupki.gov.ru/223fz/stopCommodity/1" xmlns:ns17="http://zakupki.gov.ru/223fz/decisionSuspension/1" xmlns:ns18="http://zakupki.gov.ru/223fz/purchasePlanAdditionalPosition/1" xmlns:ns19="http://zakupki.gov.ru/223fz/webRequest/1" xmlns:ns2="http://zakupki.gov.ru/223fz/purchase/1" xmlns:xsi="http://www.w3.org/2001/XMLSchema-instance" xmlns:ns3="http://zakupki.gov.ru/223fz/dishonestSupplier/1" xmlns:ns4="http://zakupki.gov.ru/223fz/machineryListInfo/1" xmlns:ns5="http://zakupki.gov.ru/223fz/revenue/1" xmlns:ns6="http://zakupki.gov.ru/223fz/orderClauseList/1" xmlns:ns7="http://zakupki.gov.ru/223fz/disagreementProtocol/1" xmlns:ns8="http://zakupki.gov.ru/223fz/complaint/1" xmlns:ns9="http://zakupki.gov.ru/223fz/notificationIssue/1">
    <header>
        <guid>84c57189-c771-4606-ac42-779f5d602087</guid>
        <createDateTime>2017-03-16T16:32:09</createDateTime>
    </header>
    <ns2:body>
        <ns2:item>
            <guid>a9898519-2056-0051-0000-58bd56536519</guid>
            <ns2:purchaseNoticeData>
                <ns2:guid>a9898519-2056-0051-0000-58bd56536519</ns2:guid>
                <ns2:createDateTime>2017-03-16T16:30:21</ns2:createDateTime>
                <ns2:urlOOS>https://zakupki.gov.ru/223/purchase/private/purchase/notice-info/details.html?noticeInfoId=5887531</ns2:urlOOS>
                <ns2:urlVSRZ>http://www.b2b-energo.ru/market/view_tender.html?id=52056</ns2:urlVSRZ>
                <ns2:registrationNumber>31704899228</ns2:registrationNumber>
                <ns2:name>Поставка высоковольтных вводов для трансформаторов и масляных выключателей напряжением 20 - 220 кВ с внешней полимерной и фарфоровой изоляциями, линейных вводов 110-220кВ с внешней полимерной изоляцией, трансформаторов тока 35-220кВ, конденсаторов связи, трансформаторов тока и напряжения 6-220кВ, дугогасящих реакторов, высокочастотных заградителей (с целью заключения рамочного договора). (52056)</ns2:name>
                <ns2:customer>
                    <mainInfo>
                        <fullName>ОТКРЫТОЕ АКЦИОНЕРНОЕ ОБЩЕСТВО "ЗАВОД ПО РЕМОНТУ ЭЛЕКТРОТЕХНИЧЕСКОГО ОБОРУДОВАНИЯ"</fullName>
                        <shortName>ОАО "ЗАВОД РЭТО"</shortName>
                        <iko>57724646338772401001</iko>
                        <inn>7724646338</inn>
                        <kpp>772401001</kpp>
                        <ogrn>1077764814324</ogrn>
                        <legalAddress>115201, Г МОСКВА, Ш СТАРОКАШИРСКОЕ, дом 4А</legalAddress>
                        <postalAddress>115201, г. Москва, Старокаширское шоссе, д. 4а</postalAddress>
                        <phone>7-499-3461236</phone>
                        <fax>7-495-7108107</fax>
                        <email>Kolesnikov@moesk.ru</email>
                        <okato>45296571000</okato>
                        <okpo>84197232</okpo>
                    </mainInfo>
                </ns2:customer>
                <ns2:purchaseMethodCode>28243</ns2:purchaseMethodCode>
                <ns2:purchaseCodeName>Конкурс</ns2:purchaseCodeName>
                <ns2:placer>
                    <mainInfo>
                        <fullName>ОТКРЫТОЕ АКЦИОНЕРНОЕ ОБЩЕСТВО "ЗАВОД ПО РЕМОНТУ ЭЛЕКТРОТЕХНИЧЕСКОГО ОБОРУДОВАНИЯ"</fullName>
                        <shortName>ОАО "ЗАВОД РЭТО"</shortName>
                        <iko>57724646338772401001</iko>
                        <inn>7724646338</inn>
                        <kpp>772401001</kpp>
                        <ogrn>1077764814324</ogrn>
                        <legalAddress>115201, Г МОСКВА, Ш СТАРОКАШИРСКОЕ, дом 4А</legalAddress>
                        <postalAddress>115201, г. Москва, Старокаширское шоссе, д. 4а</postalAddress>
                        <phone>7-499-3461236</phone>
                        <fax>7-495-7108107</fax>
                        <email>Kolesnikov@moesk.ru</email>
                        <okato>45296571000</okato>
                        <okpo>84197232</okpo>
                    </mainInfo>
                </ns2:placer>
                <ns2:contact>
                    <firstName>Юлия</firstName>
                    <middleName>Владимировна</middleName>
                    <lastName>Новокшанова</lastName>
                    <phone>+7 (499) 3461183</phone>
                    <email>NovokshanovaYV@MOESK.RU</email>
                    <organization>
                        <mainInfo>
                            <fullName>ОТКРЫТОЕ АКЦИОНЕРНОЕ ОБЩЕСТВО "ЗАВОД ПО РЕМОНТУ ЭЛЕКТРОТЕХНИЧЕСКОГО ОБОРУДОВАНИЯ"</fullName>
                            <shortName>ОАО "ЗАВОД РЭТО"</shortName>
                            <iko>57724646338772401001</iko>
                            <inn>7724646338</inn>
                            <kpp>772401001</kpp>
                            <ogrn>1077764814324</ogrn>
                            <legalAddress>115201, Г МОСКВА, Ш СТАРОКАШИРСКОЕ, дом 4А</legalAddress>
                            <postalAddress>115201, г. Москва, Старокаширское шоссе, д. 4а</postalAddress>
                            <phone>7-499-3461236</phone>
                            <fax>7-495-7108107</fax>
                            <email>Kolesnikov@moesk.ru</email>
                            <okato>45296571000</okato>
                            <okpo>84197232</okpo>
                        </mainInfo>
                    </organization>
                </ns2:contact>
                <ns2:publicationDateTime>2017-03-16T16:32:09</ns2:publicationDateTime>
                <ns2:documentationDelivery>
                    <deliveryStartDateTime>2017-03-06</deliveryStartDateTime>
                    <deliveryEndDateTime>2017-03-27</deliveryEndDateTime>
                    <place>ЭТП группы B2B-Center</place>
                    <procedure>Документация по закупке предоставляется без взимания платы в форме электронного документа на сайте ЭТП группы B2B-Center</procedure>
                </ns2:documentationDelivery>
                <ns2:status>P</ns2:status>
                <ns2:version>1</ns2:version>
                <ns2:notDishonest>false</ns2:notDishonest>
                <ns2:attachments>
                    <totalDocumentsCount>6</totalDocumentsCount>
                    <document>
                        <guid>a9898519-2056-0051-0000-58bd56536519</guid>
                        <createDateTime>2017-03-06T14:57:54</createDateTime>
                        <fileName>Извещение.docx</fileName>
                        <description>Извещение.docx</description>
                        <url>http://zakupki.gov.ru/223/purchase/public/download/download.html?id=30116840</url>
                    </document>
                    <document>
                        <guid>a9898519-2056-0051-0001-58bd56536519</guid>
                        <createDateTime>2017-03-06T14:57:54</createDateTime>
                        <fileName>Конкурсная документация.doc</fileName>
                        <description>Конкурсная документация.doc</description>
                        <url>http://zakupki.gov.ru/223/purchase/public/download/download.html?id=30116841</url>
                    </document>
                    <document>
                        <guid>a9898519-2056-0051-0002-58bd56536519</guid>
                        <createDateTime>2017-03-06T14:57:55</createDateTime>
                        <fileName>Приложение № 1. Техническое задание..pdf</fileName>
                        <description>Приложение № 1. Техническое задание..pdf</description>
                        <url>http://zakupki.gov.ru/223/purchase/public/download/download.html?id=30116842</url>
                    </document>
                    <document>
                        <guid>a9898519-2056-0051-0003-58bd56536519</guid>
                        <createDateTime>2017-03-06T14:57:55</createDateTime>
                        <fileName>Приложение № 2. Проект договора.rar</fileName>
                        <description>Приложение № 2. Проект договора.rar</description>
                        <url>http://zakupki.gov.ru/223/purchase/public/download/download.html?id=30116843</url>
                    </document>
                    <document>
                        <guid>a9898519-2056-0051-0004-58bd56536519</guid>
                        <createDateTime>2017-03-06T14:58:03</createDateTime>
                        <fileName>Приложение № 3. Методика проведения аттестации оборудования.pdf</fileName>
                        <description>Приложение № 3. Методика проведения аттестации оборудования.pdf</description>
                        <url>http://zakupki.gov.ru/223/purchase/public/download/download.html?id=30116844</url>
                    </document>
                    <document>
                        <guid>a9898519-2056-0051-0005-58bd56536519</guid>
                        <createDateTime>2017-03-06T14:58:15</createDateTime>
                        <fileName>Приложение № 4. Регламент допуска подрядных организаций.pdf</fileName>
                        <description>Приложение № 4. Регламент допуска подрядных организаций.pdf</description>
                        <url>http://zakupki.gov.ru/223/purchase/public/download/download.html?id=30116845</url>
                    </document>
                </ns2:attachments>
                <ns2:modificationDate>2017-03-16T16:32:09</ns2:modificationDate>
                <ns2:saveUserId>137013</ns2:saveUserId>
                <ns2:deliveryPlaceIndication>DIFFERENT_PLACE</ns2:deliveryPlaceIndication>
                <ns2:emergency>false</ns2:emergency>
                <ns2:jointPurchase>false</ns2:jointPurchase>
                <ns2:electronicPlaceInfo>
                    <name>Система электронных торгов B2B-Center</name>
                    <url>http://b2b-center.ru</url>
                    <electronicPlaceId>107</electronicPlaceId>
                </ns2:electronicPlaceInfo>
                <ns2:placingProcedure>
                    <ns2:examinationPlace>115201, г. Москва, Старокаширское шоссе, д. 4а</ns2:examinationPlace>
                    <ns2:examinationDateTime>2017-03-31T16:00:00</ns2:examinationDateTime>
                    <ns2:summingupDateTime>2017-04-07T16:00:00</ns2:summingupDateTime>
                </ns2:placingProcedure>
                <ns2:submissionCloseDateTime>2017-03-27T11:00:00</ns2:submissionCloseDateTime>
                <ns2:publicationPlannedDate>2017-03-06</ns2:publicationPlannedDate>
                <ns2:lots>
                    <lot>
                        <guid>a9898519-2056-0051-0001-58bd5653ad49</guid>
                        <ordinalNumber>1</ordinalNumber>
                        <lotEditEnabled>true</lotEditEnabled>
                        <lotData>
                            <subject>Поставка высоковольтных вводов для трансформаторов и масляных выключателей напряжением 20 - 220 кВ с внешней полимерной и фарфоровой изоляциями, линейных вводов 110-220кВ с внешней полимерной изоляцией, трансформаторов тока 35-220кВ, конденсаторов связи, трансформаторов тока и напряжения 6-220кВ, дугогасящих реакторов, высокочастотных заградителей (с целью заключения рамочного договора).</subject>
                            <currency>
                                <code>RUB</code>
                                <digitalCode>643</digitalCode>
                                <name>Российский рубль</name>
                            </currency>
                            <initialSum>29972000.00</initialSum>
                            <deliveryPlace>
                                <address>115201, г Москва, Старокаширское шоссе,д.4а</address>
                            </deliveryPlace>
                            <lotItems>
                                <newCodes>true</newCodes>
                                <lotItem>
                                    <guid>a9898519-0000-0051-0100-000000052056</guid>
                                    <ordinalNumber>1</ordinalNumber>
                                    <okpd2>
                                        <code>27.90.1</code>
                                        <name>Оборудование электрическое прочее и его части</name>
                                    </okpd2>
                                    <okved2>
                                        <code>27.90</code>
                                        <name>Производство прочего электрического оборудования</name>
                                    </okved2>
                                </lotItem>
                            </lotItems>
                            <forSmallOrMiddle>false</forSmallOrMiddle>
                            <excludePurchaseFromPlan>false</excludePurchaseFromPlan>
                            <subcontractorsRequirement>false</subcontractorsRequirement>
                            <ignoredPurchase>false</ignoredPurchase>
                            <centralized>false</centralized>
                        </lotData>
                        <deliveryPlaceIndication>GL</deliveryPlaceIndication>
                        <jointLotData>
                            <jointLot>false</jointLot>
                        </jointLotData>
                        <lotPlanInfo>
                            <planRegistrationNumber>2160189785</planRegistrationNumber>
                            <planGuid>a9898519-2049-0251-0000-58be5ba04bb9</planGuid>
                            <positionNumber>31</positionNumber>
                            <lotPlanPosition>COMMODITY</lotPlanPosition>
                            <positionGuid>a9898519-2049-0250-0031-000005523692</positionGuid>
                        </lotPlanInfo>
                        <cancelled>false</cancelled>
                    </lot>
                </ns2:lots>
            </ns2:purchaseNoticeData>
        </ns2:item>
    </ns2:body>
</ns2:purchaseNotice>
