<?xml version="1.0" encoding="UTF-8" standalone="yes"?>
<ns2:purchaseNotice xsi:schemaLocation="http://zakupki.gov.ru/223/integration/schema/TFF-5.2 http://zakupki.gov.ru/223/integration/schema/TFF-5.2/purchase.xsd" xmlns="http://zakupki.gov.ru/223fz/types/1" xmlns:ns10="http://zakupki.gov.ru/223fz/purchasePlan/1" xmlns:ns11="http://zakupki.gov.ru/223fz/purchasePlanProject/1" xmlns:ns12="http://zakupki.gov.ru/223fz/purchasePlanProjectAdditionalPosition/1" xmlns:ns13="http://zakupki.gov.ru/223fz/contract/1" xmlns:ns14="http://zakupki.gov.ru/223fz/missedNotice/1" xmlns:ns15="http://zakupki.gov.ru/223fz/reference/1" xmlns:ns16="http://zakupki.gov.ru/223fz/stopCommodity/1" xmlns:ns17="http://zakupki.gov.ru/223fz/decisionSuspension/1" xmlns:ns18="http://zakupki.gov.ru/223fz/purchasePlanAdditionalPosition/1" xmlns:ns19="http://zakupki.gov.ru/223fz/webRequest/1" xmlns:ns2="http://zakupki.gov.ru/223fz/purchase/1" xmlns:xsi="http://www.w3.org/2001/XMLSchema-instance" xmlns:ns3="http://zakupki.gov.ru/223fz/dishonestSupplier/1" xmlns:ns4="http://zakupki.gov.ru/223fz/machineryListInfo/1" xmlns:ns5="http://zakupki.gov.ru/223fz/revenue/1" xmlns:ns6="http://zakupki.gov.ru/223fz/orderClauseList/1" xmlns:ns7="http://zakupki.gov.ru/223fz/disagreementProtocol/1" xmlns:ns8="http://zakupki.gov.ru/223fz/complaint/1" xmlns:ns9="http://zakupki.gov.ru/223fz/notificationIssue/1">
    <header>
        <guid>3553e6cd-59c9-47b8-8768-84b5b4940fbc</guid>
        <createDateTime>2017-03-16T16:09:53</createDateTime>
    </header>
    <ns2:body>
        <ns2:item>
            <guid>0addd403-d90a-1ed7-82c9-08eaf4c7ca19</guid>
            <ns2:purchaseNoticeData>
                <ns2:guid>0addd403-d90a-1ed7-82c9-08eaf4c7ca19</ns2:guid>
                <ns2:createDateTime>2017-03-16T16:06:54</ns2:createDateTime>
                <ns2:urlOOS>https://zakupki.gov.ru/223/purchase/private/purchase/notice-info/details.html?noticeInfoId=5887284</ns2:urlOOS>
                <ns2:urlVSRZ>ЕОС-Закупки</ns2:urlVSRZ>
                <ns2:registrationNumber>31704878921</ns2:registrationNumber>
                <ns2:name>Право заключения договора на Ремонт средств контроля и управления</ns2:name>
                <ns2:customer>
                    <mainInfo>
                        <fullName>АКЦИОНЕРНОЕ ОБЩЕСТВО "РОССИЙСКИЙ КОНЦЕРН ПО ПРОИЗВОДСТВУ ЭЛЕКТРИЧЕСКОЙ И ТЕПЛОВОЙ ЭНЕРГИИ НА АТОМНЫХ СТАНЦИЯХ"</fullName>
                        <shortName>АО "КОНЦЕРН РОСЭНЕРГОАТОМ"</shortName>
                        <iko>57721632827772101001</iko>
                        <inn>7721632827</inn>
                        <kpp>772101001</kpp>
                        <ogrn>5087746119951</ogrn>
                        <legalAddress>109507, Г МОСКВА, УЛ ФЕРГАНСКАЯ, дом 25</legalAddress>
                        <postalAddress>109507, г. Москва, ул. Ферганская, д.25
</postalAddress>
                        <phone>7-495-6474189</phone>
                        <fax>7-495-6474603</fax>
                        <email>petrov-au@rosenergoatom.ru</email>
                        <okato>45290554000</okato>
                        <okpo>08844275</okpo>
                    </mainInfo>
                </ns2:customer>
                <ns2:purchaseMethodCode>5905</ns2:purchaseMethodCode>
                <ns2:purchaseCodeName>Открытый запрос предложений в электронной форме</ns2:purchaseCodeName>
                <ns2:placer>
                    <mainInfo>
                        <fullName>Филиал ОАО «Концерн Росэнергоатом» «Нововоронежская атомная станция»</fullName>
                        <shortName>Нововоронежская АЭС</shortName>
                        <iko>57721632827365143001</iko>
                        <inn>7721632827</inn>
                        <kpp>365143001</kpp>
                        <ogrn>5087746119951</ogrn>
                        <legalAddress>396072, Воронежская область, г.Нововоронеж, промышленная зона Южная, 1</legalAddress>
                        <postalAddress>396072, Воронежская область, г.Нововоронеж, промышленная зона Южная, 1</postalAddress>
                        <phone>7-495-6474189</phone>
                        <fax>7-495-6474603</fax>
                        <email>petrov-au@rosenergoatom.ru</email>
                        <okato>20427000000</okato>
                        <okpo>01673497</okpo>
                    </mainInfo>
                </ns2:placer>
                <ns2:contact>
                    <firstName>Жанна</firstName>
                    <middleName>Михайловна</middleName>
                    <lastName>Саввина</lastName>
                    <phone>+8 (47364) 73108</phone>
                    <fax>+8 (47364) 73302</fax>
                    <email>SavvinaZM@nvnpp1.rosenergoatom.ru</email>
                    <organization>
                        <mainInfo>
                            <fullName>Филиал ОАО «Концерн Росэнергоатом» «Нововоронежская атомная станция»</fullName>
                            <shortName>Нововоронежская АЭС</shortName>
                            <iko>57721632827365143001</iko>
                            <inn>7721632827</inn>
                            <kpp>365143001</kpp>
                            <ogrn>5087746119951</ogrn>
                            <legalAddress>396072, Воронежская область, г.Нововоронеж, промышленная зона Южная, 1</legalAddress>
                            <postalAddress>396072, Воронежская область, г.Нововоронеж, промышленная зона Южная, 1</postalAddress>
                            <phone>7-495-6474189</phone>
                            <fax>7-495-6474603</fax>
                            <email>petrov-au@rosenergoatom.ru</email>
                            <okato>20427000000</okato>
                            <okpo>01673497</okpo>
                        </mainInfo>
                    </organization>
                </ns2:contact>
                <ns2:publicationDateTime>2017-03-16T16:09:53</ns2:publicationDateTime>
                <ns2:documentationDelivery>
                    <deliveryStartDateTime>2017-03-13</deliveryStartDateTime>
                    <deliveryEndDateTime>2017-03-24</deliveryEndDateTime>
                    <place>B2B-Center http://www.b2b-center.ru/</place>
                    <procedure>в порядке, установленном регламентом данной ЭТП в соответствии с условиями и требованиями закупочной документации.</procedure>
                </ns2:documentationDelivery>
                <ns2:status>P</ns2:status>
                <ns2:version>2</ns2:version>
                <ns2:modificationDescription>На основании статьи 6.2.2  Единого отраслевого стандарта закупок Госкорпорации «Росатом» с изменениями, утвержденными решением наблюдательного совета Госкорпорации «Росатом» (протокол от 30.12.2016 № 89) , а так же пункта 3  части 2 тома 1 Закупочной документации</ns2:modificationDescription>
                <ns2:notDishonest>true</ns2:notDishonest>
                <ns2:attachments>
                    <totalDocumentsCount>1</totalDocumentsCount>
                    <document>
                        <guid>f2f32b7a-a50b-1ed7-82c9-21bce4725f47</guid>
                        <createDateTime>2017-03-16T13:04:14</createDateTime>
                        <fileName>ИЗВЕЩЕНИЕ о  внесении изменений.docx</fileName>
                        <description>ИЗВЕЩЕНИЕ о  внесении изменений</description>
                        <url>http://zakupki.gov.ru/223/purchase/public/download/download.html?id=30115656</url>
                    </document>
                </ns2:attachments>
                <ns2:modificationDate>2017-03-16T16:09:53</ns2:modificationDate>
                <ns2:saveUserId>90356</ns2:saveUserId>
                <ns2:deliveryPlaceIndication>DIFFERENT_PLACE</ns2:deliveryPlaceIndication>
                <ns2:emergency>false</ns2:emergency>
                <ns2:jointPurchase>false</ns2:jointPurchase>
                <ns2:electronicPlaceInfo>
                    <name>B2B-Center</name>
                    <url>http://b2b-center.ru/</url>
                    <electronicPlaceId>107</electronicPlaceId>
                </ns2:electronicPlaceInfo>
                <ns2:placingProcedure>
                    <ns2:examinationPlace>г.Нововоронеж, промышленная зона Южная, 1, здание АК 3-4 бл., кабинет ЗДОВ</ns2:examinationPlace>
                    <ns2:examinationDateTime>2017-04-03T23:59:59</ns2:examinationDateTime>
                    <ns2:summingupDateTime>2017-04-10T23:59:59</ns2:summingupDateTime>
                </ns2:placingProcedure>
                <ns2:submissionCloseDateTime>2017-03-24T09:00:00</ns2:submissionCloseDateTime>
                <ns2:publicationPlannedDate>2017-03-13</ns2:publicationPlannedDate>
                <ns2:lots>
                    <lot>
                        <guid>2220fc00-0d0a-1ed7-8195-e7cdead046db</guid>
                        <ordinalNumber>1</ordinalNumber>
                        <lotEditEnabled>true</lotEditEnabled>
                        <lotData>
                            <subject>Право заключения договора на Ремонт средств контроля и управления</subject>
                            <currency>
                                <code>RUB</code>
                                <digitalCode>643</digitalCode>
                                <name>Российский рубль</name>
                            </currency>
                            <initialSum>13571245.84</initialSum>
                            <deliveryPlace>
                                <state>Центральный федеральный округ</state>
                                <region>Москва</region>
                                <regionOkato>45000000000</regionOkato>
                                <address>Ремонт осуществляется на территории Заказчика. Ремонт оборудования, требующего специальной оснастки, может осуществляться на территории Подрядчика. Доставка до места ремонта и возврат отремонтированного оборудования производится Подрядчиком.</address>
                            </deliveryPlace>
                            <lotItems>
                                <newCodes>true</newCodes>
                                <lotItem>
                                    <guid>f2f32b7a-a50a-1ed6-bf9c-221ba4601265</guid>
                                    <ordinalNumber>1</ordinalNumber>
                                    <okpd2>
                                        <code>33.12.19.000</code>
                                        <name>Услуги по ремонту и техническому обслуживанию прочего оборудования общего назначения, не включенного в другие группировки</name>
                                    </okpd2>
                                    <okved2>
                                        <code>35.11.3</code>
                                        <name>Производство электроэнергии атомными электростанциями, в том числе деятельность по обеспечению работоспособности электростанций</name>
                                    </okved2>
                                </lotItem>
                            </lotItems>
                            <forSmallOrMiddle>false</forSmallOrMiddle>
                            <excludePurchaseFromPlan>false</excludePurchaseFromPlan>
                            <subcontractorsRequirement>false</subcontractorsRequirement>
                            <ignoredPurchase>false</ignoredPurchase>
                            <centralized>false</centralized>
                        </lotData>
                        <deliveryPlaceIndication>GL</deliveryPlaceIndication>
                        <jointLotData>
                            <jointLot>false</jointLot>
                        </jointLotData>
                        <lotPlanInfo>
                            <planRegistrationNumber>2160184588</planRegistrationNumber>
                            <planGuid>400f977e-055d-496b-9b06-1fe1de4b483f</planGuid>
                            <positionNumber>1035300309</positionNumber>
                            <lotPlanPosition>COMMODITY</lotPlanPosition>
                            <positionGuid>589ceaa7-78cb-4870-e100-80000a7c106e</positionGuid>
                        </lotPlanInfo>
                        <cancelled>false</cancelled>
                    </lot>
                </ns2:lots>
            </ns2:purchaseNoticeData>
        </ns2:item>
    </ns2:body>
</ns2:purchaseNotice>
