<?xml version="1.0" encoding="UTF-8" standalone="yes"?>
<ns2:purchaseNotice xsi:schemaLocation="http://zakupki.gov.ru/223/integration/schema/TFF-5.2 http://zakupki.gov.ru/223/integration/schema/TFF-5.2/purchase.xsd" xmlns="http://zakupki.gov.ru/223fz/types/1" xmlns:ns10="http://zakupki.gov.ru/223fz/purchasePlan/1" xmlns:ns11="http://zakupki.gov.ru/223fz/purchasePlanProject/1" xmlns:ns12="http://zakupki.gov.ru/223fz/purchasePlanProjectAdditionalPosition/1" xmlns:ns13="http://zakupki.gov.ru/223fz/contract/1" xmlns:ns14="http://zakupki.gov.ru/223fz/missedNotice/1" xmlns:ns15="http://zakupki.gov.ru/223fz/reference/1" xmlns:ns16="http://zakupki.gov.ru/223fz/stopCommodity/1" xmlns:ns17="http://zakupki.gov.ru/223fz/decisionSuspension/1" xmlns:ns18="http://zakupki.gov.ru/223fz/purchasePlanAdditionalPosition/1" xmlns:ns19="http://zakupki.gov.ru/223fz/webRequest/1" xmlns:ns2="http://zakupki.gov.ru/223fz/purchase/1" xmlns:xsi="http://www.w3.org/2001/XMLSchema-instance" xmlns:ns3="http://zakupki.gov.ru/223fz/dishonestSupplier/1" xmlns:ns4="http://zakupki.gov.ru/223fz/machineryListInfo/1" xmlns:ns5="http://zakupki.gov.ru/223fz/revenue/1" xmlns:ns6="http://zakupki.gov.ru/223fz/orderClauseList/1" xmlns:ns7="http://zakupki.gov.ru/223fz/disagreementProtocol/1" xmlns:ns8="http://zakupki.gov.ru/223fz/complaint/1" xmlns:ns9="http://zakupki.gov.ru/223fz/notificationIssue/1">
    <header>
        <guid>a8582a95-07f1-41da-9c1d-7d6480b4122f</guid>
        <createDateTime>2017-03-16T17:44:39</createDateTime>
    </header>
    <ns2:body>
        <ns2:item>
            <guid>204615f1-7cc1-7414-6165-cc512cf0bbd9</guid>
            <ns2:purchaseNoticeData>
                <ns2:guid>204615f1-7cc1-7414-6165-cc512cf0bbd9</ns2:guid>
                <ns2:createDateTime>2017-03-16T17:40:16</ns2:createDateTime>
                <ns2:urlOOS>https://zakupki.gov.ru/223/purchase/private/purchase/notice-info/details.html?noticeInfoId=5888130</ns2:urlOOS>
                <ns2:urlVSRZ>https://com.roseltorg.ru/#com/procedure/view/id/286304</ns2:urlVSRZ>
                <ns2:registrationNumber>31704899778</ns2:registrationNumber>
                <ns2:name>Запрос предложений в электронной форме на  оказание услуг по организации и проведению культурно-массового мероприятия «День Победы»</ns2:name>
                <ns2:customer>
                    <mainInfo>
                        <fullName>ГОСУДАРСТВЕННОЕ АВТОНОМНОЕ УЧРЕЖДЕНИЕ КУЛЬТУРЫ ГОРОДА МОСКВЫ "ПАРК КУЛЬТУРЫ И ОТДЫХА 850-ЛЕТИЯ МОСКВЫ"</fullName>
                        <shortName>ГАУК Г. МОСКВЫ "ПКИО 850-ЛЕТИЯ МОСКВЫ"</shortName>
                        <iko>57723788918772301001</iko>
                        <inn>7723788918</inn>
                        <kpp>772301001</kpp>
                        <ogrn>1117746124320</ogrn>
                        <legalAddress>109559, МОСКВА, МАРЬИНСКИЙ ПАРК, дом 10, корпус 4</legalAddress>
                        <postalAddress>109559, г. Москва, ул. Марьинский парк, владение 10, стр. 4</postalAddress>
                        <phone>(495) 657-45-12</phone>
                        <fax>(495) 657-45-12</fax>
                        <email>park850@mail.ru</email>
                        <okato>45290572000</okato>
                        <okpo>18702984</okpo>
                    </mainInfo>
                </ns2:customer>
                <ns2:purchaseMethodCode>90015</ns2:purchaseMethodCode>
                <ns2:purchaseCodeName>Запрос предложений</ns2:purchaseCodeName>
                <ns2:placer>
                    <mainInfo>
                        <fullName>ГОСУДАРСТВЕННОЕ АВТОНОМНОЕ УЧРЕЖДЕНИЕ КУЛЬТУРЫ ГОРОДА МОСКВЫ "ПАРК КУЛЬТУРЫ И ОТДЫХА 850-ЛЕТИЯ МОСКВЫ"</fullName>
                        <shortName>ГАУК Г. МОСКВЫ "ПКИО 850-ЛЕТИЯ МОСКВЫ"</shortName>
                        <iko>57723788918772301001</iko>
                        <inn>7723788918</inn>
                        <kpp>772301001</kpp>
                        <ogrn>1117746124320</ogrn>
                        <legalAddress>109559, МОСКВА, МАРЬИНСКИЙ ПАРК, дом 10, корпус 4</legalAddress>
                        <postalAddress>109559, г. Москва, ул. Марьинский парк, владение 10, стр. 4</postalAddress>
                        <phone>(495) 657-45-12</phone>
                        <fax>(495) 657-45-12</fax>
                        <email>park850@mail.ru</email>
                        <okato>45290572000</okato>
                        <okpo>18702984</okpo>
                    </mainInfo>
                </ns2:placer>
                <ns2:contact>
                    <firstName>Сергей</firstName>
                    <middleName>Сергеевич</middleName>
                    <lastName>Метёлкин</lastName>
                    <phone>+7 (495) 6574512</phone>
                    <email>zakupki@parkvmaryino.ru</email>
                    <organization>
                        <mainInfo>
                            <fullName>ГОСУДАРСТВЕННОЕ АВТОНОМНОЕ УЧРЕЖДЕНИЕ КУЛЬТУРЫ ГОРОДА МОСКВЫ "ПАРК КУЛЬТУРЫ И ОТДЫХА 850-ЛЕТИЯ МОСКВЫ"</fullName>
                            <shortName>ГАУК Г. МОСКВЫ "ПКИО 850-ЛЕТИЯ МОСКВЫ"</shortName>
                            <iko>57723788918772301001</iko>
                            <inn>7723788918</inn>
                            <kpp>772301001</kpp>
                            <ogrn>1117746124320</ogrn>
                            <legalAddress>109559, МОСКВА, МАРЬИНСКИЙ ПАРК, дом 10, корпус 4</legalAddress>
                            <postalAddress>109559, г. Москва, ул. Марьинский парк, владение 10, стр. 4</postalAddress>
                            <phone>(495) 657-45-12</phone>
                            <fax>(495) 657-45-12</fax>
                            <email>park850@mail.ru</email>
                            <okato>45290572000</okato>
                            <okpo>18702984</okpo>
                        </mainInfo>
                    </organization>
                </ns2:contact>
                <ns2:publicationDateTime>2017-03-16T17:44:39</ns2:publicationDateTime>
                <ns2:documentationDelivery>
                    <deliveryStartDateTime>2017-03-16</deliveryStartDateTime>
                    <deliveryEndDateTime>2017-03-29</deliveryEndDateTime>
                    <place>https://com.roseltorg.ru/</place>
                    <procedure>посредством размещения для скачивания и ознакомления</procedure>
                </ns2:documentationDelivery>
                <ns2:status>P</ns2:status>
                <ns2:version>1</ns2:version>
                <ns2:notDishonest>true</ns2:notDishonest>
                <ns2:attachments>
                    <totalDocumentsCount>2</totalDocumentsCount>
                    <document>
                        <guid>f22c6e3e-d725-b191-d8bd-4c1b9bb527ad</guid>
                        <createDateTime>2017-03-16T16:48:15</createDateTime>
                        <fileName>КП[1].zip</fileName>
                        <description>Обоснование НМЦД</description>
                        <url>http://zakupki.gov.ru/223/purchase/public/download/download.html?id=30119792</url>
                    </document>
                    <document>
                        <guid>14ae65af-fad4-41b6-b6fd-47aa0b210db4</guid>
                        <createDateTime>2017-03-16T17:34:06</createDateTime>
                        <fileName>Документация__запрос_предложений__16.07.03[1].doc</fileName>
                        <description>Документация</description>
                        <url>http://zakupki.gov.ru/223/purchase/public/download/download.html?id=30119791</url>
                    </document>
                </ns2:attachments>
                <ns2:modificationDate>2017-03-16T17:44:39</ns2:modificationDate>
                <ns2:saveUserId>201687</ns2:saveUserId>
                <ns2:deliveryPlaceIndication>DIFFERENT_PLACE</ns2:deliveryPlaceIndication>
                <ns2:emergency>false</ns2:emergency>
                <ns2:jointPurchase>false</ns2:jointPurchase>
                <ns2:electronicPlaceInfo>
                    <name>АО "ЕЭТП"</name>
                    <url>http://www.roseltorg.ru/</url>
                    <electronicPlaceId>113</electronicPlaceId>
                </ns2:electronicPlaceInfo>
                <ns2:placingProcedure>
                    <ns2:examinationPlace>г. Москва, ул. Неглинная, д.8/10, 3 эт.</ns2:examinationPlace>
                    <ns2:examinationDateTime>2017-03-29T10:10:00</ns2:examinationDateTime>
                    <ns2:summingupDateTime>2017-04-05T11:40:00</ns2:summingupDateTime>
                </ns2:placingProcedure>
                <ns2:submissionCloseDateTime>2017-03-29T10:10:00</ns2:submissionCloseDateTime>
                <ns2:publicationPlannedDate>2017-03-16</ns2:publicationPlannedDate>
                <ns2:lots>
                    <lot>
                        <guid>e1b04cbf-7084-b67a-43a0-1cfc44099c69</guid>
                        <ordinalNumber>1</ordinalNumber>
                        <lotEditEnabled>true</lotEditEnabled>
                        <lotData>
                            <subject>Оказание услуг по организации и проведению культурно-массового мероприятия «День Победы»</subject>
                            <currency>
                                <code>RUB</code>
                                <digitalCode>643</digitalCode>
                                <name>Российский рубль</name>
                            </currency>
                            <initialSum>447000.00</initialSum>
                            <deliveryPlace>
                                <address>г. Москва, парк имени Артема Боровика, пересечение улиц Братиславская и Перерва</address>
                            </deliveryPlace>
                            <lotItems>
                                <newCodes>true</newCodes>
                                <lotItem>
                                    <guid>c97d964e-e3bc-796d-4edc-1c024ab820ee</guid>
                                    <ordinalNumber>1</ordinalNumber>
                                    <okpd2>
                                        <code>94.99.19.150</code>
                                        <name>Услуги объединений, создаваемых с целью проведения культурных и развлекательных мероприятий и организации досуга, кроме спорта или игр</name>
                                    </okpd2>
                                    <okved2>
                                        <code>94.99</code>
                                        <name>Деятельность прочих общественных организаций, не включенных в другие группировки</name>
                                    </okved2>
                                    <okei>
                                        <code>876</code>
                                        <name>Условная единица</name>
                                    </okei>
                                    <qty>1</qty>
                                    <additionalInfo>Оказание услуг по организации и проведению культурно-массового мероприятия «День Победы»</additionalInfo>
                                </lotItem>
                            </lotItems>
                            <forSmallOrMiddle>true</forSmallOrMiddle>
                            <excludePurchaseFromPlan>false</excludePurchaseFromPlan>
                            <subcontractorsRequirement>false</subcontractorsRequirement>
                            <ignoredPurchase>false</ignoredPurchase>
                            <centralized>false</centralized>
                        </lotData>
                        <deliveryPlaceIndication>GL</deliveryPlaceIndication>
                        <jointLotData>
                            <jointLot>false</jointLot>
                        </jointLotData>
                        <lotPlanInfo>
                            <planRegistrationNumber>2160203207</planRegistrationNumber>
                            <planGuid>13fca29e-6956-4269-9821-b5c59162494a</planGuid>
                            <positionNumber>8</positionNumber>
                            <lotPlanPosition>COMMODITY</lotPlanPosition>
                            <positionGuid>0468948d-8ac5-4706-b4da-1dd401245399</positionGuid>
                        </lotPlanInfo>
                        <cancelled>false</cancelled>
                    </lot>
                </ns2:lots>
            </ns2:purchaseNoticeData>
        </ns2:item>
    </ns2:body>
</ns2:purchaseNotice>
