<?xml version="1.0" encoding="UTF-8" standalone="yes"?>
<ns2:purchaseNotice xsi:schemaLocation="http://zakupki.gov.ru/223/integration/schema/TFF-5.2 http://zakupki.gov.ru/223/integration/schema/TFF-5.2/purchase.xsd" xmlns="http://zakupki.gov.ru/223fz/types/1" xmlns:ns10="http://zakupki.gov.ru/223fz/purchasePlan/1" xmlns:ns11="http://zakupki.gov.ru/223fz/purchasePlanProject/1" xmlns:ns12="http://zakupki.gov.ru/223fz/purchasePlanProjectAdditionalPosition/1" xmlns:ns13="http://zakupki.gov.ru/223fz/contract/1" xmlns:ns14="http://zakupki.gov.ru/223fz/missedNotice/1" xmlns:ns15="http://zakupki.gov.ru/223fz/reference/1" xmlns:ns16="http://zakupki.gov.ru/223fz/stopCommodity/1" xmlns:ns17="http://zakupki.gov.ru/223fz/decisionSuspension/1" xmlns:ns18="http://zakupki.gov.ru/223fz/purchasePlanAdditionalPosition/1" xmlns:ns19="http://zakupki.gov.ru/223fz/webRequest/1" xmlns:ns2="http://zakupki.gov.ru/223fz/purchase/1" xmlns:xsi="http://www.w3.org/2001/XMLSchema-instance" xmlns:ns3="http://zakupki.gov.ru/223fz/dishonestSupplier/1" xmlns:ns4="http://zakupki.gov.ru/223fz/machineryListInfo/1" xmlns:ns5="http://zakupki.gov.ru/223fz/revenue/1" xmlns:ns6="http://zakupki.gov.ru/223fz/orderClauseList/1" xmlns:ns7="http://zakupki.gov.ru/223fz/disagreementProtocol/1" xmlns:ns8="http://zakupki.gov.ru/223fz/complaint/1" xmlns:ns9="http://zakupki.gov.ru/223fz/notificationIssue/1">
    <header>
        <guid>5a5b31f3-a1c0-4d03-be4d-eecae3fc9429</guid>
        <createDateTime>2017-03-16T22:08:20</createDateTime>
    </header>
    <ns2:body>
        <ns2:item>
            <guid>71b021c6-4ab1-494b-a04f-9a3af69a8939</guid>
            <ns2:purchaseNoticeData>
                <ns2:guid>71b021c6-4ab1-494b-a04f-9a3af69a8939</ns2:guid>
                <ns2:createDateTime>2017-03-16T21:51:09</ns2:createDateTime>
                <ns2:urlOOS>https://zakupki.gov.ru/223/purchase/private/purchase/notice-info/details.html?noticeInfoId=5888522</ns2:urlOOS>
                <ns2:registrationNumber>31704900144</ns2:registrationNumber>
                <ns2:name>На оказание услуг по выполнению функций генерального проектировщика по   актуализации объемно-планировочных решений проекта капитального ремонта зданий. Внутренней отделки и внутренних инженерных сетей (включая сводный сметный расчет, объектные и локальные сметы)  по адресам: г. Москва, ул. Покровка, д. 17, строение 5  г. Москва, ул. Садовая-Чернорязская, д. 3Б, строение 4  для нужд АО «Мосстройвозрождение»</ns2:name>
                <ns2:customer>
                    <mainInfo>
                        <fullName>АКЦИОНЕРНОЕ ОБЩЕСТВО "МОССТРОЙВОЗРОЖДЕНИЕ"</fullName>
                        <shortName>АО "МОССТРОЙВОЗРОЖДЕНИЕ"</shortName>
                        <iko>57719593458771001001</iko>
                        <inn>7719593458</inn>
                        <kpp>771001001</kpp>
                        <ogrn>1067746687580</ogrn>
                        <legalAddress>109012, Г МОСКВА, УЛ ИЛЬИНКА, дом 4</legalAddress>
                        <postalAddress>109012, г. Москва, ул. Ильинка, д. 4. </postalAddress>
                        <phone>7-495-9595442</phone>
                        <fax>7-495-9599381</fax>
                        <email>regden77@mail.ru</email>
                        <okato>45286585000</okato>
                        <okpo>29018506</okpo>
                    </mainInfo>
                </ns2:customer>
                <ns2:purchaseMethodCode>41278</ns2:purchaseMethodCode>
                <ns2:purchaseCodeName>Запрос предложений</ns2:purchaseCodeName>
                <ns2:placer>
                    <mainInfo>
                        <fullName>АКЦИОНЕРНОЕ ОБЩЕСТВО "МОССТРОЙВОЗРОЖДЕНИЕ"</fullName>
                        <shortName>АО "МОССТРОЙВОЗРОЖДЕНИЕ"</shortName>
                        <iko>57719593458771001001</iko>
                        <inn>7719593458</inn>
                        <kpp>771001001</kpp>
                        <ogrn>1067746687580</ogrn>
                        <legalAddress>109012, Г МОСКВА, УЛ ИЛЬИНКА, дом 4</legalAddress>
                        <postalAddress>109012, г. Москва, ул. Ильинка, д. 4. </postalAddress>
                        <phone>7-495-9595442</phone>
                        <fax>7-495-9599381</fax>
                        <email>regden77@mail.ru</email>
                        <okato>45286585000</okato>
                        <okpo>29018506</okpo>
                    </mainInfo>
                </ns2:placer>
                <ns2:contact>
                    <firstName>Светлана </firstName>
                    <middleName>Петровна</middleName>
                    <lastName>Фадеева </lastName>
                    <phone>+7 (495) 9513165</phone>
                    <email>regden77@mail.ru</email>
                    <organization>
                        <mainInfo>
                            <fullName>АКЦИОНЕРНОЕ ОБЩЕСТВО "МОССТРОЙВОЗРОЖДЕНИЕ"</fullName>
                            <shortName>АО "МОССТРОЙВОЗРОЖДЕНИЕ"</shortName>
                            <iko>57719593458771001001</iko>
                            <inn>7719593458</inn>
                            <kpp>771001001</kpp>
                            <ogrn>1067746687580</ogrn>
                            <legalAddress>109012, Г МОСКВА, УЛ ИЛЬИНКА, дом 4</legalAddress>
                            <postalAddress>109012, г. Москва, ул. Ильинка, д. 4. </postalAddress>
                            <phone>7-495-9595442</phone>
                            <fax>7-495-9599381</fax>
                            <email>regden77@mail.ru</email>
                            <okato>45286585000</okato>
                            <okpo>29018506</okpo>
                        </mainInfo>
                    </organization>
                </ns2:contact>
                <ns2:publicationDateTime>2017-03-16T22:08:19</ns2:publicationDateTime>
                <ns2:documentationDelivery>
                    <deliveryStartDateTime>2017-03-16</deliveryStartDateTime>
                    <deliveryEndDateTime>2017-03-23</deliveryEndDateTime>
                    <place>115035, г. Москва, ул. Пятницкая, д. 16, стр. 3
</place>
                    <procedure>1) предоставляется Заказчиком любому заинтересованному лицу по письменному запросу в течение 2 (двух) рабочих дней со дня получения соответствующего запроса по адресу:  115035, г. Москва, ул. Пятницкая, д. 16, стр. 3
тел. (495) 951-31-65   с 11:00 до 17:00 (время московское) по «23» марта  2017 г.;
2) на официальном сайте РФ в сети Интернет www.zakupki.gov.ru
</procedure>
                </ns2:documentationDelivery>
                <ns2:status>P</ns2:status>
                <ns2:version>1</ns2:version>
                <ns2:notDishonest>true</ns2:notDishonest>
                <ns2:attachments>
                    <totalDocumentsCount>1</totalDocumentsCount>
                    <document>
                        <guid>41d1e51a-3ff1-4159-8150-c28e810b1105</guid>
                        <createDateTime>2017-03-16T21:59:39</createDateTime>
                        <fileName>Документ Извещение ЗП проект МСВ многолот1.docx</fileName>
                        <description>Документ Извещение ЗП проект МСВ многолот1</description>
                        <url>http://zakupki.gov.ru/223/purchase/public/download/download.html?id=30121710</url>
                    </document>
                </ns2:attachments>
                <ns2:modificationDate>2017-03-16T22:08:19</ns2:modificationDate>
                <ns2:saveUserId>38685</ns2:saveUserId>
                <ns2:deliveryPlaceIndication>DIFFERENT_PLACE</ns2:deliveryPlaceIndication>
                <ns2:emergency>false</ns2:emergency>
                <ns2:jointPurchase>false</ns2:jointPurchase>
                <ns2:placingProcedure>
                    <ns2:examinationPlace>г. Москва, ул. Пятницкая, 16 строение 3 каб. 315</ns2:examinationPlace>
                    <ns2:examinationDateTime>2017-03-28T11:00:00</ns2:examinationDateTime>
                    <ns2:summingupDateTime>2017-03-29T11:00:00</ns2:summingupDateTime>
                    <ns2:summingupPlace>г. Москва, ул. Пятницкая, 16 строение 3 каб. 315</ns2:summingupPlace>
                </ns2:placingProcedure>
                <ns2:submissionCloseDateTime>2017-03-24T11:00:00</ns2:submissionCloseDateTime>
                <ns2:publicationPlannedDate>2017-03-16</ns2:publicationPlannedDate>
                <ns2:lots>
                    <lot>
                        <guid>86520122-0246-46bb-9aa9-1b82b661ce4f</guid>
                        <ordinalNumber>1</ordinalNumber>
                        <lotEditEnabled>false</lotEditEnabled>
                        <lotData>
                            <subject>на оказание услуг по выполнению функций генерального проектировщика по   актуализации объемно-планировочных решений проекта капитального ремонта здания. Внутренней отделки и внутренних инженерных сетей (включая сводный сметный расчет, объектные и локальные сметы)  по адресу: г. Москва, ул. Покровка, д. 17, строение 5   для нужд АО «Мосстройвозрождение».</subject>
                            <currency>
                                <code>RUB</code>
                                <digitalCode>643</digitalCode>
                                <name>Российский рубль</name>
                            </currency>
                            <initialSum>791340.00</initialSum>
                            <deliveryPlace>
                                <state>Центральный федеральный округ</state>
                                <region>Москва</region>
                                <regionOkato>45000000000</regionOkato>
                                <address>г. Москва, ул. Покровка, д. 17, строение 5</address>
                            </deliveryPlace>
                            <lotItems>
                                <newCodes>true</newCodes>
                                <lotItem>
                                    <guid>737409e7-e4c8-473a-ba5c-a8f04e23af1e</guid>
                                    <ordinalNumber>1</ordinalNumber>
                                    <okpd2>
                                        <code>41.1</code>
                                        <name>Документация проектная для строительства</name>
                                    </okpd2>
                                    <okved2>
                                        <code>41.1</code>
                                        <name>Разработка строительных проектов</name>
                                    </okved2>
                                    <okei>
                                        <code>796</code>
                                        <name>Штука</name>
                                    </okei>
                                    <qty>1</qty>
                                    <additionalInfo>В соответствии с документацией о проведении закупки</additionalInfo>
                                </lotItem>
                            </lotItems>
                            <forSmallOrMiddle>false</forSmallOrMiddle>
                            <excludePurchaseFromPlan>false</excludePurchaseFromPlan>
                            <subcontractorsRequirement>false</subcontractorsRequirement>
                            <ignoredPurchase>false</ignoredPurchase>
                            <centralized>false</centralized>
                        </lotData>
                        <deliveryPlaceIndication>GL</deliveryPlaceIndication>
                        <jointLotData>
                            <jointLot>false</jointLot>
                        </jointLotData>
                        <lotPlanInfo>
                            <planRegistrationNumber>2170230752</planRegistrationNumber>
                            <planGuid>edc2b17e-b8db-4f6c-a513-63f44fa15056</planGuid>
                            <positionNumber>4</positionNumber>
                            <lotPlanPosition>COMMODITY</lotPlanPosition>
                            <positionGuid>d37b7a23-6fa2-4033-acc7-e17b8a23574c</positionGuid>
                        </lotPlanInfo>
                        <cancelled>false</cancelled>
                    </lot>
                    <lot>
                        <guid>dd221e0c-74f1-4637-8f63-5b12490a45cb</guid>
                        <ordinalNumber>2</ordinalNumber>
                        <lotEditEnabled>false</lotEditEnabled>
                        <lotData>
                            <subject>на оказание услуг по выполнению функций генерального проектировщика по   актуализации объемно-планировочных решений проекта капитального ремонта здания. Внутренней отделки и внутренних инженерных сетей (включая сводный сметный расчет, объектные и локальные сметы)  по адресу: г. Москва, ул. Садовая-Черногрязская, д. 3Б, строение 4  для нужд АО «Мосстройвозрождение».</subject>
                            <currency>
                                <code>RUB</code>
                                <digitalCode>643</digitalCode>
                                <name>Российский рубль</name>
                            </currency>
                            <initialSum>728475.00</initialSum>
                            <deliveryPlace>
                                <state>Центральный федеральный округ</state>
                                <region>Москва</region>
                                <regionOkato>45000000000</regionOkato>
                                <address>г. Москва, ул. Садовая-Черногрязская, д. 3Б, строение 4</address>
                            </deliveryPlace>
                            <lotItems>
                                <newCodes>true</newCodes>
                                <lotItem>
                                    <guid>eee2fe58-e5cb-49e1-9109-4755e8b65381</guid>
                                    <ordinalNumber>1</ordinalNumber>
                                    <okpd2>
                                        <code>41.1</code>
                                        <name>Документация проектная для строительства</name>
                                    </okpd2>
                                    <okved2>
                                        <code>41.1</code>
                                        <name>Разработка строительных проектов</name>
                                    </okved2>
                                    <okei>
                                        <code>796</code>
                                        <name>Штука</name>
                                    </okei>
                                    <qty>1</qty>
                                    <additionalInfo>В соответствии с документацией о проведении закупки</additionalInfo>
                                </lotItem>
                            </lotItems>
                            <forSmallOrMiddle>false</forSmallOrMiddle>
                            <excludePurchaseFromPlan>false</excludePurchaseFromPlan>
                            <subcontractorsRequirement>false</subcontractorsRequirement>
                            <ignoredPurchase>false</ignoredPurchase>
                            <centralized>false</centralized>
                        </lotData>
                        <deliveryPlaceIndication>GL</deliveryPlaceIndication>
                        <jointLotData>
                            <jointLot>false</jointLot>
                        </jointLotData>
                        <lotPlanInfo>
                            <planRegistrationNumber>2170230752</planRegistrationNumber>
                            <planGuid>edc2b17e-b8db-4f6c-a513-63f44fa15056</planGuid>
                            <positionNumber>5</positionNumber>
                            <lotPlanPosition>COMMODITY</lotPlanPosition>
                            <positionGuid>522cadef-c35d-469d-92b8-36dff2a4b121</positionGuid>
                        </lotPlanInfo>
                        <cancelled>false</cancelled>
                    </lot>
                </ns2:lots>
            </ns2:purchaseNoticeData>
        </ns2:item>
    </ns2:body>
</ns2:purchaseNotice>
