<?xml version="1.0" encoding="UTF-8" standalone="yes"?>
<ns2:purchaseNotice xsi:schemaLocation="http://zakupki.gov.ru/223/integration/schema/TFF-5.2 http://zakupki.gov.ru/223/integration/schema/TFF-5.2/purchase.xsd" xmlns="http://zakupki.gov.ru/223fz/types/1" xmlns:ns10="http://zakupki.gov.ru/223fz/purchasePlan/1" xmlns:ns11="http://zakupki.gov.ru/223fz/purchasePlanProject/1" xmlns:ns12="http://zakupki.gov.ru/223fz/purchasePlanProjectAdditionalPosition/1" xmlns:ns13="http://zakupki.gov.ru/223fz/contract/1" xmlns:ns14="http://zakupki.gov.ru/223fz/missedNotice/1" xmlns:ns15="http://zakupki.gov.ru/223fz/reference/1" xmlns:ns16="http://zakupki.gov.ru/223fz/stopCommodity/1" xmlns:ns17="http://zakupki.gov.ru/223fz/decisionSuspension/1" xmlns:ns18="http://zakupki.gov.ru/223fz/purchasePlanAdditionalPosition/1" xmlns:ns19="http://zakupki.gov.ru/223fz/webRequest/1" xmlns:ns2="http://zakupki.gov.ru/223fz/purchase/1" xmlns:xsi="http://www.w3.org/2001/XMLSchema-instance" xmlns:ns3="http://zakupki.gov.ru/223fz/dishonestSupplier/1" xmlns:ns4="http://zakupki.gov.ru/223fz/machineryListInfo/1" xmlns:ns5="http://zakupki.gov.ru/223fz/revenue/1" xmlns:ns6="http://zakupki.gov.ru/223fz/orderClauseList/1" xmlns:ns7="http://zakupki.gov.ru/223fz/disagreementProtocol/1" xmlns:ns8="http://zakupki.gov.ru/223fz/complaint/1" xmlns:ns9="http://zakupki.gov.ru/223fz/notificationIssue/1">
    <header>
        <guid>207f1165-80e9-425a-9715-32636238afb8</guid>
        <createDateTime>2017-03-16T17:32:56</createDateTime>
    </header>
    <ns2:body>
        <ns2:item>
            <guid>e1f1f693-e7c1-4259-8046-1194efa25a48</guid>
            <ns2:purchaseNoticeData>
                <ns2:guid>e1f1f693-e7c1-4259-8046-1194efa25a48</ns2:guid>
                <ns2:createDateTime>2017-03-16T17:17:01</ns2:createDateTime>
                <ns2:urlOOS>https://zakupki.gov.ru/223/purchase/private/purchase/notice-info/details.html?noticeInfoId=5887963</ns2:urlOOS>
                <ns2:urlVSRZ>http://utp.sberbank-ast.ru/Trade/NBT/PurchaseView/47/0/0/228810</ns2:urlVSRZ>
                <ns2:registrationNumber>31704899724</ns2:registrationNumber>
                <ns2:name>Закупка услуг по переплету архивных документов.</ns2:name>
                <ns2:customer>
                    <mainInfo>
                        <fullName>государственное бюджетное образовательное учреждение высшего профессионального образования "Московский государственный медико-стоматологический университет имени А.И. Евдокимова" Министерства здравоохранения Российской Федерации</fullName>
                        <shortName>ГБОУ ВПО МГМСУ им. А.И. Евдокимова Минздрава России</shortName>
                        <iko>87707082145770701001</iko>
                        <inn>7707082145</inn>
                        <kpp>770701001</kpp>
                        <ogrn>1027739808898</ogrn>
                        <legalAddress>127473, Москва, Делегатская, дом 20, корпус стр.1</legalAddress>
                        <postalAddress>127473, г. Москва, ул. Делегатская, дом 20, стр.1</postalAddress>
                        <phone>7-495-6942001</phone>
                        <email>YANUSHEVICH@msmsu.ru</email>
                        <okato>45286585000</okato>
                        <okpo>01963290</okpo>
                    </mainInfo>
                </ns2:customer>
                <ns2:purchaseMethodCode>5624</ns2:purchaseMethodCode>
                <ns2:purchaseCodeName>СБ-АСТ: Открытый запрос цен в электронной форме</ns2:purchaseCodeName>
                <ns2:placer>
                    <mainInfo>
                        <fullName>Закрытое акционерное общество "Сбербанк-Автоматизированная система торгов"</fullName>
                        <shortName>ЗАО "Сбербанк-АСТ"</shortName>
                        <iko>67707308480770701001</iko>
                        <inn>7707308480</inn>
                        <kpp>770701001</kpp>
                        <ogrn>1027707000441</ogrn>
                        <legalAddress>127055, Москва, Новослободская, дом 24, корпус СТР.2</legalAddress>
                        <postalAddress>119180, г. Москва, ул. Большая Якиманка, д. 23 </postalAddress>
                        <phone>7-495-7872997</phone>
                        <fax>7-495-7872998</fax>
                        <email>FSKordysh@sberbank-ast.ru</email>
                        <okato>45286585000</okato>
                        <okpo>58997535</okpo>
                    </mainInfo>
                </ns2:placer>
                <ns2:contact>
                    <firstName>Трепыхалина Светлана Геннадьевна</firstName>
                    <phone>84956503697</phone>
                    <email>trepykhalina_sg@msmsu.ru</email>
                    <organization>
                        <mainInfo>
                            <fullName>государственное бюджетное образовательное учреждение высшего профессионального образования "Московский государственный медико-стоматологический университет имени А.И. Евдокимова" Министерства здравоохранения Российской Федерации</fullName>
                            <shortName>ГБОУ ВПО МГМСУ им. А.И. Евдокимова Минздрава России</shortName>
                            <iko>87707082145770701001</iko>
                            <inn>7707082145</inn>
                            <kpp>770701001</kpp>
                            <ogrn>1027739808898</ogrn>
                            <legalAddress>127473, Москва, Делегатская, дом 20, корпус стр.1</legalAddress>
                            <postalAddress>127473, г. Москва, ул. Делегатская, дом 20, стр.1</postalAddress>
                            <phone>7-495-6942001</phone>
                            <email>YANUSHEVICH@msmsu.ru</email>
                            <okato>45286585000</okato>
                            <okpo>01963290</okpo>
                        </mainInfo>
                    </organization>
                </ns2:contact>
                <ns2:publicationDateTime>2017-03-16T17:32:56</ns2:publicationDateTime>
                <ns2:documentationDelivery>
                    <deliveryStartDateTime>2017-03-17</deliveryStartDateTime>
                    <deliveryEndDateTime>2017-03-24</deliveryEndDateTime>
                    <place>Согласно документации о проведении запроса цен</place>
                    <procedure>Согласно документации о проведении запроса цен</procedure>
                </ns2:documentationDelivery>
                <ns2:status>P</ns2:status>
                <ns2:version>1</ns2:version>
                <ns2:notDishonest>true</ns2:notDishonest>
                <ns2:attachments>
                    <totalDocumentsCount>1</totalDocumentsCount>
                    <document>
                        <guid>d9865fd3-9611-4fd7-afd2-3cbd99af6676</guid>
                        <createDateTime>2017-03-16T17:17:01</createDateTime>
                        <fileName>Изв.№3 Переплетные работы.docx</fileName>
                        <description>Изв.№3 Переплетные работы.docx</description>
                        <url>http://zakupki.gov.ru/223/purchase/public/download/download.html?id=30119045</url>
                    </document>
                </ns2:attachments>
                <ns2:modificationDate>2017-03-16T17:32:56</ns2:modificationDate>
                <ns2:saveUserId>29401</ns2:saveUserId>
                <ns2:deliveryPlaceIndication>DIFFERENT_PLACE</ns2:deliveryPlaceIndication>
                <ns2:emergency>false</ns2:emergency>
                <ns2:jointPurchase>false</ns2:jointPurchase>
                <ns2:electronicPlaceInfo>
                    <name>ЗАО «Сбербанк-АСТ» (УТП)</name>
                    <url>http://utp.sberbank-ast.ru/Trade</url>
                    <electronicPlaceId>116</electronicPlaceId>
                </ns2:electronicPlaceInfo>
                <ns2:placingProcedure>
                    <ns2:examinationPlace>http://utp.sberbank-ast.ru/Trade</ns2:examinationPlace>
                    <ns2:examinationDateTime>2017-03-27T10:00:00</ns2:examinationDateTime>
                    <ns2:summingupDateTime>2017-03-27T10:00:00</ns2:summingupDateTime>
                </ns2:placingProcedure>
                <ns2:submissionCloseDateTime>2017-03-24T10:00:00</ns2:submissionCloseDateTime>
                <ns2:publicationPlannedDate>2017-03-16</ns2:publicationPlannedDate>
                <ns2:lots>
                    <lot>
                        <guid>a5e94748-6179-4ede-9034-ffca6ce8cb4d</guid>
                        <ordinalNumber>1</ordinalNumber>
                        <lotEditEnabled>true</lotEditEnabled>
                        <lotData>
                            <subject>услуги по переплету архивных документов.</subject>
                            <currency>
                                <code>RUB</code>
                                <digitalCode>643</digitalCode>
                                <name>Российский рубль</name>
                            </currency>
                            <initialSum>498348.00</initialSum>
                            <deliveryPlace>
                                <address>Согласно документации о проведении запроса цен</address>
                            </deliveryPlace>
                            <lotItems>
                                <newCodes>true</newCodes>
                                <lotItem>
                                    <guid>1e069e12-dc8d-496f-ad2c-366375eff578</guid>
                                    <ordinalNumber>1</ordinalNumber>
                                    <okpd2>
                                        <code>18.14.10.200</code>
                                        <name>Услуги переплетные и связанные с переплетом аналогичных изделий</name>
                                    </okpd2>
                                    <okved2>
                                        <code>18.14</code>
                                        <name>Деятельность брошюровочно- переплетная и отделочная и сопутствующие услуги</name>
                                    </okved2>
                                    <okei>
                                        <code>876</code>
                                        <name>Условная единица</name>
                                    </okei>
                                    <qty>1837</qty>
                                    <additionalInfo>Систематизация дел до проведения экспертизы ценности документов и дел по фондам, систематизация дел внутри фонда по годам и структурным частям</additionalInfo>
                                </lotItem>
                                <lotItem>
                                    <guid>022ef55b-c16e-4668-b4f7-833a9b624466</guid>
                                    <ordinalNumber>2</ordinalNumber>
                                    <okpd2>
                                        <code>18.14.10.200</code>
                                        <name>Услуги переплетные и связанные с переплетом аналогичных изделий</name>
                                    </okpd2>
                                    <okved2>
                                        <code>18.14</code>
                                        <name>Деятельность брошюровочно- переплетная и отделочная и сопутствующие услуги</name>
                                    </okved2>
                                    <okei>
                                        <code>876</code>
                                        <name>Условная единица</name>
                                    </okei>
                                    <qty>525</qty>
                                    <additionalInfo>Формирование дел согласно «Основным правилам работы архивов организаций» (Одобрены решением Коллегии Росархива от 06.02.2002г., п.3.5 Порядок формирования дел в организации) (дело)</additionalInfo>
                                </lotItem>
                                <lotItem>
                                    <guid>11f5b4ca-41fe-46e2-a24a-a994925c8f04</guid>
                                    <ordinalNumber>3</ordinalNumber>
                                    <okpd2>
                                        <code>18.14.10.200</code>
                                        <name>Услуги переплетные и связанные с переплетом аналогичных изделий</name>
                                    </okpd2>
                                    <okved2>
                                        <code>18.14</code>
                                        <name>Деятельность брошюровочно- переплетная и отделочная и сопутствующие услуги</name>
                                    </okved2>
                                    <okei>
                                        <code>876</code>
                                        <name>Условная единица</name>
                                    </okei>
                                    <qty>73500</qty>
                                    <additionalInfo>Нумерация листов в делах</additionalInfo>
                                </lotItem>
                                <lotItem>
                                    <guid>1d4bde87-7546-4cd1-a981-c2bc79da1140</guid>
                                    <ordinalNumber>4</ordinalNumber>
                                    <okpd2>
                                        <code>18.14.10.200</code>
                                        <name>Услуги переплетные и связанные с переплетом аналогичных изделий</name>
                                    </okpd2>
                                    <okved2>
                                        <code>18.14</code>
                                        <name>Деятельность брошюровочно- переплетная и отделочная и сопутствующие услуги</name>
                                    </okved2>
                                    <okei>
                                        <code>876</code>
                                        <name>Условная единица</name>
                                    </okei>
                                    <qty>525</qty>
                                    <additionalInfo>Подборка, фальцовка документов, изъятие скрепок, скоб, разброшюровка дел</additionalInfo>
                                </lotItem>
                                <lotItem>
                                    <guid>ccea3790-63ce-40e8-b5b8-3f22a6001fa3</guid>
                                    <ordinalNumber>5</ordinalNumber>
                                    <okpd2>
                                        <code>18.14.10.200</code>
                                        <name>Услуги переплетные и связанные с переплетом аналогичных изделий</name>
                                    </okpd2>
                                    <okved2>
                                        <code>18.14</code>
                                        <name>Деятельность брошюровочно- переплетная и отделочная и сопутствующие услуги</name>
                                    </okved2>
                                    <okei>
                                        <code>876</code>
                                        <name>Условная единица</name>
                                    </okei>
                                    <qty>525</qty>
                                    <additionalInfo>Переплет архивных документов (дело должно содержать не более 250 листов, при толщине не более 4 см, дела подшиваются в твердую обложку из картона с учетом возможности свободного чтения текста всех документов (зачетной книжки, учебной карты), дат виз и резолюций на них, с тканевой оклейкой корешка)</additionalInfo>
                                </lotItem>
                                <lotItem>
                                    <guid>3354e8e9-a822-41f2-97c6-65cc1f01adea</guid>
                                    <ordinalNumber>6</ordinalNumber>
                                    <okpd2>
                                        <code>18.14.10.200</code>
                                        <name>Услуги переплетные и связанные с переплетом аналогичных изделий</name>
                                    </okpd2>
                                    <okved2>
                                        <code>18.14</code>
                                        <name>Деятельность брошюровочно- переплетная и отделочная и сопутствующие услуги</name>
                                    </okved2>
                                    <okei>
                                        <code>876</code>
                                        <name>Условная единица</name>
                                    </okei>
                                    <qty>525</qty>
                                    <additionalInfo>Составление внутренней описи дела</additionalInfo>
                                </lotItem>
                                <lotItem>
                                    <guid>1d141713-4862-4df9-88e6-0f861551171d</guid>
                                    <ordinalNumber>7</ordinalNumber>
                                    <okpd2>
                                        <code>18.14.10.200</code>
                                        <name>Услуги переплетные и связанные с переплетом аналогичных изделий</name>
                                    </okpd2>
                                    <okved2>
                                        <code>18.14</code>
                                        <name>Деятельность брошюровочно- переплетная и отделочная и сопутствующие услуги</name>
                                    </okved2>
                                    <okei>
                                        <code>876</code>
                                        <name>Условная единица</name>
                                    </okei>
                                    <qty>525</qty>
                                    <additionalInfo>Оформление обложки и корешка (простановка архивных шифров и штампов), оформление листа заверителя в деле</additionalInfo>
                                </lotItem>
                                <lotItem>
                                    <guid>3b860391-b737-4a82-bbff-f23be81bc91d</guid>
                                    <ordinalNumber>8</ordinalNumber>
                                    <okpd2>
                                        <code>18.14.10.200</code>
                                        <name>Услуги переплетные и связанные с переплетом аналогичных изделий</name>
                                    </okpd2>
                                    <okved2>
                                        <code>18.14</code>
                                        <name>Деятельность брошюровочно- переплетная и отделочная и сопутствующие услуги</name>
                                    </okved2>
                                    <okei>
                                        <code>876</code>
                                        <name>Условная единица</name>
                                    </okei>
                                    <qty>1</qty>
                                    <additionalInfo>Составление реестра личных дел студентов</additionalInfo>
                                </lotItem>
                                <lotItem>
                                    <guid>13e54bc6-72f2-470c-a18d-f0cf08831b98</guid>
                                    <ordinalNumber>9</ordinalNumber>
                                    <okpd2>
                                        <code>18.14.10.200</code>
                                        <name>Услуги переплетные и связанные с переплетом аналогичных изделий</name>
                                    </okpd2>
                                    <okved2>
                                        <code>18.14</code>
                                        <name>Деятельность брошюровочно- переплетная и отделочная и сопутствующие услуги</name>
                                    </okved2>
                                    <okei>
                                        <code>876</code>
                                        <name>Условная единица</name>
                                    </okei>
                                    <qty>525</qty>
                                    <additionalInfo>Перемещение дел в процессе работ, стеллажирование документов в архивохранилище</additionalInfo>
                                </lotItem>
                            </lotItems>
                            <forSmallOrMiddle>false</forSmallOrMiddle>
                            <excludePurchaseFromPlan>false</excludePurchaseFromPlan>
                            <subcontractorsRequirement>false</subcontractorsRequirement>
                            <ignoredPurchase>false</ignoredPurchase>
                            <centralized>false</centralized>
                        </lotData>
                        <deliveryPlaceIndication>GL</deliveryPlaceIndication>
                        <jointLotData>
                            <jointLot>false</jointLot>
                        </jointLotData>
                        <lotPlanInfo>
                            <planRegistrationNumber>2170230179</planRegistrationNumber>
                            <planGuid>27b431c9-1927-4a6b-b200-ac8b47dc3e20</planGuid>
                            <positionNumber>84</positionNumber>
                            <lotPlanPosition>COMMODITY</lotPlanPosition>
                            <positionGuid>653e89da-139f-4cb3-bf5d-0079345da925</positionGuid>
                        </lotPlanInfo>
                        <cancelled>false</cancelled>
                    </lot>
                </ns2:lots>
            </ns2:purchaseNoticeData>
        </ns2:item>
    </ns2:body>
</ns2:purchaseNotice>
