<?xml version="1.0" encoding="UTF-8" standalone="yes"?>
<ns2:purchaseNotice xsi:schemaLocation="http://zakupki.gov.ru/223/integration/schema/TFF-5.2 http://zakupki.gov.ru/223/integration/schema/TFF-5.2/purchase.xsd" xmlns="http://zakupki.gov.ru/223fz/types/1" xmlns:ns10="http://zakupki.gov.ru/223fz/purchasePlan/1" xmlns:ns11="http://zakupki.gov.ru/223fz/purchasePlanProject/1" xmlns:ns12="http://zakupki.gov.ru/223fz/purchasePlanProjectAdditionalPosition/1" xmlns:ns13="http://zakupki.gov.ru/223fz/contract/1" xmlns:ns14="http://zakupki.gov.ru/223fz/missedNotice/1" xmlns:ns15="http://zakupki.gov.ru/223fz/reference/1" xmlns:ns16="http://zakupki.gov.ru/223fz/stopCommodity/1" xmlns:ns17="http://zakupki.gov.ru/223fz/decisionSuspension/1" xmlns:ns18="http://zakupki.gov.ru/223fz/purchasePlanAdditionalPosition/1" xmlns:ns19="http://zakupki.gov.ru/223fz/webRequest/1" xmlns:ns2="http://zakupki.gov.ru/223fz/purchase/1" xmlns:xsi="http://www.w3.org/2001/XMLSchema-instance" xmlns:ns3="http://zakupki.gov.ru/223fz/dishonestSupplier/1" xmlns:ns4="http://zakupki.gov.ru/223fz/machineryListInfo/1" xmlns:ns5="http://zakupki.gov.ru/223fz/revenue/1" xmlns:ns6="http://zakupki.gov.ru/223fz/orderClauseList/1" xmlns:ns7="http://zakupki.gov.ru/223fz/disagreementProtocol/1" xmlns:ns8="http://zakupki.gov.ru/223fz/complaint/1" xmlns:ns9="http://zakupki.gov.ru/223fz/notificationIssue/1">
    <header>
        <guid>ee2b32ef-c246-4325-9938-8ca5ac31e2c9</guid>
        <createDateTime>2017-03-16T21:17:04</createDateTime>
    </header>
    <ns2:body>
        <ns2:item>
            <guid>4711b7a8-fb88-f3ba-3f26-60bf08f88d2f</guid>
            <ns2:purchaseNoticeData>
                <ns2:guid>4711b7a8-fb88-f3ba-3f26-60bf08f88d2f</ns2:guid>
                <ns2:createDateTime>2017-03-16T21:15:19</ns2:createDateTime>
                <ns2:urlOOS>https://zakupki.gov.ru/223/purchase/private/purchase/notice-info/details.html?noticeInfoId=5888506</ns2:urlOOS>
                <ns2:urlVSRZ>https://com.roseltorg.ru/#com/procedure/view/id/286227</ns2:urlVSRZ>
                <ns2:registrationNumber>31704900120</ns2:registrationNumber>
                <ns2:name>НИИ-2017-237 «Организация проведения семинаров в области систем менеджмента качества соответствующих требованиям стандарта ISO 9001:2015»</ns2:name>
                <ns2:customer>
                    <mainInfo>
                        <fullName>ОБЩЕСТВО С ОГРАНИЧЕННОЙ ОТВЕТСТВЕННОСТЬЮ "НАУЧНО-ИССЛЕДОВАТЕЛЬСКИЙ ИНСТИТУТ ТРАНСПОРТА НЕФТИ И НЕФТЕПРОДУКТОВ ТРАНСНЕФТЬ"</fullName>
                        <shortName>ООО "НИИ ТРАНСНЕФТЬ"</shortName>
                        <iko>67736607502772701001</iko>
                        <inn>7736607502</inn>
                        <kpp>772701001</kpp>
                        <ogrn>1097746556710</ogrn>
                        <legalAddress>117186, Г МОСКВА, ПР-КТ СЕВАСТОПОЛЬСКИЙ, дом ДОМ 47А</legalAddress>
                        <postalAddress>117186, Москва Город, Севастопольский Проспект, дом 47А</postalAddress>
                        <phone>7-495-9508295-2154</phone>
                        <fax>7-495-9508297</fax>
                        <email>TroshinEA@niitnn.transneft.ru</email>
                        <okato>00000000000</okato>
                        <okpo>62816002</okpo>
                    </mainInfo>
                </ns2:customer>
                <ns2:purchaseMethodCode>34567</ns2:purchaseMethodCode>
                <ns2:purchaseCodeName>Открытый запрос котировок в электронном виде</ns2:purchaseCodeName>
                <ns2:placer>
                    <mainInfo>
                        <fullName>ОБЩЕСТВО С ОГРАНИЧЕННОЙ ОТВЕТСТВЕННОСТЬЮ "НАУЧНО-ИССЛЕДОВАТЕЛЬСКИЙ ИНСТИТУТ ТРАНСПОРТА НЕФТИ И НЕФТЕПРОДУКТОВ ТРАНСНЕФТЬ"</fullName>
                        <shortName>ООО "НИИ ТРАНСНЕФТЬ"</shortName>
                        <iko>67736607502772701001</iko>
                        <inn>7736607502</inn>
                        <kpp>772701001</kpp>
                        <ogrn>1097746556710</ogrn>
                        <legalAddress>117186, Г МОСКВА, ПР-КТ СЕВАСТОПОЛЬСКИЙ, дом ДОМ 47А</legalAddress>
                        <postalAddress>117186, Москва Город, Севастопольский Проспект, дом 47А</postalAddress>
                        <phone>7-495-9508295-2154</phone>
                        <fax>7-495-9508297</fax>
                        <email>TroshinEA@niitnn.transneft.ru</email>
                        <okato>00000000000</okato>
                        <okpo>62816002</okpo>
                    </mainInfo>
                </ns2:placer>
                <ns2:contact>
                    <firstName>Марина</firstName>
                    <middleName>Сергеевна</middleName>
                    <lastName>Калинина</lastName>
                    <phone>+7 (495) 9508295</phone>
                    <email>KalininaMS@niitnn.transneft.ru</email>
                    <organization>
                        <mainInfo>
                            <fullName>ОБЩЕСТВО С ОГРАНИЧЕННОЙ ОТВЕТСТВЕННОСТЬЮ "НАУЧНО-ИССЛЕДОВАТЕЛЬСКИЙ ИНСТИТУТ ТРАНСПОРТА НЕФТИ И НЕФТЕПРОДУКТОВ ТРАНСНЕФТЬ"</fullName>
                            <shortName>ООО "НИИ ТРАНСНЕФТЬ"</shortName>
                            <iko>67736607502772701001</iko>
                            <inn>7736607502</inn>
                            <kpp>772701001</kpp>
                            <ogrn>1097746556710</ogrn>
                            <legalAddress>117186, Г МОСКВА, ПР-КТ СЕВАСТОПОЛЬСКИЙ, дом ДОМ 47А</legalAddress>
                            <postalAddress>117186, Москва Город, Севастопольский Проспект, дом 47А</postalAddress>
                            <phone>7-495-9508295-2154</phone>
                            <fax>7-495-9508297</fax>
                            <email>TroshinEA@niitnn.transneft.ru</email>
                            <okato>00000000000</okato>
                            <okpo>62816002</okpo>
                        </mainInfo>
                    </organization>
                </ns2:contact>
                <ns2:publicationDateTime>2017-03-16T21:17:04</ns2:publicationDateTime>
                <ns2:documentationDelivery>
                    <deliveryStartDateTime>2017-03-16</deliveryStartDateTime>
                    <deliveryEndDateTime>2017-03-28</deliveryEndDateTime>
                    <place>https://com.roseltorg.ru/</place>
                    <procedure>посредством размещения для скачивания и ознакомления</procedure>
                </ns2:documentationDelivery>
                <ns2:status>P</ns2:status>
                <ns2:version>1</ns2:version>
                <ns2:notDishonest>true</ns2:notDishonest>
                <ns2:attachments>
                    <totalDocumentsCount>3</totalDocumentsCount>
                    <document>
                        <guid>33e0bd81-af28-0278-6e65-c292bf2e8a11</guid>
                        <createDateTime>2017-03-16T21:05:49</createDateTime>
                        <fileName>Документация_о_закупке[Bpx8GWuBJ4c].rar</fileName>
                        <description>Документация о закупке</description>
                        <url>http://zakupki.gov.ru/223/purchase/public/download/download.html?id=30121632</url>
                    </document>
                    <document>
                        <guid>59bd10b9-5d48-792d-51a5-96658c5a979b</guid>
                        <createDateTime>2017-03-16T21:05:37</createDateTime>
                        <fileName>Извещение_о_закупке[EB4MlVgp9eE].docx</fileName>
                        <description>Извещение о закупке</description>
                        <url>http://zakupki.gov.ru/223/purchase/public/download/download.html?id=30121630</url>
                    </document>
                    <document>
                        <guid>3b703de8-b840-5dc7-987e-22460254705b</guid>
                        <createDateTime>2017-03-16T21:05:56</createDateTime>
                        <fileName>Проект_договора[VnsFhnXeiq8].rar</fileName>
                        <description>Проект договора</description>
                        <url>http://zakupki.gov.ru/223/purchase/public/download/download.html?id=30121631</url>
                    </document>
                </ns2:attachments>
                <ns2:modificationDate>2017-03-16T21:17:04</ns2:modificationDate>
                <ns2:saveUserId>263294</ns2:saveUserId>
                <ns2:deliveryPlaceIndication>DIFFERENT_PLACE</ns2:deliveryPlaceIndication>
                <ns2:emergency>false</ns2:emergency>
                <ns2:jointPurchase>false</ns2:jointPurchase>
                <ns2:electronicPlaceInfo>
                    <name>АО "ЕЭТП"</name>
                    <url>http://www.roseltorg.ru/</url>
                    <electronicPlaceId>113</electronicPlaceId>
                </ns2:electronicPlaceInfo>
                <ns2:placingProcedure>
                    <ns2:examinationPlace>117186, г. Москва, Севастопольский проспект, д. 47А</ns2:examinationPlace>
                    <ns2:examinationDateTime>2017-04-04T18:00:00</ns2:examinationDateTime>
                    <ns2:summingupDateTime>2017-04-11T18:00:00</ns2:summingupDateTime>
                </ns2:placingProcedure>
                <ns2:submissionCloseDateTime>2017-03-28T10:00:00</ns2:submissionCloseDateTime>
                <ns2:publicationPlannedDate>2017-03-16</ns2:publicationPlannedDate>
                <ns2:lots>
                    <lot>
                        <guid>a53a18b5-dbd3-3806-5915-125559a48072</guid>
                        <ordinalNumber>1</ordinalNumber>
                        <lotEditEnabled>true</lotEditEnabled>
                        <lotData>
                            <subject>Организация проведения семинаров в области систем менеджмента качества соответствующих требованиям стандарта ISO 9001:2015</subject>
                            <currency>
                                <code>RUB</code>
                                <digitalCode>643</digitalCode>
                                <name>Российский рубль</name>
                            </currency>
                            <initialSum>310281.00</initialSum>
                            <deliveryPlace>
                                <address>По месту нахождения Исполнителя (г. Москва)</address>
                            </deliveryPlace>
                            <lotItems>
                                <newCodes>true</newCodes>
                                <lotItem>
                                    <guid>da91062a-94f2-bcf2-9919-68d25dbe90da</guid>
                                    <ordinalNumber>1</ordinalNumber>
                                    <okpd2>
                                        <code>82.30.11.000</code>
                                        <name>Услуги по организации конференций</name>
                                    </okpd2>
                                    <okved2>
                                        <code>82.30</code>
                                        <name>Деятельность по организации конференций и выставок</name>
                                    </okved2>
                                    <okei>
                                        <code>876</code>
                                        <name>Условная единица</name>
                                    </okei>
                                    <qty>1</qty>
                                    <additionalInfo>Услуги по организации конференций</additionalInfo>
                                </lotItem>
                            </lotItems>
                            <forSmallOrMiddle>false</forSmallOrMiddle>
                            <excludePurchaseFromPlan>false</excludePurchaseFromPlan>
                            <subcontractorsRequirement>false</subcontractorsRequirement>
                            <ignoredPurchase>false</ignoredPurchase>
                            <centralized>false</centralized>
                        </lotData>
                        <deliveryPlaceIndication>GL</deliveryPlaceIndication>
                        <jointLotData>
                            <jointLot>false</jointLot>
                        </jointLotData>
                        <lotPlanInfo>
                            <planRegistrationNumber>2160197110</planRegistrationNumber>
                            <planGuid>df3b8120-aee1-3d61-e027-3df16347738c</planGuid>
                            <positionNumber>252</positionNumber>
                            <lotPlanPosition>COMMODITY</lotPlanPosition>
                            <positionGuid>15cd00ed-e2ec-629e-2904-7b3dff266e1a</positionGuid>
                        </lotPlanInfo>
                        <cancelled>false</cancelled>
                    </lot>
                </ns2:lots>
            </ns2:purchaseNoticeData>
        </ns2:item>
    </ns2:body>
</ns2:purchaseNotice>
