<?xml version="1.0" encoding="UTF-8" standalone="yes"?>
<ns2:purchaseNotice xsi:schemaLocation="http://zakupki.gov.ru/223/integration/schema/TFF-5.2 http://zakupki.gov.ru/223/integration/schema/TFF-5.2/purchase.xsd" xmlns="http://zakupki.gov.ru/223fz/types/1" xmlns:ns10="http://zakupki.gov.ru/223fz/purchasePlan/1" xmlns:ns11="http://zakupki.gov.ru/223fz/purchasePlanProject/1" xmlns:ns12="http://zakupki.gov.ru/223fz/purchasePlanProjectAdditionalPosition/1" xmlns:ns13="http://zakupki.gov.ru/223fz/contract/1" xmlns:ns14="http://zakupki.gov.ru/223fz/missedNotice/1" xmlns:ns15="http://zakupki.gov.ru/223fz/reference/1" xmlns:ns16="http://zakupki.gov.ru/223fz/stopCommodity/1" xmlns:ns17="http://zakupki.gov.ru/223fz/decisionSuspension/1" xmlns:ns18="http://zakupki.gov.ru/223fz/purchasePlanAdditionalPosition/1" xmlns:ns19="http://zakupki.gov.ru/223fz/webRequest/1" xmlns:ns2="http://zakupki.gov.ru/223fz/purchase/1" xmlns:xsi="http://www.w3.org/2001/XMLSchema-instance" xmlns:ns3="http://zakupki.gov.ru/223fz/dishonestSupplier/1" xmlns:ns4="http://zakupki.gov.ru/223fz/machineryListInfo/1" xmlns:ns5="http://zakupki.gov.ru/223fz/revenue/1" xmlns:ns6="http://zakupki.gov.ru/223fz/orderClauseList/1" xmlns:ns7="http://zakupki.gov.ru/223fz/disagreementProtocol/1" xmlns:ns8="http://zakupki.gov.ru/223fz/complaint/1" xmlns:ns9="http://zakupki.gov.ru/223fz/notificationIssue/1">
    <header>
        <guid>fc3f6857-c5c3-423b-bae3-b7c3a4a4a07b</guid>
        <createDateTime>2017-03-16T19:02:56</createDateTime>
    </header>
    <ns2:body>
        <ns2:item>
            <guid>21f727dd-a837-bb8c-2a12-8dfc33cee837</guid>
            <ns2:purchaseNoticeData>
                <ns2:guid>21f727dd-a837-bb8c-2a12-8dfc33cee837</ns2:guid>
                <ns2:createDateTime>2017-03-16T18:57:12</ns2:createDateTime>
                <ns2:urlOOS>https://zakupki.gov.ru/223/purchase/private/purchase/notice-info/details.html?noticeInfoId=5888383</ns2:urlOOS>
                <ns2:urlVSRZ>https://etpgaz.gazprombank.ru/#com/procedure/view/procedure/85426</ns2:urlVSRZ>
                <ns2:registrationNumber>31704900009</ns2:registrationNumber>
                <ns2:name>Техническое обслуживание и ремонт лифтового оборудования "Шиндлер" - Москва, п.Газопровод,101, для нужд ПАО «Газпром» (12667)</ns2:name>
                <ns2:customer>
                    <mainInfo>
                        <fullName>ПУБЛИЧНОЕ АКЦИОНЕРНОЕ ОБЩЕСТВО "ГАЗПРОМ"</fullName>
                        <shortName>ПАО "ГАЗПРОМ"</shortName>
                        <iko>57736050003772801001</iko>
                        <inn>7736050003</inn>
                        <kpp>772801001</kpp>
                        <ogrn>1027700070518</ogrn>
                        <legalAddress>117997, г МОСКВА, ул НАМЕТКИНА, дом 16</legalAddress>
                        <postalAddress>ул. Наметкина, д. 16, г. Москва, ГСП-7, 117997</postalAddress>
                        <phone>7-495-7198103</phone>
                        <email>223@adm.gazprom.ru</email>
                        <okato>45293590000</okato>
                        <okpo>45908000</okpo>
                    </mainInfo>
                </ns2:customer>
                <ns2:purchaseMethodCode>8993</ns2:purchaseMethodCode>
                <ns2:purchaseCodeName>29 (Газпром) Открытый запрос предложений в электронной форме</ns2:purchaseCodeName>
                <ns2:placer>
                    <mainInfo>
                        <fullName>ПУБЛИЧНОЕ АКЦИОНЕРНОЕ ОБЩЕСТВО "ГАЗПРОМ"</fullName>
                        <shortName>ПАО "ГАЗПРОМ"</shortName>
                        <iko>57736050003772801001</iko>
                        <inn>7736050003</inn>
                        <kpp>772801001</kpp>
                        <ogrn>1027700070518</ogrn>
                        <legalAddress>117997, г МОСКВА, ул НАМЕТКИНА, дом 16</legalAddress>
                        <postalAddress>ул. Наметкина, д. 16, г. Москва, ГСП-7, 117997</postalAddress>
                        <phone>7-495-7198103</phone>
                        <email>223@adm.gazprom.ru</email>
                        <okato>45293590000</okato>
                        <okpo>45908000</okpo>
                    </mainInfo>
                </ns2:placer>
                <ns2:contact>
                    <firstName>Андрей</firstName>
                    <middleName>Алексеевич</middleName>
                    <lastName>Новожилов</lastName>
                    <phone>+7 (495) 7196182</phone>
                    <email>Zakupki@adm.gazprom.ru</email>
                    <organization>
                        <mainInfo>
                            <fullName>ПУБЛИЧНОЕ АКЦИОНЕРНОЕ ОБЩЕСТВО "ГАЗПРОМ"</fullName>
                            <shortName>ПАО "ГАЗПРОМ"</shortName>
                            <iko>57736050003772801001</iko>
                            <inn>7736050003</inn>
                            <kpp>772801001</kpp>
                            <ogrn>1027700070518</ogrn>
                            <legalAddress>117997, г МОСКВА, ул НАМЕТКИНА, дом 16</legalAddress>
                            <postalAddress>ул. Наметкина, д. 16, г. Москва, ГСП-7, 117997</postalAddress>
                            <phone>7-495-7198103</phone>
                            <email>223@adm.gazprom.ru</email>
                            <okato>45293590000</okato>
                            <okpo>45908000</okpo>
                        </mainInfo>
                    </organization>
                </ns2:contact>
                <ns2:publicationDateTime>2017-03-16T19:02:56</ns2:publicationDateTime>
                <ns2:documentationDelivery>
                    <deliveryStartDateTime>2017-03-16</deliveryStartDateTime>
                    <deliveryEndDateTime>2017-04-04</deliveryEndDateTime>
                    <place>https://etpgaz.gazprombank.ru http://zakupki.gov.ru/223</place>
                    <procedure>Путем скачивания файлов в электронной форме</procedure>
                </ns2:documentationDelivery>
                <ns2:status>P</ns2:status>
                <ns2:version>1</ns2:version>
                <ns2:notDishonest>false</ns2:notDishonest>
                <ns2:attachments>
                    <totalDocumentsCount>1</totalDocumentsCount>
                    <document>
                        <guid>f791539d-ec60-7e49-4b36-27964846b6ba</guid>
                        <createDateTime>2017-03-16T18:56:18</createDateTime>
                        <fileName>12667_Документация_фин_янв__2017.rar</fileName>
                        <description>12667_Документация_фин_янв_ 2017.rar</description>
                        <url>http://zakupki.gov.ru/223/purchase/public/download/download.html?id=30121036</url>
                    </document>
                </ns2:attachments>
                <ns2:modificationDate>2017-03-16T19:02:56</ns2:modificationDate>
                <ns2:saveUserId>136405</ns2:saveUserId>
                <ns2:deliveryPlaceIndication>DIFFERENT_PLACE</ns2:deliveryPlaceIndication>
                <ns2:emergency>false</ns2:emergency>
                <ns2:jointPurchase>false</ns2:jointPurchase>
                <ns2:electronicPlaceInfo>
                    <name>ЭТП ГПБ</name>
                    <url>https://etpgaz.gazprombank.ru/</url>
                    <electronicPlaceId>115</electronicPlaceId>
                </ns2:electronicPlaceInfo>
                <ns2:placingProcedure>
                    <ns2:examinationPlace>г. Москва</ns2:examinationPlace>
                    <ns2:examinationDateTime>2017-04-07T20:00:00</ns2:examinationDateTime>
                    <ns2:summingupDateTime>2017-04-07T20:00:00</ns2:summingupDateTime>
                </ns2:placingProcedure>
                <ns2:submissionCloseDateTime>2017-04-04T12:00:00</ns2:submissionCloseDateTime>
                <ns2:publicationPlannedDate>2017-03-16</ns2:publicationPlannedDate>
                <ns2:lots>
                    <lot>
                        <guid>6cec6495-e19f-5d4b-4e19-cef446192bf7</guid>
                        <ordinalNumber>1</ordinalNumber>
                        <lotEditEnabled>true</lotEditEnabled>
                        <lotData>
                            <subject>Техническое обслуживание и ремонт лифтового оборудования "Шиндлер" - Москва, п.Газопровод,101.</subject>
                            <currency>
                                <code>RUB</code>
                                <digitalCode>643</digitalCode>
                                <name>Российский рубль</name>
                            </currency>
                            <initialSum>2579000.00</initialSum>
                            <deliveryPlace>
                                <address>Согласно закупочной документации</address>
                            </deliveryPlace>
                            <lotItems>
                                <newCodes>true</newCodes>
                                <lotItem>
                                    <guid>3f12ca0c-8c83-c410-46bc-8402d4bfd8e1</guid>
                                    <ordinalNumber>1</ordinalNumber>
                                    <okpd2>
                                        <code>43.29.19</code>
                                        <name>Работы строительно-монтажные прочие, не включенные в другие группировки</name>
                                    </okpd2>
                                    <okved2>
                                        <code>43.29</code>
                                        <name>Производство прочих строительно-монтажных работ</name>
                                    </okved2>
                                    <okei>
                                        <code>876</code>
                                        <name>Условная единица</name>
                                    </okei>
                                    <qty>1</qty>
                                    <additionalInfo>Техническое обслуживание и ремонт лифтового оборудования "Шиндлер" - Москва, п.Газопровод,101.</additionalInfo>
                                </lotItem>
                            </lotItems>
                            <forSmallOrMiddle>false</forSmallOrMiddle>
                            <excludePurchaseFromPlan>false</excludePurchaseFromPlan>
                            <subcontractorsRequirement>false</subcontractorsRequirement>
                            <ignoredPurchase>false</ignoredPurchase>
                            <centralized>false</centralized>
                        </lotData>
                        <deliveryPlaceIndication>GL</deliveryPlaceIndication>
                        <jointLotData>
                            <jointLot>false</jointLot>
                        </jointLotData>
                        <lotPlanInfo>
                            <planRegistrationNumber>2160198795</planRegistrationNumber>
                            <planGuid>50205fa9-63fd-4915-bdd3-28209cda03b4</planGuid>
                            <positionNumber>457</positionNumber>
                            <lotPlanPosition>COMMODITY</lotPlanPosition>
                            <positionGuid>57f49524-ff07-4fbf-e100-00000a388ca5</positionGuid>
                        </lotPlanInfo>
                        <cancelled>false</cancelled>
                    </lot>
                </ns2:lots>
            </ns2:purchaseNoticeData>
        </ns2:item>
    </ns2:body>
</ns2:purchaseNotice>
