<?xml version="1.0" encoding="UTF-8" standalone="yes"?>
<ns2:purchaseNotice xsi:schemaLocation="http://zakupki.gov.ru/223/integration/schema/TFF-5.2 http://zakupki.gov.ru/223/integration/schema/TFF-5.2/purchase.xsd" xmlns="http://zakupki.gov.ru/223fz/types/1" xmlns:ns10="http://zakupki.gov.ru/223fz/purchasePlan/1" xmlns:ns11="http://zakupki.gov.ru/223fz/purchasePlanProject/1" xmlns:ns12="http://zakupki.gov.ru/223fz/purchasePlanProjectAdditionalPosition/1" xmlns:ns13="http://zakupki.gov.ru/223fz/contract/1" xmlns:ns14="http://zakupki.gov.ru/223fz/missedNotice/1" xmlns:ns15="http://zakupki.gov.ru/223fz/reference/1" xmlns:ns16="http://zakupki.gov.ru/223fz/stopCommodity/1" xmlns:ns17="http://zakupki.gov.ru/223fz/decisionSuspension/1" xmlns:ns18="http://zakupki.gov.ru/223fz/purchasePlanAdditionalPosition/1" xmlns:ns19="http://zakupki.gov.ru/223fz/webRequest/1" xmlns:ns2="http://zakupki.gov.ru/223fz/purchase/1" xmlns:xsi="http://www.w3.org/2001/XMLSchema-instance" xmlns:ns3="http://zakupki.gov.ru/223fz/dishonestSupplier/1" xmlns:ns4="http://zakupki.gov.ru/223fz/machineryListInfo/1" xmlns:ns5="http://zakupki.gov.ru/223fz/revenue/1" xmlns:ns6="http://zakupki.gov.ru/223fz/orderClauseList/1" xmlns:ns7="http://zakupki.gov.ru/223fz/disagreementProtocol/1" xmlns:ns8="http://zakupki.gov.ru/223fz/complaint/1" xmlns:ns9="http://zakupki.gov.ru/223fz/notificationIssue/1">
    <header>
        <guid>ec575a4b-74b6-4aa7-b222-31735dc65f00</guid>
        <createDateTime>2017-03-16T17:44:22</createDateTime>
    </header>
    <ns2:body>
        <ns2:item>
            <guid>5f955014-ffe9-2ed2-20eb-749b06bb2c2b</guid>
            <ns2:purchaseNoticeData>
                <ns2:guid>5f955014-ffe9-2ed2-20eb-749b06bb2c2b</ns2:guid>
                <ns2:createDateTime>2017-03-16T17:25:21</ns2:createDateTime>
                <ns2:urlOOS>https://zakupki.gov.ru/223/purchase/private/purchase/notice-info/details.html?noticeInfoId=5888031</ns2:urlOOS>
                <ns2:urlVSRZ>https://com.roseltorg.ru/#com/procedure/view/id/282123</ns2:urlVSRZ>
                <ns2:registrationNumber>31704851237</ns2:registrationNumber>
                <ns2:name>Приобретение газового барабанного счетчика для филиала «Сочинская ТЭС» АО «Интер РАО – Электрогенерация» (660.17.00036)</ns2:name>
                <ns2:customer>
                    <mainInfo>
                        <fullName>АКЦИОНЕРНОЕ ОБЩЕСТВО "ИНТЕР РАО-ЭЛЕКТРОГЕНЕРАЦИЯ"</fullName>
                        <shortName>АО "ИНТЕР РАО-ЭЛЕКТРОГЕНЕРАЦИЯ"</shortName>
                        <iko>57704784450770401001</iko>
                        <inn>7704784450</inn>
                        <kpp>770401001</kpp>
                        <ogrn>1117746460358</ogrn>
                        <legalAddress>119435, Г МОСКВА, УЛ ПИРОГОВСКАЯ Б., дом 27, корпус СТР.1</legalAddress>
                        <postalAddress>119435, Москва, Пироговская Б., дом 27, корпус стр.2</postalAddress>
                        <phone>7 (495) 664-88-70</phone>
                        <email>kaptur_sp@interrao.ru</email>
                        <okato>45286590000</okato>
                        <okpo>925164444</okpo>
                    </mainInfo>
                </ns2:customer>
                <ns2:purchaseMethodCode>6125</ns2:purchaseMethodCode>
                <ns2:purchaseCodeName>Открытый запрос предложений в электронной форме</ns2:purchaseCodeName>
                <ns2:placer>
                    <mainInfo>
                        <fullName>АКЦИОНЕРНОЕ ОБЩЕСТВО "ИНТЕР РАО-ЭЛЕКТРОГЕНЕРАЦИЯ"</fullName>
                        <shortName>АО "ИНТЕР РАО-ЭЛЕКТРОГЕНЕРАЦИЯ"</shortName>
                        <iko>57704784450770401001</iko>
                        <inn>7704784450</inn>
                        <kpp>770401001</kpp>
                        <ogrn>1117746460358</ogrn>
                        <legalAddress>119435, Г МОСКВА, УЛ ПИРОГОВСКАЯ Б., дом 27, корпус СТР.1</legalAddress>
                        <postalAddress>119435, Москва, Пироговская Б., дом 27, корпус стр.2</postalAddress>
                        <phone>7 (495) 664-88-70</phone>
                        <email>kaptur_sp@interrao.ru</email>
                        <okato>45286590000</okato>
                        <okpo>925164444</okpo>
                    </mainInfo>
                </ns2:placer>
                <ns2:contact>
                    <firstName>Татьяна</firstName>
                    <middleName>Александровна</middleName>
                    <lastName>Гречнева</lastName>
                    <phone>+7 (862) 2682415</phone>
                    <email>grechneva_ta@interrao.ru</email>
                    <organization>
                        <mainInfo>
                            <fullName>АКЦИОНЕРНОЕ ОБЩЕСТВО "ИНТЕР РАО-ЭЛЕКТРОГЕНЕРАЦИЯ"</fullName>
                            <shortName>АО "ИНТЕР РАО-ЭЛЕКТРОГЕНЕРАЦИЯ"</shortName>
                            <iko>57704784450770401001</iko>
                            <inn>7704784450</inn>
                            <kpp>770401001</kpp>
                            <ogrn>1117746460358</ogrn>
                            <legalAddress>119435, Г МОСКВА, УЛ ПИРОГОВСКАЯ Б., дом 27, корпус СТР.1</legalAddress>
                            <postalAddress>119435, Москва, Пироговская Б., дом 27, корпус стр.2</postalAddress>
                            <phone>7 (495) 664-88-70</phone>
                            <email>kaptur_sp@interrao.ru</email>
                            <okato>45286590000</okato>
                            <okpo>925164444</okpo>
                        </mainInfo>
                    </organization>
                </ns2:contact>
                <ns2:publicationDateTime>2017-03-16T17:44:21</ns2:publicationDateTime>
                <ns2:documentationDelivery>
                    <deliveryStartDateTime>2017-03-02</deliveryStartDateTime>
                    <deliveryEndDateTime>2017-03-21</deliveryEndDateTime>
                    <place>https://com.roseltorg.ru/</place>
                    <procedure>посредством размещения для скачивания и ознакомления</procedure>
                </ns2:documentationDelivery>
                <ns2:status>P</ns2:status>
                <ns2:version>5</ns2:version>
                <ns2:modificationDescription>Изложено в прилагаемой документации</ns2:modificationDescription>
                <ns2:notDishonest>true</ns2:notDishonest>
                <ns2:attachments>
                    <totalDocumentsCount>5</totalDocumentsCount>
                    <document>
                        <guid>910ee24c-79eb-d675-de7e-accbe88845e7</guid>
                        <createDateTime>2017-03-14T17:37:12</createDateTime>
                        <fileName>1._Уведомление_о_продлении_660.17.00036.docx</fileName>
                        <description>Уведомление о продлении приёма срока предложений</description>
                        <url>http://zakupki.gov.ru/223/purchase/public/download/download.html?id=30119282</url>
                    </document>
                    <document>
                        <guid>db5c968e-522e-5127-7f7b-d2168619161b</guid>
                        <createDateTime>2017-03-10T15:11:36</createDateTime>
                        <fileName>3._Уведомление_о_внесении_изменений[1].7z</fileName>
                        <description>Уведомление о внесении изменений в проект договора</description>
                        <url>http://zakupki.gov.ru/223/purchase/public/download/download.html?id=30119283</url>
                    </document>
                    <document>
                        <guid>5dfa5a0e-7d1f-eb27-87e9-23c7ccb4245b</guid>
                        <createDateTime>2017-03-16T17:23:48</createDateTime>
                        <fileName>4._Уведомление_о_продлении_и_изменении_в_ПД_2.7z</fileName>
                        <description>Уведомление о продлении и внесении изменений в проект договора</description>
                        <url>http://zakupki.gov.ru/223/purchase/public/download/download.html?id=30119285</url>
                    </document>
                    <document>
                        <guid>46cfd22e-0fa0-3818-d4ba-187c5b474359</guid>
                        <createDateTime>2017-03-15T15:46:48</createDateTime>
                        <fileName>3._Уведомление_о_внесении_изменений_в_ТЗ.7z</fileName>
                        <description>Уведомление о внесении изменений</description>
                        <url>http://zakupki.gov.ru/223/purchase/public/download/download.html?id=30119286</url>
                    </document>
                    <document>
                        <guid>ac98ecb0-9c5c-66f6-3675-074af389ba79</guid>
                        <createDateTime>2017-03-02T15:44:38</createDateTime>
                        <fileName>1._Закупочная_документация_660.17.00036.7z</fileName>
                        <description>Закупочная документация</description>
                        <url>http://zakupki.gov.ru/223/purchase/public/download/download.html?id=30119287</url>
                    </document>
                </ns2:attachments>
                <ns2:modificationDate>2017-03-16T17:44:22</ns2:modificationDate>
                <ns2:saveUserId>50376</ns2:saveUserId>
                <ns2:deliveryPlaceIndication>DIFFERENT_PLACE</ns2:deliveryPlaceIndication>
                <ns2:emergency>false</ns2:emergency>
                <ns2:jointPurchase>false</ns2:jointPurchase>
                <ns2:electronicPlaceInfo>
                    <name>АО "ЕЭТП"</name>
                    <url>http://www.roseltorg.ru/</url>
                    <electronicPlaceId>113</electronicPlaceId>
                </ns2:electronicPlaceInfo>
                <ns2:placingProcedure>
                    <ns2:examinationPlace>354002, РФ, Краснодарский край, г. Сочи, ул. Транспортная 133</ns2:examinationPlace>
                    <ns2:examinationDateTime>2017-03-21T10:30:00</ns2:examinationDateTime>
                    <ns2:summingupDateTime>2017-05-05T19:00:00</ns2:summingupDateTime>
                </ns2:placingProcedure>
                <ns2:submissionCloseDateTime>2017-03-21T10:00:00</ns2:submissionCloseDateTime>
                <ns2:publicationPlannedDate>2017-03-02</ns2:publicationPlannedDate>
                <ns2:lots>
                    <lot>
                        <guid>85afaed7-1998-78ab-c8ad-ca52d30418a9</guid>
                        <ordinalNumber>1</ordinalNumber>
                        <lotEditEnabled>true</lotEditEnabled>
                        <lotData>
                            <subject>Приобретение газового барабанного счетчика для Сочинской ТЭС</subject>
                            <currency>
                                <code>RUB</code>
                                <digitalCode>643</digitalCode>
                                <name>Российский рубль</name>
                            </currency>
                            <initialSum>637442.77</initialSum>
                            <deliveryPlace>
                                <address>В соответствии с условиями договора и техническим заданием</address>
                            </deliveryPlace>
                            <lotItems>
                                <newCodes>true</newCodes>
                                <lotItem>
                                    <guid>2669b9b1-c4b8-de91-7bc2-39497060dcae</guid>
                                    <ordinalNumber>1</ordinalNumber>
                                    <okpd2>
                                        <code>26.51.53.190</code>
                                        <name>Приборы и аппаратура для физического или химического анализа прочие, не включенные в другие группировки</name>
                                    </okpd2>
                                    <okved2>
                                        <code>26.51.7</code>
                                        <name>Производство приборов и аппаратуры для автоматического регулирования или управления</name>
                                    </okved2>
                                    <okei>
                                        <code>796</code>
                                        <name>Штука</name>
                                    </okei>
                                    <qty>1</qty>
                                    <additionalInfo>Газовый барабанный счетчик</additionalInfo>
                                </lotItem>
                            </lotItems>
                            <forSmallOrMiddle>true</forSmallOrMiddle>
                            <excludePurchaseFromPlan>false</excludePurchaseFromPlan>
                            <subcontractorsRequirement>false</subcontractorsRequirement>
                            <ignoredPurchase>false</ignoredPurchase>
                            <centralized>false</centralized>
                        </lotData>
                        <deliveryPlaceIndication>GL</deliveryPlaceIndication>
                        <jointLotData>
                            <jointLot>false</jointLot>
                        </jointLotData>
                        <lotPlanInfo>
                            <planRegistrationNumber>2160189736</planRegistrationNumber>
                            <planGuid>60957ac3-6f43-4cc2-a8c3-63e942f05fd8</planGuid>
                            <positionNumber>987</positionNumber>
                            <lotPlanPosition>COMMODITY</lotPlanPosition>
                            <positionGuid>a9898519-2054-0250-0987-000005576561</positionGuid>
                        </lotPlanInfo>
                        <cancelled>false</cancelled>
                    </lot>
                </ns2:lots>
            </ns2:purchaseNoticeData>
        </ns2:item>
    </ns2:body>
</ns2:purchaseNotice>
