<?xml version="1.0" encoding="UTF-8" standalone="yes"?>
<ns2:purchaseNotice xsi:schemaLocation="http://zakupki.gov.ru/223/integration/schema/TFF-5.2 http://zakupki.gov.ru/223/integration/schema/TFF-5.2/purchase.xsd" xmlns="http://zakupki.gov.ru/223fz/types/1" xmlns:ns10="http://zakupki.gov.ru/223fz/purchasePlan/1" xmlns:ns11="http://zakupki.gov.ru/223fz/purchasePlanProject/1" xmlns:ns12="http://zakupki.gov.ru/223fz/purchasePlanProjectAdditionalPosition/1" xmlns:ns13="http://zakupki.gov.ru/223fz/contract/1" xmlns:ns14="http://zakupki.gov.ru/223fz/missedNotice/1" xmlns:ns15="http://zakupki.gov.ru/223fz/reference/1" xmlns:ns16="http://zakupki.gov.ru/223fz/stopCommodity/1" xmlns:ns17="http://zakupki.gov.ru/223fz/decisionSuspension/1" xmlns:ns18="http://zakupki.gov.ru/223fz/purchasePlanAdditionalPosition/1" xmlns:ns19="http://zakupki.gov.ru/223fz/webRequest/1" xmlns:ns2="http://zakupki.gov.ru/223fz/purchase/1" xmlns:xsi="http://www.w3.org/2001/XMLSchema-instance" xmlns:ns3="http://zakupki.gov.ru/223fz/dishonestSupplier/1" xmlns:ns4="http://zakupki.gov.ru/223fz/machineryListInfo/1" xmlns:ns5="http://zakupki.gov.ru/223fz/revenue/1" xmlns:ns6="http://zakupki.gov.ru/223fz/orderClauseList/1" xmlns:ns7="http://zakupki.gov.ru/223fz/disagreementProtocol/1" xmlns:ns8="http://zakupki.gov.ru/223fz/complaint/1" xmlns:ns9="http://zakupki.gov.ru/223fz/notificationIssue/1">
    <header>
        <guid>7cd47854-298c-457f-9f01-9e12e0f5726b</guid>
        <createDateTime>2017-03-16T18:49:47</createDateTime>
    </header>
    <ns2:body>
        <ns2:item>
            <guid>406d4a0e-41f7-4bf3-90b1-d6f9e0991fc1</guid>
            <ns2:purchaseNoticeData>
                <ns2:guid>406d4a0e-41f7-4bf3-90b1-d6f9e0991fc1</ns2:guid>
                <ns2:createDateTime>2017-03-16T18:44:15</ns2:createDateTime>
                <ns2:urlOOS>https://zakupki.gov.ru/223/purchase/private/purchase/notice-info/details.html?noticeInfoId=5888352</ns2:urlOOS>
                <ns2:urlVSRZ>http://web.etprf.ru/NotificationZK/Print/id/173768</ns2:urlVSRZ>
                <ns2:registrationNumber>31704899986</ns2:registrationNumber>
                <ns2:name>Оказание услуг по подписке на периодические печатные и электронные издания на 2017 год</ns2:name>
                <ns2:customer>
                    <mainInfo>
                        <fullName>АКЦИОНЕРНОЕ ОБЩЕСТВО "НПО "ВЫСОКОТОЧНЫЕ КОМПЛЕКСЫ"</fullName>
                        <shortName>АО "НПО "ВЫСОКОТОЧНЫЕ КОМПЛЕКСЫ"</shortName>
                        <iko>57704721192770401001</iko>
                        <inn>7704721192</inn>
                        <kpp>770401001</kpp>
                        <ogrn>1097746068012</ogrn>
                        <legalAddress>119991, г МОСКВА, б-р ГОГОЛЕВСКИЙ, дом 21, корпус СТР. 1</legalAddress>
                        <postalAddress>121059, г. Москва, ул. Киевская, д.7, под.7</postalAddress>
                        <phone>7-495-9819277-376</phone>
                        <email>npovk@yandex.ru</email>
                        <okato>45286552000</okato>
                        <okpo>60390527</okpo>
                    </mainInfo>
                </ns2:customer>
                <ns2:purchaseMethodCode>109858</ns2:purchaseMethodCode>
                <ns2:purchaseCodeName>Запрос котировок в электронной форме</ns2:purchaseCodeName>
                <ns2:placer>
                    <mainInfo>
                        <fullName>АКЦИОНЕРНОЕ ОБЩЕСТВО "НПО "ВЫСОКОТОЧНЫЕ КОМПЛЕКСЫ"</fullName>
                        <shortName>АО "НПО "ВЫСОКОТОЧНЫЕ КОМПЛЕКСЫ"</shortName>
                        <iko>57704721192770401001</iko>
                        <inn>7704721192</inn>
                        <kpp>770401001</kpp>
                        <ogrn>1097746068012</ogrn>
                        <legalAddress>119991, г МОСКВА, б-р ГОГОЛЕВСКИЙ, дом 21, корпус СТР. 1</legalAddress>
                        <postalAddress>121059, г. Москва, ул. Киевская, д.7, под.7</postalAddress>
                        <phone>7-495-9819277-376</phone>
                        <email>npovk@yandex.ru</email>
                        <okato>45286552000</okato>
                        <okpo>60390527</okpo>
                    </mainInfo>
                </ns2:placer>
                <ns2:contact>
                    <firstName>Григорий</firstName>
                    <middleName>Сергеевич</middleName>
                    <lastName>Ковалёв</lastName>
                    <phone>84959819277доб624</phone>
                    <email>g.kovalev@npovk.ru</email>
                    <organization>
                        <mainInfo>
                            <fullName>АКЦИОНЕРНОЕ ОБЩЕСТВО "НПО "ВЫСОКОТОЧНЫЕ КОМПЛЕКСЫ"</fullName>
                            <shortName>АО "НПО "ВЫСОКОТОЧНЫЕ КОМПЛЕКСЫ"</shortName>
                            <iko>57704721192770401001</iko>
                            <inn>7704721192</inn>
                            <kpp>770401001</kpp>
                            <ogrn>1097746068012</ogrn>
                            <legalAddress>119991, г МОСКВА, б-р ГОГОЛЕВСКИЙ, дом 21, корпус СТР. 1</legalAddress>
                            <postalAddress>121059, г. Москва, ул. Киевская, д.7, под.7</postalAddress>
                            <phone>7-495-9819277-376</phone>
                            <email>npovk@yandex.ru</email>
                            <okato>45286552000</okato>
                            <okpo>60390527</okpo>
                        </mainInfo>
                    </organization>
                </ns2:contact>
                <ns2:publicationDateTime>2017-03-16T18:49:47</ns2:publicationDateTime>
                <ns2:documentationDelivery>
                    <deliveryStartDateTime>2017-03-16</deliveryStartDateTime>
                    <deliveryEndDateTime>2017-03-22</deliveryEndDateTime>
                    <place>Согласно документации</place>
                    <procedure>Согласно документации</procedure>
                </ns2:documentationDelivery>
                <ns2:status>P</ns2:status>
                <ns2:version>1</ns2:version>
                <ns2:notDishonest>true</ns2:notDishonest>
                <ns2:attachments>
                    <totalDocumentsCount>3</totalDocumentsCount>
                    <document>
                        <guid>b78de145-73e8-4481-bb59-5d4abc14acde</guid>
                        <createDateTime>2017-03-16T16:18:34</createDateTime>
                        <fileName>Документация о закупке.docx</fileName>
                        <description>Документация о закупке</description>
                        <url>http://zakupki.gov.ru/223/purchase/public/download/download.html?id=30120902</url>
                    </document>
                    <document>
                        <guid>e2cf0f69-4af1-43a2-b7ba-0be8f1400e3e</guid>
                        <createDateTime>2017-03-16T16:18:41</createDateTime>
                        <fileName>Проект договора.docx</fileName>
                        <description>Проект договора</description>
                        <url>http://zakupki.gov.ru/223/purchase/public/download/download.html?id=30120903</url>
                    </document>
                    <document>
                        <guid>b19197ab-059b-48bc-a13d-00f799dbc147</guid>
                        <createDateTime>2017-03-16T17:54:14</createDateTime>
                        <fileName>Техническое задание.docx</fileName>
                        <description>Техническое задание</description>
                        <url>http://zakupki.gov.ru/223/purchase/public/download/download.html?id=30120904</url>
                    </document>
                </ns2:attachments>
                <ns2:modificationDate>2017-03-16T18:49:47</ns2:modificationDate>
                <ns2:saveUserId>27903</ns2:saveUserId>
                <ns2:deliveryPlaceIndication>SINGLE_PLACE</ns2:deliveryPlaceIndication>
                <ns2:emergency>false</ns2:emergency>
                <ns2:jointPurchase>false</ns2:jointPurchase>
                <ns2:electronicPlaceInfo>
                    <name>ETPRF</name>
                    <url>http://etprf.ru</url>
                    <electronicPlaceId>142</electronicPlaceId>
                </ns2:electronicPlaceInfo>
                <ns2:submissionCloseDateTime>2017-03-22T21:00:00</ns2:submissionCloseDateTime>
                <ns2:publicationPlannedDate>2017-03-16</ns2:publicationPlannedDate>
                <ns2:templateVersion>1</ns2:templateVersion>
                <ns2:templateStructure>
                    <ns2:level>
                        <ns2:tabLevel>NOTICE</ns2:tabLevel>
                        <ns2:tab>
                            <tabOrdinal>1</tabOrdinal>
                            <tabName>Общая информация</tabName>
                            <fixedName>MAIN</fixedName>
                            <section>
                                <sectionOrdinal>1</sectionOrdinal>
                                <sectionName>Сведения о состоянии извещения</sectionName>
                                <fixedName>MAIN_STATUS</fixedName>
                            </section>
                            <section>
                                <sectionOrdinal>2</sectionOrdinal>
                                <sectionName>Сведения о заказчике</sectionName>
                                <fixedName>MAIN_CUSTOMER</fixedName>
                            </section>
                            <section>
                                <sectionOrdinal>3</sectionOrdinal>
                                <sectionName>Общие сведения о закупке</sectionName>
                                <fixedName>MAIN_PURCHASE</fixedName>
                            </section>
                            <section>
                                <sectionOrdinal>4</sectionOrdinal>
                                <sectionName>Контактная информация</sectionName>
                                <fixedName>MAIN_CONTACTS</fixedName>
                            </section>
                        </ns2:tab>
                        <ns2:tab>
                            <tabOrdinal>2</tabOrdinal>
                            <tabName>Порядок размещения закупки</tabName>
                            <fixedName>COMMISSION</fixedName>
                            <section>
                                <sectionOrdinal>1</sectionOrdinal>
                                <sectionName>Публикация извещения</sectionName>
                                <fixedName>COMMISSION_PUBLISH</fixedName>
                            </section>
                        </ns2:tab>
                        <ns2:tab>
                            <tabOrdinal>3</tabOrdinal>
                            <tabName>Список лотов</tabName>
                            <fixedName>LOTS</fixedName>
                            <section>
                                <sectionOrdinal>1</sectionOrdinal>
                                <sectionName>Сведения о лотах</sectionName>
                                <fixedName>LOTS_INFO</fixedName>
                            </section>
                        </ns2:tab>
                        <ns2:tab>
                            <tabOrdinal>6</tabOrdinal>
                            <tabName>Документация</tabName>
                            <fixedName>DOCS</fixedName>
                            <section>
                                <sectionOrdinal>1</sectionOrdinal>
                                <sectionName>Предоставление документации</sectionName>
                                <fixedName>DOCS_INFO</fixedName>
                            </section>
                            <section>
                                <sectionOrdinal>2</sectionOrdinal>
                                <sectionName>Файлы документации</sectionName>
                                <fixedName>DOCS_FILES</fixedName>
                            </section>
                        </ns2:tab>
                    </ns2:level>
                    <ns2:level>
                        <ns2:tabLevel>LOT</ns2:tabLevel>
                        <ns2:tab>
                            <tabOrdinal>4</tabOrdinal>
                            <tabName>Сведения о лоте</tabName>
                            <fixedName>LOT_INFORMATION</fixedName>
                            <section>
                                <sectionOrdinal>1</sectionOrdinal>
                                <sectionName>Общая информация о лоте</sectionName>
                                <fixedName>LOT_INFO</fixedName>
                            </section>
                            <section>
                                <sectionOrdinal>2</sectionOrdinal>
                                <sectionName>Информация о товаре, работе, услуге</sectionName>
                                <fixedName>LOT_GOODS</fixedName>
                            </section>
                            <section>
                                <sectionOrdinal>3</sectionOrdinal>
                                <sectionName>Место поставки</sectionName>
                                <fixedName>LOT_PLACE</fixedName>
                            </section>
                        </ns2:tab>
                    </ns2:level>
                    <ns2:level>
                        <ns2:tabLevel>LOT_CUSTOMER</ns2:tabLevel>
                        <ns2:tab>
                            <tabOrdinal>5</tabOrdinal>
                            <tabName>Сведения по заказчику</tabName>
                            <fixedName>LOT_CUSTOMER</fixedName>
                            <section>
                                <sectionOrdinal>1</sectionOrdinal>
                                <sectionName>Общая информация по Заказчику</sectionName>
                                <fixedName>LOT_CUSTOMER_INFO</fixedName>
                            </section>
                            <section>
                                <sectionOrdinal>2</sectionOrdinal>
                                <sectionName>Информация о товаре, работе, услуге</sectionName>
                                <fixedName>LOT_CUSTOMER_GOODS</fixedName>
                            </section>
                            <section>
                                <sectionOrdinal>3</sectionOrdinal>
                                <sectionName>Место поставки</sectionName>
                                <fixedName>LOT_CUSTOMER_PLACE</fixedName>
                            </section>
                        </ns2:tab>
                    </ns2:level>
                </ns2:templateStructure>
                <ns2:extendFields>
                    <noticeExtendField>
                        <extendField>
                            <integrCode>a</integrCode>
                            <description>Официальный сайт заказчика</description>
                            <type>LINK</type>
                            <value>
                                <url>www.npovk.ru</url>
                            </value>
                        </extendField>
                        <position>
                            <tabOrdinal>1</tabOrdinal>
                            <tabName>MAIN</tabName>
                            <sectionOrdinal>2</sectionOrdinal>
                            <sectionName>MAIN_SEC_Сведения о заказчике</sectionName>
                        </position>
                    </noticeExtendField>
                    <noticeExtendField>
                        <extendField>
                            <integrCode>b</integrCode>
                            <description>Организатор закупки</description>
                            <type>TEXT</type>
                            <value>
                                <text>Функции организатора закупки выполняет Заказчик </text>
                            </value>
                        </extendField>
                        <extendField>
                            <integrCode>c</integrCode>
                            <description>Специализированная организация</description>
                            <type>TEXT</type>
                            <value>
                                <text>Не привлекается</text>
                            </value>
                        </extendField>
                        <extendField>
                            <integrCode>e</integrCode>
                            <description>Обеспечение заявки</description>
                            <type>TEXT</type>
                            <value>
                                <text>Требуется в размере 10 688 руб., НДС не облагается, путем перечисления денежных средств на счет, открытый участнику оператором ЭТП, в срок не позднее момента окончания подачи заявок.</text>
                            </value>
                        </extendField>
                        <extendField>
                            <integrCode>g</integrCode>
                            <description>Срок заключения договора</description>
                            <type>TEXT</type>
                            <value>
                                <text>Не ранее 10 дней и не позднее 11 дней со дня официального размещения протокола, которым были подведены итоги закупки</text>
                            </value>
                        </extendField>
                        <extendField>
                            <integrCode>h</integrCode>
                            <description>Срок отказа от проведения закупки</description>
                            <type>TEXT</type>
                            <value>
                                <text>Организатор закупки вправе отказаться от проведения закупки без каких-либо последствий в любой момент до подведения ее итогов</text>
                            </value>
                        </extendField>
                        <extendField>
                            <integrCode>j</integrCode>
                            <description>Дополнительные комментарии</description>
                            <type>TEXT</type>
                            <value>
                                <text>Остальные и более подробные условия проведения закупки содержатся в документации о закупке.
Запрос котировок не является торгами согласно законодательству и не влечет для заказчика и/или организатора закупки возникновения соответствующего объема обязательств, предусмотренного статьями 447 – 449 Гражданского кодекса Российской Федерации.
</text>
                            </value>
                        </extendField>
                        <position>
                            <tabOrdinal>1</tabOrdinal>
                            <tabName>MAIN</tabName>
                            <sectionOrdinal>3</sectionOrdinal>
                            <sectionName>MAIN_SEC_Общие сведения о закупке</sectionName>
                        </position>
                    </noticeExtendField>
                    <noticeExtendField>
                        <extendField>
                            <integrCode>d</integrCode>
                            <description>Mесто подачи заявок</description>
                            <type>TEXT</type>
                            <value>
                                <text>Общество с ограниченной ответственностью  «ЭТП» (ООО «ЭТП»), www.etprf.ru. </text>
                            </value>
                        </extendField>
                        <extendField>
                            <integrCode>f</integrCode>
                            <description>Место и дата рассмотрения, оценки и сопоставления заявок (подведения итогов закупки)</description>
                            <type>TEXT</type>
                            <value>
                                <text>«23» марта 2017 года по адресу: г. Москва, ул. Киевская, д.7.</text>
                            </value>
                        </extendField>
                        <position>
                            <tabOrdinal>2</tabOrdinal>
                            <tabName>COMMISSION</tabName>
                            <sectionOrdinal>1</sectionOrdinal>
                            <sectionName>COMISSION_SEC_Публикация извещения</sectionName>
                        </position>
                    </noticeExtendField>
                </ns2:extendFields>
                <ns2:lots>
                    <lot>
                        <guid>406d4a0e-41f7-4bf3-90b1-d6f9e0991fc1</guid>
                        <ordinalNumber>1</ordinalNumber>
                        <lotEditEnabled>true</lotEditEnabled>
                        <lotData>
                            <subject>Оказание услуг по подписке на периодические печатные и электронные издания на 2018 год</subject>
                            <currency>
                                <code>RUB</code>
                                <digitalCode>643</digitalCode>
                                <name>Российский рубль</name>
                            </currency>
                            <initialSum>1068885.75</initialSum>
                            <deliveryPlace>
                                <address>121059, г. Москва, ул. Киевская, д. 7, подъезд 7, этаж 7, офис АО «НПО «Высокоточные комплексы»</address>
                            </deliveryPlace>
                            <lotItems>
                                <newCodes>true</newCodes>
                                <lotItem>
                                    <guid>259a43cc-cc28-4cca-a729-56f242492912</guid>
                                    <ordinalNumber>1</ordinalNumber>
                                    <okpd2>
                                        <code>53.10</code>
                                        <name>Услуги почтовой связи общего пользования</name>
                                    </okpd2>
                                    <okved2>
                                        <code>53.10</code>
                                        <name>Деятельность почтовой связи общего пользования</name>
                                    </okved2>
                                    <okei>
                                        <code>839</code>
                                        <name>Комплект</name>
                                    </okei>
                                    <qty>58</qty>
                                </lotItem>
                            </lotItems>
                            <forSmallOrMiddle>false</forSmallOrMiddle>
                            <excludePurchaseFromPlan>false</excludePurchaseFromPlan>
                            <subcontractorsRequirement>false</subcontractorsRequirement>
                            <ignoredPurchase>false</ignoredPurchase>
                            <centralized>false</centralized>
                        </lotData>
                        <deliveryPlaceIndication>GL</deliveryPlaceIndication>
                        <jointLotData>
                            <jointLot>false</jointLot>
                        </jointLotData>
                        <lotPlanInfo>
                            <planRegistrationNumber>2160208649</planRegistrationNumber>
                            <planGuid>95aab1c4-7385-49ce-bf94-4568c7b37629</planGuid>
                            <positionNumber>57</positionNumber>
                            <lotPlanPosition>COMMODITY</lotPlanPosition>
                            <positionGuid>85b7cb8a-1f34-4580-9837-f02c6a43f03f</positionGuid>
                        </lotPlanInfo>
                        <cancelled>false</cancelled>
                    </lot>
                </ns2:lots>
            </ns2:purchaseNoticeData>
        </ns2:item>
    </ns2:body>
</ns2:purchaseNotice>
