<?xml version="1.0" encoding="UTF-8" standalone="yes"?>
<ns2:purchaseNotice xsi:schemaLocation="http://zakupki.gov.ru/223/integration/schema/TFF-5.2 http://zakupki.gov.ru/223/integration/schema/TFF-5.2/purchase.xsd" xmlns="http://zakupki.gov.ru/223fz/types/1" xmlns:ns10="http://zakupki.gov.ru/223fz/purchasePlan/1" xmlns:ns11="http://zakupki.gov.ru/223fz/purchasePlanProject/1" xmlns:ns12="http://zakupki.gov.ru/223fz/purchasePlanProjectAdditionalPosition/1" xmlns:ns13="http://zakupki.gov.ru/223fz/contract/1" xmlns:ns14="http://zakupki.gov.ru/223fz/missedNotice/1" xmlns:ns15="http://zakupki.gov.ru/223fz/reference/1" xmlns:ns16="http://zakupki.gov.ru/223fz/stopCommodity/1" xmlns:ns17="http://zakupki.gov.ru/223fz/decisionSuspension/1" xmlns:ns18="http://zakupki.gov.ru/223fz/purchasePlanAdditionalPosition/1" xmlns:ns19="http://zakupki.gov.ru/223fz/webRequest/1" xmlns:ns2="http://zakupki.gov.ru/223fz/purchase/1" xmlns:xsi="http://www.w3.org/2001/XMLSchema-instance" xmlns:ns3="http://zakupki.gov.ru/223fz/dishonestSupplier/1" xmlns:ns4="http://zakupki.gov.ru/223fz/machineryListInfo/1" xmlns:ns5="http://zakupki.gov.ru/223fz/revenue/1" xmlns:ns6="http://zakupki.gov.ru/223fz/orderClauseList/1" xmlns:ns7="http://zakupki.gov.ru/223fz/disagreementProtocol/1" xmlns:ns8="http://zakupki.gov.ru/223fz/complaint/1" xmlns:ns9="http://zakupki.gov.ru/223fz/notificationIssue/1">
    <header>
        <guid>57f8a64d-5c63-4185-b457-bbf9a18b9377</guid>
        <createDateTime>2017-03-16T18:39:32</createDateTime>
    </header>
    <ns2:body>
        <ns2:item>
            <guid>b507cfd1-0d97-d3ea-c0a5-6a87e471d29c</guid>
            <ns2:purchaseNoticeData>
                <ns2:guid>b507cfd1-0d97-d3ea-c0a5-6a87e471d29c</ns2:guid>
                <ns2:createDateTime>2017-03-16T18:18:25</ns2:createDateTime>
                <ns2:urlOOS>https://zakupki.gov.ru/223/purchase/private/purchase/notice-info/details.html?noticeInfoId=5888295</ns2:urlOOS>
                <ns2:urlVSRZ>https://etpgaz.gazprombank.ru/#com/procedure/view/procedure/85425</ns2:urlVSRZ>
                <ns2:registrationNumber>31704899968</ns2:registrationNumber>
                <ns2:name>Выбор на этапе проектно-изыскательских работ  поставщика аппаратов воздушного охлаждения для объекта «Реконструкция установки стабилизации конденсата Сосногорского ГПЗ» для нужд ООО "Газпром комплектация"  (№ 0001/17/4.4/0009983/ГПК/ЗП/ГОС/Э/16.03.2017)</ns2:name>
                <ns2:customer>
                    <mainInfo>
                        <fullName>Общество с ограниченной ответственностью "Газпром комплектация"</fullName>
                        <shortName>ООО "Газпром комплектация"</shortName>
                        <iko>67740000044773601001</iko>
                        <inn>7740000044</inn>
                        <kpp>773601001</kpp>
                        <ogrn>1027700501113</ogrn>
                        <legalAddress>119991, Москва, Строителей, дом 8, корпус КОРПУС 1</legalAddress>
                        <postalAddress>119991, г. Москва, ул. Строителей, д. 8, корп. 1</postalAddress>
                        <phone>7-495-6315782</phone>
                        <email>komplekt@komplekt.gazprom.ru</email>
                        <okato>45293558000</okato>
                        <okpo>05030632</okpo>
                    </mainInfo>
                </ns2:customer>
                <ns2:purchaseMethodCode>8993</ns2:purchaseMethodCode>
                <ns2:purchaseCodeName>29 (Газпром) Открытый запрос предложений в электронной форме</ns2:purchaseCodeName>
                <ns2:placer>
                    <mainInfo>
                        <fullName>ПУБЛИЧНОЕ АКЦИОНЕРНОЕ ОБЩЕСТВО "ГАЗПРОМ"</fullName>
                        <shortName>ПАО "ГАЗПРОМ"</shortName>
                        <iko>57736050003772801001</iko>
                        <inn>7736050003</inn>
                        <kpp>772801001</kpp>
                        <ogrn>1027700070518</ogrn>
                        <legalAddress>117997, г МОСКВА, ул НАМЕТКИНА, дом 16</legalAddress>
                        <postalAddress>ул. Наметкина, д. 16, г. Москва, ГСП-7, 117997</postalAddress>
                        <phone>7-495-7198103</phone>
                        <email>223@adm.gazprom.ru</email>
                        <okato>45293590000</okato>
                        <okpo>45908000</okpo>
                    </mainInfo>
                </ns2:placer>
                <ns2:contact>
                    <firstName>Константин</firstName>
                    <middleName>Германович</middleName>
                    <lastName>Иванов</lastName>
                    <phone>+7 (495) 71953</phone>
                    <email>K.Ivanov@adm.gazprom.ru</email>
                    <organization>
                        <mainInfo>
                            <fullName>ПУБЛИЧНОЕ АКЦИОНЕРНОЕ ОБЩЕСТВО "ГАЗПРОМ"</fullName>
                            <shortName>ПАО "ГАЗПРОМ"</shortName>
                            <iko>57736050003772801001</iko>
                            <inn>7736050003</inn>
                            <kpp>772801001</kpp>
                            <ogrn>1027700070518</ogrn>
                            <legalAddress>117997, г МОСКВА, ул НАМЕТКИНА, дом 16</legalAddress>
                            <postalAddress>ул. Наметкина, д. 16, г. Москва, ГСП-7, 117997</postalAddress>
                            <phone>7-495-7198103</phone>
                            <email>223@adm.gazprom.ru</email>
                            <okato>45293590000</okato>
                            <okpo>45908000</okpo>
                        </mainInfo>
                    </organization>
                </ns2:contact>
                <ns2:publicationDateTime>2017-03-16T18:39:32</ns2:publicationDateTime>
                <ns2:documentationDelivery>
                    <deliveryStartDateTime>2017-03-16</deliveryStartDateTime>
                    <deliveryEndDateTime>2017-03-27</deliveryEndDateTime>
                    <place>https://etpgaz.gazprombank.ru http://zakupki.gov.ru/223</place>
                    <procedure>Путем скачивания файлов в электронной форме</procedure>
                </ns2:documentationDelivery>
                <ns2:status>P</ns2:status>
                <ns2:version>1</ns2:version>
                <ns2:notDishonest>false</ns2:notDishonest>
                <ns2:attachments>
                    <totalDocumentsCount>1</totalDocumentsCount>
                    <document>
                        <guid>6f28fb14-6ce4-825c-5bbb-dd9976422982</guid>
                        <createDateTime>2017-03-16T18:17:57</createDateTime>
                        <fileName>9983_Для_Участника.rar</fileName>
                        <description>9983 Для Участника.rar</description>
                        <url>http://zakupki.gov.ru/223/purchase/public/download/download.html?id=30120634</url>
                    </document>
                </ns2:attachments>
                <ns2:modificationDate>2017-03-16T18:39:32</ns2:modificationDate>
                <ns2:saveUserId>175491</ns2:saveUserId>
                <ns2:deliveryPlaceIndication>DIFFERENT_PLACE</ns2:deliveryPlaceIndication>
                <ns2:emergency>false</ns2:emergency>
                <ns2:jointPurchase>true</ns2:jointPurchase>
                <ns2:electronicPlaceInfo>
                    <name>ЭТП ГПБ</name>
                    <url>https://etpgaz.gazprombank.ru/</url>
                    <electronicPlaceId>115</electronicPlaceId>
                </ns2:electronicPlaceInfo>
                <ns2:placingProcedure>
                    <ns2:examinationPlace>г. Санкт-Петербург, пл. Победы, д. 2</ns2:examinationPlace>
                    <ns2:examinationDateTime>2017-04-07T20:00:00</ns2:examinationDateTime>
                    <ns2:summingupDateTime>2017-04-07T20:00:00</ns2:summingupDateTime>
                </ns2:placingProcedure>
                <ns2:submissionCloseDateTime>2017-03-27T12:00:00</ns2:submissionCloseDateTime>
                <ns2:publicationPlannedDate>2017-03-16</ns2:publicationPlannedDate>
                <ns2:lots>
                    <lot>
                        <guid>1334cfd5-876f-4ea9-9a2c-181b38294402</guid>
                        <ordinalNumber>1</ordinalNumber>
                        <lotEditEnabled>true</lotEditEnabled>
                        <lotData>
                            <subject>Аппараты воздушного охлаждения для объекта "Реконструкция установки стабилизации конденсата Сосногорского ГПЗ"</subject>
                            <currency>
                                <code>RUB</code>
                                <digitalCode>643</digitalCode>
                                <name>Российский рубль</name>
                            </currency>
                            <initialSum>53582031.84</initialSum>
                            <deliveryPlace>
                                <address>Согласно закупочной документации</address>
                            </deliveryPlace>
                            <lotItems>
                                <newCodes>true</newCodes>
                                <lotItem>
                                    <guid>f76788f8-24ae-be13-a4ec-7a50586b63e5</guid>
                                    <ordinalNumber>1</ordinalNumber>
                                    <okpd2>
                                        <code>28.25.11.110</code>
                                        <name>Теплообменники</name>
                                    </okpd2>
                                    <okved2>
                                        <code>28.25</code>
                                        <name>Производство промышленного холодильного и вентиляционного оборудования</name>
                                    </okved2>
                                    <okei>
                                        <code>796</code>
                                        <name>Штука</name>
                                    </okei>
                                    <qty>1</qty>
                                    <additionalInfo>Аппарат воздушного охлаждения ХК-101</additionalInfo>
                                </lotItem>
                                <lotItem>
                                    <guid>b1468eda-71ec-5db3-0513-f590e622cfb3</guid>
                                    <ordinalNumber>2</ordinalNumber>
                                    <okpd2>
                                        <code>28.25.11.110</code>
                                        <name>Теплообменники</name>
                                    </okpd2>
                                    <okved2>
                                        <code>28.25</code>
                                        <name>Производство промышленного холодильного и вентиляционного оборудования</name>
                                    </okved2>
                                    <okei>
                                        <code>796</code>
                                        <name>Штука</name>
                                    </okei>
                                    <qty>1</qty>
                                    <additionalInfo>Аппарат воздушного охлаждения ХК-102</additionalInfo>
                                </lotItem>
                                <lotItem>
                                    <guid>1e219b0b-d334-a6ec-1d61-330d64486515</guid>
                                    <ordinalNumber>3</ordinalNumber>
                                    <okpd2>
                                        <code>28.25.11.110</code>
                                        <name>Теплообменники</name>
                                    </okpd2>
                                    <okved2>
                                        <code>28.25</code>
                                        <name>Производство промышленного холодильного и вентиляционного оборудования</name>
                                    </okved2>
                                    <okei>
                                        <code>796</code>
                                        <name>Штука</name>
                                    </okei>
                                    <qty>1</qty>
                                    <additionalInfo>Аппарат воздушного охлаждения ХК-105</additionalInfo>
                                </lotItem>
                                <lotItem>
                                    <guid>aacfde5f-cde0-e037-5521-5ac6cf7a356c</guid>
                                    <ordinalNumber>4</ordinalNumber>
                                    <okpd2>
                                        <code>28.25.11.110</code>
                                        <name>Теплообменники</name>
                                    </okpd2>
                                    <okved2>
                                        <code>28.25</code>
                                        <name>Производство промышленного холодильного и вентиляционного оборудования</name>
                                    </okved2>
                                    <okei>
                                        <code>796</code>
                                        <name>Штука</name>
                                    </okei>
                                    <qty>1</qty>
                                    <additionalInfo>Аппарат воздушного охлаждения ХК-160</additionalInfo>
                                </lotItem>
                                <lotItem>
                                    <guid>960c0de1-7f29-afd6-f44b-8416f4e7c22e</guid>
                                    <ordinalNumber>5</ordinalNumber>
                                    <okpd2>
                                        <code>28.25.11.110</code>
                                        <name>Теплообменники</name>
                                    </okpd2>
                                    <okved2>
                                        <code>28.25</code>
                                        <name>Производство промышленного холодильного и вентиляционного оборудования</name>
                                    </okved2>
                                    <okei>
                                        <code>796</code>
                                        <name>Штука</name>
                                    </okei>
                                    <qty>1</qty>
                                    <additionalInfo>Аппарат воздушного охлаждения ХК-201</additionalInfo>
                                </lotItem>
                                <lotItem>
                                    <guid>91aac72d-97e2-a1c2-8a72-13f0ca35d8f4</guid>
                                    <ordinalNumber>6</ordinalNumber>
                                    <okpd2>
                                        <code>28.25.11.110</code>
                                        <name>Теплообменники</name>
                                    </okpd2>
                                    <okved2>
                                        <code>28.25</code>
                                        <name>Производство промышленного холодильного и вентиляционного оборудования</name>
                                    </okved2>
                                    <okei>
                                        <code>796</code>
                                        <name>Штука</name>
                                    </okei>
                                    <qty>1</qty>
                                    <additionalInfo>Аппарат воздушного охлаждения ХК-202</additionalInfo>
                                </lotItem>
                                <lotItem>
                                    <guid>3e747d29-a758-4286-ad72-c857447c703e</guid>
                                    <ordinalNumber>7</ordinalNumber>
                                    <okpd2>
                                        <code>28.25.11.110</code>
                                        <name>Теплообменники</name>
                                    </okpd2>
                                    <okved2>
                                        <code>28.25</code>
                                        <name>Производство промышленного холодильного и вентиляционного оборудования</name>
                                    </okved2>
                                    <okei>
                                        <code>796</code>
                                        <name>Штука</name>
                                    </okei>
                                    <qty>1</qty>
                                    <additionalInfo>Аппарат воздушного охлаждения  ХК-205</additionalInfo>
                                </lotItem>
                                <lotItem>
                                    <guid>7e1d6b03-6089-9bac-a944-876e5b89c980</guid>
                                    <ordinalNumber>8</ordinalNumber>
                                    <okpd2>
                                        <code>28.25.11.110</code>
                                        <name>Теплообменники</name>
                                    </okpd2>
                                    <okved2>
                                        <code>28.25</code>
                                        <name>Производство промышленного холодильного и вентиляционного оборудования</name>
                                    </okved2>
                                    <okei>
                                        <code>796</code>
                                        <name>Штука</name>
                                    </okei>
                                    <qty>1</qty>
                                    <additionalInfo>Аппарат воздушного охлаждения ХК-260</additionalInfo>
                                </lotItem>
                            </lotItems>
                            <forSmallOrMiddle>false</forSmallOrMiddle>
                            <excludePurchaseFromPlan>false</excludePurchaseFromPlan>
                            <subcontractorsRequirement>false</subcontractorsRequirement>
                            <ignoredPurchase>false</ignoredPurchase>
                            <centralized>false</centralized>
                        </lotData>
                        <deliveryPlaceIndication>GL</deliveryPlaceIndication>
                        <jointLotData>
                            <jointLot>false</jointLot>
                        </jointLotData>
                        <lotPlanInfo>
                            <planRegistrationNumber>2160195932</planRegistrationNumber>
                            <planGuid>65f8f22d-8916-44d2-86c6-876ac125ccf2</planGuid>
                            <positionNumber>108</positionNumber>
                            <lotPlanPosition>COMMODITY</lotPlanPosition>
                            <positionGuid>5892fc62-d15c-ce6d-e100-00000a388ca6</positionGuid>
                        </lotPlanInfo>
                        <cancelled>false</cancelled>
                    </lot>
                </ns2:lots>
            </ns2:purchaseNoticeData>
        </ns2:item>
    </ns2:body>
</ns2:purchaseNotice>
