<?xml version="1.0" encoding="UTF-8" standalone="yes"?>
<ns2:purchaseNotice xsi:schemaLocation="http://zakupki.gov.ru/223/integration/schema/TFF-5.2 http://zakupki.gov.ru/223/integration/schema/TFF-5.2/purchase.xsd" xmlns="http://zakupki.gov.ru/223fz/types/1" xmlns:ns10="http://zakupki.gov.ru/223fz/purchasePlan/1" xmlns:ns11="http://zakupki.gov.ru/223fz/purchasePlanProject/1" xmlns:ns12="http://zakupki.gov.ru/223fz/purchasePlanProjectAdditionalPosition/1" xmlns:ns13="http://zakupki.gov.ru/223fz/contract/1" xmlns:ns14="http://zakupki.gov.ru/223fz/missedNotice/1" xmlns:ns15="http://zakupki.gov.ru/223fz/reference/1" xmlns:ns16="http://zakupki.gov.ru/223fz/stopCommodity/1" xmlns:ns17="http://zakupki.gov.ru/223fz/decisionSuspension/1" xmlns:ns18="http://zakupki.gov.ru/223fz/purchasePlanAdditionalPosition/1" xmlns:ns19="http://zakupki.gov.ru/223fz/webRequest/1" xmlns:ns2="http://zakupki.gov.ru/223fz/purchase/1" xmlns:xsi="http://www.w3.org/2001/XMLSchema-instance" xmlns:ns3="http://zakupki.gov.ru/223fz/dishonestSupplier/1" xmlns:ns4="http://zakupki.gov.ru/223fz/machineryListInfo/1" xmlns:ns5="http://zakupki.gov.ru/223fz/revenue/1" xmlns:ns6="http://zakupki.gov.ru/223fz/orderClauseList/1" xmlns:ns7="http://zakupki.gov.ru/223fz/disagreementProtocol/1" xmlns:ns8="http://zakupki.gov.ru/223fz/complaint/1" xmlns:ns9="http://zakupki.gov.ru/223fz/notificationIssue/1">
    <header>
        <guid>064e0ca6-eba4-4a79-a79a-5b1164a0340b</guid>
        <createDateTime>2017-03-16T16:59:53</createDateTime>
    </header>
    <ns2:body>
        <ns2:item>
            <guid>c3a5c1ea-cc9a-4e9f-b82c-63d27195829c</guid>
            <ns2:purchaseNoticeData>
                <ns2:guid>c3a5c1ea-cc9a-4e9f-b82c-63d27195829c</ns2:guid>
                <ns2:createDateTime>2017-03-16T16:58:29</ns2:createDateTime>
                <ns2:urlOOS>https://zakupki.gov.ru/223/purchase/private/purchase/notice-info/details.html?noticeInfoId=5887801</ns2:urlOOS>
                <ns2:urlVSRZ>tender.otc.ru</ns2:urlVSRZ>
                <ns2:registrationNumber>31704899475</ns2:registrationNumber>
                <ns2:name>Поставка компьютерного оборудования для Строительно-монтажного треста №6</ns2:name>
                <ns2:customer>
                    <mainInfo>
                        <fullName>АКЦИОНЕРНОЕ ОБЩЕСТВО "РЖДСТРОЙ"</fullName>
                        <shortName>АО "РЖДСТРОЙ"</shortName>
                        <iko>67708587205770901001</iko>
                        <inn>7708587205</inn>
                        <kpp>770901001</kpp>
                        <ogrn>1067746082546</ogrn>
                        <legalAddress>105064, Г МОСКВА, УЛ КАЗАКОВА, дом 8, корпус СТР.6</legalAddress>
                        <postalAddress>105064, Москва, Казакова, дом 8, корпус СТР.6</postalAddress>
                        <phone>7-499-2603432-1247</phone>
                        <email>BoroninAV@rzdstroy.ru</email>
                        <okato>45286555000</okato>
                        <okpo>93287520</okpo>
                    </mainInfo>
                </ns2:customer>
                <ns2:purchaseMethodCode>111679</ns2:purchaseMethodCode>
                <ns2:purchaseCodeName>Запрос котировок в электронной форме</ns2:purchaseCodeName>
                <ns2:placer>
                    <mainInfo>
                        <fullName>АКЦИОНЕРНОЕ ОБЩЕСТВО "РЖДСТРОЙ"</fullName>
                        <shortName>АО "РЖДСТРОЙ"</shortName>
                        <iko>67708587205770901001</iko>
                        <inn>7708587205</inn>
                        <kpp>770901001</kpp>
                        <ogrn>1067746082546</ogrn>
                        <legalAddress>105064, Г МОСКВА, УЛ КАЗАКОВА, дом 8, корпус СТР.6</legalAddress>
                        <postalAddress>105064, Москва, Казакова, дом 8, корпус СТР.6</postalAddress>
                        <phone>7-499-2603432-1247</phone>
                        <email>BoroninAV@rzdstroy.ru</email>
                        <okato>45286555000</okato>
                        <okpo>93287520</okpo>
                    </mainInfo>
                </ns2:placer>
                <ns2:contact>
                    <firstName>Георгий</firstName>
                    <middleName>Игревич</middleName>
                    <lastName>Панченко</lastName>
                    <phone>+7 (499) 2603432, доб.: 1033</phone>
                    <email>panchenkogi@rzdstroy.ru</email>
                    <organization>
                        <mainInfo>
                            <fullName>АКЦИОНЕРНОЕ ОБЩЕСТВО "РЖДСТРОЙ"</fullName>
                            <shortName>АО "РЖДСТРОЙ"</shortName>
                            <iko>67708587205770901001</iko>
                            <inn>7708587205</inn>
                            <kpp>770901001</kpp>
                            <ogrn>1067746082546</ogrn>
                            <legalAddress>105064, Г МОСКВА, УЛ КАЗАКОВА, дом 8, корпус СТР.6</legalAddress>
                            <postalAddress>105064, Москва, Казакова, дом 8, корпус СТР.6</postalAddress>
                            <phone>7-499-2603432-1247</phone>
                            <email>BoroninAV@rzdstroy.ru</email>
                            <okato>45286555000</okato>
                            <okpo>93287520</okpo>
                        </mainInfo>
                    </organization>
                </ns2:contact>
                <ns2:publicationDateTime>2017-03-16T16:59:53</ns2:publicationDateTime>
                <ns2:documentationDelivery>
                    <deliveryStartDateTime>2017-03-16</deliveryStartDateTime>
                    <deliveryEndDateTime>2017-03-24</deliveryEndDateTime>
                    <place>Электронная торговая площадка</place>
                    <procedure>В электронной форме</procedure>
                </ns2:documentationDelivery>
                <ns2:status>P</ns2:status>
                <ns2:version>1</ns2:version>
                <ns2:notDishonest>true</ns2:notDishonest>
                <ns2:attachments>
                    <totalDocumentsCount>3</totalDocumentsCount>
                    <document>
                        <guid>f0d7625e-b2f7-401d-bb88-3e9eb80b2869</guid>
                        <createDateTime>2017-03-16T16:54:11</createDateTime>
                        <fileName>Извещение.docx</fileName>
                        <description>Извещение.docx</description>
                        <url>http://zakupki.gov.ru/223/purchase/public/download/download.html?id=30118328</url>
                    </document>
                    <document>
                        <guid>0d63848e-81aa-4dbf-87ad-75bc3c445299</guid>
                        <createDateTime>2017-03-16T16:54:17</createDateTime>
                        <fileName>Котировочная документация_порядок организации проведения закупки.docx</fileName>
                        <description>Котировочная документация_порядок организации проведения закупки.docx</description>
                        <url>http://zakupki.gov.ru/223/purchase/public/download/download.html?id=30118329</url>
                    </document>
                    <document>
                        <guid>8b37df76-d4ed-4afa-8632-724e19f4eaac</guid>
                        <createDateTime>2017-03-16T16:54:20</createDateTime>
                        <fileName>Котировочная документация_условия проведения закупки.docx</fileName>
                        <description>Котировочная документация_условия проведения закупки.docx</description>
                        <url>http://zakupki.gov.ru/223/purchase/public/download/download.html?id=30118330</url>
                    </document>
                </ns2:attachments>
                <ns2:modificationDate>2017-03-16T16:59:53</ns2:modificationDate>
                <ns2:saveUserId>260451</ns2:saveUserId>
                <ns2:deliveryPlaceIndication>DIFFERENT_PLACE</ns2:deliveryPlaceIndication>
                <ns2:emergency>false</ns2:emergency>
                <ns2:jointPurchase>false</ns2:jointPurchase>
                <ns2:electronicPlaceInfo>
                    <name>OTC-tender</name>
                    <url>tender.otc.ru</url>
                    <electronicPlaceId>106</electronicPlaceId>
                </ns2:electronicPlaceInfo>
                <ns2:placingProcedure>
                    <ns2:examinationPlace>г Ростов-на-Дону, пл Энергетиков, д 1/5</ns2:examinationPlace>
                    <ns2:examinationDateTime>2017-03-27T15:00:00</ns2:examinationDateTime>
                    <ns2:summingupDateTime>2017-03-27T16:00:00</ns2:summingupDateTime>
                </ns2:placingProcedure>
                <ns2:submissionCloseDateTime>2017-03-24T10:00:00</ns2:submissionCloseDateTime>
                <ns2:publicationPlannedDate>2017-03-16</ns2:publicationPlannedDate>
                <ns2:lots>
                    <lot>
                        <guid>147c67ef-4d53-4cb2-9e6a-652e92f39922</guid>
                        <ordinalNumber>1</ordinalNumber>
                        <lotEditEnabled>false</lotEditEnabled>
                        <lotData>
                            <subject>Поставка компьютерного оборудования для Строительно-монтажного треста №6</subject>
                            <currency>
                                <code>RUB</code>
                                <digitalCode>643</digitalCode>
                                <name>Российский рубль</name>
                            </currency>
                            <initialSum>1041500.00</initialSum>
                            <deliveryPlace>
                                <state>Южный федеральный округ</state>
                                <region>Ростовская   обл</region>
                                <regionOkato>60000000000</regionOkato>
                                <address>г Ростов-на-Дону, Энергетиков пер, д 1А/5</address>
                            </deliveryPlace>
                            <lotItems>
                                <newCodes>true</newCodes>
                                <lotItem>
                                    <guid>ef5ae82b-1ea9-48c3-a413-edabe8898a61</guid>
                                    <ordinalNumber>1</ordinalNumber>
                                    <okpd2>
                                        <code>47.41</code>
                                        <name>Услуги по розничной торговле компьютерами, периферийными устройствами к ним и программным обеспечением в специализированных магазинах</name>
                                    </okpd2>
                                    <okved2>
                                        <code>47.41</code>
                                        <name>Торговля розничная компьютерами, периферийными устройствами к ним и программным обеспечением в специализированных магазинах</name>
                                    </okved2>
                                    <okei>
                                        <code>876</code>
                                        <name>Условная единица</name>
                                    </okei>
                                    <qty>1</qty>
                                </lotItem>
                            </lotItems>
                            <forSmallOrMiddle>false</forSmallOrMiddle>
                            <excludePurchaseFromPlan>false</excludePurchaseFromPlan>
                            <subcontractorsRequirement>false</subcontractorsRequirement>
                            <ignoredPurchase>false</ignoredPurchase>
                            <centralized>false</centralized>
                        </lotData>
                        <deliveryPlaceIndication>GL</deliveryPlaceIndication>
                        <jointLotData>
                            <jointLot>false</jointLot>
                        </jointLotData>
                        <lotPlanInfo>
                            <planRegistrationNumber>2160210428</planRegistrationNumber>
                            <planGuid>7a3019e8-39bb-449d-8584-fa2ac8fd6d7a</planGuid>
                            <positionNumber>2265</positionNumber>
                            <lotPlanPosition>COMMODITY</lotPlanPosition>
                            <positionGuid>4597d353-1fe0-44c2-8334-dea3e0858bef</positionGuid>
                        </lotPlanInfo>
                        <cancelled>false</cancelled>
                    </lot>
                </ns2:lots>
            </ns2:purchaseNoticeData>
        </ns2:item>
    </ns2:body>
</ns2:purchaseNotice>
