<?xml version="1.0" encoding="UTF-8" standalone="yes"?>
<ns2:purchaseNotice xsi:schemaLocation="http://zakupki.gov.ru/223/integration/schema/TFF-5.2 http://zakupki.gov.ru/223/integration/schema/TFF-5.2/purchase.xsd" xmlns="http://zakupki.gov.ru/223fz/types/1" xmlns:ns10="http://zakupki.gov.ru/223fz/purchasePlan/1" xmlns:ns11="http://zakupki.gov.ru/223fz/purchasePlanProject/1" xmlns:ns12="http://zakupki.gov.ru/223fz/purchasePlanProjectAdditionalPosition/1" xmlns:ns13="http://zakupki.gov.ru/223fz/contract/1" xmlns:ns14="http://zakupki.gov.ru/223fz/missedNotice/1" xmlns:ns15="http://zakupki.gov.ru/223fz/reference/1" xmlns:ns16="http://zakupki.gov.ru/223fz/stopCommodity/1" xmlns:ns17="http://zakupki.gov.ru/223fz/decisionSuspension/1" xmlns:ns18="http://zakupki.gov.ru/223fz/purchasePlanAdditionalPosition/1" xmlns:ns19="http://zakupki.gov.ru/223fz/webRequest/1" xmlns:ns2="http://zakupki.gov.ru/223fz/purchase/1" xmlns:xsi="http://www.w3.org/2001/XMLSchema-instance" xmlns:ns3="http://zakupki.gov.ru/223fz/dishonestSupplier/1" xmlns:ns4="http://zakupki.gov.ru/223fz/machineryListInfo/1" xmlns:ns5="http://zakupki.gov.ru/223fz/revenue/1" xmlns:ns6="http://zakupki.gov.ru/223fz/orderClauseList/1" xmlns:ns7="http://zakupki.gov.ru/223fz/disagreementProtocol/1" xmlns:ns8="http://zakupki.gov.ru/223fz/complaint/1" xmlns:ns9="http://zakupki.gov.ru/223fz/notificationIssue/1">
    <header>
        <guid>7c7db7ea-5d58-431a-8ddc-0bce5df3d975</guid>
        <createDateTime>2017-03-16T17:35:10</createDateTime>
    </header>
    <ns2:body>
        <ns2:item>
            <guid>902875bb-83ae-4684-aae1-af5325e80e1a</guid>
            <ns2:purchaseNoticeData>
                <ns2:guid>902875bb-83ae-4684-aae1-af5325e80e1a</ns2:guid>
                <ns2:createDateTime>2017-03-16T17:33:32</ns2:createDateTime>
                <ns2:urlOOS>https://zakupki.gov.ru/223/purchase/private/purchase/notice-info/details.html?noticeInfoId=5888088</ns2:urlOOS>
                <ns2:registrationNumber>31704824125</ns2:registrationNumber>
                <ns2:name>ОАО«Российские железные дороги» в лице Московской дирекцииматериально-технического обеспечения – структурного подразделенияРосжелдорснаба – филиала ОАО «РЖД» (далее – заказчик) информирует о проведении открытогоаукциона среди субъектов малого и среднего предпринимательства (в электроннойформе) № 1084/ОАЭ-РЖДС/17на право заключения договорана поставку средств индивидуальной защиты.
</ns2:name>
                <ns2:customer>
                    <mainInfo>
                        <fullName>ОТКРЫТОЕ АКЦИОНЕРНОЕ ОБЩЕСТВО "РОССИЙСКИЕ ЖЕЛЕЗНЫЕ ДОРОГИ"</fullName>
                        <shortName>ОАО "РЖД"</shortName>
                        <iko>57708503727770801001</iko>
                        <inn>7708503727</inn>
                        <kpp>770801001</kpp>
                        <ogrn>1037739877295</ogrn>
                        <legalAddress>107174, Г МОСКВА, УЛ БАСМАННАЯ НОВ., дом ДОМ 2</legalAddress>
                        <postalAddress>107174, Москва Город, Басманная Нов. Улица, дом 2</postalAddress>
                        <phone>7-499-2621002</phone>
                        <fax>7-499-2629095</fax>
                        <email>BelozerovOlVal@yandex.ru</email>
                        <okato>45286555000</okato>
                        <okpo>00083262</okpo>
                    </mainInfo>
                </ns2:customer>
                <ns2:purchaseMethodCode>95157</ns2:purchaseMethodCode>
                <ns2:purchaseCodeName>Открытый аукцион в электронной форме (по Положению ОАО "РЖД")</ns2:purchaseCodeName>
                <ns2:placer>
                    <mainInfo>
                        <fullName>ОТКРЫТОЕ АКЦИОНЕРНОЕ ОБЩЕСТВО "РОССИЙСКИЕ ЖЕЛЕЗНЫЕ ДОРОГИ"</fullName>
                        <shortName>ОАО "РЖД"</shortName>
                        <iko>57708503727770801001</iko>
                        <inn>7708503727</inn>
                        <kpp>770801001</kpp>
                        <ogrn>1037739877295</ogrn>
                        <legalAddress>107174, Г МОСКВА, УЛ БАСМАННАЯ НОВ., дом ДОМ 2</legalAddress>
                        <postalAddress>107174, Москва Город, Басманная Нов. Улица, дом 2</postalAddress>
                        <phone>7-499-2621002</phone>
                        <fax>7-499-2629095</fax>
                        <email>BelozerovOlVal@yandex.ru</email>
                        <okato>45286555000</okato>
                        <okpo>00083262</okpo>
                    </mainInfo>
                </ns2:placer>
                <ns2:contact>
                    <lastName>Голованова Наталья Юрьевна</lastName>
                    <phone>+7 (499) 6239179</phone>
                    <email>mdmto_golovanovanu@mzd.ru</email>
                    <organization>
                        <mainInfo>
                            <fullName>ОТКРЫТОЕ АКЦИОНЕРНОЕ ОБЩЕСТВО "РОССИЙСКИЕ ЖЕЛЕЗНЫЕ ДОРОГИ"</fullName>
                            <shortName>ОАО "РЖД"</shortName>
                            <iko>57708503727770801001</iko>
                            <inn>7708503727</inn>
                            <kpp>770801001</kpp>
                            <ogrn>1037739877295</ogrn>
                            <legalAddress>107174, Г МОСКВА, УЛ БАСМАННАЯ НОВ., дом ДОМ 2</legalAddress>
                            <postalAddress>107174, Москва Город, Басманная Нов. Улица, дом 2</postalAddress>
                            <phone>7-499-2621002</phone>
                            <fax>7-499-2629095</fax>
                            <email>BelozerovOlVal@yandex.ru</email>
                            <okato>45286555000</okato>
                            <okpo>00083262</okpo>
                        </mainInfo>
                    </organization>
                </ns2:contact>
                <ns2:publicationDateTime>2017-03-16T17:35:10</ns2:publicationDateTime>
                <ns2:documentationDelivery>
                    <deliveryStartDateTime>2017-02-22</deliveryStartDateTime>
                    <deliveryEndDateTime>2017-03-13</deliveryEndDateTime>
                    <place>Документация размещена в Единой информационной системе, на сайте  www.rzd.ru (далее – сайты).
В случае возникновения технических и иных неполадок при работе единой информационной системы, блокирующих доступ к Единой информационной системе в течение более чем одного рабочего дня, информация, подлежащая размещению в Единой информационной системе размещается на сайте www.rzd.ru, а также на сайте http://etzp.rzd.ru  с последующим размещением такой информации в Единой информационной системе в течение одного рабочего дня со дня устранения технических или иных неполадок, блокирующих доступ к Единой информационной системе, и считается размещенной в установленном порядке.
</place>
                    <procedure>Плата за предоставление документации не взимается.
Документация доступна для ознакомления на перечисленных сайтах с момента ее опубликования без ограничений.
</procedure>
                </ns2:documentationDelivery>
                <ns2:status>P</ns2:status>
                <ns2:version>2</ns2:version>
                <ns2:modificationDescription>решение конкурной комиссии</ns2:modificationDescription>
                <ns2:notDishonest>true</ns2:notDishonest>
                <ns2:attachments>
                    <totalDocumentsCount>3</totalDocumentsCount>
                    <document>
                        <guid>4e671a59-bfa7-4473-928c-f0400a71c471</guid>
                        <createDateTime>2017-02-22T13:14:41</createDateTime>
                        <fileName>Документация.docx</fileName>
                        <description>Документация</description>
                        <url>http://zakupki.gov.ru/223/purchase/public/download/download.html?id=30119571</url>
                    </document>
                    <document>
                        <guid>9c52725c-733e-4bdf-a397-62d81107312b</guid>
                        <createDateTime>2017-02-22T13:14:48</createDateTime>
                        <fileName>Извещение.doc</fileName>
                        <description>Извещение</description>
                        <url>http://zakupki.gov.ru/223/purchase/public/download/download.html?id=30119572</url>
                    </document>
                    <document>
                        <guid>c032eeae-afe3-4c75-b1d9-0cdbccd99c87</guid>
                        <createDateTime>2017-03-16T17:34:51</createDateTime>
                        <fileName>Уведомление о переносе сроков рассмотрения и провдедения открытого аукциона от 16.03.2017.pdf</fileName>
                        <description>Уведомление о переносе сроков рассмотрения и провдедения открытого аукциона от 16.03.2017</description>
                        <url>http://zakupki.gov.ru/223/purchase/public/download/download.html?id=30119606</url>
                    </document>
                </ns2:attachments>
                <ns2:modificationDate>2017-03-16T17:35:10</ns2:modificationDate>
                <ns2:saveUserId>254413</ns2:saveUserId>
                <ns2:deliveryPlaceIndication>DIFFERENT_PLACE</ns2:deliveryPlaceIndication>
                <ns2:emergency>false</ns2:emergency>
                <ns2:jointPurchase>false</ns2:jointPurchase>
                <ns2:electronicPlaceInfo>
                    <name>Электронная торгово-закупочная площадка ОАО "РЖД"</name>
                    <url>http://etzp.rzd.ru</url>
                    <electronicPlaceId>112</electronicPlaceId>
                </ns2:electronicPlaceInfo>
                <ns2:submissionCloseDateTime>2017-03-13T12:00:00</ns2:submissionCloseDateTime>
                <ns2:publicationPlannedDate>2017-02-22</ns2:publicationPlannedDate>
                <ns2:templateVersion>13</ns2:templateVersion>
                <ns2:templateStructure>
                    <ns2:level>
                        <ns2:tabLevel>NOTICE</ns2:tabLevel>
                        <ns2:tab>
                            <tabOrdinal>1</tabOrdinal>
                            <tabName>Общая информация</tabName>
                            <fixedName>MAIN</fixedName>
                            <section>
                                <sectionOrdinal>1</sectionOrdinal>
                                <sectionName>Сведения о состоянии извещения</sectionName>
                                <fixedName>MAIN_STATUS</fixedName>
                            </section>
                            <section>
                                <sectionOrdinal>2</sectionOrdinal>
                                <sectionName>Сведения о заказчике</sectionName>
                                <fixedName>MAIN_CUSTOMER</fixedName>
                            </section>
                            <section>
                                <sectionOrdinal>3</sectionOrdinal>
                                <sectionName>Общие сведения о закупке</sectionName>
                                <fixedName>MAIN_PURCHASE</fixedName>
                            </section>
                            <section>
                                <sectionOrdinal>4</sectionOrdinal>
                                <sectionName>Контактная информация</sectionName>
                                <fixedName>MAIN_CONTACTS</fixedName>
                            </section>
                            <section>
                                <sectionOrdinal>5</sectionOrdinal>
                                <sectionName>Обеспечение заявок и исполнения договора</sectionName>
                            </section>
                        </ns2:tab>
                        <ns2:tab>
                            <tabOrdinal>2</tabOrdinal>
                            <tabName>Порядок размещения закупки</tabName>
                            <fixedName>COMMISSION</fixedName>
                            <section>
                                <sectionOrdinal>1</sectionOrdinal>
                                <sectionName>Публикация извещения</sectionName>
                                <fixedName>COMMISSION_PUBLISH</fixedName>
                            </section>
                        </ns2:tab>
                        <ns2:tab>
                            <tabOrdinal>3</tabOrdinal>
                            <tabName>Список лотов</tabName>
                            <fixedName>LOTS</fixedName>
                            <section>
                                <sectionOrdinal>1</sectionOrdinal>
                                <sectionName>Сведения о лотах</sectionName>
                                <fixedName>LOTS_INFO</fixedName>
                            </section>
                        </ns2:tab>
                        <ns2:tab>
                            <tabOrdinal>4</tabOrdinal>
                            <tabName>Документация</tabName>
                            <fixedName>DOCS</fixedName>
                            <section>
                                <sectionOrdinal>1</sectionOrdinal>
                                <sectionName>Предоставление документации</sectionName>
                                <fixedName>DOCS_INFO</fixedName>
                            </section>
                            <section>
                                <sectionOrdinal>2</sectionOrdinal>
                                <sectionName>Файлы документации</sectionName>
                                <fixedName>DOCS_FILES</fixedName>
                            </section>
                        </ns2:tab>
                    </ns2:level>
                    <ns2:level>
                        <ns2:tabLevel>LOT</ns2:tabLevel>
                        <ns2:tab>
                            <tabOrdinal>1</tabOrdinal>
                            <tabName>Сведения о лоте</tabName>
                            <fixedName>LOT_INFORMATION</fixedName>
                            <section>
                                <sectionOrdinal>1</sectionOrdinal>
                                <sectionName>Общая информация о лоте</sectionName>
                                <fixedName>LOT_INFO</fixedName>
                            </section>
                            <section>
                                <sectionOrdinal>2</sectionOrdinal>
                                <sectionName>Дата и время рассмотрения заявок и проведения аукциона</sectionName>
                            </section>
                            <section>
                                <sectionOrdinal>3</sectionOrdinal>
                                <sectionName>Информация о товаре, работе, услуге</sectionName>
                                <fixedName>LOT_GOODS</fixedName>
                            </section>
                            <section>
                                <sectionOrdinal>4</sectionOrdinal>
                                <sectionName>Место поставки</sectionName>
                                <fixedName>LOT_PLACE</fixedName>
                            </section>
                        </ns2:tab>
                    </ns2:level>
                    <ns2:level>
                        <ns2:tabLevel>LOT_CUSTOMER</ns2:tabLevel>
                        <ns2:tab>
                            <tabOrdinal>1</tabOrdinal>
                            <tabName>Сведения по заказчику</tabName>
                            <fixedName>LOT_CUSTOMER</fixedName>
                            <section>
                                <sectionOrdinal>1</sectionOrdinal>
                                <sectionName>Общая информация по Заказчику</sectionName>
                                <fixedName>LOT_CUSTOMER_INFO</fixedName>
                            </section>
                            <section>
                                <sectionOrdinal>2</sectionOrdinal>
                                <sectionName>Информация о товаре, работе, услуге</sectionName>
                                <fixedName>LOT_CUSTOMER_GOODS</fixedName>
                            </section>
                            <section>
                                <sectionOrdinal>3</sectionOrdinal>
                                <sectionName>Место поставки</sectionName>
                                <fixedName>LOT_CUSTOMER_PLACE</fixedName>
                            </section>
                        </ns2:tab>
                    </ns2:level>
                </ns2:templateStructure>
                <ns2:extendFields>
                    <noticeExtendField>
                        <extendField>
                            <integrCode>DlyaNuzhd</integrCode>
                            <description>Закупка осуществляется для нужд</description>
                            <type>STRING</type>
                            <value>
                                <string>Закупка осуществляется для нужд ОАО «РЖД».</string>
                            </value>
                        </extendField>
                        <extendField>
                            <integrCode>MestoOrg</integrCode>
                            <description>Место нахождения</description>
                            <type>STRING</type>
                            <value>
                                <string>129337, г. Москва, ул. Красная сосна, 2</string>
                            </value>
                        </extendField>
                        <extendField>
                            <integrCode>AdresOrg</integrCode>
                            <description>Почтовый адрес</description>
                            <type>STRING</type>
                            <value>
                                <string>129337, г. Москва, ул. Красная сосна, 2</string>
                            </value>
                        </extendField>
                        <position>
                            <tabOrdinal>1</tabOrdinal>
                            <tabName>MAIN</tabName>
                            <sectionOrdinal>2</sectionOrdinal>
                            <sectionName>MAIN_SEC_Сведения о заказчике</sectionName>
                        </position>
                    </noticeExtendField>
                    <noticeExtendField>
                        <extendField>
                            <integrCode>ObespechenieZayavki</integrCode>
                            <description>Обеспечение заявок</description>
                            <type>TEXT</type>
                            <value>
                                <text>Обеспечение заявок не предусмотрено.</text>
                            </value>
                        </extendField>
                        <extendField>
                            <integrCode>ObespechenieDogovora</integrCode>
                            <description>Обеспечение исполнения договора</description>
                            <type>TEXT</type>
                            <value>
                                <text>Обеспечение не предусмотрено.</text>
                            </value>
                        </extendField>
                        <position>
                            <tabOrdinal>1</tabOrdinal>
                            <tabName>MAIN</tabName>
                            <sectionOrdinal>5</sectionOrdinal>
                            <sectionName>MAIN_SEC_Обеспечение заявок и исполнения договора</sectionName>
                        </position>
                    </noticeExtendField>
                    <noticeExtendField>
                        <extendField>
                            <integrCode>ZayavkiMesto</integrCode>
                            <description>Место предоставления заявок</description>
                            <type>TEXT</type>
                            <value>
                                <text>Заявки на участие в открытом аукционе  должны состоять из электронной части, размещаемой в автоматизированной информационной системе «Электронная торгово-закупочная площадка ОАО «РЖД» (на странице данного открытого аукциона на сайте www.etzp.rzd.ru) и документов, представляемых в составе заявки по адресу: 129337, г. Москва, ул. Красная сосна, 2, комн. 515 (в рабочие дни с 9:00 до 18:00, перерыв с 12:30 до 13:15).</text>
                            </value>
                        </extendField>
                        <extendField>
                            <integrCode>VskritieData</integrCode>
                            <description>Дата и время вскрытия заявок </description>
                            <type>DATETIME</type>
                            <value>
                                <dateTime>2017-03-13T14:00:00</dateTime>
                            </value>
                        </extendField>
                        <extendField>
                            <integrCode>RassmotrenieMesto</integrCode>
                            <description>Место рассмотрения заявок</description>
                            <type>STRING</type>
                            <value>
                                <string>129337, г. Москва, ул. Красная сосна, 2, комн. 503</string>
                            </value>
                        </extendField>
                        <position>
                            <tabOrdinal>2</tabOrdinal>
                            <tabName>COMMISSION</tabName>
                            <sectionOrdinal>1</sectionOrdinal>
                            <sectionName>COMISSION_SEC_Публикация извещения</sectionName>
                        </position>
                    </noticeExtendField>
                </ns2:extendFields>
                <ns2:lots>
                    <lot>
                        <guid>5135da16-7b92-43f2-86c7-726f20230d59</guid>
                        <ordinalNumber>1</ordinalNumber>
                        <lotEditEnabled>true</lotEditEnabled>
                        <lotData>
                            <subject>На право заключения договора поставки средств индивидуальной защиты</subject>
                            <currency>
                                <code>RUB</code>
                                <digitalCode>643</digitalCode>
                                <name>Российский рубль</name>
                            </currency>
                            <initialSum>8187843.49</initialSum>
                            <deliveryPlace>
                                <state>Центральный федеральный округ</state>
                                <region>Московская   обл</region>
                                <regionOkato>46000000000</regionOkato>
                                <address>Место поставки товара, по каждому лоту указано в пункте 3.3 документации. </address>
                            </deliveryPlace>
                            <lotItems>
                                <newCodes>true</newCodes>
                                <lotItem>
                                    <guid>7594bd98-00d2-4a8c-85d6-bb143774102a</guid>
                                    <ordinalNumber>1</ordinalNumber>
                                    <okpd2>
                                        <code>32.99.59.000</code>
                                        <name>Изделия различные прочие, не включенные в другие группировки</name>
                                    </okpd2>
                                    <okved2>
                                        <code>32.99</code>
                                        <name>Производство прочих готовых изделий, не включенных в другие группировки</name>
                                    </okved2>
                                    <okei>
                                        <code>876</code>
                                        <name>Условная единица</name>
                                    </okei>
                                    <qty>52354</qty>
                                    <additionalInfo>ОКВЭД2:  21.20;  32.50;  32.99;  21.20;  32.99;  22.19;  15.12;  14.12;  21.20;  32.99;  20.42;  32.50;  20.42;  32.99;  32.99;  13.92;  14.19;  32.99;  14.12 | ОКПД2:  21.20.24.170;  32.50.50.000;  32.99.11.150;  21.20.10.243;  32.99.11.120;  22.19.60.119;  15.12.12.192;  14.12.30.150;  21.20.24.160;  32.99.11.111;  20.42.15.149;  32.50.42.120;  20.42.15.141;  32.99.11.190;  32.99.11.170;  13.92.29.190;  14.19.31.119;  32.99.11.112;  14.12.30.160 | ОКЕИ: 839;  715;  796 | ОКАТО: 045, 015, 029, 038, 054, 061, 066, 070</additionalInfo>
                                </lotItem>
                            </lotItems>
                            <forSmallOrMiddle>true</forSmallOrMiddle>
                            <excludePurchaseFromPlan>false</excludePurchaseFromPlan>
                            <subcontractorsRequirement>false</subcontractorsRequirement>
                            <ignoredPurchase>false</ignoredPurchase>
                            <centralized>false</centralized>
                        </lotData>
                        <deliveryPlaceIndication>GL</deliveryPlaceIndication>
                        <jointLotData>
                            <jointLot>false</jointLot>
                        </jointLotData>
                        <lotPlanInfo>
                            <planRegistrationNumber>2160196812</planRegistrationNumber>
                            <planGuid>38bcb6e6-f2a2-4b86-bf1f-bd78b33966f3</planGuid>
                            <positionNumber>12527</positionNumber>
                            <lotPlanPosition>COMMODITY</lotPlanPosition>
                            <positionGuid>1a083c8e-3f68-41a6-91ad-dc94d07e8f6a</positionGuid>
                        </lotPlanInfo>
                        <cancelled>false</cancelled>
                        <extendFields>
                            <noticeExtendField>
                                <extendField>
                                    <integrCode>TsenaDog</integrCode>
                                    <description>Начальная (максимальная) цена договора без учета НДС </description>
                                    <type>STRING</type>
                                    <value>
                                        <string>6938850,39</string>
                                    </value>
                                </extendField>
                                <extendField>
                                    <integrCode>Valyta</integrCode>
                                    <description>Валюта</description>
                                    <type>CURRENCY</type>
                                    <value>
                                        <nsi>
                                            <currency>
                                                <code>RUB</code>
                                                <digitalCode>643</digitalCode>
                                                <name>Российский рубль</name>
                                            </currency>
                                        </nsi>
                                    </value>
                                </extendField>
                                <position>
                                    <tabOrdinal>1</tabOrdinal>
                                    <tabName>LOT_INFORMATION</tabName>
                                    <sectionOrdinal>1</sectionOrdinal>
                                    <sectionName>LOT_INFO_SEC_Общая информация о лоте</sectionName>
                                </position>
                            </noticeExtendField>
                            <noticeExtendField>
                                <extendField>
                                    <integrCode>RassmotrenieData</integrCode>
                                    <description>Дата и время рассмотрения заявок</description>
                                    <type>DATETIME</type>
                                    <value>
                                        <dateTime>2017-03-30T14:00:00</dateTime>
                                    </value>
                                </extendField>
                                <extendField>
                                    <integrCode>ItogData</integrCode>
                                    <description>Дата и время проведения аукциона</description>
                                    <type>DATETIME</type>
                                    <value>
                                        <dateTime>2017-03-31T13:00:00</dateTime>
                                    </value>
                                </extendField>
                                <position>
                                    <tabOrdinal>1</tabOrdinal>
                                    <tabName>LOT_INFORMATION</tabName>
                                    <sectionOrdinal>2</sectionOrdinal>
                                    <sectionName>LOT_INFO_SEC_Дата и время рассмотрения заявок и проведения аукциона</sectionName>
                                </position>
                            </noticeExtendField>
                        </extendFields>
                    </lot>
                </ns2:lots>
            </ns2:purchaseNoticeData>
        </ns2:item>
    </ns2:body>
</ns2:purchaseNotice>
