<?xml version="1.0" encoding="UTF-8" standalone="yes"?>
<ns2:purchaseNotice xsi:schemaLocation="http://zakupki.gov.ru/223/integration/schema/TFF-5.2 http://zakupki.gov.ru/223/integration/schema/TFF-5.2/purchase.xsd" xmlns="http://zakupki.gov.ru/223fz/types/1" xmlns:ns10="http://zakupki.gov.ru/223fz/purchasePlan/1" xmlns:ns11="http://zakupki.gov.ru/223fz/purchasePlanProject/1" xmlns:ns12="http://zakupki.gov.ru/223fz/purchasePlanProjectAdditionalPosition/1" xmlns:ns13="http://zakupki.gov.ru/223fz/contract/1" xmlns:ns14="http://zakupki.gov.ru/223fz/missedNotice/1" xmlns:ns15="http://zakupki.gov.ru/223fz/reference/1" xmlns:ns16="http://zakupki.gov.ru/223fz/stopCommodity/1" xmlns:ns17="http://zakupki.gov.ru/223fz/decisionSuspension/1" xmlns:ns18="http://zakupki.gov.ru/223fz/purchasePlanAdditionalPosition/1" xmlns:ns19="http://zakupki.gov.ru/223fz/webRequest/1" xmlns:ns2="http://zakupki.gov.ru/223fz/purchase/1" xmlns:xsi="http://www.w3.org/2001/XMLSchema-instance" xmlns:ns3="http://zakupki.gov.ru/223fz/dishonestSupplier/1" xmlns:ns4="http://zakupki.gov.ru/223fz/machineryListInfo/1" xmlns:ns5="http://zakupki.gov.ru/223fz/revenue/1" xmlns:ns6="http://zakupki.gov.ru/223fz/orderClauseList/1" xmlns:ns7="http://zakupki.gov.ru/223fz/disagreementProtocol/1" xmlns:ns8="http://zakupki.gov.ru/223fz/complaint/1" xmlns:ns9="http://zakupki.gov.ru/223fz/notificationIssue/1">
    <header>
        <guid>6c4ef071-6d12-4b38-9afc-3d988fe9c1e6</guid>
        <createDateTime>2017-03-16T18:37:35</createDateTime>
    </header>
    <ns2:body>
        <ns2:item>
            <guid>a9898519-6059-0004-0000-58caae5d0347</guid>
            <ns2:purchaseNoticeData>
                <ns2:guid>a9898519-6059-0004-0000-58caae5d0347</ns2:guid>
                <ns2:createDateTime>2017-03-16T18:25:20</ns2:createDateTime>
                <ns2:urlOOS>https://zakupki.gov.ru/223/purchase/private/purchase/notice-info/details.html?noticeInfoId=5888314</ns2:urlOOS>
                <ns2:urlVSRZ>http://www.b2b-energo.ru/market/pravo-zakliucheniia-dogovora-na-postavku-kabelnykh-muft-dlia-ob-ekta/tender-796059/</ns2:urlVSRZ>
                <ns2:registrationNumber>31704899965</ns2:registrationNumber>
                <ns2:name>право заключения договора на поставку кабельных муфт для объекта строительства ОАО «МКСМ» «Строительство, содержание, ремонт и капитальный ремонт Центральной кольцевой автомобильной дороги Московской области, пусковой комплекс (этап строительства) №1, первый строительный участок(первая очередь строительства)» и для собственных нужд ОАО «МКСМ» (796059)</ns2:name>
                <ns2:customer>
                    <mainInfo>
                        <fullName>ОТКРЫТОЕ АКЦИОНЕРНОЕ ОБЩЕСТВО "МОСКАБЕЛЬСЕТЬМОНТАЖ"</fullName>
                        <shortName>ОАО "МКСМ" ОАО"МОСКАБЕЛЬСЕТЬМОНТАЖ"</shortName>
                        <iko>67708659347772301001</iko>
                        <inn>7708659347</inn>
                        <kpp>772301001</kpp>
                        <ogrn>1077764814632</ogrn>
                        <legalAddress>115088, Г МОСКВА, УЛ ЮЖНОПОРТОВАЯ, дом 17, корпус СТР.3</legalAddress>
                        <postalAddress>115088, Москва город, Южнопортовая улица, дом 17, строение 3</postalAddress>
                        <phone>7-495-6380408</phone>
                        <fax>7-495-6380410</fax>
                        <email>DolgovaOV@oaomksm.ru</email>
                        <okato>45290582000</okato>
                        <okpo>84197278</okpo>
                    </mainInfo>
                </ns2:customer>
                <ns2:purchaseMethodCode>28630</ns2:purchaseMethodCode>
                <ns2:purchaseCodeName>Открытый запрос предложений</ns2:purchaseCodeName>
                <ns2:placer>
                    <mainInfo>
                        <fullName>ОТКРЫТОЕ АКЦИОНЕРНОЕ ОБЩЕСТВО "МОСКАБЕЛЬСЕТЬМОНТАЖ"</fullName>
                        <shortName>ОАО "МКСМ" ОАО"МОСКАБЕЛЬСЕТЬМОНТАЖ"</shortName>
                        <iko>67708659347772301001</iko>
                        <inn>7708659347</inn>
                        <kpp>772301001</kpp>
                        <ogrn>1077764814632</ogrn>
                        <legalAddress>115088, Г МОСКВА, УЛ ЮЖНОПОРТОВАЯ, дом 17, корпус СТР.3</legalAddress>
                        <postalAddress>115088, Москва город, Южнопортовая улица, дом 17, строение 3</postalAddress>
                        <phone>7-495-6380408</phone>
                        <fax>7-495-6380410</fax>
                        <email>DolgovaOV@oaomksm.ru</email>
                        <okato>45290582000</okato>
                        <okpo>84197278</okpo>
                    </mainInfo>
                </ns2:placer>
                <ns2:contact>
                    <firstName>Сергей</firstName>
                    <middleName>Александрович</middleName>
                    <lastName>Белик</lastName>
                    <phone>+7 (495) 6797368</phone>
                    <email>BelikSA@oaomksm.ru</email>
                    <organization>
                        <mainInfo>
                            <fullName>ОТКРЫТОЕ АКЦИОНЕРНОЕ ОБЩЕСТВО "МОСКАБЕЛЬСЕТЬМОНТАЖ"</fullName>
                            <shortName>ОАО "МКСМ" ОАО"МОСКАБЕЛЬСЕТЬМОНТАЖ"</shortName>
                            <iko>67708659347772301001</iko>
                            <inn>7708659347</inn>
                            <kpp>772301001</kpp>
                            <ogrn>1077764814632</ogrn>
                            <legalAddress>115088, Г МОСКВА, УЛ ЮЖНОПОРТОВАЯ, дом 17, корпус СТР.3</legalAddress>
                            <postalAddress>115088, Москва город, Южнопортовая улица, дом 17, строение 3</postalAddress>
                            <phone>7-495-6380408</phone>
                            <fax>7-495-6380410</fax>
                            <email>DolgovaOV@oaomksm.ru</email>
                            <okato>45290582000</okato>
                            <okpo>84197278</okpo>
                        </mainInfo>
                    </organization>
                </ns2:contact>
                <ns2:publicationDateTime>2017-03-16T18:37:35</ns2:publicationDateTime>
                <ns2:documentationDelivery>
                    <deliveryStartDateTime>2017-03-16</deliveryStartDateTime>
                    <deliveryEndDateTime>2017-03-27</deliveryEndDateTime>
                    <place>ЭТП группы B2B-Center</place>
                    <procedure>Документация по закупке предоставляется без взимания платы в форме электронного документа на сайте ЭТП группы B2B-Center</procedure>
                </ns2:documentationDelivery>
                <ns2:status>P</ns2:status>
                <ns2:version>1</ns2:version>
                <ns2:notDishonest>true</ns2:notDishonest>
                <ns2:attachments>
                    <totalDocumentsCount>7</totalDocumentsCount>
                    <document>
                        <guid>a9898519-6059-0004-0000-58caae5d0347</guid>
                        <createDateTime>2017-03-16T17:28:22</createDateTime>
                        <fileName>Приложение № 1 Техническое задание.doc</fileName>
                        <description>Приложение № 1 Техническое задание.doc</description>
                        <url>http://zakupki.gov.ru/223/purchase/public/download/download.html?id=30120709</url>
                    </document>
                    <document>
                        <guid>a9898519-6059-0004-0001-58caae5d0347</guid>
                        <createDateTime>2017-03-16T17:28:23</createDateTime>
                        <fileName>Приложение № 1 Техническое задание.PDF</fileName>
                        <description>Приложение № 1 Техническое задание.PDF</description>
                        <url>http://zakupki.gov.ru/223/purchase/public/download/download.html?id=30120710</url>
                    </document>
                    <document>
                        <guid>a9898519-6059-0004-0002-58caae5d0347</guid>
                        <createDateTime>2017-03-16T17:28:23</createDateTime>
                        <fileName>Приложение № 2 Проект договора.doc</fileName>
                        <description>Приложение № 2 Проект договора.doc</description>
                        <url>http://zakupki.gov.ru/223/purchase/public/download/download.html?id=30120711</url>
                    </document>
                    <document>
                        <guid>a9898519-6059-0004-0003-58caae5d0347</guid>
                        <createDateTime>2017-03-16T17:28:24</createDateTime>
                        <fileName>Приложение №2 к Договору.docx</fileName>
                        <description>Приложение №2 к Договору.docx</description>
                        <url>http://zakupki.gov.ru/223/purchase/public/download/download.html?id=30120712</url>
                    </document>
                    <document>
                        <guid>a9898519-6059-0004-0004-58caae5d0347</guid>
                        <createDateTime>2017-03-16T17:28:24</createDateTime>
                        <fileName>Форма 3 к Закупочной документации.xlsx</fileName>
                        <description>Форма 3 к Закупочной документации.xlsx</description>
                        <url>http://zakupki.gov.ru/223/purchase/public/download/download.html?id=30120713</url>
                    </document>
                    <document>
                        <guid>a9898519-6059-0004-0005-58caae5d0347</guid>
                        <createDateTime>2017-03-16T18:04:04</createDateTime>
                        <fileName>Извещение о проведении запроса предожений.doc</fileName>
                        <description>Извещение о проведении запроса предожений.doc</description>
                        <url>http://zakupki.gov.ru/223/purchase/public/download/download.html?id=30120714</url>
                    </document>
                    <document>
                        <guid>a9898519-6059-0004-0006-58caae5d0347</guid>
                        <createDateTime>2017-03-16T18:18:18</createDateTime>
                        <fileName>Закупочная документация.doc</fileName>
                        <description>Закупочная документация.doc</description>
                        <url>http://zakupki.gov.ru/223/purchase/public/download/download.html?id=30120715</url>
                    </document>
                </ns2:attachments>
                <ns2:modificationDate>2017-03-16T18:37:35</ns2:modificationDate>
                <ns2:saveUserId>178562</ns2:saveUserId>
                <ns2:deliveryPlaceIndication>DIFFERENT_PLACE</ns2:deliveryPlaceIndication>
                <ns2:emergency>false</ns2:emergency>
                <ns2:jointPurchase>false</ns2:jointPurchase>
                <ns2:electronicPlaceInfo>
                    <name>Система электронных торгов B2B-Center</name>
                    <url>http://b2b-center.ru</url>
                    <electronicPlaceId>107</electronicPlaceId>
                </ns2:electronicPlaceInfo>
                <ns2:placingProcedure>
                    <ns2:examinationPlace>115088 г.Москва, ул.Южнопортовая, д.17, стр.3</ns2:examinationPlace>
                    <ns2:examinationDateTime>2017-03-29T14:00:00</ns2:examinationDateTime>
                    <ns2:summingupDateTime>2017-03-29T14:00:00</ns2:summingupDateTime>
                </ns2:placingProcedure>
                <ns2:submissionCloseDateTime>2017-03-27T09:15:00</ns2:submissionCloseDateTime>
                <ns2:publicationPlannedDate>2017-03-16</ns2:publicationPlannedDate>
                <ns2:lots>
                    <lot>
                        <guid>a9898519-6059-0004-0001-58caae5d1c62</guid>
                        <ordinalNumber>1</ordinalNumber>
                        <lotEditEnabled>true</lotEditEnabled>
                        <lotData>
                            <subject>право заключения договора на поставку кабельных муфт для объекта строительства ОАО «МКСМ» «Строительство, содержание, ремонт и капитальный ремонт Центральной кольцевой автомобильной дороги Московской области, пусковой комплекс (этап строительства) №1, первый строительный участок(первая очередь строительства)» и для собственных нужд ОАО «МКСМ»</subject>
                            <currency>
                                <code>RUB</code>
                                <digitalCode>643</digitalCode>
                                <name>Российский рубль</name>
                            </currency>
                            <initialSum>9136567.88</initialSum>
                            <deliveryPlace>
                                <address>115088 г.Москва, ул.Южнопортовая, д.17, стр.3</address>
                            </deliveryPlace>
                            <lotItems>
                                <newCodes>true</newCodes>
                                <lotItem>
                                    <guid>a9898519-0000-0004-0102-000000796059</guid>
                                    <ordinalNumber>1</ordinalNumber>
                                    <okpd2>
                                        <code>27.33.13.130</code>
                                        <name>Арматура кабельная</name>
                                    </okpd2>
                                    <okved2>
                                        <code>27.3</code>
                                        <name>Производство кабелей и кабельной арматуры</name>
                                    </okved2>
                                    <okei>
                                        <code>642</code>
                                        <name>Единица</name>
                                    </okei>
                                    <qty>1</qty>
                                </lotItem>
                            </lotItems>
                            <forSmallOrMiddle>false</forSmallOrMiddle>
                            <excludePurchaseFromPlan>false</excludePurchaseFromPlan>
                            <subcontractorsRequirement>false</subcontractorsRequirement>
                            <ignoredPurchase>false</ignoredPurchase>
                            <centralized>false</centralized>
                        </lotData>
                        <deliveryPlaceIndication>GL</deliveryPlaceIndication>
                        <jointLotData>
                            <jointLot>false</jointLot>
                        </jointLotData>
                        <lotPlanInfo>
                            <planRegistrationNumber>2160218472</planRegistrationNumber>
                            <planGuid>87027146-3b6a-4e82-9018-a153399e43bc</planGuid>
                            <positionNumber>137</positionNumber>
                            <lotPlanPosition>COMMODITY</lotPlanPosition>
                            <positionGuid>a0332266-db6d-4dcc-90b0-b3f77d529fd7</positionGuid>
                        </lotPlanInfo>
                        <cancelled>false</cancelled>
                    </lot>
                </ns2:lots>
            </ns2:purchaseNoticeData>
        </ns2:item>
    </ns2:body>
</ns2:purchaseNotice>
