<?xml version="1.0" encoding="UTF-8" standalone="yes"?>
<ns2:purchaseNotice xsi:schemaLocation="http://zakupki.gov.ru/223/integration/schema/TFF-5.2 http://zakupki.gov.ru/223/integration/schema/TFF-5.2/purchase.xsd" xmlns="http://zakupki.gov.ru/223fz/types/1" xmlns:ns10="http://zakupki.gov.ru/223fz/purchasePlan/1" xmlns:ns11="http://zakupki.gov.ru/223fz/purchasePlanProject/1" xmlns:ns12="http://zakupki.gov.ru/223fz/purchasePlanProjectAdditionalPosition/1" xmlns:ns13="http://zakupki.gov.ru/223fz/contract/1" xmlns:ns14="http://zakupki.gov.ru/223fz/missedNotice/1" xmlns:ns15="http://zakupki.gov.ru/223fz/reference/1" xmlns:ns16="http://zakupki.gov.ru/223fz/stopCommodity/1" xmlns:ns17="http://zakupki.gov.ru/223fz/decisionSuspension/1" xmlns:ns18="http://zakupki.gov.ru/223fz/purchasePlanAdditionalPosition/1" xmlns:ns19="http://zakupki.gov.ru/223fz/webRequest/1" xmlns:ns2="http://zakupki.gov.ru/223fz/purchase/1" xmlns:xsi="http://www.w3.org/2001/XMLSchema-instance" xmlns:ns3="http://zakupki.gov.ru/223fz/dishonestSupplier/1" xmlns:ns4="http://zakupki.gov.ru/223fz/machineryListInfo/1" xmlns:ns5="http://zakupki.gov.ru/223fz/revenue/1" xmlns:ns6="http://zakupki.gov.ru/223fz/orderClauseList/1" xmlns:ns7="http://zakupki.gov.ru/223fz/disagreementProtocol/1" xmlns:ns8="http://zakupki.gov.ru/223fz/complaint/1" xmlns:ns9="http://zakupki.gov.ru/223fz/notificationIssue/1">
    <header>
        <guid>0aa81021-46a3-4092-976a-db08222252a3</guid>
        <createDateTime>2017-03-16T18:03:56</createDateTime>
    </header>
    <ns2:body>
        <ns2:item>
            <guid>0d37403b-f8e7-daab-0cad-3aa7ca33d57b</guid>
            <ns2:purchaseNoticeData>
                <ns2:guid>0d37403b-f8e7-daab-0cad-3aa7ca33d57b</ns2:guid>
                <ns2:createDateTime>2017-03-16T17:55:27</ns2:createDateTime>
                <ns2:urlOOS>https://zakupki.gov.ru/223/purchase/private/purchase/notice-info/details.html?noticeInfoId=5888205</ns2:urlOOS>
                <ns2:urlVSRZ>https://com.roseltorg.ru/#com/procedure/view/id/286339</ns2:urlVSRZ>
                <ns2:registrationNumber>31704899854</ns2:registrationNumber>
                <ns2:name>Проведение пятидневных учебных военных сборов для студентов</ns2:name>
                <ns2:customer>
                    <mainInfo>
                        <fullName>ГОСУДАРСТВЕННОЕ АВТОНОМНОЕ ПРОФЕССИОНАЛЬНОЕ ОБРАЗОВАТЕЛЬНОЕ УЧРЕЖДЕНИЕ ГОРОДА МОСКВЫ "ПОЛИТЕХНИЧЕСКИЙ КОЛЛЕДЖ № 8 ИМЕНИ ДВАЖДЫ ГЕРОЯ СОВЕТСКОГО СОЮЗА И.Ф. ПАВЛОВА"</fullName>
                        <shortName>ГАПОУ ПК № 8 ИМ. И.Ф. ПАВЛОВА</shortName>
                        <iko>57714805691771401001</iko>
                        <inn>7714805691</inn>
                        <kpp>771401001</kpp>
                        <ogrn>1107746276659</ogrn>
                        <legalAddress>125284, г МОСКВА, пр БОТКИНСКИЙ 1-Й, дом 7А</legalAddress>
                        <postalAddress>125284, дом 7А</postalAddress>
                        <phone>7-495-6510918</phone>
                        <fax>7-495-9457245</fax>
                        <email>spo-8@edu.mos.ru</email>
                        <okato>45277556000</okato>
                        <okpo>66352077</okpo>
                    </mainInfo>
                </ns2:customer>
                <ns2:purchaseMethodCode>35317</ns2:purchaseMethodCode>
                <ns2:purchaseCodeName>Запрос котировок в электронной форме</ns2:purchaseCodeName>
                <ns2:placer>
                    <mainInfo>
                        <fullName>ГОСУДАРСТВЕННОЕ АВТОНОМНОЕ ПРОФЕССИОНАЛЬНОЕ ОБРАЗОВАТЕЛЬНОЕ УЧРЕЖДЕНИЕ ГОРОДА МОСКВЫ "ПОЛИТЕХНИЧЕСКИЙ КОЛЛЕДЖ № 8 ИМЕНИ ДВАЖДЫ ГЕРОЯ СОВЕТСКОГО СОЮЗА И.Ф. ПАВЛОВА"</fullName>
                        <shortName>ГАПОУ ПК № 8 ИМ. И.Ф. ПАВЛОВА</shortName>
                        <iko>57714805691771401001</iko>
                        <inn>7714805691</inn>
                        <kpp>771401001</kpp>
                        <ogrn>1107746276659</ogrn>
                        <legalAddress>125284, г МОСКВА, пр БОТКИНСКИЙ 1-Й, дом 7А</legalAddress>
                        <postalAddress>125284, дом 7А</postalAddress>
                        <phone>7-495-6510918</phone>
                        <fax>7-495-9457245</fax>
                        <email>spo-8@edu.mos.ru</email>
                        <okato>45277556000</okato>
                        <okpo>66352077</okpo>
                    </mainInfo>
                </ns2:placer>
                <ns2:contact>
                    <firstName>А.Н.</firstName>
                    <lastName>Мартынов</lastName>
                    <phone>+7 (495) 6510918</phone>
                    <email>spo-8@edu.mos.ru</email>
                    <organization>
                        <mainInfo>
                            <fullName>ГОСУДАРСТВЕННОЕ АВТОНОМНОЕ ПРОФЕССИОНАЛЬНОЕ ОБРАЗОВАТЕЛЬНОЕ УЧРЕЖДЕНИЕ ГОРОДА МОСКВЫ "ПОЛИТЕХНИЧЕСКИЙ КОЛЛЕДЖ № 8 ИМЕНИ ДВАЖДЫ ГЕРОЯ СОВЕТСКОГО СОЮЗА И.Ф. ПАВЛОВА"</fullName>
                            <shortName>ГАПОУ ПК № 8 ИМ. И.Ф. ПАВЛОВА</shortName>
                            <iko>57714805691771401001</iko>
                            <inn>7714805691</inn>
                            <kpp>771401001</kpp>
                            <ogrn>1107746276659</ogrn>
                            <legalAddress>125284, г МОСКВА, пр БОТКИНСКИЙ 1-Й, дом 7А</legalAddress>
                            <postalAddress>125284, дом 7А</postalAddress>
                            <phone>7-495-6510918</phone>
                            <fax>7-495-9457245</fax>
                            <email>spo-8@edu.mos.ru</email>
                            <okato>45277556000</okato>
                            <okpo>66352077</okpo>
                        </mainInfo>
                    </organization>
                </ns2:contact>
                <ns2:publicationDateTime>2017-03-16T18:03:56</ns2:publicationDateTime>
                <ns2:documentationDelivery>
                    <deliveryStartDateTime>2017-03-16</deliveryStartDateTime>
                    <deliveryEndDateTime>2017-03-23</deliveryEndDateTime>
                    <place>https://com.roseltorg.ru/</place>
                    <procedure>посредством размещения для скачивания и ознакомления</procedure>
                </ns2:documentationDelivery>
                <ns2:status>P</ns2:status>
                <ns2:version>1</ns2:version>
                <ns2:notDishonest>true</ns2:notDishonest>
                <ns2:attachments>
                    <totalDocumentsCount>6</totalDocumentsCount>
                    <document>
                        <guid>4c9da780-57ee-0b39-02c8-b6aa508bfe78</guid>
                        <createDateTime>2017-03-16T17:42:41</createDateTime>
                        <fileName>Проект_договора_военсборы_.docx</fileName>
                        <description>Проект</description>
                        <url>http://zakupki.gov.ru/223/purchase/public/download/download.html?id=30120198</url>
                    </document>
                    <document>
                        <guid>dd41046d-7e70-cbd8-e193-e533a98beb7a</guid>
                        <createDateTime>2017-03-16T17:43:07</createDateTime>
                        <fileName>ПротоколНМЦК_военсборы_.docx</fileName>
                        <description>Протокол</description>
                        <url>http://zakupki.gov.ru/223/purchase/public/download/download.html?id=30120199</url>
                    </document>
                    <document>
                        <guid>bd691cfd-ee0d-674d-7f8d-e5ccf47de61d</guid>
                        <createDateTime>2017-03-16T17:41:59</createDateTime>
                        <fileName>НМЦК_военсборы_.docx</fileName>
                        <description>НМЦК</description>
                        <url>http://zakupki.gov.ru/223/purchase/public/download/download.html?id=30120200</url>
                    </document>
                    <document>
                        <guid>c5c32962-b5dc-4265-9a98-3704e68a27d3</guid>
                        <createDateTime>2017-03-16T17:45:38</createDateTime>
                        <fileName>Приказ_военсборы_.docx</fileName>
                        <description>Приказ</description>
                        <url>http://zakupki.gov.ru/223/purchase/public/download/download.html?id=30120201</url>
                    </document>
                    <document>
                        <guid>5c7d6f77-77f8-6320-7907-53627607d7b4</guid>
                        <createDateTime>2017-03-16T17:41:45</createDateTime>
                        <fileName>Извещение_котировка_военсборы_.docx</fileName>
                        <description>Документация</description>
                        <url>http://zakupki.gov.ru/223/purchase/public/download/download.html?id=30120202</url>
                    </document>
                    <document>
                        <guid>6991c122-0d3c-b8ba-192f-ad4a8aa4bb2f</guid>
                        <createDateTime>2017-03-16T17:45:28</createDateTime>
                        <fileName>ТЗ_военсборы_.doc</fileName>
                        <description>ТЗ</description>
                        <url>http://zakupki.gov.ru/223/purchase/public/download/download.html?id=30120203</url>
                    </document>
                </ns2:attachments>
                <ns2:modificationDate>2017-03-16T18:03:56</ns2:modificationDate>
                <ns2:saveUserId>10931</ns2:saveUserId>
                <ns2:deliveryPlaceIndication>DIFFERENT_PLACE</ns2:deliveryPlaceIndication>
                <ns2:emergency>false</ns2:emergency>
                <ns2:jointPurchase>false</ns2:jointPurchase>
                <ns2:electronicPlaceInfo>
                    <name>АО "ЕЭТП"</name>
                    <url>http://www.roseltorg.ru/</url>
                    <electronicPlaceId>113</electronicPlaceId>
                </ns2:electronicPlaceInfo>
                <ns2:placingProcedure>
                    <ns2:examinationPlace>125284, г. Москва , 1-й Боткинский пр., д.7а</ns2:examinationPlace>
                    <ns2:examinationDateTime>2017-03-23T15:00:00</ns2:examinationDateTime>
                    <ns2:summingupDateTime>2017-03-23T15:00:00</ns2:summingupDateTime>
                </ns2:placingProcedure>
                <ns2:submissionCloseDateTime>2017-03-23T10:00:00</ns2:submissionCloseDateTime>
                <ns2:publicationPlannedDate>2017-03-16</ns2:publicationPlannedDate>
                <ns2:lots>
                    <lot>
                        <guid>7aaab205-f318-7bef-fd4d-25d00acc166f</guid>
                        <ordinalNumber>1</ordinalNumber>
                        <lotEditEnabled>true</lotEditEnabled>
                        <lotData>
                            <subject>Оплата проведения пятидневных учебных военных сборов для студентов</subject>
                            <currency>
                                <code>RUB</code>
                                <digitalCode>643</digitalCode>
                                <name>Российский рубль</name>
                            </currency>
                            <initialSum>435413.50</initialSum>
                            <deliveryPlace>
                                <address>на территории исполнителя</address>
                            </deliveryPlace>
                            <lotItems>
                                <newCodes>true</newCodes>
                                <lotItem>
                                    <guid>4cf934ba-8911-b9db-89b4-1df40c255a49</guid>
                                    <ordinalNumber>1</ordinalNumber>
                                    <okpd2>
                                        <code>85</code>
                                        <name>Услуги в области образования</name>
                                    </okpd2>
                                    <okved2>
                                        <code>85</code>
                                        <name>Образование</name>
                                    </okved2>
                                    <okei>
                                        <code>540</code>
                                        <name>Человеко-день</name>
                                    </okei>
                                    <qty>475</qty>
                                    <additionalInfo>проведение пятидневных учебных военных сборов для студентов</additionalInfo>
                                </lotItem>
                            </lotItems>
                            <forSmallOrMiddle>false</forSmallOrMiddle>
                            <excludePurchaseFromPlan>false</excludePurchaseFromPlan>
                            <subcontractorsRequirement>false</subcontractorsRequirement>
                            <ignoredPurchase>false</ignoredPurchase>
                            <centralized>false</centralized>
                        </lotData>
                        <deliveryPlaceIndication>GL</deliveryPlaceIndication>
                        <jointLotData>
                            <jointLot>false</jointLot>
                        </jointLotData>
                        <lotPlanInfo>
                            <planRegistrationNumber>2160219177</planRegistrationNumber>
                            <planGuid>1f119bfe-1b2f-4041-86ec-b353df0302ad</planGuid>
                            <positionNumber>132</positionNumber>
                            <lotPlanPosition>COMMODITY</lotPlanPosition>
                            <positionGuid>58b2f82e-9e6d-450b-991c-d1195a69c88d</positionGuid>
                        </lotPlanInfo>
                        <cancelled>false</cancelled>
                    </lot>
                </ns2:lots>
            </ns2:purchaseNoticeData>
        </ns2:item>
    </ns2:body>
</ns2:purchaseNotice>
