<?xml version="1.0" encoding="UTF-8" standalone="yes"?>
<ns2:purchaseNotice xsi:schemaLocation="http://zakupki.gov.ru/223/integration/schema/TFF-5.2 http://zakupki.gov.ru/223/integration/schema/TFF-5.2/purchase.xsd" xmlns="http://zakupki.gov.ru/223fz/types/1" xmlns:ns10="http://zakupki.gov.ru/223fz/purchasePlan/1" xmlns:ns11="http://zakupki.gov.ru/223fz/purchasePlanProject/1" xmlns:ns12="http://zakupki.gov.ru/223fz/purchasePlanProjectAdditionalPosition/1" xmlns:ns13="http://zakupki.gov.ru/223fz/contract/1" xmlns:ns14="http://zakupki.gov.ru/223fz/missedNotice/1" xmlns:ns15="http://zakupki.gov.ru/223fz/reference/1" xmlns:ns16="http://zakupki.gov.ru/223fz/stopCommodity/1" xmlns:ns17="http://zakupki.gov.ru/223fz/decisionSuspension/1" xmlns:ns18="http://zakupki.gov.ru/223fz/purchasePlanAdditionalPosition/1" xmlns:ns19="http://zakupki.gov.ru/223fz/webRequest/1" xmlns:ns2="http://zakupki.gov.ru/223fz/purchase/1" xmlns:xsi="http://www.w3.org/2001/XMLSchema-instance" xmlns:ns3="http://zakupki.gov.ru/223fz/dishonestSupplier/1" xmlns:ns4="http://zakupki.gov.ru/223fz/machineryListInfo/1" xmlns:ns5="http://zakupki.gov.ru/223fz/revenue/1" xmlns:ns6="http://zakupki.gov.ru/223fz/orderClauseList/1" xmlns:ns7="http://zakupki.gov.ru/223fz/disagreementProtocol/1" xmlns:ns8="http://zakupki.gov.ru/223fz/complaint/1" xmlns:ns9="http://zakupki.gov.ru/223fz/notificationIssue/1">
    <header>
        <guid>7c5cd9e8-73ff-4354-811b-8be39766410f</guid>
        <createDateTime>2017-03-16T17:27:57</createDateTime>
    </header>
    <ns2:body>
        <ns2:item>
            <guid>2564eec4-ec00-4bc7-9ee4-595135f693ae</guid>
            <ns2:purchaseNoticeData>
                <ns2:guid>2564eec4-ec00-4bc7-9ee4-595135f693ae</ns2:guid>
                <ns2:createDateTime>2017-03-16T17:26:00</ns2:createDateTime>
                <ns2:urlOOS>https://zakupki.gov.ru/223/purchase/private/purchase/notice-info/details.html?noticeInfoId=5888037</ns2:urlOOS>
                <ns2:registrationNumber>31704871600</ns2:registrationNumber>
                <ns2:name>35/11-1796 Аренда специальной техники с экипажем.</ns2:name>
                <ns2:customer>
                    <mainInfo>
                        <fullName>ФЕДЕРАЛЬНОЕ ГОСУДАРСТВЕННОЕ УНИТАРНОЕ ПРЕДПРИЯТИЕ "СПЕЦСТРОЙСЕРВИС" ПРИ ФЕДЕРАЛЬНОМ АГЕНТСТВЕ СПЕЦИАЛЬНОГО СТРОИТЕЛЬСТВА"</fullName>
                        <shortName>ФГУП "СПЕЦСТРОЙСЕРВИС" ПРИ СПЕЦСТРОЕ РОССИИ"</shortName>
                        <iko>57706044549774301001</iko>
                        <inn>7706044549</inn>
                        <kpp>774301001</kpp>
                        <ogrn>1025004058639</ogrn>
                        <legalAddress>125212, г МОСКВА, ул АДМИРАЛА МАКАРОВА, дом 6, корпус 1</legalAddress>
                        <postalAddress>115419, Москва Город, Михайловский Верхн. 2-й Проезд, дом 9, строение 5</postalAddress>
                        <phone>7-495-7754640-139</phone>
                        <fax>7-495-7754640</fax>
                        <email>gromov.v@spsts.ru</email>
                        <okato>45277565000</okato>
                        <okpo>08888031</okpo>
                    </mainInfo>
                </ns2:customer>
                <ns2:purchaseMethodCode>94173</ns2:purchaseMethodCode>
                <ns2:purchaseCodeName>Запрос котировок цен</ns2:purchaseCodeName>
                <ns2:placer>
                    <mainInfo>
                        <fullName>ФЕДЕРАЛЬНОЕ ГОСУДАРСТВЕННОЕ УНИТАРНОЕ ПРЕДПРИЯТИЕ "СПЕЦСТРОЙСЕРВИС" ПРИ ФЕДЕРАЛЬНОМ АГЕНТСТВЕ СПЕЦИАЛЬНОГО СТРОИТЕЛЬСТВА"</fullName>
                        <shortName>ФГУП "СПЕЦСТРОЙСЕРВИС" ПРИ СПЕЦСТРОЕ РОССИИ"</shortName>
                        <iko>57706044549774301001</iko>
                        <inn>7706044549</inn>
                        <kpp>774301001</kpp>
                        <ogrn>1025004058639</ogrn>
                        <legalAddress>125212, г МОСКВА, ул АДМИРАЛА МАКАРОВА, дом 6, корпус 1</legalAddress>
                        <postalAddress>115419, Москва Город, Михайловский Верхн. 2-й Проезд, дом 9, строение 5</postalAddress>
                        <phone>7-495-7754640-139</phone>
                        <fax>7-495-7754640</fax>
                        <email>gromov.v@spsts.ru</email>
                        <okato>45277565000</okato>
                        <okpo>08888031</okpo>
                    </mainInfo>
                </ns2:placer>
                <ns2:contact>
                    <firstName>Алексей</firstName>
                    <middleName>Александрович</middleName>
                    <lastName>Головко</lastName>
                    <phone>+7 (495) 7754640, доб.: 254</phone>
                    <email>zakupki@spsts.ru</email>
                    <organization>
                        <mainInfo>
                            <fullName>ФЕДЕРАЛЬНОЕ ГОСУДАРСТВЕННОЕ УНИТАРНОЕ ПРЕДПРИЯТИЕ "СПЕЦСТРОЙСЕРВИС" ПРИ ФЕДЕРАЛЬНОМ АГЕНТСТВЕ СПЕЦИАЛЬНОГО СТРОИТЕЛЬСТВА"</fullName>
                            <shortName>ФГУП "СПЕЦСТРОЙСЕРВИС" ПРИ СПЕЦСТРОЕ РОССИИ"</shortName>
                            <iko>57706044549774301001</iko>
                            <inn>7706044549</inn>
                            <kpp>774301001</kpp>
                            <ogrn>1025004058639</ogrn>
                            <legalAddress>125212, г МОСКВА, ул АДМИРАЛА МАКАРОВА, дом 6, корпус 1</legalAddress>
                            <postalAddress>115419, Москва Город, Михайловский Верхн. 2-й Проезд, дом 9, строение 5</postalAddress>
                            <phone>7-495-7754640-139</phone>
                            <fax>7-495-7754640</fax>
                            <email>gromov.v@spsts.ru</email>
                            <okato>45277565000</okato>
                            <okpo>08888031</okpo>
                        </mainInfo>
                    </organization>
                </ns2:contact>
                <ns2:publicationDateTime>2017-03-16T17:27:57</ns2:publicationDateTime>
                <ns2:documentationDelivery>
                    <deliveryStartDateTime>2017-03-09</deliveryStartDateTime>
                    <deliveryEndDateTime>2017-03-24</deliveryEndDateTime>
                    <place>http://www.zakupki.gov.ru

http://www.sstorg.ru        </place>
                    <procedure>Документация предоставлена для ознакомления и самостоятельного копирования без взимания платы. </procedure>
                </ns2:documentationDelivery>
                <ns2:status>P</ns2:status>
                <ns2:version>2</ns2:version>
                <ns2:modificationDescription>по решению заказчика</ns2:modificationDescription>
                <ns2:notDishonest>true</ns2:notDishonest>
                <ns2:attachments>
                    <totalDocumentsCount>7</totalDocumentsCount>
                    <document>
                        <guid>c98515a1-6a82-40af-b1d0-f3cd0437d157</guid>
                        <createDateTime>2017-03-16T17:27:14</createDateTime>
                        <fileName>Приложение №1_Извещение изм.docx</fileName>
                        <description>Приложение №1_Извещение изм</description>
                        <url>http://zakupki.gov.ru/223/purchase/public/download/download.html?id=30119361</url>
                    </document>
                    <document>
                        <guid>80b36c2d-3ebd-475e-b6f9-130004ccd8ef</guid>
                        <createDateTime>2017-03-16T17:27:18</createDateTime>
                        <fileName>Уведомление 1.docx</fileName>
                        <description>Уведомление 1</description>
                        <url>http://zakupki.gov.ru/223/purchase/public/download/download.html?id=30119363</url>
                    </document>
                    <document>
                        <guid>e83b7b35-0d90-4922-8ed8-cca61a0a8934</guid>
                        <createDateTime>2017-03-09T16:58:12</createDateTime>
                        <fileName>Документация о запросе котировок цен.docx</fileName>
                        <description>Документация о запросе котировок цен</description>
                        <url>http://zakupki.gov.ru/223/purchase/public/download/download.html?id=30119315</url>
                    </document>
                    <document>
                        <guid>1091bc58-17ec-495a-a304-8979094fa3e6</guid>
                        <createDateTime>2017-03-09T16:58:27</createDateTime>
                        <fileName>Приложение №3_Проект Договора.doc</fileName>
                        <description>Приложение №3_Проект Договора</description>
                        <url>http://zakupki.gov.ru/223/purchase/public/download/download.html?id=30119316</url>
                    </document>
                    <document>
                        <guid>e568bebb-91b6-423e-ab30-06d2229a2529</guid>
                        <createDateTime>2017-03-09T16:58:16</createDateTime>
                        <fileName>Приглашение 35_11-1796.pdf</fileName>
                        <description>Приглашение 35_11-1796</description>
                        <url>http://zakupki.gov.ru/223/purchase/public/download/download.html?id=30119317</url>
                    </document>
                    <document>
                        <guid>42c72002-7b73-482f-b210-d3c2de06ce0f</guid>
                        <createDateTime>2017-03-09T16:58:20</createDateTime>
                        <fileName>Приложение №1_Извещение о запросе котировок цен.docx</fileName>
                        <description>Приложение №1_Извещение о запросе котировок цен</description>
                        <url>http://zakupki.gov.ru/223/purchase/public/download/download.html?id=30119318</url>
                    </document>
                    <document>
                        <guid>00c0b79a-bd5a-4003-9c26-f4e3105579f5</guid>
                        <createDateTime>2017-03-09T16:58:23</createDateTime>
                        <fileName>Приложение №2_Форма котировочной заявки.docx</fileName>
                        <description>Приложение №2_Форма котировочной заявки</description>
                        <url>http://zakupki.gov.ru/223/purchase/public/download/download.html?id=30119319</url>
                    </document>
                </ns2:attachments>
                <ns2:modificationDate>2017-03-16T17:27:57</ns2:modificationDate>
                <ns2:saveUserId>167002</ns2:saveUserId>
                <ns2:deliveryPlaceIndication>DIFFERENT_PLACE</ns2:deliveryPlaceIndication>
                <ns2:emergency>false</ns2:emergency>
                <ns2:jointPurchase>false</ns2:jointPurchase>
                <ns2:electronicPlaceInfo>
                    <name>Торговая Система Спецстройторг</name>
                    <url>http://www.sstorg.ru/</url>
                    <electronicPlaceId>122</electronicPlaceId>
                </ns2:electronicPlaceInfo>
                <ns2:placingProcedure>
                    <ns2:examinationPlace>115419, г. Москва, 2-й Верхний Михайловский проезд, д.9 с. 5</ns2:examinationPlace>
                    <ns2:examinationDateTime>2017-03-31T12:00:00</ns2:examinationDateTime>
                    <ns2:summingupDateTime>2017-03-31T12:00:00</ns2:summingupDateTime>
                </ns2:placingProcedure>
                <ns2:submissionCloseDateTime>2017-03-24T14:00:00</ns2:submissionCloseDateTime>
                <ns2:publicationPlannedDate>2017-03-09</ns2:publicationPlannedDate>
                <ns2:lots>
                    <lot>
                        <guid>f2370cb4-acb0-4747-8f9c-4aef2f83c7fd</guid>
                        <ordinalNumber>1</ordinalNumber>
                        <lotEditEnabled>false</lotEditEnabled>
                        <lotData>
                            <subject>Аренда специальной техники с экипажем</subject>
                            <currency>
                                <code>RUB</code>
                                <digitalCode>643</digitalCode>
                                <name>Российский рубль</name>
                            </currency>
                            <initialSum>4624000.00</initialSum>
                            <deliveryPlace>
                                <state>Центральный федеральный округ</state>
                                <region>Рязанская   обл</region>
                                <regionOkato>61000000000</regionOkato>
                                <address>г. Рязань - 7. Октябрьский городок. в/ч 41450.</address>
                            </deliveryPlace>
                            <lotItems>
                                <newCodes>true</newCodes>
                                <lotItem>
                                    <guid>915aeff3-d794-4b31-b332-14505177f2e9</guid>
                                    <ordinalNumber>1</ordinalNumber>
                                    <okpd2>
                                        <code>77.32</code>
                                        <name>Услуги по аренде и лизингу строительных машин и оборудования для гражданского строительства</name>
                                    </okpd2>
                                    <okved2>
                                        <code>77.32</code>
                                        <name>Аренда и лизинг строительных машин и оборудования</name>
                                    </okved2>
                                    <okei>
                                        <code>839</code>
                                        <name>Комплект</name>
                                    </okei>
                                    <qty>1</qty>
                                </lotItem>
                            </lotItems>
                            <forSmallOrMiddle>true</forSmallOrMiddle>
                            <excludePurchaseFromPlan>false</excludePurchaseFromPlan>
                            <subcontractorsRequirement>false</subcontractorsRequirement>
                            <ignoredPurchase>false</ignoredPurchase>
                            <centralized>false</centralized>
                        </lotData>
                        <deliveryPlaceIndication>GL</deliveryPlaceIndication>
                        <jointLotData>
                            <jointLot>false</jointLot>
                        </jointLotData>
                        <lotPlanInfo>
                            <planRegistrationNumber>2160217919</planRegistrationNumber>
                            <planGuid>859b2aab-c683-4a2e-b7eb-fe744bec5502</planGuid>
                            <positionNumber>258</positionNumber>
                            <lotPlanPosition>COMMODITY</lotPlanPosition>
                            <positionGuid>5a7cdfd7-89ef-4a2e-b034-31e0cdecc7da</positionGuid>
                        </lotPlanInfo>
                        <cancelled>false</cancelled>
                    </lot>
                </ns2:lots>
            </ns2:purchaseNoticeData>
        </ns2:item>
    </ns2:body>
</ns2:purchaseNotice>
