<?xml version="1.0" encoding="UTF-8" standalone="yes"?>
<ns2:purchaseNotice xsi:schemaLocation="http://zakupki.gov.ru/223/integration/schema/TFF-5.2 http://zakupki.gov.ru/223/integration/schema/TFF-5.2/purchase.xsd" xmlns="http://zakupki.gov.ru/223fz/types/1" xmlns:ns10="http://zakupki.gov.ru/223fz/purchasePlan/1" xmlns:ns11="http://zakupki.gov.ru/223fz/purchasePlanProject/1" xmlns:ns12="http://zakupki.gov.ru/223fz/purchasePlanProjectAdditionalPosition/1" xmlns:ns13="http://zakupki.gov.ru/223fz/contract/1" xmlns:ns14="http://zakupki.gov.ru/223fz/missedNotice/1" xmlns:ns15="http://zakupki.gov.ru/223fz/reference/1" xmlns:ns16="http://zakupki.gov.ru/223fz/stopCommodity/1" xmlns:ns17="http://zakupki.gov.ru/223fz/decisionSuspension/1" xmlns:ns18="http://zakupki.gov.ru/223fz/purchasePlanAdditionalPosition/1" xmlns:ns19="http://zakupki.gov.ru/223fz/webRequest/1" xmlns:ns2="http://zakupki.gov.ru/223fz/purchase/1" xmlns:xsi="http://www.w3.org/2001/XMLSchema-instance" xmlns:ns3="http://zakupki.gov.ru/223fz/dishonestSupplier/1" xmlns:ns4="http://zakupki.gov.ru/223fz/machineryListInfo/1" xmlns:ns5="http://zakupki.gov.ru/223fz/revenue/1" xmlns:ns6="http://zakupki.gov.ru/223fz/orderClauseList/1" xmlns:ns7="http://zakupki.gov.ru/223fz/disagreementProtocol/1" xmlns:ns8="http://zakupki.gov.ru/223fz/complaint/1" xmlns:ns9="http://zakupki.gov.ru/223fz/notificationIssue/1">
    <header>
        <guid>92a6f04a-8828-444b-a785-6578e07e7579</guid>
        <createDateTime>2017-03-16T19:31:17</createDateTime>
    </header>
    <ns2:body>
        <ns2:item>
            <guid>c7c209f1-4363-40e6-9e6d-5f4a8d4966c8</guid>
            <ns2:purchaseNoticeData>
                <ns2:guid>c7c209f1-4363-40e6-9e6d-5f4a8d4966c8</ns2:guid>
                <ns2:createDateTime>2017-03-16T16:51:45</ns2:createDateTime>
                <ns2:urlOOS>https://zakupki.gov.ru/223/purchase/private/purchase/notice-info/details.html?noticeInfoId=5887733</ns2:urlOOS>
                <ns2:urlVSRZ>http://web.etprf.ru/NotificationZK/Print/id/172156</ns2:urlVSRZ>
                <ns2:registrationNumber>31704900038</ns2:registrationNumber>
                <ns2:name>Выполнение работ по ремонту внутренних помещений</ns2:name>
                <ns2:customer>
                    <mainInfo>
                        <fullName>АКЦИОНЕРНОЕ ОБЩЕСТВО "ШВАБЕ"</fullName>
                        <shortName>АО "ШВАБЕ"</shortName>
                        <iko>67717671799668501001</iko>
                        <inn>7717671799</inn>
                        <kpp>771701001</kpp>
                        <ogrn>1107746256727</ogrn>
                        <legalAddress>129366, Г МОСКВА, ПР-КТ МИРА, дом ДОМ 176</legalAddress>
                        <postalAddress>620100, дом 33б</postalAddress>
                        <phone>7-499-9514823</phone>
                        <email>mail@shvabe.com</email>
                        <okato>65401380000</okato>
                        <okpo>07508641</okpo>
                    </mainInfo>
                </ns2:customer>
                <ns2:purchaseMethodCode>109858</ns2:purchaseMethodCode>
                <ns2:purchaseCodeName>Запрос котировок в электронной форме</ns2:purchaseCodeName>
                <ns2:placer>
                    <mainInfo>
                        <fullName>АКЦИОНЕРНОЕ ОБЩЕСТВО "ШВАБЕ"</fullName>
                        <shortName>АО "ШВАБЕ"</shortName>
                        <iko>67717671799668501001</iko>
                        <inn>7717671799</inn>
                        <kpp>771701001</kpp>
                        <ogrn>1107746256727</ogrn>
                        <legalAddress>129366, Г МОСКВА, ПР-КТ МИРА, дом ДОМ 176</legalAddress>
                        <postalAddress>620100, дом 33б</postalAddress>
                        <phone>7-499-9514823</phone>
                        <email>mail@shvabe.com</email>
                        <okato>65401380000</okato>
                        <okpo>07508641</okpo>
                    </mainInfo>
                </ns2:placer>
                <ns2:contact>
                    <firstName>Артем</firstName>
                    <middleName>Михайлович</middleName>
                    <lastName>Гуськов</lastName>
                    <phone>+7 (499) 9514832</phone>
                    <email>zakupki@shvabe.com</email>
                    <organization>
                        <mainInfo>
                            <fullName>АКЦИОНЕРНОЕ ОБЩЕСТВО "ШВАБЕ"</fullName>
                            <shortName>АО "ШВАБЕ"</shortName>
                            <iko>67717671799668501001</iko>
                            <inn>7717671799</inn>
                            <kpp>771701001</kpp>
                            <ogrn>1107746256727</ogrn>
                            <legalAddress>129366, Г МОСКВА, ПР-КТ МИРА, дом ДОМ 176</legalAddress>
                            <postalAddress>620100, дом 33б</postalAddress>
                            <phone>7-499-9514823</phone>
                            <email>mail@shvabe.com</email>
                            <okato>65401380000</okato>
                            <okpo>07508641</okpo>
                        </mainInfo>
                    </organization>
                </ns2:contact>
                <ns2:publicationDateTime>2017-03-16T19:31:17</ns2:publicationDateTime>
                <ns2:documentationDelivery>
                    <deliveryStartDateTime>2017-03-16</deliveryStartDateTime>
                    <deliveryEndDateTime>2017-03-23</deliveryEndDateTime>
                    <place>Согласно документации</place>
                    <procedure>Согласно документации</procedure>
                </ns2:documentationDelivery>
                <ns2:status>P</ns2:status>
                <ns2:version>1</ns2:version>
                <ns2:notDishonest>true</ns2:notDishonest>
                <ns2:attachments>
                    <totalDocumentsCount>4</totalDocumentsCount>
                    <document>
                        <guid>0a58dfd2-6b3f-47cc-a644-dfa31a65eccf</guid>
                        <createDateTime>2017-03-16T09:51:42</createDateTime>
                        <fileName>Документация.DOCX</fileName>
                        <description>Документация</description>
                        <url>http://zakupki.gov.ru/223/purchase/public/download/download.html?id=30117984</url>
                    </document>
                    <document>
                        <guid>09a6ebf6-1016-4a33-9559-aa5d61b50524</guid>
                        <createDateTime>2017-03-15T20:01:11</createDateTime>
                        <fileName>Проект договора.DOC</fileName>
                        <description>Проект договора</description>
                        <url>http://zakupki.gov.ru/223/purchase/public/download/download.html?id=30117981</url>
                    </document>
                    <document>
                        <guid>b581163b-1d62-4b7f-a51a-dda1392d26df</guid>
                        <createDateTime>2017-03-15T20:01:18</createDateTime>
                        <fileName>Смета.xlsx</fileName>
                        <description>Смета</description>
                        <url>http://zakupki.gov.ru/223/purchase/public/download/download.html?id=30117982</url>
                    </document>
                    <document>
                        <guid>e5d53fde-51f6-435a-99a4-e42310983865</guid>
                        <createDateTime>2017-03-15T20:01:27</createDateTime>
                        <fileName>Техническое задание.DOCX</fileName>
                        <description>Техническое задание</description>
                        <url>http://zakupki.gov.ru/223/purchase/public/download/download.html?id=30117983</url>
                    </document>
                </ns2:attachments>
                <ns2:modificationDate>2017-03-16T19:31:17</ns2:modificationDate>
                <ns2:saveUserId>208276</ns2:saveUserId>
                <ns2:deliveryPlaceIndication>SINGLE_PLACE</ns2:deliveryPlaceIndication>
                <ns2:emergency>false</ns2:emergency>
                <ns2:jointPurchase>false</ns2:jointPurchase>
                <ns2:electronicPlaceInfo>
                    <name>ETPRF</name>
                    <url>http://etprf.ru</url>
                    <electronicPlaceId>142</electronicPlaceId>
                </ns2:electronicPlaceInfo>
                <ns2:submissionCloseDateTime>2017-03-23T09:00:00</ns2:submissionCloseDateTime>
                <ns2:publicationPlannedDate>2017-03-16</ns2:publicationPlannedDate>
                <ns2:templateVersion>1</ns2:templateVersion>
                <ns2:templateStructure>
                    <ns2:level>
                        <ns2:tabLevel>NOTICE</ns2:tabLevel>
                        <ns2:tab>
                            <tabOrdinal>1</tabOrdinal>
                            <tabName>Общая информация</tabName>
                            <fixedName>MAIN</fixedName>
                            <section>
                                <sectionOrdinal>1</sectionOrdinal>
                                <sectionName>Сведения о состоянии извещения</sectionName>
                                <fixedName>MAIN_STATUS</fixedName>
                            </section>
                            <section>
                                <sectionOrdinal>2</sectionOrdinal>
                                <sectionName>Сведения о заказчике</sectionName>
                                <fixedName>MAIN_CUSTOMER</fixedName>
                            </section>
                            <section>
                                <sectionOrdinal>3</sectionOrdinal>
                                <sectionName>Общие сведения о закупке</sectionName>
                                <fixedName>MAIN_PURCHASE</fixedName>
                            </section>
                            <section>
                                <sectionOrdinal>4</sectionOrdinal>
                                <sectionName>Контактная информация</sectionName>
                                <fixedName>MAIN_CONTACTS</fixedName>
                            </section>
                        </ns2:tab>
                        <ns2:tab>
                            <tabOrdinal>2</tabOrdinal>
                            <tabName>Порядок размещения закупки</tabName>
                            <fixedName>COMMISSION</fixedName>
                            <section>
                                <sectionOrdinal>1</sectionOrdinal>
                                <sectionName>Публикация извещения</sectionName>
                                <fixedName>COMMISSION_PUBLISH</fixedName>
                            </section>
                        </ns2:tab>
                        <ns2:tab>
                            <tabOrdinal>3</tabOrdinal>
                            <tabName>Список лотов</tabName>
                            <fixedName>LOTS</fixedName>
                            <section>
                                <sectionOrdinal>1</sectionOrdinal>
                                <sectionName>Сведения о лотах</sectionName>
                                <fixedName>LOTS_INFO</fixedName>
                            </section>
                        </ns2:tab>
                        <ns2:tab>
                            <tabOrdinal>6</tabOrdinal>
                            <tabName>Документация</tabName>
                            <fixedName>DOCS</fixedName>
                            <section>
                                <sectionOrdinal>1</sectionOrdinal>
                                <sectionName>Предоставление документации</sectionName>
                                <fixedName>DOCS_INFO</fixedName>
                            </section>
                            <section>
                                <sectionOrdinal>2</sectionOrdinal>
                                <sectionName>Файлы документации</sectionName>
                                <fixedName>DOCS_FILES</fixedName>
                            </section>
                        </ns2:tab>
                    </ns2:level>
                    <ns2:level>
                        <ns2:tabLevel>LOT</ns2:tabLevel>
                        <ns2:tab>
                            <tabOrdinal>4</tabOrdinal>
                            <tabName>Сведения о лоте</tabName>
                            <fixedName>LOT_INFORMATION</fixedName>
                            <section>
                                <sectionOrdinal>1</sectionOrdinal>
                                <sectionName>Общая информация о лоте</sectionName>
                                <fixedName>LOT_INFO</fixedName>
                            </section>
                            <section>
                                <sectionOrdinal>2</sectionOrdinal>
                                <sectionName>Информация о товаре, работе, услуге</sectionName>
                                <fixedName>LOT_GOODS</fixedName>
                            </section>
                            <section>
                                <sectionOrdinal>3</sectionOrdinal>
                                <sectionName>Место поставки</sectionName>
                                <fixedName>LOT_PLACE</fixedName>
                            </section>
                        </ns2:tab>
                    </ns2:level>
                    <ns2:level>
                        <ns2:tabLevel>LOT_CUSTOMER</ns2:tabLevel>
                        <ns2:tab>
                            <tabOrdinal>5</tabOrdinal>
                            <tabName>Сведения по заказчику</tabName>
                            <fixedName>LOT_CUSTOMER</fixedName>
                            <section>
                                <sectionOrdinal>1</sectionOrdinal>
                                <sectionName>Общая информация по Заказчику</sectionName>
                                <fixedName>LOT_CUSTOMER_INFO</fixedName>
                            </section>
                            <section>
                                <sectionOrdinal>2</sectionOrdinal>
                                <sectionName>Информация о товаре, работе, услуге</sectionName>
                                <fixedName>LOT_CUSTOMER_GOODS</fixedName>
                            </section>
                            <section>
                                <sectionOrdinal>3</sectionOrdinal>
                                <sectionName>Место поставки</sectionName>
                                <fixedName>LOT_CUSTOMER_PLACE</fixedName>
                            </section>
                        </ns2:tab>
                    </ns2:level>
                </ns2:templateStructure>
                <ns2:extendFields>
                    <noticeExtendField>
                        <extendField>
                            <integrCode>e</integrCode>
                            <description>Обеспечение заявки</description>
                            <type>TEXT</type>
                            <value>
                                <text>Требуется в размере 100000 руб., НДС не облагается, путем перечисления денежных средств на счет, открытый участнику оператором ЭТП, в срок не позднее момента окончания подачи заявок </text>
                            </value>
                        </extendField>
                        <extendField>
                            <integrCode>g</integrCode>
                            <description>Срок заключения договора</description>
                            <type>TEXT</type>
                            <value>
                                <text>Не ранее 10 дней и не позднее 20 дней со дня официального размещения протокола, которым были подведены итоги закупки </text>
                            </value>
                        </extendField>
                        <extendField>
                            <integrCode>h</integrCode>
                            <description>Срок отказа от проведения закупки</description>
                            <type>TEXT</type>
                            <value>
                                <text>Организатор закупки вправе отказаться от проведения закупки без каких-либо последствий в любой момент до подведения ее итогов </text>
                            </value>
                        </extendField>
                        <extendField>
                            <integrCode>j</integrCode>
                            <description>Дополнительные комментарии</description>
                            <type>TEXT</type>
                            <value>
                                <text>Запрос котировок не является торгами согласно законодательству и не влечет для заказчика и/или организатора закупки возникновения соответствующего объема обязательств, предусмотренного статьями 447 – 449 Гражданского кодекса Российской Федерации </text>
                            </value>
                        </extendField>
                        <position>
                            <tabOrdinal>1</tabOrdinal>
                            <tabName>MAIN</tabName>
                            <sectionOrdinal>3</sectionOrdinal>
                            <sectionName>MAIN_SEC_Общие сведения о закупке</sectionName>
                        </position>
                    </noticeExtendField>
                    <noticeExtendField>
                        <extendField>
                            <integrCode>d</integrCode>
                            <description>Mесто подачи заявок</description>
                            <type>TEXT</type>
                            <value>
                                <text>www.etprf.ru </text>
                            </value>
                        </extendField>
                        <extendField>
                            <integrCode>f</integrCode>
                            <description>Место и дата рассмотрения, оценки и сопоставления заявок (подведения итогов закупки)</description>
                            <type>TEXT</type>
                            <value>
                                <text>«24» марта 2017 года по адресу: г. Москва, пр-т Мира 176 </text>
                            </value>
                        </extendField>
                        <position>
                            <tabOrdinal>2</tabOrdinal>
                            <tabName>COMMISSION</tabName>
                            <sectionOrdinal>1</sectionOrdinal>
                            <sectionName>COMISSION_SEC_Публикация извещения</sectionName>
                        </position>
                    </noticeExtendField>
                </ns2:extendFields>
                <ns2:lots>
                    <lot>
                        <guid>c7c209f1-4363-40e6-9e6d-5f4a8d4966c8</guid>
                        <ordinalNumber>1</ordinalNumber>
                        <lotEditEnabled>false</lotEditEnabled>
                        <lotData>
                            <subject>Выполнение работ по ремонту внутренних помещений</subject>
                            <currency>
                                <code>RUB</code>
                                <digitalCode>643</digitalCode>
                                <name>Российский рубль</name>
                            </currency>
                            <initialSum>2356794.95</initialSum>
                            <deliveryPlace>
                                <address>г. Москва, пр-т Мира, 176</address>
                            </deliveryPlace>
                            <lotItems>
                                <newCodes>true</newCodes>
                                <lotItem>
                                    <guid>5a0f064f-b0bb-4f46-93f0-b6e124bf5150</guid>
                                    <ordinalNumber>1</ordinalNumber>
                                    <okpd2>
                                        <code>41.20</code>
                                        <name>Здания и работы по возведению зданий</name>
                                    </okpd2>
                                    <okved2>
                                        <code>41.20</code>
                                        <name>Строительство жилых и нежилых зданий</name>
                                    </okved2>
                                    <okei>
                                        <code>839</code>
                                        <name>Комплект</name>
                                    </okei>
                                    <qty>1</qty>
                                </lotItem>
                            </lotItems>
                            <forSmallOrMiddle>false</forSmallOrMiddle>
                            <excludePurchaseFromPlan>false</excludePurchaseFromPlan>
                            <subcontractorsRequirement>false</subcontractorsRequirement>
                            <ignoredPurchase>false</ignoredPurchase>
                            <centralized>false</centralized>
                        </lotData>
                        <deliveryPlaceIndication>GL</deliveryPlaceIndication>
                        <jointLotData>
                            <jointLot>false</jointLot>
                        </jointLotData>
                        <lotPlanInfo>
                            <planRegistrationNumber>2160202949</planRegistrationNumber>
                            <planGuid>ace56121-a361-46e4-9714-8c026642d1e1</planGuid>
                            <positionNumber>50</positionNumber>
                            <lotPlanPosition>COMMODITY</lotPlanPosition>
                            <positionGuid>8d6a567a-a1c1-4216-a31c-fe7fdbc9c12f</positionGuid>
                        </lotPlanInfo>
                        <cancelled>false</cancelled>
                    </lot>
                </ns2:lots>
            </ns2:purchaseNoticeData>
        </ns2:item>
    </ns2:body>
</ns2:purchaseNotice>
