<?xml version="1.0" encoding="UTF-8" standalone="yes"?>
<ns2:purchaseNotice xsi:schemaLocation="http://zakupki.gov.ru/223/integration/schema/TFF-5.2 http://zakupki.gov.ru/223/integration/schema/TFF-5.2/purchase.xsd" xmlns="http://zakupki.gov.ru/223fz/types/1" xmlns:ns10="http://zakupki.gov.ru/223fz/purchasePlan/1" xmlns:ns11="http://zakupki.gov.ru/223fz/purchasePlanProject/1" xmlns:ns12="http://zakupki.gov.ru/223fz/purchasePlanProjectAdditionalPosition/1" xmlns:ns13="http://zakupki.gov.ru/223fz/contract/1" xmlns:ns14="http://zakupki.gov.ru/223fz/missedNotice/1" xmlns:ns15="http://zakupki.gov.ru/223fz/reference/1" xmlns:ns16="http://zakupki.gov.ru/223fz/stopCommodity/1" xmlns:ns17="http://zakupki.gov.ru/223fz/decisionSuspension/1" xmlns:ns18="http://zakupki.gov.ru/223fz/purchasePlanAdditionalPosition/1" xmlns:ns19="http://zakupki.gov.ru/223fz/webRequest/1" xmlns:ns2="http://zakupki.gov.ru/223fz/purchase/1" xmlns:xsi="http://www.w3.org/2001/XMLSchema-instance" xmlns:ns3="http://zakupki.gov.ru/223fz/dishonestSupplier/1" xmlns:ns4="http://zakupki.gov.ru/223fz/machineryListInfo/1" xmlns:ns5="http://zakupki.gov.ru/223fz/revenue/1" xmlns:ns6="http://zakupki.gov.ru/223fz/orderClauseList/1" xmlns:ns7="http://zakupki.gov.ru/223fz/disagreementProtocol/1" xmlns:ns8="http://zakupki.gov.ru/223fz/complaint/1" xmlns:ns9="http://zakupki.gov.ru/223fz/notificationIssue/1">
    <header>
        <guid>9fadd4cb-0c41-41b8-b070-7e17e2797ac4</guid>
        <createDateTime>2017-03-16T17:08:46</createDateTime>
    </header>
    <ns2:body>
        <ns2:item>
            <guid>4a4563d3-f544-4d8d-9a00-fff78cc49223</guid>
            <ns2:purchaseNoticeData>
                <ns2:guid>4a4563d3-f544-4d8d-9a00-fff78cc49223</ns2:guid>
                <ns2:createDateTime>2017-03-16T16:05:01</ns2:createDateTime>
                <ns2:urlOOS>https://zakupki.gov.ru/223/purchase/private/purchase/notice-info/details.html?noticeInfoId=5887247</ns2:urlOOS>
                <ns2:urlVSRZ>http://utp.sberbank-ast.ru/Trade/NBT/PurchaseView/62/0/0/228778</ns2:urlVSRZ>
                <ns2:registrationNumber>31704899553</ns2:registrationNumber>
                <ns2:name>Выполнение аварийных работ по ремонту участка водопровода системы холодного водоснабжения</ns2:name>
                <ns2:customer>
                    <mainInfo>
                        <fullName>ОБЩЕСТВО С ОГРАНИЧЕННОЙ ОТВЕТСТВЕННОСТЬЮ "СОВРЕМЕННЫЕ ТЕХНОЛОГИИ"</fullName>
                        <shortName>ООО "СОВРЕМЕННЫЕ ТЕХНОЛОГИИ"</shortName>
                        <iko>67708229993772301001</iko>
                        <inn>7708229993</inn>
                        <kpp>774501001</kpp>
                        <ogrn>1037708040468</ogrn>
                        <legalAddress>115432, Г МОСКВА, ПР ЮЖНОПОРТОВЫЙ 2-Й, дом ДОМ 12А, корпус КОРПУС 1 СТРОЕНИЕ 6</legalAddress>
                        <postalAddress>115432, Москва город, Южнопортовый 2-й проезд, дом 12A, корпус 1, строение 6</postalAddress>
                        <phone>+7 (495) 665 56 00, доб. 46181</phone>
                        <email>Sov.tec@yandex.ru</email>
                        <okato>45290582000</okato>
                        <okpo>70030340</okpo>
                    </mainInfo>
                </ns2:customer>
                <ns2:purchaseMethodCode>33505</ns2:purchaseMethodCode>
                <ns2:purchaseCodeName>СБ-АСТ: Закупка у единственного источника</ns2:purchaseCodeName>
                <ns2:placer>
                    <mainInfo>
                        <fullName>Закрытое акционерное общество "Сбербанк-Автоматизированная система торгов"</fullName>
                        <shortName>ЗАО "Сбербанк-АСТ"</shortName>
                        <iko>67707308480770701001</iko>
                        <inn>7707308480</inn>
                        <kpp>770701001</kpp>
                        <ogrn>1027707000441</ogrn>
                        <legalAddress>127055, Москва, Новослободская, дом 24, корпус СТР.2</legalAddress>
                        <postalAddress>119180, г. Москва, ул. Большая Якиманка, д. 23 </postalAddress>
                        <phone>7-495-7872997</phone>
                        <fax>7-495-7872998</fax>
                        <email>FSKordysh@sberbank-ast.ru</email>
                        <okato>45286585000</okato>
                        <okpo>58997535</okpo>
                    </mainInfo>
                </ns2:placer>
                <ns2:contact>
                    <firstName>Давыдов Владимир Георгиевич</firstName>
                    <phone>+7 (495) 665 56 00, доб. 46181</phone>
                    <email>sov-teh2014@mail.ru</email>
                    <organization>
                        <mainInfo>
                            <fullName>ОБЩЕСТВО С ОГРАНИЧЕННОЙ ОТВЕТСТВЕННОСТЬЮ "СОВРЕМЕННЫЕ ТЕХНОЛОГИИ"</fullName>
                            <shortName>ООО "СОВРЕМЕННЫЕ ТЕХНОЛОГИИ"</shortName>
                            <iko>67708229993772301001</iko>
                            <inn>7708229993</inn>
                            <kpp>774501001</kpp>
                            <ogrn>1037708040468</ogrn>
                            <legalAddress>115432, Г МОСКВА, ПР ЮЖНОПОРТОВЫЙ 2-Й, дом ДОМ 12А, корпус КОРПУС 1 СТРОЕНИЕ 6</legalAddress>
                            <postalAddress>115432, Москва город, Южнопортовый 2-й проезд, дом 12A, корпус 1, строение 6</postalAddress>
                            <phone>+7 (495) 665 56 00, доб. 46181</phone>
                            <email>Sov.tec@yandex.ru</email>
                            <okato>45290582000</okato>
                            <okpo>70030340</okpo>
                        </mainInfo>
                    </organization>
                </ns2:contact>
                <ns2:publicationDateTime>2017-03-16T17:08:46</ns2:publicationDateTime>
                <ns2:documentationDelivery>
                    <deliveryStartDateTime>2017-03-17</deliveryStartDateTime>
                    <deliveryEndDateTime>2017-03-17</deliveryEndDateTime>
                    <place>http://utp.sberbank-ast.ru/Trade</place>
                    <procedure>http://utp.sberbank-ast.ru/Trade</procedure>
                </ns2:documentationDelivery>
                <ns2:status>P</ns2:status>
                <ns2:version>1</ns2:version>
                <ns2:notDishonest>false</ns2:notDishonest>
                <ns2:attachments>
                    <totalDocumentsCount>1</totalDocumentsCount>
                    <document>
                        <guid>d1aa7162-24ec-4f33-8882-4db5c21a1a8b</guid>
                        <createDateTime>2017-03-16T16:05:01</createDateTime>
                        <fileName>ЕИ_Ремонт системы ХВС (Южнопортовый пр.).docx</fileName>
                        <description>ЕИ_Ремонт системы ХВС (Южнопортовый пр.).docx</description>
                        <url>http://zakupki.gov.ru/223/purchase/public/download/download.html?id=30115521</url>
                    </document>
                </ns2:attachments>
                <ns2:modificationDate>2017-03-16T17:08:46</ns2:modificationDate>
                <ns2:saveUserId>29401</ns2:saveUserId>
                <ns2:deliveryPlaceIndication>DIFFERENT_PLACE</ns2:deliveryPlaceIndication>
                <ns2:emergency>false</ns2:emergency>
                <ns2:jointPurchase>false</ns2:jointPurchase>
                <ns2:electronicPlaceInfo>
                    <name>ЗАО «Сбербанк-АСТ» (УТП)</name>
                    <url>http://utp.sberbank-ast.ru/Trade</url>
                    <electronicPlaceId>116</electronicPlaceId>
                </ns2:electronicPlaceInfo>
                <ns2:placingProcedure>
                    <ns2:examinationPlace>Место не предоставляется, заявки не рассматриваются</ns2:examinationPlace>
                    <ns2:examinationDateTime>2017-03-17T00:00:00</ns2:examinationDateTime>
                    <ns2:summingupDateTime>2017-03-17T00:00:00</ns2:summingupDateTime>
                </ns2:placingProcedure>
                <ns2:submissionCloseDateTime>2017-03-17T00:00:00</ns2:submissionCloseDateTime>
                <ns2:publicationPlannedDate>2017-03-16</ns2:publicationPlannedDate>
                <ns2:lots>
                    <lot>
                        <guid>4e5765f7-6f54-4a69-a90f-1724a913c3a1</guid>
                        <ordinalNumber>1</ordinalNumber>
                        <lotEditEnabled>true</lotEditEnabled>
                        <lotData>
                            <subject>Ремонт участка водопровода системы холодного водоснабжения</subject>
                            <currency>
                                <code>RUB</code>
                                <digitalCode>643</digitalCode>
                                <name>Российский рубль</name>
                            </currency>
                            <initialSum>275000.00</initialSum>
                            <deliveryPlace>
                                <address>в соответствии с документацией</address>
                            </deliveryPlace>
                            <lotItems>
                                <newCodes>true</newCodes>
                                <lotItem>
                                    <guid>27a78dd6-ac0d-414a-a612-c0c232e2fced</guid>
                                    <ordinalNumber>1</ordinalNumber>
                                    <okpd2>
                                        <code>43.22.11</code>
                                        <name>Работы по монтажу водопроводных и канализационных систем</name>
                                    </okpd2>
                                    <okved2>
                                        <code>43.2</code>
                                        <name>Производство электромонтажных, санитарно-технических и прочих строительно-монтажных работ</name>
                                    </okved2>
                                    <okei>
                                        <code>879</code>
                                        <name>Условная штука</name>
                                    </okei>
                                    <qty>1</qty>
                                    <additionalInfo>Ремонт участка водопровода системы холодного водоснабжения</additionalInfo>
                                </lotItem>
                            </lotItems>
                            <forSmallOrMiddle>false</forSmallOrMiddle>
                            <excludePurchaseFromPlan>false</excludePurchaseFromPlan>
                            <subcontractorsRequirement>false</subcontractorsRequirement>
                            <ignoredPurchase>false</ignoredPurchase>
                            <centralized>false</centralized>
                        </lotData>
                        <deliveryPlaceIndication>GL</deliveryPlaceIndication>
                        <jointLotData>
                            <jointLot>false</jointLot>
                        </jointLotData>
                        <lotPlanInfo>
                            <planRegistrationNumber>2160201007</planRegistrationNumber>
                            <planGuid>0e21f58b-ade4-49fc-bfc0-3c9c003b510c</planGuid>
                            <positionNumber>165</positionNumber>
                            <lotPlanPosition>COMMODITY</lotPlanPosition>
                            <positionGuid>0700ebb3-d123-4183-98c1-87aa484ae5df</positionGuid>
                        </lotPlanInfo>
                        <cancelled>false</cancelled>
                    </lot>
                </ns2:lots>
            </ns2:purchaseNoticeData>
        </ns2:item>
    </ns2:body>
</ns2:purchaseNotice>
