<?xml version="1.0" encoding="UTF-8" standalone="yes"?>
<ns2:purchaseNotice xsi:schemaLocation="http://zakupki.gov.ru/223/integration/schema/TFF-5.2 http://zakupki.gov.ru/223/integration/schema/TFF-5.2/purchase.xsd" xmlns="http://zakupki.gov.ru/223fz/types/1" xmlns:ns10="http://zakupki.gov.ru/223fz/purchasePlan/1" xmlns:ns11="http://zakupki.gov.ru/223fz/purchasePlanProject/1" xmlns:ns12="http://zakupki.gov.ru/223fz/purchasePlanProjectAdditionalPosition/1" xmlns:ns13="http://zakupki.gov.ru/223fz/contract/1" xmlns:ns14="http://zakupki.gov.ru/223fz/missedNotice/1" xmlns:ns15="http://zakupki.gov.ru/223fz/reference/1" xmlns:ns16="http://zakupki.gov.ru/223fz/stopCommodity/1" xmlns:ns17="http://zakupki.gov.ru/223fz/decisionSuspension/1" xmlns:ns18="http://zakupki.gov.ru/223fz/purchasePlanAdditionalPosition/1" xmlns:ns19="http://zakupki.gov.ru/223fz/webRequest/1" xmlns:ns2="http://zakupki.gov.ru/223fz/purchase/1" xmlns:xsi="http://www.w3.org/2001/XMLSchema-instance" xmlns:ns3="http://zakupki.gov.ru/223fz/dishonestSupplier/1" xmlns:ns4="http://zakupki.gov.ru/223fz/machineryListInfo/1" xmlns:ns5="http://zakupki.gov.ru/223fz/revenue/1" xmlns:ns6="http://zakupki.gov.ru/223fz/orderClauseList/1" xmlns:ns7="http://zakupki.gov.ru/223fz/disagreementProtocol/1" xmlns:ns8="http://zakupki.gov.ru/223fz/complaint/1" xmlns:ns9="http://zakupki.gov.ru/223fz/notificationIssue/1">
    <header>
        <guid>69960738-6f12-46c2-b45f-3cce6282d350</guid>
        <createDateTime>2017-03-16T19:55:37</createDateTime>
    </header>
    <ns2:body>
        <ns2:item>
            <guid>4909809c-92f9-45b4-bb1b-8b6229862475</guid>
            <ns2:purchaseNoticeData>
                <ns2:guid>4909809c-92f9-45b4-bb1b-8b6229862475</ns2:guid>
                <ns2:createDateTime>2017-03-16T16:58:44</ns2:createDateTime>
                <ns2:urlOOS>https://zakupki.gov.ru/223/purchase/private/purchase/notice-info/details.html?noticeInfoId=5887804</ns2:urlOOS>
                <ns2:urlVSRZ>https://www.rzd.ru</ns2:urlVSRZ>
                <ns2:registrationNumber>31704900056</ns2:registrationNumber>
                <ns2:name>Открытый аукцион среди субъектов малого и среднего предпринимательства в электронной форме № 2026/ОАЭ-ЦДТВ/17 на право заключения договора поставки расходных материалов для оргтехники для Центральной дирекции по тепловодоснабжению</ns2:name>
                <ns2:customer>
                    <mainInfo>
                        <fullName>ОТКРЫТОЕ АКЦИОНЕРНОЕ ОБЩЕСТВО "РОССИЙСКИЕ ЖЕЛЕЗНЫЕ ДОРОГИ"</fullName>
                        <shortName>ОАО "РЖД"</shortName>
                        <iko>57708503727770801001</iko>
                        <inn>7708503727</inn>
                        <kpp>770801001</kpp>
                        <ogrn>1037739877295</ogrn>
                        <legalAddress>107174, Г МОСКВА, УЛ БАСМАННАЯ НОВ., дом ДОМ 2</legalAddress>
                        <postalAddress>107174, Москва Город, Басманная Нов. Улица, дом 2</postalAddress>
                        <phone>7-499-2621002</phone>
                        <fax>7-499-2629095</fax>
                        <email>BelozerovOlVal@yandex.ru</email>
                        <okato>45286555000</okato>
                        <okpo>00083262</okpo>
                    </mainInfo>
                </ns2:customer>
                <ns2:purchaseMethodCode>95157</ns2:purchaseMethodCode>
                <ns2:purchaseCodeName>Открытый аукцион в электронной форме (по Положению ОАО "РЖД")</ns2:purchaseCodeName>
                <ns2:placer>
                    <mainInfo>
                        <fullName>ОТКРЫТОЕ АКЦИОНЕРНОЕ ОБЩЕСТВО "РОССИЙСКИЕ ЖЕЛЕЗНЫЕ ДОРОГИ"</fullName>
                        <shortName>ОАО "РЖД"</shortName>
                        <iko>57708503727770801001</iko>
                        <inn>7708503727</inn>
                        <kpp>770801001</kpp>
                        <ogrn>1037739877295</ogrn>
                        <legalAddress>107174, Г МОСКВА, УЛ БАСМАННАЯ НОВ., дом ДОМ 2</legalAddress>
                        <postalAddress>107174, Москва Город, Басманная Нов. Улица, дом 2</postalAddress>
                        <phone>7-499-2621002</phone>
                        <fax>7-499-2629095</fax>
                        <email>BelozerovOlVal@yandex.ru</email>
                        <okato>45286555000</okato>
                        <okpo>00083262</okpo>
                    </mainInfo>
                </ns2:placer>
                <ns2:contact>
                    <lastName>Котов Дмитрий Игоревич</lastName>
                    <phone>+7 (499) 2601969</phone>
                    <fax>+7 (499) 2607142</fax>
                    <email>kotovdi@center.rzd.ru</email>
                    <organization>
                        <mainInfo>
                            <fullName>ОТКРЫТОЕ АКЦИОНЕРНОЕ ОБЩЕСТВО "РОССИЙСКИЕ ЖЕЛЕЗНЫЕ ДОРОГИ"</fullName>
                            <shortName>ОАО "РЖД"</shortName>
                            <iko>57708503727770801001</iko>
                            <inn>7708503727</inn>
                            <kpp>770801001</kpp>
                            <ogrn>1037739877295</ogrn>
                            <legalAddress>107174, Г МОСКВА, УЛ БАСМАННАЯ НОВ., дом ДОМ 2</legalAddress>
                            <postalAddress>107174, Москва Город, Басманная Нов. Улица, дом 2</postalAddress>
                            <phone>7-499-2621002</phone>
                            <fax>7-499-2629095</fax>
                            <email>BelozerovOlVal@yandex.ru</email>
                            <okato>45286555000</okato>
                            <okpo>00083262</okpo>
                        </mainInfo>
                    </organization>
                </ns2:contact>
                <ns2:publicationDateTime>2017-03-16T19:55:37</ns2:publicationDateTime>
                <ns2:documentationDelivery>
                    <deliveryStartDateTime>2017-03-16</deliveryStartDateTime>
                    <deliveryEndDateTime>2017-04-06</deliveryEndDateTime>
                    <place>Документация размещена в Единой информационной системе в сфере закупок, на сайте www.rzd.ru (раздел «Тендеры»), а также на сайте tektorg.ru.</place>
                    <procedure>Документация доступна для ознакомления на перечисленных сайтах с момента ее опубликования без ограничений. Плата за предоставление документации не взимается. </procedure>
                </ns2:documentationDelivery>
                <ns2:status>P</ns2:status>
                <ns2:version>1</ns2:version>
                <ns2:notDishonest>true</ns2:notDishonest>
                <ns2:attachments>
                    <totalDocumentsCount>2</totalDocumentsCount>
                    <document>
                        <guid>aeb93036-edc3-4764-b830-abff5dcb2915</guid>
                        <createDateTime>2017-03-16T16:58:44</createDateTime>
                        <fileName>Извещение.doc</fileName>
                        <description>Извещение.doc</description>
                        <url>http://zakupki.gov.ru/223/purchase/public/download/download.html?id=30118341</url>
                    </document>
                    <document>
                        <guid>95505d6d-4940-4e4c-9a31-0130309a4b39</guid>
                        <createDateTime>2017-03-16T16:58:44</createDateTime>
                        <fileName>Документация.docx</fileName>
                        <description>Документация.docx</description>
                        <url>http://zakupki.gov.ru/223/purchase/public/download/download.html?id=30118342</url>
                    </document>
                </ns2:attachments>
                <ns2:modificationDate>2017-03-16T19:55:37</ns2:modificationDate>
                <ns2:saveUserId>185324</ns2:saveUserId>
                <ns2:deliveryPlaceIndication>DIFFERENT_PLACE</ns2:deliveryPlaceIndication>
                <ns2:emergency>false</ns2:emergency>
                <ns2:jointPurchase>false</ns2:jointPurchase>
                <ns2:electronicPlaceInfo>
                    <name>Электронная торговая площадка ЗАО «ТЭК-Торг»</name>
                    <url>tektorg.ru</url>
                    <electronicPlaceId>304</electronicPlaceId>
                </ns2:electronicPlaceInfo>
                <ns2:submissionCloseDateTime>2017-04-06T10:00:00</ns2:submissionCloseDateTime>
                <ns2:publicationPlannedDate>2017-03-16</ns2:publicationPlannedDate>
                <ns2:templateVersion>13</ns2:templateVersion>
                <ns2:templateStructure>
                    <ns2:level>
                        <ns2:tabLevel>NOTICE</ns2:tabLevel>
                        <ns2:tab>
                            <tabOrdinal>1</tabOrdinal>
                            <tabName>Общая информация</tabName>
                            <fixedName>MAIN</fixedName>
                            <section>
                                <sectionOrdinal>1</sectionOrdinal>
                                <sectionName>Сведения о состоянии извещения</sectionName>
                                <fixedName>MAIN_STATUS</fixedName>
                            </section>
                            <section>
                                <sectionOrdinal>2</sectionOrdinal>
                                <sectionName>Сведения о заказчике</sectionName>
                                <fixedName>MAIN_CUSTOMER</fixedName>
                            </section>
                            <section>
                                <sectionOrdinal>3</sectionOrdinal>
                                <sectionName>Общие сведения о закупке</sectionName>
                                <fixedName>MAIN_PURCHASE</fixedName>
                            </section>
                            <section>
                                <sectionOrdinal>4</sectionOrdinal>
                                <sectionName>Контактная информация</sectionName>
                                <fixedName>MAIN_CONTACTS</fixedName>
                            </section>
                            <section>
                                <sectionOrdinal>5</sectionOrdinal>
                                <sectionName>Обеспечение заявок и исполнения договора</sectionName>
                            </section>
                        </ns2:tab>
                        <ns2:tab>
                            <tabOrdinal>2</tabOrdinal>
                            <tabName>Порядок размещения закупки</tabName>
                            <fixedName>COMMISSION</fixedName>
                            <section>
                                <sectionOrdinal>1</sectionOrdinal>
                                <sectionName>Публикация извещения</sectionName>
                                <fixedName>COMMISSION_PUBLISH</fixedName>
                            </section>
                        </ns2:tab>
                        <ns2:tab>
                            <tabOrdinal>3</tabOrdinal>
                            <tabName>Список лотов</tabName>
                            <fixedName>LOTS</fixedName>
                            <section>
                                <sectionOrdinal>1</sectionOrdinal>
                                <sectionName>Сведения о лотах</sectionName>
                                <fixedName>LOTS_INFO</fixedName>
                            </section>
                        </ns2:tab>
                        <ns2:tab>
                            <tabOrdinal>4</tabOrdinal>
                            <tabName>Документация</tabName>
                            <fixedName>DOCS</fixedName>
                            <section>
                                <sectionOrdinal>1</sectionOrdinal>
                                <sectionName>Предоставление документации</sectionName>
                                <fixedName>DOCS_INFO</fixedName>
                            </section>
                            <section>
                                <sectionOrdinal>2</sectionOrdinal>
                                <sectionName>Файлы документации</sectionName>
                                <fixedName>DOCS_FILES</fixedName>
                            </section>
                        </ns2:tab>
                    </ns2:level>
                    <ns2:level>
                        <ns2:tabLevel>LOT</ns2:tabLevel>
                        <ns2:tab>
                            <tabOrdinal>1</tabOrdinal>
                            <tabName>Сведения о лоте</tabName>
                            <fixedName>LOT_INFORMATION</fixedName>
                            <section>
                                <sectionOrdinal>1</sectionOrdinal>
                                <sectionName>Общая информация о лоте</sectionName>
                                <fixedName>LOT_INFO</fixedName>
                            </section>
                            <section>
                                <sectionOrdinal>2</sectionOrdinal>
                                <sectionName>Дата и время рассмотрения заявок и проведения аукциона</sectionName>
                            </section>
                            <section>
                                <sectionOrdinal>3</sectionOrdinal>
                                <sectionName>Информация о товаре, работе, услуге</sectionName>
                                <fixedName>LOT_GOODS</fixedName>
                            </section>
                            <section>
                                <sectionOrdinal>4</sectionOrdinal>
                                <sectionName>Место поставки</sectionName>
                                <fixedName>LOT_PLACE</fixedName>
                            </section>
                        </ns2:tab>
                    </ns2:level>
                    <ns2:level>
                        <ns2:tabLevel>LOT_CUSTOMER</ns2:tabLevel>
                        <ns2:tab>
                            <tabOrdinal>1</tabOrdinal>
                            <tabName>Сведения по заказчику</tabName>
                            <fixedName>LOT_CUSTOMER</fixedName>
                            <section>
                                <sectionOrdinal>1</sectionOrdinal>
                                <sectionName>Общая информация по Заказчику</sectionName>
                                <fixedName>LOT_CUSTOMER_INFO</fixedName>
                            </section>
                            <section>
                                <sectionOrdinal>2</sectionOrdinal>
                                <sectionName>Информация о товаре, работе, услуге</sectionName>
                                <fixedName>LOT_CUSTOMER_GOODS</fixedName>
                            </section>
                            <section>
                                <sectionOrdinal>3</sectionOrdinal>
                                <sectionName>Место поставки</sectionName>
                                <fixedName>LOT_CUSTOMER_PLACE</fixedName>
                            </section>
                        </ns2:tab>
                    </ns2:level>
                </ns2:templateStructure>
                <ns2:extendFields>
                    <noticeExtendField>
                        <extendField>
                            <integrCode>DlyaNuzhd</integrCode>
                            <description>Закупка осуществляется для нужд</description>
                            <type>STRING</type>
                            <value>
                                <string>Центральной дирекции по тепловодоснабжению – филиала ОАО «РЖД» </string>
                            </value>
                        </extendField>
                        <extendField>
                            <integrCode>MestoOrg</integrCode>
                            <description>Место нахождения</description>
                            <type>STRING</type>
                            <value>
                                <string>129090, г. Москва, улица Каланчевская, дом 16, стр. 1</string>
                            </value>
                        </extendField>
                        <extendField>
                            <integrCode>AdresOrg</integrCode>
                            <description>Почтовый адрес</description>
                            <type>STRING</type>
                            <value>
                                <string>129090, г. Москва, улица Каланчевская, дом 16, стр. 1</string>
                            </value>
                        </extendField>
                        <position>
                            <tabOrdinal>1</tabOrdinal>
                            <tabName>MAIN</tabName>
                            <sectionOrdinal>2</sectionOrdinal>
                            <sectionName>MAIN_SEC_Сведения о заказчике</sectionName>
                        </position>
                    </noticeExtendField>
                    <noticeExtendField>
                        <extendField>
                            <integrCode>ObespechenieZayavki</integrCode>
                            <description>Обеспечение заявок</description>
                            <type>TEXT</type>
                            <value>
                                <text>Способ обеспечения заявки, установлен пунктом 7.5.1 аукционной документации (банковская гарантия или внесение денежных средств).  
Размер обеспечения заявки составляет 35000,00 руб.  
Требования к банковской гарантии указаны в пунктах 7.5.10 - 7.5.17 аукционной документации.  
Денежные средства перечисляются по следующим платежным реквизитам:  
Банковские реквизиты:  
р / с 40702810699992174017 в Банк ВТБ(ПАО)  
БИК 044525187  
к / с № 30101810700000000187  
Наименование получателя денежных средств:  
Желдоручет ОАО «РЖД»  
ИНН 7708503727  
КПП 770102001  
Назначение платежа: обеспечение заявки для участия в аукционе №2026/ОАЭ-ЦДТВ/17, ОКПО ________. Адрес: индекс ______, г. ________, ул. _____________, д. __, стр. __. НДС не облагается.</text>
                            </value>
                        </extendField>
                        <extendField>
                            <integrCode>ObespechenieDogovora</integrCode>
                            <description>Обеспечение исполнения договора</description>
                            <type>TEXT</type>
                            <value>
                                <text>Обеспечение исполнения договора не предусмотрено.</text>
                            </value>
                        </extendField>
                        <position>
                            <tabOrdinal>1</tabOrdinal>
                            <tabName>MAIN</tabName>
                            <sectionOrdinal>5</sectionOrdinal>
                            <sectionName>MAIN_SEC_Обеспечение заявок и исполнения договора</sectionName>
                        </position>
                    </noticeExtendField>
                    <noticeExtendField>
                        <extendField>
                            <integrCode>ZayavkiMesto</integrCode>
                            <description>Место предоставления заявок</description>
                            <type>TEXT</type>
                            <value>
                                <text>Заявки на участие в аукционе №2026/ОАЭ-ЦДТВ/17 должны состоять из электронной части, поданной в установленном документацией порядке с использованием Электронной торговой площадки ТЭК-ТОРГ (на странице данного открытого аукциона на сайте tektorg.ru) и части, представляемой на бумажном носителе (в случае, предусмотренном документацией) по адресу: 129090, г. Москва, улица Каланчевская, дом 16, стр. 1 (каб. № С313.4, 3 этаж) в рабочие дни с 9:00 до 17:30 (в пятницу до 16:30), перерыв с 12:00 до 13:00. Для прохода в здание необходимо направить заявку (с указанием ФИО, контактного телефона, номера процедуры размещения заказа и цели посещения) на электронный адрес контактного лица, указанного в пункте 1.1.2 документации, не позднее, чем за один рабочий день (до 15:00 московского времени), предшествующий дню посещения. При проходе в здание необходимо предъявить документ, удостоверяющий личность..</text>
                            </value>
                        </extendField>
                        <extendField>
                            <integrCode>VskritieData</integrCode>
                            <description>Дата и время вскрытия заявок </description>
                            <type>DATETIME</type>
                            <value>
                                <dateTime>2017-04-06T10:00:00</dateTime>
                            </value>
                        </extendField>
                        <extendField>
                            <integrCode>RassmotrenieMesto</integrCode>
                            <description>Место рассмотрения заявок</description>
                            <type>STRING</type>
                            <value>
                                <string>129090, г. Москва, улица Каланчевская, дом 16, стр. 1</string>
                            </value>
                        </extendField>
                        <position>
                            <tabOrdinal>2</tabOrdinal>
                            <tabName>COMMISSION</tabName>
                            <sectionOrdinal>1</sectionOrdinal>
                            <sectionName>COMISSION_SEC_Публикация извещения</sectionName>
                        </position>
                    </noticeExtendField>
                </ns2:extendFields>
                <ns2:lots>
                    <lot>
                        <guid>1275a18c-dee1-4e34-a38b-33ba460da19e</guid>
                        <ordinalNumber>1</ordinalNumber>
                        <lotEditEnabled>true</lotEditEnabled>
                        <lotData>
                            <subject>На право заключения договора поставки расходных материалов для оргтехники для Центральной дирекции по тепловодоснабжению</subject>
                            <currency>
                                <code>RUB</code>
                                <digitalCode>643</digitalCode>
                                <name>Российский рубль</name>
                            </currency>
                            <initialSum>2144545.65</initialSum>
                            <deliveryPlace>
                                <state>Центральный федеральный округ</state>
                                <region>Москва</region>
                                <regionOkato>45000000000</regionOkato>
                                <address>Место поставки товара указано в  пункте 3.3 аукционной документации</address>
                            </deliveryPlace>
                            <lotItems>
                                <newCodes>true</newCodes>
                                <lotItem>
                                    <guid>b7c2c382-0bfb-4fc2-b7a7-4227dcf7f6dd</guid>
                                    <ordinalNumber>1</ordinalNumber>
                                    <okpd2>
                                        <code>26.20.40.120</code>
                                        <name>Элементы замены типовые устройств ввода и вывода</name>
                                    </okpd2>
                                    <okved2>
                                        <code>26.20</code>
                                        <name>Производство компьютеров и периферийного оборудования</name>
                                    </okved2>
                                    <okei>
                                        <code>876</code>
                                        <name>Условная единица</name>
                                    </okei>
                                    <qty>1</qty>
                                </lotItem>
                            </lotItems>
                            <forSmallOrMiddle>true</forSmallOrMiddle>
                            <excludePurchaseFromPlan>false</excludePurchaseFromPlan>
                            <subcontractorsRequirement>false</subcontractorsRequirement>
                            <ignoredPurchase>false</ignoredPurchase>
                            <centralized>false</centralized>
                        </lotData>
                        <deliveryPlaceIndication>GL</deliveryPlaceIndication>
                        <jointLotData>
                            <jointLot>false</jointLot>
                        </jointLotData>
                        <lotPlanInfo>
                            <planRegistrationNumber>2160196812</planRegistrationNumber>
                            <planGuid>38bcb6e6-f2a2-4b86-bf1f-bd78b33966f3</planGuid>
                            <positionNumber>8733</positionNumber>
                            <lotPlanPosition>COMMODITY</lotPlanPosition>
                            <positionGuid>fdd315e3-6ba8-4dab-9cde-62c379ef698f</positionGuid>
                        </lotPlanInfo>
                        <cancelled>false</cancelled>
                        <extendFields>
                            <noticeExtendField>
                                <extendField>
                                    <integrCode>TsenaDog</integrCode>
                                    <description>Начальная (максимальная) цена договора без учета НДС </description>
                                    <type>STRING</type>
                                    <value>
                                        <string>1 817 411,57 </string>
                                    </value>
                                </extendField>
                                <extendField>
                                    <integrCode>Valyta</integrCode>
                                    <description>Валюта</description>
                                    <type>CURRENCY</type>
                                    <value>
                                        <nsi>
                                            <currency>
                                                <code>RUB</code>
                                                <digitalCode>643</digitalCode>
                                                <name>Российский рубль</name>
                                            </currency>
                                        </nsi>
                                    </value>
                                </extendField>
                                <position>
                                    <tabOrdinal>1</tabOrdinal>
                                    <tabName>LOT_INFORMATION</tabName>
                                    <sectionOrdinal>1</sectionOrdinal>
                                    <sectionName>LOT_INFO_SEC_Общая информация о лоте</sectionName>
                                </position>
                            </noticeExtendField>
                            <noticeExtendField>
                                <extendField>
                                    <integrCode>RassmotrenieData</integrCode>
                                    <description>Дата и время рассмотрения заявок</description>
                                    <type>DATETIME</type>
                                    <value>
                                        <dateTime>2017-04-13T10:00:00</dateTime>
                                    </value>
                                </extendField>
                                <extendField>
                                    <integrCode>ItogData</integrCode>
                                    <description>Дата и время проведения аукциона</description>
                                    <type>DATETIME</type>
                                    <value>
                                        <dateTime>2017-04-17T10:15:00</dateTime>
                                    </value>
                                </extendField>
                                <position>
                                    <tabOrdinal>1</tabOrdinal>
                                    <tabName>LOT_INFORMATION</tabName>
                                    <sectionOrdinal>2</sectionOrdinal>
                                    <sectionName>LOT_INFO_SEC_Дата и время рассмотрения заявок и проведения аукциона</sectionName>
                                </position>
                            </noticeExtendField>
                        </extendFields>
                    </lot>
                </ns2:lots>
            </ns2:purchaseNoticeData>
        </ns2:item>
    </ns2:body>
</ns2:purchaseNotice>
