<?xml version="1.0" encoding="UTF-8" standalone="yes"?>
<ns2:purchaseNotice xsi:schemaLocation="http://zakupki.gov.ru/223/integration/schema/TFF-5.2 http://zakupki.gov.ru/223/integration/schema/TFF-5.2/purchase.xsd" xmlns="http://zakupki.gov.ru/223fz/types/1" xmlns:ns10="http://zakupki.gov.ru/223fz/purchasePlan/1" xmlns:ns11="http://zakupki.gov.ru/223fz/purchasePlanProject/1" xmlns:ns12="http://zakupki.gov.ru/223fz/purchasePlanProjectAdditionalPosition/1" xmlns:ns13="http://zakupki.gov.ru/223fz/contract/1" xmlns:ns14="http://zakupki.gov.ru/223fz/missedNotice/1" xmlns:ns15="http://zakupki.gov.ru/223fz/reference/1" xmlns:ns16="http://zakupki.gov.ru/223fz/stopCommodity/1" xmlns:ns17="http://zakupki.gov.ru/223fz/decisionSuspension/1" xmlns:ns18="http://zakupki.gov.ru/223fz/purchasePlanAdditionalPosition/1" xmlns:ns19="http://zakupki.gov.ru/223fz/webRequest/1" xmlns:ns2="http://zakupki.gov.ru/223fz/purchase/1" xmlns:xsi="http://www.w3.org/2001/XMLSchema-instance" xmlns:ns3="http://zakupki.gov.ru/223fz/dishonestSupplier/1" xmlns:ns4="http://zakupki.gov.ru/223fz/machineryListInfo/1" xmlns:ns5="http://zakupki.gov.ru/223fz/revenue/1" xmlns:ns6="http://zakupki.gov.ru/223fz/orderClauseList/1" xmlns:ns7="http://zakupki.gov.ru/223fz/disagreementProtocol/1" xmlns:ns8="http://zakupki.gov.ru/223fz/complaint/1" xmlns:ns9="http://zakupki.gov.ru/223fz/notificationIssue/1">
    <header>
        <guid>cd0c14e3-5255-44a5-939d-e9ace710b0e8</guid>
        <createDateTime>2017-03-16T18:50:24</createDateTime>
    </header>
    <ns2:body>
        <ns2:item>
            <guid>2815a42b-7981-4c34-911f-57f459ac9922</guid>
            <ns2:purchaseNoticeData>
                <ns2:guid>2815a42b-7981-4c34-911f-57f459ac9922</ns2:guid>
                <ns2:createDateTime>2017-03-16T18:42:24</ns2:createDateTime>
                <ns2:urlOOS>https://zakupki.gov.ru/223/purchase/private/purchase/notice-info/details.html?noticeInfoId=5888348</ns2:urlOOS>
                <ns2:registrationNumber>31704899989</ns2:registrationNumber>
                <ns2:name>Открытый одноэтапный запрос предложений в бумажной форме без квалификационного отбора на право заключения договора на оказание услуг добровольного медицинского страхования.</ns2:name>
                <ns2:customer>
                    <mainInfo>
                        <fullName>АКЦИОНЕРНОЕ ОБЩЕСТВО " ВНЕШНЕЭКОНОМИЧЕСКОЕ ОБЪЕДИНЕНИЕ "РАДИОЭКСПОРТ"</fullName>
                        <shortName>АО "ВО "РАДИОЭКСПОРТ"</shortName>
                        <iko>57730658356773001001</iko>
                        <inn>7730658356</inn>
                        <kpp>773001001</kpp>
                        <ogrn>5117746067830</ogrn>
                        <legalAddress>121059, г МОСКВА, б-р УКРАИНСКИЙ, дом 8</legalAddress>
                        <postalAddress>121059, Москва, Украинский бульвар, д.8</postalAddress>
                        <phone>7-499-2436474</phone>
                        <fax>7-499-2435767</fax>
                        <email>a.gaynullin@radioexport.ru</email>
                        <okato>45268554000</okato>
                        <okpo>07550229</okpo>
                    </mainInfo>
                </ns2:customer>
                <ns2:purchaseMethodCode>109850</ns2:purchaseMethodCode>
                <ns2:purchaseCodeName>Запрос предложений в бумажной форме</ns2:purchaseCodeName>
                <ns2:placer>
                    <mainInfo>
                        <fullName>Общество с ограниченной ответственностью "Страховой брокер "РТ-Страхование"</fullName>
                        <shortName>ООО "СБ "РТ-Страхование"</shortName>
                        <iko>67704730687770401001</iko>
                        <inn>7704730687</inn>
                        <kpp>770401001</kpp>
                        <ogrn>1097746424753</ogrn>
                        <legalAddress>119991, Москва, Гоголевский, дом 21, корпус СТР.1</legalAddress>
                        <postalAddress>info@rt-insurance.ru</postalAddress>
                        <phone>7-495-2690891</phone>
                        <email>rakitina@rt-insurance.ru</email>
                        <okato>45286552000</okato>
                        <okpo>62192300</okpo>
                    </mainInfo>
                </ns2:placer>
                <ns2:contact>
                    <firstName>Светлана </firstName>
                    <middleName>Васильевна</middleName>
                    <lastName> Рыхлова </lastName>
                    <phone>+7 (499) 6535199</phone>
                    <email>reception@rt-insurance.ru</email>
                    <organization>
                        <mainInfo>
                            <fullName>АКЦИОНЕРНОЕ ОБЩЕСТВО " ВНЕШНЕЭКОНОМИЧЕСКОЕ ОБЪЕДИНЕНИЕ "РАДИОЭКСПОРТ"</fullName>
                            <shortName>АО "ВО "РАДИОЭКСПОРТ"</shortName>
                            <iko>57730658356773001001</iko>
                            <inn>7730658356</inn>
                            <kpp>773001001</kpp>
                            <ogrn>5117746067830</ogrn>
                            <legalAddress>121059, г МОСКВА, б-р УКРАИНСКИЙ, дом 8</legalAddress>
                            <postalAddress>121059, Москва, Украинский бульвар, д.8</postalAddress>
                            <phone>7-499-2436474</phone>
                            <fax>7-499-2435767</fax>
                            <email>a.gaynullin@radioexport.ru</email>
                            <okato>45268554000</okato>
                            <okpo>07550229</okpo>
                        </mainInfo>
                    </organization>
                </ns2:contact>
                <ns2:publicationDateTime>2017-03-16T18:50:24</ns2:publicationDateTime>
                <ns2:documentationDelivery>
                    <deliveryStartDateTime>2017-03-16</deliveryStartDateTime>
                    <deliveryEndDateTime>2017-03-27</deliveryEndDateTime>
                    <place>Единая информационная система в сети «Интернет» для размещения информации о закупках отдельными видами юридических лиц (www.zakupki.gov.ru).</place>
                    <procedure>Документация о закупке официально размещена в открытом источнике и доступна для ознакомления в форме электронного документа без взимания платы в любое время с момента официального размещения извещения</procedure>
                </ns2:documentationDelivery>
                <ns2:status>P</ns2:status>
                <ns2:version>1</ns2:version>
                <ns2:notDishonest>true</ns2:notDishonest>
                <ns2:attachments>
                    <totalDocumentsCount>3</totalDocumentsCount>
                    <document>
                        <guid>3e1fdcce-1e96-4ddb-a630-520919891235</guid>
                        <createDateTime>2017-03-16T18:49:47</createDateTime>
                        <fileName>ОТКРЫТЫЙ Запрос предложений в БУМ.форме (1-этап без квал.отбора)_Радиоэкспорт.docx</fileName>
                        <description>ОТКРЫТЫЙ Запрос предложений в БУМ.форме (1-этап без квал.отбора)_Радиоэкспорт</description>
                        <url>http://zakupki.gov.ru/223/purchase/public/download/download.html?id=30120968</url>
                    </document>
                    <document>
                        <guid>3619114a-d758-445c-a028-23d759f677dd</guid>
                        <createDateTime>2017-03-16T18:49:54</createDateTime>
                        <fileName>Приложение №1 к Документации Проект договора.docx</fileName>
                        <description>Приложение №1 к Документации Проект договора</description>
                        <url>http://zakupki.gov.ru/223/purchase/public/download/download.html?id=30120969</url>
                    </document>
                    <document>
                        <guid>c17d128b-f88e-4f58-ad23-0fab8c106551</guid>
                        <createDateTime>2017-03-16T18:50:01</createDateTime>
                        <fileName>Приложение №2 Технические требования.xls</fileName>
                        <description>Приложение №2 Технические требования</description>
                        <url>http://zakupki.gov.ru/223/purchase/public/download/download.html?id=30120970</url>
                    </document>
                </ns2:attachments>
                <ns2:modificationDate>2017-03-16T18:50:24</ns2:modificationDate>
                <ns2:saveUserId>35309</ns2:saveUserId>
                <ns2:deliveryPlaceIndication>DIFFERENT_PLACE</ns2:deliveryPlaceIndication>
                <ns2:emergency>false</ns2:emergency>
                <ns2:jointPurchase>false</ns2:jointPurchase>
                <ns2:submissionCloseDateTime>2017-03-27T09:00:00</ns2:submissionCloseDateTime>
                <ns2:publicationPlannedDate>2017-03-16</ns2:publicationPlannedDate>
                <ns2:templateVersion>1</ns2:templateVersion>
                <ns2:templateStructure>
                    <ns2:level>
                        <ns2:tabLevel>NOTICE</ns2:tabLevel>
                        <ns2:tab>
                            <tabOrdinal>1</tabOrdinal>
                            <tabName>Общая информация</tabName>
                            <fixedName>MAIN</fixedName>
                            <section>
                                <sectionOrdinal>1</sectionOrdinal>
                                <sectionName>Сведения о состоянии извещения</sectionName>
                                <fixedName>MAIN_STATUS</fixedName>
                            </section>
                            <section>
                                <sectionOrdinal>2</sectionOrdinal>
                                <sectionName>Сведения о заказчике</sectionName>
                                <fixedName>MAIN_CUSTOMER</fixedName>
                            </section>
                            <section>
                                <sectionOrdinal>3</sectionOrdinal>
                                <sectionName>Общие сведения о закупке</sectionName>
                                <fixedName>MAIN_PURCHASE</fixedName>
                            </section>
                            <section>
                                <sectionOrdinal>4</sectionOrdinal>
                                <sectionName>Контактная информация</sectionName>
                                <fixedName>MAIN_CONTACTS</fixedName>
                            </section>
                        </ns2:tab>
                        <ns2:tab>
                            <tabOrdinal>2</tabOrdinal>
                            <tabName>Порядок размещения закупки</tabName>
                            <fixedName>COMMISSION</fixedName>
                            <section>
                                <sectionOrdinal>1</sectionOrdinal>
                                <sectionName>Публикация извещения</sectionName>
                                <fixedName>COMMISSION_PUBLISH</fixedName>
                            </section>
                        </ns2:tab>
                        <ns2:tab>
                            <tabOrdinal>3</tabOrdinal>
                            <tabName>Список лотов</tabName>
                            <fixedName>LOTS</fixedName>
                            <section>
                                <sectionOrdinal>1</sectionOrdinal>
                                <sectionName>Сведения о лотах</sectionName>
                                <fixedName>LOTS_INFO</fixedName>
                            </section>
                        </ns2:tab>
                        <ns2:tab>
                            <tabOrdinal>6</tabOrdinal>
                            <tabName>Документация</tabName>
                            <fixedName>DOCS</fixedName>
                            <section>
                                <sectionOrdinal>1</sectionOrdinal>
                                <sectionName>Предоставление документации</sectionName>
                                <fixedName>DOCS_INFO</fixedName>
                            </section>
                            <section>
                                <sectionOrdinal>2</sectionOrdinal>
                                <sectionName>Файлы документации</sectionName>
                                <fixedName>DOCS_FILES</fixedName>
                            </section>
                        </ns2:tab>
                    </ns2:level>
                    <ns2:level>
                        <ns2:tabLevel>LOT</ns2:tabLevel>
                        <ns2:tab>
                            <tabOrdinal>4</tabOrdinal>
                            <tabName>Сведения о лоте</tabName>
                            <fixedName>LOT_INFORMATION</fixedName>
                            <section>
                                <sectionOrdinal>1</sectionOrdinal>
                                <sectionName>Общая информация о лоте</sectionName>
                                <fixedName>LOT_INFO</fixedName>
                            </section>
                            <section>
                                <sectionOrdinal>2</sectionOrdinal>
                                <sectionName>Информация о товаре, работе, услуге</sectionName>
                                <fixedName>LOT_GOODS</fixedName>
                            </section>
                            <section>
                                <sectionOrdinal>3</sectionOrdinal>
                                <sectionName>Место поставки</sectionName>
                                <fixedName>LOT_PLACE</fixedName>
                            </section>
                        </ns2:tab>
                    </ns2:level>
                    <ns2:level>
                        <ns2:tabLevel>LOT_CUSTOMER</ns2:tabLevel>
                        <ns2:tab>
                            <tabOrdinal>5</tabOrdinal>
                            <tabName>Сведения по заказчику</tabName>
                            <fixedName>LOT_CUSTOMER</fixedName>
                            <section>
                                <sectionOrdinal>1</sectionOrdinal>
                                <sectionName>Общая информация по Заказчику</sectionName>
                                <fixedName>LOT_CUSTOMER_INFO</fixedName>
                            </section>
                            <section>
                                <sectionOrdinal>2</sectionOrdinal>
                                <sectionName>Информация о товаре, работе, услуге</sectionName>
                                <fixedName>LOT_CUSTOMER_GOODS</fixedName>
                            </section>
                            <section>
                                <sectionOrdinal>3</sectionOrdinal>
                                <sectionName>Место поставки</sectionName>
                                <fixedName>LOT_CUSTOMER_PLACE</fixedName>
                            </section>
                        </ns2:tab>
                    </ns2:level>
                </ns2:templateStructure>
                <ns2:extendFields>
                    <noticeExtendField>
                        <extendField>
                            <integrCode>a</integrCode>
                            <description>Официальный сайт</description>
                            <type>LINK</type>
                            <value>
                                <url>http://www.radioexport.ru/ru</url>
                            </value>
                        </extendField>
                        <position>
                            <tabOrdinal>1</tabOrdinal>
                            <tabName>MAIN</tabName>
                            <sectionOrdinal>2</sectionOrdinal>
                            <sectionName>MAIN_SEC_Сведения о заказчике</sectionName>
                        </position>
                    </noticeExtendField>
                    <noticeExtendField>
                        <extendField>
                            <integrCode>b</integrCode>
                            <description>Организатор закупки</description>
                            <type>TEXT</type>
                            <value>
                                <text>ООО «Страховой брокер «РТ-Страхование» 
Место нахождения: 121357, г. Москва, ул. Верейская, д. 17 (БЦ «Верейская Плаза- II»), офис 615.
Почтовый адрес: 121357, г. Москва, ул. Верейская, д. 17 (БЦ «Верейская Плаза- II»), офис 615.
Тел./факс, электронная почта: 8 (499) 653-51-99, 8 (499) 110-22-81, reception@rt-insurance.ru.
Контактное лицо: Рыхлова Светлана Васильевна.</text>
                            </value>
                        </extendField>
                        <extendField>
                            <integrCode>c</integrCode>
                            <description>Специализированная организация</description>
                            <type>TEXT</type>
                            <value>
                                <text>Не привлекается.</text>
                            </value>
                        </extendField>
                        <extendField>
                            <integrCode>e</integrCode>
                            <description>Обеспечение заявки</description>
                            <type>TEXT</type>
                            <value>
                                <text>Требуется в размере 60 000,00 (шестьдесят тысяч и 00/100) руб., НДС не облагается, путем перечисления денежных средств по следующим реквизитам:     ООО «СБ «РТ-Страхование» ИНН/КПП: 7704730687/770401001, р/с№: 40701810000250008234 в АО АКБ «НОВИКОМБАНК», к/с: № 30101810245250000162, БИК: 044525162 либо в виде безотзывной независимой (банковской) гарантии, в срок не позднее момента окончания подачи заявок.</text>
                            </value>
                        </extendField>
                        <extendField>
                            <integrCode>h</integrCode>
                            <description>Срок заключения договора</description>
                            <type>TEXT</type>
                            <value>
                                <text>Не ранее 10 дней и не позднее 20 дней со дня официального размещения протокола, которым были подведены итоги закупки.</text>
                            </value>
                        </extendField>
                        <extendField>
                            <integrCode>j</integrCode>
                            <description>Срок отказа от проведения закупки</description>
                            <type>TEXT</type>
                            <value>
                                <text>Организатор закупки вправе отказаться от проведения закупки без каких-либо последствий в любой момент до подведения ее итогов.</text>
                            </value>
                        </extendField>
                        <extendField>
                            <integrCode>k</integrCode>
                            <description>Дополнительные комментарии</description>
                            <type>TEXT</type>
                            <value>
                                <text>Остальные и более подробные условия проведения закупки содержатся в документации о закупке.
Запрос предложений не является торгами согласно законодательству и не влечет для заказчика и/или организатора закупки возникновения соответствующего объема обязательств, предусмотренного статьями 447 – 449 Гражданского кодекса Российской Федерации.</text>
                            </value>
                        </extendField>
                        <position>
                            <tabOrdinal>1</tabOrdinal>
                            <tabName>MAIN</tabName>
                            <sectionOrdinal>3</sectionOrdinal>
                            <sectionName>MAIN_SEC_Общие сведения о закупке</sectionName>
                        </position>
                    </noticeExtendField>
                    <noticeExtendField>
                        <extendField>
                            <integrCode>d</integrCode>
                            <description>Место подачи заявок</description>
                            <type>TEXT</type>
                            <value>
                                <text>121357, г. Москва, ул. Верейская, д. 17 (БЦ «Верейская Плаза-II»), офис 615.</text>
                            </value>
                        </extendField>
                        <extendField>
                            <integrCode>f</integrCode>
                            <description>Место и дата рассмотрения заявок</description>
                            <type>TEXT</type>
                            <value>
                                <text>«27» марта 2017 года по адресу: 121357, г. Москва, ул. Верейская, д. 17 (БЦ «Верейская Плаза-II»), офис 615</text>
                            </value>
                        </extendField>
                        <extendField>
                            <integrCode>g</integrCode>
                            <description>Место и дата оценки и сопоставления, подведения итогов закупки</description>
                            <type>TEXT</type>
                            <value>
                                <text>«31» марта 2017 года по адресу: 121357, г. Москва, ул. Верейская, д. 17 (БЦ «Верейская Плаза-II»), офис 615</text>
                            </value>
                        </extendField>
                        <position>
                            <tabOrdinal>2</tabOrdinal>
                            <tabName>COMMISSION</tabName>
                            <sectionOrdinal>1</sectionOrdinal>
                            <sectionName>COMISSION_SEC_Публикация извещения</sectionName>
                        </position>
                    </noticeExtendField>
                </ns2:extendFields>
                <ns2:lots>
                    <lot>
                        <guid>d75bd400-144b-40db-a008-78853f1ef651</guid>
                        <ordinalNumber>1</ordinalNumber>
                        <lotEditEnabled>false</lotEditEnabled>
                        <lotData>
                            <subject>0500-00002  Оказание услуг по добровольному медицинскому страхованию (ДМС) для сотрудников ОАО "ВО"РАДИОЭКСПОРТ"</subject>
                            <currency>
                                <code>RUB</code>
                                <digitalCode>643</digitalCode>
                                <name>Российский рубль</name>
                            </currency>
                            <initialSum>1297000.00</initialSum>
                            <deliveryPlace>
                                <state>Центральный федеральный округ</state>
                                <region>Москва</region>
                                <regionOkato>45000000000</regionOkato>
                                <address>121059, Москва, Украинский бульвар, д. 8.</address>
                            </deliveryPlace>
                            <lotItems>
                                <newCodes>true</newCodes>
                                <lotItem>
                                    <guid>cd3c6f17-2040-41db-b1c7-5043960c05b8</guid>
                                    <ordinalNumber>1</ordinalNumber>
                                    <okpd2>
                                        <code>Подраздел NA</code>
                                        <name>УСЛУГИ В ОБЛАСТИ ЗДРАВООХРАНЕНИЯ И СОЦИАЛЬНЫЕ УСЛУГИ</name>
                                    </okpd2>
                                    <okved2>
                                        <code>65.12.1</code>
                                        <name>Страхование медицинское</name>
                                    </okved2>
                                    <okei>
                                        <code>876</code>
                                        <name>Условная единица</name>
                                    </okei>
                                    <qty>1</qty>
                                </lotItem>
                            </lotItems>
                            <forSmallOrMiddle>false</forSmallOrMiddle>
                            <excludePurchaseFromPlan>false</excludePurchaseFromPlan>
                            <subcontractorsRequirement>false</subcontractorsRequirement>
                            <ignoredPurchase>false</ignoredPurchase>
                            <centralized>false</centralized>
                        </lotData>
                        <deliveryPlaceIndication>GL</deliveryPlaceIndication>
                        <jointLotData>
                            <jointLot>false</jointLot>
                        </jointLotData>
                        <lotPlanInfo>
                            <planRegistrationNumber>2160205044</planRegistrationNumber>
                            <planGuid>41da35cf-7843-4fe9-a014-ce6c9e3981aa</planGuid>
                            <positionNumber>2</positionNumber>
                            <lotPlanPosition>COMMODITY</lotPlanPosition>
                            <positionGuid>66e80a96-30a8-4339-b2d3-e38bf11b7b7a</positionGuid>
                        </lotPlanInfo>
                        <cancelled>false</cancelled>
                    </lot>
                </ns2:lots>
            </ns2:purchaseNoticeData>
        </ns2:item>
    </ns2:body>
</ns2:purchaseNotice>
