<?xml version="1.0" encoding="UTF-8" standalone="yes"?>
<ns2:purchaseNotice xsi:schemaLocation="http://zakupki.gov.ru/223/integration/schema/TFF-5.2 http://zakupki.gov.ru/223/integration/schema/TFF-5.2/purchase.xsd" xmlns="http://zakupki.gov.ru/223fz/types/1" xmlns:ns10="http://zakupki.gov.ru/223fz/purchasePlan/1" xmlns:ns11="http://zakupki.gov.ru/223fz/purchasePlanProject/1" xmlns:ns12="http://zakupki.gov.ru/223fz/purchasePlanProjectAdditionalPosition/1" xmlns:ns13="http://zakupki.gov.ru/223fz/contract/1" xmlns:ns14="http://zakupki.gov.ru/223fz/missedNotice/1" xmlns:ns15="http://zakupki.gov.ru/223fz/reference/1" xmlns:ns16="http://zakupki.gov.ru/223fz/stopCommodity/1" xmlns:ns17="http://zakupki.gov.ru/223fz/decisionSuspension/1" xmlns:ns18="http://zakupki.gov.ru/223fz/purchasePlanAdditionalPosition/1" xmlns:ns19="http://zakupki.gov.ru/223fz/webRequest/1" xmlns:ns2="http://zakupki.gov.ru/223fz/purchase/1" xmlns:xsi="http://www.w3.org/2001/XMLSchema-instance" xmlns:ns3="http://zakupki.gov.ru/223fz/dishonestSupplier/1" xmlns:ns4="http://zakupki.gov.ru/223fz/machineryListInfo/1" xmlns:ns5="http://zakupki.gov.ru/223fz/revenue/1" xmlns:ns6="http://zakupki.gov.ru/223fz/orderClauseList/1" xmlns:ns7="http://zakupki.gov.ru/223fz/disagreementProtocol/1" xmlns:ns8="http://zakupki.gov.ru/223fz/complaint/1" xmlns:ns9="http://zakupki.gov.ru/223fz/notificationIssue/1">
    <header>
        <guid>ff6b4afd-6c65-44f0-bb5e-7cc7c6c2cae3</guid>
        <createDateTime>2017-03-16T17:08:44</createDateTime>
    </header>
    <ns2:body>
        <ns2:item>
            <guid>0addd011-6b0b-1ee7-82c5-b46d97039064</guid>
            <ns2:purchaseNoticeData>
                <ns2:guid>0addd011-6b0b-1ee7-82c5-b46d97039064</ns2:guid>
                <ns2:createDateTime>2017-03-16T16:54:30</ns2:createDateTime>
                <ns2:urlOOS>https://zakupki.gov.ru/223/purchase/private/purchase/notice-info/details.html?noticeInfoId=5887766</ns2:urlOOS>
                <ns2:urlVSRZ>ЕОС-Закупки</ns2:urlVSRZ>
                <ns2:registrationNumber>31704899552</ns2:registrationNumber>
                <ns2:name>Право заключения договора на оказание услуг по уборке помещений для филиала АО "Гринатом" в г. Новосибирске</ns2:name>
                <ns2:customer>
                    <mainInfo>
                        <fullName>АКЦИОНЕРНОЕ ОБЩЕСТВО "ГРИНАТОМ"</fullName>
                        <shortName>АО "ГРИНАТОМ"</shortName>
                        <iko>77706729736770601001</iko>
                        <inn>7706729736</inn>
                        <kpp>770601001</kpp>
                        <ogrn>1097746819720</ogrn>
                        <legalAddress>119017, Г МОСКВА, УЛ ОРДЫНКА Б., дом 24</legalAddress>
                        <postalAddress>115230, г. Москва, 1-й Нагатинский проезд, д.10, строение 1</postalAddress>
                        <phone>7-499-9494919</phone>
                        <email>MYErmolaev@greenatom.ru</email>
                        <okato>45286596000</okato>
                        <okpo>64509942</okpo>
                    </mainInfo>
                </ns2:customer>
                <ns2:purchaseMethodCode>5907</ns2:purchaseMethodCode>
                <ns2:purchaseCodeName>Открытый запрос цен в электронной форме</ns2:purchaseCodeName>
                <ns2:placer>
                    <mainInfo>
                        <fullName>АКЦИОНЕРНОЕ ОБЩЕСТВО "ГРИНАТОМ"</fullName>
                        <shortName>АО "ГРИНАТОМ"</shortName>
                        <iko>77706729736770601001</iko>
                        <inn>7706729736</inn>
                        <kpp>770601001</kpp>
                        <ogrn>1097746819720</ogrn>
                        <legalAddress>119017, Г МОСКВА, УЛ ОРДЫНКА Б., дом 24</legalAddress>
                        <postalAddress>115230, г. Москва, 1-й Нагатинский проезд, д.10, строение 1</postalAddress>
                        <phone>7-499-9494919</phone>
                        <email>MYErmolaev@greenatom.ru</email>
                        <okato>45286596000</okato>
                        <okpo>64509942</okpo>
                    </mainInfo>
                </ns2:placer>
                <ns2:contact>
                    <firstName>Ольга</firstName>
                    <middleName>Алексеевна</middleName>
                    <lastName>Никольская</lastName>
                    <phone>+8 (499) 9494919</phone>
                    <fax>+8 (499) 9494919</fax>
                    <email>OANikolskaya@greenatom.ru</email>
                    <organization>
                        <mainInfo>
                            <fullName>АКЦИОНЕРНОЕ ОБЩЕСТВО "ГРИНАТОМ"</fullName>
                            <shortName>АО "ГРИНАТОМ"</shortName>
                            <iko>77706729736770601001</iko>
                            <inn>7706729736</inn>
                            <kpp>770601001</kpp>
                            <ogrn>1097746819720</ogrn>
                            <legalAddress>119017, Г МОСКВА, УЛ ОРДЫНКА Б., дом 24</legalAddress>
                            <postalAddress>115230, г. Москва, 1-й Нагатинский проезд, д.10, строение 1</postalAddress>
                            <phone>7-499-9494919</phone>
                            <email>MYErmolaev@greenatom.ru</email>
                            <okato>45286596000</okato>
                            <okpo>64509942</okpo>
                        </mainInfo>
                    </organization>
                </ns2:contact>
                <ns2:publicationDateTime>2017-03-16T17:08:44</ns2:publicationDateTime>
                <ns2:documentationDelivery>
                    <deliveryStartDateTime>2017-03-16</deliveryStartDateTime>
                    <deliveryEndDateTime>2017-03-23</deliveryEndDateTime>
                    <place>B2B-Center http://www.b2b-center.ru/</place>
                    <procedure>B2B-Center http://www.b2b-center.ru/</procedure>
                </ns2:documentationDelivery>
                <ns2:status>P</ns2:status>
                <ns2:version>1</ns2:version>
                <ns2:notDishonest>true</ns2:notDishonest>
                <ns2:attachments>
                    <totalDocumentsCount>5</totalDocumentsCount>
                    <document>
                        <guid>f2f32b7a-a50b-1ee7-82c5-c518adcf1fde</guid>
                        <createDateTime>2017-03-16T09:51:42</createDateTime>
                        <fileName>Часть 2.docx</fileName>
                        <description>Часть 2</description>
                        <url>http://zakupki.gov.ru/223/purchase/public/download/download.html?id=30118112</url>
                    </document>
                    <document>
                        <guid>0addd403-d90a-1ee7-82c6-03fec3c617c5</guid>
                        <createDateTime>2017-03-16T10:05:46</createDateTime>
                        <fileName>Документация.docx</fileName>
                        <description>Документация</description>
                        <url>http://zakupki.gov.ru/223/purchase/public/download/download.html?id=30118113</url>
                    </document>
                    <document>
                        <guid>f2f32b7a-a50b-1ee7-82c5-c6c1c9cad3f9</guid>
                        <createDateTime>2017-03-16T09:52:05</createDateTime>
                        <fileName>Часть 3 Договор.doc</fileName>
                        <description>Часть 3 Договор</description>
                        <url>http://zakupki.gov.ru/223/purchase/public/download/download.html?id=30118114</url>
                    </document>
                    <document>
                        <guid>f2f32b7a-a50b-1ee7-82c5-cb26ab1e4085</guid>
                        <createDateTime>2017-03-16T09:53:03</createDateTime>
                        <fileName>Извещение.docx</fileName>
                        <description>Извещение</description>
                        <url>http://zakupki.gov.ru/223/purchase/public/download/download.html?id=30118110</url>
                    </document>
                    <document>
                        <guid>f2f32b7a-a50b-1ee7-82c5-c8c168b44085</guid>
                        <createDateTime>2017-03-16T09:52:31</createDateTime>
                        <fileName>Том 2. Техническая часть.docx</fileName>
                        <description>Том 2. Техническая часть</description>
                        <url>http://zakupki.gov.ru/223/purchase/public/download/download.html?id=30118111</url>
                    </document>
                </ns2:attachments>
                <ns2:modificationDate>2017-03-16T17:08:44</ns2:modificationDate>
                <ns2:saveUserId>100723</ns2:saveUserId>
                <ns2:deliveryPlaceIndication>DIFFERENT_PLACE</ns2:deliveryPlaceIndication>
                <ns2:emergency>false</ns2:emergency>
                <ns2:jointPurchase>false</ns2:jointPurchase>
                <ns2:electronicPlaceInfo>
                    <name>B2B-Center</name>
                    <url>http://b2b-center.ru/</url>
                    <electronicPlaceId>107</electronicPlaceId>
                </ns2:electronicPlaceInfo>
                <ns2:placingProcedure>
                    <ns2:examinationPlace>115230, г. Москва, 1-й Нагатинский проезд, д.10, строение 1</ns2:examinationPlace>
                    <ns2:examinationDateTime>2017-03-30T23:59:59</ns2:examinationDateTime>
                    <ns2:summingupDateTime>2017-03-30T23:59:59</ns2:summingupDateTime>
                </ns2:placingProcedure>
                <ns2:submissionCloseDateTime>2017-03-23T10:00:00</ns2:submissionCloseDateTime>
                <ns2:publicationPlannedDate>2017-03-16</ns2:publicationPlannedDate>
                <ns2:lots>
                    <lot>
                        <guid>0addd011-6b0b-1ee7-82c5-b58b45071064</guid>
                        <ordinalNumber>1</ordinalNumber>
                        <lotEditEnabled>true</lotEditEnabled>
                        <lotData>
                            <subject>Право заключения договора на оказание услуг по уборке помещений для филиала АО «Гринатом в г. Новосибирске</subject>
                            <currency>
                                <code>RUB</code>
                                <digitalCode>643</digitalCode>
                                <name>Российский рубль</name>
                            </currency>
                            <initialSum>578743.87</initialSum>
                            <deliveryPlace>
                                <state>Центральный федеральный округ</state>
                                <region>Москва</region>
                                <regionOkato>45000000000</regionOkato>
                                <address>630110 г.Новосибирск, ул.Б.Хмельницкого, 94</address>
                            </deliveryPlace>
                            <lotItems>
                                <newCodes>true</newCodes>
                                <lotItem>
                                    <guid>58a86b89-6c3a-49a0-e100-80000a7c106e</guid>
                                    <ordinalNumber>1</ordinalNumber>
                                    <okpd2>
                                        <code>81.21.10.000</code>
                                        <name>Услуги по общей уборке зданий</name>
                                    </okpd2>
                                    <okved2>
                                        <code>81.21</code>
                                        <name>Деятельность по общей уборке зданий</name>
                                    </okved2>
                                    <okei>
                                        <code>383</code>
                                        <name>Рубль</name>
                                    </okei>
                                    <qty>1</qty>
                                    <additionalInfo>Закупка проводится у субъектов малого и среднего предпринимательства.</additionalInfo>
                                </lotItem>
                            </lotItems>
                            <forSmallOrMiddle>true</forSmallOrMiddle>
                            <excludePurchaseFromPlan>false</excludePurchaseFromPlan>
                            <subcontractorsRequirement>false</subcontractorsRequirement>
                            <ignoredPurchase>false</ignoredPurchase>
                            <centralized>false</centralized>
                        </lotData>
                        <deliveryPlaceIndication>GL</deliveryPlaceIndication>
                        <jointLotData>
                            <jointLot>false</jointLot>
                        </jointLotData>
                        <lotPlanInfo>
                            <planRegistrationNumber>2160182074</planRegistrationNumber>
                            <planGuid>a22a2ab1-590a-1ed7-82af-f84cbcdd119a</planGuid>
                            <positionNumber>980400204</positionNumber>
                            <lotPlanPosition>COMMODITY</lotPlanPosition>
                            <positionGuid>58aa5ca3-91b4-42c0-e100-80000a7c101c</positionGuid>
                        </lotPlanInfo>
                        <cancelled>false</cancelled>
                    </lot>
                </ns2:lots>
            </ns2:purchaseNoticeData>
        </ns2:item>
    </ns2:body>
</ns2:purchaseNotice>
