<?xml version="1.0" encoding="UTF-8" standalone="yes"?>
<ns2:purchaseNotice xsi:schemaLocation="http://zakupki.gov.ru/223/integration/schema/TFF-5.2 http://zakupki.gov.ru/223/integration/schema/TFF-5.2/purchase.xsd" xmlns="http://zakupki.gov.ru/223fz/types/1" xmlns:ns10="http://zakupki.gov.ru/223fz/purchasePlan/1" xmlns:ns11="http://zakupki.gov.ru/223fz/purchasePlanProject/1" xmlns:ns12="http://zakupki.gov.ru/223fz/purchasePlanProjectAdditionalPosition/1" xmlns:ns13="http://zakupki.gov.ru/223fz/contract/1" xmlns:ns14="http://zakupki.gov.ru/223fz/missedNotice/1" xmlns:ns15="http://zakupki.gov.ru/223fz/reference/1" xmlns:ns16="http://zakupki.gov.ru/223fz/stopCommodity/1" xmlns:ns17="http://zakupki.gov.ru/223fz/decisionSuspension/1" xmlns:ns18="http://zakupki.gov.ru/223fz/purchasePlanAdditionalPosition/1" xmlns:ns19="http://zakupki.gov.ru/223fz/webRequest/1" xmlns:ns2="http://zakupki.gov.ru/223fz/purchase/1" xmlns:xsi="http://www.w3.org/2001/XMLSchema-instance" xmlns:ns3="http://zakupki.gov.ru/223fz/dishonestSupplier/1" xmlns:ns4="http://zakupki.gov.ru/223fz/machineryListInfo/1" xmlns:ns5="http://zakupki.gov.ru/223fz/revenue/1" xmlns:ns6="http://zakupki.gov.ru/223fz/orderClauseList/1" xmlns:ns7="http://zakupki.gov.ru/223fz/disagreementProtocol/1" xmlns:ns8="http://zakupki.gov.ru/223fz/complaint/1" xmlns:ns9="http://zakupki.gov.ru/223fz/notificationIssue/1">
    <header>
        <guid>6b42b92b-a7d6-4d5b-bdcd-a055f9f09df8</guid>
        <createDateTime>2017-03-16T21:00:27</createDateTime>
    </header>
    <ns2:body>
        <ns2:item>
            <guid>df287e1d-eef0-8a73-6b1b-906f436b39e6</guid>
            <ns2:purchaseNoticeData>
                <ns2:guid>df287e1d-eef0-8a73-6b1b-906f436b39e6</ns2:guid>
                <ns2:createDateTime>2017-03-16T20:40:09</ns2:createDateTime>
                <ns2:urlOOS>https://zakupki.gov.ru/223/purchase/private/purchase/notice-info/details.html?noticeInfoId=5888478</ns2:urlOOS>
                <ns2:urlVSRZ>https://com.roseltorg.ru/#com/procedure/view/id/286385</ns2:urlVSRZ>
                <ns2:registrationNumber>31704900105</ns2:registrationNumber>
                <ns2:name>Запрос котировок в электронной форме на право заключения контракта на выполнение работ по поверке манометров в многоквартирных домах района Силино ЗелАО г. Москвы</ns2:name>
                <ns2:customer>
                    <mainInfo>
                        <fullName>ГОСУДАРСТВЕННОЕ БЮДЖЕТНОЕ УЧРЕЖДЕНИЕ ГОРОДА МОСКВЫ "ЖИЛИЩНИК РАЙОНА СИЛИНО"</fullName>
                        <shortName>ГБУ "ЖИЛИЩНИК РАЙОНА СИЛИНО"</shortName>
                        <iko>57735597700773501001</iko>
                        <inn>7735597700</inn>
                        <kpp>773501001</kpp>
                        <ogrn>5137746069820</ogrn>
                        <legalAddress>124460, г МОСКВА, г ЗЕЛЕНОГРАД, корпус 1123</legalAddress>
                        <postalAddress>124460, корпус 1123</postalAddress>
                        <phone>7-499-7317778</phone>
                        <fax>7-499-7317778</fax>
                        <email>gbu.silino@mail.ru</email>
                        <okato>45272572000</okato>
                        <okpo>20533885</okpo>
                    </mainInfo>
                </ns2:customer>
                <ns2:purchaseMethodCode>151384</ns2:purchaseMethodCode>
                <ns2:purchaseCodeName>Запрос котировок в электронной форме</ns2:purchaseCodeName>
                <ns2:placer>
                    <mainInfo>
                        <fullName>ГОСУДАРСТВЕННОЕ БЮДЖЕТНОЕ УЧРЕЖДЕНИЕ ГОРОДА МОСКВЫ "ЖИЛИЩНИК РАЙОНА СИЛИНО"</fullName>
                        <shortName>ГБУ "ЖИЛИЩНИК РАЙОНА СИЛИНО"</shortName>
                        <iko>57735597700773501001</iko>
                        <inn>7735597700</inn>
                        <kpp>773501001</kpp>
                        <ogrn>5137746069820</ogrn>
                        <legalAddress>124460, г МОСКВА, г ЗЕЛЕНОГРАД, корпус 1123</legalAddress>
                        <postalAddress>124460, корпус 1123</postalAddress>
                        <phone>7-499-7317778</phone>
                        <fax>7-499-7317778</fax>
                        <email>gbu.silino@mail.ru</email>
                        <okato>45272572000</okato>
                        <okpo>20533885</okpo>
                    </mainInfo>
                </ns2:placer>
                <ns2:contact>
                    <firstName>Алексей</firstName>
                    <middleName>Юрьевич</middleName>
                    <lastName>Галустов</lastName>
                    <phone>+7 (499) 7317778</phone>
                    <email>gbu.silino@mail.ru</email>
                    <organization>
                        <mainInfo>
                            <fullName>ГОСУДАРСТВЕННОЕ БЮДЖЕТНОЕ УЧРЕЖДЕНИЕ ГОРОДА МОСКВЫ "ЖИЛИЩНИК РАЙОНА СИЛИНО"</fullName>
                            <shortName>ГБУ "ЖИЛИЩНИК РАЙОНА СИЛИНО"</shortName>
                            <iko>57735597700773501001</iko>
                            <inn>7735597700</inn>
                            <kpp>773501001</kpp>
                            <ogrn>5137746069820</ogrn>
                            <legalAddress>124460, г МОСКВА, г ЗЕЛЕНОГРАД, корпус 1123</legalAddress>
                            <postalAddress>124460, корпус 1123</postalAddress>
                            <phone>7-499-7317778</phone>
                            <fax>7-499-7317778</fax>
                            <email>gbu.silino@mail.ru</email>
                            <okato>45272572000</okato>
                            <okpo>20533885</okpo>
                        </mainInfo>
                    </organization>
                </ns2:contact>
                <ns2:publicationDateTime>2017-03-16T21:00:27</ns2:publicationDateTime>
                <ns2:documentationDelivery>
                    <deliveryStartDateTime>2017-03-16</deliveryStartDateTime>
                    <deliveryEndDateTime>2017-03-23</deliveryEndDateTime>
                    <place>https://com.roseltorg.ru/</place>
                    <procedure>посредством размещения для скачивания и ознакомления</procedure>
                </ns2:documentationDelivery>
                <ns2:status>P</ns2:status>
                <ns2:version>1</ns2:version>
                <ns2:notDishonest>true</ns2:notDishonest>
                <ns2:attachments>
                    <totalDocumentsCount>10</totalDocumentsCount>
                    <document>
                        <guid>fbbeba3e-eaf7-01fd-85bf-667c83084660</guid>
                        <createDateTime>2017-03-16T20:05:51</createDateTime>
                        <fileName>Определение_НМЦК_поверка.xlsx</fileName>
                        <description>Определение НМЦ (excel)</description>
                        <url>http://zakupki.gov.ru/223/purchase/public/download/download.html?id=30121489</url>
                    </document>
                    <document>
                        <guid>df65a1c9-ccba-18a8-71b6-4f59d65486aa</guid>
                        <createDateTime>2017-03-16T20:19:03</createDateTime>
                        <fileName>Проект_контракта_с_приложениями[2].rar</fileName>
                        <description>Проект контракта с приложениями</description>
                        <url>http://zakupki.gov.ru/223/purchase/public/download/download.html?id=30121490</url>
                    </document>
                    <document>
                        <guid>b068ad10-42fa-0498-8499-89659edddbd4</guid>
                        <createDateTime>2017-03-16T20:00:13</createDateTime>
                        <fileName>ТЗ[2].doc</fileName>
                        <description>Техническое задание (word)</description>
                        <url>http://zakupki.gov.ru/223/purchase/public/download/download.html?id=30121491</url>
                    </document>
                    <document>
                        <guid>65c1f627-d39a-6379-adc2-96284f40fdaf</guid>
                        <createDateTime>2017-03-16T19:59:11</createDateTime>
                        <fileName>Приказ.pdf</fileName>
                        <description>Приказ</description>
                        <url>http://zakupki.gov.ru/223/purchase/public/download/download.html?id=30121492</url>
                    </document>
                    <document>
                        <guid>1a3c1cf6-fcf4-4249-3eed-4162e52ccc18</guid>
                        <createDateTime>2017-03-16T19:46:02</createDateTime>
                        <fileName>Извещение[PvLsPwbuqiE].doc</fileName>
                        <description>Извещение</description>
                        <url>http://zakupki.gov.ru/223/purchase/public/download/download.html?id=30121493</url>
                    </document>
                    <document>
                        <guid>3c2c0459-0a4f-6335-1461-92122d7ed0dd</guid>
                        <createDateTime>2017-03-16T19:57:39</createDateTime>
                        <fileName>Документация[10].doc</fileName>
                        <description>Документация</description>
                        <url>http://zakupki.gov.ru/223/purchase/public/download/download.html?id=30121494</url>
                    </document>
                    <document>
                        <guid>e5ca2b50-a1a6-771b-8962-9dc055afa393</guid>
                        <createDateTime>2017-03-16T20:07:55</createDateTime>
                        <fileName>Протокол_манометры.pdf</fileName>
                        <description>Протокол НМЦ</description>
                        <url>http://zakupki.gov.ru/223/purchase/public/download/download.html?id=30121495</url>
                    </document>
                    <document>
                        <guid>a21aa4bd-2d92-a6dc-cbcf-2d8f778e3e79</guid>
                        <createDateTime>2017-03-16T20:06:07</createDateTime>
                        <fileName>Определение_НМЦ[1].pdf</fileName>
                        <description>Определение НМЦ (pdf)</description>
                        <url>http://zakupki.gov.ru/223/purchase/public/download/download.html?id=30121496</url>
                    </document>
                    <document>
                        <guid>59a1fe21-296f-a7a4-102e-fb9b883c7769</guid>
                        <createDateTime>2017-03-16T20:07:19</createDateTime>
                        <fileName>Обоснование_манометры.pdf</fileName>
                        <description>Обоснование НМЦ</description>
                        <url>http://zakupki.gov.ru/223/purchase/public/download/download.html?id=30121497</url>
                    </document>
                    <document>
                        <guid>3d7e4784-2ab1-a844-f3e3-0b8abe02c154</guid>
                        <createDateTime>2017-03-16T20:01:11</createDateTime>
                        <fileName>ТЗ_манометры.pdf</fileName>
                        <description>Техническое задание (pdf)</description>
                        <url>http://zakupki.gov.ru/223/purchase/public/download/download.html?id=30121498</url>
                    </document>
                </ns2:attachments>
                <ns2:modificationDate>2017-03-16T21:00:27</ns2:modificationDate>
                <ns2:saveUserId>222218</ns2:saveUserId>
                <ns2:deliveryPlaceIndication>DIFFERENT_PLACE</ns2:deliveryPlaceIndication>
                <ns2:emergency>false</ns2:emergency>
                <ns2:jointPurchase>false</ns2:jointPurchase>
                <ns2:electronicPlaceInfo>
                    <name>АО "ЕЭТП"</name>
                    <url>http://www.roseltorg.ru/</url>
                    <electronicPlaceId>113</electronicPlaceId>
                </ns2:electronicPlaceInfo>
                <ns2:placingProcedure>
                    <ns2:examinationPlace>г. Москва, г. Зеленоград, корп. 1137</ns2:examinationPlace>
                    <ns2:examinationDateTime>2017-03-23T16:30:00</ns2:examinationDateTime>
                    <ns2:summingupDateTime>2017-03-23T16:30:00</ns2:summingupDateTime>
                </ns2:placingProcedure>
                <ns2:submissionCloseDateTime>2017-03-23T09:00:00</ns2:submissionCloseDateTime>
                <ns2:publicationPlannedDate>2017-03-16</ns2:publicationPlannedDate>
                <ns2:lots>
                    <lot>
                        <guid>f7b32cc3-0701-ea34-f5ba-6cbb7bdd4c1c</guid>
                        <ordinalNumber>1</ordinalNumber>
                        <lotEditEnabled>true</lotEditEnabled>
                        <lotData>
                            <subject>Выполнение работ по поверке манометров в многоквартирных домах района Силино ЗелАО г. Москвы</subject>
                            <currency>
                                <code>RUB</code>
                                <digitalCode>643</digitalCode>
                                <name>Российский рубль</name>
                            </currency>
                            <initialSum>487900.00</initialSum>
                            <deliveryPlace>
                                <address>В соответствии с техническим заданием.</address>
                            </deliveryPlace>
                            <lotItems>
                                <newCodes>true</newCodes>
                                <lotItem>
                                    <guid>09be25a6-7b40-f258-1d1b-2e5753b0cfd1</guid>
                                    <ordinalNumber>1</ordinalNumber>
                                    <okpd2>
                                        <code>71.12.40.120</code>
                                        <name>Услуги в области метрологии</name>
                                    </okpd2>
                                    <okved2>
                                        <code>71.12.6</code>
                                        <name>Деятельность в области технического регулирования, стандартизации, метрологии, аккредитации, каталогизации продукции</name>
                                    </okved2>
                                    <okei>
                                        <code>876</code>
                                        <name>Условная единица</name>
                                    </okei>
                                    <qty>1</qty>
                                    <additionalInfo>Выполнение работ по поверке манометров в многоквартирных домах района Силино ЗелАО г. Москвы</additionalInfo>
                                </lotItem>
                            </lotItems>
                            <forSmallOrMiddle>false</forSmallOrMiddle>
                            <excludePurchaseFromPlan>false</excludePurchaseFromPlan>
                            <subcontractorsRequirement>false</subcontractorsRequirement>
                            <ignoredPurchase>false</ignoredPurchase>
                            <centralized>false</centralized>
                        </lotData>
                        <deliveryPlaceIndication>GL</deliveryPlaceIndication>
                        <jointLotData>
                            <jointLot>false</jointLot>
                        </jointLotData>
                        <lotPlanInfo>
                            <planRegistrationNumber>2160200964</planRegistrationNumber>
                            <planGuid>4b03e681-9cf1-4844-9ca9-60a73296cbe6</planGuid>
                            <positionNumber>35</positionNumber>
                            <lotPlanPosition>COMMODITY</lotPlanPosition>
                            <positionGuid>a8da31bd-9acd-4796-bb3c-a153059e53de</positionGuid>
                        </lotPlanInfo>
                        <cancelled>false</cancelled>
                    </lot>
                </ns2:lots>
            </ns2:purchaseNoticeData>
        </ns2:item>
    </ns2:body>
</ns2:purchaseNotice>
