<?xml version="1.0" encoding="UTF-8" standalone="yes"?>
<ns2:purchaseNotice xsi:schemaLocation="http://zakupki.gov.ru/223/integration/schema/TFF-5.2 http://zakupki.gov.ru/223/integration/schema/TFF-5.2/purchase.xsd" xmlns="http://zakupki.gov.ru/223fz/types/1" xmlns:ns10="http://zakupki.gov.ru/223fz/purchasePlan/1" xmlns:ns11="http://zakupki.gov.ru/223fz/purchasePlanProject/1" xmlns:ns12="http://zakupki.gov.ru/223fz/purchasePlanProjectAdditionalPosition/1" xmlns:ns13="http://zakupki.gov.ru/223fz/contract/1" xmlns:ns14="http://zakupki.gov.ru/223fz/missedNotice/1" xmlns:ns15="http://zakupki.gov.ru/223fz/reference/1" xmlns:ns16="http://zakupki.gov.ru/223fz/stopCommodity/1" xmlns:ns17="http://zakupki.gov.ru/223fz/decisionSuspension/1" xmlns:ns18="http://zakupki.gov.ru/223fz/purchasePlanAdditionalPosition/1" xmlns:ns19="http://zakupki.gov.ru/223fz/webRequest/1" xmlns:ns2="http://zakupki.gov.ru/223fz/purchase/1" xmlns:xsi="http://www.w3.org/2001/XMLSchema-instance" xmlns:ns3="http://zakupki.gov.ru/223fz/dishonestSupplier/1" xmlns:ns4="http://zakupki.gov.ru/223fz/machineryListInfo/1" xmlns:ns5="http://zakupki.gov.ru/223fz/revenue/1" xmlns:ns6="http://zakupki.gov.ru/223fz/orderClauseList/1" xmlns:ns7="http://zakupki.gov.ru/223fz/disagreementProtocol/1" xmlns:ns8="http://zakupki.gov.ru/223fz/complaint/1" xmlns:ns9="http://zakupki.gov.ru/223fz/notificationIssue/1">
    <header>
        <guid>ed7b04f5-1aa1-4c17-b13a-2022f8e068cb</guid>
        <createDateTime>2017-03-16T17:13:42</createDateTime>
    </header>
    <ns2:body>
        <ns2:item>
            <guid>85baae8b-f002-4278-9e2a-7e03416f3798</guid>
            <ns2:purchaseNoticeData>
                <ns2:guid>85baae8b-f002-4278-9e2a-7e03416f3798</ns2:guid>
                <ns2:createDateTime>2017-03-16T17:11:14</ns2:createDateTime>
                <ns2:urlOOS>https://zakupki.gov.ru/223/purchase/private/purchase/notice-info/details.html?noticeInfoId=5887933</ns2:urlOOS>
                <ns2:urlVSRZ>tender.otc.ru</ns2:urlVSRZ>
                <ns2:registrationNumber>31704899600</ns2:registrationNumber>
                <ns2:name>Запрос предложений на право заключения договора на выполнение работ по проведению контрольно-ревизионной проверки выполненных работ на объекте: «Реконструкция и техническое перевооружение стоянок № 13, 14 под отработку изд. «70М» на летно-испытательной станции ОАО «Туполев», г. Казань, Республики Татарстан»
</ns2:name>
                <ns2:customer>
                    <mainInfo>
                        <fullName>ПУБЛИЧНОЕ АКЦИОНЕРНОЕ ОБЩЕСТВО "ТУПОЛЕВ"</fullName>
                        <shortName>ПАО "ТУПОЛЕВ"</shortName>
                        <iko>67705313252770901001</iko>
                        <inn>7705313252</inn>
                        <kpp>770901001</kpp>
                        <ogrn>1027739263056</ogrn>
                        <legalAddress>105005, Г МОСКВА, НАБ ТУПОЛЕВА АКАДЕМИКА, дом 17</legalAddress>
                        <postalAddress>105005, г. Москва, набережная Академика Туполева, д. 17</postalAddress>
                        <phone>7-499-2637715</phone>
                        <fax>7-499-2637701</fax>
                        <email>n.zvereva@tupolev.ru</email>
                        <okato>45286555000</okato>
                        <okpo>18982156</okpo>
                    </mainInfo>
                </ns2:customer>
                <ns2:purchaseMethodCode>40469</ns2:purchaseMethodCode>
                <ns2:purchaseCodeName>Запрос-предложений</ns2:purchaseCodeName>
                <ns2:placer>
                    <mainInfo>
                        <fullName>ПУБЛИЧНОЕ АКЦИОНЕРНОЕ ОБЩЕСТВО "ТУПОЛЕВ"</fullName>
                        <shortName>ПАО "ТУПОЛЕВ"</shortName>
                        <iko>67705313252770901001</iko>
                        <inn>7705313252</inn>
                        <kpp>770901001</kpp>
                        <ogrn>1027739263056</ogrn>
                        <legalAddress>105005, Г МОСКВА, НАБ ТУПОЛЕВА АКАДЕМИКА, дом 17</legalAddress>
                        <postalAddress>105005, г. Москва, набережная Академика Туполева, д. 17</postalAddress>
                        <phone>7-499-2637715</phone>
                        <fax>7-499-2637701</fax>
                        <email>n.zvereva@tupolev.ru</email>
                        <okato>45286555000</okato>
                        <okpo>18982156</okpo>
                    </mainInfo>
                </ns2:placer>
                <ns2:contact>
                    <firstName>Дмитрий</firstName>
                    <middleName>Александрович</middleName>
                    <lastName>Квасов</lastName>
                    <phone>+7 (499) 2637715</phone>
                    <email>zakupki@tupolev.ru</email>
                    <organization>
                        <mainInfo>
                            <fullName>ПУБЛИЧНОЕ АКЦИОНЕРНОЕ ОБЩЕСТВО "ТУПОЛЕВ"</fullName>
                            <shortName>ПАО "ТУПОЛЕВ"</shortName>
                            <iko>67705313252770901001</iko>
                            <inn>7705313252</inn>
                            <kpp>770901001</kpp>
                            <ogrn>1027739263056</ogrn>
                            <legalAddress>105005, Г МОСКВА, НАБ ТУПОЛЕВА АКАДЕМИКА, дом 17</legalAddress>
                            <postalAddress>105005, г. Москва, набережная Академика Туполева, д. 17</postalAddress>
                            <phone>7-499-2637715</phone>
                            <fax>7-499-2637701</fax>
                            <email>n.zvereva@tupolev.ru</email>
                            <okato>45286555000</okato>
                            <okpo>18982156</okpo>
                        </mainInfo>
                    </organization>
                </ns2:contact>
                <ns2:publicationDateTime>2017-03-16T17:13:42</ns2:publicationDateTime>
                <ns2:documentationDelivery>
                    <deliveryStartDateTime>2017-03-16</deliveryStartDateTime>
                    <deliveryEndDateTime>2017-03-24</deliveryEndDateTime>
                    <place>Электронная торговая площадка</place>
                    <procedure>В электронной форме</procedure>
                </ns2:documentationDelivery>
                <ns2:status>P</ns2:status>
                <ns2:version>1</ns2:version>
                <ns2:notDishonest>true</ns2:notDishonest>
                <ns2:attachments>
                    <totalDocumentsCount>1</totalDocumentsCount>
                    <document>
                        <guid>a379d7ff-0abf-4f05-852d-36a32c0e591f</guid>
                        <createDateTime>2017-03-16T17:06:35</createDateTime>
                        <fileName>Документация_контр-ревиз проверка работ ст 13 14 (3).docx</fileName>
                        <description>Документация_контр-ревиз проверка работ ст 13 14 (3).docx</description>
                        <url>http://zakupki.gov.ru/223/purchase/public/download/download.html?id=30118893</url>
                    </document>
                </ns2:attachments>
                <ns2:modificationDate>2017-03-16T17:13:42</ns2:modificationDate>
                <ns2:saveUserId>168862</ns2:saveUserId>
                <ns2:deliveryPlaceIndication>DIFFERENT_PLACE</ns2:deliveryPlaceIndication>
                <ns2:emergency>false</ns2:emergency>
                <ns2:jointPurchase>false</ns2:jointPurchase>
                <ns2:electronicPlaceInfo>
                    <name>OTC-tender</name>
                    <url>tender.otc.ru</url>
                    <electronicPlaceId>106</electronicPlaceId>
                </ns2:electronicPlaceInfo>
                <ns2:placingProcedure>
                    <ns2:examinationPlace>Российская Федерация, г. Москва, набережная Академика Туполева, д 17</ns2:examinationPlace>
                    <ns2:examinationDateTime>2017-04-07T10:00:00</ns2:examinationDateTime>
                    <ns2:summingupDateTime>2017-04-21T10:00:00</ns2:summingupDateTime>
                </ns2:placingProcedure>
                <ns2:submissionCloseDateTime>2017-03-24T10:00:00</ns2:submissionCloseDateTime>
                <ns2:publicationPlannedDate>2017-03-16</ns2:publicationPlannedDate>
                <ns2:lots>
                    <lot>
                        <guid>1faf3323-83fc-4c58-86a1-1fd89cbd95db</guid>
                        <ordinalNumber>1</ordinalNumber>
                        <lotEditEnabled>false</lotEditEnabled>
                        <lotData>
                            <subject>Выполнение работ по проведению контрольно-ревизионной проверки выполненных работ на объекте: «Реконструкция и техническое перевооружение стоянок № 13, 14 под отработку изд. «70М» на летно-испытательной станции ОАО «Туполев», г. Казань, Республики Татарстан»</subject>
                            <currency>
                                <code>RUB</code>
                                <digitalCode>643</digitalCode>
                                <name>Российский рубль</name>
                            </currency>
                            <initialSum>1160000.00</initialSum>
                            <deliveryPlace>
                                <state>Приволжский федеральный округ</state>
                                <region>Татарстан Респ </region>
                                <regionOkato>92000000000</regionOkato>
                                <address>420127, г. Казань, ул. Дементьева, д.1, Казанский авиационный завод им. С.П. Горбунова - филиал ПАО «Туполев»</address>
                            </deliveryPlace>
                            <lotItems>
                                <newCodes>true</newCodes>
                                <lotItem>
                                    <guid>a0016593-56b6-4ecb-bcc3-b8ae1646998a</guid>
                                    <ordinalNumber>1</ordinalNumber>
                                    <okpd2>
                                        <code>71.12.19.000</code>
                                        <name>Услуги по инженерно-техническому проектированию прочих объектов</name>
                                    </okpd2>
                                    <okved2>
                                        <code>71.12.1</code>
                                        <name>Деятельность, связанная с инженерно-техническим проектированием, управлением проектами строительства, выполнением строительного контроля и авторского надзора</name>
                                    </okved2>
                                    <okei>
                                        <code>642</code>
                                        <name>Единица</name>
                                    </okei>
                                    <qty>1</qty>
                                </lotItem>
                            </lotItems>
                            <forSmallOrMiddle>false</forSmallOrMiddle>
                            <excludePurchaseFromPlan>false</excludePurchaseFromPlan>
                            <subcontractorsRequirement>false</subcontractorsRequirement>
                            <ignoredPurchase>false</ignoredPurchase>
                            <centralized>false</centralized>
                        </lotData>
                        <deliveryPlaceIndication>GL</deliveryPlaceIndication>
                        <jointLotData>
                            <jointLot>false</jointLot>
                        </jointLotData>
                        <lotPlanInfo>
                            <planRegistrationNumber>2160209363</planRegistrationNumber>
                            <planGuid>ca308e93-84da-461f-abc2-30bfc4144b36</planGuid>
                            <positionNumber>771</positionNumber>
                            <lotPlanPosition>COMMODITY</lotPlanPosition>
                            <positionGuid>2998fb12-1bcd-492b-a4e4-95e62c89957b</positionGuid>
                        </lotPlanInfo>
                        <cancelled>false</cancelled>
                    </lot>
                </ns2:lots>
            </ns2:purchaseNoticeData>
        </ns2:item>
    </ns2:body>
</ns2:purchaseNotice>
