<?xml version="1.0" encoding="UTF-8" standalone="yes"?>
<ns2:purchaseNotice xsi:schemaLocation="http://zakupki.gov.ru/223/integration/schema/TFF-5.2 http://zakupki.gov.ru/223/integration/schema/TFF-5.2/purchase.xsd" xmlns="http://zakupki.gov.ru/223fz/types/1" xmlns:ns10="http://zakupki.gov.ru/223fz/purchasePlan/1" xmlns:ns11="http://zakupki.gov.ru/223fz/purchasePlanProject/1" xmlns:ns12="http://zakupki.gov.ru/223fz/purchasePlanProjectAdditionalPosition/1" xmlns:ns13="http://zakupki.gov.ru/223fz/contract/1" xmlns:ns14="http://zakupki.gov.ru/223fz/missedNotice/1" xmlns:ns15="http://zakupki.gov.ru/223fz/reference/1" xmlns:ns16="http://zakupki.gov.ru/223fz/stopCommodity/1" xmlns:ns17="http://zakupki.gov.ru/223fz/decisionSuspension/1" xmlns:ns18="http://zakupki.gov.ru/223fz/purchasePlanAdditionalPosition/1" xmlns:ns19="http://zakupki.gov.ru/223fz/webRequest/1" xmlns:ns2="http://zakupki.gov.ru/223fz/purchase/1" xmlns:xsi="http://www.w3.org/2001/XMLSchema-instance" xmlns:ns3="http://zakupki.gov.ru/223fz/dishonestSupplier/1" xmlns:ns4="http://zakupki.gov.ru/223fz/machineryListInfo/1" xmlns:ns5="http://zakupki.gov.ru/223fz/revenue/1" xmlns:ns6="http://zakupki.gov.ru/223fz/orderClauseList/1" xmlns:ns7="http://zakupki.gov.ru/223fz/disagreementProtocol/1" xmlns:ns8="http://zakupki.gov.ru/223fz/complaint/1" xmlns:ns9="http://zakupki.gov.ru/223fz/notificationIssue/1">
    <header>
        <guid>1b4b869c-fc2a-48fe-940c-871c99d8937e</guid>
        <createDateTime>2017-03-16T16:05:45</createDateTime>
    </header>
    <ns2:body>
        <ns2:item>
            <guid>f885ffb5-bb33-4f9a-89c5-44183f910569</guid>
            <ns2:purchaseNoticeData>
                <ns2:guid>f885ffb5-bb33-4f9a-89c5-44183f910569</ns2:guid>
                <ns2:createDateTime>2017-03-16T16:02:50</ns2:createDateTime>
                <ns2:urlOOS>https://zakupki.gov.ru/223/purchase/private/purchase/notice-info/details.html?noticeInfoId=5887229</ns2:urlOOS>
                <ns2:registrationNumber>31704797455</ns2:registrationNumber>
                <ns2:name>ОАО «Российские железные дороги» в лице Ростовской дирекции материально-технического обеспечения – структурного подразделения Росжелдорснаба – филиала ОАО «РЖД» информирует о проведении открытого конкурса среди субъектов малого и среднего предпринимательства в электронной форме № 132/ОКЭ-РЖДС/17  на право заключения договора поставки мебели</ns2:name>
                <ns2:customer>
                    <mainInfo>
                        <fullName>ОТКРЫТОЕ АКЦИОНЕРНОЕ ОБЩЕСТВО "РОССИЙСКИЕ ЖЕЛЕЗНЫЕ ДОРОГИ"</fullName>
                        <shortName>ОАО "РЖД"</shortName>
                        <iko>57708503727770801001</iko>
                        <inn>7708503727</inn>
                        <kpp>770801001</kpp>
                        <ogrn>1037739877295</ogrn>
                        <legalAddress>107174, Г МОСКВА, УЛ БАСМАННАЯ НОВ., дом ДОМ 2</legalAddress>
                        <postalAddress>107174, Москва Город, Басманная Нов. Улица, дом 2</postalAddress>
                        <phone>7-499-2621002</phone>
                        <fax>7-499-2629095</fax>
                        <email>BelozerovOlVal@yandex.ru</email>
                        <okato>45286555000</okato>
                        <okpo>00083262</okpo>
                    </mainInfo>
                </ns2:customer>
                <ns2:purchaseMethodCode>95162</ns2:purchaseMethodCode>
                <ns2:purchaseCodeName>Открытый конкурс в электронной форме (по Положению ОАО "РЖД")</ns2:purchaseCodeName>
                <ns2:placer>
                    <mainInfo>
                        <fullName>ОТКРЫТОЕ АКЦИОНЕРНОЕ ОБЩЕСТВО "РОССИЙСКИЕ ЖЕЛЕЗНЫЕ ДОРОГИ"</fullName>
                        <shortName>ОАО "РЖД"</shortName>
                        <iko>57708503727770801001</iko>
                        <inn>7708503727</inn>
                        <kpp>770801001</kpp>
                        <ogrn>1037739877295</ogrn>
                        <legalAddress>107174, Г МОСКВА, УЛ БАСМАННАЯ НОВ., дом ДОМ 2</legalAddress>
                        <postalAddress>107174, Москва Город, Басманная Нов. Улица, дом 2</postalAddress>
                        <phone>7-499-2621002</phone>
                        <fax>7-499-2629095</fax>
                        <email>BelozerovOlVal@yandex.ru</email>
                        <okato>45286555000</okato>
                        <okpo>00083262</okpo>
                    </mainInfo>
                </ns2:placer>
                <ns2:contact>
                    <lastName>Бутко Татьяна Павловна </lastName>
                    <phone>+8 (863) 2595734</phone>
                    <email>rostdmto@yandex.ru.</email>
                    <organization>
                        <mainInfo>
                            <fullName>ОТКРЫТОЕ АКЦИОНЕРНОЕ ОБЩЕСТВО "РОССИЙСКИЕ ЖЕЛЕЗНЫЕ ДОРОГИ"</fullName>
                            <shortName>ОАО "РЖД"</shortName>
                            <iko>57708503727770801001</iko>
                            <inn>7708503727</inn>
                            <kpp>770801001</kpp>
                            <ogrn>1037739877295</ogrn>
                            <legalAddress>107174, Г МОСКВА, УЛ БАСМАННАЯ НОВ., дом ДОМ 2</legalAddress>
                            <postalAddress>107174, Москва Город, Басманная Нов. Улица, дом 2</postalAddress>
                            <phone>7-499-2621002</phone>
                            <fax>7-499-2629095</fax>
                            <email>BelozerovOlVal@yandex.ru</email>
                            <okato>45286555000</okato>
                            <okpo>00083262</okpo>
                        </mainInfo>
                    </organization>
                </ns2:contact>
                <ns2:publicationDateTime>2017-03-16T16:05:45</ns2:publicationDateTime>
                <ns2:documentationDelivery>
                    <deliveryStartDateTime>2017-02-15</deliveryStartDateTime>
                    <deliveryEndDateTime>2017-04-05</deliveryEndDateTime>
                    <place>344082, г. Ростов-на-Дону, пер. Доломановский,   д. 2/5а.</place>
                    <procedure>Документация размещена в единой информационной системе, на сайте http://etzp.rzd.ru и на сайте http://rzd.ru (раздел «Закупки/Торги»).
В случае возникновения технических и иных неполадок при работе единой информационной системы, блокирующих доступ к единой информационной системе в течение более чем одного рабочего дня, информация, подлежащая размещению в единой информационной системе размещается на сайте http://rzd.ru и на сайте http://etzp.rzd.ru с последующим размещением такой информации в единой информационной системе в течение одного рабочего дня со дня устранения технических или иных неполадок, блокирующих доступ к единой информационной системе, и считается размещенной в установленном порядке.
Плата за предоставление документации не взимается.
Документация доступна для ознакомления на перечисленных сайтах с момента ее опубликования без ограничений.
</procedure>
                </ns2:documentationDelivery>
                <ns2:status>P</ns2:status>
                <ns2:version>3</ns2:version>
                <ns2:modificationDescription>перенос сроков</ns2:modificationDescription>
                <ns2:notDishonest>false</ns2:notDishonest>
                <ns2:attachments>
                    <totalDocumentsCount>11</totalDocumentsCount>
                    <document>
                        <guid>788e21e2-5ebe-4bf6-8998-71e72b2fbf25</guid>
                        <createDateTime>2017-03-03T11:15:06</createDateTime>
                        <fileName>Изменения в конкурсную документацию 132 ОКЭ.pdf</fileName>
                        <description>Изменения в конкурсную документацию </description>
                        <url>http://zakupki.gov.ru/223/purchase/public/download/download.html?id=30115376</url>
                    </document>
                    <document>
                        <guid>9c36f67d-e016-4668-9bb3-db5557586cab</guid>
                        <createDateTime>2017-03-16T16:04:13</createDateTime>
                        <fileName>Конкурсная документация с учетом изменений.docx</fileName>
                        <description>Конкурсная документация с учетом изменений  2</description>
                        <url>http://zakupki.gov.ru/223/purchase/public/download/download.html?id=30115472</url>
                    </document>
                    <document>
                        <guid>d03cb992-b1bd-44c3-95dc-f2add87893df</guid>
                        <createDateTime>2017-03-03T11:14:32</createDateTime>
                        <fileName>График поставки с учетом изменений.xlsx</fileName>
                        <description>График поставки с учетом изменений</description>
                        <url>http://zakupki.gov.ru/223/purchase/public/download/download.html?id=30115377</url>
                    </document>
                    <document>
                        <guid>96c0459d-02b6-427b-b989-d5fe0215d08d</guid>
                        <createDateTime>2017-03-03T11:14:53</createDateTime>
                        <fileName>Приложение № 10 с учетом изменений.xlsx</fileName>
                        <description>Приложение № 10 с учетом изменений</description>
                        <url>http://zakupki.gov.ru/223/purchase/public/download/download.html?id=30115378</url>
                    </document>
                    <document>
                        <guid>db159c62-202d-403c-b332-2040318792e1</guid>
                        <createDateTime>2017-03-16T16:04:21</createDateTime>
                        <fileName>Приложение № 6 с учетом изменений.pdf</fileName>
                        <description>Приложение № 6 с учетом изменений 2</description>
                        <url>http://zakupki.gov.ru/223/purchase/public/download/download.html?id=30115478</url>
                    </document>
                    <document>
                        <guid>0b4155b3-830b-41bc-bb82-2857c07abb16</guid>
                        <createDateTime>2017-03-16T16:03:50</createDateTime>
                        <fileName>Изменения в конкурсную документацию 132 ОКЭ (2).pdf</fileName>
                        <description>Изменения в конкурсную документацию 2</description>
                        <url>http://zakupki.gov.ru/223/purchase/public/download/download.html?id=30115464</url>
                    </document>
                    <document>
                        <guid>975e7f6a-75e5-454b-bdac-9b349d2d4d8e</guid>
                        <createDateTime>2017-03-03T11:14:40</createDateTime>
                        <fileName>Извещение с учетом изменений.docx</fileName>
                        <description>Извещение с учетом изменений</description>
                        <url>http://zakupki.gov.ru/223/purchase/public/download/download.html?id=30115373</url>
                    </document>
                    <document>
                        <guid>c3408bb9-f419-4e59-b057-39498e5a90fe</guid>
                        <createDateTime>2017-03-16T16:04:04</createDateTime>
                        <fileName>Извещение с учетом изменений.docx</fileName>
                        <description>Извещение с учетом изменений  2</description>
                        <url>http://zakupki.gov.ru/223/purchase/public/download/download.html?id=30115470</url>
                    </document>
                    <document>
                        <guid>ce3e4166-430e-486c-95cb-7cfd7daad0c4</guid>
                        <createDateTime>2017-02-15T15:48:32</createDateTime>
                        <fileName>Приложение № 6.pdf</fileName>
                        <description>Приложение № 6</description>
                        <url>http://zakupki.gov.ru/223/purchase/public/download/download.html?id=30115374</url>
                    </document>
                    <document>
                        <guid>76a2d159-89e3-417d-b5c6-14d2126deda3</guid>
                        <createDateTime>2017-03-16T16:04:37</createDateTime>
                        <fileName>Приложение № 10 с учетом изменений.xlsx</fileName>
                        <description>Приложение № 10 с учетом изменений 2</description>
                        <url>http://zakupki.gov.ru/223/purchase/public/download/download.html?id=30115503</url>
                    </document>
                    <document>
                        <guid>365cd039-831d-437a-a2cb-f6ce6d350999</guid>
                        <createDateTime>2017-03-03T11:14:45</createDateTime>
                        <fileName>Конкурсная документация с учетом изменений.docx</fileName>
                        <description>Конкурсная документация с учетом изменений</description>
                        <url>http://zakupki.gov.ru/223/purchase/public/download/download.html?id=30115375</url>
                    </document>
                </ns2:attachments>
                <ns2:modificationDate>2017-03-16T16:05:45</ns2:modificationDate>
                <ns2:saveUserId>176658</ns2:saveUserId>
                <ns2:deliveryPlaceIndication>DIFFERENT_PLACE</ns2:deliveryPlaceIndication>
                <ns2:emergency>false</ns2:emergency>
                <ns2:jointPurchase>false</ns2:jointPurchase>
                <ns2:electronicPlaceInfo>
                    <name>Электронная торгово-закупочная площадка ОАО "РЖД"</name>
                    <url>http://etzp.rzd.ru</url>
                    <electronicPlaceId>112</electronicPlaceId>
                </ns2:electronicPlaceInfo>
                <ns2:submissionCloseDateTime>2017-04-05T15:15:00</ns2:submissionCloseDateTime>
                <ns2:publicationPlannedDate>2017-02-15</ns2:publicationPlannedDate>
                <ns2:templateVersion>3</ns2:templateVersion>
                <ns2:templateStructure>
                    <ns2:level>
                        <ns2:tabLevel>NOTICE</ns2:tabLevel>
                        <ns2:tab>
                            <tabOrdinal>1</tabOrdinal>
                            <tabName>Общая информация</tabName>
                            <fixedName>MAIN</fixedName>
                            <section>
                                <sectionOrdinal>1</sectionOrdinal>
                                <sectionName>Сведения о состоянии извещения</sectionName>
                                <fixedName>MAIN_STATUS</fixedName>
                            </section>
                            <section>
                                <sectionOrdinal>2</sectionOrdinal>
                                <sectionName>Сведения о заказчике</sectionName>
                                <fixedName>MAIN_CUSTOMER</fixedName>
                            </section>
                            <section>
                                <sectionOrdinal>3</sectionOrdinal>
                                <sectionName>Общие сведения о закупке</sectionName>
                                <fixedName>MAIN_PURCHASE</fixedName>
                            </section>
                            <section>
                                <sectionOrdinal>4</sectionOrdinal>
                                <sectionName>Контактная информация</sectionName>
                                <fixedName>MAIN_CONTACTS</fixedName>
                            </section>
                            <section>
                                <sectionOrdinal>5</sectionOrdinal>
                                <sectionName>Обеспечение заявок и исполнения договора</sectionName>
                            </section>
                        </ns2:tab>
                        <ns2:tab>
                            <tabOrdinal>2</tabOrdinal>
                            <tabName>Порядок размещения закупки</tabName>
                            <fixedName>COMMISSION</fixedName>
                            <section>
                                <sectionOrdinal>1</sectionOrdinal>
                                <sectionName>Публикация извещения</sectionName>
                                <fixedName>COMMISSION_PUBLISH</fixedName>
                            </section>
                        </ns2:tab>
                        <ns2:tab>
                            <tabOrdinal>3</tabOrdinal>
                            <tabName>Список лотов</tabName>
                            <fixedName>LOTS</fixedName>
                            <section>
                                <sectionOrdinal>1</sectionOrdinal>
                                <sectionName>Сведения о лотах</sectionName>
                                <fixedName>LOTS_INFO</fixedName>
                            </section>
                        </ns2:tab>
                        <ns2:tab>
                            <tabOrdinal>4</tabOrdinal>
                            <tabName>Документация</tabName>
                            <fixedName>DOCS</fixedName>
                            <section>
                                <sectionOrdinal>1</sectionOrdinal>
                                <sectionName>Предоставление документации</sectionName>
                                <fixedName>DOCS_INFO</fixedName>
                            </section>
                            <section>
                                <sectionOrdinal>2</sectionOrdinal>
                                <sectionName>Файлы документации</sectionName>
                                <fixedName>DOCS_FILES</fixedName>
                            </section>
                        </ns2:tab>
                    </ns2:level>
                    <ns2:level>
                        <ns2:tabLevel>LOT</ns2:tabLevel>
                        <ns2:tab>
                            <tabOrdinal>1</tabOrdinal>
                            <tabName>Сведения о лоте</tabName>
                            <fixedName>LOT_INFORMATION</fixedName>
                            <section>
                                <sectionOrdinal>1</sectionOrdinal>
                                <sectionName>Общая информация о лоте</sectionName>
                                <fixedName>LOT_INFO</fixedName>
                            </section>
                            <section>
                                <sectionOrdinal>2</sectionOrdinal>
                                <sectionName>Информация о товаре, работе, услуге</sectionName>
                                <fixedName>LOT_GOODS</fixedName>
                            </section>
                            <section>
                                <sectionOrdinal>3</sectionOrdinal>
                                <sectionName>Место поставки</sectionName>
                                <fixedName>LOT_PLACE</fixedName>
                            </section>
                        </ns2:tab>
                    </ns2:level>
                    <ns2:level>
                        <ns2:tabLevel>LOT_CUSTOMER</ns2:tabLevel>
                        <ns2:tab>
                            <tabOrdinal>1</tabOrdinal>
                            <tabName>Сведения по заказчику</tabName>
                            <fixedName>LOT_CUSTOMER</fixedName>
                            <section>
                                <sectionOrdinal>1</sectionOrdinal>
                                <sectionName>Общая информация по Заказчику</sectionName>
                                <fixedName>LOT_CUSTOMER_INFO</fixedName>
                            </section>
                            <section>
                                <sectionOrdinal>2</sectionOrdinal>
                                <sectionName>Информация о товаре, работе, услуге</sectionName>
                                <fixedName>LOT_CUSTOMER_GOODS</fixedName>
                            </section>
                            <section>
                                <sectionOrdinal>3</sectionOrdinal>
                                <sectionName>Место поставки</sectionName>
                                <fixedName>LOT_CUSTOMER_PLACE</fixedName>
                            </section>
                        </ns2:tab>
                    </ns2:level>
                </ns2:templateStructure>
                <ns2:extendFields>
                    <noticeExtendField>
                        <extendField>
                            <integrCode>DlyaNuzhd</integrCode>
                            <description>Закупка осуществляется для нужд</description>
                            <type>STRING</type>
                            <value>
                                <string>ОАО «РЖД».</string>
                            </value>
                        </extendField>
                        <extendField>
                            <integrCode>MestoOrg</integrCode>
                            <description>Место нахождения</description>
                            <type>STRING</type>
                            <value>
                                <string>344082, г. Ростов-на-Дону, пер. Доломановский,   д. 2/5а.</string>
                            </value>
                        </extendField>
                        <extendField>
                            <integrCode>AdresOrg</integrCode>
                            <description>Почтовый адрес</description>
                            <type>STRING</type>
                            <value>
                                <string>344082, г. Ростов-на-Дону, пер. Доломановский,   д. 2/5а.</string>
                            </value>
                        </extendField>
                        <position>
                            <tabOrdinal>1</tabOrdinal>
                            <tabName>MAIN</tabName>
                            <sectionOrdinal>2</sectionOrdinal>
                            <sectionName>MAIN_SEC_Сведения о заказчике</sectionName>
                        </position>
                    </noticeExtendField>
                    <noticeExtendField>
                        <extendField>
                            <integrCode>ObespechenieZayavki</integrCode>
                            <description>Обеспечение заявок</description>
                            <type>TEXT</type>
                            <value>
                                <text>Обеспечение заявок не предусмотрено.</text>
                            </value>
                        </extendField>
                        <extendField>
                            <integrCode>ObespechenieDogovora</integrCode>
                            <description>Обеспечение исполнения договора</description>
                            <type>TEXT</type>
                            <value>
                                <text>Обеспечение исполнения договора не предусмотрено.</text>
                            </value>
                        </extendField>
                        <position>
                            <tabOrdinal>1</tabOrdinal>
                            <tabName>MAIN</tabName>
                            <sectionOrdinal>5</sectionOrdinal>
                            <sectionName>MAIN_SEC_Обеспечение заявок и исполнения договора</sectionName>
                        </position>
                    </noticeExtendField>
                    <noticeExtendField>
                        <extendField>
                            <integrCode>ZayavkiMesto</integrCode>
                            <description>Место предоставления заявок</description>
                            <type>TEXT</type>
                            <value>
                                <text>344082, г. Ростов-на-Дону, пер. Доломановский,   д. 2/5а.</text>
                            </value>
                        </extendField>
                        <extendField>
                            <integrCode>VskritieData</integrCode>
                            <description>Дата и время вскрытия заявок</description>
                            <type>DATETIME</type>
                            <value>
                                <dateTime>2017-04-05T15:15:00</dateTime>
                            </value>
                        </extendField>
                        <extendField>
                            <integrCode>RassmotrenieData</integrCode>
                            <description>Дата и время рассмотрения заявок</description>
                            <type>DATETIME</type>
                            <value>
                                <dateTime>2017-04-10T09:45:00</dateTime>
                            </value>
                        </extendField>
                        <extendField>
                            <integrCode>RassmotrenieMesto</integrCode>
                            <description>Место рассмотрения заявок</description>
                            <type>STRING</type>
                            <value>
                                <string>344082, г. Ростов-на-Дону, пер. Доломановский,   д. 2/5а.</string>
                            </value>
                        </extendField>
                        <extendField>
                            <integrCode>ItogData</integrCode>
                            <description>Дата и время подведения итогов</description>
                            <type>DATETIME</type>
                            <value>
                                <dateTime>2017-04-10T16:00:00</dateTime>
                            </value>
                        </extendField>
                        <extendField>
                            <integrCode>ItogMesto</integrCode>
                            <description>Место подведения итогов</description>
                            <type>STRING</type>
                            <value>
                                <string>344082, г. Ростов-на-Дону, пер. Доломановский,   д. 2/5а.</string>
                            </value>
                        </extendField>
                        <position>
                            <tabOrdinal>2</tabOrdinal>
                            <tabName>COMMISSION</tabName>
                            <sectionOrdinal>1</sectionOrdinal>
                            <sectionName>COMISSION_SEC_Публикация извещения</sectionName>
                        </position>
                    </noticeExtendField>
                </ns2:extendFields>
                <ns2:lots>
                    <lot>
                        <guid>5493e4ce-6222-4fc9-9a50-db19e45ad779</guid>
                        <ordinalNumber>1</ordinalNumber>
                        <lotEditEnabled>true</lotEditEnabled>
                        <lotData>
                            <subject>На право заключения договора поставки   мебели</subject>
                            <currency>
                                <code>RUB</code>
                                <digitalCode>643</digitalCode>
                                <name>Российский рубль</name>
                            </currency>
                            <initialSum>603430.87</initialSum>
                            <deliveryPlace>
                                <state>Южный федеральный округ</state>
                                <region>Ростовская   обл</region>
                                <regionOkato>60000000000</regionOkato>
                                <address>Согласно техническому заданию</address>
                            </deliveryPlace>
                            <lotItems>
                                <newCodes>true</newCodes>
                                <lotItem>
                                    <guid>fb139ff8-ec74-4632-8557-c7f093918c34</guid>
                                    <ordinalNumber>1</ordinalNumber>
                                    <okpd2>
                                        <code>31.01.12.190</code>
                                        <name>Мебель офисная деревянная прочая</name>
                                    </okpd2>
                                    <okved2>
                                        <code>31.01</code>
                                        <name>Производство мебели для офисов и предприятий торговли</name>
                                    </okved2>
                                    <okei>
                                        <code>876</code>
                                        <name>Условная единица</name>
                                    </okei>
                                    <qty>127</qty>
                                    <additionalInfo>ОКПД2:  31.01.11.190;  31.01.12.110;  31.01.11.110 | ОКЕИ: 796;  839</additionalInfo>
                                </lotItem>
                            </lotItems>
                            <forSmallOrMiddle>true</forSmallOrMiddle>
                            <excludePurchaseFromPlan>false</excludePurchaseFromPlan>
                            <subcontractorsRequirement>false</subcontractorsRequirement>
                            <ignoredPurchase>false</ignoredPurchase>
                            <centralized>false</centralized>
                        </lotData>
                        <deliveryPlaceIndication>GL</deliveryPlaceIndication>
                        <jointLotData>
                            <jointLot>false</jointLot>
                        </jointLotData>
                        <lotPlanInfo>
                            <planRegistrationNumber>2160196812</planRegistrationNumber>
                            <planGuid>38bcb6e6-f2a2-4b86-bf1f-bd78b33966f3</planGuid>
                            <positionNumber>7262</positionNumber>
                            <lotPlanPosition>COMMODITY</lotPlanPosition>
                            <positionGuid>f06830ba-328a-4b20-b44f-4656cb18dafa</positionGuid>
                        </lotPlanInfo>
                        <cancelled>false</cancelled>
                        <extendFields>
                            <noticeExtendField>
                                <extendField>
                                    <integrCode>TsenaDog</integrCode>
                                    <description>Начальная (максимальная) цена договора без учета НДС</description>
                                    <type>STRING</type>
                                    <value>
                                        <string>511382,09</string>
                                    </value>
                                </extendField>
                                <extendField>
                                    <integrCode>Valyta</integrCode>
                                    <description>Валюта</description>
                                    <type>CURRENCY</type>
                                    <value>
                                        <nsi>
                                            <currency>
                                                <code>RUB</code>
                                                <digitalCode>643</digitalCode>
                                                <name>Российский рубль</name>
                                            </currency>
                                        </nsi>
                                    </value>
                                </extendField>
                                <position>
                                    <tabOrdinal>1</tabOrdinal>
                                    <tabName>LOT_INFORMATION</tabName>
                                    <sectionOrdinal>1</sectionOrdinal>
                                    <sectionName>LOT_INFO_SEC_Общая информация о лоте</sectionName>
                                </position>
                            </noticeExtendField>
                        </extendFields>
                    </lot>
                </ns2:lots>
            </ns2:purchaseNoticeData>
        </ns2:item>
    </ns2:body>
</ns2:purchaseNotice>
