<?xml version="1.0" encoding="UTF-8" standalone="yes"?>
<ns2:purchaseNotice xsi:schemaLocation="http://zakupki.gov.ru/223/integration/schema/TFF-5.2 http://zakupki.gov.ru/223/integration/schema/TFF-5.2/purchase.xsd" xmlns="http://zakupki.gov.ru/223fz/types/1" xmlns:ns10="http://zakupki.gov.ru/223fz/purchasePlan/1" xmlns:ns11="http://zakupki.gov.ru/223fz/purchasePlanProject/1" xmlns:ns12="http://zakupki.gov.ru/223fz/purchasePlanProjectAdditionalPosition/1" xmlns:ns13="http://zakupki.gov.ru/223fz/contract/1" xmlns:ns14="http://zakupki.gov.ru/223fz/missedNotice/1" xmlns:ns15="http://zakupki.gov.ru/223fz/reference/1" xmlns:ns16="http://zakupki.gov.ru/223fz/stopCommodity/1" xmlns:ns17="http://zakupki.gov.ru/223fz/decisionSuspension/1" xmlns:ns18="http://zakupki.gov.ru/223fz/purchasePlanAdditionalPosition/1" xmlns:ns19="http://zakupki.gov.ru/223fz/webRequest/1" xmlns:ns2="http://zakupki.gov.ru/223fz/purchase/1" xmlns:xsi="http://www.w3.org/2001/XMLSchema-instance" xmlns:ns3="http://zakupki.gov.ru/223fz/dishonestSupplier/1" xmlns:ns4="http://zakupki.gov.ru/223fz/machineryListInfo/1" xmlns:ns5="http://zakupki.gov.ru/223fz/revenue/1" xmlns:ns6="http://zakupki.gov.ru/223fz/orderClauseList/1" xmlns:ns7="http://zakupki.gov.ru/223fz/disagreementProtocol/1" xmlns:ns8="http://zakupki.gov.ru/223fz/complaint/1" xmlns:ns9="http://zakupki.gov.ru/223fz/notificationIssue/1">
    <header>
        <guid>a169849f-1366-479e-9d04-c7fc28654e42</guid>
        <createDateTime>2017-03-16T16:03:31</createDateTime>
    </header>
    <ns2:body>
        <ns2:item>
            <guid>f03f9a07-f3cc-4041-bc78-7376d6cff613</guid>
            <ns2:purchaseNoticeData>
                <ns2:guid>f03f9a07-f3cc-4041-bc78-7376d6cff613</ns2:guid>
                <ns2:createDateTime>2017-03-16T16:01:07</ns2:createDateTime>
                <ns2:urlOOS>https://zakupki.gov.ru/223/purchase/private/purchase/notice-info/details.html?noticeInfoId=5887200</ns2:urlOOS>
                <ns2:urlVSRZ>http://zakupki.sbrf.sberbank-ast.ru/concursCard.aspx?id=38205</ns2:urlVSRZ>
                <ns2:registrationNumber>31704898931</ns2:registrationNumber>
                <ns2:name>[38205] Выбор организации для оказания услуг по справочно-информационному обслуживанию клиентов ПАО Сбербанк  среди поставщиков, аккредитованных по итогам квалификационного отбора, утвержденного 10.08.2016 года.</ns2:name>
                <ns2:customer>
                    <mainInfo>
                        <fullName>ПУБЛИЧНОЕ АКЦИОНЕРНОЕ ОБЩЕСТВО "СБЕРБАНК РОССИИ"</fullName>
                        <shortName>ПАО СБЕРБАНК</shortName>
                        <iko>57707083893775001001</iko>
                        <inn>7707083893</inn>
                        <kpp>773601001</kpp>
                        <ogrn>1027700132195</ogrn>
                        <legalAddress>117997, Г МОСКВА, УЛ ВАВИЛОВА, дом 19</legalAddress>
                        <postalAddress>117997, г. Москва, ул. Вавилова, 19</postalAddress>
                        <phone>7-495-7473789</phone>
                        <fax>7-495-7473667</fax>
                        <email>Gref_p@sberbank.ru</email>
                        <okato>45293554000</okato>
                        <okpo>00032537</okpo>
                    </mainInfo>
                </ns2:customer>
                <ns2:purchaseMethodCode>5633</ns2:purchaseMethodCode>
                <ns2:purchaseCodeName>СБ: Электронный аукцион</ns2:purchaseCodeName>
                <ns2:placer>
                    <mainInfo>
                        <fullName>ПУБЛИЧНОЕ АКЦИОНЕРНОЕ ОБЩЕСТВО "СБЕРБАНК РОССИИ"</fullName>
                        <shortName>ПАО СБЕРБАНК</shortName>
                        <iko>57707083893775001001</iko>
                        <inn>7707083893</inn>
                        <kpp>773601001</kpp>
                        <ogrn>1027700132195</ogrn>
                        <legalAddress>117997, Г МОСКВА, УЛ ВАВИЛОВА, дом 19</legalAddress>
                        <postalAddress>117997, г. Москва, ул. Вавилова, 19</postalAddress>
                        <phone>7-495-7473789</phone>
                        <fax>7-495-7473667</fax>
                        <email>Gref_p@sberbank.ru</email>
                        <okato>45293554000</okato>
                        <okpo>00032537</okpo>
                    </mainInfo>
                </ns2:placer>
                <ns2:contact>
                    <firstName>Слободяник Виталий Викторович</firstName>
                    <phone>(495)665-56-00,доб.60-895</phone>
                    <email>VVSlobodyanik@sberbank.ru</email>
                    <organization>
                        <mainInfo>
                            <fullName>ПУБЛИЧНОЕ АКЦИОНЕРНОЕ ОБЩЕСТВО "СБЕРБАНК РОССИИ"</fullName>
                            <shortName>ПАО СБЕРБАНК</shortName>
                            <iko>57707083893775001001</iko>
                            <inn>7707083893</inn>
                            <kpp>773601001</kpp>
                            <ogrn>1027700132195</ogrn>
                            <legalAddress>117997, Г МОСКВА, УЛ ВАВИЛОВА, дом 19</legalAddress>
                            <postalAddress>117997, г. Москва, ул. Вавилова, 19</postalAddress>
                            <phone>7-495-7473789</phone>
                            <fax>7-495-7473667</fax>
                            <email>Gref_p@sberbank.ru</email>
                            <okato>45293554000</okato>
                            <okpo>00032537</okpo>
                        </mainInfo>
                    </organization>
                </ns2:contact>
                <ns2:publicationDateTime>2017-03-16T16:03:31</ns2:publicationDateTime>
                <ns2:documentationDelivery>
                    <deliveryStartDateTime>2017-03-17</deliveryStartDateTime>
                    <deliveryEndDateTime>2017-04-06</deliveryEndDateTime>
                    <place>ЗАО «Сбербанк-АСТ»</place>
                    <procedure>Для участия в аукционе Участник должен пройти регистрацию на сайте Электронной площадки ЗАО «Сбербанк-АСТ» в секции Заказчика ПАО Сбербанк и в соответствии с Регламентом работы данной площадки. Проведение аукциона осуществляется в соответствии с Регламентом торгов, размещенном на сайте Электронной площадки ЗАО «Сбербанк-АСТ» в секции Заказчика ПАО Сбербанк.</procedure>
                </ns2:documentationDelivery>
                <ns2:status>P</ns2:status>
                <ns2:version>1</ns2:version>
                <ns2:notDishonest>true</ns2:notDishonest>
                <ns2:attachments>
                    <totalDocumentsCount>1</totalDocumentsCount>
                    <document>
                        <guid>954ccb90-048f-42a1-82bd-9b4608b173f3</guid>
                        <createDateTime>2017-03-16T15:54:59</createDateTime>
                        <fileName>ЦАСБЕР2017-0092(АОгр.)(Документация).docx</fileName>
                        <description>Закупочная документация</description>
                        <url>http://zakupki.gov.ru/223/purchase/public/download/download.html?id=30115305</url>
                    </document>
                </ns2:attachments>
                <ns2:modificationDate>2017-03-16T16:03:31</ns2:modificationDate>
                <ns2:saveUserId>149732</ns2:saveUserId>
                <ns2:deliveryPlaceIndication>SINGLE_PLACE</ns2:deliveryPlaceIndication>
                <ns2:emergency>false</ns2:emergency>
                <ns2:jointPurchase>false</ns2:jointPurchase>
                <ns2:electronicPlaceInfo>
                    <name>ЗАО «Сбербанк-АСТ» (УТП)</name>
                    <url>http://utp.sberbank-ast.ru/SB</url>
                    <electronicPlaceId>116</electronicPlaceId>
                </ns2:electronicPlaceInfo>
                <ns2:placingProcedure>
                    <ns2:examinationPlace>http://utp.sberbank-ast.ru/SB</ns2:examinationPlace>
                    <ns2:examinationDateTime>2017-04-07T11:00:00</ns2:examinationDateTime>
                    <ns2:summingupDateTime>2017-06-30T16:00:00</ns2:summingupDateTime>
                </ns2:placingProcedure>
                <ns2:submissionCloseDateTime>2017-04-06T18:00:00</ns2:submissionCloseDateTime>
                <ns2:publicationPlannedDate>2017-03-16</ns2:publicationPlannedDate>
                <ns2:lots>
                    <lot>
                        <guid>88861d81-69f9-476a-83db-8dd53727e113</guid>
                        <ordinalNumber>1</ordinalNumber>
                        <lotEditEnabled>true</lotEditEnabled>
                        <lotData>
                            <subject>Предметом  Договора является оказание  Исполнителем услуг контактного центра по приему входящих и осуществлению исходящих вызовов Клиентов Заказчика (далее – Услуги)  в соответствии с Заказом, оформленным по форме  Приложения № 2 к Договору. Количество 1 комплект.</subject>
                            <currency>
                                <code>RUB</code>
                                <digitalCode>643</digitalCode>
                                <name>Российский рубль</name>
                            </currency>
                            <initialSum>1580358750.00</initialSum>
                            <deliveryPlace>
                                <state>Центральный федеральный округ</state>
                                <region>Москва</region>
                                <regionOkato>45000000000</regionOkato>
                                <address>Республики Адыгея, Алтай, Башкортостан, Бурятия, Дагестан, Ингушетия, Кабардино-Балкария, Калмыкия, Карачаево-Черкесия, Карелия, Коми, Крым, Марий Эл, Мордовия, Саха (Якутия), Северная Осетия-Алания, Татарстан, Тыва (Тува), Удмуртия, Хакасия, Чечня, Чувашия, Алтайский край, Забайкальский край, Камчатский край, Краснодарский край, Красноярский край, Пермский край, Приморский край, Ставропольский край, Хабаровский край, Амурская область, Архангельская область, Астраханская область, Белгородская область, Брянская область, Владимирская область, Волгоградская область, Вологодская область, Воронежская область, Ивановская область, Иркутская область, Калининградская область, Калужская область, Кемеровская область, Кировская область, Костромская область, Курганская область, Курская область, Ленинградская область, Липецкая область, Магаданская область, Московская область, Мурманская область, Нижегородская область, Новгородская область, Новосибирская область, Омская область, Оренбургская область, Орловская область, Пензенская область, Псковская область, Ростовская область, Рязанская область, Самарская область, Саратовская область, Сахалинская область, Свердловская область, Смоленская область, Тамбовская область, Тверская область, Томская область, Тульская область, Тюменская область, Ульяновская область, Челябинская область, Ярославская область, г. Москва, г. Санкт-Петербург, г. Севастополь, Еврейская АО, Ненецкий АО, Ханты-Мансийский АО-Югра, Чукотский АО, Ямало-Ненецкий АО.</address>
                            </deliveryPlace>
                            <lotItems>
                                <newCodes>true</newCodes>
                                <lotItem>
                                    <guid>1d4aba37-7b7a-4ad3-91b8-e827ea15d207</guid>
                                    <ordinalNumber>1</ordinalNumber>
                                    <okpd2>
                                        <code>63.9</code>
                                        <name>Услуги информационные прочие</name>
                                    </okpd2>
                                    <okved2>
                                        <code>63.9</code>
                                        <name>Деятельность в области информационных услуг прочая</name>
                                    </okved2>
                                    <okei>
                                        <code>839</code>
                                        <name>Комплект</name>
                                    </okei>
                                    <qty>1</qty>
                                </lotItem>
                            </lotItems>
                            <forSmallOrMiddle>false</forSmallOrMiddle>
                            <excludePurchaseFromPlan>false</excludePurchaseFromPlan>
                            <subcontractorsRequirement>false</subcontractorsRequirement>
                            <ignoredPurchase>false</ignoredPurchase>
                            <centralized>false</centralized>
                        </lotData>
                        <deliveryPlaceIndication>GL</deliveryPlaceIndication>
                        <jointLotData>
                            <jointLot>false</jointLot>
                        </jointLotData>
                        <lotPlanInfo>
                            <planRegistrationNumber>2160189434</planRegistrationNumber>
                            <planGuid>93e341ae-b847-4eda-bcfb-02a59a9b237e</planGuid>
                            <positionNumber>3392</positionNumber>
                            <lotPlanPosition>COMMODITY</lotPlanPosition>
                            <positionGuid>3a8e4d29-38c2-4b0c-a24f-93a54e4c1629</positionGuid>
                        </lotPlanInfo>
                        <cancelled>false</cancelled>
                    </lot>
                </ns2:lots>
            </ns2:purchaseNoticeData>
        </ns2:item>
    </ns2:body>
</ns2:purchaseNotice>
