<?xml version="1.0" encoding="UTF-8" standalone="yes"?>
<ns2:purchaseNotice xsi:schemaLocation="http://zakupki.gov.ru/223/integration/schema/TFF-5.2 http://zakupki.gov.ru/223/integration/schema/TFF-5.2/purchase.xsd" xmlns="http://zakupki.gov.ru/223fz/types/1" xmlns:ns10="http://zakupki.gov.ru/223fz/purchasePlan/1" xmlns:ns11="http://zakupki.gov.ru/223fz/purchasePlanProject/1" xmlns:ns12="http://zakupki.gov.ru/223fz/purchasePlanProjectAdditionalPosition/1" xmlns:ns13="http://zakupki.gov.ru/223fz/contract/1" xmlns:ns14="http://zakupki.gov.ru/223fz/missedNotice/1" xmlns:ns15="http://zakupki.gov.ru/223fz/reference/1" xmlns:ns16="http://zakupki.gov.ru/223fz/stopCommodity/1" xmlns:ns17="http://zakupki.gov.ru/223fz/decisionSuspension/1" xmlns:ns18="http://zakupki.gov.ru/223fz/purchasePlanAdditionalPosition/1" xmlns:ns19="http://zakupki.gov.ru/223fz/webRequest/1" xmlns:ns2="http://zakupki.gov.ru/223fz/purchase/1" xmlns:xsi="http://www.w3.org/2001/XMLSchema-instance" xmlns:ns3="http://zakupki.gov.ru/223fz/dishonestSupplier/1" xmlns:ns4="http://zakupki.gov.ru/223fz/machineryListInfo/1" xmlns:ns5="http://zakupki.gov.ru/223fz/revenue/1" xmlns:ns6="http://zakupki.gov.ru/223fz/orderClauseList/1" xmlns:ns7="http://zakupki.gov.ru/223fz/disagreementProtocol/1" xmlns:ns8="http://zakupki.gov.ru/223fz/complaint/1" xmlns:ns9="http://zakupki.gov.ru/223fz/notificationIssue/1">
    <header>
        <guid>b0a1a9ac-fe48-4c54-a892-4200f408a9bb</guid>
        <createDateTime>2017-03-16T17:45:55</createDateTime>
    </header>
    <ns2:body>
        <ns2:item>
            <guid>4313f8b1-ea8b-4b1e-a313-16143a2a226f</guid>
            <ns2:purchaseNoticeData>
                <ns2:guid>4313f8b1-ea8b-4b1e-a313-16143a2a226f</ns2:guid>
                <ns2:createDateTime>2017-03-16T17:44:14</ns2:createDateTime>
                <ns2:urlOOS>https://zakupki.gov.ru/223/purchase/private/purchase/notice-info/details.html?noticeInfoId=5888146</ns2:urlOOS>
                <ns2:urlVSRZ>http://web.etprf.ru/Reduction/Print/id/10950</ns2:urlVSRZ>
                <ns2:registrationNumber>31704894598</ns2:registrationNumber>
                <ns2:name>0833-00131 Поставка канцелярских и хозяйственных товаров</ns2:name>
                <ns2:customer>
                    <mainInfo>
                        <fullName>АКЦИОНЕРНОЕ ОБЩЕСТВО "НАУЧНО-ПРОИЗВОДСТВЕННОЕ ПРЕДПРИЯТИЕ "ДЕЛЬТА"</fullName>
                        <shortName>АО "НПП "ДЕЛЬТА"</shortName>
                        <iko>57743867685774301001</iko>
                        <inn>7743867685</inn>
                        <kpp>774301001</kpp>
                        <ogrn>1127747075895</ogrn>
                        <legalAddress>127299, г МОСКВА, ул КЛАРЫ ЦЕТКИН, дом 18</legalAddress>
                        <postalAddress>127299, Москва, Клары Цеткин, дом 18</postalAddress>
                        <phone>8-499-1535641</phone>
                        <fax>8-495-4502495</fax>
                        <email>otzddelta@mail.ru</email>
                        <okato>45277580000</okato>
                        <okpo>07518800</okpo>
                    </mainInfo>
                </ns2:customer>
                <ns2:purchaseMethodCode>109849</ns2:purchaseMethodCode>
                <ns2:purchaseCodeName>Аукцион в электронной форме</ns2:purchaseCodeName>
                <ns2:placer>
                    <mainInfo>
                        <fullName>ОБЩЕСТВО С ОГРАНИЧЕННОЙ ОТВЕТСТВЕННОСТЬЮ "ЭТП"</fullName>
                        <shortName>ООО "ЭТП"</shortName>
                        <iko>51655218458165501001</iko>
                        <inn>1655218458</inn>
                        <kpp>165501001</kpp>
                        <ogrn>1111690052099</ogrn>
                        <legalAddress>420097, РЕСП ТАТАРСТАН, Г КАЗАНЬ, УЛ ДОСТОЕВСКОГО, дом 66</legalAddress>
                        <postalAddress>420097, Казань Город, Достоевского Улица, 66</postalAddress>
                        <phone>8-800-7000369</phone>
                        <email>funky-b@inbox.ru</email>
                        <okato>92401367000</okato>
                        <okpo>92272054</okpo>
                    </mainInfo>
                </ns2:placer>
                <ns2:contact>
                    <firstName>Елена</firstName>
                    <middleName>Юрьевна</middleName>
                    <lastName>Беляева</lastName>
                    <phone>+8 (499) 1535641</phone>
                    <email>otzd@nppdelta.ru</email>
                    <organization>
                        <mainInfo>
                            <fullName>АКЦИОНЕРНОЕ ОБЩЕСТВО "НАУЧНО-ПРОИЗВОДСТВЕННОЕ ПРЕДПРИЯТИЕ "ДЕЛЬТА"</fullName>
                            <shortName>АО "НПП "ДЕЛЬТА"</shortName>
                            <iko>57743867685774301001</iko>
                            <inn>7743867685</inn>
                            <kpp>774301001</kpp>
                            <ogrn>1127747075895</ogrn>
                            <legalAddress>127299, г МОСКВА, ул КЛАРЫ ЦЕТКИН, дом 18</legalAddress>
                            <postalAddress>127299, Москва, Клары Цеткин, дом 18</postalAddress>
                            <phone>8-499-1535641</phone>
                            <fax>8-495-4502495</fax>
                            <email>otzddelta@mail.ru</email>
                            <okato>45277580000</okato>
                            <okpo>07518800</okpo>
                        </mainInfo>
                    </organization>
                </ns2:contact>
                <ns2:publicationDateTime>2017-03-16T17:45:55</ns2:publicationDateTime>
                <ns2:documentationDelivery>
                    <deliveryStartDateTime>2017-03-16</deliveryStartDateTime>
                    <deliveryEndDateTime>2017-04-06</deliveryEndDateTime>
                    <place>Согласно документации</place>
                    <procedure>Согласно документации</procedure>
                </ns2:documentationDelivery>
                <ns2:status>P</ns2:status>
                <ns2:version>2</ns2:version>
                <ns2:modificationDescription>16. Место и дата рассмотрения вторых частей заявок (подведения итогов закупки): «12» апреля 2017 года по адресу: 127299, г. Москва, ул. Клары Цеткин, д.18.</ns2:modificationDescription>
                <ns2:notDishonest>true</ns2:notDishonest>
                <ns2:attachments>
                    <totalDocumentsCount>5</totalDocumentsCount>
                    <document>
                        <guid>831085fc-3d19-45d4-95d7-fbe16cb43188</guid>
                        <createDateTime>2017-03-14T17:02:29</createDateTime>
                        <fileName>Приложение 1 (Проект договора).docx</fileName>
                        <description>Приложение 1 (Проект договора)</description>
                        <url>http://zakupki.gov.ru/223/purchase/public/download/download.html?id=30119879</url>
                    </document>
                    <document>
                        <guid>e9564f93-bc95-4545-9d54-d6fc32280c7a</guid>
                        <createDateTime>2017-03-14T17:02:38</createDateTime>
                        <fileName>Приложение 2(Техническое задание).docx</fileName>
                        <description>Приложение 2(Техническое задание)</description>
                        <url>http://zakupki.gov.ru/223/purchase/public/download/download.html?id=30119880</url>
                    </document>
                    <document>
                        <guid>4d45761c-eb63-4042-b472-7c26378f163b</guid>
                        <createDateTime>2017-03-15T15:11:23</createDateTime>
                        <fileName>Извещение+Документация о закупке на поставку канцелярских и хозяйственных товаров.docx</fileName>
                        <description>Извещение+Документация о закупке на поставку канцелярских и хозяйственных товаров</description>
                        <url>http://zakupki.gov.ru/223/purchase/public/download/download.html?id=30119881</url>
                    </document>
                    <document>
                        <guid>a394713a-c5fe-4e0f-a6fc-63b01070facb</guid>
                        <createDateTime>2017-03-16T16:24:06</createDateTime>
                        <fileName>Перечень изменений.docx</fileName>
                        <description>Перечень изменений</description>
                        <url>http://zakupki.gov.ru/223/purchase/public/download/download.html?id=30119882</url>
                    </document>
                    <document>
                        <guid>23a89ca7-63e9-479c-b193-9773a96c1f9e</guid>
                        <createDateTime>2017-03-16T16:24:21</createDateTime>
                        <fileName>Извещение+Документация о закупке на поставку канцелярских и хозяйственных товаров (внесенные изменения).docx</fileName>
                        <description>Извещение+Документация о закупке на поставку канцелярских и хозяйственных товаров (внесенные изменения)</description>
                        <url>http://zakupki.gov.ru/223/purchase/public/download/download.html?id=30119883</url>
                    </document>
                </ns2:attachments>
                <ns2:modificationDate>2017-03-16T17:45:55</ns2:modificationDate>
                <ns2:saveUserId>34227</ns2:saveUserId>
                <ns2:deliveryPlaceIndication>SINGLE_PLACE</ns2:deliveryPlaceIndication>
                <ns2:emergency>false</ns2:emergency>
                <ns2:jointPurchase>false</ns2:jointPurchase>
                <ns2:electronicPlaceInfo>
                    <name>ETPRF</name>
                    <url>http://etprf.ru</url>
                    <electronicPlaceId>142</electronicPlaceId>
                </ns2:electronicPlaceInfo>
                <ns2:submissionCloseDateTime>2017-04-06T09:00:00</ns2:submissionCloseDateTime>
                <ns2:publicationPlannedDate>2017-03-16</ns2:publicationPlannedDate>
                <ns2:templateVersion>1</ns2:templateVersion>
                <ns2:templateStructure>
                    <ns2:level>
                        <ns2:tabLevel>NOTICE</ns2:tabLevel>
                        <ns2:tab>
                            <tabOrdinal>1</tabOrdinal>
                            <tabName>Общая информация</tabName>
                            <fixedName>MAIN</fixedName>
                            <section>
                                <sectionOrdinal>1</sectionOrdinal>
                                <sectionName>Сведения о состоянии извещения</sectionName>
                                <fixedName>MAIN_STATUS</fixedName>
                            </section>
                            <section>
                                <sectionOrdinal>2</sectionOrdinal>
                                <sectionName>Сведения о заказчике</sectionName>
                                <fixedName>MAIN_CUSTOMER</fixedName>
                            </section>
                            <section>
                                <sectionOrdinal>3</sectionOrdinal>
                                <sectionName>Общие сведения о закупке</sectionName>
                                <fixedName>MAIN_PURCHASE</fixedName>
                            </section>
                            <section>
                                <sectionOrdinal>4</sectionOrdinal>
                                <sectionName>Контактная информация</sectionName>
                                <fixedName>MAIN_CONTACTS</fixedName>
                            </section>
                        </ns2:tab>
                        <ns2:tab>
                            <tabOrdinal>2</tabOrdinal>
                            <tabName>Порядок размещения закупки</tabName>
                            <fixedName>COMMISSION</fixedName>
                            <section>
                                <sectionOrdinal>1</sectionOrdinal>
                                <sectionName>Публикация извещения</sectionName>
                                <fixedName>COMMISSION_PUBLISH</fixedName>
                            </section>
                        </ns2:tab>
                        <ns2:tab>
                            <tabOrdinal>3</tabOrdinal>
                            <tabName>Список лотов</tabName>
                            <fixedName>LOTS</fixedName>
                            <section>
                                <sectionOrdinal>1</sectionOrdinal>
                                <sectionName>Сведения о лотах</sectionName>
                                <fixedName>LOTS_INFO</fixedName>
                            </section>
                        </ns2:tab>
                        <ns2:tab>
                            <tabOrdinal>6</tabOrdinal>
                            <tabName>Документация</tabName>
                            <fixedName>DOCS</fixedName>
                            <section>
                                <sectionOrdinal>1</sectionOrdinal>
                                <sectionName>Предоставление документации</sectionName>
                                <fixedName>DOCS_INFO</fixedName>
                            </section>
                            <section>
                                <sectionOrdinal>2</sectionOrdinal>
                                <sectionName>Файлы документации</sectionName>
                                <fixedName>DOCS_FILES</fixedName>
                            </section>
                        </ns2:tab>
                    </ns2:level>
                    <ns2:level>
                        <ns2:tabLevel>LOT</ns2:tabLevel>
                        <ns2:tab>
                            <tabOrdinal>4</tabOrdinal>
                            <tabName>Сведения о лоте</tabName>
                            <fixedName>LOT_INFORMATION</fixedName>
                            <section>
                                <sectionOrdinal>1</sectionOrdinal>
                                <sectionName>Общая информация о лоте</sectionName>
                                <fixedName>LOT_INFO</fixedName>
                            </section>
                            <section>
                                <sectionOrdinal>2</sectionOrdinal>
                                <sectionName>Информация о товаре, работе, услуге</sectionName>
                                <fixedName>LOT_GOODS</fixedName>
                            </section>
                            <section>
                                <sectionOrdinal>3</sectionOrdinal>
                                <sectionName>Место поставки</sectionName>
                                <fixedName>LOT_PLACE</fixedName>
                            </section>
                        </ns2:tab>
                    </ns2:level>
                    <ns2:level>
                        <ns2:tabLevel>LOT_CUSTOMER</ns2:tabLevel>
                        <ns2:tab>
                            <tabOrdinal>5</tabOrdinal>
                            <tabName>Сведения по заказчику</tabName>
                            <fixedName>LOT_CUSTOMER</fixedName>
                            <section>
                                <sectionOrdinal>1</sectionOrdinal>
                                <sectionName>Общая информация по Заказчику</sectionName>
                                <fixedName>LOT_CUSTOMER_INFO</fixedName>
                            </section>
                            <section>
                                <sectionOrdinal>2</sectionOrdinal>
                                <sectionName>Информация о товаре, работе, услуге</sectionName>
                                <fixedName>LOT_CUSTOMER_GOODS</fixedName>
                            </section>
                            <section>
                                <sectionOrdinal>3</sectionOrdinal>
                                <sectionName>Место поставки</sectionName>
                                <fixedName>LOT_CUSTOMER_PLACE</fixedName>
                            </section>
                        </ns2:tab>
                    </ns2:level>
                </ns2:templateStructure>
                <ns2:extendFields>
                    <noticeExtendField>
                        <extendField>
                            <integrCode>a</integrCode>
                            <description>Официальный сайт</description>
                            <type>LINK</type>
                            <value>
                                <url>ООО "ЭТП", www.etprf.ru </url>
                            </value>
                        </extendField>
                        <position>
                            <tabOrdinal>1</tabOrdinal>
                            <tabName>MAIN</tabName>
                            <sectionOrdinal>2</sectionOrdinal>
                            <sectionName>MAIN_SEC_Сведения о заказчике</sectionName>
                        </position>
                    </noticeExtendField>
                    <noticeExtendField>
                        <extendField>
                            <integrCode>b</integrCode>
                            <description>Организатор закупки</description>
                            <type>TEXT</type>
                            <value>
                                <text>АО "НПП "Дельта" </text>
                            </value>
                        </extendField>
                        <extendField>
                            <integrCode>c</integrCode>
                            <description>Специализированная организация</description>
                            <type>TEXT</type>
                            <value>
                                <text>не привлекается </text>
                            </value>
                        </extendField>
                        <extendField>
                            <integrCode>e</integrCode>
                            <description>Обеспечение заявки</description>
                            <type>TEXT</type>
                            <value>
                                <text>36000рублей</text>
                            </value>
                        </extendField>
                        <extendField>
                            <integrCode>j</integrCode>
                            <description>Срок заключения договора</description>
                            <type>TEXT</type>
                            <value>
                                <text>не ранее 10 (десяти) дней и не позднее 20 (двадцати) дней  после официального размещения протокола, которым были подведены итоги закупки.</text>
                            </value>
                        </extendField>
                        <extendField>
                            <integrCode>k</integrCode>
                            <description>Срок отказа от проведения закупки</description>
                            <type>TEXT</type>
                            <value>
                                <text>Организатор закупки вправе отказаться от проведения закупки без каких-либо последствий в любой момент до подведения ее итогов.</text>
                            </value>
                        </extendField>
                        <extendField>
                            <integrCode>l</integrCode>
                            <description>Дополнительные комментарии</description>
                            <type>TEXT</type>
                            <value>
                                <text>нет</text>
                            </value>
                        </extendField>
                        <position>
                            <tabOrdinal>1</tabOrdinal>
                            <tabName>MAIN</tabName>
                            <sectionOrdinal>3</sectionOrdinal>
                            <sectionName>MAIN_SEC_Общие сведения о закупке</sectionName>
                        </position>
                    </noticeExtendField>
                    <noticeExtendField>
                        <extendField>
                            <integrCode>d</integrCode>
                            <description>Место подачи заявок</description>
                            <type>TEXT</type>
                            <value>
                                <text>ЭТП в информационно-коммуникационной сети «Интернет»: www.etprf.ru</text>
                            </value>
                        </extendField>
                        <extendField>
                            <integrCode>f</integrCode>
                            <description>Место и дата рассмотрения первых частей заявок</description>
                            <type>TEXT</type>
                            <value>
                                <text>07 апреля 2017 по адресу: 127299, Москва, Клары Цеткин, дом 18 </text>
                            </value>
                        </extendField>
                        <extendField>
                            <integrCode>g</integrCode>
                            <description>Место, дата и время начала проведения аукциона</description>
                            <type>TEXT</type>
                            <value>
                                <text>10 апреля 2017 в 10-00 по адресу: 127299, Москва, Клары Цеткин, дом 18 </text>
                            </value>
                        </extendField>
                        <extendField>
                            <integrCode>h</integrCode>
                            <description>Место и дата рассмотрения вторых частей заявок (подведения итогов закупки)</description>
                            <type>TEXT</type>
                            <value>
                                <text>12 апреля  в 10-00 2017  по адресу: 127299, Москва, Клары Цеткин, дом 18 </text>
                            </value>
                        </extendField>
                        <position>
                            <tabOrdinal>2</tabOrdinal>
                            <tabName>COMMISSION</tabName>
                            <sectionOrdinal>1</sectionOrdinal>
                            <sectionName>COMISSION_SEC_Публикация извещения</sectionName>
                        </position>
                    </noticeExtendField>
                </ns2:extendFields>
                <ns2:lots>
                    <lot>
                        <guid>4313f8b1-ea8b-4b1e-a313-16143a2a226f</guid>
                        <ordinalNumber>1</ordinalNumber>
                        <lotEditEnabled>false</lotEditEnabled>
                        <lotData>
                            <subject>0833-00131 Поставка канцелярских и хозяйственных товаров</subject>
                            <currency>
                                <code>RUB</code>
                                <digitalCode>643</digitalCode>
                                <name>Российский рубль</name>
                            </currency>
                            <initialSum>1226400.00</initialSum>
                            <deliveryPlace>
                                <address>Склад АО «НПП «Дельта», 127299, г. Москва, ул. Клары Цеткин, д.18.</address>
                            </deliveryPlace>
                            <lotItems>
                                <newCodes>true</newCodes>
                                <lotItem>
                                    <guid>03d80171-8218-4e37-9e50-367030d81ede</guid>
                                    <ordinalNumber>1</ordinalNumber>
                                    <okpd2>
                                        <code>46.49</code>
                                        <name>Услуги по оптовой торговле прочими бытовыми товарами</name>
                                    </okpd2>
                                    <okved2>
                                        <code>46.49.33</code>
                                        <name>Торговля оптовая писчебумажными и канцелярскими товарами</name>
                                    </okved2>
                                    <okei>
                                        <code>796</code>
                                        <name>Штука</name>
                                    </okei>
                                    <qty>26151</qty>
                                </lotItem>
                            </lotItems>
                            <forSmallOrMiddle>false</forSmallOrMiddle>
                            <excludePurchaseFromPlan>false</excludePurchaseFromPlan>
                            <subcontractorsRequirement>false</subcontractorsRequirement>
                            <ignoredPurchase>false</ignoredPurchase>
                            <centralized>false</centralized>
                        </lotData>
                        <deliveryPlaceIndication>GL</deliveryPlaceIndication>
                        <jointLotData>
                            <jointLot>false</jointLot>
                        </jointLotData>
                        <lotPlanInfo>
                            <planRegistrationNumber>2170222897</planRegistrationNumber>
                            <planGuid>955045fa-1016-4ac6-b625-d065ea1b07d6</planGuid>
                            <positionNumber>131</positionNumber>
                            <lotPlanPosition>COMMODITY</lotPlanPosition>
                            <positionGuid>c74998a8-944d-4a04-a680-93310a63ba1b</positionGuid>
                        </lotPlanInfo>
                        <cancelled>false</cancelled>
                    </lot>
                </ns2:lots>
            </ns2:purchaseNoticeData>
        </ns2:item>
    </ns2:body>
</ns2:purchaseNotice>
