<?xml version="1.0" encoding="UTF-8" standalone="yes"?>
<ns2:purchaseNotice xsi:schemaLocation="http://zakupki.gov.ru/223/integration/schema/TFF-5.2 http://zakupki.gov.ru/223/integration/schema/TFF-5.2/purchase.xsd" xmlns="http://zakupki.gov.ru/223fz/types/1" xmlns:ns10="http://zakupki.gov.ru/223fz/purchasePlan/1" xmlns:ns11="http://zakupki.gov.ru/223fz/purchasePlanProject/1" xmlns:ns12="http://zakupki.gov.ru/223fz/purchasePlanProjectAdditionalPosition/1" xmlns:ns13="http://zakupki.gov.ru/223fz/contract/1" xmlns:ns14="http://zakupki.gov.ru/223fz/missedNotice/1" xmlns:ns15="http://zakupki.gov.ru/223fz/reference/1" xmlns:ns16="http://zakupki.gov.ru/223fz/stopCommodity/1" xmlns:ns17="http://zakupki.gov.ru/223fz/decisionSuspension/1" xmlns:ns18="http://zakupki.gov.ru/223fz/purchasePlanAdditionalPosition/1" xmlns:ns19="http://zakupki.gov.ru/223fz/webRequest/1" xmlns:ns2="http://zakupki.gov.ru/223fz/purchase/1" xmlns:xsi="http://www.w3.org/2001/XMLSchema-instance" xmlns:ns3="http://zakupki.gov.ru/223fz/dishonestSupplier/1" xmlns:ns4="http://zakupki.gov.ru/223fz/machineryListInfo/1" xmlns:ns5="http://zakupki.gov.ru/223fz/revenue/1" xmlns:ns6="http://zakupki.gov.ru/223fz/orderClauseList/1" xmlns:ns7="http://zakupki.gov.ru/223fz/disagreementProtocol/1" xmlns:ns8="http://zakupki.gov.ru/223fz/complaint/1" xmlns:ns9="http://zakupki.gov.ru/223fz/notificationIssue/1">
    <header>
        <guid>48f11d28-fc98-445c-9776-9c08a9e8fb4c</guid>
        <createDateTime>2017-03-16T17:58:30</createDateTime>
    </header>
    <ns2:body>
        <ns2:item>
            <guid>2a6f8ad5-a963-4358-91ca-24736c304654</guid>
            <ns2:purchaseNoticeData>
                <ns2:guid>2a6f8ad5-a963-4358-91ca-24736c304654</ns2:guid>
                <ns2:createDateTime>2017-03-16T17:57:01</ns2:createDateTime>
                <ns2:urlOOS>https://zakupki.gov.ru/223/purchase/private/purchase/notice-info/details.html?noticeInfoId=5888212</ns2:urlOOS>
                <ns2:urlVSRZ>http://utp.sberbank-ast.ru/Trade/NBT/PurchaseView/41/0/0/228829</ns2:urlVSRZ>
                <ns2:registrationNumber>31704899840</ns2:registrationNumber>
                <ns2:name>Поставка серверного оборудования и ПО</ns2:name>
                <ns2:customer>
                    <mainInfo>
                        <fullName>ФЕДЕРАЛЬНОЕ КАЗЕННОЕ ПРЕДПРИЯТИЕ "НАУЧНО-ПРОИЗВОДСТВЕННЫЙ ЦЕНТР "ДЕЛЬТА"</fullName>
                        <shortName>ФКП "НПЦ "ДЕЛЬТА"</shortName>
                        <iko>57728294920772801001</iko>
                        <inn>7728294920</inn>
                        <kpp>772801001</kpp>
                        <ogrn>1037728034475</ogrn>
                        <legalAddress>119571, Г МОСКВА, ПР-КТ ЛЕНИНСКИЙ, дом 119, корпус 1</legalAddress>
                        <postalAddress>125195, Москва город, Фестивальная улица, дом 47, корпус a</postalAddress>
                        <phone>7-499-4580690</phone>
                        <fax>7-499-4580690</fax>
                        <email>npc_delta@mail.ru</email>
                        <okato>45293578000</okato>
                        <okpo>08891725</okpo>
                    </mainInfo>
                </ns2:customer>
                <ns2:purchaseMethodCode>5621</ns2:purchaseMethodCode>
                <ns2:purchaseCodeName>СБ-АСТ: Открытый аукцион в электронной форме</ns2:purchaseCodeName>
                <ns2:placer>
                    <mainInfo>
                        <fullName>Закрытое акционерное общество "Сбербанк-Автоматизированная система торгов"</fullName>
                        <shortName>ЗАО "Сбербанк-АСТ"</shortName>
                        <iko>67707308480770701001</iko>
                        <inn>7707308480</inn>
                        <kpp>770701001</kpp>
                        <ogrn>1027707000441</ogrn>
                        <legalAddress>127055, Москва, Новослободская, дом 24, корпус СТР.2</legalAddress>
                        <postalAddress>119180, г. Москва, ул. Большая Якиманка, д. 23 </postalAddress>
                        <phone>7-495-7872997</phone>
                        <fax>7-495-7872998</fax>
                        <email>FSKordysh@sberbank-ast.ru</email>
                        <okato>45286585000</okato>
                        <okpo>58997535</okpo>
                    </mainInfo>
                </ns2:placer>
                <ns2:contact>
                    <firstName>Сковпень Николай Ильич</firstName>
                    <phone>84994580690</phone>
                    <email>npc_delta_ks@mail.ru</email>
                    <organization>
                        <mainInfo>
                            <fullName>ФЕДЕРАЛЬНОЕ КАЗЕННОЕ ПРЕДПРИЯТИЕ "НАУЧНО-ПРОИЗВОДСТВЕННЫЙ ЦЕНТР "ДЕЛЬТА"</fullName>
                            <shortName>ФКП "НПЦ "ДЕЛЬТА"</shortName>
                            <iko>57728294920772801001</iko>
                            <inn>7728294920</inn>
                            <kpp>772801001</kpp>
                            <ogrn>1037728034475</ogrn>
                            <legalAddress>119571, Г МОСКВА, ПР-КТ ЛЕНИНСКИЙ, дом 119, корпус 1</legalAddress>
                            <postalAddress>125195, Москва город, Фестивальная улица, дом 47, корпус a</postalAddress>
                            <phone>7-499-4580690</phone>
                            <fax>7-499-4580690</fax>
                            <email>npc_delta@mail.ru</email>
                            <okato>45293578000</okato>
                            <okpo>08891725</okpo>
                        </mainInfo>
                    </organization>
                </ns2:contact>
                <ns2:publicationDateTime>2017-03-16T17:58:30</ns2:publicationDateTime>
                <ns2:documentationDelivery>
                    <deliveryStartDateTime>2017-03-17</deliveryStartDateTime>
                    <deliveryEndDateTime>2017-04-07</deliveryEndDateTime>
                    <place>http://utp.sberbank-ast.ru/Trade</place>
                    <procedure>http://utp.sberbank-ast.ru/Trade</procedure>
                </ns2:documentationDelivery>
                <ns2:status>P</ns2:status>
                <ns2:version>1</ns2:version>
                <ns2:notDishonest>true</ns2:notDishonest>
                <ns2:attachments>
                    <totalDocumentsCount>1</totalDocumentsCount>
                    <document>
                        <guid>a84e470e-9b13-479b-9376-5429bc504934</guid>
                        <createDateTime>2017-03-16T17:57:02</createDateTime>
                        <fileName>Докум. АУКЦ. серверное оборуд. и ПО.doc</fileName>
                        <description>Докум. АУКЦ. серверное оборуд. и ПО.doc</description>
                        <url>http://zakupki.gov.ru/223/purchase/public/download/download.html?id=30120236</url>
                    </document>
                </ns2:attachments>
                <ns2:modificationDate>2017-03-16T17:58:30</ns2:modificationDate>
                <ns2:saveUserId>29401</ns2:saveUserId>
                <ns2:deliveryPlaceIndication>DIFFERENT_PLACE</ns2:deliveryPlaceIndication>
                <ns2:emergency>false</ns2:emergency>
                <ns2:jointPurchase>false</ns2:jointPurchase>
                <ns2:electronicPlaceInfo>
                    <name>ЗАО «Сбербанк-АСТ» (УТП)</name>
                    <url>http://utp.sberbank-ast.ru/Trade</url>
                    <electronicPlaceId>116</electronicPlaceId>
                </ns2:electronicPlaceInfo>
                <ns2:placingProcedure>
                    <ns2:examinationPlace>http://utp.sberbank-ast.ru/Trade</ns2:examinationPlace>
                    <ns2:examinationDateTime>2017-04-14T18:00:00</ns2:examinationDateTime>
                    <ns2:summingupDateTime>2017-04-24T18:00:00</ns2:summingupDateTime>
                </ns2:placingProcedure>
                <ns2:submissionCloseDateTime>2017-04-07T10:00:00</ns2:submissionCloseDateTime>
                <ns2:publicationPlannedDate>2017-03-16</ns2:publicationPlannedDate>
                <ns2:lots>
                    <lot>
                        <guid>9a2f7dfb-f754-4510-94a6-d3973fe69f70</guid>
                        <ordinalNumber>1</ordinalNumber>
                        <lotEditEnabled>true</lotEditEnabled>
                        <lotData>
                            <subject>Поставка серверного оборудования и ПО</subject>
                            <currency>
                                <code>RUB</code>
                                <digitalCode>643</digitalCode>
                                <name>Российский рубль</name>
                            </currency>
                            <initialSum>19157280.00</initialSum>
                            <deliveryPlace>
                                <address>Согласно аукционной документации</address>
                            </deliveryPlace>
                            <lotItems>
                                <newCodes>true</newCodes>
                                <lotItem>
                                    <guid>8d28000e-6784-4c7e-b298-157eeabd3800</guid>
                                    <ordinalNumber>1</ordinalNumber>
                                    <okpd2>
                                        <code>26.20.1</code>
                                        <name>Компьютеры, их части и принадлежности</name>
                                    </okpd2>
                                    <okved2>
                                        <code>26.20</code>
                                        <name>Производство компьютеров и периферийного оборудования</name>
                                    </okved2>
                                    <okei>
                                        <code>796</code>
                                        <name>Штука</name>
                                    </okei>
                                    <qty>990</qty>
                                    <additionalInfo>Поставка серверного оборудования и ПО</additionalInfo>
                                </lotItem>
                            </lotItems>
                            <forSmallOrMiddle>false</forSmallOrMiddle>
                            <excludePurchaseFromPlan>false</excludePurchaseFromPlan>
                            <subcontractorsRequirement>false</subcontractorsRequirement>
                            <ignoredPurchase>false</ignoredPurchase>
                            <centralized>false</centralized>
                        </lotData>
                        <deliveryPlaceIndication>GL</deliveryPlaceIndication>
                        <jointLotData>
                            <jointLot>false</jointLot>
                        </jointLotData>
                        <lotPlanInfo>
                            <planRegistrationNumber>2160209437</planRegistrationNumber>
                            <planGuid>6677ffc9-2b2f-4acd-9d7e-ee6ce10988ee</planGuid>
                            <positionNumber>58</positionNumber>
                            <lotPlanPosition>COMMODITY</lotPlanPosition>
                            <positionGuid>929d28a3-1512-4f81-b902-8c996235b772</positionGuid>
                        </lotPlanInfo>
                        <cancelled>false</cancelled>
                    </lot>
                </ns2:lots>
            </ns2:purchaseNoticeData>
        </ns2:item>
    </ns2:body>
</ns2:purchaseNotice>
