<?xml version="1.0" encoding="UTF-8" standalone="yes"?>
<ns2:purchaseNotice xsi:schemaLocation="http://zakupki.gov.ru/223/integration/schema/TFF-5.2 http://zakupki.gov.ru/223/integration/schema/TFF-5.2/purchase.xsd" xmlns="http://zakupki.gov.ru/223fz/types/1" xmlns:ns10="http://zakupki.gov.ru/223fz/purchasePlan/1" xmlns:ns11="http://zakupki.gov.ru/223fz/purchasePlanProject/1" xmlns:ns12="http://zakupki.gov.ru/223fz/purchasePlanProjectAdditionalPosition/1" xmlns:ns13="http://zakupki.gov.ru/223fz/contract/1" xmlns:ns14="http://zakupki.gov.ru/223fz/missedNotice/1" xmlns:ns15="http://zakupki.gov.ru/223fz/reference/1" xmlns:ns16="http://zakupki.gov.ru/223fz/stopCommodity/1" xmlns:ns17="http://zakupki.gov.ru/223fz/decisionSuspension/1" xmlns:ns18="http://zakupki.gov.ru/223fz/purchasePlanAdditionalPosition/1" xmlns:ns19="http://zakupki.gov.ru/223fz/webRequest/1" xmlns:ns2="http://zakupki.gov.ru/223fz/purchase/1" xmlns:xsi="http://www.w3.org/2001/XMLSchema-instance" xmlns:ns3="http://zakupki.gov.ru/223fz/dishonestSupplier/1" xmlns:ns4="http://zakupki.gov.ru/223fz/machineryListInfo/1" xmlns:ns5="http://zakupki.gov.ru/223fz/revenue/1" xmlns:ns6="http://zakupki.gov.ru/223fz/orderClauseList/1" xmlns:ns7="http://zakupki.gov.ru/223fz/disagreementProtocol/1" xmlns:ns8="http://zakupki.gov.ru/223fz/complaint/1" xmlns:ns9="http://zakupki.gov.ru/223fz/notificationIssue/1">
    <header>
        <guid>aa68bfc1-7ce9-4588-9ced-5cc247b2b42c</guid>
        <createDateTime>2017-03-16T17:58:19</createDateTime>
    </header>
    <ns2:body>
        <ns2:item>
            <guid>6e0b8f78-f612-456b-ab8b-dedd4e54f76a</guid>
            <ns2:purchaseNoticeData>
                <ns2:guid>6e0b8f78-f612-456b-ab8b-dedd4e54f76a</ns2:guid>
                <ns2:createDateTime>2017-03-16T17:44:52</ns2:createDateTime>
                <ns2:urlOOS>https://zakupki.gov.ru/223/purchase/private/purchase/notice-info/details.html?noticeInfoId=5888151</ns2:urlOOS>
                <ns2:registrationNumber>31704755575</ns2:registrationNumber>
                <ns2:name>1.     открытый одноэтапный конкурс безквалификационного отбора на право заключения договора на  поставку четырёх комплектов паротурбинныхустановок, запасных частей на 6 лет эксплуатации, выполнение комплексногоинжиниринга турбинного острова, оказание услуг по шеф-надзору за монтажом ипуско-наладкой паротурбинных установок, обучение персонала Инозаказчика врамках реализации проекта строительства ТЭС «Хормозган». 
</ns2:name>
                <ns2:customer>
                    <mainInfo>
                        <fullName>ОБЩЕСТВО С ОГРАНИЧЕННОЙ ОТВЕТСТВЕННОСТЬЮ "ИНЖИНИРИНГОВАЯ КОМПАНИЯ "ТЕХНОПРОМЭКСПОРТ"</fullName>
                        <shortName>ООО "ИК "ТЕХНОПРОМЭКСПОРТ"</shortName>
                        <iko>57704332728770401001</iko>
                        <inn>7704332728</inn>
                        <kpp>770401001</kpp>
                        <ogrn>1157746955882</ogrn>
                        <legalAddress>119019, г МОСКВА, ул НОВЫЙ АРБАТ, дом ДОМ 15, корпус СТРОЕНИЕ 2</legalAddress>
                        <postalAddress>119019, город Москва, улица Новый Арбат, д. 15, стр. 2</postalAddress>
                        <phone>7-495-9899765-1241</phone>
                        <email>kataev@tpe.ru</email>
                        <okato>45000000000</okato>
                        <okpo>51180707</okpo>
                    </mainInfo>
                </ns2:customer>
                <ns2:purchaseMethodCode>109843</ns2:purchaseMethodCode>
                <ns2:purchaseCodeName>Конкурс в бумажной форме</ns2:purchaseCodeName>
                <ns2:placer>
                    <mainInfo>
                        <fullName>ОБЩЕСТВО С ОГРАНИЧЕННОЙ ОТВЕТСТВЕННОСТЬЮ "ИНЖИНИРИНГОВАЯ КОМПАНИЯ "ТЕХНОПРОМЭКСПОРТ"</fullName>
                        <shortName>ООО "ИК "ТЕХНОПРОМЭКСПОРТ"</shortName>
                        <iko>57704332728770401001</iko>
                        <inn>7704332728</inn>
                        <kpp>770401001</kpp>
                        <ogrn>1157746955882</ogrn>
                        <legalAddress>119019, г МОСКВА, ул НОВЫЙ АРБАТ, дом ДОМ 15, корпус СТРОЕНИЕ 2</legalAddress>
                        <postalAddress>119019, город Москва, улица Новый Арбат, д. 15, стр. 2</postalAddress>
                        <phone>7-495-9899765-1241</phone>
                        <email>kataev@tpe.ru</email>
                        <okato>45000000000</okato>
                        <okpo>51180707</okpo>
                    </mainInfo>
                </ns2:placer>
                <ns2:contact>
                    <firstName>Ксения</firstName>
                    <middleName>Вячеславовна</middleName>
                    <lastName>Зайцева</lastName>
                    <phone>+7 (495) 9899765, доб.: 1184</phone>
                    <email>ksenia.zaytseva@tpe.ru</email>
                    <organization>
                        <mainInfo>
                            <fullName>ОБЩЕСТВО С ОГРАНИЧЕННОЙ ОТВЕТСТВЕННОСТЬЮ "ИНЖИНИРИНГОВАЯ КОМПАНИЯ "ТЕХНОПРОМЭКСПОРТ"</fullName>
                            <shortName>ООО "ИК "ТЕХНОПРОМЭКСПОРТ"</shortName>
                            <iko>57704332728770401001</iko>
                            <inn>7704332728</inn>
                            <kpp>770401001</kpp>
                            <ogrn>1157746955882</ogrn>
                            <legalAddress>119019, г МОСКВА, ул НОВЫЙ АРБАТ, дом ДОМ 15, корпус СТРОЕНИЕ 2</legalAddress>
                            <postalAddress>119019, город Москва, улица Новый Арбат, д. 15, стр. 2</postalAddress>
                            <phone>7-495-9899765-1241</phone>
                            <email>kataev@tpe.ru</email>
                            <okato>45000000000</okato>
                            <okpo>51180707</okpo>
                        </mainInfo>
                    </organization>
                </ns2:contact>
                <ns2:publicationDateTime>2017-03-16T17:58:19</ns2:publicationDateTime>
                <ns2:documentationDelivery>
                    <deliveryStartDateTime>2017-02-03</deliveryStartDateTime>
                    <deliveryEndDateTime>2017-04-10</deliveryEndDateTime>
                    <place>В соответствии с извещением</place>
                    <procedure>В соответствии с извещением</procedure>
                </ns2:documentationDelivery>
                <ns2:status>P</ns2:status>
                <ns2:version>8</ns2:version>
                <ns2:modificationDescription>Изменение сроков подачи заявок, рассмотрения, подведения итогов </ns2:modificationDescription>
                <ns2:notDishonest>false</ns2:notDishonest>
                <ns2:attachments>
                    <totalDocumentsCount>17</totalDocumentsCount>
                    <document>
                        <guid>5e2345b2-7717-4e12-b957-48db0a9d0ee8</guid>
                        <createDateTime>2017-02-03T17:30:18</createDateTime>
                        <fileName>2017-01-27_ Приложение№ 2. ТТ_Генератор_Generator requirements_RU-En.docx</fileName>
                        <description>2017-01-27_ Приложение№ 2. ТТ_Генератор_Generator requirements_RU-En</description>
                        <url>http://zakupki.gov.ru/223/purchase/public/download/download.html?id=30119872</url>
                    </document>
                    <document>
                        <guid>539e9a71-47ab-4eb4-a1c8-d8eff94e30d7</guid>
                        <createDateTime>2017-02-27T11:19:11</createDateTime>
                        <fileName>Договор 27фев2017 корр ст25,27 прил3.zip.006</fileName>
                        <description>Договор 27фев2017 корр ст25,27 прил3.zip</description>
                        <url>http://zakupki.gov.ru/223/purchase/public/download/download.html?id=30119873</url>
                    </document>
                    <document>
                        <guid>c022e5c7-c14d-41b9-b060-208931549fdb</guid>
                        <createDateTime>2017-02-03T17:30:23</createDateTime>
                        <fileName>2017-02-02a_ Приложение № 6. Требования_к_тех предложению..docx</fileName>
                        <description>2017-02-02a_ Приложение № 6. Требования_к_тех предложению.</description>
                        <url>http://zakupki.gov.ru/223/purchase/public/download/download.html?id=30119858</url>
                    </document>
                    <document>
                        <guid>35821ef3-5c1e-4b01-b81e-a8546fb37e0f</guid>
                        <createDateTime>2017-02-15T17:28:19</createDateTime>
                        <fileName>Приложение №5 . Сведения об организационной схеме изготовления оборудования.docx</fileName>
                        <description>Приложение №5 . Сведения об организационной схеме изготовления оборудования</description>
                        <url>http://zakupki.gov.ru/223/purchase/public/download/download.html?id=30119859</url>
                    </document>
                    <document>
                        <guid>284ce613-f827-46bb-a005-785350b686f1</guid>
                        <createDateTime>2017-03-09T18:20:06</createDateTime>
                        <fileName>Документация поставка турб 09мар2017.docx</fileName>
                        <description>Документация поставка турб 09мар2017</description>
                        <url>http://zakupki.gov.ru/223/purchase/public/download/download.html?id=30119860</url>
                    </document>
                    <document>
                        <guid>a99e660c-686d-42d3-be9f-19f90a3e47a7</guid>
                        <createDateTime>2017-02-03T17:30:32</createDateTime>
                        <fileName>Приложение № 7. Справка-обоснование.pdf</fileName>
                        <description>Приложение № 7. Справка-обоснование</description>
                        <url>http://zakupki.gov.ru/223/purchase/public/download/download.html?id=30119861</url>
                    </document>
                    <document>
                        <guid>3542ef92-273d-4ab0-ab9d-98058e79ae9c</guid>
                        <createDateTime>2017-03-09T18:20:11</createDateTime>
                        <fileName>Приложение №1_ТТ_ ПТУ_Steam Turbine requirements_Ru-En rev.2 09032017.docx</fileName>
                        <description>Приложение №1_ТТ_ ПТУ_Steam Turbine requirements_Ru-En rev.2 09032017</description>
                        <url>http://zakupki.gov.ru/223/purchase/public/download/download.html?id=30119862</url>
                    </document>
                    <document>
                        <guid>d2df9792-a17d-46aa-9b27-8d074205ea7e</guid>
                        <createDateTime>2017-02-27T11:14:14</createDateTime>
                        <fileName>Договор 27фев2017 корр ст25,27 прил3.zip.003</fileName>
                        <description>Договор 27фев2017 корр ст25,27 прил3.zip</description>
                        <url>http://zakupki.gov.ru/223/purchase/public/download/download.html?id=30119863</url>
                    </document>
                    <document>
                        <guid>1e6d36f1-398c-4a38-9185-43f0dd6dd999</guid>
                        <createDateTime>2017-02-27T11:12:44</createDateTime>
                        <fileName>Договор 27фев2017 корр ст25,27 прил3.zip.001</fileName>
                        <description>Договор 27фев2017 корр ст25,27 прил3.zip</description>
                        <url>http://zakupki.gov.ru/223/purchase/public/download/download.html?id=30119864</url>
                    </document>
                    <document>
                        <guid>dcb4a269-f6d2-4dd5-b1b7-2f1192075309</guid>
                        <createDateTime>2017-03-09T18:20:16</createDateTime>
                        <fileName>Банковская гарантия на обеспечение заявки.docx</fileName>
                        <description>Банковская гарантия на обеспечение заявки</description>
                        <url>http://zakupki.gov.ru/223/purchase/public/download/download.html?id=30119865</url>
                    </document>
                    <document>
                        <guid>0b866806-c6d9-4772-af73-5a2294f4bdfa</guid>
                        <createDateTime>2017-02-03T17:30:37</createDateTime>
                        <fileName>Приложение №4. Сведения о наличии производственных мощностей.docx</fileName>
                        <description>Приложение №4. Сведения о наличии производственных мощностей</description>
                        <url>http://zakupki.gov.ru/223/purchase/public/download/download.html?id=30119866</url>
                    </document>
                    <document>
                        <guid>ef07a923-e31a-45c4-8efa-8b9aa2a84e25</guid>
                        <createDateTime>2017-02-27T11:19:54</createDateTime>
                        <fileName>Договор 27фев2017 корр ст25,27 прил3.zip.007</fileName>
                        <description>Договор 27фев2017 корр ст25,27 прил3.zip</description>
                        <url>http://zakupki.gov.ru/223/purchase/public/download/download.html?id=30119867</url>
                    </document>
                    <document>
                        <guid>2b839bd1-ccbe-4ff9-9095-9e5cbf666ec3</guid>
                        <createDateTime>2017-03-16T17:56:11</createDateTime>
                        <fileName>Документация поставка турб 16мар2017.docx</fileName>
                        <description>Документация поставка турб 16мар2017</description>
                        <url>http://zakupki.gov.ru/223/purchase/public/download/download.html?id=30120220</url>
                    </document>
                    <document>
                        <guid>be04b06d-92b8-4d56-a096-2a98f8983a88</guid>
                        <createDateTime>2017-02-27T11:16:20</createDateTime>
                        <fileName>Договор 27фев2017 корр ст25,27 прил3.zip.004</fileName>
                        <description>Договор 27фев2017 корр ст25,27 прил3.zip</description>
                        <url>http://zakupki.gov.ru/223/purchase/public/download/download.html?id=30119868</url>
                    </document>
                    <document>
                        <guid>684362fd-3e1f-4c04-b0cd-1aef0286210e</guid>
                        <createDateTime>2017-02-27T11:20:18</createDateTime>
                        <fileName>Договор 27фев2017 корр ст25,27 прил3.zip.008</fileName>
                        <description>Договор 27фев2017 корр ст25,27 прил3.zip</description>
                        <url>http://zakupki.gov.ru/223/purchase/public/download/download.html?id=30119869</url>
                    </document>
                    <document>
                        <guid>77fece61-8fa1-4114-badd-ed301791ed06</guid>
                        <createDateTime>2017-02-27T11:17:19</createDateTime>
                        <fileName>Договор 27фев2017 корр ст25,27 прил3.zip.005</fileName>
                        <description>Договор 27фев2017 корр ст25,27 прил3.zip</description>
                        <url>http://zakupki.gov.ru/223/purchase/public/download/download.html?id=30119870</url>
                    </document>
                    <document>
                        <guid>00239e85-0006-4a26-822e-442c55b098dd</guid>
                        <createDateTime>2017-02-27T11:13:26</createDateTime>
                        <fileName>Договор 27фев2017 корр ст25,27 прил3.zip.002</fileName>
                        <description>Договор 27фев2017 корр ст25,27 прил3.zip</description>
                        <url>http://zakupki.gov.ru/223/purchase/public/download/download.html?id=30119871</url>
                    </document>
                </ns2:attachments>
                <ns2:modificationDate>2017-03-16T17:58:19</ns2:modificationDate>
                <ns2:saveUserId>254645</ns2:saveUserId>
                <ns2:deliveryPlaceIndication>SINGLE_PLACE</ns2:deliveryPlaceIndication>
                <ns2:emergency>false</ns2:emergency>
                <ns2:jointPurchase>false</ns2:jointPurchase>
                <ns2:submissionCloseDateTime>2017-04-10T11:00:00</ns2:submissionCloseDateTime>
                <ns2:publicationPlannedDate>2017-02-03</ns2:publicationPlannedDate>
                <ns2:templateVersion>1</ns2:templateVersion>
                <ns2:templateStructure>
                    <ns2:level>
                        <ns2:tabLevel>NOTICE</ns2:tabLevel>
                        <ns2:tab>
                            <tabOrdinal>1</tabOrdinal>
                            <tabName>Общая информация</tabName>
                            <fixedName>MAIN</fixedName>
                            <section>
                                <sectionOrdinal>1</sectionOrdinal>
                                <sectionName>Сведения о состоянии извещения</sectionName>
                                <fixedName>MAIN_STATUS</fixedName>
                            </section>
                            <section>
                                <sectionOrdinal>2</sectionOrdinal>
                                <sectionName>Сведения о заказчике</sectionName>
                                <fixedName>MAIN_CUSTOMER</fixedName>
                            </section>
                            <section>
                                <sectionOrdinal>3</sectionOrdinal>
                                <sectionName>Общие сведения о закупке</sectionName>
                                <fixedName>MAIN_PURCHASE</fixedName>
                            </section>
                            <section>
                                <sectionOrdinal>4</sectionOrdinal>
                                <sectionName>Контактная информация</sectionName>
                                <fixedName>MAIN_CONTACTS</fixedName>
                            </section>
                        </ns2:tab>
                        <ns2:tab>
                            <tabOrdinal>2</tabOrdinal>
                            <tabName>Порядок размещения закупки</tabName>
                            <fixedName>COMMISSION</fixedName>
                            <section>
                                <sectionOrdinal>1</sectionOrdinal>
                                <sectionName>Публикация извещения</sectionName>
                                <fixedName>COMMISSION_PUBLISH</fixedName>
                            </section>
                        </ns2:tab>
                        <ns2:tab>
                            <tabOrdinal>3</tabOrdinal>
                            <tabName>Список лотов</tabName>
                            <fixedName>LOTS</fixedName>
                            <section>
                                <sectionOrdinal>1</sectionOrdinal>
                                <sectionName>Сведения о лотах</sectionName>
                                <fixedName>LOTS_INFO</fixedName>
                            </section>
                        </ns2:tab>
                        <ns2:tab>
                            <tabOrdinal>6</tabOrdinal>
                            <tabName>Документация</tabName>
                            <fixedName>DOCS</fixedName>
                            <section>
                                <sectionOrdinal>1</sectionOrdinal>
                                <sectionName>Предоставление документации</sectionName>
                                <fixedName>DOCS_INFO</fixedName>
                            </section>
                            <section>
                                <sectionOrdinal>2</sectionOrdinal>
                                <sectionName>Файлы документации</sectionName>
                                <fixedName>DOCS_FILES</fixedName>
                            </section>
                        </ns2:tab>
                    </ns2:level>
                    <ns2:level>
                        <ns2:tabLevel>LOT</ns2:tabLevel>
                        <ns2:tab>
                            <tabOrdinal>4</tabOrdinal>
                            <tabName>Сведения о лоте</tabName>
                            <fixedName>LOT_INFORMATION</fixedName>
                            <section>
                                <sectionOrdinal>1</sectionOrdinal>
                                <sectionName>Общая информация о лоте</sectionName>
                                <fixedName>LOT_INFO</fixedName>
                            </section>
                            <section>
                                <sectionOrdinal>2</sectionOrdinal>
                                <sectionName>Информация о товаре, работе, услуге</sectionName>
                                <fixedName>LOT_GOODS</fixedName>
                            </section>
                            <section>
                                <sectionOrdinal>3</sectionOrdinal>
                                <sectionName>Место поставки</sectionName>
                                <fixedName>LOT_PLACE</fixedName>
                            </section>
                        </ns2:tab>
                    </ns2:level>
                    <ns2:level>
                        <ns2:tabLevel>LOT_CUSTOMER</ns2:tabLevel>
                        <ns2:tab>
                            <tabOrdinal>5</tabOrdinal>
                            <tabName>Сведения по заказчику</tabName>
                            <fixedName>LOT_CUSTOMER</fixedName>
                            <section>
                                <sectionOrdinal>1</sectionOrdinal>
                                <sectionName>Общая информация по Заказчику</sectionName>
                                <fixedName>LOT_CUSTOMER_INFO</fixedName>
                            </section>
                            <section>
                                <sectionOrdinal>2</sectionOrdinal>
                                <sectionName>Информация о товаре, работе, услуге</sectionName>
                                <fixedName>LOT_CUSTOMER_GOODS</fixedName>
                            </section>
                            <section>
                                <sectionOrdinal>3</sectionOrdinal>
                                <sectionName>Место поставки</sectionName>
                                <fixedName>LOT_CUSTOMER_PLACE</fixedName>
                            </section>
                        </ns2:tab>
                    </ns2:level>
                </ns2:templateStructure>
                <ns2:extendFields>
                    <noticeExtendField>
                        <extendField>
                            <integrCode>site</integrCode>
                            <description>Официальный сайт Заказчика</description>
                            <type>LINK</type>
                            <value>
                                <url>www.rt-ci.ru</url>
                            </value>
                        </extendField>
                        <position>
                            <tabOrdinal>1</tabOrdinal>
                            <tabName>MAIN</tabName>
                            <sectionOrdinal>2</sectionOrdinal>
                            <sectionName>MAIN_SEC_Сведения о заказчике</sectionName>
                        </position>
                    </noticeExtendField>
                    <noticeExtendField>
                        <extendField>
                            <integrCode>org</integrCode>
                            <description>Организатор закупки</description>
                            <type>TEXT</type>
                            <value>
                                <text>Функции организатора закупки выполняет Заказчик</text>
                            </value>
                        </extendField>
                        <extendField>
                            <integrCode>specorg</integrCode>
                            <description>Специализированная организация </description>
                            <type>TEXT</type>
                            <value>
                                <text>Не привлекается</text>
                            </value>
                        </extendField>
                        <extendField>
                            <integrCode>obesp</integrCode>
                            <description>Обеспечение заявки</description>
                            <type>TEXT</type>
                            <value>
                                <text>0,5 % от начальной максимальной цены договора</text>
                            </value>
                        </extendField>
                        <extendField>
                            <integrCode>srokZakl</integrCode>
                            <description>Срок заключения договора</description>
                            <type>TEXT</type>
                            <value>
                                <text>Не ранее 10 дней и не позднее 30 дней со дня официального размещения протокола, которым были подведены итоги закупки</text>
                            </value>
                        </extendField>
                        <extendField>
                            <integrCode>srokOtk</integrCode>
                            <description>Срок отказа от проведения закупки</description>
                            <type>TEXT</type>
                            <value>
                                <text>Организатор закупки вправе отказаться от проведения закупки без каких-либо последствий в любой момент до подведения ее итогов</text>
                            </value>
                        </extendField>
                        <extendField>
                            <integrCode>dop</integrCode>
                            <description>Дополнительные комментарии</description>
                            <type>TEXT</type>
                            <value>
                                <text>В соответствии с Извещением</text>
                            </value>
                        </extendField>
                        <position>
                            <tabOrdinal>1</tabOrdinal>
                            <tabName>MAIN</tabName>
                            <sectionOrdinal>3</sectionOrdinal>
                            <sectionName>MAIN_SEC_Общие сведения о закупке</sectionName>
                        </position>
                    </noticeExtendField>
                    <noticeExtendField>
                        <extendField>
                            <integrCode>placeP</integrCode>
                            <description>Место подачи заявок</description>
                            <type>TEXT</type>
                            <value>
                                <text>119019, г. Москва, ул. Новый Арбат, д. 15,стр.2.</text>
                            </value>
                        </extendField>
                        <extendField>
                            <integrCode>placeR</integrCode>
                            <description>Место и дата рассмотрения заявок</description>
                            <type>TEXT</type>
                            <value>
                                <text>«15» мая  2017 года по адресу: 119019, г. Москва, ул. Новый Арбат, д. 15,стр.2.</text>
                            </value>
                        </extendField>
                        <extendField>
                            <integrCode>placeI</integrCode>
                            <description>Место и дата оценки и сопоставления, подведения итогов закупки</description>
                            <type>TEXT</type>
                            <value>
                                <text>«22» мая 2017 года по адресу: 119019, г. Москва, ул. Новый Арбат, д. 15,стр.2.</text>
                            </value>
                        </extendField>
                        <position>
                            <tabOrdinal>2</tabOrdinal>
                            <tabName>COMMISSION</tabName>
                            <sectionOrdinal>1</sectionOrdinal>
                            <sectionName>COMISSION_SEC_Публикация извещения</sectionName>
                        </position>
                    </noticeExtendField>
                </ns2:extendFields>
                <ns2:lots>
                    <lot>
                        <guid>248b85df-5b36-4e36-92a7-b6cad6c4e329</guid>
                        <ordinalNumber>1</ordinalNumber>
                        <lotEditEnabled>false</lotEditEnabled>
                        <lotData>
                            <subject>Поставка  4-х комплектов паротурбинных установок, запасных частей на 6 лет эксплуатации, выполнение комплексного инжиниринга турбинного острова, оказание услуг по шеф-надзору за монтажом и пуско-наладкой паротурбинных установок, обучению персонала Инозаказчика в рамках реализации проекта строительства ТЭС «Хормозган»</subject>
                            <currency>
                                <code>EUR</code>
                                <digitalCode>978</digitalCode>
                                <name>Евро</name>
                            </currency>
                            <initialSum>165825400.00</initialSum>
                            <deliveryPlace>
                                <address>Исламская Республика Иран, провинция Хормозган, площадка строительства ТЭС «Хормозган» в окрестностях г. Бендер-Аббас.</address>
                            </deliveryPlace>
                            <lotItems>
                                <newCodes>true</newCodes>
                                <lotItem>
                                    <guid>1b80d5af-75ed-4f86-8118-73df71a0e3ca</guid>
                                    <ordinalNumber>1</ordinalNumber>
                                    <okpd2>
                                        <code>28.11.21.190</code>
                                        <name>Турбины паровые прочие</name>
                                    </okpd2>
                                    <okved2>
                                        <code>28.11.2</code>
                                        <name>Производство турбин</name>
                                    </okved2>
                                </lotItem>
                            </lotItems>
                            <forSmallOrMiddle>false</forSmallOrMiddle>
                            <excludePurchaseFromPlan>false</excludePurchaseFromPlan>
                            <subcontractorsRequirement>false</subcontractorsRequirement>
                            <ignoredPurchase>false</ignoredPurchase>
                            <centralized>false</centralized>
                        </lotData>
                        <deliveryPlaceIndication>GL</deliveryPlaceIndication>
                        <jointLotData>
                            <jointLot>false</jointLot>
                        </jointLotData>
                        <lotPlanInfo>
                            <planRegistrationNumber>2160202897</planRegistrationNumber>
                            <planGuid>bd7880af-e439-45b9-84e7-26904fa2d1e4</planGuid>
                            <positionNumber>24</positionNumber>
                            <lotPlanPosition>COMMODITY</lotPlanPosition>
                            <positionGuid>dd699f66-e88f-4887-868d-565d0dcb1b00</positionGuid>
                        </lotPlanInfo>
                        <cancelled>false</cancelled>
                    </lot>
                </ns2:lots>
            </ns2:purchaseNoticeData>
        </ns2:item>
    </ns2:body>
</ns2:purchaseNotice>
