<?xml version="1.0" encoding="UTF-8" standalone="yes"?>
<ns2:purchaseNotice xsi:schemaLocation="http://zakupki.gov.ru/223/integration/schema/TFF-5.2 http://zakupki.gov.ru/223/integration/schema/TFF-5.2/purchase.xsd" xmlns="http://zakupki.gov.ru/223fz/types/1" xmlns:ns10="http://zakupki.gov.ru/223fz/purchasePlan/1" xmlns:ns11="http://zakupki.gov.ru/223fz/purchasePlanProject/1" xmlns:ns12="http://zakupki.gov.ru/223fz/purchasePlanProjectAdditionalPosition/1" xmlns:ns13="http://zakupki.gov.ru/223fz/contract/1" xmlns:ns14="http://zakupki.gov.ru/223fz/missedNotice/1" xmlns:ns15="http://zakupki.gov.ru/223fz/reference/1" xmlns:ns16="http://zakupki.gov.ru/223fz/stopCommodity/1" xmlns:ns17="http://zakupki.gov.ru/223fz/decisionSuspension/1" xmlns:ns18="http://zakupki.gov.ru/223fz/purchasePlanAdditionalPosition/1" xmlns:ns19="http://zakupki.gov.ru/223fz/webRequest/1" xmlns:ns2="http://zakupki.gov.ru/223fz/purchase/1" xmlns:xsi="http://www.w3.org/2001/XMLSchema-instance" xmlns:ns3="http://zakupki.gov.ru/223fz/dishonestSupplier/1" xmlns:ns4="http://zakupki.gov.ru/223fz/machineryListInfo/1" xmlns:ns5="http://zakupki.gov.ru/223fz/revenue/1" xmlns:ns6="http://zakupki.gov.ru/223fz/orderClauseList/1" xmlns:ns7="http://zakupki.gov.ru/223fz/disagreementProtocol/1" xmlns:ns8="http://zakupki.gov.ru/223fz/complaint/1" xmlns:ns9="http://zakupki.gov.ru/223fz/notificationIssue/1">
    <header>
        <guid>e8a8528c-2cbb-4cac-9d89-7f54bddfeec5</guid>
        <createDateTime>2017-03-16T17:00:51</createDateTime>
    </header>
    <ns2:body>
        <ns2:item>
            <guid>31e0cc73-7870-4156-b229-b52b09595435</guid>
            <ns2:purchaseNoticeData>
                <ns2:guid>31e0cc73-7870-4156-b229-b52b09595435</ns2:guid>
                <ns2:createDateTime>2017-03-16T16:50:13</ns2:createDateTime>
                <ns2:urlOOS>https://zakupki.gov.ru/223/purchase/private/purchase/notice-info/details.html?noticeInfoId=5887714</ns2:urlOOS>
                <ns2:registrationNumber>31704840094</ns2:registrationNumber>
                <ns2:name>Открытый конкурс в электронной форме № 299/ОКЭ-РЖДС/17 на право заключения договоров поставки металлопроката и метизной продукции для нужд ОАО«РЖД»</ns2:name>
                <ns2:customer>
                    <mainInfo>
                        <fullName>ОТКРЫТОЕ АКЦИОНЕРНОЕ ОБЩЕСТВО "РОССИЙСКИЕ ЖЕЛЕЗНЫЕ ДОРОГИ"</fullName>
                        <shortName>ОАО "РЖД"</shortName>
                        <iko>57708503727770801001</iko>
                        <inn>7708503727</inn>
                        <kpp>770801001</kpp>
                        <ogrn>1037739877295</ogrn>
                        <legalAddress>107174, Г МОСКВА, УЛ БАСМАННАЯ НОВ., дом ДОМ 2</legalAddress>
                        <postalAddress>107174, Москва Город, Басманная Нов. Улица, дом 2</postalAddress>
                        <phone>7-499-2621002</phone>
                        <fax>7-499-2629095</fax>
                        <email>BelozerovOlVal@yandex.ru</email>
                        <okato>45286555000</okato>
                        <okpo>00083262</okpo>
                    </mainInfo>
                </ns2:customer>
                <ns2:purchaseMethodCode>95162</ns2:purchaseMethodCode>
                <ns2:purchaseCodeName>Открытый конкурс в электронной форме (по Положению ОАО "РЖД")</ns2:purchaseCodeName>
                <ns2:placer>
                    <mainInfo>
                        <fullName>ОТКРЫТОЕ АКЦИОНЕРНОЕ ОБЩЕСТВО "РОССИЙСКИЕ ЖЕЛЕЗНЫЕ ДОРОГИ"</fullName>
                        <shortName>ОАО "РЖД"</shortName>
                        <iko>57708503727770801001</iko>
                        <inn>7708503727</inn>
                        <kpp>770801001</kpp>
                        <ogrn>1037739877295</ogrn>
                        <legalAddress>107174, Г МОСКВА, УЛ БАСМАННАЯ НОВ., дом ДОМ 2</legalAddress>
                        <postalAddress>107174, Москва Город, Басманная Нов. Улица, дом 2</postalAddress>
                        <phone>7-499-2621002</phone>
                        <fax>7-499-2629095</fax>
                        <email>BelozerovOlVal@yandex.ru</email>
                        <okato>45286555000</okato>
                        <okpo>00083262</okpo>
                    </mainInfo>
                </ns2:placer>
                <ns2:contact>
                    <lastName>Комиссарова Светлана Сергеевна</lastName>
                    <phone>+7 (499) 2623274</phone>
                    <fax>+7 (499) 2607415</fax>
                    <email>utz_info@rzds.ru</email>
                    <organization>
                        <mainInfo>
                            <fullName>ОТКРЫТОЕ АКЦИОНЕРНОЕ ОБЩЕСТВО "РОССИЙСКИЕ ЖЕЛЕЗНЫЕ ДОРОГИ"</fullName>
                            <shortName>ОАО "РЖД"</shortName>
                            <iko>57708503727770801001</iko>
                            <inn>7708503727</inn>
                            <kpp>770801001</kpp>
                            <ogrn>1037739877295</ogrn>
                            <legalAddress>107174, Г МОСКВА, УЛ БАСМАННАЯ НОВ., дом ДОМ 2</legalAddress>
                            <postalAddress>107174, Москва Город, Басманная Нов. Улица, дом 2</postalAddress>
                            <phone>7-499-2621002</phone>
                            <fax>7-499-2629095</fax>
                            <email>BelozerovOlVal@yandex.ru</email>
                            <okato>45286555000</okato>
                            <okpo>00083262</okpo>
                        </mainInfo>
                    </organization>
                </ns2:contact>
                <ns2:publicationDateTime>2017-03-16T17:00:51</ns2:publicationDateTime>
                <ns2:documentationDelivery>
                    <deliveryStartDateTime>2017-02-28</deliveryStartDateTime>
                    <deliveryEndDateTime>2017-04-03</deliveryEndDateTime>
                    <place>Документация размещена в Единой информационной системе в сфере закупок товаров, работ, услуг для обеспечения государственных и муниципальных нужд (далее – единая информационная система), на сайте www.rzd.ru (раздел «Тендеры»), а также на сайте www.etzp.rzd.ru (далее – сайты).
В случае возникновения технических и иных неполадок при работе единой информационной системы, блокирующих доступ к единой информационной системе в течение более чем одного рабочего дня, информация, подлежащая размещению в единой информационной системе, размещается на сайте www.rzd.ru с последующим размещением такой информации в единой информационной системе в течение одного рабочего дня со дня устранения технических или иных неполадок, блокирующих доступ к единой информационной системе, и считается размещенной в установленном порядке.
</place>
                    <procedure>Документация доступна для ознакомления на перечисленных сайтах с момента ее опубликования без ограничений.</procedure>
                </ns2:documentationDelivery>
                <ns2:status>P</ns2:status>
                <ns2:version>2</ns2:version>
                <ns2:modificationDescription>в соответствии с пунктом 7.2. конкурсной документации</ns2:modificationDescription>
                <ns2:notDishonest>false</ns2:notDishonest>
                <ns2:attachments>
                    <totalDocumentsCount>9</totalDocumentsCount>
                    <document>
                        <guid>53ef542f-3a39-49cd-9430-cb3c8696736e</guid>
                        <createDateTime>2017-03-16T16:57:29</createDateTime>
                        <fileName>Приложением № 14 к КД с изменениям от 16.03.2017г.xlsx</fileName>
                        <description>Приложением № 14 к КД с изменениям от 16.03.2017г</description>
                        <url>http://zakupki.gov.ru/223/purchase/public/download/download.html?id=30118273</url>
                    </document>
                    <document>
                        <guid>c747459d-f254-4fa5-8faa-0db9e9df1826</guid>
                        <createDateTime>2017-03-16T16:56:52</createDateTime>
                        <fileName>Изменения от 16.03.2017г.doc</fileName>
                        <description>Изменения от 16.03.2017г</description>
                        <url>http://zakupki.gov.ru/223/purchase/public/download/download.html?id=30118244</url>
                    </document>
                    <document>
                        <guid>f88b26a0-8a93-4d9c-9f11-ada00700d1fb</guid>
                        <createDateTime>2017-03-16T16:57:08</createDateTime>
                        <fileName>Конкурсная документация с изменениями от 16.03.2017г.docx</fileName>
                        <description>Конкурсная документация с изменениями от 16.03.2017г</description>
                        <url>http://zakupki.gov.ru/223/purchase/public/download/download.html?id=30118260</url>
                    </document>
                    <document>
                        <guid>79e66ada-b051-4282-aae0-090196408513</guid>
                        <createDateTime>2017-02-28T16:14:35</createDateTime>
                        <fileName>Приложение № 8.pdf</fileName>
                        <description>Приложение № 8</description>
                        <url>http://zakupki.gov.ru/223/purchase/public/download/download.html?id=30117724</url>
                    </document>
                    <document>
                        <guid>d8b4a0cf-92fd-49d2-82b5-5baac840ee27</guid>
                        <createDateTime>2017-03-16T16:57:23</createDateTime>
                        <fileName>Приложением № 1 к изменениям от 16.03.2017г.xlsx</fileName>
                        <description>Приложением № 1 к изменениям от 16.03.2017г</description>
                        <url>http://zakupki.gov.ru/223/purchase/public/download/download.html?id=30118269</url>
                    </document>
                    <document>
                        <guid>eb38391a-0032-42cc-8923-b49932d108ff</guid>
                        <createDateTime>2017-02-28T16:14:28</createDateTime>
                        <fileName>Конкурсная документация 299-ОКЭ-РЖДС-17.docx</fileName>
                        <description>Конкурсная документация 299-ОКЭ-РЖДС-17</description>
                        <url>http://zakupki.gov.ru/223/purchase/public/download/download.html?id=30117725</url>
                    </document>
                    <document>
                        <guid>1b58ea35-a616-4bf6-948b-5084eef5ef43</guid>
                        <createDateTime>2017-02-28T16:14:41</createDateTime>
                        <fileName>Приложение № 14.xlsx</fileName>
                        <description>Приложение № 14</description>
                        <url>http://zakupki.gov.ru/223/purchase/public/download/download.html?id=30117726</url>
                    </document>
                    <document>
                        <guid>6c5539aa-94d5-4afb-89cc-20f8bb2858a6</guid>
                        <createDateTime>2017-03-16T16:57:03</createDateTime>
                        <fileName>Извещение с изменениями от 16.03.2017г.doc</fileName>
                        <description>Извещение с изменениями от 16.03.2017г</description>
                        <url>http://zakupki.gov.ru/223/purchase/public/download/download.html?id=30118255</url>
                    </document>
                    <document>
                        <guid>e7079628-dc7e-49a8-adbb-b854b3c4e5f7</guid>
                        <createDateTime>2017-02-28T16:14:22</createDateTime>
                        <fileName>Извещение 299-ОКЭ-РЖДС-17.doc</fileName>
                        <description>Извещение 299-ОКЭ-РЖДС-17</description>
                        <url>http://zakupki.gov.ru/223/purchase/public/download/download.html?id=30117727</url>
                    </document>
                </ns2:attachments>
                <ns2:modificationDate>2017-03-16T17:00:51</ns2:modificationDate>
                <ns2:saveUserId>18185</ns2:saveUserId>
                <ns2:deliveryPlaceIndication>DIFFERENT_PLACE</ns2:deliveryPlaceIndication>
                <ns2:emergency>false</ns2:emergency>
                <ns2:jointPurchase>false</ns2:jointPurchase>
                <ns2:electronicPlaceInfo>
                    <name>Электронная торгово-закупочная площадка ОАО "РЖД"</name>
                    <url>http://etzp.rzd.ru</url>
                    <electronicPlaceId>112</electronicPlaceId>
                </ns2:electronicPlaceInfo>
                <ns2:submissionCloseDateTime>2017-04-03T10:00:00</ns2:submissionCloseDateTime>
                <ns2:publicationPlannedDate>2017-02-28</ns2:publicationPlannedDate>
                <ns2:templateVersion>3</ns2:templateVersion>
                <ns2:templateStructure>
                    <ns2:level>
                        <ns2:tabLevel>NOTICE</ns2:tabLevel>
                        <ns2:tab>
                            <tabOrdinal>1</tabOrdinal>
                            <tabName>Общая информация</tabName>
                            <fixedName>MAIN</fixedName>
                            <section>
                                <sectionOrdinal>1</sectionOrdinal>
                                <sectionName>Сведения о состоянии извещения</sectionName>
                                <fixedName>MAIN_STATUS</fixedName>
                            </section>
                            <section>
                                <sectionOrdinal>2</sectionOrdinal>
                                <sectionName>Сведения о заказчике</sectionName>
                                <fixedName>MAIN_CUSTOMER</fixedName>
                            </section>
                            <section>
                                <sectionOrdinal>3</sectionOrdinal>
                                <sectionName>Общие сведения о закупке</sectionName>
                                <fixedName>MAIN_PURCHASE</fixedName>
                            </section>
                            <section>
                                <sectionOrdinal>4</sectionOrdinal>
                                <sectionName>Контактная информация</sectionName>
                                <fixedName>MAIN_CONTACTS</fixedName>
                            </section>
                            <section>
                                <sectionOrdinal>5</sectionOrdinal>
                                <sectionName>Обеспечение заявок и исполнения договора</sectionName>
                            </section>
                        </ns2:tab>
                        <ns2:tab>
                            <tabOrdinal>2</tabOrdinal>
                            <tabName>Порядок размещения закупки</tabName>
                            <fixedName>COMMISSION</fixedName>
                            <section>
                                <sectionOrdinal>1</sectionOrdinal>
                                <sectionName>Публикация извещения</sectionName>
                                <fixedName>COMMISSION_PUBLISH</fixedName>
                            </section>
                        </ns2:tab>
                        <ns2:tab>
                            <tabOrdinal>3</tabOrdinal>
                            <tabName>Список лотов</tabName>
                            <fixedName>LOTS</fixedName>
                            <section>
                                <sectionOrdinal>1</sectionOrdinal>
                                <sectionName>Сведения о лотах</sectionName>
                                <fixedName>LOTS_INFO</fixedName>
                            </section>
                        </ns2:tab>
                        <ns2:tab>
                            <tabOrdinal>4</tabOrdinal>
                            <tabName>Документация</tabName>
                            <fixedName>DOCS</fixedName>
                            <section>
                                <sectionOrdinal>1</sectionOrdinal>
                                <sectionName>Предоставление документации</sectionName>
                                <fixedName>DOCS_INFO</fixedName>
                            </section>
                            <section>
                                <sectionOrdinal>2</sectionOrdinal>
                                <sectionName>Файлы документации</sectionName>
                                <fixedName>DOCS_FILES</fixedName>
                            </section>
                        </ns2:tab>
                    </ns2:level>
                    <ns2:level>
                        <ns2:tabLevel>LOT</ns2:tabLevel>
                        <ns2:tab>
                            <tabOrdinal>1</tabOrdinal>
                            <tabName>Сведения о лоте</tabName>
                            <fixedName>LOT_INFORMATION</fixedName>
                            <section>
                                <sectionOrdinal>1</sectionOrdinal>
                                <sectionName>Общая информация о лоте</sectionName>
                                <fixedName>LOT_INFO</fixedName>
                            </section>
                            <section>
                                <sectionOrdinal>2</sectionOrdinal>
                                <sectionName>Информация о товаре, работе, услуге</sectionName>
                                <fixedName>LOT_GOODS</fixedName>
                            </section>
                            <section>
                                <sectionOrdinal>3</sectionOrdinal>
                                <sectionName>Место поставки</sectionName>
                                <fixedName>LOT_PLACE</fixedName>
                            </section>
                        </ns2:tab>
                    </ns2:level>
                    <ns2:level>
                        <ns2:tabLevel>LOT_CUSTOMER</ns2:tabLevel>
                        <ns2:tab>
                            <tabOrdinal>1</tabOrdinal>
                            <tabName>Сведения по заказчику</tabName>
                            <fixedName>LOT_CUSTOMER</fixedName>
                            <section>
                                <sectionOrdinal>1</sectionOrdinal>
                                <sectionName>Общая информация по Заказчику</sectionName>
                                <fixedName>LOT_CUSTOMER_INFO</fixedName>
                            </section>
                            <section>
                                <sectionOrdinal>2</sectionOrdinal>
                                <sectionName>Информация о товаре, работе, услуге</sectionName>
                                <fixedName>LOT_CUSTOMER_GOODS</fixedName>
                            </section>
                            <section>
                                <sectionOrdinal>3</sectionOrdinal>
                                <sectionName>Место поставки</sectionName>
                                <fixedName>LOT_CUSTOMER_PLACE</fixedName>
                            </section>
                        </ns2:tab>
                    </ns2:level>
                </ns2:templateStructure>
                <ns2:extendFields>
                    <noticeExtendField>
                        <extendField>
                            <integrCode>DlyaNuzhd</integrCode>
                            <description>Закупка осуществляется для нужд</description>
                            <type>STRING</type>
                            <value>
                                <string>ОАО «РЖД»</string>
                            </value>
                        </extendField>
                        <extendField>
                            <integrCode>MestoOrg</integrCode>
                            <description>Место нахождения</description>
                            <type>STRING</type>
                            <value>
                                <string>107228, г. Москва, ул. Новорязанская, д.12.</string>
                            </value>
                        </extendField>
                        <extendField>
                            <integrCode>AdresOrg</integrCode>
                            <description>Почтовый адрес</description>
                            <type>STRING</type>
                            <value>
                                <string>107228, г. Москва, ул. Новорязанская, д.12.</string>
                            </value>
                        </extendField>
                        <position>
                            <tabOrdinal>1</tabOrdinal>
                            <tabName>MAIN</tabName>
                            <sectionOrdinal>2</sectionOrdinal>
                            <sectionName>MAIN_SEC_Сведения о заказчике</sectionName>
                        </position>
                    </noticeExtendField>
                    <noticeExtendField>
                        <extendField>
                            <integrCode>ObespechenieZayavki</integrCode>
                            <description>Обеспечение заявок</description>
                            <type>TEXT</type>
                            <value>
                                <text>Способ обеспечения заявки установлен пунктом 8.6.1 конкурсной документации (банковская гарантия или внесение денежных средств) и составляет 
По лоту №1 сумма обеспечения составляет 3 800 000,00 рублей (Три миллиона восемьсот тысяч рублей 00 копеек). 
По лоту №2 сумма обеспечения составляет 2 600 000,00 рублей (Два миллиона шестьсот тысяч рублей 00 копеек). 
По лоту №3 сумма обеспечения составляет 1 600 000,00 рублей (Один миллион шестьсот тысяч рублей 00 копеек). 
По лоту №4 сумма обеспечения составляет 1 100 000,00 рублей (Один миллион сто тысяч рублей 00 копеек).
Требования к банковской гарантии указаны в пунктах 8.6.8-8.6.15 конкурсной документации.
В случае внесения денежных средств оплату необходимо производить по следующим реквизитам:
р/с 40702810699992174017
в Банк ВТБ (ПАО)
БИК 044525187
к/с №30101810700000000187
Наименование получателя денежных средств:
Желдоручет ОАО «РЖД»
ИНН 7708503727
КПП 770102001
Назначение платежа:обеспечение заявки для участия в (указать вид процедуры) №_____/___-_____/17, КПП _________, ОКПО ________, адрес: _____________. НДС не облагается</text>
                            </value>
                        </extendField>
                        <extendField>
                            <integrCode>ObespechenieDogovora</integrCode>
                            <description>Обеспечение исполнения договора</description>
                            <type>TEXT</type>
                            <value>
                                <text>Способ обеспечения исполнения договора указан в пункте 9.1.1 конкурсной документации Обеспечение исполнения договора составляет  
По лоту №1 сумма обеспечения составляет 3 800 000,00 рублей (Три миллиона восемьсот тысяч рублей 00 копеек). 
По лоту №2 сумма обеспечения составляет 2 600 000,00 рублей (Два миллиона шестьсот тысяч рублей 00 копеек). 
По лоту №3 сумма обеспечения составляет 1 600 000,00 рублей (Один миллион шестьсот тысяч рублей 00 копеек).
По лоту №4 сумма обеспечения составляет 1 100 000,00 рублей (Один миллион сто тысяч рублей 00 копеек).
Требования к банковской гарантии указаны в пунктах 9.1.8-9.1.11 конкурсной документации.
В случае внесения денежных средств оплату необходимо производить по следующим реквизитам:
РОСЖЕЛДОРСНАБ ОАО «РЖД»
107228, г. Москва, ул. Новорязанская, д. 12
ИНН 7708503727
КПП 770802009
р/сч 40702810899993174023
в ПАО Банк ВТБ г. Москва
к/с 30101810700000000187
БИК 044525187
ОКПО 20655341</text>
                            </value>
                        </extendField>
                        <position>
                            <tabOrdinal>1</tabOrdinal>
                            <tabName>MAIN</tabName>
                            <sectionOrdinal>5</sectionOrdinal>
                            <sectionName>MAIN_SEC_Обеспечение заявок и исполнения договора</sectionName>
                        </position>
                    </noticeExtendField>
                    <noticeExtendField>
                        <extendField>
                            <integrCode>ZayavkiMesto</integrCode>
                            <description>Место предоставления заявок</description>
                            <type>TEXT</type>
                            <value>
                                <text>Заявки на участие в открытом конкурсе № 299/ОКЭ-РЖДС/17 на право заключения договоров поставки металлопроката и метизной продукции для нужд ОАО «РЖД» должны состоять из электронной части, поданной в установленном документацией порядке в автоматизированной информационной системе «Электронная торгово-закупочная площадка ОАО «РЖД» (далее – ЭТЗП) (на странице данной процедуры на сайте www.etzp.rzd.ru) и документов, представляемых в составе заявки по адресу: г. Москва, ул. Новорязанская, д.12.
В здании установлен пропускной режим: для прохода в здание необходимо направить заявку (с указанием ФИО, контактного телефона, номера процедуры размещения заказа и цели посещения) на электронный адрес контактного лица, указанного в пункте 1.1 конкурсной документации, не позднее, чем за один рабочий день (до 15:00 часов рабочего времени), предшествующий дню посещения. При проходе в здание необходимо предъявить документ, удостоверяющий личность.  
Бюро пропусков (в рабочие дни с 9:00 до 17:30 (в пятницу до 16:30), перерыв с 12:00 до 13:00).</text>
                            </value>
                        </extendField>
                        <extendField>
                            <integrCode>VskritieData</integrCode>
                            <description>Дата и время вскрытия заявок</description>
                            <type>DATETIME</type>
                            <value>
                                <dateTime>2017-04-03T10:00:00</dateTime>
                            </value>
                        </extendField>
                        <extendField>
                            <integrCode>RassmotrenieData</integrCode>
                            <description>Дата и время рассмотрения заявок</description>
                            <type>DATETIME</type>
                            <value>
                                <dateTime>2017-04-10T10:30:00</dateTime>
                            </value>
                        </extendField>
                        <extendField>
                            <integrCode>RassmotrenieMesto</integrCode>
                            <description>Место рассмотрения заявок</description>
                            <type>STRING</type>
                            <value>
                                <string>107228, г. Москва, ул. Новорязанская, д. 12.</string>
                            </value>
                        </extendField>
                        <extendField>
                            <integrCode>ItogData</integrCode>
                            <description>Дата и время подведения итогов</description>
                            <type>DATETIME</type>
                            <value>
                                <dateTime>2017-04-11T15:00:00</dateTime>
                            </value>
                        </extendField>
                        <extendField>
                            <integrCode>ItogMesto</integrCode>
                            <description>Место подведения итогов</description>
                            <type>STRING</type>
                            <value>
                                <string>107228, г. Москва, ул. Новорязанская, д. 12.</string>
                            </value>
                        </extendField>
                        <position>
                            <tabOrdinal>2</tabOrdinal>
                            <tabName>COMMISSION</tabName>
                            <sectionOrdinal>1</sectionOrdinal>
                            <sectionName>COMISSION_SEC_Публикация извещения</sectionName>
                        </position>
                    </noticeExtendField>
                </ns2:extendFields>
                <ns2:lots>
                    <lot>
                        <guid>bd479912-c67a-47d3-80cd-7b4bd6d8ecbd</guid>
                        <ordinalNumber>1</ordinalNumber>
                        <lotEditEnabled>true</lotEditEnabled>
                        <lotData>
                            <subject>На право заключения договора поставки металлопроката</subject>
                            <currency>
                                <code>RUB</code>
                                <digitalCode>643</digitalCode>
                                <name>Российский рубль</name>
                            </currency>
                            <initialSum>556197514.99</initialSum>
                            <deliveryPlace>
                                <address>Место поставки товара указано в пункте 3.3 конкурсной документации</address>
                            </deliveryPlace>
                            <lotItems>
                                <newCodes>true</newCodes>
                                <lotItem>
                                    <guid>68346808-8ac6-400a-9664-73160738b4d2</guid>
                                    <ordinalNumber>1</ordinalNumber>
                                    <okpd2>
                                        <code>24.10.31.000</code>
                                        <name>Прокат листовой горячекатаный из нелегированных сталей, без дополнительной обработки, шириной не менее 600 мм</name>
                                    </okpd2>
                                    <okved2>
                                        <code>24.10.3</code>
                                        <name>Производство листового горячекатаного стального проката</name>
                                    </okved2>
                                    <okei>
                                        <code>168</code>
                                        <name>Тонна; Метрическая тонна (1000 кг)</name>
                                    </okei>
                                    <qty>11080</qty>
                                    <additionalInfo>ОКАТО: 003, 007, 011, 012, 014, 015, 017, 018, 019, 020, 022, 024, 026, 027, 028, 029, 032, 033, 034, 036, 037, 038, 040, 041, 042, 044, 045, 046, 047, 049, 050, 052, 053, 054, 056, 057, 058, 060, 061, 063, 065, 066, 068, 069, 070, 071, 073, 075, 078, 079, 080, 082, 083, 084, 085, 086, 087, 088, 089, 090, 091, 092, 097</additionalInfo>
                                </lotItem>
                            </lotItems>
                            <forSmallOrMiddle>false</forSmallOrMiddle>
                            <excludePurchaseFromPlan>false</excludePurchaseFromPlan>
                            <subcontractorsRequirement>false</subcontractorsRequirement>
                            <ignoredPurchase>true</ignoredPurchase>
                            <purchaseCategory>
                                <code>14</code>
                                <name>Закупки подвижного состава и материалов верхнего строения железнодорожного пути</name>
                            </purchaseCategory>
                            <centralized>false</centralized>
                        </lotData>
                        <deliveryPlaceIndication>GL</deliveryPlaceIndication>
                        <jointLotData>
                            <jointLot>false</jointLot>
                        </jointLotData>
                        <lotPlanInfo>
                            <planRegistrationNumber>2160196812</planRegistrationNumber>
                            <planGuid>38bcb6e6-f2a2-4b86-bf1f-bd78b33966f3</planGuid>
                            <positionNumber>10930</positionNumber>
                            <lotPlanPosition>COMMODITY</lotPlanPosition>
                            <positionGuid>8c4db40c-1d48-446c-b39b-34d96d934756</positionGuid>
                        </lotPlanInfo>
                        <cancelled>false</cancelled>
                        <extendFields>
                            <noticeExtendField>
                                <extendField>
                                    <integrCode>TsenaDog</integrCode>
                                    <description>Начальная (максимальная) цена договора без учета НДС</description>
                                    <type>STRING</type>
                                    <value>
                                        <string>471353826,26</string>
                                    </value>
                                </extendField>
                                <extendField>
                                    <integrCode>Valyta</integrCode>
                                    <description>Валюта</description>
                                    <type>CURRENCY</type>
                                    <value>
                                        <nsi>
                                            <currency>
                                                <code>RUB</code>
                                                <digitalCode>643</digitalCode>
                                                <name>Российский рубль</name>
                                            </currency>
                                        </nsi>
                                    </value>
                                </extendField>
                                <position>
                                    <tabOrdinal>1</tabOrdinal>
                                    <tabName>LOT_INFORMATION</tabName>
                                    <sectionOrdinal>1</sectionOrdinal>
                                    <sectionName>LOT_INFO_SEC_Общая информация о лоте</sectionName>
                                </position>
                            </noticeExtendField>
                        </extendFields>
                    </lot>
                    <lot>
                        <guid>36eabe44-ec53-4ae5-b495-260bba59675d</guid>
                        <ordinalNumber>2</ordinalNumber>
                        <lotEditEnabled>true</lotEditEnabled>
                        <lotData>
                            <subject>На право заключения договора поставки метизной продукции</subject>
                            <currency>
                                <code>RUB</code>
                                <digitalCode>643</digitalCode>
                                <name>Российский рубль</name>
                            </currency>
                            <initialSum>323330392.91</initialSum>
                            <deliveryPlace>
                                <address>Место поставки товара указано в пункте 3.3 конкурсной документации</address>
                            </deliveryPlace>
                            <lotItems>
                                <newCodes>true</newCodes>
                                <lotItem>
                                    <guid>dd59c25b-3e05-461d-a3d2-faf7f5566010</guid>
                                    <ordinalNumber>1</ordinalNumber>
                                    <okpd2>
                                        <code>25.93.11.120</code>
                                        <name>Канаты из черных металлов без электрической изоляции</name>
                                    </okpd2>
                                    <okved2>
                                        <code>25.94</code>
                                        <name>Производство крепежных изделий</name>
                                    </okved2>
                                    <okei>
                                        <code>006</code>
                                        <name>Метр</name>
                                    </okei>
                                    <qty>808354</qty>
                                    <additionalInfo>ОКЕИ: 168;  006 | ОКАТО: 003, 007, 011, 012, 014, 015, 017, 018, 019, 020, 022, 024, 026, 027, 028, 029, 032, 033, 034, 036, 037, 038, 040, 041, 042, 044, 045, 046, 047, 049, 050, 052, 053, 054, 056, 057, 058, 060, 061, 063, 065, 066, 068, 069, 070, 071, 073, 075, 078, 079, 080, 082, 083, 084, 085, 086, 087, 088, 089, 090, 091, 092, 097</additionalInfo>
                                </lotItem>
                                <lotItem>
                                    <guid>5b3f1098-bc5e-40ee-aabd-740438e66d18</guid>
                                    <ordinalNumber>2</ordinalNumber>
                                    <okpd2>
                                        <code>25.93.11.120</code>
                                        <name>Канаты из черных металлов без электрической изоляции</name>
                                    </okpd2>
                                    <okved2>
                                        <code>25.94</code>
                                        <name>Производство крепежных изделий</name>
                                    </okved2>
                                    <okei>
                                        <code>168</code>
                                        <name>Тонна; Метрическая тонна (1000 кг)</name>
                                    </okei>
                                    <qty>2104.44</qty>
                                    <additionalInfo>ОКЕИ: 168; 006 | ОКАТО: 003, 007, 011, 012, 014, 015, 017, 018, 019, 020, 022, 024, 026, 027, 028, 029, 032, 033, 034, 036, 037, 038, 040, 041, 042, 044, 045, 046, 047, 049, 050, 052, 053, 054, 056, 057, 058, 060, 061, 063, 065, 066, 068, 069, 070, 071, 073, 075, 078, 079, 080, 082, 083, 084, 085, 086, 087, 088, 089, 090, 091, 092, 097</additionalInfo>
                                </lotItem>
                            </lotItems>
                            <forSmallOrMiddle>false</forSmallOrMiddle>
                            <excludePurchaseFromPlan>false</excludePurchaseFromPlan>
                            <subcontractorsRequirement>false</subcontractorsRequirement>
                            <ignoredPurchase>true</ignoredPurchase>
                            <purchaseCategory>
                                <code>14</code>
                                <name>Закупки подвижного состава и материалов верхнего строения железнодорожного пути</name>
                            </purchaseCategory>
                            <centralized>false</centralized>
                        </lotData>
                        <deliveryPlaceIndication>GL</deliveryPlaceIndication>
                        <jointLotData>
                            <jointLot>false</jointLot>
                        </jointLotData>
                        <lotPlanInfo>
                            <planRegistrationNumber>2160196812</planRegistrationNumber>
                            <planGuid>38bcb6e6-f2a2-4b86-bf1f-bd78b33966f3</planGuid>
                            <positionNumber>10932</positionNumber>
                            <lotPlanPosition>COMMODITY</lotPlanPosition>
                            <positionGuid>51d13164-6f92-47bb-8a22-3e9a8e70ce08</positionGuid>
                        </lotPlanInfo>
                        <cancelled>false</cancelled>
                        <extendFields>
                            <noticeExtendField>
                                <extendField>
                                    <integrCode>TsenaDog</integrCode>
                                    <description>Начальная (максимальная) цена договора без учета НДС</description>
                                    <type>STRING</type>
                                    <value>
                                        <string>274008807,55</string>
                                    </value>
                                </extendField>
                                <extendField>
                                    <integrCode>Valyta</integrCode>
                                    <description>Валюта</description>
                                    <type>CURRENCY</type>
                                    <value>
                                        <nsi>
                                            <currency>
                                                <code>RUB</code>
                                                <digitalCode>643</digitalCode>
                                                <name>Российский рубль</name>
                                            </currency>
                                        </nsi>
                                    </value>
                                </extendField>
                                <position>
                                    <tabOrdinal>1</tabOrdinal>
                                    <tabName>LOT_INFORMATION</tabName>
                                    <sectionOrdinal>1</sectionOrdinal>
                                    <sectionName>LOT_INFO_SEC_Общая информация о лоте</sectionName>
                                </position>
                            </noticeExtendField>
                        </extendFields>
                    </lot>
                    <lot>
                        <guid>d56ea445-37f9-4801-b09a-8ce7565b02ed</guid>
                        <ordinalNumber>3</ordinalNumber>
                        <lotEditEnabled>true</lotEditEnabled>
                        <lotData>
                            <subject>На право заключения договора поставки металлопроката</subject>
                            <currency>
                                <code>RUB</code>
                                <digitalCode>643</digitalCode>
                                <name>Российский рубль</name>
                            </currency>
                            <initialSum>195373300.77</initialSum>
                            <deliveryPlace>
                                <address>Место поставки товара указано в пункте 3.3 конкурсной документации</address>
                            </deliveryPlace>
                            <lotItems>
                                <newCodes>true</newCodes>
                                <lotItem>
                                    <guid>5eaea67e-47a0-4108-91b2-bb6000818266</guid>
                                    <ordinalNumber>1</ordinalNumber>
                                    <okpd2>
                                        <code>24.10.31.000</code>
                                        <name>Прокат листовой горячекатаный из нелегированных сталей, без дополнительной обработки, шириной не менее 600 мм</name>
                                    </okpd2>
                                    <okved2>
                                        <code>24.10.3</code>
                                        <name>Производство листового горячекатаного стального проката</name>
                                    </okved2>
                                    <okei>
                                        <code>168</code>
                                        <name>Тонна; Метрическая тонна (1000 кг)</name>
                                    </okei>
                                    <qty>3993</qty>
                                    <additionalInfo>ОКАТО: 005, 008, 010, 025, 064, 076, 081, 093, 095, 099</additionalInfo>
                                </lotItem>
                            </lotItems>
                            <forSmallOrMiddle>false</forSmallOrMiddle>
                            <excludePurchaseFromPlan>false</excludePurchaseFromPlan>
                            <subcontractorsRequirement>false</subcontractorsRequirement>
                            <ignoredPurchase>true</ignoredPurchase>
                            <purchaseCategory>
                                <code>14</code>
                                <name>Закупки подвижного состава и материалов верхнего строения железнодорожного пути</name>
                            </purchaseCategory>
                            <centralized>false</centralized>
                        </lotData>
                        <deliveryPlaceIndication>GL</deliveryPlaceIndication>
                        <jointLotData>
                            <jointLot>false</jointLot>
                        </jointLotData>
                        <lotPlanInfo>
                            <planRegistrationNumber>2160196812</planRegistrationNumber>
                            <planGuid>38bcb6e6-f2a2-4b86-bf1f-bd78b33966f3</planGuid>
                            <positionNumber>10931</positionNumber>
                            <lotPlanPosition>COMMODITY</lotPlanPosition>
                            <positionGuid>b6c4491a-4083-418c-bf01-98acee6208d4</positionGuid>
                        </lotPlanInfo>
                        <cancelled>false</cancelled>
                        <extendFields>
                            <noticeExtendField>
                                <extendField>
                                    <integrCode>TsenaDog</integrCode>
                                    <description>Начальная (максимальная) цена договора без учета НДС</description>
                                    <type>STRING</type>
                                    <value>
                                        <string>165570593,87</string>
                                    </value>
                                </extendField>
                                <extendField>
                                    <integrCode>Valyta</integrCode>
                                    <description>Валюта</description>
                                    <type>CURRENCY</type>
                                    <value>
                                        <nsi>
                                            <currency>
                                                <code>RUB</code>
                                                <digitalCode>643</digitalCode>
                                                <name>Российский рубль</name>
                                            </currency>
                                        </nsi>
                                    </value>
                                </extendField>
                                <position>
                                    <tabOrdinal>1</tabOrdinal>
                                    <tabName>LOT_INFORMATION</tabName>
                                    <sectionOrdinal>1</sectionOrdinal>
                                    <sectionName>LOT_INFO_SEC_Общая информация о лоте</sectionName>
                                </position>
                            </noticeExtendField>
                        </extendFields>
                    </lot>
                    <lot>
                        <guid>b91c7c7e-335d-4564-9c52-a49fa093fda7</guid>
                        <ordinalNumber>4</ordinalNumber>
                        <lotEditEnabled>true</lotEditEnabled>
                        <lotData>
                            <subject>На право заключения договора поставки метизной продукции</subject>
                            <currency>
                                <code>RUB</code>
                                <digitalCode>643</digitalCode>
                                <name>Российский рубль</name>
                            </currency>
                            <initialSum>180752692.06</initialSum>
                            <deliveryPlace>
                                <address>Место поставки товара указано в пункте 3.3 конкурсной документации</address>
                            </deliveryPlace>
                            <lotItems>
                                <newCodes>true</newCodes>
                                <lotItem>
                                    <guid>1c0df69e-d5aa-4d9d-b9d1-d72ce2c347a1</guid>
                                    <ordinalNumber>1</ordinalNumber>
                                    <okpd2>
                                        <code>25.93.11.120</code>
                                        <name>Канаты из черных металлов без электрической изоляции</name>
                                    </okpd2>
                                    <okved2>
                                        <code>25.94</code>
                                        <name>Производство крепежных изделий</name>
                                    </okved2>
                                    <okei>
                                        <code>006</code>
                                        <name>Метр</name>
                                    </okei>
                                    <qty>347096</qty>
                                    <additionalInfo>ОКЕИ: 168;  006 | ОКАТО: 005, 008, 010, 025, 064, 076, 081, 093, 095, 099</additionalInfo>
                                </lotItem>
                                <lotItem>
                                    <guid>f4751251-9b90-4a88-8615-c0a5daf790d0</guid>
                                    <ordinalNumber>2</ordinalNumber>
                                    <okpd2>
                                        <code>25.93.11.120</code>
                                        <name>Канаты из черных металлов без электрической изоляции</name>
                                    </okpd2>
                                    <okved2>
                                        <code>25.94</code>
                                        <name>Производство крепежных изделий</name>
                                    </okved2>
                                    <okei>
                                        <code>168</code>
                                        <name>Тонна; Метрическая тонна (1000 кг)</name>
                                    </okei>
                                    <qty>1251.85</qty>
                                    <additionalInfo>ОКЕИ: 168; 006 | ОКАТО: 005, 008, 010, 025, 064, 076, 081, 093, 095, 099</additionalInfo>
                                </lotItem>
                            </lotItems>
                            <forSmallOrMiddle>false</forSmallOrMiddle>
                            <excludePurchaseFromPlan>false</excludePurchaseFromPlan>
                            <subcontractorsRequirement>false</subcontractorsRequirement>
                            <ignoredPurchase>true</ignoredPurchase>
                            <purchaseCategory>
                                <code>14</code>
                                <name>Закупки подвижного состава и материалов верхнего строения железнодорожного пути</name>
                            </purchaseCategory>
                            <centralized>false</centralized>
                        </lotData>
                        <deliveryPlaceIndication>GL</deliveryPlaceIndication>
                        <jointLotData>
                            <jointLot>false</jointLot>
                        </jointLotData>
                        <lotPlanInfo>
                            <planRegistrationNumber>2160196812</planRegistrationNumber>
                            <planGuid>38bcb6e6-f2a2-4b86-bf1f-bd78b33966f3</planGuid>
                            <positionNumber>10933</positionNumber>
                            <lotPlanPosition>COMMODITY</lotPlanPosition>
                            <positionGuid>65964ef1-52e4-4ce8-8374-9410dc62c9fa</positionGuid>
                        </lotPlanInfo>
                        <cancelled>false</cancelled>
                        <extendFields>
                            <noticeExtendField>
                                <extendField>
                                    <integrCode>TsenaDog</integrCode>
                                    <description>Начальная (максимальная) цена договора без учета НДС</description>
                                    <type>STRING</type>
                                    <value>
                                        <string>153180247,51</string>
                                    </value>
                                </extendField>
                                <extendField>
                                    <integrCode>Valyta</integrCode>
                                    <description>Валюта</description>
                                    <type>CURRENCY</type>
                                    <value>
                                        <nsi>
                                            <currency>
                                                <code>RUB</code>
                                                <digitalCode>643</digitalCode>
                                                <name>Российский рубль</name>
                                            </currency>
                                        </nsi>
                                    </value>
                                </extendField>
                                <position>
                                    <tabOrdinal>1</tabOrdinal>
                                    <tabName>LOT_INFORMATION</tabName>
                                    <sectionOrdinal>1</sectionOrdinal>
                                    <sectionName>LOT_INFO_SEC_Общая информация о лоте</sectionName>
                                </position>
                            </noticeExtendField>
                        </extendFields>
                    </lot>
                </ns2:lots>
            </ns2:purchaseNoticeData>
        </ns2:item>
    </ns2:body>
</ns2:purchaseNotice>
