<?xml version="1.0" encoding="UTF-8" standalone="yes"?>
<ns2:purchaseNotice xsi:schemaLocation="http://zakupki.gov.ru/223/integration/schema/TFF-5.2 http://zakupki.gov.ru/223/integration/schema/TFF-5.2/purchase.xsd" xmlns="http://zakupki.gov.ru/223fz/types/1" xmlns:ns10="http://zakupki.gov.ru/223fz/purchasePlan/1" xmlns:ns11="http://zakupki.gov.ru/223fz/purchasePlanProject/1" xmlns:ns12="http://zakupki.gov.ru/223fz/purchasePlanProjectAdditionalPosition/1" xmlns:ns13="http://zakupki.gov.ru/223fz/contract/1" xmlns:ns14="http://zakupki.gov.ru/223fz/missedNotice/1" xmlns:ns15="http://zakupki.gov.ru/223fz/reference/1" xmlns:ns16="http://zakupki.gov.ru/223fz/stopCommodity/1" xmlns:ns17="http://zakupki.gov.ru/223fz/decisionSuspension/1" xmlns:ns18="http://zakupki.gov.ru/223fz/purchasePlanAdditionalPosition/1" xmlns:ns19="http://zakupki.gov.ru/223fz/webRequest/1" xmlns:ns2="http://zakupki.gov.ru/223fz/purchase/1" xmlns:xsi="http://www.w3.org/2001/XMLSchema-instance" xmlns:ns3="http://zakupki.gov.ru/223fz/dishonestSupplier/1" xmlns:ns4="http://zakupki.gov.ru/223fz/machineryListInfo/1" xmlns:ns5="http://zakupki.gov.ru/223fz/revenue/1" xmlns:ns6="http://zakupki.gov.ru/223fz/orderClauseList/1" xmlns:ns7="http://zakupki.gov.ru/223fz/disagreementProtocol/1" xmlns:ns8="http://zakupki.gov.ru/223fz/complaint/1" xmlns:ns9="http://zakupki.gov.ru/223fz/notificationIssue/1">
    <header>
        <guid>7493a247-c6c5-44fd-881f-9b51475f8468</guid>
        <createDateTime>2017-03-16T16:20:24</createDateTime>
    </header>
    <ns2:body>
        <ns2:item>
            <guid>a9898519-5992-0004-0000-58ca8d7dc076</guid>
            <ns2:purchaseNoticeData>
                <ns2:guid>a9898519-5992-0004-0000-58ca8d7dc076</ns2:guid>
                <ns2:createDateTime>2017-03-16T16:05:16</ns2:createDateTime>
                <ns2:urlOOS>https://zakupki.gov.ru/223/purchase/private/purchase/notice-info/details.html?noticeInfoId=5887254</ns2:urlOOS>
                <ns2:urlVSRZ>http://www.b2b-mrsk.ru/market/opredelenie-podriadchika-na-vypolnenie-smr-pnr-oborudovanie-i/tender-795992/</ns2:urlVSRZ>
                <ns2:registrationNumber>31704899105</ns2:registrationNumber>
                <ns2:name>Определение подрядчика на выполнение СМР, ПНР, оборудование и материалы  по титулу: Строительство ТП-2х400/10/0,38 кВ, ВЛЗ-10 кВ от ВЛЗ-10 кВ ф.Тимонино ПС-25 "Встреча", в т.ч. ПИР, МО, Наро-Фоминский р-н, д.Свитино для нужд ЗЭС - филиала ПАО "МОЭСК" (795992)</ns2:name>
                <ns2:customer>
                    <mainInfo>
                        <fullName>ПУБЛИЧНОЕ АКЦИОНЕРНОЕ ОБЩЕСТВО "МОСКОВСКАЯ ОБЪЕДИНЕННАЯ ЭЛЕКТРОСЕТЕВАЯ КОМПАНИЯ"</fullName>
                        <shortName>ПАО "МОСКОВСКАЯ ОБЪЕДИНЕННАЯ ЭЛЕКТРОСЕТЕВАЯ КОМПАНИЯ" ПАО "МОЭСК"</shortName>
                        <iko>55036065113772501001</iko>
                        <inn>5036065113</inn>
                        <kpp>772501001</kpp>
                        <ogrn>1057746555811</ogrn>
                        <legalAddress>115114, г МОСКВА, пр ПАВЕЛЕЦКИЙ 2-Й, дом 3, корпус 2</legalAddress>
                        <postalAddress>115114, г. Москва,  2-ой Павелецкий пр-д, д.3, стр. 2.</postalAddress>
                        <phone>7-495-6624070-4774</phone>
                        <email>SinyutinPA@moesk.ru</email>
                        <okato>45296559000</okato>
                        <okpo>75273098</okpo>
                    </mainInfo>
                </ns2:customer>
                <ns2:purchaseMethodCode>6277</ns2:purchaseMethodCode>
                <ns2:purchaseCodeName>Открытый запрос цен в электронной форме</ns2:purchaseCodeName>
                <ns2:placer>
                    <mainInfo>
                        <fullName>Публичное акционерное общество "Московская объединенная электросетевая компания" филиал "Западные электрические сети"</fullName>
                        <shortName>ПАО "МОЭСК" филиал ЗЭС</shortName>
                        <iko>55036065113773002001</iko>
                        <inn>5036065113</inn>
                        <kpp>773002001</kpp>
                        <ogrn>1057746555811</ogrn>
                        <legalAddress>г. Москва. ул. 1812 года, д. 15</legalAddress>
                        <postalAddress>121170, г. Москва, улица 1812 года, дом 15</postalAddress>
                        <phone>7-495-5257374</phone>
                        <email>SinyutinPA@moesk.ru</email>
                        <okato>45296559000</okato>
                        <okpo>75273098</okpo>
                    </mainInfo>
                </ns2:placer>
                <ns2:contact>
                    <firstName>Артем</firstName>
                    <middleName>Валерьевич</middleName>
                    <lastName>Мурудов</lastName>
                    <phone>+7 (495) 5257374</phone>
                    <email>MurudovAV@Moesk.ru</email>
                    <organization>
                        <mainInfo>
                            <fullName>Публичное акционерное общество "Московская объединенная электросетевая компания" филиал "Западные электрические сети"</fullName>
                            <shortName>ПАО "МОЭСК" филиал ЗЭС</shortName>
                            <iko>55036065113773002001</iko>
                            <inn>5036065113</inn>
                            <kpp>773002001</kpp>
                            <ogrn>1057746555811</ogrn>
                            <legalAddress>г. Москва. ул. 1812 года, д. 15</legalAddress>
                            <postalAddress>121170, г. Москва, улица 1812 года, дом 15</postalAddress>
                            <phone>7-495-5257374</phone>
                            <email>SinyutinPA@moesk.ru</email>
                            <okato>45296559000</okato>
                            <okpo>75273098</okpo>
                        </mainInfo>
                    </organization>
                </ns2:contact>
                <ns2:publicationDateTime>2017-03-16T16:20:24</ns2:publicationDateTime>
                <ns2:documentationDelivery>
                    <deliveryStartDateTime>2017-03-16</deliveryStartDateTime>
                    <deliveryEndDateTime>2017-03-22</deliveryEndDateTime>
                    <place>ЭТП группы B2B-Center</place>
                    <procedure>Документация по закупке предоставляется без взимания платы в форме электронного документа на сайте ЭТП группы B2B-Center</procedure>
                </ns2:documentationDelivery>
                <ns2:status>P</ns2:status>
                <ns2:version>1</ns2:version>
                <ns2:notDishonest>true</ns2:notDishonest>
                <ns2:attachments>
                    <totalDocumentsCount>2</totalDocumentsCount>
                    <document>
                        <guid>a9898519-5992-0004-0000-58ca8d7dc076</guid>
                        <createDateTime>2017-03-16T14:56:06</createDateTime>
                        <fileName>083-0008304 - Наро-Фоминский р-н, д.Свитино.rar</fileName>
                        <description>083-0008304 - Наро-Фоминский р-н, д.Свитино.rar</description>
                        <url>http://zakupki.gov.ru/223/purchase/public/download/download.html?id=30115532</url>
                    </document>
                    <document>
                        <guid>a9898519-5992-0004-0001-58ca8d7dc076</guid>
                        <createDateTime>2017-03-16T14:56:06</createDateTime>
                        <fileName>Рабочий проект.rar</fileName>
                        <description>Рабочий проект.rar</description>
                        <url>http://zakupki.gov.ru/223/purchase/public/download/download.html?id=30115534</url>
                    </document>
                </ns2:attachments>
                <ns2:modificationDate>2017-03-16T16:20:24</ns2:modificationDate>
                <ns2:saveUserId>42270</ns2:saveUserId>
                <ns2:deliveryPlaceIndication>DIFFERENT_PLACE</ns2:deliveryPlaceIndication>
                <ns2:emergency>false</ns2:emergency>
                <ns2:jointPurchase>false</ns2:jointPurchase>
                <ns2:electronicPlaceInfo>
                    <name>Система электронных торгов B2B-Center</name>
                    <url>http://b2b-center.ru</url>
                    <electronicPlaceId>107</electronicPlaceId>
                </ns2:electronicPlaceInfo>
                <ns2:placingProcedure>
                    <ns2:examinationPlace>121170, г. Москва, улица 1812 года, дом 15</ns2:examinationPlace>
                    <ns2:examinationDateTime>2017-03-30T11:00:00</ns2:examinationDateTime>
                    <ns2:summingupDateTime>2017-03-30T11:00:00</ns2:summingupDateTime>
                </ns2:placingProcedure>
                <ns2:submissionCloseDateTime>2017-03-22T11:00:00</ns2:submissionCloseDateTime>
                <ns2:publicationPlannedDate>2017-03-16</ns2:publicationPlannedDate>
                <ns2:lots>
                    <lot>
                        <guid>a9898519-5992-0004-0001-58ca8d7e0dd8</guid>
                        <ordinalNumber>1</ordinalNumber>
                        <lotEditEnabled>true</lotEditEnabled>
                        <lotData>
                            <subject>Определение подрядчика на выполнение СМР, ПНР, оборудование и материалы  по титулу: Строительство ТП-2х400/10/0,38 кВ, ВЛЗ-10 кВ от ВЛЗ-10 кВ ф.Тимонино ПС-25 "Встреча", в т.ч. ПИР, МО, Наро-Фоминский р-н, д.Свитино для нужд ЗЭС - филиала ПАО "МОЭСК"</subject>
                            <currency>
                                <code>RUB</code>
                                <digitalCode>643</digitalCode>
                                <name>Российский рубль</name>
                            </currency>
                            <initialSum>3132121.20</initialSum>
                            <deliveryPlace>
                                <address>121170, г. Москва, улица 1812 года, дом 15</address>
                            </deliveryPlace>
                            <lotItems>
                                <newCodes>true</newCodes>
                                <lotItem>
                                    <guid>a9898519-0000-0004-0102-000000795992</guid>
                                    <ordinalNumber>1</ordinalNumber>
                                    <okpd2>
                                        <code>71.1</code>
                                        <name>Услуги в области архитектуры, инженерно-технического проектирования и связанные технические консультативные услуги</name>
                                    </okpd2>
                                    <okved2>
                                        <code>42.22</code>
                                        <name>Строительство коммунальных объектов для обеспечения электроэнергией и телекоммуникациями</name>
                                    </okved2>
                                    <okei>
                                        <code>642</code>
                                        <name>Единица</name>
                                    </okei>
                                    <qty>1</qty>
                                </lotItem>
                            </lotItems>
                            <forSmallOrMiddle>true</forSmallOrMiddle>
                            <excludePurchaseFromPlan>false</excludePurchaseFromPlan>
                            <subcontractorsRequirement>false</subcontractorsRequirement>
                            <ignoredPurchase>false</ignoredPurchase>
                            <centralized>false</centralized>
                        </lotData>
                        <deliveryPlaceIndication>GL</deliveryPlaceIndication>
                        <jointLotData>
                            <jointLot>false</jointLot>
                        </jointLotData>
                        <lotPlanInfo>
                            <planRegistrationNumber>2160198355</planRegistrationNumber>
                            <planGuid>bf5e9fb9-9125-4579-a1fa-37da05793796</planGuid>
                            <positionNumber>830008304</positionNumber>
                            <lotPlanPosition>COMMODITY</lotPlanPosition>
                            <positionGuid>a9898519-2019-0250-8304-000006357619</positionGuid>
                        </lotPlanInfo>
                        <cancelled>false</cancelled>
                    </lot>
                </ns2:lots>
            </ns2:purchaseNoticeData>
        </ns2:item>
    </ns2:body>
</ns2:purchaseNotice>
