<?xml version="1.0" encoding="UTF-8" standalone="yes"?>
<ns2:purchaseNotice xsi:schemaLocation="http://zakupki.gov.ru/223/integration/schema/TFF-5.2 http://zakupki.gov.ru/223/integration/schema/TFF-5.2/purchase.xsd" xmlns="http://zakupki.gov.ru/223fz/types/1" xmlns:ns10="http://zakupki.gov.ru/223fz/purchasePlan/1" xmlns:ns11="http://zakupki.gov.ru/223fz/purchasePlanProject/1" xmlns:ns12="http://zakupki.gov.ru/223fz/purchasePlanProjectAdditionalPosition/1" xmlns:ns13="http://zakupki.gov.ru/223fz/contract/1" xmlns:ns14="http://zakupki.gov.ru/223fz/missedNotice/1" xmlns:ns15="http://zakupki.gov.ru/223fz/reference/1" xmlns:ns16="http://zakupki.gov.ru/223fz/stopCommodity/1" xmlns:ns17="http://zakupki.gov.ru/223fz/decisionSuspension/1" xmlns:ns18="http://zakupki.gov.ru/223fz/purchasePlanAdditionalPosition/1" xmlns:ns19="http://zakupki.gov.ru/223fz/webRequest/1" xmlns:ns2="http://zakupki.gov.ru/223fz/purchase/1" xmlns:xsi="http://www.w3.org/2001/XMLSchema-instance" xmlns:ns3="http://zakupki.gov.ru/223fz/dishonestSupplier/1" xmlns:ns4="http://zakupki.gov.ru/223fz/machineryListInfo/1" xmlns:ns5="http://zakupki.gov.ru/223fz/revenue/1" xmlns:ns6="http://zakupki.gov.ru/223fz/orderClauseList/1" xmlns:ns7="http://zakupki.gov.ru/223fz/disagreementProtocol/1" xmlns:ns8="http://zakupki.gov.ru/223fz/complaint/1" xmlns:ns9="http://zakupki.gov.ru/223fz/notificationIssue/1">
    <header>
        <guid>aaca9c15-0b84-4682-9b81-8e3ec69f7378</guid>
        <createDateTime>2017-03-16T17:12:28</createDateTime>
    </header>
    <ns2:body>
        <ns2:item>
            <guid>0addd011-6b0b-1ed7-82c9-6df11ad58fa6</guid>
            <ns2:purchaseNoticeData>
                <ns2:guid>0addd011-6b0b-1ed7-82c9-6df11ad58fa6</ns2:guid>
                <ns2:createDateTime>2017-03-16T17:10:28</ns2:createDateTime>
                <ns2:urlOOS>https://zakupki.gov.ru/223/purchase/private/purchase/notice-info/details.html?noticeInfoId=5887926</ns2:urlOOS>
                <ns2:urlVSRZ>ЕОС-Закупки</ns2:urlVSRZ>
                <ns2:registrationNumber>31704808016</ns2:registrationNumber>
                <ns2:name>Право заключения договора на Ремонт электрических розеточных сетей и систем кондиционирования в помещениях Смоленской АЭС</ns2:name>
                <ns2:customer>
                    <mainInfo>
                        <fullName>АКЦИОНЕРНОЕ ОБЩЕСТВО "РОССИЙСКИЙ КОНЦЕРН ПО ПРОИЗВОДСТВУ ЭЛЕКТРИЧЕСКОЙ И ТЕПЛОВОЙ ЭНЕРГИИ НА АТОМНЫХ СТАНЦИЯХ"</fullName>
                        <shortName>АО "КОНЦЕРН РОСЭНЕРГОАТОМ"</shortName>
                        <iko>57721632827772101001</iko>
                        <inn>7721632827</inn>
                        <kpp>772101001</kpp>
                        <ogrn>5087746119951</ogrn>
                        <legalAddress>109507, Г МОСКВА, УЛ ФЕРГАНСКАЯ, дом 25</legalAddress>
                        <postalAddress>109507, г. Москва, ул. Ферганская, д.25
</postalAddress>
                        <phone>7-495-6474189</phone>
                        <fax>7-495-6474603</fax>
                        <email>petrov-au@rosenergoatom.ru</email>
                        <okato>45290554000</okato>
                        <okpo>08844275</okpo>
                    </mainInfo>
                </ns2:customer>
                <ns2:purchaseMethodCode>5905</ns2:purchaseMethodCode>
                <ns2:purchaseCodeName>Открытый запрос предложений в электронной форме</ns2:purchaseCodeName>
                <ns2:placer>
                    <mainInfo>
                        <fullName>Филиал ОАО"Концерн РОсэнергоатом" "Смоленская атомная станция" "Смоленская атомная станция"</fullName>
                        <shortName>Смоленская АЭС</shortName>
                        <iko>57721632827672443001</iko>
                        <inn>7721632827</inn>
                        <kpp>672443001</kpp>
                        <ogrn>5087746119951</ogrn>
                        <legalAddress>216400, Смоленская область, г. Десногорск, Смоленская АЭС</legalAddress>
                        <postalAddress>216400, Смоленская область, г. Десногорск, Смоленская АЭС</postalAddress>
                        <phone>7-495-6474189</phone>
                        <fax>7-495-6474603</fax>
                        <email>petrov-au@rosenergoatom.ru</email>
                        <okato>66410000000</okato>
                        <okpo>25798559</okpo>
                    </mainInfo>
                </ns2:placer>
                <ns2:contact>
                    <firstName>Лилия</firstName>
                    <middleName>Михайловна</middleName>
                    <lastName>Булычева</lastName>
                    <phone>+8 (48153) 3, доб.: 0439</phone>
                    <fax>+8 (48153) 3, доб.: 0439</fax>
                    <email>BulychevaLM@SAES.RU</email>
                    <organization>
                        <mainInfo>
                            <fullName>Филиал ОАО"Концерн РОсэнергоатом" "Смоленская атомная станция" "Смоленская атомная станция"</fullName>
                            <shortName>Смоленская АЭС</shortName>
                            <iko>57721632827672443001</iko>
                            <inn>7721632827</inn>
                            <kpp>672443001</kpp>
                            <ogrn>5087746119951</ogrn>
                            <legalAddress>216400, Смоленская область, г. Десногорск, Смоленская АЭС</legalAddress>
                            <postalAddress>216400, Смоленская область, г. Десногорск, Смоленская АЭС</postalAddress>
                            <phone>7-495-6474189</phone>
                            <fax>7-495-6474603</fax>
                            <email>petrov-au@rosenergoatom.ru</email>
                            <okato>66410000000</okato>
                            <okpo>25798559</okpo>
                        </mainInfo>
                    </organization>
                </ns2:contact>
                <ns2:publicationDateTime>2017-03-16T17:12:28</ns2:publicationDateTime>
                <ns2:documentationDelivery>
                    <deliveryStartDateTime>2017-02-17</deliveryStartDateTime>
                    <deliveryEndDateTime>2017-03-01</deliveryEndDateTime>
                    <place>Росэлторг 2  http://atom2.roseltorg.ru/</place>
                    <procedure>На официальных сайтах закупочная документация находится в открытом доступе, начиная с даты официальной публикации</procedure>
                </ns2:documentationDelivery>
                <ns2:status>P</ns2:status>
                <ns2:version>2</ns2:version>
                <ns2:modificationDescription>п.7.11 Приложения 12 ЕОСЗ</ns2:modificationDescription>
                <ns2:notDishonest>true</ns2:notDishonest>
                <ns2:attachments>
                    <totalDocumentsCount>1</totalDocumentsCount>
                    <document>
                        <guid>f2f32b7a-a50b-1ed7-82ca-2ee8b9a6da14</guid>
                        <createDateTime>2017-03-16T14:04:27</createDateTime>
                        <fileName>Протокол рассмотрения от 16.03.2017.pdf</fileName>
                        <description>Протокол рассмотрения от 16.03.2017</description>
                        <url>http://zakupki.gov.ru/223/purchase/public/download/download.html?id=30118863</url>
                    </document>
                </ns2:attachments>
                <ns2:modificationDate>2017-03-16T17:12:28</ns2:modificationDate>
                <ns2:saveUserId>133469</ns2:saveUserId>
                <ns2:deliveryPlaceIndication>DIFFERENT_PLACE</ns2:deliveryPlaceIndication>
                <ns2:emergency>false</ns2:emergency>
                <ns2:jointPurchase>false</ns2:jointPurchase>
                <ns2:electronicPlaceInfo>
                    <name>Росэлторг 2</name>
                    <url>http://roseltorg.ru</url>
                    <electronicPlaceId>102</electronicPlaceId>
                </ns2:electronicPlaceInfo>
                <ns2:placingProcedure>
                    <ns2:examinationPlace>САЭС, Административно-бытовой корпус, зал заседаний</ns2:examinationPlace>
                    <ns2:examinationDateTime>2017-03-28T23:59:59</ns2:examinationDateTime>
                    <ns2:summingupDateTime>2017-04-06T23:59:59</ns2:summingupDateTime>
                </ns2:placingProcedure>
                <ns2:submissionCloseDateTime>2017-03-01T08:30:00</ns2:submissionCloseDateTime>
                <ns2:publicationPlannedDate>2017-02-17</ns2:publicationPlannedDate>
                <ns2:lots>
                    <lot>
                        <guid>58a677d5-bdd9-0de0-e100-80000a7c1050</guid>
                        <ordinalNumber>1</ordinalNumber>
                        <lotEditEnabled>true</lotEditEnabled>
                        <lotData>
                            <subject>Право заключения договора на Ремонт электрических розеточных сетей и систем кондиционирования в помещениях Смоленской АЭС</subject>
                            <currency>
                                <code>RUB</code>
                                <digitalCode>643</digitalCode>
                                <name>Российский рубль</name>
                            </currency>
                            <initialSum>2228235.30</initialSum>
                            <deliveryPlace>
                                <state>Центральный федеральный округ</state>
                                <region>Москва</region>
                                <regionOkato>45000000000</regionOkato>
                                <address>Помещения зоны контролируемого доступа и промплощадки Смоленской АЭС, перечисленные в п.2.1 настоящего Технического задания.</address>
                            </deliveryPlace>
                            <lotItems>
                                <newCodes>true</newCodes>
                                <lotItem>
                                    <guid>589c3b9d-4c6f-4bc0-e100-80000a7c1051</guid>
                                    <ordinalNumber>1</ordinalNumber>
                                    <okpd2>
                                        <code>43.21.10.120</code>
                                        <name>Работы электромонтажные, связанные с установкой приборов</name>
                                    </okpd2>
                                    <okved2>
                                        <code>35.11.3</code>
                                        <name>Производство электроэнергии атомными электростанциями, в том числе деятельность по обеспечению работоспособности электростанций</name>
                                    </okved2>
                                    <additionalInfo>Закупка проводится у субъектов малого и среднего предпринимательства.</additionalInfo>
                                </lotItem>
                            </lotItems>
                            <forSmallOrMiddle>true</forSmallOrMiddle>
                            <excludePurchaseFromPlan>false</excludePurchaseFromPlan>
                            <subcontractorsRequirement>false</subcontractorsRequirement>
                            <ignoredPurchase>false</ignoredPurchase>
                            <centralized>false</centralized>
                        </lotData>
                        <deliveryPlaceIndication>GL</deliveryPlaceIndication>
                        <jointLotData>
                            <jointLot>false</jointLot>
                        </jointLotData>
                        <lotPlanInfo>
                            <planRegistrationNumber>2160184588</planRegistrationNumber>
                            <planGuid>400f977e-055d-496b-9b06-1fe1de4b483f</planGuid>
                            <positionNumber>1029300403</positionNumber>
                            <lotPlanPosition>COMMODITY</lotPlanPosition>
                            <positionGuid>58740c74-d7d0-1f70-e100-80000a7c106e</positionGuid>
                        </lotPlanInfo>
                        <cancelled>false</cancelled>
                    </lot>
                </ns2:lots>
            </ns2:purchaseNoticeData>
        </ns2:item>
    </ns2:body>
</ns2:purchaseNotice>
