<?xml version="1.0" encoding="UTF-8" standalone="yes"?>
<ns2:purchaseNotice xsi:schemaLocation="http://zakupki.gov.ru/223/integration/schema/TFF-5.2 http://zakupki.gov.ru/223/integration/schema/TFF-5.2/purchase.xsd" xmlns="http://zakupki.gov.ru/223fz/types/1" xmlns:ns10="http://zakupki.gov.ru/223fz/purchasePlan/1" xmlns:ns11="http://zakupki.gov.ru/223fz/purchasePlanProject/1" xmlns:ns12="http://zakupki.gov.ru/223fz/purchasePlanProjectAdditionalPosition/1" xmlns:ns13="http://zakupki.gov.ru/223fz/contract/1" xmlns:ns14="http://zakupki.gov.ru/223fz/missedNotice/1" xmlns:ns15="http://zakupki.gov.ru/223fz/reference/1" xmlns:ns16="http://zakupki.gov.ru/223fz/stopCommodity/1" xmlns:ns17="http://zakupki.gov.ru/223fz/decisionSuspension/1" xmlns:ns18="http://zakupki.gov.ru/223fz/purchasePlanAdditionalPosition/1" xmlns:ns19="http://zakupki.gov.ru/223fz/webRequest/1" xmlns:ns2="http://zakupki.gov.ru/223fz/purchase/1" xmlns:xsi="http://www.w3.org/2001/XMLSchema-instance" xmlns:ns3="http://zakupki.gov.ru/223fz/dishonestSupplier/1" xmlns:ns4="http://zakupki.gov.ru/223fz/machineryListInfo/1" xmlns:ns5="http://zakupki.gov.ru/223fz/revenue/1" xmlns:ns6="http://zakupki.gov.ru/223fz/orderClauseList/1" xmlns:ns7="http://zakupki.gov.ru/223fz/disagreementProtocol/1" xmlns:ns8="http://zakupki.gov.ru/223fz/complaint/1" xmlns:ns9="http://zakupki.gov.ru/223fz/notificationIssue/1">
    <header>
        <guid>b28049dd-9213-43a9-9daa-ac023e15af01</guid>
        <createDateTime>2017-03-16T16:20:24</createDateTime>
    </header>
    <ns2:body>
        <ns2:item>
            <guid>0ef84d6c-7749-c70d-b9a8-cb8601d716c0</guid>
            <ns2:purchaseNoticeData>
                <ns2:guid>0ef84d6c-7749-c70d-b9a8-cb8601d716c0</ns2:guid>
                <ns2:createDateTime>2017-03-16T16:12:06</ns2:createDateTime>
                <ns2:urlOOS>https://zakupki.gov.ru/223/purchase/private/purchase/notice-info/details.html?noticeInfoId=5887343</ns2:urlOOS>
                <ns2:urlVSRZ>https://etp.gpb.ru/#com/procedure/view/procedure/88499</ns2:urlVSRZ>
                <ns2:registrationNumber>31704848608</ns2:registrationNumber>
                <ns2:name>поставка трубок K-FLEX</ns2:name>
                <ns2:customer>
                    <mainInfo>
                        <fullName>ОТКРЫТОЕ АКЦИОНЕРНОЕ ОБЩЕСТВО "КОРПОРАЦИЯ КОСМИЧЕСКИХ СИСТЕМ СПЕЦИАЛЬНОГО НАЗНАЧЕНИЯ "КОМЕТА"</fullName>
                        <shortName>ОАО "КОРПОРАЦИЯ "КОМЕТА"</shortName>
                        <iko>57723836671772301001</iko>
                        <inn>7723836671</inn>
                        <kpp>772301001</kpp>
                        <ogrn>1127746365670</ogrn>
                        <legalAddress>115280, г МОСКВА, ул ВЕЛОЗАВОДСКАЯ, дом 5</legalAddress>
                        <postalAddress>115280, Москва город, Велозаводская улица, дом 5</postalAddress>
                        <phone>7-495-6750174</phone>
                        <fax>7-495-6750174</fax>
                        <email>UPO-10@corpkometa.ru</email>
                        <okato>45290594000</okato>
                        <okpo>11479454</okpo>
                    </mainInfo>
                </ns2:customer>
                <ns2:purchaseMethodCode>36147</ns2:purchaseMethodCode>
                <ns2:purchaseCodeName>Запрос котировок в электронной форме</ns2:purchaseCodeName>
                <ns2:placer>
                    <mainInfo>
                        <fullName>ОТКРЫТОЕ АКЦИОНЕРНОЕ ОБЩЕСТВО "КОРПОРАЦИЯ КОСМИЧЕСКИХ СИСТЕМ СПЕЦИАЛЬНОГО НАЗНАЧЕНИЯ "КОМЕТА"</fullName>
                        <shortName>ОАО "КОРПОРАЦИЯ "КОМЕТА"</shortName>
                        <iko>57723836671772301001</iko>
                        <inn>7723836671</inn>
                        <kpp>772301001</kpp>
                        <ogrn>1127746365670</ogrn>
                        <legalAddress>115280, г МОСКВА, ул ВЕЛОЗАВОДСКАЯ, дом 5</legalAddress>
                        <postalAddress>115280, Москва город, Велозаводская улица, дом 5</postalAddress>
                        <phone>7-495-6750174</phone>
                        <fax>7-495-6750174</fax>
                        <email>UPO-10@corpkometa.ru</email>
                        <okato>45290594000</okato>
                        <okpo>11479454</okpo>
                    </mainInfo>
                </ns2:placer>
                <ns2:contact>
                    <firstName>Тимур</firstName>
                    <middleName>Тамерланович</middleName>
                    <lastName>Коцоев</lastName>
                    <phone>+7 (495) 6750174</phone>
                    <email>zakupki@corpkometa.ru</email>
                    <organization>
                        <mainInfo>
                            <fullName>ОТКРЫТОЕ АКЦИОНЕРНОЕ ОБЩЕСТВО "КОРПОРАЦИЯ КОСМИЧЕСКИХ СИСТЕМ СПЕЦИАЛЬНОГО НАЗНАЧЕНИЯ "КОМЕТА"</fullName>
                            <shortName>ОАО "КОРПОРАЦИЯ "КОМЕТА"</shortName>
                            <iko>57723836671772301001</iko>
                            <inn>7723836671</inn>
                            <kpp>772301001</kpp>
                            <ogrn>1127746365670</ogrn>
                            <legalAddress>115280, г МОСКВА, ул ВЕЛОЗАВОДСКАЯ, дом 5</legalAddress>
                            <postalAddress>115280, Москва город, Велозаводская улица, дом 5</postalAddress>
                            <phone>7-495-6750174</phone>
                            <fax>7-495-6750174</fax>
                            <email>UPO-10@corpkometa.ru</email>
                            <okato>45290594000</okato>
                            <okpo>11479454</okpo>
                        </mainInfo>
                    </organization>
                </ns2:contact>
                <ns2:publicationDateTime>2017-03-16T16:20:24</ns2:publicationDateTime>
                <ns2:documentationDelivery>
                    <deliveryStartDateTime>2017-03-02</deliveryStartDateTime>
                    <deliveryEndDateTime>2017-03-22</deliveryEndDateTime>
                    <place>https://etp.gpb.ru/</place>
                    <procedure>посредством размещения для скачивания и ознакомления</procedure>
                </ns2:documentationDelivery>
                <ns2:status>P</ns2:status>
                <ns2:version>3</ns2:version>
                <ns2:modificationDescription>Изложено в прилагаемой документации</ns2:modificationDescription>
                <ns2:notDishonest>true</ns2:notDishonest>
                <ns2:attachments>
                    <totalDocumentsCount>6</totalDocumentsCount>
                    <document>
                        <guid>b7fb8dea-617f-e8d2-ad02-08d751e1b1a6</guid>
                        <createDateTime>2017-03-16T16:09:28</createDateTime>
                        <fileName>2017_03_16_Техническое_задание.pdf</fileName>
                        <description>Техническое задание</description>
                        <url>http://zakupki.gov.ru/223/purchase/public/download/download.html?id=30115952</url>
                    </document>
                    <document>
                        <guid>e3ed8d90-1aaf-bff2-5b0b-27a848e32019</guid>
                        <createDateTime>2017-03-16T16:09:19</createDateTime>
                        <fileName>2017_03_16_Документация.pdf</fileName>
                        <description>Документация</description>
                        <url>http://zakupki.gov.ru/223/purchase/public/download/download.html?id=30115953</url>
                    </document>
                    <document>
                        <guid>8717f252-4120-a2f8-3d5a-77010ffd3a83</guid>
                        <createDateTime>2017-03-13T15:57:29</createDateTime>
                        <fileName>2017_03_13_Приложение_к_указанию.pdf</fileName>
                        <description>Приложение к указанию</description>
                        <url>http://zakupki.gov.ru/223/purchase/public/download/download.html?id=30115947</url>
                    </document>
                    <document>
                        <guid>5e0b7f2f-1954-e1f3-bc9d-7fc7cca83bbb</guid>
                        <createDateTime>2017-03-16T16:09:04</createDateTime>
                        <fileName>2017_03_16_Приложение_к_указанию.pdf</fileName>
                        <description>Приложение к указанию</description>
                        <url>http://zakupki.gov.ru/223/purchase/public/download/download.html?id=30115949</url>
                    </document>
                    <document>
                        <guid>891226c6-43d7-f018-7058-684aad5828f1</guid>
                        <createDateTime>2017-03-16T16:09:11</createDateTime>
                        <fileName>2017_03_16_Извещение.pdf</fileName>
                        <description>Извещение</description>
                        <url>http://zakupki.gov.ru/223/purchase/public/download/download.html?id=30115950</url>
                    </document>
                    <document>
                        <guid>c15602c4-169c-aedf-b0d3-ec5be70c0852</guid>
                        <createDateTime>2017-03-02T09:53:25</createDateTime>
                        <fileName>2017_03_02_Проект_договора.pdf</fileName>
                        <description>Проект договора</description>
                        <url>http://zakupki.gov.ru/223/purchase/public/download/download.html?id=30115951</url>
                    </document>
                </ns2:attachments>
                <ns2:modificationDate>2017-03-16T16:20:24</ns2:modificationDate>
                <ns2:saveUserId>1778</ns2:saveUserId>
                <ns2:deliveryPlaceIndication>DIFFERENT_PLACE</ns2:deliveryPlaceIndication>
                <ns2:emergency>false</ns2:emergency>
                <ns2:jointPurchase>false</ns2:jointPurchase>
                <ns2:electronicPlaceInfo>
                    <name>ЭТП ГПБ</name>
                    <url>https://etp.gpb.ru/</url>
                    <electronicPlaceId>125</electronicPlaceId>
                </ns2:electronicPlaceInfo>
                <ns2:placingProcedure>
                    <ns2:examinationPlace>Москва</ns2:examinationPlace>
                    <ns2:examinationDateTime>2017-03-27T11:00:00</ns2:examinationDateTime>
                    <ns2:summingupDateTime>2017-03-27T11:00:00</ns2:summingupDateTime>
                </ns2:placingProcedure>
                <ns2:submissionCloseDateTime>2017-03-22T11:00:00</ns2:submissionCloseDateTime>
                <ns2:publicationPlannedDate>2017-03-02</ns2:publicationPlannedDate>
                <ns2:lots>
                    <lot>
                        <guid>1789fe0f-803d-c3dc-9ab4-78c69edadeae</guid>
                        <ordinalNumber>1</ordinalNumber>
                        <lotEditEnabled>true</lotEditEnabled>
                        <lotData>
                            <subject>Закупка трубок 
</subject>
                            <currency>
                                <code>RUB</code>
                                <digitalCode>643</digitalCode>
                                <name>Российский рубль</name>
                            </currency>
                            <initialSum>1482943.30</initialSum>
                            <deliveryPlace>
                                <address>В соответствии в документацией о запросе котировок.</address>
                            </deliveryPlace>
                            <lotItems>
                                <newCodes>true</newCodes>
                                <lotItem>
                                    <guid>a585f851-970d-1599-7da8-3c3a18eeebae</guid>
                                    <ordinalNumber>1</ordinalNumber>
                                    <okpd2>
                                        <code>23.99.19.111</code>
                                        <name>Материалы и изделия минеральные теплоизоляционные</name>
                                    </okpd2>
                                    <okved2>
                                        <code>23.99</code>
                                        <name>Производство прочей неметаллической минеральной продукции, не включенной в другие группировки</name>
                                    </okved2>
                                    <okei>
                                        <code>876</code>
                                        <name>Условная единица</name>
                                    </okei>
                                    <qty>1</qty>
                                    <additionalInfo>Закупка трубок </additionalInfo>
                                </lotItem>
                            </lotItems>
                            <forSmallOrMiddle>false</forSmallOrMiddle>
                            <excludePurchaseFromPlan>false</excludePurchaseFromPlan>
                            <subcontractorsRequirement>false</subcontractorsRequirement>
                            <ignoredPurchase>false</ignoredPurchase>
                            <centralized>false</centralized>
                        </lotData>
                        <deliveryPlaceIndication>GL</deliveryPlaceIndication>
                        <jointLotData>
                            <jointLot>false</jointLot>
                        </jointLotData>
                        <lotPlanInfo>
                            <planRegistrationNumber>2160207275</planRegistrationNumber>
                            <planGuid>230f0caa-fcd6-4937-96fa-43dc045429ac</planGuid>
                            <positionNumber>176</positionNumber>
                            <lotPlanPosition>COMMODITY</lotPlanPosition>
                            <positionGuid>b69ba75d-4122-447b-b461-322843a57281</positionGuid>
                        </lotPlanInfo>
                        <cancelled>false</cancelled>
                    </lot>
                </ns2:lots>
            </ns2:purchaseNoticeData>
        </ns2:item>
    </ns2:body>
</ns2:purchaseNotice>
