<?xml version="1.0" encoding="UTF-8" standalone="yes"?>
<ns2:purchaseNotice xsi:schemaLocation="http://zakupki.gov.ru/223/integration/schema/TFF-5.2 http://zakupki.gov.ru/223/integration/schema/TFF-5.2/purchase.xsd" xmlns="http://zakupki.gov.ru/223fz/types/1" xmlns:ns10="http://zakupki.gov.ru/223fz/purchasePlan/1" xmlns:ns11="http://zakupki.gov.ru/223fz/purchasePlanProject/1" xmlns:ns12="http://zakupki.gov.ru/223fz/purchasePlanProjectAdditionalPosition/1" xmlns:ns13="http://zakupki.gov.ru/223fz/contract/1" xmlns:ns14="http://zakupki.gov.ru/223fz/missedNotice/1" xmlns:ns15="http://zakupki.gov.ru/223fz/reference/1" xmlns:ns16="http://zakupki.gov.ru/223fz/stopCommodity/1" xmlns:ns17="http://zakupki.gov.ru/223fz/decisionSuspension/1" xmlns:ns18="http://zakupki.gov.ru/223fz/purchasePlanAdditionalPosition/1" xmlns:ns19="http://zakupki.gov.ru/223fz/webRequest/1" xmlns:ns2="http://zakupki.gov.ru/223fz/purchase/1" xmlns:xsi="http://www.w3.org/2001/XMLSchema-instance" xmlns:ns3="http://zakupki.gov.ru/223fz/dishonestSupplier/1" xmlns:ns4="http://zakupki.gov.ru/223fz/machineryListInfo/1" xmlns:ns5="http://zakupki.gov.ru/223fz/revenue/1" xmlns:ns6="http://zakupki.gov.ru/223fz/orderClauseList/1" xmlns:ns7="http://zakupki.gov.ru/223fz/disagreementProtocol/1" xmlns:ns8="http://zakupki.gov.ru/223fz/complaint/1" xmlns:ns9="http://zakupki.gov.ru/223fz/notificationIssue/1">
    <header>
        <guid>f0c2423e-848e-4ed2-80c0-0756e87ca4d4</guid>
        <createDateTime>2017-03-16T17:27:10</createDateTime>
    </header>
    <ns2:body>
        <ns2:item>
            <guid>297b9dc0-0d9a-1ee7-8081-1bc60271016c</guid>
            <ns2:purchaseNoticeData>
                <ns2:guid>297b9dc0-0d9a-1ee7-8081-1bc60271016c</ns2:guid>
                <ns2:createDateTime>2017-03-16T17:06:51</ns2:createDateTime>
                <ns2:urlOOS>https://zakupki.gov.ru/223/purchase/private/purchase/notice-info/details.html?noticeInfoId=5887891</ns2:urlOOS>
                <ns2:urlVSRZ>www.rosneft.ru</ns2:urlVSRZ>
                <ns2:registrationNumber>31704899689</ns2:registrationNumber>
                <ns2:name>Оценка перспектив нефтегазоносности рифогенных отложений Р1 с целью подготовки объектов под бурение на Лабаганском, Наульском, Пасседском месторождениях и смежных участках</ns2:name>
                <ns2:customer>
                    <mainInfo>
                        <fullName>ПУБЛИЧНОЕ АКЦИОНЕРНОЕ ОБЩЕСТВО "НЕФТЯНАЯ КОМПАНИЯ "РОСНЕФТЬ"</fullName>
                        <shortName>ПАО "НК "РОСНЕФТЬ"</shortName>
                        <iko>67706107510997150001</iko>
                        <inn>7706107510</inn>
                        <kpp>770601001</kpp>
                        <ogrn>1027700043502</ogrn>
                        <legalAddress>115035, Г МОСКВА, НАБ СОФИЙСКАЯ, дом 26/1</legalAddress>
                        <postalAddress>Россия, 115035, г. Москва, Софийская набережная, д. 26/1 </postalAddress>
                        <phone>07-495-7774400</phone>
                        <email>postman@rosneft.ru</email>
                        <okato>45286596000</okato>
                        <okpo>00044428</okpo>
                    </mainInfo>
                </ns2:customer>
                <ns2:purchaseMethodCode>101061</ns2:purchaseMethodCode>
                <ns2:purchaseCodeName>Внутригрупповые закупки</ns2:purchaseCodeName>
                <ns2:placer>
                    <mainInfo>
                        <fullName>ОБЩЕСТВО С ОГРАНИЧЕННОЙ ОТВЕТСТВЕННОСТЬЮ "РН-СЕВЕРНАЯ НЕФТЬ"</fullName>
                        <shortName>ООО "РН-СЕВЕРНАЯ НЕФТЬ"</shortName>
                        <iko>61106019518110601001</iko>
                        <inn>1106019518</inn>
                        <kpp>110601001</kpp>
                        <ogrn>1051100788045</ogrn>
                        <legalAddress>169710, РЕСП КОМИ, Г УСИНСК, УЛ ПРИПОЛЯРНАЯ, дом 1</legalAddress>
                        <postalAddress>169710 Республика Коми г.Усинск ул. Приполярная д.1</postalAddress>
                        <phone>7-82144-28597</phone>
                        <email>reception@nordoil.ru</email>
                        <okato>87423000000</okato>
                        <okpo>77896159</okpo>
                    </mainInfo>
                </ns2:placer>
                <ns2:contact>
                    <firstName>Ирина Анатольевна</firstName>
                    <lastName>Воробьева</lastName>
                    <phone>+8 (82144) 124487</phone>
                    <email>iavorobeva@nordoil.ru</email>
                    <organization>
                        <mainInfo>
                            <fullName>ОБЩЕСТВО С ОГРАНИЧЕННОЙ ОТВЕТСТВЕННОСТЬЮ "РН-СЕВЕРНАЯ НЕФТЬ"</fullName>
                            <shortName>ООО "РН-СЕВЕРНАЯ НЕФТЬ"</shortName>
                            <iko>61106019518110601001</iko>
                            <inn>1106019518</inn>
                            <kpp>110601001</kpp>
                            <ogrn>1051100788045</ogrn>
                            <legalAddress>169710, РЕСП КОМИ, Г УСИНСК, УЛ ПРИПОЛЯРНАЯ, дом 1</legalAddress>
                            <postalAddress>169710 Республика Коми г.Усинск ул. Приполярная д.1</postalAddress>
                            <phone>7-82144-28597</phone>
                            <email>reception@nordoil.ru</email>
                            <okato>87423000000</okato>
                            <okpo>77896159</okpo>
                        </mainInfo>
                    </organization>
                </ns2:contact>
                <ns2:publicationDateTime>2017-03-16T17:27:10</ns2:publicationDateTime>
                <ns2:documentationDelivery/>
                <ns2:status>P</ns2:status>
                <ns2:version>1</ns2:version>
                <ns2:notDishonest>false</ns2:notDishonest>
                <ns2:attachments>
                    <totalDocumentsCount>3</totalDocumentsCount>
                    <document>
                        <guid>297b9dc0-0d9a-1ed7-82ca-09219a8215da</guid>
                        <createDateTime>2017-03-03T12:05:21</createDateTime>
                        <fileName>Извещение о закупке_Оценка перспектив нефтегазоносности.docx</fileName>
                        <description>Извещение о закупке_Оценка перспектив нефтегазоносности.docx</description>
                        <url>http://zakupki.gov.ru/223/purchase/public/download/download.html?id=30118681</url>
                    </document>
                    <document>
                        <guid>297b9dc0-0d9a-1ed7-82ca-092e6fed96c6</guid>
                        <createDateTime>2017-03-03T12:10:09</createDateTime>
                        <fileName>ГЗ_Оценка перспектив нефтегазоносности.doc</fileName>
                        <description>ГЗ_Оценка перспектив нефтегазоносности.doc</description>
                        <url>http://zakupki.gov.ru/223/purchase/public/download/download.html?id=30118682</url>
                    </document>
                    <document>
                        <guid>297b9dc0-0d9a-1ed7-82ca-092e93ab96c7</guid>
                        <createDateTime>2017-03-03T12:10:44</createDateTime>
                        <fileName>Шаблон договора_20170201133651058 ФСД_НТР_Защищен (0000000021).docx</fileName>
                        <description>Шаблон договора_20170201133651058 ФСД_НТР_Защищен (0000000021).docx</description>
                        <url>http://zakupki.gov.ru/223/purchase/public/download/download.html?id=30118683</url>
                    </document>
                </ns2:attachments>
                <ns2:modificationDate>2017-03-16T17:27:10</ns2:modificationDate>
                <ns2:saveUserId>27489</ns2:saveUserId>
                <ns2:deliveryPlaceIndication>DIFFERENT_PLACE</ns2:deliveryPlaceIndication>
                <ns2:emergency>false</ns2:emergency>
                <ns2:jointPurchase>false</ns2:jointPurchase>
                <ns2:templateVersion>1</ns2:templateVersion>
                <ns2:templateStructure>
                    <ns2:level>
                        <ns2:tabLevel>NOTICE</ns2:tabLevel>
                        <ns2:tab>
                            <tabOrdinal>1</tabOrdinal>
                            <tabName>Общая информация</tabName>
                            <fixedName>MAIN</fixedName>
                            <section>
                                <sectionOrdinal>1</sectionOrdinal>
                                <sectionName>Сведения о состоянии извещения</sectionName>
                                <fixedName>MAIN_STATUS</fixedName>
                            </section>
                            <section>
                                <sectionOrdinal>2</sectionOrdinal>
                                <sectionName>Сведения о заказчике</sectionName>
                                <fixedName>MAIN_CUSTOMER</fixedName>
                            </section>
                            <section>
                                <sectionOrdinal>3</sectionOrdinal>
                                <sectionName>Общие сведения о закупке</sectionName>
                                <fixedName>MAIN_PURCHASE</fixedName>
                            </section>
                            <section>
                                <sectionOrdinal>4</sectionOrdinal>
                                <sectionName>Контактная информация</sectionName>
                                <fixedName>MAIN_CONTACTS</fixedName>
                            </section>
                        </ns2:tab>
                        <ns2:tab>
                            <tabOrdinal>2</tabOrdinal>
                            <tabName>Порядок размещения закупки</tabName>
                            <fixedName>COMMISSION</fixedName>
                            <section>
                                <sectionOrdinal>1</sectionOrdinal>
                                <sectionName>Публикация извещения</sectionName>
                                <fixedName>COMMISSION_PUBLISH</fixedName>
                            </section>
                        </ns2:tab>
                        <ns2:tab>
                            <tabOrdinal>3</tabOrdinal>
                            <tabName>Список лотов</tabName>
                            <fixedName>LOTS</fixedName>
                            <section>
                                <sectionOrdinal>1</sectionOrdinal>
                                <sectionName>Сведения о лотах</sectionName>
                                <fixedName>LOTS_INFO</fixedName>
                            </section>
                        </ns2:tab>
                        <ns2:tab>
                            <tabOrdinal>6</tabOrdinal>
                            <tabName>Документация</tabName>
                            <fixedName>DOCS</fixedName>
                            <section>
                                <sectionOrdinal>1</sectionOrdinal>
                                <sectionName>Предоставление документации</sectionName>
                                <fixedName>DOCS_INFO</fixedName>
                            </section>
                            <section>
                                <sectionOrdinal>2</sectionOrdinal>
                                <sectionName>Файлы документации</sectionName>
                                <fixedName>DOCS_FILES</fixedName>
                            </section>
                        </ns2:tab>
                    </ns2:level>
                    <ns2:level>
                        <ns2:tabLevel>LOT</ns2:tabLevel>
                        <ns2:tab>
                            <tabOrdinal>4</tabOrdinal>
                            <tabName>Сведения о лоте</tabName>
                            <fixedName>LOT_INFORMATION</fixedName>
                            <section>
                                <sectionOrdinal>1</sectionOrdinal>
                                <sectionName>Общая информация о лоте</sectionName>
                                <fixedName>LOT_INFO</fixedName>
                            </section>
                            <section>
                                <sectionOrdinal>2</sectionOrdinal>
                                <sectionName>Информация о товаре, работе, услуге</sectionName>
                                <fixedName>LOT_GOODS</fixedName>
                            </section>
                            <section>
                                <sectionOrdinal>3</sectionOrdinal>
                                <sectionName>Место поставки</sectionName>
                                <fixedName>LOT_PLACE</fixedName>
                            </section>
                        </ns2:tab>
                    </ns2:level>
                    <ns2:level>
                        <ns2:tabLevel>LOT_CUSTOMER</ns2:tabLevel>
                        <ns2:tab>
                            <tabOrdinal>5</tabOrdinal>
                            <tabName>Сведения по заказчику</tabName>
                            <fixedName>LOT_CUSTOMER</fixedName>
                            <section>
                                <sectionOrdinal>1</sectionOrdinal>
                                <sectionName>Общая информация по Заказчику</sectionName>
                                <fixedName>LOT_CUSTOMER_INFO</fixedName>
                            </section>
                            <section>
                                <sectionOrdinal>2</sectionOrdinal>
                                <sectionName>Информация о товаре, работе, услуге</sectionName>
                                <fixedName>LOT_CUSTOMER_GOODS</fixedName>
                            </section>
                            <section>
                                <sectionOrdinal>3</sectionOrdinal>
                                <sectionName>Место поставки</sectionName>
                                <fixedName>LOT_CUSTOMER_PLACE</fixedName>
                            </section>
                        </ns2:tab>
                    </ns2:level>
                </ns2:templateStructure>
                <ns2:lots>
                    <lot>
                        <guid>297b9dc0-0d9a-1ee7-8081-1c04d88e02d3</guid>
                        <ordinalNumber>1</ordinalNumber>
                        <lotEditEnabled>false</lotEditEnabled>
                        <lotData>
                            <subject>Оценка перспектив нефтегазоносности рифогенных отложений Р1 с целью подготовки объектов под бурение на Лабаганском, Наульском, Пасседском месторождениях и смежных участках</subject>
                            <currency>
                                <code>RUB</code>
                                <digitalCode>643</digitalCode>
                                <name>Российский рубль</name>
                            </currency>
                            <initialSum>5000000.00</initialSum>
                            <deliveryPlace>
                                <address>Территория производственной деятельности ООО "РН-Северная нефть"</address>
                            </deliveryPlace>
                            <lotItems>
                                <newCodes>true</newCodes>
                                <lotItem>
                                    <guid>297b9dc0-0d9a-1ee7-8081-1cdfd7dc49a9</guid>
                                    <ordinalNumber>1</ordinalNumber>
                                    <okpd2>
                                        <code>71.12.3</code>
                                        <name>Услуги в области геологических, геофизических и взаимосвязанных изыскательных работ и консультативные услуги</name>
                                    </okpd2>
                                    <okved2>
                                        <code>71.12.3</code>
                                        <name>Работы геолого-разведочные, геофизические и геохимические в области изучения недр и воспроизводства минерально-сырьевой базы</name>
                                    </okved2>
                                    <okei>
                                        <code>796</code>
                                        <name>Штука</name>
                                    </okei>
                                    <qty>1</qty>
                                </lotItem>
                            </lotItems>
                            <forSmallOrMiddle>false</forSmallOrMiddle>
                            <excludePurchaseFromPlan>false</excludePurchaseFromPlan>
                            <subcontractorsRequirement>false</subcontractorsRequirement>
                            <ignoredPurchase>true</ignoredPurchase>
                            <purchaseCategory>
                                <code>23</code>
                                <name>Закупки товаров, работ (услуг), выполняемых (оказываемых) в рамках исполнения договоров, заключенных между основным хозяйственным обществом и дочерним хозяйственным обществом и (или) хозяйственным обществом, созданным дочерним хозяйственным обществом, в случае закупки: товаров, работ (услуг) собственного производства - при необходимости соблюдения единого технологического процесса производства продукции, выполнения работ, оказания услуг; товаров, работ (услуг), связанных с оказанием бухгалтерских услуг, информационных услуг, охранной деятельностью или с сохранением коммерческой и информационной безопасности основного хозяйственного общества, его дочерних хозяйственных обществ, хозяйственных обществ, созданных дочерними хозяйственными обществами</name>
                            </purchaseCategory>
                            <centralized>false</centralized>
                        </lotData>
                        <deliveryPlaceIndication>GL</deliveryPlaceIndication>
                        <jointLotData>
                            <jointLot>false</jointLot>
                        </jointLotData>
                        <lotPlanInfo>
                            <planRegistrationNumber>2160191197</planRegistrationNumber>
                            <planGuid>bf9b3000-1c33-4b23-9139-b20ffda3868c</planGuid>
                            <positionNumber>2940</positionNumber>
                            <lotPlanPosition>COMMODITY</lotPlanPosition>
                            <positionGuid>297b9dc0-0d9a-1ee6-b0a1-a87de4cd0ab7</positionGuid>
                        </lotPlanInfo>
                        <cancelled>false</cancelled>
                    </lot>
                </ns2:lots>
            </ns2:purchaseNoticeData>
        </ns2:item>
    </ns2:body>
</ns2:purchaseNotice>
