<?xml version="1.0" encoding="UTF-8" standalone="yes"?>
<ns2:purchaseNotice xsi:schemaLocation="http://zakupki.gov.ru/223/integration/schema/TFF-5.2 http://zakupki.gov.ru/223/integration/schema/TFF-5.2/purchase.xsd" xmlns="http://zakupki.gov.ru/223fz/types/1" xmlns:ns10="http://zakupki.gov.ru/223fz/purchasePlan/1" xmlns:ns11="http://zakupki.gov.ru/223fz/purchasePlanProject/1" xmlns:ns12="http://zakupki.gov.ru/223fz/purchasePlanProjectAdditionalPosition/1" xmlns:ns13="http://zakupki.gov.ru/223fz/contract/1" xmlns:ns14="http://zakupki.gov.ru/223fz/missedNotice/1" xmlns:ns15="http://zakupki.gov.ru/223fz/reference/1" xmlns:ns16="http://zakupki.gov.ru/223fz/stopCommodity/1" xmlns:ns17="http://zakupki.gov.ru/223fz/decisionSuspension/1" xmlns:ns18="http://zakupki.gov.ru/223fz/purchasePlanAdditionalPosition/1" xmlns:ns19="http://zakupki.gov.ru/223fz/webRequest/1" xmlns:ns2="http://zakupki.gov.ru/223fz/purchase/1" xmlns:xsi="http://www.w3.org/2001/XMLSchema-instance" xmlns:ns3="http://zakupki.gov.ru/223fz/dishonestSupplier/1" xmlns:ns4="http://zakupki.gov.ru/223fz/machineryListInfo/1" xmlns:ns5="http://zakupki.gov.ru/223fz/revenue/1" xmlns:ns6="http://zakupki.gov.ru/223fz/orderClauseList/1" xmlns:ns7="http://zakupki.gov.ru/223fz/disagreementProtocol/1" xmlns:ns8="http://zakupki.gov.ru/223fz/complaint/1" xmlns:ns9="http://zakupki.gov.ru/223fz/notificationIssue/1">
    <header>
        <guid>dbf6a1d0-a65c-4bca-a979-f66bdaaf66f6</guid>
        <createDateTime>2017-03-16T17:15:35</createDateTime>
    </header>
    <ns2:body>
        <ns2:item>
            <guid>6e2293f4-022b-4db8-a0f0-3a0095d5a282</guid>
            <ns2:purchaseNoticeData>
                <ns2:guid>6e2293f4-022b-4db8-a0f0-3a0095d5a282</ns2:guid>
                <ns2:createDateTime>2017-03-16T16:42:08</ns2:createDateTime>
                <ns2:urlOOS>https://zakupki.gov.ru/223/purchase/private/purchase/notice-info/details.html?noticeInfoId=5887626</ns2:urlOOS>
                <ns2:urlVSRZ>http://utp.sberbank-ast.ru/Trade/NBT/PurchaseView/41/0/0/228801</ns2:urlVSRZ>
                <ns2:registrationNumber>31704899619</ns2:registrationNumber>
                <ns2:name>Поставка канцелярских товаров</ns2:name>
                <ns2:customer>
                    <mainInfo>
                        <fullName>ФЕДЕРАЛЬНОЕ ГОСУДАРСТВЕННОЕ БЮДЖЕТНОЕ ОБРАЗОВАТЕЛЬНОЕ УЧРЕЖДЕНИЕ ВЫСШЕГО ОБРАЗОВАНИЯ "РОССИЙСКИЙ ГОСУДАРСТВЕННЫЙ УНИВЕРСИТЕТ ПРАВОСУДИЯ"</fullName>
                        <shortName>ФГБОУВО "РГУП"</shortName>
                        <iko>87710324108772701001</iko>
                        <inn>7710324108</inn>
                        <kpp>772701001</kpp>
                        <ogrn>1037739536768</ogrn>
                        <legalAddress>117418, г МОСКВА, ул НОВОЧЕРЕМУШКИНСКАЯ, дом 69</legalAddress>
                        <postalAddress>117418, г. Москва, Новочерёмушкинская ул., д.69
</postalAddress>
                        <phone>7-495-3325351</phone>
                        <email>IT@rsuj.ru</email>
                        <okato>45286590000</okato>
                        <okpo>52394244</okpo>
                    </mainInfo>
                </ns2:customer>
                <ns2:detachedOrg>
                    <mainInfo>
                        <fullName>Казанский филиал Федерального государственного бюджетного образовательного учреждения высшего  образования «Российский государственный университет правосудия» (г. Казань)</fullName>
                        <inn>7710324108</inn>
                        <kpp>166002001</kpp>
                        <ogrn>1037739536768</ogrn>
                        <legalAddress>420088, г. Казань, ул. 2-я Азинская д. 7а</legalAddress>
                        <postalAddress>420088, г. Казань, ул. 2-я Азинская д. 7а</postalAddress>
                    </mainInfo>
                </ns2:detachedOrg>
                <ns2:purchaseMethodCode>5621</ns2:purchaseMethodCode>
                <ns2:purchaseCodeName>СБ-АСТ: Открытый аукцион в электронной форме</ns2:purchaseCodeName>
                <ns2:placer>
                    <mainInfo>
                        <fullName>Закрытое акционерное общество "Сбербанк-Автоматизированная система торгов"</fullName>
                        <shortName>ЗАО "Сбербанк-АСТ"</shortName>
                        <iko>67707308480770701001</iko>
                        <inn>7707308480</inn>
                        <kpp>770701001</kpp>
                        <ogrn>1027707000441</ogrn>
                        <legalAddress>127055, Москва, Новослободская, дом 24, корпус СТР.2</legalAddress>
                        <postalAddress>119180, г. Москва, ул. Большая Якиманка, д. 23 </postalAddress>
                        <phone>7-495-7872997</phone>
                        <fax>7-495-7872998</fax>
                        <email>FSKordysh@sberbank-ast.ru</email>
                        <okato>45286585000</okato>
                        <okpo>58997535</okpo>
                    </mainInfo>
                </ns2:placer>
                <ns2:contact>
                    <firstName>Шарифуллин Рамиль Анварович</firstName>
                    <phone>+8 (843) 2731654</phone>
                    <email>SharifullinRA@bk.ru</email>
                    <organization>
                        <mainInfo>
                            <fullName>ФЕДЕРАЛЬНОЕ ГОСУДАРСТВЕННОЕ БЮДЖЕТНОЕ ОБРАЗОВАТЕЛЬНОЕ УЧРЕЖДЕНИЕ ВЫСШЕГО ОБРАЗОВАНИЯ "РОССИЙСКИЙ ГОСУДАРСТВЕННЫЙ УНИВЕРСИТЕТ ПРАВОСУДИЯ"</fullName>
                            <shortName>ФГБОУВО "РГУП"</shortName>
                            <iko>87710324108772701001</iko>
                            <inn>7710324108</inn>
                            <kpp>772701001</kpp>
                            <ogrn>1037739536768</ogrn>
                            <legalAddress>117418, г МОСКВА, ул НОВОЧЕРЕМУШКИНСКАЯ, дом 69</legalAddress>
                            <postalAddress>117418, г. Москва, Новочерёмушкинская ул., д.69
</postalAddress>
                            <phone>7-495-3325351</phone>
                            <email>IT@rsuj.ru</email>
                            <okato>45286590000</okato>
                            <okpo>52394244</okpo>
                        </mainInfo>
                    </organization>
                </ns2:contact>
                <ns2:publicationDateTime>2017-03-16T17:15:35</ns2:publicationDateTime>
                <ns2:documentationDelivery>
                    <deliveryStartDateTime>2017-03-17</deliveryStartDateTime>
                    <deliveryEndDateTime>2017-04-14</deliveryEndDateTime>
                    <place>Документация предоставляется на сайтах: www.zakupki.gov.ru и www.sberbank-ast.ru</place>
                    <procedure>Документация предоставляется на сайтах: www.zakupki.gov.ru и www.sberbank-ast.ru Документация предоставляется в форме электронного документа в соответствии с регламентом указанных сайтов. Плата не взимается.</procedure>
                </ns2:documentationDelivery>
                <ns2:status>P</ns2:status>
                <ns2:version>1</ns2:version>
                <ns2:notDishonest>true</ns2:notDishonest>
                <ns2:attachments>
                    <totalDocumentsCount>2</totalDocumentsCount>
                    <document>
                        <guid>6a52cb65-79a1-4e94-831a-81238b4369d1</guid>
                        <createDateTime>2017-03-16T16:42:08</createDateTime>
                        <fileName>Извещение.doc</fileName>
                        <description>Извещение.doc</description>
                        <url>http://zakupki.gov.ru/223/purchase/public/download/download.html?id=30117416</url>
                    </document>
                    <document>
                        <guid>19d35588-3458-4fa3-802c-3b1c616ffd6f</guid>
                        <createDateTime>2017-03-16T16:42:08</createDateTime>
                        <fileName>ЭА Документация на поставку канцтоваров.docx</fileName>
                        <description>ЭА Документация на поставку канцтоваров.docx</description>
                        <url>http://zakupki.gov.ru/223/purchase/public/download/download.html?id=30117417</url>
                    </document>
                </ns2:attachments>
                <ns2:modificationDate>2017-03-16T17:15:35</ns2:modificationDate>
                <ns2:saveUserId>29401</ns2:saveUserId>
                <ns2:deliveryPlaceIndication>DIFFERENT_PLACE</ns2:deliveryPlaceIndication>
                <ns2:emergency>false</ns2:emergency>
                <ns2:jointPurchase>false</ns2:jointPurchase>
                <ns2:electronicPlaceInfo>
                    <name>ЗАО «Сбербанк-АСТ» (УТП)</name>
                    <url>http://utp.sberbank-ast.ru/Trade</url>
                    <electronicPlaceId>116</electronicPlaceId>
                </ns2:electronicPlaceInfo>
                <ns2:placingProcedure>
                    <ns2:examinationPlace>http://utp.sberbank-ast.ru/Trade</ns2:examinationPlace>
                    <ns2:examinationDateTime>2017-04-11T13:00:00</ns2:examinationDateTime>
                    <ns2:summingupDateTime>2017-04-14T14:00:00</ns2:summingupDateTime>
                </ns2:placingProcedure>
                <ns2:submissionCloseDateTime>2017-04-07T12:00:00</ns2:submissionCloseDateTime>
                <ns2:publicationPlannedDate>2017-03-16</ns2:publicationPlannedDate>
                <ns2:lots>
                    <lot>
                        <guid>9015af2b-cff1-4af9-8044-16a139594aa5</guid>
                        <ordinalNumber>1</ordinalNumber>
                        <lotEditEnabled>true</lotEditEnabled>
                        <lotData>
                            <subject>Поставка канцелярских товаров</subject>
                            <currency>
                                <code>RUB</code>
                                <digitalCode>643</digitalCode>
                                <name>Российский рубль</name>
                            </currency>
                            <initialSum>599981.27</initialSum>
                            <deliveryPlace>
                                <address>Количество: 8780 Место поставки: РТ, г. Казань, ул. 2-я Азинская, д. 7А. Товар должен быть передан Заказчику в течение 120 (Сто двадцати) календарных дней со дня заключения договора. заявкам Заказчика.  Условия и график поставки товара приведены в Техническом задании (раздел 4  документации) и проекте Договора (раздел 5 документации). Оплата производится Заказчиком в следующем порядке: путем перечисления безналичных денежных средств на расчетный счет Поставщика в течение 10 (десяти) календарных дней со дня подписания Сторо-нами товарной накладной, в которой сделана ссылка на Договор, на основании предоставленных Поставщиком счета и счет-фактуры.</address>
                            </deliveryPlace>
                            <lotItems>
                                <newCodes>true</newCodes>
                                <lotItem>
                                    <guid>226e238c-fafd-4c89-8203-639885e99fa8</guid>
                                    <ordinalNumber>1</ordinalNumber>
                                    <okpd2>
                                        <code>46.49.23.000</code>
                                        <name>Услуги по оптовой торговле писчебумажными и канцелярскими товарами</name>
                                    </okpd2>
                                    <okved2>
                                        <code>46.49.33</code>
                                        <name>Торговля оптовая писчебумажными и канцелярскими товарами</name>
                                    </okved2>
                                    <okei>
                                        <code>796</code>
                                        <name>Штука</name>
                                    </okei>
                                    <qty>8780</qty>
                                    <additionalInfo>поставка канцелярских товаров</additionalInfo>
                                </lotItem>
                            </lotItems>
                            <forSmallOrMiddle>false</forSmallOrMiddle>
                            <excludePurchaseFromPlan>false</excludePurchaseFromPlan>
                            <subcontractorsRequirement>false</subcontractorsRequirement>
                            <ignoredPurchase>false</ignoredPurchase>
                            <centralized>false</centralized>
                        </lotData>
                        <deliveryPlaceIndication>GL</deliveryPlaceIndication>
                        <jointLotData>
                            <jointLot>false</jointLot>
                        </jointLotData>
                        <lotPlanInfo>
                            <planRegistrationNumber>2170226215</planRegistrationNumber>
                            <planGuid>f455736e-9074-4ecd-bb31-fb5feeb824fe</planGuid>
                            <positionNumber>89</positionNumber>
                            <lotPlanPosition>COMMODITY</lotPlanPosition>
                            <positionGuid>23f19a53-3e6a-49ad-b348-d038edce3078</positionGuid>
                        </lotPlanInfo>
                        <cancelled>false</cancelled>
                    </lot>
                </ns2:lots>
            </ns2:purchaseNoticeData>
        </ns2:item>
    </ns2:body>
</ns2:purchaseNotice>
