<?xml version="1.0" encoding="UTF-8" standalone="yes"?>
<ns2:purchaseNotice xsi:schemaLocation="http://zakupki.gov.ru/223/integration/schema/TFF-5.2 http://zakupki.gov.ru/223/integration/schema/TFF-5.2/purchase.xsd" xmlns="http://zakupki.gov.ru/223fz/types/1" xmlns:ns10="http://zakupki.gov.ru/223fz/purchasePlan/1" xmlns:ns11="http://zakupki.gov.ru/223fz/purchasePlanProject/1" xmlns:ns12="http://zakupki.gov.ru/223fz/purchasePlanProjectAdditionalPosition/1" xmlns:ns13="http://zakupki.gov.ru/223fz/contract/1" xmlns:ns14="http://zakupki.gov.ru/223fz/missedNotice/1" xmlns:ns15="http://zakupki.gov.ru/223fz/reference/1" xmlns:ns16="http://zakupki.gov.ru/223fz/stopCommodity/1" xmlns:ns17="http://zakupki.gov.ru/223fz/decisionSuspension/1" xmlns:ns18="http://zakupki.gov.ru/223fz/purchasePlanAdditionalPosition/1" xmlns:ns19="http://zakupki.gov.ru/223fz/webRequest/1" xmlns:ns2="http://zakupki.gov.ru/223fz/purchase/1" xmlns:xsi="http://www.w3.org/2001/XMLSchema-instance" xmlns:ns3="http://zakupki.gov.ru/223fz/dishonestSupplier/1" xmlns:ns4="http://zakupki.gov.ru/223fz/machineryListInfo/1" xmlns:ns5="http://zakupki.gov.ru/223fz/revenue/1" xmlns:ns6="http://zakupki.gov.ru/223fz/orderClauseList/1" xmlns:ns7="http://zakupki.gov.ru/223fz/disagreementProtocol/1" xmlns:ns8="http://zakupki.gov.ru/223fz/complaint/1" xmlns:ns9="http://zakupki.gov.ru/223fz/notificationIssue/1">
    <header>
        <guid>8ac9817b-e2f5-4a95-9809-1bb746c4c6d9</guid>
        <createDateTime>2017-03-16T16:48:57</createDateTime>
    </header>
    <ns2:body>
        <ns2:item>
            <guid>b3aaac89-64f0-4737-9a0a-3cb27efd5414</guid>
            <ns2:purchaseNoticeData>
                <ns2:guid>b3aaac89-64f0-4737-9a0a-3cb27efd5414</ns2:guid>
                <ns2:createDateTime>2017-03-16T16:48:29</ns2:createDateTime>
                <ns2:urlOOS>https://zakupki.gov.ru/223/purchase/private/purchase/notice-info/details.html?noticeInfoId=5887686</ns2:urlOOS>
                <ns2:urlVSRZ>https://223.rts-tender.ru/supplier/auction/Trade/View.aspx?Id=55029</ns2:urlVSRZ>
                <ns2:registrationNumber>31704899367</ns2:registrationNumber>
                <ns2:name>Поставка Автошин для автотранспорта Службы Автобаза.</ns2:name>
                <ns2:customer>
                    <mainInfo>
                        <fullName>ГОСУДАРСТВЕННОЕ БЮДЖЕТНОЕ УЧРЕЖДЕНИЕ ГОРОДА МОСКВЫ "РИТУАЛ"</fullName>
                        <shortName>ГБУ "РИТУАЛ"</shortName>
                        <iko>57743096224774301001</iko>
                        <inn>7743096224</inn>
                        <kpp>774301001</kpp>
                        <ogrn>1157746320555</ogrn>
                        <legalAddress>125057, г МОСКВА, ул ПЕСЧАНАЯ, дом 3</legalAddress>
                        <postalAddress>125057, г. Москва, ул. Песчаная, д.3</postalAddress>
                        <phone>7-495-6073676</phone>
                        <email>s.pinchuk@mosritual.ru</email>
                        <okato>45277589000</okato>
                        <okpo>03044179</okpo>
                    </mainInfo>
                </ns2:customer>
                <ns2:purchaseMethodCode>107330</ns2:purchaseMethodCode>
                <ns2:purchaseCodeName>Запрос котировок в электронной форме</ns2:purchaseCodeName>
                <ns2:placer>
                    <mainInfo>
                        <fullName>ГОСУДАРСТВЕННОЕ БЮДЖЕТНОЕ УЧРЕЖДЕНИЕ ГОРОДА МОСКВЫ "РИТУАЛ"</fullName>
                        <shortName>ГБУ "РИТУАЛ"</shortName>
                        <iko>57743096224774301001</iko>
                        <inn>7743096224</inn>
                        <kpp>774301001</kpp>
                        <ogrn>1157746320555</ogrn>
                        <legalAddress>125057, г МОСКВА, ул ПЕСЧАНАЯ, дом 3</legalAddress>
                        <postalAddress>125057, г. Москва, ул. Песчаная, д.3</postalAddress>
                        <phone>7-495-6073676</phone>
                        <email>s.pinchuk@mosritual.ru</email>
                        <okato>45277589000</okato>
                        <okpo>03044179</okpo>
                    </mainInfo>
                </ns2:placer>
                <ns2:contact>
                    <firstName>Светлана</firstName>
                    <middleName>Викторовна</middleName>
                    <lastName>Пинчук</lastName>
                    <phone>+7 (495) 6329602</phone>
                    <email>s.pinchuk@mosritual.ru</email>
                    <organization>
                        <mainInfo>
                            <fullName>ГОСУДАРСТВЕННОЕ БЮДЖЕТНОЕ УЧРЕЖДЕНИЕ ГОРОДА МОСКВЫ "РИТУАЛ"</fullName>
                            <shortName>ГБУ "РИТУАЛ"</shortName>
                            <iko>57743096224774301001</iko>
                            <inn>7743096224</inn>
                            <kpp>774301001</kpp>
                            <ogrn>1157746320555</ogrn>
                            <legalAddress>125057, г МОСКВА, ул ПЕСЧАНАЯ, дом 3</legalAddress>
                            <postalAddress>125057, г. Москва, ул. Песчаная, д.3</postalAddress>
                            <phone>7-495-6073676</phone>
                            <email>s.pinchuk@mosritual.ru</email>
                            <okato>45277589000</okato>
                            <okpo>03044179</okpo>
                        </mainInfo>
                    </organization>
                </ns2:contact>
                <ns2:publicationDateTime>2017-03-16T16:48:57</ns2:publicationDateTime>
                <ns2:documentationDelivery>
                    <deliveryStartDateTime>2017-03-16</deliveryStartDateTime>
                    <deliveryEndDateTime>2017-03-23</deliveryEndDateTime>
                    <place>Электронная площадка РТС-тендер (http://www.rts-tender.ru) и Официальный сайт (http://zakupki.gov.ru)</place>
                    <procedure>В электронной форме на площадке РТС-тендер (http://www.rts-tender.ru) и Официальном сайте (http://zakupki.gov.ru)</procedure>
                </ns2:documentationDelivery>
                <ns2:status>P</ns2:status>
                <ns2:version>1</ns2:version>
                <ns2:notDishonest>true</ns2:notDishonest>
                <ns2:attachments>
                    <totalDocumentsCount>3</totalDocumentsCount>
                    <document>
                        <guid>a52d18f2-fd74-4c51-b8ea-e254826a59b8</guid>
                        <createDateTime>2017-03-16T16:47:17</createDateTime>
                        <fileName>ИЗВЕЩЕНИЕ.doc</fileName>
                        <description>ИЗВЕЩЕНИЕ.doc</description>
                        <url>http://zakupki.gov.ru/223/purchase/public/download/download.html?id=30117783</url>
                    </document>
                    <document>
                        <guid>8fcd2f86-4751-4988-abad-37b31b509c7e</guid>
                        <createDateTime>2017-03-16T16:47:22</createDateTime>
                        <fileName>Протокол расч.docx</fileName>
                        <description>Протокол расч.docx</description>
                        <url>http://zakupki.gov.ru/223/purchase/public/download/download.html?id=30117784</url>
                    </document>
                    <document>
                        <guid>1af301d0-2264-4460-92b1-baa520aa9cb3</guid>
                        <createDateTime>2017-03-16T16:47:26</createDateTime>
                        <fileName>Решение.doc</fileName>
                        <description>Решение.doc</description>
                        <url>http://zakupki.gov.ru/223/purchase/public/download/download.html?id=30117785</url>
                    </document>
                </ns2:attachments>
                <ns2:modificationDate>2017-03-16T16:48:57</ns2:modificationDate>
                <ns2:saveUserId>221389</ns2:saveUserId>
                <ns2:deliveryPlaceIndication>DIFFERENT_PLACE</ns2:deliveryPlaceIndication>
                <ns2:emergency>false</ns2:emergency>
                <ns2:jointPurchase>false</ns2:jointPurchase>
                <ns2:electronicPlaceInfo>
                    <name>РТС-тендер</name>
                    <url>223.rts-tender.ru</url>
                    <electronicPlaceId>1698</electronicPlaceId>
                </ns2:electronicPlaceInfo>
                <ns2:placingProcedure>
                    <ns2:examinationPlace>125057, Российская Федерация, г. Москва, ул. Песчаная, 3, ОКАТО: 45277589000</ns2:examinationPlace>
                    <ns2:examinationDateTime>2017-03-24T09:00:00</ns2:examinationDateTime>
                    <ns2:summingupDateTime>2017-03-24T09:00:00</ns2:summingupDateTime>
                </ns2:placingProcedure>
                <ns2:submissionCloseDateTime>2017-03-23T08:00:00</ns2:submissionCloseDateTime>
                <ns2:lots>
                    <lot>
                        <guid>6d6e15b8-5db2-44e6-b3fb-0d4e31537494</guid>
                        <ordinalNumber>1</ordinalNumber>
                        <lotEditEnabled>false</lotEditEnabled>
                        <lotData>
                            <subject>Поставка Автошин для автотранспорта Службы Автобаза.</subject>
                            <currency>
                                <code>RUB</code>
                                <digitalCode>643</digitalCode>
                                <name>Российский рубль</name>
                            </currency>
                            <initialSum>499953.42</initialSum>
                            <deliveryPlace>
                                <state>Центральный федеральный округ</state>
                                <region>Москва</region>
                                <regionOkato>45000000000</regionOkato>
                                <address>Москва, ОКАТО: 45000000000</address>
                            </deliveryPlace>
                            <lotItems>
                                <newCodes>true</newCodes>
                                <lotItem>
                                    <guid>651d6b9a-5fc9-4afc-8d52-a5fa3234e5aa</guid>
                                    <ordinalNumber>1</ordinalNumber>
                                    <okpd2>
                                        <code>22.11.1</code>
                                        <name>Шины, покрышки и камеры резиновые новые</name>
                                    </okpd2>
                                    <okved2>
                                        <code>22.11</code>
                                        <name>Производство резиновых шин, покрышек и камер; восстановление резиновых шин и покрышек</name>
                                    </okved2>
                                    <okei>
                                        <code>796</code>
                                        <name>Штука</name>
                                    </okei>
                                    <qty>112</qty>
                                </lotItem>
                            </lotItems>
                            <forSmallOrMiddle>false</forSmallOrMiddle>
                            <excludePurchaseFromPlan>false</excludePurchaseFromPlan>
                            <subcontractorsRequirement>false</subcontractorsRequirement>
                            <ignoredPurchase>false</ignoredPurchase>
                            <centralized>false</centralized>
                        </lotData>
                        <deliveryPlaceIndication>GL</deliveryPlaceIndication>
                        <jointLotData>
                            <jointLot>false</jointLot>
                        </jointLotData>
                        <lotPlanInfo>
                            <planRegistrationNumber>2160218067</planRegistrationNumber>
                            <planGuid>d9ff68f8-291a-4033-9ab7-159bed0e180f</planGuid>
                            <positionNumber>108</positionNumber>
                            <lotPlanPosition>COMMODITY</lotPlanPosition>
                            <positionGuid>a88283fb-e27f-472e-81dc-8bf8f7b00710</positionGuid>
                        </lotPlanInfo>
                        <cancelled>false</cancelled>
                    </lot>
                </ns2:lots>
            </ns2:purchaseNoticeData>
        </ns2:item>
    </ns2:body>
</ns2:purchaseNotice>
