<?xml version="1.0" encoding="UTF-8" standalone="yes"?>
<ns2:purchaseNotice xsi:schemaLocation="http://zakupki.gov.ru/223/integration/schema/TFF-5.2 http://zakupki.gov.ru/223/integration/schema/TFF-5.2/purchase.xsd" xmlns="http://zakupki.gov.ru/223fz/types/1" xmlns:ns10="http://zakupki.gov.ru/223fz/purchasePlan/1" xmlns:ns11="http://zakupki.gov.ru/223fz/purchasePlanProject/1" xmlns:ns12="http://zakupki.gov.ru/223fz/purchasePlanProjectAdditionalPosition/1" xmlns:ns13="http://zakupki.gov.ru/223fz/contract/1" xmlns:ns14="http://zakupki.gov.ru/223fz/missedNotice/1" xmlns:ns15="http://zakupki.gov.ru/223fz/reference/1" xmlns:ns16="http://zakupki.gov.ru/223fz/stopCommodity/1" xmlns:ns17="http://zakupki.gov.ru/223fz/decisionSuspension/1" xmlns:ns18="http://zakupki.gov.ru/223fz/purchasePlanAdditionalPosition/1" xmlns:ns19="http://zakupki.gov.ru/223fz/webRequest/1" xmlns:ns2="http://zakupki.gov.ru/223fz/purchase/1" xmlns:xsi="http://www.w3.org/2001/XMLSchema-instance" xmlns:ns3="http://zakupki.gov.ru/223fz/dishonestSupplier/1" xmlns:ns4="http://zakupki.gov.ru/223fz/machineryListInfo/1" xmlns:ns5="http://zakupki.gov.ru/223fz/revenue/1" xmlns:ns6="http://zakupki.gov.ru/223fz/orderClauseList/1" xmlns:ns7="http://zakupki.gov.ru/223fz/disagreementProtocol/1" xmlns:ns8="http://zakupki.gov.ru/223fz/complaint/1" xmlns:ns9="http://zakupki.gov.ru/223fz/notificationIssue/1">
    <header>
        <guid>3a6d97f9-8fc4-43e0-8fad-722e53a15591</guid>
        <createDateTime>2017-03-16T16:05:08</createDateTime>
    </header>
    <ns2:body>
        <ns2:item>
            <guid>18556644-7052-26fd-54db-086a29c6aad7</guid>
            <ns2:purchaseNoticeData>
                <ns2:guid>18556644-7052-26fd-54db-086a29c6aad7</ns2:guid>
                <ns2:createDateTime>2017-03-16T16:00:21</ns2:createDateTime>
                <ns2:urlOOS>https://zakupki.gov.ru/223/purchase/private/purchase/notice-info/details.html?noticeInfoId=5887190</ns2:urlOOS>
                <ns2:urlVSRZ>https://com.roseltorg.ru/#com/procedure/view/id/284777</ns2:urlVSRZ>
                <ns2:registrationNumber>31704898956</ns2:registrationNumber>
                <ns2:name>Запрос предложений в электронной форме на право заключения договора на выполнение работ по разработке проектной и рабочей документации по объекту: "Подключение к централизованной системе  водоотведения объекта: "Административное здание" по адресу: г.Москва, Каланчевская ул., д.43, стр. 1-1А"</ns2:name>
                <ns2:customer>
                    <mainInfo>
                        <fullName>АКЦИОНЕРНОЕ ОБЩЕСТВО "МОСВОДОКАНАЛ"</fullName>
                        <shortName>АО "МОСВОДОКАНАЛ"</shortName>
                        <iko>57701984274770101001</iko>
                        <inn>7701984274</inn>
                        <kpp>770101001</kpp>
                        <ogrn>1127747298250</ogrn>
                        <legalAddress>105005, г МОСКВА, пер ПЛЕТЕШКОВСКИЙ, дом 2</legalAddress>
                        <postalAddress>105005, г.Москва, Плетешковский пер., д.2</postalAddress>
                        <phone>8-499-2639312</phone>
                        <email>privalihina_ev@mosvodokanal.ru</email>
                        <okato>45286555000</okato>
                        <okpo>03324418</okpo>
                    </mainInfo>
                </ns2:customer>
                <ns2:purchaseMethodCode>31577</ns2:purchaseMethodCode>
                <ns2:purchaseCodeName>Запрос предложений</ns2:purchaseCodeName>
                <ns2:placer>
                    <mainInfo>
                        <fullName>АКЦИОНЕРНОЕ ОБЩЕСТВО "МОСВОДОКАНАЛ"</fullName>
                        <shortName>АО "МОСВОДОКАНАЛ"</shortName>
                        <iko>57701984274770101001</iko>
                        <inn>7701984274</inn>
                        <kpp>770101001</kpp>
                        <ogrn>1127747298250</ogrn>
                        <legalAddress>105005, г МОСКВА, пер ПЛЕТЕШКОВСКИЙ, дом 2</legalAddress>
                        <postalAddress>105005, г.Москва, Плетешковский пер., д.2</postalAddress>
                        <phone>8-499-2639312</phone>
                        <email>privalihina_ev@mosvodokanal.ru</email>
                        <okato>45286555000</okato>
                        <okpo>03324418</okpo>
                    </mainInfo>
                </ns2:placer>
                <ns2:contact>
                    <firstName>Анна</firstName>
                    <middleName>Евгеньевна</middleName>
                    <lastName>Заворуева</lastName>
                    <phone>+7 (499) 2616366</phone>
                    <email>zavorueva_ae@mosvodokanal.ru</email>
                    <organization>
                        <mainInfo>
                            <fullName>АКЦИОНЕРНОЕ ОБЩЕСТВО "МОСВОДОКАНАЛ"</fullName>
                            <shortName>АО "МОСВОДОКАНАЛ"</shortName>
                            <iko>57701984274770101001</iko>
                            <inn>7701984274</inn>
                            <kpp>770101001</kpp>
                            <ogrn>1127747298250</ogrn>
                            <legalAddress>105005, г МОСКВА, пер ПЛЕТЕШКОВСКИЙ, дом 2</legalAddress>
                            <postalAddress>105005, г.Москва, Плетешковский пер., д.2</postalAddress>
                            <phone>8-499-2639312</phone>
                            <email>privalihina_ev@mosvodokanal.ru</email>
                            <okato>45286555000</okato>
                            <okpo>03324418</okpo>
                        </mainInfo>
                    </organization>
                </ns2:contact>
                <ns2:publicationDateTime>2017-03-16T16:05:08</ns2:publicationDateTime>
                <ns2:documentationDelivery>
                    <deliveryStartDateTime>2017-03-16</deliveryStartDateTime>
                    <deliveryEndDateTime>2017-03-28</deliveryEndDateTime>
                    <place>https://com.roseltorg.ru/</place>
                    <procedure>посредством размещения для скачивания и ознакомления</procedure>
                </ns2:documentationDelivery>
                <ns2:status>P</ns2:status>
                <ns2:version>1</ns2:version>
                <ns2:notDishonest>true</ns2:notDishonest>
                <ns2:attachments>
                    <totalDocumentsCount>8</totalDocumentsCount>
                    <document>
                        <guid>79ff7db9-3428-5ef2-37f2-5e7c3ede5cd8</guid>
                        <createDateTime>2017-03-16T15:35:51</createDateTime>
                        <fileName>Извещение_о_проведении_запроса_предложений_1_[8].docx</fileName>
                        <description>Извещение</description>
                        <url>http://zakupki.gov.ru/223/purchase/public/download/download.html?id=30115234</url>
                    </document>
                    <document>
                        <guid>98dd1714-70fd-7974-dd6b-07d448bd3752</guid>
                        <createDateTime>2017-03-16T15:36:28</createDateTime>
                        <fileName>Смета.pdf</fileName>
                        <description>Смета</description>
                        <url>http://zakupki.gov.ru/223/purchase/public/download/download.html?id=30115235</url>
                    </document>
                    <document>
                        <guid>f6f35291-675a-a6ab-5c38-b44d54c2800a</guid>
                        <createDateTime>2017-03-16T15:36:22</createDateTime>
                        <fileName>ФОРМЫ[8].docx</fileName>
                        <description>Формы</description>
                        <url>http://zakupki.gov.ru/223/purchase/public/download/download.html?id=30115236</url>
                    </document>
                    <document>
                        <guid>99c8d5b5-d9e3-d8ba-817b-f0a758030d69</guid>
                        <createDateTime>2017-03-16T15:36:14</createDateTime>
                        <fileName>Расчет_Н_М_ЦД[8].pdf</fileName>
                        <description>Расчет Н(М)ЦД</description>
                        <url>http://zakupki.gov.ru/223/purchase/public/download/download.html?id=30115237</url>
                    </document>
                    <document>
                        <guid>8071576e-f3ed-9cb6-b0f2-39983b0b4872</guid>
                        <createDateTime>2017-03-16T15:36:34</createDateTime>
                        <fileName>СМЕТЫ.xls</fileName>
                        <description>Сметы</description>
                        <url>http://zakupki.gov.ru/223/purchase/public/download/download.html?id=30115238</url>
                    </document>
                    <document>
                        <guid>d773aee4-f9c9-c29b-61d4-5446ebddd2d2</guid>
                        <createDateTime>2017-03-16T15:36:08</createDateTime>
                        <fileName>Техническая_часть[8].pdf</fileName>
                        <description>Техническая часть</description>
                        <url>http://zakupki.gov.ru/223/purchase/public/download/download.html?id=30115239</url>
                    </document>
                    <document>
                        <guid>1b5ca050-b1a8-db61-3e17-de0e65861aca</guid>
                        <createDateTime>2017-03-16T15:36:03</createDateTime>
                        <fileName>Проект_договора[8].pdf</fileName>
                        <description>Проект договора</description>
                        <url>http://zakupki.gov.ru/223/purchase/public/download/download.html?id=30115240</url>
                    </document>
                    <document>
                        <guid>e07759d5-29f8-274f-bd4d-ad574c06cacf</guid>
                        <createDateTime>2017-03-16T15:35:58</createDateTime>
                        <fileName>Закупочная_документация[8].pdf</fileName>
                        <description>Закупочная документация</description>
                        <url>http://zakupki.gov.ru/223/purchase/public/download/download.html?id=30115241</url>
                    </document>
                </ns2:attachments>
                <ns2:modificationDate>2017-03-16T16:05:08</ns2:modificationDate>
                <ns2:saveUserId>209634</ns2:saveUserId>
                <ns2:deliveryPlaceIndication>DIFFERENT_PLACE</ns2:deliveryPlaceIndication>
                <ns2:emergency>false</ns2:emergency>
                <ns2:jointPurchase>false</ns2:jointPurchase>
                <ns2:electronicPlaceInfo>
                    <name>АО "ЕЭТП"</name>
                    <url>http://www.roseltorg.ru/</url>
                    <electronicPlaceId>113</electronicPlaceId>
                </ns2:electronicPlaceInfo>
                <ns2:placingProcedure>
                    <ns2:examinationPlace>Указано в документации</ns2:examinationPlace>
                    <ns2:examinationDateTime>2017-03-29T10:00:00</ns2:examinationDateTime>
                    <ns2:summingupDateTime>2017-03-29T10:30:00</ns2:summingupDateTime>
                </ns2:placingProcedure>
                <ns2:submissionCloseDateTime>2017-03-28T10:45:00</ns2:submissionCloseDateTime>
                <ns2:publicationPlannedDate>2017-03-16</ns2:publicationPlannedDate>
                <ns2:lots>
                    <lot>
                        <guid>4380fe56-1442-16ae-37a8-a80aae807bd0</guid>
                        <ordinalNumber>1</ordinalNumber>
                        <lotEditEnabled>true</lotEditEnabled>
                        <lotData>
                            <subject>Выполнение работ по разработке проектной и рабочей документации по объекту: "Подключение к централизованной системе  водоотведения объекта: "Административное здание" по адресу: г.Москва, Каланчевская ул., д.43, стр. 1-1А"</subject>
                            <currency>
                                <code>RUB</code>
                                <digitalCode>643</digitalCode>
                                <name>Российский рубль</name>
                            </currency>
                            <initialSum>1781630.71</initialSum>
                            <deliveryPlace>
                                <address>Согласно документации</address>
                            </deliveryPlace>
                            <lotItems>
                                <newCodes>true</newCodes>
                                <lotItem>
                                    <guid>d4ebb267-5c0e-0cf0-6187-893fc5f98063</guid>
                                    <ordinalNumber>1</ordinalNumber>
                                    <okpd2>
                                        <code>71.12.16</code>
                                        <name>Услуги по инженерно-техническому проектированию объектов водоснабжения и канализации</name>
                                    </okpd2>
                                    <okved2>
                                        <code>71.12</code>
                                        <name>Деятельность в области инженерных изысканий, инженерно-технического проектирования, управления проектами строительства, выполнения строительного контроля и авторского надзора, предоставление технических консультаций в этих областях</name>
                                    </okved2>
                                    <okei>
                                        <code>876</code>
                                        <name>Условная единица</name>
                                    </okei>
                                    <qty>1</qty>
                                    <additionalInfo>Подробные объемы работ установлены в Части III. Технической части закупочной документации</additionalInfo>
                                </lotItem>
                            </lotItems>
                            <forSmallOrMiddle>false</forSmallOrMiddle>
                            <excludePurchaseFromPlan>false</excludePurchaseFromPlan>
                            <subcontractorsRequirement>false</subcontractorsRequirement>
                            <ignoredPurchase>false</ignoredPurchase>
                            <centralized>false</centralized>
                        </lotData>
                        <deliveryPlaceIndication>GL</deliveryPlaceIndication>
                        <jointLotData>
                            <jointLot>false</jointLot>
                        </jointLotData>
                        <lotPlanInfo>
                            <planRegistrationNumber>2160210243</planRegistrationNumber>
                            <planGuid>412d0bb5-ad19-4648-b52a-f8c71bf3bdb8</planGuid>
                            <positionNumber>668</positionNumber>
                            <lotPlanPosition>COMMODITY</lotPlanPosition>
                            <positionGuid>29ffb250-a0b7-406a-9e68-2b54f24860d2</positionGuid>
                        </lotPlanInfo>
                        <cancelled>false</cancelled>
                    </lot>
                </ns2:lots>
            </ns2:purchaseNoticeData>
        </ns2:item>
    </ns2:body>
</ns2:purchaseNotice>
