<?xml version="1.0" encoding="UTF-8" standalone="yes"?>
<ns2:purchaseNotice xsi:schemaLocation="http://zakupki.gov.ru/223/integration/schema/TFF-5.2 http://zakupki.gov.ru/223/integration/schema/TFF-5.2/purchase.xsd" xmlns="http://zakupki.gov.ru/223fz/types/1" xmlns:ns10="http://zakupki.gov.ru/223fz/purchasePlan/1" xmlns:ns11="http://zakupki.gov.ru/223fz/purchasePlanProject/1" xmlns:ns12="http://zakupki.gov.ru/223fz/purchasePlanProjectAdditionalPosition/1" xmlns:ns13="http://zakupki.gov.ru/223fz/contract/1" xmlns:ns14="http://zakupki.gov.ru/223fz/missedNotice/1" xmlns:ns15="http://zakupki.gov.ru/223fz/reference/1" xmlns:ns16="http://zakupki.gov.ru/223fz/stopCommodity/1" xmlns:ns17="http://zakupki.gov.ru/223fz/decisionSuspension/1" xmlns:ns18="http://zakupki.gov.ru/223fz/purchasePlanAdditionalPosition/1" xmlns:ns19="http://zakupki.gov.ru/223fz/webRequest/1" xmlns:ns2="http://zakupki.gov.ru/223fz/purchase/1" xmlns:xsi="http://www.w3.org/2001/XMLSchema-instance" xmlns:ns3="http://zakupki.gov.ru/223fz/dishonestSupplier/1" xmlns:ns4="http://zakupki.gov.ru/223fz/machineryListInfo/1" xmlns:ns5="http://zakupki.gov.ru/223fz/revenue/1" xmlns:ns6="http://zakupki.gov.ru/223fz/orderClauseList/1" xmlns:ns7="http://zakupki.gov.ru/223fz/disagreementProtocol/1" xmlns:ns8="http://zakupki.gov.ru/223fz/complaint/1" xmlns:ns9="http://zakupki.gov.ru/223fz/notificationIssue/1">
    <header>
        <guid>43a0f6e8-5f95-4127-8fca-8ceaf5ff2370</guid>
        <createDateTime>2017-03-16T17:26:57</createDateTime>
    </header>
    <ns2:body>
        <ns2:item>
            <guid>6ad48f1e-e4cf-7504-f1d9-3012febf3604</guid>
            <ns2:purchaseNoticeData>
                <ns2:guid>6ad48f1e-e4cf-7504-f1d9-3012febf3604</ns2:guid>
                <ns2:createDateTime>2017-03-16T17:10:08</ns2:createDateTime>
                <ns2:urlOOS>https://zakupki.gov.ru/223/purchase/private/purchase/notice-info/details.html?noticeInfoId=5887920</ns2:urlOOS>
                <ns2:urlVSRZ>https://com.roseltorg.ru/#com/procedure/view/id/286318</ns2:urlVSRZ>
                <ns2:registrationNumber>31704899687</ns2:registrationNumber>
                <ns2:name>№20-2017/СВТНП/РЭН/п.10.1.2.1/Проведение специальной оценки условий труда</ns2:name>
                <ns2:customer>
                    <mainInfo>
                        <fullName>СРЕДНЕ-ВОЛЖСКОЕ АКЦИОНЕРНОЕ ОБЩЕСТВО ТРУБОПРОВОДНОГО ТРАНСПОРТА НЕФТЕПРОДУКТОВ</fullName>
                        <shortName>АО "СРЕДНЕ-ВОЛЖСКИЙ ТРАНСНЕФТЕПРОДУКТ"</shortName>
                        <iko>51660001027165501001</iko>
                        <inn>1660001027</inn>
                        <kpp>770501001</kpp>
                        <ogrn>1021602831106</ogrn>
                        <legalAddress>115184, г МОСКВА, пер ВИШНЯКОВСКИЙ, дом ДОМ 2/36, корпус СТРОЕНИЕ 1</legalAddress>
                        <postalAddress>420097, Татарстан Республика, Казань Город, Зинина Улица, дом 4</postalAddress>
                        <phone>7-843-5674257</phone>
                        <email>ganeevaer@sv.aktnp.ru</email>
                        <okato>45290586000</okato>
                        <okpo>04810109</okpo>
                    </mainInfo>
                </ns2:customer>
                <ns2:purchaseMethodCode>140515</ns2:purchaseMethodCode>
                <ns2:purchaseCodeName>Открытый конкурс в электронной форме</ns2:purchaseCodeName>
                <ns2:placer>
                    <mainInfo>
                        <fullName>СРЕДНЕ-ВОЛЖСКОЕ АКЦИОНЕРНОЕ ОБЩЕСТВО ТРУБОПРОВОДНОГО ТРАНСПОРТА НЕФТЕПРОДУКТОВ</fullName>
                        <shortName>АО "СРЕДНЕ-ВОЛЖСКИЙ ТРАНСНЕФТЕПРОДУКТ"</shortName>
                        <iko>51660001027165501001</iko>
                        <inn>1660001027</inn>
                        <kpp>770501001</kpp>
                        <ogrn>1021602831106</ogrn>
                        <legalAddress>115184, г МОСКВА, пер ВИШНЯКОВСКИЙ, дом ДОМ 2/36, корпус СТРОЕНИЕ 1</legalAddress>
                        <postalAddress>420097, Татарстан Республика, Казань Город, Зинина Улица, дом 4</postalAddress>
                        <phone>7-843-5674257</phone>
                        <email>ganeevaer@sv.aktnp.ru</email>
                        <okato>45290586000</okato>
                        <okpo>04810109</okpo>
                    </mainInfo>
                </ns2:placer>
                <ns2:contact>
                    <firstName>Эльза</firstName>
                    <middleName>Рифхатовна</middleName>
                    <lastName>Ганеева</lastName>
                    <phone>+7 (843) 5674257</phone>
                    <email>GaneevaER@sv.aktnp.ru</email>
                    <organization>
                        <mainInfo>
                            <fullName>СРЕДНЕ-ВОЛЖСКОЕ АКЦИОНЕРНОЕ ОБЩЕСТВО ТРУБОПРОВОДНОГО ТРАНСПОРТА НЕФТЕПРОДУКТОВ</fullName>
                            <shortName>АО "СРЕДНЕ-ВОЛЖСКИЙ ТРАНСНЕФТЕПРОДУКТ"</shortName>
                            <iko>51660001027165501001</iko>
                            <inn>1660001027</inn>
                            <kpp>770501001</kpp>
                            <ogrn>1021602831106</ogrn>
                            <legalAddress>115184, г МОСКВА, пер ВИШНЯКОВСКИЙ, дом ДОМ 2/36, корпус СТРОЕНИЕ 1</legalAddress>
                            <postalAddress>420097, Татарстан Республика, Казань Город, Зинина Улица, дом 4</postalAddress>
                            <phone>7-843-5674257</phone>
                            <email>ganeevaer@sv.aktnp.ru</email>
                            <okato>45290586000</okato>
                            <okpo>04810109</okpo>
                        </mainInfo>
                    </organization>
                </ns2:contact>
                <ns2:publicationDateTime>2017-03-16T17:26:57</ns2:publicationDateTime>
                <ns2:documentationDelivery>
                    <deliveryStartDateTime>2017-03-16</deliveryStartDateTime>
                    <deliveryEndDateTime>2017-04-06</deliveryEndDateTime>
                    <place>https://com.roseltorg.ru/</place>
                    <procedure>посредством размещения для скачивания и ознакомления</procedure>
                </ns2:documentationDelivery>
                <ns2:status>P</ns2:status>
                <ns2:version>1</ns2:version>
                <ns2:notDishonest>true</ns2:notDishonest>
                <ns2:attachments>
                    <totalDocumentsCount>3</totalDocumentsCount>
                    <document>
                        <guid>cf18ab6b-11a3-a9f5-302b-add8ce960abf</guid>
                        <createDateTime>2017-03-16T17:04:00</createDateTime>
                        <fileName>Проект_договора[3].7z</fileName>
                        <description>Проект договора</description>
                        <url>http://zakupki.gov.ru/223/purchase/public/download/download.html?id=30118838</url>
                    </document>
                    <document>
                        <guid>74525dba-39a3-23aa-4e83-3942820ca256</guid>
                        <createDateTime>2017-03-16T17:03:32</createDateTime>
                        <fileName>Извещение_о_закупке[SxvREx2nc-E].docx</fileName>
                        <description>Извещение о закупке</description>
                        <url>http://zakupki.gov.ru/223/purchase/public/download/download.html?id=30118839</url>
                    </document>
                    <document>
                        <guid>4ccb1020-071c-8421-4cd4-8be33714346e</guid>
                        <createDateTime>2017-03-16T17:03:49</createDateTime>
                        <fileName>Документация_о_закупке[4].7z</fileName>
                        <description>Документация о закупке</description>
                        <url>http://zakupki.gov.ru/223/purchase/public/download/download.html?id=30118841</url>
                    </document>
                </ns2:attachments>
                <ns2:modificationDate>2017-03-16T17:26:57</ns2:modificationDate>
                <ns2:saveUserId>24640</ns2:saveUserId>
                <ns2:deliveryPlaceIndication>DIFFERENT_PLACE</ns2:deliveryPlaceIndication>
                <ns2:emergency>false</ns2:emergency>
                <ns2:jointPurchase>false</ns2:jointPurchase>
                <ns2:electronicPlaceInfo>
                    <name>АО "ЕЭТП"</name>
                    <url>http://www.roseltorg.ru/</url>
                    <electronicPlaceId>113</electronicPlaceId>
                </ns2:electronicPlaceInfo>
                <ns2:placingProcedure>
                    <ns2:examinationPlace>Казань</ns2:examinationPlace>
                    <ns2:examinationDateTime>2017-04-10T10:00:00</ns2:examinationDateTime>
                    <ns2:summingupDateTime>2017-04-13T10:00:00</ns2:summingupDateTime>
                </ns2:placingProcedure>
                <ns2:submissionCloseDateTime>2017-04-06T10:00:00</ns2:submissionCloseDateTime>
                <ns2:publicationPlannedDate>2017-03-16</ns2:publicationPlannedDate>
                <ns2:lots>
                    <lot>
                        <guid>9e29d316-54a1-57ca-2e53-13f3056d7060</guid>
                        <ordinalNumber>1</ordinalNumber>
                        <lotEditEnabled>true</lotEditEnabled>
                        <lotData>
                            <subject>Проведение специальной оценки условий труда</subject>
                            <currency>
                                <code>RUB</code>
                                <digitalCode>643</digitalCode>
                                <name>Российский рубль</name>
                            </currency>
                            <initialSum>96000.00</initialSum>
                            <deliveryPlace>
                                <address>Указано в документации </address>
                            </deliveryPlace>
                            <lotItems>
                                <newCodes>true</newCodes>
                                <lotItem>
                                    <guid>28272ae1-4a61-a303-785c-e92bd96e46de</guid>
                                    <ordinalNumber>1</ordinalNumber>
                                    <okpd2>
                                        <code>71.20.19.130</code>
                                        <name>Услуги по оценке условий труда</name>
                                    </okpd2>
                                    <okved2>
                                        <code>71.20.7</code>
                                        <name>Деятельность по оценке условий труда</name>
                                    </okved2>
                                    <okei>
                                        <code>904</code>
                                        <name>Рабочее место</name>
                                    </okei>
                                    <qty>40</qty>
                                    <additionalInfo>Проведение специальной оценки условий труда</additionalInfo>
                                </lotItem>
                            </lotItems>
                            <forSmallOrMiddle>false</forSmallOrMiddle>
                            <excludePurchaseFromPlan>false</excludePurchaseFromPlan>
                            <subcontractorsRequirement>false</subcontractorsRequirement>
                            <ignoredPurchase>false</ignoredPurchase>
                            <centralized>false</centralized>
                        </lotData>
                        <deliveryPlaceIndication>GL</deliveryPlaceIndication>
                        <jointLotData>
                            <jointLot>false</jointLot>
                        </jointLotData>
                        <lotPlanInfo>
                            <planRegistrationNumber>2160196352</planRegistrationNumber>
                            <planGuid>b7c61531-d827-4b67-aa61-14594aa7e774</planGuid>
                            <positionNumber>129</positionNumber>
                            <lotPlanPosition>COMMODITY</lotPlanPosition>
                            <positionGuid>d767fc0d-39b8-4504-9ee4-2e25ef9899bb</positionGuid>
                        </lotPlanInfo>
                        <cancelled>false</cancelled>
                    </lot>
                </ns2:lots>
            </ns2:purchaseNoticeData>
        </ns2:item>
    </ns2:body>
</ns2:purchaseNotice>
