<?xml version="1.0" encoding="UTF-8" standalone="yes"?>
<ns2:purchaseNotice xsi:schemaLocation="http://zakupki.gov.ru/223/integration/schema/TFF-5.2 http://zakupki.gov.ru/223/integration/schema/TFF-5.2/purchase.xsd" xmlns="http://zakupki.gov.ru/223fz/types/1" xmlns:ns10="http://zakupki.gov.ru/223fz/purchasePlan/1" xmlns:ns11="http://zakupki.gov.ru/223fz/purchasePlanProject/1" xmlns:ns12="http://zakupki.gov.ru/223fz/purchasePlanProjectAdditionalPosition/1" xmlns:ns13="http://zakupki.gov.ru/223fz/contract/1" xmlns:ns14="http://zakupki.gov.ru/223fz/missedNotice/1" xmlns:ns15="http://zakupki.gov.ru/223fz/reference/1" xmlns:ns16="http://zakupki.gov.ru/223fz/stopCommodity/1" xmlns:ns17="http://zakupki.gov.ru/223fz/decisionSuspension/1" xmlns:ns18="http://zakupki.gov.ru/223fz/purchasePlanAdditionalPosition/1" xmlns:ns19="http://zakupki.gov.ru/223fz/webRequest/1" xmlns:ns2="http://zakupki.gov.ru/223fz/purchase/1" xmlns:xsi="http://www.w3.org/2001/XMLSchema-instance" xmlns:ns3="http://zakupki.gov.ru/223fz/dishonestSupplier/1" xmlns:ns4="http://zakupki.gov.ru/223fz/machineryListInfo/1" xmlns:ns5="http://zakupki.gov.ru/223fz/revenue/1" xmlns:ns6="http://zakupki.gov.ru/223fz/orderClauseList/1" xmlns:ns7="http://zakupki.gov.ru/223fz/disagreementProtocol/1" xmlns:ns8="http://zakupki.gov.ru/223fz/complaint/1" xmlns:ns9="http://zakupki.gov.ru/223fz/notificationIssue/1">
    <header>
        <guid>794e3685-0d24-47e2-8e2c-2bac0efd271d</guid>
        <createDateTime>2017-03-16T16:27:18</createDateTime>
    </header>
    <ns2:body>
        <ns2:item>
            <guid>1148fd26-bc94-40d6-994d-354ebe3a8c54</guid>
            <ns2:purchaseNoticeData>
                <ns2:guid>1148fd26-bc94-40d6-994d-354ebe3a8c54</ns2:guid>
                <ns2:createDateTime>2017-03-16T16:24:13</ns2:createDateTime>
                <ns2:urlOOS>https://zakupki.gov.ru/223/purchase/private/purchase/notice-info/details.html?noticeInfoId=5887473</ns2:urlOOS>
                <ns2:urlVSRZ>http://trade.lot-online.ru/tender/details.html?tenderId=4322001</ns2:urlVSRZ>
                <ns2:registrationNumber>31704812779</ns2:registrationNumber>
                <ns2:name>Поставка безэховых, экранированных и акустических камер</ns2:name>
                <ns2:customer>
                    <mainInfo>
                        <fullName>АКЦИОНЕРНОЕ ОБЩЕСТВО "ВОЕНТЕЛЕКОМ"</fullName>
                        <shortName>АО "ВОЕНТЕЛЕКОМ"</shortName>
                        <iko>77718766718771801001</iko>
                        <inn>7718766718</inn>
                        <kpp>771801001</kpp>
                        <ogrn>1097746350151</ogrn>
                        <legalAddress>107014, г МОСКВА, ул ОЛЕНЬЯ Б., дом 15А, корпус СТР.1</legalAddress>
                        <postalAddress>107014, дом 15А, строение 1</postalAddress>
                        <phone>7-495-6095005</phone>
                        <fax>7-495-6095152</fax>
                        <email>info@voentelecom.ru</email>
                        <okato>45263591000</okato>
                        <okpo>07627860</okpo>
                    </mainInfo>
                </ns2:customer>
                <ns2:purchaseMethodCode>71048</ns2:purchaseMethodCode>
                <ns2:purchaseCodeName>Lot-online: Открытый аукцион в электронной форме</ns2:purchaseCodeName>
                <ns2:placer>
                    <mainInfo>
                        <fullName>АКЦИОНЕРНОЕ ОБЩЕСТВО "ВОЕНТЕЛЕКОМ"</fullName>
                        <shortName>АО "ВОЕНТЕЛЕКОМ"</shortName>
                        <iko>77718766718771801001</iko>
                        <inn>7718766718</inn>
                        <kpp>771801001</kpp>
                        <ogrn>1097746350151</ogrn>
                        <legalAddress>107014, г МОСКВА, ул ОЛЕНЬЯ Б., дом 15А, корпус СТР.1</legalAddress>
                        <postalAddress>107014, дом 15А, строение 1</postalAddress>
                        <phone>7-495-6095005</phone>
                        <fax>7-495-6095152</fax>
                        <email>info@voentelecom.ru</email>
                        <okato>45263591000</okato>
                        <okpo>07627860</okpo>
                    </mainInfo>
                </ns2:placer>
                <ns2:contact>
                    <phone>7 495 609 50 05</phone>
                    <email>v.juravleva@voentelecom.ru</email>
                    <organization>
                        <mainInfo>
                            <fullName>АКЦИОНЕРНОЕ ОБЩЕСТВО "ВОЕНТЕЛЕКОМ"</fullName>
                            <shortName>АО "ВОЕНТЕЛЕКОМ"</shortName>
                            <iko>77718766718771801001</iko>
                            <inn>7718766718</inn>
                            <kpp>771801001</kpp>
                            <ogrn>1097746350151</ogrn>
                            <legalAddress>107014, г МОСКВА, ул ОЛЕНЬЯ Б., дом 15А, корпус СТР.1</legalAddress>
                            <postalAddress>107014, дом 15А, строение 1</postalAddress>
                            <phone>7-495-6095005</phone>
                            <fax>7-495-6095152</fax>
                            <email>info@voentelecom.ru</email>
                            <okato>45263591000</okato>
                            <okpo>07627860</okpo>
                        </mainInfo>
                    </organization>
                </ns2:contact>
                <ns2:publicationDateTime>2017-03-16T16:27:18</ns2:publicationDateTime>
                <ns2:documentationDelivery>
                    <deliveryStartDateTime>2017-02-20</deliveryStartDateTime>
                    <deliveryEndDateTime>2017-03-13</deliveryEndDateTime>
                    <place>http://trade.lot-online.ru/tender/details.html?tenderId=4322001</place>
                    <procedure>Специальные условия для предоставления документации отсутствуют</procedure>
                </ns2:documentationDelivery>
                <ns2:status>P</ns2:status>
                <ns2:version>2</ns2:version>
                <ns2:modificationDescription>длительное рассмотрение заявок участников</ns2:modificationDescription>
                <ns2:notDishonest>false</ns2:notDishonest>
                <ns2:attachments>
                    <totalDocumentsCount>5</totalDocumentsCount>
                    <document>
                        <guid>65c77f1a-cdad-4ffc-8e0e-9e1231e1c3ea</guid>
                        <createDateTime>2017-03-16T16:24:19</createDateTime>
                        <fileName>Договор.doc</fileName>
                        <description>Договор.doc</description>
                        <url>http://zakupki.gov.ru/223/purchase/public/download/download.html?id=30116548</url>
                    </document>
                    <document>
                        <guid>051ce1a3-d188-488b-8f24-37c050e7d842</guid>
                        <createDateTime>2017-03-16T16:24:19</createDateTime>
                        <fileName>Технические Требования.docx</fileName>
                        <description>Технические Требования.docx</description>
                        <url>http://zakupki.gov.ru/223/purchase/public/download/download.html?id=30116550</url>
                    </document>
                    <document>
                        <guid>7c475273-add7-4929-80b6-3855e88534a9</guid>
                        <createDateTime>2017-03-16T16:24:19</createDateTime>
                        <fileName>Спецификация.xls</fileName>
                        <description>Спецификация.xls</description>
                        <url>http://zakupki.gov.ru/223/purchase/public/download/download.html?id=30116551</url>
                    </document>
                    <document>
                        <guid>fcece1d6-a877-4ffb-9606-d1d0091d0f4c</guid>
                        <createDateTime>2017-03-16T16:24:19</createDateTime>
                        <fileName>Извещение.docx</fileName>
                        <description>Извещение.docx</description>
                        <url>http://zakupki.gov.ru/223/purchase/public/download/download.html?id=30116554</url>
                    </document>
                    <document>
                        <guid>e003741d-d92a-4002-ac5d-90ba9083af93</guid>
                        <createDateTime>2017-03-16T16:24:19</createDateTime>
                        <fileName>Документация.docx</fileName>
                        <description>Документация.docx</description>
                        <url>http://zakupki.gov.ru/223/purchase/public/download/download.html?id=30116555</url>
                    </document>
                </ns2:attachments>
                <ns2:modificationDate>2017-03-16T16:27:18</ns2:modificationDate>
                <ns2:saveUserId>175436</ns2:saveUserId>
                <ns2:deliveryPlaceIndication>SINGLE_PLACE</ns2:deliveryPlaceIndication>
                <ns2:emergency>false</ns2:emergency>
                <ns2:jointPurchase>false</ns2:jointPurchase>
                <ns2:electronicPlaceInfo>
                    <name>ЭТП Lot-online</name>
                    <url>http://lot-online.ru/</url>
                    <electronicPlaceId>110</electronicPlaceId>
                </ns2:electronicPlaceInfo>
                <ns2:placingProcedure>
                    <ns2:examinationPlace>http://lot-online.ru/</ns2:examinationPlace>
                    <ns2:examinationDateTime>2017-03-13T16:10:00</ns2:examinationDateTime>
                    <ns2:summingupDateTime>2017-03-27T18:00:00</ns2:summingupDateTime>
                </ns2:placingProcedure>
                <ns2:submissionCloseDateTime>2017-03-13T16:00:00</ns2:submissionCloseDateTime>
                <ns2:lots>
                    <lot>
                        <guid>532c214e-8aec-4894-a8bc-9f89114865b3</guid>
                        <ordinalNumber>1</ordinalNumber>
                        <lotEditEnabled>false</lotEditEnabled>
                        <lotData>
                            <subject>Поставка безэховых, экранированных и акустических камер</subject>
                            <currency>
                                <code>RUB</code>
                                <digitalCode>643</digitalCode>
                                <name>Российский рубль</name>
                            </currency>
                            <initialSum>110577718.40</initialSum>
                            <deliveryPlace>
                                <address>Московская область, г. Мытищи, 1-й Рупасовский пер., д.5</address>
                            </deliveryPlace>
                            <lotItems>
                                <newCodes>true</newCodes>
                                <lotItem>
                                    <guid>0cd2f683-4804-4efe-a349-3a9fe4f431b8</guid>
                                    <ordinalNumber>1</ordinalNumber>
                                    <okpd2>
                                        <code>26</code>
                                        <name>Оборудование компьютерное, электронное и оптическое</name>
                                    </okpd2>
                                    <okved2>
                                        <code>26</code>
                                        <name>Производство компьютеров, электронных и оптических изделий</name>
                                    </okved2>
                                    <okei>
                                        <code>642</code>
                                        <name>Единица</name>
                                    </okei>
                                    <qty>1</qty>
                                    <additionalInfo>договор</additionalInfo>
                                </lotItem>
                            </lotItems>
                            <forSmallOrMiddle>false</forSmallOrMiddle>
                            <excludePurchaseFromPlan>false</excludePurchaseFromPlan>
                            <subcontractorsRequirement>false</subcontractorsRequirement>
                            <ignoredPurchase>false</ignoredPurchase>
                            <centralized>false</centralized>
                        </lotData>
                        <deliveryPlaceIndication>GL</deliveryPlaceIndication>
                        <jointLotData>
                            <jointLot>false</jointLot>
                        </jointLotData>
                        <lotPlanInfo>
                            <planRegistrationNumber>2160209218</planRegistrationNumber>
                            <planGuid>2870862b-795c-4416-88e5-e9fe458251c1</planGuid>
                            <positionNumber>149</positionNumber>
                            <lotPlanPosition>COMMODITY</lotPlanPosition>
                            <positionGuid>8ac46718-8686-4aa8-8103-2a51c1d05d45</positionGuid>
                        </lotPlanInfo>
                        <cancelled>false</cancelled>
                    </lot>
                </ns2:lots>
            </ns2:purchaseNoticeData>
        </ns2:item>
    </ns2:body>
</ns2:purchaseNotice>
