<?xml version="1.0" encoding="UTF-8" standalone="yes"?>
<ns2:purchaseNotice xsi:schemaLocation="http://zakupki.gov.ru/223/integration/schema/TFF-5.2 http://zakupki.gov.ru/223/integration/schema/TFF-5.2/purchase.xsd" xmlns="http://zakupki.gov.ru/223fz/types/1" xmlns:ns10="http://zakupki.gov.ru/223fz/purchasePlan/1" xmlns:ns11="http://zakupki.gov.ru/223fz/purchasePlanProject/1" xmlns:ns12="http://zakupki.gov.ru/223fz/purchasePlanProjectAdditionalPosition/1" xmlns:ns13="http://zakupki.gov.ru/223fz/contract/1" xmlns:ns14="http://zakupki.gov.ru/223fz/missedNotice/1" xmlns:ns15="http://zakupki.gov.ru/223fz/reference/1" xmlns:ns16="http://zakupki.gov.ru/223fz/stopCommodity/1" xmlns:ns17="http://zakupki.gov.ru/223fz/decisionSuspension/1" xmlns:ns18="http://zakupki.gov.ru/223fz/purchasePlanAdditionalPosition/1" xmlns:ns19="http://zakupki.gov.ru/223fz/webRequest/1" xmlns:ns2="http://zakupki.gov.ru/223fz/purchase/1" xmlns:xsi="http://www.w3.org/2001/XMLSchema-instance" xmlns:ns3="http://zakupki.gov.ru/223fz/dishonestSupplier/1" xmlns:ns4="http://zakupki.gov.ru/223fz/machineryListInfo/1" xmlns:ns5="http://zakupki.gov.ru/223fz/revenue/1" xmlns:ns6="http://zakupki.gov.ru/223fz/orderClauseList/1" xmlns:ns7="http://zakupki.gov.ru/223fz/disagreementProtocol/1" xmlns:ns8="http://zakupki.gov.ru/223fz/complaint/1" xmlns:ns9="http://zakupki.gov.ru/223fz/notificationIssue/1">
    <header>
        <guid>b1a3f75b-d956-426d-acd9-a8679b5d0c76</guid>
        <createDateTime>2017-03-16T19:41:44</createDateTime>
    </header>
    <ns2:body>
        <ns2:item>
            <guid>8d4321f3-2511-2532-b033-c7badbe6ea5f</guid>
            <ns2:purchaseNoticeData>
                <ns2:guid>8d4321f3-2511-2532-b033-c7badbe6ea5f</ns2:guid>
                <ns2:createDateTime>2017-03-16T19:33:29</ns2:createDateTime>
                <ns2:urlOOS>https://zakupki.gov.ru/223/purchase/private/purchase/notice-info/details.html?noticeInfoId=5888422</ns2:urlOOS>
                <ns2:urlVSRZ>https://etpgaz.gazprombank.ru/#com/procedure/view/procedure/84365</ns2:urlVSRZ>
                <ns2:registrationNumber>31704841394</ns2:registrationNumber>
                <ns2:name>Поставка арматуры фонтанной и головок колонных для разведочных скважин для нужд ООО «Газпром комплектация» (0001/17/4.2/0005856/ГПК/ЗП/ГОС/Э/28.02.2017)</ns2:name>
                <ns2:customer>
                    <mainInfo>
                        <fullName>Общество с ограниченной ответственностью "Газпром комплектация"</fullName>
                        <shortName>ООО "Газпром комплектация"</shortName>
                        <iko>67740000044773601001</iko>
                        <inn>7740000044</inn>
                        <kpp>773601001</kpp>
                        <ogrn>1027700501113</ogrn>
                        <legalAddress>119991, Москва, Строителей, дом 8, корпус КОРПУС 1</legalAddress>
                        <postalAddress>119991, г. Москва, ул. Строителей, д. 8, корп. 1</postalAddress>
                        <phone>7-495-6315782</phone>
                        <email>komplekt@komplekt.gazprom.ru</email>
                        <okato>45293558000</okato>
                        <okpo>05030632</okpo>
                    </mainInfo>
                </ns2:customer>
                <ns2:purchaseMethodCode>8993</ns2:purchaseMethodCode>
                <ns2:purchaseCodeName>29 (Газпром) Открытый запрос предложений в электронной форме</ns2:purchaseCodeName>
                <ns2:placer>
                    <mainInfo>
                        <fullName>ПУБЛИЧНОЕ АКЦИОНЕРНОЕ ОБЩЕСТВО "ГАЗПРОМ"</fullName>
                        <shortName>ПАО "ГАЗПРОМ"</shortName>
                        <iko>57736050003772801001</iko>
                        <inn>7736050003</inn>
                        <kpp>772801001</kpp>
                        <ogrn>1027700070518</ogrn>
                        <legalAddress>117997, г МОСКВА, ул НАМЕТКИНА, дом 16</legalAddress>
                        <postalAddress>ул. Наметкина, д. 16, г. Москва, ГСП-7, 117997</postalAddress>
                        <phone>7-495-7198103</phone>
                        <email>223@adm.gazprom.ru</email>
                        <okato>45293590000</okato>
                        <okpo>45908000</okpo>
                    </mainInfo>
                </ns2:placer>
                <ns2:contact>
                    <firstName>Дмитрий</firstName>
                    <middleName>Александрович</middleName>
                    <lastName>Козлов</lastName>
                    <phone>+7 (495) 7195342</phone>
                    <email>Zakupki@adm.gazprom.ru</email>
                    <organization>
                        <mainInfo>
                            <fullName>ПУБЛИЧНОЕ АКЦИОНЕРНОЕ ОБЩЕСТВО "ГАЗПРОМ"</fullName>
                            <shortName>ПАО "ГАЗПРОМ"</shortName>
                            <iko>57736050003772801001</iko>
                            <inn>7736050003</inn>
                            <kpp>772801001</kpp>
                            <ogrn>1027700070518</ogrn>
                            <legalAddress>117997, г МОСКВА, ул НАМЕТКИНА, дом 16</legalAddress>
                            <postalAddress>ул. Наметкина, д. 16, г. Москва, ГСП-7, 117997</postalAddress>
                            <phone>7-495-7198103</phone>
                            <email>223@adm.gazprom.ru</email>
                            <okato>45293590000</okato>
                            <okpo>45908000</okpo>
                        </mainInfo>
                    </organization>
                </ns2:contact>
                <ns2:publicationDateTime>2017-03-16T19:41:44</ns2:publicationDateTime>
                <ns2:documentationDelivery>
                    <deliveryStartDateTime>2017-02-28</deliveryStartDateTime>
                    <deliveryEndDateTime>2017-03-23</deliveryEndDateTime>
                    <place>https://etpgaz.gazprombank.ru http://zakupki.gov.ru/223</place>
                    <procedure>Путем скачивания файлов в электронной форме</procedure>
                </ns2:documentationDelivery>
                <ns2:status>P</ns2:status>
                <ns2:version>2</ns2:version>
                <ns2:modificationDescription>Изложено в прилагаемой документации</ns2:modificationDescription>
                <ns2:notDishonest>false</ns2:notDishonest>
                <ns2:attachments>
                    <totalDocumentsCount>4</totalDocumentsCount>
                    <document>
                        <guid>bc925027-90b7-82c8-c81f-ba08f8eacf99</guid>
                        <createDateTime>2017-03-16T19:30:54</createDateTime>
                        <fileName>5856_Уведомление_о_продлении.doc</fileName>
                        <description>5856 Уведомление о продлении.doc</description>
                        <url>http://zakupki.gov.ru/223/purchase/public/download/download.html?id=30121240</url>
                    </document>
                    <document>
                        <guid>dd5ee3a9-233b-a6ea-c2ea-0b4c5282d3d0</guid>
                        <createDateTime>2017-02-28T17:40:51</createDateTime>
                        <fileName>Док-ция_5856.rar</fileName>
                        <description>Док-ция 5856.rar</description>
                        <url>http://zakupki.gov.ru/223/purchase/public/download/download.html?id=30121241</url>
                    </document>
                    <document>
                        <guid>35dc84c2-815f-1a19-60cc-f8b05ae07136</guid>
                        <createDateTime>2017-02-28T17:40:51</createDateTime>
                        <fileName>Опросные_листы.RAR</fileName>
                        <description>Опросные листы.RAR</description>
                        <url>http://zakupki.gov.ru/223/purchase/public/download/download.html?id=30121242</url>
                    </document>
                    <document>
                        <guid>6cf82306-fbd1-3bde-f438-ae0404afd288</guid>
                        <createDateTime>2017-02-28T17:40:52</createDateTime>
                        <fileName>Тех._документация.RAR</fileName>
                        <description>Тех. документация.RAR</description>
                        <url>http://zakupki.gov.ru/223/purchase/public/download/download.html?id=30121244</url>
                    </document>
                </ns2:attachments>
                <ns2:modificationDate>2017-03-16T19:41:44</ns2:modificationDate>
                <ns2:saveUserId>37419</ns2:saveUserId>
                <ns2:deliveryPlaceIndication>DIFFERENT_PLACE</ns2:deliveryPlaceIndication>
                <ns2:emergency>false</ns2:emergency>
                <ns2:jointPurchase>true</ns2:jointPurchase>
                <ns2:electronicPlaceInfo>
                    <name>ЭТП ГПБ</name>
                    <url>https://etpgaz.gazprombank.ru/</url>
                    <electronicPlaceId>115</electronicPlaceId>
                </ns2:electronicPlaceInfo>
                <ns2:placingProcedure>
                    <ns2:examinationPlace>117418, ГСП-7, г. Москва, ул. Новочеремушкинская, д.65</ns2:examinationPlace>
                    <ns2:examinationDateTime>2017-03-31T19:00:00</ns2:examinationDateTime>
                    <ns2:summingupDateTime>2017-03-31T19:00:00</ns2:summingupDateTime>
                </ns2:placingProcedure>
                <ns2:submissionCloseDateTime>2017-03-23T12:00:00</ns2:submissionCloseDateTime>
                <ns2:publicationPlannedDate>2017-02-28</ns2:publicationPlannedDate>
                <ns2:lots>
                    <lot>
                        <guid>aed0ccad-835d-d8e6-b7d5-1227f2f9f4fb</guid>
                        <ordinalNumber>1</ordinalNumber>
                        <lotEditEnabled>true</lotEditEnabled>
                        <lotData>
                            <subject>Арматура фонтанная и головки колонные для разведочных скважин</subject>
                            <currency>
                                <code>RUB</code>
                                <digitalCode>643</digitalCode>
                                <name>Российский рубль</name>
                            </currency>
                            <initialSum>26954270.42</initialSum>
                            <deliveryPlace>
                                <address>Согласно закупочной документации</address>
                            </deliveryPlace>
                            <lotItems>
                                <newCodes>true</newCodes>
                                <lotItem>
                                    <guid>c9e5f1b6-3ef6-af52-09bd-f69a74de675e</guid>
                                    <ordinalNumber>1</ordinalNumber>
                                    <okpd2>
                                        <code>28.92</code>
                                        <name>Оборудование для добычи полезных ископаемых подземным и открытым способами и строительства</name>
                                    </okpd2>
                                    <okved2>
                                        <code>28.92</code>
                                        <name>Производство машин и оборудования для добычи полезных ископаемых и строительства</name>
                                    </okved2>
                                    <okei>
                                        <code>796</code>
                                        <name>Штука</name>
                                    </okei>
                                    <qty>1</qty>
                                    <additionalInfo>Головка колонная ОКК3-70-140х245х324х426 К2 ХЛ</additionalInfo>
                                </lotItem>
                                <lotItem>
                                    <guid>74012cb0-11f8-ac69-add5-8c3279cd8abf</guid>
                                    <ordinalNumber>2</ordinalNumber>
                                    <okpd2>
                                        <code>28.92</code>
                                        <name>Оборудование для добычи полезных ископаемых подземным и открытым способами и строительства</name>
                                    </okpd2>
                                    <okved2>
                                        <code>28.92</code>
                                        <name>Производство машин и оборудования для добычи полезных ископаемых и строительства</name>
                                    </okved2>
                                    <okei>
                                        <code>796</code>
                                        <name>Штука</name>
                                    </okei>
                                    <qty>1</qty>
                                    <additionalInfo>Головка колонная ОКК2-35-168х245х324 К1 ХЛ</additionalInfo>
                                </lotItem>
                                <lotItem>
                                    <guid>a3c05700-9ac9-c45d-592a-437df1819011</guid>
                                    <ordinalNumber>3</ordinalNumber>
                                    <okpd2>
                                        <code>28.92</code>
                                        <name>Оборудование для добычи полезных ископаемых подземным и открытым способами и строительства</name>
                                    </okpd2>
                                    <okved2>
                                        <code>28.92</code>
                                        <name>Производство машин и оборудования для добычи полезных ископаемых и строительства</name>
                                    </okved2>
                                    <okei>
                                        <code>796</code>
                                        <name>Штука</name>
                                    </okei>
                                    <qty>1</qty>
                                    <additionalInfo>Головка колонная ОКК3-35-178х245х324х426 К1 ХЛ</additionalInfo>
                                </lotItem>
                                <lotItem>
                                    <guid>756251b6-841a-3cc4-2d44-6fcc9fdc8e1a</guid>
                                    <ordinalNumber>4</ordinalNumber>
                                    <okpd2>
                                        <code>28.92</code>
                                        <name>Оборудование для добычи полезных ископаемых подземным и открытым способами и строительства</name>
                                    </okpd2>
                                    <okved2>
                                        <code>28.92</code>
                                        <name>Производство машин и оборудования для добычи полезных ископаемых и строительства</name>
                                    </okved2>
                                    <okei>
                                        <code>796</code>
                                        <name>Штука</name>
                                    </okei>
                                    <qty>1</qty>
                                    <additionalInfo>Арматура фонтанная АФ6-80/65х35 К1 ХЛ</additionalInfo>
                                </lotItem>
                                <lotItem>
                                    <guid>3f00a06e-fecc-c3c2-38d5-e95e0da52f38</guid>
                                    <ordinalNumber>5</ordinalNumber>
                                    <okpd2>
                                        <code>28.92</code>
                                        <name>Оборудование для добычи полезных ископаемых подземным и открытым способами и строительства</name>
                                    </okpd2>
                                    <okved2>
                                        <code>28.92</code>
                                        <name>Производство машин и оборудования для добычи полезных ископаемых и строительства</name>
                                    </okved2>
                                    <okei>
                                        <code>796</code>
                                        <name>Штука</name>
                                    </okei>
                                    <qty>1</qty>
                                    <additionalInfo>Головка колонная ОКК2-35-178х245х324 К1 ХЛ</additionalInfo>
                                </lotItem>
                                <lotItem>
                                    <guid>d5a1d73e-9d59-0c1b-c385-92fb10cebf57</guid>
                                    <ordinalNumber>6</ordinalNumber>
                                    <okpd2>
                                        <code>28.92</code>
                                        <name>Оборудование для добычи полезных ископаемых подземным и открытым способами и строительства</name>
                                    </okpd2>
                                    <okved2>
                                        <code>28.92</code>
                                        <name>Производство машин и оборудования для добычи полезных ископаемых и строительства</name>
                                    </okved2>
                                    <okei>
                                        <code>796</code>
                                        <name>Штука</name>
                                    </okei>
                                    <qty>1</qty>
                                    <additionalInfo>Арматура фонтанная АФ6-80/65х35 К1 ХЛ</additionalInfo>
                                </lotItem>
                                <lotItem>
                                    <guid>b5f12b5b-f761-a9e0-6f7b-1ede10f5e611</guid>
                                    <ordinalNumber>7</ordinalNumber>
                                    <okpd2>
                                        <code>28.92</code>
                                        <name>Оборудование для добычи полезных ископаемых подземным и открытым способами и строительства</name>
                                    </okpd2>
                                    <okved2>
                                        <code>28.92</code>
                                        <name>Производство машин и оборудования для добычи полезных ископаемых и строительства</name>
                                    </okved2>
                                    <okei>
                                        <code>796</code>
                                        <name>Штука</name>
                                    </okei>
                                    <qty>1</qty>
                                    <additionalInfo>Головка колонная ОКК2-35-178х245х324 К1 ХЛ</additionalInfo>
                                </lotItem>
                                <lotItem>
                                    <guid>a9e7f82d-9334-9e60-afa8-8d385e9ddeee</guid>
                                    <ordinalNumber>8</ordinalNumber>
                                    <okpd2>
                                        <code>28.92</code>
                                        <name>Оборудование для добычи полезных ископаемых подземным и открытым способами и строительства</name>
                                    </okpd2>
                                    <okved2>
                                        <code>28.92</code>
                                        <name>Производство машин и оборудования для добычи полезных ископаемых и строительства</name>
                                    </okved2>
                                    <okei>
                                        <code>796</code>
                                        <name>Штука</name>
                                    </okei>
                                    <qty>1</qty>
                                    <additionalInfo>Арматура фонтанная АФ6-80/65х35 К1 ХЛ</additionalInfo>
                                </lotItem>
                                <lotItem>
                                    <guid>713a4b27-f246-f1aa-5cbc-512808ffce82</guid>
                                    <ordinalNumber>9</ordinalNumber>
                                    <okpd2>
                                        <code>28.92</code>
                                        <name>Оборудование для добычи полезных ископаемых подземным и открытым способами и строительства</name>
                                    </okpd2>
                                    <okved2>
                                        <code>28.92</code>
                                        <name>Производство машин и оборудования для добычи полезных ископаемых и строительства</name>
                                    </okved2>
                                    <okei>
                                        <code>796</code>
                                        <name>Штука</name>
                                    </okei>
                                    <qty>1</qty>
                                    <additionalInfo>Головка колонная ОКК2-35-178х245х324 К1 ХЛ</additionalInfo>
                                </lotItem>
                                <lotItem>
                                    <guid>908be4df-055e-58e5-1d5d-deefe9901270</guid>
                                    <ordinalNumber>10</ordinalNumber>
                                    <okpd2>
                                        <code>28.92</code>
                                        <name>Оборудование для добычи полезных ископаемых подземным и открытым способами и строительства</name>
                                    </okpd2>
                                    <okved2>
                                        <code>28.92</code>
                                        <name>Производство машин и оборудования для добычи полезных ископаемых и строительства</name>
                                    </okved2>
                                    <okei>
                                        <code>796</code>
                                        <name>Штука</name>
                                    </okei>
                                    <qty>1</qty>
                                    <additionalInfo>Арматура фонтанная АФ6-80/65х35 К1 ХЛ</additionalInfo>
                                </lotItem>
                                <lotItem>
                                    <guid>7ee54b84-d4a9-60c6-12e2-002cdb789b40</guid>
                                    <ordinalNumber>11</ordinalNumber>
                                    <okpd2>
                                        <code>28.92</code>
                                        <name>Оборудование для добычи полезных ископаемых подземным и открытым способами и строительства</name>
                                    </okpd2>
                                    <okved2>
                                        <code>28.92</code>
                                        <name>Производство машин и оборудования для добычи полезных ископаемых и строительства</name>
                                    </okved2>
                                    <okei>
                                        <code>796</code>
                                        <name>Штука</name>
                                    </okei>
                                    <qty>1</qty>
                                    <additionalInfo>Головка колонная ОКК2-35-178х245х324 К1 ХЛ</additionalInfo>
                                </lotItem>
                                <lotItem>
                                    <guid>fdd2dfc9-4e86-c9cf-c93f-42a4b847602f</guid>
                                    <ordinalNumber>12</ordinalNumber>
                                    <okpd2>
                                        <code>28.92</code>
                                        <name>Оборудование для добычи полезных ископаемых подземным и открытым способами и строительства</name>
                                    </okpd2>
                                    <okved2>
                                        <code>28.92</code>
                                        <name>Производство машин и оборудования для добычи полезных ископаемых и строительства</name>
                                    </okved2>
                                    <okei>
                                        <code>796</code>
                                        <name>Штука</name>
                                    </okei>
                                    <qty>2</qty>
                                    <additionalInfo>Головка колонная ОКК1-14-168х245 К1 ХЛ</additionalInfo>
                                </lotItem>
                                <lotItem>
                                    <guid>1654d979-d19f-fe0d-9391-e745efbc380d</guid>
                                    <ordinalNumber>13</ordinalNumber>
                                    <okpd2>
                                        <code>28.92</code>
                                        <name>Оборудование для добычи полезных ископаемых подземным и открытым способами и строительства</name>
                                    </okpd2>
                                    <okved2>
                                        <code>28.92</code>
                                        <name>Производство машин и оборудования для добычи полезных ископаемых и строительства</name>
                                    </okved2>
                                    <okei>
                                        <code>796</code>
                                        <name>Штука</name>
                                    </okei>
                                    <qty>3</qty>
                                    <additionalInfo>Арматура устьевая АШКЭ-50х14 К1</additionalInfo>
                                </lotItem>
                                <lotItem>
                                    <guid>8d259613-36bf-6721-82e2-02ce394bd1e8</guid>
                                    <ordinalNumber>14</ordinalNumber>
                                    <okpd2>
                                        <code>28.92</code>
                                        <name>Оборудование для добычи полезных ископаемых подземным и открытым способами и строительства</name>
                                    </okpd2>
                                    <okved2>
                                        <code>28.92</code>
                                        <name>Производство машин и оборудования для добычи полезных ископаемых и строительства</name>
                                    </okved2>
                                    <okei>
                                        <code>796</code>
                                        <name>Штука</name>
                                    </okei>
                                    <qty>1</qty>
                                    <additionalInfo>Арматура фонтанная АФ6-65/65х35 К1 У</additionalInfo>
                                </lotItem>
                                <lotItem>
                                    <guid>ad05aba4-2965-f92e-7a33-445ce69c8980</guid>
                                    <ordinalNumber>15</ordinalNumber>
                                    <okpd2>
                                        <code>28.92</code>
                                        <name>Оборудование для добычи полезных ископаемых подземным и открытым способами и строительства</name>
                                    </okpd2>
                                    <okved2>
                                        <code>28.92</code>
                                        <name>Производство машин и оборудования для добычи полезных ископаемых и строительства</name>
                                    </okved2>
                                    <okei>
                                        <code>796</code>
                                        <name>Штука</name>
                                    </okei>
                                    <qty>1</qty>
                                    <additionalInfo>Головка колонная ОКК2-35-140х245х324 К1 У</additionalInfo>
                                </lotItem>
                            </lotItems>
                            <forSmallOrMiddle>false</forSmallOrMiddle>
                            <excludePurchaseFromPlan>false</excludePurchaseFromPlan>
                            <subcontractorsRequirement>false</subcontractorsRequirement>
                            <ignoredPurchase>false</ignoredPurchase>
                            <centralized>false</centralized>
                        </lotData>
                        <deliveryPlaceIndication>GL</deliveryPlaceIndication>
                        <jointLotData>
                            <jointLot>false</jointLot>
                        </jointLotData>
                        <lotPlanInfo>
                            <planRegistrationNumber>2160195932</planRegistrationNumber>
                            <planGuid>65f8f22d-8916-44d2-86c6-876ac125ccf2</planGuid>
                            <positionNumber>52</positionNumber>
                            <lotPlanPosition>COMMODITY</lotPlanPosition>
                            <positionGuid>5874a786-d8cc-6f3a-e100-00000a388ca6</positionGuid>
                        </lotPlanInfo>
                        <cancelled>false</cancelled>
                    </lot>
                </ns2:lots>
            </ns2:purchaseNoticeData>
        </ns2:item>
    </ns2:body>
</ns2:purchaseNotice>
