<?xml version="1.0" encoding="UTF-8" standalone="yes"?>
<ns2:purchaseNotice xsi:schemaLocation="http://zakupki.gov.ru/223/integration/schema/TFF-5.2 http://zakupki.gov.ru/223/integration/schema/TFF-5.2/purchase.xsd" xmlns="http://zakupki.gov.ru/223fz/types/1" xmlns:ns10="http://zakupki.gov.ru/223fz/purchasePlan/1" xmlns:ns11="http://zakupki.gov.ru/223fz/purchasePlanProject/1" xmlns:ns12="http://zakupki.gov.ru/223fz/purchasePlanProjectAdditionalPosition/1" xmlns:ns13="http://zakupki.gov.ru/223fz/contract/1" xmlns:ns14="http://zakupki.gov.ru/223fz/missedNotice/1" xmlns:ns15="http://zakupki.gov.ru/223fz/reference/1" xmlns:ns16="http://zakupki.gov.ru/223fz/stopCommodity/1" xmlns:ns17="http://zakupki.gov.ru/223fz/decisionSuspension/1" xmlns:ns18="http://zakupki.gov.ru/223fz/purchasePlanAdditionalPosition/1" xmlns:ns19="http://zakupki.gov.ru/223fz/webRequest/1" xmlns:ns2="http://zakupki.gov.ru/223fz/purchase/1" xmlns:xsi="http://www.w3.org/2001/XMLSchema-instance" xmlns:ns3="http://zakupki.gov.ru/223fz/dishonestSupplier/1" xmlns:ns4="http://zakupki.gov.ru/223fz/machineryListInfo/1" xmlns:ns5="http://zakupki.gov.ru/223fz/revenue/1" xmlns:ns6="http://zakupki.gov.ru/223fz/orderClauseList/1" xmlns:ns7="http://zakupki.gov.ru/223fz/disagreementProtocol/1" xmlns:ns8="http://zakupki.gov.ru/223fz/complaint/1" xmlns:ns9="http://zakupki.gov.ru/223fz/notificationIssue/1">
    <header>
        <guid>db3c10ea-12af-423b-8d0f-d4d408914c52</guid>
        <createDateTime>2017-03-16T18:22:56</createDateTime>
    </header>
    <ns2:body>
        <ns2:item>
            <guid>4776d639-3c04-4058-bc84-0dd0abc95e42</guid>
            <ns2:purchaseNoticeData>
                <ns2:guid>4776d639-3c04-4058-bc84-0dd0abc95e42</ns2:guid>
                <ns2:createDateTime>2017-03-16T18:19:07</ns2:createDateTime>
                <ns2:urlOOS>https://zakupki.gov.ru/223/purchase/private/purchase/notice-info/details.html?noticeInfoId=5888297</ns2:urlOOS>
                <ns2:registrationNumber>31704899908</ns2:registrationNumber>
                <ns2:name>Повторный открытый запрос котировок среди субъектов малого и среднего предпринимательства на право заключения договора на поставку металлопроката на объект строительства «Жилая застройка на 543 квартиры, ж/д позиция 1,2» по адресу г. Новосибирск ул. Тополевая (шифр 920/КПД-3,1)</ns2:name>
                <ns2:customer>
                    <mainInfo>
                        <fullName>АКЦИОНЕРНОЕ ОБЩЕСТВО "ГЛАВНОЕ УПРАВЛЕНИЕ ОБУСТРОЙСТВА ВОЙСК"</fullName>
                        <shortName>АО "ГУОВ"</shortName>
                        <iko>57703702341770401001</iko>
                        <inn>7703702341</inn>
                        <kpp>770401001</kpp>
                        <ogrn>1097746390224</ogrn>
                        <legalAddress>119021, г МОСКВА, пр-кт КОМСОМОЛЬСКИЙ, дом 18, корпус 3</legalAddress>
                        <postalAddress>119021, Москва Город, Комсомольский Проспект, дом 18, строение 3</postalAddress>
                        <phone>7-495-7812153</phone>
                        <email>zakupki@oboronstroy.ru</email>
                        <okato>45286590000</okato>
                        <okpo>08513957</okpo>
                    </mainInfo>
                </ns2:customer>
                <ns2:purchaseMethodCode>31500</ns2:purchaseMethodCode>
                <ns2:purchaseCodeName>Запрос котировок в электронной форме</ns2:purchaseCodeName>
                <ns2:placer>
                    <mainInfo>
                        <fullName>АКЦИОНЕРНОЕ ОБЩЕСТВО "ГЛАВНОЕ УПРАВЛЕНИЕ ОБУСТРОЙСТВА ВОЙСК"</fullName>
                        <shortName>АО "ГУОВ"</shortName>
                        <iko>57703702341770401001</iko>
                        <inn>7703702341</inn>
                        <kpp>770401001</kpp>
                        <ogrn>1097746390224</ogrn>
                        <legalAddress>119021, г МОСКВА, пр-кт КОМСОМОЛЬСКИЙ, дом 18, корпус 3</legalAddress>
                        <postalAddress>119021, Москва Город, Комсомольский Проспект, дом 18, строение 3</postalAddress>
                        <phone>7-495-7812153</phone>
                        <email>zakupki@oboronstroy.ru</email>
                        <okato>45286590000</okato>
                        <okpo>08513957</okpo>
                    </mainInfo>
                </ns2:placer>
                <ns2:contact>
                    <phone>+7 (495) 7812001</phone>
                    <email>zakupki@guov.ru</email>
                    <organization>
                        <mainInfo>
                            <fullName>АКЦИОНЕРНОЕ ОБЩЕСТВО "ГЛАВНОЕ УПРАВЛЕНИЕ ОБУСТРОЙСТВА ВОЙСК"</fullName>
                            <shortName>АО "ГУОВ"</shortName>
                            <iko>57703702341770401001</iko>
                            <inn>7703702341</inn>
                            <kpp>770401001</kpp>
                            <ogrn>1097746390224</ogrn>
                            <legalAddress>119021, г МОСКВА, пр-кт КОМСОМОЛЬСКИЙ, дом 18, корпус 3</legalAddress>
                            <postalAddress>119021, Москва Город, Комсомольский Проспект, дом 18, строение 3</postalAddress>
                            <phone>7-495-7812153</phone>
                            <email>zakupki@oboronstroy.ru</email>
                            <okato>45286590000</okato>
                            <okpo>08513957</okpo>
                        </mainInfo>
                    </organization>
                </ns2:contact>
                <ns2:publicationDateTime>2017-03-16T18:22:56</ns2:publicationDateTime>
                <ns2:documentationDelivery>
                    <deliveryStartDateTime>2017-03-16</deliveryStartDateTime>
                    <deliveryEndDateTime>2017-03-28</deliveryEndDateTime>
                    <place>в соответствии с условиями закупочной документации</place>
                    <procedure>в соответствии с условиями закупочной документации</procedure>
                </ns2:documentationDelivery>
                <ns2:status>P</ns2:status>
                <ns2:version>1</ns2:version>
                <ns2:notDishonest>true</ns2:notDishonest>
                <ns2:attachments>
                    <totalDocumentsCount>4</totalDocumentsCount>
                    <document>
                        <guid>4eacba96-912a-4c9e-8343-d49e9e933758</guid>
                        <createDateTime>2017-03-16T18:21:39</createDateTime>
                        <fileName>ЗК СМП.doc</fileName>
                        <description>ЗК СМП</description>
                        <url>http://zakupki.gov.ru/223/purchase/public/download/download.html?id=30120658</url>
                    </document>
                    <document>
                        <guid>5eff2969-54dc-4fe4-bfca-9613a6ee4ec5</guid>
                        <createDateTime>2017-03-16T18:21:43</createDateTime>
                        <fileName>Техническое задание.pdf</fileName>
                        <description>Техническое задание</description>
                        <url>http://zakupki.gov.ru/223/purchase/public/download/download.html?id=30120661</url>
                    </document>
                    <document>
                        <guid>00870c3d-74b7-4b5a-9eef-c6f1c44785c4</guid>
                        <createDateTime>2017-03-16T18:21:48</createDateTime>
                        <fileName>РНЦ.pdf</fileName>
                        <description>РНЦ</description>
                        <url>http://zakupki.gov.ru/223/purchase/public/download/download.html?id=30120663</url>
                    </document>
                    <document>
                        <guid>e300a277-ed7e-4474-ac03-3328c7dcc4b1</guid>
                        <createDateTime>2017-03-16T18:21:52</createDateTime>
                        <fileName>Проект договора.doc</fileName>
                        <description>Проект договора</description>
                        <url>http://zakupki.gov.ru/223/purchase/public/download/download.html?id=30120665</url>
                    </document>
                </ns2:attachments>
                <ns2:modificationDate>2017-03-16T18:22:56</ns2:modificationDate>
                <ns2:saveUserId>180632</ns2:saveUserId>
                <ns2:deliveryPlaceIndication>DIFFERENT_PLACE</ns2:deliveryPlaceIndication>
                <ns2:emergency>false</ns2:emergency>
                <ns2:jointPurchase>false</ns2:jointPurchase>
                <ns2:electronicPlaceInfo>
                    <name>Торговая система Оборонторг</name>
                    <url>http://oborontorg.ru/</url>
                    <electronicPlaceId>126</electronicPlaceId>
                </ns2:electronicPlaceInfo>
                <ns2:placingProcedure>
                    <ns2:examinationPlace>г. Москва, Комсомольский пр-т, д. 18 стр. 3</ns2:examinationPlace>
                    <ns2:examinationDateTime>2017-03-30T15:00:00</ns2:examinationDateTime>
                    <ns2:summingupDateTime>2017-03-30T15:00:00</ns2:summingupDateTime>
                </ns2:placingProcedure>
                <ns2:submissionCloseDateTime>2017-03-28T09:00:00</ns2:submissionCloseDateTime>
                <ns2:publicationPlannedDate>2017-03-16</ns2:publicationPlannedDate>
                <ns2:lots>
                    <lot>
                        <guid>df802a7c-9656-4982-8eb0-d9a9c367f2d9</guid>
                        <ordinalNumber>1</ordinalNumber>
                        <lotEditEnabled>false</lotEditEnabled>
                        <lotData>
                            <subject>Поставка металлопроката на объект строительства «Жилая застройка на 543 квартиры, ж/д позиция 1,2» по адресу: г. Новосибирск ул. Тополёвая  (шифр 920/КПД-3,1) - ПОВТОРНО</subject>
                            <currency>
                                <code>RUB</code>
                                <digitalCode>643</digitalCode>
                                <name>Российский рубль</name>
                            </currency>
                            <initialSum>445946.02</initialSum>
                            <deliveryPlace>
                                <state>Сибирский федеральный округ</state>
                                <region>Новосибирская   обл</region>
                                <regionOkato>50000000000</regionOkato>
                                <address>г. Новосибирск ул. Тополевая</address>
                            </deliveryPlace>
                            <lotItems>
                                <newCodes>true</newCodes>
                                <lotItem>
                                    <guid>2fff03e3-fa4f-40a3-972f-b18124c47366</guid>
                                    <ordinalNumber>1</ordinalNumber>
                                    <okpd2>
                                        <code>24.10</code>
                                        <name>Железо, чугун, сталь и ферросплавы</name>
                                    </okpd2>
                                    <okved2>
                                        <code>24.10</code>
                                        <name>Производство чугуна, стали и ферросплавов</name>
                                    </okved2>
                                    <okei>
                                        <code>166</code>
                                        <name>Килограмм</name>
                                    </okei>
                                    <qty>9250</qty>
                                </lotItem>
                            </lotItems>
                            <forSmallOrMiddle>false</forSmallOrMiddle>
                            <excludePurchaseFromPlan>false</excludePurchaseFromPlan>
                            <subcontractorsRequirement>false</subcontractorsRequirement>
                            <ignoredPurchase>true</ignoredPurchase>
                            <purchaseCategory>
                                <code>1</code>
                                <name>Закупки для обеспечения обороны страны и безопасности государства</name>
                            </purchaseCategory>
                            <centralized>false</centralized>
                        </lotData>
                        <deliveryPlaceIndication>GL</deliveryPlaceIndication>
                        <jointLotData>
                            <jointLot>false</jointLot>
                        </jointLotData>
                        <lotPlanInfo>
                            <planRegistrationNumber>2160195359</planRegistrationNumber>
                            <planGuid>aef4a5bc-6b9c-4b03-965d-92dee770f183</planGuid>
                            <positionNumber>633</positionNumber>
                            <lotPlanPosition>COMMODITY</lotPlanPosition>
                            <positionGuid>5680e0f0-c034-4ab7-b158-0873e2508330</positionGuid>
                        </lotPlanInfo>
                        <cancelled>false</cancelled>
                    </lot>
                </ns2:lots>
            </ns2:purchaseNoticeData>
        </ns2:item>
    </ns2:body>
</ns2:purchaseNotice>
