<?xml version="1.0" encoding="UTF-8" standalone="yes"?>
<ns2:purchaseNotice xsi:schemaLocation="http://zakupki.gov.ru/223/integration/schema/TFF-5.2 http://zakupki.gov.ru/223/integration/schema/TFF-5.2/purchase.xsd" xmlns="http://zakupki.gov.ru/223fz/types/1" xmlns:ns10="http://zakupki.gov.ru/223fz/purchasePlan/1" xmlns:ns11="http://zakupki.gov.ru/223fz/purchasePlanProject/1" xmlns:ns12="http://zakupki.gov.ru/223fz/purchasePlanProjectAdditionalPosition/1" xmlns:ns13="http://zakupki.gov.ru/223fz/contract/1" xmlns:ns14="http://zakupki.gov.ru/223fz/missedNotice/1" xmlns:ns15="http://zakupki.gov.ru/223fz/reference/1" xmlns:ns16="http://zakupki.gov.ru/223fz/stopCommodity/1" xmlns:ns17="http://zakupki.gov.ru/223fz/decisionSuspension/1" xmlns:ns18="http://zakupki.gov.ru/223fz/purchasePlanAdditionalPosition/1" xmlns:ns19="http://zakupki.gov.ru/223fz/webRequest/1" xmlns:ns2="http://zakupki.gov.ru/223fz/purchase/1" xmlns:xsi="http://www.w3.org/2001/XMLSchema-instance" xmlns:ns3="http://zakupki.gov.ru/223fz/dishonestSupplier/1" xmlns:ns4="http://zakupki.gov.ru/223fz/machineryListInfo/1" xmlns:ns5="http://zakupki.gov.ru/223fz/revenue/1" xmlns:ns6="http://zakupki.gov.ru/223fz/orderClauseList/1" xmlns:ns7="http://zakupki.gov.ru/223fz/disagreementProtocol/1" xmlns:ns8="http://zakupki.gov.ru/223fz/complaint/1" xmlns:ns9="http://zakupki.gov.ru/223fz/notificationIssue/1">
    <header>
        <guid>6073df8d-81d9-4f0b-ad50-0eda5720b947</guid>
        <createDateTime>2017-03-16T16:28:53</createDateTime>
    </header>
    <ns2:body>
        <ns2:item>
            <guid>60e835b2-3e55-4fea-9b7c-758940fade55</guid>
            <ns2:purchaseNoticeData>
                <ns2:guid>60e835b2-3e55-4fea-9b7c-758940fade55</ns2:guid>
                <ns2:createDateTime>2017-03-16T16:19:13</ns2:createDateTime>
                <ns2:urlOOS>https://zakupki.gov.ru/223/purchase/private/purchase/notice-info/details.html?noticeInfoId=5887420</ns2:urlOOS>
                <ns2:registrationNumber>31704899196</ns2:registrationNumber>
                <ns2:name>Организация медицинских услуг в соответствии с программой добровольного медицинского страхования</ns2:name>
                <ns2:customer>
                    <mainInfo>
                        <fullName>Закрытое акционерное общество "Газинком"</fullName>
                        <shortName>ЗАО "Газинком"</shortName>
                        <iko>77728227539772801001</iko>
                        <inn>7728227539</inn>
                        <kpp>772801001</kpp>
                        <ogrn>1037739034541</ogrn>
                        <legalAddress>117997, г Москва, ул Наметкина, дом 16</legalAddress>
                        <postalAddress>142717, Московская Область, Развилка Поселок, дом -, корпус -, строение -</postalAddress>
                        <phone>7-498-6574945</phone>
                        <fax>7-498-6574941</fax>
                        <email>info@gazinkom.ru</email>
                        <okato>45293590000</okato>
                        <okpo>55230359</okpo>
                    </mainInfo>
                </ns2:customer>
                <ns2:purchaseMethodCode>6232</ns2:purchaseMethodCode>
                <ns2:purchaseCodeName>21 (Газпром) Открытый запрос предложений</ns2:purchaseCodeName>
                <ns2:placer>
                    <mainInfo>
                        <fullName>Закрытое акционерное общество "Газинком"</fullName>
                        <shortName>ЗАО "Газинком"</shortName>
                        <iko>77728227539772801001</iko>
                        <inn>7728227539</inn>
                        <kpp>772801001</kpp>
                        <ogrn>1037739034541</ogrn>
                        <legalAddress>117997, г Москва, ул Наметкина, дом 16</legalAddress>
                        <postalAddress>142717, Московская Область, Развилка Поселок, дом -, корпус -, строение -</postalAddress>
                        <phone>7-498-6574945</phone>
                        <fax>7-498-6574941</fax>
                        <email>info@gazinkom.ru</email>
                        <okato>45293590000</okato>
                        <okpo>55230359</okpo>
                    </mainInfo>
                </ns2:placer>
                <ns2:contact>
                    <phone>+7 (498) 6574386</phone>
                    <email>kutueva@gazinkom.ru</email>
                    <organization>
                        <mainInfo>
                            <fullName>Закрытое акционерное общество "Газинком"</fullName>
                            <shortName>ЗАО "Газинком"</shortName>
                            <iko>77728227539772801001</iko>
                            <inn>7728227539</inn>
                            <kpp>772801001</kpp>
                            <ogrn>1037739034541</ogrn>
                            <legalAddress>117997, г Москва, ул Наметкина, дом 16</legalAddress>
                            <postalAddress>142717, Московская Область, Развилка Поселок, дом -, корпус -, строение -</postalAddress>
                            <phone>7-498-6574945</phone>
                            <fax>7-498-6574941</fax>
                            <email>info@gazinkom.ru</email>
                            <okato>45293590000</okato>
                            <okpo>55230359</okpo>
                        </mainInfo>
                    </organization>
                </ns2:contact>
                <ns2:publicationDateTime>2017-03-16T16:28:53</ns2:publicationDateTime>
                <ns2:documentationDelivery>
                    <deliveryStartDateTime>2017-03-16</deliveryStartDateTime>
                    <deliveryEndDateTime>2017-03-23</deliveryEndDateTime>
                    <place>РФ, 142717, Московская область, Ленинский район, поселок Развилка, кабинет №205</place>
                    <procedure>В электронном виде размещена на Официальном сайте, а также предоставляется бесплатно по электронной почте на основании Уведомления о намерении принять участие в Запросе предложений (Приложение №4 к Документации - форма прилагается).</procedure>
                </ns2:documentationDelivery>
                <ns2:status>P</ns2:status>
                <ns2:version>1</ns2:version>
                <ns2:notDishonest>false</ns2:notDishonest>
                <ns2:attachments>
                    <totalDocumentsCount>6</totalDocumentsCount>
                    <document>
                        <guid>8b029713-96a0-434c-9d9a-958af7288d78</guid>
                        <createDateTime>2017-03-16T16:25:40</createDateTime>
                        <fileName>Приложение №1 Договор на ДМС.Измененный.doc</fileName>
                        <description>Приложение №1 Договор на ДМС.Измененный</description>
                        <url>http://zakupki.gov.ru/223/purchase/public/download/download.html?id=30116630</url>
                    </document>
                    <document>
                        <guid>2be15fb3-e73c-471c-8fe6-11fab04815d3</guid>
                        <createDateTime>2017-03-16T16:26:59</createDateTime>
                        <fileName>Приложение №4. Уведомление о намерении.xlsx</fileName>
                        <description>Приложение №4. Уведомление о намерении</description>
                        <url>http://zakupki.gov.ru/223/purchase/public/download/download.html?id=30116679</url>
                    </document>
                    <document>
                        <guid>d0fc6960-1288-49bc-92c8-e31e88e0d21e</guid>
                        <createDateTime>2017-03-16T16:25:50</createDateTime>
                        <fileName>Приложение №2.Техническая часть.docx</fileName>
                        <description>Приложение №2.Техническая часть</description>
                        <url>http://zakupki.gov.ru/223/purchase/public/download/download.html?id=30116636</url>
                    </document>
                    <document>
                        <guid>50f03c3a-1cc9-4f40-af20-9b45a7c7b5ef</guid>
                        <createDateTime>2017-03-16T16:25:11</createDateTime>
                        <fileName>Документация ЗП. Добровольное мед.страхование.rtf</fileName>
                        <description>Документация ЗП. Добровольное мед.страхование</description>
                        <url>http://zakupki.gov.ru/223/purchase/public/download/download.html?id=30116588</url>
                    </document>
                    <document>
                        <guid>d54e2485-d5d8-4399-b601-258bfbc4a17d</guid>
                        <createDateTime>2017-03-16T16:27:38</createDateTime>
                        <fileName>Приложение №5.Методика.docx</fileName>
                        <description>Приложение №5.Методика</description>
                        <url>http://zakupki.gov.ru/223/purchase/public/download/download.html?id=30116718</url>
                    </document>
                    <document>
                        <guid>8691146d-a5b9-4c44-a7a9-47ad318a764e</guid>
                        <createDateTime>2017-03-16T16:26:18</createDateTime>
                        <fileName>Приложение №3.Коммерч. предлож. ДМС.docx</fileName>
                        <description>Приложение №3.Коммерч. предлож. ДМС</description>
                        <url>http://zakupki.gov.ru/223/purchase/public/download/download.html?id=30116654</url>
                    </document>
                </ns2:attachments>
                <ns2:modificationDate>2017-03-16T16:28:53</ns2:modificationDate>
                <ns2:saveUserId>29950</ns2:saveUserId>
                <ns2:deliveryPlaceIndication>DIFFERENT_PLACE</ns2:deliveryPlaceIndication>
                <ns2:emergency>false</ns2:emergency>
                <ns2:jointPurchase>false</ns2:jointPurchase>
                <ns2:placingProcedure>
                    <ns2:examinationPlace>РФ, 142717, Московская область, Ленинский район, поселок Развилка, кабинет №205</ns2:examinationPlace>
                    <ns2:examinationDateTime>2017-03-24T11:00:00</ns2:examinationDateTime>
                    <ns2:summingupDateTime>2017-03-24T15:00:00</ns2:summingupDateTime>
                    <ns2:summingupPlace>РФ, 142717, Московская область, Ленинский район, поселок Развилка, кабинет №205</ns2:summingupPlace>
                </ns2:placingProcedure>
                <ns2:submissionCloseDateTime>2017-03-23T12:30:00</ns2:submissionCloseDateTime>
                <ns2:publicationPlannedDate>2017-03-16</ns2:publicationPlannedDate>
                <ns2:lots>
                    <lot>
                        <guid>45ed45ea-6540-44ec-968d-59df208a9e16</guid>
                        <ordinalNumber>1</ordinalNumber>
                        <lotEditEnabled>false</lotEditEnabled>
                        <lotData>
                            <subject>Организация медицинских услуг в соответствии с программой добровольного медицинского страхования</subject>
                            <currency>
                                <code>RUB</code>
                                <digitalCode>643</digitalCode>
                                <name>Российский рубль</name>
                            </currency>
                            <initialSum>2100000.00</initialSum>
                            <deliveryPlace>
                                <state>Центральный федеральный округ</state>
                                <region>Московская   обл</region>
                                <regionOkato>46000000000</regionOkato>
                                <address>Московская область, Ленинский район, поселок Развилка</address>
                            </deliveryPlace>
                            <lotItems>
                                <newCodes>true</newCodes>
                                <lotItem>
                                    <guid>c9045d46-dbc0-4152-ab07-6805649037a1</guid>
                                    <ordinalNumber>1</ordinalNumber>
                                    <okpd2>
                                        <code>65.12.1</code>
                                        <name>Услуги по страхованию от несчастных случаев и медицинскому страхованию</name>
                                    </okpd2>
                                    <okved2>
                                        <code>65.12.1</code>
                                        <name>Страхование медицинское</name>
                                    </okved2>
                                    <okei>
                                        <code>876</code>
                                        <name>Условная единица</name>
                                    </okei>
                                    <qty>1</qty>
                                </lotItem>
                            </lotItems>
                            <forSmallOrMiddle>false</forSmallOrMiddle>
                            <excludePurchaseFromPlan>false</excludePurchaseFromPlan>
                            <subcontractorsRequirement>false</subcontractorsRequirement>
                            <ignoredPurchase>false</ignoredPurchase>
                            <centralized>false</centralized>
                        </lotData>
                        <deliveryPlaceIndication>GL</deliveryPlaceIndication>
                        <jointLotData>
                            <jointLot>false</jointLot>
                        </jointLotData>
                        <lotPlanInfo>
                            <planRegistrationNumber>2160209803</planRegistrationNumber>
                            <planGuid>3a37c1f7-4002-4ab3-bc20-93e6af2b5f94</planGuid>
                            <positionNumber>34</positionNumber>
                            <lotPlanPosition>COMMODITY</lotPlanPosition>
                            <positionGuid>994d437e-5ae1-447d-b683-0e6ed51b0ed8</positionGuid>
                        </lotPlanInfo>
                        <cancelled>false</cancelled>
                    </lot>
                </ns2:lots>
            </ns2:purchaseNoticeData>
        </ns2:item>
    </ns2:body>
</ns2:purchaseNotice>
