<?xml version="1.0" encoding="UTF-8" standalone="yes"?>
<ns2:purchaseNotice xsi:schemaLocation="http://zakupki.gov.ru/223/integration/schema/TFF-5.2 http://zakupki.gov.ru/223/integration/schema/TFF-5.2/purchase.xsd" xmlns="http://zakupki.gov.ru/223fz/types/1" xmlns:ns10="http://zakupki.gov.ru/223fz/purchasePlan/1" xmlns:ns11="http://zakupki.gov.ru/223fz/purchasePlanProject/1" xmlns:ns12="http://zakupki.gov.ru/223fz/purchasePlanProjectAdditionalPosition/1" xmlns:ns13="http://zakupki.gov.ru/223fz/contract/1" xmlns:ns14="http://zakupki.gov.ru/223fz/missedNotice/1" xmlns:ns15="http://zakupki.gov.ru/223fz/reference/1" xmlns:ns16="http://zakupki.gov.ru/223fz/stopCommodity/1" xmlns:ns17="http://zakupki.gov.ru/223fz/decisionSuspension/1" xmlns:ns18="http://zakupki.gov.ru/223fz/purchasePlanAdditionalPosition/1" xmlns:ns19="http://zakupki.gov.ru/223fz/webRequest/1" xmlns:ns2="http://zakupki.gov.ru/223fz/purchase/1" xmlns:xsi="http://www.w3.org/2001/XMLSchema-instance" xmlns:ns3="http://zakupki.gov.ru/223fz/dishonestSupplier/1" xmlns:ns4="http://zakupki.gov.ru/223fz/machineryListInfo/1" xmlns:ns5="http://zakupki.gov.ru/223fz/revenue/1" xmlns:ns6="http://zakupki.gov.ru/223fz/orderClauseList/1" xmlns:ns7="http://zakupki.gov.ru/223fz/disagreementProtocol/1" xmlns:ns8="http://zakupki.gov.ru/223fz/complaint/1" xmlns:ns9="http://zakupki.gov.ru/223fz/notificationIssue/1">
    <header>
        <guid>91aa8632-409c-4ea9-bc72-31dd9a10f0e1</guid>
        <createDateTime>2017-03-16T17:41:56</createDateTime>
    </header>
    <ns2:body>
        <ns2:item>
            <guid>41b34b0e-f4f6-4958-96d7-c41e706b60f2</guid>
            <ns2:purchaseNoticeData>
                <ns2:guid>41b34b0e-f4f6-4958-96d7-c41e706b60f2</ns2:guid>
                <ns2:createDateTime>2017-03-16T17:29:59</ns2:createDateTime>
                <ns2:urlOOS>https://zakupki.gov.ru/223/purchase/private/purchase/notice-info/details.html?noticeInfoId=5888061</ns2:urlOOS>
                <ns2:registrationNumber>31704899766</ns2:registrationNumber>
                <ns2:name>№ 23000/ЗКТЭ-АО «ВРК-1»/2017/Д  на право заключения договора на оказание услуг по охране объектов АО «ВРК – 1».</ns2:name>
                <ns2:customer>
                    <mainInfo>
                        <fullName>АКЦИОНЕРНОЕ ОБЩЕСТВО "ВАГОННАЯ РЕМОНТНАЯ КОМПАНИЯ - 1"</fullName>
                        <shortName>АО "ВРК-1"</shortName>
                        <iko>67708737490770801001</iko>
                        <inn>7708737490</inn>
                        <kpp>770801001</kpp>
                        <ogrn>1117746294104</ogrn>
                        <legalAddress>129090, г МОСКВА, ул КАЛАНЧЕВСКАЯ, дом 35</legalAddress>
                        <postalAddress>105062, дом 3, строение 1</postalAddress>
                        <phone>7-499-2604000</phone>
                        <email>it@1vrk.ru</email>
                        <okato>45286565000</okato>
                        <okpo>94174901</okpo>
                    </mainInfo>
                </ns2:customer>
                <ns2:purchaseMethodCode>147767</ns2:purchaseMethodCode>
                <ns2:purchaseCodeName>Запрос котировок с ограниченным участием (по Положению АО «ВРК-1»)</ns2:purchaseCodeName>
                <ns2:placer>
                    <mainInfo>
                        <fullName>АКЦИОНЕРНОЕ ОБЩЕСТВО "ВАГОННАЯ РЕМОНТНАЯ КОМПАНИЯ - 1"</fullName>
                        <shortName>АО "ВРК-1"</shortName>
                        <iko>67708737490770801001</iko>
                        <inn>7708737490</inn>
                        <kpp>770801001</kpp>
                        <ogrn>1117746294104</ogrn>
                        <legalAddress>129090, г МОСКВА, ул КАЛАНЧЕВСКАЯ, дом 35</legalAddress>
                        <postalAddress>105062, дом 3, строение 1</postalAddress>
                        <phone>7-499-2604000</phone>
                        <email>it@1vrk.ru</email>
                        <okato>45286565000</okato>
                        <okpo>94174901</okpo>
                    </mainInfo>
                </ns2:placer>
                <ns2:contact>
                    <firstName> Анна </firstName>
                    <middleName>Алексеевна</middleName>
                    <lastName>Лупанова</lastName>
                    <phone>+8 (499) 2604503</phone>
                    <fax>+8 (499) 2605230</fax>
                    <email>lupanovaaa@center.rzd.ru</email>
                    <organization>
                        <mainInfo>
                            <fullName>АКЦИОНЕРНОЕ ОБЩЕСТВО "ВАГОННАЯ РЕМОНТНАЯ КОМПАНИЯ - 1"</fullName>
                            <shortName>АО "ВРК-1"</shortName>
                            <iko>67708737490770801001</iko>
                            <inn>7708737490</inn>
                            <kpp>770801001</kpp>
                            <ogrn>1117746294104</ogrn>
                            <legalAddress>129090, г МОСКВА, ул КАЛАНЧЕВСКАЯ, дом 35</legalAddress>
                            <postalAddress>105062, дом 3, строение 1</postalAddress>
                            <phone>7-499-2604000</phone>
                            <email>it@1vrk.ru</email>
                            <okato>45286565000</okato>
                            <okpo>94174901</okpo>
                        </mainInfo>
                    </organization>
                </ns2:contact>
                <ns2:publicationDateTime>2017-03-16T17:41:56</ns2:publicationDateTime>
                <ns2:documentationDelivery>
                    <deliveryStartDateTime>2017-03-16</deliveryStartDateTime>
                    <deliveryEndDateTime>2017-03-23</deliveryEndDateTime>
                    <place>согласно документации.</place>
                    <procedure>согласно документации.</procedure>
                </ns2:documentationDelivery>
                <ns2:status>P</ns2:status>
                <ns2:version>1</ns2:version>
                <ns2:notDishonest>false</ns2:notDishonest>
                <ns2:attachments>
                    <totalDocumentsCount>3</totalDocumentsCount>
                    <document>
                        <guid>40c6a173-eec7-4ce5-9407-ea004418eb98</guid>
                        <createDateTime>2017-03-16T17:40:37</createDateTime>
                        <fileName>Документация Условия проведения закупки.docx</fileName>
                        <description>Документация Условия проведения закупки</description>
                        <url>http://zakupki.gov.ru/223/purchase/public/download/download.html?id=30119808</url>
                    </document>
                    <document>
                        <guid>35822eea-e12e-4af0-ba0a-fb6b6c252db4</guid>
                        <createDateTime>2017-03-16T17:40:29</createDateTime>
                        <fileName>Извещение.docx</fileName>
                        <description>Извещение</description>
                        <url>http://zakupki.gov.ru/223/purchase/public/download/download.html?id=30119802</url>
                    </document>
                    <document>
                        <guid>ab838af9-544f-49ec-934f-9598366ef8ff</guid>
                        <createDateTime>2017-03-16T17:40:33</createDateTime>
                        <fileName>Документация. Порядок организации проведения закупки.docx</fileName>
                        <description>Документация. Порядок организации проведения закупки</description>
                        <url>http://zakupki.gov.ru/223/purchase/public/download/download.html?id=30119806</url>
                    </document>
                </ns2:attachments>
                <ns2:modificationDate>2017-03-16T17:41:56</ns2:modificationDate>
                <ns2:saveUserId>141594</ns2:saveUserId>
                <ns2:deliveryPlaceIndication>DIFFERENT_PLACE</ns2:deliveryPlaceIndication>
                <ns2:emergency>false</ns2:emergency>
                <ns2:jointPurchase>false</ns2:jointPurchase>
                <ns2:submissionCloseDateTime>2017-03-23T11:00:00</ns2:submissionCloseDateTime>
                <ns2:publicationPlannedDate>2017-03-16</ns2:publicationPlannedDate>
                <ns2:templateVersion>1</ns2:templateVersion>
                <ns2:templateStructure>
                    <ns2:level>
                        <ns2:tabLevel>NOTICE</ns2:tabLevel>
                        <ns2:tab>
                            <tabOrdinal>1</tabOrdinal>
                            <tabName>Общая информация</tabName>
                            <fixedName>MAIN</fixedName>
                            <section>
                                <sectionOrdinal>1</sectionOrdinal>
                                <sectionName>Сведения о состоянии извещения</sectionName>
                                <fixedName>MAIN_STATUS</fixedName>
                            </section>
                            <section>
                                <sectionOrdinal>2</sectionOrdinal>
                                <sectionName>Сведения о заказчике</sectionName>
                                <fixedName>MAIN_CUSTOMER</fixedName>
                            </section>
                            <section>
                                <sectionOrdinal>3</sectionOrdinal>
                                <sectionName>Общие сведения о закупке</sectionName>
                                <fixedName>MAIN_PURCHASE</fixedName>
                            </section>
                            <section>
                                <sectionOrdinal>4</sectionOrdinal>
                                <sectionName>Контактная информация</sectionName>
                                <fixedName>MAIN_CONTACTS</fixedName>
                            </section>
                        </ns2:tab>
                        <ns2:tab>
                            <tabOrdinal>2</tabOrdinal>
                            <tabName>Порядок размещения закупки</tabName>
                            <fixedName>COMMISSION</fixedName>
                            <section>
                                <sectionOrdinal>1</sectionOrdinal>
                                <sectionName>Размещение извещения</sectionName>
                                <fixedName>COMMISSION_PUBLISH</fixedName>
                            </section>
                        </ns2:tab>
                        <ns2:tab>
                            <tabOrdinal>3</tabOrdinal>
                            <tabName>Список лотов</tabName>
                            <fixedName>LOTS</fixedName>
                            <section>
                                <sectionOrdinal>1</sectionOrdinal>
                                <sectionName>Сведения о лотах</sectionName>
                                <fixedName>LOTS_INFO</fixedName>
                            </section>
                        </ns2:tab>
                        <ns2:tab>
                            <tabOrdinal>6</tabOrdinal>
                            <tabName>Документация</tabName>
                            <fixedName>DOCS</fixedName>
                            <section>
                                <sectionOrdinal>1</sectionOrdinal>
                                <sectionName>Предоставление документации</sectionName>
                                <fixedName>DOCS_INFO</fixedName>
                            </section>
                            <section>
                                <sectionOrdinal>2</sectionOrdinal>
                                <sectionName>Файлы документации</sectionName>
                                <fixedName>DOCS_FILES</fixedName>
                            </section>
                        </ns2:tab>
                    </ns2:level>
                    <ns2:level>
                        <ns2:tabLevel>LOT</ns2:tabLevel>
                        <ns2:tab>
                            <tabOrdinal>4</tabOrdinal>
                            <tabName>Сведения о лоте</tabName>
                            <fixedName>LOT_INFORMATION</fixedName>
                            <section>
                                <sectionOrdinal>1</sectionOrdinal>
                                <sectionName>Общая информация о лоте</sectionName>
                                <fixedName>LOT_INFO</fixedName>
                            </section>
                            <section>
                                <sectionOrdinal>2</sectionOrdinal>
                                <sectionName>Информация о товаре, работе, услуге</sectionName>
                                <fixedName>LOT_GOODS</fixedName>
                            </section>
                            <section>
                                <sectionOrdinal>3</sectionOrdinal>
                                <sectionName>Место поставки</sectionName>
                                <fixedName>LOT_PLACE</fixedName>
                            </section>
                        </ns2:tab>
                    </ns2:level>
                    <ns2:level>
                        <ns2:tabLevel>LOT_CUSTOMER</ns2:tabLevel>
                        <ns2:tab>
                            <tabOrdinal>5</tabOrdinal>
                            <tabName>Сведения по заказчику</tabName>
                            <fixedName>LOT_CUSTOMER</fixedName>
                            <section>
                                <sectionOrdinal>1</sectionOrdinal>
                                <sectionName>Общая информация по Заказчику</sectionName>
                                <fixedName>LOT_CUSTOMER_INFO</fixedName>
                            </section>
                            <section>
                                <sectionOrdinal>2</sectionOrdinal>
                                <sectionName>Информация о товаре, работе, услуге</sectionName>
                                <fixedName>LOT_CUSTOMER_GOODS</fixedName>
                            </section>
                            <section>
                                <sectionOrdinal>3</sectionOrdinal>
                                <sectionName>Место поставки</sectionName>
                                <fixedName>LOT_CUSTOMER_PLACE</fixedName>
                            </section>
                        </ns2:tab>
                    </ns2:level>
                </ns2:templateStructure>
                <ns2:extendFields>
                    <noticeExtendField>
                        <extendField>
                            <integrCode>examinationPlace</integrCode>
                            <description>Место рассмотрения заявок</description>
                            <type>TEXT</type>
                            <value>
                                <text>г. Москва, 105062, ул. Макаренко д.3 стр.1, кабинет 5.3.</text>
                            </value>
                        </extendField>
                        <extendField>
                            <integrCode>examinationDateTime</integrCode>
                            <description>Дата и время рассмотрения заявок</description>
                            <type>DATETIME</type>
                            <value>
                                <dateTime>2017-03-27T13:00:00</dateTime>
                            </value>
                        </extendField>
                        <extendField>
                            <integrCode>summingupPlace</integrCode>
                            <description>Место подведения итогов</description>
                            <type>TEXT</type>
                            <value>
                                <text>г. Москва, 105062, ул. Макаренко д.3 стр.1, кабинет 5.3.</text>
                            </value>
                        </extendField>
                        <extendField>
                            <integrCode>summingupTime</integrCode>
                            <description>Дата и время подведения итогов</description>
                            <type>DATETIME</type>
                            <value>
                                <dateTime>2017-03-27T15:00:00</dateTime>
                            </value>
                        </extendField>
                        <position>
                            <tabOrdinal>2</tabOrdinal>
                            <tabName>COMMISSION</tabName>
                            <sectionOrdinal>1</sectionOrdinal>
                            <sectionName>COMISSION_SEC_Размещение извещения</sectionName>
                        </position>
                    </noticeExtendField>
                </ns2:extendFields>
                <ns2:lots>
                    <lot>
                        <guid>505919ac-67cb-4cac-a207-1a6cad4053e3</guid>
                        <ordinalNumber>1</ordinalNumber>
                        <lotEditEnabled>false</lotEditEnabled>
                        <lotData>
                            <subject>Оказание услуг по охране объектов АО "ВРК-1" </subject>
                            <currency>
                                <code>RUB</code>
                                <digitalCode>643</digitalCode>
                                <name>Российский рубль</name>
                            </currency>
                            <initialSum>126305784.00</initialSum>
                            <deliveryPlace>
                                <state>Центральный федеральный округ</state>
                                <region>Москва</region>
                                <regionOkato>45000000000</regionOkato>
                                <address>Указано в пункте 3.2. котировочной документации.</address>
                            </deliveryPlace>
                            <lotItems>
                                <newCodes>true</newCodes>
                                <lotItem>
                                    <guid>0ced9a72-acb0-4423-be3c-a9872786fad4</guid>
                                    <ordinalNumber>1</ordinalNumber>
                                    <okpd2>
                                        <code>80.10.12</code>
                                        <name>Услуги охраны</name>
                                    </okpd2>
                                    <okved2>
                                        <code>80.10</code>
                                        <name>Деятельность частных охранных служб</name>
                                    </okved2>
                                    <okei>
                                        <code>876</code>
                                        <name>Условная единица</name>
                                    </okei>
                                    <qty>1</qty>
                                    <additionalInfo>Прочие мета оказания услуг: г. Санкт-Петербург ;г. Санкт-Петербург Республика Карелия; Ленинградская обл.; г. Москва 
г. Брянск;Архангельская обл. г. Киров г. Псков Мурманская обл. Московская обл. г. Нижний Новгород г. Вологда г. Ростов-на-Дону г. Краснодар Ростовская обл. Воронежская обл. Белгородская обл. г. Астрахань Рязанская обл. г. Саратов г. Самара г. Пенза г. Кинель Самарская обл. Тюменская обл. Пермский край г.Екатеринбург Челябинская обл. г. Новосибирск г. Новосибирск г. Омск Кемеровская обл. Кемеровская обл. Иркутская обл. Иркутская обл. Республика Бурятия Красноярский край г.Хабаровск Приморский край Приморский край Забайкальский край Омская обл. </additionalInfo>
                                </lotItem>
                            </lotItems>
                            <forSmallOrMiddle>false</forSmallOrMiddle>
                            <excludePurchaseFromPlan>false</excludePurchaseFromPlan>
                            <subcontractorsRequirement>false</subcontractorsRequirement>
                            <ignoredPurchase>false</ignoredPurchase>
                            <centralized>false</centralized>
                        </lotData>
                        <deliveryPlaceIndication>GL</deliveryPlaceIndication>
                        <jointLotData>
                            <jointLot>false</jointLot>
                        </jointLotData>
                        <lotPlanInfo>
                            <planRegistrationNumber>2160209691</planRegistrationNumber>
                            <planGuid>a0b0fa5b-5423-4111-8440-048c34015a9a</planGuid>
                            <positionNumber>328</positionNumber>
                            <lotPlanPosition>COMMODITY</lotPlanPosition>
                            <positionGuid>bff1c107-e8ad-49e8-9b98-d2e1ff9e1347</positionGuid>
                        </lotPlanInfo>
                        <cancelled>false</cancelled>
                        <extendFields>
                            <noticeExtendField>
                                <extendField>
                                    <integrCode>TsenaDog</integrCode>
                                    <description>Начальная (максимальная) цена договора без учета НДС</description>
                                    <type>STRING</type>
                                    <value>
                                        <string>107038800.00</string>
                                    </value>
                                </extendField>
                                <extendField>
                                    <integrCode>Valyta</integrCode>
                                    <description>Валюта</description>
                                    <type>CURRENCY</type>
                                    <value>
                                        <nsi>
                                            <currency>
                                                <code>RUB</code>
                                                <digitalCode>643</digitalCode>
                                                <name>Российский рубль</name>
                                            </currency>
                                        </nsi>
                                    </value>
                                </extendField>
                                <position>
                                    <tabOrdinal>4</tabOrdinal>
                                    <tabName>LOT_INFORMATION</tabName>
                                    <sectionOrdinal>1</sectionOrdinal>
                                    <sectionName>LOT_INFO_SEC_Общая информация о лоте</sectionName>
                                </position>
                            </noticeExtendField>
                        </extendFields>
                    </lot>
                </ns2:lots>
            </ns2:purchaseNoticeData>
        </ns2:item>
    </ns2:body>
</ns2:purchaseNotice>
