<?xml version="1.0" encoding="UTF-8" standalone="yes"?>
<ns2:purchaseNotice xsi:schemaLocation="http://zakupki.gov.ru/223/integration/schema/TFF-5.2 http://zakupki.gov.ru/223/integration/schema/TFF-5.2/purchase.xsd" xmlns="http://zakupki.gov.ru/223fz/types/1" xmlns:ns10="http://zakupki.gov.ru/223fz/purchasePlan/1" xmlns:ns11="http://zakupki.gov.ru/223fz/purchasePlanProject/1" xmlns:ns12="http://zakupki.gov.ru/223fz/purchasePlanProjectAdditionalPosition/1" xmlns:ns13="http://zakupki.gov.ru/223fz/contract/1" xmlns:ns14="http://zakupki.gov.ru/223fz/missedNotice/1" xmlns:ns15="http://zakupki.gov.ru/223fz/reference/1" xmlns:ns16="http://zakupki.gov.ru/223fz/stopCommodity/1" xmlns:ns17="http://zakupki.gov.ru/223fz/decisionSuspension/1" xmlns:ns18="http://zakupki.gov.ru/223fz/purchasePlanAdditionalPosition/1" xmlns:ns19="http://zakupki.gov.ru/223fz/webRequest/1" xmlns:ns2="http://zakupki.gov.ru/223fz/purchase/1" xmlns:xsi="http://www.w3.org/2001/XMLSchema-instance" xmlns:ns3="http://zakupki.gov.ru/223fz/dishonestSupplier/1" xmlns:ns4="http://zakupki.gov.ru/223fz/machineryListInfo/1" xmlns:ns5="http://zakupki.gov.ru/223fz/revenue/1" xmlns:ns6="http://zakupki.gov.ru/223fz/orderClauseList/1" xmlns:ns7="http://zakupki.gov.ru/223fz/disagreementProtocol/1" xmlns:ns8="http://zakupki.gov.ru/223fz/complaint/1" xmlns:ns9="http://zakupki.gov.ru/223fz/notificationIssue/1">
    <header>
        <guid>2a3e6362-9230-4bce-a692-ea323e07c3fc</guid>
        <createDateTime>2017-03-16T16:22:46</createDateTime>
    </header>
    <ns2:body>
        <ns2:item>
            <guid>e9cf37cf-0672-4dfb-b57b-bfeb93dd29c0</guid>
            <ns2:purchaseNoticeData>
                <ns2:guid>e9cf37cf-0672-4dfb-b57b-bfeb93dd29c0</ns2:guid>
                <ns2:createDateTime>2017-03-16T16:15:51</ns2:createDateTime>
                <ns2:urlOOS>https://zakupki.gov.ru/223/purchase/private/purchase/notice-info/details.html?noticeInfoId=5887387</ns2:urlOOS>
                <ns2:urlVSRZ>https://www.rzd.ru</ns2:urlVSRZ>
                <ns2:registrationNumber>31704899142</ns2:registrationNumber>
                <ns2:name>Открытый аукцион среди субъектов малого и среднего предпринимательства в электронной форме № 2021/ОАЭ-ЦДТВ/17 на право заключения договора на оказание услуг по наблюдению за водными объектами Юго-Восточной дирекции по тепловодоснабжению</ns2:name>
                <ns2:customer>
                    <mainInfo>
                        <fullName>ОТКРЫТОЕ АКЦИОНЕРНОЕ ОБЩЕСТВО "РОССИЙСКИЕ ЖЕЛЕЗНЫЕ ДОРОГИ"</fullName>
                        <shortName>ОАО "РЖД"</shortName>
                        <iko>57708503727770801001</iko>
                        <inn>7708503727</inn>
                        <kpp>770801001</kpp>
                        <ogrn>1037739877295</ogrn>
                        <legalAddress>107174, Г МОСКВА, УЛ БАСМАННАЯ НОВ., дом ДОМ 2</legalAddress>
                        <postalAddress>107174, Москва Город, Басманная Нов. Улица, дом 2</postalAddress>
                        <phone>7-499-2621002</phone>
                        <fax>7-499-2629095</fax>
                        <email>BelozerovOlVal@yandex.ru</email>
                        <okato>45286555000</okato>
                        <okpo>00083262</okpo>
                    </mainInfo>
                </ns2:customer>
                <ns2:purchaseMethodCode>95157</ns2:purchaseMethodCode>
                <ns2:purchaseCodeName>Открытый аукцион в электронной форме (по Положению ОАО "РЖД")</ns2:purchaseCodeName>
                <ns2:placer>
                    <mainInfo>
                        <fullName>ОТКРЫТОЕ АКЦИОНЕРНОЕ ОБЩЕСТВО "РОССИЙСКИЕ ЖЕЛЕЗНЫЕ ДОРОГИ"</fullName>
                        <shortName>ОАО "РЖД"</shortName>
                        <iko>57708503727770801001</iko>
                        <inn>7708503727</inn>
                        <kpp>770801001</kpp>
                        <ogrn>1037739877295</ogrn>
                        <legalAddress>107174, Г МОСКВА, УЛ БАСМАННАЯ НОВ., дом ДОМ 2</legalAddress>
                        <postalAddress>107174, Москва Город, Басманная Нов. Улица, дом 2</postalAddress>
                        <phone>7-499-2621002</phone>
                        <fax>7-499-2629095</fax>
                        <email>BelozerovOlVal@yandex.ru</email>
                        <okato>45286555000</okato>
                        <okpo>00083262</okpo>
                    </mainInfo>
                </ns2:placer>
                <ns2:contact>
                    <lastName>Подолян Юлия Николаевна</lastName>
                    <phone>+7 (473) 2652661</phone>
                    <fax>+7 (473) 2653615</fax>
                    <email>YNPodolyan@serw.ru</email>
                    <organization>
                        <mainInfo>
                            <fullName>ОТКРЫТОЕ АКЦИОНЕРНОЕ ОБЩЕСТВО "РОССИЙСКИЕ ЖЕЛЕЗНЫЕ ДОРОГИ"</fullName>
                            <shortName>ОАО "РЖД"</shortName>
                            <iko>57708503727770801001</iko>
                            <inn>7708503727</inn>
                            <kpp>770801001</kpp>
                            <ogrn>1037739877295</ogrn>
                            <legalAddress>107174, Г МОСКВА, УЛ БАСМАННАЯ НОВ., дом ДОМ 2</legalAddress>
                            <postalAddress>107174, Москва Город, Басманная Нов. Улица, дом 2</postalAddress>
                            <phone>7-499-2621002</phone>
                            <fax>7-499-2629095</fax>
                            <email>BelozerovOlVal@yandex.ru</email>
                            <okato>45286555000</okato>
                            <okpo>00083262</okpo>
                        </mainInfo>
                    </organization>
                </ns2:contact>
                <ns2:publicationDateTime>2017-03-16T16:22:46</ns2:publicationDateTime>
                <ns2:documentationDelivery>
                    <deliveryStartDateTime>2017-03-16</deliveryStartDateTime>
                    <deliveryEndDateTime>2017-04-06</deliveryEndDateTime>
                    <place>Документация размещена в Единой информационной системе в сфере закупок, на сайте www.rzd.ru (раздел «Тендеры»), а также на сайте http://etzp.rzd.ru.</place>
                    <procedure>Документация доступна для ознакомления на перечисленных сайтах с момента ее опубликования без ограничений. Плата за предоставление документации не взимается. </procedure>
                </ns2:documentationDelivery>
                <ns2:status>P</ns2:status>
                <ns2:version>1</ns2:version>
                <ns2:notDishonest>true</ns2:notDishonest>
                <ns2:attachments>
                    <totalDocumentsCount>2</totalDocumentsCount>
                    <document>
                        <guid>852b7038-0933-4741-82b5-01834771abba</guid>
                        <createDateTime>2017-03-16T16:15:51</createDateTime>
                        <fileName>Извещение.doc</fileName>
                        <description>Извещение.doc</description>
                        <url>http://zakupki.gov.ru/223/purchase/public/download/download.html?id=30116141</url>
                    </document>
                    <document>
                        <guid>45aa4f5a-2956-4d53-b382-981792ee8966</guid>
                        <createDateTime>2017-03-16T16:15:51</createDateTime>
                        <fileName>Документация.docx</fileName>
                        <description>Документация.docx</description>
                        <url>http://zakupki.gov.ru/223/purchase/public/download/download.html?id=30116142</url>
                    </document>
                </ns2:attachments>
                <ns2:modificationDate>2017-03-16T16:22:46</ns2:modificationDate>
                <ns2:saveUserId>191279</ns2:saveUserId>
                <ns2:deliveryPlaceIndication>DIFFERENT_PLACE</ns2:deliveryPlaceIndication>
                <ns2:emergency>false</ns2:emergency>
                <ns2:jointPurchase>false</ns2:jointPurchase>
                <ns2:electronicPlaceInfo>
                    <name>Электронная торгово-закупочная площадка ОАО «РЖД»</name>
                    <url>http://etzp.rzd.ru</url>
                    <electronicPlaceId>112</electronicPlaceId>
                </ns2:electronicPlaceInfo>
                <ns2:submissionCloseDateTime>2017-04-06T11:00:00</ns2:submissionCloseDateTime>
                <ns2:publicationPlannedDate>2017-03-16</ns2:publicationPlannedDate>
                <ns2:templateVersion>13</ns2:templateVersion>
                <ns2:templateStructure>
                    <ns2:level>
                        <ns2:tabLevel>NOTICE</ns2:tabLevel>
                        <ns2:tab>
                            <tabOrdinal>1</tabOrdinal>
                            <tabName>Общая информация</tabName>
                            <fixedName>MAIN</fixedName>
                            <section>
                                <sectionOrdinal>1</sectionOrdinal>
                                <sectionName>Сведения о состоянии извещения</sectionName>
                                <fixedName>MAIN_STATUS</fixedName>
                            </section>
                            <section>
                                <sectionOrdinal>2</sectionOrdinal>
                                <sectionName>Сведения о заказчике</sectionName>
                                <fixedName>MAIN_CUSTOMER</fixedName>
                            </section>
                            <section>
                                <sectionOrdinal>3</sectionOrdinal>
                                <sectionName>Общие сведения о закупке</sectionName>
                                <fixedName>MAIN_PURCHASE</fixedName>
                            </section>
                            <section>
                                <sectionOrdinal>4</sectionOrdinal>
                                <sectionName>Контактная информация</sectionName>
                                <fixedName>MAIN_CONTACTS</fixedName>
                            </section>
                            <section>
                                <sectionOrdinal>5</sectionOrdinal>
                                <sectionName>Обеспечение заявок и исполнения договора</sectionName>
                            </section>
                        </ns2:tab>
                        <ns2:tab>
                            <tabOrdinal>2</tabOrdinal>
                            <tabName>Порядок размещения закупки</tabName>
                            <fixedName>COMMISSION</fixedName>
                            <section>
                                <sectionOrdinal>1</sectionOrdinal>
                                <sectionName>Публикация извещения</sectionName>
                                <fixedName>COMMISSION_PUBLISH</fixedName>
                            </section>
                        </ns2:tab>
                        <ns2:tab>
                            <tabOrdinal>3</tabOrdinal>
                            <tabName>Список лотов</tabName>
                            <fixedName>LOTS</fixedName>
                            <section>
                                <sectionOrdinal>1</sectionOrdinal>
                                <sectionName>Сведения о лотах</sectionName>
                                <fixedName>LOTS_INFO</fixedName>
                            </section>
                        </ns2:tab>
                        <ns2:tab>
                            <tabOrdinal>4</tabOrdinal>
                            <tabName>Документация</tabName>
                            <fixedName>DOCS</fixedName>
                            <section>
                                <sectionOrdinal>1</sectionOrdinal>
                                <sectionName>Предоставление документации</sectionName>
                                <fixedName>DOCS_INFO</fixedName>
                            </section>
                            <section>
                                <sectionOrdinal>2</sectionOrdinal>
                                <sectionName>Файлы документации</sectionName>
                                <fixedName>DOCS_FILES</fixedName>
                            </section>
                        </ns2:tab>
                    </ns2:level>
                    <ns2:level>
                        <ns2:tabLevel>LOT</ns2:tabLevel>
                        <ns2:tab>
                            <tabOrdinal>1</tabOrdinal>
                            <tabName>Сведения о лоте</tabName>
                            <fixedName>LOT_INFORMATION</fixedName>
                            <section>
                                <sectionOrdinal>1</sectionOrdinal>
                                <sectionName>Общая информация о лоте</sectionName>
                                <fixedName>LOT_INFO</fixedName>
                            </section>
                            <section>
                                <sectionOrdinal>2</sectionOrdinal>
                                <sectionName>Дата и время рассмотрения заявок и проведения аукциона</sectionName>
                            </section>
                            <section>
                                <sectionOrdinal>3</sectionOrdinal>
                                <sectionName>Информация о товаре, работе, услуге</sectionName>
                                <fixedName>LOT_GOODS</fixedName>
                            </section>
                            <section>
                                <sectionOrdinal>4</sectionOrdinal>
                                <sectionName>Место поставки</sectionName>
                                <fixedName>LOT_PLACE</fixedName>
                            </section>
                        </ns2:tab>
                    </ns2:level>
                    <ns2:level>
                        <ns2:tabLevel>LOT_CUSTOMER</ns2:tabLevel>
                        <ns2:tab>
                            <tabOrdinal>1</tabOrdinal>
                            <tabName>Сведения по заказчику</tabName>
                            <fixedName>LOT_CUSTOMER</fixedName>
                            <section>
                                <sectionOrdinal>1</sectionOrdinal>
                                <sectionName>Общая информация по Заказчику</sectionName>
                                <fixedName>LOT_CUSTOMER_INFO</fixedName>
                            </section>
                            <section>
                                <sectionOrdinal>2</sectionOrdinal>
                                <sectionName>Информация о товаре, работе, услуге</sectionName>
                                <fixedName>LOT_CUSTOMER_GOODS</fixedName>
                            </section>
                            <section>
                                <sectionOrdinal>3</sectionOrdinal>
                                <sectionName>Место поставки</sectionName>
                                <fixedName>LOT_CUSTOMER_PLACE</fixedName>
                            </section>
                        </ns2:tab>
                    </ns2:level>
                </ns2:templateStructure>
                <ns2:extendFields>
                    <noticeExtendField>
                        <extendField>
                            <integrCode>DlyaNuzhd</integrCode>
                            <description>Закупка осуществляется для нужд</description>
                            <type>STRING</type>
                            <value>
                                <string>Юго-Восточная дирекция по тепловодоснабжению - Структурное Подразделение Центральной Дирекции по тепловодоснабжению - филиала ОАО "РЖД" </string>
                            </value>
                        </extendField>
                        <extendField>
                            <integrCode>MestoOrg</integrCode>
                            <description>Место нахождения</description>
                            <type>STRING</type>
                            <value>
                                <string>394036, г. Воронеж, проспект Революции, д. 18</string>
                            </value>
                        </extendField>
                        <extendField>
                            <integrCode>AdresOrg</integrCode>
                            <description>Почтовый адрес</description>
                            <type>STRING</type>
                            <value>
                                <string>394036, г. Воронеж, проспект Революции, д. 18.</string>
                            </value>
                        </extendField>
                        <position>
                            <tabOrdinal>1</tabOrdinal>
                            <tabName>MAIN</tabName>
                            <sectionOrdinal>2</sectionOrdinal>
                            <sectionName>MAIN_SEC_Сведения о заказчике</sectionName>
                        </position>
                    </noticeExtendField>
                    <noticeExtendField>
                        <extendField>
                            <integrCode>ObespechenieZayavki</integrCode>
                            <description>Обеспечение заявок</description>
                            <type>TEXT</type>
                            <value>
                                <text>Обеспечение заявок не предусмотрено.</text>
                            </value>
                        </extendField>
                        <extendField>
                            <integrCode>ObespechenieDogovora</integrCode>
                            <description>Обеспечение исполнения договора</description>
                            <type>TEXT</type>
                            <value>
                                <text>Обеспечение исполнения договора не предусмотрено.</text>
                            </value>
                        </extendField>
                        <position>
                            <tabOrdinal>1</tabOrdinal>
                            <tabName>MAIN</tabName>
                            <sectionOrdinal>5</sectionOrdinal>
                            <sectionName>MAIN_SEC_Обеспечение заявок и исполнения договора</sectionName>
                        </position>
                    </noticeExtendField>
                    <noticeExtendField>
                        <extendField>
                            <integrCode>ZayavkiMesto</integrCode>
                            <description>Место предоставления заявок</description>
                            <type>TEXT</type>
                            <value>
                                <text>Заявки на участие в аукционе №2021/ОАЭ-ЦДТВ/17 подаются в электронной форме в установленном документацией порядке в автоматизированной информационной системе «Электронной  торгово-закупочной площадке ОАО «РЖД» (на странице данного открытого аукциона на сайте http://etzp.rzd.ru).</text>
                            </value>
                        </extendField>
                        <extendField>
                            <integrCode>VskritieData</integrCode>
                            <description>Дата и время вскрытия заявок </description>
                            <type>DATETIME</type>
                            <value>
                                <dateTime>2017-04-06T11:00:00</dateTime>
                            </value>
                        </extendField>
                        <extendField>
                            <integrCode>RassmotrenieMesto</integrCode>
                            <description>Место рассмотрения заявок</description>
                            <type>STRING</type>
                            <value>
                                <string>394036, г. Воронеж, проспект Революции, д. 18, каб. 261</string>
                            </value>
                        </extendField>
                        <position>
                            <tabOrdinal>2</tabOrdinal>
                            <tabName>COMMISSION</tabName>
                            <sectionOrdinal>1</sectionOrdinal>
                            <sectionName>COMISSION_SEC_Публикация извещения</sectionName>
                        </position>
                    </noticeExtendField>
                </ns2:extendFields>
                <ns2:lots>
                    <lot>
                        <guid>fa95022f-5e9b-4a01-a99a-12af31c4f6cc</guid>
                        <ordinalNumber>1</ordinalNumber>
                        <lotEditEnabled>false</lotEditEnabled>
                        <lotData>
                            <subject>На право заключения договора на оказание услуг по наблюдению за водными объектами Юго-Восточной дирекции по тепловодоснабжению</subject>
                            <currency>
                                <code>RUB</code>
                                <digitalCode>643</digitalCode>
                                <name>Российский рубль</name>
                            </currency>
                            <initialSum>473250.80</initialSum>
                            <deliveryPlace>
                                <state>Центральный федеральный округ</state>
                                <region>Воронежская   обл</region>
                                <regionOkato>20000000000</regionOkato>
                                <address>Место оказания услуг указано в  пункте 3.3 аукционной документации</address>
                            </deliveryPlace>
                            <lotItems>
                                <newCodes>true</newCodes>
                                <lotItem>
                                    <guid>b8fbd170-d167-4053-9be2-7f87a188e0b7</guid>
                                    <ordinalNumber>1</ordinalNumber>
                                    <okpd2>
                                        <code>96.09.19</code>
                                        <name>Услуги разнообразные прочие, не включенные в другие группировки</name>
                                    </okpd2>
                                    <okved2>
                                        <code>96.09</code>
                                        <name>Предоставление прочих персональных услуг, не включенных в другие группировки</name>
                                    </okved2>
                                    <okei>
                                        <code>796</code>
                                        <name>Штука</name>
                                    </okei>
                                    <qty>10</qty>
                                    <additionalInfo>ОКАТО: 063, 042, 038, 014</additionalInfo>
                                </lotItem>
                            </lotItems>
                            <forSmallOrMiddle>true</forSmallOrMiddle>
                            <excludePurchaseFromPlan>false</excludePurchaseFromPlan>
                            <subcontractorsRequirement>false</subcontractorsRequirement>
                            <ignoredPurchase>false</ignoredPurchase>
                            <centralized>false</centralized>
                        </lotData>
                        <deliveryPlaceIndication>GL</deliveryPlaceIndication>
                        <jointLotData>
                            <jointLot>false</jointLot>
                        </jointLotData>
                        <lotPlanInfo>
                            <planRegistrationNumber>2160196812</planRegistrationNumber>
                            <planGuid>38bcb6e6-f2a2-4b86-bf1f-bd78b33966f3</planGuid>
                            <positionNumber>7090</positionNumber>
                            <lotPlanPosition>COMMODITY</lotPlanPosition>
                            <positionGuid>649b4d6c-6ffd-4922-89bf-b9bd2bc043e0</positionGuid>
                        </lotPlanInfo>
                        <cancelled>false</cancelled>
                        <extendFields>
                            <noticeExtendField>
                                <extendField>
                                    <integrCode>TsenaDog</integrCode>
                                    <description>Начальная (максимальная) цена договора без учета НДС </description>
                                    <type>STRING</type>
                                    <value>
                                        <string>401 060,00 </string>
                                    </value>
                                </extendField>
                                <extendField>
                                    <integrCode>Valyta</integrCode>
                                    <description>Валюта</description>
                                    <type>CURRENCY</type>
                                    <value>
                                        <nsi>
                                            <currency>
                                                <code>RUB</code>
                                                <digitalCode>643</digitalCode>
                                                <name>Российский рубль</name>
                                            </currency>
                                        </nsi>
                                    </value>
                                </extendField>
                                <position>
                                    <tabOrdinal>1</tabOrdinal>
                                    <tabName>LOT_INFORMATION</tabName>
                                    <sectionOrdinal>1</sectionOrdinal>
                                    <sectionName>LOT_INFO_SEC_Общая информация о лоте</sectionName>
                                </position>
                            </noticeExtendField>
                            <noticeExtendField>
                                <extendField>
                                    <integrCode>RassmotrenieData</integrCode>
                                    <description>Дата и время рассмотрения заявок</description>
                                    <type>DATETIME</type>
                                    <value>
                                        <dateTime>2017-04-17T14:00:00</dateTime>
                                    </value>
                                </extendField>
                                <extendField>
                                    <integrCode>ItogData</integrCode>
                                    <description>Дата и время проведения аукциона</description>
                                    <type>DATETIME</type>
                                    <value>
                                        <dateTime>2017-04-20T10:30:00</dateTime>
                                    </value>
                                </extendField>
                                <position>
                                    <tabOrdinal>1</tabOrdinal>
                                    <tabName>LOT_INFORMATION</tabName>
                                    <sectionOrdinal>2</sectionOrdinal>
                                    <sectionName>LOT_INFO_SEC_Дата и время рассмотрения заявок и проведения аукциона</sectionName>
                                </position>
                            </noticeExtendField>
                        </extendFields>
                    </lot>
                </ns2:lots>
            </ns2:purchaseNoticeData>
        </ns2:item>
    </ns2:body>
</ns2:purchaseNotice>
