<?xml version="1.0" encoding="UTF-8" standalone="yes"?>
<ns2:purchaseNotice xsi:schemaLocation="http://zakupki.gov.ru/223/integration/schema/TFF-5.2 http://zakupki.gov.ru/223/integration/schema/TFF-5.2/purchase.xsd" xmlns="http://zakupki.gov.ru/223fz/types/1" xmlns:ns10="http://zakupki.gov.ru/223fz/purchasePlan/1" xmlns:ns11="http://zakupki.gov.ru/223fz/purchasePlanProject/1" xmlns:ns12="http://zakupki.gov.ru/223fz/purchasePlanProjectAdditionalPosition/1" xmlns:ns13="http://zakupki.gov.ru/223fz/contract/1" xmlns:ns14="http://zakupki.gov.ru/223fz/missedNotice/1" xmlns:ns15="http://zakupki.gov.ru/223fz/reference/1" xmlns:ns16="http://zakupki.gov.ru/223fz/stopCommodity/1" xmlns:ns17="http://zakupki.gov.ru/223fz/decisionSuspension/1" xmlns:ns18="http://zakupki.gov.ru/223fz/purchasePlanAdditionalPosition/1" xmlns:ns19="http://zakupki.gov.ru/223fz/webRequest/1" xmlns:ns2="http://zakupki.gov.ru/223fz/purchase/1" xmlns:xsi="http://www.w3.org/2001/XMLSchema-instance" xmlns:ns3="http://zakupki.gov.ru/223fz/dishonestSupplier/1" xmlns:ns4="http://zakupki.gov.ru/223fz/machineryListInfo/1" xmlns:ns5="http://zakupki.gov.ru/223fz/revenue/1" xmlns:ns6="http://zakupki.gov.ru/223fz/orderClauseList/1" xmlns:ns7="http://zakupki.gov.ru/223fz/disagreementProtocol/1" xmlns:ns8="http://zakupki.gov.ru/223fz/complaint/1" xmlns:ns9="http://zakupki.gov.ru/223fz/notificationIssue/1">
    <header>
        <guid>bf0ae084-9ec3-4089-ac72-38e3632c277f</guid>
        <createDateTime>2017-03-16T16:59:41</createDateTime>
    </header>
    <ns2:body>
        <ns2:item>
            <guid>9c9abfa0-b5dc-4271-8eb5-09999c34f34f</guid>
            <ns2:purchaseNoticeData>
                <ns2:guid>9c9abfa0-b5dc-4271-8eb5-09999c34f34f</ns2:guid>
                <ns2:createDateTime>2017-03-16T16:58:17</ns2:createDateTime>
                <ns2:urlOOS>https://zakupki.gov.ru/223/purchase/private/purchase/notice-info/details.html?noticeInfoId=5887796</ns2:urlOOS>
                <ns2:registrationNumber>31704866608</ns2:registrationNumber>
                <ns2:name>Право заключения договора на выполнение СМР, ПНР и поставку оборудования по титулу: "Расширение ПС 500 кВ Старый Оскол. Установка АТ-5 500/110 кВ. Технологическое присоединение электроустановок ОАО "Стойленский ГОК". Корректировка" для нужд филиала ПАО "ФСК ЕЭС" - МЭС Центра</ns2:name>
                <ns2:customer>
                    <mainInfo>
                        <fullName>ПУБЛИЧНОЕ АКЦИОНЕРНОЕ ОБЩЕСТВО "ФЕДЕРАЛЬНАЯ СЕТЕВАЯ КОМПАНИЯ ЕДИНОЙ ЭНЕРГЕТИЧЕСКОЙ СИСТЕМЫ"</fullName>
                        <shortName>ПАО "ФСК ЕЭС"</shortName>
                        <iko>54716016979772801001</iko>
                        <inn>4716016979</inn>
                        <kpp>772801001</kpp>
                        <ogrn>1024701893336</ogrn>
                        <legalAddress>117630Г МОСКВА, УЛ ЧЕЛОМЕЯ АКАДЕМИКА, 5А</legalAddress>
                        <postalAddress>117630, Москва Город, Академика Челомея Улица, дом 5А</postalAddress>
                        <phone>7-495-7109333</phone>
                        <fax>7-495-7109655</fax>
                        <email>info@fsk-ees.ru</email>
                        <okato>45293578000</okato>
                        <okpo>56947007</okpo>
                    </mainInfo>
                </ns2:customer>
                <ns2:purchaseMethodCode>3902</ns2:purchaseMethodCode>
                <ns2:purchaseCodeName>Открытый конкурс в электронной форме</ns2:purchaseCodeName>
                <ns2:placer>
                    <mainInfo>
                        <fullName>АКЦИОНЕРНОЕ ОБЩЕСТВО "ЭНЕРГОСТРОЙСНАБКОМПЛЕКТ ЕЭС"</fullName>
                        <shortName>АО "ЭССК ЕЭС"</shortName>
                        <iko>67723185941772301001</iko>
                        <inn>7723185941</inn>
                        <kpp>772301001</kpp>
                        <ogrn>1027700035285</ogrn>
                        <legalAddress>109390, г МОСКВА, ул АРТЮХИНОЙ, дом 6, корпус 1</legalAddress>
                        <postalAddress>121353, Москва Город, Беловежская Улица, дом 4, корпус Б</postalAddress>
                        <phone>7-495-7109333-3014</phone>
                        <email>info@essk.ru</email>
                        <okato>45290590000</okato>
                        <okpo>56694322</okpo>
                    </mainInfo>
                </ns2:placer>
                <ns2:contact>
                    <firstName>Александр</firstName>
                    <middleName>Михайлович</middleName>
                    <lastName>Жуков</lastName>
                    <phone>+7 (495) 7109333, доб.: 3026</phone>
                    <email>AlexandrG@essk.ru</email>
                    <organization>
                        <mainInfo>
                            <fullName>АКЦИОНЕРНОЕ ОБЩЕСТВО "ЭНЕРГОСТРОЙСНАБКОМПЛЕКТ ЕЭС"</fullName>
                            <shortName>АО "ЭССК ЕЭС"</shortName>
                            <iko>67723185941772301001</iko>
                            <inn>7723185941</inn>
                            <kpp>772301001</kpp>
                            <ogrn>1027700035285</ogrn>
                            <legalAddress>109390, г МОСКВА, ул АРТЮХИНОЙ, дом 6, корпус 1</legalAddress>
                            <postalAddress>121353, Москва Город, Беловежская Улица, дом 4, корпус Б</postalAddress>
                            <phone>7-495-7109333-3014</phone>
                            <email>info@essk.ru</email>
                            <okato>45290590000</okato>
                            <okpo>56694322</okpo>
                        </mainInfo>
                    </organization>
                </ns2:contact>
                <ns2:publicationDateTime>2017-03-16T16:59:41</ns2:publicationDateTime>
                <ns2:documentationDelivery>
                    <deliveryStartDateTime>2017-03-07</deliveryStartDateTime>
                    <deliveryEndDateTime>2017-04-03</deliveryEndDateTime>
                    <place>Согласно Закупочной документации</place>
                    <procedure>Согласно Закупочной документации</procedure>
                </ns2:documentationDelivery>
                <ns2:status>P</ns2:status>
                <ns2:version>2</ns2:version>
                <ns2:modificationDescription>Внесение изменений в Конкурсную документацию и в Извещение о проведении открытого конкурса</ns2:modificationDescription>
                <ns2:notDishonest>true</ns2:notDishonest>
                <ns2:attachments>
                    <totalDocumentsCount>5</totalDocumentsCount>
                    <document>
                        <guid>89c95597-628c-44a9-9ba3-5c81af3f5297</guid>
                        <createDateTime>2017-03-16T16:59:22</createDateTime>
                        <fileName>2 34983 ТЗС.doc</fileName>
                        <description>2 34983 ТЗС</description>
                        <url>http://zakupki.gov.ru/223/purchase/public/download/download.html?id=30118369</url>
                    </document>
                    <document>
                        <guid>0cfad22d-d87c-456f-8ee7-f13bf186abab</guid>
                        <createDateTime>2017-03-16T16:59:08</createDateTime>
                        <fileName>Том 2 откорректированный.rar</fileName>
                        <description>Том 2 откорректированный</description>
                        <url>http://zakupki.gov.ru/223/purchase/public/download/download.html?id=30118364</url>
                    </document>
                    <document>
                        <guid>ddc08651-40e6-4b4e-be72-d02bc738dec2</guid>
                        <createDateTime>2017-03-07T15:29:14</createDateTime>
                        <fileName>29228307-Izveshenie_o_provedenii_konkursa.pdf</fileName>
                        <description>29228307-Izveshenie_o_provedenii_konkursa.pdf</description>
                        <url>http://zakupki.gov.ru/223/purchase/public/download/download.html?id=30118286</url>
                    </document>
                    <document>
                        <guid>f1f2a51e-192b-4101-9380-3a6c4cf923c5</guid>
                        <createDateTime>2017-03-16T16:59:15</createDateTime>
                        <fileName>Уведомление о внесении изменений и переносе.pdf</fileName>
                        <description>Уведомление о внесении изменений и переносе</description>
                        <url>http://zakupki.gov.ru/223/purchase/public/download/download.html?id=30118366</url>
                    </document>
                    <document>
                        <guid>c00f6728-1572-48f7-9fc9-8a1a91ef3d35</guid>
                        <createDateTime>2017-03-07T15:29:14</createDateTime>
                        <fileName>29228292-KD.rar</fileName>
                        <description>29228292-KD.rar</description>
                        <url>http://zakupki.gov.ru/223/purchase/public/download/download.html?id=30118287</url>
                    </document>
                </ns2:attachments>
                <ns2:modificationDate>2017-03-16T16:59:41</ns2:modificationDate>
                <ns2:saveUserId>22914</ns2:saveUserId>
                <ns2:deliveryPlaceIndication>SINGLE_PLACE</ns2:deliveryPlaceIndication>
                <ns2:emergency>false</ns2:emergency>
                <ns2:jointPurchase>false</ns2:jointPurchase>
                <ns2:electronicPlaceInfo>
                    <name>ЭТП "ТЗС Электра"</name>
                    <url>http://www.tzselektra.ru</url>
                    <electronicPlaceId>146</electronicPlaceId>
                </ns2:electronicPlaceInfo>
                <ns2:placingProcedure>
                    <ns2:examinationPlace>По адресу организатора</ns2:examinationPlace>
                    <ns2:examinationDateTime>2017-04-03T12:00:00</ns2:examinationDateTime>
                    <ns2:summingupDateTime>2017-06-05T12:00:00</ns2:summingupDateTime>
                </ns2:placingProcedure>
                <ns2:submissionCloseDateTime>2017-04-03T12:00:00</ns2:submissionCloseDateTime>
                <ns2:lots>
                    <lot>
                        <guid>58bd17b0-47fc-013a-e100-80000a121a18</guid>
                        <ordinalNumber>1</ordinalNumber>
                        <lotEditEnabled>false</lotEditEnabled>
                        <lotData>
                            <subject>СМР, ПНР, поставка МТРиО по титулу Расширение ПС 500 кВ Старый Оскол. Установка АТ-5 500/110 кВ. Технологическое присоединение электроустановок ОАО Стойленский ГОК. Корректировка</subject>
                            <currency>
                                <code>RUB</code>
                                <digitalCode>643</digitalCode>
                                <name>Российский рубль</name>
                            </currency>
                            <initialSum>405439920.00</initialSum>
                            <deliveryPlace>
                                <state>Центральный федеральный округ</state>
                                <region>Белгородская   обл</region>
                                <regionOkato>14000000000</regionOkato>
                                <address>в соответствии с КД</address>
                            </deliveryPlace>
                            <lotItems>
                                <newCodes>true</newCodes>
                                <lotItem>
                                    <guid>58b52c2b-78af-0148-e100-80000a121a18</guid>
                                    <ordinalNumber>1</ordinalNumber>
                                    <okpd2>
                                        <code>71.12.13</code>
                                        <name>Услуги по инженерно-техническому проектированию систем энергоснабжения</name>
                                    </okpd2>
                                    <okved2>
                                        <code>71.12</code>
                                        <name>Деятельность в области инженерных изысканий, инженерно-технического проектирования, управления проектами строительства, выполнения строительного контроля и авторского надзора, предоставление технических консультаций в этих областях</name>
                                    </okved2>
                                    <okei>
                                        <code>876</code>
                                        <name>Условная единица</name>
                                    </okei>
                                    <qty>1</qty>
                                    <additionalInfo>СМР, ПНР, поставка МТРиО по титулу Расширение ПС 500 кВ Старый Оскол. Установка АТ-5 500/110 кВ. Технологическое присоединение электроустановок ОАО Стойленский ГОК. Корректировка</additionalInfo>
                                </lotItem>
                            </lotItems>
                            <forSmallOrMiddle>false</forSmallOrMiddle>
                            <excludePurchaseFromPlan>false</excludePurchaseFromPlan>
                            <subcontractorsRequirement>false</subcontractorsRequirement>
                            <ignoredPurchase>false</ignoredPurchase>
                            <centralized>false</centralized>
                        </lotData>
                        <deliveryPlaceIndication>GL</deliveryPlaceIndication>
                        <jointLotData>
                            <jointLot>false</jointLot>
                        </jointLotData>
                        <lotPlanInfo>
                            <planRegistrationNumber>2160185733</planRegistrationNumber>
                            <planGuid>5fd7562a-0578-4790-9c20-6dbfa7b41956</planGuid>
                            <positionNumber>8546</positionNumber>
                            <lotPlanPosition>COMMODITY</lotPlanPosition>
                            <positionGuid>58b52c2b-78af-0148-e100-80000a121a18</positionGuid>
                        </lotPlanInfo>
                        <cancelled>false</cancelled>
                    </lot>
                </ns2:lots>
            </ns2:purchaseNoticeData>
        </ns2:item>
    </ns2:body>
</ns2:purchaseNotice>
