<?xml version="1.0" encoding="UTF-8" standalone="yes"?>
<ns2:purchaseNotice xsi:schemaLocation="http://zakupki.gov.ru/223/integration/schema/TFF-5.2 http://zakupki.gov.ru/223/integration/schema/TFF-5.2/purchase.xsd" xmlns="http://zakupki.gov.ru/223fz/types/1" xmlns:ns10="http://zakupki.gov.ru/223fz/purchasePlan/1" xmlns:ns11="http://zakupki.gov.ru/223fz/purchasePlanProject/1" xmlns:ns12="http://zakupki.gov.ru/223fz/purchasePlanProjectAdditionalPosition/1" xmlns:ns13="http://zakupki.gov.ru/223fz/contract/1" xmlns:ns14="http://zakupki.gov.ru/223fz/missedNotice/1" xmlns:ns15="http://zakupki.gov.ru/223fz/reference/1" xmlns:ns16="http://zakupki.gov.ru/223fz/stopCommodity/1" xmlns:ns17="http://zakupki.gov.ru/223fz/decisionSuspension/1" xmlns:ns18="http://zakupki.gov.ru/223fz/purchasePlanAdditionalPosition/1" xmlns:ns19="http://zakupki.gov.ru/223fz/webRequest/1" xmlns:ns2="http://zakupki.gov.ru/223fz/purchase/1" xmlns:xsi="http://www.w3.org/2001/XMLSchema-instance" xmlns:ns3="http://zakupki.gov.ru/223fz/dishonestSupplier/1" xmlns:ns4="http://zakupki.gov.ru/223fz/machineryListInfo/1" xmlns:ns5="http://zakupki.gov.ru/223fz/revenue/1" xmlns:ns6="http://zakupki.gov.ru/223fz/orderClauseList/1" xmlns:ns7="http://zakupki.gov.ru/223fz/disagreementProtocol/1" xmlns:ns8="http://zakupki.gov.ru/223fz/complaint/1" xmlns:ns9="http://zakupki.gov.ru/223fz/notificationIssue/1">
    <header>
        <guid>ddfd6652-c0db-4283-b005-502c169c3a84</guid>
        <createDateTime>2017-03-16T18:52:35</createDateTime>
    </header>
    <ns2:body>
        <ns2:item>
            <guid>4d644af6-c190-45c3-a9f7-d20c26001273</guid>
            <ns2:purchaseNoticeData>
                <ns2:guid>4d644af6-c190-45c3-a9f7-d20c26001273</ns2:guid>
                <ns2:createDateTime>2017-03-16T18:20:49</ns2:createDateTime>
                <ns2:urlOOS>https://zakupki.gov.ru/223/purchase/private/purchase/notice-info/details.html?noticeInfoId=5888301</ns2:urlOOS>
                <ns2:urlVSRZ>https://223.rts-tender.ru/supplier/auction/Trade/View.aspx?Id=54985</ns2:urlVSRZ>
                <ns2:registrationNumber>31704899994</ns2:registrationNumber>
                <ns2:name>Конкурс в электронной форме на право заключения  гражданско-правового договора  на оказание услуг по проведению праздничных фейерверков на территории ГАУК  г. Москвы  «Измайловский ПКиО» и территории «Сиреневый сад»</ns2:name>
                <ns2:customer>
                    <mainInfo>
                        <fullName>ГОСУДАРСТВЕННОЕ АВТОНОМНОЕ УЧРЕЖДЕНИЕ КУЛЬТУРЫ ГОРОДА МОСКВЫ "ИЗМАЙЛОВСКИЙ ПАРК КУЛЬТУРЫ И ОТДЫХА"</fullName>
                        <shortName>ГАУК Г.МОСКВЫ "ИЗМАЙЛОВСКИЙ ПКИО"</shortName>
                        <iko>57719019638771901001</iko>
                        <inn>7719019638</inn>
                        <kpp>771901001</kpp>
                        <ogrn>1037739542719</ogrn>
                        <legalAddress>105187, Москва, Большого Круга, дом 7</legalAddress>
                        <postalAddress>105187, Москва город, Большого Круга аллея, дом 7, офис (квартира) нет</postalAddress>
                        <phone>7-499-1666119</phone>
                        <fax>7-495-6579732</fax>
                        <email>ip-torgi@mail.ru</email>
                        <okato>45263570000</okato>
                        <okpo>02182838</okpo>
                    </mainInfo>
                </ns2:customer>
                <ns2:purchaseMethodCode>111534</ns2:purchaseMethodCode>
                <ns2:purchaseCodeName>Открытый конкурс в электронном виде</ns2:purchaseCodeName>
                <ns2:placer>
                    <mainInfo>
                        <fullName>ОБЩЕСТВО С ОГРАНИЧЕННОЙ ОТВЕТСТВЕННОСТЬЮ "МСК-ТОРГИ"</fullName>
                        <shortName>ООО  "МСК-ТОРГИ"</shortName>
                        <iko>57707332268770701001</iko>
                        <inn>7707332268</inn>
                        <kpp>770701001</kpp>
                        <ogrn>1157746083065</ogrn>
                        <legalAddress>127055, Г МОСКВА, ПЕР УГЛОВОЙ, дом ДОМ 2, офис (квартира) ПОМЕЩЕНИЕ 3</legalAddress>
                        <postalAddress>127055, г. Москва, Угловой пер., дом 2 пом.3</postalAddress>
                        <phone>7-963-6589712</phone>
                        <email>msk_torgi@mail.ru</email>
                        <okato>45286585000</okato>
                        <okpo>29253414</okpo>
                    </mainInfo>
                </ns2:placer>
                <ns2:contact>
                    <firstName>Елена</firstName>
                    <middleName>Васильевна</middleName>
                    <lastName>Пильчинская</lastName>
                    <phone>+7 (905) 7972670</phone>
                    <fax>+7 (905) 7972670</fax>
                    <email>msk_torgi@mail.ru</email>
                    <organization>
                        <mainInfo>
                            <fullName>ОБЩЕСТВО С ОГРАНИЧЕННОЙ ОТВЕТСТВЕННОСТЬЮ "МСК-ТОРГИ"</fullName>
                            <shortName>ООО  "МСК-ТОРГИ"</shortName>
                            <iko>57707332268770701001</iko>
                            <inn>7707332268</inn>
                            <kpp>770701001</kpp>
                            <ogrn>1157746083065</ogrn>
                            <legalAddress>127055, Г МОСКВА, ПЕР УГЛОВОЙ, дом ДОМ 2, офис (квартира) ПОМЕЩЕНИЕ 3</legalAddress>
                            <postalAddress>127055, г. Москва, Угловой пер., дом 2 пом.3</postalAddress>
                            <phone>7-963-6589712</phone>
                            <email>msk_torgi@mail.ru</email>
                            <okato>45286585000</okato>
                            <okpo>29253414</okpo>
                        </mainInfo>
                    </organization>
                </ns2:contact>
                <ns2:publicationDateTime>2017-03-16T18:52:35</ns2:publicationDateTime>
                <ns2:documentationDelivery>
                    <deliveryStartDateTime>2017-03-16</deliveryStartDateTime>
                    <deliveryEndDateTime>2017-04-06</deliveryEndDateTime>
                    <place>Электронная площадка РТС-тендер (http://www.rts-tender.ru) и Официальный сайт (http://zakupki.gov.ru)</place>
                    <procedure>В электронной форме на площадке РТС-тендер (http://www.rts-tender.ru) и Официальном сайте (http://zakupki.gov.ru)</procedure>
                </ns2:documentationDelivery>
                <ns2:status>P</ns2:status>
                <ns2:version>1</ns2:version>
                <ns2:notDishonest>true</ns2:notDishonest>
                <ns2:attachments>
                    <totalDocumentsCount>2</totalDocumentsCount>
                    <document>
                        <guid>c9dfa3f2-423b-4c95-842a-897a2e26fde2</guid>
                        <createDateTime>2017-03-16T15:16:30</createDateTime>
                        <fileName>Извещение о закупке.docx</fileName>
                        <description>Извещение о закупке.docx</description>
                        <url>http://zakupki.gov.ru/223/purchase/public/download/download.html?id=30120652</url>
                    </document>
                    <document>
                        <guid>c7e695f1-ada7-4bcc-8806-b9671558ca73</guid>
                        <createDateTime>2017-03-16T16:43:37</createDateTime>
                        <fileName>Конкурсная документация.docx</fileName>
                        <description>Конкурсная документация.docx</description>
                        <url>http://zakupki.gov.ru/223/purchase/public/download/download.html?id=30120653</url>
                    </document>
                </ns2:attachments>
                <ns2:modificationDate>2017-03-16T18:52:35</ns2:modificationDate>
                <ns2:saveUserId>162680</ns2:saveUserId>
                <ns2:deliveryPlaceIndication>DIFFERENT_PLACE</ns2:deliveryPlaceIndication>
                <ns2:emergency>false</ns2:emergency>
                <ns2:jointPurchase>false</ns2:jointPurchase>
                <ns2:electronicPlaceInfo>
                    <name>РТС-тендер</name>
                    <url>223.rts-tender.ru</url>
                    <electronicPlaceId>1698</electronicPlaceId>
                </ns2:electronicPlaceInfo>
                <ns2:placingProcedure>
                    <ns2:examinationPlace>Единая отраслевая торговая площадка Департамента культуры города Москвы, 107021, г. Москва, ул. Неглинная, д. 8/10.</ns2:examinationPlace>
                    <ns2:examinationDateTime>2017-04-12T20:00:00</ns2:examinationDateTime>
                    <ns2:summingupDateTime>2017-04-12T20:00:00</ns2:summingupDateTime>
                </ns2:placingProcedure>
                <ns2:submissionCloseDateTime>2017-04-06T11:30:00</ns2:submissionCloseDateTime>
                <ns2:lots>
                    <lot>
                        <guid>a19c3d3a-88b7-4bc0-8df9-dcfc0187e813</guid>
                        <ordinalNumber>1</ordinalNumber>
                        <lotEditEnabled>false</lotEditEnabled>
                        <lotData>
                            <subject>Оказание услуг по проведению праздничных фейерверков на территории  ГАУК  г. Москвы  «Измайловский ПКиО» и территории «Сиреневый сад»</subject>
                            <currency>
                                <code>RUB</code>
                                <digitalCode>643</digitalCode>
                                <name>Российский рубль</name>
                            </currency>
                            <initialSum>1800000.00</initialSum>
                            <deliveryPlace>
                                <state>Центральный федеральный округ</state>
                                <region>Москва</region>
                                <regionOkato>45000000000</regionOkato>
                                <address>Территория ГАУК г. Москвы  «Измайловский  ПКиО» площадка на острове, расположенная  на  Круглом  пруду  в  Центральной   части  ГАУК г. Москвы «Измайловский ПКиО»
Территория «Сиреневый сад», г. Москва, Щелковское шоссе, вл.8-12 площадка на дорожке полукруглой аллеи, напротив фонтана.</address>
                            </deliveryPlace>
                            <lotItems>
                                <newCodes>true</newCodes>
                                <lotItem>
                                    <guid>43b6ca84-7135-42c7-9371-e2f24c30f2cd</guid>
                                    <ordinalNumber>1</ordinalNumber>
                                    <okpd2>
                                        <code>20.51.13.000</code>
                                        <name>Фейерверки</name>
                                    </okpd2>
                                    <okved2>
                                        <code>20.51</code>
                                        <name>Производство взрывчатых веществ</name>
                                    </okved2>
                                    <okei>
                                        <code>876</code>
                                        <name>Условная единица</name>
                                    </okei>
                                    <qty>1</qty>
                                </lotItem>
                            </lotItems>
                            <forSmallOrMiddle>false</forSmallOrMiddle>
                            <excludePurchaseFromPlan>false</excludePurchaseFromPlan>
                            <subcontractorsRequirement>false</subcontractorsRequirement>
                            <ignoredPurchase>false</ignoredPurchase>
                            <centralized>false</centralized>
                        </lotData>
                        <deliveryPlaceIndication>GL</deliveryPlaceIndication>
                        <jointLotData>
                            <jointLot>false</jointLot>
                        </jointLotData>
                        <lotPlanInfo>
                            <planRegistrationNumber>2170222270</planRegistrationNumber>
                            <planGuid>9eac634d-f116-49c6-8de3-9bcf63f2abb8</planGuid>
                            <positionNumber>4</positionNumber>
                            <lotPlanPosition>COMMODITY</lotPlanPosition>
                            <positionGuid>2e4ffa49-ec21-4ccd-b29d-e7607acad532</positionGuid>
                        </lotPlanInfo>
                        <cancelled>false</cancelled>
                    </lot>
                </ns2:lots>
            </ns2:purchaseNoticeData>
        </ns2:item>
    </ns2:body>
</ns2:purchaseNotice>
