<?xml version="1.0" encoding="UTF-8" standalone="yes"?>
<ns2:purchaseNotice xsi:schemaLocation="http://zakupki.gov.ru/223/integration/schema/TFF-5.2 http://zakupki.gov.ru/223/integration/schema/TFF-5.2/purchase.xsd" xmlns="http://zakupki.gov.ru/223fz/types/1" xmlns:ns10="http://zakupki.gov.ru/223fz/purchasePlan/1" xmlns:ns11="http://zakupki.gov.ru/223fz/purchasePlanProject/1" xmlns:ns12="http://zakupki.gov.ru/223fz/purchasePlanProjectAdditionalPosition/1" xmlns:ns13="http://zakupki.gov.ru/223fz/contract/1" xmlns:ns14="http://zakupki.gov.ru/223fz/missedNotice/1" xmlns:ns15="http://zakupki.gov.ru/223fz/reference/1" xmlns:ns16="http://zakupki.gov.ru/223fz/stopCommodity/1" xmlns:ns17="http://zakupki.gov.ru/223fz/decisionSuspension/1" xmlns:ns18="http://zakupki.gov.ru/223fz/purchasePlanAdditionalPosition/1" xmlns:ns19="http://zakupki.gov.ru/223fz/webRequest/1" xmlns:ns2="http://zakupki.gov.ru/223fz/purchase/1" xmlns:xsi="http://www.w3.org/2001/XMLSchema-instance" xmlns:ns3="http://zakupki.gov.ru/223fz/dishonestSupplier/1" xmlns:ns4="http://zakupki.gov.ru/223fz/machineryListInfo/1" xmlns:ns5="http://zakupki.gov.ru/223fz/revenue/1" xmlns:ns6="http://zakupki.gov.ru/223fz/orderClauseList/1" xmlns:ns7="http://zakupki.gov.ru/223fz/disagreementProtocol/1" xmlns:ns8="http://zakupki.gov.ru/223fz/complaint/1" xmlns:ns9="http://zakupki.gov.ru/223fz/notificationIssue/1">
    <header>
        <guid>7f65ad8c-46cf-44a0-bb39-c1fa76ab0ef8</guid>
        <createDateTime>2017-03-16T17:24:57</createDateTime>
    </header>
    <ns2:body>
        <ns2:item>
            <guid>2220fc00-0d0b-1ed7-82c9-67dfbce90d88</guid>
            <ns2:purchaseNoticeData>
                <ns2:guid>2220fc00-0d0b-1ed7-82c9-67dfbce90d88</ns2:guid>
                <ns2:createDateTime>2017-03-16T17:24:10</ns2:createDateTime>
                <ns2:urlOOS>https://zakupki.gov.ru/223/purchase/private/purchase/notice-info/details.html?noticeInfoId=5888014</ns2:urlOOS>
                <ns2:urlVSRZ>ЕОС-Закупки</ns2:urlVSRZ>
                <ns2:registrationNumber>31704899670</ns2:registrationNumber>
                <ns2:name>Право заключения договора на оказание услуг по техническому обслуживанию и ремонту систем безопасности в офисе филиала  АО «Гринатом» в г. Нижнем Новгороде, расположенном по адресу: г. Нижний Новгород, проспект Ленина, дом 93</ns2:name>
                <ns2:customer>
                    <mainInfo>
                        <fullName>АКЦИОНЕРНОЕ ОБЩЕСТВО "ГРИНАТОМ"</fullName>
                        <shortName>АО "ГРИНАТОМ"</shortName>
                        <iko>77706729736770601001</iko>
                        <inn>7706729736</inn>
                        <kpp>770601001</kpp>
                        <ogrn>1097746819720</ogrn>
                        <legalAddress>119017, Г МОСКВА, УЛ ОРДЫНКА Б., дом 24</legalAddress>
                        <postalAddress>115230, г. Москва, 1-й Нагатинский проезд, д.10, строение 1</postalAddress>
                        <phone>7-499-9494919</phone>
                        <email>MYErmolaev@greenatom.ru</email>
                        <okato>45286596000</okato>
                        <okpo>64509942</okpo>
                    </mainInfo>
                </ns2:customer>
                <ns2:purchaseMethodCode>5907</ns2:purchaseMethodCode>
                <ns2:purchaseCodeName>Открытый запрос цен в электронной форме</ns2:purchaseCodeName>
                <ns2:placer>
                    <mainInfo>
                        <fullName>АКЦИОНЕРНОЕ ОБЩЕСТВО "ГРИНАТОМ"</fullName>
                        <shortName>АО "ГРИНАТОМ"</shortName>
                        <iko>77706729736770601001</iko>
                        <inn>7706729736</inn>
                        <kpp>770601001</kpp>
                        <ogrn>1097746819720</ogrn>
                        <legalAddress>119017, Г МОСКВА, УЛ ОРДЫНКА Б., дом 24</legalAddress>
                        <postalAddress>115230, г. Москва, 1-й Нагатинский проезд, д.10, строение 1</postalAddress>
                        <phone>7-499-9494919</phone>
                        <email>MYErmolaev@greenatom.ru</email>
                        <okato>45286596000</okato>
                        <okpo>64509942</okpo>
                    </mainInfo>
                </ns2:placer>
                <ns2:contact>
                    <firstName>Ольга</firstName>
                    <middleName>Алексеевна</middleName>
                    <lastName>Никольская</lastName>
                    <phone>+7 (499) 9494919</phone>
                    <fax>+7 (499) 9494919</fax>
                    <email>OANikolskaya@greenatom.ru</email>
                    <organization>
                        <mainInfo>
                            <fullName>АКЦИОНЕРНОЕ ОБЩЕСТВО "ГРИНАТОМ"</fullName>
                            <shortName>АО "ГРИНАТОМ"</shortName>
                            <iko>77706729736770601001</iko>
                            <inn>7706729736</inn>
                            <kpp>770601001</kpp>
                            <ogrn>1097746819720</ogrn>
                            <legalAddress>119017, Г МОСКВА, УЛ ОРДЫНКА Б., дом 24</legalAddress>
                            <postalAddress>115230, г. Москва, 1-й Нагатинский проезд, д.10, строение 1</postalAddress>
                            <phone>7-499-9494919</phone>
                            <email>MYErmolaev@greenatom.ru</email>
                            <okato>45286596000</okato>
                            <okpo>64509942</okpo>
                        </mainInfo>
                    </organization>
                </ns2:contact>
                <ns2:publicationDateTime>2017-03-16T17:24:57</ns2:publicationDateTime>
                <ns2:documentationDelivery>
                    <deliveryStartDateTime>2017-03-16</deliveryStartDateTime>
                    <deliveryEndDateTime>2017-03-23</deliveryEndDateTime>
                    <place>Фабрикант 2 http://www.fabrikant.ru/</place>
                    <procedure>Фабрикант 2 http://www.fabrikant.ru/</procedure>
                </ns2:documentationDelivery>
                <ns2:status>P</ns2:status>
                <ns2:version>1</ns2:version>
                <ns2:notDishonest>true</ns2:notDishonest>
                <ns2:attachments>
                    <totalDocumentsCount>5</totalDocumentsCount>
                    <document>
                        <guid>0addd403-d90a-1ed7-82c9-789f3b7ac6d9</guid>
                        <createDateTime>2017-03-16T13:23:40</createDateTime>
                        <fileName>Извещение.docx</fileName>
                        <description>Извещение</description>
                        <url>http://zakupki.gov.ru/223/purchase/public/download/download.html?id=30119241</url>
                    </document>
                    <document>
                        <guid>0addd403-d90a-1ee7-82c9-cb8e9b3057c5</guid>
                        <createDateTime>2017-03-16T13:42:13</createDateTime>
                        <fileName>Извещение.docx</fileName>
                        <description>Извещение</description>
                        <url>http://zakupki.gov.ru/223/purchase/public/download/download.html?id=30119242</url>
                    </document>
                    <document>
                        <guid>0addd403-d90a-1ed7-82c9-7a28b881c162</guid>
                        <createDateTime>2017-03-16T13:24:00</createDateTime>
                        <fileName>Часть 2.docx</fileName>
                        <description>Часть 2</description>
                        <url>http://zakupki.gov.ru/223/purchase/public/download/download.html?id=30119243</url>
                    </document>
                    <document>
                        <guid>0addd403-d90a-1ed7-82c9-7d75d159c6d9</guid>
                        <createDateTime>2017-03-16T13:24:45</createDateTime>
                        <fileName>Том 2. Техническая часть.docx</fileName>
                        <description>Том 2. Техническая часть</description>
                        <url>http://zakupki.gov.ru/223/purchase/public/download/download.html?id=30119244</url>
                    </document>
                    <document>
                        <guid>0addd403-d90a-1ed7-82c9-7b9cb528c0a4</guid>
                        <createDateTime>2017-03-16T13:24:20</createDateTime>
                        <fileName>Часть 3 Договор.doc</fileName>
                        <description>Часть 3 Договор</description>
                        <url>http://zakupki.gov.ru/223/purchase/public/download/download.html?id=30119245</url>
                    </document>
                </ns2:attachments>
                <ns2:modificationDate>2017-03-16T17:24:57</ns2:modificationDate>
                <ns2:saveUserId>100723</ns2:saveUserId>
                <ns2:deliveryPlaceIndication>DIFFERENT_PLACE</ns2:deliveryPlaceIndication>
                <ns2:emergency>false</ns2:emergency>
                <ns2:jointPurchase>false</ns2:jointPurchase>
                <ns2:electronicPlaceInfo>
                    <name>Фабрикант 2</name>
                    <url>http://fabrikant.ru</url>
                    <electronicPlaceId>111</electronicPlaceId>
                </ns2:electronicPlaceInfo>
                <ns2:placingProcedure>
                    <ns2:examinationPlace>115230, г. Москва, 1-й Нагатинский проезд, д.10, строение 1</ns2:examinationPlace>
                    <ns2:examinationDateTime>2017-03-30T23:59:59</ns2:examinationDateTime>
                    <ns2:summingupDateTime>2017-03-30T23:59:59</ns2:summingupDateTime>
                </ns2:placingProcedure>
                <ns2:submissionCloseDateTime>2017-03-23T10:00:00</ns2:submissionCloseDateTime>
                <ns2:publicationPlannedDate>2017-03-16</ns2:publicationPlannedDate>
                <ns2:lots>
                    <lot>
                        <guid>2220fc00-0d0b-1ed7-82c9-68e329de8d88</guid>
                        <ordinalNumber>1</ordinalNumber>
                        <lotEditEnabled>true</lotEditEnabled>
                        <lotData>
                            <subject>Право заключения договора на оказание услуг по техническому обслуживанию и ремонту систем безопасности в офисе филиала  АО «Гринатом» в г. Нижнем Новгороде, расположенном по адресу: г. Нижний Новгород, проспект Ленина, дом 93</subject>
                            <currency>
                                <code>RUB</code>
                                <digitalCode>643</digitalCode>
                                <name>Российский рубль</name>
                            </currency>
                            <initialSum>1691306.65</initialSum>
                            <deliveryPlace>
                                <state>Центральный федеральный округ</state>
                                <region>Москва</region>
                                <regionOkato>45000000000</regionOkato>
                                <address>г. Нижний Новгород, пр. Ленина, д. 93</address>
                            </deliveryPlace>
                            <lotItems>
                                <newCodes>true</newCodes>
                                <lotItem>
                                    <guid>58a12d5b-b232-0de0-e100-80000a7c1050</guid>
                                    <ordinalNumber>1</ordinalNumber>
                                    <okpd2>
                                        <code>95.11.10.000</code>
                                        <name>Услуги по ремонту компьютеров и периферийного оборудования</name>
                                    </okpd2>
                                    <okved2>
                                        <code>95.11</code>
                                        <name>Ремонт компьютеров и периферийного компьютерного оборудования</name>
                                    </okved2>
                                    <okei>
                                        <code>383</code>
                                        <name>Рубль</name>
                                    </okei>
                                    <qty>1</qty>
                                    <additionalInfo>Закупка проводится у субъектов малого и среднего предпринимательства.</additionalInfo>
                                </lotItem>
                            </lotItems>
                            <forSmallOrMiddle>true</forSmallOrMiddle>
                            <excludePurchaseFromPlan>false</excludePurchaseFromPlan>
                            <subcontractorsRequirement>false</subcontractorsRequirement>
                            <ignoredPurchase>false</ignoredPurchase>
                            <centralized>false</centralized>
                        </lotData>
                        <deliveryPlaceIndication>GL</deliveryPlaceIndication>
                        <jointLotData>
                            <jointLot>false</jointLot>
                        </jointLotData>
                        <lotPlanInfo>
                            <planRegistrationNumber>2160182074</planRegistrationNumber>
                            <planGuid>a22a2ab1-590a-1ed7-82af-f84cbcdd119a</planGuid>
                            <positionNumber>980400363</positionNumber>
                            <lotPlanPosition>COMMODITY</lotPlanPosition>
                            <positionGuid>589da48d-9500-4a70-e100-80000a7c101b</positionGuid>
                        </lotPlanInfo>
                        <cancelled>false</cancelled>
                    </lot>
                </ns2:lots>
            </ns2:purchaseNoticeData>
        </ns2:item>
    </ns2:body>
</ns2:purchaseNotice>
