<?xml version="1.0" encoding="UTF-8" standalone="yes"?>
<ns2:purchaseNotice xsi:schemaLocation="http://zakupki.gov.ru/223/integration/schema/TFF-5.2 http://zakupki.gov.ru/223/integration/schema/TFF-5.2/purchase.xsd" xmlns="http://zakupki.gov.ru/223fz/types/1" xmlns:ns10="http://zakupki.gov.ru/223fz/purchasePlan/1" xmlns:ns11="http://zakupki.gov.ru/223fz/purchasePlanProject/1" xmlns:ns12="http://zakupki.gov.ru/223fz/purchasePlanProjectAdditionalPosition/1" xmlns:ns13="http://zakupki.gov.ru/223fz/contract/1" xmlns:ns14="http://zakupki.gov.ru/223fz/missedNotice/1" xmlns:ns15="http://zakupki.gov.ru/223fz/reference/1" xmlns:ns16="http://zakupki.gov.ru/223fz/stopCommodity/1" xmlns:ns17="http://zakupki.gov.ru/223fz/decisionSuspension/1" xmlns:ns18="http://zakupki.gov.ru/223fz/purchasePlanAdditionalPosition/1" xmlns:ns19="http://zakupki.gov.ru/223fz/webRequest/1" xmlns:ns2="http://zakupki.gov.ru/223fz/purchase/1" xmlns:xsi="http://www.w3.org/2001/XMLSchema-instance" xmlns:ns3="http://zakupki.gov.ru/223fz/dishonestSupplier/1" xmlns:ns4="http://zakupki.gov.ru/223fz/machineryListInfo/1" xmlns:ns5="http://zakupki.gov.ru/223fz/revenue/1" xmlns:ns6="http://zakupki.gov.ru/223fz/orderClauseList/1" xmlns:ns7="http://zakupki.gov.ru/223fz/disagreementProtocol/1" xmlns:ns8="http://zakupki.gov.ru/223fz/complaint/1" xmlns:ns9="http://zakupki.gov.ru/223fz/notificationIssue/1">
    <header>
        <guid>0edf9356-f33c-4a99-bc44-75876abde6e5</guid>
        <createDateTime>2017-03-16T17:22:32</createDateTime>
    </header>
    <ns2:body>
        <ns2:item>
            <guid>91ba9440-1351-66b1-83c2-efbd539b57f5</guid>
            <ns2:purchaseNoticeData>
                <ns2:guid>91ba9440-1351-66b1-83c2-efbd539b57f5</ns2:guid>
                <ns2:createDateTime>2017-03-16T17:20:36</ns2:createDateTime>
                <ns2:urlOOS>https://zakupki.gov.ru/223/purchase/private/purchase/notice-info/details.html?noticeInfoId=5887992</ns2:urlOOS>
                <ns2:urlVSRZ>https://com.roseltorg.ru/#com/procedure/view/id/286321</ns2:urlVSRZ>
                <ns2:registrationNumber>31704899658</ns2:registrationNumber>
                <ns2:name>Оказание услуг по техническому обслуживанию  и текущему ремонту автотранспортных средств</ns2:name>
                <ns2:customer>
                    <mainInfo>
                        <fullName>АКЦИОНЕРНОЕ ОБЩЕСТВО "ОБЪЕДИНЕННАЯ ЗЕРНОВАЯ КОМПАНИЯ"</fullName>
                        <shortName>АО "ОЗК"</shortName>
                        <iko>57708632345770801001</iko>
                        <inn>7708632345</inn>
                        <kpp>770801001</kpp>
                        <ogrn>5077746345540</ogrn>
                        <legalAddress>107139, Г МОСКВА, ПЕР ОРЛИКОВ, дом 3, корпус СТР.1</legalAddress>
                        <postalAddress>107139,г.Москва Орликов переулок д.3 стр.1</postalAddress>
                        <phone>7-495-6473992</phone>
                        <fax>7-495-6473950</fax>
                        <email>mbaranovskaya@oaoozk.com</email>
                        <okato>45286565000</okato>
                        <okpo>18303209</okpo>
                    </mainInfo>
                </ns2:customer>
                <ns2:purchaseMethodCode>151099</ns2:purchaseMethodCode>
                <ns2:purchaseCodeName>Запрос котировок в электронной форме</ns2:purchaseCodeName>
                <ns2:placer>
                    <mainInfo>
                        <fullName>АКЦИОНЕРНОЕ ОБЩЕСТВО "ОБЪЕДИНЕННАЯ ЗЕРНОВАЯ КОМПАНИЯ"</fullName>
                        <shortName>АО "ОЗК"</shortName>
                        <iko>57708632345770801001</iko>
                        <inn>7708632345</inn>
                        <kpp>770801001</kpp>
                        <ogrn>5077746345540</ogrn>
                        <legalAddress>107139, Г МОСКВА, ПЕР ОРЛИКОВ, дом 3, корпус СТР.1</legalAddress>
                        <postalAddress>107139,г.Москва Орликов переулок д.3 стр.1</postalAddress>
                        <phone>7-495-6473992</phone>
                        <fax>7-495-6473950</fax>
                        <email>mbaranovskaya@oaoozk.com</email>
                        <okato>45286565000</okato>
                        <okpo>18303209</okpo>
                    </mainInfo>
                </ns2:placer>
                <ns2:contact>
                    <firstName>Пётр</firstName>
                    <middleName>Николаевич</middleName>
                    <lastName>Лобов</lastName>
                    <phone>+7 (495) 3473992</phone>
                    <email>plobov@oaoozk.com</email>
                    <organization>
                        <mainInfo>
                            <fullName>АКЦИОНЕРНОЕ ОБЩЕСТВО "ОБЪЕДИНЕННАЯ ЗЕРНОВАЯ КОМПАНИЯ"</fullName>
                            <shortName>АО "ОЗК"</shortName>
                            <iko>57708632345770801001</iko>
                            <inn>7708632345</inn>
                            <kpp>770801001</kpp>
                            <ogrn>5077746345540</ogrn>
                            <legalAddress>107139, Г МОСКВА, ПЕР ОРЛИКОВ, дом 3, корпус СТР.1</legalAddress>
                            <postalAddress>107139,г.Москва Орликов переулок д.3 стр.1</postalAddress>
                            <phone>7-495-6473992</phone>
                            <fax>7-495-6473950</fax>
                            <email>mbaranovskaya@oaoozk.com</email>
                            <okato>45286565000</okato>
                            <okpo>18303209</okpo>
                        </mainInfo>
                    </organization>
                </ns2:contact>
                <ns2:publicationDateTime>2017-03-16T17:22:32</ns2:publicationDateTime>
                <ns2:documentationDelivery>
                    <deliveryStartDateTime>2017-03-16</deliveryStartDateTime>
                    <deliveryEndDateTime>2017-03-22</deliveryEndDateTime>
                    <place>https://com.roseltorg.ru/</place>
                    <procedure>посредством размещения для скачивания и ознакомления</procedure>
                </ns2:documentationDelivery>
                <ns2:status>P</ns2:status>
                <ns2:version>1</ns2:version>
                <ns2:notDishonest>true</ns2:notDishonest>
                <ns2:attachments>
                    <totalDocumentsCount>2</totalDocumentsCount>
                    <document>
                        <guid>7eaa7f65-f27b-281b-14a8-f22e864f82e3</guid>
                        <createDateTime>2017-03-16T17:12:31</createDateTime>
                        <fileName>__04.01-ЗК_от_15.03.2017_Приложение___1.doc.docx</fileName>
                        <description>Проект договора</description>
                        <url>http://zakupki.gov.ru/223/purchase/public/download/download.html?id=30119134</url>
                    </document>
                    <document>
                        <guid>e4613273-d836-448d-c87f-7d8a32a719aa</guid>
                        <createDateTime>2017-03-16T17:12:09</createDateTime>
                        <fileName>__04-ЗК_от_15.03.2017__ремонт_автотранспорта_.docx</fileName>
                        <description>Извещение</description>
                        <url>http://zakupki.gov.ru/223/purchase/public/download/download.html?id=30119135</url>
                    </document>
                </ns2:attachments>
                <ns2:modificationDate>2017-03-16T17:22:32</ns2:modificationDate>
                <ns2:saveUserId>219347</ns2:saveUserId>
                <ns2:deliveryPlaceIndication>DIFFERENT_PLACE</ns2:deliveryPlaceIndication>
                <ns2:emergency>false</ns2:emergency>
                <ns2:jointPurchase>false</ns2:jointPurchase>
                <ns2:electronicPlaceInfo>
                    <name>АО "ЕЭТП"</name>
                    <url>http://www.roseltorg.ru/</url>
                    <electronicPlaceId>113</electronicPlaceId>
                </ns2:electronicPlaceInfo>
                <ns2:placingProcedure>
                    <ns2:examinationPlace>Орликов пер. 3 стр. 1</ns2:examinationPlace>
                    <ns2:examinationDateTime>2017-03-23T15:00:00</ns2:examinationDateTime>
                    <ns2:summingupDateTime>2017-03-23T15:00:00</ns2:summingupDateTime>
                </ns2:placingProcedure>
                <ns2:submissionCloseDateTime>2017-03-22T12:00:00</ns2:submissionCloseDateTime>
                <ns2:publicationPlannedDate>2017-03-16</ns2:publicationPlannedDate>
                <ns2:lots>
                    <lot>
                        <guid>95d933f5-7647-be94-76e7-492e80e5ee98</guid>
                        <ordinalNumber>1</ordinalNumber>
                        <lotEditEnabled>true</lotEditEnabled>
                        <lotData>
                            <subject>Ремонт и техническое обслуживание транспортных средств</subject>
                            <currency>
                                <code>RUB</code>
                                <digitalCode>643</digitalCode>
                                <name>Российский рубль</name>
                            </currency>
                            <initialSum>650000.00</initialSum>
                            <deliveryPlace>
                                <address>В соответствии с приложенной документацией</address>
                            </deliveryPlace>
                            <lotItems>
                                <newCodes>true</newCodes>
                                <lotItem>
                                    <guid>f992d365-0359-66ae-55e3-64b8a6092dd6</guid>
                                    <ordinalNumber>1</ordinalNumber>
                                    <okpd2>
                                        <code>45.20.11</code>
                                        <name>Услуги по обычному (текущему) техническому обслуживанию и ремонту легковых автомобилей и легких грузовых автотранспортных средств, кроме услуг по ремонту электрооборудования, шин и кузовов</name>
                                    </okpd2>
                                    <okved2>
                                        <code>45.20</code>
                                        <name>Техническое обслуживание и ремонт автотранспортных средств</name>
                                    </okved2>
                                    <okei>
                                        <code>876</code>
                                        <name>Условная единица</name>
                                    </okei>
                                    <qty>1</qty>
                                    <additionalInfo>техническое обслуживание согласно технического задания</additionalInfo>
                                </lotItem>
                            </lotItems>
                            <forSmallOrMiddle>true</forSmallOrMiddle>
                            <excludePurchaseFromPlan>false</excludePurchaseFromPlan>
                            <subcontractorsRequirement>false</subcontractorsRequirement>
                            <ignoredPurchase>false</ignoredPurchase>
                            <centralized>false</centralized>
                        </lotData>
                        <deliveryPlaceIndication>GL</deliveryPlaceIndication>
                        <jointLotData>
                            <jointLot>false</jointLot>
                        </jointLotData>
                        <lotPlanInfo>
                            <planRegistrationNumber>2160198601</planRegistrationNumber>
                            <planGuid>e29edc19-d198-bdb3-38a8-9239e87b0a4c</planGuid>
                            <positionNumber>13</positionNumber>
                            <lotPlanPosition>COMMODITY</lotPlanPosition>
                            <positionGuid>06cf2e25-54c5-2617-a726-a2c81b5e9781</positionGuid>
                        </lotPlanInfo>
                        <cancelled>false</cancelled>
                    </lot>
                </ns2:lots>
            </ns2:purchaseNoticeData>
        </ns2:item>
    </ns2:body>
</ns2:purchaseNotice>
