<?xml version="1.0" encoding="UTF-8" standalone="yes"?>
<ns2:purchaseNotice xsi:schemaLocation="http://zakupki.gov.ru/223/integration/schema/TFF-5.2 http://zakupki.gov.ru/223/integration/schema/TFF-5.2/purchase.xsd" xmlns="http://zakupki.gov.ru/223fz/types/1" xmlns:ns10="http://zakupki.gov.ru/223fz/purchasePlan/1" xmlns:ns11="http://zakupki.gov.ru/223fz/purchasePlanProject/1" xmlns:ns12="http://zakupki.gov.ru/223fz/purchasePlanProjectAdditionalPosition/1" xmlns:ns13="http://zakupki.gov.ru/223fz/contract/1" xmlns:ns14="http://zakupki.gov.ru/223fz/missedNotice/1" xmlns:ns15="http://zakupki.gov.ru/223fz/reference/1" xmlns:ns16="http://zakupki.gov.ru/223fz/stopCommodity/1" xmlns:ns17="http://zakupki.gov.ru/223fz/decisionSuspension/1" xmlns:ns18="http://zakupki.gov.ru/223fz/purchasePlanAdditionalPosition/1" xmlns:ns19="http://zakupki.gov.ru/223fz/webRequest/1" xmlns:ns2="http://zakupki.gov.ru/223fz/purchase/1" xmlns:xsi="http://www.w3.org/2001/XMLSchema-instance" xmlns:ns3="http://zakupki.gov.ru/223fz/dishonestSupplier/1" xmlns:ns4="http://zakupki.gov.ru/223fz/machineryListInfo/1" xmlns:ns5="http://zakupki.gov.ru/223fz/revenue/1" xmlns:ns6="http://zakupki.gov.ru/223fz/orderClauseList/1" xmlns:ns7="http://zakupki.gov.ru/223fz/disagreementProtocol/1" xmlns:ns8="http://zakupki.gov.ru/223fz/complaint/1" xmlns:ns9="http://zakupki.gov.ru/223fz/notificationIssue/1">
    <header>
        <guid>17bc57c1-d847-432b-b579-f3db182af9c2</guid>
        <createDateTime>2017-03-16T17:40:40</createDateTime>
    </header>
    <ns2:body>
        <ns2:item>
            <guid>4d4617ea-58aa-2259-ed90-bea563ad6596</guid>
            <ns2:purchaseNoticeData>
                <ns2:guid>4d4617ea-58aa-2259-ed90-bea563ad6596</ns2:guid>
                <ns2:createDateTime>2017-03-16T17:30:16</ns2:createDateTime>
                <ns2:urlOOS>https://zakupki.gov.ru/223/purchase/private/purchase/notice-info/details.html?noticeInfoId=5888065</ns2:urlOOS>
                <ns2:urlVSRZ>https://com.roseltorg.ru/#com/procedure/view/id/285028</ns2:urlVSRZ>
                <ns2:registrationNumber>31704886500</ns2:registrationNumber>
                <ns2:name>Выполнение работ по нанесению огнезащитного покрытия металлоконструкций Главного корпуса №1 для филиала «Сочинская ТЭС» АО «Интер РАО – Электрогенерация» (660.17.00029)</ns2:name>
                <ns2:customer>
                    <mainInfo>
                        <fullName>АКЦИОНЕРНОЕ ОБЩЕСТВО "ИНТЕР РАО-ЭЛЕКТРОГЕНЕРАЦИЯ"</fullName>
                        <shortName>АО "ИНТЕР РАО-ЭЛЕКТРОГЕНЕРАЦИЯ"</shortName>
                        <iko>57704784450770401001</iko>
                        <inn>7704784450</inn>
                        <kpp>770401001</kpp>
                        <ogrn>1117746460358</ogrn>
                        <legalAddress>119435, Г МОСКВА, УЛ ПИРОГОВСКАЯ Б., дом 27, корпус СТР.1</legalAddress>
                        <postalAddress>119435, Москва, Пироговская Б., дом 27, корпус стр.2</postalAddress>
                        <phone>7 (495) 664-88-70</phone>
                        <email>kaptur_sp@interrao.ru</email>
                        <okato>45286590000</okato>
                        <okpo>925164444</okpo>
                    </mainInfo>
                </ns2:customer>
                <ns2:purchaseMethodCode>6125</ns2:purchaseMethodCode>
                <ns2:purchaseCodeName>Открытый запрос предложений в электронной форме</ns2:purchaseCodeName>
                <ns2:placer>
                    <mainInfo>
                        <fullName>АКЦИОНЕРНОЕ ОБЩЕСТВО "ИНТЕР РАО-ЭЛЕКТРОГЕНЕРАЦИЯ"</fullName>
                        <shortName>АО "ИНТЕР РАО-ЭЛЕКТРОГЕНЕРАЦИЯ"</shortName>
                        <iko>57704784450770401001</iko>
                        <inn>7704784450</inn>
                        <kpp>770401001</kpp>
                        <ogrn>1117746460358</ogrn>
                        <legalAddress>119435, Г МОСКВА, УЛ ПИРОГОВСКАЯ Б., дом 27, корпус СТР.1</legalAddress>
                        <postalAddress>119435, Москва, Пироговская Б., дом 27, корпус стр.2</postalAddress>
                        <phone>7 (495) 664-88-70</phone>
                        <email>kaptur_sp@interrao.ru</email>
                        <okato>45286590000</okato>
                        <okpo>925164444</okpo>
                    </mainInfo>
                </ns2:placer>
                <ns2:contact>
                    <firstName>Татьяна</firstName>
                    <middleName>Александровна</middleName>
                    <lastName>Гречнева</lastName>
                    <phone>+7 (862) 2682415</phone>
                    <email>grechneva_ta@interrao.ru</email>
                    <organization>
                        <mainInfo>
                            <fullName>АКЦИОНЕРНОЕ ОБЩЕСТВО "ИНТЕР РАО-ЭЛЕКТРОГЕНЕРАЦИЯ"</fullName>
                            <shortName>АО "ИНТЕР РАО-ЭЛЕКТРОГЕНЕРАЦИЯ"</shortName>
                            <iko>57704784450770401001</iko>
                            <inn>7704784450</inn>
                            <kpp>770401001</kpp>
                            <ogrn>1117746460358</ogrn>
                            <legalAddress>119435, Г МОСКВА, УЛ ПИРОГОВСКАЯ Б., дом 27, корпус СТР.1</legalAddress>
                            <postalAddress>119435, Москва, Пироговская Б., дом 27, корпус стр.2</postalAddress>
                            <phone>7 (495) 664-88-70</phone>
                            <email>kaptur_sp@interrao.ru</email>
                            <okato>45286590000</okato>
                            <okpo>925164444</okpo>
                        </mainInfo>
                    </organization>
                </ns2:contact>
                <ns2:publicationDateTime>2017-03-16T17:40:40</ns2:publicationDateTime>
                <ns2:documentationDelivery>
                    <deliveryStartDateTime>2017-03-14</deliveryStartDateTime>
                    <deliveryEndDateTime>2017-03-24</deliveryEndDateTime>
                    <place>https://com.roseltorg.ru/</place>
                    <procedure>посредством размещения для скачивания и ознакомления</procedure>
                </ns2:documentationDelivery>
                <ns2:status>P</ns2:status>
                <ns2:version>2</ns2:version>
                <ns2:modificationDescription>Изложено в прилагаемой документации</ns2:modificationDescription>
                <ns2:notDishonest>true</ns2:notDishonest>
                <ns2:attachments>
                    <totalDocumentsCount>2</totalDocumentsCount>
                    <document>
                        <guid>d48b3a92-641e-facb-47d5-7981aacdae29</guid>
                        <createDateTime>2017-03-16T17:25:20</createDateTime>
                        <fileName>3._Уведомление_о_внесении_изменений_в_Проект_договора.7z</fileName>
                        <description>Уведомление о внесении изменений в Проект договора</description>
                        <url>http://zakupki.gov.ru/223/purchase/public/download/download.html?id=30119458</url>
                    </document>
                    <document>
                        <guid>c1875d4a-43a2-50fc-4307-a3543978dcbe</guid>
                        <createDateTime>2017-03-14T14:01:15</createDateTime>
                        <fileName>1._Закупочная_документация_660.17.00029.7z</fileName>
                        <description>Закупочная документация</description>
                        <url>http://zakupki.gov.ru/223/purchase/public/download/download.html?id=30119459</url>
                    </document>
                </ns2:attachments>
                <ns2:modificationDate>2017-03-16T17:40:40</ns2:modificationDate>
                <ns2:saveUserId>50376</ns2:saveUserId>
                <ns2:deliveryPlaceIndication>DIFFERENT_PLACE</ns2:deliveryPlaceIndication>
                <ns2:emergency>false</ns2:emergency>
                <ns2:jointPurchase>false</ns2:jointPurchase>
                <ns2:electronicPlaceInfo>
                    <name>АО "ЕЭТП"</name>
                    <url>http://www.roseltorg.ru/</url>
                    <electronicPlaceId>113</electronicPlaceId>
                </ns2:electronicPlaceInfo>
                <ns2:placingProcedure>
                    <ns2:examinationPlace>354002, РФ, Краснодарский край, г. Сочи, ул. Транспортная 133</ns2:examinationPlace>
                    <ns2:examinationDateTime>2017-03-24T09:30:00</ns2:examinationDateTime>
                    <ns2:summingupDateTime>2017-04-30T19:00:00</ns2:summingupDateTime>
                </ns2:placingProcedure>
                <ns2:submissionCloseDateTime>2017-03-24T09:00:00</ns2:submissionCloseDateTime>
                <ns2:publicationPlannedDate>2017-03-14</ns2:publicationPlannedDate>
                <ns2:lots>
                    <lot>
                        <guid>1176fbff-91aa-0d2a-b49e-8bec83937646</guid>
                        <ordinalNumber>1</ordinalNumber>
                        <lotEditEnabled>true</lotEditEnabled>
                        <lotData>
                            <subject>Выполнение работ по нанесению огнезащитного покрытия металлоконструкций Главного корпуса №1 для филиала «Сочинская ТЭС» АО «Интер РАО – Электрогенерация»</subject>
                            <currency>
                                <code>RUB</code>
                                <digitalCode>643</digitalCode>
                                <name>Российский рубль</name>
                            </currency>
                            <initialSum>1153374.00</initialSum>
                            <deliveryPlace>
                                <address>В соответствии с условиями договора и техническим заданием</address>
                            </deliveryPlace>
                            <lotItems>
                                <newCodes>true</newCodes>
                                <lotItem>
                                    <guid>e96c5b99-20b6-6c56-04a1-a51f665d3a86</guid>
                                    <ordinalNumber>1</ordinalNumber>
                                    <okpd2>
                                        <code>33.11.11.000</code>
                                        <name>Услуги по ремонту и техническому обслуживанию металлических конструкций</name>
                                    </okpd2>
                                    <okved2>
                                        <code>42.99</code>
                                        <name>Строительство прочих инженерных сооружений, не включенных в другие группировки</name>
                                    </okved2>
                                    <okei>
                                        <code>876</code>
                                        <name>Условная единица</name>
                                    </okei>
                                    <qty>1</qty>
                                    <additionalInfo>Нанесение огнезащитного покрытия металоконструкций Главного корпуса №1</additionalInfo>
                                </lotItem>
                            </lotItems>
                            <forSmallOrMiddle>false</forSmallOrMiddle>
                            <excludePurchaseFromPlan>false</excludePurchaseFromPlan>
                            <subcontractorsRequirement>false</subcontractorsRequirement>
                            <ignoredPurchase>false</ignoredPurchase>
                            <centralized>false</centralized>
                        </lotData>
                        <deliveryPlaceIndication>GL</deliveryPlaceIndication>
                        <jointLotData>
                            <jointLot>false</jointLot>
                        </jointLotData>
                        <lotPlanInfo>
                            <planRegistrationNumber>2160189736</planRegistrationNumber>
                            <planGuid>60957ac3-6f43-4cc2-a8c3-63e942f05fd8</planGuid>
                            <positionNumber>1188</positionNumber>
                            <lotPlanPosition>COMMODITY</lotPlanPosition>
                            <positionGuid>3492016a-e6f6-4343-9b9f-938a06fc39cc</positionGuid>
                        </lotPlanInfo>
                        <cancelled>false</cancelled>
                    </lot>
                </ns2:lots>
            </ns2:purchaseNoticeData>
        </ns2:item>
    </ns2:body>
</ns2:purchaseNotice>
