<?xml version="1.0" encoding="UTF-8" standalone="yes"?>
<ns2:purchaseNotice xsi:schemaLocation="http://zakupki.gov.ru/223/integration/schema/TFF-5.2 http://zakupki.gov.ru/223/integration/schema/TFF-5.2/purchase.xsd" xmlns="http://zakupki.gov.ru/223fz/types/1" xmlns:ns10="http://zakupki.gov.ru/223fz/purchasePlan/1" xmlns:ns11="http://zakupki.gov.ru/223fz/purchasePlanProject/1" xmlns:ns12="http://zakupki.gov.ru/223fz/purchasePlanProjectAdditionalPosition/1" xmlns:ns13="http://zakupki.gov.ru/223fz/contract/1" xmlns:ns14="http://zakupki.gov.ru/223fz/missedNotice/1" xmlns:ns15="http://zakupki.gov.ru/223fz/reference/1" xmlns:ns16="http://zakupki.gov.ru/223fz/stopCommodity/1" xmlns:ns17="http://zakupki.gov.ru/223fz/decisionSuspension/1" xmlns:ns18="http://zakupki.gov.ru/223fz/purchasePlanAdditionalPosition/1" xmlns:ns19="http://zakupki.gov.ru/223fz/webRequest/1" xmlns:ns2="http://zakupki.gov.ru/223fz/purchase/1" xmlns:xsi="http://www.w3.org/2001/XMLSchema-instance" xmlns:ns3="http://zakupki.gov.ru/223fz/dishonestSupplier/1" xmlns:ns4="http://zakupki.gov.ru/223fz/machineryListInfo/1" xmlns:ns5="http://zakupki.gov.ru/223fz/revenue/1" xmlns:ns6="http://zakupki.gov.ru/223fz/orderClauseList/1" xmlns:ns7="http://zakupki.gov.ru/223fz/disagreementProtocol/1" xmlns:ns8="http://zakupki.gov.ru/223fz/complaint/1" xmlns:ns9="http://zakupki.gov.ru/223fz/notificationIssue/1">
    <header>
        <guid>36881ac2-3447-4030-b55f-fe186ffbe0d1</guid>
        <createDateTime>2017-03-16T20:25:35</createDateTime>
    </header>
    <ns2:body>
        <ns2:item>
            <guid>fbac4a4e-bd2d-4c5b-bc0c-d465f87c37a2</guid>
            <ns2:purchaseNoticeData>
                <ns2:guid>fbac4a4e-bd2d-4c5b-bc0c-d465f87c37a2</ns2:guid>
                <ns2:createDateTime>2017-03-16T20:23:50</ns2:createDateTime>
                <ns2:urlOOS>https://zakupki.gov.ru/223/purchase/private/purchase/notice-info/details.html?noticeInfoId=5888463</ns2:urlOOS>
                <ns2:urlVSRZ>https://223.rts-tender.ru/supplier/auction/Trade/View.aspx?Id=55084</ns2:urlVSRZ>
                <ns2:registrationNumber>31704900077</ns2:registrationNumber>
                <ns2:name>Оказание услуг по подготовке и проведению выставки под рабочим названием "Персональная выставка Дэниэла Эршама"</ns2:name>
                <ns2:customer>
                    <mainInfo>
                        <fullName>АКЦИОНЕРНОЕ ОБЩЕСТВО "ВЫСТАВКА ДОСТИЖЕНИЙ НАРОДНОГО ХОЗЯЙСТВА"</fullName>
                        <shortName>АО "ВДНХ"</shortName>
                        <iko>57717037582771701001</iko>
                        <inn>7717037582</inn>
                        <kpp>771701001</kpp>
                        <ogrn>1027700008874</ogrn>
                        <legalAddress>129223, Г МОСКВА, ПР-КТ МИРА, дом ДОМ 119</legalAddress>
                        <postalAddress>129223, Москва, Мира, дом 119 ВВЦ</postalAddress>
                        <phone>7-495-9743535</phone>
                        <email>vchulikov@vdnh.ru</email>
                        <okato>45280572000</okato>
                        <okpo>00030540</okpo>
                    </mainInfo>
                </ns2:customer>
                <ns2:purchaseMethodCode>121424</ns2:purchaseMethodCode>
                <ns2:purchaseCodeName>Открытый конкурс в электронной форме</ns2:purchaseCodeName>
                <ns2:placer>
                    <mainInfo>
                        <fullName>АКЦИОНЕРНОЕ ОБЩЕСТВО "ВЫСТАВКА ДОСТИЖЕНИЙ НАРОДНОГО ХОЗЯЙСТВА"</fullName>
                        <shortName>АО "ВДНХ"</shortName>
                        <iko>57717037582771701001</iko>
                        <inn>7717037582</inn>
                        <kpp>771701001</kpp>
                        <ogrn>1027700008874</ogrn>
                        <legalAddress>129223, Г МОСКВА, ПР-КТ МИРА, дом ДОМ 119</legalAddress>
                        <postalAddress>129223, Москва, Мира, дом 119 ВВЦ</postalAddress>
                        <phone>7-495-9743535</phone>
                        <email>vchulikov@vdnh.ru</email>
                        <okato>45280572000</okato>
                        <okpo>00030540</okpo>
                    </mainInfo>
                </ns2:placer>
                <ns2:contact>
                    <firstName>Вадим</firstName>
                    <middleName>Наркисович</middleName>
                    <lastName>Марасанов</lastName>
                    <phone>+7 (495) 9743535, доб.: 2441</phone>
                    <email>vmarasanov@vdnh.ru</email>
                    <organization>
                        <mainInfo>
                            <fullName>АКЦИОНЕРНОЕ ОБЩЕСТВО "ВЫСТАВКА ДОСТИЖЕНИЙ НАРОДНОГО ХОЗЯЙСТВА"</fullName>
                            <shortName>АО "ВДНХ"</shortName>
                            <iko>57717037582771701001</iko>
                            <inn>7717037582</inn>
                            <kpp>771701001</kpp>
                            <ogrn>1027700008874</ogrn>
                            <legalAddress>129223, Г МОСКВА, ПР-КТ МИРА, дом ДОМ 119</legalAddress>
                            <postalAddress>129223, Москва, Мира, дом 119 ВВЦ</postalAddress>
                            <phone>7-495-9743535</phone>
                            <email>vchulikov@vdnh.ru</email>
                            <okato>45280572000</okato>
                            <okpo>00030540</okpo>
                        </mainInfo>
                    </organization>
                </ns2:contact>
                <ns2:publicationDateTime>2017-03-16T20:25:35</ns2:publicationDateTime>
                <ns2:documentationDelivery>
                    <deliveryStartDateTime>2017-03-17</deliveryStartDateTime>
                    <deliveryEndDateTime>2017-04-06</deliveryEndDateTime>
                    <place>Электронная площадка РТС-тендер (http://www.rts-tender.ru) и Официальный сайт (http://zakupki.gov.ru)</place>
                    <procedure>В электронной форме на площадке РТС-тендер (http://www.rts-tender.ru) и Официальном сайте (http://zakupki.gov.ru)</procedure>
                </ns2:documentationDelivery>
                <ns2:status>P</ns2:status>
                <ns2:version>1</ns2:version>
                <ns2:notDishonest>true</ns2:notDishonest>
                <ns2:attachments>
                    <totalDocumentsCount>3</totalDocumentsCount>
                    <document>
                        <guid>bbc6fb02-59c2-4e24-82da-116915938a2e</guid>
                        <createDateTime>2017-03-16T20:21:01</createDateTime>
                        <fileName>Документация конкурса.docx</fileName>
                        <description>Документация конкурса.docx</description>
                        <url>http://zakupki.gov.ru/223/purchase/public/download/download.html?id=30121421</url>
                    </document>
                    <document>
                        <guid>7ca83ecc-de70-440f-bd97-b8620b47dbd6</guid>
                        <createDateTime>2017-03-16T20:21:02</createDateTime>
                        <fileName>Протокол формирования цены.docx</fileName>
                        <description>Протокол формирования цены.docx</description>
                        <url>http://zakupki.gov.ru/223/purchase/public/download/download.html?id=30121422</url>
                    </document>
                    <document>
                        <guid>8787d844-6c60-4a6b-af92-55754c9e4d25</guid>
                        <createDateTime>2017-03-16T20:21:10</createDateTime>
                        <fileName>6_Творческая концепция _Персональная выставка Даниэля Аршама.pdf</fileName>
                        <description>6_Творческая концепция _Персональная выставка Даниэля Аршама.pdf</description>
                        <url>http://zakupki.gov.ru/223/purchase/public/download/download.html?id=30121423</url>
                    </document>
                </ns2:attachments>
                <ns2:modificationDate>2017-03-16T20:25:35</ns2:modificationDate>
                <ns2:saveUserId>33748</ns2:saveUserId>
                <ns2:deliveryPlaceIndication>DIFFERENT_PLACE</ns2:deliveryPlaceIndication>
                <ns2:emergency>false</ns2:emergency>
                <ns2:jointPurchase>false</ns2:jointPurchase>
                <ns2:electronicPlaceInfo>
                    <name>РТС-тендер</name>
                    <url>223.rts-tender.ru</url>
                    <electronicPlaceId>1698</electronicPlaceId>
                </ns2:electronicPlaceInfo>
                <ns2:placingProcedure>
                    <ns2:examinationPlace>129223, Российская Федерация, г. Москва, проспект Мира, 119, ОКАТО: 45000000000</ns2:examinationPlace>
                    <ns2:examinationDateTime>2017-04-07T09:00:00</ns2:examinationDateTime>
                    <ns2:summingupDateTime>2017-04-07T14:00:00</ns2:summingupDateTime>
                </ns2:placingProcedure>
                <ns2:submissionCloseDateTime>2017-04-06T09:00:00</ns2:submissionCloseDateTime>
                <ns2:lots>
                    <lot>
                        <guid>fee00818-4981-472e-9b51-310fa13aa73e</guid>
                        <ordinalNumber>1</ordinalNumber>
                        <lotEditEnabled>false</lotEditEnabled>
                        <lotData>
                            <subject>Оказание услуг по подготовке и проведению выставки под рабочим названием "Персональная выставка Дэниэла Эршама"</subject>
                            <currency>
                                <code>RUB</code>
                                <digitalCode>643</digitalCode>
                                <name>Российский рубль</name>
                            </currency>
                            <initialSum>35400000.00</initialSum>
                            <deliveryPlace>
                                <state>Центральный федеральный округ</state>
                                <region>Москва</region>
                                <regionOkato>45000000000</regionOkato>
                                <address>Москва, ОКАТО: 45000000000</address>
                            </deliveryPlace>
                            <lotItems>
                                <newCodes>true</newCodes>
                                <lotItem>
                                    <guid>d4b4bfc7-efa8-4d5b-91ce-881c43e8960e</guid>
                                    <ordinalNumber>1</ordinalNumber>
                                    <okpd2>
                                        <code>91.02.10.000</code>
                                        <name>Услуги музеев</name>
                                    </okpd2>
                                    <okved2>
                                        <code>91.02</code>
                                        <name>Деятельность музеев</name>
                                    </okved2>
                                    <okei>
                                        <code>876</code>
                                        <name>Условная единица</name>
                                    </okei>
                                    <qty>1</qty>
                                </lotItem>
                            </lotItems>
                            <forSmallOrMiddle>false</forSmallOrMiddle>
                            <excludePurchaseFromPlan>false</excludePurchaseFromPlan>
                            <subcontractorsRequirement>false</subcontractorsRequirement>
                            <ignoredPurchase>false</ignoredPurchase>
                            <centralized>false</centralized>
                        </lotData>
                        <deliveryPlaceIndication>GL</deliveryPlaceIndication>
                        <jointLotData>
                            <jointLot>false</jointLot>
                        </jointLotData>
                        <lotPlanInfo>
                            <planRegistrationNumber>2160218554</planRegistrationNumber>
                            <planGuid>a98c0869-b1f6-4cce-92b1-3f016cdaa012</planGuid>
                            <positionNumber>139</positionNumber>
                            <lotPlanPosition>COMMODITY</lotPlanPosition>
                            <positionGuid>d19df65e-437d-4f3b-8c97-2acf5b53d3da</positionGuid>
                        </lotPlanInfo>
                        <cancelled>false</cancelled>
                    </lot>
                </ns2:lots>
            </ns2:purchaseNoticeData>
        </ns2:item>
    </ns2:body>
</ns2:purchaseNotice>
