<?xml version="1.0" encoding="UTF-8" standalone="yes"?>
<ns2:purchaseNotice xsi:schemaLocation="http://zakupki.gov.ru/223/integration/schema/TFF-5.2 http://zakupki.gov.ru/223/integration/schema/TFF-5.2/purchase.xsd" xmlns="http://zakupki.gov.ru/223fz/types/1" xmlns:ns10="http://zakupki.gov.ru/223fz/purchasePlan/1" xmlns:ns11="http://zakupki.gov.ru/223fz/purchasePlanProject/1" xmlns:ns12="http://zakupki.gov.ru/223fz/purchasePlanProjectAdditionalPosition/1" xmlns:ns13="http://zakupki.gov.ru/223fz/contract/1" xmlns:ns14="http://zakupki.gov.ru/223fz/missedNotice/1" xmlns:ns15="http://zakupki.gov.ru/223fz/reference/1" xmlns:ns16="http://zakupki.gov.ru/223fz/stopCommodity/1" xmlns:ns17="http://zakupki.gov.ru/223fz/decisionSuspension/1" xmlns:ns18="http://zakupki.gov.ru/223fz/purchasePlanAdditionalPosition/1" xmlns:ns19="http://zakupki.gov.ru/223fz/webRequest/1" xmlns:ns2="http://zakupki.gov.ru/223fz/purchase/1" xmlns:xsi="http://www.w3.org/2001/XMLSchema-instance" xmlns:ns3="http://zakupki.gov.ru/223fz/dishonestSupplier/1" xmlns:ns4="http://zakupki.gov.ru/223fz/machineryListInfo/1" xmlns:ns5="http://zakupki.gov.ru/223fz/revenue/1" xmlns:ns6="http://zakupki.gov.ru/223fz/orderClauseList/1" xmlns:ns7="http://zakupki.gov.ru/223fz/disagreementProtocol/1" xmlns:ns8="http://zakupki.gov.ru/223fz/complaint/1" xmlns:ns9="http://zakupki.gov.ru/223fz/notificationIssue/1">
    <header>
        <guid>320c6e51-7019-4c55-a514-806228c709b8</guid>
        <createDateTime>2017-03-16T16:58:42</createDateTime>
    </header>
    <ns2:body>
        <ns2:item>
            <guid>1fdd6ba1-8429-447b-b839-f09aae0d9313</guid>
            <ns2:purchaseNoticeData>
                <ns2:guid>1fdd6ba1-8429-447b-b839-f09aae0d9313</ns2:guid>
                <ns2:createDateTime>2017-03-16T16:57:29</ns2:createDateTime>
                <ns2:urlOOS>https://zakupki.gov.ru/223/purchase/private/purchase/notice-info/details.html?noticeInfoId=5887789</ns2:urlOOS>
                <ns2:urlVSRZ>http://web.etprf.ru/NotificationZK/Print/id/173191</ns2:urlVSRZ>
                <ns2:registrationNumber>31704899462</ns2:registrationNumber>
                <ns2:name>Футляр АРЮК.321226.007(Ящик металлический)</ns2:name>
                <ns2:customer>
                    <mainInfo>
                        <fullName>АКЦИОНЕРНОЕ ОБЩЕСТВО "ШВАБЕ-ФОТОПРИБОР"</fullName>
                        <shortName>АО "ШВАБЕ-ФОТОПРИБОР"</shortName>
                        <iko>57720706473772601001</iko>
                        <inn>7720706473</inn>
                        <kpp>772001001</kpp>
                        <ogrn>1117746010470</ogrn>
                        <legalAddress>111538, г МОСКВА, ул КОСИНСКАЯ, дом ДОМ 9</legalAddress>
                        <postalAddress>111538, Москва Город, Косинская Улица, дом 9</postalAddress>
                        <phone>7-499-3748200</phone>
                        <fax>8(499)3736862</fax>
                        <email>orion.zakupka@yandex.ru</email>
                        <okato>45263583000</okato>
                        <okpo>11500639</okpo>
                    </mainInfo>
                </ns2:customer>
                <ns2:purchaseMethodCode>109858</ns2:purchaseMethodCode>
                <ns2:purchaseCodeName>Запрос котировок в электронной форме</ns2:purchaseCodeName>
                <ns2:placer>
                    <mainInfo>
                        <fullName>ОБЩЕСТВО С ОГРАНИЧЕННОЙ ОТВЕТСТВЕННОСТЬЮ "ЭТП"</fullName>
                        <shortName>ООО "ЭТП"</shortName>
                        <iko>51655218458165501001</iko>
                        <inn>1655218458</inn>
                        <kpp>165501001</kpp>
                        <ogrn>1111690052099</ogrn>
                        <legalAddress>420097, РЕСП ТАТАРСТАН, Г КАЗАНЬ, УЛ ДОСТОЕВСКОГО, дом 66</legalAddress>
                        <postalAddress>420097, Казань Город, Достоевского Улица, 66</postalAddress>
                        <phone>8-800-7000369</phone>
                        <email>funky-b@inbox.ru</email>
                        <okato>92401367000</okato>
                        <okpo>92272054</okpo>
                    </mainInfo>
                </ns2:placer>
                <ns2:contact>
                    <firstName>Надежда</firstName>
                    <middleName>Александровна</middleName>
                    <lastName>Агапова</lastName>
                    <phone>+7 (499) 3748200</phone>
                    <email>orion.zakupka@yandex.ru</email>
                    <organization>
                        <mainInfo>
                            <fullName>АКЦИОНЕРНОЕ ОБЩЕСТВО "ШВАБЕ-ФОТОПРИБОР"</fullName>
                            <shortName>АО "ШВАБЕ-ФОТОПРИБОР"</shortName>
                            <iko>57720706473772601001</iko>
                            <inn>7720706473</inn>
                            <kpp>772001001</kpp>
                            <ogrn>1117746010470</ogrn>
                            <legalAddress>111538, г МОСКВА, ул КОСИНСКАЯ, дом ДОМ 9</legalAddress>
                            <postalAddress>111538, Москва Город, Косинская Улица, дом 9</postalAddress>
                            <phone>7-499-3748200</phone>
                            <fax>8(499)3736862</fax>
                            <email>orion.zakupka@yandex.ru</email>
                            <okato>45263583000</okato>
                            <okpo>11500639</okpo>
                        </mainInfo>
                    </organization>
                </ns2:contact>
                <ns2:publicationDateTime>2017-03-16T16:58:41</ns2:publicationDateTime>
                <ns2:documentationDelivery>
                    <deliveryStartDateTime>2017-03-16</deliveryStartDateTime>
                    <deliveryEndDateTime>2017-03-23</deliveryEndDateTime>
                    <place>Согласно документации</place>
                    <procedure>Согласно документации</procedure>
                </ns2:documentationDelivery>
                <ns2:status>P</ns2:status>
                <ns2:version>1</ns2:version>
                <ns2:notDishonest>true</ns2:notDishonest>
                <ns2:attachments>
                    <totalDocumentsCount>4</totalDocumentsCount>
                    <document>
                        <guid>60ee118d-f7ac-4d04-8f54-44d5e58b9649</guid>
                        <createDateTime>2017-03-14T15:22:54</createDateTime>
                        <fileName>Чертежи 1  (приложением № 2 к документации о закупке).rar</fileName>
                        <description>Чертежи 1  (приложением № 2 к документации о закупке)</description>
                        <url>http://zakupki.gov.ru/223/purchase/public/download/download.html?id=30118274</url>
                    </document>
                    <document>
                        <guid>30102338-e919-4c9a-9ec9-5e2bbf360759</guid>
                        <createDateTime>2017-03-16T12:40:34</createDateTime>
                        <fileName>Спецификация.docx</fileName>
                        <description>Спецификация</description>
                        <url>http://zakupki.gov.ru/223/purchase/public/download/download.html?id=30118275</url>
                    </document>
                    <document>
                        <guid>616de1de-ac0b-4678-a0df-be07ec1fbada</guid>
                        <createDateTime>2017-03-16T12:40:44</createDateTime>
                        <fileName>025. ОТКРЫТЫЙ Запрос котировок в ЭЛ.форме (1-этап без квал.отбора) 2017.docx</fileName>
                        <description>025. ОТКРЫТЫЙ Запрос котировок в ЭЛ.форме (1-этап без квал.отбора) 2017</description>
                        <url>http://zakupki.gov.ru/223/purchase/public/download/download.html?id=30118276</url>
                    </document>
                    <document>
                        <guid>f36be418-774f-46ca-9c2b-fc96e15e8711</guid>
                        <createDateTime>2017-03-16T12:54:12</createDateTime>
                        <fileName>Договор на футляр 68 шт.doc</fileName>
                        <description>Договор на футляр 68 шт</description>
                        <url>http://zakupki.gov.ru/223/purchase/public/download/download.html?id=30118277</url>
                    </document>
                </ns2:attachments>
                <ns2:modificationDate>2017-03-16T16:58:41</ns2:modificationDate>
                <ns2:saveUserId>89683</ns2:saveUserId>
                <ns2:deliveryPlaceIndication>SINGLE_PLACE</ns2:deliveryPlaceIndication>
                <ns2:emergency>false</ns2:emergency>
                <ns2:jointPurchase>false</ns2:jointPurchase>
                <ns2:electronicPlaceInfo>
                    <name>ETPRF</name>
                    <url>http://etprf.ru</url>
                    <electronicPlaceId>142</electronicPlaceId>
                </ns2:electronicPlaceInfo>
                <ns2:submissionCloseDateTime>2017-03-23T11:00:00</ns2:submissionCloseDateTime>
                <ns2:publicationPlannedDate>2017-03-16</ns2:publicationPlannedDate>
                <ns2:templateVersion>1</ns2:templateVersion>
                <ns2:templateStructure>
                    <ns2:level>
                        <ns2:tabLevel>NOTICE</ns2:tabLevel>
                        <ns2:tab>
                            <tabOrdinal>1</tabOrdinal>
                            <tabName>Общая информация</tabName>
                            <fixedName>MAIN</fixedName>
                            <section>
                                <sectionOrdinal>1</sectionOrdinal>
                                <sectionName>Сведения о состоянии извещения</sectionName>
                                <fixedName>MAIN_STATUS</fixedName>
                            </section>
                            <section>
                                <sectionOrdinal>2</sectionOrdinal>
                                <sectionName>Сведения о заказчике</sectionName>
                                <fixedName>MAIN_CUSTOMER</fixedName>
                            </section>
                            <section>
                                <sectionOrdinal>3</sectionOrdinal>
                                <sectionName>Общие сведения о закупке</sectionName>
                                <fixedName>MAIN_PURCHASE</fixedName>
                            </section>
                            <section>
                                <sectionOrdinal>4</sectionOrdinal>
                                <sectionName>Контактная информация</sectionName>
                                <fixedName>MAIN_CONTACTS</fixedName>
                            </section>
                        </ns2:tab>
                        <ns2:tab>
                            <tabOrdinal>2</tabOrdinal>
                            <tabName>Порядок размещения закупки</tabName>
                            <fixedName>COMMISSION</fixedName>
                            <section>
                                <sectionOrdinal>1</sectionOrdinal>
                                <sectionName>Публикация извещения</sectionName>
                                <fixedName>COMMISSION_PUBLISH</fixedName>
                            </section>
                        </ns2:tab>
                        <ns2:tab>
                            <tabOrdinal>3</tabOrdinal>
                            <tabName>Список лотов</tabName>
                            <fixedName>LOTS</fixedName>
                            <section>
                                <sectionOrdinal>1</sectionOrdinal>
                                <sectionName>Сведения о лотах</sectionName>
                                <fixedName>LOTS_INFO</fixedName>
                            </section>
                        </ns2:tab>
                        <ns2:tab>
                            <tabOrdinal>6</tabOrdinal>
                            <tabName>Документация</tabName>
                            <fixedName>DOCS</fixedName>
                            <section>
                                <sectionOrdinal>1</sectionOrdinal>
                                <sectionName>Предоставление документации</sectionName>
                                <fixedName>DOCS_INFO</fixedName>
                            </section>
                            <section>
                                <sectionOrdinal>2</sectionOrdinal>
                                <sectionName>Файлы документации</sectionName>
                                <fixedName>DOCS_FILES</fixedName>
                            </section>
                        </ns2:tab>
                    </ns2:level>
                    <ns2:level>
                        <ns2:tabLevel>LOT</ns2:tabLevel>
                        <ns2:tab>
                            <tabOrdinal>4</tabOrdinal>
                            <tabName>Сведения о лоте</tabName>
                            <fixedName>LOT_INFORMATION</fixedName>
                            <section>
                                <sectionOrdinal>1</sectionOrdinal>
                                <sectionName>Общая информация о лоте</sectionName>
                                <fixedName>LOT_INFO</fixedName>
                            </section>
                            <section>
                                <sectionOrdinal>2</sectionOrdinal>
                                <sectionName>Информация о товаре, работе, услуге</sectionName>
                                <fixedName>LOT_GOODS</fixedName>
                            </section>
                            <section>
                                <sectionOrdinal>3</sectionOrdinal>
                                <sectionName>Место поставки</sectionName>
                                <fixedName>LOT_PLACE</fixedName>
                            </section>
                        </ns2:tab>
                    </ns2:level>
                    <ns2:level>
                        <ns2:tabLevel>LOT_CUSTOMER</ns2:tabLevel>
                        <ns2:tab>
                            <tabOrdinal>5</tabOrdinal>
                            <tabName>Сведения по заказчику</tabName>
                            <fixedName>LOT_CUSTOMER</fixedName>
                            <section>
                                <sectionOrdinal>1</sectionOrdinal>
                                <sectionName>Общая информация по Заказчику</sectionName>
                                <fixedName>LOT_CUSTOMER_INFO</fixedName>
                            </section>
                            <section>
                                <sectionOrdinal>2</sectionOrdinal>
                                <sectionName>Информация о товаре, работе, услуге</sectionName>
                                <fixedName>LOT_CUSTOMER_GOODS</fixedName>
                            </section>
                            <section>
                                <sectionOrdinal>3</sectionOrdinal>
                                <sectionName>Место поставки</sectionName>
                                <fixedName>LOT_CUSTOMER_PLACE</fixedName>
                            </section>
                        </ns2:tab>
                    </ns2:level>
                </ns2:templateStructure>
                <ns2:extendFields>
                    <noticeExtendField>
                        <extendField>
                            <integrCode>a</integrCode>
                            <description>Официальный сайт заказчика</description>
                            <type>LINK</type>
                            <value>
                                <url>нет</url>
                            </value>
                        </extendField>
                        <position>
                            <tabOrdinal>1</tabOrdinal>
                            <tabName>MAIN</tabName>
                            <sectionOrdinal>2</sectionOrdinal>
                            <sectionName>MAIN_SEC_Сведения о заказчике</sectionName>
                        </position>
                    </noticeExtendField>
                    <noticeExtendField>
                        <extendField>
                            <integrCode>b</integrCode>
                            <description>Организатор закупки</description>
                            <type>TEXT</type>
                            <value>
                                <text>АО «Швабе-Фотоприбор»</text>
                            </value>
                        </extendField>
                        <extendField>
                            <integrCode>c</integrCode>
                            <description>Специализированная организация</description>
                            <type>TEXT</type>
                            <value>
                                <text>нет</text>
                            </value>
                        </extendField>
                        <extendField>
                            <integrCode>e</integrCode>
                            <description>Обеспечение заявки</description>
                            <type>TEXT</type>
                            <value>
                                <text>требуется 7 123,00 руб., НДС не облагается, путем перечисления денежных средств на счет, открытый участнику оператором ЭТП, в срок не позднее момента окончания подачи заявок.</text>
                            </value>
                        </extendField>
                        <extendField>
                            <integrCode>g</integrCode>
                            <description>Срок заключения договора</description>
                            <type>TEXT</type>
                            <value>
                                <text>Не ранее 10 дней и не позднее 20 дней со дня официального размещения протокола, которым были подведены итоги закупки.</text>
                            </value>
                        </extendField>
                        <extendField>
                            <integrCode>h</integrCode>
                            <description>Срок отказа от проведения закупки</description>
                            <type>TEXT</type>
                            <value>
                                <text>Организатор закупки вправе отказаться от проведения закупки без каких-либо последствий в любой момент до подведения ее итогов.</text>
                            </value>
                        </extendField>
                        <extendField>
                            <integrCode>j</integrCode>
                            <description>Дополнительные комментарии</description>
                            <type>TEXT</type>
                            <value>
                                <text>нет</text>
                            </value>
                        </extendField>
                        <position>
                            <tabOrdinal>1</tabOrdinal>
                            <tabName>MAIN</tabName>
                            <sectionOrdinal>3</sectionOrdinal>
                            <sectionName>MAIN_SEC_Общие сведения о закупке</sectionName>
                        </position>
                    </noticeExtendField>
                    <noticeExtendField>
                        <extendField>
                            <integrCode>d</integrCode>
                            <description>Mесто подачи заявок</description>
                            <type>TEXT</type>
                            <value>
                                <text>Настоящая закупка проводится в соответствии с правилами и регламентом, а также с использованием функционала электронной торговой площадки ООО «ЭТП» в информационно-коммуникационной сети «Интернет» по адресу: www.etprf.ru. </text>
                            </value>
                        </extendField>
                        <extendField>
                            <integrCode>f</integrCode>
                            <description>Место и дата рассмотрения, оценки и сопоставления заявок (подведения итогов закупки)</description>
                            <type>TEXT</type>
                            <value>
                                <text>«23» марта 2017 года по адресу: 111538, г. Москва, ул. Косинская, д. 9.</text>
                            </value>
                        </extendField>
                        <position>
                            <tabOrdinal>2</tabOrdinal>
                            <tabName>COMMISSION</tabName>
                            <sectionOrdinal>1</sectionOrdinal>
                            <sectionName>COMISSION_SEC_Публикация извещения</sectionName>
                        </position>
                    </noticeExtendField>
                </ns2:extendFields>
                <ns2:lots>
                    <lot>
                        <guid>1fdd6ba1-8429-447b-b839-f09aae0d9313</guid>
                        <ordinalNumber>1</ordinalNumber>
                        <lotEditEnabled>false</lotEditEnabled>
                        <lotData>
                            <subject>Футляр АРЮК.321226.007(Ящик металлический)</subject>
                            <currency>
                                <code>RUB</code>
                                <digitalCode>643</digitalCode>
                                <name>Российский рубль</name>
                            </currency>
                            <initialSum>142460.00</initialSum>
                            <deliveryPlace>
                                <address>111123, г. Москва, ул. Плеханова, д. 2/46 стр. 5</address>
                            </deliveryPlace>
                            <lotItems>
                                <newCodes>true</newCodes>
                                <lotItem>
                                    <guid>92dacff1-60dd-4749-bac3-7b91d968f8e9</guid>
                                    <ordinalNumber>1</ordinalNumber>
                                    <okpd2>
                                        <code>25.99</code>
                                        <name>Металлоизделия готовые прочие, не включенные в другие группировки</name>
                                    </okpd2>
                                    <okved2>
                                        <code>25.99</code>
                                        <name>Производство прочих готовых металлических изделий, не включенных в другие группировки</name>
                                    </okved2>
                                    <okei>
                                        <code>796</code>
                                        <name>Штука</name>
                                    </okei>
                                    <qty>68</qty>
                                </lotItem>
                            </lotItems>
                            <forSmallOrMiddle>false</forSmallOrMiddle>
                            <excludePurchaseFromPlan>false</excludePurchaseFromPlan>
                            <subcontractorsRequirement>false</subcontractorsRequirement>
                            <ignoredPurchase>false</ignoredPurchase>
                            <centralized>false</centralized>
                        </lotData>
                        <deliveryPlaceIndication>GL</deliveryPlaceIndication>
                        <jointLotData>
                            <jointLot>false</jointLot>
                        </jointLotData>
                        <lotPlanInfo>
                            <planRegistrationNumber>2160209107</planRegistrationNumber>
                            <planGuid>53129e5a-8419-4e81-a1eb-1c95d1fe9176</planGuid>
                            <positionNumber>43</positionNumber>
                            <lotPlanPosition>COMMODITY</lotPlanPosition>
                            <positionGuid>5d211882-dd40-450f-ade5-a99b457d2711</positionGuid>
                        </lotPlanInfo>
                        <cancelled>false</cancelled>
                    </lot>
                </ns2:lots>
            </ns2:purchaseNoticeData>
        </ns2:item>
    </ns2:body>
</ns2:purchaseNotice>
