<?xml version="1.0" encoding="UTF-8" standalone="yes"?>
<ns2:purchaseNotice xsi:schemaLocation="http://zakupki.gov.ru/223/integration/schema/TFF-5.2 http://zakupki.gov.ru/223/integration/schema/TFF-5.2/purchase.xsd" xmlns="http://zakupki.gov.ru/223fz/types/1" xmlns:ns10="http://zakupki.gov.ru/223fz/purchasePlan/1" xmlns:ns11="http://zakupki.gov.ru/223fz/purchasePlanProject/1" xmlns:ns12="http://zakupki.gov.ru/223fz/purchasePlanProjectAdditionalPosition/1" xmlns:ns13="http://zakupki.gov.ru/223fz/contract/1" xmlns:ns14="http://zakupki.gov.ru/223fz/missedNotice/1" xmlns:ns15="http://zakupki.gov.ru/223fz/reference/1" xmlns:ns16="http://zakupki.gov.ru/223fz/stopCommodity/1" xmlns:ns17="http://zakupki.gov.ru/223fz/decisionSuspension/1" xmlns:ns18="http://zakupki.gov.ru/223fz/purchasePlanAdditionalPosition/1" xmlns:ns19="http://zakupki.gov.ru/223fz/webRequest/1" xmlns:ns2="http://zakupki.gov.ru/223fz/purchase/1" xmlns:xsi="http://www.w3.org/2001/XMLSchema-instance" xmlns:ns3="http://zakupki.gov.ru/223fz/dishonestSupplier/1" xmlns:ns4="http://zakupki.gov.ru/223fz/machineryListInfo/1" xmlns:ns5="http://zakupki.gov.ru/223fz/revenue/1" xmlns:ns6="http://zakupki.gov.ru/223fz/orderClauseList/1" xmlns:ns7="http://zakupki.gov.ru/223fz/disagreementProtocol/1" xmlns:ns8="http://zakupki.gov.ru/223fz/complaint/1" xmlns:ns9="http://zakupki.gov.ru/223fz/notificationIssue/1">
    <header>
        <guid>bcbbcb07-2f45-4fad-b74f-1c7341763612</guid>
        <createDateTime>2017-03-16T16:36:42</createDateTime>
    </header>
    <ns2:body>
        <ns2:item>
            <guid>f297b7fc-701c-a3fa-8000-84a6abfb8c2e</guid>
            <ns2:purchaseNoticeData>
                <ns2:guid>f297b7fc-701c-a3fa-8000-84a6abfb8c2e</ns2:guid>
                <ns2:createDateTime>2017-03-16T16:35:14</ns2:createDateTime>
                <ns2:urlOOS>https://zakupki.gov.ru/223/purchase/private/purchase/notice-info/details.html?noticeInfoId=5887571</ns2:urlOOS>
                <ns2:urlVSRZ>https://com.roseltorg.ru/#com/procedure/view/id/285093</ns2:urlVSRZ>
                <ns2:registrationNumber>31704887554</ns2:registrationNumber>
                <ns2:name>Открытый запрос предложений в электронной форме на право заключения договора на гостиничные услуги</ns2:name>
                <ns2:customer>
                    <mainInfo>
                        <fullName>ОБЩЕСТВО С ОГРАНИЧЕННОЙ ОТВЕТСТВЕННОСТЬЮ СТРАХОВАЯ КОМПАНИЯ "ВТБ СТРАХОВАНИЕ"</fullName>
                        <shortName>ООО СК "ВТБ СТРАХОВАНИЕ"</shortName>
                        <iko>67702263726774401001</iko>
                        <inn>7702263726</inn>
                        <kpp>774401001</kpp>
                        <ogrn>1027700462514</ogrn>
                        <legalAddress>101000, Г МОСКВА, Б-Р ЧИСТОПРУДНЫЙ, дом ДОМ 8, корпус СТРОЕНИЕ 1</legalAddress>
                        <postalAddress>101000, г. Москва, Чистопрудный бульвар, д. 8 стр.1</postalAddress>
                        <phone>7-495-6444440</phone>
                        <email>Zyleva@VTBins.ru</email>
                        <okato>45286565000</okato>
                        <okpo>54751688</okpo>
                    </mainInfo>
                </ns2:customer>
                <ns2:purchaseMethodCode>22326</ns2:purchaseMethodCode>
                <ns2:purchaseCodeName>Запрос предложений в электронной форме</ns2:purchaseCodeName>
                <ns2:placer>
                    <mainInfo>
                        <fullName>ОБЩЕСТВО С ОГРАНИЧЕННОЙ ОТВЕТСТВЕННОСТЬЮ СТРАХОВАЯ КОМПАНИЯ "ВТБ СТРАХОВАНИЕ"</fullName>
                        <shortName>ООО СК "ВТБ СТРАХОВАНИЕ"</shortName>
                        <iko>67702263726774401001</iko>
                        <inn>7702263726</inn>
                        <kpp>774401001</kpp>
                        <ogrn>1027700462514</ogrn>
                        <legalAddress>101000, Г МОСКВА, Б-Р ЧИСТОПРУДНЫЙ, дом ДОМ 8, корпус СТРОЕНИЕ 1</legalAddress>
                        <postalAddress>101000, г. Москва, Чистопрудный бульвар, д. 8 стр.1</postalAddress>
                        <phone>7-495-6444440</phone>
                        <email>Zyleva@VTBins.ru</email>
                        <okato>45286565000</okato>
                        <okpo>54751688</okpo>
                    </mainInfo>
                </ns2:placer>
                <ns2:contact>
                    <firstName>Анна</firstName>
                    <middleName>Николаевна</middleName>
                    <lastName>Васильева</lastName>
                    <phone>+7 (495) 6444440</phone>
                    <email>VasilyevaAN@VTBins.ru</email>
                    <organization>
                        <mainInfo>
                            <fullName>ОБЩЕСТВО С ОГРАНИЧЕННОЙ ОТВЕТСТВЕННОСТЬЮ СТРАХОВАЯ КОМПАНИЯ "ВТБ СТРАХОВАНИЕ"</fullName>
                            <shortName>ООО СК "ВТБ СТРАХОВАНИЕ"</shortName>
                            <iko>67702263726774401001</iko>
                            <inn>7702263726</inn>
                            <kpp>774401001</kpp>
                            <ogrn>1027700462514</ogrn>
                            <legalAddress>101000, Г МОСКВА, Б-Р ЧИСТОПРУДНЫЙ, дом ДОМ 8, корпус СТРОЕНИЕ 1</legalAddress>
                            <postalAddress>101000, г. Москва, Чистопрудный бульвар, д. 8 стр.1</postalAddress>
                            <phone>7-495-6444440</phone>
                            <email>Zyleva@VTBins.ru</email>
                            <okato>45286565000</okato>
                            <okpo>54751688</okpo>
                        </mainInfo>
                    </organization>
                </ns2:contact>
                <ns2:publicationDateTime>2017-03-16T16:36:42</ns2:publicationDateTime>
                <ns2:documentationDelivery>
                    <deliveryStartDateTime>2017-03-14</deliveryStartDateTime>
                    <deliveryEndDateTime>2017-03-24</deliveryEndDateTime>
                    <place>https://com.roseltorg.ru/</place>
                    <procedure>посредством размещения для скачивания и ознакомления</procedure>
                </ns2:documentationDelivery>
                <ns2:status>P</ns2:status>
                <ns2:version>2</ns2:version>
                <ns2:modificationDescription>Изложено в прилагаемой документации</ns2:modificationDescription>
                <ns2:notDishonest>true</ns2:notDishonest>
                <ns2:attachments>
                    <totalDocumentsCount>3</totalDocumentsCount>
                    <document>
                        <guid>2c84db0e-cbfa-5b45-9578-2e60e2bed00f</guid>
                        <createDateTime>2017-03-16T16:32:12</createDateTime>
                        <fileName>Уведомление_о_внесенных_изменениях.doc</fileName>
                        <description>Уведомление о внесении изменений в Закупочную документацию</description>
                        <url>http://zakupki.gov.ru/223/purchase/public/download/download.html?id=30117083</url>
                    </document>
                    <document>
                        <guid>4b1350d9-3254-f6ea-6f52-947869bdd3ed</guid>
                        <createDateTime>2017-03-16T16:31:54</createDateTime>
                        <fileName>Извещение_и_документация[1].docx</fileName>
                        <description>Закупочная документация (версия 2)</description>
                        <url>http://zakupki.gov.ru/223/purchase/public/download/download.html?id=30117084</url>
                    </document>
                    <document>
                        <guid>e32fa428-1c8c-23e4-5592-2ad71cff38ff</guid>
                        <createDateTime>2017-03-14T15:42:32</createDateTime>
                        <fileName>Проект_договора[4].doc</fileName>
                        <description>Проект договора</description>
                        <url>http://zakupki.gov.ru/223/purchase/public/download/download.html?id=30117085</url>
                    </document>
                </ns2:attachments>
                <ns2:modificationDate>2017-03-16T16:36:42</ns2:modificationDate>
                <ns2:saveUserId>218416</ns2:saveUserId>
                <ns2:deliveryPlaceIndication>DIFFERENT_PLACE</ns2:deliveryPlaceIndication>
                <ns2:emergency>false</ns2:emergency>
                <ns2:jointPurchase>false</ns2:jointPurchase>
                <ns2:electronicPlaceInfo>
                    <name>АО "ЕЭТП"</name>
                    <url>http://www.roseltorg.ru/</url>
                    <electronicPlaceId>113</electronicPlaceId>
                </ns2:electronicPlaceInfo>
                <ns2:placingProcedure>
                    <ns2:examinationPlace>101000, г. Москва, Чистопрудный бульвар, д. 8. стр.1</ns2:examinationPlace>
                    <ns2:examinationDateTime>2017-03-24T10:00:00</ns2:examinationDateTime>
                    <ns2:summingupDateTime>2017-04-07T18:00:00</ns2:summingupDateTime>
                </ns2:placingProcedure>
                <ns2:submissionCloseDateTime>2017-03-24T10:00:00</ns2:submissionCloseDateTime>
                <ns2:publicationPlannedDate>2017-03-14</ns2:publicationPlannedDate>
                <ns2:lots>
                    <lot>
                        <guid>c9183cab-68e0-f35c-d268-3ca48465a644</guid>
                        <ordinalNumber>1</ordinalNumber>
                        <lotEditEnabled>true</lotEditEnabled>
                        <lotData>
                            <subject>Оказание гостиничных услуг</subject>
                            <currency>
                                <code>RUB</code>
                                <digitalCode>643</digitalCode>
                                <name>Российский рубль</name>
                            </currency>
                            <initialSum>2582930.00</initialSum>
                            <deliveryPlace>
                                <address>В соответствии с Закупочной документацией</address>
                            </deliveryPlace>
                            <lotItems>
                                <newCodes>true</newCodes>
                                <lotItem>
                                    <guid>37379f70-52a2-ac03-8a0d-9339d312e1fb</guid>
                                    <ordinalNumber>1</ordinalNumber>
                                    <okpd2>
                                        <code>55.10.10.000</code>
                                        <name>Услуги по предоставлению временного жилья для посетителей с обеспечением ежедневной уборки номера (за исключением помещений, находящихся в собственности на фиксированное время года)</name>
                                    </okpd2>
                                    <okved2>
                                        <code>55.10</code>
                                        <name>Деятельность гостиниц и прочих мест для временного проживания</name>
                                    </okved2>
                                    <okei>
                                        <code>917</code>
                                        <name>Смена</name>
                                    </okei>
                                    <qty>6</qty>
                                    <additionalInfo>Гостиничные услуги</additionalInfo>
                                </lotItem>
                            </lotItems>
                            <forSmallOrMiddle>false</forSmallOrMiddle>
                            <excludePurchaseFromPlan>false</excludePurchaseFromPlan>
                            <subcontractorsRequirement>false</subcontractorsRequirement>
                            <ignoredPurchase>false</ignoredPurchase>
                            <centralized>false</centralized>
                        </lotData>
                        <deliveryPlaceIndication>GL</deliveryPlaceIndication>
                        <jointLotData>
                            <jointLot>false</jointLot>
                        </jointLotData>
                        <lotPlanInfo>
                            <planRegistrationNumber>2160214957</planRegistrationNumber>
                            <planGuid>b515f34d-f394-4316-a6ad-9cf1e8e8de5b</planGuid>
                            <positionNumber>13</positionNumber>
                            <lotPlanPosition>COMMODITY</lotPlanPosition>
                            <positionGuid>9344a4f7-3195-4879-82ac-97800e585141</positionGuid>
                        </lotPlanInfo>
                        <cancelled>false</cancelled>
                    </lot>
                </ns2:lots>
            </ns2:purchaseNoticeData>
        </ns2:item>
    </ns2:body>
</ns2:purchaseNotice>
