<?xml version="1.0" encoding="UTF-8" standalone="yes"?>
<ns2:purchaseNotice xsi:schemaLocation="http://zakupki.gov.ru/223/integration/schema/TFF-5.2 http://zakupki.gov.ru/223/integration/schema/TFF-5.2/purchase.xsd" xmlns="http://zakupki.gov.ru/223fz/types/1" xmlns:ns10="http://zakupki.gov.ru/223fz/purchasePlan/1" xmlns:ns11="http://zakupki.gov.ru/223fz/purchasePlanProject/1" xmlns:ns12="http://zakupki.gov.ru/223fz/purchasePlanProjectAdditionalPosition/1" xmlns:ns13="http://zakupki.gov.ru/223fz/contract/1" xmlns:ns14="http://zakupki.gov.ru/223fz/missedNotice/1" xmlns:ns15="http://zakupki.gov.ru/223fz/reference/1" xmlns:ns16="http://zakupki.gov.ru/223fz/stopCommodity/1" xmlns:ns17="http://zakupki.gov.ru/223fz/decisionSuspension/1" xmlns:ns18="http://zakupki.gov.ru/223fz/purchasePlanAdditionalPosition/1" xmlns:ns19="http://zakupki.gov.ru/223fz/webRequest/1" xmlns:ns2="http://zakupki.gov.ru/223fz/purchase/1" xmlns:xsi="http://www.w3.org/2001/XMLSchema-instance" xmlns:ns3="http://zakupki.gov.ru/223fz/dishonestSupplier/1" xmlns:ns4="http://zakupki.gov.ru/223fz/machineryListInfo/1" xmlns:ns5="http://zakupki.gov.ru/223fz/revenue/1" xmlns:ns6="http://zakupki.gov.ru/223fz/orderClauseList/1" xmlns:ns7="http://zakupki.gov.ru/223fz/disagreementProtocol/1" xmlns:ns8="http://zakupki.gov.ru/223fz/complaint/1" xmlns:ns9="http://zakupki.gov.ru/223fz/notificationIssue/1">
    <header>
        <guid>82291e18-dc2c-4a72-843c-090b2313a6cd</guid>
        <createDateTime>2017-03-16T16:16:03</createDateTime>
    </header>
    <ns2:body>
        <ns2:item>
            <guid>3033b878-f4d9-11e6-9417-00505691af80</guid>
            <ns2:purchaseNoticeData>
                <ns2:guid>3033b878-f4d9-11e6-9417-00505691af80</ns2:guid>
                <ns2:createDateTime>2017-03-16T16:11:42</ns2:createDateTime>
                <ns2:urlOOS>https://zakupki.gov.ru/223/purchase/private/purchase/notice-info/details.html?noticeInfoId=5887335</ns2:urlOOS>
                <ns2:urlVSRZ>zakupki.gov.ru</ns2:urlVSRZ>
                <ns2:registrationNumber>31704899063</ns2:registrationNumber>
                <ns2:name>Разработка рабочей документации</ns2:name>
                <ns2:customer>
                    <mainInfo>
                        <fullName>ФЕДЕРАЛЬНОЕ ГОСУДАРСТВЕННОЕ УНИТАРНОЕ ПРЕДПРИЯТИЕ "ТЕЛЕВИЗИОННЫЙ ТЕХНИЧЕСКИЙ ЦЕНТР "ОСТАНКИНО"</fullName>
                        <shortName>ФГУП "ТТЦ "ОСТАНКИНО"</shortName>
                        <iko>57717022723771701001</iko>
                        <inn>7717022723</inn>
                        <kpp>771701001</kpp>
                        <ogrn>1037739468392</ogrn>
                        <legalAddress>127427, г МОСКВА, ул КОРОЛЕВА АКАДЕМИКА, дом 12</legalAddress>
                        <postalAddress>127427, Москва, КОРОЛЕВА АКАДЕМИКА, дом 12</postalAddress>
                        <phone>7-495-6175038</phone>
                        <fax>7-495-6177163</fax>
                        <email>ttc@telecenter.ru</email>
                        <okato>45280572000</okato>
                        <okpo>02839362</okpo>
                    </mainInfo>
                </ns2:customer>
                <ns2:purchaseMethodCode>13436</ns2:purchaseMethodCode>
                <ns2:purchaseCodeName>Запрос коммерческих предложений</ns2:purchaseCodeName>
                <ns2:placer>
                    <mainInfo>
                        <fullName>ФЕДЕРАЛЬНОЕ ГОСУДАРСТВЕННОЕ УНИТАРНОЕ ПРЕДПРИЯТИЕ "ТЕЛЕВИЗИОННЫЙ ТЕХНИЧЕСКИЙ ЦЕНТР "ОСТАНКИНО"</fullName>
                        <shortName>ФГУП "ТТЦ "ОСТАНКИНО"</shortName>
                        <iko>57717022723771701001</iko>
                        <inn>7717022723</inn>
                        <kpp>771701001</kpp>
                        <ogrn>1037739468392</ogrn>
                        <legalAddress>127427, г МОСКВА, ул КОРОЛЕВА АКАДЕМИКА, дом 12</legalAddress>
                        <postalAddress>127427, Москва, КОРОЛЕВА АКАДЕМИКА, дом 12</postalAddress>
                        <phone>7-495-6175038</phone>
                        <fax>7-495-6177163</fax>
                        <email>ttc@telecenter.ru</email>
                        <okato>45280572000</okato>
                        <okpo>02839362</okpo>
                    </mainInfo>
                </ns2:placer>
                <ns2:contact>
                    <firstName>Наталья</firstName>
                    <middleName>Валерьевна</middleName>
                    <lastName>Тиунова</lastName>
                    <phone>+8 (495) 6177189</phone>
                    <email>zakupki@telecenter.ru</email>
                    <organization>
                        <mainInfo>
                            <fullName>ФЕДЕРАЛЬНОЕ ГОСУДАРСТВЕННОЕ УНИТАРНОЕ ПРЕДПРИЯТИЕ "ТЕЛЕВИЗИОННЫЙ ТЕХНИЧЕСКИЙ ЦЕНТР "ОСТАНКИНО"</fullName>
                            <shortName>ФГУП "ТТЦ "ОСТАНКИНО"</shortName>
                            <iko>57717022723771701001</iko>
                            <inn>7717022723</inn>
                            <kpp>771701001</kpp>
                            <ogrn>1037739468392</ogrn>
                            <legalAddress>127427, г МОСКВА, ул КОРОЛЕВА АКАДЕМИКА, дом 12</legalAddress>
                            <postalAddress>127427, Москва, КОРОЛЕВА АКАДЕМИКА, дом 12</postalAddress>
                            <phone>7-495-6175038</phone>
                            <fax>7-495-6177163</fax>
                            <email>ttc@telecenter.ru</email>
                            <okato>45280572000</okato>
                            <okpo>02839362</okpo>
                        </mainInfo>
                    </organization>
                </ns2:contact>
                <ns2:publicationDateTime>2017-03-16T16:16:03</ns2:publicationDateTime>
                <ns2:documentationDelivery>
                    <deliveryStartDateTime>2017-03-17</deliveryStartDateTime>
                    <deliveryEndDateTime>2017-03-22</deliveryEndDateTime>
                    <place>Закупочная документация предоставляется по адресу Заказчика</place>
                    <procedure>Закупочная документация предоставляется по адресу Заказчика с даты размещения информации о проведении запроса коммерческих предложений в единой информационной системе в течение двух рабочих дней со дня поступления письменного запроса. Письменный запрос должен быть направлен в адрес Заказчика на имя генерального директора М.М. Шубина. В запросе о выдаче закупочной документации обязательно должен быть указан номер запроса коммерческих предложений (реестровый номер закупки в единой информационной системе). Закупочная документация предоставляется бесплатно.</procedure>
                </ns2:documentationDelivery>
                <ns2:status>P</ns2:status>
                <ns2:version>1</ns2:version>
                <ns2:notDishonest>true</ns2:notDishonest>
                <ns2:attachments>
                    <totalDocumentsCount>1</totalDocumentsCount>
                    <document>
                        <guid>ca704fe0-b9d6-4bff-9d55-23281ac92c4c</guid>
                        <createDateTime>2017-03-16T16:11:42</createDateTime>
                        <fileName>АСБК_23_ЗакупочнаяДокументация_.docx</fileName>
                        <description>АСБК_23_ЗакупочнаяДокументация_.docx</description>
                        <url>http://zakupki.gov.ru/223/purchase/public/download/download.html?id=30115915</url>
                    </document>
                </ns2:attachments>
                <ns2:modificationDate>2017-03-16T16:16:03</ns2:modificationDate>
                <ns2:saveUserId>220383</ns2:saveUserId>
                <ns2:deliveryPlaceIndication>SINGLE_PLACE</ns2:deliveryPlaceIndication>
                <ns2:emergency>false</ns2:emergency>
                <ns2:jointPurchase>false</ns2:jointPurchase>
                <ns2:placingProcedure>
                    <ns2:examinationPlace>г. Москва, ул. Академика Королёва, д. 12</ns2:examinationPlace>
                    <ns2:examinationDateTime>2017-03-22T11:00:00</ns2:examinationDateTime>
                    <ns2:summingupDateTime>2017-03-27T23:59:00</ns2:summingupDateTime>
                    <ns2:summingupPlace>г. Москва, ул. Академика Королёва, д. 12</ns2:summingupPlace>
                </ns2:placingProcedure>
                <ns2:submissionCloseDateTime>2017-03-22T11:00:00</ns2:submissionCloseDateTime>
                <ns2:publicationPlannedDate>2017-03-16</ns2:publicationPlannedDate>
                <ns2:lots>
                    <lot>
                        <guid>a51cab6a-b165-4e25-bb68-1a5440f4ded8</guid>
                        <ordinalNumber>1</ordinalNumber>
                        <lotEditEnabled>true</lotEditEnabled>
                        <lotData>
                            <subject>Разработка рабочей документации</subject>
                            <currency>
                                <code>RUB</code>
                                <digitalCode>643</digitalCode>
                                <name>Российский рубль</name>
                            </currency>
                            <initialSum>3930994.18</initialSum>
                            <deliveryPlace>
                                <address>г. Москва, ул. Академика Королева, д. 12</address>
                            </deliveryPlace>
                            <lotItems>
                                <newCodes>true</newCodes>
                                <lotItem>
                                    <guid>e864569b-c884-44d7-8ff0-b4d972cddf42</guid>
                                    <ordinalNumber>1</ordinalNumber>
                                    <okpd2>
                                        <code>41.10.10.000</code>
                                        <name>Документация проектная для строительства</name>
                                    </okpd2>
                                    <okved2>
                                        <code>41.10</code>
                                        <name>Разработка строительных проектов</name>
                                    </okved2>
                                    <okei>
                                        <code>642</code>
                                        <name>Единица</name>
                                    </okei>
                                    <qty>1</qty>
                                </lotItem>
                            </lotItems>
                            <forSmallOrMiddle>false</forSmallOrMiddle>
                            <excludePurchaseFromPlan>false</excludePurchaseFromPlan>
                            <subcontractorsRequirement>false</subcontractorsRequirement>
                            <ignoredPurchase>false</ignoredPurchase>
                            <centralized>false</centralized>
                        </lotData>
                        <deliveryPlaceIndication>GL</deliveryPlaceIndication>
                        <jointLotData>
                            <jointLot>false</jointLot>
                        </jointLotData>
                        <lotPlanInfo>
                            <planRegistrationNumber>2160215964</planRegistrationNumber>
                            <planGuid>24109b74-0a45-11e7-9417-00505691af80</planGuid>
                            <positionNumber>117</positionNumber>
                            <lotPlanPosition>COMMODITY</lotPlanPosition>
                            <positionGuid>08609fd6-3603-4a7f-827a-522643937656</positionGuid>
                        </lotPlanInfo>
                        <cancelled>false</cancelled>
                    </lot>
                </ns2:lots>
            </ns2:purchaseNoticeData>
        </ns2:item>
    </ns2:body>
</ns2:purchaseNotice>
