<?xml version="1.0" encoding="UTF-8" standalone="yes"?>
<ns2:purchaseNotice xsi:schemaLocation="http://zakupki.gov.ru/223/integration/schema/TFF-5.2 http://zakupki.gov.ru/223/integration/schema/TFF-5.2/purchase.xsd" xmlns="http://zakupki.gov.ru/223fz/types/1" xmlns:ns10="http://zakupki.gov.ru/223fz/purchasePlan/1" xmlns:ns11="http://zakupki.gov.ru/223fz/purchasePlanProject/1" xmlns:ns12="http://zakupki.gov.ru/223fz/purchasePlanProjectAdditionalPosition/1" xmlns:ns13="http://zakupki.gov.ru/223fz/contract/1" xmlns:ns14="http://zakupki.gov.ru/223fz/missedNotice/1" xmlns:ns15="http://zakupki.gov.ru/223fz/reference/1" xmlns:ns16="http://zakupki.gov.ru/223fz/stopCommodity/1" xmlns:ns17="http://zakupki.gov.ru/223fz/decisionSuspension/1" xmlns:ns18="http://zakupki.gov.ru/223fz/purchasePlanAdditionalPosition/1" xmlns:ns19="http://zakupki.gov.ru/223fz/webRequest/1" xmlns:ns2="http://zakupki.gov.ru/223fz/purchase/1" xmlns:xsi="http://www.w3.org/2001/XMLSchema-instance" xmlns:ns3="http://zakupki.gov.ru/223fz/dishonestSupplier/1" xmlns:ns4="http://zakupki.gov.ru/223fz/machineryListInfo/1" xmlns:ns5="http://zakupki.gov.ru/223fz/revenue/1" xmlns:ns6="http://zakupki.gov.ru/223fz/orderClauseList/1" xmlns:ns7="http://zakupki.gov.ru/223fz/disagreementProtocol/1" xmlns:ns8="http://zakupki.gov.ru/223fz/complaint/1" xmlns:ns9="http://zakupki.gov.ru/223fz/notificationIssue/1">
    <header>
        <guid>499d48d4-c42c-425c-9a56-61f9a7032b48</guid>
        <createDateTime>2017-03-16T21:15:59</createDateTime>
    </header>
    <ns2:body>
        <ns2:item>
            <guid>60e2ea54-e115-51bb-130d-3d0a7a1e08c2</guid>
            <ns2:purchaseNoticeData>
                <ns2:guid>60e2ea54-e115-51bb-130d-3d0a7a1e08c2</ns2:guid>
                <ns2:createDateTime>2017-03-16T21:05:11</ns2:createDateTime>
                <ns2:urlOOS>https://zakupki.gov.ru/223/purchase/private/purchase/notice-info/details.html?noticeInfoId=5888501</ns2:urlOOS>
                <ns2:urlVSRZ>https://com.roseltorg.ru/#com/procedure/view/id/286310</ns2:urlVSRZ>
                <ns2:registrationNumber>31704900118</ns2:registrationNumber>
                <ns2:name>НИИ-2017-245 «Оказание услуг упаковки, погрузочно-разгрузочных работ, перевозки материалов и оборудования»</ns2:name>
                <ns2:customer>
                    <mainInfo>
                        <fullName>ОБЩЕСТВО С ОГРАНИЧЕННОЙ ОТВЕТСТВЕННОСТЬЮ "НАУЧНО-ИССЛЕДОВАТЕЛЬСКИЙ ИНСТИТУТ ТРАНСПОРТА НЕФТИ И НЕФТЕПРОДУКТОВ ТРАНСНЕФТЬ"</fullName>
                        <shortName>ООО "НИИ ТРАНСНЕФТЬ"</shortName>
                        <iko>67736607502772701001</iko>
                        <inn>7736607502</inn>
                        <kpp>772701001</kpp>
                        <ogrn>1097746556710</ogrn>
                        <legalAddress>117186, Г МОСКВА, ПР-КТ СЕВАСТОПОЛЬСКИЙ, дом ДОМ 47А</legalAddress>
                        <postalAddress>117186, Москва Город, Севастопольский Проспект, дом 47А</postalAddress>
                        <phone>7-495-9508295-2154</phone>
                        <fax>7-495-9508297</fax>
                        <email>TroshinEA@niitnn.transneft.ru</email>
                        <okato>00000000000</okato>
                        <okpo>62816002</okpo>
                    </mainInfo>
                </ns2:customer>
                <ns2:purchaseMethodCode>34561</ns2:purchaseMethodCode>
                <ns2:purchaseCodeName>Открытый запрос предложений</ns2:purchaseCodeName>
                <ns2:placer>
                    <mainInfo>
                        <fullName>ОБЩЕСТВО С ОГРАНИЧЕННОЙ ОТВЕТСТВЕННОСТЬЮ "НАУЧНО-ИССЛЕДОВАТЕЛЬСКИЙ ИНСТИТУТ ТРАНСПОРТА НЕФТИ И НЕФТЕПРОДУКТОВ ТРАНСНЕФТЬ"</fullName>
                        <shortName>ООО "НИИ ТРАНСНЕФТЬ"</shortName>
                        <iko>67736607502772701001</iko>
                        <inn>7736607502</inn>
                        <kpp>772701001</kpp>
                        <ogrn>1097746556710</ogrn>
                        <legalAddress>117186, Г МОСКВА, ПР-КТ СЕВАСТОПОЛЬСКИЙ, дом ДОМ 47А</legalAddress>
                        <postalAddress>117186, Москва Город, Севастопольский Проспект, дом 47А</postalAddress>
                        <phone>7-495-9508295-2154</phone>
                        <fax>7-495-9508297</fax>
                        <email>TroshinEA@niitnn.transneft.ru</email>
                        <okato>00000000000</okato>
                        <okpo>62816002</okpo>
                    </mainInfo>
                </ns2:placer>
                <ns2:contact>
                    <firstName>Наталия</firstName>
                    <middleName>Алексеевна</middleName>
                    <lastName>Ртищева</lastName>
                    <phone>+7 (495) 9508295</phone>
                    <email>RtischevaNA@niitnn.transneft.ru</email>
                    <organization>
                        <mainInfo>
                            <fullName>ОБЩЕСТВО С ОГРАНИЧЕННОЙ ОТВЕТСТВЕННОСТЬЮ "НАУЧНО-ИССЛЕДОВАТЕЛЬСКИЙ ИНСТИТУТ ТРАНСПОРТА НЕФТИ И НЕФТЕПРОДУКТОВ ТРАНСНЕФТЬ"</fullName>
                            <shortName>ООО "НИИ ТРАНСНЕФТЬ"</shortName>
                            <iko>67736607502772701001</iko>
                            <inn>7736607502</inn>
                            <kpp>772701001</kpp>
                            <ogrn>1097746556710</ogrn>
                            <legalAddress>117186, Г МОСКВА, ПР-КТ СЕВАСТОПОЛЬСКИЙ, дом ДОМ 47А</legalAddress>
                            <postalAddress>117186, Москва Город, Севастопольский Проспект, дом 47А</postalAddress>
                            <phone>7-495-9508295-2154</phone>
                            <fax>7-495-9508297</fax>
                            <email>TroshinEA@niitnn.transneft.ru</email>
                            <okato>00000000000</okato>
                            <okpo>62816002</okpo>
                        </mainInfo>
                    </organization>
                </ns2:contact>
                <ns2:publicationDateTime>2017-03-16T21:15:59</ns2:publicationDateTime>
                <ns2:documentationDelivery>
                    <deliveryStartDateTime>2017-03-16</deliveryStartDateTime>
                    <deliveryEndDateTime>2017-03-23</deliveryEndDateTime>
                    <place>https://com.roseltorg.ru/</place>
                    <procedure>посредством размещения для скачивания и ознакомления</procedure>
                </ns2:documentationDelivery>
                <ns2:status>P</ns2:status>
                <ns2:version>1</ns2:version>
                <ns2:notDishonest>true</ns2:notDishonest>
                <ns2:attachments>
                    <totalDocumentsCount>3</totalDocumentsCount>
                    <document>
                        <guid>ceff91eb-307c-78ad-32f7-1fabb7182d8a</guid>
                        <createDateTime>2017-03-16T16:50:37</createDateTime>
                        <fileName>Извещение_о_закупке[JFsTK1xkkxs].docx</fileName>
                        <description>Извещение о закупке</description>
                        <url>http://zakupki.gov.ru/223/purchase/public/download/download.html?id=30121610</url>
                    </document>
                    <document>
                        <guid>92b49de8-1057-1cfd-98d6-0d80f989d432</guid>
                        <createDateTime>2017-03-16T16:51:35</createDateTime>
                        <fileName>Проект_договора__POSTAVKA_[1].rar</fileName>
                        <description>Проект договора</description>
                        <url>http://zakupki.gov.ru/223/purchase/public/download/download.html?id=30121611</url>
                    </document>
                    <document>
                        <guid>7697dfb3-37d6-65e4-5d94-f6ccbcc3fc65</guid>
                        <createDateTime>2017-03-16T16:51:14</createDateTime>
                        <fileName>Документация_для_закупки[1].rar</fileName>
                        <description>Документация о закупке</description>
                        <url>http://zakupki.gov.ru/223/purchase/public/download/download.html?id=30121612</url>
                    </document>
                </ns2:attachments>
                <ns2:modificationDate>2017-03-16T21:15:59</ns2:modificationDate>
                <ns2:saveUserId>263294</ns2:saveUserId>
                <ns2:deliveryPlaceIndication>DIFFERENT_PLACE</ns2:deliveryPlaceIndication>
                <ns2:emergency>false</ns2:emergency>
                <ns2:jointPurchase>false</ns2:jointPurchase>
                <ns2:placingProcedure>
                    <ns2:examinationPlace>Указано в приложенной документации</ns2:examinationPlace>
                    <ns2:examinationDateTime>2017-04-06T18:00:00</ns2:examinationDateTime>
                    <ns2:summingupDateTime>2017-04-06T18:00:00</ns2:summingupDateTime>
                    <ns2:summingupPlace>г. Москва, Севастопольский проспект, д. 47А </ns2:summingupPlace>
                </ns2:placingProcedure>
                <ns2:submissionCloseDateTime>2017-03-23T10:00:00</ns2:submissionCloseDateTime>
                <ns2:publicationPlannedDate>2017-03-16</ns2:publicationPlannedDate>
                <ns2:lots>
                    <lot>
                        <guid>491acac8-48db-2434-eeab-e0521f4e8057</guid>
                        <ordinalNumber>1</ordinalNumber>
                        <lotEditEnabled>true</lotEditEnabled>
                        <lotData>
                            <subject>Оказание услуг упаковки, погрузо-разгрузочных работ, перевозки материалов и оборудования</subject>
                            <currency>
                                <code>RUB</code>
                                <digitalCode>643</digitalCode>
                                <name>Российский рубль</name>
                            </currency>
                            <initialSum>944000.00</initialSum>
                            <deliveryPlace>
                                <address>В соответствии с документацией о закупке</address>
                            </deliveryPlace>
                            <lotItems>
                                <newCodes>true</newCodes>
                                <lotItem>
                                    <guid>73d208da-8c60-fa6c-eed5-a263bc5ded88</guid>
                                    <ordinalNumber>1</ordinalNumber>
                                    <okpd2>
                                        <code>52.10.19.000</code>
                                        <name>Услуги по складированию и хранению прочие</name>
                                    </okpd2>
                                    <okved2>
                                        <code>52.10</code>
                                        <name>Деятельность по складированию и хранению</name>
                                    </okved2>
                                    <okei>
                                        <code>876</code>
                                        <name>Условная единица</name>
                                    </okei>
                                    <qty>1</qty>
                                    <additionalInfo>Услуги по складированию и хранению прочие, не включенные в другие группировки</additionalInfo>
                                </lotItem>
                            </lotItems>
                            <forSmallOrMiddle>false</forSmallOrMiddle>
                            <excludePurchaseFromPlan>false</excludePurchaseFromPlan>
                            <subcontractorsRequirement>false</subcontractorsRequirement>
                            <ignoredPurchase>false</ignoredPurchase>
                            <centralized>false</centralized>
                        </lotData>
                        <deliveryPlaceIndication>GL</deliveryPlaceIndication>
                        <jointLotData>
                            <jointLot>false</jointLot>
                        </jointLotData>
                        <lotPlanInfo>
                            <planRegistrationNumber>2160197110</planRegistrationNumber>
                            <planGuid>df3b8120-aee1-3d61-e027-3df16347738c</planGuid>
                            <positionNumber>281</positionNumber>
                            <lotPlanPosition>COMMODITY</lotPlanPosition>
                            <positionGuid>cc68a2c1-3e25-4488-1df1-dc7cae19eede</positionGuid>
                        </lotPlanInfo>
                        <cancelled>false</cancelled>
                    </lot>
                </ns2:lots>
            </ns2:purchaseNoticeData>
        </ns2:item>
    </ns2:body>
</ns2:purchaseNotice>
