<?xml version="1.0" encoding="UTF-8" standalone="yes"?>
<ns2:purchaseNotice xsi:schemaLocation="http://zakupki.gov.ru/223/integration/schema/TFF-5.2 http://zakupki.gov.ru/223/integration/schema/TFF-5.2/purchase.xsd" xmlns="http://zakupki.gov.ru/223fz/types/1" xmlns:ns10="http://zakupki.gov.ru/223fz/purchasePlan/1" xmlns:ns11="http://zakupki.gov.ru/223fz/purchasePlanProject/1" xmlns:ns12="http://zakupki.gov.ru/223fz/purchasePlanProjectAdditionalPosition/1" xmlns:ns13="http://zakupki.gov.ru/223fz/contract/1" xmlns:ns14="http://zakupki.gov.ru/223fz/missedNotice/1" xmlns:ns15="http://zakupki.gov.ru/223fz/reference/1" xmlns:ns16="http://zakupki.gov.ru/223fz/stopCommodity/1" xmlns:ns17="http://zakupki.gov.ru/223fz/decisionSuspension/1" xmlns:ns18="http://zakupki.gov.ru/223fz/purchasePlanAdditionalPosition/1" xmlns:ns19="http://zakupki.gov.ru/223fz/webRequest/1" xmlns:ns2="http://zakupki.gov.ru/223fz/purchase/1" xmlns:xsi="http://www.w3.org/2001/XMLSchema-instance" xmlns:ns3="http://zakupki.gov.ru/223fz/dishonestSupplier/1" xmlns:ns4="http://zakupki.gov.ru/223fz/machineryListInfo/1" xmlns:ns5="http://zakupki.gov.ru/223fz/revenue/1" xmlns:ns6="http://zakupki.gov.ru/223fz/orderClauseList/1" xmlns:ns7="http://zakupki.gov.ru/223fz/disagreementProtocol/1" xmlns:ns8="http://zakupki.gov.ru/223fz/complaint/1" xmlns:ns9="http://zakupki.gov.ru/223fz/notificationIssue/1">
    <header>
        <guid>4d758f34-8b35-4b3b-bfdc-38929344acd2</guid>
        <createDateTime>2017-03-16T16:07:10</createDateTime>
    </header>
    <ns2:body>
        <ns2:item>
            <guid>a22a2ab1-590a-1ed7-81f7-37e5c5ad1efc</guid>
            <ns2:purchaseNoticeData>
                <ns2:guid>a22a2ab1-590a-1ed7-81f7-37e5c5ad1efc</ns2:guid>
                <ns2:createDateTime>2017-03-16T16:05:20</ns2:createDateTime>
                <ns2:urlOOS>https://zakupki.gov.ru/223/purchase/private/purchase/notice-info/details.html?noticeInfoId=5887255</ns2:urlOOS>
                <ns2:urlVSRZ>ЕОС-Закупки</ns2:urlVSRZ>
                <ns2:registrationNumber>31704898984</ns2:registrationNumber>
                <ns2:name>Право заключения договора на Канцелярcкие товары, товары хозяйственного назначения.</ns2:name>
                <ns2:customer>
                    <mainInfo>
                        <fullName>АКЦИОНЕРНОЕ ОБЩЕСТВО  "ЦЕНТР УПРАВЛЕНИЯ НЕПРОФИЛЬНЫМИ АКТИВАМИ АТОМНОЙ ОТРАСЛИ"</fullName>
                        <shortName>АО "ЦЕНТРАТОМ"</shortName>
                        <iko>77706723156770901001</iko>
                        <inn>7706723156</inn>
                        <kpp>770901001</kpp>
                        <ogrn>1097746462637</ogrn>
                        <legalAddress>105005, г МОСКВА, ул РАДИО, дом 24, корпус 2</legalAddress>
                        <postalAddress>105005, Москва Город, Радио Улица, дом 24, корпус 2</postalAddress>
                        <phone>7-915-3617129</phone>
                        <fax>7-495-2697162</fax>
                        <email>vakajmakov@centeratom.ru</email>
                        <okato>45286596000</okato>
                        <okpo>62723472</okpo>
                    </mainInfo>
                </ns2:customer>
                <ns2:purchaseMethodCode>5907</ns2:purchaseMethodCode>
                <ns2:purchaseCodeName>Открытый запрос цен в электронной форме</ns2:purchaseCodeName>
                <ns2:placer>
                    <mainInfo>
                        <fullName>АКЦИОНЕРНОЕ ОБЩЕСТВО  "ЦЕНТР УПРАВЛЕНИЯ НЕПРОФИЛЬНЫМИ АКТИВАМИ АТОМНОЙ ОТРАСЛИ"</fullName>
                        <shortName>АО "ЦЕНТРАТОМ"</shortName>
                        <iko>77706723156770901001</iko>
                        <inn>7706723156</inn>
                        <kpp>770901001</kpp>
                        <ogrn>1097746462637</ogrn>
                        <legalAddress>105005, г МОСКВА, ул РАДИО, дом 24, корпус 2</legalAddress>
                        <postalAddress>105005, Москва Город, Радио Улица, дом 24, корпус 2</postalAddress>
                        <phone>7-915-3617129</phone>
                        <fax>7-495-2697162</fax>
                        <email>vakajmakov@centeratom.ru</email>
                        <okato>45286596000</okato>
                        <okpo>62723472</okpo>
                    </mainInfo>
                </ns2:placer>
                <ns2:contact>
                    <firstName>Александра</firstName>
                    <middleName>Владимировна</middleName>
                    <lastName>Суркова</lastName>
                    <phone>+7 (495) 6607161</phone>
                    <fax>+7 (495) 2697162</fax>
                    <email>avsurkova@centeratom.ru</email>
                    <organization>
                        <mainInfo>
                            <fullName>АКЦИОНЕРНОЕ ОБЩЕСТВО  "ЦЕНТР УПРАВЛЕНИЯ НЕПРОФИЛЬНЫМИ АКТИВАМИ АТОМНОЙ ОТРАСЛИ"</fullName>
                            <shortName>АО "ЦЕНТРАТОМ"</shortName>
                            <iko>77706723156770901001</iko>
                            <inn>7706723156</inn>
                            <kpp>770901001</kpp>
                            <ogrn>1097746462637</ogrn>
                            <legalAddress>105005, г МОСКВА, ул РАДИО, дом 24, корпус 2</legalAddress>
                            <postalAddress>105005, Москва Город, Радио Улица, дом 24, корпус 2</postalAddress>
                            <phone>7-915-3617129</phone>
                            <fax>7-495-2697162</fax>
                            <email>vakajmakov@centeratom.ru</email>
                            <okato>45286596000</okato>
                            <okpo>62723472</okpo>
                        </mainInfo>
                    </organization>
                </ns2:contact>
                <ns2:publicationDateTime>2017-03-16T16:07:10</ns2:publicationDateTime>
                <ns2:documentationDelivery>
                    <deliveryStartDateTime>2017-03-17</deliveryStartDateTime>
                    <deliveryEndDateTime>2017-03-22</deliveryEndDateTime>
                    <place>Фабрикант 2 http://www.fabrikant.ru/</place>
                    <procedure>согласно регламенту работы ЭТП</procedure>
                </ns2:documentationDelivery>
                <ns2:status>P</ns2:status>
                <ns2:version>1</ns2:version>
                <ns2:notDishonest>true</ns2:notDishonest>
                <ns2:attachments>
                    <totalDocumentsCount>5</totalDocumentsCount>
                    <document>
                        <guid>2220fc00-0d0b-1ed7-82c8-f5276a74d157</guid>
                        <createDateTime>2017-03-16T12:54:15</createDateTime>
                        <fileName>26-Извещение.docx</fileName>
                        <description>26-Извещение</description>
                        <url>http://zakupki.gov.ru/223/purchase/public/download/download.html?id=30115536</url>
                    </document>
                    <document>
                        <guid>0addd011-6b0b-1ed7-81f8-60ce7004169d</guid>
                        <createDateTime>2017-03-13T07:59:46</createDateTime>
                        <fileName>26- Том 1 Часть 3_Проект договора.docx</fileName>
                        <description>26- Том 1 Часть 3_Проект договора</description>
                        <url>http://zakupki.gov.ru/223/purchase/public/download/download.html?id=30115537</url>
                    </document>
                    <document>
                        <guid>0addd403-d90a-1ee7-82c9-1cd42b9dc88f</guid>
                        <createDateTime>2017-03-16T13:03:08</createDateTime>
                        <fileName>26-1-Том 1 Часть 2_ Порядок проведения ОЗЦ.docx</fileName>
                        <description>26-1-Том 1 Часть 2_ Порядок проведения ОЗЦ</description>
                        <url>http://zakupki.gov.ru/223/purchase/public/download/download.html?id=30115538</url>
                    </document>
                    <document>
                        <guid>f2f32b7a-a50b-1ee7-82c8-f8a50459d746</guid>
                        <createDateTime>2017-03-16T12:55:02</createDateTime>
                        <fileName>26-Том 1 Часть 1_ОЗЦ.docx</fileName>
                        <description>26-Том 1 Часть 1_ОЗЦ</description>
                        <url>http://zakupki.gov.ru/223/purchase/public/download/download.html?id=30115540</url>
                    </document>
                    <document>
                        <guid>0addd011-6b0b-1ed7-81f8-6ced2095c673</guid>
                        <createDateTime>2017-03-13T08:02:29</createDateTime>
                        <fileName>26-Том 2_ТЗ.doc</fileName>
                        <description>26-Том 2_ТЗ</description>
                        <url>http://zakupki.gov.ru/223/purchase/public/download/download.html?id=30115541</url>
                    </document>
                </ns2:attachments>
                <ns2:modificationDate>2017-03-16T16:07:10</ns2:modificationDate>
                <ns2:saveUserId>39538</ns2:saveUserId>
                <ns2:deliveryPlaceIndication>DIFFERENT_PLACE</ns2:deliveryPlaceIndication>
                <ns2:emergency>false</ns2:emergency>
                <ns2:jointPurchase>false</ns2:jointPurchase>
                <ns2:electronicPlaceInfo>
                    <name>Фабрикант 2</name>
                    <url>http://fabrikant.ru</url>
                    <electronicPlaceId>111</electronicPlaceId>
                </ns2:electronicPlaceInfo>
                <ns2:placingProcedure>
                    <ns2:examinationPlace>г. Москва, ул.Радио, д. 24, корп.2</ns2:examinationPlace>
                    <ns2:examinationDateTime>2017-04-11T23:59:59</ns2:examinationDateTime>
                    <ns2:summingupDateTime>2017-04-11T23:59:59</ns2:summingupDateTime>
                </ns2:placingProcedure>
                <ns2:submissionCloseDateTime>2017-03-22T10:00:00</ns2:submissionCloseDateTime>
                <ns2:publicationPlannedDate>2017-03-17</ns2:publicationPlannedDate>
                <ns2:lots>
                    <lot>
                        <guid>a22a2ab1-590a-1ed7-81f7-38e810295efc</guid>
                        <ordinalNumber>1</ordinalNumber>
                        <lotEditEnabled>true</lotEditEnabled>
                        <lotData>
                            <subject>Право заключения договора на Канцелярcкие товары, товары хозяйственного назначения.</subject>
                            <currency>
                                <code>RUB</code>
                                <digitalCode>643</digitalCode>
                                <name>Российский рубль</name>
                            </currency>
                            <initialSum>657467.99</initialSum>
                            <deliveryPlace>
                                <state>Центральный федеральный округ</state>
                                <region>Москва</region>
                                <regionOkato>45000000000</regionOkato>
                                <address>согласно проекту договора и ТЗ</address>
                            </deliveryPlace>
                            <lotItems>
                                <newCodes>true</newCodes>
                                <lotItem>
                                    <guid>2220fc00-0d0a-1ee6-bf9b-843921c1cfd7</guid>
                                    <ordinalNumber>1</ordinalNumber>
                                    <okpd2>
                                        <code>22.29.25.000</code>
                                        <name>Принадлежности канцелярские или школьные пластмассовые</name>
                                    </okpd2>
                                    <okved2>
                                        <code>46.49.33</code>
                                        <name>Торговля оптовая писчебумажными и канцелярскими товарами</name>
                                    </okved2>
                                    <okei>
                                        <code>796</code>
                                        <name>Штука</name>
                                    </okei>
                                    <qty>1</qty>
                                </lotItem>
                            </lotItems>
                            <forSmallOrMiddle>false</forSmallOrMiddle>
                            <excludePurchaseFromPlan>false</excludePurchaseFromPlan>
                            <subcontractorsRequirement>false</subcontractorsRequirement>
                            <ignoredPurchase>false</ignoredPurchase>
                            <centralized>false</centralized>
                        </lotData>
                        <deliveryPlaceIndication>GL</deliveryPlaceIndication>
                        <jointLotData>
                            <jointLot>false</jointLot>
                        </jointLotData>
                        <lotPlanInfo>
                            <planRegistrationNumber>2160182738</planRegistrationNumber>
                            <planGuid>a22a2ab1-590b-1ee7-8196-1c1175b4404f</planGuid>
                            <positionNumber>1058600026</positionNumber>
                            <lotPlanPosition>COMMODITY</lotPlanPosition>
                            <positionGuid>58ab765f-f086-09c0-e100-80000a7c1050</positionGuid>
                        </lotPlanInfo>
                        <cancelled>false</cancelled>
                    </lot>
                </ns2:lots>
            </ns2:purchaseNoticeData>
        </ns2:item>
    </ns2:body>
</ns2:purchaseNotice>
