<?xml version="1.0" encoding="UTF-8" standalone="yes"?>
<ns2:purchaseNotice xsi:schemaLocation="http://zakupki.gov.ru/223/integration/schema/TFF-5.2 http://zakupki.gov.ru/223/integration/schema/TFF-5.2/purchase.xsd" xmlns="http://zakupki.gov.ru/223fz/types/1" xmlns:ns10="http://zakupki.gov.ru/223fz/purchasePlan/1" xmlns:ns11="http://zakupki.gov.ru/223fz/purchasePlanProject/1" xmlns:ns12="http://zakupki.gov.ru/223fz/purchasePlanProjectAdditionalPosition/1" xmlns:ns13="http://zakupki.gov.ru/223fz/contract/1" xmlns:ns14="http://zakupki.gov.ru/223fz/missedNotice/1" xmlns:ns15="http://zakupki.gov.ru/223fz/reference/1" xmlns:ns16="http://zakupki.gov.ru/223fz/stopCommodity/1" xmlns:ns17="http://zakupki.gov.ru/223fz/decisionSuspension/1" xmlns:ns18="http://zakupki.gov.ru/223fz/purchasePlanAdditionalPosition/1" xmlns:ns19="http://zakupki.gov.ru/223fz/webRequest/1" xmlns:ns2="http://zakupki.gov.ru/223fz/purchase/1" xmlns:xsi="http://www.w3.org/2001/XMLSchema-instance" xmlns:ns3="http://zakupki.gov.ru/223fz/dishonestSupplier/1" xmlns:ns4="http://zakupki.gov.ru/223fz/machineryListInfo/1" xmlns:ns5="http://zakupki.gov.ru/223fz/revenue/1" xmlns:ns6="http://zakupki.gov.ru/223fz/orderClauseList/1" xmlns:ns7="http://zakupki.gov.ru/223fz/disagreementProtocol/1" xmlns:ns8="http://zakupki.gov.ru/223fz/complaint/1" xmlns:ns9="http://zakupki.gov.ru/223fz/notificationIssue/1">
    <header>
        <guid>2dd4aebd-011c-435d-a5f8-9475adde1e93</guid>
        <createDateTime>2017-03-16T18:57:24</createDateTime>
    </header>
    <ns2:body>
        <ns2:item>
            <guid>a9898519-2140-0051-0000-58cab555ef8b</guid>
            <ns2:purchaseNoticeData>
                <ns2:guid>a9898519-2140-0051-0000-58cab555ef8b</ns2:guid>
                <ns2:createDateTime>2017-03-16T18:55:17</ns2:createDateTime>
                <ns2:urlOOS>https://zakupki.gov.ru/223/purchase/private/purchase/notice-info/details.html?noticeInfoId=5888379</ns2:urlOOS>
                <ns2:urlVSRZ>http://www.b2b-energo.ru/market/postavka-topliva/tenders-52140/</ns2:urlVSRZ>
                <ns2:registrationNumber>31704899999</ns2:registrationNumber>
                <ns2:name>Поставка топлива. (52140)</ns2:name>
                <ns2:customer>
                    <mainInfo>
                        <fullName>ОТКРЫТОЕ АКЦИОНЕРНОЕ ОБЩЕСТВО "ЗАВОД ПО РЕМОНТУ ЭЛЕКТРОТЕХНИЧЕСКОГО ОБОРУДОВАНИЯ"</fullName>
                        <shortName>ОАО "ЗАВОД РЭТО"</shortName>
                        <iko>57724646338772401001</iko>
                        <inn>7724646338</inn>
                        <kpp>772401001</kpp>
                        <ogrn>1077764814324</ogrn>
                        <legalAddress>115201, Г МОСКВА, Ш СТАРОКАШИРСКОЕ, дом 4А</legalAddress>
                        <postalAddress>115201, г. Москва, Старокаширское шоссе, д. 4а</postalAddress>
                        <phone>7-499-3461236</phone>
                        <fax>7-495-7108107</fax>
                        <email>Kolesnikov@moesk.ru</email>
                        <okato>45296571000</okato>
                        <okpo>84197232</okpo>
                    </mainInfo>
                </ns2:customer>
                <ns2:purchaseMethodCode>28243</ns2:purchaseMethodCode>
                <ns2:purchaseCodeName>Конкурс</ns2:purchaseCodeName>
                <ns2:placer>
                    <mainInfo>
                        <fullName>ОТКРЫТОЕ АКЦИОНЕРНОЕ ОБЩЕСТВО "ЗАВОД ПО РЕМОНТУ ЭЛЕКТРОТЕХНИЧЕСКОГО ОБОРУДОВАНИЯ"</fullName>
                        <shortName>ОАО "ЗАВОД РЭТО"</shortName>
                        <iko>57724646338772401001</iko>
                        <inn>7724646338</inn>
                        <kpp>772401001</kpp>
                        <ogrn>1077764814324</ogrn>
                        <legalAddress>115201, Г МОСКВА, Ш СТАРОКАШИРСКОЕ, дом 4А</legalAddress>
                        <postalAddress>115201, г. Москва, Старокаширское шоссе, д. 4а</postalAddress>
                        <phone>7-499-3461236</phone>
                        <fax>7-495-7108107</fax>
                        <email>Kolesnikov@moesk.ru</email>
                        <okato>45296571000</okato>
                        <okpo>84197232</okpo>
                    </mainInfo>
                </ns2:placer>
                <ns2:contact>
                    <firstName>Юлия</firstName>
                    <middleName>Владимировна</middleName>
                    <lastName>Новокшанова</lastName>
                    <phone>+7 (499) 3461183</phone>
                    <email>NovokshanovaYV@MOESK.RU</email>
                    <organization>
                        <mainInfo>
                            <fullName>ОТКРЫТОЕ АКЦИОНЕРНОЕ ОБЩЕСТВО "ЗАВОД ПО РЕМОНТУ ЭЛЕКТРОТЕХНИЧЕСКОГО ОБОРУДОВАНИЯ"</fullName>
                            <shortName>ОАО "ЗАВОД РЭТО"</shortName>
                            <iko>57724646338772401001</iko>
                            <inn>7724646338</inn>
                            <kpp>772401001</kpp>
                            <ogrn>1077764814324</ogrn>
                            <legalAddress>115201, Г МОСКВА, Ш СТАРОКАШИРСКОЕ, дом 4А</legalAddress>
                            <postalAddress>115201, г. Москва, Старокаширское шоссе, д. 4а</postalAddress>
                            <phone>7-499-3461236</phone>
                            <fax>7-495-7108107</fax>
                            <email>Kolesnikov@moesk.ru</email>
                            <okato>45296571000</okato>
                            <okpo>84197232</okpo>
                        </mainInfo>
                    </organization>
                </ns2:contact>
                <ns2:publicationDateTime>2017-03-16T18:57:24</ns2:publicationDateTime>
                <ns2:documentationDelivery>
                    <deliveryStartDateTime>2017-03-16</deliveryStartDateTime>
                    <deliveryEndDateTime>2017-04-06</deliveryEndDateTime>
                    <place>ЭТП группы B2B-Center</place>
                    <procedure>Документация по закупке предоставляется без взимания платы в форме электронного документа на сайте ЭТП группы B2B-Center</procedure>
                </ns2:documentationDelivery>
                <ns2:status>P</ns2:status>
                <ns2:version>1</ns2:version>
                <ns2:notDishonest>true</ns2:notDishonest>
                <ns2:attachments>
                    <totalDocumentsCount>6</totalDocumentsCount>
                    <document>
                        <guid>a9898519-2140-0051-0002-58cab555ef8b</guid>
                        <createDateTime>2017-03-16T18:44:32</createDateTime>
                        <fileName>Приложение № 1. Техническое задание..pdf</fileName>
                        <description>Приложение № 1. Техническое задание..pdf</description>
                        <url>http://zakupki.gov.ru/223/purchase/public/download/download.html?id=30121024</url>
                    </document>
                    <document>
                        <guid>a9898519-2140-0051-0003-58cab555ef8b</guid>
                        <createDateTime>2017-03-16T18:44:32</createDateTime>
                        <fileName>Приложение № 2. Проект договора.rar</fileName>
                        <description>Приложение № 2. Проект договора.rar</description>
                        <url>http://zakupki.gov.ru/223/purchase/public/download/download.html?id=30121026</url>
                    </document>
                    <document>
                        <guid>a9898519-2140-0051-0004-58cab555ef8b</guid>
                        <createDateTime>2017-03-16T18:44:37</createDateTime>
                        <fileName>Приложение № 3. Методика проведения аттестации оборудования.pdf</fileName>
                        <description>Приложение № 3. Методика проведения аттестации оборудования.pdf</description>
                        <url>http://zakupki.gov.ru/223/purchase/public/download/download.html?id=30121027</url>
                    </document>
                    <document>
                        <guid>a9898519-2140-0051-0005-58cab555ef8b</guid>
                        <createDateTime>2017-03-16T18:44:41</createDateTime>
                        <fileName>Приложение № 4. Регламент допуска подрядных организаций.pdf</fileName>
                        <description>Приложение № 4. Регламент допуска подрядных организаций.pdf</description>
                        <url>http://zakupki.gov.ru/223/purchase/public/download/download.html?id=30121028</url>
                    </document>
                    <document>
                        <guid>a9898519-2140-0051-0000-58cab555ef8b</guid>
                        <createDateTime>2017-03-16T18:44:31</createDateTime>
                        <fileName>Извещение.docx</fileName>
                        <description>Извещение.docx</description>
                        <url>http://zakupki.gov.ru/223/purchase/public/download/download.html?id=30121022</url>
                    </document>
                    <document>
                        <guid>a9898519-2140-0051-0001-58cab555ef8b</guid>
                        <createDateTime>2017-03-16T18:44:31</createDateTime>
                        <fileName>Конкурсная документация.doc</fileName>
                        <description>Конкурсная документация.doc</description>
                        <url>http://zakupki.gov.ru/223/purchase/public/download/download.html?id=30121023</url>
                    </document>
                </ns2:attachments>
                <ns2:modificationDate>2017-03-16T18:57:24</ns2:modificationDate>
                <ns2:saveUserId>137013</ns2:saveUserId>
                <ns2:deliveryPlaceIndication>DIFFERENT_PLACE</ns2:deliveryPlaceIndication>
                <ns2:emergency>false</ns2:emergency>
                <ns2:jointPurchase>false</ns2:jointPurchase>
                <ns2:electronicPlaceInfo>
                    <name>Система электронных торгов B2B-Center</name>
                    <url>http://b2b-center.ru</url>
                    <electronicPlaceId>107</electronicPlaceId>
                </ns2:electronicPlaceInfo>
                <ns2:placingProcedure>
                    <ns2:examinationPlace>115201, г. Москва, Старокаширское шоссе, д. 4а</ns2:examinationPlace>
                    <ns2:examinationDateTime>2017-04-14T16:00:00</ns2:examinationDateTime>
                    <ns2:summingupDateTime>2017-04-21T16:00:00</ns2:summingupDateTime>
                </ns2:placingProcedure>
                <ns2:submissionCloseDateTime>2017-04-06T11:00:00</ns2:submissionCloseDateTime>
                <ns2:publicationPlannedDate>2017-03-16</ns2:publicationPlannedDate>
                <ns2:lots>
                    <lot>
                        <guid>a9898519-2140-0051-0001-58cab556553f</guid>
                        <ordinalNumber>1</ordinalNumber>
                        <lotEditEnabled>true</lotEditEnabled>
                        <lotData>
                            <subject>Поставка топлива</subject>
                            <currency>
                                <code>RUB</code>
                                <digitalCode>643</digitalCode>
                                <name>Российский рубль</name>
                            </currency>
                            <initialSum>17228000.00</initialSum>
                            <deliveryPlace>
                                <address>115201, г Москва, Старокаширское шоссе,д.4а</address>
                            </deliveryPlace>
                            <lotItems>
                                <newCodes>true</newCodes>
                                <lotItem>
                                    <guid>a9898519-0000-0051-0100-000000052140</guid>
                                    <ordinalNumber>1</ordinalNumber>
                                    <okpd2>
                                        <code>47.30</code>
                                        <name>Услуги по розничной торговле моторным топливом в специализированных магазинах</name>
                                    </okpd2>
                                    <okved2>
                                        <code>47.30</code>
                                        <name>Торговля розничная моторным топливом в специализированных магазинах</name>
                                    </okved2>
                                </lotItem>
                            </lotItems>
                            <forSmallOrMiddle>false</forSmallOrMiddle>
                            <excludePurchaseFromPlan>false</excludePurchaseFromPlan>
                            <subcontractorsRequirement>false</subcontractorsRequirement>
                            <ignoredPurchase>false</ignoredPurchase>
                            <centralized>false</centralized>
                        </lotData>
                        <deliveryPlaceIndication>GL</deliveryPlaceIndication>
                        <jointLotData>
                            <jointLot>false</jointLot>
                        </jointLotData>
                        <lotPlanInfo>
                            <planRegistrationNumber>2160189785</planRegistrationNumber>
                            <planGuid>a9898519-2049-0251-0000-58caae6384dc</planGuid>
                            <positionNumber>170</positionNumber>
                            <lotPlanPosition>COMMODITY</lotPlanPosition>
                            <positionGuid>a9898519-2049-0250-0170-000005523831</positionGuid>
                        </lotPlanInfo>
                        <cancelled>false</cancelled>
                    </lot>
                </ns2:lots>
            </ns2:purchaseNoticeData>
        </ns2:item>
    </ns2:body>
</ns2:purchaseNotice>
