<?xml version="1.0" encoding="UTF-8" standalone="yes"?>
<ns2:purchaseNotice xsi:schemaLocation="http://zakupki.gov.ru/223/integration/schema/TFF-5.2 http://zakupki.gov.ru/223/integration/schema/TFF-5.2/purchase.xsd" xmlns="http://zakupki.gov.ru/223fz/types/1" xmlns:ns10="http://zakupki.gov.ru/223fz/purchasePlan/1" xmlns:ns11="http://zakupki.gov.ru/223fz/purchasePlanProject/1" xmlns:ns12="http://zakupki.gov.ru/223fz/purchasePlanProjectAdditionalPosition/1" xmlns:ns13="http://zakupki.gov.ru/223fz/contract/1" xmlns:ns14="http://zakupki.gov.ru/223fz/missedNotice/1" xmlns:ns15="http://zakupki.gov.ru/223fz/reference/1" xmlns:ns16="http://zakupki.gov.ru/223fz/stopCommodity/1" xmlns:ns17="http://zakupki.gov.ru/223fz/decisionSuspension/1" xmlns:ns18="http://zakupki.gov.ru/223fz/purchasePlanAdditionalPosition/1" xmlns:ns19="http://zakupki.gov.ru/223fz/webRequest/1" xmlns:ns2="http://zakupki.gov.ru/223fz/purchase/1" xmlns:xsi="http://www.w3.org/2001/XMLSchema-instance" xmlns:ns3="http://zakupki.gov.ru/223fz/dishonestSupplier/1" xmlns:ns4="http://zakupki.gov.ru/223fz/machineryListInfo/1" xmlns:ns5="http://zakupki.gov.ru/223fz/revenue/1" xmlns:ns6="http://zakupki.gov.ru/223fz/orderClauseList/1" xmlns:ns7="http://zakupki.gov.ru/223fz/disagreementProtocol/1" xmlns:ns8="http://zakupki.gov.ru/223fz/complaint/1" xmlns:ns9="http://zakupki.gov.ru/223fz/notificationIssue/1">
    <header>
        <guid>d17a82b7-efe0-4ee4-bec3-c1dabeb06f61</guid>
        <createDateTime>2017-03-16T17:27:02</createDateTime>
    </header>
    <ns2:body>
        <ns2:item>
            <guid>6cf6dbac-0fab-c142-6835-19095c1dde60</guid>
            <ns2:purchaseNoticeData>
                <ns2:guid>6cf6dbac-0fab-c142-6835-19095c1dde60</ns2:guid>
                <ns2:createDateTime>2017-03-16T17:25:12</ns2:createDateTime>
                <ns2:urlOOS>https://zakupki.gov.ru/223/purchase/private/purchase/notice-info/details.html?noticeInfoId=5888029</ns2:urlOOS>
                <ns2:urlVSRZ>https://com.roseltorg.ru/#com/procedure/view/id/286320</ns2:urlVSRZ>
                <ns2:registrationNumber>31704899688</ns2:registrationNumber>
                <ns2:name>Редукцион на выбор Поставщика на право заключения договора на поставку материалов в соответствии с п. 2.1 технического задания для нужд ФГУП «ВИАМ.</ns2:name>
                <ns2:customer>
                    <mainInfo>
                        <fullName>федеральное государственное унитарное предприятие "Всероссийский научно-исследовательский институт авиационных материалов"</fullName>
                        <shortName>ФГУП "ВИАМ"</shortName>
                        <iko>57701024933770101001</iko>
                        <inn>7701024933</inn>
                        <kpp>770101001</kpp>
                        <ogrn>1027739045399</ogrn>
                        <legalAddress>105005, Москва, Радио, дом 17</legalAddress>
                        <postalAddress>105005, г. Москва, ул. Радио, д.17</postalAddress>
                        <phone>8-499-2638990</phone>
                        <email>admin@viam.ru</email>
                        <okato>45286555000</okato>
                        <okpo>07545412</okpo>
                    </mainInfo>
                </ns2:customer>
                <ns2:purchaseMethodCode>9110</ns2:purchaseMethodCode>
                <ns2:purchaseCodeName>Редукцион</ns2:purchaseCodeName>
                <ns2:placer>
                    <mainInfo>
                        <fullName>федеральное государственное унитарное предприятие "Всероссийский научно-исследовательский институт авиационных материалов"</fullName>
                        <shortName>ФГУП "ВИАМ"</shortName>
                        <iko>57701024933770101001</iko>
                        <inn>7701024933</inn>
                        <kpp>770101001</kpp>
                        <ogrn>1027739045399</ogrn>
                        <legalAddress>105005, Москва, Радио, дом 17</legalAddress>
                        <postalAddress>105005, г. Москва, ул. Радио, д.17</postalAddress>
                        <phone>8-499-2638990</phone>
                        <email>admin@viam.ru</email>
                        <okato>45286555000</okato>
                        <okpo>07545412</okpo>
                    </mainInfo>
                </ns2:placer>
                <ns2:contact>
                    <firstName>Алексей</firstName>
                    <middleName>Васильевич</middleName>
                    <lastName>Чепрасов</lastName>
                    <phone>+7 (499) 2638723</phone>
                    <email>acheprasov@viam.ru</email>
                    <organization>
                        <mainInfo>
                            <fullName>федеральное государственное унитарное предприятие "Всероссийский научно-исследовательский институт авиационных материалов"</fullName>
                            <shortName>ФГУП "ВИАМ"</shortName>
                            <iko>57701024933770101001</iko>
                            <inn>7701024933</inn>
                            <kpp>770101001</kpp>
                            <ogrn>1027739045399</ogrn>
                            <legalAddress>105005, Москва, Радио, дом 17</legalAddress>
                            <postalAddress>105005, г. Москва, ул. Радио, д.17</postalAddress>
                            <phone>8-499-2638990</phone>
                            <email>admin@viam.ru</email>
                            <okato>45286555000</okato>
                            <okpo>07545412</okpo>
                        </mainInfo>
                    </organization>
                </ns2:contact>
                <ns2:publicationDateTime>2017-03-16T17:27:02</ns2:publicationDateTime>
                <ns2:documentationDelivery>
                    <deliveryStartDateTime>2017-03-16</deliveryStartDateTime>
                    <deliveryEndDateTime>2017-03-24</deliveryEndDateTime>
                    <place>https://com.roseltorg.ru/</place>
                    <procedure>посредством размещения для скачивания и ознакомления</procedure>
                </ns2:documentationDelivery>
                <ns2:status>P</ns2:status>
                <ns2:version>1</ns2:version>
                <ns2:notDishonest>true</ns2:notDishonest>
                <ns2:attachments>
                    <totalDocumentsCount>2</totalDocumentsCount>
                    <document>
                        <guid>7f53cbed-b820-af3d-d991-8e5e0853b2c5</guid>
                        <createDateTime>2017-03-16T17:21:34</createDateTime>
                        <fileName>Извещение[9].docx</fileName>
                        <description>Извещение</description>
                        <url>http://zakupki.gov.ru/223/purchase/public/download/download.html?id=30119269</url>
                    </document>
                    <document>
                        <guid>4be8a4a2-705a-62c6-e6cc-da073db37670</guid>
                        <createDateTime>2017-03-16T17:21:44</createDateTime>
                        <fileName>Документация[8].docx</fileName>
                        <description>Документация</description>
                        <url>http://zakupki.gov.ru/223/purchase/public/download/download.html?id=30119270</url>
                    </document>
                </ns2:attachments>
                <ns2:modificationDate>2017-03-16T17:27:02</ns2:modificationDate>
                <ns2:saveUserId>83412</ns2:saveUserId>
                <ns2:deliveryPlaceIndication>DIFFERENT_PLACE</ns2:deliveryPlaceIndication>
                <ns2:emergency>false</ns2:emergency>
                <ns2:jointPurchase>false</ns2:jointPurchase>
                <ns2:electronicPlaceInfo>
                    <name>АО "ЕЭТП"</name>
                    <url>http://www.roseltorg.ru/</url>
                    <electronicPlaceId>113</electronicPlaceId>
                </ns2:electronicPlaceInfo>
                <ns2:placingProcedure>
                    <ns2:examinationPlace>Москва</ns2:examinationPlace>
                    <ns2:examinationDateTime>2017-03-24T11:30:00</ns2:examinationDateTime>
                    <ns2:summingupDateTime>2017-03-24T12:00:00</ns2:summingupDateTime>
                </ns2:placingProcedure>
                <ns2:submissionCloseDateTime>2017-03-24T09:30:00</ns2:submissionCloseDateTime>
                <ns2:publicationPlannedDate>2017-03-16</ns2:publicationPlannedDate>
                <ns2:lots>
                    <lot>
                        <guid>94179453-40ef-e751-dba4-1e13b91f5c8f</guid>
                        <ordinalNumber>1</ordinalNumber>
                        <lotEditEnabled>true</lotEditEnabled>
                        <lotData>
                            <subject>Поставка материалов</subject>
                            <currency>
                                <code>RUB</code>
                                <digitalCode>643</digitalCode>
                                <name>Российский рубль</name>
                            </currency>
                            <initialSum>1460796.34</initialSum>
                            <deliveryPlace>
                                <address>Подробная информация указана в документации</address>
                            </deliveryPlace>
                            <lotItems>
                                <newCodes>true</newCodes>
                                <lotItem>
                                    <guid>238ec617-7690-7ff5-d778-db769a6a61da</guid>
                                    <ordinalNumber>1</ordinalNumber>
                                    <okpd2>
                                        <code>32.9</code>
                                        <name>Изделия готовые, не включенные в другие группировки</name>
                                    </okpd2>
                                    <okved2>
                                        <code>32.9</code>
                                        <name>Производство изделий, не включенных в другие группировки</name>
                                    </okved2>
                                    <okei>
                                        <code>642</code>
                                        <name>Единица</name>
                                    </okei>
                                    <qty>2225</qty>
                                    <additionalInfo>Поставка материалов</additionalInfo>
                                </lotItem>
                            </lotItems>
                            <forSmallOrMiddle>false</forSmallOrMiddle>
                            <excludePurchaseFromPlan>false</excludePurchaseFromPlan>
                            <subcontractorsRequirement>false</subcontractorsRequirement>
                            <ignoredPurchase>false</ignoredPurchase>
                            <centralized>false</centralized>
                        </lotData>
                        <deliveryPlaceIndication>GL</deliveryPlaceIndication>
                        <jointLotData>
                            <jointLot>false</jointLot>
                        </jointLotData>
                        <lotPlanInfo>
                            <planRegistrationNumber>2160181918</planRegistrationNumber>
                            <planGuid>fea2a9aa-0205-4362-aa0a-030a83c0fd75</planGuid>
                            <positionNumber>346</positionNumber>
                            <lotPlanPosition>COMMODITY</lotPlanPosition>
                            <positionGuid>efd88b87-90f5-4c1c-8981-f24e2c3178ec</positionGuid>
                        </lotPlanInfo>
                        <cancelled>false</cancelled>
                    </lot>
                </ns2:lots>
            </ns2:purchaseNoticeData>
        </ns2:item>
    </ns2:body>
</ns2:purchaseNotice>
