<?xml version="1.0" encoding="UTF-8" standalone="yes"?>
<ns2:purchaseNotice xsi:schemaLocation="http://zakupki.gov.ru/223/integration/schema/TFF-5.2 http://zakupki.gov.ru/223/integration/schema/TFF-5.2/purchase.xsd" xmlns="http://zakupki.gov.ru/223fz/types/1" xmlns:ns10="http://zakupki.gov.ru/223fz/purchasePlan/1" xmlns:ns11="http://zakupki.gov.ru/223fz/purchasePlanProject/1" xmlns:ns12="http://zakupki.gov.ru/223fz/purchasePlanProjectAdditionalPosition/1" xmlns:ns13="http://zakupki.gov.ru/223fz/contract/1" xmlns:ns14="http://zakupki.gov.ru/223fz/missedNotice/1" xmlns:ns15="http://zakupki.gov.ru/223fz/reference/1" xmlns:ns16="http://zakupki.gov.ru/223fz/stopCommodity/1" xmlns:ns17="http://zakupki.gov.ru/223fz/decisionSuspension/1" xmlns:ns18="http://zakupki.gov.ru/223fz/purchasePlanAdditionalPosition/1" xmlns:ns19="http://zakupki.gov.ru/223fz/webRequest/1" xmlns:ns2="http://zakupki.gov.ru/223fz/purchase/1" xmlns:xsi="http://www.w3.org/2001/XMLSchema-instance" xmlns:ns3="http://zakupki.gov.ru/223fz/dishonestSupplier/1" xmlns:ns4="http://zakupki.gov.ru/223fz/machineryListInfo/1" xmlns:ns5="http://zakupki.gov.ru/223fz/revenue/1" xmlns:ns6="http://zakupki.gov.ru/223fz/orderClauseList/1" xmlns:ns7="http://zakupki.gov.ru/223fz/disagreementProtocol/1" xmlns:ns8="http://zakupki.gov.ru/223fz/complaint/1" xmlns:ns9="http://zakupki.gov.ru/223fz/notificationIssue/1">
    <header>
        <guid>ace4126b-b48a-481b-b51e-6c77c6c5c7c8</guid>
        <createDateTime>2017-03-16T16:23:28</createDateTime>
    </header>
    <ns2:body>
        <ns2:item>
            <guid>4f80a6ec-7953-40e2-ab8a-04854b51b474</guid>
            <ns2:purchaseNoticeData>
                <ns2:guid>4f80a6ec-7953-40e2-ab8a-04854b51b474</ns2:guid>
                <ns2:createDateTime>2017-03-16T16:22:35</ns2:createDateTime>
                <ns2:urlOOS>https://zakupki.gov.ru/223/purchase/private/purchase/notice-info/details.html?noticeInfoId=5887457</ns2:urlOOS>
                <ns2:urlVSRZ>http://gazneftetorg.ru/trades/energo/ProposalRequest/?action=view&amp;id=26458</ns2:urlVSRZ>
                <ns2:registrationNumber>31704899149</ns2:registrationNumber>
                <ns2:name>ОЗП №11109/П - Определение лучших условий поставки железобетонных изделий для нужд Публичное акционерное общество "Московская объединенная энергетическая компания"</ns2:name>
                <ns2:customer>
                    <mainInfo>
                        <fullName>ПУБЛИЧНОЕ АКЦИОНЕРНОЕ ОБЩЕСТВО "МОСКОВСКАЯ ОБЪЕДИНЕННАЯ ЭНЕРГЕТИЧЕСКАЯ КОМПАНИЯ"</fullName>
                        <shortName>ПАО "МОЭК"</shortName>
                        <iko>57720518494770401001</iko>
                        <inn>7720518494</inn>
                        <kpp>770401001</kpp>
                        <ogrn>1047796974092</ogrn>
                        <legalAddress>119048, Г МОСКВА, УЛ ЕФРЕМОВА, дом ДОМ 10</legalAddress>
                        <postalAddress>119048, Москва Город, Ефремова Улица, дом 10</postalAddress>
                        <phone>7-495-5877788-8176</phone>
                        <email>info@oaomoek.ru</email>
                        <okato>45263583000</okato>
                        <okpo>75562448</okpo>
                    </mainInfo>
                </ns2:customer>
                <ns2:purchaseMethodCode>61714</ns2:purchaseMethodCode>
                <ns2:purchaseCodeName>Открытый запрос предложений в электронной форме</ns2:purchaseCodeName>
                <ns2:placer>
                    <mainInfo>
                        <fullName>ОБЩЕСТВО С ОГРАНИЧЕННОЙ ОТВЕТСТВЕННОСТЬЮ "ПРЕДПРИЯТИЕ ПРОИЗВОДСТВЕННО-ТЕХНОЛОГИЧЕСКОЙ КОМПЛЕКТАЦИИ"</fullName>
                        <shortName>ООО "ППТК"</shortName>
                        <iko>57733667750775101001</iko>
                        <inn>7733667750</inn>
                        <kpp>773101001</kpp>
                        <ogrn>5087746050145</ogrn>
                        <legalAddress>121357, Г МОСКВА, УЛ ВЕРЕЙСКАЯ, дом ДОМ 17</legalAddress>
                        <postalAddress>121357, дом 17</postalAddress>
                        <phone>7-495-6468027</phone>
                        <fax>7-495-6468027</fax>
                        <email>info@pptk-mos.ru</email>
                        <okato>45268569000</okato>
                        <okpo>87719547</okpo>
                    </mainInfo>
                </ns2:placer>
                <ns2:contact>
                    <firstName>Татьяна</firstName>
                    <middleName>Милановна</middleName>
                    <lastName>Костова</lastName>
                    <phone>+7 (495) 6468027</phone>
                    <email>kostova@pptk-mos.ru</email>
                    <organization>
                        <mainInfo>
                            <fullName>ОБЩЕСТВО С ОГРАНИЧЕННОЙ ОТВЕТСТВЕННОСТЬЮ "ПРЕДПРИЯТИЕ ПРОИЗВОДСТВЕННО-ТЕХНОЛОГИЧЕСКОЙ КОМПЛЕКТАЦИИ"</fullName>
                            <shortName>ООО "ППТК"</shortName>
                            <iko>57733667750775101001</iko>
                            <inn>7733667750</inn>
                            <kpp>773101001</kpp>
                            <ogrn>5087746050145</ogrn>
                            <legalAddress>121357, Г МОСКВА, УЛ ВЕРЕЙСКАЯ, дом ДОМ 17</legalAddress>
                            <postalAddress>121357, дом 17</postalAddress>
                            <phone>7-495-6468027</phone>
                            <fax>7-495-6468027</fax>
                            <email>info@pptk-mos.ru</email>
                            <okato>45268569000</okato>
                            <okpo>87719547</okpo>
                        </mainInfo>
                    </organization>
                </ns2:contact>
                <ns2:publicationDateTime>2017-03-16T16:23:28</ns2:publicationDateTime>
                <ns2:documentationDelivery>
                    <deliveryStartDateTime>2017-03-16</deliveryStartDateTime>
                    <deliveryEndDateTime>2017-03-24</deliveryEndDateTime>
                    <place>Межотраслевая торговая система Gazneftetorg.ru</place>
                    <procedure>Настоящая Документация о запросе предложений размещена на официальном сайте в сети Интернет для размещения информации о размещении заказов на поставки товаров, выполнение работ, оказание услуг, на электронной торговой площадке системы "ГазНефтеторг.ру", одновременно с размещением Извещения и доступна для ознакомления без взимания платы. По письменному заявлению участника Организатор предоставит копию Документации о запросе предложений на бумажном носителе в течение 2 (двух) рабочих дней после получения им соответствующего заявления</procedure>
                </ns2:documentationDelivery>
                <ns2:status>P</ns2:status>
                <ns2:version>1</ns2:version>
                <ns2:notDishonest>false</ns2:notDishonest>
                <ns2:attachments>
                    <totalDocumentsCount>1</totalDocumentsCount>
                    <document>
                        <guid>3c027ed3-28b0-421d-8724-820b5f48c8a3</guid>
                        <createDateTime>2017-03-16T16:22:35</createDateTime>
                        <fileName>ZD11109.zip</fileName>
                        <description>ZD11109 </description>
                        <url>http://zakupki.gov.ru/223/purchase/public/download/download.html?id=30116485</url>
                    </document>
                </ns2:attachments>
                <ns2:modificationDate>2017-03-16T16:23:28</ns2:modificationDate>
                <ns2:saveUserId>164477</ns2:saveUserId>
                <ns2:deliveryPlaceIndication>SINGLE_PLACE</ns2:deliveryPlaceIndication>
                <ns2:emergency>false</ns2:emergency>
                <ns2:jointPurchase>false</ns2:jointPurchase>
                <ns2:electronicPlaceInfo>
                    <name>Заявки по данному предмету договора подаются в электронной форме претендентами на участие в торговой процедуре посредством системы электронного документооборота на сайте в сети Интернет по адресу: gazneftetorg.ru.</name>
                    <url>gazneftetorg.ru</url>
                    <electronicPlaceId>104</electronicPlaceId>
                </ns2:electronicPlaceInfo>
                <ns2:placingProcedure>
                    <ns2:examinationPlace>По адресу в сети интернет www.gazneftetorg.ru</ns2:examinationPlace>
                    <ns2:examinationDateTime>2017-05-24T10:00:00</ns2:examinationDateTime>
                    <ns2:summingupDateTime>2017-05-24T16:00:00</ns2:summingupDateTime>
                </ns2:placingProcedure>
                <ns2:submissionCloseDateTime>2017-03-24T14:00:00</ns2:submissionCloseDateTime>
                <ns2:publicationPlannedDate>2017-03-17</ns2:publicationPlannedDate>
                <ns2:lots>
                    <lot>
                        <guid>7235e412-d8b7-4007-9ab7-d91023fd4330</guid>
                        <ordinalNumber>1</ordinalNumber>
                        <lotEditEnabled>true</lotEditEnabled>
                        <lotData>
                            <subject>ОЗП №11109/П - Определение лучших условий поставки железобетонных изделий для нужд Публичное акционерное общество "Московская объединенная энергетическая компания" (участниками закупки могут быть только субъекты малого и среднего предпринимательства)</subject>
                            <currency>
                                <code>RUB</code>
                                <digitalCode>643</digitalCode>
                                <name>Российский рубль</name>
                            </currency>
                            <initialSum>2141151.49</initialSum>
                            <deliveryPlace>
                                <address>Согласно технического задания</address>
                            </deliveryPlace>
                            <lotItems>
                                <newCodes>true</newCodes>
                                <lotItem>
                                    <guid>3bf003da-c20c-4b90-a8a6-bfd140325172</guid>
                                    <ordinalNumber>2</ordinalNumber>
                                    <okpd2>
                                        <code>27.33</code>
                                        <name>Изделия электроустановочные</name>
                                    </okpd2>
                                    <okved2>
                                        <code>27.33</code>
                                        <name>Производство электроустановочных изделий</name>
                                    </okved2>
                                    <additionalInfo>Объем поставки (выполнения работ/оказания услуг) указан в техническом задании, являющимся неотъемлемым приложением к документации о запросе предложений</additionalInfo>
                                </lotItem>
                            </lotItems>
                            <forSmallOrMiddle>true</forSmallOrMiddle>
                            <excludePurchaseFromPlan>false</excludePurchaseFromPlan>
                            <subcontractorsRequirement>false</subcontractorsRequirement>
                            <ignoredPurchase>false</ignoredPurchase>
                            <centralized>false</centralized>
                        </lotData>
                        <deliveryPlaceIndication>GL</deliveryPlaceIndication>
                        <jointLotData>
                            <jointLot>false</jointLot>
                        </jointLotData>
                        <lotPlanInfo>
                            <planRegistrationNumber>2160185872</planRegistrationNumber>
                            <planGuid>3e29625f-e3d7-4b67-a3e6-f07462cd06f5</planGuid>
                            <positionNumber>371</positionNumber>
                            <lotPlanPosition>COMMODITY</lotPlanPosition>
                            <positionGuid>c1f6ff8a-19af-4306-8e1b-c958cedafc55</positionGuid>
                        </lotPlanInfo>
                        <cancelled>false</cancelled>
                    </lot>
                </ns2:lots>
            </ns2:purchaseNoticeData>
        </ns2:item>
    </ns2:body>
</ns2:purchaseNotice>
