<?xml version="1.0" encoding="UTF-8" standalone="yes"?>
<ns2:purchaseNotice xsi:schemaLocation="http://zakupki.gov.ru/223/integration/schema/TFF-5.2 http://zakupki.gov.ru/223/integration/schema/TFF-5.2/purchase.xsd" xmlns="http://zakupki.gov.ru/223fz/types/1" xmlns:ns10="http://zakupki.gov.ru/223fz/purchasePlan/1" xmlns:ns11="http://zakupki.gov.ru/223fz/purchasePlanProject/1" xmlns:ns12="http://zakupki.gov.ru/223fz/purchasePlanProjectAdditionalPosition/1" xmlns:ns13="http://zakupki.gov.ru/223fz/contract/1" xmlns:ns14="http://zakupki.gov.ru/223fz/missedNotice/1" xmlns:ns15="http://zakupki.gov.ru/223fz/reference/1" xmlns:ns16="http://zakupki.gov.ru/223fz/stopCommodity/1" xmlns:ns17="http://zakupki.gov.ru/223fz/decisionSuspension/1" xmlns:ns18="http://zakupki.gov.ru/223fz/purchasePlanAdditionalPosition/1" xmlns:ns19="http://zakupki.gov.ru/223fz/webRequest/1" xmlns:ns2="http://zakupki.gov.ru/223fz/purchase/1" xmlns:xsi="http://www.w3.org/2001/XMLSchema-instance" xmlns:ns3="http://zakupki.gov.ru/223fz/dishonestSupplier/1" xmlns:ns4="http://zakupki.gov.ru/223fz/machineryListInfo/1" xmlns:ns5="http://zakupki.gov.ru/223fz/revenue/1" xmlns:ns6="http://zakupki.gov.ru/223fz/orderClauseList/1" xmlns:ns7="http://zakupki.gov.ru/223fz/disagreementProtocol/1" xmlns:ns8="http://zakupki.gov.ru/223fz/complaint/1" xmlns:ns9="http://zakupki.gov.ru/223fz/notificationIssue/1">
    <header>
        <guid>69594c4e-379b-4980-84fe-08cc24c9d71e</guid>
        <createDateTime>2017-03-16T16:08:05</createDateTime>
    </header>
    <ns2:body>
        <ns2:item>
            <guid>d8233b21-1462-42ea-8120-386d10416b4a</guid>
            <ns2:purchaseNoticeData>
                <ns2:guid>d8233b21-1462-42ea-8120-386d10416b4a</ns2:guid>
                <ns2:createDateTime>2017-03-16T16:03:31</ns2:createDateTime>
                <ns2:urlOOS>https://zakupki.gov.ru/223/purchase/private/purchase/notice-info/details.html?noticeInfoId=5887238</ns2:urlOOS>
                <ns2:registrationNumber>31704877458</ns2:registrationNumber>
                <ns2:name>Поставка дожимной компрессорной станции, блочного пункта подготовки газа (в том числе блоков отсечной арматуры)</ns2:name>
                <ns2:customer>
                    <mainInfo>
                        <fullName>ОБЩЕСТВО С ОГРАНИЧЕННОЙ ОТВЕТСТВЕННОСТЬЮ "ГЭХ ИНЖИНИРИНГ"</fullName>
                        <shortName>ООО "ГЭХ ИНЖИНИРИНГ"</shortName>
                        <iko>77729722060773001001</iko>
                        <inn>7729722060</inn>
                        <kpp>773001001</kpp>
                        <ogrn>1127747051585</ogrn>
                        <legalAddress>121059, г МОСКВА, ул БРЯНСКАЯ, дом ДОМ 5</legalAddress>
                        <postalAddress>121059, г. Москва, ул. Брянская, д. 5 </postalAddress>
                        <phone>7-495-6467536-1190</phone>
                        <email>D.Zaytsev@mr-energostroy.ru</email>
                        <okato>45268554000</okato>
                        <okpo>11682304</okpo>
                    </mainInfo>
                </ns2:customer>
                <ns2:purchaseMethodCode>72397</ns2:purchaseMethodCode>
                <ns2:purchaseCodeName>открытый запрос предложений</ns2:purchaseCodeName>
                <ns2:placer>
                    <mainInfo>
                        <fullName>ОБЩЕСТВО С ОГРАНИЧЕННОЙ ОТВЕТСТВЕННОСТЬЮ "ГЭХ ИНЖИНИРИНГ"</fullName>
                        <shortName>ООО "ГЭХ ИНЖИНИРИНГ"</shortName>
                        <iko>77729722060773001001</iko>
                        <inn>7729722060</inn>
                        <kpp>773001001</kpp>
                        <ogrn>1127747051585</ogrn>
                        <legalAddress>121059, г МОСКВА, ул БРЯНСКАЯ, дом ДОМ 5</legalAddress>
                        <postalAddress>121059, г. Москва, ул. Брянская, д. 5 </postalAddress>
                        <phone>7-495-6467536-1190</phone>
                        <email>D.Zaytsev@mr-energostroy.ru</email>
                        <okato>45268554000</okato>
                        <okpo>11682304</okpo>
                    </mainInfo>
                </ns2:placer>
                <ns2:contact>
                    <firstName>Юлия</firstName>
                    <middleName>Григорьевна</middleName>
                    <lastName>Полоус</lastName>
                    <phone>+7 (495) 6467536, доб.: 1196</phone>
                    <email>y.polous@mr-energostroy.ru</email>
                    <organization>
                        <mainInfo>
                            <fullName>ОБЩЕСТВО С ОГРАНИЧЕННОЙ ОТВЕТСТВЕННОСТЬЮ "ГЭХ ИНЖИНИРИНГ"</fullName>
                            <shortName>ООО "ГЭХ ИНЖИНИРИНГ"</shortName>
                            <iko>77729722060773001001</iko>
                            <inn>7729722060</inn>
                            <kpp>773001001</kpp>
                            <ogrn>1127747051585</ogrn>
                            <legalAddress>121059, г МОСКВА, ул БРЯНСКАЯ, дом ДОМ 5</legalAddress>
                            <postalAddress>121059, г. Москва, ул. Брянская, д. 5 </postalAddress>
                            <phone>7-495-6467536-1190</phone>
                            <email>D.Zaytsev@mr-energostroy.ru</email>
                            <okato>45268554000</okato>
                            <okpo>11682304</okpo>
                        </mainInfo>
                    </organization>
                </ns2:contact>
                <ns2:publicationDateTime>2017-03-16T16:08:05</ns2:publicationDateTime>
                <ns2:documentationDelivery>
                    <deliveryStartDateTime>2017-03-10</deliveryStartDateTime>
                    <deliveryEndDateTime>2017-03-20</deliveryEndDateTime>
                    <place>ул. Брянская, д. 5, г. Москва, 121059, 4этаж</place>
                    <procedure>согласно Документации о запросе предложений</procedure>
                </ns2:documentationDelivery>
                <ns2:status>P</ns2:status>
                <ns2:version>6</ns2:version>
                <ns2:modificationDescription>перенос сроков подачи заявок</ns2:modificationDescription>
                <ns2:notDishonest>false</ns2:notDishonest>
                <ns2:attachments>
                    <totalDocumentsCount>7</totalDocumentsCount>
                    <document>
                        <guid>29b0b1da-6ca2-454f-ac71-1e2ff1e3bc03</guid>
                        <createDateTime>2017-03-16T16:07:50</createDateTime>
                        <fileName>Закупочная док ОЗП_ДКС_160317.docx</fileName>
                        <description>Закупочная док ОЗП_ДКС_160317</description>
                        <url>http://zakupki.gov.ru/223/purchase/public/download/download.html?id=30115703</url>
                    </document>
                    <document>
                        <guid>a7ea8331-9525-4c69-b39e-5613ff367651</guid>
                        <createDateTime>2017-03-16T10:58:31</createDateTime>
                        <fileName>Договор кор.zip</fileName>
                        <description>Договор кор</description>
                        <url>http://zakupki.gov.ru/223/purchase/public/download/download.html?id=30115415</url>
                    </document>
                    <document>
                        <guid>e85662dc-b2db-4260-a49a-f1e2e216c1cb</guid>
                        <createDateTime>2017-03-16T10:58:38</createDateTime>
                        <fileName>Закупочная док ОЗП_ДКС_160317.docx</fileName>
                        <description>Закупочная док ОЗП_ДКС_160317</description>
                        <url>http://zakupki.gov.ru/223/purchase/public/download/download.html?id=30115416</url>
                    </document>
                    <document>
                        <guid>da427eed-4cd2-480f-b2bd-62178f875a20</guid>
                        <createDateTime>2017-03-13T11:35:00</createDateTime>
                        <fileName>44-01R2-00-02UEN-040-45-GS_MY2 ТТ.pdf</fileName>
                        <description>44-01R2-00-02UEN-040-45-GS_MY2 ТТ</description>
                        <url>http://zakupki.gov.ru/223/purchase/public/download/download.html?id=30115417</url>
                    </document>
                    <document>
                        <guid>0788e1ea-8190-4a66-9053-d20e2b794c59</guid>
                        <createDateTime>2017-03-10T19:56:59</createDateTime>
                        <fileName>2017-03-03 ТТ ДКС винтовые.docx</fileName>
                        <description>2017-03-03 ТТ ДКС винтовые</description>
                        <url>http://zakupki.gov.ru/223/purchase/public/download/download.html?id=30115418</url>
                    </document>
                    <document>
                        <guid>a4e55ad0-25db-4650-a9bd-53e7d5400ca6</guid>
                        <createDateTime>2017-03-14T11:26:31</createDateTime>
                        <fileName>2017-03-07 ТТ ППГ (с правками).docx</fileName>
                        <description>2017-03-07 ТТ ППГ (с правками)</description>
                        <url>http://zakupki.gov.ru/223/purchase/public/download/download.html?id=30115419</url>
                    </document>
                    <document>
                        <guid>36c18eb9-0dd0-41a0-8f13-5145eb5462ae</guid>
                        <createDateTime>2017-03-16T10:58:46</createDateTime>
                        <fileName>Приложение  №3_оценка ОЗП_ДКС, БППГ.DOCX</fileName>
                        <description>Приложение  №3_оценка ОЗП_ДКС, БППГ</description>
                        <url>http://zakupki.gov.ru/223/purchase/public/download/download.html?id=30115420</url>
                    </document>
                </ns2:attachments>
                <ns2:modificationDate>2017-03-16T16:08:05</ns2:modificationDate>
                <ns2:saveUserId>167694</ns2:saveUserId>
                <ns2:deliveryPlaceIndication>DIFFERENT_PLACE</ns2:deliveryPlaceIndication>
                <ns2:emergency>false</ns2:emergency>
                <ns2:jointPurchase>false</ns2:jointPurchase>
                <ns2:submissionCloseDateTime>2017-03-20T15:30:00</ns2:submissionCloseDateTime>
                <ns2:publicationPlannedDate>2017-03-10</ns2:publicationPlannedDate>
                <ns2:templateVersion>1</ns2:templateVersion>
                <ns2:templateStructure>
                    <ns2:level>
                        <ns2:tabLevel>NOTICE</ns2:tabLevel>
                        <ns2:tab>
                            <tabOrdinal>1</tabOrdinal>
                            <tabName>Общая информация</tabName>
                            <fixedName>MAIN</fixedName>
                            <section>
                                <sectionOrdinal>1</sectionOrdinal>
                                <sectionName>Сведения о состоянии извещения</sectionName>
                                <fixedName>MAIN_STATUS</fixedName>
                            </section>
                            <section>
                                <sectionOrdinal>2</sectionOrdinal>
                                <sectionName>Сведения о заказчике</sectionName>
                                <fixedName>MAIN_CUSTOMER</fixedName>
                            </section>
                            <section>
                                <sectionOrdinal>3</sectionOrdinal>
                                <sectionName>Общие сведения о закупке</sectionName>
                                <fixedName>MAIN_PURCHASE</fixedName>
                            </section>
                            <section>
                                <sectionOrdinal>4</sectionOrdinal>
                                <sectionName>Контактная информация</sectionName>
                                <fixedName>MAIN_CONTACTS</fixedName>
                            </section>
                        </ns2:tab>
                        <ns2:tab>
                            <tabOrdinal>2</tabOrdinal>
                            <tabName>Порядок размещения закупки</tabName>
                            <fixedName>COMMISSION</fixedName>
                            <section>
                                <sectionOrdinal>1</sectionOrdinal>
                                <sectionName>Размещение извещения</sectionName>
                                <fixedName>COMMISSION_PUBLISH</fixedName>
                            </section>
                        </ns2:tab>
                        <ns2:tab>
                            <tabOrdinal>3</tabOrdinal>
                            <tabName>Список лотов</tabName>
                            <fixedName>LOTS</fixedName>
                            <section>
                                <sectionOrdinal>1</sectionOrdinal>
                                <sectionName>Сведения о лотах</sectionName>
                                <fixedName>LOTS_INFO</fixedName>
                            </section>
                        </ns2:tab>
                        <ns2:tab>
                            <tabOrdinal>6</tabOrdinal>
                            <tabName>Документация</tabName>
                            <fixedName>DOCS</fixedName>
                            <section>
                                <sectionOrdinal>1</sectionOrdinal>
                                <sectionName>Предоставление документации</sectionName>
                                <fixedName>DOCS_INFO</fixedName>
                            </section>
                            <section>
                                <sectionOrdinal>2</sectionOrdinal>
                                <sectionName>Файлы документации</sectionName>
                                <fixedName>DOCS_FILES</fixedName>
                            </section>
                        </ns2:tab>
                    </ns2:level>
                    <ns2:level>
                        <ns2:tabLevel>LOT</ns2:tabLevel>
                        <ns2:tab>
                            <tabOrdinal>4</tabOrdinal>
                            <tabName>Сведения о лоте</tabName>
                            <fixedName>LOT_INFORMATION</fixedName>
                            <section>
                                <sectionOrdinal>1</sectionOrdinal>
                                <sectionName>Общая информация о лоте</sectionName>
                                <fixedName>LOT_INFO</fixedName>
                            </section>
                            <section>
                                <sectionOrdinal>2</sectionOrdinal>
                                <sectionName>Информация о товаре, работе, услуге</sectionName>
                                <fixedName>LOT_GOODS</fixedName>
                            </section>
                            <section>
                                <sectionOrdinal>3</sectionOrdinal>
                                <sectionName>Место поставки</sectionName>
                                <fixedName>LOT_PLACE</fixedName>
                            </section>
                        </ns2:tab>
                    </ns2:level>
                    <ns2:level>
                        <ns2:tabLevel>LOT_CUSTOMER</ns2:tabLevel>
                        <ns2:tab>
                            <tabOrdinal>5</tabOrdinal>
                            <tabName>Сведения по заказчику</tabName>
                            <fixedName>LOT_CUSTOMER</fixedName>
                            <section>
                                <sectionOrdinal>1</sectionOrdinal>
                                <sectionName>Общая информация по Заказчику</sectionName>
                                <fixedName>LOT_CUSTOMER_INFO</fixedName>
                            </section>
                            <section>
                                <sectionOrdinal>2</sectionOrdinal>
                                <sectionName>Информация о товаре, работе, услуге</sectionName>
                                <fixedName>LOT_CUSTOMER_GOODS</fixedName>
                            </section>
                            <section>
                                <sectionOrdinal>3</sectionOrdinal>
                                <sectionName>Место поставки</sectionName>
                                <fixedName>LOT_CUSTOMER_PLACE</fixedName>
                            </section>
                        </ns2:tab>
                    </ns2:level>
                </ns2:templateStructure>
                <ns2:extendFields>
                    <noticeExtendField>
                        <extendField>
                            <integrCode>examinationPlace</integrCode>
                            <description>Место рассмотрения заявок</description>
                            <type>TEXT</type>
                            <value>
                                <text>ул. Брянская, д. 5, г. Москва, 121059, 4этаж</text>
                            </value>
                        </extendField>
                        <extendField>
                            <integrCode>examinationDateTime</integrCode>
                            <description>Дата и время рассмотрения заявок</description>
                            <type>DATETIME</type>
                            <value>
                                <dateTime>2017-03-23T12:00:00</dateTime>
                            </value>
                        </extendField>
                        <extendField>
                            <integrCode>summingupPlace</integrCode>
                            <description>Место подведения итогов</description>
                            <type>TEXT</type>
                            <value>
                                <text>ул. Брянская, д. 5, г. Москва, 121059, 4этаж</text>
                            </value>
                        </extendField>
                        <extendField>
                            <integrCode>summingupTime</integrCode>
                            <description>Дата и время подведения итогов</description>
                            <type>DATETIME</type>
                            <value>
                                <dateTime>2017-03-24T14:00:00</dateTime>
                            </value>
                        </extendField>
                        <position>
                            <tabOrdinal>2</tabOrdinal>
                            <tabName>COMMISSION</tabName>
                            <sectionOrdinal>1</sectionOrdinal>
                            <sectionName>COMISSION_SEC_Размещение извещения</sectionName>
                        </position>
                    </noticeExtendField>
                </ns2:extendFields>
                <ns2:lots>
                    <lot>
                        <guid>ac7b6f5f-0d58-4a90-9b4d-4bb2b045bb50</guid>
                        <ordinalNumber>1</ordinalNumber>
                        <lotEditEnabled>false</lotEditEnabled>
                        <lotData>
                            <subject>Поставка дожимной компрессорной станции, блочного пункта подготовки газа (в том числе блоков отсечной арматуры)</subject>
                            <currency>
                                <code>RUB</code>
                                <digitalCode>643</digitalCode>
                                <name>Российский рубль</name>
                            </currency>
                            <initialSum>1070000000.00</initialSum>
                            <deliveryPlace>
                                <state>Северо-Кавказский федеральный округ</state>
                                <region>Чеченская   Респ </region>
                                <regionOkato>96000000000</regionOkato>
                                <address>ул. Брянская, д. 5, г. Москва, 121059, 4этаж</address>
                            </deliveryPlace>
                            <lotItems>
                                <newCodes>true</newCodes>
                                <lotItem>
                                    <guid>a8cd5469-eb86-45b2-b86c-ffb0c77ba135</guid>
                                    <ordinalNumber>1</ordinalNumber>
                                    <okpd2>
                                        <code>28</code>
                                        <name>Машины и оборудование, не включенные в другие группировки</name>
                                    </okpd2>
                                    <okved2>
                                        <code>28</code>
                                        <name>Производство машин и оборудования, не включенных в другие группировки</name>
                                    </okved2>
                                    <okei>
                                        <code>876</code>
                                        <name>Условная единица</name>
                                    </okei>
                                    <qty>3</qty>
                                </lotItem>
                            </lotItems>
                            <forSmallOrMiddle>false</forSmallOrMiddle>
                            <excludePurchaseFromPlan>false</excludePurchaseFromPlan>
                            <subcontractorsRequirement>false</subcontractorsRequirement>
                            <ignoredPurchase>false</ignoredPurchase>
                            <centralized>false</centralized>
                        </lotData>
                        <deliveryPlaceIndication>GL</deliveryPlaceIndication>
                        <jointLotData>
                            <jointLot>false</jointLot>
                        </jointLotData>
                        <lotPlanInfo>
                            <planRegistrationNumber>2160214600</planRegistrationNumber>
                            <planGuid>be12dcef-c75f-45ac-80d2-37c43bb4f80f</planGuid>
                            <positionNumber>10</positionNumber>
                            <lotPlanPosition>COMMODITY</lotPlanPosition>
                            <positionGuid>e7b39b8e-273a-4099-bfa1-1331eb2fa157</positionGuid>
                        </lotPlanInfo>
                        <cancelled>false</cancelled>
                    </lot>
                </ns2:lots>
            </ns2:purchaseNoticeData>
        </ns2:item>
    </ns2:body>
</ns2:purchaseNotice>
