<?xml version="1.0" encoding="UTF-8" standalone="yes"?>
<ns2:purchaseNotice xsi:schemaLocation="http://zakupki.gov.ru/223/integration/schema/TFF-5.2 http://zakupki.gov.ru/223/integration/schema/TFF-5.2/purchase.xsd" xmlns="http://zakupki.gov.ru/223fz/types/1" xmlns:ns10="http://zakupki.gov.ru/223fz/purchasePlan/1" xmlns:ns11="http://zakupki.gov.ru/223fz/purchasePlanProject/1" xmlns:ns12="http://zakupki.gov.ru/223fz/purchasePlanProjectAdditionalPosition/1" xmlns:ns13="http://zakupki.gov.ru/223fz/contract/1" xmlns:ns14="http://zakupki.gov.ru/223fz/missedNotice/1" xmlns:ns15="http://zakupki.gov.ru/223fz/reference/1" xmlns:ns16="http://zakupki.gov.ru/223fz/stopCommodity/1" xmlns:ns17="http://zakupki.gov.ru/223fz/decisionSuspension/1" xmlns:ns18="http://zakupki.gov.ru/223fz/purchasePlanAdditionalPosition/1" xmlns:ns19="http://zakupki.gov.ru/223fz/webRequest/1" xmlns:ns2="http://zakupki.gov.ru/223fz/purchase/1" xmlns:xsi="http://www.w3.org/2001/XMLSchema-instance" xmlns:ns3="http://zakupki.gov.ru/223fz/dishonestSupplier/1" xmlns:ns4="http://zakupki.gov.ru/223fz/machineryListInfo/1" xmlns:ns5="http://zakupki.gov.ru/223fz/revenue/1" xmlns:ns6="http://zakupki.gov.ru/223fz/orderClauseList/1" xmlns:ns7="http://zakupki.gov.ru/223fz/disagreementProtocol/1" xmlns:ns8="http://zakupki.gov.ru/223fz/complaint/1" xmlns:ns9="http://zakupki.gov.ru/223fz/notificationIssue/1">
    <header>
        <guid>1c6be953-6cb3-4689-86a9-7dc3c2375de7</guid>
        <createDateTime>2017-03-16T20:21:54</createDateTime>
    </header>
    <ns2:body>
        <ns2:item>
            <guid>dc851e43-10c9-4f8d-98e8-29b3e397e6a0</guid>
            <ns2:purchaseNoticeData>
                <ns2:guid>dc851e43-10c9-4f8d-98e8-29b3e397e6a0</ns2:guid>
                <ns2:createDateTime>2017-03-16T20:18:17</ns2:createDateTime>
                <ns2:urlOOS>https://zakupki.gov.ru/223/purchase/private/purchase/notice-info/details.html?noticeInfoId=5888458</ns2:urlOOS>
                <ns2:registrationNumber>31704900074</ns2:registrationNumber>
                <ns2:name>Выполнение санитарно-оздоровительных мероприятий на территориях Ногинского, Нахабинского, Монинского и Наро-Фоминского участковых лесничеств Московского лесничества Министерства обороны Российской Федерации – филиала ФГКУ «УЛХиП» Минобороны России, с целью улучшения санитарного состояния леса</ns2:name>
                <ns2:customer>
                    <mainInfo>
                        <fullName>ФЕДЕРАЛЬНОЕ ГОСУДАРСТВЕННОЕ АВТОНОМНОЕ УЧРЕЖДЕНИЕ "УПРАВЛЕНИЕ ЛЕСНОГО ХОЗЯЙСТВА" МИНИСТЕРСТВА ОБОРОНЫ РОССИЙСКОЙ ФЕДЕРАЦИИ</fullName>
                        <shortName>ФГАУ "ОБОРОНЛЕС" МИНОБОРОНЫ РОССИИ</shortName>
                        <iko>57718239133770401001</iko>
                        <inn>7718239133</inn>
                        <kpp>770401001</kpp>
                        <ogrn>1037718024046</ogrn>
                        <legalAddress>119435, г МОСКВА, ул ПИРОГОВСКАЯ Б., дом 21, корпус 1</legalAddress>
                        <postalAddress>119435г МОСКВА, ул ПИРОГОВСКАЯ Б., 21, 1</postalAddress>
                        <phone>7-495-6934828</phone>
                        <fax>7-495-6934828</fax>
                        <email>mr.vladiss@mail.ru</email>
                        <okato>45286590000</okato>
                        <okpo>08036598</okpo>
                    </mainInfo>
                </ns2:customer>
                <ns2:purchaseMethodCode>115409</ns2:purchaseMethodCode>
                <ns2:purchaseCodeName>Запрос предложений</ns2:purchaseCodeName>
                <ns2:placer>
                    <mainInfo>
                        <fullName>ФЕДЕРАЛЬНОЕ ГОСУДАРСТВЕННОЕ АВТОНОМНОЕ УЧРЕЖДЕНИЕ "УПРАВЛЕНИЕ ЛЕСНОГО ХОЗЯЙСТВА" МИНИСТЕРСТВА ОБОРОНЫ РОССИЙСКОЙ ФЕДЕРАЦИИ</fullName>
                        <shortName>ФГАУ "ОБОРОНЛЕС" МИНОБОРОНЫ РОССИИ</shortName>
                        <iko>57718239133770401001</iko>
                        <inn>7718239133</inn>
                        <kpp>770401001</kpp>
                        <ogrn>1037718024046</ogrn>
                        <legalAddress>119435, г МОСКВА, ул ПИРОГОВСКАЯ Б., дом 21, корпус 1</legalAddress>
                        <postalAddress>119435г МОСКВА, ул ПИРОГОВСКАЯ Б., 21, 1</postalAddress>
                        <phone>7-495-6934828</phone>
                        <fax>7-495-6934828</fax>
                        <email>mr.vladiss@mail.ru</email>
                        <okato>45286590000</okato>
                        <okpo>08036598</okpo>
                    </mainInfo>
                </ns2:placer>
                <ns2:contact>
                    <firstName>Владислав</firstName>
                    <middleName>Геннадьевич</middleName>
                    <lastName>Беляев</lastName>
                    <phone>+7 (495) 6934828</phone>
                    <fax>+7 (495) 6934819</fax>
                    <email>Vladiss@mail.ru</email>
                    <organization>
                        <mainInfo>
                            <fullName>ФЕДЕРАЛЬНОЕ ГОСУДАРСТВЕННОЕ АВТОНОМНОЕ УЧРЕЖДЕНИЕ "УПРАВЛЕНИЕ ЛЕСНОГО ХОЗЯЙСТВА" МИНИСТЕРСТВА ОБОРОНЫ РОССИЙСКОЙ ФЕДЕРАЦИИ</fullName>
                            <shortName>ФГАУ "ОБОРОНЛЕС" МИНОБОРОНЫ РОССИИ</shortName>
                            <iko>57718239133770401001</iko>
                            <inn>7718239133</inn>
                            <kpp>770401001</kpp>
                            <ogrn>1037718024046</ogrn>
                            <legalAddress>119435, г МОСКВА, ул ПИРОГОВСКАЯ Б., дом 21, корпус 1</legalAddress>
                            <postalAddress>119435г МОСКВА, ул ПИРОГОВСКАЯ Б., 21, 1</postalAddress>
                            <phone>7-495-6934828</phone>
                            <fax>7-495-6934828</fax>
                            <email>mr.vladiss@mail.ru</email>
                            <okato>45286590000</okato>
                            <okpo>08036598</okpo>
                        </mainInfo>
                    </organization>
                </ns2:contact>
                <ns2:publicationDateTime>2017-03-16T20:21:54</ns2:publicationDateTime>
                <ns2:documentationDelivery>
                    <deliveryStartDateTime>2017-03-17</deliveryStartDateTime>
                    <deliveryEndDateTime>2017-03-23</deliveryEndDateTime>
                    <place>119435, г МОСКВА, ул. ПИРОГОВСКАЯ Б., дом 21, корпус 1, 202 каб.</place>
                    <procedure>По письменному запросу</procedure>
                </ns2:documentationDelivery>
                <ns2:status>P</ns2:status>
                <ns2:version>1</ns2:version>
                <ns2:notDishonest>false</ns2:notDishonest>
                <ns2:attachments>
                    <totalDocumentsCount>4</totalDocumentsCount>
                    <document>
                        <guid>f7e9566a-f3fa-4191-905f-48e99e2477e2</guid>
                        <createDateTime>2017-03-16T20:21:15</createDateTime>
                        <fileName>Извещение и документация.docx</fileName>
                        <description>Извещение и документация</description>
                        <url>http://zakupki.gov.ru/223/purchase/public/download/download.html?id=30121415</url>
                    </document>
                    <document>
                        <guid>109b5fc1-6083-481e-a476-9d1b6ca1a00e</guid>
                        <createDateTime>2017-03-16T20:21:20</createDateTime>
                        <fileName>Приказ 79 от 16.03.2017.pdf</fileName>
                        <description>Приказ 79 от 16.03.2017</description>
                        <url>http://zakupki.gov.ru/223/purchase/public/download/download.html?id=30121416</url>
                    </document>
                    <document>
                        <guid>a2a0ac57-2865-45af-9e32-ee2580fc772b</guid>
                        <createDateTime>2017-03-16T20:21:24</createDateTime>
                        <fileName>Техническое задание.doc</fileName>
                        <description>Техническое задание</description>
                        <url>http://zakupki.gov.ru/223/purchase/public/download/download.html?id=30121417</url>
                    </document>
                    <document>
                        <guid>7a56880b-9e68-41b5-a1b7-29924313e9a6</guid>
                        <createDateTime>2017-03-16T20:21:28</createDateTime>
                        <fileName>Проект договора.rar</fileName>
                        <description>Проект договора</description>
                        <url>http://zakupki.gov.ru/223/purchase/public/download/download.html?id=30121418</url>
                    </document>
                </ns2:attachments>
                <ns2:modificationDate>2017-03-16T20:21:54</ns2:modificationDate>
                <ns2:saveUserId>170377</ns2:saveUserId>
                <ns2:deliveryPlaceIndication>DIFFERENT_PLACE</ns2:deliveryPlaceIndication>
                <ns2:emergency>false</ns2:emergency>
                <ns2:jointPurchase>false</ns2:jointPurchase>
                <ns2:placingProcedure>
                    <ns2:examinationPlace>119435, г МОСКВА, ул ПИРОГОВСКАЯ Б., дом 21, корпус 1</ns2:examinationPlace>
                    <ns2:examinationDateTime>2017-03-24T11:00:00</ns2:examinationDateTime>
                    <ns2:summingupDateTime>2017-03-24T12:00:00</ns2:summingupDateTime>
                    <ns2:summingupPlace>119435, г МОСКВА, ул ПИРОГОВСКАЯ Б., дом 21, корпус 1</ns2:summingupPlace>
                </ns2:placingProcedure>
                <ns2:submissionCloseDateTime>2017-03-23T18:00:00</ns2:submissionCloseDateTime>
                <ns2:publicationPlannedDate>2017-03-16</ns2:publicationPlannedDate>
                <ns2:lots>
                    <lot>
                        <guid>6357b734-443b-4642-989d-5e802faa4d11</guid>
                        <ordinalNumber>1</ordinalNumber>
                        <lotEditEnabled>false</lotEditEnabled>
                        <lotData>
                            <subject>Выполнение санитарно-оздоровительных мероприятий на территориях Ногинского, Нахабинского, Монинского и Наро-Фоминского участковых лесничеств Московского лесничества Министерства обороны Российской Федерации – филиала ФГКУ «УЛХиП» Минобороны России, с целью улучшения санитарного состояния леса
</subject>
                            <currency>
                                <code>RUB</code>
                                <digitalCode>643</digitalCode>
                                <name>Российский рубль</name>
                            </currency>
                            <initialSum>6101014.50</initialSum>
                            <deliveryPlace>
                                <state>Центральный федеральный округ</state>
                                <region>Московская   обл</region>
                                <regionOkato>46000000000</regionOkato>
                                <address>территории Ногинского, Нахабинского, Монинского и Наро-Фоминского участковых лесничеств Московского лесничества Министерства обороны Российской Федерации</address>
                            </deliveryPlace>
                            <lotItems>
                                <newCodes>true</newCodes>
                                <lotItem>
                                    <guid>98dc4747-79a2-462d-8732-8d1ab7ebd432</guid>
                                    <ordinalNumber>1</ordinalNumber>
                                    <okpd2>
                                        <code>02.40.10.119</code>
                                        <name>Услуги, связанные с лесоводством, прочие, не включенные в другие группировки</name>
                                    </okpd2>
                                    <okved2>
                                        <code>02.40.1</code>
                                        <name>Предоставление услуг в области лесоводства</name>
                                    </okved2>
                                    <okei>
                                        <code>876</code>
                                        <name>Условная единица</name>
                                    </okei>
                                    <qty>1</qty>
                                </lotItem>
                            </lotItems>
                            <forSmallOrMiddle>false</forSmallOrMiddle>
                            <excludePurchaseFromPlan>false</excludePurchaseFromPlan>
                            <subcontractorsRequirement>false</subcontractorsRequirement>
                            <ignoredPurchase>false</ignoredPurchase>
                            <centralized>false</centralized>
                        </lotData>
                        <deliveryPlaceIndication>GL</deliveryPlaceIndication>
                        <jointLotData>
                            <jointLot>false</jointLot>
                        </jointLotData>
                        <lotPlanInfo>
                            <planRegistrationNumber>2160217204</planRegistrationNumber>
                            <planGuid>d21163cb-6076-4795-be02-eb3dee6a53ee</planGuid>
                            <positionNumber>44</positionNumber>
                            <lotPlanPosition>COMMODITY</lotPlanPosition>
                            <positionGuid>4f4fb879-3a23-47fd-8c57-f38faee945af</positionGuid>
                        </lotPlanInfo>
                        <cancelled>false</cancelled>
                    </lot>
                </ns2:lots>
            </ns2:purchaseNoticeData>
        </ns2:item>
    </ns2:body>
</ns2:purchaseNotice>
