<?xml version="1.0" encoding="UTF-8" standalone="yes"?>
<ns2:purchaseNotice xsi:schemaLocation="http://zakupki.gov.ru/223/integration/schema/TFF-5.2 http://zakupki.gov.ru/223/integration/schema/TFF-5.2/purchase.xsd" xmlns="http://zakupki.gov.ru/223fz/types/1" xmlns:ns10="http://zakupki.gov.ru/223fz/purchasePlan/1" xmlns:ns11="http://zakupki.gov.ru/223fz/purchasePlanProject/1" xmlns:ns12="http://zakupki.gov.ru/223fz/purchasePlanProjectAdditionalPosition/1" xmlns:ns13="http://zakupki.gov.ru/223fz/contract/1" xmlns:ns14="http://zakupki.gov.ru/223fz/missedNotice/1" xmlns:ns15="http://zakupki.gov.ru/223fz/reference/1" xmlns:ns16="http://zakupki.gov.ru/223fz/stopCommodity/1" xmlns:ns17="http://zakupki.gov.ru/223fz/decisionSuspension/1" xmlns:ns18="http://zakupki.gov.ru/223fz/purchasePlanAdditionalPosition/1" xmlns:ns19="http://zakupki.gov.ru/223fz/webRequest/1" xmlns:ns2="http://zakupki.gov.ru/223fz/purchase/1" xmlns:xsi="http://www.w3.org/2001/XMLSchema-instance" xmlns:ns3="http://zakupki.gov.ru/223fz/dishonestSupplier/1" xmlns:ns4="http://zakupki.gov.ru/223fz/machineryListInfo/1" xmlns:ns5="http://zakupki.gov.ru/223fz/revenue/1" xmlns:ns6="http://zakupki.gov.ru/223fz/orderClauseList/1" xmlns:ns7="http://zakupki.gov.ru/223fz/disagreementProtocol/1" xmlns:ns8="http://zakupki.gov.ru/223fz/complaint/1" xmlns:ns9="http://zakupki.gov.ru/223fz/notificationIssue/1">
    <header>
        <guid>410ba73a-b8cf-4bfe-b55e-2854f969beb8</guid>
        <createDateTime>2017-03-16T18:02:12</createDateTime>
    </header>
    <ns2:body>
        <ns2:item>
            <guid>1f02f8d1-5788-4847-bdcd-c53770f219ba</guid>
            <ns2:purchaseNoticeData>
                <ns2:guid>1f02f8d1-5788-4847-bdcd-c53770f219ba</ns2:guid>
                <ns2:createDateTime>2017-03-16T17:57:07</ns2:createDateTime>
                <ns2:urlOOS>https://zakupki.gov.ru/223/purchase/private/purchase/notice-info/details.html?noticeInfoId=5888213</ns2:urlOOS>
                <ns2:registrationNumber>31704899851</ns2:registrationNumber>
                <ns2:name>Повторный открытый запрос котировок среди субъектов малого и среднего предпринимательства на право заключения договора на поставку бетона В25 (М350) для объекта строительства «Столовая на 1000/1000 мест/обедов с отдельно стоящим продовольственным складом на 65 тонн в Геопорту г. Новороссийска» (шифр 68/19-ОПБ/СТ)</ns2:name>
                <ns2:customer>
                    <mainInfo>
                        <fullName>АКЦИОНЕРНОЕ ОБЩЕСТВО "ГЛАВНОЕ УПРАВЛЕНИЕ ОБУСТРОЙСТВА ВОЙСК"</fullName>
                        <shortName>АО "ГУОВ"</shortName>
                        <iko>57703702341770401001</iko>
                        <inn>7703702341</inn>
                        <kpp>770401001</kpp>
                        <ogrn>1097746390224</ogrn>
                        <legalAddress>119021, г МОСКВА, пр-кт КОМСОМОЛЬСКИЙ, дом 18, корпус 3</legalAddress>
                        <postalAddress>119021, Москва Город, Комсомольский Проспект, дом 18, строение 3</postalAddress>
                        <phone>7-495-7812153</phone>
                        <email>zakupki@oboronstroy.ru</email>
                        <okato>45286590000</okato>
                        <okpo>08513957</okpo>
                    </mainInfo>
                </ns2:customer>
                <ns2:purchaseMethodCode>31500</ns2:purchaseMethodCode>
                <ns2:purchaseCodeName>Запрос котировок в электронной форме</ns2:purchaseCodeName>
                <ns2:placer>
                    <mainInfo>
                        <fullName>АКЦИОНЕРНОЕ ОБЩЕСТВО "ГЛАВНОЕ УПРАВЛЕНИЕ ОБУСТРОЙСТВА ВОЙСК"</fullName>
                        <shortName>АО "ГУОВ"</shortName>
                        <iko>57703702341770401001</iko>
                        <inn>7703702341</inn>
                        <kpp>770401001</kpp>
                        <ogrn>1097746390224</ogrn>
                        <legalAddress>119021, г МОСКВА, пр-кт КОМСОМОЛЬСКИЙ, дом 18, корпус 3</legalAddress>
                        <postalAddress>119021, Москва Город, Комсомольский Проспект, дом 18, строение 3</postalAddress>
                        <phone>7-495-7812153</phone>
                        <email>zakupki@oboronstroy.ru</email>
                        <okato>45286590000</okato>
                        <okpo>08513957</okpo>
                    </mainInfo>
                </ns2:placer>
                <ns2:contact>
                    <phone>+7 (495) 7812001</phone>
                    <email>zakupki@guov.ru</email>
                    <organization>
                        <mainInfo>
                            <fullName>АКЦИОНЕРНОЕ ОБЩЕСТВО "ГЛАВНОЕ УПРАВЛЕНИЕ ОБУСТРОЙСТВА ВОЙСК"</fullName>
                            <shortName>АО "ГУОВ"</shortName>
                            <iko>57703702341770401001</iko>
                            <inn>7703702341</inn>
                            <kpp>770401001</kpp>
                            <ogrn>1097746390224</ogrn>
                            <legalAddress>119021, г МОСКВА, пр-кт КОМСОМОЛЬСКИЙ, дом 18, корпус 3</legalAddress>
                            <postalAddress>119021, Москва Город, Комсомольский Проспект, дом 18, строение 3</postalAddress>
                            <phone>7-495-7812153</phone>
                            <email>zakupki@oboronstroy.ru</email>
                            <okato>45286590000</okato>
                            <okpo>08513957</okpo>
                        </mainInfo>
                    </organization>
                </ns2:contact>
                <ns2:publicationDateTime>2017-03-16T18:02:12</ns2:publicationDateTime>
                <ns2:documentationDelivery>
                    <deliveryStartDateTime>2017-03-16</deliveryStartDateTime>
                    <deliveryEndDateTime>2017-03-28</deliveryEndDateTime>
                    <place>в соответствии с условиями закупочной документации</place>
                    <procedure>в соответствии с условиями закупочной документации</procedure>
                </ns2:documentationDelivery>
                <ns2:status>P</ns2:status>
                <ns2:version>1</ns2:version>
                <ns2:notDishonest>true</ns2:notDishonest>
                <ns2:attachments>
                    <totalDocumentsCount>4</totalDocumentsCount>
                    <document>
                        <guid>3109d5f9-4538-429d-9935-066821c16f15</guid>
                        <createDateTime>2017-03-16T17:59:57</createDateTime>
                        <fileName>ЗК СМП.doc</fileName>
                        <description>ЗК СМП</description>
                        <url>http://zakupki.gov.ru/223/purchase/public/download/download.html?id=30120274</url>
                    </document>
                    <document>
                        <guid>8e6f7708-9ece-40b8-98bf-342733cd0de6</guid>
                        <createDateTime>2017-03-16T18:00:05</createDateTime>
                        <fileName>Техническое задание.pdf</fileName>
                        <description>Техническое задание</description>
                        <url>http://zakupki.gov.ru/223/purchase/public/download/download.html?id=30120275</url>
                    </document>
                    <document>
                        <guid>b7548935-eff9-4bd2-92e8-9a6aef3cfe53</guid>
                        <createDateTime>2017-03-16T18:00:09</createDateTime>
                        <fileName>РНЦ.pdf</fileName>
                        <description>РНЦ</description>
                        <url>http://zakupki.gov.ru/223/purchase/public/download/download.html?id=30120277</url>
                    </document>
                    <document>
                        <guid>38baca6e-d23f-4181-8083-25ba6446001d</guid>
                        <createDateTime>2017-03-16T18:00:14</createDateTime>
                        <fileName>Проект договора.doc</fileName>
                        <description>Проект договора</description>
                        <url>http://zakupki.gov.ru/223/purchase/public/download/download.html?id=30120284</url>
                    </document>
                </ns2:attachments>
                <ns2:modificationDate>2017-03-16T18:02:12</ns2:modificationDate>
                <ns2:saveUserId>180632</ns2:saveUserId>
                <ns2:deliveryPlaceIndication>DIFFERENT_PLACE</ns2:deliveryPlaceIndication>
                <ns2:emergency>false</ns2:emergency>
                <ns2:jointPurchase>false</ns2:jointPurchase>
                <ns2:electronicPlaceInfo>
                    <name>Торговая система Оборонторг</name>
                    <url>http://oborontorg.ru/</url>
                    <electronicPlaceId>126</electronicPlaceId>
                </ns2:electronicPlaceInfo>
                <ns2:placingProcedure>
                    <ns2:examinationPlace>г. Москва, Комсомольский пр-т, д. 18 стр. 3</ns2:examinationPlace>
                    <ns2:examinationDateTime>2017-03-30T15:00:00</ns2:examinationDateTime>
                    <ns2:summingupDateTime>2017-03-30T15:00:00</ns2:summingupDateTime>
                </ns2:placingProcedure>
                <ns2:submissionCloseDateTime>2017-03-28T09:00:00</ns2:submissionCloseDateTime>
                <ns2:publicationPlannedDate>2017-03-16</ns2:publicationPlannedDate>
                <ns2:lots>
                    <lot>
                        <guid>6f3ec444-1286-4b65-972a-94e88de80921</guid>
                        <ordinalNumber>1</ordinalNumber>
                        <lotEditEnabled>false</lotEditEnabled>
                        <lotData>
                            <subject>Поставка бетона В25(М350) для объекта строительства "Столовая на 1000/1000 мест/обедов с отдельно стоящим продовольственным складом на 65 тонн в Геопорту г. Новороссийска" (шифр 68/19-ОПБ/СТ) - ПОВТОРНО</subject>
                            <currency>
                                <code>RUB</code>
                                <digitalCode>643</digitalCode>
                                <name>Российский рубль</name>
                            </currency>
                            <initialSum>3100146.65</initialSum>
                            <deliveryPlace>
                                <state>Южный федеральный округ</state>
                                <region>Краснодарский край</region>
                                <regionOkato>03000000000</regionOkato>
                                <address>г. Новороссийск</address>
                            </deliveryPlace>
                            <lotItems>
                                <newCodes>true</newCodes>
                                <lotItem>
                                    <guid>5a698e68-3730-42c5-b973-8c812b58f752</guid>
                                    <ordinalNumber>1</ordinalNumber>
                                    <okpd2>
                                        <code>46.6</code>
                                        <name>Услуги по оптовой торговле прочими машинами, оборудованием и инструментами</name>
                                    </okpd2>
                                    <okved2>
                                        <code>46</code>
                                        <name>Торговля оптовая, кроме оптовой торговли автотранспортными средствами и мотоциклами</name>
                                    </okved2>
                                    <okei>
                                        <code>113</code>
                                        <name>Кубический метр</name>
                                    </okei>
                                    <qty>856</qty>
                                </lotItem>
                            </lotItems>
                            <forSmallOrMiddle>true</forSmallOrMiddle>
                            <excludePurchaseFromPlan>false</excludePurchaseFromPlan>
                            <subcontractorsRequirement>false</subcontractorsRequirement>
                            <ignoredPurchase>false</ignoredPurchase>
                            <centralized>false</centralized>
                        </lotData>
                        <deliveryPlaceIndication>GL</deliveryPlaceIndication>
                        <jointLotData>
                            <jointLot>false</jointLot>
                        </jointLotData>
                        <lotPlanInfo>
                            <planRegistrationNumber>2160195359</planRegistrationNumber>
                            <planGuid>aef4a5bc-6b9c-4b03-965d-92dee770f183</planGuid>
                            <positionNumber>634</positionNumber>
                            <lotPlanPosition>COMMODITY</lotPlanPosition>
                            <positionGuid>c57c1d81-6462-4f49-95e8-f504e823671f</positionGuid>
                        </lotPlanInfo>
                        <cancelled>false</cancelled>
                    </lot>
                </ns2:lots>
            </ns2:purchaseNoticeData>
        </ns2:item>
    </ns2:body>
</ns2:purchaseNotice>
