<?xml version="1.0" encoding="UTF-8" standalone="yes"?>
<ns2:purchaseNotice xsi:schemaLocation="http://zakupki.gov.ru/223/integration/schema/TFF-5.2 http://zakupki.gov.ru/223/integration/schema/TFF-5.2/purchase.xsd" xmlns="http://zakupki.gov.ru/223fz/types/1" xmlns:ns10="http://zakupki.gov.ru/223fz/purchasePlan/1" xmlns:ns11="http://zakupki.gov.ru/223fz/purchasePlanProject/1" xmlns:ns12="http://zakupki.gov.ru/223fz/purchasePlanProjectAdditionalPosition/1" xmlns:ns13="http://zakupki.gov.ru/223fz/contract/1" xmlns:ns14="http://zakupki.gov.ru/223fz/missedNotice/1" xmlns:ns15="http://zakupki.gov.ru/223fz/reference/1" xmlns:ns16="http://zakupki.gov.ru/223fz/stopCommodity/1" xmlns:ns17="http://zakupki.gov.ru/223fz/decisionSuspension/1" xmlns:ns18="http://zakupki.gov.ru/223fz/purchasePlanAdditionalPosition/1" xmlns:ns19="http://zakupki.gov.ru/223fz/webRequest/1" xmlns:ns2="http://zakupki.gov.ru/223fz/purchase/1" xmlns:xsi="http://www.w3.org/2001/XMLSchema-instance" xmlns:ns3="http://zakupki.gov.ru/223fz/dishonestSupplier/1" xmlns:ns4="http://zakupki.gov.ru/223fz/machineryListInfo/1" xmlns:ns5="http://zakupki.gov.ru/223fz/revenue/1" xmlns:ns6="http://zakupki.gov.ru/223fz/orderClauseList/1" xmlns:ns7="http://zakupki.gov.ru/223fz/disagreementProtocol/1" xmlns:ns8="http://zakupki.gov.ru/223fz/complaint/1" xmlns:ns9="http://zakupki.gov.ru/223fz/notificationIssue/1">
    <header>
        <guid>b903c895-b5e6-4cd7-863a-f6ae6e766cac</guid>
        <createDateTime>2017-03-16T17:04:47</createDateTime>
    </header>
    <ns2:body>
        <ns2:item>
            <guid>0addd403-d90a-1ed7-82c8-c08363858e07</guid>
            <ns2:purchaseNoticeData>
                <ns2:guid>0addd403-d90a-1ed7-82c8-c08363858e07</ns2:guid>
                <ns2:createDateTime>2017-03-16T17:01:21</ns2:createDateTime>
                <ns2:urlOOS>https://zakupki.gov.ru/223/purchase/private/purchase/notice-info/details.html?noticeInfoId=5887839</ns2:urlOOS>
                <ns2:urlVSRZ>ЕОС-Закупки</ns2:urlVSRZ>
                <ns2:registrationNumber>31704899521</ns2:registrationNumber>
                <ns2:name>Право заключения договора на оказание услуг по организации лечебно-профилактического питания работникам "Курскатомэнергоремонт" - филиала АО "Атомэнергоремонт"</ns2:name>
                <ns2:customer>
                    <mainInfo>
                        <fullName>АКЦИОНЕРНОЕ ОБЩЕСТВО "АТОМЭНЕРГОРЕМОНТ"</fullName>
                        <shortName>АО "АТОМЭНЕРГОРЕМОНТ"</shortName>
                        <iko>65029112443502901001</iko>
                        <inn>5029112443</inn>
                        <kpp>772501001</kpp>
                        <ogrn>1085029002079</ogrn>
                        <legalAddress>115432, Г МОСКВА, ПР ПРОЕКТИРУЕМЫЙ 4062-Й, дом ДОМ 6, корпус СТРОЕНИЕ 2, офис (квартира) ПОМЕЩЕНИЕ 26 (ЭТАЖ 4)</legalAddress>
                        <postalAddress>115432, г. Москва, Проектируемый  проезд 4062-й, дом 6, строение 2</postalAddress>
                        <phone>7-495-6601112-1003</phone>
                        <email>info@aer-rea.ru</email>
                        <okato>45296559000</okato>
                        <okpo>13183137</okpo>
                    </mainInfo>
                </ns2:customer>
                <ns2:purchaseMethodCode>5902</ns2:purchaseMethodCode>
                <ns2:purchaseCodeName>Открытый конкурс в электронной форме</ns2:purchaseCodeName>
                <ns2:placer>
                    <mainInfo>
                        <fullName>"Курскатомэнергоремонт" - филиал акционерного общества "Атомэнергоремонт"</fullName>
                        <shortName>"Курскатомэнергоремонт" - филиал АО "Атомэнергоремонт"</shortName>
                        <iko>65029112443463402001</iko>
                        <inn>5029112443</inn>
                        <kpp>463402001</kpp>
                        <ogrn>1085029002079</ogrn>
                        <legalAddress>307250 Курская область, г.Курчатов, Промзона</legalAddress>
                        <postalAddress>307250 Курская область, город Курчатов, а/я 79</postalAddress>
                        <phone>7-47131-52213</phone>
                        <fax>7-47131-52200</fax>
                        <email>info@aer-rea.ru</email>
                        <okato>38408000000</okato>
                        <okpo>57466343</okpo>
                    </mainInfo>
                </ns2:placer>
                <ns2:contact>
                    <firstName>Галина</firstName>
                    <middleName>Анатольевна</middleName>
                    <lastName>Романенко</lastName>
                    <phone>+8 (47131) 52213</phone>
                    <fax>+8 (47131) 52200</fax>
                    <email>malyshenkova@aer-rea.ru</email>
                    <organization>
                        <mainInfo>
                            <fullName>"Курскатомэнергоремонт" - филиал акционерного общества "Атомэнергоремонт"</fullName>
                            <shortName>"Курскатомэнергоремонт" - филиал АО "Атомэнергоремонт"</shortName>
                            <iko>65029112443463402001</iko>
                            <inn>5029112443</inn>
                            <kpp>463402001</kpp>
                            <ogrn>1085029002079</ogrn>
                            <legalAddress>307250 Курская область, г.Курчатов, Промзона</legalAddress>
                            <postalAddress>307250 Курская область, город Курчатов, а/я 79</postalAddress>
                            <phone>7-47131-52213</phone>
                            <fax>7-47131-52200</fax>
                            <email>info@aer-rea.ru</email>
                            <okato>38408000000</okato>
                            <okpo>57466343</okpo>
                        </mainInfo>
                    </organization>
                </ns2:contact>
                <ns2:publicationDateTime>2017-03-16T17:04:47</ns2:publicationDateTime>
                <ns2:documentationDelivery>
                    <deliveryStartDateTime>2017-03-16</deliveryStartDateTime>
                    <deliveryEndDateTime>2017-04-07</deliveryEndDateTime>
                    <place>Фабрикант 2 http://www.fabrikant.ru/</place>
                    <procedure>В соответствии с Извещением</procedure>
                </ns2:documentationDelivery>
                <ns2:status>P</ns2:status>
                <ns2:version>1</ns2:version>
                <ns2:notDishonest>true</ns2:notDishonest>
                <ns2:attachments>
                    <totalDocumentsCount>5</totalDocumentsCount>
                    <document>
                        <guid>0addd011-6b0b-1ed7-82c8-f7fc1c2e0791</guid>
                        <createDateTime>2017-03-16T12:54:53</createDateTime>
                        <fileName>Извещение .docx</fileName>
                        <description>Извещение</description>
                        <url>http://zakupki.gov.ru/223/purchase/public/download/download.html?id=30118481</url>
                    </document>
                    <document>
                        <guid>7a9888ea-fb0a-1ed7-82c9-6a1fd500c2cd</guid>
                        <createDateTime>2017-03-16T13:20:24</createDateTime>
                        <fileName>ТОМ 1  ОБЩАЯ И КОММЕРЧЕСКАЯ ЧАСТИ .docx</fileName>
                        <description>ТОМ 1  ОБЩАЯ И КОММЕРЧЕСКАЯ ЧАСТИ</description>
                        <url>http://zakupki.gov.ru/223/purchase/public/download/download.html?id=30118482</url>
                    </document>
                    <document>
                        <guid>0addd403-d90a-1ed7-82c8-f06c8df04a19</guid>
                        <createDateTime>2017-03-16T12:53:12</createDateTime>
                        <fileName>Том 2 Техническая часть.pdf</fileName>
                        <description>Том 2 Техническая часть</description>
                        <url>http://zakupki.gov.ru/223/purchase/public/download/download.html?id=30118483</url>
                    </document>
                    <document>
                        <guid>0addd403-d90a-1ee7-82c8-c7eda99ccad6</guid>
                        <createDateTime>2017-03-16T12:44:09</createDateTime>
                        <fileName>Техническое задание.pdf</fileName>
                        <description>Техническое задание</description>
                        <url>http://zakupki.gov.ru/223/purchase/public/download/download.html?id=30118484</url>
                    </document>
                    <document>
                        <guid>0addd403-d90a-1ee7-82c8-c82a11fe0ad6</guid>
                        <createDateTime>2017-03-16T12:44:13</createDateTime>
                        <fileName>Проект договора.pdf</fileName>
                        <description>Проект договора</description>
                        <url>http://zakupki.gov.ru/223/purchase/public/download/download.html?id=30118485</url>
                    </document>
                </ns2:attachments>
                <ns2:modificationDate>2017-03-16T17:04:47</ns2:modificationDate>
                <ns2:saveUserId>184106</ns2:saveUserId>
                <ns2:deliveryPlaceIndication>DIFFERENT_PLACE</ns2:deliveryPlaceIndication>
                <ns2:emergency>false</ns2:emergency>
                <ns2:jointPurchase>false</ns2:jointPurchase>
                <ns2:electronicPlaceInfo>
                    <name>Фабрикант 2</name>
                    <url>http://fabrikant.ru</url>
                    <electronicPlaceId>111</electronicPlaceId>
                </ns2:electronicPlaceInfo>
                <ns2:placingProcedure>
                    <ns2:examinationPlace>307250, Курская обл., г. Курчатов, Промзона, «Курскатомэнергоремонт» - филиал АО «Атомэнергоремонт», зал совещаний.</ns2:examinationPlace>
                    <ns2:examinationDateTime>2017-04-13T23:59:59</ns2:examinationDateTime>
                    <ns2:summingupDateTime>2017-04-17T23:59:59</ns2:summingupDateTime>
                </ns2:placingProcedure>
                <ns2:submissionCloseDateTime>2017-04-07T10:00:00</ns2:submissionCloseDateTime>
                <ns2:publicationPlannedDate>2017-03-16</ns2:publicationPlannedDate>
                <ns2:lots>
                    <lot>
                        <guid>0addd403-d90a-1ed7-82c8-c1be0a0c8e07</guid>
                        <ordinalNumber>1</ordinalNumber>
                        <lotEditEnabled>true</lotEditEnabled>
                        <lotData>
                            <subject>Право заключения договора на оказание услуг по организации лечебно-профилактического питания работникам "Курскатомэнергоремонт" - филиала АО "Атомэнергоремонт"</subject>
                            <currency>
                                <code>RUB</code>
                                <digitalCode>643</digitalCode>
                                <name>Российский рубль</name>
                            </currency>
                            <initialSum>44781413.51</initialSum>
                            <deliveryPlace>
                                <state>Центральный федеральный округ</state>
                                <region>Москва</region>
                                <regionOkato>45000000000</regionOkato>
                                <address>в соответствии с техническим заданием.</address>
                            </deliveryPlace>
                            <lotItems>
                                <newCodes>true</newCodes>
                                <lotItem>
                                    <guid>58919568-7646-4a60-e100-80000a7c1051</guid>
                                    <ordinalNumber>1</ordinalNumber>
                                    <okpd2>
                                        <code>56.10.11</code>
                                        <name>Услуги по обеспечению питанием с полным ресторанным обслуживанием</name>
                                    </okpd2>
                                    <okved2>
                                        <code>56.29.1</code>
                                        <name>Деятельность организаций общественного питания, поставляющих готовую пищу (для транспортных и строительных компаний, туристическим группам, личному составу вооруженных сил, предприятиям розничной торговли и другим группам потребителей) по договору</name>
                                    </okved2>
                                    <okei>
                                        <code>879</code>
                                        <name>Условная штука</name>
                                    </okei>
                                    <qty>1</qty>
                                </lotItem>
                            </lotItems>
                            <forSmallOrMiddle>false</forSmallOrMiddle>
                            <excludePurchaseFromPlan>false</excludePurchaseFromPlan>
                            <subcontractorsRequirement>false</subcontractorsRequirement>
                            <ignoredPurchase>false</ignoredPurchase>
                            <centralized>false</centralized>
                        </lotData>
                        <deliveryPlaceIndication>GL</deliveryPlaceIndication>
                        <jointLotData>
                            <jointLot>false</jointLot>
                        </jointLotData>
                        <lotPlanInfo>
                            <planRegistrationNumber>2160184114</planRegistrationNumber>
                            <planGuid>0addd403-d90a-1ed7-8291-c66953d9153a</planGuid>
                            <positionNumber>1063000034</positionNumber>
                            <lotPlanPosition>COMMODITY</lotPlanPosition>
                            <positionGuid>0addd011-6b0a-1ee7-8195-1f1a5332c211</positionGuid>
                        </lotPlanInfo>
                        <cancelled>false</cancelled>
                    </lot>
                </ns2:lots>
            </ns2:purchaseNoticeData>
        </ns2:item>
    </ns2:body>
</ns2:purchaseNotice>
