<?xml version="1.0" encoding="UTF-8" standalone="yes"?>
<ns2:purchaseNotice xsi:schemaLocation="http://zakupki.gov.ru/223/integration/schema/TFF-5.2 http://zakupki.gov.ru/223/integration/schema/TFF-5.2/purchase.xsd" xmlns="http://zakupki.gov.ru/223fz/types/1" xmlns:ns10="http://zakupki.gov.ru/223fz/purchasePlan/1" xmlns:ns11="http://zakupki.gov.ru/223fz/purchasePlanProject/1" xmlns:ns12="http://zakupki.gov.ru/223fz/purchasePlanProjectAdditionalPosition/1" xmlns:ns13="http://zakupki.gov.ru/223fz/contract/1" xmlns:ns14="http://zakupki.gov.ru/223fz/missedNotice/1" xmlns:ns15="http://zakupki.gov.ru/223fz/reference/1" xmlns:ns16="http://zakupki.gov.ru/223fz/stopCommodity/1" xmlns:ns17="http://zakupki.gov.ru/223fz/decisionSuspension/1" xmlns:ns18="http://zakupki.gov.ru/223fz/purchasePlanAdditionalPosition/1" xmlns:ns19="http://zakupki.gov.ru/223fz/webRequest/1" xmlns:ns2="http://zakupki.gov.ru/223fz/purchase/1" xmlns:xsi="http://www.w3.org/2001/XMLSchema-instance" xmlns:ns3="http://zakupki.gov.ru/223fz/dishonestSupplier/1" xmlns:ns4="http://zakupki.gov.ru/223fz/machineryListInfo/1" xmlns:ns5="http://zakupki.gov.ru/223fz/revenue/1" xmlns:ns6="http://zakupki.gov.ru/223fz/orderClauseList/1" xmlns:ns7="http://zakupki.gov.ru/223fz/disagreementProtocol/1" xmlns:ns8="http://zakupki.gov.ru/223fz/complaint/1" xmlns:ns9="http://zakupki.gov.ru/223fz/notificationIssue/1">
    <header>
        <guid>cb08bfea-d29e-4eae-a450-f8a1129f1f3a</guid>
        <createDateTime>2017-03-16T19:25:37</createDateTime>
    </header>
    <ns2:body>
        <ns2:item>
            <guid>9b241db5-91d0-4982-b149-808d70ca065b</guid>
            <ns2:purchaseNoticeData>
                <ns2:guid>9b241db5-91d0-4982-b149-808d70ca065b</ns2:guid>
                <ns2:createDateTime>2017-03-16T19:24:17</ns2:createDateTime>
                <ns2:urlOOS>https://zakupki.gov.ru/223/purchase/private/purchase/notice-info/details.html?noticeInfoId=5888416</ns2:urlOOS>
                <ns2:registrationNumber>31704884529</ns2:registrationNumber>
                <ns2:name>Выполнение работ по созданию противопожарного разрыва на территории 16, 17, 27, 28 кварталов Иликовского участкового лесничества, Морозовского лесничества Министерства обороны Российской Федерации</ns2:name>
                <ns2:customer>
                    <mainInfo>
                        <fullName>ФЕДЕРАЛЬНОЕ ГОСУДАРСТВЕННОЕ АВТОНОМНОЕ УЧРЕЖДЕНИЕ "УПРАВЛЕНИЕ ЛЕСНОГО ХОЗЯЙСТВА" МИНИСТЕРСТВА ОБОРОНЫ РОССИЙСКОЙ ФЕДЕРАЦИИ</fullName>
                        <shortName>ФГАУ "ОБОРОНЛЕС" МИНОБОРОНЫ РОССИИ</shortName>
                        <iko>57718239133770401001</iko>
                        <inn>7718239133</inn>
                        <kpp>770401001</kpp>
                        <ogrn>1037718024046</ogrn>
                        <legalAddress>119435, г МОСКВА, ул ПИРОГОВСКАЯ Б., дом 21, корпус 1</legalAddress>
                        <postalAddress>119435г МОСКВА, ул ПИРОГОВСКАЯ Б., 21, 1</postalAddress>
                        <phone>7-495-6934828</phone>
                        <fax>7-495-6934828</fax>
                        <email>mr.vladiss@mail.ru</email>
                        <okato>45286590000</okato>
                        <okpo>08036598</okpo>
                    </mainInfo>
                </ns2:customer>
                <ns2:purchaseMethodCode>115409</ns2:purchaseMethodCode>
                <ns2:purchaseCodeName>Запрос предложений</ns2:purchaseCodeName>
                <ns2:placer>
                    <mainInfo>
                        <fullName>ФЕДЕРАЛЬНОЕ ГОСУДАРСТВЕННОЕ АВТОНОМНОЕ УЧРЕЖДЕНИЕ "УПРАВЛЕНИЕ ЛЕСНОГО ХОЗЯЙСТВА" МИНИСТЕРСТВА ОБОРОНЫ РОССИЙСКОЙ ФЕДЕРАЦИИ</fullName>
                        <shortName>ФГАУ "ОБОРОНЛЕС" МИНОБОРОНЫ РОССИИ</shortName>
                        <iko>57718239133770401001</iko>
                        <inn>7718239133</inn>
                        <kpp>770401001</kpp>
                        <ogrn>1037718024046</ogrn>
                        <legalAddress>119435, г МОСКВА, ул ПИРОГОВСКАЯ Б., дом 21, корпус 1</legalAddress>
                        <postalAddress>119435г МОСКВА, ул ПИРОГОВСКАЯ Б., 21, 1</postalAddress>
                        <phone>7-495-6934828</phone>
                        <fax>7-495-6934828</fax>
                        <email>mr.vladiss@mail.ru</email>
                        <okato>45286590000</okato>
                        <okpo>08036598</okpo>
                    </mainInfo>
                </ns2:placer>
                <ns2:contact>
                    <firstName>Владислав</firstName>
                    <middleName>Геннадьевич</middleName>
                    <lastName>Беляев</lastName>
                    <phone>+7 (926) 3539394</phone>
                    <fax>+7 (495) 6934819</fax>
                    <email>Vladiss@mail.ru</email>
                    <organization>
                        <mainInfo>
                            <fullName>ФЕДЕРАЛЬНОЕ ГОСУДАРСТВЕННОЕ АВТОНОМНОЕ УЧРЕЖДЕНИЕ "УПРАВЛЕНИЕ ЛЕСНОГО ХОЗЯЙСТВА" МИНИСТЕРСТВА ОБОРОНЫ РОССИЙСКОЙ ФЕДЕРАЦИИ</fullName>
                            <shortName>ФГАУ "ОБОРОНЛЕС" МИНОБОРОНЫ РОССИИ</shortName>
                            <iko>57718239133770401001</iko>
                            <inn>7718239133</inn>
                            <kpp>770401001</kpp>
                            <ogrn>1037718024046</ogrn>
                            <legalAddress>119435, г МОСКВА, ул ПИРОГОВСКАЯ Б., дом 21, корпус 1</legalAddress>
                            <postalAddress>119435г МОСКВА, ул ПИРОГОВСКАЯ Б., 21, 1</postalAddress>
                            <phone>7-495-6934828</phone>
                            <fax>7-495-6934828</fax>
                            <email>mr.vladiss@mail.ru</email>
                            <okato>45286590000</okato>
                            <okpo>08036598</okpo>
                        </mainInfo>
                    </organization>
                </ns2:contact>
                <ns2:publicationDateTime>2017-03-16T19:25:37</ns2:publicationDateTime>
                <ns2:documentationDelivery>
                    <deliveryStartDateTime>2017-03-14</deliveryStartDateTime>
                    <deliveryEndDateTime>2017-03-27</deliveryEndDateTime>
                    <place>119435, г МОСКВА, ул. ПИРОГОВСКАЯ Б., дом 21, корпус 1, 202 каб.</place>
                    <procedure>По письменному запросу</procedure>
                </ns2:documentationDelivery>
                <ns2:status>P</ns2:status>
                <ns2:version>2</ns2:version>
                <ns2:modificationDescription>Продление срока подачи заявок</ns2:modificationDescription>
                <ns2:notDishonest>false</ns2:notDishonest>
                <ns2:attachments>
                    <totalDocumentsCount>7</totalDocumentsCount>
                    <document>
                        <guid>66ba6361-2c2d-426d-895c-9ffe26296e5b</guid>
                        <createDateTime>2017-03-14T09:58:37</createDateTime>
                        <fileName>смета.pdf</fileName>
                        <description>смета</description>
                        <url>http://zakupki.gov.ru/223/purchase/public/download/download.html?id=30121200</url>
                    </document>
                    <document>
                        <guid>aff32c75-7538-40e2-a070-0d684cc5c668</guid>
                        <createDateTime>2017-03-16T19:25:10</createDateTime>
                        <fileName>Извещение и документация с изменениями1.docx</fileName>
                        <description>Извещение и документация с изменениями1</description>
                        <url>http://zakupki.gov.ru/223/purchase/public/download/download.html?id=30121209</url>
                    </document>
                    <document>
                        <guid>faa3ca5f-f784-4cad-8d24-c5ea60a1c067</guid>
                        <createDateTime>2017-03-16T19:25:14</createDateTime>
                        <fileName>Приказ изменения.pdf</fileName>
                        <description>Приказ изменения</description>
                        <url>http://zakupki.gov.ru/223/purchase/public/download/download.html?id=30121210</url>
                    </document>
                    <document>
                        <guid>d040dcca-fd30-4de0-9df7-c61e7d83d42b</guid>
                        <createDateTime>2017-03-14T09:58:25</createDateTime>
                        <fileName>Извещение и документация.docx</fileName>
                        <description>Извещение и документация</description>
                        <url>http://zakupki.gov.ru/223/purchase/public/download/download.html?id=30121196</url>
                    </document>
                    <document>
                        <guid>3cfc7853-a8b4-403a-a3b6-9687b15c9350</guid>
                        <createDateTime>2017-03-14T09:58:49</createDateTime>
                        <fileName>ТЗ.doc</fileName>
                        <description>ТЗ</description>
                        <url>http://zakupki.gov.ru/223/purchase/public/download/download.html?id=30121197</url>
                    </document>
                    <document>
                        <guid>e50cd44e-31f1-4727-83e2-c47020dbd177</guid>
                        <createDateTime>2017-03-14T09:58:28</createDateTime>
                        <fileName>Проект договора.docx</fileName>
                        <description>Проект договора</description>
                        <url>http://zakupki.gov.ru/223/purchase/public/download/download.html?id=30121198</url>
                    </document>
                    <document>
                        <guid>ea765183-d759-4dc8-807e-9c91bdc3e184</guid>
                        <createDateTime>2017-03-14T09:58:33</createDateTime>
                        <fileName>Приказ.pdf</fileName>
                        <description>Приказ</description>
                        <url>http://zakupki.gov.ru/223/purchase/public/download/download.html?id=30121199</url>
                    </document>
                </ns2:attachments>
                <ns2:modificationDate>2017-03-16T19:25:37</ns2:modificationDate>
                <ns2:saveUserId>170377</ns2:saveUserId>
                <ns2:deliveryPlaceIndication>DIFFERENT_PLACE</ns2:deliveryPlaceIndication>
                <ns2:emergency>false</ns2:emergency>
                <ns2:jointPurchase>false</ns2:jointPurchase>
                <ns2:placingProcedure>
                    <ns2:examinationPlace>119435, г МОСКВА, ул ПИРОГОВСКАЯ Б., дом 21, корпус 1</ns2:examinationPlace>
                    <ns2:examinationDateTime>2017-03-28T11:00:00</ns2:examinationDateTime>
                    <ns2:summingupDateTime>2017-03-28T12:00:00</ns2:summingupDateTime>
                    <ns2:summingupPlace>119435, г МОСКВА, ул ПИРОГОВСКАЯ Б., дом 21, корпус 1</ns2:summingupPlace>
                </ns2:placingProcedure>
                <ns2:submissionCloseDateTime>2017-03-27T18:00:00</ns2:submissionCloseDateTime>
                <ns2:publicationPlannedDate>2017-03-14</ns2:publicationPlannedDate>
                <ns2:lots>
                    <lot>
                        <guid>d29e38f2-6981-4879-bf86-820867a35ddb</guid>
                        <ordinalNumber>1</ordinalNumber>
                        <lotEditEnabled>false</lotEditEnabled>
                        <lotData>
                            <subject>Выполнение работ по созданию противопожарного разрыва на территории 16, 17, 27, 28 кварталов Иликовского участкового лесничества, Морозовского лесничества Министерства обороны Российской Федерации</subject>
                            <currency>
                                <code>RUB</code>
                                <digitalCode>643</digitalCode>
                                <name>Российский рубль</name>
                            </currency>
                            <initialSum>43984757.43</initialSum>
                            <deliveryPlace>
                                <state>Северо-Западный федеральный округ</state>
                                <region>Ленинградская   обл</region>
                                <regionOkato>41000000000</regionOkato>
                                <address>Территория кварталов: 16, 17, 27, 28 Иликовского участкового лесничества Морозовского лесничества Министерства обороны Российской Федерации - филиала ФГКУ «УЛХиП» Минобороны России </address>
                            </deliveryPlace>
                            <lotItems>
                                <newCodes>true</newCodes>
                                <lotItem>
                                    <guid>89a57a95-c27b-443c-8cac-9c642c575e67</guid>
                                    <ordinalNumber>1</ordinalNumber>
                                    <okpd2>
                                        <code>02.40.10.114</code>
                                        <name>Услуги по противопожарному обустройству лесов и тушению пожаров в лесах</name>
                                    </okpd2>
                                    <okved2>
                                        <code>02.40.1</code>
                                        <name>Предоставление услуг в области лесоводства</name>
                                    </okved2>
                                    <okei>
                                        <code>876</code>
                                        <name>Условная единица</name>
                                    </okei>
                                    <qty>1</qty>
                                </lotItem>
                            </lotItems>
                            <forSmallOrMiddle>false</forSmallOrMiddle>
                            <excludePurchaseFromPlan>false</excludePurchaseFromPlan>
                            <subcontractorsRequirement>false</subcontractorsRequirement>
                            <ignoredPurchase>false</ignoredPurchase>
                            <centralized>false</centralized>
                        </lotData>
                        <deliveryPlaceIndication>GL</deliveryPlaceIndication>
                        <jointLotData>
                            <jointLot>false</jointLot>
                        </jointLotData>
                        <lotPlanInfo>
                            <planRegistrationNumber>2160217204</planRegistrationNumber>
                            <planGuid>e633844d-5470-47a7-a8d8-9f7b8a757174</planGuid>
                            <positionNumber>40</positionNumber>
                            <lotPlanPosition>COMMODITY</lotPlanPosition>
                            <positionGuid>cab236b6-4217-4de7-b671-b7cf8b7170e0</positionGuid>
                        </lotPlanInfo>
                        <cancelled>false</cancelled>
                    </lot>
                </ns2:lots>
            </ns2:purchaseNoticeData>
        </ns2:item>
    </ns2:body>
</ns2:purchaseNotice>
