<?xml version="1.0" encoding="UTF-8" standalone="yes"?>
<ns2:purchaseNotice xsi:schemaLocation="http://zakupki.gov.ru/223/integration/schema/TFF-5.2 http://zakupki.gov.ru/223/integration/schema/TFF-5.2/purchase.xsd" xmlns="http://zakupki.gov.ru/223fz/types/1" xmlns:ns10="http://zakupki.gov.ru/223fz/purchasePlan/1" xmlns:ns11="http://zakupki.gov.ru/223fz/purchasePlanProject/1" xmlns:ns12="http://zakupki.gov.ru/223fz/purchasePlanProjectAdditionalPosition/1" xmlns:ns13="http://zakupki.gov.ru/223fz/contract/1" xmlns:ns14="http://zakupki.gov.ru/223fz/missedNotice/1" xmlns:ns15="http://zakupki.gov.ru/223fz/reference/1" xmlns:ns16="http://zakupki.gov.ru/223fz/stopCommodity/1" xmlns:ns17="http://zakupki.gov.ru/223fz/decisionSuspension/1" xmlns:ns18="http://zakupki.gov.ru/223fz/purchasePlanAdditionalPosition/1" xmlns:ns19="http://zakupki.gov.ru/223fz/webRequest/1" xmlns:ns2="http://zakupki.gov.ru/223fz/purchase/1" xmlns:xsi="http://www.w3.org/2001/XMLSchema-instance" xmlns:ns3="http://zakupki.gov.ru/223fz/dishonestSupplier/1" xmlns:ns4="http://zakupki.gov.ru/223fz/machineryListInfo/1" xmlns:ns5="http://zakupki.gov.ru/223fz/revenue/1" xmlns:ns6="http://zakupki.gov.ru/223fz/orderClauseList/1" xmlns:ns7="http://zakupki.gov.ru/223fz/disagreementProtocol/1" xmlns:ns8="http://zakupki.gov.ru/223fz/complaint/1" xmlns:ns9="http://zakupki.gov.ru/223fz/notificationIssue/1">
    <header>
        <guid>0a914501-08b6-4ecc-b760-c8234cc58c59</guid>
        <createDateTime>2017-03-16T18:08:28</createDateTime>
    </header>
    <ns2:body>
        <ns2:item>
            <guid>71b304e5-1963-3c9f-24b4-4d5cbf9823b4</guid>
            <ns2:purchaseNoticeData>
                <ns2:guid>71b304e5-1963-3c9f-24b4-4d5cbf9823b4</ns2:guid>
                <ns2:createDateTime>2017-03-16T17:53:58</ns2:createDateTime>
                <ns2:urlOOS>https://zakupki.gov.ru/223/purchase/private/purchase/notice-info/details.html?noticeInfoId=5888198</ns2:urlOOS>
                <ns2:urlVSRZ>https://estp.ru/tender/tendestp-35685/</ns2:urlVSRZ>
                <ns2:registrationNumber>31704899872</ns2:registrationNumber>
                <ns2:name>Оказание консалтинговых услуг в области информационной безопасности</ns2:name>
                <ns2:customer>
                    <mainInfo>
                        <fullName>ОБЩЕСТВО С ОГРАНИЧЕННОЙ ОТВЕТСТВЕННОСТЬЮ "АЙТИ ЭНЕРДЖИ СЕРВИС"</fullName>
                        <shortName>ООО "АЙТИ ЭНЕРДЖИ СЕРВИС"</shortName>
                        <iko>57729403949770501001</iko>
                        <inn>7729403949</inn>
                        <kpp>770501001</kpp>
                        <ogrn>1037700018751</ogrn>
                        <legalAddress>109074, г МОСКВА, пр КИТАЙГОРОДСКИЙ, дом 7, корпус 5</legalAddress>
                        <postalAddress>107023, Москва Город, Китайгородский Проезд, дом 7, строение 5</postalAddress>
                        <phone>7-495-6273048</phone>
                        <fax>7-495-6273015</fax>
                        <email>service@it-energy.ru</email>
                        <okato>45000000000</okato>
                        <okpo>57036756</okpo>
                    </mainInfo>
                </ns2:customer>
                <ns2:purchaseMethodCode>141336</ns2:purchaseMethodCode>
                <ns2:purchaseCodeName>ESTP: Запрос цен в электронной форме</ns2:purchaseCodeName>
                <ns2:placer>
                    <mainInfo>
                        <fullName>ОБЩЕСТВО С ОГРАНИЧЕННОЙ ОТВЕТСТВЕННОСТЬЮ "АЙТИ ЭНЕРДЖИ СЕРВИС"</fullName>
                        <shortName>ООО "АЙТИ ЭНЕРДЖИ СЕРВИС"</shortName>
                        <iko>57729403949770501001</iko>
                        <inn>7729403949</inn>
                        <kpp>770501001</kpp>
                        <ogrn>1037700018751</ogrn>
                        <legalAddress>109074, г МОСКВА, пр КИТАЙГОРОДСКИЙ, дом 7, корпус 5</legalAddress>
                        <postalAddress>107023, Москва Город, Китайгородский Проезд, дом 7, строение 5</postalAddress>
                        <phone>7-495-6273048</phone>
                        <fax>7-495-6273015</fax>
                        <email>service@it-energy.ru</email>
                        <okato>45000000000</okato>
                        <okpo>57036756</okpo>
                    </mainInfo>
                </ns2:placer>
                <ns2:contact>
                    <firstName>Светлана</firstName>
                    <lastName>Некипелова</lastName>
                    <phone>+7(495)627-30-30 доб. 1076</phone>
                    <email>zakupki@it-energy.ru</email>
                    <organization>
                        <mainInfo>
                            <fullName>ОБЩЕСТВО С ОГРАНИЧЕННОЙ ОТВЕТСТВЕННОСТЬЮ "АЙТИ ЭНЕРДЖИ СЕРВИС"</fullName>
                            <shortName>ООО "АЙТИ ЭНЕРДЖИ СЕРВИС"</shortName>
                            <iko>57729403949770501001</iko>
                            <inn>7729403949</inn>
                            <kpp>770501001</kpp>
                            <ogrn>1037700018751</ogrn>
                            <legalAddress>109074, г МОСКВА, пр КИТАЙГОРОДСКИЙ, дом 7, корпус 5</legalAddress>
                            <postalAddress>107023, Москва Город, Китайгородский Проезд, дом 7, строение 5</postalAddress>
                            <phone>7-495-6273048</phone>
                            <fax>7-495-6273015</fax>
                            <email>service@it-energy.ru</email>
                            <okato>45000000000</okato>
                            <okpo>57036756</okpo>
                        </mainInfo>
                    </organization>
                </ns2:contact>
                <ns2:publicationDateTime>2017-03-16T18:08:28</ns2:publicationDateTime>
                <ns2:documentationDelivery>
                    <deliveryStartDateTime>2017-03-16</deliveryStartDateTime>
                    <deliveryEndDateTime>2017-03-23</deliveryEndDateTime>
                    <place>http://estp.ru, http://zakupki.gov.ru</place>
                    <procedure>В электронной форме</procedure>
                    <payment>
                        <currency>
                            <code>RUB</code>
                            <digitalCode>643</digitalCode>
                            <name>Российский рубль</name>
                        </currency>
                        <sum>0.00</sum>
                        <procedure>-</procedure>
                    </payment>
                </ns2:documentationDelivery>
                <ns2:status>P</ns2:status>
                <ns2:version>1</ns2:version>
                <ns2:notDishonest>true</ns2:notDishonest>
                <ns2:attachments>
                    <totalDocumentsCount>1</totalDocumentsCount>
                    <document>
                        <guid>0b10fb2b-3d98-23c5-24b4-748feaca9aa8</guid>
                        <createDateTime>2017-03-16T17:52:50</createDateTime>
                        <fileName>ОЗЦ_консалтинг_0,6.doc</fileName>
                        <description>ОЗЦ_консалтинг_0,6.doc</description>
                        <url>http://zakupki.gov.ru/223/purchase/public/download/download.html?id=30120153</url>
                    </document>
                </ns2:attachments>
                <ns2:modificationDate>2017-03-16T18:08:28</ns2:modificationDate>
                <ns2:saveUserId>222388</ns2:saveUserId>
                <ns2:deliveryPlaceIndication>DIFFERENT_PLACE</ns2:deliveryPlaceIndication>
                <ns2:emergency>false</ns2:emergency>
                <ns2:jointPurchase>false</ns2:jointPurchase>
                <ns2:electronicPlaceInfo>
                    <name>«Универсальная электронная торговая площадка ESTP.RU»</name>
                    <url>http://estp.ru/</url>
                    <electronicPlaceId>470</electronicPlaceId>
                </ns2:electronicPlaceInfo>
                <ns2:placingProcedure>
                    <ns2:examinationPlace>http://estp.ru</ns2:examinationPlace>
                    <ns2:examinationDateTime>2017-03-23T12:30:00</ns2:examinationDateTime>
                    <ns2:summingupDateTime>2017-03-23T13:00:00</ns2:summingupDateTime>
                </ns2:placingProcedure>
                <ns2:submissionCloseDateTime>2017-03-23T12:00:00</ns2:submissionCloseDateTime>
                <ns2:lots>
                    <lot>
                        <guid>e0aab600-3de3-c06b-24b4-2e5070331e9c</guid>
                        <ordinalNumber>1</ordinalNumber>
                        <lotEditEnabled>false</lotEditEnabled>
                        <lotData>
                            <subject>Оказание консалтинговых услуг в области информационной безопасности</subject>
                            <currency>
                                <code>RUB</code>
                                <digitalCode>643</digitalCode>
                                <name>Российский рубль</name>
                            </currency>
                            <initialSum>650000.00</initialSum>
                            <deliveryPlace>
                                <address>Москва, В соответствии с документацией</address>
                            </deliveryPlace>
                            <lotItems>
                                <newCodes>true</newCodes>
                                <lotItem>
                                    <guid>e0aab600-3de3-c06b-24b4-2e5070331e9c</guid>
                                    <ordinalNumber>1</ordinalNumber>
                                    <okpd2>
                                        <code>70.22</code>
                                        <name>Услуги консультативные в области управления предприятием</name>
                                    </okpd2>
                                    <okved2>
                                        <code>70.22</code>
                                        <name>Консультирование по вопросам коммерческой деятельности и управления</name>
                                    </okved2>
                                </lotItem>
                            </lotItems>
                            <forSmallOrMiddle>false</forSmallOrMiddle>
                            <excludePurchaseFromPlan>false</excludePurchaseFromPlan>
                            <subcontractorsRequirement>false</subcontractorsRequirement>
                            <ignoredPurchase>false</ignoredPurchase>
                            <centralized>false</centralized>
                        </lotData>
                        <deliveryPlaceIndication>GL</deliveryPlaceIndication>
                        <jointLotData>
                            <jointLot>false</jointLot>
                        </jointLotData>
                        <lotPlanInfo>
                            <planRegistrationNumber>2160184615</planRegistrationNumber>
                            <planGuid>a9c33833-437e-4044-b933-936acf8f9b52</planGuid>
                            <positionNumber>18</positionNumber>
                            <lotPlanPosition>COMMODITY</lotPlanPosition>
                            <positionGuid>a0c40ea5-6995-4b06-a11a-4a2bbebcd598</positionGuid>
                        </lotPlanInfo>
                        <cancelled>false</cancelled>
                    </lot>
                </ns2:lots>
            </ns2:purchaseNoticeData>
        </ns2:item>
    </ns2:body>
</ns2:purchaseNotice>
