<?xml version="1.0" encoding="UTF-8" standalone="yes"?>
<ns2:purchaseNotice xsi:schemaLocation="http://zakupki.gov.ru/223/integration/schema/TFF-5.2 http://zakupki.gov.ru/223/integration/schema/TFF-5.2/purchase.xsd" xmlns="http://zakupki.gov.ru/223fz/types/1" xmlns:ns10="http://zakupki.gov.ru/223fz/purchasePlan/1" xmlns:ns11="http://zakupki.gov.ru/223fz/purchasePlanProject/1" xmlns:ns12="http://zakupki.gov.ru/223fz/purchasePlanProjectAdditionalPosition/1" xmlns:ns13="http://zakupki.gov.ru/223fz/contract/1" xmlns:ns14="http://zakupki.gov.ru/223fz/missedNotice/1" xmlns:ns15="http://zakupki.gov.ru/223fz/reference/1" xmlns:ns16="http://zakupki.gov.ru/223fz/stopCommodity/1" xmlns:ns17="http://zakupki.gov.ru/223fz/decisionSuspension/1" xmlns:ns18="http://zakupki.gov.ru/223fz/purchasePlanAdditionalPosition/1" xmlns:ns19="http://zakupki.gov.ru/223fz/webRequest/1" xmlns:ns2="http://zakupki.gov.ru/223fz/purchase/1" xmlns:xsi="http://www.w3.org/2001/XMLSchema-instance" xmlns:ns3="http://zakupki.gov.ru/223fz/dishonestSupplier/1" xmlns:ns4="http://zakupki.gov.ru/223fz/machineryListInfo/1" xmlns:ns5="http://zakupki.gov.ru/223fz/revenue/1" xmlns:ns6="http://zakupki.gov.ru/223fz/orderClauseList/1" xmlns:ns7="http://zakupki.gov.ru/223fz/disagreementProtocol/1" xmlns:ns8="http://zakupki.gov.ru/223fz/complaint/1" xmlns:ns9="http://zakupki.gov.ru/223fz/notificationIssue/1">
    <header>
        <guid>43d6d12e-0036-4af6-a7b6-29f292855b49</guid>
        <createDateTime>2017-03-16T20:39:09</createDateTime>
    </header>
    <ns2:body>
        <ns2:item>
            <guid>38fd57b6-b17b-d916-986e-59b2fdee69a4</guid>
            <ns2:purchaseNoticeData>
                <ns2:guid>38fd57b6-b17b-d916-986e-59b2fdee69a4</ns2:guid>
                <ns2:createDateTime>2017-03-16T20:35:33</ns2:createDateTime>
                <ns2:urlOOS>https://zakupki.gov.ru/223/purchase/private/purchase/notice-info/details.html?noticeInfoId=5888476</ns2:urlOOS>
                <ns2:urlVSRZ>https://com.roseltorg.ru/#com/procedure/view/id/286400</ns2:urlVSRZ>
                <ns2:registrationNumber>31704900093</ns2:registrationNumber>
                <ns2:name>Открытый конкурс в электронной форме  на оказание услуг по техническому обслуживанию медицинской техники в 2017 году в медицинских организациях Департамента здравоохранения города Москвы (ТОСП2017-60)</ns2:name>
                <ns2:customer>
                    <mainInfo>
                        <fullName>ГОСУДАРСТВЕННОЕ БЮДЖЕТНОЕ УЧРЕЖДЕНИЕ ГОРОДА МОСКВЫ "ГОРМЕДТЕХНИКА ДЕПАРТАМЕНТА ЗДРАВООХРАНЕНИЯ ГОРОДА МОСКВЫ"</fullName>
                        <shortName>ГБУ "ГОРМЕДТЕХНИКА"</shortName>
                        <iko>57725262013772501001</iko>
                        <inn>7725262013</inn>
                        <kpp>772501001</kpp>
                        <ogrn>1157746099928</ogrn>
                        <legalAddress>115093, г МОСКВА, ул ДУБИНИНСКАЯ, дом 98</legalAddress>
                        <postalAddress>115093, г. Москва, ул. Дубининская, д. 98</postalAddress>
                        <phone>7-495-9582787</phone>
                        <email>gmt@gmtmsk.ru</email>
                        <okato>45296559000</okato>
                        <okpo>01906547</okpo>
                    </mainInfo>
                </ns2:customer>
                <ns2:purchaseMethodCode>134787</ns2:purchaseMethodCode>
                <ns2:purchaseCodeName>Открытый конкурс в электронной форме</ns2:purchaseCodeName>
                <ns2:placer>
                    <mainInfo>
                        <fullName>ГОСУДАРСТВЕННОЕ БЮДЖЕТНОЕ УЧРЕЖДЕНИЕ ГОРОДА МОСКВЫ "ГОРМЕДТЕХНИКА ДЕПАРТАМЕНТА ЗДРАВООХРАНЕНИЯ ГОРОДА МОСКВЫ"</fullName>
                        <shortName>ГБУ "ГОРМЕДТЕХНИКА"</shortName>
                        <iko>57725262013772501001</iko>
                        <inn>7725262013</inn>
                        <kpp>772501001</kpp>
                        <ogrn>1157746099928</ogrn>
                        <legalAddress>115093, г МОСКВА, ул ДУБИНИНСКАЯ, дом 98</legalAddress>
                        <postalAddress>115093, г. Москва, ул. Дубининская, д. 98</postalAddress>
                        <phone>7-495-9582787</phone>
                        <email>gmt@gmtmsk.ru</email>
                        <okato>45296559000</okato>
                        <okpo>01906547</okpo>
                    </mainInfo>
                </ns2:placer>
                <ns2:contact>
                    <firstName>Елена</firstName>
                    <middleName>Николаевна</middleName>
                    <lastName>Серова</lastName>
                    <phone>+7 (495) 9556392</phone>
                    <email>kc@gmtmsk.ru</email>
                    <organization>
                        <mainInfo>
                            <fullName>ГОСУДАРСТВЕННОЕ БЮДЖЕТНОЕ УЧРЕЖДЕНИЕ ГОРОДА МОСКВЫ "ГОРМЕДТЕХНИКА ДЕПАРТАМЕНТА ЗДРАВООХРАНЕНИЯ ГОРОДА МОСКВЫ"</fullName>
                            <shortName>ГБУ "ГОРМЕДТЕХНИКА"</shortName>
                            <iko>57725262013772501001</iko>
                            <inn>7725262013</inn>
                            <kpp>772501001</kpp>
                            <ogrn>1157746099928</ogrn>
                            <legalAddress>115093, г МОСКВА, ул ДУБИНИНСКАЯ, дом 98</legalAddress>
                            <postalAddress>115093, г. Москва, ул. Дубининская, д. 98</postalAddress>
                            <phone>7-495-9582787</phone>
                            <email>gmt@gmtmsk.ru</email>
                            <okato>45296559000</okato>
                            <okpo>01906547</okpo>
                        </mainInfo>
                    </organization>
                </ns2:contact>
                <ns2:publicationDateTime>2017-03-16T20:39:09</ns2:publicationDateTime>
                <ns2:documentationDelivery>
                    <deliveryStartDateTime>2017-03-16</deliveryStartDateTime>
                    <deliveryEndDateTime>2017-04-06</deliveryEndDateTime>
                    <place>https://com.roseltorg.ru/</place>
                    <procedure>посредством размещения для скачивания и ознакомления</procedure>
                </ns2:documentationDelivery>
                <ns2:status>P</ns2:status>
                <ns2:version>1</ns2:version>
                <ns2:notDishonest>true</ns2:notDishonest>
                <ns2:attachments>
                    <totalDocumentsCount>3</totalDocumentsCount>
                    <document>
                        <guid>e30e6bf9-1784-f5ea-67be-1d01507e62ed</guid>
                        <createDateTime>2017-03-16T20:29:02</createDateTime>
                        <fileName>Приложение___1_к_ТЗ_Перечень_оборудования_ЛОТ___6_новое.xlsx</fileName>
                        <description>Приложение №1 к ТЗ</description>
                        <url>http://zakupki.gov.ru/223/purchase/public/download/download.html?id=30121479</url>
                    </document>
                    <document>
                        <guid>f72bcf32-9968-d4de-af51-67844689b058</guid>
                        <createDateTime>2017-03-16T20:29:13</createDateTime>
                        <fileName>Приложение___2_к_ТЗ[6].xlsx</fileName>
                        <description>Приложение №2 к ТЗ</description>
                        <url>http://zakupki.gov.ru/223/purchase/public/download/download.html?id=30121480</url>
                    </document>
                    <document>
                        <guid>23c7147c-7d7f-00c0-6639-a19e28c51085</guid>
                        <createDateTime>2017-03-16T20:28:51</createDateTime>
                        <fileName>КД_-_ТО60.docx</fileName>
                        <description>Конкурсная документация</description>
                        <url>http://zakupki.gov.ru/223/purchase/public/download/download.html?id=30121481</url>
                    </document>
                </ns2:attachments>
                <ns2:modificationDate>2017-03-16T20:39:09</ns2:modificationDate>
                <ns2:saveUserId>213190</ns2:saveUserId>
                <ns2:deliveryPlaceIndication>DIFFERENT_PLACE</ns2:deliveryPlaceIndication>
                <ns2:emergency>false</ns2:emergency>
                <ns2:jointPurchase>false</ns2:jointPurchase>
                <ns2:electronicPlaceInfo>
                    <name>АО "ЕЭТП"</name>
                    <url>http://www.roseltorg.ru/</url>
                    <electronicPlaceId>113</electronicPlaceId>
                </ns2:electronicPlaceInfo>
                <ns2:placingProcedure>
                    <ns2:examinationPlace>г. Москва, ул. Дубининская, д. 98</ns2:examinationPlace>
                    <ns2:examinationDateTime>2017-04-10T14:00:00</ns2:examinationDateTime>
                    <ns2:summingupDateTime>2017-04-11T14:00:00</ns2:summingupDateTime>
                </ns2:placingProcedure>
                <ns2:submissionCloseDateTime>2017-04-06T14:25:00</ns2:submissionCloseDateTime>
                <ns2:publicationPlannedDate>2017-03-16</ns2:publicationPlannedDate>
                <ns2:lots>
                    <lot>
                        <guid>1cae1ef9-dd22-765e-37d3-f73802344fda</guid>
                        <ordinalNumber>1</ordinalNumber>
                        <lotEditEnabled>true</lotEditEnabled>
                        <lotData>
                            <subject>Открытый конкурс в электронной форме на оказание услуг по техническому обслуживанию медицинской техники в 2017 году в медицинских организациях Департамента здравоохранения города Москвы (ТОСП2017-60)</subject>
                            <currency>
                                <code>RUB</code>
                                <digitalCode>643</digitalCode>
                                <name>Российский рубль</name>
                            </currency>
                            <initialSum>37331634.23</initialSum>
                            <deliveryPlace>
                                <address>В соответствии с ТЗ и проектом договора.</address>
                            </deliveryPlace>
                            <lotItems>
                                <newCodes>true</newCodes>
                                <lotItem>
                                    <guid>8ea81eb9-5d1a-09d7-0de3-6681bae9e2c0</guid>
                                    <ordinalNumber>1</ordinalNumber>
                                    <okpd2>
                                        <code>33.13.12.000</code>
                                        <name>Услуги по ремонту и техническому обслуживанию облучающего, электрического диагностического и электрического терапевтического оборудования, применяемого в медицинских целях</name>
                                    </okpd2>
                                    <okved2>
                                        <code>86</code>
                                        <name>Деятельность в области здравоохранения</name>
                                    </okved2>
                                    <okei>
                                        <code>876</code>
                                        <name>Условная единица</name>
                                    </okei>
                                    <qty>1</qty>
                                    <additionalInfo>ТО</additionalInfo>
                                </lotItem>
                            </lotItems>
                            <forSmallOrMiddle>false</forSmallOrMiddle>
                            <excludePurchaseFromPlan>false</excludePurchaseFromPlan>
                            <subcontractorsRequirement>false</subcontractorsRequirement>
                            <ignoredPurchase>false</ignoredPurchase>
                            <centralized>false</centralized>
                        </lotData>
                        <deliveryPlaceIndication>GL</deliveryPlaceIndication>
                        <jointLotData>
                            <jointLot>false</jointLot>
                        </jointLotData>
                        <lotPlanInfo>
                            <planRegistrationNumber>2170227886</planRegistrationNumber>
                            <planGuid>b9bde1f4-f720-453b-bb4d-35e06a1cea59</planGuid>
                            <positionNumber>13</positionNumber>
                            <lotPlanPosition>COMMODITY</lotPlanPosition>
                            <positionGuid>9d69a9b3-b223-412a-9136-35345a286b74</positionGuid>
                        </lotPlanInfo>
                        <cancelled>false</cancelled>
                    </lot>
                </ns2:lots>
            </ns2:purchaseNoticeData>
        </ns2:item>
    </ns2:body>
</ns2:purchaseNotice>
