<?xml version="1.0" encoding="UTF-8" standalone="yes"?>
<ns2:purchaseNotice xsi:schemaLocation="http://zakupki.gov.ru/223/integration/schema/TFF-5.2 http://zakupki.gov.ru/223/integration/schema/TFF-5.2/purchase.xsd" xmlns="http://zakupki.gov.ru/223fz/types/1" xmlns:ns10="http://zakupki.gov.ru/223fz/purchasePlan/1" xmlns:ns11="http://zakupki.gov.ru/223fz/purchasePlanProject/1" xmlns:ns12="http://zakupki.gov.ru/223fz/purchasePlanProjectAdditionalPosition/1" xmlns:ns13="http://zakupki.gov.ru/223fz/contract/1" xmlns:ns14="http://zakupki.gov.ru/223fz/missedNotice/1" xmlns:ns15="http://zakupki.gov.ru/223fz/reference/1" xmlns:ns16="http://zakupki.gov.ru/223fz/stopCommodity/1" xmlns:ns17="http://zakupki.gov.ru/223fz/decisionSuspension/1" xmlns:ns18="http://zakupki.gov.ru/223fz/purchasePlanAdditionalPosition/1" xmlns:ns19="http://zakupki.gov.ru/223fz/webRequest/1" xmlns:ns2="http://zakupki.gov.ru/223fz/purchase/1" xmlns:xsi="http://www.w3.org/2001/XMLSchema-instance" xmlns:ns3="http://zakupki.gov.ru/223fz/dishonestSupplier/1" xmlns:ns4="http://zakupki.gov.ru/223fz/machineryListInfo/1" xmlns:ns5="http://zakupki.gov.ru/223fz/revenue/1" xmlns:ns6="http://zakupki.gov.ru/223fz/orderClauseList/1" xmlns:ns7="http://zakupki.gov.ru/223fz/disagreementProtocol/1" xmlns:ns8="http://zakupki.gov.ru/223fz/complaint/1" xmlns:ns9="http://zakupki.gov.ru/223fz/notificationIssue/1">
    <header>
        <guid>f79bed71-f37b-4aeb-85da-8369c6b973ed</guid>
        <createDateTime>2017-03-16T16:33:52</createDateTime>
    </header>
    <ns2:body>
        <ns2:item>
            <guid>a9898519-6085-0004-0000-58ca93700dae</guid>
            <ns2:purchaseNoticeData>
                <ns2:guid>a9898519-6085-0004-0000-58ca93700dae</ns2:guid>
                <ns2:createDateTime>2017-03-16T16:30:27</ns2:createDateTime>
                <ns2:urlOOS>https://zakupki.gov.ru/223/purchase/private/purchase/notice-info/details.html?noticeInfoId=5887534</ns2:urlOOS>
                <ns2:urlVSRZ>http://www.b2b-avia.ru/market/zapros-tsenovykh-kotirovok-na-pravo-zakliucheniia-dogovora-na-postavku/tender-796085/</ns2:urlVSRZ>
                <ns2:registrationNumber>31704899238</ns2:registrationNumber>
                <ns2:name>Запрос ценовых котировок 
на право заключения договора на поставку молока и соков для нужд Казанского авиационного завода им. С. П. Горбунова – филиала ПАО «Туполев» (796085)</ns2:name>
                <ns2:customer>
                    <mainInfo>
                        <fullName>ПУБЛИЧНОЕ АКЦИОНЕРНОЕ ОБЩЕСТВО "ТУПОЛЕВ"</fullName>
                        <shortName>ПАО "ТУПОЛЕВ"</shortName>
                        <iko>67705313252770901001</iko>
                        <inn>7705313252</inn>
                        <kpp>770901001</kpp>
                        <ogrn>1027739263056</ogrn>
                        <legalAddress>105005, Г МОСКВА, НАБ ТУПОЛЕВА АКАДЕМИКА, дом 17</legalAddress>
                        <postalAddress>105005, г. Москва, набережная Академика Туполева, д. 17</postalAddress>
                        <phone>7-499-2637715</phone>
                        <fax>7-499-2637701</fax>
                        <email>n.zvereva@tupolev.ru</email>
                        <okato>45286555000</okato>
                        <okpo>18982156</okpo>
                    </mainInfo>
                </ns2:customer>
                <ns2:purchaseMethodCode>121348</ns2:purchaseMethodCode>
                <ns2:purchaseCodeName>запрос ценовых котировок</ns2:purchaseCodeName>
                <ns2:placer>
                    <mainInfo>
                        <fullName>ПУБЛИЧНОЕ АКЦИОНЕРНОЕ ОБЩЕСТВО "ТУПОЛЕВ"</fullName>
                        <shortName>ПАО "ТУПОЛЕВ"</shortName>
                        <iko>67705313252770901001</iko>
                        <inn>7705313252</inn>
                        <kpp>770901001</kpp>
                        <ogrn>1027739263056</ogrn>
                        <legalAddress>105005, Г МОСКВА, НАБ ТУПОЛЕВА АКАДЕМИКА, дом 17</legalAddress>
                        <postalAddress>105005, г. Москва, набережная Академика Туполева, д. 17</postalAddress>
                        <phone>7-499-2637715</phone>
                        <fax>7-499-2637701</fax>
                        <email>n.zvereva@tupolev.ru</email>
                        <okato>45286555000</okato>
                        <okpo>18982156</okpo>
                    </mainInfo>
                </ns2:placer>
                <ns2:contact>
                    <firstName>Энже</firstName>
                    <middleName>Тахировна</middleName>
                    <lastName>Аверина</lastName>
                    <phone>+7 (843) 5334305</phone>
                    <email>kapozakupki@mail.ru</email>
                    <organization>
                        <mainInfo>
                            <fullName>ПУБЛИЧНОЕ АКЦИОНЕРНОЕ ОБЩЕСТВО "ТУПОЛЕВ"</fullName>
                            <shortName>ПАО "ТУПОЛЕВ"</shortName>
                            <iko>67705313252770901001</iko>
                            <inn>7705313252</inn>
                            <kpp>770901001</kpp>
                            <ogrn>1027739263056</ogrn>
                            <legalAddress>105005, Г МОСКВА, НАБ ТУПОЛЕВА АКАДЕМИКА, дом 17</legalAddress>
                            <postalAddress>105005, г. Москва, набережная Академика Туполева, д. 17</postalAddress>
                            <phone>7-499-2637715</phone>
                            <fax>7-499-2637701</fax>
                            <email>n.zvereva@tupolev.ru</email>
                            <okato>45286555000</okato>
                            <okpo>18982156</okpo>
                        </mainInfo>
                    </organization>
                </ns2:contact>
                <ns2:publicationDateTime>2017-03-16T16:33:52</ns2:publicationDateTime>
                <ns2:documentationDelivery>
                    <deliveryStartDateTime>2017-03-16</deliveryStartDateTime>
                    <deliveryEndDateTime>2017-03-24</deliveryEndDateTime>
                    <place>ЭТП группы B2B-Center</place>
                    <procedure>Документация по закупке предоставляется без взимания платы в форме электронного документа на сайте ЭТП группы B2B-Center</procedure>
                </ns2:documentationDelivery>
                <ns2:status>P</ns2:status>
                <ns2:version>1</ns2:version>
                <ns2:notDishonest>true</ns2:notDishonest>
                <ns2:attachments>
                    <totalDocumentsCount>1</totalDocumentsCount>
                    <document>
                        <guid>a9898519-6085-0004-0000-58ca93700dae</guid>
                        <createDateTime>2017-03-16T16:21:58</createDateTime>
                        <fileName>Документация №48 поставка молока и соков.docx</fileName>
                        <description>Документация №48 поставка молока и соков.docx</description>
                        <url>http://zakupki.gov.ru/223/purchase/public/download/download.html?id=30116848</url>
                    </document>
                </ns2:attachments>
                <ns2:modificationDate>2017-03-16T16:33:52</ns2:modificationDate>
                <ns2:saveUserId>147511</ns2:saveUserId>
                <ns2:deliveryPlaceIndication>DIFFERENT_PLACE</ns2:deliveryPlaceIndication>
                <ns2:emergency>false</ns2:emergency>
                <ns2:jointPurchase>false</ns2:jointPurchase>
                <ns2:electronicPlaceInfo>
                    <name>Система электронных торгов B2B-Center</name>
                    <url>http://b2b-center.ru</url>
                    <electronicPlaceId>107</electronicPlaceId>
                </ns2:electronicPlaceInfo>
                <ns2:placingProcedure>
                    <ns2:examinationPlace>420127, Россия, Республика Татарстан, г. Казань, ул. Дементьева, д. 1</ns2:examinationPlace>
                    <ns2:examinationDateTime>2017-04-03T15:00:00</ns2:examinationDateTime>
                    <ns2:summingupDateTime>2017-04-13T15:30:00</ns2:summingupDateTime>
                </ns2:placingProcedure>
                <ns2:submissionCloseDateTime>2017-03-24T10:00:00</ns2:submissionCloseDateTime>
                <ns2:publicationPlannedDate>2017-03-16</ns2:publicationPlannedDate>
                <ns2:lots>
                    <lot>
                        <guid>a9898519-6085-0004-0001-58ca93703bad</guid>
                        <ordinalNumber>1</ordinalNumber>
                        <lotEditEnabled>true</lotEditEnabled>
                        <lotData>
                            <subject>Запрос ценовых котировок 
на право заключения договора на поставку молока и соков для нужд Казанского авиационного завода им. С. П. Горбунова – филиала ПАО «Туполев»</subject>
                            <currency>
                                <code>RUB</code>
                                <digitalCode>643</digitalCode>
                                <name>Российский рубль</name>
                            </currency>
                            <initialSum>6205000.00</initialSum>
                            <deliveryPlace>
                                <address>Россия, Республика Татарстан (Татарстан), 420127,Россия, Казань, ул. Дементьева, д.1</address>
                            </deliveryPlace>
                            <lotItems>
                                <newCodes>true</newCodes>
                                <lotItem>
                                    <guid>a9898519-0000-0004-0102-000000796085</guid>
                                    <ordinalNumber>1</ordinalNumber>
                                    <okpd2>
                                        <code>10.51.11</code>
                                        <name>Молоко, кроме сырого</name>
                                    </okpd2>
                                    <okved2>
                                        <code>10.51</code>
                                        <name>Производство молока (кроме сырого) и молочной продукции</name>
                                    </okved2>
                                    <okei>
                                        <code>642</code>
                                        <name>Единица</name>
                                    </okei>
                                    <qty>1</qty>
                                </lotItem>
                            </lotItems>
                            <forSmallOrMiddle>true</forSmallOrMiddle>
                            <excludePurchaseFromPlan>false</excludePurchaseFromPlan>
                            <subcontractorsRequirement>false</subcontractorsRequirement>
                            <ignoredPurchase>false</ignoredPurchase>
                            <centralized>false</centralized>
                        </lotData>
                        <deliveryPlaceIndication>GL</deliveryPlaceIndication>
                        <jointLotData>
                            <jointLot>false</jointLot>
                        </jointLotData>
                        <lotPlanInfo>
                            <planRegistrationNumber>2160209363</planRegistrationNumber>
                            <planGuid>ca308e93-84da-461f-abc2-30bfc4144b36</planGuid>
                            <positionNumber>101</positionNumber>
                            <lotPlanPosition>COMMODITY</lotPlanPosition>
                            <positionGuid>c8c8761f-c720-4032-8f3d-f0fb396f9279</positionGuid>
                        </lotPlanInfo>
                        <cancelled>false</cancelled>
                    </lot>
                </ns2:lots>
            </ns2:purchaseNoticeData>
        </ns2:item>
    </ns2:body>
</ns2:purchaseNotice>
