<?xml version="1.0" encoding="UTF-8" standalone="yes"?>
<ns2:purchaseNotice xsi:schemaLocation="http://zakupki.gov.ru/223/integration/schema/TFF-5.2 http://zakupki.gov.ru/223/integration/schema/TFF-5.2/purchase.xsd" xmlns="http://zakupki.gov.ru/223fz/types/1" xmlns:ns10="http://zakupki.gov.ru/223fz/purchasePlan/1" xmlns:ns11="http://zakupki.gov.ru/223fz/purchasePlanProject/1" xmlns:ns12="http://zakupki.gov.ru/223fz/purchasePlanProjectAdditionalPosition/1" xmlns:ns13="http://zakupki.gov.ru/223fz/contract/1" xmlns:ns14="http://zakupki.gov.ru/223fz/missedNotice/1" xmlns:ns15="http://zakupki.gov.ru/223fz/reference/1" xmlns:ns16="http://zakupki.gov.ru/223fz/stopCommodity/1" xmlns:ns17="http://zakupki.gov.ru/223fz/decisionSuspension/1" xmlns:ns18="http://zakupki.gov.ru/223fz/purchasePlanAdditionalPosition/1" xmlns:ns19="http://zakupki.gov.ru/223fz/webRequest/1" xmlns:ns2="http://zakupki.gov.ru/223fz/purchase/1" xmlns:xsi="http://www.w3.org/2001/XMLSchema-instance" xmlns:ns3="http://zakupki.gov.ru/223fz/dishonestSupplier/1" xmlns:ns4="http://zakupki.gov.ru/223fz/machineryListInfo/1" xmlns:ns5="http://zakupki.gov.ru/223fz/revenue/1" xmlns:ns6="http://zakupki.gov.ru/223fz/orderClauseList/1" xmlns:ns7="http://zakupki.gov.ru/223fz/disagreementProtocol/1" xmlns:ns8="http://zakupki.gov.ru/223fz/complaint/1" xmlns:ns9="http://zakupki.gov.ru/223fz/notificationIssue/1">
    <header>
        <guid>7abcd895-eb60-436c-ac55-f9ee00af7751</guid>
        <createDateTime>2017-03-16T16:08:01</createDateTime>
    </header>
    <ns2:body>
        <ns2:item>
            <guid>58caa6cb-7f41-0064-e100-80000a121a18</guid>
            <ns2:purchaseNoticeData>
                <ns2:guid>58caa6cb-7f41-0064-e100-80000a121a18</ns2:guid>
                <ns2:createDateTime>2017-03-16T16:00:23</ns2:createDateTime>
                <ns2:urlOOS>https://zakupki.gov.ru/223/purchase/private/purchase/notice-info/details.html?noticeInfoId=5887193</ns2:urlOOS>
                <ns2:urlVSRZ>http://tzselektra.ru</ns2:urlVSRZ>
                <ns2:registrationNumber>31704898992</ns2:registrationNumber>
                <ns2:name>Право заключения договора на Поверку и калибровку СИ (БрРЭС)</ns2:name>
                <ns2:customer>
                    <mainInfo>
                        <fullName>ПУБЛИЧНОЕ АКЦИОНЕРНОЕ ОБЩЕСТВО "ФЕДЕРАЛЬНАЯ СЕТЕВАЯ КОМПАНИЯ ЕДИНОЙ ЭНЕРГЕТИЧЕСКОЙ СИСТЕМЫ"</fullName>
                        <shortName>ПАО "ФСК ЕЭС"</shortName>
                        <iko>54716016979772801001</iko>
                        <inn>4716016979</inn>
                        <kpp>772801001</kpp>
                        <ogrn>1024701893336</ogrn>
                        <legalAddress>117630Г МОСКВА, УЛ ЧЕЛОМЕЯ АКАДЕМИКА, 5А</legalAddress>
                        <postalAddress>117630, Москва Город, Академика Челомея Улица, дом 5А</postalAddress>
                        <phone>7-495-7109333</phone>
                        <fax>7-495-7109655</fax>
                        <email>info@fsk-ees.ru</email>
                        <okato>45293578000</okato>
                        <okpo>56947007</okpo>
                    </mainInfo>
                </ns2:customer>
                <ns2:purchaseMethodCode>6662</ns2:purchaseMethodCode>
                <ns2:purchaseCodeName>Открытый запрос предложений в электронной форме</ns2:purchaseCodeName>
                <ns2:placer>
                    <mainInfo>
                        <fullName>Филиал ОАО "ФСК ЕЭС"- МЭС Северо-Запада </fullName>
                        <shortName>ПАО "ФСК ЕЭС"</shortName>
                        <iko>54716016979780243001</iko>
                        <inn>4716016979</inn>
                        <kpp>780243001</kpp>
                        <ogrn>1024701893336</ogrn>
                        <legalAddress>194044, г. Санкт-Петербург, Пироговская набережная, д. 9, лит.А</legalAddress>
                        <postalAddress>117630, Москва Город, Академика Челомея Улица, дом 5А</postalAddress>
                        <phone>7-495-7109333</phone>
                        <fax>7-495-7109655</fax>
                        <email>info@fsk-ees.ru</email>
                        <okato>40265561000</okato>
                        <okpo>59434248</okpo>
                    </mainInfo>
                </ns2:placer>
                <ns2:contact>
                    <firstName>Наталья</firstName>
                    <middleName>Петровна</middleName>
                    <lastName>Швецова</lastName>
                    <phone>+7 (483) 2378309</phone>
                    <email>shvetsova-np@novmes.ru</email>
                    <organization>
                        <mainInfo>
                            <fullName>Филиал ОАО "ФСК ЕЭС"- МЭС Северо-Запада </fullName>
                            <shortName>ПАО "ФСК ЕЭС"</shortName>
                            <iko>54716016979780243001</iko>
                            <inn>4716016979</inn>
                            <kpp>780243001</kpp>
                            <ogrn>1024701893336</ogrn>
                            <legalAddress>194044, г. Санкт-Петербург, Пироговская набережная, д. 9, лит.А</legalAddress>
                            <postalAddress>117630, Москва Город, Академика Челомея Улица, дом 5А</postalAddress>
                            <phone>7-495-7109333</phone>
                            <fax>7-495-7109655</fax>
                            <email>info@fsk-ees.ru</email>
                            <okato>40265561000</okato>
                            <okpo>59434248</okpo>
                        </mainInfo>
                    </organization>
                </ns2:contact>
                <ns2:publicationDateTime>2017-03-16T16:08:01</ns2:publicationDateTime>
                <ns2:documentationDelivery>
                    <deliveryStartDateTime>2017-03-16</deliveryStartDateTime>
                    <deliveryEndDateTime>2017-03-31</deliveryEndDateTime>
                    <place>Согласно Закупочной документации</place>
                    <procedure>Согласно Закупочной документации</procedure>
                </ns2:documentationDelivery>
                <ns2:status>P</ns2:status>
                <ns2:version>1</ns2:version>
                <ns2:notDishonest>true</ns2:notDishonest>
                <ns2:attachments>
                    <totalDocumentsCount>3</totalDocumentsCount>
                    <document>
                        <guid>58caa6c8-7f41-0064-e100-80000a121a18</guid>
                        <createDateTime>2017-03-16T15:59:01</createDateTime>
                        <fileName>29281083-Izveshchenie_ot_16.03.doc</fileName>
                        <description>29281083-Izveshchenie_ot_16.03.doc</description>
                        <url>http://zakupki.gov.ru/223/purchase/public/download/download.html?id=30115253</url>
                    </document>
                    <document>
                        <guid>58caa6c9-7f41-0064-e100-80000a121a18</guid>
                        <createDateTime>2017-03-16T15:59:01</createDateTime>
                        <fileName>29284935-Tom_1._Zakupochnoy_dokumentatsii..rar</fileName>
                        <description>29284935-Tom_1._Zakupochnoy_dokumentatsii..rar</description>
                        <url>http://zakupki.gov.ru/223/purchase/public/download/download.html?id=30115254</url>
                    </document>
                    <document>
                        <guid>58caa6ca-7f41-0064-e100-80000a121a18</guid>
                        <createDateTime>2017-03-16T15:59:01</createDateTime>
                        <fileName>29284947-Tom_2._Tekhnicheskaya_chast.rar</fileName>
                        <description>29284947-Tom_2._Tekhnicheskaya_chast.rar</description>
                        <url>http://zakupki.gov.ru/223/purchase/public/download/download.html?id=30115255</url>
                    </document>
                </ns2:attachments>
                <ns2:modificationDate>2017-03-16T16:08:01</ns2:modificationDate>
                <ns2:saveUserId>180072</ns2:saveUserId>
                <ns2:deliveryPlaceIndication>SINGLE_PLACE</ns2:deliveryPlaceIndication>
                <ns2:emergency>false</ns2:emergency>
                <ns2:jointPurchase>false</ns2:jointPurchase>
                <ns2:electronicPlaceInfo>
                    <name>ЭТП "ТЗС Электра"</name>
                    <url>http://tzselektra.ru</url>
                    <electronicPlaceId>146</electronicPlaceId>
                </ns2:electronicPlaceInfo>
                <ns2:placingProcedure>
                    <ns2:examinationPlace>По адресу организатора</ns2:examinationPlace>
                    <ns2:examinationDateTime>2017-03-31T12:00:00</ns2:examinationDateTime>
                    <ns2:summingupDateTime>2017-04-24T12:05:02</ns2:summingupDateTime>
                </ns2:placingProcedure>
                <ns2:submissionCloseDateTime>2017-03-31T12:00:00</ns2:submissionCloseDateTime>
                <ns2:lots>
                    <lot>
                        <guid>58c7b31a-d295-013a-e100-80000a121a18</guid>
                        <ordinalNumber>1</ordinalNumber>
                        <lotEditEnabled>false</lotEditEnabled>
                        <lotData>
                            <subject>Поверка и калибровка СИ (БрРЭС)</subject>
                            <currency>
                                <code>RUB</code>
                                <digitalCode>643</digitalCode>
                                <name>Российский рубль</name>
                            </currency>
                            <initialSum>1760072.93</initialSum>
                            <deliveryPlace>
                                <state>Центральный федеральный округ</state>
                                <region>Брянская   обл</region>
                                <regionOkato>15000000000</regionOkato>
                                <address>в соответствии с КД</address>
                            </deliveryPlace>
                            <lotItems>
                                <newCodes>true</newCodes>
                                <lotItem>
                                    <guid>58b67e09-82b0-0075-e100-80020a121a18</guid>
                                    <ordinalNumber>1</ordinalNumber>
                                    <okpd2>
                                        <code>71</code>
                                        <name>Услуги в области архитектуры и инженерно-технического проектирования, технических испытаний, исследований и анализа</name>
                                    </okpd2>
                                    <okved2>
                                        <code>71</code>
                                        <name>Деятельность в области архитектуры и инженерно-технического проектирования; технических испытаний, исследований и анализа</name>
                                    </okved2>
                                    <okei>
                                        <code>642</code>
                                        <name>Единица</name>
                                    </okei>
                                    <qty>1</qty>
                                    <additionalInfo>Поверка и калибровка СИ (БрРЭС)</additionalInfo>
                                </lotItem>
                            </lotItems>
                            <forSmallOrMiddle>false</forSmallOrMiddle>
                            <excludePurchaseFromPlan>false</excludePurchaseFromPlan>
                            <subcontractorsRequirement>false</subcontractorsRequirement>
                            <ignoredPurchase>false</ignoredPurchase>
                            <centralized>false</centralized>
                        </lotData>
                        <deliveryPlaceIndication>GL</deliveryPlaceIndication>
                        <jointLotData>
                            <jointLot>false</jointLot>
                        </jointLotData>
                        <lotPlanInfo>
                            <planRegistrationNumber>2160185733</planRegistrationNumber>
                            <planGuid>5fd7562a-0578-4790-9c20-6dbfa7b41956</planGuid>
                            <positionNumber>8658</positionNumber>
                            <lotPlanPosition>COMMODITY</lotPlanPosition>
                            <positionGuid>58b67e09-82b0-0075-e100-80020a121a18</positionGuid>
                        </lotPlanInfo>
                        <cancelled>false</cancelled>
                    </lot>
                </ns2:lots>
            </ns2:purchaseNoticeData>
        </ns2:item>
    </ns2:body>
</ns2:purchaseNotice>
