<?xml version="1.0" encoding="UTF-8" standalone="yes"?>
<ns2:purchaseNotice xsi:schemaLocation="http://zakupki.gov.ru/223/integration/schema/TFF-5.2 http://zakupki.gov.ru/223/integration/schema/TFF-5.2/purchase.xsd" xmlns="http://zakupki.gov.ru/223fz/types/1" xmlns:ns10="http://zakupki.gov.ru/223fz/purchasePlan/1" xmlns:ns11="http://zakupki.gov.ru/223fz/purchasePlanProject/1" xmlns:ns12="http://zakupki.gov.ru/223fz/purchasePlanProjectAdditionalPosition/1" xmlns:ns13="http://zakupki.gov.ru/223fz/contract/1" xmlns:ns14="http://zakupki.gov.ru/223fz/missedNotice/1" xmlns:ns15="http://zakupki.gov.ru/223fz/reference/1" xmlns:ns16="http://zakupki.gov.ru/223fz/stopCommodity/1" xmlns:ns17="http://zakupki.gov.ru/223fz/decisionSuspension/1" xmlns:ns18="http://zakupki.gov.ru/223fz/purchasePlanAdditionalPosition/1" xmlns:ns19="http://zakupki.gov.ru/223fz/webRequest/1" xmlns:ns2="http://zakupki.gov.ru/223fz/purchase/1" xmlns:xsi="http://www.w3.org/2001/XMLSchema-instance" xmlns:ns3="http://zakupki.gov.ru/223fz/dishonestSupplier/1" xmlns:ns4="http://zakupki.gov.ru/223fz/machineryListInfo/1" xmlns:ns5="http://zakupki.gov.ru/223fz/revenue/1" xmlns:ns6="http://zakupki.gov.ru/223fz/orderClauseList/1" xmlns:ns7="http://zakupki.gov.ru/223fz/disagreementProtocol/1" xmlns:ns8="http://zakupki.gov.ru/223fz/complaint/1" xmlns:ns9="http://zakupki.gov.ru/223fz/notificationIssue/1">
    <header>
        <guid>2b058512-97af-4de2-98a4-a1700f7db97d</guid>
        <createDateTime>2017-03-16T17:58:19</createDateTime>
    </header>
    <ns2:body>
        <ns2:item>
            <guid>0b011c1e-871d-4135-8d38-7a9afaefb807</guid>
            <ns2:purchaseNoticeData>
                <ns2:guid>0b011c1e-871d-4135-8d38-7a9afaefb807</ns2:guid>
                <ns2:createDateTime>2017-03-16T17:38:30</ns2:createDateTime>
                <ns2:urlOOS>https://zakupki.gov.ru/223/purchase/private/purchase/notice-info/details.html?noticeInfoId=5888118</ns2:urlOOS>
                <ns2:registrationNumber>31704899839</ns2:registrationNumber>
                <ns2:name>Выполнение работ по замене 2-х пассажирских лифтов, находящихся по адресу: г. Москва, Копьевский пер., д.3</ns2:name>
                <ns2:customer>
                    <mainInfo>
                        <fullName>федеральное государственное бюджетное учреждение культуры "Государственный академический Большой театр России"</fullName>
                        <shortName>Большой театр России</shortName>
                        <iko>87707079537770701001</iko>
                        <inn>7707079537</inn>
                        <kpp>770701001</kpp>
                        <ogrn>1027739856539</ogrn>
                        <legalAddress>125009, Москва, Театральная, дом 1</legalAddress>
                        <postalAddress>125009, Москва, Театральная, дом 1 </postalAddress>
                        <phone>7-495-7423980</phone>
                        <email>theatre@bolshoi.ru</email>
                        <okato>45286585000</okato>
                        <okpo>05841276</okpo>
                    </mainInfo>
                </ns2:customer>
                <ns2:purchaseMethodCode>109352</ns2:purchaseMethodCode>
                <ns2:purchaseCodeName>Запрос предложений</ns2:purchaseCodeName>
                <ns2:placer>
                    <mainInfo>
                        <fullName>федеральное государственное бюджетное учреждение культуры "Государственный академический Большой театр России"</fullName>
                        <shortName>Большой театр России</shortName>
                        <iko>87707079537770701001</iko>
                        <inn>7707079537</inn>
                        <kpp>770701001</kpp>
                        <ogrn>1027739856539</ogrn>
                        <legalAddress>125009, Москва, Театральная, дом 1</legalAddress>
                        <postalAddress>125009, Москва, Театральная, дом 1 </postalAddress>
                        <phone>7-495-7423980</phone>
                        <email>theatre@bolshoi.ru</email>
                        <okato>45286585000</okato>
                        <okpo>05841276</okpo>
                    </mainInfo>
                </ns2:placer>
                <ns2:contact>
                    <lastName>Колесник Владимир Владимирович </lastName>
                    <phone>+8 (495) 9844049</phone>
                    <email>luckysector@mail.ru</email>
                    <organization>
                        <mainInfo>
                            <fullName>федеральное государственное бюджетное учреждение культуры "Государственный академический Большой театр России"</fullName>
                            <shortName>Большой театр России</shortName>
                            <iko>87707079537770701001</iko>
                            <inn>7707079537</inn>
                            <kpp>770701001</kpp>
                            <ogrn>1027739856539</ogrn>
                            <legalAddress>125009, Москва, Театральная, дом 1</legalAddress>
                            <postalAddress>125009, Москва, Театральная, дом 1 </postalAddress>
                            <phone>7-495-7423980</phone>
                            <email>theatre@bolshoi.ru</email>
                            <okato>45286585000</okato>
                            <okpo>05841276</okpo>
                        </mainInfo>
                    </organization>
                </ns2:contact>
                <ns2:publicationDateTime>2017-03-16T17:58:19</ns2:publicationDateTime>
                <ns2:documentationDelivery>
                    <deliveryStartDateTime>2017-03-16</deliveryStartDateTime>
                    <deliveryEndDateTime>2017-03-21</deliveryEndDateTime>
                    <place>Единая информационная система по адресу: www.zakupki.gov.ru</place>
                    <procedure>Документация о закупке доступна для ознакомления без взимания платы в единой информационной системе по адресу: www.zakupki.gov.ru</procedure>
                </ns2:documentationDelivery>
                <ns2:status>P</ns2:status>
                <ns2:version>1</ns2:version>
                <ns2:notDishonest>false</ns2:notDishonest>
                <ns2:attachments>
                    <totalDocumentsCount>4</totalDocumentsCount>
                    <document>
                        <guid>24789c6b-10af-4d9c-8fa6-67d5d3775f7b</guid>
                        <createDateTime>2017-03-16T17:52:30</createDateTime>
                        <fileName>Документация К..docx</fileName>
                        <description>Документация К.</description>
                        <url>http://zakupki.gov.ru/223/purchase/public/download/download.html?id=30120112</url>
                    </document>
                    <document>
                        <guid>4cff4f62-28d3-4a32-804d-7407476f587f</guid>
                        <createDateTime>2017-03-16T17:53:27</createDateTime>
                        <fileName>Форма декларации принадлежности участника закупки к субъектам малого и среднего предпринимательства.rtf</fileName>
                        <description>Форма декларации принадлежности участника закупки к субъектам малого и среднего предпринимательства</description>
                        <url>http://zakupki.gov.ru/223/purchase/public/download/download.html?id=30120132</url>
                    </document>
                    <document>
                        <guid>9d7b8648-cefa-45c1-90ac-27b5e15975b6</guid>
                        <createDateTime>2017-03-16T17:52:42</createDateTime>
                        <fileName>Техническое задание.docx</fileName>
                        <description>Техническое задание</description>
                        <url>http://zakupki.gov.ru/223/purchase/public/download/download.html?id=30120117</url>
                    </document>
                    <document>
                        <guid>6ff45dca-1df4-445b-b292-e91b2b21e12b</guid>
                        <createDateTime>2017-03-16T17:53:11</createDateTime>
                        <fileName>Проект договора.docx</fileName>
                        <description>Проект договора</description>
                        <url>http://zakupki.gov.ru/223/purchase/public/download/download.html?id=30120126</url>
                    </document>
                </ns2:attachments>
                <ns2:modificationDate>2017-03-16T17:58:19</ns2:modificationDate>
                <ns2:saveUserId>123365</ns2:saveUserId>
                <ns2:deliveryPlaceIndication>SINGLE_PLACE</ns2:deliveryPlaceIndication>
                <ns2:emergency>false</ns2:emergency>
                <ns2:jointPurchase>false</ns2:jointPurchase>
                <ns2:placingProcedure>
                    <ns2:examinationPlace>125009, г. Москва, ул. Б. Дмитровка, д. 2, комната 413.</ns2:examinationPlace>
                    <ns2:examinationDateTime>2017-03-23T12:00:00</ns2:examinationDateTime>
                    <ns2:summingupDateTime>2017-03-23T12:00:00</ns2:summingupDateTime>
                    <ns2:summingupPlace>125009, г. Москва, ул. Б. Дмитровка, д. 2, комната 413.</ns2:summingupPlace>
                </ns2:placingProcedure>
                <ns2:submissionCloseDateTime>2017-03-22T10:30:00</ns2:submissionCloseDateTime>
                <ns2:publicationPlannedDate>2017-03-16</ns2:publicationPlannedDate>
                <ns2:lots>
                    <lot>
                        <guid>ac383211-bdbd-4773-b2ec-72797f9f31be</guid>
                        <ordinalNumber>1</ordinalNumber>
                        <lotEditEnabled>false</lotEditEnabled>
                        <lotData>
                            <subject>Выполнение работ по замене 2-х пассажирских лифтов, находящихся по адресу: г.Москва, Копьевский пер., д.3</subject>
                            <currency>
                                <code>RUB</code>
                                <digitalCode>643</digitalCode>
                                <name>Российский рубль</name>
                            </currency>
                            <initialSum>15261922.77</initialSum>
                            <deliveryPlace>
                                <address>г. Москва, Копьевский пер., д.3.</address>
                            </deliveryPlace>
                            <lotItems>
                                <newCodes>true</newCodes>
                                <lotItem>
                                    <guid>1df568dd-fc82-4e7f-8737-a8221fd4e450</guid>
                                    <ordinalNumber>1</ordinalNumber>
                                    <okpd2>
                                        <code>43.29.19.110</code>
                                        <name>Работы по монтажу лифтов, эскалаторов и движущихся тротуаров, требующие специальной квалификации, включая ремонт и техническое обслуживание</name>
                                    </okpd2>
                                    <okved2>
                                        <code>43.29</code>
                                        <name>Производство прочих строительно-монтажных работ</name>
                                    </okved2>
                                    <okei>
                                        <code>876</code>
                                        <name>Условная единица</name>
                                    </okei>
                                    <qty>1</qty>
                                </lotItem>
                            </lotItems>
                            <forSmallOrMiddle>true</forSmallOrMiddle>
                            <excludePurchaseFromPlan>false</excludePurchaseFromPlan>
                            <subcontractorsRequirement>false</subcontractorsRequirement>
                            <ignoredPurchase>false</ignoredPurchase>
                            <centralized>false</centralized>
                        </lotData>
                        <deliveryPlaceIndication>GL</deliveryPlaceIndication>
                        <jointLotData>
                            <jointLot>false</jointLot>
                        </jointLotData>
                        <lotPlanInfo>
                            <planRegistrationNumber>2170224247</planRegistrationNumber>
                            <planGuid>05ad7b13-0a4c-11e7-80ee-005056a96077</planGuid>
                            <positionNumber>60</positionNumber>
                            <lotPlanPosition>COMMODITY</lotPlanPosition>
                            <positionGuid>5aa88f2e-22fb-4a74-858e-9743b7f57a0a</positionGuid>
                        </lotPlanInfo>
                        <cancelled>false</cancelled>
                    </lot>
                </ns2:lots>
            </ns2:purchaseNoticeData>
        </ns2:item>
    </ns2:body>
</ns2:purchaseNotice>
