<?xml version="1.0" encoding="UTF-8" standalone="yes"?>
<ns2:purchaseNotice xsi:schemaLocation="http://zakupki.gov.ru/223/integration/schema/TFF-5.2 http://zakupki.gov.ru/223/integration/schema/TFF-5.2/purchase.xsd" xmlns="http://zakupki.gov.ru/223fz/types/1" xmlns:ns10="http://zakupki.gov.ru/223fz/purchasePlan/1" xmlns:ns11="http://zakupki.gov.ru/223fz/purchasePlanProject/1" xmlns:ns12="http://zakupki.gov.ru/223fz/purchasePlanProjectAdditionalPosition/1" xmlns:ns13="http://zakupki.gov.ru/223fz/contract/1" xmlns:ns14="http://zakupki.gov.ru/223fz/missedNotice/1" xmlns:ns15="http://zakupki.gov.ru/223fz/reference/1" xmlns:ns16="http://zakupki.gov.ru/223fz/stopCommodity/1" xmlns:ns17="http://zakupki.gov.ru/223fz/decisionSuspension/1" xmlns:ns18="http://zakupki.gov.ru/223fz/purchasePlanAdditionalPosition/1" xmlns:ns19="http://zakupki.gov.ru/223fz/webRequest/1" xmlns:ns2="http://zakupki.gov.ru/223fz/purchase/1" xmlns:xsi="http://www.w3.org/2001/XMLSchema-instance" xmlns:ns3="http://zakupki.gov.ru/223fz/dishonestSupplier/1" xmlns:ns4="http://zakupki.gov.ru/223fz/machineryListInfo/1" xmlns:ns5="http://zakupki.gov.ru/223fz/revenue/1" xmlns:ns6="http://zakupki.gov.ru/223fz/orderClauseList/1" xmlns:ns7="http://zakupki.gov.ru/223fz/disagreementProtocol/1" xmlns:ns8="http://zakupki.gov.ru/223fz/complaint/1" xmlns:ns9="http://zakupki.gov.ru/223fz/notificationIssue/1">
    <header>
        <guid>2d03893b-d562-45f5-be60-27c61db23f4e</guid>
        <createDateTime>2017-03-16T16:55:35</createDateTime>
    </header>
    <ns2:body>
        <ns2:item>
            <guid>ea185e62-812f-404f-9297-7c3293ec685a</guid>
            <ns2:purchaseNoticeData>
                <ns2:guid>ea185e62-812f-404f-9297-7c3293ec685a</ns2:guid>
                <ns2:createDateTime>2017-03-16T16:52:23</ns2:createDateTime>
                <ns2:urlOOS>https://zakupki.gov.ru/223/purchase/private/purchase/notice-info/details.html?noticeInfoId=5887744</ns2:urlOOS>
                <ns2:registrationNumber>31704829821</ns2:registrationNumber>
                <ns2:name>Открытый аукцион среди субъектов малого и среднего предпринимательства в электронной форме № 1265/ОАЭ-ЦДИ ЦШ/17 на право заключения договора выполнения работ по обслуживанию устройств бесперебойного питания устройств электрической централизации, микропроцессорной централизации </ns2:name>
                <ns2:customer>
                    <mainInfo>
                        <fullName>ОТКРЫТОЕ АКЦИОНЕРНОЕ ОБЩЕСТВО "РОССИЙСКИЕ ЖЕЛЕЗНЫЕ ДОРОГИ"</fullName>
                        <shortName>ОАО "РЖД"</shortName>
                        <iko>57708503727770801001</iko>
                        <inn>7708503727</inn>
                        <kpp>770801001</kpp>
                        <ogrn>1037739877295</ogrn>
                        <legalAddress>107174, Г МОСКВА, УЛ БАСМАННАЯ НОВ., дом ДОМ 2</legalAddress>
                        <postalAddress>107174, Москва Город, Басманная Нов. Улица, дом 2</postalAddress>
                        <phone>7-499-2621002</phone>
                        <fax>7-499-2629095</fax>
                        <email>BelozerovOlVal@yandex.ru</email>
                        <okato>45286555000</okato>
                        <okpo>00083262</okpo>
                    </mainInfo>
                </ns2:customer>
                <ns2:purchaseMethodCode>95157</ns2:purchaseMethodCode>
                <ns2:purchaseCodeName>Открытый аукцион в электронной форме (по Положению ОАО "РЖД")</ns2:purchaseCodeName>
                <ns2:placer>
                    <mainInfo>
                        <fullName>ОТКРЫТОЕ АКЦИОНЕРНОЕ ОБЩЕСТВО "РОССИЙСКИЕ ЖЕЛЕЗНЫЕ ДОРОГИ"</fullName>
                        <shortName>ОАО "РЖД"</shortName>
                        <iko>57708503727770801001</iko>
                        <inn>7708503727</inn>
                        <kpp>770801001</kpp>
                        <ogrn>1037739877295</ogrn>
                        <legalAddress>107174, Г МОСКВА, УЛ БАСМАННАЯ НОВ., дом ДОМ 2</legalAddress>
                        <postalAddress>107174, Москва Город, Басманная Нов. Улица, дом 2</postalAddress>
                        <phone>7-499-2621002</phone>
                        <fax>7-499-2629095</fax>
                        <email>BelozerovOlVal@yandex.ru</email>
                        <okato>45286555000</okato>
                        <okpo>00083262</okpo>
                    </mainInfo>
                </ns2:placer>
                <ns2:contact>
                    <firstName>Евгений </firstName>
                    <middleName>Анатольевич</middleName>
                    <lastName>Рязанов </lastName>
                    <phone>+7 (831) 2486069</phone>
                    <email>RKZ_RyazanovEA@grw.ru</email>
                    <organization>
                        <mainInfo>
                            <fullName>ОТКРЫТОЕ АКЦИОНЕРНОЕ ОБЩЕСТВО "РОССИЙСКИЕ ЖЕЛЕЗНЫЕ ДОРОГИ"</fullName>
                            <shortName>ОАО "РЖД"</shortName>
                            <iko>57708503727770801001</iko>
                            <inn>7708503727</inn>
                            <kpp>770801001</kpp>
                            <ogrn>1037739877295</ogrn>
                            <legalAddress>107174, Г МОСКВА, УЛ БАСМАННАЯ НОВ., дом ДОМ 2</legalAddress>
                            <postalAddress>107174, Москва Город, Басманная Нов. Улица, дом 2</postalAddress>
                            <phone>7-499-2621002</phone>
                            <fax>7-499-2629095</fax>
                            <email>BelozerovOlVal@yandex.ru</email>
                            <okato>45286555000</okato>
                            <okpo>00083262</okpo>
                        </mainInfo>
                    </organization>
                </ns2:contact>
                <ns2:publicationDateTime>2017-03-16T16:55:35</ns2:publicationDateTime>
                <ns2:documentationDelivery>
                    <deliveryStartDateTime>2017-02-27</deliveryStartDateTime>
                    <deliveryEndDateTime>2017-04-03</deliveryEndDateTime>
                    <place>Документация размещена в Единой информационной системе, на сайте www.rzd.ru (раздел «Тендеры»), а также на сайте http://etzp.rzd.ru (далее - сайты).</place>
                    <procedure>Плата за предоставление документации не взимается.
Документация доступна для ознакомления на перечисленных сайтах с момента ее опубликования без ограничений.
</procedure>
                </ns2:documentationDelivery>
                <ns2:status>P</ns2:status>
                <ns2:version>2</ns2:version>
                <ns2:modificationDescription>В соответствии с пунктом 6.2. аукционной документации</ns2:modificationDescription>
                <ns2:notDishonest>true</ns2:notDishonest>
                <ns2:attachments>
                    <totalDocumentsCount>5</totalDocumentsCount>
                    <document>
                        <guid>b3851222-6e6b-4b36-ae6d-5153d5a6fc4a</guid>
                        <createDateTime>2017-03-16T16:54:36</createDateTime>
                        <fileName>Изменения от 16.03.2017.doc</fileName>
                        <description>Изменения от 16.03.2017</description>
                        <url>http://zakupki.gov.ru/223/purchase/public/download/download.html?id=30118118</url>
                    </document>
                    <document>
                        <guid>c6715f6b-d6b1-41bc-96c8-e4136dd93249</guid>
                        <createDateTime>2017-03-16T16:54:42</createDateTime>
                        <fileName>Извещение.doc</fileName>
                        <description>Извещение</description>
                        <url>http://zakupki.gov.ru/223/purchase/public/download/download.html?id=30118121</url>
                    </document>
                    <document>
                        <guid>64c56170-526b-454e-93e1-4d7b3c142217</guid>
                        <createDateTime>2017-02-27T11:29:11</createDateTime>
                        <fileName>Документация.doc</fileName>
                        <description>Документация</description>
                        <url>http://zakupki.gov.ru/223/purchase/public/download/download.html?id=30117965</url>
                    </document>
                    <document>
                        <guid>43acbc04-df93-4cc0-91c2-a2fe8e42e2f9</guid>
                        <createDateTime>2017-03-16T16:54:50</createDateTime>
                        <fileName>Документация.docx</fileName>
                        <description>Документация</description>
                        <url>http://zakupki.gov.ru/223/purchase/public/download/download.html?id=30118125</url>
                    </document>
                    <document>
                        <guid>e3b0848b-5a1b-4af3-a00a-21d368118f8e</guid>
                        <createDateTime>2017-02-27T11:29:05</createDateTime>
                        <fileName>Извещение.doc</fileName>
                        <description>Извещение</description>
                        <url>http://zakupki.gov.ru/223/purchase/public/download/download.html?id=30117967</url>
                    </document>
                </ns2:attachments>
                <ns2:modificationDate>2017-03-16T16:55:35</ns2:modificationDate>
                <ns2:saveUserId>1005</ns2:saveUserId>
                <ns2:deliveryPlaceIndication>DIFFERENT_PLACE</ns2:deliveryPlaceIndication>
                <ns2:emergency>false</ns2:emergency>
                <ns2:jointPurchase>false</ns2:jointPurchase>
                <ns2:electronicPlaceInfo>
                    <name>Электронная торгово-закупочная площадка ОАО "РЖД"</name>
                    <url>http://etzp.rzd.ru</url>
                    <electronicPlaceId>112</electronicPlaceId>
                </ns2:electronicPlaceInfo>
                <ns2:submissionCloseDateTime>2017-04-03T10:00:00</ns2:submissionCloseDateTime>
                <ns2:publicationPlannedDate>2017-02-27</ns2:publicationPlannedDate>
                <ns2:templateVersion>13</ns2:templateVersion>
                <ns2:templateStructure>
                    <ns2:level>
                        <ns2:tabLevel>NOTICE</ns2:tabLevel>
                        <ns2:tab>
                            <tabOrdinal>1</tabOrdinal>
                            <tabName>Общая информация</tabName>
                            <fixedName>MAIN</fixedName>
                            <section>
                                <sectionOrdinal>1</sectionOrdinal>
                                <sectionName>Сведения о состоянии извещения</sectionName>
                                <fixedName>MAIN_STATUS</fixedName>
                            </section>
                            <section>
                                <sectionOrdinal>2</sectionOrdinal>
                                <sectionName>Сведения о заказчике</sectionName>
                                <fixedName>MAIN_CUSTOMER</fixedName>
                            </section>
                            <section>
                                <sectionOrdinal>3</sectionOrdinal>
                                <sectionName>Общие сведения о закупке</sectionName>
                                <fixedName>MAIN_PURCHASE</fixedName>
                            </section>
                            <section>
                                <sectionOrdinal>4</sectionOrdinal>
                                <sectionName>Контактная информация</sectionName>
                                <fixedName>MAIN_CONTACTS</fixedName>
                            </section>
                            <section>
                                <sectionOrdinal>5</sectionOrdinal>
                                <sectionName>Обеспечение заявок и исполнения договора</sectionName>
                            </section>
                        </ns2:tab>
                        <ns2:tab>
                            <tabOrdinal>2</tabOrdinal>
                            <tabName>Порядок размещения закупки</tabName>
                            <fixedName>COMMISSION</fixedName>
                            <section>
                                <sectionOrdinal>1</sectionOrdinal>
                                <sectionName>Публикация извещения</sectionName>
                                <fixedName>COMMISSION_PUBLISH</fixedName>
                            </section>
                        </ns2:tab>
                        <ns2:tab>
                            <tabOrdinal>3</tabOrdinal>
                            <tabName>Список лотов</tabName>
                            <fixedName>LOTS</fixedName>
                            <section>
                                <sectionOrdinal>1</sectionOrdinal>
                                <sectionName>Сведения о лотах</sectionName>
                                <fixedName>LOTS_INFO</fixedName>
                            </section>
                        </ns2:tab>
                        <ns2:tab>
                            <tabOrdinal>4</tabOrdinal>
                            <tabName>Документация</tabName>
                            <fixedName>DOCS</fixedName>
                            <section>
                                <sectionOrdinal>1</sectionOrdinal>
                                <sectionName>Предоставление документации</sectionName>
                                <fixedName>DOCS_INFO</fixedName>
                            </section>
                            <section>
                                <sectionOrdinal>2</sectionOrdinal>
                                <sectionName>Файлы документации</sectionName>
                                <fixedName>DOCS_FILES</fixedName>
                            </section>
                        </ns2:tab>
                    </ns2:level>
                    <ns2:level>
                        <ns2:tabLevel>LOT</ns2:tabLevel>
                        <ns2:tab>
                            <tabOrdinal>1</tabOrdinal>
                            <tabName>Сведения о лоте</tabName>
                            <fixedName>LOT_INFORMATION</fixedName>
                            <section>
                                <sectionOrdinal>1</sectionOrdinal>
                                <sectionName>Общая информация о лоте</sectionName>
                                <fixedName>LOT_INFO</fixedName>
                            </section>
                            <section>
                                <sectionOrdinal>2</sectionOrdinal>
                                <sectionName>Дата и время рассмотрения заявок и проведения аукциона</sectionName>
                            </section>
                            <section>
                                <sectionOrdinal>3</sectionOrdinal>
                                <sectionName>Информация о товаре, работе, услуге</sectionName>
                                <fixedName>LOT_GOODS</fixedName>
                            </section>
                            <section>
                                <sectionOrdinal>4</sectionOrdinal>
                                <sectionName>Место поставки</sectionName>
                                <fixedName>LOT_PLACE</fixedName>
                            </section>
                        </ns2:tab>
                    </ns2:level>
                    <ns2:level>
                        <ns2:tabLevel>LOT_CUSTOMER</ns2:tabLevel>
                        <ns2:tab>
                            <tabOrdinal>1</tabOrdinal>
                            <tabName>Сведения по заказчику</tabName>
                            <fixedName>LOT_CUSTOMER</fixedName>
                            <section>
                                <sectionOrdinal>1</sectionOrdinal>
                                <sectionName>Общая информация по Заказчику</sectionName>
                                <fixedName>LOT_CUSTOMER_INFO</fixedName>
                            </section>
                            <section>
                                <sectionOrdinal>2</sectionOrdinal>
                                <sectionName>Информация о товаре, работе, услуге</sectionName>
                                <fixedName>LOT_CUSTOMER_GOODS</fixedName>
                            </section>
                            <section>
                                <sectionOrdinal>3</sectionOrdinal>
                                <sectionName>Место поставки</sectionName>
                                <fixedName>LOT_CUSTOMER_PLACE</fixedName>
                            </section>
                        </ns2:tab>
                    </ns2:level>
                </ns2:templateStructure>
                <ns2:extendFields>
                    <noticeExtendField>
                        <extendField>
                            <integrCode>DlyaNuzhd</integrCode>
                            <description>Закупка осуществляется для нужд</description>
                            <type>STRING</type>
                            <value>
                                <string>Горьковская дирекция инфраструктуры – структурное подразделение Центральной дирекции инфраструктуры - филиала ОАО "РЖД"</string>
                            </value>
                        </extendField>
                        <extendField>
                            <integrCode>MestoOrg</integrCode>
                            <description>Место нахождения</description>
                            <type>STRING</type>
                            <value>
                                <string>603029, г. Нижний Новгород, ул. Профинтерна, д.14-а</string>
                            </value>
                        </extendField>
                        <extendField>
                            <integrCode>AdresOrg</integrCode>
                            <description>Почтовый адрес</description>
                            <type>STRING</type>
                            <value>
                                <string>603029, г. Нижний Новгород, ул. Профинтерна, д.14-а</string>
                            </value>
                        </extendField>
                        <position>
                            <tabOrdinal>1</tabOrdinal>
                            <tabName>MAIN</tabName>
                            <sectionOrdinal>2</sectionOrdinal>
                            <sectionName>MAIN_SEC_Сведения о заказчике</sectionName>
                        </position>
                    </noticeExtendField>
                    <noticeExtendField>
                        <extendField>
                            <integrCode>ObespechenieZayavki</integrCode>
                            <description>Обеспечение заявок</description>
                            <type>TEXT</type>
                            <value>
                                <text>Обеспечение заявок не предусмотрено.</text>
                            </value>
                        </extendField>
                        <extendField>
                            <integrCode>ObespechenieDogovora</integrCode>
                            <description>Обеспечение исполнения договора</description>
                            <type>TEXT</type>
                            <value>
                                <text>Способ обеспечения исполнения договора указан в пункте 8.1.1 аукционной документации (банковская гарантия или внесение денежных средств).
Размер обеспечения исполнения договора составляет 5% (пять процентов) от предельной цены договора без учета НДС.
Требования к банковской гарантии указаны в пунктах 8.1.8 - 8.1.11 аукционной документации.
Внесение денежных средств осуществляется по следующим платежным реквизитам (в назначении платежа необходимо указать номер и вид процедуры):
Банковские реквизиты:
Открытое акционерное общество
«Российские железные дороги»
107174, Москва, ул. Новая Басманная, д. 2,
ИНН 7708503727 КПП 997650001
Горьковская дирекция инфраструктуры –
структурного подразделения
Центральной дирекции инфраструктуры-
филиала ОАО «РЖД», 603011,
г.Н.Новгород, ул.Октябрьской революции,д.78
ИНН 7708503727 КПП 525745084
р/ счет: 40702810529242044455
Филиал Банк ВТБ (ПАО) в г.Н.Новгороде
к/с 30101810200000000837 в ГРКЦ ГУ
Банка России по Нижегородской области,
БИК 042202837
Назначение платежа: обеспечение исполнения договора в аукционе №1265/ОАЭ-ЦДИ ЦШ/17, ОКПО ________. Адрес: индекс ______, г. ________, ул. _____________, д. __, стр. __. НДС не облагается.</text>
                            </value>
                        </extendField>
                        <position>
                            <tabOrdinal>1</tabOrdinal>
                            <tabName>MAIN</tabName>
                            <sectionOrdinal>5</sectionOrdinal>
                            <sectionName>MAIN_SEC_Обеспечение заявок и исполнения договора</sectionName>
                        </position>
                    </noticeExtendField>
                    <noticeExtendField>
                        <extendField>
                            <integrCode>ZayavkiMesto</integrCode>
                            <description>Место предоставления заявок</description>
                            <type>TEXT</type>
                            <value>
                                <text>Заявки на участие в аукционе №1265/ОАЭ-ЦДИ ЦШ/17 подаются в электронной форме в установленном документацией порядке в автоматизированной информационной системе «Электронной торгово-закупочной площадке ОАО «РЖД» (на странице данного открытого аукциона на сайте http://etzp.rzd.ru) (далее – ЭТЗП).</text>
                            </value>
                        </extendField>
                        <extendField>
                            <integrCode>VskritieData</integrCode>
                            <description>Дата и время вскрытия заявок </description>
                            <type>DATETIME</type>
                            <value>
                                <dateTime>2017-04-03T10:00:00</dateTime>
                            </value>
                        </extendField>
                        <extendField>
                            <integrCode>RassmotrenieMesto</integrCode>
                            <description>Место рассмотрения заявок</description>
                            <type>STRING</type>
                            <value>
                                <string>603029, г. Нижний Новгород, ул. Профинтерна, д.14-а</string>
                            </value>
                        </extendField>
                        <position>
                            <tabOrdinal>2</tabOrdinal>
                            <tabName>COMMISSION</tabName>
                            <sectionOrdinal>1</sectionOrdinal>
                            <sectionName>COMISSION_SEC_Публикация извещения</sectionName>
                        </position>
                    </noticeExtendField>
                </ns2:extendFields>
                <ns2:lots>
                    <lot>
                        <guid>d2e588e3-3bda-42c8-9dd2-4d76384e7099</guid>
                        <ordinalNumber>1</ordinalNumber>
                        <lotEditEnabled>true</lotEditEnabled>
                        <lotData>
                            <subject>На право заключения договора выполнения работ по обслуживанию устройств бесперебойного питания устройств электрической централизации, микропроцессорной централизации</subject>
                            <currency>
                                <code>RUB</code>
                                <digitalCode>643</digitalCode>
                                <name>Российский рубль</name>
                            </currency>
                            <initialSum>2607909.55</initialSum>
                            <deliveryPlace>
                                <state>Центральный федеральный округ</state>
                                <region>Владимирская   обл</region>
                                <regionOkato>17000000000</regionOkato>
                                <address>Место выполнения работ указано в пункте 3.3 аукционной документации.</address>
                            </deliveryPlace>
                            <lotItems>
                                <newCodes>true</newCodes>
                                <lotItem>
                                    <guid>3e2a55d6-e602-401a-ac2e-5fa665edffc1</guid>
                                    <ordinalNumber>1</ordinalNumber>
                                    <okpd2>
                                        <code>33.14.19</code>
                                        <name>Услуги по ремонту и техническому обслуживанию прочего профессионального электрического оборудования</name>
                                    </okpd2>
                                    <okved2>
                                        <code>33.14</code>
                                        <name>Ремонт электрического оборудования</name>
                                    </okved2>
                                    <okei>
                                        <code>796</code>
                                        <name>Штука</name>
                                    </okei>
                                    <qty>3</qty>
                                    <additionalInfo>ОКАТО: 033</additionalInfo>
                                </lotItem>
                            </lotItems>
                            <forSmallOrMiddle>true</forSmallOrMiddle>
                            <excludePurchaseFromPlan>false</excludePurchaseFromPlan>
                            <subcontractorsRequirement>false</subcontractorsRequirement>
                            <ignoredPurchase>false</ignoredPurchase>
                            <centralized>false</centralized>
                        </lotData>
                        <deliveryPlaceIndication>GL</deliveryPlaceIndication>
                        <jointLotData>
                            <jointLot>false</jointLot>
                        </jointLotData>
                        <lotPlanInfo>
                            <planRegistrationNumber>2160196812</planRegistrationNumber>
                            <planGuid>38bcb6e6-f2a2-4b86-bf1f-bd78b33966f3</planGuid>
                            <positionNumber>8875</positionNumber>
                            <lotPlanPosition>COMMODITY</lotPlanPosition>
                            <positionGuid>dbfe0dc5-1c1b-4f27-b470-6702bfa34d76</positionGuid>
                        </lotPlanInfo>
                        <cancelled>false</cancelled>
                        <extendFields>
                            <noticeExtendField>
                                <extendField>
                                    <integrCode>TsenaDog</integrCode>
                                    <description>Начальная (максимальная) цена договора без учета НДС </description>
                                    <type>STRING</type>
                                    <value>
                                        <string>2 210 092,84</string>
                                    </value>
                                </extendField>
                                <extendField>
                                    <integrCode>Valyta</integrCode>
                                    <description>Валюта</description>
                                    <type>CURRENCY</type>
                                    <value>
                                        <nsi>
                                            <currency>
                                                <code>RUB</code>
                                                <digitalCode>643</digitalCode>
                                                <name>Российский рубль</name>
                                            </currency>
                                        </nsi>
                                    </value>
                                </extendField>
                                <position>
                                    <tabOrdinal>1</tabOrdinal>
                                    <tabName>LOT_INFORMATION</tabName>
                                    <sectionOrdinal>1</sectionOrdinal>
                                    <sectionName>LOT_INFO_SEC_Общая информация о лоте</sectionName>
                                </position>
                            </noticeExtendField>
                            <noticeExtendField>
                                <extendField>
                                    <integrCode>RassmotrenieData</integrCode>
                                    <description>Дата и время рассмотрения заявок</description>
                                    <type>DATETIME</type>
                                    <value>
                                        <dateTime>2017-04-18T10:00:00</dateTime>
                                    </value>
                                </extendField>
                                <extendField>
                                    <integrCode>ItogData</integrCode>
                                    <description>Дата и время проведения аукциона</description>
                                    <type>DATETIME</type>
                                    <value>
                                        <dateTime>2017-04-20T09:30:00</dateTime>
                                    </value>
                                </extendField>
                                <position>
                                    <tabOrdinal>1</tabOrdinal>
                                    <tabName>LOT_INFORMATION</tabName>
                                    <sectionOrdinal>2</sectionOrdinal>
                                    <sectionName>LOT_INFO_SEC_Дата и время рассмотрения заявок и проведения аукциона</sectionName>
                                </position>
                            </noticeExtendField>
                        </extendFields>
                    </lot>
                </ns2:lots>
            </ns2:purchaseNoticeData>
        </ns2:item>
    </ns2:body>
</ns2:purchaseNotice>
