<?xml version="1.0" encoding="UTF-8" standalone="yes"?>
<ns2:purchaseNotice xsi:schemaLocation="http://zakupki.gov.ru/223/integration/schema/TFF-5.2 http://zakupki.gov.ru/223/integration/schema/TFF-5.2/purchase.xsd" xmlns="http://zakupki.gov.ru/223fz/types/1" xmlns:ns10="http://zakupki.gov.ru/223fz/purchasePlan/1" xmlns:ns11="http://zakupki.gov.ru/223fz/purchasePlanProject/1" xmlns:ns12="http://zakupki.gov.ru/223fz/purchasePlanProjectAdditionalPosition/1" xmlns:ns13="http://zakupki.gov.ru/223fz/contract/1" xmlns:ns14="http://zakupki.gov.ru/223fz/missedNotice/1" xmlns:ns15="http://zakupki.gov.ru/223fz/reference/1" xmlns:ns16="http://zakupki.gov.ru/223fz/stopCommodity/1" xmlns:ns17="http://zakupki.gov.ru/223fz/decisionSuspension/1" xmlns:ns18="http://zakupki.gov.ru/223fz/purchasePlanAdditionalPosition/1" xmlns:ns19="http://zakupki.gov.ru/223fz/webRequest/1" xmlns:ns2="http://zakupki.gov.ru/223fz/purchase/1" xmlns:xsi="http://www.w3.org/2001/XMLSchema-instance" xmlns:ns3="http://zakupki.gov.ru/223fz/dishonestSupplier/1" xmlns:ns4="http://zakupki.gov.ru/223fz/machineryListInfo/1" xmlns:ns5="http://zakupki.gov.ru/223fz/revenue/1" xmlns:ns6="http://zakupki.gov.ru/223fz/orderClauseList/1" xmlns:ns7="http://zakupki.gov.ru/223fz/disagreementProtocol/1" xmlns:ns8="http://zakupki.gov.ru/223fz/complaint/1" xmlns:ns9="http://zakupki.gov.ru/223fz/notificationIssue/1">
    <header>
        <guid>b1fc319b-5d6b-4948-bd52-75f54fa9807d</guid>
        <createDateTime>2017-03-16T18:39:50</createDateTime>
    </header>
    <ns2:body>
        <ns2:item>
            <guid>68877cec-baf4-4818-b2df-4da343c7401e</guid>
            <ns2:purchaseNoticeData>
                <ns2:guid>68877cec-baf4-4818-b2df-4da343c7401e</ns2:guid>
                <ns2:createDateTime>2017-03-16T18:36:01</ns2:createDateTime>
                <ns2:urlOOS>https://zakupki.gov.ru/223/purchase/private/purchase/notice-info/details.html?noticeInfoId=5888336</ns2:urlOOS>
                <ns2:urlVSRZ>tender.otc.ru</ns2:urlVSRZ>
                <ns2:registrationNumber>31704899969</ns2:registrationNumber>
                <ns2:name>Оказание услуг круглосуточной охраны   зданий, имущества и
прилегающей территории
Рязанского института (филиала) федерального
государственного бюджетного образовательного
учреждения высшего  образования
«Московский политехнический институт» (Рязанский институт ( филиал) Московского политехнического университета) по адресу: 390000 г. Рязань ул. Право-Лыбедская д. 26\53 
</ns2:name>
                <ns2:customer>
                    <mainInfo>
                        <fullName>ФЕДЕРАЛЬНОЕ ГОСУДАРСТВЕННОЕ БЮДЖЕТНОЕ ОБРАЗОВАТЕЛЬНОЕ УЧРЕЖДЕНИЕ ВЫСШЕГО ОБРАЗОВАНИЯ "МОСКОВСКИЙ ПОЛИТЕХНИЧЕСКИЙ УНИВЕРСИТЕТ"</fullName>
                        <shortName>МОСКОВСКИЙ ПОЛИТЕХНИЧЕСКИЙ УНИВЕРСИТЕТ, МОСКОВСКИЙ ПОЛИТЕХ, ПОЛИТЕХ</shortName>
                        <iko>87719014460771901001</iko>
                        <inn>7719455553</inn>
                        <kpp>771901001</kpp>
                        <ogrn>1167746817810</ogrn>
                        <legalAddress>107023, Г МОСКВА, УЛ СЕМЁНОВСКАЯ Б., дом ДОМ 38</legalAddress>
                        <postalAddress>107023 г. Москва, ул. Большая Семеновская, д.38</postalAddress>
                        <phone>7-495-2230523-1240</phone>
                        <email>rector@mospolytech.ru</email>
                        <okato>45263588000</okato>
                        <okpo>02068692</okpo>
                    </mainInfo>
                </ns2:customer>
                <ns2:purchaseMethodCode>164963</ns2:purchaseMethodCode>
                <ns2:purchaseCodeName>запрос цен в электронной форме</ns2:purchaseCodeName>
                <ns2:placer>
                    <mainInfo>
                        <fullName>ФЕДЕРАЛЬНОЕ ГОСУДАРСТВЕННОЕ БЮДЖЕТНОЕ ОБРАЗОВАТЕЛЬНОЕ УЧРЕЖДЕНИЕ ВЫСШЕГО ОБРАЗОВАНИЯ "МОСКОВСКИЙ ПОЛИТЕХНИЧЕСКИЙ УНИВЕРСИТЕТ"</fullName>
                        <shortName>МОСКОВСКИЙ ПОЛИТЕХНИЧЕСКИЙ УНИВЕРСИТЕТ, МОСКОВСКИЙ ПОЛИТЕХ, ПОЛИТЕХ</shortName>
                        <iko>87719014460771901001</iko>
                        <inn>7719455553</inn>
                        <kpp>771901001</kpp>
                        <ogrn>1167746817810</ogrn>
                        <legalAddress>107023, Г МОСКВА, УЛ СЕМЁНОВСКАЯ Б., дом ДОМ 38</legalAddress>
                        <postalAddress>107023 г. Москва, ул. Большая Семеновская, д.38</postalAddress>
                        <phone>7-495-2230523-1240</phone>
                        <email>rector@mospolytech.ru</email>
                        <okato>45263588000</okato>
                        <okpo>02068692</okpo>
                    </mainInfo>
                </ns2:placer>
                <ns2:contact>
                    <firstName>Наталья</firstName>
                    <middleName>Федоровна</middleName>
                    <lastName>Маркова</lastName>
                    <phone>+7 (495) 2230523, доб.: 1240</phone>
                    <email>n.f.markova@mospolytech.ru</email>
                    <organization>
                        <mainInfo>
                            <fullName>ФЕДЕРАЛЬНОЕ ГОСУДАРСТВЕННОЕ БЮДЖЕТНОЕ ОБРАЗОВАТЕЛЬНОЕ УЧРЕЖДЕНИЕ ВЫСШЕГО ОБРАЗОВАНИЯ "МОСКОВСКИЙ ПОЛИТЕХНИЧЕСКИЙ УНИВЕРСИТЕТ"</fullName>
                            <shortName>МОСКОВСКИЙ ПОЛИТЕХНИЧЕСКИЙ УНИВЕРСИТЕТ, МОСКОВСКИЙ ПОЛИТЕХ, ПОЛИТЕХ</shortName>
                            <iko>87719014460771901001</iko>
                            <inn>7719455553</inn>
                            <kpp>771901001</kpp>
                            <ogrn>1167746817810</ogrn>
                            <legalAddress>107023, Г МОСКВА, УЛ СЕМЁНОВСКАЯ Б., дом ДОМ 38</legalAddress>
                            <postalAddress>107023 г. Москва, ул. Большая Семеновская, д.38</postalAddress>
                            <phone>7-495-2230523-1240</phone>
                            <email>rector@mospolytech.ru</email>
                            <okato>45263588000</okato>
                            <okpo>02068692</okpo>
                        </mainInfo>
                    </organization>
                </ns2:contact>
                <ns2:publicationDateTime>2017-03-16T18:39:50</ns2:publicationDateTime>
                <ns2:documentationDelivery>
                    <deliveryStartDateTime>2017-03-16</deliveryStartDateTime>
                    <deliveryEndDateTime>2017-03-23</deliveryEndDateTime>
                    <place>Электронная торговая площадка</place>
                    <procedure>В электронной форме</procedure>
                </ns2:documentationDelivery>
                <ns2:status>P</ns2:status>
                <ns2:version>1</ns2:version>
                <ns2:notDishonest>true</ns2:notDishonest>
                <ns2:attachments>
                    <totalDocumentsCount>5</totalDocumentsCount>
                    <document>
                        <guid>5a6b4af3-685a-4a2a-a8a5-4f8d2820a277</guid>
                        <createDateTime>2017-03-16T18:08:50</createDateTime>
                        <fileName>223.ЗЦ_ЭФ.066_76-17_Документация часть 3 Техническое задание на круглосуточную охрану.doc</fileName>
                        <description>223.ЗЦ_ЭФ.066_76-17_Документация часть 3 Техническое задание на круглосуточную охрану.doc</description>
                        <url>http://zakupki.gov.ru/223/purchase/public/download/download.html?id=30120836</url>
                    </document>
                    <document>
                        <guid>34045ce7-8719-4e04-841a-c1863a6d6091</guid>
                        <createDateTime>2017-03-16T18:08:50</createDateTime>
                        <fileName>Обоснование nmc.rtf</fileName>
                        <description>Обоснование nmc.rtf</description>
                        <url>http://zakupki.gov.ru/223/purchase/public/download/download.html?id=30120837</url>
                    </document>
                    <document>
                        <guid>e116ddfa-8aad-4bbc-8904-26660c58d4ec</guid>
                        <createDateTime>2017-03-16T18:08:51</createDateTime>
                        <fileName>223.ЗЦ_ЭФ.066_76-17_Документация часть 1.rtf</fileName>
                        <description>223.ЗЦ_ЭФ.066_76-17_Документация часть 1.rtf</description>
                        <url>http://zakupki.gov.ru/223/purchase/public/download/download.html?id=30120838</url>
                    </document>
                    <document>
                        <guid>26451615-520f-46f3-bd1a-054a65997c57</guid>
                        <createDateTime>2017-03-16T18:08:51</createDateTime>
                        <fileName>223.ЗЦ_ЭФ.066_76-17_Документация часть 2.rtf</fileName>
                        <description>223.ЗЦ_ЭФ.066_76-17_Документация часть 2.rtf</description>
                        <url>http://zakupki.gov.ru/223/purchase/public/download/download.html?id=30120839</url>
                    </document>
                    <document>
                        <guid>66a2f996-8d23-42f8-95d9-7d9240c1cd07</guid>
                        <createDateTime>2017-03-16T18:08:51</createDateTime>
                        <fileName>Проект договора на услуги (223-ФЗ).docx</fileName>
                        <description>Проект договора на услуги (223-ФЗ).docx</description>
                        <url>http://zakupki.gov.ru/223/purchase/public/download/download.html?id=30120840</url>
                    </document>
                </ns2:attachments>
                <ns2:modificationDate>2017-03-16T18:39:50</ns2:modificationDate>
                <ns2:saveUserId>153814</ns2:saveUserId>
                <ns2:deliveryPlaceIndication>DIFFERENT_PLACE</ns2:deliveryPlaceIndication>
                <ns2:emergency>false</ns2:emergency>
                <ns2:jointPurchase>false</ns2:jointPurchase>
                <ns2:electronicPlaceInfo>
                    <name>OTC-tender</name>
                    <url>tender.otc.ru</url>
                    <electronicPlaceId>106</electronicPlaceId>
                </ns2:electronicPlaceInfo>
                <ns2:placingProcedure>
                    <ns2:examinationPlace>г. Москва, ул. Б. Семеновская, д.38</ns2:examinationPlace>
                    <ns2:examinationDateTime>2017-03-24T14:30:00</ns2:examinationDateTime>
                    <ns2:summingupDateTime>2017-03-24T14:30:00</ns2:summingupDateTime>
                </ns2:placingProcedure>
                <ns2:submissionCloseDateTime>2017-03-23T10:00:00</ns2:submissionCloseDateTime>
                <ns2:publicationPlannedDate>2017-03-16</ns2:publicationPlannedDate>
                <ns2:lots>
                    <lot>
                        <guid>645ca427-dec6-46b4-afc1-d6d323b161e9</guid>
                        <ordinalNumber>1</ordinalNumber>
                        <lotEditEnabled>false</lotEditEnabled>
                        <lotData>
                            <subject>Оказание услуг круглосуточной охраны   зданий, имущества и
прилегающей территории
Рязанского института (филиала) федерального
государственного бюджетного образовательного
учреждения высшего  образования
«Московский политехнический институт» (Рязанский институт ( филиал) Московского политехнического университета) по адресу: 390000 г. Рязань ул. Право-Лыбедская д. 26\53 
</subject>
                            <currency>
                                <code>RUB</code>
                                <digitalCode>643</digitalCode>
                                <name>Российский рубль</name>
                            </currency>
                            <initialSum>880000.00</initialSum>
                            <deliveryPlace>
                                <state>Центральный федеральный округ</state>
                                <region>Москва</region>
                                <regionOkato>45000000000</regionOkato>
                                <address>Московская   обл</address>
                            </deliveryPlace>
                            <lotItems>
                                <newCodes>true</newCodes>
                                <lotItem>
                                    <guid>d5f58553-3384-462c-9705-7d1e7650d4e7</guid>
                                    <ordinalNumber>1</ordinalNumber>
                                    <okpd2>
                                        <code>80.10.12.000</code>
                                        <name>Услуги охраны</name>
                                    </okpd2>
                                    <okved2>
                                        <code>80.10</code>
                                        <name>Деятельность частных охранных служб</name>
                                    </okved2>
                                    <okei>
                                        <code>362</code>
                                        <name>Месяц</name>
                                    </okei>
                                    <qty>12</qty>
                                </lotItem>
                            </lotItems>
                            <forSmallOrMiddle>false</forSmallOrMiddle>
                            <excludePurchaseFromPlan>false</excludePurchaseFromPlan>
                            <subcontractorsRequirement>false</subcontractorsRequirement>
                            <ignoredPurchase>false</ignoredPurchase>
                            <centralized>false</centralized>
                        </lotData>
                        <deliveryPlaceIndication>GL</deliveryPlaceIndication>
                        <jointLotData>
                            <jointLot>false</jointLot>
                        </jointLotData>
                        <lotPlanInfo>
                            <planRegistrationNumber>2160218948</planRegistrationNumber>
                            <planGuid>1a7bb5a6-a329-4843-bfcd-acf1acf41dd2</planGuid>
                            <positionNumber>76</positionNumber>
                            <lotPlanPosition>COMMODITY</lotPlanPosition>
                            <positionGuid>7e1c803c-ec10-44fe-88a5-00e861b746ed</positionGuid>
                        </lotPlanInfo>
                        <cancelled>false</cancelled>
                    </lot>
                </ns2:lots>
            </ns2:purchaseNoticeData>
        </ns2:item>
    </ns2:body>
</ns2:purchaseNotice>
