<?xml version="1.0" encoding="UTF-8" standalone="yes"?>
<ns2:purchaseNotice xsi:schemaLocation="http://zakupki.gov.ru/223/integration/schema/TFF-5.2 http://zakupki.gov.ru/223/integration/schema/TFF-5.2/purchase.xsd" xmlns="http://zakupki.gov.ru/223fz/types/1" xmlns:ns10="http://zakupki.gov.ru/223fz/purchasePlan/1" xmlns:ns11="http://zakupki.gov.ru/223fz/purchasePlanProject/1" xmlns:ns12="http://zakupki.gov.ru/223fz/purchasePlanProjectAdditionalPosition/1" xmlns:ns13="http://zakupki.gov.ru/223fz/contract/1" xmlns:ns14="http://zakupki.gov.ru/223fz/missedNotice/1" xmlns:ns15="http://zakupki.gov.ru/223fz/reference/1" xmlns:ns16="http://zakupki.gov.ru/223fz/stopCommodity/1" xmlns:ns17="http://zakupki.gov.ru/223fz/decisionSuspension/1" xmlns:ns18="http://zakupki.gov.ru/223fz/purchasePlanAdditionalPosition/1" xmlns:ns19="http://zakupki.gov.ru/223fz/webRequest/1" xmlns:ns2="http://zakupki.gov.ru/223fz/purchase/1" xmlns:xsi="http://www.w3.org/2001/XMLSchema-instance" xmlns:ns3="http://zakupki.gov.ru/223fz/dishonestSupplier/1" xmlns:ns4="http://zakupki.gov.ru/223fz/machineryListInfo/1" xmlns:ns5="http://zakupki.gov.ru/223fz/revenue/1" xmlns:ns6="http://zakupki.gov.ru/223fz/orderClauseList/1" xmlns:ns7="http://zakupki.gov.ru/223fz/disagreementProtocol/1" xmlns:ns8="http://zakupki.gov.ru/223fz/complaint/1" xmlns:ns9="http://zakupki.gov.ru/223fz/notificationIssue/1">
    <header>
        <guid>89680486-faaf-4d7e-a6cb-8c8e459658b2</guid>
        <createDateTime>2017-03-16T19:05:15</createDateTime>
    </header>
    <ns2:body>
        <ns2:item>
            <guid>478a8315-c943-124b-6c71-72fb9b7246df</guid>
            <ns2:purchaseNoticeData>
                <ns2:guid>478a8315-c943-124b-6c71-72fb9b7246df</ns2:guid>
                <ns2:createDateTime>2017-03-16T19:00:07</ns2:createDateTime>
                <ns2:urlOOS>https://zakupki.gov.ru/223/purchase/private/purchase/notice-info/details.html?noticeInfoId=5888388</ns2:urlOOS>
                <ns2:urlVSRZ>https://com.roseltorg.ru/#com/procedure/view/id/286372</ns2:urlVSRZ>
                <ns2:registrationNumber>31704900013</ns2:registrationNumber>
                <ns2:name>открытый конкурс в электронной форме № ОКЭФ-18/2017
ОКАЗАНИЕ УСЛУГ ЦЕНТРА ОБРАБОТКИ ДАННЫХ 
</ns2:name>
                <ns2:customer>
                    <mainInfo>
                        <fullName>ФЕДЕРАЛЬНОЕ АВТОНОМНОЕ УЧРЕЖДЕНИЕ "ГЛАВНОЕ УПРАВЛЕНИЕ ГОСУДАРСТВЕННОЙ ЭКСПЕРТИЗЫ"</fullName>
                        <shortName>ФАУ "ГЛАВГОСЭКСПЕРТИЗА РОССИИ"</shortName>
                        <iko>57707082071770801001</iko>
                        <inn>7707082071</inn>
                        <kpp>770801001</kpp>
                        <ogrn>1027700133911</ogrn>
                        <legalAddress>101000, Г МОСКВА, ПЕР ФУРКАСОВСКИЙ, дом ДОМ 6</legalAddress>
                        <postalAddress>101000, г МОСКВА, пер ФУРКАСОВСКИЙ, дом 6</postalAddress>
                        <phone>7-495-909-85-86</phone>
                        <fax>7-495-6246749</fax>
                        <email>i.korotkova@msk.gge.ru</email>
                        <okato>45286565000</okato>
                        <okpo>58699329</okpo>
                    </mainInfo>
                </ns2:customer>
                <ns2:purchaseMethodCode>3620</ns2:purchaseMethodCode>
                <ns2:purchaseCodeName>Конкурс в электронной форме</ns2:purchaseCodeName>
                <ns2:placer>
                    <mainInfo>
                        <fullName>ФЕДЕРАЛЬНОЕ АВТОНОМНОЕ УЧРЕЖДЕНИЕ "ГЛАВНОЕ УПРАВЛЕНИЕ ГОСУДАРСТВЕННОЙ ЭКСПЕРТИЗЫ"</fullName>
                        <shortName>ФАУ "ГЛАВГОСЭКСПЕРТИЗА РОССИИ"</shortName>
                        <iko>57707082071770801001</iko>
                        <inn>7707082071</inn>
                        <kpp>770801001</kpp>
                        <ogrn>1027700133911</ogrn>
                        <legalAddress>101000, Г МОСКВА, ПЕР ФУРКАСОВСКИЙ, дом ДОМ 6</legalAddress>
                        <postalAddress>101000, г МОСКВА, пер ФУРКАСОВСКИЙ, дом 6</postalAddress>
                        <phone>7-495-909-85-86</phone>
                        <fax>7-495-6246749</fax>
                        <email>i.korotkova@msk.gge.ru</email>
                        <okato>45286565000</okato>
                        <okpo>58699329</okpo>
                    </mainInfo>
                </ns2:placer>
                <ns2:contact>
                    <firstName>Юлия</firstName>
                    <middleName>Сергеевна</middleName>
                    <lastName>Филюшкина</lastName>
                    <phone>+7 (495) 6259595</phone>
                    <email>zakupki@gge.ru</email>
                    <organization>
                        <mainInfo>
                            <fullName>ФЕДЕРАЛЬНОЕ АВТОНОМНОЕ УЧРЕЖДЕНИЕ "ГЛАВНОЕ УПРАВЛЕНИЕ ГОСУДАРСТВЕННОЙ ЭКСПЕРТИЗЫ"</fullName>
                            <shortName>ФАУ "ГЛАВГОСЭКСПЕРТИЗА РОССИИ"</shortName>
                            <iko>57707082071770801001</iko>
                            <inn>7707082071</inn>
                            <kpp>770801001</kpp>
                            <ogrn>1027700133911</ogrn>
                            <legalAddress>101000, Г МОСКВА, ПЕР ФУРКАСОВСКИЙ, дом ДОМ 6</legalAddress>
                            <postalAddress>101000, г МОСКВА, пер ФУРКАСОВСКИЙ, дом 6</postalAddress>
                            <phone>7-495-909-85-86</phone>
                            <fax>7-495-6246749</fax>
                            <email>i.korotkova@msk.gge.ru</email>
                            <okato>45286565000</okato>
                            <okpo>58699329</okpo>
                        </mainInfo>
                    </organization>
                </ns2:contact>
                <ns2:publicationDateTime>2017-03-16T19:05:15</ns2:publicationDateTime>
                <ns2:documentationDelivery>
                    <deliveryStartDateTime>2017-03-16</deliveryStartDateTime>
                    <deliveryEndDateTime>2017-04-06</deliveryEndDateTime>
                    <place>https://com.roseltorg.ru/</place>
                    <procedure>посредством размещения для скачивания и ознакомления</procedure>
                </ns2:documentationDelivery>
                <ns2:status>P</ns2:status>
                <ns2:version>1</ns2:version>
                <ns2:notDishonest>true</ns2:notDishonest>
                <ns2:attachments>
                    <totalDocumentsCount>1</totalDocumentsCount>
                    <document>
                        <guid>89ca1053-eacd-9c64-45e1-bbc1df015bf7</guid>
                        <createDateTime>2017-03-16T18:57:54</createDateTime>
                        <fileName>ОКЭФ-18_Извещение_документация_для_публикации[1].doc</fileName>
                        <description>Извещение и документация</description>
                        <url>http://zakupki.gov.ru/223/purchase/public/download/download.html?id=30121055</url>
                    </document>
                </ns2:attachments>
                <ns2:modificationDate>2017-03-16T19:05:15</ns2:modificationDate>
                <ns2:saveUserId>47316</ns2:saveUserId>
                <ns2:deliveryPlaceIndication>DIFFERENT_PLACE</ns2:deliveryPlaceIndication>
                <ns2:emergency>false</ns2:emergency>
                <ns2:jointPurchase>false</ns2:jointPurchase>
                <ns2:electronicPlaceInfo>
                    <name>АО "ЕЭТП"</name>
                    <url>http://www.roseltorg.ru/</url>
                    <electronicPlaceId>113</electronicPlaceId>
                </ns2:electronicPlaceInfo>
                <ns2:placingProcedure>
                    <ns2:examinationPlace>101000, Российская Федерация, Москва, Фуркасовский переулок, 6</ns2:examinationPlace>
                    <ns2:examinationDateTime>2017-04-11T17:30:00</ns2:examinationDateTime>
                    <ns2:summingupDateTime>2017-04-11T18:00:00</ns2:summingupDateTime>
                </ns2:placingProcedure>
                <ns2:submissionCloseDateTime>2017-04-06T10:30:00</ns2:submissionCloseDateTime>
                <ns2:publicationPlannedDate>2017-03-16</ns2:publicationPlannedDate>
                <ns2:lots>
                    <lot>
                        <guid>48af1a17-de5f-bb77-3c50-b9d9e7b5c07f</guid>
                        <ordinalNumber>1</ordinalNumber>
                        <lotEditEnabled>true</lotEditEnabled>
                        <lotData>
                            <subject>Оказание услуг центра обработки данных</subject>
                            <currency>
                                <code>RUB</code>
                                <digitalCode>643</digitalCode>
                                <name>Российский рубль</name>
                            </currency>
                            <initialSum>41895951.67</initialSum>
                            <deliveryPlace>
                                <address>В соответствии с условиями документации закупки</address>
                            </deliveryPlace>
                            <lotItems>
                                <newCodes>true</newCodes>
                                <lotItem>
                                    <guid>4b2b3040-5abd-d224-3c69-8f17974f529f</guid>
                                    <ordinalNumber>1</ordinalNumber>
                                    <okpd2>
                                        <code>63.11.19.000</code>
                                        <name>Услуги прочие по размещению и предоставлению инфраструктуры информационных технологий</name>
                                    </okpd2>
                                    <okved2>
                                        <code>63.11</code>
                                        <name>Деятельность по обработке данных, предоставление услуг по размещению информации и связанная с этим деятельность</name>
                                    </okved2>
                                    <okei>
                                        <code>876</code>
                                        <name>Условная единица</name>
                                    </okei>
                                    <qty>1</qty>
                                    <additionalInfo>Оказание услуг центра обработки данных</additionalInfo>
                                </lotItem>
                            </lotItems>
                            <forSmallOrMiddle>false</forSmallOrMiddle>
                            <excludePurchaseFromPlan>false</excludePurchaseFromPlan>
                            <subcontractorsRequirement>false</subcontractorsRequirement>
                            <ignoredPurchase>false</ignoredPurchase>
                            <centralized>false</centralized>
                        </lotData>
                        <deliveryPlaceIndication>GL</deliveryPlaceIndication>
                        <jointLotData>
                            <jointLot>false</jointLot>
                        </jointLotData>
                        <lotPlanInfo>
                            <planRegistrationNumber>2160215869</planRegistrationNumber>
                            <planGuid>7c9ee3b2-9b43-48dd-82fc-1f59ef5f7e0d</planGuid>
                            <positionNumber>268</positionNumber>
                            <lotPlanPosition>COMMODITY</lotPlanPosition>
                            <positionGuid>aacf79a2-e2bc-422f-bbff-66b002a45980</positionGuid>
                        </lotPlanInfo>
                        <cancelled>false</cancelled>
                    </lot>
                </ns2:lots>
            </ns2:purchaseNoticeData>
        </ns2:item>
    </ns2:body>
</ns2:purchaseNotice>
