<?xml version="1.0" encoding="UTF-8" standalone="yes"?>
<ns2:purchaseNotice xsi:schemaLocation="http://zakupki.gov.ru/223/integration/schema/TFF-5.2 http://zakupki.gov.ru/223/integration/schema/TFF-5.2/purchase.xsd" xmlns="http://zakupki.gov.ru/223fz/types/1" xmlns:ns10="http://zakupki.gov.ru/223fz/purchasePlan/1" xmlns:ns11="http://zakupki.gov.ru/223fz/purchasePlanProject/1" xmlns:ns12="http://zakupki.gov.ru/223fz/purchasePlanProjectAdditionalPosition/1" xmlns:ns13="http://zakupki.gov.ru/223fz/contract/1" xmlns:ns14="http://zakupki.gov.ru/223fz/missedNotice/1" xmlns:ns15="http://zakupki.gov.ru/223fz/reference/1" xmlns:ns16="http://zakupki.gov.ru/223fz/stopCommodity/1" xmlns:ns17="http://zakupki.gov.ru/223fz/decisionSuspension/1" xmlns:ns18="http://zakupki.gov.ru/223fz/purchasePlanAdditionalPosition/1" xmlns:ns19="http://zakupki.gov.ru/223fz/webRequest/1" xmlns:ns2="http://zakupki.gov.ru/223fz/purchase/1" xmlns:xsi="http://www.w3.org/2001/XMLSchema-instance" xmlns:ns3="http://zakupki.gov.ru/223fz/dishonestSupplier/1" xmlns:ns4="http://zakupki.gov.ru/223fz/machineryListInfo/1" xmlns:ns5="http://zakupki.gov.ru/223fz/revenue/1" xmlns:ns6="http://zakupki.gov.ru/223fz/orderClauseList/1" xmlns:ns7="http://zakupki.gov.ru/223fz/disagreementProtocol/1" xmlns:ns8="http://zakupki.gov.ru/223fz/complaint/1" xmlns:ns9="http://zakupki.gov.ru/223fz/notificationIssue/1">
    <header>
        <guid>a7742bf9-1609-40c4-ae4a-b7ece046aecb</guid>
        <createDateTime>2017-03-16T17:02:10</createDateTime>
    </header>
    <ns2:body>
        <ns2:item>
            <guid>297b9dc0-0d9a-1ee7-82c8-b321a09c0a0c</guid>
            <ns2:purchaseNoticeData>
                <ns2:guid>297b9dc0-0d9a-1ee7-82c8-b321a09c0a0c</ns2:guid>
                <ns2:createDateTime>2017-03-16T16:36:28</ns2:createDateTime>
                <ns2:urlOOS>https://zakupki.gov.ru/223/purchase/private/purchase/notice-info/details.html?noticeInfoId=5887585</ns2:urlOOS>
                <ns2:urlVSRZ>www.rosneft.ru</ns2:urlVSRZ>
                <ns2:registrationNumber>31704899504</ns2:registrationNumber>
                <ns2:name>Выполнение работ по ремонту и техническому обслуживанию принадлежащих Заказчику легковых автомобилей марок Тойота и Лексус</ns2:name>
                <ns2:customer>
                    <mainInfo>
                        <fullName>ПУБЛИЧНОЕ АКЦИОНЕРНОЕ ОБЩЕСТВО "НЕФТЯНАЯ КОМПАНИЯ "РОСНЕФТЬ"</fullName>
                        <shortName>ПАО "НК "РОСНЕФТЬ"</shortName>
                        <iko>67706107510997150001</iko>
                        <inn>7706107510</inn>
                        <kpp>770601001</kpp>
                        <ogrn>1027700043502</ogrn>
                        <legalAddress>115035, Г МОСКВА, НАБ СОФИЙСКАЯ, дом 26/1</legalAddress>
                        <postalAddress>Россия, 115035, г. Москва, Софийская набережная, д. 26/1 </postalAddress>
                        <phone>07-495-7774400</phone>
                        <email>postman@rosneft.ru</email>
                        <okato>45286596000</okato>
                        <okpo>00044428</okpo>
                    </mainInfo>
                </ns2:customer>
                <ns2:purchaseMethodCode>24576</ns2:purchaseMethodCode>
                <ns2:purchaseCodeName>Открытый запрос цен в электронной форме</ns2:purchaseCodeName>
                <ns2:placer>
                    <mainInfo>
                        <fullName>ПУБЛИЧНОЕ АКЦИОНЕРНОЕ ОБЩЕСТВО "НЕФТЯНАЯ КОМПАНИЯ "РОСНЕФТЬ"</fullName>
                        <shortName>ПАО "НК "РОСНЕФТЬ"</shortName>
                        <iko>67706107510997150001</iko>
                        <inn>7706107510</inn>
                        <kpp>770601001</kpp>
                        <ogrn>1027700043502</ogrn>
                        <legalAddress>115035, Г МОСКВА, НАБ СОФИЙСКАЯ, дом 26/1</legalAddress>
                        <postalAddress>Россия, 115035, г. Москва, Софийская набережная, д. 26/1 </postalAddress>
                        <phone>07-495-7774400</phone>
                        <email>postman@rosneft.ru</email>
                        <okato>45286596000</okato>
                        <okpo>00044428</okpo>
                    </mainInfo>
                </ns2:placer>
                <ns2:contact>
                    <firstName>Анна Сергеевна</firstName>
                    <lastName>Жданова</lastName>
                    <phone>7499517888 ДОБ.33268</phone>
                    <email>a_zhdanova@rosneft.ru</email>
                    <organization>
                        <mainInfo>
                            <fullName>ПУБЛИЧНОЕ АКЦИОНЕРНОЕ ОБЩЕСТВО "НЕФТЯНАЯ КОМПАНИЯ "РОСНЕФТЬ"</fullName>
                            <shortName>ПАО "НК "РОСНЕФТЬ"</shortName>
                            <iko>67706107510997150001</iko>
                            <inn>7706107510</inn>
                            <kpp>770601001</kpp>
                            <ogrn>1027700043502</ogrn>
                            <legalAddress>115035, Г МОСКВА, НАБ СОФИЙСКАЯ, дом 26/1</legalAddress>
                            <postalAddress>Россия, 115035, г. Москва, Софийская набережная, д. 26/1 </postalAddress>
                            <phone>07-495-7774400</phone>
                            <email>postman@rosneft.ru</email>
                            <okato>45286596000</okato>
                            <okpo>00044428</okpo>
                        </mainInfo>
                    </organization>
                </ns2:contact>
                <ns2:publicationDateTime>2017-03-16T17:02:10</ns2:publicationDateTime>
                <ns2:documentationDelivery>
                    <deliveryStartDateTime>2017-03-16</deliveryStartDateTime>
                    <deliveryEndDateTime>2017-03-24</deliveryEndDateTime>
                    <place>http://rn.tektorg.ru</place>
                    <procedure>Размещается в электронном виде в сети Интернет.</procedure>
                </ns2:documentationDelivery>
                <ns2:status>P</ns2:status>
                <ns2:version>1</ns2:version>
                <ns2:notDishonest>true</ns2:notDishonest>
                <ns2:attachments>
                    <totalDocumentsCount>2</totalDocumentsCount>
                    <document>
                        <guid>297b9dc0-0d9a-1ed7-82c9-8bf3292c1a9e</guid>
                        <createDateTime>2017-03-16T13:26:55</createDateTime>
                        <fileName>приложения к документации.rar</fileName>
                        <description>приложения к документации.rar</description>
                        <url>http://zakupki.gov.ru/223/purchase/public/download/download.html?id=30117140</url>
                    </document>
                    <document>
                        <guid>297b9dc0-0d9a-1ed7-82c9-8bf658db1aa9</guid>
                        <createDateTime>2017-03-16T13:26:08</createDateTime>
                        <fileName>Документация+Извещение.docx</fileName>
                        <description>Документация+Извещение.docx</description>
                        <url>http://zakupki.gov.ru/223/purchase/public/download/download.html?id=30117141</url>
                    </document>
                </ns2:attachments>
                <ns2:modificationDate>2017-03-16T17:02:10</ns2:modificationDate>
                <ns2:saveUserId>41727</ns2:saveUserId>
                <ns2:deliveryPlaceIndication>DIFFERENT_PLACE</ns2:deliveryPlaceIndication>
                <ns2:emergency>false</ns2:emergency>
                <ns2:jointPurchase>false</ns2:jointPurchase>
                <ns2:electronicPlaceInfo>
                    <name>ЭТП ЗАО «ТЭК-Торг» Секция ПАО «НК «Роснефть»</name>
                    <url>http://rn.tektorg.ru</url>
                    <electronicPlaceId>101</electronicPlaceId>
                </ns2:electronicPlaceInfo>
                <ns2:submissionCloseDateTime>2017-03-24T16:45:00</ns2:submissionCloseDateTime>
                <ns2:templateVersion>3</ns2:templateVersion>
                <ns2:templateStructure>
                    <ns2:level>
                        <ns2:tabLevel>NOTICE</ns2:tabLevel>
                        <ns2:tab>
                            <tabOrdinal>1</tabOrdinal>
                            <tabName>Общая информация</tabName>
                            <fixedName>MAIN</fixedName>
                            <section>
                                <sectionOrdinal>1</sectionOrdinal>
                                <sectionName>Сведения о состоянии извещения</sectionName>
                                <fixedName>MAIN_STATUS</fixedName>
                            </section>
                            <section>
                                <sectionOrdinal>2</sectionOrdinal>
                                <sectionName>Сведения о заказчике</sectionName>
                                <fixedName>MAIN_CUSTOMER</fixedName>
                            </section>
                            <section>
                                <sectionOrdinal>3</sectionOrdinal>
                                <sectionName>Общие сведения о закупке</sectionName>
                                <fixedName>MAIN_PURCHASE</fixedName>
                            </section>
                            <section>
                                <sectionOrdinal>4</sectionOrdinal>
                                <sectionName>Контактная информация</sectionName>
                                <fixedName>MAIN_CONTACTS</fixedName>
                            </section>
                        </ns2:tab>
                        <ns2:tab>
                            <tabOrdinal>2</tabOrdinal>
                            <tabName>Порядок размещения закупки</tabName>
                            <fixedName>COMMISSION</fixedName>
                            <section>
                                <sectionOrdinal>1</sectionOrdinal>
                                <sectionName>Публикация извещения</sectionName>
                                <fixedName>COMMISSION_PUBLISH</fixedName>
                            </section>
                            <section>
                                <sectionOrdinal>2</sectionOrdinal>
                                <sectionName>Расширенные данные</sectionName>
                            </section>
                        </ns2:tab>
                        <ns2:tab>
                            <tabOrdinal>3</tabOrdinal>
                            <tabName>Список лотов</tabName>
                            <fixedName>LOTS</fixedName>
                            <section>
                                <sectionOrdinal>1</sectionOrdinal>
                                <sectionName>Сведения о лотах</sectionName>
                                <fixedName>LOTS_INFO</fixedName>
                            </section>
                        </ns2:tab>
                        <ns2:tab>
                            <tabOrdinal>6</tabOrdinal>
                            <tabName>Документация</tabName>
                            <fixedName>DOCS</fixedName>
                            <section>
                                <sectionOrdinal>1</sectionOrdinal>
                                <sectionName>Предоставление документации</sectionName>
                                <fixedName>DOCS_INFO</fixedName>
                            </section>
                            <section>
                                <sectionOrdinal>2</sectionOrdinal>
                                <sectionName>Файлы документации</sectionName>
                                <fixedName>DOCS_FILES</fixedName>
                            </section>
                        </ns2:tab>
                    </ns2:level>
                    <ns2:level>
                        <ns2:tabLevel>LOT</ns2:tabLevel>
                        <ns2:tab>
                            <tabOrdinal>4</tabOrdinal>
                            <tabName>Сведения о лоте</tabName>
                            <fixedName>LOT_INFORMATION</fixedName>
                            <section>
                                <sectionOrdinal>1</sectionOrdinal>
                                <sectionName>Общая информация о лоте</sectionName>
                                <fixedName>LOT_INFO</fixedName>
                            </section>
                            <section>
                                <sectionOrdinal>2</sectionOrdinal>
                                <sectionName>Информация о товаре, работе, услуге</sectionName>
                                <fixedName>LOT_GOODS</fixedName>
                            </section>
                            <section>
                                <sectionOrdinal>3</sectionOrdinal>
                                <sectionName>Место поставки</sectionName>
                                <fixedName>LOT_PLACE</fixedName>
                            </section>
                            <section>
                                <sectionOrdinal>5</sectionOrdinal>
                                <sectionName>Расширенные данные</sectionName>
                            </section>
                        </ns2:tab>
                    </ns2:level>
                    <ns2:level>
                        <ns2:tabLevel>LOT_CUSTOMER</ns2:tabLevel>
                        <ns2:tab>
                            <tabOrdinal>5</tabOrdinal>
                            <tabName>Сведения по заказчику</tabName>
                            <fixedName>LOT_CUSTOMER</fixedName>
                            <section>
                                <sectionOrdinal>1</sectionOrdinal>
                                <sectionName>Общая информация по Заказчику</sectionName>
                                <fixedName>LOT_CUSTOMER_INFO</fixedName>
                            </section>
                            <section>
                                <sectionOrdinal>2</sectionOrdinal>
                                <sectionName>Информация о товаре, работе, услуге</sectionName>
                                <fixedName>LOT_CUSTOMER_GOODS</fixedName>
                            </section>
                            <section>
                                <sectionOrdinal>3</sectionOrdinal>
                                <sectionName>Место поставки</sectionName>
                                <fixedName>LOT_CUSTOMER_PLACE</fixedName>
                            </section>
                        </ns2:tab>
                    </ns2:level>
                </ns2:templateStructure>
                <ns2:extendFields>
                    <noticeExtendField>
                        <extendField>
                            <integrCode>examinationPlace</integrCode>
                            <description>Место рассмотрения заявок</description>
                            <type>TEXT</type>
                            <value>
                                <text>115035 г.Москва, Софийская наб.,26/1</text>
                            </value>
                        </extendField>
                        <extendField>
                            <integrCode>examinationDateTime</integrCode>
                            <description>Дата и время рассмотрения заявок</description>
                            <type>DATETIME</type>
                            <value>
                                <dateTime>2017-06-01T18:00:00</dateTime>
                            </value>
                        </extendField>
                        <extendField>
                            <integrCode>purchaseDateTime</integrCode>
                            <description>Дата и время подведения итогов</description>
                            <type>DATETIME</type>
                            <value>
                                <dateTime>2017-06-01T18:00:00</dateTime>
                            </value>
                        </extendField>
                        <position>
                            <tabOrdinal>2</tabOrdinal>
                            <tabName>COMMISSION</tabName>
                            <sectionOrdinal>1</sectionOrdinal>
                            <sectionName>COMISSION_SEC_Публикация извещения</sectionName>
                        </position>
                    </noticeExtendField>
                    <noticeExtendField>
                        <extendField>
                            <integrCode>submissionstartdatetime</integrCode>
                            <description>Дата начала подачи заявок </description>
                            <type>DATE</type>
                            <value>
                                <date>2017-03-17</date>
                            </value>
                        </extendField>
                        <position>
                            <tabOrdinal>2</tabOrdinal>
                            <tabName>COMMISSION</tabName>
                            <sectionOrdinal>2</sectionOrdinal>
                            <sectionName>COMISSION_SEC_Расширенные данные</sectionName>
                        </position>
                    </noticeExtendField>
                </ns2:extendFields>
                <ns2:lots>
                    <lot>
                        <guid>297b9dc0-0d9a-1ee7-82c8-b3afa69f4d36</guid>
                        <ordinalNumber>1</ordinalNumber>
                        <lotEditEnabled>true</lotEditEnabled>
                        <lotData>
                            <subject>Выполнение работ по ремонту и техническому обслуживанию принадлежащих Заказчику легковых автомобилей марок Тойота и Лексус</subject>
                            <currency>
                                <code>RUB</code>
                                <digitalCode>643</digitalCode>
                                <name>Российский рубль</name>
                            </currency>
                            <initialSum>3918218.09</initialSum>
                            <deliveryPlace>
                                <address>г.Москва, Софийская наб.26/1.</address>
                            </deliveryPlace>
                            <lotItems>
                                <newCodes>true</newCodes>
                                <lotItem>
                                    <guid>297b9dc0-0d9a-1ee7-82c8-b3cf285c0e5c</guid>
                                    <ordinalNumber>1</ordinalNumber>
                                    <okpd2>
                                        <code>45.20.11.000</code>
                                        <name>Услуги по обычному (текущему) техническому обслуживанию и ремонту легковых автомобилей и легких грузовых автотранспортных средств, кроме услуг по ремонту электрооборудования, шин и кузовов</name>
                                    </okpd2>
                                    <okved2>
                                        <code>45.20.1</code>
                                        <name>Техническое обслуживание и ремонт легковых автомобилей и легких грузовых автотранспортных средств</name>
                                    </okved2>
                                    <okei>
                                        <code>796</code>
                                        <name>Штука</name>
                                    </okei>
                                    <qty>1</qty>
                                </lotItem>
                            </lotItems>
                            <forSmallOrMiddle>true</forSmallOrMiddle>
                            <excludePurchaseFromPlan>false</excludePurchaseFromPlan>
                            <subcontractorsRequirement>false</subcontractorsRequirement>
                            <ignoredPurchase>false</ignoredPurchase>
                            <centralized>false</centralized>
                        </lotData>
                        <deliveryPlaceIndication>GL</deliveryPlaceIndication>
                        <jointLotData>
                            <jointLot>false</jointLot>
                        </jointLotData>
                        <lotPlanInfo>
                            <planRegistrationNumber>2160191197</planRegistrationNumber>
                            <planGuid>bf9b3000-1c33-4b23-9139-b20ffda3868c</planGuid>
                            <positionNumber>3043</positionNumber>
                            <lotPlanPosition>COMMODITY</lotPlanPosition>
                            <positionGuid>297b9dc0-0d9a-1ee6-b3d0-255506da5116</positionGuid>
                        </lotPlanInfo>
                        <cancelled>false</cancelled>
                        <extendFields>
                            <noticeExtendField>
                                <extendField>
                                    <integrCode>lotpublicationplanneddate</integrCode>
                                    <description>Дата публикации извещения </description>
                                    <type>DATE</type>
                                    <value>
                                        <date>2017-03-16</date>
                                    </value>
                                </extendField>
                                <extendField>
                                    <integrCode>lotsubmissionstartdatetime</integrCode>
                                    <description>Дата начала подачи заявок </description>
                                    <type>DATE</type>
                                    <value>
                                        <date>2017-03-17</date>
                                    </value>
                                </extendField>
                                <extendField>
                                    <integrCode>lotendreq</integrCode>
                                    <description>Дата и время окончания подачи заявок </description>
                                    <type>DATETIME</type>
                                    <value>
                                        <dateTime>2017-03-24T16:45:00</dateTime>
                                    </value>
                                </extendField>
                                <extendField>
                                    <integrCode>lotexaminationdatetime</integrCode>
                                    <description>Дата и время рассмотрения заявок </description>
                                    <type>DATETIME</type>
                                    <value>
                                        <dateTime>2017-06-01T18:00:00</dateTime>
                                    </value>
                                </extendField>
                                <extendField>
                                    <integrCode>lotsummarizingdatetime</integrCode>
                                    <description>Дата и время подведения итогов закупки </description>
                                    <type>DATETIME</type>
                                    <value>
                                        <dateTime>2017-06-01T18:00:00</dateTime>
                                    </value>
                                </extendField>
                                <position>
                                    <tabOrdinal>4</tabOrdinal>
                                    <tabName>LOT_INFORMATION</tabName>
                                    <sectionOrdinal>5</sectionOrdinal>
                                    <sectionName>LOT_INFO_SEC_Расширенные данные</sectionName>
                                </position>
                            </noticeExtendField>
                        </extendFields>
                    </lot>
                </ns2:lots>
            </ns2:purchaseNoticeData>
        </ns2:item>
    </ns2:body>
</ns2:purchaseNotice>
