<?xml version="1.0" encoding="UTF-8" standalone="yes"?>
<ns2:purchaseNotice xsi:schemaLocation="http://zakupki.gov.ru/223/integration/schema/TFF-5.2 http://zakupki.gov.ru/223/integration/schema/TFF-5.2/purchase.xsd" xmlns="http://zakupki.gov.ru/223fz/types/1" xmlns:ns10="http://zakupki.gov.ru/223fz/purchasePlan/1" xmlns:ns11="http://zakupki.gov.ru/223fz/purchasePlanProject/1" xmlns:ns12="http://zakupki.gov.ru/223fz/purchasePlanProjectAdditionalPosition/1" xmlns:ns13="http://zakupki.gov.ru/223fz/contract/1" xmlns:ns14="http://zakupki.gov.ru/223fz/missedNotice/1" xmlns:ns15="http://zakupki.gov.ru/223fz/reference/1" xmlns:ns16="http://zakupki.gov.ru/223fz/stopCommodity/1" xmlns:ns17="http://zakupki.gov.ru/223fz/decisionSuspension/1" xmlns:ns18="http://zakupki.gov.ru/223fz/purchasePlanAdditionalPosition/1" xmlns:ns19="http://zakupki.gov.ru/223fz/webRequest/1" xmlns:ns2="http://zakupki.gov.ru/223fz/purchase/1" xmlns:xsi="http://www.w3.org/2001/XMLSchema-instance" xmlns:ns3="http://zakupki.gov.ru/223fz/dishonestSupplier/1" xmlns:ns4="http://zakupki.gov.ru/223fz/machineryListInfo/1" xmlns:ns5="http://zakupki.gov.ru/223fz/revenue/1" xmlns:ns6="http://zakupki.gov.ru/223fz/orderClauseList/1" xmlns:ns7="http://zakupki.gov.ru/223fz/disagreementProtocol/1" xmlns:ns8="http://zakupki.gov.ru/223fz/complaint/1" xmlns:ns9="http://zakupki.gov.ru/223fz/notificationIssue/1">
    <header>
        <guid>725cc4a8-3b69-4477-9695-794d1ebe1847</guid>
        <createDateTime>2017-03-16T17:56:12</createDateTime>
    </header>
    <ns2:body>
        <ns2:item>
            <guid>2a3255f1-30f3-d975-0230-024862582339</guid>
            <ns2:purchaseNoticeData>
                <ns2:guid>2a3255f1-30f3-d975-0230-024862582339</ns2:guid>
                <ns2:createDateTime>2017-03-16T17:55:11</ns2:createDateTime>
                <ns2:urlOOS>https://zakupki.gov.ru/223/purchase/private/purchase/notice-info/details.html?noticeInfoId=5888203</ns2:urlOOS>
                <ns2:urlVSRZ>https://com.roseltorg.ru/#com/procedure/view/id/284519</ns2:urlVSRZ>
                <ns2:registrationNumber>31704882702</ns2:registrationNumber>
                <ns2:name>Запрос предложений в электронной форме на право заключения Договора на оказание услуг по подготовке и проведению культурно-массового мероприятия</ns2:name>
                <ns2:customer>
                    <mainInfo>
                        <fullName>ГОСУДАРСТВЕННОЕ АВТОНОМНОЕ УЧРЕЖДЕНИЕ КУЛЬТУРЫ ГОРОДА МОСКВЫ "МОСКОВСКАЯ ДИРЕКЦИЯ МАССОВЫХ МЕРОПРИЯТИЙ"</fullName>
                        <shortName>ГАУК МДММ</shortName>
                        <iko>57702208210770201001</iko>
                        <inn>7702208210</inn>
                        <kpp>770201001</kpp>
                        <ogrn>1027739548935</ogrn>
                        <legalAddress>107031, Г МОСКВА, УЛ НЕГЛИННАЯ, дом 8/10</legalAddress>
                        <postalAddress>107031, Москва Город, Звонарский Переулок, дом 4, строение 1</postalAddress>
                        <phone>7-495-5051822</phone>
                        <fax>7-495-5051822</fax>
                        <email>mosdir2011@yandex.ru</email>
                        <okato>45286570000</okato>
                        <okpo>48492538</okpo>
                    </mainInfo>
                </ns2:customer>
                <ns2:purchaseMethodCode>111345</ns2:purchaseMethodCode>
                <ns2:purchaseCodeName>Запрос предложений в электронной форме</ns2:purchaseCodeName>
                <ns2:placer>
                    <mainInfo>
                        <fullName>ГОСУДАРСТВЕННОЕ АВТОНОМНОЕ УЧРЕЖДЕНИЕ КУЛЬТУРЫ ГОРОДА МОСКВЫ "МОСКОВСКАЯ ДИРЕКЦИЯ МАССОВЫХ МЕРОПРИЯТИЙ"</fullName>
                        <shortName>ГАУК МДММ</shortName>
                        <iko>57702208210770201001</iko>
                        <inn>7702208210</inn>
                        <kpp>770201001</kpp>
                        <ogrn>1027739548935</ogrn>
                        <legalAddress>107031, Г МОСКВА, УЛ НЕГЛИННАЯ, дом 8/10</legalAddress>
                        <postalAddress>107031, Москва Город, Звонарский Переулок, дом 4, строение 1</postalAddress>
                        <phone>7-495-5051822</phone>
                        <fax>7-495-5051822</fax>
                        <email>mosdir2011@yandex.ru</email>
                        <okato>45286570000</okato>
                        <okpo>48492538</okpo>
                    </mainInfo>
                </ns2:placer>
                <ns2:contact>
                    <firstName>Александр</firstName>
                    <middleName>Романович</middleName>
                    <lastName>Никулин</lastName>
                    <phone>+7 (499) 5051822</phone>
                    <email>NikulinAR@culture.mos.ru</email>
                    <organization>
                        <mainInfo>
                            <fullName>ГОСУДАРСТВЕННОЕ АВТОНОМНОЕ УЧРЕЖДЕНИЕ КУЛЬТУРЫ ГОРОДА МОСКВЫ "МОСКОВСКАЯ ДИРЕКЦИЯ МАССОВЫХ МЕРОПРИЯТИЙ"</fullName>
                            <shortName>ГАУК МДММ</shortName>
                            <iko>57702208210770201001</iko>
                            <inn>7702208210</inn>
                            <kpp>770201001</kpp>
                            <ogrn>1027739548935</ogrn>
                            <legalAddress>107031, Г МОСКВА, УЛ НЕГЛИННАЯ, дом 8/10</legalAddress>
                            <postalAddress>107031, Москва Город, Звонарский Переулок, дом 4, строение 1</postalAddress>
                            <phone>7-495-5051822</phone>
                            <fax>7-495-5051822</fax>
                            <email>mosdir2011@yandex.ru</email>
                            <okato>45286570000</okato>
                            <okpo>48492538</okpo>
                        </mainInfo>
                    </organization>
                </ns2:contact>
                <ns2:publicationDateTime>2017-03-16T17:56:12</ns2:publicationDateTime>
                <ns2:documentationDelivery>
                    <deliveryStartDateTime>2017-03-13</deliveryStartDateTime>
                    <deliveryEndDateTime>2017-03-23</deliveryEndDateTime>
                    <place>https://com.roseltorg.ru/</place>
                    <procedure>посредством размещения для скачивания и ознакомления</procedure>
                </ns2:documentationDelivery>
                <ns2:status>P</ns2:status>
                <ns2:version>3</ns2:version>
                <ns2:modificationDescription>Изложено в прилагаемой документации</ns2:modificationDescription>
                <ns2:notDishonest>true</ns2:notDishonest>
                <ns2:attachments>
                    <totalDocumentsCount>3</totalDocumentsCount>
                    <document>
                        <guid>3f7ca250-923f-9b88-60ee-53ed6d1cd584</guid>
                        <createDateTime>2017-03-16T17:49:29</createDateTime>
                        <fileName>13_Извещение_ЗП_ред.3.doc</fileName>
                        <description>13_Извещение_ЗП_ред.3</description>
                        <url>http://zakupki.gov.ru/223/purchase/public/download/download.html?id=30120189</url>
                    </document>
                    <document>
                        <guid>8d2fa88b-e010-6248-d95a-a14a15967423</guid>
                        <createDateTime>2017-03-16T17:50:26</createDateTime>
                        <fileName>13_Критерии_оценки_ред.3.doc</fileName>
                        <description>13_Критерии_оценки_ред.3</description>
                        <url>http://zakupki.gov.ru/223/purchase/public/download/download.html?id=30120190</url>
                    </document>
                    <document>
                        <guid>9e79ecfd-67c3-0173-d849-abf4cfb67026</guid>
                        <createDateTime>2017-03-16T17:50:20</createDateTime>
                        <fileName>13_Конкурсная_Документация_ЗП_ред.3.doc</fileName>
                        <description>13_Конкурсная Документация_ЗП_ред.3</description>
                        <url>http://zakupki.gov.ru/223/purchase/public/download/download.html?id=30120191</url>
                    </document>
                </ns2:attachments>
                <ns2:modificationDate>2017-03-16T17:56:12</ns2:modificationDate>
                <ns2:saveUserId>168891</ns2:saveUserId>
                <ns2:deliveryPlaceIndication>DIFFERENT_PLACE</ns2:deliveryPlaceIndication>
                <ns2:emergency>false</ns2:emergency>
                <ns2:jointPurchase>false</ns2:jointPurchase>
                <ns2:electronicPlaceInfo>
                    <name>АО "ЕЭТП"</name>
                    <url>http://www.roseltorg.ru/</url>
                    <electronicPlaceId>113</electronicPlaceId>
                </ns2:electronicPlaceInfo>
                <ns2:placingProcedure>
                    <ns2:examinationPlace>Зал заседаний ЕТП ДК по адресу: г. Москва, ул. Неглинная, д. 8/10, 3 этаж</ns2:examinationPlace>
                    <ns2:examinationDateTime>2017-03-23T09:20:00</ns2:examinationDateTime>
                    <ns2:summingupDateTime>2017-03-23T11:30:00</ns2:summingupDateTime>
                </ns2:placingProcedure>
                <ns2:submissionCloseDateTime>2017-03-23T09:19:00</ns2:submissionCloseDateTime>
                <ns2:publicationPlannedDate>2017-03-13</ns2:publicationPlannedDate>
                <ns2:lots>
                    <lot>
                        <guid>703541df-a12f-c497-1f44-69db063d6fb7</guid>
                        <ordinalNumber>1</ordinalNumber>
                        <lotEditEnabled>true</lotEditEnabled>
                        <lotData>
                            <subject>Оказание услуг по подготовке и проведению культурно-массового мероприятия</subject>
                            <currency>
                                <code>RUB</code>
                                <digitalCode>643</digitalCode>
                                <name>Российский рубль</name>
                            </currency>
                            <initialSum>10400000.00</initialSum>
                            <deliveryPlace>
                                <address>В соответствии с Технической частью (Раздел III) Документации о проведении запроса предложений</address>
                            </deliveryPlace>
                            <lotItems>
                                <newCodes>true</newCodes>
                                <lotItem>
                                    <guid>8fffa00d-0181-f349-2308-1dd372b4acdc</guid>
                                    <ordinalNumber>1</ordinalNumber>
                                    <okpd2>
                                        <code>93.29.29.000</code>
                                        <name>Услуги зрелищно-развлекательные, не включенные в другие группировки</name>
                                    </okpd2>
                                    <okved2>
                                        <code>93.29.9</code>
                                        <name>Деятельность зрелищно-развлекательная прочая, не включенная в другие группировки</name>
                                    </okved2>
                                    <okei>
                                        <code>876</code>
                                        <name>Условная единица</name>
                                    </okei>
                                    <qty>1</qty>
                                    <additionalInfo>Оказание услуг по подготовке и проведению культурно-массового мероприятия</additionalInfo>
                                </lotItem>
                            </lotItems>
                            <forSmallOrMiddle>false</forSmallOrMiddle>
                            <excludePurchaseFromPlan>false</excludePurchaseFromPlan>
                            <subcontractorsRequirement>false</subcontractorsRequirement>
                            <ignoredPurchase>false</ignoredPurchase>
                            <centralized>false</centralized>
                        </lotData>
                        <deliveryPlaceIndication>GL</deliveryPlaceIndication>
                        <jointLotData>
                            <jointLot>false</jointLot>
                        </jointLotData>
                        <lotPlanInfo>
                            <planRegistrationNumber>2160208425</planRegistrationNumber>
                            <planGuid>e75c6347-abd4-4b33-b6a1-496f8a7e47fa</planGuid>
                            <positionNumber>29</positionNumber>
                            <lotPlanPosition>COMMODITY</lotPlanPosition>
                            <positionGuid>460000aa-70a4-464f-bc91-5256934da0dd</positionGuid>
                        </lotPlanInfo>
                        <cancelled>false</cancelled>
                    </lot>
                </ns2:lots>
            </ns2:purchaseNoticeData>
        </ns2:item>
    </ns2:body>
</ns2:purchaseNotice>
