<?xml version="1.0" encoding="UTF-8" standalone="yes"?>
<ns2:purchaseNotice xsi:schemaLocation="http://zakupki.gov.ru/223/integration/schema/TFF-5.2 http://zakupki.gov.ru/223/integration/schema/TFF-5.2/purchase.xsd" xmlns="http://zakupki.gov.ru/223fz/types/1" xmlns:ns10="http://zakupki.gov.ru/223fz/purchasePlan/1" xmlns:ns11="http://zakupki.gov.ru/223fz/purchasePlanProject/1" xmlns:ns12="http://zakupki.gov.ru/223fz/purchasePlanProjectAdditionalPosition/1" xmlns:ns13="http://zakupki.gov.ru/223fz/contract/1" xmlns:ns14="http://zakupki.gov.ru/223fz/missedNotice/1" xmlns:ns15="http://zakupki.gov.ru/223fz/reference/1" xmlns:ns16="http://zakupki.gov.ru/223fz/stopCommodity/1" xmlns:ns17="http://zakupki.gov.ru/223fz/decisionSuspension/1" xmlns:ns18="http://zakupki.gov.ru/223fz/purchasePlanAdditionalPosition/1" xmlns:ns19="http://zakupki.gov.ru/223fz/webRequest/1" xmlns:ns2="http://zakupki.gov.ru/223fz/purchase/1" xmlns:xsi="http://www.w3.org/2001/XMLSchema-instance" xmlns:ns3="http://zakupki.gov.ru/223fz/dishonestSupplier/1" xmlns:ns4="http://zakupki.gov.ru/223fz/machineryListInfo/1" xmlns:ns5="http://zakupki.gov.ru/223fz/revenue/1" xmlns:ns6="http://zakupki.gov.ru/223fz/orderClauseList/1" xmlns:ns7="http://zakupki.gov.ru/223fz/disagreementProtocol/1" xmlns:ns8="http://zakupki.gov.ru/223fz/complaint/1" xmlns:ns9="http://zakupki.gov.ru/223fz/notificationIssue/1">
    <header>
        <guid>ceac8c0a-81ae-400d-b20e-23525311d97e</guid>
        <createDateTime>2017-03-16T16:46:28</createDateTime>
    </header>
    <ns2:body>
        <ns2:item>
            <guid>aa5f2270-371f-b81a-e7a4-879f9da01ce0</guid>
            <ns2:purchaseNoticeData>
                <ns2:guid>aa5f2270-371f-b81a-e7a4-879f9da01ce0</ns2:guid>
                <ns2:createDateTime>2017-03-16T16:45:10</ns2:createDateTime>
                <ns2:urlOOS>https://zakupki.gov.ru/223/purchase/private/purchase/notice-info/details.html?noticeInfoId=5887660</ns2:urlOOS>
                <ns2:urlVSRZ>https://com.roseltorg.ru/#com/procedure/view/id/286303</ns2:urlVSRZ>
                <ns2:registrationNumber>31704899342</ns2:registrationNumber>
                <ns2:name>Поставка программно-аппаратных комплексов и сертификатов активации сервиса</ns2:name>
                <ns2:customer>
                    <mainInfo>
                        <fullName>ФЕДЕРАЛЬНОЕ ГОСУДАРСТВЕННОЕ УНИТАРНОЕ ПРЕДПРИЯТИЕ "НАУЧНО-ТЕХНИЧЕСКИЙ ЦЕНТР "АТЛАС"</fullName>
                        <shortName>ФГУП "НТЦ "АТЛАС"</shortName>
                        <iko>57715027275771501001</iko>
                        <inn>7715027275</inn>
                        <kpp>771501001</kpp>
                        <ogrn>1027739411402</ogrn>
                        <legalAddress>127018, Г МОСКВА, УЛ ОБРАЗЦОВА, дом 38</legalAddress>
                        <postalAddress>127018, Москва, Образцова, дом 38</postalAddress>
                        <phone>7-495-7271014-2588</phone>
                        <fax>7-495-7271014-2207</fax>
                        <email>odtorg@rambler.ru</email>
                        <okato>45280569000</okato>
                        <okpo>07507593</okpo>
                    </mainInfo>
                </ns2:customer>
                <ns2:purchaseMethodCode>79065</ns2:purchaseMethodCode>
                <ns2:purchaseCodeName>Открытый редукцион в электронной форме на право заключить договор</ns2:purchaseCodeName>
                <ns2:placer>
                    <mainInfo>
                        <fullName>ФЕДЕРАЛЬНОЕ ГОСУДАРСТВЕННОЕ УНИТАРНОЕ ПРЕДПРИЯТИЕ "НАУЧНО-ТЕХНИЧЕСКИЙ ЦЕНТР "АТЛАС"</fullName>
                        <shortName>ФГУП "НТЦ "АТЛАС"</shortName>
                        <iko>57715027275771501001</iko>
                        <inn>7715027275</inn>
                        <kpp>771501001</kpp>
                        <ogrn>1027739411402</ogrn>
                        <legalAddress>127018, Г МОСКВА, УЛ ОБРАЗЦОВА, дом 38</legalAddress>
                        <postalAddress>127018, Москва, Образцова, дом 38</postalAddress>
                        <phone>7-495-7271014-2588</phone>
                        <fax>7-495-7271014-2207</fax>
                        <email>odtorg@rambler.ru</email>
                        <okato>45280569000</okato>
                        <okpo>07507593</okpo>
                    </mainInfo>
                </ns2:placer>
                <ns2:contact>
                    <firstName>Дмитрий</firstName>
                    <middleName>Валериевич</middleName>
                    <lastName>Жуков</lastName>
                    <phone>+7 (495) 7271014</phone>
                    <email>torgi@stcnet.ru</email>
                    <organization>
                        <mainInfo>
                            <fullName>ФЕДЕРАЛЬНОЕ ГОСУДАРСТВЕННОЕ УНИТАРНОЕ ПРЕДПРИЯТИЕ "НАУЧНО-ТЕХНИЧЕСКИЙ ЦЕНТР "АТЛАС"</fullName>
                            <shortName>ФГУП "НТЦ "АТЛАС"</shortName>
                            <iko>57715027275771501001</iko>
                            <inn>7715027275</inn>
                            <kpp>771501001</kpp>
                            <ogrn>1027739411402</ogrn>
                            <legalAddress>127018, Г МОСКВА, УЛ ОБРАЗЦОВА, дом 38</legalAddress>
                            <postalAddress>127018, Москва, Образцова, дом 38</postalAddress>
                            <phone>7-495-7271014-2588</phone>
                            <fax>7-495-7271014-2207</fax>
                            <email>odtorg@rambler.ru</email>
                            <okato>45280569000</okato>
                            <okpo>07507593</okpo>
                        </mainInfo>
                    </organization>
                </ns2:contact>
                <ns2:publicationDateTime>2017-03-16T16:46:28</ns2:publicationDateTime>
                <ns2:documentationDelivery>
                    <deliveryStartDateTime>2017-03-16</deliveryStartDateTime>
                    <deliveryEndDateTime>2017-03-23</deliveryEndDateTime>
                    <place>https://com.roseltorg.ru/</place>
                    <procedure>посредством размещения для скачивания и ознакомления</procedure>
                </ns2:documentationDelivery>
                <ns2:status>P</ns2:status>
                <ns2:version>1</ns2:version>
                <ns2:notDishonest>true</ns2:notDishonest>
                <ns2:attachments>
                    <totalDocumentsCount>2</totalDocumentsCount>
                    <document>
                        <guid>9f3bf9be-70a5-9d6f-05b9-c288bddd758c</guid>
                        <createDateTime>2017-03-16T16:40:04</createDateTime>
                        <fileName>Izvechenie_10148.doc</fileName>
                        <description>Извещение</description>
                        <url>http://zakupki.gov.ru/223/purchase/public/download/download.html?id=30117585</url>
                    </document>
                    <document>
                        <guid>a904bfa1-61de-6f56-a384-81832afc81bb</guid>
                        <createDateTime>2017-03-16T16:40:15</createDateTime>
                        <fileName>Dokumentacia_Zakupki_10148.doc</fileName>
                        <description>Документация</description>
                        <url>http://zakupki.gov.ru/223/purchase/public/download/download.html?id=30117587</url>
                    </document>
                </ns2:attachments>
                <ns2:modificationDate>2017-03-16T16:46:28</ns2:modificationDate>
                <ns2:saveUserId>171650</ns2:saveUserId>
                <ns2:deliveryPlaceIndication>DIFFERENT_PLACE</ns2:deliveryPlaceIndication>
                <ns2:emergency>false</ns2:emergency>
                <ns2:jointPurchase>false</ns2:jointPurchase>
                <ns2:electronicPlaceInfo>
                    <name>АО "ЕЭТП"</name>
                    <url>http://www.roseltorg.ru/</url>
                    <electronicPlaceId>113</electronicPlaceId>
                </ns2:electronicPlaceInfo>
                <ns2:placingProcedure>
                    <ns2:examinationPlace>ФГУП «НТЦ «Атлас», г. Москва, ул. Образцова, д. 38</ns2:examinationPlace>
                    <ns2:examinationDateTime>2017-03-23T10:00:00</ns2:examinationDateTime>
                    <ns2:summingupDateTime>2017-03-27T16:00:00</ns2:summingupDateTime>
                </ns2:placingProcedure>
                <ns2:submissionCloseDateTime>2017-03-23T10:00:00</ns2:submissionCloseDateTime>
                <ns2:publicationPlannedDate>2017-03-16</ns2:publicationPlannedDate>
                <ns2:lots>
                    <lot>
                        <guid>12ce02ef-e1a2-401f-23d2-ccf2d92ffa66</guid>
                        <ordinalNumber>1</ordinalNumber>
                        <lotEditEnabled>true</lotEditEnabled>
                        <lotData>
                            <subject>Поставка программно-аппаратных комплексов и сертификатов активации сервиса</subject>
                            <currency>
                                <code>RUB</code>
                                <digitalCode>643</digitalCode>
                                <name>Российский рубль</name>
                            </currency>
                            <initialSum>2081000.00</initialSum>
                            <deliveryPlace>
                                <address>Новосибирский филиал ФГУП «НТЦ «Атлас»
630091, г. Новосибирск, ул. Фрунзе, д. 5, офис 301</address>
                            </deliveryPlace>
                            <lotItems>
                                <newCodes>true</newCodes>
                                <lotItem>
                                    <guid>177c0a7f-dab0-f17f-1857-0eceea7bb570</guid>
                                    <ordinalNumber>1</ordinalNumber>
                                    <okpd2>
                                        <code>26.20</code>
                                        <name>Компьютеры и периферийное оборудование</name>
                                    </okpd2>
                                    <okved2>
                                        <code>26.20</code>
                                        <name>Производство компьютеров и периферийного оборудования</name>
                                    </okved2>
                                    <okei>
                                        <code>796</code>
                                        <name>Штука</name>
                                    </okei>
                                    <qty>16</qty>
                                    <additionalInfo>Поставка программно-аппаратных комплексов и сертификатов активации сервиса</additionalInfo>
                                </lotItem>
                            </lotItems>
                            <forSmallOrMiddle>true</forSmallOrMiddle>
                            <excludePurchaseFromPlan>false</excludePurchaseFromPlan>
                            <subcontractorsRequirement>false</subcontractorsRequirement>
                            <ignoredPurchase>false</ignoredPurchase>
                            <centralized>false</centralized>
                        </lotData>
                        <deliveryPlaceIndication>GL</deliveryPlaceIndication>
                        <jointLotData>
                            <jointLot>false</jointLot>
                        </jointLotData>
                        <lotPlanInfo>
                            <planRegistrationNumber>2160210111</planRegistrationNumber>
                            <planGuid>98dea611-da38-4d07-be96-502cd09a2074</planGuid>
                            <positionNumber>35</positionNumber>
                            <lotPlanPosition>COMMODITY</lotPlanPosition>
                            <positionGuid>1b4c5f4c-5a0a-41ab-b905-6569f2572cc2</positionGuid>
                        </lotPlanInfo>
                        <cancelled>false</cancelled>
                    </lot>
                </ns2:lots>
            </ns2:purchaseNoticeData>
        </ns2:item>
    </ns2:body>
</ns2:purchaseNotice>
