<?xml version="1.0" encoding="UTF-8" standalone="yes"?>
<ns2:purchaseNotice xsi:schemaLocation="http://zakupki.gov.ru/223/integration/schema/TFF-5.2 http://zakupki.gov.ru/223/integration/schema/TFF-5.2/purchase.xsd" xmlns="http://zakupki.gov.ru/223fz/types/1" xmlns:ns10="http://zakupki.gov.ru/223fz/purchasePlan/1" xmlns:ns11="http://zakupki.gov.ru/223fz/purchasePlanProject/1" xmlns:ns12="http://zakupki.gov.ru/223fz/purchasePlanProjectAdditionalPosition/1" xmlns:ns13="http://zakupki.gov.ru/223fz/contract/1" xmlns:ns14="http://zakupki.gov.ru/223fz/missedNotice/1" xmlns:ns15="http://zakupki.gov.ru/223fz/reference/1" xmlns:ns16="http://zakupki.gov.ru/223fz/stopCommodity/1" xmlns:ns17="http://zakupki.gov.ru/223fz/decisionSuspension/1" xmlns:ns18="http://zakupki.gov.ru/223fz/purchasePlanAdditionalPosition/1" xmlns:ns19="http://zakupki.gov.ru/223fz/webRequest/1" xmlns:ns2="http://zakupki.gov.ru/223fz/purchase/1" xmlns:xsi="http://www.w3.org/2001/XMLSchema-instance" xmlns:ns3="http://zakupki.gov.ru/223fz/dishonestSupplier/1" xmlns:ns4="http://zakupki.gov.ru/223fz/machineryListInfo/1" xmlns:ns5="http://zakupki.gov.ru/223fz/revenue/1" xmlns:ns6="http://zakupki.gov.ru/223fz/orderClauseList/1" xmlns:ns7="http://zakupki.gov.ru/223fz/disagreementProtocol/1" xmlns:ns8="http://zakupki.gov.ru/223fz/complaint/1" xmlns:ns9="http://zakupki.gov.ru/223fz/notificationIssue/1">
    <header>
        <guid>b8bcde11-2a40-493c-907f-949b07042289</guid>
        <createDateTime>2017-03-16T16:15:15</createDateTime>
    </header>
    <ns2:body>
        <ns2:item>
            <guid>a22a2ab1-590a-1ee7-82c8-b6d6aa139e43</guid>
            <ns2:purchaseNoticeData>
                <ns2:guid>a22a2ab1-590a-1ee7-82c8-b6d6aa139e43</ns2:guid>
                <ns2:createDateTime>2017-03-16T16:06:14</ns2:createDateTime>
                <ns2:urlOOS>https://zakupki.gov.ru/223/purchase/private/purchase/notice-info/details.html?noticeInfoId=5887268</ns2:urlOOS>
                <ns2:urlVSRZ>ЕОС-Закупки</ns2:urlVSRZ>
                <ns2:registrationNumber>31704899056</ns2:registrationNumber>
                <ns2:name>Право заключения договора на поставку профильных зажимов</ns2:name>
                <ns2:customer>
                    <mainInfo>
                        <fullName>АКЦИОНЕРНОЕ ОБЩЕСТВО "ФЕДЕРАЛЬНЫЙ ЦЕНТР НАУКИ И ВЫСОКИХ ТЕХНОЛОГИЙ "СПЕЦИАЛЬНОЕ НАУЧНО-ПРОИЗВОДСТВЕННОЕ ОБЪЕДИНЕНИЕ "ЭЛЕРОН"</fullName>
                        <shortName>АО "ФЦНИВТ" СНПО "ЭЛЕРОН"</shortName>
                        <iko>57724313681772401001</iko>
                        <inn>7724313681</inn>
                        <kpp>772401001</kpp>
                        <ogrn>1157746325043</ogrn>
                        <legalAddress>115563, Г МОСКВА, УЛ ГЕНЕРАЛА БЕЛОВА, дом ДОМ 14</legalAddress>
                        <postalAddress>1155562, Москва, ул. Генерала Белова, д.14</postalAddress>
                        <phone>7-499-7250157</phone>
                        <email>info@eleron.org</email>
                        <okato>45296577000</okato>
                        <okpo>08633489</okpo>
                    </mainInfo>
                </ns2:customer>
                <ns2:purchaseMethodCode>5907</ns2:purchaseMethodCode>
                <ns2:purchaseCodeName>Открытый запрос цен в электронной форме</ns2:purchaseCodeName>
                <ns2:placer>
                    <mainInfo>
                        <fullName>АКЦИОНЕРНОЕ ОБЩЕСТВО "ФЕДЕРАЛЬНЫЙ ЦЕНТР НАУКИ И ВЫСОКИХ ТЕХНОЛОГИЙ "СПЕЦИАЛЬНОЕ НАУЧНО-ПРОИЗВОДСТВЕННОЕ ОБЪЕДИНЕНИЕ "ЭЛЕРОН"</fullName>
                        <shortName>АО "ФЦНИВТ" СНПО "ЭЛЕРОН"</shortName>
                        <iko>57724313681772401001</iko>
                        <inn>7724313681</inn>
                        <kpp>772401001</kpp>
                        <ogrn>1157746325043</ogrn>
                        <legalAddress>115563, Г МОСКВА, УЛ ГЕНЕРАЛА БЕЛОВА, дом ДОМ 14</legalAddress>
                        <postalAddress>1155562, Москва, ул. Генерала Белова, д.14</postalAddress>
                        <phone>7-499-7250157</phone>
                        <email>info@eleron.org</email>
                        <okato>45296577000</okato>
                        <okpo>08633489</okpo>
                    </mainInfo>
                </ns2:placer>
                <ns2:contact>
                    <firstName>Нина</firstName>
                    <middleName>Викторовна</middleName>
                    <lastName>Лобанова</lastName>
                    <phone>+8 (499) 7250157</phone>
                    <fax>+8 (499) 7250157</fax>
                    <email>oz@eleron.org</email>
                    <organization>
                        <mainInfo>
                            <fullName>АКЦИОНЕРНОЕ ОБЩЕСТВО "ФЕДЕРАЛЬНЫЙ ЦЕНТР НАУКИ И ВЫСОКИХ ТЕХНОЛОГИЙ "СПЕЦИАЛЬНОЕ НАУЧНО-ПРОИЗВОДСТВЕННОЕ ОБЪЕДИНЕНИЕ "ЭЛЕРОН"</fullName>
                            <shortName>АО "ФЦНИВТ" СНПО "ЭЛЕРОН"</shortName>
                            <iko>57724313681772401001</iko>
                            <inn>7724313681</inn>
                            <kpp>772401001</kpp>
                            <ogrn>1157746325043</ogrn>
                            <legalAddress>115563, Г МОСКВА, УЛ ГЕНЕРАЛА БЕЛОВА, дом ДОМ 14</legalAddress>
                            <postalAddress>1155562, Москва, ул. Генерала Белова, д.14</postalAddress>
                            <phone>7-499-7250157</phone>
                            <email>info@eleron.org</email>
                            <okato>45296577000</okato>
                            <okpo>08633489</okpo>
                        </mainInfo>
                    </organization>
                </ns2:contact>
                <ns2:publicationDateTime>2017-03-16T16:15:15</ns2:publicationDateTime>
                <ns2:documentationDelivery>
                    <deliveryStartDateTime>2017-03-16</deliveryStartDateTime>
                    <deliveryEndDateTime>2017-03-22</deliveryEndDateTime>
                    <place>B2B-Center http://www.b2b-center.ru/</place>
                    <procedure>На официальных сайтах в открытом доступе, начиная с даты официальной публикации</procedure>
                </ns2:documentationDelivery>
                <ns2:status>P</ns2:status>
                <ns2:version>1</ns2:version>
                <ns2:notDishonest>true</ns2:notDishonest>
                <ns2:attachments>
                    <totalDocumentsCount>7</totalDocumentsCount>
                    <document>
                        <guid>a22a2ab1-590a-1ed7-82c8-f38f682b0d24</guid>
                        <createDateTime>2017-03-16T12:53:54</createDateTime>
                        <fileName>ТОМ 1 Часть 2 МСП.docx</fileName>
                        <description>ТОМ 1 Часть 2 МСП</description>
                        <url>http://zakupki.gov.ru/223/purchase/public/download/download.html?id=30115608</url>
                    </document>
                    <document>
                        <guid>a22a2ab1-590a-1ee7-82c8-bdc464761471</guid>
                        <createDateTime>2017-03-16T12:41:52</createDateTime>
                        <fileName>ТОМ 2 - ТЗ.doc</fileName>
                        <description>ТОМ 2 - ТЗ</description>
                        <url>http://zakupki.gov.ru/223/purchase/public/download/download.html?id=30115609</url>
                    </document>
                    <document>
                        <guid>a22a2ab1-590a-1ee7-82c8-f6d0397b551a</guid>
                        <createDateTime>2017-03-16T12:54:37</createDateTime>
                        <fileName>Том_1_ч.1_ЗЦМСП.docx</fileName>
                        <description>Том_1_ч.1_ЗЦМСП</description>
                        <url>http://zakupki.gov.ru/223/purchase/public/download/download.html?id=30115611</url>
                    </document>
                    <document>
                        <guid>a22a2ab1-590a-1ee7-82c8-bd67cb4b9471</guid>
                        <createDateTime>2017-03-16T12:41:47</createDateTime>
                        <fileName>Чертеж №2.JPG</fileName>
                        <description>Чертеж №2</description>
                        <url>http://zakupki.gov.ru/223/purchase/public/download/download.html?id=30115612</url>
                    </document>
                    <document>
                        <guid>a22a2ab1-590a-1ee7-82c8-bda827ae9471</guid>
                        <createDateTime>2017-03-16T12:41:50</createDateTime>
                        <fileName>Чертеж №1.JPG</fileName>
                        <description>Чертеж №1</description>
                        <url>http://zakupki.gov.ru/223/purchase/public/download/download.html?id=30115613</url>
                    </document>
                    <document>
                        <guid>a22a2ab1-590a-1ee7-82c8-bddde5ff5471</guid>
                        <createDateTime>2017-03-16T12:41:53</createDateTime>
                        <fileName>ТОМ 1 Часть 3 - проект договора ПОСТАВКИ.doc</fileName>
                        <description>ТОМ 1 Часть 3 - проект договора ПОСТАВКИ</description>
                        <url>http://zakupki.gov.ru/223/purchase/public/download/download.html?id=30115614</url>
                    </document>
                    <document>
                        <guid>a22a2ab1-590a-1ee7-82c8-bd8829c29471</guid>
                        <createDateTime>2017-03-16T12:41:49</createDateTime>
                        <fileName>Чертеж №3.JPG</fileName>
                        <description>Чертеж №3</description>
                        <url>http://zakupki.gov.ru/223/purchase/public/download/download.html?id=30115615</url>
                    </document>
                </ns2:attachments>
                <ns2:modificationDate>2017-03-16T16:15:15</ns2:modificationDate>
                <ns2:saveUserId>213304</ns2:saveUserId>
                <ns2:deliveryPlaceIndication>DIFFERENT_PLACE</ns2:deliveryPlaceIndication>
                <ns2:emergency>false</ns2:emergency>
                <ns2:jointPurchase>false</ns2:jointPurchase>
                <ns2:electronicPlaceInfo>
                    <name>B2B-Center</name>
                    <url>http://b2b-center.ru/</url>
                    <electronicPlaceId>107</electronicPlaceId>
                </ns2:electronicPlaceInfo>
                <ns2:placingProcedure>
                    <ns2:examinationPlace>115563, РФ, Москва, ул. Генерала Белова, д.14</ns2:examinationPlace>
                    <ns2:examinationDateTime>2017-04-06T23:59:59</ns2:examinationDateTime>
                    <ns2:summingupDateTime>2017-04-06T23:59:59</ns2:summingupDateTime>
                </ns2:placingProcedure>
                <ns2:submissionCloseDateTime>2017-03-22T10:00:00</ns2:submissionCloseDateTime>
                <ns2:publicationPlannedDate>2017-03-16</ns2:publicationPlannedDate>
                <ns2:lots>
                    <lot>
                        <guid>a22a2ab1-590a-1ee7-82c8-b80168091e43</guid>
                        <ordinalNumber>1</ordinalNumber>
                        <lotEditEnabled>true</lotEditEnabled>
                        <lotData>
                            <subject>Право заключения договора на Поставку профильных зажимов</subject>
                            <currency>
                                <code>RUB</code>
                                <digitalCode>643</digitalCode>
                                <name>Российский рубль</name>
                            </currency>
                            <initialSum>3964800.00</initialSum>
                            <deliveryPlace>
                                <state>Центральный федеральный округ</state>
                                <region>Москва</region>
                                <regionOkato>45000000000</regionOkato>
                                <address>г. Москва, ул. Генерала Белова, д. 14 силами и средствами Поставщика.</address>
                            </deliveryPlace>
                            <lotItems>
                                <newCodes>true</newCodes>
                                <lotItem>
                                    <guid>0addd011-6b0b-1ee7-81ca-4ca6ffd05779</guid>
                                    <ordinalNumber>1</ordinalNumber>
                                    <okpd2>
                                        <code>22.29.29.000</code>
                                        <name>Изделия пластмассовые прочие</name>
                                    </okpd2>
                                    <okved2>
                                        <code>25.11</code>
                                        <name>Производство строительных металлических конструкций, изделий и их частей</name>
                                    </okved2>
                                    <okei>
                                        <code>839</code>
                                        <name>Комплект</name>
                                    </okei>
                                    <qty>480</qty>
                                    <additionalInfo>Закупка проводится у субъектов малого и среднего предпринимательства.</additionalInfo>
                                </lotItem>
                            </lotItems>
                            <forSmallOrMiddle>true</forSmallOrMiddle>
                            <excludePurchaseFromPlan>false</excludePurchaseFromPlan>
                            <subcontractorsRequirement>false</subcontractorsRequirement>
                            <ignoredPurchase>false</ignoredPurchase>
                            <centralized>false</centralized>
                        </lotData>
                        <deliveryPlaceIndication>GL</deliveryPlaceIndication>
                        <jointLotData>
                            <jointLot>false</jointLot>
                        </jointLotData>
                        <lotPlanInfo>
                            <planRegistrationNumber>2160184495</planRegistrationNumber>
                            <planGuid>a22a2ab1-590a-1ee7-8290-fd3423f6951a</planGuid>
                            <positionNumber>1110400184</positionNumber>
                            <lotPlanPosition>COMMODITY</lotPlanPosition>
                            <positionGuid>0addd403-d90a-1ee6-bfb3-f8ad793e4d5b</positionGuid>
                        </lotPlanInfo>
                        <cancelled>false</cancelled>
                    </lot>
                </ns2:lots>
            </ns2:purchaseNoticeData>
        </ns2:item>
    </ns2:body>
</ns2:purchaseNotice>
