<?xml version="1.0" encoding="UTF-8" standalone="yes"?>
<ns2:performanceContract xsi:schemaLocation="http://zakupki.gov.ru/223/integration/schema/TFF-5.2 http://zakupki.gov.ru/223/integration/schema/TFF-5.2/Types.xsd" xmlns="http://zakupki.gov.ru/223fz/types/1" xmlns:ns10="http://zakupki.gov.ru/223fz/complaint/1" xmlns:ns11="http://zakupki.gov.ru/223fz/notificationIssue/1" xmlns:ns12="http://zakupki.gov.ru/223fz/purchasePlanProject/1" xmlns:ns13="http://zakupki.gov.ru/223fz/purchase/1" xmlns:ns14="http://zakupki.gov.ru/223fz/purchasePlanProjectAdditionalPosition/1" xmlns:ns15="http://zakupki.gov.ru/223fz/missedNotice/1" xmlns:ns16="http://zakupki.gov.ru/223fz/reference/1" xmlns:ns17="http://zakupki.gov.ru/223fz/stopCommodity/1" xmlns:ns18="http://zakupki.gov.ru/223fz/decisionSuspension/1" xmlns:ns19="http://zakupki.gov.ru/223fz/webRequest/1" xmlns:ns2="http://zakupki.gov.ru/223fz/contract/1" xmlns:xsi="http://www.w3.org/2001/XMLSchema-instance" xmlns:ns3="http://zakupki.gov.ru/223fz/dishonestSupplier/1" xmlns:ns4="http://zakupki.gov.ru/223fz/purchasePlanAdditionalPosition/1" xmlns:ns5="http://zakupki.gov.ru/223fz/purchasePlan/1" xmlns:ns6="http://zakupki.gov.ru/223fz/machineryListInfo/1" xmlns:ns7="http://zakupki.gov.ru/223fz/revenue/1" xmlns:ns8="http://zakupki.gov.ru/223fz/orderClauseList/1" xmlns:ns9="http://zakupki.gov.ru/223fz/disagreementProtocol/1">
    <header>
        <guid>f92f5bce-2de8-4466-a987-cb4e97028815</guid>
        <createDateTime>2017-03-29T16:57:39</createDateTime>
    </header>
    <ns2:body>
        <ns2:item>
            <guid>348cf862-7dc9-4113-bbf7-7af489f1e175</guid>
            <ns2:performanceContractData>
                <ns2:guid>a68697bc-1e2c-4df3-8b80-28430158568c</ns2:guid>
                <ns2:registrationNumber>56620007180160000030048</ns2:registrationNumber>
                <ns2:urlOOS>https://zakupki.gov.ru/223/contract/private/completing/info/view.html?id=2661469</ns2:urlOOS>
                <ns2:createDateTime>2016-09-20T11:38:29</ns2:createDateTime>
                <ns2:customer>
                    <mainInfo>
                        <fullName>МУНИЦИПАЛЬНОЕ АВТОНОМНОЕ ОБЩЕОБРАЗОВАТЕЛЬНОЕ УЧРЕЖДЕНИЕ СРЕДНЯЯ ОБЩЕОБРАЗОВАТЕЛЬНАЯ ШКОЛА № 1</fullName>
                        <shortName>МАОУ СОШ № 1</shortName>
                        <iko>56620007180662001001</iko>
                        <inn>6620007180</inn>
                        <kpp>668101001</kpp>
                        <ogrn>1026601300923</ogrn>
                        <legalAddress>624300, обл СВЕРДЛОВСКАЯ, г КУШВА, ул СОЮЗОВ, дом 14</legalAddress>
                        <postalAddress>624300, Свердловская Область, Кушва Город, Союзов Улица, дом 14</postalAddress>
                        <phone>7-34344-63833</phone>
                        <fax>7-34344-25843</fax>
                        <email>school-1kushva@mail.ru</email>
                        <okato>65470000000</okato>
                        <okpo>50302835</okpo>
                    </mainInfo>
                </ns2:customer>
                <ns2:placer>
                    <mainInfo>
                        <fullName>МУНИЦИПАЛЬНОЕ АВТОНОМНОЕ ОБЩЕОБРАЗОВАТЕЛЬНОЕ УЧРЕЖДЕНИЕ СРЕДНЯЯ ОБЩЕОБРАЗОВАТЕЛЬНАЯ ШКОЛА № 1</fullName>
                        <shortName>МАОУ СОШ № 1</shortName>
                        <iko>56620007180662001001</iko>
                        <inn>6620007180</inn>
                        <kpp>668101001</kpp>
                        <ogrn>1026601300923</ogrn>
                        <legalAddress>624300, обл СВЕРДЛОВСКАЯ, г КУШВА, ул СОЮЗОВ, дом 14</legalAddress>
                        <postalAddress>624300, Свердловская Область, Кушва Город, Союзов Улица, дом 14</postalAddress>
                        <phone>7-34344-63833</phone>
                        <fax>7-34344-25843</fax>
                        <email>school-1kushva@mail.ru</email>
                        <okato>65470000000</okato>
                        <okpo>50302835</okpo>
                    </mainInfo>
                </ns2:placer>
                <ns2:publicationDate>2017-03-29T16:57:39</ns2:publicationDate>
                <ns2:status>P</ns2:status>
                <ns2:version>1</ns2:version>
                <ns2:completed>false</ns2:completed>
                <ns2:attachments>
                    <totalDocumentsCount>3</totalDocumentsCount>
                    <document>
                        <guid>7e3ed1f1-7e17-42c7-9253-1cd0b2af42ec</guid>
                        <createDateTime>2017-03-29T16:57:07</createDateTime>
                        <fileName>Платежное поручение № 111 от 23.03.2017г..pdf</fileName>
                        <description>Платежное поручение № 111 от 23.03.2017г.</description>
                        <url>https://zakupki.gov.ru/223/contract/private/download/download.html?id=11709521</url>
                        <registrationNumber>56620007180160000030049</registrationNumber>
                    </document>
                    <document>
                        <guid>0658cb28-a680-433a-b48f-a35df050448a</guid>
                        <createDateTime>2017-03-29T16:56:54</createDateTime>
                        <fileName>Счет-фактура № СКШ-005535 от 31.12.2016г..pdf</fileName>
                        <description>Счет-фактура № СКШ-005535 от 31.12.2016г.</description>
                        <url>https://zakupki.gov.ru/223/contract/private/download/download.html?id=11709510</url>
                        <registrationNumber>56620007180160000030050</registrationNumber>
                    </document>
                    <document>
                        <guid>e0309697-f3f9-425c-a130-478ea08a80e8</guid>
                        <createDateTime>2017-03-29T16:57:00</createDateTime>
                        <fileName>Товарная накладная № СКШ-005535 от 31.12.2016г..pdf</fileName>
                        <description>Товарная накладная № СКШ-005535 от 31.12.2016г.</description>
                        <url>https://zakupki.gov.ru/223/contract/private/download/download.html?id=11709516</url>
                        <registrationNumber>56620007180160000030051</registrationNumber>
                    </document>
                </ns2:attachments>
                <ns2:hasPenalty>false</ns2:hasPenalty>
                <ns2:contractRegNumber>56620007180160000030000</ns2:contractRegNumber>
                <ns2:contractInfo>
                    <ns2:guid>374bd661-08b6-4e3d-93cf-004a2b576182</ns2:guid>
                    <ns2:name>23-01/2016</ns2:name>
                    <ns2:agencyName>МАОУ СОШ № 1</ns2:agencyName>
                    <ns2:supplierName>МУНИЦИПАЛЬНОЕ УНИТАРНОЕ ПРЕДПРИЯТИЕ КУШВИНСКОГО ГОРОДСКОГО ОКРУГА "ТЕПЛОСЕРВИС"</ns2:supplierName>
                    <ns2:lotInfo>Поставка тепловой энергии</ns2:lotInfo>
                    <ns2:contractDate>2016-01-29</ns2:contractDate>
                </ns2:contractInfo>
                <ns2:positions>
                    <ns2:position>
                        <ns2:ordinal>1</ns2:ordinal>
                        <ns2:paymentDate>2017-03-23</ns2:paymentDate>
                        <ns2:price>231634.42</ns2:price>
                        <ns2:currency>
                            <code>RUB</code>
                            <digitalCode>643</digitalCode>
                            <name>Российский рубль</name>
                        </ns2:currency>
                        <ns2:rubPrice>231634.42</ns2:rubPrice>
                        <ns2:prepaid>false</ns2:prepaid>
                        <ns2:docs>
                            <ns2:doc>
                                <ns2:ordinal>1</ns2:ordinal>
                                <ns2:date>2016-12-31</ns2:date>
                                <ns2:code>19</ns2:code>
                                <ns2:name>счет-фактура</ns2:name>
                                <ns2:number>СКШ-005535</ns2:number>
                                <ns2:contractPosition>
                                    <ns2:guid>3cabb73d-b6db-014e-e053-ac11070d70ec</ns2:guid>
                                    <ns2:name>Теплоснабжение</ns2:name>
                                    <ns2:okpd2>
                                        <code>35.30.11.120</code>
                                        <name>Энергия тепловая, отпущенная котельными</name>
                                    </ns2:okpd2>
                                </ns2:contractPosition>
                                <ns2:okei>
                                    <code>233</code>
                                    <name>Гигакалория</name>
                                </ns2:okei>
                                <ns2:qty>137.55</ns2:qty>
                            </ns2:doc>
                            <ns2:doc>
                                <ns2:ordinal>2</ns2:ordinal>
                                <ns2:date>2016-12-31</ns2:date>
                                <ns2:code>19</ns2:code>
                                <ns2:name>счет-фактура</ns2:name>
                                <ns2:number>СКШ-005535</ns2:number>
                                <ns2:contractPosition>
                                    <ns2:guid>3cabb74f-76f2-014e-e053-ac11070d70ec</ns2:guid>
                                    <ns2:name>Теплоноситель</ns2:name>
                                    <ns2:okpd2>
                                        <code>35.30.11.120</code>
                                        <name>Энергия тепловая, отпущенная котельными</name>
                                    </ns2:okpd2>
                                </ns2:contractPosition>
                                <ns2:okei>
                                    <code>113</code>
                                    <name>Кубический метр</name>
                                </ns2:okei>
                                <ns2:qty>0</ns2:qty>
                            </ns2:doc>
                        </ns2:docs>
                    </ns2:position>
                    <ns2:total>231634.42</ns2:total>
                </ns2:positions>
            </ns2:performanceContractData>
        </ns2:item>
    </ns2:body>
</ns2:performanceContract>
