<?xml version="1.0" encoding="UTF-8" standalone="yes"?>
<ns2:performanceContract xsi:schemaLocation="http://zakupki.gov.ru/223/integration/schema/TFF-5.2 http://zakupki.gov.ru/223/integration/schema/TFF-5.2/Types.xsd" xmlns="http://zakupki.gov.ru/223fz/types/1" xmlns:ns10="http://zakupki.gov.ru/223fz/complaint/1" xmlns:ns11="http://zakupki.gov.ru/223fz/notificationIssue/1" xmlns:ns12="http://zakupki.gov.ru/223fz/purchasePlanProject/1" xmlns:ns13="http://zakupki.gov.ru/223fz/purchase/1" xmlns:ns14="http://zakupki.gov.ru/223fz/purchasePlanProjectAdditionalPosition/1" xmlns:ns15="http://zakupki.gov.ru/223fz/missedNotice/1" xmlns:ns16="http://zakupki.gov.ru/223fz/reference/1" xmlns:ns17="http://zakupki.gov.ru/223fz/stopCommodity/1" xmlns:ns18="http://zakupki.gov.ru/223fz/decisionSuspension/1" xmlns:ns19="http://zakupki.gov.ru/223fz/webRequest/1" xmlns:ns2="http://zakupki.gov.ru/223fz/contract/1" xmlns:xsi="http://www.w3.org/2001/XMLSchema-instance" xmlns:ns3="http://zakupki.gov.ru/223fz/dishonestSupplier/1" xmlns:ns4="http://zakupki.gov.ru/223fz/purchasePlanAdditionalPosition/1" xmlns:ns5="http://zakupki.gov.ru/223fz/purchasePlan/1" xmlns:ns6="http://zakupki.gov.ru/223fz/machineryListInfo/1" xmlns:ns7="http://zakupki.gov.ru/223fz/revenue/1" xmlns:ns8="http://zakupki.gov.ru/223fz/orderClauseList/1" xmlns:ns9="http://zakupki.gov.ru/223fz/disagreementProtocol/1">
    <header>
        <guid>38d6496f-a824-4611-9981-45a7adf33f24</guid>
        <createDateTime>2017-03-29T15:57:17</createDateTime>
    </header>
    <ns2:body>
        <ns2:item>
            <guid>e66fca1f-5c16-49ba-890c-c6b16f8c739e</guid>
            <ns2:performanceContractData>
                <ns2:guid>fa97c173-9d6e-401d-93b5-7c04a4d87318</ns2:guid>
                <ns2:registrationNumber>66666000100170000220003</ns2:registrationNumber>
                <ns2:urlOOS>https://zakupki.gov.ru/223/contract/private/completing/info/view.html?id=2660738</ns2:urlOOS>
                <ns2:createDateTime>2017-02-02T15:20:00</ns2:createDateTime>
                <ns2:customer>
                    <mainInfo>
                        <fullName>АКЦИОНЕРНОЕ ОБЩЕСТВО "КАМЕНСК-УРАЛЬСКИЙ ЛИТЕЙНЫЙ ЗАВОД"</fullName>
                        <shortName>АО "КУЛЗ"</shortName>
                        <iko>66666000100661201001</iko>
                        <inn>6666000100</inn>
                        <kpp>661201001</kpp>
                        <ogrn>1026600931675</ogrn>
                        <legalAddress>623400, ОБЛ СВЕРДЛОВСКАЯ, Г КАМЕНСК-УРАЛЬСКИЙ, УЛ РЯБОВА, дом 6</legalAddress>
                        <postalAddress>623400, Свердловская, Каменск-Уральский, Рябова, дом 6 </postalAddress>
                        <phone>7-3439-375513</phone>
                        <fax>7-3439-375535</fax>
                        <email>ivlev@kulz.ru</email>
                        <okato>65436369000</okato>
                        <okpo>7506910</okpo>
                    </mainInfo>
                </ns2:customer>
                <ns2:placer>
                    <mainInfo>
                        <fullName>АКЦИОНЕРНОЕ ОБЩЕСТВО "КАМЕНСК-УРАЛЬСКИЙ ЛИТЕЙНЫЙ ЗАВОД"</fullName>
                        <shortName>АО "КУЛЗ"</shortName>
                        <iko>66666000100661201001</iko>
                        <inn>6666000100</inn>
                        <kpp>661201001</kpp>
                        <ogrn>1026600931675</ogrn>
                        <legalAddress>623400, ОБЛ СВЕРДЛОВСКАЯ, Г КАМЕНСК-УРАЛЬСКИЙ, УЛ РЯБОВА, дом 6</legalAddress>
                        <postalAddress>623400, Свердловская, Каменск-Уральский, Рябова, дом 6 </postalAddress>
                        <phone>7-3439-375513</phone>
                        <fax>7-3439-375535</fax>
                        <email>ivlev@kulz.ru</email>
                        <okato>65436369000</okato>
                        <okpo>7506910</okpo>
                    </mainInfo>
                </ns2:placer>
                <ns2:publicationDate>2017-03-29T15:57:17</ns2:publicationDate>
                <ns2:status>P</ns2:status>
                <ns2:version>1</ns2:version>
                <ns2:completed>true</ns2:completed>
                <ns2:attachments>
                    <totalDocumentsCount>1</totalDocumentsCount>
                    <document>
                        <guid>e410a0b6-59ab-4515-9536-cb9aa6c7abdd</guid>
                        <createDateTime>2017-03-29T15:56:47</createDateTime>
                        <fileName>ООО Прибор НК - 007-2,01,2017.pdf</fileName>
                        <description>ООО Прибор НК - 007-2,01,2017</description>
                        <url>https://zakupki.gov.ru/223/contract/private/download/download.html?id=11705939</url>
                        <registrationNumber>66666000100170000220004</registrationNumber>
                    </document>
                </ns2:attachments>
                <ns2:hasPenalty>false</ns2:hasPenalty>
                <ns2:contractRegNumber>66666000100170000220000</ns2:contractRegNumber>
                <ns2:contractInfo>
                    <ns2:guid>875c6894-62cc-4dc0-8370-d8ced7cf1fd3</ns2:guid>
                    <ns2:name>007-2/01-2017</ns2:name>
                    <ns2:agencyName>АО "КУЛЗ"</ns2:agencyName>
                    <ns2:supplierName>ОБЩЕСТВО С ОГРАНИЧЕННОЙ ОТВЕТСТВЕННОСТЬЮ "ПРИБОР НК"</ns2:supplierName>
                    <ns2:lotInfo>Пленка радиографическая и комплектующие</ns2:lotInfo>
                    <ns2:contractDate>2017-02-01</ns2:contractDate>
                </ns2:contractInfo>
                <ns2:positions>
                    <ns2:position>
                        <ns2:ordinal>4</ns2:ordinal>
                        <ns2:paymentDate>2017-02-28</ns2:paymentDate>
                        <ns2:price>74288.25</ns2:price>
                        <ns2:currency>
                            <code>RUB</code>
                            <digitalCode>643</digitalCode>
                            <name>Российский рубль</name>
                        </ns2:currency>
                        <ns2:rubPrice>74288.25</ns2:rubPrice>
                        <ns2:prepaid>false</ns2:prepaid>
                        <ns2:docs>
                            <ns2:doc>
                                <ns2:ordinal>1</ns2:ordinal>
                                <ns2:date>2017-02-03</ns2:date>
                                <ns2:code>19</ns2:code>
                                <ns2:name>счет-фактура</ns2:name>
                                <ns2:number>50</ns2:number>
                                <ns2:contractPosition>
                                    <ns2:guid>99115bfa-69c1-41f2-8279-f0ac2a7dbc2c</ns2:guid>
                                    <ns2:name>Фиксаж	ISO 11699-1:2012 ASTM E 1815-08(2013)</ns2:name>
                                    <ns2:okpd2>
                                        <code>20.59.12.120</code>
                                        <name>Составы химические, используемые в фотографии, не включенные в другие группировки</name>
                                    </ns2:okpd2>
                                </ns2:contractPosition>
                                <ns2:okei>
                                    <code>796</code>
                                    <name>Штука</name>
                                </ns2:okei>
                                <ns2:qty>45</ns2:qty>
                            </ns2:doc>
                        </ns2:docs>
                    </ns2:position>
                    <ns2:position>
                        <ns2:ordinal>5</ns2:ordinal>
                        <ns2:paymentDate>2017-02-28</ns2:paymentDate>
                        <ns2:price>20097.26</ns2:price>
                        <ns2:currency>
                            <code>RUB</code>
                            <digitalCode>643</digitalCode>
                            <name>Российский рубль</name>
                        </ns2:currency>
                        <ns2:rubPrice>20097.26</ns2:rubPrice>
                        <ns2:prepaid>false</ns2:prepaid>
                        <ns2:docs>
                            <ns2:doc>
                                <ns2:ordinal>1</ns2:ordinal>
                                <ns2:date>2017-02-06</ns2:date>
                                <ns2:code>19</ns2:code>
                                <ns2:name>счет-фактура</ns2:name>
                                <ns2:number>53</ns2:number>
                                <ns2:contractPosition>
                                    <ns2:guid>3682078d-0018-41aa-a2d1-1c20e631b039</ns2:guid>
                                    <ns2:name>Проявитель	ISO 11699-1:2012 ASTM E 1815-08(2013)</ns2:name>
                                    <ns2:okpd2>
                                        <code>20.59.11.110</code>
                                        <name>Фотопластинки и фотопленки светочувствительные, неэкспонированные</name>
                                    </ns2:okpd2>
                                </ns2:contractPosition>
                                <ns2:okei>
                                    <code>796</code>
                                    <name>Штука</name>
                                </ns2:okei>
                                <ns2:qty>8</ns2:qty>
                            </ns2:doc>
                        </ns2:docs>
                    </ns2:position>
                    <ns2:position>
                        <ns2:ordinal>1</ns2:ordinal>
                        <ns2:paymentDate>2017-02-28</ns2:paymentDate>
                        <ns2:price>1523117.99</ns2:price>
                        <ns2:currency>
                            <code>RUB</code>
                            <digitalCode>643</digitalCode>
                            <name>Российский рубль</name>
                        </ns2:currency>
                        <ns2:rubPrice>1523117.99</ns2:rubPrice>
                        <ns2:prepaid>false</ns2:prepaid>
                        <ns2:docs>
                            <ns2:doc>
                                <ns2:ordinal>1</ns2:ordinal>
                                <ns2:date>2017-02-03</ns2:date>
                                <ns2:code>19</ns2:code>
                                <ns2:name>счет-фактура</ns2:name>
                                <ns2:number>50</ns2:number>
                                <ns2:contractPosition>
                                    <ns2:guid>4a926479-c7f1-4634-916e-4cf2216d5c05</ns2:guid>
                                    <ns2:name>Пленка радиографическая	ГОСТ 25847-83</ns2:name>
                                    <ns2:okpd2>
                                        <code>20.59.11.110</code>
                                        <name>Фотопластинки и фотопленки светочувствительные, неэкспонированные</name>
                                    </ns2:okpd2>
                                </ns2:contractPosition>
                                <ns2:okei>
                                    <code>778</code>
                                    <name>Упаковка</name>
                                </ns2:okei>
                                <ns2:qty>75</ns2:qty>
                            </ns2:doc>
                        </ns2:docs>
                    </ns2:position>
                    <ns2:position>
                        <ns2:ordinal>2</ns2:ordinal>
                        <ns2:paymentDate>2017-02-28</ns2:paymentDate>
                        <ns2:price>17585.12</ns2:price>
                        <ns2:currency>
                            <code>RUB</code>
                            <digitalCode>643</digitalCode>
                            <name>Российский рубль</name>
                        </ns2:currency>
                        <ns2:rubPrice>17585.12</ns2:rubPrice>
                        <ns2:prepaid>false</ns2:prepaid>
                        <ns2:docs>
                            <ns2:doc>
                                <ns2:ordinal>1</ns2:ordinal>
                                <ns2:date>2017-02-03</ns2:date>
                                <ns2:code>19</ns2:code>
                                <ns2:name>счет-фактура</ns2:name>
                                <ns2:number>50</ns2:number>
                                <ns2:contractPosition>
                                    <ns2:guid>3682078d-0018-41aa-a2d1-1c20e631b039</ns2:guid>
                                    <ns2:name>Проявитель	ISO 11699-1:2012 ASTM E 1815-08(2013)</ns2:name>
                                    <ns2:okpd2>
                                        <code>20.59.11.110</code>
                                        <name>Фотопластинки и фотопленки светочувствительные, неэкспонированные</name>
                                    </ns2:okpd2>
                                </ns2:contractPosition>
                                <ns2:okei>
                                    <code>796</code>
                                    <name>Штука</name>
                                </ns2:okei>
                                <ns2:qty>7</ns2:qty>
                            </ns2:doc>
                        </ns2:docs>
                    </ns2:position>
                    <ns2:position>
                        <ns2:ordinal>3</ns2:ordinal>
                        <ns2:paymentDate>2017-02-28</ns2:paymentDate>
                        <ns2:price>75364.83</ns2:price>
                        <ns2:currency>
                            <code>RUB</code>
                            <digitalCode>643</digitalCode>
                            <name>Российский рубль</name>
                        </ns2:currency>
                        <ns2:rubPrice>75364.83</ns2:rubPrice>
                        <ns2:prepaid>false</ns2:prepaid>
                        <ns2:docs>
                            <ns2:doc>
                                <ns2:ordinal>1</ns2:ordinal>
                                <ns2:date>2017-02-03</ns2:date>
                                <ns2:code>19</ns2:code>
                                <ns2:name>счет-фактура</ns2:name>
                                <ns2:number>50</ns2:number>
                                <ns2:contractPosition>
                                    <ns2:guid>3682078d-0018-41aa-a2d1-1c20e631b039</ns2:guid>
                                    <ns2:name>Проявитель	ISO 11699-1:2012 ASTM E 1815-08(2013)</ns2:name>
                                    <ns2:okpd2>
                                        <code>20.59.11.110</code>
                                        <name>Фотопластинки и фотопленки светочувствительные, неэкспонированные</name>
                                    </ns2:okpd2>
                                </ns2:contractPosition>
                                <ns2:okei>
                                    <code>796</code>
                                    <name>Штука</name>
                                </ns2:okei>
                                <ns2:qty>30</ns2:qty>
                            </ns2:doc>
                        </ns2:docs>
                    </ns2:position>
                    <ns2:total>1710453.45</ns2:total>
                </ns2:positions>
            </ns2:performanceContractData>
        </ns2:item>
    </ns2:body>
</ns2:performanceContract>
