<?xml version="1.0" encoding="UTF-8" standalone="yes"?>
<ns2:performanceContract xsi:schemaLocation="http://zakupki.gov.ru/223/integration/schema/TFF-5.2 http://zakupki.gov.ru/223/integration/schema/TFF-5.2/Types.xsd" xmlns="http://zakupki.gov.ru/223fz/types/1" xmlns:ns10="http://zakupki.gov.ru/223fz/complaint/1" xmlns:ns11="http://zakupki.gov.ru/223fz/notificationIssue/1" xmlns:ns12="http://zakupki.gov.ru/223fz/purchasePlanProject/1" xmlns:ns13="http://zakupki.gov.ru/223fz/purchase/1" xmlns:ns14="http://zakupki.gov.ru/223fz/purchasePlanProjectAdditionalPosition/1" xmlns:ns15="http://zakupki.gov.ru/223fz/missedNotice/1" xmlns:ns16="http://zakupki.gov.ru/223fz/reference/1" xmlns:ns17="http://zakupki.gov.ru/223fz/stopCommodity/1" xmlns:ns18="http://zakupki.gov.ru/223fz/decisionSuspension/1" xmlns:ns19="http://zakupki.gov.ru/223fz/webRequest/1" xmlns:ns2="http://zakupki.gov.ru/223fz/contract/1" xmlns:xsi="http://www.w3.org/2001/XMLSchema-instance" xmlns:ns3="http://zakupki.gov.ru/223fz/dishonestSupplier/1" xmlns:ns4="http://zakupki.gov.ru/223fz/purchasePlanAdditionalPosition/1" xmlns:ns5="http://zakupki.gov.ru/223fz/purchasePlan/1" xmlns:ns6="http://zakupki.gov.ru/223fz/machineryListInfo/1" xmlns:ns7="http://zakupki.gov.ru/223fz/revenue/1" xmlns:ns8="http://zakupki.gov.ru/223fz/orderClauseList/1" xmlns:ns9="http://zakupki.gov.ru/223fz/disagreementProtocol/1">
    <header>
        <guid>54a9063b-602f-4162-8e8e-fd9757ec3328</guid>
        <createDateTime>2017-03-29T17:02:35</createDateTime>
    </header>
    <ns2:body>
        <ns2:item>
            <guid>e9904991-f0b7-4dc3-879d-b1d7d9a896fe</guid>
            <ns2:performanceContractData>
                <ns2:guid>9d1815ae-fe77-452d-b36e-53a194be5df2</ns2:guid>
                <ns2:registrationNumber>86630001950170000030006</ns2:registrationNumber>
                <ns2:urlOOS>https://zakupki.gov.ru/223/contract/private/completing/info/view.html?id=2661512</ns2:urlOOS>
                <ns2:createDateTime>2017-02-07T06:50:25</ns2:createDateTime>
                <ns2:customer>
                    <mainInfo>
                        <fullName>ФЕДЕРАЛЬНОЕ ГОСУДАРСТВЕННОЕ БЮДЖЕТНОЕ УЧРЕЖДЕНИЕ ЗДРАВООХРАНЕНИЯ "ЦЕНТРАЛЬНАЯ МЕДИКО-САНИТАРНАЯ ЧАСТЬ № 91 ФЕДЕРАЛЬНОГО МЕДИКО-БИОЛОГИЧЕСКОГО АГЕНТСТВА"</fullName>
                        <shortName>ФГБУЗ ЦМСЧ № 91 ФМБА РОССИИ</shortName>
                        <iko>86630001950663001001</iko>
                        <inn>6630001950</inn>
                        <kpp>663001001</kpp>
                        <ogrn>1026601767554</ogrn>
                        <legalAddress>624200, обл СВЕРДЛОВСКАЯ, г ЛЕСНОЙ, ул БЕЛИНСКОГО, дом 18 А</legalAddress>
                        <postalAddress>624200, Свердловская Область, Лесной Город, Белинского Улица, дом 18, корпус А</postalAddress>
                        <phone>7-34342-26746</phone>
                        <fax>7-34342-26746</fax>
                        <email>asu26737@yandex.ru</email>
                        <okato>65542000000</okato>
                        <okpo>32253889</okpo>
                    </mainInfo>
                </ns2:customer>
                <ns2:placer>
                    <mainInfo>
                        <fullName>ФЕДЕРАЛЬНОЕ ГОСУДАРСТВЕННОЕ БЮДЖЕТНОЕ УЧРЕЖДЕНИЕ ЗДРАВООХРАНЕНИЯ "ЦЕНТРАЛЬНАЯ МЕДИКО-САНИТАРНАЯ ЧАСТЬ № 91 ФЕДЕРАЛЬНОГО МЕДИКО-БИОЛОГИЧЕСКОГО АГЕНТСТВА"</fullName>
                        <shortName>ФГБУЗ ЦМСЧ № 91 ФМБА РОССИИ</shortName>
                        <iko>86630001950663001001</iko>
                        <inn>6630001950</inn>
                        <kpp>663001001</kpp>
                        <ogrn>1026601767554</ogrn>
                        <legalAddress>624200, обл СВЕРДЛОВСКАЯ, г ЛЕСНОЙ, ул БЕЛИНСКОГО, дом 18 А</legalAddress>
                        <postalAddress>624200, Свердловская Область, Лесной Город, Белинского Улица, дом 18, корпус А</postalAddress>
                        <phone>7-34342-26746</phone>
                        <fax>7-34342-26746</fax>
                        <email>asu26737@yandex.ru</email>
                        <okato>65542000000</okato>
                        <okpo>32253889</okpo>
                    </mainInfo>
                </ns2:placer>
                <ns2:publicationDate>2017-03-29T17:02:35</ns2:publicationDate>
                <ns2:status>P</ns2:status>
                <ns2:version>1</ns2:version>
                <ns2:completed>false</ns2:completed>
                <ns2:attachments>
                    <totalDocumentsCount>2</totalDocumentsCount>
                    <document>
                        <guid>4dacf4df-4c26-4889-abe2-539e95421eef</guid>
                        <createDateTime>2017-03-29T17:02:09</createDateTime>
                        <fileName>Акт № 39 по договору 46 ПДД.jpg</fileName>
                        <description>Акт № 39 по договору 46 ПДД</description>
                        <url>https://zakupki.gov.ru/223/contract/private/download/download.html?id=11709798</url>
                        <registrationNumber>86630001950170000030007</registrationNumber>
                    </document>
                    <document>
                        <guid>1d25b065-f291-4486-896b-6c211f49c044</guid>
                        <createDateTime>2017-03-29T17:02:14</createDateTime>
                        <fileName>Платежное поручение № 527056 от 27.03.2017.jpg</fileName>
                        <description>Платежное поручение № 527056 от 27.03.2017</description>
                        <url>https://zakupki.gov.ru/223/contract/private/download/download.html?id=11709806</url>
                        <registrationNumber>86630001950170000030008</registrationNumber>
                    </document>
                </ns2:attachments>
                <ns2:hasPenalty>false</ns2:hasPenalty>
                <ns2:contractRegNumber>86630001950170000030000</ns2:contractRegNumber>
                <ns2:contractInfo>
                    <ns2:guid>2f7c2706-c6d5-4d89-8382-06fa9a958d80</ns2:guid>
                    <ns2:name>46/ПДД</ns2:name>
                    <ns2:agencyName>ФГБУЗ ЦМСЧ № 91 ФМБА РОССИИ</ns2:agencyName>
                    <ns2:supplierName>ОБЩЕСТВО С ОГРАНИЧЕННОЙ ОТВЕТСТВЕННОСТЬЮ "ПРИОР-М ЛАБ"</ns2:supplierName>
                    <ns2:lotInfo>Выполнение работ по изготовлению ортодонтических аппаратов</ns2:lotInfo>
                    <ns2:contractDate>2017-02-07</ns2:contractDate>
                </ns2:contractInfo>
                <ns2:positions>
                    <ns2:position>
                        <ns2:ordinal>1</ns2:ordinal>
                        <ns2:paymentDate>2017-03-27</ns2:paymentDate>
                        <ns2:price>14190</ns2:price>
                        <ns2:currency>
                            <code>RUB</code>
                            <digitalCode>643</digitalCode>
                            <name>Российский рубль</name>
                        </ns2:currency>
                        <ns2:rubPrice>14190</ns2:rubPrice>
                        <ns2:prepaid>false</ns2:prepaid>
                        <ns2:docs>
                            <ns2:doc>
                                <ns2:ordinal>1</ns2:ordinal>
                                <ns2:date>2017-02-28</ns2:date>
                                <ns2:code>20</ns2:code>
                                <ns2:name>акт выполненных работ</ns2:name>
                                <ns2:number>39</ns2:number>
                                <ns2:contractPosition>
                                    <ns2:guid>78394232-5760-46f5-bbc5-2e58e2846c4e</ns2:guid>
                                    <ns2:name>Выполнение работ по изготовлению ортодонтических аппаратов</ns2:name>
                                    <ns2:okpd2>
                                        <code>86.23.11.000</code>
                                        <name>Услуги в области ортодонтии</name>
                                    </ns2:okpd2>
                                </ns2:contractPosition>
                                <ns2:okei>
                                    <code>876</code>
                                    <name>Условная единица</name>
                                </ns2:okei>
                                <ns2:qty>1</ns2:qty>
                            </ns2:doc>
                        </ns2:docs>
                    </ns2:position>
                    <ns2:total>14190</ns2:total>
                </ns2:positions>
            </ns2:performanceContractData>
        </ns2:item>
    </ns2:body>
</ns2:performanceContract>
