<?xml version="1.0" encoding="UTF-8" standalone="yes"?>
<ns2:explanation xsi:schemaLocation="http://zakupki.gov.ru/223/integration/schema/TFF-5.2 http://zakupki.gov.ru/223/integration/schema/TFF-5.2/purchase.xsd" xmlns="http://zakupki.gov.ru/223fz/types/1" xmlns:ns10="http://zakupki.gov.ru/223fz/complaint/1" xmlns:ns11="http://zakupki.gov.ru/223fz/notificationIssue/1" xmlns:ns12="http://zakupki.gov.ru/223fz/purchasePlanProject/1" xmlns:ns13="http://zakupki.gov.ru/223fz/purchasePlanProjectAdditionalPosition/1" xmlns:ns14="http://zakupki.gov.ru/223fz/contract/1" xmlns:ns15="http://zakupki.gov.ru/223fz/missedNotice/1" xmlns:ns16="http://zakupki.gov.ru/223fz/reference/1" xmlns:ns17="http://zakupki.gov.ru/223fz/stopCommodity/1" xmlns:ns18="http://zakupki.gov.ru/223fz/decisionSuspension/1" xmlns:ns19="http://zakupki.gov.ru/223fz/webRequest/1" xmlns:ns2="http://zakupki.gov.ru/223fz/purchase/1" xmlns:xsi="http://www.w3.org/2001/XMLSchema-instance" xmlns:ns3="http://zakupki.gov.ru/223fz/dishonestSupplier/1" xmlns:ns4="http://zakupki.gov.ru/223fz/purchasePlanAdditionalPosition/1" xmlns:ns5="http://zakupki.gov.ru/223fz/purchasePlan/1" xmlns:ns6="http://zakupki.gov.ru/223fz/machineryListInfo/1" xmlns:ns7="http://zakupki.gov.ru/223fz/revenue/1" xmlns:ns8="http://zakupki.gov.ru/223fz/orderClauseList/1" xmlns:ns9="http://zakupki.gov.ru/223fz/disagreementProtocol/1">
    <header>
        <guid>65be52ca-f428-48a9-a8ec-3fb33faf3ed3</guid>
        <createDateTime>2017-03-29T09:39:18</createDateTime>
    </header>
    <ns2:body>
        <ns2:item>
            <guid>54f546a8-f833-4b15-a87c-de6ffe64e7ba</guid>
            <ns2:explanationData>
                <ns2:guid>54f546a8-f833-4b15-a87c-de6ffe64e7ba</ns2:guid>
                <ns2:urlOOS>https://zakupki.gov.ru/223/purchase/private/purchase/explanation/details.html?explanationId=310043</ns2:urlOOS>
                <ns2:description> массе  трески потрошеной, обезглавленной, мороженной, крупной</ns2:description>
                <ns2:requestSubjectInfo> треска потрошёная, обезглавленная, мороженная, крупная</ns2:requestSubjectInfo>
                <ns2:requestDate>2017-03-29T00:00:00</ns2:requestDate>
                <ns2:status>P</ns2:status>
                <ns2:creationDate>2017-03-29T11:39:04</ns2:creationDate>
                <ns2:modificationDate>2017-03-29T11:39:18</ns2:modificationDate>
                <ns2:decisionDate>2017-03-29T00:00:00</ns2:decisionDate>
                <ns2:publishDate>2017-03-29T11:39:18</ns2:publishDate>
                <ns2:attachments>
                    <totalDocumentsCount>1</totalDocumentsCount>
                    <document>
                        <guid>6c1b9754-a3b0-4e89-be49-e81761ea5710</guid>
                        <createDateTime>2017-03-29T09:38:59</createDateTime>
                        <fileName>Разъяснение по вопросу по массе  трески, потрашенной, обезгавленной, мороженной..doc</fileName>
                        <description>Разъяснение по вопросу по массе  трески, потрашенной, обезгавленной, мороженной.</description>
                        <url>http://zakupki.gov.ru/223/purchase/public/download/download.html?id=30417399</url>
                    </document>
                </ns2:attachments>
                <ns2:purchaseRegNum>31704932962</ns2:purchaseRegNum>
                <ns2:purchaseMethodCode>69592</ns2:purchaseMethodCode>
                <ns2:purchaseMethodName>Запрос предложений</ns2:purchaseMethodName>
                <ns2:purchaseName>поставка пищевых продуктов (рыбы морской мороженной и сельди слабосоленой)</ns2:purchaseName>
                <ns2:placer>
                    <mainInfo>
                        <fullName>ГОСУДАРСТВЕННОЕ АВТОНОМНОЕ СТАЦИОНАРНОЕ УЧРЕЖДЕНИЕ СОЦИАЛЬНОГО ОБСЛУЖИВАНИЯ НАСЕЛЕНИЯ СВЕРДЛОВСКОЙ ОБЛАСТИ "ПАНСИОНАТ ДЛЯ ПРЕСТАРЕЛЫХ И ИНВАЛИДОВ "СЕМЬ КЛЮЧЕЙ"</fullName>
                        <shortName>ГАУ "ПАНСИОНАТ "СЕМЬ КЛЮЧЕЙ"</shortName>
                        <iko>56659022448665901001</iko>
                        <inn>6659022448</inn>
                        <kpp>665901001</kpp>
                        <ogrn>1026602973418</ogrn>
                        <legalAddress>620050, СВЕРДЛОВСКАЯ, ЕКАТЕРИНБУРГ, РЕШЕТСКАЯ, дом 55, корпус -, офис (квартира) -</legalAddress>
                        <postalAddress>620050, РФ, Свердловская область, г. Екатеринбург, ул. Решетская, д.55</postalAddress>
                        <phone>7-343-3230573</phone>
                        <fax>7-343-3230572</fax>
                        <email>7_kluch@mai.ru</email>
                        <okato>65401368000</okato>
                        <okpo>05299624</okpo>
                    </mainInfo>
                </ns2:placer>
                <ns2:emergency>false</ns2:emergency>
            </ns2:explanationData>
        </ns2:item>
    </ns2:body>
</ns2:explanation>
