<?xml version="1.0" encoding="UTF-8" standalone="yes"?>
<ns2:explanation xsi:schemaLocation="http://zakupki.gov.ru/223/integration/schema/TFF-5.2 http://zakupki.gov.ru/223/integration/schema/TFF-5.2/purchase.xsd" xmlns="http://zakupki.gov.ru/223fz/types/1" xmlns:ns10="http://zakupki.gov.ru/223fz/complaint/1" xmlns:ns11="http://zakupki.gov.ru/223fz/notificationIssue/1" xmlns:ns12="http://zakupki.gov.ru/223fz/purchasePlanProject/1" xmlns:ns13="http://zakupki.gov.ru/223fz/purchasePlanProjectAdditionalPosition/1" xmlns:ns14="http://zakupki.gov.ru/223fz/contract/1" xmlns:ns15="http://zakupki.gov.ru/223fz/missedNotice/1" xmlns:ns16="http://zakupki.gov.ru/223fz/reference/1" xmlns:ns17="http://zakupki.gov.ru/223fz/stopCommodity/1" xmlns:ns18="http://zakupki.gov.ru/223fz/decisionSuspension/1" xmlns:ns19="http://zakupki.gov.ru/223fz/webRequest/1" xmlns:ns2="http://zakupki.gov.ru/223fz/purchase/1" xmlns:xsi="http://www.w3.org/2001/XMLSchema-instance" xmlns:ns3="http://zakupki.gov.ru/223fz/dishonestSupplier/1" xmlns:ns4="http://zakupki.gov.ru/223fz/purchasePlanAdditionalPosition/1" xmlns:ns5="http://zakupki.gov.ru/223fz/purchasePlan/1" xmlns:ns6="http://zakupki.gov.ru/223fz/machineryListInfo/1" xmlns:ns7="http://zakupki.gov.ru/223fz/revenue/1" xmlns:ns8="http://zakupki.gov.ru/223fz/orderClauseList/1" xmlns:ns9="http://zakupki.gov.ru/223fz/disagreementProtocol/1">
    <header>
        <guid>08e3ed0c-11a9-441a-ab57-abd5b34a7b99</guid>
        <createDateTime>2017-03-29T13:23:33</createDateTime>
    </header>
    <ns2:body>
        <ns2:item>
            <guid>b04c0009-2858-4ad6-a253-d1787ea8c607</guid>
            <ns2:explanationData>
                <ns2:guid>b04c0009-2858-4ad6-a253-d1787ea8c607</ns2:guid>
                <ns2:urlOOS>https://zakupki.gov.ru/223/purchase/private/purchase/explanation/details.html?explanationId=310206</ns2:urlOOS>
                <ns2:description>нужна ли ЭЦП для подписания документов, прикрепляемых в заявке участника</ns2:description>
                <ns2:requestSubjectInfo>Добрый день! Просим уточнить требуется ли подписывать документы в заявке участника электронной цифровой подписью? Или достаточно просто прикрепить сканы документов, заверенные печатью и подписью уполномоченного лица участника?</ns2:requestSubjectInfo>
                <ns2:requestDate>2017-03-28T17:22:15</ns2:requestDate>
                <ns2:status>P</ns2:status>
                <ns2:creationDate>2017-03-28T19:22:15</ns2:creationDate>
                <ns2:modificationDate>2017-03-29T15:23:33</ns2:modificationDate>
                <ns2:decisionDate>2017-03-29T15:21:00</ns2:decisionDate>
                <ns2:publishDate>2017-03-29T15:23:33</ns2:publishDate>
                <ns2:attachments>
                    <totalDocumentsCount>1</totalDocumentsCount>
                    <document>
                        <guid>b05145e4-e1e8-4712-8d88-7e60b604e10f</guid>
                        <createDateTime>2017-03-29T15:21:00</createDateTime>
                        <fileName>IMG.pdf</fileName>
                        <description>IMG</description>
                        <url>http://zakupki.gov.ru/223/purchase/public/download/download.html?id=30429690</url>
                    </document>
                </ns2:attachments>
                <ns2:purchaseRegNum>31704937870</ns2:purchaseRegNum>
                <ns2:purchaseMethodCode>4911</ns2:purchaseMethodCode>
                <ns2:purchaseMethodName>Запрос цен</ns2:purchaseMethodName>
                <ns2:purchaseName>Оказание услуг по сопровождению справочно-правовой системы "Гарант"
 для нужд АО «Научно-производственная корпорация «Уралвагонзавод»</ns2:purchaseName>
                <ns2:placer>
                    <mainInfo>
                        <fullName>АКЦИОНЕРНОЕ ОБЩЕСТВО  "УРАЛЬСКАЯ БОЛЬШЕГРУЗНАЯ ТЕХНИКА-УРАЛВАГОНЗАВОД"</fullName>
                        <shortName>АО "УБТ-УРАЛВАГОНЗАВОД"</shortName>
                        <iko>66623009965662301001</iko>
                        <inn>6623009965</inn>
                        <kpp>662301001</kpp>
                        <ogrn>1026601370267</ogrn>
                        <legalAddress>622018, ОБЛ СВЕРДЛОВСКАЯ, Г НИЖНИЙ ТАГИЛ, УЛ ЮНОСТИ, дом 10</legalAddress>
                        <postalAddress>622018, Свердловская, Нижний Тагил, Юности, дом 10</postalAddress>
                        <phone>7-3435-377407</phone>
                        <fax>7-3435-377408</fax>
                        <email>zakupki.ubt-uvz@mail.ru</email>
                        <okato>65476370000</okato>
                        <okpo>59269252</okpo>
                    </mainInfo>
                </ns2:placer>
                <ns2:emergency>false</ns2:emergency>
            </ns2:explanationData>
        </ns2:item>
    </ns2:body>
</ns2:explanation>
