<?xml version="1.0" encoding="UTF-8" standalone="yes"?>
<ns2:explanation xsi:schemaLocation="http://zakupki.gov.ru/223/integration/schema/TFF-5.2 http://zakupki.gov.ru/223/integration/schema/TFF-5.2/purchase.xsd" xmlns="http://zakupki.gov.ru/223fz/types/1" xmlns:ns10="http://zakupki.gov.ru/223fz/complaint/1" xmlns:ns11="http://zakupki.gov.ru/223fz/notificationIssue/1" xmlns:ns12="http://zakupki.gov.ru/223fz/purchasePlanProject/1" xmlns:ns13="http://zakupki.gov.ru/223fz/purchasePlanProjectAdditionalPosition/1" xmlns:ns14="http://zakupki.gov.ru/223fz/contract/1" xmlns:ns15="http://zakupki.gov.ru/223fz/missedNotice/1" xmlns:ns16="http://zakupki.gov.ru/223fz/reference/1" xmlns:ns17="http://zakupki.gov.ru/223fz/stopCommodity/1" xmlns:ns18="http://zakupki.gov.ru/223fz/decisionSuspension/1" xmlns:ns19="http://zakupki.gov.ru/223fz/webRequest/1" xmlns:ns2="http://zakupki.gov.ru/223fz/purchase/1" xmlns:xsi="http://www.w3.org/2001/XMLSchema-instance" xmlns:ns3="http://zakupki.gov.ru/223fz/dishonestSupplier/1" xmlns:ns4="http://zakupki.gov.ru/223fz/purchasePlanAdditionalPosition/1" xmlns:ns5="http://zakupki.gov.ru/223fz/purchasePlan/1" xmlns:ns6="http://zakupki.gov.ru/223fz/machineryListInfo/1" xmlns:ns7="http://zakupki.gov.ru/223fz/revenue/1" xmlns:ns8="http://zakupki.gov.ru/223fz/orderClauseList/1" xmlns:ns9="http://zakupki.gov.ru/223fz/disagreementProtocol/1">
    <header>
        <guid>ddaef032-bbad-411c-9562-66f10366b608</guid>
        <createDateTime>2017-03-29T12:00:46</createDateTime>
    </header>
    <ns2:body>
        <ns2:item>
            <guid>0addd403-d90a-1ee7-858b-633ea75fdbb8</guid>
            <ns2:explanationData>
                <ns2:guid>0addd403-d90a-1ee7-858b-633ea75fdbb8</ns2:guid>
                <ns2:urlOOS>https://zakupki.gov.ru/223/purchase/private/purchase/explanation/details.html?explanationId=310135</ns2:urlOOS>
                <ns2:description>1.	Акт приёма-передачи оборудования и ТОРГ 12 подписываются в тот же день, когда оборудование поступает на склад ФГУП УЭМЗ.

2.	В соответствии с п. 1 ст. 330 Гражданского Кодекса РФ неустойкой (штрафом, пеней) признается определенная законом или договором денежная сумма, которую должник обязан уплатить кредитору в случае неисполнения или ненадлежащего исполнения обязательства, в частности в случае просрочки исполнения. По требованию об уплате неустойки кредитор не обязан доказывать причинение ему убытков.
           Закупка Оборудования регламентируется  ФЗ-223 «О закупках товаров, работ, услуг отдельными видами юридических лиц» от 18.07.2011 и принятым во исполнение  него Единым отраслевым стандартом закупок  (Положение о закупке)  Государственной корпорации по атомной энергии «Росатом»  (утвержден решением наблюдательного совета Госкорпорации «Росатом» от 07.02.2012г, с изменениями от 30.12.2016г.)
Ни федеральным законом № 223 от 18.07.2011г, ни  Единым отраслевым стандартом закупок обязательных требований по установлению и расчету неустойки не предусмотрено.
         В соответствии с п.1. ст. 420 Гражданского Кодекса РФ договором признается соглашение двух или нескольких лиц об установлении, изменении или прекращении гражданских прав и обязанностей.
Согласно ст. 421 Гражданского Кодекса РФ  юридические лица свободны в заключении договора. Условия договора определяются по усмотрению сторон, кроме случаев, когда содержание соответствующего условия предписано законом или иными правовыми актами.
Согласно ст. 432 Гражданского Кодекса РФ  договор считается заключенным, если между сторонами, в требуемой в подлежащих случаях форме, достигнуто соглашение по всем существенным условиям договора. Существенными являются условия о предмете договора, условия, которые названы в законе или иных правовых актах как существенные или необходимые для договоров данного вида, а также все те условия, относительно которых по заявлению одной из сторон должно быть достигнуто соглашение.
Для</ns2:description>
                <ns2:requestSubjectInfo>1.В п. 4.2. проекта дог. указано, что моментом исполнения обязанности Поставщика пере-дать Оборудование в собственность Покупателя (переход права собственности) считается датой подписания Акта приёма-передачи Оборудования. При этом в договоре отсутствует срок и порядок подписания Акта приема-передачи Оборудования. В связи с этим просим указать срок подписания ТОРГ-12 и Акта приема-передачи Оборудования.
2.В п.6.1. проекта дог. размер пени за нарушение сроков исполнения обяз-в в отношении Поставщика определяется в соответствии с Правилами определения размера штрафа, начисляемого в случае ненадлежащего исполнения заказчиком, поставщиком (подрядчиком, исполнителем) обяз-в, предусмотренных дог. (за искл. просрочки исполнения обязательств заказчиком, поставщиком (подрядчиком, исполнителем), и размера пени, начисляемой за каждый день просрочки исполнения поставщиком (подрядчиком, исполнителем) обяз-ва, предусмотренного дог., утвержденными постановлением Правительства РФ от 25.11.2013 №1063 (Собрание законодательства РФ, 2013, № 48, ст. 6266) (далее по тексту – Правила определения размера штрафа).
Указанные правила утверждены Правительством РФ и применяются к отношениям, возникающим в рамках ФЗ от 05.04.2013 №44-ФЗ «О контрактной системе в сфере закупок товаров, работ, услуг для обеспечения гос. и мун. нужд». 
На основании вышеизложенного, считаем, что установление ответственности в отношении поставщика за нарушение сроков исполнения обяз-в по договору в соответствии с Правилами определения размера штрафа являются неправомерными, т.к. закупка осуществляется в рамках ФЗ от 18.07.2011 № 223-ФЗ «О закупках товаров, работ, услуг отдельными видами юр. лиц» и ЕОСЗ (Положением о закупке) Гос. корпорации по атомной энергии Росатом. В связи с этим просим изменить размер пени за нарушение Поставщиком срока исполнения обяз-в по договору и изложить п.6.1. проекта дог. в следующей редакции:  «За нарушение Поставщиком срока исполнения обязательств по дог., в том числе гарантийных обязат</ns2:requestSubjectInfo>
                <ns2:requestDate>2017-03-28T12:34:37</ns2:requestDate>
                <ns2:status>P</ns2:status>
                <ns2:creationDate>2017-03-29T15:43:04</ns2:creationDate>
                <ns2:modificationDate>2017-03-29T14:00:46</ns2:modificationDate>
                <ns2:decisionDate>2017-03-30T01:59:59</ns2:decisionDate>
                <ns2:publishDate>2017-03-29T14:00:46</ns2:publishDate>
                <ns2:attachments>
                    <totalDocumentsCount>1</totalDocumentsCount>
                    <document>
                        <guid>0addd403-d90a-1ee7-858b-739b0f6b9152</guid>
                        <createDateTime>2017-03-29T13:43:05</createDateTime>
                        <fileName>Ответ на запрос Установка.doc</fileName>
                        <description>Ответ на запрос Установка.doc</description>
                        <url>http://zakupki.gov.ru/223/purchase/public/download/download.html?id=30424676</url>
                    </document>
                </ns2:attachments>
                <ns2:purchaseRegNum>31704930339</ns2:purchaseRegNum>
                <ns2:purchaseMethodCode>5907</ns2:purchaseMethodCode>
                <ns2:purchaseMethodName>Открытый запрос цен в электронной форме</ns2:purchaseMethodName>
                <ns2:purchaseName>Право заключения договора на Установка визуальной инспекции</ns2:purchaseName>
                <ns2:placer>
                    <mainInfo>
                        <fullName>ФЕДЕРАЛЬНОЕ ГОСУДАРСТВЕННОЕ УНИТАРНОЕ ПРЕДПРИЯТИЕ "УРАЛЬСКИЙ ЭЛЕКТРОМЕХАНИЧЕСКИЙ ЗАВОД"</fullName>
                        <shortName>ФГУП УЭМЗ</shortName>
                        <iko>56608004641667001001</iko>
                        <inn>6608004641</inn>
                        <kpp>667001001</kpp>
                        <ogrn>1026604973120</ogrn>
                        <legalAddress>620137, ОБЛ СВЕРДЛОВСКАЯ, Г ЕКАТЕРИНБУРГ, УЛ СТУДЕНЧЕСКАЯ, дом 9</legalAddress>
                        <postalAddress>620137, Свердловская, Екатеринбург, Студенческая, дом 9</postalAddress>
                        <phone>7-343-3413689</phone>
                        <fax>7-343-3413689</fax>
                        <email>kazantsev_av@uemz.ru</email>
                        <okato>65401373000</okato>
                        <okpo>07624904</okpo>
                    </mainInfo>
                </ns2:placer>
                <ns2:emergency>false</ns2:emergency>
            </ns2:explanationData>
        </ns2:item>
    </ns2:body>
</ns2:explanation>
