<?xml version="1.0" encoding="UTF-8" standalone="yes"?>
<ns2:explanation xsi:schemaLocation="http://zakupki.gov.ru/223/integration/schema/TFF-5.2 http://zakupki.gov.ru/223/integration/schema/TFF-5.2/purchase.xsd" xmlns="http://zakupki.gov.ru/223fz/types/1" xmlns:ns10="http://zakupki.gov.ru/223fz/complaint/1" xmlns:ns11="http://zakupki.gov.ru/223fz/notificationIssue/1" xmlns:ns12="http://zakupki.gov.ru/223fz/purchasePlanProject/1" xmlns:ns13="http://zakupki.gov.ru/223fz/purchasePlanProjectAdditionalPosition/1" xmlns:ns14="http://zakupki.gov.ru/223fz/contract/1" xmlns:ns15="http://zakupki.gov.ru/223fz/missedNotice/1" xmlns:ns16="http://zakupki.gov.ru/223fz/reference/1" xmlns:ns17="http://zakupki.gov.ru/223fz/stopCommodity/1" xmlns:ns18="http://zakupki.gov.ru/223fz/decisionSuspension/1" xmlns:ns19="http://zakupki.gov.ru/223fz/webRequest/1" xmlns:ns2="http://zakupki.gov.ru/223fz/purchase/1" xmlns:xsi="http://www.w3.org/2001/XMLSchema-instance" xmlns:ns3="http://zakupki.gov.ru/223fz/dishonestSupplier/1" xmlns:ns4="http://zakupki.gov.ru/223fz/purchasePlanAdditionalPosition/1" xmlns:ns5="http://zakupki.gov.ru/223fz/purchasePlan/1" xmlns:ns6="http://zakupki.gov.ru/223fz/machineryListInfo/1" xmlns:ns7="http://zakupki.gov.ru/223fz/revenue/1" xmlns:ns8="http://zakupki.gov.ru/223fz/orderClauseList/1" xmlns:ns9="http://zakupki.gov.ru/223fz/disagreementProtocol/1">
    <header>
        <guid>cc6d472f-cdaa-4990-84c5-64a991c1432a</guid>
        <createDateTime>2017-03-29T14:19:00</createDateTime>
    </header>
    <ns2:body>
        <ns2:item>
            <guid>75e27376-b1d6-46e4-a5a5-95ff583f057e</guid>
            <ns2:explanationData>
                <ns2:guid>75e27376-b1d6-46e4-a5a5-95ff583f057e</ns2:guid>
                <ns2:urlOOS>https://zakupki.gov.ru/223/purchase/private/purchase/explanation/details.html?explanationId=310239</ns2:urlOOS>
                <ns2:description>Разъяснение положений документации</ns2:description>
                <ns2:requestSubjectInfo>Разъяснение положений документации</ns2:requestSubjectInfo>
                <ns2:requestDate>2017-03-23T00:00:00</ns2:requestDate>
                <ns2:status>P</ns2:status>
                <ns2:creationDate>2017-03-29T16:12:52</ns2:creationDate>
                <ns2:modificationDate>2017-03-29T16:19:00</ns2:modificationDate>
                <ns2:decisionDate>2017-03-29T00:00:00</ns2:decisionDate>
                <ns2:publishDate>2017-03-29T16:19:00</ns2:publishDate>
                <ns2:attachments>
                    <totalDocumentsCount>1</totalDocumentsCount>
                    <document>
                        <guid>3b0ed418-3e26-4d52-9876-01b21a9538ff</guid>
                        <createDateTime>2017-03-29T14:12:14</createDateTime>
                        <fileName>Разъяснения от 29.03.2017 3.pdf</fileName>
                        <description>Разъяснения от 29.03.2017</description>
                        <url>http://zakupki.gov.ru/223/purchase/public/download/download.html?id=30432459</url>
                    </document>
                </ns2:attachments>
                <ns2:purchaseRegNum>31704919727</ns2:purchaseRegNum>
                <ns2:purchaseMethodCode>113319</ns2:purchaseMethodCode>
                <ns2:purchaseMethodName>Открытый аукцион в электронной форме (по Положению АО "ФГК")</ns2:purchaseMethodName>
                <ns2:purchaseName>Открытый аукцион в электронной форме среди субъектов малого и среднего предпринимательства № 8/ОАЭ-ФГК/17 на право заключения договора на оказание услуг по перевозке грузов автомобильным транспортом</ns2:purchaseName>
                <ns2:placer>
                    <mainInfo>
                        <fullName>АКЦИОНЕРНОЕ ОБЩЕСТВО "ФЕДЕРАЛЬНАЯ ГРУЗОВАЯ КОМПАНИЯ"</fullName>
                        <shortName>АО "ФГК"</shortName>
                        <iko>66659209750668501001</iko>
                        <inn>6659209750</inn>
                        <kpp>668501001</kpp>
                        <ogrn>1106659010600</ogrn>
                        <legalAddress>620026, обл СВЕРДЛОВСКАЯ, г ЕКАТЕРИНБУРГ, ул КУЙБЫШЕВА, дом 44</legalAddress>
                        <postalAddress>SadykovNN@railfgk.ru</postalAddress>
                        <phone>7-499-2621777-1530</phone>
                        <email>SadykovNN@railfgk.ru</email>
                        <okato>65401380000</okato>
                        <okpo>68398528</okpo>
                    </mainInfo>
                </ns2:placer>
                <ns2:emergency>false</ns2:emergency>
            </ns2:explanationData>
        </ns2:item>
    </ns2:body>
</ns2:explanation>
