<?xml version="1.0" encoding="UTF-8" standalone="yes"?>
<ns2:explanation xsi:schemaLocation="http://zakupki.gov.ru/223/integration/schema/TFF-5.2 http://zakupki.gov.ru/223/integration/schema/TFF-5.2/purchase.xsd" xmlns="http://zakupki.gov.ru/223fz/types/1" xmlns:ns10="http://zakupki.gov.ru/223fz/complaint/1" xmlns:ns11="http://zakupki.gov.ru/223fz/notificationIssue/1" xmlns:ns12="http://zakupki.gov.ru/223fz/purchasePlanProject/1" xmlns:ns13="http://zakupki.gov.ru/223fz/purchasePlanProjectAdditionalPosition/1" xmlns:ns14="http://zakupki.gov.ru/223fz/contract/1" xmlns:ns15="http://zakupki.gov.ru/223fz/missedNotice/1" xmlns:ns16="http://zakupki.gov.ru/223fz/reference/1" xmlns:ns17="http://zakupki.gov.ru/223fz/stopCommodity/1" xmlns:ns18="http://zakupki.gov.ru/223fz/decisionSuspension/1" xmlns:ns19="http://zakupki.gov.ru/223fz/webRequest/1" xmlns:ns2="http://zakupki.gov.ru/223fz/purchase/1" xmlns:xsi="http://www.w3.org/2001/XMLSchema-instance" xmlns:ns3="http://zakupki.gov.ru/223fz/dishonestSupplier/1" xmlns:ns4="http://zakupki.gov.ru/223fz/purchasePlanAdditionalPosition/1" xmlns:ns5="http://zakupki.gov.ru/223fz/purchasePlan/1" xmlns:ns6="http://zakupki.gov.ru/223fz/machineryListInfo/1" xmlns:ns7="http://zakupki.gov.ru/223fz/revenue/1" xmlns:ns8="http://zakupki.gov.ru/223fz/orderClauseList/1" xmlns:ns9="http://zakupki.gov.ru/223fz/disagreementProtocol/1">
    <header>
        <guid>75253153-695d-4f69-89c2-51e992efb008</guid>
        <createDateTime>2017-03-29T12:12:43</createDateTime>
    </header>
    <ns2:body>
        <ns2:item>
            <guid>eae01aeb-86ef-424b-8e33-316694b66055</guid>
            <ns2:explanationData>
                <ns2:guid>eae01aeb-86ef-424b-8e33-316694b66055</ns2:guid>
                <ns2:urlOOS>https://zakupki.gov.ru/223/purchase/private/purchase/explanation/details.html?explanationId=310016</ns2:urlOOS>
                <ns2:description>Укажите тип картриджей ОРИГИНАЛ или СОВМЕСТИМЫЙ</ns2:description>
                <ns2:requestSubjectInfo>Укажите тип картриджей ОРИГИНАЛ или СОВМЕСТИМЫЙ</ns2:requestSubjectInfo>
                <ns2:requestDate>2017-03-28T12:05:10</ns2:requestDate>
                <ns2:status>P</ns2:status>
                <ns2:creationDate>2017-03-29T10:33:03</ns2:creationDate>
                <ns2:modificationDate>2017-03-29T14:12:43</ns2:modificationDate>
                <ns2:decisionDate>2017-03-29T08:33:03</ns2:decisionDate>
                <ns2:publishDate>2017-03-29T14:12:43</ns2:publishDate>
                <ns2:attachments>
                    <totalDocumentsCount>2</totalDocumentsCount>
                    <document>
                        <guid>11b8f3e2-c834-4ad8-be2e-b22da56beb4d</guid>
                        <createDateTime>2017-03-29T08:34:01</createDateTime>
                        <fileName>Запрос Е.docx</fileName>
                        <description>Запрос Е.docx</description>
                        <url>http://zakupki.gov.ru/223/purchase/public/download/download.html?id=30414754</url>
                    </document>
                    <document>
                        <guid>6cc9dba9-dafd-48e5-9f56-5e995763fbf4</guid>
                        <createDateTime>2017-03-29T08:34:01</createDateTime>
                        <fileName>Разъяснение № 1  к ЭЗЦ 2017-45.docx</fileName>
                        <description>Разъяснение № 1  к ЭЗЦ 2017-45.docx</description>
                        <url>http://zakupki.gov.ru/223/purchase/public/download/download.html?id=30414755</url>
                    </document>
                </ns2:attachments>
                <ns2:purchaseRegNum>31704938691</ns2:purchaseRegNum>
                <ns2:purchaseMethodCode>5624</ns2:purchaseMethodCode>
                <ns2:purchaseMethodName>СБ-АСТ: Открытый запрос цен в электронной форме</ns2:purchaseMethodName>
                <ns2:purchaseName>Поставка картриджей, тонер- картриджей и фотобарабанов</ns2:purchaseName>
                <ns2:placer>
                    <mainInfo>
                        <fullName>Закрытое акционерное общество "Сбербанк-Автоматизированная система торгов"</fullName>
                        <shortName>ЗАО "Сбербанк-АСТ"</shortName>
                        <iko>67707308480770701001</iko>
                        <inn>7707308480</inn>
                        <kpp>770701001</kpp>
                        <ogrn>1027707000441</ogrn>
                        <legalAddress>127055, Москва, Новослободская, дом 24, корпус СТР.2</legalAddress>
                        <postalAddress>119180, г. Москва, ул. Большая Якиманка, д. 23 </postalAddress>
                        <phone>7-495-7872997</phone>
                        <fax>7-495-7872998</fax>
                        <email>FSKordysh@sberbank-ast.ru</email>
                        <okato>45286585000</okato>
                        <okpo>58997535</okpo>
                    </mainInfo>
                </ns2:placer>
                <ns2:emergency>false</ns2:emergency>
            </ns2:explanationData>
        </ns2:item>
    </ns2:body>
</ns2:explanation>
