<?xml version="1.0" encoding="UTF-8" standalone="yes"?>
<ns2:explanation xsi:schemaLocation="http://zakupki.gov.ru/223/integration/schema/TFF-5.2 http://zakupki.gov.ru/223/integration/schema/TFF-5.2/purchase.xsd" xmlns="http://zakupki.gov.ru/223fz/types/1" xmlns:ns10="http://zakupki.gov.ru/223fz/complaint/1" xmlns:ns11="http://zakupki.gov.ru/223fz/notificationIssue/1" xmlns:ns12="http://zakupki.gov.ru/223fz/purchasePlanProject/1" xmlns:ns13="http://zakupki.gov.ru/223fz/purchasePlanProjectAdditionalPosition/1" xmlns:ns14="http://zakupki.gov.ru/223fz/contract/1" xmlns:ns15="http://zakupki.gov.ru/223fz/missedNotice/1" xmlns:ns16="http://zakupki.gov.ru/223fz/reference/1" xmlns:ns17="http://zakupki.gov.ru/223fz/stopCommodity/1" xmlns:ns18="http://zakupki.gov.ru/223fz/decisionSuspension/1" xmlns:ns19="http://zakupki.gov.ru/223fz/webRequest/1" xmlns:ns2="http://zakupki.gov.ru/223fz/purchase/1" xmlns:xsi="http://www.w3.org/2001/XMLSchema-instance" xmlns:ns3="http://zakupki.gov.ru/223fz/dishonestSupplier/1" xmlns:ns4="http://zakupki.gov.ru/223fz/purchasePlanAdditionalPosition/1" xmlns:ns5="http://zakupki.gov.ru/223fz/purchasePlan/1" xmlns:ns6="http://zakupki.gov.ru/223fz/machineryListInfo/1" xmlns:ns7="http://zakupki.gov.ru/223fz/revenue/1" xmlns:ns8="http://zakupki.gov.ru/223fz/orderClauseList/1" xmlns:ns9="http://zakupki.gov.ru/223fz/disagreementProtocol/1">
    <header>
        <guid>a64b0c5e-b5ff-48d1-a5b2-2ee0404fe4aa</guid>
        <createDateTime>2017-03-29T06:35:40</createDateTime>
    </header>
    <ns2:body>
        <ns2:item>
            <guid>53eecb87-754c-31ff-252a-4b1928871faa</guid>
            <ns2:explanationData>
                <ns2:guid>53eecb87-754c-31ff-252a-4b1928871faa</ns2:guid>
                <ns2:urlOOS>https://zakupki.gov.ru/223/purchase/private/purchase/explanation/details.html?explanationId=309996</ns2:urlOOS>
                <ns2:description>Добрый день! В процедуру были внесены изменения (см. Уведомление о внесении изменений 29.03.2017 во вложении)</ns2:description>
                <ns2:requestSubjectInfo>добрый день, в Приложение № 1 к техническому заданию на организацию и проведение открытого запроса цен на право заключения договора на поставку технической литературы по охране труда для нужд филиала ОАО "МРСК Урала" -"Свердловэнерго" в 2017 году. не указан объём  продукции, не понятно-производить расчет за 1 экз. или объем будет уточнен дополнительно?</ns2:requestSubjectInfo>
                <ns2:requestDate>2017-03-28T17:53:33</ns2:requestDate>
                <ns2:status>P</ns2:status>
                <ns2:creationDate>2017-03-29T08:31:00</ns2:creationDate>
                <ns2:modificationDate>2017-03-29T08:35:40</ns2:modificationDate>
                <ns2:decisionDate>2017-03-29T06:31:00</ns2:decisionDate>
                <ns2:publishDate>2017-03-29T08:35:40</ns2:publishDate>
                <ns2:attachments>
                    <totalDocumentsCount>2</totalDocumentsCount>
                    <document>
                        <guid>2c011f2d-e636-9072-2c9b-98f57b9529df</guid>
                        <createDateTime>2017-03-29T06:30:54</createDateTime>
                        <fileName>Уведомление_о_внесении_изменений_29.03[1].2017.zip</fileName>
                        <description>Уведомление_о_внесении_изменений_29.03[1].2017.zip</description>
                        <url>http://zakupki.gov.ru/223/purchase/public/download/download.html?id=30412380</url>
                    </document>
                    <document>
                        <guid>f203726b-4c96-2b2f-86eb-56b80d099826</guid>
                        <createDateTime>2017-03-27T13:10:18</createDateTime>
                        <fileName>Запрос_на_разъяснение_документации_к_процедуре[14].rtf</fileName>
                        <description>Запрос_на_разъяснение_документации_к_процедуре[14].rtf</description>
                        <url>http://zakupki.gov.ru/223/purchase/public/download/download.html?id=30412381</url>
                    </document>
                </ns2:attachments>
                <ns2:purchaseRegNum>31704935840</ns2:purchaseRegNum>
                <ns2:purchaseMethodCode>2911</ns2:purchaseMethodCode>
                <ns2:purchaseMethodName>открытый запрос цен</ns2:purchaseMethodName>
                <ns2:purchaseName>Право заключения договора на приобретение тех. литературы по ОТ ПО АртЭС, ВЭС, ЗЭС, НТЭС, СЭС, ТалЭС</ns2:purchaseName>
                <ns2:placer>
                    <mainInfo>
                        <fullName>Открытое акционерное общество "Межрегиональная распределительная сетевая компания Урала"</fullName>
                        <shortName>ОАО "МРСК Урала"</shortName>
                        <iko>56671163413667201001</iko>
                        <inn>6671163413</inn>
                        <kpp>667201001</kpp>
                        <ogrn>1056604000970</ogrn>
                        <legalAddress>620026, Свердловская, Екатеринбург, Мамина-Сибиряка, дом 140</legalAddress>
                        <postalAddress>620026, Свердловская область, Екатеринбург, Мамина-Сибиряка, дом 140 </postalAddress>
                        <phone>7-343-2152600</phone>
                        <fax>7-343-2152661</fax>
                        <email>mrsk@mrsk-ural.ru</email>
                        <okato>65401000000</okato>
                        <okpo>76507836</okpo>
                    </mainInfo>
                </ns2:placer>
                <ns2:emergency>false</ns2:emergency>
            </ns2:explanationData>
        </ns2:item>
    </ns2:body>
</ns2:explanation>
