<?xml version="1.0" encoding="UTF-8" standalone="yes"?>
<ns2:explanation xsi:schemaLocation="http://zakupki.gov.ru/223/integration/schema/TFF-5.2 http://zakupki.gov.ru/223/integration/schema/TFF-5.2/purchase.xsd" xmlns="http://zakupki.gov.ru/223fz/types/1" xmlns:ns10="http://zakupki.gov.ru/223fz/complaint/1" xmlns:ns11="http://zakupki.gov.ru/223fz/notificationIssue/1" xmlns:ns12="http://zakupki.gov.ru/223fz/purchasePlanProject/1" xmlns:ns13="http://zakupki.gov.ru/223fz/purchasePlanProjectAdditionalPosition/1" xmlns:ns14="http://zakupki.gov.ru/223fz/contract/1" xmlns:ns15="http://zakupki.gov.ru/223fz/missedNotice/1" xmlns:ns16="http://zakupki.gov.ru/223fz/reference/1" xmlns:ns17="http://zakupki.gov.ru/223fz/stopCommodity/1" xmlns:ns18="http://zakupki.gov.ru/223fz/decisionSuspension/1" xmlns:ns19="http://zakupki.gov.ru/223fz/webRequest/1" xmlns:ns2="http://zakupki.gov.ru/223fz/purchase/1" xmlns:xsi="http://www.w3.org/2001/XMLSchema-instance" xmlns:ns3="http://zakupki.gov.ru/223fz/dishonestSupplier/1" xmlns:ns4="http://zakupki.gov.ru/223fz/purchasePlanAdditionalPosition/1" xmlns:ns5="http://zakupki.gov.ru/223fz/purchasePlan/1" xmlns:ns6="http://zakupki.gov.ru/223fz/machineryListInfo/1" xmlns:ns7="http://zakupki.gov.ru/223fz/revenue/1" xmlns:ns8="http://zakupki.gov.ru/223fz/orderClauseList/1" xmlns:ns9="http://zakupki.gov.ru/223fz/disagreementProtocol/1">
    <header>
        <guid>8e970f65-1faa-47b3-95e4-e86773c1c1f2</guid>
        <createDateTime>2017-03-29T11:15:55</createDateTime>
    </header>
    <ns2:body>
        <ns2:item>
            <guid>a9898519-9883-0040-0000-58db6af56061</guid>
            <ns2:explanationData>
                <ns2:guid>a9898519-9883-0040-0000-58db6af56061</ns2:guid>
                <ns2:urlOOS>https://zakupki.gov.ru/223/purchase/private/purchase/explanation/details.html?explanationId=310098</ns2:urlOOS>
                <ns2:description>Разъяснения от 28.03.2017 14:09</ns2:description>
                <ns2:requestSubjectInfo>Запрос:
Добрый день. Можно ли согласовать фасовку на 1,9 кг по позициям 1-4, 6,7.
По позициям 10-14 на фасовку 1,7 кг.

Разъяснения:
Добрый день!
Да, можно. </ns2:requestSubjectInfo>
                <ns2:requestDate>2017-03-28T16:09:45</ns2:requestDate>
                <ns2:status>P</ns2:status>
                <ns2:creationDate>2017-03-29T15:06:01</ns2:creationDate>
                <ns2:modificationDate>2017-03-29T13:15:55</ns2:modificationDate>
                <ns2:decisionDate>2017-03-29T13:05:44</ns2:decisionDate>
                <ns2:publishDate>2017-03-29T13:15:55</ns2:publishDate>
                <ns2:attachments>
                    <totalDocumentsCount>1</totalDocumentsCount>
                    <document>
                        <guid>a9898519-9883-0040-0000-58db6af56061</guid>
                        <createDateTime>2017-03-28T16:09:45</createDateTime>
                        <fileName>текст разъяснения.doc</fileName>
                        <description>текст разъяснения.doc</description>
                        <url>http://zakupki.gov.ru/223/purchase/public/download/download.html?id=30422359</url>
                    </document>
                </ns2:attachments>
                <ns2:purchaseRegNum>31704926441</ns2:purchaseRegNum>
                <ns2:purchaseMethodCode>34842</ns2:purchaseMethodCode>
                <ns2:purchaseMethodName>Открытый запрос цен В2В</ns2:purchaseMethodName>
                <ns2:purchaseName>Право заключения договора на поставку лакокрасочных покрытий для выполнения ремонта оборудования АО «ЕЭСК» 2017 г (800352)</ns2:purchaseName>
                <ns2:placer>
                    <mainInfo>
                        <fullName>АКЦИОНЕРНОЕ ОБЩЕСТВО "ЕКАТЕРИНБУРГСКАЯ ЭЛЕКТРОСЕТЕВАЯ КОМПАНИЯ"</fullName>
                        <shortName>АО "ЕЭСК"</shortName>
                        <iko>66658139683665801001</iko>
                        <inn>6658139683</inn>
                        <kpp>665801001</kpp>
                        <ogrn>1026602312770</ogrn>
                        <legalAddress>620014, ОБЛ СВЕРДЛОВСКАЯ, Г ЕКАТЕРИНБУРГ, УЛ БОРИСА ЕЛЬЦИНА, дом 1</legalAddress>
                        <postalAddress>620014 РФ Свердловская область, город Екатеринбург, улица Бориса Ельцина, дом 1.</postalAddress>
                        <phone>7-343-3590725</phone>
                        <fax>7-343-3590059</fax>
                        <email>eesk@eesk.ru</email>
                        <okato>65401364000</okato>
                        <okpo>12284050</okpo>
                    </mainInfo>
                </ns2:placer>
                <ns2:emergency>false</ns2:emergency>
            </ns2:explanationData>
        </ns2:item>
    </ns2:body>
</ns2:explanation>
