<?xml version="1.0" encoding="UTF-8" standalone="yes"?>
<ns2:explanation xsi:schemaLocation="http://zakupki.gov.ru/223/integration/schema/TFF-5.2 http://zakupki.gov.ru/223/integration/schema/TFF-5.2/purchase.xsd" xmlns="http://zakupki.gov.ru/223fz/types/1" xmlns:ns10="http://zakupki.gov.ru/223fz/complaint/1" xmlns:ns11="http://zakupki.gov.ru/223fz/notificationIssue/1" xmlns:ns12="http://zakupki.gov.ru/223fz/purchasePlanProject/1" xmlns:ns13="http://zakupki.gov.ru/223fz/purchasePlanProjectAdditionalPosition/1" xmlns:ns14="http://zakupki.gov.ru/223fz/contract/1" xmlns:ns15="http://zakupki.gov.ru/223fz/missedNotice/1" xmlns:ns16="http://zakupki.gov.ru/223fz/reference/1" xmlns:ns17="http://zakupki.gov.ru/223fz/stopCommodity/1" xmlns:ns18="http://zakupki.gov.ru/223fz/decisionSuspension/1" xmlns:ns19="http://zakupki.gov.ru/223fz/webRequest/1" xmlns:ns2="http://zakupki.gov.ru/223fz/purchase/1" xmlns:xsi="http://www.w3.org/2001/XMLSchema-instance" xmlns:ns3="http://zakupki.gov.ru/223fz/dishonestSupplier/1" xmlns:ns4="http://zakupki.gov.ru/223fz/purchasePlanAdditionalPosition/1" xmlns:ns5="http://zakupki.gov.ru/223fz/purchasePlan/1" xmlns:ns6="http://zakupki.gov.ru/223fz/machineryListInfo/1" xmlns:ns7="http://zakupki.gov.ru/223fz/revenue/1" xmlns:ns8="http://zakupki.gov.ru/223fz/orderClauseList/1" xmlns:ns9="http://zakupki.gov.ru/223fz/disagreementProtocol/1">
    <header>
        <guid>63d65096-5908-47c3-b15f-44aa7279621c</guid>
        <createDateTime>2017-03-29T12:21:22</createDateTime>
    </header>
    <ns2:body>
        <ns2:item>
            <guid>a9898519-0089-0040-0000-58db7c7dd33e</guid>
            <ns2:explanationData>
                <ns2:guid>a9898519-0089-0040-0000-58db7c7dd33e</ns2:guid>
                <ns2:urlOOS>https://zakupki.gov.ru/223/purchase/private/purchase/explanation/details.html?explanationId=310165</ns2:urlOOS>
                <ns2:description>Разъяснения от 29.03.2017 11:06</ns2:description>
                <ns2:requestSubjectInfo>Запрос:
На площадке при размещении ЗЗЦ отсутствуют сметы в формате XL. 
Рассматриваются ли варианты добавления данных форматов?

Разъяснения:
Добрый день! сметы во вложении.</ns2:requestSubjectInfo>
                <ns2:requestDate>2017-03-29T13:06:42</ns2:requestDate>
                <ns2:status>P</ns2:status>
                <ns2:creationDate>2017-03-29T16:21:01</ns2:creationDate>
                <ns2:modificationDate>2017-03-29T14:21:22</ns2:modificationDate>
                <ns2:decisionDate>2017-03-29T14:18:57</ns2:decisionDate>
                <ns2:publishDate>2017-03-29T14:21:22</ns2:publishDate>
                <ns2:attachments>
                    <totalDocumentsCount>2</totalDocumentsCount>
                    <document>
                        <guid>a9898519-0089-0040-0000-58db7c7dd33e</guid>
                        <createDateTime>2017-03-29T13:06:42</createDateTime>
                        <fileName>текст разъяснения.doc</fileName>
                        <description>текст разъяснения.doc</description>
                        <url>http://zakupki.gov.ru/223/purchase/public/download/download.html?id=30426773</url>
                    </document>
                    <document>
                        <guid>a9898519-0089-0040-0001-58db7c7dd33e</guid>
                        <createDateTime>2017-03-29T14:18:56</createDateTime>
                        <fileName>Сметы.rar</fileName>
                        <description>Сметы.rar</description>
                        <url>http://zakupki.gov.ru/223/purchase/public/download/download.html?id=30426774</url>
                    </document>
                </ns2:attachments>
                <ns2:purchaseRegNum>31704948360</ns2:purchaseRegNum>
                <ns2:purchaseMethodCode>142986</ns2:purchaseMethodCode>
                <ns2:purchaseMethodName>Запрос цен по результатам открытой конкурентной процедуры</ns2:purchaseMethodName>
                <ns2:purchaseName>право заключения договора подряда на выполнение  строительно-монтажных  работ по объектам: «8 (восемь) объектов технологического присоединения Сысертского района Свердловской области (Октябрьский, Сысерть, Бобровский)» Производственное отделение «Центральные электрические сети» филиала ОАО «МРСК Урала» - «Свердловэнерго» (803187)</ns2:purchaseName>
                <ns2:placer>
                    <mainInfo>
                        <fullName>Открытое акционерное общество "Межрегиональная распределительная сетевая компания Урала"</fullName>
                        <shortName>ОАО "МРСК Урала"</shortName>
                        <iko>56671163413667201001</iko>
                        <inn>6671163413</inn>
                        <kpp>667201001</kpp>
                        <ogrn>1056604000970</ogrn>
                        <legalAddress>620026, Свердловская, Екатеринбург, Мамина-Сибиряка, дом 140</legalAddress>
                        <postalAddress>620026, Свердловская область, Екатеринбург, Мамина-Сибиряка, дом 140 </postalAddress>
                        <phone>7-343-2152600</phone>
                        <fax>7-343-2152661</fax>
                        <email>mrsk@mrsk-ural.ru</email>
                        <okato>65401000000</okato>
                        <okpo>76507836</okpo>
                    </mainInfo>
                </ns2:placer>
                <ns2:emergency>false</ns2:emergency>
            </ns2:explanationData>
        </ns2:item>
    </ns2:body>
</ns2:explanation>
