<?xml version="1.0" encoding="UTF-8" standalone="yes"?>
<ns2:purchaseNoticeEP xsi:schemaLocation="http://zakupki.gov.ru/223/integration/schema/TFF-5.2 http://zakupki.gov.ru/223/integration/schema/TFF-5.2/purchase.xsd" xmlns="http://zakupki.gov.ru/223fz/types/1" xmlns:ns10="http://zakupki.gov.ru/223fz/decisionSuspension/1" xmlns:ns11="http://zakupki.gov.ru/223fz/purchasePlanAdditionalPosition/1" xmlns:ns12="http://zakupki.gov.ru/223fz/complaint/1" xmlns:ns13="http://zakupki.gov.ru/223fz/notificationIssue/1" xmlns:ns14="http://zakupki.gov.ru/223fz/purchasePlanProject/1" xmlns:ns15="http://zakupki.gov.ru/223fz/purchasePlanProjectAdditionalPosition/1" xmlns:ns16="http://zakupki.gov.ru/223fz/disagreementProtocol/1" xmlns:ns17="http://zakupki.gov.ru/223fz/reference/1" xmlns:ns18="http://zakupki.gov.ru/223fz/stopCommodity/1" xmlns:ns19="http://zakupki.gov.ru/223fz/webRequest/1" xmlns:ns2="http://zakupki.gov.ru/223fz/purchase/1" xmlns:xsi="http://www.w3.org/2001/XMLSchema-instance" xmlns:ns3="http://zakupki.gov.ru/223fz/dishonestSupplier/1" xmlns:ns4="http://zakupki.gov.ru/223fz/machineryListInfo/1" xmlns:ns5="http://zakupki.gov.ru/223fz/purchasePlan/1" xmlns:ns6="http://zakupki.gov.ru/223fz/revenue/1" xmlns:ns7="http://zakupki.gov.ru/223fz/orderClauseList/1" xmlns:ns8="http://zakupki.gov.ru/223fz/contract/1" xmlns:ns9="http://zakupki.gov.ru/223fz/missedNotice/1">
    <header>
        <guid>435a551b-84dc-4580-a15d-10b192996210</guid>
        <createDateTime>2017-01-23T07:08:20</createDateTime>
    </header>
    <ns2:body>
        <ns2:item>
            <guid>b5d6ee34-5c4f-4fd8-9a57-0a4dcb9c6ff6</guid>
            <ns2:purchaseNoticeEPData>
                <ns2:guid>b5d6ee34-5c4f-4fd8-9a57-0a4dcb9c6ff6</ns2:guid>
                <ns2:createDateTime>2017-01-23T09:58:01</ns2:createDateTime>
                <ns2:urlOOS>https://zakupki.gov.ru/223/purchase/private/purchase/notice-info/details.html?noticeInfoId=5641198</ns2:urlOOS>
                <ns2:registrationNumber>31704691609</ns2:registrationNumber>
                <ns2:name>обеспечение Абонента тепловой энергией, теплоносителем, в том числе поддержание мощности для нужд отопления путем поставки из тепловой сети Поставщика до границы балансовой принадлежности теплосетей (теплоснабжение)</ns2:name>
                <ns2:customer>
                    <mainInfo>
                        <fullName>АВТОНОМНОЕ УЧРЕЖДЕНИЕ РЕСПУБЛИКИ АЛТАЙ "ЦЕНТР ОКАЗАНИЯ УСЛУГ В СФЕРЕ СОЦИАЛЬНОГО ОБСЛУЖИВАНИЯ И ЗАНЯТОСТИ НАСЕЛЕНИЯ РЕСПУБЛИКИ АЛТАЙ"</fullName>
                        <shortName>АУ РА "ЦЕНТР ОКАЗАНИЯ УСЛУГ В СФЕРЕ СОЦИАЛЬНОГО ОБСЛУЖИВАНИЯ И ЗАНЯТОСТИ НАСЕЛЕНИЯ РА"</shortName>
                        <iko>50411164799041101001</iko>
                        <inn>0411164799</inn>
                        <kpp>041101001</kpp>
                        <ogrn>1140411034004</ogrn>
                        <legalAddress>649007, Респ АЛТАЙ, г ГОРНО-АЛТАЙСК, ул СЕВЕРНАЯ, дом 10</legalAddress>
                        <postalAddress>649000 Республика Алтай, г.Горно-Алтайск, ул.Северная, д. 10</postalAddress>
                        <phone>8-38822-29493</phone>
                        <email>abakaev@minwork.gorny.ru</email>
                        <okato>84401000000</okato>
                        <okpo>00086065</okpo>
                    </mainInfo>
                </ns2:customer>
                <ns2:purchaseMethodCode>3363</ns2:purchaseMethodCode>
                <ns2:purchaseCodeName>Закупка у единственного поставщика (исполнителя, подрядчика)</ns2:purchaseCodeName>
                <ns2:placer>
                    <mainInfo>
                        <fullName>АВТОНОМНОЕ УЧРЕЖДЕНИЕ РЕСПУБЛИКИ АЛТАЙ "ЦЕНТР ОКАЗАНИЯ УСЛУГ В СФЕРЕ СОЦИАЛЬНОГО ОБСЛУЖИВАНИЯ И ЗАНЯТОСТИ НАСЕЛЕНИЯ РЕСПУБЛИКИ АЛТАЙ"</fullName>
                        <shortName>АУ РА "ЦЕНТР ОКАЗАНИЯ УСЛУГ В СФЕРЕ СОЦИАЛЬНОГО ОБСЛУЖИВАНИЯ И ЗАНЯТОСТИ НАСЕЛЕНИЯ РА"</shortName>
                        <iko>50411164799041101001</iko>
                        <inn>0411164799</inn>
                        <kpp>041101001</kpp>
                        <ogrn>1140411034004</ogrn>
                        <legalAddress>649007, Респ АЛТАЙ, г ГОРНО-АЛТАЙСК, ул СЕВЕРНАЯ, дом 10</legalAddress>
                        <postalAddress>649000 Республика Алтай, г.Горно-Алтайск, ул.Северная, д. 10</postalAddress>
                        <phone>8-38822-29493</phone>
                        <email>abakaev@minwork.gorny.ru</email>
                        <okato>84401000000</okato>
                        <okpo>00086065</okpo>
                    </mainInfo>
                </ns2:placer>
                <ns2:contact>
                    <firstName>М</firstName>
                    <middleName>А</middleName>
                    <lastName>Абдолданова</lastName>
                    <phone>+8388 (22) 29493</phone>
                    <email>xmarge@mail.ru</email>
                    <organization>
                        <mainInfo>
                            <fullName>АВТОНОМНОЕ УЧРЕЖДЕНИЕ РЕСПУБЛИКИ АЛТАЙ "ЦЕНТР ОКАЗАНИЯ УСЛУГ В СФЕРЕ СОЦИАЛЬНОГО ОБСЛУЖИВАНИЯ И ЗАНЯТОСТИ НАСЕЛЕНИЯ РЕСПУБЛИКИ АЛТАЙ"</fullName>
                            <shortName>АУ РА "ЦЕНТР ОКАЗАНИЯ УСЛУГ В СФЕРЕ СОЦИАЛЬНОГО ОБСЛУЖИВАНИЯ И ЗАНЯТОСТИ НАСЕЛЕНИЯ РА"</shortName>
                            <iko>50411164799041101001</iko>
                            <inn>0411164799</inn>
                            <kpp>041101001</kpp>
                            <ogrn>1140411034004</ogrn>
                            <legalAddress>649007, Респ АЛТАЙ, г ГОРНО-АЛТАЙСК, ул СЕВЕРНАЯ, дом 10</legalAddress>
                            <postalAddress>649000 Республика Алтай, г.Горно-Алтайск, ул.Северная, д. 10</postalAddress>
                            <phone>8-38822-29493</phone>
                            <email>abakaev@minwork.gorny.ru</email>
                            <okato>84401000000</okato>
                            <okpo>00086065</okpo>
                        </mainInfo>
                    </organization>
                </ns2:contact>
                <ns2:publicationDateTime>2017-01-23T10:08:20</ns2:publicationDateTime>
                <ns2:documentationDelivery>
                    <deliveryStartDateTime>2017-01-01</deliveryStartDateTime>
                    <deliveryEndDateTime>2017-12-31</deliveryEndDateTime>
                    <place>г.Горно-Алтайск, ул.Северная, 10, г.Горно-Алтайск, ул.Чаптынова 20</place>
                </ns2:documentationDelivery>
                <ns2:status>P</ns2:status>
                <ns2:version>1</ns2:version>
                <ns2:notDishonest>true</ns2:notDishonest>
                <ns2:attachments>
                    <totalDocumentsCount>1</totalDocumentsCount>
                    <document>
                        <guid>7a77c36e-321e-47d0-88a3-3d053f958d95</guid>
                        <createDateTime>2017-01-23T07:08:07</createDateTime>
                        <fileName>Извещение.docx</fileName>
                        <description>Извещение</description>
                        <url>http://zakupki.gov.ru/223/purchase/public/download/download.html?id=28751849</url>
                    </document>
                </ns2:attachments>
                <ns2:modificationDate>2017-01-23T10:08:20</ns2:modificationDate>
                <ns2:saveUserId>172583</ns2:saveUserId>
                <ns2:deliveryPlaceIndication>DIFFERENT_PLACE</ns2:deliveryPlaceIndication>
                <ns2:emergency>false</ns2:emergency>
                <ns2:jointPurchase>false</ns2:jointPurchase>
                <ns2:lots>
                    <lot>
                        <guid>a7a9ae3e-e9ec-470f-a62b-5d109bb2d69f</guid>
                        <ordinalNumber>1</ordinalNumber>
                        <lotEditEnabled>false</lotEditEnabled>
                        <lotData>
                            <subject>Услуги по теплоснабжению и горячему водоснабжению</subject>
                            <currency>
                                <code>RUB</code>
                                <digitalCode>643</digitalCode>
                                <name>Российский рубль</name>
                            </currency>
                            <initialSum>740000.00</initialSum>
                            <deliveryPlace>
                                <state>Сибирский федеральный округ</state>
                                <region>Алтай Респ </region>
                                <regionOkato>84000000000</regionOkato>
                                <address>г.Горно-Алтайск, ул.Северная, 10, г.Горно-Алтайск, ул.Чаптынова 20</address>
                            </deliveryPlace>
                            <lotItems>
                                <newCodes>true</newCodes>
                                <lotItem>
                                    <guid>dc9b0c37-5809-4b03-9345-a7cc96648936</guid>
                                    <ordinalNumber>1</ordinalNumber>
                                    <okpd2>
                                        <code>35.30</code>
                                        <name>Услуги по снабжению паром и кондиционированию воздуха</name>
                                    </okpd2>
                                    <okved2>
                                        <code>35.3</code>
                                        <name>Производство, передача и распределение пара и горячей воды; кондиционирование воздуха</name>
                                    </okved2>
                                </lotItem>
                            </lotItems>
                            <forSmallOrMiddle>false</forSmallOrMiddle>
                            <excludePurchaseFromPlan>false</excludePurchaseFromPlan>
                            <subcontractorsRequirement>false</subcontractorsRequirement>
                            <ignoredPurchase>false</ignoredPurchase>
                            <centralized>false</centralized>
                        </lotData>
                        <deliveryPlaceIndication>GL</deliveryPlaceIndication>
                        <jointLotData>
                            <jointLot>false</jointLot>
                        </jointLotData>
                        <lotPlanInfo>
                            <planRegistrationNumber>2160201843</planRegistrationNumber>
                            <planGuid>a81f4188-dff9-4116-b48b-4f8499310413</planGuid>
                            <positionNumber>15</positionNumber>
                            <lotPlanPosition>COMMODITY</lotPlanPosition>
                            <positionGuid>ba3afe14-0261-4902-a5fa-87f530c9acb4</positionGuid>
                        </lotPlanInfo>
                        <cancelled>false</cancelled>
                    </lot>
                </ns2:lots>
            </ns2:purchaseNoticeEPData>
        </ns2:item>
    </ns2:body>
</ns2:purchaseNoticeEP>
