<?xml version="1.0" encoding="UTF-8" standalone="yes"?>
<ns2:purchaseNoticeEP xsi:schemaLocation="http://zakupki.gov.ru/223/integration/schema/TFF-5.2 http://zakupki.gov.ru/223/integration/schema/TFF-5.2/purchase.xsd" xmlns="http://zakupki.gov.ru/223fz/types/1" xmlns:ns10="http://zakupki.gov.ru/223fz/decisionSuspension/1" xmlns:ns11="http://zakupki.gov.ru/223fz/purchasePlanAdditionalPosition/1" xmlns:ns12="http://zakupki.gov.ru/223fz/complaint/1" xmlns:ns13="http://zakupki.gov.ru/223fz/notificationIssue/1" xmlns:ns14="http://zakupki.gov.ru/223fz/purchasePlanProject/1" xmlns:ns15="http://zakupki.gov.ru/223fz/purchasePlanProjectAdditionalPosition/1" xmlns:ns16="http://zakupki.gov.ru/223fz/disagreementProtocol/1" xmlns:ns17="http://zakupki.gov.ru/223fz/reference/1" xmlns:ns18="http://zakupki.gov.ru/223fz/stopCommodity/1" xmlns:ns19="http://zakupki.gov.ru/223fz/webRequest/1" xmlns:ns2="http://zakupki.gov.ru/223fz/purchase/1" xmlns:xsi="http://www.w3.org/2001/XMLSchema-instance" xmlns:ns3="http://zakupki.gov.ru/223fz/dishonestSupplier/1" xmlns:ns4="http://zakupki.gov.ru/223fz/machineryListInfo/1" xmlns:ns5="http://zakupki.gov.ru/223fz/purchasePlan/1" xmlns:ns6="http://zakupki.gov.ru/223fz/revenue/1" xmlns:ns7="http://zakupki.gov.ru/223fz/orderClauseList/1" xmlns:ns8="http://zakupki.gov.ru/223fz/contract/1" xmlns:ns9="http://zakupki.gov.ru/223fz/missedNotice/1">
    <header>
        <guid>8bc6ad2e-94b6-429a-b125-819caac4ee84</guid>
        <createDateTime>2017-01-23T07:30:23</createDateTime>
    </header>
    <ns2:body>
        <ns2:item>
            <guid>7858b3c7-0606-4165-8588-d6a1121f6985</guid>
            <ns2:purchaseNoticeEPData>
                <ns2:guid>7858b3c7-0606-4165-8588-d6a1121f6985</ns2:guid>
                <ns2:createDateTime>2017-01-23T10:26:30</ns2:createDateTime>
                <ns2:urlOOS>https://zakupki.gov.ru/223/purchase/private/purchase/notice-info/details.html?noticeInfoId=5641329</ns2:urlOOS>
                <ns2:registrationNumber>31704691695</ns2:registrationNumber>
                <ns2:name>Оказание услуг по размещению материалов в СМИ</ns2:name>
                <ns2:customer>
                    <mainInfo>
                        <fullName>ФЕДЕРАЛЬНОЕ БЮДЖЕТНОЕ  УЧРЕЖДЕНИЕ ЗДРАВООХРАНЕНИЯ "ЦЕНТР ГИГИЕНЫ И ЭПИДЕМИОЛОГИИ В РЕСПУБЛИКЕ АЛТАЙ"</fullName>
                        <shortName>ФБУЗ "ЦЕНТР ГИГИЕНЫ И ЭПИДЕМИОЛОГИИ В РЕСПУБЛИКЕ АЛТАЙ"</shortName>
                        <iko>80411121178041101001</iko>
                        <inn>0411121178</inn>
                        <kpp>041101001</kpp>
                        <ogrn>1050400746901</ogrn>
                        <legalAddress>649000, АЛТАЙ, ГОРНО-АЛТАЙСК, КОММУНИСТИЧЕСКИЙ, дом 173</legalAddress>
                        <postalAddress>649002, Республика Алтай, г.Горно-Алтайск, пр-т Коммунистический, 173</postalAddress>
                        <phone>7-38822-64227</phone>
                        <email>fguz_urist@mail.ru</email>
                        <okato>84401000000</okato>
                        <okpo>71549801</okpo>
                    </mainInfo>
                </ns2:customer>
                <ns2:purchaseMethodCode>3363</ns2:purchaseMethodCode>
                <ns2:purchaseCodeName>Закупка у единственного поставщика (исполнителя, подрядчика)</ns2:purchaseCodeName>
                <ns2:placer>
                    <mainInfo>
                        <fullName>ФЕДЕРАЛЬНОЕ БЮДЖЕТНОЕ  УЧРЕЖДЕНИЕ ЗДРАВООХРАНЕНИЯ "ЦЕНТР ГИГИЕНЫ И ЭПИДЕМИОЛОГИИ В РЕСПУБЛИКЕ АЛТАЙ"</fullName>
                        <shortName>ФБУЗ "ЦЕНТР ГИГИЕНЫ И ЭПИДЕМИОЛОГИИ В РЕСПУБЛИКЕ АЛТАЙ"</shortName>
                        <iko>80411121178041101001</iko>
                        <inn>0411121178</inn>
                        <kpp>041101001</kpp>
                        <ogrn>1050400746901</ogrn>
                        <legalAddress>649000, АЛТАЙ, ГОРНО-АЛТАЙСК, КОММУНИСТИЧЕСКИЙ, дом 173</legalAddress>
                        <postalAddress>649002, Республика Алтай, г.Горно-Алтайск, пр-т Коммунистический, 173</postalAddress>
                        <phone>7-38822-64227</phone>
                        <email>fguz_urist@mail.ru</email>
                        <okato>84401000000</okato>
                        <okpo>71549801</okpo>
                    </mainInfo>
                </ns2:placer>
                <ns2:contact>
                    <firstName>Эмилия</firstName>
                    <middleName>Викторовна</middleName>
                    <lastName>Качкышева</lastName>
                    <phone>+7 (38822) 48441</phone>
                    <email>fguz_urist@mail.ru</email>
                    <organization>
                        <mainInfo>
                            <fullName>ФЕДЕРАЛЬНОЕ БЮДЖЕТНОЕ  УЧРЕЖДЕНИЕ ЗДРАВООХРАНЕНИЯ "ЦЕНТР ГИГИЕНЫ И ЭПИДЕМИОЛОГИИ В РЕСПУБЛИКЕ АЛТАЙ"</fullName>
                            <shortName>ФБУЗ "ЦЕНТР ГИГИЕНЫ И ЭПИДЕМИОЛОГИИ В РЕСПУБЛИКЕ АЛТАЙ"</shortName>
                            <iko>80411121178041101001</iko>
                            <inn>0411121178</inn>
                            <kpp>041101001</kpp>
                            <ogrn>1050400746901</ogrn>
                            <legalAddress>649000, АЛТАЙ, ГОРНО-АЛТАЙСК, КОММУНИСТИЧЕСКИЙ, дом 173</legalAddress>
                            <postalAddress>649002, Республика Алтай, г.Горно-Алтайск, пр-т Коммунистический, 173</postalAddress>
                            <phone>7-38822-64227</phone>
                            <email>fguz_urist@mail.ru</email>
                            <okato>84401000000</okato>
                            <okpo>71549801</okpo>
                        </mainInfo>
                    </organization>
                </ns2:contact>
                <ns2:publicationDateTime>2017-01-23T10:30:23</ns2:publicationDateTime>
                <ns2:documentationDelivery/>
                <ns2:status>P</ns2:status>
                <ns2:version>1</ns2:version>
                <ns2:notDishonest>true</ns2:notDishonest>
                <ns2:attachments>
                    <totalDocumentsCount>2</totalDocumentsCount>
                    <document>
                        <guid>a7359c9c-c1d7-424b-b64f-38e8b95509a4</guid>
                        <createDateTime>2017-01-23T07:29:54</createDateTime>
                        <fileName>проект договора.doc</fileName>
                        <description>проект договора</description>
                        <url>http://zakupki.gov.ru/223/purchase/public/download/download.html?id=28752260</url>
                    </document>
                    <document>
                        <guid>c1167020-e2b3-43d3-84a9-7eba6ec6915c</guid>
                        <createDateTime>2017-01-23T07:29:47</createDateTime>
                        <fileName>Документация.doc</fileName>
                        <description>Документация</description>
                        <url>http://zakupki.gov.ru/223/purchase/public/download/download.html?id=28752254</url>
                    </document>
                </ns2:attachments>
                <ns2:modificationDate>2017-01-23T10:30:23</ns2:modificationDate>
                <ns2:saveUserId>104273</ns2:saveUserId>
                <ns2:deliveryPlaceIndication>DIFFERENT_PLACE</ns2:deliveryPlaceIndication>
                <ns2:emergency>false</ns2:emergency>
                <ns2:jointPurchase>false</ns2:jointPurchase>
                <ns2:lots>
                    <lot>
                        <guid>f314c4ef-d1a8-40a7-b4fb-47dc81c2439e</guid>
                        <ordinalNumber>1</ordinalNumber>
                        <lotEditEnabled>false</lotEditEnabled>
                        <lotData>
                            <subject>Оказание услуг по размещению материалов в СМИ</subject>
                            <currency>
                                <code>RUB</code>
                                <digitalCode>643</digitalCode>
                                <name>Российский рубль</name>
                            </currency>
                            <initialSum>20000.00</initialSum>
                            <deliveryPlace>
                                <state>Сибирский федеральный округ</state>
                                <region>Алтай Респ </region>
                                <regionOkato>84000000000</regionOkato>
                                <address>г. Горно-Алтайск</address>
                            </deliveryPlace>
                            <lotItems>
                                <newCodes>true</newCodes>
                                <lotItem>
                                    <guid>11bd27c9-13c0-4a6e-8c8c-2afa85ef1ddc</guid>
                                    <ordinalNumber>1</ordinalNumber>
                                    <okpd2>
                                        <code>58.13.10.000</code>
                                        <name>Газеты печатные</name>
                                    </okpd2>
                                    <okved2>
                                        <code>58.13.1</code>
                                        <name>Издание газет в печатном виде</name>
                                    </okved2>
                                    <okei>
                                        <code>876</code>
                                        <name>Условная единица</name>
                                    </okei>
                                    <qty>1</qty>
                                </lotItem>
                            </lotItems>
                            <forSmallOrMiddle>false</forSmallOrMiddle>
                            <excludePurchaseFromPlan>false</excludePurchaseFromPlan>
                            <subcontractorsRequirement>false</subcontractorsRequirement>
                            <ignoredPurchase>false</ignoredPurchase>
                            <centralized>false</centralized>
                        </lotData>
                        <deliveryPlaceIndication>GL</deliveryPlaceIndication>
                        <jointLotData>
                            <jointLot>false</jointLot>
                        </jointLotData>
                        <lotPlanInfo>
                            <planRegistrationNumber>2160215038</planRegistrationNumber>
                            <planGuid>672a4da2-17c2-40ca-a0f8-4438e1539c88</planGuid>
                            <positionNumber>24</positionNumber>
                            <lotPlanPosition>COMMODITY</lotPlanPosition>
                            <positionGuid>f00fe343-5e66-4a61-90aa-14d19966192a</positionGuid>
                        </lotPlanInfo>
                        <cancelled>false</cancelled>
                    </lot>
                </ns2:lots>
            </ns2:purchaseNoticeEPData>
        </ns2:item>
    </ns2:body>
</ns2:purchaseNoticeEP>
