<?xml version="1.0" encoding="UTF-8" standalone="yes"?>
<ns2:purchaseNoticeEP xsi:schemaLocation="http://zakupki.gov.ru/223/integration/schema/TFF-5.2 http://zakupki.gov.ru/223/integration/schema/TFF-5.2/purchase.xsd" xmlns="http://zakupki.gov.ru/223fz/types/1" xmlns:ns10="http://zakupki.gov.ru/223fz/decisionSuspension/1" xmlns:ns11="http://zakupki.gov.ru/223fz/purchasePlanAdditionalPosition/1" xmlns:ns12="http://zakupki.gov.ru/223fz/complaint/1" xmlns:ns13="http://zakupki.gov.ru/223fz/notificationIssue/1" xmlns:ns14="http://zakupki.gov.ru/223fz/purchasePlanProject/1" xmlns:ns15="http://zakupki.gov.ru/223fz/purchasePlanProjectAdditionalPosition/1" xmlns:ns16="http://zakupki.gov.ru/223fz/disagreementProtocol/1" xmlns:ns17="http://zakupki.gov.ru/223fz/reference/1" xmlns:ns18="http://zakupki.gov.ru/223fz/stopCommodity/1" xmlns:ns19="http://zakupki.gov.ru/223fz/webRequest/1" xmlns:ns2="http://zakupki.gov.ru/223fz/purchase/1" xmlns:xsi="http://www.w3.org/2001/XMLSchema-instance" xmlns:ns3="http://zakupki.gov.ru/223fz/dishonestSupplier/1" xmlns:ns4="http://zakupki.gov.ru/223fz/machineryListInfo/1" xmlns:ns5="http://zakupki.gov.ru/223fz/purchasePlan/1" xmlns:ns6="http://zakupki.gov.ru/223fz/revenue/1" xmlns:ns7="http://zakupki.gov.ru/223fz/orderClauseList/1" xmlns:ns8="http://zakupki.gov.ru/223fz/contract/1" xmlns:ns9="http://zakupki.gov.ru/223fz/missedNotice/1">
    <header>
        <guid>2f4380b4-b226-477d-b5d6-39860021338e</guid>
        <createDateTime>2017-01-23T06:18:14</createDateTime>
    </header>
    <ns2:body>
        <ns2:item>
            <guid>5dc9a436-fa71-4efa-a3b1-26fd63aad22c</guid>
            <ns2:purchaseNoticeEPData>
                <ns2:guid>5dc9a436-fa71-4efa-a3b1-26fd63aad22c</ns2:guid>
                <ns2:createDateTime>2017-01-23T09:14:48</ns2:createDateTime>
                <ns2:urlOOS>https://zakupki.gov.ru/223/purchase/private/purchase/notice-info/details.html?noticeInfoId=5641046</ns2:urlOOS>
                <ns2:registrationNumber>31704691472</ns2:registrationNumber>
                <ns2:name>Оказание услуг по размещению материалов в средствах массовой информации</ns2:name>
                <ns2:customer>
                    <mainInfo>
                        <fullName>ФЕДЕРАЛЬНОЕ БЮДЖЕТНОЕ  УЧРЕЖДЕНИЕ ЗДРАВООХРАНЕНИЯ "ЦЕНТР ГИГИЕНЫ И ЭПИДЕМИОЛОГИИ В РЕСПУБЛИКЕ АЛТАЙ"</fullName>
                        <shortName>ФБУЗ "ЦЕНТР ГИГИЕНЫ И ЭПИДЕМИОЛОГИИ В РЕСПУБЛИКЕ АЛТАЙ"</shortName>
                        <iko>80411121178041101001</iko>
                        <inn>0411121178</inn>
                        <kpp>041101001</kpp>
                        <ogrn>1050400746901</ogrn>
                        <legalAddress>649000, АЛТАЙ, ГОРНО-АЛТАЙСК, КОММУНИСТИЧЕСКИЙ, дом 173</legalAddress>
                        <postalAddress>649002, Республика Алтай, г.Горно-Алтайск, пр-т Коммунистический, 173</postalAddress>
                        <phone>7-38822-64227</phone>
                        <email>fguz_urist@mail.ru</email>
                        <okato>84401000000</okato>
                        <okpo>71549801</okpo>
                    </mainInfo>
                </ns2:customer>
                <ns2:purchaseMethodCode>3363</ns2:purchaseMethodCode>
                <ns2:purchaseCodeName>Закупка у единственного поставщика (исполнителя, подрядчика)</ns2:purchaseCodeName>
                <ns2:placer>
                    <mainInfo>
                        <fullName>ФЕДЕРАЛЬНОЕ БЮДЖЕТНОЕ  УЧРЕЖДЕНИЕ ЗДРАВООХРАНЕНИЯ "ЦЕНТР ГИГИЕНЫ И ЭПИДЕМИОЛОГИИ В РЕСПУБЛИКЕ АЛТАЙ"</fullName>
                        <shortName>ФБУЗ "ЦЕНТР ГИГИЕНЫ И ЭПИДЕМИОЛОГИИ В РЕСПУБЛИКЕ АЛТАЙ"</shortName>
                        <iko>80411121178041101001</iko>
                        <inn>0411121178</inn>
                        <kpp>041101001</kpp>
                        <ogrn>1050400746901</ogrn>
                        <legalAddress>649000, АЛТАЙ, ГОРНО-АЛТАЙСК, КОММУНИСТИЧЕСКИЙ, дом 173</legalAddress>
                        <postalAddress>649002, Республика Алтай, г.Горно-Алтайск, пр-т Коммунистический, 173</postalAddress>
                        <phone>7-38822-64227</phone>
                        <email>fguz_urist@mail.ru</email>
                        <okato>84401000000</okato>
                        <okpo>71549801</okpo>
                    </mainInfo>
                </ns2:placer>
                <ns2:contact>
                    <firstName>Эмилия</firstName>
                    <middleName>Викторовна</middleName>
                    <lastName>Качкышева</lastName>
                    <phone>+7 (38822) 48441</phone>
                    <email>fguz_urist@mail.ru</email>
                    <organization>
                        <mainInfo>
                            <fullName>ФЕДЕРАЛЬНОЕ БЮДЖЕТНОЕ  УЧРЕЖДЕНИЕ ЗДРАВООХРАНЕНИЯ "ЦЕНТР ГИГИЕНЫ И ЭПИДЕМИОЛОГИИ В РЕСПУБЛИКЕ АЛТАЙ"</fullName>
                            <shortName>ФБУЗ "ЦЕНТР ГИГИЕНЫ И ЭПИДЕМИОЛОГИИ В РЕСПУБЛИКЕ АЛТАЙ"</shortName>
                            <iko>80411121178041101001</iko>
                            <inn>0411121178</inn>
                            <kpp>041101001</kpp>
                            <ogrn>1050400746901</ogrn>
                            <legalAddress>649000, АЛТАЙ, ГОРНО-АЛТАЙСК, КОММУНИСТИЧЕСКИЙ, дом 173</legalAddress>
                            <postalAddress>649002, Республика Алтай, г.Горно-Алтайск, пр-т Коммунистический, 173</postalAddress>
                            <phone>7-38822-64227</phone>
                            <email>fguz_urist@mail.ru</email>
                            <okato>84401000000</okato>
                            <okpo>71549801</okpo>
                        </mainInfo>
                    </organization>
                </ns2:contact>
                <ns2:publicationDateTime>2017-01-23T09:18:14</ns2:publicationDateTime>
                <ns2:documentationDelivery/>
                <ns2:status>P</ns2:status>
                <ns2:version>1</ns2:version>
                <ns2:notDishonest>true</ns2:notDishonest>
                <ns2:attachments>
                    <totalDocumentsCount>2</totalDocumentsCount>
                    <document>
                        <guid>f31bcf35-f022-4b63-978f-3a14c4c11f33</guid>
                        <createDateTime>2017-01-23T06:17:44</createDateTime>
                        <fileName>Документация.doc</fileName>
                        <description>Документация</description>
                        <url>http://zakupki.gov.ru/223/purchase/public/download/download.html?id=28751062</url>
                    </document>
                    <document>
                        <guid>bc0f4444-9538-460d-8712-59c779003536</guid>
                        <createDateTime>2017-01-23T06:17:54</createDateTime>
                        <fileName>проект договора.doc</fileName>
                        <description>проект договора</description>
                        <url>http://zakupki.gov.ru/223/purchase/public/download/download.html?id=28751064</url>
                    </document>
                </ns2:attachments>
                <ns2:modificationDate>2017-01-23T09:18:14</ns2:modificationDate>
                <ns2:saveUserId>104273</ns2:saveUserId>
                <ns2:deliveryPlaceIndication>DIFFERENT_PLACE</ns2:deliveryPlaceIndication>
                <ns2:emergency>false</ns2:emergency>
                <ns2:jointPurchase>false</ns2:jointPurchase>
                <ns2:lots>
                    <lot>
                        <guid>468d1501-4f14-4bc9-90f0-4066b6782b96</guid>
                        <ordinalNumber>1</ordinalNumber>
                        <lotEditEnabled>false</lotEditEnabled>
                        <lotData>
                            <subject>оказание услуг по размещению материалов в СМИ</subject>
                            <currency>
                                <code>RUB</code>
                                <digitalCode>643</digitalCode>
                                <name>Российский рубль</name>
                            </currency>
                            <initialSum>10000.00</initialSum>
                            <deliveryPlace>
                                <state>Сибирский федеральный округ</state>
                                <region>Алтай Респ </region>
                                <regionOkato>84000000000</regionOkato>
                                <address>с. Усть-Кокса</address>
                            </deliveryPlace>
                            <lotItems>
                                <newCodes>true</newCodes>
                                <lotItem>
                                    <guid>f30cd7dc-4c18-4bd6-b519-d0fab641343f</guid>
                                    <ordinalNumber>1</ordinalNumber>
                                    <okpd2>
                                        <code>58.13.10.000</code>
                                        <name>Газеты печатные</name>
                                    </okpd2>
                                    <okved2>
                                        <code>58.13.1</code>
                                        <name>Издание газет в печатном виде</name>
                                    </okved2>
                                    <okei>
                                        <code>876</code>
                                        <name>Условная единица</name>
                                    </okei>
                                    <qty>1</qty>
                                </lotItem>
                            </lotItems>
                            <forSmallOrMiddle>false</forSmallOrMiddle>
                            <excludePurchaseFromPlan>false</excludePurchaseFromPlan>
                            <subcontractorsRequirement>false</subcontractorsRequirement>
                            <ignoredPurchase>false</ignoredPurchase>
                            <centralized>false</centralized>
                        </lotData>
                        <deliveryPlaceIndication>GL</deliveryPlaceIndication>
                        <jointLotData>
                            <jointLot>false</jointLot>
                        </jointLotData>
                        <lotPlanInfo>
                            <planRegistrationNumber>2160215038</planRegistrationNumber>
                            <planGuid>672a4da2-17c2-40ca-a0f8-4438e1539c88</planGuid>
                            <positionNumber>23</positionNumber>
                            <lotPlanPosition>COMMODITY</lotPlanPosition>
                            <positionGuid>ea2d336f-3901-437c-b605-b1ed99f3cdff</positionGuid>
                        </lotPlanInfo>
                        <cancelled>false</cancelled>
                    </lot>
                </ns2:lots>
            </ns2:purchaseNoticeEPData>
        </ns2:item>
    </ns2:body>
</ns2:purchaseNoticeEP>
