<?xml version="1.0" encoding="UTF-8" standalone="yes"?>
<ns2:purchaseNoticeEP xsi:schemaLocation="http://zakupki.gov.ru/223/integration/schema/TFF-5.2 http://zakupki.gov.ru/223/integration/schema/TFF-5.2/purchase.xsd" xmlns="http://zakupki.gov.ru/223fz/types/1" xmlns:ns10="http://zakupki.gov.ru/223fz/decisionSuspension/1" xmlns:ns11="http://zakupki.gov.ru/223fz/purchasePlanAdditionalPosition/1" xmlns:ns12="http://zakupki.gov.ru/223fz/complaint/1" xmlns:ns13="http://zakupki.gov.ru/223fz/notificationIssue/1" xmlns:ns14="http://zakupki.gov.ru/223fz/purchasePlanProject/1" xmlns:ns15="http://zakupki.gov.ru/223fz/purchasePlanProjectAdditionalPosition/1" xmlns:ns16="http://zakupki.gov.ru/223fz/disagreementProtocol/1" xmlns:ns17="http://zakupki.gov.ru/223fz/reference/1" xmlns:ns18="http://zakupki.gov.ru/223fz/stopCommodity/1" xmlns:ns19="http://zakupki.gov.ru/223fz/webRequest/1" xmlns:ns2="http://zakupki.gov.ru/223fz/purchase/1" xmlns:xsi="http://www.w3.org/2001/XMLSchema-instance" xmlns:ns3="http://zakupki.gov.ru/223fz/dishonestSupplier/1" xmlns:ns4="http://zakupki.gov.ru/223fz/machineryListInfo/1" xmlns:ns5="http://zakupki.gov.ru/223fz/purchasePlan/1" xmlns:ns6="http://zakupki.gov.ru/223fz/revenue/1" xmlns:ns7="http://zakupki.gov.ru/223fz/orderClauseList/1" xmlns:ns8="http://zakupki.gov.ru/223fz/contract/1" xmlns:ns9="http://zakupki.gov.ru/223fz/missedNotice/1">
    <header>
        <guid>43ab1bd1-e28a-4d71-a70f-62f96e607946</guid>
        <createDateTime>2017-01-23T05:18:52</createDateTime>
    </header>
    <ns2:body>
        <ns2:item>
            <guid>7ed3a2cc-69c6-46ea-9c5a-4884f138fa99</guid>
            <ns2:purchaseNoticeEPData>
                <ns2:guid>7ed3a2cc-69c6-46ea-9c5a-4884f138fa99</ns2:guid>
                <ns2:createDateTime>2017-01-23T08:07:17</ns2:createDateTime>
                <ns2:urlOOS>https://zakupki.gov.ru/223/purchase/private/purchase/notice-info/details.html?noticeInfoId=5640926</ns2:urlOOS>
                <ns2:registrationNumber>31704691383</ns2:registrationNumber>
                <ns2:name>Поставка канцелярских товаров</ns2:name>
                <ns2:customer>
                    <mainInfo>
                        <fullName>ФЕДЕРАЛЬНОЕ БЮДЖЕТНОЕ  УЧРЕЖДЕНИЕ ЗДРАВООХРАНЕНИЯ "ЦЕНТР ГИГИЕНЫ И ЭПИДЕМИОЛОГИИ В РЕСПУБЛИКЕ АЛТАЙ"</fullName>
                        <shortName>ФБУЗ "ЦЕНТР ГИГИЕНЫ И ЭПИДЕМИОЛОГИИ В РЕСПУБЛИКЕ АЛТАЙ"</shortName>
                        <iko>80411121178041101001</iko>
                        <inn>0411121178</inn>
                        <kpp>041101001</kpp>
                        <ogrn>1050400746901</ogrn>
                        <legalAddress>649000, АЛТАЙ, ГОРНО-АЛТАЙСК, КОММУНИСТИЧЕСКИЙ, дом 173</legalAddress>
                        <postalAddress>649002, Республика Алтай, г.Горно-Алтайск, пр-т Коммунистический, 173</postalAddress>
                        <phone>7-38822-64227</phone>
                        <email>fguz_urist@mail.ru</email>
                        <okato>84401000000</okato>
                        <okpo>71549801</okpo>
                    </mainInfo>
                </ns2:customer>
                <ns2:purchaseMethodCode>3363</ns2:purchaseMethodCode>
                <ns2:purchaseCodeName>Закупка у единственного поставщика (исполнителя, подрядчика)</ns2:purchaseCodeName>
                <ns2:placer>
                    <mainInfo>
                        <fullName>ФЕДЕРАЛЬНОЕ БЮДЖЕТНОЕ  УЧРЕЖДЕНИЕ ЗДРАВООХРАНЕНИЯ "ЦЕНТР ГИГИЕНЫ И ЭПИДЕМИОЛОГИИ В РЕСПУБЛИКЕ АЛТАЙ"</fullName>
                        <shortName>ФБУЗ "ЦЕНТР ГИГИЕНЫ И ЭПИДЕМИОЛОГИИ В РЕСПУБЛИКЕ АЛТАЙ"</shortName>
                        <iko>80411121178041101001</iko>
                        <inn>0411121178</inn>
                        <kpp>041101001</kpp>
                        <ogrn>1050400746901</ogrn>
                        <legalAddress>649000, АЛТАЙ, ГОРНО-АЛТАЙСК, КОММУНИСТИЧЕСКИЙ, дом 173</legalAddress>
                        <postalAddress>649002, Республика Алтай, г.Горно-Алтайск, пр-т Коммунистический, 173</postalAddress>
                        <phone>7-38822-64227</phone>
                        <email>fguz_urist@mail.ru</email>
                        <okato>84401000000</okato>
                        <okpo>71549801</okpo>
                    </mainInfo>
                </ns2:placer>
                <ns2:contact>
                    <firstName>Эмилия</firstName>
                    <middleName>Викторовна</middleName>
                    <lastName>Качкышева</lastName>
                    <phone>+7 (3822) 48441</phone>
                    <email>fguz_urist@mail.ru</email>
                    <organization>
                        <mainInfo>
                            <fullName>ФЕДЕРАЛЬНОЕ БЮДЖЕТНОЕ  УЧРЕЖДЕНИЕ ЗДРАВООХРАНЕНИЯ "ЦЕНТР ГИГИЕНЫ И ЭПИДЕМИОЛОГИИ В РЕСПУБЛИКЕ АЛТАЙ"</fullName>
                            <shortName>ФБУЗ "ЦЕНТР ГИГИЕНЫ И ЭПИДЕМИОЛОГИИ В РЕСПУБЛИКЕ АЛТАЙ"</shortName>
                            <iko>80411121178041101001</iko>
                            <inn>0411121178</inn>
                            <kpp>041101001</kpp>
                            <ogrn>1050400746901</ogrn>
                            <legalAddress>649000, АЛТАЙ, ГОРНО-АЛТАЙСК, КОММУНИСТИЧЕСКИЙ, дом 173</legalAddress>
                            <postalAddress>649002, Республика Алтай, г.Горно-Алтайск, пр-т Коммунистический, 173</postalAddress>
                            <phone>7-38822-64227</phone>
                            <email>fguz_urist@mail.ru</email>
                            <okato>84401000000</okato>
                            <okpo>71549801</okpo>
                        </mainInfo>
                    </organization>
                </ns2:contact>
                <ns2:publicationDateTime>2017-01-23T08:18:52</ns2:publicationDateTime>
                <ns2:documentationDelivery/>
                <ns2:status>P</ns2:status>
                <ns2:version>1</ns2:version>
                <ns2:notDishonest>true</ns2:notDishonest>
                <ns2:attachments>
                    <totalDocumentsCount>2</totalDocumentsCount>
                    <document>
                        <guid>2c9446e1-33b4-4848-9b26-33de67f50710</guid>
                        <createDateTime>2017-01-23T05:18:14</createDateTime>
                        <fileName>Документация.doc</fileName>
                        <description>Документация</description>
                        <url>http://zakupki.gov.ru/223/purchase/public/download/download.html?id=28750530</url>
                    </document>
                    <document>
                        <guid>657b38e8-2803-4dc8-a7c5-fb0bf946741b</guid>
                        <createDateTime>2017-01-23T05:18:23</createDateTime>
                        <fileName>проект договора.doc</fileName>
                        <description>проект договора</description>
                        <url>http://zakupki.gov.ru/223/purchase/public/download/download.html?id=28750533</url>
                    </document>
                </ns2:attachments>
                <ns2:modificationDate>2017-01-23T08:18:52</ns2:modificationDate>
                <ns2:saveUserId>104273</ns2:saveUserId>
                <ns2:deliveryPlaceIndication>DIFFERENT_PLACE</ns2:deliveryPlaceIndication>
                <ns2:emergency>false</ns2:emergency>
                <ns2:jointPurchase>false</ns2:jointPurchase>
                <ns2:lots>
                    <lot>
                        <guid>51455921-d657-4fcb-a5e4-ff27a3cfbae1</guid>
                        <ordinalNumber>1</ordinalNumber>
                        <lotEditEnabled>false</lotEditEnabled>
                        <lotData>
                            <subject>поставка канцелярских товаров</subject>
                            <currency>
                                <code>RUB</code>
                                <digitalCode>643</digitalCode>
                                <name>Российский рубль</name>
                            </currency>
                            <initialSum>100000.00</initialSum>
                            <deliveryPlace>
                                <state>Сибирский федеральный округ</state>
                                <region>Алтай Респ </region>
                                <regionOkato>84000000000</regionOkato>
                                <address>г. Горно-Алтайск</address>
                            </deliveryPlace>
                            <lotItems>
                                <newCodes>true</newCodes>
                                <lotItem>
                                    <guid>8661a46f-5ae2-4e99-b8c9-d6b15c1f7cbb</guid>
                                    <ordinalNumber>1</ordinalNumber>
                                    <okpd2>
                                        <code>32.99.15.110</code>
                                        <name>Карандаши простые и цветные с грифелями в твердой оболочке</name>
                                    </okpd2>
                                    <okved2>
                                        <code>32.99</code>
                                        <name>Производство прочих готовых изделий, не включенных в другие группировки</name>
                                    </okved2>
                                    <okei>
                                        <code>796</code>
                                        <name>Штука</name>
                                    </okei>
                                    <qty>50</qty>
                                </lotItem>
                                <lotItem>
                                    <guid>dcd96fc8-189c-47f0-b12a-a48f799f6276</guid>
                                    <ordinalNumber>2</ordinalNumber>
                                    <okpd2>
                                        <code>32.99.12.120</code>
                                        <name>Ручки и маркеры с наконечником из фетра и прочих пористых материалов</name>
                                    </okpd2>
                                    <okved2>
                                        <code>32.99</code>
                                        <name>Производство прочих готовых изделий, не включенных в другие группировки</name>
                                    </okved2>
                                    <okei>
                                        <code>796</code>
                                        <name>Штука</name>
                                    </okei>
                                    <qty>50</qty>
                                </lotItem>
                                <lotItem>
                                    <guid>c6c4ba6a-deb0-44d1-86cb-36b850f4e8f9</guid>
                                    <ordinalNumber>3</ordinalNumber>
                                    <okpd2>
                                        <code>22.29.25.000</code>
                                        <name>Принадлежности канцелярские или школьные пластмассовые</name>
                                    </okpd2>
                                    <okved2>
                                        <code>22.29</code>
                                        <name>Производство прочих пластмассовых изделий</name>
                                    </okved2>
                                    <okei>
                                        <code>796</code>
                                        <name>Штука</name>
                                    </okei>
                                    <qty>20</qty>
                                </lotItem>
                                <lotItem>
                                    <guid>0ea20a94-04b5-49de-9ac4-382972a88eba</guid>
                                    <ordinalNumber>4</ordinalNumber>
                                    <okpd2>
                                        <code>22.29.25.000</code>
                                        <name>Принадлежности канцелярские или школьные пластмассовые</name>
                                    </okpd2>
                                    <okved2>
                                        <code>22.29</code>
                                        <name>Производство прочих пластмассовых изделий</name>
                                    </okved2>
                                    <okei>
                                        <code>796</code>
                                        <name>Штука</name>
                                    </okei>
                                    <qty>100</qty>
                                </lotItem>
                                <lotItem>
                                    <guid>6b008e27-442c-4aa8-861d-1e0db32a1db2</guid>
                                    <ordinalNumber>5</ordinalNumber>
                                    <okpd2>
                                        <code>25.99.29.190</code>
                                        <name>Изделия прочие из недрагоценных металлов, не включенные в другие группировки</name>
                                    </okpd2>
                                    <okved2>
                                        <code>25.99</code>
                                        <name>Производство прочих готовых металлических изделий, не включенных в другие группировки</name>
                                    </okved2>
                                    <okei>
                                        <code>796</code>
                                        <name>Штука</name>
                                    </okei>
                                    <qty>10</qty>
                                </lotItem>
                                <lotItem>
                                    <guid>4a90e872-a592-4feb-813b-7abf66302bad</guid>
                                    <ordinalNumber>6</ordinalNumber>
                                    <okpd2>
                                        <code>32.99.12.110</code>
                                        <name>Ручки шариковые</name>
                                    </okpd2>
                                    <okved2>
                                        <code>32.99</code>
                                        <name>Производство прочих готовых изделий, не включенных в другие группировки</name>
                                    </okved2>
                                    <okei>
                                        <code>796</code>
                                        <name>Штука</name>
                                    </okei>
                                    <qty>50</qty>
                                </lotItem>
                                <lotItem>
                                    <guid>9f1d326e-e802-4ee1-862c-cf2627df4075</guid>
                                    <ordinalNumber>7</ordinalNumber>
                                    <okpd2>
                                        <code>17.12.73.110</code>
                                        <name>Бумага мелованная для печати</name>
                                    </okpd2>
                                    <okved2>
                                        <code>17.12</code>
                                        <name>Производство бумаги и картона</name>
                                    </okved2>
                                    <okei>
                                        <code>796</code>
                                        <name>Штука</name>
                                    </okei>
                                    <qty>1300</qty>
                                </lotItem>
                                <lotItem>
                                    <guid>f64b3707-8d48-408d-aed8-35db8be79e02</guid>
                                    <ordinalNumber>8</ordinalNumber>
                                    <okpd2>
                                        <code>32.99.12.110</code>
                                        <name>Ручки шариковые</name>
                                    </okpd2>
                                    <okved2>
                                        <code>32.99</code>
                                        <name>Производство прочих готовых изделий, не включенных в другие группировки</name>
                                    </okved2>
                                    <okei>
                                        <code>796</code>
                                        <name>Штука</name>
                                    </okei>
                                    <qty>390</qty>
                                </lotItem>
                                <lotItem>
                                    <guid>ab964d82-2ec0-407e-88df-db0ddb764612</guid>
                                    <ordinalNumber>9</ordinalNumber>
                                    <okpd2>
                                        <code>22.29.25.000</code>
                                        <name>Принадлежности канцелярские или школьные пластмассовые</name>
                                    </okpd2>
                                    <okved2>
                                        <code>22.29</code>
                                        <name>Производство прочих пластмассовых изделий</name>
                                    </okved2>
                                    <okei>
                                        <code>796</code>
                                        <name>Штука</name>
                                    </okei>
                                    <qty>70</qty>
                                </lotItem>
                                <lotItem>
                                    <guid>fab4536d-6d9b-4dea-a94c-f02eb47be57e</guid>
                                    <ordinalNumber>10</ordinalNumber>
                                    <okpd2>
                                        <code>17.23.13.199</code>
                                        <name>Принадлежности канцелярские прочие из бумаги или картона, не включенные в другие группировки</name>
                                    </okpd2>
                                    <okved2>
                                        <code>17.23</code>
                                        <name>Производство бумажных канцелярских принадлежностей</name>
                                    </okved2>
                                    <okei>
                                        <code>796</code>
                                        <name>Штука</name>
                                    </okei>
                                    <qty>100</qty>
                                </lotItem>
                                <lotItem>
                                    <guid>9d7f882f-0e96-4bbe-b666-d851ea206c53</guid>
                                    <ordinalNumber>11</ordinalNumber>
                                    <okpd2>
                                        <code>17.23.11.150</code>
                                        <name>Бумага клейкая или гуммированная</name>
                                    </okpd2>
                                    <okved2>
                                        <code>17.23</code>
                                        <name>Производство бумажных канцелярских принадлежностей</name>
                                    </okved2>
                                    <okei>
                                        <code>796</code>
                                        <name>Штука</name>
                                    </okei>
                                    <qty>200</qty>
                                </lotItem>
                                <lotItem>
                                    <guid>8985c6b4-b126-4810-9781-d15960f19a62</guid>
                                    <ordinalNumber>12</ordinalNumber>
                                    <okpd2>
                                        <code>17.23.13.130</code>
                                        <name>Скоросшиватели (папки) из бумаги или картона</name>
                                    </okpd2>
                                    <okved2>
                                        <code>17.23</code>
                                        <name>Производство бумажных канцелярских принадлежностей</name>
                                    </okved2>
                                    <okei>
                                        <code>796</code>
                                        <name>Штука</name>
                                    </okei>
                                    <qty>500</qty>
                                </lotItem>
                                <lotItem>
                                    <guid>4a9a80b7-fd5c-4168-ab46-27bf9ce33feb</guid>
                                    <ordinalNumber>13</ordinalNumber>
                                    <okpd2>
                                        <code>17.23.13.130</code>
                                        <name>Скоросшиватели (папки) из бумаги или картона</name>
                                    </okpd2>
                                    <okved2>
                                        <code>17.23</code>
                                        <name>Производство бумажных канцелярских принадлежностей</name>
                                    </okved2>
                                    <okei>
                                        <code>796</code>
                                        <name>Штука</name>
                                    </okei>
                                    <qty>500</qty>
                                </lotItem>
                                <lotItem>
                                    <guid>42a01971-530a-4264-b957-47a304967f19</guid>
                                    <ordinalNumber>14</ordinalNumber>
                                    <okpd2>
                                        <code>25.93.14.140</code>
                                        <name>Скобы и аналогичные изделия</name>
                                    </okpd2>
                                    <okved2>
                                        <code>25.93</code>
                                        <name>Производство изделий из проволоки, цепей и пружин</name>
                                    </okved2>
                                    <okei>
                                        <code>778</code>
                                        <name>Упаковка</name>
                                    </okei>
                                    <qty>150</qty>
                                </lotItem>
                                <lotItem>
                                    <guid>cf56bc4d-c04d-4b48-93e9-9a67d2211347</guid>
                                    <ordinalNumber>15</ordinalNumber>
                                    <okpd2>
                                        <code>25.93.14.140</code>
                                        <name>Скобы и аналогичные изделия</name>
                                    </okpd2>
                                    <okved2>
                                        <code>25.93</code>
                                        <name>Производство изделий из проволоки, цепей и пружин</name>
                                    </okved2>
                                    <okei>
                                        <code>778</code>
                                        <name>Упаковка</name>
                                    </okei>
                                    <qty>50</qty>
                                </lotItem>
                                <lotItem>
                                    <guid>1eb058b0-465d-47b8-b918-43afcb6fa970</guid>
                                    <ordinalNumber>16</ordinalNumber>
                                    <okpd2>
                                        <code>25.99.23.000</code>
                                        <name>Детали для скоросшивателей или папок, канцелярские зажимы и аналогичные канцелярские изделия и скобы в виде полос из недрагоценных металлов</name>
                                    </okpd2>
                                    <okved2>
                                        <code>25.99</code>
                                        <name>Производство прочих готовых металлических изделий, не включенных в другие группировки</name>
                                    </okved2>
                                    <okei>
                                        <code>778</code>
                                        <name>Упаковка</name>
                                    </okei>
                                    <qty>100</qty>
                                </lotItem>
                                <lotItem>
                                    <guid>ceb418f5-9061-49e4-8702-8ad19c7cfd54</guid>
                                    <ordinalNumber>17</ordinalNumber>
                                    <okpd2>
                                        <code>25.99.23.000</code>
                                        <name>Детали для скоросшивателей или папок, канцелярские зажимы и аналогичные канцелярские изделия и скобы в виде полос из недрагоценных металлов</name>
                                    </okpd2>
                                    <okved2>
                                        <code>25.93</code>
                                        <name>Производство изделий из проволоки, цепей и пружин</name>
                                    </okved2>
                                    <okei>
                                        <code>778</code>
                                        <name>Упаковка</name>
                                    </okei>
                                    <qty>30</qty>
                                </lotItem>
                                <lotItem>
                                    <guid>2140ebd5-be38-4385-8197-6af913220646</guid>
                                    <ordinalNumber>18</ordinalNumber>
                                    <okpd2>
                                        <code>22.29.25.000</code>
                                        <name>Принадлежности канцелярские или школьные пластмассовые</name>
                                    </okpd2>
                                    <okved2>
                                        <code>22.29</code>
                                        <name>Производство прочих пластмассовых изделий</name>
                                    </okved2>
                                    <okei>
                                        <code>778</code>
                                        <name>Упаковка</name>
                                    </okei>
                                    <qty>50</qty>
                                </lotItem>
                                <lotItem>
                                    <guid>43cede6a-5748-4d58-beb7-e78b028928f1</guid>
                                    <ordinalNumber>19</ordinalNumber>
                                    <okpd2>
                                        <code>20.52.10.190</code>
                                        <name>Клеи прочие</name>
                                    </okpd2>
                                    <okved2>
                                        <code>20.52</code>
                                        <name>Производство клеев</name>
                                    </okved2>
                                    <okei>
                                        <code>796</code>
                                        <name>Штука</name>
                                    </okei>
                                    <qty>120</qty>
                                </lotItem>
                            </lotItems>
                            <forSmallOrMiddle>false</forSmallOrMiddle>
                            <excludePurchaseFromPlan>false</excludePurchaseFromPlan>
                            <subcontractorsRequirement>false</subcontractorsRequirement>
                            <ignoredPurchase>false</ignoredPurchase>
                            <centralized>false</centralized>
                        </lotData>
                        <deliveryPlaceIndication>GL</deliveryPlaceIndication>
                        <jointLotData>
                            <jointLot>false</jointLot>
                        </jointLotData>
                        <lotPlanInfo>
                            <planRegistrationNumber>2160215038</planRegistrationNumber>
                            <planGuid>672a4da2-17c2-40ca-a0f8-4438e1539c88</planGuid>
                            <positionNumber>1</positionNumber>
                            <lotPlanPosition>COMMODITY</lotPlanPosition>
                            <positionGuid>7826e3c1-bd9f-4a24-9b42-4b9502082ff9</positionGuid>
                        </lotPlanInfo>
                        <cancelled>false</cancelled>
                    </lot>
                </ns2:lots>
            </ns2:purchaseNoticeEPData>
        </ns2:item>
    </ns2:body>
</ns2:purchaseNoticeEP>
