<?xml version="1.0" encoding="UTF-8" standalone="yes"?>
<ns2:performanceContract xsi:schemaLocation="http://zakupki.gov.ru/223/integration/schema/TFF-5.2 http://zakupki.gov.ru/223/integration/schema/TFF-5.2/Types.xsd" xmlns="http://zakupki.gov.ru/223fz/types/1" xmlns:ns10="http://zakupki.gov.ru/223fz/disagreementProtocol/1" xmlns:ns11="http://zakupki.gov.ru/223fz/purchase/1" xmlns:ns12="http://zakupki.gov.ru/223fz/machineryListInfo/1" xmlns:ns13="http://zakupki.gov.ru/223fz/revenue/1" xmlns:ns14="http://zakupki.gov.ru/223fz/orderClauseList/1" xmlns:ns15="http://zakupki.gov.ru/223fz/complaint/1" xmlns:ns16="http://zakupki.gov.ru/223fz/missedNotice/1" xmlns:ns17="http://zakupki.gov.ru/223fz/notificationIssue/1" xmlns:ns18="http://zakupki.gov.ru/223fz/purchasePlanProject/1" xmlns:ns19="http://zakupki.gov.ru/223fz/webRequest/1" xmlns:ns2="http://zakupki.gov.ru/223fz/contract/1" xmlns:xsi="http://www.w3.org/2001/XMLSchema-instance" xmlns:ns3="http://zakupki.gov.ru/223fz/dishonestSupplier/1" xmlns:ns4="http://zakupki.gov.ru/223fz/decisionSuspension/1" xmlns:ns5="http://zakupki.gov.ru/223fz/purchasePlanAdditionalPosition/1" xmlns:ns6="http://zakupki.gov.ru/223fz/purchasePlan/1" xmlns:ns7="http://zakupki.gov.ru/223fz/purchasePlanProjectAdditionalPosition/1" xmlns:ns8="http://zakupki.gov.ru/223fz/reference/1" xmlns:ns9="http://zakupki.gov.ru/223fz/stopCommodity/1">
    <header>
        <guid>37aa7b03-0f30-4ec4-ae19-74b893022ae9</guid>
        <createDateTime>2017-03-30T19:38:48</createDateTime>
    </header>
    <ns2:body>
        <ns2:item>
            <guid>136c641e-a07f-4629-a553-06fd6d52af2d</guid>
            <ns2:performanceContractData>
                <ns2:guid>f18bec9d-8c5d-46b3-b9d7-caeed69c1cf9</ns2:guid>
                <ns2:registrationNumber>56605002100170003170003</ns2:registrationNumber>
                <ns2:urlOOS>https://zakupki.gov.ru/223/contract/private/completing/info/view.html?id=2669765</ns2:urlOOS>
                <ns2:createDateTime>2017-03-01T09:27:56</ns2:createDateTime>
                <ns2:customer>
                    <mainInfo>
                        <fullName>Открытое акционерное общество "Богдановичский комбикормовый завод"</fullName>
                        <shortName>ОАО "Богдановичский комбикормовый завод"</shortName>
                        <iko>56605002100660501001</iko>
                        <inn>6605002100</inn>
                        <kpp>660501001</kpp>
                        <ogrn>1026600705790</ogrn>
                        <legalAddress>623530, Свердловская, Богданович, Степана Разина, дом 64</legalAddress>
                        <postalAddress>623530, Свердловская Область, Богданович Город, Степана Разина Улица, дом 64</postalAddress>
                        <phone>7-34376-55681</phone>
                        <email>lawyer@combikorm.ru</email>
                        <okato>65416000000</okato>
                        <okpo>04537234</okpo>
                    </mainInfo>
                </ns2:customer>
                <ns2:placer>
                    <mainInfo>
                        <fullName>Открытое акционерное общество "Богдановичский комбикормовый завод"</fullName>
                        <shortName>ОАО "Богдановичский комбикормовый завод"</shortName>
                        <iko>56605002100660501001</iko>
                        <inn>6605002100</inn>
                        <kpp>660501001</kpp>
                        <ogrn>1026600705790</ogrn>
                        <legalAddress>623530, Свердловская, Богданович, Степана Разина, дом 64</legalAddress>
                        <postalAddress>623530, Свердловская Область, Богданович Город, Степана Разина Улица, дом 64</postalAddress>
                        <phone>7-34376-55681</phone>
                        <email>lawyer@combikorm.ru</email>
                        <okato>65416000000</okato>
                        <okpo>04537234</okpo>
                    </mainInfo>
                </ns2:placer>
                <ns2:publicationDate>2017-03-30T19:38:48</ns2:publicationDate>
                <ns2:status>P</ns2:status>
                <ns2:version>1</ns2:version>
                <ns2:completed>true</ns2:completed>
                <ns2:attachments>
                    <totalDocumentsCount>2</totalDocumentsCount>
                    <document>
                        <guid>8e247e7e-32b4-4e26-8972-bd4644d8022a</guid>
                        <createDateTime>2017-03-30T19:38:20</createDateTime>
                        <fileName>мк-комплект упд _1356.pdf - 0002.jpg</fileName>
                        <description>мк-комплект упд _1356.pdf - 0002</description>
                        <url>https://zakupki.gov.ru/223/contract/private/download/download.html?id=11750288</url>
                        <registrationNumber>56605002100170003170004</registrationNumber>
                    </document>
                    <document>
                        <guid>39c1b1f7-1a4e-430a-b8ea-70eb602168b4</guid>
                        <createDateTime>2017-03-30T19:38:13</createDateTime>
                        <fileName>мк-комплект упд _1356.pdf - 0001.jpg</fileName>
                        <description>мк-комплект упд _1356.pdf - 0001</description>
                        <url>https://zakupki.gov.ru/223/contract/private/download/download.html?id=11750286</url>
                        <registrationNumber>56605002100170003170005</registrationNumber>
                    </document>
                </ns2:attachments>
                <ns2:hasPenalty>false</ns2:hasPenalty>
                <ns2:contractRegNumber>56605002100170003170000</ns2:contractRegNumber>
                <ns2:contractInfo>
                    <ns2:guid>1a0d6810-e756-4317-b730-73090d660739</ns2:guid>
                    <ns2:name>478</ns2:name>
                    <ns2:agencyName>ОАО "Богдановичский комбикормовый завод"</ns2:agencyName>
                    <ns2:supplierName>Общество с ограниченной ответственностью "МК-Комплект"</ns2:supplierName>
                    <ns2:lotInfo>Сантехническая продукция. Насос Wilo-CronoBloc-BL 50/150-5.5/2 2786245</ns2:lotInfo>
                    <ns2:contractDate>2016-06-17</ns2:contractDate>
                </ns2:contractInfo>
                <ns2:positions>
                    <ns2:position>
                        <ns2:ordinal>1</ns2:ordinal>
                        <ns2:paymentDate>2016-08-19</ns2:paymentDate>
                        <ns2:price>241728.62</ns2:price>
                        <ns2:currency>
                            <code>RUB</code>
                            <digitalCode>643</digitalCode>
                            <name>Российский рубль</name>
                        </ns2:currency>
                        <ns2:rubPrice>241728.62</ns2:rubPrice>
                        <ns2:prepaid>false</ns2:prepaid>
                        <ns2:docs>
                            <ns2:doc>
                                <ns2:ordinal>1</ns2:ordinal>
                                <ns2:date>2016-08-11</ns2:date>
                                <ns2:code>19</ns2:code>
                                <ns2:name>счет-фактура</ns2:name>
                                <ns2:number>1356</ns2:number>
                                <ns2:contractPosition>
                                    <ns2:guid>1137e2b0-7a70-462d-aa02-facdc5d81ba0</ns2:guid>
                                    <ns2:name>Насосы и компрессоры прочие</ns2:name>
                                    <ns2:okpd2>
                                        <code>28.13</code>
                                        <name>Насосы и компрессоры прочие</name>
                                    </ns2:okpd2>
                                </ns2:contractPosition>
                                <ns2:okei>
                                    <code>796</code>
                                    <name>Штука</name>
                                </ns2:okei>
                                <ns2:qty>3</ns2:qty>
                            </ns2:doc>
                        </ns2:docs>
                    </ns2:position>
                    <ns2:total>241728.62</ns2:total>
                </ns2:positions>
            </ns2:performanceContractData>
        </ns2:item>
    </ns2:body>
</ns2:performanceContract>
