<?xml version="1.0" encoding="UTF-8" standalone="yes"?>
<ns2:performanceContract xsi:schemaLocation="http://zakupki.gov.ru/223/integration/schema/TFF-5.2 http://zakupki.gov.ru/223/integration/schema/TFF-5.2/Types.xsd" xmlns="http://zakupki.gov.ru/223fz/types/1" xmlns:ns10="http://zakupki.gov.ru/223fz/disagreementProtocol/1" xmlns:ns11="http://zakupki.gov.ru/223fz/purchase/1" xmlns:ns12="http://zakupki.gov.ru/223fz/machineryListInfo/1" xmlns:ns13="http://zakupki.gov.ru/223fz/revenue/1" xmlns:ns14="http://zakupki.gov.ru/223fz/orderClauseList/1" xmlns:ns15="http://zakupki.gov.ru/223fz/complaint/1" xmlns:ns16="http://zakupki.gov.ru/223fz/missedNotice/1" xmlns:ns17="http://zakupki.gov.ru/223fz/notificationIssue/1" xmlns:ns18="http://zakupki.gov.ru/223fz/purchasePlanProject/1" xmlns:ns19="http://zakupki.gov.ru/223fz/webRequest/1" xmlns:ns2="http://zakupki.gov.ru/223fz/contract/1" xmlns:xsi="http://www.w3.org/2001/XMLSchema-instance" xmlns:ns3="http://zakupki.gov.ru/223fz/dishonestSupplier/1" xmlns:ns4="http://zakupki.gov.ru/223fz/decisionSuspension/1" xmlns:ns5="http://zakupki.gov.ru/223fz/purchasePlanAdditionalPosition/1" xmlns:ns6="http://zakupki.gov.ru/223fz/purchasePlan/1" xmlns:ns7="http://zakupki.gov.ru/223fz/purchasePlanProjectAdditionalPosition/1" xmlns:ns8="http://zakupki.gov.ru/223fz/reference/1" xmlns:ns9="http://zakupki.gov.ru/223fz/stopCommodity/1">
    <header>
        <guid>fb24fd9b-c8f4-4588-8533-bdb0a86a3b57</guid>
        <createDateTime>2017-03-30T16:29:52</createDateTime>
    </header>
    <ns2:body>
        <ns2:item>
            <guid>517d3b5e-548e-4f8a-ab12-20b33abbc7d5</guid>
            <ns2:performanceContractData>
                <ns2:guid>62fefdea-6940-4be2-aad4-9d8e1f64b37e</ns2:guid>
                <ns2:registrationNumber>56670266695170000170003</ns2:registrationNumber>
                <ns2:urlOOS>https://zakupki.gov.ru/223/contract/private/completing/info/view.html?id=2669080</ns2:urlOOS>
                <ns2:createDateTime>2017-02-22T13:07:43</ns2:createDateTime>
                <ns2:customer>
                    <mainInfo>
                        <fullName>АКЦИОНЕРНОЕ ОБЩЕСТВО "ВОЕНТОРГ-ЦЕНТР"</fullName>
                        <shortName>АО "ВОЕНТОРГ-ЦЕНТР"</shortName>
                        <iko>56670266695667001001</iko>
                        <inn>6670266695</inn>
                        <kpp>667001001</kpp>
                        <ogrn>1096658012076</ogrn>
                        <legalAddress>620033, обл СВЕРДЛОВСКАЯ, г ЕКАТЕРИНБУРГ, ул ПРОЕЗЖАЯ, дом 9-А</legalAddress>
                        <postalAddress>620026, г. Екатеринбург, ул. Декабристов, 14, оф 202</postalAddress>
                        <phone>8-846-3321322</phone>
                        <email>utprir@yandex.ru</email>
                        <okato>65401373000</okato>
                        <okpo>08536119</okpo>
                    </mainInfo>
                </ns2:customer>
                <ns2:placer>
                    <mainInfo>
                        <fullName>АКЦИОНЕРНОЕ ОБЩЕСТВО "ВОЕНТОРГ-ЦЕНТР"</fullName>
                        <shortName>АО "ВОЕНТОРГ-ЦЕНТР"</shortName>
                        <iko>56670266695667001001</iko>
                        <inn>6670266695</inn>
                        <kpp>667001001</kpp>
                        <ogrn>1096658012076</ogrn>
                        <legalAddress>620033, обл СВЕРДЛОВСКАЯ, г ЕКАТЕРИНБУРГ, ул ПРОЕЗЖАЯ, дом 9-А</legalAddress>
                        <postalAddress>620026, г. Екатеринбург, ул. Декабристов, 14, оф 202</postalAddress>
                        <phone>8-846-3321322</phone>
                        <email>utprir@yandex.ru</email>
                        <okato>65401373000</okato>
                        <okpo>08536119</okpo>
                    </mainInfo>
                </ns2:placer>
                <ns2:publicationDate>2017-03-30T16:29:52</ns2:publicationDate>
                <ns2:status>P</ns2:status>
                <ns2:version>1</ns2:version>
                <ns2:completed>false</ns2:completed>
                <ns2:attachments>
                    <totalDocumentsCount>1</totalDocumentsCount>
                    <document>
                        <guid>4697c8e6-de82-4d42-aa1c-4abac81fbac7</guid>
                        <createDateTime>2017-03-30T16:29:37</createDateTime>
                        <fileName>Исполнение.7z</fileName>
                        <description>Исполнение</description>
                        <url>https://zakupki.gov.ru/223/contract/private/download/download.html?id=11746489</url>
                        <registrationNumber>56670266695170000170004</registrationNumber>
                    </document>
                </ns2:attachments>
                <ns2:hasPenalty>false</ns2:hasPenalty>
                <ns2:contractRegNumber>56670266695170000170000</ns2:contractRegNumber>
                <ns2:contractInfo>
                    <ns2:guid>520ac2b0-c5e7-40be-b2e0-3b0fd0062bbf</ns2:guid>
                    <ns2:name>11</ns2:name>
                    <ns2:agencyName>АО "ВОЕНТОРГ-ЦЕНТР"</ns2:agencyName>
                    <ns2:supplierName>ОБЩЕСТВО С ОГРАНИЧЕННОЙ ОТВЕТСТВЕННОСТЬЮ "БРЯНСКИЙ КАМВОЛЬНЫЙ КОМБИНАТ"</ns2:supplierName>
                    <ns2:lotInfo>Поставка ткани</ns2:lotInfo>
                    <ns2:contractDate>2017-02-22</ns2:contractDate>
                </ns2:contractInfo>
                <ns2:positions>
                    <ns2:position>
                        <ns2:ordinal>1</ns2:ordinal>
                        <ns2:paymentDate>2017-03-28</ns2:paymentDate>
                        <ns2:price>332307</ns2:price>
                        <ns2:currency>
                            <code>RUB</code>
                            <digitalCode>643</digitalCode>
                            <name>Российский рубль</name>
                        </ns2:currency>
                        <ns2:rubPrice>332307</ns2:rubPrice>
                        <ns2:prepaid>true</ns2:prepaid>
                    </ns2:position>
                    <ns2:total>332307</ns2:total>
                </ns2:positions>
            </ns2:performanceContractData>
        </ns2:item>
    </ns2:body>
</ns2:performanceContract>
