<?xml version="1.0" encoding="UTF-8" standalone="yes"?>
<ns2:performanceContract xsi:schemaLocation="http://zakupki.gov.ru/223/integration/schema/TFF-5.2 http://zakupki.gov.ru/223/integration/schema/TFF-5.2/Types.xsd" xmlns="http://zakupki.gov.ru/223fz/types/1" xmlns:ns10="http://zakupki.gov.ru/223fz/disagreementProtocol/1" xmlns:ns11="http://zakupki.gov.ru/223fz/purchase/1" xmlns:ns12="http://zakupki.gov.ru/223fz/machineryListInfo/1" xmlns:ns13="http://zakupki.gov.ru/223fz/revenue/1" xmlns:ns14="http://zakupki.gov.ru/223fz/orderClauseList/1" xmlns:ns15="http://zakupki.gov.ru/223fz/complaint/1" xmlns:ns16="http://zakupki.gov.ru/223fz/missedNotice/1" xmlns:ns17="http://zakupki.gov.ru/223fz/notificationIssue/1" xmlns:ns18="http://zakupki.gov.ru/223fz/purchasePlanProject/1" xmlns:ns19="http://zakupki.gov.ru/223fz/webRequest/1" xmlns:ns2="http://zakupki.gov.ru/223fz/contract/1" xmlns:xsi="http://www.w3.org/2001/XMLSchema-instance" xmlns:ns3="http://zakupki.gov.ru/223fz/dishonestSupplier/1" xmlns:ns4="http://zakupki.gov.ru/223fz/decisionSuspension/1" xmlns:ns5="http://zakupki.gov.ru/223fz/purchasePlanAdditionalPosition/1" xmlns:ns6="http://zakupki.gov.ru/223fz/purchasePlan/1" xmlns:ns7="http://zakupki.gov.ru/223fz/purchasePlanProjectAdditionalPosition/1" xmlns:ns8="http://zakupki.gov.ru/223fz/reference/1" xmlns:ns9="http://zakupki.gov.ru/223fz/stopCommodity/1">
    <header>
        <guid>5abe9120-80e4-4f5f-a9ab-4cf40b59e039</guid>
        <createDateTime>2017-03-30T19:49:40</createDateTime>
    </header>
    <ns2:body>
        <ns2:item>
            <guid>b9328d7c-6692-431c-b6d9-f6ff28a39850</guid>
            <ns2:performanceContractData>
                <ns2:guid>b35c701a-89e5-41b2-9604-6c0ebe63e3a2</ns2:guid>
                <ns2:registrationNumber>56605002100170001930003</ns2:registrationNumber>
                <ns2:urlOOS>https://zakupki.gov.ru/223/contract/private/completing/info/view.html?id=2669779</ns2:urlOOS>
                <ns2:createDateTime>2017-02-20T11:17:52</ns2:createDateTime>
                <ns2:customer>
                    <mainInfo>
                        <fullName>Открытое акционерное общество "Богдановичский комбикормовый завод"</fullName>
                        <shortName>ОАО "Богдановичский комбикормовый завод"</shortName>
                        <iko>56605002100660501001</iko>
                        <inn>6605002100</inn>
                        <kpp>660501001</kpp>
                        <ogrn>1026600705790</ogrn>
                        <legalAddress>623530, Свердловская, Богданович, Степана Разина, дом 64</legalAddress>
                        <postalAddress>623530, Свердловская Область, Богданович Город, Степана Разина Улица, дом 64</postalAddress>
                        <phone>7-34376-55681</phone>
                        <email>lawyer@combikorm.ru</email>
                        <okato>65416000000</okato>
                        <okpo>04537234</okpo>
                    </mainInfo>
                </ns2:customer>
                <ns2:placer>
                    <mainInfo>
                        <fullName>Открытое акционерное общество "Богдановичский комбикормовый завод"</fullName>
                        <shortName>ОАО "Богдановичский комбикормовый завод"</shortName>
                        <iko>56605002100660501001</iko>
                        <inn>6605002100</inn>
                        <kpp>660501001</kpp>
                        <ogrn>1026600705790</ogrn>
                        <legalAddress>623530, Свердловская, Богданович, Степана Разина, дом 64</legalAddress>
                        <postalAddress>623530, Свердловская Область, Богданович Город, Степана Разина Улица, дом 64</postalAddress>
                        <phone>7-34376-55681</phone>
                        <email>lawyer@combikorm.ru</email>
                        <okato>65416000000</okato>
                        <okpo>04537234</okpo>
                    </mainInfo>
                </ns2:placer>
                <ns2:publicationDate>2017-03-30T19:49:40</ns2:publicationDate>
                <ns2:status>P</ns2:status>
                <ns2:version>1</ns2:version>
                <ns2:completed>true</ns2:completed>
                <ns2:attachments>
                    <totalDocumentsCount>2</totalDocumentsCount>
                    <document>
                        <guid>aeab4f69-a541-4655-9670-1b8005d9b892</guid>
                        <createDateTime>2017-03-30T19:49:13</createDateTime>
                        <fileName>ОАО П.Ф. Рефтинская  дог.587 от 09.06.2016.pdf</fileName>
                        <description>ОАО П.Ф. Рефтинская  дог.587 от 09.06.2016</description>
                        <url>https://zakupki.gov.ru/223/contract/private/download/download.html?id=11750362</url>
                        <registrationNumber>56605002100170001930004</registrationNumber>
                    </document>
                    <document>
                        <guid>4bff3332-f0d2-405b-8c14-296df8bebdd0</guid>
                        <createDateTime>2017-03-30T19:49:22</createDateTime>
                        <fileName>Рефтинская пф ОАО Дог.587 от 09.06.2016.pdf</fileName>
                        <description>Рефтинская пф ОАО Дог.587 от 09.06.2016</description>
                        <url>https://zakupki.gov.ru/223/contract/private/download/download.html?id=11750363</url>
                        <registrationNumber>56605002100170001930005</registrationNumber>
                    </document>
                </ns2:attachments>
                <ns2:hasPenalty>false</ns2:hasPenalty>
                <ns2:contractRegNumber>56605002100170001930000</ns2:contractRegNumber>
                <ns2:contractInfo>
                    <ns2:guid>fbaec3a1-7786-4481-a7c7-f145c985ae2c</ns2:guid>
                    <ns2:name>587</ns2:name>
                    <ns2:agencyName>ОАО "Богдановичский комбикормовый завод"</ns2:agencyName>
                    <ns2:supplierName>ОТКРЫТОЕ АКЦИОНЕРНОЕ ОБЩЕСТВО "ПТИЦЕФАБРИКА "РЕФТИНСКАЯ"</ns2:supplierName>
                    <ns2:lotInfo>1.	Жир куриный топленый кормовой.2.	Корм сухой белковый.</ns2:lotInfo>
                    <ns2:contractDate>2016-06-09</ns2:contractDate>
                </ns2:contractInfo>
                <ns2:positions>
                    <ns2:position>
                        <ns2:ordinal>1</ns2:ordinal>
                        <ns2:paymentDate>2016-06-30</ns2:paymentDate>
                        <ns2:price>2325330</ns2:price>
                        <ns2:currency>
                            <code>RUB</code>
                            <digitalCode>643</digitalCode>
                            <name>Российский рубль</name>
                        </ns2:currency>
                        <ns2:rubPrice>2325330</ns2:rubPrice>
                        <ns2:prepaid>false</ns2:prepaid>
                        <ns2:docs>
                            <ns2:doc>
                                <ns2:ordinal>1</ns2:ordinal>
                                <ns2:date>2016-07-01</ns2:date>
                                <ns2:code>37</ns2:code>
                                <ns2:name>прочие документы о приемке</ns2:name>
                                <ns2:number>акт сверки расчётов с 09.06.2016 по 30.06.2016</ns2:number>
                                <ns2:contractPosition>
                                    <ns2:guid>6d8b7632-b91b-4b1f-b98c-b70b66d7354e</ns2:guid>
                                    <ns2:name>Продукты пищевые животного происхождения прочие, не включенные в другие группировки</ns2:name>
                                    <ns2:okpd2>
                                        <code>01.49.24.190</code>
                                        <name>Продукты пищевые животного происхождения прочие, не включенные в другие группировки</name>
                                    </ns2:okpd2>
                                </ns2:contractPosition>
                                <ns2:okei>
                                    <code>168</code>
                                    <name>Тонна; Метрическая тонна (1000 кг)</name>
                                </ns2:okei>
                                <ns2:qty>115.24</ns2:qty>
                            </ns2:doc>
                        </ns2:docs>
                    </ns2:position>
                    <ns2:position>
                        <ns2:ordinal>2</ns2:ordinal>
                        <ns2:paymentDate>2016-07-31</ns2:paymentDate>
                        <ns2:price>1589910</ns2:price>
                        <ns2:currency>
                            <code>RUB</code>
                            <digitalCode>643</digitalCode>
                            <name>Российский рубль</name>
                        </ns2:currency>
                        <ns2:rubPrice>1589910</ns2:rubPrice>
                        <ns2:prepaid>false</ns2:prepaid>
                        <ns2:docs>
                            <ns2:doc>
                                <ns2:ordinal>1</ns2:ordinal>
                                <ns2:date>2016-08-01</ns2:date>
                                <ns2:code>37</ns2:code>
                                <ns2:name>прочие документы о приемке</ns2:name>
                                <ns2:number>акт сверки расчётов за период с 09.06.2016 по 31.07.2016</ns2:number>
                                <ns2:contractPosition>
                                    <ns2:guid>6d8b7632-b91b-4b1f-b98c-b70b66d7354e</ns2:guid>
                                    <ns2:name>Продукты пищевые животного происхождения прочие, не включенные в другие группировки</ns2:name>
                                    <ns2:okpd2>
                                        <code>01.49.24.190</code>
                                        <name>Продукты пищевые животного происхождения прочие, не включенные в другие группировки</name>
                                    </ns2:okpd2>
                                </ns2:contractPosition>
                                <ns2:okei>
                                    <code>168</code>
                                    <name>Тонна; Метрическая тонна (1000 кг)</name>
                                </ns2:okei>
                                <ns2:qty>181.38</ns2:qty>
                            </ns2:doc>
                        </ns2:docs>
                    </ns2:position>
                    <ns2:total>3915240</ns2:total>
                </ns2:positions>
            </ns2:performanceContractData>
        </ns2:item>
    </ns2:body>
</ns2:performanceContract>
