<?xml version="1.0" encoding="UTF-8" standalone="yes"?>
<ns2:performanceContract xsi:schemaLocation="http://zakupki.gov.ru/223/integration/schema/TFF-5.2 http://zakupki.gov.ru/223/integration/schema/TFF-5.2/Types.xsd" xmlns="http://zakupki.gov.ru/223fz/types/1" xmlns:ns10="http://zakupki.gov.ru/223fz/disagreementProtocol/1" xmlns:ns11="http://zakupki.gov.ru/223fz/purchase/1" xmlns:ns12="http://zakupki.gov.ru/223fz/machineryListInfo/1" xmlns:ns13="http://zakupki.gov.ru/223fz/revenue/1" xmlns:ns14="http://zakupki.gov.ru/223fz/orderClauseList/1" xmlns:ns15="http://zakupki.gov.ru/223fz/complaint/1" xmlns:ns16="http://zakupki.gov.ru/223fz/missedNotice/1" xmlns:ns17="http://zakupki.gov.ru/223fz/notificationIssue/1" xmlns:ns18="http://zakupki.gov.ru/223fz/purchasePlanProject/1" xmlns:ns19="http://zakupki.gov.ru/223fz/webRequest/1" xmlns:ns2="http://zakupki.gov.ru/223fz/contract/1" xmlns:xsi="http://www.w3.org/2001/XMLSchema-instance" xmlns:ns3="http://zakupki.gov.ru/223fz/dishonestSupplier/1" xmlns:ns4="http://zakupki.gov.ru/223fz/decisionSuspension/1" xmlns:ns5="http://zakupki.gov.ru/223fz/purchasePlanAdditionalPosition/1" xmlns:ns6="http://zakupki.gov.ru/223fz/purchasePlan/1" xmlns:ns7="http://zakupki.gov.ru/223fz/purchasePlanProjectAdditionalPosition/1" xmlns:ns8="http://zakupki.gov.ru/223fz/reference/1" xmlns:ns9="http://zakupki.gov.ru/223fz/stopCommodity/1">
    <header>
        <guid>d1bc0477-4766-4246-93a6-d0dd366916af</guid>
        <createDateTime>2017-03-30T19:08:22</createDateTime>
    </header>
    <ns2:body>
        <ns2:item>
            <guid>e89e2103-1df5-4967-8d3c-c294d266da2d</guid>
            <ns2:performanceContractData>
                <ns2:guid>bfa937f5-688f-418d-8b6a-05758a88d590</ns2:guid>
                <ns2:registrationNumber>56605002100170001480003</ns2:registrationNumber>
                <ns2:urlOOS>https://zakupki.gov.ru/223/contract/private/completing/info/view.html?id=2669714</ns2:urlOOS>
                <ns2:createDateTime>2017-02-15T14:27:29</ns2:createDateTime>
                <ns2:customer>
                    <mainInfo>
                        <fullName>Открытое акционерное общество "Богдановичский комбикормовый завод"</fullName>
                        <shortName>ОАО "Богдановичский комбикормовый завод"</shortName>
                        <iko>56605002100660501001</iko>
                        <inn>6605002100</inn>
                        <kpp>660501001</kpp>
                        <ogrn>1026600705790</ogrn>
                        <legalAddress>623530, Свердловская, Богданович, Степана Разина, дом 64</legalAddress>
                        <postalAddress>623530, Свердловская Область, Богданович Город, Степана Разина Улица, дом 64</postalAddress>
                        <phone>7-34376-55681</phone>
                        <email>lawyer@combikorm.ru</email>
                        <okato>65416000000</okato>
                        <okpo>04537234</okpo>
                    </mainInfo>
                </ns2:customer>
                <ns2:placer>
                    <mainInfo>
                        <fullName>Открытое акционерное общество "Богдановичский комбикормовый завод"</fullName>
                        <shortName>ОАО "Богдановичский комбикормовый завод"</shortName>
                        <iko>56605002100660501001</iko>
                        <inn>6605002100</inn>
                        <kpp>660501001</kpp>
                        <ogrn>1026600705790</ogrn>
                        <legalAddress>623530, Свердловская, Богданович, Степана Разина, дом 64</legalAddress>
                        <postalAddress>623530, Свердловская Область, Богданович Город, Степана Разина Улица, дом 64</postalAddress>
                        <phone>7-34376-55681</phone>
                        <email>lawyer@combikorm.ru</email>
                        <okato>65416000000</okato>
                        <okpo>04537234</okpo>
                    </mainInfo>
                </ns2:placer>
                <ns2:publicationDate>2017-03-30T19:08:22</ns2:publicationDate>
                <ns2:status>P</ns2:status>
                <ns2:version>1</ns2:version>
                <ns2:completed>true</ns2:completed>
                <ns2:attachments>
                    <totalDocumentsCount>6</totalDocumentsCount>
                    <document>
                        <guid>29436a6f-41fb-4482-a386-ef35eb245745</guid>
                        <createDateTime>2017-03-30T19:06:36</createDateTime>
                        <fileName>ООО Поиск дог.614 от 15.06.2016.pdf</fileName>
                        <description>ООО Поиск дог.614 от 15.06.2016</description>
                        <url>https://zakupki.gov.ru/223/contract/private/download/download.html?id=11750081</url>
                        <registrationNumber>56605002100170001480004</registrationNumber>
                    </document>
                    <document>
                        <guid>11d3bb37-5110-4b41-8ec7-759dea4c10da</guid>
                        <createDateTime>2017-03-30T19:06:48</createDateTime>
                        <fileName>ООО Поиск  дог.614 от 15.06.2016 опл 02.08.2016.pdf</fileName>
                        <description>ООО Поиск  дог.614 от 15.06.2016 опл 02.08.2016</description>
                        <url>https://zakupki.gov.ru/223/contract/private/download/download.html?id=11750083</url>
                        <registrationNumber>56605002100170001480005</registrationNumber>
                    </document>
                    <document>
                        <guid>33d29557-6603-44a5-9178-8711ecada62b</guid>
                        <createDateTime>2017-03-30T19:07:02</createDateTime>
                        <fileName>ООО Поиск дог.614 от 15.06.2016 опл 16.08.2016.pdf</fileName>
                        <description>ООО Поиск дог.614 от 15.06.2016 опл 16.08.2016</description>
                        <url>https://zakupki.gov.ru/223/contract/private/download/download.html?id=11750085</url>
                        <registrationNumber>56605002100170001480006</registrationNumber>
                    </document>
                    <document>
                        <guid>1b665ee1-fc33-4ef9-9680-11f49815ec63</guid>
                        <createDateTime>2017-03-30T19:07:19</createDateTime>
                        <fileName>ООО Поиск дог. 614 от 15.06.2016 опл.23.08.2016.pdf</fileName>
                        <description>ООО Поиск дог. 614 от 15.06.2016 опл.23.08.2016</description>
                        <url>https://zakupki.gov.ru/223/contract/private/download/download.html?id=11750086</url>
                        <registrationNumber>56605002100170001480007</registrationNumber>
                    </document>
                    <document>
                        <guid>fdfd2195-c934-4329-a582-7c23a88d25a0</guid>
                        <createDateTime>2017-03-30T19:08:04</createDateTime>
                        <fileName>ООО Поиск дог.614 от 15.06.2016 опл 19.10.2016.pdf</fileName>
                        <description>ООО Поиск дог.614 от 15.06.2016 опл 19.10.2016</description>
                        <url>https://zakupki.gov.ru/223/contract/private/download/download.html?id=11750088</url>
                        <registrationNumber>56605002100170001480008</registrationNumber>
                    </document>
                    <document>
                        <guid>6dd4f7d4-85f4-42f1-8a7a-7799cd24de4a</guid>
                        <createDateTime>2017-03-30T19:06:25</createDateTime>
                        <fileName>Поиск ООО Дог.614 от 15.06.2016.pdf</fileName>
                        <description>Поиск ООО Дог.614 от 15.06.2016</description>
                        <url>https://zakupki.gov.ru/223/contract/private/download/download.html?id=11750078</url>
                        <registrationNumber>56605002100170001480009</registrationNumber>
                    </document>
                </ns2:attachments>
                <ns2:hasPenalty>false</ns2:hasPenalty>
                <ns2:contractRegNumber>56605002100170001480000</ns2:contractRegNumber>
                <ns2:contractInfo>
                    <ns2:guid>9ce86eb8-050c-4dc3-8194-9cf4e9ba419b</ns2:guid>
                    <ns2:name>614</ns2:name>
                    <ns2:agencyName>ОАО "Богдановичский комбикормовый завод"</ns2:agencyName>
                    <ns2:supplierName>ОБЩЕСТВО С ОГРАНИЧЕННОЙ ОТВЕТСТВЕННОСТЬЮ "ПОИСК"</ns2:supplierName>
                    <ns2:lotInfo>Отруби пшеничные гранулированные</ns2:lotInfo>
                    <ns2:contractDate>2016-06-15</ns2:contractDate>
                </ns2:contractInfo>
                <ns2:positions>
                    <ns2:position>
                        <ns2:ordinal>3</ns2:ordinal>
                        <ns2:paymentDate>2016-08-02</ns2:paymentDate>
                        <ns2:price>2902499.32</ns2:price>
                        <ns2:currency>
                            <code>RUB</code>
                            <digitalCode>643</digitalCode>
                            <name>Российский рубль</name>
                        </ns2:currency>
                        <ns2:rubPrice>2902499.32</ns2:rubPrice>
                        <ns2:prepaid>false</ns2:prepaid>
                        <ns2:docs>
                            <ns2:doc>
                                <ns2:ordinal>1</ns2:ordinal>
                                <ns2:date>2016-08-03</ns2:date>
                                <ns2:code>37</ns2:code>
                                <ns2:name>прочие документы о приемке</ns2:name>
                                <ns2:number>акт сверки расчётов за период с 15.06.2016 по 02.08.2016</ns2:number>
                                <ns2:contractPosition>
                                    <ns2:guid>1791af61-b87d-40c1-9568-81657e15190a</ns2:guid>
                                    <ns2:name>Отруби, высевки и прочие отходы от обработки зерновых культур</ns2:name>
                                    <ns2:okpd2>
                                        <code>10.61.40.000</code>
                                        <name>Отруби, высевки и прочие отходы от обработки зерновых культур</name>
                                    </ns2:okpd2>
                                </ns2:contractPosition>
                                <ns2:okei>
                                    <code>168</code>
                                    <name>Тонна; Метрическая тонна (1000 кг)</name>
                                </ns2:okei>
                                <ns2:qty>606.19</ns2:qty>
                            </ns2:doc>
                        </ns2:docs>
                    </ns2:position>
                    <ns2:position>
                        <ns2:ordinal>6</ns2:ordinal>
                        <ns2:paymentDate>2016-10-19</ns2:paymentDate>
                        <ns2:price>0.13</ns2:price>
                        <ns2:currency>
                            <code>RUB</code>
                            <digitalCode>643</digitalCode>
                            <name>Российский рубль</name>
                        </ns2:currency>
                        <ns2:rubPrice>0.13</ns2:rubPrice>
                        <ns2:prepaid>false</ns2:prepaid>
                        <ns2:docs>
                            <ns2:doc>
                                <ns2:ordinal>1</ns2:ordinal>
                                <ns2:date>2016-10-20</ns2:date>
                                <ns2:code>37</ns2:code>
                                <ns2:name>прочие документы о приемке</ns2:name>
                                <ns2:number>акт сверки расчётов за период с 15.06.2016 по 19.10.2016</ns2:number>
                                <ns2:contractPosition>
                                    <ns2:guid>1791af61-b87d-40c1-9568-81657e15190a</ns2:guid>
                                    <ns2:name>Отруби, высевки и прочие отходы от обработки зерновых культур</ns2:name>
                                    <ns2:okpd2>
                                        <code>10.61.40.000</code>
                                        <name>Отруби, высевки и прочие отходы от обработки зерновых культур</name>
                                    </ns2:okpd2>
                                </ns2:contractPosition>
                                <ns2:okei>
                                    <code>168</code>
                                    <name>Тонна; Метрическая тонна (1000 кг)</name>
                                </ns2:okei>
                                <ns2:qty>606.19</ns2:qty>
                            </ns2:doc>
                        </ns2:docs>
                    </ns2:position>
                    <ns2:position>
                        <ns2:ordinal>4</ns2:ordinal>
                        <ns2:paymentDate>2016-08-16</ns2:paymentDate>
                        <ns2:price>579977.5</ns2:price>
                        <ns2:currency>
                            <code>RUB</code>
                            <digitalCode>643</digitalCode>
                            <name>Российский рубль</name>
                        </ns2:currency>
                        <ns2:rubPrice>579977.5</ns2:rubPrice>
                        <ns2:prepaid>false</ns2:prepaid>
                        <ns2:docs>
                            <ns2:doc>
                                <ns2:ordinal>1</ns2:ordinal>
                                <ns2:date>2016-08-17</ns2:date>
                                <ns2:code>37</ns2:code>
                                <ns2:name>прочие документы о приемке</ns2:name>
                                <ns2:number>акт сверки расчётов за период с 15.06.2016 по 16.08.2016</ns2:number>
                                <ns2:contractPosition>
                                    <ns2:guid>1791af61-b87d-40c1-9568-81657e15190a</ns2:guid>
                                    <ns2:name>Отруби, высевки и прочие отходы от обработки зерновых культур</ns2:name>
                                    <ns2:okpd2>
                                        <code>10.61.40.000</code>
                                        <name>Отруби, высевки и прочие отходы от обработки зерновых культур</name>
                                    </ns2:okpd2>
                                </ns2:contractPosition>
                                <ns2:okei>
                                    <code>168</code>
                                    <name>Тонна; Метрическая тонна (1000 кг)</name>
                                </ns2:okei>
                                <ns2:qty>606.19</ns2:qty>
                            </ns2:doc>
                        </ns2:docs>
                    </ns2:position>
                    <ns2:position>
                        <ns2:ordinal>1</ns2:ordinal>
                        <ns2:paymentDate>2016-07-26</ns2:paymentDate>
                        <ns2:price>576200.65</ns2:price>
                        <ns2:currency>
                            <code>RUB</code>
                            <digitalCode>643</digitalCode>
                            <name>Российский рубль</name>
                        </ns2:currency>
                        <ns2:rubPrice>576200.65</ns2:rubPrice>
                        <ns2:prepaid>false</ns2:prepaid>
                        <ns2:docs>
                            <ns2:doc>
                                <ns2:ordinal>1</ns2:ordinal>
                                <ns2:date>2016-08-01</ns2:date>
                                <ns2:code>37</ns2:code>
                                <ns2:name>прочие документы о приемке</ns2:name>
                                <ns2:number>акт сверки за период с 15.06.2016 по 31.07.2016</ns2:number>
                                <ns2:contractPosition>
                                    <ns2:guid>1791af61-b87d-40c1-9568-81657e15190a</ns2:guid>
                                    <ns2:name>Отруби, высевки и прочие отходы от обработки зерновых культур</ns2:name>
                                    <ns2:okpd2>
                                        <code>10.61.40.000</code>
                                        <name>Отруби, высевки и прочие отходы от обработки зерновых культур</name>
                                    </ns2:okpd2>
                                </ns2:contractPosition>
                                <ns2:okei>
                                    <code>168</code>
                                    <name>Тонна; Метрическая тонна (1000 кг)</name>
                                </ns2:okei>
                                <ns2:qty>606.19</ns2:qty>
                            </ns2:doc>
                        </ns2:docs>
                    </ns2:position>
                    <ns2:position>
                        <ns2:ordinal>2</ns2:ordinal>
                        <ns2:paymentDate>2016-07-31</ns2:paymentDate>
                        <ns2:price>522.5</ns2:price>
                        <ns2:currency>
                            <code>RUB</code>
                            <digitalCode>643</digitalCode>
                            <name>Российский рубль</name>
                        </ns2:currency>
                        <ns2:rubPrice>522.5</ns2:rubPrice>
                        <ns2:prepaid>false</ns2:prepaid>
                        <ns2:docs>
                            <ns2:doc>
                                <ns2:ordinal>1</ns2:ordinal>
                                <ns2:date>2016-08-01</ns2:date>
                                <ns2:code>37</ns2:code>
                                <ns2:name>прочие документы о приемке</ns2:name>
                                <ns2:number>акт сверки расчётов за период с 15.06.2016 по 31.07.2016</ns2:number>
                                <ns2:contractPosition>
                                    <ns2:guid>1791af61-b87d-40c1-9568-81657e15190a</ns2:guid>
                                    <ns2:name>Отруби, высевки и прочие отходы от обработки зерновых культур</ns2:name>
                                    <ns2:okpd2>
                                        <code>10.61.40.000</code>
                                        <name>Отруби, высевки и прочие отходы от обработки зерновых культур</name>
                                    </ns2:okpd2>
                                </ns2:contractPosition>
                                <ns2:okei>
                                    <code>168</code>
                                    <name>Тонна; Метрическая тонна (1000 кг)</name>
                                </ns2:okei>
                                <ns2:qty>606.19</ns2:qty>
                            </ns2:doc>
                        </ns2:docs>
                    </ns2:position>
                    <ns2:position>
                        <ns2:ordinal>5</ns2:ordinal>
                        <ns2:paymentDate>2016-08-23</ns2:paymentDate>
                        <ns2:price>1154033.73</ns2:price>
                        <ns2:currency>
                            <code>RUB</code>
                            <digitalCode>643</digitalCode>
                            <name>Российский рубль</name>
                        </ns2:currency>
                        <ns2:rubPrice>1154033.73</ns2:rubPrice>
                        <ns2:prepaid>false</ns2:prepaid>
                        <ns2:docs>
                            <ns2:doc>
                                <ns2:ordinal>1</ns2:ordinal>
                                <ns2:date>2016-08-24</ns2:date>
                                <ns2:code>37</ns2:code>
                                <ns2:name>прочие документы о приемке</ns2:name>
                                <ns2:number>акт сверки расчётов за период с 15.06.2016 по 23.08.2016</ns2:number>
                                <ns2:contractPosition>
                                    <ns2:guid>1791af61-b87d-40c1-9568-81657e15190a</ns2:guid>
                                    <ns2:name>Отруби, высевки и прочие отходы от обработки зерновых культур</ns2:name>
                                    <ns2:okpd2>
                                        <code>10.61.40.000</code>
                                        <name>Отруби, высевки и прочие отходы от обработки зерновых культур</name>
                                    </ns2:okpd2>
                                </ns2:contractPosition>
                                <ns2:okei>
                                    <code>168</code>
                                    <name>Тонна; Метрическая тонна (1000 кг)</name>
                                </ns2:okei>
                                <ns2:qty>606.19</ns2:qty>
                            </ns2:doc>
                        </ns2:docs>
                    </ns2:position>
                    <ns2:total>5213233.83</ns2:total>
                </ns2:positions>
            </ns2:performanceContractData>
        </ns2:item>
    </ns2:body>
</ns2:performanceContract>
