<?xml version="1.0" encoding="UTF-8" standalone="yes"?>
<ns2:performanceContract xsi:schemaLocation="http://zakupki.gov.ru/223/integration/schema/TFF-5.2 http://zakupki.gov.ru/223/integration/schema/TFF-5.2/Types.xsd" xmlns="http://zakupki.gov.ru/223fz/types/1" xmlns:ns10="http://zakupki.gov.ru/223fz/disagreementProtocol/1" xmlns:ns11="http://zakupki.gov.ru/223fz/purchase/1" xmlns:ns12="http://zakupki.gov.ru/223fz/machineryListInfo/1" xmlns:ns13="http://zakupki.gov.ru/223fz/revenue/1" xmlns:ns14="http://zakupki.gov.ru/223fz/orderClauseList/1" xmlns:ns15="http://zakupki.gov.ru/223fz/complaint/1" xmlns:ns16="http://zakupki.gov.ru/223fz/missedNotice/1" xmlns:ns17="http://zakupki.gov.ru/223fz/notificationIssue/1" xmlns:ns18="http://zakupki.gov.ru/223fz/purchasePlanProject/1" xmlns:ns19="http://zakupki.gov.ru/223fz/webRequest/1" xmlns:ns2="http://zakupki.gov.ru/223fz/contract/1" xmlns:xsi="http://www.w3.org/2001/XMLSchema-instance" xmlns:ns3="http://zakupki.gov.ru/223fz/dishonestSupplier/1" xmlns:ns4="http://zakupki.gov.ru/223fz/decisionSuspension/1" xmlns:ns5="http://zakupki.gov.ru/223fz/purchasePlanAdditionalPosition/1" xmlns:ns6="http://zakupki.gov.ru/223fz/purchasePlan/1" xmlns:ns7="http://zakupki.gov.ru/223fz/purchasePlanProjectAdditionalPosition/1" xmlns:ns8="http://zakupki.gov.ru/223fz/reference/1" xmlns:ns9="http://zakupki.gov.ru/223fz/stopCommodity/1">
    <header>
        <guid>30daac79-65e6-4cca-a6b9-8f41732aabe3</guid>
        <createDateTime>2017-03-30T15:45:10</createDateTime>
    </header>
    <ns2:body>
        <ns2:item>
            <guid>d72c549e-805d-4b00-8739-1c9dbb34b4d6</guid>
            <ns2:performanceContractData>
                <ns2:guid>be82342d-b166-4777-a275-f43943a00c06</ns2:guid>
                <ns2:registrationNumber>56671019770160001320003</ns2:registrationNumber>
                <ns2:urlOOS>https://zakupki.gov.ru/223/contract/private/completing/info/view.html?id=2668496</ns2:urlOOS>
                <ns2:createDateTime>2016-10-07T08:50:23</ns2:createDateTime>
                <ns2:customer>
                    <mainInfo>
                        <fullName>АКЦИОНЕРНОЕ ОБЩЕСТВО "ЕКАТЕРИНБУРГСКАЯ ТЕПЛОСЕТЕВАЯ КОМПАНИЯ"</fullName>
                        <shortName>АО "ЕТК"</shortName>
                        <iko>56671019770667101001</iko>
                        <inn>6671019770</inn>
                        <kpp>667101001</kpp>
                        <ogrn>1156658056940</ogrn>
                        <legalAddress>620075, обл СВЕРДЛОВСКАЯ, г ЕКАТЕРИНБУРГ, пр-кт ЛЕНИНА, дом 38</legalAddress>
                        <postalAddress>620075обл СВЕРДЛОВСКАЯ, г ЕКАТЕРИНБУРГ, пр-кт ЛЕНИНА, 38</postalAddress>
                        <phone>7-495-7833200-1172</phone>
                        <email>Svetlana.Gorbushina@tplusgroup.ru</email>
                        <okato>65401377000</okato>
                        <okpo>39908201</okpo>
                    </mainInfo>
                </ns2:customer>
                <ns2:placer>
                    <mainInfo>
                        <fullName>АКЦИОНЕРНОЕ ОБЩЕСТВО "ЕКАТЕРИНБУРГСКАЯ ТЕПЛОСЕТЕВАЯ КОМПАНИЯ"</fullName>
                        <shortName>АО "ЕТК"</shortName>
                        <iko>56671019770667101001</iko>
                        <inn>6671019770</inn>
                        <kpp>667101001</kpp>
                        <ogrn>1156658056940</ogrn>
                        <legalAddress>620075, обл СВЕРДЛОВСКАЯ, г ЕКАТЕРИНБУРГ, пр-кт ЛЕНИНА, дом 38</legalAddress>
                        <postalAddress>620075обл СВЕРДЛОВСКАЯ, г ЕКАТЕРИНБУРГ, пр-кт ЛЕНИНА, 38</postalAddress>
                        <phone>7-495-7833200-1172</phone>
                        <email>Svetlana.Gorbushina@tplusgroup.ru</email>
                        <okato>65401377000</okato>
                        <okpo>39908201</okpo>
                    </mainInfo>
                </ns2:placer>
                <ns2:publicationDate>2017-03-30T15:45:10</ns2:publicationDate>
                <ns2:status>P</ns2:status>
                <ns2:version>1</ns2:version>
                <ns2:completed>true</ns2:completed>
                <ns2:attachments>
                    <totalDocumentsCount>12</totalDocumentsCount>
                    <document>
                        <guid>11b23e6c-94f9-4a8c-ad82-411c3c476a87</guid>
                        <createDateTime>2017-03-30T15:43:55</createDateTime>
                        <fileName>Акт и счф 7482001463-7А00 от 30.11.2016.pdf</fileName>
                        <description>Акт и счф 7482001463-7А00 от 30.11.2016</description>
                        <url>https://zakupki.gov.ru/223/contract/private/download/download.html?id=11744272</url>
                        <registrationNumber>56671019770160001320004</registrationNumber>
                    </document>
                    <document>
                        <guid>dbcc6c82-85e5-4e98-8add-114eeb0e0457</guid>
                        <createDateTime>2017-03-30T15:42:51</createDateTime>
                        <fileName>ПП к счф 7482001235-7А00 от 30.09.2016.pdf</fileName>
                        <description>ПП к счф 7482001235-7А00 от 30.09.2016</description>
                        <url>https://zakupki.gov.ru/223/contract/private/download/download.html?id=11744209</url>
                        <registrationNumber>56671019770160001320005</registrationNumber>
                    </document>
                    <document>
                        <guid>d8dd9d58-6271-453a-8bb6-0b6129cfd796</guid>
                        <createDateTime>2017-03-30T15:43:20</createDateTime>
                        <fileName>Акт и счф 7482001237-7А00 от 30.09.2016.pdf</fileName>
                        <description>Акт и счф 7482001237-7А00 от 30.09.2016</description>
                        <url>https://zakupki.gov.ru/223/contract/private/download/download.html?id=11744226</url>
                        <registrationNumber>56671019770160001320006</registrationNumber>
                    </document>
                    <document>
                        <guid>8df45d7e-0972-462e-99f2-c965ad7768b8</guid>
                        <createDateTime>2017-03-30T15:43:42</createDateTime>
                        <fileName>ПП к счф 7482001309-7А00 от 31.10.2016.pdf</fileName>
                        <description>ПП к счф 7482001309-7А00 от 31.10.2016</description>
                        <url>https://zakupki.gov.ru/223/contract/private/download/download.html?id=11744261</url>
                        <registrationNumber>56671019770160001320007</registrationNumber>
                    </document>
                    <document>
                        <guid>d469df02-dfba-4f1c-8733-8cac46a5dce2</guid>
                        <createDateTime>2017-03-30T15:44:14</createDateTime>
                        <fileName>Акт и счф 7482001577-7A00 от 31.12.2016.pdf</fileName>
                        <description>Акт и счф 7482001577-7A00 от 31.12.2016</description>
                        <url>https://zakupki.gov.ru/223/contract/private/download/download.html?id=11744295</url>
                        <registrationNumber>56671019770160001320008</registrationNumber>
                    </document>
                    <document>
                        <guid>42300dfb-4bed-4fa9-b5c0-49e26078c01f</guid>
                        <createDateTime>2017-03-30T15:43:04</createDateTime>
                        <fileName>Акт и счф 7482001236-7А00 от 30.09.2016.pdf</fileName>
                        <description>Акт и счф 7482001236-7А00 от 30.09.2016</description>
                        <url>https://zakupki.gov.ru/223/contract/private/download/download.html?id=11744216</url>
                        <registrationNumber>56671019770160001320009</registrationNumber>
                    </document>
                    <document>
                        <guid>cb244ff6-5913-47e8-b82a-2ebeb8e92b5a</guid>
                        <createDateTime>2017-03-30T15:42:44</createDateTime>
                        <fileName>Акт и счф 7482001235-7А00 от 30.09.2016.pdf</fileName>
                        <description>Акт и счф 7482001235-7А00 от 30.09.2016</description>
                        <url>https://zakupki.gov.ru/223/contract/private/download/download.html?id=11744200</url>
                        <registrationNumber>56671019770160001320010</registrationNumber>
                    </document>
                    <document>
                        <guid>d8e8dc60-7e91-40d8-ab8b-017bc0ff1afa</guid>
                        <createDateTime>2017-03-30T15:44:03</createDateTime>
                        <fileName>ПП к счф 7482001463-7А00 от 30.11.2016.pdf</fileName>
                        <description>ПП к счф 7482001463-7А00 от 30.11.2016</description>
                        <url>https://zakupki.gov.ru/223/contract/private/download/download.html?id=11744280</url>
                        <registrationNumber>56671019770160001320011</registrationNumber>
                    </document>
                    <document>
                        <guid>8d09f614-ad19-4eeb-8491-21b8ae1f3a4a</guid>
                        <createDateTime>2017-03-30T15:44:21</createDateTime>
                        <fileName>ПП к счф 7482001577-7А00 от 31.12.2016.pdf</fileName>
                        <description>ПП к счф 7482001577-7А00 от 31.12.2016</description>
                        <url>https://zakupki.gov.ru/223/contract/private/download/download.html?id=11744298</url>
                        <registrationNumber>56671019770160001320012</registrationNumber>
                    </document>
                    <document>
                        <guid>e9200b78-5575-4a24-8d68-e4a72d236c32</guid>
                        <createDateTime>2017-03-30T15:43:36</createDateTime>
                        <fileName>Акт и счф 7482001309-7А00 от 31.10.2016.pdf</fileName>
                        <description>Акт и счф 7482001309-7А00 от 31.10.2016</description>
                        <url>https://zakupki.gov.ru/223/contract/private/download/download.html?id=11744251</url>
                        <registrationNumber>56671019770160001320013</registrationNumber>
                    </document>
                    <document>
                        <guid>0081e2f4-150c-4914-b296-7ccc2698109d</guid>
                        <createDateTime>2017-03-30T15:43:10</createDateTime>
                        <fileName>ПП к счф 7482001236-7А00 от 30.09.2016.pdf</fileName>
                        <description>ПП к счф 7482001236-7А00 от 30.09.2016</description>
                        <url>https://zakupki.gov.ru/223/contract/private/download/download.html?id=11744219</url>
                        <registrationNumber>56671019770160001320014</registrationNumber>
                    </document>
                    <document>
                        <guid>ddc2ca76-f8e9-42c3-930e-6ea8d9faa701</guid>
                        <createDateTime>2017-03-30T15:43:25</createDateTime>
                        <fileName>ПП к счф 7482001237-7А00 от 30.09.2016.pdf</fileName>
                        <description>ПП к счф 7482001237-7А00 от 30.09.2016</description>
                        <url>https://zakupki.gov.ru/223/contract/private/download/download.html?id=11744235</url>
                        <registrationNumber>56671019770160001320015</registrationNumber>
                    </document>
                </ns2:attachments>
                <ns2:hasPenalty>false</ns2:hasPenalty>
                <ns2:contractRegNumber>56671019770160001320000</ns2:contractRegNumber>
                <ns2:contractInfo>
                    <ns2:guid>fe819c55-afba-4458-a5c5-a02834ef71c8</ns2:guid>
                    <ns2:agencyName>АО "ЕТК"</ns2:agencyName>
                    <ns2:supplierName>ПУБЛИЧНОЕ АКЦИОНЕРНОЕ ОБЩЕСТВО "Т ПЛЮС"</ns2:supplierName>
                    <ns2:lotInfo>Услуги связи</ns2:lotInfo>
                    <ns2:contractDate>2016-10-05</ns2:contractDate>
                </ns2:contractInfo>
                <ns2:positions>
                    <ns2:position>
                        <ns2:ordinal>1</ns2:ordinal>
                        <ns2:paymentDate>2017-03-21</ns2:paymentDate>
                        <ns2:price>949546.32</ns2:price>
                        <ns2:currency>
                            <code>RUB</code>
                            <digitalCode>643</digitalCode>
                            <name>Российский рубль</name>
                        </ns2:currency>
                        <ns2:rubPrice>949546.32</ns2:rubPrice>
                        <ns2:prepaid>false</ns2:prepaid>
                        <ns2:docs>
                            <ns2:doc>
                                <ns2:ordinal>1</ns2:ordinal>
                                <ns2:code>20</ns2:code>
                                <ns2:name>акт выполненных работ</ns2:name>
                                <ns2:contractPosition>
                                    <ns2:guid>c24775f7-a964-4837-9c9e-51f3d799e10b</ns2:guid>
                                    <ns2:name>Услуги телекоммуникационные проводные</ns2:name>
                                    <ns2:okpd2>
                                        <code>61.10</code>
                                        <name>Услуги телекоммуникационные проводные</name>
                                    </ns2:okpd2>
                                </ns2:contractPosition>
                                <ns2:okei>
                                    <code>876</code>
                                    <name>Условная единица</name>
                                </ns2:okei>
                                <ns2:qty>1</ns2:qty>
                            </ns2:doc>
                        </ns2:docs>
                    </ns2:position>
                    <ns2:total>949546.32</ns2:total>
                </ns2:positions>
            </ns2:performanceContractData>
        </ns2:item>
    </ns2:body>
</ns2:performanceContract>
