<?xml version="1.0" encoding="UTF-8" standalone="yes"?>
<ns2:performanceContract xsi:schemaLocation="http://zakupki.gov.ru/223/integration/schema/TFF-5.2 http://zakupki.gov.ru/223/integration/schema/TFF-5.2/Types.xsd" xmlns="http://zakupki.gov.ru/223fz/types/1" xmlns:ns10="http://zakupki.gov.ru/223fz/disagreementProtocol/1" xmlns:ns11="http://zakupki.gov.ru/223fz/purchase/1" xmlns:ns12="http://zakupki.gov.ru/223fz/machineryListInfo/1" xmlns:ns13="http://zakupki.gov.ru/223fz/revenue/1" xmlns:ns14="http://zakupki.gov.ru/223fz/orderClauseList/1" xmlns:ns15="http://zakupki.gov.ru/223fz/complaint/1" xmlns:ns16="http://zakupki.gov.ru/223fz/missedNotice/1" xmlns:ns17="http://zakupki.gov.ru/223fz/notificationIssue/1" xmlns:ns18="http://zakupki.gov.ru/223fz/purchasePlanProject/1" xmlns:ns19="http://zakupki.gov.ru/223fz/webRequest/1" xmlns:ns2="http://zakupki.gov.ru/223fz/contract/1" xmlns:xsi="http://www.w3.org/2001/XMLSchema-instance" xmlns:ns3="http://zakupki.gov.ru/223fz/dishonestSupplier/1" xmlns:ns4="http://zakupki.gov.ru/223fz/decisionSuspension/1" xmlns:ns5="http://zakupki.gov.ru/223fz/purchasePlanAdditionalPosition/1" xmlns:ns6="http://zakupki.gov.ru/223fz/purchasePlan/1" xmlns:ns7="http://zakupki.gov.ru/223fz/purchasePlanProjectAdditionalPosition/1" xmlns:ns8="http://zakupki.gov.ru/223fz/reference/1" xmlns:ns9="http://zakupki.gov.ru/223fz/stopCommodity/1">
    <header>
        <guid>4f93737b-1d80-4bee-9d08-2fc3236d7e25</guid>
        <createDateTime>2017-03-30T16:06:15</createDateTime>
    </header>
    <ns2:body>
        <ns2:item>
            <guid>e9a3c243-8c05-47bd-a954-c894297cfccc</guid>
            <ns2:performanceContractData>
                <ns2:guid>12d3b788-eab9-4218-8310-cd7ac7e4358d</ns2:guid>
                <ns2:registrationNumber>56671163413160017160003</ns2:registrationNumber>
                <ns2:urlOOS>https://zakupki.gov.ru/223/contract/private/completing/info/view.html?id=2668819</ns2:urlOOS>
                <ns2:createDateTime>2016-07-12T08:50:56</ns2:createDateTime>
                <ns2:customer>
                    <mainInfo>
                        <fullName>Открытое акционерное общество "Межрегиональная распределительная сетевая компания Урала"</fullName>
                        <shortName>ОАО "МРСК Урала"</shortName>
                        <iko>56671163413667201001</iko>
                        <inn>6671163413</inn>
                        <kpp>667201001</kpp>
                        <ogrn>1056604000970</ogrn>
                        <legalAddress>620026, Свердловская, Екатеринбург, Мамина-Сибиряка, дом 140</legalAddress>
                        <postalAddress>620026, Свердловская область, Екатеринбург, Мамина-Сибиряка, дом 140 </postalAddress>
                        <phone>7-343-2152600</phone>
                        <fax>7-343-2152661</fax>
                        <email>mrsk@mrsk-ural.ru</email>
                        <okato>65401000000</okato>
                        <okpo>76507836</okpo>
                    </mainInfo>
                </ns2:customer>
                <ns2:placer>
                    <mainInfo>
                        <fullName>Открытое акционерное общество "Межрегиональная распределительная сетевая компания Урала"</fullName>
                        <shortName>ОАО "МРСК Урала"</shortName>
                        <iko>56671163413667201001</iko>
                        <inn>6671163413</inn>
                        <kpp>667201001</kpp>
                        <ogrn>1056604000970</ogrn>
                        <legalAddress>620026, Свердловская, Екатеринбург, Мамина-Сибиряка, дом 140</legalAddress>
                        <postalAddress>620026, Свердловская область, Екатеринбург, Мамина-Сибиряка, дом 140 </postalAddress>
                        <phone>7-343-2152600</phone>
                        <fax>7-343-2152661</fax>
                        <email>mrsk@mrsk-ural.ru</email>
                        <okato>65401000000</okato>
                        <okpo>76507836</okpo>
                    </mainInfo>
                </ns2:placer>
                <ns2:publicationDate>2017-03-30T16:06:15</ns2:publicationDate>
                <ns2:status>P</ns2:status>
                <ns2:version>1</ns2:version>
                <ns2:completed>false</ns2:completed>
                <ns2:attachments>
                    <totalDocumentsCount>3</totalDocumentsCount>
                    <document>
                        <guid>9633e007-4f13-4fbe-804e-d515d00adf2d</guid>
                        <createDateTime>2017-03-30T16:04:11</createDateTime>
                        <fileName>11-16 ТЭС 2016-7974 ЭнергоИнжиниринг  сф 2 920 444,99.pdf</fileName>
                        <description>11-16 ТЭС 2016-7974 ЭнергоИнжиниринг  сф 2 920 444,99</description>
                        <url>https://zakupki.gov.ru/223/contract/private/download/download.html?id=11745368</url>
                        <registrationNumber>56671163413160017160004</registrationNumber>
                    </document>
                    <document>
                        <guid>098e7e8a-07a4-4577-8cfe-1b6a73850b5b</guid>
                        <createDateTime>2017-03-30T16:03:52</createDateTime>
                        <fileName>плат.поручение 30.11.16.pdf</fileName>
                        <description>плат.поручение 30.11.16</description>
                        <url>https://zakupki.gov.ru/223/contract/private/download/download.html?id=11745355</url>
                        <registrationNumber>56671163413160017160005</registrationNumber>
                    </document>
                    <document>
                        <guid>0b8c4426-45a6-454c-966c-fd7c5b48db51</guid>
                        <createDateTime>2017-03-30T16:06:03</createDateTime>
                        <fileName>плат.поручение 29.12.16.pdf</fileName>
                        <description>плат.поручение 29.12.16</description>
                        <url>https://zakupki.gov.ru/223/contract/private/download/download.html?id=11745468</url>
                        <registrationNumber>56671163413160017160006</registrationNumber>
                    </document>
                </ns2:attachments>
                <ns2:hasPenalty>false</ns2:hasPenalty>
                <ns2:contractRegNumber>56671163413160017160000</ns2:contractRegNumber>
                <ns2:contractInfo>
                    <ns2:guid>30e12bcf-007b-4c11-86fe-b23e156c1e59</ns2:guid>
                    <ns2:name>2016-7974</ns2:name>
                    <ns2:agencyName>ОАО "МРСК Урала"</ns2:agencyName>
                    <ns2:supplierName>ОБЩЕСТВО С ОГРАНИЧЕННОЙ ОТВЕТСТВЕННОСТЬЮ "ЭНЕРГОИНЖИНИРИНГ"</ns2:supplierName>
                    <ns2:lotInfo>Право заключения договора подряда на выполнение аварийно-восстановительных работ по объекту: «Замена выключателя 110кВ на ПС Подовинная» производственного отделения «Троицкие электрические сети» филиала ОАО «МРСК Урала» - «Челябэнерго»</ns2:lotInfo>
                    <ns2:contractDate>2016-07-11</ns2:contractDate>
                </ns2:contractInfo>
                <ns2:positions>
                    <ns2:position>
                        <ns2:ordinal>2</ns2:ordinal>
                        <ns2:paymentDate>2016-12-29</ns2:paymentDate>
                        <ns2:price>2410789.97</ns2:price>
                        <ns2:currency>
                            <code>RUB</code>
                            <digitalCode>643</digitalCode>
                            <name>Российский рубль</name>
                        </ns2:currency>
                        <ns2:rubPrice>2410789.97</ns2:rubPrice>
                        <ns2:prepaid>false</ns2:prepaid>
                        <ns2:docs>
                            <ns2:doc>
                                <ns2:ordinal>1</ns2:ordinal>
                                <ns2:code>37</ns2:code>
                                <ns2:name>прочие документы о приемке</ns2:name>
                                <ns2:contractPosition>
                                    <ns2:guid>3cabb759-ffc4-014e-e053-ac11070d70ec</ns2:guid>
                                    <ns2:name>выполнение аварийно-восстановительных работ по объекту: «Замена выключателя 110кВ на ПС Подовинная» производственного отделения «Троицкие электрические сети» филиала ОАО «МРСК Урала» - «Челябэнерго»</ns2:name>
                                    <ns2:okpd2>
                                        <code>42.22.23.000</code>
                                        <name>Работы строительные по строительству электростанций</name>
                                    </ns2:okpd2>
                                </ns2:contractPosition>
                                <ns2:okei>
                                    <code>642</code>
                                    <name>Единица</name>
                                </ns2:okei>
                                <ns2:qty>1</ns2:qty>
                            </ns2:doc>
                        </ns2:docs>
                    </ns2:position>
                    <ns2:position>
                        <ns2:ordinal>1</ns2:ordinal>
                        <ns2:paymentDate>2016-11-30</ns2:paymentDate>
                        <ns2:price>509655.02</ns2:price>
                        <ns2:currency>
                            <code>RUB</code>
                            <digitalCode>643</digitalCode>
                            <name>Российский рубль</name>
                        </ns2:currency>
                        <ns2:rubPrice>509655.02</ns2:rubPrice>
                        <ns2:prepaid>false</ns2:prepaid>
                        <ns2:docs>
                            <ns2:doc>
                                <ns2:ordinal>1</ns2:ordinal>
                                <ns2:code>37</ns2:code>
                                <ns2:name>прочие документы о приемке</ns2:name>
                                <ns2:contractPosition>
                                    <ns2:guid>3cabb759-ffc4-014e-e053-ac11070d70ec</ns2:guid>
                                    <ns2:name>выполнение аварийно-восстановительных работ по объекту: «Замена выключателя 110кВ на ПС Подовинная» производственного отделения «Троицкие электрические сети» филиала ОАО «МРСК Урала» - «Челябэнерго»</ns2:name>
                                    <ns2:okpd2>
                                        <code>42.22.23.000</code>
                                        <name>Работы строительные по строительству электростанций</name>
                                    </ns2:okpd2>
                                </ns2:contractPosition>
                                <ns2:okei>
                                    <code>642</code>
                                    <name>Единица</name>
                                </ns2:okei>
                                <ns2:qty>1</ns2:qty>
                            </ns2:doc>
                        </ns2:docs>
                    </ns2:position>
                    <ns2:total>2920444.99</ns2:total>
                </ns2:positions>
            </ns2:performanceContractData>
        </ns2:item>
    </ns2:body>
</ns2:performanceContract>
