<?xml version="1.0" encoding="UTF-8" standalone="yes"?>
<ns2:performanceContract xsi:schemaLocation="http://zakupki.gov.ru/223/integration/schema/TFF-5.2 http://zakupki.gov.ru/223/integration/schema/TFF-5.2/Types.xsd" xmlns="http://zakupki.gov.ru/223fz/types/1" xmlns:ns10="http://zakupki.gov.ru/223fz/disagreementProtocol/1" xmlns:ns11="http://zakupki.gov.ru/223fz/purchase/1" xmlns:ns12="http://zakupki.gov.ru/223fz/machineryListInfo/1" xmlns:ns13="http://zakupki.gov.ru/223fz/revenue/1" xmlns:ns14="http://zakupki.gov.ru/223fz/orderClauseList/1" xmlns:ns15="http://zakupki.gov.ru/223fz/complaint/1" xmlns:ns16="http://zakupki.gov.ru/223fz/missedNotice/1" xmlns:ns17="http://zakupki.gov.ru/223fz/notificationIssue/1" xmlns:ns18="http://zakupki.gov.ru/223fz/purchasePlanProject/1" xmlns:ns19="http://zakupki.gov.ru/223fz/webRequest/1" xmlns:ns2="http://zakupki.gov.ru/223fz/contract/1" xmlns:xsi="http://www.w3.org/2001/XMLSchema-instance" xmlns:ns3="http://zakupki.gov.ru/223fz/dishonestSupplier/1" xmlns:ns4="http://zakupki.gov.ru/223fz/decisionSuspension/1" xmlns:ns5="http://zakupki.gov.ru/223fz/purchasePlanAdditionalPosition/1" xmlns:ns6="http://zakupki.gov.ru/223fz/purchasePlan/1" xmlns:ns7="http://zakupki.gov.ru/223fz/purchasePlanProjectAdditionalPosition/1" xmlns:ns8="http://zakupki.gov.ru/223fz/reference/1" xmlns:ns9="http://zakupki.gov.ru/223fz/stopCommodity/1">
    <header>
        <guid>f387cb2b-c6de-41a2-88f6-2cfe6b82c2d5</guid>
        <createDateTime>2017-03-30T21:13:07</createDateTime>
    </header>
    <ns2:body>
        <ns2:item>
            <guid>86646c4e-587d-490e-8b5d-1c88bbf66bd0</guid>
            <ns2:performanceContractData>
                <ns2:guid>3b17a3e4-9618-4928-bade-5e3a379c1346</ns2:guid>
                <ns2:registrationNumber>56605002100170001290003</ns2:registrationNumber>
                <ns2:urlOOS>https://zakupki.gov.ru/223/contract/private/completing/info/view.html?id=2669819</ns2:urlOOS>
                <ns2:createDateTime>2017-02-15T06:11:05</ns2:createDateTime>
                <ns2:customer>
                    <mainInfo>
                        <fullName>Открытое акционерное общество "Богдановичский комбикормовый завод"</fullName>
                        <shortName>ОАО "Богдановичский комбикормовый завод"</shortName>
                        <iko>56605002100660501001</iko>
                        <inn>6605002100</inn>
                        <kpp>660501001</kpp>
                        <ogrn>1026600705790</ogrn>
                        <legalAddress>623530, Свердловская, Богданович, Степана Разина, дом 64</legalAddress>
                        <postalAddress>623530, Свердловская Область, Богданович Город, Степана Разина Улица, дом 64</postalAddress>
                        <phone>7-34376-55681</phone>
                        <email>lawyer@combikorm.ru</email>
                        <okato>65416000000</okato>
                        <okpo>04537234</okpo>
                    </mainInfo>
                </ns2:customer>
                <ns2:placer>
                    <mainInfo>
                        <fullName>Открытое акционерное общество "Богдановичский комбикормовый завод"</fullName>
                        <shortName>ОАО "Богдановичский комбикормовый завод"</shortName>
                        <iko>56605002100660501001</iko>
                        <inn>6605002100</inn>
                        <kpp>660501001</kpp>
                        <ogrn>1026600705790</ogrn>
                        <legalAddress>623530, Свердловская, Богданович, Степана Разина, дом 64</legalAddress>
                        <postalAddress>623530, Свердловская Область, Богданович Город, Степана Разина Улица, дом 64</postalAddress>
                        <phone>7-34376-55681</phone>
                        <email>lawyer@combikorm.ru</email>
                        <okato>65416000000</okato>
                        <okpo>04537234</okpo>
                    </mainInfo>
                </ns2:placer>
                <ns2:publicationDate>2017-03-30T21:13:07</ns2:publicationDate>
                <ns2:status>P</ns2:status>
                <ns2:version>1</ns2:version>
                <ns2:completed>true</ns2:completed>
                <ns2:attachments>
                    <totalDocumentsCount>2</totalDocumentsCount>
                    <document>
                        <guid>e7599e01-1f47-4e3f-9376-eb09e76c1ca7</guid>
                        <createDateTime>2017-03-30T21:12:54</createDateTime>
                        <fileName>ООО Орбита-Торг дог.645 от 27.06.2016.pdf</fileName>
                        <description>ООО Орбита-Торг дог.645 от 27.06.2016</description>
                        <url>https://zakupki.gov.ru/223/contract/private/download/download.html?id=11750592</url>
                        <registrationNumber>56605002100170001290004</registrationNumber>
                    </document>
                    <document>
                        <guid>439ab54e-3383-44ab-aa3a-982b06000976</guid>
                        <createDateTime>2017-03-30T21:12:42</createDateTime>
                        <fileName>ООО ОРБИТА-ТОРГ  дог.645 от 27.06.2016.pdf</fileName>
                        <description>ООО ОРБИТА-ТОРГ  дог.645 от 27.06.2016</description>
                        <url>https://zakupki.gov.ru/223/contract/private/download/download.html?id=11750590</url>
                        <registrationNumber>56605002100170001290005</registrationNumber>
                    </document>
                </ns2:attachments>
                <ns2:hasPenalty>false</ns2:hasPenalty>
                <ns2:contractRegNumber>56605002100170001290000</ns2:contractRegNumber>
                <ns2:contractInfo>
                    <ns2:guid>c2968f08-be36-4cf1-8314-731ce102afac</ns2:guid>
                    <ns2:name>645</ns2:name>
                    <ns2:agencyName>ОАО "Богдановичский комбикормовый завод"</ns2:agencyName>
                    <ns2:supplierName>ОБЩЕСТВО С ОГРАНИЧЕННОЙ ОТВЕТСТВЕННОСТЬЮ "ОРБИТА-СНАБ"</ns2:supplierName>
                    <ns2:lotInfo>Меласса свекловичная</ns2:lotInfo>
                    <ns2:contractDate>2016-06-27</ns2:contractDate>
                </ns2:contractInfo>
                <ns2:positions>
                    <ns2:position>
                        <ns2:ordinal>1</ns2:ordinal>
                        <ns2:paymentDate>2016-07-26</ns2:paymentDate>
                        <ns2:price>400000</ns2:price>
                        <ns2:currency>
                            <code>RUB</code>
                            <digitalCode>643</digitalCode>
                            <name>Российский рубль</name>
                        </ns2:currency>
                        <ns2:rubPrice>400000</ns2:rubPrice>
                        <ns2:prepaid>false</ns2:prepaid>
                        <ns2:docs>
                            <ns2:doc>
                                <ns2:ordinal>1</ns2:ordinal>
                                <ns2:date>2016-07-27</ns2:date>
                                <ns2:code>37</ns2:code>
                                <ns2:name>прочие документы о приемке</ns2:name>
                                <ns2:number>акт сверки расчётов за период с 27.06.2016 по 26.07.2016</ns2:number>
                                <ns2:contractPosition>
                                    <ns2:guid>45503849-76f3-41dc-9b58-3ebefaebbdc2</ns2:guid>
                                    <ns2:name>Меласса свекловичная</ns2:name>
                                    <ns2:okpd2>
                                        <code>10.81.14.110</code>
                                        <name>Меласса свекловичная</name>
                                    </ns2:okpd2>
                                </ns2:contractPosition>
                                <ns2:okei>
                                    <code>168</code>
                                    <name>Тонна; Метрическая тонна (1000 кг)</name>
                                </ns2:okei>
                                <ns2:qty>81.72</ns2:qty>
                            </ns2:doc>
                        </ns2:docs>
                    </ns2:position>
                    <ns2:position>
                        <ns2:ordinal>2</ns2:ordinal>
                        <ns2:paymentDate>2016-07-26</ns2:paymentDate>
                        <ns2:price>8015.88</ns2:price>
                        <ns2:currency>
                            <code>RUB</code>
                            <digitalCode>643</digitalCode>
                            <name>Российский рубль</name>
                        </ns2:currency>
                        <ns2:rubPrice>8015.88</ns2:rubPrice>
                        <ns2:prepaid>false</ns2:prepaid>
                        <ns2:docs>
                            <ns2:doc>
                                <ns2:ordinal>1</ns2:ordinal>
                                <ns2:date>2016-07-27</ns2:date>
                                <ns2:code>37</ns2:code>
                                <ns2:name>прочие документы о приемке</ns2:name>
                                <ns2:number>акт сверки расчётов за период с 27.06.2016 по 26.07.2016</ns2:number>
                                <ns2:contractPosition>
                                    <ns2:guid>45503849-76f3-41dc-9b58-3ebefaebbdc2</ns2:guid>
                                    <ns2:name>Меласса свекловичная</ns2:name>
                                    <ns2:okpd2>
                                        <code>10.81.14.110</code>
                                        <name>Меласса свекловичная</name>
                                    </ns2:okpd2>
                                </ns2:contractPosition>
                                <ns2:okei>
                                    <code>168</code>
                                    <name>Тонна; Метрическая тонна (1000 кг)</name>
                                </ns2:okei>
                                <ns2:qty>81.72</ns2:qty>
                            </ns2:doc>
                        </ns2:docs>
                    </ns2:position>
                    <ns2:position>
                        <ns2:ordinal>3</ns2:ordinal>
                        <ns2:paymentDate>2016-08-02</ns2:paymentDate>
                        <ns2:price>396443.12</ns2:price>
                        <ns2:currency>
                            <code>RUB</code>
                            <digitalCode>643</digitalCode>
                            <name>Российский рубль</name>
                        </ns2:currency>
                        <ns2:rubPrice>396443.12</ns2:rubPrice>
                        <ns2:prepaid>false</ns2:prepaid>
                        <ns2:docs>
                            <ns2:doc>
                                <ns2:ordinal>1</ns2:ordinal>
                                <ns2:date>2016-08-03</ns2:date>
                                <ns2:code>37</ns2:code>
                                <ns2:name>прочие документы о приемке</ns2:name>
                                <ns2:number>акт сверки расчётов за период с 27.06.2016 по 02.08.2016</ns2:number>
                                <ns2:contractPosition>
                                    <ns2:guid>45503849-76f3-41dc-9b58-3ebefaebbdc2</ns2:guid>
                                    <ns2:name>Меласса свекловичная</ns2:name>
                                    <ns2:okpd2>
                                        <code>10.81.14.110</code>
                                        <name>Меласса свекловичная</name>
                                    </ns2:okpd2>
                                </ns2:contractPosition>
                                <ns2:okei>
                                    <code>168</code>
                                    <name>Тонна; Метрическая тонна (1000 кг)</name>
                                </ns2:okei>
                                <ns2:qty>81.72</ns2:qty>
                            </ns2:doc>
                        </ns2:docs>
                    </ns2:position>
                    <ns2:total>804459.00</ns2:total>
                </ns2:positions>
            </ns2:performanceContractData>
        </ns2:item>
    </ns2:body>
</ns2:performanceContract>
