<?xml version="1.0" encoding="UTF-8" standalone="yes"?>
<ns2:contractCancellation xsi:schemaLocation="http://zakupki.gov.ru/223/integration/schema/TFF-5.2 http://zakupki.gov.ru/223/integration/schema/TFF-5.2/Types.xsd" xmlns="http://zakupki.gov.ru/223fz/types/1" xmlns:ns10="http://zakupki.gov.ru/223fz/disagreementProtocol/1" xmlns:ns11="http://zakupki.gov.ru/223fz/purchase/1" xmlns:ns12="http://zakupki.gov.ru/223fz/machineryListInfo/1" xmlns:ns13="http://zakupki.gov.ru/223fz/revenue/1" xmlns:ns14="http://zakupki.gov.ru/223fz/orderClauseList/1" xmlns:ns15="http://zakupki.gov.ru/223fz/complaint/1" xmlns:ns16="http://zakupki.gov.ru/223fz/missedNotice/1" xmlns:ns17="http://zakupki.gov.ru/223fz/notificationIssue/1" xmlns:ns18="http://zakupki.gov.ru/223fz/purchasePlanProject/1" xmlns:ns19="http://zakupki.gov.ru/223fz/webRequest/1" xmlns:ns2="http://zakupki.gov.ru/223fz/contract/1" xmlns:xsi="http://www.w3.org/2001/XMLSchema-instance" xmlns:ns3="http://zakupki.gov.ru/223fz/dishonestSupplier/1" xmlns:ns4="http://zakupki.gov.ru/223fz/decisionSuspension/1" xmlns:ns5="http://zakupki.gov.ru/223fz/purchasePlanAdditionalPosition/1" xmlns:ns6="http://zakupki.gov.ru/223fz/purchasePlan/1" xmlns:ns7="http://zakupki.gov.ru/223fz/purchasePlanProjectAdditionalPosition/1" xmlns:ns8="http://zakupki.gov.ru/223fz/reference/1" xmlns:ns9="http://zakupki.gov.ru/223fz/stopCommodity/1">
    <header>
        <guid>92c99b34-b67e-41d5-9d83-574c0e0ac780</guid>
        <createDateTime>2017-03-30T16:36:13</createDateTime>
    </header>
    <ns2:body>
        <ns2:item>
            <guid>05817c15-19d5-45d9-9d37-53e83196860d</guid>
            <ns2:contractCancellationData>
                <ns2:guid>ca04cdd4-1f57-45ba-915f-004779157011</ns2:guid>
                <ns2:registrationNumber>86670246811160000050003</ns2:registrationNumber>
                <ns2:urlOOS>https://zakupki.gov.ru/223/contract/private/completing/info/view.html?id=2669153</ns2:urlOOS>
                <ns2:createDateTime>2017-03-30T16:35:36</ns2:createDateTime>
                <ns2:customer>
                    <mainInfo>
                        <fullName>МУНИЦИПАЛЬНОЕ АВТОНОМНОЕ ДОШКОЛЬНОЕ ОБРАЗОВАТЕЛЬНОЕ УЧРЕЖДЕНИЕ - ДЕТСКИЙ САД № 453 "РАДУГА ДЕТСТВА"</fullName>
                        <shortName>МАДОУ - ДЕТСКИЙ САД № 453 "РАДУГА ДЕТСТВА"</shortName>
                        <iko>86670246811667001001</iko>
                        <inn>6670246811</inn>
                        <kpp>667001001</kpp>
                        <ogrn>1096670005519</ogrn>
                        <legalAddress>620072, ОБЛ СВЕРДЛОВСКАЯ, Г ЕКАТЕРИНБУРГ, УЛ ПАНЕЛЬНАЯ, дом 13, корпус А</legalAddress>
                        <postalAddress>620072 г. Екатеринбург ул. Панельная 13,а</postalAddress>
                        <phone>8-343-2225130-33</phone>
                        <fax>8-343-2225130</fax>
                        <email>mbdou453@mail.ru</email>
                        <okato>65401373000</okato>
                        <okpo>60793478</okpo>
                    </mainInfo>
                </ns2:customer>
                <ns2:placer>
                    <mainInfo>
                        <fullName>МУНИЦИПАЛЬНОЕ АВТОНОМНОЕ ДОШКОЛЬНОЕ ОБРАЗОВАТЕЛЬНОЕ УЧРЕЖДЕНИЕ - ДЕТСКИЙ САД № 453 "РАДУГА ДЕТСТВА"</fullName>
                        <shortName>МАДОУ - ДЕТСКИЙ САД № 453 "РАДУГА ДЕТСТВА"</shortName>
                        <iko>86670246811667001001</iko>
                        <inn>6670246811</inn>
                        <kpp>667001001</kpp>
                        <ogrn>1096670005519</ogrn>
                        <legalAddress>620072, ОБЛ СВЕРДЛОВСКАЯ, Г ЕКАТЕРИНБУРГ, УЛ ПАНЕЛЬНАЯ, дом 13, корпус А</legalAddress>
                        <postalAddress>620072 г. Екатеринбург ул. Панельная 13,а</postalAddress>
                        <phone>8-343-2225130-33</phone>
                        <fax>8-343-2225130</fax>
                        <email>mbdou453@mail.ru</email>
                        <okato>65401373000</okato>
                        <okpo>60793478</okpo>
                    </mainInfo>
                </ns2:placer>
                <ns2:publicationDate>2017-03-30T16:36:13</ns2:publicationDate>
                <ns2:status>P</ns2:status>
                <ns2:version>1</ns2:version>
                <ns2:attachments>
                    <totalDocumentsCount>1</totalDocumentsCount>
                    <document>
                        <guid>bee02647-85ce-4e41-bd65-f734bdcf28ad</guid>
                        <createDateTime>2017-03-30T16:35:29</createDateTime>
                        <fileName>453 дс Соглашение о расторжении дог.№2016-0071.pdf</fileName>
                        <description>453 дс Соглашение о расторжении дог.№2016-0071</description>
                        <url>https://zakupki.gov.ru/223/contract/private/download/download.html?id=11746808</url>
                        <registrationNumber>86670246811160000050004</registrationNumber>
                    </document>
                </ns2:attachments>
                <ns2:hasPenalty>false</ns2:hasPenalty>
                <ns2:contractRegNumber>86670246811160000050000</ns2:contractRegNumber>
                <ns2:contractInfo>
                    <ns2:guid>160002ec-170f-4713-b080-66364a428723</ns2:guid>
                    <ns2:name>2016-0071</ns2:name>
                    <ns2:agencyName>МАДОУ - ДЕТСКИЙ САД № 453 "РАДУГА ДЕТСТВА"</ns2:agencyName>
                    <ns2:supplierName>Общество с ограниченной ответственностью "АВЭС-93"</ns2:supplierName>
                    <ns2:lotInfo>Поставка мясной продукциив четвертом квартале  2016 года для МАДОУ  –  детскийсад № 453  "Радуга детства"</ns2:lotInfo>
                    <ns2:contractDate>2016-09-30</ns2:contractDate>
                </ns2:contractInfo>
                <ns2:baseContractCancellationCode>1</ns2:baseContractCancellationCode>
                <ns2:baseContractCancellationName>Соглашение сторон</ns2:baseContractCancellationName>
                <ns2:baseRejectionDocCode>11</ns2:baseRejectionDocCode>
                <ns2:baseRejectionDocName>Дополнительное соглашение к договору</ns2:baseRejectionDocName>
                <ns2:completionDate>2016-12-31T00:00:00</ns2:completionDate>
                <ns2:baseRejectionDocNum>1</ns2:baseRejectionDocNum>
                <ns2:baseRejectionDocDate>2016-12-31</ns2:baseRejectionDocDate>
            </ns2:contractCancellationData>
        </ns2:item>
    </ns2:body>
</ns2:contractCancellation>
