<?xml version="1.0" encoding="UTF-8" standalone="yes"?>
<ns2:performanceContract xsi:schemaLocation="http://zakupki.gov.ru/223/integration/schema/TFF-5.2 http://zakupki.gov.ru/223/integration/schema/TFF-5.2/Types.xsd" xmlns="http://zakupki.gov.ru/223fz/types/1" xmlns:ns10="http://zakupki.gov.ru/223fz/disagreementProtocol/1" xmlns:ns11="http://zakupki.gov.ru/223fz/purchase/1" xmlns:ns12="http://zakupki.gov.ru/223fz/machineryListInfo/1" xmlns:ns13="http://zakupki.gov.ru/223fz/revenue/1" xmlns:ns14="http://zakupki.gov.ru/223fz/orderClauseList/1" xmlns:ns15="http://zakupki.gov.ru/223fz/complaint/1" xmlns:ns16="http://zakupki.gov.ru/223fz/missedNotice/1" xmlns:ns17="http://zakupki.gov.ru/223fz/notificationIssue/1" xmlns:ns18="http://zakupki.gov.ru/223fz/purchasePlanProject/1" xmlns:ns19="http://zakupki.gov.ru/223fz/webRequest/1" xmlns:ns2="http://zakupki.gov.ru/223fz/contract/1" xmlns:xsi="http://www.w3.org/2001/XMLSchema-instance" xmlns:ns3="http://zakupki.gov.ru/223fz/dishonestSupplier/1" xmlns:ns4="http://zakupki.gov.ru/223fz/decisionSuspension/1" xmlns:ns5="http://zakupki.gov.ru/223fz/purchasePlanAdditionalPosition/1" xmlns:ns6="http://zakupki.gov.ru/223fz/purchasePlan/1" xmlns:ns7="http://zakupki.gov.ru/223fz/purchasePlanProjectAdditionalPosition/1" xmlns:ns8="http://zakupki.gov.ru/223fz/reference/1" xmlns:ns9="http://zakupki.gov.ru/223fz/stopCommodity/1">
    <header>
        <guid>e0f929c5-d9ac-47b5-9654-fc12fb92b99f</guid>
        <createDateTime>2017-03-30T17:17:17</createDateTime>
    </header>
    <ns2:body>
        <ns2:item>
            <guid>407cc84b-5c6e-4a31-97e0-50f401fc718c</guid>
            <ns2:performanceContractData>
                <ns2:guid>1a0c1dfd-a208-4c51-a8f8-d21f0618d1cd</ns2:guid>
                <ns2:registrationNumber>86664033149170000030003</ns2:registrationNumber>
                <ns2:urlOOS>https://zakupki.gov.ru/223/contract/private/completing/info/view.html?id=2669441</ns2:urlOOS>
                <ns2:createDateTime>2017-01-19T21:29:20</ns2:createDateTime>
                <ns2:customer>
                    <mainInfo>
                        <fullName>Муниципальное бюджетное общеобразовательное учреждение средняя общеобразовательная школа № 105</fullName>
                        <shortName>МБОУ СОШ № 105</shortName>
                        <iko>86664033149667401001</iko>
                        <inn>6664033149</inn>
                        <kpp>667401001</kpp>
                        <ogrn>1026605767220</ogrn>
                        <legalAddress>620010, Свердловская, Екатеринбург, Косарева, дом 9</legalAddress>
                        <postalAddress>620010, г. Екатеринбург, ул. Косарева, 9</postalAddress>
                        <phone>8-343-2584352</phone>
                        <fax>8-343-2584352</fax>
                        <email>mboy105@mail.ru</email>
                        <okato>65401390000</okato>
                        <okpo>43089832</okpo>
                    </mainInfo>
                </ns2:customer>
                <ns2:placer>
                    <mainInfo>
                        <fullName>Муниципальное бюджетное общеобразовательное учреждение средняя общеобразовательная школа № 105</fullName>
                        <shortName>МБОУ СОШ № 105</shortName>
                        <iko>86664033149667401001</iko>
                        <inn>6664033149</inn>
                        <kpp>667401001</kpp>
                        <ogrn>1026605767220</ogrn>
                        <legalAddress>620010, Свердловская, Екатеринбург, Косарева, дом 9</legalAddress>
                        <postalAddress>620010, г. Екатеринбург, ул. Косарева, 9</postalAddress>
                        <phone>8-343-2584352</phone>
                        <fax>8-343-2584352</fax>
                        <email>mboy105@mail.ru</email>
                        <okato>65401390000</okato>
                        <okpo>43089832</okpo>
                    </mainInfo>
                </ns2:placer>
                <ns2:publicationDate>2017-03-30T17:17:17</ns2:publicationDate>
                <ns2:status>P</ns2:status>
                <ns2:version>1</ns2:version>
                <ns2:completed>false</ns2:completed>
                <ns2:attachments>
                    <totalDocumentsCount>3</totalDocumentsCount>
                    <document>
                        <guid>316dbaf3-6fca-49cb-993b-490c0ca24767</guid>
                        <createDateTime>2017-03-30T17:16:52</createDateTime>
                        <fileName>105 пп по КУ от 08.02.2017г..pdf</fileName>
                        <description>105 пп по КУ от 08.02.2017г.</description>
                        <url>https://zakupki.gov.ru/223/contract/private/download/download.html?id=11748625</url>
                        <registrationNumber>86664033149170000030004</registrationNumber>
                    </document>
                    <document>
                        <guid>58daba06-94e7-42e1-9ee5-8ce82bc325a6</guid>
                        <createDateTime>2017-03-30T17:16:59</createDateTime>
                        <fileName>105 свет.pdf</fileName>
                        <description>105 свет</description>
                        <url>https://zakupki.gov.ru/223/contract/private/download/download.html?id=11748627</url>
                        <registrationNumber>86664033149170000030005</registrationNumber>
                    </document>
                    <document>
                        <guid>021b2e58-b3b9-4c0a-8180-752b6c5d4d1e</guid>
                        <createDateTime>2017-03-30T17:17:03</createDateTime>
                        <fileName>105 свет-1.pdf</fileName>
                        <description>105 свет-1</description>
                        <url>https://zakupki.gov.ru/223/contract/private/download/download.html?id=11748634</url>
                        <registrationNumber>86664033149170000030006</registrationNumber>
                    </document>
                </ns2:attachments>
                <ns2:hasPenalty>false</ns2:hasPenalty>
                <ns2:contractRegNumber>86664033149170000030000</ns2:contractRegNumber>
                <ns2:contractInfo>
                    <ns2:guid>7e239f46-86ac-4fd7-a72b-2eb27ffeb1a1</ns2:guid>
                    <ns2:name>1589</ns2:name>
                    <ns2:agencyName>МБОУ СОШ № 105</ns2:agencyName>
                    <ns2:supplierName>ОБЩЕСТВО С ОГРАНИЧЕННОЙ ОТВЕТСТВЕННОСТЬЮ "ХИММАШ ЭНЕРГО"</ns2:supplierName>
                    <ns2:lotInfo>Поставка электрической энергии </ns2:lotInfo>
                    <ns2:contractDate>2017-01-01</ns2:contractDate>
                </ns2:contractInfo>
                <ns2:positions>
                    <ns2:position>
                        <ns2:ordinal>1</ns2:ordinal>
                        <ns2:paymentDate>2017-03-23</ns2:paymentDate>
                        <ns2:price>28019.41</ns2:price>
                        <ns2:currency>
                            <code>RUB</code>
                            <digitalCode>643</digitalCode>
                            <name>Российский рубль</name>
                        </ns2:currency>
                        <ns2:rubPrice>28019.41</ns2:rubPrice>
                        <ns2:prepaid>false</ns2:prepaid>
                        <ns2:docs>
                            <ns2:doc>
                                <ns2:ordinal>1</ns2:ordinal>
                                <ns2:date>2017-02-08</ns2:date>
                                <ns2:code>18</ns2:code>
                                <ns2:name>счет на оплату</ns2:name>
                                <ns2:number>572254</ns2:number>
                                <ns2:contractPosition>
                                    <ns2:guid>5ea763c1-418c-480b-869c-019170cca23b</ns2:guid>
                                    <ns2:name>Электроэнергия, произведенная электростанциями общего назначения</ns2:name>
                                    <ns2:okpd2>
                                        <code>35.11.10.110</code>
                                        <name>Электроэнергия, произведенная электростанциями общего назначения</name>
                                    </ns2:okpd2>
                                </ns2:contractPosition>
                                <ns2:okei>
                                    <code>876</code>
                                    <name>Условная единица</name>
                                </ns2:okei>
                                <ns2:qty>1</ns2:qty>
                            </ns2:doc>
                            <ns2:doc>
                                <ns2:ordinal>2</ns2:ordinal>
                                <ns2:date>2017-03-22</ns2:date>
                                <ns2:code>18</ns2:code>
                                <ns2:name>счет на оплату</ns2:name>
                                <ns2:number>172031</ns2:number>
                                <ns2:contractPosition>
                                    <ns2:guid>5ea763c1-418c-480b-869c-019170cca23b</ns2:guid>
                                    <ns2:name>Электроэнергия, произведенная электростанциями общего назначения</ns2:name>
                                    <ns2:okpd2>
                                        <code>35.11.10.110</code>
                                        <name>Электроэнергия, произведенная электростанциями общего назначения</name>
                                    </ns2:okpd2>
                                </ns2:contractPosition>
                                <ns2:okei>
                                    <code>876</code>
                                    <name>Условная единица</name>
                                </ns2:okei>
                                <ns2:qty>1</ns2:qty>
                            </ns2:doc>
                            <ns2:doc>
                                <ns2:ordinal>3</ns2:ordinal>
                                <ns2:date>2017-03-23</ns2:date>
                                <ns2:code>18</ns2:code>
                                <ns2:name>счет на оплату</ns2:name>
                                <ns2:number>175963</ns2:number>
                                <ns2:contractPosition>
                                    <ns2:guid>5ea763c1-418c-480b-869c-019170cca23b</ns2:guid>
                                    <ns2:name>Электроэнергия, произведенная электростанциями общего назначения</ns2:name>
                                    <ns2:okpd2>
                                        <code>35.11.10.110</code>
                                        <name>Электроэнергия, произведенная электростанциями общего назначения</name>
                                    </ns2:okpd2>
                                </ns2:contractPosition>
                                <ns2:okei>
                                    <code>876</code>
                                    <name>Условная единица</name>
                                </ns2:okei>
                                <ns2:qty>1</ns2:qty>
                            </ns2:doc>
                        </ns2:docs>
                    </ns2:position>
                    <ns2:total>28019.41</ns2:total>
                </ns2:positions>
            </ns2:performanceContractData>
        </ns2:item>
    </ns2:body>
</ns2:performanceContract>
