<?xml version="1.0" encoding="UTF-8" standalone="yes"?>
<ns2:performanceContract xsi:schemaLocation="http://zakupki.gov.ru/223/integration/schema/TFF-5.2 http://zakupki.gov.ru/223/integration/schema/TFF-5.2/Types.xsd" xmlns="http://zakupki.gov.ru/223fz/types/1" xmlns:ns10="http://zakupki.gov.ru/223fz/disagreementProtocol/1" xmlns:ns11="http://zakupki.gov.ru/223fz/purchase/1" xmlns:ns12="http://zakupki.gov.ru/223fz/machineryListInfo/1" xmlns:ns13="http://zakupki.gov.ru/223fz/revenue/1" xmlns:ns14="http://zakupki.gov.ru/223fz/orderClauseList/1" xmlns:ns15="http://zakupki.gov.ru/223fz/complaint/1" xmlns:ns16="http://zakupki.gov.ru/223fz/missedNotice/1" xmlns:ns17="http://zakupki.gov.ru/223fz/notificationIssue/1" xmlns:ns18="http://zakupki.gov.ru/223fz/purchasePlanProject/1" xmlns:ns19="http://zakupki.gov.ru/223fz/webRequest/1" xmlns:ns2="http://zakupki.gov.ru/223fz/contract/1" xmlns:xsi="http://www.w3.org/2001/XMLSchema-instance" xmlns:ns3="http://zakupki.gov.ru/223fz/dishonestSupplier/1" xmlns:ns4="http://zakupki.gov.ru/223fz/decisionSuspension/1" xmlns:ns5="http://zakupki.gov.ru/223fz/purchasePlanAdditionalPosition/1" xmlns:ns6="http://zakupki.gov.ru/223fz/purchasePlan/1" xmlns:ns7="http://zakupki.gov.ru/223fz/purchasePlanProjectAdditionalPosition/1" xmlns:ns8="http://zakupki.gov.ru/223fz/reference/1" xmlns:ns9="http://zakupki.gov.ru/223fz/stopCommodity/1">
    <header>
        <guid>a5f0dc41-161d-4bde-aa08-31f91bb90e9d</guid>
        <createDateTime>2017-03-30T20:37:47</createDateTime>
    </header>
    <ns2:body>
        <ns2:item>
            <guid>3b7ab4e5-64d1-49ee-ac7a-d214c4e13eae</guid>
            <ns2:performanceContractData>
                <ns2:guid>4a8b8fa9-f397-4ace-93e5-87f42e6beacc</ns2:guid>
                <ns2:registrationNumber>56605002100170001430003</ns2:registrationNumber>
                <ns2:urlOOS>https://zakupki.gov.ru/223/contract/private/completing/info/view.html?id=2669804</ns2:urlOOS>
                <ns2:createDateTime>2017-02-15T13:28:04</ns2:createDateTime>
                <ns2:customer>
                    <mainInfo>
                        <fullName>Открытое акционерное общество "Богдановичский комбикормовый завод"</fullName>
                        <shortName>ОАО "Богдановичский комбикормовый завод"</shortName>
                        <iko>56605002100660501001</iko>
                        <inn>6605002100</inn>
                        <kpp>660501001</kpp>
                        <ogrn>1026600705790</ogrn>
                        <legalAddress>623530, Свердловская, Богданович, Степана Разина, дом 64</legalAddress>
                        <postalAddress>623530, Свердловская Область, Богданович Город, Степана Разина Улица, дом 64</postalAddress>
                        <phone>7-34376-55681</phone>
                        <email>lawyer@combikorm.ru</email>
                        <okato>65416000000</okato>
                        <okpo>04537234</okpo>
                    </mainInfo>
                </ns2:customer>
                <ns2:placer>
                    <mainInfo>
                        <fullName>Открытое акционерное общество "Богдановичский комбикормовый завод"</fullName>
                        <shortName>ОАО "Богдановичский комбикормовый завод"</shortName>
                        <iko>56605002100660501001</iko>
                        <inn>6605002100</inn>
                        <kpp>660501001</kpp>
                        <ogrn>1026600705790</ogrn>
                        <legalAddress>623530, Свердловская, Богданович, Степана Разина, дом 64</legalAddress>
                        <postalAddress>623530, Свердловская Область, Богданович Город, Степана Разина Улица, дом 64</postalAddress>
                        <phone>7-34376-55681</phone>
                        <email>lawyer@combikorm.ru</email>
                        <okato>65416000000</okato>
                        <okpo>04537234</okpo>
                    </mainInfo>
                </ns2:placer>
                <ns2:publicationDate>2017-03-30T20:37:47</ns2:publicationDate>
                <ns2:status>P</ns2:status>
                <ns2:version>1</ns2:version>
                <ns2:completed>false</ns2:completed>
                <ns2:attachments>
                    <totalDocumentsCount>5</totalDocumentsCount>
                    <document>
                        <guid>748b48cd-91af-4616-a265-c34438bbbdef</guid>
                        <createDateTime>2017-03-30T20:37:06</createDateTime>
                        <fileName>ООО Бинака Трейд  дог.633 от 22.06.2016.pdf</fileName>
                        <description>ООО Бинака Трейд  дог.633 от 22.06.2016</description>
                        <url>https://zakupki.gov.ru/223/contract/private/download/download.html?id=11750505</url>
                        <registrationNumber>56605002100170001430004</registrationNumber>
                    </document>
                    <document>
                        <guid>7a14c2d5-af94-4779-9f06-56330084eaa6</guid>
                        <createDateTime>2017-03-30T20:37:11</createDateTime>
                        <fileName>ООО Бинака Трейд дог.633 от 22.06.2016 опл. 12.07.2016.pdf</fileName>
                        <description>ООО Бинака Трейд дог.633 от 22.06.2016 опл. 12.07.2016</description>
                        <url>https://zakupki.gov.ru/223/contract/private/download/download.html?id=11750506</url>
                        <registrationNumber>56605002100170001430005</registrationNumber>
                    </document>
                    <document>
                        <guid>b7ac0547-96e6-4b81-b284-9fe322e447e7</guid>
                        <createDateTime>2017-03-30T20:37:17</createDateTime>
                        <fileName>ООО Бинака-Трейд дог.633 от 22.06.2016.pdf</fileName>
                        <description>ООО Бинака-Трейд дог.633 от 22.06.2016</description>
                        <url>https://zakupki.gov.ru/223/contract/private/download/download.html?id=11750507</url>
                        <registrationNumber>56605002100170001430006</registrationNumber>
                    </document>
                    <document>
                        <guid>068236f3-e934-4aec-9f99-cf0a2ac65ad7</guid>
                        <createDateTime>2017-03-30T20:37:24</createDateTime>
                        <fileName>ОООБинака Трейд дог.633 от 22.06.2016 опл 16.08.2016.pdf</fileName>
                        <description>ОООБинака Трейд дог.633 от 22.06.2016 опл 16.08.2016</description>
                        <url>https://zakupki.gov.ru/223/contract/private/download/download.html?id=11750508</url>
                        <registrationNumber>56605002100170001430007</registrationNumber>
                    </document>
                    <document>
                        <guid>3ed7f5c8-f17e-447a-b8db-ca063e8f7260</guid>
                        <createDateTime>2017-03-30T20:37:31</createDateTime>
                        <fileName>ООО Бинака Трейд дог.633 от 22.06.2016 опл 20.09.2016.pdf</fileName>
                        <description>ООО Бинака Трейд дог.633 от 22.06.2016 опл 20.09.2016</description>
                        <url>https://zakupki.gov.ru/223/contract/private/download/download.html?id=11750509</url>
                        <registrationNumber>56605002100170001430008</registrationNumber>
                    </document>
                </ns2:attachments>
                <ns2:hasPenalty>false</ns2:hasPenalty>
                <ns2:contractRegNumber>56605002100170001430000</ns2:contractRegNumber>
                <ns2:contractInfo>
                    <ns2:guid>19e4020f-49d2-4b29-b5d3-2e67b96c2cca</ns2:guid>
                    <ns2:name>633</ns2:name>
                    <ns2:agencyName>ОАО "Богдановичский комбикормовый завод"</ns2:agencyName>
                    <ns2:supplierName>Общество с ограниченной ответственностью "БИНАКА-Трейд"</ns2:supplierName>
                    <ns2:lotInfo>Соя полножирная экструдированная (37%)</ns2:lotInfo>
                    <ns2:contractDate>2016-06-22</ns2:contractDate>
                </ns2:contractInfo>
                <ns2:positions>
                    <ns2:position>
                        <ns2:ordinal>2</ns2:ordinal>
                        <ns2:paymentDate>2016-07-12</ns2:paymentDate>
                        <ns2:price>4474800</ns2:price>
                        <ns2:currency>
                            <code>RUB</code>
                            <digitalCode>643</digitalCode>
                            <name>Российский рубль</name>
                        </ns2:currency>
                        <ns2:rubPrice>4474800</ns2:rubPrice>
                        <ns2:prepaid>false</ns2:prepaid>
                        <ns2:docs>
                            <ns2:doc>
                                <ns2:ordinal>1</ns2:ordinal>
                                <ns2:date>2016-07-13</ns2:date>
                                <ns2:code>37</ns2:code>
                                <ns2:name>прочие документы о приемке</ns2:name>
                                <ns2:number>акт сверки  расчётов за период с 22.06.2016 по 12.07.2016</ns2:number>
                                <ns2:contractPosition>
                                    <ns2:guid>f8dfd87e-e086-4b96-bf4b-d42b99257bac</ns2:guid>
                                    <ns2:name>Белок кормовой</ns2:name>
                                    <ns2:okpd2>
                                        <code>10.91.10.150</code>
                                        <name>Белок кормовой</name>
                                    </ns2:okpd2>
                                </ns2:contractPosition>
                                <ns2:okei>
                                    <code>168</code>
                                    <name>Тонна; Метрическая тонна (1000 кг)</name>
                                </ns2:okei>
                                <ns2:qty>270.85</ns2:qty>
                            </ns2:doc>
                        </ns2:docs>
                    </ns2:position>
                    <ns2:position>
                        <ns2:ordinal>3</ns2:ordinal>
                        <ns2:paymentDate>2016-07-26</ns2:paymentDate>
                        <ns2:price>4068000</ns2:price>
                        <ns2:currency>
                            <code>RUB</code>
                            <digitalCode>643</digitalCode>
                            <name>Российский рубль</name>
                        </ns2:currency>
                        <ns2:rubPrice>4068000</ns2:rubPrice>
                        <ns2:prepaid>false</ns2:prepaid>
                        <ns2:docs>
                            <ns2:doc>
                                <ns2:ordinal>1</ns2:ordinal>
                                <ns2:date>2016-07-27</ns2:date>
                                <ns2:code>37</ns2:code>
                                <ns2:name>прочие документы о приемке</ns2:name>
                                <ns2:number>акт сверки расчётов за период с 22.06.2016 по 26.07.2016</ns2:number>
                                <ns2:contractPosition>
                                    <ns2:guid>f8dfd87e-e086-4b96-bf4b-d42b99257bac</ns2:guid>
                                    <ns2:name>Белок кормовой</ns2:name>
                                    <ns2:okpd2>
                                        <code>10.91.10.150</code>
                                        <name>Белок кормовой</name>
                                    </ns2:okpd2>
                                </ns2:contractPosition>
                                <ns2:okei>
                                    <code>168</code>
                                    <name>Тонна; Метрическая тонна (1000 кг)</name>
                                </ns2:okei>
                                <ns2:qty>405.4</ns2:qty>
                            </ns2:doc>
                        </ns2:docs>
                    </ns2:position>
                    <ns2:position>
                        <ns2:ordinal>4</ns2:ordinal>
                        <ns2:paymentDate>2016-08-16</ns2:paymentDate>
                        <ns2:price>2609302.4</ns2:price>
                        <ns2:currency>
                            <code>RUB</code>
                            <digitalCode>643</digitalCode>
                            <name>Российский рубль</name>
                        </ns2:currency>
                        <ns2:rubPrice>2609302.4</ns2:rubPrice>
                        <ns2:prepaid>false</ns2:prepaid>
                        <ns2:docs>
                            <ns2:doc>
                                <ns2:ordinal>1</ns2:ordinal>
                                <ns2:date>2016-08-17</ns2:date>
                                <ns2:code>37</ns2:code>
                                <ns2:name>прочие документы о приемке</ns2:name>
                                <ns2:number>акт сверки расчётов за период с 22.06.2016 по 16.08.2016</ns2:number>
                                <ns2:contractPosition>
                                    <ns2:guid>f8dfd87e-e086-4b96-bf4b-d42b99257bac</ns2:guid>
                                    <ns2:name>Белок кормовой</ns2:name>
                                    <ns2:okpd2>
                                        <code>10.91.10.150</code>
                                        <name>Белок кормовой</name>
                                    </ns2:okpd2>
                                </ns2:contractPosition>
                                <ns2:okei>
                                    <code>168</code>
                                    <name>Тонна; Метрическая тонна (1000 кг)</name>
                                </ns2:okei>
                                <ns2:qty>473.2</ns2:qty>
                            </ns2:doc>
                        </ns2:docs>
                    </ns2:position>
                    <ns2:position>
                        <ns2:ordinal>5</ns2:ordinal>
                        <ns2:paymentDate>2016-09-20</ns2:paymentDate>
                        <ns2:price>247.6</ns2:price>
                        <ns2:currency>
                            <code>RUB</code>
                            <digitalCode>643</digitalCode>
                            <name>Российский рубль</name>
                        </ns2:currency>
                        <ns2:rubPrice>247.6</ns2:rubPrice>
                        <ns2:prepaid>false</ns2:prepaid>
                        <ns2:docs>
                            <ns2:doc>
                                <ns2:ordinal>1</ns2:ordinal>
                                <ns2:date>2016-09-21</ns2:date>
                                <ns2:code>37</ns2:code>
                                <ns2:name>прочие документы о приемке</ns2:name>
                                <ns2:number>акт сверки расчётов за период с 22.06.2016 по 20.09.2016</ns2:number>
                                <ns2:contractPosition>
                                    <ns2:guid>f8dfd87e-e086-4b96-bf4b-d42b99257bac</ns2:guid>
                                    <ns2:name>Белок кормовой</ns2:name>
                                    <ns2:okpd2>
                                        <code>10.91.10.150</code>
                                        <name>Белок кормовой</name>
                                    </ns2:okpd2>
                                </ns2:contractPosition>
                                <ns2:okei>
                                    <code>168</code>
                                    <name>Тонна; Метрическая тонна (1000 кг)</name>
                                </ns2:okei>
                                <ns2:qty>473.2</ns2:qty>
                            </ns2:doc>
                        </ns2:docs>
                    </ns2:position>
                    <ns2:position>
                        <ns2:ordinal>1</ns2:ordinal>
                        <ns2:paymentDate>2016-07-05</ns2:paymentDate>
                        <ns2:price>4463250</ns2:price>
                        <ns2:currency>
                            <code>RUB</code>
                            <digitalCode>643</digitalCode>
                            <name>Российский рубль</name>
                        </ns2:currency>
                        <ns2:rubPrice>4463250</ns2:rubPrice>
                        <ns2:prepaid>false</ns2:prepaid>
                        <ns2:docs>
                            <ns2:doc>
                                <ns2:ordinal>1</ns2:ordinal>
                                <ns2:date>2016-07-06</ns2:date>
                                <ns2:code>37</ns2:code>
                                <ns2:name>прочие документы о приемке</ns2:name>
                                <ns2:number>акт сверки расчётов за период с 22.06.2016 по 05.07.2016</ns2:number>
                                <ns2:contractPosition>
                                    <ns2:guid>f8dfd87e-e086-4b96-bf4b-d42b99257bac</ns2:guid>
                                    <ns2:name>Белок кормовой</ns2:name>
                                    <ns2:okpd2>
                                        <code>10.91.10.150</code>
                                        <name>Белок кормовой</name>
                                    </ns2:okpd2>
                                </ns2:contractPosition>
                                <ns2:okei>
                                    <code>168</code>
                                    <name>Тонна; Метрическая тонна (1000 кг)</name>
                                </ns2:okei>
                                <ns2:qty>203.05</ns2:qty>
                            </ns2:doc>
                        </ns2:docs>
                    </ns2:position>
                    <ns2:total>15615600.0</ns2:total>
                </ns2:positions>
            </ns2:performanceContractData>
        </ns2:item>
    </ns2:body>
</ns2:performanceContract>
