<?xml version="1.0" encoding="UTF-8" standalone="yes"?>
<ns2:performanceContract xsi:schemaLocation="http://zakupki.gov.ru/223/integration/schema/TFF-5.2 http://zakupki.gov.ru/223/integration/schema/TFF-5.2/Types.xsd" xmlns="http://zakupki.gov.ru/223fz/types/1" xmlns:ns10="http://zakupki.gov.ru/223fz/disagreementProtocol/1" xmlns:ns11="http://zakupki.gov.ru/223fz/purchase/1" xmlns:ns12="http://zakupki.gov.ru/223fz/machineryListInfo/1" xmlns:ns13="http://zakupki.gov.ru/223fz/revenue/1" xmlns:ns14="http://zakupki.gov.ru/223fz/orderClauseList/1" xmlns:ns15="http://zakupki.gov.ru/223fz/complaint/1" xmlns:ns16="http://zakupki.gov.ru/223fz/missedNotice/1" xmlns:ns17="http://zakupki.gov.ru/223fz/notificationIssue/1" xmlns:ns18="http://zakupki.gov.ru/223fz/purchasePlanProject/1" xmlns:ns19="http://zakupki.gov.ru/223fz/webRequest/1" xmlns:ns2="http://zakupki.gov.ru/223fz/contract/1" xmlns:xsi="http://www.w3.org/2001/XMLSchema-instance" xmlns:ns3="http://zakupki.gov.ru/223fz/dishonestSupplier/1" xmlns:ns4="http://zakupki.gov.ru/223fz/decisionSuspension/1" xmlns:ns5="http://zakupki.gov.ru/223fz/purchasePlanAdditionalPosition/1" xmlns:ns6="http://zakupki.gov.ru/223fz/purchasePlan/1" xmlns:ns7="http://zakupki.gov.ru/223fz/purchasePlanProjectAdditionalPosition/1" xmlns:ns8="http://zakupki.gov.ru/223fz/reference/1" xmlns:ns9="http://zakupki.gov.ru/223fz/stopCommodity/1">
    <header>
        <guid>52cc1e8d-3753-48fc-873c-d290c38cc10e</guid>
        <createDateTime>2017-03-30T18:09:15</createDateTime>
    </header>
    <ns2:body>
        <ns2:item>
            <guid>cb50a011-e339-4ee4-a3cb-d0a672f5c18d</guid>
            <ns2:performanceContractData>
                <ns2:guid>99ea4c05-fcf9-4c80-baad-b8fd9569a059</ns2:guid>
                <ns2:registrationNumber>56605002100170001470003</ns2:registrationNumber>
                <ns2:urlOOS>https://zakupki.gov.ru/223/contract/private/completing/info/view.html?id=2669618</ns2:urlOOS>
                <ns2:createDateTime>2017-02-15T14:22:28</ns2:createDateTime>
                <ns2:customer>
                    <mainInfo>
                        <fullName>Открытое акционерное общество "Богдановичский комбикормовый завод"</fullName>
                        <shortName>ОАО "Богдановичский комбикормовый завод"</shortName>
                        <iko>56605002100660501001</iko>
                        <inn>6605002100</inn>
                        <kpp>660501001</kpp>
                        <ogrn>1026600705790</ogrn>
                        <legalAddress>623530, Свердловская, Богданович, Степана Разина, дом 64</legalAddress>
                        <postalAddress>623530, Свердловская Область, Богданович Город, Степана Разина Улица, дом 64</postalAddress>
                        <phone>7-34376-55681</phone>
                        <email>lawyer@combikorm.ru</email>
                        <okato>65416000000</okato>
                        <okpo>04537234</okpo>
                    </mainInfo>
                </ns2:customer>
                <ns2:placer>
                    <mainInfo>
                        <fullName>Открытое акционерное общество "Богдановичский комбикормовый завод"</fullName>
                        <shortName>ОАО "Богдановичский комбикормовый завод"</shortName>
                        <iko>56605002100660501001</iko>
                        <inn>6605002100</inn>
                        <kpp>660501001</kpp>
                        <ogrn>1026600705790</ogrn>
                        <legalAddress>623530, Свердловская, Богданович, Степана Разина, дом 64</legalAddress>
                        <postalAddress>623530, Свердловская Область, Богданович Город, Степана Разина Улица, дом 64</postalAddress>
                        <phone>7-34376-55681</phone>
                        <email>lawyer@combikorm.ru</email>
                        <okato>65416000000</okato>
                        <okpo>04537234</okpo>
                    </mainInfo>
                </ns2:placer>
                <ns2:publicationDate>2017-03-30T18:09:15</ns2:publicationDate>
                <ns2:status>P</ns2:status>
                <ns2:version>1</ns2:version>
                <ns2:completed>false</ns2:completed>
                <ns2:attachments>
                    <totalDocumentsCount>3</totalDocumentsCount>
                    <document>
                        <guid>c8e330b6-01ef-495e-ad8c-876b4dae69a4</guid>
                        <createDateTime>2017-03-30T18:08:34</createDateTime>
                        <fileName>ООО Сибирское зерно дог.604 от 10.06.2016.pdf</fileName>
                        <description>ООО Сибирское зерно дог.604 от 10.06.2016</description>
                        <url>https://zakupki.gov.ru/223/contract/private/download/download.html?id=11749552</url>
                        <registrationNumber>56605002100170001470004</registrationNumber>
                    </document>
                    <document>
                        <guid>8377eead-65bb-4fca-9c5f-0eca3937a304</guid>
                        <createDateTime>2017-03-30T18:08:44</createDateTime>
                        <fileName>ООО Сибирское зерно дог.604 от 10.06.2016 оплата 05.07.2016.pdf</fileName>
                        <description>ООО Сибирское зерно дог.604 от 10.06.2016 оплата 05.07.2016</description>
                        <url>https://zakupki.gov.ru/223/contract/private/download/download.html?id=11749555</url>
                        <registrationNumber>56605002100170001470005</registrationNumber>
                    </document>
                    <document>
                        <guid>c470b3e6-ded3-47b3-af19-1b478084ee76</guid>
                        <createDateTime>2017-03-30T18:08:55</createDateTime>
                        <fileName>ООО Сибирское зерно дог.604 от 10.06.2016 опл.12.07.2016.pdf</fileName>
                        <description>ООО Сибирское зерно дог.604 от 10.06.2016 опл.12.07.2016</description>
                        <url>https://zakupki.gov.ru/223/contract/private/download/download.html?id=11749558</url>
                        <registrationNumber>56605002100170001470006</registrationNumber>
                    </document>
                </ns2:attachments>
                <ns2:hasPenalty>false</ns2:hasPenalty>
                <ns2:contractRegNumber>56605002100170001470000</ns2:contractRegNumber>
                <ns2:contractInfo>
                    <ns2:guid>4aca9a0b-4119-4236-b676-7e94118e08d7</ns2:guid>
                    <ns2:name>604</ns2:name>
                    <ns2:agencyName>ОАО "Богдановичский комбикормовый завод"</ns2:agencyName>
                    <ns2:supplierName>Общество с ограниченной ответственностью "Сибирское зерно"</ns2:supplierName>
                    <ns2:lotInfo>Овес кормовой</ns2:lotInfo>
                    <ns2:contractDate>2016-06-10</ns2:contractDate>
                </ns2:contractInfo>
                <ns2:positions>
                    <ns2:position>
                        <ns2:ordinal>2</ns2:ordinal>
                        <ns2:paymentDate>2016-07-05</ns2:paymentDate>
                        <ns2:price>1298310.91</ns2:price>
                        <ns2:currency>
                            <code>RUB</code>
                            <digitalCode>643</digitalCode>
                            <name>Российский рубль</name>
                        </ns2:currency>
                        <ns2:rubPrice>1298310.91</ns2:rubPrice>
                        <ns2:prepaid>false</ns2:prepaid>
                        <ns2:docs>
                            <ns2:doc>
                                <ns2:ordinal>1</ns2:ordinal>
                                <ns2:date>2016-07-06</ns2:date>
                                <ns2:code>37</ns2:code>
                                <ns2:name>прочие документы о приемке</ns2:name>
                                <ns2:number>акт сверки расчётов за период с 10.06.2016 по 05.07.2016</ns2:number>
                                <ns2:contractPosition>
                                    <ns2:guid>a629c980-9119-4d13-9942-53a7c420489c</ns2:guid>
                                    <ns2:name>Овес</ns2:name>
                                    <ns2:okpd2>
                                        <code>01.11.33</code>
                                        <name>Овес</name>
                                    </ns2:okpd2>
                                </ns2:contractPosition>
                                <ns2:okei>
                                    <code>168</code>
                                    <name>Тонна; Метрическая тонна (1000 кг)</name>
                                </ns2:okei>
                                <ns2:qty>172.297</ns2:qty>
                            </ns2:doc>
                        </ns2:docs>
                    </ns2:position>
                    <ns2:position>
                        <ns2:ordinal>3</ns2:ordinal>
                        <ns2:paymentDate>2016-07-12</ns2:paymentDate>
                        <ns2:price>54156.5</ns2:price>
                        <ns2:currency>
                            <code>RUB</code>
                            <digitalCode>643</digitalCode>
                            <name>Российский рубль</name>
                        </ns2:currency>
                        <ns2:rubPrice>54156.5</ns2:rubPrice>
                        <ns2:prepaid>false</ns2:prepaid>
                        <ns2:docs>
                            <ns2:doc>
                                <ns2:ordinal>1</ns2:ordinal>
                                <ns2:date>2016-07-13</ns2:date>
                                <ns2:code>37</ns2:code>
                                <ns2:name>прочие документы о приемке</ns2:name>
                                <ns2:number>акт сверки расчётов за период с 10.06.2016 по 12.07.2016</ns2:number>
                                <ns2:contractPosition>
                                    <ns2:guid>a629c980-9119-4d13-9942-53a7c420489c</ns2:guid>
                                    <ns2:name>Овес</ns2:name>
                                    <ns2:okpd2>
                                        <code>01.11.33</code>
                                        <name>Овес</name>
                                    </ns2:okpd2>
                                </ns2:contractPosition>
                                <ns2:okei>
                                    <code>168</code>
                                    <name>Тонна; Метрическая тонна (1000 кг)</name>
                                </ns2:okei>
                                <ns2:qty>172.297</ns2:qty>
                            </ns2:doc>
                        </ns2:docs>
                    </ns2:position>
                    <ns2:position>
                        <ns2:ordinal>1</ns2:ordinal>
                        <ns2:paymentDate>2016-06-30</ns2:paymentDate>
                        <ns2:price>166213.58</ns2:price>
                        <ns2:currency>
                            <code>RUB</code>
                            <digitalCode>643</digitalCode>
                            <name>Российский рубль</name>
                        </ns2:currency>
                        <ns2:rubPrice>166213.58</ns2:rubPrice>
                        <ns2:prepaid>false</ns2:prepaid>
                        <ns2:docs>
                            <ns2:doc>
                                <ns2:ordinal>1</ns2:ordinal>
                                <ns2:date>2016-07-01</ns2:date>
                                <ns2:code>37</ns2:code>
                                <ns2:name>прочие документы о приемке</ns2:name>
                                <ns2:number>акт сверки расчётов за период с 10.06.2016 по 30.06.2016</ns2:number>
                                <ns2:contractPosition>
                                    <ns2:guid>a629c980-9119-4d13-9942-53a7c420489c</ns2:guid>
                                    <ns2:name>Овес</ns2:name>
                                    <ns2:okpd2>
                                        <code>01.11.33</code>
                                        <name>Овес</name>
                                    </ns2:okpd2>
                                </ns2:contractPosition>
                                <ns2:okei>
                                    <code>168</code>
                                    <name>Тонна; Метрическая тонна (1000 кг)</name>
                                </ns2:okei>
                                <ns2:qty>172.297</ns2:qty>
                            </ns2:doc>
                        </ns2:docs>
                    </ns2:position>
                    <ns2:total>1518680.99</ns2:total>
                </ns2:positions>
            </ns2:performanceContractData>
        </ns2:item>
    </ns2:body>
</ns2:performanceContract>
