<?xml version="1.0" encoding="UTF-8" standalone="yes"?>
<ns2:contractCancellation xsi:schemaLocation="http://zakupki.gov.ru/223/integration/schema/TFF-5.2 http://zakupki.gov.ru/223/integration/schema/TFF-5.2/Types.xsd" xmlns="http://zakupki.gov.ru/223fz/types/1" xmlns:ns10="http://zakupki.gov.ru/223fz/disagreementProtocol/1" xmlns:ns11="http://zakupki.gov.ru/223fz/purchase/1" xmlns:ns12="http://zakupki.gov.ru/223fz/machineryListInfo/1" xmlns:ns13="http://zakupki.gov.ru/223fz/revenue/1" xmlns:ns14="http://zakupki.gov.ru/223fz/orderClauseList/1" xmlns:ns15="http://zakupki.gov.ru/223fz/complaint/1" xmlns:ns16="http://zakupki.gov.ru/223fz/missedNotice/1" xmlns:ns17="http://zakupki.gov.ru/223fz/notificationIssue/1" xmlns:ns18="http://zakupki.gov.ru/223fz/purchasePlanProject/1" xmlns:ns19="http://zakupki.gov.ru/223fz/webRequest/1" xmlns:ns2="http://zakupki.gov.ru/223fz/contract/1" xmlns:xsi="http://www.w3.org/2001/XMLSchema-instance" xmlns:ns3="http://zakupki.gov.ru/223fz/dishonestSupplier/1" xmlns:ns4="http://zakupki.gov.ru/223fz/decisionSuspension/1" xmlns:ns5="http://zakupki.gov.ru/223fz/purchasePlanAdditionalPosition/1" xmlns:ns6="http://zakupki.gov.ru/223fz/purchasePlan/1" xmlns:ns7="http://zakupki.gov.ru/223fz/purchasePlanProjectAdditionalPosition/1" xmlns:ns8="http://zakupki.gov.ru/223fz/reference/1" xmlns:ns9="http://zakupki.gov.ru/223fz/stopCommodity/1">
    <header>
        <guid>76433073-4c86-4112-befd-e0ba15c4c80f</guid>
        <createDateTime>2017-03-30T15:45:42</createDateTime>
    </header>
    <ns2:body>
        <ns2:item>
            <guid>3c2cbc85-6614-4b3f-9302-813e07e395c5</guid>
            <ns2:contractCancellationData>
                <ns2:guid>13f23182-5690-49de-b330-ebf038c64509</ns2:guid>
                <ns2:registrationNumber>56670318230150000180005</ns2:registrationNumber>
                <ns2:urlOOS>https://zakupki.gov.ru/223/contract/private/completing/info/view.html?id=2668582</ns2:urlOOS>
                <ns2:createDateTime>2017-03-30T15:45:18</ns2:createDateTime>
                <ns2:customer>
                    <mainInfo>
                        <fullName>МУНИЦИПАЛЬНОЕ АВТОНОМНОЕ ДОШКОЛЬНОЕ ОБРАЗОВАТЕЛЬНОЕ УЧРЕЖДЕНИЕ ДЕТСКИЙ САД № 81</fullName>
                        <shortName>МАДОУ ДЕТСКИЙ САД № 81</shortName>
                        <iko>56670318230667001001</iko>
                        <inn>6670318230</inn>
                        <kpp>667001001</kpp>
                        <ogrn>1156658032871</ogrn>
                        <legalAddress>620072, ОБЛ СВЕРДЛОВСКАЯ, Г ЕКАТЕРИНБУРГ, УЛ РАССВЕТНАЯ, дом ДОМ 6А</legalAddress>
                        <postalAddress>620072обл СВЕРДЛОВСКАЯ, г ЕКАТЕРИНБУРГ, ул РАССВЕТНАЯ, 6А</postalAddress>
                        <phone>7-908-9165036</phone>
                        <email>mdou81@bk.ru</email>
                        <okato>65401000000</okato>
                        <okpo>16629645</okpo>
                    </mainInfo>
                </ns2:customer>
                <ns2:placer>
                    <mainInfo>
                        <fullName>МУНИЦИПАЛЬНОЕ АВТОНОМНОЕ ДОШКОЛЬНОЕ ОБРАЗОВАТЕЛЬНОЕ УЧРЕЖДЕНИЕ ДЕТСКИЙ САД № 81</fullName>
                        <shortName>МАДОУ ДЕТСКИЙ САД № 81</shortName>
                        <iko>56670318230667001001</iko>
                        <inn>6670318230</inn>
                        <kpp>667001001</kpp>
                        <ogrn>1156658032871</ogrn>
                        <legalAddress>620072, ОБЛ СВЕРДЛОВСКАЯ, Г ЕКАТЕРИНБУРГ, УЛ РАССВЕТНАЯ, дом ДОМ 6А</legalAddress>
                        <postalAddress>620072обл СВЕРДЛОВСКАЯ, г ЕКАТЕРИНБУРГ, ул РАССВЕТНАЯ, 6А</postalAddress>
                        <phone>7-908-9165036</phone>
                        <email>mdou81@bk.ru</email>
                        <okato>65401000000</okato>
                        <okpo>16629645</okpo>
                    </mainInfo>
                </ns2:placer>
                <ns2:publicationDate>2017-03-30T15:45:41</ns2:publicationDate>
                <ns2:status>P</ns2:status>
                <ns2:version>1</ns2:version>
                <ns2:attachments>
                    <totalDocumentsCount>1</totalDocumentsCount>
                    <document>
                        <guid>f69ad109-184b-4cdb-ac3a-2585427d8ccc</guid>
                        <createDateTime>2017-03-30T15:44:50</createDateTime>
                        <fileName>81 дс Соглашение о расторжении дог.№2015-0037.pdf</fileName>
                        <description>81 дс Соглашение о расторжении дог.№2015-0037</description>
                        <url>https://zakupki.gov.ru/223/contract/private/download/download.html?id=11744318</url>
                        <registrationNumber>56670318230150000180006</registrationNumber>
                    </document>
                </ns2:attachments>
                <ns2:hasPenalty>false</ns2:hasPenalty>
                <ns2:contractRegNumber>56670318230150000180000</ns2:contractRegNumber>
                <ns2:contractInfo>
                    <ns2:guid>e9fd6a69-45e9-46ab-a2e6-2321c198f2c7</ns2:guid>
                    <ns2:name>2015-0037</ns2:name>
                    <ns2:agencyName>МАДОУ ДЕТСКИЙ САД № 81</ns2:agencyName>
                    <ns2:supplierName>ОБЩЕСТВО С ОГРАНИЧЕННОЙ ОТВЕТСТВЕННОСТЬЮ "АЛАПАЕВСКИЙ МОЛОЧНЫЙ КОМБИНАТ"</ns2:supplierName>
                    <ns2:lotInfo>Поставка молочной продукции в первом квартале  2016 года для МАДОУ детский сад № 81</ns2:lotInfo>
                    <ns2:contractDate>2015-12-22</ns2:contractDate>
                </ns2:contractInfo>
                <ns2:baseContractCancellationCode>1</ns2:baseContractCancellationCode>
                <ns2:baseContractCancellationName>Соглашение сторон</ns2:baseContractCancellationName>
                <ns2:baseRejectionDocCode>11</ns2:baseRejectionDocCode>
                <ns2:baseRejectionDocName>Дополнительное соглашение к договору</ns2:baseRejectionDocName>
                <ns2:completionDate>2016-03-31T00:00:00</ns2:completionDate>
                <ns2:baseRejectionDocNum>1</ns2:baseRejectionDocNum>
                <ns2:baseRejectionDocDate>2016-03-31</ns2:baseRejectionDocDate>
            </ns2:contractCancellationData>
        </ns2:item>
    </ns2:body>
</ns2:contractCancellation>
