<?xml version="1.0" encoding="UTF-8" standalone="yes"?>
<ns2:performanceContract xsi:schemaLocation="http://zakupki.gov.ru/223/integration/schema/TFF-5.2 http://zakupki.gov.ru/223/integration/schema/TFF-5.2/Types.xsd" xmlns="http://zakupki.gov.ru/223fz/types/1" xmlns:ns10="http://zakupki.gov.ru/223fz/disagreementProtocol/1" xmlns:ns11="http://zakupki.gov.ru/223fz/purchase/1" xmlns:ns12="http://zakupki.gov.ru/223fz/machineryListInfo/1" xmlns:ns13="http://zakupki.gov.ru/223fz/revenue/1" xmlns:ns14="http://zakupki.gov.ru/223fz/orderClauseList/1" xmlns:ns15="http://zakupki.gov.ru/223fz/complaint/1" xmlns:ns16="http://zakupki.gov.ru/223fz/missedNotice/1" xmlns:ns17="http://zakupki.gov.ru/223fz/notificationIssue/1" xmlns:ns18="http://zakupki.gov.ru/223fz/purchasePlanProject/1" xmlns:ns19="http://zakupki.gov.ru/223fz/webRequest/1" xmlns:ns2="http://zakupki.gov.ru/223fz/contract/1" xmlns:xsi="http://www.w3.org/2001/XMLSchema-instance" xmlns:ns3="http://zakupki.gov.ru/223fz/dishonestSupplier/1" xmlns:ns4="http://zakupki.gov.ru/223fz/decisionSuspension/1" xmlns:ns5="http://zakupki.gov.ru/223fz/purchasePlanAdditionalPosition/1" xmlns:ns6="http://zakupki.gov.ru/223fz/purchasePlan/1" xmlns:ns7="http://zakupki.gov.ru/223fz/purchasePlanProjectAdditionalPosition/1" xmlns:ns8="http://zakupki.gov.ru/223fz/reference/1" xmlns:ns9="http://zakupki.gov.ru/223fz/stopCommodity/1">
    <header>
        <guid>7f8c7fe5-b3d7-478f-abef-8921a28ec982</guid>
        <createDateTime>2017-03-30T17:12:51</createDateTime>
    </header>
    <ns2:body>
        <ns2:item>
            <guid>6fbb682a-f777-43c5-96ef-3a117f4cbaff</guid>
            <ns2:performanceContractData>
                <ns2:guid>49c238f7-8b52-4d2d-9f0a-c0755747196c</ns2:guid>
                <ns2:registrationNumber>86664033149170000020003</ns2:registrationNumber>
                <ns2:urlOOS>https://zakupki.gov.ru/223/contract/private/completing/info/view.html?id=2669369</ns2:urlOOS>
                <ns2:createDateTime>2017-01-19T21:02:37</ns2:createDateTime>
                <ns2:customer>
                    <mainInfo>
                        <fullName>Муниципальное бюджетное общеобразовательное учреждение средняя общеобразовательная школа № 105</fullName>
                        <shortName>МБОУ СОШ № 105</shortName>
                        <iko>86664033149667401001</iko>
                        <inn>6664033149</inn>
                        <kpp>667401001</kpp>
                        <ogrn>1026605767220</ogrn>
                        <legalAddress>620010, Свердловская, Екатеринбург, Косарева, дом 9</legalAddress>
                        <postalAddress>620010, г. Екатеринбург, ул. Косарева, 9</postalAddress>
                        <phone>8-343-2584352</phone>
                        <fax>8-343-2584352</fax>
                        <email>mboy105@mail.ru</email>
                        <okato>65401390000</okato>
                        <okpo>43089832</okpo>
                    </mainInfo>
                </ns2:customer>
                <ns2:placer>
                    <mainInfo>
                        <fullName>Муниципальное бюджетное общеобразовательное учреждение средняя общеобразовательная школа № 105</fullName>
                        <shortName>МБОУ СОШ № 105</shortName>
                        <iko>86664033149667401001</iko>
                        <inn>6664033149</inn>
                        <kpp>667401001</kpp>
                        <ogrn>1026605767220</ogrn>
                        <legalAddress>620010, Свердловская, Екатеринбург, Косарева, дом 9</legalAddress>
                        <postalAddress>620010, г. Екатеринбург, ул. Косарева, 9</postalAddress>
                        <phone>8-343-2584352</phone>
                        <fax>8-343-2584352</fax>
                        <email>mboy105@mail.ru</email>
                        <okato>65401390000</okato>
                        <okpo>43089832</okpo>
                    </mainInfo>
                </ns2:placer>
                <ns2:publicationDate>2017-03-30T17:12:51</ns2:publicationDate>
                <ns2:status>P</ns2:status>
                <ns2:version>1</ns2:version>
                <ns2:completed>false</ns2:completed>
                <ns2:attachments>
                    <totalDocumentsCount>3</totalDocumentsCount>
                    <document>
                        <guid>b9f5f50d-3bbb-49c1-9c4c-52e6b06828f8</guid>
                        <createDateTime>2017-03-30T17:12:18</createDateTime>
                        <fileName>24.03.2017.pdf</fileName>
                        <description>24.03.2017</description>
                        <url>https://zakupki.gov.ru/223/contract/private/download/download.html?id=11748518</url>
                        <registrationNumber>86664033149170000020004</registrationNumber>
                    </document>
                    <document>
                        <guid>9cf07293-8ac7-4c0e-beea-e8cb5b9a70c4</guid>
                        <createDateTime>2017-03-30T17:12:22</createDateTime>
                        <fileName>105 пп по питанию от 15.03.2017г.-9.pdf</fileName>
                        <description>105 пп по питанию от 15.03.2017г.-9</description>
                        <url>https://zakupki.gov.ru/223/contract/private/download/download.html?id=11748535</url>
                        <registrationNumber>86664033149170000020005</registrationNumber>
                    </document>
                    <document>
                        <guid>9130892f-16d8-446b-bbf2-5f50d74e18e6</guid>
                        <createDateTime>2017-03-30T17:12:34</createDateTime>
                        <fileName>105 шк пп по питанию от 14.03.2017г..pdf</fileName>
                        <description>105 шк пп по питанию от 14.03.2017г.</description>
                        <url>https://zakupki.gov.ru/223/contract/private/download/download.html?id=11748537</url>
                        <registrationNumber>86664033149170000020006</registrationNumber>
                    </document>
                </ns2:attachments>
                <ns2:hasPenalty>false</ns2:hasPenalty>
                <ns2:contractRegNumber>86664033149170000020000</ns2:contractRegNumber>
                <ns2:contractInfo>
                    <ns2:guid>6807dd38-a704-4e86-a429-55ba2e73ea69</ns2:guid>
                    <ns2:name>105</ns2:name>
                    <ns2:agencyName>МБОУ СОШ № 105</ns2:agencyName>
                    <ns2:supplierName>емуп кшп </ns2:supplierName>
                    <ns2:lotInfo>оказание услуг по организации питания обучающихся, организованном на базе МАОУ СОШ № 105 Чкаловского района города Екатеринбурга в течение 2017 года.</ns2:lotInfo>
                    <ns2:contractDate>2016-12-19</ns2:contractDate>
                </ns2:contractInfo>
                <ns2:positions>
                    <ns2:position>
                        <ns2:ordinal>1</ns2:ordinal>
                        <ns2:paymentDate>2017-03-24</ns2:paymentDate>
                        <ns2:price>191112.64</ns2:price>
                        <ns2:currency>
                            <code>RUB</code>
                            <digitalCode>643</digitalCode>
                            <name>Российский рубль</name>
                        </ns2:currency>
                        <ns2:rubPrice>191112.64</ns2:rubPrice>
                        <ns2:prepaid>false</ns2:prepaid>
                        <ns2:docs>
                            <ns2:doc>
                                <ns2:ordinal>1</ns2:ordinal>
                                <ns2:date>2017-03-14</ns2:date>
                                <ns2:code>18</ns2:code>
                                <ns2:name>счет на оплату</ns2:name>
                                <ns2:number>147697</ns2:number>
                                <ns2:contractPosition>
                                    <ns2:guid>8f821b5e-6fbd-4b16-9af2-c352869d6aea</ns2:guid>
                                    <ns2:name>Услуги школьных столовых и кухонь</ns2:name>
                                    <ns2:okpd2>
                                        <code>56.29.20.120</code>
                                        <name>Услуги школьных столовых и кухонь</name>
                                    </ns2:okpd2>
                                </ns2:contractPosition>
                                <ns2:okei>
                                    <code>796</code>
                                    <name>Штука</name>
                                </ns2:okei>
                                <ns2:qty>1</ns2:qty>
                            </ns2:doc>
                            <ns2:doc>
                                <ns2:ordinal>2</ns2:ordinal>
                                <ns2:date>2017-03-15</ns2:date>
                                <ns2:code>18</ns2:code>
                                <ns2:name>счет на оплату</ns2:name>
                                <ns2:number>150901</ns2:number>
                                <ns2:contractPosition>
                                    <ns2:guid>8f821b5e-6fbd-4b16-9af2-c352869d6aea</ns2:guid>
                                    <ns2:name>Услуги школьных столовых и кухонь</ns2:name>
                                    <ns2:okpd2>
                                        <code>56.29.20.120</code>
                                        <name>Услуги школьных столовых и кухонь</name>
                                    </ns2:okpd2>
                                </ns2:contractPosition>
                                <ns2:okei>
                                    <code>796</code>
                                    <name>Штука</name>
                                </ns2:okei>
                                <ns2:qty>1</ns2:qty>
                            </ns2:doc>
                            <ns2:doc>
                                <ns2:ordinal>3</ns2:ordinal>
                                <ns2:date>2017-03-24</ns2:date>
                                <ns2:code>18</ns2:code>
                                <ns2:name>счет на оплату</ns2:name>
                                <ns2:number>180121</ns2:number>
                                <ns2:contractPosition>
                                    <ns2:guid>8f821b5e-6fbd-4b16-9af2-c352869d6aea</ns2:guid>
                                    <ns2:name>Услуги школьных столовых и кухонь</ns2:name>
                                    <ns2:okpd2>
                                        <code>56.29.20.120</code>
                                        <name>Услуги школьных столовых и кухонь</name>
                                    </ns2:okpd2>
                                </ns2:contractPosition>
                                <ns2:okei>
                                    <code>796</code>
                                    <name>Штука</name>
                                </ns2:okei>
                                <ns2:qty>1</ns2:qty>
                            </ns2:doc>
                        </ns2:docs>
                    </ns2:position>
                    <ns2:total>191112.64</ns2:total>
                </ns2:positions>
            </ns2:performanceContractData>
        </ns2:item>
    </ns2:body>
</ns2:performanceContract>
