<?xml version="1.0" encoding="UTF-8" standalone="yes"?>
<ns2:performanceContract xsi:schemaLocation="http://zakupki.gov.ru/223/integration/schema/TFF-5.2 http://zakupki.gov.ru/223/integration/schema/TFF-5.2/Types.xsd" xmlns="http://zakupki.gov.ru/223fz/types/1" xmlns:ns10="http://zakupki.gov.ru/223fz/disagreementProtocol/1" xmlns:ns11="http://zakupki.gov.ru/223fz/purchase/1" xmlns:ns12="http://zakupki.gov.ru/223fz/machineryListInfo/1" xmlns:ns13="http://zakupki.gov.ru/223fz/revenue/1" xmlns:ns14="http://zakupki.gov.ru/223fz/orderClauseList/1" xmlns:ns15="http://zakupki.gov.ru/223fz/complaint/1" xmlns:ns16="http://zakupki.gov.ru/223fz/missedNotice/1" xmlns:ns17="http://zakupki.gov.ru/223fz/notificationIssue/1" xmlns:ns18="http://zakupki.gov.ru/223fz/purchasePlanProject/1" xmlns:ns19="http://zakupki.gov.ru/223fz/webRequest/1" xmlns:ns2="http://zakupki.gov.ru/223fz/contract/1" xmlns:xsi="http://www.w3.org/2001/XMLSchema-instance" xmlns:ns3="http://zakupki.gov.ru/223fz/dishonestSupplier/1" xmlns:ns4="http://zakupki.gov.ru/223fz/decisionSuspension/1" xmlns:ns5="http://zakupki.gov.ru/223fz/purchasePlanAdditionalPosition/1" xmlns:ns6="http://zakupki.gov.ru/223fz/purchasePlan/1" xmlns:ns7="http://zakupki.gov.ru/223fz/purchasePlanProjectAdditionalPosition/1" xmlns:ns8="http://zakupki.gov.ru/223fz/reference/1" xmlns:ns9="http://zakupki.gov.ru/223fz/stopCommodity/1">
    <header>
        <guid>833d2c89-81d7-46f8-8170-545c021c8f4a</guid>
        <createDateTime>2017-03-30T16:31:56</createDateTime>
    </header>
    <ns2:body>
        <ns2:item>
            <guid>6206764f-434b-43f6-a05d-9e7b8f335a16</guid>
            <ns2:performanceContractData>
                <ns2:guid>8d8e4e06-5e39-47fd-a2d1-f7072aa7c13b</ns2:guid>
                <ns2:registrationNumber>56670266695170000180003</ns2:registrationNumber>
                <ns2:urlOOS>https://zakupki.gov.ru/223/contract/private/completing/info/view.html?id=2669100</ns2:urlOOS>
                <ns2:createDateTime>2017-02-27T09:31:33</ns2:createDateTime>
                <ns2:customer>
                    <mainInfo>
                        <fullName>АКЦИОНЕРНОЕ ОБЩЕСТВО "ВОЕНТОРГ-ЦЕНТР"</fullName>
                        <shortName>АО "ВОЕНТОРГ-ЦЕНТР"</shortName>
                        <iko>56670266695667001001</iko>
                        <inn>6670266695</inn>
                        <kpp>667001001</kpp>
                        <ogrn>1096658012076</ogrn>
                        <legalAddress>620033, обл СВЕРДЛОВСКАЯ, г ЕКАТЕРИНБУРГ, ул ПРОЕЗЖАЯ, дом 9-А</legalAddress>
                        <postalAddress>620026, г. Екатеринбург, ул. Декабристов, 14, оф 202</postalAddress>
                        <phone>8-846-3321322</phone>
                        <email>utprir@yandex.ru</email>
                        <okato>65401373000</okato>
                        <okpo>08536119</okpo>
                    </mainInfo>
                </ns2:customer>
                <ns2:placer>
                    <mainInfo>
                        <fullName>АКЦИОНЕРНОЕ ОБЩЕСТВО "ВОЕНТОРГ-ЦЕНТР"</fullName>
                        <shortName>АО "ВОЕНТОРГ-ЦЕНТР"</shortName>
                        <iko>56670266695667001001</iko>
                        <inn>6670266695</inn>
                        <kpp>667001001</kpp>
                        <ogrn>1096658012076</ogrn>
                        <legalAddress>620033, обл СВЕРДЛОВСКАЯ, г ЕКАТЕРИНБУРГ, ул ПРОЕЗЖАЯ, дом 9-А</legalAddress>
                        <postalAddress>620026, г. Екатеринбург, ул. Декабристов, 14, оф 202</postalAddress>
                        <phone>8-846-3321322</phone>
                        <email>utprir@yandex.ru</email>
                        <okato>65401373000</okato>
                        <okpo>08536119</okpo>
                    </mainInfo>
                </ns2:placer>
                <ns2:publicationDate>2017-03-30T16:31:56</ns2:publicationDate>
                <ns2:status>P</ns2:status>
                <ns2:version>1</ns2:version>
                <ns2:completed>false</ns2:completed>
                <ns2:attachments>
                    <totalDocumentsCount>1</totalDocumentsCount>
                    <document>
                        <guid>a639e5a6-bb21-443a-9e16-f85a1e1deb2f</guid>
                        <createDateTime>2017-03-30T16:31:44</createDateTime>
                        <fileName>военторг 30 % счет.jpg</fileName>
                        <description>военторг 30 % счет</description>
                        <url>https://zakupki.gov.ru/223/contract/private/download/download.html?id=11746599</url>
                        <registrationNumber>56670266695170000180004</registrationNumber>
                    </document>
                </ns2:attachments>
                <ns2:hasPenalty>false</ns2:hasPenalty>
                <ns2:contractRegNumber>56670266695170000180000</ns2:contractRegNumber>
                <ns2:contractInfo>
                    <ns2:guid>859efc7c-deac-4828-b539-0a51e8c80071</ns2:guid>
                    <ns2:name>13</ns2:name>
                    <ns2:agencyName>АО "ВОЕНТОРГ-ЦЕНТР"</ns2:agencyName>
                    <ns2:supplierName>ОБЩЕСТВО С ОГРАНИЧЕННОЙ ОТВЕТСТВЕННОСТЬЮ "МИР ПРЯЖИ И ФУРНИТУРЫ. ДИЛЕРСКИЙ ЦЕНТР САМАРА - ГАММА"</ns2:supplierName>
                    <ns2:lotInfo>Поставка ткани и фурнитуры</ns2:lotInfo>
                    <ns2:contractDate>2017-02-27</ns2:contractDate>
                </ns2:contractInfo>
                <ns2:positions>
                    <ns2:position>
                        <ns2:ordinal>1</ns2:ordinal>
                        <ns2:paymentDate>2017-03-28</ns2:paymentDate>
                        <ns2:price>200168.23</ns2:price>
                        <ns2:currency>
                            <code>RUB</code>
                            <digitalCode>643</digitalCode>
                            <name>Российский рубль</name>
                        </ns2:currency>
                        <ns2:rubPrice>200168.23</ns2:rubPrice>
                        <ns2:prepaid>true</ns2:prepaid>
                    </ns2:position>
                    <ns2:total>200168.23</ns2:total>
                </ns2:positions>
            </ns2:performanceContractData>
        </ns2:item>
    </ns2:body>
</ns2:performanceContract>
