<?xml version="1.0" encoding="UTF-8" standalone="yes"?>
<ns2:performanceContract xsi:schemaLocation="http://zakupki.gov.ru/223/integration/schema/TFF-5.2 http://zakupki.gov.ru/223/integration/schema/TFF-5.2/Types.xsd" xmlns="http://zakupki.gov.ru/223fz/types/1" xmlns:ns10="http://zakupki.gov.ru/223fz/disagreementProtocol/1" xmlns:ns11="http://zakupki.gov.ru/223fz/purchase/1" xmlns:ns12="http://zakupki.gov.ru/223fz/machineryListInfo/1" xmlns:ns13="http://zakupki.gov.ru/223fz/revenue/1" xmlns:ns14="http://zakupki.gov.ru/223fz/orderClauseList/1" xmlns:ns15="http://zakupki.gov.ru/223fz/complaint/1" xmlns:ns16="http://zakupki.gov.ru/223fz/missedNotice/1" xmlns:ns17="http://zakupki.gov.ru/223fz/notificationIssue/1" xmlns:ns18="http://zakupki.gov.ru/223fz/purchasePlanProject/1" xmlns:ns19="http://zakupki.gov.ru/223fz/webRequest/1" xmlns:ns2="http://zakupki.gov.ru/223fz/contract/1" xmlns:xsi="http://www.w3.org/2001/XMLSchema-instance" xmlns:ns3="http://zakupki.gov.ru/223fz/dishonestSupplier/1" xmlns:ns4="http://zakupki.gov.ru/223fz/decisionSuspension/1" xmlns:ns5="http://zakupki.gov.ru/223fz/purchasePlanAdditionalPosition/1" xmlns:ns6="http://zakupki.gov.ru/223fz/purchasePlan/1" xmlns:ns7="http://zakupki.gov.ru/223fz/purchasePlanProjectAdditionalPosition/1" xmlns:ns8="http://zakupki.gov.ru/223fz/reference/1" xmlns:ns9="http://zakupki.gov.ru/223fz/stopCommodity/1">
    <header>
        <guid>d965a43f-b03b-473a-b054-3211a54d5de2</guid>
        <createDateTime>2017-03-30T15:44:13</createDateTime>
    </header>
    <ns2:body>
        <ns2:item>
            <guid>857c726c-30cb-4f73-bd22-7d2b8637e606</guid>
            <ns2:performanceContractData>
                <ns2:guid>801fa328-bd02-4219-9b3e-c4becffc2479</ns2:guid>
                <ns2:registrationNumber>56661028380170000280019</ns2:registrationNumber>
                <ns2:urlOOS>https://zakupki.gov.ru/223/contract/private/completing/info/view.html?id=2668530</ns2:urlOOS>
                <ns2:createDateTime>2017-03-13T14:09:54</ns2:createDateTime>
                <ns2:customer>
                    <mainInfo>
                        <fullName>МУНИЦИПАЛЬНОЕ АВТОНОМНОЕ  УЧРЕЖДЕНИЕ "КЛИНИКО-ДИАГНОСТИЧЕСКИЙ ЦЕНТР"</fullName>
                        <shortName>МАУ "КДЦ"</shortName>
                        <iko>56661028380667101001</iko>
                        <inn>6661028380</inn>
                        <kpp>667101001</kpp>
                        <ogrn>1026605247415</ogrn>
                        <legalAddress>620144, ОБЛ СВЕРДЛОВСКАЯ, Г ЕКАТЕРИНБУРГ, УЛ 8 МАРТА, дом ДОМ 78В</legalAddress>
                        <postalAddress>620144, обл СВЕРДЛОВСКАЯ, г ЕКАТЕРИНБУРГ, ул 8 МАРТА, дом 78В</postalAddress>
                        <phone>7-343-2047134</phone>
                        <fax>7-343-2047157</fax>
                        <email>inbox@kdc-lab.ru</email>
                        <okato>65401377000</okato>
                        <okpo>25042229</okpo>
                    </mainInfo>
                </ns2:customer>
                <ns2:placer>
                    <mainInfo>
                        <fullName>МУНИЦИПАЛЬНОЕ АВТОНОМНОЕ  УЧРЕЖДЕНИЕ "КЛИНИКО-ДИАГНОСТИЧЕСКИЙ ЦЕНТР"</fullName>
                        <shortName>МАУ "КДЦ"</shortName>
                        <iko>56661028380667101001</iko>
                        <inn>6661028380</inn>
                        <kpp>667101001</kpp>
                        <ogrn>1026605247415</ogrn>
                        <legalAddress>620144, ОБЛ СВЕРДЛОВСКАЯ, Г ЕКАТЕРИНБУРГ, УЛ 8 МАРТА, дом ДОМ 78В</legalAddress>
                        <postalAddress>620144, обл СВЕРДЛОВСКАЯ, г ЕКАТЕРИНБУРГ, ул 8 МАРТА, дом 78В</postalAddress>
                        <phone>7-343-2047134</phone>
                        <fax>7-343-2047157</fax>
                        <email>inbox@kdc-lab.ru</email>
                        <okato>65401377000</okato>
                        <okpo>25042229</okpo>
                    </mainInfo>
                </ns2:placer>
                <ns2:publicationDate>2017-03-30T15:44:13</ns2:publicationDate>
                <ns2:status>P</ns2:status>
                <ns2:version>1</ns2:version>
                <ns2:completed>false</ns2:completed>
                <ns2:attachments>
                    <totalDocumentsCount>3</totalDocumentsCount>
                    <document>
                        <guid>7ee28dc1-bbc0-45bd-af89-4fd347d51fff</guid>
                        <createDateTime>2017-03-30T15:43:29</createDateTime>
                        <fileName>img177.jpg</fileName>
                        <description>img177</description>
                        <url>https://zakupki.gov.ru/223/contract/private/download/download.html?id=11744244</url>
                        <registrationNumber>56661028380170000280020</registrationNumber>
                    </document>
                    <document>
                        <guid>360880a0-430e-4570-990a-1801a47d14cd</guid>
                        <createDateTime>2017-03-30T15:43:01</createDateTime>
                        <fileName>172331 от 22.03.2017 - УКП.pdf</fileName>
                        <description>172331 от 22.03.2017 - УКП</description>
                        <url>https://zakupki.gov.ru/223/contract/private/download/download.html?id=11744213</url>
                        <registrationNumber>56661028380170000280021</registrationNumber>
                    </document>
                    <document>
                        <guid>4a38f6ba-a463-4779-9b58-0d37286b1c91</guid>
                        <createDateTime>2017-03-30T15:43:36</createDateTime>
                        <fileName>img178.jpg</fileName>
                        <description>img178</description>
                        <url>https://zakupki.gov.ru/223/contract/private/download/download.html?id=11744249</url>
                        <registrationNumber>56661028380170000280022</registrationNumber>
                    </document>
                </ns2:attachments>
                <ns2:hasPenalty>false</ns2:hasPenalty>
                <ns2:contractRegNumber>56661028380170000280000</ns2:contractRegNumber>
                <ns2:contractInfo>
                    <ns2:guid>83f74027-997a-4d9f-8b9f-d69fb0656e05</ns2:guid>
                    <ns2:name>31604499906</ns2:name>
                    <ns2:agencyName>МАУ "КДЦ"</ns2:agencyName>
                    <ns2:supplierName>ОБЩЕСТВО С ОГРАНИЧЕННОЙ ОТВЕТСТВЕННОСТЬЮ  "УРАЛКОСМОС  ПЛЮС"</ns2:supplierName>
                    <ns2:lotInfo>Тест-системы и расходные материалы для определения антиядерных антител и антител к возбудителям внутриутробных инфекций, атипичных пневмоний и H.pylori</ns2:lotInfo>
                    <ns2:contractDate>2017-01-24</ns2:contractDate>
                </ns2:contractInfo>
                <ns2:positions>
                    <ns2:position>
                        <ns2:ordinal>1</ns2:ordinal>
                        <ns2:paymentDate>2017-03-22</ns2:paymentDate>
                        <ns2:price>38181.8</ns2:price>
                        <ns2:currency>
                            <code>RUB</code>
                            <digitalCode>643</digitalCode>
                            <name>Российский рубль</name>
                        </ns2:currency>
                        <ns2:rubPrice>38181.8</ns2:rubPrice>
                        <ns2:prepaid>false</ns2:prepaid>
                        <ns2:docs>
                            <ns2:doc>
                                <ns2:ordinal>1</ns2:ordinal>
                                <ns2:date>2017-01-31</ns2:date>
                                <ns2:code>01</ns2:code>
                                <ns2:name>товарная накладная</ns2:name>
                                <ns2:number>73</ns2:number>
                                <ns2:contractPosition>
                                    <ns2:guid>15400524-fec9-44aa-9073-7802fc3869fd</ns2:guid>
                                    <ns2:name>Реагенты диагностические</ns2:name>
                                    <ns2:okpd2>
                                        <code>21.20.23.110</code>
                                        <name>Реагенты диагностические</name>
                                    </ns2:okpd2>
                                </ns2:contractPosition>
                                <ns2:okei>
                                    <code>642</code>
                                    <name>Единица</name>
                                </ns2:okei>
                                <ns2:qty>17</ns2:qty>
                            </ns2:doc>
                        </ns2:docs>
                    </ns2:position>
                    <ns2:total>38181.8</ns2:total>
                </ns2:positions>
            </ns2:performanceContractData>
        </ns2:item>
    </ns2:body>
</ns2:performanceContract>
