<?xml version="1.0" encoding="UTF-8" standalone="yes"?>
<ns2:performanceContract xsi:schemaLocation="http://zakupki.gov.ru/223/integration/schema/TFF-5.2 http://zakupki.gov.ru/223/integration/schema/TFF-5.2/Types.xsd" xmlns="http://zakupki.gov.ru/223fz/types/1" xmlns:ns10="http://zakupki.gov.ru/223fz/disagreementProtocol/1" xmlns:ns11="http://zakupki.gov.ru/223fz/purchase/1" xmlns:ns12="http://zakupki.gov.ru/223fz/machineryListInfo/1" xmlns:ns13="http://zakupki.gov.ru/223fz/revenue/1" xmlns:ns14="http://zakupki.gov.ru/223fz/orderClauseList/1" xmlns:ns15="http://zakupki.gov.ru/223fz/complaint/1" xmlns:ns16="http://zakupki.gov.ru/223fz/missedNotice/1" xmlns:ns17="http://zakupki.gov.ru/223fz/notificationIssue/1" xmlns:ns18="http://zakupki.gov.ru/223fz/purchasePlanProject/1" xmlns:ns19="http://zakupki.gov.ru/223fz/webRequest/1" xmlns:ns2="http://zakupki.gov.ru/223fz/contract/1" xmlns:xsi="http://www.w3.org/2001/XMLSchema-instance" xmlns:ns3="http://zakupki.gov.ru/223fz/dishonestSupplier/1" xmlns:ns4="http://zakupki.gov.ru/223fz/decisionSuspension/1" xmlns:ns5="http://zakupki.gov.ru/223fz/purchasePlanAdditionalPosition/1" xmlns:ns6="http://zakupki.gov.ru/223fz/purchasePlan/1" xmlns:ns7="http://zakupki.gov.ru/223fz/purchasePlanProjectAdditionalPosition/1" xmlns:ns8="http://zakupki.gov.ru/223fz/reference/1" xmlns:ns9="http://zakupki.gov.ru/223fz/stopCommodity/1">
    <header>
        <guid>7567e2b4-8742-4bca-97a5-ba47fc151992</guid>
        <createDateTime>2017-03-30T19:14:56</createDateTime>
    </header>
    <ns2:body>
        <ns2:item>
            <guid>f6761e0c-2aef-4372-b0cb-e5638b5b7c0d</guid>
            <ns2:performanceContractData>
                <ns2:guid>564b9146-12bd-474e-bcac-0cc93c4aff0b</ns2:guid>
                <ns2:registrationNumber>56605002100170003150003</ns2:registrationNumber>
                <ns2:urlOOS>https://zakupki.gov.ru/223/contract/private/completing/info/view.html?id=2669728</ns2:urlOOS>
                <ns2:createDateTime>2017-03-01T08:46:31</ns2:createDateTime>
                <ns2:customer>
                    <mainInfo>
                        <fullName>Открытое акционерное общество "Богдановичский комбикормовый завод"</fullName>
                        <shortName>ОАО "Богдановичский комбикормовый завод"</shortName>
                        <iko>56605002100660501001</iko>
                        <inn>6605002100</inn>
                        <kpp>660501001</kpp>
                        <ogrn>1026600705790</ogrn>
                        <legalAddress>623530, Свердловская, Богданович, Степана Разина, дом 64</legalAddress>
                        <postalAddress>623530, Свердловская Область, Богданович Город, Степана Разина Улица, дом 64</postalAddress>
                        <phone>7-34376-55681</phone>
                        <email>lawyer@combikorm.ru</email>
                        <okato>65416000000</okato>
                        <okpo>04537234</okpo>
                    </mainInfo>
                </ns2:customer>
                <ns2:placer>
                    <mainInfo>
                        <fullName>Открытое акционерное общество "Богдановичский комбикормовый завод"</fullName>
                        <shortName>ОАО "Богдановичский комбикормовый завод"</shortName>
                        <iko>56605002100660501001</iko>
                        <inn>6605002100</inn>
                        <kpp>660501001</kpp>
                        <ogrn>1026600705790</ogrn>
                        <legalAddress>623530, Свердловская, Богданович, Степана Разина, дом 64</legalAddress>
                        <postalAddress>623530, Свердловская Область, Богданович Город, Степана Разина Улица, дом 64</postalAddress>
                        <phone>7-34376-55681</phone>
                        <email>lawyer@combikorm.ru</email>
                        <okato>65416000000</okato>
                        <okpo>04537234</okpo>
                    </mainInfo>
                </ns2:placer>
                <ns2:publicationDate>2017-03-30T19:14:56</ns2:publicationDate>
                <ns2:status>P</ns2:status>
                <ns2:version>1</ns2:version>
                <ns2:completed>true</ns2:completed>
                <ns2:attachments>
                    <totalDocumentsCount>3</totalDocumentsCount>
                    <document>
                        <guid>11022e06-3949-4c25-9d4a-802709df65f1</guid>
                        <createDateTime>2017-03-30T19:14:21</createDateTime>
                        <fileName>ООО Качели дог.613 от 15.06.2016.pdf</fileName>
                        <description>ООО Качели дог.613 от 15.06.2016</description>
                        <url>https://zakupki.gov.ru/223/contract/private/download/download.html?id=11750122</url>
                        <registrationNumber>56605002100170003150004</registrationNumber>
                    </document>
                    <document>
                        <guid>81e66aad-7c30-48c7-8e51-61256473ba4c</guid>
                        <createDateTime>2017-03-30T19:14:30</createDateTime>
                        <fileName>ООО Качели дог.613 от 15.06.2016 опл 19.07.2016.pdf</fileName>
                        <description>ООО Качели дог.613 от 15.06.2016 опл 19.07.2016</description>
                        <url>https://zakupki.gov.ru/223/contract/private/download/download.html?id=11750123</url>
                        <registrationNumber>56605002100170003150005</registrationNumber>
                    </document>
                    <document>
                        <guid>53ac6f76-06e8-4676-ae05-0511ba3c0829</guid>
                        <createDateTime>2017-03-30T19:14:39</createDateTime>
                        <fileName>ООО Качели дог.613 от 15.06.2016 опл 26.07.2016.pdf</fileName>
                        <description>ООО Качели дог.613 от 15.06.2016 опл 26.07.2016</description>
                        <url>https://zakupki.gov.ru/223/contract/private/download/download.html?id=11750124</url>
                        <registrationNumber>56605002100170003150006</registrationNumber>
                    </document>
                </ns2:attachments>
                <ns2:hasPenalty>false</ns2:hasPenalty>
                <ns2:contractRegNumber>56605002100170003150000</ns2:contractRegNumber>
                <ns2:contractInfo>
                    <ns2:guid>f25f4aac-038d-4a94-ad29-216c971182fc</ns2:guid>
                    <ns2:name>613</ns2:name>
                    <ns2:agencyName>ОАО "Богдановичский комбикормовый завод"</ns2:agencyName>
                    <ns2:supplierName>ОБЩЕСТВО С ОГРАНИЧЕННОЙ ОТВЕТСТВЕННОСТЬЮ "КАЧЕЛИ"</ns2:supplierName>
                    <ns2:lotInfo>Масло подсолнечное нерафинированное 1 сорта</ns2:lotInfo>
                    <ns2:contractDate>2016-06-15</ns2:contractDate>
                </ns2:contractInfo>
                <ns2:positions>
                    <ns2:position>
                        <ns2:ordinal>1</ns2:ordinal>
                        <ns2:paymentDate>2016-07-12</ns2:paymentDate>
                        <ns2:price>1993538.6</ns2:price>
                        <ns2:currency>
                            <code>RUB</code>
                            <digitalCode>643</digitalCode>
                            <name>Российский рубль</name>
                        </ns2:currency>
                        <ns2:rubPrice>1993538.6</ns2:rubPrice>
                        <ns2:prepaid>false</ns2:prepaid>
                        <ns2:docs>
                            <ns2:doc>
                                <ns2:ordinal>1</ns2:ordinal>
                                <ns2:date>2016-07-13</ns2:date>
                                <ns2:code>37</ns2:code>
                                <ns2:name>прочие документы о приемке</ns2:name>
                                <ns2:number>акт сверки расчётов за период с 15.06.2016 по 12.07.2016</ns2:number>
                                <ns2:contractPosition>
                                    <ns2:guid>de765101-9622-47ef-ac84-a4860c52e37f</ns2:guid>
                                    <ns2:name>Масла растительные и их фракции нерафинированные</ns2:name>
                                    <ns2:okpd2>
                                        <code>10.41.2</code>
                                        <name>Масла растительные и их фракции нерафинированные</name>
                                    </ns2:okpd2>
                                </ns2:contractPosition>
                                <ns2:okei>
                                    <code>168</code>
                                    <name>Тонна; Метрическая тонна (1000 кг)</name>
                                </ns2:okei>
                                <ns2:qty>65.36</ns2:qty>
                            </ns2:doc>
                        </ns2:docs>
                    </ns2:position>
                    <ns2:position>
                        <ns2:ordinal>2</ns2:ordinal>
                        <ns2:paymentDate>2016-07-19</ns2:paymentDate>
                        <ns2:price>1200000</ns2:price>
                        <ns2:currency>
                            <code>RUB</code>
                            <digitalCode>643</digitalCode>
                            <name>Российский рубль</name>
                        </ns2:currency>
                        <ns2:rubPrice>1200000</ns2:rubPrice>
                        <ns2:prepaid>false</ns2:prepaid>
                        <ns2:docs>
                            <ns2:doc>
                                <ns2:ordinal>1</ns2:ordinal>
                                <ns2:date>2016-07-20</ns2:date>
                                <ns2:code>37</ns2:code>
                                <ns2:name>прочие документы о приемке</ns2:name>
                                <ns2:number>акт сверки расчётов за период с 15.06.2016 по 19.07.2016</ns2:number>
                                <ns2:contractPosition>
                                    <ns2:guid>de765101-9622-47ef-ac84-a4860c52e37f</ns2:guid>
                                    <ns2:name>Масла растительные и их фракции нерафинированные</ns2:name>
                                    <ns2:okpd2>
                                        <code>10.41.2</code>
                                        <name>Масла растительные и их фракции нерафинированные</name>
                                    </ns2:okpd2>
                                </ns2:contractPosition>
                                <ns2:okei>
                                    <code>168</code>
                                    <name>Тонна; Метрическая тонна (1000 кг)</name>
                                </ns2:okei>
                                <ns2:qty>65.36</ns2:qty>
                            </ns2:doc>
                        </ns2:docs>
                    </ns2:position>
                    <ns2:position>
                        <ns2:ordinal>3</ns2:ordinal>
                        <ns2:paymentDate>2016-07-26</ns2:paymentDate>
                        <ns2:price>786231.81</ns2:price>
                        <ns2:currency>
                            <code>RUB</code>
                            <digitalCode>643</digitalCode>
                            <name>Российский рубль</name>
                        </ns2:currency>
                        <ns2:rubPrice>786231.81</ns2:rubPrice>
                        <ns2:prepaid>false</ns2:prepaid>
                        <ns2:docs>
                            <ns2:doc>
                                <ns2:ordinal>1</ns2:ordinal>
                                <ns2:date>2016-07-27</ns2:date>
                                <ns2:code>37</ns2:code>
                                <ns2:name>прочие документы о приемке</ns2:name>
                                <ns2:number>акт сверки расчётов за период с 15.06.2016 по 26.07.2016</ns2:number>
                                <ns2:contractPosition>
                                    <ns2:guid>de765101-9622-47ef-ac84-a4860c52e37f</ns2:guid>
                                    <ns2:name>Масла растительные и их фракции нерафинированные</ns2:name>
                                    <ns2:okpd2>
                                        <code>10.41.2</code>
                                        <name>Масла растительные и их фракции нерафинированные</name>
                                    </ns2:okpd2>
                                </ns2:contractPosition>
                                <ns2:okei>
                                    <code>168</code>
                                    <name>Тонна; Метрическая тонна (1000 кг)</name>
                                </ns2:okei>
                                <ns2:qty>65.36</ns2:qty>
                            </ns2:doc>
                        </ns2:docs>
                    </ns2:position>
                    <ns2:total>3979770.41</ns2:total>
                </ns2:positions>
            </ns2:performanceContractData>
        </ns2:item>
    </ns2:body>
</ns2:performanceContract>
