<?xml version="1.0" encoding="UTF-8" standalone="yes"?>
<ns2:performanceContract xsi:schemaLocation="http://zakupki.gov.ru/223/integration/schema/TFF-5.2 http://zakupki.gov.ru/223/integration/schema/TFF-5.2/Types.xsd" xmlns="http://zakupki.gov.ru/223fz/types/1" xmlns:ns10="http://zakupki.gov.ru/223fz/disagreementProtocol/1" xmlns:ns11="http://zakupki.gov.ru/223fz/purchase/1" xmlns:ns12="http://zakupki.gov.ru/223fz/machineryListInfo/1" xmlns:ns13="http://zakupki.gov.ru/223fz/revenue/1" xmlns:ns14="http://zakupki.gov.ru/223fz/orderClauseList/1" xmlns:ns15="http://zakupki.gov.ru/223fz/complaint/1" xmlns:ns16="http://zakupki.gov.ru/223fz/missedNotice/1" xmlns:ns17="http://zakupki.gov.ru/223fz/notificationIssue/1" xmlns:ns18="http://zakupki.gov.ru/223fz/purchasePlanProject/1" xmlns:ns19="http://zakupki.gov.ru/223fz/webRequest/1" xmlns:ns2="http://zakupki.gov.ru/223fz/contract/1" xmlns:xsi="http://www.w3.org/2001/XMLSchema-instance" xmlns:ns3="http://zakupki.gov.ru/223fz/dishonestSupplier/1" xmlns:ns4="http://zakupki.gov.ru/223fz/decisionSuspension/1" xmlns:ns5="http://zakupki.gov.ru/223fz/purchasePlanAdditionalPosition/1" xmlns:ns6="http://zakupki.gov.ru/223fz/purchasePlan/1" xmlns:ns7="http://zakupki.gov.ru/223fz/purchasePlanProjectAdditionalPosition/1" xmlns:ns8="http://zakupki.gov.ru/223fz/reference/1" xmlns:ns9="http://zakupki.gov.ru/223fz/stopCommodity/1">
    <header>
        <guid>b305e97c-eac6-4a89-b940-72a5ebf652ba</guid>
        <createDateTime>2017-03-30T19:33:38</createDateTime>
    </header>
    <ns2:body>
        <ns2:item>
            <guid>fccf337c-b074-4e8c-b83e-207b1339f0d6</guid>
            <ns2:performanceContractData>
                <ns2:guid>f2d8abbd-d091-4fd9-9a92-f49dc00ffcb3</ns2:guid>
                <ns2:registrationNumber>56605002100170003160004</ns2:registrationNumber>
                <ns2:urlOOS>https://zakupki.gov.ru/223/contract/private/completing/info/view.html?id=2669748</ns2:urlOOS>
                <ns2:createDateTime>2017-03-01T08:58:48</ns2:createDateTime>
                <ns2:customer>
                    <mainInfo>
                        <fullName>Открытое акционерное общество "Богдановичский комбикормовый завод"</fullName>
                        <shortName>ОАО "Богдановичский комбикормовый завод"</shortName>
                        <iko>56605002100660501001</iko>
                        <inn>6605002100</inn>
                        <kpp>660501001</kpp>
                        <ogrn>1026600705790</ogrn>
                        <legalAddress>623530, Свердловская, Богданович, Степана Разина, дом 64</legalAddress>
                        <postalAddress>623530, Свердловская Область, Богданович Город, Степана Разина Улица, дом 64</postalAddress>
                        <phone>7-34376-55681</phone>
                        <email>lawyer@combikorm.ru</email>
                        <okato>65416000000</okato>
                        <okpo>04537234</okpo>
                    </mainInfo>
                </ns2:customer>
                <ns2:placer>
                    <mainInfo>
                        <fullName>Открытое акционерное общество "Богдановичский комбикормовый завод"</fullName>
                        <shortName>ОАО "Богдановичский комбикормовый завод"</shortName>
                        <iko>56605002100660501001</iko>
                        <inn>6605002100</inn>
                        <kpp>660501001</kpp>
                        <ogrn>1026600705790</ogrn>
                        <legalAddress>623530, Свердловская, Богданович, Степана Разина, дом 64</legalAddress>
                        <postalAddress>623530, Свердловская Область, Богданович Город, Степана Разина Улица, дом 64</postalAddress>
                        <phone>7-34376-55681</phone>
                        <email>lawyer@combikorm.ru</email>
                        <okato>65416000000</okato>
                        <okpo>04537234</okpo>
                    </mainInfo>
                </ns2:placer>
                <ns2:publicationDate>2017-03-30T19:33:38</ns2:publicationDate>
                <ns2:status>P</ns2:status>
                <ns2:version>1</ns2:version>
                <ns2:completed>true</ns2:completed>
                <ns2:attachments>
                    <totalDocumentsCount>3</totalDocumentsCount>
                    <document>
                        <guid>0387c98e-389d-4201-8373-3e49cfc396d3</guid>
                        <createDateTime>2017-03-30T19:32:59</createDateTime>
                        <fileName>магистраль - 0001.jpg</fileName>
                        <description>магистраль - 0001</description>
                        <url>https://zakupki.gov.ru/223/contract/private/download/download.html?id=11750241</url>
                        <registrationNumber>56605002100170003160005</registrationNumber>
                    </document>
                    <document>
                        <guid>2dd042ad-46c3-49e4-a2b2-ae44c45d0145</guid>
                        <createDateTime>2017-03-30T19:33:07</createDateTime>
                        <fileName>магистраль - 0002.jpg</fileName>
                        <description>магистраль - 0002</description>
                        <url>https://zakupki.gov.ru/223/contract/private/download/download.html?id=11750244</url>
                        <registrationNumber>56605002100170003160006</registrationNumber>
                    </document>
                    <document>
                        <guid>67158dc5-5bd2-4325-94cf-80d9f90f3ce1</guid>
                        <createDateTime>2017-03-30T19:33:19</createDateTime>
                        <fileName>магистраль - 0003.jpg</fileName>
                        <description>магистраль - 0003</description>
                        <url>https://zakupki.gov.ru/223/contract/private/download/download.html?id=11750246</url>
                        <registrationNumber>56605002100170003160007</registrationNumber>
                    </document>
                </ns2:attachments>
                <ns2:hasPenalty>false</ns2:hasPenalty>
                <ns2:contractRegNumber>56605002100170003160000</ns2:contractRegNumber>
                <ns2:contractInfo>
                    <ns2:guid>59c38f4b-900a-4697-8c1c-0f90d5caa29f</ns2:guid>
                    <ns2:name>619</ns2:name>
                    <ns2:agencyName>ОАО "Богдановичский комбикормовый завод"</ns2:agencyName>
                    <ns2:supplierName>ОБЩЕСТВО С ОГРАНИЧЕННОЙ ОТВЕТСТВЕННОСТЬЮ "МАГИСТРАЛЬ"</ns2:supplierName>
                    <ns2:lotInfo>Металлопрокат</ns2:lotInfo>
                    <ns2:contractDate>2016-06-17</ns2:contractDate>
                </ns2:contractInfo>
                <ns2:positions>
                    <ns2:position>
                        <ns2:ordinal>1</ns2:ordinal>
                        <ns2:paymentDate>2016-06-28</ns2:paymentDate>
                        <ns2:price>536013.34</ns2:price>
                        <ns2:currency>
                            <code>RUB</code>
                            <digitalCode>643</digitalCode>
                            <name>Российский рубль</name>
                        </ns2:currency>
                        <ns2:rubPrice>536013.34</ns2:rubPrice>
                        <ns2:prepaid>false</ns2:prepaid>
                        <ns2:docs>
                            <ns2:doc>
                                <ns2:ordinal>1</ns2:ordinal>
                                <ns2:date>2016-06-23</ns2:date>
                                <ns2:code>19</ns2:code>
                                <ns2:name>счет-фактура</ns2:name>
                                <ns2:number>319</ns2:number>
                                <ns2:contractPosition>
                                    <ns2:guid>1822783e-adad-4870-a41a-f8e4d5035a6e</ns2:guid>
                                    <ns2:name>Конструкции и детали конструкций прочие, листы, прутки, уголки, профили и аналогичные изделия из черных металлов или алюминия</ns2:name>
                                    <ns2:okpd2>
                                        <code>25.11.23</code>
                                        <name>Конструкции и детали конструкций прочие, листы, прутки, уголки, профили и аналогичные изделия из черных металлов или алюминия</name>
                                    </ns2:okpd2>
                                </ns2:contractPosition>
                                <ns2:okei>
                                    <code>168</code>
                                    <name>Тонна; Метрическая тонна (1000 кг)</name>
                                </ns2:okei>
                                <ns2:qty>11</ns2:qty>
                            </ns2:doc>
                        </ns2:docs>
                    </ns2:position>
                    <ns2:total>536013.34</ns2:total>
                </ns2:positions>
            </ns2:performanceContractData>
        </ns2:item>
    </ns2:body>
</ns2:performanceContract>
