<?xml version="1.0" encoding="UTF-8" standalone="yes"?>
<ns2:performanceContract xsi:schemaLocation="http://zakupki.gov.ru/223/integration/schema/TFF-5.2 http://zakupki.gov.ru/223/integration/schema/TFF-5.2/Types.xsd" xmlns="http://zakupki.gov.ru/223fz/types/1" xmlns:ns10="http://zakupki.gov.ru/223fz/disagreementProtocol/1" xmlns:ns11="http://zakupki.gov.ru/223fz/purchase/1" xmlns:ns12="http://zakupki.gov.ru/223fz/machineryListInfo/1" xmlns:ns13="http://zakupki.gov.ru/223fz/revenue/1" xmlns:ns14="http://zakupki.gov.ru/223fz/orderClauseList/1" xmlns:ns15="http://zakupki.gov.ru/223fz/complaint/1" xmlns:ns16="http://zakupki.gov.ru/223fz/missedNotice/1" xmlns:ns17="http://zakupki.gov.ru/223fz/notificationIssue/1" xmlns:ns18="http://zakupki.gov.ru/223fz/purchasePlanProject/1" xmlns:ns19="http://zakupki.gov.ru/223fz/webRequest/1" xmlns:ns2="http://zakupki.gov.ru/223fz/contract/1" xmlns:xsi="http://www.w3.org/2001/XMLSchema-instance" xmlns:ns3="http://zakupki.gov.ru/223fz/dishonestSupplier/1" xmlns:ns4="http://zakupki.gov.ru/223fz/decisionSuspension/1" xmlns:ns5="http://zakupki.gov.ru/223fz/purchasePlanAdditionalPosition/1" xmlns:ns6="http://zakupki.gov.ru/223fz/purchasePlan/1" xmlns:ns7="http://zakupki.gov.ru/223fz/purchasePlanProjectAdditionalPosition/1" xmlns:ns8="http://zakupki.gov.ru/223fz/reference/1" xmlns:ns9="http://zakupki.gov.ru/223fz/stopCommodity/1">
    <header>
        <guid>2a92ca25-1a15-435b-9200-f8bfcd63c49c</guid>
        <createDateTime>2017-03-30T20:53:19</createDateTime>
    </header>
    <ns2:body>
        <ns2:item>
            <guid>3319bd3e-de27-414d-9b57-52be8b562150</guid>
            <ns2:performanceContractData>
                <ns2:guid>bc1435ba-1355-4010-ad46-abe3176b37e3</ns2:guid>
                <ns2:registrationNumber>56605002100170001450003</ns2:registrationNumber>
                <ns2:urlOOS>https://zakupki.gov.ru/223/contract/private/completing/info/view.html?id=2669812</ns2:urlOOS>
                <ns2:createDateTime>2017-02-15T13:47:52</ns2:createDateTime>
                <ns2:customer>
                    <mainInfo>
                        <fullName>Открытое акционерное общество "Богдановичский комбикормовый завод"</fullName>
                        <shortName>ОАО "Богдановичский комбикормовый завод"</shortName>
                        <iko>56605002100660501001</iko>
                        <inn>6605002100</inn>
                        <kpp>660501001</kpp>
                        <ogrn>1026600705790</ogrn>
                        <legalAddress>623530, Свердловская, Богданович, Степана Разина, дом 64</legalAddress>
                        <postalAddress>623530, Свердловская Область, Богданович Город, Степана Разина Улица, дом 64</postalAddress>
                        <phone>7-34376-55681</phone>
                        <email>lawyer@combikorm.ru</email>
                        <okato>65416000000</okato>
                        <okpo>04537234</okpo>
                    </mainInfo>
                </ns2:customer>
                <ns2:placer>
                    <mainInfo>
                        <fullName>Открытое акционерное общество "Богдановичский комбикормовый завод"</fullName>
                        <shortName>ОАО "Богдановичский комбикормовый завод"</shortName>
                        <iko>56605002100660501001</iko>
                        <inn>6605002100</inn>
                        <kpp>660501001</kpp>
                        <ogrn>1026600705790</ogrn>
                        <legalAddress>623530, Свердловская, Богданович, Степана Разина, дом 64</legalAddress>
                        <postalAddress>623530, Свердловская Область, Богданович Город, Степана Разина Улица, дом 64</postalAddress>
                        <phone>7-34376-55681</phone>
                        <email>lawyer@combikorm.ru</email>
                        <okato>65416000000</okato>
                        <okpo>04537234</okpo>
                    </mainInfo>
                </ns2:placer>
                <ns2:publicationDate>2017-03-30T20:53:19</ns2:publicationDate>
                <ns2:status>P</ns2:status>
                <ns2:version>1</ns2:version>
                <ns2:completed>true</ns2:completed>
                <ns2:attachments>
                    <totalDocumentsCount>5</totalDocumentsCount>
                    <document>
                        <guid>053d2120-99a5-4ec0-aaaf-85f389343208</guid>
                        <createDateTime>2017-03-30T20:52:19</createDateTime>
                        <fileName>ООО Амурагроцентр дог.636 от 22.06.2016.pdf</fileName>
                        <description>ООО Амурагроцентр дог.636 от 22.06.2016</description>
                        <url>https://zakupki.gov.ru/223/contract/private/download/download.html?id=11750528</url>
                        <registrationNumber>56605002100170001450004</registrationNumber>
                    </document>
                    <document>
                        <guid>36610fb4-0182-442e-8149-867a895cbd24</guid>
                        <createDateTime>2017-03-30T20:52:25</createDateTime>
                        <fileName>Амурагроцентр ООО Дог.636 от 22.06.2016.pdf</fileName>
                        <description>Амурагроцентр ООО Дог.636 от 22.06.2016</description>
                        <url>https://zakupki.gov.ru/223/contract/private/download/download.html?id=11750530</url>
                        <registrationNumber>56605002100170001450005</registrationNumber>
                    </document>
                    <document>
                        <guid>5ec11aaf-5363-4f1d-b841-aeb59e7b3000</guid>
                        <createDateTime>2017-03-30T20:52:33</createDateTime>
                        <fileName>ООО Амурагроцентр дог.636 от 22.06.2016 опл 26.07.2016.pdf</fileName>
                        <description>ООО Амурагроцентр дог.636 от 22.06.2016 опл 26.07.2016</description>
                        <url>https://zakupki.gov.ru/223/contract/private/download/download.html?id=11750532</url>
                        <registrationNumber>56605002100170001450006</registrationNumber>
                    </document>
                    <document>
                        <guid>c3a946a7-b3fe-4cb9-b0c5-a2f3f1940b04</guid>
                        <createDateTime>2017-03-30T20:52:43</createDateTime>
                        <fileName>ООО Амурагроцентр  дог.636 от 22.06.2016 опл.02.08.2016.pdf</fileName>
                        <description>ООО Амурагроцентр  дог.636 от 22.06.2016 опл.02.08.2016</description>
                        <url>https://zakupki.gov.ru/223/contract/private/download/download.html?id=11750534</url>
                        <registrationNumber>56605002100170001450007</registrationNumber>
                    </document>
                    <document>
                        <guid>654fc715-b147-4b20-9c3d-e45090612e62</guid>
                        <createDateTime>2017-03-30T20:52:51</createDateTime>
                        <fileName>ООО Амурагроцентр дог.636 от 22.06.2016 опл.09.08.2016.pdf</fileName>
                        <description>ООО Амурагроцентр дог.636 от 22.06.2016 опл.09.08.2016</description>
                        <url>https://zakupki.gov.ru/223/contract/private/download/download.html?id=11750535</url>
                        <registrationNumber>56605002100170001450008</registrationNumber>
                    </document>
                </ns2:attachments>
                <ns2:hasPenalty>false</ns2:hasPenalty>
                <ns2:contractRegNumber>56605002100170001450000</ns2:contractRegNumber>
                <ns2:contractInfo>
                    <ns2:guid>54374837-4f48-4fe8-919f-d8b57b174fee</ns2:guid>
                    <ns2:name>636</ns2:name>
                    <ns2:agencyName>ОАО "Богдановичский комбикормовый завод"</ns2:agencyName>
                    <ns2:supplierName>ОБЩЕСТВО С ОГРАНИЧЕННОЙ ОТВЕТСТВЕННОСТЬЮ "АМУРАГРОЦЕНТР"</ns2:supplierName>
                    <ns2:lotInfo>Шрот соевый</ns2:lotInfo>
                    <ns2:contractDate>2016-06-22</ns2:contractDate>
                </ns2:contractInfo>
                <ns2:positions>
                    <ns2:position>
                        <ns2:ordinal>1</ns2:ordinal>
                        <ns2:paymentDate>2016-07-19</ns2:paymentDate>
                        <ns2:price>5276417.87</ns2:price>
                        <ns2:currency>
                            <code>RUB</code>
                            <digitalCode>643</digitalCode>
                            <name>Российский рубль</name>
                        </ns2:currency>
                        <ns2:rubPrice>5276417.87</ns2:rubPrice>
                        <ns2:prepaid>false</ns2:prepaid>
                        <ns2:docs>
                            <ns2:doc>
                                <ns2:ordinal>1</ns2:ordinal>
                                <ns2:date>2016-07-20</ns2:date>
                                <ns2:code>37</ns2:code>
                                <ns2:name>прочие документы о приемке</ns2:name>
                                <ns2:number>акт сверки расчётов за период с 22.06.2016 по 19.07.2016</ns2:number>
                                <ns2:contractPosition>
                                    <ns2:guid>1e3f646b-a92e-4c41-9aa3-6861ecefa6f3</ns2:guid>
                                    <ns2:name>Бобы соевые для переработки</ns2:name>
                                    <ns2:okpd2>
                                        <code>01.11.81.120</code>
                                        <name>Бобы соевые для переработки</name>
                                    </ns2:okpd2>
                                </ns2:contractPosition>
                                <ns2:okei>
                                    <code>168</code>
                                    <name>Тонна; Метрическая тонна (1000 кг)</name>
                                </ns2:okei>
                                <ns2:qty>134.26</ns2:qty>
                            </ns2:doc>
                        </ns2:docs>
                    </ns2:position>
                    <ns2:position>
                        <ns2:ordinal>2</ns2:ordinal>
                        <ns2:paymentDate>2016-07-26</ns2:paymentDate>
                        <ns2:price>5000000</ns2:price>
                        <ns2:currency>
                            <code>RUB</code>
                            <digitalCode>643</digitalCode>
                            <name>Российский рубль</name>
                        </ns2:currency>
                        <ns2:rubPrice>5000000</ns2:rubPrice>
                        <ns2:prepaid>false</ns2:prepaid>
                        <ns2:docs>
                            <ns2:doc>
                                <ns2:ordinal>1</ns2:ordinal>
                                <ns2:date>2016-07-27</ns2:date>
                                <ns2:code>37</ns2:code>
                                <ns2:name>прочие документы о приемке</ns2:name>
                                <ns2:number>акт сверки расчётов за период с 22.06.2016 по 26.07.2016</ns2:number>
                                <ns2:contractPosition>
                                    <ns2:guid>1e3f646b-a92e-4c41-9aa3-6861ecefa6f3</ns2:guid>
                                    <ns2:name>Бобы соевые для переработки</ns2:name>
                                    <ns2:okpd2>
                                        <code>01.11.81.120</code>
                                        <name>Бобы соевые для переработки</name>
                                    </ns2:okpd2>
                                </ns2:contractPosition>
                                <ns2:okei>
                                    <code>168</code>
                                    <name>Тонна; Метрическая тонна (1000 кг)</name>
                                </ns2:okei>
                                <ns2:qty>536.1</ns2:qty>
                            </ns2:doc>
                        </ns2:docs>
                    </ns2:position>
                    <ns2:position>
                        <ns2:ordinal>3</ns2:ordinal>
                        <ns2:paymentDate>2016-07-31</ns2:paymentDate>
                        <ns2:price>261.25</ns2:price>
                        <ns2:currency>
                            <code>RUB</code>
                            <digitalCode>643</digitalCode>
                            <name>Российский рубль</name>
                        </ns2:currency>
                        <ns2:rubPrice>261.25</ns2:rubPrice>
                        <ns2:prepaid>false</ns2:prepaid>
                        <ns2:docs>
                            <ns2:doc>
                                <ns2:ordinal>1</ns2:ordinal>
                                <ns2:date>2016-08-01</ns2:date>
                                <ns2:code>37</ns2:code>
                                <ns2:name>прочие документы о приемке</ns2:name>
                                <ns2:number>акт сверки расчётов за период с 22.06.2016 по 31.07.2016</ns2:number>
                                <ns2:contractPosition>
                                    <ns2:guid>1e3f646b-a92e-4c41-9aa3-6861ecefa6f3</ns2:guid>
                                    <ns2:name>Бобы соевые для переработки</ns2:name>
                                    <ns2:okpd2>
                                        <code>01.11.81.120</code>
                                        <name>Бобы соевые для переработки</name>
                                    </ns2:okpd2>
                                </ns2:contractPosition>
                                <ns2:okei>
                                    <code>168</code>
                                    <name>Тонна; Метрическая тонна (1000 кг)</name>
                                </ns2:okei>
                                <ns2:qty>536.1</ns2:qty>
                            </ns2:doc>
                        </ns2:docs>
                    </ns2:position>
                    <ns2:position>
                        <ns2:ordinal>4</ns2:ordinal>
                        <ns2:paymentDate>2016-08-02</ns2:paymentDate>
                        <ns2:price>9792311.59</ns2:price>
                        <ns2:currency>
                            <code>RUB</code>
                            <digitalCode>643</digitalCode>
                            <name>Российский рубль</name>
                        </ns2:currency>
                        <ns2:rubPrice>9792311.59</ns2:rubPrice>
                        <ns2:prepaid>false</ns2:prepaid>
                        <ns2:docs>
                            <ns2:doc>
                                <ns2:ordinal>1</ns2:ordinal>
                                <ns2:date>2016-08-03</ns2:date>
                                <ns2:code>37</ns2:code>
                                <ns2:name>прочие документы о приемке</ns2:name>
                                <ns2:number>акт сверки расчётов за период с 22.06.2016 по 02.08.2016</ns2:number>
                                <ns2:contractPosition>
                                    <ns2:guid>1e3f646b-a92e-4c41-9aa3-6861ecefa6f3</ns2:guid>
                                    <ns2:name>Бобы соевые для переработки</ns2:name>
                                    <ns2:okpd2>
                                        <code>01.11.81.120</code>
                                        <name>Бобы соевые для переработки</name>
                                    </ns2:okpd2>
                                </ns2:contractPosition>
                                <ns2:okei>
                                    <code>168</code>
                                    <name>Тонна; Метрическая тонна (1000 кг)</name>
                                </ns2:okei>
                                <ns2:qty>536.1</ns2:qty>
                            </ns2:doc>
                        </ns2:docs>
                    </ns2:position>
                    <ns2:position>
                        <ns2:ordinal>5</ns2:ordinal>
                        <ns2:paymentDate>2016-08-09</ns2:paymentDate>
                        <ns2:price>999739.31</ns2:price>
                        <ns2:currency>
                            <code>RUB</code>
                            <digitalCode>643</digitalCode>
                            <name>Российский рубль</name>
                        </ns2:currency>
                        <ns2:rubPrice>999739.31</ns2:rubPrice>
                        <ns2:prepaid>false</ns2:prepaid>
                        <ns2:docs>
                            <ns2:doc>
                                <ns2:ordinal>1</ns2:ordinal>
                                <ns2:date>2016-08-10</ns2:date>
                                <ns2:code>37</ns2:code>
                                <ns2:name>прочие документы о приемке</ns2:name>
                                <ns2:number>акт сверки расчётов за период с 22.06.2016 по 09.08.2016</ns2:number>
                                <ns2:contractPosition>
                                    <ns2:guid>1e3f646b-a92e-4c41-9aa3-6861ecefa6f3</ns2:guid>
                                    <ns2:name>Бобы соевые для переработки</ns2:name>
                                    <ns2:okpd2>
                                        <code>01.11.81.120</code>
                                        <name>Бобы соевые для переработки</name>
                                    </ns2:okpd2>
                                </ns2:contractPosition>
                                <ns2:okei>
                                    <code>168</code>
                                    <name>Тонна; Метрическая тонна (1000 кг)</name>
                                </ns2:okei>
                                <ns2:qty>536.1</ns2:qty>
                            </ns2:doc>
                        </ns2:docs>
                    </ns2:position>
                    <ns2:total>21068730.02</ns2:total>
                </ns2:positions>
            </ns2:performanceContractData>
        </ns2:item>
    </ns2:body>
</ns2:performanceContract>
