<?xml version="1.0" encoding="UTF-8" standalone="yes"?>
<ns2:performanceContract xsi:schemaLocation="http://zakupki.gov.ru/223/integration/schema/TFF-5.2 http://zakupki.gov.ru/223/integration/schema/TFF-5.2/Types.xsd" xmlns="http://zakupki.gov.ru/223fz/types/1" xmlns:ns10="http://zakupki.gov.ru/223fz/disagreementProtocol/1" xmlns:ns11="http://zakupki.gov.ru/223fz/purchase/1" xmlns:ns12="http://zakupki.gov.ru/223fz/machineryListInfo/1" xmlns:ns13="http://zakupki.gov.ru/223fz/revenue/1" xmlns:ns14="http://zakupki.gov.ru/223fz/orderClauseList/1" xmlns:ns15="http://zakupki.gov.ru/223fz/complaint/1" xmlns:ns16="http://zakupki.gov.ru/223fz/missedNotice/1" xmlns:ns17="http://zakupki.gov.ru/223fz/notificationIssue/1" xmlns:ns18="http://zakupki.gov.ru/223fz/purchasePlanProject/1" xmlns:ns19="http://zakupki.gov.ru/223fz/webRequest/1" xmlns:ns2="http://zakupki.gov.ru/223fz/contract/1" xmlns:xsi="http://www.w3.org/2001/XMLSchema-instance" xmlns:ns3="http://zakupki.gov.ru/223fz/dishonestSupplier/1" xmlns:ns4="http://zakupki.gov.ru/223fz/decisionSuspension/1" xmlns:ns5="http://zakupki.gov.ru/223fz/purchasePlanAdditionalPosition/1" xmlns:ns6="http://zakupki.gov.ru/223fz/purchasePlan/1" xmlns:ns7="http://zakupki.gov.ru/223fz/purchasePlanProjectAdditionalPosition/1" xmlns:ns8="http://zakupki.gov.ru/223fz/reference/1" xmlns:ns9="http://zakupki.gov.ru/223fz/stopCommodity/1">
    <header>
        <guid>7830ff38-a27c-432d-973f-1a8f6419b3d6</guid>
        <createDateTime>2017-03-30T15:52:54</createDateTime>
    </header>
    <ns2:body>
        <ns2:item>
            <guid>c6fd46e9-3c3e-46b7-b281-0b00d935c426</guid>
            <ns2:performanceContractData>
                <ns2:guid>560ad862-f385-499f-a896-a2d18d184caa</ns2:guid>
                <ns2:registrationNumber>56661028380170000110006</ns2:registrationNumber>
                <ns2:urlOOS>https://zakupki.gov.ru/223/contract/private/completing/info/view.html?id=2668623</ns2:urlOOS>
                <ns2:createDateTime>2017-01-13T06:52:49</ns2:createDateTime>
                <ns2:customer>
                    <mainInfo>
                        <fullName>МУНИЦИПАЛЬНОЕ АВТОНОМНОЕ  УЧРЕЖДЕНИЕ "КЛИНИКО-ДИАГНОСТИЧЕСКИЙ ЦЕНТР"</fullName>
                        <shortName>МАУ "КДЦ"</shortName>
                        <iko>56661028380667101001</iko>
                        <inn>6661028380</inn>
                        <kpp>667101001</kpp>
                        <ogrn>1026605247415</ogrn>
                        <legalAddress>620144, ОБЛ СВЕРДЛОВСКАЯ, Г ЕКАТЕРИНБУРГ, УЛ 8 МАРТА, дом ДОМ 78В</legalAddress>
                        <postalAddress>620144, обл СВЕРДЛОВСКАЯ, г ЕКАТЕРИНБУРГ, ул 8 МАРТА, дом 78В</postalAddress>
                        <phone>7-343-2047134</phone>
                        <fax>7-343-2047157</fax>
                        <email>inbox@kdc-lab.ru</email>
                        <okato>65401377000</okato>
                        <okpo>25042229</okpo>
                    </mainInfo>
                </ns2:customer>
                <ns2:placer>
                    <mainInfo>
                        <fullName>МУНИЦИПАЛЬНОЕ АВТОНОМНОЕ  УЧРЕЖДЕНИЕ "КЛИНИКО-ДИАГНОСТИЧЕСКИЙ ЦЕНТР"</fullName>
                        <shortName>МАУ "КДЦ"</shortName>
                        <iko>56661028380667101001</iko>
                        <inn>6661028380</inn>
                        <kpp>667101001</kpp>
                        <ogrn>1026605247415</ogrn>
                        <legalAddress>620144, ОБЛ СВЕРДЛОВСКАЯ, Г ЕКАТЕРИНБУРГ, УЛ 8 МАРТА, дом ДОМ 78В</legalAddress>
                        <postalAddress>620144, обл СВЕРДЛОВСКАЯ, г ЕКАТЕРИНБУРГ, ул 8 МАРТА, дом 78В</postalAddress>
                        <phone>7-343-2047134</phone>
                        <fax>7-343-2047157</fax>
                        <email>inbox@kdc-lab.ru</email>
                        <okato>65401377000</okato>
                        <okpo>25042229</okpo>
                    </mainInfo>
                </ns2:placer>
                <ns2:publicationDate>2017-03-30T15:52:54</ns2:publicationDate>
                <ns2:status>P</ns2:status>
                <ns2:version>1</ns2:version>
                <ns2:completed>false</ns2:completed>
                <ns2:attachments>
                    <totalDocumentsCount>7</totalDocumentsCount>
                    <document>
                        <guid>7075d320-5f1c-4988-b9bb-f1c68d11b2e2</guid>
                        <createDateTime>2017-03-30T15:52:07</createDateTime>
                        <fileName>172329 от 22.03.2017 - Уралалб.pdf</fileName>
                        <description>172329 от 22.03.2017 - Уралалб</description>
                        <url>https://zakupki.gov.ru/223/contract/private/download/download.html?id=11744737</url>
                        <registrationNumber>56661028380170000110007</registrationNumber>
                    </document>
                    <document>
                        <guid>c2702ac1-24b5-4c92-a9f3-3bab4e6e7925</guid>
                        <createDateTime>2017-03-30T15:51:31</createDateTime>
                        <fileName>img266.jpg</fileName>
                        <description>img266</description>
                        <url>https://zakupki.gov.ru/223/contract/private/download/download.html?id=11744707</url>
                        <registrationNumber>56661028380170000110008</registrationNumber>
                    </document>
                    <document>
                        <guid>0b51710c-b2f8-4028-8902-07bd797d32cb</guid>
                        <createDateTime>2017-03-30T15:51:49</createDateTime>
                        <fileName>img268.jpg</fileName>
                        <description>img268</description>
                        <url>https://zakupki.gov.ru/223/contract/private/download/download.html?id=11744724</url>
                        <registrationNumber>56661028380170000110009</registrationNumber>
                    </document>
                    <document>
                        <guid>a813e56a-adbf-416a-8c94-b9440e2df1e0</guid>
                        <createDateTime>2017-03-30T15:52:11</createDateTime>
                        <fileName>166608 от 21.03.2017 - Ураллаб.pdf</fileName>
                        <description>166608 от 21.03.2017 - Ураллаб</description>
                        <url>https://zakupki.gov.ru/223/contract/private/download/download.html?id=11744741</url>
                        <registrationNumber>56661028380170000110010</registrationNumber>
                    </document>
                    <document>
                        <guid>9f69da6a-020d-4fee-abb2-d90c448d9be9</guid>
                        <createDateTime>2017-03-30T15:51:55</createDateTime>
                        <fileName>img443.jpg</fileName>
                        <description>img443</description>
                        <url>https://zakupki.gov.ru/223/contract/private/download/download.html?id=11744728</url>
                        <registrationNumber>56661028380170000110011</registrationNumber>
                    </document>
                    <document>
                        <guid>9cd06890-8b8a-4f10-8a77-a9a8a98296db</guid>
                        <createDateTime>2017-03-30T15:52:16</createDateTime>
                        <fileName>172330 от 22.03.2017 - Ураллаб.pdf</fileName>
                        <description>172330 от 22.03.2017 - Ураллаб</description>
                        <url>https://zakupki.gov.ru/223/contract/private/download/download.html?id=11744746</url>
                        <registrationNumber>56661028380170000110012</registrationNumber>
                    </document>
                    <document>
                        <guid>d1a64ac2-58a0-4b17-923c-b3a2d137667b</guid>
                        <createDateTime>2017-03-30T15:51:44</createDateTime>
                        <fileName>img267.jpg</fileName>
                        <description>img267</description>
                        <url>https://zakupki.gov.ru/223/contract/private/download/download.html?id=11744717</url>
                        <registrationNumber>56661028380170000110013</registrationNumber>
                    </document>
                </ns2:attachments>
                <ns2:hasPenalty>false</ns2:hasPenalty>
                <ns2:contractRegNumber>56661028380170000110000</ns2:contractRegNumber>
                <ns2:contractInfo>
                    <ns2:guid>c1ea49a8-9949-495d-9a5b-6bbf49a3e890</ns2:guid>
                    <ns2:name>31604517130</ns2:name>
                    <ns2:agencyName>МАУ "КДЦ"</ns2:agencyName>
                    <ns2:supplierName>ОБЩЕСТВО С ОГРАНИЧЕННОЙ ОТВЕТСТВЕННОСТЬЮ "УРАЛЛАБ"</ns2:supplierName>
                    <ns2:lotInfo>Реагенты и расходные материалы для ПЦР-исследований генетических полиморфизмов</ns2:lotInfo>
                    <ns2:contractDate>2017-01-13</ns2:contractDate>
                </ns2:contractInfo>
                <ns2:positions>
                    <ns2:position>
                        <ns2:ordinal>1</ns2:ordinal>
                        <ns2:paymentDate>2017-03-21</ns2:paymentDate>
                        <ns2:price>46352.6</ns2:price>
                        <ns2:currency>
                            <code>RUB</code>
                            <digitalCode>643</digitalCode>
                            <name>Российский рубль</name>
                        </ns2:currency>
                        <ns2:rubPrice>46352.6</ns2:rubPrice>
                        <ns2:prepaid>false</ns2:prepaid>
                        <ns2:docs>
                            <ns2:doc>
                                <ns2:ordinal>1</ns2:ordinal>
                                <ns2:date>2017-02-06</ns2:date>
                                <ns2:code>01</ns2:code>
                                <ns2:name>товарная накладная</ns2:name>
                                <ns2:number>243</ns2:number>
                                <ns2:contractPosition>
                                    <ns2:guid>3fc5facd-9714-4361-bfb0-fdfcf7d7ddc0</ns2:guid>
                                    <ns2:name>Реагенты диагностические</ns2:name>
                                    <ns2:okpd2>
                                        <code>21.20.23.110</code>
                                        <name>Реагенты диагностические</name>
                                    </ns2:okpd2>
                                </ns2:contractPosition>
                                <ns2:okei>
                                    <code>704</code>
                                    <name>Набор</name>
                                </ns2:okei>
                                <ns2:qty>1</ns2:qty>
                            </ns2:doc>
                        </ns2:docs>
                    </ns2:position>
                    <ns2:position>
                        <ns2:ordinal>2</ns2:ordinal>
                        <ns2:paymentDate>2017-03-21</ns2:paymentDate>
                        <ns2:price>48000</ns2:price>
                        <ns2:currency>
                            <code>RUB</code>
                            <digitalCode>643</digitalCode>
                            <name>Российский рубль</name>
                        </ns2:currency>
                        <ns2:rubPrice>48000</ns2:rubPrice>
                        <ns2:prepaid>false</ns2:prepaid>
                        <ns2:docs>
                            <ns2:doc>
                                <ns2:ordinal>1</ns2:ordinal>
                                <ns2:date>2017-01-31</ns2:date>
                                <ns2:code>01</ns2:code>
                                <ns2:name>товарная накладная</ns2:name>
                                <ns2:number>194</ns2:number>
                                <ns2:contractPosition>
                                    <ns2:guid>3fc5facd-9714-4361-bfb0-fdfcf7d7ddc0</ns2:guid>
                                    <ns2:name>Реагенты диагностические</ns2:name>
                                    <ns2:okpd2>
                                        <code>21.20.23.110</code>
                                        <name>Реагенты диагностические</name>
                                    </ns2:okpd2>
                                </ns2:contractPosition>
                                <ns2:okei>
                                    <code>704</code>
                                    <name>Набор</name>
                                </ns2:okei>
                                <ns2:qty>30</ns2:qty>
                            </ns2:doc>
                        </ns2:docs>
                    </ns2:position>
                    <ns2:position>
                        <ns2:ordinal>3</ns2:ordinal>
                        <ns2:paymentDate>2017-03-22</ns2:paymentDate>
                        <ns2:price>16755.48</ns2:price>
                        <ns2:currency>
                            <code>RUB</code>
                            <digitalCode>643</digitalCode>
                            <name>Российский рубль</name>
                        </ns2:currency>
                        <ns2:rubPrice>16755.48</ns2:rubPrice>
                        <ns2:prepaid>false</ns2:prepaid>
                        <ns2:docs>
                            <ns2:doc>
                                <ns2:ordinal>1</ns2:ordinal>
                                <ns2:date>2017-01-31</ns2:date>
                                <ns2:code>01</ns2:code>
                                <ns2:name>товарная накладная</ns2:name>
                                <ns2:number>192</ns2:number>
                                <ns2:contractPosition>
                                    <ns2:guid>3fc5facd-9714-4361-bfb0-fdfcf7d7ddc0</ns2:guid>
                                    <ns2:name>Реагенты диагностические</ns2:name>
                                    <ns2:okpd2>
                                        <code>21.20.23.110</code>
                                        <name>Реагенты диагностические</name>
                                    </ns2:okpd2>
                                </ns2:contractPosition>
                                <ns2:okei>
                                    <code>704</code>
                                    <name>Набор</name>
                                </ns2:okei>
                                <ns2:qty>28</ns2:qty>
                            </ns2:doc>
                        </ns2:docs>
                    </ns2:position>
                    <ns2:total>111108.08</ns2:total>
                </ns2:positions>
            </ns2:performanceContractData>
        </ns2:item>
    </ns2:body>
</ns2:performanceContract>
