<?xml version="1.0" encoding="UTF-8" standalone="yes"?>
<ns2:performanceContract xsi:schemaLocation="http://zakupki.gov.ru/223/integration/schema/TFF-5.2 http://zakupki.gov.ru/223/integration/schema/TFF-5.2/Types.xsd" xmlns="http://zakupki.gov.ru/223fz/types/1" xmlns:ns10="http://zakupki.gov.ru/223fz/disagreementProtocol/1" xmlns:ns11="http://zakupki.gov.ru/223fz/purchase/1" xmlns:ns12="http://zakupki.gov.ru/223fz/machineryListInfo/1" xmlns:ns13="http://zakupki.gov.ru/223fz/revenue/1" xmlns:ns14="http://zakupki.gov.ru/223fz/orderClauseList/1" xmlns:ns15="http://zakupki.gov.ru/223fz/complaint/1" xmlns:ns16="http://zakupki.gov.ru/223fz/missedNotice/1" xmlns:ns17="http://zakupki.gov.ru/223fz/notificationIssue/1" xmlns:ns18="http://zakupki.gov.ru/223fz/purchasePlanProject/1" xmlns:ns19="http://zakupki.gov.ru/223fz/webRequest/1" xmlns:ns2="http://zakupki.gov.ru/223fz/contract/1" xmlns:xsi="http://www.w3.org/2001/XMLSchema-instance" xmlns:ns3="http://zakupki.gov.ru/223fz/dishonestSupplier/1" xmlns:ns4="http://zakupki.gov.ru/223fz/decisionSuspension/1" xmlns:ns5="http://zakupki.gov.ru/223fz/purchasePlanAdditionalPosition/1" xmlns:ns6="http://zakupki.gov.ru/223fz/purchasePlan/1" xmlns:ns7="http://zakupki.gov.ru/223fz/purchasePlanProjectAdditionalPosition/1" xmlns:ns8="http://zakupki.gov.ru/223fz/reference/1" xmlns:ns9="http://zakupki.gov.ru/223fz/stopCommodity/1">
    <header>
        <guid>24262370-1624-4ea7-870d-7daa8b4de8d7</guid>
        <createDateTime>2017-03-30T15:47:06</createDateTime>
    </header>
    <ns2:body>
        <ns2:item>
            <guid>1ee64fd3-93d1-4799-8ad8-d3cfba17137f</guid>
            <ns2:performanceContractData>
                <ns2:guid>59d7116e-1659-4a12-8486-32e156a0abee</ns2:guid>
                <ns2:registrationNumber>56671163413160017040003</ns2:registrationNumber>
                <ns2:urlOOS>https://zakupki.gov.ru/223/contract/private/completing/info/view.html?id=2668501</ns2:urlOOS>
                <ns2:createDateTime>2016-07-08T12:17:07</ns2:createDateTime>
                <ns2:customer>
                    <mainInfo>
                        <fullName>Открытое акционерное общество "Межрегиональная распределительная сетевая компания Урала"</fullName>
                        <shortName>ОАО "МРСК Урала"</shortName>
                        <iko>56671163413667201001</iko>
                        <inn>6671163413</inn>
                        <kpp>667201001</kpp>
                        <ogrn>1056604000970</ogrn>
                        <legalAddress>620026, Свердловская, Екатеринбург, Мамина-Сибиряка, дом 140</legalAddress>
                        <postalAddress>620026, Свердловская область, Екатеринбург, Мамина-Сибиряка, дом 140 </postalAddress>
                        <phone>7-343-2152600</phone>
                        <fax>7-343-2152661</fax>
                        <email>mrsk@mrsk-ural.ru</email>
                        <okato>65401000000</okato>
                        <okpo>76507836</okpo>
                    </mainInfo>
                </ns2:customer>
                <ns2:placer>
                    <mainInfo>
                        <fullName>Открытое акционерное общество "Межрегиональная распределительная сетевая компания Урала"</fullName>
                        <shortName>ОАО "МРСК Урала"</shortName>
                        <iko>56671163413667201001</iko>
                        <inn>6671163413</inn>
                        <kpp>667201001</kpp>
                        <ogrn>1056604000970</ogrn>
                        <legalAddress>620026, Свердловская, Екатеринбург, Мамина-Сибиряка, дом 140</legalAddress>
                        <postalAddress>620026, Свердловская область, Екатеринбург, Мамина-Сибиряка, дом 140 </postalAddress>
                        <phone>7-343-2152600</phone>
                        <fax>7-343-2152661</fax>
                        <email>mrsk@mrsk-ural.ru</email>
                        <okato>65401000000</okato>
                        <okpo>76507836</okpo>
                    </mainInfo>
                </ns2:placer>
                <ns2:publicationDate>2017-03-30T15:47:06</ns2:publicationDate>
                <ns2:status>P</ns2:status>
                <ns2:version>1</ns2:version>
                <ns2:completed>false</ns2:completed>
                <ns2:attachments>
                    <totalDocumentsCount>4</totalDocumentsCount>
                    <document>
                        <guid>fc14a271-d1b6-4ae8-85ee-c58251832abd</guid>
                        <createDateTime>2017-03-30T15:45:12</createDateTime>
                        <fileName>плат.поручение октябрь.pdf</fileName>
                        <description>плат.поручение октябрь</description>
                        <url>https://zakupki.gov.ru/223/contract/private/download/download.html?id=11744339</url>
                        <registrationNumber>56671163413160017040004</registrationNumber>
                    </document>
                    <document>
                        <guid>854afe79-e26e-43f7-b500-443548b9c6b7</guid>
                        <createDateTime>2017-03-30T15:46:50</createDateTime>
                        <fileName>плат.поручения декабрь.pdf</fileName>
                        <description>плат.поручения декабрь</description>
                        <url>https://zakupki.gov.ru/223/contract/private/download/download.html?id=11744437</url>
                        <registrationNumber>56671163413160017040005</registrationNumber>
                    </document>
                    <document>
                        <guid>995599da-2342-4266-b47d-19294f67f715</guid>
                        <createDateTime>2017-03-30T15:45:05</createDateTime>
                        <fileName>09-16 ТЭС 7970 РДК Эл.сети  сф 376 076,57.pdf</fileName>
                        <description>09-16 ТЭС 7970 РДК Эл.сети  сф 376 076,57</description>
                        <url>https://zakupki.gov.ru/223/contract/private/download/download.html?id=11744331</url>
                        <registrationNumber>56671163413160017040006</registrationNumber>
                    </document>
                    <document>
                        <guid>58699053-ae5a-476c-9353-10cd93df482b</guid>
                        <createDateTime>2017-03-30T15:46:38</createDateTime>
                        <fileName>12-16 ТЭС 7970 РДК Эл.сети  2 акта на 6 412 523,53  с Пр1.pdf</fileName>
                        <description>12-16 ТЭС 7970 РДК Эл.сети  2 акта на 6 412 523,53  с Пр1</description>
                        <url>https://zakupki.gov.ru/223/contract/private/download/download.html?id=11744428</url>
                        <registrationNumber>56671163413160017040007</registrationNumber>
                    </document>
                </ns2:attachments>
                <ns2:hasPenalty>false</ns2:hasPenalty>
                <ns2:contractRegNumber>56671163413160017040000</ns2:contractRegNumber>
                <ns2:contractInfo>
                    <ns2:guid>4641d5e4-54c6-4fe9-ae61-30320b9f2644</ns2:guid>
                    <ns2:name>7970</ns2:name>
                    <ns2:agencyName>ОАО "МРСК Урала"</ns2:agencyName>
                    <ns2:supplierName>ОБЩЕСТВО С ОГРАНИЧЕННОЙ ОТВЕТСТВЕННОСТЬЮ "РЕМОНТНО-ДИАГНОСТИЧЕСКАЯ КОМПАНИЯ "ЭЛЕКТРИЧЕСКИЕ СЕТИ"</ns2:supplierName>
                    <ns2:lotInfo>Закупка №16202, Лот № 81</ns2:lotInfo>
                    <ns2:contractDate>2016-07-07</ns2:contractDate>
                </ns2:contractInfo>
                <ns2:positions>
                    <ns2:position>
                        <ns2:ordinal>2</ns2:ordinal>
                        <ns2:paymentDate>2016-12-29</ns2:paymentDate>
                        <ns2:price>6412523.53</ns2:price>
                        <ns2:currency>
                            <code>RUB</code>
                            <digitalCode>643</digitalCode>
                            <name>Российский рубль</name>
                        </ns2:currency>
                        <ns2:rubPrice>6412523.53</ns2:rubPrice>
                        <ns2:prepaid>false</ns2:prepaid>
                        <ns2:docs>
                            <ns2:doc>
                                <ns2:ordinal>1</ns2:ordinal>
                                <ns2:code>37</ns2:code>
                                <ns2:name>прочие документы о приемке</ns2:name>
                                <ns2:contractPosition>
                                    <ns2:guid>3cabb75a-2f28-014e-e053-ac11070d70ec</ns2:guid>
                                    <ns2:name>выполнение проектных, строительно-монтажных и пусконаладочных работ по модернизации системы учета на объектах филиала ОАО «МРСК Урала» - «Челябэнерго» (0,22 – 0,4 кВ) СДСД.</ns2:name>
                                    <ns2:okpd2>
                                        <code>43.21.10.210</code>
                                        <name>Работы по установке приборов учета расхода электроэнергии</name>
                                    </ns2:okpd2>
                                </ns2:contractPosition>
                                <ns2:okei>
                                    <code>642</code>
                                    <name>Единица</name>
                                </ns2:okei>
                                <ns2:qty>1</ns2:qty>
                            </ns2:doc>
                        </ns2:docs>
                    </ns2:position>
                    <ns2:position>
                        <ns2:ordinal>1</ns2:ordinal>
                        <ns2:paymentDate>2016-10-31</ns2:paymentDate>
                        <ns2:price>376076.57</ns2:price>
                        <ns2:currency>
                            <code>RUB</code>
                            <digitalCode>643</digitalCode>
                            <name>Российский рубль</name>
                        </ns2:currency>
                        <ns2:rubPrice>376076.57</ns2:rubPrice>
                        <ns2:prepaid>false</ns2:prepaid>
                        <ns2:docs>
                            <ns2:doc>
                                <ns2:ordinal>1</ns2:ordinal>
                                <ns2:code>37</ns2:code>
                                <ns2:name>прочие документы о приемке</ns2:name>
                                <ns2:contractPosition>
                                    <ns2:guid>3cabb75a-2f28-014e-e053-ac11070d70ec</ns2:guid>
                                    <ns2:name>выполнение проектных, строительно-монтажных и пусконаладочных работ по модернизации системы учета на объектах филиала ОАО «МРСК Урала» - «Челябэнерго» (0,22 – 0,4 кВ) СДСД.</ns2:name>
                                    <ns2:okpd2>
                                        <code>43.21.10.210</code>
                                        <name>Работы по установке приборов учета расхода электроэнергии</name>
                                    </ns2:okpd2>
                                </ns2:contractPosition>
                                <ns2:okei>
                                    <code>642</code>
                                    <name>Единица</name>
                                </ns2:okei>
                                <ns2:qty>1</ns2:qty>
                            </ns2:doc>
                        </ns2:docs>
                    </ns2:position>
                    <ns2:total>6788600.10</ns2:total>
                </ns2:positions>
            </ns2:performanceContractData>
        </ns2:item>
    </ns2:body>
</ns2:performanceContract>
