<?xml version="1.0" encoding="UTF-8" standalone="yes"?>
<ns2:performanceContract xsi:schemaLocation="http://zakupki.gov.ru/223/integration/schema/TFF-5.2 http://zakupki.gov.ru/223/integration/schema/TFF-5.2/Types.xsd" xmlns="http://zakupki.gov.ru/223fz/types/1" xmlns:ns10="http://zakupki.gov.ru/223fz/disagreementProtocol/1" xmlns:ns11="http://zakupki.gov.ru/223fz/purchase/1" xmlns:ns12="http://zakupki.gov.ru/223fz/machineryListInfo/1" xmlns:ns13="http://zakupki.gov.ru/223fz/revenue/1" xmlns:ns14="http://zakupki.gov.ru/223fz/orderClauseList/1" xmlns:ns15="http://zakupki.gov.ru/223fz/complaint/1" xmlns:ns16="http://zakupki.gov.ru/223fz/missedNotice/1" xmlns:ns17="http://zakupki.gov.ru/223fz/notificationIssue/1" xmlns:ns18="http://zakupki.gov.ru/223fz/purchasePlanProject/1" xmlns:ns19="http://zakupki.gov.ru/223fz/webRequest/1" xmlns:ns2="http://zakupki.gov.ru/223fz/contract/1" xmlns:xsi="http://www.w3.org/2001/XMLSchema-instance" xmlns:ns3="http://zakupki.gov.ru/223fz/dishonestSupplier/1" xmlns:ns4="http://zakupki.gov.ru/223fz/decisionSuspension/1" xmlns:ns5="http://zakupki.gov.ru/223fz/purchasePlanAdditionalPosition/1" xmlns:ns6="http://zakupki.gov.ru/223fz/purchasePlan/1" xmlns:ns7="http://zakupki.gov.ru/223fz/purchasePlanProjectAdditionalPosition/1" xmlns:ns8="http://zakupki.gov.ru/223fz/reference/1" xmlns:ns9="http://zakupki.gov.ru/223fz/stopCommodity/1">
    <header>
        <guid>3949af58-9ca5-4f37-9a74-25e303889bcf</guid>
        <createDateTime>2017-03-30T17:11:34</createDateTime>
    </header>
    <ns2:body>
        <ns2:item>
            <guid>6480ab76-2218-4528-933f-50495dc9a80e</guid>
            <ns2:performanceContractData>
                <ns2:guid>a0411616-d198-41c1-91fd-c60ce6cf15a3</ns2:guid>
                <ns2:registrationNumber>86664033149170000010003</ns2:registrationNumber>
                <ns2:urlOOS>https://zakupki.gov.ru/223/contract/private/completing/info/view.html?id=2669398</ns2:urlOOS>
                <ns2:createDateTime>2017-01-19T20:47:16</ns2:createDateTime>
                <ns2:customer>
                    <mainInfo>
                        <fullName>Муниципальное бюджетное общеобразовательное учреждение средняя общеобразовательная школа № 105</fullName>
                        <shortName>МБОУ СОШ № 105</shortName>
                        <iko>86664033149667401001</iko>
                        <inn>6664033149</inn>
                        <kpp>667401001</kpp>
                        <ogrn>1026605767220</ogrn>
                        <legalAddress>620010, Свердловская, Екатеринбург, Косарева, дом 9</legalAddress>
                        <postalAddress>620010, г. Екатеринбург, ул. Косарева, 9</postalAddress>
                        <phone>8-343-2584352</phone>
                        <fax>8-343-2584352</fax>
                        <email>mboy105@mail.ru</email>
                        <okato>65401390000</okato>
                        <okpo>43089832</okpo>
                    </mainInfo>
                </ns2:customer>
                <ns2:placer>
                    <mainInfo>
                        <fullName>Муниципальное бюджетное общеобразовательное учреждение средняя общеобразовательная школа № 105</fullName>
                        <shortName>МБОУ СОШ № 105</shortName>
                        <iko>86664033149667401001</iko>
                        <inn>6664033149</inn>
                        <kpp>667401001</kpp>
                        <ogrn>1026605767220</ogrn>
                        <legalAddress>620010, Свердловская, Екатеринбург, Косарева, дом 9</legalAddress>
                        <postalAddress>620010, г. Екатеринбург, ул. Косарева, 9</postalAddress>
                        <phone>8-343-2584352</phone>
                        <fax>8-343-2584352</fax>
                        <email>mboy105@mail.ru</email>
                        <okato>65401390000</okato>
                        <okpo>43089832</okpo>
                    </mainInfo>
                </ns2:placer>
                <ns2:publicationDate>2017-03-30T17:11:34</ns2:publicationDate>
                <ns2:status>P</ns2:status>
                <ns2:version>1</ns2:version>
                <ns2:completed>false</ns2:completed>
                <ns2:attachments>
                    <totalDocumentsCount>3</totalDocumentsCount>
                    <document>
                        <guid>4233de08-eda1-4c3e-9561-9484d99a4206</guid>
                        <createDateTime>2017-03-30T17:11:06</createDateTime>
                        <fileName>15.02.2017.pdf</fileName>
                        <description>15.02.2017</description>
                        <url>https://zakupki.gov.ru/223/contract/private/download/download.html?id=11748482</url>
                        <registrationNumber>86664033149170000010004</registrationNumber>
                    </document>
                    <document>
                        <guid>f558a6dd-2b0e-49d4-bb0d-b6b13b3bfe6b</guid>
                        <createDateTime>2017-03-30T17:11:11</createDateTime>
                        <fileName>16.03.2017.pdf</fileName>
                        <description>16.03.2017</description>
                        <url>https://zakupki.gov.ru/223/contract/private/download/download.html?id=11748484</url>
                        <registrationNumber>86664033149170000010005</registrationNumber>
                    </document>
                    <document>
                        <guid>ee901fde-8331-4ebb-a32e-313453ddf46c</guid>
                        <createDateTime>2017-03-30T17:11:16</createDateTime>
                        <fileName>105.pdf</fileName>
                        <description>105</description>
                        <url>https://zakupki.gov.ru/223/contract/private/download/download.html?id=11748485</url>
                        <registrationNumber>86664033149170000010006</registrationNumber>
                    </document>
                </ns2:attachments>
                <ns2:hasPenalty>false</ns2:hasPenalty>
                <ns2:contractRegNumber>86664033149170000010000</ns2:contractRegNumber>
                <ns2:contractInfo>
                    <ns2:guid>5e2e8387-4fff-4a55-a4ab-03cd4100f0b5</ns2:guid>
                    <ns2:name>3311</ns2:name>
                    <ns2:agencyName>МБОУ СОШ № 105</ns2:agencyName>
                    <ns2:supplierName>ЕКАТЕРИНБУРГСКОЕ МУНИЦИПАЛЬНОЕ УНИТАРНОЕ ПРЕДПРИЯТИЕ ВОДОПРОВОДНО-КАНАЛИЗАЦИОННОГО ХОЗЯЙСТВА</ns2:supplierName>
                    <ns2:lotInfo>Поставка ХВС и водоотведение </ns2:lotInfo>
                    <ns2:contractDate>2017-01-01</ns2:contractDate>
                </ns2:contractInfo>
                <ns2:positions>
                    <ns2:position>
                        <ns2:ordinal>1</ns2:ordinal>
                        <ns2:paymentDate>2017-03-24</ns2:paymentDate>
                        <ns2:price>7033.18</ns2:price>
                        <ns2:currency>
                            <code>RUB</code>
                            <digitalCode>643</digitalCode>
                            <name>Российский рубль</name>
                        </ns2:currency>
                        <ns2:rubPrice>7033.18</ns2:rubPrice>
                        <ns2:prepaid>false</ns2:prepaid>
                        <ns2:docs>
                            <ns2:doc>
                                <ns2:ordinal>3</ns2:ordinal>
                                <ns2:date>2017-03-24</ns2:date>
                                <ns2:code>18</ns2:code>
                                <ns2:name>счет на оплату</ns2:name>
                                <ns2:number>180405</ns2:number>
                                <ns2:contractPosition>
                                    <ns2:guid>f01b8298-91eb-4721-9dcd-0d6dc2bf6d5b</ns2:guid>
                                    <ns2:name>Услуги по транспортированию и распределению воды по водопроводам</ns2:name>
                                    <ns2:okpd2>
                                        <code>36.00.20.130</code>
                                        <name>Услуги по транспортированию и распределению воды по водопроводам</name>
                                    </ns2:okpd2>
                                </ns2:contractPosition>
                                <ns2:okei>
                                    <code>876</code>
                                    <name>Условная единица</name>
                                </ns2:okei>
                                <ns2:qty>1</ns2:qty>
                            </ns2:doc>
                            <ns2:doc>
                                <ns2:ordinal>2</ns2:ordinal>
                                <ns2:date>2017-03-16</ns2:date>
                                <ns2:code>18</ns2:code>
                                <ns2:name>счет на оплату</ns2:name>
                                <ns2:number>155068</ns2:number>
                                <ns2:contractPosition>
                                    <ns2:guid>f01b8298-91eb-4721-9dcd-0d6dc2bf6d5b</ns2:guid>
                                    <ns2:name>Услуги по транспортированию и распределению воды по водопроводам</ns2:name>
                                    <ns2:okpd2>
                                        <code>36.00.20.130</code>
                                        <name>Услуги по транспортированию и распределению воды по водопроводам</name>
                                    </ns2:okpd2>
                                </ns2:contractPosition>
                                <ns2:okei>
                                    <code>876</code>
                                    <name>Условная единица</name>
                                </ns2:okei>
                                <ns2:qty>1</ns2:qty>
                            </ns2:doc>
                            <ns2:doc>
                                <ns2:ordinal>1</ns2:ordinal>
                                <ns2:date>2017-02-15</ns2:date>
                                <ns2:code>18</ns2:code>
                                <ns2:name>счет на оплату</ns2:name>
                                <ns2:number>80808</ns2:number>
                                <ns2:contractPosition>
                                    <ns2:guid>f01b8298-91eb-4721-9dcd-0d6dc2bf6d5b</ns2:guid>
                                    <ns2:name>Услуги по транспортированию и распределению воды по водопроводам</ns2:name>
                                    <ns2:okpd2>
                                        <code>36.00.20.130</code>
                                        <name>Услуги по транспортированию и распределению воды по водопроводам</name>
                                    </ns2:okpd2>
                                </ns2:contractPosition>
                                <ns2:okei>
                                    <code>876</code>
                                    <name>Условная единица</name>
                                </ns2:okei>
                                <ns2:qty>1</ns2:qty>
                            </ns2:doc>
                        </ns2:docs>
                    </ns2:position>
                    <ns2:total>7033.18</ns2:total>
                </ns2:positions>
            </ns2:performanceContractData>
        </ns2:item>
    </ns2:body>
</ns2:performanceContract>
