<?xml version="1.0" encoding="UTF-8" standalone="yes"?>
<ns2:contractCancellation xsi:schemaLocation="http://zakupki.gov.ru/223/integration/schema/TFF-5.2 http://zakupki.gov.ru/223/integration/schema/TFF-5.2/Types.xsd" xmlns="http://zakupki.gov.ru/223fz/types/1" xmlns:ns10="http://zakupki.gov.ru/223fz/disagreementProtocol/1" xmlns:ns11="http://zakupki.gov.ru/223fz/purchase/1" xmlns:ns12="http://zakupki.gov.ru/223fz/machineryListInfo/1" xmlns:ns13="http://zakupki.gov.ru/223fz/revenue/1" xmlns:ns14="http://zakupki.gov.ru/223fz/orderClauseList/1" xmlns:ns15="http://zakupki.gov.ru/223fz/complaint/1" xmlns:ns16="http://zakupki.gov.ru/223fz/missedNotice/1" xmlns:ns17="http://zakupki.gov.ru/223fz/notificationIssue/1" xmlns:ns18="http://zakupki.gov.ru/223fz/purchasePlanProject/1" xmlns:ns19="http://zakupki.gov.ru/223fz/webRequest/1" xmlns:ns2="http://zakupki.gov.ru/223fz/contract/1" xmlns:xsi="http://www.w3.org/2001/XMLSchema-instance" xmlns:ns3="http://zakupki.gov.ru/223fz/dishonestSupplier/1" xmlns:ns4="http://zakupki.gov.ru/223fz/decisionSuspension/1" xmlns:ns5="http://zakupki.gov.ru/223fz/purchasePlanAdditionalPosition/1" xmlns:ns6="http://zakupki.gov.ru/223fz/purchasePlan/1" xmlns:ns7="http://zakupki.gov.ru/223fz/purchasePlanProjectAdditionalPosition/1" xmlns:ns8="http://zakupki.gov.ru/223fz/reference/1" xmlns:ns9="http://zakupki.gov.ru/223fz/stopCommodity/1">
    <header>
        <guid>59c26b47-fd09-4a03-99c9-ec262aeabe51</guid>
        <createDateTime>2017-03-30T16:10:09</createDateTime>
    </header>
    <ns2:body>
        <ns2:item>
            <guid>899e32b9-cd1b-494f-bcb1-65f1bef340e9</guid>
            <ns2:contractCancellationData>
                <ns2:guid>78d75413-8041-4d2f-bd48-55c527d5fdc6</ns2:guid>
                <ns2:registrationNumber>56660015149160000040003</ns2:registrationNumber>
                <ns2:urlOOS>https://zakupki.gov.ru/223/contract/private/completing/info/view.html?id=2668903</ns2:urlOOS>
                <ns2:createDateTime>2017-03-30T16:09:57</ns2:createDateTime>
                <ns2:customer>
                    <mainInfo>
                        <fullName>Муниципальное автономное дошкольное образовательное учреждение Центр развития ребенка детский сад № 103 "Родники"</fullName>
                        <shortName>МАДОУ  ЦРР детский сад № 103 "Родники"</shortName>
                        <iko>56660015149667001001</iko>
                        <inn>6660015149</inn>
                        <kpp>667001001</kpp>
                        <ogrn>1026604949381</ogrn>
                        <legalAddress>620072, Свердловская, Екатеринбург, Новгородцевой, дом 3, корпус а, офис (квартира) -</legalAddress>
                        <postalAddress>620072, г. Екатеринбург, ул. Новагородцевой, 3а</postalAddress>
                        <phone>7-343-3477400</phone>
                        <fax>7-343-3476488</fax>
                        <email>rodniki103@mail.ru</email>
                        <okato>65401373000</okato>
                        <okpo>44122690</okpo>
                    </mainInfo>
                </ns2:customer>
                <ns2:placer>
                    <mainInfo>
                        <fullName>Муниципальное автономное дошкольное образовательное учреждение Центр развития ребенка детский сад № 103 "Родники"</fullName>
                        <shortName>МАДОУ  ЦРР детский сад № 103 "Родники"</shortName>
                        <iko>56660015149667001001</iko>
                        <inn>6660015149</inn>
                        <kpp>667001001</kpp>
                        <ogrn>1026604949381</ogrn>
                        <legalAddress>620072, Свердловская, Екатеринбург, Новгородцевой, дом 3, корпус а, офис (квартира) -</legalAddress>
                        <postalAddress>620072, г. Екатеринбург, ул. Новагородцевой, 3а</postalAddress>
                        <phone>7-343-3477400</phone>
                        <fax>7-343-3476488</fax>
                        <email>rodniki103@mail.ru</email>
                        <okato>65401373000</okato>
                        <okpo>44122690</okpo>
                    </mainInfo>
                </ns2:placer>
                <ns2:publicationDate>2017-03-30T16:10:09</ns2:publicationDate>
                <ns2:status>P</ns2:status>
                <ns2:version>1</ns2:version>
                <ns2:attachments>
                    <totalDocumentsCount>1</totalDocumentsCount>
                    <document>
                        <guid>e008cef6-fb30-418c-b303-40d731470af9</guid>
                        <createDateTime>2017-03-30T16:09:50</createDateTime>
                        <fileName>103 дс Соглашение о расторжении к дог.№2016-0007.pdf</fileName>
                        <description>103 дс Соглашение о расторжении к дог.№2016-0007</description>
                        <url>https://zakupki.gov.ru/223/contract/private/download/download.html?id=11745661</url>
                        <registrationNumber>56660015149160000040004</registrationNumber>
                    </document>
                </ns2:attachments>
                <ns2:hasPenalty>false</ns2:hasPenalty>
                <ns2:contractRegNumber>56660015149160000040000</ns2:contractRegNumber>
                <ns2:contractInfo>
                    <ns2:guid>cc16619a-48cc-416d-ae39-9c1aa3dc9fb3</ns2:guid>
                    <ns2:name>2016-0007</ns2:name>
                    <ns2:agencyName>МАДОУ  ЦРР детский сад № 103 "Родники"</ns2:agencyName>
                    <ns2:supplierName>ОБЩЕСТВО С ОГРАНИЧЕННОЙ ОТВЕТСТВЕННОСТЬЮ "АВЭС-93"</ns2:supplierName>
                    <ns2:lotInfo>Поставка мясной продукции во втором квартале  2016 года для МАДОУ ЦРР детский сад  № 103 "Родники"</ns2:lotInfo>
                    <ns2:contractDate>2016-03-27</ns2:contractDate>
                </ns2:contractInfo>
                <ns2:baseContractCancellationCode>1</ns2:baseContractCancellationCode>
                <ns2:baseContractCancellationName>Соглашение сторон</ns2:baseContractCancellationName>
                <ns2:baseRejectionDocCode>11</ns2:baseRejectionDocCode>
                <ns2:baseRejectionDocName>Дополнительное соглашение к договору</ns2:baseRejectionDocName>
                <ns2:completionDate>2016-06-30T00:00:00</ns2:completionDate>
                <ns2:baseRejectionDocNum>1</ns2:baseRejectionDocNum>
                <ns2:baseRejectionDocDate>2016-06-30</ns2:baseRejectionDocDate>
            </ns2:contractCancellationData>
        </ns2:item>
    </ns2:body>
</ns2:contractCancellation>
