<?xml version="1.0" encoding="UTF-8" standalone="yes"?>
<ns2:explanation xsi:schemaLocation="http://zakupki.gov.ru/223/integration/schema/TFF-5.2 http://zakupki.gov.ru/223/integration/schema/TFF-5.2/purchase.xsd" xmlns="http://zakupki.gov.ru/223fz/types/1" xmlns:ns10="http://zakupki.gov.ru/223fz/complaint/1" xmlns:ns11="http://zakupki.gov.ru/223fz/notificationIssue/1" xmlns:ns12="http://zakupki.gov.ru/223fz/purchasePlanProject/1" xmlns:ns13="http://zakupki.gov.ru/223fz/purchasePlanProjectAdditionalPosition/1" xmlns:ns14="http://zakupki.gov.ru/223fz/contract/1" xmlns:ns15="http://zakupki.gov.ru/223fz/missedNotice/1" xmlns:ns16="http://zakupki.gov.ru/223fz/reference/1" xmlns:ns17="http://zakupki.gov.ru/223fz/stopCommodity/1" xmlns:ns18="http://zakupki.gov.ru/223fz/decisionSuspension/1" xmlns:ns19="http://zakupki.gov.ru/223fz/webRequest/1" xmlns:ns2="http://zakupki.gov.ru/223fz/purchase/1" xmlns:xsi="http://www.w3.org/2001/XMLSchema-instance" xmlns:ns3="http://zakupki.gov.ru/223fz/dishonestSupplier/1" xmlns:ns4="http://zakupki.gov.ru/223fz/purchasePlanAdditionalPosition/1" xmlns:ns5="http://zakupki.gov.ru/223fz/purchasePlan/1" xmlns:ns6="http://zakupki.gov.ru/223fz/machineryListInfo/1" xmlns:ns7="http://zakupki.gov.ru/223fz/revenue/1" xmlns:ns8="http://zakupki.gov.ru/223fz/orderClauseList/1" xmlns:ns9="http://zakupki.gov.ru/223fz/disagreementProtocol/1">
    <header>
        <guid>405e3132-9078-4a8a-8b87-c522783d433f</guid>
        <createDateTime>2017-03-28T10:30:07</createDateTime>
    </header>
    <ns2:body>
        <ns2:item>
            <guid>483ce508-be4b-606e-24b4-01f48a74a611</guid>
            <ns2:explanationData>
                <ns2:guid>483ce508-be4b-606e-24b4-01f48a74a611</ns2:guid>
                <ns2:urlOOS>https://zakupki.gov.ru/223/purchase/private/purchase/explanation/details.html?explanationId=309587</ns2:urlOOS>
                <ns2:description>Ответ на запрос разъяснений по процессору ноутбука</ns2:description>
                <ns2:requestSubjectInfo>Запрос по процессору ноутбука</ns2:requestSubjectInfo>
                <ns2:requestDate>2017-03-27T19:15:54</ns2:requestDate>
                <ns2:status>P</ns2:status>
                <ns2:creationDate>2017-03-27T21:15:54</ns2:creationDate>
                <ns2:modificationDate>2017-03-28T12:30:07</ns2:modificationDate>
                <ns2:decisionDate>2017-03-28T12:27:53</ns2:decisionDate>
                <ns2:publishDate>2017-03-28T12:30:07</ns2:publishDate>
                <ns2:attachments>
                    <totalDocumentsCount>2</totalDocumentsCount>
                    <document>
                        <guid>c6751af9-9c6b-d774-24b4-af25ff172756</guid>
                        <createDateTime>1970-01-01T05:00:00</createDateTime>
                        <fileName>Запрос.docx</fileName>
                        <description>Запрос.docx</description>
                        <url>http://zakupki.gov.ru/223/purchase/public/download/download.html?id=30383834</url>
                    </document>
                    <document>
                        <guid>bc23c516-055d-8984-24b4-e790a635f30a</guid>
                        <createDateTime>1970-01-01T05:00:00</createDateTime>
                        <fileName>Запрос.docx</fileName>
                        <description>Запрос.docx</description>
                        <url>http://zakupki.gov.ru/223/purchase/public/download/download.html?id=30383835</url>
                    </document>
                </ns2:attachments>
                <ns2:purchaseRegNum>31704918497</ns2:purchaseRegNum>
                <ns2:purchaseMethodCode>110841</ns2:purchaseMethodCode>
                <ns2:purchaseMethodName>ЕСТП: Запрос цен в электронной форме</ns2:purchaseMethodName>
                <ns2:purchaseName>На поставку ноутбуков</ns2:purchaseName>
                <ns2:placer>
                    <mainInfo>
                        <fullName>МУНИЦИПАЛЬНОЕ АВТОНОМНОЕ ОБЩЕОБРАЗОВАТЕЛЬНОЕ УЧРЕЖДЕНИЕ ГИМНАЗИЯ № 18</fullName>
                        <shortName>МАОУ ГИМНАЗИЯ № 18</shortName>
                        <iko>56668015944662301001</iko>
                        <inn>6668015944</inn>
                        <kpp>662301001</kpp>
                        <ogrn>1026601374271</ogrn>
                        <legalAddress>622001, СВЕРДЛОВСКАЯ, НИЖНИЙ ТАГИЛ, ГАЗЕТНАЯ, дом 27</legalAddress>
                        <postalAddress>622001, Свердловская Область, Нижний Тагил Город, Газетная Улица, дом 27</postalAddress>
                        <phone>7-3435-417075</phone>
                        <fax>7-3435-417075</fax>
                        <email>gimnaziya18@e-tagil.ru</email>
                        <okato>65476000000</okato>
                        <okpo>48568253</okpo>
                    </mainInfo>
                </ns2:placer>
                <ns2:emergency>false</ns2:emergency>
            </ns2:explanationData>
        </ns2:item>
    </ns2:body>
</ns2:explanation>
