<?xml version="1.0" encoding="UTF-8" standalone="yes"?>
<ns2:explanation xsi:schemaLocation="http://zakupki.gov.ru/223/integration/schema/TFF-5.2 http://zakupki.gov.ru/223/integration/schema/TFF-5.2/purchase.xsd" xmlns="http://zakupki.gov.ru/223fz/types/1" xmlns:ns10="http://zakupki.gov.ru/223fz/complaint/1" xmlns:ns11="http://zakupki.gov.ru/223fz/notificationIssue/1" xmlns:ns12="http://zakupki.gov.ru/223fz/purchasePlanProject/1" xmlns:ns13="http://zakupki.gov.ru/223fz/purchasePlanProjectAdditionalPosition/1" xmlns:ns14="http://zakupki.gov.ru/223fz/contract/1" xmlns:ns15="http://zakupki.gov.ru/223fz/missedNotice/1" xmlns:ns16="http://zakupki.gov.ru/223fz/reference/1" xmlns:ns17="http://zakupki.gov.ru/223fz/stopCommodity/1" xmlns:ns18="http://zakupki.gov.ru/223fz/decisionSuspension/1" xmlns:ns19="http://zakupki.gov.ru/223fz/webRequest/1" xmlns:ns2="http://zakupki.gov.ru/223fz/purchase/1" xmlns:xsi="http://www.w3.org/2001/XMLSchema-instance" xmlns:ns3="http://zakupki.gov.ru/223fz/dishonestSupplier/1" xmlns:ns4="http://zakupki.gov.ru/223fz/purchasePlanAdditionalPosition/1" xmlns:ns5="http://zakupki.gov.ru/223fz/purchasePlan/1" xmlns:ns6="http://zakupki.gov.ru/223fz/machineryListInfo/1" xmlns:ns7="http://zakupki.gov.ru/223fz/revenue/1" xmlns:ns8="http://zakupki.gov.ru/223fz/orderClauseList/1" xmlns:ns9="http://zakupki.gov.ru/223fz/disagreementProtocol/1">
    <header>
        <guid>dec3399a-e721-40df-ba04-e7e7ac56bbc7</guid>
        <createDateTime>2017-03-28T09:55:14</createDateTime>
    </header>
    <ns2:body>
        <ns2:item>
            <guid>babefd90-e95e-3665-54c5-319746445834</guid>
            <ns2:explanationData>
                <ns2:guid>babefd90-e95e-3665-54c5-319746445834</ns2:guid>
                <ns2:urlOOS>https://zakupki.gov.ru/223/purchase/private/purchase/explanation/details.html?explanationId=309567</ns2:urlOOS>
                <ns2:description>Ответ в прикрепленном файле</ns2:description>
                <ns2:requestSubjectInfo>Изучив документацию о запросе предложений №0000/17/0.0/0000000/ТГЕкатеринбург/ЗП/ГОС/Э/00.00.2017 (на поставку столбиков опознавательных для нужд ООО "Газпром трансгаз Екатеринбург" просим предоставить ответы на вопросы, возникшие после изучения материалов».
1. В позиции №3 Конус сигнальный в описании дана характеристика H-500 мм. Однако все производители указывают,что конусы выпускаются трех размеров: 320 мм, 520 мм, 750 мм. Является ли параметр, указанной в документации единственно правильным или параметр производителей 520 мм считается допустимым?
</ns2:requestSubjectInfo>
                <ns2:requestDate>2017-03-24T11:06:01</ns2:requestDate>
                <ns2:status>P</ns2:status>
                <ns2:creationDate>2017-03-28T11:52:15</ns2:creationDate>
                <ns2:modificationDate>2017-03-28T11:55:14</ns2:modificationDate>
                <ns2:decisionDate>2017-03-28T09:52:15</ns2:decisionDate>
                <ns2:publishDate>2017-03-28T11:55:14</ns2:publishDate>
                <ns2:attachments>
                    <totalDocumentsCount>1</totalDocumentsCount>
                    <document>
                        <guid>f78e9ba4-ce44-b7d7-b2d5-78adabb2d972</guid>
                        <createDateTime>2017-03-28T09:52:15</createDateTime>
                        <fileName>Ответ_на_Запрос_разъяснений.doc</fileName>
                        <description>Ответ_на_Запрос_разъяснений.doc</description>
                        <url>http://zakupki.gov.ru/223/purchase/public/download/download.html?id=30381985</url>
                    </document>
                </ns2:attachments>
                <ns2:purchaseRegNum>31704895252</ns2:purchaseRegNum>
                <ns2:purchaseMethodCode>8993</ns2:purchaseMethodCode>
                <ns2:purchaseMethodName>29 (Газпром) Открытый запрос предложений в электронной форме</ns2:purchaseMethodName>
                <ns2:purchaseName>Поставка столбиков опознавательных для нужд ООО "Газпром трансгаз Екатеринбург"</ns2:purchaseName>
                <ns2:placer>
                    <mainInfo>
                        <fullName>ОБЩЕСТВО С ОГРАНИЧЕННОЙ ОТВЕТСТВЕННОСТЬЮ "ГАЗПРОМ ТРАНСГАЗ ЕКАТЕРИНБУРГ"</fullName>
                        <shortName>ООО  "ГАЗПРОМ ТРАНСГАЗ ЕКАТЕРИНБУРГ"</shortName>
                        <iko>56608007434997250001</iko>
                        <inn>6608007434</inn>
                        <kpp>667001001</kpp>
                        <ogrn>1026604947852</ogrn>
                        <legalAddress>620000, ОБЛ СВЕРДЛОВСКАЯ, Г ЕКАТЕРИНБУРГ, УЛ КЛАРЫ ЦЕТКИН, дом ДОМ 14</legalAddress>
                        <postalAddress>620000, Свердловская Область, Екатеринбург Город, Клары Цеткин Улица, дом 14</postalAddress>
                        <phone>7-343-3597542</phone>
                        <fax>7-343-3597041</fax>
                        <email>D.Gaidt@ekaterinburg-tr.gazprom.ru</email>
                        <okato>65401373000</okato>
                        <okpo>00154341</okpo>
                    </mainInfo>
                </ns2:placer>
                <ns2:emergency>false</ns2:emergency>
            </ns2:explanationData>
        </ns2:item>
    </ns2:body>
</ns2:explanation>
