<?xml version="1.0" encoding="UTF-8" standalone="yes"?>
<ns2:explanation xsi:schemaLocation="http://zakupki.gov.ru/223/integration/schema/TFF-5.2 http://zakupki.gov.ru/223/integration/schema/TFF-5.2/purchase.xsd" xmlns="http://zakupki.gov.ru/223fz/types/1" xmlns:ns10="http://zakupki.gov.ru/223fz/complaint/1" xmlns:ns11="http://zakupki.gov.ru/223fz/notificationIssue/1" xmlns:ns12="http://zakupki.gov.ru/223fz/purchasePlanProject/1" xmlns:ns13="http://zakupki.gov.ru/223fz/purchasePlanProjectAdditionalPosition/1" xmlns:ns14="http://zakupki.gov.ru/223fz/contract/1" xmlns:ns15="http://zakupki.gov.ru/223fz/missedNotice/1" xmlns:ns16="http://zakupki.gov.ru/223fz/reference/1" xmlns:ns17="http://zakupki.gov.ru/223fz/stopCommodity/1" xmlns:ns18="http://zakupki.gov.ru/223fz/decisionSuspension/1" xmlns:ns19="http://zakupki.gov.ru/223fz/webRequest/1" xmlns:ns2="http://zakupki.gov.ru/223fz/purchase/1" xmlns:xsi="http://www.w3.org/2001/XMLSchema-instance" xmlns:ns3="http://zakupki.gov.ru/223fz/dishonestSupplier/1" xmlns:ns4="http://zakupki.gov.ru/223fz/purchasePlanAdditionalPosition/1" xmlns:ns5="http://zakupki.gov.ru/223fz/purchasePlan/1" xmlns:ns6="http://zakupki.gov.ru/223fz/machineryListInfo/1" xmlns:ns7="http://zakupki.gov.ru/223fz/revenue/1" xmlns:ns8="http://zakupki.gov.ru/223fz/orderClauseList/1" xmlns:ns9="http://zakupki.gov.ru/223fz/disagreementProtocol/1">
    <header>
        <guid>0992c96a-aed9-459c-b8a6-f30c19395b09</guid>
        <createDateTime>2017-03-28T06:06:41</createDateTime>
    </header>
    <ns2:body>
        <ns2:item>
            <guid>68992362-523b-7821-90aa-7760e78ece85</guid>
            <ns2:explanationData>
                <ns2:guid>68992362-523b-7821-90aa-7760e78ece85</ns2:guid>
                <ns2:urlOOS>https://zakupki.gov.ru/223/purchase/private/purchase/explanation/details.html?explanationId=309464</ns2:urlOOS>
                <ns2:description>В приложение № 5 к ТЗ внесены изменения. Пункт допуска 4.3. - исключен.</ns2:description>
                <ns2:requestSubjectInfo>Добрый день. 
В приложении 5 к ТЗ  указан перечень допусков СРО, требуемых для выполнения проектных  работ по объекту:
П. 4.3. Работы по подготовке проектов внутренних систем электроснабжения. 
      Согласно ст. 48.1 Градостроительного кодекса РФ  данные виды работ требуют получения свидетельства о допуске на виды работ на особо опасных, технически сложных и уникальных объектах.
В данной процедуре согласно ТЗ  объекты, по которым требуется выполнение ПИР, таковыми не являются.
Просим разъяснить ситуацию: в связи с вышеизложенным, действительно ли необходимо наличие п. 4.3 в СРО на проектные работы? 
</ns2:requestSubjectInfo>
                <ns2:requestDate>2017-03-23T13:44:02</ns2:requestDate>
                <ns2:status>P</ns2:status>
                <ns2:creationDate>2017-03-28T08:05:27</ns2:creationDate>
                <ns2:modificationDate>2017-03-28T08:06:41</ns2:modificationDate>
                <ns2:decisionDate>2017-03-28T06:05:27</ns2:decisionDate>
                <ns2:publishDate>2017-03-28T08:06:41</ns2:publishDate>
                <ns2:attachments>
                    <totalDocumentsCount>2</totalDocumentsCount>
                    <document>
                        <guid>98f09c38-d46f-f7a9-57c3-4dcc861ef6ac</guid>
                        <createDateTime>2017-03-28T06:05:11</createDateTime>
                        <fileName>УВЕДОМЛЕНИЕ_ОБ_ИЗМЕНЕНИЯХ_171-1.7z</fileName>
                        <description>УВЕДОМЛЕНИЕ_ОБ_ИЗМЕНЕНИЯХ_171-1.7z</description>
                        <url>http://zakupki.gov.ru/223/purchase/public/download/download.html?id=30375907</url>
                    </document>
                    <document>
                        <guid>544542d4-4865-832c-aae2-d159465b3ba9</guid>
                        <createDateTime>2017-03-23T13:42:17</createDateTime>
                        <fileName>Запрос_на_разъяснение_документации_к_процедуре[14].rtf</fileName>
                        <description>Запрос_на_разъяснение_документации_к_процедуре[14].rtf</description>
                        <url>http://zakupki.gov.ru/223/purchase/public/download/download.html?id=30375908</url>
                    </document>
                </ns2:attachments>
                <ns2:purchaseRegNum>31704901007</ns2:purchaseRegNum>
                <ns2:purchaseMethodCode>2910</ns2:purchaseMethodCode>
                <ns2:purchaseMethodName>открытый запрос предложений</ns2:purchaseMethodName>
                <ns2:purchaseName>Право заключения договора на выполнение проектных и изыскательских работ по объекту: «Реконструкция ПС ПО «ЦЭС» производственного отделения «Центральные электрические сети» филиала ОАО «МРСК Урала» - «Челябэнерго».</ns2:purchaseName>
                <ns2:placer>
                    <mainInfo>
                        <fullName>ОТКРЫТОЕ АКЦИОНЕРНОЕ ОБЩЕСТВО "МЕЖРЕГИОНАЛЬНАЯ РАСПРЕДЕЛИТЕЛЬНАЯ СЕТЕВАЯ КОМПАНИЯ УРАЛА"</fullName>
                        <shortName>ОАО "МРСК УРАЛА"</shortName>
                        <iko>56671163413667201001</iko>
                        <inn>6671163413</inn>
                        <kpp>667201001</kpp>
                        <ogrn>1056604000970</ogrn>
                        <legalAddress>620026ОБЛ СВЕРДЛОВСКАЯ, Г ЕКАТЕРИНБУРГ, УЛ МАМИНА-СИБИРЯКА, 140</legalAddress>
                        <postalAddress>620026, Свердловская область, Екатеринбург, Мамина-Сибиряка, дом 140 </postalAddress>
                        <phone>7-343-2152600</phone>
                        <fax>7-343-2152661</fax>
                        <email>mrsk@mrsk-ural.ru</email>
                        <okato>65401000000</okato>
                        <okpo>76507836</okpo>
                    </mainInfo>
                </ns2:placer>
                <ns2:emergency>false</ns2:emergency>
            </ns2:explanationData>
        </ns2:item>
    </ns2:body>
</ns2:explanation>
