<?xml version="1.0" encoding="UTF-8" standalone="yes"?>
<ns2:explanation xsi:schemaLocation="http://zakupki.gov.ru/223/integration/schema/TFF-5.2 http://zakupki.gov.ru/223/integration/schema/TFF-5.2/purchase.xsd" xmlns="http://zakupki.gov.ru/223fz/types/1" xmlns:ns10="http://zakupki.gov.ru/223fz/complaint/1" xmlns:ns11="http://zakupki.gov.ru/223fz/notificationIssue/1" xmlns:ns12="http://zakupki.gov.ru/223fz/purchasePlanProject/1" xmlns:ns13="http://zakupki.gov.ru/223fz/purchasePlanProjectAdditionalPosition/1" xmlns:ns14="http://zakupki.gov.ru/223fz/contract/1" xmlns:ns15="http://zakupki.gov.ru/223fz/missedNotice/1" xmlns:ns16="http://zakupki.gov.ru/223fz/reference/1" xmlns:ns17="http://zakupki.gov.ru/223fz/stopCommodity/1" xmlns:ns18="http://zakupki.gov.ru/223fz/decisionSuspension/1" xmlns:ns19="http://zakupki.gov.ru/223fz/webRequest/1" xmlns:ns2="http://zakupki.gov.ru/223fz/purchase/1" xmlns:xsi="http://www.w3.org/2001/XMLSchema-instance" xmlns:ns3="http://zakupki.gov.ru/223fz/dishonestSupplier/1" xmlns:ns4="http://zakupki.gov.ru/223fz/purchasePlanAdditionalPosition/1" xmlns:ns5="http://zakupki.gov.ru/223fz/purchasePlan/1" xmlns:ns6="http://zakupki.gov.ru/223fz/machineryListInfo/1" xmlns:ns7="http://zakupki.gov.ru/223fz/revenue/1" xmlns:ns8="http://zakupki.gov.ru/223fz/orderClauseList/1" xmlns:ns9="http://zakupki.gov.ru/223fz/disagreementProtocol/1">
    <header>
        <guid>e518d3d4-15a0-43b5-82d3-26063989bab5</guid>
        <createDateTime>2017-03-28T14:10:35</createDateTime>
    </header>
    <ns2:body>
        <ns2:item>
            <guid>a9898519-9577-0040-0000-58da445bd50c</guid>
            <ns2:explanationData>
                <ns2:guid>a9898519-9577-0040-0000-58da445bd50c</ns2:guid>
                <ns2:urlOOS>https://zakupki.gov.ru/223/purchase/private/purchase/explanation/details.html?explanationId=309729</ns2:urlOOS>
                <ns2:description>Разъяснения от 27.03.2017 14:27</ns2:description>
                <ns2:requestSubjectInfo>Запрос:
Добрый день

В рамках документации по Запрос предложений № 797260 на Право заключения договора на поставку металлических дверей для обеспечения ремонтной программы АО «ЕЭСК» в 2017г.хотели уточнить о кол-во дверей с решетками.

Согласно документации ,всего дверей  - 36 шт, предусматривается ли  для всех исполнения с решетками , как указано на рис.8 в Приложении №3 ?


Разъяснения:
Добрый день! 
Согласно ПУЭ помещения в электротехническом хозяйстве должны иметь естественную вентиляцию. Согласно ТЗ: «3.8.1. Необходимые замеры дверных проемов ПС, ТП, РП проводятся Поставщиком совместно с Заказчиком», а так же «3.8.10. Двухстворчатые ворота (Т1 или Т2) в нижней (или в верхней) части створок должны иметь вентиляционные решетки состоящие из рамки (материал Ст.3 уголок ∟-25-32мм)  и наполнителя (лист ПВЛ 406 (ПВЛ 306) толщиной металла 3-4мм). Направление штампованных пазов листа ПВЛ со скосом на лицевую часть двери (на улицу) (приложение №3, рис.8)».
На данный момент необходимо - на 18 (восемнадцати) дверях (Т1, Т2) установить решётки на каждой створке, но при исполнении п.3.8.1. настоящего ТЗ, при отсутствии естественной вентиляции помещения, может появиться необходимость установления решеток на дверях дополнительно (решение принимается по месту).
</ns2:requestSubjectInfo>
                <ns2:requestDate>2017-03-27T16:27:24</ns2:requestDate>
                <ns2:status>P</ns2:status>
                <ns2:creationDate>2017-03-28T18:09:01</ns2:creationDate>
                <ns2:modificationDate>2017-03-28T16:10:35</ns2:modificationDate>
                <ns2:decisionDate>2017-03-28T16:08:59</ns2:decisionDate>
                <ns2:publishDate>2017-03-28T16:10:35</ns2:publishDate>
                <ns2:attachments>
                    <totalDocumentsCount>1</totalDocumentsCount>
                    <document>
                        <guid>a9898519-9577-0040-0000-58da445bd50c</guid>
                        <createDateTime>2017-03-27T16:27:24</createDateTime>
                        <fileName>текст разъяснения.doc</fileName>
                        <description>текст разъяснения.doc</description>
                        <url>http://zakupki.gov.ru/223/purchase/public/download/download.html?id=30395819</url>
                    </document>
                </ns2:attachments>
                <ns2:purchaseRegNum>31704906913</ns2:purchaseRegNum>
                <ns2:purchaseMethodCode>34841</ns2:purchaseMethodCode>
                <ns2:purchaseMethodName>Открытый запрос предложений В2В</ns2:purchaseMethodName>
                <ns2:purchaseName>Право заключения договора на поставку металлических дверей для обеспечения ремонтной программы АО «ЕЭСК» в 2017г. (797260)</ns2:purchaseName>
                <ns2:placer>
                    <mainInfo>
                        <fullName>АКЦИОНЕРНОЕ ОБЩЕСТВО "ЕКАТЕРИНБУРГСКАЯ ЭЛЕКТРОСЕТЕВАЯ КОМПАНИЯ"</fullName>
                        <shortName>АО "ЕЭСК"</shortName>
                        <iko>66658139683665801001</iko>
                        <inn>6658139683</inn>
                        <kpp>665801001</kpp>
                        <ogrn>1026602312770</ogrn>
                        <legalAddress>620014, ОБЛ СВЕРДЛОВСКАЯ, Г ЕКАТЕРИНБУРГ, УЛ БОРИСА ЕЛЬЦИНА, дом 1</legalAddress>
                        <postalAddress>620014 РФ Свердловская область, город Екатеринбург, улица Бориса Ельцина, дом 1.</postalAddress>
                        <phone>7-343-3590725</phone>
                        <fax>7-343-3590059</fax>
                        <email>eesk@eesk.ru</email>
                        <okato>65401364000</okato>
                        <okpo>12284050</okpo>
                    </mainInfo>
                </ns2:placer>
                <ns2:emergency>false</ns2:emergency>
            </ns2:explanationData>
        </ns2:item>
    </ns2:body>
</ns2:explanation>
