<?xml version="1.0" encoding="UTF-8" standalone="yes"?>
<ns2:explanation xsi:schemaLocation="http://zakupki.gov.ru/223/integration/schema/TFF-5.2 http://zakupki.gov.ru/223/integration/schema/TFF-5.2/purchase.xsd" xmlns="http://zakupki.gov.ru/223fz/types/1" xmlns:ns10="http://zakupki.gov.ru/223fz/purchasePlan/1" xmlns:ns11="http://zakupki.gov.ru/223fz/purchasePlanProject/1" xmlns:ns12="http://zakupki.gov.ru/223fz/purchasePlanProjectAdditionalPosition/1" xmlns:ns13="http://zakupki.gov.ru/223fz/contract/1" xmlns:ns14="http://zakupki.gov.ru/223fz/missedNotice/1" xmlns:ns15="http://zakupki.gov.ru/223fz/reference/1" xmlns:ns16="http://zakupki.gov.ru/223fz/stopCommodity/1" xmlns:ns17="http://zakupki.gov.ru/223fz/decisionSuspension/1" xmlns:ns18="http://zakupki.gov.ru/223fz/purchasePlanAdditionalPosition/1" xmlns:ns19="http://zakupki.gov.ru/223fz/webRequest/1" xmlns:ns2="http://zakupki.gov.ru/223fz/purchase/1" xmlns:xsi="http://www.w3.org/2001/XMLSchema-instance" xmlns:ns3="http://zakupki.gov.ru/223fz/dishonestSupplier/1" xmlns:ns4="http://zakupki.gov.ru/223fz/machineryListInfo/1" xmlns:ns5="http://zakupki.gov.ru/223fz/revenue/1" xmlns:ns6="http://zakupki.gov.ru/223fz/orderClauseList/1" xmlns:ns7="http://zakupki.gov.ru/223fz/disagreementProtocol/1" xmlns:ns8="http://zakupki.gov.ru/223fz/complaint/1" xmlns:ns9="http://zakupki.gov.ru/223fz/notificationIssue/1">
    <header>
        <guid>4de3a901-d442-4ca8-88a9-9108efd61e8f</guid>
        <createDateTime>2017-03-17T13:39:48</createDateTime>
    </header>
    <ns2:body>
        <ns2:item>
            <guid>10f20675-eb57-8b4e-24b4-5ef473975ebd</guid>
            <ns2:explanationData>
                <ns2:guid>10f20675-eb57-8b4e-24b4-5ef473975ebd</ns2:guid>
                <ns2:urlOOS>https://zakupki.gov.ru/223/purchase/private/purchase/explanation/details.html?explanationId=305618</ns2:urlOOS>
                <ns2:description>По конкретным материалам</ns2:description>
                <ns2:requestSubjectInfo>по технической документации</ns2:requestSubjectInfo>
                <ns2:requestDate>2017-03-16T18:49:52</ns2:requestDate>
                <ns2:status>P</ns2:status>
                <ns2:creationDate>2017-03-16T20:49:52</ns2:creationDate>
                <ns2:modificationDate>2017-03-17T15:39:48</ns2:modificationDate>
                <ns2:decisionDate>2017-03-17T15:33:20</ns2:decisionDate>
                <ns2:publishDate>2017-03-17T15:39:48</ns2:publishDate>
                <ns2:attachments>
                    <totalDocumentsCount>2</totalDocumentsCount>
                    <document>
                        <guid>0f7d0875-78a8-9841-24b4-ad85c8c235df</guid>
                        <createDateTime>1970-01-01T05:00:00</createDateTime>
                        <fileName>20170316 запрос.doc</fileName>
                        <description>20170316 запрос.doc</description>
                        <url>http://zakupki.gov.ru/223/purchase/public/download/download.html?id=30142222</url>
                    </document>
                    <document>
                        <guid>816bdfa5-cb5e-19a4-24b4-74535356117a</guid>
                        <createDateTime>1970-01-01T05:00:00</createDateTime>
                        <fileName>Разъяснение 2 по конкретным материалам 17_03.doc</fileName>
                        <description>Разъяснение 2 по конкретным материалам 17_03.doc</description>
                        <url>http://zakupki.gov.ru/223/purchase/public/download/download.html?id=30142223</url>
                    </document>
                </ns2:attachments>
                <ns2:purchaseRegNum>31704875347</ns2:purchaseRegNum>
                <ns2:purchaseMethodCode>162623</ns2:purchaseMethodCode>
                <ns2:purchaseMethodName>Запрос предложений в электронной форме</ns2:purchaseMethodName>
                <ns2:purchaseName>Выполнение работ по восстановлению вентиляции "Учебного корпуса с подземным гаражом-стоянкой и учебно-практическим комплексом по ул. Гагарина-Ботаническая в Кировском районе г. Екатеринбург. I очередь лекционный блок".</ns2:purchaseName>
                <ns2:placer>
                    <mainInfo>
                        <fullName>ФЕДЕРАЛЬНОЕ ГОСУДАРСТВЕННОЕ БЮДЖЕТНОЕ ОБРАЗОВАТЕЛЬНОЕ УЧРЕЖДЕНИЕ ВЫСШЕГО ОБРАЗОВАНИЯ "УРАЛЬСКИЙ ИНСТИТУТ ГОСУДАРСТВЕННОЙ ПРОТИВОПОЖАРНОЙ СЛУЖБЫ МИНИСТЕРСТВА РОССИЙСКОЙ ФЕДЕРАЦИИ ПО ДЕЛАМ ГРАЖДАНСКОЙ ОБОРОНЫ, ЧРЕЗВЫЧАЙНЫМ СИТУАЦИЯМ И ЛИКВИДАЦИИ ПОСЛЕДСТВИЙ СТИХИЙНЫХ БЕДСТВИЙ"</fullName>
                        <shortName>ФГБОУ ВО УРАЛЬСКИЙ ИНСТИТУТ ГПС МЧС РОССИИ</shortName>
                        <iko>86670096267667001001</iko>
                        <inn>6670096267</inn>
                        <kpp>667001001</kpp>
                        <ogrn>1057747900143</ogrn>
                        <legalAddress>620062, ОБЛ СВЕРДЛОВСКАЯ, Г ЕКАТЕРИНБУРГ, УЛ МИРА, дом 22</legalAddress>
                        <postalAddress>620062 Свердловская область, г. Екатеринбург</postalAddress>
                        <phone>8(343)360-81-37</phone>
                        <email>uigps@uigps.ru</email>
                        <okato>65401373000</okato>
                        <okpo>08571357</okpo>
                    </mainInfo>
                </ns2:placer>
                <ns2:emergency>false</ns2:emergency>
            </ns2:explanationData>
        </ns2:item>
    </ns2:body>
</ns2:explanation>
