<?xml version="1.0" encoding="UTF-8" standalone="yes"?>
<ns2:explanation xsi:schemaLocation="http://zakupki.gov.ru/223/integration/schema/TFF-5.2 http://zakupki.gov.ru/223/integration/schema/TFF-5.2/purchase.xsd" xmlns="http://zakupki.gov.ru/223fz/types/1" xmlns:ns10="http://zakupki.gov.ru/223fz/purchasePlan/1" xmlns:ns11="http://zakupki.gov.ru/223fz/purchasePlanProject/1" xmlns:ns12="http://zakupki.gov.ru/223fz/purchasePlanProjectAdditionalPosition/1" xmlns:ns13="http://zakupki.gov.ru/223fz/contract/1" xmlns:ns14="http://zakupki.gov.ru/223fz/missedNotice/1" xmlns:ns15="http://zakupki.gov.ru/223fz/reference/1" xmlns:ns16="http://zakupki.gov.ru/223fz/stopCommodity/1" xmlns:ns17="http://zakupki.gov.ru/223fz/decisionSuspension/1" xmlns:ns18="http://zakupki.gov.ru/223fz/purchasePlanAdditionalPosition/1" xmlns:ns19="http://zakupki.gov.ru/223fz/webRequest/1" xmlns:ns2="http://zakupki.gov.ru/223fz/purchase/1" xmlns:xsi="http://www.w3.org/2001/XMLSchema-instance" xmlns:ns3="http://zakupki.gov.ru/223fz/dishonestSupplier/1" xmlns:ns4="http://zakupki.gov.ru/223fz/machineryListInfo/1" xmlns:ns5="http://zakupki.gov.ru/223fz/revenue/1" xmlns:ns6="http://zakupki.gov.ru/223fz/orderClauseList/1" xmlns:ns7="http://zakupki.gov.ru/223fz/disagreementProtocol/1" xmlns:ns8="http://zakupki.gov.ru/223fz/complaint/1" xmlns:ns9="http://zakupki.gov.ru/223fz/notificationIssue/1">
    <header>
        <guid>f421a019-094d-4d6f-a3e3-289faf1c19a9</guid>
        <createDateTime>2017-03-17T14:31:36</createDateTime>
    </header>
    <ns2:body>
        <ns2:item>
            <guid>2e2c7b44-6c2c-9a5d-5c40-e6b3c88e7b00</guid>
            <ns2:explanationData>
                <ns2:guid>2e2c7b44-6c2c-9a5d-5c40-e6b3c88e7b00</ns2:guid>
                <ns2:urlOOS>https://zakupki.gov.ru/223/purchase/private/purchase/explanation/details.html?explanationId=305689</ns2:urlOOS>
                <ns2:description>В ответ на Ваш запрос сообщаем. На поз. 1-6 спецификации проекта договора , ООО "Митутойо РУС" проводит процедуру по оформлению нового свидетельства. До момента получения нового свидетельства средства измерения могут быть поверены по свидетельству № 45488 (49048-12), так как были произведены в период действия данного свидетельства. На поз. 8-17 спецификации проекта договора, ЗАО "Хоффман профессиональный инструмент" в настоящее время проводит процедуру по оформлению нового свидетельства на кольца установочные 484030 и 484035 производства компании Hoffmann GmbH Qualitatswerkzeuge, Германия. До момента получения нового свидетельства средства измерения могут быть поверены по свидетельству № 44798 (48512-11).</ns2:description>
                <ns2:requestSubjectInfo>Добрый день!
В извещении о проведении открытого аукциона в электронной форме (аукцион на понижение) (реестровый номер 31704881405), в графе "Описание иных потребительских свойств товаров" указано, что продукция позиций 1-6 и 8-17 обязательно должна быть внесена в Госреестр средств измерений, который ведется в соответствии с Правилами по метрологии ПР 50.2.011.94, принятыми Постановлением Госстандарта России №8 от 08.02.94г, однако на запрашиваемые Вами позиции 1-6 закончился срок внесения в данный реестр, а позиции 8-17 никогда не были в данном реестре.
Просим дать пояснения по данному требованию и вмести изменения в докумнтацию.</ns2:requestSubjectInfo>
                <ns2:requestDate>2017-03-14T12:52:18</ns2:requestDate>
                <ns2:status>P</ns2:status>
                <ns2:creationDate>2017-03-17T16:29:43</ns2:creationDate>
                <ns2:modificationDate>2017-03-17T16:31:36</ns2:modificationDate>
                <ns2:decisionDate>2017-03-17T14:29:43</ns2:decisionDate>
                <ns2:publishDate>2017-03-17T16:31:36</ns2:publishDate>
                <ns2:attachments>
                    <totalDocumentsCount>1</totalDocumentsCount>
                    <document>
                        <guid>17e6bc5c-a92c-149a-4a42-e2611b33aa66</guid>
                        <createDateTime>2017-03-17T14:29:31</createDateTime>
                        <fileName>ответ_31704881405.docx</fileName>
                        <description>ответ_31704881405.docx</description>
                        <url>http://zakupki.gov.ru/223/purchase/public/download/download.html?id=30145699</url>
                    </document>
                </ns2:attachments>
                <ns2:purchaseRegNum>31704881405</ns2:purchaseRegNum>
                <ns2:purchaseMethodCode>3361</ns2:purchaseMethodCode>
                <ns2:purchaseMethodName>Открытый аукцион в электронной форме</ns2:purchaseMethodName>
                <ns2:purchaseName>Открытый аукцион в электронной форме на право заключения договора на поставку контрольно-измерительного инструмента.</ns2:purchaseName>
                <ns2:placer>
                    <mainInfo>
                        <fullName>ПУБЛИЧНОЕ АКЦИОНЕРНОЕ ОБЩЕСТВО "МАШИНОСТРОИТЕЛЬНЫЙ ЗАВОД ИМЕНИ М.И.КАЛИНИНА, Г. ЕКАТЕРИНБУРГ"</fullName>
                        <shortName>ПАО "МЗИК"</shortName>
                        <iko>56663003800667301001</iko>
                        <inn>6663003800</inn>
                        <kpp>668601001</kpp>
                        <ogrn>1026605624451</ogrn>
                        <legalAddress>620017, ОБЛ СВЕРДЛОВСКАЯ, Г ЕКАТЕРИНБУРГ, ПР-КТ КОСМОНАВТОВ, дом 18</legalAddress>
                        <postalAddress>620000, Свердловская Область, Екатеринбург Город, дом 18</postalAddress>
                        <phone>7-343-3295064</phone>
                        <fax>7-343-3311796</fax>
                        <email>v_bunkov@mail.ru</email>
                        <okato>65401385000</okato>
                        <okpo>07509511</okpo>
                    </mainInfo>
                </ns2:placer>
                <ns2:emergency>false</ns2:emergency>
            </ns2:explanationData>
        </ns2:item>
    </ns2:body>
</ns2:explanation>
