<?xml version="1.0" encoding="UTF-8" standalone="yes"?>
<ns2:explanation xsi:schemaLocation="http://zakupki.gov.ru/223/integration/schema/TFF-5.2 http://zakupki.gov.ru/223/integration/schema/TFF-5.2/purchase.xsd" xmlns="http://zakupki.gov.ru/223fz/types/1" xmlns:ns10="http://zakupki.gov.ru/223fz/purchasePlan/1" xmlns:ns11="http://zakupki.gov.ru/223fz/purchasePlanProject/1" xmlns:ns12="http://zakupki.gov.ru/223fz/purchasePlanProjectAdditionalPosition/1" xmlns:ns13="http://zakupki.gov.ru/223fz/contract/1" xmlns:ns14="http://zakupki.gov.ru/223fz/missedNotice/1" xmlns:ns15="http://zakupki.gov.ru/223fz/reference/1" xmlns:ns16="http://zakupki.gov.ru/223fz/stopCommodity/1" xmlns:ns17="http://zakupki.gov.ru/223fz/decisionSuspension/1" xmlns:ns18="http://zakupki.gov.ru/223fz/purchasePlanAdditionalPosition/1" xmlns:ns19="http://zakupki.gov.ru/223fz/webRequest/1" xmlns:ns2="http://zakupki.gov.ru/223fz/purchase/1" xmlns:xsi="http://www.w3.org/2001/XMLSchema-instance" xmlns:ns3="http://zakupki.gov.ru/223fz/dishonestSupplier/1" xmlns:ns4="http://zakupki.gov.ru/223fz/machineryListInfo/1" xmlns:ns5="http://zakupki.gov.ru/223fz/revenue/1" xmlns:ns6="http://zakupki.gov.ru/223fz/orderClauseList/1" xmlns:ns7="http://zakupki.gov.ru/223fz/disagreementProtocol/1" xmlns:ns8="http://zakupki.gov.ru/223fz/complaint/1" xmlns:ns9="http://zakupki.gov.ru/223fz/notificationIssue/1">
    <header>
        <guid>2565c2f9-b681-4157-a179-a38ee17d421f</guid>
        <createDateTime>2017-03-17T13:54:46</createDateTime>
    </header>
    <ns2:body>
        <ns2:item>
            <guid>8587ca64-057a-0a1e-5a95-a990fdf753ac</guid>
            <ns2:explanationData>
                <ns2:guid>8587ca64-057a-0a1e-5a95-a990fdf753ac</ns2:guid>
                <ns2:urlOOS>https://zakupki.gov.ru/223/purchase/private/purchase/explanation/details.html?explanationId=305636</ns2:urlOOS>
                <ns2:description>Поставка данной аппаратуры с консервации не рассматривается, т. к. данная модель в настоящее время находится в производстве.</ns2:description>
                <ns2:requestSubjectInfo>Добрый день!
Возможна ли поставка данной аппаратуры с консервации, при условии, что она будет полностью соответствовать всем требованиям, указанным в заявке?
Если возможна, то не позже какого года выпуска она должна быть?
Если требуется абсолютно новый фазометр, необходимо знать года его выпуска!</ns2:requestSubjectInfo>
                <ns2:requestDate>2017-03-16T12:16:02</ns2:requestDate>
                <ns2:status>P</ns2:status>
                <ns2:creationDate>2017-03-17T15:49:46</ns2:creationDate>
                <ns2:modificationDate>2017-03-17T15:54:46</ns2:modificationDate>
                <ns2:decisionDate>2017-03-17T13:49:46</ns2:decisionDate>
                <ns2:publishDate>2017-03-17T15:54:46</ns2:publishDate>
                <ns2:attachments>
                    <totalDocumentsCount>1</totalDocumentsCount>
                    <document>
                        <guid>e237cafe-08c9-2b38-c716-4cf7d3a40560</guid>
                        <createDateTime>2017-03-17T13:49:39</createDateTime>
                        <fileName>Запрос_разьяснений__измеритель_разности_фаз_.docx</fileName>
                        <description>Запрос_разьяснений__измеритель_разности_фаз_.docx</description>
                        <url>http://zakupki.gov.ru/223/purchase/public/download/download.html?id=30143205</url>
                    </document>
                </ns2:attachments>
                <ns2:purchaseRegNum>31704889635</ns2:purchaseRegNum>
                <ns2:purchaseMethodCode>17488</ns2:purchaseMethodCode>
                <ns2:purchaseMethodName>запрос котировок в электронной форме</ns2:purchaseMethodName>
                <ns2:purchaseName>Поставка измерителя разности фаз</ns2:purchaseName>
                <ns2:placer>
                    <mainInfo>
                        <fullName>Федеральное государственное унитарное предприятие "Производственное обьединение "Октябрь"</fullName>
                        <shortName>ФГУП "ПО "Октябрь"</shortName>
                        <iko>56612001971660850001</iko>
                        <inn>6612001971</inn>
                        <kpp>660850001</kpp>
                        <ogrn>1026600932566</ogrn>
                        <legalAddress>623420, Свердловская, Каменск-Уральский, Рябова, дом 8</legalAddress>
                        <postalAddress>623420, Свердловская, Каменск-Уральский, Рябова, дом 8</postalAddress>
                        <phone>7-3439-370442</phone>
                        <email>zakaz94@neywa.ru</email>
                        <okato>65436369000</okato>
                        <okpo>07505861</okpo>
                    </mainInfo>
                </ns2:placer>
                <ns2:emergency>false</ns2:emergency>
            </ns2:explanationData>
        </ns2:item>
    </ns2:body>
</ns2:explanation>
