<?xml version="1.0" encoding="UTF-8" standalone="yes"?>
<ns2:explanation xsi:schemaLocation="http://zakupki.gov.ru/223/integration/schema/TFF-5.2 http://zakupki.gov.ru/223/integration/schema/TFF-5.2/purchase.xsd" xmlns="http://zakupki.gov.ru/223fz/types/1" xmlns:ns10="http://zakupki.gov.ru/223fz/purchasePlan/1" xmlns:ns11="http://zakupki.gov.ru/223fz/purchasePlanProject/1" xmlns:ns12="http://zakupki.gov.ru/223fz/purchasePlanProjectAdditionalPosition/1" xmlns:ns13="http://zakupki.gov.ru/223fz/contract/1" xmlns:ns14="http://zakupki.gov.ru/223fz/missedNotice/1" xmlns:ns15="http://zakupki.gov.ru/223fz/reference/1" xmlns:ns16="http://zakupki.gov.ru/223fz/stopCommodity/1" xmlns:ns17="http://zakupki.gov.ru/223fz/decisionSuspension/1" xmlns:ns18="http://zakupki.gov.ru/223fz/purchasePlanAdditionalPosition/1" xmlns:ns19="http://zakupki.gov.ru/223fz/webRequest/1" xmlns:ns2="http://zakupki.gov.ru/223fz/purchase/1" xmlns:xsi="http://www.w3.org/2001/XMLSchema-instance" xmlns:ns3="http://zakupki.gov.ru/223fz/dishonestSupplier/1" xmlns:ns4="http://zakupki.gov.ru/223fz/machineryListInfo/1" xmlns:ns5="http://zakupki.gov.ru/223fz/revenue/1" xmlns:ns6="http://zakupki.gov.ru/223fz/orderClauseList/1" xmlns:ns7="http://zakupki.gov.ru/223fz/disagreementProtocol/1" xmlns:ns8="http://zakupki.gov.ru/223fz/complaint/1" xmlns:ns9="http://zakupki.gov.ru/223fz/notificationIssue/1">
    <header>
        <guid>6e772724-d62b-4a33-97c1-c10296a6ec92</guid>
        <createDateTime>2017-03-17T14:21:48</createDateTime>
    </header>
    <ns2:body>
        <ns2:item>
            <guid>4ee7a501-7fe2-a2de-cf21-72b6a97c74a8</guid>
            <ns2:explanationData>
                <ns2:guid>4ee7a501-7fe2-a2de-cf21-72b6a97c74a8</ns2:guid>
                <ns2:urlOOS>https://zakupki.gov.ru/223/purchase/private/purchase/explanation/details.html?explanationId=305680</ns2:urlOOS>
                <ns2:description>Текст запроса:	Уважаемый Заказчик! В ведомостях объемов работ п. 3.4.1, 3.6.1, 3.8.1, 3.9.1, 3.10.1 и в сметных расчетах указаны работы по установке оконных и дверных блоков. При этом демонтажные работы отсутствуют. Просим пояснить требуется ли выполнение демонтажных работ перед установкой оконных и дверных блоков. В случае необходимости проведения демонтажных работ, просим включить их в ведомости объемов работ и в сметные расчеты.


Поясняем, что выполнение демонтажных работ не требуется.</ns2:description>
                <ns2:requestSubjectInfo>Уважаемый Заказчик!

В ведомостях объемов работ п. 3.4.1, 3.6.1, 3.8.1, 3.9.1, 3.10.1 и в сметных расчетах указаны работы по  установке оконных и дверных блоков. При этом демонтажные работы отсутствуют. Просим пояснить требуется ли выполнение демонтажных работ перед установкой оконных и дверных блоков. В случае необходимости проведения демонтажных работ, просим включить их в ведомости объемов работ и в сметные расчеты.</ns2:requestSubjectInfo>
                <ns2:requestDate>2017-03-15T09:53:11</ns2:requestDate>
                <ns2:status>P</ns2:status>
                <ns2:creationDate>2017-03-17T16:19:02</ns2:creationDate>
                <ns2:modificationDate>2017-03-17T16:21:48</ns2:modificationDate>
                <ns2:decisionDate>2017-03-17T14:19:02</ns2:decisionDate>
                <ns2:publishDate>2017-03-17T16:21:48</ns2:publishDate>
                <ns2:attachments>
                    <totalDocumentsCount>1</totalDocumentsCount>
                    <document>
                        <guid>b8a120a7-410e-b226-06c9-311a4ace495d</guid>
                        <createDateTime>2017-03-17T14:18:57</createDateTime>
                        <fileName>Разъяснения.docx</fileName>
                        <description>Разъяснения.docx</description>
                        <url>http://zakupki.gov.ru/223/purchase/public/download/download.html?id=30145101</url>
                    </document>
                </ns2:attachments>
                <ns2:purchaseRegNum>31704834730</ns2:purchaseRegNum>
                <ns2:purchaseMethodCode>30541</ns2:purchaseMethodCode>
                <ns2:purchaseMethodName>Аукцион</ns2:purchaseMethodName>
                <ns2:purchaseName>О проведении аукциона на право заключения договора
на выполнение ремонтно-строительных работ АО «ОКБ «Новатор»
(закупка, осуществляется АО "ОКБ "Новатор" у субъектов малого и среднего предпринимательства)</ns2:purchaseName>
                <ns2:placer>
                    <mainInfo>
                        <fullName>АКЦИОНЕРНОЕ ОБЩЕСТВО "ОПЫТНОЕ КОНСТРУКТОРСКОЕ БЮРО "НОВАТОР"</fullName>
                        <shortName>АО "ОКБ "НОВАТОР"</shortName>
                        <iko>66673092045667301001</iko>
                        <inn>6673092045</inn>
                        <kpp>667301001</kpp>
                        <ogrn>1026605611339</ogrn>
                        <legalAddress>620017, обл СВЕРДЛОВСКАЯ, г ЕКАТЕРИНБУРГ, пр-кт КОСМОНАВТОВ, дом 18</legalAddress>
                        <postalAddress>620017, г. Екатеринбург, пр. Космонавтов, 18</postalAddress>
                        <phone>7-343-2641072</phone>
                        <fax>7-343-2641300</fax>
                        <email>main@okb-novator.ru</email>
                        <okato>65401385000</okato>
                        <okpo>07546512</okpo>
                    </mainInfo>
                </ns2:placer>
                <ns2:emergency>false</ns2:emergency>
            </ns2:explanationData>
        </ns2:item>
    </ns2:body>
</ns2:explanation>
