<?xml version="1.0" encoding="UTF-8" standalone="yes"?>
<ns2:explanation xsi:schemaLocation="http://zakupki.gov.ru/223/integration/schema/TFF-5.2 http://zakupki.gov.ru/223/integration/schema/TFF-5.2/purchase.xsd" xmlns="http://zakupki.gov.ru/223fz/types/1" xmlns:ns10="http://zakupki.gov.ru/223fz/purchasePlan/1" xmlns:ns11="http://zakupki.gov.ru/223fz/purchasePlanProject/1" xmlns:ns12="http://zakupki.gov.ru/223fz/purchasePlanProjectAdditionalPosition/1" xmlns:ns13="http://zakupki.gov.ru/223fz/contract/1" xmlns:ns14="http://zakupki.gov.ru/223fz/missedNotice/1" xmlns:ns15="http://zakupki.gov.ru/223fz/reference/1" xmlns:ns16="http://zakupki.gov.ru/223fz/stopCommodity/1" xmlns:ns17="http://zakupki.gov.ru/223fz/decisionSuspension/1" xmlns:ns18="http://zakupki.gov.ru/223fz/purchasePlanAdditionalPosition/1" xmlns:ns19="http://zakupki.gov.ru/223fz/webRequest/1" xmlns:ns2="http://zakupki.gov.ru/223fz/purchase/1" xmlns:xsi="http://www.w3.org/2001/XMLSchema-instance" xmlns:ns3="http://zakupki.gov.ru/223fz/dishonestSupplier/1" xmlns:ns4="http://zakupki.gov.ru/223fz/machineryListInfo/1" xmlns:ns5="http://zakupki.gov.ru/223fz/revenue/1" xmlns:ns6="http://zakupki.gov.ru/223fz/orderClauseList/1" xmlns:ns7="http://zakupki.gov.ru/223fz/disagreementProtocol/1" xmlns:ns8="http://zakupki.gov.ru/223fz/complaint/1" xmlns:ns9="http://zakupki.gov.ru/223fz/notificationIssue/1">
    <header>
        <guid>540ee80d-a9a7-4f5e-a22a-46b8137a150e</guid>
        <createDateTime>2017-03-17T12:00:57</createDateTime>
    </header>
    <ns2:body>
        <ns2:item>
            <guid>a9898519-7269-0040-0000-58cba592873c</guid>
            <ns2:explanationData>
                <ns2:guid>a9898519-7269-0040-0000-58cba592873c</ns2:guid>
                <ns2:urlOOS>https://zakupki.gov.ru/223/purchase/private/purchase/explanation/details.html?explanationId=305545</ns2:urlOOS>
                <ns2:description>Разъяснения от 16.03.2017 08:49</ns2:description>
                <ns2:requestSubjectInfo>Запрос:
В соответствии с документацией о запросе предложений показателями оценки заявок на участие в том числе являются «Размер чистой прибыли за 2016 год» и  «Страховые резервы за 2016 год». Оценка по данным показателям производится на основании копии "Отчета о финансовых результатах Страховщика" - Формы №2 – страховщик, строка 3000, а также копии "Бухгалтерского баланса" - Формы №1 – страховщик, строка 2220 . 
В соответствии с Федеральным законом от 06.12.2011 № 402-ФЗ (ред. от 28.06.2013) «О БУХГАЛТЕРСКОМ УЧЕТЕ» и Приказом Министерства Финансов РФ от 27 июля 2012 г. N 109н «О БУХГАЛТЕРСКОЙ (ФИНАНСОВОЙ) ОТЧЕТНОСТИ СТРАХОВЩИКОВ» годовая бухгалтерская отчётность представляется в территориальные государственные органы по месту регистрации организации - Межрегиональную инспекцию Федеральной налоговой службы (МИФНС), срок представления годовой бухгалтерской отчётности – в течение 90 дней по окончании отчетного года. 
Учитывая срок окончания подачи заявок на участие в запросе предложений, участники не имеют возможности предоставить в составе заявки копии форм годовой бухгалтерской отчётности в виду их отсутствия.
Просим внести изменения в  документацию.


Разъяснения:
Добрый день! В процедуру были внесены изменения, см. Уведомление о внесении изменений от 17.03.2017 во вложении.</ns2:requestSubjectInfo>
                <ns2:requestDate>2017-03-16T10:49:14</ns2:requestDate>
                <ns2:status>P</ns2:status>
                <ns2:creationDate>2017-03-17T16:00:02</ns2:creationDate>
                <ns2:modificationDate>2017-03-17T14:00:57</ns2:modificationDate>
                <ns2:decisionDate>2017-03-17T13:58:02</ns2:decisionDate>
                <ns2:publishDate>2017-03-17T14:00:57</ns2:publishDate>
                <ns2:attachments>
                    <totalDocumentsCount>2</totalDocumentsCount>
                    <document>
                        <guid>a9898519-7269-0040-0001-58cba592873c</guid>
                        <createDateTime>2017-03-17T13:58:02</createDateTime>
                        <fileName>Уведомление о внесении изменений 17.03.2017.zip</fileName>
                        <description>Уведомление о внесении изменений 17.03.2017.zip</description>
                        <url>http://zakupki.gov.ru/223/purchase/public/download/download.html?id=30137777</url>
                    </document>
                    <document>
                        <guid>a9898519-7269-0040-0000-58cba592873c</guid>
                        <createDateTime>2017-03-16T10:49:14</createDateTime>
                        <fileName>текст разъяснения.doc</fileName>
                        <description>текст разъяснения.doc</description>
                        <url>http://zakupki.gov.ru/223/purchase/public/download/download.html?id=30137775</url>
                    </document>
                </ns2:attachments>
                <ns2:purchaseRegNum>31704873012</ns2:purchaseRegNum>
                <ns2:purchaseMethodCode>34841</ns2:purchaseMethodCode>
                <ns2:purchaseMethodName>Открытый запрос предложений В2В</ns2:purchaseMethodName>
                <ns2:purchaseName>Право заключения договора добровольного медицинского страхования для нужд АО «Екатеринбургская электросетевая компания» в 2017 году (792313)</ns2:purchaseName>
                <ns2:placer>
                    <mainInfo>
                        <fullName>Открытое акционерное общество "Межрегиональная распределительная сетевая компания Урала"</fullName>
                        <shortName>ОАО "МРСК Урала"</shortName>
                        <iko>56671163413667201001</iko>
                        <inn>6671163413</inn>
                        <kpp>667201001</kpp>
                        <ogrn>1056604000970</ogrn>
                        <legalAddress>620026, Свердловская, Екатеринбург, Мамина-Сибиряка, дом 140</legalAddress>
                        <postalAddress>620026, Свердловская область, Екатеринбург, Мамина-Сибиряка, дом 140 </postalAddress>
                        <phone>7-343-2152600</phone>
                        <fax>7-343-2152661</fax>
                        <email>mrsk@mrsk-ural.ru</email>
                        <okato>65401000000</okato>
                        <okpo>76507836</okpo>
                    </mainInfo>
                </ns2:placer>
                <ns2:emergency>false</ns2:emergency>
            </ns2:explanationData>
        </ns2:item>
    </ns2:body>
</ns2:explanation>
