<?xml version="1.0" encoding="UTF-8" standalone="yes"?>
<ns2:explanation xsi:schemaLocation="http://zakupki.gov.ru/223/integration/schema/TFF-5.2 http://zakupki.gov.ru/223/integration/schema/TFF-5.2/purchase.xsd" xmlns="http://zakupki.gov.ru/223fz/types/1" xmlns:ns10="http://zakupki.gov.ru/223fz/purchasePlan/1" xmlns:ns11="http://zakupki.gov.ru/223fz/purchasePlanProject/1" xmlns:ns12="http://zakupki.gov.ru/223fz/purchasePlanProjectAdditionalPosition/1" xmlns:ns13="http://zakupki.gov.ru/223fz/contract/1" xmlns:ns14="http://zakupki.gov.ru/223fz/missedNotice/1" xmlns:ns15="http://zakupki.gov.ru/223fz/reference/1" xmlns:ns16="http://zakupki.gov.ru/223fz/stopCommodity/1" xmlns:ns17="http://zakupki.gov.ru/223fz/decisionSuspension/1" xmlns:ns18="http://zakupki.gov.ru/223fz/purchasePlanAdditionalPosition/1" xmlns:ns19="http://zakupki.gov.ru/223fz/webRequest/1" xmlns:ns2="http://zakupki.gov.ru/223fz/purchase/1" xmlns:xsi="http://www.w3.org/2001/XMLSchema-instance" xmlns:ns3="http://zakupki.gov.ru/223fz/dishonestSupplier/1" xmlns:ns4="http://zakupki.gov.ru/223fz/machineryListInfo/1" xmlns:ns5="http://zakupki.gov.ru/223fz/revenue/1" xmlns:ns6="http://zakupki.gov.ru/223fz/orderClauseList/1" xmlns:ns7="http://zakupki.gov.ru/223fz/disagreementProtocol/1" xmlns:ns8="http://zakupki.gov.ru/223fz/complaint/1" xmlns:ns9="http://zakupki.gov.ru/223fz/notificationIssue/1">
    <header>
        <guid>fed04b06-0cd4-4071-a524-1b6b5fa22a70</guid>
        <createDateTime>2017-03-17T12:58:30</createDateTime>
    </header>
    <ns2:body>
        <ns2:item>
            <guid>83617522-5823-bab6-f521-356f2ff4379e</guid>
            <ns2:explanationData>
                <ns2:guid>83617522-5823-bab6-f521-356f2ff4379e</ns2:guid>
                <ns2:urlOOS>https://zakupki.gov.ru/223/purchase/private/purchase/explanation/details.html?explanationId=305592</ns2:urlOOS>
                <ns2:description>Добрый день!
Ответ на запрос: Муфту кабельную EPKJ-36C/1XU-3SB 35кВ S185-400 на муфту TRAJ-42/1x120-240-3HL заменить возможно.

</ns2:description>
                <ns2:requestSubjectInfo>Добрый день! Просим разъяснить возможно ли заменить муфту кабельную EPKJ-36C/1XU-3SB 35кВ S185-400 на муфту TRAJ-42/1x120-240-3HL?
Кабельная муфта EPKJ-36C/1XU-3SB 35кВ S185-400 снята с производства.</ns2:requestSubjectInfo>
                <ns2:requestDate>2017-03-17T10:35:13</ns2:requestDate>
                <ns2:status>P</ns2:status>
                <ns2:creationDate>2017-03-17T14:57:56</ns2:creationDate>
                <ns2:modificationDate>2017-03-17T14:58:30</ns2:modificationDate>
                <ns2:decisionDate>2017-03-17T12:57:56</ns2:decisionDate>
                <ns2:publishDate>2017-03-17T14:58:30</ns2:publishDate>
                <ns2:attachments>
                    <totalDocumentsCount>2</totalDocumentsCount>
                    <document>
                        <guid>f09f7288-5e2e-dc4d-1088-1ef63c7c7152</guid>
                        <createDateTime>2017-03-17T12:57:51</createDateTime>
                        <fileName>ответ_на_запрос_разъяснений.docx</fileName>
                        <description>ответ_на_запрос_разъяснений.docx</description>
                        <url>http://zakupki.gov.ru/223/purchase/public/download/download.html?id=30140714</url>
                    </document>
                    <document>
                        <guid>c586c64c-280c-0817-07ce-ab7f3383f59f</guid>
                        <createDateTime>2017-03-17T10:35:02</createDateTime>
                        <fileName>Запрос_на_разъяснение_документации_к_процедуре[8].rtf</fileName>
                        <description>Запрос_на_разъяснение_документации_к_процедуре[8].rtf</description>
                        <url>http://zakupki.gov.ru/223/purchase/public/download/download.html?id=30140715</url>
                    </document>
                </ns2:attachments>
                <ns2:purchaseRegNum>31704894747</ns2:purchaseRegNum>
                <ns2:purchaseMethodCode>2911</ns2:purchaseMethodCode>
                <ns2:purchaseMethodName>открытый запрос цен</ns2:purchaseMethodName>
                <ns2:purchaseName>право заключения договора на поставку кабельных муфт до 35 кВ для аварийного резерва филиала ОАО «МРСК Урала» - «Пермэнерго» в 1 квартале 2017 г.</ns2:purchaseName>
                <ns2:placer>
                    <mainInfo>
                        <fullName>Открытое акционерное общество "Межрегиональная распределительная сетевая компания Урала"</fullName>
                        <shortName>ОАО "МРСК Урала"</shortName>
                        <iko>56671163413667201001</iko>
                        <inn>6671163413</inn>
                        <kpp>667201001</kpp>
                        <ogrn>1056604000970</ogrn>
                        <legalAddress>620026, Свердловская, Екатеринбург, Мамина-Сибиряка, дом 140</legalAddress>
                        <postalAddress>620026, Свердловская область, Екатеринбург, Мамина-Сибиряка, дом 140 </postalAddress>
                        <phone>7-343-2152600</phone>
                        <fax>7-343-2152661</fax>
                        <email>mrsk@mrsk-ural.ru</email>
                        <okato>65401000000</okato>
                        <okpo>76507836</okpo>
                    </mainInfo>
                </ns2:placer>
                <ns2:emergency>false</ns2:emergency>
            </ns2:explanationData>
        </ns2:item>
    </ns2:body>
</ns2:explanation>
