<?xml version="1.0" encoding="UTF-8" standalone="yes"?>
<ns2:explanation xsi:schemaLocation="http://zakupki.gov.ru/223/integration/schema/TFF-5.2 http://zakupki.gov.ru/223/integration/schema/TFF-5.2/purchase.xsd" xmlns="http://zakupki.gov.ru/223fz/types/1" xmlns:ns10="http://zakupki.gov.ru/223fz/purchasePlan/1" xmlns:ns11="http://zakupki.gov.ru/223fz/purchasePlanProject/1" xmlns:ns12="http://zakupki.gov.ru/223fz/purchasePlanProjectAdditionalPosition/1" xmlns:ns13="http://zakupki.gov.ru/223fz/contract/1" xmlns:ns14="http://zakupki.gov.ru/223fz/missedNotice/1" xmlns:ns15="http://zakupki.gov.ru/223fz/reference/1" xmlns:ns16="http://zakupki.gov.ru/223fz/stopCommodity/1" xmlns:ns17="http://zakupki.gov.ru/223fz/decisionSuspension/1" xmlns:ns18="http://zakupki.gov.ru/223fz/purchasePlanAdditionalPosition/1" xmlns:ns19="http://zakupki.gov.ru/223fz/webRequest/1" xmlns:ns2="http://zakupki.gov.ru/223fz/purchase/1" xmlns:xsi="http://www.w3.org/2001/XMLSchema-instance" xmlns:ns3="http://zakupki.gov.ru/223fz/dishonestSupplier/1" xmlns:ns4="http://zakupki.gov.ru/223fz/machineryListInfo/1" xmlns:ns5="http://zakupki.gov.ru/223fz/revenue/1" xmlns:ns6="http://zakupki.gov.ru/223fz/orderClauseList/1" xmlns:ns7="http://zakupki.gov.ru/223fz/disagreementProtocol/1" xmlns:ns8="http://zakupki.gov.ru/223fz/complaint/1" xmlns:ns9="http://zakupki.gov.ru/223fz/notificationIssue/1">
    <header>
        <guid>8843048d-48b1-42b5-813a-46278f604ca6</guid>
        <createDateTime>2017-03-17T06:23:37</createDateTime>
    </header>
    <ns2:body>
        <ns2:item>
            <guid>a9a6f85c-0684-2518-c1d9-8e7a41f65b97</guid>
            <ns2:explanationData>
                <ns2:guid>a9a6f85c-0684-2518-c1d9-8e7a41f65b97</ns2:guid>
                <ns2:urlOOS>https://zakupki.gov.ru/223/purchase/private/purchase/explanation/details.html?explanationId=305031</ns2:urlOOS>
                <ns2:description>Ответ:
Согласно п.2.f.(i) Соглашения о регистрации Enterprise (через торгового посредника) “Зарегистрированное аффилированное лицо должно отправлять ежегодный сверочный заказ, в котором учтены изменения с момента первоначального заказа или последнего сверочного заказа, в том числе: любое увеличение количества Лицензий…” и п.2.e.(i) “Дополнительные Лицензии на заказанные ранее Продукты необходимо включить в следующий сверочный заказ”.
Указанное в техническом задании к Лоту №1 конкурса, программное обеспечение приобретается в рамках сверочного заказа в соответствии с п.2.f(i) Соглашения о регистрации Enterprise (через торгового посредника) как Дополнительные Лицензии на заказанные ранее Продукты. 
В техническом задании указаны Артикулы и Наименования Продуктов в соответствии с Артикулами и Наименованиями продуктов в действующем контракте Enterprise Agreement для приобретения Дополнительных Лицензий. 
Согласно п.1 Соглашения о регистрации Enterprise (через торгового посредника) «Базовый продукт» означает любую Платформу для настольных компьютеров, которую Microsoft определяет как Базовый продукт в Списке продуктов и которую Зарегистрированное аффилированное лицо выбирает в рамках данного Соглашения о регистрации. Базовые продукты должны лицензироваться для всех Соответствующих устройств и Соответствующих пользователей по данной программе только в масштабах Предприятия в целом.
Указание иных Артикулов и Наименований недопустимо так как участие в программе корпоративного лицензирования Enterprise Agreement требует лицензирования базовых продуктов на всех используемых соответствующих устройствах. Поэтому все лицензии базовых продуктов должны приобретаться исключительно в рамках действующего соглашения.
</ns2:description>
                <ns2:requestSubjectInfo>в соответствии с приложенным файлом-запрос №1
Уважаемый заказчик, в техническом задании к Лоту №1 указана следующая Спецификация:
 
Артикул	Производитель	Наименование	Кол-во
W06-01063	Microsoft, True_Up 3 год	CoreCAL ALNG LicSAPk MVL Pltfrm DvcCAL	380
269-12445	Microsoft, True_Up 3 год	OfficeProPlus ALNG LicSAPk MVL Pltfrm	380
K4U-00266	Microsoft, True_Up 3 год	WinProw/MDOP ALNG UpgrdSAPk MVL Pltfrm	380
FUD-00936	Microsoft, True_Up 3 год	CISDataCtr ALNG LicSAPk MVL 2Proc 	3
 
Указанные артикулы, данные в колонке «Производитель», а также наименование продукта «WinProw/MDOP ALNG UpgrdSAPk MVL Pltfrm» ограничивают конкуренцию.
Программное обеспечение с указанными показателями имеет возможность произвести поставку только одна компания. По информации от Правообладателя – компании Microsoft, только ваш текущий торговый посредник имеет возможность выполнить условия Договора. 
Просьба внести изменения в Документацию, позволяющие поставить продукт, который будет идентичен указанному, и полностью соответствующий вашим потребностям без парт-номеров и без указания на конкретное наименование.
Мы и другие поставщики  имеют  возможность произвести поставку аналогичного ПО. Частично с другим наименованием и артикулами.
В случае, если наши замечания не будут учтены мы будем вынуждены обратиться за защитой своих интересов в соответствующее подразделение антимонопольной службы. 
</ns2:requestSubjectInfo>
                <ns2:requestDate>2017-03-14T17:13:24</ns2:requestDate>
                <ns2:status>P</ns2:status>
                <ns2:creationDate>2017-03-16T15:03:33</ns2:creationDate>
                <ns2:modificationDate>2017-03-17T08:23:37</ns2:modificationDate>
                <ns2:decisionDate>2017-03-16T13:03:33</ns2:decisionDate>
                <ns2:publishDate>2017-03-17T08:23:37</ns2:publishDate>
                <ns2:attachments>
                    <totalDocumentsCount>1</totalDocumentsCount>
                    <document>
                        <guid>d25496fb-a956-8227-cbb7-2b6a38688c01</guid>
                        <createDateTime>2017-03-16T13:03:21</createDateTime>
                        <fileName>Ответ_на_запрос.docx</fileName>
                        <description>Ответ_на_запрос.docx</description>
                        <url>http://zakupki.gov.ru/223/purchase/public/download/download.html?id=30105232</url>
                    </document>
                </ns2:attachments>
                <ns2:purchaseRegNum>31704837972</ns2:purchaseRegNum>
                <ns2:purchaseMethodCode>30541</ns2:purchaseMethodCode>
                <ns2:purchaseMethodName>Аукцион</ns2:purchaseMethodName>
                <ns2:purchaseName>О проведении аукциона на право заключения договора по передаче неисключительных прав на использование программных продуктов Microsoft в рамках соглашения «Enterprise Agreement»</ns2:purchaseName>
                <ns2:placer>
                    <mainInfo>
                        <fullName>АКЦИОНЕРНОЕ ОБЩЕСТВО "ОПЫТНОЕ КОНСТРУКТОРСКОЕ БЮРО "НОВАТОР"</fullName>
                        <shortName>АО "ОКБ "НОВАТОР"</shortName>
                        <iko>66673092045667301001</iko>
                        <inn>6673092045</inn>
                        <kpp>667301001</kpp>
                        <ogrn>1026605611339</ogrn>
                        <legalAddress>620017, обл СВЕРДЛОВСКАЯ, г ЕКАТЕРИНБУРГ, пр-кт КОСМОНАВТОВ, дом 18</legalAddress>
                        <postalAddress>620017, г. Екатеринбург, пр. Космонавтов, 18</postalAddress>
                        <phone>7-343-2641072</phone>
                        <fax>7-343-2641300</fax>
                        <email>main@okb-novator.ru</email>
                        <okato>65401385000</okato>
                        <okpo>07546512</okpo>
                    </mainInfo>
                </ns2:placer>
                <ns2:emergency>false</ns2:emergency>
            </ns2:explanationData>
        </ns2:item>
    </ns2:body>
</ns2:explanation>
