<?xml version="1.0" encoding="UTF-8" standalone="yes"?>
<ns2:explanation xsi:schemaLocation="http://zakupki.gov.ru/223/integration/schema/TFF-5.2 http://zakupki.gov.ru/223/integration/schema/TFF-5.2/purchase.xsd" xmlns="http://zakupki.gov.ru/223fz/types/1" xmlns:ns10="http://zakupki.gov.ru/223fz/purchasePlan/1" xmlns:ns11="http://zakupki.gov.ru/223fz/purchasePlanProject/1" xmlns:ns12="http://zakupki.gov.ru/223fz/purchasePlanProjectAdditionalPosition/1" xmlns:ns13="http://zakupki.gov.ru/223fz/contract/1" xmlns:ns14="http://zakupki.gov.ru/223fz/missedNotice/1" xmlns:ns15="http://zakupki.gov.ru/223fz/reference/1" xmlns:ns16="http://zakupki.gov.ru/223fz/stopCommodity/1" xmlns:ns17="http://zakupki.gov.ru/223fz/decisionSuspension/1" xmlns:ns18="http://zakupki.gov.ru/223fz/purchasePlanAdditionalPosition/1" xmlns:ns19="http://zakupki.gov.ru/223fz/webRequest/1" xmlns:ns2="http://zakupki.gov.ru/223fz/purchase/1" xmlns:xsi="http://www.w3.org/2001/XMLSchema-instance" xmlns:ns3="http://zakupki.gov.ru/223fz/dishonestSupplier/1" xmlns:ns4="http://zakupki.gov.ru/223fz/machineryListInfo/1" xmlns:ns5="http://zakupki.gov.ru/223fz/revenue/1" xmlns:ns6="http://zakupki.gov.ru/223fz/orderClauseList/1" xmlns:ns7="http://zakupki.gov.ru/223fz/disagreementProtocol/1" xmlns:ns8="http://zakupki.gov.ru/223fz/complaint/1" xmlns:ns9="http://zakupki.gov.ru/223fz/notificationIssue/1">
    <header>
        <guid>66f10b49-c21e-4504-8f44-611856bf8215</guid>
        <createDateTime>2017-03-17T14:53:53</createDateTime>
    </header>
    <ns2:body>
        <ns2:item>
            <guid>4e83f4de-dbf2-4737-9294-1e7c526eccda</guid>
            <ns2:explanationData>
                <ns2:guid>4e83f4de-dbf2-4737-9294-1e7c526eccda</ns2:guid>
                <ns2:urlOOS>https://zakupki.gov.ru/223/purchase/private/purchase/explanation/details.html?explanationId=305722</ns2:urlOOS>
                <ns2:description>Прошу рассмотреть возможность поставки ДСП размером 2050*1830*16 при условии поставки требуемого объема в соответствии с ТЗ. Поскольку ДСП размером 3060*1830 не производят.</ns2:description>
                <ns2:requestSubjectInfo>Поставка плит ДСП форматом 2050 х 1830 мм недопустим.
Приобретаемый товар используется при крупногабаритных мебельных деталей. Формат используемых листов выбран исходя из максимально возможного раскроя элементов с минимальным размером (площадью) неиспользуемых остатков листов.
Использование в производстве плит формата 2050х1830 мм влечет увеличение площади неиспользуемых остатков (обрези) и увеличение затрат на изготовление продукции. 
</ns2:requestSubjectInfo>
                <ns2:requestDate>2017-03-17T11:48:18</ns2:requestDate>
                <ns2:status>P</ns2:status>
                <ns2:creationDate>2017-03-17T13:48:18</ns2:creationDate>
                <ns2:modificationDate>2017-03-17T16:53:53</ns2:modificationDate>
                <ns2:decisionDate>2017-03-17T14:51:37</ns2:decisionDate>
                <ns2:publishDate>2017-03-17T16:53:53</ns2:publishDate>
                <ns2:attachments>
                    <totalDocumentsCount>1</totalDocumentsCount>
                    <document>
                        <guid>c692cda3-5fdd-4f85-aa87-9ac315423ecb</guid>
                        <createDateTime>2017-03-17T14:51:03</createDateTime>
                        <fileName>Ответ на разъяснение документации.pdf</fileName>
                        <description>Ответ на разъяснение документации</description>
                        <url>http://zakupki.gov.ru/223/purchase/public/download/download.html?id=30147234</url>
                    </document>
                </ns2:attachments>
                <ns2:purchaseRegNum>31704894537</ns2:purchaseRegNum>
                <ns2:purchaseMethodCode>109858</ns2:purchaseMethodCode>
                <ns2:purchaseMethodName>Запрос котировок в электронной форме</ns2:purchaseMethodName>
                <ns2:purchaseName>Поставка древесно-стружечных плит </ns2:purchaseName>
                <ns2:placer>
                    <mainInfo>
                        <fullName>ОБЩЕСТВО С ОГРАНИЧЕННОЙ ОТВЕТСТВЕННОСТЬЮ "ЭТП"</fullName>
                        <shortName>ООО "ЭТП"</shortName>
                        <iko>51655218458165501001</iko>
                        <inn>1655218458</inn>
                        <kpp>165501001</kpp>
                        <ogrn>1111690052099</ogrn>
                        <legalAddress>420097, РЕСП ТАТАРСТАН, Г КАЗАНЬ, УЛ ДОСТОЕВСКОГО, дом 66</legalAddress>
                        <postalAddress>420097, Казань Город, Достоевского Улица, 66</postalAddress>
                        <phone>8-800-7000369</phone>
                        <email>funky-b@inbox.ru</email>
                        <okato>92401367000</okato>
                        <okpo>92272054</okpo>
                    </mainInfo>
                </ns2:placer>
                <ns2:emergency>false</ns2:emergency>
            </ns2:explanationData>
        </ns2:item>
    </ns2:body>
</ns2:explanation>
