<?xml version="1.0" encoding="UTF-8" standalone="yes"?>
<ns2:explanation xsi:schemaLocation="http://zakupki.gov.ru/223/integration/schema/TFF-5.2 http://zakupki.gov.ru/223/integration/schema/TFF-5.2/purchase.xsd" xmlns="http://zakupki.gov.ru/223fz/types/1" xmlns:ns10="http://zakupki.gov.ru/223fz/purchasePlan/1" xmlns:ns11="http://zakupki.gov.ru/223fz/purchasePlanProject/1" xmlns:ns12="http://zakupki.gov.ru/223fz/purchasePlanProjectAdditionalPosition/1" xmlns:ns13="http://zakupki.gov.ru/223fz/contract/1" xmlns:ns14="http://zakupki.gov.ru/223fz/missedNotice/1" xmlns:ns15="http://zakupki.gov.ru/223fz/reference/1" xmlns:ns16="http://zakupki.gov.ru/223fz/stopCommodity/1" xmlns:ns17="http://zakupki.gov.ru/223fz/decisionSuspension/1" xmlns:ns18="http://zakupki.gov.ru/223fz/purchasePlanAdditionalPosition/1" xmlns:ns19="http://zakupki.gov.ru/223fz/webRequest/1" xmlns:ns2="http://zakupki.gov.ru/223fz/purchase/1" xmlns:xsi="http://www.w3.org/2001/XMLSchema-instance" xmlns:ns3="http://zakupki.gov.ru/223fz/dishonestSupplier/1" xmlns:ns4="http://zakupki.gov.ru/223fz/machineryListInfo/1" xmlns:ns5="http://zakupki.gov.ru/223fz/revenue/1" xmlns:ns6="http://zakupki.gov.ru/223fz/orderClauseList/1" xmlns:ns7="http://zakupki.gov.ru/223fz/disagreementProtocol/1" xmlns:ns8="http://zakupki.gov.ru/223fz/complaint/1" xmlns:ns9="http://zakupki.gov.ru/223fz/notificationIssue/1">
    <header>
        <guid>554e8533-8dda-4e5c-afee-4416ccb4c5f8</guid>
        <createDateTime>2017-03-17T08:36:15</createDateTime>
    </header>
    <ns2:body>
        <ns2:item>
            <guid>a9898519-6231-0040-0000-58cb75a65ada</guid>
            <ns2:explanationData>
                <ns2:guid>a9898519-6231-0040-0000-58cb75a65ada</ns2:guid>
                <ns2:urlOOS>https://zakupki.gov.ru/223/purchase/private/purchase/explanation/details.html?explanationId=305359</ns2:urlOOS>
                <ns2:description>Разъяснения от 13.03.2017 07:05</ns2:description>
                <ns2:requestSubjectInfo>Запрос:
Добрый день!
Пункт 2.7.4.1 документации указывает на недопустимость сущестенно заниженной цены заявки. В данном случае, под ценой заявки подразумевается сумма единичных расценок нормо-часов, т.к согласно п. 2.3.7.1 цена лота (договора) НЕИЗМЕННАЯ!
Уровень начальной (максимальной) цены, согласно п. 2.7.4.1 должен быть определен Заказчиком. Предположительно, это должны быть какие то среднерыночные расценки нормо-часов существующие в Уральском регионе по видам работ,  согласно указанного в Тех. задании парка атомобилей. Вопрос: где именно в документации регламентируется данная начальная цена заявки? Если ее нет, просьба указать, согласно текста п. 2.7.4.1.
Спасибо!

Разъяснения:
Добрый день!
Пункт 2.7.4.1 ТОМ 1 Документации относится именно к снижению начальной (максимально) цены договора. В данной закупке цена договора остается неизменной.
При этом, количество услуг определяется исходя из предельной цены Договора и цены за единицу  стоимости норма-часов соответствующих видов работ. Т.е. Договором будет считаться не отдельная заявка Заказчика, а основной Договор «с открытыми условиями».
 В течение установленного в Договоре срока Заказчик будет «выбирать» услуги постепенно, (по заявкам), ограничивая объем услуг исключительно предельной ценой Договора. </ns2:requestSubjectInfo>
                <ns2:requestDate>2017-03-13T09:05:24</ns2:requestDate>
                <ns2:status>P</ns2:status>
                <ns2:creationDate>2017-03-17T12:35:01</ns2:creationDate>
                <ns2:modificationDate>2017-03-17T10:36:15</ns2:modificationDate>
                <ns2:decisionDate>2017-03-17T10:34:54</ns2:decisionDate>
                <ns2:publishDate>2017-03-17T10:36:15</ns2:publishDate>
                <ns2:attachments>
                    <totalDocumentsCount>1</totalDocumentsCount>
                    <document>
                        <guid>a9898519-6231-0040-0000-58cb75a65ada</guid>
                        <createDateTime>2017-03-13T09:05:24</createDateTime>
                        <fileName>текст разъяснения.doc</fileName>
                        <description>текст разъяснения.doc</description>
                        <url>http://zakupki.gov.ru/223/purchase/public/download/download.html?id=30126783</url>
                    </document>
                </ns2:attachments>
                <ns2:purchaseRegNum>31704837606</ns2:purchaseRegNum>
                <ns2:purchaseMethodCode>2910</ns2:purchaseMethodCode>
                <ns2:purchaseMethodName>открытый запрос предложений</ns2:purchaseMethodName>
                <ns2:purchaseName>право заключения договора на оказание услуг по техническому обслуживанию и ремонту грузовых, легковых автомобилей, тракторов и специальной техники, их узлов и агрегатов филиала ОАО «МРСК Урала» - «Пермэнерго» в 2017 г. (787034)</ns2:purchaseName>
                <ns2:placer>
                    <mainInfo>
                        <fullName>Открытое акционерное общество "Межрегиональная распределительная сетевая компания Урала"</fullName>
                        <shortName>ОАО "МРСК Урала"</shortName>
                        <iko>56671163413667201001</iko>
                        <inn>6671163413</inn>
                        <kpp>667201001</kpp>
                        <ogrn>1056604000970</ogrn>
                        <legalAddress>620026, Свердловская, Екатеринбург, Мамина-Сибиряка, дом 140</legalAddress>
                        <postalAddress>620026, Свердловская область, Екатеринбург, Мамина-Сибиряка, дом 140 </postalAddress>
                        <phone>7-343-2152600</phone>
                        <fax>7-343-2152661</fax>
                        <email>mrsk@mrsk-ural.ru</email>
                        <okato>65401000000</okato>
                        <okpo>76507836</okpo>
                    </mainInfo>
                </ns2:placer>
                <ns2:emergency>false</ns2:emergency>
            </ns2:explanationData>
        </ns2:item>
    </ns2:body>
</ns2:explanation>
