<?xml version="1.0" encoding="UTF-8" standalone="yes"?>
<ns2:explanation xsi:schemaLocation="http://zakupki.gov.ru/223/integration/schema/TFF-5.2 http://zakupki.gov.ru/223/integration/schema/TFF-5.2/purchase.xsd" xmlns="http://zakupki.gov.ru/223fz/types/1" xmlns:ns10="http://zakupki.gov.ru/223fz/purchasePlan/1" xmlns:ns11="http://zakupki.gov.ru/223fz/purchasePlanProject/1" xmlns:ns12="http://zakupki.gov.ru/223fz/purchasePlanProjectAdditionalPosition/1" xmlns:ns13="http://zakupki.gov.ru/223fz/contract/1" xmlns:ns14="http://zakupki.gov.ru/223fz/missedNotice/1" xmlns:ns15="http://zakupki.gov.ru/223fz/reference/1" xmlns:ns16="http://zakupki.gov.ru/223fz/stopCommodity/1" xmlns:ns17="http://zakupki.gov.ru/223fz/decisionSuspension/1" xmlns:ns18="http://zakupki.gov.ru/223fz/purchasePlanAdditionalPosition/1" xmlns:ns19="http://zakupki.gov.ru/223fz/webRequest/1" xmlns:ns2="http://zakupki.gov.ru/223fz/purchase/1" xmlns:xsi="http://www.w3.org/2001/XMLSchema-instance" xmlns:ns3="http://zakupki.gov.ru/223fz/dishonestSupplier/1" xmlns:ns4="http://zakupki.gov.ru/223fz/machineryListInfo/1" xmlns:ns5="http://zakupki.gov.ru/223fz/revenue/1" xmlns:ns6="http://zakupki.gov.ru/223fz/orderClauseList/1" xmlns:ns7="http://zakupki.gov.ru/223fz/disagreementProtocol/1" xmlns:ns8="http://zakupki.gov.ru/223fz/complaint/1" xmlns:ns9="http://zakupki.gov.ru/223fz/notificationIssue/1">
    <header>
        <guid>668f48ea-a255-4b17-b90a-f59315d47aa6</guid>
        <createDateTime>2017-03-17T14:07:41</createDateTime>
    </header>
    <ns2:body>
        <ns2:item>
            <guid>a9898519-7202-0040-0000-58cbc107ef3a</guid>
            <ns2:explanationData>
                <ns2:guid>a9898519-7202-0040-0000-58cbc107ef3a</ns2:guid>
                <ns2:urlOOS>https://zakupki.gov.ru/223/purchase/private/purchase/explanation/details.html?explanationId=305645</ns2:urlOOS>
                <ns2:description>Разъяснения от 15.03.2017 18:14</ns2:description>
                <ns2:requestSubjectInfo>Запрос:
Добрый день!
Просим проверить верность указания актуальных артикулов по каталогам производителя Nachreiner следующих позиций Лота №2, а также привести ссылки или выдержку страниц из каталога этих позиций:
П.25 Фреза кон 14,00*65*150 мм  (Х.76.26174.1306.0017)
П.79 Фреза концевая HSSЕ DIN 844L 40° z=3 12.0*53*110 мм (Е.9670.0.1200)
П.80 Фреза кон z=4 BlueCut CR1,0 4,00*11*57 мм  Х.76.26174.1307.0021
П.81 Фреза кон z=4 BlueCut CR1,5 4,00*11*57 мм  Х.76.26174.1307.0022
П.82 Фреза кон z=4 BlueCut CR2,0 4,00*11*57 мм  Х.76.26174.1307.0023
П.83 Фреза кон BlueCut CR1,0  6,00*13*57 мм  Х.76.26174.1307.0024
П.84 Фреза кон z=4 BlueCut 6,00*13*57 мм CR1,5  Х.76.26174.1307.0025
П.85 Фреза кон z=4 BlueCut CR2.0 6,00*13*57 мм  Х.76.26174.1307.0026
П.86 Фреза кон z=4 BlueCut CR3.0 6,00*13*57 мм  Х.76.26174.1307.0027
П.91 Фреза концевая HSSЕ DIN 844L 40° z=3 8.0*38*88 мм (Е.9670.0.0800)

Разъяснения:
Добрый день!
Позиции:
П.79 Фреза концевая HSSЕ DIN 844L 40° z=3 12.0*53*110 мм (Е.9670.0.1200)
П.91Фреза концевая HSSЕ DIN 844L 40° z=3 8.0*38*88 мм (Е.9670.0.0800)
артикулы взяты из каталога «Nachreiner» 2012г., каталог запрашивается напрямую у производителя.
Позиции:
П.25 Фреза кон 14,00*65*150 мм (Х.76.26174.1306.0017)
П.80 Фреза кон z=4 BlueCut CR1,0 4,00*11*57 мм Х.76.26174.1307.0021
П.81 Фреза кон z=4 BlueCut CR1,5 4,00*11*57 мм Х.76.26174.1307.0022
П.82 Фреза кон z=4 BlueCut CR2,0 4,00*11*57 мм Х.76.26174.1307.0023
П.83 Фреза кон BlueCut CR1,0 6,00*13*57 мм Х.76.26174.1307.0024
П.84 Фреза кон z=4 BlueCut 6,00*13*57 мм CR1,5 Х.76.26174.1307.0025
П.85 Фреза кон z=4 BlueCut CR2.0 6,00*13*57 мм Х.76.26174.1307.0026
П.86 Фреза кон z=4 BlueCut CR3.0 6,00*13*57 мм Х.76.26174.1307.0027
разрабатываются согласно технического задания заказчика по чертежам завода производителя «Nachreiner», в каталоге данные позиции отсутствуют.</ns2:requestSubjectInfo>
                <ns2:requestDate>2017-03-15T20:14:05</ns2:requestDate>
                <ns2:status>P</ns2:status>
                <ns2:creationDate>2017-03-17T17:57:01</ns2:creationDate>
                <ns2:modificationDate>2017-03-17T16:07:41</ns2:modificationDate>
                <ns2:decisionDate>2017-03-17T15:54:33</ns2:decisionDate>
                <ns2:publishDate>2017-03-17T16:07:41</ns2:publishDate>
                <ns2:attachments>
                    <totalDocumentsCount>2</totalDocumentsCount>
                    <document>
                        <guid>a9898519-7202-0040-0000-58cbc107ef3a</guid>
                        <createDateTime>2017-03-15T20:14:05</createDateTime>
                        <fileName>текст разъяснения.doc</fileName>
                        <description>текст разъяснения.doc</description>
                        <url>http://zakupki.gov.ru/223/purchase/public/download/download.html?id=30143566</url>
                    </document>
                    <document>
                        <guid>a9898519-7202-0040-0001-58cbc107ef3a</guid>
                        <createDateTime>2017-03-17T15:54:31</createDateTime>
                        <fileName>Ответ.pdf</fileName>
                        <description>Ответ.pdf</description>
                        <url>http://zakupki.gov.ru/223/purchase/public/download/download.html?id=30143567</url>
                    </document>
                </ns2:attachments>
                <ns2:purchaseRegNum>31704875742</ns2:purchaseRegNum>
                <ns2:purchaseMethodCode>16176</ns2:purchaseMethodCode>
                <ns2:purchaseMethodName>Запрос цен в электронной форме</ns2:purchaseMethodName>
                <ns2:purchaseName>Приобретение инструмента  для нужд АО «Уральская большегрузная техника - Уралвагонзавод» (792565)</ns2:purchaseName>
                <ns2:placer>
                    <mainInfo>
                        <fullName>АКЦИОНЕРНОЕ ОБЩЕСТВО  "УРАЛЬСКАЯ БОЛЬШЕГРУЗНАЯ ТЕХНИКА-УРАЛВАГОНЗАВОД"</fullName>
                        <shortName>АО "УБТ-УРАЛВАГОНЗАВОД"</shortName>
                        <iko>66623009965662301001</iko>
                        <inn>6623009965</inn>
                        <kpp>662301001</kpp>
                        <ogrn>1026601370267</ogrn>
                        <legalAddress>622018, ОБЛ СВЕРДЛОВСКАЯ, Г НИЖНИЙ ТАГИЛ, УЛ ЮНОСТИ, дом 10</legalAddress>
                        <postalAddress>622018, Свердловская, Нижний Тагил, Юности, дом 10</postalAddress>
                        <phone>7-3435-377407</phone>
                        <fax>7-3435-377408</fax>
                        <email>zakupki.ubt-uvz@mail.ru</email>
                        <okato>65476370000</okato>
                        <okpo>59269252</okpo>
                    </mainInfo>
                </ns2:placer>
                <ns2:emergency>false</ns2:emergency>
            </ns2:explanationData>
        </ns2:item>
    </ns2:body>
</ns2:explanation>
