<?xml version="1.0" encoding="UTF-8" standalone="yes"?>
<ns2:explanation xsi:schemaLocation="http://zakupki.gov.ru/223/integration/schema/TFF-5.2 http://zakupki.gov.ru/223/integration/schema/TFF-5.2/purchase.xsd" xmlns="http://zakupki.gov.ru/223fz/types/1" xmlns:ns10="http://zakupki.gov.ru/223fz/purchasePlan/1" xmlns:ns11="http://zakupki.gov.ru/223fz/purchasePlanProject/1" xmlns:ns12="http://zakupki.gov.ru/223fz/purchasePlanProjectAdditionalPosition/1" xmlns:ns13="http://zakupki.gov.ru/223fz/contract/1" xmlns:ns14="http://zakupki.gov.ru/223fz/missedNotice/1" xmlns:ns15="http://zakupki.gov.ru/223fz/reference/1" xmlns:ns16="http://zakupki.gov.ru/223fz/stopCommodity/1" xmlns:ns17="http://zakupki.gov.ru/223fz/decisionSuspension/1" xmlns:ns18="http://zakupki.gov.ru/223fz/purchasePlanAdditionalPosition/1" xmlns:ns19="http://zakupki.gov.ru/223fz/webRequest/1" xmlns:ns2="http://zakupki.gov.ru/223fz/purchase/1" xmlns:xsi="http://www.w3.org/2001/XMLSchema-instance" xmlns:ns3="http://zakupki.gov.ru/223fz/dishonestSupplier/1" xmlns:ns4="http://zakupki.gov.ru/223fz/machineryListInfo/1" xmlns:ns5="http://zakupki.gov.ru/223fz/revenue/1" xmlns:ns6="http://zakupki.gov.ru/223fz/orderClauseList/1" xmlns:ns7="http://zakupki.gov.ru/223fz/disagreementProtocol/1" xmlns:ns8="http://zakupki.gov.ru/223fz/complaint/1" xmlns:ns9="http://zakupki.gov.ru/223fz/notificationIssue/1">
    <header>
        <guid>93440d50-df23-4549-8a37-ed05334f9187</guid>
        <createDateTime>2017-03-17T15:55:56</createDateTime>
    </header>
    <ns2:body>
        <ns2:item>
            <guid>c9f1d464-e933-4f21-af56-864eda673f4f</guid>
            <ns2:explanationData>
                <ns2:guid>c9f1d464-e933-4f21-af56-864eda673f4f</ns2:guid>
                <ns2:urlOOS>https://zakupki.gov.ru/223/purchase/private/purchase/explanation/details.html?explanationId=305822</ns2:urlOOS>
                <ns2:description>Ответ на запрос 7402</ns2:description>
                <ns2:requestSubjectInfo>Добрый день, просьба уточнить точные наименование запрашиваемых масел, так как в технических характеристиках допущена ошибка, так же просьба указать возможность подачи  предложения  с эквивалентными маслами с аналогичными характеристиками.</ns2:requestSubjectInfo>
                <ns2:requestDate>2017-03-15T08:32:03</ns2:requestDate>
                <ns2:status>P</ns2:status>
                <ns2:creationDate>2017-03-17T19:55:38</ns2:creationDate>
                <ns2:modificationDate>2017-03-17T17:55:56</ns2:modificationDate>
                <ns2:decisionDate>2017-03-17T12:55:30</ns2:decisionDate>
                <ns2:publishDate>2017-03-17T17:55:56</ns2:publishDate>
                <ns2:attachments>
                    <totalDocumentsCount>1</totalDocumentsCount>
                    <document>
                        <guid>251f352d-dc5b-4cb6-829a-fb46349ce114</guid>
                        <createDateTime>2017-03-17T17:55:00</createDateTime>
                        <fileName>4 Ответ на запрос.docx</fileName>
                        <description>4 Ответ на запрос.docx</description>
                        <url>http://zakupki.gov.ru/223/purchase/public/download/download.html?id=30151731</url>
                    </document>
                </ns2:attachments>
                <ns2:purchaseRegNum>31704873816</ns2:purchaseRegNum>
                <ns2:purchaseMethodCode>44042</ns2:purchaseMethodCode>
                <ns2:purchaseMethodName>Запрос предложений в электронной форме</ns2:purchaseMethodName>
                <ns2:purchaseName>0321/2017 Поставка масел моторных</ns2:purchaseName>
                <ns2:placer>
                    <mainInfo>
                        <fullName>АКЦИОНЕРНОЕ ОБЩЕСТВО УПРАВЛЯЮЩАЯ КОМПАНИЯ "АЭРОПОРТЫ РЕГИОНОВ"</fullName>
                        <shortName>АО УК "АЭРОПОРТЫ РЕГИОНОВ"</shortName>
                        <iko>57705986635770501001</iko>
                        <inn>7705986635</inn>
                        <kpp>770501001</kpp>
                        <ogrn>1127746391629</ogrn>
                        <legalAddress>115054, г МОСКВА, ул ВАЛОВАЯ, дом ДОМ 26</legalAddress>
                        <postalAddress>115054, г. Москва, ул. Валовая, д. 26</postalAddress>
                        <phone>7-343-3453978</phone>
                        <fax>7-343-3453910</fax>
                        <email>e.chudnovskiy@ar-management.ru</email>
                        <okato>45286560000</okato>
                        <okpo>09812739</okpo>
                    </mainInfo>
                </ns2:placer>
                <ns2:emergency>false</ns2:emergency>
            </ns2:explanationData>
        </ns2:item>
    </ns2:body>
</ns2:explanation>
