<?xml version="1.0" encoding="UTF-8" standalone="yes"?>
<ns2:explanation xsi:schemaLocation="http://zakupki.gov.ru/223/integration/schema/TFF-5.2 http://zakupki.gov.ru/223/integration/schema/TFF-5.2/purchase.xsd" xmlns="http://zakupki.gov.ru/223fz/types/1" xmlns:ns10="http://zakupki.gov.ru/223fz/purchasePlan/1" xmlns:ns11="http://zakupki.gov.ru/223fz/purchasePlanProject/1" xmlns:ns12="http://zakupki.gov.ru/223fz/purchasePlanProjectAdditionalPosition/1" xmlns:ns13="http://zakupki.gov.ru/223fz/contract/1" xmlns:ns14="http://zakupki.gov.ru/223fz/missedNotice/1" xmlns:ns15="http://zakupki.gov.ru/223fz/reference/1" xmlns:ns16="http://zakupki.gov.ru/223fz/stopCommodity/1" xmlns:ns17="http://zakupki.gov.ru/223fz/decisionSuspension/1" xmlns:ns18="http://zakupki.gov.ru/223fz/purchasePlanAdditionalPosition/1" xmlns:ns19="http://zakupki.gov.ru/223fz/webRequest/1" xmlns:ns2="http://zakupki.gov.ru/223fz/purchase/1" xmlns:xsi="http://www.w3.org/2001/XMLSchema-instance" xmlns:ns3="http://zakupki.gov.ru/223fz/dishonestSupplier/1" xmlns:ns4="http://zakupki.gov.ru/223fz/machineryListInfo/1" xmlns:ns5="http://zakupki.gov.ru/223fz/revenue/1" xmlns:ns6="http://zakupki.gov.ru/223fz/orderClauseList/1" xmlns:ns7="http://zakupki.gov.ru/223fz/disagreementProtocol/1" xmlns:ns8="http://zakupki.gov.ru/223fz/complaint/1" xmlns:ns9="http://zakupki.gov.ru/223fz/notificationIssue/1">
    <header>
        <guid>56748b91-3fc4-43ba-961e-076d3d85e7de</guid>
        <createDateTime>2017-03-17T14:37:01</createDateTime>
    </header>
    <ns2:body>
        <ns2:item>
            <guid>a9c8d967-6a77-c069-ccba-6e32f0993167</guid>
            <ns2:explanationData>
                <ns2:guid>a9c8d967-6a77-c069-ccba-6e32f0993167</ns2:guid>
                <ns2:urlOOS>https://zakupki.gov.ru/223/purchase/private/purchase/explanation/details.html?explanationId=305701</ns2:urlOOS>
                <ns2:description>В ответ на Ваш запрос сообщаем, что все технические требования, установленные Организатором размещения заказа к предмету закупки , изложены в полном объеме в Разделе 7.1 закупочной документации – Техническое задание, в Разделе 10.6 закупочной документации - Техническое задание (Приложение №1 к проекту договора).</ns2:description>
                <ns2:requestSubjectInfo>Здравствуйте. В тендерной документации указана труба медная диметрами 1/4" и 3/8". Для монтажа сплит-системы MDV  напольно-потолочного типа MDUЕ-60HRN 1 трубы данного диаметра не подходят. Является ли это ошибкой в документации?</ns2:requestSubjectInfo>
                <ns2:requestDate>2017-03-14T14:01:22</ns2:requestDate>
                <ns2:status>P</ns2:status>
                <ns2:creationDate>2017-03-17T16:35:58</ns2:creationDate>
                <ns2:modificationDate>2017-03-17T16:37:01</ns2:modificationDate>
                <ns2:decisionDate>2017-03-17T14:35:58</ns2:decisionDate>
                <ns2:publishDate>2017-03-17T16:37:01</ns2:publishDate>
                <ns2:attachments>
                    <totalDocumentsCount>1</totalDocumentsCount>
                    <document>
                        <guid>61d2218e-e927-db7a-db27-267777f3206d</guid>
                        <createDateTime>2017-03-17T14:35:42</createDateTime>
                        <fileName>ответ_31704831366.docx</fileName>
                        <description>ответ_31704831366.docx</description>
                        <url>http://zakupki.gov.ru/223/purchase/public/download/download.html?id=30146151</url>
                    </document>
                </ns2:attachments>
                <ns2:purchaseRegNum>31704831366</ns2:purchaseRegNum>
                <ns2:purchaseMethodCode>3361</ns2:purchaseMethodCode>
                <ns2:purchaseMethodName>Открытый аукцион в электронной форме</ns2:purchaseMethodName>
                <ns2:purchaseName>Открытый аукцион в электронной форме на право заключения договора на монтаж сплит-систем кондиционирования воздуха в помещениях отдела 410 (приобретение, поставка, монтаж, пуско-наладочные работы) .</ns2:purchaseName>
                <ns2:placer>
                    <mainInfo>
                        <fullName>ПУБЛИЧНОЕ АКЦИОНЕРНОЕ ОБЩЕСТВО "МАШИНОСТРОИТЕЛЬНЫЙ ЗАВОД ИМЕНИ М.И.КАЛИНИНА, Г. ЕКАТЕРИНБУРГ"</fullName>
                        <shortName>ПАО "МЗИК"</shortName>
                        <iko>56663003800667301001</iko>
                        <inn>6663003800</inn>
                        <kpp>668601001</kpp>
                        <ogrn>1026605624451</ogrn>
                        <legalAddress>620017, ОБЛ СВЕРДЛОВСКАЯ, Г ЕКАТЕРИНБУРГ, ПР-КТ КОСМОНАВТОВ, дом 18</legalAddress>
                        <postalAddress>620000, Свердловская Область, Екатеринбург Город, дом 18</postalAddress>
                        <phone>7-343-3295064</phone>
                        <fax>7-343-3311796</fax>
                        <email>v_bunkov@mail.ru</email>
                        <okato>65401385000</okato>
                        <okpo>07509511</okpo>
                    </mainInfo>
                </ns2:placer>
                <ns2:emergency>false</ns2:emergency>
            </ns2:explanationData>
        </ns2:item>
    </ns2:body>
</ns2:explanation>
