<?xml version="1.0" encoding="UTF-8" standalone="yes"?>
<ns2:explanation xsi:schemaLocation="http://zakupki.gov.ru/223/integration/schema/TFF-5.2 http://zakupki.gov.ru/223/integration/schema/TFF-5.2/purchase.xsd" xmlns="http://zakupki.gov.ru/223fz/types/1" xmlns:ns10="http://zakupki.gov.ru/223fz/purchasePlan/1" xmlns:ns11="http://zakupki.gov.ru/223fz/purchasePlanProject/1" xmlns:ns12="http://zakupki.gov.ru/223fz/purchasePlanProjectAdditionalPosition/1" xmlns:ns13="http://zakupki.gov.ru/223fz/contract/1" xmlns:ns14="http://zakupki.gov.ru/223fz/missedNotice/1" xmlns:ns15="http://zakupki.gov.ru/223fz/reference/1" xmlns:ns16="http://zakupki.gov.ru/223fz/stopCommodity/1" xmlns:ns17="http://zakupki.gov.ru/223fz/decisionSuspension/1" xmlns:ns18="http://zakupki.gov.ru/223fz/purchasePlanAdditionalPosition/1" xmlns:ns19="http://zakupki.gov.ru/223fz/webRequest/1" xmlns:ns2="http://zakupki.gov.ru/223fz/purchase/1" xmlns:xsi="http://www.w3.org/2001/XMLSchema-instance" xmlns:ns3="http://zakupki.gov.ru/223fz/dishonestSupplier/1" xmlns:ns4="http://zakupki.gov.ru/223fz/machineryListInfo/1" xmlns:ns5="http://zakupki.gov.ru/223fz/revenue/1" xmlns:ns6="http://zakupki.gov.ru/223fz/orderClauseList/1" xmlns:ns7="http://zakupki.gov.ru/223fz/disagreementProtocol/1" xmlns:ns8="http://zakupki.gov.ru/223fz/complaint/1" xmlns:ns9="http://zakupki.gov.ru/223fz/notificationIssue/1">
    <header>
        <guid>0d459570-9078-48ec-921a-13b9ad8bc8ec</guid>
        <createDateTime>2017-03-17T09:26:38</createDateTime>
    </header>
    <ns2:body>
        <ns2:item>
            <guid>a1f55343-2441-abcb-1a76-cc48fffb739b</guid>
            <ns2:explanationData>
                <ns2:guid>a1f55343-2441-abcb-1a76-cc48fffb739b</ns2:guid>
                <ns2:urlOOS>https://zakupki.gov.ru/223/purchase/private/purchase/explanation/details.html?explanationId=305385</ns2:urlOOS>
                <ns2:description>Требования  к металлическому ограждению изложены в  пунктах 4.1-4.3 технического задания  и пунктах 1,2,3,5  таблицы «Сведения о функциональных характеристиках (потребительских свойствах) и качественных характеристиках товара», описана конструкция металлического ограждения  и основные конструктивные элементы ограждения –поручень, стойка , ригель, даны требуемые параметры диаметров элементов  и заполнения из закаленного стекла. Конструкция и схема  ограждения-  стандартная и должна соответствовать  требованиям СП 59.13330.2012. Свод правил. Доступность зданий и сооружений для маломобильных групп населения. Актуализированная редакция СНиП 35-01-2001» и  ГОСТ Р 51261-99 «Устройства опорные стационарные реабилитационные. Типы и технические требования»
Спецификация  на металлические ограждения  при необходимости составляется  Подрядчиком после проведения замеров и уточнения длин элементов  по месту установки ограждения.</ns2:description>
                <ns2:requestSubjectInfo>Добрый день. Алексей Александрович!
Можем мы получить спецификацию на металлические ограждения, схемы, требования?
С уважением, Ирина.</ns2:requestSubjectInfo>
                <ns2:requestDate>2017-03-16T11:59:21</ns2:requestDate>
                <ns2:status>P</ns2:status>
                <ns2:creationDate>2017-03-17T11:23:51</ns2:creationDate>
                <ns2:modificationDate>2017-03-17T11:26:38</ns2:modificationDate>
                <ns2:decisionDate>2017-03-17T09:23:51</ns2:decisionDate>
                <ns2:publishDate>2017-03-17T11:26:38</ns2:publishDate>
                <ns2:attachments>
                    <totalDocumentsCount>1</totalDocumentsCount>
                    <document>
                        <guid>1b5086d7-cb71-835a-8ce9-597dc2e6413a</guid>
                        <createDateTime>2017-03-17T09:23:48</createDateTime>
                        <fileName>разъяснение_1.docx</fileName>
                        <description>разъяснение_1.docx</description>
                        <url>http://zakupki.gov.ru/223/purchase/public/download/download.html?id=30128887</url>
                    </document>
                </ns2:attachments>
                <ns2:purchaseRegNum>31704885533</ns2:purchaseRegNum>
                <ns2:purchaseMethodCode>3361</ns2:purchaseMethodCode>
                <ns2:purchaseMethodName>Открытый аукцион в электронной форме</ns2:purchaseMethodName>
                <ns2:purchaseName>Выполнение работ по капитальному выборочному ремонту конструкции центральной лестницы и крыльца  главного входа здания учебного корпуса</ns2:purchaseName>
                <ns2:placer>
                    <mainInfo>
                        <fullName>ФЕДЕРАЛЬНОЕ ГОСУДАРСТВЕННОЕ БЮДЖЕТНОЕ ОБРАЗОВАТЕЛЬНОЕ УЧРЕЖДЕНИЕ ВЫСШЕГО ПРОФЕССИОНАЛЬНОГО ОБРАЗОВАНИЯ "УРАЛЬСКИЙ ГОСУДАРСТВЕННЫЙ УНИВЕРСИТЕТ ПУТЕЙ СООБЩЕНИЯ"</fullName>
                        <shortName>ФГБОУ ВПО УРГУПС, УРГУПС</shortName>
                        <iko>86659014366665901001</iko>
                        <inn>6659014366</inn>
                        <kpp>665901001</kpp>
                        <ogrn>1026602950065</ogrn>
                        <legalAddress>620034, обл СВЕРДЛОВСКАЯ, г ЕКАТЕРИНБУРГ, ул КОЛМОГОРОВА, дом 66</legalAddress>
                        <postalAddress>Колмогорова ул., д.66, г. Екатеринбург, 620034</postalAddress>
                        <phone>7-343-2212556</phone>
                        <email>goszakaz@usurt.ru</email>
                        <okato>65401000000</okato>
                        <okpo>01116035</okpo>
                    </mainInfo>
                </ns2:placer>
                <ns2:emergency>false</ns2:emergency>
            </ns2:explanationData>
        </ns2:item>
    </ns2:body>
</ns2:explanation>
