<?xml version="1.0" encoding="UTF-8" standalone="yes"?>
<ns2:explanation xsi:schemaLocation="http://zakupki.gov.ru/223/integration/schema/TFF-5.2 http://zakupki.gov.ru/223/integration/schema/TFF-5.2/purchase.xsd" xmlns="http://zakupki.gov.ru/223fz/types/1" xmlns:ns10="http://zakupki.gov.ru/223fz/purchasePlan/1" xmlns:ns11="http://zakupki.gov.ru/223fz/purchasePlanProject/1" xmlns:ns12="http://zakupki.gov.ru/223fz/purchasePlanProjectAdditionalPosition/1" xmlns:ns13="http://zakupki.gov.ru/223fz/contract/1" xmlns:ns14="http://zakupki.gov.ru/223fz/missedNotice/1" xmlns:ns15="http://zakupki.gov.ru/223fz/reference/1" xmlns:ns16="http://zakupki.gov.ru/223fz/stopCommodity/1" xmlns:ns17="http://zakupki.gov.ru/223fz/decisionSuspension/1" xmlns:ns18="http://zakupki.gov.ru/223fz/purchasePlanAdditionalPosition/1" xmlns:ns19="http://zakupki.gov.ru/223fz/webRequest/1" xmlns:ns2="http://zakupki.gov.ru/223fz/purchase/1" xmlns:xsi="http://www.w3.org/2001/XMLSchema-instance" xmlns:ns3="http://zakupki.gov.ru/223fz/dishonestSupplier/1" xmlns:ns4="http://zakupki.gov.ru/223fz/machineryListInfo/1" xmlns:ns5="http://zakupki.gov.ru/223fz/revenue/1" xmlns:ns6="http://zakupki.gov.ru/223fz/orderClauseList/1" xmlns:ns7="http://zakupki.gov.ru/223fz/disagreementProtocol/1" xmlns:ns8="http://zakupki.gov.ru/223fz/complaint/1" xmlns:ns9="http://zakupki.gov.ru/223fz/notificationIssue/1">
    <header>
        <guid>5233f090-4d60-4309-a7df-2e3a0c5cd393</guid>
        <createDateTime>2017-03-17T13:55:52</createDateTime>
    </header>
    <ns2:body>
        <ns2:item>
            <guid>b43257b2-eb49-3439-7a6e-5de0d00d4277</guid>
            <ns2:explanationData>
                <ns2:guid>b43257b2-eb49-3439-7a6e-5de0d00d4277</ns2:guid>
                <ns2:urlOOS>https://zakupki.gov.ru/223/purchase/private/purchase/explanation/details.html?explanationId=305634</ns2:urlOOS>
                <ns2:description>Добрый день! На ваш запрос, по номеру закупки 118/64-ЗКЦ Лот № 1 Сбор, использование, обезвреживание, транспортировка и утилизация отходов 3-4 класса опасности, поясняем:
- фильтры очистки масла автотранспортных средств отработанные собираются в металлической бочке емкостью 200 л, расположенной  на территории автотранспортного цеха;
- отходы минеральных масел индустриальных и компрессорных собираются в спецемкостях объемом 400 л, расположенных на площадях цехов;
- эмульсии и эмульсионные смеси для шлифовки металлов отработанные, содержащие масла или нефтепродукты в количестве менее 15% собираются в металлические спецемкости объемом 400 л и в полиэтиленовые еврокубы емкостью 1 м3, расположенные на площадях цехов.
Тара из подразделений не вывозится, требуется откачка отходов из емкостей.
Отходы собираются в разные емкости.



</ns2:description>
                <ns2:requestSubjectInfo>Здравствуйте.
Просим дать информацию о местах сбора оходов: Фильтры очистки масла автотранспортных средств отработанные 9 21 302 01 52 3, Отходы минеральных масел индустриальных  4 06 130 01 31 3, Отходы минеральных масел компрессорных 4 06 166 01 31 3, Эмульсии и эмульсионные смеси для шлифовки металлов отработанные, содержащие масла или нефтепродукты ву количестве менее 15 %  3 61 222 02 31 4 . В каком они виде и в какой таре?</ns2:requestSubjectInfo>
                <ns2:requestDate>2017-03-15T13:52:50</ns2:requestDate>
                <ns2:status>P</ns2:status>
                <ns2:creationDate>2017-03-17T15:49:58</ns2:creationDate>
                <ns2:modificationDate>2017-03-17T15:55:52</ns2:modificationDate>
                <ns2:decisionDate>2017-03-17T13:49:58</ns2:decisionDate>
                <ns2:publishDate>2017-03-17T15:55:52</ns2:publishDate>
                <ns2:attachments>
                    <totalDocumentsCount>1</totalDocumentsCount>
                    <document>
                        <guid>13c903a6-b3fc-97ad-bbc6-e116505c574b</guid>
                        <createDateTime>2017-03-17T13:49:46</createDateTime>
                        <fileName>ответ_на_запрос_64.doc</fileName>
                        <description>ответ_на_запрос_64.doc</description>
                        <url>http://zakupki.gov.ru/223/purchase/public/download/download.html?id=30143198</url>
                    </document>
                </ns2:attachments>
                <ns2:purchaseRegNum>31704886405</ns2:purchaseRegNum>
                <ns2:purchaseMethodCode>24704</ns2:purchaseMethodCode>
                <ns2:purchaseMethodName>Запрос котировок цен в электронной форме</ns2:purchaseMethodName>
                <ns2:purchaseName>Запрос котировок в электронной форме на право заключения договора на   сбор, использование, обезвреживание, транспортировка и утилизация отходов 3-4 класса опасности</ns2:purchaseName>
                <ns2:placer>
                    <mainInfo>
                        <fullName>ПУБЛИЧНОЕ АКЦИОНЕРНОЕ ОБЩЕСТВО "МАШИНОСТРОИТЕЛЬНЫЙ ЗАВОД ИМЕНИ М.И.КАЛИНИНА, Г. ЕКАТЕРИНБУРГ"</fullName>
                        <shortName>ПАО "МЗИК"</shortName>
                        <iko>56663003800667301001</iko>
                        <inn>6663003800</inn>
                        <kpp>668601001</kpp>
                        <ogrn>1026605624451</ogrn>
                        <legalAddress>620017, ОБЛ СВЕРДЛОВСКАЯ, Г ЕКАТЕРИНБУРГ, ПР-КТ КОСМОНАВТОВ, дом 18</legalAddress>
                        <postalAddress>620000, Свердловская Область, Екатеринбург Город, дом 18</postalAddress>
                        <phone>7-343-3295064</phone>
                        <fax>7-343-3311796</fax>
                        <email>v_bunkov@mail.ru</email>
                        <okato>65401385000</okato>
                        <okpo>07509511</okpo>
                    </mainInfo>
                </ns2:placer>
                <ns2:emergency>false</ns2:emergency>
            </ns2:explanationData>
        </ns2:item>
    </ns2:body>
</ns2:explanation>
