<?xml version="1.0" encoding="UTF-8" standalone="yes"?>
<ns2:explanation xsi:schemaLocation="http://zakupki.gov.ru/223/integration/schema/TFF-5.2 http://zakupki.gov.ru/223/integration/schema/TFF-5.2/purchase.xsd" xmlns="http://zakupki.gov.ru/223fz/types/1" xmlns:ns10="http://zakupki.gov.ru/223fz/purchasePlan/1" xmlns:ns11="http://zakupki.gov.ru/223fz/purchasePlanProject/1" xmlns:ns12="http://zakupki.gov.ru/223fz/purchasePlanProjectAdditionalPosition/1" xmlns:ns13="http://zakupki.gov.ru/223fz/contract/1" xmlns:ns14="http://zakupki.gov.ru/223fz/missedNotice/1" xmlns:ns15="http://zakupki.gov.ru/223fz/reference/1" xmlns:ns16="http://zakupki.gov.ru/223fz/stopCommodity/1" xmlns:ns17="http://zakupki.gov.ru/223fz/decisionSuspension/1" xmlns:ns18="http://zakupki.gov.ru/223fz/purchasePlanAdditionalPosition/1" xmlns:ns19="http://zakupki.gov.ru/223fz/webRequest/1" xmlns:ns2="http://zakupki.gov.ru/223fz/purchase/1" xmlns:xsi="http://www.w3.org/2001/XMLSchema-instance" xmlns:ns3="http://zakupki.gov.ru/223fz/dishonestSupplier/1" xmlns:ns4="http://zakupki.gov.ru/223fz/machineryListInfo/1" xmlns:ns5="http://zakupki.gov.ru/223fz/revenue/1" xmlns:ns6="http://zakupki.gov.ru/223fz/orderClauseList/1" xmlns:ns7="http://zakupki.gov.ru/223fz/disagreementProtocol/1" xmlns:ns8="http://zakupki.gov.ru/223fz/complaint/1" xmlns:ns9="http://zakupki.gov.ru/223fz/notificationIssue/1">
    <header>
        <guid>57c2ad3f-aaf3-4f75-b53b-d11c76d0ac82</guid>
        <createDateTime>2017-03-17T07:06:56</createDateTime>
    </header>
    <ns2:body>
        <ns2:item>
            <guid>878314d0-0c2b-9c21-2b8f-a49a7ff76ba1</guid>
            <ns2:explanationData>
                <ns2:guid>878314d0-0c2b-9c21-2b8f-a49a7ff76ba1</ns2:guid>
                <ns2:urlOOS>https://zakupki.gov.ru/223/purchase/private/purchase/explanation/details.html?explanationId=305341</ns2:urlOOS>
                <ns2:description>Добрый день!
В ответ на ваш запрос сообщаем:
1. В случае подачи заявки до 31.03.2017 года включительно, участник вправе представить бухгалтерскую отчетность за 2015 год, если отчетность за 2016 год еще не сформирована.
2. В случае подачи заявки до 31.03.2017 года, данные пунктов 7 и 8 Декларации о соответствии участника закупки критериям отнесения к субъектам малого и среднего предпринимательства участник вправе заполнить за 2015 год, если отчетность за 2016 год еще не сформирована.
</ns2:description>
                <ns2:requestSubjectInfo>Добрый день.
Просим дать разъяснение:
1. перечень документов которые предоставляются участником аукциона в составе заявки, а именно пункт 16.6 Баланс и отчет о прибылях и убытках за последний завершенный финансовый год. 
Вопрос: в связи с тем что за 2016г отчетность еще не сформирована (срок сдачи 31.03.2017), за какой период нам нужно предоставить бухгалтерскую отчетность?

2.  ФОРМА №5
декларации о соответствии участника закупки критериям отнесения к субъектам малого и среднего предпринимательства, пункт 7,8
Вопрос: за какой год указывать данные (с тем учетом что за 2016г отчетность не сформирована)?</ns2:requestSubjectInfo>
                <ns2:requestDate>2017-03-15T10:52:48</ns2:requestDate>
                <ns2:status>P</ns2:status>
                <ns2:creationDate>2017-03-17T09:03:19</ns2:creationDate>
                <ns2:modificationDate>2017-03-17T09:06:56</ns2:modificationDate>
                <ns2:decisionDate>2017-03-17T07:03:19</ns2:decisionDate>
                <ns2:publishDate>2017-03-17T09:06:56</ns2:publishDate>
                <ns2:attachments>
                    <totalDocumentsCount>1</totalDocumentsCount>
                    <document>
                        <guid>edd6910f-4479-0bb8-6744-10a6d45340c4</guid>
                        <createDateTime>2017-03-17T07:03:13</createDateTime>
                        <fileName>Ответ_на_запрос.docx</fileName>
                        <description>Ответ_на_запрос.docx</description>
                        <url>http://zakupki.gov.ru/223/purchase/public/download/download.html?id=30124550</url>
                    </document>
                </ns2:attachments>
                <ns2:purchaseRegNum>31704838200</ns2:purchaseRegNum>
                <ns2:purchaseMethodCode>30541</ns2:purchaseMethodCode>
                <ns2:purchaseMethodName>Аукцион</ns2:purchaseMethodName>
                <ns2:purchaseName>Покупка санитарно-гигиенических изделий (закупка осуществляется АО «ОКБ «Новатор» у субъектов малого и среднего предпринимательства) </ns2:purchaseName>
                <ns2:placer>
                    <mainInfo>
                        <fullName>АКЦИОНЕРНОЕ ОБЩЕСТВО "ОПЫТНОЕ КОНСТРУКТОРСКОЕ БЮРО "НОВАТОР"</fullName>
                        <shortName>АО "ОКБ "НОВАТОР"</shortName>
                        <iko>66673092045667301001</iko>
                        <inn>6673092045</inn>
                        <kpp>667301001</kpp>
                        <ogrn>1026605611339</ogrn>
                        <legalAddress>620017, обл СВЕРДЛОВСКАЯ, г ЕКАТЕРИНБУРГ, пр-кт КОСМОНАВТОВ, дом 18</legalAddress>
                        <postalAddress>620017, г. Екатеринбург, пр. Космонавтов, 18</postalAddress>
                        <phone>7-343-2641072</phone>
                        <fax>7-343-2641300</fax>
                        <email>main@okb-novator.ru</email>
                        <okato>65401385000</okato>
                        <okpo>07546512</okpo>
                    </mainInfo>
                </ns2:placer>
                <ns2:emergency>false</ns2:emergency>
            </ns2:explanationData>
        </ns2:item>
    </ns2:body>
</ns2:explanation>
