<?xml version="1.0" encoding="UTF-8" standalone="yes"?>
<ns2:purchaseNoticeEP xsi:schemaLocation="http://zakupki.gov.ru/223/integration/schema/TFF-5.2 http://zakupki.gov.ru/223/integration/schema/TFF-5.2/purchase.xsd" xmlns="http://zakupki.gov.ru/223fz/types/1" xmlns:ns10="http://zakupki.gov.ru/223fz/reference/1" xmlns:ns11="http://zakupki.gov.ru/223fz/stopCommodity/1" xmlns:ns12="http://zakupki.gov.ru/223fz/decisionSuspension/1" xmlns:ns13="http://zakupki.gov.ru/223fz/purchasePlanAdditionalPosition/1" xmlns:ns14="http://zakupki.gov.ru/223fz/machineryListInfo/1" xmlns:ns15="http://zakupki.gov.ru/223fz/revenue/1" xmlns:ns16="http://zakupki.gov.ru/223fz/orderClauseList/1" xmlns:ns17="http://zakupki.gov.ru/223fz/disagreementProtocol/1" xmlns:ns18="http://zakupki.gov.ru/223fz/complaint/1" xmlns:ns19="http://zakupki.gov.ru/223fz/webRequest/1" xmlns:ns2="http://zakupki.gov.ru/223fz/purchase/1" xmlns:xsi="http://www.w3.org/2001/XMLSchema-instance" xmlns:ns3="http://zakupki.gov.ru/223fz/dishonestSupplier/1" xmlns:ns4="http://zakupki.gov.ru/223fz/notificationIssue/1" xmlns:ns5="http://zakupki.gov.ru/223fz/purchasePlan/1" xmlns:ns6="http://zakupki.gov.ru/223fz/purchasePlanProject/1" xmlns:ns7="http://zakupki.gov.ru/223fz/purchasePlanProjectAdditionalPosition/1" xmlns:ns8="http://zakupki.gov.ru/223fz/contract/1" xmlns:ns9="http://zakupki.gov.ru/223fz/missedNotice/1">
    <header>
        <guid>e5595f5f-06a1-485f-9974-57959631618a</guid>
        <createDateTime>2017-01-30T12:40:44</createDateTime>
    </header>
    <ns2:body>
        <ns2:item>
            <guid>fe2915db-a8b2-4531-8de4-097e278e38f3</guid>
            <ns2:purchaseNoticeEPData>
                <ns2:guid>fe2915db-a8b2-4531-8de4-097e278e38f3</ns2:guid>
                <ns2:createDateTime>2017-01-30T10:01:23</ns2:createDateTime>
                <ns2:urlOOS>https://zakupki.gov.ru/223/purchase/private/purchase/notice-info/details.html?noticeInfoId=5668619</ns2:urlOOS>
                <ns2:registrationNumber>31704725361</ns2:registrationNumber>
                <ns2:name>Поставка автомобиля UAZ Patriot для нужд ФБУЗ «Центр гигиены и эпидемиологии в Республике Алтай»</ns2:name>
                <ns2:customer>
                    <mainInfo>
                        <fullName>ФЕДЕРАЛЬНОЕ БЮДЖЕТНОЕ  УЧРЕЖДЕНИЕ ЗДРАВООХРАНЕНИЯ "ЦЕНТР ГИГИЕНЫ И ЭПИДЕМИОЛОГИИ В РЕСПУБЛИКЕ АЛТАЙ"</fullName>
                        <shortName>ФБУЗ "ЦЕНТР ГИГИЕНЫ И ЭПИДЕМИОЛОГИИ В РЕСПУБЛИКЕ АЛТАЙ"</shortName>
                        <iko>80411121178041101001</iko>
                        <inn>0411121178</inn>
                        <kpp>041101001</kpp>
                        <ogrn>1050400746901</ogrn>
                        <legalAddress>649000, АЛТАЙ, ГОРНО-АЛТАЙСК, КОММУНИСТИЧЕСКИЙ, дом 173</legalAddress>
                        <postalAddress>649002, Республика Алтай, г.Горно-Алтайск, пр-т Коммунистический, 173</postalAddress>
                        <phone>7-38822-64227</phone>
                        <email>fguz_urist@mail.ru</email>
                        <okato>84401000000</okato>
                        <okpo>71549801</okpo>
                    </mainInfo>
                </ns2:customer>
                <ns2:purchaseMethodCode>3363</ns2:purchaseMethodCode>
                <ns2:purchaseCodeName>Закупка у единственного поставщика (исполнителя, подрядчика)</ns2:purchaseCodeName>
                <ns2:placer>
                    <mainInfo>
                        <fullName>ФЕДЕРАЛЬНОЕ БЮДЖЕТНОЕ  УЧРЕЖДЕНИЕ ЗДРАВООХРАНЕНИЯ "ЦЕНТР ГИГИЕНЫ И ЭПИДЕМИОЛОГИИ В РЕСПУБЛИКЕ АЛТАЙ"</fullName>
                        <shortName>ФБУЗ "ЦЕНТР ГИГИЕНЫ И ЭПИДЕМИОЛОГИИ В РЕСПУБЛИКЕ АЛТАЙ"</shortName>
                        <iko>80411121178041101001</iko>
                        <inn>0411121178</inn>
                        <kpp>041101001</kpp>
                        <ogrn>1050400746901</ogrn>
                        <legalAddress>649000, АЛТАЙ, ГОРНО-АЛТАЙСК, КОММУНИСТИЧЕСКИЙ, дом 173</legalAddress>
                        <postalAddress>649002, Республика Алтай, г.Горно-Алтайск, пр-т Коммунистический, 173</postalAddress>
                        <phone>7-38822-64227</phone>
                        <email>fguz_urist@mail.ru</email>
                        <okato>84401000000</okato>
                        <okpo>71549801</okpo>
                    </mainInfo>
                </ns2:placer>
                <ns2:contact>
                    <firstName>Эмилия</firstName>
                    <middleName>Викторовна</middleName>
                    <lastName>Качкышева</lastName>
                    <phone>+7 (38822) 48441</phone>
                    <email>fguz_urist@mail.ru</email>
                    <organization>
                        <mainInfo>
                            <fullName>ФЕДЕРАЛЬНОЕ БЮДЖЕТНОЕ  УЧРЕЖДЕНИЕ ЗДРАВООХРАНЕНИЯ "ЦЕНТР ГИГИЕНЫ И ЭПИДЕМИОЛОГИИ В РЕСПУБЛИКЕ АЛТАЙ"</fullName>
                            <shortName>ФБУЗ "ЦЕНТР ГИГИЕНЫ И ЭПИДЕМИОЛОГИИ В РЕСПУБЛИКЕ АЛТАЙ"</shortName>
                            <iko>80411121178041101001</iko>
                            <inn>0411121178</inn>
                            <kpp>041101001</kpp>
                            <ogrn>1050400746901</ogrn>
                            <legalAddress>649000, АЛТАЙ, ГОРНО-АЛТАЙСК, КОММУНИСТИЧЕСКИЙ, дом 173</legalAddress>
                            <postalAddress>649002, Республика Алтай, г.Горно-Алтайск, пр-т Коммунистический, 173</postalAddress>
                            <phone>7-38822-64227</phone>
                            <email>fguz_urist@mail.ru</email>
                            <okato>84401000000</okato>
                            <okpo>71549801</okpo>
                        </mainInfo>
                    </organization>
                </ns2:contact>
                <ns2:publicationDateTime>2017-01-30T15:40:44</ns2:publicationDateTime>
                <ns2:documentationDelivery/>
                <ns2:status>P</ns2:status>
                <ns2:version>1</ns2:version>
                <ns2:notDishonest>true</ns2:notDishonest>
                <ns2:attachments>
                    <totalDocumentsCount>2</totalDocumentsCount>
                    <document>
                        <guid>cc6099da-a90b-42c5-86c0-15db88d7e0e3</guid>
                        <createDateTime>2017-01-30T07:03:19</createDateTime>
                        <fileName>Документация.doc</fileName>
                        <description>Документация</description>
                        <url>http://zakupki.gov.ru/223/purchase/public/download/download.html?id=28896464</url>
                    </document>
                    <document>
                        <guid>6c2edf30-7a90-4760-8b16-8fdd0d634366</guid>
                        <createDateTime>2017-01-30T07:03:26</createDateTime>
                        <fileName>проект договора.docx</fileName>
                        <description>проект договора</description>
                        <url>http://zakupki.gov.ru/223/purchase/public/download/download.html?id=28896468</url>
                    </document>
                </ns2:attachments>
                <ns2:modificationDate>2017-01-30T15:40:44</ns2:modificationDate>
                <ns2:saveUserId>104273</ns2:saveUserId>
                <ns2:deliveryPlaceIndication>DIFFERENT_PLACE</ns2:deliveryPlaceIndication>
                <ns2:emergency>false</ns2:emergency>
                <ns2:jointPurchase>false</ns2:jointPurchase>
                <ns2:lots>
                    <lot>
                        <guid>7aa4c707-3589-4500-80c8-394e3fd81759</guid>
                        <ordinalNumber>1</ordinalNumber>
                        <lotEditEnabled>false</lotEditEnabled>
                        <lotData>
                            <subject>приобретение автомобиля</subject>
                            <currency>
                                <code>RUB</code>
                                <digitalCode>643</digitalCode>
                                <name>Российский рубль</name>
                            </currency>
                            <initialSum>907000.00</initialSum>
                            <deliveryPlace>
                                <state>Сибирский федеральный округ</state>
                                <region>Алтай Респ </region>
                                <regionOkato>84000000000</regionOkato>
                                <address>г. Горно-Алтайск, пр. Коммунистический 173</address>
                            </deliveryPlace>
                            <lotItems>
                                <newCodes>true</newCodes>
                                <lotItem>
                                    <guid>9851e54d-83bf-4416-bcb1-1ed4728896a8</guid>
                                    <ordinalNumber>1</ordinalNumber>
                                    <okpd2>
                                        <code>29.10.2</code>
                                        <name>Автомобили легковые</name>
                                    </okpd2>
                                    <okved2>
                                        <code>29.10.2</code>
                                        <name>Производство легковых автомобилей</name>
                                    </okved2>
                                    <okei>
                                        <code>796</code>
                                        <name>Штука</name>
                                    </okei>
                                    <qty>1</qty>
                                </lotItem>
                            </lotItems>
                            <forSmallOrMiddle>false</forSmallOrMiddle>
                            <excludePurchaseFromPlan>false</excludePurchaseFromPlan>
                            <subcontractorsRequirement>false</subcontractorsRequirement>
                            <ignoredPurchase>false</ignoredPurchase>
                            <centralized>false</centralized>
                        </lotData>
                        <deliveryPlaceIndication>GL</deliveryPlaceIndication>
                        <jointLotData>
                            <jointLot>false</jointLot>
                        </jointLotData>
                        <lotPlanInfo>
                            <planRegistrationNumber>2160215038</planRegistrationNumber>
                            <planGuid>55fa85b1-f48c-4eb3-adf2-aace2de3b092</planGuid>
                            <positionNumber>36</positionNumber>
                            <lotPlanPosition>COMMODITY</lotPlanPosition>
                            <positionGuid>629ed776-c6cc-41aa-8c88-2144935eac7e</positionGuid>
                        </lotPlanInfo>
                        <cancelled>false</cancelled>
                    </lot>
                </ns2:lots>
            </ns2:purchaseNoticeEPData>
        </ns2:item>
    </ns2:body>
</ns2:purchaseNoticeEP>
