<?xml version="1.0" encoding="UTF-8" standalone="yes"?>
<ns2:purchaseNoticeEP xsi:schemaLocation="http://zakupki.gov.ru/223/integration/schema/TFF-5.2 http://zakupki.gov.ru/223/integration/schema/TFF-5.2/purchase.xsd" xmlns="http://zakupki.gov.ru/223fz/types/1" xmlns:ns10="http://zakupki.gov.ru/223fz/reference/1" xmlns:ns11="http://zakupki.gov.ru/223fz/stopCommodity/1" xmlns:ns12="http://zakupki.gov.ru/223fz/decisionSuspension/1" xmlns:ns13="http://zakupki.gov.ru/223fz/purchasePlanAdditionalPosition/1" xmlns:ns14="http://zakupki.gov.ru/223fz/machineryListInfo/1" xmlns:ns15="http://zakupki.gov.ru/223fz/revenue/1" xmlns:ns16="http://zakupki.gov.ru/223fz/orderClauseList/1" xmlns:ns17="http://zakupki.gov.ru/223fz/disagreementProtocol/1" xmlns:ns18="http://zakupki.gov.ru/223fz/complaint/1" xmlns:ns19="http://zakupki.gov.ru/223fz/webRequest/1" xmlns:ns2="http://zakupki.gov.ru/223fz/purchase/1" xmlns:xsi="http://www.w3.org/2001/XMLSchema-instance" xmlns:ns3="http://zakupki.gov.ru/223fz/dishonestSupplier/1" xmlns:ns4="http://zakupki.gov.ru/223fz/notificationIssue/1" xmlns:ns5="http://zakupki.gov.ru/223fz/purchasePlan/1" xmlns:ns6="http://zakupki.gov.ru/223fz/purchasePlanProject/1" xmlns:ns7="http://zakupki.gov.ru/223fz/purchasePlanProjectAdditionalPosition/1" xmlns:ns8="http://zakupki.gov.ru/223fz/contract/1" xmlns:ns9="http://zakupki.gov.ru/223fz/missedNotice/1">
    <header>
        <guid>c3d4e3c1-fb6e-4d3b-85f2-504e6cc608df</guid>
        <createDateTime>2017-01-30T12:33:45</createDateTime>
    </header>
    <ns2:body>
        <ns2:item>
            <guid>a2053e09-f39e-4dc7-ac2f-f3f832b7fe78</guid>
            <ns2:purchaseNoticeEPData>
                <ns2:guid>a2053e09-f39e-4dc7-ac2f-f3f832b7fe78</ns2:guid>
                <ns2:createDateTime>2017-01-30T10:15:46</ns2:createDateTime>
                <ns2:urlOOS>https://zakupki.gov.ru/223/purchase/private/purchase/notice-info/details.html?noticeInfoId=5668773</ns2:urlOOS>
                <ns2:registrationNumber>31704725282</ns2:registrationNumber>
                <ns2:name>Оказание услуг по оценке автомобиля</ns2:name>
                <ns2:customer>
                    <mainInfo>
                        <fullName>ФЕДЕРАЛЬНОЕ БЮДЖЕТНОЕ  УЧРЕЖДЕНИЕ ЗДРАВООХРАНЕНИЯ "ЦЕНТР ГИГИЕНЫ И ЭПИДЕМИОЛОГИИ В РЕСПУБЛИКЕ АЛТАЙ"</fullName>
                        <shortName>ФБУЗ "ЦЕНТР ГИГИЕНЫ И ЭПИДЕМИОЛОГИИ В РЕСПУБЛИКЕ АЛТАЙ"</shortName>
                        <iko>80411121178041101001</iko>
                        <inn>0411121178</inn>
                        <kpp>041101001</kpp>
                        <ogrn>1050400746901</ogrn>
                        <legalAddress>649000, АЛТАЙ, ГОРНО-АЛТАЙСК, КОММУНИСТИЧЕСКИЙ, дом 173</legalAddress>
                        <postalAddress>649002, Республика Алтай, г.Горно-Алтайск, пр-т Коммунистический, 173</postalAddress>
                        <phone>7-38822-64227</phone>
                        <email>fguz_urist@mail.ru</email>
                        <okato>84401000000</okato>
                        <okpo>71549801</okpo>
                    </mainInfo>
                </ns2:customer>
                <ns2:purchaseMethodCode>3363</ns2:purchaseMethodCode>
                <ns2:purchaseCodeName>Закупка у единственного поставщика (исполнителя, подрядчика)</ns2:purchaseCodeName>
                <ns2:placer>
                    <mainInfo>
                        <fullName>ФЕДЕРАЛЬНОЕ БЮДЖЕТНОЕ  УЧРЕЖДЕНИЕ ЗДРАВООХРАНЕНИЯ "ЦЕНТР ГИГИЕНЫ И ЭПИДЕМИОЛОГИИ В РЕСПУБЛИКЕ АЛТАЙ"</fullName>
                        <shortName>ФБУЗ "ЦЕНТР ГИГИЕНЫ И ЭПИДЕМИОЛОГИИ В РЕСПУБЛИКЕ АЛТАЙ"</shortName>
                        <iko>80411121178041101001</iko>
                        <inn>0411121178</inn>
                        <kpp>041101001</kpp>
                        <ogrn>1050400746901</ogrn>
                        <legalAddress>649000, АЛТАЙ, ГОРНО-АЛТАЙСК, КОММУНИСТИЧЕСКИЙ, дом 173</legalAddress>
                        <postalAddress>649002, Республика Алтай, г.Горно-Алтайск, пр-т Коммунистический, 173</postalAddress>
                        <phone>7-38822-64227</phone>
                        <email>fguz_urist@mail.ru</email>
                        <okato>84401000000</okato>
                        <okpo>71549801</okpo>
                    </mainInfo>
                </ns2:placer>
                <ns2:contact>
                    <firstName>Эмилия</firstName>
                    <middleName>Викторовна</middleName>
                    <lastName>Качкышева</lastName>
                    <phone>+7 (38822) 48441</phone>
                    <email>fguz_urist@mail.ru</email>
                    <organization>
                        <mainInfo>
                            <fullName>ФЕДЕРАЛЬНОЕ БЮДЖЕТНОЕ  УЧРЕЖДЕНИЕ ЗДРАВООХРАНЕНИЯ "ЦЕНТР ГИГИЕНЫ И ЭПИДЕМИОЛОГИИ В РЕСПУБЛИКЕ АЛТАЙ"</fullName>
                            <shortName>ФБУЗ "ЦЕНТР ГИГИЕНЫ И ЭПИДЕМИОЛОГИИ В РЕСПУБЛИКЕ АЛТАЙ"</shortName>
                            <iko>80411121178041101001</iko>
                            <inn>0411121178</inn>
                            <kpp>041101001</kpp>
                            <ogrn>1050400746901</ogrn>
                            <legalAddress>649000, АЛТАЙ, ГОРНО-АЛТАЙСК, КОММУНИСТИЧЕСКИЙ, дом 173</legalAddress>
                            <postalAddress>649002, Республика Алтай, г.Горно-Алтайск, пр-т Коммунистический, 173</postalAddress>
                            <phone>7-38822-64227</phone>
                            <email>fguz_urist@mail.ru</email>
                            <okato>84401000000</okato>
                            <okpo>71549801</okpo>
                        </mainInfo>
                    </organization>
                </ns2:contact>
                <ns2:publicationDateTime>2017-01-30T15:33:45</ns2:publicationDateTime>
                <ns2:documentationDelivery/>
                <ns2:status>P</ns2:status>
                <ns2:version>1</ns2:version>
                <ns2:notDishonest>true</ns2:notDishonest>
                <ns2:attachments>
                    <totalDocumentsCount>2</totalDocumentsCount>
                    <document>
                        <guid>380125a6-32fb-454d-a41f-e3a6f1da9c6d</guid>
                        <createDateTime>2017-01-30T07:18:13</createDateTime>
                        <fileName>проект договора.doc</fileName>
                        <description>проект договора</description>
                        <url>http://zakupki.gov.ru/223/purchase/public/download/download.html?id=28897152</url>
                    </document>
                    <document>
                        <guid>c3e36530-529b-4a1b-a793-a70abe7c73fe</guid>
                        <createDateTime>2017-01-30T07:18:04</createDateTime>
                        <fileName>Документация.doc</fileName>
                        <description>Документация</description>
                        <url>http://zakupki.gov.ru/223/purchase/public/download/download.html?id=28897138</url>
                    </document>
                </ns2:attachments>
                <ns2:modificationDate>2017-01-30T15:33:45</ns2:modificationDate>
                <ns2:saveUserId>104273</ns2:saveUserId>
                <ns2:deliveryPlaceIndication>DIFFERENT_PLACE</ns2:deliveryPlaceIndication>
                <ns2:emergency>false</ns2:emergency>
                <ns2:jointPurchase>false</ns2:jointPurchase>
                <ns2:lots>
                    <lot>
                        <guid>7153f52f-35f5-4b90-b138-a8f31a0cc059</guid>
                        <ordinalNumber>1</ordinalNumber>
                        <lotEditEnabled>false</lotEditEnabled>
                        <lotData>
                            <subject>Оценка автомобилей</subject>
                            <currency>
                                <code>RUB</code>
                                <digitalCode>643</digitalCode>
                                <name>Российский рубль</name>
                            </currency>
                            <initialSum>14000.00</initialSum>
                            <deliveryPlace>
                                <state>Сибирский федеральный округ</state>
                                <region>Алтай Респ </region>
                                <regionOkato>84000000000</regionOkato>
                                <address>г. Горно-Алтайск, пр. Коммунистический 173</address>
                            </deliveryPlace>
                            <lotItems>
                                <newCodes>true</newCodes>
                                <lotItem>
                                    <guid>841008d0-1458-4c87-8de6-7aee9e87a2a0</guid>
                                    <ordinalNumber>1</ordinalNumber>
                                    <okpd2>
                                        <code>74.90.12.122</code>
                                        <name>Услуги по установлению рыночной или иной стоимости совокупности вещей, составляющих имущество лица, в том числе имущество определенного вида (движимое или недвижимое, включая предприятия)</name>
                                    </okpd2>
                                    <okved2>
                                        <code>74.90</code>
                                        <name>Деятельность профессиональная, научная и техническая прочая, не включенная в другие группировки</name>
                                    </okved2>
                                    <okei>
                                        <code>796</code>
                                        <name>Штука</name>
                                    </okei>
                                    <qty>3</qty>
                                </lotItem>
                            </lotItems>
                            <forSmallOrMiddle>false</forSmallOrMiddle>
                            <excludePurchaseFromPlan>false</excludePurchaseFromPlan>
                            <subcontractorsRequirement>false</subcontractorsRequirement>
                            <ignoredPurchase>false</ignoredPurchase>
                            <centralized>false</centralized>
                        </lotData>
                        <deliveryPlaceIndication>GL</deliveryPlaceIndication>
                        <jointLotData>
                            <jointLot>false</jointLot>
                        </jointLotData>
                        <lotPlanInfo>
                            <planRegistrationNumber>2160215038</planRegistrationNumber>
                            <planGuid>55fa85b1-f48c-4eb3-adf2-aace2de3b092</planGuid>
                            <positionNumber>31</positionNumber>
                            <lotPlanPosition>COMMODITY</lotPlanPosition>
                            <positionGuid>116908cd-d222-456b-b507-2cddd86fd41b</positionGuid>
                        </lotPlanInfo>
                        <cancelled>false</cancelled>
                    </lot>
                </ns2:lots>
            </ns2:purchaseNoticeEPData>
        </ns2:item>
    </ns2:body>
</ns2:purchaseNoticeEP>
