<?xml version="1.0" encoding="UTF-8" standalone="yes"?>
<ns2:purchaseNoticeEP xsi:schemaLocation="http://zakupki.gov.ru/223/integration/schema/TFF-5.2 http://zakupki.gov.ru/223/integration/schema/TFF-5.2/purchase.xsd" xmlns="http://zakupki.gov.ru/223fz/types/1" xmlns:ns10="http://zakupki.gov.ru/223fz/reference/1" xmlns:ns11="http://zakupki.gov.ru/223fz/stopCommodity/1" xmlns:ns12="http://zakupki.gov.ru/223fz/decisionSuspension/1" xmlns:ns13="http://zakupki.gov.ru/223fz/purchasePlanAdditionalPosition/1" xmlns:ns14="http://zakupki.gov.ru/223fz/machineryListInfo/1" xmlns:ns15="http://zakupki.gov.ru/223fz/revenue/1" xmlns:ns16="http://zakupki.gov.ru/223fz/orderClauseList/1" xmlns:ns17="http://zakupki.gov.ru/223fz/disagreementProtocol/1" xmlns:ns18="http://zakupki.gov.ru/223fz/complaint/1" xmlns:ns19="http://zakupki.gov.ru/223fz/webRequest/1" xmlns:ns2="http://zakupki.gov.ru/223fz/purchase/1" xmlns:xsi="http://www.w3.org/2001/XMLSchema-instance" xmlns:ns3="http://zakupki.gov.ru/223fz/dishonestSupplier/1" xmlns:ns4="http://zakupki.gov.ru/223fz/notificationIssue/1" xmlns:ns5="http://zakupki.gov.ru/223fz/purchasePlan/1" xmlns:ns6="http://zakupki.gov.ru/223fz/purchasePlanProject/1" xmlns:ns7="http://zakupki.gov.ru/223fz/purchasePlanProjectAdditionalPosition/1" xmlns:ns8="http://zakupki.gov.ru/223fz/contract/1" xmlns:ns9="http://zakupki.gov.ru/223fz/missedNotice/1">
    <header>
        <guid>f3acc972-c90b-416f-bbae-556c35f98fd2</guid>
        <createDateTime>2017-01-30T08:16:00</createDateTime>
    </header>
    <ns2:body>
        <ns2:item>
            <guid>c9f259b5-7c56-4247-8996-684b29e377c3</guid>
            <ns2:purchaseNoticeEPData>
                <ns2:guid>c9f259b5-7c56-4247-8996-684b29e377c3</ns2:guid>
                <ns2:createDateTime>2017-01-28T19:30:31</ns2:createDateTime>
                <ns2:urlOOS>https://zakupki.gov.ru/223/purchase/private/purchase/notice-info/details.html?noticeInfoId=5666633</ns2:urlOOS>
                <ns2:registrationNumber>31704720838</ns2:registrationNumber>
                <ns2:name>Закупка услуг охраны</ns2:name>
                <ns2:customer>
                    <mainInfo>
                        <fullName>АВТОНОМНОЕ УЧРЕЖДЕНИЕ ДОПОЛНИТЕЛЬНОГО ОБРАЗОВАНИЯ РЕСПУБЛИКИ АЛТАЙ "РЕСПУБЛИКАНСКИЙ ЦЕНТР ТУРИЗМА, ОТДЫХА И ОЗДОРОВЛЕНИЯ"</fullName>
                        <shortName>АУ ДО РА "РЕСЦТОИО"</shortName>
                        <iko>50411146849041101001</iko>
                        <inn>0411146849</inn>
                        <kpp>041101001</kpp>
                        <ogrn>1090411004309</ogrn>
                        <legalAddress>649007, Респ АЛТАЙ, г ГОРНО-АЛТАЙСК, ул ЗАРЕЧНАЯ, дом 1</legalAddress>
                        <postalAddress>649007, Алтай, Горно-Алтайск, Заречная, дом 1</postalAddress>
                        <phone>7-38822-26076</phone>
                        <fax>7-38822-26181</fax>
                        <email>grimglance@mail.ru</email>
                        <okato>84401000000</okato>
                        <okpo>89426329</okpo>
                    </mainInfo>
                </ns2:customer>
                <ns2:purchaseMethodCode>3363</ns2:purchaseMethodCode>
                <ns2:purchaseCodeName>Закупка у единственного поставщика (исполнителя, подрядчика)</ns2:purchaseCodeName>
                <ns2:placer>
                    <mainInfo>
                        <fullName>АВТОНОМНОЕ УЧРЕЖДЕНИЕ ДОПОЛНИТЕЛЬНОГО ОБРАЗОВАНИЯ РЕСПУБЛИКИ АЛТАЙ "РЕСПУБЛИКАНСКИЙ ЦЕНТР ТУРИЗМА, ОТДЫХА И ОЗДОРОВЛЕНИЯ"</fullName>
                        <shortName>АУ ДО РА "РЕСЦТОИО"</shortName>
                        <iko>50411146849041101001</iko>
                        <inn>0411146849</inn>
                        <kpp>041101001</kpp>
                        <ogrn>1090411004309</ogrn>
                        <legalAddress>649007, Респ АЛТАЙ, г ГОРНО-АЛТАЙСК, ул ЗАРЕЧНАЯ, дом 1</legalAddress>
                        <postalAddress>649007, Алтай, Горно-Алтайск, Заречная, дом 1</postalAddress>
                        <phone>7-38822-26076</phone>
                        <fax>7-38822-26181</fax>
                        <email>grimglance@mail.ru</email>
                        <okato>84401000000</okato>
                        <okpo>89426329</okpo>
                    </mainInfo>
                </ns2:placer>
                <ns2:contact>
                    <firstName>Сергей</firstName>
                    <middleName>Владимирович</middleName>
                    <lastName>Захарьев</lastName>
                    <phone>+7 (38822) 26076</phone>
                    <email>sytur@mail.ru</email>
                    <organization>
                        <mainInfo>
                            <fullName>АВТОНОМНОЕ УЧРЕЖДЕНИЕ ДОПОЛНИТЕЛЬНОГО ОБРАЗОВАНИЯ РЕСПУБЛИКИ АЛТАЙ "РЕСПУБЛИКАНСКИЙ ЦЕНТР ТУРИЗМА, ОТДЫХА И ОЗДОРОВЛЕНИЯ"</fullName>
                            <shortName>АУ ДО РА "РЕСЦТОИО"</shortName>
                            <iko>50411146849041101001</iko>
                            <inn>0411146849</inn>
                            <kpp>041101001</kpp>
                            <ogrn>1090411004309</ogrn>
                            <legalAddress>649007, Респ АЛТАЙ, г ГОРНО-АЛТАЙСК, ул ЗАРЕЧНАЯ, дом 1</legalAddress>
                            <postalAddress>649007, Алтай, Горно-Алтайск, Заречная, дом 1</postalAddress>
                            <phone>7-38822-26076</phone>
                            <fax>7-38822-26181</fax>
                            <email>grimglance@mail.ru</email>
                            <okato>84401000000</okato>
                            <okpo>89426329</okpo>
                        </mainInfo>
                    </organization>
                </ns2:contact>
                <ns2:publicationDateTime>2017-01-30T11:16:00</ns2:publicationDateTime>
                <ns2:documentationDelivery>
                    <deliveryStartDateTime>2016-01-26</deliveryStartDateTime>
                    <deliveryEndDateTime>2016-01-26</deliveryEndDateTime>
                    <place>г. Горно-Алтайск, ул. Заречная д1</place>
                </ns2:documentationDelivery>
                <ns2:status>P</ns2:status>
                <ns2:version>1</ns2:version>
                <ns2:notDishonest>false</ns2:notDishonest>
                <ns2:attachments>
                    <totalDocumentsCount>1</totalDocumentsCount>
                    <document>
                        <guid>a0aae1fe-ae26-46d9-b308-5aaeaa1f5488</guid>
                        <createDateTime>2017-01-30T08:14:04</createDateTime>
                        <fileName>ohr.pdf</fileName>
                        <description>ohr</description>
                        <url>http://zakupki.gov.ru/223/purchase/public/download/download.html?id=28900027</url>
                    </document>
                </ns2:attachments>
                <ns2:modificationDate>2017-01-30T11:16:00</ns2:modificationDate>
                <ns2:saveUserId>6463</ns2:saveUserId>
                <ns2:deliveryPlaceIndication>DIFFERENT_PLACE</ns2:deliveryPlaceIndication>
                <ns2:emergency>false</ns2:emergency>
                <ns2:jointPurchase>false</ns2:jointPurchase>
                <ns2:lots>
                    <lot>
                        <guid>6941fde5-67bd-4329-ae5f-e5a2eb4d44c1</guid>
                        <ordinalNumber>1</ordinalNumber>
                        <lotEditEnabled>false</lotEditEnabled>
                        <lotData>
                            <subject>Услуги охраны</subject>
                            <currency>
                                <code>RUB</code>
                                <digitalCode>643</digitalCode>
                                <name>Российский рубль</name>
                            </currency>
                            <initialSum>170746.44</initialSum>
                            <deliveryPlace>
                                <state>Сибирский федеральный округ</state>
                                <region>Алтай Респ </region>
                                <regionOkato>84000000000</regionOkato>
                                <address>г. Горно-Алтайск, ул. Заречная 1</address>
                            </deliveryPlace>
                            <lotItems>
                                <newCodes>true</newCodes>
                                <lotItem>
                                    <guid>a5208bae-0550-4e44-aeee-b700b38a6a16</guid>
                                    <ordinalNumber>1</ordinalNumber>
                                    <okpd2>
                                        <code>80.10.1</code>
                                        <name>Услуги частных охранных служб</name>
                                    </okpd2>
                                    <okved2>
                                        <code>80.10</code>
                                        <name>Деятельность частных охранных служб</name>
                                    </okved2>
                                </lotItem>
                            </lotItems>
                            <forSmallOrMiddle>false</forSmallOrMiddle>
                            <excludePurchaseFromPlan>false</excludePurchaseFromPlan>
                            <subcontractorsRequirement>false</subcontractorsRequirement>
                            <ignoredPurchase>false</ignoredPurchase>
                            <centralized>false</centralized>
                        </lotData>
                        <deliveryPlaceIndication>GL</deliveryPlaceIndication>
                        <jointLotData>
                            <jointLot>false</jointLot>
                        </jointLotData>
                        <lotPlanInfo>
                            <planRegistrationNumber>2160206361</planRegistrationNumber>
                            <planGuid>1cb3fba7-4220-461b-b153-0ddd5f4fc318</planGuid>
                            <positionNumber>2</positionNumber>
                            <lotPlanPosition>COMMODITY</lotPlanPosition>
                            <positionGuid>9defb383-9add-4794-a5ef-631c9ebff492</positionGuid>
                        </lotPlanInfo>
                        <cancelled>false</cancelled>
                    </lot>
                </ns2:lots>
            </ns2:purchaseNoticeEPData>
        </ns2:item>
    </ns2:body>
</ns2:purchaseNoticeEP>
