<?xml version="1.0" encoding="UTF-8" standalone="yes"?>
<ns2:purchaseNoticeEP xsi:schemaLocation="http://zakupki.gov.ru/223/integration/schema/TFF-5.2 http://zakupki.gov.ru/223/integration/schema/TFF-5.2/purchase.xsd" xmlns="http://zakupki.gov.ru/223fz/types/1" xmlns:ns10="http://zakupki.gov.ru/223fz/reference/1" xmlns:ns11="http://zakupki.gov.ru/223fz/stopCommodity/1" xmlns:ns12="http://zakupki.gov.ru/223fz/decisionSuspension/1" xmlns:ns13="http://zakupki.gov.ru/223fz/purchasePlanAdditionalPosition/1" xmlns:ns14="http://zakupki.gov.ru/223fz/machineryListInfo/1" xmlns:ns15="http://zakupki.gov.ru/223fz/revenue/1" xmlns:ns16="http://zakupki.gov.ru/223fz/orderClauseList/1" xmlns:ns17="http://zakupki.gov.ru/223fz/disagreementProtocol/1" xmlns:ns18="http://zakupki.gov.ru/223fz/complaint/1" xmlns:ns19="http://zakupki.gov.ru/223fz/webRequest/1" xmlns:ns2="http://zakupki.gov.ru/223fz/purchase/1" xmlns:xsi="http://www.w3.org/2001/XMLSchema-instance" xmlns:ns3="http://zakupki.gov.ru/223fz/dishonestSupplier/1" xmlns:ns4="http://zakupki.gov.ru/223fz/notificationIssue/1" xmlns:ns5="http://zakupki.gov.ru/223fz/purchasePlan/1" xmlns:ns6="http://zakupki.gov.ru/223fz/purchasePlanProject/1" xmlns:ns7="http://zakupki.gov.ru/223fz/purchasePlanProjectAdditionalPosition/1" xmlns:ns8="http://zakupki.gov.ru/223fz/contract/1" xmlns:ns9="http://zakupki.gov.ru/223fz/missedNotice/1">
    <header>
        <guid>846492d4-905e-4300-ad52-dc9eb0d67ca8</guid>
        <createDateTime>2017-02-01T07:12:29</createDateTime>
    </header>
    <ns2:body>
        <ns2:item>
            <guid>2e78415d-216e-469f-91ae-aecb6cbdc539</guid>
            <ns2:purchaseNoticeEPData>
                <ns2:guid>2e78415d-216e-469f-91ae-aecb6cbdc539</ns2:guid>
                <ns2:createDateTime>2017-02-01T10:06:43</ns2:createDateTime>
                <ns2:urlOOS>https://zakupki.gov.ru/223/purchase/private/purchase/notice-info/details.html?noticeInfoId=5690615</ns2:urlOOS>
                <ns2:registrationNumber>31704739826</ns2:registrationNumber>
                <ns2:name>оказание услуг по сбору и вывозу отходов</ns2:name>
                <ns2:customer>
                    <mainInfo>
                        <fullName>БЮДЖЕТНОЕ ПРОФЕССИОНАЛЬНОЕ ОБРАЗОВАТЕЛЬНОЕ УЧРЕЖДЕНИЕ РЕСПУБЛИКЕ АЛТАЙ "МЕДИЦИНСКИЙ КОЛЛЕДЖ"</fullName>
                        <shortName>БПОУ РА "МЕДИЦИНСКИЙ КОЛЛЕДЖ"</shortName>
                        <iko>80411050047041101001</iko>
                        <inn>0411050047</inn>
                        <kpp>041101001</kpp>
                        <ogrn>1020400766715</ogrn>
                        <legalAddress>649002, АЛТАЙ, ГОРНО-АЛТАЙСК, КОММУНИСТИЧЕСКИЙ, дом 116</legalAddress>
                        <postalAddress>649002, г. Горно-Алтайск, пр. Коммунистический д.116</postalAddress>
                        <phone>8-38822-61480</phone>
                        <email>medik@mail.gorny.ru</email>
                        <okato>84000000000</okato>
                        <okpo>01963692</okpo>
                    </mainInfo>
                </ns2:customer>
                <ns2:purchaseMethodCode>3363</ns2:purchaseMethodCode>
                <ns2:purchaseCodeName>Закупка у единственного поставщика (исполнителя, подрядчика)</ns2:purchaseCodeName>
                <ns2:placer>
                    <mainInfo>
                        <fullName>БЮДЖЕТНОЕ ПРОФЕССИОНАЛЬНОЕ ОБРАЗОВАТЕЛЬНОЕ УЧРЕЖДЕНИЕ РЕСПУБЛИКЕ АЛТАЙ "МЕДИЦИНСКИЙ КОЛЛЕДЖ"</fullName>
                        <shortName>БПОУ РА "МЕДИЦИНСКИЙ КОЛЛЕДЖ"</shortName>
                        <iko>80411050047041101001</iko>
                        <inn>0411050047</inn>
                        <kpp>041101001</kpp>
                        <ogrn>1020400766715</ogrn>
                        <legalAddress>649002, АЛТАЙ, ГОРНО-АЛТАЙСК, КОММУНИСТИЧЕСКИЙ, дом 116</legalAddress>
                        <postalAddress>649002, г. Горно-Алтайск, пр. Коммунистический д.116</postalAddress>
                        <phone>8-38822-61480</phone>
                        <email>medik@mail.gorny.ru</email>
                        <okato>84000000000</okato>
                        <okpo>01963692</okpo>
                    </mainInfo>
                </ns2:placer>
                <ns2:contact>
                    <phone>+7 (38822) 61480</phone>
                    <email>yajankina@mail.ru</email>
                    <organization>
                        <mainInfo>
                            <fullName>БЮДЖЕТНОЕ ПРОФЕССИОНАЛЬНОЕ ОБРАЗОВАТЕЛЬНОЕ УЧРЕЖДЕНИЕ РЕСПУБЛИКЕ АЛТАЙ "МЕДИЦИНСКИЙ КОЛЛЕДЖ"</fullName>
                            <shortName>БПОУ РА "МЕДИЦИНСКИЙ КОЛЛЕДЖ"</shortName>
                            <iko>80411050047041101001</iko>
                            <inn>0411050047</inn>
                            <kpp>041101001</kpp>
                            <ogrn>1020400766715</ogrn>
                            <legalAddress>649002, АЛТАЙ, ГОРНО-АЛТАЙСК, КОММУНИСТИЧЕСКИЙ, дом 116</legalAddress>
                            <postalAddress>649002, г. Горно-Алтайск, пр. Коммунистический д.116</postalAddress>
                            <phone>8-38822-61480</phone>
                            <email>medik@mail.gorny.ru</email>
                            <okato>84000000000</okato>
                            <okpo>01963692</okpo>
                        </mainInfo>
                    </organization>
                </ns2:contact>
                <ns2:publicationDateTime>2017-02-01T10:12:29</ns2:publicationDateTime>
                <ns2:documentationDelivery/>
                <ns2:status>P</ns2:status>
                <ns2:version>1</ns2:version>
                <ns2:notDishonest>false</ns2:notDishonest>
                <ns2:attachments>
                    <totalDocumentsCount>1</totalDocumentsCount>
                    <document>
                        <guid>c1a72c7c-8fc8-4a40-ba41-1a22599e388e</guid>
                        <createDateTime>2017-02-01T07:11:14</createDateTime>
                        <fileName>транспортировка ТБО.docx</fileName>
                        <description>транспортировка ТБО</description>
                        <url>http://zakupki.gov.ru/223/purchase/public/download/download.html?id=28998791</url>
                    </document>
                </ns2:attachments>
                <ns2:modificationDate>2017-02-01T10:12:29</ns2:modificationDate>
                <ns2:saveUserId>112278</ns2:saveUserId>
                <ns2:deliveryPlaceIndication>SINGLE_PLACE</ns2:deliveryPlaceIndication>
                <ns2:emergency>false</ns2:emergency>
                <ns2:jointPurchase>false</ns2:jointPurchase>
                <ns2:lots>
                    <lot>
                        <guid>ea5abd63-abfd-46fb-b56f-55172cfc67c0</guid>
                        <ordinalNumber>1</ordinalNumber>
                        <lotEditEnabled>false</lotEditEnabled>
                        <lotData>
                            <subject>оказание услуг по сбору и вывозу отходов</subject>
                            <currency>
                                <code>RUB</code>
                                <digitalCode>643</digitalCode>
                                <name>Российский рубль</name>
                            </currency>
                            <initialSum>83655.00</initialSum>
                            <deliveryPlace>
                                <state>Сибирский федеральный округ</state>
                                <region>Алтай Респ </region>
                                <regionOkato>84000000000</regionOkato>
                                <address>649002,Республика Алтай, г. Горно-Алтайск, пр. Коммунистический, д. 116</address>
                            </deliveryPlace>
                            <lotItems>
                                <newCodes>true</newCodes>
                                <lotItem>
                                    <guid>8182c15a-d78d-4499-b313-137fd2592f70</guid>
                                    <ordinalNumber>1</ordinalNumber>
                                    <okpd2>
                                        <code>38.11.31.000</code>
                                        <name>Отходы неопасные бытовые, непригодные для повторного использования</name>
                                    </okpd2>
                                    <okved2>
                                        <code>38.11</code>
                                        <name>Сбор неопасных отходов</name>
                                    </okved2>
                                    <okei>
                                        <code>113</code>
                                        <name>Кубический метр</name>
                                    </okei>
                                    <qty>429</qty>
                                </lotItem>
                            </lotItems>
                            <forSmallOrMiddle>false</forSmallOrMiddle>
                            <excludePurchaseFromPlan>false</excludePurchaseFromPlan>
                            <subcontractorsRequirement>false</subcontractorsRequirement>
                            <ignoredPurchase>false</ignoredPurchase>
                            <centralized>false</centralized>
                        </lotData>
                        <deliveryPlaceIndication>GL</deliveryPlaceIndication>
                        <jointLotData>
                            <jointLot>false</jointLot>
                        </jointLotData>
                        <lotPlanInfo>
                            <planRegistrationNumber>2160207663</planRegistrationNumber>
                            <planGuid>029f61b9-c068-44ee-9b21-98b7c4389971</planGuid>
                            <positionNumber>3</positionNumber>
                            <lotPlanPosition>COMMODITY</lotPlanPosition>
                            <positionGuid>b1399e68-3597-4660-a46e-f1b757e4e094</positionGuid>
                        </lotPlanInfo>
                        <cancelled>false</cancelled>
                    </lot>
                </ns2:lots>
            </ns2:purchaseNoticeEPData>
        </ns2:item>
    </ns2:body>
</ns2:purchaseNoticeEP>
