<?xml version="1.0" encoding="UTF-8" standalone="yes"?>
<ns2:purchaseNoticeEP xsi:schemaLocation="http://zakupki.gov.ru/223/integration/schema/TFF-5.2 http://zakupki.gov.ru/223/integration/schema/TFF-5.2/purchase.xsd" xmlns="http://zakupki.gov.ru/223fz/types/1" xmlns:ns10="http://zakupki.gov.ru/223fz/reference/1" xmlns:ns11="http://zakupki.gov.ru/223fz/stopCommodity/1" xmlns:ns12="http://zakupki.gov.ru/223fz/decisionSuspension/1" xmlns:ns13="http://zakupki.gov.ru/223fz/purchasePlanAdditionalPosition/1" xmlns:ns14="http://zakupki.gov.ru/223fz/machineryListInfo/1" xmlns:ns15="http://zakupki.gov.ru/223fz/revenue/1" xmlns:ns16="http://zakupki.gov.ru/223fz/orderClauseList/1" xmlns:ns17="http://zakupki.gov.ru/223fz/disagreementProtocol/1" xmlns:ns18="http://zakupki.gov.ru/223fz/complaint/1" xmlns:ns19="http://zakupki.gov.ru/223fz/webRequest/1" xmlns:ns2="http://zakupki.gov.ru/223fz/purchase/1" xmlns:xsi="http://www.w3.org/2001/XMLSchema-instance" xmlns:ns3="http://zakupki.gov.ru/223fz/dishonestSupplier/1" xmlns:ns4="http://zakupki.gov.ru/223fz/notificationIssue/1" xmlns:ns5="http://zakupki.gov.ru/223fz/purchasePlan/1" xmlns:ns6="http://zakupki.gov.ru/223fz/purchasePlanProject/1" xmlns:ns7="http://zakupki.gov.ru/223fz/purchasePlanProjectAdditionalPosition/1" xmlns:ns8="http://zakupki.gov.ru/223fz/contract/1" xmlns:ns9="http://zakupki.gov.ru/223fz/missedNotice/1">
    <header>
        <guid>52f5ef26-6ac4-4d79-8758-c7eacc817d7f</guid>
        <createDateTime>2017-02-01T13:34:12</createDateTime>
    </header>
    <ns2:body>
        <ns2:item>
            <guid>cdc56ece-9ee9-45cf-b5a4-5e8fd3932c80</guid>
            <ns2:purchaseNoticeEPData>
                <ns2:guid>cdc56ece-9ee9-45cf-b5a4-5e8fd3932c80</ns2:guid>
                <ns2:createDateTime>2017-02-01T16:02:25</ns2:createDateTime>
                <ns2:urlOOS>https://zakupki.gov.ru/223/purchase/private/purchase/notice-info/details.html?noticeInfoId=5693640</ns2:urlOOS>
                <ns2:registrationNumber>31704742506</ns2:registrationNumber>
                <ns2:name>поставка орг.техники</ns2:name>
                <ns2:customer>
                    <mainInfo>
                        <fullName>АВТОНОМНОЕ УЧРЕЖДЕНИЕ РЕСПУБЛИКИ АЛТАЙ "МНОГОФУНКЦИОНАЛЬНЫЙ ЦЕНТР ОБЕСПЕЧЕНИЯ ПРЕДОСТАВЛЕНИЯ ГОСУДАРСТВЕННЫХ И МУНИЦИПАЛЬНЫХ УСЛУГ"</fullName>
                        <shortName>АУ РА "МФЦ"</shortName>
                        <iko>50411142202041101001</iko>
                        <inn>0411142202</inn>
                        <kpp>041101001</kpp>
                        <ogrn>1080411007181</ogrn>
                        <legalAddress>649000, Респ АЛТАЙ, г ГОРНО-АЛТАЙСК, ул В.И.ЧАПТЫНОВА, дом 28</legalAddress>
                        <postalAddress>649000, дом 28</postalAddress>
                        <phone>7-3882-223211</phone>
                        <email>mfc-altai@mail.ru</email>
                        <okato>84401000000</okato>
                        <okpo>89421177</okpo>
                    </mainInfo>
                </ns2:customer>
                <ns2:purchaseMethodCode>3363</ns2:purchaseMethodCode>
                <ns2:purchaseCodeName>Закупка у единственного поставщика (исполнителя, подрядчика)</ns2:purchaseCodeName>
                <ns2:placer>
                    <mainInfo>
                        <fullName>АВТОНОМНОЕ УЧРЕЖДЕНИЕ РЕСПУБЛИКИ АЛТАЙ "МНОГОФУНКЦИОНАЛЬНЫЙ ЦЕНТР ОБЕСПЕЧЕНИЯ ПРЕДОСТАВЛЕНИЯ ГОСУДАРСТВЕННЫХ И МУНИЦИПАЛЬНЫХ УСЛУГ"</fullName>
                        <shortName>АУ РА "МФЦ"</shortName>
                        <iko>50411142202041101001</iko>
                        <inn>0411142202</inn>
                        <kpp>041101001</kpp>
                        <ogrn>1080411007181</ogrn>
                        <legalAddress>649000, Респ АЛТАЙ, г ГОРНО-АЛТАЙСК, ул В.И.ЧАПТЫНОВА, дом 28</legalAddress>
                        <postalAddress>649000, дом 28</postalAddress>
                        <phone>7-3882-223211</phone>
                        <email>mfc-altai@mail.ru</email>
                        <okato>84401000000</okato>
                        <okpo>89421177</okpo>
                    </mainInfo>
                </ns2:placer>
                <ns2:contact>
                    <firstName>Ирина</firstName>
                    <middleName>Юрьевна</middleName>
                    <lastName>Чехова</lastName>
                    <phone>+388 (22) 23211</phone>
                    <email>mfc-altai@mail.ru</email>
                    <organization>
                        <mainInfo>
                            <fullName>АВТОНОМНОЕ УЧРЕЖДЕНИЕ РЕСПУБЛИКИ АЛТАЙ "МНОГОФУНКЦИОНАЛЬНЫЙ ЦЕНТР ОБЕСПЕЧЕНИЯ ПРЕДОСТАВЛЕНИЯ ГОСУДАРСТВЕННЫХ И МУНИЦИПАЛЬНЫХ УСЛУГ"</fullName>
                            <shortName>АУ РА "МФЦ"</shortName>
                            <iko>50411142202041101001</iko>
                            <inn>0411142202</inn>
                            <kpp>041101001</kpp>
                            <ogrn>1080411007181</ogrn>
                            <legalAddress>649000, Респ АЛТАЙ, г ГОРНО-АЛТАЙСК, ул В.И.ЧАПТЫНОВА, дом 28</legalAddress>
                            <postalAddress>649000, дом 28</postalAddress>
                            <phone>7-3882-223211</phone>
                            <email>mfc-altai@mail.ru</email>
                            <okato>84401000000</okato>
                            <okpo>89421177</okpo>
                        </mainInfo>
                    </organization>
                </ns2:contact>
                <ns2:publicationDateTime>2017-02-01T16:34:12</ns2:publicationDateTime>
                <ns2:documentationDelivery/>
                <ns2:status>P</ns2:status>
                <ns2:version>1</ns2:version>
                <ns2:notDishonest>false</ns2:notDishonest>
                <ns2:attachments>
                    <totalDocumentsCount>1</totalDocumentsCount>
                    <document>
                        <guid>8f9e78fd-3ce2-4ef3-a7c6-adaf81d2c1aa</guid>
                        <createDateTime>2017-02-01T13:33:58</createDateTime>
                        <fileName>Трандышев 302838.docx</fileName>
                        <description>Трандышев 302838</description>
                        <url>http://zakupki.gov.ru/223/purchase/public/download/download.html?id=29016430</url>
                    </document>
                </ns2:attachments>
                <ns2:modificationDate>2017-02-01T16:34:12</ns2:modificationDate>
                <ns2:saveUserId>257167</ns2:saveUserId>
                <ns2:deliveryPlaceIndication>SINGLE_PLACE</ns2:deliveryPlaceIndication>
                <ns2:emergency>false</ns2:emergency>
                <ns2:jointPurchase>false</ns2:jointPurchase>
                <ns2:lots>
                    <lot>
                        <guid>c8363964-7765-4a25-aa5f-983ae3a074d0</guid>
                        <ordinalNumber>1</ordinalNumber>
                        <lotEditEnabled>false</lotEditEnabled>
                        <lotData>
                            <subject>Поставка орг.техники</subject>
                            <currency>
                                <code>RUB</code>
                                <digitalCode>643</digitalCode>
                                <name>Российский рубль</name>
                            </currency>
                            <initialSum>664500.00</initialSum>
                            <deliveryPlace>
                                <state>Сибирский федеральный округ</state>
                                <region>Алтай Респ </region>
                                <regionOkato>84000000000</regionOkato>
                                <address>г.Горно-Алтайск, ул.Чаптынова,28</address>
                            </deliveryPlace>
                            <lotItems>
                                <newCodes>true</newCodes>
                                <lotItem>
                                    <guid>1c7ad6bf-9972-430d-84fb-9bed4298dc78</guid>
                                    <ordinalNumber>1</ordinalNumber>
                                    <okpd2>
                                        <code>47.41.1</code>
                                        <name>Услуги по розничной торговле компьютерами в специализированных магазинах</name>
                                    </okpd2>
                                    <okved2>
                                        <code>47.41.1</code>
                                        <name>Торговля розничная компьютерами в специализированных магазинах</name>
                                    </okved2>
                                </lotItem>
                            </lotItems>
                            <forSmallOrMiddle>false</forSmallOrMiddle>
                            <excludePurchaseFromPlan>false</excludePurchaseFromPlan>
                            <subcontractorsRequirement>false</subcontractorsRequirement>
                            <ignoredPurchase>false</ignoredPurchase>
                            <centralized>false</centralized>
                        </lotData>
                        <deliveryPlaceIndication>GL</deliveryPlaceIndication>
                        <jointLotData>
                            <jointLot>false</jointLot>
                        </jointLotData>
                        <lotPlanInfo>
                            <planRegistrationNumber>2170227163</planRegistrationNumber>
                            <planGuid>5fd62f87-bdfb-41ca-b4bf-34136583b8e4</planGuid>
                            <positionNumber>17</positionNumber>
                            <lotPlanPosition>COMMODITY</lotPlanPosition>
                            <positionGuid>8280cf4c-0f65-490f-bd0c-cccc9127bd29</positionGuid>
                        </lotPlanInfo>
                        <cancelled>false</cancelled>
                    </lot>
                </ns2:lots>
            </ns2:purchaseNoticeEPData>
        </ns2:item>
    </ns2:body>
</ns2:purchaseNoticeEP>
