<?xml version="1.0" encoding="UTF-8" standalone="yes"?>
<ns2:purchaseNoticeAE xsi:schemaLocation="http://zakupki.gov.ru/223/integration/schema/TFF-5.2 http://zakupki.gov.ru/223/integration/schema/TFF-5.2/purchase.xsd" xmlns="http://zakupki.gov.ru/223fz/types/1" xmlns:ns10="http://zakupki.gov.ru/223fz/purchasePlan/1" xmlns:ns11="http://zakupki.gov.ru/223fz/purchasePlanProject/1" xmlns:ns12="http://zakupki.gov.ru/223fz/purchasePlanProjectAdditionalPosition/1" xmlns:ns13="http://zakupki.gov.ru/223fz/contract/1" xmlns:ns14="http://zakupki.gov.ru/223fz/missedNotice/1" xmlns:ns15="http://zakupki.gov.ru/223fz/reference/1" xmlns:ns16="http://zakupki.gov.ru/223fz/stopCommodity/1" xmlns:ns17="http://zakupki.gov.ru/223fz/decisionSuspension/1" xmlns:ns18="http://zakupki.gov.ru/223fz/purchasePlanAdditionalPosition/1" xmlns:ns19="http://zakupki.gov.ru/223fz/webRequest/1" xmlns:ns2="http://zakupki.gov.ru/223fz/purchase/1" xmlns:xsi="http://www.w3.org/2001/XMLSchema-instance" xmlns:ns3="http://zakupki.gov.ru/223fz/dishonestSupplier/1" xmlns:ns4="http://zakupki.gov.ru/223fz/machineryListInfo/1" xmlns:ns5="http://zakupki.gov.ru/223fz/revenue/1" xmlns:ns6="http://zakupki.gov.ru/223fz/orderClauseList/1" xmlns:ns7="http://zakupki.gov.ru/223fz/disagreementProtocol/1" xmlns:ns8="http://zakupki.gov.ru/223fz/complaint/1" xmlns:ns9="http://zakupki.gov.ru/223fz/notificationIssue/1">
    <header>
        <guid>eedf0794-7eda-42a4-b1b4-57bd45de5392</guid>
        <createDateTime>2017-03-16T18:06:21</createDateTime>
    </header>
    <ns2:body>
        <ns2:item>
            <guid>cb3d3e14-45cc-435d-82d3-78f0bcb6335b</guid>
            <ns2:purchaseNoticeAEData>
                <ns2:guid>cb3d3e14-45cc-435d-82d3-78f0bcb6335b</ns2:guid>
                <ns2:createDateTime>2017-03-16T18:05:41</ns2:createDateTime>
                <ns2:urlOOS>https://zakupki.gov.ru/223/purchase/private/purchase/notice-info/details.html?noticeInfoId=5888246</ns2:urlOOS>
                <ns2:registrationNumber>31704899815</ns2:registrationNumber>
                <ns2:name>Лот № 111-ЗМУВО-03.2017 «Техническое обслуживание и ремонт автомобилей отряда "Брянский" филиала ООО "Транснефть-Охрана" Западное МУВО»</ns2:name>
                <ns2:customer>
                    <mainInfo>
                        <fullName>ОБЩЕСТВО С ОГРАНИЧЕННОЙ ОТВЕТСТВЕННОСТЬЮ "ТРАНСНЕФТЬ-ОХРАНА"</fullName>
                        <shortName>ООО "ТРАНСНЕФТЬ-ОХРАНА"</shortName>
                        <iko>57728881149772801001</iko>
                        <inn>7728881149</inn>
                        <kpp>772801001</kpp>
                        <ogrn>1147746651898</ogrn>
                        <legalAddress>117420, г МОСКВА, ул НАМЕТКИНА, дом 12, корпус 2</legalAddress>
                        <postalAddress>121059, г.Москва, ул. Киевская, д. 7, подъезд 7, этаж 10</postalAddress>
                        <phone>7-495-9508362</phone>
                        <email>babaevii@tno.transneft.ru</email>
                        <okato>45293590000</okato>
                        <okpo>16983393</okpo>
                    </mainInfo>
                </ns2:customer>
                <ns2:purchaseMethodCode>3361</ns2:purchaseMethodCode>
                <ns2:purchaseCodeName>Открытый аукцион в электронной форме</ns2:purchaseCodeName>
                <ns2:placer>
                    <mainInfo>
                        <fullName>ОБЩЕСТВО С ОГРАНИЧЕННОЙ ОТВЕТСТВЕННОСТЬЮ "ТРАНСНЕФТЬ-ОХРАНА"</fullName>
                        <shortName>ООО "ТРАНСНЕФТЬ-ОХРАНА"</shortName>
                        <iko>57728881149772801001</iko>
                        <inn>7728881149</inn>
                        <kpp>772801001</kpp>
                        <ogrn>1147746651898</ogrn>
                        <legalAddress>117420, г МОСКВА, ул НАМЕТКИНА, дом 12, корпус 2</legalAddress>
                        <postalAddress>121059, г.Москва, ул. Киевская, д. 7, подъезд 7, этаж 10</postalAddress>
                        <phone>7-495-9508362</phone>
                        <email>babaevii@tno.transneft.ru</email>
                        <okato>45293590000</okato>
                        <okpo>16983393</okpo>
                    </mainInfo>
                </ns2:placer>
                <ns2:contact>
                    <phone>+7 (495) 9508362</phone>
                    <email>BabaevII@tno.transneft.ru</email>
                    <organization>
                        <mainInfo>
                            <fullName>ОБЩЕСТВО С ОГРАНИЧЕННОЙ ОТВЕТСТВЕННОСТЬЮ "ТРАНСНЕФТЬ-ОХРАНА"</fullName>
                            <shortName>ООО "ТРАНСНЕФТЬ-ОХРАНА"</shortName>
                            <iko>57728881149772801001</iko>
                            <inn>7728881149</inn>
                            <kpp>772801001</kpp>
                            <ogrn>1147746651898</ogrn>
                            <legalAddress>117420, г МОСКВА, ул НАМЕТКИНА, дом 12, корпус 2</legalAddress>
                            <postalAddress>121059, г.Москва, ул. Киевская, д. 7, подъезд 7, этаж 10</postalAddress>
                            <phone>7-495-9508362</phone>
                            <email>babaevii@tno.transneft.ru</email>
                            <okato>45293590000</okato>
                            <okpo>16983393</okpo>
                        </mainInfo>
                    </organization>
                </ns2:contact>
                <ns2:publicationDateTime>2017-03-16T18:06:21</ns2:publicationDateTime>
                <ns2:documentationDelivery>
                    <deliveryStartDateTime>2017-03-16</deliveryStartDateTime>
                    <deliveryEndDateTime>2017-04-06</deliveryEndDateTime>
                    <place>Документация о закупке в форме электронного документа находится в открытом доступе с момента размещения извещения о закупке в единой информационной системе (www.zakupki.gov.ru;  www.roseltorg.ru) и на официальном сайте ООО «Транснефть-Охрана» (http://tno.transneft.ru/tenders/info/)</place>
                    <procedure>Документация о закупке в форме электронного документа находится в открытом доступе с момента размещения извещения о закупке в единой информационной системе (www.zakupki.gov.ru;  www.roseltorg.ru) и на официальном сайте ООО «Транснефть-Охрана» (http://tno.transneft.ru/tenders/info/)</procedure>
                </ns2:documentationDelivery>
                <ns2:status>P</ns2:status>
                <ns2:version>2</ns2:version>
                <ns2:modificationDescription>Внесение изменений в документацию о закупке.</ns2:modificationDescription>
                <ns2:notDishonest>true</ns2:notDishonest>
                <ns2:attachments>
                    <totalDocumentsCount>5</totalDocumentsCount>
                    <document>
                        <guid>6090c200-ec27-480a-92cc-61ef7444fea4</guid>
                        <createDateTime>2017-03-16T17:52:55</createDateTime>
                        <fileName>Документация о заукпке по лоту № 111-ЗМУВО-03.2017.rar</fileName>
                        <description>Документация о заукпке по лоту № 111-ЗМУВО-03.2017</description>
                        <url>http://zakupki.gov.ru/223/purchase/public/download/download.html?id=30120386</url>
                    </document>
                    <document>
                        <guid>448618d9-2b1b-4048-9a99-2b3da913b3a5</guid>
                        <createDateTime>2017-03-16T17:53:00</createDateTime>
                        <fileName>Извещение о закупке.docx</fileName>
                        <description>Извещение о закупке</description>
                        <url>http://zakupki.gov.ru/223/purchase/public/download/download.html?id=30120387</url>
                    </document>
                    <document>
                        <guid>4e32233f-5f96-4344-a60e-893fadfb5f76</guid>
                        <createDateTime>2017-03-16T18:05:59</createDateTime>
                        <fileName>Документация о заукпке по лоту № 111-ЗМУВО-03.2017.rar</fileName>
                        <description>Документация о заукпке по лоту № 111-ЗМУВО-03.2017</description>
                        <url>http://zakupki.gov.ru/223/purchase/public/download/download.html?id=30120403</url>
                    </document>
                    <document>
                        <guid>4e02a069-3841-4d94-b2ad-cdfa9f7858b8</guid>
                        <createDateTime>2017-03-16T17:53:05</createDateTime>
                        <fileName>Проект договора.rar</fileName>
                        <description>Проект договора</description>
                        <url>http://zakupki.gov.ru/223/purchase/public/download/download.html?id=30120388</url>
                    </document>
                    <document>
                        <guid>0f97a5b0-fbe8-44e8-8f1f-2979ceea569a</guid>
                        <createDateTime>2017-03-16T18:06:04</createDateTime>
                        <fileName>Извещение о закупке.docx</fileName>
                        <description>Извещение о закупке</description>
                        <url>http://zakupki.gov.ru/223/purchase/public/download/download.html?id=30120406</url>
                    </document>
                </ns2:attachments>
                <ns2:modificationDate>2017-03-16T18:06:21</ns2:modificationDate>
                <ns2:saveUserId>197161</ns2:saveUserId>
                <ns2:deliveryPlaceIndication>DIFFERENT_PLACE</ns2:deliveryPlaceIndication>
                <ns2:emergency>false</ns2:emergency>
                <ns2:jointPurchase>false</ns2:jointPurchase>
                <ns2:lots>
                    <lot>
                        <guid>cffc2c29-0501-44a9-8f66-20392481e208</guid>
                        <ordinalNumber>1</ordinalNumber>
                        <lotEditEnabled>false</lotEditEnabled>
                        <lotData>
                            <subject>Лот № 111-ЗМУВО-03.2017 'Техническое обслуживание и ремонт автомобилей отряда 'Брянский' филиала ООО 'Транснефть-Охрана' Западное МУВО'</subject>
                            <currency>
                                <code>RUB</code>
                                <digitalCode>643</digitalCode>
                                <name>Российский рубль</name>
                            </currency>
                            <initialSum>2500000.00</initialSum>
                            <lotItems>
                                <newCodes>true</newCodes>
                                <lotItem>
                                    <guid>df8dda45-ffe7-4778-b426-b2a2695aa205</guid>
                                    <ordinalNumber>1</ordinalNumber>
                                    <okpd2>
                                        <code>45.20</code>
                                        <name>Услуги по техническому обслуживанию и ремонту автотранспортных средств</name>
                                    </okpd2>
                                    <okved2>
                                        <code>45.20</code>
                                        <name>Техническое обслуживание и ремонт автотранспортных средств</name>
                                    </okved2>
                                    <okei>
                                        <code>796</code>
                                        <name>Штука</name>
                                    </okei>
                                    <qty>27</qty>
                                    <deliveryPlace>
                                        <state>Центральный федеральный округ</state>
                                        <region>Брянская   обл</region>
                                        <regionOkato>15000000000</regionOkato>
                                        <address>Не заполнено</address>
                                    </deliveryPlace>
                                </lotItem>
                            </lotItems>
                            <forSmallOrMiddle>true</forSmallOrMiddle>
                            <excludePurchaseFromPlan>false</excludePurchaseFromPlan>
                            <subcontractorsRequirement>false</subcontractorsRequirement>
                            <ignoredPurchase>false</ignoredPurchase>
                            <centralized>false</centralized>
                        </lotData>
                        <deliveryPlaceIndication>ELP</deliveryPlaceIndication>
                        <jointLotData>
                            <jointLot>false</jointLot>
                        </jointLotData>
                        <lotPlanInfo>
                            <planRegistrationNumber>2160196124</planRegistrationNumber>
                            <planGuid>f28317e3-e9cc-4aa6-bee6-e66ef91c3b25</planGuid>
                            <positionNumber>778</positionNumber>
                            <lotPlanPosition>COMMODITY</lotPlanPosition>
                            <positionGuid>8b3e3ae2-a794-a0da-91b7-e65c178c1940</positionGuid>
                        </lotPlanInfo>
                        <cancelled>false</cancelled>
                    </lot>
                </ns2:lots>
                <ns2:electronicPlaceInfo>
                    <name>АО «ЕЭТП»</name>
                    <url>http://com.roseltorg.ru</url>
                    <electronicPlaceId>113</electronicPlaceId>
                </ns2:electronicPlaceInfo>
                <ns2:auctionTime>2017-04-12T11:00:00</ns2:auctionTime>
                <ns2:applExamPeriodTime>2017-04-10T00:00:00</ns2:applExamPeriodTime>
                <ns2:submissionCloseDateTime>2017-04-06T11:00:00</ns2:submissionCloseDateTime>
                <ns2:publicationPlannedDate>2017-03-16</ns2:publicationPlannedDate>
            </ns2:purchaseNoticeAEData>
        </ns2:item>
    </ns2:body>
</ns2:purchaseNoticeAE>
