<?xml version="1.0" encoding="UTF-8" standalone="yes"?>
<ns2:purchaseNoticeAE xsi:schemaLocation="http://zakupki.gov.ru/223/integration/schema/TFF-5.2 http://zakupki.gov.ru/223/integration/schema/TFF-5.2/purchase.xsd" xmlns="http://zakupki.gov.ru/223fz/types/1" xmlns:ns10="http://zakupki.gov.ru/223fz/purchasePlan/1" xmlns:ns11="http://zakupki.gov.ru/223fz/purchasePlanProject/1" xmlns:ns12="http://zakupki.gov.ru/223fz/purchasePlanProjectAdditionalPosition/1" xmlns:ns13="http://zakupki.gov.ru/223fz/contract/1" xmlns:ns14="http://zakupki.gov.ru/223fz/missedNotice/1" xmlns:ns15="http://zakupki.gov.ru/223fz/reference/1" xmlns:ns16="http://zakupki.gov.ru/223fz/stopCommodity/1" xmlns:ns17="http://zakupki.gov.ru/223fz/decisionSuspension/1" xmlns:ns18="http://zakupki.gov.ru/223fz/purchasePlanAdditionalPosition/1" xmlns:ns19="http://zakupki.gov.ru/223fz/webRequest/1" xmlns:ns2="http://zakupki.gov.ru/223fz/purchase/1" xmlns:xsi="http://www.w3.org/2001/XMLSchema-instance" xmlns:ns3="http://zakupki.gov.ru/223fz/dishonestSupplier/1" xmlns:ns4="http://zakupki.gov.ru/223fz/machineryListInfo/1" xmlns:ns5="http://zakupki.gov.ru/223fz/revenue/1" xmlns:ns6="http://zakupki.gov.ru/223fz/orderClauseList/1" xmlns:ns7="http://zakupki.gov.ru/223fz/disagreementProtocol/1" xmlns:ns8="http://zakupki.gov.ru/223fz/complaint/1" xmlns:ns9="http://zakupki.gov.ru/223fz/notificationIssue/1">
    <header>
        <guid>52c8306e-163e-4f85-aca5-6b732cfe27a3</guid>
        <createDateTime>2017-03-16T15:20:25</createDateTime>
    </header>
    <ns2:body>
        <ns2:item>
            <guid>831155e9-b029-7d35-b844-5ecc4e31d5df</guid>
            <ns2:purchaseNoticeAEData>
                <ns2:guid>831155e9-b029-7d35-b844-5ecc4e31d5df</ns2:guid>
                <ns2:createDateTime>2017-03-16T15:15:07</ns2:createDateTime>
                <ns2:urlOOS>https://zakupki.gov.ru/223/purchase/private/purchase/notice-info/details.html?noticeInfoId=5886657</ns2:urlOOS>
                <ns2:urlVSRZ>https://com.roseltorg.ru/#com/procedure/view/id/286230</ns2:urlVSRZ>
                <ns2:registrationNumber>31704898509</ns2:registrationNumber>
                <ns2:name>Открытый аукцион в электронной форме на право заключения договора на поставку электронно-вычислительной техники, оргтехники и комплектующих</ns2:name>
                <ns2:customer>
                    <mainInfo>
                        <fullName>АКЦИОНЕРНОЕ ОБЩЕСТВО "ГОЛОВНОЕ ПРОИЗВОДСТВЕННО-ТЕХНИЧЕСКОЕ ПРЕДПРИЯТИЕ "ГРАНИТ"</fullName>
                        <shortName>АО "ГПТП"ГРАНИТ"</shortName>
                        <iko>67731263174773101001</iko>
                        <inn>7731263174</inn>
                        <kpp>773101001</kpp>
                        <ogrn>1027731005323</ogrn>
                        <legalAddress>121467, г МОСКВА, ул МОЛОДОГВАРДЕЙСКАЯ, дом 7</legalAddress>
                        <postalAddress>121467, г.Москва, Молодогвардейская ул., д.7</postalAddress>
                        <phone>7-499-1495746</phone>
                        <fax>7-499-1495885</fax>
                        <email>s.lobov2013@yandex.ru</email>
                        <okato>45268562000</okato>
                        <okpo>07521363</okpo>
                    </mainInfo>
                </ns2:customer>
                <ns2:purchaseMethodCode>3361</ns2:purchaseMethodCode>
                <ns2:purchaseCodeName>Открытый аукцион в электронной форме</ns2:purchaseCodeName>
                <ns2:placer>
                    <mainInfo>
                        <fullName>АКЦИОНЕРНОЕ ОБЩЕСТВО "ГОЛОВНОЕ ПРОИЗВОДСТВЕННО-ТЕХНИЧЕСКОЕ ПРЕДПРИЯТИЕ "ГРАНИТ"</fullName>
                        <shortName>АО "ГПТП"ГРАНИТ"</shortName>
                        <iko>67731263174773101001</iko>
                        <inn>7731263174</inn>
                        <kpp>773101001</kpp>
                        <ogrn>1027731005323</ogrn>
                        <legalAddress>121467, г МОСКВА, ул МОЛОДОГВАРДЕЙСКАЯ, дом 7</legalAddress>
                        <postalAddress>121467, г.Москва, Молодогвардейская ул., д.7</postalAddress>
                        <phone>7-499-1495746</phone>
                        <fax>7-499-1495885</fax>
                        <email>s.lobov2013@yandex.ru</email>
                        <okato>45268562000</okato>
                        <okpo>07521363</okpo>
                    </mainInfo>
                </ns2:placer>
                <ns2:contact>
                    <firstName>Николай</firstName>
                    <middleName>Викторович</middleName>
                    <lastName>Чечет</lastName>
                    <phone>+7 (499) 1495746</phone>
                    <email>s.lobov2013@yandex.ru</email>
                    <organization>
                        <mainInfo>
                            <fullName>АКЦИОНЕРНОЕ ОБЩЕСТВО "ГОЛОВНОЕ ПРОИЗВОДСТВЕННО-ТЕХНИЧЕСКОЕ ПРЕДПРИЯТИЕ "ГРАНИТ"</fullName>
                            <shortName>АО "ГПТП"ГРАНИТ"</shortName>
                            <iko>67731263174773101001</iko>
                            <inn>7731263174</inn>
                            <kpp>773101001</kpp>
                            <ogrn>1027731005323</ogrn>
                            <legalAddress>121467, г МОСКВА, ул МОЛОДОГВАРДЕЙСКАЯ, дом 7</legalAddress>
                            <postalAddress>121467, г.Москва, Молодогвардейская ул., д.7</postalAddress>
                            <phone>7-499-1495746</phone>
                            <fax>7-499-1495885</fax>
                            <email>s.lobov2013@yandex.ru</email>
                            <okato>45268562000</okato>
                            <okpo>07521363</okpo>
                        </mainInfo>
                    </organization>
                </ns2:contact>
                <ns2:publicationDateTime>2017-03-16T15:20:25</ns2:publicationDateTime>
                <ns2:documentationDelivery>
                    <deliveryStartDateTime>2017-03-16</deliveryStartDateTime>
                    <deliveryEndDateTime>2017-04-07</deliveryEndDateTime>
                    <place>https://com.roseltorg.ru/</place>
                    <procedure>посредством размещения для скачивания и ознакомления</procedure>
                </ns2:documentationDelivery>
                <ns2:status>P</ns2:status>
                <ns2:version>1</ns2:version>
                <ns2:notDishonest>true</ns2:notDishonest>
                <ns2:attachments>
                    <totalDocumentsCount>1</totalDocumentsCount>
                    <document>
                        <guid>f0c966a0-be90-beac-863f-d125823f7f9d</guid>
                        <createDateTime>2017-03-16T14:54:17</createDateTime>
                        <fileName>Документация_А_ВТ_03.2017.doc</fileName>
                        <description>Документация</description>
                        <url>http://zakupki.gov.ru/223/purchase/public/download/download.html?id=30112728</url>
                    </document>
                </ns2:attachments>
                <ns2:modificationDate>2017-03-16T15:20:25</ns2:modificationDate>
                <ns2:saveUserId>18105</ns2:saveUserId>
                <ns2:deliveryPlaceIndication>DIFFERENT_PLACE</ns2:deliveryPlaceIndication>
                <ns2:emergency>false</ns2:emergency>
                <ns2:jointPurchase>false</ns2:jointPurchase>
                <ns2:lots>
                    <lot>
                        <guid>1a7b3747-674e-6443-cd2c-07bfbb91df02</guid>
                        <ordinalNumber>1</ordinalNumber>
                        <lotEditEnabled>true</lotEditEnabled>
                        <lotData>
                            <subject>Поставка электронно-вычислительной техники, оргтехники и комплектующих</subject>
                            <currency>
                                <code>RUB</code>
                                <digitalCode>643</digitalCode>
                                <name>Российский рубль</name>
                            </currency>
                            <initialSum>2000000.00</initialSum>
                            <deliveryPlace>
                                <address>Молодогвардейская ул., д. 7, Москва</address>
                            </deliveryPlace>
                            <lotItems>
                                <newCodes>true</newCodes>
                                <lotItem>
                                    <guid>348ed9c0-3386-8442-8e77-85d79bf73240</guid>
                                    <ordinalNumber>1</ordinalNumber>
                                    <okpd2>
                                        <code>26.20.1</code>
                                        <name>Компьютеры, их части и принадлежности</name>
                                    </okpd2>
                                    <okved2>
                                        <code>26.20</code>
                                        <name>Производство компьютеров и периферийного оборудования</name>
                                    </okved2>
                                    <okei>
                                        <code>796</code>
                                        <name>Штука</name>
                                    </okei>
                                    <qty>145</qty>
                                    <additionalInfo>Электронно-вычислительная техника, оргтехника и комплектующие</additionalInfo>
                                </lotItem>
                            </lotItems>
                            <forSmallOrMiddle>true</forSmallOrMiddle>
                            <excludePurchaseFromPlan>false</excludePurchaseFromPlan>
                            <subcontractorsRequirement>false</subcontractorsRequirement>
                            <ignoredPurchase>false</ignoredPurchase>
                            <centralized>false</centralized>
                        </lotData>
                        <deliveryPlaceIndication>GL</deliveryPlaceIndication>
                        <jointLotData>
                            <jointLot>false</jointLot>
                        </jointLotData>
                        <lotPlanInfo>
                            <planRegistrationNumber>2160217940</planRegistrationNumber>
                            <planGuid>a939982f-6113-484f-9c67-77f3296d006f</planGuid>
                            <positionNumber>126</positionNumber>
                            <lotPlanPosition>COMMODITY</lotPlanPosition>
                            <positionGuid>cf0fed3d-0388-47df-a19a-185ed4409a74</positionGuid>
                        </lotPlanInfo>
                        <cancelled>false</cancelled>
                    </lot>
                </ns2:lots>
                <ns2:electronicPlaceInfo>
                    <name>АО "ЕЭТП"</name>
                    <url>http://www.roseltorg.ru/</url>
                    <electronicPlaceId>113</electronicPlaceId>
                </ns2:electronicPlaceInfo>
                <ns2:auctionTime>2017-04-12T10:00:00</ns2:auctionTime>
                <ns2:applExamPeriodTime>2017-04-11T17:00:00</ns2:applExamPeriodTime>
                <ns2:submissionCloseDateTime>2017-04-07T10:00:00</ns2:submissionCloseDateTime>
                <ns2:publicationPlannedDate>2017-03-16</ns2:publicationPlannedDate>
            </ns2:purchaseNoticeAEData>
        </ns2:item>
    </ns2:body>
</ns2:purchaseNoticeAE>
