<?xml version="1.0" encoding="UTF-8" standalone="yes"?>
<ns2:purchaseNoticeAE xsi:schemaLocation="http://zakupki.gov.ru/223/integration/schema/TFF-5.2 http://zakupki.gov.ru/223/integration/schema/TFF-5.2/purchase.xsd" xmlns="http://zakupki.gov.ru/223fz/types/1" xmlns:ns10="http://zakupki.gov.ru/223fz/purchasePlan/1" xmlns:ns11="http://zakupki.gov.ru/223fz/purchasePlanProject/1" xmlns:ns12="http://zakupki.gov.ru/223fz/purchasePlanProjectAdditionalPosition/1" xmlns:ns13="http://zakupki.gov.ru/223fz/contract/1" xmlns:ns14="http://zakupki.gov.ru/223fz/missedNotice/1" xmlns:ns15="http://zakupki.gov.ru/223fz/reference/1" xmlns:ns16="http://zakupki.gov.ru/223fz/stopCommodity/1" xmlns:ns17="http://zakupki.gov.ru/223fz/decisionSuspension/1" xmlns:ns18="http://zakupki.gov.ru/223fz/purchasePlanAdditionalPosition/1" xmlns:ns19="http://zakupki.gov.ru/223fz/webRequest/1" xmlns:ns2="http://zakupki.gov.ru/223fz/purchase/1" xmlns:xsi="http://www.w3.org/2001/XMLSchema-instance" xmlns:ns3="http://zakupki.gov.ru/223fz/dishonestSupplier/1" xmlns:ns4="http://zakupki.gov.ru/223fz/machineryListInfo/1" xmlns:ns5="http://zakupki.gov.ru/223fz/revenue/1" xmlns:ns6="http://zakupki.gov.ru/223fz/orderClauseList/1" xmlns:ns7="http://zakupki.gov.ru/223fz/disagreementProtocol/1" xmlns:ns8="http://zakupki.gov.ru/223fz/complaint/1" xmlns:ns9="http://zakupki.gov.ru/223fz/notificationIssue/1">
    <header>
        <guid>f2c60dbb-c6cd-49a5-95cc-ddb459e395df</guid>
        <createDateTime>2017-03-16T18:24:54</createDateTime>
    </header>
    <ns2:body>
        <ns2:item>
            <guid>a2adcaff-d1ef-0d30-0fc9-d96c2f8ff606</guid>
            <ns2:purchaseNoticeAEData>
                <ns2:guid>a2adcaff-d1ef-0d30-0fc9-d96c2f8ff606</ns2:guid>
                <ns2:createDateTime>2017-03-16T15:25:09</ns2:createDateTime>
                <ns2:urlOOS>https://zakupki.gov.ru/223/purchase/private/purchase/notice-info/details.html?noticeInfoId=5886773</ns2:urlOOS>
                <ns2:urlVSRZ>https://com.roseltorg.ru/#com/procedure/view/id/286172</ns2:urlVSRZ>
                <ns2:registrationNumber>31704899918</ns2:registrationNumber>
                <ns2:name>Поставка труб стальных без изоляции диаметром 630-1620мм.</ns2:name>
                <ns2:customer>
                    <mainInfo>
                        <fullName>АКЦИОНЕРНОЕ ОБЩЕСТВО "МОСГАЗ"</fullName>
                        <shortName>АО "МОСГАЗ"</shortName>
                        <iko>57709919968770901001</iko>
                        <inn>7709919968</inn>
                        <kpp>770901001</kpp>
                        <ogrn>1127747295686</ogrn>
                        <legalAddress>105120, Г МОСКВА, ПЕР МРУЗОВСКИЙ, дом 11</legalAddress>
                        <postalAddress>105120, г. Москва, Мрузовский пер., д. 11</postalAddress>
                        <phone>7-495-9165966</phone>
                        <email>TremasovAV@mos-gaz.ru</email>
                        <okato>45286555000</okato>
                        <okpo>03135730</okpo>
                    </mainInfo>
                </ns2:customer>
                <ns2:purchaseMethodCode>3361</ns2:purchaseMethodCode>
                <ns2:purchaseCodeName>Открытый аукцион в электронной форме</ns2:purchaseCodeName>
                <ns2:placer>
                    <mainInfo>
                        <fullName>АКЦИОНЕРНОЕ ОБЩЕСТВО "МОСГАЗ"</fullName>
                        <shortName>АО "МОСГАЗ"</shortName>
                        <iko>57709919968770901001</iko>
                        <inn>7709919968</inn>
                        <kpp>770901001</kpp>
                        <ogrn>1127747295686</ogrn>
                        <legalAddress>105120, Г МОСКВА, ПЕР МРУЗОВСКИЙ, дом 11</legalAddress>
                        <postalAddress>105120, г. Москва, Мрузовский пер., д. 11</postalAddress>
                        <phone>7-495-9165966</phone>
                        <email>TremasovAV@mos-gaz.ru</email>
                        <okato>45286555000</okato>
                        <okpo>03135730</okpo>
                    </mainInfo>
                </ns2:placer>
                <ns2:contact>
                    <firstName>Александр</firstName>
                    <middleName>Викторович</middleName>
                    <lastName>Тремасов</lastName>
                    <phone>+7 (495) 9165966</phone>
                    <email>TremasovAV@mos-gaz.ru</email>
                    <organization>
                        <mainInfo>
                            <fullName>АКЦИОНЕРНОЕ ОБЩЕСТВО "МОСГАЗ"</fullName>
                            <shortName>АО "МОСГАЗ"</shortName>
                            <iko>57709919968770901001</iko>
                            <inn>7709919968</inn>
                            <kpp>770901001</kpp>
                            <ogrn>1127747295686</ogrn>
                            <legalAddress>105120, Г МОСКВА, ПЕР МРУЗОВСКИЙ, дом 11</legalAddress>
                            <postalAddress>105120, г. Москва, Мрузовский пер., д. 11</postalAddress>
                            <phone>7-495-9165966</phone>
                            <email>TremasovAV@mos-gaz.ru</email>
                            <okato>45286555000</okato>
                            <okpo>03135730</okpo>
                        </mainInfo>
                    </organization>
                </ns2:contact>
                <ns2:publicationDateTime>2017-03-16T18:24:54</ns2:publicationDateTime>
                <ns2:documentationDelivery>
                    <deliveryStartDateTime>2017-03-16</deliveryStartDateTime>
                    <deliveryEndDateTime>2017-04-06</deliveryEndDateTime>
                    <place>https://com.roseltorg.ru/</place>
                    <procedure>посредством размещения для скачивания и ознакомления</procedure>
                </ns2:documentationDelivery>
                <ns2:status>P</ns2:status>
                <ns2:version>1</ns2:version>
                <ns2:notDishonest>true</ns2:notDishonest>
                <ns2:attachments>
                    <totalDocumentsCount>3</totalDocumentsCount>
                    <document>
                        <guid>dc69907c-0ba0-0311-7a24-efbc892a4bcc</guid>
                        <createDateTime>2017-03-16T13:58:16</createDateTime>
                        <fileName>Извещение_о_проведении_аукциона_в_электронной_форме[3].pdf</fileName>
                        <description>Извещение о проведении аукциона в электронной форме</description>
                        <url>http://zakupki.gov.ru/223/purchase/public/download/download.html?id=30113243</url>
                    </document>
                    <document>
                        <guid>6440fff4-1d6f-f459-c80f-e07527f4ea11</guid>
                        <createDateTime>2017-03-16T13:58:28</createDateTime>
                        <fileName>Поставка_труб_стальных_630-1620_на_печать.pdf</fileName>
                        <description>Аукционная документация</description>
                        <url>http://zakupki.gov.ru/223/purchase/public/download/download.html?id=30113245</url>
                    </document>
                    <document>
                        <guid>d23aa923-120e-0f48-02f5-760379ae4a86</guid>
                        <createDateTime>2017-03-16T13:58:53</createDateTime>
                        <fileName>СТО_04-001-10_10.04.14.pdf</fileName>
                        <description>Приложение к Техническому заданию</description>
                        <url>http://zakupki.gov.ru/223/purchase/public/download/download.html?id=30113246</url>
                    </document>
                </ns2:attachments>
                <ns2:modificationDate>2017-03-16T18:24:54</ns2:modificationDate>
                <ns2:saveUserId>32236</ns2:saveUserId>
                <ns2:deliveryPlaceIndication>DIFFERENT_PLACE</ns2:deliveryPlaceIndication>
                <ns2:emergency>false</ns2:emergency>
                <ns2:jointPurchase>false</ns2:jointPurchase>
                <ns2:lots>
                    <lot>
                        <guid>eaa0b5ce-a35e-5601-2917-0ada8abd1aa9</guid>
                        <ordinalNumber>1</ordinalNumber>
                        <lotEditEnabled>true</lotEditEnabled>
                        <lotData>
                            <subject>Поставка труб стальных без изоляции диаметром 630-1620мм.</subject>
                            <currency>
                                <code>RUB</code>
                                <digitalCode>643</digitalCode>
                                <name>Российский рубль</name>
                            </currency>
                            <initialSum>49800000.00</initialSum>
                            <deliveryPlace>
                                <address>В соответствии с аукционной документацией</address>
                            </deliveryPlace>
                            <lotItems>
                                <newCodes>true</newCodes>
                                <lotItem>
                                    <guid>f7d51c6b-7381-d2fc-3cbb-3f83ac8e1ca0</guid>
                                    <ordinalNumber>1</ordinalNumber>
                                    <okpd2>
                                        <code>24.20</code>
                                        <name>Трубы, профили пустотелые и их фитинги стальные</name>
                                    </okpd2>
                                    <okved2>
                                        <code>24.20</code>
                                        <name>Производство стальных труб, полых профилей и фитингов</name>
                                    </okved2>
                                    <okei>
                                        <code>876</code>
                                        <name>Условная единица</name>
                                    </okei>
                                    <qty>1</qty>
                                    <additionalInfo>Поставка труб стальных без изоляции диаметром 630-1620мм.</additionalInfo>
                                </lotItem>
                            </lotItems>
                            <forSmallOrMiddle>false</forSmallOrMiddle>
                            <excludePurchaseFromPlan>false</excludePurchaseFromPlan>
                            <subcontractorsRequirement>false</subcontractorsRequirement>
                            <ignoredPurchase>false</ignoredPurchase>
                            <centralized>false</centralized>
                        </lotData>
                        <deliveryPlaceIndication>GL</deliveryPlaceIndication>
                        <jointLotData>
                            <jointLot>false</jointLot>
                        </jointLotData>
                        <lotPlanInfo>
                            <planRegistrationNumber>2160210930</planRegistrationNumber>
                            <planGuid>b3945392-fa32-4854-8590-fc9b4590a746</planGuid>
                            <positionNumber>72</positionNumber>
                            <lotPlanPosition>COMMODITY</lotPlanPosition>
                            <positionGuid>afed02fb-dc1e-fde7-99e7-e5413be66c50</positionGuid>
                        </lotPlanInfo>
                        <cancelled>false</cancelled>
                    </lot>
                </ns2:lots>
                <ns2:electronicPlaceInfo>
                    <name>АО "ЕЭТП"</name>
                    <url>http://www.roseltorg.ru/</url>
                    <electronicPlaceId>113</electronicPlaceId>
                </ns2:electronicPlaceInfo>
                <ns2:auctionTime>2017-04-17T21:00:00</ns2:auctionTime>
                <ns2:applExamPeriodTime>2017-04-10T12:00:00</ns2:applExamPeriodTime>
                <ns2:submissionCloseDateTime>2017-04-06T08:30:00</ns2:submissionCloseDateTime>
                <ns2:publicationPlannedDate>2017-03-16</ns2:publicationPlannedDate>
            </ns2:purchaseNoticeAEData>
        </ns2:item>
    </ns2:body>
</ns2:purchaseNoticeAE>
