<?xml version="1.0" encoding="UTF-8" standalone="yes"?>
<ns2:purchaseNoticeAE xsi:schemaLocation="http://zakupki.gov.ru/223/integration/schema/TFF-5.2 http://zakupki.gov.ru/223/integration/schema/TFF-5.2/purchase.xsd" xmlns="http://zakupki.gov.ru/223fz/types/1" xmlns:ns10="http://zakupki.gov.ru/223fz/purchasePlan/1" xmlns:ns11="http://zakupki.gov.ru/223fz/purchasePlanProject/1" xmlns:ns12="http://zakupki.gov.ru/223fz/purchasePlanProjectAdditionalPosition/1" xmlns:ns13="http://zakupki.gov.ru/223fz/contract/1" xmlns:ns14="http://zakupki.gov.ru/223fz/missedNotice/1" xmlns:ns15="http://zakupki.gov.ru/223fz/reference/1" xmlns:ns16="http://zakupki.gov.ru/223fz/stopCommodity/1" xmlns:ns17="http://zakupki.gov.ru/223fz/decisionSuspension/1" xmlns:ns18="http://zakupki.gov.ru/223fz/purchasePlanAdditionalPosition/1" xmlns:ns19="http://zakupki.gov.ru/223fz/webRequest/1" xmlns:ns2="http://zakupki.gov.ru/223fz/purchase/1" xmlns:xsi="http://www.w3.org/2001/XMLSchema-instance" xmlns:ns3="http://zakupki.gov.ru/223fz/dishonestSupplier/1" xmlns:ns4="http://zakupki.gov.ru/223fz/machineryListInfo/1" xmlns:ns5="http://zakupki.gov.ru/223fz/revenue/1" xmlns:ns6="http://zakupki.gov.ru/223fz/orderClauseList/1" xmlns:ns7="http://zakupki.gov.ru/223fz/disagreementProtocol/1" xmlns:ns8="http://zakupki.gov.ru/223fz/complaint/1" xmlns:ns9="http://zakupki.gov.ru/223fz/notificationIssue/1">
    <header>
        <guid>4e29c675-d73a-48a6-8ada-3a3a7cb7dbc0</guid>
        <createDateTime>2017-03-16T15:08:39</createDateTime>
    </header>
    <ns2:body>
        <ns2:item>
            <guid>bc152e81-0ea6-4d59-9a75-26748781d9cd</guid>
            <ns2:purchaseNoticeAEData>
                <ns2:guid>bc152e81-0ea6-4d59-9a75-26748781d9cd</ns2:guid>
                <ns2:createDateTime>2017-03-16T15:05:35</ns2:createDateTime>
                <ns2:urlOOS>https://zakupki.gov.ru/223/purchase/private/purchase/notice-info/details.html?noticeInfoId=5886537</ns2:urlOOS>
                <ns2:urlVSRZ>http://torgi223.ru</ns2:urlVSRZ>
                <ns2:registrationNumber>31704835404</ns2:registrationNumber>
                <ns2:name>Оказание услуг по изготовлению медицинских форм и формуляров</ns2:name>
                <ns2:customer>
                    <mainInfo>
                        <fullName>ФЕДЕРАЛЬНОЕ ГОСУДАРСТВЕННОЕ АВТОНОМНОЕ УЧРЕЖДЕНИЕ "МЕЖОТРАСЛЕВОЙ НАУЧНО-ТЕХНИЧЕСКИЙ КОМПЛЕКС "МИКРОХИРУРГИЯ ГЛАЗА" ИМЕНИ АКАДЕМИКА С.Н. ФЕДОРОВА" МИНИСТЕРСТВА ЗДРАВООХРАНЕНИЯ РОССИЙСКОЙ ФЕДЕРАЦИИ</fullName>
                        <shortName>ФГАУ "МНТК "МИКРОХИРУРГИЯ ГЛАЗА" ИМ.АКАД. С.Н. ФЕДОРОВА" МИНЗДРАВА РОССИИ</shortName>
                        <iko>87713059497771301001</iko>
                        <inn>7713059497</inn>
                        <kpp>771301001</kpp>
                        <ogrn>1027739714606</ogrn>
                        <legalAddress>127486, Г МОСКВА, Б-Р БЕСКУДНИКОВСКИЙ, дом 59А</legalAddress>
                        <postalAddress>127486, Москва Город, Бескудниковский Бульвар, дом 59А</postalAddress>
                        <phone>7-495-4888747</phone>
                        <email>glaz-za-glaz@yandex.ru</email>
                        <okato>45277559000</okato>
                        <okpo>05332385</okpo>
                    </mainInfo>
                </ns2:customer>
                <ns2:detachedOrg>
                    <mainInfo>
                        <fullName>КАЛУЖСКИЙ ФИЛИАЛ ФЕДЕРАЛЬНОГО ГОСУДАРСТВЕННОГО АВТОНОМНОГО УЧРЕЖДЕНИЯ "МЕЖОТРАСЛЕВОЙ НАУЧНО-ТЕХНИЧЕСКИЙ КОМПЛЕКС "МИКРОХИРУРГИЯ ГЛАЗА" ИМЕНИ АКАДЕМИКА С.Н. ФЕДОРОВА" МИНИСТЕРСТВА ЗДРАВООХРАНЕНИЯ РОССИЙСКОЙ ФЕДЕРАЦИИ</fullName>
                        <inn>7713059497</inn>
                        <kpp>402702001</kpp>
                        <ogrn>1027739714606</ogrn>
                        <legalAddress>248007, Калужская область, г. Калуга, ул. им. Святослава Федорова, д.5.</legalAddress>
                        <postalAddress>127486, Москва Город, Бескудниковский Бульвар, дом 59А</postalAddress>
                    </mainInfo>
                </ns2:detachedOrg>
                <ns2:purchaseMethodCode>3361</ns2:purchaseMethodCode>
                <ns2:purchaseCodeName>Открытый аукцион в электронной форме</ns2:purchaseCodeName>
                <ns2:placer>
                    <mainInfo>
                        <fullName>КАЛУЖСКИЙ ФИЛИАЛ ФЕДЕРАЛЬНОГО ГОСУДАРСТВЕННОГО АВТОНОМНОГО УЧРЕЖДЕНИЯ "МЕЖОТРАСЛЕВОЙ НАУЧНО-ТЕХНИЧЕСКИЙ КОМПЛЕКС "МИКРОХИРУРГИЯ ГЛАЗА" ИМЕНИ АКАДЕМИКА С.Н. ФЕДОРОВА" МИНИСТЕРСТВА ЗДРАВООХРАНЕНИЯ РОССИЙСКОЙ ФЕДЕРАЦИИ</fullName>
                        <shortName>Калужский филиал ФГАУ «МНТК «Микрохирургия глаза» им. акад.  С.Н. Федорова» Минздрава России</shortName>
                        <iko>87713059497402702001</iko>
                        <inn>7713059497</inn>
                        <kpp>402702001</kpp>
                        <ogrn>1027739714606</ogrn>
                        <legalAddress>248007, Калужская область, г. Калуга, ул. им. Святослава Федорова, д.5.</legalAddress>
                        <postalAddress>127486, Москва Город, Бескудниковский Бульвар, дом 59А</postalAddress>
                        <phone>7-495-4888747</phone>
                        <email>glaz-za-glaz@yandex.ru</email>
                        <okato>29401364000</okato>
                        <okpo>04536915</okpo>
                    </mainInfo>
                </ns2:placer>
                <ns2:contact>
                    <firstName>Татьяна</firstName>
                    <middleName>Викторовна</middleName>
                    <lastName>Дубровская</lastName>
                    <phone>+7 (484) 250-57-16</phone>
                    <email>dubr@eye-kaluga.com</email>
                    <organization>
                        <mainInfo>
                            <fullName>КАЛУЖСКИЙ ФИЛИАЛ ФЕДЕРАЛЬНОГО ГОСУДАРСТВЕННОГО АВТОНОМНОГО УЧРЕЖДЕНИЯ "МЕЖОТРАСЛЕВОЙ НАУЧНО-ТЕХНИЧЕСКИЙ КОМПЛЕКС "МИКРОХИРУРГИЯ ГЛАЗА" ИМЕНИ АКАДЕМИКА С.Н. ФЕДОРОВА" МИНИСТЕРСТВА ЗДРАВООХРАНЕНИЯ РОССИЙСКОЙ ФЕДЕРАЦИИ</fullName>
                            <shortName>Калужский филиал ФГАУ «МНТК «Микрохирургия глаза» им. акад.  С.Н. Федорова» Минздрава России</shortName>
                            <iko>87713059497402702001</iko>
                            <inn>7713059497</inn>
                            <kpp>402702001</kpp>
                            <ogrn>1027739714606</ogrn>
                            <legalAddress>248007, Калужская область, г. Калуга, ул. им. Святослава Федорова, д.5.</legalAddress>
                            <postalAddress>127486, Москва Город, Бескудниковский Бульвар, дом 59А</postalAddress>
                            <phone>7-495-4888747</phone>
                            <email>glaz-za-glaz@yandex.ru</email>
                            <okato>29401364000</okato>
                            <okpo>04536915</okpo>
                        </mainInfo>
                    </organization>
                </ns2:contact>
                <ns2:publicationDateTime>2017-03-16T15:08:39</ns2:publicationDateTime>
                <ns2:documentationDelivery>
                    <deliveryStartDateTime>2017-02-28</deliveryStartDateTime>
                    <deliveryEndDateTime>2017-04-03</deliveryEndDateTime>
                    <place>www.zakupki.gov.ru,  http://torgi223.ru</place>
                    <procedure>в порядке и в соответствии с регламентом работы данной ЭТП</procedure>
                </ns2:documentationDelivery>
                <ns2:status>P</ns2:status>
                <ns2:version>3</ns2:version>
                <ns2:modificationDescription>Корректировка ТЗ, продление срока окончания подачи заявок</ns2:modificationDescription>
                <ns2:notDishonest>true</ns2:notDishonest>
                <ns2:attachments>
                    <totalDocumentsCount>4</totalDocumentsCount>
                    <document>
                        <guid>e6470300-0318-4655-8bf1-f3bab22690fb</guid>
                        <createDateTime>2017-03-16T15:05:37</createDateTime>
                        <fileName>ЭА-17-005-БНК+прил - изм.doc</fileName>
                        <description>ЭА-17-005-БНК+прил - изм.doc</description>
                        <url>http://zakupki.gov.ru/223/purchase/public/download/download.html?id=30112176</url>
                    </document>
                    <document>
                        <guid>8390ee5a-84e3-4bdb-b5ef-52991f0d0d06</guid>
                        <createDateTime>2017-03-16T15:05:38</createDateTime>
                        <fileName>СКАН по бланку заказа-прил к Докум..zip</fileName>
                        <description>СКАН по бланку заказа-прил к Докум..zip</description>
                        <url>http://zakupki.gov.ru/223/purchase/public/download/download.html?id=30112178</url>
                    </document>
                    <document>
                        <guid>779fad75-cf82-4d6e-b744-ad8b91ed7888</guid>
                        <createDateTime>2017-03-16T15:05:37</createDateTime>
                        <fileName>СКАН по бланку заказа-прил к Докум..zip</fileName>
                        <description>СКАН по бланку заказа-прил к Докум..zip</description>
                        <url>http://zakupki.gov.ru/223/purchase/public/download/download.html?id=30112172</url>
                    </document>
                    <document>
                        <guid>54dcfc82-e461-4a28-b72b-324b5879390d</guid>
                        <createDateTime>2017-03-16T15:05:37</createDateTime>
                        <fileName>ЭА-17-005-БНК+прил-продл..doc</fileName>
                        <description>ЭА-17-005-БНК+прил-продл..doc</description>
                        <url>http://zakupki.gov.ru/223/purchase/public/download/download.html?id=30112174</url>
                    </document>
                </ns2:attachments>
                <ns2:modificationDate>2017-03-16T15:08:39</ns2:modificationDate>
                <ns2:saveUserId>154137</ns2:saveUserId>
                <ns2:deliveryPlaceIndication>DIFFERENT_PLACE</ns2:deliveryPlaceIndication>
                <ns2:emergency>false</ns2:emergency>
                <ns2:jointPurchase>false</ns2:jointPurchase>
                <ns2:lots>
                    <lot>
                        <guid>2075cf98-0ea9-43e3-8b71-720ecf294120</guid>
                        <ordinalNumber>1</ordinalNumber>
                        <lotEditEnabled>false</lotEditEnabled>
                        <lotData>
                            <subject>Услуги по изготовлению медицинских форм и формуляров</subject>
                            <currency>
                                <code>RUB</code>
                                <digitalCode>643</digitalCode>
                                <name>Российский рубль</name>
                            </currency>
                            <initialSum>1165835.00</initialSum>
                            <deliveryPlace>
                                <address>г. Калуга, ул. им. Святослава Федорова, 5</address>
                            </deliveryPlace>
                            <lotItems>
                                <newCodes>true</newCodes>
                                <lotItem>
                                    <guid>0007301e-cb4e-41a8-9d3a-af67f856738c</guid>
                                    <ordinalNumber>1</ordinalNumber>
                                    <okpd2>
                                        <code>17.23.13.143</code>
                                        <name>Бланки форм учетной и отчетной документации</name>
                                    </okpd2>
                                    <okved2>
                                        <code>17.2</code>
                                        <name>Производство изделий из бумаги и картона</name>
                                    </okved2>
                                    <okei>
                                        <code>876</code>
                                        <name>Условная единица</name>
                                    </okei>
                                    <qty>1</qty>
                                </lotItem>
                            </lotItems>
                            <forSmallOrMiddle>false</forSmallOrMiddle>
                            <excludePurchaseFromPlan>false</excludePurchaseFromPlan>
                            <subcontractorsRequirement>false</subcontractorsRequirement>
                            <ignoredPurchase>false</ignoredPurchase>
                            <centralized>false</centralized>
                        </lotData>
                        <deliveryPlaceIndication>GL</deliveryPlaceIndication>
                        <jointLotData>
                            <jointLot>false</jointLot>
                        </jointLotData>
                        <lotPlanInfo>
                            <planRegistrationNumber>2160218529</planRegistrationNumber>
                            <planGuid>1b6e7b8c-b276-14d6-9bbd-9acc8992fbb3</planGuid>
                            <positionNumber>1454</positionNumber>
                            <lotPlanPosition>COMMODITY</lotPlanPosition>
                            <positionGuid>d207498d-d448-649a-4889-21192bf2ae49</positionGuid>
                        </lotPlanInfo>
                        <cancelled>false</cancelled>
                    </lot>
                </ns2:lots>
                <ns2:electronicPlaceInfo>
                    <name>ЭТП «Торги 223»</name>
                    <url>http://www.torgi223.ru</url>
                    <electronicPlaceId>145</electronicPlaceId>
                </ns2:electronicPlaceInfo>
                <ns2:auctionTime>2017-04-05T12:00:00</ns2:auctionTime>
                <ns2:applExamPeriodTime>2017-04-04T09:10:00</ns2:applExamPeriodTime>
                <ns2:submissionCloseDateTime>2017-04-03T11:00:00</ns2:submissionCloseDateTime>
            </ns2:purchaseNoticeAEData>
        </ns2:item>
    </ns2:body>
</ns2:purchaseNoticeAE>
