<?xml version="1.0" encoding="UTF-8" standalone="yes"?>
<ns2:purchaseNoticeAE xsi:schemaLocation="http://zakupki.gov.ru/223/integration/schema/TFF-5.2 http://zakupki.gov.ru/223/integration/schema/TFF-5.2/purchase.xsd" xmlns="http://zakupki.gov.ru/223fz/types/1" xmlns:ns10="http://zakupki.gov.ru/223fz/purchasePlan/1" xmlns:ns11="http://zakupki.gov.ru/223fz/purchasePlanProject/1" xmlns:ns12="http://zakupki.gov.ru/223fz/purchasePlanProjectAdditionalPosition/1" xmlns:ns13="http://zakupki.gov.ru/223fz/contract/1" xmlns:ns14="http://zakupki.gov.ru/223fz/missedNotice/1" xmlns:ns15="http://zakupki.gov.ru/223fz/reference/1" xmlns:ns16="http://zakupki.gov.ru/223fz/stopCommodity/1" xmlns:ns17="http://zakupki.gov.ru/223fz/decisionSuspension/1" xmlns:ns18="http://zakupki.gov.ru/223fz/purchasePlanAdditionalPosition/1" xmlns:ns19="http://zakupki.gov.ru/223fz/webRequest/1" xmlns:ns2="http://zakupki.gov.ru/223fz/purchase/1" xmlns:xsi="http://www.w3.org/2001/XMLSchema-instance" xmlns:ns3="http://zakupki.gov.ru/223fz/dishonestSupplier/1" xmlns:ns4="http://zakupki.gov.ru/223fz/machineryListInfo/1" xmlns:ns5="http://zakupki.gov.ru/223fz/revenue/1" xmlns:ns6="http://zakupki.gov.ru/223fz/orderClauseList/1" xmlns:ns7="http://zakupki.gov.ru/223fz/disagreementProtocol/1" xmlns:ns8="http://zakupki.gov.ru/223fz/complaint/1" xmlns:ns9="http://zakupki.gov.ru/223fz/notificationIssue/1">
    <header>
        <guid>a62c12d0-f7f1-4fed-8b27-8108fb45033d</guid>
        <createDateTime>2017-03-16T18:22:52</createDateTime>
    </header>
    <ns2:body>
        <ns2:item>
            <guid>6a9871ae-415a-4675-8f2f-92650e5b6014</guid>
            <ns2:purchaseNoticeAEData>
                <ns2:guid>6a9871ae-415a-4675-8f2f-92650e5b6014</ns2:guid>
                <ns2:createDateTime>2017-03-16T18:08:18</ns2:createDateTime>
                <ns2:urlOOS>https://zakupki.gov.ru/223/purchase/private/purchase/notice-info/details.html?noticeInfoId=5888255</ns2:urlOOS>
                <ns2:urlVSRZ>https://223.rts-tender.ru/supplier/auction/Trade/View.aspx?Id=55049</ns2:urlVSRZ>
                <ns2:registrationNumber>31704899907</ns2:registrationNumber>
                <ns2:name>Поставка самокатов для территории Государственного автономного учреждения культуры города Москвы «Центральный парк культуры и отдыха имени М. Горького»
</ns2:name>
                <ns2:customer>
                    <mainInfo>
                        <fullName>Государственное автономное учреждение культуры города Москвы "Центральный парк культуры и отдыха имени М. Горького"</fullName>
                        <shortName>ЦПКиО им. М. Горького</shortName>
                        <iko>57706052148770601001</iko>
                        <inn>7706052148</inn>
                        <kpp>770601001</kpp>
                        <ogrn>1027739258249</ogrn>
                        <legalAddress>119049, Москва, Крымский Вал, дом 9</legalAddress>
                        <postalAddress>119049, Москва город, Крымский Вал улица, дом 9</postalAddress>
                        <phone>7-495-9950020</phone>
                        <email>zakupki.cpkio@mail.ru</email>
                        <okato>45286596000</okato>
                        <okpo>02182815</okpo>
                    </mainInfo>
                </ns2:customer>
                <ns2:purchaseMethodCode>3361</ns2:purchaseMethodCode>
                <ns2:purchaseCodeName>Открытый аукцион в электронной форме</ns2:purchaseCodeName>
                <ns2:placer>
                    <mainInfo>
                        <fullName>Государственное автономное учреждение культуры города Москвы "Центральный парк культуры и отдыха имени М. Горького"</fullName>
                        <shortName>ЦПКиО им. М. Горького</shortName>
                        <iko>57706052148770601001</iko>
                        <inn>7706052148</inn>
                        <kpp>770601001</kpp>
                        <ogrn>1027739258249</ogrn>
                        <legalAddress>119049, Москва, Крымский Вал, дом 9</legalAddress>
                        <postalAddress>119049, Москва город, Крымский Вал улица, дом 9</postalAddress>
                        <phone>7-495-9950020</phone>
                        <email>zakupki.cpkio@mail.ru</email>
                        <okato>45286596000</okato>
                        <okpo>02182815</okpo>
                    </mainInfo>
                </ns2:placer>
                <ns2:contact>
                    <firstName>Тимур</firstName>
                    <middleName>Искакович</middleName>
                    <lastName>Салькаев</lastName>
                    <phone>+7 (495) 9950020, доб.: 3113</phone>
                    <email>tsalkaev@park-gorkogo.com</email>
                    <organization>
                        <mainInfo>
                            <fullName>Государственное автономное учреждение культуры города Москвы "Центральный парк культуры и отдыха имени М. Горького"</fullName>
                            <shortName>ЦПКиО им. М. Горького</shortName>
                            <iko>57706052148770601001</iko>
                            <inn>7706052148</inn>
                            <kpp>770601001</kpp>
                            <ogrn>1027739258249</ogrn>
                            <legalAddress>119049, Москва, Крымский Вал, дом 9</legalAddress>
                            <postalAddress>119049, Москва город, Крымский Вал улица, дом 9</postalAddress>
                            <phone>7-495-9950020</phone>
                            <email>zakupki.cpkio@mail.ru</email>
                            <okato>45286596000</okato>
                            <okpo>02182815</okpo>
                        </mainInfo>
                    </organization>
                </ns2:contact>
                <ns2:publicationDateTime>2017-03-16T18:22:52</ns2:publicationDateTime>
                <ns2:documentationDelivery>
                    <deliveryStartDateTime>2017-03-17</deliveryStartDateTime>
                    <deliveryEndDateTime>2017-04-06</deliveryEndDateTime>
                    <place>Электронная площадка РТС-тендер (http://www.rts-tender.ru) и Официальный сайт (http://zakupki.gov.ru)</place>
                    <procedure>В электронной форме на площадке РТС-тендер (http://www.rts-tender.ru) и Официальном сайте (http://zakupki.gov.ru)</procedure>
                </ns2:documentationDelivery>
                <ns2:status>P</ns2:status>
                <ns2:version>1</ns2:version>
                <ns2:notDishonest>true</ns2:notDishonest>
                <ns2:attachments>
                    <totalDocumentsCount>3</totalDocumentsCount>
                    <document>
                        <guid>725144cf-cde7-4070-9173-09c798956099</guid>
                        <createDateTime>2017-03-16T18:06:20</createDateTime>
                        <fileName>016-17 АД Поставка самокатов.pdf</fileName>
                        <description>016-17 АД Поставка самокатов.pdf</description>
                        <url>http://zakupki.gov.ru/223/purchase/public/download/download.html?id=30120456</url>
                    </document>
                    <document>
                        <guid>925f706c-3bc0-49ac-8e4b-ed4b06a9b8c1</guid>
                        <createDateTime>2017-03-16T18:06:22</createDateTime>
                        <fileName>Приложения.rar</fileName>
                        <description>Приложения.rar</description>
                        <url>http://zakupki.gov.ru/223/purchase/public/download/download.html?id=30120457</url>
                    </document>
                    <document>
                        <guid>f6d817b0-39c1-417c-91eb-72eb2431c033</guid>
                        <createDateTime>2017-03-16T18:06:23</createDateTime>
                        <fileName>016-17 Изв Поставка самокатов.pdf</fileName>
                        <description>016-17 Изв Поставка самокатов.pdf</description>
                        <url>http://zakupki.gov.ru/223/purchase/public/download/download.html?id=30120458</url>
                    </document>
                </ns2:attachments>
                <ns2:modificationDate>2017-03-16T18:22:52</ns2:modificationDate>
                <ns2:saveUserId>241650</ns2:saveUserId>
                <ns2:deliveryPlaceIndication>DIFFERENT_PLACE</ns2:deliveryPlaceIndication>
                <ns2:emergency>false</ns2:emergency>
                <ns2:jointPurchase>false</ns2:jointPurchase>
                <ns2:lots>
                    <lot>
                        <guid>71fa0324-37ce-49e5-82ba-1ae4740e5753</guid>
                        <ordinalNumber>1</ordinalNumber>
                        <lotEditEnabled>false</lotEditEnabled>
                        <lotData>
                            <subject>Поставка самокатов для территории Государственного автономного учреждения культуры города Москвы «Центральный парк культуры и отдыха имени М. Горького»</subject>
                            <currency>
                                <code>RUB</code>
                                <digitalCode>643</digitalCode>
                                <name>Российский рубль</name>
                            </currency>
                            <initialSum>993340.00</initialSum>
                            <deliveryPlace>
                                <state>Центральный федеральный округ</state>
                                <region>Москва</region>
                                <regionOkato>45000000000</regionOkato>
                                <address>г. Москва, ОКАТО: 45000000000</address>
                            </deliveryPlace>
                            <lotItems>
                                <newCodes>true</newCodes>
                                <lotItem>
                                    <guid>a6ecc7bc-1b77-46fc-8ee7-b07575933bed</guid>
                                    <ordinalNumber>1</ordinalNumber>
                                    <okpd2>
                                        <code>32.30.15.290</code>
                                        <name>Изделия спортивные прочие, не включенные в другие группировки</name>
                                    </okpd2>
                                    <okved2>
                                        <code>32.30</code>
                                        <name>Производство спортивных товаров</name>
                                    </okved2>
                                    <okei>
                                        <code>876</code>
                                        <name>Условная единица</name>
                                    </okei>
                                    <qty>240</qty>
                                </lotItem>
                            </lotItems>
                            <forSmallOrMiddle>false</forSmallOrMiddle>
                            <excludePurchaseFromPlan>false</excludePurchaseFromPlan>
                            <subcontractorsRequirement>false</subcontractorsRequirement>
                            <ignoredPurchase>false</ignoredPurchase>
                            <centralized>false</centralized>
                        </lotData>
                        <deliveryPlaceIndication>GL</deliveryPlaceIndication>
                        <jointLotData>
                            <jointLot>false</jointLot>
                        </jointLotData>
                        <lotPlanInfo>
                            <planRegistrationNumber>2160208840</planRegistrationNumber>
                            <planGuid>6f5fced2-4351-4f9d-964b-ba0f8aab1839</planGuid>
                            <positionNumber>75</positionNumber>
                            <lotPlanPosition>COMMODITY</lotPlanPosition>
                            <positionGuid>fb74a9bd-5bbb-4062-aed2-3db485c71222</positionGuid>
                        </lotPlanInfo>
                        <cancelled>false</cancelled>
                    </lot>
                </ns2:lots>
                <ns2:electronicPlaceInfo>
                    <name>РТС-тендер</name>
                    <url>223.rts-tender.ru</url>
                    <electronicPlaceId>1698</electronicPlaceId>
                </ns2:electronicPlaceInfo>
                <ns2:auctionTime>2017-04-10T11:00:00</ns2:auctionTime>
                <ns2:applExamPeriodTime>2017-04-07T18:00:00</ns2:applExamPeriodTime>
                <ns2:submissionCloseDateTime>2017-04-06T10:00:00</ns2:submissionCloseDateTime>
            </ns2:purchaseNoticeAEData>
        </ns2:item>
    </ns2:body>
</ns2:purchaseNoticeAE>
