<?xml version="1.0" encoding="UTF-8" standalone="yes"?>
<ns2:purchaseNoticeAE xsi:schemaLocation="http://zakupki.gov.ru/223/integration/schema/TFF-5.2 http://zakupki.gov.ru/223/integration/schema/TFF-5.2/purchase.xsd" xmlns="http://zakupki.gov.ru/223fz/types/1" xmlns:ns10="http://zakupki.gov.ru/223fz/purchasePlan/1" xmlns:ns11="http://zakupki.gov.ru/223fz/purchasePlanProject/1" xmlns:ns12="http://zakupki.gov.ru/223fz/purchasePlanProjectAdditionalPosition/1" xmlns:ns13="http://zakupki.gov.ru/223fz/contract/1" xmlns:ns14="http://zakupki.gov.ru/223fz/missedNotice/1" xmlns:ns15="http://zakupki.gov.ru/223fz/reference/1" xmlns:ns16="http://zakupki.gov.ru/223fz/stopCommodity/1" xmlns:ns17="http://zakupki.gov.ru/223fz/decisionSuspension/1" xmlns:ns18="http://zakupki.gov.ru/223fz/purchasePlanAdditionalPosition/1" xmlns:ns19="http://zakupki.gov.ru/223fz/webRequest/1" xmlns:ns2="http://zakupki.gov.ru/223fz/purchase/1" xmlns:xsi="http://www.w3.org/2001/XMLSchema-instance" xmlns:ns3="http://zakupki.gov.ru/223fz/dishonestSupplier/1" xmlns:ns4="http://zakupki.gov.ru/223fz/machineryListInfo/1" xmlns:ns5="http://zakupki.gov.ru/223fz/revenue/1" xmlns:ns6="http://zakupki.gov.ru/223fz/orderClauseList/1" xmlns:ns7="http://zakupki.gov.ru/223fz/disagreementProtocol/1" xmlns:ns8="http://zakupki.gov.ru/223fz/complaint/1" xmlns:ns9="http://zakupki.gov.ru/223fz/notificationIssue/1">
    <header>
        <guid>083d09a4-aa50-47b8-bac4-f60acba6bfad</guid>
        <createDateTime>2017-03-16T14:34:49</createDateTime>
    </header>
    <ns2:body>
        <ns2:item>
            <guid>62f724b8-3703-24c0-3883-9ec496b30fd1</guid>
            <ns2:purchaseNoticeAEData>
                <ns2:guid>62f724b8-3703-24c0-3883-9ec496b30fd1</ns2:guid>
                <ns2:createDateTime>2017-03-16T14:30:24</ns2:createDateTime>
                <ns2:urlOOS>https://zakupki.gov.ru/223/purchase/private/purchase/notice-info/details.html?noticeInfoId=5886071</ns2:urlOOS>
                <ns2:urlVSRZ>https://com.roseltorg.ru/#com/procedure/view/id/285587</ns2:urlVSRZ>
                <ns2:registrationNumber>31704892044</ns2:registrationNumber>
                <ns2:name>Проведение практических занятий с обучающимися ГАПОУ МОК им. В. Талалихина по курсу «Основы военной службы».

</ns2:name>
                <ns2:customer>
                    <mainInfo>
                        <fullName>ГОСУДАРСТВЕННОЕ АВТОНОМНОЕ ПРОФЕССИОНАЛЬНОЕ ОБРАЗОВАТЕЛЬНОЕ УЧРЕЖДЕНИЕ ГОРОДА МОСКВЫ "МОСКОВСКИЙ ОБРАЗОВАТЕЛЬНЫЙ КОМПЛЕКС ИМЕНИ ВИКТОРА ТАЛАЛИХИНА"</fullName>
                        <shortName>ГАПОУ МОК ИМ. В. ТАЛАЛИХИНА</shortName>
                        <iko>57723920242772301001</iko>
                        <inn>7723920242</inn>
                        <kpp>772301001</kpp>
                        <ogrn>5147746103588</ogrn>
                        <legalAddress>109383, г МОСКВА, ул ПОЛБИНА, дом 72, корпус СТРОЕНИЕ 1</legalAddress>
                        <postalAddress>109383, Москва Город, Полбина Улица, дом 72, строение 1</postalAddress>
                        <phone>7-495-3549029</phone>
                        <fax>7-495-3549029</fax>
                        <email>mok.torgi@mail.ru</email>
                        <okato>45290582000</okato>
                        <okpo>29176808</okpo>
                    </mainInfo>
                </ns2:customer>
                <ns2:purchaseMethodCode>3361</ns2:purchaseMethodCode>
                <ns2:purchaseCodeName>Открытый аукцион в электронной форме</ns2:purchaseCodeName>
                <ns2:placer>
                    <mainInfo>
                        <fullName>ГОСУДАРСТВЕННОЕ АВТОНОМНОЕ ПРОФЕССИОНАЛЬНОЕ ОБРАЗОВАТЕЛЬНОЕ УЧРЕЖДЕНИЕ ГОРОДА МОСКВЫ "МОСКОВСКИЙ ОБРАЗОВАТЕЛЬНЫЙ КОМПЛЕКС ИМЕНИ ВИКТОРА ТАЛАЛИХИНА"</fullName>
                        <shortName>ГАПОУ МОК ИМ. В. ТАЛАЛИХИНА</shortName>
                        <iko>57723920242772301001</iko>
                        <inn>7723920242</inn>
                        <kpp>772301001</kpp>
                        <ogrn>5147746103588</ogrn>
                        <legalAddress>109383, г МОСКВА, ул ПОЛБИНА, дом 72, корпус СТРОЕНИЕ 1</legalAddress>
                        <postalAddress>109383, Москва Город, Полбина Улица, дом 72, строение 1</postalAddress>
                        <phone>7-495-3549029</phone>
                        <fax>7-495-3549029</fax>
                        <email>mok.torgi@mail.ru</email>
                        <okato>45290582000</okato>
                        <okpo>29176808</okpo>
                    </mainInfo>
                </ns2:placer>
                <ns2:contact>
                    <firstName>Татьяна</firstName>
                    <middleName>Вячеславовна</middleName>
                    <lastName>Панова</lastName>
                    <phone>+7 (495) 3549047</phone>
                    <email>mok.torgi@mail.ru</email>
                    <organization>
                        <mainInfo>
                            <fullName>ГОСУДАРСТВЕННОЕ АВТОНОМНОЕ ПРОФЕССИОНАЛЬНОЕ ОБРАЗОВАТЕЛЬНОЕ УЧРЕЖДЕНИЕ ГОРОДА МОСКВЫ "МОСКОВСКИЙ ОБРАЗОВАТЕЛЬНЫЙ КОМПЛЕКС ИМЕНИ ВИКТОРА ТАЛАЛИХИНА"</fullName>
                            <shortName>ГАПОУ МОК ИМ. В. ТАЛАЛИХИНА</shortName>
                            <iko>57723920242772301001</iko>
                            <inn>7723920242</inn>
                            <kpp>772301001</kpp>
                            <ogrn>5147746103588</ogrn>
                            <legalAddress>109383, г МОСКВА, ул ПОЛБИНА, дом 72, корпус СТРОЕНИЕ 1</legalAddress>
                            <postalAddress>109383, Москва Город, Полбина Улица, дом 72, строение 1</postalAddress>
                            <phone>7-495-3549029</phone>
                            <fax>7-495-3549029</fax>
                            <email>mok.torgi@mail.ru</email>
                            <okato>45290582000</okato>
                            <okpo>29176808</okpo>
                        </mainInfo>
                    </organization>
                </ns2:contact>
                <ns2:publicationDateTime>2017-03-16T14:34:49</ns2:publicationDateTime>
                <ns2:documentationDelivery>
                    <deliveryStartDateTime>2017-03-15</deliveryStartDateTime>
                    <deliveryEndDateTime>2017-04-05</deliveryEndDateTime>
                    <place>https://com.roseltorg.ru/</place>
                    <procedure>посредством размещения для скачивания и ознакомления</procedure>
                </ns2:documentationDelivery>
                <ns2:status>P</ns2:status>
                <ns2:version>2</ns2:version>
                <ns2:modificationDescription>Изложено в прилагаемой документации</ns2:modificationDescription>
                <ns2:notDishonest>true</ns2:notDishonest>
                <ns2:attachments>
                    <totalDocumentsCount>3</totalDocumentsCount>
                    <document>
                        <guid>deeeb802-eb0b-c9f1-3b4a-09eb9f3028bc</guid>
                        <createDateTime>2017-03-16T14:25:34</createDateTime>
                        <fileName>Приказ_об_изменении_извещения_в_документацию.pdf</fileName>
                        <description>Приказ о внесении изменений в извещение о закупке</description>
                        <url>http://zakupki.gov.ru/223/purchase/public/download/download.html?id=30110032</url>
                    </document>
                    <document>
                        <guid>0a3271fd-6eb6-ee31-6fad-f9a5a525b24f</guid>
                        <createDateTime>2017-03-16T14:24:06</createDateTime>
                        <fileName>Документация_о_закупке[bt2KKA4q1zo].rar</fileName>
                        <description>Документация о закупке</description>
                        <url>http://zakupki.gov.ru/223/purchase/public/download/download.html?id=30110033</url>
                    </document>
                    <document>
                        <guid>b496e9ef-7414-14df-2537-d4285e2fda5a</guid>
                        <createDateTime>2017-03-16T14:24:23</createDateTime>
                        <fileName>Извещение[6].docx</fileName>
                        <description>Извещение</description>
                        <url>http://zakupki.gov.ru/223/purchase/public/download/download.html?id=30110030</url>
                    </document>
                </ns2:attachments>
                <ns2:modificationDate>2017-03-16T14:34:49</ns2:modificationDate>
                <ns2:saveUserId>188413</ns2:saveUserId>
                <ns2:deliveryPlaceIndication>DIFFERENT_PLACE</ns2:deliveryPlaceIndication>
                <ns2:emergency>false</ns2:emergency>
                <ns2:jointPurchase>false</ns2:jointPurchase>
                <ns2:lots>
                    <lot>
                        <guid>ba92d3cc-31a1-a4bd-6228-119d23ab7f18</guid>
                        <ordinalNumber>1</ordinalNumber>
                        <lotEditEnabled>true</lotEditEnabled>
                        <lotData>
                            <subject>Проведение практических занятий с обучающимися ГАПОУ МОК им. В. Талалихина по курсу «Основы военной службы»</subject>
                            <currency>
                                <code>RUB</code>
                                <digitalCode>643</digitalCode>
                                <name>Российский рубль</name>
                            </currency>
                            <initialSum>478498.50</initialSum>
                            <deliveryPlace>
                                <address>На территории Исполнителя</address>
                            </deliveryPlace>
                            <lotItems>
                                <newCodes>true</newCodes>
                                <lotItem>
                                    <guid>32ace2f7-080a-7541-7159-1a1732632aa0</guid>
                                    <ordinalNumber>1</ordinalNumber>
                                    <okpd2>
                                        <code>82.30.11.000</code>
                                        <name>Услуги по организации конференций</name>
                                    </okpd2>
                                    <okved2>
                                        <code>82.30</code>
                                        <name>Деятельность по организации конференций и выставок</name>
                                    </okved2>
                                    <okei>
                                        <code>792</code>
                                        <name>Человек</name>
                                    </okei>
                                    <qty>90</qty>
                                    <additionalInfo>Согласно Техническому заданию</additionalInfo>
                                </lotItem>
                            </lotItems>
                            <forSmallOrMiddle>false</forSmallOrMiddle>
                            <excludePurchaseFromPlan>false</excludePurchaseFromPlan>
                            <subcontractorsRequirement>false</subcontractorsRequirement>
                            <ignoredPurchase>false</ignoredPurchase>
                            <centralized>false</centralized>
                        </lotData>
                        <deliveryPlaceIndication>GL</deliveryPlaceIndication>
                        <jointLotData>
                            <jointLot>false</jointLot>
                        </jointLotData>
                        <lotPlanInfo>
                            <planRegistrationNumber>2160206283</planRegistrationNumber>
                            <planGuid>690f9cca-a3df-4b4c-8979-1c5c87e36e98</planGuid>
                            <positionNumber>13</positionNumber>
                            <lotPlanPosition>COMMODITY</lotPlanPosition>
                            <positionGuid>e4354531-60a5-43b6-88d5-d248e7909d9f</positionGuid>
                        </lotPlanInfo>
                        <cancelled>false</cancelled>
                    </lot>
                </ns2:lots>
                <ns2:electronicPlaceInfo>
                    <name>АО "ЕЭТП"</name>
                    <url>http://www.roseltorg.ru/</url>
                    <electronicPlaceId>113</electronicPlaceId>
                </ns2:electronicPlaceInfo>
                <ns2:auctionTime>2017-04-05T16:00:00</ns2:auctionTime>
                <ns2:applExamPeriodTime>2017-04-05T09:30:00</ns2:applExamPeriodTime>
                <ns2:submissionCloseDateTime>2017-04-05T09:00:00</ns2:submissionCloseDateTime>
                <ns2:publicationPlannedDate>2017-03-15</ns2:publicationPlannedDate>
            </ns2:purchaseNoticeAEData>
        </ns2:item>
    </ns2:body>
</ns2:purchaseNoticeAE>
