<?xml version="1.0" encoding="UTF-8" standalone="yes"?>
<ns2:purchaseNoticeAE xsi:schemaLocation="http://zakupki.gov.ru/223/integration/schema/TFF-5.2 http://zakupki.gov.ru/223/integration/schema/TFF-5.2/purchase.xsd" xmlns="http://zakupki.gov.ru/223fz/types/1" xmlns:ns10="http://zakupki.gov.ru/223fz/purchasePlan/1" xmlns:ns11="http://zakupki.gov.ru/223fz/purchasePlanProject/1" xmlns:ns12="http://zakupki.gov.ru/223fz/purchasePlanProjectAdditionalPosition/1" xmlns:ns13="http://zakupki.gov.ru/223fz/contract/1" xmlns:ns14="http://zakupki.gov.ru/223fz/missedNotice/1" xmlns:ns15="http://zakupki.gov.ru/223fz/reference/1" xmlns:ns16="http://zakupki.gov.ru/223fz/stopCommodity/1" xmlns:ns17="http://zakupki.gov.ru/223fz/decisionSuspension/1" xmlns:ns18="http://zakupki.gov.ru/223fz/purchasePlanAdditionalPosition/1" xmlns:ns19="http://zakupki.gov.ru/223fz/webRequest/1" xmlns:ns2="http://zakupki.gov.ru/223fz/purchase/1" xmlns:xsi="http://www.w3.org/2001/XMLSchema-instance" xmlns:ns3="http://zakupki.gov.ru/223fz/dishonestSupplier/1" xmlns:ns4="http://zakupki.gov.ru/223fz/machineryListInfo/1" xmlns:ns5="http://zakupki.gov.ru/223fz/revenue/1" xmlns:ns6="http://zakupki.gov.ru/223fz/orderClauseList/1" xmlns:ns7="http://zakupki.gov.ru/223fz/disagreementProtocol/1" xmlns:ns8="http://zakupki.gov.ru/223fz/complaint/1" xmlns:ns9="http://zakupki.gov.ru/223fz/notificationIssue/1">
    <header>
        <guid>7e3b74fc-4b17-4367-924d-8bcffe8313be</guid>
        <createDateTime>2017-03-16T21:15:40</createDateTime>
    </header>
    <ns2:body>
        <ns2:item>
            <guid>57a52037-7ff4-a408-f378-4a231dde82e8</guid>
            <ns2:purchaseNoticeAEData>
                <ns2:guid>57a52037-7ff4-a408-f378-4a231dde82e8</ns2:guid>
                <ns2:createDateTime>2017-03-16T21:05:06</ns2:createDateTime>
                <ns2:urlOOS>https://zakupki.gov.ru/223/purchase/private/purchase/notice-info/details.html?noticeInfoId=5888500</ns2:urlOOS>
                <ns2:urlVSRZ>https://com.roseltorg.ru/#com/procedure/view/id/286026</ns2:urlVSRZ>
                <ns2:registrationNumber>31704900116</ns2:registrationNumber>
                <ns2:name>НИИ-2017-236 «Поставка специализированного оборудования»</ns2:name>
                <ns2:customer>
                    <mainInfo>
                        <fullName>ОБЩЕСТВО С ОГРАНИЧЕННОЙ ОТВЕТСТВЕННОСТЬЮ "НАУЧНО-ИССЛЕДОВАТЕЛЬСКИЙ ИНСТИТУТ ТРАНСПОРТА НЕФТИ И НЕФТЕПРОДУКТОВ ТРАНСНЕФТЬ"</fullName>
                        <shortName>ООО "НИИ ТРАНСНЕФТЬ"</shortName>
                        <iko>67736607502772701001</iko>
                        <inn>7736607502</inn>
                        <kpp>772701001</kpp>
                        <ogrn>1097746556710</ogrn>
                        <legalAddress>117186, Г МОСКВА, ПР-КТ СЕВАСТОПОЛЬСКИЙ, дом ДОМ 47А</legalAddress>
                        <postalAddress>117186, Москва Город, Севастопольский Проспект, дом 47А</postalAddress>
                        <phone>7-495-9508295-2154</phone>
                        <fax>7-495-9508297</fax>
                        <email>TroshinEA@niitnn.transneft.ru</email>
                        <okato>00000000000</okato>
                        <okpo>62816002</okpo>
                    </mainInfo>
                </ns2:customer>
                <ns2:purchaseMethodCode>3361</ns2:purchaseMethodCode>
                <ns2:purchaseCodeName>Открытый аукцион в электронной форме</ns2:purchaseCodeName>
                <ns2:placer>
                    <mainInfo>
                        <fullName>ОБЩЕСТВО С ОГРАНИЧЕННОЙ ОТВЕТСТВЕННОСТЬЮ "НАУЧНО-ИССЛЕДОВАТЕЛЬСКИЙ ИНСТИТУТ ТРАНСПОРТА НЕФТИ И НЕФТЕПРОДУКТОВ ТРАНСНЕФТЬ"</fullName>
                        <shortName>ООО "НИИ ТРАНСНЕФТЬ"</shortName>
                        <iko>67736607502772701001</iko>
                        <inn>7736607502</inn>
                        <kpp>772701001</kpp>
                        <ogrn>1097746556710</ogrn>
                        <legalAddress>117186, Г МОСКВА, ПР-КТ СЕВАСТОПОЛЬСКИЙ, дом ДОМ 47А</legalAddress>
                        <postalAddress>117186, Москва Город, Севастопольский Проспект, дом 47А</postalAddress>
                        <phone>7-495-9508295-2154</phone>
                        <fax>7-495-9508297</fax>
                        <email>TroshinEA@niitnn.transneft.ru</email>
                        <okato>00000000000</okato>
                        <okpo>62816002</okpo>
                    </mainInfo>
                </ns2:placer>
                <ns2:contact>
                    <firstName>Наталия</firstName>
                    <middleName>Алексеевна</middleName>
                    <lastName>Ртищева</lastName>
                    <phone>+7 (495) 9508295</phone>
                    <email>RtischevaNA@niitnn.transneft.ru</email>
                    <organization>
                        <mainInfo>
                            <fullName>ОБЩЕСТВО С ОГРАНИЧЕННОЙ ОТВЕТСТВЕННОСТЬЮ "НАУЧНО-ИССЛЕДОВАТЕЛЬСКИЙ ИНСТИТУТ ТРАНСПОРТА НЕФТИ И НЕФТЕПРОДУКТОВ ТРАНСНЕФТЬ"</fullName>
                            <shortName>ООО "НИИ ТРАНСНЕФТЬ"</shortName>
                            <iko>67736607502772701001</iko>
                            <inn>7736607502</inn>
                            <kpp>772701001</kpp>
                            <ogrn>1097746556710</ogrn>
                            <legalAddress>117186, Г МОСКВА, ПР-КТ СЕВАСТОПОЛЬСКИЙ, дом ДОМ 47А</legalAddress>
                            <postalAddress>117186, Москва Город, Севастопольский Проспект, дом 47А</postalAddress>
                            <phone>7-495-9508295-2154</phone>
                            <fax>7-495-9508297</fax>
                            <email>TroshinEA@niitnn.transneft.ru</email>
                            <okato>00000000000</okato>
                            <okpo>62816002</okpo>
                        </mainInfo>
                    </organization>
                </ns2:contact>
                <ns2:publicationDateTime>2017-03-16T21:15:40</ns2:publicationDateTime>
                <ns2:documentationDelivery>
                    <deliveryStartDateTime>2017-03-16</deliveryStartDateTime>
                    <deliveryEndDateTime>2017-04-06</deliveryEndDateTime>
                    <place>https://com.roseltorg.ru/</place>
                    <procedure>посредством размещения для скачивания и ознакомления</procedure>
                </ns2:documentationDelivery>
                <ns2:status>P</ns2:status>
                <ns2:version>1</ns2:version>
                <ns2:notDishonest>true</ns2:notDishonest>
                <ns2:attachments>
                    <totalDocumentsCount>3</totalDocumentsCount>
                    <document>
                        <guid>285bfc23-0414-5668-3ce6-d859974204f0</guid>
                        <createDateTime>2017-03-16T09:51:20</createDateTime>
                        <fileName>Извещение_о_закупке[4].docx</fileName>
                        <description>Извещение о закупке</description>
                        <url>http://zakupki.gov.ru/223/purchase/public/download/download.html?id=30121607</url>
                    </document>
                    <document>
                        <guid>0e7d971a-528e-5e6e-aab2-eab074f4b900</guid>
                        <createDateTime>2017-03-16T09:52:38</createDateTime>
                        <fileName>Проект_договора__POSTAVKA_.rar</fileName>
                        <description>Проект договора</description>
                        <url>http://zakupki.gov.ru/223/purchase/public/download/download.html?id=30121608</url>
                    </document>
                    <document>
                        <guid>5e6966b0-bdea-3823-6816-785d6c7eb3a6</guid>
                        <createDateTime>2017-03-16T09:52:25</createDateTime>
                        <fileName>Документация_для_закупки.rar</fileName>
                        <description>Документация для закупки</description>
                        <url>http://zakupki.gov.ru/223/purchase/public/download/download.html?id=30121609</url>
                    </document>
                </ns2:attachments>
                <ns2:modificationDate>2017-03-16T21:15:40</ns2:modificationDate>
                <ns2:saveUserId>263294</ns2:saveUserId>
                <ns2:deliveryPlaceIndication>DIFFERENT_PLACE</ns2:deliveryPlaceIndication>
                <ns2:emergency>false</ns2:emergency>
                <ns2:jointPurchase>false</ns2:jointPurchase>
                <ns2:lots>
                    <lot>
                        <guid>e806aa0a-a61f-1d8c-a105-0ad360d82cb0</guid>
                        <ordinalNumber>1</ordinalNumber>
                        <lotEditEnabled>true</lotEditEnabled>
                        <lotData>
                            <subject>Поставка специализированного оборудования</subject>
                            <currency>
                                <code>RUB</code>
                                <digitalCode>643</digitalCode>
                                <name>Российский рубль</name>
                            </currency>
                            <initialSum>1170886.22</initialSum>
                            <deliveryPlace>
                                <address>450022, Республика Башкортостан, г. Уфа, ул. Губайдуллина, д. 19/2</address>
                            </deliveryPlace>
                            <lotItems>
                                <newCodes>true</newCodes>
                                <lotItem>
                                    <guid>60995956-3776-657b-53cf-1596fb176e83</guid>
                                    <ordinalNumber>1</ordinalNumber>
                                    <okpd2>
                                        <code>26.51.66.190</code>
                                        <name>Инструменты, приборы и машины для измерения или контроля прочие, не включенные в другие группировки</name>
                                    </okpd2>
                                    <okved2>
                                        <code>26.51</code>
                                        <name>Производство инструментов и приборов для измерения, тестирования и навигации</name>
                                    </okved2>
                                    <okei>
                                        <code>796</code>
                                        <name>Штука</name>
                                    </okei>
                                    <qty>9</qty>
                                    <additionalInfo>Инструменты, приборы и машины для измерения или контроля прочие, не включенные в другие группировки</additionalInfo>
                                </lotItem>
                            </lotItems>
                            <forSmallOrMiddle>true</forSmallOrMiddle>
                            <excludePurchaseFromPlan>false</excludePurchaseFromPlan>
                            <subcontractorsRequirement>false</subcontractorsRequirement>
                            <ignoredPurchase>false</ignoredPurchase>
                            <centralized>false</centralized>
                        </lotData>
                        <deliveryPlaceIndication>GL</deliveryPlaceIndication>
                        <jointLotData>
                            <jointLot>false</jointLot>
                        </jointLotData>
                        <lotPlanInfo>
                            <planRegistrationNumber>2160197110</planRegistrationNumber>
                            <planGuid>df3b8120-aee1-3d61-e027-3df16347738c</planGuid>
                            <positionNumber>251</positionNumber>
                            <lotPlanPosition>COMMODITY</lotPlanPosition>
                            <positionGuid>2d5589a0-f02d-9833-dd2a-ea31cdceb9b5</positionGuid>
                        </lotPlanInfo>
                        <cancelled>false</cancelled>
                    </lot>
                </ns2:lots>
                <ns2:electronicPlaceInfo>
                    <name>АО "ЕЭТП"</name>
                    <url>http://www.roseltorg.ru/</url>
                    <electronicPlaceId>113</electronicPlaceId>
                </ns2:electronicPlaceInfo>
                <ns2:auctionTime>2017-04-19T10:00:00</ns2:auctionTime>
                <ns2:applExamPeriodTime>2017-04-13T18:00:00</ns2:applExamPeriodTime>
                <ns2:submissionCloseDateTime>2017-04-06T10:00:00</ns2:submissionCloseDateTime>
                <ns2:publicationPlannedDate>2017-03-16</ns2:publicationPlannedDate>
            </ns2:purchaseNoticeAEData>
        </ns2:item>
    </ns2:body>
</ns2:purchaseNoticeAE>
