<?xml version="1.0" encoding="UTF-8" standalone="yes"?>
<ns2:purchaseNoticeAE xsi:schemaLocation="http://zakupki.gov.ru/223/integration/schema/TFF-5.2 http://zakupki.gov.ru/223/integration/schema/TFF-5.2/purchase.xsd" xmlns="http://zakupki.gov.ru/223fz/types/1" xmlns:ns10="http://zakupki.gov.ru/223fz/purchasePlan/1" xmlns:ns11="http://zakupki.gov.ru/223fz/purchasePlanProject/1" xmlns:ns12="http://zakupki.gov.ru/223fz/purchasePlanProjectAdditionalPosition/1" xmlns:ns13="http://zakupki.gov.ru/223fz/contract/1" xmlns:ns14="http://zakupki.gov.ru/223fz/missedNotice/1" xmlns:ns15="http://zakupki.gov.ru/223fz/reference/1" xmlns:ns16="http://zakupki.gov.ru/223fz/stopCommodity/1" xmlns:ns17="http://zakupki.gov.ru/223fz/decisionSuspension/1" xmlns:ns18="http://zakupki.gov.ru/223fz/purchasePlanAdditionalPosition/1" xmlns:ns19="http://zakupki.gov.ru/223fz/webRequest/1" xmlns:ns2="http://zakupki.gov.ru/223fz/purchase/1" xmlns:xsi="http://www.w3.org/2001/XMLSchema-instance" xmlns:ns3="http://zakupki.gov.ru/223fz/dishonestSupplier/1" xmlns:ns4="http://zakupki.gov.ru/223fz/machineryListInfo/1" xmlns:ns5="http://zakupki.gov.ru/223fz/revenue/1" xmlns:ns6="http://zakupki.gov.ru/223fz/orderClauseList/1" xmlns:ns7="http://zakupki.gov.ru/223fz/disagreementProtocol/1" xmlns:ns8="http://zakupki.gov.ru/223fz/complaint/1" xmlns:ns9="http://zakupki.gov.ru/223fz/notificationIssue/1">
    <header>
        <guid>cfd0e52d-2ae9-4d89-baf0-01fc47425b24</guid>
        <createDateTime>2017-03-16T11:19:24</createDateTime>
    </header>
    <ns2:body>
        <ns2:item>
            <guid>c0188aa6-fdc2-bf20-bc82-257c933d652d</guid>
            <ns2:purchaseNoticeAEData>
                <ns2:guid>c0188aa6-fdc2-bf20-bc82-257c933d652d</ns2:guid>
                <ns2:createDateTime>2017-03-16T11:15:42</ns2:createDateTime>
                <ns2:urlOOS>https://zakupki.gov.ru/223/purchase/private/purchase/notice-info/details.html?noticeInfoId=5884008</ns2:urlOOS>
                <ns2:urlVSRZ>https://com.roseltorg.ru/#com/procedure/view/id/286054</ns2:urlVSRZ>
                <ns2:registrationNumber>31704896383</ns2:registrationNumber>
                <ns2:name>Аукцион в электронной форме среди субъектов малого и среднего предпринимательства на право заключения договора на поставку пищевых продуктов (мяса, птицы и рыбы)</ns2:name>
                <ns2:customer>
                    <mainInfo>
                        <fullName>ГОСУДАРСТВЕННОЕ АВТОНОМНОЕ ПРОФЕССИОНАЛЬНОЕ ОБРАЗОВАТЕЛЬНОЕ УЧРЕЖДЕНИЕ ГОРОДА МОСКВЫ "МОСКОВСКИЙ ОБРАЗОВАТЕЛЬНЫЙ КОМПЛЕКС ИМЕНИ ВИКТОРА ТАЛАЛИХИНА"</fullName>
                        <shortName>ГАПОУ МОК ИМ. В. ТАЛАЛИХИНА</shortName>
                        <iko>57723920242772301001</iko>
                        <inn>7723920242</inn>
                        <kpp>772301001</kpp>
                        <ogrn>5147746103588</ogrn>
                        <legalAddress>109383, г МОСКВА, ул ПОЛБИНА, дом 72, корпус СТРОЕНИЕ 1</legalAddress>
                        <postalAddress>109383, Москва Город, Полбина Улица, дом 72, строение 1</postalAddress>
                        <phone>7-495-3549029</phone>
                        <fax>7-495-3549029</fax>
                        <email>mok.torgi@mail.ru</email>
                        <okato>45290582000</okato>
                        <okpo>29176808</okpo>
                    </mainInfo>
                </ns2:customer>
                <ns2:purchaseMethodCode>3361</ns2:purchaseMethodCode>
                <ns2:purchaseCodeName>Открытый аукцион в электронной форме</ns2:purchaseCodeName>
                <ns2:placer>
                    <mainInfo>
                        <fullName>ГОСУДАРСТВЕННОЕ АВТОНОМНОЕ ПРОФЕССИОНАЛЬНОЕ ОБРАЗОВАТЕЛЬНОЕ УЧРЕЖДЕНИЕ ГОРОДА МОСКВЫ "МОСКОВСКИЙ ОБРАЗОВАТЕЛЬНЫЙ КОМПЛЕКС ИМЕНИ ВИКТОРА ТАЛАЛИХИНА"</fullName>
                        <shortName>ГАПОУ МОК ИМ. В. ТАЛАЛИХИНА</shortName>
                        <iko>57723920242772301001</iko>
                        <inn>7723920242</inn>
                        <kpp>772301001</kpp>
                        <ogrn>5147746103588</ogrn>
                        <legalAddress>109383, г МОСКВА, ул ПОЛБИНА, дом 72, корпус СТРОЕНИЕ 1</legalAddress>
                        <postalAddress>109383, Москва Город, Полбина Улица, дом 72, строение 1</postalAddress>
                        <phone>7-495-3549029</phone>
                        <fax>7-495-3549029</fax>
                        <email>mok.torgi@mail.ru</email>
                        <okato>45290582000</okato>
                        <okpo>29176808</okpo>
                    </mainInfo>
                </ns2:placer>
                <ns2:contact>
                    <firstName>ТАТЬЯНА</firstName>
                    <middleName>ВЯЧЕСЛАВОВНА</middleName>
                    <lastName>ПАНОВА</lastName>
                    <phone>+7 (495) 3543747</phone>
                    <email>mok.torgi@mail.ru</email>
                    <organization>
                        <mainInfo>
                            <fullName>ГОСУДАРСТВЕННОЕ АВТОНОМНОЕ ПРОФЕССИОНАЛЬНОЕ ОБРАЗОВАТЕЛЬНОЕ УЧРЕЖДЕНИЕ ГОРОДА МОСКВЫ "МОСКОВСКИЙ ОБРАЗОВАТЕЛЬНЫЙ КОМПЛЕКС ИМЕНИ ВИКТОРА ТАЛАЛИХИНА"</fullName>
                            <shortName>ГАПОУ МОК ИМ. В. ТАЛАЛИХИНА</shortName>
                            <iko>57723920242772301001</iko>
                            <inn>7723920242</inn>
                            <kpp>772301001</kpp>
                            <ogrn>5147746103588</ogrn>
                            <legalAddress>109383, г МОСКВА, ул ПОЛБИНА, дом 72, корпус СТРОЕНИЕ 1</legalAddress>
                            <postalAddress>109383, Москва Город, Полбина Улица, дом 72, строение 1</postalAddress>
                            <phone>7-495-3549029</phone>
                            <fax>7-495-3549029</fax>
                            <email>mok.torgi@mail.ru</email>
                            <okato>45290582000</okato>
                            <okpo>29176808</okpo>
                        </mainInfo>
                    </organization>
                </ns2:contact>
                <ns2:publicationDateTime>2017-03-16T11:19:24</ns2:publicationDateTime>
                <ns2:documentationDelivery>
                    <deliveryStartDateTime>2017-03-16</deliveryStartDateTime>
                    <deliveryEndDateTime>2017-04-06</deliveryEndDateTime>
                    <place>https://com.roseltorg.ru/</place>
                    <procedure>посредством размещения для скачивания и ознакомления</procedure>
                </ns2:documentationDelivery>
                <ns2:status>P</ns2:status>
                <ns2:version>1</ns2:version>
                <ns2:notDishonest>true</ns2:notDishonest>
                <ns2:attachments>
                    <totalDocumentsCount>1</totalDocumentsCount>
                    <document>
                        <guid>e416f5d2-fda4-f553-e44b-3632dc449d5f</guid>
                        <createDateTime>2017-03-16T10:58:22</createDateTime>
                        <fileName>Документация_о_закупке_на_ЕИС_мясо__рыба__птица.rar</fileName>
                        <description>Документация о закупке</description>
                        <url>http://zakupki.gov.ru/223/purchase/public/download/download.html?id=30099404</url>
                    </document>
                </ns2:attachments>
                <ns2:modificationDate>2017-03-16T11:19:24</ns2:modificationDate>
                <ns2:saveUserId>166981</ns2:saveUserId>
                <ns2:deliveryPlaceIndication>DIFFERENT_PLACE</ns2:deliveryPlaceIndication>
                <ns2:emergency>false</ns2:emergency>
                <ns2:jointPurchase>false</ns2:jointPurchase>
                <ns2:lots>
                    <lot>
                        <guid>3b2ad7cc-028d-bff3-3da3-73a1211a3dc5</guid>
                        <ordinalNumber>1</ordinalNumber>
                        <lotEditEnabled>true</lotEditEnabled>
                        <lotData>
                            <subject>Поставка пищевых продуктов (мяса, птицы и рыбы)</subject>
                            <currency>
                                <code>RUB</code>
                                <digitalCode>643</digitalCode>
                                <name>Российский рубль</name>
                            </currency>
                            <initialSum>2066737.91</initialSum>
                            <deliveryPlace>
                                <address>Юго-Восточный округ г. Москвы: 
г. Москва, ул. Авиамоторная, дом 36/7, 
г. Москва, ул. Полбина, д. 72, с. 1
</address>
                            </deliveryPlace>
                            <lotItems>
                                <newCodes>true</newCodes>
                                <lotItem>
                                    <guid>550fa185-658e-3643-334e-90050508fadc</guid>
                                    <ordinalNumber>1</ordinalNumber>
                                    <okpd2>
                                        <code>10</code>
                                        <name>Продукты пищевые</name>
                                    </okpd2>
                                    <okved2>
                                        <code>10</code>
                                        <name>Производство пищевых продуктов</name>
                                    </okved2>
                                    <okei>
                                        <code>166</code>
                                        <name>Килограмм</name>
                                    </okei>
                                    <qty>5278</qty>
                                    <additionalInfo>поставка пищевых продуктов (мяса, птицы и рыбы) в соответствии со спецификацией</additionalInfo>
                                </lotItem>
                            </lotItems>
                            <forSmallOrMiddle>true</forSmallOrMiddle>
                            <excludePurchaseFromPlan>false</excludePurchaseFromPlan>
                            <subcontractorsRequirement>false</subcontractorsRequirement>
                            <ignoredPurchase>false</ignoredPurchase>
                            <centralized>false</centralized>
                        </lotData>
                        <deliveryPlaceIndication>GL</deliveryPlaceIndication>
                        <jointLotData>
                            <jointLot>false</jointLot>
                        </jointLotData>
                        <lotPlanInfo>
                            <planRegistrationNumber>2160206283</planRegistrationNumber>
                            <planGuid>690f9cca-a3df-4b4c-8979-1c5c87e36e98</planGuid>
                            <positionNumber>10</positionNumber>
                            <lotPlanPosition>COMMODITY</lotPlanPosition>
                            <positionGuid>69d715b1-2bb9-4ea1-8f8e-8753d51cf904</positionGuid>
                        </lotPlanInfo>
                        <cancelled>false</cancelled>
                    </lot>
                </ns2:lots>
                <ns2:electronicPlaceInfo>
                    <name>АО "ЕЭТП"</name>
                    <url>http://www.roseltorg.ru/</url>
                    <electronicPlaceId>113</electronicPlaceId>
                </ns2:electronicPlaceInfo>
                <ns2:auctionTime>2017-04-06T16:00:00</ns2:auctionTime>
                <ns2:applExamPeriodTime>2017-04-06T09:30:00</ns2:applExamPeriodTime>
                <ns2:submissionCloseDateTime>2017-04-06T09:00:00</ns2:submissionCloseDateTime>
                <ns2:publicationPlannedDate>2017-03-16</ns2:publicationPlannedDate>
            </ns2:purchaseNoticeAEData>
        </ns2:item>
    </ns2:body>
</ns2:purchaseNoticeAE>
