<?xml version="1.0" encoding="UTF-8" standalone="yes"?>
<ns2:purchaseNoticeAE xsi:schemaLocation="http://zakupki.gov.ru/223/integration/schema/TFF-5.2 http://zakupki.gov.ru/223/integration/schema/TFF-5.2/purchase.xsd" xmlns="http://zakupki.gov.ru/223fz/types/1" xmlns:ns10="http://zakupki.gov.ru/223fz/purchasePlan/1" xmlns:ns11="http://zakupki.gov.ru/223fz/purchasePlanProject/1" xmlns:ns12="http://zakupki.gov.ru/223fz/purchasePlanProjectAdditionalPosition/1" xmlns:ns13="http://zakupki.gov.ru/223fz/contract/1" xmlns:ns14="http://zakupki.gov.ru/223fz/missedNotice/1" xmlns:ns15="http://zakupki.gov.ru/223fz/reference/1" xmlns:ns16="http://zakupki.gov.ru/223fz/stopCommodity/1" xmlns:ns17="http://zakupki.gov.ru/223fz/decisionSuspension/1" xmlns:ns18="http://zakupki.gov.ru/223fz/purchasePlanAdditionalPosition/1" xmlns:ns19="http://zakupki.gov.ru/223fz/webRequest/1" xmlns:ns2="http://zakupki.gov.ru/223fz/purchase/1" xmlns:xsi="http://www.w3.org/2001/XMLSchema-instance" xmlns:ns3="http://zakupki.gov.ru/223fz/dishonestSupplier/1" xmlns:ns4="http://zakupki.gov.ru/223fz/machineryListInfo/1" xmlns:ns5="http://zakupki.gov.ru/223fz/revenue/1" xmlns:ns6="http://zakupki.gov.ru/223fz/orderClauseList/1" xmlns:ns7="http://zakupki.gov.ru/223fz/disagreementProtocol/1" xmlns:ns8="http://zakupki.gov.ru/223fz/complaint/1" xmlns:ns9="http://zakupki.gov.ru/223fz/notificationIssue/1">
    <header>
        <guid>f8f9390a-d3c0-4542-bb21-83943c37f122</guid>
        <createDateTime>2017-03-16T16:28:09</createDateTime>
    </header>
    <ns2:body>
        <ns2:item>
            <guid>8d026521-cc39-55c1-1939-c9252b0f838d</guid>
            <ns2:purchaseNoticeAEData>
                <ns2:guid>8d026521-cc39-55c1-1939-c9252b0f838d</ns2:guid>
                <ns2:createDateTime>2017-03-16T16:03:05</ns2:createDateTime>
                <ns2:urlOOS>https://zakupki.gov.ru/223/purchase/private/purchase/notice-info/details.html?noticeInfoId=5887233</ns2:urlOOS>
                <ns2:urlVSRZ>https://etp.gpb.ru/#com/procedure/view/procedure/90535</ns2:urlVSRZ>
                <ns2:registrationNumber>31704899189</ns2:registrationNumber>
                <ns2:name>Поставка инструмента</ns2:name>
                <ns2:customer>
                    <mainInfo>
                        <fullName>АКЦИОНЕРНОЕ ОБЩЕСТВО "МОСКОВСКИЙ МАШИНОСТРОИТЕЛЬНЫЙ ЗАВОД "АВАНГАРД"</fullName>
                        <shortName>АО "ММЗ "АВАНГАРД"</shortName>
                        <iko>67743065177774301001</iko>
                        <inn>7743065177</inn>
                        <kpp>774301001</kpp>
                        <ogrn>1027743012890</ogrn>
                        <legalAddress>125130, г МОСКВА, ул КЛАРЫ ЦЕТКИН, дом 33</legalAddress>
                        <postalAddress>125130, Москва, Клары Цеткин, дом 33 </postalAddress>
                        <phone>7-495-6020431</phone>
                        <fax>7-495-6020431</fax>
                        <email>MMZAVANGARDMOS@mail.ru</email>
                        <okato>45277565000</okato>
                        <okpo>07512111</okpo>
                    </mainInfo>
                </ns2:customer>
                <ns2:purchaseMethodCode>3361</ns2:purchaseMethodCode>
                <ns2:purchaseCodeName>Открытый аукцион в электронной форме</ns2:purchaseCodeName>
                <ns2:placer>
                    <mainInfo>
                        <fullName>АКЦИОНЕРНОЕ ОБЩЕСТВО "МОСКОВСКИЙ МАШИНОСТРОИТЕЛЬНЫЙ ЗАВОД "АВАНГАРД"</fullName>
                        <shortName>АО "ММЗ "АВАНГАРД"</shortName>
                        <iko>67743065177774301001</iko>
                        <inn>7743065177</inn>
                        <kpp>774301001</kpp>
                        <ogrn>1027743012890</ogrn>
                        <legalAddress>125130, г МОСКВА, ул КЛАРЫ ЦЕТКИН, дом 33</legalAddress>
                        <postalAddress>125130, Москва, Клары Цеткин, дом 33 </postalAddress>
                        <phone>7-495-6020431</phone>
                        <fax>7-495-6020431</fax>
                        <email>MMZAVANGARDMOS@mail.ru</email>
                        <okato>45277565000</okato>
                        <okpo>07512111</okpo>
                    </mainInfo>
                </ns2:placer>
                <ns2:contact>
                    <firstName>Валерий</firstName>
                    <middleName>Игоревич</middleName>
                    <lastName>Мещеряков</lastName>
                    <phone>+7 (495) 6020431</phone>
                    <email>mmzavangard18@mail.ru</email>
                    <organization>
                        <mainInfo>
                            <fullName>АКЦИОНЕРНОЕ ОБЩЕСТВО "МОСКОВСКИЙ МАШИНОСТРОИТЕЛЬНЫЙ ЗАВОД "АВАНГАРД"</fullName>
                            <shortName>АО "ММЗ "АВАНГАРД"</shortName>
                            <iko>67743065177774301001</iko>
                            <inn>7743065177</inn>
                            <kpp>774301001</kpp>
                            <ogrn>1027743012890</ogrn>
                            <legalAddress>125130, г МОСКВА, ул КЛАРЫ ЦЕТКИН, дом 33</legalAddress>
                            <postalAddress>125130, Москва, Клары Цеткин, дом 33 </postalAddress>
                            <phone>7-495-6020431</phone>
                            <fax>7-495-6020431</fax>
                            <email>MMZAVANGARDMOS@mail.ru</email>
                            <okato>45277565000</okato>
                            <okpo>07512111</okpo>
                        </mainInfo>
                    </organization>
                </ns2:contact>
                <ns2:publicationDateTime>2017-03-16T16:28:09</ns2:publicationDateTime>
                <ns2:documentationDelivery>
                    <deliveryStartDateTime>2017-03-16</deliveryStartDateTime>
                    <deliveryEndDateTime>2017-04-06</deliveryEndDateTime>
                    <place>https://etp.gpb.ru/</place>
                    <procedure>посредством размещения для скачивания и ознакомления</procedure>
                </ns2:documentationDelivery>
                <ns2:status>P</ns2:status>
                <ns2:version>1</ns2:version>
                <ns2:notDishonest>true</ns2:notDishonest>
                <ns2:attachments>
                    <totalDocumentsCount>2</totalDocumentsCount>
                    <document>
                        <guid>6526f675-3b36-2613-9204-237df3a7c678</guid>
                        <createDateTime>2017-03-16T15:00:46</createDateTime>
                        <fileName>Извещение.docx</fileName>
                        <description>Извещение</description>
                        <url>http://zakupki.gov.ru/223/purchase/public/download/download.html?id=30115430</url>
                    </document>
                    <document>
                        <guid>6645390d-6f2b-68b2-d4b7-3373659ad038</guid>
                        <createDateTime>2017-03-16T15:00:59</createDateTime>
                        <fileName>Документация_об_аукционе(СМП)нью.doc</fileName>
                        <description>Аукционная документация</description>
                        <url>http://zakupki.gov.ru/223/purchase/public/download/download.html?id=30115431</url>
                    </document>
                </ns2:attachments>
                <ns2:modificationDate>2017-03-16T16:28:09</ns2:modificationDate>
                <ns2:saveUserId>26459</ns2:saveUserId>
                <ns2:deliveryPlaceIndication>DIFFERENT_PLACE</ns2:deliveryPlaceIndication>
                <ns2:emergency>false</ns2:emergency>
                <ns2:jointPurchase>false</ns2:jointPurchase>
                <ns2:lots>
                    <lot>
                        <guid>a139b954-b172-b87c-e8af-c1e0a125aa86</guid>
                        <ordinalNumber>1</ordinalNumber>
                        <lotEditEnabled>true</lotEditEnabled>
                        <lotData>
                            <subject>Закупка инструмента</subject>
                            <currency>
                                <code>EUR</code>
                                <digitalCode>978</digitalCode>
                                <name>Евро</name>
                            </currency>
                            <initialSum>49644.35</initialSum>
                            <deliveryPlace>
                                <address>г. Москва, ул. Клары Цеткин, д. 33</address>
                            </deliveryPlace>
                            <lotItems>
                                <newCodes>true</newCodes>
                                <lotItem>
                                    <guid>0b2a7857-434a-07d7-3756-734ca76a0033</guid>
                                    <ordinalNumber>1</ordinalNumber>
                                    <okpd2>
                                        <code>25.73</code>
                                        <name>Инструмент</name>
                                    </okpd2>
                                    <okved2>
                                        <code>25.73</code>
                                        <name>Производство инструмента</name>
                                    </okved2>
                                    <okei>
                                        <code>796</code>
                                        <name>Штука</name>
                                    </okei>
                                    <qty>18695</qty>
                                    <additionalInfo>Закупка инструмента</additionalInfo>
                                </lotItem>
                            </lotItems>
                            <forSmallOrMiddle>true</forSmallOrMiddle>
                            <excludePurchaseFromPlan>false</excludePurchaseFromPlan>
                            <subcontractorsRequirement>false</subcontractorsRequirement>
                            <ignoredPurchase>false</ignoredPurchase>
                            <centralized>false</centralized>
                        </lotData>
                        <deliveryPlaceIndication>GL</deliveryPlaceIndication>
                        <jointLotData>
                            <jointLot>false</jointLot>
                        </jointLotData>
                        <lotPlanInfo>
                            <planRegistrationNumber>2160200993</planRegistrationNumber>
                            <planGuid>3d2fe57e-4ab2-42ae-bac5-53c071982715</planGuid>
                            <positionNumber>397</positionNumber>
                            <lotPlanPosition>COMMODITY</lotPlanPosition>
                            <positionGuid>29973e5e-e12b-4e81-88b7-28ee74a4c339</positionGuid>
                        </lotPlanInfo>
                        <cancelled>false</cancelled>
                    </lot>
                </ns2:lots>
                <ns2:electronicPlaceInfo>
                    <name>ЭТП ГПБ</name>
                    <url>https://etp.gpb.ru/</url>
                    <electronicPlaceId>125</electronicPlaceId>
                </ns2:electronicPlaceInfo>
                <ns2:auctionTime>2017-04-12T11:00:00</ns2:auctionTime>
                <ns2:applExamPeriodTime>2017-04-11T16:00:00</ns2:applExamPeriodTime>
                <ns2:submissionCloseDateTime>2017-04-06T09:00:00</ns2:submissionCloseDateTime>
                <ns2:publicationPlannedDate>2017-03-16</ns2:publicationPlannedDate>
            </ns2:purchaseNoticeAEData>
        </ns2:item>
    </ns2:body>
</ns2:purchaseNoticeAE>
