<?xml version="1.0" encoding="UTF-8" standalone="yes"?>
<ns2:purchaseNoticeAE xsi:schemaLocation="http://zakupki.gov.ru/223/integration/schema/TFF-5.2 http://zakupki.gov.ru/223/integration/schema/TFF-5.2/purchase.xsd" xmlns="http://zakupki.gov.ru/223fz/types/1" xmlns:ns10="http://zakupki.gov.ru/223fz/purchasePlan/1" xmlns:ns11="http://zakupki.gov.ru/223fz/purchasePlanProject/1" xmlns:ns12="http://zakupki.gov.ru/223fz/purchasePlanProjectAdditionalPosition/1" xmlns:ns13="http://zakupki.gov.ru/223fz/contract/1" xmlns:ns14="http://zakupki.gov.ru/223fz/missedNotice/1" xmlns:ns15="http://zakupki.gov.ru/223fz/reference/1" xmlns:ns16="http://zakupki.gov.ru/223fz/stopCommodity/1" xmlns:ns17="http://zakupki.gov.ru/223fz/decisionSuspension/1" xmlns:ns18="http://zakupki.gov.ru/223fz/purchasePlanAdditionalPosition/1" xmlns:ns19="http://zakupki.gov.ru/223fz/webRequest/1" xmlns:ns2="http://zakupki.gov.ru/223fz/purchase/1" xmlns:xsi="http://www.w3.org/2001/XMLSchema-instance" xmlns:ns3="http://zakupki.gov.ru/223fz/dishonestSupplier/1" xmlns:ns4="http://zakupki.gov.ru/223fz/machineryListInfo/1" xmlns:ns5="http://zakupki.gov.ru/223fz/revenue/1" xmlns:ns6="http://zakupki.gov.ru/223fz/orderClauseList/1" xmlns:ns7="http://zakupki.gov.ru/223fz/disagreementProtocol/1" xmlns:ns8="http://zakupki.gov.ru/223fz/complaint/1" xmlns:ns9="http://zakupki.gov.ru/223fz/notificationIssue/1">
    <header>
        <guid>f82c34c0-667c-4925-b634-dae52425cdcb</guid>
        <createDateTime>2017-03-16T15:10:28</createDateTime>
    </header>
    <ns2:body>
        <ns2:item>
            <guid>0818e8ec-5ab4-4b85-b2d7-b59ab1cde188</guid>
            <ns2:purchaseNoticeAEData>
                <ns2:guid>0818e8ec-5ab4-4b85-b2d7-b59ab1cde188</ns2:guid>
                <ns2:createDateTime>2017-03-16T15:09:39</ns2:createDateTime>
                <ns2:urlOOS>https://zakupki.gov.ru/223/purchase/private/purchase/notice-info/details.html?noticeInfoId=5886596</ns2:urlOOS>
                <ns2:urlVSRZ>tender.otc.ru</ns2:urlVSRZ>
                <ns2:registrationNumber>31704898407</ns2:registrationNumber>
                <ns2:name>Поставка мягкого инвентаря. № 083-17</ns2:name>
                <ns2:customer>
                    <mainInfo>
                        <fullName>ФЕДЕРАЛЬНОЕ ГОСУДАРСТВЕННОЕ АВТОНОМНОЕ ОБРАЗОВАТЕЛЬНОЕ УЧРЕЖДЕНИЕ ВЫСШЕГО ОБРАЗОВАНИЯ "РОССИЙСКИЙ УНИВЕРСИТЕТ ДРУЖБЫ НАРОДОВ"</fullName>
                        <shortName>РУДН, РОССИЙСКИЙ УНИВЕРСИТЕТ ДРУЖБЫ НАРОДОВ, ФГАОУ ВО РУДН,ФГАОУ ВО "РОССИЙСКИЙ УНИВЕРСИТЕТ ДРУЖБЫ НАРОДОВ"</shortName>
                        <iko>57728073720772801001</iko>
                        <inn>7728073720</inn>
                        <kpp>772801001</kpp>
                        <ogrn>1027739189323</ogrn>
                        <legalAddress>117198, Г МОСКВА, УЛ МИКЛУХО-МАКЛАЯ, дом ДОМ 6</legalAddress>
                        <postalAddress>117198, Москва г, Миклухо-Маклая ул, дом 6</postalAddress>
                        <phone>7-495-7873803-1355</phone>
                        <fax>7-495-4343110</fax>
                        <email>ekk3@rudn.ru</email>
                        <okato>45293578000</okato>
                        <okpo>02066463</okpo>
                    </mainInfo>
                </ns2:customer>
                <ns2:purchaseMethodCode>3361</ns2:purchaseMethodCode>
                <ns2:purchaseCodeName>Открытый аукцион в электронной форме</ns2:purchaseCodeName>
                <ns2:placer>
                    <mainInfo>
                        <fullName>ФЕДЕРАЛЬНОЕ ГОСУДАРСТВЕННОЕ АВТОНОМНОЕ ОБРАЗОВАТЕЛЬНОЕ УЧРЕЖДЕНИЕ ВЫСШЕГО ОБРАЗОВАНИЯ "РОССИЙСКИЙ УНИВЕРСИТЕТ ДРУЖБЫ НАРОДОВ"</fullName>
                        <shortName>РУДН, РОССИЙСКИЙ УНИВЕРСИТЕТ ДРУЖБЫ НАРОДОВ, ФГАОУ ВО РУДН,ФГАОУ ВО "РОССИЙСКИЙ УНИВЕРСИТЕТ ДРУЖБЫ НАРОДОВ"</shortName>
                        <iko>57728073720772801001</iko>
                        <inn>7728073720</inn>
                        <kpp>772801001</kpp>
                        <ogrn>1027739189323</ogrn>
                        <legalAddress>117198, Г МОСКВА, УЛ МИКЛУХО-МАКЛАЯ, дом ДОМ 6</legalAddress>
                        <postalAddress>117198, Москва г, Миклухо-Маклая ул, дом 6</postalAddress>
                        <phone>7-495-7873803-1355</phone>
                        <fax>7-495-4343110</fax>
                        <email>ekk3@rudn.ru</email>
                        <okato>45293578000</okato>
                        <okpo>02066463</okpo>
                    </mainInfo>
                </ns2:placer>
                <ns2:contact>
                    <firstName>Светлана</firstName>
                    <middleName>Юрьевна</middleName>
                    <lastName>Колесник</lastName>
                    <phone>+7 (495) 7873803, доб.: 2056</phone>
                    <email>ekk6@rudn.ru</email>
                    <organization>
                        <mainInfo>
                            <fullName>ФЕДЕРАЛЬНОЕ ГОСУДАРСТВЕННОЕ АВТОНОМНОЕ ОБРАЗОВАТЕЛЬНОЕ УЧРЕЖДЕНИЕ ВЫСШЕГО ОБРАЗОВАНИЯ "РОССИЙСКИЙ УНИВЕРСИТЕТ ДРУЖБЫ НАРОДОВ"</fullName>
                            <shortName>РУДН, РОССИЙСКИЙ УНИВЕРСИТЕТ ДРУЖБЫ НАРОДОВ, ФГАОУ ВО РУДН,ФГАОУ ВО "РОССИЙСКИЙ УНИВЕРСИТЕТ ДРУЖБЫ НАРОДОВ"</shortName>
                            <iko>57728073720772801001</iko>
                            <inn>7728073720</inn>
                            <kpp>772801001</kpp>
                            <ogrn>1027739189323</ogrn>
                            <legalAddress>117198, Г МОСКВА, УЛ МИКЛУХО-МАКЛАЯ, дом ДОМ 6</legalAddress>
                            <postalAddress>117198, Москва г, Миклухо-Маклая ул, дом 6</postalAddress>
                            <phone>7-495-7873803-1355</phone>
                            <fax>7-495-4343110</fax>
                            <email>ekk3@rudn.ru</email>
                            <okato>45293578000</okato>
                            <okpo>02066463</okpo>
                        </mainInfo>
                    </organization>
                </ns2:contact>
                <ns2:publicationDateTime>2017-03-16T15:10:28</ns2:publicationDateTime>
                <ns2:documentationDelivery>
                    <deliveryStartDateTime>2017-03-17</deliveryStartDateTime>
                    <deliveryEndDateTime>2017-04-07</deliveryEndDateTime>
                    <place>Электронная торговая площадка</place>
                    <procedure>В электронной форме</procedure>
                </ns2:documentationDelivery>
                <ns2:status>P</ns2:status>
                <ns2:version>1</ns2:version>
                <ns2:notDishonest>true</ns2:notDishonest>
                <ns2:attachments>
                    <totalDocumentsCount>1</totalDocumentsCount>
                    <document>
                        <guid>b45fdec1-512f-4751-8c4b-a2ba7321d8d6</guid>
                        <createDateTime>2017-03-16T15:06:01</createDateTime>
                        <fileName>Лот 1. 0413  Документация.doc</fileName>
                        <description>Лот 1. 0413  Документация.doc</description>
                        <url>http://zakupki.gov.ru/223/purchase/public/download/download.html?id=30112425</url>
                    </document>
                </ns2:attachments>
                <ns2:modificationDate>2017-03-16T15:10:28</ns2:modificationDate>
                <ns2:saveUserId>114691</ns2:saveUserId>
                <ns2:deliveryPlaceIndication>DIFFERENT_PLACE</ns2:deliveryPlaceIndication>
                <ns2:emergency>false</ns2:emergency>
                <ns2:jointPurchase>false</ns2:jointPurchase>
                <ns2:lots>
                    <lot>
                        <guid>40ffd827-b103-47aa-be8d-bb85542af66d</guid>
                        <ordinalNumber>1</ordinalNumber>
                        <lotEditEnabled>false</lotEditEnabled>
                        <lotData>
                            <subject>Поставка мягкого инвентаря</subject>
                            <currency>
                                <code>RUB</code>
                                <digitalCode>643</digitalCode>
                                <name>Российский рубль</name>
                            </currency>
                            <initialSum>1425180.00</initialSum>
                            <deliveryPlace>
                                <state>Центральный федеральный округ</state>
                                <region>Москва</region>
                                <regionOkato>45000000000</regionOkato>
                                <address>г Москва, ул Миклухо-Маклая, д 7</address>
                            </deliveryPlace>
                            <lotItems>
                                <newCodes>true</newCodes>
                                <lotItem>
                                    <guid>a0fa2d5d-f602-484c-9053-cf46f9247e39</guid>
                                    <ordinalNumber>1</ordinalNumber>
                                    <okpd2>
                                        <code>13.92.24.140</code>
                                        <name>Подушки</name>
                                    </okpd2>
                                    <okved2>
                                        <code>13.92</code>
                                        <name>Производство готовых текстильных изделий, кроме одежды</name>
                                    </okved2>
                                    <okei>
                                        <code>796</code>
                                        <name>Штука</name>
                                    </okei>
                                    <qty>3000</qty>
                                </lotItem>
                            </lotItems>
                            <forSmallOrMiddle>true</forSmallOrMiddle>
                            <excludePurchaseFromPlan>false</excludePurchaseFromPlan>
                            <subcontractorsRequirement>false</subcontractorsRequirement>
                            <ignoredPurchase>false</ignoredPurchase>
                            <centralized>false</centralized>
                        </lotData>
                        <deliveryPlaceIndication>GL</deliveryPlaceIndication>
                        <jointLotData>
                            <jointLot>false</jointLot>
                        </jointLotData>
                        <lotPlanInfo>
                            <planRegistrationNumber>2160207518</planRegistrationNumber>
                            <planGuid>ea9e3d15-6576-4953-a622-d9aa231771d2</planGuid>
                            <positionNumber>135</positionNumber>
                            <lotPlanPosition>COMMODITY</lotPlanPosition>
                            <positionGuid>366b4a2b-a1b7-4da3-8f74-6e81575d2732</positionGuid>
                        </lotPlanInfo>
                        <cancelled>false</cancelled>
                    </lot>
                </ns2:lots>
                <ns2:electronicPlaceInfo>
                    <name>OTC-tender</name>
                    <url>tender.otc.ru</url>
                    <electronicPlaceId>106</electronicPlaceId>
                </ns2:electronicPlaceInfo>
                <ns2:auctionTime>2017-04-11T10:00:00</ns2:auctionTime>
                <ns2:applExamPeriodTime>2017-04-10T12:00:00</ns2:applExamPeriodTime>
                <ns2:submissionCloseDateTime>2017-04-07T09:00:00</ns2:submissionCloseDateTime>
                <ns2:publicationPlannedDate>2017-03-16</ns2:publicationPlannedDate>
            </ns2:purchaseNoticeAEData>
        </ns2:item>
    </ns2:body>
</ns2:purchaseNoticeAE>
