<?xml version="1.0" encoding="UTF-8" standalone="yes"?>
<ns2:purchaseNoticeAE xsi:schemaLocation="http://zakupki.gov.ru/223/integration/schema/TFF-5.2 http://zakupki.gov.ru/223/integration/schema/TFF-5.2/purchase.xsd" xmlns="http://zakupki.gov.ru/223fz/types/1" xmlns:ns10="http://zakupki.gov.ru/223fz/purchasePlan/1" xmlns:ns11="http://zakupki.gov.ru/223fz/purchasePlanProject/1" xmlns:ns12="http://zakupki.gov.ru/223fz/purchasePlanProjectAdditionalPosition/1" xmlns:ns13="http://zakupki.gov.ru/223fz/contract/1" xmlns:ns14="http://zakupki.gov.ru/223fz/missedNotice/1" xmlns:ns15="http://zakupki.gov.ru/223fz/reference/1" xmlns:ns16="http://zakupki.gov.ru/223fz/stopCommodity/1" xmlns:ns17="http://zakupki.gov.ru/223fz/decisionSuspension/1" xmlns:ns18="http://zakupki.gov.ru/223fz/purchasePlanAdditionalPosition/1" xmlns:ns19="http://zakupki.gov.ru/223fz/webRequest/1" xmlns:ns2="http://zakupki.gov.ru/223fz/purchase/1" xmlns:xsi="http://www.w3.org/2001/XMLSchema-instance" xmlns:ns3="http://zakupki.gov.ru/223fz/dishonestSupplier/1" xmlns:ns4="http://zakupki.gov.ru/223fz/machineryListInfo/1" xmlns:ns5="http://zakupki.gov.ru/223fz/revenue/1" xmlns:ns6="http://zakupki.gov.ru/223fz/orderClauseList/1" xmlns:ns7="http://zakupki.gov.ru/223fz/disagreementProtocol/1" xmlns:ns8="http://zakupki.gov.ru/223fz/complaint/1" xmlns:ns9="http://zakupki.gov.ru/223fz/notificationIssue/1">
    <header>
        <guid>3e6462a0-ba71-448e-9498-672c97a2e5b2</guid>
        <createDateTime>2017-03-16T12:31:39</createDateTime>
    </header>
    <ns2:body>
        <ns2:item>
            <guid>0aaea636-b667-49db-accf-0d0f16d48e1a</guid>
            <ns2:purchaseNoticeAEData>
                <ns2:guid>0aaea636-b667-49db-accf-0d0f16d48e1a</ns2:guid>
                <ns2:createDateTime>2017-03-16T11:21:54</ns2:createDateTime>
                <ns2:urlOOS>https://zakupki.gov.ru/223/purchase/private/purchase/notice-info/details.html?noticeInfoId=5884071</ns2:urlOOS>
                <ns2:registrationNumber>31704896992</ns2:registrationNumber>
                <ns2:name>Поставка строительных и сантехнических материалов для нужд ГБС РАН</ns2:name>
                <ns2:customer>
                    <mainInfo>
                        <fullName>Федеральное государственное бюджетное учреждение науки Главный ботанический сад им. Н.В. Цицина Российской академии наук</fullName>
                        <shortName>ГБС РАН</shortName>
                        <iko>87715038478771501001</iko>
                        <inn>7715038478</inn>
                        <kpp>771501001</kpp>
                        <ogrn>1027739758892</ogrn>
                        <legalAddress>127276, Москва, Ботаническая, дом 4</legalAddress>
                        <postalAddress>127276, Москва, Ботаническая, дом 4</postalAddress>
                        <phone>7-499-9779088</phone>
                        <fax>7-499-9779000</fax>
                        <email>99770000@mail.ru</email>
                        <okato>45280567000</okato>
                        <okpo>02698795</okpo>
                    </mainInfo>
                </ns2:customer>
                <ns2:purchaseMethodCode>3361</ns2:purchaseMethodCode>
                <ns2:purchaseCodeName>Открытый аукцион в электронной форме</ns2:purchaseCodeName>
                <ns2:placer>
                    <mainInfo>
                        <fullName>Федеральное государственное бюджетное учреждение науки Главный ботанический сад им. Н.В. Цицина Российской академии наук</fullName>
                        <shortName>ГБС РАН</shortName>
                        <iko>87715038478771501001</iko>
                        <inn>7715038478</inn>
                        <kpp>771501001</kpp>
                        <ogrn>1027739758892</ogrn>
                        <legalAddress>127276, Москва, Ботаническая, дом 4</legalAddress>
                        <postalAddress>127276, Москва, Ботаническая, дом 4</postalAddress>
                        <phone>7-499-9779088</phone>
                        <fax>7-499-9779000</fax>
                        <email>99770000@mail.ru</email>
                        <okato>45280567000</okato>
                        <okpo>02698795</okpo>
                    </mainInfo>
                </ns2:placer>
                <ns2:contact>
                    <firstName>Филипп</firstName>
                    <middleName>Викторович</middleName>
                    <lastName>Федосов</lastName>
                    <phone>+7 (499) 9779088</phone>
                    <fax>+7 (499) 9779000</fax>
                    <email>99770000@mail.ru</email>
                    <organization>
                        <mainInfo>
                            <fullName>Федеральное государственное бюджетное учреждение науки Главный ботанический сад им. Н.В. Цицина Российской академии наук</fullName>
                            <shortName>ГБС РАН</shortName>
                            <iko>87715038478771501001</iko>
                            <inn>7715038478</inn>
                            <kpp>771501001</kpp>
                            <ogrn>1027739758892</ogrn>
                            <legalAddress>127276, Москва, Ботаническая, дом 4</legalAddress>
                            <postalAddress>127276, Москва, Ботаническая, дом 4</postalAddress>
                            <phone>7-499-9779088</phone>
                            <fax>7-499-9779000</fax>
                            <email>99770000@mail.ru</email>
                            <okato>45280567000</okato>
                            <okpo>02698795</okpo>
                        </mainInfo>
                    </organization>
                </ns2:contact>
                <ns2:publicationDateTime>2017-03-16T12:31:39</ns2:publicationDateTime>
                <ns2:documentationDelivery>
                    <deliveryStartDateTime>2017-03-17</deliveryStartDateTime>
                    <deliveryEndDateTime>2017-03-26</deliveryEndDateTime>
                    <place>www.223.etp-ets.ru</place>
                    <procedure>в форме электронных документов</procedure>
                </ns2:documentationDelivery>
                <ns2:status>P</ns2:status>
                <ns2:version>1</ns2:version>
                <ns2:notDishonest>false</ns2:notDishonest>
                <ns2:attachments>
                    <totalDocumentsCount>1</totalDocumentsCount>
                    <document>
                        <guid>5caf6d03-00d6-4b8c-8a55-170ffc99ffd4</guid>
                        <createDateTime>2017-03-16T12:29:36</createDateTime>
                        <fileName>Аукционная документация.doc</fileName>
                        <description>Аукционная документация</description>
                        <url>http://zakupki.gov.ru/223/purchase/public/download/download.html?id=30103543</url>
                    </document>
                </ns2:attachments>
                <ns2:modificationDate>2017-03-16T12:31:39</ns2:modificationDate>
                <ns2:saveUserId>59274</ns2:saveUserId>
                <ns2:deliveryPlaceIndication>SINGLE_PLACE</ns2:deliveryPlaceIndication>
                <ns2:emergency>false</ns2:emergency>
                <ns2:jointPurchase>false</ns2:jointPurchase>
                <ns2:lots>
                    <lot>
                        <guid>9d2c8824-92e0-4110-9214-6af0976d9db7</guid>
                        <ordinalNumber>1</ordinalNumber>
                        <lotEditEnabled>false</lotEditEnabled>
                        <lotData>
                            <subject>Поставка строительных и сантехнических материалов для нужд ГБС РАН</subject>
                            <currency>
                                <code>RUB</code>
                                <digitalCode>643</digitalCode>
                                <name>Российский рубль</name>
                            </currency>
                            <initialSum>330888.00</initialSum>
                            <deliveryPlace>
                                <state>Центральный федеральный округ</state>
                                <region>Москва</region>
                                <regionOkato>45000000000</regionOkato>
                                <address>Ботаническая ул. дом 31</address>
                            </deliveryPlace>
                            <lotItems>
                                <newCodes>true</newCodes>
                                <lotItem>
                                    <guid>d75106f7-b25f-4a02-95d2-ea08dfe30d65</guid>
                                    <ordinalNumber>1</ordinalNumber>
                                    <okpd2>
                                        <code>16.10</code>
                                        <name>Лесоматериалы, распиленные и строганые</name>
                                    </okpd2>
                                    <okved2>
                                        <code>16.10</code>
                                        <name>Распиловка и строгание древесины</name>
                                    </okved2>
                                    <okei>
                                        <code>796</code>
                                        <name>Штука</name>
                                    </okei>
                                    <qty>1</qty>
                                    <additionalInfo>согласно техническому заданию</additionalInfo>
                                </lotItem>
                            </lotItems>
                            <forSmallOrMiddle>false</forSmallOrMiddle>
                            <excludePurchaseFromPlan>false</excludePurchaseFromPlan>
                            <subcontractorsRequirement>false</subcontractorsRequirement>
                            <ignoredPurchase>false</ignoredPurchase>
                            <centralized>false</centralized>
                        </lotData>
                        <deliveryPlaceIndication>GL</deliveryPlaceIndication>
                        <jointLotData>
                            <jointLot>false</jointLot>
                        </jointLotData>
                        <lotPlanInfo>
                            <planRegistrationNumber>2170231329</planRegistrationNumber>
                            <planGuid>2bfcc0bd-c35e-439a-8aa9-e7ace1d0309a</planGuid>
                            <positionNumber>1</positionNumber>
                            <lotPlanPosition>COMMODITY</lotPlanPosition>
                            <positionGuid>e094a6d7-12e9-4b25-8ba7-dbf31559549f</positionGuid>
                        </lotPlanInfo>
                        <cancelled>false</cancelled>
                    </lot>
                </ns2:lots>
                <ns2:electronicPlaceInfo>
                    <name>Национальная электронная площадка</name>
                    <url>www.223.etp-ets.ru</url>
                    <electronicPlaceId>104</electronicPlaceId>
                </ns2:electronicPlaceInfo>
                <ns2:auctionTime>2017-03-31T12:00:00</ns2:auctionTime>
                <ns2:applExamPeriodTime>2017-03-28T00:00:00</ns2:applExamPeriodTime>
                <ns2:submissionCloseDateTime>2017-03-27T10:00:00</ns2:submissionCloseDateTime>
                <ns2:publicationPlannedDate>2017-03-17</ns2:publicationPlannedDate>
            </ns2:purchaseNoticeAEData>
        </ns2:item>
    </ns2:body>
</ns2:purchaseNoticeAE>
