<?xml version="1.0" encoding="UTF-8" standalone="yes"?>
<ns2:purchaseNoticeAE xsi:schemaLocation="http://zakupki.gov.ru/223/integration/schema/TFF-5.2 http://zakupki.gov.ru/223/integration/schema/TFF-5.2/purchase.xsd" xmlns="http://zakupki.gov.ru/223fz/types/1" xmlns:ns10="http://zakupki.gov.ru/223fz/purchasePlan/1" xmlns:ns11="http://zakupki.gov.ru/223fz/purchasePlanProject/1" xmlns:ns12="http://zakupki.gov.ru/223fz/purchasePlanProjectAdditionalPosition/1" xmlns:ns13="http://zakupki.gov.ru/223fz/contract/1" xmlns:ns14="http://zakupki.gov.ru/223fz/missedNotice/1" xmlns:ns15="http://zakupki.gov.ru/223fz/reference/1" xmlns:ns16="http://zakupki.gov.ru/223fz/stopCommodity/1" xmlns:ns17="http://zakupki.gov.ru/223fz/decisionSuspension/1" xmlns:ns18="http://zakupki.gov.ru/223fz/purchasePlanAdditionalPosition/1" xmlns:ns19="http://zakupki.gov.ru/223fz/webRequest/1" xmlns:ns2="http://zakupki.gov.ru/223fz/purchase/1" xmlns:xsi="http://www.w3.org/2001/XMLSchema-instance" xmlns:ns3="http://zakupki.gov.ru/223fz/dishonestSupplier/1" xmlns:ns4="http://zakupki.gov.ru/223fz/machineryListInfo/1" xmlns:ns5="http://zakupki.gov.ru/223fz/revenue/1" xmlns:ns6="http://zakupki.gov.ru/223fz/orderClauseList/1" xmlns:ns7="http://zakupki.gov.ru/223fz/disagreementProtocol/1" xmlns:ns8="http://zakupki.gov.ru/223fz/complaint/1" xmlns:ns9="http://zakupki.gov.ru/223fz/notificationIssue/1">
    <header>
        <guid>a9610971-ad94-4ce6-920a-d07dc9cf83b0</guid>
        <createDateTime>2017-03-16T14:12:44</createDateTime>
    </header>
    <ns2:body>
        <ns2:item>
            <guid>8da5952a-5a91-46fe-b837-5bebf1835554</guid>
            <ns2:purchaseNoticeAEData>
                <ns2:guid>8da5952a-5a91-46fe-b837-5bebf1835554</ns2:guid>
                <ns2:createDateTime>2017-03-16T14:09:28</ns2:createDateTime>
                <ns2:urlOOS>https://zakupki.gov.ru/223/purchase/private/purchase/notice-info/details.html?noticeInfoId=5885833</ns2:urlOOS>
                <ns2:registrationNumber>31704897843</ns2:registrationNumber>
                <ns2:name>Поставка кофе в зернах и выполнение работ по профилактическому обслуживанию кофемашин</ns2:name>
                <ns2:customer>
                    <mainInfo>
                        <fullName>АКЦИОНЕРНОЕ ОБЩЕСТВО "РЖД ЛОГИСТИКА"</fullName>
                        <shortName>АО "РЖД ЛОГИСТИКА"</shortName>
                        <iko>67708730092770801001</iko>
                        <inn>7708730092</inn>
                        <kpp>770801001</kpp>
                        <ogrn>1107746946340</ogrn>
                        <legalAddress>107078, Г МОСКВА, УЛ МАШИ ПОРЫВАЕВОЙ, дом ДОМ 34</legalAddress>
                        <postalAddress>107078, Москва г, Маши Порываевой ул, дом 34</postalAddress>
                        <phone>7-495-9886868</phone>
                        <fax>7-495-7483232</fax>
                        <email>SushchinskiyMV@rzdlog.ru</email>
                        <okato>45286565000</okato>
                        <okpo>68861216</okpo>
                    </mainInfo>
                </ns2:customer>
                <ns2:purchaseMethodCode>3361</ns2:purchaseMethodCode>
                <ns2:purchaseCodeName>Открытый аукцион в электронной форме</ns2:purchaseCodeName>
                <ns2:placer>
                    <mainInfo>
                        <fullName>АКЦИОНЕРНОЕ ОБЩЕСТВО "РЖД ЛОГИСТИКА"</fullName>
                        <shortName>АО "РЖД ЛОГИСТИКА"</shortName>
                        <iko>67708730092770801001</iko>
                        <inn>7708730092</inn>
                        <kpp>770801001</kpp>
                        <ogrn>1107746946340</ogrn>
                        <legalAddress>107078, Г МОСКВА, УЛ МАШИ ПОРЫВАЕВОЙ, дом ДОМ 34</legalAddress>
                        <postalAddress>107078, Москва г, Маши Порываевой ул, дом 34</postalAddress>
                        <phone>7-495-9886868</phone>
                        <fax>7-495-7483232</fax>
                        <email>SushchinskiyMV@rzdlog.ru</email>
                        <okato>45286565000</okato>
                        <okpo>68861216</okpo>
                    </mainInfo>
                </ns2:placer>
                <ns2:contact>
                    <phone>+7 (495) 9886868, доб.: 1081</phone>
                    <email>SushchinskiyMV@rzdlog.ru</email>
                    <organization>
                        <mainInfo>
                            <fullName>АКЦИОНЕРНОЕ ОБЩЕСТВО "РЖД ЛОГИСТИКА"</fullName>
                            <shortName>АО "РЖД ЛОГИСТИКА"</shortName>
                            <iko>67708730092770801001</iko>
                            <inn>7708730092</inn>
                            <kpp>770801001</kpp>
                            <ogrn>1107746946340</ogrn>
                            <legalAddress>107078, Г МОСКВА, УЛ МАШИ ПОРЫВАЕВОЙ, дом ДОМ 34</legalAddress>
                            <postalAddress>107078, Москва г, Маши Порываевой ул, дом 34</postalAddress>
                            <phone>7-495-9886868</phone>
                            <fax>7-495-7483232</fax>
                            <email>SushchinskiyMV@rzdlog.ru</email>
                            <okato>45286565000</okato>
                            <okpo>68861216</okpo>
                        </mainInfo>
                    </organization>
                </ns2:contact>
                <ns2:publicationDateTime>2017-03-16T14:12:44</ns2:publicationDateTime>
                <ns2:documentationDelivery>
                    <deliveryStartDateTime>2017-03-16</deliveryStartDateTime>
                    <deliveryEndDateTime>2017-04-06</deliveryEndDateTime>
                    <place>В электронном виде</place>
                    <procedure>В соответствии с условиями аукционной документации</procedure>
                </ns2:documentationDelivery>
                <ns2:status>P</ns2:status>
                <ns2:version>1</ns2:version>
                <ns2:notDishonest>true</ns2:notDishonest>
                <ns2:attachments>
                    <totalDocumentsCount>3</totalDocumentsCount>
                    <document>
                        <guid>ec9b2b6a-36e7-4d80-8855-eca54b0690f8</guid>
                        <createDateTime>2017-03-16T14:12:18</createDateTime>
                        <fileName>Документация_порядок организации проведения закупки.docx</fileName>
                        <description>Документация_порядок организации проведения закупки</description>
                        <url>http://zakupki.gov.ru/223/purchase/public/download/download.html?id=30108881</url>
                    </document>
                    <document>
                        <guid>0d9df0c4-92b2-4a17-a0e0-26fc5840cad7</guid>
                        <createDateTime>2017-03-16T14:12:21</createDateTime>
                        <fileName>Документация_условия проведения закупки.docx</fileName>
                        <description>Документация_условия проведения закупки</description>
                        <url>http://zakupki.gov.ru/223/purchase/public/download/download.html?id=30108885</url>
                    </document>
                    <document>
                        <guid>ac40ca2b-dcbc-4c8b-a0a0-edff6958369b</guid>
                        <createDateTime>2017-03-16T14:12:25</createDateTime>
                        <fileName>Извещение.doc</fileName>
                        <description>Извещение</description>
                        <url>http://zakupki.gov.ru/223/purchase/public/download/download.html?id=30108890</url>
                    </document>
                </ns2:attachments>
                <ns2:modificationDate>2017-03-16T14:12:44</ns2:modificationDate>
                <ns2:saveUserId>63927</ns2:saveUserId>
                <ns2:deliveryPlaceIndication>SINGLE_PLACE</ns2:deliveryPlaceIndication>
                <ns2:emergency>false</ns2:emergency>
                <ns2:jointPurchase>false</ns2:jointPurchase>
                <ns2:lots>
                    <lot>
                        <guid>4f34af79-5c66-4885-bb06-ee8831e83e2c</guid>
                        <ordinalNumber>1</ordinalNumber>
                        <lotEditEnabled>false</lotEditEnabled>
                        <lotData>
                            <subject>Поставка кофе в зернах и выполнение работ по профилактическому обслуживанию кофемашин</subject>
                            <currency>
                                <code>RUB</code>
                                <digitalCode>643</digitalCode>
                                <name>Российский рубль</name>
                            </currency>
                            <initialSum>500000.00</initialSum>
                            <deliveryPlace>
                                <state>Центральный федеральный округ</state>
                                <region>Москва</region>
                                <regionOkato>45000000000</regionOkato>
                                <address>107078, г. Москва, ул. Маши Порываевой, д. 34</address>
                            </deliveryPlace>
                            <lotItems>
                                <newCodes>true</newCodes>
                                <lotItem>
                                    <guid>c62a6354-2603-47da-8239-b373a20e25b3</guid>
                                    <ordinalNumber>1</ordinalNumber>
                                    <okpd2>
                                        <code>10.83</code>
                                        <name>Чай и кофе обработанные</name>
                                    </okpd2>
                                    <okved2>
                                        <code>46.3</code>
                                        <name>Торговля оптовая пищевыми продуктами, напитками и табачными изделиями</name>
                                    </okved2>
                                    <okei>
                                        <code>876</code>
                                        <name>Условная единица</name>
                                    </okei>
                                    <qty>1</qty>
                                </lotItem>
                            </lotItems>
                            <forSmallOrMiddle>true</forSmallOrMiddle>
                            <excludePurchaseFromPlan>false</excludePurchaseFromPlan>
                            <subcontractorsRequirement>false</subcontractorsRequirement>
                            <ignoredPurchase>false</ignoredPurchase>
                            <centralized>false</centralized>
                        </lotData>
                        <deliveryPlaceIndication>GL</deliveryPlaceIndication>
                        <jointLotData>
                            <jointLot>false</jointLot>
                        </jointLotData>
                        <lotPlanInfo>
                            <planRegistrationNumber>2160210217</planRegistrationNumber>
                            <planGuid>521695a7-5c6a-442d-92b2-8d64fee0de26</planGuid>
                            <positionNumber>271</positionNumber>
                            <lotPlanPosition>COMMODITY</lotPlanPosition>
                            <positionGuid>9416bc55-931d-4487-a1be-218be233e44c</positionGuid>
                        </lotPlanInfo>
                        <cancelled>false</cancelled>
                    </lot>
                </ns2:lots>
                <ns2:electronicPlaceInfo>
                    <name>Электронная торгово-закупочная площадка ОАО "РЖД"</name>
                    <url>http://etzp.rzd.ru</url>
                    <electronicPlaceId>112</electronicPlaceId>
                </ns2:electronicPlaceInfo>
                <ns2:auctionTime>2017-04-13T10:00:00</ns2:auctionTime>
                <ns2:applExamPeriodTime>2017-04-10T00:00:00</ns2:applExamPeriodTime>
                <ns2:submissionCloseDateTime>2017-04-06T10:00:00</ns2:submissionCloseDateTime>
                <ns2:publicationPlannedDate>2017-03-16</ns2:publicationPlannedDate>
            </ns2:purchaseNoticeAEData>
        </ns2:item>
    </ns2:body>
</ns2:purchaseNoticeAE>
