<?xml version="1.0" encoding="UTF-8" standalone="yes"?>
<ns2:purchaseNoticeAE xsi:schemaLocation="http://zakupki.gov.ru/223/integration/schema/TFF-5.2 http://zakupki.gov.ru/223/integration/schema/TFF-5.2/purchase.xsd" xmlns="http://zakupki.gov.ru/223fz/types/1" xmlns:ns10="http://zakupki.gov.ru/223fz/purchasePlan/1" xmlns:ns11="http://zakupki.gov.ru/223fz/purchasePlanProject/1" xmlns:ns12="http://zakupki.gov.ru/223fz/purchasePlanProjectAdditionalPosition/1" xmlns:ns13="http://zakupki.gov.ru/223fz/contract/1" xmlns:ns14="http://zakupki.gov.ru/223fz/missedNotice/1" xmlns:ns15="http://zakupki.gov.ru/223fz/reference/1" xmlns:ns16="http://zakupki.gov.ru/223fz/stopCommodity/1" xmlns:ns17="http://zakupki.gov.ru/223fz/decisionSuspension/1" xmlns:ns18="http://zakupki.gov.ru/223fz/purchasePlanAdditionalPosition/1" xmlns:ns19="http://zakupki.gov.ru/223fz/webRequest/1" xmlns:ns2="http://zakupki.gov.ru/223fz/purchase/1" xmlns:xsi="http://www.w3.org/2001/XMLSchema-instance" xmlns:ns3="http://zakupki.gov.ru/223fz/dishonestSupplier/1" xmlns:ns4="http://zakupki.gov.ru/223fz/machineryListInfo/1" xmlns:ns5="http://zakupki.gov.ru/223fz/revenue/1" xmlns:ns6="http://zakupki.gov.ru/223fz/orderClauseList/1" xmlns:ns7="http://zakupki.gov.ru/223fz/disagreementProtocol/1" xmlns:ns8="http://zakupki.gov.ru/223fz/complaint/1" xmlns:ns9="http://zakupki.gov.ru/223fz/notificationIssue/1">
    <header>
        <guid>4ab3c127-b2fb-48b2-83aa-adbdbc6d59e5</guid>
        <createDateTime>2017-03-16T15:27:19</createDateTime>
    </header>
    <ns2:body>
        <ns2:item>
            <guid>b3276147-fbd3-4697-8df6-e6db828b36b7</guid>
            <ns2:purchaseNoticeAEData>
                <ns2:guid>b3276147-fbd3-4697-8df6-e6db828b36b7</ns2:guid>
                <ns2:createDateTime>2017-03-16T15:24:06</ns2:createDateTime>
                <ns2:urlOOS>https://zakupki.gov.ru/223/purchase/private/purchase/notice-info/details.html?noticeInfoId=5886756</ns2:urlOOS>
                <ns2:urlVSRZ>https://etp.gpb.ru/#com/procedure/view/procedure/90541</ns2:urlVSRZ>
                <ns2:registrationNumber>31704898577</ns2:registrationNumber>
                <ns2:name>Поставка инструмента</ns2:name>
                <ns2:customer>
                    <mainInfo>
                        <fullName>АКЦИОНЕРНОЕ ОБЩЕСТВО "МОСКОВСКИЙ МАШИНОСТРОИТЕЛЬНЫЙ ЗАВОД "АВАНГАРД"</fullName>
                        <shortName>АО "ММЗ "АВАНГАРД"</shortName>
                        <iko>67743065177774301001</iko>
                        <inn>7743065177</inn>
                        <kpp>774301001</kpp>
                        <ogrn>1027743012890</ogrn>
                        <legalAddress>125130, г МОСКВА, ул КЛАРЫ ЦЕТКИН, дом 33</legalAddress>
                        <postalAddress>125130, Москва, Клары Цеткин, дом 33 </postalAddress>
                        <phone>7-495-6020431</phone>
                        <fax>7-495-6020431</fax>
                        <email>MMZAVANGARDMOS@mail.ru</email>
                        <okato>45277565000</okato>
                        <okpo>07512111</okpo>
                    </mainInfo>
                </ns2:customer>
                <ns2:purchaseMethodCode>3361</ns2:purchaseMethodCode>
                <ns2:purchaseCodeName>Открытый аукцион в электронной форме</ns2:purchaseCodeName>
                <ns2:placer>
                    <mainInfo>
                        <fullName>АКЦИОНЕРНОЕ ОБЩЕСТВО "МОСКОВСКИЙ МАШИНОСТРОИТЕЛЬНЫЙ ЗАВОД "АВАНГАРД"</fullName>
                        <shortName>АО "ММЗ "АВАНГАРД"</shortName>
                        <iko>67743065177774301001</iko>
                        <inn>7743065177</inn>
                        <kpp>774301001</kpp>
                        <ogrn>1027743012890</ogrn>
                        <legalAddress>125130, г МОСКВА, ул КЛАРЫ ЦЕТКИН, дом 33</legalAddress>
                        <postalAddress>125130, Москва, Клары Цеткин, дом 33 </postalAddress>
                        <phone>7-495-6020431</phone>
                        <fax>7-495-6020431</fax>
                        <email>MMZAVANGARDMOS@mail.ru</email>
                        <okato>45277565000</okato>
                        <okpo>07512111</okpo>
                    </mainInfo>
                </ns2:placer>
                <ns2:contact>
                    <firstName>Татьяна</firstName>
                    <middleName>Александровна</middleName>
                    <lastName>Теряева</lastName>
                    <phone>+7 (495) 6020431</phone>
                    <email>mmzavangard18@mail.ru</email>
                    <organization>
                        <mainInfo>
                            <fullName>АКЦИОНЕРНОЕ ОБЩЕСТВО "МОСКОВСКИЙ МАШИНОСТРОИТЕЛЬНЫЙ ЗАВОД "АВАНГАРД"</fullName>
                            <shortName>АО "ММЗ "АВАНГАРД"</shortName>
                            <iko>67743065177774301001</iko>
                            <inn>7743065177</inn>
                            <kpp>774301001</kpp>
                            <ogrn>1027743012890</ogrn>
                            <legalAddress>125130, г МОСКВА, ул КЛАРЫ ЦЕТКИН, дом 33</legalAddress>
                            <postalAddress>125130, Москва, Клары Цеткин, дом 33 </postalAddress>
                            <phone>7-495-6020431</phone>
                            <fax>7-495-6020431</fax>
                            <email>MMZAVANGARDMOS@mail.ru</email>
                            <okato>45277565000</okato>
                            <okpo>07512111</okpo>
                        </mainInfo>
                    </organization>
                </ns2:contact>
                <ns2:publicationDateTime>2017-03-16T15:27:19</ns2:publicationDateTime>
                <ns2:documentationDelivery>
                    <deliveryStartDateTime>2017-03-16</deliveryStartDateTime>
                    <deliveryEndDateTime>2017-04-06</deliveryEndDateTime>
                    <place>https://etp.gpb.ru/</place>
                    <procedure>посредством размещения для скачивания и ознакомления</procedure>
                </ns2:documentationDelivery>
                <ns2:status>P</ns2:status>
                <ns2:version>1</ns2:version>
                <ns2:notDishonest>true</ns2:notDishonest>
                <ns2:attachments>
                    <totalDocumentsCount>2</totalDocumentsCount>
                    <document>
                        <guid>8bd9b5b7-f46d-2c12-eae2-a680ddc2a379</guid>
                        <createDateTime>2017-03-16T15:08:57</createDateTime>
                        <fileName>Извещение.docx</fileName>
                        <description>Извещение</description>
                        <url>http://zakupki.gov.ru/223/purchase/public/download/download.html?id=30113165</url>
                    </document>
                    <document>
                        <guid>d31e5357-d80b-cf70-e5e9-35c130e1237d</guid>
                        <createDateTime>2017-03-16T15:10:11</createDateTime>
                        <fileName>Документация_об_аукционе(СМП)нью1223.doc</fileName>
                        <description>Документация</description>
                        <url>http://zakupki.gov.ru/223/purchase/public/download/download.html?id=30113166</url>
                    </document>
                </ns2:attachments>
                <ns2:modificationDate>2017-03-16T15:27:19</ns2:modificationDate>
                <ns2:saveUserId>26459</ns2:saveUserId>
                <ns2:deliveryPlaceIndication>DIFFERENT_PLACE</ns2:deliveryPlaceIndication>
                <ns2:emergency>false</ns2:emergency>
                <ns2:jointPurchase>false</ns2:jointPurchase>
                <ns2:lots>
                    <lot>
                        <guid>3e7bfedd-327f-f33f-eaa6-84adfa9f2be7</guid>
                        <ordinalNumber>1</ordinalNumber>
                        <lotEditEnabled>true</lotEditEnabled>
                        <lotData>
                            <subject>Закупка инструмента
</subject>
                            <currency>
                                <code>RUB</code>
                                <digitalCode>643</digitalCode>
                                <name>Российский рубль</name>
                            </currency>
                            <initialSum>3494254.78</initialSum>
                            <deliveryPlace>
                                <address>125130, г. Москва, ул. Клары Цеткин, д. 33.</address>
                            </deliveryPlace>
                            <lotItems>
                                <newCodes>true</newCodes>
                                <lotItem>
                                    <guid>9ff69070-8dc7-0211-9b35-6895333e1c83</guid>
                                    <ordinalNumber>1</ordinalNumber>
                                    <okpd2>
                                        <code>25.73.40</code>
                                        <name>Инструменты рабочие сменные для станков или для ручного инструмента (с механическим приводом или без него)</name>
                                    </okpd2>
                                    <okved2>
                                        <code>25.73</code>
                                        <name>Производство инструмента</name>
                                    </okved2>
                                    <okei>
                                        <code>796</code>
                                        <name>Штука</name>
                                    </okei>
                                    <qty>11133</qty>
                                    <additionalInfo>Закупка инструмента</additionalInfo>
                                </lotItem>
                            </lotItems>
                            <forSmallOrMiddle>true</forSmallOrMiddle>
                            <excludePurchaseFromPlan>false</excludePurchaseFromPlan>
                            <subcontractorsRequirement>false</subcontractorsRequirement>
                            <ignoredPurchase>false</ignoredPurchase>
                            <centralized>false</centralized>
                        </lotData>
                        <deliveryPlaceIndication>GL</deliveryPlaceIndication>
                        <jointLotData>
                            <jointLot>false</jointLot>
                        </jointLotData>
                        <lotPlanInfo>
                            <planRegistrationNumber>2160200993</planRegistrationNumber>
                            <planGuid>9af057e0-6ab1-4625-b2dd-07b8221f4d93</planGuid>
                            <positionNumber>401</positionNumber>
                            <lotPlanPosition>COMMODITY</lotPlanPosition>
                            <positionGuid>62062296-5467-4a06-bc2a-ada247fbde7c</positionGuid>
                        </lotPlanInfo>
                        <cancelled>false</cancelled>
                    </lot>
                </ns2:lots>
                <ns2:electronicPlaceInfo>
                    <name>ЭТП ГПБ</name>
                    <url>https://etp.gpb.ru/</url>
                    <electronicPlaceId>125</electronicPlaceId>
                </ns2:electronicPlaceInfo>
                <ns2:auctionTime>2017-04-12T11:00:00</ns2:auctionTime>
                <ns2:applExamPeriodTime>2017-04-11T16:00:00</ns2:applExamPeriodTime>
                <ns2:submissionCloseDateTime>2017-04-06T09:00:00</ns2:submissionCloseDateTime>
                <ns2:publicationPlannedDate>2017-03-16</ns2:publicationPlannedDate>
            </ns2:purchaseNoticeAEData>
        </ns2:item>
    </ns2:body>
</ns2:purchaseNoticeAE>
