<?xml version="1.0" encoding="UTF-8" standalone="yes"?>
<ns2:purchaseNoticeAE xsi:schemaLocation="http://zakupki.gov.ru/223/integration/schema/TFF-5.2 http://zakupki.gov.ru/223/integration/schema/TFF-5.2/purchase.xsd" xmlns="http://zakupki.gov.ru/223fz/types/1" xmlns:ns10="http://zakupki.gov.ru/223fz/purchasePlan/1" xmlns:ns11="http://zakupki.gov.ru/223fz/purchasePlanProject/1" xmlns:ns12="http://zakupki.gov.ru/223fz/purchasePlanProjectAdditionalPosition/1" xmlns:ns13="http://zakupki.gov.ru/223fz/contract/1" xmlns:ns14="http://zakupki.gov.ru/223fz/missedNotice/1" xmlns:ns15="http://zakupki.gov.ru/223fz/reference/1" xmlns:ns16="http://zakupki.gov.ru/223fz/stopCommodity/1" xmlns:ns17="http://zakupki.gov.ru/223fz/decisionSuspension/1" xmlns:ns18="http://zakupki.gov.ru/223fz/purchasePlanAdditionalPosition/1" xmlns:ns19="http://zakupki.gov.ru/223fz/webRequest/1" xmlns:ns2="http://zakupki.gov.ru/223fz/purchase/1" xmlns:xsi="http://www.w3.org/2001/XMLSchema-instance" xmlns:ns3="http://zakupki.gov.ru/223fz/dishonestSupplier/1" xmlns:ns4="http://zakupki.gov.ru/223fz/machineryListInfo/1" xmlns:ns5="http://zakupki.gov.ru/223fz/revenue/1" xmlns:ns6="http://zakupki.gov.ru/223fz/orderClauseList/1" xmlns:ns7="http://zakupki.gov.ru/223fz/disagreementProtocol/1" xmlns:ns8="http://zakupki.gov.ru/223fz/complaint/1" xmlns:ns9="http://zakupki.gov.ru/223fz/notificationIssue/1">
    <header>
        <guid>48a8ecbc-7352-478a-8630-30e002ab6f89</guid>
        <createDateTime>2017-03-16T18:27:50</createDateTime>
    </header>
    <ns2:body>
        <ns2:item>
            <guid>ae8712cc-de12-6364-d20c-23d97c8cb383</guid>
            <ns2:purchaseNoticeAEData>
                <ns2:guid>ae8712cc-de12-6364-d20c-23d97c8cb383</ns2:guid>
                <ns2:createDateTime>2017-03-16T17:10:26</ns2:createDateTime>
                <ns2:urlOOS>https://zakupki.gov.ru/223/purchase/private/purchase/notice-info/details.html?noticeInfoId=5887925</ns2:urlOOS>
                <ns2:urlVSRZ>https://com.roseltorg.ru/#com/procedure/view/id/286055</ns2:urlVSRZ>
                <ns2:registrationNumber>31704899930</ns2:registrationNumber>
                <ns2:name>Поставка летней специальной обуви</ns2:name>
                <ns2:customer>
                    <mainInfo>
                        <fullName>АКЦИОНЕРНОЕ ОБЩЕСТВО "МОСГАЗ"</fullName>
                        <shortName>АО "МОСГАЗ"</shortName>
                        <iko>57709919968770901001</iko>
                        <inn>7709919968</inn>
                        <kpp>770901001</kpp>
                        <ogrn>1127747295686</ogrn>
                        <legalAddress>105120, Г МОСКВА, ПЕР МРУЗОВСКИЙ, дом 11</legalAddress>
                        <postalAddress>105120, г. Москва, Мрузовский пер., д. 11</postalAddress>
                        <phone>7-495-9165966</phone>
                        <email>TremasovAV@mos-gaz.ru</email>
                        <okato>45286555000</okato>
                        <okpo>03135730</okpo>
                    </mainInfo>
                </ns2:customer>
                <ns2:purchaseMethodCode>3361</ns2:purchaseMethodCode>
                <ns2:purchaseCodeName>Открытый аукцион в электронной форме</ns2:purchaseCodeName>
                <ns2:placer>
                    <mainInfo>
                        <fullName>АКЦИОНЕРНОЕ ОБЩЕСТВО "МОСГАЗ"</fullName>
                        <shortName>АО "МОСГАЗ"</shortName>
                        <iko>57709919968770901001</iko>
                        <inn>7709919968</inn>
                        <kpp>770901001</kpp>
                        <ogrn>1127747295686</ogrn>
                        <legalAddress>105120, Г МОСКВА, ПЕР МРУЗОВСКИЙ, дом 11</legalAddress>
                        <postalAddress>105120, г. Москва, Мрузовский пер., д. 11</postalAddress>
                        <phone>7-495-9165966</phone>
                        <email>TremasovAV@mos-gaz.ru</email>
                        <okato>45286555000</okato>
                        <okpo>03135730</okpo>
                    </mainInfo>
                </ns2:placer>
                <ns2:contact>
                    <firstName>Александр</firstName>
                    <middleName>Викторович</middleName>
                    <lastName>Тремасов</lastName>
                    <phone>+7 (495) 9165966</phone>
                    <email>TremasovAV@mos-gaz.ru</email>
                    <organization>
                        <mainInfo>
                            <fullName>АКЦИОНЕРНОЕ ОБЩЕСТВО "МОСГАЗ"</fullName>
                            <shortName>АО "МОСГАЗ"</shortName>
                            <iko>57709919968770901001</iko>
                            <inn>7709919968</inn>
                            <kpp>770901001</kpp>
                            <ogrn>1127747295686</ogrn>
                            <legalAddress>105120, Г МОСКВА, ПЕР МРУЗОВСКИЙ, дом 11</legalAddress>
                            <postalAddress>105120, г. Москва, Мрузовский пер., д. 11</postalAddress>
                            <phone>7-495-9165966</phone>
                            <email>TremasovAV@mos-gaz.ru</email>
                            <okato>45286555000</okato>
                            <okpo>03135730</okpo>
                        </mainInfo>
                    </organization>
                </ns2:contact>
                <ns2:publicationDateTime>2017-03-16T18:27:50</ns2:publicationDateTime>
                <ns2:documentationDelivery>
                    <deliveryStartDateTime>2017-03-16</deliveryStartDateTime>
                    <deliveryEndDateTime>2017-04-06</deliveryEndDateTime>
                    <place>https://com.roseltorg.ru/</place>
                    <procedure>посредством размещения для скачивания и ознакомления</procedure>
                </ns2:documentationDelivery>
                <ns2:status>P</ns2:status>
                <ns2:version>1</ns2:version>
                <ns2:notDishonest>true</ns2:notDishonest>
                <ns2:attachments>
                    <totalDocumentsCount>2</totalDocumentsCount>
                    <document>
                        <guid>e2126a9a-4324-77a6-d226-659fab62f8ec</guid>
                        <createDateTime>2017-03-16T10:43:11</createDateTime>
                        <fileName>Извещение_о_проведении_аукциона_в_электронной_форме.pdf</fileName>
                        <description>Извещение о проведении аукциона в электронной форме</description>
                        <url>http://zakupki.gov.ru/223/purchase/public/download/download.html?id=30118856</url>
                    </document>
                    <document>
                        <guid>f6ca7e73-e79c-b33e-ceae-c1d413d92f4d</guid>
                        <createDateTime>2017-03-16T16:19:46</createDateTime>
                        <fileName>Аукционная_документация[4].pdf</fileName>
                        <description>Аукционная документация</description>
                        <url>http://zakupki.gov.ru/223/purchase/public/download/download.html?id=30118857</url>
                    </document>
                </ns2:attachments>
                <ns2:modificationDate>2017-03-16T18:27:50</ns2:modificationDate>
                <ns2:saveUserId>32236</ns2:saveUserId>
                <ns2:deliveryPlaceIndication>DIFFERENT_PLACE</ns2:deliveryPlaceIndication>
                <ns2:emergency>false</ns2:emergency>
                <ns2:jointPurchase>false</ns2:jointPurchase>
                <ns2:lots>
                    <lot>
                        <guid>eb7a8f45-07d5-cd2c-a6b5-cdc99547146b</guid>
                        <ordinalNumber>1</ordinalNumber>
                        <lotEditEnabled>true</lotEditEnabled>
                        <lotData>
                            <subject>Поставка летней специальной обуви</subject>
                            <currency>
                                <code>RUB</code>
                                <digitalCode>643</digitalCode>
                                <name>Российский рубль</name>
                            </currency>
                            <initialSum>4100000.00</initialSum>
                            <deliveryPlace>
                                <address>В соответствии с аукционной документацией</address>
                            </deliveryPlace>
                            <lotItems>
                                <newCodes>true</newCodes>
                                <lotItem>
                                    <guid>213e8507-77f6-8c32-31bb-cd5cecd81ea0</guid>
                                    <ordinalNumber>1</ordinalNumber>
                                    <okpd2>
                                        <code>15.20</code>
                                        <name>Обувь</name>
                                    </okpd2>
                                    <okved2>
                                        <code>15.20</code>
                                        <name>Производство обуви</name>
                                    </okved2>
                                    <okei>
                                        <code>876</code>
                                        <name>Условная единица</name>
                                    </okei>
                                    <qty>1</qty>
                                    <additionalInfo>Поставка летней специальной обуви</additionalInfo>
                                </lotItem>
                            </lotItems>
                            <forSmallOrMiddle>false</forSmallOrMiddle>
                            <excludePurchaseFromPlan>false</excludePurchaseFromPlan>
                            <subcontractorsRequirement>false</subcontractorsRequirement>
                            <ignoredPurchase>false</ignoredPurchase>
                            <centralized>false</centralized>
                        </lotData>
                        <deliveryPlaceIndication>GL</deliveryPlaceIndication>
                        <jointLotData>
                            <jointLot>false</jointLot>
                        </jointLotData>
                        <lotPlanInfo>
                            <planRegistrationNumber>2160210930</planRegistrationNumber>
                            <planGuid>b3945392-fa32-4854-8590-fc9b4590a746</planGuid>
                            <positionNumber>70</positionNumber>
                            <lotPlanPosition>COMMODITY</lotPlanPosition>
                            <positionGuid>74a7769f-b02c-921c-177a-a5a503445a36</positionGuid>
                        </lotPlanInfo>
                        <cancelled>false</cancelled>
                    </lot>
                </ns2:lots>
                <ns2:electronicPlaceInfo>
                    <name>АО "ЕЭТП"</name>
                    <url>http://www.roseltorg.ru/</url>
                    <electronicPlaceId>113</electronicPlaceId>
                </ns2:electronicPlaceInfo>
                <ns2:auctionTime>2017-04-17T12:00:00</ns2:auctionTime>
                <ns2:applExamPeriodTime>2017-04-10T12:00:00</ns2:applExamPeriodTime>
                <ns2:submissionCloseDateTime>2017-04-06T08:30:00</ns2:submissionCloseDateTime>
                <ns2:publicationPlannedDate>2017-03-16</ns2:publicationPlannedDate>
            </ns2:purchaseNoticeAEData>
        </ns2:item>
    </ns2:body>
</ns2:purchaseNoticeAE>
