<?xml version="1.0" encoding="UTF-8" standalone="yes"?>
<ns2:purchaseNoticeAE xsi:schemaLocation="http://zakupki.gov.ru/223/integration/schema/TFF-5.2 http://zakupki.gov.ru/223/integration/schema/TFF-5.2/purchase.xsd" xmlns="http://zakupki.gov.ru/223fz/types/1" xmlns:ns10="http://zakupki.gov.ru/223fz/purchasePlan/1" xmlns:ns11="http://zakupki.gov.ru/223fz/purchasePlanProject/1" xmlns:ns12="http://zakupki.gov.ru/223fz/purchasePlanProjectAdditionalPosition/1" xmlns:ns13="http://zakupki.gov.ru/223fz/contract/1" xmlns:ns14="http://zakupki.gov.ru/223fz/missedNotice/1" xmlns:ns15="http://zakupki.gov.ru/223fz/reference/1" xmlns:ns16="http://zakupki.gov.ru/223fz/stopCommodity/1" xmlns:ns17="http://zakupki.gov.ru/223fz/decisionSuspension/1" xmlns:ns18="http://zakupki.gov.ru/223fz/purchasePlanAdditionalPosition/1" xmlns:ns19="http://zakupki.gov.ru/223fz/webRequest/1" xmlns:ns2="http://zakupki.gov.ru/223fz/purchase/1" xmlns:xsi="http://www.w3.org/2001/XMLSchema-instance" xmlns:ns3="http://zakupki.gov.ru/223fz/dishonestSupplier/1" xmlns:ns4="http://zakupki.gov.ru/223fz/machineryListInfo/1" xmlns:ns5="http://zakupki.gov.ru/223fz/revenue/1" xmlns:ns6="http://zakupki.gov.ru/223fz/orderClauseList/1" xmlns:ns7="http://zakupki.gov.ru/223fz/disagreementProtocol/1" xmlns:ns8="http://zakupki.gov.ru/223fz/complaint/1" xmlns:ns9="http://zakupki.gov.ru/223fz/notificationIssue/1">
    <header>
        <guid>2b2c3bcf-6bd9-48e4-937c-aa002e2012da</guid>
        <createDateTime>2017-03-16T16:16:24</createDateTime>
    </header>
    <ns2:body>
        <ns2:item>
            <guid>7430debe-0297-efca-0b25-ce2dd18318d3</guid>
            <ns2:purchaseNoticeAEData>
                <ns2:guid>7430debe-0297-efca-0b25-ce2dd18318d3</ns2:guid>
                <ns2:createDateTime>2017-03-16T16:05:13</ns2:createDateTime>
                <ns2:urlOOS>https://zakupki.gov.ru/223/purchase/private/purchase/notice-info/details.html?noticeInfoId=5887251</ns2:urlOOS>
                <ns2:urlVSRZ>https://com.roseltorg.ru/#com/procedure/view/id/286275</ns2:urlVSRZ>
                <ns2:registrationNumber>31704899065</ns2:registrationNumber>
                <ns2:name>Поставка бензопил для нужд Объединения лесопромышленников России "Лесной Ковчег"</ns2:name>
                <ns2:customer>
                    <mainInfo>
                        <fullName>ОБЩЕСТВО С ОГРАНИЧЕННОЙ ОТВЕТСТВЕННОСТЬЮ "КОВЧЕГ"</fullName>
                        <shortName>ООО "КОВЧЕГ"</shortName>
                        <iko>57736286584773601001</iko>
                        <inn>7736286584</inn>
                        <kpp>773601001</kpp>
                        <ogrn>5167746487464</ogrn>
                        <legalAddress>119331, Г МОСКВА, ПР-КТ ВЕРНАДСКОГО, дом ДОМ 29, офис (квартира) ПОМЕЩЕНИЕ I КОМНАТА 4А</legalAddress>
                        <postalAddress>119331, г. Москва, пр-т Вернадского, д. 29, офис.4</postalAddress>
                        <phone>7-495-1326356</phone>
                        <email>ooo.kovcheeg@bk.ru</email>
                        <okato>45000000000</okato>
                        <okpo>06127109</okpo>
                    </mainInfo>
                </ns2:customer>
                <ns2:purchaseMethodCode>3361</ns2:purchaseMethodCode>
                <ns2:purchaseCodeName>Открытый аукцион в электронной форме</ns2:purchaseCodeName>
                <ns2:placer>
                    <mainInfo>
                        <fullName>ОБЩЕСТВО С ОГРАНИЧЕННОЙ ОТВЕТСТВЕННОСТЬЮ "КОВЧЕГ"</fullName>
                        <shortName>ООО "КОВЧЕГ"</shortName>
                        <iko>57736286584773601001</iko>
                        <inn>7736286584</inn>
                        <kpp>773601001</kpp>
                        <ogrn>5167746487464</ogrn>
                        <legalAddress>119331, Г МОСКВА, ПР-КТ ВЕРНАДСКОГО, дом ДОМ 29, офис (квартира) ПОМЕЩЕНИЕ I КОМНАТА 4А</legalAddress>
                        <postalAddress>119331, г. Москва, пр-т Вернадского, д. 29, офис.4</postalAddress>
                        <phone>7-495-1326356</phone>
                        <email>ooo.kovcheeg@bk.ru</email>
                        <okato>45000000000</okato>
                        <okpo>06127109</okpo>
                    </mainInfo>
                </ns2:placer>
                <ns2:contact>
                    <firstName>Артем</firstName>
                    <middleName>Константинович</middleName>
                    <lastName>Жданов</lastName>
                    <phone>+7 (925) 0141516</phone>
                    <email>info@lesnojkovcheg.ru</email>
                    <organization>
                        <mainInfo>
                            <fullName>ОБЩЕСТВО С ОГРАНИЧЕННОЙ ОТВЕТСТВЕННОСТЬЮ "КОВЧЕГ"</fullName>
                            <shortName>ООО "КОВЧЕГ"</shortName>
                            <iko>57736286584773601001</iko>
                            <inn>7736286584</inn>
                            <kpp>773601001</kpp>
                            <ogrn>5167746487464</ogrn>
                            <legalAddress>119331, Г МОСКВА, ПР-КТ ВЕРНАДСКОГО, дом ДОМ 29, офис (квартира) ПОМЕЩЕНИЕ I КОМНАТА 4А</legalAddress>
                            <postalAddress>119331, г. Москва, пр-т Вернадского, д. 29, офис.4</postalAddress>
                            <phone>7-495-1326356</phone>
                            <email>ooo.kovcheeg@bk.ru</email>
                            <okato>45000000000</okato>
                            <okpo>06127109</okpo>
                        </mainInfo>
                    </organization>
                </ns2:contact>
                <ns2:publicationDateTime>2017-03-16T16:16:24</ns2:publicationDateTime>
                <ns2:documentationDelivery>
                    <deliveryStartDateTime>2017-03-16</deliveryStartDateTime>
                    <deliveryEndDateTime>2017-03-23</deliveryEndDateTime>
                    <place>https://com.roseltorg.ru/</place>
                    <procedure>посредством размещения для скачивания и ознакомления</procedure>
                </ns2:documentationDelivery>
                <ns2:status>P</ns2:status>
                <ns2:version>1</ns2:version>
                <ns2:notDishonest>true</ns2:notDishonest>
                <ns2:attachments>
                    <totalDocumentsCount>1</totalDocumentsCount>
                    <document>
                        <guid>fa94e8a5-4cc9-1b9b-ff20-47efb19fc443</guid>
                        <createDateTime>2017-03-16T15:59:21</createDateTime>
                        <fileName>Док-ция-_Поставка_бензопил.rar</fileName>
                        <description>Док-ция- Поставка бензопил</description>
                        <url>http://zakupki.gov.ru/223/purchase/public/download/download.html?id=30115528</url>
                    </document>
                </ns2:attachments>
                <ns2:modificationDate>2017-03-16T16:16:24</ns2:modificationDate>
                <ns2:saveUserId>264093</ns2:saveUserId>
                <ns2:deliveryPlaceIndication>DIFFERENT_PLACE</ns2:deliveryPlaceIndication>
                <ns2:emergency>false</ns2:emergency>
                <ns2:jointPurchase>false</ns2:jointPurchase>
                <ns2:lots>
                    <lot>
                        <guid>7d16cc84-534c-d84d-542d-f19f496ab8ae</guid>
                        <ordinalNumber>1</ordinalNumber>
                        <lotEditEnabled>true</lotEditEnabled>
                        <lotData>
                            <subject>Поставка бензопил </subject>
                            <currency>
                                <code>RUB</code>
                                <digitalCode>643</digitalCode>
                                <name>Российский рубль</name>
                            </currency>
                            <initialSum>17081520.00</initialSum>
                            <deliveryPlace>
                                <address>Согласно документации</address>
                            </deliveryPlace>
                            <lotItems>
                                <newCodes>true</newCodes>
                                <lotItem>
                                    <guid>11370715-5f1a-ee68-6c08-ddbc88de2fa9</guid>
                                    <ordinalNumber>1</ordinalNumber>
                                    <okpd2>
                                        <code>28.24.11</code>
                                        <name>Инструменты ручные электрические</name>
                                    </okpd2>
                                    <okved2>
                                        <code>28.24</code>
                                        <name>Производство ручных инструментов с механизированным приводом</name>
                                    </okved2>
                                    <okei>
                                        <code>796</code>
                                        <name>Штука</name>
                                    </okei>
                                    <qty>412</qty>
                                    <additionalInfo>Поставка бензопил</additionalInfo>
                                </lotItem>
                            </lotItems>
                            <forSmallOrMiddle>false</forSmallOrMiddle>
                            <excludePurchaseFromPlan>false</excludePurchaseFromPlan>
                            <subcontractorsRequirement>false</subcontractorsRequirement>
                            <ignoredPurchase>false</ignoredPurchase>
                            <centralized>false</centralized>
                        </lotData>
                        <deliveryPlaceIndication>GL</deliveryPlaceIndication>
                        <jointLotData>
                            <jointLot>false</jointLot>
                        </jointLotData>
                        <lotPlanInfo>
                            <planRegistrationNumber>2170231284</planRegistrationNumber>
                            <planGuid>ebb49744-89e4-853e-53dc-5c1ed1cbd8fc</planGuid>
                            <positionNumber>2</positionNumber>
                            <lotPlanPosition>COMMODITY</lotPlanPosition>
                            <positionGuid>16d371a8-db22-9a56-5a7f-652e5d455de1</positionGuid>
                        </lotPlanInfo>
                        <cancelled>false</cancelled>
                    </lot>
                </ns2:lots>
                <ns2:electronicPlaceInfo>
                    <name>АО "ЕЭТП"</name>
                    <url>http://www.roseltorg.ru/</url>
                    <electronicPlaceId>113</electronicPlaceId>
                </ns2:electronicPlaceInfo>
                <ns2:auctionTime>2017-03-24T13:00:00</ns2:auctionTime>
                <ns2:applExamPeriodTime>2017-03-23T13:00:00</ns2:applExamPeriodTime>
                <ns2:submissionCloseDateTime>2017-03-23T13:00:00</ns2:submissionCloseDateTime>
                <ns2:publicationPlannedDate>2017-03-16</ns2:publicationPlannedDate>
            </ns2:purchaseNoticeAEData>
        </ns2:item>
    </ns2:body>
</ns2:purchaseNoticeAE>
