<?xml version="1.0" encoding="UTF-8" standalone="yes"?>
<ns2:purchaseNoticeAE xsi:schemaLocation="http://zakupki.gov.ru/223/integration/schema/TFF-5.2 http://zakupki.gov.ru/223/integration/schema/TFF-5.2/purchase.xsd" xmlns="http://zakupki.gov.ru/223fz/types/1" xmlns:ns10="http://zakupki.gov.ru/223fz/purchasePlan/1" xmlns:ns11="http://zakupki.gov.ru/223fz/purchasePlanProject/1" xmlns:ns12="http://zakupki.gov.ru/223fz/purchasePlanProjectAdditionalPosition/1" xmlns:ns13="http://zakupki.gov.ru/223fz/contract/1" xmlns:ns14="http://zakupki.gov.ru/223fz/missedNotice/1" xmlns:ns15="http://zakupki.gov.ru/223fz/reference/1" xmlns:ns16="http://zakupki.gov.ru/223fz/stopCommodity/1" xmlns:ns17="http://zakupki.gov.ru/223fz/decisionSuspension/1" xmlns:ns18="http://zakupki.gov.ru/223fz/purchasePlanAdditionalPosition/1" xmlns:ns19="http://zakupki.gov.ru/223fz/webRequest/1" xmlns:ns2="http://zakupki.gov.ru/223fz/purchase/1" xmlns:xsi="http://www.w3.org/2001/XMLSchema-instance" xmlns:ns3="http://zakupki.gov.ru/223fz/dishonestSupplier/1" xmlns:ns4="http://zakupki.gov.ru/223fz/machineryListInfo/1" xmlns:ns5="http://zakupki.gov.ru/223fz/revenue/1" xmlns:ns6="http://zakupki.gov.ru/223fz/orderClauseList/1" xmlns:ns7="http://zakupki.gov.ru/223fz/disagreementProtocol/1" xmlns:ns8="http://zakupki.gov.ru/223fz/complaint/1" xmlns:ns9="http://zakupki.gov.ru/223fz/notificationIssue/1">
    <header>
        <guid>fee6822d-f0c6-4b00-b6c2-f0d1c73df12f</guid>
        <createDateTime>2017-03-16T15:01:52</createDateTime>
    </header>
    <ns2:body>
        <ns2:item>
            <guid>23c921d0-b7d9-4ae8-8290-9010b77752f5</guid>
            <ns2:purchaseNoticeAEData>
                <ns2:guid>23c921d0-b7d9-4ae8-8290-9010b77752f5</ns2:guid>
                <ns2:createDateTime>2017-03-16T14:57:07</ns2:createDateTime>
                <ns2:urlOOS>https://zakupki.gov.ru/223/purchase/private/purchase/notice-info/details.html?noticeInfoId=5886421</ns2:urlOOS>
                <ns2:urlVSRZ>https://etp.gpb.ru/#com/procedure/view/procedure/88163</ns2:urlVSRZ>
                <ns2:registrationNumber>31704838620</ns2:registrationNumber>
                <ns2:name>Поставка автокрана КС – 55744 «Ивановец».</ns2:name>
                <ns2:customer>
                    <mainInfo>
                        <fullName>АКЦИОНЕРНОЕ ОБЩЕСТВО "МОСКОВСКИЙ МАШИНОСТРОИТЕЛЬНЫЙ ЗАВОД "АВАНГАРД"</fullName>
                        <shortName>АО "ММЗ "АВАНГАРД"</shortName>
                        <iko>67743065177774301001</iko>
                        <inn>7743065177</inn>
                        <kpp>774301001</kpp>
                        <ogrn>1027743012890</ogrn>
                        <legalAddress>125130, г МОСКВА, ул КЛАРЫ ЦЕТКИН, дом 33</legalAddress>
                        <postalAddress>125130, Москва, Клары Цеткин, дом 33 </postalAddress>
                        <phone>7-495-6020431</phone>
                        <fax>7-495-6020431</fax>
                        <email>MMZAVANGARDMOS@mail.ru</email>
                        <okato>45277565000</okato>
                        <okpo>07512111</okpo>
                    </mainInfo>
                </ns2:customer>
                <ns2:purchaseMethodCode>3361</ns2:purchaseMethodCode>
                <ns2:purchaseCodeName>Открытый аукцион в электронной форме</ns2:purchaseCodeName>
                <ns2:placer>
                    <mainInfo>
                        <fullName>АКЦИОНЕРНОЕ ОБЩЕСТВО "МОСКОВСКИЙ МАШИНОСТРОИТЕЛЬНЫЙ ЗАВОД "АВАНГАРД"</fullName>
                        <shortName>АО "ММЗ "АВАНГАРД"</shortName>
                        <iko>67743065177774301001</iko>
                        <inn>7743065177</inn>
                        <kpp>774301001</kpp>
                        <ogrn>1027743012890</ogrn>
                        <legalAddress>125130, г МОСКВА, ул КЛАРЫ ЦЕТКИН, дом 33</legalAddress>
                        <postalAddress>125130, Москва, Клары Цеткин, дом 33 </postalAddress>
                        <phone>7-495-6020431</phone>
                        <fax>7-495-6020431</fax>
                        <email>MMZAVANGARDMOS@mail.ru</email>
                        <okato>45277565000</okato>
                        <okpo>07512111</okpo>
                    </mainInfo>
                </ns2:placer>
                <ns2:contact>
                    <firstName>Татьяна</firstName>
                    <middleName>Александровна</middleName>
                    <lastName>Теряева</lastName>
                    <phone>+7 (495) 6020431</phone>
                    <email>mmzavangard18@mail.ru</email>
                    <organization>
                        <mainInfo>
                            <fullName>АКЦИОНЕРНОЕ ОБЩЕСТВО "МОСКОВСКИЙ МАШИНОСТРОИТЕЛЬНЫЙ ЗАВОД "АВАНГАРД"</fullName>
                            <shortName>АО "ММЗ "АВАНГАРД"</shortName>
                            <iko>67743065177774301001</iko>
                            <inn>7743065177</inn>
                            <kpp>774301001</kpp>
                            <ogrn>1027743012890</ogrn>
                            <legalAddress>125130, г МОСКВА, ул КЛАРЫ ЦЕТКИН, дом 33</legalAddress>
                            <postalAddress>125130, Москва, Клары Цеткин, дом 33 </postalAddress>
                            <phone>7-495-6020431</phone>
                            <fax>7-495-6020431</fax>
                            <email>MMZAVANGARDMOS@mail.ru</email>
                            <okato>45277565000</okato>
                            <okpo>07512111</okpo>
                        </mainInfo>
                    </organization>
                </ns2:contact>
                <ns2:publicationDateTime>2017-03-16T15:01:52</ns2:publicationDateTime>
                <ns2:documentationDelivery>
                    <deliveryStartDateTime>2017-02-28</deliveryStartDateTime>
                    <deliveryEndDateTime>2017-03-31</deliveryEndDateTime>
                    <place>https://etp.gpb.ru/</place>
                    <procedure>посредством размещения для скачивания и ознакомления</procedure>
                </ns2:documentationDelivery>
                <ns2:status>P</ns2:status>
                <ns2:version>2</ns2:version>
                <ns2:modificationDescription>Изложено в прилагаемой документации</ns2:modificationDescription>
                <ns2:notDishonest>true</ns2:notDishonest>
                <ns2:attachments>
                    <totalDocumentsCount>3</totalDocumentsCount>
                    <document>
                        <guid>62faf75b-a03d-329b-e810-a19a8b55ea1d</guid>
                        <createDateTime>2017-03-16T14:39:56</createDateTime>
                        <fileName>Извещение.docx</fileName>
                        <description>Извещение (редакция 2)</description>
                        <url>http://zakupki.gov.ru/223/purchase/public/download/download.html?id=30111619</url>
                    </document>
                    <document>
                        <guid>d34a9f80-3516-64df-88a1-9014dadc9fbb</guid>
                        <createDateTime>2017-03-16T14:48:41</createDateTime>
                        <fileName>doc08417720170316155402.pdf</fileName>
                        <description>Извещение о внесении изменений</description>
                        <url>http://zakupki.gov.ru/223/purchase/public/download/download.html?id=30111620</url>
                    </document>
                    <document>
                        <guid>1bb87643-1260-d9bf-5b46-2c8c635afc51</guid>
                        <createDateTime>2017-03-16T14:41:11</createDateTime>
                        <fileName>Документация_об_аукционе(неСМП).doc</fileName>
                        <description>Документация (редакция 2)</description>
                        <url>http://zakupki.gov.ru/223/purchase/public/download/download.html?id=30111621</url>
                    </document>
                </ns2:attachments>
                <ns2:modificationDate>2017-03-16T15:01:52</ns2:modificationDate>
                <ns2:saveUserId>26459</ns2:saveUserId>
                <ns2:deliveryPlaceIndication>DIFFERENT_PLACE</ns2:deliveryPlaceIndication>
                <ns2:emergency>false</ns2:emergency>
                <ns2:jointPurchase>false</ns2:jointPurchase>
                <ns2:lots>
                    <lot>
                        <guid>9ce17250-c3fc-8e3c-9d0d-e0b3ad824ff0</guid>
                        <ordinalNumber>1</ordinalNumber>
                        <lotEditEnabled>true</lotEditEnabled>
                        <lotData>
                            <subject>Закупка автокрана</subject>
                            <currency>
                                <code>RUB</code>
                                <digitalCode>643</digitalCode>
                                <name>Российский рубль</name>
                            </currency>
                            <initialSum>6500000.00</initialSum>
                            <deliveryPlace>
                                <address>125130, г. Москва, ул. Клары Цеткин, д. 33.</address>
                            </deliveryPlace>
                            <lotItems>
                                <newCodes>true</newCodes>
                                <lotItem>
                                    <guid>84f995bb-37bb-7f00-9122-af3d8f7e400e</guid>
                                    <ordinalNumber>1</ordinalNumber>
                                    <okpd2>
                                        <code>29.10.51.000</code>
                                        <name>Автокраны</name>
                                    </okpd2>
                                    <okved2>
                                        <code>29</code>
                                        <name>Производство автотранспортных средств, прицепов и полуприцепов</name>
                                    </okved2>
                                    <okei>
                                        <code>796</code>
                                        <name>Штука</name>
                                    </okei>
                                    <qty>1</qty>
                                    <additionalInfo>Закупка автокрана</additionalInfo>
                                </lotItem>
                            </lotItems>
                            <forSmallOrMiddle>false</forSmallOrMiddle>
                            <excludePurchaseFromPlan>false</excludePurchaseFromPlan>
                            <subcontractorsRequirement>false</subcontractorsRequirement>
                            <ignoredPurchase>false</ignoredPurchase>
                            <centralized>false</centralized>
                        </lotData>
                        <deliveryPlaceIndication>GL</deliveryPlaceIndication>
                        <jointLotData>
                            <jointLot>false</jointLot>
                        </jointLotData>
                        <lotPlanInfo>
                            <planRegistrationNumber>2160200993</planRegistrationNumber>
                            <planGuid>9af057e0-6ab1-4625-b2dd-07b8221f4d93</planGuid>
                            <positionNumber>65</positionNumber>
                            <lotPlanPosition>COMMODITY</lotPlanPosition>
                            <positionGuid>6b47d2f1-57ed-28f7-5da4-7dde2241e80c</positionGuid>
                        </lotPlanInfo>
                        <cancelled>false</cancelled>
                    </lot>
                </ns2:lots>
                <ns2:electronicPlaceInfo>
                    <name>ЭТП ГПБ</name>
                    <url>https://etp.gpb.ru/</url>
                    <electronicPlaceId>125</electronicPlaceId>
                </ns2:electronicPlaceInfo>
                <ns2:auctionTime>2017-04-03T11:00:00</ns2:auctionTime>
                <ns2:applExamPeriodTime>2017-03-31T16:00:00</ns2:applExamPeriodTime>
                <ns2:submissionCloseDateTime>2017-03-31T09:00:00</ns2:submissionCloseDateTime>
                <ns2:publicationPlannedDate>2017-02-28</ns2:publicationPlannedDate>
            </ns2:purchaseNoticeAEData>
        </ns2:item>
    </ns2:body>
</ns2:purchaseNoticeAE>
