<?xml version="1.0" encoding="UTF-8" standalone="yes"?>
<ns2:purchaseNoticeAE xsi:schemaLocation="http://zakupki.gov.ru/223/integration/schema/TFF-5.2 http://zakupki.gov.ru/223/integration/schema/TFF-5.2/purchase.xsd" xmlns="http://zakupki.gov.ru/223fz/types/1" xmlns:ns10="http://zakupki.gov.ru/223fz/purchasePlan/1" xmlns:ns11="http://zakupki.gov.ru/223fz/purchasePlanProject/1" xmlns:ns12="http://zakupki.gov.ru/223fz/purchasePlanProjectAdditionalPosition/1" xmlns:ns13="http://zakupki.gov.ru/223fz/contract/1" xmlns:ns14="http://zakupki.gov.ru/223fz/missedNotice/1" xmlns:ns15="http://zakupki.gov.ru/223fz/reference/1" xmlns:ns16="http://zakupki.gov.ru/223fz/stopCommodity/1" xmlns:ns17="http://zakupki.gov.ru/223fz/decisionSuspension/1" xmlns:ns18="http://zakupki.gov.ru/223fz/purchasePlanAdditionalPosition/1" xmlns:ns19="http://zakupki.gov.ru/223fz/webRequest/1" xmlns:ns2="http://zakupki.gov.ru/223fz/purchase/1" xmlns:xsi="http://www.w3.org/2001/XMLSchema-instance" xmlns:ns3="http://zakupki.gov.ru/223fz/dishonestSupplier/1" xmlns:ns4="http://zakupki.gov.ru/223fz/machineryListInfo/1" xmlns:ns5="http://zakupki.gov.ru/223fz/revenue/1" xmlns:ns6="http://zakupki.gov.ru/223fz/orderClauseList/1" xmlns:ns7="http://zakupki.gov.ru/223fz/disagreementProtocol/1" xmlns:ns8="http://zakupki.gov.ru/223fz/complaint/1" xmlns:ns9="http://zakupki.gov.ru/223fz/notificationIssue/1">
    <header>
        <guid>b8c02d3b-8ff5-4311-b14b-08ed9be31286</guid>
        <createDateTime>2017-03-16T14:54:34</createDateTime>
    </header>
    <ns2:body>
        <ns2:item>
            <guid>44989931-459e-4c7f-9773-0744aa2d9e6e</guid>
            <ns2:purchaseNoticeAEData>
                <ns2:guid>44989931-459e-4c7f-9773-0744aa2d9e6e</ns2:guid>
                <ns2:createDateTime>2017-03-16T14:52:33</ns2:createDateTime>
                <ns2:urlOOS>https://zakupki.gov.ru/223/purchase/private/purchase/notice-info/details.html?noticeInfoId=5886370</ns2:urlOOS>
                <ns2:urlVSRZ>https://223.rts-tender.ru/supplier/auction/Trade/View.aspx?Id=54958</ns2:urlVSRZ>
                <ns2:registrationNumber>31704898092</ns2:registrationNumber>
                <ns2:name>Выполнение работ по ремонту санитарной комнаты для размещения мастерской оптики</ns2:name>
                <ns2:customer>
                    <mainInfo>
                        <fullName>ФЕДЕРАЛЬНОЕ ГОСУДАРСТВЕННОЕ АВТОНОМНОЕ УЧРЕЖДЕНИЕ "МЕЖОТРАСЛЕВОЙ НАУЧНО-ТЕХНИЧЕСКИЙ КОМПЛЕКС "МИКРОХИРУРГИЯ ГЛАЗА" ИМЕНИ АКАДЕМИКА С.Н. ФЕДОРОВА" МИНИСТЕРСТВА ЗДРАВООХРАНЕНИЯ РОССИЙСКОЙ ФЕДЕРАЦИИ</fullName>
                        <shortName>ФГАУ "МНТК "МИКРОХИРУРГИЯ ГЛАЗА" ИМ.АКАД. С.Н. ФЕДОРОВА" МИНЗДРАВА РОССИИ</shortName>
                        <iko>87713059497771301001</iko>
                        <inn>7713059497</inn>
                        <kpp>771301001</kpp>
                        <ogrn>1027739714606</ogrn>
                        <legalAddress>127486, Г МОСКВА, Б-Р БЕСКУДНИКОВСКИЙ, дом 59А</legalAddress>
                        <postalAddress>127486, Москва Город, Бескудниковский Бульвар, дом 59А</postalAddress>
                        <phone>7-495-4888747</phone>
                        <email>glaz-za-glaz@yandex.ru</email>
                        <okato>45277559000</okato>
                        <okpo>05332385</okpo>
                    </mainInfo>
                </ns2:customer>
                <ns2:purchaseMethodCode>3361</ns2:purchaseMethodCode>
                <ns2:purchaseCodeName>Открытый аукцион в электронной форме</ns2:purchaseCodeName>
                <ns2:placer>
                    <mainInfo>
                        <fullName>ФЕДЕРАЛЬНОЕ ГОСУДАРСТВЕННОЕ АВТОНОМНОЕ УЧРЕЖДЕНИЕ "МЕЖОТРАСЛЕВОЙ НАУЧНО-ТЕХНИЧЕСКИЙ КОМПЛЕКС "МИКРОХИРУРГИЯ ГЛАЗА" ИМЕНИ АКАДЕМИКА С.Н. ФЕДОРОВА" МИНИСТЕРСТВА ЗДРАВООХРАНЕНИЯ РОССИЙСКОЙ ФЕДЕРАЦИИ ОРЕНБУРГСКИЙ ФИЛИАЛ</fullName>
                        <shortName>ФГАУ "МНТК "МИКРОХИРУРГИЯ ГЛАЗА" ИМ.АКАД. С.Н. ФЕДОРОВА" МИНЗДРАВА РОССИИ ОРЕНБУРГСКИЙ ФИЛИАЛ</shortName>
                        <iko>87713059497560902001</iko>
                        <inn>7713059497</inn>
                        <kpp>560902001</kpp>
                        <ogrn>1027739714606</ogrn>
                        <legalAddress>460047, Оренбургская область,  г. Оренбург, ул. Салмышская, д.17</legalAddress>
                        <postalAddress>127486, Москва Город, Бескудниковский Бульвар, дом 59А</postalAddress>
                        <phone>7-495-4888747</phone>
                        <email>glaz-za-glaz@yandex.ru</email>
                        <okato>53401000000</okato>
                        <okpo>05200652</okpo>
                    </mainInfo>
                </ns2:placer>
                <ns2:contact>
                    <firstName>Галина</firstName>
                    <middleName>Владимировна</middleName>
                    <lastName>Элиович</lastName>
                    <phone>+7 (353) 2645977</phone>
                    <email>zakupki@ofmntk.ru</email>
                    <organization>
                        <mainInfo>
                            <fullName>ФЕДЕРАЛЬНОЕ ГОСУДАРСТВЕННОЕ АВТОНОМНОЕ УЧРЕЖДЕНИЕ "МЕЖОТРАСЛЕВОЙ НАУЧНО-ТЕХНИЧЕСКИЙ КОМПЛЕКС "МИКРОХИРУРГИЯ ГЛАЗА" ИМЕНИ АКАДЕМИКА С.Н. ФЕДОРОВА" МИНИСТЕРСТВА ЗДРАВООХРАНЕНИЯ РОССИЙСКОЙ ФЕДЕРАЦИИ ОРЕНБУРГСКИЙ ФИЛИАЛ</fullName>
                            <shortName>ФГАУ "МНТК "МИКРОХИРУРГИЯ ГЛАЗА" ИМ.АКАД. С.Н. ФЕДОРОВА" МИНЗДРАВА РОССИИ ОРЕНБУРГСКИЙ ФИЛИАЛ</shortName>
                            <iko>87713059497560902001</iko>
                            <inn>7713059497</inn>
                            <kpp>560902001</kpp>
                            <ogrn>1027739714606</ogrn>
                            <legalAddress>460047, Оренбургская область,  г. Оренбург, ул. Салмышская, д.17</legalAddress>
                            <postalAddress>127486, Москва Город, Бескудниковский Бульвар, дом 59А</postalAddress>
                            <phone>7-495-4888747</phone>
                            <email>glaz-za-glaz@yandex.ru</email>
                            <okato>53401000000</okato>
                            <okpo>05200652</okpo>
                        </mainInfo>
                    </organization>
                </ns2:contact>
                <ns2:publicationDateTime>2017-03-16T14:54:34</ns2:publicationDateTime>
                <ns2:documentationDelivery>
                    <deliveryStartDateTime>2017-03-16</deliveryStartDateTime>
                    <deliveryEndDateTime>2017-04-06</deliveryEndDateTime>
                    <place>Электронная площадка РТС-тендер (http://www.rts-tender.ru) и Официальный сайт (http://zakupki.gov.ru)</place>
                    <procedure>В электронной форме на площадке РТС-тендер (http://www.rts-tender.ru) и Официальном сайте (http://zakupki.gov.ru)</procedure>
                </ns2:documentationDelivery>
                <ns2:status>P</ns2:status>
                <ns2:version>2</ns2:version>
                <ns2:modificationDescription>прикреплен Локальный сметный расчет</ns2:modificationDescription>
                <ns2:notDishonest>true</ns2:notDishonest>
                <ns2:attachments>
                    <totalDocumentsCount>2</totalDocumentsCount>
                    <document>
                        <guid>1af81630-a9b4-4a33-845b-f8f3a9347e25</guid>
                        <createDateTime>2017-03-16T14:32:36</createDateTime>
                        <fileName>63 АЭФ ремонт оптика.doc</fileName>
                        <description>63 АЭФ ремонт оптика.doc</description>
                        <url>http://zakupki.gov.ru/223/purchase/public/download/download.html?id=30111360</url>
                    </document>
                    <document>
                        <guid>cb3e4464-9415-43c6-b1b0-0e1719a15e65</guid>
                        <createDateTime>2017-03-16T14:51:04</createDateTime>
                        <fileName>ЛОКАЛЬНЫЙ СМЕТНЫЙ РАСЧЕТ.xlsx</fileName>
                        <description>ЛОКАЛЬНЫЙ СМЕТНЫЙ РАСЧЕТ.xlsx</description>
                        <url>http://zakupki.gov.ru/223/purchase/public/download/download.html?id=30111361</url>
                    </document>
                </ns2:attachments>
                <ns2:modificationDate>2017-03-16T14:54:34</ns2:modificationDate>
                <ns2:saveUserId>213987</ns2:saveUserId>
                <ns2:deliveryPlaceIndication>DIFFERENT_PLACE</ns2:deliveryPlaceIndication>
                <ns2:emergency>false</ns2:emergency>
                <ns2:jointPurchase>false</ns2:jointPurchase>
                <ns2:lots>
                    <lot>
                        <guid>a474a652-9a7d-4eb9-97f7-ffb1ae9d806b</guid>
                        <ordinalNumber>1</ordinalNumber>
                        <lotEditEnabled>false</lotEditEnabled>
                        <lotData>
                            <subject>Выполнение работ по ремонту санитарной комнаты для размещения мастерской оптики</subject>
                            <currency>
                                <code>RUB</code>
                                <digitalCode>643</digitalCode>
                                <name>Российский рубль</name>
                            </currency>
                            <initialSum>331264.40</initialSum>
                            <deliveryPlace>
                                <state>Приволжский федеральный округ</state>
                                <region>Оренбургская   обл</region>
                                <regionOkato>53000000000</regionOkato>
                                <address>Оренбургская   обл, ОКАТО: 53000000000</address>
                            </deliveryPlace>
                            <lotItems>
                                <newCodes>true</newCodes>
                                <lotItem>
                                    <guid>939c9b73-aaf5-4b40-8373-683c3a08613e</guid>
                                    <ordinalNumber>1</ordinalNumber>
                                    <okpd2>
                                        <code>43.29.19</code>
                                        <name>Работы строительно-монтажные прочие, не включенные в другие группировки</name>
                                    </okpd2>
                                    <okved2>
                                        <code>43.29</code>
                                        <name>Производство прочих строительно-монтажных работ</name>
                                    </okved2>
                                    <okei>
                                        <code>081</code>
                                        <name>Квадратный метр общей площади</name>
                                    </okei>
                                    <qty>16.2</qty>
                                </lotItem>
                            </lotItems>
                            <forSmallOrMiddle>false</forSmallOrMiddle>
                            <excludePurchaseFromPlan>false</excludePurchaseFromPlan>
                            <subcontractorsRequirement>false</subcontractorsRequirement>
                            <ignoredPurchase>false</ignoredPurchase>
                            <centralized>false</centralized>
                        </lotData>
                        <deliveryPlaceIndication>GL</deliveryPlaceIndication>
                        <jointLotData>
                            <jointLot>false</jointLot>
                        </jointLotData>
                        <lotPlanInfo>
                            <planRegistrationNumber>2160218529</planRegistrationNumber>
                            <planGuid>1b6e7b8c-b276-14d6-9bbd-9acc8992fbb3</planGuid>
                            <positionNumber>1731</positionNumber>
                            <lotPlanPosition>COMMODITY</lotPlanPosition>
                            <positionGuid>74fbf0bf-c636-e458-b5c9-51917a420c40</positionGuid>
                        </lotPlanInfo>
                        <cancelled>false</cancelled>
                    </lot>
                </ns2:lots>
                <ns2:electronicPlaceInfo>
                    <name>РТС-тендер</name>
                    <url>223.rts-tender.ru</url>
                    <electronicPlaceId>1698</electronicPlaceId>
                </ns2:electronicPlaceInfo>
                <ns2:auctionTime>2017-04-10T11:00:00</ns2:auctionTime>
                <ns2:applExamPeriodTime>2017-04-07T11:00:00</ns2:applExamPeriodTime>
                <ns2:submissionCloseDateTime>2017-04-06T09:00:00</ns2:submissionCloseDateTime>
            </ns2:purchaseNoticeAEData>
        </ns2:item>
    </ns2:body>
</ns2:purchaseNoticeAE>
