<?xml version="1.0" encoding="UTF-8" standalone="yes"?>
<ns2:purchaseNoticeAE xsi:schemaLocation="http://zakupki.gov.ru/223/integration/schema/TFF-5.2 http://zakupki.gov.ru/223/integration/schema/TFF-5.2/purchase.xsd" xmlns="http://zakupki.gov.ru/223fz/types/1" xmlns:ns10="http://zakupki.gov.ru/223fz/purchasePlan/1" xmlns:ns11="http://zakupki.gov.ru/223fz/purchasePlanProject/1" xmlns:ns12="http://zakupki.gov.ru/223fz/purchasePlanProjectAdditionalPosition/1" xmlns:ns13="http://zakupki.gov.ru/223fz/contract/1" xmlns:ns14="http://zakupki.gov.ru/223fz/missedNotice/1" xmlns:ns15="http://zakupki.gov.ru/223fz/reference/1" xmlns:ns16="http://zakupki.gov.ru/223fz/stopCommodity/1" xmlns:ns17="http://zakupki.gov.ru/223fz/decisionSuspension/1" xmlns:ns18="http://zakupki.gov.ru/223fz/purchasePlanAdditionalPosition/1" xmlns:ns19="http://zakupki.gov.ru/223fz/webRequest/1" xmlns:ns2="http://zakupki.gov.ru/223fz/purchase/1" xmlns:xsi="http://www.w3.org/2001/XMLSchema-instance" xmlns:ns3="http://zakupki.gov.ru/223fz/dishonestSupplier/1" xmlns:ns4="http://zakupki.gov.ru/223fz/machineryListInfo/1" xmlns:ns5="http://zakupki.gov.ru/223fz/revenue/1" xmlns:ns6="http://zakupki.gov.ru/223fz/orderClauseList/1" xmlns:ns7="http://zakupki.gov.ru/223fz/disagreementProtocol/1" xmlns:ns8="http://zakupki.gov.ru/223fz/complaint/1" xmlns:ns9="http://zakupki.gov.ru/223fz/notificationIssue/1">
    <header>
        <guid>9939945e-7258-498a-9b9a-d257bcaf31f5</guid>
        <createDateTime>2017-03-16T10:22:23</createDateTime>
    </header>
    <ns2:body>
        <ns2:item>
            <guid>6684131a-d34d-2a42-269d-6a1ff0584875</guid>
            <ns2:purchaseNoticeAEData>
                <ns2:guid>6684131a-d34d-2a42-269d-6a1ff0584875</ns2:guid>
                <ns2:createDateTime>2017-03-16T09:05:31</ns2:createDateTime>
                <ns2:urlOOS>https://zakupki.gov.ru/223/purchase/private/purchase/notice-info/details.html?noticeInfoId=5882559</ns2:urlOOS>
                <ns2:urlVSRZ>https://com.roseltorg.ru/#com/procedure/view/id/285990</ns2:urlVSRZ>
                <ns2:registrationNumber>31704895845</ns2:registrationNumber>
                <ns2:name>Поставка ультракаина для нужд ГАУЗ "СП № 35 ДЗМ"</ns2:name>
                <ns2:customer>
                    <mainInfo>
                        <fullName>ГОСУДАРСТВЕННОЕ АВТОНОМНОЕ УЧРЕЖДЕНИЕ ЗДРАВООХРАНЕНИЯ ГОРОДА МОСКВЫ "СТОМАТОЛОГИЧЕСКАЯ ПОЛИКЛИНИКА № 35  ДЕПАРТАМЕНТА ЗДРАВООХРАНЕНИЯ ГОРОДА МОСКВЫ"</fullName>
                        <shortName>ГАУЗ "СП № 35 ДЗМ"</shortName>
                        <iko>57735510667773501001</iko>
                        <inn>7735510667</inn>
                        <kpp>773501001</kpp>
                        <ogrn>1057746458725</ogrn>
                        <legalAddress>124365, г МОСКВА, г ЗЕЛЕНОГРАД, корпус 1638</legalAddress>
                        <postalAddress>124365, Москва. Зеленоград корп.1638</postalAddress>
                        <phone>7-499-7339293</phone>
                        <fax>7-499-7384912</fax>
                        <email>stpol35@mail.ru</email>
                        <okato>45272580000</okato>
                        <okpo>76407945</okpo>
                    </mainInfo>
                </ns2:customer>
                <ns2:purchaseMethodCode>3361</ns2:purchaseMethodCode>
                <ns2:purchaseCodeName>Открытый аукцион в электронной форме</ns2:purchaseCodeName>
                <ns2:placer>
                    <mainInfo>
                        <fullName>ГОСУДАРСТВЕННОЕ АВТОНОМНОЕ УЧРЕЖДЕНИЕ ЗДРАВООХРАНЕНИЯ ГОРОДА МОСКВЫ "СТОМАТОЛОГИЧЕСКАЯ ПОЛИКЛИНИКА № 35  ДЕПАРТАМЕНТА ЗДРАВООХРАНЕНИЯ ГОРОДА МОСКВЫ"</fullName>
                        <shortName>ГАУЗ "СП № 35 ДЗМ"</shortName>
                        <iko>57735510667773501001</iko>
                        <inn>7735510667</inn>
                        <kpp>773501001</kpp>
                        <ogrn>1057746458725</ogrn>
                        <legalAddress>124365, г МОСКВА, г ЗЕЛЕНОГРАД, корпус 1638</legalAddress>
                        <postalAddress>124365, Москва. Зеленоград корп.1638</postalAddress>
                        <phone>7-499-7339293</phone>
                        <fax>7-499-7384912</fax>
                        <email>stpol35@mail.ru</email>
                        <okato>45272580000</okato>
                        <okpo>76407945</okpo>
                    </mainInfo>
                </ns2:placer>
                <ns2:contact>
                    <firstName>Нана</firstName>
                    <middleName>Елизаровна</middleName>
                    <lastName>Златкина</lastName>
                    <phone>+7 (499) 7339293</phone>
                    <email>stpol35@mail.ru</email>
                    <organization>
                        <mainInfo>
                            <fullName>ГОСУДАРСТВЕННОЕ АВТОНОМНОЕ УЧРЕЖДЕНИЕ ЗДРАВООХРАНЕНИЯ ГОРОДА МОСКВЫ "СТОМАТОЛОГИЧЕСКАЯ ПОЛИКЛИНИКА № 35  ДЕПАРТАМЕНТА ЗДРАВООХРАНЕНИЯ ГОРОДА МОСКВЫ"</fullName>
                            <shortName>ГАУЗ "СП № 35 ДЗМ"</shortName>
                            <iko>57735510667773501001</iko>
                            <inn>7735510667</inn>
                            <kpp>773501001</kpp>
                            <ogrn>1057746458725</ogrn>
                            <legalAddress>124365, г МОСКВА, г ЗЕЛЕНОГРАД, корпус 1638</legalAddress>
                            <postalAddress>124365, Москва. Зеленоград корп.1638</postalAddress>
                            <phone>7-499-7339293</phone>
                            <fax>7-499-7384912</fax>
                            <email>stpol35@mail.ru</email>
                            <okato>45272580000</okato>
                            <okpo>76407945</okpo>
                        </mainInfo>
                    </organization>
                </ns2:contact>
                <ns2:publicationDateTime>2017-03-16T10:22:23</ns2:publicationDateTime>
                <ns2:documentationDelivery>
                    <deliveryStartDateTime>2017-03-16</deliveryStartDateTime>
                    <deliveryEndDateTime>2017-04-06</deliveryEndDateTime>
                    <place>https://com.roseltorg.ru/</place>
                    <procedure>посредством размещения для скачивания и ознакомления</procedure>
                </ns2:documentationDelivery>
                <ns2:status>P</ns2:status>
                <ns2:version>1</ns2:version>
                <ns2:notDishonest>true</ns2:notDishonest>
                <ns2:attachments>
                    <totalDocumentsCount>5</totalDocumentsCount>
                    <document>
                        <guid>3fa7c2d8-fa27-7ff0-9666-7a3611c8b277</guid>
                        <createDateTime>2017-03-16T09:02:20</createDateTime>
                        <fileName>Расчет_НМЦД.xlsx</fileName>
                        <description>Расчет НМЦД</description>
                        <url>http://zakupki.gov.ru/223/purchase/public/download/download.html?id=30092423</url>
                    </document>
                    <document>
                        <guid>5535fa47-1a7f-cb60-f3ae-437ee63a82c3</guid>
                        <createDateTime>2017-03-16T09:02:29</createDateTime>
                        <fileName>Протокол_НМЦК.docx</fileName>
                        <description>Протокол НМЦД</description>
                        <url>http://zakupki.gov.ru/223/purchase/public/download/download.html?id=30092424</url>
                    </document>
                    <document>
                        <guid>72df609a-f319-c981-832b-15cfe366d6a0</guid>
                        <createDateTime>2017-03-16T09:02:11</createDateTime>
                        <fileName>Техническое_задание.docx</fileName>
                        <description>Техническое Задание</description>
                        <url>http://zakupki.gov.ru/223/purchase/public/download/download.html?id=30092425</url>
                    </document>
                    <document>
                        <guid>e53e8fdd-8e11-35ba-4824-b1286f82e934</guid>
                        <createDateTime>2017-03-16T09:01:58</createDateTime>
                        <fileName>Договор_223.docx</fileName>
                        <description>Проект Договора</description>
                        <url>http://zakupki.gov.ru/223/purchase/public/download/download.html?id=30092426</url>
                    </document>
                    <document>
                        <guid>4a32fab1-60a7-76fb-8ba2-41375916f46e</guid>
                        <createDateTime>2017-03-16T09:01:50</createDateTime>
                        <fileName>Аукционная__документация_.doc</fileName>
                        <description>Аукционная Документация</description>
                        <url>http://zakupki.gov.ru/223/purchase/public/download/download.html?id=30092427</url>
                    </document>
                </ns2:attachments>
                <ns2:modificationDate>2017-03-16T10:22:23</ns2:modificationDate>
                <ns2:saveUserId>219443</ns2:saveUserId>
                <ns2:deliveryPlaceIndication>DIFFERENT_PLACE</ns2:deliveryPlaceIndication>
                <ns2:emergency>false</ns2:emergency>
                <ns2:jointPurchase>false</ns2:jointPurchase>
                <ns2:lots>
                    <lot>
                        <guid>d432306e-4e6b-291a-f8c9-af6c18ee4e04</guid>
                        <ordinalNumber>1</ordinalNumber>
                        <lotEditEnabled>true</lotEditEnabled>
                        <lotData>
                            <subject>Поставка ультракаина</subject>
                            <currency>
                                <code>RUB</code>
                                <digitalCode>643</digitalCode>
                                <name>Российский рубль</name>
                            </currency>
                            <initialSum>1406680.53</initialSum>
                            <deliveryPlace>
                                <address>Москва, г. Зеленоград, корпус 1638</address>
                            </deliveryPlace>
                            <lotItems>
                                <newCodes>true</newCodes>
                                <lotItem>
                                    <guid>94650df0-d4e3-5f56-2f32-1d0ba0d7c005</guid>
                                    <ordinalNumber>1</ordinalNumber>
                                    <okpd2>
                                        <code>24.42.13.721</code>
                                        <name>Средства местно-анестезирующие</name>
                                    </okpd2>
                                    <okved2>
                                        <code>86.23</code>
                                        <name>Стоматологическая практика</name>
                                    </okved2>
                                    <okei>
                                        <code>778</code>
                                        <name>Упаковка</name>
                                    </okei>
                                    <qty>260</qty>
                                    <additionalInfo>Ультракаин</additionalInfo>
                                </lotItem>
                            </lotItems>
                            <forSmallOrMiddle>false</forSmallOrMiddle>
                            <excludePurchaseFromPlan>false</excludePurchaseFromPlan>
                            <subcontractorsRequirement>false</subcontractorsRequirement>
                            <ignoredPurchase>false</ignoredPurchase>
                            <centralized>false</centralized>
                        </lotData>
                        <deliveryPlaceIndication>GL</deliveryPlaceIndication>
                        <jointLotData>
                            <jointLot>false</jointLot>
                        </jointLotData>
                        <lotPlanInfo>
                            <planRegistrationNumber>2170221372</planRegistrationNumber>
                            <planGuid>8667e55e-21fb-4a89-bcd8-d66f745eec62</planGuid>
                            <positionNumber>11</positionNumber>
                            <lotPlanPosition>COMMODITY</lotPlanPosition>
                            <positionGuid>2504a1ec-6ca9-4ab0-b580-e9b4610b1d1b</positionGuid>
                        </lotPlanInfo>
                        <cancelled>false</cancelled>
                    </lot>
                </ns2:lots>
                <ns2:electronicPlaceInfo>
                    <name>АО "ЕЭТП"</name>
                    <url>http://www.roseltorg.ru/</url>
                    <electronicPlaceId>113</electronicPlaceId>
                </ns2:electronicPlaceInfo>
                <ns2:auctionTime>2017-04-10T10:00:00</ns2:auctionTime>
                <ns2:applExamPeriodTime>2017-04-07T12:00:00</ns2:applExamPeriodTime>
                <ns2:submissionCloseDateTime>2017-04-06T12:00:00</ns2:submissionCloseDateTime>
                <ns2:publicationPlannedDate>2017-03-16</ns2:publicationPlannedDate>
            </ns2:purchaseNoticeAEData>
        </ns2:item>
    </ns2:body>
</ns2:purchaseNoticeAE>
