<?xml version="1.0" encoding="UTF-8" standalone="yes"?>
<ns2:purchaseNoticeAE xsi:schemaLocation="http://zakupki.gov.ru/223/integration/schema/TFF-5.2 http://zakupki.gov.ru/223/integration/schema/TFF-5.2/purchase.xsd" xmlns="http://zakupki.gov.ru/223fz/types/1" xmlns:ns10="http://zakupki.gov.ru/223fz/purchasePlan/1" xmlns:ns11="http://zakupki.gov.ru/223fz/purchasePlanProject/1" xmlns:ns12="http://zakupki.gov.ru/223fz/purchasePlanProjectAdditionalPosition/1" xmlns:ns13="http://zakupki.gov.ru/223fz/contract/1" xmlns:ns14="http://zakupki.gov.ru/223fz/missedNotice/1" xmlns:ns15="http://zakupki.gov.ru/223fz/reference/1" xmlns:ns16="http://zakupki.gov.ru/223fz/stopCommodity/1" xmlns:ns17="http://zakupki.gov.ru/223fz/decisionSuspension/1" xmlns:ns18="http://zakupki.gov.ru/223fz/purchasePlanAdditionalPosition/1" xmlns:ns19="http://zakupki.gov.ru/223fz/webRequest/1" xmlns:ns2="http://zakupki.gov.ru/223fz/purchase/1" xmlns:xsi="http://www.w3.org/2001/XMLSchema-instance" xmlns:ns3="http://zakupki.gov.ru/223fz/dishonestSupplier/1" xmlns:ns4="http://zakupki.gov.ru/223fz/machineryListInfo/1" xmlns:ns5="http://zakupki.gov.ru/223fz/revenue/1" xmlns:ns6="http://zakupki.gov.ru/223fz/orderClauseList/1" xmlns:ns7="http://zakupki.gov.ru/223fz/disagreementProtocol/1" xmlns:ns8="http://zakupki.gov.ru/223fz/complaint/1" xmlns:ns9="http://zakupki.gov.ru/223fz/notificationIssue/1">
    <header>
        <guid>bb5b65f3-8377-477d-81cf-06db40ed1ee3</guid>
        <createDateTime>2017-03-16T18:25:35</createDateTime>
    </header>
    <ns2:body>
        <ns2:item>
            <guid>043bbe43-2ac5-7cf9-6995-16fd06c68baf</guid>
            <ns2:purchaseNoticeAEData>
                <ns2:guid>043bbe43-2ac5-7cf9-6995-16fd06c68baf</ns2:guid>
                <ns2:createDateTime>2017-03-16T16:50:07</ns2:createDateTime>
                <ns2:urlOOS>https://zakupki.gov.ru/223/purchase/private/purchase/notice-info/details.html?noticeInfoId=5887713</ns2:urlOOS>
                <ns2:urlVSRZ>https://com.roseltorg.ru/#com/procedure/view/id/286246</ns2:urlVSRZ>
                <ns2:registrationNumber>31704899922</ns2:registrationNumber>
                <ns2:name>Поставка газоанализаторов и запасных частей к ним</ns2:name>
                <ns2:customer>
                    <mainInfo>
                        <fullName>АКЦИОНЕРНОЕ ОБЩЕСТВО "МОСГАЗ"</fullName>
                        <shortName>АО "МОСГАЗ"</shortName>
                        <iko>57709919968770901001</iko>
                        <inn>7709919968</inn>
                        <kpp>770901001</kpp>
                        <ogrn>1127747295686</ogrn>
                        <legalAddress>105120, Г МОСКВА, ПЕР МРУЗОВСКИЙ, дом 11</legalAddress>
                        <postalAddress>105120, г. Москва, Мрузовский пер., д. 11</postalAddress>
                        <phone>7-495-9165966</phone>
                        <email>TremasovAV@mos-gaz.ru</email>
                        <okato>45286555000</okato>
                        <okpo>03135730</okpo>
                    </mainInfo>
                </ns2:customer>
                <ns2:purchaseMethodCode>3361</ns2:purchaseMethodCode>
                <ns2:purchaseCodeName>Открытый аукцион в электронной форме</ns2:purchaseCodeName>
                <ns2:placer>
                    <mainInfo>
                        <fullName>АКЦИОНЕРНОЕ ОБЩЕСТВО "МОСГАЗ"</fullName>
                        <shortName>АО "МОСГАЗ"</shortName>
                        <iko>57709919968770901001</iko>
                        <inn>7709919968</inn>
                        <kpp>770901001</kpp>
                        <ogrn>1127747295686</ogrn>
                        <legalAddress>105120, Г МОСКВА, ПЕР МРУЗОВСКИЙ, дом 11</legalAddress>
                        <postalAddress>105120, г. Москва, Мрузовский пер., д. 11</postalAddress>
                        <phone>7-495-9165966</phone>
                        <email>TremasovAV@mos-gaz.ru</email>
                        <okato>45286555000</okato>
                        <okpo>03135730</okpo>
                    </mainInfo>
                </ns2:placer>
                <ns2:contact>
                    <firstName>Александр</firstName>
                    <middleName>Викторович.</middleName>
                    <lastName>Тремасов</lastName>
                    <phone>+7 (495) 9165966</phone>
                    <email>TremasovAV@mos-gaz.ru</email>
                    <organization>
                        <mainInfo>
                            <fullName>АКЦИОНЕРНОЕ ОБЩЕСТВО "МОСГАЗ"</fullName>
                            <shortName>АО "МОСГАЗ"</shortName>
                            <iko>57709919968770901001</iko>
                            <inn>7709919968</inn>
                            <kpp>770901001</kpp>
                            <ogrn>1127747295686</ogrn>
                            <legalAddress>105120, Г МОСКВА, ПЕР МРУЗОВСКИЙ, дом 11</legalAddress>
                            <postalAddress>105120, г. Москва, Мрузовский пер., д. 11</postalAddress>
                            <phone>7-495-9165966</phone>
                            <email>TremasovAV@mos-gaz.ru</email>
                            <okato>45286555000</okato>
                            <okpo>03135730</okpo>
                        </mainInfo>
                    </organization>
                </ns2:contact>
                <ns2:publicationDateTime>2017-03-16T18:25:35</ns2:publicationDateTime>
                <ns2:documentationDelivery>
                    <deliveryStartDateTime>2017-03-16</deliveryStartDateTime>
                    <deliveryEndDateTime>2017-04-06</deliveryEndDateTime>
                    <place>https://com.roseltorg.ru/</place>
                    <procedure>посредством размещения для скачивания и ознакомления</procedure>
                </ns2:documentationDelivery>
                <ns2:status>P</ns2:status>
                <ns2:version>1</ns2:version>
                <ns2:notDishonest>true</ns2:notDishonest>
                <ns2:attachments>
                    <totalDocumentsCount>2</totalDocumentsCount>
                    <document>
                        <guid>bb869399-e08d-fe4f-05c9-bd5efc2fc63a</guid>
                        <createDateTime>2017-03-16T16:27:18</createDateTime>
                        <fileName>Извещение_о_проведении_аукциона_в_электронной_форме[5].pdf</fileName>
                        <description>Извещение о проведении аукциона в электронной форме</description>
                        <url>http://zakupki.gov.ru/223/purchase/public/download/download.html?id=30117891</url>
                    </document>
                    <document>
                        <guid>cd0c6140-1626-d413-bed4-d810a174267a</guid>
                        <createDateTime>2017-03-16T16:33:38</createDateTime>
                        <fileName>АД_поставка_газоангализаторов__на_сайт[2].pdf</fileName>
                        <description>Аукционная документация</description>
                        <url>http://zakupki.gov.ru/223/purchase/public/download/download.html?id=30117892</url>
                    </document>
                </ns2:attachments>
                <ns2:modificationDate>2017-03-16T18:25:35</ns2:modificationDate>
                <ns2:saveUserId>32236</ns2:saveUserId>
                <ns2:deliveryPlaceIndication>DIFFERENT_PLACE</ns2:deliveryPlaceIndication>
                <ns2:emergency>false</ns2:emergency>
                <ns2:jointPurchase>false</ns2:jointPurchase>
                <ns2:lots>
                    <lot>
                        <guid>5d33eb52-4466-fca4-d628-e83a25cbdd79</guid>
                        <ordinalNumber>1</ordinalNumber>
                        <lotEditEnabled>true</lotEditEnabled>
                        <lotData>
                            <subject>Поставка газоанализаторов и запасных частей к ним</subject>
                            <currency>
                                <code>RUB</code>
                                <digitalCode>643</digitalCode>
                                <name>Российский рубль</name>
                            </currency>
                            <initialSum>3247513.19</initialSum>
                            <deliveryPlace>
                                <address>В соответствии с аукционной документацией</address>
                            </deliveryPlace>
                            <lotItems>
                                <newCodes>true</newCodes>
                                <lotItem>
                                    <guid>1d0fba98-b828-5a31-fba8-b1898e274263</guid>
                                    <ordinalNumber>1</ordinalNumber>
                                    <okpd2>
                                        <code>26.51</code>
                                        <name>Оборудование для измерения, испытаний и навигации</name>
                                    </okpd2>
                                    <okved2>
                                        <code>26.51</code>
                                        <name>Производство инструментов и приборов для измерения, тестирования и навигации</name>
                                    </okved2>
                                    <okei>
                                        <code>876</code>
                                        <name>Условная единица</name>
                                    </okei>
                                    <qty>3930</qty>
                                    <additionalInfo>Поставка газоанализаторов и запасных частей к ним</additionalInfo>
                                </lotItem>
                            </lotItems>
                            <forSmallOrMiddle>true</forSmallOrMiddle>
                            <excludePurchaseFromPlan>false</excludePurchaseFromPlan>
                            <subcontractorsRequirement>false</subcontractorsRequirement>
                            <ignoredPurchase>false</ignoredPurchase>
                            <centralized>false</centralized>
                        </lotData>
                        <deliveryPlaceIndication>GL</deliveryPlaceIndication>
                        <jointLotData>
                            <jointLot>false</jointLot>
                        </jointLotData>
                        <lotPlanInfo>
                            <planRegistrationNumber>2160210930</planRegistrationNumber>
                            <planGuid>b3945392-fa32-4854-8590-fc9b4590a746</planGuid>
                            <positionNumber>114</positionNumber>
                            <lotPlanPosition>COMMODITY</lotPlanPosition>
                            <positionGuid>03bc5274-48d9-2600-142d-ef176235005a</positionGuid>
                        </lotPlanInfo>
                        <cancelled>false</cancelled>
                    </lot>
                </ns2:lots>
                <ns2:electronicPlaceInfo>
                    <name>АО "ЕЭТП"</name>
                    <url>http://www.roseltorg.ru/</url>
                    <electronicPlaceId>113</electronicPlaceId>
                </ns2:electronicPlaceInfo>
                <ns2:auctionTime>2017-04-17T12:00:00</ns2:auctionTime>
                <ns2:applExamPeriodTime>2017-04-10T12:00:00</ns2:applExamPeriodTime>
                <ns2:submissionCloseDateTime>2017-04-06T08:30:00</ns2:submissionCloseDateTime>
                <ns2:publicationPlannedDate>2017-03-16</ns2:publicationPlannedDate>
            </ns2:purchaseNoticeAEData>
        </ns2:item>
    </ns2:body>
</ns2:purchaseNoticeAE>
