<?xml version="1.0" encoding="UTF-8" standalone="yes"?>
<ns2:purchaseNoticeAE xsi:schemaLocation="http://zakupki.gov.ru/223/integration/schema/TFF-5.2 http://zakupki.gov.ru/223/integration/schema/TFF-5.2/purchase.xsd" xmlns="http://zakupki.gov.ru/223fz/types/1" xmlns:ns10="http://zakupki.gov.ru/223fz/purchasePlan/1" xmlns:ns11="http://zakupki.gov.ru/223fz/purchasePlanProject/1" xmlns:ns12="http://zakupki.gov.ru/223fz/purchasePlanProjectAdditionalPosition/1" xmlns:ns13="http://zakupki.gov.ru/223fz/contract/1" xmlns:ns14="http://zakupki.gov.ru/223fz/missedNotice/1" xmlns:ns15="http://zakupki.gov.ru/223fz/reference/1" xmlns:ns16="http://zakupki.gov.ru/223fz/stopCommodity/1" xmlns:ns17="http://zakupki.gov.ru/223fz/decisionSuspension/1" xmlns:ns18="http://zakupki.gov.ru/223fz/purchasePlanAdditionalPosition/1" xmlns:ns19="http://zakupki.gov.ru/223fz/webRequest/1" xmlns:ns2="http://zakupki.gov.ru/223fz/purchase/1" xmlns:xsi="http://www.w3.org/2001/XMLSchema-instance" xmlns:ns3="http://zakupki.gov.ru/223fz/dishonestSupplier/1" xmlns:ns4="http://zakupki.gov.ru/223fz/machineryListInfo/1" xmlns:ns5="http://zakupki.gov.ru/223fz/revenue/1" xmlns:ns6="http://zakupki.gov.ru/223fz/orderClauseList/1" xmlns:ns7="http://zakupki.gov.ru/223fz/disagreementProtocol/1" xmlns:ns8="http://zakupki.gov.ru/223fz/complaint/1" xmlns:ns9="http://zakupki.gov.ru/223fz/notificationIssue/1">
    <header>
        <guid>fcbe2ea3-a39b-457c-823c-8cd3aa71eac7</guid>
        <createDateTime>2017-03-16T18:43:30</createDateTime>
    </header>
    <ns2:body>
        <ns2:item>
            <guid>1a1e2b01-0b57-4c71-7ece-a6e1f5398f3d</guid>
            <ns2:purchaseNoticeAEData>
                <ns2:guid>1a1e2b01-0b57-4c71-7ece-a6e1f5398f3d</ns2:guid>
                <ns2:createDateTime>2017-03-16T18:40:09</ns2:createDateTime>
                <ns2:urlOOS>https://zakupki.gov.ru/223/purchase/private/purchase/notice-info/details.html?noticeInfoId=5888342</ns2:urlOOS>
                <ns2:urlVSRZ>https://com.roseltorg.ru/#com/procedure/view/id/265710</ns2:urlVSRZ>
                <ns2:registrationNumber>31604564310</ns2:registrationNumber>
                <ns2:name>Открытый аукцион в электронной форме на право заключения договора на поставку компримированного (сжатого) природного газа (метана) для нужд филиала 11-й автобусный парк ГУП «Мосгортранс»</ns2:name>
                <ns2:customer>
                    <mainInfo>
                        <fullName>ГОСУДАРСТВЕННОЕ УНИТАРНОЕ ПРЕДПРИЯТИЕ ГОРОДА МОСКВЫ "МОСГОРТРАНС"</fullName>
                        <shortName>ГУП "МОСГОРТРАНС"</shortName>
                        <iko>57705002602770501001</iko>
                        <inn>7705002602</inn>
                        <kpp>770501001</kpp>
                        <ogrn>1037739376223</ogrn>
                        <legalAddress>115035, Г МОСКВА, НАБ РАУШСКАЯ, дом 22/21, корпус 1</legalAddress>
                        <postalAddress>115035, Москва, Раушская наб., дом 22/21, стр. 1 </postalAddress>
                        <phone>7-495-9504285</phone>
                        <fax>7-499-2385169</fax>
                        <email>shibaev_es@mosgortrans.ru</email>
                        <okato>45286560000</okato>
                        <okpo>03324424</okpo>
                    </mainInfo>
                </ns2:customer>
                <ns2:purchaseMethodCode>3361</ns2:purchaseMethodCode>
                <ns2:purchaseCodeName>Открытый аукцион в электронной форме</ns2:purchaseCodeName>
                <ns2:placer>
                    <mainInfo>
                        <fullName>ГОСУДАРСТВЕННОЕ УНИТАРНОЕ ПРЕДПРИЯТИЕ ГОРОДА МОСКВЫ "МОСГОРТРАНС"</fullName>
                        <shortName>ГУП "МОСГОРТРАНС"</shortName>
                        <iko>57705002602770501001</iko>
                        <inn>7705002602</inn>
                        <kpp>770501001</kpp>
                        <ogrn>1037739376223</ogrn>
                        <legalAddress>115035, Г МОСКВА, НАБ РАУШСКАЯ, дом 22/21, корпус 1</legalAddress>
                        <postalAddress>115035, Москва, Раушская наб., дом 22/21, стр. 1 </postalAddress>
                        <phone>7-495-9504285</phone>
                        <fax>7-499-2385169</fax>
                        <email>shibaev_es@mosgortrans.ru</email>
                        <okato>45286560000</okato>
                        <okpo>03324424</okpo>
                    </mainInfo>
                </ns2:placer>
                <ns2:contact>
                    <firstName>Алексей</firstName>
                    <middleName>Сергеевич</middleName>
                    <lastName>Калитин</lastName>
                    <phone>+7 (495) 9504264</phone>
                    <email>kalitin@mosgortrans.ru</email>
                    <organization>
                        <mainInfo>
                            <fullName>ГОСУДАРСТВЕННОЕ УНИТАРНОЕ ПРЕДПРИЯТИЕ ГОРОДА МОСКВЫ "МОСГОРТРАНС"</fullName>
                            <shortName>ГУП "МОСГОРТРАНС"</shortName>
                            <iko>57705002602770501001</iko>
                            <inn>7705002602</inn>
                            <kpp>770501001</kpp>
                            <ogrn>1037739376223</ogrn>
                            <legalAddress>115035, Г МОСКВА, НАБ РАУШСКАЯ, дом 22/21, корпус 1</legalAddress>
                            <postalAddress>115035, Москва, Раушская наб., дом 22/21, стр. 1 </postalAddress>
                            <phone>7-495-9504285</phone>
                            <fax>7-499-2385169</fax>
                            <email>shibaev_es@mosgortrans.ru</email>
                            <okato>45286560000</okato>
                            <okpo>03324424</okpo>
                        </mainInfo>
                    </organization>
                </ns2:contact>
                <ns2:publicationDateTime>2017-03-16T18:43:30</ns2:publicationDateTime>
                <ns2:documentationDelivery>
                    <deliveryStartDateTime>2016-12-23</deliveryStartDateTime>
                    <deliveryEndDateTime>2017-04-03</deliveryEndDateTime>
                    <place>https://com.roseltorg.ru/</place>
                    <procedure>посредством размещения для скачивания и ознакомления</procedure>
                </ns2:documentationDelivery>
                <ns2:status>P</ns2:status>
                <ns2:version>4</ns2:version>
                <ns2:modificationDescription>Изложено в прилагаемой документации</ns2:modificationDescription>
                <ns2:notDishonest>true</ns2:notDishonest>
                <ns2:attachments>
                    <totalDocumentsCount>4</totalDocumentsCount>
                    <document>
                        <guid>d14f3362-9901-182b-3d8f-800dd7558dcc</guid>
                        <createDateTime>2016-12-23T18:15:30</createDateTime>
                        <fileName>НМЦ.xlsx</fileName>
                        <description>нмц</description>
                        <url>http://zakupki.gov.ru/223/purchase/public/download/download.html?id=30120871</url>
                    </document>
                    <document>
                        <guid>0f287a4a-bde4-3705-6be7-bc0185b65c5f</guid>
                        <createDateTime>2016-12-23T18:14:45</createDateTime>
                        <fileName>ТЗ_на_поставку_газа_окончательное.docx</fileName>
                        <description>ТЗ</description>
                        <url>http://zakupki.gov.ru/223/purchase/public/download/download.html?id=30120872</url>
                    </document>
                    <document>
                        <guid>a82c8e21-9053-6855-9955-dce030bc021e</guid>
                        <createDateTime>2016-12-23T18:13:59</createDateTime>
                        <fileName>Проект_договора_для_аукциона.docx</fileName>
                        <description>ПД</description>
                        <url>http://zakupki.gov.ru/223/purchase/public/download/download.html?id=30120873</url>
                    </document>
                    <document>
                        <guid>f8aa2d25-90c6-63dd-e117-5181674c3863</guid>
                        <createDateTime>2017-03-16T18:34:55</createDateTime>
                        <fileName>Aукционная_документация_в.4.docx</fileName>
                        <description>документация</description>
                        <url>http://zakupki.gov.ru/223/purchase/public/download/download.html?id=30120874</url>
                    </document>
                </ns2:attachments>
                <ns2:modificationDate>2017-03-16T18:43:30</ns2:modificationDate>
                <ns2:saveUserId>54065</ns2:saveUserId>
                <ns2:deliveryPlaceIndication>DIFFERENT_PLACE</ns2:deliveryPlaceIndication>
                <ns2:emergency>false</ns2:emergency>
                <ns2:jointPurchase>false</ns2:jointPurchase>
                <ns2:lots>
                    <lot>
                        <guid>2ab576f7-34e0-094e-cef8-e7f3d4074b49</guid>
                        <ordinalNumber>1</ordinalNumber>
                        <lotEditEnabled>true</lotEditEnabled>
                        <lotData>
                            <subject>Поставка компримированного (сжатого) природного газа (метана) для нужд филиала 11-й автобусный парк ГУП 'Мосгортранс'</subject>
                            <currency>
                                <code>RUB</code>
                                <digitalCode>643</digitalCode>
                                <name>Российский рубль</name>
                            </currency>
                            <initialSum>111302438.83</initialSum>
                            <deliveryPlace>
                                <address>указано в документации</address>
                            </deliveryPlace>
                            <lotItems>
                                <newCodes>true</newCodes>
                                <lotItem>
                                    <guid>a9d9d4d2-3af2-5cff-28a6-95da58fa5ec6</guid>
                                    <ordinalNumber>1</ordinalNumber>
                                    <okpd2>
                                        <code>06.20.10.131</code>
                                        <name>Газ горючий природный сжиженный</name>
                                    </okpd2>
                                    <okved2>
                                        <code>47.30.12</code>
                                        <name>Торговля розничная газом для заправки автомобилей в специализированных магазинах</name>
                                    </okved2>
                                    <okei>
                                        <code>113</code>
                                        <name>Кубический метр</name>
                                    </okei>
                                    <qty>7014859.59</qty>
                                    <additionalInfo>Поставка компримированного (сжатого) природного газа (метана) для нужд филиала 11-й автобусный парк ГУП 'Мосгортранс'</additionalInfo>
                                </lotItem>
                            </lotItems>
                            <forSmallOrMiddle>false</forSmallOrMiddle>
                            <excludePurchaseFromPlan>false</excludePurchaseFromPlan>
                            <subcontractorsRequirement>false</subcontractorsRequirement>
                            <ignoredPurchase>false</ignoredPurchase>
                            <centralized>false</centralized>
                        </lotData>
                        <deliveryPlaceIndication>GL</deliveryPlaceIndication>
                        <jointLotData>
                            <jointLot>false</jointLot>
                        </jointLotData>
                        <lotPlanInfo>
                            <planRegistrationNumber>2150138940</planRegistrationNumber>
                            <planGuid>1779f00c-30c2-4a2b-a3d0-dbde43573ac8</planGuid>
                            <positionNumber>2047</positionNumber>
                            <lotPlanPosition>COMMODITY</lotPlanPosition>
                            <positionGuid>bf450e5e-6e02-4899-9472-d05b8ed41430</positionGuid>
                        </lotPlanInfo>
                        <cancelled>false</cancelled>
                    </lot>
                </ns2:lots>
                <ns2:electronicPlaceInfo>
                    <name>АО "ЕЭТП"</name>
                    <url>http://www.roseltorg.ru/</url>
                    <electronicPlaceId>113</electronicPlaceId>
                </ns2:electronicPlaceInfo>
                <ns2:auctionTime>2017-04-06T10:00:00</ns2:auctionTime>
                <ns2:applExamPeriodTime>2017-04-05T14:00:00</ns2:applExamPeriodTime>
                <ns2:submissionCloseDateTime>2017-04-03T09:00:00</ns2:submissionCloseDateTime>
                <ns2:publicationPlannedDate>2016-12-23</ns2:publicationPlannedDate>
            </ns2:purchaseNoticeAEData>
        </ns2:item>
    </ns2:body>
</ns2:purchaseNoticeAE>
