<?xml version="1.0" encoding="UTF-8" standalone="yes"?>
<ns2:purchaseNoticeAE xsi:schemaLocation="http://zakupki.gov.ru/223/integration/schema/TFF-5.2 http://zakupki.gov.ru/223/integration/schema/TFF-5.2/purchase.xsd" xmlns="http://zakupki.gov.ru/223fz/types/1" xmlns:ns10="http://zakupki.gov.ru/223fz/purchasePlan/1" xmlns:ns11="http://zakupki.gov.ru/223fz/purchasePlanProject/1" xmlns:ns12="http://zakupki.gov.ru/223fz/purchasePlanProjectAdditionalPosition/1" xmlns:ns13="http://zakupki.gov.ru/223fz/contract/1" xmlns:ns14="http://zakupki.gov.ru/223fz/missedNotice/1" xmlns:ns15="http://zakupki.gov.ru/223fz/reference/1" xmlns:ns16="http://zakupki.gov.ru/223fz/stopCommodity/1" xmlns:ns17="http://zakupki.gov.ru/223fz/decisionSuspension/1" xmlns:ns18="http://zakupki.gov.ru/223fz/purchasePlanAdditionalPosition/1" xmlns:ns19="http://zakupki.gov.ru/223fz/webRequest/1" xmlns:ns2="http://zakupki.gov.ru/223fz/purchase/1" xmlns:xsi="http://www.w3.org/2001/XMLSchema-instance" xmlns:ns3="http://zakupki.gov.ru/223fz/dishonestSupplier/1" xmlns:ns4="http://zakupki.gov.ru/223fz/machineryListInfo/1" xmlns:ns5="http://zakupki.gov.ru/223fz/revenue/1" xmlns:ns6="http://zakupki.gov.ru/223fz/orderClauseList/1" xmlns:ns7="http://zakupki.gov.ru/223fz/disagreementProtocol/1" xmlns:ns8="http://zakupki.gov.ru/223fz/complaint/1" xmlns:ns9="http://zakupki.gov.ru/223fz/notificationIssue/1">
    <header>
        <guid>cd3c20f4-2080-4fe6-ab66-0d5fc3b4f4b6</guid>
        <createDateTime>2017-03-16T15:59:20</createDateTime>
    </header>
    <ns2:body>
        <ns2:item>
            <guid>7811d371-43a8-4e02-90c1-46271185be0c</guid>
            <ns2:purchaseNoticeAEData>
                <ns2:guid>7811d371-43a8-4e02-90c1-46271185be0c</ns2:guid>
                <ns2:createDateTime>2017-03-16T15:57:05</ns2:createDateTime>
                <ns2:urlOOS>https://zakupki.gov.ru/223/purchase/private/purchase/notice-info/details.html?noticeInfoId=5887153</ns2:urlOOS>
                <ns2:urlVSRZ>http://torgi223.ru</ns2:urlVSRZ>
                <ns2:registrationNumber>31704898887</ns2:registrationNumber>
                <ns2:name>Поставка лекарственных средств</ns2:name>
                <ns2:customer>
                    <mainInfo>
                        <fullName>ФЕДЕРАЛЬНОЕ ГОСУДАРСТВЕННОЕ АВТОНОМНОЕ УЧРЕЖДЕНИЕ "МЕЖОТРАСЛЕВОЙ НАУЧНО-ТЕХНИЧЕСКИЙ КОМПЛЕКС "МИКРОХИРУРГИЯ ГЛАЗА" ИМЕНИ АКАДЕМИКА С.Н. ФЕДОРОВА" МИНИСТЕРСТВА ЗДРАВООХРАНЕНИЯ РОССИЙСКОЙ ФЕДЕРАЦИИ</fullName>
                        <shortName>ФГАУ "МНТК "МИКРОХИРУРГИЯ ГЛАЗА" ИМ.АКАД. С.Н. ФЕДОРОВА" МИНЗДРАВА РОССИИ</shortName>
                        <iko>87713059497771301001</iko>
                        <inn>7713059497</inn>
                        <kpp>771301001</kpp>
                        <ogrn>1027739714606</ogrn>
                        <legalAddress>127486, Г МОСКВА, Б-Р БЕСКУДНИКОВСКИЙ, дом 59А</legalAddress>
                        <postalAddress>127486, Москва Город, Бескудниковский Бульвар, дом 59А</postalAddress>
                        <phone>7-495-4888747</phone>
                        <email>glaz-za-glaz@yandex.ru</email>
                        <okato>45277559000</okato>
                        <okpo>05332385</okpo>
                    </mainInfo>
                </ns2:customer>
                <ns2:detachedOrg>
                    <mainInfo>
                        <fullName>Санкт-Петербургский филиал федерального государственного автономного учреждения "Межотраслевой научно-технический комплекс "Микрохирургия глаза" имени академика С.Н. Федорова" Министерства здравоохранения Российской Федерации</fullName>
                        <inn>7713059497</inn>
                        <kpp>781602001</kpp>
                        <ogrn>1027739714606</ogrn>
                        <legalAddress>192283, Санкт-Петербург г, Ярослава Гашека ул, дом № 21</legalAddress>
                        <postalAddress>127486, Москва Город, Бескудниковский Бульвар, дом 59А</postalAddress>
                    </mainInfo>
                </ns2:detachedOrg>
                <ns2:purchaseMethodCode>3361</ns2:purchaseMethodCode>
                <ns2:purchaseCodeName>Открытый аукцион в электронной форме</ns2:purchaseCodeName>
                <ns2:placer>
                    <mainInfo>
                        <fullName>Санкт-Петербургский филиал федерального государственного автономного учреждения "Межотраслевой научно-технический комплекс "Микрохирургия глаза" имени академика С.Н. Федорова" Министерства здравоохранения Российской Федерации</fullName>
                        <shortName>СПб филиал ФГАУ "МНТК "Микрохирургия глаза" им.акад. С.Н.Федорова" Минздрава России</shortName>
                        <iko>87713059497781602001</iko>
                        <inn>7713059497</inn>
                        <kpp>781602001</kpp>
                        <ogrn>1027739714606</ogrn>
                        <legalAddress>192283, Санкт-Петербург г, Ярослава Гашека ул, дом № 21</legalAddress>
                        <postalAddress>127486, Москва Город, Бескудниковский Бульвар, дом 59А</postalAddress>
                        <phone>7-495-4888747</phone>
                        <fax>7-812-7013553</fax>
                        <email>glaz-za-glaz@yandex.ru</email>
                        <okato>40296566000</okato>
                        <okpo>01221430</okpo>
                    </mainInfo>
                </ns2:placer>
                <ns2:contact>
                    <firstName>Вера</firstName>
                    <middleName>Александровна</middleName>
                    <lastName>Игнатьева</lastName>
                    <phone>+7 (812) 778-57-77</phone>
                    <email>gz@mntk.spb.ru</email>
                    <organization>
                        <mainInfo>
                            <fullName>Санкт-Петербургский филиал федерального государственного автономного учреждения "Межотраслевой научно-технический комплекс "Микрохирургия глаза" имени академика С.Н. Федорова" Министерства здравоохранения Российской Федерации</fullName>
                            <shortName>СПб филиал ФГАУ "МНТК "Микрохирургия глаза" им.акад. С.Н.Федорова" Минздрава России</shortName>
                            <iko>87713059497781602001</iko>
                            <inn>7713059497</inn>
                            <kpp>781602001</kpp>
                            <ogrn>1027739714606</ogrn>
                            <legalAddress>192283, Санкт-Петербург г, Ярослава Гашека ул, дом № 21</legalAddress>
                            <postalAddress>127486, Москва Город, Бескудниковский Бульвар, дом 59А</postalAddress>
                            <phone>7-495-4888747</phone>
                            <fax>7-812-7013553</fax>
                            <email>glaz-za-glaz@yandex.ru</email>
                            <okato>40296566000</okato>
                            <okpo>01221430</okpo>
                        </mainInfo>
                    </organization>
                </ns2:contact>
                <ns2:publicationDateTime>2017-03-16T15:59:20</ns2:publicationDateTime>
                <ns2:documentationDelivery>
                    <deliveryStartDateTime>2017-03-17</deliveryStartDateTime>
                    <deliveryEndDateTime>2017-04-06</deliveryEndDateTime>
                    <place>http://torgi223.ru (ЭТП «Торги 223»)

,www.zakupki.gov.ru</place>
                    <procedure>в соответствии с Регламентом</procedure>
                </ns2:documentationDelivery>
                <ns2:status>P</ns2:status>
                <ns2:version>1</ns2:version>
                <ns2:notDishonest>false</ns2:notDishonest>
                <ns2:attachments>
                    <totalDocumentsCount>1</totalDocumentsCount>
                    <document>
                        <guid>fb86da90-c04b-4c9b-9d31-65805074e09a</guid>
                        <createDateTime>2017-03-16T15:57:06</createDateTime>
                        <fileName>Аукцион 1.docx</fileName>
                        <description>Аукцион 1.docx</description>
                        <url>http://zakupki.gov.ru/223/purchase/public/download/download.html?id=30115099</url>
                    </document>
                </ns2:attachments>
                <ns2:modificationDate>2017-03-16T15:59:20</ns2:modificationDate>
                <ns2:saveUserId>172786</ns2:saveUserId>
                <ns2:deliveryPlaceIndication>DIFFERENT_PLACE</ns2:deliveryPlaceIndication>
                <ns2:emergency>false</ns2:emergency>
                <ns2:jointPurchase>false</ns2:jointPurchase>
                <ns2:lots>
                    <lot>
                        <guid>ffc79d0e-ed97-4d98-a2fc-dfa1028b53d1</guid>
                        <ordinalNumber>1</ordinalNumber>
                        <lotEditEnabled>false</lotEditEnabled>
                        <lotData>
                            <subject>Поставка лекарственных средств</subject>
                            <currency>
                                <code>RUB</code>
                                <digitalCode>643</digitalCode>
                                <name>Российский рубль</name>
                            </currency>
                            <initialSum>1927198.47</initialSum>
                            <deliveryPlace>
                                <address>192283, г. Санкт-Петербург, ул. Ярослава Гашека, д. 21</address>
                            </deliveryPlace>
                            <lotItems>
                                <newCodes>true</newCodes>
                                <lotItem>
                                    <guid>a3965ae9-7b42-4668-8bf7-6f749560d61c</guid>
                                    <ordinalNumber>1</ordinalNumber>
                                    <okpd2>
                                        <code>21.20.10</code>
                                        <name>Препараты лекарственные</name>
                                    </okpd2>
                                    <okved2>
                                        <code>46.46.1</code>
                                        <name>Торговля оптовая фармацевтической продукцией</name>
                                    </okved2>
                                    <okei>
                                        <code>796</code>
                                        <name>Штука</name>
                                    </okei>
                                    <qty>18288</qty>
                                </lotItem>
                            </lotItems>
                            <forSmallOrMiddle>false</forSmallOrMiddle>
                            <excludePurchaseFromPlan>false</excludePurchaseFromPlan>
                            <subcontractorsRequirement>false</subcontractorsRequirement>
                            <ignoredPurchase>false</ignoredPurchase>
                            <centralized>false</centralized>
                        </lotData>
                        <deliveryPlaceIndication>GL</deliveryPlaceIndication>
                        <jointLotData>
                            <jointLot>false</jointLot>
                        </jointLotData>
                        <lotPlanInfo>
                            <planRegistrationNumber>2160218529</planRegistrationNumber>
                            <planGuid>1b6e7b8c-b276-14d6-9bbd-9acc8992fbb3</planGuid>
                            <positionNumber>1687</positionNumber>
                            <lotPlanPosition>COMMODITY</lotPlanPosition>
                            <positionGuid>eadd362b-7621-2ab1-b7eb-8f2fbd4c52fa</positionGuid>
                        </lotPlanInfo>
                        <cancelled>false</cancelled>
                    </lot>
                </ns2:lots>
                <ns2:electronicPlaceInfo>
                    <name>ЭТП «Торги 223»</name>
                    <url>http://www.torgi223.ru</url>
                    <electronicPlaceId>145</electronicPlaceId>
                </ns2:electronicPlaceInfo>
                <ns2:auctionTime>2017-04-13T11:00:00</ns2:auctionTime>
                <ns2:applExamPeriodTime>2017-04-11T10:00:00</ns2:applExamPeriodTime>
                <ns2:submissionCloseDateTime>2017-04-06T08:00:00</ns2:submissionCloseDateTime>
            </ns2:purchaseNoticeAEData>
        </ns2:item>
    </ns2:body>
</ns2:purchaseNoticeAE>
