<?xml version="1.0" encoding="UTF-8" standalone="yes"?>
<ns2:explanation xsi:schemaLocation="http://zakupki.gov.ru/223/integration/schema/TFF-5.2 http://zakupki.gov.ru/223/integration/schema/TFF-5.2/purchase.xsd" xmlns="http://zakupki.gov.ru/223fz/types/1" xmlns:ns10="http://zakupki.gov.ru/223fz/complaint/1" xmlns:ns11="http://zakupki.gov.ru/223fz/notificationIssue/1" xmlns:ns12="http://zakupki.gov.ru/223fz/purchasePlanProject/1" xmlns:ns13="http://zakupki.gov.ru/223fz/purchasePlanProjectAdditionalPosition/1" xmlns:ns14="http://zakupki.gov.ru/223fz/contract/1" xmlns:ns15="http://zakupki.gov.ru/223fz/missedNotice/1" xmlns:ns16="http://zakupki.gov.ru/223fz/reference/1" xmlns:ns17="http://zakupki.gov.ru/223fz/stopCommodity/1" xmlns:ns18="http://zakupki.gov.ru/223fz/decisionSuspension/1" xmlns:ns19="http://zakupki.gov.ru/223fz/webRequest/1" xmlns:ns2="http://zakupki.gov.ru/223fz/purchase/1" xmlns:xsi="http://www.w3.org/2001/XMLSchema-instance" xmlns:ns3="http://zakupki.gov.ru/223fz/dishonestSupplier/1" xmlns:ns4="http://zakupki.gov.ru/223fz/purchasePlanAdditionalPosition/1" xmlns:ns5="http://zakupki.gov.ru/223fz/purchasePlan/1" xmlns:ns6="http://zakupki.gov.ru/223fz/machineryListInfo/1" xmlns:ns7="http://zakupki.gov.ru/223fz/revenue/1" xmlns:ns8="http://zakupki.gov.ru/223fz/orderClauseList/1" xmlns:ns9="http://zakupki.gov.ru/223fz/disagreementProtocol/1">
    <header>
        <guid>cf1f6c16-7bbd-4f4f-81cc-7db51a57d186</guid>
        <createDateTime>2017-03-27T14:47:16</createDateTime>
    </header>
    <ns2:body>
        <ns2:item>
            <guid>d6cba311-9cd8-aaa2-4619-5f57af302884</guid>
            <ns2:explanationData>
                <ns2:guid>d6cba311-9cd8-aaa2-4619-5f57af302884</ns2:guid>
                <ns2:urlOOS>https://zakupki.gov.ru/223/purchase/private/purchase/explanation/details.html?explanationId=309222</ns2:urlOOS>
                <ns2:description>Поставка листов АМг6 М невозможна, т. к. в КД предусмотрено использование АМг6.
Эквивалент не рассматривается в связи с тем, что материал прописан в конструкторской документации согласованной с конечным заказчиком</ns2:description>
                <ns2:requestSubjectInfo>Добрый день!
Уточните, пожалуйста, возможна ли поставка листов АМг6 М 8*1200*3000 и АМГ6 М 10*1200*3000 в соответствующих техническому заданию количествах?</ns2:requestSubjectInfo>
                <ns2:requestDate>2017-03-27T12:48:50</ns2:requestDate>
                <ns2:status>P</ns2:status>
                <ns2:creationDate>2017-03-27T16:44:02</ns2:creationDate>
                <ns2:modificationDate>2017-03-27T16:47:16</ns2:modificationDate>
                <ns2:decisionDate>2017-03-27T14:44:02</ns2:decisionDate>
                <ns2:publishDate>2017-03-27T16:47:16</ns2:publishDate>
                <ns2:attachments>
                    <totalDocumentsCount>1</totalDocumentsCount>
                    <document>
                        <guid>651d903a-ca48-9dde-2c08-4156e58f62a6</guid>
                        <createDateTime>2017-03-27T14:43:56</createDateTime>
                        <fileName>Запрос_разьяснений.docx</fileName>
                        <description>Запрос_разьяснений.docx</description>
                        <url>http://zakupki.gov.ru/223/purchase/public/download/download.html?id=30361524</url>
                    </document>
                </ns2:attachments>
                <ns2:purchaseRegNum>31704932746</ns2:purchaseRegNum>
                <ns2:purchaseMethodCode>17488</ns2:purchaseMethodCode>
                <ns2:purchaseMethodName>запрос котировок в электронной форме</ns2:purchaseMethodName>
                <ns2:purchaseName>Поставка алюминия (листы)</ns2:purchaseName>
                <ns2:placer>
                    <mainInfo>
                        <fullName>Федеральное государственное унитарное предприятие "Производственное обьединение "Октябрь"</fullName>
                        <shortName>ФГУП "ПО "Октябрь"</shortName>
                        <iko>56612001971660850001</iko>
                        <inn>6612001971</inn>
                        <kpp>660850001</kpp>
                        <ogrn>1026600932566</ogrn>
                        <legalAddress>623420, Свердловская, Каменск-Уральский, Рябова, дом 8</legalAddress>
                        <postalAddress>623420, Свердловская, Каменск-Уральский, Рябова, дом 8</postalAddress>
                        <phone>7-3439-370442</phone>
                        <email>zakaz94@neywa.ru</email>
                        <okato>65436369000</okato>
                        <okpo>07505861</okpo>
                    </mainInfo>
                </ns2:placer>
                <ns2:emergency>false</ns2:emergency>
            </ns2:explanationData>
        </ns2:item>
    </ns2:body>
</ns2:explanation>
