<?xml version="1.0" encoding="UTF-8" standalone="yes"?>
<ns2:explanation xsi:schemaLocation="http://zakupki.gov.ru/223/integration/schema/TFF-5.2 http://zakupki.gov.ru/223/integration/schema/TFF-5.2/purchase.xsd" xmlns="http://zakupki.gov.ru/223fz/types/1" xmlns:ns10="http://zakupki.gov.ru/223fz/complaint/1" xmlns:ns11="http://zakupki.gov.ru/223fz/notificationIssue/1" xmlns:ns12="http://zakupki.gov.ru/223fz/purchasePlanProject/1" xmlns:ns13="http://zakupki.gov.ru/223fz/purchasePlanProjectAdditionalPosition/1" xmlns:ns14="http://zakupki.gov.ru/223fz/contract/1" xmlns:ns15="http://zakupki.gov.ru/223fz/missedNotice/1" xmlns:ns16="http://zakupki.gov.ru/223fz/reference/1" xmlns:ns17="http://zakupki.gov.ru/223fz/stopCommodity/1" xmlns:ns18="http://zakupki.gov.ru/223fz/decisionSuspension/1" xmlns:ns19="http://zakupki.gov.ru/223fz/webRequest/1" xmlns:ns2="http://zakupki.gov.ru/223fz/purchase/1" xmlns:xsi="http://www.w3.org/2001/XMLSchema-instance" xmlns:ns3="http://zakupki.gov.ru/223fz/dishonestSupplier/1" xmlns:ns4="http://zakupki.gov.ru/223fz/purchasePlanAdditionalPosition/1" xmlns:ns5="http://zakupki.gov.ru/223fz/purchasePlan/1" xmlns:ns6="http://zakupki.gov.ru/223fz/machineryListInfo/1" xmlns:ns7="http://zakupki.gov.ru/223fz/revenue/1" xmlns:ns8="http://zakupki.gov.ru/223fz/orderClauseList/1" xmlns:ns9="http://zakupki.gov.ru/223fz/disagreementProtocol/1">
    <header>
        <guid>4034e731-795d-4d9a-8b62-c278b5978fb1</guid>
        <createDateTime>2017-03-27T07:29:02</createDateTime>
    </header>
    <ns2:body>
        <ns2:item>
            <guid>7a9888ea-fb0a-1ee7-84d4-7c27d7570383</guid>
            <ns2:explanationData>
                <ns2:guid>7a9888ea-fb0a-1ee7-84d4-7c27d7570383</ns2:guid>
                <ns2:urlOOS>https://zakupki.gov.ru/223/purchase/private/purchase/explanation/details.html?explanationId=308905</ns2:urlOOS>
                <ns2:description>ответ: см.в приложении</ns2:description>
                <ns2:requestSubjectInfo>Уважаемый, Рустем Фандусович.

) В тексте технического задания указаны следующие характеристики КИМГЗ:

	" Дополнительно комплектуется Специальным чехлом для защиты КИМГЗ в различных  условиях Чрезвычайных Ситуаций должен состоять из двух слоев :
               - первый огнезащитный из специального материала с пониженной горючестью для защиты изделия от открытого пламени  ( 800±50 С в течении 5±0,2 с  )
    - второй фильтрующий из специальной ткани, для защиты изделия от воздействия различных  тонкодисперсных  аэрозолей   ( которые могут воздействовать на  КИМГЗ при различных ЧС техногенного характера )".
	Единственным приказом на данную продукцию, который регламентирует требования к футляру КИМГЗ  является приказ МЧС России от 01.11.2006 №633, в соответствии с которым футляр КИМГЗ должен соответствовать следующим требованиям, цитируем: "Для укладки вложений используется сумка, представляющая собой основной чехол, в который вставляется карман-подкладка, с четырьмя отделениями (для укладки вспомогательных средств индивидуальной медицинской защиты) и дополнительный отстегивающийся накладной карман-вкладыш с горизонтальными отделениями ( для вложения антидотов и лекарственных средств).". При этом, никаких дополнительных требований как дополнительному чехлу, так и к защите футляра от воздействия каких-либо внешних негативных факторов в данном приказе не указано. 
	Так же является немаловажным тот факт, что данные чехлы производятся лишь одним производителем на территории Российской Федерации и не находятся в свободной продаже. При этом стоит учесть что на рынке существует множество производителей данной продукции, которые готовы осуществить поставку КИМГЗ в соответствии с действующим законодательством Российской Федерации.
	Данное Техническое описание приводит к жесткому ограничению количества участников, что в свою очередь исключает принцип проведения торгов как конкурентной процедуры. И что немаловажно, значительно увеличивает стоимость приобретаемой продукции и как с</ns2:requestSubjectInfo>
                <ns2:requestDate>2017-03-24T15:19:26</ns2:requestDate>
                <ns2:status>P</ns2:status>
                <ns2:creationDate>2017-03-27T11:16:21</ns2:creationDate>
                <ns2:modificationDate>2017-03-27T09:29:02</ns2:modificationDate>
                <ns2:decisionDate>2017-03-28T01:59:59</ns2:decisionDate>
                <ns2:publishDate>2017-03-27T09:29:02</ns2:publishDate>
                <ns2:attachments>
                    <totalDocumentsCount>1</totalDocumentsCount>
                    <document>
                        <guid>7a9888ea-fb0a-1ed7-84d4-812f55bd13b5</guid>
                        <createDateTime>2017-03-27T09:16:22</createDateTime>
                        <fileName>ответ по противогазам.pdf</fileName>
                        <description>ответ по противогазам.pdf</description>
                        <url>http://zakupki.gov.ru/223/purchase/public/download/download.html?id=30340659</url>
                    </document>
                </ns2:attachments>
                <ns2:purchaseRegNum>31704917799</ns2:purchaseRegNum>
                <ns2:purchaseMethodCode>5907</ns2:purchaseMethodCode>
                <ns2:purchaseMethodName>Открытый запрос цен в электронной форме</ns2:purchaseMethodName>
                <ns2:purchaseName>Право заключения договора на поставку продукции (противогаз гражданский ГП-7, комплект КИМГЗ, укладка сумки санитарной по приказу 61Н) или эквивалент</ns2:purchaseName>
                <ns2:placer>
                    <mainInfo>
                        <fullName>ФЕДЕРАЛЬНОЕ ГОСУДАРСТВЕННОЕ УНИТАРНОЕ ПРЕДПРИЯТИЕ "УРАЛЬСКИЙ ЭЛЕКТРОМЕХАНИЧЕСКИЙ ЗАВОД"</fullName>
                        <shortName>ФГУП УЭМЗ</shortName>
                        <iko>56608004641667001001</iko>
                        <inn>6608004641</inn>
                        <kpp>667001001</kpp>
                        <ogrn>1026604973120</ogrn>
                        <legalAddress>620137, ОБЛ СВЕРДЛОВСКАЯ, Г ЕКАТЕРИНБУРГ, УЛ СТУДЕНЧЕСКАЯ, дом 9</legalAddress>
                        <postalAddress>620137, Свердловская, Екатеринбург, Студенческая, дом 9</postalAddress>
                        <phone>7-343-3413689</phone>
                        <fax>7-343-3413689</fax>
                        <email>kazantsev_av@uemz.ru</email>
                        <okato>65401373000</okato>
                        <okpo>07624904</okpo>
                    </mainInfo>
                </ns2:placer>
                <ns2:emergency>false</ns2:emergency>
            </ns2:explanationData>
        </ns2:item>
    </ns2:body>
</ns2:explanation>
