<?xml version="1.0" encoding="UTF-8" standalone="yes"?>
<ns2:explanation xsi:schemaLocation="http://zakupki.gov.ru/223/integration/schema/TFF-5.2 http://zakupki.gov.ru/223/integration/schema/TFF-5.2/purchase.xsd" xmlns="http://zakupki.gov.ru/223fz/types/1" xmlns:ns10="http://zakupki.gov.ru/223fz/complaint/1" xmlns:ns11="http://zakupki.gov.ru/223fz/notificationIssue/1" xmlns:ns12="http://zakupki.gov.ru/223fz/purchasePlanProject/1" xmlns:ns13="http://zakupki.gov.ru/223fz/purchasePlanProjectAdditionalPosition/1" xmlns:ns14="http://zakupki.gov.ru/223fz/contract/1" xmlns:ns15="http://zakupki.gov.ru/223fz/missedNotice/1" xmlns:ns16="http://zakupki.gov.ru/223fz/reference/1" xmlns:ns17="http://zakupki.gov.ru/223fz/stopCommodity/1" xmlns:ns18="http://zakupki.gov.ru/223fz/decisionSuspension/1" xmlns:ns19="http://zakupki.gov.ru/223fz/webRequest/1" xmlns:ns2="http://zakupki.gov.ru/223fz/purchase/1" xmlns:xsi="http://www.w3.org/2001/XMLSchema-instance" xmlns:ns3="http://zakupki.gov.ru/223fz/dishonestSupplier/1" xmlns:ns4="http://zakupki.gov.ru/223fz/purchasePlanAdditionalPosition/1" xmlns:ns5="http://zakupki.gov.ru/223fz/purchasePlan/1" xmlns:ns6="http://zakupki.gov.ru/223fz/machineryListInfo/1" xmlns:ns7="http://zakupki.gov.ru/223fz/revenue/1" xmlns:ns8="http://zakupki.gov.ru/223fz/orderClauseList/1" xmlns:ns9="http://zakupki.gov.ru/223fz/disagreementProtocol/1">
    <header>
        <guid>172cc6f3-507b-4a4d-993a-ef3d4e87d52f</guid>
        <createDateTime>2017-03-27T14:42:16</createDateTime>
    </header>
    <ns2:body>
        <ns2:item>
            <guid>1e2a2095-4283-d866-9ac7-14aea203d66e</guid>
            <ns2:explanationData>
                <ns2:guid>1e2a2095-4283-d866-9ac7-14aea203d66e</ns2:guid>
                <ns2:urlOOS>https://zakupki.gov.ru/223/purchase/private/purchase/explanation/details.html?explanationId=309208</ns2:urlOOS>
                <ns2:description>Grant Number: 9520145-NAI</ns2:description>
                <ns2:requestSubjectInfo>Здравствуйте.
Лицензия на ПО McAfee Data Loss Prevention Endpoint: MFE Data Loss Prvtn Endpoint 1Year G[P+] D 251-500 ProtectPLUS 1Year Gold Software Support Standard Offering (краткое наименование лицензии: MFE Data Loss Prvtn Endpoint 1 YR G[P+]); срок действия: 1 год  - это продления поддержки к имеющейся лицензии.

Для расчета стоимости продукта прошу предоставить прошлую pdf-лицензию или Grand Number.
Спасибо.</ns2:requestSubjectInfo>
                <ns2:requestDate>2017-03-27T10:45:06</ns2:requestDate>
                <ns2:status>P</ns2:status>
                <ns2:creationDate>2017-03-27T16:36:21</ns2:creationDate>
                <ns2:modificationDate>2017-03-27T16:42:16</ns2:modificationDate>
                <ns2:decisionDate>2017-03-27T14:36:21</ns2:decisionDate>
                <ns2:publishDate>2017-03-27T16:42:16</ns2:publishDate>
                <ns2:attachments>
                    <totalDocumentsCount>2</totalDocumentsCount>
                    <document>
                        <guid>5bd20685-6f5b-6937-6169-deb38a40050e</guid>
                        <createDateTime>2017-03-27T14:36:05</createDateTime>
                        <fileName>Ответ_на_запрос[1].docx</fileName>
                        <description>Ответ_на_запрос[1].docx</description>
                        <url>http://zakupki.gov.ru/223/purchase/public/download/download.html?id=30361116</url>
                    </document>
                    <document>
                        <guid>2d4f1beb-124d-efd2-9e94-bd76f86da6d5</guid>
                        <createDateTime>2017-03-27T10:44:50</createDateTime>
                        <fileName>Запрос_на_разъяснение_документации_к_процедуре[12].rtf</fileName>
                        <description>Запрос_на_разъяснение_документации_к_процедуре[12].rtf</description>
                        <url>http://zakupki.gov.ru/223/purchase/public/download/download.html?id=30361117</url>
                    </document>
                </ns2:attachments>
                <ns2:purchaseRegNum>31704931929</ns2:purchaseRegNum>
                <ns2:purchaseMethodCode>78714</ns2:purchaseMethodCode>
                <ns2:purchaseMethodName>Открытый запрос цен в электронной форме</ns2:purchaseMethodName>
                <ns2:purchaseName>Право заключения сублицензионного договора на поставку лицензий на программное обеспечение для нужд АО «ЕЭнС»</ns2:purchaseName>
                <ns2:placer>
                    <mainInfo>
                        <fullName>АКЦИОНЕРНОЕ ОБЩЕСТВО "ЕКАТЕРИНБУРГЭНЕРГОСБЫТ"</fullName>
                        <shortName>АО "ЕЭНС"</shortName>
                        <iko>56671250899667101001</iko>
                        <inn>6671250899</inn>
                        <kpp>667101001</kpp>
                        <ogrn>1086658002617</ogrn>
                        <legalAddress>620144, ОБЛ СВЕРДЛОВСКАЯ, Г ЕКАТЕРИНБУРГ, УЛ СУРИКОВА, дом ДОМ 48</legalAddress>
                        <postalAddress>620017, Свердловская Область, Екатеринбург Город, Космонавтов Проспект, дом 17, корпус а</postalAddress>
                        <phone>7-343-2157637</phone>
                        <fax>7-343-2157728</fax>
                        <email>office@eens.ru</email>
                        <okato>65401377000</okato>
                        <okpo>85023416</okpo>
                    </mainInfo>
                </ns2:placer>
                <ns2:emergency>false</ns2:emergency>
            </ns2:explanationData>
        </ns2:item>
    </ns2:body>
</ns2:explanation>
