<?xml version="1.0" encoding="UTF-8" standalone="yes"?>
<ns2:explanation xsi:schemaLocation="http://zakupki.gov.ru/223/integration/schema/TFF-5.2 http://zakupki.gov.ru/223/integration/schema/TFF-5.2/purchase.xsd" xmlns="http://zakupki.gov.ru/223fz/types/1" xmlns:ns10="http://zakupki.gov.ru/223fz/complaint/1" xmlns:ns11="http://zakupki.gov.ru/223fz/notificationIssue/1" xmlns:ns12="http://zakupki.gov.ru/223fz/purchasePlanProject/1" xmlns:ns13="http://zakupki.gov.ru/223fz/purchasePlanProjectAdditionalPosition/1" xmlns:ns14="http://zakupki.gov.ru/223fz/contract/1" xmlns:ns15="http://zakupki.gov.ru/223fz/missedNotice/1" xmlns:ns16="http://zakupki.gov.ru/223fz/reference/1" xmlns:ns17="http://zakupki.gov.ru/223fz/stopCommodity/1" xmlns:ns18="http://zakupki.gov.ru/223fz/decisionSuspension/1" xmlns:ns19="http://zakupki.gov.ru/223fz/webRequest/1" xmlns:ns2="http://zakupki.gov.ru/223fz/purchase/1" xmlns:xsi="http://www.w3.org/2001/XMLSchema-instance" xmlns:ns3="http://zakupki.gov.ru/223fz/dishonestSupplier/1" xmlns:ns4="http://zakupki.gov.ru/223fz/purchasePlanAdditionalPosition/1" xmlns:ns5="http://zakupki.gov.ru/223fz/purchasePlan/1" xmlns:ns6="http://zakupki.gov.ru/223fz/machineryListInfo/1" xmlns:ns7="http://zakupki.gov.ru/223fz/revenue/1" xmlns:ns8="http://zakupki.gov.ru/223fz/orderClauseList/1" xmlns:ns9="http://zakupki.gov.ru/223fz/disagreementProtocol/1">
    <header>
        <guid>110433f5-e2a0-41c4-b925-c2aec2a06ffa</guid>
        <createDateTime>2017-03-27T11:49:32</createDateTime>
    </header>
    <ns2:body>
        <ns2:item>
            <guid>a9898519-9276-0040-0000-58d8d1e4ea23</guid>
            <ns2:explanationData>
                <ns2:guid>a9898519-9276-0040-0000-58d8d1e4ea23</ns2:guid>
                <ns2:urlOOS>https://zakupki.gov.ru/223/purchase/private/purchase/explanation/details.html?explanationId=309085</ns2:urlOOS>
                <ns2:description>Разъяснения от 24.03.2017 13:44</ns2:description>
                <ns2:requestSubjectInfo>Запрос:
Здравствуйте!
Просьба уточнить:
п.1. Заземление  ЗПЛ -10 S35 c ШИ-10-5-6.6 - необходим комплект для работы с земли без указателя?
п.5. Заземление ЗПЛ-10/25 с ШЭУ 10-5-6.6 - необходим комплект для работы с земли без указателя?
Или данные позиции считать как заземление для работы на ВЛ с опоры?

Спасибо
С уважением,

Разъяснения:
Добрый день! По п.1, п.5 Приложения 1 к ТЗ заземления должны иметь комплект для установки с земли с указателем.</ns2:requestSubjectInfo>
                <ns2:requestDate>2017-03-24T15:44:31</ns2:requestDate>
                <ns2:status>P</ns2:status>
                <ns2:creationDate>2017-03-27T15:48:02</ns2:creationDate>
                <ns2:modificationDate>2017-03-27T13:49:32</ns2:modificationDate>
                <ns2:decisionDate>2017-03-27T13:47:06</ns2:decisionDate>
                <ns2:publishDate>2017-03-27T13:49:32</ns2:publishDate>
                <ns2:attachments>
                    <totalDocumentsCount>1</totalDocumentsCount>
                    <document>
                        <guid>a9898519-9276-0040-0000-58d8d1e4ea23</guid>
                        <createDateTime>2017-03-24T15:44:31</createDateTime>
                        <fileName>текст разъяснения.doc</fileName>
                        <description>текст разъяснения.doc</description>
                        <url>http://zakupki.gov.ru/223/purchase/public/download/download.html?id=30352667</url>
                    </document>
                </ns2:attachments>
                <ns2:purchaseRegNum>31704884168</ns2:purchaseRegNum>
                <ns2:purchaseMethodCode>142986</ns2:purchaseMethodCode>
                <ns2:purchaseMethodName>Запрос цен по результатам открытой конкурентной процедуры</ns2:purchaseMethodName>
                <ns2:purchaseName>право заключения договоров на поставку СИЗ (заземлений, клещей, штанг и т.д.) для обеспечения производственной программы ОАО «МРСК Урала»-«Свердловэнерго» во 2 квартале 2017г. (793952)</ns2:purchaseName>
                <ns2:placer>
                    <mainInfo>
                        <fullName>Открытое акционерное общество "Межрегиональная распределительная сетевая компания Урала"</fullName>
                        <shortName>ОАО "МРСК Урала"</shortName>
                        <iko>56671163413667201001</iko>
                        <inn>6671163413</inn>
                        <kpp>667201001</kpp>
                        <ogrn>1056604000970</ogrn>
                        <legalAddress>620026, Свердловская, Екатеринбург, Мамина-Сибиряка, дом 140</legalAddress>
                        <postalAddress>620026, Свердловская область, Екатеринбург, Мамина-Сибиряка, дом 140 </postalAddress>
                        <phone>7-343-2152600</phone>
                        <fax>7-343-2152661</fax>
                        <email>mrsk@mrsk-ural.ru</email>
                        <okato>65401000000</okato>
                        <okpo>76507836</okpo>
                    </mainInfo>
                </ns2:placer>
                <ns2:emergency>false</ns2:emergency>
            </ns2:explanationData>
        </ns2:item>
    </ns2:body>
</ns2:explanation>
