<?xml version="1.0" encoding="UTF-8" standalone="yes"?>
<ns2:explanation xsi:schemaLocation="http://zakupki.gov.ru/223/integration/schema/TFF-5.2 http://zakupki.gov.ru/223/integration/schema/TFF-5.2/purchase.xsd" xmlns="http://zakupki.gov.ru/223fz/types/1" xmlns:ns10="http://zakupki.gov.ru/223fz/complaint/1" xmlns:ns11="http://zakupki.gov.ru/223fz/notificationIssue/1" xmlns:ns12="http://zakupki.gov.ru/223fz/purchasePlanProject/1" xmlns:ns13="http://zakupki.gov.ru/223fz/purchasePlanProjectAdditionalPosition/1" xmlns:ns14="http://zakupki.gov.ru/223fz/contract/1" xmlns:ns15="http://zakupki.gov.ru/223fz/missedNotice/1" xmlns:ns16="http://zakupki.gov.ru/223fz/reference/1" xmlns:ns17="http://zakupki.gov.ru/223fz/stopCommodity/1" xmlns:ns18="http://zakupki.gov.ru/223fz/decisionSuspension/1" xmlns:ns19="http://zakupki.gov.ru/223fz/webRequest/1" xmlns:ns2="http://zakupki.gov.ru/223fz/purchase/1" xmlns:xsi="http://www.w3.org/2001/XMLSchema-instance" xmlns:ns3="http://zakupki.gov.ru/223fz/dishonestSupplier/1" xmlns:ns4="http://zakupki.gov.ru/223fz/purchasePlanAdditionalPosition/1" xmlns:ns5="http://zakupki.gov.ru/223fz/purchasePlan/1" xmlns:ns6="http://zakupki.gov.ru/223fz/machineryListInfo/1" xmlns:ns7="http://zakupki.gov.ru/223fz/revenue/1" xmlns:ns8="http://zakupki.gov.ru/223fz/orderClauseList/1" xmlns:ns9="http://zakupki.gov.ru/223fz/disagreementProtocol/1">
    <header>
        <guid>99808178-aad7-4de9-a0d0-972d726fac45</guid>
        <createDateTime>2017-03-27T09:07:34</createDateTime>
    </header>
    <ns2:body>
        <ns2:item>
            <guid>a9898519-8975-0040-0000-58d8ab1a7efc</guid>
            <ns2:explanationData>
                <ns2:guid>a9898519-8975-0040-0000-58d8ab1a7efc</ns2:guid>
                <ns2:urlOOS>https://zakupki.gov.ru/223/purchase/private/purchase/explanation/details.html?explanationId=308941</ns2:urlOOS>
                <ns2:description>Разъяснения от 23.03.2017 14:38</ns2:description>
                <ns2:requestSubjectInfo>Запрос:
Добрый день, просим уточнить будет ли монтироваться ДГУ, т.к. в РД нет монтажной электрической схемы подключения, хотя проектом прописано подключение ДГУ к секции № 2 КРУН.

Разъяснения:
Проектом предусмотрен только демонтаж существующего ДГУ, установленного на 1 секции 10 кВ.</ns2:requestSubjectInfo>
                <ns2:requestDate>2017-03-23T16:38:52</ns2:requestDate>
                <ns2:status>P</ns2:status>
                <ns2:creationDate>2017-03-27T13:03:02</ns2:creationDate>
                <ns2:modificationDate>2017-03-27T11:07:34</ns2:modificationDate>
                <ns2:decisionDate>2017-03-27T11:01:40</ns2:decisionDate>
                <ns2:publishDate>2017-03-27T11:07:34</ns2:publishDate>
                <ns2:attachments>
                    <totalDocumentsCount>1</totalDocumentsCount>
                    <document>
                        <guid>a9898519-8975-0040-0000-58d8ab1a7efc</guid>
                        <createDateTime>2017-03-23T16:38:52</createDateTime>
                        <fileName>текст разъяснения.doc</fileName>
                        <description>текст разъяснения.doc</description>
                        <url>http://zakupki.gov.ru/223/purchase/public/download/download.html?id=30343480</url>
                    </document>
                </ns2:attachments>
                <ns2:purchaseRegNum>31704895019</ns2:purchaseRegNum>
                <ns2:purchaseMethodCode>2908</ns2:purchaseMethodCode>
                <ns2:purchaseMethodName>открытый одноэтапный конкурс</ns2:purchaseMethodName>
                <ns2:purchaseName>Право заключения договора подряда на выполнение  демонтажных, строительно-монтажных и пусконаладочных работ по объекту инвестиционной программы 2017г.: «Реконструкция ПС 110кВ Верховино. Замена КРУН-10кВ» Производственное отделение «Талицкие электрические сети» филиала ОАО «МРСК Урала» - «Свердловэнерго». (795509)</ns2:purchaseName>
                <ns2:placer>
                    <mainInfo>
                        <fullName>Открытое акционерное общество "Межрегиональная распределительная сетевая компания Урала"</fullName>
                        <shortName>ОАО "МРСК Урала"</shortName>
                        <iko>56671163413667201001</iko>
                        <inn>6671163413</inn>
                        <kpp>667201001</kpp>
                        <ogrn>1056604000970</ogrn>
                        <legalAddress>620026, Свердловская, Екатеринбург, Мамина-Сибиряка, дом 140</legalAddress>
                        <postalAddress>620026, Свердловская область, Екатеринбург, Мамина-Сибиряка, дом 140 </postalAddress>
                        <phone>7-343-2152600</phone>
                        <fax>7-343-2152661</fax>
                        <email>mrsk@mrsk-ural.ru</email>
                        <okato>65401000000</okato>
                        <okpo>76507836</okpo>
                    </mainInfo>
                </ns2:placer>
                <ns2:emergency>false</ns2:emergency>
            </ns2:explanationData>
        </ns2:item>
    </ns2:body>
</ns2:explanation>
