<?xml version="1.0" encoding="UTF-8" standalone="yes"?>
<ns2:orderClause xsi:schemaLocation="http://zakupki.gov.ru/223/integration/schema/TFF-5.2 http://zakupki.gov.ru/223/integration/schema/TFF-5.2/orderClause.xsd" xmlns="http://zakupki.gov.ru/223fz/types/1" xmlns:ns10="http://zakupki.gov.ru/223fz/purchasePlanProject/1" xmlns:ns11="http://zakupki.gov.ru/223fz/purchase/1" xmlns:ns12="http://zakupki.gov.ru/223fz/purchasePlanProjectAdditionalPosition/1" xmlns:ns13="http://zakupki.gov.ru/223fz/contract/1" xmlns:ns14="http://zakupki.gov.ru/223fz/missedNotice/1" xmlns:ns15="http://zakupki.gov.ru/223fz/reference/1" xmlns:ns16="http://zakupki.gov.ru/223fz/stopCommodity/1" xmlns:ns17="http://zakupki.gov.ru/223fz/decisionSuspension/1" xmlns:ns18="http://zakupki.gov.ru/223fz/purchasePlanAdditionalPosition/1" xmlns:ns19="http://zakupki.gov.ru/223fz/webRequest/1" xmlns:ns2="http://zakupki.gov.ru/223fz/orderClauseList/1" xmlns:xsi="http://www.w3.org/2001/XMLSchema-instance" xmlns:ns3="http://zakupki.gov.ru/223fz/dishonestSupplier/1" xmlns:ns4="http://zakupki.gov.ru/223fz/machineryListInfo/1" xmlns:ns5="http://zakupki.gov.ru/223fz/revenue/1" xmlns:ns6="http://zakupki.gov.ru/223fz/disagreementProtocol/1" xmlns:ns7="http://zakupki.gov.ru/223fz/complaint/1" xmlns:ns8="http://zakupki.gov.ru/223fz/notificationIssue/1" xmlns:ns9="http://zakupki.gov.ru/223fz/purchasePlan/1">
    <header>
        <guid>bb6f8680-76c2-4ebc-b305-64edbe4a078d</guid>
        <createDateTime>2017-03-17T10:44:41</createDateTime>
    </header>
    <ns2:body>
        <ns2:item>
            <guid>e3de4482-703e-4a62-a66b-79913be5480e</guid>
            <ns2:orderClauseData>
                <ns2:guid>e3de4482-703e-4a62-a66b-79913be5480e</ns2:guid>
                <ns2:createDateTime>2017-03-16T11:19:42</ns2:createDateTime>
                <ns2:urlOOS>https://zakupki.gov.ru/223/clause/private/order-clause/info/common-info.html?clauseInfoId=279793</ns2:urlOOS>
                <ns2:customer>
                    <mainInfo>
                        <fullName>МУНИЦИПАЛЬНОЕ АВТОНОМНОЕ ОБЩЕОБРАЗОВАТЕЛЬНОЕ УЧРЕЖДЕНИЕ ПОЛЕВСКОГО ГОРОДСКОГО ОКРУГА "ПОЛИТЕХНИЧЕСКИЙ ЛИЦЕЙ №21 "ЭРУДИТ"</fullName>
                        <shortName>МАОУ ПГО "ПОЛИТЕХНИЧЕСКИЙ ЛИЦЕЙ № 21" "ЭРУДИТ"</shortName>
                        <iko>86626009554662601001</iko>
                        <inn>6626009554</inn>
                        <kpp>662601001</kpp>
                        <ogrn>1026601606833</ogrn>
                        <legalAddress>623380, обл СВЕРДЛОВСКАЯ, г ПОЛЕВСКОЙ, мкр ЗЕЛЕНЫЙ БОР-1, дом ВЛАДЕНИЕ 26</legalAddress>
                        <postalAddress>623382 Свердловская область, г. Полевской, микрорайон Зеленый Бор-1, д.26</postalAddress>
                        <phone>7-34350-35978</phone>
                        <fax>7-34350-40551</fax>
                        <email>elenav8142@mail.ru</email>
                        <okato>65482000000</okato>
                        <okpo>45611698</okpo>
                    </mainInfo>
                </ns2:customer>
                <ns2:placer>
                    <mainInfo>
                        <fullName>МУНИЦИПАЛЬНОЕ АВТОНОМНОЕ ОБЩЕОБРАЗОВАТЕЛЬНОЕ УЧРЕЖДЕНИЕ ПОЛЕВСКОГО ГОРОДСКОГО ОКРУГА "ПОЛИТЕХНИЧЕСКИЙ ЛИЦЕЙ №21 "ЭРУДИТ"</fullName>
                        <shortName>МАОУ ПГО "ПОЛИТЕХНИЧЕСКИЙ ЛИЦЕЙ № 21" "ЭРУДИТ"</shortName>
                        <iko>86626009554662601001</iko>
                        <inn>6626009554</inn>
                        <kpp>662601001</kpp>
                        <ogrn>1026601606833</ogrn>
                        <legalAddress>623380, обл СВЕРДЛОВСКАЯ, г ПОЛЕВСКОЙ, мкр ЗЕЛЕНЫЙ БОР-1, дом ВЛАДЕНИЕ 26</legalAddress>
                        <postalAddress>623382 Свердловская область, г. Полевской, микрорайон Зеленый Бор-1, д.26</postalAddress>
                        <phone>7-34350-35978</phone>
                        <fax>7-34350-40551</fax>
                        <email>elenav8142@mail.ru</email>
                        <okato>65482000000</okato>
                        <okpo>45611698</okpo>
                    </mainInfo>
                </ns2:placer>
                <ns2:status>P</ns2:status>
                <ns2:version>3</ns2:version>
                <ns2:name>ПОЛОЖЕНИЕ о закупках товаров, работ, услуг для нужд Муниципального автономного общеобразовательного учреждения Полевского городского округа "Политехнический лицей №21 "Эрудит"</ns2:name>
                <ns2:registrationNumber>1140056852</ns2:registrationNumber>
                <ns2:modificationDescription>Протокол №1 от 16.03.2017</ns2:modificationDescription>
                <ns2:approveDate>2017-03-16</ns2:approveDate>
                <ns2:effectiveDate>2017-04-06</ns2:effectiveDate>
                <ns2:approverName>Директор МАОУ ПГО "Политехнический лицей №21 "Эрудит"</ns2:approverName>
                <ns2:purchaseMethod>
                    <ns2:purchaseMethodCode>3363</ns2:purchaseMethodCode>
                    <ns2:purchaseMethodName>Закупка у единственного поставщика (исполнителя, подрядчика)</ns2:purchaseMethodName>
                    <ns2:digitalPurchase>false</ns2:digitalPurchase>
                </ns2:purchaseMethod>
                <ns2:purchaseMethod>
                    <ns2:purchaseMethodCode>3362</ns2:purchaseMethodCode>
                    <ns2:purchaseMethodName>Запрос котировок</ns2:purchaseMethodName>
                    <ns2:digitalPurchase>false</ns2:digitalPurchase>
                </ns2:purchaseMethod>
                <ns2:purchaseMethod>
                    <ns2:purchaseMethodCode>3361</ns2:purchaseMethodCode>
                    <ns2:purchaseMethodName>Открытый аукцион в электронной форме</ns2:purchaseMethodName>
                    <ns2:digitalPurchase>true</ns2:digitalPurchase>
                </ns2:purchaseMethod>
                <ns2:purchaseMethod>
                    <ns2:purchaseMethodCode>3359</ns2:purchaseMethodCode>
                    <ns2:purchaseMethodName>Открытый конкурс</ns2:purchaseMethodName>
                    <ns2:digitalPurchase>false</ns2:digitalPurchase>
                </ns2:purchaseMethod>
                <ns2:publicationDateTime>2017-03-17T12:44:15</ns2:publicationDateTime>
                <ns2:attachments>
                    <totalDocumentsCount>4</totalDocumentsCount>
                    <document>
                        <guid>cae210a1-072b-4938-bb01-55fbe52a6d93</guid>
                        <createDateTime>2016-09-08T15:02:06</createDateTime>
                        <fileName>Приказ об утверждении положения о закупках.pdf</fileName>
                        <description>Приказ об утверждении положения о закупках</description>
                        <url>http://zakupki.gov.ru/223/clause/public/download/download.html?id=950951</url>
                    </document>
                    <document>
                        <guid>51939fdb-85d6-4827-b36b-a46c7e76cfe9</guid>
                        <createDateTime>2016-09-08T15:03:05</createDateTime>
                        <fileName>Положение_о_закупках_МАОУ_ПГО_Политехнический_лицей_№21_Эрудит.PDF</fileName>
                        <description>Положение_о_закупках_МАОУ_ПГО_Политехнический_лицей_№21_Эрудит</description>
                        <url>http://zakupki.gov.ru/223/clause/public/download/download.html?id=950952</url>
                    </document>
                    <document>
                        <guid>cc2bedc1-aeb4-452e-b883-ac20463754ce</guid>
                        <createDateTime>2017-03-16T09:22:25</createDateTime>
                        <fileName>Протокол №1.pdf</fileName>
                        <description>Протокол №1</description>
                        <url>http://zakupki.gov.ru/223/clause/public/download/download.html?id=950957</url>
                    </document>
                    <document>
                        <guid>5623640a-7a72-4ea6-9e4e-b64f5f4c260b</guid>
                        <createDateTime>2017-03-16T09:22:41</createDateTime>
                        <fileName>Изменения в Положение о закупке товаров, работ, услуг.pdf</fileName>
                        <description>Изменения в Положение о закупке товаров, работ, услуг</description>
                        <url>http://zakupki.gov.ru/223/clause/public/download/download.html?id=950958</url>
                    </document>
                </ns2:attachments>
            </ns2:orderClauseData>
        </ns2:item>
    </ns2:body>
</ns2:orderClause>
