<?xml version="1.0" encoding="UTF-8" standalone="yes"?>
<ns2:orderClause xsi:schemaLocation="http://zakupki.gov.ru/223/integration/schema/TFF-5.2 http://zakupki.gov.ru/223/integration/schema/TFF-5.2/orderClause.xsd" xmlns="http://zakupki.gov.ru/223fz/types/1" xmlns:ns10="http://zakupki.gov.ru/223fz/purchasePlanProject/1" xmlns:ns11="http://zakupki.gov.ru/223fz/purchase/1" xmlns:ns12="http://zakupki.gov.ru/223fz/purchasePlanProjectAdditionalPosition/1" xmlns:ns13="http://zakupki.gov.ru/223fz/contract/1" xmlns:ns14="http://zakupki.gov.ru/223fz/missedNotice/1" xmlns:ns15="http://zakupki.gov.ru/223fz/reference/1" xmlns:ns16="http://zakupki.gov.ru/223fz/stopCommodity/1" xmlns:ns17="http://zakupki.gov.ru/223fz/decisionSuspension/1" xmlns:ns18="http://zakupki.gov.ru/223fz/purchasePlanAdditionalPosition/1" xmlns:ns19="http://zakupki.gov.ru/223fz/webRequest/1" xmlns:ns2="http://zakupki.gov.ru/223fz/orderClauseList/1" xmlns:xsi="http://www.w3.org/2001/XMLSchema-instance" xmlns:ns3="http://zakupki.gov.ru/223fz/dishonestSupplier/1" xmlns:ns4="http://zakupki.gov.ru/223fz/machineryListInfo/1" xmlns:ns5="http://zakupki.gov.ru/223fz/revenue/1" xmlns:ns6="http://zakupki.gov.ru/223fz/disagreementProtocol/1" xmlns:ns7="http://zakupki.gov.ru/223fz/complaint/1" xmlns:ns8="http://zakupki.gov.ru/223fz/notificationIssue/1" xmlns:ns9="http://zakupki.gov.ru/223fz/purchasePlan/1">
    <header>
        <guid>7385fbdd-d0ee-4418-9a31-d5392a58840e</guid>
        <createDateTime>2017-03-17T12:14:03</createDateTime>
    </header>
    <ns2:body>
        <ns2:item>
            <guid>118092c1-d926-4d30-8524-6cb59778123a</guid>
            <ns2:orderClauseData>
                <ns2:guid>118092c1-d926-4d30-8524-6cb59778123a</ns2:guid>
                <ns2:createDateTime>2017-03-17T14:00:22</ns2:createDateTime>
                <ns2:urlOOS>https://zakupki.gov.ru/223/clause/private/order-clause/info/common-info.html?clauseInfoId=279989</ns2:urlOOS>
                <ns2:customer>
                    <mainInfo>
                        <fullName>ГОСУДАРСТВЕННОЕ АВТОНОМНОЕ ПРОФЕССИОНАЛЬНОЕ ОБРАЗОВАТЕЛЬНОЕ УЧРЕЖДЕНИЕ СВЕРДЛОВСКОЙ ОБЛАСТИ "КАМЕНСК-УРАЛЬСКИЙ ПОЛИТЕХНИЧЕСКИЙ КОЛЛЕДЖ"</fullName>
                        <shortName>ГАПОУ СО "КУПК"</shortName>
                        <iko>56665002425661201001</iko>
                        <inn>6665002425</inn>
                        <kpp>661201001</kpp>
                        <ogrn>1026600935570</ogrn>
                        <legalAddress>623408, обл СВЕРДЛОВСКАЯ, г КАМЕНСК-УРАЛЬСКИЙ, ул АЛЮМИНИЕВАЯ, дом 60</legalAddress>
                        <postalAddress>623408, Свердловская Область, Каменск-Уральский Город, Алюминиевая Улица, дом 60</postalAddress>
                        <phone>7-3439-306551</phone>
                        <fax>7-3439-306630</fax>
                        <email>kupc@yandex.ru</email>
                        <okato>65436000000</okato>
                        <okpo>00200689</okpo>
                    </mainInfo>
                </ns2:customer>
                <ns2:placer>
                    <mainInfo>
                        <fullName>ГОСУДАРСТВЕННОЕ АВТОНОМНОЕ ПРОФЕССИОНАЛЬНОЕ ОБРАЗОВАТЕЛЬНОЕ УЧРЕЖДЕНИЕ СВЕРДЛОВСКОЙ ОБЛАСТИ "КАМЕНСК-УРАЛЬСКИЙ ПОЛИТЕХНИЧЕСКИЙ КОЛЛЕДЖ"</fullName>
                        <shortName>ГАПОУ СО "КУПК"</shortName>
                        <iko>56665002425661201001</iko>
                        <inn>6665002425</inn>
                        <kpp>661201001</kpp>
                        <ogrn>1026600935570</ogrn>
                        <legalAddress>623408, обл СВЕРДЛОВСКАЯ, г КАМЕНСК-УРАЛЬСКИЙ, ул АЛЮМИНИЕВАЯ, дом 60</legalAddress>
                        <postalAddress>623408, Свердловская Область, Каменск-Уральский Город, Алюминиевая Улица, дом 60</postalAddress>
                        <phone>7-3439-306551</phone>
                        <fax>7-3439-306630</fax>
                        <email>kupc@yandex.ru</email>
                        <okato>65436000000</okato>
                        <okpo>00200689</okpo>
                    </mainInfo>
                </ns2:placer>
                <ns2:status>P</ns2:status>
                <ns2:version>4</ns2:version>
                <ns2:name>Положение о закупках товаров, работ, услуг государственного автономного профессионального  образовательного учреждения  Свердловской области "Каменск-Уральский политехнический колледж"</ns2:name>
                <ns2:registrationNumber>1130027240</ns2:registrationNumber>
                <ns2:modificationDescription>Подготовлена новая редакция Положения о закупке товаров, работ, услуг  в связи с изменениями действующего законодательства в сфере осуществления закупочной деятельности отдельными категориями юридических лиц</ns2:modificationDescription>
                <ns2:approveDate>2017-03-15</ns2:approveDate>
                <ns2:effectiveDate>2017-03-15</ns2:effectiveDate>
                <ns2:approverName>Наблюдательный совет</ns2:approverName>
                <ns2:contractSignProcedure>           </ns2:contractSignProcedure>
                <ns2:purchaseMethod>
                    <ns2:purchaseMethodCode>141064</ns2:purchaseMethodCode>
                    <ns2:purchaseMethodName>Конкурс</ns2:purchaseMethodName>
                    <ns2:digitalPurchase>false</ns2:digitalPurchase>
                    <ns2:conditionsOfUse>Конкурс проводится в случае, когда в процессе закупки первоочередное значение придается оценке квалификации и опыта поставщиков (исполнителей, подрядчиков), либо условиям поставки (работ, услуг), условиям исполнения договора, а также при закупке узкоспециализированных товаров (работ, услуг), продукции высоких технологий, сложной техники, сложных или дорогостоящих товаров (работ, услуг).</ns2:conditionsOfUse>
                </ns2:purchaseMethod>
                <ns2:purchaseMethod>
                    <ns2:purchaseMethodCode>54827</ns2:purchaseMethodCode>
                    <ns2:purchaseMethodName>Запрос котировок в электронной форме</ns2:purchaseMethodName>
                    <ns2:digitalPurchase>true</ns2:digitalPurchase>
                    <ns2:conditionsOfUse>Запрос котировок   в электронной формепроводится при наличии одновременно следующих условий:закупка продукции производится не по конкретным заявкам заказчика, для продукции есть функционирующий рынок,продукцию можно сравнивать только по ценам.В случае закупки товаров, работ, услуг, включенных в перечень, предусмотренный пунктом 51  Положения.</ns2:conditionsOfUse>
                </ns2:purchaseMethod>
                <ns2:purchaseMethod>
                    <ns2:purchaseMethodCode>3363</ns2:purchaseMethodCode>
                    <ns2:purchaseMethodName>Закупка у единственного поставщика (исполнителя, подрядчика)</ns2:purchaseMethodName>
                    <ns2:digitalPurchase>false</ns2:digitalPurchase>
                    <ns2:conditionsOfUse>Закупка у единственного поставщика, исполнителя, подрядчика производится при возникновении вследствие срочной потребности в товарах (работах, услугах) или их наличия только у одного поставщика (исполнителя, подрядчика), при отсутствии конкуренции поставщиков, при преемственности незначительной закупки в целях совместимости с первоначальной закупкой, а также в случаях, когда процедура закупки была признана несостоявшейся и допускается возможность заключения договора с единственным участником процедуры закупки.</ns2:conditionsOfUse>
                </ns2:purchaseMethod>
                <ns2:purchaseMethod>
                    <ns2:purchaseMethodCode>3362</ns2:purchaseMethodCode>
                    <ns2:purchaseMethodName>Запрос котировок</ns2:purchaseMethodName>
                    <ns2:digitalPurchase>false</ns2:digitalPurchase>
                    <ns2:conditionsOfUse>Запрос котировок   проводится при наличии одновременно следующих условий: закупка продукции производится не по конкретным заявкам заказчика, для продукции есть функционирующий рынок, продукцию можно сравнивать только по ценам.</ns2:conditionsOfUse>
                </ns2:purchaseMethod>
                <ns2:purchaseMethod>
                    <ns2:purchaseMethodCode>141067</ns2:purchaseMethodCode>
                    <ns2:purchaseMethodName>Аукцион</ns2:purchaseMethodName>
                    <ns2:digitalPurchase>false</ns2:digitalPurchase>
                    <ns2:conditionsOfUse>Аукцион  проводится в случае, когда в процессе закупки первоочередное значение придается наиболее низкой цене закупки товаров, работ, услуг.</ns2:conditionsOfUse>
                </ns2:purchaseMethod>
                <ns2:purchaseMethod>
                    <ns2:purchaseMethodCode>141073</ns2:purchaseMethodCode>
                    <ns2:purchaseMethodName>Запрос предложений</ns2:purchaseMethodName>
                    <ns2:digitalPurchase>false</ns2:digitalPurchase>
                    <ns2:conditionsOfUse>Запрос предложений проводится в случае,  когда планируемая стоимость закупки не превышает одного миллиона рублей и на проведение конкурса нет времени или его проведение нецелесообразно по каким-то иным веским причинам, а сложность продукции или условий ее поставки не допускают проведения запроса котировок.</ns2:conditionsOfUse>
                </ns2:purchaseMethod>
                <ns2:purchaseMethod>
                    <ns2:purchaseMethodCode>141066</ns2:purchaseMethodCode>
                    <ns2:purchaseMethodName>Конкурс в электронной форме</ns2:purchaseMethodName>
                    <ns2:digitalPurchase>true</ns2:digitalPurchase>
                    <ns2:conditionsOfUse>Конкурс проводится в случае, когда в процессе закупки первоочередное значение придается оценке квалификации и опыта поставщиков (исполнителей, подрядчиков), либо условиям поставки (работ, услуг), условиям исполнения договора, а также при закупке узкоспециализированных товаров (работ, услуг), продукции высоких технологий, сложной техники, сложных или дорогостоящих товаров (работ, услуг).</ns2:conditionsOfUse>
                </ns2:purchaseMethod>
                <ns2:purchaseMethod>
                    <ns2:purchaseMethodCode>141068</ns2:purchaseMethodCode>
                    <ns2:purchaseMethodName>Аукцион в электронной форме</ns2:purchaseMethodName>
                    <ns2:digitalPurchase>true</ns2:digitalPurchase>
                    <ns2:conditionsOfUse>. Аукцион  в электронной форме проводится в случае, когда в процессе закупки первоочередное значение придается наиболее низкой цене закупки товаров, работ, услуг. В случае закупки товаров, работ, услуг, включенных в перечень, предусмотренный пунктом 51  Положения.</ns2:conditionsOfUse>
                </ns2:purchaseMethod>
                <ns2:purchaseMethod>
                    <ns2:purchaseMethodCode>141075</ns2:purchaseMethodCode>
                    <ns2:purchaseMethodName>Запрос предложений в электронной форме</ns2:purchaseMethodName>
                    <ns2:digitalPurchase>true</ns2:digitalPurchase>
                    <ns2:conditionsOfUse>Запрос  предложений в электронной форме проводится в случае,  когда планируемая стоимость закупки не превышает одного миллиона рублей и на проведение конкурса нет времени или его проведение нецелесообразно по каким-то иным веским причинам, а сложность продукции или условий ее поставки не допускают проведения запроса котировок.В случае закупки товаров, работ, услуг, включенных в перечень, предусмотренный пунктом 51  Положения.</ns2:conditionsOfUse>
                </ns2:purchaseMethod>
                <ns2:publicationDateTime>2017-03-17T14:13:00</ns2:publicationDateTime>
                <ns2:attachments>
                    <totalDocumentsCount>3</totalDocumentsCount>
                    <document>
                        <guid>a503c288-7ebf-4e8d-9988-fbf120bde22c</guid>
                        <createDateTime>2017-03-17T12:02:19</createDateTime>
                        <fileName>положение купк - редакция новая 15.03.2017.docx</fileName>
                        <description>положение купк - редакция новая 15.03.2017</description>
                        <url>http://zakupki.gov.ru/223/clause/public/download/download.html?id=951683</url>
                    </document>
                    <document>
                        <guid>96c4e750-5600-4434-9455-bb837c0a08fe</guid>
                        <createDateTime>2017-03-17T12:02:34</createDateTime>
                        <fileName>Перечень изменений в Положение  от 15.03.2017.docx</fileName>
                        <description>Перечень изменений в Положение  от 15.03.2017</description>
                        <url>http://zakupki.gov.ru/223/clause/public/download/download.html?id=951684</url>
                    </document>
                    <document>
                        <guid>ad923833-1e72-4493-8a29-61327370f114</guid>
                        <createDateTime>2017-03-17T12:02:43</createDateTime>
                        <fileName>НС 25.doc.pdf</fileName>
                        <description>НС 25.doc</description>
                        <url>http://zakupki.gov.ru/223/clause/public/download/download.html?id=951685</url>
                    </document>
                </ns2:attachments>
            </ns2:orderClauseData>
        </ns2:item>
    </ns2:body>
</ns2:orderClause>
