<?xml version="1.0" encoding="UTF-8" standalone="yes"?>
<ns2:orderClause xsi:schemaLocation="http://zakupki.gov.ru/223/integration/schema/TFF-5.2 http://zakupki.gov.ru/223/integration/schema/TFF-5.2/orderClause.xsd" xmlns="http://zakupki.gov.ru/223fz/types/1" xmlns:ns10="http://zakupki.gov.ru/223fz/purchasePlanProject/1" xmlns:ns11="http://zakupki.gov.ru/223fz/purchase/1" xmlns:ns12="http://zakupki.gov.ru/223fz/purchasePlanProjectAdditionalPosition/1" xmlns:ns13="http://zakupki.gov.ru/223fz/contract/1" xmlns:ns14="http://zakupki.gov.ru/223fz/missedNotice/1" xmlns:ns15="http://zakupki.gov.ru/223fz/reference/1" xmlns:ns16="http://zakupki.gov.ru/223fz/stopCommodity/1" xmlns:ns17="http://zakupki.gov.ru/223fz/decisionSuspension/1" xmlns:ns18="http://zakupki.gov.ru/223fz/purchasePlanAdditionalPosition/1" xmlns:ns19="http://zakupki.gov.ru/223fz/webRequest/1" xmlns:ns2="http://zakupki.gov.ru/223fz/orderClauseList/1" xmlns:xsi="http://www.w3.org/2001/XMLSchema-instance" xmlns:ns3="http://zakupki.gov.ru/223fz/dishonestSupplier/1" xmlns:ns4="http://zakupki.gov.ru/223fz/machineryListInfo/1" xmlns:ns5="http://zakupki.gov.ru/223fz/revenue/1" xmlns:ns6="http://zakupki.gov.ru/223fz/disagreementProtocol/1" xmlns:ns7="http://zakupki.gov.ru/223fz/complaint/1" xmlns:ns8="http://zakupki.gov.ru/223fz/notificationIssue/1" xmlns:ns9="http://zakupki.gov.ru/223fz/purchasePlan/1">
    <header>
        <guid>e199ef9d-868a-4c80-ba45-aad1a5fc5e02</guid>
        <createDateTime>2017-03-17T16:11:41</createDateTime>
    </header>
    <ns2:body>
        <ns2:item>
            <guid>62d9879b-3b08-49ad-8f1a-73b1ebfad57d</guid>
            <ns2:orderClauseData>
                <ns2:guid>62d9879b-3b08-49ad-8f1a-73b1ebfad57d</ns2:guid>
                <ns2:createDateTime>2017-03-17T18:06:23</ns2:createDateTime>
                <ns2:urlOOS>https://zakupki.gov.ru/223/clause/private/order-clause/info/common-info.html?clauseInfoId=280048</ns2:urlOOS>
                <ns2:customer>
                    <mainInfo>
                        <fullName>АКЦИОНЕРНОЕ ОБЩЕСТВО "УРАЛЬСКИЙ УНИВЕРСИТЕТСКИЙ КОМПЛЕКС"</fullName>
                        <shortName>АО "УУК"</shortName>
                        <iko>56670175818667101001</iko>
                        <inn>6670175818</inn>
                        <kpp>667101001</kpp>
                        <ogrn>1076670017380</ogrn>
                        <legalAddress>620014, ОБЛ СВЕРДЛОВСКАЯ, Г ЕКАТЕРИНБУРГ, УЛ 8 МАРТА, дом 13, офис (квартира) ОФИС 400</legalAddress>
                        <postalAddress>620014, Свердловская Область, Екатеринбург Город, 8 Марта Улица, дом 13, офис (квартира) 400</postalAddress>
                        <phone>7-343-2279977</phone>
                        <email>uucso@mail.ru</email>
                        <okato>65401377000</okato>
                        <okpo>81787529</okpo>
                    </mainInfo>
                </ns2:customer>
                <ns2:placer>
                    <mainInfo>
                        <fullName>АКЦИОНЕРНОЕ ОБЩЕСТВО "УРАЛЬСКИЙ УНИВЕРСИТЕТСКИЙ КОМПЛЕКС"</fullName>
                        <shortName>АО "УУК"</shortName>
                        <iko>56670175818667101001</iko>
                        <inn>6670175818</inn>
                        <kpp>667101001</kpp>
                        <ogrn>1076670017380</ogrn>
                        <legalAddress>620014, ОБЛ СВЕРДЛОВСКАЯ, Г ЕКАТЕРИНБУРГ, УЛ 8 МАРТА, дом 13, офис (квартира) ОФИС 400</legalAddress>
                        <postalAddress>620014, Свердловская Область, Екатеринбург Город, 8 Марта Улица, дом 13, офис (квартира) 400</postalAddress>
                        <phone>7-343-2279977</phone>
                        <email>uucso@mail.ru</email>
                        <okato>65401377000</okato>
                        <okpo>81787529</okpo>
                    </mainInfo>
                </ns2:placer>
                <ns2:status>P</ns2:status>
                <ns2:version>6</ns2:version>
                <ns2:name>Положения о закупках товаров (работ, услуг) для нужд открытого акционерного общества "Уральский университетский комплекс"</ns2:name>
                <ns2:registrationNumber>1120000915</ns2:registrationNumber>
                <ns2:modificationDescription>протокол № 2/17 от 07.03.2017  заседания совета директоров АО "Уральский университетский комплекс"</ns2:modificationDescription>
                <ns2:approveDate>2017-03-07</ns2:approveDate>
                <ns2:effectiveDate>2017-03-17</ns2:effectiveDate>
                <ns2:approverName>Решением Совета директоров  - протокол № 2/17  от 07.03.2017</ns2:approverName>
                <ns2:contractSignProcedure>В соотвествии с положением о закупках</ns2:contractSignProcedure>
                <ns2:purchaseMethod>
                    <ns2:purchaseMethodCode>3363</ns2:purchaseMethodCode>
                    <ns2:purchaseMethodName>Закупка у единственного поставщика (исполнителя, подрядчика)</ns2:purchaseMethodName>
                    <ns2:digitalPurchase>false</ns2:digitalPurchase>
                </ns2:purchaseMethod>
                <ns2:purchaseMethod>
                    <ns2:purchaseMethodCode>3362</ns2:purchaseMethodCode>
                    <ns2:purchaseMethodName>Запрос котировок</ns2:purchaseMethodName>
                    <ns2:digitalPurchase>false</ns2:digitalPurchase>
                </ns2:purchaseMethod>
                <ns2:purchaseMethod>
                    <ns2:purchaseMethodCode>3361</ns2:purchaseMethodCode>
                    <ns2:purchaseMethodName>Открытый аукцион в электронной форме</ns2:purchaseMethodName>
                    <ns2:digitalPurchase>true</ns2:digitalPurchase>
                </ns2:purchaseMethod>
                <ns2:purchaseMethod>
                    <ns2:purchaseMethodCode>3360</ns2:purchaseMethodCode>
                    <ns2:purchaseMethodName>Открытый аукцион</ns2:purchaseMethodName>
                    <ns2:digitalPurchase>false</ns2:digitalPurchase>
                </ns2:purchaseMethod>
                <ns2:purchaseMethod>
                    <ns2:purchaseMethodCode>3359</ns2:purchaseMethodCode>
                    <ns2:purchaseMethodName>Открытый конкурс</ns2:purchaseMethodName>
                    <ns2:digitalPurchase>false</ns2:digitalPurchase>
                </ns2:purchaseMethod>
                <ns2:purchaseMethod>
                    <ns2:purchaseMethodCode>118461</ns2:purchaseMethodCode>
                    <ns2:purchaseMethodName>Открытый конкурс в электронной форме</ns2:purchaseMethodName>
                    <ns2:digitalPurchase>true</ns2:digitalPurchase>
                </ns2:purchaseMethod>
                <ns2:purchaseMethod>
                    <ns2:purchaseMethodCode>118462</ns2:purchaseMethodCode>
                    <ns2:purchaseMethodName>Запрос ценовых котировок в электронной форме</ns2:purchaseMethodName>
                    <ns2:digitalPurchase>true</ns2:digitalPurchase>
                </ns2:purchaseMethod>
                <ns2:publicationDateTime>2017-03-17T18:11:19</ns2:publicationDateTime>
                <ns2:attachments>
                    <totalDocumentsCount>2</totalDocumentsCount>
                    <document>
                        <guid>0c243431-1e36-4917-8997-20cfd3dcb638</guid>
                        <createDateTime>2017-03-17T16:09:05</createDateTime>
                        <fileName>pologenie_2017 eis1.doc</fileName>
                        <description>pologenie_2017 eis1</description>
                        <url>http://zakupki.gov.ru/223/clause/public/download/download.html?id=952006</url>
                    </document>
                    <document>
                        <guid>d858c405-2979-4555-8c70-095a77113c33</guid>
                        <createDateTime>2017-03-17T16:09:16</createDateTime>
                        <fileName>Перечень внесенных изменений.docx</fileName>
                        <description>Перечень внесенных изменений</description>
                        <url>http://zakupki.gov.ru/223/clause/public/download/download.html?id=952007</url>
                    </document>
                </ns2:attachments>
            </ns2:orderClauseData>
        </ns2:item>
    </ns2:body>
</ns2:orderClause>
