<?xml version="1.0" encoding="UTF-8" standalone="yes"?>
<ns2:orderClause xsi:schemaLocation="http://zakupki.gov.ru/223/integration/schema/TFF-5.2 http://zakupki.gov.ru/223/integration/schema/TFF-5.2/orderClause.xsd" xmlns="http://zakupki.gov.ru/223fz/types/1" xmlns:ns10="http://zakupki.gov.ru/223fz/purchasePlanProject/1" xmlns:ns11="http://zakupki.gov.ru/223fz/purchase/1" xmlns:ns12="http://zakupki.gov.ru/223fz/purchasePlanProjectAdditionalPosition/1" xmlns:ns13="http://zakupki.gov.ru/223fz/contract/1" xmlns:ns14="http://zakupki.gov.ru/223fz/missedNotice/1" xmlns:ns15="http://zakupki.gov.ru/223fz/reference/1" xmlns:ns16="http://zakupki.gov.ru/223fz/stopCommodity/1" xmlns:ns17="http://zakupki.gov.ru/223fz/decisionSuspension/1" xmlns:ns18="http://zakupki.gov.ru/223fz/purchasePlanAdditionalPosition/1" xmlns:ns19="http://zakupki.gov.ru/223fz/webRequest/1" xmlns:ns2="http://zakupki.gov.ru/223fz/orderClauseList/1" xmlns:xsi="http://www.w3.org/2001/XMLSchema-instance" xmlns:ns3="http://zakupki.gov.ru/223fz/dishonestSupplier/1" xmlns:ns4="http://zakupki.gov.ru/223fz/machineryListInfo/1" xmlns:ns5="http://zakupki.gov.ru/223fz/revenue/1" xmlns:ns6="http://zakupki.gov.ru/223fz/disagreementProtocol/1" xmlns:ns7="http://zakupki.gov.ru/223fz/complaint/1" xmlns:ns8="http://zakupki.gov.ru/223fz/notificationIssue/1" xmlns:ns9="http://zakupki.gov.ru/223fz/purchasePlan/1">
    <header>
        <guid>c32013a4-47e4-426c-b03f-d73e771b599f</guid>
        <createDateTime>2017-03-17T13:36:37</createDateTime>
    </header>
    <ns2:body>
        <ns2:item>
            <guid>d2a24f80-32d2-4656-adff-deae35afed3e</guid>
            <ns2:orderClauseData>
                <ns2:guid>d2a24f80-32d2-4656-adff-deae35afed3e</ns2:guid>
                <ns2:createDateTime>2017-03-17T15:26:36</ns2:createDateTime>
                <ns2:urlOOS>https://zakupki.gov.ru/223/clause/private/order-clause/info/common-info.html?clauseInfoId=280007</ns2:urlOOS>
                <ns2:customer>
                    <mainInfo>
                        <fullName>Муниципальное автономное общеобразовательное учреждение "Средняя общеобразовательная школа № 2"</fullName>
                        <shortName>МАОУ СОШ №2</shortName>
                        <iko>56628008997662801001</iko>
                        <inn>6628008997</inn>
                        <kpp>662801001</kpp>
                        <ogrn>1026601690664</ogrn>
                        <legalAddress>623750, Свердловская, Реж, Спортивная, дом 1, корпус а</legalAddress>
                        <postalAddress>623750, Свердловская область, город Реж, ул. Спортивная, 1а</postalAddress>
                        <phone>7-34364-21947</phone>
                        <fax>7-34364-21565</fax>
                        <email>school2rezh@mail.ru</email>
                        <okato>65486000000</okato>
                        <okpo>50312822</okpo>
                    </mainInfo>
                </ns2:customer>
                <ns2:placer>
                    <mainInfo>
                        <fullName>Муниципальное автономное общеобразовательное учреждение "Средняя общеобразовательная школа № 2"</fullName>
                        <shortName>МАОУ СОШ №2</shortName>
                        <iko>56628008997662801001</iko>
                        <inn>6628008997</inn>
                        <kpp>662801001</kpp>
                        <ogrn>1026601690664</ogrn>
                        <legalAddress>623750, Свердловская, Реж, Спортивная, дом 1, корпус а</legalAddress>
                        <postalAddress>623750, Свердловская область, город Реж, ул. Спортивная, 1а</postalAddress>
                        <phone>7-34364-21947</phone>
                        <fax>7-34364-21565</fax>
                        <email>school2rezh@mail.ru</email>
                        <okato>65486000000</okato>
                        <okpo>50312822</okpo>
                    </mainInfo>
                </ns2:placer>
                <ns2:status>P</ns2:status>
                <ns2:version>7</ns2:version>
                <ns2:name>  Положение о закупке товаров, работ, услуг для нужд муниципального автономного общеобразовательного учреждения "Средняя общеобразовательная школа № 2"</ns2:name>
                <ns2:registrationNumber>1130023697</ns2:registrationNumber>
                <ns2:modificationDescription>Опечатка на титульном листе положения о закупках товаров, работ и услуг для нужд Муниципального автономного общеобразовательного учреждения "Средняя общеобразовательная школа №2</ns2:modificationDescription>
                <ns2:approveDate>2017-01-27</ns2:approveDate>
                <ns2:effectiveDate>2017-01-27</ns2:effectiveDate>
                <ns2:approverName>Наблюдательный совет</ns2:approverName>
                <ns2:purchaseMethod>
                    <ns2:purchaseMethodCode>3363</ns2:purchaseMethodCode>
                    <ns2:purchaseMethodName>Закупка у единственного поставщика (исполнителя, подрядчика)</ns2:purchaseMethodName>
                    <ns2:digitalPurchase>false</ns2:digitalPurchase>
                </ns2:purchaseMethod>
                <ns2:purchaseMethod>
                    <ns2:purchaseMethodCode>3362</ns2:purchaseMethodCode>
                    <ns2:purchaseMethodName>Запрос котировок</ns2:purchaseMethodName>
                    <ns2:digitalPurchase>false</ns2:digitalPurchase>
                </ns2:purchaseMethod>
                <ns2:purchaseMethod>
                    <ns2:purchaseMethodCode>3361</ns2:purchaseMethodCode>
                    <ns2:purchaseMethodName>Открытый аукцион в электронной форме</ns2:purchaseMethodName>
                    <ns2:digitalPurchase>true</ns2:digitalPurchase>
                </ns2:purchaseMethod>
                <ns2:purchaseMethod>
                    <ns2:purchaseMethodCode>3360</ns2:purchaseMethodCode>
                    <ns2:purchaseMethodName>Открытый аукцион</ns2:purchaseMethodName>
                    <ns2:digitalPurchase>false</ns2:digitalPurchase>
                </ns2:purchaseMethod>
                <ns2:purchaseMethod>
                    <ns2:purchaseMethodCode>3359</ns2:purchaseMethodCode>
                    <ns2:purchaseMethodName>Открытый конкурс</ns2:purchaseMethodName>
                    <ns2:digitalPurchase>false</ns2:digitalPurchase>
                </ns2:purchaseMethod>
                <ns2:publicationDateTime>2017-03-17T15:36:11</ns2:publicationDateTime>
                <ns2:attachments>
                    <totalDocumentsCount>3</totalDocumentsCount>
                    <document>
                        <guid>bd02c19c-d768-4130-8d67-0cbdb3a8f82e</guid>
                        <createDateTime>2017-03-17T13:34:51</createDateTime>
                        <fileName>титульный лист.jpeg</fileName>
                        <description>титульный лист</description>
                        <url>http://zakupki.gov.ru/223/clause/public/download/download.html?id=951808</url>
                    </document>
                    <document>
                        <guid>94cbc265-831a-42fd-8308-2d115a9f88c2</guid>
                        <createDateTime>2017-01-27T14:49:21</createDateTime>
                        <fileName>Положение о закупках новое 2017г..docx</fileName>
                        <description>Положение о закупках новое 2017г.</description>
                        <url>http://zakupki.gov.ru/223/clause/public/download/download.html?id=951792</url>
                    </document>
                    <document>
                        <guid>086e025f-515a-458e-814a-226a72a7f1f0</guid>
                        <createDateTime>2017-03-17T13:34:29</createDateTime>
                        <fileName>приказ 44-01-12.jpeg</fileName>
                        <description>приказ 44-01-12</description>
                        <url>http://zakupki.gov.ru/223/clause/public/download/download.html?id=951807</url>
                    </document>
                </ns2:attachments>
            </ns2:orderClauseData>
        </ns2:item>
    </ns2:body>
</ns2:orderClause>
