<?xml version="1.0" encoding="UTF-8" standalone="yes"?>
<ns2:orderClause xsi:schemaLocation="http://zakupki.gov.ru/223/integration/schema/TFF-5.2 http://zakupki.gov.ru/223/integration/schema/TFF-5.2/orderClause.xsd" xmlns="http://zakupki.gov.ru/223fz/types/1" xmlns:ns10="http://zakupki.gov.ru/223fz/purchasePlanProject/1" xmlns:ns11="http://zakupki.gov.ru/223fz/purchase/1" xmlns:ns12="http://zakupki.gov.ru/223fz/purchasePlanProjectAdditionalPosition/1" xmlns:ns13="http://zakupki.gov.ru/223fz/contract/1" xmlns:ns14="http://zakupki.gov.ru/223fz/missedNotice/1" xmlns:ns15="http://zakupki.gov.ru/223fz/reference/1" xmlns:ns16="http://zakupki.gov.ru/223fz/stopCommodity/1" xmlns:ns17="http://zakupki.gov.ru/223fz/decisionSuspension/1" xmlns:ns18="http://zakupki.gov.ru/223fz/purchasePlanAdditionalPosition/1" xmlns:ns19="http://zakupki.gov.ru/223fz/webRequest/1" xmlns:ns2="http://zakupki.gov.ru/223fz/orderClauseList/1" xmlns:xsi="http://www.w3.org/2001/XMLSchema-instance" xmlns:ns3="http://zakupki.gov.ru/223fz/dishonestSupplier/1" xmlns:ns4="http://zakupki.gov.ru/223fz/machineryListInfo/1" xmlns:ns5="http://zakupki.gov.ru/223fz/revenue/1" xmlns:ns6="http://zakupki.gov.ru/223fz/disagreementProtocol/1" xmlns:ns7="http://zakupki.gov.ru/223fz/complaint/1" xmlns:ns8="http://zakupki.gov.ru/223fz/notificationIssue/1" xmlns:ns9="http://zakupki.gov.ru/223fz/purchasePlan/1">
    <header>
        <guid>9a3cec19-475e-4f03-bf1e-e8c40d983b05</guid>
        <createDateTime>2017-03-17T13:39:39</createDateTime>
    </header>
    <ns2:body>
        <ns2:item>
            <guid>cb676507-6de0-4283-bf0e-bad25edb6dc0</guid>
            <ns2:orderClauseData>
                <ns2:guid>cb676507-6de0-4283-bf0e-bad25edb6dc0</ns2:guid>
                <ns2:createDateTime>2017-03-17T15:21:35</ns2:createDateTime>
                <ns2:urlOOS>https://zakupki.gov.ru/223/clause/private/order-clause/info/common-info.html?clauseInfoId=280009</ns2:urlOOS>
                <ns2:customer>
                    <mainInfo>
                        <fullName>ГОСУДАРСТВЕННОЕ АВТОНОМНОЕ ПРОФЕССИОНАЛЬНОЕ ОБРАЗОВАТЕЛЬНОЕ УЧРЕЖДЕНИЕ СВЕРДЛОВСКОЙ ОБЛАСТИ "НОВОУРАЛЬСКИЙ ТЕХНОЛОГИЧЕСКИЙ КОЛЛЕДЖ"</fullName>
                        <shortName>ГАПОУ СО "НТК"</shortName>
                        <iko>56682003041668201001</iko>
                        <inn>6682003041</inn>
                        <kpp>668201001</kpp>
                        <ogrn>1136682000840</ogrn>
                        <legalAddress>624133, обл СВЕРДЛОВСКАЯ, г НОВОУРАЛЬСК, ул ЧКАЛОВА, дом 11</legalAddress>
                        <postalAddress>624133, Свердловская обл, Новоуральск г, Чкалова ул, дом 11</postalAddress>
                        <phone>7-34370-90346</phone>
                        <fax>7-34370-90346</fax>
                        <email>lyceumnpl@rambler.ru</email>
                        <okato>65540000000</okato>
                        <okpo>31390803</okpo>
                    </mainInfo>
                </ns2:customer>
                <ns2:placer>
                    <mainInfo>
                        <fullName>ГОСУДАРСТВЕННОЕ АВТОНОМНОЕ ПРОФЕССИОНАЛЬНОЕ ОБРАЗОВАТЕЛЬНОЕ УЧРЕЖДЕНИЕ СВЕРДЛОВСКОЙ ОБЛАСТИ "НОВОУРАЛЬСКИЙ ТЕХНОЛОГИЧЕСКИЙ КОЛЛЕДЖ"</fullName>
                        <shortName>ГАПОУ СО "НТК"</shortName>
                        <iko>56682003041668201001</iko>
                        <inn>6682003041</inn>
                        <kpp>668201001</kpp>
                        <ogrn>1136682000840</ogrn>
                        <legalAddress>624133, обл СВЕРДЛОВСКАЯ, г НОВОУРАЛЬСК, ул ЧКАЛОВА, дом 11</legalAddress>
                        <postalAddress>624133, Свердловская обл, Новоуральск г, Чкалова ул, дом 11</postalAddress>
                        <phone>7-34370-90346</phone>
                        <fax>7-34370-90346</fax>
                        <email>lyceumnpl@rambler.ru</email>
                        <okato>65540000000</okato>
                        <okpo>31390803</okpo>
                    </mainInfo>
                </ns2:placer>
                <ns2:status>P</ns2:status>
                <ns2:version>4</ns2:version>
                <ns2:name>ПОЛОЖЕНИЕ о закупках товаров, работ, услуг для нужд ГОСУДАРСТВЕННОГО АВТОНОМНОГО ПРОФЕССИОНАЛЬНОГО ОБРАЗОВАТЕЛЬНОГО УЧРЕЖДЕНИЯ СВЕРДЛОВСКОЙ ОБЛАСТИ "НОВОУРАЛЬСКИЙ ТЕХНОЛОГИЧЕСКИЙ КОЛЛЕДЖ" </ns2:name>
                <ns2:registrationNumber>1130024212</ns2:registrationNumber>
                <ns2:modificationDescription>Уточнены - порядок подачи заявок, процедуры закупки в электронной форме, порядок заключения договора. Положение о закупках приведено в соответствие с последними изменениями действующего законодательства.</ns2:modificationDescription>
                <ns2:approveDate>2017-03-10</ns2:approveDate>
                <ns2:effectiveDate>2017-03-17</ns2:effectiveDate>
                <ns2:approverName>Наблюдательный совет ГАПОУ СО "НТК"</ns2:approverName>
                <ns2:purchaseMethod>
                    <ns2:purchaseMethodCode>3361</ns2:purchaseMethodCode>
                    <ns2:purchaseMethodName>Открытый аукцион в электронной форме</ns2:purchaseMethodName>
                    <ns2:digitalPurchase>true</ns2:digitalPurchase>
                    <ns2:conditionsOfUse>в соответствии с положением о закупке</ns2:conditionsOfUse>
                </ns2:purchaseMethod>
                <ns2:purchaseMethod>
                    <ns2:purchaseMethodCode>3363</ns2:purchaseMethodCode>
                    <ns2:purchaseMethodName>Закупка у единственного поставщика (исполнителя, подрядчика)</ns2:purchaseMethodName>
                    <ns2:digitalPurchase>false</ns2:digitalPurchase>
                    <ns2:conditionsOfUse>в соответствии с положением о закупке</ns2:conditionsOfUse>
                </ns2:purchaseMethod>
                <ns2:purchaseMethod>
                    <ns2:purchaseMethodCode>3362</ns2:purchaseMethodCode>
                    <ns2:purchaseMethodName>Запрос котировок</ns2:purchaseMethodName>
                    <ns2:digitalPurchase>false</ns2:digitalPurchase>
                    <ns2:conditionsOfUse>в соответствии с положением о закупке</ns2:conditionsOfUse>
                </ns2:purchaseMethod>
                <ns2:purchaseMethod>
                    <ns2:purchaseMethodCode>3360</ns2:purchaseMethodCode>
                    <ns2:purchaseMethodName>Открытый аукцион</ns2:purchaseMethodName>
                    <ns2:digitalPurchase>false</ns2:digitalPurchase>
                    <ns2:conditionsOfUse>в соответствии с положением о закупке</ns2:conditionsOfUse>
                </ns2:purchaseMethod>
                <ns2:purchaseMethod>
                    <ns2:purchaseMethodCode>3359</ns2:purchaseMethodCode>
                    <ns2:purchaseMethodName>Открытый конкурс</ns2:purchaseMethodName>
                    <ns2:digitalPurchase>false</ns2:digitalPurchase>
                    <ns2:conditionsOfUse>в соответствии с положением о закупке</ns2:conditionsOfUse>
                </ns2:purchaseMethod>
                <ns2:publicationDateTime>2017-03-17T15:39:24</ns2:publicationDateTime>
                <ns2:attachments>
                    <totalDocumentsCount>2</totalDocumentsCount>
                    <document>
                        <guid>69b9de0b-a115-4f99-b578-df960f3b6b96</guid>
                        <createDateTime>2017-03-17T13:33:37</createDateTime>
                        <fileName>Положение о закупках НТК    2017.docx</fileName>
                        <description>Положение о закупках НТК    2017</description>
                        <url>http://zakupki.gov.ru/223/clause/public/download/download.html?id=951803</url>
                    </document>
                    <document>
                        <guid>d711e93a-fb79-41c7-84f7-3eb2f312c1ae</guid>
                        <createDateTime>2017-03-17T13:33:41</createDateTime>
                        <fileName>Перечень изменений 2017.docx</fileName>
                        <description>Перечень изменений 2017</description>
                        <url>http://zakupki.gov.ru/223/clause/public/download/download.html?id=951804</url>
                    </document>
                </ns2:attachments>
            </ns2:orderClauseData>
        </ns2:item>
    </ns2:body>
</ns2:orderClause>
