<?xml version="1.0" encoding="UTF-8" standalone="yes"?>
<ns2:orderClause xsi:schemaLocation="http://zakupki.gov.ru/223/integration/schema/TFF-5.2 http://zakupki.gov.ru/223/integration/schema/TFF-5.2/orderClause.xsd" xmlns="http://zakupki.gov.ru/223fz/types/1" xmlns:ns10="http://zakupki.gov.ru/223fz/purchasePlanProject/1" xmlns:ns11="http://zakupki.gov.ru/223fz/purchase/1" xmlns:ns12="http://zakupki.gov.ru/223fz/purchasePlanProjectAdditionalPosition/1" xmlns:ns13="http://zakupki.gov.ru/223fz/contract/1" xmlns:ns14="http://zakupki.gov.ru/223fz/missedNotice/1" xmlns:ns15="http://zakupki.gov.ru/223fz/reference/1" xmlns:ns16="http://zakupki.gov.ru/223fz/stopCommodity/1" xmlns:ns17="http://zakupki.gov.ru/223fz/decisionSuspension/1" xmlns:ns18="http://zakupki.gov.ru/223fz/purchasePlanAdditionalPosition/1" xmlns:ns19="http://zakupki.gov.ru/223fz/webRequest/1" xmlns:ns2="http://zakupki.gov.ru/223fz/orderClauseList/1" xmlns:xsi="http://www.w3.org/2001/XMLSchema-instance" xmlns:ns3="http://zakupki.gov.ru/223fz/dishonestSupplier/1" xmlns:ns4="http://zakupki.gov.ru/223fz/machineryListInfo/1" xmlns:ns5="http://zakupki.gov.ru/223fz/revenue/1" xmlns:ns6="http://zakupki.gov.ru/223fz/disagreementProtocol/1" xmlns:ns7="http://zakupki.gov.ru/223fz/complaint/1" xmlns:ns8="http://zakupki.gov.ru/223fz/notificationIssue/1" xmlns:ns9="http://zakupki.gov.ru/223fz/purchasePlan/1">
    <header>
        <guid>345ab25b-617a-44e4-8975-c55882a98562</guid>
        <createDateTime>2017-03-15T14:29:28</createDateTime>
    </header>
    <ns2:body>
        <ns2:item>
            <guid>21579b99-7df5-44d5-912d-06ae1d2acc78</guid>
            <ns2:orderClauseData>
                <ns2:guid>21579b99-7df5-44d5-912d-06ae1d2acc78</ns2:guid>
                <ns2:createDateTime>2017-03-15T16:06:23</ns2:createDateTime>
                <ns2:urlOOS>https://zakupki.gov.ru/223/clause/private/order-clause/info/common-info.html?clauseInfoId=279728</ns2:urlOOS>
                <ns2:customer>
                    <mainInfo>
                        <fullName>АКЦИОНЕРНОЕ ОБЩЕСТВО "УРАЛЬСКОЕ КОНСТРУКТОРСКОЕ БЮРО ТРАНСПОРТНОГО МАШИНОСТРОЕНИЯ"</fullName>
                        <shortName>АО "УКБТМ"</shortName>
                        <iko>66623049453662301001</iko>
                        <inn>6623049453</inn>
                        <kpp>662301001</kpp>
                        <ogrn>1086623004380</ogrn>
                        <legalAddress>622007, обл СВЕРДЛОВСКАЯ, г НИЖНИЙ ТАГИЛ, ш ВОСТОЧНОЕ, дом 38</legalAddress>
                        <postalAddress>622007, Свердловская, Нижний Тагил, Восточное, дом 38</postalAddress>
                        <phone>10-3435-335474</phone>
                        <email>ukbtm@tagiltelecom.ru</email>
                        <okato>65476370000</okato>
                        <okpo>07520441</okpo>
                    </mainInfo>
                </ns2:customer>
                <ns2:placer>
                    <mainInfo>
                        <fullName>АКЦИОНЕРНОЕ ОБЩЕСТВО "УРАЛЬСКОЕ КОНСТРУКТОРСКОЕ БЮРО ТРАНСПОРТНОГО МАШИНОСТРОЕНИЯ"</fullName>
                        <shortName>АО "УКБТМ"</shortName>
                        <iko>66623049453662301001</iko>
                        <inn>6623049453</inn>
                        <kpp>662301001</kpp>
                        <ogrn>1086623004380</ogrn>
                        <legalAddress>622007, обл СВЕРДЛОВСКАЯ, г НИЖНИЙ ТАГИЛ, ш ВОСТОЧНОЕ, дом 38</legalAddress>
                        <postalAddress>622007, Свердловская, Нижний Тагил, Восточное, дом 38</postalAddress>
                        <phone>10-3435-335474</phone>
                        <email>ukbtm@tagiltelecom.ru</email>
                        <okato>65476370000</okato>
                        <okpo>07520441</okpo>
                    </mainInfo>
                </ns2:placer>
                <ns2:status>P</ns2:status>
                <ns2:version>9</ns2:version>
                <ns2:name>ПОЛОЖЕНИЕ о закупке товаров, работ, услуг для акционерного общества «Уральское конструкторское бюро транспортного машиностроения» (АО «УКБТМ») (в редакции от 01.04.2013, 30.06.2014, 30.03.2015, 04.08.2015, 28.10.2015, 16.02.2016, 01.03.2017)</ns2:name>
                <ns2:registrationNumber>1130013581</ns2:registrationNumber>
                <ns2:modificationDescription>Внесение изменений в Положение по решению Совета Директоров</ns2:modificationDescription>
                <ns2:approveDate>2017-03-01</ns2:approveDate>
                <ns2:effectiveDate>2017-03-15</ns2:effectiveDate>
                <ns2:approverName>Совет директоров № 95-СД от 01.03.2017</ns2:approverName>
                <ns2:purchaseMethod>
                    <ns2:purchaseMethodCode>37418</ns2:purchaseMethodCode>
                    <ns2:purchaseMethodName>Конкурентные переговоры</ns2:purchaseMethodName>
                    <ns2:digitalPurchase>false</ns2:digitalPurchase>
                </ns2:purchaseMethod>
                <ns2:purchaseMethod>
                    <ns2:purchaseMethodCode>37417</ns2:purchaseMethodCode>
                    <ns2:purchaseMethodName>Запрос цен</ns2:purchaseMethodName>
                    <ns2:digitalPurchase>false</ns2:digitalPurchase>
                </ns2:purchaseMethod>
                <ns2:purchaseMethod>
                    <ns2:purchaseMethodCode>37416</ns2:purchaseMethodCode>
                    <ns2:purchaseMethodName>Запрос предложений</ns2:purchaseMethodName>
                    <ns2:digitalPurchase>false</ns2:digitalPurchase>
                </ns2:purchaseMethod>
                <ns2:purchaseMethod>
                    <ns2:purchaseMethodCode>37415</ns2:purchaseMethodCode>
                    <ns2:purchaseMethodName>Аукцион</ns2:purchaseMethodName>
                    <ns2:digitalPurchase>false</ns2:digitalPurchase>
                </ns2:purchaseMethod>
                <ns2:purchaseMethod>
                    <ns2:purchaseMethodCode>37414</ns2:purchaseMethodCode>
                    <ns2:purchaseMethodName>Конкурс</ns2:purchaseMethodName>
                    <ns2:digitalPurchase>false</ns2:digitalPurchase>
                </ns2:purchaseMethod>
                <ns2:purchaseMethod>
                    <ns2:purchaseMethodCode>37422</ns2:purchaseMethodCode>
                    <ns2:purchaseMethodName>Прямая закупка</ns2:purchaseMethodName>
                    <ns2:digitalPurchase>false</ns2:digitalPurchase>
                </ns2:purchaseMethod>
                <ns2:purchaseMethod>
                    <ns2:purchaseMethodCode>88322</ns2:purchaseMethodCode>
                    <ns2:purchaseMethodName>Запрос цен в электронной форме</ns2:purchaseMethodName>
                    <ns2:digitalPurchase>true</ns2:digitalPurchase>
                </ns2:purchaseMethod>
                <ns2:purchaseMethod>
                    <ns2:purchaseMethodCode>88325</ns2:purchaseMethodCode>
                    <ns2:purchaseMethodName>Аукцион в электронной форме</ns2:purchaseMethodName>
                    <ns2:digitalPurchase>true</ns2:digitalPurchase>
                </ns2:purchaseMethod>
                <ns2:purchaseMethod>
                    <ns2:purchaseMethodCode>88321</ns2:purchaseMethodCode>
                    <ns2:purchaseMethodName>Конкурентные переговоры в электронной форме</ns2:purchaseMethodName>
                    <ns2:digitalPurchase>true</ns2:digitalPurchase>
                </ns2:purchaseMethod>
                <ns2:purchaseMethod>
                    <ns2:purchaseMethodCode>88323</ns2:purchaseMethodCode>
                    <ns2:purchaseMethodName>Запрос предложений в электронной форме</ns2:purchaseMethodName>
                    <ns2:digitalPurchase>true</ns2:digitalPurchase>
                </ns2:purchaseMethod>
                <ns2:purchaseMethod>
                    <ns2:purchaseMethodCode>88324</ns2:purchaseMethodCode>
                    <ns2:purchaseMethodName>Конкурс в электронной форме</ns2:purchaseMethodName>
                    <ns2:digitalPurchase>true</ns2:digitalPurchase>
                </ns2:purchaseMethod>
                <ns2:publicationDateTime>2017-03-15T16:28:23</ns2:publicationDateTime>
                <ns2:attachments>
                    <totalDocumentsCount>3</totalDocumentsCount>
                    <document>
                        <guid>dc602638-18e9-4919-8638-a6c7ea08a16e</guid>
                        <createDateTime>2017-03-15T14:21:45</createDateTime>
                        <fileName>ПОЛОЖЕНИЕ  8 редакция.docx</fileName>
                        <description>ПОЛОЖЕНИЕ  8 редакция</description>
                        <url>http://zakupki.gov.ru/223/clause/public/download/download.html?id=950651</url>
                    </document>
                    <document>
                        <guid>49fcc879-8ff4-4eeb-90e3-75725b876fc8</guid>
                        <createDateTime>2017-03-15T14:21:54</createDateTime>
                        <fileName>Перечень изменений.docx</fileName>
                        <description>Перечень изменений</description>
                        <url>http://zakupki.gov.ru/223/clause/public/download/download.html?id=950652</url>
                    </document>
                    <document>
                        <guid>93fac7d1-1bc0-4919-9db6-e317e45f1452</guid>
                        <createDateTime>2017-03-15T14:22:06</createDateTime>
                        <fileName>Протокол 95-СД.pdf</fileName>
                        <description>Протокол 95-СД</description>
                        <url>http://zakupki.gov.ru/223/clause/public/download/download.html?id=950653</url>
                    </document>
                </ns2:attachments>
            </ns2:orderClauseData>
        </ns2:item>
    </ns2:body>
</ns2:orderClause>
