<?xml version="1.0" encoding="UTF-8" standalone="yes"?>
<ns2:explanation xsi:schemaLocation="http://zakupki.gov.ru/223/integration/schema/TFF-5.2 http://zakupki.gov.ru/223/integration/schema/TFF-5.2/purchase.xsd" xmlns="http://zakupki.gov.ru/223fz/types/1" xmlns:ns10="http://zakupki.gov.ru/223fz/machineryListInfo/1" xmlns:ns11="http://zakupki.gov.ru/223fz/revenue/1" xmlns:ns12="http://zakupki.gov.ru/223fz/orderClauseList/1" xmlns:ns13="http://zakupki.gov.ru/223fz/contract/1" xmlns:ns14="http://zakupki.gov.ru/223fz/missedNotice/1" xmlns:ns15="http://zakupki.gov.ru/223fz/complaint/1" xmlns:ns16="http://zakupki.gov.ru/223fz/decisionSuspension/1" xmlns:ns17="http://zakupki.gov.ru/223fz/purchasePlanAdditionalPosition/1" xmlns:ns18="http://zakupki.gov.ru/223fz/notificationIssue/1" xmlns:ns19="http://zakupki.gov.ru/223fz/webRequest/1" xmlns:ns2="http://zakupki.gov.ru/223fz/purchase/1" xmlns:xsi="http://www.w3.org/2001/XMLSchema-instance" xmlns:ns3="http://zakupki.gov.ru/223fz/dishonestSupplier/1" xmlns:ns4="http://zakupki.gov.ru/223fz/purchasePlan/1" xmlns:ns5="http://zakupki.gov.ru/223fz/purchasePlanProject/1" xmlns:ns6="http://zakupki.gov.ru/223fz/purchasePlanProjectAdditionalPosition/1" xmlns:ns7="http://zakupki.gov.ru/223fz/disagreementProtocol/1" xmlns:ns8="http://zakupki.gov.ru/223fz/reference/1" xmlns:ns9="http://zakupki.gov.ru/223fz/stopCommodity/1">
    <header>
        <guid>00a778eb-6022-4f2d-8d15-ad409623ba01</guid>
        <createDateTime>2017-03-23T09:24:32</createDateTime>
    </header>
    <ns2:body>
        <ns2:item>
            <guid>849f0827-86d9-13e2-6c4f-08eef7e08252</guid>
            <ns2:explanationData>
                <ns2:guid>849f0827-86d9-13e2-6c4f-08eef7e08252</ns2:guid>
                <ns2:urlOOS>https://zakupki.gov.ru/223/purchase/private/purchase/explanation/details.html?explanationId=307636</ns2:urlOOS>
                <ns2:description>Добрый день! В ответ на Ваш запрос сообщаю: уполномоченным банком Заказчика является ПАО Сбербанк.</ns2:description>
                <ns2:requestSubjectInfo>Согласно проекта договора  Поставщик должен открыть в уполномоченном банке отдельный счет. Просим Вас сообщить наименование полномоченного Банка.</ns2:requestSubjectInfo>
                <ns2:requestDate>2017-03-22T13:55:45</ns2:requestDate>
                <ns2:status>P</ns2:status>
                <ns2:creationDate>2017-03-23T11:21:52</ns2:creationDate>
                <ns2:modificationDate>2017-03-23T11:24:32</ns2:modificationDate>
                <ns2:decisionDate>2017-03-23T09:21:52</ns2:decisionDate>
                <ns2:publishDate>2017-03-23T11:24:32</ns2:publishDate>
                <ns2:attachments>
                    <totalDocumentsCount>1</totalDocumentsCount>
                    <document>
                        <guid>2a8d5b14-67b6-c6b2-e6b4-745e16291c59</guid>
                        <createDateTime>2017-03-23T09:21:47</createDateTime>
                        <fileName>Разъяснение_4.docx</fileName>
                        <description>Разъяснение_4.docx</description>
                        <url>http://zakupki.gov.ru/223/purchase/public/download/download.html?id=30268326</url>
                    </document>
                </ns2:attachments>
                <ns2:purchaseRegNum>31704873329</ns2:purchaseRegNum>
                <ns2:purchaseMethodCode>328</ns2:purchaseMethodCode>
                <ns2:purchaseMethodName>Аукцион в электронной форме</ns2:purchaseMethodName>
                <ns2:purchaseName>Поставка измерительного инструмента в ассортименте.</ns2:purchaseName>
                <ns2:placer>
                    <mainInfo>
                        <fullName>Открытое акционерное общество "Уральское производственное предприятие "Вектор"</fullName>
                        <shortName>ОАО "УПП "Вектор"</shortName>
                        <iko>66670012517667001001</iko>
                        <inn>6670012517</inn>
                        <kpp>667001001</kpp>
                        <ogrn>1026604961129</ogrn>
                        <legalAddress>620078, Свердловская, Екатеринбург, Гагарина, дом 28, корпус -, офис (квартира) -</legalAddress>
                        <postalAddress>620078, Свердловская, Екатеринбург, Гагарина, дом 28</postalAddress>
                        <phone>7-343-3758325</phone>
                        <fax>7-343-3741591</fax>
                        <email>100-bez@vektor.ru</email>
                        <okato>65401373000</okato>
                        <okpo>07556226</okpo>
                    </mainInfo>
                </ns2:placer>
                <ns2:emergency>false</ns2:emergency>
            </ns2:explanationData>
        </ns2:item>
    </ns2:body>
</ns2:explanation>
