<?xml version="1.0" encoding="UTF-8" standalone="yes"?>
<ns2:explanation xsi:schemaLocation="http://zakupki.gov.ru/223/integration/schema/TFF-5.2 http://zakupki.gov.ru/223/integration/schema/TFF-5.2/purchase.xsd" xmlns="http://zakupki.gov.ru/223fz/types/1" xmlns:ns10="http://zakupki.gov.ru/223fz/machineryListInfo/1" xmlns:ns11="http://zakupki.gov.ru/223fz/revenue/1" xmlns:ns12="http://zakupki.gov.ru/223fz/orderClauseList/1" xmlns:ns13="http://zakupki.gov.ru/223fz/contract/1" xmlns:ns14="http://zakupki.gov.ru/223fz/missedNotice/1" xmlns:ns15="http://zakupki.gov.ru/223fz/complaint/1" xmlns:ns16="http://zakupki.gov.ru/223fz/decisionSuspension/1" xmlns:ns17="http://zakupki.gov.ru/223fz/purchasePlanAdditionalPosition/1" xmlns:ns18="http://zakupki.gov.ru/223fz/notificationIssue/1" xmlns:ns19="http://zakupki.gov.ru/223fz/webRequest/1" xmlns:ns2="http://zakupki.gov.ru/223fz/purchase/1" xmlns:xsi="http://www.w3.org/2001/XMLSchema-instance" xmlns:ns3="http://zakupki.gov.ru/223fz/dishonestSupplier/1" xmlns:ns4="http://zakupki.gov.ru/223fz/purchasePlan/1" xmlns:ns5="http://zakupki.gov.ru/223fz/purchasePlanProject/1" xmlns:ns6="http://zakupki.gov.ru/223fz/purchasePlanProjectAdditionalPosition/1" xmlns:ns7="http://zakupki.gov.ru/223fz/disagreementProtocol/1" xmlns:ns8="http://zakupki.gov.ru/223fz/reference/1" xmlns:ns9="http://zakupki.gov.ru/223fz/stopCommodity/1">
    <header>
        <guid>5d1cb4c1-38aa-40b7-bbc4-1d49b64e3975</guid>
        <createDateTime>2017-03-23T14:53:59</createDateTime>
    </header>
    <ns2:body>
        <ns2:item>
            <guid>27077dda-b56f-4721-9cc6-f87452f2cddf</guid>
            <ns2:explanationData>
                <ns2:guid>27077dda-b56f-4721-9cc6-f87452f2cddf</ns2:guid>
                <ns2:urlOOS>https://zakupki.gov.ru/223/purchase/private/purchase/explanation/details.html?explanationId=307915</ns2:urlOOS>
                <ns2:description>Разъяснение документации о запросе предложений</ns2:description>
                <ns2:requestSubjectInfo>Условия оплаты товара</ns2:requestSubjectInfo>
                <ns2:requestDate>2017-03-22T00:00:00</ns2:requestDate>
                <ns2:status>P</ns2:status>
                <ns2:creationDate>2017-03-23T16:53:48</ns2:creationDate>
                <ns2:modificationDate>2017-03-23T16:53:59</ns2:modificationDate>
                <ns2:decisionDate>2017-03-23T00:00:00</ns2:decisionDate>
                <ns2:publishDate>2017-03-23T16:53:59</ns2:publishDate>
                <ns2:attachments>
                    <totalDocumentsCount>1</totalDocumentsCount>
                    <document>
                        <guid>fa09082a-4e4f-4881-b679-2c1265df228c</guid>
                        <createDateTime>2017-03-23T14:53:41</createDateTime>
                        <fileName>Разъяснение документации ОЗП.docx</fileName>
                        <description>Разъяснение документации ОЗП</description>
                        <url>http://zakupki.gov.ru/223/purchase/public/download/download.html?id=30286453</url>
                    </document>
                </ns2:attachments>
                <ns2:purchaseRegNum>31704919497</ns2:purchaseRegNum>
                <ns2:purchaseMethodCode>125073</ns2:purchaseMethodCode>
                <ns2:purchaseMethodName>Открытый запрос предложений</ns2:purchaseMethodName>
                <ns2:purchaseName>Открытый запрос предложений в электронной форме на право заключения договора на поставку кабеля АПвПу
(Свердловская область, г. Полевской) (128-2017)</ns2:purchaseName>
                <ns2:placer>
                    <mainInfo>
                        <fullName>АКЦИОНЕРНОЕ ОБЩЕСТВО "ОБЛКОММУНЭНЕРГО"</fullName>
                        <shortName>АО "ОБЛКОММУНЭНЕРГО"</shortName>
                        <iko>56671028735667101001</iko>
                        <inn>6671028735</inn>
                        <kpp>667101001</kpp>
                        <ogrn>1156658098266</ogrn>
                        <legalAddress>620014, ОБЛ СВЕРДЛОВСКАЯ, Г ЕКАТЕРИНБУРГ, УЛ 8 МАРТА, дом ДОМ 24, офис (квартира) ОФИС 1</legalAddress>
                        <postalAddress>620142, дом 14/10</postalAddress>
                        <phone>7-343-2860581</phone>
                        <fax>7-343-2860581</fax>
                        <email>secretar@okenergo.com</email>
                        <okato>65401377000</okato>
                        <okpo>44655618</okpo>
                    </mainInfo>
                </ns2:placer>
                <ns2:emergency>false</ns2:emergency>
            </ns2:explanationData>
        </ns2:item>
    </ns2:body>
</ns2:explanation>
