<?xml version="1.0" encoding="UTF-8" standalone="yes"?>
<ns2:explanation xsi:schemaLocation="http://zakupki.gov.ru/223/integration/schema/TFF-5.2 http://zakupki.gov.ru/223/integration/schema/TFF-5.2/purchase.xsd" xmlns="http://zakupki.gov.ru/223fz/types/1" xmlns:ns10="http://zakupki.gov.ru/223fz/machineryListInfo/1" xmlns:ns11="http://zakupki.gov.ru/223fz/revenue/1" xmlns:ns12="http://zakupki.gov.ru/223fz/orderClauseList/1" xmlns:ns13="http://zakupki.gov.ru/223fz/contract/1" xmlns:ns14="http://zakupki.gov.ru/223fz/missedNotice/1" xmlns:ns15="http://zakupki.gov.ru/223fz/complaint/1" xmlns:ns16="http://zakupki.gov.ru/223fz/decisionSuspension/1" xmlns:ns17="http://zakupki.gov.ru/223fz/purchasePlanAdditionalPosition/1" xmlns:ns18="http://zakupki.gov.ru/223fz/notificationIssue/1" xmlns:ns19="http://zakupki.gov.ru/223fz/webRequest/1" xmlns:ns2="http://zakupki.gov.ru/223fz/purchase/1" xmlns:xsi="http://www.w3.org/2001/XMLSchema-instance" xmlns:ns3="http://zakupki.gov.ru/223fz/dishonestSupplier/1" xmlns:ns4="http://zakupki.gov.ru/223fz/purchasePlan/1" xmlns:ns5="http://zakupki.gov.ru/223fz/purchasePlanProject/1" xmlns:ns6="http://zakupki.gov.ru/223fz/purchasePlanProjectAdditionalPosition/1" xmlns:ns7="http://zakupki.gov.ru/223fz/disagreementProtocol/1" xmlns:ns8="http://zakupki.gov.ru/223fz/reference/1" xmlns:ns9="http://zakupki.gov.ru/223fz/stopCommodity/1">
    <header>
        <guid>339bb6d9-9aa9-4d0a-859f-875028b2661b</guid>
        <createDateTime>2017-03-23T07:42:40</createDateTime>
    </header>
    <ns2:body>
        <ns2:item>
            <guid>a9898519-7156-0040-0000-58d3521d8ea8</guid>
            <ns2:explanationData>
                <ns2:guid>a9898519-7156-0040-0000-58d3521d8ea8</ns2:guid>
                <ns2:urlOOS>https://zakupki.gov.ru/223/purchase/private/purchase/explanation/details.html?explanationId=307593</ns2:urlOOS>
                <ns2:description>Разъяснения от 15.03.2017 15:30</ns2:description>
                <ns2:requestSubjectInfo>Запрос:
Добрый день! в РД 130201-113-ЭП2 Изм. 3 изготовителем БКТП35кВ (опорные конструкции и жесткая ошиновка, шкафы ОРУ35кВ) прописано ЗАО "ГК "ЭнТерра". В связи с банкротством этого изготовителя, предложение БКТП другого изготовителя будет являться основанием для отклонения участника конкурса?

Разъяснения:
Согласно п.3.2 ТЗ в составе своей заявки Участник имеет право предложить эквиваленты заказываемой продукции, соответствующей техническим требованиям Заказчика, при условии, что произведенные замены совместимы между собой, по существу равноценны или превосходят по качеству продукцию, предусмотренную Проектом. Решение о согласовании/не согласовании замены требуемого (проектного) оборудования аналогом будет принято в рамках оценки конкурсных заявок.</ns2:requestSubjectInfo>
                <ns2:requestDate>2017-03-15T17:30:50</ns2:requestDate>
                <ns2:status>P</ns2:status>
                <ns2:creationDate>2017-03-23T11:42:01</ns2:creationDate>
                <ns2:modificationDate>2017-03-23T09:42:40</ns2:modificationDate>
                <ns2:decisionDate>2017-03-23T09:41:25</ns2:decisionDate>
                <ns2:publishDate>2017-03-23T09:42:40</ns2:publishDate>
                <ns2:attachments>
                    <totalDocumentsCount>1</totalDocumentsCount>
                    <document>
                        <guid>a9898519-7156-0040-0000-58d3521d8ea8</guid>
                        <createDateTime>2017-03-15T17:30:50</createDateTime>
                        <fileName>текст разъяснения.doc</fileName>
                        <description>текст разъяснения.doc</description>
                        <url>http://zakupki.gov.ru/223/purchase/public/download/download.html?id=30265282</url>
                    </document>
                </ns2:attachments>
                <ns2:purchaseRegNum>31704809681</ns2:purchaseRegNum>
                <ns2:purchaseMethodCode>2908</ns2:purchaseMethodCode>
                <ns2:purchaseMethodName>открытый одноэтапный конкурс</ns2:purchaseMethodName>
                <ns2:purchaseName>право заключения договора подряда на выполнение строительно-монтажных работ по объекту: «Реконструкция ПС 35/10кВ Щелкун с увеличением установленной мощности трансформаторов до (20 МВА) (2ПК)»  производственного отделения «Центральные электрические сети» филиала ОАО «МРСК Урала» – «Свердловэнерго». (782328)</ns2:purchaseName>
                <ns2:placer>
                    <mainInfo>
                        <fullName>Открытое акционерное общество "Межрегиональная распределительная сетевая компания Урала"</fullName>
                        <shortName>ОАО "МРСК Урала"</shortName>
                        <iko>56671163413667201001</iko>
                        <inn>6671163413</inn>
                        <kpp>667201001</kpp>
                        <ogrn>1056604000970</ogrn>
                        <legalAddress>620026, Свердловская, Екатеринбург, Мамина-Сибиряка, дом 140</legalAddress>
                        <postalAddress>620026, Свердловская область, Екатеринбург, Мамина-Сибиряка, дом 140 </postalAddress>
                        <phone>7-343-2152600</phone>
                        <fax>7-343-2152661</fax>
                        <email>mrsk@mrsk-ural.ru</email>
                        <okato>65401000000</okato>
                        <okpo>76507836</okpo>
                    </mainInfo>
                </ns2:placer>
                <ns2:emergency>false</ns2:emergency>
            </ns2:explanationData>
        </ns2:item>
    </ns2:body>
</ns2:explanation>
