<?xml version="1.0" encoding="UTF-8" standalone="yes"?>
<ns2:explanation xsi:schemaLocation="http://zakupki.gov.ru/223/integration/schema/TFF-5.2 http://zakupki.gov.ru/223/integration/schema/TFF-5.2/purchase.xsd" xmlns="http://zakupki.gov.ru/223fz/types/1" xmlns:ns10="http://zakupki.gov.ru/223fz/machineryListInfo/1" xmlns:ns11="http://zakupki.gov.ru/223fz/revenue/1" xmlns:ns12="http://zakupki.gov.ru/223fz/orderClauseList/1" xmlns:ns13="http://zakupki.gov.ru/223fz/contract/1" xmlns:ns14="http://zakupki.gov.ru/223fz/missedNotice/1" xmlns:ns15="http://zakupki.gov.ru/223fz/complaint/1" xmlns:ns16="http://zakupki.gov.ru/223fz/decisionSuspension/1" xmlns:ns17="http://zakupki.gov.ru/223fz/purchasePlanAdditionalPosition/1" xmlns:ns18="http://zakupki.gov.ru/223fz/notificationIssue/1" xmlns:ns19="http://zakupki.gov.ru/223fz/webRequest/1" xmlns:ns2="http://zakupki.gov.ru/223fz/purchase/1" xmlns:xsi="http://www.w3.org/2001/XMLSchema-instance" xmlns:ns3="http://zakupki.gov.ru/223fz/dishonestSupplier/1" xmlns:ns4="http://zakupki.gov.ru/223fz/purchasePlan/1" xmlns:ns5="http://zakupki.gov.ru/223fz/purchasePlanProject/1" xmlns:ns6="http://zakupki.gov.ru/223fz/purchasePlanProjectAdditionalPosition/1" xmlns:ns7="http://zakupki.gov.ru/223fz/disagreementProtocol/1" xmlns:ns8="http://zakupki.gov.ru/223fz/reference/1" xmlns:ns9="http://zakupki.gov.ru/223fz/stopCommodity/1">
    <header>
        <guid>fd3904a8-c736-4870-8cae-479f17b1c2e8</guid>
        <createDateTime>2017-03-23T09:28:01</createDateTime>
    </header>
    <ns2:body>
        <ns2:item>
            <guid>a9898519-8771-0040-0000-58d36ac48c4b</guid>
            <ns2:explanationData>
                <ns2:guid>a9898519-8771-0040-0000-58d36ac48c4b</ns2:guid>
                <ns2:urlOOS>https://zakupki.gov.ru/223/purchase/private/purchase/explanation/details.html?explanationId=307639</ns2:urlOOS>
                <ns2:description>Разъяснения от 23.03.2017 07:23</ns2:description>
                <ns2:requestSubjectInfo>Запрос:
Добрый день! Вышлите, пожалуйста, рабочую документацию в формате PDF. 

Разъяснения:
Добрый день! Рабочая документация в формате PDF размещена в папке "Прил.№4 Проектная документация" под названием "Проект" в виде 4 (четырех) архивов, которые нужно разархивировать в одну папку для корректного отображения всех документов. 
Так же отправляем их в другом формате архива.</ns2:requestSubjectInfo>
                <ns2:requestDate>2017-03-23T09:23:28</ns2:requestDate>
                <ns2:status>P</ns2:status>
                <ns2:creationDate>2017-03-23T13:27:01</ns2:creationDate>
                <ns2:modificationDate>2017-03-23T11:28:01</ns2:modificationDate>
                <ns2:decisionDate>2017-03-23T11:26:11</ns2:decisionDate>
                <ns2:publishDate>2017-03-23T11:28:01</ns2:publishDate>
                <ns2:attachments>
                    <totalDocumentsCount>3</totalDocumentsCount>
                    <document>
                        <guid>a9898519-8771-0040-0000-58d36ac48c4b</guid>
                        <createDateTime>2017-03-23T09:23:28</createDateTime>
                        <fileName>текст разъяснения.doc</fileName>
                        <description>текст разъяснения.doc</description>
                        <url>http://zakupki.gov.ru/223/purchase/public/download/download.html?id=30268503</url>
                    </document>
                    <document>
                        <guid>a9898519-8771-0040-0001-58d36ac48c4b</guid>
                        <createDateTime>2017-03-23T11:24:48</createDateTime>
                        <fileName>Проект Фролы.part1.rar</fileName>
                        <description>Проект Фролы.part1.rar</description>
                        <url>http://zakupki.gov.ru/223/purchase/public/download/download.html?id=30268504</url>
                    </document>
                    <document>
                        <guid>a9898519-8771-0040-0002-58d36ac48c4b</guid>
                        <createDateTime>2017-03-23T11:25:05</createDateTime>
                        <fileName>Проект Фролы.part2.rar</fileName>
                        <description>Проект Фролы.part2.rar</description>
                        <url>http://zakupki.gov.ru/223/purchase/public/download/download.html?id=30268505</url>
                    </document>
                </ns2:attachments>
                <ns2:purchaseRegNum>31704920285</ns2:purchaseRegNum>
                <ns2:purchaseMethodCode>142986</ns2:purchaseMethodCode>
                <ns2:purchaseMethodName>Запрос цен по результатам открытой конкурентной процедуры</ns2:purchaseMethodName>
                <ns2:purchaseName>Право заключения договора подряда на выполнение демонтажных, строительно-монтажных и пусконаладочных работ по объекту: «Две ВЛ 0,4 кВ и приборы учета э/э для электроснабжения садовых домов по адресу: Пермский край, Пермский район, Фроловское с/п, с. Фролы, кад. номера зем. участков 59:32:3430012:116, 59:32:3430012:73» в производственном отделении «Пермские городские электрические сети» филиала ОАО «МРСК Урала» - «Пермэнерго». (799399)</ns2:purchaseName>
                <ns2:placer>
                    <mainInfo>
                        <fullName>Открытое акционерное общество "Межрегиональная распределительная сетевая компания Урала"</fullName>
                        <shortName>ОАО "МРСК Урала"</shortName>
                        <iko>56671163413667201001</iko>
                        <inn>6671163413</inn>
                        <kpp>667201001</kpp>
                        <ogrn>1056604000970</ogrn>
                        <legalAddress>620026, Свердловская, Екатеринбург, Мамина-Сибиряка, дом 140</legalAddress>
                        <postalAddress>620026, Свердловская область, Екатеринбург, Мамина-Сибиряка, дом 140 </postalAddress>
                        <phone>7-343-2152600</phone>
                        <fax>7-343-2152661</fax>
                        <email>mrsk@mrsk-ural.ru</email>
                        <okato>65401000000</okato>
                        <okpo>76507836</okpo>
                    </mainInfo>
                </ns2:placer>
                <ns2:emergency>false</ns2:emergency>
            </ns2:explanationData>
        </ns2:item>
    </ns2:body>
</ns2:explanation>
