<?xml version="1.0" encoding="UTF-8" standalone="yes"?>
<ns2:explanation xsi:schemaLocation="http://zakupki.gov.ru/223/integration/schema/TFF-5.2 http://zakupki.gov.ru/223/integration/schema/TFF-5.2/purchase.xsd" xmlns="http://zakupki.gov.ru/223fz/types/1" xmlns:ns10="http://zakupki.gov.ru/223fz/machineryListInfo/1" xmlns:ns11="http://zakupki.gov.ru/223fz/revenue/1" xmlns:ns12="http://zakupki.gov.ru/223fz/orderClauseList/1" xmlns:ns13="http://zakupki.gov.ru/223fz/contract/1" xmlns:ns14="http://zakupki.gov.ru/223fz/missedNotice/1" xmlns:ns15="http://zakupki.gov.ru/223fz/complaint/1" xmlns:ns16="http://zakupki.gov.ru/223fz/decisionSuspension/1" xmlns:ns17="http://zakupki.gov.ru/223fz/purchasePlanAdditionalPosition/1" xmlns:ns18="http://zakupki.gov.ru/223fz/notificationIssue/1" xmlns:ns19="http://zakupki.gov.ru/223fz/webRequest/1" xmlns:ns2="http://zakupki.gov.ru/223fz/purchase/1" xmlns:xsi="http://www.w3.org/2001/XMLSchema-instance" xmlns:ns3="http://zakupki.gov.ru/223fz/dishonestSupplier/1" xmlns:ns4="http://zakupki.gov.ru/223fz/purchasePlan/1" xmlns:ns5="http://zakupki.gov.ru/223fz/purchasePlanProject/1" xmlns:ns6="http://zakupki.gov.ru/223fz/purchasePlanProjectAdditionalPosition/1" xmlns:ns7="http://zakupki.gov.ru/223fz/disagreementProtocol/1" xmlns:ns8="http://zakupki.gov.ru/223fz/reference/1" xmlns:ns9="http://zakupki.gov.ru/223fz/stopCommodity/1">
    <header>
        <guid>44dd0fff-2570-4de8-87cd-19a748d5aab5</guid>
        <createDateTime>2017-03-23T07:45:29</createDateTime>
    </header>
    <ns2:body>
        <ns2:item>
            <guid>a9898519-8715-0040-0000-58d352d6865d</guid>
            <ns2:explanationData>
                <ns2:guid>a9898519-8715-0040-0000-58d352d6865d</ns2:guid>
                <ns2:urlOOS>https://zakupki.gov.ru/223/purchase/private/purchase/explanation/details.html?explanationId=307595</ns2:urlOOS>
                <ns2:description>Разъяснения от 22.03.2017 16:41</ns2:description>
                <ns2:requestSubjectInfo>Запрос:
Требование представить: а)	Оригинал или нотариально заверенную копию выписки из Единого государственного реестра юридических лиц.  Вопрос: будет ли являться представление отсканированного в цветном виде оригинал выписки выполнением требования или всё таки нужна помимо ещё и печать нотариуса? Если выписка подписана усиленной квалифицированной электронной подписью и представлена в цветном виде, то достаточно ли будет для выполенения требования показав как оригинал или также нужно будет заверять ещё и у нотариуса?

Разъяснения:
Отсканированного в цветном виде оригинала выписки достаточно.</ns2:requestSubjectInfo>
                <ns2:requestDate>2017-03-22T18:41:33</ns2:requestDate>
                <ns2:status>P</ns2:status>
                <ns2:creationDate>2017-03-23T11:45:01</ns2:creationDate>
                <ns2:modificationDate>2017-03-23T09:45:29</ns2:modificationDate>
                <ns2:decisionDate>2017-03-23T09:43:38</ns2:decisionDate>
                <ns2:publishDate>2017-03-23T09:45:29</ns2:publishDate>
                <ns2:attachments>
                    <totalDocumentsCount>1</totalDocumentsCount>
                    <document>
                        <guid>a9898519-8715-0040-0000-58d352d6865d</guid>
                        <createDateTime>2017-03-22T18:41:33</createDateTime>
                        <fileName>текст разъяснения.doc</fileName>
                        <description>текст разъяснения.doc</description>
                        <url>http://zakupki.gov.ru/223/purchase/public/download/download.html?id=30265342</url>
                    </document>
                </ns2:attachments>
                <ns2:purchaseRegNum>31704807337</ns2:purchaseRegNum>
                <ns2:purchaseMethodCode>2908</ns2:purchaseMethodCode>
                <ns2:purchaseMethodName>открытый одноэтапный конкурс</ns2:purchaseMethodName>
                <ns2:purchaseName>Поставка закрытых распределительных устройств (ЗРУ) 6-35 кВ для  обеспечения инвестиционной программы филиала ОАО «МРСК Урала» - «Свердловэнерго» в 2017г по объекту: «Реконструкция ПС 110/35/6кВ "Марковская" с переустройством заходов 35кВ» (783287)</ns2:purchaseName>
                <ns2:placer>
                    <mainInfo>
                        <fullName>Открытое акционерное общество "Межрегиональная распределительная сетевая компания Урала"</fullName>
                        <shortName>ОАО "МРСК Урала"</shortName>
                        <iko>56671163413667201001</iko>
                        <inn>6671163413</inn>
                        <kpp>667201001</kpp>
                        <ogrn>1056604000970</ogrn>
                        <legalAddress>620026, Свердловская, Екатеринбург, Мамина-Сибиряка, дом 140</legalAddress>
                        <postalAddress>620026, Свердловская область, Екатеринбург, Мамина-Сибиряка, дом 140 </postalAddress>
                        <phone>7-343-2152600</phone>
                        <fax>7-343-2152661</fax>
                        <email>mrsk@mrsk-ural.ru</email>
                        <okato>65401000000</okato>
                        <okpo>76507836</okpo>
                    </mainInfo>
                </ns2:placer>
                <ns2:emergency>false</ns2:emergency>
            </ns2:explanationData>
        </ns2:item>
    </ns2:body>
</ns2:explanation>
