<?xml version="1.0" encoding="UTF-8" standalone="yes"?>
<ns2:explanation xsi:schemaLocation="http://zakupki.gov.ru/223/integration/schema/TFF-5.2 http://zakupki.gov.ru/223/integration/schema/TFF-5.2/purchase.xsd" xmlns="http://zakupki.gov.ru/223fz/types/1" xmlns:ns10="http://zakupki.gov.ru/223fz/machineryListInfo/1" xmlns:ns11="http://zakupki.gov.ru/223fz/revenue/1" xmlns:ns12="http://zakupki.gov.ru/223fz/orderClauseList/1" xmlns:ns13="http://zakupki.gov.ru/223fz/contract/1" xmlns:ns14="http://zakupki.gov.ru/223fz/missedNotice/1" xmlns:ns15="http://zakupki.gov.ru/223fz/complaint/1" xmlns:ns16="http://zakupki.gov.ru/223fz/decisionSuspension/1" xmlns:ns17="http://zakupki.gov.ru/223fz/purchasePlanAdditionalPosition/1" xmlns:ns18="http://zakupki.gov.ru/223fz/notificationIssue/1" xmlns:ns19="http://zakupki.gov.ru/223fz/webRequest/1" xmlns:ns2="http://zakupki.gov.ru/223fz/purchase/1" xmlns:xsi="http://www.w3.org/2001/XMLSchema-instance" xmlns:ns3="http://zakupki.gov.ru/223fz/dishonestSupplier/1" xmlns:ns4="http://zakupki.gov.ru/223fz/purchasePlan/1" xmlns:ns5="http://zakupki.gov.ru/223fz/purchasePlanProject/1" xmlns:ns6="http://zakupki.gov.ru/223fz/purchasePlanProjectAdditionalPosition/1" xmlns:ns7="http://zakupki.gov.ru/223fz/disagreementProtocol/1" xmlns:ns8="http://zakupki.gov.ru/223fz/reference/1" xmlns:ns9="http://zakupki.gov.ru/223fz/stopCommodity/1">
    <header>
        <guid>0445a203-c3db-496b-9074-0b0d277a99ff</guid>
        <createDateTime>2017-03-23T14:11:04</createDateTime>
    </header>
    <ns2:body>
        <ns2:item>
            <guid>6a525884-b403-45f0-a2a8-2b3ef91e1af6</guid>
            <ns2:explanationData>
                <ns2:guid>6a525884-b403-45f0-a2a8-2b3ef91e1af6</ns2:guid>
                <ns2:urlOOS>https://zakupki.gov.ru/223/purchase/private/purchase/explanation/details.html?explanationId=307876</ns2:urlOOS>
                <ns2:description>Добрый день! 

1.            Обращаем Ваше внимание, что в п. 3 Приложения № 1 к информационной карте отсутствуют квалификационные требования к участникам, а также в Приложении № 1 к информационной карте добавлен п. 4 (Документы, предоставляемые исключительно для целей оценки и сопоставления заявок),  в котором указаны требования по опыту выполнения работ (не менее 2 договоров на общую сумму не менее 20 000 000,00 руб., за последний 1 год (2016 г.). Одновременно обращаем внимание, что  в п.3.1. заявки (форма 1) указаны квалификационные требования  наличие опыта по успешной поставке продукции сопоставимого характера и объема.

Просим пояснить, является ли опыт выполнения работ квалификационным требованием к участнику?

2.            В п. 4.1 Приложения № 1 к информационной карте  имеется требование о наличие опыта успешной поставки продукции сопоставимого характера за последний 1 год (2016) . Поясните, считаются  ли договора, заключенные в 2014 и 2015  годах, но выполненные и закрытые актами  в 2016 году, опытом успешной поставки за 2016 год.   
</ns2:description>
                <ns2:requestSubjectInfo>1. Да, это является квалификационным требованием.
2. Работами сопоставимого характера будут считаться выполненные работы по разработке рабочей документации. Оценка заявки участника по данному показателю будет производиться по количеству ВЫПОЛНЕННЫХ договоров на выполнение работ, оказанию услуг сопоставимого характера и объема за 2016г. Под опытом успешной поставки продукции сопоставимого объема, понимается ПОСТАВКА продукции сопоставимого характера в количестве не менее 2 договоров на общую сумму не менее 20 000 000,00 руб., за последний 1 год (2016 г.). Т.е. это выполненные договора, подкрипленные актами, подписанными с двух сторон.</ns2:requestSubjectInfo>
                <ns2:requestDate>2017-03-23T11:14:52</ns2:requestDate>
                <ns2:status>P</ns2:status>
                <ns2:creationDate>2017-03-23T13:14:52</ns2:creationDate>
                <ns2:modificationDate>2017-03-23T16:11:04</ns2:modificationDate>
                <ns2:decisionDate>2017-03-23T14:06:23</ns2:decisionDate>
                <ns2:publishDate>2017-03-23T16:11:04</ns2:publishDate>
                <ns2:attachments>
                    <totalDocumentsCount>1</totalDocumentsCount>
                    <document>
                        <guid>cfc62ac4-8c50-42b1-a7a2-5fd2d44a3699</guid>
                        <createDateTime>2017-03-23T14:06:20</createDateTime>
                        <fileName>Документ.html</fileName>
                        <description>Документ</description>
                        <url>http://zakupki.gov.ru/223/purchase/public/download/download.html?id=30283244</url>
                    </document>
                </ns2:attachments>
                <ns2:purchaseRegNum>31704898085</ns2:purchaseRegNum>
                <ns2:purchaseMethodCode>109851</ns2:purchaseMethodCode>
                <ns2:purchaseMethodName>Запрос предложений в электронной форме</ns2:purchaseMethodName>
                <ns2:purchaseName>0834-00082 Оказание услуг по разработке рабочей документации "Реконструкция механического цеха для выпуска спецпродукции", открытое акционерное общество "Верхнетуринский машиностроительный завод"</ns2:purchaseName>
                <ns2:placer>
                    <mainInfo>
                        <fullName>ОБЩЕСТВО С ОГРАНИЧЕННОЙ ОТВЕТСТВЕННОСТЬЮ "ЭТП"</fullName>
                        <shortName>ООО "ЭТП"</shortName>
                        <iko>51655218458165501001</iko>
                        <inn>1655218458</inn>
                        <kpp>165501001</kpp>
                        <ogrn>1111690052099</ogrn>
                        <legalAddress>420097, РЕСП ТАТАРСТАН, Г КАЗАНЬ, УЛ ДОСТОЕВСКОГО, дом 66</legalAddress>
                        <postalAddress>420097, Казань Город, Достоевского Улица, 66</postalAddress>
                        <phone>8-800-7000369</phone>
                        <email>funky-b@inbox.ru</email>
                        <okato>92401367000</okato>
                        <okpo>92272054</okpo>
                    </mainInfo>
                </ns2:placer>
                <ns2:emergency>false</ns2:emergency>
            </ns2:explanationData>
        </ns2:item>
    </ns2:body>
</ns2:explanation>
