<?xml version="1.0" encoding="UTF-8" standalone="yes"?>
<ns2:explanation xsi:schemaLocation="http://zakupki.gov.ru/223/integration/schema/TFF-5.2 http://zakupki.gov.ru/223/integration/schema/TFF-5.2/purchase.xsd" xmlns="http://zakupki.gov.ru/223fz/types/1" xmlns:ns10="http://zakupki.gov.ru/223fz/machineryListInfo/1" xmlns:ns11="http://zakupki.gov.ru/223fz/revenue/1" xmlns:ns12="http://zakupki.gov.ru/223fz/orderClauseList/1" xmlns:ns13="http://zakupki.gov.ru/223fz/contract/1" xmlns:ns14="http://zakupki.gov.ru/223fz/missedNotice/1" xmlns:ns15="http://zakupki.gov.ru/223fz/complaint/1" xmlns:ns16="http://zakupki.gov.ru/223fz/decisionSuspension/1" xmlns:ns17="http://zakupki.gov.ru/223fz/purchasePlanAdditionalPosition/1" xmlns:ns18="http://zakupki.gov.ru/223fz/notificationIssue/1" xmlns:ns19="http://zakupki.gov.ru/223fz/webRequest/1" xmlns:ns2="http://zakupki.gov.ru/223fz/purchase/1" xmlns:xsi="http://www.w3.org/2001/XMLSchema-instance" xmlns:ns3="http://zakupki.gov.ru/223fz/dishonestSupplier/1" xmlns:ns4="http://zakupki.gov.ru/223fz/purchasePlan/1" xmlns:ns5="http://zakupki.gov.ru/223fz/purchasePlanProject/1" xmlns:ns6="http://zakupki.gov.ru/223fz/purchasePlanProjectAdditionalPosition/1" xmlns:ns7="http://zakupki.gov.ru/223fz/disagreementProtocol/1" xmlns:ns8="http://zakupki.gov.ru/223fz/reference/1" xmlns:ns9="http://zakupki.gov.ru/223fz/stopCommodity/1">
    <header>
        <guid>3d4d5709-d23c-47ba-b395-e5825e104f16</guid>
        <createDateTime>2017-03-23T12:17:30</createDateTime>
    </header>
    <ns2:body>
        <ns2:item>
            <guid>ff1e2de7-2677-e924-ce03-96bac4d8efcb</guid>
            <ns2:explanationData>
                <ns2:guid>ff1e2de7-2677-e924-ce03-96bac4d8efcb</ns2:guid>
                <ns2:urlOOS>https://zakupki.gov.ru/223/purchase/private/purchase/explanation/details.html?explanationId=307714</ns2:urlOOS>
                <ns2:description>Предварительное соглашение должно быть заключено участником со страховой организацией, которая должна удовлетворять следующим требованиям:
- зарегистрирована на территории Российской Федерации;
- не должна находиться в процессе ликвидации, банкротства или реорганизации, на ее имущество не должен быть наложен арест;
- иметь опыт участия в страховании электросетевых объектов;
-не иметь неисполненных предписаний органа страхового надзора;
- наличие лицензии на право проведения страхования строительно-монтажных рисков;
-	не должна быть включена в Реестр недобросовестных поставщиков, который ведется в соответствии с Федеральным законом от 18.07.2011 № 223-ФЗ «О закупках товаров, работ, услуг отдельными видами юридических лиц».
</ns2:description>
                <ns2:requestSubjectInfo>Предварительное соглашение, а в дальнейшем и сам договор страхования может быть заключен с любой страховой компанией или есть ограничения?
</ns2:requestSubjectInfo>
                <ns2:requestDate>2017-03-22T13:32:33</ns2:requestDate>
                <ns2:status>P</ns2:status>
                <ns2:creationDate>2017-03-23T13:04:43</ns2:creationDate>
                <ns2:modificationDate>2017-03-23T14:17:30</ns2:modificationDate>
                <ns2:decisionDate>2017-03-23T11:04:43</ns2:decisionDate>
                <ns2:publishDate>2017-03-23T14:17:30</ns2:publishDate>
                <ns2:attachments>
                    <totalDocumentsCount>2</totalDocumentsCount>
                    <document>
                        <guid>699e98b5-0a8c-31e0-2f74-2b8e874d35a5</guid>
                        <createDateTime>2017-03-23T11:04:40</createDateTime>
                        <fileName>Ответ5.docx</fileName>
                        <description>Ответ5.docx</description>
                        <url>http://zakupki.gov.ru/223/purchase/public/download/download.html?id=30274123</url>
                    </document>
                    <document>
                        <guid>625f1b72-b6d1-fc8d-36c0-7eafc6978848</guid>
                        <createDateTime>2017-03-22T13:32:22</createDateTime>
                        <fileName>Запрос_на_разъяснение_документации_к_процедуре[11].rtf</fileName>
                        <description>Запрос_на_разъяснение_документации_к_процедуре[11].rtf</description>
                        <url>http://zakupki.gov.ru/223/purchase/public/download/download.html?id=30274124</url>
                    </document>
                </ns2:attachments>
                <ns2:purchaseRegNum>31704872988</ns2:purchaseRegNum>
                <ns2:purchaseMethodCode>2910</ns2:purchaseMethodCode>
                <ns2:purchaseMethodName>открытый запрос предложений</ns2:purchaseMethodName>
                <ns2:purchaseName>Право заключения договора подряда на выполнение строительно-монтажных и пусконаладочных работ по объекту: «Установка системы видеонаблюдения на ПС «Паклинская», ПС «Гранитная» ПО «ЧГЭС» производственного отделения «Челябинские городские электрические сети» филиала ОАО «МРСК Урала» - «Челябэнерго».</ns2:purchaseName>
                <ns2:placer>
                    <mainInfo>
                        <fullName>Открытое акционерное общество "Межрегиональная распределительная сетевая компания Урала"</fullName>
                        <shortName>ОАО "МРСК Урала"</shortName>
                        <iko>56671163413667201001</iko>
                        <inn>6671163413</inn>
                        <kpp>667201001</kpp>
                        <ogrn>1056604000970</ogrn>
                        <legalAddress>620026, Свердловская, Екатеринбург, Мамина-Сибиряка, дом 140</legalAddress>
                        <postalAddress>620026, Свердловская область, Екатеринбург, Мамина-Сибиряка, дом 140 </postalAddress>
                        <phone>7-343-2152600</phone>
                        <fax>7-343-2152661</fax>
                        <email>mrsk@mrsk-ural.ru</email>
                        <okato>65401000000</okato>
                        <okpo>76507836</okpo>
                    </mainInfo>
                </ns2:placer>
                <ns2:emergency>false</ns2:emergency>
            </ns2:explanationData>
        </ns2:item>
    </ns2:body>
</ns2:explanation>
