<?xml version="1.0" encoding="UTF-8" standalone="yes"?>
<ns2:explanation xsi:schemaLocation="http://zakupki.gov.ru/223/integration/schema/TFF-5.2 http://zakupki.gov.ru/223/integration/schema/TFF-5.2/purchase.xsd" xmlns="http://zakupki.gov.ru/223fz/types/1" xmlns:ns10="http://zakupki.gov.ru/223fz/machineryListInfo/1" xmlns:ns11="http://zakupki.gov.ru/223fz/revenue/1" xmlns:ns12="http://zakupki.gov.ru/223fz/orderClauseList/1" xmlns:ns13="http://zakupki.gov.ru/223fz/contract/1" xmlns:ns14="http://zakupki.gov.ru/223fz/missedNotice/1" xmlns:ns15="http://zakupki.gov.ru/223fz/complaint/1" xmlns:ns16="http://zakupki.gov.ru/223fz/decisionSuspension/1" xmlns:ns17="http://zakupki.gov.ru/223fz/purchasePlanAdditionalPosition/1" xmlns:ns18="http://zakupki.gov.ru/223fz/notificationIssue/1" xmlns:ns19="http://zakupki.gov.ru/223fz/webRequest/1" xmlns:ns2="http://zakupki.gov.ru/223fz/purchase/1" xmlns:xsi="http://www.w3.org/2001/XMLSchema-instance" xmlns:ns3="http://zakupki.gov.ru/223fz/dishonestSupplier/1" xmlns:ns4="http://zakupki.gov.ru/223fz/purchasePlan/1" xmlns:ns5="http://zakupki.gov.ru/223fz/purchasePlanProject/1" xmlns:ns6="http://zakupki.gov.ru/223fz/purchasePlanProjectAdditionalPosition/1" xmlns:ns7="http://zakupki.gov.ru/223fz/disagreementProtocol/1" xmlns:ns8="http://zakupki.gov.ru/223fz/reference/1" xmlns:ns9="http://zakupki.gov.ru/223fz/stopCommodity/1">
    <header>
        <guid>14524981-aec4-4a10-b5b5-b9287aa9bb72</guid>
        <createDateTime>2017-03-23T11:05:11</createDateTime>
    </header>
    <ns2:body>
        <ns2:item>
            <guid>f83036f8-e3db-0779-0ca7-d01a3db20f69</guid>
            <ns2:explanationData>
                <ns2:guid>f83036f8-e3db-0779-0ca7-d01a3db20f69</ns2:guid>
                <ns2:urlOOS>https://zakupki.gov.ru/223/purchase/private/purchase/explanation/details.html?explanationId=307699</ns2:urlOOS>
                <ns2:description>1) Видеорегистратор Domination IP-8 снят с производства, возможна ли замена на Domination IP-9? 
Ответ: Возможна, при условии соблюдения всех прочих технических требований задания. 

2) &lt;Шкаф настенный, 19" 2-секц., 600x560x604 мм, с металлической дверью вентилируемый&gt; компании Estap, производится в Турции. Возможно ли применение данного шкафа для выполнения работ? 
Ответ: Возможно. 

3)У вас отсутствует ограничение на применение товаров Турецкой республики? 
Ответ: Ограничения на данный вид оборудования не предусматриваются. 
</ns2:description>
                <ns2:requestSubjectInfo>Добрый день, уважаемый заказчик. Просим предоставить разъяснения по следующим вопросам:
1) Видеорегистратор Domination IP-8 снят с производства, возможна ли замена на Domination IP-9?
2) «Шкаф настенный, 19" 2-секц., 600x560x604 мм, с металлической дверью вентилируемый» компании Estap,  производится в Турции. Возможно ли применение данного шкафа для выполнения работ? У вас отсутствует ограничение на применение товаров Турецкой республики? 
</ns2:requestSubjectInfo>
                <ns2:requestDate>2017-03-22T12:09:48</ns2:requestDate>
                <ns2:status>P</ns2:status>
                <ns2:creationDate>2017-03-23T12:38:56</ns2:creationDate>
                <ns2:modificationDate>2017-03-23T13:05:11</ns2:modificationDate>
                <ns2:decisionDate>2017-03-23T10:38:56</ns2:decisionDate>
                <ns2:publishDate>2017-03-23T13:05:11</ns2:publishDate>
                <ns2:attachments>
                    <totalDocumentsCount>2</totalDocumentsCount>
                    <document>
                        <guid>ad242648-23bd-134a-c247-201a9a662abc</guid>
                        <createDateTime>2017-03-23T10:38:41</createDateTime>
                        <fileName>Ответ4.docx</fileName>
                        <description>Ответ4.docx</description>
                        <url>http://zakupki.gov.ru/223/purchase/public/download/download.html?id=30272715</url>
                    </document>
                    <document>
                        <guid>53d7d3a0-8fe7-c85b-7e31-94f6fc987538</guid>
                        <createDateTime>2017-03-22T12:09:43</createDateTime>
                        <fileName>Запрос_на_разъяснение_документации_к_процедуре[8].rtf</fileName>
                        <description>Запрос_на_разъяснение_документации_к_процедуре[8].rtf</description>
                        <url>http://zakupki.gov.ru/223/purchase/public/download/download.html?id=30272716</url>
                    </document>
                </ns2:attachments>
                <ns2:purchaseRegNum>31704872988</ns2:purchaseRegNum>
                <ns2:purchaseMethodCode>2910</ns2:purchaseMethodCode>
                <ns2:purchaseMethodName>открытый запрос предложений</ns2:purchaseMethodName>
                <ns2:purchaseName>Право заключения договора подряда на выполнение строительно-монтажных и пусконаладочных работ по объекту: «Установка системы видеонаблюдения на ПС «Паклинская», ПС «Гранитная» ПО «ЧГЭС» производственного отделения «Челябинские городские электрические сети» филиала ОАО «МРСК Урала» - «Челябэнерго».</ns2:purchaseName>
                <ns2:placer>
                    <mainInfo>
                        <fullName>Открытое акционерное общество "Межрегиональная распределительная сетевая компания Урала"</fullName>
                        <shortName>ОАО "МРСК Урала"</shortName>
                        <iko>56671163413667201001</iko>
                        <inn>6671163413</inn>
                        <kpp>667201001</kpp>
                        <ogrn>1056604000970</ogrn>
                        <legalAddress>620026, Свердловская, Екатеринбург, Мамина-Сибиряка, дом 140</legalAddress>
                        <postalAddress>620026, Свердловская область, Екатеринбург, Мамина-Сибиряка, дом 140 </postalAddress>
                        <phone>7-343-2152600</phone>
                        <fax>7-343-2152661</fax>
                        <email>mrsk@mrsk-ural.ru</email>
                        <okato>65401000000</okato>
                        <okpo>76507836</okpo>
                    </mainInfo>
                </ns2:placer>
                <ns2:emergency>false</ns2:emergency>
            </ns2:explanationData>
        </ns2:item>
    </ns2:body>
</ns2:explanation>
