<?xml version="1.0" encoding="UTF-8" standalone="yes"?>
<ns2:explanation xsi:schemaLocation="http://zakupki.gov.ru/223/integration/schema/TFF-5.2 http://zakupki.gov.ru/223/integration/schema/TFF-5.2/purchase.xsd" xmlns="http://zakupki.gov.ru/223fz/types/1" xmlns:ns10="http://zakupki.gov.ru/223fz/machineryListInfo/1" xmlns:ns11="http://zakupki.gov.ru/223fz/revenue/1" xmlns:ns12="http://zakupki.gov.ru/223fz/orderClauseList/1" xmlns:ns13="http://zakupki.gov.ru/223fz/contract/1" xmlns:ns14="http://zakupki.gov.ru/223fz/missedNotice/1" xmlns:ns15="http://zakupki.gov.ru/223fz/complaint/1" xmlns:ns16="http://zakupki.gov.ru/223fz/decisionSuspension/1" xmlns:ns17="http://zakupki.gov.ru/223fz/purchasePlanAdditionalPosition/1" xmlns:ns18="http://zakupki.gov.ru/223fz/notificationIssue/1" xmlns:ns19="http://zakupki.gov.ru/223fz/webRequest/1" xmlns:ns2="http://zakupki.gov.ru/223fz/purchase/1" xmlns:xsi="http://www.w3.org/2001/XMLSchema-instance" xmlns:ns3="http://zakupki.gov.ru/223fz/dishonestSupplier/1" xmlns:ns4="http://zakupki.gov.ru/223fz/purchasePlan/1" xmlns:ns5="http://zakupki.gov.ru/223fz/purchasePlanProject/1" xmlns:ns6="http://zakupki.gov.ru/223fz/purchasePlanProjectAdditionalPosition/1" xmlns:ns7="http://zakupki.gov.ru/223fz/disagreementProtocol/1" xmlns:ns8="http://zakupki.gov.ru/223fz/reference/1" xmlns:ns9="http://zakupki.gov.ru/223fz/stopCommodity/1">
    <header>
        <guid>cff30b71-c247-4733-a8b4-faa5b5e486bd</guid>
        <createDateTime>2017-03-23T14:53:20</createDateTime>
    </header>
    <ns2:body>
        <ns2:item>
            <guid>3ee0df3a-6ffb-4c40-bcdb-6fd195368ccc</guid>
            <ns2:explanationData>
                <ns2:guid>3ee0df3a-6ffb-4c40-bcdb-6fd195368ccc</ns2:guid>
                <ns2:urlOOS>https://zakupki.gov.ru/223/purchase/private/purchase/explanation/details.html?explanationId=307913</ns2:urlOOS>
                <ns2:description>Добрый день!
Являются ли 2 (два) договора на разработку рабочей документации сопоставимого объема  и характера (на сумму более 20 миллионов рублей) заключенные в 2014 году, но выполненный согласно подписанным с двух сторон актам приемки выполненных работ в 2016 году, подтверждением квалификации участника закупки</ns2:description>
                <ns2:requestSubjectInfo>Добрый день! Да, являются. Подтвержденные в 2016 году актами на сумму более 20 000 000,00 рублей.</ns2:requestSubjectInfo>
                <ns2:requestDate>2017-03-23T14:24:14</ns2:requestDate>
                <ns2:status>P</ns2:status>
                <ns2:creationDate>2017-03-23T16:24:14</ns2:creationDate>
                <ns2:modificationDate>2017-03-23T16:53:20</ns2:modificationDate>
                <ns2:decisionDate>2017-03-23T14:48:02</ns2:decisionDate>
                <ns2:publishDate>2017-03-23T16:53:20</ns2:publishDate>
                <ns2:attachments>
                    <totalDocumentsCount>1</totalDocumentsCount>
                    <document>
                        <guid>e83f942f-66f3-427c-ba3a-f813c02ae22b</guid>
                        <createDateTime>2017-03-23T14:48:00</createDateTime>
                        <fileName>Документ.html</fileName>
                        <description>Документ</description>
                        <url>http://zakupki.gov.ru/223/purchase/public/download/download.html?id=30286198</url>
                    </document>
                </ns2:attachments>
                <ns2:purchaseRegNum>31704898085</ns2:purchaseRegNum>
                <ns2:purchaseMethodCode>109851</ns2:purchaseMethodCode>
                <ns2:purchaseMethodName>Запрос предложений в электронной форме</ns2:purchaseMethodName>
                <ns2:purchaseName>0834-00082 Оказание услуг по разработке рабочей документации "Реконструкция механического цеха для выпуска спецпродукции", открытое акционерное общество "Верхнетуринский машиностроительный завод"</ns2:purchaseName>
                <ns2:placer>
                    <mainInfo>
                        <fullName>ОБЩЕСТВО С ОГРАНИЧЕННОЙ ОТВЕТСТВЕННОСТЬЮ "ЭТП"</fullName>
                        <shortName>ООО "ЭТП"</shortName>
                        <iko>51655218458165501001</iko>
                        <inn>1655218458</inn>
                        <kpp>165501001</kpp>
                        <ogrn>1111690052099</ogrn>
                        <legalAddress>420097, РЕСП ТАТАРСТАН, Г КАЗАНЬ, УЛ ДОСТОЕВСКОГО, дом 66</legalAddress>
                        <postalAddress>420097, Казань Город, Достоевского Улица, 66</postalAddress>
                        <phone>8-800-7000369</phone>
                        <email>funky-b@inbox.ru</email>
                        <okato>92401367000</okato>
                        <okpo>92272054</okpo>
                    </mainInfo>
                </ns2:placer>
                <ns2:emergency>false</ns2:emergency>
            </ns2:explanationData>
        </ns2:item>
    </ns2:body>
</ns2:explanation>
