<?xml version="1.0" encoding="UTF-8" standalone="yes"?>
<ns2:explanation xsi:schemaLocation="http://zakupki.gov.ru/223/integration/schema/TFF-5.2 http://zakupki.gov.ru/223/integration/schema/TFF-5.2/purchase.xsd" xmlns="http://zakupki.gov.ru/223fz/types/1" xmlns:ns10="http://zakupki.gov.ru/223fz/machineryListInfo/1" xmlns:ns11="http://zakupki.gov.ru/223fz/revenue/1" xmlns:ns12="http://zakupki.gov.ru/223fz/orderClauseList/1" xmlns:ns13="http://zakupki.gov.ru/223fz/contract/1" xmlns:ns14="http://zakupki.gov.ru/223fz/missedNotice/1" xmlns:ns15="http://zakupki.gov.ru/223fz/complaint/1" xmlns:ns16="http://zakupki.gov.ru/223fz/decisionSuspension/1" xmlns:ns17="http://zakupki.gov.ru/223fz/purchasePlanAdditionalPosition/1" xmlns:ns18="http://zakupki.gov.ru/223fz/notificationIssue/1" xmlns:ns19="http://zakupki.gov.ru/223fz/webRequest/1" xmlns:ns2="http://zakupki.gov.ru/223fz/purchase/1" xmlns:xsi="http://www.w3.org/2001/XMLSchema-instance" xmlns:ns3="http://zakupki.gov.ru/223fz/dishonestSupplier/1" xmlns:ns4="http://zakupki.gov.ru/223fz/purchasePlan/1" xmlns:ns5="http://zakupki.gov.ru/223fz/purchasePlanProject/1" xmlns:ns6="http://zakupki.gov.ru/223fz/purchasePlanProjectAdditionalPosition/1" xmlns:ns7="http://zakupki.gov.ru/223fz/disagreementProtocol/1" xmlns:ns8="http://zakupki.gov.ru/223fz/reference/1" xmlns:ns9="http://zakupki.gov.ru/223fz/stopCommodity/1">
    <header>
        <guid>16175473-ddae-4352-904a-96a6e0b78966</guid>
        <createDateTime>2017-03-23T12:10:10</createDateTime>
    </header>
    <ns2:body>
        <ns2:item>
            <guid>7a9888ea-fb0a-1ee7-83f4-f24063d819ab</guid>
            <ns2:explanationData>
                <ns2:guid>7a9888ea-fb0a-1ee7-83f4-f24063d819ab</ns2:guid>
                <ns2:urlOOS>https://zakupki.gov.ru/223/purchase/private/purchase/explanation/details.html?explanationId=307760</ns2:urlOOS>
                <ns2:description>Согласно закупочной документации (Том 1) п.7 "предложение частичного выполнения поставки не допускается".</ns2:description>
                <ns2:requestSubjectInfo>Возможна ли подача предложений на определенные позиции?</ns2:requestSubjectInfo>
                <ns2:requestDate>2017-03-23T13:43:52</ns2:requestDate>
                <ns2:status>P</ns2:status>
                <ns2:creationDate>2017-03-23T16:08:24</ns2:creationDate>
                <ns2:modificationDate>2017-03-23T14:10:10</ns2:modificationDate>
                <ns2:decisionDate>2017-03-24T01:59:59</ns2:decisionDate>
                <ns2:publishDate>2017-03-23T14:10:10</ns2:publishDate>
                <ns2:attachments>
                    <totalDocumentsCount>1</totalDocumentsCount>
                    <document>
                        <guid>7a9888ea-fb0a-1ee7-83f5-06ee0aee8450</guid>
                        <createDateTime>2017-03-23T14:08:25</createDateTime>
                        <fileName>вопрос+ответ.docx</fileName>
                        <description>вопрос+ответ.docx</description>
                        <url>http://zakupki.gov.ru/223/purchase/public/download/download.html?id=30277553</url>
                    </document>
                </ns2:attachments>
                <ns2:purchaseRegNum>31704917799</ns2:purchaseRegNum>
                <ns2:purchaseMethodCode>5907</ns2:purchaseMethodCode>
                <ns2:purchaseMethodName>Открытый запрос цен в электронной форме</ns2:purchaseMethodName>
                <ns2:purchaseName>Право заключения договора на поставку продукции (противогаз гражданский ГП-7, комплект КИМГЗ, укладка сумки санитарной по приказу 61Н) или эквивалент</ns2:purchaseName>
                <ns2:placer>
                    <mainInfo>
                        <fullName>ФЕДЕРАЛЬНОЕ ГОСУДАРСТВЕННОЕ УНИТАРНОЕ ПРЕДПРИЯТИЕ "УРАЛЬСКИЙ ЭЛЕКТРОМЕХАНИЧЕСКИЙ ЗАВОД"</fullName>
                        <shortName>ФГУП УЭМЗ</shortName>
                        <iko>56608004641667001001</iko>
                        <inn>6608004641</inn>
                        <kpp>667001001</kpp>
                        <ogrn>1026604973120</ogrn>
                        <legalAddress>620137, ОБЛ СВЕРДЛОВСКАЯ, Г ЕКАТЕРИНБУРГ, УЛ СТУДЕНЧЕСКАЯ, дом 9</legalAddress>
                        <postalAddress>620137, Свердловская, Екатеринбург, Студенческая, дом 9</postalAddress>
                        <phone>7-343-3413689</phone>
                        <fax>7-343-3413689</fax>
                        <email>kazantsev_av@uemz.ru</email>
                        <okato>65401373000</okato>
                        <okpo>07624904</okpo>
                    </mainInfo>
                </ns2:placer>
                <ns2:emergency>false</ns2:emergency>
            </ns2:explanationData>
        </ns2:item>
    </ns2:body>
</ns2:explanation>
