<?xml version="1.0" encoding="UTF-8" standalone="yes"?>
<ns2:purchaseNoticeZK xsi:schemaLocation="http://zakupki.gov.ru/223/integration/schema/TFF-5.2 http://zakupki.gov.ru/223/integration/schema/TFF-5.2/purchase.xsd" xmlns="http://zakupki.gov.ru/223fz/types/1" xmlns:ns10="http://zakupki.gov.ru/223fz/purchasePlan/1" xmlns:ns11="http://zakupki.gov.ru/223fz/purchasePlanProject/1" xmlns:ns12="http://zakupki.gov.ru/223fz/purchasePlanProjectAdditionalPosition/1" xmlns:ns13="http://zakupki.gov.ru/223fz/contract/1" xmlns:ns14="http://zakupki.gov.ru/223fz/missedNotice/1" xmlns:ns15="http://zakupki.gov.ru/223fz/reference/1" xmlns:ns16="http://zakupki.gov.ru/223fz/stopCommodity/1" xmlns:ns17="http://zakupki.gov.ru/223fz/decisionSuspension/1" xmlns:ns18="http://zakupki.gov.ru/223fz/purchasePlanAdditionalPosition/1" xmlns:ns19="http://zakupki.gov.ru/223fz/webRequest/1" xmlns:ns2="http://zakupki.gov.ru/223fz/purchase/1" xmlns:xsi="http://www.w3.org/2001/XMLSchema-instance" xmlns:ns3="http://zakupki.gov.ru/223fz/dishonestSupplier/1" xmlns:ns4="http://zakupki.gov.ru/223fz/machineryListInfo/1" xmlns:ns5="http://zakupki.gov.ru/223fz/revenue/1" xmlns:ns6="http://zakupki.gov.ru/223fz/orderClauseList/1" xmlns:ns7="http://zakupki.gov.ru/223fz/disagreementProtocol/1" xmlns:ns8="http://zakupki.gov.ru/223fz/complaint/1" xmlns:ns9="http://zakupki.gov.ru/223fz/notificationIssue/1">
    <header>
        <guid>e2fbc3e4-1eef-4e8b-ad31-4e9ac5a6080f</guid>
        <createDateTime>2017-03-16T18:32:10</createDateTime>
    </header>
    <ns2:body>
        <ns2:item>
            <guid>1eaca322-da73-4edc-aede-2dbaeeea64e5</guid>
            <ns2:purchaseNoticeZKData>
                <ns2:guid>1eaca322-da73-4edc-aede-2dbaeeea64e5</ns2:guid>
                <ns2:createDateTime>2017-03-16T18:24:50</ns2:createDateTime>
                <ns2:urlOOS>https://zakupki.gov.ru/223/purchase/private/purchase/notice-info/details.html?noticeInfoId=5888312</ns2:urlOOS>
                <ns2:registrationNumber>31704899945</ns2:registrationNumber>
                <ns2:name>Услуги по предоставлению сети «Интернет»</ns2:name>
                <ns2:customer>
                    <mainInfo>
                        <fullName>ФЕДЕРАЛЬНОЕ АВТОНОМНОЕ УЧРЕЖДЕНИЕ МИНИСТЕРСТВА ОБОРОНЫ РОССИЙСКОЙ ФЕДЕРАЦИИ "ЦЕНТРАЛЬНЫЙ СПОРТИВНЫЙ КЛУБ АРМИИ"</fullName>
                        <shortName>ФАУ МО РФ ЦСКА</shortName>
                        <iko>57714317863771401001</iko>
                        <inn>7714317863</inn>
                        <kpp>771401001</kpp>
                        <ogrn>1037714063078</ogrn>
                        <legalAddress>125167, г МОСКВА, пр-кт ЛЕНИНГРАДСКИЙ, дом 39, корпус 29</legalAddress>
                        <postalAddress>125167, Москва Город, Ленинградский Проспект, дом 39, строение 29</postalAddress>
                        <phone>7-495-6134545</phone>
                        <email>dalevan@cska.ru</email>
                        <okato>45277598000</okato>
                        <okpo>07659239</okpo>
                    </mainInfo>
                </ns2:customer>
                <ns2:purchaseMethodCode>3362</ns2:purchaseMethodCode>
                <ns2:purchaseCodeName>Запрос котировок</ns2:purchaseCodeName>
                <ns2:placer>
                    <mainInfo>
                        <fullName>филиал Федерального автономного учреждения Министерства обороны Российской Федерации "Центральный спортивный клуб Армии" (СКА, г. Санкт-Петербург)</fullName>
                        <shortName>филиал ФАУ МО РФ ЦСКА (СКА, г. Санкт-Петербург)</shortName>
                        <iko>57714317863784143001</iko>
                        <inn>7714317863</inn>
                        <kpp>784143001</kpp>
                        <ogrn>1037714063078</ogrn>
                        <legalAddress>191011, г. Санкт-Петербург, ул. Инженерная д.13</legalAddress>
                        <postalAddress>125167, Москва Город, Ленинградский Проспект, дом 39, строение 29</postalAddress>
                        <phone>7-812-5705222</phone>
                        <email>dalevan@cska.ru</email>
                        <okato>40298561000</okato>
                        <okpo>07884083</okpo>
                    </mainInfo>
                </ns2:placer>
                <ns2:contact>
                    <firstName>Владислав</firstName>
                    <middleName>Юрьевич</middleName>
                    <lastName>Тютчев</lastName>
                    <phone>+7 (812) 5705222</phone>
                    <email>mto-spb@cska.ru</email>
                    <organization>
                        <mainInfo>
                            <fullName>ФЕДЕРАЛЬНОЕ АВТОНОМНОЕ УЧРЕЖДЕНИЕ МИНИСТЕРСТВА ОБОРОНЫ РОССИЙСКОЙ ФЕДЕРАЦИИ "ЦЕНТРАЛЬНЫЙ СПОРТИВНЫЙ КЛУБ АРМИИ"</fullName>
                            <shortName>ФАУ МО РФ ЦСКА</shortName>
                            <iko>57714317863771401001</iko>
                            <inn>7714317863</inn>
                            <kpp>771401001</kpp>
                            <ogrn>1037714063078</ogrn>
                            <legalAddress>125167, г МОСКВА, пр-кт ЛЕНИНГРАДСКИЙ, дом 39, корпус 29</legalAddress>
                            <postalAddress>125167, Москва Город, Ленинградский Проспект, дом 39, строение 29</postalAddress>
                            <phone>7-495-6134545</phone>
                            <email>dalevan@cska.ru</email>
                            <okato>45277598000</okato>
                            <okpo>07659239</okpo>
                        </mainInfo>
                    </organization>
                </ns2:contact>
                <ns2:publicationDateTime>2017-03-16T18:32:10</ns2:publicationDateTime>
                <ns2:documentationDelivery>
                    <deliveryStartDateTime>2017-03-16</deliveryStartDateTime>
                    <deliveryEndDateTime>2017-03-22</deliveryEndDateTime>
                    <place>191011, Санкт-Петербург, улица Инженерная, дом 13</place>
                    <procedure>В соответствии с Документацией о Закупке</procedure>
                </ns2:documentationDelivery>
                <ns2:status>P</ns2:status>
                <ns2:version>1</ns2:version>
                <ns2:notDishonest>true</ns2:notDishonest>
                <ns2:attachments>
                    <totalDocumentsCount>3</totalDocumentsCount>
                    <document>
                        <guid>509ff2e1-3e83-4347-a8d9-e621a0d3e463</guid>
                        <createDateTime>2017-03-16T18:31:13</createDateTime>
                        <fileName>Приложение1-Техническое задание Интернет.docx</fileName>
                        <description>Приложение1-Техническое задание Интернет</description>
                        <url>http://zakupki.gov.ru/223/purchase/public/download/download.html?id=30120773</url>
                    </document>
                    <document>
                        <guid>eb74379b-424d-4601-abc0-7355d45eee65</guid>
                        <createDateTime>2017-03-16T18:31:19</createDateTime>
                        <fileName>Приложение2-Проект договора Интернет.docx</fileName>
                        <description>Приложение2-Проект договора Интернет</description>
                        <url>http://zakupki.gov.ru/223/purchase/public/download/download.html?id=30120775</url>
                    </document>
                    <document>
                        <guid>64bd19f2-7d56-45e2-bf3e-526932680fa0</guid>
                        <createDateTime>2017-03-16T18:31:06</createDateTime>
                        <fileName>Документация-Интернет.docx</fileName>
                        <description>Документация-Интернет</description>
                        <url>http://zakupki.gov.ru/223/purchase/public/download/download.html?id=30120767</url>
                    </document>
                </ns2:attachments>
                <ns2:modificationDate>2017-03-16T18:32:10</ns2:modificationDate>
                <ns2:saveUserId>241701</ns2:saveUserId>
                <ns2:deliveryPlaceIndication>DIFFERENT_PLACE</ns2:deliveryPlaceIndication>
                <ns2:emergency>false</ns2:emergency>
                <ns2:jointPurchase>false</ns2:jointPurchase>
                <ns2:lots>
                    <lot>
                        <guid>c128bfe3-d6a1-45bf-ad68-dac0940d9b40</guid>
                        <ordinalNumber>1</ordinalNumber>
                        <lotEditEnabled>false</lotEditEnabled>
                        <lotData>
                            <subject>Услуги доступа сети Интернет</subject>
                            <currency>
                                <code>RUB</code>
                                <digitalCode>643</digitalCode>
                                <name>Российский рубль</name>
                            </currency>
                            <initialSum>1152000.00</initialSum>
                            <deliveryPlace>
                                <state>Северо-Западный федеральный округ</state>
                                <region>Санкт-Петербург</region>
                                <regionOkato>40000000000</regionOkato>
                                <address>1 Спортивный комплекс 
(пос.Токсово)  пос.Токсово, 
ул. Санаторная, д.36 
      Санкт-Петербург
2 Спортивный комплекс 
(улица Иженерная) 
ул.Инженерная д.13
3 Спортивный комплекс 
(Крытый летний каток) 
Московский пр-т, д.17
4 г Спортивный комплекс 
(улица Звенигородская)  ул.Звенигородская, д.5
5 Спортивный дворец 
(Хоккейный)
ул. Ждановская д.2
6 Спортивный комплекс 
(Петроградский) 
ул.Дивенская, д.4
7 Спортивный комплекс 
(Плавательный) 
Средний пр-т В.О., д.87
8 Спортивный центр
(морской и физической подготовки, г. Кронштадт), ул. Петровская д.9
9 Спортивный центр 
(МиФП, г. Калининград) г. Калининград, ул. Рокоссовского, д.20
10 Спортивный центр 
(морской и физической подготовки, г. Североморск) ул. Душенова д.13б 
Спортивная рота, ул. Ломаная д.8
</address>
                            </deliveryPlace>
                            <lotItems>
                                <newCodes>true</newCodes>
                                <lotItem>
                                    <guid>daceff03-09ad-467e-8858-316393c69924</guid>
                                    <ordinalNumber>1</ordinalNumber>
                                    <okpd2>
                                        <code>61.10.4</code>
                                        <name>Услуги телекоммуникационные проводные в информационно-коммуникационной сети Интернет</name>
                                    </okpd2>
                                    <okved2>
                                        <code>61.10.3</code>
                                        <name>Деятельность по предоставлению услуг по передаче данных и услуг доступа к информационно-коммуникационной сети Интернет</name>
                                    </okved2>
                                    <okei>
                                        <code>362</code>
                                        <name>Месяц</name>
                                    </okei>
                                    <qty>12</qty>
                                </lotItem>
                            </lotItems>
                            <forSmallOrMiddle>false</forSmallOrMiddle>
                            <excludePurchaseFromPlan>false</excludePurchaseFromPlan>
                            <subcontractorsRequirement>false</subcontractorsRequirement>
                            <ignoredPurchase>false</ignoredPurchase>
                            <centralized>false</centralized>
                        </lotData>
                        <deliveryPlaceIndication>GL</deliveryPlaceIndication>
                        <jointLotData>
                            <jointLot>false</jointLot>
                        </jointLotData>
                        <lotPlanInfo>
                            <planRegistrationNumber>2160210394</planRegistrationNumber>
                            <planGuid>e9beac23-1fb4-4797-bb5f-b5e9269eba87</planGuid>
                            <positionNumber>170</positionNumber>
                            <lotPlanPosition>COMMODITY</lotPlanPosition>
                            <positionGuid>a9257b2b-055d-4496-9bd6-ac699a492946</positionGuid>
                        </lotPlanInfo>
                        <cancelled>false</cancelled>
                    </lot>
                </ns2:lots>
                <ns2:quotationExaminationTime>2017-03-22T10:00:00</ns2:quotationExaminationTime>
                <ns2:quotationExaminationPlace>191011, Санкт-Петербург, улица Инженерная, дом 13</ns2:quotationExaminationPlace>
                <ns2:submissionCloseDateTime>2017-03-22T09:15:00</ns2:submissionCloseDateTime>
                <ns2:publicationPlannedDate>2017-03-16</ns2:publicationPlannedDate>
            </ns2:purchaseNoticeZKData>
        </ns2:item>
    </ns2:body>
</ns2:purchaseNoticeZK>
