<?xml version="1.0" encoding="UTF-8" standalone="yes"?>
<ns2:purchaseNoticeZK xsi:schemaLocation="http://zakupki.gov.ru/223/integration/schema/TFF-5.2 http://zakupki.gov.ru/223/integration/schema/TFF-5.2/purchase.xsd" xmlns="http://zakupki.gov.ru/223fz/types/1" xmlns:ns10="http://zakupki.gov.ru/223fz/purchasePlan/1" xmlns:ns11="http://zakupki.gov.ru/223fz/purchasePlanProject/1" xmlns:ns12="http://zakupki.gov.ru/223fz/purchasePlanProjectAdditionalPosition/1" xmlns:ns13="http://zakupki.gov.ru/223fz/contract/1" xmlns:ns14="http://zakupki.gov.ru/223fz/missedNotice/1" xmlns:ns15="http://zakupki.gov.ru/223fz/reference/1" xmlns:ns16="http://zakupki.gov.ru/223fz/stopCommodity/1" xmlns:ns17="http://zakupki.gov.ru/223fz/decisionSuspension/1" xmlns:ns18="http://zakupki.gov.ru/223fz/purchasePlanAdditionalPosition/1" xmlns:ns19="http://zakupki.gov.ru/223fz/webRequest/1" xmlns:ns2="http://zakupki.gov.ru/223fz/purchase/1" xmlns:xsi="http://www.w3.org/2001/XMLSchema-instance" xmlns:ns3="http://zakupki.gov.ru/223fz/dishonestSupplier/1" xmlns:ns4="http://zakupki.gov.ru/223fz/machineryListInfo/1" xmlns:ns5="http://zakupki.gov.ru/223fz/revenue/1" xmlns:ns6="http://zakupki.gov.ru/223fz/orderClauseList/1" xmlns:ns7="http://zakupki.gov.ru/223fz/disagreementProtocol/1" xmlns:ns8="http://zakupki.gov.ru/223fz/complaint/1" xmlns:ns9="http://zakupki.gov.ru/223fz/notificationIssue/1">
    <header>
        <guid>0f2a0176-4a6d-4813-9874-1644be1af1e5</guid>
        <createDateTime>2017-03-16T15:16:51</createDateTime>
    </header>
    <ns2:body>
        <ns2:item>
            <guid>50989a38-bc12-47bf-9d5d-e17218c89283</guid>
            <ns2:purchaseNoticeZKData>
                <ns2:guid>50989a38-bc12-47bf-9d5d-e17218c89283</ns2:guid>
                <ns2:createDateTime>2017-03-16T15:09:00</ns2:createDateTime>
                <ns2:urlOOS>https://zakupki.gov.ru/223/purchase/private/purchase/notice-info/details.html?noticeInfoId=5886586</ns2:urlOOS>
                <ns2:registrationNumber>31704898476</ns2:registrationNumber>
                <ns2:name>Поставка крови бараньей для проведения лабораторных исследований.</ns2:name>
                <ns2:customer>
                    <mainInfo>
                        <fullName>ФЕДЕРАЛЬНОЕ ГОСУДАРСТВЕННОЕ БЮДЖЕТНОЕ УЧРЕЖДЕНИЕ "ЦЕНТР ГОСУДАРСТВЕННОГО САНИТАРНО-ЭПИДЕМИОЛОГИЧЕСКОГО НАДЗОРА" УПРАВЛЕНИЯ ДЕЛАМИ ПРЕЗИДЕНТА РОССИЙСКОЙ ФЕДЕРАЦИИ</fullName>
                        <shortName>ФГБУ "ЦЕНТР ГОССАНЭПИДНАДЗОРА"</shortName>
                        <iko>87731027963773101001</iko>
                        <inn>7731027963</inn>
                        <kpp>773101001</kpp>
                        <ogrn>1037739693090</ogrn>
                        <legalAddress>121359, Москва, ТИМОШЕНКО МАРШАЛА, дом 23</legalAddress>
                        <postalAddress>121359, г. Москва, ул. Маршала Тимошенко, д. 23</postalAddress>
                        <phone>7-499-1418577</phone>
                        <fax>7-499-1495812</fax>
                        <email>cgsenudprf@rambler.ru</email>
                        <okato>45268562000</okato>
                        <okpo>01895855</okpo>
                    </mainInfo>
                </ns2:customer>
                <ns2:purchaseMethodCode>3362</ns2:purchaseMethodCode>
                <ns2:purchaseCodeName>Запрос котировок</ns2:purchaseCodeName>
                <ns2:placer>
                    <mainInfo>
                        <fullName>ФЕДЕРАЛЬНОЕ ГОСУДАРСТВЕННОЕ БЮДЖЕТНОЕ УЧРЕЖДЕНИЕ "ЦЕНТР ГОСУДАРСТВЕННОГО САНИТАРНО-ЭПИДЕМИОЛОГИЧЕСКОГО НАДЗОРА" УПРАВЛЕНИЯ ДЕЛАМИ ПРЕЗИДЕНТА РОССИЙСКОЙ ФЕДЕРАЦИИ</fullName>
                        <shortName>ФГБУ "ЦЕНТР ГОССАНЭПИДНАДЗОРА"</shortName>
                        <iko>87731027963773101001</iko>
                        <inn>7731027963</inn>
                        <kpp>773101001</kpp>
                        <ogrn>1037739693090</ogrn>
                        <legalAddress>121359, Москва, ТИМОШЕНКО МАРШАЛА, дом 23</legalAddress>
                        <postalAddress>121359, г. Москва, ул. Маршала Тимошенко, д. 23</postalAddress>
                        <phone>7-499-1418577</phone>
                        <fax>7-499-1495812</fax>
                        <email>cgsenudprf@rambler.ru</email>
                        <okato>45268562000</okato>
                        <okpo>01895855</okpo>
                    </mainInfo>
                </ns2:placer>
                <ns2:contact>
                    <firstName>Юлия</firstName>
                    <middleName>Борисовна</middleName>
                    <lastName>Крупнова</lastName>
                    <phone>+7 (499) 1495811</phone>
                    <fax>+7 (499) 1495812</fax>
                    <email>cgsenudprf@rambler.ru</email>
                    <organization>
                        <mainInfo>
                            <fullName>ФЕДЕРАЛЬНОЕ ГОСУДАРСТВЕННОЕ БЮДЖЕТНОЕ УЧРЕЖДЕНИЕ "ЦЕНТР ГОСУДАРСТВЕННОГО САНИТАРНО-ЭПИДЕМИОЛОГИЧЕСКОГО НАДЗОРА" УПРАВЛЕНИЯ ДЕЛАМИ ПРЕЗИДЕНТА РОССИЙСКОЙ ФЕДЕРАЦИИ</fullName>
                            <shortName>ФГБУ "ЦЕНТР ГОССАНЭПИДНАДЗОРА"</shortName>
                            <iko>87731027963773101001</iko>
                            <inn>7731027963</inn>
                            <kpp>773101001</kpp>
                            <ogrn>1037739693090</ogrn>
                            <legalAddress>121359, Москва, ТИМОШЕНКО МАРШАЛА, дом 23</legalAddress>
                            <postalAddress>121359, г. Москва, ул. Маршала Тимошенко, д. 23</postalAddress>
                            <phone>7-499-1418577</phone>
                            <fax>7-499-1495812</fax>
                            <email>cgsenudprf@rambler.ru</email>
                            <okato>45268562000</okato>
                            <okpo>01895855</okpo>
                        </mainInfo>
                    </organization>
                </ns2:contact>
                <ns2:publicationDateTime>2017-03-16T15:16:51</ns2:publicationDateTime>
                <ns2:documentationDelivery>
                    <deliveryStartDateTime>2017-03-16</deliveryStartDateTime>
                    <deliveryEndDateTime>2017-03-24</deliveryEndDateTime>
                    <place>Документация о закупке размещена в единой информационной системе "Интернет" на официальном сайте www.zakupki.gov.ru</place>
                    <procedure>Документация о закупке предоставляется по адресу Заказчика на бумажном носителе с 16.03.2017 года по 24.03.2017 года по предварительной заявке Участника</procedure>
                </ns2:documentationDelivery>
                <ns2:status>P</ns2:status>
                <ns2:version>1</ns2:version>
                <ns2:notDishonest>true</ns2:notDishonest>
                <ns2:attachments>
                    <totalDocumentsCount>1</totalDocumentsCount>
                    <document>
                        <guid>5cd23245-9843-4635-9e59-a77e949618eb</guid>
                        <createDateTime>2017-03-16T15:15:19</createDateTime>
                        <fileName>обоснование нмц, проект договора, кот. заявка, тех. задание.doc</fileName>
                        <description>обоснование нмц, проект договора, кот. заявка, тех. задание</description>
                        <url>http://zakupki.gov.ru/223/purchase/public/download/download.html?id=30112741</url>
                    </document>
                </ns2:attachments>
                <ns2:modificationDate>2017-03-16T15:16:51</ns2:modificationDate>
                <ns2:saveUserId>121540</ns2:saveUserId>
                <ns2:deliveryPlaceIndication>DIFFERENT_PLACE</ns2:deliveryPlaceIndication>
                <ns2:emergency>false</ns2:emergency>
                <ns2:jointPurchase>false</ns2:jointPurchase>
                <ns2:lots>
                    <lot>
                        <guid>f68e6630-4d29-4605-8a5f-c3377fe251eb</guid>
                        <ordinalNumber>1</ordinalNumber>
                        <lotEditEnabled>false</lotEditEnabled>
                        <lotData>
                            <subject>Поставка крови бараньей для проведения лабораторных исследований</subject>
                            <currency>
                                <code>RUB</code>
                                <digitalCode>643</digitalCode>
                                <name>Российский рубль</name>
                            </currency>
                            <initialSum>418000.00</initialSum>
                            <deliveryPlace>
                                <state>Центральный федеральный округ</state>
                                <region>Москва</region>
                                <regionOkato>45000000000</regionOkato>
                                <address>г. Москва, ул. Маршала Тимошенко, д. 23</address>
                            </deliveryPlace>
                            <lotItems>
                                <newCodes>true</newCodes>
                                <lotItem>
                                    <guid>02cf8277-6f8e-4377-948b-9f38f9e6811c</guid>
                                    <ordinalNumber>1</ordinalNumber>
                                    <okpd2>
                                        <code>21.10.60.193</code>
                                        <name>Кровь животных, приготовленная для использования в терапевтических, профилактических или диагностических целях</name>
                                    </okpd2>
                                    <okved2>
                                        <code>21.10</code>
                                        <name>Производство фармацевтических субстанций</name>
                                    </okved2>
                                    <okei>
                                        <code>642</code>
                                        <name>Единица</name>
                                    </okei>
                                    <qty>8</qty>
                                </lotItem>
                            </lotItems>
                            <forSmallOrMiddle>true</forSmallOrMiddle>
                            <excludePurchaseFromPlan>false</excludePurchaseFromPlan>
                            <subcontractorsRequirement>false</subcontractorsRequirement>
                            <ignoredPurchase>false</ignoredPurchase>
                            <centralized>false</centralized>
                        </lotData>
                        <deliveryPlaceIndication>GL</deliveryPlaceIndication>
                        <jointLotData>
                            <jointLot>false</jointLot>
                        </jointLotData>
                        <lotPlanInfo>
                            <planRegistrationNumber>2160215055</planRegistrationNumber>
                            <planGuid>873a3212-8603-420c-88a8-61363cb707eb</planGuid>
                            <positionNumber>8</positionNumber>
                            <lotPlanPosition>COMMODITY</lotPlanPosition>
                            <positionGuid>304be1c4-5b62-41e2-83b0-e01ce0119d9c</positionGuid>
                        </lotPlanInfo>
                        <cancelled>false</cancelled>
                    </lot>
                </ns2:lots>
                <ns2:quotationExaminationTime>2017-03-24T10:00:00</ns2:quotationExaminationTime>
                <ns2:quotationExaminationPlace>г. Москва, ул. Маршала Тимошенко, д. 23, к. 305. В связи с наличием пропускного режима на территории Заказчика необходимо предварительно заказать пропуск по тел. (499) 141-85-77</ns2:quotationExaminationPlace>
                <ns2:quotationForm>см. документация о проведении запроса котировок</ns2:quotationForm>
                <ns2:submissionCloseDateTime>2017-03-24T10:00:00</ns2:submissionCloseDateTime>
                <ns2:publicationPlannedDate>2017-03-16</ns2:publicationPlannedDate>
            </ns2:purchaseNoticeZKData>
        </ns2:item>
    </ns2:body>
</ns2:purchaseNoticeZK>
