<?xml version="1.0" encoding="UTF-8" standalone="yes"?>
<ns2:purchaseNoticeZK xsi:schemaLocation="http://zakupki.gov.ru/223/integration/schema/TFF-5.2 http://zakupki.gov.ru/223/integration/schema/TFF-5.2/purchase.xsd" xmlns="http://zakupki.gov.ru/223fz/types/1" xmlns:ns10="http://zakupki.gov.ru/223fz/purchasePlan/1" xmlns:ns11="http://zakupki.gov.ru/223fz/purchasePlanProject/1" xmlns:ns12="http://zakupki.gov.ru/223fz/purchasePlanProjectAdditionalPosition/1" xmlns:ns13="http://zakupki.gov.ru/223fz/contract/1" xmlns:ns14="http://zakupki.gov.ru/223fz/missedNotice/1" xmlns:ns15="http://zakupki.gov.ru/223fz/reference/1" xmlns:ns16="http://zakupki.gov.ru/223fz/stopCommodity/1" xmlns:ns17="http://zakupki.gov.ru/223fz/decisionSuspension/1" xmlns:ns18="http://zakupki.gov.ru/223fz/purchasePlanAdditionalPosition/1" xmlns:ns19="http://zakupki.gov.ru/223fz/webRequest/1" xmlns:ns2="http://zakupki.gov.ru/223fz/purchase/1" xmlns:xsi="http://www.w3.org/2001/XMLSchema-instance" xmlns:ns3="http://zakupki.gov.ru/223fz/dishonestSupplier/1" xmlns:ns4="http://zakupki.gov.ru/223fz/machineryListInfo/1" xmlns:ns5="http://zakupki.gov.ru/223fz/revenue/1" xmlns:ns6="http://zakupki.gov.ru/223fz/orderClauseList/1" xmlns:ns7="http://zakupki.gov.ru/223fz/disagreementProtocol/1" xmlns:ns8="http://zakupki.gov.ru/223fz/complaint/1" xmlns:ns9="http://zakupki.gov.ru/223fz/notificationIssue/1">
    <header>
        <guid>82665387-3341-4e82-ac40-2f71e44e7d0b</guid>
        <createDateTime>2017-03-16T22:29:56</createDateTime>
    </header>
    <ns2:body>
        <ns2:item>
            <guid>2e5ed701-cc38-4208-a4b7-0b6dc96594a9</guid>
            <ns2:purchaseNoticeZKData>
                <ns2:guid>2e5ed701-cc38-4208-a4b7-0b6dc96594a9</ns2:guid>
                <ns2:createDateTime>2017-03-16T22:26:34</ns2:createDateTime>
                <ns2:urlOOS>https://zakupki.gov.ru/223/purchase/private/purchase/notice-info/details.html?noticeInfoId=5888540</ns2:urlOOS>
                <ns2:registrationNumber>31704900153</ns2:registrationNumber>
                <ns2:name>Запрос котировок на оказание услуг позамерам сопротивления и изоляции для нужд ГАУЗ «СП № 3 ДЗМ» в 2017году
</ns2:name>
                <ns2:customer>
                    <mainInfo>
                        <fullName>ГОСУДАРСТВЕННОЕ АВТОНОМНОЕ УЧРЕЖДЕНИЕ ЗДРАВООХРАНЕНИЯ ГОРОДА МОСКВЫ "СТОМАТОЛОГИЧЕСКАЯ ПОЛИКЛИНИКА № 3 ДЕПАРТАМЕНТА ЗДРАВООХРАНЕНИЯ ГОРОДА МОСКВЫ"</fullName>
                        <shortName>ГАУЗ "СП № 3 ДЗМ"</shortName>
                        <iko>57705053597770501001</iko>
                        <inn>7705053597</inn>
                        <kpp>770501001</kpp>
                        <ogrn>1037700123042</ogrn>
                        <legalAddress>115093, г МОСКВА, ул ЩИПОК, дом 6/8</legalAddress>
                        <postalAddress>115093, МОСКВА г, ул ЩИПОК, дом 6/8.</postalAddress>
                        <phone>8-499-2368288</phone>
                        <fax>8-499-2365293</fax>
                        <email>info@sp3.mosgorzdrav.ru</email>
                        <okato>45286560000</okato>
                        <okpo>05021136</okpo>
                    </mainInfo>
                </ns2:customer>
                <ns2:purchaseMethodCode>3362</ns2:purchaseMethodCode>
                <ns2:purchaseCodeName>Запрос котировок</ns2:purchaseCodeName>
                <ns2:placer>
                    <mainInfo>
                        <fullName>ГОСУДАРСТВЕННОЕ АВТОНОМНОЕ УЧРЕЖДЕНИЕ ЗДРАВООХРАНЕНИЯ ГОРОДА МОСКВЫ "СТОМАТОЛОГИЧЕСКАЯ ПОЛИКЛИНИКА № 3 ДЕПАРТАМЕНТА ЗДРАВООХРАНЕНИЯ ГОРОДА МОСКВЫ"</fullName>
                        <shortName>ГАУЗ "СП № 3 ДЗМ"</shortName>
                        <iko>57705053597770501001</iko>
                        <inn>7705053597</inn>
                        <kpp>770501001</kpp>
                        <ogrn>1037700123042</ogrn>
                        <legalAddress>115093, г МОСКВА, ул ЩИПОК, дом 6/8</legalAddress>
                        <postalAddress>115093, МОСКВА г, ул ЩИПОК, дом 6/8.</postalAddress>
                        <phone>8-499-2368288</phone>
                        <fax>8-499-2365293</fax>
                        <email>info@sp3.mosgorzdrav.ru</email>
                        <okato>45286560000</okato>
                        <okpo>05021136</okpo>
                    </mainInfo>
                </ns2:placer>
                <ns2:contact>
                    <phone>+7 (499) 2388288</phone>
                    <email>atk83@mail.ru</email>
                    <organization>
                        <mainInfo>
                            <fullName>ГОСУДАРСТВЕННОЕ АВТОНОМНОЕ УЧРЕЖДЕНИЕ ЗДРАВООХРАНЕНИЯ ГОРОДА МОСКВЫ "СТОМАТОЛОГИЧЕСКАЯ ПОЛИКЛИНИКА № 3 ДЕПАРТАМЕНТА ЗДРАВООХРАНЕНИЯ ГОРОДА МОСКВЫ"</fullName>
                            <shortName>ГАУЗ "СП № 3 ДЗМ"</shortName>
                            <iko>57705053597770501001</iko>
                            <inn>7705053597</inn>
                            <kpp>770501001</kpp>
                            <ogrn>1037700123042</ogrn>
                            <legalAddress>115093, г МОСКВА, ул ЩИПОК, дом 6/8</legalAddress>
                            <postalAddress>115093, МОСКВА г, ул ЩИПОК, дом 6/8.</postalAddress>
                            <phone>8-499-2368288</phone>
                            <fax>8-499-2365293</fax>
                            <email>info@sp3.mosgorzdrav.ru</email>
                            <okato>45286560000</okato>
                            <okpo>05021136</okpo>
                        </mainInfo>
                    </organization>
                </ns2:contact>
                <ns2:publicationDateTime>2017-03-16T22:29:56</ns2:publicationDateTime>
                <ns2:documentationDelivery>
                    <deliveryStartDateTime>2017-03-17</deliveryStartDateTime>
                    <deliveryEndDateTime>2017-03-22</deliveryEndDateTime>
                    <place>г. Москва, ул. Щипок, д. 6/8, каб. экономисты</place>
                    <procedure>по письменному запросу</procedure>
                </ns2:documentationDelivery>
                <ns2:status>P</ns2:status>
                <ns2:version>1</ns2:version>
                <ns2:notDishonest>true</ns2:notDishonest>
                <ns2:attachments>
                    <totalDocumentsCount>1</totalDocumentsCount>
                    <document>
                        <guid>4b488956-6a77-4c2c-aab1-f922fac35ae7</guid>
                        <createDateTime>2017-03-16T22:29:27</createDateTime>
                        <fileName>ДОКУМЕНТАЦИЯ О ПРОВЕДЕНИИ ЗАПРОСА КОТИРОВОК замеры.doc</fileName>
                        <description>ДОКУМЕНТАЦИЯ О ПРОВЕДЕНИИ ЗАПРОСА КОТИРОВОК замеры</description>
                        <url>http://zakupki.gov.ru/223/purchase/public/download/download.html?id=30121769</url>
                    </document>
                </ns2:attachments>
                <ns2:modificationDate>2017-03-16T22:29:56</ns2:modificationDate>
                <ns2:saveUserId>127998</ns2:saveUserId>
                <ns2:deliveryPlaceIndication>DIFFERENT_PLACE</ns2:deliveryPlaceIndication>
                <ns2:emergency>false</ns2:emergency>
                <ns2:jointPurchase>false</ns2:jointPurchase>
                <ns2:lots>
                    <lot>
                        <guid>f92a7757-2b24-47a9-b9ba-464b7b37038e</guid>
                        <ordinalNumber>1</ordinalNumber>
                        <lotEditEnabled>false</lotEditEnabled>
                        <lotData>
                            <subject>оказание услуг по замерам сопротивления </subject>
                            <currency>
                                <code>RUB</code>
                                <digitalCode>643</digitalCode>
                                <name>Российский рубль</name>
                            </currency>
                            <initialSum>287172.33</initialSum>
                            <deliveryPlace>
                                <state>Центральный федеральный округ</state>
                                <region>Москва</region>
                                <regionOkato>45000000000</regionOkato>
                                <address>г. Москва, ул. Щипок, д. 6/8</address>
                            </deliveryPlace>
                            <lotItems>
                                <newCodes>true</newCodes>
                                <lotItem>
                                    <guid>fcf9a39f-62a5-49cd-adc0-4c5ccff1d836</guid>
                                    <ordinalNumber>1</ordinalNumber>
                                    <okpd2>
                                        <code>71.20.13.110</code>
                                        <name>Услуги в области испытаний и анализа механических и электрических характеристик машин, двигателей, автомобилей, станков, приборов, аппаратуры связи и прочего комплектного оборудования, содержащего механические и электрические компоненты</name>
                                    </okpd2>
                                    <okved2>
                                        <code>71.20</code>
                                        <name>Технические испытания, исследования, анализ и сертификация</name>
                                    </okved2>
                                    <okei>
                                        <code>876</code>
                                        <name>Условная единица</name>
                                    </okei>
                                    <qty>1</qty>
                                </lotItem>
                            </lotItems>
                            <forSmallOrMiddle>false</forSmallOrMiddle>
                            <excludePurchaseFromPlan>false</excludePurchaseFromPlan>
                            <subcontractorsRequirement>false</subcontractorsRequirement>
                            <ignoredPurchase>false</ignoredPurchase>
                            <centralized>false</centralized>
                        </lotData>
                        <deliveryPlaceIndication>GL</deliveryPlaceIndication>
                        <jointLotData>
                            <jointLot>false</jointLot>
                        </jointLotData>
                        <lotPlanInfo>
                            <planRegistrationNumber>2170221795</planRegistrationNumber>
                            <planGuid>147fa9ca-6d8b-43c9-9ba8-a9415bf2f68d</planGuid>
                            <positionNumber>17</positionNumber>
                            <lotPlanPosition>COMMODITY</lotPlanPosition>
                            <positionGuid>7f8a9ed9-8b6a-4507-99b1-136ed5b7288e</positionGuid>
                        </lotPlanInfo>
                        <cancelled>false</cancelled>
                    </lot>
                </ns2:lots>
                <ns2:quotationExaminationTime>2017-03-24T16:05:00</ns2:quotationExaminationTime>
                <ns2:quotationExaminationPlace>г. Москва, ул. Щипок, д. 6/8, каб. экономисты</ns2:quotationExaminationPlace>
                <ns2:quotationForm>В бумажном виде</ns2:quotationForm>
                <ns2:submissionCloseDateTime>2017-03-24T16:05:00</ns2:submissionCloseDateTime>
                <ns2:publicationPlannedDate>2017-03-16</ns2:publicationPlannedDate>
            </ns2:purchaseNoticeZKData>
        </ns2:item>
    </ns2:body>
</ns2:purchaseNoticeZK>
