<?xml version="1.0" encoding="UTF-8" standalone="yes"?>
<ns2:purchaseNoticeZK xsi:schemaLocation="http://zakupki.gov.ru/223/integration/schema/TFF-5.2 http://zakupki.gov.ru/223/integration/schema/TFF-5.2/purchase.xsd" xmlns="http://zakupki.gov.ru/223fz/types/1" xmlns:ns10="http://zakupki.gov.ru/223fz/purchasePlan/1" xmlns:ns11="http://zakupki.gov.ru/223fz/purchasePlanProject/1" xmlns:ns12="http://zakupki.gov.ru/223fz/purchasePlanProjectAdditionalPosition/1" xmlns:ns13="http://zakupki.gov.ru/223fz/contract/1" xmlns:ns14="http://zakupki.gov.ru/223fz/missedNotice/1" xmlns:ns15="http://zakupki.gov.ru/223fz/reference/1" xmlns:ns16="http://zakupki.gov.ru/223fz/stopCommodity/1" xmlns:ns17="http://zakupki.gov.ru/223fz/decisionSuspension/1" xmlns:ns18="http://zakupki.gov.ru/223fz/purchasePlanAdditionalPosition/1" xmlns:ns19="http://zakupki.gov.ru/223fz/webRequest/1" xmlns:ns2="http://zakupki.gov.ru/223fz/purchase/1" xmlns:xsi="http://www.w3.org/2001/XMLSchema-instance" xmlns:ns3="http://zakupki.gov.ru/223fz/dishonestSupplier/1" xmlns:ns4="http://zakupki.gov.ru/223fz/machineryListInfo/1" xmlns:ns5="http://zakupki.gov.ru/223fz/revenue/1" xmlns:ns6="http://zakupki.gov.ru/223fz/orderClauseList/1" xmlns:ns7="http://zakupki.gov.ru/223fz/disagreementProtocol/1" xmlns:ns8="http://zakupki.gov.ru/223fz/complaint/1" xmlns:ns9="http://zakupki.gov.ru/223fz/notificationIssue/1">
    <header>
        <guid>eacd21d9-1c57-4508-b2b3-4117aa0a1f84</guid>
        <createDateTime>2017-03-16T09:01:50</createDateTime>
    </header>
    <ns2:body>
        <ns2:item>
            <guid>ce24be8e-873a-474f-b1c3-f0cde439398a</guid>
            <ns2:purchaseNoticeZKData>
                <ns2:guid>ce24be8e-873a-474f-b1c3-f0cde439398a</ns2:guid>
                <ns2:createDateTime>2017-03-16T09:00:01</ns2:createDateTime>
                <ns2:urlOOS>https://zakupki.gov.ru/223/purchase/private/purchase/notice-info/details.html?noticeInfoId=5882508</ns2:urlOOS>
                <ns2:registrationNumber>31704890803</ns2:registrationNumber>
                <ns2:name>Оказание услуг по предоставлению онлайн доступа к информационно-справочной системеме "Техэксперт: Базовые </ns2:name>
                <ns2:customer>
                    <mainInfo>
                        <fullName>ФЕДЕРАЛЬНОЕ БЮДЖЕТНОЕ УЧРЕЖДЕНИЕ ЗДРАВООХРАНЕНИЯ "ЦЕНТР ГИГИЕНЫ И ЭПИДЕМИОЛОГИИ ПО ЖЕЛЕЗНОДОРОЖНОМУ ТРАНСПОРТУ"</fullName>
                        <shortName>ФБУЗ "ЦЕНТР ГИГИЕНЫ И ЭПИДЕМИОЛОГИИ ПО ЖЕЛЕЗНОДОРОЖНОМУ ТРАНСПОРТУ"</shortName>
                        <iko>57701351634770101001</iko>
                        <inn>7701351634</inn>
                        <kpp>770101001</kpp>
                        <ogrn>1057701020816</ogrn>
                        <legalAddress>105066, Г МОСКВА, ПЕР БАСМАННЫЙ 1-Й, дом ДОМ 8, корпус СТРОЕНИЕ 2</legalAddress>
                        <postalAddress>105066, Москва Город, Басманный 1-й Переулок, дом 8, строение 2</postalAddress>
                        <phone>8-499-2657679</phone>
                        <email>fcrw@mail.ru</email>
                        <okato>45286555000</okato>
                        <okpo>76088820</okpo>
                    </mainInfo>
                </ns2:customer>
                <ns2:purchaseMethodCode>3362</ns2:purchaseMethodCode>
                <ns2:purchaseCodeName>Запрос котировок</ns2:purchaseCodeName>
                <ns2:placer>
                    <mainInfo>
                        <fullName>Северобайкальский филиал федерального бюджетного учреждения здравоохранения "Центр гигиены и эпидемиологии по железнодорожному транспорту"</fullName>
                        <shortName>Северобайкальский филиал ФБУЗ "Центр гигиены и эпидемиологии по железнодорожному транспорту"</shortName>
                        <iko>57701351634031702001</iko>
                        <inn>7701351634</inn>
                        <kpp>031702001</kpp>
                        <ogrn>1057701020816</ogrn>
                        <legalAddress>671701, Респ. Бурятия, г. Северобайкальск, ул. Ленинградская, д. 24</legalAddress>
                        <postalAddress>105066, Москва Город, Басманный 1-й Переулок, дом 8, строение 2</postalAddress>
                        <phone>7-30130-27646</phone>
                        <fax>7-30130-21165</fax>
                        <email>fcrw@mail.ru</email>
                        <okato>81420000000</okato>
                        <okpo>31614492</okpo>
                    </mainInfo>
                </ns2:placer>
                <ns2:contact>
                    <firstName>Людмила </firstName>
                    <middleName>Геннадьевна</middleName>
                    <lastName>Могильникова</lastName>
                    <phone>+7 (30130) 27646</phone>
                    <fax>+7 (30130) 21165</fax>
                    <email>csen10@mail/ru</email>
                    <organization>
                        <mainInfo>
                            <fullName>ФЕДЕРАЛЬНОЕ БЮДЖЕТНОЕ УЧРЕЖДЕНИЕ ЗДРАВООХРАНЕНИЯ "ЦЕНТР ГИГИЕНЫ И ЭПИДЕМИОЛОГИИ ПО ЖЕЛЕЗНОДОРОЖНОМУ ТРАНСПОРТУ"</fullName>
                            <shortName>ФБУЗ "ЦЕНТР ГИГИЕНЫ И ЭПИДЕМИОЛОГИИ ПО ЖЕЛЕЗНОДОРОЖНОМУ ТРАНСПОРТУ"</shortName>
                            <iko>57701351634770101001</iko>
                            <inn>7701351634</inn>
                            <kpp>770101001</kpp>
                            <ogrn>1057701020816</ogrn>
                            <legalAddress>105066, Г МОСКВА, ПЕР БАСМАННЫЙ 1-Й, дом ДОМ 8, корпус СТРОЕНИЕ 2</legalAddress>
                            <postalAddress>105066, Москва Город, Басманный 1-й Переулок, дом 8, строение 2</postalAddress>
                            <phone>8-499-2657679</phone>
                            <email>fcrw@mail.ru</email>
                            <okato>45286555000</okato>
                            <okpo>76088820</okpo>
                        </mainInfo>
                    </organization>
                </ns2:contact>
                <ns2:publicationDateTime>2017-03-16T09:01:50</ns2:publicationDateTime>
                <ns2:documentationDelivery>
                    <deliveryStartDateTime>2017-03-16</deliveryStartDateTime>
                    <deliveryEndDateTime>2017-03-24</deliveryEndDateTime>
                    <place>671700,Республика Бурятия,  г. Северобайкальск, ул. Ленинградская, д. 24</place>
                    <procedure>в письменной форме в запечатанном конверте</procedure>
                </ns2:documentationDelivery>
                <ns2:status>P</ns2:status>
                <ns2:version>2</ns2:version>
                <ns2:modificationDescription>устранение ошибок в документации</ns2:modificationDescription>
                <ns2:notDishonest>true</ns2:notDishonest>
                <ns2:attachments>
                    <totalDocumentsCount>2</totalDocumentsCount>
                    <document>
                        <guid>1c1960c9-a956-4991-9f10-4ddc31c9f6ee</guid>
                        <createDateTime>2017-03-16T09:00:50</createDateTime>
                        <fileName>Документация запрос котировок.doc</fileName>
                        <description>Документация запрос котировок</description>
                        <url>http://zakupki.gov.ru/223/purchase/public/download/download.html?id=30092266</url>
                    </document>
                    <document>
                        <guid>c8da23dd-3209-410c-9fe7-a93fabfaec5d</guid>
                        <createDateTime>2017-03-15T11:43:52</createDateTime>
                        <fileName>Документация запрос котировок.doc</fileName>
                        <description>Документация запрос котировок</description>
                        <url>http://zakupki.gov.ru/223/purchase/public/download/download.html?id=30092188</url>
                    </document>
                </ns2:attachments>
                <ns2:modificationDate>2017-03-16T09:01:50</ns2:modificationDate>
                <ns2:saveUserId>136016</ns2:saveUserId>
                <ns2:deliveryPlaceIndication>SINGLE_PLACE</ns2:deliveryPlaceIndication>
                <ns2:emergency>false</ns2:emergency>
                <ns2:jointPurchase>false</ns2:jointPurchase>
                <ns2:lots>
                    <lot>
                        <guid>66c1f826-9b5b-4eae-93a7-52a5963dc7b6</guid>
                        <ordinalNumber>1</ordinalNumber>
                        <lotEditEnabled>false</lotEditEnabled>
                        <lotData>
                            <subject>Оказание услуг по предоставлению онлайн доступа к информационно-справочной системеме "Техэксперт: Базовые нормативные документы" на 4 месяца для нужд Северобайкальского филиала ФБУЗ "Центр гигиены и эпидемиологии по железнодорожному транспорту" </subject>
                            <currency>
                                <code>RUB</code>
                                <digitalCode>643</digitalCode>
                                <name>Российский рубль</name>
                            </currency>
                            <initialSum>36400.00</initialSum>
                            <deliveryPlace>
                                <state>Сибирский федеральный округ</state>
                                <region>Бурятия Респ </region>
                                <regionOkato>81000000000</regionOkato>
                                <address>671700,Республика Бурятия,  г. Северобайкальск, ул. Ленинградская, д. 24</address>
                            </deliveryPlace>
                            <lotItems>
                                <newCodes>true</newCodes>
                                <lotItem>
                                    <guid>ab0686ea-a9d9-4fa4-984c-eb5c596089c7</guid>
                                    <ordinalNumber>1</ordinalNumber>
                                    <okpd2>
                                        <code>63.11</code>
                                        <name>Услуги по обработке данных, размещению и взаимосвязанные услуги</name>
                                    </okpd2>
                                    <okved2>
                                        <code>63.11.9</code>
                                        <name>Деятельность по предоставлению услуг по размещению информации прочая</name>
                                    </okved2>
                                    <okei>
                                        <code>876</code>
                                        <name>Условная единица</name>
                                    </okei>
                                    <qty>1</qty>
                                </lotItem>
                            </lotItems>
                            <forSmallOrMiddle>false</forSmallOrMiddle>
                            <excludePurchaseFromPlan>false</excludePurchaseFromPlan>
                            <subcontractorsRequirement>false</subcontractorsRequirement>
                            <ignoredPurchase>false</ignoredPurchase>
                            <centralized>false</centralized>
                        </lotData>
                        <deliveryPlaceIndication>GL</deliveryPlaceIndication>
                        <jointLotData>
                            <jointLot>false</jointLot>
                        </jointLotData>
                        <lotPlanInfo>
                            <planRegistrationNumber>2160216745</planRegistrationNumber>
                            <planGuid>718ac8a7-5acc-4816-8791-03f226fb5a5f</planGuid>
                            <positionNumber>964</positionNumber>
                            <lotPlanPosition>COMMODITY</lotPlanPosition>
                            <positionGuid>2eb2cd9e-780c-42e9-a508-b44a625da81e</positionGuid>
                        </lotPlanInfo>
                        <cancelled>false</cancelled>
                    </lot>
                </ns2:lots>
                <ns2:quotationExaminationTime>2017-03-24T11:00:00</ns2:quotationExaminationTime>
                <ns2:quotationExaminationPlace>671700,Республика Бурятия,  г. Северобайкальск, ул. Ленинградская, д. 24</ns2:quotationExaminationPlace>
                <ns2:quotationForm>в письменной форме в запечатанном конверте</ns2:quotationForm>
                <ns2:submissionCloseDateTime>2017-03-24T10:00:00</ns2:submissionCloseDateTime>
                <ns2:publicationPlannedDate>2017-03-15</ns2:publicationPlannedDate>
            </ns2:purchaseNoticeZKData>
        </ns2:item>
    </ns2:body>
</ns2:purchaseNoticeZK>
