<?xml version="1.0" encoding="UTF-8" standalone="yes"?>
<ns2:purchaseNoticeZK xsi:schemaLocation="http://zakupki.gov.ru/223/integration/schema/TFF-5.2 http://zakupki.gov.ru/223/integration/schema/TFF-5.2/purchase.xsd" xmlns="http://zakupki.gov.ru/223fz/types/1" xmlns:ns10="http://zakupki.gov.ru/223fz/purchasePlan/1" xmlns:ns11="http://zakupki.gov.ru/223fz/purchasePlanProject/1" xmlns:ns12="http://zakupki.gov.ru/223fz/purchasePlanProjectAdditionalPosition/1" xmlns:ns13="http://zakupki.gov.ru/223fz/contract/1" xmlns:ns14="http://zakupki.gov.ru/223fz/missedNotice/1" xmlns:ns15="http://zakupki.gov.ru/223fz/reference/1" xmlns:ns16="http://zakupki.gov.ru/223fz/stopCommodity/1" xmlns:ns17="http://zakupki.gov.ru/223fz/decisionSuspension/1" xmlns:ns18="http://zakupki.gov.ru/223fz/purchasePlanAdditionalPosition/1" xmlns:ns19="http://zakupki.gov.ru/223fz/webRequest/1" xmlns:ns2="http://zakupki.gov.ru/223fz/purchase/1" xmlns:xsi="http://www.w3.org/2001/XMLSchema-instance" xmlns:ns3="http://zakupki.gov.ru/223fz/dishonestSupplier/1" xmlns:ns4="http://zakupki.gov.ru/223fz/machineryListInfo/1" xmlns:ns5="http://zakupki.gov.ru/223fz/revenue/1" xmlns:ns6="http://zakupki.gov.ru/223fz/orderClauseList/1" xmlns:ns7="http://zakupki.gov.ru/223fz/disagreementProtocol/1" xmlns:ns8="http://zakupki.gov.ru/223fz/complaint/1" xmlns:ns9="http://zakupki.gov.ru/223fz/notificationIssue/1">
    <header>
        <guid>df01e071-362e-42a1-98ec-38e1d1d9d71f</guid>
        <createDateTime>2017-03-16T14:47:45</createDateTime>
    </header>
    <ns2:body>
        <ns2:item>
            <guid>3f7fe587-c543-4fed-9f2f-3bb274b22dec</guid>
            <ns2:purchaseNoticeZKData>
                <ns2:guid>3f7fe587-c543-4fed-9f2f-3bb274b22dec</ns2:guid>
                <ns2:createDateTime>2017-03-16T14:37:24</ns2:createDateTime>
                <ns2:urlOOS>https://zakupki.gov.ru/223/purchase/private/purchase/notice-info/details.html?noticeInfoId=5886163</ns2:urlOOS>
                <ns2:registrationNumber>31704898154</ns2:registrationNumber>
                <ns2:name>Закупка ГСМ 2 квартал 2017 г.</ns2:name>
                <ns2:customer>
                    <mainInfo>
                        <fullName>Федеральное государственное бюджетное учреждение науки Институт радиотехники и электроники им. В.А.Котельникова Российской академии наук</fullName>
                        <shortName>ИРЭ им. В.А.Котельникова РАН</shortName>
                        <iko>87703053425770301001</iko>
                        <inn>7703053425</inn>
                        <kpp>770301001</kpp>
                        <ogrn>1027700183708</ogrn>
                        <legalAddress>125009, Москва, Моховая, дом 11, корпус 7</legalAddress>
                        <postalAddress>125009, Москва, Моховая, дом 11, корпус 7</postalAddress>
                        <phone>7-495-6293463</phone>
                        <email>ladnushkin@cplire.ru</email>
                        <okato>45286585000</okato>
                        <okpo>02699085</okpo>
                    </mainInfo>
                </ns2:customer>
                <ns2:detachedOrg>
                    <mainInfo>
                        <fullName>Фрязинский филиал Федерального государственного бюджетного учреждения науки Института радиотехники и электроники им. В.А.Котельникова  Российской Академии Наук</fullName>
                        <inn>7703053425</inn>
                        <kpp>505202001</kpp>
                        <ogrn>1027700183708</ogrn>
                        <legalAddress>141190, Московская область, Фрязино, площадь им. академика Б.А. Введенского, д. 1</legalAddress>
                        <postalAddress>141190, Московская область, Фрязино, площадь им. академика Б.А. Введенского, д. 1</postalAddress>
                    </mainInfo>
                </ns2:detachedOrg>
                <ns2:purchaseMethodCode>3362</ns2:purchaseMethodCode>
                <ns2:purchaseCodeName>Запрос котировок</ns2:purchaseCodeName>
                <ns2:placer>
                    <mainInfo>
                        <fullName>Фрязинский филиал Федерального государственного бюджетного учреждения науки Института радиотехники и электроники им. В.А.Котельникова  Российской Академии Наук</fullName>
                        <shortName>ФИРЭ им. В.А.Котельникова РАН</shortName>
                        <iko>87703053425505202001</iko>
                        <inn>7703053425</inn>
                        <kpp>505202001</kpp>
                        <ogrn>1027700183708</ogrn>
                        <legalAddress>141190, Московская область, Фрязино, площадь им. академика Б.А. Введенского, д. 1</legalAddress>
                        <postalAddress>141190, Московская область, Фрязино, площадь им. академика Б.А. Введенского, д. 1</postalAddress>
                        <phone>7-496-5652601</phone>
                        <fax>7-496-5652601</fax>
                        <email>ladnushkin@cplire.ru</email>
                        <okato>46480000000</okato>
                        <okpo>02699760</okpo>
                    </mainInfo>
                </ns2:placer>
                <ns2:contact>
                    <firstName>Галина</firstName>
                    <middleName>Петровна</middleName>
                    <lastName>Светличная</lastName>
                    <phone>+7 (496) 5652601</phone>
                    <email>ffireran@mail.ru</email>
                    <organization>
                        <mainInfo>
                            <fullName>Федеральное государственное бюджетное учреждение науки Институт радиотехники и электроники им. В.А.Котельникова Российской академии наук</fullName>
                            <shortName>ИРЭ им. В.А.Котельникова РАН</shortName>
                            <iko>87703053425770301001</iko>
                            <inn>7703053425</inn>
                            <kpp>770301001</kpp>
                            <ogrn>1027700183708</ogrn>
                            <legalAddress>125009, Москва, Моховая, дом 11, корпус 7</legalAddress>
                            <postalAddress>125009, Москва, Моховая, дом 11, корпус 7</postalAddress>
                            <phone>7-495-6293463</phone>
                            <email>ladnushkin@cplire.ru</email>
                            <okato>45286585000</okato>
                            <okpo>02699085</okpo>
                        </mainInfo>
                    </organization>
                </ns2:contact>
                <ns2:publicationDateTime>2017-03-16T14:47:45</ns2:publicationDateTime>
                <ns2:documentationDelivery>
                    <deliveryStartDateTime>2017-03-16</deliveryStartDateTime>
                    <deliveryEndDateTime>2017-03-23</deliveryEndDateTime>
                    <place>141190, МО, г. Фрязино, пл. акад. Б.А. Введенского, д.1, к.229</place>
                    <procedure>по запросу Участника</procedure>
                </ns2:documentationDelivery>
                <ns2:status>P</ns2:status>
                <ns2:version>1</ns2:version>
                <ns2:notDishonest>true</ns2:notDishonest>
                <ns2:attachments>
                    <totalDocumentsCount>3</totalDocumentsCount>
                    <document>
                        <guid>d7c808bf-772c-4e2f-9c6d-559534e35e8a</guid>
                        <createDateTime>2017-03-16T14:46:08</createDateTime>
                        <fileName>223-ФЗ Проект Договор Бензин3.doc</fileName>
                        <description>223-ФЗ Проект Договор Бензин3</description>
                        <url>http://zakupki.gov.ru/223/purchase/public/download/download.html?id=30110935</url>
                    </document>
                    <document>
                        <guid>4388d9ad-3019-451b-8268-6f698d17643b</guid>
                        <createDateTime>2017-03-16T14:46:01</createDateTime>
                        <fileName>Обоснование цены.docx</fileName>
                        <description>Обоснование цены</description>
                        <url>http://zakupki.gov.ru/223/purchase/public/download/download.html?id=30110924</url>
                    </document>
                    <document>
                        <guid>6215911c-a6a8-4bcd-af71-04fad20be1c0</guid>
                        <createDateTime>2017-03-16T14:46:23</createDateTime>
                        <fileName>Форма котировочной заявки.docx</fileName>
                        <description>Форма котировочной заявки</description>
                        <url>http://zakupki.gov.ru/223/purchase/public/download/download.html?id=30110941</url>
                    </document>
                </ns2:attachments>
                <ns2:modificationDate>2017-03-16T14:47:45</ns2:modificationDate>
                <ns2:saveUserId>192089</ns2:saveUserId>
                <ns2:deliveryPlaceIndication>SINGLE_PLACE</ns2:deliveryPlaceIndication>
                <ns2:emergency>false</ns2:emergency>
                <ns2:jointPurchase>false</ns2:jointPurchase>
                <ns2:lots>
                    <lot>
                        <guid>ad6e063b-fbd4-4818-a8d7-4619ff53207d</guid>
                        <ordinalNumber>1</ordinalNumber>
                        <lotEditEnabled>false</lotEditEnabled>
                        <lotData>
                            <subject>Закупка ГСМ на 2 квартал</subject>
                            <currency>
                                <code>RUB</code>
                                <digitalCode>643</digitalCode>
                                <name>Российский рубль</name>
                            </currency>
                            <initialSum>130000.00</initialSum>
                            <deliveryPlace>
                                <state>Центральный федеральный округ</state>
                                <region>Московская   обл</region>
                                <regionOkato>46000000000</regionOkato>
                                <address>141190, МО, г. Фрязино, пл. акад. Б.А. Введенского, д.1</address>
                            </deliveryPlace>
                            <lotItems>
                                <newCodes>true</newCodes>
                                <lotItem>
                                    <guid>eb0a702a-c9ff-4932-91cd-eae8334873de</guid>
                                    <ordinalNumber>1</ordinalNumber>
                                    <okpd2>
                                        <code>19.20.21.300</code>
                                        <name>Топливо дизельное</name>
                                    </okpd2>
                                    <okved2>
                                        <code>19.20.1</code>
                                        <name>Производство жидкого топлива</name>
                                    </okved2>
                                    <okei>
                                        <code>112</code>
                                        <name>Литр; Кубический дециметр</name>
                                    </okei>
                                    <qty>600</qty>
                                    <additionalInfo>Дизельное топливо</additionalInfo>
                                </lotItem>
                                <lotItem>
                                    <guid>dd3f947f-5cb3-46eb-8959-3df705028640</guid>
                                    <ordinalNumber>2</ordinalNumber>
                                    <okpd2>
                                        <code>19.20.21.100</code>
                                        <name>Бензин автомобильный</name>
                                    </okpd2>
                                    <okved2>
                                        <code>19.20.1</code>
                                        <name>Производство жидкого топлива</name>
                                    </okved2>
                                    <okei>
                                        <code>112</code>
                                        <name>Литр; Кубический дециметр</name>
                                    </okei>
                                    <qty>1300</qty>
                                    <additionalInfo>Бензин Аи-92</additionalInfo>
                                </lotItem>
                                <lotItem>
                                    <guid>fab076bc-c739-4e52-aee0-7b4e2e5f19ec</guid>
                                    <ordinalNumber>3</ordinalNumber>
                                    <okpd2>
                                        <code>19.20.21.100</code>
                                        <name>Бензин автомобильный</name>
                                    </okpd2>
                                    <okved2>
                                        <code>19.20.1</code>
                                        <name>Производство жидкого топлива</name>
                                    </okved2>
                                    <okei>
                                        <code>112</code>
                                        <name>Литр; Кубический дециметр</name>
                                    </okei>
                                    <qty>1400</qty>
                                    <additionalInfo>Бензин Аи-95</additionalInfo>
                                </lotItem>
                            </lotItems>
                            <forSmallOrMiddle>true</forSmallOrMiddle>
                            <excludePurchaseFromPlan>false</excludePurchaseFromPlan>
                            <subcontractorsRequirement>false</subcontractorsRequirement>
                            <ignoredPurchase>false</ignoredPurchase>
                            <centralized>false</centralized>
                        </lotData>
                        <deliveryPlaceIndication>GL</deliveryPlaceIndication>
                        <jointLotData>
                            <jointLot>false</jointLot>
                        </jointLotData>
                        <lotPlanInfo>
                            <planRegistrationNumber>2160218124</planRegistrationNumber>
                            <planGuid>879ad269-4053-4159-a054-cb6c91dd9eb1</planGuid>
                            <positionNumber>5</positionNumber>
                            <lotPlanPosition>COMMODITY</lotPlanPosition>
                            <positionGuid>aade5e75-7989-408b-8821-4c55110d81e5</positionGuid>
                        </lotPlanInfo>
                        <cancelled>false</cancelled>
                    </lot>
                </ns2:lots>
                <ns2:quotationExaminationTime>2017-03-23T10:00:00</ns2:quotationExaminationTime>
                <ns2:quotationExaminationPlace>141190, МО, г. Фрязино, пл. акад. Б.А. Введенского, д.1, к.229</ns2:quotationExaminationPlace>
                <ns2:quotationForm>Форма котировочной заявки представлена в прикрепленном файле. Заявка, подаваемая в форме электронного документа, должна по содержанию соответствовать заявке подаваемой в письменной форме. Электронный документ должен представлять из себя сканированную копию заявки в бумажном виде в формате JPEG или PDF и должен быть подписан квалифицированной электронно-цифровой подписью уполномоченного лица Участника, заверенной электронно-цифровой подписью удостоверяющего центра, внесенного в единый государственный реестр в соответствии с требованиями ФЗ РФ от 10.01.2002 №1-ФЗ "Об электронной цифровой подписи", либо в соответствии с ФЗ РФ от 06.04.2011 №63-ФЗ "Об электронной цифровой подписи".</ns2:quotationForm>
                <ns2:submissionCloseDateTime>2017-03-23T10:00:00</ns2:submissionCloseDateTime>
                <ns2:publicationPlannedDate>2017-03-16</ns2:publicationPlannedDate>
            </ns2:purchaseNoticeZKData>
        </ns2:item>
    </ns2:body>
</ns2:purchaseNoticeZK>
