<?xml version="1.0" encoding="UTF-8" standalone="yes"?>
<ns2:purchaseNoticeZK xsi:schemaLocation="http://zakupki.gov.ru/223/integration/schema/TFF-5.2 http://zakupki.gov.ru/223/integration/schema/TFF-5.2/purchase.xsd" xmlns="http://zakupki.gov.ru/223fz/types/1" xmlns:ns10="http://zakupki.gov.ru/223fz/purchasePlan/1" xmlns:ns11="http://zakupki.gov.ru/223fz/purchasePlanProject/1" xmlns:ns12="http://zakupki.gov.ru/223fz/purchasePlanProjectAdditionalPosition/1" xmlns:ns13="http://zakupki.gov.ru/223fz/contract/1" xmlns:ns14="http://zakupki.gov.ru/223fz/missedNotice/1" xmlns:ns15="http://zakupki.gov.ru/223fz/reference/1" xmlns:ns16="http://zakupki.gov.ru/223fz/stopCommodity/1" xmlns:ns17="http://zakupki.gov.ru/223fz/decisionSuspension/1" xmlns:ns18="http://zakupki.gov.ru/223fz/purchasePlanAdditionalPosition/1" xmlns:ns19="http://zakupki.gov.ru/223fz/webRequest/1" xmlns:ns2="http://zakupki.gov.ru/223fz/purchase/1" xmlns:xsi="http://www.w3.org/2001/XMLSchema-instance" xmlns:ns3="http://zakupki.gov.ru/223fz/dishonestSupplier/1" xmlns:ns4="http://zakupki.gov.ru/223fz/machineryListInfo/1" xmlns:ns5="http://zakupki.gov.ru/223fz/revenue/1" xmlns:ns6="http://zakupki.gov.ru/223fz/orderClauseList/1" xmlns:ns7="http://zakupki.gov.ru/223fz/disagreementProtocol/1" xmlns:ns8="http://zakupki.gov.ru/223fz/complaint/1" xmlns:ns9="http://zakupki.gov.ru/223fz/notificationIssue/1">
    <header>
        <guid>c5f7da8f-ebbb-49ed-ab01-122ca16596be</guid>
        <createDateTime>2017-03-16T18:48:51</createDateTime>
    </header>
    <ns2:body>
        <ns2:item>
            <guid>13eee380-3256-48a5-be91-8f93371a7914</guid>
            <ns2:purchaseNoticeZKData>
                <ns2:guid>13eee380-3256-48a5-be91-8f93371a7914</ns2:guid>
                <ns2:createDateTime>2017-03-16T18:41:24</ns2:createDateTime>
                <ns2:urlOOS>https://zakupki.gov.ru/223/purchase/private/purchase/notice-info/details.html?noticeInfoId=5888344</ns2:urlOOS>
                <ns2:registrationNumber>31704899984</ns2:registrationNumber>
                <ns2:name>Оказание услуг по санитарному содержанию территорий</ns2:name>
                <ns2:customer>
                    <mainInfo>
                        <fullName>ГОСУДАРСТВЕННОЕ БЮДЖЕТНОЕ УЧРЕЖДЕНИЕ ЗДРАВООХРАНЕНИЯ ГОРОДА МОСКВЫ "ГОРОДСКАЯ КЛИНИЧЕСКАЯ БОЛЬНИЦА № 15 ИМЕНИ О.М. ФИЛАТОВА ДЕПАРТАМЕНТА ЗДРАВООХРАНЕНИЯ ГОРОДА МОСКВЫ"</fullName>
                        <shortName>ГБУЗ "ГКБ № 15 ДЗМ"</shortName>
                        <iko>87720001850772001001</iko>
                        <inn>7720001850</inn>
                        <kpp>772001001</kpp>
                        <ogrn>1027739730182</ogrn>
                        <legalAddress>111539, МОСКВА, ВЕШНЯКОВСКАЯ, дом 23</legalAddress>
                        <postalAddress>111539, г. Москва, Вешняковская, д.23</postalAddress>
                        <phone>7-495-3700605</phone>
                        <email>3753561@mail.ru</email>
                        <okato>45263555000</okato>
                        <okpo>01969878</okpo>
                    </mainInfo>
                </ns2:customer>
                <ns2:purchaseMethodCode>3362</ns2:purchaseMethodCode>
                <ns2:purchaseCodeName>Запрос котировок</ns2:purchaseCodeName>
                <ns2:placer>
                    <mainInfo>
                        <fullName>ГОСУДАРСТВЕННОЕ БЮДЖЕТНОЕ УЧРЕЖДЕНИЕ ЗДРАВООХРАНЕНИЯ ГОРОДА МОСКВЫ "ГОРОДСКАЯ КЛИНИЧЕСКАЯ БОЛЬНИЦА № 15 ИМЕНИ О.М. ФИЛАТОВА ДЕПАРТАМЕНТА ЗДРАВООХРАНЕНИЯ ГОРОДА МОСКВЫ"</fullName>
                        <shortName>ГБУЗ "ГКБ № 15 ДЗМ"</shortName>
                        <iko>87720001850772001001</iko>
                        <inn>7720001850</inn>
                        <kpp>772001001</kpp>
                        <ogrn>1027739730182</ogrn>
                        <legalAddress>111539, МОСКВА, ВЕШНЯКОВСКАЯ, дом 23</legalAddress>
                        <postalAddress>111539, г. Москва, Вешняковская, д.23</postalAddress>
                        <phone>7-495-3700605</phone>
                        <email>3753561@mail.ru</email>
                        <okato>45263555000</okato>
                        <okpo>01969878</okpo>
                    </mainInfo>
                </ns2:placer>
                <ns2:contact>
                    <firstName>А</firstName>
                    <middleName>П</middleName>
                    <lastName>Ковалев</lastName>
                    <phone>+7 (495) 3700605</phone>
                    <fax>+7 (495) 3751145</fax>
                    <email>3753561@mail.ru</email>
                    <organization>
                        <mainInfo>
                            <fullName>ГОСУДАРСТВЕННОЕ БЮДЖЕТНОЕ УЧРЕЖДЕНИЕ ЗДРАВООХРАНЕНИЯ ГОРОДА МОСКВЫ "ГОРОДСКАЯ КЛИНИЧЕСКАЯ БОЛЬНИЦА № 15 ИМЕНИ О.М. ФИЛАТОВА ДЕПАРТАМЕНТА ЗДРАВООХРАНЕНИЯ ГОРОДА МОСКВЫ"</fullName>
                            <shortName>ГБУЗ "ГКБ № 15 ДЗМ"</shortName>
                            <iko>87720001850772001001</iko>
                            <inn>7720001850</inn>
                            <kpp>772001001</kpp>
                            <ogrn>1027739730182</ogrn>
                            <legalAddress>111539, МОСКВА, ВЕШНЯКОВСКАЯ, дом 23</legalAddress>
                            <postalAddress>111539, г. Москва, Вешняковская, д.23</postalAddress>
                            <phone>7-495-3700605</phone>
                            <email>3753561@mail.ru</email>
                            <okato>45263555000</okato>
                            <okpo>01969878</okpo>
                        </mainInfo>
                    </organization>
                </ns2:contact>
                <ns2:publicationDateTime>2017-03-16T18:48:51</ns2:publicationDateTime>
                <ns2:documentationDelivery>
                    <deliveryStartDateTime>2017-03-16</deliveryStartDateTime>
                    <deliveryEndDateTime>2017-03-23</deliveryEndDateTime>
                    <place>Место и время подачи заявок и предоставления документации:   111539, г. Москва, ул. Вешняковская, д.23  (гл. корп.,цок.этаж,каб.№27(около центр.лифтов). Электронная почта: 3753561@mail.ru. В теме электронного письма просьба указывать номер закупки.    Приём заявок с 9.00 до 17.00,  по пятницам и предпраздничным дням до 15.00.</place>
                    <procedure>по письменной заявке</procedure>
                </ns2:documentationDelivery>
                <ns2:status>P</ns2:status>
                <ns2:version>1</ns2:version>
                <ns2:notDishonest>false</ns2:notDishonest>
                <ns2:attachments>
                    <totalDocumentsCount>5</totalDocumentsCount>
                    <document>
                        <guid>da2f1328-84de-412f-afd7-cbad2c8604f1</guid>
                        <createDateTime>2017-03-16T18:46:18</createDateTime>
                        <fileName>ТЗ на уборку территории (2).docx</fileName>
                        <description>ТЗ на уборку территории (2)</description>
                        <url>http://zakupki.gov.ru/223/purchase/public/download/download.html?id=30120929</url>
                    </document>
                    <document>
                        <guid>fb600e0c-bcc3-4656-92f0-ea62211dffd2</guid>
                        <createDateTime>2017-03-16T18:46:22</createDateTime>
                        <fileName>Проект договора.docx</fileName>
                        <description>Проект договора</description>
                        <url>http://zakupki.gov.ru/223/purchase/public/download/download.html?id=30120932</url>
                    </document>
                    <document>
                        <guid>9037d0b9-dc36-4c3f-81fb-b600828a4c64</guid>
                        <createDateTime>2017-03-16T18:46:25</createDateTime>
                        <fileName>Образец Заявки на котировку.docx</fileName>
                        <description>Образец Заявки на котировку</description>
                        <url>http://zakupki.gov.ru/223/purchase/public/download/download.html?id=30120933</url>
                    </document>
                    <document>
                        <guid>9a953cc9-9de1-42c7-9809-7b5b968bf429</guid>
                        <createDateTime>2017-03-16T18:46:32</createDateTime>
                        <fileName>ГКБ №15 00114 (1).xls</fileName>
                        <description>ГКБ №15 00114 (1)</description>
                        <url>http://zakupki.gov.ru/223/purchase/public/download/download.html?id=30120934</url>
                    </document>
                    <document>
                        <guid>41720f7d-61fa-4892-8266-e7191f16a3af</guid>
                        <createDateTime>2017-03-16T18:46:14</createDateTime>
                        <fileName>форма 2.docx</fileName>
                        <description>форма 2</description>
                        <url>http://zakupki.gov.ru/223/purchase/public/download/download.html?id=30120927</url>
                    </document>
                </ns2:attachments>
                <ns2:modificationDate>2017-03-16T18:48:51</ns2:modificationDate>
                <ns2:saveUserId>210174</ns2:saveUserId>
                <ns2:deliveryPlaceIndication>DIFFERENT_PLACE</ns2:deliveryPlaceIndication>
                <ns2:emergency>false</ns2:emergency>
                <ns2:jointPurchase>false</ns2:jointPurchase>
                <ns2:lots>
                    <lot>
                        <guid>cb1deaf4-ddc9-4c00-b655-757f98b1c0d8</guid>
                        <ordinalNumber>1</ordinalNumber>
                        <lotEditEnabled>true</lotEditEnabled>
                        <lotData>
                            <subject>Оказание услуг по санитарному содержанию территорий</subject>
                            <currency>
                                <code>RUB</code>
                                <digitalCode>643</digitalCode>
                                <name>Российский рубль</name>
                            </currency>
                            <initialSum>450986.23</initialSum>
                            <deliveryPlace>
                                <state>Центральный федеральный округ</state>
                                <region>Москва</region>
                                <regionOkato>45000000000</regionOkato>
                                <address>г. Москва, ул. Вешняковская, д.23</address>
                            </deliveryPlace>
                            <lotItems>
                                <newCodes>true</newCodes>
                                <lotItem>
                                    <guid>ae5c9c9b-be98-4b7a-98dd-fb28e7c38c4a</guid>
                                    <ordinalNumber>1</ordinalNumber>
                                    <okpd2>
                                        <code>81.29.19.000</code>
                                        <name>Услуги по чистке и уборке прочие, не включенные в другие группировки</name>
                                    </okpd2>
                                    <okved2>
                                        <code>81.29</code>
                                        <name>Деятельность по чистке и уборке прочая</name>
                                    </okved2>
                                    <okei>
                                        <code>876</code>
                                        <name>Условная единица</name>
                                    </okei>
                                    <qty>1</qty>
                                    <additionalInfo>Условия, запреты и ограничения допуска товаров, происходящих из иностранного государства или группы иностранных государств, работ, услуг, соответственно выполняемых, оказываемых иностранными лицами:	В соответствии с постановлением Правительства Российской Федерации от 16 сентября 2016 г. № 925 «О приоритете товаров российского происхождения, работ, услуг, выполняемых, оказываемых российскими лицами, по отношению к товарам, происходящим из иностранного государства, работам, услугам, выполняемым, оказываемым иностранными лицами» </additionalInfo>
                                </lotItem>
                            </lotItems>
                            <forSmallOrMiddle>true</forSmallOrMiddle>
                            <excludePurchaseFromPlan>false</excludePurchaseFromPlan>
                            <subcontractorsRequirement>false</subcontractorsRequirement>
                            <ignoredPurchase>false</ignoredPurchase>
                            <centralized>false</centralized>
                        </lotData>
                        <deliveryPlaceIndication>GL</deliveryPlaceIndication>
                        <jointLotData>
                            <jointLot>false</jointLot>
                        </jointLotData>
                        <lotPlanInfo>
                            <planRegistrationNumber>2170223829</planRegistrationNumber>
                            <planGuid>9dafec8b-1259-4f05-8dd1-d5bb68232939</planGuid>
                            <positionNumber>61</positionNumber>
                            <lotPlanPosition>COMMODITY</lotPlanPosition>
                            <positionGuid>6f53fc35-1710-4759-b5f7-cdd5cfa54738</positionGuid>
                        </lotPlanInfo>
                        <cancelled>false</cancelled>
                    </lot>
                </ns2:lots>
                <ns2:quotationExaminationTime>2017-03-23T12:00:00</ns2:quotationExaminationTime>
                <ns2:quotationExaminationPlace>г. Москва, ул. Вешняковская, д.23  </ns2:quotationExaminationPlace>
                <ns2:quotationForm>На бумажном носителе с подписью и печатью или в электронной форме, подписанную ЭЦП, оформленная в порядке, предусмотренном Федеральным законом от 06.04.2011 № 63-ФЗ "Об электронной подписи" и принятыми в соответствии с ним иными нормативно-правовыми актами.

Если котировочная заявка подается на бумажном носителе, то все листы заявки и документы, прикладываемые к заявке на участие в запросе котировок, должны быть сшиты в единый том или несколько томов и пронумерованы. Заявка на участие в запросе котировок должна содержать опись входящих в ее состав документов, быть скреплена печатью участника закупки (для юридических лиц) и подписана участником закупки или лицом, уполномоченным таким участником закупки.
</ns2:quotationForm>
                <ns2:submissionCloseDateTime>2017-03-23T10:00:00</ns2:submissionCloseDateTime>
                <ns2:publicationPlannedDate>2017-03-16</ns2:publicationPlannedDate>
            </ns2:purchaseNoticeZKData>
        </ns2:item>
    </ns2:body>
</ns2:purchaseNoticeZK>
