<?xml version="1.0" encoding="UTF-8" standalone="yes"?>
<ns2:purchaseNoticeZK xsi:schemaLocation="http://zakupki.gov.ru/223/integration/schema/TFF-5.2 http://zakupki.gov.ru/223/integration/schema/TFF-5.2/purchase.xsd" xmlns="http://zakupki.gov.ru/223fz/types/1" xmlns:ns10="http://zakupki.gov.ru/223fz/purchasePlan/1" xmlns:ns11="http://zakupki.gov.ru/223fz/purchasePlanProject/1" xmlns:ns12="http://zakupki.gov.ru/223fz/purchasePlanProjectAdditionalPosition/1" xmlns:ns13="http://zakupki.gov.ru/223fz/contract/1" xmlns:ns14="http://zakupki.gov.ru/223fz/missedNotice/1" xmlns:ns15="http://zakupki.gov.ru/223fz/reference/1" xmlns:ns16="http://zakupki.gov.ru/223fz/stopCommodity/1" xmlns:ns17="http://zakupki.gov.ru/223fz/decisionSuspension/1" xmlns:ns18="http://zakupki.gov.ru/223fz/purchasePlanAdditionalPosition/1" xmlns:ns19="http://zakupki.gov.ru/223fz/webRequest/1" xmlns:ns2="http://zakupki.gov.ru/223fz/purchase/1" xmlns:xsi="http://www.w3.org/2001/XMLSchema-instance" xmlns:ns3="http://zakupki.gov.ru/223fz/dishonestSupplier/1" xmlns:ns4="http://zakupki.gov.ru/223fz/machineryListInfo/1" xmlns:ns5="http://zakupki.gov.ru/223fz/revenue/1" xmlns:ns6="http://zakupki.gov.ru/223fz/orderClauseList/1" xmlns:ns7="http://zakupki.gov.ru/223fz/disagreementProtocol/1" xmlns:ns8="http://zakupki.gov.ru/223fz/complaint/1" xmlns:ns9="http://zakupki.gov.ru/223fz/notificationIssue/1">
    <header>
        <guid>346c38c2-9eb2-471d-a316-51e7816de334</guid>
        <createDateTime>2017-03-16T13:29:56</createDateTime>
    </header>
    <ns2:body>
        <ns2:item>
            <guid>df73ff4b-e87c-4530-8eaa-55261292f0fe</guid>
            <ns2:purchaseNoticeZKData>
                <ns2:guid>df73ff4b-e87c-4530-8eaa-55261292f0fe</ns2:guid>
                <ns2:createDateTime>2017-03-16T13:22:35</ns2:createDateTime>
                <ns2:urlOOS>https://zakupki.gov.ru/223/purchase/private/purchase/notice-info/details.html?noticeInfoId=5885259</ns2:urlOOS>
                <ns2:registrationNumber>31704897438</ns2:registrationNumber>
                <ns2:name>оказание услуг по техническому обслуживанию контрольно – кассовой машины</ns2:name>
                <ns2:customer>
                    <mainInfo>
                        <fullName>ФЕДЕРАЛЬНОЕ ГОСУДАРСТВЕННОЕ БЮДЖЕТНОЕ УЧРЕЖДЕНИЕ "ФЕДЕРАЛЬНАЯ КАДАСТРОВАЯ ПАЛАТА ФЕДЕРАЛЬНОЙ СЛУЖБЫ ГОСУДАРСТВЕННОЙ РЕГИСТРАЦИИ, КАДАСТРА И КАРТОГРАФИИ"</fullName>
                        <shortName>ФГБУ "ФКП РОСРЕЕСТРА"</shortName>
                        <iko>87705401340770801001</iko>
                        <inn>7705401340</inn>
                        <kpp>770801001</kpp>
                        <ogrn>1027700485757</ogrn>
                        <legalAddress>107078, Г МОСКВА, ПЕР ОРЛИКОВ, дом ДОМ 10, корпус СТРОЕНИЕ 1</legalAddress>
                        <postalAddress>107078, Москва Город, Орликов Переулок, дом 10, строение 1</postalAddress>
                        <phone>7-495-9827900</phone>
                        <fax>7-499-9732469</fax>
                        <email>fgbu@fgbu.rosreestr.ru</email>
                        <okato>45286565000</okato>
                        <okpo>57040686</okpo>
                    </mainInfo>
                </ns2:customer>
                <ns2:detachedOrg>
                    <mainInfo>
                        <fullName>филиал федерального государственного бюджетного учреждения "Федеральная кадастровая палата Федеральной службы государственной регистрации, кадастра и картографии" по Кемеровской области</fullName>
                        <inn>7705401340</inn>
                        <kpp>420543001</kpp>
                        <ogrn>1027700485757</ogrn>
                        <legalAddress>650070, Кемеровская область, г. Кемерово, ул. Тухачевского, 21</legalAddress>
                        <postalAddress>107078, Москва Город, Орликов Переулок, дом 10, строение 1</postalAddress>
                    </mainInfo>
                </ns2:detachedOrg>
                <ns2:purchaseMethodCode>3362</ns2:purchaseMethodCode>
                <ns2:purchaseCodeName>Запрос котировок</ns2:purchaseCodeName>
                <ns2:placer>
                    <mainInfo>
                        <fullName>филиал федерального государственного бюджетного учреждения "Федеральная кадастровая палата Федеральной службы государственной регистрации, кадастра и картографии" по Кемеровской области</fullName>
                        <shortName>филиал ФГБУ "ФКП Росреестра" по Кемеровской области</shortName>
                        <iko>87705401340420543001</iko>
                        <inn>7705401340</inn>
                        <kpp>420543001</kpp>
                        <ogrn>1027700485757</ogrn>
                        <legalAddress>650070, Кемеровская область, г. Кемерово, ул. Тухачевского, 21</legalAddress>
                        <postalAddress>107078, Москва Город, Орликов Переулок, дом 10, строение 1</postalAddress>
                        <phone>7-495-9827900</phone>
                        <fax>7-499-9732469</fax>
                        <email>fgbu@fgbu.rosreestr.ru</email>
                        <okato>32401362000</okato>
                        <okpo>53065425</okpo>
                    </mainInfo>
                </ns2:placer>
                <ns2:contact>
                    <firstName>Яна </firstName>
                    <middleName>Леонидовна</middleName>
                    <lastName>Будина</lastName>
                    <phone>+7 (3842) 567080</phone>
                    <fax>+7 (3842) 567074</fax>
                    <email>fgu42@42.kadastr.ru  </email>
                    <organization>
                        <mainInfo>
                            <fullName>ФЕДЕРАЛЬНОЕ ГОСУДАРСТВЕННОЕ БЮДЖЕТНОЕ УЧРЕЖДЕНИЕ "ФЕДЕРАЛЬНАЯ КАДАСТРОВАЯ ПАЛАТА ФЕДЕРАЛЬНОЙ СЛУЖБЫ ГОСУДАРСТВЕННОЙ РЕГИСТРАЦИИ, КАДАСТРА И КАРТОГРАФИИ"</fullName>
                            <shortName>ФГБУ "ФКП РОСРЕЕСТРА"</shortName>
                            <iko>87705401340770801001</iko>
                            <inn>7705401340</inn>
                            <kpp>770801001</kpp>
                            <ogrn>1027700485757</ogrn>
                            <legalAddress>107078, Г МОСКВА, ПЕР ОРЛИКОВ, дом ДОМ 10, корпус СТРОЕНИЕ 1</legalAddress>
                            <postalAddress>107078, Москва Город, Орликов Переулок, дом 10, строение 1</postalAddress>
                            <phone>7-495-9827900</phone>
                            <fax>7-499-9732469</fax>
                            <email>fgbu@fgbu.rosreestr.ru</email>
                            <okato>45286565000</okato>
                            <okpo>57040686</okpo>
                        </mainInfo>
                    </organization>
                </ns2:contact>
                <ns2:publicationDateTime>2017-03-16T13:29:56</ns2:publicationDateTime>
                <ns2:documentationDelivery>
                    <deliveryStartDateTime>2017-03-16</deliveryStartDateTime>
                    <deliveryEndDateTime>2017-03-22</deliveryEndDateTime>
                    <place>650070, г. Кемерово, ул. Тухачевского, 21.</place>
                    <procedure>Предоставление документации по настоящему запросу цен осуществляется Заказчиком на безвозмездной основе в течение всего срока подачи заявок. Документации предоставляется по запросу любого заинтересованного лица.</procedure>
                </ns2:documentationDelivery>
                <ns2:status>P</ns2:status>
                <ns2:version>1</ns2:version>
                <ns2:notDishonest>true</ns2:notDishonest>
                <ns2:attachments>
                    <totalDocumentsCount>3</totalDocumentsCount>
                    <document>
                        <guid>2e568b22-dd77-44e9-ad75-f15d974a438d</guid>
                        <createDateTime>2017-03-16T13:28:40</createDateTime>
                        <fileName>ИЗВЕЩЕНИЕ.doc</fileName>
                        <description>ИЗВЕЩЕНИЕ</description>
                        <url>http://zakupki.gov.ru/223/purchase/public/download/download.html?id=30106291</url>
                    </document>
                    <document>
                        <guid>936669b0-0c8a-4236-b5a9-eaf8ba7f7444</guid>
                        <createDateTime>2017-03-16T13:28:48</createDateTime>
                        <fileName>Декларация СМП.doc</fileName>
                        <description>Декларация СМП</description>
                        <url>http://zakupki.gov.ru/223/purchase/public/download/download.html?id=30106297</url>
                    </document>
                    <document>
                        <guid>f02d5d1f-3f77-46b3-851d-f97548185727</guid>
                        <createDateTime>2017-03-16T13:28:56</createDateTime>
                        <fileName>расчет и обоснование НМЦ ТО кассы.xls</fileName>
                        <description>расчет и обоснование НМЦ ТО кассы</description>
                        <url>http://zakupki.gov.ru/223/purchase/public/download/download.html?id=30106302</url>
                    </document>
                </ns2:attachments>
                <ns2:modificationDate>2017-03-16T13:29:56</ns2:modificationDate>
                <ns2:saveUserId>115305</ns2:saveUserId>
                <ns2:deliveryPlaceIndication>DIFFERENT_PLACE</ns2:deliveryPlaceIndication>
                <ns2:emergency>false</ns2:emergency>
                <ns2:jointPurchase>false</ns2:jointPurchase>
                <ns2:lots>
                    <lot>
                        <guid>a5d1d89a-b241-43de-b46b-7e68787edff1</guid>
                        <ordinalNumber>1</ordinalNumber>
                        <lotEditEnabled>false</lotEditEnabled>
                        <lotData>
                            <subject>Оказание услуг по обслуживанию контрольно-кассовой машины для нужд филиала ФГБУ "ФКП Росреестра" по Кемеровской области</subject>
                            <currency>
                                <code>RUB</code>
                                <digitalCode>643</digitalCode>
                                <name>Российский рубль</name>
                            </currency>
                            <initialSum>1500.00</initialSum>
                            <deliveryPlace>
                                <state>Сибирский федеральный округ</state>
                                <region>Кемеровская   обл</region>
                                <regionOkato>32000000000</regionOkato>
                                <address>в соответствии с техническим заданием</address>
                            </deliveryPlace>
                            <lotItems>
                                <newCodes>true</newCodes>
                                <lotItem>
                                    <guid>3234cf71-6fcd-4473-8e35-ac4d2924ae6a</guid>
                                    <ordinalNumber>1</ordinalNumber>
                                    <okpd2>
                                        <code>33.12.16.000</code>
                                        <name>Услуги п о ремонту и техническому обслуживанию офисных машин и оборудования, кроме компьютеров и периферийного оборудования</name>
                                    </okpd2>
                                    <okved2>
                                        <code>33.12</code>
                                        <name>Ремонт машин и оборудования</name>
                                    </okved2>
                                    <okei>
                                        <code>362</code>
                                        <name>Месяц</name>
                                    </okei>
                                    <qty>3</qty>
                                </lotItem>
                            </lotItems>
                            <forSmallOrMiddle>true</forSmallOrMiddle>
                            <excludePurchaseFromPlan>false</excludePurchaseFromPlan>
                            <subcontractorsRequirement>false</subcontractorsRequirement>
                            <ignoredPurchase>false</ignoredPurchase>
                            <centralized>false</centralized>
                        </lotData>
                        <deliveryPlaceIndication>GL</deliveryPlaceIndication>
                        <jointLotData>
                            <jointLot>false</jointLot>
                        </jointLotData>
                        <lotPlanInfo>
                            <planRegistrationNumber>2160172750</planRegistrationNumber>
                            <planGuid>d65c9999-1c53-4126-8dc1-aee15b33c8fe</planGuid>
                            <positionNumber>1131</positionNumber>
                            <lotPlanPosition>COMMODITY</lotPlanPosition>
                            <positionGuid>37116058-3a4d-4faa-9714-d50bc322fff3</positionGuid>
                        </lotPlanInfo>
                        <cancelled>false</cancelled>
                    </lot>
                </ns2:lots>
                <ns2:quotationExaminationTime>2017-03-23T12:00:00</ns2:quotationExaminationTime>
                <ns2:quotationExaminationPlace>650070, г. Кемерово, ул. Тухачевского, 21.</ns2:quotationExaminationPlace>
                <ns2:quotationForm>в письменной форме на бумажном носителе</ns2:quotationForm>
                <ns2:submissionCloseDateTime>2017-03-22T16:00:00</ns2:submissionCloseDateTime>
                <ns2:publicationPlannedDate>2017-03-16</ns2:publicationPlannedDate>
            </ns2:purchaseNoticeZKData>
        </ns2:item>
    </ns2:body>
</ns2:purchaseNoticeZK>
