<?xml version="1.0" encoding="UTF-8" standalone="yes"?>
<ns2:purchaseNoticeZK xsi:schemaLocation="http://zakupki.gov.ru/223/integration/schema/TFF-5.2 http://zakupki.gov.ru/223/integration/schema/TFF-5.2/purchase.xsd" xmlns="http://zakupki.gov.ru/223fz/types/1" xmlns:ns10="http://zakupki.gov.ru/223fz/purchasePlan/1" xmlns:ns11="http://zakupki.gov.ru/223fz/purchasePlanProject/1" xmlns:ns12="http://zakupki.gov.ru/223fz/purchasePlanProjectAdditionalPosition/1" xmlns:ns13="http://zakupki.gov.ru/223fz/contract/1" xmlns:ns14="http://zakupki.gov.ru/223fz/missedNotice/1" xmlns:ns15="http://zakupki.gov.ru/223fz/reference/1" xmlns:ns16="http://zakupki.gov.ru/223fz/stopCommodity/1" xmlns:ns17="http://zakupki.gov.ru/223fz/decisionSuspension/1" xmlns:ns18="http://zakupki.gov.ru/223fz/purchasePlanAdditionalPosition/1" xmlns:ns19="http://zakupki.gov.ru/223fz/webRequest/1" xmlns:ns2="http://zakupki.gov.ru/223fz/purchase/1" xmlns:xsi="http://www.w3.org/2001/XMLSchema-instance" xmlns:ns3="http://zakupki.gov.ru/223fz/dishonestSupplier/1" xmlns:ns4="http://zakupki.gov.ru/223fz/machineryListInfo/1" xmlns:ns5="http://zakupki.gov.ru/223fz/revenue/1" xmlns:ns6="http://zakupki.gov.ru/223fz/orderClauseList/1" xmlns:ns7="http://zakupki.gov.ru/223fz/disagreementProtocol/1" xmlns:ns8="http://zakupki.gov.ru/223fz/complaint/1" xmlns:ns9="http://zakupki.gov.ru/223fz/notificationIssue/1">
    <header>
        <guid>35fae67f-30f1-4d47-a19d-273fc8d1e1c1</guid>
        <createDateTime>2017-03-16T10:56:41</createDateTime>
    </header>
    <ns2:body>
        <ns2:item>
            <guid>72d0c6b2-1915-44e7-9187-5264e116032d</guid>
            <ns2:purchaseNoticeZKData>
                <ns2:guid>72d0c6b2-1915-44e7-9187-5264e116032d</ns2:guid>
                <ns2:createDateTime>2017-03-16T09:01:01</ns2:createDateTime>
                <ns2:urlOOS>https://zakupki.gov.ru/223/purchase/private/purchase/notice-info/details.html?noticeInfoId=5882522</ns2:urlOOS>
                <ns2:registrationNumber>31704896171</ns2:registrationNumber>
                <ns2:name>Поставка расходных стоматологических материалов</ns2:name>
                <ns2:customer>
                    <mainInfo>
                        <fullName>ФЕДЕРАЛЬНОЕ ГОСУДАРСТВЕННОЕ АВТОНОМНОЕ УЧРЕЖДЕНИЕ "МЕЖОТРАСЛЕВОЙ НАУЧНО-ТЕХНИЧЕСКИЙ КОМПЛЕКС "МИКРОХИРУРГИЯ ГЛАЗА" ИМЕНИ АКАДЕМИКА С.Н. ФЕДОРОВА" МИНИСТЕРСТВА ЗДРАВООХРАНЕНИЯ РОССИЙСКОЙ ФЕДЕРАЦИИ</fullName>
                        <shortName>ФГАУ "МНТК "МИКРОХИРУРГИЯ ГЛАЗА" ИМ.АКАД. С.Н. ФЕДОРОВА" МИНЗДРАВА РОССИИ</shortName>
                        <iko>87713059497771301001</iko>
                        <inn>7713059497</inn>
                        <kpp>771301001</kpp>
                        <ogrn>1027739714606</ogrn>
                        <legalAddress>127486, Г МОСКВА, Б-Р БЕСКУДНИКОВСКИЙ, дом 59А</legalAddress>
                        <postalAddress>127486, Москва Город, Бескудниковский Бульвар, дом 59А</postalAddress>
                        <phone>7-495-4888747</phone>
                        <email>glaz-za-glaz@yandex.ru</email>
                        <okato>45277559000</okato>
                        <okpo>05332385</okpo>
                    </mainInfo>
                </ns2:customer>
                <ns2:detachedOrg>
                    <mainInfo>
                        <fullName>Иркутский филиал федерального государственного автономного учреждения «Межотраслевой научно-технический комплекс «Микрохирургия глаза» имени академика С.Н. Федорова» Министерства здравоохранения Российской Федерации</fullName>
                        <inn>7713059497</inn>
                        <kpp>381202001</kpp>
                        <ogrn>1027739714606</ogrn>
                        <legalAddress>664033, г. Иркутск, ул. Лермонтова, 337</legalAddress>
                        <postalAddress>127486, Москва Город, Бескудниковский Бульвар, дом 59А</postalAddress>
                    </mainInfo>
                </ns2:detachedOrg>
                <ns2:purchaseMethodCode>3362</ns2:purchaseMethodCode>
                <ns2:purchaseCodeName>Запрос котировок</ns2:purchaseCodeName>
                <ns2:placer>
                    <mainInfo>
                        <fullName>Иркутский филиал федерального государственного автономного учреждения «Межотраслевой научно-технический комплекс «Микрохирургия глаза» имени академика С.Н. Федорова» Министерства здравоохранения Российской Федерации</fullName>
                        <shortName>Иркутский филиал ФГАУ «МНТК «Микрохирургия глаза» им. акад. С.Н. Федорова» Минздрава России</shortName>
                        <iko>87713059497381202001</iko>
                        <inn>7713059497</inn>
                        <kpp>381202001</kpp>
                        <ogrn>1027739714606</ogrn>
                        <legalAddress>664033, г. Иркутск, ул. Лермонтова, 337</legalAddress>
                        <postalAddress>127486, Москва Город, Бескудниковский Бульвар, дом 59А</postalAddress>
                        <phone>7-495-4888747</phone>
                        <fax>7-3952-422035</fax>
                        <email>glaz-za-glaz@yandex.ru</email>
                        <okato>25401000000</okato>
                        <okpo>05190471</okpo>
                    </mainInfo>
                </ns2:placer>
                <ns2:contact>
                    <firstName>Ольга </firstName>
                    <middleName>Александровна</middleName>
                    <lastName>Кручинова</lastName>
                    <phone>+7 (3952) 703093</phone>
                    <email>kruchinova_olga@mail.ru</email>
                    <organization>
                        <mainInfo>
                            <fullName>ФЕДЕРАЛЬНОЕ ГОСУДАРСТВЕННОЕ АВТОНОМНОЕ УЧРЕЖДЕНИЕ "МЕЖОТРАСЛЕВОЙ НАУЧНО-ТЕХНИЧЕСКИЙ КОМПЛЕКС "МИКРОХИРУРГИЯ ГЛАЗА" ИМЕНИ АКАДЕМИКА С.Н. ФЕДОРОВА" МИНИСТЕРСТВА ЗДРАВООХРАНЕНИЯ РОССИЙСКОЙ ФЕДЕРАЦИИ</fullName>
                            <shortName>ФГАУ "МНТК "МИКРОХИРУРГИЯ ГЛАЗА" ИМ.АКАД. С.Н. ФЕДОРОВА" МИНЗДРАВА РОССИИ</shortName>
                            <iko>87713059497771301001</iko>
                            <inn>7713059497</inn>
                            <kpp>771301001</kpp>
                            <ogrn>1027739714606</ogrn>
                            <legalAddress>127486, Г МОСКВА, Б-Р БЕСКУДНИКОВСКИЙ, дом 59А</legalAddress>
                            <postalAddress>127486, Москва Город, Бескудниковский Бульвар, дом 59А</postalAddress>
                            <phone>7-495-4888747</phone>
                            <email>glaz-za-glaz@yandex.ru</email>
                            <okato>45277559000</okato>
                            <okpo>05332385</okpo>
                        </mainInfo>
                    </organization>
                </ns2:contact>
                <ns2:publicationDateTime>2017-03-16T10:56:41</ns2:publicationDateTime>
                <ns2:documentationDelivery>
                    <deliveryStartDateTime>2017-03-16</deliveryStartDateTime>
                    <deliveryEndDateTime>2017-03-21</deliveryEndDateTime>
                    <place>www.zakupki.gov.ru</place>
                    <procedure>Документация о проведении запроса котировок может быть получена путем бесплатного свободного скачивания файла с документацией, размещенного в единой информационной системе с момента начала срока подачи заявок на участие в запросе котировок</procedure>
                </ns2:documentationDelivery>
                <ns2:status>P</ns2:status>
                <ns2:version>1</ns2:version>
                <ns2:notDishonest>true</ns2:notDishonest>
                <ns2:attachments>
                    <totalDocumentsCount>1</totalDocumentsCount>
                    <document>
                        <guid>9d3ba7c2-8682-4836-a0e8-68de8111d021</guid>
                        <createDateTime>2017-03-16T10:52:13</createDateTime>
                        <fileName>запрос котировок 148.docx</fileName>
                        <description>запрос котировок 148</description>
                        <url>http://zakupki.gov.ru/223/purchase/public/download/download.html?id=30098039</url>
                    </document>
                </ns2:attachments>
                <ns2:modificationDate>2017-03-16T10:56:41</ns2:modificationDate>
                <ns2:saveUserId>119348</ns2:saveUserId>
                <ns2:deliveryPlaceIndication>SINGLE_PLACE</ns2:deliveryPlaceIndication>
                <ns2:emergency>false</ns2:emergency>
                <ns2:jointPurchase>false</ns2:jointPurchase>
                <ns2:lots>
                    <lot>
                        <guid>f10c1531-c8e1-4452-9b13-5fdc8f307a90</guid>
                        <ordinalNumber>1</ordinalNumber>
                        <lotEditEnabled>false</lotEditEnabled>
                        <lotData>
                            <subject>Поставка расходных стоматологических материалов</subject>
                            <currency>
                                <code>RUB</code>
                                <digitalCode>643</digitalCode>
                                <name>Российский рубль</name>
                            </currency>
                            <initialSum>326447.00</initialSum>
                            <deliveryPlace>
                                <state>Сибирский федеральный округ</state>
                                <region>Иркутская   обл</region>
                                <regionOkato>25000000000</regionOkato>
                                <address>664033, г. Иркутск, ул. Лермонтова, д.337</address>
                            </deliveryPlace>
                            <lotItems>
                                <newCodes>true</newCodes>
                                <lotItem>
                                    <guid>8b48ea9b-b82c-46c9-8590-4383a49ff275</guid>
                                    <ordinalNumber>1</ordinalNumber>
                                    <okpd2>
                                        <code>32.50.11.000</code>
                                        <name>Инструменты и приспособления стоматологические</name>
                                    </okpd2>
                                    <okved2>
                                        <code>32.50</code>
                                        <name>Производство медицинских инструментов и оборудования</name>
                                    </okved2>
                                    <okei>
                                        <code>796</code>
                                        <name>Штука</name>
                                    </okei>
                                    <qty>50</qty>
                                    <additionalInfo>Универсальный микрогибридный светоотверждаемый композитный материал</additionalInfo>
                                </lotItem>
                                <lotItem>
                                    <guid>4ee2d68b-5126-4dfb-b0aa-704df71c3cef</guid>
                                    <ordinalNumber>2</ordinalNumber>
                                    <okpd2>
                                        <code>32.50.11.000</code>
                                        <name>Инструменты и приспособления стоматологические</name>
                                    </okpd2>
                                    <okved2>
                                        <code>32.50</code>
                                        <name>Производство медицинских инструментов и оборудования</name>
                                    </okved2>
                                    <okei>
                                        <code>796</code>
                                        <name>Штука</name>
                                    </okei>
                                    <qty>20</qty>
                                    <additionalInfo>Текучий светоотверждаемый микрогибридный композитный материал </additionalInfo>
                                </lotItem>
                                <lotItem>
                                    <guid>e94f7cf7-cabd-4825-a772-facbd8f38d92</guid>
                                    <ordinalNumber>3</ordinalNumber>
                                    <okpd2>
                                        <code>32.50.11.000</code>
                                        <name>Инструменты и приспособления стоматологические</name>
                                    </okpd2>
                                    <okved2>
                                        <code>32.50</code>
                                        <name>Производство медицинских инструментов и оборудования</name>
                                    </okved2>
                                    <okei>
                                        <code>796</code>
                                        <name>Штука</name>
                                    </okei>
                                    <qty>6</qty>
                                    <additionalInfo>Светоотверждаемый жидкотекучий стоматологический материал для реставраций </additionalInfo>
                                </lotItem>
                                <lotItem>
                                    <guid>ddd25248-814e-4748-a849-b466b96cf457</guid>
                                    <ordinalNumber>4</ordinalNumber>
                                    <okpd2>
                                        <code>32.50.11.000</code>
                                        <name>Инструменты и приспособления стоматологические</name>
                                    </okpd2>
                                    <okved2>
                                        <code>32.50</code>
                                        <name>Производство медицинских инструментов и оборудования</name>
                                    </okved2>
                                    <okei>
                                        <code>796</code>
                                        <name>Штука</name>
                                    </okei>
                                    <qty>10</qty>
                                    <additionalInfo>Композитный пломбировочный материал</additionalInfo>
                                </lotItem>
                                <lotItem>
                                    <guid>6753b781-512e-4d5d-8908-1eb89ba8a31e</guid>
                                    <ordinalNumber>5</ordinalNumber>
                                    <okpd2>
                                        <code>32.50.11.000</code>
                                        <name>Инструменты и приспособления стоматологические</name>
                                    </okpd2>
                                    <okved2>
                                        <code>32.50</code>
                                        <name>Производство медицинских инструментов и оборудования</name>
                                    </okved2>
                                    <okei>
                                        <code>796</code>
                                        <name>Штука</name>
                                    </okei>
                                    <qty>6</qty>
                                    <additionalInfo>Наногибридный светоотверждаемый композитный материал для реставрации жевательной группы зубов методом объемного пломбирования</additionalInfo>
                                </lotItem>
                                <lotItem>
                                    <guid>72fab3a8-f954-44e6-804e-a7410bac8105</guid>
                                    <ordinalNumber>6</ordinalNumber>
                                    <okpd2>
                                        <code>32.50.11.000</code>
                                        <name>Инструменты и приспособления стоматологические</name>
                                    </okpd2>
                                    <okved2>
                                        <code>32.50</code>
                                        <name>Производство медицинских инструментов и оборудования</name>
                                    </okved2>
                                    <okei>
                                        <code>796</code>
                                        <name>Штука</name>
                                    </okei>
                                    <qty>8</qty>
                                    <additionalInfo>Однокомпонентный, фтор – содержащиий, светоотверждаемый, рентгеноконтрастный композитный реставрационный материал </additionalInfo>
                                </lotItem>
                                <lotItem>
                                    <guid>8b840785-541f-4407-80cc-775f97b0d4a6</guid>
                                    <ordinalNumber>7</ordinalNumber>
                                    <okpd2>
                                        <code>32.50.11.000</code>
                                        <name>Инструменты и приспособления стоматологические</name>
                                    </okpd2>
                                    <okved2>
                                        <code>32.50</code>
                                        <name>Производство медицинских инструментов и оборудования</name>
                                    </okved2>
                                    <okei>
                                        <code>796</code>
                                        <name>Штука</name>
                                    </okei>
                                    <qty>5</qty>
                                    <additionalInfo>Материал для временного пломбирования небольших дефектов </additionalInfo>
                                </lotItem>
                                <lotItem>
                                    <guid>12ced7b3-c68c-4dfb-a8b2-b9e5ac19ba0b</guid>
                                    <ordinalNumber>8</ordinalNumber>
                                    <okpd2>
                                        <code>32.50.11.000</code>
                                        <name>Инструменты и приспособления стоматологические</name>
                                    </okpd2>
                                    <okved2>
                                        <code>32.50</code>
                                        <name>Производство медицинских инструментов и оборудования</name>
                                    </okved2>
                                    <okei>
                                        <code>796</code>
                                        <name>Штука</name>
                                    </okei>
                                    <qty>10</qty>
                                    <additionalInfo>Светоотверждаемый жидкотекучий временный пломбировочный материал</additionalInfo>
                                </lotItem>
                                <lotItem>
                                    <guid>ef1977f3-0d7c-4a3b-93fc-cc73d8e72244</guid>
                                    <ordinalNumber>9</ordinalNumber>
                                    <okpd2>
                                        <code>32.50.11.000</code>
                                        <name>Инструменты и приспособления стоматологические</name>
                                    </okpd2>
                                    <okved2>
                                        <code>32.50</code>
                                        <name>Производство медицинских инструментов и оборудования</name>
                                    </okved2>
                                    <okei>
                                        <code>796</code>
                                        <name>Штука</name>
                                    </okei>
                                    <qty>20</qty>
                                    <additionalInfo>Гель для комплексного лечения и профилактики пародонта</additionalInfo>
                                </lotItem>
                                <lotItem>
                                    <guid>f86151e7-cb66-4b24-a727-6aa22fea305a</guid>
                                    <ordinalNumber>10</ordinalNumber>
                                    <okpd2>
                                        <code>32.50.11.000</code>
                                        <name>Инструменты и приспособления стоматологические</name>
                                    </okpd2>
                                    <okved2>
                                        <code>32.50</code>
                                        <name>Производство медицинских инструментов и оборудования</name>
                                    </okved2>
                                    <okei>
                                        <code>778</code>
                                        <name>Упаковка</name>
                                    </okei>
                                    <qty>25</qty>
                                    <additionalInfo>Двухслойная полимерная стоматологическая самоклеящаяся прозрачная пленка, для лечения гингивитов, парадонтитов</additionalInfo>
                                </lotItem>
                                <lotItem>
                                    <guid>6ce344e0-efca-4912-a4d9-a051ab3826ad</guid>
                                    <ordinalNumber>11</ordinalNumber>
                                    <okpd2>
                                        <code>21.20.10.111</code>
                                        <name>Препараты стоматологические</name>
                                    </okpd2>
                                    <okved2>
                                        <code>21.20</code>
                                        <name>Производство лекарственных препаратов и материалов, применяемых в медицинских целях</name>
                                    </okved2>
                                    <okei>
                                        <code>778</code>
                                        <name>Упаковка</name>
                                    </okei>
                                    <qty>40</qty>
                                    <additionalInfo>Гипохлорид натрия. Раствор 3% для медикаментозной обработки корневых каналов </additionalInfo>
                                </lotItem>
                                <lotItem>
                                    <guid>17ec5f62-953d-4b32-8df8-8ec77afef42c</guid>
                                    <ordinalNumber>12</ordinalNumber>
                                    <okpd2>
                                        <code>21.20.10.111</code>
                                        <name>Препараты стоматологические</name>
                                    </okpd2>
                                    <okved2>
                                        <code>21.20</code>
                                        <name>Производство лекарственных препаратов и материалов, применяемых в медицинских целях</name>
                                    </okved2>
                                    <okei>
                                        <code>778</code>
                                        <name>Упаковка</name>
                                    </okei>
                                    <qty>2</qty>
                                    <additionalInfo>Паста для применения в качестве лечебно-защитного компресса </additionalInfo>
                                </lotItem>
                                <lotItem>
                                    <guid>681c0388-99fc-43d6-84dc-6d764d99dc52</guid>
                                    <ordinalNumber>13</ordinalNumber>
                                    <okpd2>
                                        <code>32.50.11.000</code>
                                        <name>Инструменты и приспособления стоматологические</name>
                                    </okpd2>
                                    <okved2>
                                        <code>32.50</code>
                                        <name>Производство медицинских инструментов и оборудования</name>
                                    </okved2>
                                    <okei>
                                        <code>796</code>
                                        <name>Штука</name>
                                    </okei>
                                    <qty>15</qty>
                                    <additionalInfo>Платки для изоляции зубов не припудренные</additionalInfo>
                                </lotItem>
                                <lotItem>
                                    <guid>e81aa577-1e9f-4cdb-af85-cbf781e1b248</guid>
                                    <ordinalNumber>14</ordinalNumber>
                                    <okpd2>
                                        <code>32.50.11.000</code>
                                        <name>Инструменты и приспособления стоматологические</name>
                                    </okpd2>
                                    <okved2>
                                        <code>32.50</code>
                                        <name>Производство медицинских инструментов и оборудования</name>
                                    </okved2>
                                    <okei>
                                        <code>778</code>
                                        <name>Упаковка</name>
                                    </okei>
                                    <qty>15</qty>
                                    <additionalInfo>Порошок для пескоструйного аппарата нейтральный 15гр.</additionalInfo>
                                </lotItem>
                                <lotItem>
                                    <guid>cac4ba27-d53a-497f-b7e5-c6d325b251e6</guid>
                                    <ordinalNumber>15</ordinalNumber>
                                    <okpd2>
                                        <code>32.50.11.000</code>
                                        <name>Инструменты и приспособления стоматологические</name>
                                    </okpd2>
                                    <okved2>
                                        <code>32.50</code>
                                        <name>Производство медицинских инструментов и оборудования</name>
                                    </okved2>
                                    <okei>
                                        <code>778</code>
                                        <name>Упаковка</name>
                                    </okei>
                                    <qty>60</qty>
                                    <additionalInfo>Штифты бумажные конус (04) </additionalInfo>
                                </lotItem>
                                <lotItem>
                                    <guid>3d0e54f3-32f7-49ea-91e2-e689dc8dbfd8</guid>
                                    <ordinalNumber>16</ordinalNumber>
                                    <okpd2>
                                        <code>33.10.13.113</code>
                                        <name>Инструменты и приспособления стоматологические</name>
                                    </okpd2>
                                    <okved2>
                                        <code>32.50</code>
                                        <name>Производство медицинских инструментов и оборудования</name>
                                    </okved2>
                                    <okei>
                                        <code>796</code>
                                        <name>Штука</name>
                                    </okei>
                                    <qty>250</qty>
                                    <additionalInfo>Головка для полировки композита, форма «чашка»</additionalInfo>
                                </lotItem>
                                <lotItem>
                                    <guid>94457b90-158d-4b89-9ffa-9d099c02581a</guid>
                                    <ordinalNumber>17</ordinalNumber>
                                    <okpd2>
                                        <code>33.10.13.113</code>
                                        <name>Инструменты и приспособления стоматологические</name>
                                    </okpd2>
                                    <okved2>
                                        <code>32.50</code>
                                        <name>Производство медицинских инструментов и оборудования</name>
                                    </okved2>
                                    <okei>
                                        <code>796</code>
                                        <name>Штука</name>
                                    </okei>
                                    <qty>55</qty>
                                    <additionalInfo>Головка для полировки композита, форма «диск»</additionalInfo>
                                </lotItem>
                                <lotItem>
                                    <guid>08916eec-86c4-438f-a1c2-7f0bb9b90c77</guid>
                                    <ordinalNumber>18</ordinalNumber>
                                    <okpd2>
                                        <code>33.10.13.113</code>
                                        <name>Инструменты и приспособления стоматологические</name>
                                    </okpd2>
                                    <okved2>
                                        <code>32.50</code>
                                        <name>Производство медицинских инструментов и оборудования</name>
                                    </okved2>
                                    <okei>
                                        <code>778</code>
                                        <name>Упаковка</name>
                                    </okei>
                                    <qty>50</qty>
                                    <additionalInfo>Каналорасширитель ручной - эндодонтический инструмент для расширения корневого канала с мелким шагом режущих граней. Файлы-К</additionalInfo>
                                </lotItem>
                                <lotItem>
                                    <guid>99223990-3e51-4171-bc51-c4a34b029e94</guid>
                                    <ordinalNumber>19</ordinalNumber>
                                    <okpd2>
                                        <code>33.10.13.113</code>
                                        <name>Инструменты и приспособления стоматологические</name>
                                    </okpd2>
                                    <okved2>
                                        <code>32.50</code>
                                        <name>Производство медицинских инструментов и оборудования</name>
                                    </okved2>
                                    <okei>
                                        <code>796</code>
                                        <name>Штука</name>
                                    </okei>
                                    <qty>50</qty>
                                    <additionalInfo>Зеркало стоматологическое с увеличением с ручкой</additionalInfo>
                                </lotItem>
                                <lotItem>
                                    <guid>447e309b-7443-46f1-9441-ac92b22807a4</guid>
                                    <ordinalNumber>20</ordinalNumber>
                                    <okpd2>
                                        <code>33.10.13.113</code>
                                        <name>Инструменты и приспособления стоматологические</name>
                                    </okpd2>
                                    <okved2>
                                        <code>32.50</code>
                                        <name>Производство медицинских инструментов и оборудования</name>
                                    </okved2>
                                    <okei>
                                        <code>778</code>
                                        <name>Упаковка</name>
                                    </okei>
                                    <qty>50</qty>
                                    <additionalInfo>Гибкие одноразовые наконечники для слюноотсоса </additionalInfo>
                                </lotItem>
                                <lotItem>
                                    <guid>0f4bca19-9f99-4990-acc1-4c9c7d6f38ed</guid>
                                    <ordinalNumber>21</ordinalNumber>
                                    <okpd2>
                                        <code>32.50.13.110</code>
                                        <name>Шприцы, иглы, катетеры, канюли и аналогичные инструменты</name>
                                    </okpd2>
                                    <okved2>
                                        <code>32.50</code>
                                        <name>Производство медицинских инструментов и оборудования</name>
                                    </okved2>
                                    <okei>
                                        <code>778</code>
                                        <name>Упаковка</name>
                                    </okei>
                                    <qty>4</qty>
                                    <additionalInfo>Иглы одноразовые для карпульного шприца № 16 </additionalInfo>
                                </lotItem>
                                <lotItem>
                                    <guid>4818b8f4-a9cb-43d4-8f52-2599d859f420</guid>
                                    <ordinalNumber>22</ordinalNumber>
                                    <okpd2>
                                        <code>32.50.13.110</code>
                                        <name>Шприцы, иглы, катетеры, канюли и аналогичные инструменты</name>
                                    </okpd2>
                                    <okved2>
                                        <code>32.50</code>
                                        <name>Производство медицинских инструментов и оборудования</name>
                                    </okved2>
                                    <okei>
                                        <code>778</code>
                                        <name>Упаковка</name>
                                    </okei>
                                    <qty>8</qty>
                                    <additionalInfo>Иглы одноразовые для карпульного шприца № 25 </additionalInfo>
                                </lotItem>
                                <lotItem>
                                    <guid>a83b2a3d-b4ff-4f81-a2a1-6426e629d189</guid>
                                    <ordinalNumber>23</ordinalNumber>
                                    <okpd2>
                                        <code>32.50.13.110</code>
                                        <name>Шприцы, иглы, катетеры, канюли и аналогичные инструменты</name>
                                    </okpd2>
                                    <okved2>
                                        <code>32.50</code>
                                        <name>Производство медицинских инструментов и оборудования</name>
                                    </okved2>
                                    <okei>
                                        <code>778</code>
                                        <name>Упаковка</name>
                                    </okei>
                                    <qty>3</qty>
                                    <additionalInfo>Иглы одноразовые для карпульного шприца № 41 </additionalInfo>
                                </lotItem>
                                <lotItem>
                                    <guid>00b4221c-50e9-44ae-87b3-b2a2f36d2b98</guid>
                                    <ordinalNumber>24</ordinalNumber>
                                    <okpd2>
                                        <code>33.10.13.113</code>
                                        <name>Инструменты и приспособления стоматологические</name>
                                    </okpd2>
                                    <okved2>
                                        <code>32.50</code>
                                        <name>Производство медицинских инструментов и оборудования</name>
                                    </okved2>
                                    <okei>
                                        <code>796</code>
                                        <name>Штука</name>
                                    </okei>
                                    <qty>300</qty>
                                    <additionalInfo>Шприц эндодонтический с иглой моноджект 3 мл</additionalInfo>
                                </lotItem>
                                <lotItem>
                                    <guid>e97fa30d-6d8f-4b03-bf2b-393e8723e57c</guid>
                                    <ordinalNumber>25</ordinalNumber>
                                    <okpd2>
                                        <code>33.10.13.113</code>
                                        <name>Инструменты и приспособления стоматологические</name>
                                    </okpd2>
                                    <okved2>
                                        <code>32.50</code>
                                        <name>Производство медицинских инструментов и оборудования</name>
                                    </okved2>
                                    <okei>
                                        <code>778</code>
                                        <name>Упаковка</name>
                                    </okei>
                                    <qty>10</qty>
                                    <additionalInfo>Наконечники для пылесоса одноразовые </additionalInfo>
                                </lotItem>
                            </lotItems>
                            <forSmallOrMiddle>false</forSmallOrMiddle>
                            <excludePurchaseFromPlan>false</excludePurchaseFromPlan>
                            <subcontractorsRequirement>false</subcontractorsRequirement>
                            <ignoredPurchase>false</ignoredPurchase>
                            <centralized>false</centralized>
                        </lotData>
                        <deliveryPlaceIndication>GL</deliveryPlaceIndication>
                        <jointLotData>
                            <jointLot>false</jointLot>
                        </jointLotData>
                        <lotPlanInfo>
                            <planRegistrationNumber>2160218529</planRegistrationNumber>
                            <planGuid>33db1874-5bc1-c566-1826-1575580d08e2</planGuid>
                            <positionNumber>1822</positionNumber>
                            <lotPlanPosition>COMMODITY</lotPlanPosition>
                            <positionGuid>2523cabf-33e4-3682-6c4a-b5e42db72ad2</positionGuid>
                        </lotPlanInfo>
                        <cancelled>false</cancelled>
                    </lot>
                </ns2:lots>
                <ns2:quotationExaminationTime>2017-03-22T09:00:00</ns2:quotationExaminationTime>
                <ns2:quotationExaminationPlace>Заявки на участие рассматриваются по адресу Заказчика: 664033, г. Иркутск, ул. Лермонтова 337, каб. 215</ns2:quotationExaminationPlace>
                <ns2:quotationForm>Заявка на участие в запросе котировок подается участником закупки в письменной форме по местонахождению Заказчика: г. Иркутск, ул. Лермонтова 337, каб.215 (в запечатанном конверте с указанием номера закупки, предмета закупки, пронумерованная, прошнурованная) в рабочее время Заказчика с 8.30 ч. до 17.15 ч. с перерывом на обед с 11.30 ч. до 12.00 ч. </ns2:quotationForm>
                <ns2:submissionCloseDateTime>2017-03-21T15:00:00</ns2:submissionCloseDateTime>
                <ns2:publicationPlannedDate>2017-03-16</ns2:publicationPlannedDate>
            </ns2:purchaseNoticeZKData>
        </ns2:item>
    </ns2:body>
</ns2:purchaseNoticeZK>
