<?xml version="1.0" encoding="UTF-8" standalone="yes"?>
<ns2:purchaseNoticeZK xsi:schemaLocation="http://zakupki.gov.ru/223/integration/schema/TFF-5.2 http://zakupki.gov.ru/223/integration/schema/TFF-5.2/purchase.xsd" xmlns="http://zakupki.gov.ru/223fz/types/1" xmlns:ns10="http://zakupki.gov.ru/223fz/purchasePlan/1" xmlns:ns11="http://zakupki.gov.ru/223fz/purchasePlanProject/1" xmlns:ns12="http://zakupki.gov.ru/223fz/purchasePlanProjectAdditionalPosition/1" xmlns:ns13="http://zakupki.gov.ru/223fz/contract/1" xmlns:ns14="http://zakupki.gov.ru/223fz/missedNotice/1" xmlns:ns15="http://zakupki.gov.ru/223fz/reference/1" xmlns:ns16="http://zakupki.gov.ru/223fz/stopCommodity/1" xmlns:ns17="http://zakupki.gov.ru/223fz/decisionSuspension/1" xmlns:ns18="http://zakupki.gov.ru/223fz/purchasePlanAdditionalPosition/1" xmlns:ns19="http://zakupki.gov.ru/223fz/webRequest/1" xmlns:ns2="http://zakupki.gov.ru/223fz/purchase/1" xmlns:xsi="http://www.w3.org/2001/XMLSchema-instance" xmlns:ns3="http://zakupki.gov.ru/223fz/dishonestSupplier/1" xmlns:ns4="http://zakupki.gov.ru/223fz/machineryListInfo/1" xmlns:ns5="http://zakupki.gov.ru/223fz/revenue/1" xmlns:ns6="http://zakupki.gov.ru/223fz/orderClauseList/1" xmlns:ns7="http://zakupki.gov.ru/223fz/disagreementProtocol/1" xmlns:ns8="http://zakupki.gov.ru/223fz/complaint/1" xmlns:ns9="http://zakupki.gov.ru/223fz/notificationIssue/1">
    <header>
        <guid>80a5d6ff-0839-4ca9-a1a1-b72058f8dd3a</guid>
        <createDateTime>2017-03-16T15:14:12</createDateTime>
    </header>
    <ns2:body>
        <ns2:item>
            <guid>3f92b124-b999-4bbf-a1a5-feadb76dc2e0</guid>
            <ns2:purchaseNoticeZKData>
                <ns2:guid>3f92b124-b999-4bbf-a1a5-feadb76dc2e0</ns2:guid>
                <ns2:createDateTime>2017-03-16T14:38:42</ns2:createDateTime>
                <ns2:urlOOS>https://zakupki.gov.ru/223/purchase/private/purchase/notice-info/details.html?noticeInfoId=5886182</ns2:urlOOS>
                <ns2:registrationNumber>31704898447</ns2:registrationNumber>
                <ns2:name>Поставка рыбы свежемороженой и морепродуктов в ассортименте</ns2:name>
                <ns2:customer>
                    <mainInfo>
                        <fullName>ФЕДЕРАЛЬНОЕ ГОСУДАРСТВЕННОЕ УНИТАРНОЕ ПРЕДПРИЯТИЕ "ТОРГОВЫЙ ДОМ "КРЕМЛЕВСКИЙ" УПРАВЛЕНИЯ ДЕЛАМИ ПРЕЗИДЕНТА РОССИЙСКОЙ ФЕДЕРАЦИИ</fullName>
                        <shortName>ФГУП "ТОРГОВЫЙ ДОМ "КРЕМЛЕВСКИЙ"</shortName>
                        <iko>57703258101771501001</iko>
                        <inn>7703258101</inn>
                        <kpp>771501001</kpp>
                        <ogrn>1027739712637</ogrn>
                        <legalAddress>127055, г МОСКВА, ул ТИХВИНСКАЯ, дом 4</legalAddress>
                        <postalAddress>127055, Москва, Тихвинская, дом 4</postalAddress>
                        <phone>7-495-6205200</phone>
                        <fax>7-495-6205204</fax>
                        <email>udp@tdkremlin.ru</email>
                        <okato>45280569000</okato>
                        <okpo>54869838</okpo>
                    </mainInfo>
                </ns2:customer>
                <ns2:purchaseMethodCode>3362</ns2:purchaseMethodCode>
                <ns2:purchaseCodeName>Запрос котировок</ns2:purchaseCodeName>
                <ns2:placer>
                    <mainInfo>
                        <fullName>ФЕДЕРАЛЬНОЕ ГОСУДАРСТВЕННОЕ УНИТАРНОЕ ПРЕДПРИЯТИЕ "ТОРГОВЫЙ ДОМ "КРЕМЛЕВСКИЙ" УПРАВЛЕНИЯ ДЕЛАМИ ПРЕЗИДЕНТА РОССИЙСКОЙ ФЕДЕРАЦИИ</fullName>
                        <shortName>ФГУП "ТОРГОВЫЙ ДОМ "КРЕМЛЕВСКИЙ"</shortName>
                        <iko>57703258101771501001</iko>
                        <inn>7703258101</inn>
                        <kpp>771501001</kpp>
                        <ogrn>1027739712637</ogrn>
                        <legalAddress>127055, г МОСКВА, ул ТИХВИНСКАЯ, дом 4</legalAddress>
                        <postalAddress>127055, Москва, Тихвинская, дом 4</postalAddress>
                        <phone>7-495-6205200</phone>
                        <fax>7-495-6205204</fax>
                        <email>udp@tdkremlin.ru</email>
                        <okato>45280569000</okato>
                        <okpo>54869838</okpo>
                    </mainInfo>
                </ns2:placer>
                <ns2:contact>
                    <phone>+7 (495) 6205238</phone>
                    <email>tender@tdkremlin.com</email>
                    <organization>
                        <mainInfo>
                            <fullName>ФЕДЕРАЛЬНОЕ ГОСУДАРСТВЕННОЕ УНИТАРНОЕ ПРЕДПРИЯТИЕ "ТОРГОВЫЙ ДОМ "КРЕМЛЕВСКИЙ" УПРАВЛЕНИЯ ДЕЛАМИ ПРЕЗИДЕНТА РОССИЙСКОЙ ФЕДЕРАЦИИ</fullName>
                            <shortName>ФГУП "ТОРГОВЫЙ ДОМ "КРЕМЛЕВСКИЙ"</shortName>
                            <iko>57703258101771501001</iko>
                            <inn>7703258101</inn>
                            <kpp>771501001</kpp>
                            <ogrn>1027739712637</ogrn>
                            <legalAddress>127055, г МОСКВА, ул ТИХВИНСКАЯ, дом 4</legalAddress>
                            <postalAddress>127055, Москва, Тихвинская, дом 4</postalAddress>
                            <phone>7-495-6205200</phone>
                            <fax>7-495-6205204</fax>
                            <email>udp@tdkremlin.ru</email>
                            <okato>45280569000</okato>
                            <okpo>54869838</okpo>
                        </mainInfo>
                    </organization>
                </ns2:contact>
                <ns2:publicationDateTime>2017-03-16T15:14:12</ns2:publicationDateTime>
                <ns2:documentationDelivery>
                    <deliveryStartDateTime>2017-03-17</deliveryStartDateTime>
                    <deliveryEndDateTime>2017-03-22</deliveryEndDateTime>
                    <place>Извещение и документация о закупке официально размещены и доступны для ознакомления в форме электронного документа без взимания платы в любое время с момента официального размещения извещения на официальном сайте www.zakupki.gov.ru.</place>
                    <procedure>Извещение и документация о закупке официально размещены и доступны для ознакомления в форме электронного документа без взимания платы в любое время с момента официального размещения извещения на официальном сайте www.zakupki.gov.ru.</procedure>
                </ns2:documentationDelivery>
                <ns2:status>P</ns2:status>
                <ns2:version>1</ns2:version>
                <ns2:notDishonest>false</ns2:notDishonest>
                <ns2:attachments>
                    <totalDocumentsCount>1</totalDocumentsCount>
                    <document>
                        <guid>40b050da-ae8e-4788-9bdd-dd3da48500f6</guid>
                        <createDateTime>2017-03-16T15:14:04</createDateTime>
                        <fileName>Извещение.docx</fileName>
                        <description>Извещение</description>
                        <url>http://zakupki.gov.ru/223/purchase/public/download/download.html?id=30112668</url>
                    </document>
                </ns2:attachments>
                <ns2:modificationDate>2017-03-16T15:14:12</ns2:modificationDate>
                <ns2:saveUserId>171157</ns2:saveUserId>
                <ns2:deliveryPlaceIndication>DIFFERENT_PLACE</ns2:deliveryPlaceIndication>
                <ns2:emergency>false</ns2:emergency>
                <ns2:jointPurchase>true</ns2:jointPurchase>
                <ns2:lots>
                    <lot>
                        <guid>57c88be0-7992-415d-b4fe-16ce1c00f792</guid>
                        <ordinalNumber>1</ordinalNumber>
                        <lotEditEnabled>false</lotEditEnabled>
                        <lotData>
                            <subject>Поставка рыбы свежемороженой и морепродуктов в ассортименте</subject>
                            <currency>
                                <code>RUB</code>
                                <digitalCode>643</digitalCode>
                                <name>Российский рубль</name>
                            </currency>
                            <initialSum>373290.40</initialSum>
                            <forSmallOrMiddle>false</forSmallOrMiddle>
                            <excludePurchaseFromPlan>false</excludePurchaseFromPlan>
                            <subcontractorsRequirement>false</subcontractorsRequirement>
                            <ignoredPurchase>false</ignoredPurchase>
                            <centralized>false</centralized>
                        </lotData>
                        <deliveryPlaceIndication>LC</deliveryPlaceIndication>
                        <jointLotData>
                            <jointLot>true</jointLot>
                            <lotCustomers>
                                <lotCustomer>
                                    <deliveryPlaceIndication>GA</deliveryPlaceIndication>
                                    <lotCustomerEditEnabled>false</lotCustomerEditEnabled>
                                    <lotCustomerData>
                                        <currency>
                                            <code>RUB</code>
                                            <digitalCode>643</digitalCode>
                                            <name>Российский рубль</name>
                                        </currency>
                                        <price>373290.40</price>
                                        <excludePurchaseFromPlan>false</excludePurchaseFromPlan>
                                        <deliveryPlace>
                                            <state>Северо-Западный федеральный округ</state>
                                            <region>Санкт-Петербург</region>
                                            <regionOkato>40000000000</regionOkato>
                                            <address>190000 Санкт-Петербург, Сенатская пл., д.1</address>
                                        </deliveryPlace>
                                        <lotItems>
                                            <newCodes>true</newCodes>
                                            <lotItem>
                                                <guid>f8504dcd-da27-4427-9892-21219d58e9c6</guid>
                                                <ordinalNumber>1</ordinalNumber>
                                                <okpd2>
                                                    <code>10.20.13</code>
                                                    <name>Рыба мороженая</name>
                                                </okpd2>
                                                <okved2>
                                                    <code>56.29.2</code>
                                                    <name>Деятельность столовых и буфетов при предприятиях и учреждениях</name>
                                                </okved2>
                                            </lotItem>
                                        </lotItems>
                                        <notInLaw223>false</notInLaw223>
                                    </lotCustomerData>
                                    <lotPlanInfo>
                                        <planRegistrationNumber>2160204566</planRegistrationNumber>
                                        <planGuid>3113377a-0fde-424d-b8d8-4d93a116afb3</planGuid>
                                        <positionNumber>109</positionNumber>
                                        <lotPlanPosition>COMMODITY</lotPlanPosition>
                                        <positionGuid>1621ed47-172c-4af1-b46d-3d847720ad5a</positionGuid>
                                    </lotPlanInfo>
                                    <customerInfo>
                                        <fullName>ФЕДЕРАЛЬНОЕ ГОСУДАРСТВЕННОЕ БЮДЖЕТНОЕ УЧРЕЖДЕНИЕ "КОМБИНАТ ПИТАНИЯ "КРЕМЛЕВСКИЙ" УПРАВЛЕНИЯ ДЕЛАМИ ПРЕЗИДЕНТА РОССИЙСКОЙ ФЕДЕРАЦИИ</fullName>
                                        <shortName>ФГБУ "КОМБИНАТ ПИТАНИЯ "КРЕМЛЕВСКИЙ"</shortName>
                                        <iko>87704825628770401001</iko>
                                        <inn>7704825628</inn>
                                        <kpp>771001001</kpp>
                                        <ogrn>1137746024790</ogrn>
                                        <legalAddress>109012, Г МОСКВА, ПЕР ИПАТЬЕВСКИЙ, дом ДОМ 9/1, корпус СТРОЕНИЕ 1</legalAddress>
                                        <postalAddress>103132, г. Москва, Никитников пер., д.2, подъезд 5</postalAddress>
                                        <phone>7-495-6069480</phone>
                                        <fax>7-495-6062737</fax>
                                        <email>gorgons@mail.ru</email>
                                        <okato>45286585000</okato>
                                        <okpo>54954463</okpo>
                                    </customerInfo>
                                </lotCustomer>
                            </lotCustomers>
                        </jointLotData>
                        <cancelled>false</cancelled>
                    </lot>
                </ns2:lots>
                <ns2:quotationExaminationTime>2017-03-23T10:30:00</ns2:quotationExaminationTime>
                <ns2:quotationExaminationPlace>Российская Федерация, 105064, г. Москва, Малый Казённый переулок, дом 3, кабинет № 9.</ns2:quotationExaminationPlace>
                <ns2:quotationForm>Котировочная заявка подается:
- в письменной форме на бумажном носителе по адресу Организатора: Российская Федерация, 105064, г. Москва, Малый Казённый переулок, дом 3, любыми средствами связи. Перед подачей котировочной заявки на бумажном носителе участнику закупки необходимо заблаговременно заказать пропуск по телефону контактного лица Организатора: 8 (495) 620-52-38.
- в форме электронного документа подается по адресу электронной почты: tender@tdkremlin.com
</ns2:quotationForm>
                <ns2:submissionCloseDateTime>2017-03-22T18:00:00</ns2:submissionCloseDateTime>
                <ns2:publicationPlannedDate>2017-03-16</ns2:publicationPlannedDate>
            </ns2:purchaseNoticeZKData>
        </ns2:item>
    </ns2:body>
</ns2:purchaseNoticeZK>
