<?xml version="1.0" encoding="UTF-8" standalone="yes"?>
<ns2:purchaseNoticeZK xsi:schemaLocation="http://zakupki.gov.ru/223/integration/schema/TFF-5.2 http://zakupki.gov.ru/223/integration/schema/TFF-5.2/purchase.xsd" xmlns="http://zakupki.gov.ru/223fz/types/1" xmlns:ns10="http://zakupki.gov.ru/223fz/purchasePlan/1" xmlns:ns11="http://zakupki.gov.ru/223fz/purchasePlanProject/1" xmlns:ns12="http://zakupki.gov.ru/223fz/purchasePlanProjectAdditionalPosition/1" xmlns:ns13="http://zakupki.gov.ru/223fz/contract/1" xmlns:ns14="http://zakupki.gov.ru/223fz/missedNotice/1" xmlns:ns15="http://zakupki.gov.ru/223fz/reference/1" xmlns:ns16="http://zakupki.gov.ru/223fz/stopCommodity/1" xmlns:ns17="http://zakupki.gov.ru/223fz/decisionSuspension/1" xmlns:ns18="http://zakupki.gov.ru/223fz/purchasePlanAdditionalPosition/1" xmlns:ns19="http://zakupki.gov.ru/223fz/webRequest/1" xmlns:ns2="http://zakupki.gov.ru/223fz/purchase/1" xmlns:xsi="http://www.w3.org/2001/XMLSchema-instance" xmlns:ns3="http://zakupki.gov.ru/223fz/dishonestSupplier/1" xmlns:ns4="http://zakupki.gov.ru/223fz/machineryListInfo/1" xmlns:ns5="http://zakupki.gov.ru/223fz/revenue/1" xmlns:ns6="http://zakupki.gov.ru/223fz/orderClauseList/1" xmlns:ns7="http://zakupki.gov.ru/223fz/disagreementProtocol/1" xmlns:ns8="http://zakupki.gov.ru/223fz/complaint/1" xmlns:ns9="http://zakupki.gov.ru/223fz/notificationIssue/1">
    <header>
        <guid>76fd8b08-c08e-4a6f-8300-01b01b160f56</guid>
        <createDateTime>2017-03-16T17:12:31</createDateTime>
    </header>
    <ns2:body>
        <ns2:item>
            <guid>b4bac50a-d492-49da-ba5a-0b20ca010c2e</guid>
            <ns2:purchaseNoticeZKData>
                <ns2:guid>b4bac50a-d492-49da-ba5a-0b20ca010c2e</ns2:guid>
                <ns2:createDateTime>2017-03-16T17:10:30</ns2:createDateTime>
                <ns2:urlOOS>https://zakupki.gov.ru/223/purchase/private/purchase/notice-info/details.html?noticeInfoId=5887928</ns2:urlOOS>
                <ns2:urlVSRZ>https://223.rts-tender.ru/supplier/auction/Trade/View.aspx?Id=55034</ns2:urlVSRZ>
                <ns2:registrationNumber>31704899591</ns2:registrationNumber>
                <ns2:name>Оказание услуг шиномонтажа для автомобилей филиала ФГБУ "ФКП Росреестра" по Омской области</ns2:name>
                <ns2:customer>
                    <mainInfo>
                        <fullName>ФЕДЕРАЛЬНОЕ ГОСУДАРСТВЕННОЕ БЮДЖЕТНОЕ УЧРЕЖДЕНИЕ "ФЕДЕРАЛЬНАЯ КАДАСТРОВАЯ ПАЛАТА ФЕДЕРАЛЬНОЙ СЛУЖБЫ ГОСУДАРСТВЕННОЙ РЕГИСТРАЦИИ, КАДАСТРА И КАРТОГРАФИИ"</fullName>
                        <shortName>ФГБУ "ФКП РОСРЕЕСТРА"</shortName>
                        <iko>87705401340770801001</iko>
                        <inn>7705401340</inn>
                        <kpp>770801001</kpp>
                        <ogrn>1027700485757</ogrn>
                        <legalAddress>107078, Г МОСКВА, ПЕР ОРЛИКОВ, дом ДОМ 10, корпус СТРОЕНИЕ 1</legalAddress>
                        <postalAddress>107078, Москва Город, Орликов Переулок, дом 10, строение 1</postalAddress>
                        <phone>7-495-9827900</phone>
                        <fax>7-499-9732469</fax>
                        <email>fgbu@fgbu.rosreestr.ru</email>
                        <okato>45286565000</okato>
                        <okpo>57040686</okpo>
                    </mainInfo>
                </ns2:customer>
                <ns2:detachedOrg>
                    <mainInfo>
                        <fullName>филиал федерального государственного бюджетного учреждения "Федеральная кадастровая палата Федеральной службы государственной регистрации, кадастра и картографии" по Омской области</fullName>
                        <inn>7705401340</inn>
                        <kpp>550343001</kpp>
                        <ogrn>1027700485757</ogrn>
                        <legalAddress>644099, Омская обл, Омск г, Красногвардейская, 42 </legalAddress>
                        <postalAddress>107078, Москва Город, Орликов Переулок, дом 10, строение 1</postalAddress>
                    </mainInfo>
                </ns2:detachedOrg>
                <ns2:purchaseMethodCode>3362</ns2:purchaseMethodCode>
                <ns2:purchaseCodeName>Запрос котировок</ns2:purchaseCodeName>
                <ns2:placer>
                    <mainInfo>
                        <fullName>филиал федерального государственного бюджетного учреждения "Федеральная кадастровая палата Федеральной службы государственной регистрации, кадастра и картографии" по Омской области</fullName>
                        <shortName>филиал ФГБУ "ФКП Росреестра" по Омской области</shortName>
                        <iko>87705401340550343001</iko>
                        <inn>7705401340</inn>
                        <kpp>550343001</kpp>
                        <ogrn>1027700485757</ogrn>
                        <legalAddress>644099, Омская обл, Омск г, Красногвардейская, 42 </legalAddress>
                        <postalAddress>107078, Москва Город, Орликов Переулок, дом 10, строение 1</postalAddress>
                        <phone>7-495-9827900</phone>
                        <fax>7-499-9732469</fax>
                        <email>fgbu@fgbu.rosreestr.ru</email>
                        <okato>52401000000</okato>
                        <okpo>30345506</okpo>
                    </mainInfo>
                </ns2:placer>
                <ns2:contact>
                    <firstName>Снежана</firstName>
                    <middleName>Владимировна</middleName>
                    <lastName>Лелекова</lastName>
                    <phone>+7 (381) 2245518</phone>
                    <email>fgu550801@55.kadastr.ru</email>
                    <organization>
                        <mainInfo>
                            <fullName>филиал федерального государственного бюджетного учреждения "Федеральная кадастровая палата Федеральной службы государственной регистрации, кадастра и картографии" по Омской области</fullName>
                            <shortName>филиал ФГБУ "ФКП Росреестра" по Омской области</shortName>
                            <iko>87705401340550343001</iko>
                            <inn>7705401340</inn>
                            <kpp>550343001</kpp>
                            <ogrn>1027700485757</ogrn>
                            <legalAddress>644099, Омская обл, Омск г, Красногвардейская, 42 </legalAddress>
                            <postalAddress>107078, Москва Город, Орликов Переулок, дом 10, строение 1</postalAddress>
                            <phone>7-495-9827900</phone>
                            <fax>7-499-9732469</fax>
                            <email>fgbu@fgbu.rosreestr.ru</email>
                            <okato>52401000000</okato>
                            <okpo>30345506</okpo>
                        </mainInfo>
                    </organization>
                </ns2:contact>
                <ns2:publicationDateTime>2017-03-16T17:12:31</ns2:publicationDateTime>
                <ns2:documentationDelivery>
                    <deliveryStartDateTime>2017-03-16</deliveryStartDateTime>
                    <deliveryEndDateTime>2017-03-22</deliveryEndDateTime>
                    <place>Электронная площадка РТС-тендер (http://www.rts-tender.ru) и Официальный сайт (http://zakupki.gov.ru)</place>
                    <procedure>В электронной форме на площадке РТС-тендер (http://www.rts-tender.ru) и Официальном сайте (http://zakupki.gov.ru)</procedure>
                </ns2:documentationDelivery>
                <ns2:status>P</ns2:status>
                <ns2:version>1</ns2:version>
                <ns2:notDishonest>true</ns2:notDishonest>
                <ns2:attachments>
                    <totalDocumentsCount>2</totalDocumentsCount>
                    <document>
                        <guid>7ea8bff2-834b-4097-97d8-5b67afc06bf5</guid>
                        <createDateTime>2017-03-16T17:05:17</createDateTime>
                        <fileName>Извещение №5  от 16.03.2017.doc</fileName>
                        <description>Извещение №5  от 16.03.2017.doc</description>
                        <url>http://zakupki.gov.ru/223/purchase/public/download/download.html?id=30118866</url>
                    </document>
                    <document>
                        <guid>1ec43cc0-69c7-4c6f-af7c-527f4e184b63</guid>
                        <createDateTime>2017-03-16T17:05:24</createDateTime>
                        <fileName>Документация от 16.03.2017.doc</fileName>
                        <description>Документация от 16.03.2017.doc</description>
                        <url>http://zakupki.gov.ru/223/purchase/public/download/download.html?id=30118867</url>
                    </document>
                </ns2:attachments>
                <ns2:modificationDate>2017-03-16T17:12:31</ns2:modificationDate>
                <ns2:saveUserId>134505</ns2:saveUserId>
                <ns2:deliveryPlaceIndication>DIFFERENT_PLACE</ns2:deliveryPlaceIndication>
                <ns2:emergency>false</ns2:emergency>
                <ns2:jointPurchase>false</ns2:jointPurchase>
                <ns2:lots>
                    <lot>
                        <guid>8c5d1fdd-3719-4a83-bcb4-4421a0fbc400</guid>
                        <ordinalNumber>1</ordinalNumber>
                        <lotEditEnabled>false</lotEditEnabled>
                        <lotData>
                            <subject>Оказание услуг шиномонтажа для автомобилей филиала ФГБУ "ФКП Росреестра" по Омской области</subject>
                            <currency>
                                <code>RUB</code>
                                <digitalCode>643</digitalCode>
                                <name>Российский рубль</name>
                            </currency>
                            <initialSum>18900.00</initialSum>
                            <deliveryPlace>
                                <state>Сибирский федеральный округ</state>
                                <region>Омская   обл</region>
                                <regionOkato>52000000000</regionOkato>
                                <address>Станция технического обслуживания исполнителя в городе Омске. С целью непрерывного транспортного обеспечения заказчика место оказания услуг должно находиться в 15-ти минутной транспортной доступности от стоянки транспортных средств заказчика, находящейся по адресу: г. Омск, ул. Красногвардейская, 42</address>
                            </deliveryPlace>
                            <lotItems>
                                <newCodes>true</newCodes>
                                <lotItem>
                                    <guid>3341910a-cbff-4b9f-84b5-988c35926eab</guid>
                                    <ordinalNumber>1</ordinalNumber>
                                    <okpd2>
                                        <code>45.20.21.223</code>
                                        <name>Услуги шиномонтажные</name>
                                    </okpd2>
                                    <okved2>
                                        <code>45.20</code>
                                        <name>Техническое обслуживание и ремонт автотранспортных средств</name>
                                    </okved2>
                                    <okei>
                                        <code>876</code>
                                        <name>Условная единица</name>
                                    </okei>
                                    <qty>1</qty>
                                </lotItem>
                            </lotItems>
                            <forSmallOrMiddle>true</forSmallOrMiddle>
                            <excludePurchaseFromPlan>false</excludePurchaseFromPlan>
                            <subcontractorsRequirement>false</subcontractorsRequirement>
                            <ignoredPurchase>false</ignoredPurchase>
                            <centralized>false</centralized>
                        </lotData>
                        <deliveryPlaceIndication>GL</deliveryPlaceIndication>
                        <jointLotData>
                            <jointLot>false</jointLot>
                        </jointLotData>
                        <lotPlanInfo>
                            <planRegistrationNumber>2160172750</planRegistrationNumber>
                            <planGuid>d65c9999-1c53-4126-8dc1-aee15b33c8fe</planGuid>
                            <positionNumber>1112</positionNumber>
                            <lotPlanPosition>COMMODITY</lotPlanPosition>
                            <positionGuid>c50e208a-9c97-4ad8-85c2-6e9899a5d822</positionGuid>
                        </lotPlanInfo>
                        <cancelled>false</cancelled>
                    </lot>
                </ns2:lots>
                <ns2:quotationExaminationTime>2017-03-23T20:59:00</ns2:quotationExaminationTime>
                <ns2:quotationExaminationPlace>г. Омск, ул. Красногвардейская, 35, каб. 104</ns2:quotationExaminationPlace>
                <ns2:submissionCloseDateTime>2017-03-22T20:59:00</ns2:submissionCloseDateTime>
            </ns2:purchaseNoticeZKData>
        </ns2:item>
    </ns2:body>
</ns2:purchaseNoticeZK>
