<?xml version="1.0" encoding="UTF-8" standalone="yes"?>
<ns2:purchaseNoticeZK xsi:schemaLocation="http://zakupki.gov.ru/223/integration/schema/TFF-5.2 http://zakupki.gov.ru/223/integration/schema/TFF-5.2/purchase.xsd" xmlns="http://zakupki.gov.ru/223fz/types/1" xmlns:ns10="http://zakupki.gov.ru/223fz/purchasePlan/1" xmlns:ns11="http://zakupki.gov.ru/223fz/purchasePlanProject/1" xmlns:ns12="http://zakupki.gov.ru/223fz/purchasePlanProjectAdditionalPosition/1" xmlns:ns13="http://zakupki.gov.ru/223fz/contract/1" xmlns:ns14="http://zakupki.gov.ru/223fz/missedNotice/1" xmlns:ns15="http://zakupki.gov.ru/223fz/reference/1" xmlns:ns16="http://zakupki.gov.ru/223fz/stopCommodity/1" xmlns:ns17="http://zakupki.gov.ru/223fz/decisionSuspension/1" xmlns:ns18="http://zakupki.gov.ru/223fz/purchasePlanAdditionalPosition/1" xmlns:ns19="http://zakupki.gov.ru/223fz/webRequest/1" xmlns:ns2="http://zakupki.gov.ru/223fz/purchase/1" xmlns:xsi="http://www.w3.org/2001/XMLSchema-instance" xmlns:ns3="http://zakupki.gov.ru/223fz/dishonestSupplier/1" xmlns:ns4="http://zakupki.gov.ru/223fz/machineryListInfo/1" xmlns:ns5="http://zakupki.gov.ru/223fz/revenue/1" xmlns:ns6="http://zakupki.gov.ru/223fz/orderClauseList/1" xmlns:ns7="http://zakupki.gov.ru/223fz/disagreementProtocol/1" xmlns:ns8="http://zakupki.gov.ru/223fz/complaint/1" xmlns:ns9="http://zakupki.gov.ru/223fz/notificationIssue/1">
    <header>
        <guid>967df3b8-e621-41be-87c1-2c6752dff154</guid>
        <createDateTime>2017-03-16T16:23:51</createDateTime>
    </header>
    <ns2:body>
        <ns2:item>
            <guid>5c8bb986-01f5-4724-9837-c1f381ba15f8</guid>
            <ns2:purchaseNoticeZKData>
                <ns2:guid>5c8bb986-01f5-4724-9837-c1f381ba15f8</ns2:guid>
                <ns2:createDateTime>2017-03-16T16:18:49</ns2:createDateTime>
                <ns2:urlOOS>https://zakupki.gov.ru/223/purchase/private/purchase/notice-info/details.html?noticeInfoId=5887415</ns2:urlOOS>
                <ns2:registrationNumber>31704899156</ns2:registrationNumber>
                <ns2:name>Бумага</ns2:name>
                <ns2:customer>
                    <mainInfo>
                        <fullName>ГОСУДАРСТВЕННОЕ АВТОНОМНОЕ УЧРЕЖДЕНИЕ ЗДРАВООХРАНЕНИЯ ГОРОДА МОСКВЫ "СТОМАТОЛОГИЧЕСКАЯ ПОЛИКЛИНИКА № 48 ДЕПАРТАМЕНТА ЗДРАВООХРАНЕНИЯ ГОРОДА МОСКВЫ"</fullName>
                        <shortName>ГАУЗ "СП № 48 ДЗМ"</shortName>
                        <iko>57728289341772801001</iko>
                        <inn>7728289341</inn>
                        <kpp>772801001</kpp>
                        <ogrn>1037728029932</ogrn>
                        <legalAddress>117485, г МОСКВА, ул ПРОФСОЮЗНАЯ, дом 100</legalAddress>
                        <postalAddress>117485, дом 100</postalAddress>
                        <phone>7-495-3366775</phone>
                        <fax>8-495-3359975</fax>
                        <email>Info@Sp48.mosqorzdrav.ru</email>
                        <okato>45293566000</okato>
                        <okpo>17143896</okpo>
                    </mainInfo>
                </ns2:customer>
                <ns2:purchaseMethodCode>3362</ns2:purchaseMethodCode>
                <ns2:purchaseCodeName>Запрос котировок</ns2:purchaseCodeName>
                <ns2:placer>
                    <mainInfo>
                        <fullName>ГОСУДАРСТВЕННОЕ АВТОНОМНОЕ УЧРЕЖДЕНИЕ ЗДРАВООХРАНЕНИЯ ГОРОДА МОСКВЫ "СТОМАТОЛОГИЧЕСКАЯ ПОЛИКЛИНИКА № 48 ДЕПАРТАМЕНТА ЗДРАВООХРАНЕНИЯ ГОРОДА МОСКВЫ"</fullName>
                        <shortName>ГАУЗ "СП № 48 ДЗМ"</shortName>
                        <iko>57728289341772801001</iko>
                        <inn>7728289341</inn>
                        <kpp>772801001</kpp>
                        <ogrn>1037728029932</ogrn>
                        <legalAddress>117485, г МОСКВА, ул ПРОФСОЮЗНАЯ, дом 100</legalAddress>
                        <postalAddress>117485, дом 100</postalAddress>
                        <phone>7-495-3366775</phone>
                        <fax>8-495-3359975</fax>
                        <email>Info@Sp48.mosqorzdrav.ru</email>
                        <okato>45293566000</okato>
                        <okpo>17143896</okpo>
                    </mainInfo>
                </ns2:placer>
                <ns2:contact>
                    <firstName>Артем</firstName>
                    <middleName>Ашотович</middleName>
                    <phone>+7 (903) 7560899</phone>
                    <email>arti_85@mail.ru</email>
                    <organization>
                        <mainInfo>
                            <fullName>ГОСУДАРСТВЕННОЕ АВТОНОМНОЕ УЧРЕЖДЕНИЕ ЗДРАВООХРАНЕНИЯ ГОРОДА МОСКВЫ "СТОМАТОЛОГИЧЕСКАЯ ПОЛИКЛИНИКА № 48 ДЕПАРТАМЕНТА ЗДРАВООХРАНЕНИЯ ГОРОДА МОСКВЫ"</fullName>
                            <shortName>ГАУЗ "СП № 48 ДЗМ"</shortName>
                            <iko>57728289341772801001</iko>
                            <inn>7728289341</inn>
                            <kpp>772801001</kpp>
                            <ogrn>1037728029932</ogrn>
                            <legalAddress>117485, г МОСКВА, ул ПРОФСОЮЗНАЯ, дом 100</legalAddress>
                            <postalAddress>117485, дом 100</postalAddress>
                            <phone>7-495-3366775</phone>
                            <fax>8-495-3359975</fax>
                            <email>Info@Sp48.mosqorzdrav.ru</email>
                            <okato>45293566000</okato>
                            <okpo>17143896</okpo>
                        </mainInfo>
                    </organization>
                </ns2:contact>
                <ns2:publicationDateTime>2017-03-16T16:23:51</ns2:publicationDateTime>
                <ns2:documentationDelivery>
                    <deliveryStartDateTime>2017-03-17</deliveryStartDateTime>
                    <deliveryEndDateTime>2017-03-22</deliveryEndDateTime>
                    <place>117485, г. Москва, ул. Профсоюзная, дом 100</place>
                    <procedure>Бумажный носитель, Запечатанный конверт. Время приема заявок - по будням 10.30-16.00, в последний день время приема - 11.00-15.00. С собой иметь паспорт. Документы отдать секретарю. Документация размещена на Официальном сайте www.zakupki.gov.ru</procedure>
                </ns2:documentationDelivery>
                <ns2:status>P</ns2:status>
                <ns2:version>1</ns2:version>
                <ns2:notDishonest>true</ns2:notDishonest>
                <ns2:attachments>
                    <totalDocumentsCount>6</totalDocumentsCount>
                    <document>
                        <guid>86e20446-42e2-4e81-8ef1-2a0c8281bc5a</guid>
                        <createDateTime>2017-03-16T16:23:25</createDateTime>
                        <fileName>Форма котировочной заявки.doc</fileName>
                        <description>Форма котировочной заявки</description>
                        <url>http://zakupki.gov.ru/223/purchase/public/download/download.html?id=30116512</url>
                    </document>
                    <document>
                        <guid>608a061d-769f-4424-bb68-d90e10fb4150</guid>
                        <createDateTime>2017-03-16T16:22:15</createDateTime>
                        <fileName>Котировочная документация.docx</fileName>
                        <description>Котировочная документация</description>
                        <url>http://zakupki.gov.ru/223/purchase/public/download/download.html?id=30116465</url>
                    </document>
                    <document>
                        <guid>a21a7741-078a-44f5-9fa2-90b451ff5c4d</guid>
                        <createDateTime>2017-03-16T16:22:29</createDateTime>
                        <fileName>ПРОЕКТ ГОСУДАРСТВЕННОГО КОНТРАКТА.doc</fileName>
                        <description>ПРОЕКТ ГОСУДАРСТВЕННОГО КОНТРАКТА</description>
                        <url>http://zakupki.gov.ru/223/purchase/public/download/download.html?id=30116483</url>
                    </document>
                    <document>
                        <guid>91e2fb12-347c-43e6-ba48-35fc06a365ab</guid>
                        <createDateTime>2017-03-16T16:23:15</createDateTime>
                        <fileName>Техническое задание.doc</fileName>
                        <description>Техническое задание</description>
                        <url>http://zakupki.gov.ru/223/purchase/public/download/download.html?id=30116505</url>
                    </document>
                    <document>
                        <guid>17920fa2-b7f1-4d06-a70f-9352c5d692cf</guid>
                        <createDateTime>2017-03-16T16:22:20</createDateTime>
                        <fileName>ПОЛОЖЕНИЕ СП №48.docx</fileName>
                        <description>ПОЛОЖЕНИЕ СП №48</description>
                        <url>http://zakupki.gov.ru/223/purchase/public/download/download.html?id=30116475</url>
                    </document>
                    <document>
                        <guid>cb761214-15d4-4a77-b340-d49f12a86445</guid>
                        <createDateTime>2017-03-16T16:22:07</createDateTime>
                        <fileName>Аналитическая справка.doc</fileName>
                        <description>Аналитическая справка</description>
                        <url>http://zakupki.gov.ru/223/purchase/public/download/download.html?id=30116461</url>
                    </document>
                </ns2:attachments>
                <ns2:modificationDate>2017-03-16T16:23:51</ns2:modificationDate>
                <ns2:saveUserId>134966</ns2:saveUserId>
                <ns2:deliveryPlaceIndication>DIFFERENT_PLACE</ns2:deliveryPlaceIndication>
                <ns2:emergency>false</ns2:emergency>
                <ns2:jointPurchase>false</ns2:jointPurchase>
                <ns2:lots>
                    <lot>
                        <guid>1a87cfc7-c254-4d87-a020-776dba2d236a</guid>
                        <ordinalNumber>1</ordinalNumber>
                        <lotEditEnabled>false</lotEditEnabled>
                        <lotData>
                            <subject>Бумага</subject>
                            <currency>
                                <code>RUB</code>
                                <digitalCode>643</digitalCode>
                                <name>Российский рубль</name>
                            </currency>
                            <initialSum>23166.67</initialSum>
                            <lotItems>
                                <newCodes>true</newCodes>
                                <lotItem>
                                    <guid>1d5d7d45-8adf-4bce-a2ea-fc9a0d4e9d55</guid>
                                    <ordinalNumber>1</ordinalNumber>
                                    <okpd2>
                                        <code>17.12.14.112</code>
                                        <name>Бумага офсетная</name>
                                    </okpd2>
                                    <okved2>
                                        <code>17.12.2</code>
                                        <name>Производство картона</name>
                                    </okved2>
                                    <okei>
                                        <code>876</code>
                                        <name>Условная единица</name>
                                    </okei>
                                    <qty>1</qty>
                                    <deliveryPlace>
                                        <state>Центральный федеральный округ</state>
                                        <region>Москва</region>
                                        <regionOkato>45000000000</regionOkato>
                                        <address>Не заполнено</address>
                                    </deliveryPlace>
                                </lotItem>
                            </lotItems>
                            <forSmallOrMiddle>false</forSmallOrMiddle>
                            <excludePurchaseFromPlan>false</excludePurchaseFromPlan>
                            <subcontractorsRequirement>false</subcontractorsRequirement>
                            <ignoredPurchase>false</ignoredPurchase>
                            <centralized>false</centralized>
                        </lotData>
                        <deliveryPlaceIndication>ELP</deliveryPlaceIndication>
                        <jointLotData>
                            <jointLot>false</jointLot>
                        </jointLotData>
                        <lotPlanInfo>
                            <planRegistrationNumber>2160209106</planRegistrationNumber>
                            <planGuid>2621bf1d-9314-c8a4-08e6-293f5de01f02</planGuid>
                            <positionNumber>11</positionNumber>
                            <lotPlanPosition>COMMODITY</lotPlanPosition>
                            <positionGuid>ef8a04b1-4a31-63ac-66d8-042a633fa3f2</positionGuid>
                        </lotPlanInfo>
                        <cancelled>false</cancelled>
                    </lot>
                </ns2:lots>
                <ns2:quotationExaminationTime>2017-03-23T12:00:00</ns2:quotationExaminationTime>
                <ns2:quotationExaminationPlace>117485, г. Москва, ул. Профсоюзная, дом 100</ns2:quotationExaminationPlace>
                <ns2:submissionCloseDateTime>2017-03-22T15:00:00</ns2:submissionCloseDateTime>
                <ns2:publicationPlannedDate>2017-03-16</ns2:publicationPlannedDate>
            </ns2:purchaseNoticeZKData>
        </ns2:item>
    </ns2:body>
</ns2:purchaseNoticeZK>
