<?xml version="1.0" encoding="UTF-8" standalone="yes"?>
<ns2:purchaseNoticeZK xsi:schemaLocation="http://zakupki.gov.ru/223/integration/schema/TFF-5.2 http://zakupki.gov.ru/223/integration/schema/TFF-5.2/purchase.xsd" xmlns="http://zakupki.gov.ru/223fz/types/1" xmlns:ns10="http://zakupki.gov.ru/223fz/purchasePlan/1" xmlns:ns11="http://zakupki.gov.ru/223fz/purchasePlanProject/1" xmlns:ns12="http://zakupki.gov.ru/223fz/purchasePlanProjectAdditionalPosition/1" xmlns:ns13="http://zakupki.gov.ru/223fz/contract/1" xmlns:ns14="http://zakupki.gov.ru/223fz/missedNotice/1" xmlns:ns15="http://zakupki.gov.ru/223fz/reference/1" xmlns:ns16="http://zakupki.gov.ru/223fz/stopCommodity/1" xmlns:ns17="http://zakupki.gov.ru/223fz/decisionSuspension/1" xmlns:ns18="http://zakupki.gov.ru/223fz/purchasePlanAdditionalPosition/1" xmlns:ns19="http://zakupki.gov.ru/223fz/webRequest/1" xmlns:ns2="http://zakupki.gov.ru/223fz/purchase/1" xmlns:xsi="http://www.w3.org/2001/XMLSchema-instance" xmlns:ns3="http://zakupki.gov.ru/223fz/dishonestSupplier/1" xmlns:ns4="http://zakupki.gov.ru/223fz/machineryListInfo/1" xmlns:ns5="http://zakupki.gov.ru/223fz/revenue/1" xmlns:ns6="http://zakupki.gov.ru/223fz/orderClauseList/1" xmlns:ns7="http://zakupki.gov.ru/223fz/disagreementProtocol/1" xmlns:ns8="http://zakupki.gov.ru/223fz/complaint/1" xmlns:ns9="http://zakupki.gov.ru/223fz/notificationIssue/1">
    <header>
        <guid>87036584-84b2-41f4-a32b-403c6abb8c0d</guid>
        <createDateTime>2017-03-16T18:06:15</createDateTime>
    </header>
    <ns2:body>
        <ns2:item>
            <guid>d1c59791-b642-464b-8b62-18fed71bcdcc</guid>
            <ns2:purchaseNoticeZKData>
                <ns2:guid>d1c59791-b642-464b-8b62-18fed71bcdcc</ns2:guid>
                <ns2:createDateTime>2017-03-16T18:00:24</ns2:createDateTime>
                <ns2:urlOOS>https://zakupki.gov.ru/223/purchase/private/purchase/notice-info/details.html?noticeInfoId=5888224</ns2:urlOOS>
                <ns2:registrationNumber>31704899862</ns2:registrationNumber>
                <ns2:name>Техническое обслуживание системы очистки горячей воды  ДС (Хоккейный)
</ns2:name>
                <ns2:customer>
                    <mainInfo>
                        <fullName>ФЕДЕРАЛЬНОЕ АВТОНОМНОЕ УЧРЕЖДЕНИЕ МИНИСТЕРСТВА ОБОРОНЫ РОССИЙСКОЙ ФЕДЕРАЦИИ "ЦЕНТРАЛЬНЫЙ СПОРТИВНЫЙ КЛУБ АРМИИ"</fullName>
                        <shortName>ФАУ МО РФ ЦСКА</shortName>
                        <iko>57714317863771401001</iko>
                        <inn>7714317863</inn>
                        <kpp>771401001</kpp>
                        <ogrn>1037714063078</ogrn>
                        <legalAddress>125167, г МОСКВА, пр-кт ЛЕНИНГРАДСКИЙ, дом 39, корпус 29</legalAddress>
                        <postalAddress>125167, Москва Город, Ленинградский Проспект, дом 39, строение 29</postalAddress>
                        <phone>7-495-6134545</phone>
                        <email>dalevan@cska.ru</email>
                        <okato>45277598000</okato>
                        <okpo>07659239</okpo>
                    </mainInfo>
                </ns2:customer>
                <ns2:purchaseMethodCode>3362</ns2:purchaseMethodCode>
                <ns2:purchaseCodeName>Запрос котировок</ns2:purchaseCodeName>
                <ns2:placer>
                    <mainInfo>
                        <fullName>филиал Федерального автономного учреждения Министерства обороны Российской Федерации "Центральный спортивный клуб Армии" (СКА, г. Санкт-Петербург)</fullName>
                        <shortName>филиал ФАУ МО РФ ЦСКА (СКА, г. Санкт-Петербург)</shortName>
                        <iko>57714317863784143001</iko>
                        <inn>7714317863</inn>
                        <kpp>784143001</kpp>
                        <ogrn>1037714063078</ogrn>
                        <legalAddress>191011, г. Санкт-Петербург, ул. Инженерная д.13</legalAddress>
                        <postalAddress>125167, Москва Город, Ленинградский Проспект, дом 39, строение 29</postalAddress>
                        <phone>7-812-5705222</phone>
                        <email>dalevan@cska.ru</email>
                        <okato>40298561000</okato>
                        <okpo>07884083</okpo>
                    </mainInfo>
                </ns2:placer>
                <ns2:contact>
                    <firstName>Сергей</firstName>
                    <middleName>Станиславович</middleName>
                    <lastName>Чуриков</lastName>
                    <phone>+7 (812) 3148063</phone>
                    <email>mto-spb@cska.ru</email>
                    <organization>
                        <mainInfo>
                            <fullName>ФЕДЕРАЛЬНОЕ АВТОНОМНОЕ УЧРЕЖДЕНИЕ МИНИСТЕРСТВА ОБОРОНЫ РОССИЙСКОЙ ФЕДЕРАЦИИ "ЦЕНТРАЛЬНЫЙ СПОРТИВНЫЙ КЛУБ АРМИИ"</fullName>
                            <shortName>ФАУ МО РФ ЦСКА</shortName>
                            <iko>57714317863771401001</iko>
                            <inn>7714317863</inn>
                            <kpp>771401001</kpp>
                            <ogrn>1037714063078</ogrn>
                            <legalAddress>125167, г МОСКВА, пр-кт ЛЕНИНГРАДСКИЙ, дом 39, корпус 29</legalAddress>
                            <postalAddress>125167, Москва Город, Ленинградский Проспект, дом 39, строение 29</postalAddress>
                            <phone>7-495-6134545</phone>
                            <email>dalevan@cska.ru</email>
                            <okato>45277598000</okato>
                            <okpo>07659239</okpo>
                        </mainInfo>
                    </organization>
                </ns2:contact>
                <ns2:publicationDateTime>2017-03-16T18:06:15</ns2:publicationDateTime>
                <ns2:documentationDelivery>
                    <deliveryStartDateTime>2017-03-16</deliveryStartDateTime>
                    <deliveryEndDateTime>2017-03-22</deliveryEndDateTime>
                    <place>191011, Санкт-Петербург, улица Инженерная, дом 13, кабинет 60</place>
                    <procedure>В соответствии с Документацией о Закупке.</procedure>
                </ns2:documentationDelivery>
                <ns2:status>P</ns2:status>
                <ns2:version>1</ns2:version>
                <ns2:notDishonest>true</ns2:notDishonest>
                <ns2:attachments>
                    <totalDocumentsCount>3</totalDocumentsCount>
                    <document>
                        <guid>ec161609-5751-4a10-a69e-7c4b27c16ddf</guid>
                        <createDateTime>2017-03-16T18:05:15</createDateTime>
                        <fileName>Документация-ТО ГВ Хоккейный.docx</fileName>
                        <description>Документация-ТО ГВ Хоккейный</description>
                        <url>http://zakupki.gov.ru/223/purchase/public/download/download.html?id=30120390</url>
                    </document>
                    <document>
                        <guid>df0e8375-e929-46ae-8d5b-85031614ed05</guid>
                        <createDateTime>2017-03-16T18:05:25</createDateTime>
                        <fileName>Приложение 1-Техническое задание ТО ГВ Хоккейный.doc</fileName>
                        <description>Приложение 1-Техническое задание ТО ГВ Хоккейный</description>
                        <url>http://zakupki.gov.ru/223/purchase/public/download/download.html?id=30120391</url>
                    </document>
                    <document>
                        <guid>9937f0b5-42d8-4353-805c-93a912d2f1dc</guid>
                        <createDateTime>2017-03-16T18:05:39</createDateTime>
                        <fileName>Приложение2-Проект договора ТО СВ Хоккейный.doc</fileName>
                        <description>Приложение2-Проект договора ТО СВ Хоккейный</description>
                        <url>http://zakupki.gov.ru/223/purchase/public/download/download.html?id=30120395</url>
                    </document>
                </ns2:attachments>
                <ns2:modificationDate>2017-03-16T18:06:15</ns2:modificationDate>
                <ns2:saveUserId>241701</ns2:saveUserId>
                <ns2:deliveryPlaceIndication>DIFFERENT_PLACE</ns2:deliveryPlaceIndication>
                <ns2:emergency>false</ns2:emergency>
                <ns2:jointPurchase>false</ns2:jointPurchase>
                <ns2:lots>
                    <lot>
                        <guid>0068a318-174b-442b-bbb2-9344f13a331f</guid>
                        <ordinalNumber>1</ordinalNumber>
                        <lotEditEnabled>false</lotEditEnabled>
                        <lotData>
                            <subject>ТО системы очистки горячей воды СД (Хоккейный)</subject>
                            <currency>
                                <code>RUB</code>
                                <digitalCode>643</digitalCode>
                                <name>Российский рубль</name>
                            </currency>
                            <initialSum>673600.00</initialSum>
                            <deliveryPlace>
                                <state>Северо-Западный федеральный округ</state>
                                <region>Санкт-Петербург</region>
                                <regionOkato>40000000000</regionOkato>
                                <address>г. Санкт-Петербург, Ждановская наб., дом 2</address>
                            </deliveryPlace>
                            <lotItems>
                                <newCodes>true</newCodes>
                                <lotItem>
                                    <guid>e39987b0-fe0b-41de-a457-babf4666f1fc</guid>
                                    <ordinalNumber>1</ordinalNumber>
                                    <okpd2>
                                        <code>33.12.29.000</code>
                                        <name>Услуги по ремонту и техническому обслуживанию прочего оборудования специального назначения</name>
                                    </okpd2>
                                    <okved2>
                                        <code>33.12</code>
                                        <name>Ремонт машин и оборудования</name>
                                    </okved2>
                                    <okei>
                                        <code>642</code>
                                        <name>Единица</name>
                                    </okei>
                                    <qty>5</qty>
                                </lotItem>
                            </lotItems>
                            <forSmallOrMiddle>false</forSmallOrMiddle>
                            <excludePurchaseFromPlan>false</excludePurchaseFromPlan>
                            <subcontractorsRequirement>false</subcontractorsRequirement>
                            <ignoredPurchase>false</ignoredPurchase>
                            <centralized>false</centralized>
                        </lotData>
                        <deliveryPlaceIndication>GL</deliveryPlaceIndication>
                        <jointLotData>
                            <jointLot>false</jointLot>
                        </jointLotData>
                        <lotPlanInfo>
                            <planRegistrationNumber>2160210394</planRegistrationNumber>
                            <planGuid>e9beac23-1fb4-4797-bb5f-b5e9269eba87</planGuid>
                            <positionNumber>163</positionNumber>
                            <lotPlanPosition>COMMODITY</lotPlanPosition>
                            <positionGuid>2b3ae98d-b36f-4072-a7bf-6f7c14f3d26f</positionGuid>
                        </lotPlanInfo>
                        <cancelled>false</cancelled>
                    </lot>
                </ns2:lots>
                <ns2:quotationExaminationTime>2017-03-22T10:00:00</ns2:quotationExaminationTime>
                <ns2:quotationExaminationPlace>191011, Санкт-Петербург, улица Инженерная, дом 13, кабинет 60</ns2:quotationExaminationPlace>
                <ns2:submissionCloseDateTime>2017-03-22T09:15:00</ns2:submissionCloseDateTime>
                <ns2:publicationPlannedDate>2017-03-16</ns2:publicationPlannedDate>
            </ns2:purchaseNoticeZKData>
        </ns2:item>
    </ns2:body>
</ns2:purchaseNoticeZK>
