<?xml version="1.0" encoding="UTF-8" standalone="yes"?>
<ns2:purchaseNoticeZK xsi:schemaLocation="http://zakupki.gov.ru/223/integration/schema/TFF-5.2 http://zakupki.gov.ru/223/integration/schema/TFF-5.2/purchase.xsd" xmlns="http://zakupki.gov.ru/223fz/types/1" xmlns:ns10="http://zakupki.gov.ru/223fz/purchasePlan/1" xmlns:ns11="http://zakupki.gov.ru/223fz/purchasePlanProject/1" xmlns:ns12="http://zakupki.gov.ru/223fz/purchasePlanProjectAdditionalPosition/1" xmlns:ns13="http://zakupki.gov.ru/223fz/contract/1" xmlns:ns14="http://zakupki.gov.ru/223fz/missedNotice/1" xmlns:ns15="http://zakupki.gov.ru/223fz/reference/1" xmlns:ns16="http://zakupki.gov.ru/223fz/stopCommodity/1" xmlns:ns17="http://zakupki.gov.ru/223fz/decisionSuspension/1" xmlns:ns18="http://zakupki.gov.ru/223fz/purchasePlanAdditionalPosition/1" xmlns:ns19="http://zakupki.gov.ru/223fz/webRequest/1" xmlns:ns2="http://zakupki.gov.ru/223fz/purchase/1" xmlns:xsi="http://www.w3.org/2001/XMLSchema-instance" xmlns:ns3="http://zakupki.gov.ru/223fz/dishonestSupplier/1" xmlns:ns4="http://zakupki.gov.ru/223fz/machineryListInfo/1" xmlns:ns5="http://zakupki.gov.ru/223fz/revenue/1" xmlns:ns6="http://zakupki.gov.ru/223fz/orderClauseList/1" xmlns:ns7="http://zakupki.gov.ru/223fz/disagreementProtocol/1" xmlns:ns8="http://zakupki.gov.ru/223fz/complaint/1" xmlns:ns9="http://zakupki.gov.ru/223fz/notificationIssue/1">
    <header>
        <guid>378b85ad-fdcf-4f5c-b86b-c814c92b35a2</guid>
        <createDateTime>2017-03-16T11:29:48</createDateTime>
    </header>
    <ns2:body>
        <ns2:item>
            <guid>2c972d81-78b3-4c36-ae85-0dabc29bd6fb</guid>
            <ns2:purchaseNoticeZKData>
                <ns2:guid>2c972d81-78b3-4c36-ae85-0dabc29bd6fb</ns2:guid>
                <ns2:createDateTime>2017-03-16T11:14:38</ns2:createDateTime>
                <ns2:urlOOS>https://zakupki.gov.ru/223/purchase/private/purchase/notice-info/details.html?noticeInfoId=5883994</ns2:urlOOS>
                <ns2:registrationNumber>31704896478</ns2:registrationNumber>
                <ns2:name>оказание услуг страхования служебных автомобилей по обязательному страхованию гражданской ответственности владельцев транспортных средств (ОСАГО) для нужд Кировского филиала МИИТ

</ns2:name>
                <ns2:customer>
                    <mainInfo>
                        <fullName>ФЕДЕРАЛЬНОЕ ГОСУДАРСТВЕННОЕ БЮДЖЕТНОЕ ОБРАЗОВАТЕЛЬНОЕ УЧРЕЖДЕНИЕ ВЫСШЕГО ОБРАЗОВАНИЯ "МОСКОВСКИЙ ГОСУДАРСТВЕННЫЙ УНИВЕРСИТЕТ ПУТЕЙ СООБЩЕНИЯ ИМПЕРАТОРА НИКОЛАЯ II"</fullName>
                        <shortName>МГУПС (МИИТ)</shortName>
                        <iko>87715027733771501001</iko>
                        <inn>7715027733</inn>
                        <kpp>771501001</kpp>
                        <ogrn>1027739733922</ogrn>
                        <legalAddress>127994, г МОСКВА, ул ОБРАЗЦОВА, дом 9, корпус СТР.9</legalAddress>
                        <postalAddress>127994, г. Москва, ул. Образцова, дом 9, строение 9</postalAddress>
                        <phone>7-495-6842403</phone>
                        <email>ea-miit@mail.ru</email>
                        <okato>45280569000</okato>
                        <okpo>01115863</okpo>
                    </mainInfo>
                </ns2:customer>
                <ns2:detachedOrg>
                    <mainInfo>
                        <fullName>Кировский филиал федерального государственного бюджетного образовательного учреждения высшего  образования "Московский государственный университет путей сообщения Императора Николая II"</fullName>
                        <inn>7715027733</inn>
                        <kpp>434543001</kpp>
                        <ogrn>1027739733922</ogrn>
                        <legalAddress>г.Киров, Октябрьский пр-т 124</legalAddress>
                        <postalAddress>610000 г.Киров, Октябрьский пр-т 124</postalAddress>
                    </mainInfo>
                </ns2:detachedOrg>
                <ns2:purchaseMethodCode>3362</ns2:purchaseMethodCode>
                <ns2:purchaseCodeName>Запрос котировок</ns2:purchaseCodeName>
                <ns2:placer>
                    <mainInfo>
                        <fullName>Кировский филиал федерального государственного бюджетного образовательного учреждения высшего  образования "Московский государственный университет путей сообщения Императора Николая II"</fullName>
                        <shortName>Кировский филиал МИИТ</shortName>
                        <iko>87715027733434543001</iko>
                        <inn>7715027733</inn>
                        <kpp>434543001</kpp>
                        <ogrn>1027739733922</ogrn>
                        <legalAddress>г.Киров, Октябрьский пр-т 124</legalAddress>
                        <postalAddress>610000 г.Киров, Октябрьский пр-т 124</postalAddress>
                        <phone>7-8332-602006</phone>
                        <email>ea-miit@mail.ru</email>
                        <okato>33401361000</okato>
                        <okpo>71191825</okpo>
                    </mainInfo>
                </ns2:placer>
                <ns2:contact>
                    <firstName>Любовь</firstName>
                    <middleName>Сергеевна</middleName>
                    <lastName>Олейник</lastName>
                    <phone>+7 (8332) 602006</phone>
                    <fax>+7 (8332) 602594</fax>
                    <email>urist.kirov.miit@mail.ru</email>
                    <organization>
                        <mainInfo>
                            <fullName>ФЕДЕРАЛЬНОЕ ГОСУДАРСТВЕННОЕ БЮДЖЕТНОЕ ОБРАЗОВАТЕЛЬНОЕ УЧРЕЖДЕНИЕ ВЫСШЕГО ОБРАЗОВАНИЯ "МОСКОВСКИЙ ГОСУДАРСТВЕННЫЙ УНИВЕРСИТЕТ ПУТЕЙ СООБЩЕНИЯ ИМПЕРАТОРА НИКОЛАЯ II"</fullName>
                            <shortName>МГУПС (МИИТ)</shortName>
                            <iko>87715027733771501001</iko>
                            <inn>7715027733</inn>
                            <kpp>771501001</kpp>
                            <ogrn>1027739733922</ogrn>
                            <legalAddress>127994, г МОСКВА, ул ОБРАЗЦОВА, дом 9, корпус СТР.9</legalAddress>
                            <postalAddress>127994, г. Москва, ул. Образцова, дом 9, строение 9</postalAddress>
                            <phone>7-495-6842403</phone>
                            <email>ea-miit@mail.ru</email>
                            <okato>45280569000</okato>
                            <okpo>01115863</okpo>
                        </mainInfo>
                    </organization>
                </ns2:contact>
                <ns2:publicationDateTime>2017-03-16T11:29:48</ns2:publicationDateTime>
                <ns2:documentationDelivery>
                    <deliveryStartDateTime>2017-03-16</deliveryStartDateTime>
                    <deliveryEndDateTime>2017-03-23</deliveryEndDateTime>
                    <place>Документация о закупке доступна для ознакомления с момента размещения извещения в ЕИС и до срока окончания подачи заявок в ЕИС - www.zakupki.gov.ru, без взимания платы.
Порядок получения настоящей документации в ЕИС – определяется правилами ЕИС. 
Документация о проведении запроса котировок также может предоставляться по запросу в бумажном  виде без взимания платы по адресу: 610001, г.Киров, Октябрьский проспект, д.124, кабинет 1118 с понедельника по пятницу с 9-00 до 12-00 и с 13-00 до 16-00 с момента размещения данного запроса котировок в ЕИС и до даты окончания подачи заявок
</place>
                    <procedure>Документация о закупке доступна для ознакомления с момента размещения извещения в ЕИС и до срока окончания подачи заявок в ЕИС - www.zakupki.gov.ru, без взимания платы.
Порядок получения настоящей документации в ЕИС – определяется правилами ЕИС. 
Документация о проведении запроса котировок также может предоставляться по запросу в бумажном  виде без взимания платы по адресу: 610001, г.Киров, Октябрьский проспект, д.124, кабинет 1118 с понедельника по пятницу с 9-00 до 12-00 и с 13-00 до 16-00 с момента размещения данного запроса котировок в ЕИС и до даты окончания подачи заявок
</procedure>
                </ns2:documentationDelivery>
                <ns2:status>P</ns2:status>
                <ns2:version>1</ns2:version>
                <ns2:notDishonest>false</ns2:notDishonest>
                <ns2:attachments>
                    <totalDocumentsCount>4</totalDocumentsCount>
                    <document>
                        <guid>552224f9-abef-441f-817d-152750c3fde8</guid>
                        <createDateTime>2017-03-16T11:22:54</createDateTime>
                        <fileName>Обосно.НМЦ.doc</fileName>
                        <description>Обосно.НМЦ</description>
                        <url>http://zakupki.gov.ru/223/purchase/public/download/download.html?id=30099763</url>
                    </document>
                    <document>
                        <guid>22ea9324-453b-472f-b82f-471b58e62592</guid>
                        <createDateTime>2017-03-16T11:23:00</createDateTime>
                        <fileName>Документация.doc</fileName>
                        <description>Документация</description>
                        <url>http://zakupki.gov.ru/223/purchase/public/download/download.html?id=30099766</url>
                    </document>
                    <document>
                        <guid>d4427c22-b1d5-439c-986c-4e8e8ed549df</guid>
                        <createDateTime>2017-03-16T11:28:13</createDateTime>
                        <fileName>Проект договора..doc</fileName>
                        <description>Проект договора.</description>
                        <url>http://zakupki.gov.ru/223/purchase/public/download/download.html?id=30100040</url>
                    </document>
                    <document>
                        <guid>9d740586-fd47-46ad-a2c6-8a30637d6766</guid>
                        <createDateTime>2017-03-16T11:22:40</createDateTime>
                        <fileName>Тех.задание.doc</fileName>
                        <description>Тех.задание</description>
                        <url>http://zakupki.gov.ru/223/purchase/public/download/download.html?id=30099753</url>
                    </document>
                </ns2:attachments>
                <ns2:modificationDate>2017-03-16T11:29:48</ns2:modificationDate>
                <ns2:saveUserId>115253</ns2:saveUserId>
                <ns2:deliveryPlaceIndication>SINGLE_PLACE</ns2:deliveryPlaceIndication>
                <ns2:emergency>false</ns2:emergency>
                <ns2:jointPurchase>false</ns2:jointPurchase>
                <ns2:lots>
                    <lot>
                        <guid>79c50dfc-fb8b-4062-8e73-4b6e58f2f8df</guid>
                        <ordinalNumber>1</ordinalNumber>
                        <lotEditEnabled>false</lotEditEnabled>
                        <lotData>
                            <subject>оказание услуг по страхованию автомобиля</subject>
                            <currency>
                                <code>RUB</code>
                                <digitalCode>643</digitalCode>
                                <name>Российский рубль</name>
                            </currency>
                            <initialSum>5715.05</initialSum>
                            <deliveryPlace>
                                <state>Приволжский федеральный округ</state>
                                <region>Кировская   обл</region>
                                <regionOkato>33000000000</regionOkato>
                                <address>Услуги оказываются на территории г.Кирова, в помещении Страховщика</address>
                            </deliveryPlace>
                            <lotItems>
                                <newCodes>true</newCodes>
                                <lotItem>
                                    <guid>d9bf2d27-c4aa-4ce9-b889-d9f4f387b4b4</guid>
                                    <ordinalNumber>1</ordinalNumber>
                                    <okpd2>
                                        <code>65.12.21.000</code>
                                        <name>Услуги по страхованию гражданской ответственности владельцев автотранспортных средств</name>
                                    </okpd2>
                                    <okved2>
                                        <code>65.12.2</code>
                                        <name>Страхование имущества</name>
                                    </okved2>
                                    <okei>
                                        <code>876</code>
                                        <name>Условная единица</name>
                                    </okei>
                                    <qty>1</qty>
                                </lotItem>
                            </lotItems>
                            <forSmallOrMiddle>false</forSmallOrMiddle>
                            <excludePurchaseFromPlan>false</excludePurchaseFromPlan>
                            <subcontractorsRequirement>false</subcontractorsRequirement>
                            <ignoredPurchase>false</ignoredPurchase>
                            <centralized>false</centralized>
                        </lotData>
                        <deliveryPlaceIndication>GL</deliveryPlaceIndication>
                        <jointLotData>
                            <jointLot>false</jointLot>
                        </jointLotData>
                        <lotPlanInfo>
                            <planRegistrationNumber>2170227461</planRegistrationNumber>
                            <planGuid>e9e944bb-7a57-40aa-a392-2aef0951fee4</planGuid>
                            <positionNumber>4</positionNumber>
                            <lotPlanPosition>COMMODITY</lotPlanPosition>
                            <positionGuid>293e601e-4dfb-49c4-a6be-94aaeafb49de</positionGuid>
                        </lotPlanInfo>
                        <cancelled>false</cancelled>
                    </lot>
                </ns2:lots>
                <ns2:quotationExaminationTime>2017-03-23T13:00:00</ns2:quotationExaminationTime>
                <ns2:quotationExaminationPlace>610001, г.Киров, Октябрьский проспект, д.124,  кабинет № 1118</ns2:quotationExaminationPlace>
                <ns2:quotationForm>Приложена в документации</ns2:quotationForm>
                <ns2:submissionCloseDateTime>2017-03-23T12:00:00</ns2:submissionCloseDateTime>
                <ns2:publicationPlannedDate>2017-03-16</ns2:publicationPlannedDate>
            </ns2:purchaseNoticeZKData>
        </ns2:item>
    </ns2:body>
</ns2:purchaseNoticeZK>
