<?xml version="1.0" encoding="UTF-8" standalone="yes"?>
<ns2:purchaseNoticeZK xsi:schemaLocation="http://zakupki.gov.ru/223/integration/schema/TFF-5.2 http://zakupki.gov.ru/223/integration/schema/TFF-5.2/purchase.xsd" xmlns="http://zakupki.gov.ru/223fz/types/1" xmlns:ns10="http://zakupki.gov.ru/223fz/purchasePlan/1" xmlns:ns11="http://zakupki.gov.ru/223fz/purchasePlanProject/1" xmlns:ns12="http://zakupki.gov.ru/223fz/purchasePlanProjectAdditionalPosition/1" xmlns:ns13="http://zakupki.gov.ru/223fz/contract/1" xmlns:ns14="http://zakupki.gov.ru/223fz/missedNotice/1" xmlns:ns15="http://zakupki.gov.ru/223fz/reference/1" xmlns:ns16="http://zakupki.gov.ru/223fz/stopCommodity/1" xmlns:ns17="http://zakupki.gov.ru/223fz/decisionSuspension/1" xmlns:ns18="http://zakupki.gov.ru/223fz/purchasePlanAdditionalPosition/1" xmlns:ns19="http://zakupki.gov.ru/223fz/webRequest/1" xmlns:ns2="http://zakupki.gov.ru/223fz/purchase/1" xmlns:xsi="http://www.w3.org/2001/XMLSchema-instance" xmlns:ns3="http://zakupki.gov.ru/223fz/dishonestSupplier/1" xmlns:ns4="http://zakupki.gov.ru/223fz/machineryListInfo/1" xmlns:ns5="http://zakupki.gov.ru/223fz/revenue/1" xmlns:ns6="http://zakupki.gov.ru/223fz/orderClauseList/1" xmlns:ns7="http://zakupki.gov.ru/223fz/disagreementProtocol/1" xmlns:ns8="http://zakupki.gov.ru/223fz/complaint/1" xmlns:ns9="http://zakupki.gov.ru/223fz/notificationIssue/1">
    <header>
        <guid>6bff264b-e200-4d4a-ac91-ce1e2937669b</guid>
        <createDateTime>2017-03-16T11:59:08</createDateTime>
    </header>
    <ns2:body>
        <ns2:item>
            <guid>c0d06d78-e418-4002-bd23-3be4df56d258</guid>
            <ns2:purchaseNoticeZKData>
                <ns2:guid>c0d06d78-e418-4002-bd23-3be4df56d258</ns2:guid>
                <ns2:createDateTime>2017-03-16T10:28:42</ns2:createDateTime>
                <ns2:urlOOS>https://zakupki.gov.ru/223/purchase/private/purchase/notice-info/details.html?noticeInfoId=5883451</ns2:urlOOS>
                <ns2:registrationNumber>31704896747</ns2:registrationNumber>
                <ns2:name>Поставка авторезины для нужд Елецкого ж. д. техникума – филиала МИИТ</ns2:name>
                <ns2:customer>
                    <mainInfo>
                        <fullName>ФЕДЕРАЛЬНОЕ ГОСУДАРСТВЕННОЕ БЮДЖЕТНОЕ ОБРАЗОВАТЕЛЬНОЕ УЧРЕЖДЕНИЕ ВЫСШЕГО ОБРАЗОВАНИЯ "МОСКОВСКИЙ ГОСУДАРСТВЕННЫЙ УНИВЕРСИТЕТ ПУТЕЙ СООБЩЕНИЯ ИМПЕРАТОРА НИКОЛАЯ II"</fullName>
                        <shortName>МГУПС (МИИТ)</shortName>
                        <iko>87715027733771501001</iko>
                        <inn>7715027733</inn>
                        <kpp>771501001</kpp>
                        <ogrn>1027739733922</ogrn>
                        <legalAddress>127994, г МОСКВА, ул ОБРАЗЦОВА, дом 9, корпус СТР.9</legalAddress>
                        <postalAddress>127994, г. Москва, ул. Образцова, дом 9, строение 9</postalAddress>
                        <phone>7-495-6842403</phone>
                        <email>ea-miit@mail.ru</email>
                        <okato>45280569000</okato>
                        <okpo>01115863</okpo>
                    </mainInfo>
                </ns2:customer>
                <ns2:detachedOrg>
                    <mainInfo>
                        <fullName>Елецкий филиал федерального государственного бюджетного образовательного учреждения высшего профессионального образования «Московский государственный университет путей сообщения».</fullName>
                        <inn>7715027733</inn>
                        <kpp>482143003</kpp>
                        <ogrn>1027739733922</ogrn>
                        <legalAddress>399773, Липецкая область, г. Елец, л. Вермишева,12</legalAddress>
                        <postalAddress>399773, Липецкая область, г. Елец, л. Вермишева,12</postalAddress>
                    </mainInfo>
                </ns2:detachedOrg>
                <ns2:purchaseMethodCode>3362</ns2:purchaseMethodCode>
                <ns2:purchaseCodeName>Запрос котировок</ns2:purchaseCodeName>
                <ns2:placer>
                    <mainInfo>
                        <fullName>Елецкий филиал федерального государственного бюджетного образовательного учреждения высшего профессионального образования «Московский государственный университет путей сообщения».</fullName>
                        <shortName>Елецкий филиал МИИТ</shortName>
                        <iko>87715027733482143003</iko>
                        <inn>7715027733</inn>
                        <kpp>482143003</kpp>
                        <ogrn>1027739733922</ogrn>
                        <legalAddress>399773, Липецкая область, г. Елец, л. Вермишева,12</legalAddress>
                        <postalAddress>399773, Липецкая область, г. Елец, л. Вермишева,12</postalAddress>
                        <phone>7-47467-75763</phone>
                        <fax>7-47467-75763</fax>
                        <email>ea-miit@mail.ru</email>
                        <okato>42415000000</okato>
                        <okpo>79329128</okpo>
                    </mainInfo>
                </ns2:placer>
                <ns2:contact>
                    <firstName>Людмила</firstName>
                    <middleName>Анатольевна</middleName>
                    <lastName>Пузикова</lastName>
                    <phone>+7 (47467) 75763</phone>
                    <fax>+7 (47467) 75763</fax>
                    <email>17041869@mail.ru</email>
                    <organization>
                        <mainInfo>
                            <fullName>ФЕДЕРАЛЬНОЕ ГОСУДАРСТВЕННОЕ БЮДЖЕТНОЕ ОБРАЗОВАТЕЛЬНОЕ УЧРЕЖДЕНИЕ ВЫСШЕГО ОБРАЗОВАНИЯ "МОСКОВСКИЙ ГОСУДАРСТВЕННЫЙ УНИВЕРСИТЕТ ПУТЕЙ СООБЩЕНИЯ ИМПЕРАТОРА НИКОЛАЯ II"</fullName>
                            <shortName>МГУПС (МИИТ)</shortName>
                            <iko>87715027733771501001</iko>
                            <inn>7715027733</inn>
                            <kpp>771501001</kpp>
                            <ogrn>1027739733922</ogrn>
                            <legalAddress>127994, г МОСКВА, ул ОБРАЗЦОВА, дом 9, корпус СТР.9</legalAddress>
                            <postalAddress>127994, г. Москва, ул. Образцова, дом 9, строение 9</postalAddress>
                            <phone>7-495-6842403</phone>
                            <email>ea-miit@mail.ru</email>
                            <okato>45280569000</okato>
                            <okpo>01115863</okpo>
                        </mainInfo>
                    </organization>
                </ns2:contact>
                <ns2:publicationDateTime>2017-03-16T11:59:08</ns2:publicationDateTime>
                <ns2:documentationDelivery>
                    <deliveryStartDateTime>2017-03-16</deliveryStartDateTime>
                    <deliveryEndDateTime>2017-03-23</deliveryEndDateTime>
                    <place>Документация о закупке доступна для ознакомления до срока окончания подачи заявок в ЕИС - https://zakupki.gov.ru, без взимания платы.</place>
                    <procedure>Документация о закупке доступна для ознакомления до срока окончания подачи заявок в ЕИС - https://zakupki.gov.ru, без взимания платы.</procedure>
                </ns2:documentationDelivery>
                <ns2:status>P</ns2:status>
                <ns2:version>1</ns2:version>
                <ns2:notDishonest>true</ns2:notDishonest>
                <ns2:attachments>
                    <totalDocumentsCount>4</totalDocumentsCount>
                    <document>
                        <guid>8fd61c96-12db-47ee-94d3-d3dfbffb2a86</guid>
                        <createDateTime>2017-03-16T11:56:05</createDateTime>
                        <fileName>Проект договора поставки.doc</fileName>
                        <description>Проект договора поставки</description>
                        <url>http://zakupki.gov.ru/223/purchase/public/download/download.html?id=30101571</url>
                    </document>
                    <document>
                        <guid>c459898f-ecef-4f31-a246-6a824b64bb82</guid>
                        <createDateTime>2017-03-16T11:55:52</createDateTime>
                        <fileName>Документация  Авторезина.docx</fileName>
                        <description>Документация  Авторезина</description>
                        <url>http://zakupki.gov.ru/223/purchase/public/download/download.html?id=30101560</url>
                    </document>
                    <document>
                        <guid>e8bddd57-4c1b-4b26-93ec-a55ca40aae85</guid>
                        <createDateTime>2017-03-16T11:56:21</createDateTime>
                        <fileName>НМЦ авторезина 2017.xlsx</fileName>
                        <description>НМЦ авторезина 2017</description>
                        <url>http://zakupki.gov.ru/223/purchase/public/download/download.html?id=30101580</url>
                    </document>
                    <document>
                        <guid>41f9660c-872b-4d45-9630-7bd6b650de39</guid>
                        <createDateTime>2017-03-16T11:55:58</createDateTime>
                        <fileName>Тех. задание  Авторезина.docx</fileName>
                        <description>Тех. задание  Авторезина</description>
                        <url>http://zakupki.gov.ru/223/purchase/public/download/download.html?id=30101566</url>
                    </document>
                </ns2:attachments>
                <ns2:modificationDate>2017-03-16T11:59:08</ns2:modificationDate>
                <ns2:saveUserId>116981</ns2:saveUserId>
                <ns2:deliveryPlaceIndication>DIFFERENT_PLACE</ns2:deliveryPlaceIndication>
                <ns2:emergency>false</ns2:emergency>
                <ns2:jointPurchase>false</ns2:jointPurchase>
                <ns2:lots>
                    <lot>
                        <guid>4588b8b1-0d38-445b-90fd-40705044832e</guid>
                        <ordinalNumber>1</ordinalNumber>
                        <lotEditEnabled>false</lotEditEnabled>
                        <lotData>
                            <subject>Поставка авторезины для нужд Елецкого ж. д. техникума – филиала МИИТ</subject>
                            <currency>
                                <code>RUB</code>
                                <digitalCode>643</digitalCode>
                                <name>Российский рубль</name>
                            </currency>
                            <initialSum>29594.00</initialSum>
                            <deliveryPlace>
                                <state>Центральный федеральный округ</state>
                                <region>Липецкая   обл</region>
                                <regionOkato>42000000000</regionOkato>
                                <address>Липецкая область, г. Елец, ул. Вермишева, д. 31</address>
                            </deliveryPlace>
                            <lotItems>
                                <newCodes>true</newCodes>
                                <lotItem>
                                    <guid>fa17bfb0-4b81-41aa-b994-f2184e4614a9</guid>
                                    <ordinalNumber>1</ordinalNumber>
                                    <okpd2>
                                        <code>22.11.14.199</code>
                                        <name>Шины пневматические прочие, не включенные в другие группировки</name>
                                    </okpd2>
                                    <okved2>
                                        <code>22.11</code>
                                        <name>Производство резиновых шин, покрышек и камер; восстановление резиновых шин и покрышек</name>
                                    </okved2>
                                    <okei>
                                        <code>796</code>
                                        <name>Штука</name>
                                    </okei>
                                    <qty>4</qty>
                                    <additionalInfo>Автопокрышка 205/65 R15</additionalInfo>
                                </lotItem>
                                <lotItem>
                                    <guid>a2a30d6d-1f52-43e3-8597-7ef00ee29690</guid>
                                    <ordinalNumber>2</ordinalNumber>
                                    <okpd2>
                                        <code>22.11.14.199</code>
                                        <name>Шины пневматические прочие, не включенные в другие группировки</name>
                                    </okpd2>
                                    <okved2>
                                        <code>22.11</code>
                                        <name>Производство резиновых шин, покрышек и камер; восстановление резиновых шин и покрышек</name>
                                    </okved2>
                                    <okei>
                                        <code>796</code>
                                        <name>Штука</name>
                                    </okei>
                                    <qty>4</qty>
                                    <additionalInfo>Автопокрышка 175/70 R13</additionalInfo>
                                </lotItem>
                                <lotItem>
                                    <guid>7a06bb96-e56b-4ca1-9e64-28fcfa6bc6ca</guid>
                                    <ordinalNumber>3</ordinalNumber>
                                    <okpd2>
                                        <code>22.11.14.199</code>
                                        <name>Шины пневматические прочие, не включенные в другие группировки</name>
                                    </okpd2>
                                    <okved2>
                                        <code>22.11</code>
                                        <name>Производство резиновых шин, покрышек и камер; восстановление резиновых шин и покрышек</name>
                                    </okved2>
                                    <okei>
                                        <code>796</code>
                                        <name>Штука</name>
                                    </okei>
                                    <qty>4</qty>
                                    <additionalInfo>Автопокрышка 205/75 R15</additionalInfo>
                                </lotItem>
                            </lotItems>
                            <forSmallOrMiddle>false</forSmallOrMiddle>
                            <excludePurchaseFromPlan>false</excludePurchaseFromPlan>
                            <subcontractorsRequirement>false</subcontractorsRequirement>
                            <ignoredPurchase>false</ignoredPurchase>
                            <centralized>false</centralized>
                        </lotData>
                        <deliveryPlaceIndication>GL</deliveryPlaceIndication>
                        <jointLotData>
                            <jointLot>false</jointLot>
                        </jointLotData>
                        <lotPlanInfo>
                            <planRegistrationNumber>2160206179</planRegistrationNumber>
                            <planGuid>d6e52263-dd11-465e-95aa-0f708305e636</planGuid>
                            <positionNumber>10</positionNumber>
                            <lotPlanPosition>COMMODITY</lotPlanPosition>
                            <positionGuid>001c5dc6-05bc-4851-a39b-99150ae2ccdd</positionGuid>
                        </lotPlanInfo>
                        <cancelled>false</cancelled>
                    </lot>
                </ns2:lots>
                <ns2:quotationExaminationTime>2017-03-23T09:00:00</ns2:quotationExaminationTime>
                <ns2:quotationExaminationPlace>399773, Липецкая область г. Елец,  ул. Вермишева, 12, кабинет 1111</ns2:quotationExaminationPlace>
                <ns2:quotationForm>Котировочная заявка должна быть подготовлена по форме, приведенной в разделе 5 настоящей котировочной документации.
Участник закупки подает заявку на бумажном носителе в соответствии с положениями настоящей документации 
Проведение переговоров между работниками Заказчика или Закупочной комиссией и Участником процедуры закупки в отношении поданной им котировочной заявки не допускается.
По истечении срока подачи заявок заявка на участие в закупке и прилагаемые к ней документы не принимаются</ns2:quotationForm>
                <ns2:submissionCloseDateTime>2017-03-23T09:00:00</ns2:submissionCloseDateTime>
                <ns2:publicationPlannedDate>2017-03-16</ns2:publicationPlannedDate>
            </ns2:purchaseNoticeZKData>
        </ns2:item>
    </ns2:body>
</ns2:purchaseNoticeZK>
