<?xml version="1.0" encoding="UTF-8" standalone="yes"?>
<ns2:purchaseNoticeZK xsi:schemaLocation="http://zakupki.gov.ru/223/integration/schema/TFF-5.2 http://zakupki.gov.ru/223/integration/schema/TFF-5.2/purchase.xsd" xmlns="http://zakupki.gov.ru/223fz/types/1" xmlns:ns10="http://zakupki.gov.ru/223fz/purchasePlan/1" xmlns:ns11="http://zakupki.gov.ru/223fz/purchasePlanProject/1" xmlns:ns12="http://zakupki.gov.ru/223fz/purchasePlanProjectAdditionalPosition/1" xmlns:ns13="http://zakupki.gov.ru/223fz/contract/1" xmlns:ns14="http://zakupki.gov.ru/223fz/missedNotice/1" xmlns:ns15="http://zakupki.gov.ru/223fz/reference/1" xmlns:ns16="http://zakupki.gov.ru/223fz/stopCommodity/1" xmlns:ns17="http://zakupki.gov.ru/223fz/decisionSuspension/1" xmlns:ns18="http://zakupki.gov.ru/223fz/purchasePlanAdditionalPosition/1" xmlns:ns19="http://zakupki.gov.ru/223fz/webRequest/1" xmlns:ns2="http://zakupki.gov.ru/223fz/purchase/1" xmlns:xsi="http://www.w3.org/2001/XMLSchema-instance" xmlns:ns3="http://zakupki.gov.ru/223fz/dishonestSupplier/1" xmlns:ns4="http://zakupki.gov.ru/223fz/machineryListInfo/1" xmlns:ns5="http://zakupki.gov.ru/223fz/revenue/1" xmlns:ns6="http://zakupki.gov.ru/223fz/orderClauseList/1" xmlns:ns7="http://zakupki.gov.ru/223fz/disagreementProtocol/1" xmlns:ns8="http://zakupki.gov.ru/223fz/complaint/1" xmlns:ns9="http://zakupki.gov.ru/223fz/notificationIssue/1">
    <header>
        <guid>cbe08505-b4b3-4938-8a4f-d8b632f5fac8</guid>
        <createDateTime>2017-03-16T14:22:21</createDateTime>
    </header>
    <ns2:body>
        <ns2:item>
            <guid>fe965b4a-2e85-43ae-9273-3334ee14c6af</guid>
            <ns2:purchaseNoticeZKData>
                <ns2:guid>fe965b4a-2e85-43ae-9273-3334ee14c6af</ns2:guid>
                <ns2:createDateTime>2017-03-16T14:19:43</ns2:createDateTime>
                <ns2:urlOOS>https://zakupki.gov.ru/223/purchase/private/purchase/notice-info/details.html?noticeInfoId=5885939</ns2:urlOOS>
                <ns2:registrationNumber>31704897923</ns2:registrationNumber>
                <ns2:name>Поставка продуктов питания для Узловского ж.д. техникума – филиала МИИТ(ЗК 049/223/17)</ns2:name>
                <ns2:customer>
                    <mainInfo>
                        <fullName>ФЕДЕРАЛЬНОЕ ГОСУДАРСТВЕННОЕ БЮДЖЕТНОЕ ОБРАЗОВАТЕЛЬНОЕ УЧРЕЖДЕНИЕ ВЫСШЕГО ОБРАЗОВАНИЯ "МОСКОВСКИЙ ГОСУДАРСТВЕННЫЙ УНИВЕРСИТЕТ ПУТЕЙ СООБЩЕНИЯ ИМПЕРАТОРА НИКОЛАЯ II"</fullName>
                        <shortName>МГУПС (МИИТ)</shortName>
                        <iko>87715027733771501001</iko>
                        <inn>7715027733</inn>
                        <kpp>771501001</kpp>
                        <ogrn>1027739733922</ogrn>
                        <legalAddress>127994, г МОСКВА, ул ОБРАЗЦОВА, дом 9, корпус СТР.9</legalAddress>
                        <postalAddress>127994, г. Москва, ул. Образцова, дом 9, строение 9</postalAddress>
                        <phone>7-495-6842403</phone>
                        <email>ea-miit@mail.ru</email>
                        <okato>45280569000</okato>
                        <okpo>01115863</okpo>
                    </mainInfo>
                </ns2:customer>
                <ns2:purchaseMethodCode>3362</ns2:purchaseMethodCode>
                <ns2:purchaseCodeName>Запрос котировок</ns2:purchaseCodeName>
                <ns2:placer>
                    <mainInfo>
                        <fullName>ФЕДЕРАЛЬНОЕ ГОСУДАРСТВЕННОЕ БЮДЖЕТНОЕ ОБРАЗОВАТЕЛЬНОЕ УЧРЕЖДЕНИЕ ВЫСШЕГО ОБРАЗОВАНИЯ "МОСКОВСКИЙ ГОСУДАРСТВЕННЫЙ УНИВЕРСИТЕТ ПУТЕЙ СООБЩЕНИЯ ИМПЕРАТОРА НИКОЛАЯ II"</fullName>
                        <shortName>МГУПС (МИИТ)</shortName>
                        <iko>87715027733771501001</iko>
                        <inn>7715027733</inn>
                        <kpp>771501001</kpp>
                        <ogrn>1027739733922</ogrn>
                        <legalAddress>127994, г МОСКВА, ул ОБРАЗЦОВА, дом 9, корпус СТР.9</legalAddress>
                        <postalAddress>127994, г. Москва, ул. Образцова, дом 9, строение 9</postalAddress>
                        <phone>7-495-6842403</phone>
                        <email>ea-miit@mail.ru</email>
                        <okato>45280569000</okato>
                        <okpo>01115863</okpo>
                    </mainInfo>
                </ns2:placer>
                <ns2:contact>
                    <firstName>Наталья</firstName>
                    <middleName>Владимировна</middleName>
                    <lastName>Гуськина</lastName>
                    <phone>+7 (495) 6842120, доб.: 3094</phone>
                    <email>ks.gnv@mail.ru</email>
                    <organization>
                        <mainInfo>
                            <fullName>ФЕДЕРАЛЬНОЕ ГОСУДАРСТВЕННОЕ БЮДЖЕТНОЕ ОБРАЗОВАТЕЛЬНОЕ УЧРЕЖДЕНИЕ ВЫСШЕГО ОБРАЗОВАНИЯ "МОСКОВСКИЙ ГОСУДАРСТВЕННЫЙ УНИВЕРСИТЕТ ПУТЕЙ СООБЩЕНИЯ ИМПЕРАТОРА НИКОЛАЯ II"</fullName>
                            <shortName>МГУПС (МИИТ)</shortName>
                            <iko>87715027733771501001</iko>
                            <inn>7715027733</inn>
                            <kpp>771501001</kpp>
                            <ogrn>1027739733922</ogrn>
                            <legalAddress>127994, г МОСКВА, ул ОБРАЗЦОВА, дом 9, корпус СТР.9</legalAddress>
                            <postalAddress>127994, г. Москва, ул. Образцова, дом 9, строение 9</postalAddress>
                            <phone>7-495-6842403</phone>
                            <email>ea-miit@mail.ru</email>
                            <okato>45280569000</okato>
                            <okpo>01115863</okpo>
                        </mainInfo>
                    </organization>
                </ns2:contact>
                <ns2:publicationDateTime>2017-03-16T14:22:21</ns2:publicationDateTime>
                <ns2:documentationDelivery>
                    <deliveryStartDateTime>2017-03-16</deliveryStartDateTime>
                    <deliveryEndDateTime>2017-03-20</deliveryEndDateTime>
                    <place>Документация о закупке доступна для ознакомления до срока окончания подачи заявок в ЕИС - https://zakupki.gov.ru, без взимания платы. </place>
                    <procedure>в соответствии с регламентом свйта</procedure>
                </ns2:documentationDelivery>
                <ns2:status>P</ns2:status>
                <ns2:version>1</ns2:version>
                <ns2:notDishonest>false</ns2:notDishonest>
                <ns2:attachments>
                    <totalDocumentsCount>2</totalDocumentsCount>
                    <document>
                        <guid>dfecb31d-911f-470d-8c6c-ec33abf42eb5</guid>
                        <createDateTime>2017-03-16T14:22:03</createDateTime>
                        <fileName>ЗК 049.223.17(1).pdf</fileName>
                        <description>ЗК 049.223.17(1)</description>
                        <url>http://zakupki.gov.ru/223/purchase/public/download/download.html?id=30109538</url>
                    </document>
                    <document>
                        <guid>a3b956f5-57ed-43d5-b1cf-568dc81a7e2a</guid>
                        <createDateTime>2017-03-16T14:21:55</createDateTime>
                        <fileName>Документация ЗК 049 223 17.docx</fileName>
                        <description>Документация ЗК 049 223 17</description>
                        <url>http://zakupki.gov.ru/223/purchase/public/download/download.html?id=30109529</url>
                    </document>
                </ns2:attachments>
                <ns2:modificationDate>2017-03-16T14:22:21</ns2:modificationDate>
                <ns2:saveUserId>203394</ns2:saveUserId>
                <ns2:deliveryPlaceIndication>DIFFERENT_PLACE</ns2:deliveryPlaceIndication>
                <ns2:emergency>false</ns2:emergency>
                <ns2:jointPurchase>false</ns2:jointPurchase>
                <ns2:lots>
                    <lot>
                        <guid>56b5a83e-4fc7-41ee-8c66-aca1629f9d4a</guid>
                        <ordinalNumber>1</ordinalNumber>
                        <lotEditEnabled>false</lotEditEnabled>
                        <lotData>
                            <subject>Поставка продуктов питания</subject>
                            <currency>
                                <code>RUB</code>
                                <digitalCode>643</digitalCode>
                                <name>Российский рубль</name>
                            </currency>
                            <initialSum>346266.33</initialSum>
                            <deliveryPlace>
                                <state>Центральный федеральный округ</state>
                                <region>Тульская   обл</region>
                                <regionOkato>70000000000</regionOkato>
                                <address>Место поставки товара, оказания услуг, выполнения работ: 
Тульская обл., г. Узловая, ул. Пушкина, д. 2 
 Срок поставки товара, оказания услуг, выполнения работ: 
с момента заключения договора по 30.06.2017 год. 
</address>
                            </deliveryPlace>
                            <lotItems>
                                <newCodes>true</newCodes>
                                <lotItem>
                                    <guid>36eca359-903c-426f-9203-66a387f91fdc</guid>
                                    <ordinalNumber>1</ordinalNumber>
                                    <okpd2>
                                        <code>10.72.11.000</code>
                                        <name>Хлебцы хрустящие, сухари, гренки и аналогичные обжаренные продукты</name>
                                    </okpd2>
                                    <okved2>
                                        <code>46.36.4</code>
                                        <name>Торговля оптовая хлебобулочными изделиями</name>
                                    </okved2>
                                    <okei>
                                        <code>166</code>
                                        <name>Килограмм</name>
                                    </okei>
                                    <qty>25</qty>
                                    <additionalInfo>Сухари панировочные</additionalInfo>
                                </lotItem>
                                <lotItem>
                                    <guid>fea09a6e-a16a-4c17-959e-8dee2d2a3486</guid>
                                    <ordinalNumber>2</ordinalNumber>
                                    <okpd2>
                                        <code>10.81.12.110</code>
                                        <name>Сахар белый свекловичный в твердом состоянии без вкусоароматических или красящих добавок</name>
                                    </okpd2>
                                    <okved2>
                                        <code>46.36.1</code>
                                        <name>Торговля оптовая сахаром</name>
                                    </okved2>
                                    <okei>
                                        <code>166</code>
                                        <name>Килограмм</name>
                                    </okei>
                                    <qty>25</qty>
                                    <additionalInfo>Сахар-рафинад</additionalInfo>
                                </lotItem>
                                <lotItem>
                                    <guid>850237b7-9830-4897-ad8b-85e67f023352</guid>
                                    <ordinalNumber>3</ordinalNumber>
                                    <okpd2>
                                        <code>01.13.42.000</code>
                                        <name>Чеснок</name>
                                    </okpd2>
                                    <okved2>
                                        <code>46.31.12</code>
                                        <name>Торговля оптовая прочими свежими овощами</name>
                                    </okved2>
                                    <okei>
                                        <code>166</code>
                                        <name>Килограмм</name>
                                    </okei>
                                    <qty>1</qty>
                                    <additionalInfo>Чеснок</additionalInfo>
                                </lotItem>
                                <lotItem>
                                    <guid>a5aa132e-e849-4ca1-be4f-4edf8589b4ca</guid>
                                    <ordinalNumber>4</ordinalNumber>
                                    <okpd2>
                                        <code>10.39.22.110</code>
                                        <name>Джемы, желе фруктовые и ягодные</name>
                                    </okpd2>
                                    <okved2>
                                        <code>46.38.29</code>
                                        <name>Торговля оптовая прочими пищевыми продуктами, не включенными в другие группировки</name>
                                    </okved2>
                                    <okei>
                                        <code>166</code>
                                        <name>Килограмм</name>
                                    </okei>
                                    <qty>180</qty>
                                    <additionalInfo>Повидло яблочное</additionalInfo>
                                </lotItem>
                                <lotItem>
                                    <guid>b2283fac-6eeb-4fe2-887f-06c3442122ea</guid>
                                    <ordinalNumber>5</ordinalNumber>
                                    <okpd2>
                                        <code>01.47.21.000</code>
                                        <name>Яйца куриные в скорлупе свежие</name>
                                    </okpd2>
                                    <okved2>
                                        <code>46.33.2</code>
                                        <name>Торговля оптовая яйцами</name>
                                    </okved2>
                                    <okei>
                                        <code>796</code>
                                        <name>Штука</name>
                                    </okei>
                                    <qty>2800</qty>
                                    <additionalInfo>Яйцо куриное</additionalInfo>
                                </lotItem>
                                <lotItem>
                                    <guid>f698f6eb-d3bc-4259-91c2-9a23280ca96b</guid>
                                    <ordinalNumber>6</ordinalNumber>
                                    <okpd2>
                                        <code>10.61.21.000</code>
                                        <name>Мука пшеничная и пшенично-ржаная</name>
                                    </okpd2>
                                    <okved2>
                                        <code>46.38.23</code>
                                        <name>Торговля оптовая мукой и макаронными изделиями</name>
                                    </okved2>
                                    <okei>
                                        <code>166</code>
                                        <name>Килограмм</name>
                                    </okei>
                                    <qty>1300</qty>
                                    <additionalInfo>Мука пшеничная</additionalInfo>
                                </lotItem>
                                <lotItem>
                                    <guid>1932ed60-a032-43e7-91fc-8fdd9b1a05cb</guid>
                                    <ordinalNumber>7</ordinalNumber>
                                    <okpd2>
                                        <code>01.13.12.120</code>
                                        <name>Капуста белокочанная</name>
                                    </okpd2>
                                    <okved2>
                                        <code>46.31.12</code>
                                        <name>Торговля оптовая прочими свежими овощами</name>
                                    </okved2>
                                    <okei>
                                        <code>166</code>
                                        <name>Килограмм</name>
                                    </okei>
                                    <qty>200</qty>
                                    <additionalInfo>Капуста</additionalInfo>
                                </lotItem>
                                <lotItem>
                                    <guid>e2d77a23-cbe8-469e-87d4-24f2f1051bb8</guid>
                                    <ordinalNumber>8</ordinalNumber>
                                    <okpd2>
                                        <code>10.39.18.110</code>
                                        <name>Овощи (кроме картофеля), приготовленные или консервированные с уксусом или уксусной кислотой</name>
                                    </okpd2>
                                    <okved2>
                                        <code>46.31.2</code>
                                        <name>Торговля оптовая консервированными овощами, фруктами и орехами</name>
                                    </okved2>
                                    <okei>
                                        <code>796</code>
                                        <name>Штука</name>
                                    </okei>
                                    <qty>4</qty>
                                    <additionalInfo>Огурцы соленые 3л</additionalInfo>
                                </lotItem>
                                <lotItem>
                                    <guid>acb7fa16-5934-4312-8ce6-df9dce8df0d2</guid>
                                    <ordinalNumber>9</ordinalNumber>
                                    <okpd2>
                                        <code>01.11.75.110</code>
                                        <name>Зерно гороха</name>
                                    </okpd2>
                                    <okved2>
                                        <code>46.38.24</code>
                                        <name>Торговля оптовая крупами</name>
                                    </okved2>
                                    <okei>
                                        <code>166</code>
                                        <name>Килограмм</name>
                                    </okei>
                                    <qty>10</qty>
                                    <additionalInfo>Горох</additionalInfo>
                                </lotItem>
                                <lotItem>
                                    <guid>f1e5443c-4620-4e35-9bb0-4954e4d8645f</guid>
                                    <ordinalNumber>10</ordinalNumber>
                                    <okpd2>
                                        <code>10.83.11.110</code>
                                        <name>Кофе без кофеина</name>
                                    </okpd2>
                                    <okved2>
                                        <code>46.37</code>
                                        <name>Торговля оптовая кофе, чаем, какао и пряностями</name>
                                    </okved2>
                                    <okei>
                                        <code>796</code>
                                        <name>Штука</name>
                                    </okei>
                                    <qty>4</qty>
                                    <additionalInfo>Кофе</additionalInfo>
                                </lotItem>
                                <lotItem>
                                    <guid>4898b541-bb16-45fe-9992-e9b1683f66e1</guid>
                                    <ordinalNumber>11</ordinalNumber>
                                    <okpd2>
                                        <code>01.13.43.110</code>
                                        <name>Лук репчатый</name>
                                    </okpd2>
                                    <okved2>
                                        <code>46.31.12</code>
                                        <name>Торговля оптовая прочими свежими овощами</name>
                                    </okved2>
                                    <okei>
                                        <code>166</code>
                                        <name>Килограмм</name>
                                    </okei>
                                    <qty>100</qty>
                                    <additionalInfo>Лук репка</additionalInfo>
                                </lotItem>
                                <lotItem>
                                    <guid>6526139e-c611-4d67-b11f-eca589d5afed</guid>
                                    <ordinalNumber>12</ordinalNumber>
                                    <okpd2>
                                        <code>01.13.51.120</code>
                                        <name>Картофель столовый поздний</name>
                                    </okpd2>
                                    <okved2>
                                        <code>46.31.11</code>
                                        <name>Торговля оптовая свежим картофелем</name>
                                    </okved2>
                                    <okei>
                                        <code>166</code>
                                        <name>Килограмм</name>
                                    </okei>
                                    <qty>200</qty>
                                    <additionalInfo>Картофель</additionalInfo>
                                </lotItem>
                                <lotItem>
                                    <guid>f1622284-6ee4-4943-8147-e5e2b29ef2ce</guid>
                                    <ordinalNumber>13</ordinalNumber>
                                    <okpd2>
                                        <code>10.39.21.147</code>
                                        <name>Смеси сухие для десертов взбитых замороженных фруктовых, фруктово-овощных, плодово-ягодных, овощных, шербетов</name>
                                    </okpd2>
                                    <okved2>
                                        <code>46.38.29</code>
                                        <name>Торговля оптовая прочими пищевыми продуктами, не включенными в другие группировки</name>
                                    </okved2>
                                    <okei>
                                        <code>166</code>
                                        <name>Килограмм</name>
                                    </okei>
                                    <qty>40</qty>
                                    <additionalInfo>Сухофруткы</additionalInfo>
                                </lotItem>
                                <lotItem>
                                    <guid>87d7b886-9787-4214-8f37-346b95d335a3</guid>
                                    <ordinalNumber>14</ordinalNumber>
                                    <okpd2>
                                        <code>10.39.21.140</code>
                                        <name>Десерты взбитые замороженные фруктовые, плодово-ягодные, фруктово-овощные, овощные, шербеты, смеси для их приготовления; сладкий пищевой лед</name>
                                    </okpd2>
                                    <okved2>
                                        <code>46.38.29</code>
                                        <name>Торговля оптовая прочими пищевыми продуктами, не включенными в другие группировки</name>
                                    </okved2>
                                    <okei>
                                        <code>796</code>
                                        <name>Штука</name>
                                    </okei>
                                    <qty>1</qty>
                                    <additionalInfo>Кисель 0,22</additionalInfo>
                                </lotItem>
                                <lotItem>
                                    <guid>76784a4f-901f-4014-8a70-28968d800cfe</guid>
                                    <ordinalNumber>15</ordinalNumber>
                                    <okpd2>
                                        <code>10.61.32.116</code>
                                        <name>Крупа перловая</name>
                                    </okpd2>
                                    <okved2>
                                        <code>46.38.24</code>
                                        <name>Торговля оптовая крупами</name>
                                    </okved2>
                                    <okei>
                                        <code>166</code>
                                        <name>Килограмм</name>
                                    </okei>
                                    <qty>4</qty>
                                    <additionalInfo>Перловка</additionalInfo>
                                </lotItem>
                                <lotItem>
                                    <guid>261cdfb4-e96f-4a1d-afcf-bed62f793328</guid>
                                    <ordinalNumber>16</ordinalNumber>
                                    <okpd2>
                                        <code>10.84.30.110</code>
                                        <name>Соль пищевая дробленая</name>
                                    </okpd2>
                                    <okved2>
                                        <code>46.38.25</code>
                                        <name>Торговля оптовая солью</name>
                                    </okved2>
                                    <okei>
                                        <code>166</code>
                                        <name>Килограмм</name>
                                    </okei>
                                    <qty>150</qty>
                                    <additionalInfo>Соль каменная</additionalInfo>
                                </lotItem>
                                <lotItem>
                                    <guid>66fd6387-6b91-4654-b705-cf9940dfe245</guid>
                                    <ordinalNumber>17</ordinalNumber>
                                    <okpd2>
                                        <code>10.42.10.111</code>
                                        <name>Маргарин твердый</name>
                                    </okpd2>
                                    <okved2>
                                        <code>46.33.1</code>
                                        <name>Торговля оптовая молочными продуктами</name>
                                    </okved2>
                                    <okei>
                                        <code>166</code>
                                        <name>Килограмм</name>
                                    </okei>
                                    <qty>80</qty>
                                    <additionalInfo>Маргарин</additionalInfo>
                                </lotItem>
                                <lotItem>
                                    <guid>d7369ac6-5a8d-40ef-9d0b-bb53bfe78aa1</guid>
                                    <ordinalNumber>18</ordinalNumber>
                                    <okpd2>
                                        <code>10.20.25.113</code>
                                        <name>Консервы рыбные в масле</name>
                                    </okpd2>
                                    <okved2>
                                        <code>46.38.1</code>
                                        <name>Торговля оптовая рыбой, ракообразными и моллюсками, консервами и пресервами из рыбы и морепродуктов</name>
                                    </okved2>
                                    <okei>
                                        <code>796</code>
                                        <name>Штука</name>
                                    </okei>
                                    <qty>4</qty>
                                    <additionalInfo>Консервы рыбные 0,25</additionalInfo>
                                </lotItem>
                                <lotItem>
                                    <guid>55e7eea8-5da1-4353-9473-f07fbdbf120c</guid>
                                    <ordinalNumber>19</ordinalNumber>
                                    <okpd2>
                                        <code>10.61.32.114</code>
                                        <name>Пшено</name>
                                    </okpd2>
                                    <okved2>
                                        <code>46.38.24</code>
                                        <name>Торговля оптовая крупами</name>
                                    </okved2>
                                    <okei>
                                        <code>166</code>
                                        <name>Килограмм</name>
                                    </okei>
                                    <qty>4</qty>
                                    <additionalInfo>Пшено</additionalInfo>
                                </lotItem>
                                <lotItem>
                                    <guid>b625bf85-8b36-4df2-988c-8d502eabfd8b</guid>
                                    <ordinalNumber>20</ordinalNumber>
                                    <okpd2>
                                        <code>10.20.13.122</code>
                                        <name>Рыба морская мороженая (кроме сельди)</name>
                                    </okpd2>
                                    <okved2>
                                        <code>46.38.1</code>
                                        <name>Торговля оптовая рыбой, ракообразными и моллюсками, консервами и пресервами из рыбы и морепродуктов</name>
                                    </okved2>
                                    <okei>
                                        <code>166</code>
                                        <name>Килограмм</name>
                                    </okei>
                                    <qty>150</qty>
                                    <additionalInfo>Путассу</additionalInfo>
                                </lotItem>
                                <lotItem>
                                    <guid>0bb68583-ce8e-49b6-8f98-aa296dfa3c30</guid>
                                    <ordinalNumber>21</ordinalNumber>
                                    <okpd2>
                                        <code>10.20.13.122</code>
                                        <name>Рыба морская мороженая (кроме сельди)</name>
                                    </okpd2>
                                    <okved2>
                                        <code>46.38.1</code>
                                        <name>Торговля оптовая рыбой, ракообразными и моллюсками, консервами и пресервами из рыбы и морепродуктов</name>
                                    </okved2>
                                    <okei>
                                        <code>166</code>
                                        <name>Килограмм</name>
                                    </okei>
                                    <qty>10</qty>
                                    <additionalInfo>Скумбрия</additionalInfo>
                                </lotItem>
                                <lotItem>
                                    <guid>fd83741a-9348-4444-90c9-6c9436dc2867</guid>
                                    <ordinalNumber>22</ordinalNumber>
                                    <okpd2>
                                        <code>10.61.32.113</code>
                                        <name>Крупа гречневая</name>
                                    </okpd2>
                                    <okved2>
                                        <code>46.38.24</code>
                                        <name>Торговля оптовая крупами</name>
                                    </okved2>
                                    <okei>
                                        <code>166</code>
                                        <name>Килограмм</name>
                                    </okei>
                                    <qty>75</qty>
                                    <additionalInfo>Гречка</additionalInfo>
                                </lotItem>
                                <lotItem>
                                    <guid>fd365e8a-d4ac-4deb-997a-c7033db77ebc</guid>
                                    <ordinalNumber>23</ordinalNumber>
                                    <okpd2>
                                        <code>10.84.12.130</code>
                                        <name>Майонезы</name>
                                    </okpd2>
                                    <okved2>
                                        <code>46.33.3</code>
                                        <name>Торговля оптовая пищевыми маслами и жирами</name>
                                    </okved2>
                                    <okei>
                                        <code>166</code>
                                        <name>Килограмм</name>
                                    </okei>
                                    <qty>100</qty>
                                    <additionalInfo>Майонез</additionalInfo>
                                </lotItem>
                                <lotItem>
                                    <guid>989ba85d-a67f-41a3-9f28-463d2bfe4598</guid>
                                    <ordinalNumber>24</ordinalNumber>
                                    <okpd2>
                                        <code>10.51.30.110</code>
                                        <name>Масло сливочное</name>
                                    </okpd2>
                                    <okved2>
                                        <code>46.33.3</code>
                                        <name>Торговля оптовая пищевыми маслами и жирами</name>
                                    </okved2>
                                    <okei>
                                        <code>166</code>
                                        <name>Килограмм</name>
                                    </okei>
                                    <qty>15</qty>
                                    <additionalInfo>Масло сливочное</additionalInfo>
                                </lotItem>
                                <lotItem>
                                    <guid>6f9480bf-979b-43ec-82cc-11e257f39626</guid>
                                    <ordinalNumber>25</ordinalNumber>
                                    <okpd2>
                                        <code>10.61.32.134</code>
                                        <name>Гранулы из риса</name>
                                    </okpd2>
                                    <okved2>
                                        <code>46.38.24</code>
                                        <name>Торговля оптовая крупами</name>
                                    </okved2>
                                    <okei>
                                        <code>166</code>
                                        <name>Килограмм</name>
                                    </okei>
                                    <qty>45</qty>
                                    <additionalInfo>Рис круглый</additionalInfo>
                                </lotItem>
                                <lotItem>
                                    <guid>e27e4c07-80c5-4397-a0f4-a46b40541237</guid>
                                    <ordinalNumber>26</ordinalNumber>
                                    <okpd2>
                                        <code>10.83.13.120</code>
                                        <name>Чай черный (ферментированный) в упаковках массой не более 3 кг</name>
                                    </okpd2>
                                    <okved2>
                                        <code>46.37</code>
                                        <name>Торговля оптовая кофе, чаем, какао и пряностями</name>
                                    </okved2>
                                    <okei>
                                        <code>796</code>
                                        <name>Штука</name>
                                    </okei>
                                    <qty>30</qty>
                                    <additionalInfo>Чай пакетированный</additionalInfo>
                                </lotItem>
                                <lotItem>
                                    <guid>1cee409f-243f-4745-81ee-336c5bc209a3</guid>
                                    <ordinalNumber>27</ordinalNumber>
                                    <okpd2>
                                        <code>10.41.54.000</code>
                                        <name>Масло подсолнечное и его фракции рафинированные, но не подвергнутые химической модификации</name>
                                    </okpd2>
                                    <okved2>
                                        <code>46.33.3</code>
                                        <name>Торговля оптовая пищевыми маслами и жирами</name>
                                    </okved2>
                                    <okei>
                                        <code>112</code>
                                        <name>Литр; Кубический дециметр</name>
                                    </okei>
                                    <qty>300</qty>
                                    <additionalInfo>Масло подсолнечное</additionalInfo>
                                </lotItem>
                                <lotItem>
                                    <guid>2a13f6da-9196-45ff-bd7a-01473545e5d8</guid>
                                    <ordinalNumber>28</ordinalNumber>
                                    <okpd2>
                                        <code>10.32.16.120</code>
                                        <name>Сок яблочный восстановленный</name>
                                    </okpd2>
                                    <okved2>
                                        <code>46.34.1</code>
                                        <name>Торговля оптовая соками, минеральной водой и прочими безалкогольными напитками</name>
                                    </okved2>
                                    <okei>
                                        <code>796</code>
                                        <name>Штука</name>
                                    </okei>
                                    <qty>30</qty>
                                    <additionalInfo>Сок яблочный 3л</additionalInfo>
                                </lotItem>
                                <lotItem>
                                    <guid>e9ce3269-620e-4e52-b1f5-1a375641fba9</guid>
                                    <ordinalNumber>29</ordinalNumber>
                                    <okpd2>
                                        <code>01.47.11.421</code>
                                        <name>Куры мясных пород родительского стада взрослые</name>
                                    </okpd2>
                                    <okved2>
                                        <code>46.32.1</code>
                                        <name>Торговля оптовая мясом и мясом птицы, включая субпродукты</name>
                                    </okved2>
                                    <okei>
                                        <code>166</code>
                                        <name>Килограмм</name>
                                    </okei>
                                    <qty>500</qty>
                                    <additionalInfo>Тушки цыплят-бройлеров</additionalInfo>
                                </lotItem>
                                <lotItem>
                                    <guid>488c05da-b66e-4c0a-8460-e35497cc55a9</guid>
                                    <ordinalNumber>30</ordinalNumber>
                                    <okpd2>
                                        <code>10.84.12.120</code>
                                        <name>Кетчуп и соусы томатные прочие</name>
                                    </okpd2>
                                    <okved2>
                                        <code>46.31.2</code>
                                        <name>Торговля оптовая консервированными овощами, фруктами и орехами</name>
                                    </okved2>
                                    <okei>
                                        <code>796</code>
                                        <name>Штука</name>
                                    </okei>
                                    <qty>30</qty>
                                    <additionalInfo>томатная паста</additionalInfo>
                                </lotItem>
                                <lotItem>
                                    <guid>b0d4ebb6-0b5c-4f2d-a3ba-aa90005e375a</guid>
                                    <ordinalNumber>31</ordinalNumber>
                                    <okpd2>
                                        <code>10.81.12.110</code>
                                        <name>Сахар белый свекловичный в твердом состоянии без вкусоароматических или красящих добавок</name>
                                    </okpd2>
                                    <okved2>
                                        <code>46.36.1</code>
                                        <name>Торговля оптовая сахаром</name>
                                    </okved2>
                                    <okei>
                                        <code>166</code>
                                        <name>Килограмм</name>
                                    </okei>
                                    <qty>200</qty>
                                    <additionalInfo>Сахар-песок</additionalInfo>
                                </lotItem>
                                <lotItem>
                                    <guid>47124917-f8f2-4a96-97f8-80d0e7bb9da3</guid>
                                    <ordinalNumber>32</ordinalNumber>
                                    <okpd2>
                                        <code>10.51.52.122</code>
                                        <name>Сметана от 15,0 % до 19,0 % жирности</name>
                                    </okpd2>
                                    <okved2>
                                        <code>46.33.1</code>
                                        <name>Торговля оптовая молочными продуктами</name>
                                    </okved2>
                                    <okei>
                                        <code>166</code>
                                        <name>Килограмм</name>
                                    </okei>
                                    <qty>150</qty>
                                    <additionalInfo>Сметана</additionalInfo>
                                </lotItem>
                                <lotItem>
                                    <guid>9d2e47c5-f70c-457b-82de-ec568f9b71ef</guid>
                                    <ordinalNumber>33</ordinalNumber>
                                    <okpd2>
                                        <code>10.39.16.000</code>
                                        <name>Горох, консервированный без уксуса или уксусной кислоты (кроме готовых блюд из овощей)</name>
                                    </okpd2>
                                    <okved2>
                                        <code>46.31.2</code>
                                        <name>Торговля оптовая консервированными овощами, фруктами и орехами</name>
                                    </okved2>
                                    <okei>
                                        <code>796</code>
                                        <name>Штука</name>
                                    </okei>
                                    <qty>15</qty>
                                    <additionalInfo>зелёный горошек</additionalInfo>
                                </lotItem>
                                <lotItem>
                                    <guid>4eeb337b-4dff-4829-b6b8-0ae978d88d9f</guid>
                                    <ordinalNumber>34</ordinalNumber>
                                    <okpd2>
                                        <code>10.13.14.167</code>
                                        <name>Полуфабрикаты мясные (мясосодержащие) рубленые подмороженные и замороженные</name>
                                    </okpd2>
                                    <okved2>
                                        <code>46.32.1</code>
                                        <name>Торговля оптовая мясом и мясом птицы, включая субпродукты</name>
                                    </okved2>
                                    <okei>
                                        <code>166</code>
                                        <name>Килограмм</name>
                                    </okei>
                                    <qty>160</qty>
                                    <additionalInfo>Фарш куриный</additionalInfo>
                                </lotItem>
                                <lotItem>
                                    <guid>079a81cc-258d-4e6b-a15f-4fcfcdc1d65c</guid>
                                    <ordinalNumber>35</ordinalNumber>
                                    <okpd2>
                                        <code>01.13.41.110</code>
                                        <name>Морковь столовая</name>
                                    </okpd2>
                                    <okved2>
                                        <code>46.31.12</code>
                                        <name>Торговля оптовая прочими свежими овощами</name>
                                    </okved2>
                                    <okei>
                                        <code>166</code>
                                        <name>Килограмм</name>
                                    </okei>
                                    <qty>9</qty>
                                    <additionalInfo>Морковь</additionalInfo>
                                </lotItem>
                                <lotItem>
                                    <guid>37b98b9e-bbfc-4213-8ea2-526604b176d1</guid>
                                    <ordinalNumber>36</ordinalNumber>
                                    <okpd2>
                                        <code>10.11.31.140</code>
                                        <name>Субпродукты пищевые крупного рогатого скота замороженные</name>
                                    </okpd2>
                                    <okved2>
                                        <code>46.32.1</code>
                                        <name>Торговля оптовая мясом и мясом птицы, включая субпродукты</name>
                                    </okved2>
                                    <okei>
                                        <code>166</code>
                                        <name>Килограмм</name>
                                    </okei>
                                    <qty>80</qty>
                                    <additionalInfo>Печень говяжья</additionalInfo>
                                </lotItem>
                                <lotItem>
                                    <guid>67ee00c2-2291-4d16-baf3-5d443ce28833</guid>
                                    <ordinalNumber>37</ordinalNumber>
                                    <okpd2>
                                        <code>10.89.13.111</code>
                                        <name>Дрожжи хлебопекарные прессованные</name>
                                    </okpd2>
                                    <okved2>
                                        <code>46.38.29</code>
                                        <name>Торговля оптовая прочими пищевыми продуктами, не включенными в другие группировки</name>
                                    </okved2>
                                    <okei>
                                        <code>166</code>
                                        <name>Килограмм</name>
                                    </okei>
                                    <qty>30</qty>
                                    <additionalInfo>Дрожжи прессованные</additionalInfo>
                                </lotItem>
                                <lotItem>
                                    <guid>f1c710da-181c-4404-858d-9daa9f825f9f</guid>
                                    <ordinalNumber>38</ordinalNumber>
                                    <okpd2>
                                        <code>10.73.11.110</code>
                                        <name>Макароны</name>
                                    </okpd2>
                                    <okved2>
                                        <code>46.38.23</code>
                                        <name>Торговля оптовая мукой и макаронными изделиями</name>
                                    </okved2>
                                    <okei>
                                        <code>166</code>
                                        <name>Килограмм</name>
                                    </okei>
                                    <qty>90</qty>
                                    <additionalInfo>Макароны </additionalInfo>
                                </lotItem>
                                <lotItem>
                                    <guid>cd6ed605-a167-4ad3-9ede-57996daabf17</guid>
                                    <ordinalNumber>39</ordinalNumber>
                                    <okpd2>
                                        <code>01.13.49.110</code>
                                        <name>Свекла столовая</name>
                                    </okpd2>
                                    <okved2>
                                        <code>46.31.12</code>
                                        <name>Торговля оптовая прочими свежими овощами</name>
                                    </okved2>
                                    <okei>
                                        <code>166</code>
                                        <name>Килограмм</name>
                                    </okei>
                                    <qty>20</qty>
                                    <additionalInfo>Свекла</additionalInfo>
                                </lotItem>
                            </lotItems>
                            <forSmallOrMiddle>false</forSmallOrMiddle>
                            <excludePurchaseFromPlan>false</excludePurchaseFromPlan>
                            <subcontractorsRequirement>false</subcontractorsRequirement>
                            <ignoredPurchase>false</ignoredPurchase>
                            <centralized>false</centralized>
                        </lotData>
                        <deliveryPlaceIndication>GL</deliveryPlaceIndication>
                        <jointLotData>
                            <jointLot>false</jointLot>
                        </jointLotData>
                        <lotPlanInfo>
                            <planRegistrationNumber>2170224160</planRegistrationNumber>
                            <planGuid>4ad5a9ef-0f17-2a06-e053-47cdf5c3e0f9</planGuid>
                            <positionNumber>24018</positionNumber>
                            <lotPlanPosition>COMMODITY</lotPlanPosition>
                            <positionGuid>47746503-9815-60f1-e053-47cdf5c39c7f</positionGuid>
                        </lotPlanInfo>
                        <cancelled>false</cancelled>
                    </lot>
                </ns2:lots>
                <ns2:quotationExaminationTime>2017-03-20T10:30:00</ns2:quotationExaminationTime>
                <ns2:quotationExaminationPlace>127994, г. Москва, ул. Образцова, дом 9, стр. 9, кор. 13, кабинет № 13102.  </ns2:quotationExaminationPlace>
                <ns2:submissionCloseDateTime>2017-03-20T09:30:00</ns2:submissionCloseDateTime>
                <ns2:publicationPlannedDate>2017-03-16</ns2:publicationPlannedDate>
            </ns2:purchaseNoticeZKData>
        </ns2:item>
    </ns2:body>
</ns2:purchaseNoticeZK>
