<?xml version="1.0" encoding="UTF-8" standalone="yes"?>
<ns2:purchaseNoticeZK xsi:schemaLocation="http://zakupki.gov.ru/223/integration/schema/TFF-5.2 http://zakupki.gov.ru/223/integration/schema/TFF-5.2/purchase.xsd" xmlns="http://zakupki.gov.ru/223fz/types/1" xmlns:ns10="http://zakupki.gov.ru/223fz/purchasePlan/1" xmlns:ns11="http://zakupki.gov.ru/223fz/purchasePlanProject/1" xmlns:ns12="http://zakupki.gov.ru/223fz/purchasePlanProjectAdditionalPosition/1" xmlns:ns13="http://zakupki.gov.ru/223fz/contract/1" xmlns:ns14="http://zakupki.gov.ru/223fz/missedNotice/1" xmlns:ns15="http://zakupki.gov.ru/223fz/reference/1" xmlns:ns16="http://zakupki.gov.ru/223fz/stopCommodity/1" xmlns:ns17="http://zakupki.gov.ru/223fz/decisionSuspension/1" xmlns:ns18="http://zakupki.gov.ru/223fz/purchasePlanAdditionalPosition/1" xmlns:ns19="http://zakupki.gov.ru/223fz/webRequest/1" xmlns:ns2="http://zakupki.gov.ru/223fz/purchase/1" xmlns:xsi="http://www.w3.org/2001/XMLSchema-instance" xmlns:ns3="http://zakupki.gov.ru/223fz/dishonestSupplier/1" xmlns:ns4="http://zakupki.gov.ru/223fz/machineryListInfo/1" xmlns:ns5="http://zakupki.gov.ru/223fz/revenue/1" xmlns:ns6="http://zakupki.gov.ru/223fz/orderClauseList/1" xmlns:ns7="http://zakupki.gov.ru/223fz/disagreementProtocol/1" xmlns:ns8="http://zakupki.gov.ru/223fz/complaint/1" xmlns:ns9="http://zakupki.gov.ru/223fz/notificationIssue/1">
    <header>
        <guid>45c96f6f-0082-4570-bb05-c303c8d35d15</guid>
        <createDateTime>2017-03-16T17:15:48</createDateTime>
    </header>
    <ns2:body>
        <ns2:item>
            <guid>54f2b641-a744-4e23-a881-8e8e749fafcf</guid>
            <ns2:purchaseNoticeZKData>
                <ns2:guid>54f2b641-a744-4e23-a881-8e8e749fafcf</ns2:guid>
                <ns2:createDateTime>2017-03-16T13:58:42</ns2:createDateTime>
                <ns2:urlOOS>https://zakupki.gov.ru/223/purchase/private/purchase/notice-info/details.html?noticeInfoId=5885705</ns2:urlOOS>
                <ns2:registrationNumber>31704899624</ns2:registrationNumber>
                <ns2:name>Поставка рыбы свежемороженой и морепродуктов в ассортименте</ns2:name>
                <ns2:customer>
                    <mainInfo>
                        <fullName>ФЕДЕРАЛЬНОЕ ГОСУДАРСТВЕННОЕ УНИТАРНОЕ ПРЕДПРИЯТИЕ "ТОРГОВЫЙ ДОМ "КРЕМЛЕВСКИЙ" УПРАВЛЕНИЯ ДЕЛАМИ ПРЕЗИДЕНТА РОССИЙСКОЙ ФЕДЕРАЦИИ</fullName>
                        <shortName>ФГУП "ТОРГОВЫЙ ДОМ "КРЕМЛЕВСКИЙ"</shortName>
                        <iko>57703258101771501001</iko>
                        <inn>7703258101</inn>
                        <kpp>771501001</kpp>
                        <ogrn>1027739712637</ogrn>
                        <legalAddress>127055, г МОСКВА, ул ТИХВИНСКАЯ, дом 4</legalAddress>
                        <postalAddress>127055, Москва, Тихвинская, дом 4</postalAddress>
                        <phone>7-495-6205200</phone>
                        <fax>7-495-6205204</fax>
                        <email>udp@tdkremlin.ru</email>
                        <okato>45280569000</okato>
                        <okpo>54869838</okpo>
                    </mainInfo>
                </ns2:customer>
                <ns2:purchaseMethodCode>3362</ns2:purchaseMethodCode>
                <ns2:purchaseCodeName>Запрос котировок</ns2:purchaseCodeName>
                <ns2:placer>
                    <mainInfo>
                        <fullName>ФЕДЕРАЛЬНОЕ ГОСУДАРСТВЕННОЕ УНИТАРНОЕ ПРЕДПРИЯТИЕ "ТОРГОВЫЙ ДОМ "КРЕМЛЕВСКИЙ" УПРАВЛЕНИЯ ДЕЛАМИ ПРЕЗИДЕНТА РОССИЙСКОЙ ФЕДЕРАЦИИ</fullName>
                        <shortName>ФГУП "ТОРГОВЫЙ ДОМ "КРЕМЛЕВСКИЙ"</shortName>
                        <iko>57703258101771501001</iko>
                        <inn>7703258101</inn>
                        <kpp>771501001</kpp>
                        <ogrn>1027739712637</ogrn>
                        <legalAddress>127055, г МОСКВА, ул ТИХВИНСКАЯ, дом 4</legalAddress>
                        <postalAddress>127055, Москва, Тихвинская, дом 4</postalAddress>
                        <phone>7-495-6205200</phone>
                        <fax>7-495-6205204</fax>
                        <email>udp@tdkremlin.ru</email>
                        <okato>45280569000</okato>
                        <okpo>54869838</okpo>
                    </mainInfo>
                </ns2:placer>
                <ns2:contact>
                    <phone>+7 (495) 6205238</phone>
                    <email>tender@tdkremlin.com</email>
                    <organization>
                        <mainInfo>
                            <fullName>ФЕДЕРАЛЬНОЕ ГОСУДАРСТВЕННОЕ УНИТАРНОЕ ПРЕДПРИЯТИЕ "ТОРГОВЫЙ ДОМ "КРЕМЛЕВСКИЙ" УПРАВЛЕНИЯ ДЕЛАМИ ПРЕЗИДЕНТА РОССИЙСКОЙ ФЕДЕРАЦИИ</fullName>
                            <shortName>ФГУП "ТОРГОВЫЙ ДОМ "КРЕМЛЕВСКИЙ"</shortName>
                            <iko>57703258101771501001</iko>
                            <inn>7703258101</inn>
                            <kpp>771501001</kpp>
                            <ogrn>1027739712637</ogrn>
                            <legalAddress>127055, г МОСКВА, ул ТИХВИНСКАЯ, дом 4</legalAddress>
                            <postalAddress>127055, Москва, Тихвинская, дом 4</postalAddress>
                            <phone>7-495-6205200</phone>
                            <fax>7-495-6205204</fax>
                            <email>udp@tdkremlin.ru</email>
                            <okato>45280569000</okato>
                            <okpo>54869838</okpo>
                        </mainInfo>
                    </organization>
                </ns2:contact>
                <ns2:publicationDateTime>2017-03-16T17:15:48</ns2:publicationDateTime>
                <ns2:documentationDelivery>
                    <deliveryStartDateTime>2017-03-17</deliveryStartDateTime>
                    <deliveryEndDateTime>2017-03-22</deliveryEndDateTime>
                    <place>Извещение и документация о закупке официально размещены и доступны для ознакомления в форме электронного документа без взимания платы в любое время с момента официального размещения извещения на официальном сайте www.zakupki.gov.ru.</place>
                    <procedure>Извещение и документация о закупке официально размещены и доступны для ознакомления в форме электронного документа без взимания платы в любое время с момента официального размещения извещения на официальном сайте www.zakupki.gov.ru.</procedure>
                </ns2:documentationDelivery>
                <ns2:status>P</ns2:status>
                <ns2:version>1</ns2:version>
                <ns2:notDishonest>false</ns2:notDishonest>
                <ns2:attachments>
                    <totalDocumentsCount>1</totalDocumentsCount>
                    <document>
                        <guid>62785646-aabd-4df0-94c5-8267306418d2</guid>
                        <createDateTime>2017-03-16T17:15:36</createDateTime>
                        <fileName>Извещение.docx</fileName>
                        <description>Извещение</description>
                        <url>http://zakupki.gov.ru/223/purchase/public/download/download.html?id=30119018</url>
                    </document>
                </ns2:attachments>
                <ns2:modificationDate>2017-03-16T17:15:48</ns2:modificationDate>
                <ns2:saveUserId>171157</ns2:saveUserId>
                <ns2:deliveryPlaceIndication>DIFFERENT_PLACE</ns2:deliveryPlaceIndication>
                <ns2:emergency>false</ns2:emergency>
                <ns2:jointPurchase>true</ns2:jointPurchase>
                <ns2:lots>
                    <lot>
                        <guid>7a8b013d-d35f-4b38-8daf-4827b8cc5fff</guid>
                        <ordinalNumber>1</ordinalNumber>
                        <lotEditEnabled>false</lotEditEnabled>
                        <lotData>
                            <subject>Поставка рыбы свежемороженой и морепродуктов в ассортименте</subject>
                            <currency>
                                <code>RUB</code>
                                <digitalCode>643</digitalCode>
                                <name>Российский рубль</name>
                            </currency>
                            <initialSum>12570836.90</initialSum>
                            <forSmallOrMiddle>false</forSmallOrMiddle>
                            <excludePurchaseFromPlan>false</excludePurchaseFromPlan>
                            <subcontractorsRequirement>false</subcontractorsRequirement>
                            <ignoredPurchase>false</ignoredPurchase>
                            <centralized>false</centralized>
                        </lotData>
                        <deliveryPlaceIndication>LC</deliveryPlaceIndication>
                        <jointLotData>
                            <jointLot>true</jointLot>
                            <lotCustomers>
                                <lotCustomer>
                                    <deliveryPlaceIndication>GA</deliveryPlaceIndication>
                                    <lotCustomerEditEnabled>false</lotCustomerEditEnabled>
                                    <lotCustomerData>
                                        <currency>
                                            <code>RUB</code>
                                            <digitalCode>643</digitalCode>
                                            <name>Российский рубль</name>
                                        </currency>
                                        <price>577986.30</price>
                                        <excludePurchaseFromPlan>false</excludePurchaseFromPlan>
                                        <deliveryPlace>
                                            <state>Центральный федеральный округ</state>
                                            <region>Московская   обл</region>
                                            <regionOkato>46000000000</regionOkato>
                                            <address>РФ, 141435, Московская область, г. Химки, микрорайон Новогорск, ул. Ивановская, владение 2;
РФ, 119501, г. Москва, ул. Староволынская, 9, «Конгресс-парк «Волынское».
</address>
                                        </deliveryPlace>
                                        <lotItems>
                                            <newCodes>true</newCodes>
                                            <lotItem>
                                                <guid>7614abd8-f459-45b3-86cb-a9f8fe1e25fa</guid>
                                                <ordinalNumber>1</ordinalNumber>
                                                <okpd2>
                                                    <code>Подраздел DA</code>
                                                    <name>ПРОДУКТЫ ПИЩЕВЫЕ, НАПИТКИ И ИЗДЕЛИЯ ТАБАЧНЫЕ</name>
                                                </okpd2>
                                                <okved2>
                                                    <code>10.2</code>
                                                    <name>Переработка и консервирование рыбы, ракообразных и моллюсков</name>
                                                </okved2>
                                            </lotItem>
                                        </lotItems>
                                        <notInLaw223>false</notInLaw223>
                                    </lotCustomerData>
                                    <lotPlanInfo>
                                        <planRegistrationNumber>2160218068</planRegistrationNumber>
                                        <planGuid>10f343f6-87ff-42e0-bfab-6895f7d63763</planGuid>
                                        <positionNumber>12</positionNumber>
                                        <lotPlanPosition>COMMODITY</lotPlanPosition>
                                        <positionGuid>ca19ecd6-64db-4c7e-907f-fbc86cdbede5</positionGuid>
                                    </lotPlanInfo>
                                    <customerInfo>
                                        <fullName>ФЕДЕРАЛЬНОЕ ГОСУДАРСТВЕННОЕ АВТОНОМНОЕ УЧРЕЖДЕНИЕ "ОЗДОРОВИТЕЛЬНЫЙ КОМПЛЕКС "ПЛАНЕРНОЕ" УПРАВЛЕНИЯ ДЕЛАМИ ПРЕЗИДЕНТА РОССИЙСКОЙ ФЕДЕРАЦИИ</fullName>
                                        <shortName>ФГАУ "ОК "ПЛАНЕРНОЕ"</shortName>
                                        <iko>55038005487504701001</iko>
                                        <inn>5038005487</inn>
                                        <kpp>504701001</kpp>
                                        <ogrn>1025004914450</ogrn>
                                        <legalAddress>141435, обл МОСКОВСКАЯ, г ХИМКИ, мкр НОВОГОРСК, ул ИВАНОВСКАЯ, дом ВЛАДЕНИЕ 2</legalAddress>
                                        <postalAddress>141435, Московская Область, Химки Город, Новогорск Микрорайон, Ивановская Улица, дом ВЛАДЕНИЕ 2</postalAddress>
                                        <phone>7-499-2712803-3030</phone>
                                        <email>el.veselova@planernoye.ru</email>
                                        <okato>46483000000</okato>
                                        <okpo>34845051</okpo>
                                    </customerInfo>
                                </lotCustomer>
                                <lotCustomer>
                                    <deliveryPlaceIndication>GA</deliveryPlaceIndication>
                                    <lotCustomerEditEnabled>false</lotCustomerEditEnabled>
                                    <lotCustomerData>
                                        <currency>
                                            <code>RUB</code>
                                            <digitalCode>643</digitalCode>
                                            <name>Российский рубль</name>
                                        </currency>
                                        <price>1957671.30</price>
                                        <excludePurchaseFromPlan>false</excludePurchaseFromPlan>
                                        <deliveryPlace>
                                            <state>Центральный федеральный округ</state>
                                            <region>Московская   обл</region>
                                            <regionOkato>46000000000</regionOkato>
                                            <address>РФ, г. Москва, ул. Вучетича, д.32, (д/о «Знамя Революции»);
РФ, Московская область, г. Химки, мкр. Новогорск, (д/о «Нагорное»);
РФ, Московская область, Солнечногорский район, пос. Сенеж, (д/о «Сенеж»).
</address>
                                        </deliveryPlace>
                                        <lotItems>
                                            <newCodes>true</newCodes>
                                            <lotItem>
                                                <guid>a9dd6d19-276f-4aa8-883c-3dd44caa596e</guid>
                                                <ordinalNumber>1</ordinalNumber>
                                                <okpd2>
                                                    <code>10.20.32.110</code>
                                                    <name>Моллюски мороженые</name>
                                                </okpd2>
                                                <okved2>
                                                    <code>46.3</code>
                                                    <name>Торговля оптовая пищевыми продуктами, напитками и табачными изделиями</name>
                                                </okved2>
                                                <okei>
                                                    <code>166</code>
                                                    <name>Килограмм</name>
                                                </okei>
                                                <qty>10</qty>
                                                <additionalInfo>Гребешки св/м</additionalInfo>
                                            </lotItem>
                                            <lotItem>
                                                <guid>88df46fd-26f3-4af3-9d54-1bde8f1006f0</guid>
                                                <ordinalNumber>2</ordinalNumber>
                                                <okpd2>
                                                    <code>10.20.32.110</code>
                                                    <name>Моллюски мороженые</name>
                                                </okpd2>
                                                <okved2>
                                                    <code>46.3</code>
                                                    <name>Торговля оптовая пищевыми продуктами, напитками и табачными изделиями</name>
                                                </okved2>
                                                <okei>
                                                    <code>166</code>
                                                    <name>Килограмм</name>
                                                </okei>
                                                <qty>200</qty>
                                                <additionalInfo>Кальмар филе с/м</additionalInfo>
                                            </lotItem>
                                            <lotItem>
                                                <guid>9b214c74-81be-4ea5-8a3e-20dbcc44b539</guid>
                                                <ordinalNumber>3</ordinalNumber>
                                                <okpd2>
                                                    <code>10.20.13.122</code>
                                                    <name>Рыба морская мороженая (кроме сельди)</name>
                                                </okpd2>
                                                <okved2>
                                                    <code>46.3</code>
                                                    <name>Торговля оптовая пищевыми продуктами, напитками и табачными изделиями</name>
                                                </okved2>
                                                <okei>
                                                    <code>166</code>
                                                    <name>Килограмм</name>
                                                </okei>
                                                <qty>100</qty>
                                                <additionalInfo>Рыба Дорада</additionalInfo>
                                            </lotItem>
                                            <lotItem>
                                                <guid>e2179109-d4c3-497b-8541-4985db9d99f3</guid>
                                                <ordinalNumber>4</ordinalNumber>
                                                <okpd2>
                                                    <code>10.20.13.110</code>
                                                    <name>Рыба пресноводная мороженая</name>
                                                </okpd2>
                                                <okved2>
                                                    <code>46.3</code>
                                                    <name>Торговля оптовая пищевыми продуктами, напитками и табачными изделиями</name>
                                                </okved2>
                                                <okei>
                                                    <code>166</code>
                                                    <name>Килограмм</name>
                                                </okei>
                                                <qty>200</qty>
                                                <additionalInfo>Рыба Семга (Лосось) потр с/г св/м</additionalInfo>
                                            </lotItem>
                                            <lotItem>
                                                <guid>70a183ad-f553-4115-ab99-cabee35e0300</guid>
                                                <ordinalNumber>5</ordinalNumber>
                                                <okpd2>
                                                    <code>10.20.13.110</code>
                                                    <name>Рыба пресноводная мороженая</name>
                                                </okpd2>
                                                <okved2>
                                                    <code>46.3</code>
                                                    <name>Торговля оптовая пищевыми продуктами, напитками и табачными изделиями</name>
                                                </okved2>
                                                <okei>
                                                    <code>166</code>
                                                    <name>Килограмм</name>
                                                </okei>
                                                <qty>500</qty>
                                                <additionalInfo>Рыба Семга с/м.филе На коже</additionalInfo>
                                            </lotItem>
                                            <lotItem>
                                                <guid>6f7514a3-2bed-4ebd-b295-234e7342f155</guid>
                                                <ordinalNumber>6</ordinalNumber>
                                                <okpd2>
                                                    <code>10.20.13.122</code>
                                                    <name>Рыба морская мороженая (кроме сельди)</name>
                                                </okpd2>
                                                <okved2>
                                                    <code>46.3</code>
                                                    <name>Торговля оптовая пищевыми продуктами, напитками и табачными изделиями</name>
                                                </okved2>
                                                <okei>
                                                    <code>166</code>
                                                    <name>Килограмм</name>
                                                </okei>
                                                <qty>100</qty>
                                                <additionalInfo>Рыба Сибас</additionalInfo>
                                            </lotItem>
                                            <lotItem>
                                                <guid>cf570bcb-cd6a-48f3-b4c7-3e8d6fc8f1ad</guid>
                                                <ordinalNumber>7</ordinalNumber>
                                                <okpd2>
                                                    <code>10.20.13.110</code>
                                                    <name>Рыба пресноводная мороженая</name>
                                                </okpd2>
                                                <okved2>
                                                    <code>46.3</code>
                                                    <name>Торговля оптовая пищевыми продуктами, напитками и табачными изделиями</name>
                                                </okved2>
                                                <okei>
                                                    <code>166</code>
                                                    <name>Килограмм</name>
                                                </okei>
                                                <qty>500</qty>
                                                <additionalInfo>Рыба Судак филе с/к н/ш св/м</additionalInfo>
                                            </lotItem>
                                            <lotItem>
                                                <guid>aaa2ea70-9157-446c-8862-d8d7c9704129</guid>
                                                <ordinalNumber>8</ordinalNumber>
                                                <okpd2>
                                                    <code>10.20.13.122</code>
                                                    <name>Рыба морская мороженая (кроме сельди)</name>
                                                </okpd2>
                                                <okved2>
                                                    <code>46.3</code>
                                                    <name>Торговля оптовая пищевыми продуктами, напитками и табачными изделиями</name>
                                                </okved2>
                                                <okei>
                                                    <code>166</code>
                                                    <name>Килограмм</name>
                                                </okei>
                                                <qty>500</qty>
                                                <additionalInfo>Рыба Треска филе б/к св/м (Премиум)</additionalInfo>
                                            </lotItem>
                                            <lotItem>
                                                <guid>ba7aec96-225b-4cd2-be11-106b126593be</guid>
                                                <ordinalNumber>9</ordinalNumber>
                                                <okpd2>
                                                    <code>10.20.13.110</code>
                                                    <name>Рыба пресноводная мороженая</name>
                                                </okpd2>
                                                <okved2>
                                                    <code>46.3</code>
                                                    <name>Торговля оптовая пищевыми продуктами, напитками и табачными изделиями</name>
                                                </okved2>
                                                <okei>
                                                    <code>166</code>
                                                    <name>Килограмм</name>
                                                </okei>
                                                <qty>100</qty>
                                                <additionalInfo>Рыба Форель радужная речная с/г потр. на коже</additionalInfo>
                                            </lotItem>
                                            <lotItem>
                                                <guid>a91bdfae-9991-44a9-9325-07c270383f99</guid>
                                                <ordinalNumber>10</ordinalNumber>
                                                <okpd2>
                                                    <code>10.20.13.122</code>
                                                    <name>Рыба морская мороженая (кроме сельди)</name>
                                                </okpd2>
                                                <okved2>
                                                    <code>46.3</code>
                                                    <name>Торговля оптовая пищевыми продуктами, напитками и табачными изделиями</name>
                                                </okved2>
                                                <okei>
                                                    <code>166</code>
                                                    <name>Килограмм</name>
                                                </okei>
                                                <qty>500</qty>
                                                <additionalInfo>Рыба хек филе б/к св/м</additionalInfo>
                                            </lotItem>
                                            <lotItem>
                                                <guid>9a625f43-4d1d-4130-940e-13861f9279cb</guid>
                                                <ordinalNumber>11</ordinalNumber>
                                                <okpd2>
                                                    <code>10.20.25.190</code>
                                                    <name>Продукты готовые из рыбы прочие, не включенные в другие группировки</name>
                                                </okpd2>
                                                <okved2>
                                                    <code>46.3</code>
                                                    <name>Торговля оптовая пищевыми продуктами, напитками и табачными изделиями</name>
                                                </okved2>
                                                <okei>
                                                    <code>166</code>
                                                    <name>Килограмм</name>
                                                </okei>
                                                <qty>200</qty>
                                                <additionalInfo>Крабовые палочки</additionalInfo>
                                            </lotItem>
                                            <lotItem>
                                                <guid>4df6edab-dd1d-495d-9456-60c0c4dacde9</guid>
                                                <ordinalNumber>12</ordinalNumber>
                                                <okpd2>
                                                    <code>10.20.25.190</code>
                                                    <name>Продукты готовые из рыбы прочие, не включенные в другие группировки</name>
                                                </okpd2>
                                                <okved2>
                                                    <code>46.3</code>
                                                    <name>Торговля оптовая пищевыми продуктами, напитками и табачными изделиями</name>
                                                </okved2>
                                                <okei>
                                                    <code>166</code>
                                                    <name>Килограмм</name>
                                                </okei>
                                                <qty>50</qty>
                                                <additionalInfo>Угорь жареный с/м (УНАГИ)</additionalInfo>
                                            </lotItem>
                                            <lotItem>
                                                <guid>adbb8ab1-9441-4e6c-a3fc-8f8ceb723cb7</guid>
                                                <ordinalNumber>13</ordinalNumber>
                                                <okpd2>
                                                    <code>10.20.31.110</code>
                                                    <name>Ракообразные морские мороженые</name>
                                                </okpd2>
                                                <okved2>
                                                    <code>46.3</code>
                                                    <name>Торговля оптовая пищевыми продуктами, напитками и табачными изделиями</name>
                                                </okved2>
                                                <okei>
                                                    <code>166</code>
                                                    <name>Килограмм</name>
                                                </okei>
                                                <qty>50</qty>
                                                <additionalInfo>Креветки Тиг. с/м б/г 21/25,</additionalInfo>
                                            </lotItem>
                                            <lotItem>
                                                <guid>a7c10ddf-f944-4163-b557-b09ebd37e5d6</guid>
                                                <ordinalNumber>14</ordinalNumber>
                                                <okpd2>
                                                    <code>10.20.31.110</code>
                                                    <name>Ракообразные морские мороженые</name>
                                                </okpd2>
                                                <okved2>
                                                    <code>46.3</code>
                                                    <name>Торговля оптовая пищевыми продуктами, напитками и табачными изделиями</name>
                                                </okved2>
                                                <okei>
                                                    <code>166</code>
                                                    <name>Килограмм</name>
                                                </okei>
                                                <qty>50</qty>
                                                <additionalInfo>Креветки очищ с/м ,200/300</additionalInfo>
                                            </lotItem>
                                            <lotItem>
                                                <guid>b383ba93-bf13-4507-9155-a37182285fb0</guid>
                                                <ordinalNumber>15</ordinalNumber>
                                                <okpd2>
                                                    <code>10.20.34.110</code>
                                                    <name>Блюда готовые из ракообразных, моллюсков и прочих водных беспозвоночных</name>
                                                </okpd2>
                                                <okved2>
                                                    <code>46.3</code>
                                                    <name>Торговля оптовая пищевыми продуктами, напитками и табачными изделиями</name>
                                                </okved2>
                                                <okei>
                                                    <code>166</code>
                                                    <name>Килограмм</name>
                                                </okei>
                                                <qty>50</qty>
                                                <additionalInfo>Морской коктейль с/м</additionalInfo>
                                            </lotItem>
                                            <lotItem>
                                                <guid>1bbbdf65-ef35-4506-8a27-9b7d87fa0528</guid>
                                                <ordinalNumber>16</ordinalNumber>
                                                <okpd2>
                                                    <code>10.20.13.122</code>
                                                    <name>Рыба морская мороженая (кроме сельди)</name>
                                                </okpd2>
                                                <okved2>
                                                    <code>46.3</code>
                                                    <name>Торговля оптовая пищевыми продуктами, напитками и табачными изделиями</name>
                                                </okved2>
                                                <okei>
                                                    <code>166</code>
                                                    <name>Килограмм</name>
                                                </okei>
                                                <qty>500</qty>
                                                <additionalInfo>Филе морского языка мороженое </additionalInfo>
                                            </lotItem>
                                            <lotItem>
                                                <guid>bfd4807a-9c4c-43c2-9ded-67fc7d44e0aa</guid>
                                                <ordinalNumber>17</ordinalNumber>
                                                <okpd2>
                                                    <code>10.20.13.110</code>
                                                    <name>Рыба пресноводная мороженая</name>
                                                </okpd2>
                                                <okved2>
                                                    <code>46.3</code>
                                                    <name>Торговля оптовая пищевыми продуктами, напитками и табачными изделиями</name>
                                                </okved2>
                                                <okei>
                                                    <code>166</code>
                                                    <name>Килограмм</name>
                                                </okei>
                                                <qty>500</qty>
                                                <additionalInfo>Филе тилапии мороженое </additionalInfo>
                                            </lotItem>
                                            <lotItem>
                                                <guid>5e21db8a-ded1-48b8-8eaa-cd1c08a26582</guid>
                                                <ordinalNumber>18</ordinalNumber>
                                                <okpd2>
                                                    <code>10.20.13.122</code>
                                                    <name>Рыба морская мороженая (кроме сельди)</name>
                                                </okpd2>
                                                <okved2>
                                                    <code>46.3</code>
                                                    <name>Торговля оптовая пищевыми продуктами, напитками и табачными изделиями</name>
                                                </okved2>
                                                <okei>
                                                    <code>166</code>
                                                    <name>Килограмм</name>
                                                </okei>
                                                <qty>100</qty>
                                                <additionalInfo>Филе рыбы масляной мороженое</additionalInfo>
                                            </lotItem>
                                            <lotItem>
                                                <guid>18b118c6-8333-457c-8dc3-869c00287bab</guid>
                                                <ordinalNumber>19</ordinalNumber>
                                                <okpd2>
                                                    <code>10.20.34.110</code>
                                                    <name>Блюда готовые из ракообразных, моллюсков и прочих водных беспозвоночных</name>
                                                </okpd2>
                                                <okved2>
                                                    <code>46.3</code>
                                                    <name>Торговля оптовая пищевыми продуктами, напитками и табачными изделиями</name>
                                                </okved2>
                                                <okei>
                                                    <code>166</code>
                                                    <name>Килограмм</name>
                                                </okei>
                                                <qty>20</qty>
                                                <additionalInfo>Раковые шейки натуральные вареные св.м</additionalInfo>
                                            </lotItem>
                                        </lotItems>
                                        <notInLaw223>false</notInLaw223>
                                    </lotCustomerData>
                                    <lotPlanInfo>
                                        <planRegistrationNumber>2160216274</planRegistrationNumber>
                                        <planGuid>004154ac-9e64-48f9-a5b9-1013a1999a92</planGuid>
                                        <positionNumber>49</positionNumber>
                                        <lotPlanPosition>COMMODITY</lotPlanPosition>
                                        <positionGuid>6e9344cb-3554-4339-804a-4e6f7060ab72</positionGuid>
                                    </lotPlanInfo>
                                    <customerInfo>
                                        <fullName>федеральное государственное автономное учреждение "Оздоровительный комплекс "Шереметьевский" Управления делами Президента Российской Федерации</fullName>
                                        <shortName>ФГАУ "ОК "Шереметьевский"</shortName>
                                        <iko>55047046105771301001</iko>
                                        <inn>5047046105</inn>
                                        <kpp>771301001</kpp>
                                        <ogrn>1035009563313</ogrn>
                                        <legalAddress>127206, Москва, Вучетича, дом 32</legalAddress>
                                        <postalAddress>127206 г.Москва, ул.Вучетича 32</postalAddress>
                                        <phone>7-495-6392668</phone>
                                        <fax>7-495-6112829</fax>
                                        <email>tender@sheremetevsky.ru</email>
                                        <okato>45277592000</okato>
                                        <okpo>56885134</okpo>
                                    </customerInfo>
                                </lotCustomer>
                                <lotCustomer>
                                    <deliveryPlaceIndication>GA</deliveryPlaceIndication>
                                    <lotCustomerEditEnabled>false</lotCustomerEditEnabled>
                                    <lotCustomerData>
                                        <currency>
                                            <code>RUB</code>
                                            <digitalCode>643</digitalCode>
                                            <name>Российский рубль</name>
                                        </currency>
                                        <price>3800327.15</price>
                                        <excludePurchaseFromPlan>false</excludePurchaseFromPlan>
                                        <deliveryPlace>
                                            <state>Центральный федеральный округ</state>
                                            <region>Москва</region>
                                            <regionOkato>45000000000</regionOkato>
                                            <address>г. Москва, ул. Охотный ряд, д. 1;
г. Москва, ул. Б.Дмитровка, д. 26.
г. Москва, ул. Зубовская, д. 2.
</address>
                                        </deliveryPlace>
                                        <lotItems>
                                            <newCodes>true</newCodes>
                                            <lotItem>
                                                <guid>4268b0b2-1bf9-428a-877a-517bae591354</guid>
                                                <ordinalNumber>1</ordinalNumber>
                                                <okpd2>
                                                    <code>10.20.13</code>
                                                    <name>Рыба мороженая</name>
                                                </okpd2>
                                                <okved2>
                                                    <code>56.2</code>
                                                    <name>Деятельность предприятий общественного питания по обслуживанию торжественных мероприятий и прочим видам организации питания</name>
                                                </okved2>
                                            </lotItem>
                                        </lotItems>
                                        <notInLaw223>false</notInLaw223>
                                    </lotCustomerData>
                                    <lotPlanInfo>
                                        <planRegistrationNumber>2160209327</planRegistrationNumber>
                                        <planGuid>2703fdee-0711-48e1-ab93-5cf5633d4d57</planGuid>
                                        <positionNumber>32</positionNumber>
                                        <lotPlanPosition>COMMODITY</lotPlanPosition>
                                        <positionGuid>8a456d5a-5239-4ba5-bf93-04cd01fe1a70</positionGuid>
                                    </lotPlanInfo>
                                    <customerInfo>
                                        <fullName>ФЕДЕРАЛЬНОЕ ГОСУДАРСТВЕННОЕ БЮДЖЕТНОЕ УЧРЕЖДЕНИЕ "КОМБИНАТ ПИТАНИЯ № 4" УПРАВЛЕНИЯ ДЕЛАМИ ПРЕЗИДЕНТА РОССИЙСКОЙ ФЕДЕРАЦИИ</fullName>
                                        <shortName>ФГБУ "КОМБИНАТ ПИТАНИЯ № 4"</shortName>
                                        <iko>87710930645771001001</iko>
                                        <inn>7710930645</inn>
                                        <kpp>771001001</kpp>
                                        <ogrn>1137746024789</ogrn>
                                        <legalAddress>103265, Г МОСКВА, УЛ ОХОТНЫЙ РЯД, дом 1</legalAddress>
                                        <postalAddress>103265; г. Москва 
ул. Охотный ряд, дом 1
</postalAddress>
                                        <phone>7-495-6927770</phone>
                                        <fax>7-495-6929774</fax>
                                        <email>zakompit@mail.ru</email>
                                        <okato>45286585000</okato>
                                        <okpo>02735289</okpo>
                                    </customerInfo>
                                </lotCustomer>
                                <lotCustomer>
                                    <deliveryPlaceIndication>GA</deliveryPlaceIndication>
                                    <lotCustomerEditEnabled>false</lotCustomerEditEnabled>
                                    <lotCustomerData>
                                        <currency>
                                            <code>RUB</code>
                                            <digitalCode>643</digitalCode>
                                            <name>Российский рубль</name>
                                        </currency>
                                        <price>4671756.00</price>
                                        <excludePurchaseFromPlan>false</excludePurchaseFromPlan>
                                        <deliveryPlace>
                                            <state>Центральный федеральный округ</state>
                                            <region>Москва</region>
                                            <regionOkato>45000000000</regionOkato>
                                            <address>г. Москва, Кремль, Государственный Кремлевский Дворец, подъезд 10;
г. Москва, Копьевский переулок, д. 3;
г. Москва, Ипатьевский переулок, д. 9/1, стр. 1.
 Московская область, г. Домодедово, территория Объединенный санаторий «Подмосковье», корпус №1, № 2.                                                                                                      
 Московская область, Одинцовский район, санаторий Барвиха.
</address>
                                        </deliveryPlace>
                                        <lotItems>
                                            <newCodes>true</newCodes>
                                            <lotItem>
                                                <guid>4690b05d-47c6-462c-9f77-91d96ac8a684</guid>
                                                <ordinalNumber>1</ordinalNumber>
                                                <okpd2>
                                                    <code>10.20.13</code>
                                                    <name>Рыба мороженая</name>
                                                </okpd2>
                                                <okved2>
                                                    <code>56.29.2</code>
                                                    <name>Деятельность столовых и буфетов при предприятиях и учреждениях</name>
                                                </okved2>
                                            </lotItem>
                                        </lotItems>
                                        <notInLaw223>false</notInLaw223>
                                    </lotCustomerData>
                                    <lotPlanInfo>
                                        <planRegistrationNumber>2160204566</planRegistrationNumber>
                                        <planGuid>3113377a-0fde-424d-b8d8-4d93a116afb3</planGuid>
                                        <positionNumber>108</positionNumber>
                                        <lotPlanPosition>COMMODITY</lotPlanPosition>
                                        <positionGuid>13b60036-0c58-47b6-9e37-e19028932788</positionGuid>
                                    </lotPlanInfo>
                                    <customerInfo>
                                        <fullName>ФЕДЕРАЛЬНОЕ ГОСУДАРСТВЕННОЕ БЮДЖЕТНОЕ УЧРЕЖДЕНИЕ "КОМБИНАТ ПИТАНИЯ "КРЕМЛЕВСКИЙ" УПРАВЛЕНИЯ ДЕЛАМИ ПРЕЗИДЕНТА РОССИЙСКОЙ ФЕДЕРАЦИИ</fullName>
                                        <shortName>ФГБУ "КОМБИНАТ ПИТАНИЯ "КРЕМЛЕВСКИЙ"</shortName>
                                        <iko>87704825628770401001</iko>
                                        <inn>7704825628</inn>
                                        <kpp>771001001</kpp>
                                        <ogrn>1137746024790</ogrn>
                                        <legalAddress>109012, Г МОСКВА, ПЕР ИПАТЬЕВСКИЙ, дом ДОМ 9/1, корпус СТРОЕНИЕ 1</legalAddress>
                                        <postalAddress>103132, г. Москва, Никитников пер., д.2, подъезд 5</postalAddress>
                                        <phone>7-495-6069480</phone>
                                        <fax>7-495-6062737</fax>
                                        <email>gorgons@mail.ru</email>
                                        <okato>45286585000</okato>
                                        <okpo>54954463</okpo>
                                    </customerInfo>
                                </lotCustomer>
                                <lotCustomer>
                                    <deliveryPlaceIndication>GA</deliveryPlaceIndication>
                                    <lotCustomerEditEnabled>false</lotCustomerEditEnabled>
                                    <lotCustomerData>
                                        <currency>
                                            <code>RUB</code>
                                            <digitalCode>643</digitalCode>
                                            <name>Российский рубль</name>
                                        </currency>
                                        <price>912086.95</price>
                                        <excludePurchaseFromPlan>false</excludePurchaseFromPlan>
                                        <deliveryPlace>
                                            <state>Центральный федеральный округ</state>
                                            <region>Москва</region>
                                            <regionOkato>45000000000</regionOkato>
                                            <address>г. Москва, Краснопресненская наб., дом 2, стр. 1.</address>
                                        </deliveryPlace>
                                        <lotItems>
                                            <newCodes>true</newCodes>
                                            <lotItem>
                                                <guid>0d172e73-378b-4df2-a71f-35e97b59c0e2</guid>
                                                <ordinalNumber>1</ordinalNumber>
                                                <okpd2>
                                                    <code>10.20.13</code>
                                                    <name>Рыба мороженая</name>
                                                </okpd2>
                                                <okved2>
                                                    <code>56.29.2</code>
                                                    <name>Деятельность столовых и буфетов при предприятиях и учреждениях</name>
                                                </okved2>
                                            </lotItem>
                                        </lotItems>
                                        <notInLaw223>false</notInLaw223>
                                    </lotCustomerData>
                                    <lotPlanInfo>
                                        <planRegistrationNumber>2160196200</planRegistrationNumber>
                                        <planGuid>103a3f7a-7487-4a41-875b-02d629f18db4</planGuid>
                                        <positionNumber>16</positionNumber>
                                        <lotPlanPosition>COMMODITY</lotPlanPosition>
                                        <positionGuid>41e5f660-6088-4d64-ac02-ea5d21845f32</positionGuid>
                                    </lotPlanInfo>
                                    <customerInfo>
                                        <fullName>федеральное государственное бюджетное учреждение "Комбинат питания № 3" Управления делами Президента Российской Федерации</fullName>
                                        <shortName>ФГБУ "Комбинат питания № 3"</shortName>
                                        <iko>87703782724770301001</iko>
                                        <inn>7703782724</inn>
                                        <kpp>770301001</kpp>
                                        <ogrn>1137746024767</ogrn>
                                        <legalAddress>103274, Москва, Краснопресненская, дом 2, корпус стр.1</legalAddress>
                                        <postalAddress>103274, г.Москва, Краснопресненская наб., д.2, стр.1</postalAddress>
                                        <phone>7-495-6056741</phone>
                                        <fax>7-495-6059837</fax>
                                        <email>fgupkp-os@mail.ru</email>
                                        <okato>45286575000</okato>
                                        <okpo>13274644</okpo>
                                    </customerInfo>
                                </lotCustomer>
                                <lotCustomer>
                                    <deliveryPlaceIndication>GA</deliveryPlaceIndication>
                                    <lotCustomerEditEnabled>false</lotCustomerEditEnabled>
                                    <lotCustomerData>
                                        <currency>
                                            <code>RUB</code>
                                            <digitalCode>643</digitalCode>
                                            <name>Российский рубль</name>
                                        </currency>
                                        <price>651009.20</price>
                                        <excludePurchaseFromPlan>false</excludePurchaseFromPlan>
                                        <deliveryPlace>
                                            <state>Центральный федеральный округ</state>
                                            <region>Московская   обл</region>
                                            <regionOkato>46000000000</regionOkato>
                                            <address>Московская область,
город Домодедово, деревня Одинцово,
территория «Бор».
</address>
                                        </deliveryPlace>
                                        <lotItems>
                                            <newCodes>true</newCodes>
                                            <lotItem>
                                                <guid>1f5729f3-12d6-452c-a2a0-8542353e14e6</guid>
                                                <ordinalNumber>1</ordinalNumber>
                                                <okpd2>
                                                    <code>10.20.1</code>
                                                    <name>Продукция из рыбы свежая, охлажденная или мороженая</name>
                                                </okpd2>
                                                <okved2>
                                                    <code>10.20.1</code>
                                                    <name>Переработка и консервирование рыбы</name>
                                                </okved2>
                                                <okei>
                                                    <code>642</code>
                                                    <name>Единица</name>
                                                </okei>
                                                <qty>1</qty>
                                            </lotItem>
                                        </lotItems>
                                        <notInLaw223>false</notInLaw223>
                                    </lotCustomerData>
                                    <lotPlanInfo>
                                        <planRegistrationNumber>2170226542</planRegistrationNumber>
                                        <planGuid>d9aa610c-fa4b-4315-a14d-695236d20c1f</planGuid>
                                        <positionNumber>3</positionNumber>
                                        <lotPlanPosition>COMMODITY</lotPlanPosition>
                                        <positionGuid>b09eb7fa-4a7f-41cd-b949-63633e5d6947</positionGuid>
                                    </lotPlanInfo>
                                    <customerInfo>
                                        <fullName>ФЕДЕРАЛЬНОЕ ГОСУДАРСТВЕННОЕ БЮДЖЕТНОЕ УЧРЕЖДЕНИЕ "ОЗДОРОВИТЕЛЬНЫЙ КОМПЛЕКС "БОР" УПРАВЛЕНИЯ ДЕЛАМИ ПРЕЗИДЕНТА РОССИЙСКОЙ ФЕДЕРАЦИИ</fullName>
                                        <shortName>ФГБУ "ОК "БОР"</shortName>
                                        <iko>85009061310500901001</iko>
                                        <inn>5009061310</inn>
                                        <kpp>500901001</kpp>
                                        <ogrn>1075009005939</ogrn>
                                        <legalAddress>142073, ОБЛ МОСКОВСКАЯ, Г ДОМОДЕДОВО, Д ОДИНЦОВО, ТЕР БОР</legalAddress>
                                        <postalAddress>142073, дом -, корпус -, строение -</postalAddress>
                                        <phone>7-495-6160831</phone>
                                        <email>bor@ok-bor.ru</email>
                                        <okato>46209000000</okato>
                                        <okpo>02700345</okpo>
                                    </customerInfo>
                                </lotCustomer>
                            </lotCustomers>
                        </jointLotData>
                        <cancelled>false</cancelled>
                    </lot>
                </ns2:lots>
                <ns2:quotationExaminationTime>2017-03-23T10:00:00</ns2:quotationExaminationTime>
                <ns2:quotationExaminationPlace>Российская Федерация, 105064, г. Москва, Малый Казённый переулок, дом 3, кабинет № 9.</ns2:quotationExaminationPlace>
                <ns2:quotationForm>Котировочная заявка подается:
- в письменной форме на бумажном носителе по адресу Организатора: Российская Федерация, 105064, г. Москва, Малый Казённый переулок, дом 3, любыми средствами связи. Перед подачей котировочной заявки на бумажном носителе участнику закупки необходимо заблаговременно заказать пропуск по телефону контактного лица Организатора: 8 (495) 620-52-38.
- в форме электронного документа подается по адресу электронной почты: tender@tdkremlin.com.
</ns2:quotationForm>
                <ns2:submissionCloseDateTime>2017-03-22T18:00:00</ns2:submissionCloseDateTime>
                <ns2:publicationPlannedDate>2017-03-16</ns2:publicationPlannedDate>
            </ns2:purchaseNoticeZKData>
        </ns2:item>
    </ns2:body>
</ns2:purchaseNoticeZK>
