<?xml version="1.0" encoding="UTF-8" standalone="yes"?>
<ns2:purchaseNoticeZK xsi:schemaLocation="http://zakupki.gov.ru/223/integration/schema/TFF-5.2 http://zakupki.gov.ru/223/integration/schema/TFF-5.2/purchase.xsd" xmlns="http://zakupki.gov.ru/223fz/types/1" xmlns:ns10="http://zakupki.gov.ru/223fz/purchasePlan/1" xmlns:ns11="http://zakupki.gov.ru/223fz/purchasePlanProject/1" xmlns:ns12="http://zakupki.gov.ru/223fz/purchasePlanProjectAdditionalPosition/1" xmlns:ns13="http://zakupki.gov.ru/223fz/contract/1" xmlns:ns14="http://zakupki.gov.ru/223fz/missedNotice/1" xmlns:ns15="http://zakupki.gov.ru/223fz/reference/1" xmlns:ns16="http://zakupki.gov.ru/223fz/stopCommodity/1" xmlns:ns17="http://zakupki.gov.ru/223fz/decisionSuspension/1" xmlns:ns18="http://zakupki.gov.ru/223fz/purchasePlanAdditionalPosition/1" xmlns:ns19="http://zakupki.gov.ru/223fz/webRequest/1" xmlns:ns2="http://zakupki.gov.ru/223fz/purchase/1" xmlns:xsi="http://www.w3.org/2001/XMLSchema-instance" xmlns:ns3="http://zakupki.gov.ru/223fz/dishonestSupplier/1" xmlns:ns4="http://zakupki.gov.ru/223fz/machineryListInfo/1" xmlns:ns5="http://zakupki.gov.ru/223fz/revenue/1" xmlns:ns6="http://zakupki.gov.ru/223fz/orderClauseList/1" xmlns:ns7="http://zakupki.gov.ru/223fz/disagreementProtocol/1" xmlns:ns8="http://zakupki.gov.ru/223fz/complaint/1" xmlns:ns9="http://zakupki.gov.ru/223fz/notificationIssue/1">
    <header>
        <guid>aaa68c5a-b2c1-4e36-b868-62b6c8958b4c</guid>
        <createDateTime>2017-03-16T12:30:10</createDateTime>
    </header>
    <ns2:body>
        <ns2:item>
            <guid>27719e9b-993f-43ad-813d-0ece150bd746</guid>
            <ns2:purchaseNoticeZKData>
                <ns2:guid>27719e9b-993f-43ad-813d-0ece150bd746</ns2:guid>
                <ns2:createDateTime>2017-03-16T12:28:05</ns2:createDateTime>
                <ns2:urlOOS>https://zakupki.gov.ru/223/purchase/private/purchase/notice-info/details.html?noticeInfoId=5884734</ns2:urlOOS>
                <ns2:urlVSRZ>https://223.rts-tender.ru/supplier/auction/Trade/View.aspx?Id=54860</ns2:urlVSRZ>
                <ns2:registrationNumber>31704896983</ns2:registrationNumber>
                <ns2:name>Поставка питьевой бутилированной воды для нужд филиала ФГБУ "ФКП Росреестра" по Омской области</ns2:name>
                <ns2:customer>
                    <mainInfo>
                        <fullName>ФЕДЕРАЛЬНОЕ ГОСУДАРСТВЕННОЕ БЮДЖЕТНОЕ УЧРЕЖДЕНИЕ "ФЕДЕРАЛЬНАЯ КАДАСТРОВАЯ ПАЛАТА ФЕДЕРАЛЬНОЙ СЛУЖБЫ ГОСУДАРСТВЕННОЙ РЕГИСТРАЦИИ, КАДАСТРА И КАРТОГРАФИИ"</fullName>
                        <shortName>ФГБУ "ФКП РОСРЕЕСТРА"</shortName>
                        <iko>87705401340770801001</iko>
                        <inn>7705401340</inn>
                        <kpp>770801001</kpp>
                        <ogrn>1027700485757</ogrn>
                        <legalAddress>107078, Г МОСКВА, ПЕР ОРЛИКОВ, дом ДОМ 10, корпус СТРОЕНИЕ 1</legalAddress>
                        <postalAddress>107078, Москва Город, Орликов Переулок, дом 10, строение 1</postalAddress>
                        <phone>7-495-9827900</phone>
                        <fax>7-499-9732469</fax>
                        <email>fgbu@fgbu.rosreestr.ru</email>
                        <okato>45286565000</okato>
                        <okpo>57040686</okpo>
                    </mainInfo>
                </ns2:customer>
                <ns2:detachedOrg>
                    <mainInfo>
                        <fullName>филиал федерального государственного бюджетного учреждения "Федеральная кадастровая палата Федеральной службы государственной регистрации, кадастра и картографии" по Омской области</fullName>
                        <inn>7705401340</inn>
                        <kpp>550343001</kpp>
                        <ogrn>1027700485757</ogrn>
                        <legalAddress>644099, Омская обл, Омск г, Красногвардейская, 42 </legalAddress>
                        <postalAddress>107078, Москва Город, Орликов Переулок, дом 10, строение 1</postalAddress>
                    </mainInfo>
                </ns2:detachedOrg>
                <ns2:purchaseMethodCode>3362</ns2:purchaseMethodCode>
                <ns2:purchaseCodeName>Запрос котировок</ns2:purchaseCodeName>
                <ns2:placer>
                    <mainInfo>
                        <fullName>филиал федерального государственного бюджетного учреждения "Федеральная кадастровая палата Федеральной службы государственной регистрации, кадастра и картографии" по Омской области</fullName>
                        <shortName>филиал ФГБУ "ФКП Росреестра" по Омской области</shortName>
                        <iko>87705401340550343001</iko>
                        <inn>7705401340</inn>
                        <kpp>550343001</kpp>
                        <ogrn>1027700485757</ogrn>
                        <legalAddress>644099, Омская обл, Омск г, Красногвардейская, 42 </legalAddress>
                        <postalAddress>107078, Москва Город, Орликов Переулок, дом 10, строение 1</postalAddress>
                        <phone>7-495-9827900</phone>
                        <fax>7-499-9732469</fax>
                        <email>fgbu@fgbu.rosreestr.ru</email>
                        <okato>52401000000</okato>
                        <okpo>30345506</okpo>
                    </mainInfo>
                </ns2:placer>
                <ns2:contact>
                    <firstName>Снежана</firstName>
                    <middleName>Владимировна</middleName>
                    <lastName>Лелекова</lastName>
                    <phone>+7 (381) 2245518</phone>
                    <email>fgu550801@55.kadastr.ru</email>
                    <organization>
                        <mainInfo>
                            <fullName>филиал федерального государственного бюджетного учреждения "Федеральная кадастровая палата Федеральной службы государственной регистрации, кадастра и картографии" по Омской области</fullName>
                            <shortName>филиал ФГБУ "ФКП Росреестра" по Омской области</shortName>
                            <iko>87705401340550343001</iko>
                            <inn>7705401340</inn>
                            <kpp>550343001</kpp>
                            <ogrn>1027700485757</ogrn>
                            <legalAddress>644099, Омская обл, Омск г, Красногвардейская, 42 </legalAddress>
                            <postalAddress>107078, Москва Город, Орликов Переулок, дом 10, строение 1</postalAddress>
                            <phone>7-495-9827900</phone>
                            <fax>7-499-9732469</fax>
                            <email>fgbu@fgbu.rosreestr.ru</email>
                            <okato>52401000000</okato>
                            <okpo>30345506</okpo>
                        </mainInfo>
                    </organization>
                </ns2:contact>
                <ns2:publicationDateTime>2017-03-16T12:30:10</ns2:publicationDateTime>
                <ns2:documentationDelivery>
                    <deliveryStartDateTime>2017-03-16</deliveryStartDateTime>
                    <deliveryEndDateTime>2017-03-22</deliveryEndDateTime>
                    <place>Электронная площадка РТС-тендер (http://www.rts-tender.ru) и Официальный сайт (http://zakupki.gov.ru)</place>
                    <procedure>В электронной форме на площадке РТС-тендер (http://www.rts-tender.ru) и Официальном сайте (http://zakupki.gov.ru)</procedure>
                </ns2:documentationDelivery>
                <ns2:status>P</ns2:status>
                <ns2:version>1</ns2:version>
                <ns2:notDishonest>true</ns2:notDishonest>
                <ns2:attachments>
                    <totalDocumentsCount>2</totalDocumentsCount>
                    <document>
                        <guid>f61b3ddb-63a1-450b-a0b4-0baf7097ead1</guid>
                        <createDateTime>2017-03-16T12:20:24</createDateTime>
                        <fileName>Документация от 16.03.2017.doc</fileName>
                        <description>Документация от 16.03.2017.doc</description>
                        <url>http://zakupki.gov.ru/223/purchase/public/download/download.html?id=30103489</url>
                    </document>
                    <document>
                        <guid>0bdb69a9-f18f-4638-b3d3-9602c747ab6c</guid>
                        <createDateTime>2017-03-16T12:12:50</createDateTime>
                        <fileName>Извещение №4 от 16.03.2017.doc</fileName>
                        <description>Извещение №4 от 16.03.2017.doc</description>
                        <url>http://zakupki.gov.ru/223/purchase/public/download/download.html?id=30103487</url>
                    </document>
                </ns2:attachments>
                <ns2:modificationDate>2017-03-16T12:30:10</ns2:modificationDate>
                <ns2:saveUserId>134505</ns2:saveUserId>
                <ns2:deliveryPlaceIndication>DIFFERENT_PLACE</ns2:deliveryPlaceIndication>
                <ns2:emergency>false</ns2:emergency>
                <ns2:jointPurchase>false</ns2:jointPurchase>
                <ns2:lots>
                    <lot>
                        <guid>74dad9b1-a869-4ee9-baba-46c5fe5ee48f</guid>
                        <ordinalNumber>1</ordinalNumber>
                        <lotEditEnabled>false</lotEditEnabled>
                        <lotData>
                            <subject>Поставка питьевой бутилированной воды для нужд филиала ФГБУ "ФКП Росреестра" по Омской области</subject>
                            <currency>
                                <code>RUB</code>
                                <digitalCode>643</digitalCode>
                                <name>Российский рубль</name>
                            </currency>
                            <initialSum>184950.00</initialSum>
                            <deliveryPlace>
                                <state>Сибирский федеральный округ</state>
                                <region>Омская   обл</region>
                                <regionOkato>52000000000</regionOkato>
                                <address>- г. Омск, ул. Красногвардейская, 42 (5 этаж);
- г. Омск, ул. Куйбышева, 32 (3, 6, 7 этаж); 
- г. Омск, ул. Красногвардейская, 35 (1, 2 этаж);
- г. Омск, ул. Дмитриева, 5, к. 3 (1 этаж).</address>
                            </deliveryPlace>
                            <lotItems>
                                <newCodes>true</newCodes>
                                <lotItem>
                                    <guid>b6d3b477-8d1b-4724-9827-a253d4b18651</guid>
                                    <ordinalNumber>1</ordinalNumber>
                                    <okpd2>
                                        <code>36.00.11.000</code>
                                        <name>Вода питьевая</name>
                                    </okpd2>
                                    <okved2>
                                        <code>36.00.1</code>
                                        <name>Забор и очистка воды для питьевых и промышленных нужд</name>
                                    </okved2>
                                    <okei>
                                        <code>868</code>
                                        <name>Бутылка</name>
                                    </okei>
                                    <qty>1233</qty>
                                </lotItem>
                            </lotItems>
                            <forSmallOrMiddle>false</forSmallOrMiddle>
                            <excludePurchaseFromPlan>false</excludePurchaseFromPlan>
                            <subcontractorsRequirement>false</subcontractorsRequirement>
                            <ignoredPurchase>false</ignoredPurchase>
                            <centralized>false</centralized>
                        </lotData>
                        <deliveryPlaceIndication>GL</deliveryPlaceIndication>
                        <jointLotData>
                            <jointLot>false</jointLot>
                        </jointLotData>
                        <lotPlanInfo>
                            <planRegistrationNumber>2160172750</planRegistrationNumber>
                            <planGuid>d65c9999-1c53-4126-8dc1-aee15b33c8fe</planGuid>
                            <positionNumber>1110</positionNumber>
                            <lotPlanPosition>COMMODITY</lotPlanPosition>
                            <positionGuid>f3bd2033-c7d8-4283-9504-ceadbb4fb2da</positionGuid>
                        </lotPlanInfo>
                        <cancelled>false</cancelled>
                    </lot>
                </ns2:lots>
                <ns2:quotationExaminationTime>2017-03-23T20:59:00</ns2:quotationExaminationTime>
                <ns2:quotationExaminationPlace>г. Омск, ул. Красногвардейская, 35, каб. 104</ns2:quotationExaminationPlace>
                <ns2:submissionCloseDateTime>2017-03-22T20:59:00</ns2:submissionCloseDateTime>
            </ns2:purchaseNoticeZKData>
        </ns2:item>
    </ns2:body>
</ns2:purchaseNoticeZK>
