<?xml version="1.0" encoding="UTF-8" standalone="yes"?>
<ns2:purchaseNoticeZK xsi:schemaLocation="http://zakupki.gov.ru/223/integration/schema/TFF-5.2 http://zakupki.gov.ru/223/integration/schema/TFF-5.2/purchase.xsd" xmlns="http://zakupki.gov.ru/223fz/types/1" xmlns:ns10="http://zakupki.gov.ru/223fz/purchasePlan/1" xmlns:ns11="http://zakupki.gov.ru/223fz/purchasePlanProject/1" xmlns:ns12="http://zakupki.gov.ru/223fz/purchasePlanProjectAdditionalPosition/1" xmlns:ns13="http://zakupki.gov.ru/223fz/contract/1" xmlns:ns14="http://zakupki.gov.ru/223fz/missedNotice/1" xmlns:ns15="http://zakupki.gov.ru/223fz/reference/1" xmlns:ns16="http://zakupki.gov.ru/223fz/stopCommodity/1" xmlns:ns17="http://zakupki.gov.ru/223fz/decisionSuspension/1" xmlns:ns18="http://zakupki.gov.ru/223fz/purchasePlanAdditionalPosition/1" xmlns:ns19="http://zakupki.gov.ru/223fz/webRequest/1" xmlns:ns2="http://zakupki.gov.ru/223fz/purchase/1" xmlns:xsi="http://www.w3.org/2001/XMLSchema-instance" xmlns:ns3="http://zakupki.gov.ru/223fz/dishonestSupplier/1" xmlns:ns4="http://zakupki.gov.ru/223fz/machineryListInfo/1" xmlns:ns5="http://zakupki.gov.ru/223fz/revenue/1" xmlns:ns6="http://zakupki.gov.ru/223fz/orderClauseList/1" xmlns:ns7="http://zakupki.gov.ru/223fz/disagreementProtocol/1" xmlns:ns8="http://zakupki.gov.ru/223fz/complaint/1" xmlns:ns9="http://zakupki.gov.ru/223fz/notificationIssue/1">
    <header>
        <guid>41d1ab0d-5515-4d57-a28d-a762052a3d9f</guid>
        <createDateTime>2017-03-16T16:54:36</createDateTime>
    </header>
    <ns2:body>
        <ns2:item>
            <guid>46cdd599-0ea5-402f-bc04-5f6cec22be37</guid>
            <ns2:purchaseNoticeZKData>
                <ns2:guid>46cdd599-0ea5-402f-bc04-5f6cec22be37</ns2:guid>
                <ns2:createDateTime>2017-03-16T16:48:17</ns2:createDateTime>
                <ns2:urlOOS>https://zakupki.gov.ru/223/purchase/private/purchase/notice-info/details.html?noticeInfoId=5887684</ns2:urlOOS>
                <ns2:registrationNumber>31704899425</ns2:registrationNumber>
                <ns2:name>Право заключения договора на поставку дверных доводчиков для нужд Волгодонского инженерно-технического института – филиала НИЯУ МИФИ (ВИТИ НИЯУ МИФИ)</ns2:name>
                <ns2:customer>
                    <mainInfo>
                        <fullName>ФЕДЕРАЛЬНОЕ ГОСУДАРСТВЕННОЕ АВТОНОМНОЕ ОБРАЗОВАТЕЛЬНОЕ УЧРЕЖДЕНИЕ ВЫСШЕГО ОБРАЗОВАНИЯ "НАЦИОНАЛЬНЫЙ ИССЛЕДОВАТЕЛЬСКИЙ ЯДЕРНЫЙ УНИВЕРСИТЕТ "МИФИ"</fullName>
                        <shortName>НИЯУ МИФИ</shortName>
                        <iko>57724068140772401001</iko>
                        <inn>7724068140</inn>
                        <kpp>772401001</kpp>
                        <ogrn>1037739366477</ogrn>
                        <legalAddress>115409, г МОСКВА, ш КАШИРСКОЕ, дом 31</legalAddress>
                        <postalAddress>115409, Москва, Каширское шоссе, дом 31</postalAddress>
                        <phone>7-495-7885699-9129</phone>
                        <email>TBGuseva@mephi.ru</email>
                        <okato>45296569000</okato>
                        <okpo>02066569</okpo>
                    </mainInfo>
                </ns2:customer>
                <ns2:detachedOrg>
                    <mainInfo>
                        <fullName>Волгодонский инженерно-технический институт – филиал федерального государственного автономного образовательного учреждения высшего образования «Национальный исследовательский ядерный университет «МИФИ»</fullName>
                        <inn>7724068140</inn>
                        <kpp>614343002</kpp>
                        <ogrn>1037739366477</ogrn>
                        <legalAddress>347360, Ростовская область, г. Волгодонск, ул. Ленина, д.73/94</legalAddress>
                        <postalAddress>347360, Ростовская область, г. Волгодонск, ул. Ленина, д.73/94</postalAddress>
                    </mainInfo>
                </ns2:detachedOrg>
                <ns2:purchaseMethodCode>3362</ns2:purchaseMethodCode>
                <ns2:purchaseCodeName>Запрос котировок</ns2:purchaseCodeName>
                <ns2:placer>
                    <mainInfo>
                        <fullName>Волгодонский инженерно-технический институт – филиал федерального государственного автономного образовательного учреждения высшего образования «Национальный исследовательский ядерный университет «МИФИ»</fullName>
                        <shortName>ВИТИ НИЯУ МИФИ</shortName>
                        <iko>57724068140614343002</iko>
                        <inn>7724068140</inn>
                        <kpp>614343002</kpp>
                        <ogrn>1037739366477</ogrn>
                        <legalAddress>347360, Ростовская область, г. Волгодонск, ул. Ленина, д.73/94</legalAddress>
                        <postalAddress>347360, Ростовская область, г. Волгодонск, ул. Ленина, д.73/94</postalAddress>
                        <phone>7-8639-225866</phone>
                        <fax>7-8639-225866</fax>
                        <email>TBGuseva@mephi.ru</email>
                        <okato>60412000000</okato>
                        <okpo>65395825</okpo>
                    </mainInfo>
                </ns2:placer>
                <ns2:contact>
                    <firstName>Дмитрий</firstName>
                    <middleName>Олегович</middleName>
                    <lastName>Барад</lastName>
                    <phone>+7 (8639) 225866</phone>
                    <fax>+7 (8639) 225866</fax>
                    <email>AVDedyuyev@mephi.ru</email>
                    <organization>
                        <mainInfo>
                            <fullName>ФЕДЕРАЛЬНОЕ ГОСУДАРСТВЕННОЕ АВТОНОМНОЕ ОБРАЗОВАТЕЛЬНОЕ УЧРЕЖДЕНИЕ ВЫСШЕГО ОБРАЗОВАНИЯ "НАЦИОНАЛЬНЫЙ ИССЛЕДОВАТЕЛЬСКИЙ ЯДЕРНЫЙ УНИВЕРСИТЕТ "МИФИ"</fullName>
                            <shortName>НИЯУ МИФИ</shortName>
                            <iko>57724068140772401001</iko>
                            <inn>7724068140</inn>
                            <kpp>772401001</kpp>
                            <ogrn>1037739366477</ogrn>
                            <legalAddress>115409, г МОСКВА, ш КАШИРСКОЕ, дом 31</legalAddress>
                            <postalAddress>115409, Москва, Каширское шоссе, дом 31</postalAddress>
                            <phone>7-495-7885699-9129</phone>
                            <email>TBGuseva@mephi.ru</email>
                            <okato>45296569000</okato>
                            <okpo>02066569</okpo>
                        </mainInfo>
                    </organization>
                </ns2:contact>
                <ns2:publicationDateTime>2017-03-16T16:54:36</ns2:publicationDateTime>
                <ns2:documentationDelivery>
                    <deliveryStartDateTime>2017-03-17</deliveryStartDateTime>
                    <deliveryEndDateTime>2017-03-22</deliveryEndDateTime>
                    <place>см. извещение о проведении запроса котировок</place>
                    <procedure>см. извещение о проведении запроса котировок</procedure>
                </ns2:documentationDelivery>
                <ns2:status>P</ns2:status>
                <ns2:version>1</ns2:version>
                <ns2:notDishonest>true</ns2:notDishonest>
                <ns2:attachments>
                    <totalDocumentsCount>1</totalDocumentsCount>
                    <document>
                        <guid>38cfc186-880b-4757-92d6-e5b8fed44d83</guid>
                        <createDateTime>2017-03-16T16:52:28</createDateTime>
                        <fileName>Извещение ЗК №509-ВИТИ.doc</fileName>
                        <description>Извещение ЗК №509-ВИТИ</description>
                        <url>http://zakupki.gov.ru/223/purchase/public/download/download.html?id=30118020</url>
                    </document>
                </ns2:attachments>
                <ns2:modificationDate>2017-03-16T16:54:36</ns2:modificationDate>
                <ns2:saveUserId>40329</ns2:saveUserId>
                <ns2:deliveryPlaceIndication>SINGLE_PLACE</ns2:deliveryPlaceIndication>
                <ns2:emergency>false</ns2:emergency>
                <ns2:jointPurchase>false</ns2:jointPurchase>
                <ns2:lots>
                    <lot>
                        <guid>a9267f42-9297-4d11-beb2-a1fe6d48aad6</guid>
                        <ordinalNumber>1</ordinalNumber>
                        <lotEditEnabled>false</lotEditEnabled>
                        <lotData>
                            <subject>Поставка дверных доводчиков для нужд Волгодонского инженерно-технического института – филиала НИЯУ МИФИ (ВИТИ НИЯУ МИФИ)
</subject>
                            <currency>
                                <code>RUB</code>
                                <digitalCode>643</digitalCode>
                                <name>Российский рубль</name>
                            </currency>
                            <initialSum>143560.00</initialSum>
                            <deliveryPlace>
                                <state>Южный федеральный округ</state>
                                <region>Ростовская   обл</region>
                                <regionOkato>60000000000</regionOkato>
                                <address>РФ, 347360, Ростовская область, г. Волгодонск, ул. Ленина, д. 73/94</address>
                            </deliveryPlace>
                            <lotItems>
                                <newCodes>true</newCodes>
                                <lotItem>
                                    <guid>bf56ab10-fdc1-47fb-aa84-cf9d4657308e</guid>
                                    <ordinalNumber>1</ordinalNumber>
                                    <okpd2>
                                        <code>25.72.14.120</code>
                                        <name>Петли, арматура крепежная, фурнитура и аналогичные изделия для дверей и окон из недрагоценных металлов</name>
                                    </okpd2>
                                    <okved2>
                                        <code>25.72</code>
                                        <name>Производство замков и петель</name>
                                    </okved2>
                                </lotItem>
                            </lotItems>
                            <forSmallOrMiddle>true</forSmallOrMiddle>
                            <excludePurchaseFromPlan>false</excludePurchaseFromPlan>
                            <subcontractorsRequirement>false</subcontractorsRequirement>
                            <ignoredPurchase>false</ignoredPurchase>
                            <centralized>false</centralized>
                        </lotData>
                        <deliveryPlaceIndication>GL</deliveryPlaceIndication>
                        <jointLotData>
                            <jointLot>false</jointLot>
                        </jointLotData>
                        <lotPlanInfo>
                            <planRegistrationNumber>2160204605</planRegistrationNumber>
                            <planGuid>89d8ad5b-8dcc-49c5-9912-1bdfb781ac09</planGuid>
                            <positionNumber>170</positionNumber>
                            <lotPlanPosition>COMMODITY</lotPlanPosition>
                            <positionGuid>99044308-69e3-4bc0-9a83-db9ad0616b8c</positionGuid>
                        </lotPlanInfo>
                        <cancelled>false</cancelled>
                    </lot>
                </ns2:lots>
                <ns2:quotationExaminationTime>2017-03-23T09:00:00</ns2:quotationExaminationTime>
                <ns2:quotationExaminationPlace>см. извещение о проведении запроса котировок</ns2:quotationExaminationPlace>
                <ns2:quotationForm>см. извещение о проведении запроса котировок</ns2:quotationForm>
                <ns2:submissionCloseDateTime>2017-03-22T17:00:00</ns2:submissionCloseDateTime>
                <ns2:publicationPlannedDate>2017-03-16</ns2:publicationPlannedDate>
            </ns2:purchaseNoticeZKData>
        </ns2:item>
    </ns2:body>
</ns2:purchaseNoticeZK>
