<?xml version="1.0" encoding="UTF-8" standalone="yes"?>
<ns2:purchaseNoticeZK xsi:schemaLocation="http://zakupki.gov.ru/223/integration/schema/TFF-5.2 http://zakupki.gov.ru/223/integration/schema/TFF-5.2/purchase.xsd" xmlns="http://zakupki.gov.ru/223fz/types/1" xmlns:ns10="http://zakupki.gov.ru/223fz/purchasePlan/1" xmlns:ns11="http://zakupki.gov.ru/223fz/purchasePlanProject/1" xmlns:ns12="http://zakupki.gov.ru/223fz/purchasePlanProjectAdditionalPosition/1" xmlns:ns13="http://zakupki.gov.ru/223fz/contract/1" xmlns:ns14="http://zakupki.gov.ru/223fz/missedNotice/1" xmlns:ns15="http://zakupki.gov.ru/223fz/reference/1" xmlns:ns16="http://zakupki.gov.ru/223fz/stopCommodity/1" xmlns:ns17="http://zakupki.gov.ru/223fz/decisionSuspension/1" xmlns:ns18="http://zakupki.gov.ru/223fz/purchasePlanAdditionalPosition/1" xmlns:ns19="http://zakupki.gov.ru/223fz/webRequest/1" xmlns:ns2="http://zakupki.gov.ru/223fz/purchase/1" xmlns:xsi="http://www.w3.org/2001/XMLSchema-instance" xmlns:ns3="http://zakupki.gov.ru/223fz/dishonestSupplier/1" xmlns:ns4="http://zakupki.gov.ru/223fz/machineryListInfo/1" xmlns:ns5="http://zakupki.gov.ru/223fz/revenue/1" xmlns:ns6="http://zakupki.gov.ru/223fz/orderClauseList/1" xmlns:ns7="http://zakupki.gov.ru/223fz/disagreementProtocol/1" xmlns:ns8="http://zakupki.gov.ru/223fz/complaint/1" xmlns:ns9="http://zakupki.gov.ru/223fz/notificationIssue/1">
    <header>
        <guid>b472b427-52fd-4da6-97d3-81278f7ea994</guid>
        <createDateTime>2017-03-16T18:58:42</createDateTime>
    </header>
    <ns2:body>
        <ns2:item>
            <guid>43c00e56-c7dc-4cee-8c5b-163346e03f0e</guid>
            <ns2:purchaseNoticeZKData>
                <ns2:guid>43c00e56-c7dc-4cee-8c5b-163346e03f0e</ns2:guid>
                <ns2:createDateTime>2017-03-16T18:53:16</ns2:createDateTime>
                <ns2:urlOOS>https://zakupki.gov.ru/223/purchase/private/purchase/notice-info/details.html?noticeInfoId=5888374</ns2:urlOOS>
                <ns2:registrationNumber>31704900003</ns2:registrationNumber>
                <ns2:name>Оказание услуг по техническому обслуживанию систем видеонаблюдения и охранной сигнализации</ns2:name>
                <ns2:customer>
                    <mainInfo>
                        <fullName>ГОСУДАРСТВЕННОЕ БЮДЖЕТНОЕ УЧРЕЖДЕНИЕ ЗДРАВООХРАНЕНИЯ ГОРОДА МОСКВЫ "ГОРОДСКАЯ КЛИНИЧЕСКАЯ БОЛЬНИЦА № 15 ИМЕНИ О.М. ФИЛАТОВА ДЕПАРТАМЕНТА ЗДРАВООХРАНЕНИЯ ГОРОДА МОСКВЫ"</fullName>
                        <shortName>ГБУЗ "ГКБ № 15 ДЗМ"</shortName>
                        <iko>87720001850772001001</iko>
                        <inn>7720001850</inn>
                        <kpp>772001001</kpp>
                        <ogrn>1027739730182</ogrn>
                        <legalAddress>111539, МОСКВА, ВЕШНЯКОВСКАЯ, дом 23</legalAddress>
                        <postalAddress>111539, г. Москва, Вешняковская, д.23</postalAddress>
                        <phone>7-495-3700605</phone>
                        <email>3753561@mail.ru</email>
                        <okato>45263555000</okato>
                        <okpo>01969878</okpo>
                    </mainInfo>
                </ns2:customer>
                <ns2:purchaseMethodCode>3362</ns2:purchaseMethodCode>
                <ns2:purchaseCodeName>Запрос котировок</ns2:purchaseCodeName>
                <ns2:placer>
                    <mainInfo>
                        <fullName>ГОСУДАРСТВЕННОЕ БЮДЖЕТНОЕ УЧРЕЖДЕНИЕ ЗДРАВООХРАНЕНИЯ ГОРОДА МОСКВЫ "ГОРОДСКАЯ КЛИНИЧЕСКАЯ БОЛЬНИЦА № 15 ИМЕНИ О.М. ФИЛАТОВА ДЕПАРТАМЕНТА ЗДРАВООХРАНЕНИЯ ГОРОДА МОСКВЫ"</fullName>
                        <shortName>ГБУЗ "ГКБ № 15 ДЗМ"</shortName>
                        <iko>87720001850772001001</iko>
                        <inn>7720001850</inn>
                        <kpp>772001001</kpp>
                        <ogrn>1027739730182</ogrn>
                        <legalAddress>111539, МОСКВА, ВЕШНЯКОВСКАЯ, дом 23</legalAddress>
                        <postalAddress>111539, г. Москва, Вешняковская, д.23</postalAddress>
                        <phone>7-495-3700605</phone>
                        <email>3753561@mail.ru</email>
                        <okato>45263555000</okato>
                        <okpo>01969878</okpo>
                    </mainInfo>
                </ns2:placer>
                <ns2:contact>
                    <firstName>А</firstName>
                    <middleName>П</middleName>
                    <lastName>Ковалев</lastName>
                    <phone>+7 (495) 3700605</phone>
                    <fax>+7 (495) 3751145</fax>
                    <email>3753561@mail.ru</email>
                    <organization>
                        <mainInfo>
                            <fullName>ГОСУДАРСТВЕННОЕ БЮДЖЕТНОЕ УЧРЕЖДЕНИЕ ЗДРАВООХРАНЕНИЯ ГОРОДА МОСКВЫ "ГОРОДСКАЯ КЛИНИЧЕСКАЯ БОЛЬНИЦА № 15 ИМЕНИ О.М. ФИЛАТОВА ДЕПАРТАМЕНТА ЗДРАВООХРАНЕНИЯ ГОРОДА МОСКВЫ"</fullName>
                            <shortName>ГБУЗ "ГКБ № 15 ДЗМ"</shortName>
                            <iko>87720001850772001001</iko>
                            <inn>7720001850</inn>
                            <kpp>772001001</kpp>
                            <ogrn>1027739730182</ogrn>
                            <legalAddress>111539, МОСКВА, ВЕШНЯКОВСКАЯ, дом 23</legalAddress>
                            <postalAddress>111539, г. Москва, Вешняковская, д.23</postalAddress>
                            <phone>7-495-3700605</phone>
                            <email>3753561@mail.ru</email>
                            <okato>45263555000</okato>
                            <okpo>01969878</okpo>
                        </mainInfo>
                    </organization>
                </ns2:contact>
                <ns2:publicationDateTime>2017-03-16T18:58:42</ns2:publicationDateTime>
                <ns2:documentationDelivery>
                    <deliveryStartDateTime>2017-03-16</deliveryStartDateTime>
                    <deliveryEndDateTime>2017-03-23</deliveryEndDateTime>
                    <place>Место и время подачи заявок и предоставления документации:   111539, г. Москва, ул. Вешняковская, д.23  (гл. корп.,цок.этаж,каб.№27(около центр.лифтов). Электронная почта: 3753561@mail.ru. В теме электронного письма просьба указывать номер закупки.    Приём заявок с 9.00 до 17.00,  по пятницам и предпраздничным дням до 15.00.</place>
                    <procedure>по письменной заявке</procedure>
                </ns2:documentationDelivery>
                <ns2:status>P</ns2:status>
                <ns2:version>1</ns2:version>
                <ns2:notDishonest>false</ns2:notDishonest>
                <ns2:attachments>
                    <totalDocumentsCount>5</totalDocumentsCount>
                    <document>
                        <guid>6730321e-44e1-4e94-8afb-1503b8d564ac</guid>
                        <createDateTime>2017-03-16T18:57:18</createDateTime>
                        <fileName>Образец Заявки на котировку.docx</fileName>
                        <description>Образец Заявки на котировку</description>
                        <url>http://zakupki.gov.ru/223/purchase/public/download/download.html?id=30121046</url>
                    </document>
                    <document>
                        <guid>6ec88894-7b79-41d7-8aef-83786cc0910a</guid>
                        <createDateTime>2017-03-16T18:57:23</createDateTime>
                        <fileName>ГКБ №15 ТО видео и ОС 00042 на 1мес..xls</fileName>
                        <description>ГКБ №15 ТО видео и ОС 00042 на 1мес.</description>
                        <url>http://zakupki.gov.ru/223/purchase/public/download/download.html?id=30121047</url>
                    </document>
                    <document>
                        <guid>34260194-99ef-4f73-9197-cf62cd77d9b8</guid>
                        <createDateTime>2017-03-16T18:57:06</createDateTime>
                        <fileName>форма2 (10).docx</fileName>
                        <description>форма2 (10)</description>
                        <url>http://zakupki.gov.ru/223/purchase/public/download/download.html?id=30121033</url>
                    </document>
                    <document>
                        <guid>d50994d2-a883-4fd1-9b3c-18ac8f2bb896</guid>
                        <createDateTime>2017-03-16T18:57:09</createDateTime>
                        <fileName>ТЗ видео.doc</fileName>
                        <description>ТЗ видео</description>
                        <url>http://zakupki.gov.ru/223/purchase/public/download/download.html?id=30121035</url>
                    </document>
                    <document>
                        <guid>5d749d1b-7312-49de-a35f-c4a83db3b888</guid>
                        <createDateTime>2017-03-16T18:57:13</createDateTime>
                        <fileName>Проект договора.docx</fileName>
                        <description>Проект договора</description>
                        <url>http://zakupki.gov.ru/223/purchase/public/download/download.html?id=30121037</url>
                    </document>
                </ns2:attachments>
                <ns2:modificationDate>2017-03-16T18:58:42</ns2:modificationDate>
                <ns2:saveUserId>210174</ns2:saveUserId>
                <ns2:deliveryPlaceIndication>DIFFERENT_PLACE</ns2:deliveryPlaceIndication>
                <ns2:emergency>false</ns2:emergency>
                <ns2:jointPurchase>false</ns2:jointPurchase>
                <ns2:lots>
                    <lot>
                        <guid>edce4d45-f08a-4c61-9c16-36ee45704d88</guid>
                        <ordinalNumber>1</ordinalNumber>
                        <lotEditEnabled>true</lotEditEnabled>
                        <lotData>
                            <subject>Оказание услуг по техническому обслуживанию систем видеонаблюдения и охранной сигнализации</subject>
                            <currency>
                                <code>RUB</code>
                                <digitalCode>643</digitalCode>
                                <name>Российский рубль</name>
                            </currency>
                            <initialSum>320132.15</initialSum>
                            <deliveryPlace>
                                <state>Центральный федеральный округ</state>
                                <region>Москва</region>
                                <regionOkato>45000000000</regionOkato>
                                <address>г. Москва, ул. Вешняковская, д.23  </address>
                            </deliveryPlace>
                            <lotItems>
                                <newCodes>true</newCodes>
                                <lotItem>
                                    <guid>ab90031f-0164-42ea-8394-72ad02269f41</guid>
                                    <ordinalNumber>1</ordinalNumber>
                                    <okpd2>
                                        <code>81.10.10.000</code>
                                        <name>Услуги по обслуживанию помещений комплексные</name>
                                    </okpd2>
                                    <okved2>
                                        <code>81.10</code>
                                        <name>Деятельность по комплексному обслуживанию помещений</name>
                                    </okved2>
                                    <okei>
                                        <code>876</code>
                                        <name>Условная единица</name>
                                    </okei>
                                    <qty>1</qty>
                                    <additionalInfo>Условия, запреты и ограничения допуска товаров, происходящих из иностранного государства или группы иностранных государств, работ, услуг, соответственно выполняемых, оказываемых иностранными лицами:	В соответствии с постановлением Правительства Российской Федерации от 16 сентября 2016 г. № 925 «О приоритете товаров российского происхождения, работ, услуг, выполняемых, оказываемых российскими лицами, по отношению к товарам, происходящим из иностранного государства, работам, услугам, выполняемым, оказываемым иностранными лицами» 

</additionalInfo>
                                </lotItem>
                            </lotItems>
                            <forSmallOrMiddle>true</forSmallOrMiddle>
                            <excludePurchaseFromPlan>false</excludePurchaseFromPlan>
                            <subcontractorsRequirement>false</subcontractorsRequirement>
                            <ignoredPurchase>false</ignoredPurchase>
                            <centralized>false</centralized>
                        </lotData>
                        <deliveryPlaceIndication>GL</deliveryPlaceIndication>
                        <jointLotData>
                            <jointLot>false</jointLot>
                        </jointLotData>
                        <lotPlanInfo>
                            <planRegistrationNumber>2170223829</planRegistrationNumber>
                            <planGuid>9dafec8b-1259-4f05-8dd1-d5bb68232939</planGuid>
                            <positionNumber>60</positionNumber>
                            <lotPlanPosition>COMMODITY</lotPlanPosition>
                            <positionGuid>49ad4c73-8fe7-4e41-80e4-81145de94433</positionGuid>
                        </lotPlanInfo>
                        <cancelled>false</cancelled>
                    </lot>
                </ns2:lots>
                <ns2:quotationExaminationTime>2017-03-23T12:00:00</ns2:quotationExaminationTime>
                <ns2:quotationExaminationPlace>г. Москва, ул. Вешняковская, д.23  </ns2:quotationExaminationPlace>
                <ns2:quotationForm>На бумажном носителе с подписью и печатью или в электронной форме, подписанную ЭЦП, оформленная в порядке, предусмотренном Федеральным законом от 06.04.2011 № 63-ФЗ "Об электронной подписи" и принятыми в соответствии с ним иными нормативно-правовыми актами.

Если котировочная заявка подается на бумажном носителе, то все листы заявки и документы, прикладываемые к заявке на участие в запросе котировок, должны быть сшиты в единый том или несколько томов и пронумерованы. Заявка на участие в запросе котировок должна содержать опись входящих в ее состав документов, быть скреплена печатью участника закупки (для юридических лиц) и подписана участником закупки или лицом, уполномоченным таким участником закупки.

</ns2:quotationForm>
                <ns2:submissionCloseDateTime>2017-03-23T10:00:00</ns2:submissionCloseDateTime>
                <ns2:publicationPlannedDate>2017-03-16</ns2:publicationPlannedDate>
            </ns2:purchaseNoticeZKData>
        </ns2:item>
    </ns2:body>
</ns2:purchaseNoticeZK>
