<?xml version="1.0" encoding="UTF-8" standalone="yes"?>
<ns2:orderClause xsi:schemaLocation="http://zakupki.gov.ru/223/integration/schema/TFF-5.2 http://zakupki.gov.ru/223/integration/schema/TFF-5.2/orderClause.xsd" xmlns="http://zakupki.gov.ru/223fz/types/1" xmlns:ns10="http://zakupki.gov.ru/223fz/purchase/1" xmlns:ns11="http://zakupki.gov.ru/223fz/machineryListInfo/1" xmlns:ns12="http://zakupki.gov.ru/223fz/revenue/1" xmlns:ns13="http://zakupki.gov.ru/223fz/contract/1" xmlns:ns14="http://zakupki.gov.ru/223fz/missedNotice/1" xmlns:ns15="http://zakupki.gov.ru/223fz/complaint/1" xmlns:ns16="http://zakupki.gov.ru/223fz/decisionSuspension/1" xmlns:ns17="http://zakupki.gov.ru/223fz/purchasePlanAdditionalPosition/1" xmlns:ns18="http://zakupki.gov.ru/223fz/notificationIssue/1" xmlns:ns19="http://zakupki.gov.ru/223fz/webRequest/1" xmlns:ns2="http://zakupki.gov.ru/223fz/orderClauseList/1" xmlns:xsi="http://www.w3.org/2001/XMLSchema-instance" xmlns:ns3="http://zakupki.gov.ru/223fz/dishonestSupplier/1" xmlns:ns4="http://zakupki.gov.ru/223fz/purchasePlan/1" xmlns:ns5="http://zakupki.gov.ru/223fz/purchasePlanProject/1" xmlns:ns6="http://zakupki.gov.ru/223fz/purchasePlanProjectAdditionalPosition/1" xmlns:ns7="http://zakupki.gov.ru/223fz/disagreementProtocol/1" xmlns:ns8="http://zakupki.gov.ru/223fz/reference/1" xmlns:ns9="http://zakupki.gov.ru/223fz/stopCommodity/1">
    <header>
        <guid>ae37739a-174e-49b4-9026-199f0fa3dc7a</guid>
        <createDateTime>2017-03-21T17:33:10</createDateTime>
    </header>
    <ns2:body>
        <ns2:item>
            <guid>5709caa1-8cdc-4a17-969b-4c5877caeb37</guid>
            <ns2:orderClauseData>
                <ns2:guid>5709caa1-8cdc-4a17-969b-4c5877caeb37</ns2:guid>
                <ns2:createDateTime>2017-03-21T18:28:15</ns2:createDateTime>
                <ns2:urlOOS>https://zakupki.gov.ru/223/clause/private/order-clause/info/common-info.html?clauseInfoId=280357</ns2:urlOOS>
                <ns2:customer>
                    <mainInfo>
                        <fullName>АКЦИОНЕРНОЕ ОБЩЕСТВО "ФЕДЕРАЛЬНАЯ ГРУЗОВАЯ КОМПАНИЯ"</fullName>
                        <shortName>АО "ФГК"</shortName>
                        <iko>66659209750668501001</iko>
                        <inn>6659209750</inn>
                        <kpp>668501001</kpp>
                        <ogrn>1106659010600</ogrn>
                        <legalAddress>620026, обл СВЕРДЛОВСКАЯ, г ЕКАТЕРИНБУРГ, ул КУЙБЫШЕВА, дом 44</legalAddress>
                        <postalAddress>SadykovNN@railfgk.ru</postalAddress>
                        <phone>7-499-2621777-1530</phone>
                        <email>SadykovNN@railfgk.ru</email>
                        <okato>65401380000</okato>
                        <okpo>68398528</okpo>
                    </mainInfo>
                </ns2:customer>
                <ns2:placer>
                    <mainInfo>
                        <fullName>АКЦИОНЕРНОЕ ОБЩЕСТВО "ФЕДЕРАЛЬНАЯ ГРУЗОВАЯ КОМПАНИЯ"</fullName>
                        <shortName>АО "ФГК"</shortName>
                        <iko>66659209750668501001</iko>
                        <inn>6659209750</inn>
                        <kpp>668501001</kpp>
                        <ogrn>1106659010600</ogrn>
                        <legalAddress>620026, обл СВЕРДЛОВСКАЯ, г ЕКАТЕРИНБУРГ, ул КУЙБЫШЕВА, дом 44</legalAddress>
                        <postalAddress>SadykovNN@railfgk.ru</postalAddress>
                        <phone>7-499-2621777-1530</phone>
                        <email>SadykovNN@railfgk.ru</email>
                        <okato>65401380000</okato>
                        <okpo>68398528</okpo>
                    </mainInfo>
                </ns2:placer>
                <ns2:status>P</ns2:status>
                <ns2:version>14</ns2:version>
                <ns2:name>Положение о закупке товаров, работ, услуг для нужд АО "ФГК"</ns2:name>
                <ns2:registrationNumber>1120010390</ns2:registrationNumber>
                <ns2:modificationDescription>Приведение Положения о закупке товаров, работ, услуг для нужд АО "ФГК" в соответствие изменениям в Положение о закупке, утвержденным решением совета директоров АО "ФГК" (протокол от 22.12.2016 № 11)</ns2:modificationDescription>
                <ns2:approveDate>2016-07-27</ns2:approveDate>
                <ns2:effectiveDate>2016-07-27</ns2:effectiveDate>
                <ns2:approverName>Совет директоров АО "ФГК"</ns2:approverName>
                <ns2:purchaseMethod>
                    <ns2:purchaseMethodCode>153739</ns2:purchaseMethodCode>
                    <ns2:purchaseMethodName>Закупка путем размещения оферты без ограничения срока подачи заявок</ns2:purchaseMethodName>
                    <ns2:digitalPurchase>false</ns2:digitalPurchase>
                </ns2:purchaseMethod>
                <ns2:purchaseMethod>
                    <ns2:purchaseMethodCode>153734</ns2:purchaseMethodCode>
                    <ns2:purchaseMethodName>Закупка с использованием электронного магазина с ограниченным участием в электронной форме</ns2:purchaseMethodName>
                    <ns2:digitalPurchase>true</ns2:digitalPurchase>
                </ns2:purchaseMethod>
                <ns2:purchaseMethod>
                    <ns2:purchaseMethodCode>153736</ns2:purchaseMethodCode>
                    <ns2:purchaseMethodName>Закупка путем размещения оферты в электронной форме</ns2:purchaseMethodName>
                    <ns2:digitalPurchase>true</ns2:digitalPurchase>
                </ns2:purchaseMethod>
                <ns2:purchaseMethod>
                    <ns2:purchaseMethodCode>153738</ns2:purchaseMethodCode>
                    <ns2:purchaseMethodName>Закупка путем размещения оферты с ограниченным участием в электронной форме</ns2:purchaseMethodName>
                    <ns2:digitalPurchase>true</ns2:digitalPurchase>
                </ns2:purchaseMethod>
                <ns2:purchaseMethod>
                    <ns2:purchaseMethodCode>153740</ns2:purchaseMethodCode>
                    <ns2:purchaseMethodName>Закупка путем размещения оферты без ограничения срока подачи заявок в электронной форме</ns2:purchaseMethodName>
                    <ns2:digitalPurchase>true</ns2:digitalPurchase>
                </ns2:purchaseMethod>
                <ns2:purchaseMethod>
                    <ns2:purchaseMethodCode>153733</ns2:purchaseMethodCode>
                    <ns2:purchaseMethodName>Закупка с использованием электронного магазина с ограниченным участием</ns2:purchaseMethodName>
                    <ns2:digitalPurchase>false</ns2:digitalPurchase>
                </ns2:purchaseMethod>
                <ns2:purchaseMethod>
                    <ns2:purchaseMethodCode>153735</ns2:purchaseMethodCode>
                    <ns2:purchaseMethodName>Закупка путем размещения оферты</ns2:purchaseMethodName>
                    <ns2:digitalPurchase>false</ns2:digitalPurchase>
                </ns2:purchaseMethod>
                <ns2:purchaseMethod>
                    <ns2:purchaseMethodCode>153737</ns2:purchaseMethodCode>
                    <ns2:purchaseMethodName>Закупка путем размещения оферты с ограниченным участием</ns2:purchaseMethodName>
                    <ns2:digitalPurchase>false</ns2:digitalPurchase>
                </ns2:purchaseMethod>
                <ns2:purchaseMethod>
                    <ns2:purchaseMethodCode>153731</ns2:purchaseMethodCode>
                    <ns2:purchaseMethodName>Закупка с использованием электронного магазина</ns2:purchaseMethodName>
                    <ns2:digitalPurchase>false</ns2:digitalPurchase>
                </ns2:purchaseMethod>
                <ns2:purchaseMethod>
                    <ns2:purchaseMethodCode>153732</ns2:purchaseMethodCode>
                    <ns2:purchaseMethodName>Закупка с использованием электронного магазина в электронной форме</ns2:purchaseMethodName>
                    <ns2:digitalPurchase>true</ns2:digitalPurchase>
                </ns2:purchaseMethod>
                <ns2:purchaseMethod>
                    <ns2:purchaseMethodCode>146035</ns2:purchaseMethodCode>
                    <ns2:purchaseMethodName>Запрос котировок с ограниченным участием</ns2:purchaseMethodName>
                    <ns2:digitalPurchase>false</ns2:digitalPurchase>
                </ns2:purchaseMethod>
                <ns2:purchaseMethod>
                    <ns2:purchaseMethodCode>146031</ns2:purchaseMethodCode>
                    <ns2:purchaseMethodName>Закупка способом размещения оферты с ограниченным участием</ns2:purchaseMethodName>
                    <ns2:digitalPurchase>false</ns2:digitalPurchase>
                </ns2:purchaseMethod>
                <ns2:purchaseMethod>
                    <ns2:purchaseMethodCode>146034</ns2:purchaseMethodCode>
                    <ns2:purchaseMethodName>Запрос котировок в электронной форме с ограниченным участием</ns2:purchaseMethodName>
                    <ns2:digitalPurchase>true</ns2:digitalPurchase>
                </ns2:purchaseMethod>
                <ns2:purchaseMethod>
                    <ns2:purchaseMethodCode>146032</ns2:purchaseMethodCode>
                    <ns2:purchaseMethodName>Закупка способом размещения оферты в электронной форме с ограниченным участием</ns2:purchaseMethodName>
                    <ns2:digitalPurchase>true</ns2:digitalPurchase>
                </ns2:purchaseMethod>
                <ns2:purchaseMethod>
                    <ns2:purchaseMethodCode>135496</ns2:purchaseMethodCode>
                    <ns2:purchaseMethodName>Открытый конкурс (по Положению АО "ФГК")</ns2:purchaseMethodName>
                    <ns2:digitalPurchase>false</ns2:digitalPurchase>
                </ns2:purchaseMethod>
                <ns2:purchaseMethod>
                    <ns2:purchaseMethodCode>24606</ns2:purchaseMethodCode>
                    <ns2:purchaseMethodName>Открытый конкурс в электронной форме</ns2:purchaseMethodName>
                    <ns2:digitalPurchase>true</ns2:digitalPurchase>
                </ns2:purchaseMethod>
                <ns2:purchaseMethod>
                    <ns2:purchaseMethodCode>135495</ns2:purchaseMethodCode>
                    <ns2:purchaseMethodName>Открытый аукцион (по Положению АО "ФГК")</ns2:purchaseMethodName>
                    <ns2:digitalPurchase>false</ns2:digitalPurchase>
                </ns2:purchaseMethod>
                <ns2:purchaseMethod>
                    <ns2:purchaseMethodCode>113319</ns2:purchaseMethodCode>
                    <ns2:purchaseMethodName>Открытый аукцион в электронной форме (по Положению АО "ФГК")</ns2:purchaseMethodName>
                    <ns2:digitalPurchase>true</ns2:digitalPurchase>
                </ns2:purchaseMethod>
                <ns2:purchaseMethod>
                    <ns2:purchaseMethodCode>113320</ns2:purchaseMethodCode>
                    <ns2:purchaseMethodName>Запрос котировок (по Положению АО "ФГК")</ns2:purchaseMethodName>
                    <ns2:digitalPurchase>false</ns2:digitalPurchase>
                </ns2:purchaseMethod>
                <ns2:purchaseMethod>
                    <ns2:purchaseMethodCode>106126</ns2:purchaseMethodCode>
                    <ns2:purchaseMethodName>Запрос котировок в электронной форме</ns2:purchaseMethodName>
                    <ns2:digitalPurchase>true</ns2:digitalPurchase>
                </ns2:purchaseMethod>
                <ns2:purchaseMethod>
                    <ns2:purchaseMethodCode>106127</ns2:purchaseMethodCode>
                    <ns2:purchaseMethodName>Запрос предложений</ns2:purchaseMethodName>
                    <ns2:digitalPurchase>false</ns2:digitalPurchase>
                </ns2:purchaseMethod>
                <ns2:purchaseMethod>
                    <ns2:purchaseMethodCode>106128</ns2:purchaseMethodCode>
                    <ns2:purchaseMethodName>Запрос предложений в электронной форме</ns2:purchaseMethodName>
                    <ns2:digitalPurchase>true</ns2:digitalPurchase>
                </ns2:purchaseMethod>
                <ns2:purchaseMethod>
                    <ns2:purchaseMethodCode>135497</ns2:purchaseMethodCode>
                    <ns2:purchaseMethodName>Закупка у единственного поставщика (подрядчика, исполнителя)</ns2:purchaseMethodName>
                    <ns2:digitalPurchase>false</ns2:digitalPurchase>
                </ns2:purchaseMethod>
                <ns2:purchaseMethod>
                    <ns2:purchaseMethodCode>134934</ns2:purchaseMethodCode>
                    <ns2:purchaseMethodName>Закупка способом размещения оферты</ns2:purchaseMethodName>
                    <ns2:digitalPurchase>false</ns2:digitalPurchase>
                </ns2:purchaseMethod>
                <ns2:purchaseMethod>
                    <ns2:purchaseMethodCode>134936</ns2:purchaseMethodCode>
                    <ns2:purchaseMethodName>Закупка способом размещения оферты в электронной форме</ns2:purchaseMethodName>
                    <ns2:digitalPurchase>true</ns2:digitalPurchase>
                </ns2:purchaseMethod>
                <ns2:purchaseMethod>
                    <ns2:purchaseMethodCode>134924</ns2:purchaseMethodCode>
                    <ns2:purchaseMethodName>Закупка способом электронного магазина</ns2:purchaseMethodName>
                    <ns2:digitalPurchase>true</ns2:digitalPurchase>
                </ns2:purchaseMethod>
                <ns2:purchaseMethod>
                    <ns2:purchaseMethodCode>106115</ns2:purchaseMethodCode>
                    <ns2:purchaseMethodName>Конкурс с ограниченным участием</ns2:purchaseMethodName>
                    <ns2:digitalPurchase>false</ns2:digitalPurchase>
                </ns2:purchaseMethod>
                <ns2:purchaseMethod>
                    <ns2:purchaseMethodCode>106118</ns2:purchaseMethodCode>
                    <ns2:purchaseMethodName>Открытый двухэтапный конкурс</ns2:purchaseMethodName>
                    <ns2:digitalPurchase>false</ns2:digitalPurchase>
                    <ns2:phasesNumber>2</ns2:phasesNumber>
                </ns2:purchaseMethod>
                <ns2:purchaseMethod>
                    <ns2:purchaseMethodCode>106117</ns2:purchaseMethodCode>
                    <ns2:purchaseMethodName>Конкурс с ограниченным участием в электронной форме</ns2:purchaseMethodName>
                    <ns2:digitalPurchase>true</ns2:digitalPurchase>
                </ns2:purchaseMethod>
                <ns2:purchaseMethod>
                    <ns2:purchaseMethodCode>106119</ns2:purchaseMethodCode>
                    <ns2:purchaseMethodName>Открытый двухэтапный конкурс в электронной форме</ns2:purchaseMethodName>
                    <ns2:digitalPurchase>true</ns2:digitalPurchase>
                    <ns2:phasesNumber>2</ns2:phasesNumber>
                </ns2:purchaseMethod>
                <ns2:purchaseMethod>
                    <ns2:purchaseMethodCode>135501</ns2:purchaseMethodCode>
                    <ns2:purchaseMethodName>Двухэтапный конкурс с ограниченным участием в электронной форме</ns2:purchaseMethodName>
                    <ns2:digitalPurchase>true</ns2:digitalPurchase>
                </ns2:purchaseMethod>
                <ns2:purchaseMethod>
                    <ns2:purchaseMethodCode>135500</ns2:purchaseMethodCode>
                    <ns2:purchaseMethodName>Двухэтапный конкурс с ограниченным участием</ns2:purchaseMethodName>
                    <ns2:digitalPurchase>false</ns2:digitalPurchase>
                </ns2:purchaseMethod>
                <ns2:purchaseMethod>
                    <ns2:purchaseMethodCode>24610</ns2:purchaseMethodCode>
                    <ns2:purchaseMethodName>Закрытый конкурс</ns2:purchaseMethodName>
                    <ns2:digitalPurchase>false</ns2:digitalPurchase>
                </ns2:purchaseMethod>
                <ns2:purchaseMethod>
                    <ns2:purchaseMethodCode>106135</ns2:purchaseMethodCode>
                    <ns2:purchaseMethodName>Закрытый конкурс с ограниченным участием</ns2:purchaseMethodName>
                    <ns2:digitalPurchase>false</ns2:digitalPurchase>
                </ns2:purchaseMethod>
                <ns2:purchaseMethod>
                    <ns2:purchaseMethodCode>106122</ns2:purchaseMethodCode>
                    <ns2:purchaseMethodName>Закрытый двухэтапный конкурс</ns2:purchaseMethodName>
                    <ns2:digitalPurchase>false</ns2:digitalPurchase>
                    <ns2:phasesNumber>2</ns2:phasesNumber>
                </ns2:purchaseMethod>
                <ns2:purchaseMethod>
                    <ns2:purchaseMethodCode>106124</ns2:purchaseMethodCode>
                    <ns2:purchaseMethodName>Аукцион с ограниченным участием в электронной форме</ns2:purchaseMethodName>
                    <ns2:digitalPurchase>true</ns2:digitalPurchase>
                </ns2:purchaseMethod>
                <ns2:purchaseMethod>
                    <ns2:purchaseMethodCode>106123</ns2:purchaseMethodCode>
                    <ns2:purchaseMethodName>Аукцион с ограниченным участием</ns2:purchaseMethodName>
                    <ns2:digitalPurchase>false</ns2:digitalPurchase>
                </ns2:purchaseMethod>
                <ns2:purchaseMethod>
                    <ns2:purchaseMethodCode>106125</ns2:purchaseMethodCode>
                    <ns2:purchaseMethodName>Закрытый аукцион</ns2:purchaseMethodName>
                    <ns2:digitalPurchase>false</ns2:digitalPurchase>
                </ns2:purchaseMethod>
                <ns2:purchaseMethod>
                    <ns2:purchaseMethodCode>106130</ns2:purchaseMethodCode>
                    <ns2:purchaseMethodName>Предварительный квалификационный отбор без ограничения срока подачи заявок</ns2:purchaseMethodName>
                    <ns2:digitalPurchase>false</ns2:digitalPurchase>
                </ns2:purchaseMethod>
                <ns2:purchaseMethod>
                    <ns2:purchaseMethodCode>106132</ns2:purchaseMethodCode>
                    <ns2:purchaseMethodName>Предварительный квалификационный отбор без ограничения срока подачи заявок в электронной форме</ns2:purchaseMethodName>
                    <ns2:digitalPurchase>true</ns2:digitalPurchase>
                </ns2:purchaseMethod>
                <ns2:purchaseMethod>
                    <ns2:purchaseMethodCode>106129</ns2:purchaseMethodCode>
                    <ns2:purchaseMethodName>Предварительный квалификационный отбор с ограничением срока подачи заявок</ns2:purchaseMethodName>
                    <ns2:digitalPurchase>false</ns2:digitalPurchase>
                </ns2:purchaseMethod>
                <ns2:purchaseMethod>
                    <ns2:purchaseMethodCode>106131</ns2:purchaseMethodCode>
                    <ns2:purchaseMethodName>Предварительный квалификационный отбор с ограничением срока подачи заявок в электронной форме</ns2:purchaseMethodName>
                    <ns2:digitalPurchase>true</ns2:digitalPurchase>
                </ns2:purchaseMethod>
                <ns2:purchaseMethod>
                    <ns2:purchaseMethodCode>24608</ns2:purchaseMethodCode>
                    <ns2:purchaseMethodName>Конкурс с предварительным квалификационным отбором в электронной форме</ns2:purchaseMethodName>
                    <ns2:digitalPurchase>true</ns2:digitalPurchase>
                    <ns2:phasesNumber>1</ns2:phasesNumber>
                </ns2:purchaseMethod>
                <ns2:purchaseMethod>
                    <ns2:purchaseMethodCode>24607</ns2:purchaseMethodCode>
                    <ns2:purchaseMethodName>Конкурс с предварительным квалификационным отбором</ns2:purchaseMethodName>
                    <ns2:digitalPurchase>false</ns2:digitalPurchase>
                    <ns2:phasesNumber>2</ns2:phasesNumber>
                </ns2:purchaseMethod>
                <ns2:purchaseMethod>
                    <ns2:purchaseMethodCode>145815</ns2:purchaseMethodCode>
                    <ns2:purchaseMethodName>Конкурентный отбор (по Положению АО "ФГК")</ns2:purchaseMethodName>
                    <ns2:digitalPurchase>true</ns2:digitalPurchase>
                </ns2:purchaseMethod>
                <ns2:purchaseMethod>
                    <ns2:purchaseMethodCode>146030</ns2:purchaseMethodCode>
                    <ns2:purchaseMethodName>Закупка способом электронного магазина с ограниченным участием</ns2:purchaseMethodName>
                    <ns2:digitalPurchase>true</ns2:digitalPurchase>
                </ns2:purchaseMethod>
                <ns2:purchaseMethod>
                    <ns2:purchaseMethodCode>146028</ns2:purchaseMethodCode>
                    <ns2:purchaseMethodName>Закрытый аукцион с ограниченным участием</ns2:purchaseMethodName>
                    <ns2:digitalPurchase>false</ns2:digitalPurchase>
                </ns2:purchaseMethod>
                <ns2:purchaseMethod>
                    <ns2:purchaseMethodCode>148096</ns2:purchaseMethodCode>
                    <ns2:purchaseMethodName>Размещение оферты в электронной форме (Фабрикант)</ns2:purchaseMethodName>
                    <ns2:digitalPurchase>true</ns2:digitalPurchase>
                </ns2:purchaseMethod>
                <ns2:publicationDateTime>2017-03-21T19:32:46</ns2:publicationDateTime>
                <ns2:attachments>
                    <totalDocumentsCount>2</totalDocumentsCount>
                    <document>
                        <guid>cd5b4d53-31de-4576-931e-f64318323703</guid>
                        <createDateTime>2016-12-30T10:23:25</createDateTime>
                        <fileName>Изменения в Положение о закупке товаров, работ, услуг для нужд АО ФГК.docx</fileName>
                        <description>Изменения в Положение о закупке товаров, работ, услуг для нужд АО ФГК</description>
                        <url>http://zakupki.gov.ru/223/clause/public/download/download.html?id=953497</url>
                    </document>
                    <document>
                        <guid>2f4eec57-ade0-48c1-b00d-31c7826c6196</guid>
                        <createDateTime>2017-03-21T16:28:55</createDateTime>
                        <fileName>Положение о закупке товаров работ услуг для нужд АО ФГК.doc</fileName>
                        <description>Положение о закупке товаров работ услуг для нужд АО ФГК</description>
                        <url>http://zakupki.gov.ru/223/clause/public/download/download.html?id=953499</url>
                    </document>
                </ns2:attachments>
            </ns2:orderClauseData>
        </ns2:item>
    </ns2:body>
</ns2:orderClause>
