<?xml version="1.0" encoding="UTF-8" standalone="yes"?>
<ns2:orderClause xsi:schemaLocation="http://zakupki.gov.ru/223/integration/schema/TFF-5.2 http://zakupki.gov.ru/223/integration/schema/TFF-5.2/orderClause.xsd" xmlns="http://zakupki.gov.ru/223fz/types/1" xmlns:ns10="http://zakupki.gov.ru/223fz/purchase/1" xmlns:ns11="http://zakupki.gov.ru/223fz/machineryListInfo/1" xmlns:ns12="http://zakupki.gov.ru/223fz/revenue/1" xmlns:ns13="http://zakupki.gov.ru/223fz/contract/1" xmlns:ns14="http://zakupki.gov.ru/223fz/missedNotice/1" xmlns:ns15="http://zakupki.gov.ru/223fz/complaint/1" xmlns:ns16="http://zakupki.gov.ru/223fz/decisionSuspension/1" xmlns:ns17="http://zakupki.gov.ru/223fz/purchasePlanAdditionalPosition/1" xmlns:ns18="http://zakupki.gov.ru/223fz/notificationIssue/1" xmlns:ns19="http://zakupki.gov.ru/223fz/webRequest/1" xmlns:ns2="http://zakupki.gov.ru/223fz/orderClauseList/1" xmlns:xsi="http://www.w3.org/2001/XMLSchema-instance" xmlns:ns3="http://zakupki.gov.ru/223fz/dishonestSupplier/1" xmlns:ns4="http://zakupki.gov.ru/223fz/purchasePlan/1" xmlns:ns5="http://zakupki.gov.ru/223fz/purchasePlanProject/1" xmlns:ns6="http://zakupki.gov.ru/223fz/purchasePlanProjectAdditionalPosition/1" xmlns:ns7="http://zakupki.gov.ru/223fz/disagreementProtocol/1" xmlns:ns8="http://zakupki.gov.ru/223fz/reference/1" xmlns:ns9="http://zakupki.gov.ru/223fz/stopCommodity/1">
    <header>
        <guid>a4c8a075-de38-41e1-b7e1-876948028f0c</guid>
        <createDateTime>2017-03-21T10:30:13</createDateTime>
    </header>
    <ns2:body>
        <ns2:item>
            <guid>104a9f85-9db3-4d32-8e9d-6c7e6e1a8b1f</guid>
            <ns2:orderClauseData>
                <ns2:guid>104a9f85-9db3-4d32-8e9d-6c7e6e1a8b1f</ns2:guid>
                <ns2:createDateTime>2017-03-21T12:21:15</ns2:createDateTime>
                <ns2:urlOOS>https://zakupki.gov.ru/223/clause/private/order-clause/info/common-info.html?clauseInfoId=280273</ns2:urlOOS>
                <ns2:customer>
                    <mainInfo>
                        <fullName>МУНИЦИПАЛЬНОЕ АВТОНОМНОЕ УЧРЕЖДЕНИЕ ДОПОЛНИТЕЛЬНОГО ОБРАЗОВАНИЯ "РЕФТИНСКАЯ ДЕТСКАЯ ШКОЛА ИСКУССТВ"</fullName>
                        <shortName>МАУДО "РЕФТИНСКАЯ ДШИ"</shortName>
                        <iko>86603010218660301001</iko>
                        <inn>6603010218</inn>
                        <kpp>668301001</kpp>
                        <ogrn>1026600630352</ogrn>
                        <legalAddress>624285, ОБЛ СВЕРДЛОВСКАЯ, РП РЕФТИНСКИЙ, УЛ МОЛОДЕЖНАЯ, дом ДОМ 6</legalAddress>
                        <postalAddress>624285, дом 6</postalAddress>
                        <phone>7-343-6530660</phone>
                        <fax>7-343-6530660</fax>
                        <email>dsi_reft@mail.ru</email>
                        <okato>65409567000</okato>
                        <okpo>46668915</okpo>
                    </mainInfo>
                </ns2:customer>
                <ns2:placer>
                    <mainInfo>
                        <fullName>МУНИЦИПАЛЬНОЕ АВТОНОМНОЕ УЧРЕЖДЕНИЕ ДОПОЛНИТЕЛЬНОГО ОБРАЗОВАНИЯ "РЕФТИНСКАЯ ДЕТСКАЯ ШКОЛА ИСКУССТВ"</fullName>
                        <shortName>МАУДО "РЕФТИНСКАЯ ДШИ"</shortName>
                        <iko>86603010218660301001</iko>
                        <inn>6603010218</inn>
                        <kpp>668301001</kpp>
                        <ogrn>1026600630352</ogrn>
                        <legalAddress>624285, ОБЛ СВЕРДЛОВСКАЯ, РП РЕФТИНСКИЙ, УЛ МОЛОДЕЖНАЯ, дом ДОМ 6</legalAddress>
                        <postalAddress>624285, дом 6</postalAddress>
                        <phone>7-343-6530660</phone>
                        <fax>7-343-6530660</fax>
                        <email>dsi_reft@mail.ru</email>
                        <okato>65409567000</okato>
                        <okpo>46668915</okpo>
                    </mainInfo>
                </ns2:placer>
                <ns2:status>P</ns2:status>
                <ns2:version>7</ns2:version>
                <ns2:name>Положение о закупке для нужд Муниципального автономного учреждения дополнительного образования  "Рефтинская детская школа искусств"</ns2:name>
                <ns2:registrationNumber>1130022276</ns2:registrationNumber>
                <ns2:modificationDescription>Связаны с приведение в соответствие с Федеральным законом от 18.07.2011 года № 223-ФЗ </ns2:modificationDescription>
                <ns2:approveDate>2017-03-17</ns2:approveDate>
                <ns2:effectiveDate>2017-03-17</ns2:effectiveDate>
                <ns2:approverName>Наблюдательный совет МАУДО "Рефтинская ДШИ"</ns2:approverName>
                <ns2:purchaseMethod>
                    <ns2:purchaseMethodCode>3363</ns2:purchaseMethodCode>
                    <ns2:purchaseMethodName>Закупка у единственного поставщика (исполнителя, подрядчика)</ns2:purchaseMethodName>
                    <ns2:digitalPurchase>false</ns2:digitalPurchase>
                </ns2:purchaseMethod>
                <ns2:purchaseMethod>
                    <ns2:purchaseMethodCode>3362</ns2:purchaseMethodCode>
                    <ns2:purchaseMethodName>Запрос котировок</ns2:purchaseMethodName>
                    <ns2:digitalPurchase>false</ns2:digitalPurchase>
                </ns2:purchaseMethod>
                <ns2:purchaseMethod>
                    <ns2:purchaseMethodCode>3360</ns2:purchaseMethodCode>
                    <ns2:purchaseMethodName>Открытый аукцион</ns2:purchaseMethodName>
                    <ns2:digitalPurchase>false</ns2:digitalPurchase>
                </ns2:purchaseMethod>
                <ns2:purchaseMethod>
                    <ns2:purchaseMethodCode>3359</ns2:purchaseMethodCode>
                    <ns2:purchaseMethodName>Открытый конкурс</ns2:purchaseMethodName>
                    <ns2:digitalPurchase>false</ns2:digitalPurchase>
                </ns2:purchaseMethod>
                <ns2:purchaseMethod>
                    <ns2:purchaseMethodCode>3361</ns2:purchaseMethodCode>
                    <ns2:purchaseMethodName>Открытый аукцион в электронной форме</ns2:purchaseMethodName>
                    <ns2:digitalPurchase>true</ns2:digitalPurchase>
                </ns2:purchaseMethod>
                <ns2:publicationDateTime>2017-03-21T12:29:49</ns2:publicationDateTime>
                <ns2:attachments>
                    <totalDocumentsCount>2</totalDocumentsCount>
                    <document>
                        <guid>4d7ce032-3d74-4804-a9ac-1f8189c372c2</guid>
                        <createDateTime>2017-03-21T10:27:01</createDateTime>
                        <fileName>Положение о закупках  МАУДОРДШИ по 223-ФЗ на 2017 год_ред.5_на 2017 год _утверждено_17.03.2017.doc</fileName>
                        <description>Положение о закупках  МАУДОРДШИ по 223-ФЗ на 2017 год_ред.5_на 2017 год _утверждено_17.03.2017</description>
                        <url>http://zakupki.gov.ru/223/clause/public/download/download.html?id=953064</url>
                    </document>
                    <document>
                        <guid>d5ca6d17-0779-4444-bd0a-d966643095df</guid>
                        <createDateTime>2017-03-21T10:27:09</createDateTime>
                        <fileName>Перечень изменений, внесённых в Положение о закупке товаров, работ, услуг для нужд МАУДО РДШИ_ред.5 на 2017 год _утверждено_17.03.2017.docx</fileName>
                        <description>Перечень изменений, внесённых в Положение о закупке товаров, работ, услуг для нужд МАУДО РДШИ_ред.5 на 2017 год _утверждено_17.03.2017</description>
                        <url>http://zakupki.gov.ru/223/clause/public/download/download.html?id=953066</url>
                    </document>
                </ns2:attachments>
            </ns2:orderClauseData>
        </ns2:item>
    </ns2:body>
</ns2:orderClause>
