<?xml version="1.0" encoding="UTF-8" standalone="yes"?>
<ns2:orderClause xsi:schemaLocation="http://zakupki.gov.ru/223/integration/schema/TFF-5.2 http://zakupki.gov.ru/223/integration/schema/TFF-5.2/orderClause.xsd" xmlns="http://zakupki.gov.ru/223fz/types/1" xmlns:ns10="http://zakupki.gov.ru/223fz/purchase/1" xmlns:ns11="http://zakupki.gov.ru/223fz/machineryListInfo/1" xmlns:ns12="http://zakupki.gov.ru/223fz/revenue/1" xmlns:ns13="http://zakupki.gov.ru/223fz/contract/1" xmlns:ns14="http://zakupki.gov.ru/223fz/missedNotice/1" xmlns:ns15="http://zakupki.gov.ru/223fz/complaint/1" xmlns:ns16="http://zakupki.gov.ru/223fz/decisionSuspension/1" xmlns:ns17="http://zakupki.gov.ru/223fz/purchasePlanAdditionalPosition/1" xmlns:ns18="http://zakupki.gov.ru/223fz/notificationIssue/1" xmlns:ns19="http://zakupki.gov.ru/223fz/webRequest/1" xmlns:ns2="http://zakupki.gov.ru/223fz/orderClauseList/1" xmlns:xsi="http://www.w3.org/2001/XMLSchema-instance" xmlns:ns3="http://zakupki.gov.ru/223fz/dishonestSupplier/1" xmlns:ns4="http://zakupki.gov.ru/223fz/purchasePlan/1" xmlns:ns5="http://zakupki.gov.ru/223fz/purchasePlanProject/1" xmlns:ns6="http://zakupki.gov.ru/223fz/purchasePlanProjectAdditionalPosition/1" xmlns:ns7="http://zakupki.gov.ru/223fz/disagreementProtocol/1" xmlns:ns8="http://zakupki.gov.ru/223fz/reference/1" xmlns:ns9="http://zakupki.gov.ru/223fz/stopCommodity/1">
    <header>
        <guid>f5d7e480-be17-43d7-a0ce-c7a7dfd7e6ef</guid>
        <createDateTime>2017-03-21T13:46:25</createDateTime>
    </header>
    <ns2:body>
        <ns2:item>
            <guid>7dc15d2c-eca9-439e-be31-d836859e6961</guid>
            <ns2:orderClauseData>
                <ns2:guid>7dc15d2c-eca9-439e-be31-d836859e6961</ns2:guid>
                <ns2:createDateTime>2017-03-21T12:36:55</ns2:createDateTime>
                <ns2:urlOOS>https://zakupki.gov.ru/223/clause/private/order-clause/info/common-info.html?clauseInfoId=280284</ns2:urlOOS>
                <ns2:customer>
                    <mainInfo>
                        <fullName>МУНИЦИПАЛЬНОЕ УЧРЕЖДЕНИЕ ДОПОЛНИТЕЛЬНОГО ОБРАЗОВАНИЯ "ДОМ ДЕТСКОГО ТВОРЧЕСТВА"</fullName>
                        <shortName>МУ ДО "ДОМ ДЕТСКОГО ТВОРЧЕСТВА"</shortName>
                        <iko>86615006336661501001</iko>
                        <inn>6615006336</inn>
                        <kpp>661501001</kpp>
                        <ogrn>1026601126540</ogrn>
                        <legalAddress>624351, обл СВЕРДЛОВСКАЯ, г КАЧКАНАР, ул МАЯКОВСКОГО, дом 1, корпус А</legalAddress>
                        <postalAddress>624351, Свердловская Область, Качканар Город, Маяковского Улица, дом 1, строение А</postalAddress>
                        <phone>7-34341-23931</phone>
                        <email>ddt_kch@mail.ru</email>
                        <okato>65448000000</okato>
                        <okpo>48565776</okpo>
                    </mainInfo>
                </ns2:customer>
                <ns2:placer>
                    <mainInfo>
                        <fullName>МУНИЦИПАЛЬНОЕ УЧРЕЖДЕНИЕ ДОПОЛНИТЕЛЬНОГО ОБРАЗОВАНИЯ "ДОМ ДЕТСКОГО ТВОРЧЕСТВА"</fullName>
                        <shortName>МУ ДО "ДОМ ДЕТСКОГО ТВОРЧЕСТВА"</shortName>
                        <iko>86615006336661501001</iko>
                        <inn>6615006336</inn>
                        <kpp>661501001</kpp>
                        <ogrn>1026601126540</ogrn>
                        <legalAddress>624351, обл СВЕРДЛОВСКАЯ, г КАЧКАНАР, ул МАЯКОВСКОГО, дом 1, корпус А</legalAddress>
                        <postalAddress>624351, Свердловская Область, Качканар Город, Маяковского Улица, дом 1, строение А</postalAddress>
                        <phone>7-34341-23931</phone>
                        <email>ddt_kch@mail.ru</email>
                        <okato>65448000000</okato>
                        <okpo>48565776</okpo>
                    </mainInfo>
                </ns2:placer>
                <ns2:status>P</ns2:status>
                <ns2:version>4</ns2:version>
                <ns2:name>Положение о порядке проведения закупок товаров, работ, услуг для нужд Муниципального учреждения дополнительного образования "Дом детского творчества"</ns2:name>
                <ns2:registrationNumber>1130025423</ns2:registrationNumber>
                <ns2:modificationDescription>Изменение наименования учреждения</ns2:modificationDescription>
                <ns2:approveDate>2017-03-20</ns2:approveDate>
                <ns2:effectiveDate>2017-03-20</ns2:effectiveDate>
                <ns2:approverName>Управление образованием Качканарского городского округа</ns2:approverName>
                <ns2:purchaseMethod>
                    <ns2:purchaseMethodCode>3363</ns2:purchaseMethodCode>
                    <ns2:purchaseMethodName>Закупка у единственного поставщика (исполнителя, подрядчика)</ns2:purchaseMethodName>
                    <ns2:digitalPurchase>false</ns2:digitalPurchase>
                </ns2:purchaseMethod>
                <ns2:purchaseMethod>
                    <ns2:purchaseMethodCode>3362</ns2:purchaseMethodCode>
                    <ns2:purchaseMethodName>Запрос котировок</ns2:purchaseMethodName>
                    <ns2:digitalPurchase>false</ns2:digitalPurchase>
                </ns2:purchaseMethod>
                <ns2:purchaseMethod>
                    <ns2:purchaseMethodCode>3361</ns2:purchaseMethodCode>
                    <ns2:purchaseMethodName>Открытый аукцион в электронной форме</ns2:purchaseMethodName>
                    <ns2:digitalPurchase>true</ns2:digitalPurchase>
                </ns2:purchaseMethod>
                <ns2:purchaseMethod>
                    <ns2:purchaseMethodCode>3360</ns2:purchaseMethodCode>
                    <ns2:purchaseMethodName>Открытый аукцион</ns2:purchaseMethodName>
                    <ns2:digitalPurchase>false</ns2:digitalPurchase>
                </ns2:purchaseMethod>
                <ns2:purchaseMethod>
                    <ns2:purchaseMethodCode>3359</ns2:purchaseMethodCode>
                    <ns2:purchaseMethodName>Открытый конкурс</ns2:purchaseMethodName>
                    <ns2:digitalPurchase>false</ns2:digitalPurchase>
                </ns2:purchaseMethod>
                <ns2:publicationDateTime>2017-03-21T15:45:51</ns2:publicationDateTime>
                <ns2:attachments>
                    <totalDocumentsCount>2</totalDocumentsCount>
                    <document>
                        <guid>43bbc7b5-b132-4b08-b5d9-f4039791c74b</guid>
                        <createDateTime>2017-03-21T10:40:52</createDateTime>
                        <fileName>ПОЛОЖЕНИЕ 223-ФЗ_2017.docx</fileName>
                        <description>ПОЛОЖЕНИЕ 223-ФЗ_2017</description>
                        <url>http://zakupki.gov.ru/223/clause/public/download/download.html?id=953104</url>
                    </document>
                    <document>
                        <guid>140cb796-47db-4095-9a15-0f5a556cbd15</guid>
                        <createDateTime>2017-03-21T10:43:38</createDateTime>
                        <fileName>постановление №65.pdf</fileName>
                        <description>постановление №65</description>
                        <url>http://zakupki.gov.ru/223/clause/public/download/download.html?id=953111</url>
                    </document>
                </ns2:attachments>
            </ns2:orderClauseData>
        </ns2:item>
    </ns2:body>
</ns2:orderClause>
