<?xml version="1.0" encoding="UTF-8" standalone="yes"?>
<ns2:orderClause xsi:schemaLocation="http://zakupki.gov.ru/223/integration/schema/TFF-5.2 http://zakupki.gov.ru/223/integration/schema/TFF-5.2/orderClause.xsd" xmlns="http://zakupki.gov.ru/223fz/types/1" xmlns:ns10="http://zakupki.gov.ru/223fz/purchase/1" xmlns:ns11="http://zakupki.gov.ru/223fz/machineryListInfo/1" xmlns:ns12="http://zakupki.gov.ru/223fz/revenue/1" xmlns:ns13="http://zakupki.gov.ru/223fz/contract/1" xmlns:ns14="http://zakupki.gov.ru/223fz/missedNotice/1" xmlns:ns15="http://zakupki.gov.ru/223fz/complaint/1" xmlns:ns16="http://zakupki.gov.ru/223fz/decisionSuspension/1" xmlns:ns17="http://zakupki.gov.ru/223fz/purchasePlanAdditionalPosition/1" xmlns:ns18="http://zakupki.gov.ru/223fz/notificationIssue/1" xmlns:ns19="http://zakupki.gov.ru/223fz/webRequest/1" xmlns:ns2="http://zakupki.gov.ru/223fz/orderClauseList/1" xmlns:xsi="http://www.w3.org/2001/XMLSchema-instance" xmlns:ns3="http://zakupki.gov.ru/223fz/dishonestSupplier/1" xmlns:ns4="http://zakupki.gov.ru/223fz/purchasePlan/1" xmlns:ns5="http://zakupki.gov.ru/223fz/purchasePlanProject/1" xmlns:ns6="http://zakupki.gov.ru/223fz/purchasePlanProjectAdditionalPosition/1" xmlns:ns7="http://zakupki.gov.ru/223fz/disagreementProtocol/1" xmlns:ns8="http://zakupki.gov.ru/223fz/reference/1" xmlns:ns9="http://zakupki.gov.ru/223fz/stopCommodity/1">
    <header>
        <guid>3f6cd259-7f77-461f-b3b9-e1eb52b99b10</guid>
        <createDateTime>2017-03-21T07:54:26</createDateTime>
    </header>
    <ns2:body>
        <ns2:item>
            <guid>17817996-10fb-4a39-9f7e-0796e08ca4c7</guid>
            <ns2:orderClauseData>
                <ns2:guid>17817996-10fb-4a39-9f7e-0796e08ca4c7</ns2:guid>
                <ns2:createDateTime>2017-03-21T09:52:04</ns2:createDateTime>
                <ns2:urlOOS>https://zakupki.gov.ru/223/clause/private/order-clause/info/common-info.html?clauseInfoId=280237</ns2:urlOOS>
                <ns2:customer>
                    <mainInfo>
                        <fullName>Муниципальное бюджетное общеобразовательное учреждение средняя общеобразовательная школа № 115</fullName>
                        <shortName>МБОУ СОШ № 115</shortName>
                        <iko>86663057549667301001</iko>
                        <inn>6663057549</inn>
                        <kpp>667301001</kpp>
                        <ogrn>1026605618203</ogrn>
                        <legalAddress>620039, Свердловская, Екатеринбург, Фестивальная, дом 25</legalAddress>
                        <postalAddress>620039, город Екатеринбург, улица Фестивальная, 25</postalAddress>
                        <phone>7-343-3385141</phone>
                        <email>piterskih_72@mail.ru</email>
                        <okato>65401385000</okato>
                        <okpo>44667461</okpo>
                    </mainInfo>
                </ns2:customer>
                <ns2:placer>
                    <mainInfo>
                        <fullName>Муниципальное бюджетное общеобразовательное учреждение средняя общеобразовательная школа № 115</fullName>
                        <shortName>МБОУ СОШ № 115</shortName>
                        <iko>86663057549667301001</iko>
                        <inn>6663057549</inn>
                        <kpp>667301001</kpp>
                        <ogrn>1026605618203</ogrn>
                        <legalAddress>620039, Свердловская, Екатеринбург, Фестивальная, дом 25</legalAddress>
                        <postalAddress>620039, город Екатеринбург, улица Фестивальная, 25</postalAddress>
                        <phone>7-343-3385141</phone>
                        <email>piterskih_72@mail.ru</email>
                        <okato>65401385000</okato>
                        <okpo>44667461</okpo>
                    </mainInfo>
                </ns2:placer>
                <ns2:status>P</ns2:status>
                <ns2:version>2</ns2:version>
                <ns2:name>Положение о закупке товаров, работ, услуг для собственных нужд муниципального бюджетного общеобразовательного учреждения средней общеобразовательной школы №115</ns2:name>
                <ns2:registrationNumber>1140041621</ns2:registrationNumber>
                <ns2:modificationDescription>в соответствии с действующим законодательством</ns2:modificationDescription>
                <ns2:approveDate>2017-01-27</ns2:approveDate>
                <ns2:effectiveDate>2017-01-27</ns2:effectiveDate>
                <ns2:approverName>Управление образования Администрации города Екатеринбурга</ns2:approverName>
                <ns2:purchaseMethod>
                    <ns2:purchaseMethodCode>3362</ns2:purchaseMethodCode>
                    <ns2:purchaseMethodName>Запрос котировок</ns2:purchaseMethodName>
                    <ns2:digitalPurchase>false</ns2:digitalPurchase>
                </ns2:purchaseMethod>
                <ns2:purchaseMethod>
                    <ns2:purchaseMethodCode>3360</ns2:purchaseMethodCode>
                    <ns2:purchaseMethodName>Открытый аукцион</ns2:purchaseMethodName>
                    <ns2:digitalPurchase>false</ns2:digitalPurchase>
                </ns2:purchaseMethod>
                <ns2:purchaseMethod>
                    <ns2:purchaseMethodCode>3359</ns2:purchaseMethodCode>
                    <ns2:purchaseMethodName>Открытый конкурс</ns2:purchaseMethodName>
                    <ns2:digitalPurchase>false</ns2:digitalPurchase>
                </ns2:purchaseMethod>
                <ns2:purchaseMethod>
                    <ns2:purchaseMethodCode>3361</ns2:purchaseMethodCode>
                    <ns2:purchaseMethodName>Открытый аукцион в электронной форме</ns2:purchaseMethodName>
                    <ns2:digitalPurchase>true</ns2:digitalPurchase>
                </ns2:purchaseMethod>
                <ns2:purchaseMethod>
                    <ns2:purchaseMethodCode>3363</ns2:purchaseMethodCode>
                    <ns2:purchaseMethodName>Закупка у единственного поставщика (исполнителя, подрядчика)</ns2:purchaseMethodName>
                    <ns2:digitalPurchase>false</ns2:digitalPurchase>
                </ns2:purchaseMethod>
                <ns2:publicationDateTime>2017-03-21T09:53:37</ns2:publicationDateTime>
                <ns2:attachments>
                    <totalDocumentsCount>1</totalDocumentsCount>
                    <document>
                        <guid>e2fbee52-aa36-4c98-9070-671aaf53b866</guid>
                        <createDateTime>2017-03-21T07:53:00</createDateTime>
                        <fileName>Положение о закупках 115.pdf</fileName>
                        <description>Положение о закупках 115</description>
                        <url>http://zakupki.gov.ru/223/clause/public/download/download.html?id=952921</url>
                    </document>
                </ns2:attachments>
            </ns2:orderClauseData>
        </ns2:item>
    </ns2:body>
</ns2:orderClause>
