<?xml version="1.0" encoding="UTF-8" standalone="yes"?>
<ns2:purchaseNoticeEP xsi:schemaLocation="http://zakupki.gov.ru/223/integration/schema/TFF-5.2 http://zakupki.gov.ru/223/integration/schema/TFF-5.2/purchase.xsd" xmlns="http://zakupki.gov.ru/223fz/types/1" xmlns:ns10="http://zakupki.gov.ru/223fz/purchasePlanProjectAdditionalPosition/1" xmlns:ns11="http://zakupki.gov.ru/223fz/decisionSuspension/1" xmlns:ns12="http://zakupki.gov.ru/223fz/purchasePlanAdditionalPosition/1" xmlns:ns13="http://zakupki.gov.ru/223fz/reference/1" xmlns:ns14="http://zakupki.gov.ru/223fz/stopCommodity/1" xmlns:ns15="http://zakupki.gov.ru/223fz/machineryListInfo/1" xmlns:ns16="http://zakupki.gov.ru/223fz/revenue/1" xmlns:ns17="http://zakupki.gov.ru/223fz/orderClauseList/1" xmlns:ns18="http://zakupki.gov.ru/223fz/disagreementProtocol/1" xmlns:ns19="http://zakupki.gov.ru/223fz/webRequest/1" xmlns:ns2="http://zakupki.gov.ru/223fz/purchase/1" xmlns:xsi="http://www.w3.org/2001/XMLSchema-instance" xmlns:ns3="http://zakupki.gov.ru/223fz/dishonestSupplier/1" xmlns:ns4="http://zakupki.gov.ru/223fz/complaint/1" xmlns:ns5="http://zakupki.gov.ru/223fz/notificationIssue/1" xmlns:ns6="http://zakupki.gov.ru/223fz/purchasePlan/1" xmlns:ns7="http://zakupki.gov.ru/223fz/purchasePlanProject/1" xmlns:ns8="http://zakupki.gov.ru/223fz/contract/1" xmlns:ns9="http://zakupki.gov.ru/223fz/missedNotice/1">
    <header>
        <guid>ca49ecae-ac93-4938-a7b5-921668501752</guid>
        <createDateTime>2017-01-17T11:10:21</createDateTime>
    </header>
    <ns2:body>
        <ns2:item>
            <guid>52e0cdc4-42d5-4ac6-a20d-2716ea7e3d63</guid>
            <ns2:purchaseNoticeEPData>
                <ns2:guid>52e0cdc4-42d5-4ac6-a20d-2716ea7e3d63</ns2:guid>
                <ns2:createDateTime>2017-01-17T13:42:17</ns2:createDateTime>
                <ns2:urlOOS>https://zakupki.gov.ru/223/purchase/private/purchase/notice-info/details.html?noticeInfoId=5619195</ns2:urlOOS>
                <ns2:registrationNumber>31704674427</ns2:registrationNumber>
                <ns2:name>Поставка электрической энергии</ns2:name>
                <ns2:customer>
                    <mainInfo>
                        <fullName>АВТОНОМНОЕ УЧРЕЖДЕНИЕ ЗДРАВООХРАНЕНИЯ РЕСПУБЛИКИ АЛТАЙ "РЕСПУБЛИКАНСКАЯ СТОМАТОЛОГИЧЕСКАЯ ПОЛИКЛИНИКА"</fullName>
                        <shortName>АУЗРА "РСП"</shortName>
                        <iko>50411008292041101001</iko>
                        <inn>0411008292</inn>
                        <kpp>041101001</kpp>
                        <ogrn>1020400752635</ogrn>
                        <legalAddress>649000, Республика Алтай, Горно-Алтайск, Социалистическая, дом 19</legalAddress>
                        <postalAddress>649000, Республика Алтай, г. Горно-Алтайск, ул. Социалистическая, дом 19</postalAddress>
                        <phone>7-388-2221172</phone>
                        <fax>7-388-2227026</fax>
                        <email>guz.rsp@mail.ru</email>
                        <okato>84401000000</okato>
                        <okpo>16252695</okpo>
                    </mainInfo>
                </ns2:customer>
                <ns2:purchaseMethodCode>3363</ns2:purchaseMethodCode>
                <ns2:purchaseCodeName>Закупка у единственного поставщика (исполнителя, подрядчика)</ns2:purchaseCodeName>
                <ns2:placer>
                    <mainInfo>
                        <fullName>АВТОНОМНОЕ УЧРЕЖДЕНИЕ ЗДРАВООХРАНЕНИЯ РЕСПУБЛИКИ АЛТАЙ "РЕСПУБЛИКАНСКАЯ СТОМАТОЛОГИЧЕСКАЯ ПОЛИКЛИНИКА"</fullName>
                        <shortName>АУЗРА "РСП"</shortName>
                        <iko>50411008292041101001</iko>
                        <inn>0411008292</inn>
                        <kpp>041101001</kpp>
                        <ogrn>1020400752635</ogrn>
                        <legalAddress>649000, Республика Алтай, Горно-Алтайск, Социалистическая, дом 19</legalAddress>
                        <postalAddress>649000, Республика Алтай, г. Горно-Алтайск, ул. Социалистическая, дом 19</postalAddress>
                        <phone>7-388-2221172</phone>
                        <fax>7-388-2227026</fax>
                        <email>guz.rsp@mail.ru</email>
                        <okato>84401000000</okato>
                        <okpo>16252695</okpo>
                    </mainInfo>
                </ns2:placer>
                <ns2:contact>
                    <firstName>Ак-Санаа</firstName>
                    <middleName>Владимировна</middleName>
                    <lastName>Тайтакова</lastName>
                    <phone>+7 (38822) 21172</phone>
                    <fax>+7 (38822) 27026</fax>
                    <email>guz.rsp@mail.ru</email>
                    <organization>
                        <mainInfo>
                            <fullName>АВТОНОМНОЕ УЧРЕЖДЕНИЕ ЗДРАВООХРАНЕНИЯ РЕСПУБЛИКИ АЛТАЙ "РЕСПУБЛИКАНСКАЯ СТОМАТОЛОГИЧЕСКАЯ ПОЛИКЛИНИКА"</fullName>
                            <shortName>АУЗРА "РСП"</shortName>
                            <iko>50411008292041101001</iko>
                            <inn>0411008292</inn>
                            <kpp>041101001</kpp>
                            <ogrn>1020400752635</ogrn>
                            <legalAddress>649000, Республика Алтай, Горно-Алтайск, Социалистическая, дом 19</legalAddress>
                            <postalAddress>649000, Республика Алтай, г. Горно-Алтайск, ул. Социалистическая, дом 19</postalAddress>
                            <phone>7-388-2221172</phone>
                            <fax>7-388-2227026</fax>
                            <email>guz.rsp@mail.ru</email>
                            <okato>84401000000</okato>
                            <okpo>16252695</okpo>
                        </mainInfo>
                    </organization>
                </ns2:contact>
                <ns2:publicationDateTime>2017-01-17T14:10:21</ns2:publicationDateTime>
                <ns2:documentationDelivery>
                    <deliveryStartDateTime>2017-01-17</deliveryStartDateTime>
                    <deliveryEndDateTime>2017-01-18</deliveryEndDateTime>
                    <place>649000, Республика Алтай, г. Горно-Алтайск, ул . Социалистическая, 19, каб. 35</place>
                    <procedure>Доступна на официальном сайте в информационно-телекоммуникационной сети "Интернет"  www.zakupki.gov.ru  в электронном виде с момента размещения настоящего извещения</procedure>
                </ns2:documentationDelivery>
                <ns2:status>P</ns2:status>
                <ns2:version>1</ns2:version>
                <ns2:notDishonest>false</ns2:notDishonest>
                <ns2:attachments>
                    <totalDocumentsCount>2</totalDocumentsCount>
                    <document>
                        <guid>fe541388-fde8-4f6d-82d3-a1dd49b03004</guid>
                        <createDateTime>2017-01-17T11:09:24</createDateTime>
                        <fileName>Проект договора Энергосбыт.doc</fileName>
                        <description>Проект договора Энергосбыт</description>
                        <url>http://zakupki.gov.ru/223/purchase/public/download/download.html?id=28631478</url>
                    </document>
                    <document>
                        <guid>72cb1429-516b-45d6-b3a3-78d3f12ec2d1</guid>
                        <createDateTime>2017-01-17T11:08:43</createDateTime>
                        <fileName>Извещение 02.pdf</fileName>
                        <description>Извещение 02</description>
                        <url>http://zakupki.gov.ru/223/purchase/public/download/download.html?id=28631455</url>
                    </document>
                </ns2:attachments>
                <ns2:modificationDate>2017-01-17T14:10:21</ns2:modificationDate>
                <ns2:saveUserId>5491</ns2:saveUserId>
                <ns2:deliveryPlaceIndication>SINGLE_PLACE</ns2:deliveryPlaceIndication>
                <ns2:emergency>false</ns2:emergency>
                <ns2:jointPurchase>false</ns2:jointPurchase>
                <ns2:lots>
                    <lot>
                        <guid>f78be5cf-3610-40eb-b0d1-12dda27842ae</guid>
                        <ordinalNumber>1</ordinalNumber>
                        <lotEditEnabled>false</lotEditEnabled>
                        <lotData>
                            <subject>Поставка электрической энергии</subject>
                            <currency>
                                <code>RUB</code>
                                <digitalCode>643</digitalCode>
                                <name>Российский рубль</name>
                            </currency>
                            <initialSum>1127000.00</initialSum>
                            <deliveryPlace>
                                <state>Сибирский федеральный округ</state>
                                <region>Алтай Респ </region>
                                <regionOkato>84000000000</regionOkato>
                                <address>649000, Республика Алтай, г .Горно-Алтайск, ул. Социалистическая, 19</address>
                            </deliveryPlace>
                            <lotItems>
                                <newCodes>true</newCodes>
                                <lotItem>
                                    <guid>167fc048-749a-42d2-9ad4-67f9557429a3</guid>
                                    <ordinalNumber>1</ordinalNumber>
                                    <okpd2>
                                        <code>35.11.10</code>
                                        <name>Электроэнергия</name>
                                    </okpd2>
                                    <okved2>
                                        <code>35.14</code>
                                        <name>Торговля электроэнергией</name>
                                    </okved2>
                                    <okei>
                                        <code>245</code>
                                        <name>Киловатт-час</name>
                                    </okei>
                                    <qty>177200</qty>
                                </lotItem>
                            </lotItems>
                            <forSmallOrMiddle>false</forSmallOrMiddle>
                            <excludePurchaseFromPlan>false</excludePurchaseFromPlan>
                            <subcontractorsRequirement>false</subcontractorsRequirement>
                            <ignoredPurchase>false</ignoredPurchase>
                            <centralized>false</centralized>
                        </lotData>
                        <deliveryPlaceIndication>GL</deliveryPlaceIndication>
                        <jointLotData>
                            <jointLot>false</jointLot>
                        </jointLotData>
                        <lotPlanInfo>
                            <planRegistrationNumber>2160208654</planRegistrationNumber>
                            <planGuid>cc3f1fde-fc60-4ffd-8b22-3a9c4f066cc4</planGuid>
                            <positionNumber>2</positionNumber>
                            <lotPlanPosition>COMMODITY</lotPlanPosition>
                            <positionGuid>de96592a-78aa-4f6a-81a7-bca1a77b0701</positionGuid>
                        </lotPlanInfo>
                        <cancelled>false</cancelled>
                    </lot>
                </ns2:lots>
            </ns2:purchaseNoticeEPData>
        </ns2:item>
    </ns2:body>
</ns2:purchaseNoticeEP>
