<?xml version="1.0" encoding="UTF-8" standalone="yes"?>
<ns2:orderClause xsi:schemaLocation="http://zakupki.gov.ru/223/integration/schema/TFF-5.2 http://zakupki.gov.ru/223/integration/schema/TFF-5.2/orderClause.xsd" xmlns="http://zakupki.gov.ru/223fz/types/1" xmlns:ns10="http://zakupki.gov.ru/223fz/purchasePlanProject/1" xmlns:ns11="http://zakupki.gov.ru/223fz/purchase/1" xmlns:ns12="http://zakupki.gov.ru/223fz/purchasePlanProjectAdditionalPosition/1" xmlns:ns13="http://zakupki.gov.ru/223fz/contract/1" xmlns:ns14="http://zakupki.gov.ru/223fz/missedNotice/1" xmlns:ns15="http://zakupki.gov.ru/223fz/reference/1" xmlns:ns16="http://zakupki.gov.ru/223fz/stopCommodity/1" xmlns:ns17="http://zakupki.gov.ru/223fz/decisionSuspension/1" xmlns:ns18="http://zakupki.gov.ru/223fz/purchasePlanAdditionalPosition/1" xmlns:ns19="http://zakupki.gov.ru/223fz/webRequest/1" xmlns:ns2="http://zakupki.gov.ru/223fz/orderClauseList/1" xmlns:xsi="http://www.w3.org/2001/XMLSchema-instance" xmlns:ns3="http://zakupki.gov.ru/223fz/dishonestSupplier/1" xmlns:ns4="http://zakupki.gov.ru/223fz/machineryListInfo/1" xmlns:ns5="http://zakupki.gov.ru/223fz/revenue/1" xmlns:ns6="http://zakupki.gov.ru/223fz/disagreementProtocol/1" xmlns:ns7="http://zakupki.gov.ru/223fz/complaint/1" xmlns:ns8="http://zakupki.gov.ru/223fz/notificationIssue/1" xmlns:ns9="http://zakupki.gov.ru/223fz/purchasePlan/1">
    <header>
        <guid>8f651e90-988a-4145-ac8f-6688048bb45f</guid>
        <createDateTime>2017-03-16T07:50:30</createDateTime>
    </header>
    <ns2:body>
        <ns2:item>
            <guid>dc5a77aa-f000-4756-8b2f-859e78df43a0</guid>
            <ns2:orderClauseData>
                <ns2:guid>dc5a77aa-f000-4756-8b2f-859e78df43a0</ns2:guid>
                <ns2:createDateTime>2017-03-16T09:34:46</ns2:createDateTime>
                <ns2:urlOOS>https://zakupki.gov.ru/223/clause/private/order-clause/info/common-info.html?clauseInfoId=279775</ns2:urlOOS>
                <ns2:customer>
                    <mainInfo>
                        <fullName>ГОСУДАРСТВЕННОЕ АВТОНОМНОЕ УЧРЕЖДЕНИЕ СОЦИАЛЬНОГО ОБСЛУЖИВАНИЯ НАСЕЛЕНИЯ СВЕРДЛОВСКОЙ ОБЛАСТИ "ЦЕНТР СОЦИАЛЬНОЙ ПОМОЩИ СЕМЬЕ И ДЕТЯМ АРТЕМОВСКОГО РАЙОНА"</fullName>
                        <shortName>ГАУ "ЦСПСИД АРТЕМОВСКОГО РАЙОНА"</shortName>
                        <iko>56602008449660201001</iko>
                        <inn>6602008449</inn>
                        <kpp>667701001</kpp>
                        <ogrn>1026600581116</ogrn>
                        <legalAddress>623794, ОБЛ СВЕРДЛОВСКАЯ, П БУЛАНАШ, УЛ КУТУЗОВА, дом 23, корпус А</legalAddress>
                        <postalAddress>623794, Свердловская Область, Буланаш Поселок, Кутузова Улица, дом 23, корпус А</postalAddress>
                        <phone>7-34363-54744</phone>
                        <fax>7-34363-54744</fax>
                        <email>bulanach@mail.ru</email>
                        <okato>65202000001</okato>
                        <okpo>27713840</okpo>
                    </mainInfo>
                </ns2:customer>
                <ns2:placer>
                    <mainInfo>
                        <fullName>ГОСУДАРСТВЕННОЕ АВТОНОМНОЕ УЧРЕЖДЕНИЕ СОЦИАЛЬНОГО ОБСЛУЖИВАНИЯ НАСЕЛЕНИЯ СВЕРДЛОВСКОЙ ОБЛАСТИ "ЦЕНТР СОЦИАЛЬНОЙ ПОМОЩИ СЕМЬЕ И ДЕТЯМ АРТЕМОВСКОГО РАЙОНА"</fullName>
                        <shortName>ГАУ "ЦСПСИД АРТЕМОВСКОГО РАЙОНА"</shortName>
                        <iko>56602008449660201001</iko>
                        <inn>6602008449</inn>
                        <kpp>667701001</kpp>
                        <ogrn>1026600581116</ogrn>
                        <legalAddress>623794, ОБЛ СВЕРДЛОВСКАЯ, П БУЛАНАШ, УЛ КУТУЗОВА, дом 23, корпус А</legalAddress>
                        <postalAddress>623794, Свердловская Область, Буланаш Поселок, Кутузова Улица, дом 23, корпус А</postalAddress>
                        <phone>7-34363-54744</phone>
                        <fax>7-34363-54744</fax>
                        <email>bulanach@mail.ru</email>
                        <okato>65202000001</okato>
                        <okpo>27713840</okpo>
                    </mainInfo>
                </ns2:placer>
                <ns2:status>P</ns2:status>
                <ns2:version>2</ns2:version>
                <ns2:name>ПОЛОЖЕНИЕ о закупках товаров, работ, услуг для нужд государственного автономного учреждения социального обслуживания населения Свердловской области «Центр социальной помощи семье и детям Артемовского района»</ns2:name>
                <ns2:registrationNumber>1160103371</ns2:registrationNumber>
                <ns2:modificationDescription>В целях соблюдения положений Федерального закона от 18.07.2011 № 223-ФЗ «О закупках товаров, работ, услуг отдельными видами юридических лиц»</ns2:modificationDescription>
                <ns2:approveDate>2016-05-19</ns2:approveDate>
                <ns2:effectiveDate>2016-05-19</ns2:effectiveDate>
                <ns2:approverName>наблюдательный совет  государственного автономного учреждения социального обслуживания населения Свердловской области «Центр социальной помощи семье и детям Артемовского района»</ns2:approverName>
                <ns2:purchaseMethod>
                    <ns2:purchaseMethodCode>3359</ns2:purchaseMethodCode>
                    <ns2:purchaseMethodName>Открытый конкурс</ns2:purchaseMethodName>
                    <ns2:digitalPurchase>false</ns2:digitalPurchase>
                    <ns2:conditionsOfUse>Выбор поставщика (подрядчика, исполнителя) путем проведения конкурса может осуществляться, если предметом закупки не является простая и (или) стандартно сопоставимая продукция (товары, работы, услуги), первоочередное значение придается оценке квалификации и опыту поставщиков (подрядчиков, исполнителей) либо иным условиям поставки товаров (выполнения работ, оказания услуг).</ns2:conditionsOfUse>
                </ns2:purchaseMethod>
                <ns2:purchaseMethod>
                    <ns2:purchaseMethodCode>3362</ns2:purchaseMethodCode>
                    <ns2:purchaseMethodName>Запрос котировок</ns2:purchaseMethodName>
                    <ns2:digitalPurchase>false</ns2:digitalPurchase>
                    <ns2:conditionsOfUse>Выбор поставщика (подрядчика, исполнителя) путем проведения запроса котировок может осуществляться, если предметом закупки является поставка товаров, выполнение работ, оказание услуг, для которых есть функционирующий рынок, а максимальная цена договора составляет не более 1000000 (одного миллиона) рублей.</ns2:conditionsOfUse>
                </ns2:purchaseMethod>
                <ns2:purchaseMethod>
                    <ns2:purchaseMethodCode>3361</ns2:purchaseMethodCode>
                    <ns2:purchaseMethodName>Открытый аукцион в электронной форме</ns2:purchaseMethodName>
                    <ns2:digitalPurchase>true</ns2:digitalPurchase>
                    <ns2:conditionsOfUse>Является приоритетным способом закупки, который может применяться при закупках любых товаров, работ, услуг без ограничения суммы закупки. </ns2:conditionsOfUse>
                </ns2:purchaseMethod>
                <ns2:purchaseMethod>
                    <ns2:purchaseMethodCode>3363</ns2:purchaseMethodCode>
                    <ns2:purchaseMethodName>Закупка у единственного поставщика (исполнителя, подрядчика)</ns2:purchaseMethodName>
                    <ns2:digitalPurchase>false</ns2:digitalPurchase>
                    <ns2:conditionsOfUse>Закупка у единственного поставщика (подрядчика, исполнителя) может осуществляться в случае необходимости закупки товаров (работ, услуг) для нужд Заказчика стоимостью не более 600000 (шестисот тысяч) рублей, включая НДС, а также в иных случаях предусмотренных положением о закупках товаров, работ, услуг для нужд Заказчика.</ns2:conditionsOfUse>
                </ns2:purchaseMethod>
                <ns2:purchaseMethod>
                    <ns2:purchaseMethodCode>139414</ns2:purchaseMethodCode>
                    <ns2:purchaseMethodName>Запрос предложений</ns2:purchaseMethodName>
                    <ns2:digitalPurchase>false</ns2:digitalPurchase>
                    <ns2:conditionsOfUse>Выбор поставщика (подрядчика, исполнителя) путем проведения запроса предложений может осуществляться в следующих случаях:  при признании повторного конкурса, электронного аукциона не состоявшимися;  при осуществлении закупок лекарственных препаратов, которые необходимы для назначения пациенту при наличии медицинских показаний (индивидуальная непереносимость, по жизненным показаниям) по решению врачебной комиссии, которое фиксируется в медицинских документах пациента и журнале врачебной комиссии. При этом объем закупаемых лекарственных препаратов не должен превышать объем лекарственных препаратов, необходимых пациенту в течение срока лечения;  если предметом закупки является поставка товаров, выполнение работ, оказание услуг, начальная (максимальная) цена договора не превышает 1000000 (одного миллиона) рублей, а сложность продукции, работ, услуг или условий поставки, выполнения работ, оказания услуг не допускают проведения запроса котировок. Под сложной продукцией понимается продукция, в отношении которой выполняется хотя бы одно их условий (при ее закупке):  Заказчик не может однозначно описать требования к закупаемой продукции;  ожидаются предложения инновационных решений.</ns2:conditionsOfUse>
                </ns2:purchaseMethod>
                <ns2:publicationDateTime>2017-03-16T09:49:03</ns2:publicationDateTime>
                <ns2:attachments>
                    <totalDocumentsCount>2</totalDocumentsCount>
                    <document>
                        <guid>124a2748-4eaf-4d97-8a7d-ca73d0662e19</guid>
                        <createDateTime>2017-03-16T07:41:35</createDateTime>
                        <fileName>Перечень изм.в Полож.о закупках_ГАУ ЦСПСиД Артемовского района_16.03.2017.doc</fileName>
                        <description>Перечень изм.в Полож.о закупках_ГАУ ЦСПСиД Артемовского района_16.03.2017</description>
                        <url>http://zakupki.gov.ru/223/clause/public/download/download.html?id=950893</url>
                    </document>
                    <document>
                        <guid>99ffd57e-c451-4964-b871-3504f4e6b54b</guid>
                        <createDateTime>2017-03-16T07:41:58</createDateTime>
                        <fileName>Положение о закупках ГАУ ЦСПСиД Артемовского района_с изм.от 16.03.2017.docx</fileName>
                        <description>Положение о закупках ГАУ ЦСПСиД Артемовского района_с изм.от 16.03.2017</description>
                        <url>http://zakupki.gov.ru/223/clause/public/download/download.html?id=950894</url>
                    </document>
                </ns2:attachments>
            </ns2:orderClauseData>
        </ns2:item>
    </ns2:body>
</ns2:orderClause>
