<?xml version="1.0" encoding="UTF-8" standalone="yes"?>
<ns2:orderClause xsi:schemaLocation="http://zakupki.gov.ru/223/integration/schema/TFF-5.2 http://zakupki.gov.ru/223/integration/schema/TFF-5.2/orderClause.xsd" xmlns="http://zakupki.gov.ru/223fz/types/1" xmlns:ns10="http://zakupki.gov.ru/223fz/purchasePlanProject/1" xmlns:ns11="http://zakupki.gov.ru/223fz/purchase/1" xmlns:ns12="http://zakupki.gov.ru/223fz/purchasePlanProjectAdditionalPosition/1" xmlns:ns13="http://zakupki.gov.ru/223fz/contract/1" xmlns:ns14="http://zakupki.gov.ru/223fz/missedNotice/1" xmlns:ns15="http://zakupki.gov.ru/223fz/reference/1" xmlns:ns16="http://zakupki.gov.ru/223fz/stopCommodity/1" xmlns:ns17="http://zakupki.gov.ru/223fz/decisionSuspension/1" xmlns:ns18="http://zakupki.gov.ru/223fz/purchasePlanAdditionalPosition/1" xmlns:ns19="http://zakupki.gov.ru/223fz/webRequest/1" xmlns:ns2="http://zakupki.gov.ru/223fz/orderClauseList/1" xmlns:xsi="http://www.w3.org/2001/XMLSchema-instance" xmlns:ns3="http://zakupki.gov.ru/223fz/dishonestSupplier/1" xmlns:ns4="http://zakupki.gov.ru/223fz/machineryListInfo/1" xmlns:ns5="http://zakupki.gov.ru/223fz/revenue/1" xmlns:ns6="http://zakupki.gov.ru/223fz/disagreementProtocol/1" xmlns:ns7="http://zakupki.gov.ru/223fz/complaint/1" xmlns:ns8="http://zakupki.gov.ru/223fz/notificationIssue/1" xmlns:ns9="http://zakupki.gov.ru/223fz/purchasePlan/1">
    <header>
        <guid>421975c6-0eea-46d6-a5d4-698d36527128</guid>
        <createDateTime>2017-03-16T10:20:26</createDateTime>
    </header>
    <ns2:body>
        <ns2:item>
            <guid>80ea9b9a-e47e-4f3f-bf5a-e38060802923</guid>
            <ns2:orderClauseData>
                <ns2:guid>80ea9b9a-e47e-4f3f-bf5a-e38060802923</ns2:guid>
                <ns2:createDateTime>2017-03-16T12:06:25</ns2:createDateTime>
                <ns2:urlOOS>https://zakupki.gov.ru/223/clause/private/order-clause/info/common-info.html?clauseInfoId=279807</ns2:urlOOS>
                <ns2:customer>
                    <mainInfo>
                        <fullName>МУНИЦИПАЛЬНОЕ АВТОНОМНОЕ ОБЩЕОБРАЗОВАТЕЛЬНОЕ УЧРЕЖДЕНИЕ СРЕДНЯЯ ОБЩЕОБРАЗОВАТЕЛЬНАЯ ШКОЛА № 146</fullName>
                        <shortName>МАОУ СОШ № 146</shortName>
                        <iko>86660011257667001001</iko>
                        <inn>6660011257</inn>
                        <kpp>667001001</kpp>
                        <ogrn>1026604947423</ogrn>
                        <legalAddress>620041, обл СВЕРДЛОВСКАЯ, г ЕКАТЕРИНБУРГ, ул УРАЛЬСКАЯ, дом 50, корпус А</legalAddress>
                        <postalAddress>620041, Свердловская обл, Екатеринбург г, Уральская ул, дом 50, корпус а</postalAddress>
                        <phone>7-343-3416459</phone>
                        <fax>7-343-3416459</fax>
                        <email>school146@convex.ru</email>
                        <okato>65401373000</okato>
                        <okpo>36412385</okpo>
                    </mainInfo>
                </ns2:customer>
                <ns2:placer>
                    <mainInfo>
                        <fullName>МУНИЦИПАЛЬНОЕ АВТОНОМНОЕ ОБЩЕОБРАЗОВАТЕЛЬНОЕ УЧРЕЖДЕНИЕ СРЕДНЯЯ ОБЩЕОБРАЗОВАТЕЛЬНАЯ ШКОЛА № 146</fullName>
                        <shortName>МАОУ СОШ № 146</shortName>
                        <iko>86660011257667001001</iko>
                        <inn>6660011257</inn>
                        <kpp>667001001</kpp>
                        <ogrn>1026604947423</ogrn>
                        <legalAddress>620041, обл СВЕРДЛОВСКАЯ, г ЕКАТЕРИНБУРГ, ул УРАЛЬСКАЯ, дом 50, корпус А</legalAddress>
                        <postalAddress>620041, Свердловская обл, Екатеринбург г, Уральская ул, дом 50, корпус а</postalAddress>
                        <phone>7-343-3416459</phone>
                        <fax>7-343-3416459</fax>
                        <email>school146@convex.ru</email>
                        <okato>65401373000</okato>
                        <okpo>36412385</okpo>
                    </mainInfo>
                </ns2:placer>
                <ns2:status>P</ns2:status>
                <ns2:version>7</ns2:version>
                <ns2:name>Положение о закупке товаров,работ,услуг Муниципального автономного общеобразовательного учреждения средней общеобразовательной школы №146</ns2:name>
                <ns2:registrationNumber>1140044268</ns2:registrationNumber>
                <ns2:modificationDescription>Приведение способов закупки в соответствии с Положением о закупках токаров, работ, услуг</ns2:modificationDescription>
                <ns2:approveDate>2016-06-30</ns2:approveDate>
                <ns2:effectiveDate>2016-06-30</ns2:effectiveDate>
                <ns2:approverName>Наблюдательный совет МАОУ СОШ №146</ns2:approverName>
                <ns2:purchaseMethod>
                    <ns2:purchaseMethodCode>3363</ns2:purchaseMethodCode>
                    <ns2:purchaseMethodName>Закупка у единственного поставщика (исполнителя, подрядчика)</ns2:purchaseMethodName>
                    <ns2:digitalPurchase>false</ns2:digitalPurchase>
                </ns2:purchaseMethod>
                <ns2:purchaseMethod>
                    <ns2:purchaseMethodCode>3362</ns2:purchaseMethodCode>
                    <ns2:purchaseMethodName>Запрос котировок</ns2:purchaseMethodName>
                    <ns2:digitalPurchase>false</ns2:digitalPurchase>
                </ns2:purchaseMethod>
                <ns2:purchaseMethod>
                    <ns2:purchaseMethodCode>3361</ns2:purchaseMethodCode>
                    <ns2:purchaseMethodName>Открытый аукцион в электронной форме</ns2:purchaseMethodName>
                    <ns2:digitalPurchase>true</ns2:digitalPurchase>
                </ns2:purchaseMethod>
                <ns2:purchaseMethod>
                    <ns2:purchaseMethodCode>3360</ns2:purchaseMethodCode>
                    <ns2:purchaseMethodName>Открытый аукцион</ns2:purchaseMethodName>
                    <ns2:digitalPurchase>false</ns2:digitalPurchase>
                </ns2:purchaseMethod>
                <ns2:purchaseMethod>
                    <ns2:purchaseMethodCode>3359</ns2:purchaseMethodCode>
                    <ns2:purchaseMethodName>Открытый конкурс</ns2:purchaseMethodName>
                    <ns2:digitalPurchase>false</ns2:digitalPurchase>
                </ns2:purchaseMethod>
                <ns2:purchaseMethod>
                    <ns2:purchaseMethodCode>119089</ns2:purchaseMethodCode>
                    <ns2:purchaseMethodName>Запрос предложений</ns2:purchaseMethodName>
                    <ns2:digitalPurchase>false</ns2:digitalPurchase>
                </ns2:purchaseMethod>
                <ns2:purchaseMethod>
                    <ns2:purchaseMethodCode>167222</ns2:purchaseMethodCode>
                    <ns2:purchaseMethodName>Запрос ценовых котировок в электронной форме</ns2:purchaseMethodName>
                    <ns2:digitalPurchase>true</ns2:digitalPurchase>
                </ns2:purchaseMethod>
                <ns2:publicationDateTime>2017-03-16T12:19:37</ns2:publicationDateTime>
                <ns2:attachments>
                    <totalDocumentsCount>1</totalDocumentsCount>
                    <document>
                        <guid>9056e397-1a74-40cc-a305-3ff1d1563682</guid>
                        <createDateTime>2016-06-30T13:40:58</createDateTime>
                        <fileName>Положение о закупках МАОУ СОШ №146 2016г..pdf</fileName>
                        <description>Положение о закупках МАОУ СОШ №146 2016г.</description>
                        <url>http://zakupki.gov.ru/223/clause/public/download/download.html?id=951015</url>
                    </document>
                </ns2:attachments>
            </ns2:orderClauseData>
        </ns2:item>
    </ns2:body>
</ns2:orderClause>
