<?xml version="1.0" encoding="UTF-8" standalone="yes"?>
<ns2:orderClause xsi:schemaLocation="http://zakupki.gov.ru/223/integration/schema/TFF-5.2 http://zakupki.gov.ru/223/integration/schema/TFF-5.2/orderClause.xsd" xmlns="http://zakupki.gov.ru/223fz/types/1" xmlns:ns10="http://zakupki.gov.ru/223fz/purchasePlanProject/1" xmlns:ns11="http://zakupki.gov.ru/223fz/purchase/1" xmlns:ns12="http://zakupki.gov.ru/223fz/purchasePlanProjectAdditionalPosition/1" xmlns:ns13="http://zakupki.gov.ru/223fz/contract/1" xmlns:ns14="http://zakupki.gov.ru/223fz/missedNotice/1" xmlns:ns15="http://zakupki.gov.ru/223fz/reference/1" xmlns:ns16="http://zakupki.gov.ru/223fz/stopCommodity/1" xmlns:ns17="http://zakupki.gov.ru/223fz/decisionSuspension/1" xmlns:ns18="http://zakupki.gov.ru/223fz/purchasePlanAdditionalPosition/1" xmlns:ns19="http://zakupki.gov.ru/223fz/webRequest/1" xmlns:ns2="http://zakupki.gov.ru/223fz/orderClauseList/1" xmlns:xsi="http://www.w3.org/2001/XMLSchema-instance" xmlns:ns3="http://zakupki.gov.ru/223fz/dishonestSupplier/1" xmlns:ns4="http://zakupki.gov.ru/223fz/machineryListInfo/1" xmlns:ns5="http://zakupki.gov.ru/223fz/revenue/1" xmlns:ns6="http://zakupki.gov.ru/223fz/disagreementProtocol/1" xmlns:ns7="http://zakupki.gov.ru/223fz/complaint/1" xmlns:ns8="http://zakupki.gov.ru/223fz/notificationIssue/1" xmlns:ns9="http://zakupki.gov.ru/223fz/purchasePlan/1">
    <header>
        <guid>34cdc63c-6e69-4009-9c46-186981f35f60</guid>
        <createDateTime>2017-03-16T09:56:41</createDateTime>
    </header>
    <ns2:body>
        <ns2:item>
            <guid>e9ec68d4-40bb-472c-8f60-4daf9a856463</guid>
            <ns2:orderClauseData>
                <ns2:guid>e9ec68d4-40bb-472c-8f60-4daf9a856463</ns2:guid>
                <ns2:createDateTime>2017-03-16T11:39:08</ns2:createDateTime>
                <ns2:urlOOS>https://zakupki.gov.ru/223/clause/private/order-clause/info/common-info.html?clauseInfoId=279799</ns2:urlOOS>
                <ns2:customer>
                    <mainInfo>
                        <fullName>ГОСУДАРСТВЕННОЕ АВТОНОМНОЕ УЧРЕЖДЕНИЕ СОЦИАЛЬНОГО ОБСЛУЖИВАНИЯ НАСЕЛЕНИЯ СВЕРДЛОВСКОЙ ОБЛАСТИ "СОЦИАЛЬНО-РЕАБИЛИТАЦИОННЫЙ ЦЕНТР ДЛЯ НЕСОВЕРШЕННОЛЕТНИХ ГОРОДА КАМЕНСКА-УРАЛЬСКОГО"</fullName>
                        <shortName>ГАУ "СРЦН Г КАМЕНСКА-УРАЛЬСКОГО"</shortName>
                        <iko>56666007465661201001</iko>
                        <inn>6666007465</inn>
                        <kpp>661201001</kpp>
                        <ogrn>1026600936548</ogrn>
                        <legalAddress>623401, ОБЛ СВЕРДЛОВСКАЯ, Г КАМЕНСК-УРАЛЬСКИЙ, УЛ О.КОШЕВОГО, дом 19</legalAddress>
                        <postalAddress>623401ОБЛ СВЕРДЛОВСКАЯ, Г КАМЕНСК-УРАЛЬСКИЙ, УЛ О.КОШЕВОГО, 19</postalAddress>
                        <phone>+7(3439)396383</phone>
                        <email>soc080@egov66.ru</email>
                        <okato>65436369000</okato>
                        <okpo>39908038</okpo>
                    </mainInfo>
                </ns2:customer>
                <ns2:placer>
                    <mainInfo>
                        <fullName>ГОСУДАРСТВЕННОЕ АВТОНОМНОЕ УЧРЕЖДЕНИЕ СОЦИАЛЬНОГО ОБСЛУЖИВАНИЯ НАСЕЛЕНИЯ СВЕРДЛОВСКОЙ ОБЛАСТИ "СОЦИАЛЬНО-РЕАБИЛИТАЦИОННЫЙ ЦЕНТР ДЛЯ НЕСОВЕРШЕННОЛЕТНИХ ГОРОДА КАМЕНСКА-УРАЛЬСКОГО"</fullName>
                        <shortName>ГАУ "СРЦН Г КАМЕНСКА-УРАЛЬСКОГО"</shortName>
                        <iko>56666007465661201001</iko>
                        <inn>6666007465</inn>
                        <kpp>661201001</kpp>
                        <ogrn>1026600936548</ogrn>
                        <legalAddress>623401, ОБЛ СВЕРДЛОВСКАЯ, Г КАМЕНСК-УРАЛЬСКИЙ, УЛ О.КОШЕВОГО, дом 19</legalAddress>
                        <postalAddress>623401ОБЛ СВЕРДЛОВСКАЯ, Г КАМЕНСК-УРАЛЬСКИЙ, УЛ О.КОШЕВОГО, 19</postalAddress>
                        <phone>+7(3439)396383</phone>
                        <email>soc080@egov66.ru</email>
                        <okato>65436369000</okato>
                        <okpo>39908038</okpo>
                    </mainInfo>
                </ns2:placer>
                <ns2:status>P</ns2:status>
                <ns2:version>1</ns2:version>
                <ns2:name>Положение о закупках товаров, работ, услуг для нужд государственного автономного учреждения социального обслуживания населения Свердловской области "Социально-реабилитационный центр для несовершеннолетних города Каменска-Уральского"</ns2:name>
                <ns2:registrationNumber>1170122995</ns2:registrationNumber>
                <ns2:approveDate>2017-02-22</ns2:approveDate>
                <ns2:effectiveDate>2017-02-22</ns2:effectiveDate>
                <ns2:approverName>Наблюдательный совет ГАУ "СРЦН г. Каменска-Уральского"</ns2:approverName>
                <ns2:contractSignProcedure>согласно Положения</ns2:contractSignProcedure>
                <ns2:purchaseMethod>
                    <ns2:purchaseMethodCode>3360</ns2:purchaseMethodCode>
                    <ns2:purchaseMethodName>Открытый аукцион</ns2:purchaseMethodName>
                    <ns2:digitalPurchase>false</ns2:digitalPurchase>
                </ns2:purchaseMethod>
                <ns2:purchaseMethod>
                    <ns2:purchaseMethodCode>3361</ns2:purchaseMethodCode>
                    <ns2:purchaseMethodName>Открытый аукцион в электронной форме</ns2:purchaseMethodName>
                    <ns2:digitalPurchase>true</ns2:digitalPurchase>
                </ns2:purchaseMethod>
                <ns2:purchaseMethod>
                    <ns2:purchaseMethodCode>3362</ns2:purchaseMethodCode>
                    <ns2:purchaseMethodName>Запрос котировок</ns2:purchaseMethodName>
                    <ns2:digitalPurchase>false</ns2:digitalPurchase>
                </ns2:purchaseMethod>
                <ns2:purchaseMethod>
                    <ns2:purchaseMethodCode>3363</ns2:purchaseMethodCode>
                    <ns2:purchaseMethodName>Закупка у единственного поставщика (исполнителя, подрядчика)</ns2:purchaseMethodName>
                    <ns2:digitalPurchase>false</ns2:digitalPurchase>
                </ns2:purchaseMethod>
                <ns2:purchaseMethod>
                    <ns2:purchaseMethodCode>47525</ns2:purchaseMethodCode>
                    <ns2:purchaseMethodName>Открытый аукцион в электронной форме (по 94ФЗ)</ns2:purchaseMethodName>
                    <ns2:digitalPurchase>true</ns2:digitalPurchase>
                </ns2:purchaseMethod>
                <ns2:purchaseMethod>
                    <ns2:purchaseMethodCode>3359</ns2:purchaseMethodCode>
                    <ns2:purchaseMethodName>Открытый конкурс</ns2:purchaseMethodName>
                    <ns2:digitalPurchase>false</ns2:digitalPurchase>
                </ns2:purchaseMethod>
                <ns2:publicationDateTime>2017-03-16T11:50:16</ns2:publicationDateTime>
                <ns2:attachments>
                    <totalDocumentsCount>1</totalDocumentsCount>
                    <document>
                        <guid>2a223227-6b04-452e-b125-3a7bee3a722c</guid>
                        <createDateTime>2017-03-16T09:46:40</createDateTime>
                        <fileName>Положение о закупках.pdf</fileName>
                        <description>Положение о закупках</description>
                        <url>http://zakupki.gov.ru/223/clause/public/download/download.html?id=950985</url>
                    </document>
                </ns2:attachments>
            </ns2:orderClauseData>
        </ns2:item>
    </ns2:body>
</ns2:orderClause>
