<?xml version="1.0" encoding="UTF-8" standalone="yes"?>
<ns2:orderClause xsi:schemaLocation="http://zakupki.gov.ru/223/integration/schema/TFF-5.2 http://zakupki.gov.ru/223/integration/schema/TFF-5.2/orderClause.xsd" xmlns="http://zakupki.gov.ru/223fz/types/1" xmlns:ns10="http://zakupki.gov.ru/223fz/notificationIssue/1" xmlns:ns11="http://zakupki.gov.ru/223fz/purchasePlanProject/1" xmlns:ns12="http://zakupki.gov.ru/223fz/purchase/1" xmlns:ns13="http://zakupki.gov.ru/223fz/purchasePlanProjectAdditionalPosition/1" xmlns:ns14="http://zakupki.gov.ru/223fz/contract/1" xmlns:ns15="http://zakupki.gov.ru/223fz/missedNotice/1" xmlns:ns16="http://zakupki.gov.ru/223fz/reference/1" xmlns:ns17="http://zakupki.gov.ru/223fz/stopCommodity/1" xmlns:ns18="http://zakupki.gov.ru/223fz/decisionSuspension/1" xmlns:ns19="http://zakupki.gov.ru/223fz/webRequest/1" xmlns:ns2="http://zakupki.gov.ru/223fz/orderClauseList/1" xmlns:xsi="http://www.w3.org/2001/XMLSchema-instance" xmlns:ns3="http://zakupki.gov.ru/223fz/dishonestSupplier/1" xmlns:ns4="http://zakupki.gov.ru/223fz/purchasePlanAdditionalPosition/1" xmlns:ns5="http://zakupki.gov.ru/223fz/purchasePlan/1" xmlns:ns6="http://zakupki.gov.ru/223fz/machineryListInfo/1" xmlns:ns7="http://zakupki.gov.ru/223fz/revenue/1" xmlns:ns8="http://zakupki.gov.ru/223fz/disagreementProtocol/1" xmlns:ns9="http://zakupki.gov.ru/223fz/complaint/1">
    <header>
        <guid>65e5d9c7-c686-4e19-b53f-a7886181565f</guid>
        <createDateTime>2017-03-27T09:01:18</createDateTime>
    </header>
    <ns2:body>
        <ns2:item>
            <guid>597e17b0-ad19-4756-8514-ad416fad7f96</guid>
            <ns2:orderClauseData>
                <ns2:guid>597e17b0-ad19-4756-8514-ad416fad7f96</ns2:guid>
                <ns2:createDateTime>2017-03-27T10:57:16</ns2:createDateTime>
                <ns2:urlOOS>https://zakupki.gov.ru/223/clause/private/order-clause/info/common-info.html?clauseInfoId=280956</ns2:urlOOS>
                <ns2:customer>
                    <mainInfo>
                        <fullName>МУНИЦИПАЛЬНОЕ УНИТАРНОЕ ПРЕДПРИЯТИЕ "БЛАГОУСТРОЙСТВО"</fullName>
                        <shortName>МУП "БЛАГОУСТРОЙСТВО"</shortName>
                        <iko>56605007940660501001</iko>
                        <inn>6605007940</inn>
                        <kpp>660501001</kpp>
                        <ogrn>1036600221800</ogrn>
                        <legalAddress>623530, обл СВЕРДЛОВСКАЯ, г БОГДАНОВИЧ, ул ГАГАРИНА, дом 3</legalAddress>
                        <postalAddress>623530, Свердловская область, г.Богданович, ул. Гагарина, 3</postalAddress>
                        <phone>7-34376-23082</phone>
                        <fax>7-34376-23089</fax>
                        <email>mpbg@yandex.ru</email>
                        <okato>65416000000</okato>
                        <okpo>70784902</okpo>
                    </mainInfo>
                </ns2:customer>
                <ns2:placer>
                    <mainInfo>
                        <fullName>МУНИЦИПАЛЬНОЕ УНИТАРНОЕ ПРЕДПРИЯТИЕ "БЛАГОУСТРОЙСТВО"</fullName>
                        <shortName>МУП "БЛАГОУСТРОЙСТВО"</shortName>
                        <iko>56605007940660501001</iko>
                        <inn>6605007940</inn>
                        <kpp>660501001</kpp>
                        <ogrn>1036600221800</ogrn>
                        <legalAddress>623530, обл СВЕРДЛОВСКАЯ, г БОГДАНОВИЧ, ул ГАГАРИНА, дом 3</legalAddress>
                        <postalAddress>623530, Свердловская область, г.Богданович, ул. Гагарина, 3</postalAddress>
                        <phone>7-34376-23082</phone>
                        <fax>7-34376-23089</fax>
                        <email>mpbg@yandex.ru</email>
                        <okato>65416000000</okato>
                        <okpo>70784902</okpo>
                    </mainInfo>
                </ns2:placer>
                <ns2:status>P</ns2:status>
                <ns2:version>5</ns2:version>
                <ns2:name>Положение о закупках, товаров, работ, услуг</ns2:name>
                <ns2:registrationNumber>1130013577</ns2:registrationNumber>
                <ns2:modificationDescription>внесение изменений и дополнений  </ns2:modificationDescription>
                <ns2:approveDate>2013-03-13</ns2:approveDate>
                <ns2:effectiveDate>2013-03-13</ns2:effectiveDate>
                <ns2:approverName>директор МУП "Благоустройство"</ns2:approverName>
                <ns2:purchaseMethod>
                    <ns2:purchaseMethodCode>37383</ns2:purchaseMethodCode>
                    <ns2:purchaseMethodName>запрос цен</ns2:purchaseMethodName>
                    <ns2:digitalPurchase>false</ns2:digitalPurchase>
                    <ns2:conditionsOfUse>до 3 000 000</ns2:conditionsOfUse>
                </ns2:purchaseMethod>
                <ns2:purchaseMethod>
                    <ns2:purchaseMethodCode>3362</ns2:purchaseMethodCode>
                    <ns2:purchaseMethodName>Запрос котировок</ns2:purchaseMethodName>
                    <ns2:digitalPurchase>false</ns2:digitalPurchase>
                    <ns2:conditionsOfUse>до 3 000 000</ns2:conditionsOfUse>
                </ns2:purchaseMethod>
                <ns2:purchaseMethod>
                    <ns2:purchaseMethodCode>3361</ns2:purchaseMethodCode>
                    <ns2:purchaseMethodName>Открытый аукцион в электронной форме</ns2:purchaseMethodName>
                    <ns2:digitalPurchase>true</ns2:digitalPurchase>
                </ns2:purchaseMethod>
                <ns2:purchaseMethod>
                    <ns2:purchaseMethodCode>3360</ns2:purchaseMethodCode>
                    <ns2:purchaseMethodName>Открытый аукцион</ns2:purchaseMethodName>
                    <ns2:digitalPurchase>false</ns2:digitalPurchase>
                </ns2:purchaseMethod>
                <ns2:purchaseMethod>
                    <ns2:purchaseMethodCode>3359</ns2:purchaseMethodCode>
                    <ns2:purchaseMethodName>Открытый конкурс</ns2:purchaseMethodName>
                    <ns2:digitalPurchase>false</ns2:digitalPurchase>
                </ns2:purchaseMethod>
                <ns2:purchaseMethod>
                    <ns2:purchaseMethodCode>40286</ns2:purchaseMethodCode>
                    <ns2:purchaseMethodName>запрос цен в электронной форме</ns2:purchaseMethodName>
                    <ns2:digitalPurchase>true</ns2:digitalPurchase>
                </ns2:purchaseMethod>
                <ns2:purchaseMethod>
                    <ns2:purchaseMethodCode>3363</ns2:purchaseMethodCode>
                    <ns2:purchaseMethodName>Закупка у единственного поставщика (исполнителя, подрядчика)</ns2:purchaseMethodName>
                    <ns2:digitalPurchase>false</ns2:digitalPurchase>
                    <ns2:conditionsOfUse>до 800 000</ns2:conditionsOfUse>
                </ns2:purchaseMethod>
                <ns2:publicationDateTime>2017-03-27T11:01:04</ns2:publicationDateTime>
                <ns2:attachments>
                    <totalDocumentsCount>1</totalDocumentsCount>
                    <document>
                        <guid>60382bce-bad4-4c8b-82de-4f057b87e9a0</guid>
                        <createDateTime>2017-03-27T08:59:43</createDateTime>
                        <fileName>новое положение.rtf</fileName>
                        <description>новое положение</description>
                        <url>http://zakupki.gov.ru/223/clause/public/download/download.html?id=956029</url>
                    </document>
                </ns2:attachments>
            </ns2:orderClauseData>
        </ns2:item>
    </ns2:body>
</ns2:orderClause>
