<?xml version="1.0" encoding="UTF-8" standalone="yes"?>
<ns2:purchaseNoticeEP xsi:schemaLocation="http://zakupki.gov.ru/223/integration/schema/TFF-5.2 http://zakupki.gov.ru/223/integration/schema/TFF-5.2/purchase.xsd" xmlns="http://zakupki.gov.ru/223fz/types/1" xmlns:ns10="http://zakupki.gov.ru/223fz/reference/1" xmlns:ns11="http://zakupki.gov.ru/223fz/stopCommodity/1" xmlns:ns12="http://zakupki.gov.ru/223fz/decisionSuspension/1" xmlns:ns13="http://zakupki.gov.ru/223fz/purchasePlanAdditionalPosition/1" xmlns:ns14="http://zakupki.gov.ru/223fz/machineryListInfo/1" xmlns:ns15="http://zakupki.gov.ru/223fz/revenue/1" xmlns:ns16="http://zakupki.gov.ru/223fz/orderClauseList/1" xmlns:ns17="http://zakupki.gov.ru/223fz/disagreementProtocol/1" xmlns:ns18="http://zakupki.gov.ru/223fz/complaint/1" xmlns:ns19="http://zakupki.gov.ru/223fz/webRequest/1" xmlns:ns2="http://zakupki.gov.ru/223fz/purchase/1" xmlns:xsi="http://www.w3.org/2001/XMLSchema-instance" xmlns:ns3="http://zakupki.gov.ru/223fz/dishonestSupplier/1" xmlns:ns4="http://zakupki.gov.ru/223fz/notificationIssue/1" xmlns:ns5="http://zakupki.gov.ru/223fz/purchasePlan/1" xmlns:ns6="http://zakupki.gov.ru/223fz/purchasePlanProject/1" xmlns:ns7="http://zakupki.gov.ru/223fz/purchasePlanProjectAdditionalPosition/1" xmlns:ns8="http://zakupki.gov.ru/223fz/contract/1" xmlns:ns9="http://zakupki.gov.ru/223fz/missedNotice/1">
    <header>
        <guid>0fafa2ae-3fff-460e-b4e6-c779c586fb58</guid>
        <createDateTime>2017-01-31T09:34:31</createDateTime>
    </header>
    <ns2:body>
        <ns2:item>
            <guid>d62ec5e5-dc51-4eb4-9045-7f6d48155679</guid>
            <ns2:purchaseNoticeEPData>
                <ns2:guid>d62ec5e5-dc51-4eb4-9045-7f6d48155679</ns2:guid>
                <ns2:createDateTime>2017-01-31T12:25:18</ns2:createDateTime>
                <ns2:urlOOS>https://zakupki.gov.ru/223/purchase/private/purchase/notice-info/details.html?noticeInfoId=5681581</ns2:urlOOS>
                <ns2:registrationNumber>31704731919</ns2:registrationNumber>
                <ns2:name>Закупка у единственного поставщика по договору на оказание охранных услуг</ns2:name>
                <ns2:customer>
                    <mainInfo>
                        <fullName>АВТОНОМНОЕ УЧРЕЖДЕНИЕ РЕСПУБЛИКИ АЛТАЙ "КАРАКОКША ЛЕС"</fullName>
                        <shortName>АУ РА "КАРАКОКША ЛЕС"</shortName>
                        <iko>50409910640040901001</iko>
                        <inn>0409910640</inn>
                        <kpp>041101001</kpp>
                        <ogrn>1090411003099</ogrn>
                        <legalAddress>649184, РЕСП АЛТАЙ, С КАРАКОКША, УЛ СОВЕТСКАЯ, дом 23</legalAddress>
                        <postalAddress>649184, Республика Алтай, Чойский район, село Каракокша, ул. Советская, 23</postalAddress>
                        <phone>7-38840-24444</phone>
                        <fax>7-38840-24347</fax>
                        <email>karakokshales@mail.ru</email>
                        <okato>84245830001</okato>
                        <okpo>83646998</okpo>
                    </mainInfo>
                </ns2:customer>
                <ns2:purchaseMethodCode>3363</ns2:purchaseMethodCode>
                <ns2:purchaseCodeName>Закупка у единственного поставщика (исполнителя, подрядчика)</ns2:purchaseCodeName>
                <ns2:placer>
                    <mainInfo>
                        <fullName>АВТОНОМНОЕ УЧРЕЖДЕНИЕ РЕСПУБЛИКИ АЛТАЙ "КАРАКОКША ЛЕС"</fullName>
                        <shortName>АУ РА "КАРАКОКША ЛЕС"</shortName>
                        <iko>50409910640040901001</iko>
                        <inn>0409910640</inn>
                        <kpp>041101001</kpp>
                        <ogrn>1090411003099</ogrn>
                        <legalAddress>649184, РЕСП АЛТАЙ, С КАРАКОКША, УЛ СОВЕТСКАЯ, дом 23</legalAddress>
                        <postalAddress>649184, Республика Алтай, Чойский район, село Каракокша, ул. Советская, 23</postalAddress>
                        <phone>7-38840-24444</phone>
                        <fax>7-38840-24347</fax>
                        <email>karakokshales@mail.ru</email>
                        <okato>84245830001</okato>
                        <okpo>83646998</okpo>
                    </mainInfo>
                </ns2:placer>
                <ns2:contact>
                    <firstName>Людмила</firstName>
                    <middleName>Ивановна</middleName>
                    <lastName>Шодиева</lastName>
                    <phone>+07 (38840) 24444</phone>
                    <fax>+07 (38840) 24347</fax>
                    <email>karakokshales@mail.ru</email>
                    <organization>
                        <mainInfo>
                            <fullName>АВТОНОМНОЕ УЧРЕЖДЕНИЕ РЕСПУБЛИКИ АЛТАЙ "КАРАКОКША ЛЕС"</fullName>
                            <shortName>АУ РА "КАРАКОКША ЛЕС"</shortName>
                            <iko>50409910640040901001</iko>
                            <inn>0409910640</inn>
                            <kpp>041101001</kpp>
                            <ogrn>1090411003099</ogrn>
                            <legalAddress>649184, РЕСП АЛТАЙ, С КАРАКОКША, УЛ СОВЕТСКАЯ, дом 23</legalAddress>
                            <postalAddress>649184, Республика Алтай, Чойский район, село Каракокша, ул. Советская, 23</postalAddress>
                            <phone>7-38840-24444</phone>
                            <fax>7-38840-24347</fax>
                            <email>karakokshales@mail.ru</email>
                            <okato>84245830001</okato>
                            <okpo>83646998</okpo>
                        </mainInfo>
                    </organization>
                </ns2:contact>
                <ns2:publicationDateTime>2017-01-31T12:34:31</ns2:publicationDateTime>
                <ns2:documentationDelivery>
                    <place>не предусмотрено</place>
                    <procedure>не предусмотрен</procedure>
                </ns2:documentationDelivery>
                <ns2:status>P</ns2:status>
                <ns2:version>1</ns2:version>
                <ns2:notDishonest>false</ns2:notDishonest>
                <ns2:attachments>
                    <totalDocumentsCount>2</totalDocumentsCount>
                    <document>
                        <guid>e9b28e03-c6a6-4b7c-a5b6-3aa9b0aa9170</guid>
                        <createDateTime>2017-01-31T09:32:18</createDateTime>
                        <fileName>Договор на оказание охранных услуг.doc</fileName>
                        <description>Договор на оказание охранных услуг</description>
                        <url>http://zakupki.gov.ru/223/purchase/public/download/download.html?id=28957060</url>
                    </document>
                    <document>
                        <guid>11dafabd-3c7c-41d8-9ce0-8f366811734c</guid>
                        <createDateTime>2017-01-31T09:31:20</createDateTime>
                        <fileName>Документация о закупке.docx</fileName>
                        <description>Документация о закупке у единственного поставщика по договору на оказание охранных услуг</description>
                        <url>http://zakupki.gov.ru/223/purchase/public/download/download.html?id=28956973</url>
                    </document>
                </ns2:attachments>
                <ns2:modificationDate>2017-01-31T12:34:31</ns2:modificationDate>
                <ns2:saveUserId>215397</ns2:saveUserId>
                <ns2:deliveryPlaceIndication>SINGLE_PLACE</ns2:deliveryPlaceIndication>
                <ns2:emergency>false</ns2:emergency>
                <ns2:jointPurchase>false</ns2:jointPurchase>
                <ns2:lots>
                    <lot>
                        <guid>80df6f36-0a74-45c4-9651-268b01b54b76</guid>
                        <ordinalNumber>1</ordinalNumber>
                        <lotEditEnabled>false</lotEditEnabled>
                        <lotData>
                            <subject>Договор на оказание охранных услуг</subject>
                            <currency>
                                <code>RUB</code>
                                <digitalCode>643</digitalCode>
                                <name>Российский рубль</name>
                            </currency>
                            <initialSum>384480.00</initialSum>
                            <deliveryPlace>
                                <state>Сибирский федеральный округ</state>
                                <region>Алтай Респ </region>
                                <regionOkato>84000000000</regionOkato>
                                <address>649184, Республика Алтай, Чойский район, село Сейка</address>
                            </deliveryPlace>
                            <lotItems>
                                <newCodes>true</newCodes>
                                <lotItem>
                                    <guid>a55d9f32-f78e-4b06-b02c-81579bdb7ec0</guid>
                                    <ordinalNumber>1</ordinalNumber>
                                    <okpd2>
                                        <code>80.10.12.000</code>
                                        <name>Услуги охраны</name>
                                    </okpd2>
                                    <okved2>
                                        <code>02.10</code>
                                        <name>Лесоводство и прочая лесохозяйственная деятельность</name>
                                    </okved2>
                                    <okei>
                                        <code>362</code>
                                        <name>Месяц</name>
                                    </okei>
                                    <qty>3</qty>
                                </lotItem>
                            </lotItems>
                            <forSmallOrMiddle>false</forSmallOrMiddle>
                            <excludePurchaseFromPlan>false</excludePurchaseFromPlan>
                            <subcontractorsRequirement>false</subcontractorsRequirement>
                            <ignoredPurchase>false</ignoredPurchase>
                            <centralized>false</centralized>
                        </lotData>
                        <deliveryPlaceIndication>GL</deliveryPlaceIndication>
                        <jointLotData>
                            <jointLot>false</jointLot>
                        </jointLotData>
                        <lotPlanInfo>
                            <planRegistrationNumber>2160214270</planRegistrationNumber>
                            <planGuid>141a059b-b770-4c15-856b-1f894ccdb3ec</planGuid>
                            <positionNumber>1</positionNumber>
                            <lotPlanPosition>COMMODITY</lotPlanPosition>
                            <positionGuid>4dfb2378-ed21-43c3-8f2a-51e332a9eed4</positionGuid>
                        </lotPlanInfo>
                        <cancelled>false</cancelled>
                    </lot>
                </ns2:lots>
            </ns2:purchaseNoticeEPData>
        </ns2:item>
    </ns2:body>
</ns2:purchaseNoticeEP>
