<?xml version="1.0" encoding="UTF-8" standalone="yes"?>
<ns2:purchaseNoticeEP xsi:schemaLocation="http://zakupki.gov.ru/223/integration/schema/TFF-5.2 http://zakupki.gov.ru/223/integration/schema/TFF-5.2/purchase.xsd" xmlns="http://zakupki.gov.ru/223fz/types/1" xmlns:ns10="http://zakupki.gov.ru/223fz/reference/1" xmlns:ns11="http://zakupki.gov.ru/223fz/stopCommodity/1" xmlns:ns12="http://zakupki.gov.ru/223fz/decisionSuspension/1" xmlns:ns13="http://zakupki.gov.ru/223fz/purchasePlanAdditionalPosition/1" xmlns:ns14="http://zakupki.gov.ru/223fz/machineryListInfo/1" xmlns:ns15="http://zakupki.gov.ru/223fz/revenue/1" xmlns:ns16="http://zakupki.gov.ru/223fz/orderClauseList/1" xmlns:ns17="http://zakupki.gov.ru/223fz/disagreementProtocol/1" xmlns:ns18="http://zakupki.gov.ru/223fz/complaint/1" xmlns:ns19="http://zakupki.gov.ru/223fz/webRequest/1" xmlns:ns2="http://zakupki.gov.ru/223fz/purchase/1" xmlns:xsi="http://www.w3.org/2001/XMLSchema-instance" xmlns:ns3="http://zakupki.gov.ru/223fz/dishonestSupplier/1" xmlns:ns4="http://zakupki.gov.ru/223fz/notificationIssue/1" xmlns:ns5="http://zakupki.gov.ru/223fz/purchasePlan/1" xmlns:ns6="http://zakupki.gov.ru/223fz/purchasePlanProject/1" xmlns:ns7="http://zakupki.gov.ru/223fz/purchasePlanProjectAdditionalPosition/1" xmlns:ns8="http://zakupki.gov.ru/223fz/contract/1" xmlns:ns9="http://zakupki.gov.ru/223fz/missedNotice/1">
    <header>
        <guid>c55369b5-1b2d-420f-934f-7df628023f90</guid>
        <createDateTime>2017-01-31T13:17:01</createDateTime>
    </header>
    <ns2:body>
        <ns2:item>
            <guid>e4dbb7ec-a0ba-404f-978f-bcf8cede5c17</guid>
            <ns2:purchaseNoticeEPData>
                <ns2:guid>e4dbb7ec-a0ba-404f-978f-bcf8cede5c17</ns2:guid>
                <ns2:createDateTime>2017-01-26T23:05:24</ns2:createDateTime>
                <ns2:urlOOS>https://zakupki.gov.ru/223/purchase/private/purchase/notice-info/details.html?noticeInfoId=5660525</ns2:urlOOS>
                <ns2:registrationNumber>31704734689</ns2:registrationNumber>
                <ns2:name>оказание услуг  теплоснабжения</ns2:name>
                <ns2:customer>
                    <mainInfo>
                        <fullName>МУНИЦИПАЛЬНОЕ АВТОНОМНОЕ ОБЩЕОБРАЗОВАТЕЛЬНОЕ УЧРЕЖДЕНИЕ "КАДЕТСКАЯ ШКОЛА № 4 Г. ГОРНО-АЛТАЙСКА"</fullName>
                        <shortName>МАОУ "КАДЕТСКАЯ ШКОЛА № 4 Г. ГОРНО-АЛТАЙСКА"</shortName>
                        <iko>50411091170041101001</iko>
                        <inn>0411091170</inn>
                        <kpp>041101001</kpp>
                        <ogrn>1020400754560</ogrn>
                        <legalAddress>649002, АЛТАЙ, ГОРНО-АЛТАЙСК, КОММУНИСТИЧЕСКИЙ, дом 93</legalAddress>
                        <postalAddress>РФ Республика Алтай г.Горно-Алтайск пр-кт Коммунистический 93</postalAddress>
                        <phone>7-38822-49209</phone>
                        <fax>7-38822-49221</fax>
                        <email>school4.g-altay@rambler.ru</email>
                        <okato>84401000000</okato>
                        <okpo>56036748</okpo>
                    </mainInfo>
                </ns2:customer>
                <ns2:purchaseMethodCode>3363</ns2:purchaseMethodCode>
                <ns2:purchaseCodeName>Закупка у единственного поставщика (исполнителя, подрядчика)</ns2:purchaseCodeName>
                <ns2:placer>
                    <mainInfo>
                        <fullName>МУНИЦИПАЛЬНОЕ АВТОНОМНОЕ ОБЩЕОБРАЗОВАТЕЛЬНОЕ УЧРЕЖДЕНИЕ "КАДЕТСКАЯ ШКОЛА № 4 Г. ГОРНО-АЛТАЙСКА"</fullName>
                        <shortName>МАОУ "КАДЕТСКАЯ ШКОЛА № 4 Г. ГОРНО-АЛТАЙСКА"</shortName>
                        <iko>50411091170041101001</iko>
                        <inn>0411091170</inn>
                        <kpp>041101001</kpp>
                        <ogrn>1020400754560</ogrn>
                        <legalAddress>649002, АЛТАЙ, ГОРНО-АЛТАЙСК, КОММУНИСТИЧЕСКИЙ, дом 93</legalAddress>
                        <postalAddress>РФ Республика Алтай г.Горно-Алтайск пр-кт Коммунистический 93</postalAddress>
                        <phone>7-38822-49209</phone>
                        <fax>7-38822-49221</fax>
                        <email>school4.g-altay@rambler.ru</email>
                        <okato>84401000000</okato>
                        <okpo>56036748</okpo>
                    </mainInfo>
                </ns2:placer>
                <ns2:contact>
                    <firstName>Зульфия</firstName>
                    <middleName>Владимировна</middleName>
                    <lastName>Шадеева</lastName>
                    <phone>+7 (38822) 49209</phone>
                    <fax>+7 (38822) 49209</fax>
                    <email>school4.g-altay@rambler.ru</email>
                    <organization>
                        <mainInfo>
                            <fullName>МУНИЦИПАЛЬНОЕ АВТОНОМНОЕ ОБЩЕОБРАЗОВАТЕЛЬНОЕ УЧРЕЖДЕНИЕ "КАДЕТСКАЯ ШКОЛА № 4 Г. ГОРНО-АЛТАЙСКА"</fullName>
                            <shortName>МАОУ "КАДЕТСКАЯ ШКОЛА № 4 Г. ГОРНО-АЛТАЙСКА"</shortName>
                            <iko>50411091170041101001</iko>
                            <inn>0411091170</inn>
                            <kpp>041101001</kpp>
                            <ogrn>1020400754560</ogrn>
                            <legalAddress>649002, АЛТАЙ, ГОРНО-АЛТАЙСК, КОММУНИСТИЧЕСКИЙ, дом 93</legalAddress>
                            <postalAddress>РФ Республика Алтай г.Горно-Алтайск пр-кт Коммунистический 93</postalAddress>
                            <phone>7-38822-49209</phone>
                            <fax>7-38822-49221</fax>
                            <email>school4.g-altay@rambler.ru</email>
                            <okato>84401000000</okato>
                            <okpo>56036748</okpo>
                        </mainInfo>
                    </organization>
                </ns2:contact>
                <ns2:publicationDateTime>2017-01-31T16:17:01</ns2:publicationDateTime>
                <ns2:documentationDelivery/>
                <ns2:status>P</ns2:status>
                <ns2:version>1</ns2:version>
                <ns2:notDishonest>false</ns2:notDishonest>
                <ns2:attachments>
                    <totalDocumentsCount>1</totalDocumentsCount>
                    <document>
                        <guid>4dc6f56a-0ae6-4b8a-acfc-2dee7c8ebfaf</guid>
                        <createDateTime>2017-01-26T20:11:42</createDateTime>
                        <fileName>документация теплоснабжение.docx</fileName>
                        <description>документация теплоснабжение</description>
                        <url>http://zakupki.gov.ru/223/purchase/public/download/download.html?id=28854160</url>
                    </document>
                </ns2:attachments>
                <ns2:modificationDate>2017-01-31T16:17:01</ns2:modificationDate>
                <ns2:saveUserId>73811</ns2:saveUserId>
                <ns2:deliveryPlaceIndication>SINGLE_PLACE</ns2:deliveryPlaceIndication>
                <ns2:emergency>false</ns2:emergency>
                <ns2:jointPurchase>false</ns2:jointPurchase>
                <ns2:lots>
                    <lot>
                        <guid>b89787d0-052b-49f7-8105-48f31df306de</guid>
                        <ordinalNumber>1</ordinalNumber>
                        <lotEditEnabled>false</lotEditEnabled>
                        <lotData>
                            <subject>оказание услуг теплоснабжения</subject>
                            <currency>
                                <code>RUB</code>
                                <digitalCode>643</digitalCode>
                                <name>Российский рубль</name>
                            </currency>
                            <initialSum>2230436.80</initialSum>
                            <deliveryPlace>
                                <state>Сибирский федеральный округ</state>
                                <region>Алтай Респ </region>
                                <regionOkato>84000000000</regionOkato>
                                <address>ГОРНО-АЛТАЙСК, КОММУНИСТИЧЕСКИЙ, дом 93</address>
                            </deliveryPlace>
                            <lotItems>
                                <newCodes>true</newCodes>
                                <lotItem>
                                    <guid>c897a15a-b6ff-494f-9e72-a292ebd97988</guid>
                                    <ordinalNumber>1</ordinalNumber>
                                    <okpd2>
                                        <code>35.30.11.119</code>
                                        <name>Энергия тепловая, отпущенная прочими электростанциями</name>
                                    </okpd2>
                                    <okved2>
                                        <code>35.30.11</code>
                                        <name>Производство пара и горячей воды (тепловой энергии) тепловыми электростанциями</name>
                                    </okved2>
                                    <okei>
                                        <code>876</code>
                                        <name>Условная единица</name>
                                    </okei>
                                    <qty>1</qty>
                                </lotItem>
                            </lotItems>
                            <forSmallOrMiddle>false</forSmallOrMiddle>
                            <excludePurchaseFromPlan>false</excludePurchaseFromPlan>
                            <subcontractorsRequirement>false</subcontractorsRequirement>
                            <ignoredPurchase>false</ignoredPurchase>
                            <centralized>false</centralized>
                        </lotData>
                        <deliveryPlaceIndication>GL</deliveryPlaceIndication>
                        <jointLotData>
                            <jointLot>false</jointLot>
                        </jointLotData>
                        <lotPlanInfo>
                            <planRegistrationNumber>2160191996</planRegistrationNumber>
                            <planGuid>cd19f2e2-adbd-4ea8-a6d8-101153c382fe</planGuid>
                            <positionNumber>1</positionNumber>
                            <lotPlanPosition>COMMODITY</lotPlanPosition>
                            <positionGuid>b61e2656-c983-46b2-86e8-e8672ba7b1c7</positionGuid>
                        </lotPlanInfo>
                        <cancelled>false</cancelled>
                    </lot>
                </ns2:lots>
            </ns2:purchaseNoticeEPData>
        </ns2:item>
    </ns2:body>
</ns2:purchaseNoticeEP>
