<?xml version="1.0" encoding="UTF-8" standalone="yes"?>
<ns2:purchaseNoticeEP xsi:schemaLocation="http://zakupki.gov.ru/223/integration/schema/TFF-5.2 http://zakupki.gov.ru/223/integration/schema/TFF-5.2/purchase.xsd" xmlns="http://zakupki.gov.ru/223fz/types/1" xmlns:ns10="http://zakupki.gov.ru/223fz/reference/1" xmlns:ns11="http://zakupki.gov.ru/223fz/stopCommodity/1" xmlns:ns12="http://zakupki.gov.ru/223fz/decisionSuspension/1" xmlns:ns13="http://zakupki.gov.ru/223fz/purchasePlanAdditionalPosition/1" xmlns:ns14="http://zakupki.gov.ru/223fz/machineryListInfo/1" xmlns:ns15="http://zakupki.gov.ru/223fz/revenue/1" xmlns:ns16="http://zakupki.gov.ru/223fz/orderClauseList/1" xmlns:ns17="http://zakupki.gov.ru/223fz/disagreementProtocol/1" xmlns:ns18="http://zakupki.gov.ru/223fz/complaint/1" xmlns:ns19="http://zakupki.gov.ru/223fz/webRequest/1" xmlns:ns2="http://zakupki.gov.ru/223fz/purchase/1" xmlns:xsi="http://www.w3.org/2001/XMLSchema-instance" xmlns:ns3="http://zakupki.gov.ru/223fz/dishonestSupplier/1" xmlns:ns4="http://zakupki.gov.ru/223fz/notificationIssue/1" xmlns:ns5="http://zakupki.gov.ru/223fz/purchasePlan/1" xmlns:ns6="http://zakupki.gov.ru/223fz/purchasePlanProject/1" xmlns:ns7="http://zakupki.gov.ru/223fz/purchasePlanProjectAdditionalPosition/1" xmlns:ns8="http://zakupki.gov.ru/223fz/contract/1" xmlns:ns9="http://zakupki.gov.ru/223fz/missedNotice/1">
    <header>
        <guid>912b90d9-f745-4990-b2fc-8e276bf8b346</guid>
        <createDateTime>2017-01-31T08:49:34</createDateTime>
    </header>
    <ns2:body>
        <ns2:item>
            <guid>0c38a245-b5e4-451c-b87f-67bb0758eb75</guid>
            <ns2:purchaseNoticeEPData>
                <ns2:guid>0c38a245-b5e4-451c-b87f-67bb0758eb75</ns2:guid>
                <ns2:createDateTime>2017-01-31T09:17:37</ns2:createDateTime>
                <ns2:urlOOS>https://zakupki.gov.ru/223/purchase/private/purchase/notice-info/details.html?noticeInfoId=5680256</ns2:urlOOS>
                <ns2:registrationNumber>31704731532</ns2:registrationNumber>
                <ns2:name>Услуги по передаче электрической энергии</ns2:name>
                <ns2:customer>
                    <mainInfo>
                        <fullName>МУНИЦИПАЛЬНОЕ АВТОНОМНОЕ УЧРЕЖДЕНИЕ КУЛЬТУРЫ ГОРОДА ГОРНО-АЛТАЙСКА "ГОРОДСКОЙ ДОМ КУЛЬТУРЫ ГОРНО-АЛТАЙСКА"</fullName>
                        <shortName>МАУК "ГОРОДСКОЙ ДОМ КУЛЬТУРЫ ГОРНО-АЛТАЙСКА"</shortName>
                        <iko>80411124813041101001</iko>
                        <inn>0411124813</inn>
                        <kpp>041101001</kpp>
                        <ogrn>1050400960257</ogrn>
                        <legalAddress>649000, АЛТАЙ, ГОРНО-АЛТАЙСК, СОЦИАЛИСТИЧЕСКАЯ, дом 24</legalAddress>
                        <postalAddress>649000,г.Горно-Алтайск, ул. Социалистическая,24</postalAddress>
                        <phone>8-38822-24461</phone>
                        <email>otdelkultury04@mail.ru</email>
                        <okato>84401000000</okato>
                        <okpo>77105790</okpo>
                    </mainInfo>
                </ns2:customer>
                <ns2:purchaseMethodCode>3363</ns2:purchaseMethodCode>
                <ns2:purchaseCodeName>Закупка у единственного поставщика (исполнителя, подрядчика)</ns2:purchaseCodeName>
                <ns2:placer>
                    <mainInfo>
                        <fullName>МУНИЦИПАЛЬНОЕ АВТОНОМНОЕ УЧРЕЖДЕНИЕ КУЛЬТУРЫ ГОРОДА ГОРНО-АЛТАЙСКА "ГОРОДСКОЙ ДОМ КУЛЬТУРЫ ГОРНО-АЛТАЙСКА"</fullName>
                        <shortName>МАУК "ГОРОДСКОЙ ДОМ КУЛЬТУРЫ ГОРНО-АЛТАЙСКА"</shortName>
                        <iko>80411124813041101001</iko>
                        <inn>0411124813</inn>
                        <kpp>041101001</kpp>
                        <ogrn>1050400960257</ogrn>
                        <legalAddress>649000, АЛТАЙ, ГОРНО-АЛТАЙСК, СОЦИАЛИСТИЧЕСКАЯ, дом 24</legalAddress>
                        <postalAddress>649000,г.Горно-Алтайск, ул. Социалистическая,24</postalAddress>
                        <phone>8-38822-24461</phone>
                        <email>otdelkultury04@mail.ru</email>
                        <okato>84401000000</okato>
                        <okpo>77105790</okpo>
                    </mainInfo>
                </ns2:placer>
                <ns2:contact>
                    <firstName>Наталья</firstName>
                    <middleName>Александровна</middleName>
                    <lastName>Неверова</lastName>
                    <phone>+7 (38822) 24174</phone>
                    <email>otdelkultury04@mail.ru</email>
                    <organization>
                        <mainInfo>
                            <fullName>МУНИЦИПАЛЬНОЕ АВТОНОМНОЕ УЧРЕЖДЕНИЕ КУЛЬТУРЫ ГОРОДА ГОРНО-АЛТАЙСКА "ГОРОДСКОЙ ДОМ КУЛЬТУРЫ ГОРНО-АЛТАЙСКА"</fullName>
                            <shortName>МАУК "ГОРОДСКОЙ ДОМ КУЛЬТУРЫ ГОРНО-АЛТАЙСКА"</shortName>
                            <iko>80411124813041101001</iko>
                            <inn>0411124813</inn>
                            <kpp>041101001</kpp>
                            <ogrn>1050400960257</ogrn>
                            <legalAddress>649000, АЛТАЙ, ГОРНО-АЛТАЙСК, СОЦИАЛИСТИЧЕСКАЯ, дом 24</legalAddress>
                            <postalAddress>649000,г.Горно-Алтайск, ул. Социалистическая,24</postalAddress>
                            <phone>8-38822-24461</phone>
                            <email>otdelkultury04@mail.ru</email>
                            <okato>84401000000</okato>
                            <okpo>77105790</okpo>
                        </mainInfo>
                    </organization>
                </ns2:contact>
                <ns2:publicationDateTime>2017-01-31T11:49:34</ns2:publicationDateTime>
                <ns2:documentationDelivery/>
                <ns2:status>P</ns2:status>
                <ns2:version>1</ns2:version>
                <ns2:notDishonest>false</ns2:notDishonest>
                <ns2:attachments>
                    <totalDocumentsCount>1</totalDocumentsCount>
                    <document>
                        <guid>dc486f77-39b5-4777-96c1-2d0f91ceadf2</guid>
                        <createDateTime>2017-01-31T08:48:32</createDateTime>
                        <fileName>ДК.pdf</fileName>
                        <description>ДК</description>
                        <url>http://zakupki.gov.ru/223/purchase/public/download/download.html?id=28954591</url>
                    </document>
                </ns2:attachments>
                <ns2:modificationDate>2017-01-31T11:49:34</ns2:modificationDate>
                <ns2:saveUserId>74660</ns2:saveUserId>
                <ns2:deliveryPlaceIndication>DIFFERENT_PLACE</ns2:deliveryPlaceIndication>
                <ns2:emergency>false</ns2:emergency>
                <ns2:jointPurchase>false</ns2:jointPurchase>
                <ns2:lots>
                    <lot>
                        <guid>211038f9-40cb-4c11-94a2-6c45c687e2c5</guid>
                        <ordinalNumber>1</ordinalNumber>
                        <lotEditEnabled>false</lotEditEnabled>
                        <lotData>
                            <subject>Услуги по передаче электрической энергии</subject>
                            <currency>
                                <code>RUB</code>
                                <digitalCode>643</digitalCode>
                                <name>Российский рубль</name>
                            </currency>
                            <initialSum>431560.00</initialSum>
                            <orderPricing>тарифный метод</orderPricing>
                            <deliveryPlace>
                                <state>Сибирский федеральный округ</state>
                                <region>Алтай Респ </region>
                                <regionOkato>84000000000</regionOkato>
                                <address>649000, Республика Алтай, г. Горно-Алтайск, ул. Социалистическая, 24</address>
                            </deliveryPlace>
                            <lotItems>
                                <newCodes>true</newCodes>
                                <lotItem>
                                    <guid>be4c0f5e-3201-4d0b-972d-1226b03489d3</guid>
                                    <ordinalNumber>1</ordinalNumber>
                                    <okpd2>
                                        <code>35.12.10.110</code>
                                        <name>Услуги по передаче электроэнергии</name>
                                    </okpd2>
                                    <okved2>
                                        <code>35.12.1</code>
                                        <name>Передача электроэнергии</name>
                                    </okved2>
                                    <okei>
                                        <code>245</code>
                                        <name>Киловатт-час</name>
                                    </okei>
                                    <qty>57126</qty>
                                </lotItem>
                            </lotItems>
                            <forSmallOrMiddle>false</forSmallOrMiddle>
                            <excludePurchaseFromPlan>true</excludePurchaseFromPlan>
                            <subcontractorsRequirement>false</subcontractorsRequirement>
                            <ignoredPurchase>false</ignoredPurchase>
                            <centralized>false</centralized>
                        </lotData>
                        <deliveryPlaceIndication>GL</deliveryPlaceIndication>
                        <jointLotData>
                            <jointLot>false</jointLot>
                        </jointLotData>
                        <cancelled>false</cancelled>
                    </lot>
                </ns2:lots>
            </ns2:purchaseNoticeEPData>
        </ns2:item>
    </ns2:body>
</ns2:purchaseNoticeEP>
