<?xml version="1.0" encoding="UTF-8" standalone="yes"?>
<ns2:purchaseNoticeEP xsi:schemaLocation="http://zakupki.gov.ru/223/integration/schema/TFF-5.2 http://zakupki.gov.ru/223/integration/schema/TFF-5.2/purchase.xsd" xmlns="http://zakupki.gov.ru/223fz/types/1" xmlns:ns10="http://zakupki.gov.ru/223fz/decisionSuspension/1" xmlns:ns11="http://zakupki.gov.ru/223fz/purchasePlanAdditionalPosition/1" xmlns:ns12="http://zakupki.gov.ru/223fz/complaint/1" xmlns:ns13="http://zakupki.gov.ru/223fz/notificationIssue/1" xmlns:ns14="http://zakupki.gov.ru/223fz/purchasePlanProject/1" xmlns:ns15="http://zakupki.gov.ru/223fz/purchasePlanProjectAdditionalPosition/1" xmlns:ns16="http://zakupki.gov.ru/223fz/disagreementProtocol/1" xmlns:ns17="http://zakupki.gov.ru/223fz/reference/1" xmlns:ns18="http://zakupki.gov.ru/223fz/stopCommodity/1" xmlns:ns19="http://zakupki.gov.ru/223fz/webRequest/1" xmlns:ns2="http://zakupki.gov.ru/223fz/purchase/1" xmlns:xsi="http://www.w3.org/2001/XMLSchema-instance" xmlns:ns3="http://zakupki.gov.ru/223fz/dishonestSupplier/1" xmlns:ns4="http://zakupki.gov.ru/223fz/machineryListInfo/1" xmlns:ns5="http://zakupki.gov.ru/223fz/purchasePlan/1" xmlns:ns6="http://zakupki.gov.ru/223fz/revenue/1" xmlns:ns7="http://zakupki.gov.ru/223fz/orderClauseList/1" xmlns:ns8="http://zakupki.gov.ru/223fz/contract/1" xmlns:ns9="http://zakupki.gov.ru/223fz/missedNotice/1">
    <header>
        <guid>2dd11fc9-60f9-406c-b18d-13c945cd4208</guid>
        <createDateTime>2017-01-22T07:33:41</createDateTime>
    </header>
    <ns2:body>
        <ns2:item>
            <guid>1be20ddc-cd89-4061-b8e2-0624be865072</guid>
            <ns2:purchaseNoticeEPData>
                <ns2:guid>1be20ddc-cd89-4061-b8e2-0624be865072</ns2:guid>
                <ns2:createDateTime>2017-01-22T10:27:52</ns2:createDateTime>
                <ns2:urlOOS>https://zakupki.gov.ru/223/purchase/private/purchase/notice-info/details.html?noticeInfoId=5640435</ns2:urlOOS>
                <ns2:registrationNumber>31704691035</ns2:registrationNumber>
                <ns2:name>оказание услуг электроэнергии</ns2:name>
                <ns2:customer>
                    <mainInfo>
                        <fullName>МУНИЦИПАЛЬНОЕ АВТОНОМНОЕ ДОШКОЛЬНОЕ ОБРАЗОВАТЕЛЬНОЕ УЧРЕЖДЕНИЕ "ДЕТСКИЙ САД № 16 "ТЕРЕМОК" ОБЩЕРАЗВИВАЮЩЕГО ВИДА ГОРОДА ГОРНО-АЛТАЙСКА"</fullName>
                        <shortName>МАДОУ "ДЕТСКИЙ САД № 16 "ТЕРЕМОК" Г. ГОРНО-АЛТАЙСКА"</shortName>
                        <iko>50411091290041101001</iko>
                        <inn>0411091290</inn>
                        <kpp>041101001</kpp>
                        <ogrn>1020400748444</ogrn>
                        <legalAddress>649002, АЛТАЙ, ГОРНО-АЛТАЙСК, КОММУНИСТИЧЕСКИЙ, дом 141</legalAddress>
                        <postalAddress>649002, АЛТАЙ, ГОРНО-АЛТАЙСК, КОММУНИСТИЧЕСКИЙ, дом 141</postalAddress>
                        <phone>7-38822-64145</phone>
                        <email>mdouds16@mail.ru</email>
                        <okato>84401000000</okato>
                        <okpo>56035826</okpo>
                    </mainInfo>
                </ns2:customer>
                <ns2:purchaseMethodCode>3363</ns2:purchaseMethodCode>
                <ns2:purchaseCodeName>Закупка у единственного поставщика (исполнителя, подрядчика)</ns2:purchaseCodeName>
                <ns2:placer>
                    <mainInfo>
                        <fullName>МУНИЦИПАЛЬНОЕ АВТОНОМНОЕ ДОШКОЛЬНОЕ ОБРАЗОВАТЕЛЬНОЕ УЧРЕЖДЕНИЕ "ДЕТСКИЙ САД № 16 "ТЕРЕМОК" ОБЩЕРАЗВИВАЮЩЕГО ВИДА ГОРОДА ГОРНО-АЛТАЙСКА"</fullName>
                        <shortName>МАДОУ "ДЕТСКИЙ САД № 16 "ТЕРЕМОК" Г. ГОРНО-АЛТАЙСКА"</shortName>
                        <iko>50411091290041101001</iko>
                        <inn>0411091290</inn>
                        <kpp>041101001</kpp>
                        <ogrn>1020400748444</ogrn>
                        <legalAddress>649002, АЛТАЙ, ГОРНО-АЛТАЙСК, КОММУНИСТИЧЕСКИЙ, дом 141</legalAddress>
                        <postalAddress>649002, АЛТАЙ, ГОРНО-АЛТАЙСК, КОММУНИСТИЧЕСКИЙ, дом 141</postalAddress>
                        <phone>7-38822-64145</phone>
                        <email>mdouds16@mail.ru</email>
                        <okato>84401000000</okato>
                        <okpo>56035826</okpo>
                    </mainInfo>
                </ns2:placer>
                <ns2:contact>
                    <firstName>Татьяна</firstName>
                    <middleName>Викторовна</middleName>
                    <lastName>Гончарова</lastName>
                    <phone>+7 (38822) 64145</phone>
                    <fax>+7 (38822) 64145</fax>
                    <email>mdouds16@mail.ru</email>
                    <organization>
                        <mainInfo>
                            <fullName>МУНИЦИПАЛЬНОЕ АВТОНОМНОЕ ДОШКОЛЬНОЕ ОБРАЗОВАТЕЛЬНОЕ УЧРЕЖДЕНИЕ "ДЕТСКИЙ САД № 16 "ТЕРЕМОК" ОБЩЕРАЗВИВАЮЩЕГО ВИДА ГОРОДА ГОРНО-АЛТАЙСКА"</fullName>
                            <shortName>МАДОУ "ДЕТСКИЙ САД № 16 "ТЕРЕМОК" Г. ГОРНО-АЛТАЙСКА"</shortName>
                            <iko>50411091290041101001</iko>
                            <inn>0411091290</inn>
                            <kpp>041101001</kpp>
                            <ogrn>1020400748444</ogrn>
                            <legalAddress>649002, АЛТАЙ, ГОРНО-АЛТАЙСК, КОММУНИСТИЧЕСКИЙ, дом 141</legalAddress>
                            <postalAddress>649002, АЛТАЙ, ГОРНО-АЛТАЙСК, КОММУНИСТИЧЕСКИЙ, дом 141</postalAddress>
                            <phone>7-38822-64145</phone>
                            <email>mdouds16@mail.ru</email>
                            <okato>84401000000</okato>
                            <okpo>56035826</okpo>
                        </mainInfo>
                    </organization>
                </ns2:contact>
                <ns2:publicationDateTime>2017-01-22T10:33:41</ns2:publicationDateTime>
                <ns2:documentationDelivery>
                    <deliveryStartDateTime>2017-01-01</deliveryStartDateTime>
                    <deliveryEndDateTime>2017-12-31</deliveryEndDateTime>
                    <place>в соответствии с договором</place>
                    <procedure>в соответствии с договором</procedure>
                </ns2:documentationDelivery>
                <ns2:status>P</ns2:status>
                <ns2:version>1</ns2:version>
                <ns2:notDishonest>false</ns2:notDishonest>
                <ns2:attachments>
                    <totalDocumentsCount>1</totalDocumentsCount>
                    <document>
                        <guid>2a4474b8-8357-4ef6-a191-b5984999a19d</guid>
                        <createDateTime>2017-01-22T07:32:26</createDateTime>
                        <fileName>документация электроэнергия.docx</fileName>
                        <description>документация электроэнергия</description>
                        <url>http://zakupki.gov.ru/223/purchase/public/download/download.html?id=28748086</url>
                    </document>
                </ns2:attachments>
                <ns2:modificationDate>2017-01-22T10:33:41</ns2:modificationDate>
                <ns2:saveUserId>60489</ns2:saveUserId>
                <ns2:deliveryPlaceIndication>SINGLE_PLACE</ns2:deliveryPlaceIndication>
                <ns2:emergency>false</ns2:emergency>
                <ns2:jointPurchase>false</ns2:jointPurchase>
                <ns2:lots>
                    <lot>
                        <guid>5afd658e-e662-4fd6-b22a-08105b203225</guid>
                        <ordinalNumber>1</ordinalNumber>
                        <lotEditEnabled>false</lotEditEnabled>
                        <lotData>
                            <subject>оказание услуг электроэнергии</subject>
                            <currency>
                                <code>RUB</code>
                                <digitalCode>643</digitalCode>
                                <name>Российский рубль</name>
                            </currency>
                            <initialSum>678285.00</initialSum>
                            <deliveryPlace>
                                <state>Сибирский федеральный округ</state>
                                <region>Алтай Респ </region>
                                <regionOkato>84000000000</regionOkato>
                                <address>649002, АЛТАЙ, ГОРНО-АЛТАЙСК, КОММУНИСТИЧЕСКИЙ, дом 141</address>
                            </deliveryPlace>
                            <lotItems>
                                <newCodes>true</newCodes>
                                <lotItem>
                                    <guid>854f5bb4-ff10-4137-b1a2-23a2f0608779</guid>
                                    <ordinalNumber>1</ordinalNumber>
                                    <okpd2>
                                        <code>35.11.10.110</code>
                                        <name>Электроэнергия, произведенная электростанциями общего назначения</name>
                                    </okpd2>
                                    <okved2>
                                        <code>35.11.1</code>
                                        <name>Производство электроэнергии тепловыми электростанциями, в том числе деятельность по обеспечению работоспособности электростанций</name>
                                    </okved2>
                                    <okei>
                                        <code>876</code>
                                        <name>Условная единица</name>
                                    </okei>
                                    <qty>1</qty>
                                </lotItem>
                            </lotItems>
                            <forSmallOrMiddle>false</forSmallOrMiddle>
                            <excludePurchaseFromPlan>false</excludePurchaseFromPlan>
                            <subcontractorsRequirement>false</subcontractorsRequirement>
                            <ignoredPurchase>false</ignoredPurchase>
                            <centralized>false</centralized>
                        </lotData>
                        <deliveryPlaceIndication>GL</deliveryPlaceIndication>
                        <jointLotData>
                            <jointLot>false</jointLot>
                        </jointLotData>
                        <lotPlanInfo>
                            <planRegistrationNumber>2160191366</planRegistrationNumber>
                            <planGuid>df8175a1-fd77-458d-ac25-cd9ace3b96d4</planGuid>
                            <positionNumber>2</positionNumber>
                            <lotPlanPosition>COMMODITY</lotPlanPosition>
                            <positionGuid>1f1591b9-95f7-452c-868b-2e5863ffb08b</positionGuid>
                        </lotPlanInfo>
                        <cancelled>false</cancelled>
                    </lot>
                </ns2:lots>
            </ns2:purchaseNoticeEPData>
        </ns2:item>
    </ns2:body>
</ns2:purchaseNoticeEP>
