<?xml version="1.0" encoding="UTF-8" standalone="yes"?>
<ns2:orderClause xsi:schemaLocation="http://zakupki.gov.ru/223/integration/schema/TFF-5.2 http://zakupki.gov.ru/223/integration/schema/TFF-5.2/orderClause.xsd" xmlns="http://zakupki.gov.ru/223fz/types/1" xmlns:ns10="http://zakupki.gov.ru/223fz/notificationIssue/1" xmlns:ns11="http://zakupki.gov.ru/223fz/purchasePlanProject/1" xmlns:ns12="http://zakupki.gov.ru/223fz/purchase/1" xmlns:ns13="http://zakupki.gov.ru/223fz/purchasePlanProjectAdditionalPosition/1" xmlns:ns14="http://zakupki.gov.ru/223fz/contract/1" xmlns:ns15="http://zakupki.gov.ru/223fz/missedNotice/1" xmlns:ns16="http://zakupki.gov.ru/223fz/reference/1" xmlns:ns17="http://zakupki.gov.ru/223fz/stopCommodity/1" xmlns:ns18="http://zakupki.gov.ru/223fz/decisionSuspension/1" xmlns:ns19="http://zakupki.gov.ru/223fz/webRequest/1" xmlns:ns2="http://zakupki.gov.ru/223fz/orderClauseList/1" xmlns:xsi="http://www.w3.org/2001/XMLSchema-instance" xmlns:ns3="http://zakupki.gov.ru/223fz/dishonestSupplier/1" xmlns:ns4="http://zakupki.gov.ru/223fz/purchasePlanAdditionalPosition/1" xmlns:ns5="http://zakupki.gov.ru/223fz/purchasePlan/1" xmlns:ns6="http://zakupki.gov.ru/223fz/machineryListInfo/1" xmlns:ns7="http://zakupki.gov.ru/223fz/revenue/1" xmlns:ns8="http://zakupki.gov.ru/223fz/disagreementProtocol/1" xmlns:ns9="http://zakupki.gov.ru/223fz/complaint/1">
    <header>
        <guid>af6bd3b0-676c-4b9d-864a-631eb2e5f3f0</guid>
        <createDateTime>2017-03-28T07:58:49</createDateTime>
    </header>
    <ns2:body>
        <ns2:item>
            <guid>167be8be-ddbb-4466-b0a3-e9dfb1f7a4ea</guid>
            <ns2:orderClauseData>
                <ns2:guid>167be8be-ddbb-4466-b0a3-e9dfb1f7a4ea</ns2:guid>
                <ns2:createDateTime>2017-03-28T09:57:58</ns2:createDateTime>
                <ns2:urlOOS>https://zakupki.gov.ru/223/clause/private/order-clause/info/common-info.html?clauseInfoId=281092</ns2:urlOOS>
                <ns2:customer>
                    <mainInfo>
                        <fullName>Общество с ограниченной ответственностью "Тагилспецтранс"</fullName>
                        <shortName>ООО "ТСТ"</shortName>
                        <iko>56623025445662301001</iko>
                        <inn>6623025445</inn>
                        <kpp>662301001</kpp>
                        <ogrn>1056601276412</ogrn>
                        <legalAddress>622013, Свердловская, Нижний Тагил, Кулибина, дом 62</legalAddress>
                        <postalAddress>622013, Свердловская, Нижний Тагил, Кулибина, дом 62</postalAddress>
                        <phone>7-3435-251788</phone>
                        <fax>7-3435-251788</fax>
                        <email>seck.p@yandex.ru</email>
                        <okato>65476000000</okato>
                        <okpo>79931537</okpo>
                    </mainInfo>
                </ns2:customer>
                <ns2:placer>
                    <mainInfo>
                        <fullName>Общество с ограниченной ответственностью "Тагилспецтранс"</fullName>
                        <shortName>ООО "ТСТ"</shortName>
                        <iko>56623025445662301001</iko>
                        <inn>6623025445</inn>
                        <kpp>662301001</kpp>
                        <ogrn>1056601276412</ogrn>
                        <legalAddress>622013, Свердловская, Нижний Тагил, Кулибина, дом 62</legalAddress>
                        <postalAddress>622013, Свердловская, Нижний Тагил, Кулибина, дом 62</postalAddress>
                        <phone>7-3435-251788</phone>
                        <fax>7-3435-251788</fax>
                        <email>seck.p@yandex.ru</email>
                        <okato>65476000000</okato>
                        <okpo>79931537</okpo>
                    </mainInfo>
                </ns2:placer>
                <ns2:status>P</ns2:status>
                <ns2:version>9</ns2:version>
                <ns2:name>Положение о закупках товаров, работ, услуг ООО "Тагилспецтранс"</ns2:name>
                <ns2:registrationNumber>1120006591</ns2:registrationNumber>
                <ns2:modificationDescription>техническая ошибка</ns2:modificationDescription>
                <ns2:approveDate>2017-03-28</ns2:approveDate>
                <ns2:effectiveDate>2017-03-28</ns2:effectiveDate>
                <ns2:approverName>Единственный участник Общества</ns2:approverName>
                <ns2:contractSignProcedure>согласно Положению о закупках товаров, работ, услуг</ns2:contractSignProcedure>
                <ns2:purchaseMethod>
                    <ns2:purchaseMethodCode>51162</ns2:purchaseMethodCode>
                    <ns2:purchaseMethodName>Конкурентные переговоры</ns2:purchaseMethodName>
                    <ns2:digitalPurchase>false</ns2:digitalPurchase>
                </ns2:purchaseMethod>
                <ns2:purchaseMethod>
                    <ns2:purchaseMethodCode>51161</ns2:purchaseMethodCode>
                    <ns2:purchaseMethodName>Запрос предложений</ns2:purchaseMethodName>
                    <ns2:digitalPurchase>false</ns2:digitalPurchase>
                </ns2:purchaseMethod>
                <ns2:purchaseMethod>
                    <ns2:purchaseMethodCode>3363</ns2:purchaseMethodCode>
                    <ns2:purchaseMethodName>Закупка у единственного поставщика (исполнителя, подрядчика)</ns2:purchaseMethodName>
                    <ns2:digitalPurchase>false</ns2:digitalPurchase>
                </ns2:purchaseMethod>
                <ns2:purchaseMethod>
                    <ns2:purchaseMethodCode>3362</ns2:purchaseMethodCode>
                    <ns2:purchaseMethodName>Запрос котировок</ns2:purchaseMethodName>
                    <ns2:digitalPurchase>false</ns2:digitalPurchase>
                    <ns2:conditionsOfUse>до 4 000 000 руб.</ns2:conditionsOfUse>
                </ns2:purchaseMethod>
                <ns2:purchaseMethod>
                    <ns2:purchaseMethodCode>3361</ns2:purchaseMethodCode>
                    <ns2:purchaseMethodName>Открытый аукцион в электронной форме</ns2:purchaseMethodName>
                    <ns2:digitalPurchase>true</ns2:digitalPurchase>
                </ns2:purchaseMethod>
                <ns2:purchaseMethod>
                    <ns2:purchaseMethodCode>3360</ns2:purchaseMethodCode>
                    <ns2:purchaseMethodName>Открытый аукцион</ns2:purchaseMethodName>
                    <ns2:digitalPurchase>false</ns2:digitalPurchase>
                </ns2:purchaseMethod>
                <ns2:purchaseMethod>
                    <ns2:purchaseMethodCode>3359</ns2:purchaseMethodCode>
                    <ns2:purchaseMethodName>Открытый конкурс</ns2:purchaseMethodName>
                    <ns2:digitalPurchase>false</ns2:digitalPurchase>
                </ns2:purchaseMethod>
                <ns2:publicationDateTime>2017-03-28T09:58:41</ns2:publicationDateTime>
                <ns2:attachments>
                    <totalDocumentsCount>2</totalDocumentsCount>
                    <document>
                        <guid>b7332869-9b2d-4860-8bc4-e7fb89ebf3b9</guid>
                        <createDateTime>2017-03-28T07:56:26</createDateTime>
                        <fileName>Перечень изменений от 28.03.2017.doc</fileName>
                        <description>Перечень изменений от 28.03.2017</description>
                        <url>http://zakupki.gov.ru/223/clause/public/download/download.html?id=956622</url>
                    </document>
                    <document>
                        <guid>950fd4d7-1300-44ba-ae23-3635c75eaebc</guid>
                        <createDateTime>2017-03-28T07:56:37</createDateTime>
                        <fileName>Положение о закупках -  изм. от 28.03.2017.doc</fileName>
                        <description>Положение о закупках -  изм. от 28.03.2017</description>
                        <url>http://zakupki.gov.ru/223/clause/public/download/download.html?id=956623</url>
                    </document>
                </ns2:attachments>
            </ns2:orderClauseData>
        </ns2:item>
    </ns2:body>
</ns2:orderClause>
