<?xml version="1.0" encoding="UTF-8" standalone="yes"?>
<ns2:purchaseNoticeOA xsi:schemaLocation="http://zakupki.gov.ru/223/integration/schema/TFF-5.2 http://zakupki.gov.ru/223/integration/schema/TFF-5.2/purchase.xsd" xmlns="http://zakupki.gov.ru/223fz/types/1" xmlns:ns10="http://zakupki.gov.ru/223fz/purchasePlan/1" xmlns:ns11="http://zakupki.gov.ru/223fz/purchasePlanProject/1" xmlns:ns12="http://zakupki.gov.ru/223fz/purchasePlanProjectAdditionalPosition/1" xmlns:ns13="http://zakupki.gov.ru/223fz/contract/1" xmlns:ns14="http://zakupki.gov.ru/223fz/missedNotice/1" xmlns:ns15="http://zakupki.gov.ru/223fz/reference/1" xmlns:ns16="http://zakupki.gov.ru/223fz/stopCommodity/1" xmlns:ns17="http://zakupki.gov.ru/223fz/decisionSuspension/1" xmlns:ns18="http://zakupki.gov.ru/223fz/purchasePlanAdditionalPosition/1" xmlns:ns19="http://zakupki.gov.ru/223fz/webRequest/1" xmlns:ns2="http://zakupki.gov.ru/223fz/purchase/1" xmlns:xsi="http://www.w3.org/2001/XMLSchema-instance" xmlns:ns3="http://zakupki.gov.ru/223fz/dishonestSupplier/1" xmlns:ns4="http://zakupki.gov.ru/223fz/machineryListInfo/1" xmlns:ns5="http://zakupki.gov.ru/223fz/revenue/1" xmlns:ns6="http://zakupki.gov.ru/223fz/orderClauseList/1" xmlns:ns7="http://zakupki.gov.ru/223fz/disagreementProtocol/1" xmlns:ns8="http://zakupki.gov.ru/223fz/complaint/1" xmlns:ns9="http://zakupki.gov.ru/223fz/notificationIssue/1">
    <header>
        <guid>c05ef5b8-71dc-4180-9496-ddbb6a2a032a</guid>
        <createDateTime>2017-03-14T17:31:49</createDateTime>
    </header>
    <ns2:body>
        <ns2:item>
            <guid>0287dccf-bb07-47bd-a3f9-538afb1f51a8</guid>
            <ns2:purchaseNoticeOAData>
                <ns2:guid>0287dccf-bb07-47bd-a3f9-538afb1f51a8</ns2:guid>
                <ns2:createDateTime>2017-03-14T16:07:03</ns2:createDateTime>
                <ns2:urlOOS>https://zakupki.gov.ru/223/purchase/private/purchase/notice-info/details.html?noticeInfoId=5873196</ns2:urlOOS>
                <ns2:registrationNumber>31704888377</ns2:registrationNumber>
                <ns2:name>Капитальный ремонт
</ns2:name>
                <ns2:customer>
                    <mainInfo>
                        <fullName>ФЕДЕРАЛЬНОЕ ГОСУДАРСТВЕННОЕ БЮДЖЕТНОЕ ОБРАЗОВАТЕЛЬНОЕ УЧРЕЖДЕНИЕ ВЫСШЕГО ОБРАЗОВАНИЯ "РОССИЙСКИЙ ГОСУДАРСТВЕННЫЙ УНИВЕРСИТЕТ НЕФТИ И ГАЗА (НАЦИОНАЛЬНЫЙ ИССЛЕДОВАТЕЛЬСКИЙ УНИВЕРСИТЕТ) ИМЕНИ И.М. ГУБКИНА"</fullName>
                        <shortName>РГУ НЕФТИ И ГАЗА (НИУ) ИМЕНИ И.М. ГУБКИНА</shortName>
                        <iko>87736093127773601001</iko>
                        <inn>7736093127</inn>
                        <kpp>773601001</kpp>
                        <ogrn>1027739073845</ogrn>
                        <legalAddress>119991, Г МОСКВА, ПР-КТ ЛЕНИНСКИЙ, дом ДОМ 65, корпус КОРПУС 1</legalAddress>
                        <postalAddress>119991, ГОРОД МОСКВА, ПРОСПЕКТ ЛЕНИНСКИЙ, ДОМ 65, КОРПУС 1</postalAddress>
                        <phone>7-499-5078689</phone>
                        <email>tender@gubkin.ru</email>
                        <okato>45293558000</okato>
                        <okpo>02066612</okpo>
                    </mainInfo>
                </ns2:customer>
                <ns2:purchaseMethodCode>3360</ns2:purchaseMethodCode>
                <ns2:purchaseCodeName>Открытый аукцион</ns2:purchaseCodeName>
                <ns2:placer>
                    <mainInfo>
                        <fullName>ФЕДЕРАЛЬНОЕ ГОСУДАРСТВЕННОЕ БЮДЖЕТНОЕ ОБРАЗОВАТЕЛЬНОЕ УЧРЕЖДЕНИЕ ВЫСШЕГО ОБРАЗОВАНИЯ "РОССИЙСКИЙ ГОСУДАРСТВЕННЫЙ УНИВЕРСИТЕТ НЕФТИ И ГАЗА (НАЦИОНАЛЬНЫЙ ИССЛЕДОВАТЕЛЬСКИЙ УНИВЕРСИТЕТ) ИМЕНИ И.М. ГУБКИНА"</fullName>
                        <shortName>РГУ НЕФТИ И ГАЗА (НИУ) ИМЕНИ И.М. ГУБКИНА</shortName>
                        <iko>87736093127773601001</iko>
                        <inn>7736093127</inn>
                        <kpp>773601001</kpp>
                        <ogrn>1027739073845</ogrn>
                        <legalAddress>119991, Г МОСКВА, ПР-КТ ЛЕНИНСКИЙ, дом ДОМ 65, корпус КОРПУС 1</legalAddress>
                        <postalAddress>119991, ГОРОД МОСКВА, ПРОСПЕКТ ЛЕНИНСКИЙ, ДОМ 65, КОРПУС 1</postalAddress>
                        <phone>7-499-5078689</phone>
                        <email>tender@gubkin.ru</email>
                        <okato>45293558000</okato>
                        <okpo>02066612</okpo>
                    </mainInfo>
                </ns2:placer>
                <ns2:contact>
                    <firstName>Петр</firstName>
                    <middleName>Федорович</middleName>
                    <lastName>Анисимов</lastName>
                    <phone>+7 (499) 5078086</phone>
                    <email>tender@gubkin.ru</email>
                    <organization>
                        <mainInfo>
                            <fullName>ФЕДЕРАЛЬНОЕ ГОСУДАРСТВЕННОЕ БЮДЖЕТНОЕ ОБРАЗОВАТЕЛЬНОЕ УЧРЕЖДЕНИЕ ВЫСШЕГО ОБРАЗОВАНИЯ "РОССИЙСКИЙ ГОСУДАРСТВЕННЫЙ УНИВЕРСИТЕТ НЕФТИ И ГАЗА (НАЦИОНАЛЬНЫЙ ИССЛЕДОВАТЕЛЬСКИЙ УНИВЕРСИТЕТ) ИМЕНИ И.М. ГУБКИНА"</fullName>
                            <shortName>РГУ НЕФТИ И ГАЗА (НИУ) ИМЕНИ И.М. ГУБКИНА</shortName>
                            <iko>87736093127773601001</iko>
                            <inn>7736093127</inn>
                            <kpp>773601001</kpp>
                            <ogrn>1027739073845</ogrn>
                            <legalAddress>119991, Г МОСКВА, ПР-КТ ЛЕНИНСКИЙ, дом ДОМ 65, корпус КОРПУС 1</legalAddress>
                            <postalAddress>119991, ГОРОД МОСКВА, ПРОСПЕКТ ЛЕНИНСКИЙ, ДОМ 65, КОРПУС 1</postalAddress>
                            <phone>7-499-5078689</phone>
                            <email>tender@gubkin.ru</email>
                            <okato>45293558000</okato>
                            <okpo>02066612</okpo>
                        </mainInfo>
                    </organization>
                </ns2:contact>
                <ns2:publicationDateTime>2017-03-14T17:31:49</ns2:publicationDateTime>
                <ns2:documentationDelivery>
                    <deliveryStartDateTime>2017-03-14</deliveryStartDateTime>
                    <deliveryEndDateTime>2017-04-04</deliveryEndDateTime>
                    <place>ЕИС</place>
                    <procedure>Бесплатно</procedure>
                </ns2:documentationDelivery>
                <ns2:status>P</ns2:status>
                <ns2:version>1</ns2:version>
                <ns2:notDishonest>true</ns2:notDishonest>
                <ns2:attachments>
                    <totalDocumentsCount>2</totalDocumentsCount>
                    <document>
                        <guid>9ec64518-72c0-47ed-b94f-eb4997bbc05d</guid>
                        <createDateTime>2017-03-14T16:17:00</createDateTime>
                        <fileName>Документация.doc</fileName>
                        <description>Документация</description>
                        <url>http://zakupki.gov.ru/223/purchase/public/download/download.html?id=30048004</url>
                    </document>
                    <document>
                        <guid>cb4f817d-e4dd-445d-ad0b-e964917b8124</guid>
                        <createDateTime>2017-03-14T16:30:15</createDateTime>
                        <fileName>Локальный сметный расчет.xlsx</fileName>
                        <description>Локальный сметный расчет</description>
                        <url>http://zakupki.gov.ru/223/purchase/public/download/download.html?id=30048742</url>
                    </document>
                </ns2:attachments>
                <ns2:modificationDate>2017-03-14T17:31:49</ns2:modificationDate>
                <ns2:saveUserId>260634</ns2:saveUserId>
                <ns2:deliveryPlaceIndication>DIFFERENT_PLACE</ns2:deliveryPlaceIndication>
                <ns2:emergency>false</ns2:emergency>
                <ns2:jointPurchase>false</ns2:jointPurchase>
                <ns2:lots>
                    <lot>
                        <guid>bab01bbf-b45c-4442-8584-b2025fb3627b</guid>
                        <ordinalNumber>1</ordinalNumber>
                        <lotEditEnabled>false</lotEditEnabled>
                        <lotData>
                            <subject>Капитальный ремонт
</subject>
                            <currency>
                                <code>RUB</code>
                                <digitalCode>643</digitalCode>
                                <name>Российский рубль</name>
                            </currency>
                            <initialSum>1617021.68</initialSum>
                            <deliveryPlace>
                                <state>Центральный федеральный округ</state>
                                <region>Тверская   обл</region>
                                <regionOkato>28000000000</regionOkato>
                                <address>Конаковский р-н, , Дмитровогорское с/п, д.Федоровское, ОСЛ «Губкинец»   </address>
                            </deliveryPlace>
                            <lotItems>
                                <newCodes>true</newCodes>
                                <lotItem>
                                    <guid>defcd9e1-2ba2-4272-ab4b-5f9f202aaa6f</guid>
                                    <ordinalNumber>1</ordinalNumber>
                                    <okpd2>
                                        <code>42.21.22.110</code>
                                        <name>Работы строительные по прокладке местных трубопроводов воды или сточных вод</name>
                                    </okpd2>
                                    <okved2>
                                        <code>42.21</code>
                                        <name>Строительство инженерных коммуникаций для водоснабжения и водоотведения, газоснабжения</name>
                                    </okved2>
                                    <okei>
                                        <code>796</code>
                                        <name>Штука</name>
                                    </okei>
                                    <qty>1</qty>
                                </lotItem>
                            </lotItems>
                            <forSmallOrMiddle>false</forSmallOrMiddle>
                            <excludePurchaseFromPlan>false</excludePurchaseFromPlan>
                            <subcontractorsRequirement>false</subcontractorsRequirement>
                            <ignoredPurchase>false</ignoredPurchase>
                            <centralized>false</centralized>
                        </lotData>
                        <deliveryPlaceIndication>GL</deliveryPlaceIndication>
                        <jointLotData>
                            <jointLot>false</jointLot>
                        </jointLotData>
                        <lotPlanInfo>
                            <planRegistrationNumber>2160218509</planRegistrationNumber>
                            <planGuid>98b59201-316f-4437-9751-1ce94b2d47cb</planGuid>
                            <positionNumber>166</positionNumber>
                            <lotPlanPosition>COMMODITY</lotPlanPosition>
                            <positionGuid>15751aa3-8bf0-4120-aa76-686a32a0c47d</positionGuid>
                        </lotPlanInfo>
                        <cancelled>false</cancelled>
                    </lot>
                </ns2:lots>
                <ns2:examinationPlace>г. Москва, Ленинский просп., д. 65, корп. 1, ком. 234</ns2:examinationPlace>
                <ns2:examinationDateTime>2017-04-04T11:00:00</ns2:examinationDateTime>
                <ns2:auctionPlace>г. Москва, Ленинский просп., д. 65, корп. 1, ком. 234</ns2:auctionPlace>
                <ns2:auctionTime>2017-04-11T11:00:00</ns2:auctionTime>
                <ns2:submissionCloseDateTime>2017-04-04T11:00:00</ns2:submissionCloseDateTime>
                <ns2:publicationPlannedDate>2017-03-14</ns2:publicationPlannedDate>
            </ns2:purchaseNoticeOAData>
        </ns2:item>
    </ns2:body>
</ns2:purchaseNoticeOA>
