<?xml version="1.0" encoding="UTF-8" standalone="yes"?>
<ns2:purchaseNoticeOA xsi:schemaLocation="http://zakupki.gov.ru/223/integration/schema/TFF-5.2 http://zakupki.gov.ru/223/integration/schema/TFF-5.2/purchase.xsd" xmlns="http://zakupki.gov.ru/223fz/types/1" xmlns:ns10="http://zakupki.gov.ru/223fz/purchasePlan/1" xmlns:ns11="http://zakupki.gov.ru/223fz/purchasePlanProject/1" xmlns:ns12="http://zakupki.gov.ru/223fz/purchasePlanProjectAdditionalPosition/1" xmlns:ns13="http://zakupki.gov.ru/223fz/contract/1" xmlns:ns14="http://zakupki.gov.ru/223fz/missedNotice/1" xmlns:ns15="http://zakupki.gov.ru/223fz/reference/1" xmlns:ns16="http://zakupki.gov.ru/223fz/stopCommodity/1" xmlns:ns17="http://zakupki.gov.ru/223fz/decisionSuspension/1" xmlns:ns18="http://zakupki.gov.ru/223fz/purchasePlanAdditionalPosition/1" xmlns:ns19="http://zakupki.gov.ru/223fz/webRequest/1" xmlns:ns2="http://zakupki.gov.ru/223fz/purchase/1" xmlns:xsi="http://www.w3.org/2001/XMLSchema-instance" xmlns:ns3="http://zakupki.gov.ru/223fz/dishonestSupplier/1" xmlns:ns4="http://zakupki.gov.ru/223fz/machineryListInfo/1" xmlns:ns5="http://zakupki.gov.ru/223fz/revenue/1" xmlns:ns6="http://zakupki.gov.ru/223fz/orderClauseList/1" xmlns:ns7="http://zakupki.gov.ru/223fz/disagreementProtocol/1" xmlns:ns8="http://zakupki.gov.ru/223fz/complaint/1" xmlns:ns9="http://zakupki.gov.ru/223fz/notificationIssue/1">
    <header>
        <guid>a608be06-24fd-438c-b9a2-e6d568df9ee7</guid>
        <createDateTime>2017-03-14T17:33:42</createDateTime>
    </header>
    <ns2:body>
        <ns2:item>
            <guid>616e67ae-6c0f-418c-b15f-a5e8010b509f</guid>
            <ns2:purchaseNoticeOAData>
                <ns2:guid>616e67ae-6c0f-418c-b15f-a5e8010b509f</ns2:guid>
                <ns2:createDateTime>2017-03-14T12:11:00</ns2:createDateTime>
                <ns2:urlOOS>https://zakupki.gov.ru/223/purchase/private/purchase/notice-info/details.html?noticeInfoId=5870536</ns2:urlOOS>
                <ns2:registrationNumber>31704888389</ns2:registrationNumber>
                <ns2:name>Оказание услуг по обучению и организации работ по аттестации слушателей
</ns2:name>
                <ns2:customer>
                    <mainInfo>
                        <fullName>ФЕДЕРАЛЬНОЕ ГОСУДАРСТВЕННОЕ БЮДЖЕТНОЕ ОБРАЗОВАТЕЛЬНОЕ УЧРЕЖДЕНИЕ ВЫСШЕГО ОБРАЗОВАНИЯ "РОССИЙСКИЙ ГОСУДАРСТВЕННЫЙ УНИВЕРСИТЕТ НЕФТИ И ГАЗА (НАЦИОНАЛЬНЫЙ ИССЛЕДОВАТЕЛЬСКИЙ УНИВЕРСИТЕТ) ИМЕНИ И.М. ГУБКИНА"</fullName>
                        <shortName>РГУ НЕФТИ И ГАЗА (НИУ) ИМЕНИ И.М. ГУБКИНА</shortName>
                        <iko>87736093127773601001</iko>
                        <inn>7736093127</inn>
                        <kpp>773601001</kpp>
                        <ogrn>1027739073845</ogrn>
                        <legalAddress>119991, Г МОСКВА, ПР-КТ ЛЕНИНСКИЙ, дом ДОМ 65, корпус КОРПУС 1</legalAddress>
                        <postalAddress>119991, ГОРОД МОСКВА, ПРОСПЕКТ ЛЕНИНСКИЙ, ДОМ 65, КОРПУС 1</postalAddress>
                        <phone>7-499-5078689</phone>
                        <email>tender@gubkin.ru</email>
                        <okato>45293558000</okato>
                        <okpo>02066612</okpo>
                    </mainInfo>
                </ns2:customer>
                <ns2:purchaseMethodCode>3360</ns2:purchaseMethodCode>
                <ns2:purchaseCodeName>Открытый аукцион</ns2:purchaseCodeName>
                <ns2:placer>
                    <mainInfo>
                        <fullName>ФЕДЕРАЛЬНОЕ ГОСУДАРСТВЕННОЕ БЮДЖЕТНОЕ ОБРАЗОВАТЕЛЬНОЕ УЧРЕЖДЕНИЕ ВЫСШЕГО ОБРАЗОВАНИЯ "РОССИЙСКИЙ ГОСУДАРСТВЕННЫЙ УНИВЕРСИТЕТ НЕФТИ И ГАЗА (НАЦИОНАЛЬНЫЙ ИССЛЕДОВАТЕЛЬСКИЙ УНИВЕРСИТЕТ) ИМЕНИ И.М. ГУБКИНА"</fullName>
                        <shortName>РГУ НЕФТИ И ГАЗА (НИУ) ИМЕНИ И.М. ГУБКИНА</shortName>
                        <iko>87736093127773601001</iko>
                        <inn>7736093127</inn>
                        <kpp>773601001</kpp>
                        <ogrn>1027739073845</ogrn>
                        <legalAddress>119991, Г МОСКВА, ПР-КТ ЛЕНИНСКИЙ, дом ДОМ 65, корпус КОРПУС 1</legalAddress>
                        <postalAddress>119991, ГОРОД МОСКВА, ПРОСПЕКТ ЛЕНИНСКИЙ, ДОМ 65, КОРПУС 1</postalAddress>
                        <phone>7-499-5078689</phone>
                        <email>tender@gubkin.ru</email>
                        <okato>45293558000</okato>
                        <okpo>02066612</okpo>
                    </mainInfo>
                </ns2:placer>
                <ns2:contact>
                    <firstName>Петр</firstName>
                    <middleName>Федорович</middleName>
                    <lastName>Анисимов</lastName>
                    <phone>+7 (499) 5078689</phone>
                    <email>tender@gubkin.com</email>
                    <organization>
                        <mainInfo>
                            <fullName>ФЕДЕРАЛЬНОЕ ГОСУДАРСТВЕННОЕ БЮДЖЕТНОЕ ОБРАЗОВАТЕЛЬНОЕ УЧРЕЖДЕНИЕ ВЫСШЕГО ОБРАЗОВАНИЯ "РОССИЙСКИЙ ГОСУДАРСТВЕННЫЙ УНИВЕРСИТЕТ НЕФТИ И ГАЗА (НАЦИОНАЛЬНЫЙ ИССЛЕДОВАТЕЛЬСКИЙ УНИВЕРСИТЕТ) ИМЕНИ И.М. ГУБКИНА"</fullName>
                            <shortName>РГУ НЕФТИ И ГАЗА (НИУ) ИМЕНИ И.М. ГУБКИНА</shortName>
                            <iko>87736093127773601001</iko>
                            <inn>7736093127</inn>
                            <kpp>773601001</kpp>
                            <ogrn>1027739073845</ogrn>
                            <legalAddress>119991, Г МОСКВА, ПР-КТ ЛЕНИНСКИЙ, дом ДОМ 65, корпус КОРПУС 1</legalAddress>
                            <postalAddress>119991, ГОРОД МОСКВА, ПРОСПЕКТ ЛЕНИНСКИЙ, ДОМ 65, КОРПУС 1</postalAddress>
                            <phone>7-499-5078689</phone>
                            <email>tender@gubkin.ru</email>
                            <okato>45293558000</okato>
                            <okpo>02066612</okpo>
                        </mainInfo>
                    </organization>
                </ns2:contact>
                <ns2:publicationDateTime>2017-03-14T17:33:42</ns2:publicationDateTime>
                <ns2:documentationDelivery>
                    <deliveryStartDateTime>2017-03-14</deliveryStartDateTime>
                    <deliveryEndDateTime>2017-04-04</deliveryEndDateTime>
                    <place>ЕИС</place>
                    <procedure>Бесплатно</procedure>
                </ns2:documentationDelivery>
                <ns2:status>P</ns2:status>
                <ns2:version>1</ns2:version>
                <ns2:notDishonest>true</ns2:notDishonest>
                <ns2:attachments>
                    <totalDocumentsCount>1</totalDocumentsCount>
                    <document>
                        <guid>75d3bfd0-7907-4216-b3b6-e237f659ae7f</guid>
                        <createDateTime>2017-03-14T17:25:55</createDateTime>
                        <fileName>Документация.doc</fileName>
                        <description>Документация</description>
                        <url>http://zakupki.gov.ru/223/purchase/public/download/download.html?id=30051141</url>
                    </document>
                </ns2:attachments>
                <ns2:modificationDate>2017-03-14T17:33:42</ns2:modificationDate>
                <ns2:saveUserId>260634</ns2:saveUserId>
                <ns2:deliveryPlaceIndication>DIFFERENT_PLACE</ns2:deliveryPlaceIndication>
                <ns2:emergency>false</ns2:emergency>
                <ns2:jointPurchase>false</ns2:jointPurchase>
                <ns2:lots>
                    <lot>
                        <guid>f677bb6d-0fd7-4c5f-8583-a53876ddd301</guid>
                        <ordinalNumber>1</ordinalNumber>
                        <lotEditEnabled>false</lotEditEnabled>
                        <lotData>
                            <subject>Оказание услуг по обучению и организации работ по аттестации слушателей
</subject>
                            <currency>
                                <code>RUB</code>
                                <digitalCode>643</digitalCode>
                                <name>Российский рубль</name>
                            </currency>
                            <initialSum>4975000.00</initialSum>
                            <deliveryPlace>
                                <state>Центральный федеральный округ</state>
                                <region>Москва</region>
                                <regionOkato>45000000000</regionOkato>
                                <address>г. Москва</address>
                            </deliveryPlace>
                            <lotItems>
                                <newCodes>true</newCodes>
                                <lotItem>
                                    <guid>360e05dc-5fbd-46eb-955a-689fc7ee6771</guid>
                                    <ordinalNumber>1</ordinalNumber>
                                    <okpd2>
                                        <code>85.31.11.000</code>
                                        <name>Услуги по профессиональному обучению</name>
                                    </okpd2>
                                    <okved2>
                                        <code>85.30</code>
                                        <name>Обучение профессиональное</name>
                                    </okved2>
                                    <okei>
                                        <code>792</code>
                                        <name>Человек</name>
                                    </okei>
                                    <qty>199</qty>
                                </lotItem>
                            </lotItems>
                            <forSmallOrMiddle>true</forSmallOrMiddle>
                            <excludePurchaseFromPlan>false</excludePurchaseFromPlan>
                            <subcontractorsRequirement>false</subcontractorsRequirement>
                            <ignoredPurchase>false</ignoredPurchase>
                            <centralized>false</centralized>
                        </lotData>
                        <deliveryPlaceIndication>GL</deliveryPlaceIndication>
                        <jointLotData>
                            <jointLot>false</jointLot>
                        </jointLotData>
                        <lotPlanInfo>
                            <planRegistrationNumber>2160218509</planRegistrationNumber>
                            <planGuid>98b59201-316f-4437-9751-1ce94b2d47cb</planGuid>
                            <positionNumber>43</positionNumber>
                            <lotPlanPosition>COMMODITY</lotPlanPosition>
                            <positionGuid>f2abe294-6198-48d3-8323-9c44e8da4b70</positionGuid>
                        </lotPlanInfo>
                        <cancelled>false</cancelled>
                    </lot>
                </ns2:lots>
                <ns2:examinationPlace>г. Москва, Ленинский просп., д. 65, корп. 1, ком. 234</ns2:examinationPlace>
                <ns2:examinationDateTime>2017-04-04T12:00:00</ns2:examinationDateTime>
                <ns2:auctionPlace>г. Москва, Ленинский просп., д. 65, корп. 1, ком. 234</ns2:auctionPlace>
                <ns2:auctionTime>2017-04-11T12:00:00</ns2:auctionTime>
                <ns2:submissionCloseDateTime>2017-04-04T12:00:00</ns2:submissionCloseDateTime>
                <ns2:publicationPlannedDate>2017-03-14</ns2:publicationPlannedDate>
            </ns2:purchaseNoticeOAData>
        </ns2:item>
    </ns2:body>
</ns2:purchaseNoticeOA>
