<?xml version="1.0" encoding="UTF-8" standalone="yes"?>
<ns2:purchaseNoticeEP xsi:schemaLocation="http://zakupki.gov.ru/223/integration/schema/TFF-5.2 http://zakupki.gov.ru/223/integration/schema/TFF-5.2/purchase.xsd" xmlns="http://zakupki.gov.ru/223fz/types/1" xmlns:ns10="http://zakupki.gov.ru/223fz/purchasePlanProjectAdditionalPosition/1" xmlns:ns11="http://zakupki.gov.ru/223fz/decisionSuspension/1" xmlns:ns12="http://zakupki.gov.ru/223fz/purchasePlanAdditionalPosition/1" xmlns:ns13="http://zakupki.gov.ru/223fz/reference/1" xmlns:ns14="http://zakupki.gov.ru/223fz/stopCommodity/1" xmlns:ns15="http://zakupki.gov.ru/223fz/machineryListInfo/1" xmlns:ns16="http://zakupki.gov.ru/223fz/revenue/1" xmlns:ns17="http://zakupki.gov.ru/223fz/orderClauseList/1" xmlns:ns18="http://zakupki.gov.ru/223fz/disagreementProtocol/1" xmlns:ns19="http://zakupki.gov.ru/223fz/webRequest/1" xmlns:ns2="http://zakupki.gov.ru/223fz/purchase/1" xmlns:xsi="http://www.w3.org/2001/XMLSchema-instance" xmlns:ns3="http://zakupki.gov.ru/223fz/dishonestSupplier/1" xmlns:ns4="http://zakupki.gov.ru/223fz/complaint/1" xmlns:ns5="http://zakupki.gov.ru/223fz/notificationIssue/1" xmlns:ns6="http://zakupki.gov.ru/223fz/purchasePlan/1" xmlns:ns7="http://zakupki.gov.ru/223fz/purchasePlanProject/1" xmlns:ns8="http://zakupki.gov.ru/223fz/contract/1" xmlns:ns9="http://zakupki.gov.ru/223fz/missedNotice/1">
    <header>
        <guid>ec8e9ccf-e165-4ddf-818b-616dde0e2bcc</guid>
        <createDateTime>2017-01-18T12:23:00</createDateTime>
    </header>
    <ns2:body>
        <ns2:item>
            <guid>fc75aaed-b0ab-4ec3-8e8b-8c273dec06f6</guid>
            <ns2:purchaseNoticeEPData>
                <ns2:guid>fc75aaed-b0ab-4ec3-8e8b-8c273dec06f6</ns2:guid>
                <ns2:createDateTime>2017-01-18T15:06:25</ns2:createDateTime>
                <ns2:urlOOS>https://zakupki.gov.ru/223/purchase/private/purchase/notice-info/details.html?noticeInfoId=5625213</ns2:urlOOS>
                <ns2:registrationNumber>31704678721</ns2:registrationNumber>
                <ns2:name>Поставка через присоединительную сеть тепловой энергии на отопление и горячее водоснабжение </ns2:name>
                <ns2:customer>
                    <mainInfo>
                        <fullName>АВТОНОМНОЕ УЧРЕЖДЕНИЕ ЗДРАВООХРАНЕНИЯ РЕСПУБЛИКИ АЛТАЙ "РЕСПУБЛИКАНСКАЯ СТОМАТОЛОГИЧЕСКАЯ ПОЛИКЛИНИКА"</fullName>
                        <shortName>АУЗРА "РСП"</shortName>
                        <iko>50411008292041101001</iko>
                        <inn>0411008292</inn>
                        <kpp>041101001</kpp>
                        <ogrn>1020400752635</ogrn>
                        <legalAddress>649000, Республика Алтай, Горно-Алтайск, Социалистическая, дом 19</legalAddress>
                        <postalAddress>649000, Республика Алтай, г. Горно-Алтайск, ул. Социалистическая, дом 19</postalAddress>
                        <phone>7-388-2221172</phone>
                        <fax>7-388-2227026</fax>
                        <email>guz.rsp@mail.ru</email>
                        <okato>84401000000</okato>
                        <okpo>16252695</okpo>
                    </mainInfo>
                </ns2:customer>
                <ns2:purchaseMethodCode>3363</ns2:purchaseMethodCode>
                <ns2:purchaseCodeName>Закупка у единственного поставщика (исполнителя, подрядчика)</ns2:purchaseCodeName>
                <ns2:placer>
                    <mainInfo>
                        <fullName>АВТОНОМНОЕ УЧРЕЖДЕНИЕ ЗДРАВООХРАНЕНИЯ РЕСПУБЛИКИ АЛТАЙ "РЕСПУБЛИКАНСКАЯ СТОМАТОЛОГИЧЕСКАЯ ПОЛИКЛИНИКА"</fullName>
                        <shortName>АУЗРА "РСП"</shortName>
                        <iko>50411008292041101001</iko>
                        <inn>0411008292</inn>
                        <kpp>041101001</kpp>
                        <ogrn>1020400752635</ogrn>
                        <legalAddress>649000, Республика Алтай, Горно-Алтайск, Социалистическая, дом 19</legalAddress>
                        <postalAddress>649000, Республика Алтай, г. Горно-Алтайск, ул. Социалистическая, дом 19</postalAddress>
                        <phone>7-388-2221172</phone>
                        <fax>7-388-2227026</fax>
                        <email>guz.rsp@mail.ru</email>
                        <okato>84401000000</okato>
                        <okpo>16252695</okpo>
                    </mainInfo>
                </ns2:placer>
                <ns2:contact>
                    <firstName>Ак-Санаа</firstName>
                    <middleName>Владимировна</middleName>
                    <lastName>Тайтакова</lastName>
                    <phone>+7 (38822) 21172</phone>
                    <fax>+7 (38822) 27026</fax>
                    <email>guz.rsp@mail.ru</email>
                    <organization>
                        <mainInfo>
                            <fullName>АВТОНОМНОЕ УЧРЕЖДЕНИЕ ЗДРАВООХРАНЕНИЯ РЕСПУБЛИКИ АЛТАЙ "РЕСПУБЛИКАНСКАЯ СТОМАТОЛОГИЧЕСКАЯ ПОЛИКЛИНИКА"</fullName>
                            <shortName>АУЗРА "РСП"</shortName>
                            <iko>50411008292041101001</iko>
                            <inn>0411008292</inn>
                            <kpp>041101001</kpp>
                            <ogrn>1020400752635</ogrn>
                            <legalAddress>649000, Республика Алтай, Горно-Алтайск, Социалистическая, дом 19</legalAddress>
                            <postalAddress>649000, Республика Алтай, г. Горно-Алтайск, ул. Социалистическая, дом 19</postalAddress>
                            <phone>7-388-2221172</phone>
                            <fax>7-388-2227026</fax>
                            <email>guz.rsp@mail.ru</email>
                            <okato>84401000000</okato>
                            <okpo>16252695</okpo>
                        </mainInfo>
                    </organization>
                </ns2:contact>
                <ns2:publicationDateTime>2017-01-18T15:23:00</ns2:publicationDateTime>
                <ns2:documentationDelivery>
                    <deliveryStartDateTime>2017-01-18</deliveryStartDateTime>
                    <deliveryEndDateTime>2017-01-19</deliveryEndDateTime>
                    <place>649000, Республика Алтай, г.Горно-Алтайск, ул. Социалистическая, 19., каб. 35</place>
                    <procedure>Доступна на официальном сайте в информационно-телекоммуникационной сети "Интернет" www.zakupki.gov.ru</procedure>
                </ns2:documentationDelivery>
                <ns2:status>P</ns2:status>
                <ns2:version>1</ns2:version>
                <ns2:notDishonest>false</ns2:notDishonest>
                <ns2:attachments>
                    <totalDocumentsCount>2</totalDocumentsCount>
                    <document>
                        <guid>48353a9a-6a9c-44ca-843d-f64f062355a3</guid>
                        <createDateTime>2017-01-18T12:21:46</createDateTime>
                        <fileName>Извещение 03.pdf</fileName>
                        <description>Извещение 03</description>
                        <url>http://zakupki.gov.ru/223/purchase/public/download/download.html?id=28663987</url>
                    </document>
                    <document>
                        <guid>a3b89b44-2caf-4813-808f-d35a9f2f1107</guid>
                        <createDateTime>2017-01-18T12:22:19</createDateTime>
                        <fileName>Проект договора ЖКХ 03.docx</fileName>
                        <description>Проект договора ЖКХ 03</description>
                        <url>http://zakupki.gov.ru/223/purchase/public/download/download.html?id=28664007</url>
                    </document>
                </ns2:attachments>
                <ns2:modificationDate>2017-01-18T15:23:00</ns2:modificationDate>
                <ns2:saveUserId>5491</ns2:saveUserId>
                <ns2:deliveryPlaceIndication>SINGLE_PLACE</ns2:deliveryPlaceIndication>
                <ns2:emergency>false</ns2:emergency>
                <ns2:jointPurchase>false</ns2:jointPurchase>
                <ns2:lots>
                    <lot>
                        <guid>79fc7cf3-5850-414a-be73-88ba0ad19b55</guid>
                        <ordinalNumber>1</ordinalNumber>
                        <lotEditEnabled>false</lotEditEnabled>
                        <lotData>
                            <subject>Поставка через присоединенную сеть тепловой энергии на отопление и горячее водоснабжение</subject>
                            <currency>
                                <code>RUB</code>
                                <digitalCode>643</digitalCode>
                                <name>Российский рубль</name>
                            </currency>
                            <initialSum>887200.00</initialSum>
                            <deliveryPlace>
                                <state>Сибирский федеральный округ</state>
                                <region>Алтай Респ </region>
                                <regionOkato>84000000000</regionOkato>
                                <address>649000Республика Алтай, г. Горно-Алтайск, ул. Социалистическая, 19</address>
                            </deliveryPlace>
                            <lotItems>
                                <newCodes>true</newCodes>
                                <lotItem>
                                    <guid>901146bd-e11d-4041-8175-20ba741f02c8</guid>
                                    <ordinalNumber>1</ordinalNumber>
                                    <okpd2>
                                        <code>35.30.11</code>
                                        <name>Пар и горячая вода</name>
                                    </okpd2>
                                    <okved2>
                                        <code>35.30.6</code>
                                        <name>Торговля паром и горячей водой (тепловой энергией)</name>
                                    </okved2>
                                    <okei>
                                        <code>233</code>
                                        <name>Гигакалория</name>
                                    </okei>
                                    <qty>267</qty>
                                </lotItem>
                            </lotItems>
                            <forSmallOrMiddle>false</forSmallOrMiddle>
                            <excludePurchaseFromPlan>false</excludePurchaseFromPlan>
                            <subcontractorsRequirement>false</subcontractorsRequirement>
                            <ignoredPurchase>false</ignoredPurchase>
                            <centralized>false</centralized>
                        </lotData>
                        <deliveryPlaceIndication>GL</deliveryPlaceIndication>
                        <jointLotData>
                            <jointLot>false</jointLot>
                        </jointLotData>
                        <lotPlanInfo>
                            <planRegistrationNumber>2160208654</planRegistrationNumber>
                            <planGuid>cc3f1fde-fc60-4ffd-8b22-3a9c4f066cc4</planGuid>
                            <positionNumber>1</positionNumber>
                            <lotPlanPosition>COMMODITY</lotPlanPosition>
                            <positionGuid>76dc0c42-a244-4e6d-bf8c-cb1f90d4ae47</positionGuid>
                        </lotPlanInfo>
                        <cancelled>false</cancelled>
                    </lot>
                </ns2:lots>
            </ns2:purchaseNoticeEPData>
        </ns2:item>
    </ns2:body>
</ns2:purchaseNoticeEP>
