<?xml version="1.0" encoding="UTF-8" standalone="yes"?>
<ns2:explanation xsi:schemaLocation="http://zakupki.gov.ru/223/integration/schema/TFF-5.2 http://zakupki.gov.ru/223/integration/schema/TFF-5.2/purchase.xsd" xmlns="http://zakupki.gov.ru/223fz/types/1" xmlns:ns10="http://zakupki.gov.ru/223fz/machineryListInfo/1" xmlns:ns11="http://zakupki.gov.ru/223fz/revenue/1" xmlns:ns12="http://zakupki.gov.ru/223fz/orderClauseList/1" xmlns:ns13="http://zakupki.gov.ru/223fz/contract/1" xmlns:ns14="http://zakupki.gov.ru/223fz/missedNotice/1" xmlns:ns15="http://zakupki.gov.ru/223fz/complaint/1" xmlns:ns16="http://zakupki.gov.ru/223fz/decisionSuspension/1" xmlns:ns17="http://zakupki.gov.ru/223fz/purchasePlanAdditionalPosition/1" xmlns:ns18="http://zakupki.gov.ru/223fz/notificationIssue/1" xmlns:ns19="http://zakupki.gov.ru/223fz/webRequest/1" xmlns:ns2="http://zakupki.gov.ru/223fz/purchase/1" xmlns:xsi="http://www.w3.org/2001/XMLSchema-instance" xmlns:ns3="http://zakupki.gov.ru/223fz/dishonestSupplier/1" xmlns:ns4="http://zakupki.gov.ru/223fz/purchasePlan/1" xmlns:ns5="http://zakupki.gov.ru/223fz/purchasePlanProject/1" xmlns:ns6="http://zakupki.gov.ru/223fz/purchasePlanProjectAdditionalPosition/1" xmlns:ns7="http://zakupki.gov.ru/223fz/disagreementProtocol/1" xmlns:ns8="http://zakupki.gov.ru/223fz/reference/1" xmlns:ns9="http://zakupki.gov.ru/223fz/stopCommodity/1">
    <header>
        <guid>f95434f7-06db-4654-bea5-b8e0d04e68dc</guid>
        <createDateTime>2017-03-20T14:21:08</createDateTime>
    </header>
    <ns2:body>
        <ns2:item>
            <guid>7a9888ea-fb0a-1ed7-83ab-b6a3ac2c93b5</guid>
            <ns2:explanationData>
                <ns2:guid>7a9888ea-fb0a-1ed7-83ab-b6a3ac2c93b5</ns2:guid>
                <ns2:urlOOS>https://zakupki.gov.ru/223/purchase/private/purchase/explanation/details.html?explanationId=306248</ns2:urlOOS>
                <ns2:description>Звонки на номера Оператора домашнего региона, номера корпоративной связи – бесплатно.
Исходящие вызовы на номера телефонов Свердловской области – оплата из пакета минут в пределах тарифа.
Исходящие вызовы на номера телефонов по междугородней связи в пределах РФ – оплата из пакета минут в пределах тарифа.
Исходящие вызовы на номера телефонов по международной связи, а так же услуги после исчерпания пакета – услуга оплачивается отдельно.

Объем предоплаченного интернет-трафика и порядок распределения объема минут между направлениями на каждом тарифе.
Не менее: 5 Гб / 7 Гб / 15 Гб / 20 Гб
</ns2:description>
                <ns2:requestSubjectInfo>Добрый день!

Согласно ТЗ требуется предоставление 4 тарифов с различным объемом включенных минут. Однако, не ясно как объем минут должен распределяться внутри Перечня оказываемых услуг: Исходящие вызовы на номера телефонов Свердловской области, Исходящие вызовы на номера телефонов по междугородней связи в пределах РФ, Исходящие вызовы на номера телефонов по международной связи.
Просим дать разъяснение относительно требуемого объема предоплаченного интернет-траффика и порядок распределения объема минут между направлениями на каждом из тарифов. 
</ns2:requestSubjectInfo>
                <ns2:requestDate>2017-03-20T10:40:52</ns2:requestDate>
                <ns2:status>P</ns2:status>
                <ns2:creationDate>2017-03-20T18:15:36</ns2:creationDate>
                <ns2:modificationDate>2017-03-20T16:21:08</ns2:modificationDate>
                <ns2:decisionDate>2017-03-21T01:59:59</ns2:decisionDate>
                <ns2:publishDate>2017-03-20T16:21:08</ns2:publishDate>
                <ns2:attachments>
                    <totalDocumentsCount>1</totalDocumentsCount>
                    <document>
                        <guid>7a9888ea-fb0a-1ed7-83ab-be58bdcdca3b</guid>
                        <createDateTime>2017-03-20T16:15:36</createDateTime>
                        <fileName>разъяснение.docx</fileName>
                        <description>разъяснение.docx</description>
                        <url>http://zakupki.gov.ru/223/purchase/public/download/download.html?id=30180773</url>
                    </document>
                </ns2:attachments>
                <ns2:purchaseRegNum>31704901661</ns2:purchaseRegNum>
                <ns2:purchaseMethodCode>5907</ns2:purchaseMethodCode>
                <ns2:purchaseMethodName>Открытый запрос цен в электронной форме</ns2:purchaseMethodName>
                <ns2:purchaseName>Право заключения договора на Услуги по предоставлению мобильной(сотовой) связи</ns2:purchaseName>
                <ns2:placer>
                    <mainInfo>
                        <fullName>АКЦИОНЕРНОЕ ОБЩЕСТВО "ИНСТИТУТ РЕАКТОРНЫХ МАТЕРИАЛОВ"</fullName>
                        <shortName>АО "ИРМ"</shortName>
                        <iko>56639019655663901001</iko>
                        <inn>6639019655</inn>
                        <kpp>663901001</kpp>
                        <ogrn>1096639000952</ogrn>
                        <legalAddress>624250, обл СВЕРДЛОВСКАЯ, г ЗАРЕЧНЫЙ</legalAddress>
                        <postalAddress>624250, Свердловская, Заречный, а/я 29</postalAddress>
                        <phone>64-34377-35095</phone>
                        <email>mts@irmatom.ru</email>
                        <okato>65426000000</okato>
                        <okpo>08624332</okpo>
                    </mainInfo>
                </ns2:placer>
                <ns2:emergency>false</ns2:emergency>
            </ns2:explanationData>
        </ns2:item>
    </ns2:body>
</ns2:explanation>
