<?xml version="1.0" encoding="UTF-8" standalone="yes"?>
<ns2:explanation xsi:schemaLocation="http://zakupki.gov.ru/223/integration/schema/TFF-5.2 http://zakupki.gov.ru/223/integration/schema/TFF-5.2/purchase.xsd" xmlns="http://zakupki.gov.ru/223fz/types/1" xmlns:ns10="http://zakupki.gov.ru/223fz/machineryListInfo/1" xmlns:ns11="http://zakupki.gov.ru/223fz/revenue/1" xmlns:ns12="http://zakupki.gov.ru/223fz/orderClauseList/1" xmlns:ns13="http://zakupki.gov.ru/223fz/contract/1" xmlns:ns14="http://zakupki.gov.ru/223fz/missedNotice/1" xmlns:ns15="http://zakupki.gov.ru/223fz/complaint/1" xmlns:ns16="http://zakupki.gov.ru/223fz/decisionSuspension/1" xmlns:ns17="http://zakupki.gov.ru/223fz/purchasePlanAdditionalPosition/1" xmlns:ns18="http://zakupki.gov.ru/223fz/notificationIssue/1" xmlns:ns19="http://zakupki.gov.ru/223fz/webRequest/1" xmlns:ns2="http://zakupki.gov.ru/223fz/purchase/1" xmlns:xsi="http://www.w3.org/2001/XMLSchema-instance" xmlns:ns3="http://zakupki.gov.ru/223fz/dishonestSupplier/1" xmlns:ns4="http://zakupki.gov.ru/223fz/purchasePlan/1" xmlns:ns5="http://zakupki.gov.ru/223fz/purchasePlanProject/1" xmlns:ns6="http://zakupki.gov.ru/223fz/purchasePlanProjectAdditionalPosition/1" xmlns:ns7="http://zakupki.gov.ru/223fz/disagreementProtocol/1" xmlns:ns8="http://zakupki.gov.ru/223fz/reference/1" xmlns:ns9="http://zakupki.gov.ru/223fz/stopCommodity/1">
    <header>
        <guid>57c2ca5d-f461-4c6f-a3bf-f5911ffa2564</guid>
        <createDateTime>2017-03-20T11:19:58</createDateTime>
    </header>
    <ns2:body>
        <ns2:item>
            <guid>3c0cbece-ce54-7bdf-a64d-9ecc4bd97048</guid>
            <ns2:explanationData>
                <ns2:guid>3c0cbece-ce54-7bdf-a64d-9ecc4bd97048</ns2:guid>
                <ns2:urlOOS>https://zakupki.gov.ru/223/purchase/private/purchase/explanation/details.html?explanationId=306099</ns2:urlOOS>
                <ns2:description>На Ваш запрос: «Добрый день. Уточните по поз. 3, 4, 5, Вам необходимы готовые изделия или заготовки?»
Сообщаем, что по позициям 3-5 необходимы готовые изделия.
</ns2:description>
                <ns2:requestSubjectInfo>Добрый день. Уточните по поз. 3, 4, 5, Вам необходимы готовые изделия или заготовки?</ns2:requestSubjectInfo>
                <ns2:requestDate>2017-03-17T14:02:11</ns2:requestDate>
                <ns2:status>P</ns2:status>
                <ns2:creationDate>2017-03-20T12:52:17</ns2:creationDate>
                <ns2:modificationDate>2017-03-20T13:19:58</ns2:modificationDate>
                <ns2:decisionDate>2017-03-20T10:52:17</ns2:decisionDate>
                <ns2:publishDate>2017-03-20T13:19:58</ns2:publishDate>
                <ns2:attachments>
                    <totalDocumentsCount>1</totalDocumentsCount>
                    <document>
                        <guid>c3f647b2-f9fe-5fac-bd73-3e1564864be1</guid>
                        <createDateTime>2017-03-20T10:51:58</createDateTime>
                        <fileName>На_Ваш_запрос_поковок.docx</fileName>
                        <description>На_Ваш_запрос_поковок.docx</description>
                        <url>http://zakupki.gov.ru/223/purchase/public/download/download.html?id=30171035</url>
                    </document>
                </ns2:attachments>
                <ns2:purchaseRegNum>31704863924</ns2:purchaseRegNum>
                <ns2:purchaseMethodCode>3361</ns2:purchaseMethodCode>
                <ns2:purchaseMethodName>Открытый аукцион в электронной форме</ns2:purchaseMethodName>
                <ns2:purchaseName>Открытый аукцион в электронной форме (аукцион на понижение) на право заключения договора на изготовление и поставку поковок.</ns2:purchaseName>
                <ns2:placer>
                    <mainInfo>
                        <fullName>ПУБЛИЧНОЕ АКЦИОНЕРНОЕ ОБЩЕСТВО "МАШИНОСТРОИТЕЛЬНЫЙ ЗАВОД ИМЕНИ М.И.КАЛИНИНА, Г. ЕКАТЕРИНБУРГ"</fullName>
                        <shortName>ПАО "МЗИК"</shortName>
                        <iko>56663003800667301001</iko>
                        <inn>6663003800</inn>
                        <kpp>668601001</kpp>
                        <ogrn>1026605624451</ogrn>
                        <legalAddress>620017, ОБЛ СВЕРДЛОВСКАЯ, Г ЕКАТЕРИНБУРГ, ПР-КТ КОСМОНАВТОВ, дом 18</legalAddress>
                        <postalAddress>620000, Свердловская Область, Екатеринбург Город, дом 18</postalAddress>
                        <phone>7-343-3295064</phone>
                        <fax>7-343-3311796</fax>
                        <email>v_bunkov@mail.ru</email>
                        <okato>65401385000</okato>
                        <okpo>07509511</okpo>
                    </mainInfo>
                </ns2:placer>
                <ns2:emergency>false</ns2:emergency>
            </ns2:explanationData>
        </ns2:item>
    </ns2:body>
</ns2:explanation>
