<?xml version="1.0" encoding="UTF-8" standalone="yes"?>
<ns2:explanation xsi:schemaLocation="http://zakupki.gov.ru/223/integration/schema/TFF-5.2 http://zakupki.gov.ru/223/integration/schema/TFF-5.2/purchase.xsd" xmlns="http://zakupki.gov.ru/223fz/types/1" xmlns:ns10="http://zakupki.gov.ru/223fz/machineryListInfo/1" xmlns:ns11="http://zakupki.gov.ru/223fz/revenue/1" xmlns:ns12="http://zakupki.gov.ru/223fz/orderClauseList/1" xmlns:ns13="http://zakupki.gov.ru/223fz/contract/1" xmlns:ns14="http://zakupki.gov.ru/223fz/missedNotice/1" xmlns:ns15="http://zakupki.gov.ru/223fz/complaint/1" xmlns:ns16="http://zakupki.gov.ru/223fz/decisionSuspension/1" xmlns:ns17="http://zakupki.gov.ru/223fz/purchasePlanAdditionalPosition/1" xmlns:ns18="http://zakupki.gov.ru/223fz/notificationIssue/1" xmlns:ns19="http://zakupki.gov.ru/223fz/webRequest/1" xmlns:ns2="http://zakupki.gov.ru/223fz/purchase/1" xmlns:xsi="http://www.w3.org/2001/XMLSchema-instance" xmlns:ns3="http://zakupki.gov.ru/223fz/dishonestSupplier/1" xmlns:ns4="http://zakupki.gov.ru/223fz/purchasePlan/1" xmlns:ns5="http://zakupki.gov.ru/223fz/purchasePlanProject/1" xmlns:ns6="http://zakupki.gov.ru/223fz/purchasePlanProjectAdditionalPosition/1" xmlns:ns7="http://zakupki.gov.ru/223fz/disagreementProtocol/1" xmlns:ns8="http://zakupki.gov.ru/223fz/reference/1" xmlns:ns9="http://zakupki.gov.ru/223fz/stopCommodity/1">
    <header>
        <guid>37215986-0566-425f-a1a3-1404c3dba7f8</guid>
        <createDateTime>2017-03-20T11:36:48</createDateTime>
    </header>
    <ns2:body>
        <ns2:item>
            <guid>fcb874ff-b6a9-4216-8616-f16ecfb5f562</guid>
            <ns2:explanationData>
                <ns2:guid>fcb874ff-b6a9-4216-8616-f16ecfb5f562</ns2:guid>
                <ns2:urlOOS>https://zakupki.gov.ru/223/purchase/private/purchase/explanation/details.html?explanationId=306126</ns2:urlOOS>
                <ns2:description>Добрый день! Возможна ли поставка продукции по стандарту AISI?</ns2:description>
                <ns2:requestSubjectInfo>Поставка продукции только по ГОСТу</ns2:requestSubjectInfo>
                <ns2:requestDate>2017-03-17T14:59:21</ns2:requestDate>
                <ns2:status>P</ns2:status>
                <ns2:creationDate>2017-03-17T16:59:21</ns2:creationDate>
                <ns2:modificationDate>2017-03-20T13:36:48</ns2:modificationDate>
                <ns2:decisionDate>2017-03-20T11:26:42</ns2:decisionDate>
                <ns2:publishDate>2017-03-20T13:36:49</ns2:publishDate>
                <ns2:attachments>
                    <totalDocumentsCount>1</totalDocumentsCount>
                    <document>
                        <guid>af3ed0b1-03c2-432a-9eb3-8e7cd00be9ab</guid>
                        <createDateTime>2017-03-20T11:26:30</createDateTime>
                        <fileName>ответ на запрос разъяснений 1.docx</fileName>
                        <description>ответ на запрос разъяснений 1</description>
                        <url>http://zakupki.gov.ru/223/purchase/public/download/download.html?id=30172907</url>
                    </document>
                </ns2:attachments>
                <ns2:purchaseRegNum>31704884349</ns2:purchaseRegNum>
                <ns2:purchaseMethodCode>109858</ns2:purchaseMethodCode>
                <ns2:purchaseMethodName>Запрос котировок в электронной форме</ns2:purchaseMethodName>
                <ns2:purchaseName>1902-00012. Поставка металлопроката из нержавеющей
                            стали</ns2:purchaseName>
                <ns2:placer>
                    <mainInfo>
                        <fullName>ОБЩЕСТВО С ОГРАНИЧЕННОЙ ОТВЕТСТВЕННОСТЬЮ "ЭТП"</fullName>
                        <shortName>ООО "ЭТП"</shortName>
                        <iko>51655218458165501001</iko>
                        <inn>1655218458</inn>
                        <kpp>165501001</kpp>
                        <ogrn>1111690052099</ogrn>
                        <legalAddress>420097, РЕСП ТАТАРСТАН, Г КАЗАНЬ, УЛ ДОСТОЕВСКОГО, дом 66</legalAddress>
                        <postalAddress>420097, Казань Город, Достоевского Улица, 66</postalAddress>
                        <phone>8-800-7000369</phone>
                        <email>funky-b@inbox.ru</email>
                        <okato>92401367000</okato>
                        <okpo>92272054</okpo>
                    </mainInfo>
                </ns2:placer>
                <ns2:emergency>false</ns2:emergency>
            </ns2:explanationData>
        </ns2:item>
    </ns2:body>
</ns2:explanation>
