<?xml version="1.0" encoding="UTF-8" standalone="yes"?>
<ns2:explanation xsi:schemaLocation="http://zakupki.gov.ru/223/integration/schema/TFF-5.2 http://zakupki.gov.ru/223/integration/schema/TFF-5.2/purchase.xsd" xmlns="http://zakupki.gov.ru/223fz/types/1" xmlns:ns10="http://zakupki.gov.ru/223fz/machineryListInfo/1" xmlns:ns11="http://zakupki.gov.ru/223fz/revenue/1" xmlns:ns12="http://zakupki.gov.ru/223fz/orderClauseList/1" xmlns:ns13="http://zakupki.gov.ru/223fz/contract/1" xmlns:ns14="http://zakupki.gov.ru/223fz/missedNotice/1" xmlns:ns15="http://zakupki.gov.ru/223fz/complaint/1" xmlns:ns16="http://zakupki.gov.ru/223fz/decisionSuspension/1" xmlns:ns17="http://zakupki.gov.ru/223fz/purchasePlanAdditionalPosition/1" xmlns:ns18="http://zakupki.gov.ru/223fz/notificationIssue/1" xmlns:ns19="http://zakupki.gov.ru/223fz/webRequest/1" xmlns:ns2="http://zakupki.gov.ru/223fz/purchase/1" xmlns:xsi="http://www.w3.org/2001/XMLSchema-instance" xmlns:ns3="http://zakupki.gov.ru/223fz/dishonestSupplier/1" xmlns:ns4="http://zakupki.gov.ru/223fz/purchasePlan/1" xmlns:ns5="http://zakupki.gov.ru/223fz/purchasePlanProject/1" xmlns:ns6="http://zakupki.gov.ru/223fz/purchasePlanProjectAdditionalPosition/1" xmlns:ns7="http://zakupki.gov.ru/223fz/disagreementProtocol/1" xmlns:ns8="http://zakupki.gov.ru/223fz/reference/1" xmlns:ns9="http://zakupki.gov.ru/223fz/stopCommodity/1">
    <header>
        <guid>4d64eefd-abf6-4ab6-b773-bd3d31cb9bba</guid>
        <createDateTime>2017-03-20T10:18:10</createDateTime>
    </header>
    <ns2:body>
        <ns2:item>
            <guid>0cefaca2-217c-46e2-9923-a1d4dc0fb493</guid>
            <ns2:explanationData>
                <ns2:guid>0cefaca2-217c-46e2-9923-a1d4dc0fb493</ns2:guid>
                <ns2:urlOOS>https://zakupki.gov.ru/223/purchase/private/purchase/explanation/details.html?explanationId=306066</ns2:urlOOS>
                <ns2:description>Ответ на запрос</ns2:description>
                <ns2:requestSubjectInfo>Уточнение по позициям</ns2:requestSubjectInfo>
                <ns2:requestDate>2017-03-16T00:00:00</ns2:requestDate>
                <ns2:status>P</ns2:status>
                <ns2:creationDate>2017-03-20T12:17:45</ns2:creationDate>
                <ns2:modificationDate>2017-03-20T12:18:10</ns2:modificationDate>
                <ns2:decisionDate>2017-03-20T00:00:00</ns2:decisionDate>
                <ns2:publishDate>2017-03-20T12:18:10</ns2:publishDate>
                <ns2:attachments>
                    <totalDocumentsCount>1</totalDocumentsCount>
                    <document>
                        <guid>0d06df22-c590-4b30-865f-59ba7cbcd1f4</guid>
                        <createDateTime>2017-03-20T10:17:10</createDateTime>
                        <fileName>5 Ответ на запрос 361-ЗПЭ.doc</fileName>
                        <description>5 Ответ на запрос 361-ЗПЭ</description>
                        <url>http://zakupki.gov.ru/223/purchase/public/download/download.html?id=30169071</url>
                    </document>
                </ns2:attachments>
                <ns2:purchaseRegNum>31704886667</ns2:purchaseRegNum>
                <ns2:purchaseMethodCode>44042</ns2:purchaseMethodCode>
                <ns2:purchaseMethodName>Запрос предложений в электронной форме</ns2:purchaseMethodName>
                <ns2:purchaseName>0361/2017 Поставка запасных частей для спецтехники (гидромотор)</ns2:purchaseName>
                <ns2:placer>
                    <mainInfo>
                        <fullName>АКЦИОНЕРНОЕ ОБЩЕСТВО УПРАВЛЯЮЩАЯ КОМПАНИЯ "АЭРОПОРТЫ РЕГИОНОВ"</fullName>
                        <shortName>АО УК "АЭРОПОРТЫ РЕГИОНОВ"</shortName>
                        <iko>57705986635770501001</iko>
                        <inn>7705986635</inn>
                        <kpp>770501001</kpp>
                        <ogrn>1127746391629</ogrn>
                        <legalAddress>115054, г МОСКВА, ул ВАЛОВАЯ, дом ДОМ 26</legalAddress>
                        <postalAddress>115054, г. Москва, ул. Валовая, д. 26</postalAddress>
                        <phone>7-343-3453978</phone>
                        <fax>7-343-3453910</fax>
                        <email>e.chudnovskiy@ar-management.ru</email>
                        <okato>45286560000</okato>
                        <okpo>09812739</okpo>
                    </mainInfo>
                </ns2:placer>
                <ns2:emergency>false</ns2:emergency>
            </ns2:explanationData>
        </ns2:item>
    </ns2:body>
</ns2:explanation>
