<?xml version="1.0" encoding="UTF-8" standalone="yes"?>
<ns2:explanation xsi:schemaLocation="http://zakupki.gov.ru/223/integration/schema/TFF-5.2 http://zakupki.gov.ru/223/integration/schema/TFF-5.2/purchase.xsd" xmlns="http://zakupki.gov.ru/223fz/types/1" xmlns:ns10="http://zakupki.gov.ru/223fz/machineryListInfo/1" xmlns:ns11="http://zakupki.gov.ru/223fz/revenue/1" xmlns:ns12="http://zakupki.gov.ru/223fz/orderClauseList/1" xmlns:ns13="http://zakupki.gov.ru/223fz/contract/1" xmlns:ns14="http://zakupki.gov.ru/223fz/missedNotice/1" xmlns:ns15="http://zakupki.gov.ru/223fz/complaint/1" xmlns:ns16="http://zakupki.gov.ru/223fz/decisionSuspension/1" xmlns:ns17="http://zakupki.gov.ru/223fz/purchasePlanAdditionalPosition/1" xmlns:ns18="http://zakupki.gov.ru/223fz/notificationIssue/1" xmlns:ns19="http://zakupki.gov.ru/223fz/webRequest/1" xmlns:ns2="http://zakupki.gov.ru/223fz/purchase/1" xmlns:xsi="http://www.w3.org/2001/XMLSchema-instance" xmlns:ns3="http://zakupki.gov.ru/223fz/dishonestSupplier/1" xmlns:ns4="http://zakupki.gov.ru/223fz/purchasePlan/1" xmlns:ns5="http://zakupki.gov.ru/223fz/purchasePlanProject/1" xmlns:ns6="http://zakupki.gov.ru/223fz/purchasePlanProjectAdditionalPosition/1" xmlns:ns7="http://zakupki.gov.ru/223fz/disagreementProtocol/1" xmlns:ns8="http://zakupki.gov.ru/223fz/reference/1" xmlns:ns9="http://zakupki.gov.ru/223fz/stopCommodity/1">
    <header>
        <guid>c08d4cb8-d5e3-4977-83bc-a0902fec3998</guid>
        <createDateTime>2017-03-20T17:30:29</createDateTime>
    </header>
    <ns2:body>
        <ns2:item>
            <guid>1a666ff8-b9bf-4704-82d3-700bc7e89105</guid>
            <ns2:explanationData>
                <ns2:guid>1a666ff8-b9bf-4704-82d3-700bc7e89105</ns2:guid>
                <ns2:urlOOS>https://zakupki.gov.ru/223/purchase/private/purchase/explanation/details.html?explanationId=306394</ns2:urlOOS>
                <ns2:description>Приложением №2 (ТЗ) установлено "Выполнение работ по каждой заявке осуществляется в срок, не превышающий 10 (десять) рабочих дней с момента получения заявки. Доставка результата выполненных работ осуществляется в срок, не превышающий 1 (один) календарный день с момента выполнения работ." Чем обусловлен такой короткий срок доставки и нет ли здесь ошибки в сроках. Или данный пункт можно понимать как срок изготовления и доставки до заказчика 10 рабочих+1 календарный день?</ns2:description>
                <ns2:requestSubjectInfo>См. файл "Запрос на разъяснения 43013 (Ответ).pdf"</ns2:requestSubjectInfo>
                <ns2:requestDate>2017-03-20T09:40:27</ns2:requestDate>
                <ns2:status>P</ns2:status>
                <ns2:creationDate>2017-03-20T11:40:27</ns2:creationDate>
                <ns2:modificationDate>2017-03-20T19:30:29</ns2:modificationDate>
                <ns2:decisionDate>2017-03-20T17:14:25</ns2:decisionDate>
                <ns2:publishDate>2017-03-20T19:30:29</ns2:publishDate>
                <ns2:attachments>
                    <totalDocumentsCount>1</totalDocumentsCount>
                    <document>
                        <guid>933c60c1-f1ad-4fde-936d-5ae0b75aa0cc</guid>
                        <createDateTime>2017-03-20T17:10:08</createDateTime>
                        <fileName>Запрос на разъяснения 43013 (Ответ).pdf</fileName>
                        <description>Запрос на разъяснения 43013 (Ответ)</description>
                        <url>http://zakupki.gov.ru/223/purchase/public/download/download.html?id=30191114</url>
                    </document>
                </ns2:attachments>
                <ns2:purchaseRegNum>31704832969</ns2:purchaseRegNum>
                <ns2:purchaseMethodCode>109858</ns2:purchaseMethodCode>
                <ns2:purchaseMethodName>Запрос котировок в электронной форме</ns2:purchaseMethodName>
                <ns2:purchaseName>Оказание услуг по изготовлению деталей методом лазерной резки</ns2:purchaseName>
                <ns2:placer>
                    <mainInfo>
                        <fullName>ОБЩЕСТВО С ОГРАНИЧЕННОЙ ОТВЕТСТВЕННОСТЬЮ "ЭТП"</fullName>
                        <shortName>ООО "ЭТП"</shortName>
                        <iko>51655218458165501001</iko>
                        <inn>1655218458</inn>
                        <kpp>165501001</kpp>
                        <ogrn>1111690052099</ogrn>
                        <legalAddress>420097, РЕСП ТАТАРСТАН, Г КАЗАНЬ, УЛ ДОСТОЕВСКОГО, дом 66</legalAddress>
                        <postalAddress>420097, Казань Город, Достоевского Улица, 66</postalAddress>
                        <phone>8-800-7000369</phone>
                        <email>funky-b@inbox.ru</email>
                        <okato>92401367000</okato>
                        <okpo>92272054</okpo>
                    </mainInfo>
                </ns2:placer>
                <ns2:emergency>false</ns2:emergency>
            </ns2:explanationData>
        </ns2:item>
    </ns2:body>
</ns2:explanation>
