<?xml version="1.0" encoding="UTF-8" standalone="yes"?>
<ns2:explanation xsi:schemaLocation="http://zakupki.gov.ru/223/integration/schema/TFF-5.2 http://zakupki.gov.ru/223/integration/schema/TFF-5.2/purchase.xsd" xmlns="http://zakupki.gov.ru/223fz/types/1" xmlns:ns10="http://zakupki.gov.ru/223fz/machineryListInfo/1" xmlns:ns11="http://zakupki.gov.ru/223fz/revenue/1" xmlns:ns12="http://zakupki.gov.ru/223fz/orderClauseList/1" xmlns:ns13="http://zakupki.gov.ru/223fz/contract/1" xmlns:ns14="http://zakupki.gov.ru/223fz/missedNotice/1" xmlns:ns15="http://zakupki.gov.ru/223fz/complaint/1" xmlns:ns16="http://zakupki.gov.ru/223fz/decisionSuspension/1" xmlns:ns17="http://zakupki.gov.ru/223fz/purchasePlanAdditionalPosition/1" xmlns:ns18="http://zakupki.gov.ru/223fz/notificationIssue/1" xmlns:ns19="http://zakupki.gov.ru/223fz/webRequest/1" xmlns:ns2="http://zakupki.gov.ru/223fz/purchase/1" xmlns:xsi="http://www.w3.org/2001/XMLSchema-instance" xmlns:ns3="http://zakupki.gov.ru/223fz/dishonestSupplier/1" xmlns:ns4="http://zakupki.gov.ru/223fz/purchasePlan/1" xmlns:ns5="http://zakupki.gov.ru/223fz/purchasePlanProject/1" xmlns:ns6="http://zakupki.gov.ru/223fz/purchasePlanProjectAdditionalPosition/1" xmlns:ns7="http://zakupki.gov.ru/223fz/disagreementProtocol/1" xmlns:ns8="http://zakupki.gov.ru/223fz/reference/1" xmlns:ns9="http://zakupki.gov.ru/223fz/stopCommodity/1">
    <header>
        <guid>7ee9da23-b3a2-414d-8d83-688fa8634415</guid>
        <createDateTime>2017-03-20T11:36:05</createDateTime>
    </header>
    <ns2:body>
        <ns2:item>
            <guid>e5f8192b-887b-48cf-aaa6-f3b3bd54c1cd</guid>
            <ns2:explanationData>
                <ns2:guid>e5f8192b-887b-48cf-aaa6-f3b3bd54c1cd</ns2:guid>
                <ns2:urlOOS>https://zakupki.gov.ru/223/purchase/private/purchase/explanation/details.html?explanationId=306129</ns2:urlOOS>
                <ns2:description>Добрый день!
Возможно ли предложить к поставке вместо 
Лист ст. 12х18Н10Т 1,5х1250х2500 мм - Лист ст. 08Х18Н10Т 1,5х1250х2500 мм ?</ns2:description>
                <ns2:requestSubjectInfo>к поставке необходим Лист ст. 12х18Н10Т 1,5х1250х2500 мм </ns2:requestSubjectInfo>
                <ns2:requestDate>2017-03-20T10:25:39</ns2:requestDate>
                <ns2:status>P</ns2:status>
                <ns2:creationDate>2017-03-20T12:25:39</ns2:creationDate>
                <ns2:modificationDate>2017-03-20T13:36:05</ns2:modificationDate>
                <ns2:decisionDate>2017-03-20T11:30:25</ns2:decisionDate>
                <ns2:publishDate>2017-03-20T13:36:05</ns2:publishDate>
                <ns2:attachments>
                    <totalDocumentsCount>1</totalDocumentsCount>
                    <document>
                        <guid>3960a0f7-4f56-43ee-b067-34a88ec6f148</guid>
                        <createDateTime>2017-03-20T11:30:15</createDateTime>
                        <fileName>ответ на запрос разъяснений.docx</fileName>
                        <description>ответ на запрос разъяснений</description>
                        <url>http://zakupki.gov.ru/223/purchase/public/download/download.html?id=30173014</url>
                    </document>
                </ns2:attachments>
                <ns2:purchaseRegNum>31704884349</ns2:purchaseRegNum>
                <ns2:purchaseMethodCode>109858</ns2:purchaseMethodCode>
                <ns2:purchaseMethodName>Запрос котировок в электронной форме</ns2:purchaseMethodName>
                <ns2:purchaseName>1902-00012. Поставка металлопроката из нержавеющей
                            стали</ns2:purchaseName>
                <ns2:placer>
                    <mainInfo>
                        <fullName>ОБЩЕСТВО С ОГРАНИЧЕННОЙ ОТВЕТСТВЕННОСТЬЮ "ЭТП"</fullName>
                        <shortName>ООО "ЭТП"</shortName>
                        <iko>51655218458165501001</iko>
                        <inn>1655218458</inn>
                        <kpp>165501001</kpp>
                        <ogrn>1111690052099</ogrn>
                        <legalAddress>420097, РЕСП ТАТАРСТАН, Г КАЗАНЬ, УЛ ДОСТОЕВСКОГО, дом 66</legalAddress>
                        <postalAddress>420097, Казань Город, Достоевского Улица, 66</postalAddress>
                        <phone>8-800-7000369</phone>
                        <email>funky-b@inbox.ru</email>
                        <okato>92401367000</okato>
                        <okpo>92272054</okpo>
                    </mainInfo>
                </ns2:placer>
                <ns2:emergency>false</ns2:emergency>
            </ns2:explanationData>
        </ns2:item>
    </ns2:body>
</ns2:explanation>
