<?xml version="1.0" encoding="UTF-8" standalone="yes"?>
<ns2:explanation xsi:schemaLocation="http://zakupki.gov.ru/223/integration/schema/TFF-5.2 http://zakupki.gov.ru/223/integration/schema/TFF-5.2/purchase.xsd" xmlns="http://zakupki.gov.ru/223fz/types/1" xmlns:ns10="http://zakupki.gov.ru/223fz/machineryListInfo/1" xmlns:ns11="http://zakupki.gov.ru/223fz/revenue/1" xmlns:ns12="http://zakupki.gov.ru/223fz/orderClauseList/1" xmlns:ns13="http://zakupki.gov.ru/223fz/contract/1" xmlns:ns14="http://zakupki.gov.ru/223fz/missedNotice/1" xmlns:ns15="http://zakupki.gov.ru/223fz/complaint/1" xmlns:ns16="http://zakupki.gov.ru/223fz/decisionSuspension/1" xmlns:ns17="http://zakupki.gov.ru/223fz/purchasePlanAdditionalPosition/1" xmlns:ns18="http://zakupki.gov.ru/223fz/notificationIssue/1" xmlns:ns19="http://zakupki.gov.ru/223fz/webRequest/1" xmlns:ns2="http://zakupki.gov.ru/223fz/purchase/1" xmlns:xsi="http://www.w3.org/2001/XMLSchema-instance" xmlns:ns3="http://zakupki.gov.ru/223fz/dishonestSupplier/1" xmlns:ns4="http://zakupki.gov.ru/223fz/purchasePlan/1" xmlns:ns5="http://zakupki.gov.ru/223fz/purchasePlanProject/1" xmlns:ns6="http://zakupki.gov.ru/223fz/purchasePlanProjectAdditionalPosition/1" xmlns:ns7="http://zakupki.gov.ru/223fz/disagreementProtocol/1" xmlns:ns8="http://zakupki.gov.ru/223fz/reference/1" xmlns:ns9="http://zakupki.gov.ru/223fz/stopCommodity/1">
    <header>
        <guid>fec93b97-e58a-4181-94e0-be3d923d48db</guid>
        <createDateTime>2017-03-20T14:06:55</createDateTime>
    </header>
    <ns2:body>
        <ns2:item>
            <guid>a9898519-7614-0040-0000-58cfb634ea15</guid>
            <ns2:explanationData>
                <ns2:guid>a9898519-7614-0040-0000-58cfb634ea15</ns2:guid>
                <ns2:urlOOS>https://zakupki.gov.ru/223/purchase/private/purchase/explanation/details.html?explanationId=306236</ns2:urlOOS>
                <ns2:description>Разъяснения от 17.03.2017 09:05</ns2:description>
                <ns2:requestSubjectInfo>Запрос:
Добрый день! В Техническом задании указано: "п.3.2.	Участник запроса цен рассчитывает на основании сметного расчета строительства Заказчика (Приложение №2 настоящего ТЗ) стоимость своих работ путём применения «индексов перевода в текущие цены Подрядчика», которые должны быть округлены до двух знаков после запятой и быть не больше индексов Заказчика по каждой графе сметной стоимости.", но в ССР отсутствуют Индексы Заказчика. Хотелось бы уточнить, какие индексы применять для расчетов?

Разъяснения:
Индексы перевода в текущие цены (не более)

СМР- 5,606
Об – 3,872
Прочие – 7,633
ПНР – 10,092
Исп. Съёмка – 3,639
</ns2:requestSubjectInfo>
                <ns2:requestDate>2017-03-17T11:05:59</ns2:requestDate>
                <ns2:status>P</ns2:status>
                <ns2:creationDate>2017-03-20T18:00:02</ns2:creationDate>
                <ns2:modificationDate>2017-03-20T16:06:55</ns2:modificationDate>
                <ns2:decisionDate>2017-03-20T15:59:41</ns2:decisionDate>
                <ns2:publishDate>2017-03-20T16:06:55</ns2:publishDate>
                <ns2:attachments>
                    <totalDocumentsCount>1</totalDocumentsCount>
                    <document>
                        <guid>a9898519-7614-0040-0000-58cfb634ea15</guid>
                        <createDateTime>2017-03-17T11:05:59</createDateTime>
                        <fileName>текст разъяснения.doc</fileName>
                        <description>текст разъяснения.doc</description>
                        <url>http://zakupki.gov.ru/223/purchase/public/download/download.html?id=30179918</url>
                    </document>
                </ns2:attachments>
                <ns2:purchaseRegNum>31704896576</ns2:purchaseRegNum>
                <ns2:purchaseMethodCode>142986</ns2:purchaseMethodCode>
                <ns2:purchaseMethodName>Запрос цен по результатам открытой конкурентной процедуры</ns2:purchaseMethodName>
                <ns2:purchaseName>право заключения договора подряда на выполнение строительно-монтажных работ по объекту: «6 (шесть) объектов технологического присоединения Белоярского района Свердловской области (Черноусово, Камышево, Студенческий, Головырина)» Производственное отделение «Центральные электрические сети» филиала ОАО «МРСК Урала» - «Свердловэнерго» (795736)</ns2:purchaseName>
                <ns2:placer>
                    <mainInfo>
                        <fullName>Открытое акционерное общество "Межрегиональная распределительная сетевая компания Урала"</fullName>
                        <shortName>ОАО "МРСК Урала"</shortName>
                        <iko>56671163413667201001</iko>
                        <inn>6671163413</inn>
                        <kpp>667201001</kpp>
                        <ogrn>1056604000970</ogrn>
                        <legalAddress>620026, Свердловская, Екатеринбург, Мамина-Сибиряка, дом 140</legalAddress>
                        <postalAddress>620026, Свердловская область, Екатеринбург, Мамина-Сибиряка, дом 140 </postalAddress>
                        <phone>7-343-2152600</phone>
                        <fax>7-343-2152661</fax>
                        <email>mrsk@mrsk-ural.ru</email>
                        <okato>65401000000</okato>
                        <okpo>76507836</okpo>
                    </mainInfo>
                </ns2:placer>
                <ns2:emergency>false</ns2:emergency>
            </ns2:explanationData>
        </ns2:item>
    </ns2:body>
</ns2:explanation>
