<?xml version="1.0" encoding="UTF-8" standalone="yes"?>
<ns2:explanation xsi:schemaLocation="http://zakupki.gov.ru/223/integration/schema/TFF-5.2 http://zakupki.gov.ru/223/integration/schema/TFF-5.2/purchase.xsd" xmlns="http://zakupki.gov.ru/223fz/types/1" xmlns:ns10="http://zakupki.gov.ru/223fz/machineryListInfo/1" xmlns:ns11="http://zakupki.gov.ru/223fz/revenue/1" xmlns:ns12="http://zakupki.gov.ru/223fz/orderClauseList/1" xmlns:ns13="http://zakupki.gov.ru/223fz/contract/1" xmlns:ns14="http://zakupki.gov.ru/223fz/missedNotice/1" xmlns:ns15="http://zakupki.gov.ru/223fz/complaint/1" xmlns:ns16="http://zakupki.gov.ru/223fz/decisionSuspension/1" xmlns:ns17="http://zakupki.gov.ru/223fz/purchasePlanAdditionalPosition/1" xmlns:ns18="http://zakupki.gov.ru/223fz/notificationIssue/1" xmlns:ns19="http://zakupki.gov.ru/223fz/webRequest/1" xmlns:ns2="http://zakupki.gov.ru/223fz/purchase/1" xmlns:xsi="http://www.w3.org/2001/XMLSchema-instance" xmlns:ns3="http://zakupki.gov.ru/223fz/dishonestSupplier/1" xmlns:ns4="http://zakupki.gov.ru/223fz/purchasePlan/1" xmlns:ns5="http://zakupki.gov.ru/223fz/purchasePlanProject/1" xmlns:ns6="http://zakupki.gov.ru/223fz/purchasePlanProjectAdditionalPosition/1" xmlns:ns7="http://zakupki.gov.ru/223fz/disagreementProtocol/1" xmlns:ns8="http://zakupki.gov.ru/223fz/reference/1" xmlns:ns9="http://zakupki.gov.ru/223fz/stopCommodity/1">
    <header>
        <guid>ccd29bd6-0b89-4886-bc87-cf94944a8ed3</guid>
        <createDateTime>2017-03-20T07:30:21</createDateTime>
    </header>
    <ns2:body>
        <ns2:item>
            <guid>a9898519-7733-0040-0000-58cf5ac9d096</guid>
            <ns2:explanationData>
                <ns2:guid>a9898519-7733-0040-0000-58cf5ac9d096</ns2:guid>
                <ns2:urlOOS>https://zakupki.gov.ru/223/purchase/private/purchase/explanation/details.html?explanationId=305998</ns2:urlOOS>
                <ns2:description>Разъяснения от 17.03.2017 13:50</ns2:description>
                <ns2:requestSubjectInfo>Запрос:
Прошу разъяснить: 1)В предыдущем вопросе Вы предоставили значения индексов перевода в текущие цены, там три знака после запятой, а по Тех. заданию (п.п 3.2) требование два знака после запятой? 2) Нужно ли прикладывать к Заявке Сводный сметный расчет. Если нужно, то один общий или на каждый из 12 объектов?

Разъяснения:
Добрый день! 
1) Индексы перевода в текущие цены (не более)
СМР- 5,60
Об – 3,87
Прочие – 7,63
ПНР – 10,09
Исп. Съёмка – 3,64
2) Сводный сметный расчет прикладывать к Заявке не требуется</ns2:requestSubjectInfo>
                <ns2:requestDate>2017-03-17T15:50:27</ns2:requestDate>
                <ns2:status>P</ns2:status>
                <ns2:creationDate>2017-03-20T11:30:01</ns2:creationDate>
                <ns2:modificationDate>2017-03-20T09:30:21</ns2:modificationDate>
                <ns2:decisionDate>2017-03-20T09:27:53</ns2:decisionDate>
                <ns2:publishDate>2017-03-20T09:30:21</ns2:publishDate>
                <ns2:attachments>
                    <totalDocumentsCount>1</totalDocumentsCount>
                    <document>
                        <guid>a9898519-7733-0040-0000-58cf5ac9d096</guid>
                        <createDateTime>2017-03-17T15:50:27</createDateTime>
                        <fileName>текст разъяснения.doc</fileName>
                        <description>текст разъяснения.doc</description>
                        <url>http://zakupki.gov.ru/223/purchase/public/download/download.html?id=30163384</url>
                    </document>
                </ns2:attachments>
                <ns2:purchaseRegNum>31704895375</ns2:purchaseRegNum>
                <ns2:purchaseMethodCode>142986</ns2:purchaseMethodCode>
                <ns2:purchaseMethodName>Запрос цен по результатам открытой конкурентной процедуры</ns2:purchaseMethodName>
                <ns2:purchaseName>право заключения договора подряда на выполнение строительно-монтажных работ по объектам: «12 (двенадцать) объектов технологического присоединения Сысертского района Свердловской области (Бобровский, Кашино, Сысерть, Патруши, Первомайский, Новоипатово, Большое Седельниково» Производственное отделение «Центральные электрические сети» филиала ОАО «МРСК Урала» - «Свердловэнерго» (795576)</ns2:purchaseName>
                <ns2:placer>
                    <mainInfo>
                        <fullName>Открытое акционерное общество "Межрегиональная распределительная сетевая компания Урала"</fullName>
                        <shortName>ОАО "МРСК Урала"</shortName>
                        <iko>56671163413667201001</iko>
                        <inn>6671163413</inn>
                        <kpp>667201001</kpp>
                        <ogrn>1056604000970</ogrn>
                        <legalAddress>620026, Свердловская, Екатеринбург, Мамина-Сибиряка, дом 140</legalAddress>
                        <postalAddress>620026, Свердловская область, Екатеринбург, Мамина-Сибиряка, дом 140 </postalAddress>
                        <phone>7-343-2152600</phone>
                        <fax>7-343-2152661</fax>
                        <email>mrsk@mrsk-ural.ru</email>
                        <okato>65401000000</okato>
                        <okpo>76507836</okpo>
                    </mainInfo>
                </ns2:placer>
                <ns2:emergency>false</ns2:emergency>
            </ns2:explanationData>
        </ns2:item>
    </ns2:body>
</ns2:explanation>
