<?xml version="1.0" encoding="UTF-8" standalone="yes"?>
<ns2:purchaseNoticeEP xsi:schemaLocation="http://zakupki.gov.ru/223/integration/schema/TFF-5.2 http://zakupki.gov.ru/223/integration/schema/TFF-5.2/purchase.xsd" xmlns="http://zakupki.gov.ru/223fz/types/1" xmlns:ns10="http://zakupki.gov.ru/223fz/reference/1" xmlns:ns11="http://zakupki.gov.ru/223fz/stopCommodity/1" xmlns:ns12="http://zakupki.gov.ru/223fz/decisionSuspension/1" xmlns:ns13="http://zakupki.gov.ru/223fz/purchasePlanAdditionalPosition/1" xmlns:ns14="http://zakupki.gov.ru/223fz/machineryListInfo/1" xmlns:ns15="http://zakupki.gov.ru/223fz/revenue/1" xmlns:ns16="http://zakupki.gov.ru/223fz/orderClauseList/1" xmlns:ns17="http://zakupki.gov.ru/223fz/disagreementProtocol/1" xmlns:ns18="http://zakupki.gov.ru/223fz/complaint/1" xmlns:ns19="http://zakupki.gov.ru/223fz/webRequest/1" xmlns:ns2="http://zakupki.gov.ru/223fz/purchase/1" xmlns:xsi="http://www.w3.org/2001/XMLSchema-instance" xmlns:ns3="http://zakupki.gov.ru/223fz/dishonestSupplier/1" xmlns:ns4="http://zakupki.gov.ru/223fz/notificationIssue/1" xmlns:ns5="http://zakupki.gov.ru/223fz/purchasePlan/1" xmlns:ns6="http://zakupki.gov.ru/223fz/purchasePlanProject/1" xmlns:ns7="http://zakupki.gov.ru/223fz/purchasePlanProjectAdditionalPosition/1" xmlns:ns8="http://zakupki.gov.ru/223fz/contract/1" xmlns:ns9="http://zakupki.gov.ru/223fz/missedNotice/1">
    <header>
        <guid>17b73916-1150-476a-ad5f-92101ccb8fc0</guid>
        <createDateTime>2017-02-02T10:03:39</createDateTime>
    </header>
    <ns2:body>
        <ns2:item>
            <guid>5c40464c-0ff7-4f0e-ab33-4a44d6512eef</guid>
            <ns2:purchaseNoticeEPData>
                <ns2:guid>5c40464c-0ff7-4f0e-ab33-4a44d6512eef</ns2:guid>
                <ns2:createDateTime>2017-02-02T09:22:09</ns2:createDateTime>
                <ns2:urlOOS>https://zakupki.gov.ru/223/purchase/private/purchase/notice-info/details.html?noticeInfoId=5697231</ns2:urlOOS>
                <ns2:registrationNumber>31704746380</ns2:registrationNumber>
                <ns2:name>Оказание услуг по дератизации, дезинфекции насекомых и дезинфекции на объектах и в помещениях ГБУ РА "Центр развития туризма и предпринимательства"</ns2:name>
                <ns2:customer>
                    <mainInfo>
                        <fullName>ГОСУДАРСТВЕННОЕ БЮДЖЕТНОЕ УЧРЕЖДЕНИЕ РЕСПУБЛИКИ АЛТАЙ "ЦЕНТР РАЗВИТИЯ ТУРИЗМА И ПРЕДПРИНИМАТЕЛЬСТВА РЕСПУБЛИКИ АЛТАЙ"</fullName>
                        <shortName>ГБУ РА "ЦЕНТР РАЗВИТИЯ ТУРИЗМА И ПРЕДПРИНИМАТЕЛЬСТВА РЕСПУБЛИКИ АЛТАЙ"</shortName>
                        <iko>50411168120041101001</iko>
                        <inn>0411168120</inn>
                        <kpp>041101001</kpp>
                        <ogrn>1140411000839</ogrn>
                        <legalAddress>649006, Респ АЛТАЙ, г ГОРНО-АЛТАЙСК, ул КОМСОМОЛЬСКАЯ, дом 9, офис (квартира) ОФИС 12</legalAddress>
                        <postalAddress>649006Респ АЛТАЙ, г ГОРНО-АЛТАЙСК, ул КОМСОМОЛЬСКАЯ, 9, ОФИС 12</postalAddress>
                        <phone>8388-22-62461</phone>
                        <fax>8388-22-47241</fax>
                        <email>binkra@yandex.ru</email>
                        <okato>84401000000</okato>
                        <okpo>16250168</okpo>
                    </mainInfo>
                </ns2:customer>
                <ns2:purchaseMethodCode>3363</ns2:purchaseMethodCode>
                <ns2:purchaseCodeName>Закупка у единственного поставщика (исполнителя, подрядчика)</ns2:purchaseCodeName>
                <ns2:placer>
                    <mainInfo>
                        <fullName>ГОСУДАРСТВЕННОЕ БЮДЖЕТНОЕ УЧРЕЖДЕНИЕ РЕСПУБЛИКИ АЛТАЙ "ЦЕНТР РАЗВИТИЯ ТУРИЗМА И ПРЕДПРИНИМАТЕЛЬСТВА РЕСПУБЛИКИ АЛТАЙ"</fullName>
                        <shortName>ГБУ РА "ЦЕНТР РАЗВИТИЯ ТУРИЗМА И ПРЕДПРИНИМАТЕЛЬСТВА РЕСПУБЛИКИ АЛТАЙ"</shortName>
                        <iko>50411168120041101001</iko>
                        <inn>0411168120</inn>
                        <kpp>041101001</kpp>
                        <ogrn>1140411000839</ogrn>
                        <legalAddress>649006, Респ АЛТАЙ, г ГОРНО-АЛТАЙСК, ул КОМСОМОЛЬСКАЯ, дом 9, офис (квартира) ОФИС 12</legalAddress>
                        <postalAddress>649006Респ АЛТАЙ, г ГОРНО-АЛТАЙСК, ул КОМСОМОЛЬСКАЯ, 9, ОФИС 12</postalAddress>
                        <phone>8388-22-62461</phone>
                        <fax>8388-22-47241</fax>
                        <email>binkra@yandex.ru</email>
                        <okato>84401000000</okato>
                        <okpo>16250168</okpo>
                    </mainInfo>
                </ns2:placer>
                <ns2:contact>
                    <firstName>Светлана</firstName>
                    <middleName>Дмитриевна</middleName>
                    <lastName>Лепихова</lastName>
                    <phone>+7388 (22) 47241</phone>
                    <email>binkra@yandex.ru</email>
                    <organization>
                        <mainInfo>
                            <fullName>ГОСУДАРСТВЕННОЕ БЮДЖЕТНОЕ УЧРЕЖДЕНИЕ РЕСПУБЛИКИ АЛТАЙ "ЦЕНТР РАЗВИТИЯ ТУРИЗМА И ПРЕДПРИНИМАТЕЛЬСТВА РЕСПУБЛИКИ АЛТАЙ"</fullName>
                            <shortName>ГБУ РА "ЦЕНТР РАЗВИТИЯ ТУРИЗМА И ПРЕДПРИНИМАТЕЛЬСТВА РЕСПУБЛИКИ АЛТАЙ"</shortName>
                            <iko>50411168120041101001</iko>
                            <inn>0411168120</inn>
                            <kpp>041101001</kpp>
                            <ogrn>1140411000839</ogrn>
                            <legalAddress>649006, Респ АЛТАЙ, г ГОРНО-АЛТАЙСК, ул КОМСОМОЛЬСКАЯ, дом 9, офис (квартира) ОФИС 12</legalAddress>
                            <postalAddress>649006Респ АЛТАЙ, г ГОРНО-АЛТАЙСК, ул КОМСОМОЛЬСКАЯ, 9, ОФИС 12</postalAddress>
                            <phone>8388-22-62461</phone>
                            <fax>8388-22-47241</fax>
                            <email>binkra@yandex.ru</email>
                            <okato>84401000000</okato>
                            <okpo>16250168</okpo>
                        </mainInfo>
                    </organization>
                </ns2:contact>
                <ns2:publicationDateTime>2017-02-02T13:03:39</ns2:publicationDateTime>
                <ns2:documentationDelivery/>
                <ns2:status>P</ns2:status>
                <ns2:version>1</ns2:version>
                <ns2:notDishonest>true</ns2:notDishonest>
                <ns2:attachments>
                    <totalDocumentsCount>1</totalDocumentsCount>
                    <document>
                        <guid>564dca03-307a-452b-9cfd-9eff29134760</guid>
                        <createDateTime>2017-02-02T10:01:39</createDateTime>
                        <fileName>проект контракта дерат..docx</fileName>
                        <description>проект контракта дерат.</description>
                        <url>http://zakupki.gov.ru/223/purchase/public/download/download.html?id=29040489</url>
                    </document>
                </ns2:attachments>
                <ns2:modificationDate>2017-02-02T13:03:39</ns2:modificationDate>
                <ns2:saveUserId>206614</ns2:saveUserId>
                <ns2:deliveryPlaceIndication>SINGLE_PLACE</ns2:deliveryPlaceIndication>
                <ns2:emergency>false</ns2:emergency>
                <ns2:jointPurchase>false</ns2:jointPurchase>
                <ns2:lots>
                    <lot>
                        <guid>b2ef02f5-3d18-4304-85c9-1579e94d2977</guid>
                        <ordinalNumber>1</ordinalNumber>
                        <lotEditEnabled>false</lotEditEnabled>
                        <lotData>
                            <subject>Оказание услуг по дератизации, дезинфекции насекомых и дезинфекции на объектах и в помещениях ГБУ РА "Центр развития туризма и предпринимательства"</subject>
                            <currency>
                                <code>RUB</code>
                                <digitalCode>643</digitalCode>
                                <name>Российский рубль</name>
                            </currency>
                            <initialSum>1958.00</initialSum>
                            <deliveryPlace>
                                <state>Сибирский федеральный округ</state>
                                <region>Алтай Респ </region>
                                <regionOkato>84000000000</regionOkato>
                                <address>г. Горно-Алтайск, ул. Комсомольская 9,</address>
                            </deliveryPlace>
                            <lotItems>
                                <newCodes>true</newCodes>
                                <lotItem>
                                    <guid>c7e4a8fa-0cc4-49ec-b42d-cc3c6d126490</guid>
                                    <ordinalNumber>1</ordinalNumber>
                                    <okpd2>
                                        <code>81.29.11.000</code>
                                        <name>Услуги по дезинфекции, дезинсекции и дератизации</name>
                                    </okpd2>
                                    <okved2>
                                        <code>68.20.2</code>
                                        <name>Аренда и управление собственным или арендованным нежилым недвижимым имуществом</name>
                                    </okved2>
                                </lotItem>
                            </lotItems>
                            <forSmallOrMiddle>false</forSmallOrMiddle>
                            <excludePurchaseFromPlan>false</excludePurchaseFromPlan>
                            <subcontractorsRequirement>false</subcontractorsRequirement>
                            <ignoredPurchase>false</ignoredPurchase>
                            <centralized>false</centralized>
                        </lotData>
                        <deliveryPlaceIndication>GL</deliveryPlaceIndication>
                        <jointLotData>
                            <jointLot>false</jointLot>
                        </jointLotData>
                        <lotPlanInfo>
                            <planRegistrationNumber>2170227389</planRegistrationNumber>
                            <planGuid>5987c946-9cec-4d52-a911-a6c52feda968</planGuid>
                            <positionNumber>1</positionNumber>
                            <lotPlanPosition>COMMODITY</lotPlanPosition>
                            <positionGuid>ce8729b0-e15b-4e95-b567-d29da48f21a5</positionGuid>
                        </lotPlanInfo>
                        <cancelled>false</cancelled>
                    </lot>
                </ns2:lots>
            </ns2:purchaseNoticeEPData>
        </ns2:item>
    </ns2:body>
</ns2:purchaseNoticeEP>
