<?xml version="1.0" encoding="UTF-8" standalone="yes"?>
<ns2:orderClause xsi:schemaLocation="http://zakupki.gov.ru/223/integration/schema/TFF-5.2 http://zakupki.gov.ru/223/integration/schema/TFF-5.2/orderClause.xsd" xmlns="http://zakupki.gov.ru/223fz/types/1" xmlns:ns10="http://zakupki.gov.ru/223fz/purchase/1" xmlns:ns11="http://zakupki.gov.ru/223fz/machineryListInfo/1" xmlns:ns12="http://zakupki.gov.ru/223fz/revenue/1" xmlns:ns13="http://zakupki.gov.ru/223fz/contract/1" xmlns:ns14="http://zakupki.gov.ru/223fz/missedNotice/1" xmlns:ns15="http://zakupki.gov.ru/223fz/complaint/1" xmlns:ns16="http://zakupki.gov.ru/223fz/decisionSuspension/1" xmlns:ns17="http://zakupki.gov.ru/223fz/purchasePlanAdditionalPosition/1" xmlns:ns18="http://zakupki.gov.ru/223fz/notificationIssue/1" xmlns:ns19="http://zakupki.gov.ru/223fz/webRequest/1" xmlns:ns2="http://zakupki.gov.ru/223fz/orderClauseList/1" xmlns:xsi="http://www.w3.org/2001/XMLSchema-instance" xmlns:ns3="http://zakupki.gov.ru/223fz/dishonestSupplier/1" xmlns:ns4="http://zakupki.gov.ru/223fz/purchasePlan/1" xmlns:ns5="http://zakupki.gov.ru/223fz/purchasePlanProject/1" xmlns:ns6="http://zakupki.gov.ru/223fz/purchasePlanProjectAdditionalPosition/1" xmlns:ns7="http://zakupki.gov.ru/223fz/disagreementProtocol/1" xmlns:ns8="http://zakupki.gov.ru/223fz/reference/1" xmlns:ns9="http://zakupki.gov.ru/223fz/stopCommodity/1">
    <header>
        <guid>1765a0d9-7eaa-4a76-b7a6-a91140e4030c</guid>
        <createDateTime>2017-03-22T08:48:31</createDateTime>
    </header>
    <ns2:body>
        <ns2:item>
            <guid>832b9734-f6a5-44d0-8ba0-0998353adf34</guid>
            <ns2:orderClauseData>
                <ns2:guid>832b9734-f6a5-44d0-8ba0-0998353adf34</ns2:guid>
                <ns2:createDateTime>2017-03-22T10:46:23</ns2:createDateTime>
                <ns2:urlOOS>https://zakupki.gov.ru/223/clause/private/order-clause/info/common-info.html?clauseInfoId=280403</ns2:urlOOS>
                <ns2:customer>
                    <mainInfo>
                        <fullName>ГОСУДАРСТВЕННОЕ АВТОНОМНОЕ УЧРЕЖДЕНИЕ ЗДРАВООХРАНЕНИЯ СВЕРДЛОВСКОЙ ОБЛАСТИ "РЕЖЕВСКАЯ ЦЕНТРАЛЬНАЯ РАЙОННАЯ БОЛЬНИЦА"</fullName>
                        <shortName>ГАУЗ СО "РЕЖЕВСКАЯ ЦРБ"</shortName>
                        <iko>86628002723662801001</iko>
                        <inn>6628002723</inn>
                        <kpp>662801001</kpp>
                        <ogrn>1026601690675</ogrn>
                        <legalAddress>623750, обл СВЕРДЛОВСКАЯ, г РЕЖ, ул П.МОРОЗОВА, дом 60</legalAddress>
                        <postalAddress>Свердловская область, г. Реж, ул. Павлика Морозова, д. 60</postalAddress>
                        <phone>7-34364-38129</phone>
                        <fax>7-34364-38781</fax>
                        <email>shwedow@hotbox.ru</email>
                        <okato>65486000000</okato>
                        <okpo>05174182</okpo>
                    </mainInfo>
                </ns2:customer>
                <ns2:placer>
                    <mainInfo>
                        <fullName>ГОСУДАРСТВЕННОЕ АВТОНОМНОЕ УЧРЕЖДЕНИЕ ЗДРАВООХРАНЕНИЯ СВЕРДЛОВСКОЙ ОБЛАСТИ "РЕЖЕВСКАЯ ЦЕНТРАЛЬНАЯ РАЙОННАЯ БОЛЬНИЦА"</fullName>
                        <shortName>ГАУЗ СО "РЕЖЕВСКАЯ ЦРБ"</shortName>
                        <iko>86628002723662801001</iko>
                        <inn>6628002723</inn>
                        <kpp>662801001</kpp>
                        <ogrn>1026601690675</ogrn>
                        <legalAddress>623750, обл СВЕРДЛОВСКАЯ, г РЕЖ, ул П.МОРОЗОВА, дом 60</legalAddress>
                        <postalAddress>Свердловская область, г. Реж, ул. Павлика Морозова, д. 60</postalAddress>
                        <phone>7-34364-38129</phone>
                        <fax>7-34364-38781</fax>
                        <email>shwedow@hotbox.ru</email>
                        <okato>65486000000</okato>
                        <okpo>05174182</okpo>
                    </mainInfo>
                </ns2:placer>
                <ns2:status>P</ns2:status>
                <ns2:version>5</ns2:version>
                <ns2:name>Положение о закупке товаров, работ, услуг ГАУЗ СО "Режевская ЦРБ"</ns2:name>
                <ns2:registrationNumber>1130033408</ns2:registrationNumber>
                <ns2:modificationDescription>Решение наблюдательного совета от 09.03.2017г.</ns2:modificationDescription>
                <ns2:approveDate>2017-01-19</ns2:approveDate>
                <ns2:effectiveDate>2017-01-19</ns2:effectiveDate>
                <ns2:approverName>Наблюдательный совет ГАУЗ СО "Режевская ЦРБ"</ns2:approverName>
                <ns2:purchaseMethod>
                    <ns2:purchaseMethodCode>3363</ns2:purchaseMethodCode>
                    <ns2:purchaseMethodName>Закупка у единственного поставщика (исполнителя, подрядчика)</ns2:purchaseMethodName>
                    <ns2:digitalPurchase>false</ns2:digitalPurchase>
                </ns2:purchaseMethod>
                <ns2:purchaseMethod>
                    <ns2:purchaseMethodCode>3362</ns2:purchaseMethodCode>
                    <ns2:purchaseMethodName>Запрос котировок</ns2:purchaseMethodName>
                    <ns2:digitalPurchase>false</ns2:digitalPurchase>
                </ns2:purchaseMethod>
                <ns2:purchaseMethod>
                    <ns2:purchaseMethodCode>3359</ns2:purchaseMethodCode>
                    <ns2:purchaseMethodName>Открытый конкурс</ns2:purchaseMethodName>
                    <ns2:digitalPurchase>false</ns2:digitalPurchase>
                </ns2:purchaseMethod>
                <ns2:purchaseMethod>
                    <ns2:purchaseMethodCode>122961</ns2:purchaseMethodCode>
                    <ns2:purchaseMethodName>Запрос котировок в электронной форме</ns2:purchaseMethodName>
                    <ns2:digitalPurchase>true</ns2:digitalPurchase>
                </ns2:purchaseMethod>
                <ns2:purchaseMethod>
                    <ns2:purchaseMethodCode>164001</ns2:purchaseMethodCode>
                    <ns2:purchaseMethodName>Аукцион в электронной форме</ns2:purchaseMethodName>
                    <ns2:digitalPurchase>true</ns2:digitalPurchase>
                </ns2:purchaseMethod>
                <ns2:publicationDateTime>2017-03-22T10:48:11</ns2:publicationDateTime>
                <ns2:attachments>
                    <totalDocumentsCount>2</totalDocumentsCount>
                    <document>
                        <guid>34ade8a4-a4c0-419f-93a9-2668fee46cb8</guid>
                        <createDateTime>2017-03-22T08:47:04</createDateTime>
                        <fileName>Положение о закупках ГАУЗ СО Режевская ЦРБ 2017 с изм.pdf</fileName>
                        <description>Положение о закупках ГАУЗ СО Режевская ЦРБ 2017 с изм</description>
                        <url>http://zakupki.gov.ru/223/clause/public/download/download.html?id=953681</url>
                    </document>
                    <document>
                        <guid>92636fbd-7f62-4788-a47f-0a3946a88396</guid>
                        <createDateTime>2017-03-22T08:47:32</createDateTime>
                        <fileName>Изменения в ПОЛОЖЕНИЕ о закупке товаров от 09.03.2017.docx</fileName>
                        <description>Изменения в ПОЛОЖЕНИЕ о закупке товаров от 09.03.2017</description>
                        <url>http://zakupki.gov.ru/223/clause/public/download/download.html?id=953682</url>
                    </document>
                </ns2:attachments>
            </ns2:orderClauseData>
        </ns2:item>
    </ns2:body>
</ns2:orderClause>
