<?xml version="1.0" encoding="UTF-8" standalone="yes"?>
<ns2:orderClause xsi:schemaLocation="http://zakupki.gov.ru/223/integration/schema/TFF-5.2 http://zakupki.gov.ru/223/integration/schema/TFF-5.2/orderClause.xsd" xmlns="http://zakupki.gov.ru/223fz/types/1" xmlns:ns10="http://zakupki.gov.ru/223fz/purchase/1" xmlns:ns11="http://zakupki.gov.ru/223fz/machineryListInfo/1" xmlns:ns12="http://zakupki.gov.ru/223fz/revenue/1" xmlns:ns13="http://zakupki.gov.ru/223fz/contract/1" xmlns:ns14="http://zakupki.gov.ru/223fz/missedNotice/1" xmlns:ns15="http://zakupki.gov.ru/223fz/complaint/1" xmlns:ns16="http://zakupki.gov.ru/223fz/decisionSuspension/1" xmlns:ns17="http://zakupki.gov.ru/223fz/purchasePlanAdditionalPosition/1" xmlns:ns18="http://zakupki.gov.ru/223fz/notificationIssue/1" xmlns:ns19="http://zakupki.gov.ru/223fz/webRequest/1" xmlns:ns2="http://zakupki.gov.ru/223fz/orderClauseList/1" xmlns:xsi="http://www.w3.org/2001/XMLSchema-instance" xmlns:ns3="http://zakupki.gov.ru/223fz/dishonestSupplier/1" xmlns:ns4="http://zakupki.gov.ru/223fz/purchasePlan/1" xmlns:ns5="http://zakupki.gov.ru/223fz/purchasePlanProject/1" xmlns:ns6="http://zakupki.gov.ru/223fz/purchasePlanProjectAdditionalPosition/1" xmlns:ns7="http://zakupki.gov.ru/223fz/disagreementProtocol/1" xmlns:ns8="http://zakupki.gov.ru/223fz/reference/1" xmlns:ns9="http://zakupki.gov.ru/223fz/stopCommodity/1">
    <header>
        <guid>5c1011d7-e71f-4ecc-993d-25d9cbfcfaf8</guid>
        <createDateTime>2017-03-22T10:32:38</createDateTime>
    </header>
    <ns2:body>
        <ns2:item>
            <guid>dccf34c8-df07-477f-8b07-0dadbb7306ce</guid>
            <ns2:orderClauseData>
                <ns2:guid>dccf34c8-df07-477f-8b07-0dadbb7306ce</ns2:guid>
                <ns2:createDateTime>2017-03-22T12:25:59</ns2:createDateTime>
                <ns2:urlOOS>https://zakupki.gov.ru/223/clause/private/order-clause/info/common-info.html?clauseInfoId=280430</ns2:urlOOS>
                <ns2:customer>
                    <mainInfo>
                        <fullName>Муниципальное автономное учреждение культуры "Центр культуры "Урал"</fullName>
                        <shortName>МАУК ЦК "Урал"</shortName>
                        <iko>56660127734667001001</iko>
                        <inn>6660127734</inn>
                        <kpp>667001001</kpp>
                        <ogrn>1026604935290</ogrn>
                        <legalAddress>620137, Свердловская, Екатеринбург, Студенческая, дом 3, корпус -, офис (квартира) -</legalAddress>
                        <postalAddress>620137, Свердловская, Екатеринбург, Студенческая, дом 3</postalAddress>
                        <phone>7-343-3602020</phone>
                        <fax>7-343-3601960</fax>
                        <email>kadochnikov@k66.ru</email>
                        <okato>65401373000</okato>
                        <okpo>35163313</okpo>
                    </mainInfo>
                </ns2:customer>
                <ns2:placer>
                    <mainInfo>
                        <fullName>Муниципальное автономное учреждение культуры "Центр культуры "Урал"</fullName>
                        <shortName>МАУК ЦК "Урал"</shortName>
                        <iko>56660127734667001001</iko>
                        <inn>6660127734</inn>
                        <kpp>667001001</kpp>
                        <ogrn>1026604935290</ogrn>
                        <legalAddress>620137, Свердловская, Екатеринбург, Студенческая, дом 3, корпус -, офис (квартира) -</legalAddress>
                        <postalAddress>620137, Свердловская, Екатеринбург, Студенческая, дом 3</postalAddress>
                        <phone>7-343-3602020</phone>
                        <fax>7-343-3601960</fax>
                        <email>kadochnikov@k66.ru</email>
                        <okato>65401373000</okato>
                        <okpo>35163313</okpo>
                    </mainInfo>
                </ns2:placer>
                <ns2:status>P</ns2:status>
                <ns2:version>5</ns2:version>
                <ns2:name>Изменения к Положению о закупках товаров, работ, услуг</ns2:name>
                <ns2:registrationNumber>1120007700</ns2:registrationNumber>
                <ns2:modificationDescription>Корректировка Положения о закупках</ns2:modificationDescription>
                <ns2:approveDate>2017-01-25</ns2:approveDate>
                <ns2:effectiveDate>2017-01-25</ns2:effectiveDate>
                <ns2:approverName>Наблюдательный совет Муниципального автономного учреждения культуры "Центр культуры "Урал"</ns2:approverName>
                <ns2:purchaseMethod>
                    <ns2:purchaseMethodCode>3363</ns2:purchaseMethodCode>
                    <ns2:purchaseMethodName>Закупка у единственного поставщика (исполнителя, подрядчика)</ns2:purchaseMethodName>
                    <ns2:digitalPurchase>false</ns2:digitalPurchase>
                </ns2:purchaseMethod>
                <ns2:purchaseMethod>
                    <ns2:purchaseMethodCode>3362</ns2:purchaseMethodCode>
                    <ns2:purchaseMethodName>Запрос котировок</ns2:purchaseMethodName>
                    <ns2:digitalPurchase>false</ns2:digitalPurchase>
                </ns2:purchaseMethod>
                <ns2:purchaseMethod>
                    <ns2:purchaseMethodCode>3361</ns2:purchaseMethodCode>
                    <ns2:purchaseMethodName>Открытый аукцион в электронной форме</ns2:purchaseMethodName>
                    <ns2:digitalPurchase>true</ns2:digitalPurchase>
                </ns2:purchaseMethod>
                <ns2:purchaseMethod>
                    <ns2:purchaseMethodCode>3359</ns2:purchaseMethodCode>
                    <ns2:purchaseMethodName>Открытый конкурс</ns2:purchaseMethodName>
                    <ns2:digitalPurchase>false</ns2:digitalPurchase>
                </ns2:purchaseMethod>
                <ns2:purchaseMethod>
                    <ns2:purchaseMethodCode>19881</ns2:purchaseMethodCode>
                    <ns2:purchaseMethodName>СБ-АСТ: Запрос цен с ограниченным участием в электронной форме</ns2:purchaseMethodName>
                    <ns2:digitalPurchase>true</ns2:digitalPurchase>
                </ns2:purchaseMethod>
                <ns2:purchaseMethod>
                    <ns2:purchaseMethodCode>19880</ns2:purchaseMethodCode>
                    <ns2:purchaseMethodName>СБ-АСТ: Конкурс с ограниченным участием в электронной форме</ns2:purchaseMethodName>
                    <ns2:digitalPurchase>true</ns2:digitalPurchase>
                </ns2:purchaseMethod>
                <ns2:purchaseMethod>
                    <ns2:purchaseMethodCode>19879</ns2:purchaseMethodCode>
                    <ns2:purchaseMethodName>СБ-АСТ: Аукцион с ограниченным участием в электронной форме</ns2:purchaseMethodName>
                    <ns2:digitalPurchase>true</ns2:digitalPurchase>
                </ns2:purchaseMethod>
                <ns2:purchaseMethod>
                    <ns2:purchaseMethodCode>5624</ns2:purchaseMethodCode>
                    <ns2:purchaseMethodName>СБ-АСТ: Открытый запрос цен в электронной форме</ns2:purchaseMethodName>
                    <ns2:digitalPurchase>true</ns2:digitalPurchase>
                </ns2:purchaseMethod>
                <ns2:purchaseMethod>
                    <ns2:purchaseMethodCode>5622</ns2:purchaseMethodCode>
                    <ns2:purchaseMethodName>СБ-АСТ: Открытый запрос предложений в электронной форме</ns2:purchaseMethodName>
                    <ns2:digitalPurchase>true</ns2:digitalPurchase>
                </ns2:purchaseMethod>
                <ns2:purchaseMethod>
                    <ns2:purchaseMethodCode>5621</ns2:purchaseMethodCode>
                    <ns2:purchaseMethodName>СБ-АСТ: Открытый аукцион в электронной форме</ns2:purchaseMethodName>
                    <ns2:digitalPurchase>true</ns2:digitalPurchase>
                </ns2:purchaseMethod>
                <ns2:purchaseMethod>
                    <ns2:purchaseMethodCode>5619</ns2:purchaseMethodCode>
                    <ns2:purchaseMethodName>СБ-АСТ: Открытый конкурс в электронной форме</ns2:purchaseMethodName>
                    <ns2:digitalPurchase>true</ns2:digitalPurchase>
                </ns2:purchaseMethod>
                <ns2:purchaseMethod>
                    <ns2:purchaseMethodCode>34170</ns2:purchaseMethodCode>
                    <ns2:purchaseMethodName>СБ-АСТ: Запрос котировок с ограниченным участием в электронной форме</ns2:purchaseMethodName>
                    <ns2:digitalPurchase>true</ns2:digitalPurchase>
                </ns2:purchaseMethod>
                <ns2:purchaseMethod>
                    <ns2:purchaseMethodCode>34169</ns2:purchaseMethodCode>
                    <ns2:purchaseMethodName>СБ-АСТ: Открытый запрос котировок в электронной форме</ns2:purchaseMethodName>
                    <ns2:digitalPurchase>true</ns2:digitalPurchase>
                </ns2:purchaseMethod>
                <ns2:purchaseMethod>
                    <ns2:purchaseMethodCode>19882</ns2:purchaseMethodCode>
                    <ns2:purchaseMethodName>СБ-АСТ: Запрос предложений с ограниченным участием в электронной форме</ns2:purchaseMethodName>
                    <ns2:digitalPurchase>false</ns2:digitalPurchase>
                </ns2:purchaseMethod>
                <ns2:purchaseMethod>
                    <ns2:purchaseMethodCode>45360</ns2:purchaseMethodCode>
                    <ns2:purchaseMethodName>Сбор коммерческих предложений</ns2:purchaseMethodName>
                    <ns2:digitalPurchase>false</ns2:digitalPurchase>
                </ns2:purchaseMethod>
                <ns2:purchaseMethod>
                    <ns2:purchaseMethodCode>45359</ns2:purchaseMethodCode>
                    <ns2:purchaseMethodName>Конкурентные переговоры</ns2:purchaseMethodName>
                    <ns2:digitalPurchase>false</ns2:digitalPurchase>
                </ns2:purchaseMethod>
                <ns2:purchaseMethod>
                    <ns2:purchaseMethodCode>45358</ns2:purchaseMethodCode>
                    <ns2:purchaseMethodName>Запрос предложений</ns2:purchaseMethodName>
                    <ns2:digitalPurchase>false</ns2:digitalPurchase>
                </ns2:purchaseMethod>
                <ns2:publicationDateTime>2017-03-22T12:32:20</ns2:publicationDateTime>
                <ns2:attachments>
                    <totalDocumentsCount>7</totalDocumentsCount>
                    <document>
                        <guid>73fdcb62-11f3-414c-9c43-0166310f7af7</guid>
                        <createDateTime>2017-03-22T10:30:08</createDateTime>
                        <fileName>Протокол НС №24 от 25.01.2017.pdf</fileName>
                        <description>Протокол НС №24 от 25.01.2017</description>
                        <url>http://zakupki.gov.ru/223/clause/public/download/download.html?id=953811</url>
                    </document>
                    <document>
                        <guid>f4ca8da2-84ee-496d-9dc1-2d8c4cece2d3</guid>
                        <createDateTime>2017-03-22T10:30:53</createDateTime>
                        <fileName>Изменения к Положению о закупках от 25.01.2017.pdf</fileName>
                        <description>Изменения к Положению о закупках от 25.01.2017</description>
                        <url>http://zakupki.gov.ru/223/clause/public/download/download.html?id=953812</url>
                    </document>
                    <document>
                        <guid>fc88d76d-0cd7-4758-b700-729f71e8416e</guid>
                        <createDateTime>2013-08-29T13:33:37</createDateTime>
                        <fileName>Протокол № 3  наблюдательного совета МАУК ЦК Урал Утв Положения.rar</fileName>
                        <description>Протокол № 3  наблюдательного совета МАУК ЦК Урал Утв Положения</description>
                        <url>http://zakupki.gov.ru/223/clause/public/download/download.html?id=953802</url>
                    </document>
                    <document>
                        <guid>719ed45a-be1c-4e3e-945e-c861aef96025</guid>
                        <createDateTime>2012-11-09T12:43:45</createDateTime>
                        <fileName>Положение о закупках товаров работ услуг МАУК ЦК Урал.doc</fileName>
                        <description>Положение о закупках товаров работ услуг МАУК ЦК Урал</description>
                        <url>http://zakupki.gov.ru/223/clause/public/download/download.html?id=953803</url>
                    </document>
                    <document>
                        <guid>97325238-8a0d-4ec3-9b1e-bdec791dca05</guid>
                        <createDateTime>2014-01-15T08:22:16</createDateTime>
                        <fileName>Изменения к Положению о закупках МАУК ЦК УРАЛ от 19_12_2013.JPG</fileName>
                        <description>Изменения к Положению о закупках МАУК ЦК УРАЛ от 19_12_2013</description>
                        <url>http://zakupki.gov.ru/223/clause/public/download/download.html?id=953804</url>
                    </document>
                    <document>
                        <guid>0f9f57da-e30c-449a-ad74-e7572591af49</guid>
                        <createDateTime>2014-01-15T08:24:50</createDateTime>
                        <fileName>Протокол № 9 наблюдательного совета МАУК ЦК УРАЛ.zip</fileName>
                        <description>Протокол № 9 наблюдательного совета МАУК ЦК УРАЛ</description>
                        <url>http://zakupki.gov.ru/223/clause/public/download/download.html?id=953805</url>
                    </document>
                    <document>
                        <guid>c672bf65-3fd2-4cee-a611-9e24ae1cf380</guid>
                        <createDateTime>2017-03-22T10:26:24</createDateTime>
                        <fileName>МАУК ЦК УРАЛ Положение о закупках в редакции 2017.doc</fileName>
                        <description>МАУК ЦК УРАЛ Положение о закупках в редакции 2017</description>
                        <url>http://zakupki.gov.ru/223/clause/public/download/download.html?id=953807</url>
                    </document>
                </ns2:attachments>
            </ns2:orderClauseData>
        </ns2:item>
    </ns2:body>
</ns2:orderClause>
