<?xml version="1.0" encoding="UTF-8" standalone="yes"?>
<ns2:orderClause xsi:schemaLocation="http://zakupki.gov.ru/223/integration/schema/TFF-5.2 http://zakupki.gov.ru/223/integration/schema/TFF-5.2/orderClause.xsd" xmlns="http://zakupki.gov.ru/223fz/types/1" xmlns:ns10="http://zakupki.gov.ru/223fz/purchase/1" xmlns:ns11="http://zakupki.gov.ru/223fz/machineryListInfo/1" xmlns:ns12="http://zakupki.gov.ru/223fz/revenue/1" xmlns:ns13="http://zakupki.gov.ru/223fz/contract/1" xmlns:ns14="http://zakupki.gov.ru/223fz/missedNotice/1" xmlns:ns15="http://zakupki.gov.ru/223fz/complaint/1" xmlns:ns16="http://zakupki.gov.ru/223fz/decisionSuspension/1" xmlns:ns17="http://zakupki.gov.ru/223fz/purchasePlanAdditionalPosition/1" xmlns:ns18="http://zakupki.gov.ru/223fz/notificationIssue/1" xmlns:ns19="http://zakupki.gov.ru/223fz/webRequest/1" xmlns:ns2="http://zakupki.gov.ru/223fz/orderClauseList/1" xmlns:xsi="http://www.w3.org/2001/XMLSchema-instance" xmlns:ns3="http://zakupki.gov.ru/223fz/dishonestSupplier/1" xmlns:ns4="http://zakupki.gov.ru/223fz/purchasePlan/1" xmlns:ns5="http://zakupki.gov.ru/223fz/purchasePlanProject/1" xmlns:ns6="http://zakupki.gov.ru/223fz/purchasePlanProjectAdditionalPosition/1" xmlns:ns7="http://zakupki.gov.ru/223fz/disagreementProtocol/1" xmlns:ns8="http://zakupki.gov.ru/223fz/reference/1" xmlns:ns9="http://zakupki.gov.ru/223fz/stopCommodity/1">
    <header>
        <guid>d1f7c678-efae-4000-b845-cf0b562698cd</guid>
        <createDateTime>2017-03-18T06:50:54</createDateTime>
    </header>
    <ns2:body>
        <ns2:item>
            <guid>16a9e003-7625-4bbf-9517-6c6779c00de1</guid>
            <ns2:orderClauseData>
                <ns2:guid>16a9e003-7625-4bbf-9517-6c6779c00de1</ns2:guid>
                <ns2:createDateTime>2017-03-18T08:43:32</ns2:createDateTime>
                <ns2:urlOOS>https://zakupki.gov.ru/223/clause/private/order-clause/info/common-info.html?clauseInfoId=280061</ns2:urlOOS>
                <ns2:customer>
                    <mainInfo>
                        <fullName>Муниципальное автономное общеобразовательное учреждение "Артинский лицей"</fullName>
                        <shortName>МАОУ "Артинский лицей"</shortName>
                        <iko>56636005407663601001</iko>
                        <inn>6636005407</inn>
                        <kpp>663601001</kpp>
                        <ogrn>1026602055842</ogrn>
                        <legalAddress>623340, Свердловская, Арти, Лесная, дом 2</legalAddress>
                        <postalAddress>623340, Свердловская, Арти, Лесная, дом 2</postalAddress>
                        <phone>8-34391-21538</phone>
                        <fax>8-34391-21538</fax>
                        <email>arti-licey@bk.ru</email>
                        <okato>65203551000</okato>
                        <okpo>50737295</okpo>
                    </mainInfo>
                </ns2:customer>
                <ns2:placer>
                    <mainInfo>
                        <fullName>Муниципальное автономное общеобразовательное учреждение "Артинский лицей"</fullName>
                        <shortName>МАОУ "Артинский лицей"</shortName>
                        <iko>56636005407663601001</iko>
                        <inn>6636005407</inn>
                        <kpp>663601001</kpp>
                        <ogrn>1026602055842</ogrn>
                        <legalAddress>623340, Свердловская, Арти, Лесная, дом 2</legalAddress>
                        <postalAddress>623340, Свердловская, Арти, Лесная, дом 2</postalAddress>
                        <phone>8-34391-21538</phone>
                        <fax>8-34391-21538</fax>
                        <email>arti-licey@bk.ru</email>
                        <okato>65203551000</okato>
                        <okpo>50737295</okpo>
                    </mainInfo>
                </ns2:placer>
                <ns2:status>P</ns2:status>
                <ns2:version>9</ns2:version>
                <ns2:name>ПОЛОЖЕНИЕ о закупках товаров, работ, услуг для нужд Муниципального автономного общеобразовательного учреждения  "Артинский лицей"</ns2:name>
                <ns2:registrationNumber>1140043188</ns2:registrationNumber>
                <ns2:modificationDescription>В соответствии с функционалом ОС добавление способов закупки в соответствии с положением о закупках</ns2:modificationDescription>
                <ns2:approveDate>2014-12-26</ns2:approveDate>
                <ns2:effectiveDate>2015-01-01</ns2:effectiveDate>
                <ns2:approverName>Наблюдательный совет МАОУ Артинский лицей"</ns2:approverName>
                <ns2:purchaseMethod>
                    <ns2:purchaseMethodCode>70870</ns2:purchaseMethodCode>
                    <ns2:purchaseMethodName>СБ-АСТ: Аукцион с двумя частями заявок</ns2:purchaseMethodName>
                    <ns2:digitalPurchase>true</ns2:digitalPurchase>
                </ns2:purchaseMethod>
                <ns2:purchaseMethod>
                    <ns2:purchaseMethodCode>5624</ns2:purchaseMethodCode>
                    <ns2:purchaseMethodName>СБ-АСТ: Открытый запрос цен в электронной форме</ns2:purchaseMethodName>
                    <ns2:digitalPurchase>true</ns2:digitalPurchase>
                </ns2:purchaseMethod>
                <ns2:purchaseMethod>
                    <ns2:purchaseMethodCode>30648</ns2:purchaseMethodCode>
                    <ns2:purchaseMethodName>СБ-АСТ:Запрос предложений</ns2:purchaseMethodName>
                    <ns2:digitalPurchase>true</ns2:digitalPurchase>
                </ns2:purchaseMethod>
                <ns2:purchaseMethod>
                    <ns2:purchaseMethodCode>5622</ns2:purchaseMethodCode>
                    <ns2:purchaseMethodName>СБ-АСТ: Открытый запрос предложений в электронной форме</ns2:purchaseMethodName>
                    <ns2:digitalPurchase>true</ns2:digitalPurchase>
                </ns2:purchaseMethod>
                <ns2:purchaseMethod>
                    <ns2:purchaseMethodCode>45210</ns2:purchaseMethodCode>
                    <ns2:purchaseMethodName>СБ-АСТ: Конкурентные переговоры</ns2:purchaseMethodName>
                    <ns2:digitalPurchase>true</ns2:digitalPurchase>
                </ns2:purchaseMethod>
                <ns2:purchaseMethod>
                    <ns2:purchaseMethodCode>5621</ns2:purchaseMethodCode>
                    <ns2:purchaseMethodName>СБ-АСТ: Открытый аукцион в электронной форме</ns2:purchaseMethodName>
                    <ns2:digitalPurchase>true</ns2:digitalPurchase>
                </ns2:purchaseMethod>
                <ns2:purchaseMethod>
                    <ns2:purchaseMethodCode>5619</ns2:purchaseMethodCode>
                    <ns2:purchaseMethodName>СБ-АСТ: Открытый конкурс в электронной форме</ns2:purchaseMethodName>
                    <ns2:digitalPurchase>true</ns2:digitalPurchase>
                    <ns2:conditionsOfUse>двухэтапный</ns2:conditionsOfUse>
                </ns2:purchaseMethod>
                <ns2:purchaseMethod>
                    <ns2:purchaseMethodCode>31181</ns2:purchaseMethodCode>
                    <ns2:purchaseMethodName>СБ-АСТ: Конкурс</ns2:purchaseMethodName>
                    <ns2:digitalPurchase>true</ns2:digitalPurchase>
                </ns2:purchaseMethod>
                <ns2:purchaseMethod>
                    <ns2:purchaseMethodCode>45201</ns2:purchaseMethodCode>
                    <ns2:purchaseMethodName>СБ-АСТ: Открытый конкурс с возможностью подачи заявки в бумажной форме</ns2:purchaseMethodName>
                    <ns2:digitalPurchase>false</ns2:digitalPurchase>
                </ns2:purchaseMethod>
                <ns2:purchaseMethod>
                    <ns2:purchaseMethodCode>3362</ns2:purchaseMethodCode>
                    <ns2:purchaseMethodName>Запрос котировок</ns2:purchaseMethodName>
                    <ns2:digitalPurchase>false</ns2:digitalPurchase>
                </ns2:purchaseMethod>
                <ns2:purchaseMethod>
                    <ns2:purchaseMethodCode>3360</ns2:purchaseMethodCode>
                    <ns2:purchaseMethodName>Открытый аукцион</ns2:purchaseMethodName>
                    <ns2:digitalPurchase>false</ns2:digitalPurchase>
                </ns2:purchaseMethod>
                <ns2:purchaseMethod>
                    <ns2:purchaseMethodCode>3359</ns2:purchaseMethodCode>
                    <ns2:purchaseMethodName>Открытый конкурс</ns2:purchaseMethodName>
                    <ns2:digitalPurchase>false</ns2:digitalPurchase>
                </ns2:purchaseMethod>
                <ns2:purchaseMethod>
                    <ns2:purchaseMethodCode>3361</ns2:purchaseMethodCode>
                    <ns2:purchaseMethodName>Открытый аукцион в электронной форме</ns2:purchaseMethodName>
                    <ns2:digitalPurchase>true</ns2:digitalPurchase>
                </ns2:purchaseMethod>
                <ns2:purchaseMethod>
                    <ns2:purchaseMethodCode>3363</ns2:purchaseMethodCode>
                    <ns2:purchaseMethodName>Закупка у единственного поставщика (исполнителя, подрядчика)</ns2:purchaseMethodName>
                    <ns2:digitalPurchase>false</ns2:digitalPurchase>
                </ns2:purchaseMethod>
                <ns2:purchaseMethod>
                    <ns2:purchaseMethodCode>19882</ns2:purchaseMethodCode>
                    <ns2:purchaseMethodName>СБ-АСТ: Запрос предложений с ограниченным участием в электронной форме</ns2:purchaseMethodName>
                    <ns2:digitalPurchase>false</ns2:digitalPurchase>
                </ns2:purchaseMethod>
                <ns2:purchaseMethod>
                    <ns2:purchaseMethodCode>19881</ns2:purchaseMethodCode>
                    <ns2:purchaseMethodName>СБ-АСТ: Запрос цен с ограниченным участием в электронной форме</ns2:purchaseMethodName>
                    <ns2:digitalPurchase>true</ns2:digitalPurchase>
                </ns2:purchaseMethod>
                <ns2:purchaseMethod>
                    <ns2:purchaseMethodCode>19880</ns2:purchaseMethodCode>
                    <ns2:purchaseMethodName>СБ-АСТ: Конкурс с ограниченным участием в электронной форме</ns2:purchaseMethodName>
                    <ns2:digitalPurchase>true</ns2:digitalPurchase>
                </ns2:purchaseMethod>
                <ns2:purchaseMethod>
                    <ns2:purchaseMethodCode>70871</ns2:purchaseMethodCode>
                    <ns2:purchaseMethodName>СБ-АСТ: Редукцион</ns2:purchaseMethodName>
                    <ns2:digitalPurchase>true</ns2:digitalPurchase>
                </ns2:purchaseMethod>
                <ns2:purchaseMethod>
                    <ns2:purchaseMethodCode>19879</ns2:purchaseMethodCode>
                    <ns2:purchaseMethodName>СБ-АСТ: Аукцион с ограниченным участием в электронной форме</ns2:purchaseMethodName>
                    <ns2:digitalPurchase>true</ns2:digitalPurchase>
                </ns2:purchaseMethod>
                <ns2:purchaseMethod>
                    <ns2:purchaseMethodCode>47525</ns2:purchaseMethodCode>
                    <ns2:purchaseMethodName>Открытый аукцион в электронной форме (по 94ФЗ)</ns2:purchaseMethodName>
                    <ns2:digitalPurchase>true</ns2:digitalPurchase>
                </ns2:purchaseMethod>
                <ns2:purchaseMethod>
                    <ns2:purchaseMethodCode>138582</ns2:purchaseMethodCode>
                    <ns2:purchaseMethodName>Двухэтапный конкурс</ns2:purchaseMethodName>
                    <ns2:digitalPurchase>false</ns2:digitalPurchase>
                    <ns2:phasesNumber>2</ns2:phasesNumber>
                </ns2:purchaseMethod>
                <ns2:purchaseMethod>
                    <ns2:purchaseMethodCode>31180</ns2:purchaseMethodCode>
                    <ns2:purchaseMethodName>СБ-АСТ: Запрос котировок</ns2:purchaseMethodName>
                    <ns2:digitalPurchase>true</ns2:digitalPurchase>
                </ns2:purchaseMethod>
                <ns2:purchaseMethod>
                    <ns2:purchaseMethodCode>31182</ns2:purchaseMethodCode>
                    <ns2:purchaseMethodName>СБ-АСТ: Аукцион</ns2:purchaseMethodName>
                    <ns2:digitalPurchase>true</ns2:digitalPurchase>
                </ns2:purchaseMethod>
                <ns2:purchaseMethod>
                    <ns2:purchaseMethodCode>31415</ns2:purchaseMethodCode>
                    <ns2:purchaseMethodName>СБ-АСТ: Конкурс</ns2:purchaseMethodName>
                    <ns2:digitalPurchase>false</ns2:digitalPurchase>
                </ns2:purchaseMethod>
                <ns2:purchaseMethod>
                    <ns2:purchaseMethodCode>31416</ns2:purchaseMethodCode>
                    <ns2:purchaseMethodName>СБ-АСТ: Аукцион</ns2:purchaseMethodName>
                    <ns2:digitalPurchase>false</ns2:digitalPurchase>
                </ns2:purchaseMethod>
                <ns2:purchaseMethod>
                    <ns2:purchaseMethodCode>31417</ns2:purchaseMethodCode>
                    <ns2:purchaseMethodName>СБ-АСТ: Запрос предложений</ns2:purchaseMethodName>
                    <ns2:digitalPurchase>false</ns2:digitalPurchase>
                </ns2:purchaseMethod>
                <ns2:purchaseMethod>
                    <ns2:purchaseMethodCode>31418</ns2:purchaseMethodCode>
                    <ns2:purchaseMethodName>СБ-АСТ: Запрос котировок</ns2:purchaseMethodName>
                    <ns2:digitalPurchase>false</ns2:digitalPurchase>
                </ns2:purchaseMethod>
                <ns2:purchaseMethod>
                    <ns2:purchaseMethodCode>33505</ns2:purchaseMethodCode>
                    <ns2:purchaseMethodName>СБ-АСТ: Закупка у единственного источника</ns2:purchaseMethodName>
                    <ns2:digitalPurchase>true</ns2:digitalPurchase>
                </ns2:purchaseMethod>
                <ns2:purchaseMethod>
                    <ns2:purchaseMethodCode>34169</ns2:purchaseMethodCode>
                    <ns2:purchaseMethodName>СБ-АСТ: Открытый запрос котировок в электронной форме</ns2:purchaseMethodName>
                    <ns2:digitalPurchase>true</ns2:digitalPurchase>
                </ns2:purchaseMethod>
                <ns2:purchaseMethod>
                    <ns2:purchaseMethodCode>34170</ns2:purchaseMethodCode>
                    <ns2:purchaseMethodName>СБ-АСТ: Запрос котировок с ограниченным участием в электронной форме</ns2:purchaseMethodName>
                    <ns2:digitalPurchase>true</ns2:digitalPurchase>
                </ns2:purchaseMethod>
                <ns2:purchaseMethod>
                    <ns2:purchaseMethodCode>39000</ns2:purchaseMethodCode>
                    <ns2:purchaseMethodName>СБ-АСТ: Квалификационный отбор</ns2:purchaseMethodName>
                    <ns2:digitalPurchase>true</ns2:digitalPurchase>
                </ns2:purchaseMethod>
                <ns2:purchaseMethod>
                    <ns2:purchaseMethodCode>45202</ns2:purchaseMethodCode>
                    <ns2:purchaseMethodName>СБ-АСТ: Конкурс с ограниченным участием с возможностью подачи заявки в бумажной форме</ns2:purchaseMethodName>
                    <ns2:digitalPurchase>false</ns2:digitalPurchase>
                </ns2:purchaseMethod>
                <ns2:purchaseMethod>
                    <ns2:purchaseMethodCode>45203</ns2:purchaseMethodCode>
                    <ns2:purchaseMethodName>СБ-АСТ: Открытый запрос предложений с возможностью подачи заявки в бумажной форме</ns2:purchaseMethodName>
                    <ns2:digitalPurchase>false</ns2:digitalPurchase>
                </ns2:purchaseMethod>
                <ns2:purchaseMethod>
                    <ns2:purchaseMethodCode>45204</ns2:purchaseMethodCode>
                    <ns2:purchaseMethodName>СБ-АСТ: Запрос предложений с ограниченным участием с возможностью подачи заявки в бумажной форме</ns2:purchaseMethodName>
                    <ns2:digitalPurchase>false</ns2:digitalPurchase>
                </ns2:purchaseMethod>
                <ns2:purchaseMethod>
                    <ns2:purchaseMethodCode>45205</ns2:purchaseMethodCode>
                    <ns2:purchaseMethodName>СБ-АСТ: Открытый запрос цен с возможностью подачи заявки в бумажной форме</ns2:purchaseMethodName>
                    <ns2:digitalPurchase>false</ns2:digitalPurchase>
                </ns2:purchaseMethod>
                <ns2:purchaseMethod>
                    <ns2:purchaseMethodCode>45207</ns2:purchaseMethodCode>
                    <ns2:purchaseMethodName>СБ-АСТ: Запрос цен с ограниченным участием с возможностью подачи заявки в бумажной форме</ns2:purchaseMethodName>
                    <ns2:digitalPurchase>false</ns2:digitalPurchase>
                </ns2:purchaseMethod>
                <ns2:purchaseMethod>
                    <ns2:purchaseMethodCode>45208</ns2:purchaseMethodCode>
                    <ns2:purchaseMethodName>СБ-АСТ: Открытый запрос котировок с возможностью подачи заявки в бумажной форме</ns2:purchaseMethodName>
                    <ns2:digitalPurchase>false</ns2:digitalPurchase>
                </ns2:purchaseMethod>
                <ns2:purchaseMethod>
                    <ns2:purchaseMethodCode>45209</ns2:purchaseMethodCode>
                    <ns2:purchaseMethodName>СБ-АСТ: Запрос котировок с ограниченным участием с возможностью подачи заявки в бумажной форме</ns2:purchaseMethodName>
                    <ns2:digitalPurchase>false</ns2:digitalPurchase>
                </ns2:purchaseMethod>
                <ns2:purchaseMethod>
                    <ns2:purchaseMethodCode>103765</ns2:purchaseMethodCode>
                    <ns2:purchaseMethodName>СБ-АСТ: Закупка у единственного поставщика</ns2:purchaseMethodName>
                    <ns2:digitalPurchase>false</ns2:digitalPurchase>
                </ns2:purchaseMethod>
                <ns2:publicationDateTime>2017-03-18T08:50:03</ns2:publicationDateTime>
                <ns2:attachments>
                    <totalDocumentsCount>2</totalDocumentsCount>
                    <document>
                        <guid>2b357fad-1219-48a8-a36f-fe46e0c010f3</guid>
                        <createDateTime>2016-11-30T10:20:32</createDateTime>
                        <fileName>Перечень вносимых изменений в Положение о закупке_2016.docx</fileName>
                        <description>Перечень вносимых изменений в Положение о закупке_2016</description>
                        <url>http://zakupki.gov.ru/223/clause/public/download/download.html?id=952038</url>
                    </document>
                    <document>
                        <guid>279fa2b9-d7bd-4770-9835-cc4523975674</guid>
                        <createDateTime>2016-11-30T10:22:48</createDateTime>
                        <fileName>Положение о закупке товаров (работ, услуг) на 2016 г — ред.8.doc</fileName>
                        <description>Положение о закупке товаров (работ, услуг) на 2016 г — ред.8</description>
                        <url>http://zakupki.gov.ru/223/clause/public/download/download.html?id=952039</url>
                    </document>
                </ns2:attachments>
            </ns2:orderClauseData>
        </ns2:item>
    </ns2:body>
</ns2:orderClause>
