<?xml version="1.0" encoding="UTF-8" standalone="yes"?>
<ns2:orderClause xsi:schemaLocation="http://zakupki.gov.ru/223/integration/schema/TFF-5.2 http://zakupki.gov.ru/223/integration/schema/TFF-5.2/orderClause.xsd" xmlns="http://zakupki.gov.ru/223fz/types/1" xmlns:ns10="http://zakupki.gov.ru/223fz/purchase/1" xmlns:ns11="http://zakupki.gov.ru/223fz/machineryListInfo/1" xmlns:ns12="http://zakupki.gov.ru/223fz/revenue/1" xmlns:ns13="http://zakupki.gov.ru/223fz/contract/1" xmlns:ns14="http://zakupki.gov.ru/223fz/missedNotice/1" xmlns:ns15="http://zakupki.gov.ru/223fz/complaint/1" xmlns:ns16="http://zakupki.gov.ru/223fz/decisionSuspension/1" xmlns:ns17="http://zakupki.gov.ru/223fz/purchasePlanAdditionalPosition/1" xmlns:ns18="http://zakupki.gov.ru/223fz/notificationIssue/1" xmlns:ns19="http://zakupki.gov.ru/223fz/webRequest/1" xmlns:ns2="http://zakupki.gov.ru/223fz/orderClauseList/1" xmlns:xsi="http://www.w3.org/2001/XMLSchema-instance" xmlns:ns3="http://zakupki.gov.ru/223fz/dishonestSupplier/1" xmlns:ns4="http://zakupki.gov.ru/223fz/purchasePlan/1" xmlns:ns5="http://zakupki.gov.ru/223fz/purchasePlanProject/1" xmlns:ns6="http://zakupki.gov.ru/223fz/purchasePlanProjectAdditionalPosition/1" xmlns:ns7="http://zakupki.gov.ru/223fz/disagreementProtocol/1" xmlns:ns8="http://zakupki.gov.ru/223fz/reference/1" xmlns:ns9="http://zakupki.gov.ru/223fz/stopCommodity/1">
    <header>
        <guid>1433cfef-a053-43b0-8bac-caa62ceee37b</guid>
        <createDateTime>2017-03-24T13:24:20</createDateTime>
    </header>
    <ns2:body>
        <ns2:item>
            <guid>4f0a5496-78ea-4cd5-8ee8-b2b9d274ba64</guid>
            <ns2:orderClauseData>
                <ns2:guid>4f0a5496-78ea-4cd5-8ee8-b2b9d274ba64</ns2:guid>
                <ns2:createDateTime>2017-03-24T15:19:09</ns2:createDateTime>
                <ns2:urlOOS>https://zakupki.gov.ru/223/clause/private/order-clause/info/common-info.html?clauseInfoId=280816</ns2:urlOOS>
                <ns2:customer>
                    <mainInfo>
                        <fullName>МУНИЦИПАЛЬНОЕ АВТОНОМНОЕ УЧРЕЖДЕНИЕ "ДЕТСКИЙ ОЗДОРОВИТЕЛЬНЫЙ КОМПЛЕКС "ЗВЁЗДНЫЙ" ИМЕНИ В.Г.УДОВЕНКО</fullName>
                        <shortName>МАУ "ДОК "ЗВЁЗДНЫЙ"</shortName>
                        <iko>86623064959662301001</iko>
                        <inn>6623064959</inn>
                        <kpp>662301001</kpp>
                        <ogrn>1096623009702</ogrn>
                        <legalAddress>622911, обл СВЕРДЛОВСКАЯ, п ЛЕНЕВКА</legalAddress>
                        <postalAddress>622911, обл СВЕРДЛОВСКАЯ, п ЛЕНЕВКА</postalAddress>
                        <phone>7-3435-497980</phone>
                        <email>zvezdnynt@yandex.ru</email>
                        <okato>65232852006</okato>
                        <okpo>64736804</okpo>
                    </mainInfo>
                </ns2:customer>
                <ns2:placer>
                    <mainInfo>
                        <fullName>МУНИЦИПАЛЬНОЕ АВТОНОМНОЕ УЧРЕЖДЕНИЕ "ДЕТСКИЙ ОЗДОРОВИТЕЛЬНЫЙ КОМПЛЕКС "ЗВЁЗДНЫЙ" ИМЕНИ В.Г.УДОВЕНКО</fullName>
                        <shortName>МАУ "ДОК "ЗВЁЗДНЫЙ"</shortName>
                        <iko>86623064959662301001</iko>
                        <inn>6623064959</inn>
                        <kpp>662301001</kpp>
                        <ogrn>1096623009702</ogrn>
                        <legalAddress>622911, обл СВЕРДЛОВСКАЯ, п ЛЕНЕВКА</legalAddress>
                        <postalAddress>622911, обл СВЕРДЛОВСКАЯ, п ЛЕНЕВКА</postalAddress>
                        <phone>7-3435-497980</phone>
                        <email>zvezdnynt@yandex.ru</email>
                        <okato>65232852006</okato>
                        <okpo>64736804</okpo>
                    </mainInfo>
                </ns2:placer>
                <ns2:status>P</ns2:status>
                <ns2:version>3</ns2:version>
                <ns2:name>Положение о закупке товаров, работ, услуг для нужд МУНИЦИПАЛЬНОЕ АВТОНОМНОЕ УЧРЕЖДЕНИЕ "ДЕТСКИЙ ОЗДОРОВИТЕЛЬНЫЙ КОМПЛЕКС "ЗВЁЗДНЫЙ" ИМЕНИ В.Г.УДОВЕНКО </ns2:name>
                <ns2:registrationNumber>1140073352</ns2:registrationNumber>
                <ns2:modificationDescription>На основании решения наблюдательного совета.</ns2:modificationDescription>
                <ns2:approveDate>2014-10-30</ns2:approveDate>
                <ns2:effectiveDate>2014-10-30</ns2:effectiveDate>
                <ns2:approverName>Наблюдательный совет МАУ "ДОК "Звездный"</ns2:approverName>
                <ns2:contractSignProcedure>Согласно утвержденного положения</ns2:contractSignProcedure>
                <ns2:purchaseMethod>
                    <ns2:purchaseMethodCode>3363</ns2:purchaseMethodCode>
                    <ns2:purchaseMethodName>Закупка у единственного поставщика (исполнителя, подрядчика)</ns2:purchaseMethodName>
                    <ns2:digitalPurchase>false</ns2:digitalPurchase>
                </ns2:purchaseMethod>
                <ns2:purchaseMethod>
                    <ns2:purchaseMethodCode>3362</ns2:purchaseMethodCode>
                    <ns2:purchaseMethodName>Запрос котировок</ns2:purchaseMethodName>
                    <ns2:digitalPurchase>false</ns2:digitalPurchase>
                </ns2:purchaseMethod>
                <ns2:purchaseMethod>
                    <ns2:purchaseMethodCode>3361</ns2:purchaseMethodCode>
                    <ns2:purchaseMethodName>Открытый аукцион в электронной форме</ns2:purchaseMethodName>
                    <ns2:digitalPurchase>true</ns2:digitalPurchase>
                </ns2:purchaseMethod>
                <ns2:purchaseMethod>
                    <ns2:purchaseMethodCode>3360</ns2:purchaseMethodCode>
                    <ns2:purchaseMethodName>Открытый аукцион</ns2:purchaseMethodName>
                    <ns2:digitalPurchase>false</ns2:digitalPurchase>
                </ns2:purchaseMethod>
                <ns2:purchaseMethod>
                    <ns2:purchaseMethodCode>3359</ns2:purchaseMethodCode>
                    <ns2:purchaseMethodName>Открытый конкурс</ns2:purchaseMethodName>
                    <ns2:digitalPurchase>false</ns2:digitalPurchase>
                </ns2:purchaseMethod>
                <ns2:purchaseMethod>
                    <ns2:purchaseMethodCode>143937</ns2:purchaseMethodCode>
                    <ns2:purchaseMethodName>Запрос котировок в электронной форме</ns2:purchaseMethodName>
                    <ns2:digitalPurchase>true</ns2:digitalPurchase>
                </ns2:purchaseMethod>
                <ns2:publicationDateTime>2017-03-24T15:23:52</ns2:publicationDateTime>
                <ns2:attachments>
                    <totalDocumentsCount>2</totalDocumentsCount>
                    <document>
                        <guid>ae569722-4dc1-4127-ab9a-2a8fce678ace</guid>
                        <createDateTime>2017-03-24T13:22:16</createDateTime>
                        <fileName>протокол № 16.pdf</fileName>
                        <description>протокол № 16</description>
                        <url>http://zakupki.gov.ru/223/clause/public/download/download.html?id=955379</url>
                    </document>
                    <document>
                        <guid>73edae45-b3e1-4ad3-8f17-56fb07ac5a47</guid>
                        <createDateTime>2014-11-06T13:59:30</createDateTime>
                        <fileName>Положение.rar</fileName>
                        <description>Положение</description>
                        <url>http://zakupki.gov.ru/223/clause/public/download/download.html?id=955373</url>
                    </document>
                </ns2:attachments>
            </ns2:orderClauseData>
        </ns2:item>
    </ns2:body>
</ns2:orderClause>
