<?xml version="1.0" encoding="UTF-8" standalone="yes"?>
<ns2:orderClause xsi:schemaLocation="http://zakupki.gov.ru/223/integration/schema/TFF-5.2 http://zakupki.gov.ru/223/integration/schema/TFF-5.2/orderClause.xsd" xmlns="http://zakupki.gov.ru/223fz/types/1" xmlns:ns10="http://zakupki.gov.ru/223fz/purchase/1" xmlns:ns11="http://zakupki.gov.ru/223fz/machineryListInfo/1" xmlns:ns12="http://zakupki.gov.ru/223fz/revenue/1" xmlns:ns13="http://zakupki.gov.ru/223fz/contract/1" xmlns:ns14="http://zakupki.gov.ru/223fz/missedNotice/1" xmlns:ns15="http://zakupki.gov.ru/223fz/complaint/1" xmlns:ns16="http://zakupki.gov.ru/223fz/decisionSuspension/1" xmlns:ns17="http://zakupki.gov.ru/223fz/purchasePlanAdditionalPosition/1" xmlns:ns18="http://zakupki.gov.ru/223fz/notificationIssue/1" xmlns:ns19="http://zakupki.gov.ru/223fz/webRequest/1" xmlns:ns2="http://zakupki.gov.ru/223fz/orderClauseList/1" xmlns:xsi="http://www.w3.org/2001/XMLSchema-instance" xmlns:ns3="http://zakupki.gov.ru/223fz/dishonestSupplier/1" xmlns:ns4="http://zakupki.gov.ru/223fz/purchasePlan/1" xmlns:ns5="http://zakupki.gov.ru/223fz/purchasePlanProject/1" xmlns:ns6="http://zakupki.gov.ru/223fz/purchasePlanProjectAdditionalPosition/1" xmlns:ns7="http://zakupki.gov.ru/223fz/disagreementProtocol/1" xmlns:ns8="http://zakupki.gov.ru/223fz/reference/1" xmlns:ns9="http://zakupki.gov.ru/223fz/stopCommodity/1">
    <header>
        <guid>1719f2dd-4a6f-45d2-a598-4e7b497b2439</guid>
        <createDateTime>2017-03-24T06:53:50</createDateTime>
    </header>
    <ns2:body>
        <ns2:item>
            <guid>830e4782-128d-487b-83ee-2655dd805f87</guid>
            <ns2:orderClauseData>
                <ns2:guid>830e4782-128d-487b-83ee-2655dd805f87</ns2:guid>
                <ns2:createDateTime>2017-03-24T08:47:55</ns2:createDateTime>
                <ns2:urlOOS>https://zakupki.gov.ru/223/clause/private/order-clause/info/common-info.html?clauseInfoId=280733</ns2:urlOOS>
                <ns2:customer>
                    <mainInfo>
                        <fullName>МУНИЦИПАЛЬНОЕ АВТОНОМНОЕ ОБРАЗОВАТЕЛЬНОЕ УЧРЕЖДЕНИЕ ДОПОЛНИТЕЛЬНОГО ОБРАЗОВАНИЯ "ДЕТСКО-ЮНОШЕСКАЯ СПОРТИВНАЯ ШКОЛА" №25</fullName>
                        <shortName>МАОУ ДО "ДЮСШ" №25</shortName>
                        <iko>56602005896660201001</iko>
                        <inn>6602005896</inn>
                        <kpp>660201001</kpp>
                        <ogrn>1026600580203</ogrn>
                        <legalAddress>623794, обл СВЕРДЛОВСКАЯ, п БУЛАНАШ, ул ВАХРУШЕВА, дом 4</legalAddress>
                        <postalAddress>623794, Свердловская область, Артемовский район, поселок Буланаш, улица Вахрушева, дом 4</postalAddress>
                        <phone>8-34363-54593</phone>
                        <fax>8-34363-54593</fax>
                        <email>sportschool25@mail.ru</email>
                        <okato>65202000001</okato>
                        <okpo>41718152</okpo>
                    </mainInfo>
                </ns2:customer>
                <ns2:placer>
                    <mainInfo>
                        <fullName>МУНИЦИПАЛЬНОЕ АВТОНОМНОЕ ОБРАЗОВАТЕЛЬНОЕ УЧРЕЖДЕНИЕ ДОПОЛНИТЕЛЬНОГО ОБРАЗОВАНИЯ "ДЕТСКО-ЮНОШЕСКАЯ СПОРТИВНАЯ ШКОЛА" №25</fullName>
                        <shortName>МАОУ ДО "ДЮСШ" №25</shortName>
                        <iko>56602005896660201001</iko>
                        <inn>6602005896</inn>
                        <kpp>660201001</kpp>
                        <ogrn>1026600580203</ogrn>
                        <legalAddress>623794, обл СВЕРДЛОВСКАЯ, п БУЛАНАШ, ул ВАХРУШЕВА, дом 4</legalAddress>
                        <postalAddress>623794, Свердловская область, Артемовский район, поселок Буланаш, улица Вахрушева, дом 4</postalAddress>
                        <phone>8-34363-54593</phone>
                        <fax>8-34363-54593</fax>
                        <email>sportschool25@mail.ru</email>
                        <okato>65202000001</okato>
                        <okpo>41718152</okpo>
                    </mainInfo>
                </ns2:placer>
                <ns2:status>P</ns2:status>
                <ns2:version>9</ns2:version>
                <ns2:name>Положение о закупке товаров, работ, услуг для нужд муниципального образовательного учреждения дополнительного образования "Детско-юношеская спортивная школа" №25</ns2:name>
                <ns2:registrationNumber>1130018170</ns2:registrationNumber>
                <ns2:modificationDescription>Приведение в соответствии с рекомендациями</ns2:modificationDescription>
                <ns2:approveDate>2017-03-23</ns2:approveDate>
                <ns2:effectiveDate>2017-03-23</ns2:effectiveDate>
                <ns2:approverName>Наблюдательный совет МАОУ ДО "ДЮСШ" №25</ns2:approverName>
                <ns2:purchaseMethod>
                    <ns2:purchaseMethodCode>3363</ns2:purchaseMethodCode>
                    <ns2:purchaseMethodName>Закупка у единственного поставщика (исполнителя, подрядчика)</ns2:purchaseMethodName>
                    <ns2:digitalPurchase>false</ns2:digitalPurchase>
                </ns2:purchaseMethod>
                <ns2:purchaseMethod>
                    <ns2:purchaseMethodCode>3362</ns2:purchaseMethodCode>
                    <ns2:purchaseMethodName>Запрос котировок</ns2:purchaseMethodName>
                    <ns2:digitalPurchase>false</ns2:digitalPurchase>
                </ns2:purchaseMethod>
                <ns2:purchaseMethod>
                    <ns2:purchaseMethodCode>3360</ns2:purchaseMethodCode>
                    <ns2:purchaseMethodName>Открытый аукцион</ns2:purchaseMethodName>
                    <ns2:digitalPurchase>false</ns2:digitalPurchase>
                </ns2:purchaseMethod>
                <ns2:purchaseMethod>
                    <ns2:purchaseMethodCode>3359</ns2:purchaseMethodCode>
                    <ns2:purchaseMethodName>Открытый конкурс</ns2:purchaseMethodName>
                    <ns2:digitalPurchase>false</ns2:digitalPurchase>
                </ns2:purchaseMethod>
                <ns2:publicationDateTime>2017-03-24T08:53:31</ns2:publicationDateTime>
                <ns2:attachments>
                    <totalDocumentsCount>3</totalDocumentsCount>
                    <document>
                        <guid>bed1054a-8d13-4265-8c6e-da7001d1939b</guid>
                        <createDateTime>2017-03-24T06:49:16</createDateTime>
                        <fileName>Положение о закупках  МАОУ ДО ДЮСШ №25 март 2017 со сканами.doc</fileName>
                        <description>Положение о закупках  МАОУ ДО ДЮСШ №25 март 2017 со сканами</description>
                        <url>http://zakupki.gov.ru/223/clause/public/download/download.html?id=955074</url>
                    </document>
                    <document>
                        <guid>c774d2ee-abb9-4af9-91ba-f7780b58eac2</guid>
                        <createDateTime>2017-03-24T06:52:09</createDateTime>
                        <fileName>Протокол №1 НС.pdf</fileName>
                        <description>Протокол №1 НС</description>
                        <url>http://zakupki.gov.ru/223/clause/public/download/download.html?id=955075</url>
                    </document>
                    <document>
                        <guid>2a1cb490-802f-4dcf-be95-7991267b512e</guid>
                        <createDateTime>2017-03-24T06:52:19</createDateTime>
                        <fileName>Приказ и перечень.pdf</fileName>
                        <description>Приказ и перечень</description>
                        <url>http://zakupki.gov.ru/223/clause/public/download/download.html?id=955076</url>
                    </document>
                </ns2:attachments>
            </ns2:orderClauseData>
        </ns2:item>
    </ns2:body>
</ns2:orderClause>
