<?xml version="1.0" encoding="UTF-8" standalone="yes"?>
<ns2:orderClause xsi:schemaLocation="http://zakupki.gov.ru/223/integration/schema/TFF-5.2 http://zakupki.gov.ru/223/integration/schema/TFF-5.2/orderClause.xsd" xmlns="http://zakupki.gov.ru/223fz/types/1" xmlns:ns10="http://zakupki.gov.ru/223fz/purchase/1" xmlns:ns11="http://zakupki.gov.ru/223fz/machineryListInfo/1" xmlns:ns12="http://zakupki.gov.ru/223fz/revenue/1" xmlns:ns13="http://zakupki.gov.ru/223fz/contract/1" xmlns:ns14="http://zakupki.gov.ru/223fz/missedNotice/1" xmlns:ns15="http://zakupki.gov.ru/223fz/complaint/1" xmlns:ns16="http://zakupki.gov.ru/223fz/decisionSuspension/1" xmlns:ns17="http://zakupki.gov.ru/223fz/purchasePlanAdditionalPosition/1" xmlns:ns18="http://zakupki.gov.ru/223fz/notificationIssue/1" xmlns:ns19="http://zakupki.gov.ru/223fz/webRequest/1" xmlns:ns2="http://zakupki.gov.ru/223fz/orderClauseList/1" xmlns:xsi="http://www.w3.org/2001/XMLSchema-instance" xmlns:ns3="http://zakupki.gov.ru/223fz/dishonestSupplier/1" xmlns:ns4="http://zakupki.gov.ru/223fz/purchasePlan/1" xmlns:ns5="http://zakupki.gov.ru/223fz/purchasePlanProject/1" xmlns:ns6="http://zakupki.gov.ru/223fz/purchasePlanProjectAdditionalPosition/1" xmlns:ns7="http://zakupki.gov.ru/223fz/disagreementProtocol/1" xmlns:ns8="http://zakupki.gov.ru/223fz/reference/1" xmlns:ns9="http://zakupki.gov.ru/223fz/stopCommodity/1">
    <header>
        <guid>28a20316-1045-4fac-b186-a29d6062ff56</guid>
        <createDateTime>2017-03-24T12:21:36</createDateTime>
    </header>
    <ns2:body>
        <ns2:item>
            <guid>06095812-ac07-48dd-b147-0d13bda61a7a</guid>
            <ns2:orderClauseData>
                <ns2:guid>06095812-ac07-48dd-b147-0d13bda61a7a</ns2:guid>
                <ns2:createDateTime>2017-03-24T11:58:53</ns2:createDateTime>
                <ns2:urlOOS>https://zakupki.gov.ru/223/clause/private/order-clause/info/common-info.html?clauseInfoId=280761</ns2:urlOOS>
                <ns2:customer>
                    <mainInfo>
                        <fullName>МУНИЦИПАЛЬНОЕ АВТОНОМНОЕ УЧРЕЖДЕНИЕ КУЛЬТУРЫ "КУЛЬТУРНО-ДОСУГОВЫЙ ЦЕНТР ГОРОДСКОГО ОКРУГА СТАРОУТКИНСК"</fullName>
                        <shortName>МАУК "КДЦ ГО СТАРОУТКИНСК"</shortName>
                        <iko>56684001508668401001</iko>
                        <inn>6684001508</inn>
                        <kpp>668401001</kpp>
                        <ogrn>1126684001806</ogrn>
                        <legalAddress>623036, обл СВЕРДЛОВСКАЯ, рп СТАРОУТКИНСК, ул 8 МАРТА, дом 2, корпус Б</legalAddress>
                        <postalAddress>623036, Свердловская Область, Староуткинск Рабочий поселок, 8 Марта Улица, дом 2, корпус Б, офис (квартира) 0</postalAddress>
                        <phone>7-34358-55476</phone>
                        <email>kdcentr1@mail.ru</email>
                        <okato>65257554000</okato>
                        <okpo>09028750</okpo>
                    </mainInfo>
                </ns2:customer>
                <ns2:placer>
                    <mainInfo>
                        <fullName>МУНИЦИПАЛЬНОЕ АВТОНОМНОЕ УЧРЕЖДЕНИЕ КУЛЬТУРЫ "КУЛЬТУРНО-ДОСУГОВЫЙ ЦЕНТР ГОРОДСКОГО ОКРУГА СТАРОУТКИНСК"</fullName>
                        <shortName>МАУК "КДЦ ГО СТАРОУТКИНСК"</shortName>
                        <iko>56684001508668401001</iko>
                        <inn>6684001508</inn>
                        <kpp>668401001</kpp>
                        <ogrn>1126684001806</ogrn>
                        <legalAddress>623036, обл СВЕРДЛОВСКАЯ, рп СТАРОУТКИНСК, ул 8 МАРТА, дом 2, корпус Б</legalAddress>
                        <postalAddress>623036, Свердловская Область, Староуткинск Рабочий поселок, 8 Марта Улица, дом 2, корпус Б, офис (квартира) 0</postalAddress>
                        <phone>7-34358-55476</phone>
                        <email>kdcentr1@mail.ru</email>
                        <okato>65257554000</okato>
                        <okpo>09028750</okpo>
                    </mainInfo>
                </ns2:placer>
                <ns2:status>P</ns2:status>
                <ns2:version>4</ns2:version>
                <ns2:name>Положение о закупках товаров, работ, услуг для собственных нужд муниципального автономного учреждения культуры "Культурно-досуговый центр городского округа Староуткинск"</ns2:name>
                <ns2:registrationNumber>1140069163</ns2:registrationNumber>
                <ns2:modificationDescription>Решение наблюдательного совета</ns2:modificationDescription>
                <ns2:approveDate>2017-03-24</ns2:approveDate>
                <ns2:effectiveDate>2017-03-24</ns2:effectiveDate>
                <ns2:approverName>Наблюдательный совет МАУК " КДЦ ГО Староуткинск"</ns2:approverName>
                <ns2:purchaseMethod>
                    <ns2:purchaseMethodCode>3362</ns2:purchaseMethodCode>
                    <ns2:purchaseMethodName>Запрос котировок</ns2:purchaseMethodName>
                    <ns2:digitalPurchase>false</ns2:digitalPurchase>
                </ns2:purchaseMethod>
                <ns2:purchaseMethod>
                    <ns2:purchaseMethodCode>3363</ns2:purchaseMethodCode>
                    <ns2:purchaseMethodName>Закупка у единственного поставщика (исполнителя, подрядчика)</ns2:purchaseMethodName>
                    <ns2:digitalPurchase>false</ns2:digitalPurchase>
                </ns2:purchaseMethod>
                <ns2:purchaseMethod>
                    <ns2:purchaseMethodCode>3361</ns2:purchaseMethodCode>
                    <ns2:purchaseMethodName>Открытый аукцион в электронной форме</ns2:purchaseMethodName>
                    <ns2:digitalPurchase>true</ns2:digitalPurchase>
                </ns2:purchaseMethod>
                <ns2:purchaseMethod>
                    <ns2:purchaseMethodCode>3360</ns2:purchaseMethodCode>
                    <ns2:purchaseMethodName>Открытый аукцион</ns2:purchaseMethodName>
                    <ns2:digitalPurchase>false</ns2:digitalPurchase>
                </ns2:purchaseMethod>
                <ns2:purchaseMethod>
                    <ns2:purchaseMethodCode>3359</ns2:purchaseMethodCode>
                    <ns2:purchaseMethodName>Открытый конкурс</ns2:purchaseMethodName>
                    <ns2:digitalPurchase>false</ns2:digitalPurchase>
                </ns2:purchaseMethod>
                <ns2:publicationDateTime>2017-03-24T14:21:27</ns2:publicationDateTime>
                <ns2:attachments>
                    <totalDocumentsCount>4</totalDocumentsCount>
                    <document>
                        <guid>5cfdffa4-aeb4-4883-9d86-23b4502e3f4b</guid>
                        <createDateTime>2017-03-24T10:02:46</createDateTime>
                        <fileName>положение по закупке - новое.docx</fileName>
                        <description>положение по закупке - новое</description>
                        <url>http://zakupki.gov.ru/223/clause/public/download/download.html?id=955184</url>
                    </document>
                    <document>
                        <guid>420eeb87-07e5-4316-a988-8fcad7cc108f</guid>
                        <createDateTime>2017-03-24T10:03:49</createDateTime>
                        <fileName>1 001.jpg</fileName>
                        <description>1 001</description>
                        <url>http://zakupki.gov.ru/223/clause/public/download/download.html?id=955185</url>
                    </document>
                    <document>
                        <guid>9a8d7bbc-87bf-4b4f-bfc2-8d43fce94bfc</guid>
                        <createDateTime>2017-03-24T10:04:06</createDateTime>
                        <fileName>2 001.jpg</fileName>
                        <description>2 001</description>
                        <url>http://zakupki.gov.ru/223/clause/public/download/download.html?id=955186</url>
                    </document>
                    <document>
                        <guid>194465ad-73ae-4311-bba4-7df4055d4a4f</guid>
                        <createDateTime>2017-03-24T10:04:21</createDateTime>
                        <fileName>3 001.jpg</fileName>
                        <description>3 001</description>
                        <url>http://zakupki.gov.ru/223/clause/public/download/download.html?id=955187</url>
                    </document>
                </ns2:attachments>
            </ns2:orderClauseData>
        </ns2:item>
    </ns2:body>
</ns2:orderClause>
