<?xml version="1.0" encoding="UTF-8" standalone="yes"?>
<ns2:orderClause xsi:schemaLocation="http://zakupki.gov.ru/223/integration/schema/TFF-5.2 http://zakupki.gov.ru/223/integration/schema/TFF-5.2/orderClause.xsd" xmlns="http://zakupki.gov.ru/223fz/types/1" xmlns:ns10="http://zakupki.gov.ru/223fz/purchase/1" xmlns:ns11="http://zakupki.gov.ru/223fz/machineryListInfo/1" xmlns:ns12="http://zakupki.gov.ru/223fz/revenue/1" xmlns:ns13="http://zakupki.gov.ru/223fz/contract/1" xmlns:ns14="http://zakupki.gov.ru/223fz/missedNotice/1" xmlns:ns15="http://zakupki.gov.ru/223fz/complaint/1" xmlns:ns16="http://zakupki.gov.ru/223fz/decisionSuspension/1" xmlns:ns17="http://zakupki.gov.ru/223fz/purchasePlanAdditionalPosition/1" xmlns:ns18="http://zakupki.gov.ru/223fz/notificationIssue/1" xmlns:ns19="http://zakupki.gov.ru/223fz/webRequest/1" xmlns:ns2="http://zakupki.gov.ru/223fz/orderClauseList/1" xmlns:xsi="http://www.w3.org/2001/XMLSchema-instance" xmlns:ns3="http://zakupki.gov.ru/223fz/dishonestSupplier/1" xmlns:ns4="http://zakupki.gov.ru/223fz/purchasePlan/1" xmlns:ns5="http://zakupki.gov.ru/223fz/purchasePlanProject/1" xmlns:ns6="http://zakupki.gov.ru/223fz/purchasePlanProjectAdditionalPosition/1" xmlns:ns7="http://zakupki.gov.ru/223fz/disagreementProtocol/1" xmlns:ns8="http://zakupki.gov.ru/223fz/reference/1" xmlns:ns9="http://zakupki.gov.ru/223fz/stopCommodity/1">
    <header>
        <guid>4506e121-ff36-47f5-8590-aa77c6fca586</guid>
        <createDateTime>2017-03-24T13:39:30</createDateTime>
    </header>
    <ns2:body>
        <ns2:item>
            <guid>64fbafdc-d314-4986-9427-392b04201bdf</guid>
            <ns2:orderClauseData>
                <ns2:guid>64fbafdc-d314-4986-9427-392b04201bdf</ns2:guid>
                <ns2:createDateTime>2017-03-24T15:23:13</ns2:createDateTime>
                <ns2:urlOOS>https://zakupki.gov.ru/223/clause/private/order-clause/info/common-info.html?clauseInfoId=280818</ns2:urlOOS>
                <ns2:customer>
                    <mainInfo>
                        <fullName>МУНИЦИПАЛЬНОЕ АВТОНОМНОЕ ОБЩЕОБРАЗОВАТЕЛЬНОЕ УЧРЕЖДЕНИЕ СРЕДНЯЯ ОБЩЕОБРАЗОВАТЕЛЬНАЯ ШКОЛА № 1 ИМЕНИ А.С.ПУШКИНА</fullName>
                        <shortName>МАОУ СОШ № 1</shortName>
                        <iko>56634007511663401001</iko>
                        <inn>6634007511</inn>
                        <kpp>663401001</kpp>
                        <ogrn>1026601904196</ogrn>
                        <legalAddress>623950, обл СВЕРДЛОВСКАЯ, г ТАВДА, ул ПУШКИНА, дом 29</legalAddress>
                        <postalAddress>623950, Свердловская область, г. Тавда, ул. Пушкина, 29</postalAddress>
                        <phone>7-34360-52611</phone>
                        <fax>7-34360-52240</fax>
                        <email>tavda_sosh1@mail.ru</email>
                        <okato>65496000000</okato>
                        <okpo>55157792</okpo>
                    </mainInfo>
                </ns2:customer>
                <ns2:placer>
                    <mainInfo>
                        <fullName>МУНИЦИПАЛЬНОЕ АВТОНОМНОЕ ОБЩЕОБРАЗОВАТЕЛЬНОЕ УЧРЕЖДЕНИЕ СРЕДНЯЯ ОБЩЕОБРАЗОВАТЕЛЬНАЯ ШКОЛА № 1 ИМЕНИ А.С.ПУШКИНА</fullName>
                        <shortName>МАОУ СОШ № 1</shortName>
                        <iko>56634007511663401001</iko>
                        <inn>6634007511</inn>
                        <kpp>663401001</kpp>
                        <ogrn>1026601904196</ogrn>
                        <legalAddress>623950, обл СВЕРДЛОВСКАЯ, г ТАВДА, ул ПУШКИНА, дом 29</legalAddress>
                        <postalAddress>623950, Свердловская область, г. Тавда, ул. Пушкина, 29</postalAddress>
                        <phone>7-34360-52611</phone>
                        <fax>7-34360-52240</fax>
                        <email>tavda_sosh1@mail.ru</email>
                        <okato>65496000000</okato>
                        <okpo>55157792</okpo>
                    </mainInfo>
                </ns2:placer>
                <ns2:status>P</ns2:status>
                <ns2:version>2</ns2:version>
                <ns2:name>о закупках товаров, работ, услуг для собственных нужд муниципального автономного общеобразовательного учреждения средней общеобразовательной школы № 1 имени А.С. Пушкина</ns2:name>
                <ns2:registrationNumber>1140036667</ns2:registrationNumber>
                <ns2:modificationDescription>Изменение  потребности в закупках</ns2:modificationDescription>
                <ns2:approveDate>2017-03-15</ns2:approveDate>
                <ns2:effectiveDate>2017-03-15</ns2:effectiveDate>
                <ns2:approverName>Наблюдательный совет</ns2:approverName>
                <ns2:purchaseMethod>
                    <ns2:purchaseMethodCode>3363</ns2:purchaseMethodCode>
                    <ns2:purchaseMethodName>Закупка у единственного поставщика (исполнителя, подрядчика)</ns2:purchaseMethodName>
                    <ns2:digitalPurchase>false</ns2:digitalPurchase>
                </ns2:purchaseMethod>
                <ns2:purchaseMethod>
                    <ns2:purchaseMethodCode>3362</ns2:purchaseMethodCode>
                    <ns2:purchaseMethodName>Запрос котировок</ns2:purchaseMethodName>
                    <ns2:digitalPurchase>false</ns2:digitalPurchase>
                </ns2:purchaseMethod>
                <ns2:purchaseMethod>
                    <ns2:purchaseMethodCode>3360</ns2:purchaseMethodCode>
                    <ns2:purchaseMethodName>Открытый аукцион</ns2:purchaseMethodName>
                    <ns2:digitalPurchase>false</ns2:digitalPurchase>
                </ns2:purchaseMethod>
                <ns2:purchaseMethod>
                    <ns2:purchaseMethodCode>3359</ns2:purchaseMethodCode>
                    <ns2:purchaseMethodName>Открытый конкурс</ns2:purchaseMethodName>
                    <ns2:digitalPurchase>false</ns2:digitalPurchase>
                </ns2:purchaseMethod>
                <ns2:publicationDateTime>2017-03-24T15:38:48</ns2:publicationDateTime>
                <ns2:attachments>
                    <totalDocumentsCount>2</totalDocumentsCount>
                    <document>
                        <guid>f882a56d-8fd4-4db1-af19-3a93d6d792f0</guid>
                        <createDateTime>2017-03-24T13:28:05</createDateTime>
                        <fileName>Положение о закупке товаров, работ, услуг МАОУ СОШ № 1.docx</fileName>
                        <description>Положение о закупке товаров, работ, услуг МАОУ СОШ № 1</description>
                        <url>http://zakupki.gov.ru/223/clause/public/download/download.html?id=955384</url>
                    </document>
                    <document>
                        <guid>7753314e-2c56-4b38-ba7d-f930dce4bb9c</guid>
                        <createDateTime>2017-03-24T13:28:31</createDateTime>
                        <fileName>Изменения в положение о закупках МАОУ СОШ № 1.docx</fileName>
                        <description>Изменения в положение о закупках МАОУ СОШ № 1</description>
                        <url>http://zakupki.gov.ru/223/clause/public/download/download.html?id=955385</url>
                    </document>
                </ns2:attachments>
            </ns2:orderClauseData>
        </ns2:item>
    </ns2:body>
</ns2:orderClause>
