<?xml version="1.0" encoding="UTF-8" standalone="yes"?>
<ns2:orderClause xsi:schemaLocation="http://zakupki.gov.ru/223/integration/schema/TFF-5.2 http://zakupki.gov.ru/223/integration/schema/TFF-5.2/orderClause.xsd" xmlns="http://zakupki.gov.ru/223fz/types/1" xmlns:ns10="http://zakupki.gov.ru/223fz/purchase/1" xmlns:ns11="http://zakupki.gov.ru/223fz/machineryListInfo/1" xmlns:ns12="http://zakupki.gov.ru/223fz/revenue/1" xmlns:ns13="http://zakupki.gov.ru/223fz/contract/1" xmlns:ns14="http://zakupki.gov.ru/223fz/missedNotice/1" xmlns:ns15="http://zakupki.gov.ru/223fz/complaint/1" xmlns:ns16="http://zakupki.gov.ru/223fz/decisionSuspension/1" xmlns:ns17="http://zakupki.gov.ru/223fz/purchasePlanAdditionalPosition/1" xmlns:ns18="http://zakupki.gov.ru/223fz/notificationIssue/1" xmlns:ns19="http://zakupki.gov.ru/223fz/webRequest/1" xmlns:ns2="http://zakupki.gov.ru/223fz/orderClauseList/1" xmlns:xsi="http://www.w3.org/2001/XMLSchema-instance" xmlns:ns3="http://zakupki.gov.ru/223fz/dishonestSupplier/1" xmlns:ns4="http://zakupki.gov.ru/223fz/purchasePlan/1" xmlns:ns5="http://zakupki.gov.ru/223fz/purchasePlanProject/1" xmlns:ns6="http://zakupki.gov.ru/223fz/purchasePlanProjectAdditionalPosition/1" xmlns:ns7="http://zakupki.gov.ru/223fz/disagreementProtocol/1" xmlns:ns8="http://zakupki.gov.ru/223fz/reference/1" xmlns:ns9="http://zakupki.gov.ru/223fz/stopCommodity/1">
    <header>
        <guid>d1aed488-b977-4bfa-9bcd-f4412ea549dc</guid>
        <createDateTime>2017-03-24T14:28:38</createDateTime>
    </header>
    <ns2:body>
        <ns2:item>
            <guid>70a0df06-e29e-40ab-bc1d-1aac64d20af9</guid>
            <ns2:orderClauseData>
                <ns2:guid>70a0df06-e29e-40ab-bc1d-1aac64d20af9</ns2:guid>
                <ns2:createDateTime>2017-03-24T16:27:44</ns2:createDateTime>
                <ns2:urlOOS>https://zakupki.gov.ru/223/clause/private/order-clause/info/common-info.html?clauseInfoId=280845</ns2:urlOOS>
                <ns2:customer>
                    <mainInfo>
                        <fullName>БЕРЕЗОВСКОЕ МУНИЦИПАЛЬНОЕ АВТОНОМНОЕ  ОБЩЕОБРАЗОВАТЕЛЬНОЕ УЧРЕЖДЕНИЕ "СРЕДНЯЯ ОБЩЕОБРАЗОВАТЕЛЬНАЯ ШКОЛА №9"</fullName>
                        <shortName>БМАОУ СОШ №9</shortName>
                        <iko>56604009053660401001</iko>
                        <inn>6604009053</inn>
                        <kpp>667801001</kpp>
                        <ogrn>1026600670722</ogrn>
                        <legalAddress>623701, ОБЛ СВЕРДЛОВСКАЯ, Г БЕРЕЗОВСКИЙ, УЛ БРУСНИЦЫНА, дом 4</legalAddress>
                        <postalAddress>623701, СВЕРДЛОВСКАЯ, БЕРЕЗОВСКИЙ, БРУСНИЦЫНА, дом 4</postalAddress>
                        <phone>7-343-6946677</phone>
                        <fax>7-343-6946677</fax>
                        <email>bgo_ou9@mail.ru</email>
                        <okato>65412000000</okato>
                        <okpo>50319528</okpo>
                    </mainInfo>
                </ns2:customer>
                <ns2:placer>
                    <mainInfo>
                        <fullName>БЕРЕЗОВСКОЕ МУНИЦИПАЛЬНОЕ АВТОНОМНОЕ  ОБЩЕОБРАЗОВАТЕЛЬНОЕ УЧРЕЖДЕНИЕ "СРЕДНЯЯ ОБЩЕОБРАЗОВАТЕЛЬНАЯ ШКОЛА №9"</fullName>
                        <shortName>БМАОУ СОШ №9</shortName>
                        <iko>56604009053660401001</iko>
                        <inn>6604009053</inn>
                        <kpp>667801001</kpp>
                        <ogrn>1026600670722</ogrn>
                        <legalAddress>623701, ОБЛ СВЕРДЛОВСКАЯ, Г БЕРЕЗОВСКИЙ, УЛ БРУСНИЦЫНА, дом 4</legalAddress>
                        <postalAddress>623701, СВЕРДЛОВСКАЯ, БЕРЕЗОВСКИЙ, БРУСНИЦЫНА, дом 4</postalAddress>
                        <phone>7-343-6946677</phone>
                        <fax>7-343-6946677</fax>
                        <email>bgo_ou9@mail.ru</email>
                        <okato>65412000000</okato>
                        <okpo>50319528</okpo>
                    </mainInfo>
                </ns2:placer>
                <ns2:status>P</ns2:status>
                <ns2:version>6</ns2:version>
                <ns2:name>Положение о закупке товаров, работ, услуг для нужд Березовского муниципального автономного общеобразовательного учреждения «Средняя общеобразовательная школа №9»</ns2:name>
                <ns2:registrationNumber>1140040084</ns2:registrationNumber>
                <ns2:modificationDescription>внесение изменений</ns2:modificationDescription>
                <ns2:approveDate>2017-03-16</ns2:approveDate>
                <ns2:effectiveDate>2017-03-24</ns2:effectiveDate>
                <ns2:approverName>Наблюдательный совет </ns2:approverName>
                <ns2:contractSignProcedure>в соответствии с действующим положением</ns2:contractSignProcedure>
                <ns2:purchaseMethod>
                    <ns2:purchaseMethodCode>92482</ns2:purchaseMethodCode>
                    <ns2:purchaseMethodName>Запрос предложений</ns2:purchaseMethodName>
                    <ns2:digitalPurchase>true</ns2:digitalPurchase>
                </ns2:purchaseMethod>
                <ns2:purchaseMethod>
                    <ns2:purchaseMethodCode>92480</ns2:purchaseMethodCode>
                    <ns2:purchaseMethodName>Конкурс</ns2:purchaseMethodName>
                    <ns2:digitalPurchase>true</ns2:digitalPurchase>
                </ns2:purchaseMethod>
                <ns2:purchaseMethod>
                    <ns2:purchaseMethodCode>47525</ns2:purchaseMethodCode>
                    <ns2:purchaseMethodName>Открытый аукцион в электронной форме (по 94ФЗ)</ns2:purchaseMethodName>
                    <ns2:digitalPurchase>true</ns2:digitalPurchase>
                </ns2:purchaseMethod>
                <ns2:purchaseMethod>
                    <ns2:purchaseMethodCode>3363</ns2:purchaseMethodCode>
                    <ns2:purchaseMethodName>Закупка у единственного поставщика (исполнителя, подрядчика)</ns2:purchaseMethodName>
                    <ns2:digitalPurchase>false</ns2:digitalPurchase>
                </ns2:purchaseMethod>
                <ns2:purchaseMethod>
                    <ns2:purchaseMethodCode>3362</ns2:purchaseMethodCode>
                    <ns2:purchaseMethodName>Запрос котировок</ns2:purchaseMethodName>
                    <ns2:digitalPurchase>false</ns2:digitalPurchase>
                </ns2:purchaseMethod>
                <ns2:purchaseMethod>
                    <ns2:purchaseMethodCode>3361</ns2:purchaseMethodCode>
                    <ns2:purchaseMethodName>Открытый аукцион в электронной форме</ns2:purchaseMethodName>
                    <ns2:digitalPurchase>true</ns2:digitalPurchase>
                </ns2:purchaseMethod>
                <ns2:purchaseMethod>
                    <ns2:purchaseMethodCode>3359</ns2:purchaseMethodCode>
                    <ns2:purchaseMethodName>Открытый конкурс</ns2:purchaseMethodName>
                    <ns2:digitalPurchase>false</ns2:digitalPurchase>
                </ns2:purchaseMethod>
                <ns2:publicationDateTime>2017-03-24T16:28:30</ns2:publicationDateTime>
                <ns2:attachments>
                    <totalDocumentsCount>2</totalDocumentsCount>
                    <document>
                        <guid>7afbc87a-6db6-481b-a079-b3a431c675c2</guid>
                        <createDateTime>2017-03-24T14:20:55</createDateTime>
                        <fileName>Положение о Закупках 2017 г.docx</fileName>
                        <description>Положение о Закупках 2017 г</description>
                        <url>http://zakupki.gov.ru/223/clause/public/download/download.html?id=955526</url>
                    </document>
                    <document>
                        <guid>64646390-92e8-44f0-8805-58d28587ff03</guid>
                        <createDateTime>2017-03-24T14:23:10</createDateTime>
                        <fileName>Изменения в Положении.doc</fileName>
                        <description>Изменения в Положении</description>
                        <url>http://zakupki.gov.ru/223/clause/public/download/download.html?id=955527</url>
                    </document>
                </ns2:attachments>
            </ns2:orderClauseData>
        </ns2:item>
    </ns2:body>
</ns2:orderClause>
