<?xml version="1.0" encoding="UTF-8" standalone="yes"?>
<ns2:explanation xsi:schemaLocation="http://zakupki.gov.ru/223/integration/schema/TFF-5.2 http://zakupki.gov.ru/223/integration/schema/TFF-5.2/purchase.xsd" xmlns="http://zakupki.gov.ru/223fz/types/1" xmlns:ns10="http://zakupki.gov.ru/223fz/disagreementProtocol/1" xmlns:ns11="http://zakupki.gov.ru/223fz/machineryListInfo/1" xmlns:ns12="http://zakupki.gov.ru/223fz/revenue/1" xmlns:ns13="http://zakupki.gov.ru/223fz/orderClauseList/1" xmlns:ns14="http://zakupki.gov.ru/223fz/contract/1" xmlns:ns15="http://zakupki.gov.ru/223fz/complaint/1" xmlns:ns16="http://zakupki.gov.ru/223fz/missedNotice/1" xmlns:ns17="http://zakupki.gov.ru/223fz/notificationIssue/1" xmlns:ns18="http://zakupki.gov.ru/223fz/purchasePlanProject/1" xmlns:ns19="http://zakupki.gov.ru/223fz/webRequest/1" xmlns:ns2="http://zakupki.gov.ru/223fz/purchase/1" xmlns:xsi="http://www.w3.org/2001/XMLSchema-instance" xmlns:ns3="http://zakupki.gov.ru/223fz/dishonestSupplier/1" xmlns:ns4="http://zakupki.gov.ru/223fz/decisionSuspension/1" xmlns:ns5="http://zakupki.gov.ru/223fz/purchasePlanAdditionalPosition/1" xmlns:ns6="http://zakupki.gov.ru/223fz/purchasePlan/1" xmlns:ns7="http://zakupki.gov.ru/223fz/purchasePlanProjectAdditionalPosition/1" xmlns:ns8="http://zakupki.gov.ru/223fz/reference/1" xmlns:ns9="http://zakupki.gov.ru/223fz/stopCommodity/1">
    <header>
        <guid>ebd16fab-076e-4009-91de-c5990e0a4c12</guid>
        <createDateTime>2017-03-30T12:12:02</createDateTime>
    </header>
    <ns2:body>
        <ns2:item>
            <guid>fda7444c-d3ef-9a3f-280e-83c7d20cfc4c</guid>
            <ns2:explanationData>
                <ns2:guid>fda7444c-d3ef-9a3f-280e-83c7d20cfc4c</ns2:guid>
                <ns2:urlOOS>https://zakupki.gov.ru/223/purchase/private/purchase/explanation/details.html?explanationId=310635</ns2:urlOOS>
                <ns2:description>Добрый день! Дальнейших изменений по «нулевым» позициям (приложения 1 к ТЗ) не будет. Потребность на сегодняшний день отсутствует.</ns2:description>
                <ns2:requestSubjectInfo>Добрый день!
В измененной документации по отдельным позициям остались нулевые значения количества. Уточните, пожалуйста, будут ли вноситься дополнительные уточнения относительно этих позиций спецификации?</ns2:requestSubjectInfo>
                <ns2:requestDate>2017-03-29T14:44:05</ns2:requestDate>
                <ns2:status>P</ns2:status>
                <ns2:creationDate>2017-03-30T14:09:49</ns2:creationDate>
                <ns2:modificationDate>2017-03-30T14:12:02</ns2:modificationDate>
                <ns2:decisionDate>2017-03-30T12:09:49</ns2:decisionDate>
                <ns2:publishDate>2017-03-30T14:12:02</ns2:publishDate>
                <ns2:attachments>
                    <totalDocumentsCount>2</totalDocumentsCount>
                    <document>
                        <guid>c45213ca-f576-1f85-8f68-deafaeea9a69</guid>
                        <createDateTime>2017-03-30T12:09:34</createDateTime>
                        <fileName>Ответ_ОЗЦ[1].docx</fileName>
                        <description>Ответ_ОЗЦ[1].docx</description>
                        <url>http://zakupki.gov.ru/223/purchase/public/download/download.html?id=30462052</url>
                    </document>
                    <document>
                        <guid>322013d2-b519-421d-7e8d-7d0ebc2abe12</guid>
                        <createDateTime>2017-03-29T14:20:53</createDateTime>
                        <fileName>Запрос_на_разъяснение_документации_к_процедуре[7].rtf</fileName>
                        <description>Запрос_на_разъяснение_документации_к_процедуре[7].rtf</description>
                        <url>http://zakupki.gov.ru/223/purchase/public/download/download.html?id=30462053</url>
                    </document>
                </ns2:attachments>
                <ns2:purchaseRegNum>31704935840</ns2:purchaseRegNum>
                <ns2:purchaseMethodCode>2911</ns2:purchaseMethodCode>
                <ns2:purchaseMethodName>открытый запрос цен</ns2:purchaseMethodName>
                <ns2:purchaseName>Право заключения договора на приобретение тех. литературы по ОТ ПО АртЭС, ВЭС, ЗЭС, НТЭС, СЭС, ТалЭС</ns2:purchaseName>
                <ns2:placer>
                    <mainInfo>
                        <fullName>Открытое акционерное общество "Межрегиональная распределительная сетевая компания Урала"</fullName>
                        <shortName>ОАО "МРСК Урала"</shortName>
                        <iko>56671163413667201001</iko>
                        <inn>6671163413</inn>
                        <kpp>667201001</kpp>
                        <ogrn>1056604000970</ogrn>
                        <legalAddress>620026, Свердловская, Екатеринбург, Мамина-Сибиряка, дом 140</legalAddress>
                        <postalAddress>620026, Свердловская область, Екатеринбург, Мамина-Сибиряка, дом 140 </postalAddress>
                        <phone>7-343-2152600</phone>
                        <fax>7-343-2152661</fax>
                        <email>mrsk@mrsk-ural.ru</email>
                        <okato>65401000000</okato>
                        <okpo>76507836</okpo>
                    </mainInfo>
                </ns2:placer>
                <ns2:emergency>false</ns2:emergency>
            </ns2:explanationData>
        </ns2:item>
    </ns2:body>
</ns2:explanation>
