<?xml version="1.0" encoding="UTF-8" standalone="yes"?>
<ns2:explanation xsi:schemaLocation="http://zakupki.gov.ru/223/integration/schema/TFF-5.2 http://zakupki.gov.ru/223/integration/schema/TFF-5.2/purchase.xsd" xmlns="http://zakupki.gov.ru/223fz/types/1" xmlns:ns10="http://zakupki.gov.ru/223fz/disagreementProtocol/1" xmlns:ns11="http://zakupki.gov.ru/223fz/machineryListInfo/1" xmlns:ns12="http://zakupki.gov.ru/223fz/revenue/1" xmlns:ns13="http://zakupki.gov.ru/223fz/orderClauseList/1" xmlns:ns14="http://zakupki.gov.ru/223fz/contract/1" xmlns:ns15="http://zakupki.gov.ru/223fz/complaint/1" xmlns:ns16="http://zakupki.gov.ru/223fz/missedNotice/1" xmlns:ns17="http://zakupki.gov.ru/223fz/notificationIssue/1" xmlns:ns18="http://zakupki.gov.ru/223fz/purchasePlanProject/1" xmlns:ns19="http://zakupki.gov.ru/223fz/webRequest/1" xmlns:ns2="http://zakupki.gov.ru/223fz/purchase/1" xmlns:xsi="http://www.w3.org/2001/XMLSchema-instance" xmlns:ns3="http://zakupki.gov.ru/223fz/dishonestSupplier/1" xmlns:ns4="http://zakupki.gov.ru/223fz/decisionSuspension/1" xmlns:ns5="http://zakupki.gov.ru/223fz/purchasePlanAdditionalPosition/1" xmlns:ns6="http://zakupki.gov.ru/223fz/purchasePlan/1" xmlns:ns7="http://zakupki.gov.ru/223fz/purchasePlanProjectAdditionalPosition/1" xmlns:ns8="http://zakupki.gov.ru/223fz/reference/1" xmlns:ns9="http://zakupki.gov.ru/223fz/stopCommodity/1">
    <header>
        <guid>f1510da4-9144-4796-93aa-bd2c1e6be609</guid>
        <createDateTime>2017-03-30T12:16:35</createDateTime>
    </header>
    <ns2:body>
        <ns2:item>
            <guid>3ba38ee2-4e9e-5824-b665-631740951602</guid>
            <ns2:explanationData>
                <ns2:guid>3ba38ee2-4e9e-5824-b665-631740951602</ns2:guid>
                <ns2:urlOOS>https://zakupki.gov.ru/223/purchase/private/purchase/explanation/details.html?explanationId=310640</ns2:urlOOS>
                <ns2:description>Добрый день! Пункт 8.1. Технического задания устанавливает требование Заказчика к предоставлению Участником  Сертификата системы сертификации на автомобильном транспорте  (ДС АТ) на соответствие требованиям нормативных документов «Системы добровольной сертификации на автомобильном транспорте № РОСС RU.0010.04УТ00»  , либо Сертификата на соответствие выполняемых работ (оказываемых услуг), (применительно к техническому обслуживанию и ремонту автотранспортных средств)  требованиям ГОСТ ISO 9001-2011 (ISO 9001:2008).</ns2:description>
                <ns2:requestSubjectInfo>Здравствуйте! Согласно пункта 8.1 Технического задания, документом предоставляемым в обязательном порядке значится копия действующего Сертификата соответствия на право проведения ремонта транспорта и специальной техники, их узлов и агрегатов. Данный документ не предусмотрен действующим законодательством Российской Федерации. Просим скорректировать Техническое задание в связи с этой информацией.</ns2:requestSubjectInfo>
                <ns2:requestDate>2017-03-28T10:00:00</ns2:requestDate>
                <ns2:status>P</ns2:status>
                <ns2:creationDate>2017-03-30T14:14:49</ns2:creationDate>
                <ns2:modificationDate>2017-03-30T14:16:35</ns2:modificationDate>
                <ns2:decisionDate>2017-03-30T12:14:49</ns2:decisionDate>
                <ns2:publishDate>2017-03-30T14:16:35</ns2:publishDate>
                <ns2:attachments>
                    <totalDocumentsCount>2</totalDocumentsCount>
                    <document>
                        <guid>1718aa7d-9afb-a3c3-c6d4-d5d4405fb766</guid>
                        <createDateTime>2017-03-30T12:14:31</createDateTime>
                        <fileName>Разъяснение_документации_к_процедуре[1].rtf</fileName>
                        <description>Разъяснение_документации_к_процедуре[1].rtf</description>
                        <url>http://zakupki.gov.ru/223/purchase/public/download/download.html?id=30462358</url>
                    </document>
                    <document>
                        <guid>c04cbf70-738d-e06b-ac27-bb977e8e26f1</guid>
                        <createDateTime>2017-03-28T09:59:53</createDateTime>
                        <fileName>Запрос_на_разъяснение_документации_к_процедуре[3].rtf</fileName>
                        <description>Запрос_на_разъяснение_документации_к_процедуре[3].rtf</description>
                        <url>http://zakupki.gov.ru/223/purchase/public/download/download.html?id=30462359</url>
                    </document>
                </ns2:attachments>
                <ns2:purchaseRegNum>31704903014</ns2:purchaseRegNum>
                <ns2:purchaseMethodCode>2910</ns2:purchaseMethodCode>
                <ns2:purchaseMethodName>открытый запрос предложений</ns2:purchaseMethodName>
                <ns2:purchaseName>Право заключения договора на оказание услуг по ремонту автотранспорта и спецтехники ПО ЦЭС филиала ОАО «МРСК Урала» - «Челябэнерго»  в 2017 году</ns2:purchaseName>
                <ns2:placer>
                    <mainInfo>
                        <fullName>Открытое акционерное общество "Межрегиональная распределительная сетевая компания Урала"</fullName>
                        <shortName>ОАО "МРСК Урала"</shortName>
                        <iko>56671163413667201001</iko>
                        <inn>6671163413</inn>
                        <kpp>667201001</kpp>
                        <ogrn>1056604000970</ogrn>
                        <legalAddress>620026, Свердловская, Екатеринбург, Мамина-Сибиряка, дом 140</legalAddress>
                        <postalAddress>620026, Свердловская область, Екатеринбург, Мамина-Сибиряка, дом 140 </postalAddress>
                        <phone>7-343-2152600</phone>
                        <fax>7-343-2152661</fax>
                        <email>mrsk@mrsk-ural.ru</email>
                        <okato>65401000000</okato>
                        <okpo>76507836</okpo>
                    </mainInfo>
                </ns2:placer>
                <ns2:emergency>false</ns2:emergency>
            </ns2:explanationData>
        </ns2:item>
    </ns2:body>
</ns2:explanation>
