<?xml version="1.0" encoding="UTF-8" standalone="yes"?>
<ns2:explanation xsi:schemaLocation="http://zakupki.gov.ru/223/integration/schema/TFF-5.2 http://zakupki.gov.ru/223/integration/schema/TFF-5.2/purchase.xsd" xmlns="http://zakupki.gov.ru/223fz/types/1" xmlns:ns10="http://zakupki.gov.ru/223fz/disagreementProtocol/1" xmlns:ns11="http://zakupki.gov.ru/223fz/machineryListInfo/1" xmlns:ns12="http://zakupki.gov.ru/223fz/revenue/1" xmlns:ns13="http://zakupki.gov.ru/223fz/orderClauseList/1" xmlns:ns14="http://zakupki.gov.ru/223fz/contract/1" xmlns:ns15="http://zakupki.gov.ru/223fz/complaint/1" xmlns:ns16="http://zakupki.gov.ru/223fz/missedNotice/1" xmlns:ns17="http://zakupki.gov.ru/223fz/notificationIssue/1" xmlns:ns18="http://zakupki.gov.ru/223fz/purchasePlanProject/1" xmlns:ns19="http://zakupki.gov.ru/223fz/webRequest/1" xmlns:ns2="http://zakupki.gov.ru/223fz/purchase/1" xmlns:xsi="http://www.w3.org/2001/XMLSchema-instance" xmlns:ns3="http://zakupki.gov.ru/223fz/dishonestSupplier/1" xmlns:ns4="http://zakupki.gov.ru/223fz/decisionSuspension/1" xmlns:ns5="http://zakupki.gov.ru/223fz/purchasePlanAdditionalPosition/1" xmlns:ns6="http://zakupki.gov.ru/223fz/purchasePlan/1" xmlns:ns7="http://zakupki.gov.ru/223fz/purchasePlanProjectAdditionalPosition/1" xmlns:ns8="http://zakupki.gov.ru/223fz/reference/1" xmlns:ns9="http://zakupki.gov.ru/223fz/stopCommodity/1">
    <header>
        <guid>783b4798-50ea-4e4f-8dcb-c37d8cd42dcc</guid>
        <createDateTime>2017-03-30T09:09:01</createDateTime>
    </header>
    <ns2:body>
        <ns2:item>
            <guid>a9898519-9812-0040-0000-58dc9eb911bb</guid>
            <ns2:explanationData>
                <ns2:guid>a9898519-9812-0040-0000-58dc9eb911bb</ns2:guid>
                <ns2:urlOOS>https://zakupki.gov.ru/223/purchase/private/purchase/explanation/details.html?explanationId=310505</ns2:urlOOS>
                <ns2:description>Разъяснения от 28.03.2017 11:38</ns2:description>
                <ns2:requestSubjectInfo>Запрос:
Просим полностью указать название ГОСТ, которым должны соответствовать масла ИГП 38 и ТП 22. Указанные Вами:ГОСТ 17479.1-85 Масла моторные, Классификация и обозначение. ГОСТ 17479.2-85 Масла трансмиссионные. Классификация и обозначение. ГОСТ 17479.3-85 Масла гидравлические. Классификация и обозначение. не позволяю точно определить характеристики товара

Разъяснения:
В спецификации (п.3 Закупочной документации №ЗЦ-0051/2017/03) установлены следующие ГОСТы:
- Масло гидравлическое ИГП-38 - ГОСТ 17479.4-87 "Масла индустриальные"
- Масло турбинное ТП-22 ГОСТ 9972-74 "Масла нефтяные турбинные с присадками"</ns2:requestSubjectInfo>
                <ns2:requestDate>2017-03-28T13:38:19</ns2:requestDate>
                <ns2:status>P</ns2:status>
                <ns2:creationDate>2017-03-30T12:57:01</ns2:creationDate>
                <ns2:modificationDate>2017-03-30T11:09:01</ns2:modificationDate>
                <ns2:decisionDate>2017-03-30T10:56:34</ns2:decisionDate>
                <ns2:publishDate>2017-03-30T11:09:01</ns2:publishDate>
                <ns2:attachments>
                    <totalDocumentsCount>2</totalDocumentsCount>
                    <document>
                        <guid>a9898519-9812-0040-0000-58dc9eb911bb</guid>
                        <createDateTime>2017-03-28T13:38:19</createDateTime>
                        <fileName>текст разъяснения.doc</fileName>
                        <description>текст разъяснения.doc</description>
                        <url>http://zakupki.gov.ru/223/purchase/public/download/download.html?id=30451109</url>
                    </document>
                    <document>
                        <guid>a9898519-9812-0040-0001-58dc9eb911bb</guid>
                        <createDateTime>2017-03-30T10:55:58</createDateTime>
                        <fileName>IMG.pdf</fileName>
                        <description>IMG.pdf</description>
                        <url>http://zakupki.gov.ru/223/purchase/public/download/download.html?id=30451110</url>
                    </document>
                </ns2:attachments>
                <ns2:purchaseRegNum>31704938439</ns2:purchaseRegNum>
                <ns2:purchaseMethodCode>49112</ns2:purchaseMethodCode>
                <ns2:purchaseMethodName>Запрос цен в электронной форме</ns2:purchaseMethodName>
                <ns2:purchaseName>Поставка смазочных материалов ИГП-38, ТП-22С для нужд АО «Завод №9» (801918)</ns2:purchaseName>
                <ns2:placer>
                    <mainInfo>
                        <fullName>АКЦИОНЕРНОЕ ОБЩЕСТВО  "УРАЛЬСКАЯ БОЛЬШЕГРУЗНАЯ ТЕХНИКА-УРАЛВАГОНЗАВОД"</fullName>
                        <shortName>АО "УБТ-УРАЛВАГОНЗАВОД"</shortName>
                        <iko>66623009965662301001</iko>
                        <inn>6623009965</inn>
                        <kpp>662301001</kpp>
                        <ogrn>1026601370267</ogrn>
                        <legalAddress>622018, ОБЛ СВЕРДЛОВСКАЯ, Г НИЖНИЙ ТАГИЛ, УЛ ЮНОСТИ, дом 10</legalAddress>
                        <postalAddress>622018, Свердловская, Нижний Тагил, Юности, дом 10</postalAddress>
                        <phone>7-3435-377407</phone>
                        <fax>7-3435-377408</fax>
                        <email>zakupki.ubt-uvz@mail.ru</email>
                        <okato>65476370000</okato>
                        <okpo>59269252</okpo>
                    </mainInfo>
                </ns2:placer>
                <ns2:emergency>false</ns2:emergency>
            </ns2:explanationData>
        </ns2:item>
    </ns2:body>
</ns2:explanation>
