<?xml version="1.0" encoding="UTF-8" standalone="yes"?>
<ns2:explanation xsi:schemaLocation="http://zakupki.gov.ru/223/integration/schema/TFF-5.2 http://zakupki.gov.ru/223/integration/schema/TFF-5.2/purchase.xsd" xmlns="http://zakupki.gov.ru/223fz/types/1" xmlns:ns10="http://zakupki.gov.ru/223fz/disagreementProtocol/1" xmlns:ns11="http://zakupki.gov.ru/223fz/machineryListInfo/1" xmlns:ns12="http://zakupki.gov.ru/223fz/revenue/1" xmlns:ns13="http://zakupki.gov.ru/223fz/orderClauseList/1" xmlns:ns14="http://zakupki.gov.ru/223fz/contract/1" xmlns:ns15="http://zakupki.gov.ru/223fz/complaint/1" xmlns:ns16="http://zakupki.gov.ru/223fz/missedNotice/1" xmlns:ns17="http://zakupki.gov.ru/223fz/notificationIssue/1" xmlns:ns18="http://zakupki.gov.ru/223fz/purchasePlanProject/1" xmlns:ns19="http://zakupki.gov.ru/223fz/webRequest/1" xmlns:ns2="http://zakupki.gov.ru/223fz/purchase/1" xmlns:xsi="http://www.w3.org/2001/XMLSchema-instance" xmlns:ns3="http://zakupki.gov.ru/223fz/dishonestSupplier/1" xmlns:ns4="http://zakupki.gov.ru/223fz/decisionSuspension/1" xmlns:ns5="http://zakupki.gov.ru/223fz/purchasePlanAdditionalPosition/1" xmlns:ns6="http://zakupki.gov.ru/223fz/purchasePlan/1" xmlns:ns7="http://zakupki.gov.ru/223fz/purchasePlanProjectAdditionalPosition/1" xmlns:ns8="http://zakupki.gov.ru/223fz/reference/1" xmlns:ns9="http://zakupki.gov.ru/223fz/stopCommodity/1">
    <header>
        <guid>0e0df9b9-d788-4dc8-8f70-8da0b7ee13fa</guid>
        <createDateTime>2017-03-30T14:10:34</createDateTime>
    </header>
    <ns2:body>
        <ns2:item>
            <guid>aa715b75-36b2-b0cd-8a81-8b19b5b255ab</guid>
            <ns2:explanationData>
                <ns2:guid>aa715b75-36b2-b0cd-8a81-8b19b5b255ab</ns2:guid>
                <ns2:urlOOS>https://zakupki.gov.ru/223/purchase/private/purchase/explanation/details.html?explanationId=310710</ns2:urlOOS>
                <ns2:description>Добрый день! ответ во вложении.</ns2:description>
                <ns2:requestSubjectInfo>см. вложение</ns2:requestSubjectInfo>
                <ns2:requestDate>2017-03-29T15:36:06</ns2:requestDate>
                <ns2:status>P</ns2:status>
                <ns2:creationDate>2017-03-30T16:08:25</ns2:creationDate>
                <ns2:modificationDate>2017-03-30T16:10:34</ns2:modificationDate>
                <ns2:decisionDate>2017-03-30T14:08:25</ns2:decisionDate>
                <ns2:publishDate>2017-03-30T16:10:34</ns2:publishDate>
                <ns2:attachments>
                    <totalDocumentsCount>2</totalDocumentsCount>
                    <document>
                        <guid>0b8afac0-1d34-ae7d-762a-2e35203804a9</guid>
                        <createDateTime>2017-03-30T14:08:20</createDateTime>
                        <fileName>Ответ.docx</fileName>
                        <description>Ответ.docx</description>
                        <url>http://zakupki.gov.ru/223/purchase/public/download/download.html?id=30468443</url>
                    </document>
                    <document>
                        <guid>ca4da275-bd4a-799f-b45e-68c90d794e17</guid>
                        <createDateTime>2017-03-29T15:35:48</createDateTime>
                        <fileName>Запрос_разъяснений_31704920613_от_29.03.17.xls</fileName>
                        <description>Запрос_разъяснений_31704920613_от_29.03.17.xls</description>
                        <url>http://zakupki.gov.ru/223/purchase/public/download/download.html?id=30468444</url>
                    </document>
                </ns2:attachments>
                <ns2:purchaseRegNum>31704920613</ns2:purchaseRegNum>
                <ns2:purchaseMethodCode>2910</ns2:purchaseMethodCode>
                <ns2:purchaseMethodName>открытый запрос предложений</ns2:purchaseMethodName>
                <ns2:purchaseName>право заключения договора на поставку приборной продукции для  обеспечения ремонтной программы филиала ОАО «МРСК Урала» - «Челябэнерго» в 2017г</ns2:purchaseName>
                <ns2:placer>
                    <mainInfo>
                        <fullName>Открытое акционерное общество "Межрегиональная распределительная сетевая компания Урала"</fullName>
                        <shortName>ОАО "МРСК Урала"</shortName>
                        <iko>56671163413667201001</iko>
                        <inn>6671163413</inn>
                        <kpp>667201001</kpp>
                        <ogrn>1056604000970</ogrn>
                        <legalAddress>620026, Свердловская, Екатеринбург, Мамина-Сибиряка, дом 140</legalAddress>
                        <postalAddress>620026, Свердловская область, Екатеринбург, Мамина-Сибиряка, дом 140 </postalAddress>
                        <phone>7-343-2152600</phone>
                        <fax>7-343-2152661</fax>
                        <email>mrsk@mrsk-ural.ru</email>
                        <okato>65401000000</okato>
                        <okpo>76507836</okpo>
                    </mainInfo>
                </ns2:placer>
                <ns2:emergency>false</ns2:emergency>
            </ns2:explanationData>
        </ns2:item>
    </ns2:body>
</ns2:explanation>
