<?xml version="1.0" encoding="UTF-8" standalone="yes"?>
<ns2:explanation xsi:schemaLocation="http://zakupki.gov.ru/223/integration/schema/TFF-5.2 http://zakupki.gov.ru/223/integration/schema/TFF-5.2/purchase.xsd" xmlns="http://zakupki.gov.ru/223fz/types/1" xmlns:ns10="http://zakupki.gov.ru/223fz/disagreementProtocol/1" xmlns:ns11="http://zakupki.gov.ru/223fz/machineryListInfo/1" xmlns:ns12="http://zakupki.gov.ru/223fz/revenue/1" xmlns:ns13="http://zakupki.gov.ru/223fz/orderClauseList/1" xmlns:ns14="http://zakupki.gov.ru/223fz/contract/1" xmlns:ns15="http://zakupki.gov.ru/223fz/complaint/1" xmlns:ns16="http://zakupki.gov.ru/223fz/missedNotice/1" xmlns:ns17="http://zakupki.gov.ru/223fz/notificationIssue/1" xmlns:ns18="http://zakupki.gov.ru/223fz/purchasePlanProject/1" xmlns:ns19="http://zakupki.gov.ru/223fz/webRequest/1" xmlns:ns2="http://zakupki.gov.ru/223fz/purchase/1" xmlns:xsi="http://www.w3.org/2001/XMLSchema-instance" xmlns:ns3="http://zakupki.gov.ru/223fz/dishonestSupplier/1" xmlns:ns4="http://zakupki.gov.ru/223fz/decisionSuspension/1" xmlns:ns5="http://zakupki.gov.ru/223fz/purchasePlanAdditionalPosition/1" xmlns:ns6="http://zakupki.gov.ru/223fz/purchasePlan/1" xmlns:ns7="http://zakupki.gov.ru/223fz/purchasePlanProjectAdditionalPosition/1" xmlns:ns8="http://zakupki.gov.ru/223fz/reference/1" xmlns:ns9="http://zakupki.gov.ru/223fz/stopCommodity/1">
    <header>
        <guid>ef4059d9-8c66-4484-b508-3368ff4eeea6</guid>
        <createDateTime>2017-03-30T12:39:06</createDateTime>
    </header>
    <ns2:body>
        <ns2:item>
            <guid>a22a2ab1-590a-1ed7-85a5-85a30d6692ec</guid>
            <ns2:explanationData>
                <ns2:guid>a22a2ab1-590a-1ed7-85a5-85a30d6692ec</ns2:guid>
                <ns2:urlOOS>https://zakupki.gov.ru/223/purchase/private/purchase/explanation/details.html?explanationId=310653</ns2:urlOOS>
                <ns2:description>Техническое задание (2)</ns2:description>
                <ns2:requestSubjectInfo>Техническое задание (2)</ns2:requestSubjectInfo>
                <ns2:requestDate>2017-03-29T21:00:00</ns2:requestDate>
                <ns2:status>P</ns2:status>
                <ns2:creationDate>2017-03-30T11:36:48</ns2:creationDate>
                <ns2:modificationDate>2017-03-30T14:39:06</ns2:modificationDate>
                <ns2:decisionDate>2017-03-29T21:00:00</ns2:decisionDate>
                <ns2:publishDate>2017-03-30T14:39:06</ns2:publishDate>
                <ns2:attachments>
                    <totalDocumentsCount>1</totalDocumentsCount>
                    <document>
                        <guid>a22a2ab1-590a-1ee7-85a5-8b6e19b41c87</guid>
                        <createDateTime>2017-03-30T09:36:49</createDateTime>
                        <fileName>ТЗ непродовольственные товары на 2017 год.pdf</fileName>
                        <description>ТЗ непродовольственные товары на 2017 год.pdf</description>
                        <url>http://zakupki.gov.ru/223/purchase/public/download/download.html?id=30463637</url>
                    </document>
                </ns2:attachments>
                <ns2:purchaseRegNum>31704953532</ns2:purchaseRegNum>
                <ns2:purchaseMethodCode>5907</ns2:purchaseMethodCode>
                <ns2:purchaseMethodName>Открытый запрос цен в электронной форме</ns2:purchaseMethodName>
                <ns2:purchaseName>Право заключения договора на Непродовольственные товары на  2017г.</ns2:purchaseName>
                <ns2:placer>
                    <mainInfo>
                        <fullName>ОБЩЕСТВО С ОГРАНИЧЕННОЙ ОТВЕТСТВЕННОСТЬЮ "БЕЛОЯРСКАЯ АЭС - АВТО"</fullName>
                        <shortName>ООО "БЕЛОЯРСКАЯ АЭС- АВТО"</shortName>
                        <iko>76639019528663901001</iko>
                        <inn>6639019528</inn>
                        <kpp>668301001</kpp>
                        <ogrn>1096639000820</ogrn>
                        <legalAddress>624250, ОБЛ СВЕРДЛОВСКАЯ, Г ЗАРЕЧНЫЙ, УЛ ЛЕРМОНТОВА, дом 2</legalAddress>
                        <postalAddress>624251 Свердловская обл. г. Заречный, ул. Лермонтова, 2,</postalAddress>
                        <phone>8-343-7738927</phone>
                        <email>ooobelauto@mail.ru</email>
                        <okato>65426000000</okato>
                        <okpo>62048052</okpo>
                    </mainInfo>
                </ns2:placer>
                <ns2:emergency>false</ns2:emergency>
            </ns2:explanationData>
        </ns2:item>
    </ns2:body>
</ns2:explanation>
