<?xml version="1.0" encoding="UTF-8" standalone="yes"?>
<ns2:explanation xsi:schemaLocation="http://zakupki.gov.ru/223/integration/schema/TFF-5.2 http://zakupki.gov.ru/223/integration/schema/TFF-5.2/purchase.xsd" xmlns="http://zakupki.gov.ru/223fz/types/1" xmlns:ns10="http://zakupki.gov.ru/223fz/disagreementProtocol/1" xmlns:ns11="http://zakupki.gov.ru/223fz/machineryListInfo/1" xmlns:ns12="http://zakupki.gov.ru/223fz/revenue/1" xmlns:ns13="http://zakupki.gov.ru/223fz/orderClauseList/1" xmlns:ns14="http://zakupki.gov.ru/223fz/contract/1" xmlns:ns15="http://zakupki.gov.ru/223fz/complaint/1" xmlns:ns16="http://zakupki.gov.ru/223fz/missedNotice/1" xmlns:ns17="http://zakupki.gov.ru/223fz/notificationIssue/1" xmlns:ns18="http://zakupki.gov.ru/223fz/purchasePlanProject/1" xmlns:ns19="http://zakupki.gov.ru/223fz/webRequest/1" xmlns:ns2="http://zakupki.gov.ru/223fz/purchase/1" xmlns:xsi="http://www.w3.org/2001/XMLSchema-instance" xmlns:ns3="http://zakupki.gov.ru/223fz/dishonestSupplier/1" xmlns:ns4="http://zakupki.gov.ru/223fz/decisionSuspension/1" xmlns:ns5="http://zakupki.gov.ru/223fz/purchasePlanAdditionalPosition/1" xmlns:ns6="http://zakupki.gov.ru/223fz/purchasePlan/1" xmlns:ns7="http://zakupki.gov.ru/223fz/purchasePlanProjectAdditionalPosition/1" xmlns:ns8="http://zakupki.gov.ru/223fz/reference/1" xmlns:ns9="http://zakupki.gov.ru/223fz/stopCommodity/1">
    <header>
        <guid>6fa44706-9ae3-47cc-809d-396df779760a</guid>
        <createDateTime>2017-03-30T10:04:07</createDateTime>
    </header>
    <ns2:body>
        <ns2:item>
            <guid>412707ba-dcf3-4888-b40c-80c1fb89fec3</guid>
            <ns2:explanationData>
                <ns2:guid>412707ba-dcf3-4888-b40c-80c1fb89fec3</ns2:guid>
                <ns2:urlOOS>https://zakupki.gov.ru/223/purchase/private/purchase/explanation/details.html?explanationId=310544</ns2:urlOOS>
                <ns2:description>В соответствии с загруженным файлом.</ns2:description>
                <ns2:requestSubjectInfo>Запрос участника</ns2:requestSubjectInfo>
                <ns2:requestDate>2017-03-24T17:02:00</ns2:requestDate>
                <ns2:status>P</ns2:status>
                <ns2:creationDate>2017-03-30T13:57:25</ns2:creationDate>
                <ns2:modificationDate>2017-03-30T12:04:07</ns2:modificationDate>
                <ns2:decisionDate>2017-03-30T08:57:25</ns2:decisionDate>
                <ns2:publishDate>2017-03-30T12:04:07</ns2:publishDate>
                <ns2:attachments>
                    <totalDocumentsCount>1</totalDocumentsCount>
                    <document>
                        <guid>a1db2e36-2e36-416d-8b88-878b6e085277</guid>
                        <createDateTime>2017-03-30T09:56:34</createDateTime>
                        <fileName>Извещение о предоставлении разъяснений.docx</fileName>
                        <description>Извещение о предоставлении разъяснений.docx</description>
                        <url>http://zakupki.gov.ru/223/purchase/public/download/download.html?id=30454323</url>
                    </document>
                </ns2:attachments>
                <ns2:purchaseRegNum>31704924832</ns2:purchaseRegNum>
                <ns2:purchaseMethodCode>122322</ns2:purchaseMethodCode>
                <ns2:purchaseMethodName>Открытый запрос котировок в электронной форме</ns2:purchaseMethodName>
                <ns2:purchaseName>Поставка комплектующих для Установки экспонирования OLEC  АТ-30</ns2:purchaseName>
                <ns2:placer>
                    <mainInfo>
                        <fullName>АКЦИОНЕРНОЕ ОБЩЕСТВО "НАУЧНО-ПРОИЗВОДСТВЕННОЕ ОБЪЕДИНЕНИЕ АВТОМАТИКИ ИМЕНИ АКАДЕМИКА Н.А. СЕМИХАТОВА"</fullName>
                        <shortName>АО "НПО АВТОМАТИКИ"</shortName>
                        <iko>56685066917668501001</iko>
                        <inn>6685066917</inn>
                        <kpp>668501001</kpp>
                        <ogrn>1146685026509</ogrn>
                        <legalAddress>620075, обл СВЕРДЛОВСКАЯ, г ЕКАТЕРИНБУРГ, ул МАМИНА-СИБИРЯКА, дом 145</legalAddress>
                        <postalAddress>620075, Российская Федерация, Свердловская область, г. Екатеринбург, ул. Мамина Сибиряка, д. 145</postalAddress>
                        <phone>7-343-2125762</phone>
                        <fax>7-343-2125762</fax>
                        <email>788@npoa.ru</email>
                        <okato>65401380000</okato>
                        <okpo>07533030</okpo>
                    </mainInfo>
                </ns2:placer>
                <ns2:emergency>false</ns2:emergency>
            </ns2:explanationData>
        </ns2:item>
    </ns2:body>
</ns2:explanation>
