<?xml version="1.0" encoding="UTF-8" standalone="yes"?>
<ns2:explanation xsi:schemaLocation="http://zakupki.gov.ru/223/integration/schema/TFF-5.2 http://zakupki.gov.ru/223/integration/schema/TFF-5.2/purchase.xsd" xmlns="http://zakupki.gov.ru/223fz/types/1" xmlns:ns10="http://zakupki.gov.ru/223fz/disagreementProtocol/1" xmlns:ns11="http://zakupki.gov.ru/223fz/machineryListInfo/1" xmlns:ns12="http://zakupki.gov.ru/223fz/revenue/1" xmlns:ns13="http://zakupki.gov.ru/223fz/orderClauseList/1" xmlns:ns14="http://zakupki.gov.ru/223fz/contract/1" xmlns:ns15="http://zakupki.gov.ru/223fz/complaint/1" xmlns:ns16="http://zakupki.gov.ru/223fz/missedNotice/1" xmlns:ns17="http://zakupki.gov.ru/223fz/notificationIssue/1" xmlns:ns18="http://zakupki.gov.ru/223fz/purchasePlanProject/1" xmlns:ns19="http://zakupki.gov.ru/223fz/webRequest/1" xmlns:ns2="http://zakupki.gov.ru/223fz/purchase/1" xmlns:xsi="http://www.w3.org/2001/XMLSchema-instance" xmlns:ns3="http://zakupki.gov.ru/223fz/dishonestSupplier/1" xmlns:ns4="http://zakupki.gov.ru/223fz/decisionSuspension/1" xmlns:ns5="http://zakupki.gov.ru/223fz/purchasePlanAdditionalPosition/1" xmlns:ns6="http://zakupki.gov.ru/223fz/purchasePlan/1" xmlns:ns7="http://zakupki.gov.ru/223fz/purchasePlanProjectAdditionalPosition/1" xmlns:ns8="http://zakupki.gov.ru/223fz/reference/1" xmlns:ns9="http://zakupki.gov.ru/223fz/stopCommodity/1">
    <header>
        <guid>228aae00-3a7c-43b7-840a-7bf8db40242e</guid>
        <createDateTime>2017-03-30T12:12:13</createDateTime>
    </header>
    <ns2:body>
        <ns2:item>
            <guid>ba1de365-c6bc-d5fd-d9f2-2690f3cf1771</guid>
            <ns2:explanationData>
                <ns2:guid>ba1de365-c6bc-d5fd-d9f2-2690f3cf1771</ns2:guid>
                <ns2:urlOOS>https://zakupki.gov.ru/223/purchase/private/purchase/explanation/details.html?explanationId=310634</ns2:urlOOS>
                <ns2:description>Добрый день! Дальнейших изменений по «нулевым» позициям (приложения 1 к ТЗ) не будет. Потребность на сегодняшний день отсутствует.</ns2:description>
                <ns2:requestSubjectInfo>Здравствуйте!
В обновленном 29.03.17 перечне и объемах поставляемой продукции (эксель-файл) некоторые позиции в колонке "количество" нулевые. Уточните, пожалуйста, потребность в документации для верного просчета и формирования коммерческого предложения.</ns2:requestSubjectInfo>
                <ns2:requestDate>2017-03-30T11:09:29</ns2:requestDate>
                <ns2:status>P</ns2:status>
                <ns2:creationDate>2017-03-30T14:08:09</ns2:creationDate>
                <ns2:modificationDate>2017-03-30T14:12:13</ns2:modificationDate>
                <ns2:decisionDate>2017-03-30T12:08:09</ns2:decisionDate>
                <ns2:publishDate>2017-03-30T14:12:13</ns2:publishDate>
                <ns2:attachments>
                    <totalDocumentsCount>2</totalDocumentsCount>
                    <document>
                        <guid>c3acedc1-b6b9-b658-5b13-1f7489866a95</guid>
                        <createDateTime>2017-03-30T12:07:47</createDateTime>
                        <fileName>Ответ_ОЗЦ.docx</fileName>
                        <description>Ответ_ОЗЦ.docx</description>
                        <url>http://zakupki.gov.ru/223/purchase/public/download/download.html?id=30462042</url>
                    </document>
                    <document>
                        <guid>e7d9b317-e7ff-2261-867a-60723386a9bb</guid>
                        <createDateTime>2017-03-30T11:09:00</createDateTime>
                        <fileName>Запрос_на_разъяснение_документации_к_процедуре[8].rtf</fileName>
                        <description>Запрос_на_разъяснение_документации_к_процедуре[8].rtf</description>
                        <url>http://zakupki.gov.ru/223/purchase/public/download/download.html?id=30462043</url>
                    </document>
                </ns2:attachments>
                <ns2:purchaseRegNum>31704935840</ns2:purchaseRegNum>
                <ns2:purchaseMethodCode>2911</ns2:purchaseMethodCode>
                <ns2:purchaseMethodName>открытый запрос цен</ns2:purchaseMethodName>
                <ns2:purchaseName>Право заключения договора на приобретение тех. литературы по ОТ ПО АртЭС, ВЭС, ЗЭС, НТЭС, СЭС, ТалЭС</ns2:purchaseName>
                <ns2:placer>
                    <mainInfo>
                        <fullName>Открытое акционерное общество "Межрегиональная распределительная сетевая компания Урала"</fullName>
                        <shortName>ОАО "МРСК Урала"</shortName>
                        <iko>56671163413667201001</iko>
                        <inn>6671163413</inn>
                        <kpp>667201001</kpp>
                        <ogrn>1056604000970</ogrn>
                        <legalAddress>620026, Свердловская, Екатеринбург, Мамина-Сибиряка, дом 140</legalAddress>
                        <postalAddress>620026, Свердловская область, Екатеринбург, Мамина-Сибиряка, дом 140 </postalAddress>
                        <phone>7-343-2152600</phone>
                        <fax>7-343-2152661</fax>
                        <email>mrsk@mrsk-ural.ru</email>
                        <okato>65401000000</okato>
                        <okpo>76507836</okpo>
                    </mainInfo>
                </ns2:placer>
                <ns2:emergency>false</ns2:emergency>
            </ns2:explanationData>
        </ns2:item>
    </ns2:body>
</ns2:explanation>
