<?xml version="1.0" encoding="UTF-8" standalone="yes"?>
<ns2:explanation xsi:schemaLocation="http://zakupki.gov.ru/223/integration/schema/TFF-5.2 http://zakupki.gov.ru/223/integration/schema/TFF-5.2/purchase.xsd" xmlns="http://zakupki.gov.ru/223fz/types/1" xmlns:ns10="http://zakupki.gov.ru/223fz/disagreementProtocol/1" xmlns:ns11="http://zakupki.gov.ru/223fz/machineryListInfo/1" xmlns:ns12="http://zakupki.gov.ru/223fz/revenue/1" xmlns:ns13="http://zakupki.gov.ru/223fz/orderClauseList/1" xmlns:ns14="http://zakupki.gov.ru/223fz/contract/1" xmlns:ns15="http://zakupki.gov.ru/223fz/complaint/1" xmlns:ns16="http://zakupki.gov.ru/223fz/missedNotice/1" xmlns:ns17="http://zakupki.gov.ru/223fz/notificationIssue/1" xmlns:ns18="http://zakupki.gov.ru/223fz/purchasePlanProject/1" xmlns:ns19="http://zakupki.gov.ru/223fz/webRequest/1" xmlns:ns2="http://zakupki.gov.ru/223fz/purchase/1" xmlns:xsi="http://www.w3.org/2001/XMLSchema-instance" xmlns:ns3="http://zakupki.gov.ru/223fz/dishonestSupplier/1" xmlns:ns4="http://zakupki.gov.ru/223fz/decisionSuspension/1" xmlns:ns5="http://zakupki.gov.ru/223fz/purchasePlanAdditionalPosition/1" xmlns:ns6="http://zakupki.gov.ru/223fz/purchasePlan/1" xmlns:ns7="http://zakupki.gov.ru/223fz/purchasePlanProjectAdditionalPosition/1" xmlns:ns8="http://zakupki.gov.ru/223fz/reference/1" xmlns:ns9="http://zakupki.gov.ru/223fz/stopCommodity/1">
    <header>
        <guid>dc6a384b-b551-4ea1-8d36-9e2236f18571</guid>
        <createDateTime>2017-03-30T18:10:32</createDateTime>
    </header>
    <ns2:body>
        <ns2:item>
            <guid>c223cde5-4cf0-4f73-9111-faa48f6ad9e6</guid>
            <ns2:explanationData>
                <ns2:guid>c223cde5-4cf0-4f73-9111-faa48f6ad9e6</ns2:guid>
                <ns2:urlOOS>https://zakupki.gov.ru/223/purchase/private/purchase/explanation/details.html?explanationId=310910</ns2:urlOOS>
                <ns2:description>См. файл "Ответ на вопрос 7451-2.docx"</ns2:description>
                <ns2:requestSubjectInfo>Просим разъяснить - на наш взгляд, это ошибка:
- позиция №15 - свинец листовой 2,5х500х500 - 200 тонн по цене 60000,64 за весь объем - видимо имелось ввиду 200кг
- позиция №24 - припой ПОС 40 ф2мм - 20 тонн по цене 19600,04 за весь объем - видимо имелось ввиду 20кг

</ns2:requestSubjectInfo>
                <ns2:requestDate>2017-03-16T12:17:42</ns2:requestDate>
                <ns2:status>P</ns2:status>
                <ns2:creationDate>2017-03-30T19:51:33</ns2:creationDate>
                <ns2:modificationDate>2017-03-30T20:10:32</ns2:modificationDate>
                <ns2:decisionDate>2017-03-30T17:51:33</ns2:decisionDate>
                <ns2:publishDate>2017-03-30T20:10:32</ns2:publishDate>
                <ns2:attachments>
                    <totalDocumentsCount>1</totalDocumentsCount>
                    <document>
                        <guid>d4d06da3-a81c-254b-504d-28147b875a19</guid>
                        <createDateTime>2017-03-30T17:51:33</createDateTime>
                        <fileName>Ответ_на_вопрос_7451-2.docx</fileName>
                        <description>Ответ_на_вопрос_7451-2.docx</description>
                        <url>http://zakupki.gov.ru/223/purchase/public/download/download.html?id=30481389</url>
                    </document>
                </ns2:attachments>
                <ns2:purchaseRegNum>31704876953</ns2:purchaseRegNum>
                <ns2:purchaseMethodCode>8993</ns2:purchaseMethodCode>
                <ns2:purchaseMethodName>29 (Газпром) Открытый запрос предложений в электронной форме</ns2:purchaseMethodName>
                <ns2:purchaseName>поставку металлопроката для производственно-эксплуатационных нужд ООО Газпром трансгаз Екатеринбург (ДЛЯ СУБЪЕКТОВ МАЛОГО И СРЕДНЕГО ПРЕДПРИНИМАТЕЛЬСТВА):Лот № 1 - Поставка металла;
Лот №2 - Поставка метизной продукции;Лот № 3 - Поставка металла для СКЗ. (0001/17/2.2/0007451/ТГЕкатеринб/ЗП/ГОС/Э/10.03.2017)
</ns2:purchaseName>
                <ns2:placer>
                    <mainInfo>
                        <fullName>ПУБЛИЧНОЕ АКЦИОНЕРНОЕ ОБЩЕСТВО "ГАЗПРОМ"</fullName>
                        <shortName>ПАО "ГАЗПРОМ"</shortName>
                        <iko>57736050003772801001</iko>
                        <inn>7736050003</inn>
                        <kpp>772801001</kpp>
                        <ogrn>1027700070518</ogrn>
                        <legalAddress>117997, г МОСКВА, ул НАМЕТКИНА, дом 16</legalAddress>
                        <postalAddress>ул. Наметкина, д. 16, г. Москва, ГСП-7, 117997</postalAddress>
                        <phone>7-495-7198103</phone>
                        <email>223@adm.gazprom.ru</email>
                        <okato>45293590000</okato>
                        <okpo>45908000</okpo>
                    </mainInfo>
                </ns2:placer>
                <ns2:emergency>false</ns2:emergency>
            </ns2:explanationData>
        </ns2:item>
    </ns2:body>
</ns2:explanation>
