<?xml version="1.0" encoding="UTF-8" standalone="yes"?>
<ns2:explanation xsi:schemaLocation="http://zakupki.gov.ru/223/integration/schema/TFF-5.2 http://zakupki.gov.ru/223/integration/schema/TFF-5.2/purchase.xsd" xmlns="http://zakupki.gov.ru/223fz/types/1" xmlns:ns10="http://zakupki.gov.ru/223fz/disagreementProtocol/1" xmlns:ns11="http://zakupki.gov.ru/223fz/machineryListInfo/1" xmlns:ns12="http://zakupki.gov.ru/223fz/revenue/1" xmlns:ns13="http://zakupki.gov.ru/223fz/orderClauseList/1" xmlns:ns14="http://zakupki.gov.ru/223fz/contract/1" xmlns:ns15="http://zakupki.gov.ru/223fz/complaint/1" xmlns:ns16="http://zakupki.gov.ru/223fz/missedNotice/1" xmlns:ns17="http://zakupki.gov.ru/223fz/notificationIssue/1" xmlns:ns18="http://zakupki.gov.ru/223fz/purchasePlanProject/1" xmlns:ns19="http://zakupki.gov.ru/223fz/webRequest/1" xmlns:ns2="http://zakupki.gov.ru/223fz/purchase/1" xmlns:xsi="http://www.w3.org/2001/XMLSchema-instance" xmlns:ns3="http://zakupki.gov.ru/223fz/dishonestSupplier/1" xmlns:ns4="http://zakupki.gov.ru/223fz/decisionSuspension/1" xmlns:ns5="http://zakupki.gov.ru/223fz/purchasePlanAdditionalPosition/1" xmlns:ns6="http://zakupki.gov.ru/223fz/purchasePlan/1" xmlns:ns7="http://zakupki.gov.ru/223fz/purchasePlanProjectAdditionalPosition/1" xmlns:ns8="http://zakupki.gov.ru/223fz/reference/1" xmlns:ns9="http://zakupki.gov.ru/223fz/stopCommodity/1">
    <header>
        <guid>85154afc-01e2-4235-aa1e-0ea7f2301212</guid>
        <createDateTime>2017-03-30T14:41:07</createDateTime>
    </header>
    <ns2:body>
        <ns2:item>
            <guid>2220fc00-0d0a-1ed7-85a7-651c0281c74e</guid>
            <ns2:explanationData>
                <ns2:guid>2220fc00-0d0a-1ed7-85a7-651c0281c74e</ns2:guid>
                <ns2:urlOOS>https://zakupki.gov.ru/223/purchase/private/purchase/explanation/details.html?explanationId=310740</ns2:urlOOS>
                <ns2:description>Ответ содержится в документе.</ns2:description>
                <ns2:requestSubjectInfo>Добрый день, мы ТПК завод изготовитель соков и нектаров, доставку осуществляем во все регионы страны, хотим участвовать в объявленной Вами закупке. Можем предложить к поставке:
1. Соки фруктовые восстановленные в ассортименте 1л. и 0,2л по ТР ТС 023/2011 ГОСТ 32103-2013 
2. Нектары фруктовые в ассортименте 1 л. и 0,2л по ТР ТС 023/2011 и ТУ производителя соответствующее требованиям для питания детей дошкольного и школьного возраста с 3-х лет.

Просим разъяснить примите ли вы данную заявку и поставку с товаром улучшенного качества.</ns2:requestSubjectInfo>
                <ns2:requestDate>2017-03-29T15:12:36</ns2:requestDate>
                <ns2:status>P</ns2:status>
                <ns2:creationDate>2017-03-30T18:37:28</ns2:creationDate>
                <ns2:modificationDate>2017-03-30T16:41:07</ns2:modificationDate>
                <ns2:decisionDate>2017-03-31T01:59:59</ns2:decisionDate>
                <ns2:publishDate>2017-03-30T16:41:07</ns2:publishDate>
                <ns2:attachments>
                    <totalDocumentsCount>1</totalDocumentsCount>
                    <document>
                        <guid>2220fc00-0d0a-1ed7-85a7-6b94bbd2074e</guid>
                        <createDateTime>2017-03-30T16:37:28</createDateTime>
                        <fileName>Разъяснение.pdf</fileName>
                        <description>Разъяснение.pdf</description>
                        <url>http://zakupki.gov.ru/223/purchase/public/download/download.html?id=30470392</url>
                    </document>
                </ns2:attachments>
                <ns2:purchaseRegNum>31704947503</ns2:purchaseRegNum>
                <ns2:purchaseMethodCode>5907</ns2:purchaseMethodCode>
                <ns2:purchaseMethodName>Открытый запрос цен в электронной форме</ns2:purchaseMethodName>
                <ns2:purchaseName>Право заключения договора на поставку соков и нектаров</ns2:purchaseName>
                <ns2:placer>
                    <mainInfo>
                        <fullName>ФЕДЕРАЛЬНОЕ ГОСУДАРСТВЕННОЕ УНИТАРНОЕ ПРЕДПРИЯТИЕ "КОМБИНАТ "ЭЛЕКТРОХИМПРИБОР"</fullName>
                        <shortName>ФГУП "КОМБИНАТ "ЭЛЕКТРОХИМПРИБОР"</shortName>
                        <iko>56630002336663001001</iko>
                        <inn>6630002336</inn>
                        <kpp>668101001</kpp>
                        <ogrn>1026601766950</ogrn>
                        <legalAddress>624200, ОБЛ СВЕРДЛОВСКАЯ, Г ЛЕСНОЙ, ПР-КТ КОММУНИСТИЧЕСКИЙ, дом 6А</legalAddress>
                        <postalAddress>624200, Свердловская область, город Лесной, Коммунистический проспект 6А</postalAddress>
                        <phone>7-34342-95062</phone>
                        <email>director@ehp-atom.ru</email>
                        <okato>65542000000</okato>
                        <okpo>07624577</okpo>
                    </mainInfo>
                </ns2:placer>
                <ns2:emergency>false</ns2:emergency>
            </ns2:explanationData>
        </ns2:item>
    </ns2:body>
</ns2:explanation>
