<?xml version="1.0" encoding="UTF-8" standalone="yes"?>
<ns2:explanation xsi:schemaLocation="http://zakupki.gov.ru/223/integration/schema/TFF-5.2 http://zakupki.gov.ru/223/integration/schema/TFF-5.2/purchase.xsd" xmlns="http://zakupki.gov.ru/223fz/types/1" xmlns:ns10="http://zakupki.gov.ru/223fz/disagreementProtocol/1" xmlns:ns11="http://zakupki.gov.ru/223fz/machineryListInfo/1" xmlns:ns12="http://zakupki.gov.ru/223fz/revenue/1" xmlns:ns13="http://zakupki.gov.ru/223fz/orderClauseList/1" xmlns:ns14="http://zakupki.gov.ru/223fz/contract/1" xmlns:ns15="http://zakupki.gov.ru/223fz/complaint/1" xmlns:ns16="http://zakupki.gov.ru/223fz/missedNotice/1" xmlns:ns17="http://zakupki.gov.ru/223fz/notificationIssue/1" xmlns:ns18="http://zakupki.gov.ru/223fz/purchasePlanProject/1" xmlns:ns19="http://zakupki.gov.ru/223fz/webRequest/1" xmlns:ns2="http://zakupki.gov.ru/223fz/purchase/1" xmlns:xsi="http://www.w3.org/2001/XMLSchema-instance" xmlns:ns3="http://zakupki.gov.ru/223fz/dishonestSupplier/1" xmlns:ns4="http://zakupki.gov.ru/223fz/decisionSuspension/1" xmlns:ns5="http://zakupki.gov.ru/223fz/purchasePlanAdditionalPosition/1" xmlns:ns6="http://zakupki.gov.ru/223fz/purchasePlan/1" xmlns:ns7="http://zakupki.gov.ru/223fz/purchasePlanProjectAdditionalPosition/1" xmlns:ns8="http://zakupki.gov.ru/223fz/reference/1" xmlns:ns9="http://zakupki.gov.ru/223fz/stopCommodity/1">
    <header>
        <guid>a4f29991-5fd0-4c37-8811-4437201f963d</guid>
        <createDateTime>2017-03-30T08:20:15</createDateTime>
    </header>
    <ns2:body>
        <ns2:item>
            <guid>4a441c2b-3a16-4911-b9ce-f00b614270af</guid>
            <ns2:explanationData>
                <ns2:guid>4a441c2b-3a16-4911-b9ce-f00b614270af</ns2:guid>
                <ns2:urlOOS>https://zakupki.gov.ru/223/purchase/private/purchase/explanation/details.html?explanationId=310494</ns2:urlOOS>
                <ns2:description>Ответ на запрос</ns2:description>
                <ns2:requestSubjectInfo>Оказание услуг по проведению  морфологического исследования последа для МАУ «ГКБ № 14»</ns2:requestSubjectInfo>
                <ns2:requestDate>2017-03-28T00:00:00</ns2:requestDate>
                <ns2:status>P</ns2:status>
                <ns2:creationDate>2017-03-30T10:19:05</ns2:creationDate>
                <ns2:modificationDate>2017-03-30T10:20:15</ns2:modificationDate>
                <ns2:decisionDate>2017-03-28T00:00:00</ns2:decisionDate>
                <ns2:publishDate>2017-03-30T10:20:15</ns2:publishDate>
                <ns2:attachments>
                    <totalDocumentsCount>1</totalDocumentsCount>
                    <document>
                        <guid>de97a5c4-3a3e-4e45-8797-4b26a733c6de</guid>
                        <createDateTime>2017-03-30T08:19:22</createDateTime>
                        <fileName>ответ на запрос по морф исслед последа.pdf</fileName>
                        <description>ответ на запрос по морф исслед последа</description>
                        <url>http://zakupki.gov.ru/223/purchase/public/download/download.html?id=30449504</url>
                    </document>
                </ns2:attachments>
                <ns2:purchaseRegNum>31704931469</ns2:purchaseRegNum>
                <ns2:purchaseMethodCode>3362</ns2:purchaseMethodCode>
                <ns2:purchaseMethodName>Запрос котировок</ns2:purchaseMethodName>
                <ns2:purchaseName>Оказание услуг по проведению морфологического исследования последа для МАУ "ГКБ №14"</ns2:purchaseName>
                <ns2:placer>
                    <mainInfo>
                        <fullName>МУНИЦИПАЛЬНОЕ АВТОНОМНОЕ УЧРЕЖДЕНИЕ "ГОРОДСКАЯ КЛИНИЧЕСКАЯ БОЛЬНИЦА № 14"</fullName>
                        <shortName>МАУ "ГКБ № 14"</shortName>
                        <iko>56663020620668601001</iko>
                        <inn>6663020620</inn>
                        <kpp>668601001</kpp>
                        <ogrn>1036604789759</ogrn>
                        <legalAddress>620039, ОБЛ СВЕРДЛОВСКАЯ, Г ЕКАТЕРИНБУРГ, УЛ 22 ПАРТСЪЕЗДА, дом 15, корпус А</legalAddress>
                        <postalAddress>620039, СВЕРДЛОВСКАЯ, ЕКАТЕРИНБУРГ, 22 ПАРТСЪЕЗДА, дом 15, корпус А</postalAddress>
                        <phone>8-343-3381936</phone>
                        <fax>8-343-3385395</fax>
                        <email>gkb14_asu@mail.ru</email>
                        <okato>65401385000</okato>
                        <okpo>01944625</okpo>
                    </mainInfo>
                </ns2:placer>
                <ns2:emergency>false</ns2:emergency>
            </ns2:explanationData>
        </ns2:item>
    </ns2:body>
</ns2:explanation>
