<?xml version="1.0" encoding="UTF-8" standalone="yes"?>
<ns2:performanceContract xsi:schemaLocation="http://zakupki.gov.ru/223/integration/schema/TFF-5.2 http://zakupki.gov.ru/223/integration/schema/TFF-5.2/Types.xsd" xmlns="http://zakupki.gov.ru/223fz/types/1" xmlns:ns10="http://zakupki.gov.ru/223fz/disagreementProtocol/1" xmlns:ns11="http://zakupki.gov.ru/223fz/purchase/1" xmlns:ns12="http://zakupki.gov.ru/223fz/machineryListInfo/1" xmlns:ns13="http://zakupki.gov.ru/223fz/revenue/1" xmlns:ns14="http://zakupki.gov.ru/223fz/orderClauseList/1" xmlns:ns15="http://zakupki.gov.ru/223fz/complaint/1" xmlns:ns16="http://zakupki.gov.ru/223fz/missedNotice/1" xmlns:ns17="http://zakupki.gov.ru/223fz/notificationIssue/1" xmlns:ns18="http://zakupki.gov.ru/223fz/purchasePlanProject/1" xmlns:ns19="http://zakupki.gov.ru/223fz/webRequest/1" xmlns:ns2="http://zakupki.gov.ru/223fz/contract/1" xmlns:xsi="http://www.w3.org/2001/XMLSchema-instance" xmlns:ns3="http://zakupki.gov.ru/223fz/dishonestSupplier/1" xmlns:ns4="http://zakupki.gov.ru/223fz/decisionSuspension/1" xmlns:ns5="http://zakupki.gov.ru/223fz/purchasePlanAdditionalPosition/1" xmlns:ns6="http://zakupki.gov.ru/223fz/purchasePlan/1" xmlns:ns7="http://zakupki.gov.ru/223fz/purchasePlanProjectAdditionalPosition/1" xmlns:ns8="http://zakupki.gov.ru/223fz/reference/1" xmlns:ns9="http://zakupki.gov.ru/223fz/stopCommodity/1">
    <header>
        <guid>0e5c9c2a-e404-42da-b686-4a11a8102aa2</guid>
        <createDateTime>2017-03-30T14:06:18</createDateTime>
    </header>
    <ns2:body>
        <ns2:item>
            <guid>28ccb908-b5d2-4c1f-b6cf-e373afc348a7</guid>
            <ns2:performanceContractData>
                <ns2:guid>5bb86a13-12d9-469b-a57c-4cc0492915a4</ns2:guid>
                <ns2:registrationNumber>66673092045160001320009</ns2:registrationNumber>
                <ns2:urlOOS>https://zakupki.gov.ru/223/contract/private/completing/info/view.html?id=2666828</ns2:urlOOS>
                <ns2:createDateTime>2016-04-18T08:53:18</ns2:createDateTime>
                <ns2:customer>
                    <mainInfo>
                        <fullName>АКЦИОНЕРНОЕ ОБЩЕСТВО "ОПЫТНОЕ КОНСТРУКТОРСКОЕ БЮРО "НОВАТОР"</fullName>
                        <shortName>АО "ОКБ "НОВАТОР"</shortName>
                        <iko>66673092045667301001</iko>
                        <inn>6673092045</inn>
                        <kpp>667301001</kpp>
                        <ogrn>1026605611339</ogrn>
                        <legalAddress>620017, обл СВЕРДЛОВСКАЯ, г ЕКАТЕРИНБУРГ, пр-кт КОСМОНАВТОВ, дом 18</legalAddress>
                        <postalAddress>620017, г. Екатеринбург, пр. Космонавтов, 18</postalAddress>
                        <phone>7-343-2641072</phone>
                        <fax>7-343-2641300</fax>
                        <email>main@okb-novator.ru</email>
                        <okato>65401385000</okato>
                        <okpo>07546512</okpo>
                    </mainInfo>
                </ns2:customer>
                <ns2:placer>
                    <mainInfo>
                        <fullName>АКЦИОНЕРНОЕ ОБЩЕСТВО "ОПЫТНОЕ КОНСТРУКТОРСКОЕ БЮРО "НОВАТОР"</fullName>
                        <shortName>АО "ОКБ "НОВАТОР"</shortName>
                        <iko>66673092045667301001</iko>
                        <inn>6673092045</inn>
                        <kpp>667301001</kpp>
                        <ogrn>1026605611339</ogrn>
                        <legalAddress>620017, обл СВЕРДЛОВСКАЯ, г ЕКАТЕРИНБУРГ, пр-кт КОСМОНАВТОВ, дом 18</legalAddress>
                        <postalAddress>620017, г. Екатеринбург, пр. Космонавтов, 18</postalAddress>
                        <phone>7-343-2641072</phone>
                        <fax>7-343-2641300</fax>
                        <email>main@okb-novator.ru</email>
                        <okato>65401385000</okato>
                        <okpo>07546512</okpo>
                    </mainInfo>
                </ns2:placer>
                <ns2:publicationDate>2017-03-30T14:06:18</ns2:publicationDate>
                <ns2:status>P</ns2:status>
                <ns2:version>3</ns2:version>
                <ns2:completed>true</ns2:completed>
                <ns2:modificationDescription>Заведение информации об очередной поставке</ns2:modificationDescription>
                <ns2:attachments>
                    <totalDocumentsCount>5</totalDocumentsCount>
                    <document>
                        <guid>24bc73bf-e625-4002-8581-60dd292342e5</guid>
                        <createDateTime>2016-11-02T14:08:24</createDateTime>
                        <fileName>пп8152 тнТ1907.pdf</fileName>
                        <description>пп8152 тнТ1907</description>
                        <url>https://zakupki.gov.ru/223/contract/private/download/download.html?id=11735761</url>
                        <registrationNumber>66673092045160001320010</registrationNumber>
                    </document>
                    <document>
                        <guid>46da4b28-2533-4fd7-8f2c-637d20c4afd5</guid>
                        <createDateTime>2016-12-26T08:05:13</createDateTime>
                        <fileName>пп 9711.pdf</fileName>
                        <description>пп 9711</description>
                        <url>https://zakupki.gov.ru/223/contract/private/download/download.html?id=11735762</url>
                        <registrationNumber>66673092045160001320011</registrationNumber>
                    </document>
                    <document>
                        <guid>df413f52-ce0f-4472-b7aa-bb11748856d4</guid>
                        <createDateTime>2016-12-26T08:05:28</createDateTime>
                        <fileName>тн №Т-2351.pdf</fileName>
                        <description>тн №Т-2351</description>
                        <url>https://zakupki.gov.ru/223/contract/private/download/download.html?id=11735763</url>
                        <registrationNumber>66673092045160001320012</registrationNumber>
                    </document>
                    <document>
                        <guid>3068a028-5ac3-4d23-b5c5-096460b33ef7</guid>
                        <createDateTime>2017-03-30T14:03:28</createDateTime>
                        <fileName>тн  №Т-462 от 17.03.2017.pdf</fileName>
                        <description>тн  №Т-462 от 17.03.2017</description>
                        <url>https://zakupki.gov.ru/223/contract/private/download/download.html?id=11737751</url>
                        <registrationNumber>66673092045160001320013</registrationNumber>
                    </document>
                    <document>
                        <guid>6a8a969b-fae5-4014-834a-a20b1f14975c</guid>
                        <createDateTime>2017-03-30T14:01:49</createDateTime>
                        <fileName>пп №2069.pdf</fileName>
                        <description>пп №2069</description>
                        <url>https://zakupki.gov.ru/223/contract/private/download/download.html?id=11737502</url>
                        <registrationNumber>66673092045160001320014</registrationNumber>
                    </document>
                </ns2:attachments>
                <ns2:hasPenalty>false</ns2:hasPenalty>
                <ns2:contractRegNumber>66673092045160001320000</ns2:contractRegNumber>
                <ns2:contractInfo>
                    <ns2:guid>0c4de32f-ad07-4539-a71c-cc72f4399391</ns2:guid>
                    <ns2:name>14-41/47</ns2:name>
                    <ns2:agencyName>АО "ОКБ "НОВАТОР"</ns2:agencyName>
                    <ns2:supplierName>ОБЩЕСТВО С ОГРАНИЧЕННОЙ ОТВЕТСТВЕННОСТЬЮ "ЕВРОТЕК-УРАЛ"</ns2:supplierName>
                    <ns2:lotInfo>Картон гофрированный в рулонах или листах</ns2:lotInfo>
                    <ns2:contractDate>2016-04-15</ns2:contractDate>
                </ns2:contractInfo>
                <ns2:positions>
                    <ns2:position>
                        <ns2:ordinal>3</ns2:ordinal>
                        <ns2:paymentDate>2017-03-23</ns2:paymentDate>
                        <ns2:price>24975</ns2:price>
                        <ns2:currency>
                            <code>RUB</code>
                            <digitalCode>643</digitalCode>
                            <name>Российский рубль</name>
                        </ns2:currency>
                        <ns2:rubPrice>24975</ns2:rubPrice>
                        <ns2:prepaid>false</ns2:prepaid>
                        <ns2:docs>
                            <ns2:doc>
                                <ns2:ordinal>1</ns2:ordinal>
                                <ns2:date>2017-03-17</ns2:date>
                                <ns2:code>01</ns2:code>
                                <ns2:name>товарная накладная</ns2:name>
                                <ns2:number>Т-462</ns2:number>
                                <ns2:contractPosition>
                                    <ns2:guid>3cabb745-30f3-014e-e053-ac11070d70ec</ns2:guid>
                                    <ns2:name>Картон гофрированный в рулонах или листах</ns2:name>
                                    <ns2:okpd2>
                                        <code>17.21.11.000</code>
                                        <name>Картон гофрированный в рулонах или листах</name>
                                    </ns2:okpd2>
                                </ns2:contractPosition>
                                <ns2:okei>
                                    <code>625</code>
                                    <name>Лист</name>
                                </ns2:okei>
                                <ns2:qty>333</ns2:qty>
                            </ns2:doc>
                        </ns2:docs>
                    </ns2:position>
                    <ns2:position>
                        <ns2:ordinal>2</ns2:ordinal>
                        <ns2:paymentDate>2016-12-20</ns2:paymentDate>
                        <ns2:price>30000</ns2:price>
                        <ns2:currency>
                            <code>RUB</code>
                            <digitalCode>643</digitalCode>
                            <name>Российский рубль</name>
                        </ns2:currency>
                        <ns2:rubPrice>30000</ns2:rubPrice>
                        <ns2:prepaid>false</ns2:prepaid>
                        <ns2:docs>
                            <ns2:doc>
                                <ns2:ordinal>1</ns2:ordinal>
                                <ns2:date>2016-12-13</ns2:date>
                                <ns2:code>01</ns2:code>
                                <ns2:name>товарная накладная</ns2:name>
                                <ns2:number>Т-2351</ns2:number>
                                <ns2:contractPosition>
                                    <ns2:guid>3cabb745-30f3-014e-e053-ac11070d70ec</ns2:guid>
                                    <ns2:name>Картон гофрированный в рулонах или листах</ns2:name>
                                    <ns2:okpd2>
                                        <code>17.21.11.000</code>
                                        <name>Картон гофрированный в рулонах или листах</name>
                                    </ns2:okpd2>
                                </ns2:contractPosition>
                                <ns2:okei>
                                    <code>625</code>
                                    <name>Лист</name>
                                </ns2:okei>
                                <ns2:qty>400</ns2:qty>
                            </ns2:doc>
                        </ns2:docs>
                    </ns2:position>
                    <ns2:position>
                        <ns2:ordinal>1</ns2:ordinal>
                        <ns2:paymentDate>2016-10-27</ns2:paymentDate>
                        <ns2:price>20025</ns2:price>
                        <ns2:currency>
                            <code>RUB</code>
                            <digitalCode>643</digitalCode>
                            <name>Российский рубль</name>
                        </ns2:currency>
                        <ns2:rubPrice>20025</ns2:rubPrice>
                        <ns2:prepaid>false</ns2:prepaid>
                        <ns2:docs>
                            <ns2:doc>
                                <ns2:ordinal>1</ns2:ordinal>
                                <ns2:date>2016-10-19</ns2:date>
                                <ns2:code>01</ns2:code>
                                <ns2:name>товарная накладная</ns2:name>
                                <ns2:number>Т-1907</ns2:number>
                                <ns2:contractPosition>
                                    <ns2:guid>3cabb745-30f3-014e-e053-ac11070d70ec</ns2:guid>
                                    <ns2:name>Картон гофрированный в рулонах или листах</ns2:name>
                                    <ns2:okpd2>
                                        <code>17.21.11.000</code>
                                        <name>Картон гофрированный в рулонах или листах</name>
                                    </ns2:okpd2>
                                </ns2:contractPosition>
                                <ns2:okei>
                                    <code>625</code>
                                    <name>Лист</name>
                                </ns2:okei>
                                <ns2:qty>267</ns2:qty>
                            </ns2:doc>
                        </ns2:docs>
                    </ns2:position>
                    <ns2:total>75000</ns2:total>
                </ns2:positions>
            </ns2:performanceContractData>
        </ns2:item>
    </ns2:body>
</ns2:performanceContract>
