<?xml version="1.0" encoding="UTF-8" standalone="yes"?>
<ns2:performanceContract xsi:schemaLocation="http://zakupki.gov.ru/223/integration/schema/TFF-5.2 http://zakupki.gov.ru/223/integration/schema/TFF-5.2/Types.xsd" xmlns="http://zakupki.gov.ru/223fz/types/1" xmlns:ns10="http://zakupki.gov.ru/223fz/disagreementProtocol/1" xmlns:ns11="http://zakupki.gov.ru/223fz/purchase/1" xmlns:ns12="http://zakupki.gov.ru/223fz/machineryListInfo/1" xmlns:ns13="http://zakupki.gov.ru/223fz/revenue/1" xmlns:ns14="http://zakupki.gov.ru/223fz/orderClauseList/1" xmlns:ns15="http://zakupki.gov.ru/223fz/complaint/1" xmlns:ns16="http://zakupki.gov.ru/223fz/missedNotice/1" xmlns:ns17="http://zakupki.gov.ru/223fz/notificationIssue/1" xmlns:ns18="http://zakupki.gov.ru/223fz/purchasePlanProject/1" xmlns:ns19="http://zakupki.gov.ru/223fz/webRequest/1" xmlns:ns2="http://zakupki.gov.ru/223fz/contract/1" xmlns:xsi="http://www.w3.org/2001/XMLSchema-instance" xmlns:ns3="http://zakupki.gov.ru/223fz/dishonestSupplier/1" xmlns:ns4="http://zakupki.gov.ru/223fz/decisionSuspension/1" xmlns:ns5="http://zakupki.gov.ru/223fz/purchasePlanAdditionalPosition/1" xmlns:ns6="http://zakupki.gov.ru/223fz/purchasePlan/1" xmlns:ns7="http://zakupki.gov.ru/223fz/purchasePlanProjectAdditionalPosition/1" xmlns:ns8="http://zakupki.gov.ru/223fz/reference/1" xmlns:ns9="http://zakupki.gov.ru/223fz/stopCommodity/1">
    <header>
        <guid>7be3eb87-ecfd-4231-a275-dab31d251f8d</guid>
        <createDateTime>2017-03-30T13:43:00</createDateTime>
    </header>
    <ns2:body>
        <ns2:item>
            <guid>c00b3e71-f2ab-4bce-9b0f-d9461c870b04</guid>
            <ns2:performanceContractData>
                <ns2:guid>69d39296-8389-4da5-a407-0bfbfe4b1a1f</ns2:guid>
                <ns2:registrationNumber>56608002436170000050075</ns2:registrationNumber>
                <ns2:urlOOS>https://zakupki.gov.ru/223/contract/private/completing/info/view.html?id=2666855</ns2:urlOOS>
                <ns2:createDateTime>2017-01-20T06:13:41</ns2:createDateTime>
                <ns2:customer>
                    <mainInfo>
                        <fullName>Екатеринбургское муниципальное унитарное предприятие "Екатеринбургский метрополитен"</fullName>
                        <shortName>"Метрополитен"</shortName>
                        <iko>56608002436665801001</iko>
                        <inn>6608002436</inn>
                        <kpp>665801001</kpp>
                        <ogrn>1026602326068</ogrn>
                        <legalAddress>620014, Свердловская, Екатеринбург, Володарского, дом 3</legalAddress>
                        <postalAddress>620014, г. Екатеринбург, ул. Володарского, д. 3</postalAddress>
                        <phone>7-343-3580000</phone>
                        <fax>7-234-3580321</fax>
                        <email>n@metro-ektb.ru</email>
                        <okato>65401000000</okato>
                        <okpo>04867888</okpo>
                    </mainInfo>
                </ns2:customer>
                <ns2:placer>
                    <mainInfo>
                        <fullName>Екатеринбургское муниципальное унитарное предприятие "Екатеринбургский метрополитен"</fullName>
                        <shortName>"Метрополитен"</shortName>
                        <iko>56608002436665801001</iko>
                        <inn>6608002436</inn>
                        <kpp>665801001</kpp>
                        <ogrn>1026602326068</ogrn>
                        <legalAddress>620014, Свердловская, Екатеринбург, Володарского, дом 3</legalAddress>
                        <postalAddress>620014, г. Екатеринбург, ул. Володарского, д. 3</postalAddress>
                        <phone>7-343-3580000</phone>
                        <fax>7-234-3580321</fax>
                        <email>n@metro-ektb.ru</email>
                        <okato>65401000000</okato>
                        <okpo>04867888</okpo>
                    </mainInfo>
                </ns2:placer>
                <ns2:publicationDate>2017-03-30T13:43:00</ns2:publicationDate>
                <ns2:status>P</ns2:status>
                <ns2:version>1</ns2:version>
                <ns2:completed>false</ns2:completed>
                <ns2:attachments>
                    <totalDocumentsCount>2</totalDocumentsCount>
                    <document>
                        <guid>fe0b75a1-eb3a-4f4c-82c3-b41c397fc2b0</guid>
                        <createDateTime>2017-03-30T13:42:27</createDateTime>
                        <fileName>Платежное поручение № 1280 от 29.03.2017.pdf</fileName>
                        <description>Платежное поручение № 1280 от 29.03.2017</description>
                        <url>https://zakupki.gov.ru/223/contract/private/download/download.html?id=11736061</url>
                        <registrationNumber>56608002436170000050076</registrationNumber>
                    </document>
                    <document>
                        <guid>addd70bb-6af8-4585-959d-311ab1b021c5</guid>
                        <createDateTime>2017-03-30T13:42:20</createDateTime>
                        <fileName>Договор 05-6-1549_9НФ .pdf</fileName>
                        <description>Договор 05-6-1549_9НФ </description>
                        <url>https://zakupki.gov.ru/223/contract/private/download/download.html?id=11736047</url>
                        <registrationNumber>56608002436170000050077</registrationNumber>
                    </document>
                </ns2:attachments>
                <ns2:hasPenalty>false</ns2:hasPenalty>
                <ns2:contractRegNumber>56608002436170000050000</ns2:contractRegNumber>
                <ns2:contractInfo>
                    <ns2:guid>46546e53-885a-486f-9b8e-d609fb235679</ns2:guid>
                    <ns2:name>05-6-1549/9НФ-2017</ns2:name>
                    <ns2:agencyName>"Метрополитен"</ns2:agencyName>
                    <ns2:supplierName>ПУБЛИЧНОЕ АКЦИОНЕРНОЕ ОБЩЕСТВО "ЕКАТЕРИНБУРГСКИЙ МУНИЦИПАЛЬНЫЙ БАНК"</ns2:supplierName>
                    <ns2:lotInfo>Заключение кредитного договора (открытие кредитной линии).</ns2:lotInfo>
                    <ns2:contractDate>2017-01-18</ns2:contractDate>
                </ns2:contractInfo>
                <ns2:positions>
                    <ns2:position>
                        <ns2:ordinal>1</ns2:ordinal>
                        <ns2:paymentDate>2017-03-29</ns2:paymentDate>
                        <ns2:price>8000000</ns2:price>
                        <ns2:currency>
                            <code>RUB</code>
                            <digitalCode>643</digitalCode>
                            <name>Российский рубль</name>
                        </ns2:currency>
                        <ns2:rubPrice>8000000</ns2:rubPrice>
                        <ns2:prepaid>false</ns2:prepaid>
                        <ns2:docs>
                            <ns2:doc>
                                <ns2:ordinal>1</ns2:ordinal>
                                <ns2:date>2017-01-18</ns2:date>
                                <ns2:code>37</ns2:code>
                                <ns2:name>прочие документы о приемке</ns2:name>
                                <ns2:number>05-6-1549</ns2:number>
                                <ns2:contractPosition>
                                    <ns2:guid>7d194c28-6d60-4532-8015-c53d8ac0f76e</ns2:guid>
                                    <ns2:name>Услуги по предоставлению денежных ссуд под залог недвижимого имущества</ns2:name>
                                    <ns2:okpd2>
                                        <code>64.92.19.120</code>
                                        <name>Услуги по предоставлению денежных ссуд под залог недвижимого имущества</name>
                                    </ns2:okpd2>
                                </ns2:contractPosition>
                                <ns2:okei>
                                    <code>383</code>
                                    <name>Рубль</name>
                                </ns2:okei>
                                <ns2:qty>0</ns2:qty>
                            </ns2:doc>
                        </ns2:docs>
                    </ns2:position>
                    <ns2:total>8000000</ns2:total>
                </ns2:positions>
            </ns2:performanceContractData>
        </ns2:item>
    </ns2:body>
</ns2:performanceContract>
