<?xml version="1.0" encoding="UTF-8" standalone="yes"?>
<ns2:performanceContract xsi:schemaLocation="http://zakupki.gov.ru/223/integration/schema/TFF-5.2 http://zakupki.gov.ru/223/integration/schema/TFF-5.2/Types.xsd" xmlns="http://zakupki.gov.ru/223fz/types/1" xmlns:ns10="http://zakupki.gov.ru/223fz/disagreementProtocol/1" xmlns:ns11="http://zakupki.gov.ru/223fz/purchase/1" xmlns:ns12="http://zakupki.gov.ru/223fz/machineryListInfo/1" xmlns:ns13="http://zakupki.gov.ru/223fz/revenue/1" xmlns:ns14="http://zakupki.gov.ru/223fz/orderClauseList/1" xmlns:ns15="http://zakupki.gov.ru/223fz/complaint/1" xmlns:ns16="http://zakupki.gov.ru/223fz/missedNotice/1" xmlns:ns17="http://zakupki.gov.ru/223fz/notificationIssue/1" xmlns:ns18="http://zakupki.gov.ru/223fz/purchasePlanProject/1" xmlns:ns19="http://zakupki.gov.ru/223fz/webRequest/1" xmlns:ns2="http://zakupki.gov.ru/223fz/contract/1" xmlns:xsi="http://www.w3.org/2001/XMLSchema-instance" xmlns:ns3="http://zakupki.gov.ru/223fz/dishonestSupplier/1" xmlns:ns4="http://zakupki.gov.ru/223fz/decisionSuspension/1" xmlns:ns5="http://zakupki.gov.ru/223fz/purchasePlanAdditionalPosition/1" xmlns:ns6="http://zakupki.gov.ru/223fz/purchasePlan/1" xmlns:ns7="http://zakupki.gov.ru/223fz/purchasePlanProjectAdditionalPosition/1" xmlns:ns8="http://zakupki.gov.ru/223fz/reference/1" xmlns:ns9="http://zakupki.gov.ru/223fz/stopCommodity/1">
    <header>
        <guid>0044d2a0-f368-4dea-8c56-4f03cd6db99e</guid>
        <createDateTime>2017-03-30T14:49:58</createDateTime>
    </header>
    <ns2:body>
        <ns2:item>
            <guid>752de968-a63c-4bb3-ad37-ff0dd3665de0</guid>
            <ns2:performanceContractData>
                <ns2:guid>2c25baa9-75f0-4865-a809-de5545cce55f</ns2:guid>
                <ns2:registrationNumber>56671163413160001300007</ns2:registrationNumber>
                <ns2:urlOOS>https://zakupki.gov.ru/223/contract/private/completing/info/view.html?id=2667583</ns2:urlOOS>
                <ns2:createDateTime>2016-05-05T07:15:52</ns2:createDateTime>
                <ns2:customer>
                    <mainInfo>
                        <fullName>Открытое акционерное общество "Межрегиональная распределительная сетевая компания Урала"</fullName>
                        <shortName>ОАО "МРСК Урала"</shortName>
                        <iko>56671163413667201001</iko>
                        <inn>6671163413</inn>
                        <kpp>667201001</kpp>
                        <ogrn>1056604000970</ogrn>
                        <legalAddress>620026, Свердловская, Екатеринбург, Мамина-Сибиряка, дом 140</legalAddress>
                        <postalAddress>620026, Свердловская область, Екатеринбург, Мамина-Сибиряка, дом 140 </postalAddress>
                        <phone>7-343-2152600</phone>
                        <fax>7-343-2152661</fax>
                        <email>mrsk@mrsk-ural.ru</email>
                        <okato>65401000000</okato>
                        <okpo>76507836</okpo>
                    </mainInfo>
                </ns2:customer>
                <ns2:placer>
                    <mainInfo>
                        <fullName>Открытое акционерное общество "Межрегиональная распределительная сетевая компания Урала"</fullName>
                        <shortName>ОАО "МРСК Урала"</shortName>
                        <iko>56671163413667201001</iko>
                        <inn>6671163413</inn>
                        <kpp>667201001</kpp>
                        <ogrn>1056604000970</ogrn>
                        <legalAddress>620026, Свердловская, Екатеринбург, Мамина-Сибиряка, дом 140</legalAddress>
                        <postalAddress>620026, Свердловская область, Екатеринбург, Мамина-Сибиряка, дом 140 </postalAddress>
                        <phone>7-343-2152600</phone>
                        <fax>7-343-2152661</fax>
                        <email>mrsk@mrsk-ural.ru</email>
                        <okato>65401000000</okato>
                        <okpo>76507836</okpo>
                    </mainInfo>
                </ns2:placer>
                <ns2:publicationDate>2017-03-30T14:49:58</ns2:publicationDate>
                <ns2:status>P</ns2:status>
                <ns2:version>2</ns2:version>
                <ns2:completed>true</ns2:completed>
                <ns2:modificationDescription>Исполнение к другому договору</ns2:modificationDescription>
                <ns2:attachments>
                    <totalDocumentsCount>4</totalDocumentsCount>
                    <document>
                        <guid>bea61c62-2b1a-45c0-ab75-afabf5f94477</guid>
                        <createDateTime>2016-06-23T11:51:40</createDateTime>
                        <fileName>20718-20720_2016.06.22_ПП.pdf</fileName>
                        <description>20718-20720_2016.06.22_ПП</description>
                        <url>https://zakupki.gov.ru/223/contract/private/download/download.html?id=11739827</url>
                        <registrationNumber>56671163413160001300008</registrationNumber>
                    </document>
                    <document>
                        <guid>0a1521c5-22b6-416b-9dfa-0d331fc138e7</guid>
                        <createDateTime>2016-06-23T11:51:03</createDateTime>
                        <fileName>113_2016.04.22_СФ_ТН.zip</fileName>
                        <description>113_2016.04.22_СФ_ТН</description>
                        <url>https://zakupki.gov.ru/223/contract/private/download/download.html?id=11739828</url>
                        <registrationNumber>56671163413160001300009</registrationNumber>
                    </document>
                    <document>
                        <guid>8596540b-009a-4e5b-8551-1c9fd11ed034</guid>
                        <createDateTime>2017-03-30T14:48:35</createDateTime>
                        <fileName>ПП.zip</fileName>
                        <description>ПП</description>
                        <url>https://zakupki.gov.ru/223/contract/private/download/download.html?id=11740458</url>
                        <registrationNumber>56671163413160001300010</registrationNumber>
                    </document>
                    <document>
                        <guid>2a86c929-37a0-4a1c-9eb4-26340390a5e9</guid>
                        <createDateTime>2017-03-30T14:48:57</createDateTime>
                        <fileName>ТН.zip</fileName>
                        <description>ТН</description>
                        <url>https://zakupki.gov.ru/223/contract/private/download/download.html?id=11740476</url>
                        <registrationNumber>56671163413160001300011</registrationNumber>
                    </document>
                </ns2:attachments>
                <ns2:hasPenalty>false</ns2:hasPenalty>
                <ns2:contractRegNumber>56671163413160001300000</ns2:contractRegNumber>
                <ns2:contractInfo>
                    <ns2:guid>a79d7ba7-2e3d-491d-b82a-d46eaecc58dd</ns2:guid>
                    <ns2:name>ДЛиМТО/13/2016</ns2:name>
                    <ns2:agencyName>ОАО "МРСК Урала"</ns2:agencyName>
                    <ns2:supplierName>ОБЩЕСТВО С ОГРАНИЧЕННОЙ ОТВЕТСТВЕННОСТЬЮ "ПРОИЗВОДСТВЕННОЕ ОБЪЕДИНЕНИЕ "ГАРАНТИЯ"</ns2:supplierName>
                    <ns2:lotInfo>Закупка № 156307, Лот № 188</ns2:lotInfo>
                    <ns2:contractDate>2016-01-18</ns2:contractDate>
                </ns2:contractInfo>
                <ns2:positions>
                    <ns2:position>
                        <ns2:ordinal>1</ns2:ordinal>
                        <ns2:paymentDate>2016-10-26</ns2:paymentDate>
                        <ns2:price>6787689.81</ns2:price>
                        <ns2:currency>
                            <code>RUB</code>
                            <digitalCode>643</digitalCode>
                            <name>Российский рубль</name>
                        </ns2:currency>
                        <ns2:rubPrice>6787689.81</ns2:rubPrice>
                        <ns2:prepaid>false</ns2:prepaid>
                        <ns2:docs>
                            <ns2:doc>
                                <ns2:ordinal>1</ns2:ordinal>
                                <ns2:date>2016-09-06</ns2:date>
                                <ns2:code>01</ns2:code>
                                <ns2:name>товарная накладная</ns2:name>
                                <ns2:number>1886,1902,1928,1973,1978,1997,2073,2168,2190,2195,2320,2360,2361,2387,2469,2470,2525,2526,2565,2587,2591,2604,2669,2680,2751,2816,3053,3142,3143,3362,3437,3458,3459,3474,3540,3544,3552,3622,3624</ns2:number>
                                <ns2:contractPosition>
                                    <ns2:guid>3cabb751-4463-014e-e053-ac11070d70ec</ns2:guid>
                                    <ns2:name>Опоры типа СВ</ns2:name>
                                    <ns2:okpd2>
                                        <code>23.61.12.161</code>
                                        <name>Трубы железобетонные</name>
                                    </ns2:okpd2>
                                </ns2:contractPosition>
                                <ns2:okei>
                                    <code>796</code>
                                    <name>Штука</name>
                                </ns2:okei>
                                <ns2:qty>536</ns2:qty>
                            </ns2:doc>
                        </ns2:docs>
                    </ns2:position>
                    <ns2:total>6787689.81</ns2:total>
                </ns2:positions>
            </ns2:performanceContractData>
        </ns2:item>
    </ns2:body>
</ns2:performanceContract>
