<?xml version="1.0" encoding="UTF-8" standalone="yes"?>
<ns2:performanceContract xsi:schemaLocation="http://zakupki.gov.ru/223/integration/schema/TFF-5.2 http://zakupki.gov.ru/223/integration/schema/TFF-5.2/Types.xsd" xmlns="http://zakupki.gov.ru/223fz/types/1" xmlns:ns10="http://zakupki.gov.ru/223fz/disagreementProtocol/1" xmlns:ns11="http://zakupki.gov.ru/223fz/purchase/1" xmlns:ns12="http://zakupki.gov.ru/223fz/machineryListInfo/1" xmlns:ns13="http://zakupki.gov.ru/223fz/revenue/1" xmlns:ns14="http://zakupki.gov.ru/223fz/orderClauseList/1" xmlns:ns15="http://zakupki.gov.ru/223fz/complaint/1" xmlns:ns16="http://zakupki.gov.ru/223fz/missedNotice/1" xmlns:ns17="http://zakupki.gov.ru/223fz/notificationIssue/1" xmlns:ns18="http://zakupki.gov.ru/223fz/purchasePlanProject/1" xmlns:ns19="http://zakupki.gov.ru/223fz/webRequest/1" xmlns:ns2="http://zakupki.gov.ru/223fz/contract/1" xmlns:xsi="http://www.w3.org/2001/XMLSchema-instance" xmlns:ns3="http://zakupki.gov.ru/223fz/dishonestSupplier/1" xmlns:ns4="http://zakupki.gov.ru/223fz/decisionSuspension/1" xmlns:ns5="http://zakupki.gov.ru/223fz/purchasePlanAdditionalPosition/1" xmlns:ns6="http://zakupki.gov.ru/223fz/purchasePlan/1" xmlns:ns7="http://zakupki.gov.ru/223fz/purchasePlanProjectAdditionalPosition/1" xmlns:ns8="http://zakupki.gov.ru/223fz/reference/1" xmlns:ns9="http://zakupki.gov.ru/223fz/stopCommodity/1">
    <header>
        <guid>b5839b73-bb82-41a3-82a6-85b024403890</guid>
        <createDateTime>2017-03-30T15:24:14</createDateTime>
    </header>
    <ns2:body>
        <ns2:item>
            <guid>cf1b37d6-3b2e-42a0-8ecf-adb996594e34</guid>
            <ns2:performanceContractData>
                <ns2:guid>6843d23c-a030-404d-94b0-fc6110a01849</ns2:guid>
                <ns2:registrationNumber>56661028380170000350003</ns2:registrationNumber>
                <ns2:urlOOS>https://zakupki.gov.ru/223/contract/private/completing/info/view.html?id=2668251</ns2:urlOOS>
                <ns2:createDateTime>2017-02-06T06:27:26</ns2:createDateTime>
                <ns2:customer>
                    <mainInfo>
                        <fullName>МУНИЦИПАЛЬНОЕ АВТОНОМНОЕ  УЧРЕЖДЕНИЕ "КЛИНИКО-ДИАГНОСТИЧЕСКИЙ ЦЕНТР"</fullName>
                        <shortName>МАУ "КДЦ"</shortName>
                        <iko>56661028380667101001</iko>
                        <inn>6661028380</inn>
                        <kpp>667101001</kpp>
                        <ogrn>1026605247415</ogrn>
                        <legalAddress>620144, ОБЛ СВЕРДЛОВСКАЯ, Г ЕКАТЕРИНБУРГ, УЛ 8 МАРТА, дом ДОМ 78В</legalAddress>
                        <postalAddress>620144, обл СВЕРДЛОВСКАЯ, г ЕКАТЕРИНБУРГ, ул 8 МАРТА, дом 78В</postalAddress>
                        <phone>7-343-2047134</phone>
                        <fax>7-343-2047157</fax>
                        <email>inbox@kdc-lab.ru</email>
                        <okato>65401377000</okato>
                        <okpo>25042229</okpo>
                    </mainInfo>
                </ns2:customer>
                <ns2:placer>
                    <mainInfo>
                        <fullName>МУНИЦИПАЛЬНОЕ АВТОНОМНОЕ  УЧРЕЖДЕНИЕ "КЛИНИКО-ДИАГНОСТИЧЕСКИЙ ЦЕНТР"</fullName>
                        <shortName>МАУ "КДЦ"</shortName>
                        <iko>56661028380667101001</iko>
                        <inn>6661028380</inn>
                        <kpp>667101001</kpp>
                        <ogrn>1026605247415</ogrn>
                        <legalAddress>620144, ОБЛ СВЕРДЛОВСКАЯ, Г ЕКАТЕРИНБУРГ, УЛ 8 МАРТА, дом ДОМ 78В</legalAddress>
                        <postalAddress>620144, обл СВЕРДЛОВСКАЯ, г ЕКАТЕРИНБУРГ, ул 8 МАРТА, дом 78В</postalAddress>
                        <phone>7-343-2047134</phone>
                        <fax>7-343-2047157</fax>
                        <email>inbox@kdc-lab.ru</email>
                        <okato>65401377000</okato>
                        <okpo>25042229</okpo>
                    </mainInfo>
                </ns2:placer>
                <ns2:publicationDate>2017-03-30T15:24:14</ns2:publicationDate>
                <ns2:status>P</ns2:status>
                <ns2:version>1</ns2:version>
                <ns2:completed>false</ns2:completed>
                <ns2:attachments>
                    <totalDocumentsCount>2</totalDocumentsCount>
                    <document>
                        <guid>a190e631-bd60-4bb7-b5fa-97ae1bdb0f25</guid>
                        <createDateTime>2017-03-30T15:23:08</createDateTime>
                        <fileName>166610 от 21.03.2017 - Р-Фарм.pdf</fileName>
                        <description>166610 от 21.03.2017 - Р-Фарм</description>
                        <url>https://zakupki.gov.ru/223/contract/private/download/download.html?id=11742918</url>
                        <registrationNumber>56661028380170000350004</registrationNumber>
                    </document>
                    <document>
                        <guid>5aaaf329-a4d0-4571-935e-b3b423eafa37</guid>
                        <createDateTime>2017-03-30T15:23:29</createDateTime>
                        <fileName>ТН Р-Фарм.pdf</fileName>
                        <description>ТН Р-Фарм</description>
                        <url>https://zakupki.gov.ru/223/contract/private/download/download.html?id=11742938</url>
                        <registrationNumber>56661028380170000350005</registrationNumber>
                    </document>
                </ns2:attachments>
                <ns2:hasPenalty>false</ns2:hasPenalty>
                <ns2:contractRegNumber>56661028380170000350000</ns2:contractRegNumber>
                <ns2:contractInfo>
                    <ns2:guid>7aa09033-8f9e-4356-8ad0-87ad4666edf5</ns2:guid>
                    <ns2:name>31704663765</ns2:name>
                    <ns2:agencyName>МАУ "КДЦ"</ns2:agencyName>
                    <ns2:supplierName>Акционерное общество «Р-Фарм» </ns2:supplierName>
                    <ns2:lotInfo>Реагенты и расходные материалы для жидкостной цитологии</ns2:lotInfo>
                    <ns2:contractDate>2017-02-06</ns2:contractDate>
                </ns2:contractInfo>
                <ns2:positions>
                    <ns2:position>
                        <ns2:ordinal>1</ns2:ordinal>
                        <ns2:paymentDate>2017-03-21</ns2:paymentDate>
                        <ns2:price>262110</ns2:price>
                        <ns2:currency>
                            <code>RUB</code>
                            <digitalCode>643</digitalCode>
                            <name>Российский рубль</name>
                        </ns2:currency>
                        <ns2:rubPrice>262110</ns2:rubPrice>
                        <ns2:prepaid>false</ns2:prepaid>
                        <ns2:docs>
                            <ns2:doc>
                                <ns2:ordinal>1</ns2:ordinal>
                                <ns2:date>2017-02-06</ns2:date>
                                <ns2:code>01</ns2:code>
                                <ns2:name>товарная накладная</ns2:name>
                                <ns2:contractPosition>
                                    <ns2:guid>93239cc6-8284-4174-9946-c99da896ba7c</ns2:guid>
                                    <ns2:name>Реагенты диагностические</ns2:name>
                                    <ns2:okpd2>
                                        <code>21.20.23.110</code>
                                        <name>Реагенты диагностические</name>
                                    </ns2:okpd2>
                                </ns2:contractPosition>
                                <ns2:okei>
                                    <code>642</code>
                                    <name>Единица</name>
                                </ns2:okei>
                                <ns2:qty>518</ns2:qty>
                            </ns2:doc>
                        </ns2:docs>
                    </ns2:position>
                    <ns2:total>262110</ns2:total>
                </ns2:positions>
            </ns2:performanceContractData>
        </ns2:item>
    </ns2:body>
</ns2:performanceContract>
