<?xml version="1.0" encoding="UTF-8" standalone="yes"?>
<ns2:contractCancellation xsi:schemaLocation="http://zakupki.gov.ru/223/integration/schema/TFF-5.2 http://zakupki.gov.ru/223/integration/schema/TFF-5.2/Types.xsd" xmlns="http://zakupki.gov.ru/223fz/types/1" xmlns:ns10="http://zakupki.gov.ru/223fz/disagreementProtocol/1" xmlns:ns11="http://zakupki.gov.ru/223fz/purchase/1" xmlns:ns12="http://zakupki.gov.ru/223fz/machineryListInfo/1" xmlns:ns13="http://zakupki.gov.ru/223fz/revenue/1" xmlns:ns14="http://zakupki.gov.ru/223fz/orderClauseList/1" xmlns:ns15="http://zakupki.gov.ru/223fz/complaint/1" xmlns:ns16="http://zakupki.gov.ru/223fz/missedNotice/1" xmlns:ns17="http://zakupki.gov.ru/223fz/notificationIssue/1" xmlns:ns18="http://zakupki.gov.ru/223fz/purchasePlanProject/1" xmlns:ns19="http://zakupki.gov.ru/223fz/webRequest/1" xmlns:ns2="http://zakupki.gov.ru/223fz/contract/1" xmlns:xsi="http://www.w3.org/2001/XMLSchema-instance" xmlns:ns3="http://zakupki.gov.ru/223fz/dishonestSupplier/1" xmlns:ns4="http://zakupki.gov.ru/223fz/decisionSuspension/1" xmlns:ns5="http://zakupki.gov.ru/223fz/purchasePlanAdditionalPosition/1" xmlns:ns6="http://zakupki.gov.ru/223fz/purchasePlan/1" xmlns:ns7="http://zakupki.gov.ru/223fz/purchasePlanProjectAdditionalPosition/1" xmlns:ns8="http://zakupki.gov.ru/223fz/reference/1" xmlns:ns9="http://zakupki.gov.ru/223fz/stopCommodity/1">
    <header>
        <guid>39110896-1aec-467e-9af2-26a706ed2568</guid>
        <createDateTime>2017-03-30T14:09:42</createDateTime>
    </header>
    <ns2:body>
        <ns2:item>
            <guid>3fd88571-e1d6-4ab8-8d93-2193b005d243</guid>
            <ns2:contractCancellationData>
                <ns2:guid>ece8d8ea-b65f-437b-8d24-07267acf9f41</ns2:guid>
                <ns2:registrationNumber>56660015163160000060003</ns2:registrationNumber>
                <ns2:urlOOS>https://zakupki.gov.ru/223/contract/private/completing/info/view.html?id=2667226</ns2:urlOOS>
                <ns2:createDateTime>2017-03-30T14:09:05</ns2:createDateTime>
                <ns2:customer>
                    <mainInfo>
                        <fullName>МУНИЦИПАЛЬНОЕ АВТОНОМНОЕ ДОШКОЛЬНОЕ ОБРАЗОВАТЕЛЬНОЕ УЧРЕЖДЕНИЕ ДЕТСКИЙ САД ОБЩЕРАЗВИВАЮЩЕГО ВИДА С ПРИОРИТЕТНЫМ ОСУЩЕСТВЛЕНИЕМ ДЕЯТЕЛЬНОСТИ ПО ФИЗИЧЕСКОМУ РАЗВИТИЮ ВОСПИТАННИКОВ № 145</fullName>
                        <shortName>МАДОУ  ДЕТСКИЙ САД № 145</shortName>
                        <iko>56660015163667001001</iko>
                        <inn>6660015163</inn>
                        <kpp>667001001</kpp>
                        <ogrn>1026604949370</ogrn>
                        <legalAddress>620072, СВЕРДЛОВСКАЯ, ЕКАТЕРИНБУРГ, СЫРОМОЛОТОВА, дом 9, корпус А, офис (квартира) -</legalAddress>
                        <postalAddress>620072   г. Екатеринбург  ул. Сыромолотова 9а</postalAddress>
                        <phone>7-343-3472850</phone>
                        <fax>7-343-3472850</fax>
                        <email>sad_145@mail.ru</email>
                        <okato>65401373000</okato>
                        <okpo>44122721</okpo>
                    </mainInfo>
                </ns2:customer>
                <ns2:placer>
                    <mainInfo>
                        <fullName>МУНИЦИПАЛЬНОЕ АВТОНОМНОЕ ДОШКОЛЬНОЕ ОБРАЗОВАТЕЛЬНОЕ УЧРЕЖДЕНИЕ ДЕТСКИЙ САД ОБЩЕРАЗВИВАЮЩЕГО ВИДА С ПРИОРИТЕТНЫМ ОСУЩЕСТВЛЕНИЕМ ДЕЯТЕЛЬНОСТИ ПО ФИЗИЧЕСКОМУ РАЗВИТИЮ ВОСПИТАННИКОВ № 145</fullName>
                        <shortName>МАДОУ  ДЕТСКИЙ САД № 145</shortName>
                        <iko>56660015163667001001</iko>
                        <inn>6660015163</inn>
                        <kpp>667001001</kpp>
                        <ogrn>1026604949370</ogrn>
                        <legalAddress>620072, СВЕРДЛОВСКАЯ, ЕКАТЕРИНБУРГ, СЫРОМОЛОТОВА, дом 9, корпус А, офис (квартира) -</legalAddress>
                        <postalAddress>620072   г. Екатеринбург  ул. Сыромолотова 9а</postalAddress>
                        <phone>7-343-3472850</phone>
                        <fax>7-343-3472850</fax>
                        <email>sad_145@mail.ru</email>
                        <okato>65401373000</okato>
                        <okpo>44122721</okpo>
                    </mainInfo>
                </ns2:placer>
                <ns2:publicationDate>2017-03-30T14:09:42</ns2:publicationDate>
                <ns2:status>P</ns2:status>
                <ns2:version>1</ns2:version>
                <ns2:attachments>
                    <totalDocumentsCount>1</totalDocumentsCount>
                    <document>
                        <guid>12bb11c3-e7ba-44ba-bb65-15b35c93a789</guid>
                        <createDateTime>2017-03-30T14:09:00</createDateTime>
                        <fileName>145 дс Соглашение о расторжении дог.№2016-0011.pdf</fileName>
                        <description>145 дс Соглашение о расторжении дог.№2016-0011</description>
                        <url>https://zakupki.gov.ru/223/contract/private/download/download.html?id=11738103</url>
                        <registrationNumber>56660015163160000060004</registrationNumber>
                    </document>
                </ns2:attachments>
                <ns2:hasPenalty>false</ns2:hasPenalty>
                <ns2:contractRegNumber>56660015163160000060000</ns2:contractRegNumber>
                <ns2:contractInfo>
                    <ns2:guid>299665a3-6fc7-4731-97a1-b723d69bc677</ns2:guid>
                    <ns2:name>2016-0011</ns2:name>
                    <ns2:agencyName>МАДОУ  ДЕТСКИЙ САД № 145</ns2:agencyName>
                    <ns2:supplierName>ОБЩЕСТВО С ОГРАНИЧЕННОЙ ОТВЕТСТВЕННОСТЬЮ "АВЭС-93"</ns2:supplierName>
                    <ns2:lotInfo>Поставка мясной продукции во втором квартале  2016 года для МАДОУ детский сад № 145</ns2:lotInfo>
                    <ns2:contractDate>2016-03-27</ns2:contractDate>
                </ns2:contractInfo>
                <ns2:baseContractCancellationCode>1</ns2:baseContractCancellationCode>
                <ns2:baseContractCancellationName>Соглашение сторон</ns2:baseContractCancellationName>
                <ns2:baseRejectionDocCode>11</ns2:baseRejectionDocCode>
                <ns2:baseRejectionDocName>Дополнительное соглашение к договору</ns2:baseRejectionDocName>
                <ns2:completionDate>2016-06-30T00:00:00</ns2:completionDate>
                <ns2:baseRejectionDocNum>1</ns2:baseRejectionDocNum>
                <ns2:baseRejectionDocDate>2016-06-30</ns2:baseRejectionDocDate>
            </ns2:contractCancellationData>
        </ns2:item>
    </ns2:body>
</ns2:contractCancellation>
