<?xml version="1.0" encoding="UTF-8" standalone="yes"?>
<ns2:performanceContract xsi:schemaLocation="http://zakupki.gov.ru/223/integration/schema/TFF-5.2 http://zakupki.gov.ru/223/integration/schema/TFF-5.2/Types.xsd" xmlns="http://zakupki.gov.ru/223fz/types/1" xmlns:ns10="http://zakupki.gov.ru/223fz/disagreementProtocol/1" xmlns:ns11="http://zakupki.gov.ru/223fz/purchase/1" xmlns:ns12="http://zakupki.gov.ru/223fz/machineryListInfo/1" xmlns:ns13="http://zakupki.gov.ru/223fz/revenue/1" xmlns:ns14="http://zakupki.gov.ru/223fz/orderClauseList/1" xmlns:ns15="http://zakupki.gov.ru/223fz/complaint/1" xmlns:ns16="http://zakupki.gov.ru/223fz/missedNotice/1" xmlns:ns17="http://zakupki.gov.ru/223fz/notificationIssue/1" xmlns:ns18="http://zakupki.gov.ru/223fz/purchasePlanProject/1" xmlns:ns19="http://zakupki.gov.ru/223fz/webRequest/1" xmlns:ns2="http://zakupki.gov.ru/223fz/contract/1" xmlns:xsi="http://www.w3.org/2001/XMLSchema-instance" xmlns:ns3="http://zakupki.gov.ru/223fz/dishonestSupplier/1" xmlns:ns4="http://zakupki.gov.ru/223fz/decisionSuspension/1" xmlns:ns5="http://zakupki.gov.ru/223fz/purchasePlanAdditionalPosition/1" xmlns:ns6="http://zakupki.gov.ru/223fz/purchasePlan/1" xmlns:ns7="http://zakupki.gov.ru/223fz/purchasePlanProjectAdditionalPosition/1" xmlns:ns8="http://zakupki.gov.ru/223fz/reference/1" xmlns:ns9="http://zakupki.gov.ru/223fz/stopCommodity/1">
    <header>
        <guid>cde70bad-cc90-4384-98b7-79fad4aa4b95</guid>
        <createDateTime>2017-03-30T12:43:47</createDateTime>
    </header>
    <ns2:body>
        <ns2:item>
            <guid>4ea98efa-d474-454c-b4ec-3f6c642c6fbf</guid>
            <ns2:performanceContractData>
                <ns2:guid>198b42c6-cc0b-4fa9-b45a-38014036278e</ns2:guid>
                <ns2:registrationNumber>56627012077160000630010</ns2:registrationNumber>
                <ns2:urlOOS>https://zakupki.gov.ru/223/contract/private/completing/info/view.html?id=2666106</ns2:urlOOS>
                <ns2:createDateTime>2016-12-30T10:53:01</ns2:createDateTime>
                <ns2:customer>
                    <mainInfo>
                        <fullName>УНИТАРНОЕ МУНИЦИПАЛЬНОЕ ПРЕДПРИЯТИЕ "ВОДОКАНАЛ" ГОРОДСКОГО ОКРУГА РЕВДА</fullName>
                        <shortName>УМП "ВОДОКАНАЛ"</shortName>
                        <iko>56627012077662701001</iko>
                        <inn>6627012077</inn>
                        <kpp>662701001</kpp>
                        <ogrn>1026601642880</ogrn>
                        <legalAddress>623281, ОБЛ СВЕРДЛОВСКАЯ, Г РЕВДА, УЛ КАРЛА ЛИБКНЕХТА, дом 1, корпус А</legalAddress>
                        <postalAddress>623280, Свердловская, Ревда, Карла Либкнехта, дом 1, корпус А</postalAddress>
                        <phone>7-34397-35343</phone>
                        <fax>7-34397-35343</fax>
                        <email>mail@revdavodokanal.ru</email>
                        <okato>65484000000</okato>
                        <okpo>54122828</okpo>
                    </mainInfo>
                </ns2:customer>
                <ns2:placer>
                    <mainInfo>
                        <fullName>УНИТАРНОЕ МУНИЦИПАЛЬНОЕ ПРЕДПРИЯТИЕ "ВОДОКАНАЛ" ГОРОДСКОГО ОКРУГА РЕВДА</fullName>
                        <shortName>УМП "ВОДОКАНАЛ"</shortName>
                        <iko>56627012077662701001</iko>
                        <inn>6627012077</inn>
                        <kpp>662701001</kpp>
                        <ogrn>1026601642880</ogrn>
                        <legalAddress>623281, ОБЛ СВЕРДЛОВСКАЯ, Г РЕВДА, УЛ КАРЛА ЛИБКНЕХТА, дом 1, корпус А</legalAddress>
                        <postalAddress>623280, Свердловская, Ревда, Карла Либкнехта, дом 1, корпус А</postalAddress>
                        <phone>7-34397-35343</phone>
                        <fax>7-34397-35343</fax>
                        <email>mail@revdavodokanal.ru</email>
                        <okato>65484000000</okato>
                        <okpo>54122828</okpo>
                    </mainInfo>
                </ns2:placer>
                <ns2:publicationDate>2017-03-30T12:43:47</ns2:publicationDate>
                <ns2:status>P</ns2:status>
                <ns2:version>1</ns2:version>
                <ns2:completed>false</ns2:completed>
                <ns2:attachments>
                    <totalDocumentsCount>1</totalDocumentsCount>
                    <document>
                        <guid>d0a6ea56-e079-4a63-a32e-249d484a634e</guid>
                        <createDateTime>2017-03-30T12:43:21</createDateTime>
                        <fileName>ПП №2578 от 29.03.2017.pdf</fileName>
                        <description>ПП №2578 от 29.03.2017</description>
                        <url>https://zakupki.gov.ru/223/contract/private/download/download.html?id=11732931</url>
                        <registrationNumber>56627012077160000630011</registrationNumber>
                    </document>
                </ns2:attachments>
                <ns2:hasPenalty>false</ns2:hasPenalty>
                <ns2:contractRegNumber>56627012077160000630000</ns2:contractRegNumber>
                <ns2:contractInfo>
                    <ns2:guid>5996320c-e5a8-4a18-acda-655deaf7b011</ns2:guid>
                    <ns2:name>2055</ns2:name>
                    <ns2:agencyName>УМП "ВОДОКАНАЛ"</ns2:agencyName>
                    <ns2:supplierName>ОТКРЫТОЕ АКЦИОНЕРНОЕ ОБЩЕСТВО "ЭНЕРГОСБЫТ ПЛЮС"</ns2:supplierName>
                    <ns2:lotInfo>Услуги по передаче электроэнергии</ns2:lotInfo>
                    <ns2:contractDate>2016-12-30</ns2:contractDate>
                </ns2:contractInfo>
                <ns2:positions>
                    <ns2:position>
                        <ns2:ordinal>1</ns2:ordinal>
                        <ns2:paymentDate>2017-03-29</ns2:paymentDate>
                        <ns2:price>1300000</ns2:price>
                        <ns2:currency>
                            <code>RUB</code>
                            <digitalCode>643</digitalCode>
                            <name>Российский рубль</name>
                        </ns2:currency>
                        <ns2:rubPrice>1300000</ns2:rubPrice>
                        <ns2:prepaid>false</ns2:prepaid>
                        <ns2:docs>
                            <ns2:doc>
                                <ns2:ordinal>1</ns2:ordinal>
                                <ns2:date>2017-01-31</ns2:date>
                                <ns2:code>19</ns2:code>
                                <ns2:name>счет-фактура</ns2:name>
                                <ns2:number>0006362/0402</ns2:number>
                                <ns2:contractPosition>
                                    <ns2:guid>81af46fc-5841-4028-b48e-f59c1ee41f20</ns2:guid>
                                    <ns2:name>Услуги по передаче электроэнергии</ns2:name>
                                    <ns2:okpd2>
                                        <code>35.12.10.110</code>
                                        <name>Услуги по передаче электроэнергии</name>
                                    </ns2:okpd2>
                                </ns2:contractPosition>
                                <ns2:okei>
                                    <code>245</code>
                                    <name>Киловатт-час</name>
                                </ns2:okei>
                                <ns2:qty>296668</ns2:qty>
                            </ns2:doc>
                        </ns2:docs>
                    </ns2:position>
                    <ns2:total>1300000</ns2:total>
                </ns2:positions>
            </ns2:performanceContractData>
        </ns2:item>
    </ns2:body>
</ns2:performanceContract>
