<?xml version="1.0" encoding="UTF-8" standalone="yes"?>
<ns2:contractCancellation xsi:schemaLocation="http://zakupki.gov.ru/223/integration/schema/TFF-5.2 http://zakupki.gov.ru/223/integration/schema/TFF-5.2/Types.xsd" xmlns="http://zakupki.gov.ru/223fz/types/1" xmlns:ns10="http://zakupki.gov.ru/223fz/disagreementProtocol/1" xmlns:ns11="http://zakupki.gov.ru/223fz/purchase/1" xmlns:ns12="http://zakupki.gov.ru/223fz/machineryListInfo/1" xmlns:ns13="http://zakupki.gov.ru/223fz/revenue/1" xmlns:ns14="http://zakupki.gov.ru/223fz/orderClauseList/1" xmlns:ns15="http://zakupki.gov.ru/223fz/complaint/1" xmlns:ns16="http://zakupki.gov.ru/223fz/missedNotice/1" xmlns:ns17="http://zakupki.gov.ru/223fz/notificationIssue/1" xmlns:ns18="http://zakupki.gov.ru/223fz/purchasePlanProject/1" xmlns:ns19="http://zakupki.gov.ru/223fz/webRequest/1" xmlns:ns2="http://zakupki.gov.ru/223fz/contract/1" xmlns:xsi="http://www.w3.org/2001/XMLSchema-instance" xmlns:ns3="http://zakupki.gov.ru/223fz/dishonestSupplier/1" xmlns:ns4="http://zakupki.gov.ru/223fz/decisionSuspension/1" xmlns:ns5="http://zakupki.gov.ru/223fz/purchasePlanAdditionalPosition/1" xmlns:ns6="http://zakupki.gov.ru/223fz/purchasePlan/1" xmlns:ns7="http://zakupki.gov.ru/223fz/purchasePlanProjectAdditionalPosition/1" xmlns:ns8="http://zakupki.gov.ru/223fz/reference/1" xmlns:ns9="http://zakupki.gov.ru/223fz/stopCommodity/1">
    <header>
        <guid>fbc10c22-8b72-46c6-8317-2c286a844c1d</guid>
        <createDateTime>2017-03-30T12:49:54</createDateTime>
    </header>
    <ns2:body>
        <ns2:item>
            <guid>0db03276-ab22-4dfa-a96a-621e9a3e1f20</guid>
            <ns2:contractCancellationData>
                <ns2:guid>2ab42fb1-6aa4-40e9-89c9-18c8779b6456</ns2:guid>
                <ns2:registrationNumber>56660143567160000080003</ns2:registrationNumber>
                <ns2:urlOOS>https://zakupki.gov.ru/223/contract/private/completing/info/view.html?id=2666219</ns2:urlOOS>
                <ns2:createDateTime>2017-03-30T12:49:31</ns2:createDateTime>
                <ns2:customer>
                    <mainInfo>
                        <fullName>МУНИЦИПАЛЬНОЕ АВТОНОМНОЕ ДОШКОЛЬНОЕ ОБРАЗОВАТЕЛЬНОЕ УЧРЕЖДЕНИЕ ЦЕНТР РАЗВИТИЯ РЕБЕНКА-ДЕТСКИЙ САД №104</fullName>
                        <shortName>МАДОУ ЦРР-ДЕТСКИЙ САД №104</shortName>
                        <iko>56660143567667001001</iko>
                        <inn>6660143567</inn>
                        <kpp>667001001</kpp>
                        <ogrn>1026604952560</ogrn>
                        <legalAddress>620137, Свердловская, ЕКАТЕРИНБУРГ, СУЛИМОВА, дом 67, корпус -, офис (квартира) -</legalAddress>
                        <postalAddress>620041, г. Екатеринбург, ул. Сулимова, 67</postalAddress>
                        <phone>8-343-3410425</phone>
                        <fax>8-343-3410425</fax>
                        <email>zvezda-104@mail.ru</email>
                        <okato>65401373000</okato>
                        <okpo>54120500</okpo>
                    </mainInfo>
                </ns2:customer>
                <ns2:placer>
                    <mainInfo>
                        <fullName>МУНИЦИПАЛЬНОЕ АВТОНОМНОЕ ДОШКОЛЬНОЕ ОБРАЗОВАТЕЛЬНОЕ УЧРЕЖДЕНИЕ ЦЕНТР РАЗВИТИЯ РЕБЕНКА-ДЕТСКИЙ САД №104</fullName>
                        <shortName>МАДОУ ЦРР-ДЕТСКИЙ САД №104</shortName>
                        <iko>56660143567667001001</iko>
                        <inn>6660143567</inn>
                        <kpp>667001001</kpp>
                        <ogrn>1026604952560</ogrn>
                        <legalAddress>620137, Свердловская, ЕКАТЕРИНБУРГ, СУЛИМОВА, дом 67, корпус -, офис (квартира) -</legalAddress>
                        <postalAddress>620041, г. Екатеринбург, ул. Сулимова, 67</postalAddress>
                        <phone>8-343-3410425</phone>
                        <fax>8-343-3410425</fax>
                        <email>zvezda-104@mail.ru</email>
                        <okato>65401373000</okato>
                        <okpo>54120500</okpo>
                    </mainInfo>
                </ns2:placer>
                <ns2:publicationDate>2017-03-30T12:49:54</ns2:publicationDate>
                <ns2:status>P</ns2:status>
                <ns2:version>1</ns2:version>
                <ns2:attachments>
                    <totalDocumentsCount>1</totalDocumentsCount>
                    <document>
                        <guid>9f49f821-928e-4050-956b-8845f1717cf8</guid>
                        <createDateTime>2017-03-30T12:49:21</createDateTime>
                        <fileName>104 дс Соглашение о расторжении дог.№2016-0026.pdf</fileName>
                        <description>104 дс Соглашение о расторжении дог.№2016-0026</description>
                        <url>https://zakupki.gov.ru/223/contract/private/download/download.html?id=11733292</url>
                        <registrationNumber>56660143567160000080004</registrationNumber>
                    </document>
                </ns2:attachments>
                <ns2:hasPenalty>false</ns2:hasPenalty>
                <ns2:contractRegNumber>56660143567160000080000</ns2:contractRegNumber>
                <ns2:contractInfo>
                    <ns2:guid>fbdb6fdb-1bed-49a1-a89f-89c8f7f18fed</ns2:guid>
                    <ns2:name>2016-0026</ns2:name>
                    <ns2:agencyName>МАДОУ ЦРР-ДЕТСКИЙ САД №104</ns2:agencyName>
                    <ns2:supplierName>ОБЩЕСТВО С ОГРАНИЧЕННОЙ ОТВЕТСТВЕННОСТЬЮ "АРТИМО"</ns2:supplierName>
                    <ns2:lotInfo>Поставка овощей очищенных в вакуумной упаковке в третьем квартале  2016 года для МАДОУ ЦРР - детский сад № 104</ns2:lotInfo>
                    <ns2:contractDate>2016-06-29</ns2:contractDate>
                </ns2:contractInfo>
                <ns2:baseContractCancellationCode>1</ns2:baseContractCancellationCode>
                <ns2:baseContractCancellationName>Соглашение сторон</ns2:baseContractCancellationName>
                <ns2:baseRejectionDocCode>11</ns2:baseRejectionDocCode>
                <ns2:baseRejectionDocName>Дополнительное соглашение к договору</ns2:baseRejectionDocName>
                <ns2:completionDate>2016-09-30T00:00:00</ns2:completionDate>
                <ns2:baseRejectionDocNum>1</ns2:baseRejectionDocNum>
                <ns2:baseRejectionDocDate>2016-09-30</ns2:baseRejectionDocDate>
            </ns2:contractCancellationData>
        </ns2:item>
    </ns2:body>
</ns2:contractCancellation>
