<?xml version="1.0" encoding="UTF-8" standalone="yes"?>
<ns2:performanceContract xsi:schemaLocation="http://zakupki.gov.ru/223/integration/schema/TFF-5.2 http://zakupki.gov.ru/223/integration/schema/TFF-5.2/Types.xsd" xmlns="http://zakupki.gov.ru/223fz/types/1" xmlns:ns10="http://zakupki.gov.ru/223fz/disagreementProtocol/1" xmlns:ns11="http://zakupki.gov.ru/223fz/purchase/1" xmlns:ns12="http://zakupki.gov.ru/223fz/machineryListInfo/1" xmlns:ns13="http://zakupki.gov.ru/223fz/revenue/1" xmlns:ns14="http://zakupki.gov.ru/223fz/orderClauseList/1" xmlns:ns15="http://zakupki.gov.ru/223fz/complaint/1" xmlns:ns16="http://zakupki.gov.ru/223fz/missedNotice/1" xmlns:ns17="http://zakupki.gov.ru/223fz/notificationIssue/1" xmlns:ns18="http://zakupki.gov.ru/223fz/purchasePlanProject/1" xmlns:ns19="http://zakupki.gov.ru/223fz/webRequest/1" xmlns:ns2="http://zakupki.gov.ru/223fz/contract/1" xmlns:xsi="http://www.w3.org/2001/XMLSchema-instance" xmlns:ns3="http://zakupki.gov.ru/223fz/dishonestSupplier/1" xmlns:ns4="http://zakupki.gov.ru/223fz/decisionSuspension/1" xmlns:ns5="http://zakupki.gov.ru/223fz/purchasePlanAdditionalPosition/1" xmlns:ns6="http://zakupki.gov.ru/223fz/purchasePlan/1" xmlns:ns7="http://zakupki.gov.ru/223fz/purchasePlanProjectAdditionalPosition/1" xmlns:ns8="http://zakupki.gov.ru/223fz/reference/1" xmlns:ns9="http://zakupki.gov.ru/223fz/stopCommodity/1">
    <header>
        <guid>90653db7-e9e2-4b6c-85fe-ee51b8b63844</guid>
        <createDateTime>2017-03-30T13:08:52</createDateTime>
    </header>
    <ns2:body>
        <ns2:item>
            <guid>a90dda79-cc7a-4166-a2c9-a27be6308e06</guid>
            <ns2:performanceContractData>
                <ns2:guid>d9eb6f38-a10c-4ee9-b681-45bbcf10a4eb</ns2:guid>
                <ns2:registrationNumber>66673092045160004560042</ns2:registrationNumber>
                <ns2:urlOOS>https://zakupki.gov.ru/223/contract/private/completing/info/view.html?id=2666408</ns2:urlOOS>
                <ns2:createDateTime>2016-12-02T09:44:19</ns2:createDateTime>
                <ns2:customer>
                    <mainInfo>
                        <fullName>АКЦИОНЕРНОЕ ОБЩЕСТВО "ОПЫТНОЕ КОНСТРУКТОРСКОЕ БЮРО "НОВАТОР"</fullName>
                        <shortName>АО "ОКБ "НОВАТОР"</shortName>
                        <iko>66673092045667301001</iko>
                        <inn>6673092045</inn>
                        <kpp>667301001</kpp>
                        <ogrn>1026605611339</ogrn>
                        <legalAddress>620017, обл СВЕРДЛОВСКАЯ, г ЕКАТЕРИНБУРГ, пр-кт КОСМОНАВТОВ, дом 18</legalAddress>
                        <postalAddress>620017, г. Екатеринбург, пр. Космонавтов, 18</postalAddress>
                        <phone>7-343-2641072</phone>
                        <fax>7-343-2641300</fax>
                        <email>main@okb-novator.ru</email>
                        <okato>65401385000</okato>
                        <okpo>07546512</okpo>
                    </mainInfo>
                </ns2:customer>
                <ns2:placer>
                    <mainInfo>
                        <fullName>АКЦИОНЕРНОЕ ОБЩЕСТВО "ОПЫТНОЕ КОНСТРУКТОРСКОЕ БЮРО "НОВАТОР"</fullName>
                        <shortName>АО "ОКБ "НОВАТОР"</shortName>
                        <iko>66673092045667301001</iko>
                        <inn>6673092045</inn>
                        <kpp>667301001</kpp>
                        <ogrn>1026605611339</ogrn>
                        <legalAddress>620017, обл СВЕРДЛОВСКАЯ, г ЕКАТЕРИНБУРГ, пр-кт КОСМОНАВТОВ, дом 18</legalAddress>
                        <postalAddress>620017, г. Екатеринбург, пр. Космонавтов, 18</postalAddress>
                        <phone>7-343-2641072</phone>
                        <fax>7-343-2641300</fax>
                        <email>main@okb-novator.ru</email>
                        <okato>65401385000</okato>
                        <okpo>07546512</okpo>
                    </mainInfo>
                </ns2:placer>
                <ns2:publicationDate>2017-03-30T13:08:52</ns2:publicationDate>
                <ns2:status>P</ns2:status>
                <ns2:version>7</ns2:version>
                <ns2:completed>false</ns2:completed>
                <ns2:modificationDescription>Размещение информации об авансовом платеже</ns2:modificationDescription>
                <ns2:attachments>
                    <totalDocumentsCount>9</totalDocumentsCount>
                    <document>
                        <guid>e06ba8a0-1f62-489b-9438-12c13afcda73</guid>
                        <createDateTime>2017-01-16T10:03:17</createDateTime>
                        <fileName>пп 9691.jpeg</fileName>
                        <description>пп 9691</description>
                        <url>https://zakupki.gov.ru/223/contract/private/download/download.html?id=11734104</url>
                        <registrationNumber>66673092045160004560043</registrationNumber>
                    </document>
                    <document>
                        <guid>5ff3b134-ef4c-4401-b813-eb4dbdbabf20</guid>
                        <createDateTime>2017-01-16T10:03:00</createDateTime>
                        <fileName>пп 9179.jpeg</fileName>
                        <description>пп 9179</description>
                        <url>https://zakupki.gov.ru/223/contract/private/download/download.html?id=11734105</url>
                        <registrationNumber>66673092045160004560044</registrationNumber>
                    </document>
                    <document>
                        <guid>8c165983-a025-4259-be26-e5fa86a1b1f8</guid>
                        <createDateTime>2017-02-09T14:00:35</createDateTime>
                        <fileName>тн 03165500112-Н ЛИКАРД .pdf</fileName>
                        <description>тн 03165500112-Н ЛИКАРД </description>
                        <url>https://zakupki.gov.ru/223/contract/private/download/download.html?id=11734106</url>
                        <registrationNumber>66673092045160004560045</registrationNumber>
                    </document>
                    <document>
                        <guid>4a9caf0f-67aa-4d26-ad37-3bfd4f69fe86</guid>
                        <createDateTime>2017-03-23T11:28:41</createDateTime>
                        <fileName>пп 1937 Ликард.pdf</fileName>
                        <description>пп 1937 Ликард</description>
                        <url>https://zakupki.gov.ru/223/contract/private/download/download.html?id=11734107</url>
                        <registrationNumber>66673092045160004560046</registrationNumber>
                    </document>
                    <document>
                        <guid>115448f6-f64d-4e9f-8252-47da4b45bfe1</guid>
                        <createDateTime>2017-01-31T13:39:01</createDateTime>
                        <fileName>пп 517.pdf</fileName>
                        <description>пп 517</description>
                        <url>https://zakupki.gov.ru/223/contract/private/download/download.html?id=11734108</url>
                        <registrationNumber>66673092045160004560047</registrationNumber>
                    </document>
                    <document>
                        <guid>46f0d376-293a-4856-8cd2-c7bfba167454</guid>
                        <createDateTime>2017-01-16T10:03:58</createDateTime>
                        <fileName>тн 366655000090-Н от 09.01.17.tiff</fileName>
                        <description>тн 366655000090-Н от 09.01.17</description>
                        <url>https://zakupki.gov.ru/223/contract/private/download/download.html?id=11734109</url>
                        <registrationNumber>66673092045160004560048</registrationNumber>
                    </document>
                    <document>
                        <guid>0d58961e-1577-4570-9705-706ab97a56a9</guid>
                        <createDateTime>2017-03-02T13:39:18</createDateTime>
                        <fileName>пп 1316.jpeg</fileName>
                        <description>пп 1316</description>
                        <url>https://zakupki.gov.ru/223/contract/private/download/download.html?id=11734110</url>
                        <registrationNumber>66673092045160004560049</registrationNumber>
                    </document>
                    <document>
                        <guid>295a07d5-def2-44be-ba52-4b9830e7c743</guid>
                        <createDateTime>2017-03-30T13:08:08</createDateTime>
                        <fileName>пп 2147.pdf</fileName>
                        <description>пп 2147</description>
                        <url>https://zakupki.gov.ru/223/contract/private/download/download.html?id=11734366</url>
                        <registrationNumber>66673092045160004560050</registrationNumber>
                    </document>
                    <document>
                        <guid>e8b587cc-11d1-4863-9dd6-839e95321f28</guid>
                        <createDateTime>2017-03-13T09:22:46</createDateTime>
                        <fileName>тн 059655000115Н ЛИКАРД Февраль 2017.pdf</fileName>
                        <description>тн 059655000115Н ЛИКАРД Февраль 2017</description>
                        <url>https://zakupki.gov.ru/223/contract/private/download/download.html?id=11734111</url>
                        <registrationNumber>66673092045160004560051</registrationNumber>
                    </document>
                </ns2:attachments>
                <ns2:hasPenalty>false</ns2:hasPenalty>
                <ns2:contractRegNumber>66673092045160004560000</ns2:contractRegNumber>
                <ns2:contractInfo>
                    <ns2:guid>93858bd7-6b0c-416f-b028-11bd7b19fed7</ns2:guid>
                    <ns2:name>RU265006279</ns2:name>
                    <ns2:agencyName>АО "ОКБ "НОВАТОР"</ns2:agencyName>
                    <ns2:supplierName>ОБЩЕСТВО С ОГРАНИЧЕННОЙ ОТВЕТСТВЕННОСТЬЮ "ЛУКОЙЛ-ИНТЕР-КАРД"</ns2:supplierName>
                    <ns2:lotInfo>Топливо моторное, включая автомобильный и авиационный бензин</ns2:lotInfo>
                    <ns2:contractDate>2016-11-29</ns2:contractDate>
                </ns2:contractInfo>
                <ns2:positions>
                    <ns2:position>
                        <ns2:ordinal>5</ns2:ordinal>
                        <ns2:paymentDate>2017-03-20</ns2:paymentDate>
                        <ns2:price>600000</ns2:price>
                        <ns2:currency>
                            <code>RUB</code>
                            <digitalCode>643</digitalCode>
                            <name>Российский рубль</name>
                        </ns2:currency>
                        <ns2:rubPrice>600000</ns2:rubPrice>
                        <ns2:prepaid>true</ns2:prepaid>
                    </ns2:position>
                    <ns2:position>
                        <ns2:ordinal>2</ns2:ordinal>
                        <ns2:paymentDate>2016-12-20</ns2:paymentDate>
                        <ns2:price>2000000</ns2:price>
                        <ns2:currency>
                            <code>RUB</code>
                            <digitalCode>643</digitalCode>
                            <name>Российский рубль</name>
                        </ns2:currency>
                        <ns2:rubPrice>2000000</ns2:rubPrice>
                        <ns2:prepaid>false</ns2:prepaid>
                        <ns2:docs>
                            <ns2:doc>
                                <ns2:ordinal>11</ns2:ordinal>
                                <ns2:date>2017-02-08</ns2:date>
                                <ns2:code>01</ns2:code>
                                <ns2:name>товарная накладная</ns2:name>
                                <ns2:number>03165500112/Н</ns2:number>
                                <ns2:contractPosition>
                                    <ns2:guid>39d9f4ba-c648-48e4-9ada-a02f7b446f12</ns2:guid>
                                    <ns2:name>Топливо моторное, включая автомобильный и авиационный бензин</ns2:name>
                                    <ns2:okpd2>
                                        <code>19.20.21</code>
                                        <name>Топливо моторное, включая автомобильный и авиационный бензин</name>
                                    </ns2:okpd2>
                                </ns2:contractPosition>
                                <ns2:okei>
                                    <code>112</code>
                                    <name>Литр; Кубический дециметр</name>
                                </ns2:okei>
                                <ns2:qty>50389.05</ns2:qty>
                            </ns2:doc>
                            <ns2:doc>
                                <ns2:ordinal>1</ns2:ordinal>
                                <ns2:date>2017-01-09</ns2:date>
                                <ns2:code>01</ns2:code>
                                <ns2:name>товарная накладная</ns2:name>
                                <ns2:number>366655000090/Н</ns2:number>
                                <ns2:contractPosition>
                                    <ns2:guid>39d9f4ba-c648-48e4-9ada-a02f7b446f12</ns2:guid>
                                    <ns2:name>Топливо моторное, включая автомобильный и авиационный бензин</ns2:name>
                                    <ns2:okpd2>
                                        <code>19.20.21</code>
                                        <name>Топливо моторное, включая автомобильный и авиационный бензин</name>
                                    </ns2:okpd2>
                                </ns2:contractPosition>
                                <ns2:okei>
                                    <code>112</code>
                                    <name>Литр; Кубический дециметр</name>
                                </ns2:okei>
                                <ns2:qty>405</ns2:qty>
                            </ns2:doc>
                            <ns2:doc>
                                <ns2:ordinal>12</ns2:ordinal>
                                <ns2:date>2017-03-09</ns2:date>
                                <ns2:code>01</ns2:code>
                                <ns2:name>товарная накладная</ns2:name>
                                <ns2:number>059655000115/Н</ns2:number>
                                <ns2:contractPosition>
                                    <ns2:guid>39d9f4ba-c648-48e4-9ada-a02f7b446f12</ns2:guid>
                                    <ns2:name>Топливо моторное, включая автомобильный и авиационный бензин</ns2:name>
                                    <ns2:okpd2>
                                        <code>19.20.21</code>
                                        <name>Топливо моторное, включая автомобильный и авиационный бензин</name>
                                    </ns2:okpd2>
                                </ns2:contractPosition>
                                <ns2:okei>
                                    <code>112</code>
                                    <name>Литр; Кубический дециметр</name>
                                </ns2:okei>
                                <ns2:qty>1000</ns2:qty>
                            </ns2:doc>
                        </ns2:docs>
                    </ns2:position>
                    <ns2:position>
                        <ns2:ordinal>4</ns2:ordinal>
                        <ns2:paymentDate>2017-02-27</ns2:paymentDate>
                        <ns2:price>2100000</ns2:price>
                        <ns2:currency>
                            <code>RUB</code>
                            <digitalCode>643</digitalCode>
                            <name>Российский рубль</name>
                        </ns2:currency>
                        <ns2:rubPrice>2100000</ns2:rubPrice>
                        <ns2:prepaid>true</ns2:prepaid>
                    </ns2:position>
                    <ns2:position>
                        <ns2:ordinal>3</ns2:ordinal>
                        <ns2:paymentDate>2017-01-25</ns2:paymentDate>
                        <ns2:price>2039216.75</ns2:price>
                        <ns2:currency>
                            <code>RUB</code>
                            <digitalCode>643</digitalCode>
                            <name>Российский рубль</name>
                        </ns2:currency>
                        <ns2:rubPrice>2039216.75</ns2:rubPrice>
                        <ns2:prepaid>false</ns2:prepaid>
                        <ns2:docs>
                            <ns2:doc>
                                <ns2:ordinal>1</ns2:ordinal>
                                <ns2:date>2017-03-09</ns2:date>
                                <ns2:code>01</ns2:code>
                                <ns2:name>товарная накладная</ns2:name>
                                <ns2:number>059655000115/Н</ns2:number>
                                <ns2:contractPosition>
                                    <ns2:guid>39d9f4ba-c648-48e4-9ada-a02f7b446f12</ns2:guid>
                                    <ns2:name>Топливо моторное, включая автомобильный и авиационный бензин</ns2:name>
                                    <ns2:okpd2>
                                        <code>19.20.21</code>
                                        <name>Топливо моторное, включая автомобильный и авиационный бензин</name>
                                    </ns2:okpd2>
                                </ns2:contractPosition>
                                <ns2:okei>
                                    <code>112</code>
                                    <name>Литр; Кубический дециметр</name>
                                </ns2:okei>
                                <ns2:qty>52622.26</ns2:qty>
                            </ns2:doc>
                        </ns2:docs>
                    </ns2:position>
                    <ns2:position>
                        <ns2:ordinal>1</ns2:ordinal>
                        <ns2:paymentDate>2016-12-02</ns2:paymentDate>
                        <ns2:price>2000000</ns2:price>
                        <ns2:currency>
                            <code>RUB</code>
                            <digitalCode>643</digitalCode>
                            <name>Российский рубль</name>
                        </ns2:currency>
                        <ns2:rubPrice>2000000</ns2:rubPrice>
                        <ns2:prepaid>false</ns2:prepaid>
                        <ns2:docs>
                            <ns2:doc>
                                <ns2:ordinal>1</ns2:ordinal>
                                <ns2:date>2017-01-09</ns2:date>
                                <ns2:code>01</ns2:code>
                                <ns2:name>товарная накладная</ns2:name>
                                <ns2:number>366655000090/Н</ns2:number>
                                <ns2:contractPosition>
                                    <ns2:guid>39d9f4ba-c648-48e4-9ada-a02f7b446f12</ns2:guid>
                                    <ns2:name>Топливо моторное, включая автомобильный и авиационный бензин</ns2:name>
                                    <ns2:okpd2>
                                        <code>19.20.21</code>
                                        <name>Топливо моторное, включая автомобильный и авиационный бензин</name>
                                    </ns2:okpd2>
                                </ns2:contractPosition>
                                <ns2:okei>
                                    <code>112</code>
                                    <name>Литр; Кубический дециметр</name>
                                </ns2:okei>
                                <ns2:qty>53091.53</ns2:qty>
                            </ns2:doc>
                        </ns2:docs>
                    </ns2:position>
                    <ns2:position>
                        <ns2:ordinal>6</ns2:ordinal>
                        <ns2:paymentDate>2017-03-27</ns2:paymentDate>
                        <ns2:price>2100000</ns2:price>
                        <ns2:currency>
                            <code>RUB</code>
                            <digitalCode>643</digitalCode>
                            <name>Российский рубль</name>
                        </ns2:currency>
                        <ns2:rubPrice>2100000</ns2:rubPrice>
                        <ns2:prepaid>true</ns2:prepaid>
                    </ns2:position>
                    <ns2:total>10839216.75</ns2:total>
                </ns2:positions>
            </ns2:performanceContractData>
        </ns2:item>
    </ns2:body>
</ns2:performanceContract>
