<?xml version="1.0" encoding="UTF-8" standalone="yes"?>
<ns2:performanceContract xsi:schemaLocation="http://zakupki.gov.ru/223/integration/schema/TFF-5.2 http://zakupki.gov.ru/223/integration/schema/TFF-5.2/Types.xsd" xmlns="http://zakupki.gov.ru/223fz/types/1" xmlns:ns10="http://zakupki.gov.ru/223fz/disagreementProtocol/1" xmlns:ns11="http://zakupki.gov.ru/223fz/purchase/1" xmlns:ns12="http://zakupki.gov.ru/223fz/machineryListInfo/1" xmlns:ns13="http://zakupki.gov.ru/223fz/revenue/1" xmlns:ns14="http://zakupki.gov.ru/223fz/orderClauseList/1" xmlns:ns15="http://zakupki.gov.ru/223fz/complaint/1" xmlns:ns16="http://zakupki.gov.ru/223fz/missedNotice/1" xmlns:ns17="http://zakupki.gov.ru/223fz/notificationIssue/1" xmlns:ns18="http://zakupki.gov.ru/223fz/purchasePlanProject/1" xmlns:ns19="http://zakupki.gov.ru/223fz/webRequest/1" xmlns:ns2="http://zakupki.gov.ru/223fz/contract/1" xmlns:xsi="http://www.w3.org/2001/XMLSchema-instance" xmlns:ns3="http://zakupki.gov.ru/223fz/dishonestSupplier/1" xmlns:ns4="http://zakupki.gov.ru/223fz/decisionSuspension/1" xmlns:ns5="http://zakupki.gov.ru/223fz/purchasePlanAdditionalPosition/1" xmlns:ns6="http://zakupki.gov.ru/223fz/purchasePlan/1" xmlns:ns7="http://zakupki.gov.ru/223fz/purchasePlanProjectAdditionalPosition/1" xmlns:ns8="http://zakupki.gov.ru/223fz/reference/1" xmlns:ns9="http://zakupki.gov.ru/223fz/stopCommodity/1">
    <header>
        <guid>8a784983-f2a3-4a09-aee7-b8c63daeef8e</guid>
        <createDateTime>2017-03-30T13:01:09</createDateTime>
    </header>
    <ns2:body>
        <ns2:item>
            <guid>faa198dd-4795-4825-9120-0440548cc12f</guid>
            <ns2:performanceContractData>
                <ns2:guid>5873d1e5-417b-4077-b333-1dba300ac6ea</ns2:guid>
                <ns2:registrationNumber>56672152703170000040003</ns2:registrationNumber>
                <ns2:urlOOS>https://zakupki.gov.ru/223/contract/private/completing/info/view.html?id=2666327</ns2:urlOOS>
                <ns2:createDateTime>2017-02-27T13:10:19</ns2:createDateTime>
                <ns2:customer>
                    <mainInfo>
                        <fullName>ГОСУДАРСТВЕННОЕ АВТОНОМНОЕ УЧРЕЖДЕНИЕ ДОПОЛНИТЕЛЬНОГО ОБРАЗОВАНИЯ СВЕРДЛОВСКОЙ ОБЛАСТИ ДЕТСКО-ЮНОШЕСКАЯ СПОРТИВНАЯ ШКОЛА ПО ХОККЕЮ "СПАРТАКОВЕЦ"</fullName>
                        <shortName>ГАУ ДО СО ДЮСШ ПО ХОККЕЮ "СПАРТАКОВЕЦ"</shortName>
                        <iko>56672152703667201001</iko>
                        <inn>6672152703</inn>
                        <kpp>667201001</kpp>
                        <ogrn>1036604403109</ogrn>
                        <legalAddress>620075, обл СВЕРДЛОВСКАЯ, г ЕКАТЕРИНБУРГ, ул ЭНГЕЛЬСА, дом 31, корпус А</legalAddress>
                        <postalAddress>620000, Свердловская Область, Екатеринбург Город, Энгельса Улица, дом 31, корпус а</postalAddress>
                        <phone>7-343-2232202</phone>
                        <fax>7-343-2232202</fax>
                        <email>hk-spartakovez@mail.ru</email>
                        <okato>65401000000</okato>
                        <okpo>15051799</okpo>
                    </mainInfo>
                </ns2:customer>
                <ns2:placer>
                    <mainInfo>
                        <fullName>ГОСУДАРСТВЕННОЕ АВТОНОМНОЕ УЧРЕЖДЕНИЕ ДОПОЛНИТЕЛЬНОГО ОБРАЗОВАНИЯ СВЕРДЛОВСКОЙ ОБЛАСТИ ДЕТСКО-ЮНОШЕСКАЯ СПОРТИВНАЯ ШКОЛА ПО ХОККЕЮ "СПАРТАКОВЕЦ"</fullName>
                        <shortName>ГАУ ДО СО ДЮСШ ПО ХОККЕЮ "СПАРТАКОВЕЦ"</shortName>
                        <iko>56672152703667201001</iko>
                        <inn>6672152703</inn>
                        <kpp>667201001</kpp>
                        <ogrn>1036604403109</ogrn>
                        <legalAddress>620075, обл СВЕРДЛОВСКАЯ, г ЕКАТЕРИНБУРГ, ул ЭНГЕЛЬСА, дом 31, корпус А</legalAddress>
                        <postalAddress>620000, Свердловская Область, Екатеринбург Город, Энгельса Улица, дом 31, корпус а</postalAddress>
                        <phone>7-343-2232202</phone>
                        <fax>7-343-2232202</fax>
                        <email>hk-spartakovez@mail.ru</email>
                        <okato>65401000000</okato>
                        <okpo>15051799</okpo>
                    </mainInfo>
                </ns2:placer>
                <ns2:publicationDate>2017-03-30T13:01:09</ns2:publicationDate>
                <ns2:status>P</ns2:status>
                <ns2:version>1</ns2:version>
                <ns2:completed>false</ns2:completed>
                <ns2:attachments>
                    <totalDocumentsCount>1</totalDocumentsCount>
                    <document>
                        <guid>1f96ee1e-93bd-4ddd-96e0-92a0a6e77488</guid>
                        <createDateTime>2017-03-30T13:00:54</createDateTime>
                        <fileName>Накладная клюшки 400.pdf</fileName>
                        <description>Накладная клюшки 400</description>
                        <url>https://zakupki.gov.ru/223/contract/private/download/download.html?id=11733847</url>
                        <registrationNumber>56672152703170000040004</registrationNumber>
                    </document>
                </ns2:attachments>
                <ns2:hasPenalty>false</ns2:hasPenalty>
                <ns2:contractRegNumber>56672152703170000040000</ns2:contractRegNumber>
                <ns2:contractInfo>
                    <ns2:guid>ab1dc6a1-be58-41cc-ad6b-959c6a10d9d7</ns2:guid>
                    <ns2:name>10/17</ns2:name>
                    <ns2:agencyName>ГАУ ДО СО ДЮСШ ПО ХОККЕЮ "СПАРТАКОВЕЦ"</ns2:agencyName>
                    <ns2:supplierName>ОБЩЕСТВО С ОГРАНИЧЕННОЙ ОТВЕТСТВЕННОСТЬЮ "УРАЛЬСКАЯ ХОККЕЙНАЯ КОМПАНИЯ"</ns2:supplierName>
                    <ns2:lotInfo>Договор оптовых поставок хоккейных клюшек</ns2:lotInfo>
                    <ns2:contractDate>2017-02-27</ns2:contractDate>
                </ns2:contractInfo>
                <ns2:positions>
                    <ns2:position>
                        <ns2:ordinal>1</ns2:ordinal>
                        <ns2:paymentDate>2017-03-01</ns2:paymentDate>
                        <ns2:price>400000</ns2:price>
                        <ns2:currency>
                            <code>RUB</code>
                            <digitalCode>643</digitalCode>
                            <name>Российский рубль</name>
                        </ns2:currency>
                        <ns2:rubPrice>400000</ns2:rubPrice>
                        <ns2:prepaid>false</ns2:prepaid>
                        <ns2:docs>
                            <ns2:doc>
                                <ns2:ordinal>1</ns2:ordinal>
                                <ns2:date>2017-02-27</ns2:date>
                                <ns2:code>01</ns2:code>
                                <ns2:name>товарная накладная</ns2:name>
                                <ns2:number>8</ns2:number>
                                <ns2:contractPosition>
                                    <ns2:guid>307ee750-eba3-404f-88b0-814085fa6b02</ns2:guid>
                                    <ns2:name>Инвентарь для игры в хоккей с шайбой и мячом</ns2:name>
                                    <ns2:okpd2>
                                        <code>32.30.15.117</code>
                                        <name>Инвентарь для игры в хоккей с шайбой и мячом</name>
                                    </ns2:okpd2>
                                </ns2:contractPosition>
                                <ns2:okei>
                                    <code>796</code>
                                    <name>Штука</name>
                                </ns2:okei>
                                <ns2:qty>50</ns2:qty>
                            </ns2:doc>
                        </ns2:docs>
                    </ns2:position>
                    <ns2:total>400000</ns2:total>
                </ns2:positions>
            </ns2:performanceContractData>
        </ns2:item>
    </ns2:body>
</ns2:performanceContract>
