<?xml version="1.0" encoding="UTF-8" standalone="yes"?>
<ns2:contractCancellation xsi:schemaLocation="http://zakupki.gov.ru/223/integration/schema/TFF-5.2 http://zakupki.gov.ru/223/integration/schema/TFF-5.2/Types.xsd" xmlns="http://zakupki.gov.ru/223fz/types/1" xmlns:ns10="http://zakupki.gov.ru/223fz/disagreementProtocol/1" xmlns:ns11="http://zakupki.gov.ru/223fz/purchase/1" xmlns:ns12="http://zakupki.gov.ru/223fz/machineryListInfo/1" xmlns:ns13="http://zakupki.gov.ru/223fz/revenue/1" xmlns:ns14="http://zakupki.gov.ru/223fz/orderClauseList/1" xmlns:ns15="http://zakupki.gov.ru/223fz/complaint/1" xmlns:ns16="http://zakupki.gov.ru/223fz/missedNotice/1" xmlns:ns17="http://zakupki.gov.ru/223fz/notificationIssue/1" xmlns:ns18="http://zakupki.gov.ru/223fz/purchasePlanProject/1" xmlns:ns19="http://zakupki.gov.ru/223fz/webRequest/1" xmlns:ns2="http://zakupki.gov.ru/223fz/contract/1" xmlns:xsi="http://www.w3.org/2001/XMLSchema-instance" xmlns:ns3="http://zakupki.gov.ru/223fz/dishonestSupplier/1" xmlns:ns4="http://zakupki.gov.ru/223fz/decisionSuspension/1" xmlns:ns5="http://zakupki.gov.ru/223fz/purchasePlanAdditionalPosition/1" xmlns:ns6="http://zakupki.gov.ru/223fz/purchasePlan/1" xmlns:ns7="http://zakupki.gov.ru/223fz/purchasePlanProjectAdditionalPosition/1" xmlns:ns8="http://zakupki.gov.ru/223fz/reference/1" xmlns:ns9="http://zakupki.gov.ru/223fz/stopCommodity/1">
    <header>
        <guid>48baa204-fc66-401f-b798-acf35fc79abd</guid>
        <createDateTime>2017-03-30T12:55:32</createDateTime>
    </header>
    <ns2:body>
        <ns2:item>
            <guid>ee746f1e-2e1b-4b98-ae4b-1360c64c5f86</guid>
            <ns2:contractCancellationData>
                <ns2:guid>860fe48f-92c7-43db-b3b3-1e51a3da336e</ns2:guid>
                <ns2:registrationNumber>56670413621160000030003</ns2:registrationNumber>
                <ns2:urlOOS>https://zakupki.gov.ru/223/contract/private/completing/info/view.html?id=2666271</ns2:urlOOS>
                <ns2:createDateTime>2017-03-30T12:54:57</ns2:createDateTime>
                <ns2:customer>
                    <mainInfo>
                        <fullName>МУНИЦИПАЛЬНОЕ АВТОНОМНОЕ ДОШКОЛЬНОЕ ОБРАЗОВАТЕЛЬНОЕ УЧРЕЖДЕНИЕ ДЕТСКИЙ САД № 299</fullName>
                        <shortName>МАДОУ ДЕТСКИЙ САД № 299</shortName>
                        <iko>56670413621667001001</iko>
                        <inn>6670413621</inn>
                        <kpp>667001001</kpp>
                        <ogrn>1136670026822</ogrn>
                        <legalAddress>620078, Свердловская, ЕКАТЕРИНБУРГ, ВИШНЕВАЯ, дом 26</legalAddress>
                        <postalAddress>620078, Свердловская, ЕКАТЕРИНБУРГ, ВИШНЕВАЯ, дом 26</postalAddress>
                        <phone>7-950-1912938</phone>
                        <fax>7-950-1912938</fax>
                        <email>dou299@inbox.ru</email>
                        <okato>65401373000</okato>
                        <okpo>31401069</okpo>
                    </mainInfo>
                </ns2:customer>
                <ns2:placer>
                    <mainInfo>
                        <fullName>МУНИЦИПАЛЬНОЕ АВТОНОМНОЕ ДОШКОЛЬНОЕ ОБРАЗОВАТЕЛЬНОЕ УЧРЕЖДЕНИЕ ДЕТСКИЙ САД № 299</fullName>
                        <shortName>МАДОУ ДЕТСКИЙ САД № 299</shortName>
                        <iko>56670413621667001001</iko>
                        <inn>6670413621</inn>
                        <kpp>667001001</kpp>
                        <ogrn>1136670026822</ogrn>
                        <legalAddress>620078, Свердловская, ЕКАТЕРИНБУРГ, ВИШНЕВАЯ, дом 26</legalAddress>
                        <postalAddress>620078, Свердловская, ЕКАТЕРИНБУРГ, ВИШНЕВАЯ, дом 26</postalAddress>
                        <phone>7-950-1912938</phone>
                        <fax>7-950-1912938</fax>
                        <email>dou299@inbox.ru</email>
                        <okato>65401373000</okato>
                        <okpo>31401069</okpo>
                    </mainInfo>
                </ns2:placer>
                <ns2:publicationDate>2017-03-30T12:55:32</ns2:publicationDate>
                <ns2:status>P</ns2:status>
                <ns2:version>1</ns2:version>
                <ns2:attachments>
                    <totalDocumentsCount>1</totalDocumentsCount>
                    <document>
                        <guid>8f126547-66a9-471c-bc25-102585f31ea2</guid>
                        <createDateTime>2017-03-30T12:54:54</createDateTime>
                        <fileName>299 дс Соглашение о расторжении дог.№2016-0069.pdf</fileName>
                        <description>299 дс Соглашение о расторжении дог.№2016-0069</description>
                        <url>https://zakupki.gov.ru/223/contract/private/download/download.html?id=11733533</url>
                        <registrationNumber>56670413621160000030004</registrationNumber>
                    </document>
                </ns2:attachments>
                <ns2:hasPenalty>false</ns2:hasPenalty>
                <ns2:contractRegNumber>56670413621160000030000</ns2:contractRegNumber>
                <ns2:contractInfo>
                    <ns2:guid>11cf14ec-8331-4f05-be18-f7605271b691</ns2:guid>
                    <ns2:name>2016-0069</ns2:name>
                    <ns2:agencyName>МАДОУ ДЕТСКИЙ САД № 299</ns2:agencyName>
                    <ns2:supplierName>Общество с ограниченной ответственностью "АВЭС-93"</ns2:supplierName>
                    <ns2:lotInfo>Поставка мясной продукции в четвертом квартале  2016 года для МАДОУ детский сад № 299</ns2:lotInfo>
                    <ns2:contractDate>2016-09-30</ns2:contractDate>
                </ns2:contractInfo>
                <ns2:baseContractCancellationCode>1</ns2:baseContractCancellationCode>
                <ns2:baseContractCancellationName>Соглашение сторон</ns2:baseContractCancellationName>
                <ns2:baseRejectionDocCode>11</ns2:baseRejectionDocCode>
                <ns2:baseRejectionDocName>Дополнительное соглашение к договору</ns2:baseRejectionDocName>
                <ns2:completionDate>2016-12-31T00:00:00</ns2:completionDate>
                <ns2:baseRejectionDocNum>1</ns2:baseRejectionDocNum>
                <ns2:baseRejectionDocDate>2016-12-31</ns2:baseRejectionDocDate>
            </ns2:contractCancellationData>
        </ns2:item>
    </ns2:body>
</ns2:contractCancellation>
