<?xml version="1.0" encoding="UTF-8" standalone="yes"?>
<ns2:performanceContract xsi:schemaLocation="http://zakupki.gov.ru/223/integration/schema/TFF-5.2 http://zakupki.gov.ru/223/integration/schema/TFF-5.2/Types.xsd" xmlns="http://zakupki.gov.ru/223fz/types/1" xmlns:ns10="http://zakupki.gov.ru/223fz/disagreementProtocol/1" xmlns:ns11="http://zakupki.gov.ru/223fz/purchase/1" xmlns:ns12="http://zakupki.gov.ru/223fz/machineryListInfo/1" xmlns:ns13="http://zakupki.gov.ru/223fz/revenue/1" xmlns:ns14="http://zakupki.gov.ru/223fz/orderClauseList/1" xmlns:ns15="http://zakupki.gov.ru/223fz/complaint/1" xmlns:ns16="http://zakupki.gov.ru/223fz/missedNotice/1" xmlns:ns17="http://zakupki.gov.ru/223fz/notificationIssue/1" xmlns:ns18="http://zakupki.gov.ru/223fz/purchasePlanProject/1" xmlns:ns19="http://zakupki.gov.ru/223fz/webRequest/1" xmlns:ns2="http://zakupki.gov.ru/223fz/contract/1" xmlns:xsi="http://www.w3.org/2001/XMLSchema-instance" xmlns:ns3="http://zakupki.gov.ru/223fz/dishonestSupplier/1" xmlns:ns4="http://zakupki.gov.ru/223fz/decisionSuspension/1" xmlns:ns5="http://zakupki.gov.ru/223fz/purchasePlanAdditionalPosition/1" xmlns:ns6="http://zakupki.gov.ru/223fz/purchasePlan/1" xmlns:ns7="http://zakupki.gov.ru/223fz/purchasePlanProjectAdditionalPosition/1" xmlns:ns8="http://zakupki.gov.ru/223fz/reference/1" xmlns:ns9="http://zakupki.gov.ru/223fz/stopCommodity/1">
    <header>
        <guid>db6e5dce-5219-4e33-9012-29345ee52eed</guid>
        <createDateTime>2017-03-30T15:29:36</createDateTime>
    </header>
    <ns2:body>
        <ns2:item>
            <guid>b78582e5-9c8b-42fe-8952-bcc53f53666c</guid>
            <ns2:performanceContractData>
                <ns2:guid>9bf090ac-3364-4421-9981-81e513f626ad</ns2:guid>
                <ns2:registrationNumber>56625007956160000990003</ns2:registrationNumber>
                <ns2:urlOOS>https://zakupki.gov.ru/223/contract/private/completing/info/view.html?id=2668346</ns2:urlOOS>
                <ns2:createDateTime>2016-12-30T18:09:09</ns2:createDateTime>
                <ns2:customer>
                    <mainInfo>
                        <fullName>ГОСУДАРСТВЕННОЕ АВТОНОМНОЕ СТАЦИОНАРНОЕ УЧРЕЖДЕНИЕ СОЦИАЛЬНОГО ОБСЛУЖИВАНИЯ НАСЕЛЕНИЯ СВЕРДЛОВСКОЙ ОБЛАСТИ "ПЕРВОУРАЛЬСКИЙ ПСИХОНЕВРОЛОГИЧЕСКИЙ ИНТЕРНАТ"</fullName>
                        <shortName>ГАУ "ПЕРВОУРАЛЬСКИЙ ПНИ"</shortName>
                        <iko>56625007956662501001</iko>
                        <inn>6625007956</inn>
                        <kpp>662501001</kpp>
                        <ogrn>1026601507514</ogrn>
                        <legalAddress>623103, ОБЛ СВЕРДЛОВСКАЯ, Г ПЕРВОУРАЛЬСК, УЛ КРЫЛОВА, дом 98</legalAddress>
                        <postalAddress>623103, Свердловская Область, Первоуральск Город, Крылова Улица, дом 98</postalAddress>
                        <phone>7-3439-625238</phone>
                        <fax>7-3439-635238</fax>
                        <email>prv-su@gov66.ru</email>
                        <okato>65480000000</okato>
                        <okpo>03157676</okpo>
                    </mainInfo>
                </ns2:customer>
                <ns2:placer>
                    <mainInfo>
                        <fullName>ГОСУДАРСТВЕННОЕ АВТОНОМНОЕ СТАЦИОНАРНОЕ УЧРЕЖДЕНИЕ СОЦИАЛЬНОГО ОБСЛУЖИВАНИЯ НАСЕЛЕНИЯ СВЕРДЛОВСКОЙ ОБЛАСТИ "ПЕРВОУРАЛЬСКИЙ ПСИХОНЕВРОЛОГИЧЕСКИЙ ИНТЕРНАТ"</fullName>
                        <shortName>ГАУ "ПЕРВОУРАЛЬСКИЙ ПНИ"</shortName>
                        <iko>56625007956662501001</iko>
                        <inn>6625007956</inn>
                        <kpp>662501001</kpp>
                        <ogrn>1026601507514</ogrn>
                        <legalAddress>623103, ОБЛ СВЕРДЛОВСКАЯ, Г ПЕРВОУРАЛЬСК, УЛ КРЫЛОВА, дом 98</legalAddress>
                        <postalAddress>623103, Свердловская Область, Первоуральск Город, Крылова Улица, дом 98</postalAddress>
                        <phone>7-3439-625238</phone>
                        <fax>7-3439-635238</fax>
                        <email>prv-su@gov66.ru</email>
                        <okato>65480000000</okato>
                        <okpo>03157676</okpo>
                    </mainInfo>
                </ns2:placer>
                <ns2:publicationDate>2017-03-30T15:29:35</ns2:publicationDate>
                <ns2:status>P</ns2:status>
                <ns2:version>1</ns2:version>
                <ns2:completed>true</ns2:completed>
                <ns2:attachments>
                    <totalDocumentsCount>1</totalDocumentsCount>
                    <document>
                        <guid>8d019bed-6b07-4985-8271-621942db9737</guid>
                        <createDateTime>2017-03-30T15:29:18</createDateTime>
                        <fileName>Реестр платежей по договору 114-ЗК от 30.12.2016_сухофрукты.pdf</fileName>
                        <description>Реестр платежей по договору 114-ЗК от 30.12.2016_сухофрукты</description>
                        <url>https://zakupki.gov.ru/223/contract/private/download/download.html?id=11743371</url>
                        <registrationNumber>56625007956160000990004</registrationNumber>
                    </document>
                </ns2:attachments>
                <ns2:hasPenalty>false</ns2:hasPenalty>
                <ns2:contractRegNumber>56625007956160000990000</ns2:contractRegNumber>
                <ns2:contractInfo>
                    <ns2:guid>f2880609-97ee-4a48-97be-02e3a44be2cb</ns2:guid>
                    <ns2:name>114-ЗК</ns2:name>
                    <ns2:agencyName>ГАУ "ПЕРВОУРАЛЬСКИЙ ПНИ"</ns2:agencyName>
                    <ns2:supplierName>ОБЩЕСТВО С ОГРАНИЧЕННОЙ ОТВЕТСТВЕННОСТЬЮ "ЛАБИРИНТ"</ns2:supplierName>
                    <ns2:lotInfo>Поставка сушеных фруктов и ягод</ns2:lotInfo>
                    <ns2:contractDate>2016-12-30</ns2:contractDate>
                </ns2:contractInfo>
                <ns2:positions>
                    <ns2:position>
                        <ns2:ordinal>1</ns2:ordinal>
                        <ns2:paymentDate>2017-03-24</ns2:paymentDate>
                        <ns2:price>112680</ns2:price>
                        <ns2:currency>
                            <code>RUB</code>
                            <digitalCode>643</digitalCode>
                            <name>Российский рубль</name>
                        </ns2:currency>
                        <ns2:rubPrice>112680</ns2:rubPrice>
                        <ns2:prepaid>false</ns2:prepaid>
                        <ns2:docs>
                            <ns2:doc>
                                <ns2:ordinal>1</ns2:ordinal>
                                <ns2:code>19</ns2:code>
                                <ns2:name>счет-фактура</ns2:name>
                                <ns2:contractPosition>
                                    <ns2:guid>9acce0ad-6329-4f5f-ae83-90cca8775cfb</ns2:guid>
                                    <ns2:name>Смеси сушеных фруктов (сухой компот)</ns2:name>
                                    <ns2:okpd2>
                                        <code>10.39.25.134</code>
                                        <name>Смеси сушеных фруктов (сухой компот)</name>
                                    </ns2:okpd2>
                                </ns2:contractPosition>
                                <ns2:okei>
                                    <code>166</code>
                                    <name>Килограмм</name>
                                </ns2:okei>
                                <ns2:qty>750</ns2:qty>
                            </ns2:doc>
                            <ns2:doc>
                                <ns2:ordinal>2</ns2:ordinal>
                                <ns2:code>19</ns2:code>
                                <ns2:name>счет-фактура</ns2:name>
                                <ns2:contractPosition>
                                    <ns2:guid>7b266cfb-5048-4528-ae93-25feff302659</ns2:guid>
                                    <ns2:name>Продукты пищевые прочие, не включенные в другие группировки</ns2:name>
                                    <ns2:okpd2>
                                        <code>10.89.19.290</code>
                                        <name>Продукты пищевые прочие, не включенные в другие группировки</name>
                                    </ns2:okpd2>
                                </ns2:contractPosition>
                                <ns2:okei>
                                    <code>166</code>
                                    <name>Килограмм</name>
                                </ns2:okei>
                                <ns2:qty>540</ns2:qty>
                            </ns2:doc>
                        </ns2:docs>
                    </ns2:position>
                    <ns2:total>112680</ns2:total>
                </ns2:positions>
            </ns2:performanceContractData>
        </ns2:item>
    </ns2:body>
</ns2:performanceContract>
