<?xml version="1.0" encoding="UTF-8" standalone="yes"?>
<ns2:performanceContract xsi:schemaLocation="http://zakupki.gov.ru/223/integration/schema/TFF-5.2 http://zakupki.gov.ru/223/integration/schema/TFF-5.2/Types.xsd" xmlns="http://zakupki.gov.ru/223fz/types/1" xmlns:ns10="http://zakupki.gov.ru/223fz/disagreementProtocol/1" xmlns:ns11="http://zakupki.gov.ru/223fz/purchase/1" xmlns:ns12="http://zakupki.gov.ru/223fz/machineryListInfo/1" xmlns:ns13="http://zakupki.gov.ru/223fz/revenue/1" xmlns:ns14="http://zakupki.gov.ru/223fz/orderClauseList/1" xmlns:ns15="http://zakupki.gov.ru/223fz/complaint/1" xmlns:ns16="http://zakupki.gov.ru/223fz/missedNotice/1" xmlns:ns17="http://zakupki.gov.ru/223fz/notificationIssue/1" xmlns:ns18="http://zakupki.gov.ru/223fz/purchasePlanProject/1" xmlns:ns19="http://zakupki.gov.ru/223fz/webRequest/1" xmlns:ns2="http://zakupki.gov.ru/223fz/contract/1" xmlns:xsi="http://www.w3.org/2001/XMLSchema-instance" xmlns:ns3="http://zakupki.gov.ru/223fz/dishonestSupplier/1" xmlns:ns4="http://zakupki.gov.ru/223fz/decisionSuspension/1" xmlns:ns5="http://zakupki.gov.ru/223fz/purchasePlanAdditionalPosition/1" xmlns:ns6="http://zakupki.gov.ru/223fz/purchasePlan/1" xmlns:ns7="http://zakupki.gov.ru/223fz/purchasePlanProjectAdditionalPosition/1" xmlns:ns8="http://zakupki.gov.ru/223fz/reference/1" xmlns:ns9="http://zakupki.gov.ru/223fz/stopCommodity/1">
    <header>
        <guid>dc7e0795-8cda-486d-a315-ff37728fc256</guid>
        <createDateTime>2017-03-30T13:16:28</createDateTime>
    </header>
    <ns2:body>
        <ns2:item>
            <guid>11764be0-52eb-4073-83df-7555a123a19e</guid>
            <ns2:performanceContractData>
                <ns2:guid>2a749737-2f0d-44bc-8804-e14a48036b2c</ns2:guid>
                <ns2:registrationNumber>56654009549160000610003</ns2:registrationNumber>
                <ns2:urlOOS>https://zakupki.gov.ru/223/contract/private/completing/info/view.html?id=2666491</ns2:urlOOS>
                <ns2:createDateTime>2016-12-26T09:50:04</ns2:createDateTime>
                <ns2:customer>
                    <mainInfo>
                        <fullName>ГОСУДАРСТВЕННОЕ АВТОНОМНОЕ СТАЦИОНАРНОЕ УЧРЕЖДЕНИЕ СОЦИАЛЬНОГО ОБСЛУЖИВАНИЯ НАСЕЛЕНИЯ СВЕРДЛОВСКОЙ ОБЛАСТИ "ТАЛИЦКИЙ ПАНСИОНАТ ДЛЯ ПРЕСТАРЕЛЫХ И ИНВАЛИДОВ"</fullName>
                        <shortName>ГАУ "ТАЛИЦКИЙ ПАНСИОНАТ"</shortName>
                        <iko>56654009549665401001</iko>
                        <inn>6654009549</inn>
                        <kpp>665401001</kpp>
                        <ogrn>1026602236121</ogrn>
                        <legalAddress>623640, СВЕРДЛОВСКАЯ обл, г ТАЛИЦА, ул КРАСНОАРМЕЙСКАЯ, дом 31</legalAddress>
                        <postalAddress>623640, Свердловская Область, Талица Город, Красноармейская Улица, дом 31</postalAddress>
                        <phone>7-34371-21560</phone>
                        <fax>7-34371-21560</fax>
                        <email>pansionat80@mail.ru</email>
                        <okato>65249000000</okato>
                        <okpo>13706983</okpo>
                    </mainInfo>
                </ns2:customer>
                <ns2:placer>
                    <mainInfo>
                        <fullName>ГОСУДАРСТВЕННОЕ АВТОНОМНОЕ СТАЦИОНАРНОЕ УЧРЕЖДЕНИЕ СОЦИАЛЬНОГО ОБСЛУЖИВАНИЯ НАСЕЛЕНИЯ СВЕРДЛОВСКОЙ ОБЛАСТИ "ТАЛИЦКИЙ ПАНСИОНАТ ДЛЯ ПРЕСТАРЕЛЫХ И ИНВАЛИДОВ"</fullName>
                        <shortName>ГАУ "ТАЛИЦКИЙ ПАНСИОНАТ"</shortName>
                        <iko>56654009549665401001</iko>
                        <inn>6654009549</inn>
                        <kpp>665401001</kpp>
                        <ogrn>1026602236121</ogrn>
                        <legalAddress>623640, СВЕРДЛОВСКАЯ обл, г ТАЛИЦА, ул КРАСНОАРМЕЙСКАЯ, дом 31</legalAddress>
                        <postalAddress>623640, Свердловская Область, Талица Город, Красноармейская Улица, дом 31</postalAddress>
                        <phone>7-34371-21560</phone>
                        <fax>7-34371-21560</fax>
                        <email>pansionat80@mail.ru</email>
                        <okato>65249000000</okato>
                        <okpo>13706983</okpo>
                    </mainInfo>
                </ns2:placer>
                <ns2:publicationDate>2017-03-30T13:16:28</ns2:publicationDate>
                <ns2:status>P</ns2:status>
                <ns2:version>1</ns2:version>
                <ns2:completed>true</ns2:completed>
                <ns2:attachments>
                    <totalDocumentsCount>1</totalDocumentsCount>
                    <document>
                        <guid>67c6d0fa-0763-4e09-8e47-7769c7d5170c</guid>
                        <createDateTime>2017-03-30T13:16:15</createDateTime>
                        <fileName>исполнение.pdf</fileName>
                        <description>исполнение</description>
                        <url>https://zakupki.gov.ru/223/contract/private/download/download.html?id=11734676</url>
                        <registrationNumber>56654009549160000610004</registrationNumber>
                    </document>
                </ns2:attachments>
                <ns2:hasPenalty>false</ns2:hasPenalty>
                <ns2:contractRegNumber>56654009549160000610000</ns2:contractRegNumber>
                <ns2:contractInfo>
                    <ns2:guid>bb34ea64-7df7-43b8-a9c0-88b03a97d1d9</ns2:guid>
                    <ns2:name>40</ns2:name>
                    <ns2:agencyName>ГАУ "ТАЛИЦКИЙ ПАНСИОНАТ"</ns2:agencyName>
                    <ns2:supplierName>ОБЩЕСТВО С ОГРАНИЧЕННОЙ ОТВЕТСТВЕННОСТЬЮ "МИДАС"</ns2:supplierName>
                    <ns2:lotInfo>поставка мяса и мясной продукции в 1 квартале 2017г</ns2:lotInfo>
                    <ns2:contractDate>2016-12-23</ns2:contractDate>
                </ns2:contractInfo>
                <ns2:positions>
                    <ns2:position>
                        <ns2:ordinal>1</ns2:ordinal>
                        <ns2:paymentDate>2017-03-30</ns2:paymentDate>
                        <ns2:price>758522.9</ns2:price>
                        <ns2:currency>
                            <code>RUB</code>
                            <digitalCode>643</digitalCode>
                            <name>Российский рубль</name>
                        </ns2:currency>
                        <ns2:rubPrice>758522.9</ns2:rubPrice>
                        <ns2:prepaid>false</ns2:prepaid>
                        <ns2:docs>
                            <ns2:doc>
                                <ns2:ordinal>1</ns2:ordinal>
                                <ns2:code>01</ns2:code>
                                <ns2:name>товарная накладная</ns2:name>
                                <ns2:contractPosition>
                                    <ns2:guid>29b2d17a-4839-45ba-aeaa-297871ecd561</ns2:guid>
                                    <ns2:name>Мясо крупного рогатого скота (говядина и телятина) замороженное, в том числе для детского питания</ns2:name>
                                    <ns2:okpd2>
                                        <code>10.11.31</code>
                                        <name>Мясо крупного рогатого скота (говядина и телятина) замороженное, в том числе для детского питания</name>
                                    </ns2:okpd2>
                                </ns2:contractPosition>
                                <ns2:okei>
                                    <code>166</code>
                                    <name>Килограмм</name>
                                </ns2:okei>
                                <ns2:qty>911</ns2:qty>
                            </ns2:doc>
                            <ns2:doc>
                                <ns2:ordinal>2</ns2:ordinal>
                                <ns2:code>01</ns2:code>
                                <ns2:name>товарная накладная</ns2:name>
                                <ns2:contractPosition>
                                    <ns2:guid>670400b7-7e00-4ce1-9bad-1b6b50fb6cb6</ns2:guid>
                                    <ns2:name>Мясо и субпродукты пищевые прочие парные, остывшие, охлажденные или замороженные</ns2:name>
                                    <ns2:okpd2>
                                        <code>10.11.39.190</code>
                                        <name>Мясо и субпродукты пищевые прочие парные, остывшие, охлажденные или замороженные</name>
                                    </ns2:okpd2>
                                </ns2:contractPosition>
                                <ns2:okei>
                                    <code>166</code>
                                    <name>Килограмм</name>
                                </ns2:okei>
                                <ns2:qty>120</ns2:qty>
                            </ns2:doc>
                            <ns2:doc>
                                <ns2:ordinal>3</ns2:ordinal>
                                <ns2:code>01</ns2:code>
                                <ns2:name>товарная накладная</ns2:name>
                                <ns2:contractPosition>
                                    <ns2:guid>c3eb0a4f-6eba-45b6-bbca-733af2c5e93b</ns2:guid>
                                    <ns2:name>Полуфабрикаты мясные (мясосодержащие) мелкокусковые и порционные подмороженные и замороженные</ns2:name>
                                    <ns2:okpd2>
                                        <code>10.13.14.166</code>
                                        <name>Полуфабрикаты мясные (мясосодержащие) мелкокусковые и порционные подмороженные и замороженные</name>
                                    </ns2:okpd2>
                                </ns2:contractPosition>
                                <ns2:okei>
                                    <code>166</code>
                                    <name>Килограмм</name>
                                </ns2:okei>
                                <ns2:qty>969</ns2:qty>
                            </ns2:doc>
                            <ns2:doc>
                                <ns2:ordinal>4</ns2:ordinal>
                                <ns2:code>01</ns2:code>
                                <ns2:name>товарная накладная</ns2:name>
                                <ns2:contractPosition>
                                    <ns2:guid>87aedeef-b436-48ed-adb8-6184d6e8e36d</ns2:guid>
                                    <ns2:name>Полуфабрикаты мясные (мясосодержащие) рубленые подмороженные и замороженные</ns2:name>
                                    <ns2:okpd2>
                                        <code>10.13.14.167</code>
                                        <name>Полуфабрикаты мясные (мясосодержащие) рубленые подмороженные и замороженные</name>
                                    </ns2:okpd2>
                                </ns2:contractPosition>
                                <ns2:okei>
                                    <code>166</code>
                                    <name>Килограмм</name>
                                </ns2:okei>
                                <ns2:qty>1000</ns2:qty>
                            </ns2:doc>
                            <ns2:doc>
                                <ns2:ordinal>5</ns2:ordinal>
                                <ns2:code>01</ns2:code>
                                <ns2:name>товарная накладная</ns2:name>
                                <ns2:contractPosition>
                                    <ns2:guid>8a676875-ae6e-4660-bb0c-1fdf5fb8498e</ns2:guid>
                                    <ns2:name>Сосиски мясные</ns2:name>
                                    <ns2:okpd2>
                                        <code>10.13.14.112</code>
                                        <name>Сосиски мясные</name>
                                    </ns2:okpd2>
                                </ns2:contractPosition>
                                <ns2:okei>
                                    <code>166</code>
                                    <name>Килограмм</name>
                                </ns2:okei>
                                <ns2:qty>567.9</ns2:qty>
                            </ns2:doc>
                        </ns2:docs>
                    </ns2:position>
                    <ns2:total>758522.9</ns2:total>
                </ns2:positions>
            </ns2:performanceContractData>
        </ns2:item>
    </ns2:body>
</ns2:performanceContract>
