<?xml version="1.0" encoding="UTF-8" standalone="yes"?>
<ns2:performanceContract xsi:schemaLocation="http://zakupki.gov.ru/223/integration/schema/TFF-5.2 http://zakupki.gov.ru/223/integration/schema/TFF-5.2/Types.xsd" xmlns="http://zakupki.gov.ru/223fz/types/1" xmlns:ns10="http://zakupki.gov.ru/223fz/disagreementProtocol/1" xmlns:ns11="http://zakupki.gov.ru/223fz/purchase/1" xmlns:ns12="http://zakupki.gov.ru/223fz/machineryListInfo/1" xmlns:ns13="http://zakupki.gov.ru/223fz/revenue/1" xmlns:ns14="http://zakupki.gov.ru/223fz/orderClauseList/1" xmlns:ns15="http://zakupki.gov.ru/223fz/complaint/1" xmlns:ns16="http://zakupki.gov.ru/223fz/missedNotice/1" xmlns:ns17="http://zakupki.gov.ru/223fz/notificationIssue/1" xmlns:ns18="http://zakupki.gov.ru/223fz/purchasePlanProject/1" xmlns:ns19="http://zakupki.gov.ru/223fz/webRequest/1" xmlns:ns2="http://zakupki.gov.ru/223fz/contract/1" xmlns:xsi="http://www.w3.org/2001/XMLSchema-instance" xmlns:ns3="http://zakupki.gov.ru/223fz/dishonestSupplier/1" xmlns:ns4="http://zakupki.gov.ru/223fz/decisionSuspension/1" xmlns:ns5="http://zakupki.gov.ru/223fz/purchasePlanAdditionalPosition/1" xmlns:ns6="http://zakupki.gov.ru/223fz/purchasePlan/1" xmlns:ns7="http://zakupki.gov.ru/223fz/purchasePlanProjectAdditionalPosition/1" xmlns:ns8="http://zakupki.gov.ru/223fz/reference/1" xmlns:ns9="http://zakupki.gov.ru/223fz/stopCommodity/1">
    <header>
        <guid>7fcdc2c3-7e0f-4827-a3ee-f95278b60c30</guid>
        <createDateTime>2017-03-30T15:06:34</createDateTime>
    </header>
    <ns2:body>
        <ns2:item>
            <guid>88ea5e92-1700-4994-ab7f-6af4dc3fa650</guid>
            <ns2:performanceContractData>
                <ns2:guid>1ba1c060-e928-42c1-bbb4-3d52db4ecb22</ns2:guid>
                <ns2:registrationNumber>56605002100170000860005</ns2:registrationNumber>
                <ns2:urlOOS>https://zakupki.gov.ru/223/contract/private/completing/info/view.html?id=2667975</ns2:urlOOS>
                <ns2:createDateTime>2017-01-31T05:56:10</ns2:createDateTime>
                <ns2:customer>
                    <mainInfo>
                        <fullName>Открытое акционерное общество "Богдановичский комбикормовый завод"</fullName>
                        <shortName>ОАО "Богдановичский комбикормовый завод"</shortName>
                        <iko>56605002100660501001</iko>
                        <inn>6605002100</inn>
                        <kpp>660501001</kpp>
                        <ogrn>1026600705790</ogrn>
                        <legalAddress>623530, Свердловская, Богданович, Степана Разина, дом 64</legalAddress>
                        <postalAddress>623530, Свердловская Область, Богданович Город, Степана Разина Улица, дом 64</postalAddress>
                        <phone>7-34376-55681</phone>
                        <email>lawyer@combikorm.ru</email>
                        <okato>65416000000</okato>
                        <okpo>04537234</okpo>
                    </mainInfo>
                </ns2:customer>
                <ns2:placer>
                    <mainInfo>
                        <fullName>Открытое акционерное общество "Богдановичский комбикормовый завод"</fullName>
                        <shortName>ОАО "Богдановичский комбикормовый завод"</shortName>
                        <iko>56605002100660501001</iko>
                        <inn>6605002100</inn>
                        <kpp>660501001</kpp>
                        <ogrn>1026600705790</ogrn>
                        <legalAddress>623530, Свердловская, Богданович, Степана Разина, дом 64</legalAddress>
                        <postalAddress>623530, Свердловская Область, Богданович Город, Степана Разина Улица, дом 64</postalAddress>
                        <phone>7-34376-55681</phone>
                        <email>lawyer@combikorm.ru</email>
                        <okato>65416000000</okato>
                        <okpo>04537234</okpo>
                    </mainInfo>
                </ns2:placer>
                <ns2:publicationDate>2017-03-30T15:06:34</ns2:publicationDate>
                <ns2:status>P</ns2:status>
                <ns2:version>1</ns2:version>
                <ns2:completed>false</ns2:completed>
                <ns2:attachments/>
                <ns2:hasPenalty>false</ns2:hasPenalty>
                <ns2:contractRegNumber>56605002100170000860000</ns2:contractRegNumber>
                <ns2:contractInfo>
                    <ns2:guid>0f824fbc-7d54-47bc-a357-6db4091e5299</ns2:guid>
                    <ns2:name>60</ns2:name>
                    <ns2:agencyName>ОАО "Богдановичский комбикормовый завод"</ns2:agencyName>
                    <ns2:supplierName>ОБЩЕСТВО С ОГРАНИЧЕННОЙ ОТВЕТСТВЕННОСТЬЮ "ПОИСК"</ns2:supplierName>
                    <ns2:lotInfo>Отруби пшеничные</ns2:lotInfo>
                    <ns2:contractDate>2017-01-27</ns2:contractDate>
                </ns2:contractInfo>
                <ns2:positions>
                    <ns2:position>
                        <ns2:ordinal>1</ns2:ordinal>
                        <ns2:paymentDate>2017-03-07</ns2:paymentDate>
                        <ns2:price>2511001.35</ns2:price>
                        <ns2:currency>
                            <code>RUB</code>
                            <digitalCode>643</digitalCode>
                            <name>Российский рубль</name>
                        </ns2:currency>
                        <ns2:rubPrice>2511001.35</ns2:rubPrice>
                        <ns2:prepaid>false</ns2:prepaid>
                        <ns2:docs>
                            <ns2:doc>
                                <ns2:ordinal>1</ns2:ordinal>
                                <ns2:code>37</ns2:code>
                                <ns2:name>прочие документы о приемке</ns2:name>
                                <ns2:number>Акт сверки расчётов за период с 27.01.2017 по 07.03.2017</ns2:number>
                                <ns2:contractPosition>
                                    <ns2:guid>41af02fc-8601-4c14-97c5-c2b6e6496aa7</ns2:guid>
                                    <ns2:name>Отруби, высевки и прочие отходы от обработки зерновых культур</ns2:name>
                                    <ns2:okpd2>
                                        <code>10.61.40</code>
                                        <name>Отруби, высевки и прочие отходы от обработки зерновых культур</name>
                                    </ns2:okpd2>
                                </ns2:contractPosition>
                                <ns2:okei>
                                    <code>168</code>
                                    <name>Тонна; Метрическая тонна (1000 кг)</name>
                                </ns2:okei>
                                <ns2:qty>742.5</ns2:qty>
                            </ns2:doc>
                        </ns2:docs>
                    </ns2:position>
                    <ns2:total>2511001.35</ns2:total>
                </ns2:positions>
            </ns2:performanceContractData>
        </ns2:item>
    </ns2:body>
</ns2:performanceContract>
