<?xml version="1.0" encoding="UTF-8" standalone="yes"?>
<ns2:performanceContract xsi:schemaLocation="http://zakupki.gov.ru/223/integration/schema/TFF-5.2 http://zakupki.gov.ru/223/integration/schema/TFF-5.2/Types.xsd" xmlns="http://zakupki.gov.ru/223fz/types/1" xmlns:ns10="http://zakupki.gov.ru/223fz/disagreementProtocol/1" xmlns:ns11="http://zakupki.gov.ru/223fz/purchase/1" xmlns:ns12="http://zakupki.gov.ru/223fz/machineryListInfo/1" xmlns:ns13="http://zakupki.gov.ru/223fz/revenue/1" xmlns:ns14="http://zakupki.gov.ru/223fz/orderClauseList/1" xmlns:ns15="http://zakupki.gov.ru/223fz/complaint/1" xmlns:ns16="http://zakupki.gov.ru/223fz/missedNotice/1" xmlns:ns17="http://zakupki.gov.ru/223fz/notificationIssue/1" xmlns:ns18="http://zakupki.gov.ru/223fz/purchasePlanProject/1" xmlns:ns19="http://zakupki.gov.ru/223fz/webRequest/1" xmlns:ns2="http://zakupki.gov.ru/223fz/contract/1" xmlns:xsi="http://www.w3.org/2001/XMLSchema-instance" xmlns:ns3="http://zakupki.gov.ru/223fz/dishonestSupplier/1" xmlns:ns4="http://zakupki.gov.ru/223fz/decisionSuspension/1" xmlns:ns5="http://zakupki.gov.ru/223fz/purchasePlanAdditionalPosition/1" xmlns:ns6="http://zakupki.gov.ru/223fz/purchasePlan/1" xmlns:ns7="http://zakupki.gov.ru/223fz/purchasePlanProjectAdditionalPosition/1" xmlns:ns8="http://zakupki.gov.ru/223fz/reference/1" xmlns:ns9="http://zakupki.gov.ru/223fz/stopCommodity/1">
    <header>
        <guid>fbc31010-806c-4549-aa47-030f9c9571cd</guid>
        <createDateTime>2017-03-30T14:08:29</createDateTime>
    </header>
    <ns2:body>
        <ns2:item>
            <guid>2b5d4ad1-5914-415e-ae90-322e9c815cd4</guid>
            <ns2:performanceContractData>
                <ns2:guid>40c2d162-886b-4c0c-a870-466343a7cc1e</ns2:guid>
                <ns2:registrationNumber>86660008631160000380273</ns2:registrationNumber>
                <ns2:urlOOS>https://zakupki.gov.ru/223/contract/private/completing/info/view.html?id=2667065</ns2:urlOOS>
                <ns2:createDateTime>2016-11-16T13:21:00</ns2:createDateTime>
                <ns2:customer>
                    <mainInfo>
                        <fullName>ФЕДЕРАЛЬНОЕ ГОСУДАРСТВЕННОЕ БЮДЖЕТНОЕ ОБРАЗОВАТЕЛЬНОЕ УЧРЕЖДЕНИЕ ВЫСШЕГО ОБРАЗОВАНИЯ "УРАЛЬСКИЙ ГОСУДАРСТВЕННЫЙ АГРАРНЫЙ УНИВЕРСИТЕТ"</fullName>
                        <shortName>ФГБОУ ВО УРАЛЬСКИЙ ГАУ</shortName>
                        <iko>86660008631667001001</iko>
                        <inn>6660008631</inn>
                        <kpp>667001001</kpp>
                        <ogrn>1036603485005</ogrn>
                        <legalAddress>620075, обл СВЕРДЛОВСКАЯ, г ЕКАТЕРИНБУРГ, ул КАРЛА ЛИБКНЕХТА, дом 42</legalAddress>
                        <postalAddress>620075 Свердловская обл. Екатернибург г.Карла Либкнехта ул .42</postalAddress>
                        <phone>8-343-2214147</phone>
                        <email>ogz5201@usaca.ru</email>
                        <okato>65401373000</okato>
                        <okpo>493528650001</okpo>
                    </mainInfo>
                </ns2:customer>
                <ns2:placer>
                    <mainInfo>
                        <fullName>ФЕДЕРАЛЬНОЕ ГОСУДАРСТВЕННОЕ БЮДЖЕТНОЕ ОБРАЗОВАТЕЛЬНОЕ УЧРЕЖДЕНИЕ ВЫСШЕГО ОБРАЗОВАНИЯ "УРАЛЬСКИЙ ГОСУДАРСТВЕННЫЙ АГРАРНЫЙ УНИВЕРСИТЕТ"</fullName>
                        <shortName>ФГБОУ ВО УРАЛЬСКИЙ ГАУ</shortName>
                        <iko>86660008631667001001</iko>
                        <inn>6660008631</inn>
                        <kpp>667001001</kpp>
                        <ogrn>1036603485005</ogrn>
                        <legalAddress>620075, обл СВЕРДЛОВСКАЯ, г ЕКАТЕРИНБУРГ, ул КАРЛА ЛИБКНЕХТА, дом 42</legalAddress>
                        <postalAddress>620075 Свердловская обл. Екатернибург г.Карла Либкнехта ул .42</postalAddress>
                        <phone>8-343-2214147</phone>
                        <email>ogz5201@usaca.ru</email>
                        <okato>65401373000</okato>
                        <okpo>493528650001</okpo>
                    </mainInfo>
                </ns2:placer>
                <ns2:publicationDate>2017-03-30T14:08:29</ns2:publicationDate>
                <ns2:status>P</ns2:status>
                <ns2:version>16</ns2:version>
                <ns2:completed>false</ns2:completed>
                <ns2:modificationDescription>Внесение сведений об исполнении договора</ns2:modificationDescription>
                <ns2:attachments>
                    <totalDocumentsCount>33</totalDocumentsCount>
                    <document>
                        <guid>662cc02d-356f-4faf-9d66-5a221cbafb1f</guid>
                        <createDateTime>2017-03-24T12:48:28</createDateTime>
                        <fileName>товарная накладная 17.pdf</fileName>
                        <description>товарная накладная 17</description>
                        <url>https://zakupki.gov.ru/223/contract/private/download/download.html?id=11737152</url>
                        <registrationNumber>86660008631160000380274</registrationNumber>
                    </document>
                    <document>
                        <guid>58a70efd-ec64-44df-b032-bb4627c0d29b</guid>
                        <createDateTime>2017-01-27T15:10:10</createDateTime>
                        <fileName>платежные поручения 4-5.docx</fileName>
                        <description>платежные поручения 4-5</description>
                        <url>https://zakupki.gov.ru/223/contract/private/download/download.html?id=11737153</url>
                        <registrationNumber>86660008631160000380275</registrationNumber>
                    </document>
                    <document>
                        <guid>04cba3e5-88ee-4675-9939-fdb5a3cff0f8</guid>
                        <createDateTime>2017-02-13T11:19:46</createDateTime>
                        <fileName>товарная накладная 10.docx</fileName>
                        <description>товарная накладная 10</description>
                        <url>https://zakupki.gov.ru/223/contract/private/download/download.html?id=11737154</url>
                        <registrationNumber>86660008631160000380276</registrationNumber>
                    </document>
                    <document>
                        <guid>4af383f9-b18e-47b7-a85e-f450165732cd</guid>
                        <createDateTime>2017-02-09T08:37:37</createDateTime>
                        <fileName>товарная накладная 9.docx</fileName>
                        <description>товарная накладная 9</description>
                        <url>https://zakupki.gov.ru/223/contract/private/download/download.html?id=11737155</url>
                        <registrationNumber>86660008631160000380277</registrationNumber>
                    </document>
                    <document>
                        <guid>76c7446b-7d2e-4963-b924-2c7b954d4c6d</guid>
                        <createDateTime>2017-03-02T09:18:27</createDateTime>
                        <fileName>платежное поручение 13.docx</fileName>
                        <description>платежное поручение 13</description>
                        <url>https://zakupki.gov.ru/223/contract/private/download/download.html?id=11737156</url>
                        <registrationNumber>86660008631160000380278</registrationNumber>
                    </document>
                    <document>
                        <guid>be43c276-45e5-452f-99bb-964adc8a6f6f</guid>
                        <createDateTime>2017-03-02T09:18:20</createDateTime>
                        <fileName>товарная накладаная 13.pdf</fileName>
                        <description>товарная накладаная 13</description>
                        <url>https://zakupki.gov.ru/223/contract/private/download/download.html?id=11737157</url>
                        <registrationNumber>86660008631160000380279</registrationNumber>
                    </document>
                    <document>
                        <guid>571dbd15-a689-4282-a92c-5f3df191dcfd</guid>
                        <createDateTime>2017-02-22T13:38:09</createDateTime>
                        <fileName>платежное поручение 12.docx</fileName>
                        <description>платежное поручение 12</description>
                        <url>https://zakupki.gov.ru/223/contract/private/download/download.html?id=11737158</url>
                        <registrationNumber>86660008631160000380280</registrationNumber>
                    </document>
                    <document>
                        <guid>838e4a16-1562-4bf7-8099-7816c7113b00</guid>
                        <createDateTime>2017-03-24T12:47:40</createDateTime>
                        <fileName>платежное поручение 17.docx</fileName>
                        <description>платежное поручение 17</description>
                        <url>https://zakupki.gov.ru/223/contract/private/download/download.html?id=11737159</url>
                        <registrationNumber>86660008631160000380281</registrationNumber>
                    </document>
                    <document>
                        <guid>08213971-24ed-427b-97e7-6efd17ed6a90</guid>
                        <createDateTime>2017-02-09T08:37:02</createDateTime>
                        <fileName>платежное поручение 9.docx</fileName>
                        <description>платежное поручение 9</description>
                        <url>https://zakupki.gov.ru/223/contract/private/download/download.html?id=11737160</url>
                        <registrationNumber>86660008631160000380282</registrationNumber>
                    </document>
                    <document>
                        <guid>6eccb428-b76f-4c32-83a1-8f68874a3ff0</guid>
                        <createDateTime>2017-02-06T15:13:44</createDateTime>
                        <fileName>платежное поручение 8.docx</fileName>
                        <description>платежное поручение 8</description>
                        <url>https://zakupki.gov.ru/223/contract/private/download/download.html?id=11737161</url>
                        <registrationNumber>86660008631160000380283</registrationNumber>
                    </document>
                    <document>
                        <guid>0b35f701-6b65-4c39-9f32-a315749e2262</guid>
                        <createDateTime>2016-12-26T16:11:44</createDateTime>
                        <fileName>платежное поручение 1.docx</fileName>
                        <description>платежное поручение 1</description>
                        <url>https://zakupki.gov.ru/223/contract/private/download/download.html?id=11737162</url>
                        <registrationNumber>86660008631160000380284</registrationNumber>
                    </document>
                    <document>
                        <guid>050e97ff-73bd-4e2d-a325-1ded423d95ec</guid>
                        <createDateTime>2016-12-26T16:11:55</createDateTime>
                        <fileName>товарная накладная 1.docx</fileName>
                        <description>товарная накладная 1</description>
                        <url>https://zakupki.gov.ru/223/contract/private/download/download.html?id=11737163</url>
                        <registrationNumber>86660008631160000380285</registrationNumber>
                    </document>
                    <document>
                        <guid>64cd9e2f-2c6a-4ecd-b98a-8815b6d5a72e</guid>
                        <createDateTime>2017-03-20T15:22:02</createDateTime>
                        <fileName>товарная накладная 16.pdf</fileName>
                        <description>товарная накладная 16</description>
                        <url>https://zakupki.gov.ru/223/contract/private/download/download.html?id=11737164</url>
                        <registrationNumber>86660008631160000380286</registrationNumber>
                    </document>
                    <document>
                        <guid>1f54b2de-988a-42bd-a238-51c6d89f0aaa</guid>
                        <createDateTime>2016-12-26T16:11:50</createDateTime>
                        <fileName>бухгалтерская справка.docx</fileName>
                        <description>бухгалтерская справка</description>
                        <url>https://zakupki.gov.ru/223/contract/private/download/download.html?id=11737165</url>
                        <registrationNumber>86660008631160000380287</registrationNumber>
                    </document>
                    <document>
                        <guid>8e6ebd3a-6d97-4755-bfdd-1ff34f2a929c</guid>
                        <createDateTime>2017-03-20T15:20:53</createDateTime>
                        <fileName>платежное поручение 16.docx</fileName>
                        <description>платежное поручение 16</description>
                        <url>https://zakupki.gov.ru/223/contract/private/download/download.html?id=11737166</url>
                        <registrationNumber>86660008631160000380288</registrationNumber>
                    </document>
                    <document>
                        <guid>e83d9c23-33c7-4984-a078-3eeeedb75ef7</guid>
                        <createDateTime>2017-02-01T15:05:09</createDateTime>
                        <fileName>платежные поручения 6-7.docx</fileName>
                        <description>платежные поручения 6-7</description>
                        <url>https://zakupki.gov.ru/223/contract/private/download/download.html?id=11737167</url>
                        <registrationNumber>86660008631160000380289</registrationNumber>
                    </document>
                    <document>
                        <guid>44659184-5993-47b1-91c8-29ec4eb9beba</guid>
                        <createDateTime>2017-01-27T15:10:19</createDateTime>
                        <fileName>товарные накладные 4-5.docx</fileName>
                        <description>товарные накладные 4-5</description>
                        <url>https://zakupki.gov.ru/223/contract/private/download/download.html?id=11737168</url>
                        <registrationNumber>86660008631160000380290</registrationNumber>
                    </document>
                    <document>
                        <guid>88db6582-a111-413e-b521-d799624e8f76</guid>
                        <createDateTime>2017-01-16T14:16:07</createDateTime>
                        <fileName>платежное поручение 2.docx</fileName>
                        <description>платежное поручение 2</description>
                        <url>https://zakupki.gov.ru/223/contract/private/download/download.html?id=11737169</url>
                        <registrationNumber>86660008631160000380291</registrationNumber>
                    </document>
                    <document>
                        <guid>371bfbe1-0056-4ff9-ac48-b5d13448df60</guid>
                        <createDateTime>2017-02-20T16:16:54</createDateTime>
                        <fileName>платежное поручение 11.docx</fileName>
                        <description>платежное поручение 11</description>
                        <url>https://zakupki.gov.ru/223/contract/private/download/download.html?id=11737170</url>
                        <registrationNumber>86660008631160000380292</registrationNumber>
                    </document>
                    <document>
                        <guid>8543e7e9-3d8c-445d-834b-d4835aced33e</guid>
                        <createDateTime>2017-01-20T12:10:30</createDateTime>
                        <fileName>платежное поручение 3.docx</fileName>
                        <description>платежное поручение 3</description>
                        <url>https://zakupki.gov.ru/223/contract/private/download/download.html?id=11737171</url>
                        <registrationNumber>86660008631160000380293</registrationNumber>
                    </document>
                    <document>
                        <guid>10af4931-83c7-4f04-8a36-eea4656fd346</guid>
                        <createDateTime>2017-03-09T14:28:15</createDateTime>
                        <fileName>платежное поручение 14.docx</fileName>
                        <description>платежное поручение 14</description>
                        <url>https://zakupki.gov.ru/223/contract/private/download/download.html?id=11737172</url>
                        <registrationNumber>86660008631160000380294</registrationNumber>
                    </document>
                    <document>
                        <guid>e9ced32c-8665-4c65-b87f-7735c270ca72</guid>
                        <createDateTime>2017-03-09T14:29:04</createDateTime>
                        <fileName>товарная накладная 14.pdf</fileName>
                        <description>товарная накладная 14</description>
                        <url>https://zakupki.gov.ru/223/contract/private/download/download.html?id=11737173</url>
                        <registrationNumber>86660008631160000380295</registrationNumber>
                    </document>
                    <document>
                        <guid>3e69bcfe-f842-42e4-b704-b031b404e8af</guid>
                        <createDateTime>2017-03-14T15:49:40</createDateTime>
                        <fileName>товарная накладная 15.pdf</fileName>
                        <description>товарная накладная 15</description>
                        <url>https://zakupki.gov.ru/223/contract/private/download/download.html?id=11737174</url>
                        <registrationNumber>86660008631160000380296</registrationNumber>
                    </document>
                    <document>
                        <guid>b53e2614-a5fb-44d3-a727-0968406fea12</guid>
                        <createDateTime>2017-02-06T15:13:51</createDateTime>
                        <fileName>товарная накладная 8.docx</fileName>
                        <description>товарная накладная 8</description>
                        <url>https://zakupki.gov.ru/223/contract/private/download/download.html?id=11737175</url>
                        <registrationNumber>86660008631160000380297</registrationNumber>
                    </document>
                    <document>
                        <guid>f1c0cc7e-1f10-4f65-b51e-b9471647fc15</guid>
                        <createDateTime>2017-03-30T13:59:28</createDateTime>
                        <fileName>платежное поручение 18.docx</fileName>
                        <description>платежное поручение 18</description>
                        <url>https://zakupki.gov.ru/223/contract/private/download/download.html?id=11737368</url>
                        <registrationNumber>86660008631160000380298</registrationNumber>
                    </document>
                    <document>
                        <guid>ac18095c-798b-464c-9559-b4341e4c905a</guid>
                        <createDateTime>2017-03-14T15:50:13</createDateTime>
                        <fileName>платежное поручение 15.docx</fileName>
                        <description>платежное поручение 15</description>
                        <url>https://zakupki.gov.ru/223/contract/private/download/download.html?id=11737176</url>
                        <registrationNumber>86660008631160000380299</registrationNumber>
                    </document>
                    <document>
                        <guid>b7e510cb-fb72-46e4-a15b-0b6fec925afb</guid>
                        <createDateTime>2017-02-13T11:19:41</createDateTime>
                        <fileName>платежное поручение 10.docx</fileName>
                        <description>платежное поручение 10</description>
                        <url>https://zakupki.gov.ru/223/contract/private/download/download.html?id=11737177</url>
                        <registrationNumber>86660008631160000380300</registrationNumber>
                    </document>
                    <document>
                        <guid>215c5bdc-80c0-42db-b157-2e6110473d84</guid>
                        <createDateTime>2017-01-16T14:16:15</createDateTime>
                        <fileName>товарная накладная 2.docx</fileName>
                        <description>товарная накладная 2</description>
                        <url>https://zakupki.gov.ru/223/contract/private/download/download.html?id=11737178</url>
                        <registrationNumber>86660008631160000380301</registrationNumber>
                    </document>
                    <document>
                        <guid>fee04f77-33bd-48d4-99f9-f2ce1b2f792f</guid>
                        <createDateTime>2017-02-20T16:16:59</createDateTime>
                        <fileName>товарная накладная 11.docx</fileName>
                        <description>товарная накладная 11</description>
                        <url>https://zakupki.gov.ru/223/contract/private/download/download.html?id=11737179</url>
                        <registrationNumber>86660008631160000380302</registrationNumber>
                    </document>
                    <document>
                        <guid>3e1d3351-b3c5-42b5-b314-bf028a24b6b1</guid>
                        <createDateTime>2017-02-22T13:38:27</createDateTime>
                        <fileName>товарная накладная 12.pdf</fileName>
                        <description>товарная накладная 12</description>
                        <url>https://zakupki.gov.ru/223/contract/private/download/download.html?id=11737180</url>
                        <registrationNumber>86660008631160000380303</registrationNumber>
                    </document>
                    <document>
                        <guid>26cf2535-ad69-402b-abc3-b41229e57be2</guid>
                        <createDateTime>2017-02-01T15:05:14</createDateTime>
                        <fileName>товарные накладные 6-7.docx</fileName>
                        <description>товарные накладные 6-7</description>
                        <url>https://zakupki.gov.ru/223/contract/private/download/download.html?id=11737181</url>
                        <registrationNumber>86660008631160000380304</registrationNumber>
                    </document>
                    <document>
                        <guid>4bff85a4-f92c-42aa-841c-a95aa7d31cf1</guid>
                        <createDateTime>2017-01-20T12:10:35</createDateTime>
                        <fileName>товарная накладная 3.docx</fileName>
                        <description>товарная накладная 3</description>
                        <url>https://zakupki.gov.ru/223/contract/private/download/download.html?id=11737182</url>
                        <registrationNumber>86660008631160000380305</registrationNumber>
                    </document>
                    <document>
                        <guid>9f304deb-7e36-4d07-b604-0332b4181ebc</guid>
                        <createDateTime>2017-03-30T13:59:37</createDateTime>
                        <fileName>товарная накладная 18.pdf</fileName>
                        <description>товарная накладная 18</description>
                        <url>https://zakupki.gov.ru/223/contract/private/download/download.html?id=11737378</url>
                        <registrationNumber>86660008631160000380306</registrationNumber>
                    </document>
                </ns2:attachments>
                <ns2:hasPenalty>false</ns2:hasPenalty>
                <ns2:contractRegNumber>86660008631160000380000</ns2:contractRegNumber>
                <ns2:contractInfo>
                    <ns2:guid>dc4de6b1-9fed-457e-9336-d77779c8c9bc</ns2:guid>
                    <ns2:name>307-ЕП</ns2:name>
                    <ns2:agencyName>ФГБОУ ВО УРАЛЬСКИЙ ГАУ</ns2:agencyName>
                    <ns2:supplierName>Общество с ограниченной ответственностю "АГРО-СТАР"</ns2:supplierName>
                    <ns2:lotInfo>Поставка продуктов питания</ns2:lotInfo>
                    <ns2:contractDate>2016-11-16</ns2:contractDate>
                </ns2:contractInfo>
                <ns2:positions>
                    <ns2:position>
                        <ns2:ordinal>10</ns2:ordinal>
                        <ns2:paymentDate>2017-02-09</ns2:paymentDate>
                        <ns2:price>5865</ns2:price>
                        <ns2:currency>
                            <code>RUB</code>
                            <digitalCode>643</digitalCode>
                            <name>Российский рубль</name>
                        </ns2:currency>
                        <ns2:rubPrice>5865</ns2:rubPrice>
                        <ns2:prepaid>false</ns2:prepaid>
                        <ns2:docs>
                            <ns2:doc>
                                <ns2:ordinal>1</ns2:ordinal>
                                <ns2:date>2017-01-30</ns2:date>
                                <ns2:code>01</ns2:code>
                                <ns2:name>товарная накладная</ns2:name>
                                <ns2:number>УТ-128</ns2:number>
                                <ns2:contractPosition>
                                    <ns2:guid>a8ff1323-afe6-4f2b-84f9-c72e29580d94</ns2:guid>
                                    <ns2:name>Овощи свежие, не включенные в другие группировки</ns2:name>
                                    <ns2:okpd2>
                                        <code>01.13.90.000</code>
                                        <name>Овощи свежие, не включенные в другие группировки</name>
                                    </ns2:okpd2>
                                </ns2:contractPosition>
                                <ns2:okei>
                                    <code>876</code>
                                    <name>Условная единица</name>
                                </ns2:okei>
                                <ns2:qty>1</ns2:qty>
                            </ns2:doc>
                        </ns2:docs>
                    </ns2:position>
                    <ns2:position>
                        <ns2:ordinal>1</ns2:ordinal>
                        <ns2:paymentDate>2016-12-22</ns2:paymentDate>
                        <ns2:price>10147.5</ns2:price>
                        <ns2:currency>
                            <code>RUB</code>
                            <digitalCode>643</digitalCode>
                            <name>Российский рубль</name>
                        </ns2:currency>
                        <ns2:rubPrice>10147.5</ns2:rubPrice>
                        <ns2:prepaid>false</ns2:prepaid>
                        <ns2:docs>
                            <ns2:doc>
                                <ns2:ordinal>1</ns2:ordinal>
                                <ns2:date>2016-11-25</ns2:date>
                                <ns2:code>01</ns2:code>
                                <ns2:name>товарная накладная</ns2:name>
                                <ns2:number>445</ns2:number>
                                <ns2:contractPosition>
                                    <ns2:guid>a8ff1323-afe6-4f2b-84f9-c72e29580d94</ns2:guid>
                                    <ns2:name>Овощи свежие, не включенные в другие группировки</ns2:name>
                                    <ns2:okpd2>
                                        <code>01.13.90.000</code>
                                        <name>Овощи свежие, не включенные в другие группировки</name>
                                    </ns2:okpd2>
                                </ns2:contractPosition>
                                <ns2:okei>
                                    <code>876</code>
                                    <name>Условная единица</name>
                                </ns2:okei>
                                <ns2:qty>1</ns2:qty>
                            </ns2:doc>
                        </ns2:docs>
                    </ns2:position>
                    <ns2:position>
                        <ns2:ordinal>8</ns2:ordinal>
                        <ns2:paymentDate>2017-02-03</ns2:paymentDate>
                        <ns2:price>6608.5</ns2:price>
                        <ns2:currency>
                            <code>RUB</code>
                            <digitalCode>643</digitalCode>
                            <name>Российский рубль</name>
                        </ns2:currency>
                        <ns2:rubPrice>6608.5</ns2:rubPrice>
                        <ns2:prepaid>false</ns2:prepaid>
                        <ns2:docs>
                            <ns2:doc>
                                <ns2:ordinal>1</ns2:ordinal>
                                <ns2:date>2017-01-16</ns2:date>
                                <ns2:code>01</ns2:code>
                                <ns2:name>товарная накладная</ns2:name>
                                <ns2:number>88</ns2:number>
                                <ns2:contractPosition>
                                    <ns2:guid>a8ff1323-afe6-4f2b-84f9-c72e29580d94</ns2:guid>
                                    <ns2:name>Овощи свежие, не включенные в другие группировки</ns2:name>
                                    <ns2:okpd2>
                                        <code>01.13.90.000</code>
                                        <name>Овощи свежие, не включенные в другие группировки</name>
                                    </ns2:okpd2>
                                </ns2:contractPosition>
                                <ns2:okei>
                                    <code>876</code>
                                    <name>Условная единица</name>
                                </ns2:okei>
                                <ns2:qty>1</ns2:qty>
                            </ns2:doc>
                        </ns2:docs>
                    </ns2:position>
                    <ns2:position>
                        <ns2:ordinal>6</ns2:ordinal>
                        <ns2:paymentDate>2017-01-31</ns2:paymentDate>
                        <ns2:price>7598</ns2:price>
                        <ns2:currency>
                            <code>RUB</code>
                            <digitalCode>643</digitalCode>
                            <name>Российский рубль</name>
                        </ns2:currency>
                        <ns2:rubPrice>7598</ns2:rubPrice>
                        <ns2:prepaid>false</ns2:prepaid>
                        <ns2:docs>
                            <ns2:doc>
                                <ns2:ordinal>1</ns2:ordinal>
                                <ns2:date>2017-01-09</ns2:date>
                                <ns2:code>01</ns2:code>
                                <ns2:name>товарная накладная</ns2:name>
                                <ns2:number>УТ-31</ns2:number>
                                <ns2:contractPosition>
                                    <ns2:guid>a8ff1323-afe6-4f2b-84f9-c72e29580d94</ns2:guid>
                                    <ns2:name>Овощи свежие, не включенные в другие группировки</ns2:name>
                                    <ns2:okpd2>
                                        <code>01.13.90.000</code>
                                        <name>Овощи свежие, не включенные в другие группировки</name>
                                    </ns2:okpd2>
                                </ns2:contractPosition>
                                <ns2:okei>
                                    <code>876</code>
                                    <name>Условная единица</name>
                                </ns2:okei>
                                <ns2:qty>1</ns2:qty>
                            </ns2:doc>
                        </ns2:docs>
                    </ns2:position>
                    <ns2:position>
                        <ns2:ordinal>2</ns2:ordinal>
                        <ns2:paymentDate>2017-01-13</ns2:paymentDate>
                        <ns2:price>7034</ns2:price>
                        <ns2:currency>
                            <code>RUB</code>
                            <digitalCode>643</digitalCode>
                            <name>Российский рубль</name>
                        </ns2:currency>
                        <ns2:rubPrice>7034</ns2:rubPrice>
                        <ns2:prepaid>false</ns2:prepaid>
                        <ns2:docs>
                            <ns2:doc>
                                <ns2:ordinal>1</ns2:ordinal>
                                <ns2:date>2016-12-05</ns2:date>
                                <ns2:code>01</ns2:code>
                                <ns2:name>товарная накладная</ns2:name>
                                <ns2:number>526</ns2:number>
                                <ns2:contractPosition>
                                    <ns2:guid>a8ff1323-afe6-4f2b-84f9-c72e29580d94</ns2:guid>
                                    <ns2:name>Овощи свежие, не включенные в другие группировки</ns2:name>
                                    <ns2:okpd2>
                                        <code>01.13.90.000</code>
                                        <name>Овощи свежие, не включенные в другие группировки</name>
                                    </ns2:okpd2>
                                </ns2:contractPosition>
                                <ns2:okei>
                                    <code>876</code>
                                    <name>Условная единица</name>
                                </ns2:okei>
                                <ns2:qty>1</ns2:qty>
                            </ns2:doc>
                        </ns2:docs>
                    </ns2:position>
                    <ns2:position>
                        <ns2:ordinal>3</ns2:ordinal>
                        <ns2:paymentDate>2017-01-18</ns2:paymentDate>
                        <ns2:price>13011</ns2:price>
                        <ns2:currency>
                            <code>RUB</code>
                            <digitalCode>643</digitalCode>
                            <name>Российский рубль</name>
                        </ns2:currency>
                        <ns2:rubPrice>13011</ns2:rubPrice>
                        <ns2:prepaid>false</ns2:prepaid>
                        <ns2:docs>
                            <ns2:doc>
                                <ns2:ordinal>1</ns2:ordinal>
                                <ns2:date>2016-12-12</ns2:date>
                                <ns2:code>01</ns2:code>
                                <ns2:name>товарная накладная</ns2:name>
                                <ns2:number>605</ns2:number>
                                <ns2:contractPosition>
                                    <ns2:guid>a8ff1323-afe6-4f2b-84f9-c72e29580d94</ns2:guid>
                                    <ns2:name>Овощи свежие, не включенные в другие группировки</ns2:name>
                                    <ns2:okpd2>
                                        <code>01.13.90.000</code>
                                        <name>Овощи свежие, не включенные в другие группировки</name>
                                    </ns2:okpd2>
                                </ns2:contractPosition>
                                <ns2:okei>
                                    <code>876</code>
                                    <name>Условная единица</name>
                                </ns2:okei>
                                <ns2:qty>1</ns2:qty>
                            </ns2:doc>
                        </ns2:docs>
                    </ns2:position>
                    <ns2:position>
                        <ns2:ordinal>5</ns2:ordinal>
                        <ns2:paymentDate>2017-01-25</ns2:paymentDate>
                        <ns2:price>2330</ns2:price>
                        <ns2:currency>
                            <code>RUB</code>
                            <digitalCode>643</digitalCode>
                            <name>Российский рубль</name>
                        </ns2:currency>
                        <ns2:rubPrice>2330</ns2:rubPrice>
                        <ns2:prepaid>false</ns2:prepaid>
                        <ns2:docs>
                            <ns2:doc>
                                <ns2:ordinal>1</ns2:ordinal>
                                <ns2:date>2016-12-23</ns2:date>
                                <ns2:code>01</ns2:code>
                                <ns2:name>товарная накладная</ns2:name>
                                <ns2:number>778</ns2:number>
                                <ns2:contractPosition>
                                    <ns2:guid>a8ff1323-afe6-4f2b-84f9-c72e29580d94</ns2:guid>
                                    <ns2:name>Овощи свежие, не включенные в другие группировки</ns2:name>
                                    <ns2:okpd2>
                                        <code>01.13.90.000</code>
                                        <name>Овощи свежие, не включенные в другие группировки</name>
                                    </ns2:okpd2>
                                </ns2:contractPosition>
                                <ns2:okei>
                                    <code>876</code>
                                    <name>Условная единица</name>
                                </ns2:okei>
                                <ns2:qty>1</ns2:qty>
                            </ns2:doc>
                        </ns2:docs>
                    </ns2:position>
                    <ns2:position>
                        <ns2:ordinal>4</ns2:ordinal>
                        <ns2:paymentDate>2017-01-25</ns2:paymentDate>
                        <ns2:price>8950</ns2:price>
                        <ns2:currency>
                            <code>RUB</code>
                            <digitalCode>643</digitalCode>
                            <name>Российский рубль</name>
                        </ns2:currency>
                        <ns2:rubPrice>8950</ns2:rubPrice>
                        <ns2:prepaid>false</ns2:prepaid>
                        <ns2:docs>
                            <ns2:doc>
                                <ns2:ordinal>1</ns2:ordinal>
                                <ns2:date>2016-12-20</ns2:date>
                                <ns2:code>01</ns2:code>
                                <ns2:name>товарная накладная</ns2:name>
                                <ns2:number>689</ns2:number>
                                <ns2:contractPosition>
                                    <ns2:guid>a8ff1323-afe6-4f2b-84f9-c72e29580d94</ns2:guid>
                                    <ns2:name>Овощи свежие, не включенные в другие группировки</ns2:name>
                                    <ns2:okpd2>
                                        <code>01.13.90.000</code>
                                        <name>Овощи свежие, не включенные в другие группировки</name>
                                    </ns2:okpd2>
                                </ns2:contractPosition>
                                <ns2:okei>
                                    <code>876</code>
                                    <name>Условная единица</name>
                                </ns2:okei>
                                <ns2:qty>1</ns2:qty>
                            </ns2:doc>
                        </ns2:docs>
                    </ns2:position>
                    <ns2:position>
                        <ns2:ordinal>7</ns2:ordinal>
                        <ns2:paymentDate>2017-01-31</ns2:paymentDate>
                        <ns2:price>3190</ns2:price>
                        <ns2:currency>
                            <code>RUB</code>
                            <digitalCode>643</digitalCode>
                            <name>Российский рубль</name>
                        </ns2:currency>
                        <ns2:rubPrice>3190</ns2:rubPrice>
                        <ns2:prepaid>false</ns2:prepaid>
                        <ns2:docs>
                            <ns2:doc>
                                <ns2:ordinal>1</ns2:ordinal>
                                <ns2:date>2016-12-27</ns2:date>
                                <ns2:code>01</ns2:code>
                                <ns2:name>товарная накладная</ns2:name>
                                <ns2:number>772</ns2:number>
                                <ns2:contractPosition>
                                    <ns2:guid>a8ff1323-afe6-4f2b-84f9-c72e29580d94</ns2:guid>
                                    <ns2:name>Овощи свежие, не включенные в другие группировки</ns2:name>
                                    <ns2:okpd2>
                                        <code>01.13.90.000</code>
                                        <name>Овощи свежие, не включенные в другие группировки</name>
                                    </ns2:okpd2>
                                </ns2:contractPosition>
                                <ns2:okei>
                                    <code>876</code>
                                    <name>Условная единица</name>
                                </ns2:okei>
                                <ns2:qty>1</ns2:qty>
                            </ns2:doc>
                        </ns2:docs>
                    </ns2:position>
                    <ns2:position>
                        <ns2:ordinal>9</ns2:ordinal>
                        <ns2:paymentDate>2017-02-07</ns2:paymentDate>
                        <ns2:price>10350</ns2:price>
                        <ns2:currency>
                            <code>RUB</code>
                            <digitalCode>643</digitalCode>
                            <name>Российский рубль</name>
                        </ns2:currency>
                        <ns2:rubPrice>10350</ns2:rubPrice>
                        <ns2:prepaid>false</ns2:prepaid>
                        <ns2:docs>
                            <ns2:doc>
                                <ns2:ordinal>1</ns2:ordinal>
                                <ns2:date>2017-01-24</ns2:date>
                                <ns2:code>01</ns2:code>
                                <ns2:name>товарная накладная</ns2:name>
                                <ns2:number>УТ-73</ns2:number>
                                <ns2:contractPosition>
                                    <ns2:guid>a8ff1323-afe6-4f2b-84f9-c72e29580d94</ns2:guid>
                                    <ns2:name>Овощи свежие, не включенные в другие группировки</ns2:name>
                                    <ns2:okpd2>
                                        <code>01.13.90.000</code>
                                        <name>Овощи свежие, не включенные в другие группировки</name>
                                    </ns2:okpd2>
                                </ns2:contractPosition>
                                <ns2:okei>
                                    <code>876</code>
                                    <name>Условная единица</name>
                                </ns2:okei>
                                <ns2:qty>1</ns2:qty>
                            </ns2:doc>
                        </ns2:docs>
                    </ns2:position>
                    <ns2:position>
                        <ns2:ordinal>12</ns2:ordinal>
                        <ns2:paymentDate>2017-02-21</ns2:paymentDate>
                        <ns2:price>3620</ns2:price>
                        <ns2:currency>
                            <code>RUB</code>
                            <digitalCode>643</digitalCode>
                            <name>Российский рубль</name>
                        </ns2:currency>
                        <ns2:rubPrice>3620</ns2:rubPrice>
                        <ns2:prepaid>false</ns2:prepaid>
                        <ns2:docs>
                            <ns2:doc>
                                <ns2:ordinal>1</ns2:ordinal>
                                <ns2:date>2017-02-13</ns2:date>
                                <ns2:code>01</ns2:code>
                                <ns2:name>товарная накладная</ns2:name>
                                <ns2:number>УТ-241</ns2:number>
                                <ns2:contractPosition>
                                    <ns2:guid>a8ff1323-afe6-4f2b-84f9-c72e29580d94</ns2:guid>
                                    <ns2:name>Овощи свежие, не включенные в другие группировки</ns2:name>
                                    <ns2:okpd2>
                                        <code>01.13.90.000</code>
                                        <name>Овощи свежие, не включенные в другие группировки</name>
                                    </ns2:okpd2>
                                </ns2:contractPosition>
                                <ns2:okei>
                                    <code>876</code>
                                    <name>Условная единица</name>
                                </ns2:okei>
                                <ns2:qty>1</ns2:qty>
                            </ns2:doc>
                        </ns2:docs>
                    </ns2:position>
                    <ns2:position>
                        <ns2:ordinal>11</ns2:ordinal>
                        <ns2:paymentDate>2017-02-17</ns2:paymentDate>
                        <ns2:price>8835</ns2:price>
                        <ns2:currency>
                            <code>RUB</code>
                            <digitalCode>643</digitalCode>
                            <name>Российский рубль</name>
                        </ns2:currency>
                        <ns2:rubPrice>8835</ns2:rubPrice>
                        <ns2:prepaid>false</ns2:prepaid>
                        <ns2:docs>
                            <ns2:doc>
                                <ns2:ordinal>1</ns2:ordinal>
                                <ns2:date>2017-02-06</ns2:date>
                                <ns2:code>01</ns2:code>
                                <ns2:name>товарная накладная</ns2:name>
                                <ns2:number>УТ-173</ns2:number>
                                <ns2:contractPosition>
                                    <ns2:guid>a8ff1323-afe6-4f2b-84f9-c72e29580d94</ns2:guid>
                                    <ns2:name>Овощи свежие, не включенные в другие группировки</ns2:name>
                                    <ns2:okpd2>
                                        <code>01.13.90.000</code>
                                        <name>Овощи свежие, не включенные в другие группировки</name>
                                    </ns2:okpd2>
                                </ns2:contractPosition>
                                <ns2:okei>
                                    <code>876</code>
                                    <name>Условная единица</name>
                                </ns2:okei>
                                <ns2:qty>1</ns2:qty>
                            </ns2:doc>
                        </ns2:docs>
                    </ns2:position>
                    <ns2:position>
                        <ns2:ordinal>13</ns2:ordinal>
                        <ns2:paymentDate>2017-02-28</ns2:paymentDate>
                        <ns2:price>5222.5</ns2:price>
                        <ns2:currency>
                            <code>RUB</code>
                            <digitalCode>643</digitalCode>
                            <name>Российский рубль</name>
                        </ns2:currency>
                        <ns2:rubPrice>5222.5</ns2:rubPrice>
                        <ns2:prepaid>false</ns2:prepaid>
                        <ns2:docs>
                            <ns2:doc>
                                <ns2:ordinal>1</ns2:ordinal>
                                <ns2:date>2017-02-15</ns2:date>
                                <ns2:code>01</ns2:code>
                                <ns2:name>товарная накладная</ns2:name>
                                <ns2:number>УТ-283</ns2:number>
                                <ns2:contractPosition>
                                    <ns2:guid>a8ff1323-afe6-4f2b-84f9-c72e29580d94</ns2:guid>
                                    <ns2:name>Овощи свежие, не включенные в другие группировки</ns2:name>
                                    <ns2:okpd2>
                                        <code>01.13.90.000</code>
                                        <name>Овощи свежие, не включенные в другие группировки</name>
                                    </ns2:okpd2>
                                </ns2:contractPosition>
                                <ns2:okei>
                                    <code>876</code>
                                    <name>Условная единица</name>
                                </ns2:okei>
                                <ns2:qty>1</ns2:qty>
                            </ns2:doc>
                        </ns2:docs>
                    </ns2:position>
                    <ns2:position>
                        <ns2:ordinal>14</ns2:ordinal>
                        <ns2:paymentDate>2017-03-07</ns2:paymentDate>
                        <ns2:price>11390</ns2:price>
                        <ns2:currency>
                            <code>RUB</code>
                            <digitalCode>643</digitalCode>
                            <name>Российский рубль</name>
                        </ns2:currency>
                        <ns2:rubPrice>11390</ns2:rubPrice>
                        <ns2:prepaid>false</ns2:prepaid>
                        <ns2:docs>
                            <ns2:doc>
                                <ns2:ordinal>1</ns2:ordinal>
                                <ns2:date>2017-02-27</ns2:date>
                                <ns2:code>01</ns2:code>
                                <ns2:name>товарная накладная</ns2:name>
                                <ns2:number>УТ-344</ns2:number>
                                <ns2:contractPosition>
                                    <ns2:guid>a8ff1323-afe6-4f2b-84f9-c72e29580d94</ns2:guid>
                                    <ns2:name>Овощи свежие, не включенные в другие группировки</ns2:name>
                                    <ns2:okpd2>
                                        <code>01.13.90.000</code>
                                        <name>Овощи свежие, не включенные в другие группировки</name>
                                    </ns2:okpd2>
                                </ns2:contractPosition>
                                <ns2:okei>
                                    <code>876</code>
                                    <name>Условная единица</name>
                                </ns2:okei>
                                <ns2:qty>1</ns2:qty>
                            </ns2:doc>
                        </ns2:docs>
                    </ns2:position>
                    <ns2:position>
                        <ns2:ordinal>15</ns2:ordinal>
                        <ns2:paymentDate>2017-03-13</ns2:paymentDate>
                        <ns2:price>420</ns2:price>
                        <ns2:currency>
                            <code>RUB</code>
                            <digitalCode>643</digitalCode>
                            <name>Российский рубль</name>
                        </ns2:currency>
                        <ns2:rubPrice>420</ns2:rubPrice>
                        <ns2:prepaid>false</ns2:prepaid>
                        <ns2:docs>
                            <ns2:doc>
                                <ns2:ordinal>1</ns2:ordinal>
                                <ns2:date>2017-03-03</ns2:date>
                                <ns2:code>01</ns2:code>
                                <ns2:name>товарная накладная</ns2:name>
                                <ns2:number>УТ-442</ns2:number>
                                <ns2:contractPosition>
                                    <ns2:guid>a8ff1323-afe6-4f2b-84f9-c72e29580d94</ns2:guid>
                                    <ns2:name>Овощи свежие, не включенные в другие группировки</ns2:name>
                                    <ns2:okpd2>
                                        <code>01.13.90.000</code>
                                        <name>Овощи свежие, не включенные в другие группировки</name>
                                    </ns2:okpd2>
                                </ns2:contractPosition>
                                <ns2:okei>
                                    <code>876</code>
                                    <name>Условная единица</name>
                                </ns2:okei>
                                <ns2:qty>1</ns2:qty>
                            </ns2:doc>
                        </ns2:docs>
                    </ns2:position>
                    <ns2:position>
                        <ns2:ordinal>16</ns2:ordinal>
                        <ns2:paymentDate>2017-03-17</ns2:paymentDate>
                        <ns2:price>6160</ns2:price>
                        <ns2:currency>
                            <code>RUB</code>
                            <digitalCode>643</digitalCode>
                            <name>Российский рубль</name>
                        </ns2:currency>
                        <ns2:rubPrice>6160</ns2:rubPrice>
                        <ns2:prepaid>false</ns2:prepaid>
                        <ns2:docs>
                            <ns2:doc>
                                <ns2:ordinal>1</ns2:ordinal>
                                <ns2:date>2017-03-06</ns2:date>
                                <ns2:code>01</ns2:code>
                                <ns2:name>товарная накладная</ns2:name>
                                <ns2:number>УТ-428</ns2:number>
                                <ns2:contractPosition>
                                    <ns2:guid>a8ff1323-afe6-4f2b-84f9-c72e29580d94</ns2:guid>
                                    <ns2:name>Овощи свежие, не включенные в другие группировки</ns2:name>
                                    <ns2:okpd2>
                                        <code>01.13.90.000</code>
                                        <name>Овощи свежие, не включенные в другие группировки</name>
                                    </ns2:okpd2>
                                </ns2:contractPosition>
                                <ns2:okei>
                                    <code>876</code>
                                    <name>Условная единица</name>
                                </ns2:okei>
                                <ns2:qty>1</ns2:qty>
                            </ns2:doc>
                        </ns2:docs>
                    </ns2:position>
                    <ns2:position>
                        <ns2:ordinal>17</ns2:ordinal>
                        <ns2:paymentDate>2017-03-23</ns2:paymentDate>
                        <ns2:price>5600</ns2:price>
                        <ns2:currency>
                            <code>RUB</code>
                            <digitalCode>643</digitalCode>
                            <name>Российский рубль</name>
                        </ns2:currency>
                        <ns2:rubPrice>5600</ns2:rubPrice>
                        <ns2:prepaid>false</ns2:prepaid>
                        <ns2:docs>
                            <ns2:doc>
                                <ns2:ordinal>1</ns2:ordinal>
                                <ns2:date>2017-03-09</ns2:date>
                                <ns2:code>01</ns2:code>
                                <ns2:name>товарная накладная</ns2:name>
                                <ns2:number>УТ-487</ns2:number>
                                <ns2:contractPosition>
                                    <ns2:guid>a8ff1323-afe6-4f2b-84f9-c72e29580d94</ns2:guid>
                                    <ns2:name>Овощи свежие, не включенные в другие группировки</ns2:name>
                                    <ns2:okpd2>
                                        <code>01.13.90.000</code>
                                        <name>Овощи свежие, не включенные в другие группировки</name>
                                    </ns2:okpd2>
                                </ns2:contractPosition>
                                <ns2:okei>
                                    <code>876</code>
                                    <name>Условная единица</name>
                                </ns2:okei>
                                <ns2:qty>1</ns2:qty>
                            </ns2:doc>
                        </ns2:docs>
                    </ns2:position>
                    <ns2:position>
                        <ns2:ordinal>18</ns2:ordinal>
                        <ns2:paymentDate>2017-03-29</ns2:paymentDate>
                        <ns2:price>13652.5</ns2:price>
                        <ns2:currency>
                            <code>RUB</code>
                            <digitalCode>643</digitalCode>
                            <name>Российский рубль</name>
                        </ns2:currency>
                        <ns2:rubPrice>13652.5</ns2:rubPrice>
                        <ns2:prepaid>false</ns2:prepaid>
                        <ns2:docs>
                            <ns2:doc>
                                <ns2:ordinal>1</ns2:ordinal>
                                <ns2:date>2017-03-20</ns2:date>
                                <ns2:code>01</ns2:code>
                                <ns2:name>товарная накладная</ns2:name>
                                <ns2:number>УТ-555</ns2:number>
                                <ns2:contractPosition>
                                    <ns2:guid>a8ff1323-afe6-4f2b-84f9-c72e29580d94</ns2:guid>
                                    <ns2:name>Овощи свежие, не включенные в другие группировки</ns2:name>
                                    <ns2:okpd2>
                                        <code>01.13.90.000</code>
                                        <name>Овощи свежие, не включенные в другие группировки</name>
                                    </ns2:okpd2>
                                </ns2:contractPosition>
                                <ns2:okei>
                                    <code>876</code>
                                    <name>Условная единица</name>
                                </ns2:okei>
                                <ns2:qty>1</ns2:qty>
                            </ns2:doc>
                        </ns2:docs>
                    </ns2:position>
                    <ns2:total>129984.0</ns2:total>
                </ns2:positions>
            </ns2:performanceContractData>
        </ns2:item>
    </ns2:body>
</ns2:performanceContract>
