<?xml version="1.0" encoding="UTF-8" standalone="yes"?>
<ns2:contractCancellation xsi:schemaLocation="http://zakupki.gov.ru/223/integration/schema/TFF-5.2 http://zakupki.gov.ru/223/integration/schema/TFF-5.2/Types.xsd" xmlns="http://zakupki.gov.ru/223fz/types/1" xmlns:ns10="http://zakupki.gov.ru/223fz/disagreementProtocol/1" xmlns:ns11="http://zakupki.gov.ru/223fz/purchase/1" xmlns:ns12="http://zakupki.gov.ru/223fz/machineryListInfo/1" xmlns:ns13="http://zakupki.gov.ru/223fz/revenue/1" xmlns:ns14="http://zakupki.gov.ru/223fz/orderClauseList/1" xmlns:ns15="http://zakupki.gov.ru/223fz/complaint/1" xmlns:ns16="http://zakupki.gov.ru/223fz/missedNotice/1" xmlns:ns17="http://zakupki.gov.ru/223fz/notificationIssue/1" xmlns:ns18="http://zakupki.gov.ru/223fz/purchasePlanProject/1" xmlns:ns19="http://zakupki.gov.ru/223fz/webRequest/1" xmlns:ns2="http://zakupki.gov.ru/223fz/contract/1" xmlns:xsi="http://www.w3.org/2001/XMLSchema-instance" xmlns:ns3="http://zakupki.gov.ru/223fz/dishonestSupplier/1" xmlns:ns4="http://zakupki.gov.ru/223fz/decisionSuspension/1" xmlns:ns5="http://zakupki.gov.ru/223fz/purchasePlanAdditionalPosition/1" xmlns:ns6="http://zakupki.gov.ru/223fz/purchasePlan/1" xmlns:ns7="http://zakupki.gov.ru/223fz/purchasePlanProjectAdditionalPosition/1" xmlns:ns8="http://zakupki.gov.ru/223fz/reference/1" xmlns:ns9="http://zakupki.gov.ru/223fz/stopCommodity/1">
    <header>
        <guid>e623209f-965f-43e4-bcb0-867c19063ec3</guid>
        <createDateTime>2017-03-30T13:47:40</createDateTime>
    </header>
    <ns2:body>
        <ns2:item>
            <guid>29e6083e-aa8f-4f9f-a0fc-53cc74e1b7f1</guid>
            <ns2:contractCancellationData>
                <ns2:guid>4a34e38f-b031-4ac6-9f11-6edbf786f438</ns2:guid>
                <ns2:registrationNumber>56630011757160000070003</ns2:registrationNumber>
                <ns2:urlOOS>https://zakupki.gov.ru/223/contract/private/completing/info/view.html?id=2666945</ns2:urlOOS>
                <ns2:createDateTime>2017-03-30T13:47:20</ns2:createDateTime>
                <ns2:customer>
                    <mainInfo>
                        <fullName>Муниципальное автономное дошкольное образовательное учреждение "Детский сад № 30 "Жемчужина" комбинированного вида"</fullName>
                        <shortName>МАДОУ "Детский сад № 30 "Жемчужина"</shortName>
                        <iko>56630011757663001001</iko>
                        <inn>6630011757</inn>
                        <kpp>663001001</kpp>
                        <ogrn>1076630000501</ogrn>
                        <legalAddress>624205, Свердловская, Лесной, Ленина, дом 126</legalAddress>
                        <postalAddress>624205 Свердловская область, г.Лесной, ул.Ленина, 126.</postalAddress>
                        <phone>7-34342-46420</phone>
                        <email>dou30@edu.lesnoy.ru</email>
                        <okato>65542000000</okato>
                        <okpo>81787045</okpo>
                    </mainInfo>
                </ns2:customer>
                <ns2:placer>
                    <mainInfo>
                        <fullName>Муниципальное автономное дошкольное образовательное учреждение "Детский сад № 30 "Жемчужина" комбинированного вида"</fullName>
                        <shortName>МАДОУ "Детский сад № 30 "Жемчужина"</shortName>
                        <iko>56630011757663001001</iko>
                        <inn>6630011757</inn>
                        <kpp>663001001</kpp>
                        <ogrn>1076630000501</ogrn>
                        <legalAddress>624205, Свердловская, Лесной, Ленина, дом 126</legalAddress>
                        <postalAddress>624205 Свердловская область, г.Лесной, ул.Ленина, 126.</postalAddress>
                        <phone>7-34342-46420</phone>
                        <email>dou30@edu.lesnoy.ru</email>
                        <okato>65542000000</okato>
                        <okpo>81787045</okpo>
                    </mainInfo>
                </ns2:placer>
                <ns2:publicationDate>2017-03-30T13:47:40</ns2:publicationDate>
                <ns2:status>P</ns2:status>
                <ns2:version>1</ns2:version>
                <ns2:attachments>
                    <totalDocumentsCount>1</totalDocumentsCount>
                    <document>
                        <guid>89780438-58eb-4b2a-bb42-aa9c61eb4585</guid>
                        <createDateTime>2017-03-30T13:47:14</createDateTime>
                        <fileName>Доп соглашение к договору элснаб.PDF</fileName>
                        <description>Доп соглашение к договору элснаб</description>
                        <url>https://zakupki.gov.ru/223/contract/private/download/download.html?id=11736465</url>
                        <registrationNumber>56630011757160000070004</registrationNumber>
                    </document>
                </ns2:attachments>
                <ns2:hasPenalty>false</ns2:hasPenalty>
                <ns2:contractRegNumber>56630011757160000070000</ns2:contractRegNumber>
                <ns2:contractInfo>
                    <ns2:guid>4ea480dd-6948-490a-8dab-86349996df26</ns2:guid>
                    <ns2:name>45043</ns2:name>
                    <ns2:agencyName>МАДОУ "Детский сад № 30 "Жемчужина"</ns2:agencyName>
                    <ns2:supplierName>ОТКРЫТОЕ АКЦИОНЕРНОЕ ОБЩЕСТВО "ЭНЕРГОСБЫТ ПЛЮС"</ns2:supplierName>
                    <ns2:lotInfo>Продажа элекрической энергии (мощности)</ns2:lotInfo>
                    <ns2:contractDate>2016-02-18</ns2:contractDate>
                </ns2:contractInfo>
                <ns2:baseContractCancellationCode>1</ns2:baseContractCancellationCode>
                <ns2:baseContractCancellationName>Соглашение сторон</ns2:baseContractCancellationName>
                <ns2:baseRejectionDocCode>11</ns2:baseRejectionDocCode>
                <ns2:baseRejectionDocName>Дополнительное соглашение к договору</ns2:baseRejectionDocName>
                <ns2:completionDate>2017-03-30T00:00:00</ns2:completionDate>
                <ns2:baseRejectionDocDate>2017-03-30</ns2:baseRejectionDocDate>
            </ns2:contractCancellationData>
        </ns2:item>
    </ns2:body>
</ns2:contractCancellation>
