<?xml version="1.0" encoding="UTF-8" standalone="yes"?>
<ns2:performanceContract xsi:schemaLocation="http://zakupki.gov.ru/223/integration/schema/TFF-5.2 http://zakupki.gov.ru/223/integration/schema/TFF-5.2/Types.xsd" xmlns="http://zakupki.gov.ru/223fz/types/1" xmlns:ns10="http://zakupki.gov.ru/223fz/disagreementProtocol/1" xmlns:ns11="http://zakupki.gov.ru/223fz/purchase/1" xmlns:ns12="http://zakupki.gov.ru/223fz/machineryListInfo/1" xmlns:ns13="http://zakupki.gov.ru/223fz/revenue/1" xmlns:ns14="http://zakupki.gov.ru/223fz/orderClauseList/1" xmlns:ns15="http://zakupki.gov.ru/223fz/complaint/1" xmlns:ns16="http://zakupki.gov.ru/223fz/missedNotice/1" xmlns:ns17="http://zakupki.gov.ru/223fz/notificationIssue/1" xmlns:ns18="http://zakupki.gov.ru/223fz/purchasePlanProject/1" xmlns:ns19="http://zakupki.gov.ru/223fz/webRequest/1" xmlns:ns2="http://zakupki.gov.ru/223fz/contract/1" xmlns:xsi="http://www.w3.org/2001/XMLSchema-instance" xmlns:ns3="http://zakupki.gov.ru/223fz/dishonestSupplier/1" xmlns:ns4="http://zakupki.gov.ru/223fz/decisionSuspension/1" xmlns:ns5="http://zakupki.gov.ru/223fz/purchasePlanAdditionalPosition/1" xmlns:ns6="http://zakupki.gov.ru/223fz/purchasePlan/1" xmlns:ns7="http://zakupki.gov.ru/223fz/purchasePlanProjectAdditionalPosition/1" xmlns:ns8="http://zakupki.gov.ru/223fz/reference/1" xmlns:ns9="http://zakupki.gov.ru/223fz/stopCommodity/1">
    <header>
        <guid>021c3199-1843-4b89-903a-4f098bf4eac8</guid>
        <createDateTime>2017-03-30T15:25:14</createDateTime>
    </header>
    <ns2:body>
        <ns2:item>
            <guid>22eb05e3-9b64-4859-aa65-804d70c5533c</guid>
            <ns2:performanceContractData>
                <ns2:guid>99910488-f8b4-4259-b9ee-27ec5983e67f</ns2:guid>
                <ns2:registrationNumber>56625007956160000940003</ns2:registrationNumber>
                <ns2:urlOOS>https://zakupki.gov.ru/223/contract/private/completing/info/view.html?id=2668282</ns2:urlOOS>
                <ns2:createDateTime>2016-12-30T17:32:21</ns2:createDateTime>
                <ns2:customer>
                    <mainInfo>
                        <fullName>ГОСУДАРСТВЕННОЕ АВТОНОМНОЕ СТАЦИОНАРНОЕ УЧРЕЖДЕНИЕ СОЦИАЛЬНОГО ОБСЛУЖИВАНИЯ НАСЕЛЕНИЯ СВЕРДЛОВСКОЙ ОБЛАСТИ "ПЕРВОУРАЛЬСКИЙ ПСИХОНЕВРОЛОГИЧЕСКИЙ ИНТЕРНАТ"</fullName>
                        <shortName>ГАУ "ПЕРВОУРАЛЬСКИЙ ПНИ"</shortName>
                        <iko>56625007956662501001</iko>
                        <inn>6625007956</inn>
                        <kpp>662501001</kpp>
                        <ogrn>1026601507514</ogrn>
                        <legalAddress>623103, ОБЛ СВЕРДЛОВСКАЯ, Г ПЕРВОУРАЛЬСК, УЛ КРЫЛОВА, дом 98</legalAddress>
                        <postalAddress>623103, Свердловская Область, Первоуральск Город, Крылова Улица, дом 98</postalAddress>
                        <phone>7-3439-625238</phone>
                        <fax>7-3439-635238</fax>
                        <email>prv-su@gov66.ru</email>
                        <okato>65480000000</okato>
                        <okpo>03157676</okpo>
                    </mainInfo>
                </ns2:customer>
                <ns2:placer>
                    <mainInfo>
                        <fullName>ГОСУДАРСТВЕННОЕ АВТОНОМНОЕ СТАЦИОНАРНОЕ УЧРЕЖДЕНИЕ СОЦИАЛЬНОГО ОБСЛУЖИВАНИЯ НАСЕЛЕНИЯ СВЕРДЛОВСКОЙ ОБЛАСТИ "ПЕРВОУРАЛЬСКИЙ ПСИХОНЕВРОЛОГИЧЕСКИЙ ИНТЕРНАТ"</fullName>
                        <shortName>ГАУ "ПЕРВОУРАЛЬСКИЙ ПНИ"</shortName>
                        <iko>56625007956662501001</iko>
                        <inn>6625007956</inn>
                        <kpp>662501001</kpp>
                        <ogrn>1026601507514</ogrn>
                        <legalAddress>623103, ОБЛ СВЕРДЛОВСКАЯ, Г ПЕРВОУРАЛЬСК, УЛ КРЫЛОВА, дом 98</legalAddress>
                        <postalAddress>623103, Свердловская Область, Первоуральск Город, Крылова Улица, дом 98</postalAddress>
                        <phone>7-3439-625238</phone>
                        <fax>7-3439-635238</fax>
                        <email>prv-su@gov66.ru</email>
                        <okato>65480000000</okato>
                        <okpo>03157676</okpo>
                    </mainInfo>
                </ns2:placer>
                <ns2:publicationDate>2017-03-30T15:25:14</ns2:publicationDate>
                <ns2:status>P</ns2:status>
                <ns2:version>1</ns2:version>
                <ns2:completed>true</ns2:completed>
                <ns2:attachments>
                    <totalDocumentsCount>1</totalDocumentsCount>
                    <document>
                        <guid>4924ae47-ca7e-4459-8efc-3a6526a3a48a</guid>
                        <createDateTime>2017-03-30T15:25:02</createDateTime>
                        <fileName>Реестр платежей по договору 108-ЗК от 30.12.2016.pdf</fileName>
                        <description>Реестр платежей по договору 108-ЗК от 30.12.2016</description>
                        <url>https://zakupki.gov.ru/223/contract/private/download/download.html?id=11743080</url>
                        <registrationNumber>56625007956160000940004</registrationNumber>
                    </document>
                </ns2:attachments>
                <ns2:hasPenalty>false</ns2:hasPenalty>
                <ns2:contractRegNumber>56625007956160000940000</ns2:contractRegNumber>
                <ns2:contractInfo>
                    <ns2:guid>63d02adc-260c-4ace-9457-b3c8cfa25c1e</ns2:guid>
                    <ns2:name>108-ЗК</ns2:name>
                    <ns2:agencyName>ГАУ "ПЕРВОУРАЛЬСКИЙ ПНИ"</ns2:agencyName>
                    <ns2:supplierName>ОБЩЕСТВО С ОГРАНИЧЕННОЙ ОТВЕТСТВЕННОСТЬЮ "СЕРВИСПРОДУКТ"</ns2:supplierName>
                    <ns2:lotInfo>Поставка рыбы свежемороженой</ns2:lotInfo>
                    <ns2:contractDate>2016-12-30</ns2:contractDate>
                </ns2:contractInfo>
                <ns2:positions>
                    <ns2:position>
                        <ns2:ordinal>1</ns2:ordinal>
                        <ns2:paymentDate>2017-03-24</ns2:paymentDate>
                        <ns2:price>181247</ns2:price>
                        <ns2:currency>
                            <code>RUB</code>
                            <digitalCode>643</digitalCode>
                            <name>Российский рубль</name>
                        </ns2:currency>
                        <ns2:rubPrice>181247</ns2:rubPrice>
                        <ns2:prepaid>false</ns2:prepaid>
                        <ns2:docs>
                            <ns2:doc>
                                <ns2:ordinal>1</ns2:ordinal>
                                <ns2:code>19</ns2:code>
                                <ns2:name>счет-фактура</ns2:name>
                                <ns2:contractPosition>
                                    <ns2:guid>03484ef3-157a-49c5-a857-56ab5f646569</ns2:guid>
                                    <ns2:name>Рыба морская мороженая (кроме сельди)</ns2:name>
                                    <ns2:okpd2>
                                        <code>10.20.13.122</code>
                                        <name>Рыба морская мороженая (кроме сельди)</name>
                                    </ns2:okpd2>
                                </ns2:contractPosition>
                                <ns2:okei>
                                    <code>166</code>
                                    <name>Килограмм</name>
                                </ns2:okei>
                                <ns2:qty>480</ns2:qty>
                            </ns2:doc>
                            <ns2:doc>
                                <ns2:ordinal>2</ns2:ordinal>
                                <ns2:code>19</ns2:code>
                                <ns2:name>счет-фактура</ns2:name>
                                <ns2:contractPosition>
                                    <ns2:guid>1743850d-b0e2-480c-ae36-1c6b54f6ecdc</ns2:guid>
                                    <ns2:name>Сельдь мороженая</ns2:name>
                                    <ns2:okpd2>
                                        <code>10.20.13.121</code>
                                        <name>Сельдь мороженая</name>
                                    </ns2:okpd2>
                                </ns2:contractPosition>
                                <ns2:okei>
                                    <code>166</code>
                                    <name>Килограмм</name>
                                </ns2:okei>
                                <ns2:qty>466</ns2:qty>
                            </ns2:doc>
                            <ns2:doc>
                                <ns2:ordinal>3</ns2:ordinal>
                                <ns2:code>19</ns2:code>
                                <ns2:name>счет-фактура</ns2:name>
                                <ns2:contractPosition>
                                    <ns2:guid>c907a6ef-2628-436a-a990-d1e700f6e9ae</ns2:guid>
                                    <ns2:name>Рыба морская мороженая (кроме сельди)</ns2:name>
                                    <ns2:okpd2>
                                        <code>10.20.13.122</code>
                                        <name>Рыба морская мороженая (кроме сельди)</name>
                                    </ns2:okpd2>
                                </ns2:contractPosition>
                                <ns2:okei>
                                    <code>166</code>
                                    <name>Килограмм</name>
                                </ns2:okei>
                                <ns2:qty>400</ns2:qty>
                            </ns2:doc>
                            <ns2:doc>
                                <ns2:ordinal>4</ns2:ordinal>
                                <ns2:code>19</ns2:code>
                                <ns2:name>счет-фактура</ns2:name>
                                <ns2:contractPosition>
                                    <ns2:guid>547e3112-26d8-40ec-be2a-f234422e2595</ns2:guid>
                                    <ns2:name>Рыба морская мороженая (кроме сельди)</ns2:name>
                                    <ns2:okpd2>
                                        <code>10.20.13.122</code>
                                        <name>Рыба морская мороженая (кроме сельди)</name>
                                    </ns2:okpd2>
                                </ns2:contractPosition>
                                <ns2:okei>
                                    <code>166</code>
                                    <name>Килограмм</name>
                                </ns2:okei>
                                <ns2:qty>400</ns2:qty>
                            </ns2:doc>
                        </ns2:docs>
                    </ns2:position>
                    <ns2:total>181247</ns2:total>
                </ns2:positions>
            </ns2:performanceContractData>
        </ns2:item>
    </ns2:body>
</ns2:performanceContract>
