<?xml version="1.0" encoding="UTF-8" standalone="yes"?>
<ns2:performanceContract xsi:schemaLocation="http://zakupki.gov.ru/223/integration/schema/TFF-5.2 http://zakupki.gov.ru/223/integration/schema/TFF-5.2/Types.xsd" xmlns="http://zakupki.gov.ru/223fz/types/1" xmlns:ns10="http://zakupki.gov.ru/223fz/disagreementProtocol/1" xmlns:ns11="http://zakupki.gov.ru/223fz/purchase/1" xmlns:ns12="http://zakupki.gov.ru/223fz/machineryListInfo/1" xmlns:ns13="http://zakupki.gov.ru/223fz/revenue/1" xmlns:ns14="http://zakupki.gov.ru/223fz/orderClauseList/1" xmlns:ns15="http://zakupki.gov.ru/223fz/complaint/1" xmlns:ns16="http://zakupki.gov.ru/223fz/missedNotice/1" xmlns:ns17="http://zakupki.gov.ru/223fz/notificationIssue/1" xmlns:ns18="http://zakupki.gov.ru/223fz/purchasePlanProject/1" xmlns:ns19="http://zakupki.gov.ru/223fz/webRequest/1" xmlns:ns2="http://zakupki.gov.ru/223fz/contract/1" xmlns:xsi="http://www.w3.org/2001/XMLSchema-instance" xmlns:ns3="http://zakupki.gov.ru/223fz/dishonestSupplier/1" xmlns:ns4="http://zakupki.gov.ru/223fz/decisionSuspension/1" xmlns:ns5="http://zakupki.gov.ru/223fz/purchasePlanAdditionalPosition/1" xmlns:ns6="http://zakupki.gov.ru/223fz/purchasePlan/1" xmlns:ns7="http://zakupki.gov.ru/223fz/purchasePlanProjectAdditionalPosition/1" xmlns:ns8="http://zakupki.gov.ru/223fz/reference/1" xmlns:ns9="http://zakupki.gov.ru/223fz/stopCommodity/1">
    <header>
        <guid>495f5485-244a-416a-98fa-53165925a1c0</guid>
        <createDateTime>2017-03-30T14:16:31</createDateTime>
    </header>
    <ns2:body>
        <ns2:item>
            <guid>b249908f-bc25-410f-a223-ac67c03ab4bd</guid>
            <ns2:performanceContractData>
                <ns2:guid>69241ac7-c7d6-42d8-8ea9-63a0c6361100</ns2:guid>
                <ns2:registrationNumber>56664032579170000440003</ns2:registrationNumber>
                <ns2:urlOOS>https://zakupki.gov.ru/223/contract/private/completing/info/view.html?id=2667162</ns2:urlOOS>
                <ns2:createDateTime>2017-01-12T15:46:08</ns2:createDateTime>
                <ns2:customer>
                    <mainInfo>
                        <fullName>Екатеринбургское муниципальное унитарное предприятие "Комбинат школьного питания"</fullName>
                        <shortName>ЕМУП "КШП"</shortName>
                        <iko>56664032579667401001</iko>
                        <inn>6664032579</inn>
                        <kpp>667401001</kpp>
                        <ogrn>1026605774986</ogrn>
                        <legalAddress>620010, СВЕРДЛОВСКАЯ, ЕКАТЕРИНБУРГ, ИНЖЕНЕРНАЯ, дом 31</legalAddress>
                        <postalAddress>620103, Свердловская, Екатеринбург, ул. Ключевская, 18</postalAddress>
                        <phone>7-343-2682200</phone>
                        <fax>7-343-2682200</fax>
                        <email>k-256@mail.ru</email>
                        <okato>65401000000</okato>
                        <okpo>39937065</okpo>
                    </mainInfo>
                </ns2:customer>
                <ns2:placer>
                    <mainInfo>
                        <fullName>Екатеринбургское муниципальное унитарное предприятие "Комбинат школьного питания"</fullName>
                        <shortName>ЕМУП "КШП"</shortName>
                        <iko>56664032579667401001</iko>
                        <inn>6664032579</inn>
                        <kpp>667401001</kpp>
                        <ogrn>1026605774986</ogrn>
                        <legalAddress>620010, СВЕРДЛОВСКАЯ, ЕКАТЕРИНБУРГ, ИНЖЕНЕРНАЯ, дом 31</legalAddress>
                        <postalAddress>620103, Свердловская, Екатеринбург, ул. Ключевская, 18</postalAddress>
                        <phone>7-343-2682200</phone>
                        <fax>7-343-2682200</fax>
                        <email>k-256@mail.ru</email>
                        <okato>65401000000</okato>
                        <okpo>39937065</okpo>
                    </mainInfo>
                </ns2:placer>
                <ns2:publicationDate>2017-03-30T14:16:31</ns2:publicationDate>
                <ns2:status>P</ns2:status>
                <ns2:version>1</ns2:version>
                <ns2:completed>false</ns2:completed>
                <ns2:attachments>
                    <totalDocumentsCount>9</totalDocumentsCount>
                    <document>
                        <guid>3bd498ff-b3de-463f-9186-aa53ed44db61</guid>
                        <createDateTime>2017-03-30T14:15:15</createDateTime>
                        <fileName>договор N37 от28.12..164.jpg</fileName>
                        <description>договор N37 от28.12..164</description>
                        <url>https://zakupki.gov.ru/223/contract/private/download/download.html?id=11738640</url>
                        <registrationNumber>56664032579170000440004</registrationNumber>
                    </document>
                    <document>
                        <guid>c842b479-25c0-4bb0-9fcb-d881dbcfc87d</guid>
                        <createDateTime>2017-03-30T14:14:59</createDateTime>
                        <fileName>договор N37 от28.12..161.jpg</fileName>
                        <description>договор N37 от28.12..161</description>
                        <url>https://zakupki.gov.ru/223/contract/private/download/download.html?id=11738595</url>
                        <registrationNumber>56664032579170000440005</registrationNumber>
                    </document>
                    <document>
                        <guid>da33acf2-f9b9-4bef-8856-86598d0104aa</guid>
                        <createDateTime>2017-03-30T14:15:03</createDateTime>
                        <fileName>договор N37 от28.12..162.jpg</fileName>
                        <description>договор N37 от28.12..162</description>
                        <url>https://zakupki.gov.ru/223/contract/private/download/download.html?id=11738599</url>
                        <registrationNumber>56664032579170000440006</registrationNumber>
                    </document>
                    <document>
                        <guid>717699a9-35eb-49a8-97ef-170a7ea08a47</guid>
                        <createDateTime>2017-03-30T14:15:29</createDateTime>
                        <fileName>договор N37 от28.12..165.jpg</fileName>
                        <description>договор N37 от28.12..165</description>
                        <url>https://zakupki.gov.ru/223/contract/private/download/download.html?id=11738648</url>
                        <registrationNumber>56664032579170000440007</registrationNumber>
                    </document>
                    <document>
                        <guid>3845b2c6-d4df-4de6-81cd-fa389c40c6fe</guid>
                        <createDateTime>2017-03-30T14:15:45</createDateTime>
                        <fileName>платежка.pdf</fileName>
                        <description>платежка</description>
                        <url>https://zakupki.gov.ru/223/contract/private/download/download.html?id=11738666</url>
                        <registrationNumber>56664032579170000440008</registrationNumber>
                    </document>
                    <document>
                        <guid>27cc341e-757b-4632-9bf5-f85d64f97484</guid>
                        <createDateTime>2017-03-30T14:15:49</createDateTime>
                        <fileName>счет.pdf</fileName>
                        <description>счет</description>
                        <url>https://zakupki.gov.ru/223/contract/private/download/download.html?id=11738669</url>
                        <registrationNumber>56664032579170000440009</registrationNumber>
                    </document>
                    <document>
                        <guid>5d7f00ad-dcae-4a01-94de-55bb0bece472</guid>
                        <createDateTime>2017-03-30T14:14:55</createDateTime>
                        <fileName>договор N37 от28.12..16.jpg</fileName>
                        <description>договор N37 от28.12..16</description>
                        <url>https://zakupki.gov.ru/223/contract/private/download/download.html?id=11738590</url>
                        <registrationNumber>56664032579170000440010</registrationNumber>
                    </document>
                    <document>
                        <guid>33111eec-c012-465f-b329-e71015c40fb7</guid>
                        <createDateTime>2017-03-30T14:15:08</createDateTime>
                        <fileName>договор N37 от28.12..163.jpg</fileName>
                        <description>договор N37 от28.12..163</description>
                        <url>https://zakupki.gov.ru/223/contract/private/download/download.html?id=11738606</url>
                        <registrationNumber>56664032579170000440011</registrationNumber>
                    </document>
                    <document>
                        <guid>489bc534-e9b8-472f-875a-300c94b93cef</guid>
                        <createDateTime>2017-03-30T14:15:37</createDateTime>
                        <fileName>договор N37 от28.12..166.jpg</fileName>
                        <description>договор N37 от28.12..166</description>
                        <url>https://zakupki.gov.ru/223/contract/private/download/download.html?id=11738654</url>
                        <registrationNumber>56664032579170000440012</registrationNumber>
                    </document>
                </ns2:attachments>
                <ns2:hasPenalty>false</ns2:hasPenalty>
                <ns2:contractRegNumber>56664032579170000440000</ns2:contractRegNumber>
                <ns2:contractInfo>
                    <ns2:guid>dbf583b1-d888-4a46-b31d-200f5ea849c3</ns2:guid>
                    <ns2:agencyName>ЕМУП "КШП"</ns2:agencyName>
                    <ns2:supplierName>ОБЩЕСТВО С ОГРАНИЧЕННОЙ ОТВЕТСТВЕННОСТЬЮ "Бакалея"</ns2:supplierName>
                    <ns2:lotInfo>поставка круп</ns2:lotInfo>
                    <ns2:contractDate>2016-12-28</ns2:contractDate>
                </ns2:contractInfo>
                <ns2:positions>
                    <ns2:position>
                        <ns2:ordinal>1</ns2:ordinal>
                        <ns2:paymentDate>2017-03-27</ns2:paymentDate>
                        <ns2:price>181731</ns2:price>
                        <ns2:currency>
                            <code>RUB</code>
                            <digitalCode>643</digitalCode>
                            <name>Российский рубль</name>
                        </ns2:currency>
                        <ns2:rubPrice>181731</ns2:rubPrice>
                        <ns2:prepaid>false</ns2:prepaid>
                        <ns2:docs>
                            <ns2:doc>
                                <ns2:ordinal>1</ns2:ordinal>
                                <ns2:date>2017-01-18</ns2:date>
                                <ns2:code>01</ns2:code>
                                <ns2:name>товарная накладная</ns2:name>
                                <ns2:number>233</ns2:number>
                                <ns2:contractPosition>
                                    <ns2:guid>2afbae1c-cbaf-4296-98ff-2d80737cdbd2</ns2:guid>
                                    <ns2:name>Крупа перловая</ns2:name>
                                    <ns2:okpd2>
                                        <code>10.61.32.116</code>
                                        <name>Крупа перловая</name>
                                    </ns2:okpd2>
                                </ns2:contractPosition>
                                <ns2:okei>
                                    <code>166</code>
                                    <name>Килограмм</name>
                                </ns2:okei>
                                <ns2:qty>25</ns2:qty>
                            </ns2:doc>
                            <ns2:doc>
                                <ns2:ordinal>2</ns2:ordinal>
                                <ns2:date>2017-01-18</ns2:date>
                                <ns2:code>01</ns2:code>
                                <ns2:name>товарная накладная</ns2:name>
                                <ns2:number>233</ns2:number>
                                <ns2:contractPosition>
                                    <ns2:guid>cfa793b1-94c9-4c3f-affd-a1fc13d24b80</ns2:guid>
                                    <ns2:name>Крупа овсяная</ns2:name>
                                    <ns2:okpd2>
                                        <code>10.61.32.111</code>
                                        <name>Крупа овсяная</name>
                                    </ns2:okpd2>
                                </ns2:contractPosition>
                                <ns2:okei>
                                    <code>166</code>
                                    <name>Килограмм</name>
                                </ns2:okei>
                                <ns2:qty>60</ns2:qty>
                            </ns2:doc>
                            <ns2:doc>
                                <ns2:ordinal>3</ns2:ordinal>
                                <ns2:date>2017-01-18</ns2:date>
                                <ns2:code>01</ns2:code>
                                <ns2:name>товарная накладная</ns2:name>
                                <ns2:number>233</ns2:number>
                                <ns2:contractPosition>
                                    <ns2:guid>db6b7b12-ed8c-4d68-9cff-55264a3253b6</ns2:guid>
                                    <ns2:name>Крупа из пшеницы</ns2:name>
                                    <ns2:okpd2>
                                        <code>10.61.31.110</code>
                                        <name>Крупа из пшеницы</name>
                                    </ns2:okpd2>
                                </ns2:contractPosition>
                                <ns2:okei>
                                    <code>166</code>
                                    <name>Килограмм</name>
                                </ns2:okei>
                                <ns2:qty>75</ns2:qty>
                            </ns2:doc>
                            <ns2:doc>
                                <ns2:ordinal>4</ns2:ordinal>
                                <ns2:date>2017-01-20</ns2:date>
                                <ns2:code>01</ns2:code>
                                <ns2:name>товарная накладная</ns2:name>
                                <ns2:number>289</ns2:number>
                                <ns2:contractPosition>
                                    <ns2:guid>cce53c9a-8388-4b56-b0b6-f9db29f089bb</ns2:guid>
                                    <ns2:name>Крупа манная</ns2:name>
                                    <ns2:okpd2>
                                        <code>10.61.31.111</code>
                                        <name>Крупа манная</name>
                                    </ns2:okpd2>
                                </ns2:contractPosition>
                                <ns2:okei>
                                    <code>166</code>
                                    <name>Килограмм</name>
                                </ns2:okei>
                                <ns2:qty>75</ns2:qty>
                            </ns2:doc>
                            <ns2:doc>
                                <ns2:ordinal>5</ns2:ordinal>
                                <ns2:date>2017-01-20</ns2:date>
                                <ns2:code>01</ns2:code>
                                <ns2:name>товарная накладная</ns2:name>
                                <ns2:number>289</ns2:number>
                                <ns2:contractPosition>
                                    <ns2:guid>d6635140-35a7-45b1-b661-a0e5e98ecee1</ns2:guid>
                                    <ns2:name>Рис полуобрушенный или полностью обрушенный, или дробленый</ns2:name>
                                    <ns2:okpd2>
                                        <code>10.61.12.000</code>
                                        <name>Рис полуобрушенный или полностью обрушенный, или дробленый</name>
                                    </ns2:okpd2>
                                </ns2:contractPosition>
                                <ns2:okei>
                                    <code>166</code>
                                    <name>Килограмм</name>
                                </ns2:okei>
                                <ns2:qty>500</ns2:qty>
                            </ns2:doc>
                            <ns2:doc>
                                <ns2:ordinal>6</ns2:ordinal>
                                <ns2:date>2017-01-31</ns2:date>
                                <ns2:code>01</ns2:code>
                                <ns2:name>товарная накладная</ns2:name>
                                <ns2:number>495</ns2:number>
                                <ns2:contractPosition>
                                    <ns2:guid>67063fbc-6b2b-4457-80ca-b9b30044979d</ns2:guid>
                                    <ns2:name>Крупа гречневая</ns2:name>
                                    <ns2:okpd2>
                                        <code>10.61.32.113</code>
                                        <name>Крупа гречневая</name>
                                    </ns2:okpd2>
                                </ns2:contractPosition>
                                <ns2:okei>
                                    <code>166</code>
                                    <name>Килограмм</name>
                                </ns2:okei>
                                <ns2:qty>375</ns2:qty>
                            </ns2:doc>
                            <ns2:doc>
                                <ns2:ordinal>7</ns2:ordinal>
                                <ns2:date>2017-01-31</ns2:date>
                                <ns2:code>01</ns2:code>
                                <ns2:name>товарная накладная</ns2:name>
                                <ns2:number>497</ns2:number>
                                <ns2:contractPosition>
                                    <ns2:guid>40faac0b-5428-4c40-bb20-14cdfa70c20a</ns2:guid>
                                    <ns2:name>Рис полуобрушенный или полностью обрушенный, или дробленый</ns2:name>
                                    <ns2:okpd2>
                                        <code>10.61.12.000</code>
                                        <name>Рис полуобрушенный или полностью обрушенный, или дробленый</name>
                                    </ns2:okpd2>
                                </ns2:contractPosition>
                                <ns2:okei>
                                    <code>166</code>
                                    <name>Килограмм</name>
                                </ns2:okei>
                                <ns2:qty>375</ns2:qty>
                            </ns2:doc>
                            <ns2:doc>
                                <ns2:ordinal>8</ns2:ordinal>
                                <ns2:date>2017-01-31</ns2:date>
                                <ns2:code>01</ns2:code>
                                <ns2:name>товарная накладная</ns2:name>
                                <ns2:number>497</ns2:number>
                                <ns2:contractPosition>
                                    <ns2:guid>d6635140-35a7-45b1-b661-a0e5e98ecee1</ns2:guid>
                                    <ns2:name>Рис полуобрушенный или полностью обрушенный, или дробленый</ns2:name>
                                    <ns2:okpd2>
                                        <code>10.61.12.000</code>
                                        <name>Рис полуобрушенный или полностью обрушенный, или дробленый</name>
                                    </ns2:okpd2>
                                </ns2:contractPosition>
                                <ns2:okei>
                                    <code>166</code>
                                    <name>Килограмм</name>
                                </ns2:okei>
                                <ns2:qty>375</ns2:qty>
                            </ns2:doc>
                            <ns2:doc>
                                <ns2:ordinal>9</ns2:ordinal>
                                <ns2:date>2017-01-27</ns2:date>
                                <ns2:code>01</ns2:code>
                                <ns2:name>товарная накладная</ns2:name>
                                <ns2:number>408</ns2:number>
                                <ns2:contractPosition>
                                    <ns2:guid>d6635140-35a7-45b1-b661-a0e5e98ecee1</ns2:guid>
                                    <ns2:name>Рис полуобрушенный или полностью обрушенный, или дробленый</ns2:name>
                                    <ns2:okpd2>
                                        <code>10.61.12.000</code>
                                        <name>Рис полуобрушенный или полностью обрушенный, или дробленый</name>
                                    </ns2:okpd2>
                                </ns2:contractPosition>
                                <ns2:okei>
                                    <code>166</code>
                                    <name>Килограмм</name>
                                </ns2:okei>
                                <ns2:qty>375</ns2:qty>
                            </ns2:doc>
                            <ns2:doc>
                                <ns2:ordinal>10</ns2:ordinal>
                                <ns2:date>2017-01-25</ns2:date>
                                <ns2:code>01</ns2:code>
                                <ns2:name>товарная накладная</ns2:name>
                                <ns2:number>359</ns2:number>
                                <ns2:contractPosition>
                                    <ns2:guid>cfa793b1-94c9-4c3f-affd-a1fc13d24b80</ns2:guid>
                                    <ns2:name>Крупа овсяная</ns2:name>
                                    <ns2:okpd2>
                                        <code>10.61.32.111</code>
                                        <name>Крупа овсяная</name>
                                    </ns2:okpd2>
                                </ns2:contractPosition>
                                <ns2:okei>
                                    <code>166</code>
                                    <name>Килограмм</name>
                                </ns2:okei>
                                <ns2:qty>60</ns2:qty>
                            </ns2:doc>
                            <ns2:doc>
                                <ns2:ordinal>11</ns2:ordinal>
                                <ns2:date>2017-01-25</ns2:date>
                                <ns2:code>01</ns2:code>
                                <ns2:name>товарная накладная</ns2:name>
                                <ns2:number>359</ns2:number>
                                <ns2:contractPosition>
                                    <ns2:guid>db6b7b12-ed8c-4d68-9cff-55264a3253b6</ns2:guid>
                                    <ns2:name>Крупа из пшеницы</ns2:name>
                                    <ns2:okpd2>
                                        <code>10.61.31.110</code>
                                        <name>Крупа из пшеницы</name>
                                    </ns2:okpd2>
                                </ns2:contractPosition>
                                <ns2:okei>
                                    <code>166</code>
                                    <name>Килограмм</name>
                                </ns2:okei>
                                <ns2:qty>125</ns2:qty>
                            </ns2:doc>
                            <ns2:doc>
                                <ns2:ordinal>12</ns2:ordinal>
                                <ns2:date>2017-01-25</ns2:date>
                                <ns2:code>01</ns2:code>
                                <ns2:name>товарная накладная</ns2:name>
                                <ns2:number>359</ns2:number>
                                <ns2:contractPosition>
                                    <ns2:guid>2afbae1c-cbaf-4296-98ff-2d80737cdbd2</ns2:guid>
                                    <ns2:name>Крупа перловая</ns2:name>
                                    <ns2:okpd2>
                                        <code>10.61.32.116</code>
                                        <name>Крупа перловая</name>
                                    </ns2:okpd2>
                                </ns2:contractPosition>
                                <ns2:okei>
                                    <code>166</code>
                                    <name>Килограмм</name>
                                </ns2:okei>
                                <ns2:qty>25</ns2:qty>
                            </ns2:doc>
                            <ns2:doc>
                                <ns2:ordinal>13</ns2:ordinal>
                                <ns2:date>2017-01-25</ns2:date>
                                <ns2:code>01</ns2:code>
                                <ns2:name>товарная накладная</ns2:name>
                                <ns2:number>359</ns2:number>
                                <ns2:contractPosition>
                                    <ns2:guid>67063fbc-6b2b-4457-80ca-b9b30044979d</ns2:guid>
                                    <ns2:name>Крупа гречневая</ns2:name>
                                    <ns2:okpd2>
                                        <code>10.61.32.113</code>
                                        <name>Крупа гречневая</name>
                                    </ns2:okpd2>
                                </ns2:contractPosition>
                                <ns2:okei>
                                    <code>166</code>
                                    <name>Килограмм</name>
                                </ns2:okei>
                                <ns2:qty>375</ns2:qty>
                            </ns2:doc>
                            <ns2:doc>
                                <ns2:ordinal>14</ns2:ordinal>
                                <ns2:date>2017-01-25</ns2:date>
                                <ns2:code>01</ns2:code>
                                <ns2:name>товарная накладная</ns2:name>
                                <ns2:number>359</ns2:number>
                                <ns2:contractPosition>
                                    <ns2:guid>cce53c9a-8388-4b56-b0b6-f9db29f089bb</ns2:guid>
                                    <ns2:name>Крупа манная</ns2:name>
                                    <ns2:okpd2>
                                        <code>10.61.31.111</code>
                                        <name>Крупа манная</name>
                                    </ns2:okpd2>
                                </ns2:contractPosition>
                                <ns2:okei>
                                    <code>166</code>
                                    <name>Килограмм</name>
                                </ns2:okei>
                                <ns2:qty>125</ns2:qty>
                            </ns2:doc>
                        </ns2:docs>
                    </ns2:position>
                    <ns2:total>181731</ns2:total>
                </ns2:positions>
            </ns2:performanceContractData>
        </ns2:item>
    </ns2:body>
</ns2:performanceContract>
