<?xml version="1.0" encoding="UTF-8" standalone="yes"?>
<ns2:performanceContract xsi:schemaLocation="http://zakupki.gov.ru/223/integration/schema/TFF-5.2 http://zakupki.gov.ru/223/integration/schema/TFF-5.2/Types.xsd" xmlns="http://zakupki.gov.ru/223fz/types/1" xmlns:ns10="http://zakupki.gov.ru/223fz/disagreementProtocol/1" xmlns:ns11="http://zakupki.gov.ru/223fz/purchase/1" xmlns:ns12="http://zakupki.gov.ru/223fz/machineryListInfo/1" xmlns:ns13="http://zakupki.gov.ru/223fz/revenue/1" xmlns:ns14="http://zakupki.gov.ru/223fz/orderClauseList/1" xmlns:ns15="http://zakupki.gov.ru/223fz/complaint/1" xmlns:ns16="http://zakupki.gov.ru/223fz/missedNotice/1" xmlns:ns17="http://zakupki.gov.ru/223fz/notificationIssue/1" xmlns:ns18="http://zakupki.gov.ru/223fz/purchasePlanProject/1" xmlns:ns19="http://zakupki.gov.ru/223fz/webRequest/1" xmlns:ns2="http://zakupki.gov.ru/223fz/contract/1" xmlns:xsi="http://www.w3.org/2001/XMLSchema-instance" xmlns:ns3="http://zakupki.gov.ru/223fz/dishonestSupplier/1" xmlns:ns4="http://zakupki.gov.ru/223fz/decisionSuspension/1" xmlns:ns5="http://zakupki.gov.ru/223fz/purchasePlanAdditionalPosition/1" xmlns:ns6="http://zakupki.gov.ru/223fz/purchasePlan/1" xmlns:ns7="http://zakupki.gov.ru/223fz/purchasePlanProjectAdditionalPosition/1" xmlns:ns8="http://zakupki.gov.ru/223fz/reference/1" xmlns:ns9="http://zakupki.gov.ru/223fz/stopCommodity/1">
    <header>
        <guid>28a3e84e-f3e8-4c77-8ca7-fddfa203c555</guid>
        <createDateTime>2017-03-30T13:31:52</createDateTime>
    </header>
    <ns2:body>
        <ns2:item>
            <guid>1adf7159-06db-4958-b927-a65664cf4c95</guid>
            <ns2:performanceContractData>
                <ns2:guid>805b50ab-2acd-4c23-8864-cbeec4b00a09</ns2:guid>
                <ns2:registrationNumber>56671163413160001290005</ns2:registrationNumber>
                <ns2:urlOOS>https://zakupki.gov.ru/223/contract/private/completing/info/view.html?id=2666221</ns2:urlOOS>
                <ns2:createDateTime>2016-05-05T07:06:44</ns2:createDateTime>
                <ns2:customer>
                    <mainInfo>
                        <fullName>Открытое акционерное общество "Межрегиональная распределительная сетевая компания Урала"</fullName>
                        <shortName>ОАО "МРСК Урала"</shortName>
                        <iko>56671163413667201001</iko>
                        <inn>6671163413</inn>
                        <kpp>667201001</kpp>
                        <ogrn>1056604000970</ogrn>
                        <legalAddress>620026, Свердловская, Екатеринбург, Мамина-Сибиряка, дом 140</legalAddress>
                        <postalAddress>620026, Свердловская область, Екатеринбург, Мамина-Сибиряка, дом 140 </postalAddress>
                        <phone>7-343-2152600</phone>
                        <fax>7-343-2152661</fax>
                        <email>mrsk@mrsk-ural.ru</email>
                        <okato>65401000000</okato>
                        <okpo>76507836</okpo>
                    </mainInfo>
                </ns2:customer>
                <ns2:placer>
                    <mainInfo>
                        <fullName>Открытое акционерное общество "Межрегиональная распределительная сетевая компания Урала"</fullName>
                        <shortName>ОАО "МРСК Урала"</shortName>
                        <iko>56671163413667201001</iko>
                        <inn>6671163413</inn>
                        <kpp>667201001</kpp>
                        <ogrn>1056604000970</ogrn>
                        <legalAddress>620026, Свердловская, Екатеринбург, Мамина-Сибиряка, дом 140</legalAddress>
                        <postalAddress>620026, Свердловская область, Екатеринбург, Мамина-Сибиряка, дом 140 </postalAddress>
                        <phone>7-343-2152600</phone>
                        <fax>7-343-2152661</fax>
                        <email>mrsk@mrsk-ural.ru</email>
                        <okato>65401000000</okato>
                        <okpo>76507836</okpo>
                    </mainInfo>
                </ns2:placer>
                <ns2:publicationDate>2017-03-30T13:31:51</ns2:publicationDate>
                <ns2:status>P</ns2:status>
                <ns2:version>1</ns2:version>
                <ns2:completed>true</ns2:completed>
                <ns2:attachments>
                    <totalDocumentsCount>4</totalDocumentsCount>
                    <document>
                        <guid>47aac1a9-1a98-4344-9e34-7dd96fe79662</guid>
                        <createDateTime>2017-03-30T13:31:06</createDateTime>
                        <fileName>Факторинг ДЛиМТО-25-2016.pdf</fileName>
                        <description>Факторинг ДЛиМТО-25-2016</description>
                        <url>https://zakupki.gov.ru/223/contract/private/download/download.html?id=11735394</url>
                        <registrationNumber>56671163413160001290006</registrationNumber>
                    </document>
                    <document>
                        <guid>51b1e5c7-e9da-436f-9a65-01bdfb67c7a2</guid>
                        <createDateTime>2017-03-30T13:29:45</createDateTime>
                        <fileName>ТН.zip</fileName>
                        <description>ТН</description>
                        <url>https://zakupki.gov.ru/223/contract/private/download/download.html?id=11735299</url>
                        <registrationNumber>56671163413160001290007</registrationNumber>
                    </document>
                    <document>
                        <guid>449255b1-33c9-404e-b2f3-145e40602922</guid>
                        <createDateTime>2017-03-30T13:29:37</createDateTime>
                        <fileName>ПП.zip</fileName>
                        <description>ПП</description>
                        <url>https://zakupki.gov.ru/223/contract/private/download/download.html?id=11735292</url>
                        <registrationNumber>56671163413160001290008</registrationNumber>
                    </document>
                    <document>
                        <guid>84d4db4e-5ca5-4593-be29-bda23501ee14</guid>
                        <createDateTime>2017-03-30T13:31:18</createDateTime>
                        <fileName>Факторинг ДЛиМТО-29-2016.pdf</fileName>
                        <description>Факторинг ДЛиМТО-29-2016</description>
                        <url>https://zakupki.gov.ru/223/contract/private/download/download.html?id=11735407</url>
                        <registrationNumber>56671163413160001290009</registrationNumber>
                    </document>
                </ns2:attachments>
                <ns2:hasPenalty>false</ns2:hasPenalty>
                <ns2:contractRegNumber>56671163413160001290000</ns2:contractRegNumber>
                <ns2:contractInfo>
                    <ns2:guid>f76374df-4ccd-48fd-afe4-e24789ac2a0f</ns2:guid>
                    <ns2:name>ДЛиМТО/12/2016</ns2:name>
                    <ns2:agencyName>ОАО "МРСК Урала"</ns2:agencyName>
                    <ns2:supplierName>ОБЩЕСТВО С ОГРАНИЧЕННОЙ ОТВЕТСТВЕННОСТЬЮ "ПРОИЗВОДСТВЕННОЕ ОБЪЕДИНЕНИЕ "ГАРАНТИЯ"</ns2:supplierName>
                    <ns2:lotInfo>Закупка № 156307, Лот № 112</ns2:lotInfo>
                    <ns2:contractDate>2016-01-18</ns2:contractDate>
                </ns2:contractInfo>
                <ns2:positions>
                    <ns2:position>
                        <ns2:ordinal>12</ns2:ordinal>
                        <ns2:paymentDate>2016-10-12</ns2:paymentDate>
                        <ns2:price>69883.73</ns2:price>
                        <ns2:currency>
                            <code>RUB</code>
                            <digitalCode>643</digitalCode>
                            <name>Российский рубль</name>
                        </ns2:currency>
                        <ns2:rubPrice>69883.73</ns2:rubPrice>
                        <ns2:prepaid>false</ns2:prepaid>
                        <ns2:docs>
                            <ns2:doc>
                                <ns2:ordinal>1</ns2:ordinal>
                                <ns2:date>2016-08-23</ns2:date>
                                <ns2:code>01</ns2:code>
                                <ns2:name>товарная накладная</ns2:name>
                                <ns2:number>3402</ns2:number>
                                <ns2:contractPosition>
                                    <ns2:guid>3cabb751-2007-014e-e053-ac11070d70ec</ns2:guid>
                                    <ns2:name>Опоры типа СВ</ns2:name>
                                    <ns2:okpd2>
                                        <code>23.61.12.161</code>
                                        <name>Трубы железобетонные</name>
                                    </ns2:okpd2>
                                </ns2:contractPosition>
                                <ns2:okei>
                                    <code>796</code>
                                    <name>Штука</name>
                                </ns2:okei>
                                <ns2:qty>7</ns2:qty>
                            </ns2:doc>
                        </ns2:docs>
                    </ns2:position>
                    <ns2:position>
                        <ns2:ordinal>4</ns2:ordinal>
                        <ns2:paymentDate>2016-05-25</ns2:paymentDate>
                        <ns2:price>42179.1</ns2:price>
                        <ns2:currency>
                            <code>RUB</code>
                            <digitalCode>643</digitalCode>
                            <name>Российский рубль</name>
                        </ns2:currency>
                        <ns2:rubPrice>42179.1</ns2:rubPrice>
                        <ns2:prepaid>false</ns2:prepaid>
                        <ns2:docs>
                            <ns2:doc>
                                <ns2:ordinal>1</ns2:ordinal>
                                <ns2:date>2016-03-31</ns2:date>
                                <ns2:code>01</ns2:code>
                                <ns2:name>товарная накладная</ns2:name>
                                <ns2:number>1289</ns2:number>
                                <ns2:contractPosition>
                                    <ns2:guid>3cabb751-2007-014e-e053-ac11070d70ec</ns2:guid>
                                    <ns2:name>Опоры типа СВ</ns2:name>
                                    <ns2:okpd2>
                                        <code>23.61.12.161</code>
                                        <name>Трубы железобетонные</name>
                                    </ns2:okpd2>
                                </ns2:contractPosition>
                                <ns2:okei>
                                    <code>796</code>
                                    <name>Штука</name>
                                </ns2:okei>
                                <ns2:qty>1</ns2:qty>
                            </ns2:doc>
                        </ns2:docs>
                    </ns2:position>
                    <ns2:position>
                        <ns2:ordinal>27</ns2:ordinal>
                        <ns2:paymentDate>2016-10-24</ns2:paymentDate>
                        <ns2:price>84358.2</ns2:price>
                        <ns2:currency>
                            <code>RUB</code>
                            <digitalCode>643</digitalCode>
                            <name>Российский рубль</name>
                        </ns2:currency>
                        <ns2:rubPrice>84358.2</ns2:rubPrice>
                        <ns2:prepaid>false</ns2:prepaid>
                        <ns2:docs>
                            <ns2:doc>
                                <ns2:ordinal>1</ns2:ordinal>
                                <ns2:date>2016-09-07</ns2:date>
                                <ns2:code>01</ns2:code>
                                <ns2:name>товарная накладная</ns2:name>
                                <ns2:number>3646</ns2:number>
                                <ns2:contractPosition>
                                    <ns2:guid>3cabb751-2007-014e-e053-ac11070d70ec</ns2:guid>
                                    <ns2:name>Опоры типа СВ</ns2:name>
                                    <ns2:okpd2>
                                        <code>23.61.12.161</code>
                                        <name>Трубы железобетонные</name>
                                    </ns2:okpd2>
                                </ns2:contractPosition>
                                <ns2:okei>
                                    <code>796</code>
                                    <name>Штука</name>
                                </ns2:okei>
                                <ns2:qty>2</ns2:qty>
                            </ns2:doc>
                        </ns2:docs>
                    </ns2:position>
                    <ns2:position>
                        <ns2:ordinal>18</ns2:ordinal>
                        <ns2:paymentDate>2016-10-26</ns2:paymentDate>
                        <ns2:price>126537.3</ns2:price>
                        <ns2:currency>
                            <code>RUB</code>
                            <digitalCode>643</digitalCode>
                            <name>Российский рубль</name>
                        </ns2:currency>
                        <ns2:rubPrice>126537.3</ns2:rubPrice>
                        <ns2:prepaid>false</ns2:prepaid>
                        <ns2:docs>
                            <ns2:doc>
                                <ns2:ordinal>1</ns2:ordinal>
                                <ns2:date>2016-03-22</ns2:date>
                                <ns2:code>01</ns2:code>
                                <ns2:name>товарная накладная</ns2:name>
                                <ns2:number>3889</ns2:number>
                                <ns2:contractPosition>
                                    <ns2:guid>3cabb751-2007-014e-e053-ac11070d70ec</ns2:guid>
                                    <ns2:name>Опоры типа СВ</ns2:name>
                                    <ns2:okpd2>
                                        <code>23.61.12.161</code>
                                        <name>Трубы железобетонные</name>
                                    </ns2:okpd2>
                                </ns2:contractPosition>
                                <ns2:okei>
                                    <code>796</code>
                                    <name>Штука</name>
                                </ns2:okei>
                                <ns2:qty>3</ns2:qty>
                            </ns2:doc>
                        </ns2:docs>
                    </ns2:position>
                    <ns2:position>
                        <ns2:ordinal>2</ns2:ordinal>
                        <ns2:paymentDate>2016-03-28</ns2:paymentDate>
                        <ns2:price>19966.78</ns2:price>
                        <ns2:currency>
                            <code>RUB</code>
                            <digitalCode>643</digitalCode>
                            <name>Российский рубль</name>
                        </ns2:currency>
                        <ns2:rubPrice>19966.78</ns2:rubPrice>
                        <ns2:prepaid>false</ns2:prepaid>
                        <ns2:docs>
                            <ns2:doc>
                                <ns2:ordinal>1</ns2:ordinal>
                                <ns2:date>2016-01-20</ns2:date>
                                <ns2:code>01</ns2:code>
                                <ns2:name>товарная накладная</ns2:name>
                                <ns2:number>139</ns2:number>
                                <ns2:contractPosition>
                                    <ns2:guid>3cabb751-2007-014e-e053-ac11070d70ec</ns2:guid>
                                    <ns2:name>Опоры типа СВ</ns2:name>
                                    <ns2:okpd2>
                                        <code>23.61.12.161</code>
                                        <name>Трубы железобетонные</name>
                                    </ns2:okpd2>
                                </ns2:contractPosition>
                                <ns2:okei>
                                    <code>796</code>
                                    <name>Штука</name>
                                </ns2:okei>
                                <ns2:qty>2</ns2:qty>
                            </ns2:doc>
                        </ns2:docs>
                    </ns2:position>
                    <ns2:position>
                        <ns2:ordinal>1</ns2:ordinal>
                        <ns2:paymentDate>2016-03-28</ns2:paymentDate>
                        <ns2:price>179701.02</ns2:price>
                        <ns2:currency>
                            <code>RUB</code>
                            <digitalCode>643</digitalCode>
                            <name>Российский рубль</name>
                        </ns2:currency>
                        <ns2:rubPrice>179701.02</ns2:rubPrice>
                        <ns2:prepaid>false</ns2:prepaid>
                        <ns2:docs>
                            <ns2:doc>
                                <ns2:ordinal>1</ns2:ordinal>
                                <ns2:date>2016-01-18</ns2:date>
                                <ns2:code>01</ns2:code>
                                <ns2:name>товарная накладная</ns2:name>
                                <ns2:number>116</ns2:number>
                                <ns2:contractPosition>
                                    <ns2:guid>3cabb751-2007-014e-e053-ac11070d70ec</ns2:guid>
                                    <ns2:name>Опоры типа СВ</ns2:name>
                                    <ns2:okpd2>
                                        <code>23.61.12.161</code>
                                        <name>Трубы железобетонные</name>
                                    </ns2:okpd2>
                                </ns2:contractPosition>
                                <ns2:okei>
                                    <code>796</code>
                                    <name>Штука</name>
                                </ns2:okei>
                                <ns2:qty>18</ns2:qty>
                            </ns2:doc>
                        </ns2:docs>
                    </ns2:position>
                    <ns2:position>
                        <ns2:ordinal>6</ns2:ordinal>
                        <ns2:paymentDate>2016-07-13</ns2:paymentDate>
                        <ns2:price>179701.02</ns2:price>
                        <ns2:currency>
                            <code>RUB</code>
                            <digitalCode>643</digitalCode>
                            <name>Российский рубль</name>
                        </ns2:currency>
                        <ns2:rubPrice>179701.02</ns2:rubPrice>
                        <ns2:prepaid>false</ns2:prepaid>
                        <ns2:docs>
                            <ns2:doc>
                                <ns2:ordinal>1</ns2:ordinal>
                                <ns2:date>2016-06-01</ns2:date>
                                <ns2:code>01</ns2:code>
                                <ns2:name>товарная накладная</ns2:name>
                                <ns2:number>2099</ns2:number>
                                <ns2:contractPosition>
                                    <ns2:guid>3cabb751-2007-014e-e053-ac11070d70ec</ns2:guid>
                                    <ns2:name>Опоры типа СВ</ns2:name>
                                    <ns2:okpd2>
                                        <code>23.61.12.161</code>
                                        <name>Трубы железобетонные</name>
                                    </ns2:okpd2>
                                </ns2:contractPosition>
                                <ns2:okei>
                                    <code>796</code>
                                    <name>Штука</name>
                                </ns2:okei>
                                <ns2:qty>18</ns2:qty>
                            </ns2:doc>
                        </ns2:docs>
                    </ns2:position>
                    <ns2:position>
                        <ns2:ordinal>10</ns2:ordinal>
                        <ns2:paymentDate>2016-09-28</ns2:paymentDate>
                        <ns2:price>168716.4</ns2:price>
                        <ns2:currency>
                            <code>RUB</code>
                            <digitalCode>643</digitalCode>
                            <name>Российский рубль</name>
                        </ns2:currency>
                        <ns2:rubPrice>168716.4</ns2:rubPrice>
                        <ns2:prepaid>false</ns2:prepaid>
                        <ns2:docs>
                            <ns2:doc>
                                <ns2:ordinal>1</ns2:ordinal>
                                <ns2:date>2016-08-19</ns2:date>
                                <ns2:code>01</ns2:code>
                                <ns2:name>товарная накладная</ns2:name>
                                <ns2:number>3350</ns2:number>
                                <ns2:contractPosition>
                                    <ns2:guid>3cabb751-2007-014e-e053-ac11070d70ec</ns2:guid>
                                    <ns2:name>Опоры типа СВ</ns2:name>
                                    <ns2:okpd2>
                                        <code>23.61.12.161</code>
                                        <name>Трубы железобетонные</name>
                                    </ns2:okpd2>
                                </ns2:contractPosition>
                                <ns2:okei>
                                    <code>796</code>
                                    <name>Штука</name>
                                </ns2:okei>
                                <ns2:qty>4</ns2:qty>
                            </ns2:doc>
                        </ns2:docs>
                    </ns2:position>
                    <ns2:position>
                        <ns2:ordinal>26</ns2:ordinal>
                        <ns2:paymentDate>2016-09-28</ns2:paymentDate>
                        <ns2:price>104324.98</ns2:price>
                        <ns2:currency>
                            <code>RUB</code>
                            <digitalCode>643</digitalCode>
                            <name>Российский рубль</name>
                        </ns2:currency>
                        <ns2:rubPrice>104324.98</ns2:rubPrice>
                        <ns2:prepaid>false</ns2:prepaid>
                        <ns2:docs>
                            <ns2:doc>
                                <ns2:ordinal>1</ns2:ordinal>
                                <ns2:date>2016-07-26</ns2:date>
                                <ns2:code>01</ns2:code>
                                <ns2:name>товарная накладная</ns2:name>
                                <ns2:number>2902</ns2:number>
                                <ns2:contractPosition>
                                    <ns2:guid>3cabb751-2007-014e-e053-ac11070d70ec</ns2:guid>
                                    <ns2:name>Опоры типа СВ</ns2:name>
                                    <ns2:okpd2>
                                        <code>23.61.12.161</code>
                                        <name>Трубы железобетонные</name>
                                    </ns2:okpd2>
                                </ns2:contractPosition>
                                <ns2:okei>
                                    <code>796</code>
                                    <name>Штука</name>
                                </ns2:okei>
                                <ns2:qty>4</ns2:qty>
                            </ns2:doc>
                        </ns2:docs>
                    </ns2:position>
                    <ns2:position>
                        <ns2:ordinal>22</ns2:ordinal>
                        <ns2:paymentDate>2016-12-14</ns2:paymentDate>
                        <ns2:price>29950.17</ns2:price>
                        <ns2:currency>
                            <code>RUB</code>
                            <digitalCode>643</digitalCode>
                            <name>Российский рубль</name>
                        </ns2:currency>
                        <ns2:rubPrice>29950.17</ns2:rubPrice>
                        <ns2:prepaid>false</ns2:prepaid>
                        <ns2:docs>
                            <ns2:doc>
                                <ns2:ordinal>1</ns2:ordinal>
                                <ns2:date>2016-10-27</ns2:date>
                                <ns2:code>01</ns2:code>
                                <ns2:name>товарная накладная</ns2:name>
                                <ns2:number>4435</ns2:number>
                                <ns2:contractPosition>
                                    <ns2:guid>3cabb751-2007-014e-e053-ac11070d70ec</ns2:guid>
                                    <ns2:name>Опоры типа СВ</ns2:name>
                                    <ns2:okpd2>
                                        <code>23.61.12.161</code>
                                        <name>Трубы железобетонные</name>
                                    </ns2:okpd2>
                                </ns2:contractPosition>
                                <ns2:okei>
                                    <code>796</code>
                                    <name>Штука</name>
                                </ns2:okei>
                                <ns2:qty>3</ns2:qty>
                            </ns2:doc>
                        </ns2:docs>
                    </ns2:position>
                    <ns2:position>
                        <ns2:ordinal>5</ns2:ordinal>
                        <ns2:paymentDate>2016-05-23</ns2:paymentDate>
                        <ns2:price>12379.38</ns2:price>
                        <ns2:currency>
                            <code>RUB</code>
                            <digitalCode>643</digitalCode>
                            <name>Российский рубль</name>
                        </ns2:currency>
                        <ns2:rubPrice>12379.38</ns2:rubPrice>
                        <ns2:prepaid>false</ns2:prepaid>
                        <ns2:docs>
                            <ns2:doc>
                                <ns2:ordinal>1</ns2:ordinal>
                                <ns2:date>2016-03-31</ns2:date>
                                <ns2:code>01</ns2:code>
                                <ns2:name>товарная накладная</ns2:name>
                                <ns2:number>1290</ns2:number>
                                <ns2:contractPosition>
                                    <ns2:guid>3cabb751-2007-014e-e053-ac11070d70ec</ns2:guid>
                                    <ns2:name>Опоры типа СВ</ns2:name>
                                    <ns2:okpd2>
                                        <code>23.61.12.161</code>
                                        <name>Трубы железобетонные</name>
                                    </ns2:okpd2>
                                </ns2:contractPosition>
                                <ns2:okei>
                                    <code>796</code>
                                    <name>Штука</name>
                                </ns2:okei>
                                <ns2:qty>2</ns2:qty>
                            </ns2:doc>
                        </ns2:docs>
                    </ns2:position>
                    <ns2:position>
                        <ns2:ordinal>17</ns2:ordinal>
                        <ns2:paymentDate>2016-10-19</ns2:paymentDate>
                        <ns2:price>253074.6</ns2:price>
                        <ns2:currency>
                            <code>RUB</code>
                            <digitalCode>643</digitalCode>
                            <name>Российский рубль</name>
                        </ns2:currency>
                        <ns2:rubPrice>253074.6</ns2:rubPrice>
                        <ns2:prepaid>false</ns2:prepaid>
                        <ns2:docs>
                            <ns2:doc>
                                <ns2:ordinal>1</ns2:ordinal>
                                <ns2:date>2016-09-07</ns2:date>
                                <ns2:code>01</ns2:code>
                                <ns2:name>товарная накладная</ns2:name>
                                <ns2:number>3645</ns2:number>
                                <ns2:contractPosition>
                                    <ns2:guid>3cabb751-2007-014e-e053-ac11070d70ec</ns2:guid>
                                    <ns2:name>Опоры типа СВ</ns2:name>
                                    <ns2:okpd2>
                                        <code>23.61.12.161</code>
                                        <name>Трубы железобетонные</name>
                                    </ns2:okpd2>
                                </ns2:contractPosition>
                                <ns2:okei>
                                    <code>796</code>
                                    <name>Штука</name>
                                </ns2:okei>
                                <ns2:qty>6</ns2:qty>
                            </ns2:doc>
                        </ns2:docs>
                    </ns2:position>
                    <ns2:position>
                        <ns2:ordinal>8</ns2:ordinal>
                        <ns2:paymentDate>2016-08-15</ns2:paymentDate>
                        <ns2:price>99833.9</ns2:price>
                        <ns2:currency>
                            <code>RUB</code>
                            <digitalCode>643</digitalCode>
                            <name>Российский рубль</name>
                        </ns2:currency>
                        <ns2:rubPrice>99833.9</ns2:rubPrice>
                        <ns2:prepaid>false</ns2:prepaid>
                        <ns2:docs>
                            <ns2:doc>
                                <ns2:ordinal>1</ns2:ordinal>
                                <ns2:date>2016-06-28</ns2:date>
                                <ns2:code>01</ns2:code>
                                <ns2:name>товарная накладная</ns2:name>
                                <ns2:number>2447</ns2:number>
                                <ns2:contractPosition>
                                    <ns2:guid>3cabb751-2007-014e-e053-ac11070d70ec</ns2:guid>
                                    <ns2:name>Опоры типа СВ</ns2:name>
                                    <ns2:okpd2>
                                        <code>23.61.12.161</code>
                                        <name>Трубы железобетонные</name>
                                    </ns2:okpd2>
                                </ns2:contractPosition>
                                <ns2:okei>
                                    <code>796</code>
                                    <name>Штука</name>
                                </ns2:okei>
                                <ns2:qty>10</ns2:qty>
                            </ns2:doc>
                        </ns2:docs>
                    </ns2:position>
                    <ns2:position>
                        <ns2:ordinal>20</ns2:ordinal>
                        <ns2:paymentDate>2016-12-14</ns2:paymentDate>
                        <ns2:price>84358.2</ns2:price>
                        <ns2:currency>
                            <code>RUB</code>
                            <digitalCode>643</digitalCode>
                            <name>Российский рубль</name>
                        </ns2:currency>
                        <ns2:rubPrice>84358.2</ns2:rubPrice>
                        <ns2:prepaid>false</ns2:prepaid>
                        <ns2:docs>
                            <ns2:doc>
                                <ns2:ordinal>1</ns2:ordinal>
                                <ns2:date>2016-10-21</ns2:date>
                                <ns2:code>01</ns2:code>
                                <ns2:name>товарная накладная</ns2:name>
                                <ns2:number>4339</ns2:number>
                                <ns2:contractPosition>
                                    <ns2:guid>3cabb751-2007-014e-e053-ac11070d70ec</ns2:guid>
                                    <ns2:name>Опоры типа СВ</ns2:name>
                                    <ns2:okpd2>
                                        <code>23.61.12.161</code>
                                        <name>Трубы железобетонные</name>
                                    </ns2:okpd2>
                                </ns2:contractPosition>
                                <ns2:okei>
                                    <code>796</code>
                                    <name>Штука</name>
                                </ns2:okei>
                                <ns2:qty>2</ns2:qty>
                            </ns2:doc>
                        </ns2:docs>
                    </ns2:position>
                    <ns2:position>
                        <ns2:ordinal>21</ns2:ordinal>
                        <ns2:paymentDate>2016-12-14</ns2:paymentDate>
                        <ns2:price>69883.73</ns2:price>
                        <ns2:currency>
                            <code>RUB</code>
                            <digitalCode>643</digitalCode>
                            <name>Российский рубль</name>
                        </ns2:currency>
                        <ns2:rubPrice>69883.73</ns2:rubPrice>
                        <ns2:prepaid>false</ns2:prepaid>
                        <ns2:docs>
                            <ns2:doc>
                                <ns2:ordinal>1</ns2:ordinal>
                                <ns2:date>2016-10-27</ns2:date>
                                <ns2:code>01</ns2:code>
                                <ns2:name>товарная накладная</ns2:name>
                                <ns2:number>4434</ns2:number>
                                <ns2:contractPosition>
                                    <ns2:guid>3cabb751-2007-014e-e053-ac11070d70ec</ns2:guid>
                                    <ns2:name>Опоры типа СВ</ns2:name>
                                    <ns2:okpd2>
                                        <code>23.61.12.161</code>
                                        <name>Трубы железобетонные</name>
                                    </ns2:okpd2>
                                </ns2:contractPosition>
                                <ns2:okei>
                                    <code>796</code>
                                    <name>Штука</name>
                                </ns2:okei>
                                <ns2:qty>7</ns2:qty>
                            </ns2:doc>
                        </ns2:docs>
                    </ns2:position>
                    <ns2:position>
                        <ns2:ordinal>23</ns2:ordinal>
                        <ns2:paymentDate>2017-01-23</ns2:paymentDate>
                        <ns2:price>59900.34</ns2:price>
                        <ns2:currency>
                            <code>RUB</code>
                            <digitalCode>643</digitalCode>
                            <name>Российский рубль</name>
                        </ns2:currency>
                        <ns2:rubPrice>59900.34</ns2:rubPrice>
                        <ns2:prepaid>false</ns2:prepaid>
                        <ns2:docs>
                            <ns2:doc>
                                <ns2:ordinal>1</ns2:ordinal>
                                <ns2:date>2016-12-07</ns2:date>
                                <ns2:code>01</ns2:code>
                                <ns2:name>товарная накладная</ns2:name>
                                <ns2:number>4953</ns2:number>
                                <ns2:contractPosition>
                                    <ns2:guid>3cabb751-2007-014e-e053-ac11070d70ec</ns2:guid>
                                    <ns2:name>Опоры типа СВ</ns2:name>
                                    <ns2:okpd2>
                                        <code>23.61.12.161</code>
                                        <name>Трубы железобетонные</name>
                                    </ns2:okpd2>
                                </ns2:contractPosition>
                                <ns2:okei>
                                    <code>796</code>
                                    <name>Штука</name>
                                </ns2:okei>
                                <ns2:qty>6</ns2:qty>
                            </ns2:doc>
                        </ns2:docs>
                    </ns2:position>
                    <ns2:position>
                        <ns2:ordinal>19</ns2:ordinal>
                        <ns2:paymentDate>2016-11-09</ns2:paymentDate>
                        <ns2:price>19966.78</ns2:price>
                        <ns2:currency>
                            <code>RUB</code>
                            <digitalCode>643</digitalCode>
                            <name>Российский рубль</name>
                        </ns2:currency>
                        <ns2:rubPrice>19966.78</ns2:rubPrice>
                        <ns2:prepaid>false</ns2:prepaid>
                        <ns2:docs>
                            <ns2:doc>
                                <ns2:ordinal>1</ns2:ordinal>
                                <ns2:date>2016-09-28</ns2:date>
                                <ns2:code>01</ns2:code>
                                <ns2:name>товарная накладная</ns2:name>
                                <ns2:number>3977</ns2:number>
                                <ns2:contractPosition>
                                    <ns2:guid>3cabb751-2007-014e-e053-ac11070d70ec</ns2:guid>
                                    <ns2:name>Опоры типа СВ</ns2:name>
                                    <ns2:okpd2>
                                        <code>23.61.12.161</code>
                                        <name>Трубы железобетонные</name>
                                    </ns2:okpd2>
                                </ns2:contractPosition>
                                <ns2:okei>
                                    <code>796</code>
                                    <name>Штука</name>
                                </ns2:okei>
                                <ns2:qty>2</ns2:qty>
                            </ns2:doc>
                        </ns2:docs>
                    </ns2:position>
                    <ns2:position>
                        <ns2:ordinal>7</ns2:ordinal>
                        <ns2:paymentDate>2016-08-17</ns2:paymentDate>
                        <ns2:price>59900.34</ns2:price>
                        <ns2:currency>
                            <code>RUB</code>
                            <digitalCode>643</digitalCode>
                            <name>Российский рубль</name>
                        </ns2:currency>
                        <ns2:rubPrice>59900.34</ns2:rubPrice>
                        <ns2:prepaid>false</ns2:prepaid>
                        <ns2:docs>
                            <ns2:doc>
                                <ns2:ordinal>1</ns2:ordinal>
                                <ns2:date>2016-06-27</ns2:date>
                                <ns2:code>01</ns2:code>
                                <ns2:name>товарная накладная</ns2:name>
                                <ns2:number>2430</ns2:number>
                                <ns2:contractPosition>
                                    <ns2:guid>3cabb751-2007-014e-e053-ac11070d70ec</ns2:guid>
                                    <ns2:name>Опоры типа СВ</ns2:name>
                                    <ns2:okpd2>
                                        <code>23.61.12.161</code>
                                        <name>Трубы железобетонные</name>
                                    </ns2:okpd2>
                                </ns2:contractPosition>
                                <ns2:okei>
                                    <code>796</code>
                                    <name>Штука</name>
                                </ns2:okei>
                                <ns2:qty>6</ns2:qty>
                            </ns2:doc>
                        </ns2:docs>
                    </ns2:position>
                    <ns2:position>
                        <ns2:ordinal>16</ns2:ordinal>
                        <ns2:paymentDate>2016-10-10</ns2:paymentDate>
                        <ns2:price>19966.78</ns2:price>
                        <ns2:currency>
                            <code>RUB</code>
                            <digitalCode>643</digitalCode>
                            <name>Российский рубль</name>
                        </ns2:currency>
                        <ns2:rubPrice>19966.78</ns2:rubPrice>
                        <ns2:prepaid>false</ns2:prepaid>
                        <ns2:docs>
                            <ns2:doc>
                                <ns2:ordinal>1</ns2:ordinal>
                                <ns2:date>2016-08-31</ns2:date>
                                <ns2:code>01</ns2:code>
                                <ns2:name>товарная накладная</ns2:name>
                                <ns2:number>3539</ns2:number>
                                <ns2:contractPosition>
                                    <ns2:guid>3cabb751-2007-014e-e053-ac11070d70ec</ns2:guid>
                                    <ns2:name>Опоры типа СВ</ns2:name>
                                    <ns2:okpd2>
                                        <code>23.61.12.161</code>
                                        <name>Трубы железобетонные</name>
                                    </ns2:okpd2>
                                </ns2:contractPosition>
                                <ns2:okei>
                                    <code>796</code>
                                    <name>Штука</name>
                                </ns2:okei>
                                <ns2:qty>2</ns2:qty>
                            </ns2:doc>
                        </ns2:docs>
                    </ns2:position>
                    <ns2:position>
                        <ns2:ordinal>11</ns2:ordinal>
                        <ns2:paymentDate>2016-09-28</ns2:paymentDate>
                        <ns2:price>119800.68</ns2:price>
                        <ns2:currency>
                            <code>RUB</code>
                            <digitalCode>643</digitalCode>
                            <name>Российский рубль</name>
                        </ns2:currency>
                        <ns2:rubPrice>119800.68</ns2:rubPrice>
                        <ns2:prepaid>false</ns2:prepaid>
                        <ns2:docs>
                            <ns2:doc>
                                <ns2:ordinal>1</ns2:ordinal>
                                <ns2:date>2016-08-23</ns2:date>
                                <ns2:code>01</ns2:code>
                                <ns2:name>товарная накладная</ns2:name>
                                <ns2:number>3393</ns2:number>
                                <ns2:contractPosition>
                                    <ns2:guid>3cabb751-2007-014e-e053-ac11070d70ec</ns2:guid>
                                    <ns2:name>Опоры типа СВ</ns2:name>
                                    <ns2:okpd2>
                                        <code>23.61.12.161</code>
                                        <name>Трубы железобетонные</name>
                                    </ns2:okpd2>
                                </ns2:contractPosition>
                                <ns2:okei>
                                    <code>796</code>
                                    <name>Штука</name>
                                </ns2:okei>
                                <ns2:qty>12</ns2:qty>
                            </ns2:doc>
                        </ns2:docs>
                    </ns2:position>
                    <ns2:position>
                        <ns2:ordinal>13</ns2:ordinal>
                        <ns2:paymentDate>2016-10-10</ns2:paymentDate>
                        <ns2:price>89850.51</ns2:price>
                        <ns2:currency>
                            <code>RUB</code>
                            <digitalCode>643</digitalCode>
                            <name>Российский рубль</name>
                        </ns2:currency>
                        <ns2:rubPrice>89850.51</ns2:rubPrice>
                        <ns2:prepaid>false</ns2:prepaid>
                        <ns2:docs>
                            <ns2:doc>
                                <ns2:ordinal>1</ns2:ordinal>
                                <ns2:date>2016-08-25</ns2:date>
                                <ns2:code>01</ns2:code>
                                <ns2:name>товарная накладная</ns2:name>
                                <ns2:number>3446</ns2:number>
                                <ns2:contractPosition>
                                    <ns2:guid>3cabb751-2007-014e-e053-ac11070d70ec</ns2:guid>
                                    <ns2:name>Опоры типа СВ</ns2:name>
                                    <ns2:okpd2>
                                        <code>23.61.12.161</code>
                                        <name>Трубы железобетонные</name>
                                    </ns2:okpd2>
                                </ns2:contractPosition>
                                <ns2:okei>
                                    <code>796</code>
                                    <name>Штука</name>
                                </ns2:okei>
                                <ns2:qty>9</ns2:qty>
                            </ns2:doc>
                        </ns2:docs>
                    </ns2:position>
                    <ns2:position>
                        <ns2:ordinal>15</ns2:ordinal>
                        <ns2:paymentDate>2016-10-10</ns2:paymentDate>
                        <ns2:price>173052.31</ns2:price>
                        <ns2:currency>
                            <code>RUB</code>
                            <digitalCode>643</digitalCode>
                            <name>Российский рубль</name>
                        </ns2:currency>
                        <ns2:rubPrice>173052.31</ns2:rubPrice>
                        <ns2:prepaid>false</ns2:prepaid>
                        <ns2:docs>
                            <ns2:doc>
                                <ns2:ordinal>1</ns2:ordinal>
                                <ns2:date>2016-08-31</ns2:date>
                                <ns2:code>01</ns2:code>
                                <ns2:name>товарная накладная</ns2:name>
                                <ns2:number>3538</ns2:number>
                                <ns2:contractPosition>
                                    <ns2:guid>3cabb751-2007-014e-e053-ac11070d70ec</ns2:guid>
                                    <ns2:name>Опоры типа СВ</ns2:name>
                                    <ns2:okpd2>
                                        <code>23.61.12.161</code>
                                        <name>Трубы железобетонные</name>
                                    </ns2:okpd2>
                                </ns2:contractPosition>
                                <ns2:okei>
                                    <code>796</code>
                                    <name>Штука</name>
                                </ns2:okei>
                                <ns2:qty>13</ns2:qty>
                            </ns2:doc>
                        </ns2:docs>
                    </ns2:position>
                    <ns2:position>
                        <ns2:ordinal>14</ns2:ordinal>
                        <ns2:paymentDate>2016-10-10</ns2:paymentDate>
                        <ns2:price>179701.02</ns2:price>
                        <ns2:currency>
                            <code>RUB</code>
                            <digitalCode>643</digitalCode>
                            <name>Российский рубль</name>
                        </ns2:currency>
                        <ns2:rubPrice>179701.02</ns2:rubPrice>
                        <ns2:prepaid>false</ns2:prepaid>
                        <ns2:docs>
                            <ns2:doc>
                                <ns2:ordinal>1</ns2:ordinal>
                                <ns2:date>2016-08-25</ns2:date>
                                <ns2:code>01</ns2:code>
                                <ns2:name>товарная накладная</ns2:name>
                                <ns2:number>3449</ns2:number>
                                <ns2:contractPosition>
                                    <ns2:guid>3cabb751-2007-014e-e053-ac11070d70ec</ns2:guid>
                                    <ns2:name>Опоры типа СВ</ns2:name>
                                    <ns2:okpd2>
                                        <code>23.61.12.161</code>
                                        <name>Трубы железобетонные</name>
                                    </ns2:okpd2>
                                </ns2:contractPosition>
                                <ns2:okei>
                                    <code>796</code>
                                    <name>Штука</name>
                                </ns2:okei>
                                <ns2:qty>18</ns2:qty>
                            </ns2:doc>
                        </ns2:docs>
                    </ns2:position>
                    <ns2:position>
                        <ns2:ordinal>24</ns2:ordinal>
                        <ns2:paymentDate>2016-05-23</ns2:paymentDate>
                        <ns2:price>126537.3</ns2:price>
                        <ns2:currency>
                            <code>RUB</code>
                            <digitalCode>643</digitalCode>
                            <name>Российский рубль</name>
                        </ns2:currency>
                        <ns2:rubPrice>126537.3</ns2:rubPrice>
                        <ns2:prepaid>false</ns2:prepaid>
                        <ns2:docs>
                            <ns2:doc>
                                <ns2:ordinal>1</ns2:ordinal>
                                <ns2:date>2016-03-31</ns2:date>
                                <ns2:code>01</ns2:code>
                                <ns2:name>товарная накладная</ns2:name>
                                <ns2:number>1288</ns2:number>
                                <ns2:contractPosition>
                                    <ns2:guid>3cabb751-2007-014e-e053-ac11070d70ec</ns2:guid>
                                    <ns2:name>Опоры типа СВ</ns2:name>
                                    <ns2:okpd2>
                                        <code>23.61.12.161</code>
                                        <name>Трубы железобетонные</name>
                                    </ns2:okpd2>
                                </ns2:contractPosition>
                                <ns2:okei>
                                    <code>796</code>
                                    <name>Штука</name>
                                </ns2:okei>
                                <ns2:qty>3</ns2:qty>
                            </ns2:doc>
                        </ns2:docs>
                    </ns2:position>
                    <ns2:position>
                        <ns2:ordinal>3</ns2:ordinal>
                        <ns2:paymentDate>2016-03-28</ns2:paymentDate>
                        <ns2:price>179701.02</ns2:price>
                        <ns2:currency>
                            <code>RUB</code>
                            <digitalCode>643</digitalCode>
                            <name>Российский рубль</name>
                        </ns2:currency>
                        <ns2:rubPrice>179701.02</ns2:rubPrice>
                        <ns2:prepaid>false</ns2:prepaid>
                        <ns2:docs>
                            <ns2:doc>
                                <ns2:ordinal>1</ns2:ordinal>
                                <ns2:date>2016-01-21</ns2:date>
                                <ns2:code>01</ns2:code>
                                <ns2:name>товарная накладная</ns2:name>
                                <ns2:number>153</ns2:number>
                                <ns2:contractPosition>
                                    <ns2:guid>3cabb751-2007-014e-e053-ac11070d70ec</ns2:guid>
                                    <ns2:name>Опоры типа СВ</ns2:name>
                                    <ns2:okpd2>
                                        <code>23.61.12.161</code>
                                        <name>Трубы железобетонные</name>
                                    </ns2:okpd2>
                                </ns2:contractPosition>
                                <ns2:okei>
                                    <code>796</code>
                                    <name>Штука</name>
                                </ns2:okei>
                                <ns2:qty>18</ns2:qty>
                            </ns2:doc>
                        </ns2:docs>
                    </ns2:position>
                    <ns2:position>
                        <ns2:ordinal>9</ns2:ordinal>
                        <ns2:paymentDate>2016-09-28</ns2:paymentDate>
                        <ns2:price>87638.6</ns2:price>
                        <ns2:currency>
                            <code>RUB</code>
                            <digitalCode>643</digitalCode>
                            <name>Российский рубль</name>
                        </ns2:currency>
                        <ns2:rubPrice>87638.6</ns2:rubPrice>
                        <ns2:prepaid>false</ns2:prepaid>
                        <ns2:docs>
                            <ns2:doc>
                                <ns2:ordinal>1</ns2:ordinal>
                                <ns2:date>2016-08-09</ns2:date>
                                <ns2:code>01</ns2:code>
                                <ns2:name>товарная накладная</ns2:name>
                                <ns2:number>3153</ns2:number>
                                <ns2:contractPosition>
                                    <ns2:guid>3cabb751-2007-014e-e053-ac11070d70ec</ns2:guid>
                                    <ns2:name>Опоры типа СВ</ns2:name>
                                    <ns2:okpd2>
                                        <code>23.61.12.161</code>
                                        <name>Трубы железобетонные</name>
                                    </ns2:okpd2>
                                </ns2:contractPosition>
                                <ns2:okei>
                                    <code>796</code>
                                    <name>Штука</name>
                                </ns2:okei>
                                <ns2:qty>4</ns2:qty>
                            </ns2:doc>
                        </ns2:docs>
                    </ns2:position>
                    <ns2:position>
                        <ns2:ordinal>25</ns2:ordinal>
                        <ns2:paymentDate>2016-10-24</ns2:paymentDate>
                        <ns2:price>168716.4</ns2:price>
                        <ns2:currency>
                            <code>RUB</code>
                            <digitalCode>643</digitalCode>
                            <name>Российский рубль</name>
                        </ns2:currency>
                        <ns2:rubPrice>168716.4</ns2:rubPrice>
                        <ns2:prepaid>false</ns2:prepaid>
                        <ns2:docs>
                            <ns2:doc>
                                <ns2:ordinal>1</ns2:ordinal>
                                <ns2:date>2016-09-07</ns2:date>
                                <ns2:code>01</ns2:code>
                                <ns2:name>товарная накладная</ns2:name>
                                <ns2:number>3647</ns2:number>
                                <ns2:contractPosition>
                                    <ns2:guid>3cabb751-2007-014e-e053-ac11070d70ec</ns2:guid>
                                    <ns2:name>Опоры типа СВ</ns2:name>
                                    <ns2:okpd2>
                                        <code>23.61.12.161</code>
                                        <name>Трубы железобетонные</name>
                                    </ns2:okpd2>
                                </ns2:contractPosition>
                                <ns2:okei>
                                    <code>796</code>
                                    <name>Штука</name>
                                </ns2:okei>
                                <ns2:qty>4</ns2:qty>
                            </ns2:doc>
                        </ns2:docs>
                    </ns2:position>
                    <ns2:total>2809580.59</ns2:total>
                </ns2:positions>
            </ns2:performanceContractData>
        </ns2:item>
    </ns2:body>
</ns2:performanceContract>
