<?xml version="1.0" encoding="UTF-8" standalone="yes"?>
<ns2:performanceContract xsi:schemaLocation="http://zakupki.gov.ru/223/integration/schema/TFF-5.2 http://zakupki.gov.ru/223/integration/schema/TFF-5.2/Types.xsd" xmlns="http://zakupki.gov.ru/223fz/types/1" xmlns:ns10="http://zakupki.gov.ru/223fz/disagreementProtocol/1" xmlns:ns11="http://zakupki.gov.ru/223fz/purchase/1" xmlns:ns12="http://zakupki.gov.ru/223fz/machineryListInfo/1" xmlns:ns13="http://zakupki.gov.ru/223fz/revenue/1" xmlns:ns14="http://zakupki.gov.ru/223fz/orderClauseList/1" xmlns:ns15="http://zakupki.gov.ru/223fz/complaint/1" xmlns:ns16="http://zakupki.gov.ru/223fz/missedNotice/1" xmlns:ns17="http://zakupki.gov.ru/223fz/notificationIssue/1" xmlns:ns18="http://zakupki.gov.ru/223fz/purchasePlanProject/1" xmlns:ns19="http://zakupki.gov.ru/223fz/webRequest/1" xmlns:ns2="http://zakupki.gov.ru/223fz/contract/1" xmlns:xsi="http://www.w3.org/2001/XMLSchema-instance" xmlns:ns3="http://zakupki.gov.ru/223fz/dishonestSupplier/1" xmlns:ns4="http://zakupki.gov.ru/223fz/decisionSuspension/1" xmlns:ns5="http://zakupki.gov.ru/223fz/purchasePlanAdditionalPosition/1" xmlns:ns6="http://zakupki.gov.ru/223fz/purchasePlan/1" xmlns:ns7="http://zakupki.gov.ru/223fz/purchasePlanProjectAdditionalPosition/1" xmlns:ns8="http://zakupki.gov.ru/223fz/reference/1" xmlns:ns9="http://zakupki.gov.ru/223fz/stopCommodity/1">
    <header>
        <guid>2ee62078-e94d-4fed-a7a7-f632c45c846c</guid>
        <createDateTime>2017-03-30T14:07:38</createDateTime>
    </header>
    <ns2:body>
        <ns2:item>
            <guid>709b299b-5dc8-43ff-b90d-2e2152fa075b</guid>
            <ns2:performanceContractData>
                <ns2:guid>7168f59f-46cf-4da3-bcc4-52cb99815337</ns2:guid>
                <ns2:registrationNumber>56671163413170001910023</ns2:registrationNumber>
                <ns2:urlOOS>https://zakupki.gov.ru/223/contract/private/completing/info/view.html?id=2667112</ns2:urlOOS>
                <ns2:createDateTime>2017-01-30T07:54:04</ns2:createDateTime>
                <ns2:customer>
                    <mainInfo>
                        <fullName>Открытое акционерное общество "Межрегиональная распределительная сетевая компания Урала"</fullName>
                        <shortName>ОАО "МРСК Урала"</shortName>
                        <iko>56671163413667201001</iko>
                        <inn>6671163413</inn>
                        <kpp>667201001</kpp>
                        <ogrn>1056604000970</ogrn>
                        <legalAddress>620026, Свердловская, Екатеринбург, Мамина-Сибиряка, дом 140</legalAddress>
                        <postalAddress>620026, Свердловская область, Екатеринбург, Мамина-Сибиряка, дом 140 </postalAddress>
                        <phone>7-343-2152600</phone>
                        <fax>7-343-2152661</fax>
                        <email>mrsk@mrsk-ural.ru</email>
                        <okato>65401000000</okato>
                        <okpo>76507836</okpo>
                    </mainInfo>
                </ns2:customer>
                <ns2:placer>
                    <mainInfo>
                        <fullName>Открытое акционерное общество "Межрегиональная распределительная сетевая компания Урала"</fullName>
                        <shortName>ОАО "МРСК Урала"</shortName>
                        <iko>56671163413667201001</iko>
                        <inn>6671163413</inn>
                        <kpp>667201001</kpp>
                        <ogrn>1056604000970</ogrn>
                        <legalAddress>620026, Свердловская, Екатеринбург, Мамина-Сибиряка, дом 140</legalAddress>
                        <postalAddress>620026, Свердловская область, Екатеринбург, Мамина-Сибиряка, дом 140 </postalAddress>
                        <phone>7-343-2152600</phone>
                        <fax>7-343-2152661</fax>
                        <email>mrsk@mrsk-ural.ru</email>
                        <okato>65401000000</okato>
                        <okpo>76507836</okpo>
                    </mainInfo>
                </ns2:placer>
                <ns2:publicationDate>2017-03-30T14:07:38</ns2:publicationDate>
                <ns2:status>P</ns2:status>
                <ns2:version>1</ns2:version>
                <ns2:completed>false</ns2:completed>
                <ns2:attachments>
                    <totalDocumentsCount>11</totalDocumentsCount>
                    <document>
                        <guid>dc5257a0-7b2a-476e-885e-0fbcb3fa5ff3</guid>
                        <createDateTime>2017-03-30T14:05:55</createDateTime>
                        <fileName>ТЭС_30.01.17_06.03.17_3800,00.pdf</fileName>
                        <description>ТЭС_30.01.17_06.03.17_3800,00</description>
                        <url>https://zakupki.gov.ru/223/contract/private/download/download.html?id=11737936</url>
                        <registrationNumber>56671163413170001910024</registrationNumber>
                    </document>
                    <document>
                        <guid>83c7fe31-62ef-4bca-9990-336ac8bc7fd2</guid>
                        <createDateTime>2017-03-30T14:07:04</createDateTime>
                        <fileName>ЧГЭС_30.01.17_02.02.17_20.03.17_262864,00.pdf</fileName>
                        <description>ЧГЭС_30.01.17_02.02.17_20.03.17_262864,00</description>
                        <url>https://zakupki.gov.ru/223/contract/private/download/download.html?id=11738017</url>
                        <registrationNumber>56671163413170001910025</registrationNumber>
                    </document>
                    <document>
                        <guid>82b1ac70-f6e1-4985-8389-412c9242d41f</guid>
                        <createDateTime>2017-03-30T14:05:38</createDateTime>
                        <fileName>МЭС_31.01.17_06.03.17_31710,00.pdf</fileName>
                        <description>МЭС_31.01.17_06.03.17_31710,00</description>
                        <url>https://zakupki.gov.ru/223/contract/private/download/download.html?id=11737905</url>
                        <registrationNumber>56671163413170001910026</registrationNumber>
                    </document>
                    <document>
                        <guid>20e26379-0dbc-4067-9ff8-91728e7ef49e</guid>
                        <createDateTime>2017-03-30T14:05:28</createDateTime>
                        <fileName>МЭС_17.01.17_06.03.17_4470,00.pdf</fileName>
                        <description>МЭС_17.01.17_06.03.17_4470,00</description>
                        <url>https://zakupki.gov.ru/223/contract/private/download/download.html?id=11737892</url>
                        <registrationNumber>56671163413170001910027</registrationNumber>
                    </document>
                    <document>
                        <guid>297e2565-e5b7-42ca-a0dc-b8f14f5b307a</guid>
                        <createDateTime>2017-03-30T14:06:44</createDateTime>
                        <fileName>ЦЭС 03.02.17_13.03.17_2620.00.pdf</fileName>
                        <description>ЦЭС 03.02.17_13.03.17_2620.00</description>
                        <url>https://zakupki.gov.ru/223/contract/private/download/download.html?id=11738005</url>
                        <registrationNumber>56671163413170001910028</registrationNumber>
                    </document>
                    <document>
                        <guid>778ec428-8c7a-439b-9007-56741b614396</guid>
                        <createDateTime>2017-03-30T14:06:28</createDateTime>
                        <fileName>ЦЭС 01.02.17_15.03.17_4474,00.pdf</fileName>
                        <description>ЦЭС 01.02.17_15.03.17_4474,00</description>
                        <url>https://zakupki.gov.ru/223/contract/private/download/download.html?id=11737989</url>
                        <registrationNumber>56671163413170001910029</registrationNumber>
                    </document>
                    <document>
                        <guid>e56b24a8-a686-47e1-9d18-f7b7110a2150</guid>
                        <createDateTime>2017-03-30T14:05:14</createDateTime>
                        <fileName>МЭС_02.02.17_15.03.17_34410,00.pdf</fileName>
                        <description>МЭС_02.02.17_15.03.17_34410,00</description>
                        <url>https://zakupki.gov.ru/223/contract/private/download/download.html?id=11737878</url>
                        <registrationNumber>56671163413170001910030</registrationNumber>
                    </document>
                    <document>
                        <guid>cfa33811-05fe-4e34-9623-d17b2db2cbea</guid>
                        <createDateTime>2017-03-30T14:05:48</createDateTime>
                        <fileName>ТЭС_02.02.17_06.03.17_154760,00.pdf</fileName>
                        <description>ТЭС_02.02.17_06.03.17_154760,00</description>
                        <url>https://zakupki.gov.ru/223/contract/private/download/download.html?id=11737927</url>
                        <registrationNumber>56671163413170001910031</registrationNumber>
                    </document>
                    <document>
                        <guid>a44f3e6e-fddc-42fb-8dec-688fae45f536</guid>
                        <createDateTime>2017-03-30T14:06:52</createDateTime>
                        <fileName>ЦЭС 24.01.17_22.03.17_6000.00.pdf</fileName>
                        <description>ЦЭС 24.01.17_22.03.17_6000.00</description>
                        <url>https://zakupki.gov.ru/223/contract/private/download/download.html?id=11738008</url>
                        <registrationNumber>56671163413170001910032</registrationNumber>
                    </document>
                    <document>
                        <guid>031e2f01-7165-4c6e-8c4b-46f82b3172f2</guid>
                        <createDateTime>2017-03-30T14:05:21</createDateTime>
                        <fileName>МЭС_16.02.17_06.03.17_85020,00.pdf</fileName>
                        <description>МЭС_16.02.17_06.03.17_85020,00</description>
                        <url>https://zakupki.gov.ru/223/contract/private/download/download.html?id=11737886</url>
                        <registrationNumber>56671163413170001910033</registrationNumber>
                    </document>
                    <document>
                        <guid>7ee68df6-b19e-434f-afde-3e7c4b3b8c72</guid>
                        <createDateTime>2017-03-30T14:06:37</createDateTime>
                        <fileName>ЦЭС 02.02.17_15.03.17_238266.00.pdf</fileName>
                        <description>ЦЭС 02.02.17_15.03.17_238266.00</description>
                        <url>https://zakupki.gov.ru/223/contract/private/download/download.html?id=11737999</url>
                        <registrationNumber>56671163413170001910034</registrationNumber>
                    </document>
                </ns2:attachments>
                <ns2:hasPenalty>false</ns2:hasPenalty>
                <ns2:contractRegNumber>56671163413170001910000</ns2:contractRegNumber>
                <ns2:contractInfo>
                    <ns2:guid>ebe7ab32-1115-4de2-ba6c-4490cbccf6e2</ns2:guid>
                    <ns2:agencyName>ОАО "МРСК Урала"</ns2:agencyName>
                    <ns2:supplierName>ОБЩЕСТВО С ОГРАНИЧЕННОЙ ОТВЕТСТВЕННОСТЬЮ "ЭНЕРГОГРУПП УРАЛ"</ns2:supplierName>
                    <ns2:lotInfo>право заключения договора на поставку прочих СИЗ (медаптечки, плакаты, лестницы и т.д.) для  выполнения ремонтной и инвестиционной программ филиала ОАО «МРСК Урала» - «Челябэнерго» в 2017  г.</ns2:lotInfo>
                    <ns2:contractDate>2016-12-30</ns2:contractDate>
                </ns2:contractInfo>
                <ns2:positions>
                    <ns2:position>
                        <ns2:ordinal>11</ns2:ordinal>
                        <ns2:paymentDate>2017-03-20</ns2:paymentDate>
                        <ns2:price>262864</ns2:price>
                        <ns2:currency>
                            <code>RUB</code>
                            <digitalCode>643</digitalCode>
                            <name>Российский рубль</name>
                        </ns2:currency>
                        <ns2:rubPrice>262864</ns2:rubPrice>
                        <ns2:prepaid>false</ns2:prepaid>
                        <ns2:docs>
                            <ns2:doc>
                                <ns2:ordinal>1</ns2:ordinal>
                                <ns2:code>01</ns2:code>
                                <ns2:name>товарная накладная</ns2:name>
                                <ns2:contractPosition>
                                    <ns2:guid>d806f35b-8cce-4e26-a6b9-0c7f31aaf581</ns2:guid>
                                    <ns2:name>Уборы головные защитные и средства защиты прочие, не включенные в другие группировки</ns2:name>
                                    <ns2:okpd2>
                                        <code>32.99.11.190</code>
                                        <name>Уборы головные защитные и средства защиты прочие, не включенные в другие группировки</name>
                                    </ns2:okpd2>
                                </ns2:contractPosition>
                                <ns2:okei>
                                    <code>642</code>
                                    <name>Единица</name>
                                </ns2:okei>
                                <ns2:qty>1</ns2:qty>
                            </ns2:doc>
                        </ns2:docs>
                    </ns2:position>
                    <ns2:position>
                        <ns2:ordinal>3</ns2:ordinal>
                        <ns2:paymentDate>2017-03-06</ns2:paymentDate>
                        <ns2:price>4470</ns2:price>
                        <ns2:currency>
                            <code>RUB</code>
                            <digitalCode>643</digitalCode>
                            <name>Российский рубль</name>
                        </ns2:currency>
                        <ns2:rubPrice>4470</ns2:rubPrice>
                        <ns2:prepaid>false</ns2:prepaid>
                        <ns2:docs>
                            <ns2:doc>
                                <ns2:ordinal>1</ns2:ordinal>
                                <ns2:code>01</ns2:code>
                                <ns2:name>товарная накладная</ns2:name>
                                <ns2:contractPosition>
                                    <ns2:guid>d806f35b-8cce-4e26-a6b9-0c7f31aaf581</ns2:guid>
                                    <ns2:name>Уборы головные защитные и средства защиты прочие, не включенные в другие группировки</ns2:name>
                                    <ns2:okpd2>
                                        <code>32.99.11.190</code>
                                        <name>Уборы головные защитные и средства защиты прочие, не включенные в другие группировки</name>
                                    </ns2:okpd2>
                                </ns2:contractPosition>
                                <ns2:okei>
                                    <code>642</code>
                                    <name>Единица</name>
                                </ns2:okei>
                                <ns2:qty>1</ns2:qty>
                            </ns2:doc>
                        </ns2:docs>
                    </ns2:position>
                    <ns2:position>
                        <ns2:ordinal>2</ns2:ordinal>
                        <ns2:paymentDate>2017-03-06</ns2:paymentDate>
                        <ns2:price>85020</ns2:price>
                        <ns2:currency>
                            <code>RUB</code>
                            <digitalCode>643</digitalCode>
                            <name>Российский рубль</name>
                        </ns2:currency>
                        <ns2:rubPrice>85020</ns2:rubPrice>
                        <ns2:prepaid>false</ns2:prepaid>
                        <ns2:docs>
                            <ns2:doc>
                                <ns2:ordinal>1</ns2:ordinal>
                                <ns2:code>01</ns2:code>
                                <ns2:name>товарная накладная</ns2:name>
                                <ns2:contractPosition>
                                    <ns2:guid>d806f35b-8cce-4e26-a6b9-0c7f31aaf581</ns2:guid>
                                    <ns2:name>Уборы головные защитные и средства защиты прочие, не включенные в другие группировки</ns2:name>
                                    <ns2:okpd2>
                                        <code>32.99.11.190</code>
                                        <name>Уборы головные защитные и средства защиты прочие, не включенные в другие группировки</name>
                                    </ns2:okpd2>
                                </ns2:contractPosition>
                                <ns2:okei>
                                    <code>642</code>
                                    <name>Единица</name>
                                </ns2:okei>
                                <ns2:qty>1</ns2:qty>
                            </ns2:doc>
                        </ns2:docs>
                    </ns2:position>
                    <ns2:position>
                        <ns2:ordinal>1</ns2:ordinal>
                        <ns2:paymentDate>2017-03-15</ns2:paymentDate>
                        <ns2:price>34410</ns2:price>
                        <ns2:currency>
                            <code>RUB</code>
                            <digitalCode>643</digitalCode>
                            <name>Российский рубль</name>
                        </ns2:currency>
                        <ns2:rubPrice>34410</ns2:rubPrice>
                        <ns2:prepaid>false</ns2:prepaid>
                        <ns2:docs>
                            <ns2:doc>
                                <ns2:ordinal>1</ns2:ordinal>
                                <ns2:code>01</ns2:code>
                                <ns2:name>товарная накладная</ns2:name>
                                <ns2:contractPosition>
                                    <ns2:guid>d806f35b-8cce-4e26-a6b9-0c7f31aaf581</ns2:guid>
                                    <ns2:name>Уборы головные защитные и средства защиты прочие, не включенные в другие группировки</ns2:name>
                                    <ns2:okpd2>
                                        <code>32.99.11.190</code>
                                        <name>Уборы головные защитные и средства защиты прочие, не включенные в другие группировки</name>
                                    </ns2:okpd2>
                                </ns2:contractPosition>
                                <ns2:okei>
                                    <code>642</code>
                                    <name>Единица</name>
                                </ns2:okei>
                                <ns2:qty>1</ns2:qty>
                            </ns2:doc>
                        </ns2:docs>
                    </ns2:position>
                    <ns2:position>
                        <ns2:ordinal>6</ns2:ordinal>
                        <ns2:paymentDate>2017-03-06</ns2:paymentDate>
                        <ns2:price>3800</ns2:price>
                        <ns2:currency>
                            <code>RUB</code>
                            <digitalCode>643</digitalCode>
                            <name>Российский рубль</name>
                        </ns2:currency>
                        <ns2:rubPrice>3800</ns2:rubPrice>
                        <ns2:prepaid>false</ns2:prepaid>
                        <ns2:docs>
                            <ns2:doc>
                                <ns2:ordinal>1</ns2:ordinal>
                                <ns2:code>01</ns2:code>
                                <ns2:name>товарная накладная</ns2:name>
                                <ns2:contractPosition>
                                    <ns2:guid>d806f35b-8cce-4e26-a6b9-0c7f31aaf581</ns2:guid>
                                    <ns2:name>Уборы головные защитные и средства защиты прочие, не включенные в другие группировки</ns2:name>
                                    <ns2:okpd2>
                                        <code>32.99.11.190</code>
                                        <name>Уборы головные защитные и средства защиты прочие, не включенные в другие группировки</name>
                                    </ns2:okpd2>
                                </ns2:contractPosition>
                                <ns2:okei>
                                    <code>642</code>
                                    <name>Единица</name>
                                </ns2:okei>
                                <ns2:qty>1</ns2:qty>
                            </ns2:doc>
                        </ns2:docs>
                    </ns2:position>
                    <ns2:position>
                        <ns2:ordinal>5</ns2:ordinal>
                        <ns2:paymentDate>2017-03-06</ns2:paymentDate>
                        <ns2:price>154760</ns2:price>
                        <ns2:currency>
                            <code>RUB</code>
                            <digitalCode>643</digitalCode>
                            <name>Российский рубль</name>
                        </ns2:currency>
                        <ns2:rubPrice>154760</ns2:rubPrice>
                        <ns2:prepaid>false</ns2:prepaid>
                        <ns2:docs>
                            <ns2:doc>
                                <ns2:ordinal>1</ns2:ordinal>
                                <ns2:code>01</ns2:code>
                                <ns2:name>товарная накладная</ns2:name>
                                <ns2:contractPosition>
                                    <ns2:guid>d806f35b-8cce-4e26-a6b9-0c7f31aaf581</ns2:guid>
                                    <ns2:name>Уборы головные защитные и средства защиты прочие, не включенные в другие группировки</ns2:name>
                                    <ns2:okpd2>
                                        <code>32.99.11.190</code>
                                        <name>Уборы головные защитные и средства защиты прочие, не включенные в другие группировки</name>
                                    </ns2:okpd2>
                                </ns2:contractPosition>
                                <ns2:okei>
                                    <code>642</code>
                                    <name>Единица</name>
                                </ns2:okei>
                                <ns2:qty>1</ns2:qty>
                            </ns2:doc>
                        </ns2:docs>
                    </ns2:position>
                    <ns2:position>
                        <ns2:ordinal>8</ns2:ordinal>
                        <ns2:paymentDate>2017-03-15</ns2:paymentDate>
                        <ns2:price>238266</ns2:price>
                        <ns2:currency>
                            <code>RUB</code>
                            <digitalCode>643</digitalCode>
                            <name>Российский рубль</name>
                        </ns2:currency>
                        <ns2:rubPrice>238266</ns2:rubPrice>
                        <ns2:prepaid>false</ns2:prepaid>
                        <ns2:docs>
                            <ns2:doc>
                                <ns2:ordinal>1</ns2:ordinal>
                                <ns2:code>01</ns2:code>
                                <ns2:name>товарная накладная</ns2:name>
                                <ns2:contractPosition>
                                    <ns2:guid>d806f35b-8cce-4e26-a6b9-0c7f31aaf581</ns2:guid>
                                    <ns2:name>Уборы головные защитные и средства защиты прочие, не включенные в другие группировки</ns2:name>
                                    <ns2:okpd2>
                                        <code>32.99.11.190</code>
                                        <name>Уборы головные защитные и средства защиты прочие, не включенные в другие группировки</name>
                                    </ns2:okpd2>
                                </ns2:contractPosition>
                                <ns2:okei>
                                    <code>642</code>
                                    <name>Единица</name>
                                </ns2:okei>
                                <ns2:qty>1</ns2:qty>
                            </ns2:doc>
                        </ns2:docs>
                    </ns2:position>
                    <ns2:position>
                        <ns2:ordinal>9</ns2:ordinal>
                        <ns2:paymentDate>2017-03-13</ns2:paymentDate>
                        <ns2:price>2620</ns2:price>
                        <ns2:currency>
                            <code>RUB</code>
                            <digitalCode>643</digitalCode>
                            <name>Российский рубль</name>
                        </ns2:currency>
                        <ns2:rubPrice>2620</ns2:rubPrice>
                        <ns2:prepaid>false</ns2:prepaid>
                        <ns2:docs>
                            <ns2:doc>
                                <ns2:ordinal>1</ns2:ordinal>
                                <ns2:code>01</ns2:code>
                                <ns2:name>товарная накладная</ns2:name>
                                <ns2:contractPosition>
                                    <ns2:guid>d806f35b-8cce-4e26-a6b9-0c7f31aaf581</ns2:guid>
                                    <ns2:name>Уборы головные защитные и средства защиты прочие, не включенные в другие группировки</ns2:name>
                                    <ns2:okpd2>
                                        <code>32.99.11.190</code>
                                        <name>Уборы головные защитные и средства защиты прочие, не включенные в другие группировки</name>
                                    </ns2:okpd2>
                                </ns2:contractPosition>
                                <ns2:okei>
                                    <code>642</code>
                                    <name>Единица</name>
                                </ns2:okei>
                                <ns2:qty>1</ns2:qty>
                            </ns2:doc>
                        </ns2:docs>
                    </ns2:position>
                    <ns2:position>
                        <ns2:ordinal>4</ns2:ordinal>
                        <ns2:paymentDate>2017-03-06</ns2:paymentDate>
                        <ns2:price>31710</ns2:price>
                        <ns2:currency>
                            <code>RUB</code>
                            <digitalCode>643</digitalCode>
                            <name>Российский рубль</name>
                        </ns2:currency>
                        <ns2:rubPrice>31710</ns2:rubPrice>
                        <ns2:prepaid>false</ns2:prepaid>
                        <ns2:docs>
                            <ns2:doc>
                                <ns2:ordinal>1</ns2:ordinal>
                                <ns2:code>01</ns2:code>
                                <ns2:name>товарная накладная</ns2:name>
                                <ns2:contractPosition>
                                    <ns2:guid>d806f35b-8cce-4e26-a6b9-0c7f31aaf581</ns2:guid>
                                    <ns2:name>Уборы головные защитные и средства защиты прочие, не включенные в другие группировки</ns2:name>
                                    <ns2:okpd2>
                                        <code>32.99.11.190</code>
                                        <name>Уборы головные защитные и средства защиты прочие, не включенные в другие группировки</name>
                                    </ns2:okpd2>
                                </ns2:contractPosition>
                                <ns2:okei>
                                    <code>642</code>
                                    <name>Единица</name>
                                </ns2:okei>
                                <ns2:qty>1</ns2:qty>
                            </ns2:doc>
                        </ns2:docs>
                    </ns2:position>
                    <ns2:position>
                        <ns2:ordinal>7</ns2:ordinal>
                        <ns2:paymentDate>2017-03-15</ns2:paymentDate>
                        <ns2:price>4474</ns2:price>
                        <ns2:currency>
                            <code>RUB</code>
                            <digitalCode>643</digitalCode>
                            <name>Российский рубль</name>
                        </ns2:currency>
                        <ns2:rubPrice>4474</ns2:rubPrice>
                        <ns2:prepaid>false</ns2:prepaid>
                        <ns2:docs>
                            <ns2:doc>
                                <ns2:ordinal>1</ns2:ordinal>
                                <ns2:code>01</ns2:code>
                                <ns2:name>товарная накладная</ns2:name>
                                <ns2:contractPosition>
                                    <ns2:guid>d806f35b-8cce-4e26-a6b9-0c7f31aaf581</ns2:guid>
                                    <ns2:name>Уборы головные защитные и средства защиты прочие, не включенные в другие группировки</ns2:name>
                                    <ns2:okpd2>
                                        <code>32.99.11.190</code>
                                        <name>Уборы головные защитные и средства защиты прочие, не включенные в другие группировки</name>
                                    </ns2:okpd2>
                                </ns2:contractPosition>
                                <ns2:okei>
                                    <code>642</code>
                                    <name>Единица</name>
                                </ns2:okei>
                                <ns2:qty>1</ns2:qty>
                            </ns2:doc>
                        </ns2:docs>
                    </ns2:position>
                    <ns2:position>
                        <ns2:ordinal>10</ns2:ordinal>
                        <ns2:paymentDate>2017-03-22</ns2:paymentDate>
                        <ns2:price>6000</ns2:price>
                        <ns2:currency>
                            <code>RUB</code>
                            <digitalCode>643</digitalCode>
                            <name>Российский рубль</name>
                        </ns2:currency>
                        <ns2:rubPrice>6000</ns2:rubPrice>
                        <ns2:prepaid>false</ns2:prepaid>
                        <ns2:docs>
                            <ns2:doc>
                                <ns2:ordinal>1</ns2:ordinal>
                                <ns2:code>01</ns2:code>
                                <ns2:name>товарная накладная</ns2:name>
                                <ns2:contractPosition>
                                    <ns2:guid>d806f35b-8cce-4e26-a6b9-0c7f31aaf581</ns2:guid>
                                    <ns2:name>Уборы головные защитные и средства защиты прочие, не включенные в другие группировки</ns2:name>
                                    <ns2:okpd2>
                                        <code>32.99.11.190</code>
                                        <name>Уборы головные защитные и средства защиты прочие, не включенные в другие группировки</name>
                                    </ns2:okpd2>
                                </ns2:contractPosition>
                                <ns2:okei>
                                    <code>642</code>
                                    <name>Единица</name>
                                </ns2:okei>
                                <ns2:qty>1</ns2:qty>
                            </ns2:doc>
                        </ns2:docs>
                    </ns2:position>
                    <ns2:total>828394</ns2:total>
                </ns2:positions>
            </ns2:performanceContractData>
        </ns2:item>
    </ns2:body>
</ns2:performanceContract>
