<?xml version="1.0" encoding="UTF-8" standalone="yes"?>
<ns2:performanceContract xsi:schemaLocation="http://zakupki.gov.ru/223/integration/schema/TFF-5.2 http://zakupki.gov.ru/223/integration/schema/TFF-5.2/Types.xsd" xmlns="http://zakupki.gov.ru/223fz/types/1" xmlns:ns10="http://zakupki.gov.ru/223fz/disagreementProtocol/1" xmlns:ns11="http://zakupki.gov.ru/223fz/purchase/1" xmlns:ns12="http://zakupki.gov.ru/223fz/machineryListInfo/1" xmlns:ns13="http://zakupki.gov.ru/223fz/revenue/1" xmlns:ns14="http://zakupki.gov.ru/223fz/orderClauseList/1" xmlns:ns15="http://zakupki.gov.ru/223fz/complaint/1" xmlns:ns16="http://zakupki.gov.ru/223fz/missedNotice/1" xmlns:ns17="http://zakupki.gov.ru/223fz/notificationIssue/1" xmlns:ns18="http://zakupki.gov.ru/223fz/purchasePlanProject/1" xmlns:ns19="http://zakupki.gov.ru/223fz/webRequest/1" xmlns:ns2="http://zakupki.gov.ru/223fz/contract/1" xmlns:xsi="http://www.w3.org/2001/XMLSchema-instance" xmlns:ns3="http://zakupki.gov.ru/223fz/dishonestSupplier/1" xmlns:ns4="http://zakupki.gov.ru/223fz/decisionSuspension/1" xmlns:ns5="http://zakupki.gov.ru/223fz/purchasePlanAdditionalPosition/1" xmlns:ns6="http://zakupki.gov.ru/223fz/purchasePlan/1" xmlns:ns7="http://zakupki.gov.ru/223fz/purchasePlanProjectAdditionalPosition/1" xmlns:ns8="http://zakupki.gov.ru/223fz/reference/1" xmlns:ns9="http://zakupki.gov.ru/223fz/stopCommodity/1">
    <header>
        <guid>10f24338-57f0-45bc-addb-c81c52fb3897</guid>
        <createDateTime>2017-03-30T13:26:47</createDateTime>
    </header>
    <ns2:body>
        <ns2:item>
            <guid>0aea4e7a-35a2-4928-a48f-edbc88670149</guid>
            <ns2:performanceContractData>
                <ns2:guid>690bdfd1-8f41-4ad2-b283-735af03fa6c6</ns2:guid>
                <ns2:registrationNumber>56671163413160030530003</ns2:registrationNumber>
                <ns2:urlOOS>https://zakupki.gov.ru/223/contract/private/completing/info/view.html?id=2666613</ns2:urlOOS>
                <ns2:createDateTime>2016-12-09T12:02:05</ns2:createDateTime>
                <ns2:customer>
                    <mainInfo>
                        <fullName>Открытое акционерное общество "Межрегиональная распределительная сетевая компания Урала"</fullName>
                        <shortName>ОАО "МРСК Урала"</shortName>
                        <iko>56671163413667201001</iko>
                        <inn>6671163413</inn>
                        <kpp>667201001</kpp>
                        <ogrn>1056604000970</ogrn>
                        <legalAddress>620026, Свердловская, Екатеринбург, Мамина-Сибиряка, дом 140</legalAddress>
                        <postalAddress>620026, Свердловская область, Екатеринбург, Мамина-Сибиряка, дом 140 </postalAddress>
                        <phone>7-343-2152600</phone>
                        <fax>7-343-2152661</fax>
                        <email>mrsk@mrsk-ural.ru</email>
                        <okato>65401000000</okato>
                        <okpo>76507836</okpo>
                    </mainInfo>
                </ns2:customer>
                <ns2:placer>
                    <mainInfo>
                        <fullName>Открытое акционерное общество "Межрегиональная распределительная сетевая компания Урала"</fullName>
                        <shortName>ОАО "МРСК Урала"</shortName>
                        <iko>56671163413667201001</iko>
                        <inn>6671163413</inn>
                        <kpp>667201001</kpp>
                        <ogrn>1056604000970</ogrn>
                        <legalAddress>620026, Свердловская, Екатеринбург, Мамина-Сибиряка, дом 140</legalAddress>
                        <postalAddress>620026, Свердловская область, Екатеринбург, Мамина-Сибиряка, дом 140 </postalAddress>
                        <phone>7-343-2152600</phone>
                        <fax>7-343-2152661</fax>
                        <email>mrsk@mrsk-ural.ru</email>
                        <okato>65401000000</okato>
                        <okpo>76507836</okpo>
                    </mainInfo>
                </ns2:placer>
                <ns2:publicationDate>2017-03-30T13:26:47</ns2:publicationDate>
                <ns2:status>P</ns2:status>
                <ns2:version>1</ns2:version>
                <ns2:completed>false</ns2:completed>
                <ns2:attachments>
                    <totalDocumentsCount>6</totalDocumentsCount>
                    <document>
                        <guid>335de46b-f4b7-44bd-8c7d-369d357fe6a6</guid>
                        <createDateTime>2017-03-30T13:26:00</createDateTime>
                        <fileName>ЦЭС 07.02.17_20.03.17_162900.00.pdf</fileName>
                        <description>ЦЭС 07.02.17_20.03.17_162900.00</description>
                        <url>https://zakupki.gov.ru/223/contract/private/download/download.html?id=11735123</url>
                        <registrationNumber>56671163413160030530004</registrationNumber>
                    </document>
                    <document>
                        <guid>557b39c4-ab6c-4bc0-b199-a4298555c2d9</guid>
                        <createDateTime>2017-03-30T13:25:41</createDateTime>
                        <fileName>ЗЭС_07.02.17_13.03.17_50368,75.pdf</fileName>
                        <description>ЗЭС_07.02.17_13.03.17_50368,75</description>
                        <url>https://zakupki.gov.ru/223/contract/private/download/download.html?id=11735109</url>
                        <registrationNumber>56671163413160030530005</registrationNumber>
                    </document>
                    <document>
                        <guid>8fe5f694-c41c-4afa-bb6d-f039614971ba</guid>
                        <createDateTime>2017-03-30T13:26:07</createDateTime>
                        <fileName>ЧГЭС_07.02.17_15.03.17_40600,00.pdf</fileName>
                        <description>ЧГЭС_07.02.17_15.03.17_40600,00</description>
                        <url>https://zakupki.gov.ru/223/contract/private/download/download.html?id=11735126</url>
                        <registrationNumber>56671163413160030530006</registrationNumber>
                    </document>
                    <document>
                        <guid>535bd877-b2a9-42ab-8862-894a14392be6</guid>
                        <createDateTime>2017-03-30T13:25:48</createDateTime>
                        <fileName>МЭС_07.02.17_13.03.17_491061,64.pdf</fileName>
                        <description>МЭС_07.02.17_13.03.17_491061,64</description>
                        <url>https://zakupki.gov.ru/223/contract/private/download/download.html?id=11735114</url>
                        <registrationNumber>56671163413160030530007</registrationNumber>
                    </document>
                    <document>
                        <guid>fa94a1de-111e-4287-9442-357cffe604a0</guid>
                        <createDateTime>2017-03-30T13:26:17</createDateTime>
                        <fileName>ЧГЭС_07.02.17_20.03.17_80330,00.pdf</fileName>
                        <description>ЧГЭС_07.02.17_20.03.17_80330,00</description>
                        <url>https://zakupki.gov.ru/223/contract/private/download/download.html?id=11735134</url>
                        <registrationNumber>56671163413160030530008</registrationNumber>
                    </document>
                    <document>
                        <guid>c63c1c51-26af-4690-abb7-29e6f3d5f14d</guid>
                        <createDateTime>2017-03-30T13:25:53</createDateTime>
                        <fileName>ТЭС_07.02.17_13.03.17_2751,00.pdf</fileName>
                        <description>ТЭС_07.02.17_13.03.17_2751,00</description>
                        <url>https://zakupki.gov.ru/223/contract/private/download/download.html?id=11735118</url>
                        <registrationNumber>56671163413160030530009</registrationNumber>
                    </document>
                </ns2:attachments>
                <ns2:hasPenalty>false</ns2:hasPenalty>
                <ns2:contractRegNumber>56671163413160030530000</ns2:contractRegNumber>
                <ns2:contractInfo>
                    <ns2:guid>ba915d69-308a-4057-9912-7c6b8e8b1290</ns2:guid>
                    <ns2:agencyName>ОАО "МРСК Урала"</ns2:agencyName>
                    <ns2:supplierName>ОБЩЕСТВО С ОГРАНИЧЕННОЙ ОТВЕТСТВЕННОСТЬЮ "ТСК АЛЬЯНС"</ns2:supplierName>
                    <ns2:lotInfo>Закупка № 167307 лот № 237 «Поставка прочих (клей, шпатлевка, обои, т.д.)»</ns2:lotInfo>
                    <ns2:contractDate>2016-12-09</ns2:contractDate>
                </ns2:contractInfo>
                <ns2:positions>
                    <ns2:position>
                        <ns2:ordinal>6</ns2:ordinal>
                        <ns2:paymentDate>2017-03-20</ns2:paymentDate>
                        <ns2:price>80330</ns2:price>
                        <ns2:currency>
                            <code>RUB</code>
                            <digitalCode>643</digitalCode>
                            <name>Российский рубль</name>
                        </ns2:currency>
                        <ns2:rubPrice>80330</ns2:rubPrice>
                        <ns2:prepaid>false</ns2:prepaid>
                        <ns2:docs>
                            <ns2:doc>
                                <ns2:ordinal>1</ns2:ordinal>
                                <ns2:code>01</ns2:code>
                                <ns2:name>товарная накладная</ns2:name>
                                <ns2:contractPosition>
                                    <ns2:guid>22c975eb-14ab-4cba-88e8-029d786adfc6</ns2:guid>
                                    <ns2:name>Обои</ns2:name>
                                    <ns2:okpd2>
                                        <code>17.24.11.110</code>
                                        <name>Обои</name>
                                    </ns2:okpd2>
                                </ns2:contractPosition>
                                <ns2:okei>
                                    <code>642</code>
                                    <name>Единица</name>
                                </ns2:okei>
                                <ns2:qty>1</ns2:qty>
                            </ns2:doc>
                        </ns2:docs>
                    </ns2:position>
                    <ns2:position>
                        <ns2:ordinal>1</ns2:ordinal>
                        <ns2:paymentDate>2017-03-13</ns2:paymentDate>
                        <ns2:price>50368.75</ns2:price>
                        <ns2:currency>
                            <code>RUB</code>
                            <digitalCode>643</digitalCode>
                            <name>Российский рубль</name>
                        </ns2:currency>
                        <ns2:rubPrice>50368.75</ns2:rubPrice>
                        <ns2:prepaid>false</ns2:prepaid>
                        <ns2:docs>
                            <ns2:doc>
                                <ns2:ordinal>1</ns2:ordinal>
                                <ns2:code>01</ns2:code>
                                <ns2:name>товарная накладная</ns2:name>
                                <ns2:contractPosition>
                                    <ns2:guid>22c975eb-14ab-4cba-88e8-029d786adfc6</ns2:guid>
                                    <ns2:name>Обои</ns2:name>
                                    <ns2:okpd2>
                                        <code>17.24.11.110</code>
                                        <name>Обои</name>
                                    </ns2:okpd2>
                                </ns2:contractPosition>
                                <ns2:okei>
                                    <code>642</code>
                                    <name>Единица</name>
                                </ns2:okei>
                                <ns2:qty>1</ns2:qty>
                            </ns2:doc>
                        </ns2:docs>
                    </ns2:position>
                    <ns2:position>
                        <ns2:ordinal>2</ns2:ordinal>
                        <ns2:paymentDate>2017-03-13</ns2:paymentDate>
                        <ns2:price>491061.64</ns2:price>
                        <ns2:currency>
                            <code>RUB</code>
                            <digitalCode>643</digitalCode>
                            <name>Российский рубль</name>
                        </ns2:currency>
                        <ns2:rubPrice>491061.64</ns2:rubPrice>
                        <ns2:prepaid>false</ns2:prepaid>
                        <ns2:docs>
                            <ns2:doc>
                                <ns2:ordinal>1</ns2:ordinal>
                                <ns2:code>01</ns2:code>
                                <ns2:name>товарная накладная</ns2:name>
                                <ns2:contractPosition>
                                    <ns2:guid>22c975eb-14ab-4cba-88e8-029d786adfc6</ns2:guid>
                                    <ns2:name>Обои</ns2:name>
                                    <ns2:okpd2>
                                        <code>17.24.11.110</code>
                                        <name>Обои</name>
                                    </ns2:okpd2>
                                </ns2:contractPosition>
                                <ns2:okei>
                                    <code>642</code>
                                    <name>Единица</name>
                                </ns2:okei>
                                <ns2:qty>1</ns2:qty>
                            </ns2:doc>
                        </ns2:docs>
                    </ns2:position>
                    <ns2:position>
                        <ns2:ordinal>3</ns2:ordinal>
                        <ns2:paymentDate>2017-03-13</ns2:paymentDate>
                        <ns2:price>2751</ns2:price>
                        <ns2:currency>
                            <code>RUB</code>
                            <digitalCode>643</digitalCode>
                            <name>Российский рубль</name>
                        </ns2:currency>
                        <ns2:rubPrice>2751</ns2:rubPrice>
                        <ns2:prepaid>false</ns2:prepaid>
                        <ns2:docs>
                            <ns2:doc>
                                <ns2:ordinal>1</ns2:ordinal>
                                <ns2:code>01</ns2:code>
                                <ns2:name>товарная накладная</ns2:name>
                                <ns2:contractPosition>
                                    <ns2:guid>22c975eb-14ab-4cba-88e8-029d786adfc6</ns2:guid>
                                    <ns2:name>Обои</ns2:name>
                                    <ns2:okpd2>
                                        <code>17.24.11.110</code>
                                        <name>Обои</name>
                                    </ns2:okpd2>
                                </ns2:contractPosition>
                                <ns2:okei>
                                    <code>642</code>
                                    <name>Единица</name>
                                </ns2:okei>
                                <ns2:qty>1</ns2:qty>
                            </ns2:doc>
                        </ns2:docs>
                    </ns2:position>
                    <ns2:position>
                        <ns2:ordinal>5</ns2:ordinal>
                        <ns2:paymentDate>2017-03-15</ns2:paymentDate>
                        <ns2:price>40600</ns2:price>
                        <ns2:currency>
                            <code>RUB</code>
                            <digitalCode>643</digitalCode>
                            <name>Российский рубль</name>
                        </ns2:currency>
                        <ns2:rubPrice>40600</ns2:rubPrice>
                        <ns2:prepaid>false</ns2:prepaid>
                        <ns2:docs>
                            <ns2:doc>
                                <ns2:ordinal>1</ns2:ordinal>
                                <ns2:code>01</ns2:code>
                                <ns2:name>товарная накладная</ns2:name>
                                <ns2:contractPosition>
                                    <ns2:guid>22c975eb-14ab-4cba-88e8-029d786adfc6</ns2:guid>
                                    <ns2:name>Обои</ns2:name>
                                    <ns2:okpd2>
                                        <code>17.24.11.110</code>
                                        <name>Обои</name>
                                    </ns2:okpd2>
                                </ns2:contractPosition>
                                <ns2:okei>
                                    <code>642</code>
                                    <name>Единица</name>
                                </ns2:okei>
                                <ns2:qty>1</ns2:qty>
                            </ns2:doc>
                        </ns2:docs>
                    </ns2:position>
                    <ns2:position>
                        <ns2:ordinal>4</ns2:ordinal>
                        <ns2:paymentDate>2017-03-20</ns2:paymentDate>
                        <ns2:price>162900</ns2:price>
                        <ns2:currency>
                            <code>RUB</code>
                            <digitalCode>643</digitalCode>
                            <name>Российский рубль</name>
                        </ns2:currency>
                        <ns2:rubPrice>162900</ns2:rubPrice>
                        <ns2:prepaid>false</ns2:prepaid>
                        <ns2:docs>
                            <ns2:doc>
                                <ns2:ordinal>1</ns2:ordinal>
                                <ns2:code>01</ns2:code>
                                <ns2:name>товарная накладная</ns2:name>
                                <ns2:contractPosition>
                                    <ns2:guid>22c975eb-14ab-4cba-88e8-029d786adfc6</ns2:guid>
                                    <ns2:name>Обои</ns2:name>
                                    <ns2:okpd2>
                                        <code>17.24.11.110</code>
                                        <name>Обои</name>
                                    </ns2:okpd2>
                                </ns2:contractPosition>
                                <ns2:okei>
                                    <code>642</code>
                                    <name>Единица</name>
                                </ns2:okei>
                                <ns2:qty>1</ns2:qty>
                            </ns2:doc>
                        </ns2:docs>
                    </ns2:position>
                    <ns2:total>828011.39</ns2:total>
                </ns2:positions>
            </ns2:performanceContractData>
        </ns2:item>
    </ns2:body>
</ns2:performanceContract>
