<?xml version="1.0" encoding="UTF-8" standalone="yes"?>
<ns2:performanceContract xsi:schemaLocation="http://zakupki.gov.ru/223/integration/schema/TFF-5.2 http://zakupki.gov.ru/223/integration/schema/TFF-5.2/Types.xsd" xmlns="http://zakupki.gov.ru/223fz/types/1" xmlns:ns10="http://zakupki.gov.ru/223fz/disagreementProtocol/1" xmlns:ns11="http://zakupki.gov.ru/223fz/purchase/1" xmlns:ns12="http://zakupki.gov.ru/223fz/machineryListInfo/1" xmlns:ns13="http://zakupki.gov.ru/223fz/revenue/1" xmlns:ns14="http://zakupki.gov.ru/223fz/orderClauseList/1" xmlns:ns15="http://zakupki.gov.ru/223fz/complaint/1" xmlns:ns16="http://zakupki.gov.ru/223fz/missedNotice/1" xmlns:ns17="http://zakupki.gov.ru/223fz/notificationIssue/1" xmlns:ns18="http://zakupki.gov.ru/223fz/purchasePlanProject/1" xmlns:ns19="http://zakupki.gov.ru/223fz/webRequest/1" xmlns:ns2="http://zakupki.gov.ru/223fz/contract/1" xmlns:xsi="http://www.w3.org/2001/XMLSchema-instance" xmlns:ns3="http://zakupki.gov.ru/223fz/dishonestSupplier/1" xmlns:ns4="http://zakupki.gov.ru/223fz/decisionSuspension/1" xmlns:ns5="http://zakupki.gov.ru/223fz/purchasePlanAdditionalPosition/1" xmlns:ns6="http://zakupki.gov.ru/223fz/purchasePlan/1" xmlns:ns7="http://zakupki.gov.ru/223fz/purchasePlanProjectAdditionalPosition/1" xmlns:ns8="http://zakupki.gov.ru/223fz/reference/1" xmlns:ns9="http://zakupki.gov.ru/223fz/stopCommodity/1">
    <header>
        <guid>3de6945d-77a3-4156-b5da-e00b88b6aa8f</guid>
        <createDateTime>2017-03-30T13:35:20</createDateTime>
    </header>
    <ns2:body>
        <ns2:item>
            <guid>5a68880d-11d1-496a-a6e9-6eb2c893cf26</guid>
            <ns2:performanceContractData>
                <ns2:guid>07389f3e-1909-4aaf-908c-665a3f468f92</ns2:guid>
                <ns2:registrationNumber>66673092045160004150028</ns2:registrationNumber>
                <ns2:urlOOS>https://zakupki.gov.ru/223/contract/private/completing/info/view.html?id=2666585</ns2:urlOOS>
                <ns2:createDateTime>2016-11-08T11:55:28</ns2:createDateTime>
                <ns2:customer>
                    <mainInfo>
                        <fullName>АКЦИОНЕРНОЕ ОБЩЕСТВО "ОПЫТНОЕ КОНСТРУКТОРСКОЕ БЮРО "НОВАТОР"</fullName>
                        <shortName>АО "ОКБ "НОВАТОР"</shortName>
                        <iko>66673092045667301001</iko>
                        <inn>6673092045</inn>
                        <kpp>667301001</kpp>
                        <ogrn>1026605611339</ogrn>
                        <legalAddress>620017, обл СВЕРДЛОВСКАЯ, г ЕКАТЕРИНБУРГ, пр-кт КОСМОНАВТОВ, дом 18</legalAddress>
                        <postalAddress>620017, г. Екатеринбург, пр. Космонавтов, 18</postalAddress>
                        <phone>7-343-2641072</phone>
                        <fax>7-343-2641300</fax>
                        <email>main@okb-novator.ru</email>
                        <okato>65401385000</okato>
                        <okpo>07546512</okpo>
                    </mainInfo>
                </ns2:customer>
                <ns2:placer>
                    <mainInfo>
                        <fullName>АКЦИОНЕРНОЕ ОБЩЕСТВО "ОПЫТНОЕ КОНСТРУКТОРСКОЕ БЮРО "НОВАТОР"</fullName>
                        <shortName>АО "ОКБ "НОВАТОР"</shortName>
                        <iko>66673092045667301001</iko>
                        <inn>6673092045</inn>
                        <kpp>667301001</kpp>
                        <ogrn>1026605611339</ogrn>
                        <legalAddress>620017, обл СВЕРДЛОВСКАЯ, г ЕКАТЕРИНБУРГ, пр-кт КОСМОНАВТОВ, дом 18</legalAddress>
                        <postalAddress>620017, г. Екатеринбург, пр. Космонавтов, 18</postalAddress>
                        <phone>7-343-2641072</phone>
                        <fax>7-343-2641300</fax>
                        <email>main@okb-novator.ru</email>
                        <okato>65401385000</okato>
                        <okpo>07546512</okpo>
                    </mainInfo>
                </ns2:placer>
                <ns2:publicationDate>2017-03-30T13:35:20</ns2:publicationDate>
                <ns2:status>P</ns2:status>
                <ns2:version>5</ns2:version>
                <ns2:completed>false</ns2:completed>
                <ns2:modificationDescription>Заведение сведений об очередной парии поставки</ns2:modificationDescription>
                <ns2:attachments>
                    <totalDocumentsCount>13</totalDocumentsCount>
                    <document>
                        <guid>d1f05472-19ee-47e6-b92c-cacb3926e88e</guid>
                        <createDateTime>2016-11-17T14:11:43</createDateTime>
                        <fileName>пп 8684 от 15.11.16.pdf</fileName>
                        <description>пп 8684 от 15.11.16</description>
                        <url>https://zakupki.gov.ru/223/contract/private/download/download.html?id=11734817</url>
                        <registrationNumber>66673092045160004150029</registrationNumber>
                    </document>
                    <document>
                        <guid>ef73af82-cbd6-46fe-9044-7f1654737a44</guid>
                        <createDateTime>2017-02-17T09:23:00</createDateTime>
                        <fileName>п.п.886,887.pdf</fileName>
                        <description>п.п.886,887</description>
                        <url>https://zakupki.gov.ru/223/contract/private/download/download.html?id=11734818</url>
                        <registrationNumber>66673092045160004150030</registrationNumber>
                    </document>
                    <document>
                        <guid>b03f980d-bff5-4fac-9d53-21feebcd1ac6</guid>
                        <createDateTime>2017-01-13T11:52:34</createDateTime>
                        <fileName>тн 240,242,244.pdf</fileName>
                        <description>тн 240,242,244</description>
                        <url>https://zakupki.gov.ru/223/contract/private/download/download.html?id=11734819</url>
                        <registrationNumber>66673092045160004150031</registrationNumber>
                    </document>
                    <document>
                        <guid>6328b2b6-b347-486b-94d3-3a2ac2820ef5</guid>
                        <createDateTime>2017-02-17T08:53:15</createDateTime>
                        <fileName>тн 7. 8.pdf</fileName>
                        <description>тн 7. 8</description>
                        <url>https://zakupki.gov.ru/223/contract/private/download/download.html?id=11734820</url>
                        <registrationNumber>66673092045160004150032</registrationNumber>
                    </document>
                    <document>
                        <guid>b1d98981-809b-452e-9054-6b66e5637da4</guid>
                        <createDateTime>2017-01-13T12:10:50</createDateTime>
                        <fileName>п.п.29.pdf</fileName>
                        <description>п.п.29</description>
                        <url>https://zakupki.gov.ru/223/contract/private/download/download.html?id=11734821</url>
                        <registrationNumber>66673092045160004150033</registrationNumber>
                    </document>
                    <document>
                        <guid>e2c00a57-a648-413c-8276-bab5e03e347b</guid>
                        <createDateTime>2017-03-30T13:27:58</createDateTime>
                        <fileName>тн 24.pdf</fileName>
                        <description>тн 24</description>
                        <url>https://zakupki.gov.ru/223/contract/private/download/download.html?id=11735205</url>
                        <registrationNumber>66673092045160004150034</registrationNumber>
                    </document>
                    <document>
                        <guid>85ce3add-4e46-4ff2-9db2-0ec3b4d5825b</guid>
                        <createDateTime>2017-01-13T12:05:24</createDateTime>
                        <fileName>п.п 30.pdf</fileName>
                        <description>п.п 30</description>
                        <url>https://zakupki.gov.ru/223/contract/private/download/download.html?id=11734822</url>
                        <registrationNumber>66673092045160004150035</registrationNumber>
                    </document>
                    <document>
                        <guid>e5d84b38-d3f3-4327-ae45-f6bec2c6ad40</guid>
                        <createDateTime>2017-01-13T12:10:43</createDateTime>
                        <fileName>п.п.28.pdf</fileName>
                        <description>п.п.28</description>
                        <url>https://zakupki.gov.ru/223/contract/private/download/download.html?id=11734823</url>
                        <registrationNumber>66673092045160004150036</registrationNumber>
                    </document>
                    <document>
                        <guid>87a185c4-877f-4300-a69e-df85cd0a05a5</guid>
                        <createDateTime>2017-01-24T13:58:19</createDateTime>
                        <fileName>тн 1, 2.pdf</fileName>
                        <description>тн 1, 2</description>
                        <url>https://zakupki.gov.ru/223/contract/private/download/download.html?id=11734824</url>
                        <registrationNumber>66673092045160004150037</registrationNumber>
                    </document>
                    <document>
                        <guid>f82c3dc5-1c82-40e3-a492-0a1fbc43ee98</guid>
                        <createDateTime>2017-02-17T09:23:07</createDateTime>
                        <fileName>п.п. 974,975.pdf</fileName>
                        <description>п.п. 974,975</description>
                        <url>https://zakupki.gov.ru/223/contract/private/download/download.html?id=11734825</url>
                        <registrationNumber>66673092045160004150038</registrationNumber>
                    </document>
                    <document>
                        <guid>04597414-c49d-46ac-8392-627f8c65d9d5</guid>
                        <createDateTime>2017-03-30T13:33:44</createDateTime>
                        <fileName>п.п. №2039.pdf</fileName>
                        <description>п.п. №2039</description>
                        <url>https://zakupki.gov.ru/223/contract/private/download/download.html?id=11735533</url>
                        <registrationNumber>66673092045160004150039</registrationNumber>
                    </document>
                    <document>
                        <guid>48366a3b-5b31-4b49-8a46-85a5fb5ac9a2</guid>
                        <createDateTime>2017-03-30T13:27:45</createDateTime>
                        <fileName>п.п. №2038.pdf</fileName>
                        <description>п.п. №2038</description>
                        <url>https://zakupki.gov.ru/223/contract/private/download/download.html?id=11735195</url>
                        <registrationNumber>66673092045160004150040</registrationNumber>
                    </document>
                    <document>
                        <guid>b09811a1-47dc-4a64-84a7-84bc1bbb2b8d</guid>
                        <createDateTime>2017-03-30T13:33:55</createDateTime>
                        <fileName>тн 25.pdf</fileName>
                        <description>тн 25</description>
                        <url>https://zakupki.gov.ru/223/contract/private/download/download.html?id=11735549</url>
                        <registrationNumber>66673092045160004150041</registrationNumber>
                    </document>
                </ns2:attachments>
                <ns2:hasPenalty>false</ns2:hasPenalty>
                <ns2:contractRegNumber>66673092045160004150000</ns2:contractRegNumber>
                <ns2:contractInfo>
                    <ns2:guid>761672fc-8c27-403b-8ad7-58828d70a2ba</ns2:guid>
                    <ns2:name>11602500095-101</ns2:name>
                    <ns2:agencyName>АО "ОКБ "НОВАТОР"</ns2:agencyName>
                    <ns2:supplierName>ОТКРЫТОЕ АКЦИОНЕРНОЕ ОБЩЕСТВО "ГОСУДАРСТВЕННАЯ АКЦИОНЕРНАЯ КОМПАНИЯ "ОБОРОНПРОМКОМПЛЕКС"</ns2:supplierName>
                    <ns2:lotInfo>Полуфабрикаты  из алюминия или алюминиевых сплавов  </ns2:lotInfo>
                    <ns2:contractDate>2016-11-08</ns2:contractDate>
                </ns2:contractInfo>
                <ns2:positions>
                    <ns2:position>
                        <ns2:ordinal>2</ns2:ordinal>
                        <ns2:paymentDate>2017-01-10</ns2:paymentDate>
                        <ns2:price>568028.67</ns2:price>
                        <ns2:currency>
                            <code>RUB</code>
                            <digitalCode>643</digitalCode>
                            <name>Российский рубль</name>
                        </ns2:currency>
                        <ns2:rubPrice>568028.67</ns2:rubPrice>
                        <ns2:prepaid>false</ns2:prepaid>
                        <ns2:docs>
                            <ns2:doc>
                                <ns2:ordinal>11</ns2:ordinal>
                                <ns2:date>2017-01-20</ns2:date>
                                <ns2:code>01</ns2:code>
                                <ns2:name>товарная накладная</ns2:name>
                                <ns2:number>1</ns2:number>
                                <ns2:contractPosition>
                                    <ns2:guid>7533c86e-ba07-419c-9a27-d6b7e2a303ed</ns2:guid>
                                    <ns2:name>Полуфабрикаты из алюминия или алюминиевых сплавов</ns2:name>
                                    <ns2:okpd2>
                                        <code>24.42.2</code>
                                        <name>Полуфабрикаты из алюминия или алюминиевых сплавов</name>
                                    </ns2:okpd2>
                                </ns2:contractPosition>
                                <ns2:okei>
                                    <code>168</code>
                                    <name>Тонна; Метрическая тонна (1000 кг)</name>
                                </ns2:okei>
                                <ns2:qty>1</ns2:qty>
                            </ns2:doc>
                            <ns2:doc>
                                <ns2:ordinal>1</ns2:ordinal>
                                <ns2:date>2016-12-19</ns2:date>
                                <ns2:code>01</ns2:code>
                                <ns2:name>товарная накладная</ns2:name>
                                <ns2:number>240</ns2:number>
                                <ns2:contractPosition>
                                    <ns2:guid>7533c86e-ba07-419c-9a27-d6b7e2a303ed</ns2:guid>
                                    <ns2:name>Полуфабрикаты из алюминия или алюминиевых сплавов</ns2:name>
                                    <ns2:okpd2>
                                        <code>24.42.2</code>
                                        <name>Полуфабрикаты из алюминия или алюминиевых сплавов</name>
                                    </ns2:okpd2>
                                </ns2:contractPosition>
                                <ns2:okei>
                                    <code>168</code>
                                    <name>Тонна; Метрическая тонна (1000 кг)</name>
                                </ns2:okei>
                                <ns2:qty>0.993</ns2:qty>
                            </ns2:doc>
                        </ns2:docs>
                    </ns2:position>
                    <ns2:position>
                        <ns2:ordinal>8</ns2:ordinal>
                        <ns2:paymentDate>2017-02-10</ns2:paymentDate>
                        <ns2:price>442913.83</ns2:price>
                        <ns2:currency>
                            <code>RUB</code>
                            <digitalCode>643</digitalCode>
                            <name>Российский рубль</name>
                        </ns2:currency>
                        <ns2:rubPrice>442913.83</ns2:rubPrice>
                        <ns2:prepaid>false</ns2:prepaid>
                        <ns2:docs>
                            <ns2:doc>
                                <ns2:ordinal>1</ns2:ordinal>
                                <ns2:date>2017-02-03</ns2:date>
                                <ns2:code>01</ns2:code>
                                <ns2:name>товарная накладная</ns2:name>
                                <ns2:number>8</ns2:number>
                                <ns2:contractPosition>
                                    <ns2:guid>7533c86e-ba07-419c-9a27-d6b7e2a303ed</ns2:guid>
                                    <ns2:name>Полуфабрикаты из алюминия или алюминиевых сплавов</ns2:name>
                                    <ns2:okpd2>
                                        <code>24.42.2</code>
                                        <name>Полуфабрикаты из алюминия или алюминиевых сплавов</name>
                                    </ns2:okpd2>
                                </ns2:contractPosition>
                                <ns2:okei>
                                    <code>168</code>
                                    <name>Тонна; Метрическая тонна (1000 кг)</name>
                                </ns2:okei>
                                <ns2:qty>1</ns2:qty>
                            </ns2:doc>
                            <ns2:doc>
                                <ns2:ordinal>11</ns2:ordinal>
                                <ns2:date>2017-03-16</ns2:date>
                                <ns2:code>01</ns2:code>
                                <ns2:name>товарная накладная</ns2:name>
                                <ns2:number>24</ns2:number>
                                <ns2:contractPosition>
                                    <ns2:guid>7533c86e-ba07-419c-9a27-d6b7e2a303ed</ns2:guid>
                                    <ns2:name>Полуфабрикаты из алюминия или алюминиевых сплавов</ns2:name>
                                    <ns2:okpd2>
                                        <code>24.42.2</code>
                                        <name>Полуфабрикаты из алюминия или алюминиевых сплавов</name>
                                    </ns2:okpd2>
                                </ns2:contractPosition>
                                <ns2:okei>
                                    <code>168</code>
                                    <name>Тонна; Метрическая тонна (1000 кг)</name>
                                </ns2:okei>
                                <ns2:qty>0.28</ns2:qty>
                            </ns2:doc>
                        </ns2:docs>
                    </ns2:position>
                    <ns2:position>
                        <ns2:ordinal>4</ns2:ordinal>
                        <ns2:paymentDate>2017-01-10</ns2:paymentDate>
                        <ns2:price>2793801.81</ns2:price>
                        <ns2:currency>
                            <code>RUB</code>
                            <digitalCode>643</digitalCode>
                            <name>Российский рубль</name>
                        </ns2:currency>
                        <ns2:rubPrice>2793801.81</ns2:rubPrice>
                        <ns2:prepaid>false</ns2:prepaid>
                        <ns2:docs>
                            <ns2:doc>
                                <ns2:ordinal>1</ns2:ordinal>
                                <ns2:date>2017-01-20</ns2:date>
                                <ns2:code>01</ns2:code>
                                <ns2:name>товарная накладная</ns2:name>
                                <ns2:number>2</ns2:number>
                                <ns2:contractPosition>
                                    <ns2:guid>7533c86e-ba07-419c-9a27-d6b7e2a303ed</ns2:guid>
                                    <ns2:name>Полуфабрикаты из алюминия или алюминиевых сплавов</ns2:name>
                                    <ns2:okpd2>
                                        <code>24.42.2</code>
                                        <name>Полуфабрикаты из алюминия или алюминиевых сплавов</name>
                                    </ns2:okpd2>
                                </ns2:contractPosition>
                                <ns2:okei>
                                    <code>168</code>
                                    <name>Тонна; Метрическая тонна (1000 кг)</name>
                                </ns2:okei>
                                <ns2:qty>11.9</ns2:qty>
                            </ns2:doc>
                        </ns2:docs>
                    </ns2:position>
                    <ns2:position>
                        <ns2:ordinal>1</ns2:ordinal>
                        <ns2:paymentDate>2016-11-15</ns2:paymentDate>
                        <ns2:price>6733018.31</ns2:price>
                        <ns2:currency>
                            <code>RUB</code>
                            <digitalCode>643</digitalCode>
                            <name>Российский рубль</name>
                        </ns2:currency>
                        <ns2:rubPrice>6733018.31</ns2:rubPrice>
                        <ns2:prepaid>false</ns2:prepaid>
                        <ns2:docs>
                            <ns2:doc>
                                <ns2:ordinal>1</ns2:ordinal>
                                <ns2:date>2016-12-19</ns2:date>
                                <ns2:code>01</ns2:code>
                                <ns2:name>товарная накладная</ns2:name>
                                <ns2:number>242</ns2:number>
                                <ns2:contractPosition>
                                    <ns2:guid>7533c86e-ba07-419c-9a27-d6b7e2a303ed</ns2:guid>
                                    <ns2:name>Полуфабрикаты из алюминия или алюминиевых сплавов</ns2:name>
                                    <ns2:okpd2>
                                        <code>24.42.2</code>
                                        <name>Полуфабрикаты из алюминия или алюминиевых сплавов</name>
                                    </ns2:okpd2>
                                </ns2:contractPosition>
                                <ns2:okei>
                                    <code>168</code>
                                    <name>Тонна; Метрическая тонна (1000 кг)</name>
                                </ns2:okei>
                                <ns2:qty>10.888</ns2:qty>
                            </ns2:doc>
                            <ns2:doc>
                                <ns2:ordinal>2</ns2:ordinal>
                                <ns2:date>2016-12-19</ns2:date>
                                <ns2:code>01</ns2:code>
                                <ns2:name>товарная накладная</ns2:name>
                                <ns2:number>244</ns2:number>
                                <ns2:contractPosition>
                                    <ns2:guid>7533c86e-ba07-419c-9a27-d6b7e2a303ed</ns2:guid>
                                    <ns2:name>Полуфабрикаты из алюминия или алюминиевых сплавов</ns2:name>
                                    <ns2:okpd2>
                                        <code>24.42.2</code>
                                        <name>Полуфабрикаты из алюминия или алюминиевых сплавов</name>
                                    </ns2:okpd2>
                                </ns2:contractPosition>
                                <ns2:okei>
                                    <code>168</code>
                                    <name>Тонна; Метрическая тонна (1000 кг)</name>
                                </ns2:okei>
                                <ns2:qty>7.374</ns2:qty>
                            </ns2:doc>
                            <ns2:doc>
                                <ns2:ordinal>3</ns2:ordinal>
                                <ns2:date>2016-12-19</ns2:date>
                                <ns2:code>01</ns2:code>
                                <ns2:name>товарная накладная</ns2:name>
                                <ns2:number>240</ns2:number>
                                <ns2:contractPosition>
                                    <ns2:guid>7533c86e-ba07-419c-9a27-d6b7e2a303ed</ns2:guid>
                                    <ns2:name>Полуфабрикаты из алюминия или алюминиевых сплавов</ns2:name>
                                    <ns2:okpd2>
                                        <code>24.42.2</code>
                                        <name>Полуфабрикаты из алюминия или алюминиевых сплавов</name>
                                    </ns2:okpd2>
                                </ns2:contractPosition>
                                <ns2:okei>
                                    <code>168</code>
                                    <name>Тонна; Метрическая тонна (1000 кг)</name>
                                </ns2:okei>
                                <ns2:qty>1.72</ns2:qty>
                            </ns2:doc>
                        </ns2:docs>
                    </ns2:position>
                    <ns2:position>
                        <ns2:ordinal>3</ns2:ordinal>
                        <ns2:paymentDate>2017-01-10</ns2:paymentDate>
                        <ns2:price>1673622.83</ns2:price>
                        <ns2:currency>
                            <code>RUB</code>
                            <digitalCode>643</digitalCode>
                            <name>Российский рубль</name>
                        </ns2:currency>
                        <ns2:rubPrice>1673622.83</ns2:rubPrice>
                        <ns2:prepaid>false</ns2:prepaid>
                        <ns2:docs>
                            <ns2:doc>
                                <ns2:ordinal>1</ns2:ordinal>
                                <ns2:date>2017-01-20</ns2:date>
                                <ns2:code>01</ns2:code>
                                <ns2:name>товарная накладная</ns2:name>
                                <ns2:number>1</ns2:number>
                                <ns2:contractPosition>
                                    <ns2:guid>7533c86e-ba07-419c-9a27-d6b7e2a303ed</ns2:guid>
                                    <ns2:name>Полуфабрикаты из алюминия или алюминиевых сплавов</ns2:name>
                                    <ns2:okpd2>
                                        <code>24.42.2</code>
                                        <name>Полуфабрикаты из алюминия или алюминиевых сплавов</name>
                                    </ns2:okpd2>
                                </ns2:contractPosition>
                                <ns2:okei>
                                    <code>168</code>
                                    <name>Тонна; Метрическая тонна (1000 кг)</name>
                                </ns2:okei>
                                <ns2:qty>8</ns2:qty>
                            </ns2:doc>
                        </ns2:docs>
                    </ns2:position>
                    <ns2:position>
                        <ns2:ordinal>5</ns2:ordinal>
                        <ns2:paymentDate>2017-02-08</ns2:paymentDate>
                        <ns2:price>1492222.32</ns2:price>
                        <ns2:currency>
                            <code>RUB</code>
                            <digitalCode>643</digitalCode>
                            <name>Российский рубль</name>
                        </ns2:currency>
                        <ns2:rubPrice>1492222.32</ns2:rubPrice>
                        <ns2:prepaid>false</ns2:prepaid>
                        <ns2:docs>
                            <ns2:doc>
                                <ns2:ordinal>1</ns2:ordinal>
                                <ns2:date>2017-01-20</ns2:date>
                                <ns2:code>01</ns2:code>
                                <ns2:name>товарная накладная</ns2:name>
                                <ns2:number>2</ns2:number>
                                <ns2:contractPosition>
                                    <ns2:guid>7533c86e-ba07-419c-9a27-d6b7e2a303ed</ns2:guid>
                                    <ns2:name>Полуфабрикаты из алюминия или алюминиевых сплавов</ns2:name>
                                    <ns2:okpd2>
                                        <code>24.42.2</code>
                                        <name>Полуфабрикаты из алюминия или алюминиевых сплавов</name>
                                    </ns2:okpd2>
                                </ns2:contractPosition>
                                <ns2:okei>
                                    <code>168</code>
                                    <name>Тонна; Метрическая тонна (1000 кг)</name>
                                </ns2:okei>
                                <ns2:qty>5.135</ns2:qty>
                            </ns2:doc>
                            <ns2:doc>
                                <ns2:ordinal>2</ns2:ordinal>
                                <ns2:date>2017-01-20</ns2:date>
                                <ns2:code>01</ns2:code>
                                <ns2:name>товарная накладная</ns2:name>
                                <ns2:number>1</ns2:number>
                                <ns2:contractPosition>
                                    <ns2:guid>7533c86e-ba07-419c-9a27-d6b7e2a303ed</ns2:guid>
                                    <ns2:name>Полуфабрикаты из алюминия или алюминиевых сплавов</ns2:name>
                                    <ns2:okpd2>
                                        <code>24.42.2</code>
                                        <name>Полуфабрикаты из алюминия или алюминиевых сплавов</name>
                                    </ns2:okpd2>
                                </ns2:contractPosition>
                                <ns2:okei>
                                    <code>168</code>
                                    <name>Тонна; Метрическая тонна (1000 кг)</name>
                                </ns2:okei>
                                <ns2:qty>1</ns2:qty>
                            </ns2:doc>
                        </ns2:docs>
                    </ns2:position>
                    <ns2:position>
                        <ns2:ordinal>6</ns2:ordinal>
                        <ns2:paymentDate>2017-02-08</ns2:paymentDate>
                        <ns2:price>4131495.14</ns2:price>
                        <ns2:currency>
                            <code>RUB</code>
                            <digitalCode>643</digitalCode>
                            <name>Российский рубль</name>
                        </ns2:currency>
                        <ns2:rubPrice>4131495.14</ns2:rubPrice>
                        <ns2:prepaid>false</ns2:prepaid>
                        <ns2:docs>
                            <ns2:doc>
                                <ns2:ordinal>1</ns2:ordinal>
                                <ns2:date>2017-01-20</ns2:date>
                                <ns2:code>01</ns2:code>
                                <ns2:name>товарная накладная</ns2:name>
                                <ns2:number>1</ns2:number>
                                <ns2:contractPosition>
                                    <ns2:guid>7533c86e-ba07-419c-9a27-d6b7e2a303ed</ns2:guid>
                                    <ns2:name>Полуфабрикаты из алюминия или алюминиевых сплавов</ns2:name>
                                    <ns2:okpd2>
                                        <code>24.42.2</code>
                                        <name>Полуфабрикаты из алюминия или алюминиевых сплавов</name>
                                    </ns2:okpd2>
                                </ns2:contractPosition>
                                <ns2:okei>
                                    <code>168</code>
                                    <name>Тонна; Метрическая тонна (1000 кг)</name>
                                </ns2:okei>
                                <ns2:qty>7.59</ns2:qty>
                            </ns2:doc>
                            <ns2:doc>
                                <ns2:ordinal>2</ns2:ordinal>
                                <ns2:date>2017-02-03</ns2:date>
                                <ns2:code>01</ns2:code>
                                <ns2:name>товарная накладная</ns2:name>
                                <ns2:number>7</ns2:number>
                                <ns2:contractPosition>
                                    <ns2:guid>7533c86e-ba07-419c-9a27-d6b7e2a303ed</ns2:guid>
                                    <ns2:name>Полуфабрикаты из алюминия или алюминиевых сплавов</ns2:name>
                                    <ns2:okpd2>
                                        <code>24.42.2</code>
                                        <name>Полуфабрикаты из алюминия или алюминиевых сплавов</name>
                                    </ns2:okpd2>
                                </ns2:contractPosition>
                                <ns2:okei>
                                    <code>168</code>
                                    <name>Тонна; Метрическая тонна (1000 кг)</name>
                                </ns2:okei>
                                <ns2:qty>10.974</ns2:qty>
                            </ns2:doc>
                        </ns2:docs>
                    </ns2:position>
                    <ns2:position>
                        <ns2:ordinal>7</ns2:ordinal>
                        <ns2:paymentDate>2017-02-10</ns2:paymentDate>
                        <ns2:price>4036452.39</ns2:price>
                        <ns2:currency>
                            <code>RUB</code>
                            <digitalCode>643</digitalCode>
                            <name>Российский рубль</name>
                        </ns2:currency>
                        <ns2:rubPrice>4036452.39</ns2:rubPrice>
                        <ns2:prepaid>false</ns2:prepaid>
                        <ns2:docs>
                            <ns2:doc>
                                <ns2:ordinal>1</ns2:ordinal>
                                <ns2:date>2017-02-03</ns2:date>
                                <ns2:code>01</ns2:code>
                                <ns2:name>товарная накладная</ns2:name>
                                <ns2:number>7</ns2:number>
                                <ns2:contractPosition>
                                    <ns2:guid>7533c86e-ba07-419c-9a27-d6b7e2a303ed</ns2:guid>
                                    <ns2:name>Полуфабрикаты из алюминия или алюминиевых сплавов</ns2:name>
                                    <ns2:okpd2>
                                        <code>24.42.2</code>
                                        <name>Полуфабрикаты из алюминия или алюминиевых сплавов</name>
                                    </ns2:okpd2>
                                </ns2:contractPosition>
                                <ns2:okei>
                                    <code>168</code>
                                    <name>Тонна; Метрическая тонна (1000 кг)</name>
                                </ns2:okei>
                                <ns2:qty>7</ns2:qty>
                            </ns2:doc>
                            <ns2:doc>
                                <ns2:ordinal>2</ns2:ordinal>
                                <ns2:date>2017-02-03</ns2:date>
                                <ns2:code>01</ns2:code>
                                <ns2:name>товарная накладная</ns2:name>
                                <ns2:number>8</ns2:number>
                                <ns2:contractPosition>
                                    <ns2:guid>7533c86e-ba07-419c-9a27-d6b7e2a303ed</ns2:guid>
                                    <ns2:name>Полуфабрикаты из алюминия или алюминиевых сплавов</ns2:name>
                                    <ns2:okpd2>
                                        <code>24.42.2</code>
                                        <name>Полуфабрикаты из алюминия или алюминиевых сплавов</name>
                                    </ns2:okpd2>
                                </ns2:contractPosition>
                                <ns2:okei>
                                    <code>168</code>
                                    <name>Тонна; Метрическая тонна (1000 кг)</name>
                                </ns2:okei>
                                <ns2:qty>1</ns2:qty>
                            </ns2:doc>
                        </ns2:docs>
                    </ns2:position>
                    <ns2:position>
                        <ns2:ordinal>9</ns2:ordinal>
                        <ns2:paymentDate>2017-03-22</ns2:paymentDate>
                        <ns2:price>167396.98</ns2:price>
                        <ns2:currency>
                            <code>RUB</code>
                            <digitalCode>643</digitalCode>
                            <name>Российский рубль</name>
                        </ns2:currency>
                        <ns2:rubPrice>167396.98</ns2:rubPrice>
                        <ns2:prepaid>false</ns2:prepaid>
                        <ns2:docs>
                            <ns2:doc>
                                <ns2:ordinal>1</ns2:ordinal>
                                <ns2:date>2017-03-16</ns2:date>
                                <ns2:code>01</ns2:code>
                                <ns2:name>товарная накладная</ns2:name>
                                <ns2:number>24</ns2:number>
                                <ns2:contractPosition>
                                    <ns2:guid>7533c86e-ba07-419c-9a27-d6b7e2a303ed</ns2:guid>
                                    <ns2:name>Полуфабрикаты из алюминия или алюминиевых сплавов</ns2:name>
                                    <ns2:okpd2>
                                        <code>24.42.2</code>
                                        <name>Полуфабрикаты из алюминия или алюминиевых сплавов</name>
                                    </ns2:okpd2>
                                </ns2:contractPosition>
                                <ns2:okei>
                                    <code>168</code>
                                    <name>Тонна; Метрическая тонна (1000 кг)</name>
                                </ns2:okei>
                                <ns2:qty>0.8</ns2:qty>
                            </ns2:doc>
                        </ns2:docs>
                    </ns2:position>
                    <ns2:position>
                        <ns2:ordinal>10</ns2:ordinal>
                        <ns2:paymentDate>2017-03-22</ns2:paymentDate>
                        <ns2:price>451330.49</ns2:price>
                        <ns2:currency>
                            <code>RUB</code>
                            <digitalCode>643</digitalCode>
                            <name>Российский рубль</name>
                        </ns2:currency>
                        <ns2:rubPrice>451330.49</ns2:rubPrice>
                        <ns2:prepaid>false</ns2:prepaid>
                        <ns2:docs>
                            <ns2:doc>
                                <ns2:ordinal>1</ns2:ordinal>
                                <ns2:date>2017-03-16</ns2:date>
                                <ns2:code>01</ns2:code>
                                <ns2:name>товарная накладная</ns2:name>
                                <ns2:number>25</ns2:number>
                                <ns2:contractPosition>
                                    <ns2:guid>7533c86e-ba07-419c-9a27-d6b7e2a303ed</ns2:guid>
                                    <ns2:name>Полуфабрикаты из алюминия или алюминиевых сплавов</ns2:name>
                                    <ns2:okpd2>
                                        <code>24.42.2</code>
                                        <name>Полуфабрикаты из алюминия или алюминиевых сплавов</name>
                                    </ns2:okpd2>
                                </ns2:contractPosition>
                                <ns2:okei>
                                    <code>168</code>
                                    <name>Тонна; Метрическая тонна (1000 кг)</name>
                                </ns2:okei>
                                <ns2:qty>0.968</ns2:qty>
                            </ns2:doc>
                        </ns2:docs>
                    </ns2:position>
                    <ns2:total>22490282.77</ns2:total>
                </ns2:positions>
            </ns2:performanceContractData>
        </ns2:item>
    </ns2:body>
</ns2:performanceContract>
