<?xml version="1.0" encoding="UTF-8" standalone="yes"?>
<ns2:performanceContract xsi:schemaLocation="http://zakupki.gov.ru/223/integration/schema/TFF-5.2 http://zakupki.gov.ru/223/integration/schema/TFF-5.2/Types.xsd" xmlns="http://zakupki.gov.ru/223fz/types/1" xmlns:ns10="http://zakupki.gov.ru/223fz/disagreementProtocol/1" xmlns:ns11="http://zakupki.gov.ru/223fz/purchase/1" xmlns:ns12="http://zakupki.gov.ru/223fz/machineryListInfo/1" xmlns:ns13="http://zakupki.gov.ru/223fz/revenue/1" xmlns:ns14="http://zakupki.gov.ru/223fz/orderClauseList/1" xmlns:ns15="http://zakupki.gov.ru/223fz/complaint/1" xmlns:ns16="http://zakupki.gov.ru/223fz/missedNotice/1" xmlns:ns17="http://zakupki.gov.ru/223fz/notificationIssue/1" xmlns:ns18="http://zakupki.gov.ru/223fz/purchasePlanProject/1" xmlns:ns19="http://zakupki.gov.ru/223fz/webRequest/1" xmlns:ns2="http://zakupki.gov.ru/223fz/contract/1" xmlns:xsi="http://www.w3.org/2001/XMLSchema-instance" xmlns:ns3="http://zakupki.gov.ru/223fz/dishonestSupplier/1" xmlns:ns4="http://zakupki.gov.ru/223fz/decisionSuspension/1" xmlns:ns5="http://zakupki.gov.ru/223fz/purchasePlanAdditionalPosition/1" xmlns:ns6="http://zakupki.gov.ru/223fz/purchasePlan/1" xmlns:ns7="http://zakupki.gov.ru/223fz/purchasePlanProjectAdditionalPosition/1" xmlns:ns8="http://zakupki.gov.ru/223fz/reference/1" xmlns:ns9="http://zakupki.gov.ru/223fz/stopCommodity/1">
    <header>
        <guid>2fa07a0f-1c4c-4687-92aa-771bbcf00d64</guid>
        <createDateTime>2017-03-30T13:52:46</createDateTime>
    </header>
    <ns2:body>
        <ns2:item>
            <guid>756ad6dc-666c-44da-b688-ae9fcf84d929</guid>
            <ns2:performanceContractData>
                <ns2:guid>cbdfc5f6-1ace-48be-b5a8-106c8351fb23</ns2:guid>
                <ns2:registrationNumber>56671163413170001020005</ns2:registrationNumber>
                <ns2:urlOOS>https://zakupki.gov.ru/223/contract/private/completing/info/view.html?id=2666972</ns2:urlOOS>
                <ns2:createDateTime>2017-01-18T13:43:27</ns2:createDateTime>
                <ns2:customer>
                    <mainInfo>
                        <fullName>Открытое акционерное общество "Межрегиональная распределительная сетевая компания Урала"</fullName>
                        <shortName>ОАО "МРСК Урала"</shortName>
                        <iko>56671163413667201001</iko>
                        <inn>6671163413</inn>
                        <kpp>667201001</kpp>
                        <ogrn>1056604000970</ogrn>
                        <legalAddress>620026, Свердловская, Екатеринбург, Мамина-Сибиряка, дом 140</legalAddress>
                        <postalAddress>620026, Свердловская область, Екатеринбург, Мамина-Сибиряка, дом 140 </postalAddress>
                        <phone>7-343-2152600</phone>
                        <fax>7-343-2152661</fax>
                        <email>mrsk@mrsk-ural.ru</email>
                        <okato>65401000000</okato>
                        <okpo>76507836</okpo>
                    </mainInfo>
                </ns2:customer>
                <ns2:placer>
                    <mainInfo>
                        <fullName>Открытое акционерное общество "Межрегиональная распределительная сетевая компания Урала"</fullName>
                        <shortName>ОАО "МРСК Урала"</shortName>
                        <iko>56671163413667201001</iko>
                        <inn>6671163413</inn>
                        <kpp>667201001</kpp>
                        <ogrn>1056604000970</ogrn>
                        <legalAddress>620026, Свердловская, Екатеринбург, Мамина-Сибиряка, дом 140</legalAddress>
                        <postalAddress>620026, Свердловская область, Екатеринбург, Мамина-Сибиряка, дом 140 </postalAddress>
                        <phone>7-343-2152600</phone>
                        <fax>7-343-2152661</fax>
                        <email>mrsk@mrsk-ural.ru</email>
                        <okato>65401000000</okato>
                        <okpo>76507836</okpo>
                    </mainInfo>
                </ns2:placer>
                <ns2:publicationDate>2017-03-30T13:52:46</ns2:publicationDate>
                <ns2:status>P</ns2:status>
                <ns2:version>1</ns2:version>
                <ns2:completed>false</ns2:completed>
                <ns2:attachments>
                    <totalDocumentsCount>3</totalDocumentsCount>
                    <document>
                        <guid>a7d7b928-1cfb-4c6b-80d2-a9e320fb81c1</guid>
                        <createDateTime>2017-03-30T13:52:15</createDateTime>
                        <fileName>ЧГЭС_14.02.17_15.03.17_289180,00.pdf</fileName>
                        <description>ЧГЭС_14.02.17_15.03.17_289180,00</description>
                        <url>https://zakupki.gov.ru/223/contract/private/download/download.html?id=11736736</url>
                        <registrationNumber>56671163413170001020006</registrationNumber>
                    </document>
                    <document>
                        <guid>5a3c14a1-2c2c-4e40-95e4-1cf0664681db</guid>
                        <createDateTime>2017-03-30T13:52:00</createDateTime>
                        <fileName>ЗЭС_25.01.17_13.03.17_48000,00.pdf</fileName>
                        <description>ЗЭС_25.01.17_13.03.17_48000,00</description>
                        <url>https://zakupki.gov.ru/223/contract/private/download/download.html?id=11736723</url>
                        <registrationNumber>56671163413170001020007</registrationNumber>
                    </document>
                    <document>
                        <guid>d402013c-7527-4d51-8da8-600e4a45420e</guid>
                        <createDateTime>2017-03-30T13:52:07</createDateTime>
                        <fileName>МЭС_09.02.17_13.03.17_4500,00.pdf</fileName>
                        <description>МЭС_09.02.17_13.03.17_4500,00</description>
                        <url>https://zakupki.gov.ru/223/contract/private/download/download.html?id=11736725</url>
                        <registrationNumber>56671163413170001020008</registrationNumber>
                    </document>
                </ns2:attachments>
                <ns2:hasPenalty>false</ns2:hasPenalty>
                <ns2:contractRegNumber>56671163413170001020000</ns2:contractRegNumber>
                <ns2:contractInfo>
                    <ns2:guid>0421b9fa-d3e1-4e47-b5d6-3e118a6c7527</ns2:guid>
                    <ns2:agencyName>ОАО "МРСК Урала"</ns2:agencyName>
                    <ns2:supplierName>ОБЩЕСТВО С ОГРАНИЧЕННОЙ ОТВЕТСТВЕННОСТЬЮ "ЗСВТРЕЙД"</ns2:supplierName>
                    <ns2:lotInfo>Поставка прочих материалов</ns2:lotInfo>
                    <ns2:contractDate>2017-01-17</ns2:contractDate>
                </ns2:contractInfo>
                <ns2:positions>
                    <ns2:position>
                        <ns2:ordinal>3</ns2:ordinal>
                        <ns2:paymentDate>2017-03-15</ns2:paymentDate>
                        <ns2:price>289180</ns2:price>
                        <ns2:currency>
                            <code>RUB</code>
                            <digitalCode>643</digitalCode>
                            <name>Российский рубль</name>
                        </ns2:currency>
                        <ns2:rubPrice>289180</ns2:rubPrice>
                        <ns2:prepaid>false</ns2:prepaid>
                        <ns2:docs>
                            <ns2:doc>
                                <ns2:ordinal>1</ns2:ordinal>
                                <ns2:code>01</ns2:code>
                                <ns2:name>товарная накладная</ns2:name>
                                <ns2:contractPosition>
                                    <ns2:guid>bd8960a2-5846-4113-8732-8a26a21d2446</ns2:guid>
                                    <ns2:name>Инструмент ручной, используемый в сельском хозяйстве, садоводстве или лесном хозяйстве</ns2:name>
                                    <ns2:okpd2>
                                        <code>25.73.10.000</code>
                                        <name>Инструмент ручной, используемый в сельском хозяйстве, садоводстве или лесном хозяйстве</name>
                                    </ns2:okpd2>
                                </ns2:contractPosition>
                                <ns2:okei>
                                    <code>642</code>
                                    <name>Единица</name>
                                </ns2:okei>
                                <ns2:qty>1</ns2:qty>
                            </ns2:doc>
                        </ns2:docs>
                    </ns2:position>
                    <ns2:position>
                        <ns2:ordinal>1</ns2:ordinal>
                        <ns2:paymentDate>2017-03-13</ns2:paymentDate>
                        <ns2:price>48000</ns2:price>
                        <ns2:currency>
                            <code>RUB</code>
                            <digitalCode>643</digitalCode>
                            <name>Российский рубль</name>
                        </ns2:currency>
                        <ns2:rubPrice>48000</ns2:rubPrice>
                        <ns2:prepaid>false</ns2:prepaid>
                        <ns2:docs>
                            <ns2:doc>
                                <ns2:ordinal>1</ns2:ordinal>
                                <ns2:code>01</ns2:code>
                                <ns2:name>товарная накладная</ns2:name>
                                <ns2:contractPosition>
                                    <ns2:guid>bd8960a2-5846-4113-8732-8a26a21d2446</ns2:guid>
                                    <ns2:name>Инструмент ручной, используемый в сельском хозяйстве, садоводстве или лесном хозяйстве</ns2:name>
                                    <ns2:okpd2>
                                        <code>25.73.10.000</code>
                                        <name>Инструмент ручной, используемый в сельском хозяйстве, садоводстве или лесном хозяйстве</name>
                                    </ns2:okpd2>
                                </ns2:contractPosition>
                                <ns2:okei>
                                    <code>642</code>
                                    <name>Единица</name>
                                </ns2:okei>
                                <ns2:qty>1</ns2:qty>
                            </ns2:doc>
                        </ns2:docs>
                    </ns2:position>
                    <ns2:position>
                        <ns2:ordinal>2</ns2:ordinal>
                        <ns2:paymentDate>2017-03-13</ns2:paymentDate>
                        <ns2:price>4500</ns2:price>
                        <ns2:currency>
                            <code>RUB</code>
                            <digitalCode>643</digitalCode>
                            <name>Российский рубль</name>
                        </ns2:currency>
                        <ns2:rubPrice>4500</ns2:rubPrice>
                        <ns2:prepaid>false</ns2:prepaid>
                        <ns2:docs>
                            <ns2:doc>
                                <ns2:ordinal>1</ns2:ordinal>
                                <ns2:code>01</ns2:code>
                                <ns2:name>товарная накладная</ns2:name>
                                <ns2:contractPosition>
                                    <ns2:guid>bd8960a2-5846-4113-8732-8a26a21d2446</ns2:guid>
                                    <ns2:name>Инструмент ручной, используемый в сельском хозяйстве, садоводстве или лесном хозяйстве</ns2:name>
                                    <ns2:okpd2>
                                        <code>25.73.10.000</code>
                                        <name>Инструмент ручной, используемый в сельском хозяйстве, садоводстве или лесном хозяйстве</name>
                                    </ns2:okpd2>
                                </ns2:contractPosition>
                                <ns2:okei>
                                    <code>642</code>
                                    <name>Единица</name>
                                </ns2:okei>
                                <ns2:qty>1</ns2:qty>
                            </ns2:doc>
                        </ns2:docs>
                    </ns2:position>
                    <ns2:total>341680</ns2:total>
                </ns2:positions>
            </ns2:performanceContractData>
        </ns2:item>
    </ns2:body>
</ns2:performanceContract>
