<?xml version="1.0" encoding="UTF-8" standalone="yes"?>
<ns2:performanceContract xsi:schemaLocation="http://zakupki.gov.ru/223/integration/schema/TFF-5.2 http://zakupki.gov.ru/223/integration/schema/TFF-5.2/Types.xsd" xmlns="http://zakupki.gov.ru/223fz/types/1" xmlns:ns10="http://zakupki.gov.ru/223fz/disagreementProtocol/1" xmlns:ns11="http://zakupki.gov.ru/223fz/purchase/1" xmlns:ns12="http://zakupki.gov.ru/223fz/machineryListInfo/1" xmlns:ns13="http://zakupki.gov.ru/223fz/revenue/1" xmlns:ns14="http://zakupki.gov.ru/223fz/orderClauseList/1" xmlns:ns15="http://zakupki.gov.ru/223fz/complaint/1" xmlns:ns16="http://zakupki.gov.ru/223fz/missedNotice/1" xmlns:ns17="http://zakupki.gov.ru/223fz/notificationIssue/1" xmlns:ns18="http://zakupki.gov.ru/223fz/purchasePlanProject/1" xmlns:ns19="http://zakupki.gov.ru/223fz/webRequest/1" xmlns:ns2="http://zakupki.gov.ru/223fz/contract/1" xmlns:xsi="http://www.w3.org/2001/XMLSchema-instance" xmlns:ns3="http://zakupki.gov.ru/223fz/dishonestSupplier/1" xmlns:ns4="http://zakupki.gov.ru/223fz/decisionSuspension/1" xmlns:ns5="http://zakupki.gov.ru/223fz/purchasePlanAdditionalPosition/1" xmlns:ns6="http://zakupki.gov.ru/223fz/purchasePlan/1" xmlns:ns7="http://zakupki.gov.ru/223fz/purchasePlanProjectAdditionalPosition/1" xmlns:ns8="http://zakupki.gov.ru/223fz/reference/1" xmlns:ns9="http://zakupki.gov.ru/223fz/stopCommodity/1">
    <header>
        <guid>414ff8b5-29ca-48d7-8ce5-271520e32aeb</guid>
        <createDateTime>2017-03-30T14:13:40</createDateTime>
    </header>
    <ns2:body>
        <ns2:item>
            <guid>8dd91431-4d02-462f-b0d5-7502cdf8136d</guid>
            <ns2:performanceContractData>
                <ns2:guid>e9dd3996-c763-4c32-b37b-80b6966b841b</ns2:guid>
                <ns2:registrationNumber>66673092045160001310020</ns2:registrationNumber>
                <ns2:urlOOS>https://zakupki.gov.ru/223/contract/private/completing/info/view.html?id=2667218</ns2:urlOOS>
                <ns2:createDateTime>2016-04-18T08:48:29</ns2:createDateTime>
                <ns2:customer>
                    <mainInfo>
                        <fullName>АКЦИОНЕРНОЕ ОБЩЕСТВО "ОПЫТНОЕ КОНСТРУКТОРСКОЕ БЮРО "НОВАТОР"</fullName>
                        <shortName>АО "ОКБ "НОВАТОР"</shortName>
                        <iko>66673092045667301001</iko>
                        <inn>6673092045</inn>
                        <kpp>667301001</kpp>
                        <ogrn>1026605611339</ogrn>
                        <legalAddress>620017, обл СВЕРДЛОВСКАЯ, г ЕКАТЕРИНБУРГ, пр-кт КОСМОНАВТОВ, дом 18</legalAddress>
                        <postalAddress>620017, г. Екатеринбург, пр. Космонавтов, 18</postalAddress>
                        <phone>7-343-2641072</phone>
                        <fax>7-343-2641300</fax>
                        <email>main@okb-novator.ru</email>
                        <okato>65401385000</okato>
                        <okpo>07546512</okpo>
                    </mainInfo>
                </ns2:customer>
                <ns2:placer>
                    <mainInfo>
                        <fullName>АКЦИОНЕРНОЕ ОБЩЕСТВО "ОПЫТНОЕ КОНСТРУКТОРСКОЕ БЮРО "НОВАТОР"</fullName>
                        <shortName>АО "ОКБ "НОВАТОР"</shortName>
                        <iko>66673092045667301001</iko>
                        <inn>6673092045</inn>
                        <kpp>667301001</kpp>
                        <ogrn>1026605611339</ogrn>
                        <legalAddress>620017, обл СВЕРДЛОВСКАЯ, г ЕКАТЕРИНБУРГ, пр-кт КОСМОНАВТОВ, дом 18</legalAddress>
                        <postalAddress>620017, г. Екатеринбург, пр. Космонавтов, 18</postalAddress>
                        <phone>7-343-2641072</phone>
                        <fax>7-343-2641300</fax>
                        <email>main@okb-novator.ru</email>
                        <okato>65401385000</okato>
                        <okpo>07546512</okpo>
                    </mainInfo>
                </ns2:placer>
                <ns2:publicationDate>2017-03-30T14:13:40</ns2:publicationDate>
                <ns2:status>P</ns2:status>
                <ns2:version>5</ns2:version>
                <ns2:completed>false</ns2:completed>
                <ns2:modificationDescription>Заведение информации об очередной партии поставки продукции</ns2:modificationDescription>
                <ns2:attachments>
                    <totalDocumentsCount>5</totalDocumentsCount>
                    <document>
                        <guid>9257bab9-fa10-4b07-8a9d-c2a0bd6f7044</guid>
                        <createDateTime>2016-07-21T15:03:20</createDateTime>
                        <fileName>5335.pdf</fileName>
                        <description>5335</description>
                        <url>https://zakupki.gov.ru/223/contract/private/download/download.html?id=11738075</url>
                        <registrationNumber>66673092045160001310021</registrationNumber>
                    </document>
                    <document>
                        <guid>02ee02af-90f5-43b4-a264-e77c9a60c3dd</guid>
                        <createDateTime>2016-07-21T15:03:29</createDateTime>
                        <fileName>УПД № Т-826 от 16.06.2016 для БОЗД.pdf</fileName>
                        <description>УПД № Т-826 от 16.06.2016 для БОЗД</description>
                        <url>https://zakupki.gov.ru/223/contract/private/download/download.html?id=11738076</url>
                        <registrationNumber>66673092045160001310022</registrationNumber>
                    </document>
                    <document>
                        <guid>66f77a74-09c4-4e5d-8c5e-6cb4a424d09f</guid>
                        <createDateTime>2016-08-05T10:09:11</createDateTime>
                        <fileName>Т-790.pdf</fileName>
                        <description>УПД № Т-790 и платежное поручение</description>
                        <url>https://zakupki.gov.ru/223/contract/private/download/download.html?id=11738077</url>
                        <registrationNumber>66673092045160001310023</registrationNumber>
                    </document>
                    <document>
                        <guid>b0bde32c-457d-4fbf-b7ed-cd38cc9c2f95</guid>
                        <createDateTime>2016-10-11T09:35:09</createDateTime>
                        <fileName>тнТ 1703 пп7542.tiff</fileName>
                        <description>тнТ 1703 пп7542</description>
                        <url>https://zakupki.gov.ru/223/contract/private/download/download.html?id=11738078</url>
                        <registrationNumber>66673092045160001310024</registrationNumber>
                    </document>
                    <document>
                        <guid>d7c28662-35c0-44e1-97ab-246cbce3ee93</guid>
                        <createDateTime>2016-08-05T10:07:08</createDateTime>
                        <fileName>Т-984.pdf</fileName>
                        <description>Накладная № Т-984 и платежное поручение</description>
                        <url>https://zakupki.gov.ru/223/contract/private/download/download.html?id=11738079</url>
                        <registrationNumber>66673092045160001310025</registrationNumber>
                    </document>
                </ns2:attachments>
                <ns2:hasPenalty>false</ns2:hasPenalty>
                <ns2:contractRegNumber>66673092045160001310000</ns2:contractRegNumber>
                <ns2:contractInfo>
                    <ns2:guid>af6306a1-8019-4d80-b306-ee2123c339ad</ns2:guid>
                    <ns2:name>14-41/47</ns2:name>
                    <ns2:agencyName>АО "ОКБ "НОВАТОР"</ns2:agencyName>
                    <ns2:supplierName>ОБЩЕСТВО С ОГРАНИЧЕННОЙ ОТВЕТСТВЕННОСТЬЮ "ЕВРОТЕК-УРАЛ"</ns2:supplierName>
                    <ns2:lotInfo>Бумага техническая различного назначения</ns2:lotInfo>
                    <ns2:contractDate>2016-04-15</ns2:contractDate>
                </ns2:contractInfo>
                <ns2:positions>
                    <ns2:position>
                        <ns2:ordinal>5</ns2:ordinal>
                        <ns2:paymentDate>2017-03-23</ns2:paymentDate>
                        <ns2:price>128828.85</ns2:price>
                        <ns2:currency>
                            <code>RUB</code>
                            <digitalCode>643</digitalCode>
                            <name>Российский рубль</name>
                        </ns2:currency>
                        <ns2:rubPrice>128828.85</ns2:rubPrice>
                        <ns2:prepaid>false</ns2:prepaid>
                        <ns2:docs>
                            <ns2:doc>
                                <ns2:ordinal>1</ns2:ordinal>
                                <ns2:date>2017-03-17</ns2:date>
                                <ns2:code>01</ns2:code>
                                <ns2:name>товарная накладная</ns2:name>
                                <ns2:number>Т-462</ns2:number>
                                <ns2:contractPosition>
                                    <ns2:guid>3cabb750-4598-014e-e053-ac11070d70ec</ns2:guid>
                                    <ns2:name>Бумага прочая и картон для графических целей</ns2:name>
                                    <ns2:okpd2>
                                        <code>17.12.14</code>
                                        <name>Бумага прочая и картон для графических целей</name>
                                    </ns2:okpd2>
                                </ns2:contractPosition>
                                <ns2:okei>
                                    <code>166</code>
                                    <name>Килограмм</name>
                                </ns2:okei>
                                <ns2:qty>3224</ns2:qty>
                            </ns2:doc>
                        </ns2:docs>
                    </ns2:position>
                    <ns2:position>
                        <ns2:ordinal>2</ns2:ordinal>
                        <ns2:paymentDate>2016-07-15</ns2:paymentDate>
                        <ns2:price>5565</ns2:price>
                        <ns2:currency>
                            <code>RUB</code>
                            <digitalCode>643</digitalCode>
                            <name>Российский рубль</name>
                        </ns2:currency>
                        <ns2:rubPrice>5565</ns2:rubPrice>
                        <ns2:prepaid>false</ns2:prepaid>
                        <ns2:docs>
                            <ns2:doc>
                                <ns2:ordinal>1</ns2:ordinal>
                                <ns2:date>2016-06-16</ns2:date>
                                <ns2:code>37</ns2:code>
                                <ns2:name>прочие документы о приемке</ns2:name>
                                <ns2:number>Т-826</ns2:number>
                                <ns2:contractPosition>
                                    <ns2:guid>3cabb750-4598-014e-e053-ac11070d70ec</ns2:guid>
                                    <ns2:name>Бумага прочая и картон для графических целей</ns2:name>
                                    <ns2:okpd2>
                                        <code>17.12.14</code>
                                        <name>Бумага прочая и картон для графических целей</name>
                                    </ns2:okpd2>
                                </ns2:contractPosition>
                                <ns2:okei>
                                    <code>166</code>
                                    <name>Килограмм</name>
                                </ns2:okei>
                                <ns2:qty>105</ns2:qty>
                            </ns2:doc>
                        </ns2:docs>
                    </ns2:position>
                    <ns2:position>
                        <ns2:ordinal>1</ns2:ordinal>
                        <ns2:paymentDate>2016-06-16</ns2:paymentDate>
                        <ns2:price>16816.8</ns2:price>
                        <ns2:currency>
                            <code>RUB</code>
                            <digitalCode>643</digitalCode>
                            <name>Российский рубль</name>
                        </ns2:currency>
                        <ns2:rubPrice>16816.8</ns2:rubPrice>
                        <ns2:prepaid>false</ns2:prepaid>
                        <ns2:docs>
                            <ns2:doc>
                                <ns2:ordinal>1</ns2:ordinal>
                                <ns2:date>2016-06-08</ns2:date>
                                <ns2:code>37</ns2:code>
                                <ns2:name>прочие документы о приемке</ns2:name>
                                <ns2:number>Т-790</ns2:number>
                                <ns2:contractPosition>
                                    <ns2:guid>3cabb750-4598-014e-e053-ac11070d70ec</ns2:guid>
                                    <ns2:name>Бумага прочая и картон для графических целей</ns2:name>
                                    <ns2:okpd2>
                                        <code>17.12.14</code>
                                        <name>Бумага прочая и картон для графических целей</name>
                                    </ns2:okpd2>
                                </ns2:contractPosition>
                                <ns2:okei>
                                    <code>166</code>
                                    <name>Килограмм</name>
                                </ns2:okei>
                                <ns2:qty>560</ns2:qty>
                            </ns2:doc>
                        </ns2:docs>
                    </ns2:position>
                    <ns2:position>
                        <ns2:ordinal>3</ns2:ordinal>
                        <ns2:paymentDate>2016-08-02</ns2:paymentDate>
                        <ns2:price>177600.92</ns2:price>
                        <ns2:currency>
                            <code>RUB</code>
                            <digitalCode>643</digitalCode>
                            <name>Российский рубль</name>
                        </ns2:currency>
                        <ns2:rubPrice>177600.92</ns2:rubPrice>
                        <ns2:prepaid>false</ns2:prepaid>
                        <ns2:docs>
                            <ns2:doc>
                                <ns2:ordinal>1</ns2:ordinal>
                                <ns2:date>2016-07-13</ns2:date>
                                <ns2:code>01</ns2:code>
                                <ns2:name>товарная накладная</ns2:name>
                                <ns2:number>Т-984</ns2:number>
                                <ns2:contractPosition>
                                    <ns2:guid>3cabb750-4598-014e-e053-ac11070d70ec</ns2:guid>
                                    <ns2:name>Бумага прочая и картон для графических целей</ns2:name>
                                    <ns2:okpd2>
                                        <code>17.12.14</code>
                                        <name>Бумага прочая и картон для графических целей</name>
                                    </ns2:okpd2>
                                </ns2:contractPosition>
                                <ns2:okei>
                                    <code>166</code>
                                    <name>Килограмм</name>
                                </ns2:okei>
                                <ns2:qty>2602</ns2:qty>
                            </ns2:doc>
                        </ns2:docs>
                    </ns2:position>
                    <ns2:position>
                        <ns2:ordinal>4</ns2:ordinal>
                        <ns2:paymentDate>2016-10-06</ns2:paymentDate>
                        <ns2:price>57285.43</ns2:price>
                        <ns2:currency>
                            <code>RUB</code>
                            <digitalCode>643</digitalCode>
                            <name>Российский рубль</name>
                        </ns2:currency>
                        <ns2:rubPrice>57285.43</ns2:rubPrice>
                        <ns2:prepaid>false</ns2:prepaid>
                        <ns2:docs>
                            <ns2:doc>
                                <ns2:ordinal>1</ns2:ordinal>
                                <ns2:date>2016-09-28</ns2:date>
                                <ns2:code>01</ns2:code>
                                <ns2:name>товарная накладная</ns2:name>
                                <ns2:number>Т-1703</ns2:number>
                                <ns2:contractPosition>
                                    <ns2:guid>3cabb750-4598-014e-e053-ac11070d70ec</ns2:guid>
                                    <ns2:name>Бумага прочая и картон для графических целей</ns2:name>
                                    <ns2:okpd2>
                                        <code>17.12.14</code>
                                        <name>Бумага прочая и картон для графических целей</name>
                                    </ns2:okpd2>
                                </ns2:contractPosition>
                                <ns2:okei>
                                    <code>166</code>
                                    <name>Килограмм</name>
                                </ns2:okei>
                                <ns2:qty>1478</ns2:qty>
                            </ns2:doc>
                        </ns2:docs>
                    </ns2:position>
                    <ns2:total>386097.00</ns2:total>
                </ns2:positions>
            </ns2:performanceContractData>
        </ns2:item>
    </ns2:body>
</ns2:performanceContract>
