<?xml version="1.0" encoding="UTF-8" standalone="yes"?>
<ns2:performanceContract xsi:schemaLocation="http://zakupki.gov.ru/223/integration/schema/TFF-5.2 http://zakupki.gov.ru/223/integration/schema/TFF-5.2/Types.xsd" xmlns="http://zakupki.gov.ru/223fz/types/1" xmlns:ns10="http://zakupki.gov.ru/223fz/disagreementProtocol/1" xmlns:ns11="http://zakupki.gov.ru/223fz/purchase/1" xmlns:ns12="http://zakupki.gov.ru/223fz/machineryListInfo/1" xmlns:ns13="http://zakupki.gov.ru/223fz/revenue/1" xmlns:ns14="http://zakupki.gov.ru/223fz/orderClauseList/1" xmlns:ns15="http://zakupki.gov.ru/223fz/complaint/1" xmlns:ns16="http://zakupki.gov.ru/223fz/missedNotice/1" xmlns:ns17="http://zakupki.gov.ru/223fz/notificationIssue/1" xmlns:ns18="http://zakupki.gov.ru/223fz/purchasePlanProject/1" xmlns:ns19="http://zakupki.gov.ru/223fz/webRequest/1" xmlns:ns2="http://zakupki.gov.ru/223fz/contract/1" xmlns:xsi="http://www.w3.org/2001/XMLSchema-instance" xmlns:ns3="http://zakupki.gov.ru/223fz/dishonestSupplier/1" xmlns:ns4="http://zakupki.gov.ru/223fz/decisionSuspension/1" xmlns:ns5="http://zakupki.gov.ru/223fz/purchasePlanAdditionalPosition/1" xmlns:ns6="http://zakupki.gov.ru/223fz/purchasePlan/1" xmlns:ns7="http://zakupki.gov.ru/223fz/purchasePlanProjectAdditionalPosition/1" xmlns:ns8="http://zakupki.gov.ru/223fz/reference/1" xmlns:ns9="http://zakupki.gov.ru/223fz/stopCommodity/1">
    <header>
        <guid>34d588d6-fb84-4845-8ba1-7b03206ea361</guid>
        <createDateTime>2017-03-30T13:34:44</createDateTime>
    </header>
    <ns2:body>
        <ns2:item>
            <guid>dc6e358c-b8a6-4254-a9d6-d20678456fc0</guid>
            <ns2:performanceContractData>
                <ns2:guid>1b16d291-5af5-4ab8-9413-28a703b31988</ns2:guid>
                <ns2:registrationNumber>56671163413170000030003</ns2:registrationNumber>
                <ns2:urlOOS>https://zakupki.gov.ru/223/contract/private/completing/info/view.html?id=2666729</ns2:urlOOS>
                <ns2:createDateTime>2017-01-09T07:43:59</ns2:createDateTime>
                <ns2:customer>
                    <mainInfo>
                        <fullName>Открытое акционерное общество "Межрегиональная распределительная сетевая компания Урала"</fullName>
                        <shortName>ОАО "МРСК Урала"</shortName>
                        <iko>56671163413667201001</iko>
                        <inn>6671163413</inn>
                        <kpp>667201001</kpp>
                        <ogrn>1056604000970</ogrn>
                        <legalAddress>620026, Свердловская, Екатеринбург, Мамина-Сибиряка, дом 140</legalAddress>
                        <postalAddress>620026, Свердловская область, Екатеринбург, Мамина-Сибиряка, дом 140 </postalAddress>
                        <phone>7-343-2152600</phone>
                        <fax>7-343-2152661</fax>
                        <email>mrsk@mrsk-ural.ru</email>
                        <okato>65401000000</okato>
                        <okpo>76507836</okpo>
                    </mainInfo>
                </ns2:customer>
                <ns2:placer>
                    <mainInfo>
                        <fullName>Открытое акционерное общество "Межрегиональная распределительная сетевая компания Урала"</fullName>
                        <shortName>ОАО "МРСК Урала"</shortName>
                        <iko>56671163413667201001</iko>
                        <inn>6671163413</inn>
                        <kpp>667201001</kpp>
                        <ogrn>1056604000970</ogrn>
                        <legalAddress>620026, Свердловская, Екатеринбург, Мамина-Сибиряка, дом 140</legalAddress>
                        <postalAddress>620026, Свердловская область, Екатеринбург, Мамина-Сибиряка, дом 140 </postalAddress>
                        <phone>7-343-2152600</phone>
                        <fax>7-343-2152661</fax>
                        <email>mrsk@mrsk-ural.ru</email>
                        <okato>65401000000</okato>
                        <okpo>76507836</okpo>
                    </mainInfo>
                </ns2:placer>
                <ns2:publicationDate>2017-03-30T13:34:44</ns2:publicationDate>
                <ns2:status>P</ns2:status>
                <ns2:version>1</ns2:version>
                <ns2:completed>false</ns2:completed>
                <ns2:attachments>
                    <totalDocumentsCount>4</totalDocumentsCount>
                    <document>
                        <guid>faec9985-b028-418e-9e50-3770baf5eb94</guid>
                        <createDateTime>2017-03-30T13:34:16</createDateTime>
                        <fileName>ТЭС_10.02.17_13.03.17_228660,98.pdf</fileName>
                        <description>ТЭС_10.02.17_13.03.17_228660,98</description>
                        <url>https://zakupki.gov.ru/223/contract/private/download/download.html?id=11735570</url>
                        <registrationNumber>56671163413170000030004</registrationNumber>
                    </document>
                    <document>
                        <guid>0840fa9f-e46f-4c4f-a525-4e22367002eb</guid>
                        <createDateTime>2017-03-30T13:34:03</createDateTime>
                        <fileName>ИА_01.02.2017_22.03.2017_22401,14.pdf</fileName>
                        <description>ИА_01.02.2017_22.03.2017_22401,14</description>
                        <url>https://zakupki.gov.ru/223/contract/private/download/download.html?id=11735557</url>
                        <registrationNumber>56671163413170000030005</registrationNumber>
                    </document>
                    <document>
                        <guid>1b890973-23ac-4849-b631-8ec1e9589c17</guid>
                        <createDateTime>2017-03-30T13:34:22</createDateTime>
                        <fileName>ТЭС_10.02.17_15.03.17_59303,97.pdf</fileName>
                        <description>ТЭС_10.02.17_15.03.17_59303,97</description>
                        <url>https://zakupki.gov.ru/223/contract/private/download/download.html?id=11735576</url>
                        <registrationNumber>56671163413170000030006</registrationNumber>
                    </document>
                    <document>
                        <guid>5c99899c-6cb7-43e1-b8e0-7c5aa8867045</guid>
                        <createDateTime>2017-03-30T13:34:09</createDateTime>
                        <fileName>МЭС_02.02.17_15.03.17_130608,45.pdf</fileName>
                        <description>МЭС_02.02.17_15.03.17_130608,45</description>
                        <url>https://zakupki.gov.ru/223/contract/private/download/download.html?id=11735561</url>
                        <registrationNumber>56671163413170000030007</registrationNumber>
                    </document>
                </ns2:attachments>
                <ns2:hasPenalty>false</ns2:hasPenalty>
                <ns2:contractRegNumber>56671163413170000030000</ns2:contractRegNumber>
                <ns2:contractInfo>
                    <ns2:guid>68704398-aefb-4b7d-8c8b-1f59e6fdf40e</ns2:guid>
                    <ns2:agencyName>ОАО "МРСК Урала"</ns2:agencyName>
                    <ns2:supplierName>ОБЩЕСТВО С ОГРАНИЧЕННОЙ ОТВЕТСТВЕННОСТЬЮ "ЭКСПОНЕНТА"</ns2:supplierName>
                    <ns2:lotInfo>право заключения договора на поставку автоматических выключателей до 1000 В для  обеспечения ремонтной и инвестиционной программы филиала ОАО «МРСК Урала» - «Челябэнерго» в 2016-2017г.</ns2:lotInfo>
                    <ns2:contractDate>2016-12-28</ns2:contractDate>
                </ns2:contractInfo>
                <ns2:positions>
                    <ns2:position>
                        <ns2:ordinal>2</ns2:ordinal>
                        <ns2:paymentDate>2017-03-15</ns2:paymentDate>
                        <ns2:price>130608.45</ns2:price>
                        <ns2:currency>
                            <code>RUB</code>
                            <digitalCode>643</digitalCode>
                            <name>Российский рубль</name>
                        </ns2:currency>
                        <ns2:rubPrice>130608.45</ns2:rubPrice>
                        <ns2:prepaid>false</ns2:prepaid>
                        <ns2:docs>
                            <ns2:doc>
                                <ns2:ordinal>1</ns2:ordinal>
                                <ns2:code>01</ns2:code>
                                <ns2:name>товарная накладная</ns2:name>
                                <ns2:contractPosition>
                                    <ns2:guid>8aa84f74-b826-460f-b8a9-f0009880280f</ns2:guid>
                                    <ns2:name>Выключатели автоматические на напряжение не более 1 кВ</ns2:name>
                                    <ns2:okpd2>
                                        <code>27.12.22.000</code>
                                        <name>Выключатели автоматические на напряжение не более 1 кВ</name>
                                    </ns2:okpd2>
                                </ns2:contractPosition>
                                <ns2:okei>
                                    <code>642</code>
                                    <name>Единица</name>
                                </ns2:okei>
                                <ns2:qty>1</ns2:qty>
                            </ns2:doc>
                        </ns2:docs>
                    </ns2:position>
                    <ns2:position>
                        <ns2:ordinal>3</ns2:ordinal>
                        <ns2:paymentDate>2017-03-13</ns2:paymentDate>
                        <ns2:price>228660.98</ns2:price>
                        <ns2:currency>
                            <code>RUB</code>
                            <digitalCode>643</digitalCode>
                            <name>Российский рубль</name>
                        </ns2:currency>
                        <ns2:rubPrice>228660.98</ns2:rubPrice>
                        <ns2:prepaid>false</ns2:prepaid>
                        <ns2:docs>
                            <ns2:doc>
                                <ns2:ordinal>1</ns2:ordinal>
                                <ns2:code>01</ns2:code>
                                <ns2:name>товарная накладная</ns2:name>
                                <ns2:contractPosition>
                                    <ns2:guid>8aa84f74-b826-460f-b8a9-f0009880280f</ns2:guid>
                                    <ns2:name>Выключатели автоматические на напряжение не более 1 кВ</ns2:name>
                                    <ns2:okpd2>
                                        <code>27.12.22.000</code>
                                        <name>Выключатели автоматические на напряжение не более 1 кВ</name>
                                    </ns2:okpd2>
                                </ns2:contractPosition>
                                <ns2:okei>
                                    <code>642</code>
                                    <name>Единица</name>
                                </ns2:okei>
                                <ns2:qty>1</ns2:qty>
                            </ns2:doc>
                        </ns2:docs>
                    </ns2:position>
                    <ns2:position>
                        <ns2:ordinal>4</ns2:ordinal>
                        <ns2:paymentDate>2017-03-15</ns2:paymentDate>
                        <ns2:price>59303.97</ns2:price>
                        <ns2:currency>
                            <code>RUB</code>
                            <digitalCode>643</digitalCode>
                            <name>Российский рубль</name>
                        </ns2:currency>
                        <ns2:rubPrice>59303.97</ns2:rubPrice>
                        <ns2:prepaid>false</ns2:prepaid>
                        <ns2:docs>
                            <ns2:doc>
                                <ns2:ordinal>1</ns2:ordinal>
                                <ns2:code>01</ns2:code>
                                <ns2:name>товарная накладная</ns2:name>
                                <ns2:contractPosition>
                                    <ns2:guid>8aa84f74-b826-460f-b8a9-f0009880280f</ns2:guid>
                                    <ns2:name>Выключатели автоматические на напряжение не более 1 кВ</ns2:name>
                                    <ns2:okpd2>
                                        <code>27.12.22.000</code>
                                        <name>Выключатели автоматические на напряжение не более 1 кВ</name>
                                    </ns2:okpd2>
                                </ns2:contractPosition>
                                <ns2:okei>
                                    <code>642</code>
                                    <name>Единица</name>
                                </ns2:okei>
                                <ns2:qty>1</ns2:qty>
                            </ns2:doc>
                        </ns2:docs>
                    </ns2:position>
                    <ns2:position>
                        <ns2:ordinal>1</ns2:ordinal>
                        <ns2:paymentDate>2017-03-22</ns2:paymentDate>
                        <ns2:price>22401.14</ns2:price>
                        <ns2:currency>
                            <code>RUB</code>
                            <digitalCode>643</digitalCode>
                            <name>Российский рубль</name>
                        </ns2:currency>
                        <ns2:rubPrice>22401.14</ns2:rubPrice>
                        <ns2:prepaid>false</ns2:prepaid>
                        <ns2:docs>
                            <ns2:doc>
                                <ns2:ordinal>1</ns2:ordinal>
                                <ns2:code>01</ns2:code>
                                <ns2:name>товарная накладная</ns2:name>
                                <ns2:contractPosition>
                                    <ns2:guid>8aa84f74-b826-460f-b8a9-f0009880280f</ns2:guid>
                                    <ns2:name>Выключатели автоматические на напряжение не более 1 кВ</ns2:name>
                                    <ns2:okpd2>
                                        <code>27.12.22.000</code>
                                        <name>Выключатели автоматические на напряжение не более 1 кВ</name>
                                    </ns2:okpd2>
                                </ns2:contractPosition>
                                <ns2:okei>
                                    <code>642</code>
                                    <name>Единица</name>
                                </ns2:okei>
                                <ns2:qty>1</ns2:qty>
                            </ns2:doc>
                        </ns2:docs>
                    </ns2:position>
                    <ns2:total>440974.54</ns2:total>
                </ns2:positions>
            </ns2:performanceContractData>
        </ns2:item>
    </ns2:body>
</ns2:performanceContract>
