<?xml version="1.0" encoding="UTF-8" standalone="yes"?>
<ns2:performanceContract xsi:schemaLocation="http://zakupki.gov.ru/223/integration/schema/TFF-5.2 http://zakupki.gov.ru/223/integration/schema/TFF-5.2/Types.xsd" xmlns="http://zakupki.gov.ru/223fz/types/1" xmlns:ns10="http://zakupki.gov.ru/223fz/disagreementProtocol/1" xmlns:ns11="http://zakupki.gov.ru/223fz/purchase/1" xmlns:ns12="http://zakupki.gov.ru/223fz/machineryListInfo/1" xmlns:ns13="http://zakupki.gov.ru/223fz/revenue/1" xmlns:ns14="http://zakupki.gov.ru/223fz/orderClauseList/1" xmlns:ns15="http://zakupki.gov.ru/223fz/complaint/1" xmlns:ns16="http://zakupki.gov.ru/223fz/missedNotice/1" xmlns:ns17="http://zakupki.gov.ru/223fz/notificationIssue/1" xmlns:ns18="http://zakupki.gov.ru/223fz/purchasePlanProject/1" xmlns:ns19="http://zakupki.gov.ru/223fz/webRequest/1" xmlns:ns2="http://zakupki.gov.ru/223fz/contract/1" xmlns:xsi="http://www.w3.org/2001/XMLSchema-instance" xmlns:ns3="http://zakupki.gov.ru/223fz/dishonestSupplier/1" xmlns:ns4="http://zakupki.gov.ru/223fz/decisionSuspension/1" xmlns:ns5="http://zakupki.gov.ru/223fz/purchasePlanAdditionalPosition/1" xmlns:ns6="http://zakupki.gov.ru/223fz/purchasePlan/1" xmlns:ns7="http://zakupki.gov.ru/223fz/purchasePlanProjectAdditionalPosition/1" xmlns:ns8="http://zakupki.gov.ru/223fz/reference/1" xmlns:ns9="http://zakupki.gov.ru/223fz/stopCommodity/1">
    <header>
        <guid>965cdb9a-2809-47be-8ab3-2c83fd8b7be8</guid>
        <createDateTime>2017-03-30T12:33:19</createDateTime>
    </header>
    <ns2:body>
        <ns2:item>
            <guid>907dccc5-ea04-4c6f-a5b0-26b88135f5b4</guid>
            <ns2:performanceContractData>
                <ns2:guid>3bd30d4b-6ca0-4153-ba73-623143e7c020</ns2:guid>
                <ns2:registrationNumber>86660008159160001900003</ns2:registrationNumber>
                <ns2:urlOOS>https://zakupki.gov.ru/223/contract/private/completing/info/view.html?id=2665788</ns2:urlOOS>
                <ns2:createDateTime>2016-11-01T07:51:36</ns2:createDateTime>
                <ns2:customer>
                    <mainInfo>
                        <fullName>ФЕДЕРАЛЬНОЕ ГОСУДАРСТВЕННОЕ БЮДЖЕТНОЕ ОБРАЗОВАТЕЛЬНОЕ УЧРЕЖДЕНИЕ ВЫСШЕГО ОБРАЗОВАНИЯ "УРАЛЬСКИЙ ГОСУДАРСТВЕННЫЙ ЮРИДИЧЕСКИЙ УНИВЕРСИТЕТ"</fullName>
                        <shortName>ФГБОУ ВО "УРАЛЬСКИЙ ГОСУДАРСТВЕННЫЙ ЮРИДИЧЕСКИЙ УНИВЕРСИТЕТ", ФГБОУ ВО "УРГЮУ", УРГЮУ</shortName>
                        <iko>86660008159667001001</iko>
                        <inn>6660008159</inn>
                        <kpp>667001001</kpp>
                        <ogrn>1026604932860</ogrn>
                        <legalAddress>620137, ОБЛ СВЕРДЛОВСКАЯ, Г ЕКАТЕРИНБУРГ, УЛ КОМСОМОЛЬСКАЯ, дом 21</legalAddress>
                        <postalAddress>Российская Федерация, 620137, Свердловская обл, Екатеринбург г, Комсомольская, 21, -</postalAddress>
                        <phone>7-343-3746235</phone>
                        <fax>7-343-3746235</fax>
                        <email>zakupki@usla.ru</email>
                        <okato>65401000000</okato>
                        <okpo>02069220</okpo>
                    </mainInfo>
                </ns2:customer>
                <ns2:placer>
                    <mainInfo>
                        <fullName>ФЕДЕРАЛЬНОЕ ГОСУДАРСТВЕННОЕ БЮДЖЕТНОЕ ОБРАЗОВАТЕЛЬНОЕ УЧРЕЖДЕНИЕ ВЫСШЕГО ОБРАЗОВАНИЯ "УРАЛЬСКИЙ ГОСУДАРСТВЕННЫЙ ЮРИДИЧЕСКИЙ УНИВЕРСИТЕТ"</fullName>
                        <shortName>ФГБОУ ВО "УРАЛЬСКИЙ ГОСУДАРСТВЕННЫЙ ЮРИДИЧЕСКИЙ УНИВЕРСИТЕТ", ФГБОУ ВО "УРГЮУ", УРГЮУ</shortName>
                        <iko>86660008159667001001</iko>
                        <inn>6660008159</inn>
                        <kpp>667001001</kpp>
                        <ogrn>1026604932860</ogrn>
                        <legalAddress>620137, ОБЛ СВЕРДЛОВСКАЯ, Г ЕКАТЕРИНБУРГ, УЛ КОМСОМОЛЬСКАЯ, дом 21</legalAddress>
                        <postalAddress>Российская Федерация, 620137, Свердловская обл, Екатеринбург г, Комсомольская, 21, -</postalAddress>
                        <phone>7-343-3746235</phone>
                        <fax>7-343-3746235</fax>
                        <email>zakupki@usla.ru</email>
                        <okato>65401000000</okato>
                        <okpo>02069220</okpo>
                    </mainInfo>
                </ns2:placer>
                <ns2:publicationDate>2017-03-30T12:33:19</ns2:publicationDate>
                <ns2:status>P</ns2:status>
                <ns2:version>1</ns2:version>
                <ns2:completed>false</ns2:completed>
                <ns2:attachments>
                    <totalDocumentsCount>1</totalDocumentsCount>
                    <document>
                        <guid>7ce8fb44-c20b-454b-b37b-bdc4500a9b29</guid>
                        <createDateTime>2017-03-30T12:33:02</createDateTime>
                        <fileName>70Z.rar</fileName>
                        <description>70Z</description>
                        <url>https://zakupki.gov.ru/223/contract/private/download/download.html?id=11732158</url>
                        <registrationNumber>86660008159160001900004</registrationNumber>
                    </document>
                </ns2:attachments>
                <ns2:hasPenalty>false</ns2:hasPenalty>
                <ns2:contractRegNumber>86660008159160001900000</ns2:contractRegNumber>
                <ns2:contractInfo>
                    <ns2:guid>8ed9e1b4-d917-4db2-b61d-7febfe7bb206</ns2:guid>
                    <ns2:name>70Z</ns2:name>
                    <ns2:agencyName>ФГБОУ ВО "УРАЛЬСКИЙ ГОСУДАРСТВЕННЫЙ ЮРИДИЧЕСКИЙ УНИВЕРСИТЕТ", ФГБОУ ВО "УРГЮУ", УРГЮУ</ns2:agencyName>
                    <ns2:supplierName>ООО "Артимо"</ns2:supplierName>
                    <ns2:lotInfo>Поставка овощей свежих (наименования, характеристики, количество товара в соответствии с прикрепленным извещением о проведении запроса котировок в электронной форме)</ns2:lotInfo>
                    <ns2:contractDate>2016-11-01</ns2:contractDate>
                </ns2:contractInfo>
                <ns2:positions>
                    <ns2:position>
                        <ns2:ordinal>5</ns2:ordinal>
                        <ns2:paymentDate>2016-12-02</ns2:paymentDate>
                        <ns2:price>1608</ns2:price>
                        <ns2:currency>
                            <code>RUB</code>
                            <digitalCode>643</digitalCode>
                            <name>Российский рубль</name>
                        </ns2:currency>
                        <ns2:rubPrice>1608</ns2:rubPrice>
                        <ns2:prepaid>false</ns2:prepaid>
                        <ns2:docs>
                            <ns2:doc>
                                <ns2:ordinal>1</ns2:ordinal>
                                <ns2:date>2016-11-24</ns2:date>
                                <ns2:code>01</ns2:code>
                                <ns2:name>товарная накладная</ns2:name>
                                <ns2:number>3369</ns2:number>
                                <ns2:contractPosition>
                                    <ns2:guid>94bcb3e7-fe4b-4e1e-8f27-642fb33f9320</ns2:guid>
                                    <ns2:name>Овощи и культуры бахчевые, корнеплоды и клубнеплоды</ns2:name>
                                    <ns2:okpd2>
                                        <code>01.13</code>
                                        <name>Овощи и культуры бахчевые, корнеплоды и клубнеплоды</name>
                                    </ns2:okpd2>
                                </ns2:contractPosition>
                                <ns2:okei>
                                    <code>876</code>
                                    <name>Условная единица</name>
                                </ns2:okei>
                                <ns2:qty>1</ns2:qty>
                            </ns2:doc>
                        </ns2:docs>
                    </ns2:position>
                    <ns2:position>
                        <ns2:ordinal>9</ns2:ordinal>
                        <ns2:paymentDate>2016-12-20</ns2:paymentDate>
                        <ns2:price>14107.52</ns2:price>
                        <ns2:currency>
                            <code>RUB</code>
                            <digitalCode>643</digitalCode>
                            <name>Российский рубль</name>
                        </ns2:currency>
                        <ns2:rubPrice>14107.52</ns2:rubPrice>
                        <ns2:prepaid>false</ns2:prepaid>
                        <ns2:docs>
                            <ns2:doc>
                                <ns2:ordinal>1</ns2:ordinal>
                                <ns2:date>2016-11-10</ns2:date>
                                <ns2:code>01</ns2:code>
                                <ns2:name>товарная накладная</ns2:name>
                                <ns2:number>3102</ns2:number>
                                <ns2:contractPosition>
                                    <ns2:guid>94bcb3e7-fe4b-4e1e-8f27-642fb33f9320</ns2:guid>
                                    <ns2:name>Овощи и культуры бахчевые, корнеплоды и клубнеплоды</ns2:name>
                                    <ns2:okpd2>
                                        <code>01.13</code>
                                        <name>Овощи и культуры бахчевые, корнеплоды и клубнеплоды</name>
                                    </ns2:okpd2>
                                </ns2:contractPosition>
                                <ns2:okei>
                                    <code>876</code>
                                    <name>Условная единица</name>
                                </ns2:okei>
                                <ns2:qty>1</ns2:qty>
                            </ns2:doc>
                        </ns2:docs>
                    </ns2:position>
                    <ns2:position>
                        <ns2:ordinal>4</ns2:ordinal>
                        <ns2:paymentDate>2016-11-29</ns2:paymentDate>
                        <ns2:price>13897.81</ns2:price>
                        <ns2:currency>
                            <code>RUB</code>
                            <digitalCode>643</digitalCode>
                            <name>Российский рубль</name>
                        </ns2:currency>
                        <ns2:rubPrice>13897.81</ns2:rubPrice>
                        <ns2:prepaid>false</ns2:prepaid>
                        <ns2:docs>
                            <ns2:doc>
                                <ns2:ordinal>1</ns2:ordinal>
                                <ns2:date>2016-11-21</ns2:date>
                                <ns2:code>01</ns2:code>
                                <ns2:name>товарная накладная</ns2:name>
                                <ns2:number>3271</ns2:number>
                                <ns2:contractPosition>
                                    <ns2:guid>94bcb3e7-fe4b-4e1e-8f27-642fb33f9320</ns2:guid>
                                    <ns2:name>Овощи и культуры бахчевые, корнеплоды и клубнеплоды</ns2:name>
                                    <ns2:okpd2>
                                        <code>01.13</code>
                                        <name>Овощи и культуры бахчевые, корнеплоды и клубнеплоды</name>
                                    </ns2:okpd2>
                                </ns2:contractPosition>
                                <ns2:okei>
                                    <code>876</code>
                                    <name>Условная единица</name>
                                </ns2:okei>
                                <ns2:qty>1</ns2:qty>
                            </ns2:doc>
                        </ns2:docs>
                    </ns2:position>
                    <ns2:position>
                        <ns2:ordinal>11</ns2:ordinal>
                        <ns2:paymentDate>2017-01-19</ns2:paymentDate>
                        <ns2:price>56809.57</ns2:price>
                        <ns2:currency>
                            <code>RUB</code>
                            <digitalCode>643</digitalCode>
                            <name>Российский рубль</name>
                        </ns2:currency>
                        <ns2:rubPrice>56809.57</ns2:rubPrice>
                        <ns2:prepaid>false</ns2:prepaid>
                        <ns2:docs>
                            <ns2:doc>
                                <ns2:ordinal>1</ns2:ordinal>
                                <ns2:date>2016-12-19</ns2:date>
                                <ns2:code>01</ns2:code>
                                <ns2:name>товарная накладная</ns2:name>
                                <ns2:number>3819</ns2:number>
                                <ns2:contractPosition>
                                    <ns2:guid>94bcb3e7-fe4b-4e1e-8f27-642fb33f9320</ns2:guid>
                                    <ns2:name>Овощи и культуры бахчевые, корнеплоды и клубнеплоды</ns2:name>
                                    <ns2:okpd2>
                                        <code>01.13</code>
                                        <name>Овощи и культуры бахчевые, корнеплоды и клубнеплоды</name>
                                    </ns2:okpd2>
                                </ns2:contractPosition>
                                <ns2:okei>
                                    <code>876</code>
                                    <name>Условная единица</name>
                                </ns2:okei>
                                <ns2:qty>1</ns2:qty>
                            </ns2:doc>
                        </ns2:docs>
                    </ns2:position>
                    <ns2:position>
                        <ns2:ordinal>2</ns2:ordinal>
                        <ns2:paymentDate>2016-11-23</ns2:paymentDate>
                        <ns2:price>22576.32</ns2:price>
                        <ns2:currency>
                            <code>RUB</code>
                            <digitalCode>643</digitalCode>
                            <name>Российский рубль</name>
                        </ns2:currency>
                        <ns2:rubPrice>22576.32</ns2:rubPrice>
                        <ns2:prepaid>false</ns2:prepaid>
                        <ns2:docs>
                            <ns2:doc>
                                <ns2:ordinal>1</ns2:ordinal>
                                <ns2:date>2016-11-07</ns2:date>
                                <ns2:code>01</ns2:code>
                                <ns2:name>товарная накладная</ns2:name>
                                <ns2:number>3026</ns2:number>
                                <ns2:contractPosition>
                                    <ns2:guid>94bcb3e7-fe4b-4e1e-8f27-642fb33f9320</ns2:guid>
                                    <ns2:name>Овощи и культуры бахчевые, корнеплоды и клубнеплоды</ns2:name>
                                    <ns2:okpd2>
                                        <code>01.13</code>
                                        <name>Овощи и культуры бахчевые, корнеплоды и клубнеплоды</name>
                                    </ns2:okpd2>
                                </ns2:contractPosition>
                                <ns2:okei>
                                    <code>876</code>
                                    <name>Условная единица</name>
                                </ns2:okei>
                                <ns2:qty>1</ns2:qty>
                            </ns2:doc>
                        </ns2:docs>
                    </ns2:position>
                    <ns2:position>
                        <ns2:ordinal>13</ns2:ordinal>
                        <ns2:paymentDate>2017-02-03</ns2:paymentDate>
                        <ns2:price>47712.57</ns2:price>
                        <ns2:currency>
                            <code>RUB</code>
                            <digitalCode>643</digitalCode>
                            <name>Российский рубль</name>
                        </ns2:currency>
                        <ns2:rubPrice>47712.57</ns2:rubPrice>
                        <ns2:prepaid>false</ns2:prepaid>
                        <ns2:docs>
                            <ns2:doc>
                                <ns2:ordinal>1</ns2:ordinal>
                                <ns2:date>2017-01-16</ns2:date>
                                <ns2:code>01</ns2:code>
                                <ns2:name>товарная накладная</ns2:name>
                                <ns2:number>85</ns2:number>
                                <ns2:contractPosition>
                                    <ns2:guid>94bcb3e7-fe4b-4e1e-8f27-642fb33f9320</ns2:guid>
                                    <ns2:name>Овощи и культуры бахчевые, корнеплоды и клубнеплоды</ns2:name>
                                    <ns2:okpd2>
                                        <code>01.13</code>
                                        <name>Овощи и культуры бахчевые, корнеплоды и клубнеплоды</name>
                                    </ns2:okpd2>
                                </ns2:contractPosition>
                                <ns2:okei>
                                    <code>876</code>
                                    <name>Условная единица</name>
                                </ns2:okei>
                                <ns2:qty>1</ns2:qty>
                            </ns2:doc>
                        </ns2:docs>
                    </ns2:position>
                    <ns2:position>
                        <ns2:ordinal>3</ns2:ordinal>
                        <ns2:paymentDate>2016-11-25</ns2:paymentDate>
                        <ns2:price>12932.88</ns2:price>
                        <ns2:currency>
                            <code>RUB</code>
                            <digitalCode>643</digitalCode>
                            <name>Российский рубль</name>
                        </ns2:currency>
                        <ns2:rubPrice>12932.88</ns2:rubPrice>
                        <ns2:prepaid>false</ns2:prepaid>
                        <ns2:docs>
                            <ns2:doc>
                                <ns2:ordinal>1</ns2:ordinal>
                                <ns2:date>2016-11-16</ns2:date>
                                <ns2:code>01</ns2:code>
                                <ns2:name>товарная накладная</ns2:name>
                                <ns2:number>3229</ns2:number>
                                <ns2:contractPosition>
                                    <ns2:guid>94bcb3e7-fe4b-4e1e-8f27-642fb33f9320</ns2:guid>
                                    <ns2:name>Овощи и культуры бахчевые, корнеплоды и клубнеплоды</ns2:name>
                                    <ns2:okpd2>
                                        <code>01.13</code>
                                        <name>Овощи и культуры бахчевые, корнеплоды и клубнеплоды</name>
                                    </ns2:okpd2>
                                </ns2:contractPosition>
                                <ns2:okei>
                                    <code>876</code>
                                    <name>Условная единица</name>
                                </ns2:okei>
                                <ns2:qty>1</ns2:qty>
                            </ns2:doc>
                        </ns2:docs>
                    </ns2:position>
                    <ns2:position>
                        <ns2:ordinal>15</ns2:ordinal>
                        <ns2:paymentDate>2017-03-29</ns2:paymentDate>
                        <ns2:price>4788.88</ns2:price>
                        <ns2:currency>
                            <code>RUB</code>
                            <digitalCode>643</digitalCode>
                            <name>Российский рубль</name>
                        </ns2:currency>
                        <ns2:rubPrice>4788.88</ns2:rubPrice>
                        <ns2:prepaid>false</ns2:prepaid>
                        <ns2:docs>
                            <ns2:doc>
                                <ns2:ordinal>1</ns2:ordinal>
                                <ns2:date>2017-02-01</ns2:date>
                                <ns2:code>01</ns2:code>
                                <ns2:name>товарная накладная</ns2:name>
                                <ns2:number>204</ns2:number>
                                <ns2:contractPosition>
                                    <ns2:guid>94bcb3e7-fe4b-4e1e-8f27-642fb33f9320</ns2:guid>
                                    <ns2:name>Овощи и культуры бахчевые, корнеплоды и клубнеплоды</ns2:name>
                                    <ns2:okpd2>
                                        <code>01.13</code>
                                        <name>Овощи и культуры бахчевые, корнеплоды и клубнеплоды</name>
                                    </ns2:okpd2>
                                </ns2:contractPosition>
                                <ns2:okei>
                                    <code>876</code>
                                    <name>Условная единица</name>
                                </ns2:okei>
                                <ns2:qty>1</ns2:qty>
                            </ns2:doc>
                        </ns2:docs>
                    </ns2:position>
                    <ns2:position>
                        <ns2:ordinal>14</ns2:ordinal>
                        <ns2:paymentDate>2017-02-20</ns2:paymentDate>
                        <ns2:price>19639.04</ns2:price>
                        <ns2:currency>
                            <code>RUB</code>
                            <digitalCode>643</digitalCode>
                            <name>Российский рубль</name>
                        </ns2:currency>
                        <ns2:rubPrice>19639.04</ns2:rubPrice>
                        <ns2:prepaid>false</ns2:prepaid>
                        <ns2:docs>
                            <ns2:doc>
                                <ns2:ordinal>1</ns2:ordinal>
                                <ns2:date>2017-01-16</ns2:date>
                                <ns2:code>01</ns2:code>
                                <ns2:name>товарная накладная</ns2:name>
                                <ns2:number>85</ns2:number>
                                <ns2:contractPosition>
                                    <ns2:guid>94bcb3e7-fe4b-4e1e-8f27-642fb33f9320</ns2:guid>
                                    <ns2:name>Овощи и культуры бахчевые, корнеплоды и клубнеплоды</ns2:name>
                                    <ns2:okpd2>
                                        <code>01.13</code>
                                        <name>Овощи и культуры бахчевые, корнеплоды и клубнеплоды</name>
                                    </ns2:okpd2>
                                </ns2:contractPosition>
                                <ns2:okei>
                                    <code>876</code>
                                    <name>Условная единица</name>
                                </ns2:okei>
                                <ns2:qty>1</ns2:qty>
                            </ns2:doc>
                        </ns2:docs>
                    </ns2:position>
                    <ns2:position>
                        <ns2:ordinal>1</ns2:ordinal>
                        <ns2:paymentDate>2016-11-17</ns2:paymentDate>
                        <ns2:price>24146</ns2:price>
                        <ns2:currency>
                            <code>RUB</code>
                            <digitalCode>643</digitalCode>
                            <name>Российский рубль</name>
                        </ns2:currency>
                        <ns2:rubPrice>24146</ns2:rubPrice>
                        <ns2:prepaid>false</ns2:prepaid>
                        <ns2:docs>
                            <ns2:doc>
                                <ns2:ordinal>1</ns2:ordinal>
                                <ns2:date>2016-11-01</ns2:date>
                                <ns2:code>01</ns2:code>
                                <ns2:name>товарная накладная</ns2:name>
                                <ns2:number>2956</ns2:number>
                                <ns2:contractPosition>
                                    <ns2:guid>94bcb3e7-fe4b-4e1e-8f27-642fb33f9320</ns2:guid>
                                    <ns2:name>Овощи и культуры бахчевые, корнеплоды и клубнеплоды</ns2:name>
                                    <ns2:okpd2>
                                        <code>01.13</code>
                                        <name>Овощи и культуры бахчевые, корнеплоды и клубнеплоды</name>
                                    </ns2:okpd2>
                                </ns2:contractPosition>
                                <ns2:okei>
                                    <code>876</code>
                                    <name>Условная единица</name>
                                </ns2:okei>
                                <ns2:qty>1</ns2:qty>
                            </ns2:doc>
                        </ns2:docs>
                    </ns2:position>
                    <ns2:position>
                        <ns2:ordinal>12</ns2:ordinal>
                        <ns2:paymentDate>2017-01-23</ns2:paymentDate>
                        <ns2:price>3317.17</ns2:price>
                        <ns2:currency>
                            <code>RUB</code>
                            <digitalCode>643</digitalCode>
                            <name>Российский рубль</name>
                        </ns2:currency>
                        <ns2:rubPrice>3317.17</ns2:rubPrice>
                        <ns2:prepaid>false</ns2:prepaid>
                        <ns2:docs>
                            <ns2:doc>
                                <ns2:ordinal>1</ns2:ordinal>
                                <ns2:date>2016-12-29</ns2:date>
                                <ns2:code>01</ns2:code>
                                <ns2:name>товарная накладная</ns2:name>
                                <ns2:number>4024</ns2:number>
                                <ns2:contractPosition>
                                    <ns2:guid>94bcb3e7-fe4b-4e1e-8f27-642fb33f9320</ns2:guid>
                                    <ns2:name>Овощи и культуры бахчевые, корнеплоды и клубнеплоды</ns2:name>
                                    <ns2:okpd2>
                                        <code>01.13</code>
                                        <name>Овощи и культуры бахчевые, корнеплоды и клубнеплоды</name>
                                    </ns2:okpd2>
                                </ns2:contractPosition>
                                <ns2:okei>
                                    <code>876</code>
                                    <name>Условная единица</name>
                                </ns2:okei>
                                <ns2:qty>1</ns2:qty>
                            </ns2:doc>
                        </ns2:docs>
                    </ns2:position>
                    <ns2:position>
                        <ns2:ordinal>7</ns2:ordinal>
                        <ns2:paymentDate>2016-12-14</ns2:paymentDate>
                        <ns2:price>46421.89</ns2:price>
                        <ns2:currency>
                            <code>RUB</code>
                            <digitalCode>643</digitalCode>
                            <name>Российский рубль</name>
                        </ns2:currency>
                        <ns2:rubPrice>46421.89</ns2:rubPrice>
                        <ns2:prepaid>false</ns2:prepaid>
                        <ns2:docs>
                            <ns2:doc>
                                <ns2:ordinal>1</ns2:ordinal>
                                <ns2:date>2016-11-15</ns2:date>
                                <ns2:code>01</ns2:code>
                                <ns2:name>товарная накладная</ns2:name>
                                <ns2:number>3189</ns2:number>
                                <ns2:contractPosition>
                                    <ns2:guid>94bcb3e7-fe4b-4e1e-8f27-642fb33f9320</ns2:guid>
                                    <ns2:name>Овощи и культуры бахчевые, корнеплоды и клубнеплоды</ns2:name>
                                    <ns2:okpd2>
                                        <code>01.13</code>
                                        <name>Овощи и культуры бахчевые, корнеплоды и клубнеплоды</name>
                                    </ns2:okpd2>
                                </ns2:contractPosition>
                                <ns2:okei>
                                    <code>876</code>
                                    <name>Условная единица</name>
                                </ns2:okei>
                                <ns2:qty>1</ns2:qty>
                            </ns2:doc>
                        </ns2:docs>
                    </ns2:position>
                    <ns2:position>
                        <ns2:ordinal>8</ns2:ordinal>
                        <ns2:paymentDate>2016-12-14</ns2:paymentDate>
                        <ns2:price>35816.19</ns2:price>
                        <ns2:currency>
                            <code>RUB</code>
                            <digitalCode>643</digitalCode>
                            <name>Российский рубль</name>
                        </ns2:currency>
                        <ns2:rubPrice>35816.19</ns2:rubPrice>
                        <ns2:prepaid>false</ns2:prepaid>
                        <ns2:docs>
                            <ns2:doc>
                                <ns2:ordinal>1</ns2:ordinal>
                                <ns2:date>2016-12-05</ns2:date>
                                <ns2:code>01</ns2:code>
                                <ns2:name>товарная накладная</ns2:name>
                                <ns2:number>3572</ns2:number>
                                <ns2:contractPosition>
                                    <ns2:guid>94bcb3e7-fe4b-4e1e-8f27-642fb33f9320</ns2:guid>
                                    <ns2:name>Овощи и культуры бахчевые, корнеплоды и клубнеплоды</ns2:name>
                                    <ns2:okpd2>
                                        <code>01.13</code>
                                        <name>Овощи и культуры бахчевые, корнеплоды и клубнеплоды</name>
                                    </ns2:okpd2>
                                </ns2:contractPosition>
                                <ns2:okei>
                                    <code>876</code>
                                    <name>Условная единица</name>
                                </ns2:okei>
                                <ns2:qty>1</ns2:qty>
                            </ns2:doc>
                        </ns2:docs>
                    </ns2:position>
                    <ns2:position>
                        <ns2:ordinal>6</ns2:ordinal>
                        <ns2:paymentDate>2016-12-05</ns2:paymentDate>
                        <ns2:price>35279.79</ns2:price>
                        <ns2:currency>
                            <code>RUB</code>
                            <digitalCode>643</digitalCode>
                            <name>Российский рубль</name>
                        </ns2:currency>
                        <ns2:rubPrice>35279.79</ns2:rubPrice>
                        <ns2:prepaid>false</ns2:prepaid>
                        <ns2:docs>
                            <ns2:doc>
                                <ns2:ordinal>1</ns2:ordinal>
                                <ns2:date>2016-11-22</ns2:date>
                                <ns2:code>01</ns2:code>
                                <ns2:name>товарная накладная</ns2:name>
                                <ns2:number>3332</ns2:number>
                                <ns2:contractPosition>
                                    <ns2:guid>94bcb3e7-fe4b-4e1e-8f27-642fb33f9320</ns2:guid>
                                    <ns2:name>Овощи и культуры бахчевые, корнеплоды и клубнеплоды</ns2:name>
                                    <ns2:okpd2>
                                        <code>01.13</code>
                                        <name>Овощи и культуры бахчевые, корнеплоды и клубнеплоды</name>
                                    </ns2:okpd2>
                                </ns2:contractPosition>
                                <ns2:okei>
                                    <code>876</code>
                                    <name>Условная единица</name>
                                </ns2:okei>
                                <ns2:qty>1</ns2:qty>
                            </ns2:doc>
                        </ns2:docs>
                    </ns2:position>
                    <ns2:position>
                        <ns2:ordinal>10</ns2:ordinal>
                        <ns2:paymentDate>2016-12-26</ns2:paymentDate>
                        <ns2:price>45646.97</ns2:price>
                        <ns2:currency>
                            <code>RUB</code>
                            <digitalCode>643</digitalCode>
                            <name>Российский рубль</name>
                        </ns2:currency>
                        <ns2:rubPrice>45646.97</ns2:rubPrice>
                        <ns2:prepaid>false</ns2:prepaid>
                        <ns2:docs>
                            <ns2:doc>
                                <ns2:ordinal>1</ns2:ordinal>
                                <ns2:date>2016-12-07</ns2:date>
                                <ns2:code>01</ns2:code>
                                <ns2:name>товарная накладная</ns2:name>
                                <ns2:number>3630</ns2:number>
                                <ns2:contractPosition>
                                    <ns2:guid>94bcb3e7-fe4b-4e1e-8f27-642fb33f9320</ns2:guid>
                                    <ns2:name>Овощи и культуры бахчевые, корнеплоды и клубнеплоды</ns2:name>
                                    <ns2:okpd2>
                                        <code>01.13</code>
                                        <name>Овощи и культуры бахчевые, корнеплоды и клубнеплоды</name>
                                    </ns2:okpd2>
                                </ns2:contractPosition>
                                <ns2:okei>
                                    <code>876</code>
                                    <name>Условная единица</name>
                                </ns2:okei>
                                <ns2:qty>1</ns2:qty>
                            </ns2:doc>
                        </ns2:docs>
                    </ns2:position>
                    <ns2:total>384700.60</ns2:total>
                </ns2:positions>
            </ns2:performanceContractData>
        </ns2:item>
    </ns2:body>
</ns2:performanceContract>
