<?xml version="1.0" encoding="UTF-8" standalone="yes"?>
<ns2:performanceContract xsi:schemaLocation="http://zakupki.gov.ru/223/integration/schema/TFF-5.2 http://zakupki.gov.ru/223/integration/schema/TFF-5.2/Types.xsd" xmlns="http://zakupki.gov.ru/223fz/types/1" xmlns:ns10="http://zakupki.gov.ru/223fz/disagreementProtocol/1" xmlns:ns11="http://zakupki.gov.ru/223fz/purchase/1" xmlns:ns12="http://zakupki.gov.ru/223fz/machineryListInfo/1" xmlns:ns13="http://zakupki.gov.ru/223fz/revenue/1" xmlns:ns14="http://zakupki.gov.ru/223fz/orderClauseList/1" xmlns:ns15="http://zakupki.gov.ru/223fz/complaint/1" xmlns:ns16="http://zakupki.gov.ru/223fz/missedNotice/1" xmlns:ns17="http://zakupki.gov.ru/223fz/notificationIssue/1" xmlns:ns18="http://zakupki.gov.ru/223fz/purchasePlanProject/1" xmlns:ns19="http://zakupki.gov.ru/223fz/webRequest/1" xmlns:ns2="http://zakupki.gov.ru/223fz/contract/1" xmlns:xsi="http://www.w3.org/2001/XMLSchema-instance" xmlns:ns3="http://zakupki.gov.ru/223fz/dishonestSupplier/1" xmlns:ns4="http://zakupki.gov.ru/223fz/decisionSuspension/1" xmlns:ns5="http://zakupki.gov.ru/223fz/purchasePlanAdditionalPosition/1" xmlns:ns6="http://zakupki.gov.ru/223fz/purchasePlan/1" xmlns:ns7="http://zakupki.gov.ru/223fz/purchasePlanProjectAdditionalPosition/1" xmlns:ns8="http://zakupki.gov.ru/223fz/reference/1" xmlns:ns9="http://zakupki.gov.ru/223fz/stopCommodity/1">
    <header>
        <guid>84db2476-5bac-4706-a13a-b5a8b221e166</guid>
        <createDateTime>2017-03-30T14:37:22</createDateTime>
    </header>
    <ns2:body>
        <ns2:item>
            <guid>e97ea718-9fbb-44e9-9593-32fba50ff550</guid>
            <ns2:performanceContractData>
                <ns2:guid>3eb464a1-dfb8-4a75-bb2b-4625ed3b6cb8</ns2:guid>
                <ns2:registrationNumber>56671163413160007640004</ns2:registrationNumber>
                <ns2:urlOOS>https://zakupki.gov.ru/223/contract/private/completing/info/view.html?id=2667524</ns2:urlOOS>
                <ns2:createDateTime>2016-04-11T12:41:40</ns2:createDateTime>
                <ns2:customer>
                    <mainInfo>
                        <fullName>Открытое акционерное общество "Межрегиональная распределительная сетевая компания Урала"</fullName>
                        <shortName>ОАО "МРСК Урала"</shortName>
                        <iko>56671163413667201001</iko>
                        <inn>6671163413</inn>
                        <kpp>667201001</kpp>
                        <ogrn>1056604000970</ogrn>
                        <legalAddress>620026, Свердловская, Екатеринбург, Мамина-Сибиряка, дом 140</legalAddress>
                        <postalAddress>620026, Свердловская область, Екатеринбург, Мамина-Сибиряка, дом 140 </postalAddress>
                        <phone>7-343-2152600</phone>
                        <fax>7-343-2152661</fax>
                        <email>mrsk@mrsk-ural.ru</email>
                        <okato>65401000000</okato>
                        <okpo>76507836</okpo>
                    </mainInfo>
                </ns2:customer>
                <ns2:placer>
                    <mainInfo>
                        <fullName>Открытое акционерное общество "Межрегиональная распределительная сетевая компания Урала"</fullName>
                        <shortName>ОАО "МРСК Урала"</shortName>
                        <iko>56671163413667201001</iko>
                        <inn>6671163413</inn>
                        <kpp>667201001</kpp>
                        <ogrn>1056604000970</ogrn>
                        <legalAddress>620026, Свердловская, Екатеринбург, Мамина-Сибиряка, дом 140</legalAddress>
                        <postalAddress>620026, Свердловская область, Екатеринбург, Мамина-Сибиряка, дом 140 </postalAddress>
                        <phone>7-343-2152600</phone>
                        <fax>7-343-2152661</fax>
                        <email>mrsk@mrsk-ural.ru</email>
                        <okato>65401000000</okato>
                        <okpo>76507836</okpo>
                    </mainInfo>
                </ns2:placer>
                <ns2:publicationDate>2017-03-30T14:37:22</ns2:publicationDate>
                <ns2:status>P</ns2:status>
                <ns2:version>1</ns2:version>
                <ns2:completed>false</ns2:completed>
                <ns2:attachments>
                    <totalDocumentsCount>1</totalDocumentsCount>
                    <document>
                        <guid>28b76d2a-df7a-4d15-a1f2-1ed0db308583</guid>
                        <createDateTime>2017-03-30T14:37:03</createDateTime>
                        <fileName>07-16 ЧГЭС 6000012780 Росинвест-Проект  сф 78 633,62.pdf</fileName>
                        <description>07-16 ЧГЭС 6000012780 Росинвест-Проект  сф 78 633,62</description>
                        <url>https://zakupki.gov.ru/223/contract/private/download/download.html?id=11739715</url>
                        <registrationNumber>56671163413160007640005</registrationNumber>
                    </document>
                </ns2:attachments>
                <ns2:hasPenalty>false</ns2:hasPenalty>
                <ns2:contractRegNumber>56671163413160007640000</ns2:contractRegNumber>
                <ns2:contractInfo>
                    <ns2:guid>c8dbfd16-6fac-49e5-b1c5-b87573544cfa</ns2:guid>
                    <ns2:name>6000012780</ns2:name>
                    <ns2:agencyName>ОАО "МРСК Урала"</ns2:agencyName>
                    <ns2:supplierName>ЗАКРЫТОЕ АКЦИОНЕРНОЕ ОБЩЕСТВО "РАЗВИТИЕ ОПТИМАЛЬНЫХ СТРАТЕГИЙ ИНВЕСТИРОВАНИЯ В ПРОЕКТИРОВАНИИ"</ns2:supplierName>
                    <ns2:lotInfo>Право заключения договора на выполнение проектных и (или) изыскательских работ по объекту: «КЛ-0,4 кВ от ТП-5732 до объекта, реконструкция пункта учета электроэнергии Ленинского РЭС (инв.№229341) ПО «ЧГЭС» для объекта, расположенного по адресу: г.Челябинск, ул. Гагарина, д.25» производственного отделения «Челябинские городские электрические сети» филиала ОАО «МРСК Урала» – «Челябэнерго».</ns2:lotInfo>
                    <ns2:contractDate>2016-04-08</ns2:contractDate>
                </ns2:contractInfo>
                <ns2:positions>
                    <ns2:position>
                        <ns2:ordinal>1</ns2:ordinal>
                        <ns2:paymentDate>2016-08-07</ns2:paymentDate>
                        <ns2:price>78633.62</ns2:price>
                        <ns2:currency>
                            <code>RUB</code>
                            <digitalCode>643</digitalCode>
                            <name>Российский рубль</name>
                        </ns2:currency>
                        <ns2:rubPrice>78633.62</ns2:rubPrice>
                        <ns2:prepaid>false</ns2:prepaid>
                        <ns2:docs>
                            <ns2:doc>
                                <ns2:ordinal>1</ns2:ordinal>
                                <ns2:date>2016-07-07</ns2:date>
                                <ns2:code>12</ns2:code>
                                <ns2:name>акт о приемке выполненных работ</ns2:name>
                                <ns2:number>1</ns2:number>
                                <ns2:contractPosition>
                                    <ns2:guid>3cabb750-475e-014e-e053-ac11070d70ec</ns2:guid>
                                    <ns2:name>«КЛ-0,4 кВ от ТП-5732 до объекта, реконструкция пункта учета электроэнергии Ленинского РЭС (инв.№229341) ПО «ЧГЭС» для объекта, расположенного по адресу: г. Челябинск, ул. Гагарина, д.25»</ns2:name>
                                    <ns2:okpd2>
                                        <code>71.12.13</code>
                                        <name>Услуги по инженерно-техническому проектированию систем энергоснабжения</name>
                                    </ns2:okpd2>
                                </ns2:contractPosition>
                                <ns2:okei>
                                    <code>642</code>
                                    <name>Единица</name>
                                </ns2:okei>
                                <ns2:qty>1</ns2:qty>
                            </ns2:doc>
                        </ns2:docs>
                    </ns2:position>
                    <ns2:total>78633.62</ns2:total>
                </ns2:positions>
            </ns2:performanceContractData>
        </ns2:item>
    </ns2:body>
</ns2:performanceContract>
