<?xml version="1.0" encoding="UTF-8" standalone="yes"?>
<ns2:performanceContract xsi:schemaLocation="http://zakupki.gov.ru/223/integration/schema/TFF-5.2 http://zakupki.gov.ru/223/integration/schema/TFF-5.2/Types.xsd" xmlns="http://zakupki.gov.ru/223fz/types/1" xmlns:ns10="http://zakupki.gov.ru/223fz/disagreementProtocol/1" xmlns:ns11="http://zakupki.gov.ru/223fz/purchase/1" xmlns:ns12="http://zakupki.gov.ru/223fz/machineryListInfo/1" xmlns:ns13="http://zakupki.gov.ru/223fz/revenue/1" xmlns:ns14="http://zakupki.gov.ru/223fz/orderClauseList/1" xmlns:ns15="http://zakupki.gov.ru/223fz/complaint/1" xmlns:ns16="http://zakupki.gov.ru/223fz/missedNotice/1" xmlns:ns17="http://zakupki.gov.ru/223fz/notificationIssue/1" xmlns:ns18="http://zakupki.gov.ru/223fz/purchasePlanProject/1" xmlns:ns19="http://zakupki.gov.ru/223fz/webRequest/1" xmlns:ns2="http://zakupki.gov.ru/223fz/contract/1" xmlns:xsi="http://www.w3.org/2001/XMLSchema-instance" xmlns:ns3="http://zakupki.gov.ru/223fz/dishonestSupplier/1" xmlns:ns4="http://zakupki.gov.ru/223fz/decisionSuspension/1" xmlns:ns5="http://zakupki.gov.ru/223fz/purchasePlanAdditionalPosition/1" xmlns:ns6="http://zakupki.gov.ru/223fz/purchasePlan/1" xmlns:ns7="http://zakupki.gov.ru/223fz/purchasePlanProjectAdditionalPosition/1" xmlns:ns8="http://zakupki.gov.ru/223fz/reference/1" xmlns:ns9="http://zakupki.gov.ru/223fz/stopCommodity/1">
    <header>
        <guid>456b0f73-7ab3-467d-9d77-48cf3d479f49</guid>
        <createDateTime>2017-03-30T14:03:26</createDateTime>
    </header>
    <ns2:body>
        <ns2:item>
            <guid>684b8489-b595-4a06-965c-e75249a534a1</guid>
            <ns2:performanceContractData>
                <ns2:guid>758d8ce7-f695-49df-b159-54ccb53971df</ns2:guid>
                <ns2:registrationNumber>56671405790170000190003</ns2:registrationNumber>
                <ns2:urlOOS>https://zakupki.gov.ru/223/contract/private/completing/info/view.html?id=2666997</ns2:urlOOS>
                <ns2:createDateTime>2017-03-20T09:31:40</ns2:createDateTime>
                <ns2:customer>
                    <mainInfo>
                        <fullName>ГОСУДАРСТВЕННОЕ АВТОНОМНОЕ УЧРЕЖДЕНИЕ СВЕРДЛОВСКОЙ ОБЛАСТИ "ИНФОРМАЦИОННО-АНАЛИТИЧЕСКИЙ ЦЕНТР"</fullName>
                        <shortName>ГАУСО "ИАЦ"</shortName>
                        <iko>56671405790667101001</iko>
                        <inn>6671405790</inn>
                        <kpp>667101001</kpp>
                        <ogrn>1126671018980</ogrn>
                        <legalAddress>620014, обл СВЕРДЛОВСКАЯ, г ЕКАТЕРИНБУРГ, ул 8 МАРТА, дом 13, офис (квартира) 706</legalAddress>
                        <postalAddress>620014, г. Екатеринбург, ул. 8 Марта, дом 13,  кабинет 706</postalAddress>
                        <phone>83433776884</phone>
                        <email>dir@gausoiac.ru</email>
                        <okato>65401377000</okato>
                        <okpo>16883295</okpo>
                    </mainInfo>
                </ns2:customer>
                <ns2:placer>
                    <mainInfo>
                        <fullName>ГОСУДАРСТВЕННОЕ АВТОНОМНОЕ УЧРЕЖДЕНИЕ СВЕРДЛОВСКОЙ ОБЛАСТИ "ИНФОРМАЦИОННО-АНАЛИТИЧЕСКИЙ ЦЕНТР"</fullName>
                        <shortName>ГАУСО "ИАЦ"</shortName>
                        <iko>56671405790667101001</iko>
                        <inn>6671405790</inn>
                        <kpp>667101001</kpp>
                        <ogrn>1126671018980</ogrn>
                        <legalAddress>620014, обл СВЕРДЛОВСКАЯ, г ЕКАТЕРИНБУРГ, ул 8 МАРТА, дом 13, офис (квартира) 706</legalAddress>
                        <postalAddress>620014, г. Екатеринбург, ул. 8 Марта, дом 13,  кабинет 706</postalAddress>
                        <phone>83433776884</phone>
                        <email>dir@gausoiac.ru</email>
                        <okato>65401377000</okato>
                        <okpo>16883295</okpo>
                    </mainInfo>
                </ns2:placer>
                <ns2:publicationDate>2017-03-30T14:03:26</ns2:publicationDate>
                <ns2:status>P</ns2:status>
                <ns2:version>1</ns2:version>
                <ns2:completed>false</ns2:completed>
                <ns2:attachments>
                    <totalDocumentsCount>4</totalDocumentsCount>
                    <document>
                        <guid>964e7ce7-7855-4f56-9a74-00c3918fe03e</guid>
                        <createDateTime>2017-03-30T14:01:14</createDateTime>
                        <fileName>выписка 28.03.2017-2.pdf</fileName>
                        <description>выписка 28.03.2017-2</description>
                        <url>https://zakupki.gov.ru/223/contract/private/download/download.html?id=11737478</url>
                        <registrationNumber>56671405790170000190004</registrationNumber>
                    </document>
                    <document>
                        <guid>94455b78-0b23-4c15-8850-3f0209185d5d</guid>
                        <createDateTime>2017-03-30T14:01:24</createDateTime>
                        <fileName>счет № 77, акт, тов.накл.№ 538 от 15.03.17.pdf</fileName>
                        <description>счет № 77, акт, тов.накл.№ 538 от 15.03.17</description>
                        <url>https://zakupki.gov.ru/223/contract/private/download/download.html?id=11737483</url>
                        <registrationNumber>56671405790170000190005</registrationNumber>
                    </document>
                    <document>
                        <guid>b07e44ac-e076-4251-b98b-4c4c3de939b6</guid>
                        <createDateTime>2017-03-30T14:01:08</createDateTime>
                        <fileName>выписка 28.03.2017-1.pdf</fileName>
                        <description>выписка 28.03.2017-1</description>
                        <url>https://zakupki.gov.ru/223/contract/private/download/download.html?id=11737469</url>
                        <registrationNumber>56671405790170000190006</registrationNumber>
                    </document>
                    <document>
                        <guid>599ba85e-95b6-4495-a3ee-5b2b419c6ff5</guid>
                        <createDateTime>2017-03-30T14:01:31</createDateTime>
                        <fileName>счет № 78, акт,тов.нак.№ 584 от 21.03.17.pdf</fileName>
                        <description>счет № 78, акт,тов.нак.№ 584 от 21.03.17</description>
                        <url>https://zakupki.gov.ru/223/contract/private/download/download.html?id=11737487</url>
                        <registrationNumber>56671405790170000190007</registrationNumber>
                    </document>
                </ns2:attachments>
                <ns2:hasPenalty>false</ns2:hasPenalty>
                <ns2:contractRegNumber>56671405790170000190000</ns2:contractRegNumber>
                <ns2:contractInfo>
                    <ns2:guid>cd28dda8-100d-4d18-b7dc-a67996613cb6</ns2:guid>
                    <ns2:name>16/Т/17</ns2:name>
                    <ns2:agencyName>ГАУСО "ИАЦ"</ns2:agencyName>
                    <ns2:supplierName>ГОСУДАРСТВЕННОЕ УНИТАРНОЕ ПРЕДПРИЯТИЕ СВЕРДЛОВСКОЙ ОБЛАСТИ "МОНЕТНЫЙ ЩЕБЕНОЧНЫЙ ЗАВОД"</ns2:supplierName>
                    <ns2:lotInfo>Оказание полиграфических услуг</ns2:lotInfo>
                    <ns2:contractDate>2017-03-15</ns2:contractDate>
                </ns2:contractInfo>
                <ns2:positions>
                    <ns2:position>
                        <ns2:ordinal>1</ns2:ordinal>
                        <ns2:paymentDate>2017-03-28</ns2:paymentDate>
                        <ns2:price>31588</ns2:price>
                        <ns2:currency>
                            <code>RUB</code>
                            <digitalCode>643</digitalCode>
                            <name>Российский рубль</name>
                        </ns2:currency>
                        <ns2:rubPrice>31588</ns2:rubPrice>
                        <ns2:prepaid>false</ns2:prepaid>
                        <ns2:docs>
                            <ns2:doc>
                                <ns2:ordinal>1</ns2:ordinal>
                                <ns2:date>2017-03-15</ns2:date>
                                <ns2:code>18</ns2:code>
                                <ns2:name>счет на оплату</ns2:name>
                                <ns2:number>77</ns2:number>
                                <ns2:contractPosition>
                                    <ns2:guid>5607aa34-de61-4132-81d4-9002079ebdf8</ns2:guid>
                                    <ns2:name>Услуги по печатанию журналов и периодических изданий, выходящих реже четырех раз в неделю</ns2:name>
                                    <ns2:okpd2>
                                        <code>18.12.13</code>
                                        <name>Услуги по печатанию журналов и периодических изданий, выходящих реже четырех раз в неделю</name>
                                    </ns2:okpd2>
                                </ns2:contractPosition>
                                <ns2:okei>
                                    <code>796</code>
                                    <name>Штука</name>
                                </ns2:okei>
                                <ns2:qty>21200</ns2:qty>
                            </ns2:doc>
                            <ns2:doc>
                                <ns2:ordinal>2</ns2:ordinal>
                                <ns2:code>12</ns2:code>
                                <ns2:name>акт о приемке выполненных работ</ns2:name>
                                <ns2:contractPosition>
                                    <ns2:guid>5607aa34-de61-4132-81d4-9002079ebdf8</ns2:guid>
                                    <ns2:name>Услуги по печатанию журналов и периодических изданий, выходящих реже четырех раз в неделю</ns2:name>
                                    <ns2:okpd2>
                                        <code>18.12.13</code>
                                        <name>Услуги по печатанию журналов и периодических изданий, выходящих реже четырех раз в неделю</name>
                                    </ns2:okpd2>
                                </ns2:contractPosition>
                                <ns2:okei>
                                    <code>796</code>
                                    <name>Штука</name>
                                </ns2:okei>
                                <ns2:qty>21200</ns2:qty>
                            </ns2:doc>
                            <ns2:doc>
                                <ns2:ordinal>3</ns2:ordinal>
                                <ns2:date>2017-03-15</ns2:date>
                                <ns2:code>01</ns2:code>
                                <ns2:name>товарная накладная</ns2:name>
                                <ns2:number>538</ns2:number>
                                <ns2:contractPosition>
                                    <ns2:guid>5607aa34-de61-4132-81d4-9002079ebdf8</ns2:guid>
                                    <ns2:name>Услуги по печатанию журналов и периодических изданий, выходящих реже четырех раз в неделю</ns2:name>
                                    <ns2:okpd2>
                                        <code>18.12.13</code>
                                        <name>Услуги по печатанию журналов и периодических изданий, выходящих реже четырех раз в неделю</name>
                                    </ns2:okpd2>
                                </ns2:contractPosition>
                                <ns2:okei>
                                    <code>796</code>
                                    <name>Штука</name>
                                </ns2:okei>
                                <ns2:qty>21200</ns2:qty>
                            </ns2:doc>
                        </ns2:docs>
                    </ns2:position>
                    <ns2:position>
                        <ns2:ordinal>2</ns2:ordinal>
                        <ns2:paymentDate>2017-03-28</ns2:paymentDate>
                        <ns2:price>31588</ns2:price>
                        <ns2:currency>
                            <code>RUB</code>
                            <digitalCode>643</digitalCode>
                            <name>Российский рубль</name>
                        </ns2:currency>
                        <ns2:rubPrice>31588</ns2:rubPrice>
                        <ns2:prepaid>false</ns2:prepaid>
                        <ns2:docs>
                            <ns2:doc>
                                <ns2:ordinal>2</ns2:ordinal>
                                <ns2:code>12</ns2:code>
                                <ns2:name>акт о приемке выполненных работ</ns2:name>
                                <ns2:contractPosition>
                                    <ns2:guid>5607aa34-de61-4132-81d4-9002079ebdf8</ns2:guid>
                                    <ns2:name>Услуги по печатанию журналов и периодических изданий, выходящих реже четырех раз в неделю</ns2:name>
                                    <ns2:okpd2>
                                        <code>18.12.13</code>
                                        <name>Услуги по печатанию журналов и периодических изданий, выходящих реже четырех раз в неделю</name>
                                    </ns2:okpd2>
                                </ns2:contractPosition>
                                <ns2:okei>
                                    <code>796</code>
                                    <name>Штука</name>
                                </ns2:okei>
                                <ns2:qty>21200</ns2:qty>
                            </ns2:doc>
                            <ns2:doc>
                                <ns2:ordinal>3</ns2:ordinal>
                                <ns2:date>2017-03-21</ns2:date>
                                <ns2:code>01</ns2:code>
                                <ns2:name>товарная накладная</ns2:name>
                                <ns2:number>584</ns2:number>
                                <ns2:contractPosition>
                                    <ns2:guid>5607aa34-de61-4132-81d4-9002079ebdf8</ns2:guid>
                                    <ns2:name>Услуги по печатанию журналов и периодических изданий, выходящих реже четырех раз в неделю</ns2:name>
                                    <ns2:okpd2>
                                        <code>18.12.13</code>
                                        <name>Услуги по печатанию журналов и периодических изданий, выходящих реже четырех раз в неделю</name>
                                    </ns2:okpd2>
                                </ns2:contractPosition>
                                <ns2:okei>
                                    <code>796</code>
                                    <name>Штука</name>
                                </ns2:okei>
                                <ns2:qty>21200</ns2:qty>
                            </ns2:doc>
                            <ns2:doc>
                                <ns2:ordinal>1</ns2:ordinal>
                                <ns2:date>2017-03-21</ns2:date>
                                <ns2:code>18</ns2:code>
                                <ns2:name>счет на оплату</ns2:name>
                                <ns2:number>78</ns2:number>
                                <ns2:contractPosition>
                                    <ns2:guid>5607aa34-de61-4132-81d4-9002079ebdf8</ns2:guid>
                                    <ns2:name>Услуги по печатанию журналов и периодических изданий, выходящих реже четырех раз в неделю</ns2:name>
                                    <ns2:okpd2>
                                        <code>18.12.13</code>
                                        <name>Услуги по печатанию журналов и периодических изданий, выходящих реже четырех раз в неделю</name>
                                    </ns2:okpd2>
                                </ns2:contractPosition>
                                <ns2:okei>
                                    <code>796</code>
                                    <name>Штука</name>
                                </ns2:okei>
                                <ns2:qty>21200</ns2:qty>
                            </ns2:doc>
                        </ns2:docs>
                    </ns2:position>
                    <ns2:total>63176</ns2:total>
                </ns2:positions>
            </ns2:performanceContractData>
        </ns2:item>
    </ns2:body>
</ns2:performanceContract>
