<?xml version="1.0" encoding="UTF-8" standalone="yes"?>
<ns2:contractCancellation xsi:schemaLocation="http://zakupki.gov.ru/223/integration/schema/TFF-5.2 http://zakupki.gov.ru/223/integration/schema/TFF-5.2/Types.xsd" xmlns="http://zakupki.gov.ru/223fz/types/1" xmlns:ns10="http://zakupki.gov.ru/223fz/disagreementProtocol/1" xmlns:ns11="http://zakupki.gov.ru/223fz/purchase/1" xmlns:ns12="http://zakupki.gov.ru/223fz/machineryListInfo/1" xmlns:ns13="http://zakupki.gov.ru/223fz/revenue/1" xmlns:ns14="http://zakupki.gov.ru/223fz/orderClauseList/1" xmlns:ns15="http://zakupki.gov.ru/223fz/complaint/1" xmlns:ns16="http://zakupki.gov.ru/223fz/missedNotice/1" xmlns:ns17="http://zakupki.gov.ru/223fz/notificationIssue/1" xmlns:ns18="http://zakupki.gov.ru/223fz/purchasePlanProject/1" xmlns:ns19="http://zakupki.gov.ru/223fz/webRequest/1" xmlns:ns2="http://zakupki.gov.ru/223fz/contract/1" xmlns:xsi="http://www.w3.org/2001/XMLSchema-instance" xmlns:ns3="http://zakupki.gov.ru/223fz/dishonestSupplier/1" xmlns:ns4="http://zakupki.gov.ru/223fz/decisionSuspension/1" xmlns:ns5="http://zakupki.gov.ru/223fz/purchasePlanAdditionalPosition/1" xmlns:ns6="http://zakupki.gov.ru/223fz/purchasePlan/1" xmlns:ns7="http://zakupki.gov.ru/223fz/purchasePlanProjectAdditionalPosition/1" xmlns:ns8="http://zakupki.gov.ru/223fz/reference/1" xmlns:ns9="http://zakupki.gov.ru/223fz/stopCommodity/1">
    <header>
        <guid>9360bdde-c5e0-4315-9e70-9843fd3ede74</guid>
        <createDateTime>2017-03-30T12:47:52</createDateTime>
    </header>
    <ns2:body>
        <ns2:item>
            <guid>cf411b8b-305d-453b-8fa2-087f298f1554</guid>
            <ns2:contractCancellationData>
                <ns2:guid>d26d3f01-84aa-4fe0-b12e-1714141038b9</ns2:guid>
                <ns2:registrationNumber>56660143567150000090003</ns2:registrationNumber>
                <ns2:urlOOS>https://zakupki.gov.ru/223/contract/private/completing/info/view.html?id=2666192</ns2:urlOOS>
                <ns2:createDateTime>2017-03-30T12:47:12</ns2:createDateTime>
                <ns2:customer>
                    <mainInfo>
                        <fullName>МУНИЦИПАЛЬНОЕ АВТОНОМНОЕ ДОШКОЛЬНОЕ ОБРАЗОВАТЕЛЬНОЕ УЧРЕЖДЕНИЕ ЦЕНТР РАЗВИТИЯ РЕБЕНКА-ДЕТСКИЙ САД №104</fullName>
                        <shortName>МАДОУ ЦРР-ДЕТСКИЙ САД №104</shortName>
                        <iko>56660143567667001001</iko>
                        <inn>6660143567</inn>
                        <kpp>667001001</kpp>
                        <ogrn>1026604952560</ogrn>
                        <legalAddress>620137, Свердловская, ЕКАТЕРИНБУРГ, СУЛИМОВА, дом 67, корпус -, офис (квартира) -</legalAddress>
                        <postalAddress>620041, г. Екатеринбург, ул. Сулимова, 67</postalAddress>
                        <phone>8-343-3410425</phone>
                        <fax>8-343-3410425</fax>
                        <email>zvezda-104@mail.ru</email>
                        <okato>65401373000</okato>
                        <okpo>54120500</okpo>
                    </mainInfo>
                </ns2:customer>
                <ns2:placer>
                    <mainInfo>
                        <fullName>МУНИЦИПАЛЬНОЕ АВТОНОМНОЕ ДОШКОЛЬНОЕ ОБРАЗОВАТЕЛЬНОЕ УЧРЕЖДЕНИЕ ЦЕНТР РАЗВИТИЯ РЕБЕНКА-ДЕТСКИЙ САД №104</fullName>
                        <shortName>МАДОУ ЦРР-ДЕТСКИЙ САД №104</shortName>
                        <iko>56660143567667001001</iko>
                        <inn>6660143567</inn>
                        <kpp>667001001</kpp>
                        <ogrn>1026604952560</ogrn>
                        <legalAddress>620137, Свердловская, ЕКАТЕРИНБУРГ, СУЛИМОВА, дом 67, корпус -, офис (квартира) -</legalAddress>
                        <postalAddress>620041, г. Екатеринбург, ул. Сулимова, 67</postalAddress>
                        <phone>8-343-3410425</phone>
                        <fax>8-343-3410425</fax>
                        <email>zvezda-104@mail.ru</email>
                        <okato>65401373000</okato>
                        <okpo>54120500</okpo>
                    </mainInfo>
                </ns2:placer>
                <ns2:publicationDate>2017-03-30T12:47:52</ns2:publicationDate>
                <ns2:status>P</ns2:status>
                <ns2:version>1</ns2:version>
                <ns2:attachments>
                    <totalDocumentsCount>1</totalDocumentsCount>
                    <document>
                        <guid>1d6a9da0-9dcf-47ab-a692-efd1df21b8bf</guid>
                        <createDateTime>2017-03-30T12:47:09</createDateTime>
                        <fileName>104 дс Соглашение о расторжени дог.№2015-0038.pdf</fileName>
                        <description>104 дс Соглашение о расторжени дог.№2015-0038</description>
                        <url>https://zakupki.gov.ru/223/contract/private/download/download.html?id=11733180</url>
                        <registrationNumber>56660143567150000090004</registrationNumber>
                    </document>
                </ns2:attachments>
                <ns2:hasPenalty>false</ns2:hasPenalty>
                <ns2:contractRegNumber>56660143567150000090000</ns2:contractRegNumber>
                <ns2:contractInfo>
                    <ns2:guid>46d4713a-6867-4336-89a2-d5415ff52001</ns2:guid>
                    <ns2:name>2015-0038</ns2:name>
                    <ns2:agencyName>МАДОУ ЦРР-ДЕТСКИЙ САД №104</ns2:agencyName>
                    <ns2:supplierName>ОБЩЕСТВО С ОГРАНИЧЕННОЙ ОТВЕТСТВЕННОСТЬЮ "АЛАПАЕВСКИЙ МОЛОЧНЫЙ КОМБИНАТ"</ns2:supplierName>
                    <ns2:lotInfo>Поставка молочной продукции в первом квартале  2016 года для МАДОУ ЦРР – детский сад  № 104</ns2:lotInfo>
                    <ns2:contractDate>2015-12-22</ns2:contractDate>
                </ns2:contractInfo>
                <ns2:baseContractCancellationCode>1</ns2:baseContractCancellationCode>
                <ns2:baseContractCancellationName>Соглашение сторон</ns2:baseContractCancellationName>
                <ns2:baseRejectionDocCode>11</ns2:baseRejectionDocCode>
                <ns2:baseRejectionDocName>Дополнительное соглашение к договору</ns2:baseRejectionDocName>
                <ns2:completionDate>2016-03-31T00:00:00</ns2:completionDate>
                <ns2:baseRejectionDocNum>1</ns2:baseRejectionDocNum>
                <ns2:baseRejectionDocDate>2016-03-31</ns2:baseRejectionDocDate>
            </ns2:contractCancellationData>
        </ns2:item>
    </ns2:body>
</ns2:contractCancellation>
