<?xml version="1.0" encoding="UTF-8" standalone="yes"?>
<ns2:performanceContract xsi:schemaLocation="http://zakupki.gov.ru/223/integration/schema/TFF-5.2 http://zakupki.gov.ru/223/integration/schema/TFF-5.2/Types.xsd" xmlns="http://zakupki.gov.ru/223fz/types/1" xmlns:ns10="http://zakupki.gov.ru/223fz/disagreementProtocol/1" xmlns:ns11="http://zakupki.gov.ru/223fz/purchase/1" xmlns:ns12="http://zakupki.gov.ru/223fz/machineryListInfo/1" xmlns:ns13="http://zakupki.gov.ru/223fz/revenue/1" xmlns:ns14="http://zakupki.gov.ru/223fz/orderClauseList/1" xmlns:ns15="http://zakupki.gov.ru/223fz/complaint/1" xmlns:ns16="http://zakupki.gov.ru/223fz/missedNotice/1" xmlns:ns17="http://zakupki.gov.ru/223fz/notificationIssue/1" xmlns:ns18="http://zakupki.gov.ru/223fz/purchasePlanProject/1" xmlns:ns19="http://zakupki.gov.ru/223fz/webRequest/1" xmlns:ns2="http://zakupki.gov.ru/223fz/contract/1" xmlns:xsi="http://www.w3.org/2001/XMLSchema-instance" xmlns:ns3="http://zakupki.gov.ru/223fz/dishonestSupplier/1" xmlns:ns4="http://zakupki.gov.ru/223fz/decisionSuspension/1" xmlns:ns5="http://zakupki.gov.ru/223fz/purchasePlanAdditionalPosition/1" xmlns:ns6="http://zakupki.gov.ru/223fz/purchasePlan/1" xmlns:ns7="http://zakupki.gov.ru/223fz/purchasePlanProjectAdditionalPosition/1" xmlns:ns8="http://zakupki.gov.ru/223fz/reference/1" xmlns:ns9="http://zakupki.gov.ru/223fz/stopCommodity/1">
    <header>
        <guid>ace46e4e-bb77-4cb1-9fce-01ea5d8a43b2</guid>
        <createDateTime>2017-03-30T13:30:59</createDateTime>
    </header>
    <ns2:body>
        <ns2:item>
            <guid>190ef474-dcf4-4eed-bf90-e1290e69afce</guid>
            <ns2:performanceContractData>
                <ns2:guid>335d577f-a921-4a83-8c02-df03f348184e</ns2:guid>
                <ns2:registrationNumber>56671163413160030540003</ns2:registrationNumber>
                <ns2:urlOOS>https://zakupki.gov.ru/223/contract/private/completing/info/view.html?id=2666675</ns2:urlOOS>
                <ns2:createDateTime>2016-12-09T12:05:19</ns2:createDateTime>
                <ns2:customer>
                    <mainInfo>
                        <fullName>Открытое акционерное общество "Межрегиональная распределительная сетевая компания Урала"</fullName>
                        <shortName>ОАО "МРСК Урала"</shortName>
                        <iko>56671163413667201001</iko>
                        <inn>6671163413</inn>
                        <kpp>667201001</kpp>
                        <ogrn>1056604000970</ogrn>
                        <legalAddress>620026, Свердловская, Екатеринбург, Мамина-Сибиряка, дом 140</legalAddress>
                        <postalAddress>620026, Свердловская область, Екатеринбург, Мамина-Сибиряка, дом 140 </postalAddress>
                        <phone>7-343-2152600</phone>
                        <fax>7-343-2152661</fax>
                        <email>mrsk@mrsk-ural.ru</email>
                        <okato>65401000000</okato>
                        <okpo>76507836</okpo>
                    </mainInfo>
                </ns2:customer>
                <ns2:placer>
                    <mainInfo>
                        <fullName>Открытое акционерное общество "Межрегиональная распределительная сетевая компания Урала"</fullName>
                        <shortName>ОАО "МРСК Урала"</shortName>
                        <iko>56671163413667201001</iko>
                        <inn>6671163413</inn>
                        <kpp>667201001</kpp>
                        <ogrn>1056604000970</ogrn>
                        <legalAddress>620026, Свердловская, Екатеринбург, Мамина-Сибиряка, дом 140</legalAddress>
                        <postalAddress>620026, Свердловская область, Екатеринбург, Мамина-Сибиряка, дом 140 </postalAddress>
                        <phone>7-343-2152600</phone>
                        <fax>7-343-2152661</fax>
                        <email>mrsk@mrsk-ural.ru</email>
                        <okato>65401000000</okato>
                        <okpo>76507836</okpo>
                    </mainInfo>
                </ns2:placer>
                <ns2:publicationDate>2017-03-30T13:30:59</ns2:publicationDate>
                <ns2:status>P</ns2:status>
                <ns2:version>1</ns2:version>
                <ns2:completed>false</ns2:completed>
                <ns2:attachments>
                    <totalDocumentsCount>4</totalDocumentsCount>
                    <document>
                        <guid>23dba527-3e8e-49f0-a717-ebb2b1573933</guid>
                        <createDateTime>2017-03-30T13:30:29</createDateTime>
                        <fileName>ЦЭС 07.02.17_20.03.17_91955.56.pdf</fileName>
                        <description>ЦЭС 07.02.17_20.03.17_91955.56</description>
                        <url>https://zakupki.gov.ru/223/contract/private/download/download.html?id=11735360</url>
                        <registrationNumber>56671163413160030540004</registrationNumber>
                    </document>
                    <document>
                        <guid>435eb64c-9992-4dc6-9d8a-9e71d8b3901a</guid>
                        <createDateTime>2017-03-30T13:30:35</createDateTime>
                        <fileName>ЧГЭС_07.02.17_27.03.17_21623,16.pdf</fileName>
                        <description>ЧГЭС_07.02.17_27.03.17_21623,16</description>
                        <url>https://zakupki.gov.ru/223/contract/private/download/download.html?id=11735368</url>
                        <registrationNumber>56671163413160030540005</registrationNumber>
                    </document>
                    <document>
                        <guid>53fdc6b8-1e7e-4344-b510-694d6a2add17</guid>
                        <createDateTime>2017-03-30T13:30:14</createDateTime>
                        <fileName>ЗЭС_07.02.17_13.03.17_48133,49.pdf</fileName>
                        <description>ЗЭС_07.02.17_13.03.17_48133,49</description>
                        <url>https://zakupki.gov.ru/223/contract/private/download/download.html?id=11735321</url>
                        <registrationNumber>56671163413160030540006</registrationNumber>
                    </document>
                    <document>
                        <guid>7526bb78-824c-4057-af87-59c3ed9f3f6c</guid>
                        <createDateTime>2017-03-30T13:30:21</createDateTime>
                        <fileName>ТЭС_07.02.17_06.03.17_952,00.pdf</fileName>
                        <description>ТЭС_07.02.17_06.03.17_952,00</description>
                        <url>https://zakupki.gov.ru/223/contract/private/download/download.html?id=11735353</url>
                        <registrationNumber>56671163413160030540007</registrationNumber>
                    </document>
                </ns2:attachments>
                <ns2:hasPenalty>false</ns2:hasPenalty>
                <ns2:contractRegNumber>56671163413160030540000</ns2:contractRegNumber>
                <ns2:contractInfo>
                    <ns2:guid>58396716-02f3-491d-954f-7fba67118734</ns2:guid>
                    <ns2:agencyName>ОАО "МРСК Урала"</ns2:agencyName>
                    <ns2:supplierName>ОБЩЕСТВО С ОГРАНИЧЕННОЙ ОТВЕТСТВЕННОСТЬЮ "ЦЕНТР ФИНАНСОВО-ЭКОНОМИЧЕСКОГО РАЗВИТИЯ СИБИРЬЭНЕРГО"</ns2:supplierName>
                    <ns2:lotInfo>право заключения договора на поставку метизов для обеспечения ремонтной и инвестиционной программы филиала ОАО «МРСК Урала» - «Челябэнерго» в 2017 году</ns2:lotInfo>
                    <ns2:contractDate>2016-12-08</ns2:contractDate>
                </ns2:contractInfo>
                <ns2:positions>
                    <ns2:position>
                        <ns2:ordinal>4</ns2:ordinal>
                        <ns2:paymentDate>2017-03-27</ns2:paymentDate>
                        <ns2:price>21623.16</ns2:price>
                        <ns2:currency>
                            <code>RUB</code>
                            <digitalCode>643</digitalCode>
                            <name>Российский рубль</name>
                        </ns2:currency>
                        <ns2:rubPrice>21623.16</ns2:rubPrice>
                        <ns2:prepaid>false</ns2:prepaid>
                        <ns2:docs>
                            <ns2:doc>
                                <ns2:ordinal>1</ns2:ordinal>
                                <ns2:code>01</ns2:code>
                                <ns2:name>товарная накладная</ns2:name>
                                <ns2:contractPosition>
                                    <ns2:guid>eaff6517-e29e-4ef0-a62e-77796fb53a44</ns2:guid>
                                    <ns2:name>Болты и винты из черных металлов</ns2:name>
                                    <ns2:okpd2>
                                        <code>25.94.11.110</code>
                                        <name>Болты и винты из черных металлов</name>
                                    </ns2:okpd2>
                                </ns2:contractPosition>
                                <ns2:okei>
                                    <code>642</code>
                                    <name>Единица</name>
                                </ns2:okei>
                                <ns2:qty>1</ns2:qty>
                            </ns2:doc>
                        </ns2:docs>
                    </ns2:position>
                    <ns2:position>
                        <ns2:ordinal>1</ns2:ordinal>
                        <ns2:paymentDate>2017-03-13</ns2:paymentDate>
                        <ns2:price>48133.49</ns2:price>
                        <ns2:currency>
                            <code>RUB</code>
                            <digitalCode>643</digitalCode>
                            <name>Российский рубль</name>
                        </ns2:currency>
                        <ns2:rubPrice>48133.49</ns2:rubPrice>
                        <ns2:prepaid>false</ns2:prepaid>
                        <ns2:docs>
                            <ns2:doc>
                                <ns2:ordinal>1</ns2:ordinal>
                                <ns2:code>01</ns2:code>
                                <ns2:name>товарная накладная</ns2:name>
                                <ns2:contractPosition>
                                    <ns2:guid>eaff6517-e29e-4ef0-a62e-77796fb53a44</ns2:guid>
                                    <ns2:name>Болты и винты из черных металлов</ns2:name>
                                    <ns2:okpd2>
                                        <code>25.94.11.110</code>
                                        <name>Болты и винты из черных металлов</name>
                                    </ns2:okpd2>
                                </ns2:contractPosition>
                                <ns2:okei>
                                    <code>642</code>
                                    <name>Единица</name>
                                </ns2:okei>
                                <ns2:qty>1</ns2:qty>
                            </ns2:doc>
                        </ns2:docs>
                    </ns2:position>
                    <ns2:position>
                        <ns2:ordinal>2</ns2:ordinal>
                        <ns2:paymentDate>2017-03-06</ns2:paymentDate>
                        <ns2:price>952</ns2:price>
                        <ns2:currency>
                            <code>RUB</code>
                            <digitalCode>643</digitalCode>
                            <name>Российский рубль</name>
                        </ns2:currency>
                        <ns2:rubPrice>952</ns2:rubPrice>
                        <ns2:prepaid>false</ns2:prepaid>
                        <ns2:docs>
                            <ns2:doc>
                                <ns2:ordinal>1</ns2:ordinal>
                                <ns2:code>01</ns2:code>
                                <ns2:name>товарная накладная</ns2:name>
                                <ns2:contractPosition>
                                    <ns2:guid>eaff6517-e29e-4ef0-a62e-77796fb53a44</ns2:guid>
                                    <ns2:name>Болты и винты из черных металлов</ns2:name>
                                    <ns2:okpd2>
                                        <code>25.94.11.110</code>
                                        <name>Болты и винты из черных металлов</name>
                                    </ns2:okpd2>
                                </ns2:contractPosition>
                                <ns2:okei>
                                    <code>642</code>
                                    <name>Единица</name>
                                </ns2:okei>
                                <ns2:qty>1</ns2:qty>
                            </ns2:doc>
                        </ns2:docs>
                    </ns2:position>
                    <ns2:position>
                        <ns2:ordinal>3</ns2:ordinal>
                        <ns2:paymentDate>2017-03-20</ns2:paymentDate>
                        <ns2:price>91955.56</ns2:price>
                        <ns2:currency>
                            <code>RUB</code>
                            <digitalCode>643</digitalCode>
                            <name>Российский рубль</name>
                        </ns2:currency>
                        <ns2:rubPrice>91955.56</ns2:rubPrice>
                        <ns2:prepaid>false</ns2:prepaid>
                        <ns2:docs>
                            <ns2:doc>
                                <ns2:ordinal>1</ns2:ordinal>
                                <ns2:code>01</ns2:code>
                                <ns2:name>товарная накладная</ns2:name>
                                <ns2:contractPosition>
                                    <ns2:guid>eaff6517-e29e-4ef0-a62e-77796fb53a44</ns2:guid>
                                    <ns2:name>Болты и винты из черных металлов</ns2:name>
                                    <ns2:okpd2>
                                        <code>25.94.11.110</code>
                                        <name>Болты и винты из черных металлов</name>
                                    </ns2:okpd2>
                                </ns2:contractPosition>
                                <ns2:okei>
                                    <code>642</code>
                                    <name>Единица</name>
                                </ns2:okei>
                                <ns2:qty>1</ns2:qty>
                            </ns2:doc>
                        </ns2:docs>
                    </ns2:position>
                    <ns2:total>162664.21</ns2:total>
                </ns2:positions>
            </ns2:performanceContractData>
        </ns2:item>
    </ns2:body>
</ns2:performanceContract>
