<?xml version="1.0" encoding="UTF-8" standalone="yes"?>
<ns2:performanceContract xsi:schemaLocation="http://zakupki.gov.ru/223/integration/schema/TFF-5.2 http://zakupki.gov.ru/223/integration/schema/TFF-5.2/Types.xsd" xmlns="http://zakupki.gov.ru/223fz/types/1" xmlns:ns10="http://zakupki.gov.ru/223fz/disagreementProtocol/1" xmlns:ns11="http://zakupki.gov.ru/223fz/purchase/1" xmlns:ns12="http://zakupki.gov.ru/223fz/machineryListInfo/1" xmlns:ns13="http://zakupki.gov.ru/223fz/revenue/1" xmlns:ns14="http://zakupki.gov.ru/223fz/orderClauseList/1" xmlns:ns15="http://zakupki.gov.ru/223fz/complaint/1" xmlns:ns16="http://zakupki.gov.ru/223fz/missedNotice/1" xmlns:ns17="http://zakupki.gov.ru/223fz/notificationIssue/1" xmlns:ns18="http://zakupki.gov.ru/223fz/purchasePlanProject/1" xmlns:ns19="http://zakupki.gov.ru/223fz/webRequest/1" xmlns:ns2="http://zakupki.gov.ru/223fz/contract/1" xmlns:xsi="http://www.w3.org/2001/XMLSchema-instance" xmlns:ns3="http://zakupki.gov.ru/223fz/dishonestSupplier/1" xmlns:ns4="http://zakupki.gov.ru/223fz/decisionSuspension/1" xmlns:ns5="http://zakupki.gov.ru/223fz/purchasePlanAdditionalPosition/1" xmlns:ns6="http://zakupki.gov.ru/223fz/purchasePlan/1" xmlns:ns7="http://zakupki.gov.ru/223fz/purchasePlanProjectAdditionalPosition/1" xmlns:ns8="http://zakupki.gov.ru/223fz/reference/1" xmlns:ns9="http://zakupki.gov.ru/223fz/stopCommodity/1">
    <header>
        <guid>14737519-3f7c-4d01-9ecb-cfc374773e8c</guid>
        <createDateTime>2017-03-30T12:05:42</createDateTime>
    </header>
    <ns2:body>
        <ns2:item>
            <guid>251f4d15-76b7-4e2a-b5f3-320872e96bb9</guid>
            <ns2:performanceContractData>
                <ns2:guid>876f946c-3175-487a-a955-b6a2ed453b0b</ns2:guid>
                <ns2:registrationNumber>56627012077160000500035</ns2:registrationNumber>
                <ns2:urlOOS>https://zakupki.gov.ru/223/contract/private/completing/info/view.html?id=2665688</ns2:urlOOS>
                <ns2:createDateTime>2016-12-28T15:57:34</ns2:createDateTime>
                <ns2:customer>
                    <mainInfo>
                        <fullName>УНИТАРНОЕ МУНИЦИПАЛЬНОЕ ПРЕДПРИЯТИЕ "ВОДОКАНАЛ" ГОРОДСКОГО ОКРУГА РЕВДА</fullName>
                        <shortName>УМП "ВОДОКАНАЛ"</shortName>
                        <iko>56627012077662701001</iko>
                        <inn>6627012077</inn>
                        <kpp>662701001</kpp>
                        <ogrn>1026601642880</ogrn>
                        <legalAddress>623281, ОБЛ СВЕРДЛОВСКАЯ, Г РЕВДА, УЛ КАРЛА ЛИБКНЕХТА, дом 1, корпус А</legalAddress>
                        <postalAddress>623280, Свердловская, Ревда, Карла Либкнехта, дом 1, корпус А</postalAddress>
                        <phone>7-34397-35343</phone>
                        <fax>7-34397-35343</fax>
                        <email>mail@revdavodokanal.ru</email>
                        <okato>65484000000</okato>
                        <okpo>54122828</okpo>
                    </mainInfo>
                </ns2:customer>
                <ns2:placer>
                    <mainInfo>
                        <fullName>УНИТАРНОЕ МУНИЦИПАЛЬНОЕ ПРЕДПРИЯТИЕ "ВОДОКАНАЛ" ГОРОДСКОГО ОКРУГА РЕВДА</fullName>
                        <shortName>УМП "ВОДОКАНАЛ"</shortName>
                        <iko>56627012077662701001</iko>
                        <inn>6627012077</inn>
                        <kpp>662701001</kpp>
                        <ogrn>1026601642880</ogrn>
                        <legalAddress>623281, ОБЛ СВЕРДЛОВСКАЯ, Г РЕВДА, УЛ КАРЛА ЛИБКНЕХТА, дом 1, корпус А</legalAddress>
                        <postalAddress>623280, Свердловская, Ревда, Карла Либкнехта, дом 1, корпус А</postalAddress>
                        <phone>7-34397-35343</phone>
                        <fax>7-34397-35343</fax>
                        <email>mail@revdavodokanal.ru</email>
                        <okato>65484000000</okato>
                        <okpo>54122828</okpo>
                    </mainInfo>
                </ns2:placer>
                <ns2:publicationDate>2017-03-30T12:05:42</ns2:publicationDate>
                <ns2:status>P</ns2:status>
                <ns2:version>1</ns2:version>
                <ns2:completed>false</ns2:completed>
                <ns2:attachments>
                    <totalDocumentsCount>2</totalDocumentsCount>
                    <document>
                        <guid>a7c62efa-390a-4b8e-8453-ffee266c8e4e</guid>
                        <createDateTime>2017-03-30T12:04:12</createDateTime>
                        <fileName>ПП №2574 от 29.03.2017.pdf</fileName>
                        <description>ПП №2574 от 29.03.2017</description>
                        <url>https://zakupki.gov.ru/223/contract/private/download/download.html?id=11730570</url>
                        <registrationNumber>56627012077160000500036</registrationNumber>
                    </document>
                    <document>
                        <guid>ae8a9fcc-13bb-4d40-a190-35ba5f8220e0</guid>
                        <createDateTime>2017-03-30T12:05:00</createDateTime>
                        <fileName>СЧ №CSC0000000026288 от 27.03.2017.pdf</fileName>
                        <description>СЧ №CSC0000000026288 от 27.03.2017</description>
                        <url>https://zakupki.gov.ru/223/contract/private/download/download.html?id=11730623</url>
                        <registrationNumber>56627012077160000500037</registrationNumber>
                    </document>
                </ns2:attachments>
                <ns2:hasPenalty>false</ns2:hasPenalty>
                <ns2:contractRegNumber>56627012077160000500000</ns2:contractRegNumber>
                <ns2:contractInfo>
                    <ns2:guid>fa1b02a2-4e67-4942-ab1d-8e84430b82de</ns2:guid>
                    <ns2:name>17001035</ns2:name>
                    <ns2:agencyName>УМП "ВОДОКАНАЛ"</ns2:agencyName>
                    <ns2:supplierName>ОБЩЕСТВО С ОГРАНИЧЕННОЙ ОТВЕТСТВЕННОСТЬЮ "ГАЗПРОМНЕФТЬ - КОРПОРАТИВНЫЕ ПРОДАЖИ"</ns2:supplierName>
                    <ns2:lotInfo>поставка  нефтепродуктов (бензин, дизельное топливо) через АЗС по системе безналичных расчетов с использованием корпоративных карт</ns2:lotInfo>
                    <ns2:contractDate>2016-12-28</ns2:contractDate>
                </ns2:contractInfo>
                <ns2:positions>
                    <ns2:position>
                        <ns2:ordinal>1</ns2:ordinal>
                        <ns2:paymentDate>2017-03-29</ns2:paymentDate>
                        <ns2:price>96775</ns2:price>
                        <ns2:currency>
                            <code>RUB</code>
                            <digitalCode>643</digitalCode>
                            <name>Российский рубль</name>
                        </ns2:currency>
                        <ns2:rubPrice>96775</ns2:rubPrice>
                        <ns2:prepaid>false</ns2:prepaid>
                        <ns2:docs>
                            <ns2:doc>
                                <ns2:ordinal>1</ns2:ordinal>
                                <ns2:date>2017-03-27</ns2:date>
                                <ns2:code>18</ns2:code>
                                <ns2:name>счет на оплату</ns2:name>
                                <ns2:number>CSC0000000026288</ns2:number>
                                <ns2:contractPosition>
                                    <ns2:guid>05cfd323-5a82-4c35-b63f-e759f4f03f4d</ns2:guid>
                                    <ns2:name>Топливо моторное, включая автомобильный и авиационный бензин</ns2:name>
                                    <ns2:okpd2>
                                        <code>19.20.21</code>
                                        <name>Топливо моторное, включая автомобильный и авиационный бензин</name>
                                    </ns2:okpd2>
                                </ns2:contractPosition>
                                <ns2:okei>
                                    <code>112</code>
                                    <name>Литр; Кубический дециметр</name>
                                </ns2:okei>
                                <ns2:qty>700</ns2:qty>
                            </ns2:doc>
                            <ns2:doc>
                                <ns2:ordinal>2</ns2:ordinal>
                                <ns2:date>2017-03-27</ns2:date>
                                <ns2:code>18</ns2:code>
                                <ns2:name>счет на оплату</ns2:name>
                                <ns2:number>CSC0000000026288</ns2:number>
                                <ns2:contractPosition>
                                    <ns2:guid>a880fe93-21e5-4513-a388-4fe65ddbeceb</ns2:guid>
                                    <ns2:name>Топливо моторное, включая автомобильный и авиационный бензин</ns2:name>
                                    <ns2:okpd2>
                                        <code>19.20.21</code>
                                        <name>Топливо моторное, включая автомобильный и авиационный бензин</name>
                                    </ns2:okpd2>
                                </ns2:contractPosition>
                                <ns2:okei>
                                    <code>112</code>
                                    <name>Литр; Кубический дециметр</name>
                                </ns2:okei>
                                <ns2:qty>1800</ns2:qty>
                            </ns2:doc>
                        </ns2:docs>
                    </ns2:position>
                    <ns2:total>96775</ns2:total>
                </ns2:positions>
            </ns2:performanceContractData>
        </ns2:item>
    </ns2:body>
</ns2:performanceContract>
