<?xml version="1.0" encoding="UTF-8" standalone="yes"?>
<ns2:performanceContract xsi:schemaLocation="http://zakupki.gov.ru/223/integration/schema/TFF-5.2 http://zakupki.gov.ru/223/integration/schema/TFF-5.2/Types.xsd" xmlns="http://zakupki.gov.ru/223fz/types/1" xmlns:ns10="http://zakupki.gov.ru/223fz/disagreementProtocol/1" xmlns:ns11="http://zakupki.gov.ru/223fz/purchase/1" xmlns:ns12="http://zakupki.gov.ru/223fz/machineryListInfo/1" xmlns:ns13="http://zakupki.gov.ru/223fz/revenue/1" xmlns:ns14="http://zakupki.gov.ru/223fz/orderClauseList/1" xmlns:ns15="http://zakupki.gov.ru/223fz/complaint/1" xmlns:ns16="http://zakupki.gov.ru/223fz/missedNotice/1" xmlns:ns17="http://zakupki.gov.ru/223fz/notificationIssue/1" xmlns:ns18="http://zakupki.gov.ru/223fz/purchasePlanProject/1" xmlns:ns19="http://zakupki.gov.ru/223fz/webRequest/1" xmlns:ns2="http://zakupki.gov.ru/223fz/contract/1" xmlns:xsi="http://www.w3.org/2001/XMLSchema-instance" xmlns:ns3="http://zakupki.gov.ru/223fz/dishonestSupplier/1" xmlns:ns4="http://zakupki.gov.ru/223fz/decisionSuspension/1" xmlns:ns5="http://zakupki.gov.ru/223fz/purchasePlanAdditionalPosition/1" xmlns:ns6="http://zakupki.gov.ru/223fz/purchasePlan/1" xmlns:ns7="http://zakupki.gov.ru/223fz/purchasePlanProjectAdditionalPosition/1" xmlns:ns8="http://zakupki.gov.ru/223fz/reference/1" xmlns:ns9="http://zakupki.gov.ru/223fz/stopCommodity/1">
    <header>
        <guid>b6b82250-fd54-4823-8758-682fef787374</guid>
        <createDateTime>2017-03-30T13:10:14</createDateTime>
    </header>
    <ns2:body>
        <ns2:item>
            <guid>dfddd1f0-3a54-47ee-8938-2026988e0875</guid>
            <ns2:performanceContractData>
                <ns2:guid>1714a7c9-31a8-43eb-8089-83a43cbfd203</ns2:guid>
                <ns2:registrationNumber>56654009549160000620003</ns2:registrationNumber>
                <ns2:urlOOS>https://zakupki.gov.ru/223/contract/private/completing/info/view.html?id=2666372</ns2:urlOOS>
                <ns2:termination>false</ns2:termination>
                <ns2:createDateTime>2016-12-26T10:54:37</ns2:createDateTime>
                <ns2:customer>
                    <mainInfo>
                        <fullName>ГОСУДАРСТВЕННОЕ АВТОНОМНОЕ СТАЦИОНАРНОЕ УЧРЕЖДЕНИЕ СОЦИАЛЬНОГО ОБСЛУЖИВАНИЯ НАСЕЛЕНИЯ СВЕРДЛОВСКОЙ ОБЛАСТИ "ТАЛИЦКИЙ ПАНСИОНАТ ДЛЯ ПРЕСТАРЕЛЫХ И ИНВАЛИДОВ"</fullName>
                        <shortName>ГАУ "ТАЛИЦКИЙ ПАНСИОНАТ"</shortName>
                        <iko>56654009549665401001</iko>
                        <inn>6654009549</inn>
                        <kpp>665401001</kpp>
                        <ogrn>1026602236121</ogrn>
                        <legalAddress>623640, СВЕРДЛОВСКАЯ обл, г ТАЛИЦА, ул КРАСНОАРМЕЙСКАЯ, дом 31</legalAddress>
                        <postalAddress>623640, Свердловская Область, Талица Город, Красноармейская Улица, дом 31</postalAddress>
                        <phone>7-34371-21560</phone>
                        <fax>7-34371-21560</fax>
                        <email>pansionat80@mail.ru</email>
                        <okato>65249000000</okato>
                        <okpo>13706983</okpo>
                    </mainInfo>
                </ns2:customer>
                <ns2:placer>
                    <mainInfo>
                        <fullName>ГОСУДАРСТВЕННОЕ АВТОНОМНОЕ СТАЦИОНАРНОЕ УЧРЕЖДЕНИЕ СОЦИАЛЬНОГО ОБСЛУЖИВАНИЯ НАСЕЛЕНИЯ СВЕРДЛОВСКОЙ ОБЛАСТИ "ТАЛИЦКИЙ ПАНСИОНАТ ДЛЯ ПРЕСТАРЕЛЫХ И ИНВАЛИДОВ"</fullName>
                        <shortName>ГАУ "ТАЛИЦКИЙ ПАНСИОНАТ"</shortName>
                        <iko>56654009549665401001</iko>
                        <inn>6654009549</inn>
                        <kpp>665401001</kpp>
                        <ogrn>1026602236121</ogrn>
                        <legalAddress>623640, СВЕРДЛОВСКАЯ обл, г ТАЛИЦА, ул КРАСНОАРМЕЙСКАЯ, дом 31</legalAddress>
                        <postalAddress>623640, Свердловская Область, Талица Город, Красноармейская Улица, дом 31</postalAddress>
                        <phone>7-34371-21560</phone>
                        <fax>7-34371-21560</fax>
                        <email>pansionat80@mail.ru</email>
                        <okato>65249000000</okato>
                        <okpo>13706983</okpo>
                    </mainInfo>
                </ns2:placer>
                <ns2:publicationDate>2017-03-30T13:10:14</ns2:publicationDate>
                <ns2:status>P</ns2:status>
                <ns2:version>1</ns2:version>
                <ns2:completed>true</ns2:completed>
                <ns2:attachments>
                    <totalDocumentsCount>1</totalDocumentsCount>
                    <document>
                        <guid>1899bc73-80c8-4208-9b30-8614b3621502</guid>
                        <createDateTime>2017-03-30T13:10:01</createDateTime>
                        <fileName>исполнение.pdf</fileName>
                        <description>исполнение</description>
                        <url>https://zakupki.gov.ru/223/contract/private/download/download.html?id=11734440</url>
                        <registrationNumber>56654009549160000620004</registrationNumber>
                    </document>
                </ns2:attachments>
                <ns2:hasPenalty>false</ns2:hasPenalty>
                <ns2:contractRegNumber>56654009549160000620000</ns2:contractRegNumber>
                <ns2:contractInfo>
                    <ns2:guid>35370ab6-a9ae-4f5d-ae86-966bd23a60a1</ns2:guid>
                    <ns2:name>285</ns2:name>
                    <ns2:agencyName>ГАУ "ТАЛИЦКИЙ ПАНСИОНАТ"</ns2:agencyName>
                    <ns2:supplierName>Трусов Петр Николаевич</ns2:supplierName>
                    <ns2:lotInfo>поставка хлеба и хлебобулочной продукции в 1 квартале 2017г</ns2:lotInfo>
                    <ns2:contractDate>2016-12-23</ns2:contractDate>
                </ns2:contractInfo>
                <ns2:positions>
                    <ns2:position>
                        <ns2:ordinal>1</ns2:ordinal>
                        <ns2:paymentDate>2017-03-30</ns2:paymentDate>
                        <ns2:price>423910.1</ns2:price>
                        <ns2:currency>
                            <code>RUB</code>
                            <digitalCode>643</digitalCode>
                            <name>Российский рубль</name>
                        </ns2:currency>
                        <ns2:rubPrice>423910.1</ns2:rubPrice>
                        <ns2:prepaid>false</ns2:prepaid>
                        <ns2:docs>
                            <ns2:doc>
                                <ns2:ordinal>1</ns2:ordinal>
                                <ns2:code>01</ns2:code>
                                <ns2:name>товарная накладная</ns2:name>
                                <ns2:contractPosition>
                                    <ns2:guid>8bdf09df-5d2a-4888-bfb8-3e00e8873ded</ns2:guid>
                                    <ns2:name>Хлеб недлительного хранения</ns2:name>
                                    <ns2:okpd2>
                                        <code>10.71.11.110</code>
                                        <name>Хлеб недлительного хранения</name>
                                    </ns2:okpd2>
                                </ns2:contractPosition>
                                <ns2:okei>
                                    <code>796</code>
                                    <name>Штука</name>
                                </ns2:okei>
                                <ns2:qty>6856</ns2:qty>
                            </ns2:doc>
                            <ns2:doc>
                                <ns2:ordinal>2</ns2:ordinal>
                                <ns2:code>01</ns2:code>
                                <ns2:name>товарная накладная</ns2:name>
                                <ns2:contractPosition>
                                    <ns2:guid>46db7848-4cd4-4f2a-97c4-63bfdba56b40</ns2:guid>
                                    <ns2:name>Хлеб недлительного хранения из пшеничной муки</ns2:name>
                                    <ns2:okpd2>
                                        <code>10.71.11.111</code>
                                        <name>Хлеб недлительного хранения из пшеничной муки</name>
                                    </ns2:okpd2>
                                </ns2:contractPosition>
                                <ns2:okei>
                                    <code>796</code>
                                    <name>Штука</name>
                                </ns2:okei>
                                <ns2:qty>8550</ns2:qty>
                            </ns2:doc>
                            <ns2:doc>
                                <ns2:ordinal>3</ns2:ordinal>
                                <ns2:code>01</ns2:code>
                                <ns2:name>товарная накладная</ns2:name>
                                <ns2:contractPosition>
                                    <ns2:guid>ab6a0f54-4f73-434a-93a2-febad4f6e392</ns2:guid>
                                    <ns2:name>Булочные изделия из пшеничной муки</ns2:name>
                                    <ns2:okpd2>
                                        <code>10.71.11.121</code>
                                        <name>Булочные изделия из пшеничной муки</name>
                                    </ns2:okpd2>
                                </ns2:contractPosition>
                                <ns2:okei>
                                    <code>796</code>
                                    <name>Штука</name>
                                </ns2:okei>
                                <ns2:qty>4608</ns2:qty>
                            </ns2:doc>
                            <ns2:doc>
                                <ns2:ordinal>4</ns2:ordinal>
                                <ns2:code>01</ns2:code>
                                <ns2:name>товарная накладная</ns2:name>
                                <ns2:contractPosition>
                                    <ns2:guid>80c39a2b-0c3c-4abd-9ee2-5a229b03865f</ns2:guid>
                                    <ns2:name>Булочные изделия из пшеничной муки</ns2:name>
                                    <ns2:okpd2>
                                        <code>10.71.11.121</code>
                                        <name>Булочные изделия из пшеничной муки</name>
                                    </ns2:okpd2>
                                </ns2:contractPosition>
                                <ns2:okei>
                                    <code>796</code>
                                    <name>Штука</name>
                                </ns2:okei>
                                <ns2:qty>3780</ns2:qty>
                            </ns2:doc>
                            <ns2:doc>
                                <ns2:ordinal>5</ns2:ordinal>
                                <ns2:code>01</ns2:code>
                                <ns2:name>товарная накладная</ns2:name>
                                <ns2:contractPosition>
                                    <ns2:guid>e76e8596-194c-47fd-8fa8-490d97aea896</ns2:guid>
                                    <ns2:name>Булочные изделия из пшеничной муки</ns2:name>
                                    <ns2:okpd2>
                                        <code>10.71.11.121</code>
                                        <name>Булочные изделия из пшеничной муки</name>
                                    </ns2:okpd2>
                                </ns2:contractPosition>
                                <ns2:okei>
                                    <code>796</code>
                                    <name>Штука</name>
                                </ns2:okei>
                                <ns2:qty>3780</ns2:qty>
                            </ns2:doc>
                            <ns2:doc>
                                <ns2:ordinal>6</ns2:ordinal>
                                <ns2:code>01</ns2:code>
                                <ns2:name>товарная накладная</ns2:name>
                                <ns2:contractPosition>
                                    <ns2:guid>096bc09a-55b9-4c17-8d31-92920d8b4d2c</ns2:guid>
                                    <ns2:name>Булочные изделия из пшеничной муки</ns2:name>
                                    <ns2:okpd2>
                                        <code>10.71.11.121</code>
                                        <name>Булочные изделия из пшеничной муки</name>
                                    </ns2:okpd2>
                                </ns2:contractPosition>
                                <ns2:okei>
                                    <code>796</code>
                                    <name>Штука</name>
                                </ns2:okei>
                                <ns2:qty>3780</ns2:qty>
                            </ns2:doc>
                        </ns2:docs>
                    </ns2:position>
                    <ns2:total>423910.1</ns2:total>
                </ns2:positions>
            </ns2:performanceContractData>
        </ns2:item>
    </ns2:body>
</ns2:performanceContract>
