<?xml version="1.0" encoding="UTF-8" standalone="yes"?>
<ns2:contractCancellation xsi:schemaLocation="http://zakupki.gov.ru/223/integration/schema/TFF-5.2 http://zakupki.gov.ru/223/integration/schema/TFF-5.2/Types.xsd" xmlns="http://zakupki.gov.ru/223fz/types/1" xmlns:ns10="http://zakupki.gov.ru/223fz/disagreementProtocol/1" xmlns:ns11="http://zakupki.gov.ru/223fz/purchase/1" xmlns:ns12="http://zakupki.gov.ru/223fz/machineryListInfo/1" xmlns:ns13="http://zakupki.gov.ru/223fz/revenue/1" xmlns:ns14="http://zakupki.gov.ru/223fz/orderClauseList/1" xmlns:ns15="http://zakupki.gov.ru/223fz/complaint/1" xmlns:ns16="http://zakupki.gov.ru/223fz/missedNotice/1" xmlns:ns17="http://zakupki.gov.ru/223fz/notificationIssue/1" xmlns:ns18="http://zakupki.gov.ru/223fz/purchasePlanProject/1" xmlns:ns19="http://zakupki.gov.ru/223fz/webRequest/1" xmlns:ns2="http://zakupki.gov.ru/223fz/contract/1" xmlns:xsi="http://www.w3.org/2001/XMLSchema-instance" xmlns:ns3="http://zakupki.gov.ru/223fz/dishonestSupplier/1" xmlns:ns4="http://zakupki.gov.ru/223fz/decisionSuspension/1" xmlns:ns5="http://zakupki.gov.ru/223fz/purchasePlanAdditionalPosition/1" xmlns:ns6="http://zakupki.gov.ru/223fz/purchasePlan/1" xmlns:ns7="http://zakupki.gov.ru/223fz/purchasePlanProjectAdditionalPosition/1" xmlns:ns8="http://zakupki.gov.ru/223fz/reference/1" xmlns:ns9="http://zakupki.gov.ru/223fz/stopCommodity/1">
    <header>
        <guid>57768ce1-571d-4638-b567-4f51721c5036</guid>
        <createDateTime>2017-03-30T15:14:34</createDateTime>
    </header>
    <ns2:body>
        <ns2:item>
            <guid>ca563592-c15c-46b5-b0c4-a75bfc0545c9</guid>
            <ns2:contractCancellationData>
                <ns2:guid>3e20daa5-5e4b-4ee7-8d52-df841f70e0d1</ns2:guid>
                <ns2:registrationNumber>86670326175160000050003</ns2:registrationNumber>
                <ns2:urlOOS>https://zakupki.gov.ru/223/contract/private/completing/info/view.html?id=2668107</ns2:urlOOS>
                <ns2:createDateTime>2017-03-30T15:14:01</ns2:createDateTime>
                <ns2:customer>
                    <mainInfo>
                        <fullName>МУНИЦИПАЛЬНОЕ АВТОНОМНОЕ ДОШКОЛЬНОЕ ОБРАЗОВАТЕЛЬНОЕ УЧРЕЖДЕНИЕ - ДЕТСКИЙ САД № 106</fullName>
                        <shortName>МАДОУ - ДЕТСКИЙ САД № 106</shortName>
                        <iko>86670326175667001001</iko>
                        <inn>6670326175</inn>
                        <kpp>667001001</kpp>
                        <ogrn>1116670001689</ogrn>
                        <legalAddress>620041, обл СВЕРДЛОВСКАЯ, г ЕКАТЕРИНБУРГ, ул ОМСКАЯ, дом 104</legalAddress>
                        <postalAddress>620000, Свердловская Область, Екатеринбург Город, Омская Улица, дом 104</postalAddress>
                        <phone>7-343-3415862</phone>
                        <fax>7-343-3415862</fax>
                        <email>detsad106@rambler.ru</email>
                        <okato>65401373000</okato>
                        <okpo>90072983</okpo>
                    </mainInfo>
                </ns2:customer>
                <ns2:placer>
                    <mainInfo>
                        <fullName>МУНИЦИПАЛЬНОЕ АВТОНОМНОЕ ДОШКОЛЬНОЕ ОБРАЗОВАТЕЛЬНОЕ УЧРЕЖДЕНИЕ - ДЕТСКИЙ САД № 106</fullName>
                        <shortName>МАДОУ - ДЕТСКИЙ САД № 106</shortName>
                        <iko>86670326175667001001</iko>
                        <inn>6670326175</inn>
                        <kpp>667001001</kpp>
                        <ogrn>1116670001689</ogrn>
                        <legalAddress>620041, обл СВЕРДЛОВСКАЯ, г ЕКАТЕРИНБУРГ, ул ОМСКАЯ, дом 104</legalAddress>
                        <postalAddress>620000, Свердловская Область, Екатеринбург Город, Омская Улица, дом 104</postalAddress>
                        <phone>7-343-3415862</phone>
                        <fax>7-343-3415862</fax>
                        <email>detsad106@rambler.ru</email>
                        <okato>65401373000</okato>
                        <okpo>90072983</okpo>
                    </mainInfo>
                </ns2:placer>
                <ns2:publicationDate>2017-03-30T15:14:34</ns2:publicationDate>
                <ns2:status>P</ns2:status>
                <ns2:version>1</ns2:version>
                <ns2:attachments>
                    <totalDocumentsCount>1</totalDocumentsCount>
                    <document>
                        <guid>ffe46272-b535-4f1b-8b4c-8526c0e43b1e</guid>
                        <createDateTime>2017-03-30T15:13:58</createDateTime>
                        <fileName>106 дс Соглашение о расторжении дог.№2016-0061.pdf</fileName>
                        <description>106 дс Соглашение о расторжении дог.№2016-0061</description>
                        <url>https://zakupki.gov.ru/223/contract/private/download/download.html?id=11742267</url>
                        <registrationNumber>86670326175160000050004</registrationNumber>
                    </document>
                </ns2:attachments>
                <ns2:hasPenalty>false</ns2:hasPenalty>
                <ns2:contractRegNumber>86670326175160000050000</ns2:contractRegNumber>
                <ns2:contractInfo>
                    <ns2:guid>8da659c9-67d4-4522-8385-cfd77b0e3773</ns2:guid>
                    <ns2:name>2016-0061</ns2:name>
                    <ns2:agencyName>МАДОУ - ДЕТСКИЙ САД № 106</ns2:agencyName>
                    <ns2:supplierName>Акционерное общество «Слободотуринский молочный комбинат «Надежда»</ns2:supplierName>
                    <ns2:lotInfo>Поставка молочной продукции в четвертом квартале  2016 года для МАДОУ - детский сад № 106</ns2:lotInfo>
                    <ns2:contractDate>2016-09-30</ns2:contractDate>
                </ns2:contractInfo>
                <ns2:baseContractCancellationCode>1</ns2:baseContractCancellationCode>
                <ns2:baseContractCancellationName>Соглашение сторон</ns2:baseContractCancellationName>
                <ns2:baseRejectionDocCode>11</ns2:baseRejectionDocCode>
                <ns2:baseRejectionDocName>Дополнительное соглашение к договору</ns2:baseRejectionDocName>
                <ns2:completionDate>2016-12-31T00:00:00</ns2:completionDate>
                <ns2:baseRejectionDocNum>1</ns2:baseRejectionDocNum>
                <ns2:baseRejectionDocDate>2016-12-31</ns2:baseRejectionDocDate>
            </ns2:contractCancellationData>
        </ns2:item>
    </ns2:body>
</ns2:contractCancellation>
