<?xml version="1.0" encoding="UTF-8" standalone="yes"?>
<ns2:performanceContract xsi:schemaLocation="http://zakupki.gov.ru/223/integration/schema/TFF-5.2 http://zakupki.gov.ru/223/integration/schema/TFF-5.2/Types.xsd" xmlns="http://zakupki.gov.ru/223fz/types/1" xmlns:ns10="http://zakupki.gov.ru/223fz/disagreementProtocol/1" xmlns:ns11="http://zakupki.gov.ru/223fz/purchase/1" xmlns:ns12="http://zakupki.gov.ru/223fz/machineryListInfo/1" xmlns:ns13="http://zakupki.gov.ru/223fz/revenue/1" xmlns:ns14="http://zakupki.gov.ru/223fz/orderClauseList/1" xmlns:ns15="http://zakupki.gov.ru/223fz/complaint/1" xmlns:ns16="http://zakupki.gov.ru/223fz/missedNotice/1" xmlns:ns17="http://zakupki.gov.ru/223fz/notificationIssue/1" xmlns:ns18="http://zakupki.gov.ru/223fz/purchasePlanProject/1" xmlns:ns19="http://zakupki.gov.ru/223fz/webRequest/1" xmlns:ns2="http://zakupki.gov.ru/223fz/contract/1" xmlns:xsi="http://www.w3.org/2001/XMLSchema-instance" xmlns:ns3="http://zakupki.gov.ru/223fz/dishonestSupplier/1" xmlns:ns4="http://zakupki.gov.ru/223fz/decisionSuspension/1" xmlns:ns5="http://zakupki.gov.ru/223fz/purchasePlanAdditionalPosition/1" xmlns:ns6="http://zakupki.gov.ru/223fz/purchasePlan/1" xmlns:ns7="http://zakupki.gov.ru/223fz/purchasePlanProjectAdditionalPosition/1" xmlns:ns8="http://zakupki.gov.ru/223fz/reference/1" xmlns:ns9="http://zakupki.gov.ru/223fz/stopCommodity/1">
    <header>
        <guid>728beb44-8f55-4687-a0f4-553b0159a658</guid>
        <createDateTime>2017-03-30T13:04:09</createDateTime>
    </header>
    <ns2:body>
        <ns2:item>
            <guid>588a61e1-f2b5-47ea-914b-beb0966dbb6f</guid>
            <ns2:performanceContractData>
                <ns2:guid>c40ad816-d989-4d32-9a17-5dce0c861a91</ns2:guid>
                <ns2:registrationNumber>56671163413160029480003</ns2:registrationNumber>
                <ns2:urlOOS>https://zakupki.gov.ru/223/contract/private/completing/info/view.html?id=2666301</ns2:urlOOS>
                <ns2:createDateTime>2016-12-02T08:52:07</ns2:createDateTime>
                <ns2:customer>
                    <mainInfo>
                        <fullName>Открытое акционерное общество "Межрегиональная распределительная сетевая компания Урала"</fullName>
                        <shortName>ОАО "МРСК Урала"</shortName>
                        <iko>56671163413667201001</iko>
                        <inn>6671163413</inn>
                        <kpp>667201001</kpp>
                        <ogrn>1056604000970</ogrn>
                        <legalAddress>620026, Свердловская, Екатеринбург, Мамина-Сибиряка, дом 140</legalAddress>
                        <postalAddress>620026, Свердловская область, Екатеринбург, Мамина-Сибиряка, дом 140 </postalAddress>
                        <phone>7-343-2152600</phone>
                        <fax>7-343-2152661</fax>
                        <email>mrsk@mrsk-ural.ru</email>
                        <okato>65401000000</okato>
                        <okpo>76507836</okpo>
                    </mainInfo>
                </ns2:customer>
                <ns2:placer>
                    <mainInfo>
                        <fullName>Открытое акционерное общество "Межрегиональная распределительная сетевая компания Урала"</fullName>
                        <shortName>ОАО "МРСК Урала"</shortName>
                        <iko>56671163413667201001</iko>
                        <inn>6671163413</inn>
                        <kpp>667201001</kpp>
                        <ogrn>1056604000970</ogrn>
                        <legalAddress>620026, Свердловская, Екатеринбург, Мамина-Сибиряка, дом 140</legalAddress>
                        <postalAddress>620026, Свердловская область, Екатеринбург, Мамина-Сибиряка, дом 140 </postalAddress>
                        <phone>7-343-2152600</phone>
                        <fax>7-343-2152661</fax>
                        <email>mrsk@mrsk-ural.ru</email>
                        <okato>65401000000</okato>
                        <okpo>76507836</okpo>
                    </mainInfo>
                </ns2:placer>
                <ns2:publicationDate>2017-03-30T13:04:09</ns2:publicationDate>
                <ns2:status>P</ns2:status>
                <ns2:version>1</ns2:version>
                <ns2:completed>false</ns2:completed>
                <ns2:attachments>
                    <totalDocumentsCount>6</totalDocumentsCount>
                    <document>
                        <guid>5576cb16-d66b-4797-87fa-40a1aa66559b</guid>
                        <createDateTime>2017-03-30T13:03:27</createDateTime>
                        <fileName>ЦЭС 31.01.17_20.03.17_61950.00.pdf</fileName>
                        <description>ЦЭС 31.01.17_20.03.17_61950.00</description>
                        <url>https://zakupki.gov.ru/223/contract/private/download/download.html?id=11733970</url>
                        <registrationNumber>56671163413160029480004</registrationNumber>
                    </document>
                    <document>
                        <guid>08b08b7d-3a44-4d3e-bc59-ccce84dc8c1e</guid>
                        <createDateTime>2017-03-30T13:03:37</createDateTime>
                        <fileName>ЧГЭС_02.02.17_20.03.17_62516,40.pdf</fileName>
                        <description>ЧГЭС_02.02.17_20.03.17_62516,40</description>
                        <url>https://zakupki.gov.ru/223/contract/private/download/download.html?id=11733972</url>
                        <registrationNumber>56671163413160029480005</registrationNumber>
                    </document>
                    <document>
                        <guid>6a99ec2c-d854-43d0-81fb-d9f71db910d1</guid>
                        <createDateTime>2017-03-30T13:03:01</createDateTime>
                        <fileName>МЭС_08.02.17_06.03.17_623972,20.pdf</fileName>
                        <description>МЭС_08.02.17_06.03.17_623972,20</description>
                        <url>https://zakupki.gov.ru/223/contract/private/download/download.html?id=11733947</url>
                        <registrationNumber>56671163413160029480006</registrationNumber>
                    </document>
                    <document>
                        <guid>e38091c9-64e6-40a1-b5ed-6d0c60a0e0e2</guid>
                        <createDateTime>2017-03-30T13:03:18</createDateTime>
                        <fileName>ЦЭС 14.02.17_22.03.17_100382.60.pdf</fileName>
                        <description>ЦЭС 14.02.17_22.03.17_100382.60</description>
                        <url>https://zakupki.gov.ru/223/contract/private/download/download.html?id=11733963</url>
                        <registrationNumber>56671163413160029480007</registrationNumber>
                    </document>
                    <document>
                        <guid>f8b2e1a8-20c6-4172-a468-18ea89f7b3a7</guid>
                        <createDateTime>2017-03-30T13:02:54</createDateTime>
                        <fileName>ЗЭС_02.02.17_13.03.17_77549,60.pdf</fileName>
                        <description>ЗЭС_02.02.17_13.03.17_77549,60</description>
                        <url>https://zakupki.gov.ru/223/contract/private/download/download.html?id=11733934</url>
                        <registrationNumber>56671163413160029480008</registrationNumber>
                    </document>
                    <document>
                        <guid>a419dee5-5ced-458f-85b0-f54033eaf4ff</guid>
                        <createDateTime>2017-03-30T13:03:09</createDateTime>
                        <fileName>ТЭС_31.01.17_06.03.17_11328,00.pdf</fileName>
                        <description>ТЭС_31.01.17_06.03.17_11328,00</description>
                        <url>https://zakupki.gov.ru/223/contract/private/download/download.html?id=11733951</url>
                        <registrationNumber>56671163413160029480009</registrationNumber>
                    </document>
                </ns2:attachments>
                <ns2:hasPenalty>false</ns2:hasPenalty>
                <ns2:contractRegNumber>56671163413160029480000</ns2:contractRegNumber>
                <ns2:contractInfo>
                    <ns2:guid>262b509f-bf71-4b84-b8cd-016c699d86d1</ns2:guid>
                    <ns2:agencyName>ОАО "МРСК Урала"</ns2:agencyName>
                    <ns2:supplierName>ОБЩЕСТВО С ОГРАНИЧЕННОЙ ОТВЕТСТВЕННОСТЬЮ "ЭНЕРГОТЕХСОЮЗ"</ns2:supplierName>
                    <ns2:lotInfo>Право заключения договора на поставку зап. частей к выключателям/разъединителям для  обеспечения ремонтной программы филиала ОАО «МРСК Урала» - «Челябэнерго» в 2017г.</ns2:lotInfo>
                    <ns2:contractDate>2016-11-29</ns2:contractDate>
                </ns2:contractInfo>
                <ns2:positions>
                    <ns2:position>
                        <ns2:ordinal>6</ns2:ordinal>
                        <ns2:paymentDate>2017-03-20</ns2:paymentDate>
                        <ns2:price>62516.4</ns2:price>
                        <ns2:currency>
                            <code>RUB</code>
                            <digitalCode>643</digitalCode>
                            <name>Российский рубль</name>
                        </ns2:currency>
                        <ns2:rubPrice>62516.4</ns2:rubPrice>
                        <ns2:prepaid>false</ns2:prepaid>
                        <ns2:docs>
                            <ns2:doc>
                                <ns2:ordinal>1</ns2:ordinal>
                                <ns2:code>01</ns2:code>
                                <ns2:name>товарная накладная</ns2:name>
                                <ns2:contractPosition>
                                    <ns2:guid>83c7af88-82b8-4e37-af1d-d03e07692379</ns2:guid>
                                    <ns2:name>Устройства для коммутации или защиты электрических цепей на напряжение более 1 кВ прочие, не включенные в другие группировки</ns2:name>
                                    <ns2:okpd2>
                                        <code>27.12.10.190</code>
                                        <name>Устройства для коммутации или защиты электрических цепей на напряжение более 1 кВ прочие, не включенные в другие группировки</name>
                                    </ns2:okpd2>
                                </ns2:contractPosition>
                                <ns2:okei>
                                    <code>642</code>
                                    <name>Единица</name>
                                </ns2:okei>
                                <ns2:qty>1</ns2:qty>
                            </ns2:doc>
                        </ns2:docs>
                    </ns2:position>
                    <ns2:position>
                        <ns2:ordinal>1</ns2:ordinal>
                        <ns2:paymentDate>2017-03-13</ns2:paymentDate>
                        <ns2:price>77549.6</ns2:price>
                        <ns2:currency>
                            <code>RUB</code>
                            <digitalCode>643</digitalCode>
                            <name>Российский рубль</name>
                        </ns2:currency>
                        <ns2:rubPrice>77549.6</ns2:rubPrice>
                        <ns2:prepaid>false</ns2:prepaid>
                        <ns2:docs>
                            <ns2:doc>
                                <ns2:ordinal>1</ns2:ordinal>
                                <ns2:code>01</ns2:code>
                                <ns2:name>товарная накладная</ns2:name>
                                <ns2:contractPosition>
                                    <ns2:guid>83c7af88-82b8-4e37-af1d-d03e07692379</ns2:guid>
                                    <ns2:name>Устройства для коммутации или защиты электрических цепей на напряжение более 1 кВ прочие, не включенные в другие группировки</ns2:name>
                                    <ns2:okpd2>
                                        <code>27.12.10.190</code>
                                        <name>Устройства для коммутации или защиты электрических цепей на напряжение более 1 кВ прочие, не включенные в другие группировки</name>
                                    </ns2:okpd2>
                                </ns2:contractPosition>
                                <ns2:okei>
                                    <code>642</code>
                                    <name>Единица</name>
                                </ns2:okei>
                                <ns2:qty>1</ns2:qty>
                            </ns2:doc>
                        </ns2:docs>
                    </ns2:position>
                    <ns2:position>
                        <ns2:ordinal>4</ns2:ordinal>
                        <ns2:paymentDate>2017-03-22</ns2:paymentDate>
                        <ns2:price>100382.6</ns2:price>
                        <ns2:currency>
                            <code>RUB</code>
                            <digitalCode>643</digitalCode>
                            <name>Российский рубль</name>
                        </ns2:currency>
                        <ns2:rubPrice>100382.6</ns2:rubPrice>
                        <ns2:prepaid>false</ns2:prepaid>
                        <ns2:docs>
                            <ns2:doc>
                                <ns2:ordinal>1</ns2:ordinal>
                                <ns2:code>01</ns2:code>
                                <ns2:name>товарная накладная</ns2:name>
                                <ns2:contractPosition>
                                    <ns2:guid>83c7af88-82b8-4e37-af1d-d03e07692379</ns2:guid>
                                    <ns2:name>Устройства для коммутации или защиты электрических цепей на напряжение более 1 кВ прочие, не включенные в другие группировки</ns2:name>
                                    <ns2:okpd2>
                                        <code>27.12.10.190</code>
                                        <name>Устройства для коммутации или защиты электрических цепей на напряжение более 1 кВ прочие, не включенные в другие группировки</name>
                                    </ns2:okpd2>
                                </ns2:contractPosition>
                                <ns2:okei>
                                    <code>642</code>
                                    <name>Единица</name>
                                </ns2:okei>
                                <ns2:qty>1</ns2:qty>
                            </ns2:doc>
                        </ns2:docs>
                    </ns2:position>
                    <ns2:position>
                        <ns2:ordinal>5</ns2:ordinal>
                        <ns2:paymentDate>2017-03-20</ns2:paymentDate>
                        <ns2:price>61950</ns2:price>
                        <ns2:currency>
                            <code>RUB</code>
                            <digitalCode>643</digitalCode>
                            <name>Российский рубль</name>
                        </ns2:currency>
                        <ns2:rubPrice>61950</ns2:rubPrice>
                        <ns2:prepaid>false</ns2:prepaid>
                        <ns2:docs>
                            <ns2:doc>
                                <ns2:ordinal>1</ns2:ordinal>
                                <ns2:code>01</ns2:code>
                                <ns2:name>товарная накладная</ns2:name>
                                <ns2:contractPosition>
                                    <ns2:guid>83c7af88-82b8-4e37-af1d-d03e07692379</ns2:guid>
                                    <ns2:name>Устройства для коммутации или защиты электрических цепей на напряжение более 1 кВ прочие, не включенные в другие группировки</ns2:name>
                                    <ns2:okpd2>
                                        <code>27.12.10.190</code>
                                        <name>Устройства для коммутации или защиты электрических цепей на напряжение более 1 кВ прочие, не включенные в другие группировки</name>
                                    </ns2:okpd2>
                                </ns2:contractPosition>
                                <ns2:okei>
                                    <code>642</code>
                                    <name>Единица</name>
                                </ns2:okei>
                                <ns2:qty>1</ns2:qty>
                            </ns2:doc>
                        </ns2:docs>
                    </ns2:position>
                    <ns2:position>
                        <ns2:ordinal>2</ns2:ordinal>
                        <ns2:paymentDate>2017-03-06</ns2:paymentDate>
                        <ns2:price>623972.2</ns2:price>
                        <ns2:currency>
                            <code>RUB</code>
                            <digitalCode>643</digitalCode>
                            <name>Российский рубль</name>
                        </ns2:currency>
                        <ns2:rubPrice>623972.2</ns2:rubPrice>
                        <ns2:prepaid>false</ns2:prepaid>
                        <ns2:docs>
                            <ns2:doc>
                                <ns2:ordinal>1</ns2:ordinal>
                                <ns2:code>01</ns2:code>
                                <ns2:name>товарная накладная</ns2:name>
                                <ns2:contractPosition>
                                    <ns2:guid>83c7af88-82b8-4e37-af1d-d03e07692379</ns2:guid>
                                    <ns2:name>Устройства для коммутации или защиты электрических цепей на напряжение более 1 кВ прочие, не включенные в другие группировки</ns2:name>
                                    <ns2:okpd2>
                                        <code>27.12.10.190</code>
                                        <name>Устройства для коммутации или защиты электрических цепей на напряжение более 1 кВ прочие, не включенные в другие группировки</name>
                                    </ns2:okpd2>
                                </ns2:contractPosition>
                                <ns2:okei>
                                    <code>642</code>
                                    <name>Единица</name>
                                </ns2:okei>
                                <ns2:qty>1</ns2:qty>
                            </ns2:doc>
                        </ns2:docs>
                    </ns2:position>
                    <ns2:position>
                        <ns2:ordinal>3</ns2:ordinal>
                        <ns2:paymentDate>2017-03-06</ns2:paymentDate>
                        <ns2:price>11328</ns2:price>
                        <ns2:currency>
                            <code>RUB</code>
                            <digitalCode>643</digitalCode>
                            <name>Российский рубль</name>
                        </ns2:currency>
                        <ns2:rubPrice>11328</ns2:rubPrice>
                        <ns2:prepaid>false</ns2:prepaid>
                        <ns2:docs>
                            <ns2:doc>
                                <ns2:ordinal>1</ns2:ordinal>
                                <ns2:code>01</ns2:code>
                                <ns2:name>товарная накладная</ns2:name>
                                <ns2:contractPosition>
                                    <ns2:guid>83c7af88-82b8-4e37-af1d-d03e07692379</ns2:guid>
                                    <ns2:name>Устройства для коммутации или защиты электрических цепей на напряжение более 1 кВ прочие, не включенные в другие группировки</ns2:name>
                                    <ns2:okpd2>
                                        <code>27.12.10.190</code>
                                        <name>Устройства для коммутации или защиты электрических цепей на напряжение более 1 кВ прочие, не включенные в другие группировки</name>
                                    </ns2:okpd2>
                                </ns2:contractPosition>
                                <ns2:okei>
                                    <code>642</code>
                                    <name>Единица</name>
                                </ns2:okei>
                                <ns2:qty>1</ns2:qty>
                            </ns2:doc>
                        </ns2:docs>
                    </ns2:position>
                    <ns2:total>937698.8</ns2:total>
                </ns2:positions>
            </ns2:performanceContractData>
        </ns2:item>
    </ns2:body>
</ns2:performanceContract>
