<?xml version="1.0" encoding="UTF-8" standalone="yes"?>
<ns2:performanceContract xsi:schemaLocation="http://zakupki.gov.ru/223/integration/schema/TFF-5.2 http://zakupki.gov.ru/223/integration/schema/TFF-5.2/Types.xsd" xmlns="http://zakupki.gov.ru/223fz/types/1" xmlns:ns10="http://zakupki.gov.ru/223fz/disagreementProtocol/1" xmlns:ns11="http://zakupki.gov.ru/223fz/purchase/1" xmlns:ns12="http://zakupki.gov.ru/223fz/machineryListInfo/1" xmlns:ns13="http://zakupki.gov.ru/223fz/revenue/1" xmlns:ns14="http://zakupki.gov.ru/223fz/orderClauseList/1" xmlns:ns15="http://zakupki.gov.ru/223fz/complaint/1" xmlns:ns16="http://zakupki.gov.ru/223fz/missedNotice/1" xmlns:ns17="http://zakupki.gov.ru/223fz/notificationIssue/1" xmlns:ns18="http://zakupki.gov.ru/223fz/purchasePlanProject/1" xmlns:ns19="http://zakupki.gov.ru/223fz/webRequest/1" xmlns:ns2="http://zakupki.gov.ru/223fz/contract/1" xmlns:xsi="http://www.w3.org/2001/XMLSchema-instance" xmlns:ns3="http://zakupki.gov.ru/223fz/dishonestSupplier/1" xmlns:ns4="http://zakupki.gov.ru/223fz/decisionSuspension/1" xmlns:ns5="http://zakupki.gov.ru/223fz/purchasePlanAdditionalPosition/1" xmlns:ns6="http://zakupki.gov.ru/223fz/purchasePlan/1" xmlns:ns7="http://zakupki.gov.ru/223fz/purchasePlanProjectAdditionalPosition/1" xmlns:ns8="http://zakupki.gov.ru/223fz/reference/1" xmlns:ns9="http://zakupki.gov.ru/223fz/stopCommodity/1">
    <header>
        <guid>a4ebb123-651a-4723-828f-2f303d3d893e</guid>
        <createDateTime>2017-03-30T14:51:15</createDateTime>
    </header>
    <ns2:body>
        <ns2:item>
            <guid>343a46b6-e89e-4afc-9866-59874f81c5a0</guid>
            <ns2:performanceContractData>
                <ns2:guid>95969dfd-0f09-406e-a99c-e376923456a6</ns2:guid>
                <ns2:registrationNumber>56664056562170000200004</ns2:registrationNumber>
                <ns2:urlOOS>https://zakupki.gov.ru/223/contract/private/completing/info/view.html?id=2667728</ns2:urlOOS>
                <ns2:createDateTime>2017-03-30T14:47:56</ns2:createDateTime>
                <ns2:customer>
                    <mainInfo>
                        <fullName>Общество с ограниченной ответственностью  "Кирпичный завод-Стройпластполимер"</fullName>
                        <shortName>ООО   "КЗ-СПП"</shortName>
                        <iko>56664056562667401001</iko>
                        <inn>6664056562</inn>
                        <kpp>667401001</kpp>
                        <ogrn>1026605781510</ogrn>
                        <legalAddress>620024, Свердловская, Екатеринбург, Бисертская, дом 1</legalAddress>
                        <postalAddress>620024, Свердловская, Екатеринбург, Бисертская, дом 1</postalAddress>
                        <phone>8-343-2680879</phone>
                        <fax>8-343-2172744</fax>
                        <email>mail@kz-spp.ru</email>
                        <okato>65000000000</okato>
                        <okpo>49541664</okpo>
                    </mainInfo>
                </ns2:customer>
                <ns2:placer>
                    <mainInfo>
                        <fullName>Общество с ограниченной ответственностью  "Кирпичный завод-Стройпластполимер"</fullName>
                        <shortName>ООО   "КЗ-СПП"</shortName>
                        <iko>56664056562667401001</iko>
                        <inn>6664056562</inn>
                        <kpp>667401001</kpp>
                        <ogrn>1026605781510</ogrn>
                        <legalAddress>620024, Свердловская, Екатеринбург, Бисертская, дом 1</legalAddress>
                        <postalAddress>620024, Свердловская, Екатеринбург, Бисертская, дом 1</postalAddress>
                        <phone>8-343-2680879</phone>
                        <fax>8-343-2172744</fax>
                        <email>mail@kz-spp.ru</email>
                        <okato>65000000000</okato>
                        <okpo>49541664</okpo>
                    </mainInfo>
                </ns2:placer>
                <ns2:publicationDate>2017-03-30T14:51:15</ns2:publicationDate>
                <ns2:status>P</ns2:status>
                <ns2:version>1</ns2:version>
                <ns2:completed>true</ns2:completed>
                <ns2:attachments>
                    <totalDocumentsCount>1</totalDocumentsCount>
                    <document>
                        <guid>80e54d1e-3294-4e03-af10-93e26bb7dcc9</guid>
                        <createDateTime>2017-03-30T14:50:57</createDateTime>
                        <fileName>ТН от 28.03.2017 г..pdf</fileName>
                        <description>ТН от 28.03.2017 г.</description>
                        <url>https://zakupki.gov.ru/223/contract/private/download/download.html?id=11740617</url>
                        <registrationNumber>56664056562170000200005</registrationNumber>
                    </document>
                </ns2:attachments>
                <ns2:hasPenalty>false</ns2:hasPenalty>
                <ns2:contractRegNumber>56664056562170000200000</ns2:contractRegNumber>
                <ns2:contractInfo>
                    <ns2:guid>6c732769-f0d8-4f50-8230-1f8deaaa1351</ns2:guid>
                    <ns2:agencyName>ООО   "КЗ-СПП"</ns2:agencyName>
                    <ns2:supplierName>ОБЩЕСТВО С ОГРАНИЧЕННОЙ ОТВЕТСТВЕННОСТЬЮ "АКТИВ СТРОЙ"</ns2:supplierName>
                    <ns2:lotInfo>Поддоны деревянные</ns2:lotInfo>
                    <ns2:contractDate>2017-03-28</ns2:contractDate>
                </ns2:contractInfo>
                <ns2:positions>
                    <ns2:position>
                        <ns2:ordinal>1</ns2:ordinal>
                        <ns2:paymentDate>2017-03-28</ns2:paymentDate>
                        <ns2:price>104550</ns2:price>
                        <ns2:currency>
                            <code>RUB</code>
                            <digitalCode>643</digitalCode>
                            <name>Российский рубль</name>
                        </ns2:currency>
                        <ns2:rubPrice>104550</ns2:rubPrice>
                        <ns2:prepaid>false</ns2:prepaid>
                        <ns2:docs>
                            <ns2:doc>
                                <ns2:ordinal>1</ns2:ordinal>
                                <ns2:code>37</ns2:code>
                                <ns2:name>прочие документы о приемке</ns2:name>
                                <ns2:contractPosition>
                                    <ns2:guid>1c6d22fe-0154-480e-9f68-e63810f2072d</ns2:guid>
                                    <ns2:name>Поддоны деревянные, включая поддоны с бортами, и прочие деревянные погрузочные щиты</ns2:name>
                                    <ns2:okpd2>
                                        <code>16.24.11</code>
                                        <name>Поддоны деревянные, включая поддоны с бортами, и прочие деревянные погрузочные щиты</name>
                                    </ns2:okpd2>
                                </ns2:contractPosition>
                                <ns2:okei>
                                    <code>796</code>
                                    <name>Штука</name>
                                </ns2:okei>
                                <ns2:qty>615</ns2:qty>
                            </ns2:doc>
                        </ns2:docs>
                    </ns2:position>
                    <ns2:total>104550</ns2:total>
                </ns2:positions>
            </ns2:performanceContractData>
        </ns2:item>
    </ns2:body>
</ns2:performanceContract>
