<?xml version="1.0" encoding="UTF-8" standalone="yes"?>
<ns2:performanceContract xsi:schemaLocation="http://zakupki.gov.ru/223/integration/schema/TFF-5.2 http://zakupki.gov.ru/223/integration/schema/TFF-5.2/Types.xsd" xmlns="http://zakupki.gov.ru/223fz/types/1" xmlns:ns10="http://zakupki.gov.ru/223fz/disagreementProtocol/1" xmlns:ns11="http://zakupki.gov.ru/223fz/purchase/1" xmlns:ns12="http://zakupki.gov.ru/223fz/machineryListInfo/1" xmlns:ns13="http://zakupki.gov.ru/223fz/revenue/1" xmlns:ns14="http://zakupki.gov.ru/223fz/orderClauseList/1" xmlns:ns15="http://zakupki.gov.ru/223fz/complaint/1" xmlns:ns16="http://zakupki.gov.ru/223fz/missedNotice/1" xmlns:ns17="http://zakupki.gov.ru/223fz/notificationIssue/1" xmlns:ns18="http://zakupki.gov.ru/223fz/purchasePlanProject/1" xmlns:ns19="http://zakupki.gov.ru/223fz/webRequest/1" xmlns:ns2="http://zakupki.gov.ru/223fz/contract/1" xmlns:xsi="http://www.w3.org/2001/XMLSchema-instance" xmlns:ns3="http://zakupki.gov.ru/223fz/dishonestSupplier/1" xmlns:ns4="http://zakupki.gov.ru/223fz/decisionSuspension/1" xmlns:ns5="http://zakupki.gov.ru/223fz/purchasePlanAdditionalPosition/1" xmlns:ns6="http://zakupki.gov.ru/223fz/purchasePlan/1" xmlns:ns7="http://zakupki.gov.ru/223fz/purchasePlanProjectAdditionalPosition/1" xmlns:ns8="http://zakupki.gov.ru/223fz/reference/1" xmlns:ns9="http://zakupki.gov.ru/223fz/stopCommodity/1">
    <header>
        <guid>3edfdd6d-640e-49e5-9258-7d74c6fe61b9</guid>
        <createDateTime>2017-03-30T15:27:22</createDateTime>
    </header>
    <ns2:body>
        <ns2:item>
            <guid>cba0f741-d00d-4e41-b6ae-5bfc1b483b99</guid>
            <ns2:performanceContractData>
                <ns2:guid>76e63fee-7241-4f9d-b544-49ffdd29959e</ns2:guid>
                <ns2:registrationNumber>56661028380170000090003</ns2:registrationNumber>
                <ns2:urlOOS>https://zakupki.gov.ru/223/contract/private/completing/info/view.html?id=2668302</ns2:urlOOS>
                <ns2:createDateTime>2017-01-13T06:40:34</ns2:createDateTime>
                <ns2:customer>
                    <mainInfo>
                        <fullName>МУНИЦИПАЛЬНОЕ АВТОНОМНОЕ  УЧРЕЖДЕНИЕ "КЛИНИКО-ДИАГНОСТИЧЕСКИЙ ЦЕНТР"</fullName>
                        <shortName>МАУ "КДЦ"</shortName>
                        <iko>56661028380667101001</iko>
                        <inn>6661028380</inn>
                        <kpp>667101001</kpp>
                        <ogrn>1026605247415</ogrn>
                        <legalAddress>620144, ОБЛ СВЕРДЛОВСКАЯ, Г ЕКАТЕРИНБУРГ, УЛ 8 МАРТА, дом ДОМ 78В</legalAddress>
                        <postalAddress>620144, обл СВЕРДЛОВСКАЯ, г ЕКАТЕРИНБУРГ, ул 8 МАРТА, дом 78В</postalAddress>
                        <phone>7-343-2047134</phone>
                        <fax>7-343-2047157</fax>
                        <email>inbox@kdc-lab.ru</email>
                        <okato>65401377000</okato>
                        <okpo>25042229</okpo>
                    </mainInfo>
                </ns2:customer>
                <ns2:placer>
                    <mainInfo>
                        <fullName>МУНИЦИПАЛЬНОЕ АВТОНОМНОЕ  УЧРЕЖДЕНИЕ "КЛИНИКО-ДИАГНОСТИЧЕСКИЙ ЦЕНТР"</fullName>
                        <shortName>МАУ "КДЦ"</shortName>
                        <iko>56661028380667101001</iko>
                        <inn>6661028380</inn>
                        <kpp>667101001</kpp>
                        <ogrn>1026605247415</ogrn>
                        <legalAddress>620144, ОБЛ СВЕРДЛОВСКАЯ, Г ЕКАТЕРИНБУРГ, УЛ 8 МАРТА, дом ДОМ 78В</legalAddress>
                        <postalAddress>620144, обл СВЕРДЛОВСКАЯ, г ЕКАТЕРИНБУРГ, ул 8 МАРТА, дом 78В</postalAddress>
                        <phone>7-343-2047134</phone>
                        <fax>7-343-2047157</fax>
                        <email>inbox@kdc-lab.ru</email>
                        <okato>65401377000</okato>
                        <okpo>25042229</okpo>
                    </mainInfo>
                </ns2:placer>
                <ns2:publicationDate>2017-03-30T15:27:22</ns2:publicationDate>
                <ns2:status>P</ns2:status>
                <ns2:version>1</ns2:version>
                <ns2:completed>false</ns2:completed>
                <ns2:attachments>
                    <totalDocumentsCount>2</totalDocumentsCount>
                    <document>
                        <guid>ad41c13f-fa17-4b13-a947-67cabdf649c1</guid>
                        <createDateTime>2017-03-30T15:26:37</createDateTime>
                        <fileName>img452.jpg</fileName>
                        <description>img452</description>
                        <url>https://zakupki.gov.ru/223/contract/private/download/download.html?id=11743170</url>
                        <registrationNumber>56661028380170000090004</registrationNumber>
                    </document>
                    <document>
                        <guid>3889fe6e-b093-4cb7-8d5b-e26cb612c11c</guid>
                        <createDateTime>2017-03-30T15:26:54</createDateTime>
                        <fileName>166606 от 21.03.2017 - Хелена Рус.pdf</fileName>
                        <description>166606 от 21.03.2017 - Хелена Рус</description>
                        <url>https://zakupki.gov.ru/223/contract/private/download/download.html?id=11743181</url>
                        <registrationNumber>56661028380170000090005</registrationNumber>
                    </document>
                </ns2:attachments>
                <ns2:hasPenalty>false</ns2:hasPenalty>
                <ns2:contractRegNumber>56661028380170000090000</ns2:contractRegNumber>
                <ns2:contractInfo>
                    <ns2:guid>e6c21f61-ee34-46fd-b144-9fe33d89d75a</ns2:guid>
                    <ns2:name>31604517459</ns2:name>
                    <ns2:agencyName>МАУ "КДЦ"</ns2:agencyName>
                    <ns2:supplierName>ОБЩЕСТВО С ОГРАНИЧЕННОЙ ОТВЕТСТВЕННОСТЬЮ "ХЕЛЕНА РУС"</ns2:supplierName>
                    <ns2:lotInfo>Расходные материалы для масс-спектрометрии</ns2:lotInfo>
                    <ns2:contractDate>2017-01-13</ns2:contractDate>
                </ns2:contractInfo>
                <ns2:positions>
                    <ns2:position>
                        <ns2:ordinal>1</ns2:ordinal>
                        <ns2:paymentDate>2017-03-21</ns2:paymentDate>
                        <ns2:price>58333.19</ns2:price>
                        <ns2:currency>
                            <code>RUB</code>
                            <digitalCode>643</digitalCode>
                            <name>Российский рубль</name>
                        </ns2:currency>
                        <ns2:rubPrice>58333.19</ns2:rubPrice>
                        <ns2:prepaid>false</ns2:prepaid>
                        <ns2:docs>
                            <ns2:doc>
                                <ns2:ordinal>1</ns2:ordinal>
                                <ns2:date>2017-02-03</ns2:date>
                                <ns2:code>01</ns2:code>
                                <ns2:name>товарная накладная</ns2:name>
                                <ns2:contractPosition>
                                    <ns2:guid>53efdfb8-8b6b-41a2-8f75-fec448dced16</ns2:guid>
                                    <ns2:name>Реагенты диагностические</ns2:name>
                                    <ns2:okpd2>
                                        <code>21.20.23.110</code>
                                        <name>Реагенты диагностические</name>
                                    </ns2:okpd2>
                                </ns2:contractPosition>
                                <ns2:okei>
                                    <code>704</code>
                                    <name>Набор</name>
                                </ns2:okei>
                                <ns2:qty>1</ns2:qty>
                            </ns2:doc>
                        </ns2:docs>
                    </ns2:position>
                    <ns2:total>58333.19</ns2:total>
                </ns2:positions>
            </ns2:performanceContractData>
        </ns2:item>
    </ns2:body>
</ns2:performanceContract>
