<?xml version="1.0" encoding="UTF-8" standalone="yes"?>
<ns2:performanceContract xsi:schemaLocation="http://zakupki.gov.ru/223/integration/schema/TFF-5.2 http://zakupki.gov.ru/223/integration/schema/TFF-5.2/Types.xsd" xmlns="http://zakupki.gov.ru/223fz/types/1" xmlns:ns10="http://zakupki.gov.ru/223fz/disagreementProtocol/1" xmlns:ns11="http://zakupki.gov.ru/223fz/purchase/1" xmlns:ns12="http://zakupki.gov.ru/223fz/machineryListInfo/1" xmlns:ns13="http://zakupki.gov.ru/223fz/revenue/1" xmlns:ns14="http://zakupki.gov.ru/223fz/orderClauseList/1" xmlns:ns15="http://zakupki.gov.ru/223fz/complaint/1" xmlns:ns16="http://zakupki.gov.ru/223fz/missedNotice/1" xmlns:ns17="http://zakupki.gov.ru/223fz/notificationIssue/1" xmlns:ns18="http://zakupki.gov.ru/223fz/purchasePlanProject/1" xmlns:ns19="http://zakupki.gov.ru/223fz/webRequest/1" xmlns:ns2="http://zakupki.gov.ru/223fz/contract/1" xmlns:xsi="http://www.w3.org/2001/XMLSchema-instance" xmlns:ns3="http://zakupki.gov.ru/223fz/dishonestSupplier/1" xmlns:ns4="http://zakupki.gov.ru/223fz/decisionSuspension/1" xmlns:ns5="http://zakupki.gov.ru/223fz/purchasePlanAdditionalPosition/1" xmlns:ns6="http://zakupki.gov.ru/223fz/purchasePlan/1" xmlns:ns7="http://zakupki.gov.ru/223fz/purchasePlanProjectAdditionalPosition/1" xmlns:ns8="http://zakupki.gov.ru/223fz/reference/1" xmlns:ns9="http://zakupki.gov.ru/223fz/stopCommodity/1">
    <header>
        <guid>024bfff3-5cc5-4134-a877-8741c32b755f</guid>
        <createDateTime>2017-03-30T11:43:38</createDateTime>
    </header>
    <ns2:body>
        <ns2:item>
            <guid>b579f199-1b59-4188-8abc-5560227e1938</guid>
            <ns2:performanceContractData>
                <ns2:guid>0ce38196-f7fe-4ce8-9a98-b97776fd3568</ns2:guid>
                <ns2:registrationNumber>86663025890170000020003</ns2:registrationNumber>
                <ns2:urlOOS>https://zakupki.gov.ru/223/contract/private/completing/info/view.html?id=2665391</ns2:urlOOS>
                <ns2:createDateTime>2017-03-13T13:17:34</ns2:createDateTime>
                <ns2:customer>
                    <mainInfo>
                        <fullName>Федеральное государственное бюджетное учреждение "Уральский научно-исследовательский институт фтизиопульмонологии" Министерства здравоохранения Российской Федерации</fullName>
                        <shortName>ФГБУ "УНИИФ" Минздрава России</shortName>
                        <iko>86663025890668601001</iko>
                        <inn>6663025890</inn>
                        <kpp>668601001</kpp>
                        <ogrn>1026605629412</ogrn>
                        <legalAddress>620039, Свердловская, Екатеринбург, 22 Партсъезда, дом 50</legalAddress>
                        <postalAddress>620039, Свердловская Область, Екатеринбург Город, 22 Партсъезда Улица, дом 50</postalAddress>
                        <phone>7-343-3334463</phone>
                        <fax>7-343-3334462</fax>
                        <email>urniif@urniif.ru</email>
                        <okato>65401385000</okato>
                        <okpo>01966880</okpo>
                    </mainInfo>
                </ns2:customer>
                <ns2:placer>
                    <mainInfo>
                        <fullName>Федеральное государственное бюджетное учреждение "Уральский научно-исследовательский институт фтизиопульмонологии" Министерства здравоохранения Российской Федерации</fullName>
                        <shortName>ФГБУ "УНИИФ" Минздрава России</shortName>
                        <iko>86663025890668601001</iko>
                        <inn>6663025890</inn>
                        <kpp>668601001</kpp>
                        <ogrn>1026605629412</ogrn>
                        <legalAddress>620039, Свердловская, Екатеринбург, 22 Партсъезда, дом 50</legalAddress>
                        <postalAddress>620039, Свердловская Область, Екатеринбург Город, 22 Партсъезда Улица, дом 50</postalAddress>
                        <phone>7-343-3334463</phone>
                        <fax>7-343-3334462</fax>
                        <email>urniif@urniif.ru</email>
                        <okato>65401385000</okato>
                        <okpo>01966880</okpo>
                    </mainInfo>
                </ns2:placer>
                <ns2:publicationDate>2017-03-30T11:43:38</ns2:publicationDate>
                <ns2:status>P</ns2:status>
                <ns2:version>1</ns2:version>
                <ns2:completed>true</ns2:completed>
                <ns2:attachments>
                    <totalDocumentsCount>1</totalDocumentsCount>
                    <document>
                        <guid>56dc2d60-ff9b-4daf-b291-2274e6cfb28a</guid>
                        <createDateTime>2017-03-30T11:43:22</createDateTime>
                        <fileName>0401060.PDF</fileName>
                        <description>0401060</description>
                        <url>https://zakupki.gov.ru/223/contract/private/download/download.html?id=11729261</url>
                        <registrationNumber>86663025890170000020004</registrationNumber>
                    </document>
                </ns2:attachments>
                <ns2:hasPenalty>false</ns2:hasPenalty>
                <ns2:contractRegNumber>86663025890170000020000</ns2:contractRegNumber>
                <ns2:contractInfo>
                    <ns2:guid>4ca991f6-f32e-47d1-bc9c-de01637ff605</ns2:guid>
                    <ns2:name>2-П-17 ЗЦ</ns2:name>
                    <ns2:agencyName>ФГБУ "УНИИФ" Минздрава России</ns2:agencyName>
                    <ns2:supplierName>ОБЩЕСТВО С ОГРАНИЧЕННОЙ ОТВЕТСТВЕННОСТЬЮ "КОНСИЛИУМ МЕД"</ns2:supplierName>
                    <ns2:lotInfo>Поставка реагентов лабораторных для КДЛ</ns2:lotInfo>
                    <ns2:contractDate>2017-03-13</ns2:contractDate>
                </ns2:contractInfo>
                <ns2:positions>
                    <ns2:position>
                        <ns2:ordinal>1</ns2:ordinal>
                        <ns2:paymentDate>2017-03-20</ns2:paymentDate>
                        <ns2:price>303999.96</ns2:price>
                        <ns2:currency>
                            <code>RUB</code>
                            <digitalCode>643</digitalCode>
                            <name>Российский рубль</name>
                        </ns2:currency>
                        <ns2:rubPrice>303999.96</ns2:rubPrice>
                        <ns2:prepaid>false</ns2:prepaid>
                        <ns2:docs>
                            <ns2:doc>
                                <ns2:ordinal>1</ns2:ordinal>
                                <ns2:date>2017-03-13</ns2:date>
                                <ns2:code>01</ns2:code>
                                <ns2:name>товарная накладная</ns2:name>
                                <ns2:number>31309</ns2:number>
                                <ns2:contractPosition>
                                    <ns2:guid>3ee89274-30ae-4067-9946-b7e50634b6ba</ns2:guid>
                                    <ns2:name>Поставка реагентов лабораторных для КДЛ</ns2:name>
                                    <ns2:okpd2>
                                        <code>20.59.52.199</code>
                                        <name>Реагенты сложные диагностические или лабораторные прочие, не включенные в другие группировки</name>
                                    </ns2:okpd2>
                                </ns2:contractPosition>
                                <ns2:okei>
                                    <code>876</code>
                                    <name>Условная единица</name>
                                </ns2:okei>
                                <ns2:qty>1</ns2:qty>
                            </ns2:doc>
                        </ns2:docs>
                    </ns2:position>
                    <ns2:total>303999.96</ns2:total>
                </ns2:positions>
            </ns2:performanceContractData>
        </ns2:item>
    </ns2:body>
</ns2:performanceContract>
