<?xml version="1.0" encoding="UTF-8" standalone="yes"?>
<ns2:contractCancellation xsi:schemaLocation="http://zakupki.gov.ru/223/integration/schema/TFF-5.2 http://zakupki.gov.ru/223/integration/schema/TFF-5.2/Types.xsd" xmlns="http://zakupki.gov.ru/223fz/types/1" xmlns:ns10="http://zakupki.gov.ru/223fz/disagreementProtocol/1" xmlns:ns11="http://zakupki.gov.ru/223fz/purchase/1" xmlns:ns12="http://zakupki.gov.ru/223fz/machineryListInfo/1" xmlns:ns13="http://zakupki.gov.ru/223fz/revenue/1" xmlns:ns14="http://zakupki.gov.ru/223fz/orderClauseList/1" xmlns:ns15="http://zakupki.gov.ru/223fz/complaint/1" xmlns:ns16="http://zakupki.gov.ru/223fz/missedNotice/1" xmlns:ns17="http://zakupki.gov.ru/223fz/notificationIssue/1" xmlns:ns18="http://zakupki.gov.ru/223fz/purchasePlanProject/1" xmlns:ns19="http://zakupki.gov.ru/223fz/webRequest/1" xmlns:ns2="http://zakupki.gov.ru/223fz/contract/1" xmlns:xsi="http://www.w3.org/2001/XMLSchema-instance" xmlns:ns3="http://zakupki.gov.ru/223fz/dishonestSupplier/1" xmlns:ns4="http://zakupki.gov.ru/223fz/decisionSuspension/1" xmlns:ns5="http://zakupki.gov.ru/223fz/purchasePlanAdditionalPosition/1" xmlns:ns6="http://zakupki.gov.ru/223fz/purchasePlan/1" xmlns:ns7="http://zakupki.gov.ru/223fz/purchasePlanProjectAdditionalPosition/1" xmlns:ns8="http://zakupki.gov.ru/223fz/reference/1" xmlns:ns9="http://zakupki.gov.ru/223fz/stopCommodity/1">
    <header>
        <guid>2031fd19-f62b-4f49-9edc-743f456cbd94</guid>
        <createDateTime>2017-03-30T12:45:29</createDateTime>
    </header>
    <ns2:body>
        <ns2:item>
            <guid>5a49ac61-1707-46cf-aea1-a7925cd4021f</guid>
            <ns2:contractCancellationData>
                <ns2:guid>bae95294-a8e3-40f0-b5d9-b1f802a6abb2</ns2:guid>
                <ns2:registrationNumber>56660143567160000030003</ns2:registrationNumber>
                <ns2:urlOOS>https://zakupki.gov.ru/223/contract/private/completing/info/view.html?id=2666172</ns2:urlOOS>
                <ns2:createDateTime>2017-03-30T12:44:57</ns2:createDateTime>
                <ns2:customer>
                    <mainInfo>
                        <fullName>МУНИЦИПАЛЬНОЕ АВТОНОМНОЕ ДОШКОЛЬНОЕ ОБРАЗОВАТЕЛЬНОЕ УЧРЕЖДЕНИЕ ЦЕНТР РАЗВИТИЯ РЕБЕНКА-ДЕТСКИЙ САД №104</fullName>
                        <shortName>МАДОУ ЦРР-ДЕТСКИЙ САД №104</shortName>
                        <iko>56660143567667001001</iko>
                        <inn>6660143567</inn>
                        <kpp>667001001</kpp>
                        <ogrn>1026604952560</ogrn>
                        <legalAddress>620137, Свердловская, ЕКАТЕРИНБУРГ, СУЛИМОВА, дом 67, корпус -, офис (квартира) -</legalAddress>
                        <postalAddress>620041, г. Екатеринбург, ул. Сулимова, 67</postalAddress>
                        <phone>8-343-3410425</phone>
                        <fax>8-343-3410425</fax>
                        <email>zvezda-104@mail.ru</email>
                        <okato>65401373000</okato>
                        <okpo>54120500</okpo>
                    </mainInfo>
                </ns2:customer>
                <ns2:placer>
                    <mainInfo>
                        <fullName>МУНИЦИПАЛЬНОЕ АВТОНОМНОЕ ДОШКОЛЬНОЕ ОБРАЗОВАТЕЛЬНОЕ УЧРЕЖДЕНИЕ ЦЕНТР РАЗВИТИЯ РЕБЕНКА-ДЕТСКИЙ САД №104</fullName>
                        <shortName>МАДОУ ЦРР-ДЕТСКИЙ САД №104</shortName>
                        <iko>56660143567667001001</iko>
                        <inn>6660143567</inn>
                        <kpp>667001001</kpp>
                        <ogrn>1026604952560</ogrn>
                        <legalAddress>620137, Свердловская, ЕКАТЕРИНБУРГ, СУЛИМОВА, дом 67, корпус -, офис (квартира) -</legalAddress>
                        <postalAddress>620041, г. Екатеринбург, ул. Сулимова, 67</postalAddress>
                        <phone>8-343-3410425</phone>
                        <fax>8-343-3410425</fax>
                        <email>zvezda-104@mail.ru</email>
                        <okato>65401373000</okato>
                        <okpo>54120500</okpo>
                    </mainInfo>
                </ns2:placer>
                <ns2:publicationDate>2017-03-30T12:45:29</ns2:publicationDate>
                <ns2:status>P</ns2:status>
                <ns2:version>1</ns2:version>
                <ns2:attachments>
                    <totalDocumentsCount>1</totalDocumentsCount>
                    <document>
                        <guid>c27b42ff-6c47-4d5b-9c5f-3aab277328df</guid>
                        <createDateTime>2017-03-30T12:44:53</createDateTime>
                        <fileName>104 дс Соглашение о расторжении дог.№2016-0009.pdf</fileName>
                        <description>104 дс Соглашение о расторжении дог.№2016-0009</description>
                        <url>https://zakupki.gov.ru/223/contract/private/download/download.html?id=11733012</url>
                        <registrationNumber>56660143567160000030004</registrationNumber>
                    </document>
                </ns2:attachments>
                <ns2:hasPenalty>false</ns2:hasPenalty>
                <ns2:contractRegNumber>56660143567160000030000</ns2:contractRegNumber>
                <ns2:contractInfo>
                    <ns2:guid>08778052-ed09-4140-91c6-17900d00ec0d</ns2:guid>
                    <ns2:name>2016-0009</ns2:name>
                    <ns2:agencyName>МАДОУ ЦРР-ДЕТСКИЙ САД №104</ns2:agencyName>
                    <ns2:supplierName>ОБЩЕСТВО С ОГРАНИЧЕННОЙ ОТВЕТСТВЕННОСТЬЮ "АВЭС-93"</ns2:supplierName>
                    <ns2:lotInfo>Поставка мясной продукции во втором квартале  2016 года для МАДОУ ЦРР - детский сад № 104</ns2:lotInfo>
                    <ns2:contractDate>2016-03-27</ns2:contractDate>
                </ns2:contractInfo>
                <ns2:baseContractCancellationCode>1</ns2:baseContractCancellationCode>
                <ns2:baseContractCancellationName>Соглашение сторон</ns2:baseContractCancellationName>
                <ns2:baseRejectionDocCode>11</ns2:baseRejectionDocCode>
                <ns2:baseRejectionDocName>Дополнительное соглашение к договору</ns2:baseRejectionDocName>
                <ns2:completionDate>2016-06-30T00:00:00</ns2:completionDate>
                <ns2:baseRejectionDocNum>1</ns2:baseRejectionDocNum>
                <ns2:baseRejectionDocDate>2016-06-30</ns2:baseRejectionDocDate>
            </ns2:contractCancellationData>
        </ns2:item>
    </ns2:body>
</ns2:contractCancellation>
