<?xml version="1.0" encoding="UTF-8" standalone="yes"?>
<ns2:contractCancellation xsi:schemaLocation="http://zakupki.gov.ru/223/integration/schema/TFF-5.2 http://zakupki.gov.ru/223/integration/schema/TFF-5.2/Types.xsd" xmlns="http://zakupki.gov.ru/223fz/types/1" xmlns:ns10="http://zakupki.gov.ru/223fz/disagreementProtocol/1" xmlns:ns11="http://zakupki.gov.ru/223fz/purchase/1" xmlns:ns12="http://zakupki.gov.ru/223fz/machineryListInfo/1" xmlns:ns13="http://zakupki.gov.ru/223fz/revenue/1" xmlns:ns14="http://zakupki.gov.ru/223fz/orderClauseList/1" xmlns:ns15="http://zakupki.gov.ru/223fz/complaint/1" xmlns:ns16="http://zakupki.gov.ru/223fz/missedNotice/1" xmlns:ns17="http://zakupki.gov.ru/223fz/notificationIssue/1" xmlns:ns18="http://zakupki.gov.ru/223fz/purchasePlanProject/1" xmlns:ns19="http://zakupki.gov.ru/223fz/webRequest/1" xmlns:ns2="http://zakupki.gov.ru/223fz/contract/1" xmlns:xsi="http://www.w3.org/2001/XMLSchema-instance" xmlns:ns3="http://zakupki.gov.ru/223fz/dishonestSupplier/1" xmlns:ns4="http://zakupki.gov.ru/223fz/decisionSuspension/1" xmlns:ns5="http://zakupki.gov.ru/223fz/purchasePlanAdditionalPosition/1" xmlns:ns6="http://zakupki.gov.ru/223fz/purchasePlan/1" xmlns:ns7="http://zakupki.gov.ru/223fz/purchasePlanProjectAdditionalPosition/1" xmlns:ns8="http://zakupki.gov.ru/223fz/reference/1" xmlns:ns9="http://zakupki.gov.ru/223fz/stopCommodity/1">
    <header>
        <guid>526bc68c-8dc7-4b97-83b8-69eaf9c10a1c</guid>
        <createDateTime>2017-03-30T13:50:53</createDateTime>
    </header>
    <ns2:body>
        <ns2:item>
            <guid>dbb9bc88-862e-4d9d-b8b6-2385eb9e244e</guid>
            <ns2:contractCancellationData>
                <ns2:guid>8b4495c3-e3fd-4d82-acbd-6d32613f28fc</ns2:guid>
                <ns2:registrationNumber>86670246829160000030003</ns2:registrationNumber>
                <ns2:urlOOS>https://zakupki.gov.ru/223/contract/private/completing/info/view.html?id=2666976</ns2:urlOOS>
                <ns2:createDateTime>2017-03-30T13:50:35</ns2:createDateTime>
                <ns2:customer>
                    <mainInfo>
                        <fullName>МУНИЦИПАЛЬНОЕ АВТОНОМНОЕ ДОШКОЛЬНОЕ ОБРАЗОВАТЕЛЬНОЕ УЧРЕЖДЕНИЕ - ДЕТСКИЙ САД № 459</fullName>
                        <shortName>МАДОУ - ДЕТСКИЙ САД № 459</shortName>
                        <iko>86670246829667001001</iko>
                        <inn>6670246829</inn>
                        <kpp>667001001</kpp>
                        <ogrn>1096670005508</ogrn>
                        <legalAddress>620137, обл СВЕРДЛОВСКАЯ, г ЕКАТЕРИНБУРГ, ул ВИЛОНОВА, дом 49</legalAddress>
                        <postalAddress>620137, Свердловская Область, Екатеринбург Город, Вилонова Улица, дом 49</postalAddress>
                        <phone>7-343-3411634</phone>
                        <fax>7-343-3690191</fax>
                        <email>mdouds459@yandex.ru</email>
                        <okato>65401373000</okato>
                        <okpo>60793461</okpo>
                    </mainInfo>
                </ns2:customer>
                <ns2:placer>
                    <mainInfo>
                        <fullName>МУНИЦИПАЛЬНОЕ АВТОНОМНОЕ ДОШКОЛЬНОЕ ОБРАЗОВАТЕЛЬНОЕ УЧРЕЖДЕНИЕ - ДЕТСКИЙ САД № 459</fullName>
                        <shortName>МАДОУ - ДЕТСКИЙ САД № 459</shortName>
                        <iko>86670246829667001001</iko>
                        <inn>6670246829</inn>
                        <kpp>667001001</kpp>
                        <ogrn>1096670005508</ogrn>
                        <legalAddress>620137, обл СВЕРДЛОВСКАЯ, г ЕКАТЕРИНБУРГ, ул ВИЛОНОВА, дом 49</legalAddress>
                        <postalAddress>620137, Свердловская Область, Екатеринбург Город, Вилонова Улица, дом 49</postalAddress>
                        <phone>7-343-3411634</phone>
                        <fax>7-343-3690191</fax>
                        <email>mdouds459@yandex.ru</email>
                        <okato>65401373000</okato>
                        <okpo>60793461</okpo>
                    </mainInfo>
                </ns2:placer>
                <ns2:publicationDate>2017-03-30T13:50:53</ns2:publicationDate>
                <ns2:status>P</ns2:status>
                <ns2:version>1</ns2:version>
                <ns2:attachments>
                    <totalDocumentsCount>1</totalDocumentsCount>
                    <document>
                        <guid>97554d8d-9f64-427d-9c90-12ff22d97713</guid>
                        <createDateTime>2017-03-30T13:50:28</createDateTime>
                        <fileName>459 дс Соглашение о расторжении №2016-0040.pdf</fileName>
                        <description>459 дс Соглашение о расторжении №2016-0040</description>
                        <url>https://zakupki.gov.ru/223/contract/private/download/download.html?id=11736645</url>
                        <registrationNumber>86670246829160000030004</registrationNumber>
                    </document>
                </ns2:attachments>
                <ns2:hasPenalty>false</ns2:hasPenalty>
                <ns2:contractRegNumber>86670246829160000030000</ns2:contractRegNumber>
                <ns2:contractInfo>
                    <ns2:guid>ca483f76-8c01-44cd-9814-8c837a5ed51f</ns2:guid>
                    <ns2:name>2016-0040</ns2:name>
                    <ns2:agencyName>МАДОУ - ДЕТСКИЙ САД № 459</ns2:agencyName>
                    <ns2:supplierName>ОБЩЕСТВО С ОГРАНИЧЕННОЙ ОТВЕТСТВЕННОСТЬЮ "АВЭС-93"</ns2:supplierName>
                    <ns2:lotInfo>Поставка мясной продукции в третьем квартале  2016 года для МАДОУ  –  детский сад № 459</ns2:lotInfo>
                    <ns2:contractDate>2016-07-01</ns2:contractDate>
                </ns2:contractInfo>
                <ns2:baseContractCancellationCode>1</ns2:baseContractCancellationCode>
                <ns2:baseContractCancellationName>Соглашение сторон</ns2:baseContractCancellationName>
                <ns2:baseRejectionDocCode>11</ns2:baseRejectionDocCode>
                <ns2:baseRejectionDocName>Дополнительное соглашение к договору</ns2:baseRejectionDocName>
                <ns2:completionDate>2016-09-30T00:00:00</ns2:completionDate>
                <ns2:baseRejectionDocNum>1</ns2:baseRejectionDocNum>
                <ns2:baseRejectionDocDate>2016-09-30</ns2:baseRejectionDocDate>
            </ns2:contractCancellationData>
        </ns2:item>
    </ns2:body>
</ns2:contractCancellation>
