<?xml version="1.0" encoding="UTF-8" standalone="yes"?>
<ns2:performanceContract xsi:schemaLocation="http://zakupki.gov.ru/223/integration/schema/TFF-5.2 http://zakupki.gov.ru/223/integration/schema/TFF-5.2/Types.xsd" xmlns="http://zakupki.gov.ru/223fz/types/1" xmlns:ns10="http://zakupki.gov.ru/223fz/disagreementProtocol/1" xmlns:ns11="http://zakupki.gov.ru/223fz/purchase/1" xmlns:ns12="http://zakupki.gov.ru/223fz/machineryListInfo/1" xmlns:ns13="http://zakupki.gov.ru/223fz/revenue/1" xmlns:ns14="http://zakupki.gov.ru/223fz/orderClauseList/1" xmlns:ns15="http://zakupki.gov.ru/223fz/complaint/1" xmlns:ns16="http://zakupki.gov.ru/223fz/missedNotice/1" xmlns:ns17="http://zakupki.gov.ru/223fz/notificationIssue/1" xmlns:ns18="http://zakupki.gov.ru/223fz/purchasePlanProject/1" xmlns:ns19="http://zakupki.gov.ru/223fz/webRequest/1" xmlns:ns2="http://zakupki.gov.ru/223fz/contract/1" xmlns:xsi="http://www.w3.org/2001/XMLSchema-instance" xmlns:ns3="http://zakupki.gov.ru/223fz/dishonestSupplier/1" xmlns:ns4="http://zakupki.gov.ru/223fz/decisionSuspension/1" xmlns:ns5="http://zakupki.gov.ru/223fz/purchasePlanAdditionalPosition/1" xmlns:ns6="http://zakupki.gov.ru/223fz/purchasePlan/1" xmlns:ns7="http://zakupki.gov.ru/223fz/purchasePlanProjectAdditionalPosition/1" xmlns:ns8="http://zakupki.gov.ru/223fz/reference/1" xmlns:ns9="http://zakupki.gov.ru/223fz/stopCommodity/1">
    <header>
        <guid>4c4a4563-814c-4a13-a568-7583a1b1c150</guid>
        <createDateTime>2017-03-30T14:12:25</createDateTime>
    </header>
    <ns2:body>
        <ns2:item>
            <guid>e7a4fff7-dbdd-49fa-a853-e8fd8b526f08</guid>
            <ns2:performanceContractData>
                <ns2:guid>8d008236-babd-44b8-a153-6337e962dd2d</ns2:guid>
                <ns2:registrationNumber>56671163413170003700003</ns2:registrationNumber>
                <ns2:urlOOS>https://zakupki.gov.ru/223/contract/private/completing/info/view.html?id=2667220</ns2:urlOOS>
                <ns2:createDateTime>2017-02-07T11:53:32</ns2:createDateTime>
                <ns2:customer>
                    <mainInfo>
                        <fullName>Открытое акционерное общество "Межрегиональная распределительная сетевая компания Урала"</fullName>
                        <shortName>ОАО "МРСК Урала"</shortName>
                        <iko>56671163413667201001</iko>
                        <inn>6671163413</inn>
                        <kpp>667201001</kpp>
                        <ogrn>1056604000970</ogrn>
                        <legalAddress>620026, Свердловская, Екатеринбург, Мамина-Сибиряка, дом 140</legalAddress>
                        <postalAddress>620026, Свердловская область, Екатеринбург, Мамина-Сибиряка, дом 140 </postalAddress>
                        <phone>7-343-2152600</phone>
                        <fax>7-343-2152661</fax>
                        <email>mrsk@mrsk-ural.ru</email>
                        <okato>65401000000</okato>
                        <okpo>76507836</okpo>
                    </mainInfo>
                </ns2:customer>
                <ns2:placer>
                    <mainInfo>
                        <fullName>Открытое акционерное общество "Межрегиональная распределительная сетевая компания Урала"</fullName>
                        <shortName>ОАО "МРСК Урала"</shortName>
                        <iko>56671163413667201001</iko>
                        <inn>6671163413</inn>
                        <kpp>667201001</kpp>
                        <ogrn>1056604000970</ogrn>
                        <legalAddress>620026, Свердловская, Екатеринбург, Мамина-Сибиряка, дом 140</legalAddress>
                        <postalAddress>620026, Свердловская область, Екатеринбург, Мамина-Сибиряка, дом 140 </postalAddress>
                        <phone>7-343-2152600</phone>
                        <fax>7-343-2152661</fax>
                        <email>mrsk@mrsk-ural.ru</email>
                        <okato>65401000000</okato>
                        <okpo>76507836</okpo>
                    </mainInfo>
                </ns2:placer>
                <ns2:publicationDate>2017-03-30T14:12:25</ns2:publicationDate>
                <ns2:status>P</ns2:status>
                <ns2:version>1</ns2:version>
                <ns2:completed>false</ns2:completed>
                <ns2:attachments>
                    <totalDocumentsCount>6</totalDocumentsCount>
                    <document>
                        <guid>96a82447-64e0-4695-ab53-d5d7e983cb16</guid>
                        <createDateTime>2017-03-30T14:11:48</createDateTime>
                        <fileName>ЧГЭС_08.02.17_20.03.17_7434,00.pdf</fileName>
                        <description>ЧГЭС_08.02.17_20.03.17_7434,00</description>
                        <url>https://zakupki.gov.ru/223/contract/private/download/download.html?id=11738272</url>
                        <registrationNumber>56671163413170003700004</registrationNumber>
                    </document>
                    <document>
                        <guid>9f828ee7-1c4a-4c3c-b174-0d548305dc03</guid>
                        <createDateTime>2017-03-30T14:11:16</createDateTime>
                        <fileName>МЭС_08.02.17_06.03.17_50504,00.pdf</fileName>
                        <description>МЭС_08.02.17_06.03.17_50504,00</description>
                        <url>https://zakupki.gov.ru/223/contract/private/download/download.html?id=11738244</url>
                        <registrationNumber>56671163413170003700005</registrationNumber>
                    </document>
                    <document>
                        <guid>34b8bd2c-216e-4e29-8715-eec617c8662e</guid>
                        <createDateTime>2017-03-30T14:11:34</createDateTime>
                        <fileName>ЦЭС 10.02.17_22.03.17_879041.00.pdf</fileName>
                        <description>ЦЭС 10.02.17_22.03.17_879041.00</description>
                        <url>https://zakupki.gov.ru/223/contract/private/download/download.html?id=11738261</url>
                        <registrationNumber>56671163413170003700006</registrationNumber>
                    </document>
                    <document>
                        <guid>a24e9fa3-8905-4688-b669-f05ac88bdb64</guid>
                        <createDateTime>2017-03-30T14:11:23</createDateTime>
                        <fileName>ТЭС_08.02.17_06.03.17_27848,00.pdf</fileName>
                        <description>ТЭС_08.02.17_06.03.17_27848,00</description>
                        <url>https://zakupki.gov.ru/223/contract/private/download/download.html?id=11738246</url>
                        <registrationNumber>56671163413170003700007</registrationNumber>
                    </document>
                    <document>
                        <guid>ab03bdd1-40e5-4309-824e-e7092086d422</guid>
                        <createDateTime>2017-03-30T14:11:07</createDateTime>
                        <fileName>ЗЭС_14.02.17_13.03.17_93102,00.pdf</fileName>
                        <description>ЗЭС_14.02.17_13.03.17_93102,00</description>
                        <url>https://zakupki.gov.ru/223/contract/private/download/download.html?id=11738230</url>
                        <registrationNumber>56671163413170003700008</registrationNumber>
                    </document>
                    <document>
                        <guid>6f706897-9a65-4312-b49c-c512c972aee3</guid>
                        <createDateTime>2017-03-30T14:11:41</createDateTime>
                        <fileName>ЧГЭС_08.02.17_15.03.17_14.042,00.pdf</fileName>
                        <description>ЧГЭС_08.02.17_15.03.17_14.042,00</description>
                        <url>https://zakupki.gov.ru/223/contract/private/download/download.html?id=11738267</url>
                        <registrationNumber>56671163413170003700009</registrationNumber>
                    </document>
                </ns2:attachments>
                <ns2:hasPenalty>false</ns2:hasPenalty>
                <ns2:contractRegNumber>56671163413170003700000</ns2:contractRegNumber>
                <ns2:contractInfo>
                    <ns2:guid>3a7fc783-2a10-4309-b2a8-85ad89cebeb2</ns2:guid>
                    <ns2:agencyName>ОАО "МРСК Урала"</ns2:agencyName>
                    <ns2:supplierName>ЗАКРЫТОЕ АКЦИОНЕРНОЕ ОБЩЕСТВО " ЧЕБОКСАРСКИЙ ЭЛЕКТРОАППАРАТ "</ns2:supplierName>
                    <ns2:lotInfo>Право заключения договора на поставку устройств РЗА для  выполнения ремонтной и инвестиционной программы филиала ОАО «МРСК Урала» - «Челябэнерго» в 2017  году.</ns2:lotInfo>
                    <ns2:contractDate>2017-02-03</ns2:contractDate>
                </ns2:contractInfo>
                <ns2:positions>
                    <ns2:position>
                        <ns2:ordinal>1</ns2:ordinal>
                        <ns2:paymentDate>2017-03-13</ns2:paymentDate>
                        <ns2:price>93102</ns2:price>
                        <ns2:currency>
                            <code>RUB</code>
                            <digitalCode>643</digitalCode>
                            <name>Российский рубль</name>
                        </ns2:currency>
                        <ns2:rubPrice>93102</ns2:rubPrice>
                        <ns2:prepaid>false</ns2:prepaid>
                        <ns2:docs>
                            <ns2:doc>
                                <ns2:ordinal>1</ns2:ordinal>
                                <ns2:code>01</ns2:code>
                                <ns2:name>товарная накладная</ns2:name>
                                <ns2:contractPosition>
                                    <ns2:guid>845a47e5-9943-4279-9612-248efa706c24</ns2:guid>
                                    <ns2:name>Реле управления промежуточные</ns2:name>
                                    <ns2:okpd2>
                                        <code>27.12.24.110</code>
                                        <name>Реле управления промежуточные</name>
                                    </ns2:okpd2>
                                </ns2:contractPosition>
                                <ns2:okei>
                                    <code>642</code>
                                    <name>Единица</name>
                                </ns2:okei>
                                <ns2:qty>1</ns2:qty>
                            </ns2:doc>
                        </ns2:docs>
                    </ns2:position>
                    <ns2:position>
                        <ns2:ordinal>4</ns2:ordinal>
                        <ns2:paymentDate>2017-03-22</ns2:paymentDate>
                        <ns2:price>879041</ns2:price>
                        <ns2:currency>
                            <code>RUB</code>
                            <digitalCode>643</digitalCode>
                            <name>Российский рубль</name>
                        </ns2:currency>
                        <ns2:rubPrice>879041</ns2:rubPrice>
                        <ns2:prepaid>false</ns2:prepaid>
                        <ns2:docs>
                            <ns2:doc>
                                <ns2:ordinal>1</ns2:ordinal>
                                <ns2:code>01</ns2:code>
                                <ns2:name>товарная накладная</ns2:name>
                                <ns2:contractPosition>
                                    <ns2:guid>845a47e5-9943-4279-9612-248efa706c24</ns2:guid>
                                    <ns2:name>Реле управления промежуточные</ns2:name>
                                    <ns2:okpd2>
                                        <code>27.12.24.110</code>
                                        <name>Реле управления промежуточные</name>
                                    </ns2:okpd2>
                                </ns2:contractPosition>
                                <ns2:okei>
                                    <code>642</code>
                                    <name>Единица</name>
                                </ns2:okei>
                                <ns2:qty>1</ns2:qty>
                            </ns2:doc>
                        </ns2:docs>
                    </ns2:position>
                    <ns2:position>
                        <ns2:ordinal>5</ns2:ordinal>
                        <ns2:paymentDate>2017-03-15</ns2:paymentDate>
                        <ns2:price>14042</ns2:price>
                        <ns2:currency>
                            <code>RUB</code>
                            <digitalCode>643</digitalCode>
                            <name>Российский рубль</name>
                        </ns2:currency>
                        <ns2:rubPrice>14042</ns2:rubPrice>
                        <ns2:prepaid>false</ns2:prepaid>
                        <ns2:docs>
                            <ns2:doc>
                                <ns2:ordinal>1</ns2:ordinal>
                                <ns2:code>01</ns2:code>
                                <ns2:name>товарная накладная</ns2:name>
                                <ns2:contractPosition>
                                    <ns2:guid>845a47e5-9943-4279-9612-248efa706c24</ns2:guid>
                                    <ns2:name>Реле управления промежуточные</ns2:name>
                                    <ns2:okpd2>
                                        <code>27.12.24.110</code>
                                        <name>Реле управления промежуточные</name>
                                    </ns2:okpd2>
                                </ns2:contractPosition>
                                <ns2:okei>
                                    <code>642</code>
                                    <name>Единица</name>
                                </ns2:okei>
                                <ns2:qty>1</ns2:qty>
                            </ns2:doc>
                        </ns2:docs>
                    </ns2:position>
                    <ns2:position>
                        <ns2:ordinal>3</ns2:ordinal>
                        <ns2:paymentDate>2017-03-06</ns2:paymentDate>
                        <ns2:price>27848</ns2:price>
                        <ns2:currency>
                            <code>RUB</code>
                            <digitalCode>643</digitalCode>
                            <name>Российский рубль</name>
                        </ns2:currency>
                        <ns2:rubPrice>27848</ns2:rubPrice>
                        <ns2:prepaid>false</ns2:prepaid>
                        <ns2:docs>
                            <ns2:doc>
                                <ns2:ordinal>1</ns2:ordinal>
                                <ns2:code>01</ns2:code>
                                <ns2:name>товарная накладная</ns2:name>
                                <ns2:contractPosition>
                                    <ns2:guid>845a47e5-9943-4279-9612-248efa706c24</ns2:guid>
                                    <ns2:name>Реле управления промежуточные</ns2:name>
                                    <ns2:okpd2>
                                        <code>27.12.24.110</code>
                                        <name>Реле управления промежуточные</name>
                                    </ns2:okpd2>
                                </ns2:contractPosition>
                                <ns2:okei>
                                    <code>642</code>
                                    <name>Единица</name>
                                </ns2:okei>
                                <ns2:qty>1</ns2:qty>
                            </ns2:doc>
                        </ns2:docs>
                    </ns2:position>
                    <ns2:position>
                        <ns2:ordinal>6</ns2:ordinal>
                        <ns2:paymentDate>2017-03-20</ns2:paymentDate>
                        <ns2:price>7434</ns2:price>
                        <ns2:currency>
                            <code>RUB</code>
                            <digitalCode>643</digitalCode>
                            <name>Российский рубль</name>
                        </ns2:currency>
                        <ns2:rubPrice>7434</ns2:rubPrice>
                        <ns2:prepaid>false</ns2:prepaid>
                        <ns2:docs>
                            <ns2:doc>
                                <ns2:ordinal>1</ns2:ordinal>
                                <ns2:code>01</ns2:code>
                                <ns2:name>товарная накладная</ns2:name>
                                <ns2:contractPosition>
                                    <ns2:guid>845a47e5-9943-4279-9612-248efa706c24</ns2:guid>
                                    <ns2:name>Реле управления промежуточные</ns2:name>
                                    <ns2:okpd2>
                                        <code>27.12.24.110</code>
                                        <name>Реле управления промежуточные</name>
                                    </ns2:okpd2>
                                </ns2:contractPosition>
                                <ns2:okei>
                                    <code>642</code>
                                    <name>Единица</name>
                                </ns2:okei>
                                <ns2:qty>1</ns2:qty>
                            </ns2:doc>
                        </ns2:docs>
                    </ns2:position>
                    <ns2:position>
                        <ns2:ordinal>2</ns2:ordinal>
                        <ns2:paymentDate>2017-03-06</ns2:paymentDate>
                        <ns2:price>50504</ns2:price>
                        <ns2:currency>
                            <code>RUB</code>
                            <digitalCode>643</digitalCode>
                            <name>Российский рубль</name>
                        </ns2:currency>
                        <ns2:rubPrice>50504</ns2:rubPrice>
                        <ns2:prepaid>false</ns2:prepaid>
                        <ns2:docs>
                            <ns2:doc>
                                <ns2:ordinal>1</ns2:ordinal>
                                <ns2:code>01</ns2:code>
                                <ns2:name>товарная накладная</ns2:name>
                                <ns2:contractPosition>
                                    <ns2:guid>845a47e5-9943-4279-9612-248efa706c24</ns2:guid>
                                    <ns2:name>Реле управления промежуточные</ns2:name>
                                    <ns2:okpd2>
                                        <code>27.12.24.110</code>
                                        <name>Реле управления промежуточные</name>
                                    </ns2:okpd2>
                                </ns2:contractPosition>
                                <ns2:okei>
                                    <code>642</code>
                                    <name>Единица</name>
                                </ns2:okei>
                                <ns2:qty>1</ns2:qty>
                            </ns2:doc>
                        </ns2:docs>
                    </ns2:position>
                    <ns2:total>1071971</ns2:total>
                </ns2:positions>
            </ns2:performanceContractData>
        </ns2:item>
    </ns2:body>
</ns2:performanceContract>
