<?xml version="1.0" encoding="UTF-8" standalone="yes"?>
<ns2:contractCancellation xsi:schemaLocation="http://zakupki.gov.ru/223/integration/schema/TFF-5.2 http://zakupki.gov.ru/223/integration/schema/TFF-5.2/Types.xsd" xmlns="http://zakupki.gov.ru/223fz/types/1" xmlns:ns10="http://zakupki.gov.ru/223fz/disagreementProtocol/1" xmlns:ns11="http://zakupki.gov.ru/223fz/purchase/1" xmlns:ns12="http://zakupki.gov.ru/223fz/machineryListInfo/1" xmlns:ns13="http://zakupki.gov.ru/223fz/revenue/1" xmlns:ns14="http://zakupki.gov.ru/223fz/orderClauseList/1" xmlns:ns15="http://zakupki.gov.ru/223fz/complaint/1" xmlns:ns16="http://zakupki.gov.ru/223fz/missedNotice/1" xmlns:ns17="http://zakupki.gov.ru/223fz/notificationIssue/1" xmlns:ns18="http://zakupki.gov.ru/223fz/purchasePlanProject/1" xmlns:ns19="http://zakupki.gov.ru/223fz/webRequest/1" xmlns:ns2="http://zakupki.gov.ru/223fz/contract/1" xmlns:xsi="http://www.w3.org/2001/XMLSchema-instance" xmlns:ns3="http://zakupki.gov.ru/223fz/dishonestSupplier/1" xmlns:ns4="http://zakupki.gov.ru/223fz/decisionSuspension/1" xmlns:ns5="http://zakupki.gov.ru/223fz/purchasePlanAdditionalPosition/1" xmlns:ns6="http://zakupki.gov.ru/223fz/purchasePlan/1" xmlns:ns7="http://zakupki.gov.ru/223fz/purchasePlanProjectAdditionalPosition/1" xmlns:ns8="http://zakupki.gov.ru/223fz/reference/1" xmlns:ns9="http://zakupki.gov.ru/223fz/stopCommodity/1">
    <header>
        <guid>2bd55b81-1b7f-4519-a5f9-1aa1c6088d65</guid>
        <createDateTime>2017-03-30T12:17:28</createDateTime>
    </header>
    <ns2:body>
        <ns2:item>
            <guid>3f0f0864-8ddd-4e66-bcb9-80ce941f894d</guid>
            <ns2:contractCancellationData>
                <ns2:guid>d679d91c-81b1-4cf2-8857-8ec9d6d1f976</ns2:guid>
                <ns2:registrationNumber>56658035885150001230003</ns2:registrationNumber>
                <ns2:urlOOS>https://zakupki.gov.ru/223/contract/private/completing/info/view.html?id=2665885</ns2:urlOOS>
                <ns2:createDateTime>2017-03-30T12:17:15</ns2:createDateTime>
                <ns2:customer>
                    <mainInfo>
                        <fullName>МУНИЦИПАЛЬНОЕ АВТОНОМНОЕ УЧРЕЖДЕНИЕ "ДЕТСКАЯ ГОРОДСКАЯ КЛИНИЧЕСКАЯ БОЛЬНИЦА № 11"</fullName>
                        <shortName>МАУ "ДГКБ № 11"</shortName>
                        <iko>56658035885665801001</iko>
                        <inn>6658035885</inn>
                        <kpp>665801001</kpp>
                        <ogrn>1036602641800</ogrn>
                        <legalAddress>620028, Свердловская, Екатеринбург, Нагорная, дом 48</legalAddress>
                        <postalAddress>620028, Свердловская, Екатеринбург, Нагорная, дом 48</postalAddress>
                        <phone>7-343-3827511</phone>
                        <email>3827511@mail.ru</email>
                        <okato>65401364000</okato>
                        <okpo>25042270</okpo>
                    </mainInfo>
                </ns2:customer>
                <ns2:placer>
                    <mainInfo>
                        <fullName>МУНИЦИПАЛЬНОЕ АВТОНОМНОЕ УЧРЕЖДЕНИЕ "ДЕТСКАЯ ГОРОДСКАЯ КЛИНИЧЕСКАЯ БОЛЬНИЦА № 11"</fullName>
                        <shortName>МАУ "ДГКБ № 11"</shortName>
                        <iko>56658035885665801001</iko>
                        <inn>6658035885</inn>
                        <kpp>665801001</kpp>
                        <ogrn>1036602641800</ogrn>
                        <legalAddress>620028, Свердловская, Екатеринбург, Нагорная, дом 48</legalAddress>
                        <postalAddress>620028, Свердловская, Екатеринбург, Нагорная, дом 48</postalAddress>
                        <phone>7-343-3827511</phone>
                        <email>3827511@mail.ru</email>
                        <okato>65401364000</okato>
                        <okpo>25042270</okpo>
                    </mainInfo>
                </ns2:placer>
                <ns2:publicationDate>2017-03-30T12:17:28</ns2:publicationDate>
                <ns2:status>P</ns2:status>
                <ns2:version>1</ns2:version>
                <ns2:attachments>
                    <totalDocumentsCount>1</totalDocumentsCount>
                    <document>
                        <guid>489a204a-900e-4251-8ce7-cca60e4e7419</guid>
                        <createDateTime>2017-03-30T12:17:08</createDateTime>
                        <fileName>ЛАБИРИНТ 31502761355 согл..pdf</fileName>
                        <description>ЛАБИРИНТ 31502761355 согл.</description>
                        <url>https://zakupki.gov.ru/223/contract/private/download/download.html?id=11731370</url>
                        <registrationNumber>56658035885150001230004</registrationNumber>
                    </document>
                </ns2:attachments>
                <ns2:hasPenalty>false</ns2:hasPenalty>
                <ns2:contractRegNumber>56658035885150001230000</ns2:contractRegNumber>
                <ns2:contractInfo>
                    <ns2:guid>93a0c4bb-b208-48d3-9f13-2d74477929ed</ns2:guid>
                    <ns2:name>31502761355</ns2:name>
                    <ns2:agencyName>МАУ "ДГКБ № 11"</ns2:agencyName>
                    <ns2:supplierName>Общество с ограниченной ответственностью "Лабиринт"</ns2:supplierName>
                    <ns2:lotInfo>Поставка рыбной продукции  и изделий из рыбы для МАУ «ДГКБ № 11» </ns2:lotInfo>
                    <ns2:contractDate>2015-09-30</ns2:contractDate>
                </ns2:contractInfo>
                <ns2:baseContractCancellationCode>1</ns2:baseContractCancellationCode>
                <ns2:baseContractCancellationName>Соглашение сторон</ns2:baseContractCancellationName>
                <ns2:baseRejectionDocCode>11</ns2:baseRejectionDocCode>
                <ns2:baseRejectionDocName>Дополнительное соглашение к договору</ns2:baseRejectionDocName>
                <ns2:completionDate>2017-03-28T00:00:00</ns2:completionDate>
                <ns2:baseRejectionDocNum>1</ns2:baseRejectionDocNum>
                <ns2:baseRejectionDocDate>2017-03-28</ns2:baseRejectionDocDate>
            </ns2:contractCancellationData>
        </ns2:item>
    </ns2:body>
</ns2:contractCancellation>
