<?xml version="1.0" encoding="UTF-8" standalone="yes"?>
<ns2:performanceContract xsi:schemaLocation="http://zakupki.gov.ru/223/integration/schema/TFF-5.2 http://zakupki.gov.ru/223/integration/schema/TFF-5.2/Types.xsd" xmlns="http://zakupki.gov.ru/223fz/types/1" xmlns:ns10="http://zakupki.gov.ru/223fz/disagreementProtocol/1" xmlns:ns11="http://zakupki.gov.ru/223fz/purchase/1" xmlns:ns12="http://zakupki.gov.ru/223fz/machineryListInfo/1" xmlns:ns13="http://zakupki.gov.ru/223fz/revenue/1" xmlns:ns14="http://zakupki.gov.ru/223fz/orderClauseList/1" xmlns:ns15="http://zakupki.gov.ru/223fz/complaint/1" xmlns:ns16="http://zakupki.gov.ru/223fz/missedNotice/1" xmlns:ns17="http://zakupki.gov.ru/223fz/notificationIssue/1" xmlns:ns18="http://zakupki.gov.ru/223fz/purchasePlanProject/1" xmlns:ns19="http://zakupki.gov.ru/223fz/webRequest/1" xmlns:ns2="http://zakupki.gov.ru/223fz/contract/1" xmlns:xsi="http://www.w3.org/2001/XMLSchema-instance" xmlns:ns3="http://zakupki.gov.ru/223fz/dishonestSupplier/1" xmlns:ns4="http://zakupki.gov.ru/223fz/decisionSuspension/1" xmlns:ns5="http://zakupki.gov.ru/223fz/purchasePlanAdditionalPosition/1" xmlns:ns6="http://zakupki.gov.ru/223fz/purchasePlan/1" xmlns:ns7="http://zakupki.gov.ru/223fz/purchasePlanProjectAdditionalPosition/1" xmlns:ns8="http://zakupki.gov.ru/223fz/reference/1" xmlns:ns9="http://zakupki.gov.ru/223fz/stopCommodity/1">
    <header>
        <guid>f3336e61-e424-423a-9dd5-4e558debf4dd</guid>
        <createDateTime>2017-03-30T14:05:01</createDateTime>
    </header>
    <ns2:body>
        <ns2:item>
            <guid>a1446840-9495-42fb-b575-0000eaa3c09c</guid>
            <ns2:performanceContractData>
                <ns2:guid>35395a08-fbaa-48c9-bfd1-2e509c8a0a2c</ns2:guid>
                <ns2:registrationNumber>86660008381160000520006</ns2:registrationNumber>
                <ns2:urlOOS>https://zakupki.gov.ru/223/contract/private/completing/info/view.html?id=2667094</ns2:urlOOS>
                <ns2:createDateTime>2017-03-10T12:36:53</ns2:createDateTime>
                <ns2:customer>
                    <mainInfo>
                        <fullName>ФЕДЕРАЛЬНОЕ ГОСУДАРСТВЕННОЕ БЮДЖЕТНОЕ УЧРЕЖДЕНИЕ НАУКИ ИНСТИТУТ ФИЗИКИ МЕТАЛЛОВ ИМЕНИ М.Н. МИХЕЕВА УРАЛЬСКОГО ОТДЕЛЕНИЯ РОССИЙСКОЙ АКАДЕМИИ НАУК</fullName>
                        <shortName>ИФМ УРО РАН</shortName>
                        <iko>86660008381667001001</iko>
                        <inn>6660008381</inn>
                        <kpp>667001001</kpp>
                        <ogrn>1026604945245</ogrn>
                        <legalAddress>620137, обл СВЕРДЛОВСКАЯ, г ЕКАТЕРИНБУРГ, ул СОФЬИ КОВАЛЕВСКОЙ, дом 18</legalAddress>
                        <postalAddress>620990, г. Екатеринбург, ул. Софьи Ковалевской, д. 18</postalAddress>
                        <phone>7-343-3783524</phone>
                        <email>physics@imp.uran.ru</email>
                        <okato>65401373000</okato>
                        <okpo>02699915</okpo>
                    </mainInfo>
                </ns2:customer>
                <ns2:placer>
                    <mainInfo>
                        <fullName>ФЕДЕРАЛЬНОЕ ГОСУДАРСТВЕННОЕ БЮДЖЕТНОЕ УЧРЕЖДЕНИЕ НАУКИ ИНСТИТУТ ФИЗИКИ МЕТАЛЛОВ ИМЕНИ М.Н. МИХЕЕВА УРАЛЬСКОГО ОТДЕЛЕНИЯ РОССИЙСКОЙ АКАДЕМИИ НАУК</fullName>
                        <shortName>ИФМ УРО РАН</shortName>
                        <iko>86660008381667001001</iko>
                        <inn>6660008381</inn>
                        <kpp>667001001</kpp>
                        <ogrn>1026604945245</ogrn>
                        <legalAddress>620137, обл СВЕРДЛОВСКАЯ, г ЕКАТЕРИНБУРГ, ул СОФЬИ КОВАЛЕВСКОЙ, дом 18</legalAddress>
                        <postalAddress>620990, г. Екатеринбург, ул. Софьи Ковалевской, д. 18</postalAddress>
                        <phone>7-343-3783524</phone>
                        <email>physics@imp.uran.ru</email>
                        <okato>65401373000</okato>
                        <okpo>02699915</okpo>
                    </mainInfo>
                </ns2:placer>
                <ns2:publicationDate>2017-03-30T14:05:01</ns2:publicationDate>
                <ns2:status>P</ns2:status>
                <ns2:version>1</ns2:version>
                <ns2:completed>true</ns2:completed>
                <ns2:attachments>
                    <totalDocumentsCount>2</totalDocumentsCount>
                    <document>
                        <guid>1da79859-653c-472a-8aef-c003df3e3cca</guid>
                        <createDateTime>2017-03-30T14:04:08</createDateTime>
                        <fileName>Товарная накладная № 1159.pdf</fileName>
                        <description>Товарная накладная № 1159</description>
                        <url>https://zakupki.gov.ru/223/contract/private/download/download.html?id=11737800</url>
                        <registrationNumber>86660008381160000520007</registrationNumber>
                    </document>
                    <document>
                        <guid>48727867-d8dc-4ca0-9019-bb68218ea056</guid>
                        <createDateTime>2017-03-30T14:03:57</createDateTime>
                        <fileName>Платежное поручение № 410845.pdf</fileName>
                        <description>Платежное поручение № 410845</description>
                        <url>https://zakupki.gov.ru/223/contract/private/download/download.html?id=11737788</url>
                        <registrationNumber>86660008381160000520008</registrationNumber>
                    </document>
                </ns2:attachments>
                <ns2:hasPenalty>false</ns2:hasPenalty>
                <ns2:contractRegNumber>86660008381160000520000</ns2:contractRegNumber>
                <ns2:contractInfo>
                    <ns2:guid>5deecf10-0e22-47c7-a741-2a3545dc9593</ns2:guid>
                    <ns2:name>445-вб/16</ns2:name>
                    <ns2:agencyName>ИФМ УРО РАН</ns2:agencyName>
                    <ns2:supplierName>ОБЩЕСТВО С ОГРАНИЧЕННОЙ ОТВЕТСТВЕННОСТЬЮ "ОСТЕК-ИНТЕГРА"</ns2:supplierName>
                    <ns2:lotInfo>Поставка химических реактивов для электронной литографии</ns2:lotInfo>
                    <ns2:contractDate>2016-12-08</ns2:contractDate>
                </ns2:contractInfo>
                <ns2:positions>
                    <ns2:position>
                        <ns2:ordinal>2</ns2:ordinal>
                        <ns2:paymentDate>2017-03-30</ns2:paymentDate>
                        <ns2:price>0</ns2:price>
                        <ns2:currency>
                            <code>RUB</code>
                            <digitalCode>643</digitalCode>
                            <name>Российский рубль</name>
                        </ns2:currency>
                        <ns2:rubPrice>0</ns2:rubPrice>
                        <ns2:prepaid>false</ns2:prepaid>
                        <ns2:docs>
                            <ns2:doc>
                                <ns2:ordinal>1</ns2:ordinal>
                                <ns2:date>2017-03-30</ns2:date>
                                <ns2:code>01</ns2:code>
                                <ns2:name>товарная накладная</ns2:name>
                                <ns2:number>1159</ns2:number>
                                <ns2:contractPosition>
                                    <ns2:guid>d53a39b3-dbde-4c30-a820-754422bd971a</ns2:guid>
                                    <ns2:name>Реагенты сложные диагностические или лабораторные, не включенные в другие группировки</ns2:name>
                                    <ns2:okpd2>
                                        <code>20.59.52.190</code>
                                        <name>Реагенты сложные диагностические или лабораторные, не включенные в другие группировки</name>
                                    </ns2:okpd2>
                                </ns2:contractPosition>
                                <ns2:okei>
                                    <code>876</code>
                                    <name>Условная единица</name>
                                </ns2:okei>
                                <ns2:qty>1</ns2:qty>
                            </ns2:doc>
                        </ns2:docs>
                    </ns2:position>
                    <ns2:position>
                        <ns2:ordinal>1</ns2:ordinal>
                        <ns2:paymentDate>2016-12-14</ns2:paymentDate>
                        <ns2:price>141010</ns2:price>
                        <ns2:currency>
                            <code>RUB</code>
                            <digitalCode>643</digitalCode>
                            <name>Российский рубль</name>
                        </ns2:currency>
                        <ns2:rubPrice>141010</ns2:rubPrice>
                        <ns2:prepaid>true</ns2:prepaid>
                    </ns2:position>
                    <ns2:total>141010</ns2:total>
                </ns2:positions>
            </ns2:performanceContractData>
        </ns2:item>
    </ns2:body>
</ns2:performanceContract>
