<?xml version="1.0" encoding="UTF-8" standalone="yes"?>
<ns2:performanceContract xsi:schemaLocation="http://zakupki.gov.ru/223/integration/schema/TFF-5.2 http://zakupki.gov.ru/223/integration/schema/TFF-5.2/Types.xsd" xmlns="http://zakupki.gov.ru/223fz/types/1" xmlns:ns10="http://zakupki.gov.ru/223fz/disagreementProtocol/1" xmlns:ns11="http://zakupki.gov.ru/223fz/purchase/1" xmlns:ns12="http://zakupki.gov.ru/223fz/machineryListInfo/1" xmlns:ns13="http://zakupki.gov.ru/223fz/revenue/1" xmlns:ns14="http://zakupki.gov.ru/223fz/orderClauseList/1" xmlns:ns15="http://zakupki.gov.ru/223fz/complaint/1" xmlns:ns16="http://zakupki.gov.ru/223fz/missedNotice/1" xmlns:ns17="http://zakupki.gov.ru/223fz/notificationIssue/1" xmlns:ns18="http://zakupki.gov.ru/223fz/purchasePlanProject/1" xmlns:ns19="http://zakupki.gov.ru/223fz/webRequest/1" xmlns:ns2="http://zakupki.gov.ru/223fz/contract/1" xmlns:xsi="http://www.w3.org/2001/XMLSchema-instance" xmlns:ns3="http://zakupki.gov.ru/223fz/dishonestSupplier/1" xmlns:ns4="http://zakupki.gov.ru/223fz/decisionSuspension/1" xmlns:ns5="http://zakupki.gov.ru/223fz/purchasePlanAdditionalPosition/1" xmlns:ns6="http://zakupki.gov.ru/223fz/purchasePlan/1" xmlns:ns7="http://zakupki.gov.ru/223fz/purchasePlanProjectAdditionalPosition/1" xmlns:ns8="http://zakupki.gov.ru/223fz/reference/1" xmlns:ns9="http://zakupki.gov.ru/223fz/stopCommodity/1">
    <header>
        <guid>4c5ee863-6191-4aaa-b62f-cfbf80f73b9a</guid>
        <createDateTime>2017-03-30T12:38:52</createDateTime>
    </header>
    <ns2:body>
        <ns2:item>
            <guid>d9c16355-6202-4f78-9eda-e3c173abce17</guid>
            <ns2:performanceContractData>
                <ns2:guid>df83bcfc-e937-450b-badb-caa9f72d3848</ns2:guid>
                <ns2:registrationNumber>86660008159160002230003</ns2:registrationNumber>
                <ns2:urlOOS>https://zakupki.gov.ru/223/contract/private/completing/info/view.html?id=2666045</ns2:urlOOS>
                <ns2:createDateTime>2016-12-07T11:46:53</ns2:createDateTime>
                <ns2:customer>
                    <mainInfo>
                        <fullName>ФЕДЕРАЛЬНОЕ ГОСУДАРСТВЕННОЕ БЮДЖЕТНОЕ ОБРАЗОВАТЕЛЬНОЕ УЧРЕЖДЕНИЕ ВЫСШЕГО ОБРАЗОВАНИЯ "УРАЛЬСКИЙ ГОСУДАРСТВЕННЫЙ ЮРИДИЧЕСКИЙ УНИВЕРСИТЕТ"</fullName>
                        <shortName>ФГБОУ ВО "УРАЛЬСКИЙ ГОСУДАРСТВЕННЫЙ ЮРИДИЧЕСКИЙ УНИВЕРСИТЕТ", ФГБОУ ВО "УРГЮУ", УРГЮУ</shortName>
                        <iko>86660008159667001001</iko>
                        <inn>6660008159</inn>
                        <kpp>667001001</kpp>
                        <ogrn>1026604932860</ogrn>
                        <legalAddress>620137, ОБЛ СВЕРДЛОВСКАЯ, Г ЕКАТЕРИНБУРГ, УЛ КОМСОМОЛЬСКАЯ, дом 21</legalAddress>
                        <postalAddress>Российская Федерация, 620137, Свердловская обл, Екатеринбург г, Комсомольская, 21, -</postalAddress>
                        <phone>7-343-3746235</phone>
                        <fax>7-343-3746235</fax>
                        <email>zakupki@usla.ru</email>
                        <okato>65401000000</okato>
                        <okpo>02069220</okpo>
                    </mainInfo>
                </ns2:customer>
                <ns2:placer>
                    <mainInfo>
                        <fullName>ФЕДЕРАЛЬНОЕ ГОСУДАРСТВЕННОЕ БЮДЖЕТНОЕ ОБРАЗОВАТЕЛЬНОЕ УЧРЕЖДЕНИЕ ВЫСШЕГО ОБРАЗОВАНИЯ "УРАЛЬСКИЙ ГОСУДАРСТВЕННЫЙ ЮРИДИЧЕСКИЙ УНИВЕРСИТЕТ"</fullName>
                        <shortName>ФГБОУ ВО "УРАЛЬСКИЙ ГОСУДАРСТВЕННЫЙ ЮРИДИЧЕСКИЙ УНИВЕРСИТЕТ", ФГБОУ ВО "УРГЮУ", УРГЮУ</shortName>
                        <iko>86660008159667001001</iko>
                        <inn>6660008159</inn>
                        <kpp>667001001</kpp>
                        <ogrn>1026604932860</ogrn>
                        <legalAddress>620137, ОБЛ СВЕРДЛОВСКАЯ, Г ЕКАТЕРИНБУРГ, УЛ КОМСОМОЛЬСКАЯ, дом 21</legalAddress>
                        <postalAddress>Российская Федерация, 620137, Свердловская обл, Екатеринбург г, Комсомольская, 21, -</postalAddress>
                        <phone>7-343-3746235</phone>
                        <fax>7-343-3746235</fax>
                        <email>zakupki@usla.ru</email>
                        <okato>65401000000</okato>
                        <okpo>02069220</okpo>
                    </mainInfo>
                </ns2:placer>
                <ns2:publicationDate>2017-03-30T12:38:52</ns2:publicationDate>
                <ns2:status>P</ns2:status>
                <ns2:version>1</ns2:version>
                <ns2:completed>false</ns2:completed>
                <ns2:attachments>
                    <totalDocumentsCount>1</totalDocumentsCount>
                    <document>
                        <guid>441925f8-6766-4a91-9366-75304d7e3cf4</guid>
                        <createDateTime>2017-03-30T12:38:35</createDateTime>
                        <fileName>83Z.rar</fileName>
                        <description>83Z</description>
                        <url>https://zakupki.gov.ru/223/contract/private/download/download.html?id=11732713</url>
                        <registrationNumber>86660008159160002230004</registrationNumber>
                    </document>
                </ns2:attachments>
                <ns2:hasPenalty>false</ns2:hasPenalty>
                <ns2:contractRegNumber>86660008159160002230000</ns2:contractRegNumber>
                <ns2:contractInfo>
                    <ns2:guid>93226312-4850-4c87-b7b4-23a8bd64ad46</ns2:guid>
                    <ns2:name>83Z</ns2:name>
                    <ns2:agencyName>ФГБОУ ВО "УРАЛЬСКИЙ ГОСУДАРСТВЕННЫЙ ЮРИДИЧЕСКИЙ УНИВЕРСИТЕТ", ФГБОУ ВО "УРГЮУ", УРГЮУ</ns2:agencyName>
                    <ns2:supplierName>Фраас Екатерина Викторовна</ns2:supplierName>
                    <ns2:lotInfo>Поставка масла подсолнечного (наименования, характеристики, количество товара в соответствии с прикрепленным извещением о проведении запроса котировок в электронной форме)</ns2:lotInfo>
                    <ns2:contractDate>2016-12-07</ns2:contractDate>
                </ns2:contractInfo>
                <ns2:positions>
                    <ns2:position>
                        <ns2:ordinal>2</ns2:ordinal>
                        <ns2:paymentDate>2017-03-13</ns2:paymentDate>
                        <ns2:price>23664</ns2:price>
                        <ns2:currency>
                            <code>RUB</code>
                            <digitalCode>643</digitalCode>
                            <name>Российский рубль</name>
                        </ns2:currency>
                        <ns2:rubPrice>23664</ns2:rubPrice>
                        <ns2:prepaid>false</ns2:prepaid>
                        <ns2:docs>
                            <ns2:doc>
                                <ns2:ordinal>1</ns2:ordinal>
                                <ns2:date>2017-02-27</ns2:date>
                                <ns2:code>01</ns2:code>
                                <ns2:name>товарная накладная</ns2:name>
                                <ns2:number>15225</ns2:number>
                                <ns2:contractPosition>
                                    <ns2:guid>c3256a1a-56a4-4ccf-96c4-7ba7f311d235</ns2:guid>
                                    <ns2:name>Масла и жиры животные и растительные</ns2:name>
                                    <ns2:okpd2>
                                        <code>10.4</code>
                                        <name>Масла и жиры животные и растительные</name>
                                    </ns2:okpd2>
                                </ns2:contractPosition>
                                <ns2:okei>
                                    <code>876</code>
                                    <name>Условная единица</name>
                                </ns2:okei>
                                <ns2:qty>1</ns2:qty>
                            </ns2:doc>
                        </ns2:docs>
                    </ns2:position>
                    <ns2:position>
                        <ns2:ordinal>4</ns2:ordinal>
                        <ns2:paymentDate>2017-03-29</ns2:paymentDate>
                        <ns2:price>59160</ns2:price>
                        <ns2:currency>
                            <code>RUB</code>
                            <digitalCode>643</digitalCode>
                            <name>Российский рубль</name>
                        </ns2:currency>
                        <ns2:rubPrice>59160</ns2:rubPrice>
                        <ns2:prepaid>false</ns2:prepaid>
                        <ns2:docs>
                            <ns2:doc>
                                <ns2:ordinal>1</ns2:ordinal>
                                <ns2:date>2017-03-15</ns2:date>
                                <ns2:code>01</ns2:code>
                                <ns2:name>товарная накладная</ns2:name>
                                <ns2:number>19866</ns2:number>
                                <ns2:contractPosition>
                                    <ns2:guid>c3256a1a-56a4-4ccf-96c4-7ba7f311d235</ns2:guid>
                                    <ns2:name>Масла и жиры животные и растительные</ns2:name>
                                    <ns2:okpd2>
                                        <code>10.4</code>
                                        <name>Масла и жиры животные и растительные</name>
                                    </ns2:okpd2>
                                </ns2:contractPosition>
                                <ns2:okei>
                                    <code>876</code>
                                    <name>Условная единица</name>
                                </ns2:okei>
                                <ns2:qty>1</ns2:qty>
                            </ns2:doc>
                        </ns2:docs>
                    </ns2:position>
                    <ns2:position>
                        <ns2:ordinal>3</ns2:ordinal>
                        <ns2:paymentDate>2017-03-24</ns2:paymentDate>
                        <ns2:price>23664</ns2:price>
                        <ns2:currency>
                            <code>RUB</code>
                            <digitalCode>643</digitalCode>
                            <name>Российский рубль</name>
                        </ns2:currency>
                        <ns2:rubPrice>23664</ns2:rubPrice>
                        <ns2:prepaid>false</ns2:prepaid>
                        <ns2:docs>
                            <ns2:doc>
                                <ns2:ordinal>1</ns2:ordinal>
                                <ns2:date>2017-03-18</ns2:date>
                                <ns2:code>01</ns2:code>
                                <ns2:name>товарная накладная</ns2:name>
                                <ns2:number>21036</ns2:number>
                                <ns2:contractPosition>
                                    <ns2:guid>c3256a1a-56a4-4ccf-96c4-7ba7f311d235</ns2:guid>
                                    <ns2:name>Масла и жиры животные и растительные</ns2:name>
                                    <ns2:okpd2>
                                        <code>10.4</code>
                                        <name>Масла и жиры животные и растительные</name>
                                    </ns2:okpd2>
                                </ns2:contractPosition>
                                <ns2:okei>
                                    <code>876</code>
                                    <name>Условная единица</name>
                                </ns2:okei>
                                <ns2:qty>1</ns2:qty>
                            </ns2:doc>
                        </ns2:docs>
                    </ns2:position>
                    <ns2:position>
                        <ns2:ordinal>1</ns2:ordinal>
                        <ns2:paymentDate>2017-02-09</ns2:paymentDate>
                        <ns2:price>23664</ns2:price>
                        <ns2:currency>
                            <code>RUB</code>
                            <digitalCode>643</digitalCode>
                            <name>Российский рубль</name>
                        </ns2:currency>
                        <ns2:rubPrice>23664</ns2:rubPrice>
                        <ns2:prepaid>false</ns2:prepaid>
                        <ns2:docs>
                            <ns2:doc>
                                <ns2:ordinal>1</ns2:ordinal>
                                <ns2:date>2017-02-01</ns2:date>
                                <ns2:code>01</ns2:code>
                                <ns2:name>товарная накладная</ns2:name>
                                <ns2:number>7876</ns2:number>
                                <ns2:contractPosition>
                                    <ns2:guid>c3256a1a-56a4-4ccf-96c4-7ba7f311d235</ns2:guid>
                                    <ns2:name>Масла и жиры животные и растительные</ns2:name>
                                    <ns2:okpd2>
                                        <code>10.4</code>
                                        <name>Масла и жиры животные и растительные</name>
                                    </ns2:okpd2>
                                </ns2:contractPosition>
                                <ns2:okei>
                                    <code>876</code>
                                    <name>Условная единица</name>
                                </ns2:okei>
                                <ns2:qty>1</ns2:qty>
                            </ns2:doc>
                        </ns2:docs>
                    </ns2:position>
                    <ns2:total>130152</ns2:total>
                </ns2:positions>
            </ns2:performanceContractData>
        </ns2:item>
    </ns2:body>
</ns2:performanceContract>
