<?xml version="1.0" encoding="UTF-8" standalone="yes"?>
<ns2:performanceContract xsi:schemaLocation="http://zakupki.gov.ru/223/integration/schema/TFF-5.2 http://zakupki.gov.ru/223/integration/schema/TFF-5.2/Types.xsd" xmlns="http://zakupki.gov.ru/223fz/types/1" xmlns:ns10="http://zakupki.gov.ru/223fz/disagreementProtocol/1" xmlns:ns11="http://zakupki.gov.ru/223fz/purchase/1" xmlns:ns12="http://zakupki.gov.ru/223fz/machineryListInfo/1" xmlns:ns13="http://zakupki.gov.ru/223fz/revenue/1" xmlns:ns14="http://zakupki.gov.ru/223fz/orderClauseList/1" xmlns:ns15="http://zakupki.gov.ru/223fz/complaint/1" xmlns:ns16="http://zakupki.gov.ru/223fz/missedNotice/1" xmlns:ns17="http://zakupki.gov.ru/223fz/notificationIssue/1" xmlns:ns18="http://zakupki.gov.ru/223fz/purchasePlanProject/1" xmlns:ns19="http://zakupki.gov.ru/223fz/webRequest/1" xmlns:ns2="http://zakupki.gov.ru/223fz/contract/1" xmlns:xsi="http://www.w3.org/2001/XMLSchema-instance" xmlns:ns3="http://zakupki.gov.ru/223fz/dishonestSupplier/1" xmlns:ns4="http://zakupki.gov.ru/223fz/decisionSuspension/1" xmlns:ns5="http://zakupki.gov.ru/223fz/purchasePlanAdditionalPosition/1" xmlns:ns6="http://zakupki.gov.ru/223fz/purchasePlan/1" xmlns:ns7="http://zakupki.gov.ru/223fz/purchasePlanProjectAdditionalPosition/1" xmlns:ns8="http://zakupki.gov.ru/223fz/reference/1" xmlns:ns9="http://zakupki.gov.ru/223fz/stopCommodity/1">
    <header>
        <guid>54227449-7826-4baa-8269-9775c78fad49</guid>
        <createDateTime>2017-03-30T13:38:15</createDateTime>
    </header>
    <ns2:body>
        <ns2:item>
            <guid>03f8ffaf-4a32-4074-b2b7-e27ebe437d9a</guid>
            <ns2:performanceContractData>
                <ns2:guid>29cff5ff-72af-469e-bc58-c4a552f74e02</ns2:guid>
                <ns2:registrationNumber>86660008631170000080066</ns2:registrationNumber>
                <ns2:urlOOS>https://zakupki.gov.ru/223/contract/private/completing/info/view.html?id=2666742</ns2:urlOOS>
                <ns2:createDateTime>2017-01-12T09:55:51</ns2:createDateTime>
                <ns2:customer>
                    <mainInfo>
                        <fullName>ФЕДЕРАЛЬНОЕ ГОСУДАРСТВЕННОЕ БЮДЖЕТНОЕ ОБРАЗОВАТЕЛЬНОЕ УЧРЕЖДЕНИЕ ВЫСШЕГО ОБРАЗОВАНИЯ "УРАЛЬСКИЙ ГОСУДАРСТВЕННЫЙ АГРАРНЫЙ УНИВЕРСИТЕТ"</fullName>
                        <shortName>ФГБОУ ВО УРАЛЬСКИЙ ГАУ</shortName>
                        <iko>86660008631667001001</iko>
                        <inn>6660008631</inn>
                        <kpp>667001001</kpp>
                        <ogrn>1036603485005</ogrn>
                        <legalAddress>620075, обл СВЕРДЛОВСКАЯ, г ЕКАТЕРИНБУРГ, ул КАРЛА ЛИБКНЕХТА, дом 42</legalAddress>
                        <postalAddress>620075 Свердловская обл. Екатернибург г.Карла Либкнехта ул .42</postalAddress>
                        <phone>8-343-2214147</phone>
                        <email>ogz5201@usaca.ru</email>
                        <okato>65401373000</okato>
                        <okpo>493528650001</okpo>
                    </mainInfo>
                </ns2:customer>
                <ns2:placer>
                    <mainInfo>
                        <fullName>ФЕДЕРАЛЬНОЕ ГОСУДАРСТВЕННОЕ БЮДЖЕТНОЕ ОБРАЗОВАТЕЛЬНОЕ УЧРЕЖДЕНИЕ ВЫСШЕГО ОБРАЗОВАНИЯ "УРАЛЬСКИЙ ГОСУДАРСТВЕННЫЙ АГРАРНЫЙ УНИВЕРСИТЕТ"</fullName>
                        <shortName>ФГБОУ ВО УРАЛЬСКИЙ ГАУ</shortName>
                        <iko>86660008631667001001</iko>
                        <inn>6660008631</inn>
                        <kpp>667001001</kpp>
                        <ogrn>1036603485005</ogrn>
                        <legalAddress>620075, обл СВЕРДЛОВСКАЯ, г ЕКАТЕРИНБУРГ, ул КАРЛА ЛИБКНЕХТА, дом 42</legalAddress>
                        <postalAddress>620075 Свердловская обл. Екатернибург г.Карла Либкнехта ул .42</postalAddress>
                        <phone>8-343-2214147</phone>
                        <email>ogz5201@usaca.ru</email>
                        <okato>65401373000</okato>
                        <okpo>493528650001</okpo>
                    </mainInfo>
                </ns2:placer>
                <ns2:publicationDate>2017-03-30T13:38:15</ns2:publicationDate>
                <ns2:status>P</ns2:status>
                <ns2:version>8</ns2:version>
                <ns2:completed>false</ns2:completed>
                <ns2:modificationDescription>Внесение сведений об исполнении договора</ns2:modificationDescription>
                <ns2:attachments>
                    <totalDocumentsCount>16</totalDocumentsCount>
                    <document>
                        <guid>ce04c332-19e1-4c68-ac56-4d6eeb2b3b4a</guid>
                        <createDateTime>2017-03-20T15:12:44</createDateTime>
                        <fileName>платежное поручение 6.docx</fileName>
                        <description>платежное поручение 6</description>
                        <url>https://zakupki.gov.ru/223/contract/private/download/download.html?id=11735424</url>
                        <registrationNumber>86660008631170000080067</registrationNumber>
                    </document>
                    <document>
                        <guid>571ac48f-9f00-45f2-b42d-dc622a195d47</guid>
                        <createDateTime>2017-02-17T08:05:18</createDateTime>
                        <fileName>товарная накладная 2.docx</fileName>
                        <description>товарная накладная 2</description>
                        <url>https://zakupki.gov.ru/223/contract/private/download/download.html?id=11735425</url>
                        <registrationNumber>86660008631170000080068</registrationNumber>
                    </document>
                    <document>
                        <guid>04f5ba62-0c2b-4842-9ad9-52793f4b5702</guid>
                        <createDateTime>2017-03-02T09:56:29</createDateTime>
                        <fileName>товарная накладная 4.pdf</fileName>
                        <description>товарная накладная 4</description>
                        <url>https://zakupki.gov.ru/223/contract/private/download/download.html?id=11735426</url>
                        <registrationNumber>86660008631170000080069</registrationNumber>
                    </document>
                    <document>
                        <guid>22626ff9-ebb0-4f60-9b71-053ed14d0be5</guid>
                        <createDateTime>2017-02-22T13:48:23</createDateTime>
                        <fileName>товарная накладная 3.pdf</fileName>
                        <description>товарная накладная 3</description>
                        <url>https://zakupki.gov.ru/223/contract/private/download/download.html?id=11735427</url>
                        <registrationNumber>86660008631170000080070</registrationNumber>
                    </document>
                    <document>
                        <guid>f92bd3f1-8278-4b5b-9386-e5307b1d5910</guid>
                        <createDateTime>2017-03-20T15:12:51</createDateTime>
                        <fileName>товарная накладная 6.pdf</fileName>
                        <description>товарная накладная 6</description>
                        <url>https://zakupki.gov.ru/223/contract/private/download/download.html?id=11735428</url>
                        <registrationNumber>86660008631170000080071</registrationNumber>
                    </document>
                    <document>
                        <guid>f674eac0-b118-43aa-a8f7-783b82ee69be</guid>
                        <createDateTime>2017-03-09T14:19:29</createDateTime>
                        <fileName>товарная накладная 5.pdf</fileName>
                        <description>товарная накладная 5</description>
                        <url>https://zakupki.gov.ru/223/contract/private/download/download.html?id=11735429</url>
                        <registrationNumber>86660008631170000080072</registrationNumber>
                    </document>
                    <document>
                        <guid>617757e5-bbd8-47c3-a281-cc1859c3f836</guid>
                        <createDateTime>2017-03-09T14:19:33</createDateTime>
                        <fileName>платежное поручение 5.docx</fileName>
                        <description>платежное поручение 5</description>
                        <url>https://zakupki.gov.ru/223/contract/private/download/download.html?id=11735430</url>
                        <registrationNumber>86660008631170000080073</registrationNumber>
                    </document>
                    <document>
                        <guid>72aeb562-952c-46a3-a0c9-4ae78a72cc75</guid>
                        <createDateTime>2017-03-02T10:02:28</createDateTime>
                        <fileName>платежное поручение 4,  доплата по тов. №3.docx</fileName>
                        <description>платежное поручение 4,  доплата по тов. №3</description>
                        <url>https://zakupki.gov.ru/223/contract/private/download/download.html?id=11735431</url>
                        <registrationNumber>86660008631170000080074</registrationNumber>
                    </document>
                    <document>
                        <guid>26a90ccb-7ca0-4a62-9f41-11b94abe7443</guid>
                        <createDateTime>2017-02-22T13:48:15</createDateTime>
                        <fileName>платежное поручение 3.docx</fileName>
                        <description>платежное поручение 3</description>
                        <url>https://zakupki.gov.ru/223/contract/private/download/download.html?id=11735432</url>
                        <registrationNumber>86660008631170000080075</registrationNumber>
                    </document>
                    <document>
                        <guid>981b0970-68eb-4431-8475-b9fb817a875a</guid>
                        <createDateTime>2017-02-13T10:48:39</createDateTime>
                        <fileName>платежное поручение 1.docx</fileName>
                        <description>платежное поручение 1</description>
                        <url>https://zakupki.gov.ru/223/contract/private/download/download.html?id=11735433</url>
                        <registrationNumber>86660008631170000080076</registrationNumber>
                    </document>
                    <document>
                        <guid>f8eda34a-d2a3-4fa8-b498-75d1600d69c3</guid>
                        <createDateTime>2017-02-17T08:05:14</createDateTime>
                        <fileName>платежное поручение 2.docx</fileName>
                        <description>платежное поручение 2</description>
                        <url>https://zakupki.gov.ru/223/contract/private/download/download.html?id=11735434</url>
                        <registrationNumber>86660008631170000080077</registrationNumber>
                    </document>
                    <document>
                        <guid>25a2b403-471b-41bf-9f40-47365e01eb0d</guid>
                        <createDateTime>2017-02-13T10:48:45</createDateTime>
                        <fileName>товарная накладная 1.docx</fileName>
                        <description>товарная накладная 1</description>
                        <url>https://zakupki.gov.ru/223/contract/private/download/download.html?id=11735435</url>
                        <registrationNumber>86660008631170000080078</registrationNumber>
                    </document>
                    <document>
                        <guid>a8fe30ae-dec5-48ac-a9c2-e6aa13a740ab</guid>
                        <createDateTime>2017-03-30T13:35:34</createDateTime>
                        <fileName>товарная накладная 8.pdf</fileName>
                        <description>товарная накладная 8</description>
                        <url>https://zakupki.gov.ru/223/contract/private/download/download.html?id=11735629</url>
                        <registrationNumber>86660008631170000080079</registrationNumber>
                    </document>
                    <document>
                        <guid>64052531-843a-4a57-84ed-7cd1d258de2e</guid>
                        <createDateTime>2017-03-30T13:36:04</createDateTime>
                        <fileName>платежное поручение 8.docx</fileName>
                        <description>платежное поручение 8</description>
                        <url>https://zakupki.gov.ru/223/contract/private/download/download.html?id=11735646</url>
                        <registrationNumber>86660008631170000080080</registrationNumber>
                    </document>
                    <document>
                        <guid>05aae92e-0661-43f6-9b79-2f75b478b830</guid>
                        <createDateTime>2017-03-27T08:12:31</createDateTime>
                        <fileName>товарная накладная 7.pdf</fileName>
                        <description>товарная накладная 7</description>
                        <url>https://zakupki.gov.ru/223/contract/private/download/download.html?id=11735422</url>
                        <registrationNumber>86660008631170000080081</registrationNumber>
                    </document>
                    <document>
                        <guid>32785fea-0ef9-45c0-b193-e1fd0e7b48ad</guid>
                        <createDateTime>2017-03-27T08:12:38</createDateTime>
                        <fileName>платежное поручение 7.docx</fileName>
                        <description>платежное поручение 7</description>
                        <url>https://zakupki.gov.ru/223/contract/private/download/download.html?id=11735423</url>
                        <registrationNumber>86660008631170000080082</registrationNumber>
                    </document>
                </ns2:attachments>
                <ns2:hasPenalty>false</ns2:hasPenalty>
                <ns2:contractRegNumber>86660008631170000080000</ns2:contractRegNumber>
                <ns2:contractInfo>
                    <ns2:guid>76247842-bf25-4fe3-92f8-e704aa8ef8d5</ns2:guid>
                    <ns2:name>1-ЕП</ns2:name>
                    <ns2:agencyName>ФГБОУ ВО УРАЛЬСКИЙ ГАУ</ns2:agencyName>
                    <ns2:supplierName>Общество с ограниченной ответственностью "АГРО-СТАР"</ns2:supplierName>
                    <ns2:lotInfo>Поставка продуктов питания</ns2:lotInfo>
                    <ns2:contractDate>2017-01-12</ns2:contractDate>
                </ns2:contractInfo>
                <ns2:positions>
                    <ns2:position>
                        <ns2:ordinal>8</ns2:ordinal>
                        <ns2:paymentDate>2017-03-23</ns2:paymentDate>
                        <ns2:price>2000</ns2:price>
                        <ns2:currency>
                            <code>RUB</code>
                            <digitalCode>643</digitalCode>
                            <name>Российский рубль</name>
                        </ns2:currency>
                        <ns2:rubPrice>2000</ns2:rubPrice>
                        <ns2:prepaid>false</ns2:prepaid>
                        <ns2:docs>
                            <ns2:doc>
                                <ns2:ordinal>1</ns2:ordinal>
                                <ns2:date>2017-03-09</ns2:date>
                                <ns2:code>01</ns2:code>
                                <ns2:name>товарная накладная</ns2:name>
                                <ns2:number>УТ-490</ns2:number>
                                <ns2:contractPosition>
                                    <ns2:guid>cf49bdb5-8c63-442b-8e51-60d67dbe204c</ns2:guid>
                                    <ns2:name>Фрукты, свежие или предварительно подвергнутые тепловой обработке, замороженные</ns2:name>
                                    <ns2:okpd2>
                                        <code>10.39.21.110</code>
                                        <name>Фрукты, свежие или предварительно подвергнутые тепловой обработке, замороженные</name>
                                    </ns2:okpd2>
                                </ns2:contractPosition>
                                <ns2:okei>
                                    <code>876</code>
                                    <name>Условная единица</name>
                                </ns2:okei>
                                <ns2:qty>1</ns2:qty>
                            </ns2:doc>
                        </ns2:docs>
                    </ns2:position>
                    <ns2:position>
                        <ns2:ordinal>6</ns2:ordinal>
                        <ns2:paymentDate>2017-03-07</ns2:paymentDate>
                        <ns2:price>3518</ns2:price>
                        <ns2:currency>
                            <code>RUB</code>
                            <digitalCode>643</digitalCode>
                            <name>Российский рубль</name>
                        </ns2:currency>
                        <ns2:rubPrice>3518</ns2:rubPrice>
                        <ns2:prepaid>false</ns2:prepaid>
                        <ns2:docs>
                            <ns2:doc>
                                <ns2:ordinal>1</ns2:ordinal>
                                <ns2:date>2017-02-27</ns2:date>
                                <ns2:code>01</ns2:code>
                                <ns2:name>товарная накладная</ns2:name>
                                <ns2:number>УТ-343</ns2:number>
                                <ns2:contractPosition>
                                    <ns2:guid>cf49bdb5-8c63-442b-8e51-60d67dbe204c</ns2:guid>
                                    <ns2:name>Фрукты, свежие или предварительно подвергнутые тепловой обработке, замороженные</ns2:name>
                                    <ns2:okpd2>
                                        <code>10.39.21.110</code>
                                        <name>Фрукты, свежие или предварительно подвергнутые тепловой обработке, замороженные</name>
                                    </ns2:okpd2>
                                </ns2:contractPosition>
                                <ns2:okei>
                                    <code>876</code>
                                    <name>Условная единица</name>
                                </ns2:okei>
                                <ns2:qty>1</ns2:qty>
                            </ns2:doc>
                        </ns2:docs>
                    </ns2:position>
                    <ns2:position>
                        <ns2:ordinal>4</ns2:ordinal>
                        <ns2:paymentDate>2017-02-28</ns2:paymentDate>
                        <ns2:price>320</ns2:price>
                        <ns2:currency>
                            <code>RUB</code>
                            <digitalCode>643</digitalCode>
                            <name>Российский рубль</name>
                        </ns2:currency>
                        <ns2:rubPrice>320</ns2:rubPrice>
                        <ns2:prepaid>false</ns2:prepaid>
                        <ns2:docs>
                            <ns2:doc>
                                <ns2:ordinal>1</ns2:ordinal>
                                <ns2:date>2017-02-13</ns2:date>
                                <ns2:code>01</ns2:code>
                                <ns2:name>товарная накладная</ns2:name>
                                <ns2:number>УТ-240</ns2:number>
                                <ns2:contractPosition>
                                    <ns2:guid>cf49bdb5-8c63-442b-8e51-60d67dbe204c</ns2:guid>
                                    <ns2:name>Фрукты, свежие или предварительно подвергнутые тепловой обработке, замороженные</ns2:name>
                                    <ns2:okpd2>
                                        <code>10.39.21.110</code>
                                        <name>Фрукты, свежие или предварительно подвергнутые тепловой обработке, замороженные</name>
                                    </ns2:okpd2>
                                </ns2:contractPosition>
                                <ns2:okei>
                                    <code>876</code>
                                    <name>Условная единица</name>
                                </ns2:okei>
                                <ns2:qty>1</ns2:qty>
                            </ns2:doc>
                        </ns2:docs>
                    </ns2:position>
                    <ns2:position>
                        <ns2:ordinal>5</ns2:ordinal>
                        <ns2:paymentDate>2017-02-28</ns2:paymentDate>
                        <ns2:price>1400</ns2:price>
                        <ns2:currency>
                            <code>RUB</code>
                            <digitalCode>643</digitalCode>
                            <name>Российский рубль</name>
                        </ns2:currency>
                        <ns2:rubPrice>1400</ns2:rubPrice>
                        <ns2:prepaid>false</ns2:prepaid>
                        <ns2:docs>
                            <ns2:doc>
                                <ns2:ordinal>1</ns2:ordinal>
                                <ns2:date>2017-02-15</ns2:date>
                                <ns2:code>01</ns2:code>
                                <ns2:name>товарная накладная</ns2:name>
                                <ns2:number>УТ-287</ns2:number>
                                <ns2:contractPosition>
                                    <ns2:guid>cf49bdb5-8c63-442b-8e51-60d67dbe204c</ns2:guid>
                                    <ns2:name>Фрукты, свежие или предварительно подвергнутые тепловой обработке, замороженные</ns2:name>
                                    <ns2:okpd2>
                                        <code>10.39.21.110</code>
                                        <name>Фрукты, свежие или предварительно подвергнутые тепловой обработке, замороженные</name>
                                    </ns2:okpd2>
                                </ns2:contractPosition>
                                <ns2:okei>
                                    <code>876</code>
                                    <name>Условная единица</name>
                                </ns2:okei>
                                <ns2:qty>1</ns2:qty>
                            </ns2:doc>
                        </ns2:docs>
                    </ns2:position>
                    <ns2:position>
                        <ns2:ordinal>3</ns2:ordinal>
                        <ns2:paymentDate>2017-02-21</ns2:paymentDate>
                        <ns2:price>740</ns2:price>
                        <ns2:currency>
                            <code>RUB</code>
                            <digitalCode>643</digitalCode>
                            <name>Российский рубль</name>
                        </ns2:currency>
                        <ns2:rubPrice>740</ns2:rubPrice>
                        <ns2:prepaid>false</ns2:prepaid>
                        <ns2:docs>
                            <ns2:doc>
                                <ns2:ordinal>1</ns2:ordinal>
                                <ns2:date>2017-02-13</ns2:date>
                                <ns2:code>01</ns2:code>
                                <ns2:name>товарная накладная</ns2:name>
                                <ns2:number>УТ-240</ns2:number>
                                <ns2:contractPosition>
                                    <ns2:guid>cf49bdb5-8c63-442b-8e51-60d67dbe204c</ns2:guid>
                                    <ns2:name>Фрукты, свежие или предварительно подвергнутые тепловой обработке, замороженные</ns2:name>
                                    <ns2:okpd2>
                                        <code>10.39.21.110</code>
                                        <name>Фрукты, свежие или предварительно подвергнутые тепловой обработке, замороженные</name>
                                    </ns2:okpd2>
                                </ns2:contractPosition>
                                <ns2:okei>
                                    <code>876</code>
                                    <name>Условная единица</name>
                                </ns2:okei>
                                <ns2:qty>1</ns2:qty>
                            </ns2:doc>
                        </ns2:docs>
                    </ns2:position>
                    <ns2:position>
                        <ns2:ordinal>1</ns2:ordinal>
                        <ns2:paymentDate>2017-02-09</ns2:paymentDate>
                        <ns2:price>1260</ns2:price>
                        <ns2:currency>
                            <code>RUB</code>
                            <digitalCode>643</digitalCode>
                            <name>Российский рубль</name>
                        </ns2:currency>
                        <ns2:rubPrice>1260</ns2:rubPrice>
                        <ns2:prepaid>false</ns2:prepaid>
                        <ns2:docs>
                            <ns2:doc>
                                <ns2:ordinal>1</ns2:ordinal>
                                <ns2:date>2017-01-24</ns2:date>
                                <ns2:code>01</ns2:code>
                                <ns2:name>товарная накладная</ns2:name>
                                <ns2:number>УТ-72</ns2:number>
                                <ns2:contractPosition>
                                    <ns2:guid>cf49bdb5-8c63-442b-8e51-60d67dbe204c</ns2:guid>
                                    <ns2:name>Фрукты, свежие или предварительно подвергнутые тепловой обработке, замороженные</ns2:name>
                                    <ns2:okpd2>
                                        <code>10.39.21.110</code>
                                        <name>Фрукты, свежие или предварительно подвергнутые тепловой обработке, замороженные</name>
                                    </ns2:okpd2>
                                </ns2:contractPosition>
                                <ns2:okei>
                                    <code>876</code>
                                    <name>Условная единица</name>
                                </ns2:okei>
                                <ns2:qty>1</ns2:qty>
                            </ns2:doc>
                        </ns2:docs>
                    </ns2:position>
                    <ns2:position>
                        <ns2:ordinal>2</ns2:ordinal>
                        <ns2:paymentDate>2017-02-15</ns2:paymentDate>
                        <ns2:price>3307.5</ns2:price>
                        <ns2:currency>
                            <code>RUB</code>
                            <digitalCode>643</digitalCode>
                            <name>Российский рубль</name>
                        </ns2:currency>
                        <ns2:rubPrice>3307.5</ns2:rubPrice>
                        <ns2:prepaid>false</ns2:prepaid>
                        <ns2:docs>
                            <ns2:doc>
                                <ns2:ordinal>1</ns2:ordinal>
                                <ns2:date>2017-02-06</ns2:date>
                                <ns2:code>01</ns2:code>
                                <ns2:name>товарная накладная</ns2:name>
                                <ns2:number>УТ-177</ns2:number>
                                <ns2:contractPosition>
                                    <ns2:guid>cf49bdb5-8c63-442b-8e51-60d67dbe204c</ns2:guid>
                                    <ns2:name>Фрукты, свежие или предварительно подвергнутые тепловой обработке, замороженные</ns2:name>
                                    <ns2:okpd2>
                                        <code>10.39.21.110</code>
                                        <name>Фрукты, свежие или предварительно подвергнутые тепловой обработке, замороженные</name>
                                    </ns2:okpd2>
                                </ns2:contractPosition>
                                <ns2:okei>
                                    <code>876</code>
                                    <name>Условная единица</name>
                                </ns2:okei>
                                <ns2:qty>1</ns2:qty>
                            </ns2:doc>
                        </ns2:docs>
                    </ns2:position>
                    <ns2:position>
                        <ns2:ordinal>7</ns2:ordinal>
                        <ns2:paymentDate>2017-03-17</ns2:paymentDate>
                        <ns2:price>1330</ns2:price>
                        <ns2:currency>
                            <code>RUB</code>
                            <digitalCode>643</digitalCode>
                            <name>Российский рубль</name>
                        </ns2:currency>
                        <ns2:rubPrice>1330</ns2:rubPrice>
                        <ns2:prepaid>false</ns2:prepaid>
                        <ns2:docs>
                            <ns2:doc>
                                <ns2:ordinal>1</ns2:ordinal>
                                <ns2:date>2017-03-06</ns2:date>
                                <ns2:code>01</ns2:code>
                                <ns2:name>товарная накладная</ns2:name>
                                <ns2:number>УТ-431</ns2:number>
                                <ns2:contractPosition>
                                    <ns2:guid>cf49bdb5-8c63-442b-8e51-60d67dbe204c</ns2:guid>
                                    <ns2:name>Фрукты, свежие или предварительно подвергнутые тепловой обработке, замороженные</ns2:name>
                                    <ns2:okpd2>
                                        <code>10.39.21.110</code>
                                        <name>Фрукты, свежие или предварительно подвергнутые тепловой обработке, замороженные</name>
                                    </ns2:okpd2>
                                </ns2:contractPosition>
                                <ns2:okei>
                                    <code>876</code>
                                    <name>Условная единица</name>
                                </ns2:okei>
                                <ns2:qty>1</ns2:qty>
                            </ns2:doc>
                        </ns2:docs>
                    </ns2:position>
                    <ns2:position>
                        <ns2:ordinal>9</ns2:ordinal>
                        <ns2:paymentDate>2017-03-29</ns2:paymentDate>
                        <ns2:price>3340</ns2:price>
                        <ns2:currency>
                            <code>RUB</code>
                            <digitalCode>643</digitalCode>
                            <name>Российский рубль</name>
                        </ns2:currency>
                        <ns2:rubPrice>3340</ns2:rubPrice>
                        <ns2:prepaid>false</ns2:prepaid>
                        <ns2:docs>
                            <ns2:doc>
                                <ns2:ordinal>1</ns2:ordinal>
                                <ns2:date>2017-03-20</ns2:date>
                                <ns2:code>01</ns2:code>
                                <ns2:name>товарная накладная</ns2:name>
                                <ns2:number>УТ-553</ns2:number>
                                <ns2:contractPosition>
                                    <ns2:guid>cf49bdb5-8c63-442b-8e51-60d67dbe204c</ns2:guid>
                                    <ns2:name>Фрукты, свежие или предварительно подвергнутые тепловой обработке, замороженные</ns2:name>
                                    <ns2:okpd2>
                                        <code>10.39.21.110</code>
                                        <name>Фрукты, свежие или предварительно подвергнутые тепловой обработке, замороженные</name>
                                    </ns2:okpd2>
                                </ns2:contractPosition>
                                <ns2:okei>
                                    <code>876</code>
                                    <name>Условная единица</name>
                                </ns2:okei>
                                <ns2:qty>1</ns2:qty>
                            </ns2:doc>
                        </ns2:docs>
                    </ns2:position>
                    <ns2:total>17215.5</ns2:total>
                </ns2:positions>
            </ns2:performanceContractData>
        </ns2:item>
    </ns2:body>
</ns2:performanceContract>
