<?xml version="1.0" encoding="UTF-8" standalone="yes"?>
<ns2:performanceContract xsi:schemaLocation="http://zakupki.gov.ru/223/integration/schema/TFF-5.2 http://zakupki.gov.ru/223/integration/schema/TFF-5.2/Types.xsd" xmlns="http://zakupki.gov.ru/223fz/types/1" xmlns:ns10="http://zakupki.gov.ru/223fz/disagreementProtocol/1" xmlns:ns11="http://zakupki.gov.ru/223fz/purchase/1" xmlns:ns12="http://zakupki.gov.ru/223fz/machineryListInfo/1" xmlns:ns13="http://zakupki.gov.ru/223fz/revenue/1" xmlns:ns14="http://zakupki.gov.ru/223fz/orderClauseList/1" xmlns:ns15="http://zakupki.gov.ru/223fz/complaint/1" xmlns:ns16="http://zakupki.gov.ru/223fz/missedNotice/1" xmlns:ns17="http://zakupki.gov.ru/223fz/notificationIssue/1" xmlns:ns18="http://zakupki.gov.ru/223fz/purchasePlanProject/1" xmlns:ns19="http://zakupki.gov.ru/223fz/webRequest/1" xmlns:ns2="http://zakupki.gov.ru/223fz/contract/1" xmlns:xsi="http://www.w3.org/2001/XMLSchema-instance" xmlns:ns3="http://zakupki.gov.ru/223fz/dishonestSupplier/1" xmlns:ns4="http://zakupki.gov.ru/223fz/decisionSuspension/1" xmlns:ns5="http://zakupki.gov.ru/223fz/purchasePlanAdditionalPosition/1" xmlns:ns6="http://zakupki.gov.ru/223fz/purchasePlan/1" xmlns:ns7="http://zakupki.gov.ru/223fz/purchasePlanProjectAdditionalPosition/1" xmlns:ns8="http://zakupki.gov.ru/223fz/reference/1" xmlns:ns9="http://zakupki.gov.ru/223fz/stopCommodity/1">
    <header>
        <guid>7208dc70-c18c-4983-8808-a93d48e64df2</guid>
        <createDateTime>2017-03-30T15:28:52</createDateTime>
    </header>
    <ns2:body>
        <ns2:item>
            <guid>e85451c6-4e6c-4da3-86fc-89488a798c35</guid>
            <ns2:performanceContractData>
                <ns2:guid>73382186-7ce7-427f-85f4-99ca4990d960</ns2:guid>
                <ns2:registrationNumber>86658147998160000030003</ns2:registrationNumber>
                <ns2:urlOOS>https://zakupki.gov.ru/223/contract/private/completing/info/view.html?id=2668285</ns2:urlOOS>
                <ns2:createDateTime>2016-07-01T09:52:06</ns2:createDateTime>
                <ns2:customer>
                    <mainInfo>
                        <fullName>МУНИЦИПАЛЬНОЕ БЮДЖЕТНОЕ ДОШКОЛЬНОЕ ОБРАЗОВАТЕЛЬНОЕ УЧРЕЖДЕНИЕ - ДЕТСКИЙ САД № 286</fullName>
                        <shortName>МБДОУ - ДЕТСКИЙ САД № 286</shortName>
                        <iko>86658147998665801001</iko>
                        <inn>6658147998</inn>
                        <kpp>665801001</kpp>
                        <ogrn>1026602318071</ogrn>
                        <legalAddress>620034, СВЕРДЛОВСКАЯ, ЕКАТЕРИНБУРГ, ОПАЛИХИНСКАЯ, дом 28</legalAddress>
                        <postalAddress>620034, Свердловская Область, Екатеринбург Город, Опалихинская Улица, дом 28</postalAddress>
                        <email>metrosha286@mail.ru</email>
                        <okato>65401364000</okato>
                        <okpo>31400348</okpo>
                    </mainInfo>
                </ns2:customer>
                <ns2:placer>
                    <mainInfo>
                        <fullName>МУНИЦИПАЛЬНОЕ БЮДЖЕТНОЕ ДОШКОЛЬНОЕ ОБРАЗОВАТЕЛЬНОЕ УЧРЕЖДЕНИЕ - ДЕТСКИЙ САД № 286</fullName>
                        <shortName>МБДОУ - ДЕТСКИЙ САД № 286</shortName>
                        <iko>86658147998665801001</iko>
                        <inn>6658147998</inn>
                        <kpp>665801001</kpp>
                        <ogrn>1026602318071</ogrn>
                        <legalAddress>620034, СВЕРДЛОВСКАЯ, ЕКАТЕРИНБУРГ, ОПАЛИХИНСКАЯ, дом 28</legalAddress>
                        <postalAddress>620034, Свердловская Область, Екатеринбург Город, Опалихинская Улица, дом 28</postalAddress>
                        <email>metrosha286@mail.ru</email>
                        <okato>65401364000</okato>
                        <okpo>31400348</okpo>
                    </mainInfo>
                </ns2:placer>
                <ns2:publicationDate>2017-03-30T15:28:52</ns2:publicationDate>
                <ns2:status>P</ns2:status>
                <ns2:version>1</ns2:version>
                <ns2:completed>false</ns2:completed>
                <ns2:attachments>
                    <totalDocumentsCount>1</totalDocumentsCount>
                    <document>
                        <guid>18ad32ec-1162-492e-aed3-d6f08195c652</guid>
                        <createDateTime>2017-03-30T15:23:42</createDateTime>
                        <fileName>акт сверки по дог. рыба 1131.rar</fileName>
                        <description>акт сверки по дог. рыба 1131</description>
                        <url>https://zakupki.gov.ru/223/contract/private/download/download.html?id=11742982</url>
                        <registrationNumber>86658147998160000030004</registrationNumber>
                    </document>
                </ns2:attachments>
                <ns2:hasPenalty>false</ns2:hasPenalty>
                <ns2:contractRegNumber>86658147998160000030000</ns2:contractRegNumber>
                <ns2:contractInfo>
                    <ns2:guid>7c4f3a03-aab5-41f3-a5f6-ac1a5faf10e9</ns2:guid>
                    <ns2:name>1131</ns2:name>
                    <ns2:agencyName>МБДОУ - ДЕТСКИЙ САД № 286</ns2:agencyName>
                    <ns2:supplierName>ОБЩЕСТВО С ОГРАНИЧЕННОЙ ОТВЕТСТВЕННОСТЬЮ "ГЕРМЕС"</ns2:supplierName>
                    <ns2:lotInfo>Поставка рыбы 3 квартал</ns2:lotInfo>
                    <ns2:contractDate>2016-07-01</ns2:contractDate>
                </ns2:contractInfo>
                <ns2:positions>
                    <ns2:position>
                        <ns2:ordinal>1</ns2:ordinal>
                        <ns2:paymentDate>2016-10-31</ns2:paymentDate>
                        <ns2:price>160850</ns2:price>
                        <ns2:currency>
                            <code>RUB</code>
                            <digitalCode>643</digitalCode>
                            <name>Российский рубль</name>
                        </ns2:currency>
                        <ns2:rubPrice>160850</ns2:rubPrice>
                        <ns2:prepaid>false</ns2:prepaid>
                        <ns2:docs>
                            <ns2:doc>
                                <ns2:ordinal>1</ns2:ordinal>
                                <ns2:code>20</ns2:code>
                                <ns2:name>акт выполненных работ</ns2:name>
                                <ns2:contractPosition>
                                    <ns2:guid>3cabb759-1c90-014e-e053-ac11070d70ec</ns2:guid>
                                    <ns2:name>Кета свежая или охлажденная</ns2:name>
                                    <ns2:okpd2>
                                        <code>03.12.20.121</code>
                                        <name>Кета свежая или охлажденная</name>
                                    </ns2:okpd2>
                                </ns2:contractPosition>
                                <ns2:okei>
                                    <code>166</code>
                                    <name>Килограмм</name>
                                </ns2:okei>
                                <ns2:qty>650</ns2:qty>
                            </ns2:doc>
                            <ns2:doc>
                                <ns2:ordinal>2</ns2:ordinal>
                                <ns2:code>20</ns2:code>
                                <ns2:name>акт выполненных работ</ns2:name>
                                <ns2:contractPosition>
                                    <ns2:guid>3cabb759-1c91-014e-e053-ac11070d70ec</ns2:guid>
                                    <ns2:name>Минтай свежий или охлажденный</ns2:name>
                                    <ns2:okpd2>
                                        <code>03.11.20.126</code>
                                        <name>Минтай свежий или охлажденный</name>
                                    </ns2:okpd2>
                                </ns2:contractPosition>
                                <ns2:okei>
                                    <code>166</code>
                                    <name>Килограмм</name>
                                </ns2:okei>
                                <ns2:qty>150</ns2:qty>
                            </ns2:doc>
                        </ns2:docs>
                    </ns2:position>
                    <ns2:total>160850</ns2:total>
                </ns2:positions>
            </ns2:performanceContractData>
        </ns2:item>
    </ns2:body>
</ns2:performanceContract>
