<?xml version="1.0" encoding="UTF-8" standalone="yes"?>
<ns2:performanceContract xsi:schemaLocation="http://zakupki.gov.ru/223/integration/schema/TFF-5.2 http://zakupki.gov.ru/223/integration/schema/TFF-5.2/Types.xsd" xmlns="http://zakupki.gov.ru/223fz/types/1" xmlns:ns10="http://zakupki.gov.ru/223fz/disagreementProtocol/1" xmlns:ns11="http://zakupki.gov.ru/223fz/purchase/1" xmlns:ns12="http://zakupki.gov.ru/223fz/machineryListInfo/1" xmlns:ns13="http://zakupki.gov.ru/223fz/revenue/1" xmlns:ns14="http://zakupki.gov.ru/223fz/orderClauseList/1" xmlns:ns15="http://zakupki.gov.ru/223fz/complaint/1" xmlns:ns16="http://zakupki.gov.ru/223fz/missedNotice/1" xmlns:ns17="http://zakupki.gov.ru/223fz/notificationIssue/1" xmlns:ns18="http://zakupki.gov.ru/223fz/purchasePlanProject/1" xmlns:ns19="http://zakupki.gov.ru/223fz/webRequest/1" xmlns:ns2="http://zakupki.gov.ru/223fz/contract/1" xmlns:xsi="http://www.w3.org/2001/XMLSchema-instance" xmlns:ns3="http://zakupki.gov.ru/223fz/dishonestSupplier/1" xmlns:ns4="http://zakupki.gov.ru/223fz/decisionSuspension/1" xmlns:ns5="http://zakupki.gov.ru/223fz/purchasePlanAdditionalPosition/1" xmlns:ns6="http://zakupki.gov.ru/223fz/purchasePlan/1" xmlns:ns7="http://zakupki.gov.ru/223fz/purchasePlanProjectAdditionalPosition/1" xmlns:ns8="http://zakupki.gov.ru/223fz/reference/1" xmlns:ns9="http://zakupki.gov.ru/223fz/stopCommodity/1">
    <header>
        <guid>43bda1b6-e115-4d71-9a62-dad07c628abd</guid>
        <createDateTime>2017-03-30T14:23:46</createDateTime>
    </header>
    <ns2:body>
        <ns2:item>
            <guid>35e22c31-ac51-4818-8db0-466f36b8b320</guid>
            <ns2:performanceContractData>
                <ns2:guid>c1015af6-7fb2-4935-a2ed-4af170eff0b6</ns2:guid>
                <ns2:registrationNumber>86660008631170000100107</ns2:registrationNumber>
                <ns2:urlOOS>https://zakupki.gov.ru/223/contract/private/completing/info/view.html?id=2667360</ns2:urlOOS>
                <ns2:createDateTime>2017-01-24T10:17:04</ns2:createDateTime>
                <ns2:customer>
                    <mainInfo>
                        <fullName>ФЕДЕРАЛЬНОЕ ГОСУДАРСТВЕННОЕ БЮДЖЕТНОЕ ОБРАЗОВАТЕЛЬНОЕ УЧРЕЖДЕНИЕ ВЫСШЕГО ОБРАЗОВАНИЯ "УРАЛЬСКИЙ ГОСУДАРСТВЕННЫЙ АГРАРНЫЙ УНИВЕРСИТЕТ"</fullName>
                        <shortName>ФГБОУ ВО УРАЛЬСКИЙ ГАУ</shortName>
                        <iko>86660008631667001001</iko>
                        <inn>6660008631</inn>
                        <kpp>667001001</kpp>
                        <ogrn>1036603485005</ogrn>
                        <legalAddress>620075, обл СВЕРДЛОВСКАЯ, г ЕКАТЕРИНБУРГ, ул КАРЛА ЛИБКНЕХТА, дом 42</legalAddress>
                        <postalAddress>620075 Свердловская обл. Екатернибург г.Карла Либкнехта ул .42</postalAddress>
                        <phone>8-343-2214147</phone>
                        <email>ogz5201@usaca.ru</email>
                        <okato>65401373000</okato>
                        <okpo>493528650001</okpo>
                    </mainInfo>
                </ns2:customer>
                <ns2:placer>
                    <mainInfo>
                        <fullName>ФЕДЕРАЛЬНОЕ ГОСУДАРСТВЕННОЕ БЮДЖЕТНОЕ ОБРАЗОВАТЕЛЬНОЕ УЧРЕЖДЕНИЕ ВЫСШЕГО ОБРАЗОВАНИЯ "УРАЛЬСКИЙ ГОСУДАРСТВЕННЫЙ АГРАРНЫЙ УНИВЕРСИТЕТ"</fullName>
                        <shortName>ФГБОУ ВО УРАЛЬСКИЙ ГАУ</shortName>
                        <iko>86660008631667001001</iko>
                        <inn>6660008631</inn>
                        <kpp>667001001</kpp>
                        <ogrn>1036603485005</ogrn>
                        <legalAddress>620075, обл СВЕРДЛОВСКАЯ, г ЕКАТЕРИНБУРГ, ул КАРЛА ЛИБКНЕХТА, дом 42</legalAddress>
                        <postalAddress>620075 Свердловская обл. Екатернибург г.Карла Либкнехта ул .42</postalAddress>
                        <phone>8-343-2214147</phone>
                        <email>ogz5201@usaca.ru</email>
                        <okato>65401373000</okato>
                        <okpo>493528650001</okpo>
                    </mainInfo>
                </ns2:placer>
                <ns2:publicationDate>2017-03-30T14:23:46</ns2:publicationDate>
                <ns2:status>P</ns2:status>
                <ns2:version>10</ns2:version>
                <ns2:completed>false</ns2:completed>
                <ns2:modificationDescription>Внесение сведений об исполнении договора</ns2:modificationDescription>
                <ns2:attachments>
                    <totalDocumentsCount>21</totalDocumentsCount>
                    <document>
                        <guid>299e11da-76f8-4bae-b3a9-c66b83c3b162</guid>
                        <createDateTime>2017-02-27T15:36:02</createDateTime>
                        <fileName>платежное поручение 7.docx</fileName>
                        <description>платежное поручение 7</description>
                        <url>https://zakupki.gov.ru/223/contract/private/download/download.html?id=11738816</url>
                        <registrationNumber>86660008631170000100108</registrationNumber>
                    </document>
                    <document>
                        <guid>ee4cfc56-7766-467b-b073-a6f3f9b9d716</guid>
                        <createDateTime>2017-02-22T12:48:42</createDateTime>
                        <fileName>товарная накладная 6 стр.1.pdf</fileName>
                        <description>товарная накладная 6 стр.1</description>
                        <url>https://zakupki.gov.ru/223/contract/private/download/download.html?id=11738817</url>
                        <registrationNumber>86660008631170000100109</registrationNumber>
                    </document>
                    <document>
                        <guid>bd38c4bd-b65c-41cd-a4d4-746483aa4bc1</guid>
                        <createDateTime>2017-03-23T12:53:58</createDateTime>
                        <fileName>платежное поручение 13, 14.docx</fileName>
                        <description>платежное поручение 13, 14</description>
                        <url>https://zakupki.gov.ru/223/contract/private/download/download.html?id=11738818</url>
                        <registrationNumber>86660008631170000100110</registrationNumber>
                    </document>
                    <document>
                        <guid>f9d48216-7b58-4a6d-a455-131d238db3ca</guid>
                        <createDateTime>2017-02-09T08:24:52</createDateTime>
                        <fileName>платежное поручение 1.docx</fileName>
                        <description>платежное поручение 1</description>
                        <url>https://zakupki.gov.ru/223/contract/private/download/download.html?id=11738819</url>
                        <registrationNumber>86660008631170000100111</registrationNumber>
                    </document>
                    <document>
                        <guid>cfb3bec6-4cca-4efd-84c5-8aedf4957d56</guid>
                        <createDateTime>2017-02-14T16:41:43</createDateTime>
                        <fileName>платежные поручения 3-4.docx</fileName>
                        <description>платежные поручения 3-4</description>
                        <url>https://zakupki.gov.ru/223/contract/private/download/download.html?id=11738820</url>
                        <registrationNumber>86660008631170000100112</registrationNumber>
                    </document>
                    <document>
                        <guid>12a0fcfd-4bf5-4db3-a3d4-fbb804d59dbc</guid>
                        <createDateTime>2017-03-30T14:21:59</createDateTime>
                        <fileName>плтежное поручение 15.docx</fileName>
                        <description>плтежное поручение 15</description>
                        <url>https://zakupki.gov.ru/223/contract/private/download/download.html?id=11739079</url>
                        <registrationNumber>86660008631170000100113</registrationNumber>
                    </document>
                    <document>
                        <guid>85015046-d672-4f8a-a23d-b2f0b631e963</guid>
                        <createDateTime>2017-02-13T10:52:04</createDateTime>
                        <fileName>товарная накладная 2.docx</fileName>
                        <description>товарная накладная 2</description>
                        <url>https://zakupki.gov.ru/223/contract/private/download/download.html?id=11738802</url>
                        <registrationNumber>86660008631170000100114</registrationNumber>
                    </document>
                    <document>
                        <guid>0ee50d32-fd1f-4048-b80a-4be42f550d67</guid>
                        <createDateTime>2017-03-30T14:22:09</createDateTime>
                        <fileName>товарная накладная 15.pdf</fileName>
                        <description>товарная накладная 15</description>
                        <url>https://zakupki.gov.ru/223/contract/private/download/download.html?id=11739091</url>
                        <registrationNumber>86660008631170000100115</registrationNumber>
                    </document>
                    <document>
                        <guid>17376965-c5c6-4d28-ace8-9264848ed06c</guid>
                        <createDateTime>2017-02-22T12:48:12</createDateTime>
                        <fileName>платежное поручение 6.docx</fileName>
                        <description>платежное поручение 6</description>
                        <url>https://zakupki.gov.ru/223/contract/private/download/download.html?id=11738803</url>
                        <registrationNumber>86660008631170000100116</registrationNumber>
                    </document>
                    <document>
                        <guid>9330acc6-1d94-4d60-bc78-27c5ad88fb16</guid>
                        <createDateTime>2017-02-09T08:24:58</createDateTime>
                        <fileName>товарная накладная 1.docx</fileName>
                        <description>товарная накладная 1</description>
                        <url>https://zakupki.gov.ru/223/contract/private/download/download.html?id=11738804</url>
                        <registrationNumber>86660008631170000100117</registrationNumber>
                    </document>
                    <document>
                        <guid>b066f4ef-d401-4529-83b8-4fb47deb6575</guid>
                        <createDateTime>2017-02-22T12:48:04</createDateTime>
                        <fileName>товарная накладная 6 стр.2.pdf</fileName>
                        <description>товарная накладная 6 стр.2</description>
                        <url>https://zakupki.gov.ru/223/contract/private/download/download.html?id=11738805</url>
                        <registrationNumber>86660008631170000100118</registrationNumber>
                    </document>
                    <document>
                        <guid>47854fa8-4cf7-4bc3-85e4-b571148223f5</guid>
                        <createDateTime>2017-03-14T15:31:34</createDateTime>
                        <fileName>платежное поручение 10,11,12.docx</fileName>
                        <description>платежное поручение 10,11,12</description>
                        <url>https://zakupki.gov.ru/223/contract/private/download/download.html?id=11738806</url>
                        <registrationNumber>86660008631170000100119</registrationNumber>
                    </document>
                    <document>
                        <guid>2ae0c20b-c589-4ec8-bd08-4130678d9bf9</guid>
                        <createDateTime>2017-03-14T15:31:47</createDateTime>
                        <fileName>товарная накладная 10,11,12.pdf</fileName>
                        <description>товарная накладная 10,11,12</description>
                        <url>https://zakupki.gov.ru/223/contract/private/download/download.html?id=11738807</url>
                        <registrationNumber>86660008631170000100120</registrationNumber>
                    </document>
                    <document>
                        <guid>876dd54b-d9d4-46fd-acf6-f9f0a767cdd1</guid>
                        <createDateTime>2017-02-14T16:41:49</createDateTime>
                        <fileName>товарные накладные 3-4.docx</fileName>
                        <description>товарные накладные 3-4</description>
                        <url>https://zakupki.gov.ru/223/contract/private/download/download.html?id=11738808</url>
                        <registrationNumber>86660008631170000100121</registrationNumber>
                    </document>
                    <document>
                        <guid>ff040b47-dd10-4ae2-b922-36701cba3669</guid>
                        <createDateTime>2017-03-23T12:51:16</createDateTime>
                        <fileName>товарная накладная 13,14.pdf</fileName>
                        <description>товарная накладная 13,14</description>
                        <url>https://zakupki.gov.ru/223/contract/private/download/download.html?id=11738809</url>
                        <registrationNumber>86660008631170000100122</registrationNumber>
                    </document>
                    <document>
                        <guid>70235a8a-3ae4-4cde-94cd-a75ddb54bbaa</guid>
                        <createDateTime>2017-02-17T07:54:42</createDateTime>
                        <fileName>платежное поручение 5.docx</fileName>
                        <description>платежное поручение 5</description>
                        <url>https://zakupki.gov.ru/223/contract/private/download/download.html?id=11738810</url>
                        <registrationNumber>86660008631170000100123</registrationNumber>
                    </document>
                    <document>
                        <guid>11f47004-d90c-4527-824c-f7a07660fd38</guid>
                        <createDateTime>2017-03-02T13:20:34</createDateTime>
                        <fileName>платежное поручение 8, 9.docx</fileName>
                        <description>платежное поручение 8, 9</description>
                        <url>https://zakupki.gov.ru/223/contract/private/download/download.html?id=11738811</url>
                        <registrationNumber>86660008631170000100124</registrationNumber>
                    </document>
                    <document>
                        <guid>498a4a38-b531-43cb-a04d-746040aa1603</guid>
                        <createDateTime>2017-02-17T07:54:47</createDateTime>
                        <fileName>товарная накладная 5.docx</fileName>
                        <description>товарная накладная 5</description>
                        <url>https://zakupki.gov.ru/223/contract/private/download/download.html?id=11738812</url>
                        <registrationNumber>86660008631170000100125</registrationNumber>
                    </document>
                    <document>
                        <guid>57eb909d-0941-4c44-8a8b-dd1bf449ac99</guid>
                        <createDateTime>2017-02-13T10:51:58</createDateTime>
                        <fileName>платежное поручение 2.docx</fileName>
                        <description>платежное поручение 2</description>
                        <url>https://zakupki.gov.ru/223/contract/private/download/download.html?id=11738813</url>
                        <registrationNumber>86660008631170000100126</registrationNumber>
                    </document>
                    <document>
                        <guid>b94c4c0b-2bd9-456a-94f0-b8c8ef0a4391</guid>
                        <createDateTime>2017-02-27T15:36:27</createDateTime>
                        <fileName>товарная накладная 7.pdf</fileName>
                        <description>товарная накладная 7</description>
                        <url>https://zakupki.gov.ru/223/contract/private/download/download.html?id=11738814</url>
                        <registrationNumber>86660008631170000100127</registrationNumber>
                    </document>
                    <document>
                        <guid>79bb0751-1cee-43b9-b225-2419588b2d46</guid>
                        <createDateTime>2017-03-02T13:20:42</createDateTime>
                        <fileName>товарная накладная 8, 9.pdf</fileName>
                        <description>товарная накладная 8, 9</description>
                        <url>https://zakupki.gov.ru/223/contract/private/download/download.html?id=11738815</url>
                        <registrationNumber>86660008631170000100128</registrationNumber>
                    </document>
                </ns2:attachments>
                <ns2:hasPenalty>false</ns2:hasPenalty>
                <ns2:contractRegNumber>86660008631170000100000</ns2:contractRegNumber>
                <ns2:contractInfo>
                    <ns2:guid>d071b3e1-9a42-404b-9188-7e4dfffc2083</ns2:guid>
                    <ns2:name>2-ЕП</ns2:name>
                    <ns2:agencyName>ФГБОУ ВО УРАЛЬСКИЙ ГАУ</ns2:agencyName>
                    <ns2:supplierName>ОТКРЫТОЕ АКЦИОНЕРНОЕ ОБЩЕСТВО "ИРБИТСКИЙ МОЛОЧНЫЙ ЗАВОД"</ns2:supplierName>
                    <ns2:lotInfo>Поставка продуктов питания</ns2:lotInfo>
                    <ns2:contractDate>2017-01-12</ns2:contractDate>
                </ns2:contractInfo>
                <ns2:positions>
                    <ns2:position>
                        <ns2:ordinal>11</ns2:ordinal>
                        <ns2:paymentDate>2017-03-13</ns2:paymentDate>
                        <ns2:price>9594.2</ns2:price>
                        <ns2:currency>
                            <code>RUB</code>
                            <digitalCode>643</digitalCode>
                            <name>Российский рубль</name>
                        </ns2:currency>
                        <ns2:rubPrice>9594.2</ns2:rubPrice>
                        <ns2:prepaid>false</ns2:prepaid>
                        <ns2:docs>
                            <ns2:doc>
                                <ns2:ordinal>1</ns2:ordinal>
                                <ns2:date>2017-03-03</ns2:date>
                                <ns2:code>01</ns2:code>
                                <ns2:name>товарная накладная</ns2:name>
                                <ns2:number>111971</ns2:number>
                                <ns2:contractPosition>
                                    <ns2:guid>cfbd02be-9fbb-4128-ad71-b5d8fbf9f376</ns2:guid>
                                    <ns2:name>Продукты переработки молока и побочные продукты прочие</ns2:name>
                                    <ns2:okpd2>
                                        <code>10.51.56.400</code>
                                        <name>Продукты переработки молока и побочные продукты прочие</name>
                                    </ns2:okpd2>
                                </ns2:contractPosition>
                                <ns2:okei>
                                    <code>876</code>
                                    <name>Условная единица</name>
                                </ns2:okei>
                                <ns2:qty>1</ns2:qty>
                            </ns2:doc>
                        </ns2:docs>
                    </ns2:position>
                    <ns2:position>
                        <ns2:ordinal>9</ns2:ordinal>
                        <ns2:paymentDate>2017-03-01</ns2:paymentDate>
                        <ns2:price>10327.9</ns2:price>
                        <ns2:currency>
                            <code>RUB</code>
                            <digitalCode>643</digitalCode>
                            <name>Российский рубль</name>
                        </ns2:currency>
                        <ns2:rubPrice>10327.9</ns2:rubPrice>
                        <ns2:prepaid>false</ns2:prepaid>
                        <ns2:docs>
                            <ns2:doc>
                                <ns2:ordinal>1</ns2:ordinal>
                                <ns2:date>2017-02-20</ns2:date>
                                <ns2:code>01</ns2:code>
                                <ns2:name>товарная накладная</ns2:name>
                                <ns2:number>91129</ns2:number>
                                <ns2:contractPosition>
                                    <ns2:guid>cfbd02be-9fbb-4128-ad71-b5d8fbf9f376</ns2:guid>
                                    <ns2:name>Продукты переработки молока и побочные продукты прочие</ns2:name>
                                    <ns2:okpd2>
                                        <code>10.51.56.400</code>
                                        <name>Продукты переработки молока и побочные продукты прочие</name>
                                    </ns2:okpd2>
                                </ns2:contractPosition>
                                <ns2:okei>
                                    <code>876</code>
                                    <name>Условная единица</name>
                                </ns2:okei>
                                <ns2:qty>1</ns2:qty>
                            </ns2:doc>
                        </ns2:docs>
                    </ns2:position>
                    <ns2:position>
                        <ns2:ordinal>5</ns2:ordinal>
                        <ns2:paymentDate>2017-02-15</ns2:paymentDate>
                        <ns2:price>3853.3</ns2:price>
                        <ns2:currency>
                            <code>RUB</code>
                            <digitalCode>643</digitalCode>
                            <name>Российский рубль</name>
                        </ns2:currency>
                        <ns2:rubPrice>3853.3</ns2:rubPrice>
                        <ns2:prepaid>false</ns2:prepaid>
                        <ns2:docs>
                            <ns2:doc>
                                <ns2:ordinal>1</ns2:ordinal>
                                <ns2:date>2017-02-08</ns2:date>
                                <ns2:code>01</ns2:code>
                                <ns2:name>товарная накладная</ns2:name>
                                <ns2:number>68048</ns2:number>
                                <ns2:contractPosition>
                                    <ns2:guid>cfbd02be-9fbb-4128-ad71-b5d8fbf9f376</ns2:guid>
                                    <ns2:name>Продукты переработки молока и побочные продукты прочие</ns2:name>
                                    <ns2:okpd2>
                                        <code>10.51.56.400</code>
                                        <name>Продукты переработки молока и побочные продукты прочие</name>
                                    </ns2:okpd2>
                                </ns2:contractPosition>
                                <ns2:okei>
                                    <code>876</code>
                                    <name>Условная единица</name>
                                </ns2:okei>
                                <ns2:qty>1</ns2:qty>
                            </ns2:doc>
                        </ns2:docs>
                    </ns2:position>
                    <ns2:position>
                        <ns2:ordinal>3</ns2:ordinal>
                        <ns2:paymentDate>2017-02-13</ns2:paymentDate>
                        <ns2:price>7090.6</ns2:price>
                        <ns2:currency>
                            <code>RUB</code>
                            <digitalCode>643</digitalCode>
                            <name>Российский рубль</name>
                        </ns2:currency>
                        <ns2:rubPrice>7090.6</ns2:rubPrice>
                        <ns2:prepaid>false</ns2:prepaid>
                        <ns2:docs>
                            <ns2:doc>
                                <ns2:ordinal>1</ns2:ordinal>
                                <ns2:date>2017-02-06</ns2:date>
                                <ns2:code>01</ns2:code>
                                <ns2:name>товарная накладная</ns2:name>
                                <ns2:number>64447</ns2:number>
                                <ns2:contractPosition>
                                    <ns2:guid>cfbd02be-9fbb-4128-ad71-b5d8fbf9f376</ns2:guid>
                                    <ns2:name>Продукты переработки молока и побочные продукты прочие</ns2:name>
                                    <ns2:okpd2>
                                        <code>10.51.56.400</code>
                                        <name>Продукты переработки молока и побочные продукты прочие</name>
                                    </ns2:okpd2>
                                </ns2:contractPosition>
                                <ns2:okei>
                                    <code>876</code>
                                    <name>Условная единица</name>
                                </ns2:okei>
                                <ns2:qty>1</ns2:qty>
                            </ns2:doc>
                        </ns2:docs>
                    </ns2:position>
                    <ns2:position>
                        <ns2:ordinal>1</ns2:ordinal>
                        <ns2:paymentDate>2017-02-07</ns2:paymentDate>
                        <ns2:price>7827.6</ns2:price>
                        <ns2:currency>
                            <code>RUB</code>
                            <digitalCode>643</digitalCode>
                            <name>Российский рубль</name>
                        </ns2:currency>
                        <ns2:rubPrice>7827.6</ns2:rubPrice>
                        <ns2:prepaid>false</ns2:prepaid>
                        <ns2:docs>
                            <ns2:doc>
                                <ns2:ordinal>1</ns2:ordinal>
                                <ns2:date>2017-01-30</ns2:date>
                                <ns2:code>01</ns2:code>
                                <ns2:name>товарная накладная</ns2:name>
                                <ns2:number>51342</ns2:number>
                                <ns2:contractPosition>
                                    <ns2:guid>cfbd02be-9fbb-4128-ad71-b5d8fbf9f376</ns2:guid>
                                    <ns2:name>Продукты переработки молока и побочные продукты прочие</ns2:name>
                                    <ns2:okpd2>
                                        <code>10.51.56.400</code>
                                        <name>Продукты переработки молока и побочные продукты прочие</name>
                                    </ns2:okpd2>
                                </ns2:contractPosition>
                                <ns2:okei>
                                    <code>876</code>
                                    <name>Условная единица</name>
                                </ns2:okei>
                                <ns2:qty>1</ns2:qty>
                            </ns2:doc>
                        </ns2:docs>
                    </ns2:position>
                    <ns2:position>
                        <ns2:ordinal>4</ns2:ordinal>
                        <ns2:paymentDate>2017-02-13</ns2:paymentDate>
                        <ns2:price>5389.45</ns2:price>
                        <ns2:currency>
                            <code>RUB</code>
                            <digitalCode>643</digitalCode>
                            <name>Российский рубль</name>
                        </ns2:currency>
                        <ns2:rubPrice>5389.45</ns2:rubPrice>
                        <ns2:prepaid>false</ns2:prepaid>
                        <ns2:docs>
                            <ns2:doc>
                                <ns2:ordinal>1</ns2:ordinal>
                                <ns2:date>2017-02-02</ns2:date>
                                <ns2:code>01</ns2:code>
                                <ns2:name>товарная накладная</ns2:name>
                                <ns2:number>57528</ns2:number>
                                <ns2:contractPosition>
                                    <ns2:guid>cfbd02be-9fbb-4128-ad71-b5d8fbf9f376</ns2:guid>
                                    <ns2:name>Продукты переработки молока и побочные продукты прочие</ns2:name>
                                    <ns2:okpd2>
                                        <code>10.51.56.400</code>
                                        <name>Продукты переработки молока и побочные продукты прочие</name>
                                    </ns2:okpd2>
                                </ns2:contractPosition>
                                <ns2:okei>
                                    <code>876</code>
                                    <name>Условная единица</name>
                                </ns2:okei>
                                <ns2:qty>1</ns2:qty>
                            </ns2:doc>
                        </ns2:docs>
                    </ns2:position>
                    <ns2:position>
                        <ns2:ordinal>2</ns2:ordinal>
                        <ns2:paymentDate>2017-02-09</ns2:paymentDate>
                        <ns2:price>1127.5</ns2:price>
                        <ns2:currency>
                            <code>RUB</code>
                            <digitalCode>643</digitalCode>
                            <name>Российский рубль</name>
                        </ns2:currency>
                        <ns2:rubPrice>1127.5</ns2:rubPrice>
                        <ns2:prepaid>false</ns2:prepaid>
                        <ns2:docs>
                            <ns2:doc>
                                <ns2:ordinal>1</ns2:ordinal>
                                <ns2:date>2017-01-31</ns2:date>
                                <ns2:code>01</ns2:code>
                                <ns2:name>товарная накладная</ns2:name>
                                <ns2:number>52572</ns2:number>
                                <ns2:contractPosition>
                                    <ns2:guid>cfbd02be-9fbb-4128-ad71-b5d8fbf9f376</ns2:guid>
                                    <ns2:name>Продукты переработки молока и побочные продукты прочие</ns2:name>
                                    <ns2:okpd2>
                                        <code>10.51.56.400</code>
                                        <name>Продукты переработки молока и побочные продукты прочие</name>
                                    </ns2:okpd2>
                                </ns2:contractPosition>
                                <ns2:okei>
                                    <code>876</code>
                                    <name>Условная единица</name>
                                </ns2:okei>
                                <ns2:qty>1</ns2:qty>
                            </ns2:doc>
                        </ns2:docs>
                    </ns2:position>
                    <ns2:position>
                        <ns2:ordinal>6</ns2:ordinal>
                        <ns2:paymentDate>2017-02-20</ns2:paymentDate>
                        <ns2:price>10327.9</ns2:price>
                        <ns2:currency>
                            <code>RUB</code>
                            <digitalCode>643</digitalCode>
                            <name>Российский рубль</name>
                        </ns2:currency>
                        <ns2:rubPrice>10327.9</ns2:rubPrice>
                        <ns2:prepaid>false</ns2:prepaid>
                        <ns2:docs>
                            <ns2:doc>
                                <ns2:ordinal>1</ns2:ordinal>
                                <ns2:date>2017-02-13</ns2:date>
                                <ns2:code>01</ns2:code>
                                <ns2:name>товарная накладная</ns2:name>
                                <ns2:number>77571</ns2:number>
                                <ns2:contractPosition>
                                    <ns2:guid>cfbd02be-9fbb-4128-ad71-b5d8fbf9f376</ns2:guid>
                                    <ns2:name>Продукты переработки молока и побочные продукты прочие</ns2:name>
                                    <ns2:okpd2>
                                        <code>10.51.56.400</code>
                                        <name>Продукты переработки молока и побочные продукты прочие</name>
                                    </ns2:okpd2>
                                </ns2:contractPosition>
                                <ns2:okei>
                                    <code>876</code>
                                    <name>Условная единица</name>
                                </ns2:okei>
                                <ns2:qty>1</ns2:qty>
                            </ns2:doc>
                        </ns2:docs>
                    </ns2:position>
                    <ns2:position>
                        <ns2:ordinal>7</ns2:ordinal>
                        <ns2:paymentDate>2017-02-22</ns2:paymentDate>
                        <ns2:price>3853.3</ns2:price>
                        <ns2:currency>
                            <code>RUB</code>
                            <digitalCode>643</digitalCode>
                            <name>Российский рубль</name>
                        </ns2:currency>
                        <ns2:rubPrice>3853.3</ns2:rubPrice>
                        <ns2:prepaid>false</ns2:prepaid>
                        <ns2:docs>
                            <ns2:doc>
                                <ns2:ordinal>1</ns2:ordinal>
                                <ns2:date>2017-02-15</ns2:date>
                                <ns2:code>01</ns2:code>
                                <ns2:name>товарная накладная</ns2:name>
                                <ns2:number>81375</ns2:number>
                                <ns2:contractPosition>
                                    <ns2:guid>cfbd02be-9fbb-4128-ad71-b5d8fbf9f376</ns2:guid>
                                    <ns2:name>Продукты переработки молока и побочные продукты прочие</ns2:name>
                                    <ns2:okpd2>
                                        <code>10.51.56.400</code>
                                        <name>Продукты переработки молока и побочные продукты прочие</name>
                                    </ns2:okpd2>
                                </ns2:contractPosition>
                                <ns2:okei>
                                    <code>876</code>
                                    <name>Условная единица</name>
                                </ns2:okei>
                                <ns2:qty>1</ns2:qty>
                            </ns2:doc>
                        </ns2:docs>
                    </ns2:position>
                    <ns2:position>
                        <ns2:ordinal>8</ns2:ordinal>
                        <ns2:paymentDate>2017-03-01</ns2:paymentDate>
                        <ns2:price>7090.6</ns2:price>
                        <ns2:currency>
                            <code>RUB</code>
                            <digitalCode>643</digitalCode>
                            <name>Российский рубль</name>
                        </ns2:currency>
                        <ns2:rubPrice>7090.6</ns2:rubPrice>
                        <ns2:prepaid>false</ns2:prepaid>
                        <ns2:docs>
                            <ns2:doc>
                                <ns2:ordinal>1</ns2:ordinal>
                                <ns2:date>2017-02-27</ns2:date>
                                <ns2:code>01</ns2:code>
                                <ns2:name>товарная накладная</ns2:name>
                                <ns2:number>104265</ns2:number>
                                <ns2:contractPosition>
                                    <ns2:guid>cfbd02be-9fbb-4128-ad71-b5d8fbf9f376</ns2:guid>
                                    <ns2:name>Продукты переработки молока и побочные продукты прочие</ns2:name>
                                    <ns2:okpd2>
                                        <code>10.51.56.400</code>
                                        <name>Продукты переработки молока и побочные продукты прочие</name>
                                    </ns2:okpd2>
                                </ns2:contractPosition>
                                <ns2:okei>
                                    <code>876</code>
                                    <name>Условная единица</name>
                                </ns2:okei>
                                <ns2:qty>1</ns2:qty>
                            </ns2:doc>
                        </ns2:docs>
                    </ns2:position>
                    <ns2:position>
                        <ns2:ordinal>10</ns2:ordinal>
                        <ns2:paymentDate>2017-03-13</ns2:paymentDate>
                        <ns2:price>10327.9</ns2:price>
                        <ns2:currency>
                            <code>RUB</code>
                            <digitalCode>643</digitalCode>
                            <name>Российский рубль</name>
                        </ns2:currency>
                        <ns2:rubPrice>10327.9</ns2:rubPrice>
                        <ns2:prepaid>false</ns2:prepaid>
                        <ns2:docs>
                            <ns2:doc>
                                <ns2:ordinal>1</ns2:ordinal>
                                <ns2:date>2017-03-01</ns2:date>
                                <ns2:code>01</ns2:code>
                                <ns2:name>товарная накладная</ns2:name>
                                <ns2:number>107721</ns2:number>
                                <ns2:contractPosition>
                                    <ns2:guid>cfbd02be-9fbb-4128-ad71-b5d8fbf9f376</ns2:guid>
                                    <ns2:name>Продукты переработки молока и побочные продукты прочие</ns2:name>
                                    <ns2:okpd2>
                                        <code>10.51.56.400</code>
                                        <name>Продукты переработки молока и побочные продукты прочие</name>
                                    </ns2:okpd2>
                                </ns2:contractPosition>
                                <ns2:okei>
                                    <code>876</code>
                                    <name>Условная единица</name>
                                </ns2:okei>
                                <ns2:qty>1</ns2:qty>
                            </ns2:doc>
                        </ns2:docs>
                    </ns2:position>
                    <ns2:position>
                        <ns2:ordinal>12</ns2:ordinal>
                        <ns2:paymentDate>2017-03-13</ns2:paymentDate>
                        <ns2:price>10327.9</ns2:price>
                        <ns2:currency>
                            <code>RUB</code>
                            <digitalCode>643</digitalCode>
                            <name>Российский рубль</name>
                        </ns2:currency>
                        <ns2:rubPrice>10327.9</ns2:rubPrice>
                        <ns2:prepaid>false</ns2:prepaid>
                        <ns2:docs>
                            <ns2:doc>
                                <ns2:ordinal>1</ns2:ordinal>
                                <ns2:date>2017-03-06</ns2:date>
                                <ns2:code>01</ns2:code>
                                <ns2:name>товарная накладная</ns2:name>
                                <ns2:number>117289</ns2:number>
                                <ns2:contractPosition>
                                    <ns2:guid>cfbd02be-9fbb-4128-ad71-b5d8fbf9f376</ns2:guid>
                                    <ns2:name>Продукты переработки молока и побочные продукты прочие</ns2:name>
                                    <ns2:okpd2>
                                        <code>10.51.56.400</code>
                                        <name>Продукты переработки молока и побочные продукты прочие</name>
                                    </ns2:okpd2>
                                </ns2:contractPosition>
                                <ns2:okei>
                                    <code>876</code>
                                    <name>Условная единица</name>
                                </ns2:okei>
                                <ns2:qty>1</ns2:qty>
                            </ns2:doc>
                        </ns2:docs>
                    </ns2:position>
                    <ns2:position>
                        <ns2:ordinal>14</ns2:ordinal>
                        <ns2:paymentDate>2017-03-22</ns2:paymentDate>
                        <ns2:price>7090.6</ns2:price>
                        <ns2:currency>
                            <code>RUB</code>
                            <digitalCode>643</digitalCode>
                            <name>Российский рубль</name>
                        </ns2:currency>
                        <ns2:rubPrice>7090.6</ns2:rubPrice>
                        <ns2:prepaid>false</ns2:prepaid>
                        <ns2:docs>
                            <ns2:doc>
                                <ns2:ordinal>1</ns2:ordinal>
                                <ns2:date>2017-03-15</ns2:date>
                                <ns2:code>01</ns2:code>
                                <ns2:name>товарная накладная</ns2:name>
                                <ns2:number>134505</ns2:number>
                                <ns2:contractPosition>
                                    <ns2:guid>cfbd02be-9fbb-4128-ad71-b5d8fbf9f376</ns2:guid>
                                    <ns2:name>Продукты переработки молока и побочные продукты прочие</ns2:name>
                                    <ns2:okpd2>
                                        <code>10.51.56.400</code>
                                        <name>Продукты переработки молока и побочные продукты прочие</name>
                                    </ns2:okpd2>
                                </ns2:contractPosition>
                                <ns2:okei>
                                    <code>876</code>
                                    <name>Условная единица</name>
                                </ns2:okei>
                                <ns2:qty>1</ns2:qty>
                            </ns2:doc>
                        </ns2:docs>
                    </ns2:position>
                    <ns2:position>
                        <ns2:ordinal>13</ns2:ordinal>
                        <ns2:paymentDate>2017-03-22</ns2:paymentDate>
                        <ns2:price>4755.3</ns2:price>
                        <ns2:currency>
                            <code>RUB</code>
                            <digitalCode>643</digitalCode>
                            <name>Российский рубль</name>
                        </ns2:currency>
                        <ns2:rubPrice>4755.3</ns2:rubPrice>
                        <ns2:prepaid>false</ns2:prepaid>
                        <ns2:docs>
                            <ns2:doc>
                                <ns2:ordinal>1</ns2:ordinal>
                                <ns2:date>2017-03-13</ns2:date>
                                <ns2:code>01</ns2:code>
                                <ns2:name>товарная накладная</ns2:name>
                                <ns2:number>130701</ns2:number>
                                <ns2:contractPosition>
                                    <ns2:guid>cfbd02be-9fbb-4128-ad71-b5d8fbf9f376</ns2:guid>
                                    <ns2:name>Продукты переработки молока и побочные продукты прочие</ns2:name>
                                    <ns2:okpd2>
                                        <code>10.51.56.400</code>
                                        <name>Продукты переработки молока и побочные продукты прочие</name>
                                    </ns2:okpd2>
                                </ns2:contractPosition>
                                <ns2:okei>
                                    <code>876</code>
                                    <name>Условная единица</name>
                                </ns2:okei>
                                <ns2:qty>1</ns2:qty>
                            </ns2:doc>
                        </ns2:docs>
                    </ns2:position>
                    <ns2:position>
                        <ns2:ordinal>15</ns2:ordinal>
                        <ns2:paymentDate>2017-03-29</ns2:paymentDate>
                        <ns2:price>16681.68</ns2:price>
                        <ns2:currency>
                            <code>RUB</code>
                            <digitalCode>643</digitalCode>
                            <name>Российский рубль</name>
                        </ns2:currency>
                        <ns2:rubPrice>16681.68</ns2:rubPrice>
                        <ns2:prepaid>false</ns2:prepaid>
                        <ns2:docs>
                            <ns2:doc>
                                <ns2:ordinal>1</ns2:ordinal>
                                <ns2:date>2017-03-22</ns2:date>
                                <ns2:code>01</ns2:code>
                                <ns2:name>товарная накладная</ns2:name>
                                <ns2:number>148321</ns2:number>
                                <ns2:contractPosition>
                                    <ns2:guid>cfbd02be-9fbb-4128-ad71-b5d8fbf9f376</ns2:guid>
                                    <ns2:name>Продукты переработки молока и побочные продукты прочие</ns2:name>
                                    <ns2:okpd2>
                                        <code>10.51.56.400</code>
                                        <name>Продукты переработки молока и побочные продукты прочие</name>
                                    </ns2:okpd2>
                                </ns2:contractPosition>
                                <ns2:okei>
                                    <code>876</code>
                                    <name>Условная единица</name>
                                </ns2:okei>
                                <ns2:qty>1</ns2:qty>
                            </ns2:doc>
                        </ns2:docs>
                    </ns2:position>
                    <ns2:total>115665.73</ns2:total>
                </ns2:positions>
            </ns2:performanceContractData>
        </ns2:item>
    </ns2:body>
</ns2:performanceContract>
