<?xml version="1.0" encoding="UTF-8" standalone="yes"?>
<ns2:performanceContract xsi:schemaLocation="http://zakupki.gov.ru/223/integration/schema/TFF-5.2 http://zakupki.gov.ru/223/integration/schema/TFF-5.2/Types.xsd" xmlns="http://zakupki.gov.ru/223fz/types/1" xmlns:ns10="http://zakupki.gov.ru/223fz/disagreementProtocol/1" xmlns:ns11="http://zakupki.gov.ru/223fz/purchase/1" xmlns:ns12="http://zakupki.gov.ru/223fz/machineryListInfo/1" xmlns:ns13="http://zakupki.gov.ru/223fz/revenue/1" xmlns:ns14="http://zakupki.gov.ru/223fz/orderClauseList/1" xmlns:ns15="http://zakupki.gov.ru/223fz/complaint/1" xmlns:ns16="http://zakupki.gov.ru/223fz/missedNotice/1" xmlns:ns17="http://zakupki.gov.ru/223fz/notificationIssue/1" xmlns:ns18="http://zakupki.gov.ru/223fz/purchasePlanProject/1" xmlns:ns19="http://zakupki.gov.ru/223fz/webRequest/1" xmlns:ns2="http://zakupki.gov.ru/223fz/contract/1" xmlns:xsi="http://www.w3.org/2001/XMLSchema-instance" xmlns:ns3="http://zakupki.gov.ru/223fz/dishonestSupplier/1" xmlns:ns4="http://zakupki.gov.ru/223fz/decisionSuspension/1" xmlns:ns5="http://zakupki.gov.ru/223fz/purchasePlanAdditionalPosition/1" xmlns:ns6="http://zakupki.gov.ru/223fz/purchasePlan/1" xmlns:ns7="http://zakupki.gov.ru/223fz/purchasePlanProjectAdditionalPosition/1" xmlns:ns8="http://zakupki.gov.ru/223fz/reference/1" xmlns:ns9="http://zakupki.gov.ru/223fz/stopCommodity/1">
    <header>
        <guid>9ec08ffa-ac8e-4837-81c5-9b245fe321ad</guid>
        <createDateTime>2017-03-30T12:40:47</createDateTime>
    </header>
    <ns2:body>
        <ns2:item>
            <guid>cfd4662c-e7a7-406e-a679-7f31ca263df7</guid>
            <ns2:performanceContractData>
                <ns2:guid>e777db18-3fd6-4fd0-80bf-62b491a9030a</ns2:guid>
                <ns2:registrationNumber>56608002436160000810130</ns2:registrationNumber>
                <ns2:urlOOS>https://zakupki.gov.ru/223/contract/private/completing/info/view.html?id=2665891</ns2:urlOOS>
                <ns2:createDateTime>2016-10-26T14:32:49</ns2:createDateTime>
                <ns2:customer>
                    <mainInfo>
                        <fullName>Екатеринбургское муниципальное унитарное предприятие "Екатеринбургский метрополитен"</fullName>
                        <shortName>"Метрополитен"</shortName>
                        <iko>56608002436665801001</iko>
                        <inn>6608002436</inn>
                        <kpp>665801001</kpp>
                        <ogrn>1026602326068</ogrn>
                        <legalAddress>620014, Свердловская, Екатеринбург, Володарского, дом 3</legalAddress>
                        <postalAddress>620014, г. Екатеринбург, ул. Володарского, д. 3</postalAddress>
                        <phone>7-343-3580000</phone>
                        <fax>7-234-3580321</fax>
                        <email>n@metro-ektb.ru</email>
                        <okato>65401000000</okato>
                        <okpo>04867888</okpo>
                    </mainInfo>
                </ns2:customer>
                <ns2:placer>
                    <mainInfo>
                        <fullName>Екатеринбургское муниципальное унитарное предприятие "Екатеринбургский метрополитен"</fullName>
                        <shortName>"Метрополитен"</shortName>
                        <iko>56608002436665801001</iko>
                        <inn>6608002436</inn>
                        <kpp>665801001</kpp>
                        <ogrn>1026602326068</ogrn>
                        <legalAddress>620014, Свердловская, Екатеринбург, Володарского, дом 3</legalAddress>
                        <postalAddress>620014, г. Екатеринбург, ул. Володарского, д. 3</postalAddress>
                        <phone>7-343-3580000</phone>
                        <fax>7-234-3580321</fax>
                        <email>n@metro-ektb.ru</email>
                        <okato>65401000000</okato>
                        <okpo>04867888</okpo>
                    </mainInfo>
                </ns2:placer>
                <ns2:publicationDate>2017-03-30T12:40:47</ns2:publicationDate>
                <ns2:status>P</ns2:status>
                <ns2:version>1</ns2:version>
                <ns2:completed>false</ns2:completed>
                <ns2:attachments>
                    <totalDocumentsCount>16</totalDocumentsCount>
                    <document>
                        <guid>95842536-1f4b-4369-804a-36afceaf843e</guid>
                        <createDateTime>2017-03-30T12:39:49</createDateTime>
                        <fileName>Счет № 00000011933 от 27.03.2017.pdf</fileName>
                        <description>Счет № 00000011933 от 27.03.2017</description>
                        <url>https://zakupki.gov.ru/223/contract/private/download/download.html?id=11732768</url>
                        <registrationNumber>56608002436160000810131</registrationNumber>
                    </document>
                    <document>
                        <guid>41c7c079-6631-4cfc-be3c-52402a772579</guid>
                        <createDateTime>2017-03-30T12:35:09</createDateTime>
                        <fileName>Счет № 00000011894 от 27.03.2017.pdf</fileName>
                        <description>Счет № 00000011894 от 27.03.2017</description>
                        <url>https://zakupki.gov.ru/223/contract/private/download/download.html?id=11732259</url>
                        <registrationNumber>56608002436160000810132</registrationNumber>
                    </document>
                    <document>
                        <guid>f44be45b-1b89-4a30-9be1-a651ec2f183a</guid>
                        <createDateTime>2017-03-30T12:36:08</createDateTime>
                        <fileName>Счет № 00000011922 от 27.03.2017.pdf</fileName>
                        <description>Счет № 00000011922 от 27.03.2017</description>
                        <url>https://zakupki.gov.ru/223/contract/private/download/download.html?id=11732387</url>
                        <registrationNumber>56608002436160000810133</registrationNumber>
                    </document>
                    <document>
                        <guid>e3810983-960a-43c4-856b-bdda56edc1a5</guid>
                        <createDateTime>2017-03-30T12:35:48</createDateTime>
                        <fileName>Счет № 00000011914 от 27.03.2017.pdf</fileName>
                        <description>Счет № 00000011914 от 27.03.2017</description>
                        <url>https://zakupki.gov.ru/223/contract/private/download/download.html?id=11732358</url>
                        <registrationNumber>56608002436160000810134</registrationNumber>
                    </document>
                    <document>
                        <guid>3f753cc7-03a9-43a9-ab12-788a6381f107</guid>
                        <createDateTime>2017-03-30T12:38:31</createDateTime>
                        <fileName>Счет № 00000011936 от 27.03.2017.pdf</fileName>
                        <description>Счет № 00000011936 от 27.03.2017</description>
                        <url>https://zakupki.gov.ru/223/contract/private/download/download.html?id=11732710</url>
                        <registrationNumber>56608002436160000810135</registrationNumber>
                    </document>
                    <document>
                        <guid>85fc1679-e992-497a-a7fa-e6881e0062f7</guid>
                        <createDateTime>2017-03-30T12:37:52</createDateTime>
                        <fileName>Счет № 00000011888 от 27.03.2017.pdf</fileName>
                        <description>Счет № 00000011888 от 27.03.2017</description>
                        <url>https://zakupki.gov.ru/223/contract/private/download/download.html?id=11732652</url>
                        <registrationNumber>56608002436160000810136</registrationNumber>
                    </document>
                    <document>
                        <guid>53868ca0-4f16-4209-a4c2-67495f2043bb</guid>
                        <createDateTime>2017-03-30T12:34:45</createDateTime>
                        <fileName>Платежное поручение № 1273 от 29.03.2017.pdf</fileName>
                        <description>Платежное поручение № 1273 от 29.03.2017</description>
                        <url>https://zakupki.gov.ru/223/contract/private/download/download.html?id=11732237</url>
                        <registrationNumber>56608002436160000810137</registrationNumber>
                    </document>
                    <document>
                        <guid>71217fd0-c428-4cf9-9ea5-9547fbc4650a</guid>
                        <createDateTime>2017-03-30T12:40:10</createDateTime>
                        <fileName>Счет № 00000011902 от 27.03.2017.pdf</fileName>
                        <description>Счет № 00000011902 от 27.03.2017</description>
                        <url>https://zakupki.gov.ru/223/contract/private/download/download.html?id=11732784</url>
                        <registrationNumber>56608002436160000810138</registrationNumber>
                    </document>
                    <document>
                        <guid>c7c90c2f-ee3a-4e3b-838b-0c9cad83ea64</guid>
                        <createDateTime>2017-03-30T12:36:54</createDateTime>
                        <fileName>Счет № 00000011908 от 27.03.2017.pdf</fileName>
                        <description>Счет № 00000011908 от 27.03.2017</description>
                        <url>https://zakupki.gov.ru/223/contract/private/download/download.html?id=11732433</url>
                        <registrationNumber>56608002436160000810139</registrationNumber>
                    </document>
                    <document>
                        <guid>d39bbcf0-11f1-48a9-9613-0288cfc254c7</guid>
                        <createDateTime>2017-03-30T12:38:49</createDateTime>
                        <fileName>Счет № 00000011915 от 27.03.2017.pdf</fileName>
                        <description>Счет № 00000011915 от 27.03.2017</description>
                        <url>https://zakupki.gov.ru/223/contract/private/download/download.html?id=11732722</url>
                        <registrationNumber>56608002436160000810140</registrationNumber>
                    </document>
                    <document>
                        <guid>96b2ab95-1f92-413b-8645-e3be3a9db9e0</guid>
                        <createDateTime>2017-03-30T12:35:32</createDateTime>
                        <fileName>Счет № 00000011899 от 27.03.2017.pdf</fileName>
                        <description>Счет № 00000011899 от 27.03.2017</description>
                        <url>https://zakupki.gov.ru/223/contract/private/download/download.html?id=11732309</url>
                        <registrationNumber>56608002436160000810141</registrationNumber>
                    </document>
                    <document>
                        <guid>17c4384a-9ea2-4504-b310-16c568d6e9b6</guid>
                        <createDateTime>2017-03-30T12:39:28</createDateTime>
                        <fileName>Счет № 00000011927 от 27.03.2017.pdf</fileName>
                        <description>Счет № 00000011927 от 27.03.2017</description>
                        <url>https://zakupki.gov.ru/223/contract/private/download/download.html?id=11732758</url>
                        <registrationNumber>56608002436160000810142</registrationNumber>
                    </document>
                    <document>
                        <guid>8c51d382-afae-4856-888d-e9b5fae7c81d</guid>
                        <createDateTime>2017-03-30T12:37:15</createDateTime>
                        <fileName>Счет № 00000011931 от 27.03.2017.pdf</fileName>
                        <description>Счет № 00000011931 от 27.03.2017</description>
                        <url>https://zakupki.gov.ru/223/contract/private/download/download.html?id=11732441</url>
                        <registrationNumber>56608002436160000810143</registrationNumber>
                    </document>
                    <document>
                        <guid>83ca56d3-b38f-44d3-9abf-bf1c2540ba9a</guid>
                        <createDateTime>2017-03-30T12:36:32</createDateTime>
                        <fileName>Счет № 00000011913 от 27.03.2017.pdf</fileName>
                        <description>Счет № 00000011913 от 27.03.2017</description>
                        <url>https://zakupki.gov.ru/223/contract/private/download/download.html?id=11732412</url>
                        <registrationNumber>56608002436160000810144</registrationNumber>
                    </document>
                    <document>
                        <guid>222868b1-4397-4fd3-a00d-babc37c79072</guid>
                        <createDateTime>2017-03-30T12:39:04</createDateTime>
                        <fileName>Счет № 00000011916 от 27.03.2017.pdf</fileName>
                        <description>Счет № 00000011916 от 27.03.2017</description>
                        <url>https://zakupki.gov.ru/223/contract/private/download/download.html?id=11732734</url>
                        <registrationNumber>56608002436160000810145</registrationNumber>
                    </document>
                    <document>
                        <guid>fbff0f4f-8d93-4656-ad03-6b6bab0c33b5</guid>
                        <createDateTime>2017-03-30T12:38:09</createDateTime>
                        <fileName>Счет № 00000011897 от 27.03.2017.pdf</fileName>
                        <description>Счет № 00000011897 от 27.03.2017</description>
                        <url>https://zakupki.gov.ru/223/contract/private/download/download.html?id=11732671</url>
                        <registrationNumber>56608002436160000810146</registrationNumber>
                    </document>
                </ns2:attachments>
                <ns2:hasPenalty>false</ns2:hasPenalty>
                <ns2:contractRegNumber>56608002436160000810000</ns2:contractRegNumber>
                <ns2:contractInfo>
                    <ns2:guid>e589b283-9472-4a79-8120-06e17cb9f7e9</ns2:guid>
                    <ns2:name>2661/1500/К/82НТО-2016</ns2:name>
                    <ns2:agencyName>"Метрополитен"</ns2:agencyName>
                    <ns2:supplierName>ФЕДЕРАЛЬНОЕ БЮДЖЕТНОЕ УЧРЕЖДЕНИЕ "ГОСУДАРСТВЕННЫЙ РЕГИОНАЛЬНЫЙ ЦЕНТР СТАНДАРТИЗАЦИИ, МЕТРОЛОГИИ И ИСПЫТАНИЙ В СВЕРДЛОВСКОЙ ОБЛАСТИ"</ns2:supplierName>
                    <ns2:lotInfo>Оказние услуг по обеспечению единства измерений в установленной области деятельности</ns2:lotInfo>
                    <ns2:contractDate>2016-10-25</ns2:contractDate>
                </ns2:contractInfo>
                <ns2:positions>
                    <ns2:position>
                        <ns2:ordinal>15</ns2:ordinal>
                        <ns2:paymentDate>2017-03-29</ns2:paymentDate>
                        <ns2:price>2301</ns2:price>
                        <ns2:currency>
                            <code>RUB</code>
                            <digitalCode>643</digitalCode>
                            <name>Российский рубль</name>
                        </ns2:currency>
                        <ns2:rubPrice>2301</ns2:rubPrice>
                        <ns2:prepaid>false</ns2:prepaid>
                        <ns2:docs>
                            <ns2:doc>
                                <ns2:ordinal>1</ns2:ordinal>
                                <ns2:date>2017-03-27</ns2:date>
                                <ns2:code>18</ns2:code>
                                <ns2:name>счет на оплату</ns2:name>
                                <ns2:number>00000011902</ns2:number>
                                <ns2:contractPosition>
                                    <ns2:guid>40865d30-ff18-4ffb-9b29-38cb2457534b</ns2:guid>
                                    <ns2:name>Услуги в области технического регулирования, стандартизации, метрологии, аккредитации, каталогизации продукции</ns2:name>
                                    <ns2:okpd2>
                                        <code>71.12.4</code>
                                        <name>Услуги в области технического регулирования, стандартизации, метрологии, аккредитации, каталогизации продукции</name>
                                    </ns2:okpd2>
                                </ns2:contractPosition>
                                <ns2:okei>
                                    <code>876</code>
                                    <name>Условная единица</name>
                                </ns2:okei>
                                <ns2:qty>0</ns2:qty>
                            </ns2:doc>
                        </ns2:docs>
                    </ns2:position>
                    <ns2:position>
                        <ns2:ordinal>5</ns2:ordinal>
                        <ns2:paymentDate>2017-03-29</ns2:paymentDate>
                        <ns2:price>512.12</ns2:price>
                        <ns2:currency>
                            <code>RUB</code>
                            <digitalCode>643</digitalCode>
                            <name>Российский рубль</name>
                        </ns2:currency>
                        <ns2:rubPrice>512.12</ns2:rubPrice>
                        <ns2:prepaid>false</ns2:prepaid>
                        <ns2:docs>
                            <ns2:doc>
                                <ns2:ordinal>1</ns2:ordinal>
                                <ns2:date>2017-03-27</ns2:date>
                                <ns2:code>18</ns2:code>
                                <ns2:name>счет на оплату</ns2:name>
                                <ns2:number>00000011913</ns2:number>
                                <ns2:contractPosition>
                                    <ns2:guid>40865d30-ff18-4ffb-9b29-38cb2457534b</ns2:guid>
                                    <ns2:name>Услуги в области технического регулирования, стандартизации, метрологии, аккредитации, каталогизации продукции</ns2:name>
                                    <ns2:okpd2>
                                        <code>71.12.4</code>
                                        <name>Услуги в области технического регулирования, стандартизации, метрологии, аккредитации, каталогизации продукции</name>
                                    </ns2:okpd2>
                                </ns2:contractPosition>
                                <ns2:okei>
                                    <code>876</code>
                                    <name>Условная единица</name>
                                </ns2:okei>
                                <ns2:qty>0</ns2:qty>
                            </ns2:doc>
                        </ns2:docs>
                    </ns2:position>
                    <ns2:position>
                        <ns2:ordinal>8</ns2:ordinal>
                        <ns2:paymentDate>2017-03-29</ns2:paymentDate>
                        <ns2:price>13777.68</ns2:price>
                        <ns2:currency>
                            <code>RUB</code>
                            <digitalCode>643</digitalCode>
                            <name>Российский рубль</name>
                        </ns2:currency>
                        <ns2:rubPrice>13777.68</ns2:rubPrice>
                        <ns2:prepaid>false</ns2:prepaid>
                        <ns2:docs>
                            <ns2:doc>
                                <ns2:ordinal>1</ns2:ordinal>
                                <ns2:date>2017-03-27</ns2:date>
                                <ns2:code>18</ns2:code>
                                <ns2:name>счет на оплату</ns2:name>
                                <ns2:number>00000011888</ns2:number>
                                <ns2:contractPosition>
                                    <ns2:guid>40865d30-ff18-4ffb-9b29-38cb2457534b</ns2:guid>
                                    <ns2:name>Услуги в области технического регулирования, стандартизации, метрологии, аккредитации, каталогизации продукции</ns2:name>
                                    <ns2:okpd2>
                                        <code>71.12.4</code>
                                        <name>Услуги в области технического регулирования, стандартизации, метрологии, аккредитации, каталогизации продукции</name>
                                    </ns2:okpd2>
                                </ns2:contractPosition>
                                <ns2:okei>
                                    <code>876</code>
                                    <name>Условная единица</name>
                                </ns2:okei>
                                <ns2:qty>0</ns2:qty>
                            </ns2:doc>
                        </ns2:docs>
                    </ns2:position>
                    <ns2:position>
                        <ns2:ordinal>7</ns2:ordinal>
                        <ns2:paymentDate>2017-03-29</ns2:paymentDate>
                        <ns2:price>5661.64</ns2:price>
                        <ns2:currency>
                            <code>RUB</code>
                            <digitalCode>643</digitalCode>
                            <name>Российский рубль</name>
                        </ns2:currency>
                        <ns2:rubPrice>5661.64</ns2:rubPrice>
                        <ns2:prepaid>false</ns2:prepaid>
                        <ns2:docs>
                            <ns2:doc>
                                <ns2:ordinal>1</ns2:ordinal>
                                <ns2:date>2017-03-27</ns2:date>
                                <ns2:code>18</ns2:code>
                                <ns2:name>счет на оплату</ns2:name>
                                <ns2:number>00000011931</ns2:number>
                                <ns2:contractPosition>
                                    <ns2:guid>40865d30-ff18-4ffb-9b29-38cb2457534b</ns2:guid>
                                    <ns2:name>Услуги в области технического регулирования, стандартизации, метрологии, аккредитации, каталогизации продукции</ns2:name>
                                    <ns2:okpd2>
                                        <code>71.12.4</code>
                                        <name>Услуги в области технического регулирования, стандартизации, метрологии, аккредитации, каталогизации продукции</name>
                                    </ns2:okpd2>
                                </ns2:contractPosition>
                                <ns2:okei>
                                    <code>876</code>
                                    <name>Условная единица</name>
                                </ns2:okei>
                                <ns2:qty>0</ns2:qty>
                            </ns2:doc>
                        </ns2:docs>
                    </ns2:position>
                    <ns2:position>
                        <ns2:ordinal>3</ns2:ordinal>
                        <ns2:paymentDate>2017-03-29</ns2:paymentDate>
                        <ns2:price>6448.7</ns2:price>
                        <ns2:currency>
                            <code>RUB</code>
                            <digitalCode>643</digitalCode>
                            <name>Российский рубль</name>
                        </ns2:currency>
                        <ns2:rubPrice>6448.7</ns2:rubPrice>
                        <ns2:prepaid>false</ns2:prepaid>
                        <ns2:docs>
                            <ns2:doc>
                                <ns2:ordinal>1</ns2:ordinal>
                                <ns2:date>2017-03-27</ns2:date>
                                <ns2:code>18</ns2:code>
                                <ns2:name>счет на оплату</ns2:name>
                                <ns2:number>00000011914</ns2:number>
                                <ns2:contractPosition>
                                    <ns2:guid>40865d30-ff18-4ffb-9b29-38cb2457534b</ns2:guid>
                                    <ns2:name>Услуги в области технического регулирования, стандартизации, метрологии, аккредитации, каталогизации продукции</ns2:name>
                                    <ns2:okpd2>
                                        <code>71.12.4</code>
                                        <name>Услуги в области технического регулирования, стандартизации, метрологии, аккредитации, каталогизации продукции</name>
                                    </ns2:okpd2>
                                </ns2:contractPosition>
                                <ns2:okei>
                                    <code>876</code>
                                    <name>Условная единица</name>
                                </ns2:okei>
                                <ns2:qty>0</ns2:qty>
                            </ns2:doc>
                        </ns2:docs>
                    </ns2:position>
                    <ns2:position>
                        <ns2:ordinal>1</ns2:ordinal>
                        <ns2:paymentDate>2017-03-29</ns2:paymentDate>
                        <ns2:price>6419.2</ns2:price>
                        <ns2:currency>
                            <code>RUB</code>
                            <digitalCode>643</digitalCode>
                            <name>Российский рубль</name>
                        </ns2:currency>
                        <ns2:rubPrice>6419.2</ns2:rubPrice>
                        <ns2:prepaid>false</ns2:prepaid>
                        <ns2:docs>
                            <ns2:doc>
                                <ns2:ordinal>1</ns2:ordinal>
                                <ns2:date>2017-03-27</ns2:date>
                                <ns2:code>18</ns2:code>
                                <ns2:name>счет на оплату</ns2:name>
                                <ns2:number>00000011894</ns2:number>
                                <ns2:contractPosition>
                                    <ns2:guid>40865d30-ff18-4ffb-9b29-38cb2457534b</ns2:guid>
                                    <ns2:name>Услуги в области технического регулирования, стандартизации, метрологии, аккредитации, каталогизации продукции</ns2:name>
                                    <ns2:okpd2>
                                        <code>71.12.4</code>
                                        <name>Услуги в области технического регулирования, стандартизации, метрологии, аккредитации, каталогизации продукции</name>
                                    </ns2:okpd2>
                                </ns2:contractPosition>
                                <ns2:okei>
                                    <code>876</code>
                                    <name>Условная единица</name>
                                </ns2:okei>
                                <ns2:qty>0</ns2:qty>
                            </ns2:doc>
                        </ns2:docs>
                    </ns2:position>
                    <ns2:position>
                        <ns2:ordinal>2</ns2:ordinal>
                        <ns2:paymentDate>2017-03-29</ns2:paymentDate>
                        <ns2:price>1449.04</ns2:price>
                        <ns2:currency>
                            <code>RUB</code>
                            <digitalCode>643</digitalCode>
                            <name>Российский рубль</name>
                        </ns2:currency>
                        <ns2:rubPrice>1449.04</ns2:rubPrice>
                        <ns2:prepaid>false</ns2:prepaid>
                        <ns2:docs>
                            <ns2:doc>
                                <ns2:ordinal>1</ns2:ordinal>
                                <ns2:date>2017-03-27</ns2:date>
                                <ns2:code>18</ns2:code>
                                <ns2:name>счет на оплату</ns2:name>
                                <ns2:number>00000011899</ns2:number>
                                <ns2:contractPosition>
                                    <ns2:guid>40865d30-ff18-4ffb-9b29-38cb2457534b</ns2:guid>
                                    <ns2:name>Услуги в области технического регулирования, стандартизации, метрологии, аккредитации, каталогизации продукции</ns2:name>
                                    <ns2:okpd2>
                                        <code>71.12.4</code>
                                        <name>Услуги в области технического регулирования, стандартизации, метрологии, аккредитации, каталогизации продукции</name>
                                    </ns2:okpd2>
                                </ns2:contractPosition>
                                <ns2:okei>
                                    <code>876</code>
                                    <name>Условная единица</name>
                                </ns2:okei>
                                <ns2:qty>0</ns2:qty>
                            </ns2:doc>
                        </ns2:docs>
                    </ns2:position>
                    <ns2:position>
                        <ns2:ordinal>4</ns2:ordinal>
                        <ns2:paymentDate>2017-03-29</ns2:paymentDate>
                        <ns2:price>8762.68</ns2:price>
                        <ns2:currency>
                            <code>RUB</code>
                            <digitalCode>643</digitalCode>
                            <name>Российский рубль</name>
                        </ns2:currency>
                        <ns2:rubPrice>8762.68</ns2:rubPrice>
                        <ns2:prepaid>false</ns2:prepaid>
                        <ns2:docs>
                            <ns2:doc>
                                <ns2:ordinal>1</ns2:ordinal>
                                <ns2:date>2017-03-27</ns2:date>
                                <ns2:code>18</ns2:code>
                                <ns2:name>счет на оплату</ns2:name>
                                <ns2:number>00000011922</ns2:number>
                                <ns2:contractPosition>
                                    <ns2:guid>40865d30-ff18-4ffb-9b29-38cb2457534b</ns2:guid>
                                    <ns2:name>Услуги в области технического регулирования, стандартизации, метрологии, аккредитации, каталогизации продукции</ns2:name>
                                    <ns2:okpd2>
                                        <code>71.12.4</code>
                                        <name>Услуги в области технического регулирования, стандартизации, метрологии, аккредитации, каталогизации продукции</name>
                                    </ns2:okpd2>
                                </ns2:contractPosition>
                                <ns2:okei>
                                    <code>876</code>
                                    <name>Условная единица</name>
                                </ns2:okei>
                                <ns2:qty>0</ns2:qty>
                            </ns2:doc>
                        </ns2:docs>
                    </ns2:position>
                    <ns2:position>
                        <ns2:ordinal>6</ns2:ordinal>
                        <ns2:paymentDate>2017-03-29</ns2:paymentDate>
                        <ns2:price>4715.28</ns2:price>
                        <ns2:currency>
                            <code>RUB</code>
                            <digitalCode>643</digitalCode>
                            <name>Российский рубль</name>
                        </ns2:currency>
                        <ns2:rubPrice>4715.28</ns2:rubPrice>
                        <ns2:prepaid>false</ns2:prepaid>
                        <ns2:docs>
                            <ns2:doc>
                                <ns2:ordinal>1</ns2:ordinal>
                                <ns2:date>2017-03-27</ns2:date>
                                <ns2:code>18</ns2:code>
                                <ns2:name>счет на оплату</ns2:name>
                                <ns2:number>00000011908</ns2:number>
                                <ns2:contractPosition>
                                    <ns2:guid>40865d30-ff18-4ffb-9b29-38cb2457534b</ns2:guid>
                                    <ns2:name>Услуги в области технического регулирования, стандартизации, метрологии, аккредитации, каталогизации продукции</ns2:name>
                                    <ns2:okpd2>
                                        <code>71.12.4</code>
                                        <name>Услуги в области технического регулирования, стандартизации, метрологии, аккредитации, каталогизации продукции</name>
                                    </ns2:okpd2>
                                </ns2:contractPosition>
                                <ns2:okei>
                                    <code>876</code>
                                    <name>Условная единица</name>
                                </ns2:okei>
                                <ns2:qty>0</ns2:qty>
                            </ns2:doc>
                        </ns2:docs>
                    </ns2:position>
                    <ns2:position>
                        <ns2:ordinal>9</ns2:ordinal>
                        <ns2:paymentDate>2017-03-29</ns2:paymentDate>
                        <ns2:price>2614.88</ns2:price>
                        <ns2:currency>
                            <code>RUB</code>
                            <digitalCode>643</digitalCode>
                            <name>Российский рубль</name>
                        </ns2:currency>
                        <ns2:rubPrice>2614.88</ns2:rubPrice>
                        <ns2:prepaid>false</ns2:prepaid>
                        <ns2:docs>
                            <ns2:doc>
                                <ns2:ordinal>1</ns2:ordinal>
                                <ns2:date>2017-03-27</ns2:date>
                                <ns2:code>18</ns2:code>
                                <ns2:name>счет на оплату</ns2:name>
                                <ns2:number>00000011897</ns2:number>
                                <ns2:contractPosition>
                                    <ns2:guid>40865d30-ff18-4ffb-9b29-38cb2457534b</ns2:guid>
                                    <ns2:name>Услуги в области технического регулирования, стандартизации, метрологии, аккредитации, каталогизации продукции</ns2:name>
                                    <ns2:okpd2>
                                        <code>71.12.4</code>
                                        <name>Услуги в области технического регулирования, стандартизации, метрологии, аккредитации, каталогизации продукции</name>
                                    </ns2:okpd2>
                                </ns2:contractPosition>
                                <ns2:okei>
                                    <code>876</code>
                                    <name>Условная единица</name>
                                </ns2:okei>
                                <ns2:qty>0</ns2:qty>
                            </ns2:doc>
                        </ns2:docs>
                    </ns2:position>
                    <ns2:position>
                        <ns2:ordinal>10</ns2:ordinal>
                        <ns2:paymentDate>2017-03-29</ns2:paymentDate>
                        <ns2:price>6746.06</ns2:price>
                        <ns2:currency>
                            <code>RUB</code>
                            <digitalCode>643</digitalCode>
                            <name>Российский рубль</name>
                        </ns2:currency>
                        <ns2:rubPrice>6746.06</ns2:rubPrice>
                        <ns2:prepaid>false</ns2:prepaid>
                        <ns2:docs>
                            <ns2:doc>
                                <ns2:ordinal>1</ns2:ordinal>
                                <ns2:date>2017-03-27</ns2:date>
                                <ns2:code>18</ns2:code>
                                <ns2:name>счет на оплату</ns2:name>
                                <ns2:number>00000011936</ns2:number>
                                <ns2:contractPosition>
                                    <ns2:guid>40865d30-ff18-4ffb-9b29-38cb2457534b</ns2:guid>
                                    <ns2:name>Услуги в области технического регулирования, стандартизации, метрологии, аккредитации, каталогизации продукции</ns2:name>
                                    <ns2:okpd2>
                                        <code>71.12.4</code>
                                        <name>Услуги в области технического регулирования, стандартизации, метрологии, аккредитации, каталогизации продукции</name>
                                    </ns2:okpd2>
                                </ns2:contractPosition>
                                <ns2:okei>
                                    <code>876</code>
                                    <name>Условная единица</name>
                                </ns2:okei>
                                <ns2:qty>0</ns2:qty>
                            </ns2:doc>
                        </ns2:docs>
                    </ns2:position>
                    <ns2:position>
                        <ns2:ordinal>11</ns2:ordinal>
                        <ns2:paymentDate>2017-03-29</ns2:paymentDate>
                        <ns2:price>1576.48</ns2:price>
                        <ns2:currency>
                            <code>RUB</code>
                            <digitalCode>643</digitalCode>
                            <name>Российский рубль</name>
                        </ns2:currency>
                        <ns2:rubPrice>1576.48</ns2:rubPrice>
                        <ns2:prepaid>false</ns2:prepaid>
                        <ns2:docs>
                            <ns2:doc>
                                <ns2:ordinal>1</ns2:ordinal>
                                <ns2:date>2017-03-27</ns2:date>
                                <ns2:code>18</ns2:code>
                                <ns2:name>счет на оплату</ns2:name>
                                <ns2:number>00000011915</ns2:number>
                                <ns2:contractPosition>
                                    <ns2:guid>40865d30-ff18-4ffb-9b29-38cb2457534b</ns2:guid>
                                    <ns2:name>Услуги в области технического регулирования, стандартизации, метрологии, аккредитации, каталогизации продукции</ns2:name>
                                    <ns2:okpd2>
                                        <code>71.12.4</code>
                                        <name>Услуги в области технического регулирования, стандартизации, метрологии, аккредитации, каталогизации продукции</name>
                                    </ns2:okpd2>
                                </ns2:contractPosition>
                                <ns2:okei>
                                    <code>876</code>
                                    <name>Условная единица</name>
                                </ns2:okei>
                                <ns2:qty>0</ns2:qty>
                            </ns2:doc>
                        </ns2:docs>
                    </ns2:position>
                    <ns2:position>
                        <ns2:ordinal>13</ns2:ordinal>
                        <ns2:paymentDate>2017-03-29</ns2:paymentDate>
                        <ns2:price>5404.4</ns2:price>
                        <ns2:currency>
                            <code>RUB</code>
                            <digitalCode>643</digitalCode>
                            <name>Российский рубль</name>
                        </ns2:currency>
                        <ns2:rubPrice>5404.4</ns2:rubPrice>
                        <ns2:prepaid>false</ns2:prepaid>
                        <ns2:docs>
                            <ns2:doc>
                                <ns2:ordinal>1</ns2:ordinal>
                                <ns2:date>2017-03-27</ns2:date>
                                <ns2:code>18</ns2:code>
                                <ns2:name>счет на оплату</ns2:name>
                                <ns2:number>00000011927</ns2:number>
                                <ns2:contractPosition>
                                    <ns2:guid>40865d30-ff18-4ffb-9b29-38cb2457534b</ns2:guid>
                                    <ns2:name>Услуги в области технического регулирования, стандартизации, метрологии, аккредитации, каталогизации продукции</ns2:name>
                                    <ns2:okpd2>
                                        <code>71.12.4</code>
                                        <name>Услуги в области технического регулирования, стандартизации, метрологии, аккредитации, каталогизации продукции</name>
                                    </ns2:okpd2>
                                </ns2:contractPosition>
                                <ns2:okei>
                                    <code>876</code>
                                    <name>Условная единица</name>
                                </ns2:okei>
                                <ns2:qty>0</ns2:qty>
                            </ns2:doc>
                        </ns2:docs>
                    </ns2:position>
                    <ns2:position>
                        <ns2:ordinal>12</ns2:ordinal>
                        <ns2:paymentDate>2017-03-29</ns2:paymentDate>
                        <ns2:price>5661.64</ns2:price>
                        <ns2:currency>
                            <code>RUB</code>
                            <digitalCode>643</digitalCode>
                            <name>Российский рубль</name>
                        </ns2:currency>
                        <ns2:rubPrice>5661.64</ns2:rubPrice>
                        <ns2:prepaid>false</ns2:prepaid>
                        <ns2:docs>
                            <ns2:doc>
                                <ns2:ordinal>1</ns2:ordinal>
                                <ns2:date>2017-03-27</ns2:date>
                                <ns2:code>18</ns2:code>
                                <ns2:name>счет на оплату</ns2:name>
                                <ns2:number>00000011916</ns2:number>
                                <ns2:contractPosition>
                                    <ns2:guid>40865d30-ff18-4ffb-9b29-38cb2457534b</ns2:guid>
                                    <ns2:name>Услуги в области технического регулирования, стандартизации, метрологии, аккредитации, каталогизации продукции</ns2:name>
                                    <ns2:okpd2>
                                        <code>71.12.4</code>
                                        <name>Услуги в области технического регулирования, стандартизации, метрологии, аккредитации, каталогизации продукции</name>
                                    </ns2:okpd2>
                                </ns2:contractPosition>
                                <ns2:okei>
                                    <code>876</code>
                                    <name>Условная единица</name>
                                </ns2:okei>
                                <ns2:qty>0</ns2:qty>
                            </ns2:doc>
                        </ns2:docs>
                    </ns2:position>
                    <ns2:position>
                        <ns2:ordinal>14</ns2:ordinal>
                        <ns2:paymentDate>2017-03-29</ns2:paymentDate>
                        <ns2:price>7157.88</ns2:price>
                        <ns2:currency>
                            <code>RUB</code>
                            <digitalCode>643</digitalCode>
                            <name>Российский рубль</name>
                        </ns2:currency>
                        <ns2:rubPrice>7157.88</ns2:rubPrice>
                        <ns2:prepaid>false</ns2:prepaid>
                        <ns2:docs>
                            <ns2:doc>
                                <ns2:ordinal>1</ns2:ordinal>
                                <ns2:date>2017-03-27</ns2:date>
                                <ns2:code>18</ns2:code>
                                <ns2:name>счет на оплату</ns2:name>
                                <ns2:number>00000011933</ns2:number>
                                <ns2:contractPosition>
                                    <ns2:guid>40865d30-ff18-4ffb-9b29-38cb2457534b</ns2:guid>
                                    <ns2:name>Услуги в области технического регулирования, стандартизации, метрологии, аккредитации, каталогизации продукции</ns2:name>
                                    <ns2:okpd2>
                                        <code>71.12.4</code>
                                        <name>Услуги в области технического регулирования, стандартизации, метрологии, аккредитации, каталогизации продукции</name>
                                    </ns2:okpd2>
                                </ns2:contractPosition>
                                <ns2:okei>
                                    <code>876</code>
                                    <name>Условная единица</name>
                                </ns2:okei>
                                <ns2:qty>0</ns2:qty>
                            </ns2:doc>
                        </ns2:docs>
                    </ns2:position>
                    <ns2:total>79208.68</ns2:total>
                </ns2:positions>
            </ns2:performanceContractData>
        </ns2:item>
    </ns2:body>
</ns2:performanceContract>
