<?xml version="1.0" encoding="UTF-8" standalone="yes"?>
<ns2:performanceContract xsi:schemaLocation="http://zakupki.gov.ru/223/integration/schema/TFF-5.2 http://zakupki.gov.ru/223/integration/schema/TFF-5.2/Types.xsd" xmlns="http://zakupki.gov.ru/223fz/types/1" xmlns:ns10="http://zakupki.gov.ru/223fz/disagreementProtocol/1" xmlns:ns11="http://zakupki.gov.ru/223fz/purchase/1" xmlns:ns12="http://zakupki.gov.ru/223fz/machineryListInfo/1" xmlns:ns13="http://zakupki.gov.ru/223fz/revenue/1" xmlns:ns14="http://zakupki.gov.ru/223fz/orderClauseList/1" xmlns:ns15="http://zakupki.gov.ru/223fz/complaint/1" xmlns:ns16="http://zakupki.gov.ru/223fz/missedNotice/1" xmlns:ns17="http://zakupki.gov.ru/223fz/notificationIssue/1" xmlns:ns18="http://zakupki.gov.ru/223fz/purchasePlanProject/1" xmlns:ns19="http://zakupki.gov.ru/223fz/webRequest/1" xmlns:ns2="http://zakupki.gov.ru/223fz/contract/1" xmlns:xsi="http://www.w3.org/2001/XMLSchema-instance" xmlns:ns3="http://zakupki.gov.ru/223fz/dishonestSupplier/1" xmlns:ns4="http://zakupki.gov.ru/223fz/decisionSuspension/1" xmlns:ns5="http://zakupki.gov.ru/223fz/purchasePlanAdditionalPosition/1" xmlns:ns6="http://zakupki.gov.ru/223fz/purchasePlan/1" xmlns:ns7="http://zakupki.gov.ru/223fz/purchasePlanProjectAdditionalPosition/1" xmlns:ns8="http://zakupki.gov.ru/223fz/reference/1" xmlns:ns9="http://zakupki.gov.ru/223fz/stopCommodity/1">
    <header>
        <guid>34d7922b-eb81-4891-b2d4-adcc55392a84</guid>
        <createDateTime>2017-03-30T13:40:46</createDateTime>
    </header>
    <ns2:body>
        <ns2:item>
            <guid>5a763f2f-567d-4631-aa0d-9cd3c388eee3</guid>
            <ns2:performanceContractData>
                <ns2:guid>c16f7abf-7365-408d-b895-c13c835585ac</ns2:guid>
                <ns2:registrationNumber>56671163413170000080003</ns2:registrationNumber>
                <ns2:urlOOS>https://zakupki.gov.ru/223/contract/private/completing/info/view.html?id=2666808</ns2:urlOOS>
                <ns2:createDateTime>2017-01-09T12:35:06</ns2:createDateTime>
                <ns2:customer>
                    <mainInfo>
                        <fullName>Открытое акционерное общество "Межрегиональная распределительная сетевая компания Урала"</fullName>
                        <shortName>ОАО "МРСК Урала"</shortName>
                        <iko>56671163413667201001</iko>
                        <inn>6671163413</inn>
                        <kpp>667201001</kpp>
                        <ogrn>1056604000970</ogrn>
                        <legalAddress>620026, Свердловская, Екатеринбург, Мамина-Сибиряка, дом 140</legalAddress>
                        <postalAddress>620026, Свердловская область, Екатеринбург, Мамина-Сибиряка, дом 140 </postalAddress>
                        <phone>7-343-2152600</phone>
                        <fax>7-343-2152661</fax>
                        <email>mrsk@mrsk-ural.ru</email>
                        <okato>65401000000</okato>
                        <okpo>76507836</okpo>
                    </mainInfo>
                </ns2:customer>
                <ns2:placer>
                    <mainInfo>
                        <fullName>Открытое акционерное общество "Межрегиональная распределительная сетевая компания Урала"</fullName>
                        <shortName>ОАО "МРСК Урала"</shortName>
                        <iko>56671163413667201001</iko>
                        <inn>6671163413</inn>
                        <kpp>667201001</kpp>
                        <ogrn>1056604000970</ogrn>
                        <legalAddress>620026, Свердловская, Екатеринбург, Мамина-Сибиряка, дом 140</legalAddress>
                        <postalAddress>620026, Свердловская область, Екатеринбург, Мамина-Сибиряка, дом 140 </postalAddress>
                        <phone>7-343-2152600</phone>
                        <fax>7-343-2152661</fax>
                        <email>mrsk@mrsk-ural.ru</email>
                        <okato>65401000000</okato>
                        <okpo>76507836</okpo>
                    </mainInfo>
                </ns2:placer>
                <ns2:publicationDate>2017-03-30T13:40:46</ns2:publicationDate>
                <ns2:status>P</ns2:status>
                <ns2:version>1</ns2:version>
                <ns2:completed>false</ns2:completed>
                <ns2:attachments>
                    <totalDocumentsCount>2</totalDocumentsCount>
                    <document>
                        <guid>c41b754d-5d37-48d3-a7b9-ebdd2edca57b</guid>
                        <createDateTime>2017-03-30T13:40:29</createDateTime>
                        <fileName>10196_29.03.2017_ПП.pdf</fileName>
                        <description>10196_29.03.2017_ПП</description>
                        <url>https://zakupki.gov.ru/223/contract/private/download/download.html?id=11735909</url>
                        <registrationNumber>56671163413170000080004</registrationNumber>
                    </document>
                    <document>
                        <guid>e5964749-1f91-46e5-a75e-4c454bb44850</guid>
                        <createDateTime>2017-03-30T13:40:21</createDateTime>
                        <fileName>4_4_21.02.2017_СФ_ТН.pdf</fileName>
                        <description>4_4_21.02.2017_СФ_ТН</description>
                        <url>https://zakupki.gov.ru/223/contract/private/download/download.html?id=11735883</url>
                        <registrationNumber>56671163413170000080005</registrationNumber>
                    </document>
                </ns2:attachments>
                <ns2:hasPenalty>false</ns2:hasPenalty>
                <ns2:contractRegNumber>56671163413170000080000</ns2:contractRegNumber>
                <ns2:contractInfo>
                    <ns2:guid>9f49fef1-a941-4100-a512-1cfebb955038</ns2:guid>
                    <ns2:name>07-658/2016</ns2:name>
                    <ns2:agencyName>ОАО "МРСК Урала"</ns2:agencyName>
                    <ns2:supplierName>ОБЩЕСТВО С ОГРАНИЧЕННОЙ ОТВЕТСТВЕННОСТЬЮ "ЭНЕРГОАЛЬЯНС"</ns2:supplierName>
                    <ns2:lotInfo>Закупка №167307, лот №77 - «Поставка шкафов учета электроэнергии»</ns2:lotInfo>
                    <ns2:contractDate>2016-12-30</ns2:contractDate>
                </ns2:contractInfo>
                <ns2:positions>
                    <ns2:position>
                        <ns2:ordinal>1</ns2:ordinal>
                        <ns2:paymentDate>2017-03-29</ns2:paymentDate>
                        <ns2:price>49000</ns2:price>
                        <ns2:currency>
                            <code>RUB</code>
                            <digitalCode>643</digitalCode>
                            <name>Российский рубль</name>
                        </ns2:currency>
                        <ns2:rubPrice>49000</ns2:rubPrice>
                        <ns2:prepaid>false</ns2:prepaid>
                        <ns2:docs>
                            <ns2:doc>
                                <ns2:ordinal>1</ns2:ordinal>
                                <ns2:date>2017-02-21</ns2:date>
                                <ns2:code>01</ns2:code>
                                <ns2:name>товарная накладная</ns2:name>
                                <ns2:number>4</ns2:number>
                                <ns2:contractPosition>
                                    <ns2:guid>40cda50b-077b-40ea-995f-0bb2fc4f16fb</ns2:guid>
                                    <ns2:name>Аппараты электрические для управления электротехническими установками прочие, не включенные в другие группировки</ns2:name>
                                    <ns2:okpd2>
                                        <code>27.33.13.169</code>
                                        <name>Аппараты электрические для управления электротехническими установками прочие, не включенные в другие группировки</name>
                                    </ns2:okpd2>
                                </ns2:contractPosition>
                                <ns2:okei>
                                    <code>796</code>
                                    <name>Штука</name>
                                </ns2:okei>
                                <ns2:qty>21</ns2:qty>
                            </ns2:doc>
                        </ns2:docs>
                    </ns2:position>
                    <ns2:total>49000</ns2:total>
                </ns2:positions>
            </ns2:performanceContractData>
        </ns2:item>
    </ns2:body>
</ns2:performanceContract>
