<?xml version="1.0" encoding="UTF-8" standalone="yes"?>
<ns2:contractCancellation xsi:schemaLocation="http://zakupki.gov.ru/223/integration/schema/TFF-5.2 http://zakupki.gov.ru/223/integration/schema/TFF-5.2/Types.xsd" xmlns="http://zakupki.gov.ru/223fz/types/1" xmlns:ns10="http://zakupki.gov.ru/223fz/disagreementProtocol/1" xmlns:ns11="http://zakupki.gov.ru/223fz/purchase/1" xmlns:ns12="http://zakupki.gov.ru/223fz/machineryListInfo/1" xmlns:ns13="http://zakupki.gov.ru/223fz/revenue/1" xmlns:ns14="http://zakupki.gov.ru/223fz/orderClauseList/1" xmlns:ns15="http://zakupki.gov.ru/223fz/complaint/1" xmlns:ns16="http://zakupki.gov.ru/223fz/missedNotice/1" xmlns:ns17="http://zakupki.gov.ru/223fz/notificationIssue/1" xmlns:ns18="http://zakupki.gov.ru/223fz/purchasePlanProject/1" xmlns:ns19="http://zakupki.gov.ru/223fz/webRequest/1" xmlns:ns2="http://zakupki.gov.ru/223fz/contract/1" xmlns:xsi="http://www.w3.org/2001/XMLSchema-instance" xmlns:ns3="http://zakupki.gov.ru/223fz/dishonestSupplier/1" xmlns:ns4="http://zakupki.gov.ru/223fz/decisionSuspension/1" xmlns:ns5="http://zakupki.gov.ru/223fz/purchasePlanAdditionalPosition/1" xmlns:ns6="http://zakupki.gov.ru/223fz/purchasePlan/1" xmlns:ns7="http://zakupki.gov.ru/223fz/purchasePlanProjectAdditionalPosition/1" xmlns:ns8="http://zakupki.gov.ru/223fz/reference/1" xmlns:ns9="http://zakupki.gov.ru/223fz/stopCommodity/1">
    <header>
        <guid>8de36969-4f31-4e4e-8042-a10118e5fed2</guid>
        <createDateTime>2017-03-30T12:34:54</createDateTime>
    </header>
    <ns2:body>
        <ns2:item>
            <guid>c5184890-332d-42a8-821b-af4e7ee2929f</guid>
            <ns2:contractCancellationData>
                <ns2:guid>53040064-a0ab-4b8f-9553-470e0dff5e4a</ns2:guid>
                <ns2:registrationNumber>56660143567160000070003</ns2:registrationNumber>
                <ns2:urlOOS>https://zakupki.gov.ru/223/contract/private/completing/info/view.html?id=2666048</ns2:urlOOS>
                <ns2:createDateTime>2017-03-30T12:34:11</ns2:createDateTime>
                <ns2:customer>
                    <mainInfo>
                        <fullName>МУНИЦИПАЛЬНОЕ АВТОНОМНОЕ ДОШКОЛЬНОЕ ОБРАЗОВАТЕЛЬНОЕ УЧРЕЖДЕНИЕ ЦЕНТР РАЗВИТИЯ РЕБЕНКА-ДЕТСКИЙ САД №104</fullName>
                        <shortName>МАДОУ ЦРР-ДЕТСКИЙ САД №104</shortName>
                        <iko>56660143567667001001</iko>
                        <inn>6660143567</inn>
                        <kpp>667001001</kpp>
                        <ogrn>1026604952560</ogrn>
                        <legalAddress>620137, Свердловская, ЕКАТЕРИНБУРГ, СУЛИМОВА, дом 67, корпус -, офис (квартира) -</legalAddress>
                        <postalAddress>620041, г. Екатеринбург, ул. Сулимова, 67</postalAddress>
                        <phone>8-343-3410425</phone>
                        <fax>8-343-3410425</fax>
                        <email>zvezda-104@mail.ru</email>
                        <okato>65401373000</okato>
                        <okpo>54120500</okpo>
                    </mainInfo>
                </ns2:customer>
                <ns2:placer>
                    <mainInfo>
                        <fullName>МУНИЦИПАЛЬНОЕ АВТОНОМНОЕ ДОШКОЛЬНОЕ ОБРАЗОВАТЕЛЬНОЕ УЧРЕЖДЕНИЕ ЦЕНТР РАЗВИТИЯ РЕБЕНКА-ДЕТСКИЙ САД №104</fullName>
                        <shortName>МАДОУ ЦРР-ДЕТСКИЙ САД №104</shortName>
                        <iko>56660143567667001001</iko>
                        <inn>6660143567</inn>
                        <kpp>667001001</kpp>
                        <ogrn>1026604952560</ogrn>
                        <legalAddress>620137, Свердловская, ЕКАТЕРИНБУРГ, СУЛИМОВА, дом 67, корпус -, офис (квартира) -</legalAddress>
                        <postalAddress>620041, г. Екатеринбург, ул. Сулимова, 67</postalAddress>
                        <phone>8-343-3410425</phone>
                        <fax>8-343-3410425</fax>
                        <email>zvezda-104@mail.ru</email>
                        <okato>65401373000</okato>
                        <okpo>54120500</okpo>
                    </mainInfo>
                </ns2:placer>
                <ns2:publicationDate>2017-03-30T12:34:54</ns2:publicationDate>
                <ns2:status>P</ns2:status>
                <ns2:version>1</ns2:version>
                <ns2:attachments>
                    <totalDocumentsCount>1</totalDocumentsCount>
                    <document>
                        <guid>7d22eccf-0667-43ad-95c7-cb9be43a099a</guid>
                        <createDateTime>2017-03-30T12:33:58</createDateTime>
                        <fileName>104 дс Соглашение о расторжении дог.№2016-0025.pdf</fileName>
                        <description>104 дс Соглашение о расторжении дог.№2016-0025</description>
                        <url>https://zakupki.gov.ru/223/contract/private/download/download.html?id=11732197</url>
                        <registrationNumber>56660143567160000070004</registrationNumber>
                    </document>
                </ns2:attachments>
                <ns2:hasPenalty>false</ns2:hasPenalty>
                <ns2:contractRegNumber>56660143567160000070000</ns2:contractRegNumber>
                <ns2:contractInfo>
                    <ns2:guid>26108aae-17a9-4b5b-b6c1-2ad48863bc67</ns2:guid>
                    <ns2:name>2016-0025</ns2:name>
                    <ns2:agencyName>МАДОУ ЦРР-ДЕТСКИЙ САД №104</ns2:agencyName>
                    <ns2:supplierName>ОБЩЕСТВО С ОГРАНИЧЕННОЙ ОТВЕТСТВЕННОСТЬЮ "АВЭС-93"</ns2:supplierName>
                    <ns2:lotInfo>Поставка мясной продукции в третьем квартале  2016 года для МАДОУ ЦРР - детский сад № 104</ns2:lotInfo>
                    <ns2:contractDate>2016-06-29</ns2:contractDate>
                </ns2:contractInfo>
                <ns2:baseContractCancellationCode>1</ns2:baseContractCancellationCode>
                <ns2:baseContractCancellationName>Соглашение сторон</ns2:baseContractCancellationName>
                <ns2:baseRejectionDocCode>11</ns2:baseRejectionDocCode>
                <ns2:baseRejectionDocName>Дополнительное соглашение к договору</ns2:baseRejectionDocName>
                <ns2:completionDate>2016-09-30T00:00:00</ns2:completionDate>
                <ns2:baseRejectionDocNum>1</ns2:baseRejectionDocNum>
                <ns2:baseRejectionDocDate>2016-09-30</ns2:baseRejectionDocDate>
            </ns2:contractCancellationData>
        </ns2:item>
    </ns2:body>
</ns2:contractCancellation>
