<?xml version="1.0" encoding="UTF-8" standalone="yes"?>
<ns2:performanceContract xsi:schemaLocation="http://zakupki.gov.ru/223/integration/schema/TFF-5.2 http://zakupki.gov.ru/223/integration/schema/TFF-5.2/Types.xsd" xmlns="http://zakupki.gov.ru/223fz/types/1" xmlns:ns10="http://zakupki.gov.ru/223fz/disagreementProtocol/1" xmlns:ns11="http://zakupki.gov.ru/223fz/purchase/1" xmlns:ns12="http://zakupki.gov.ru/223fz/machineryListInfo/1" xmlns:ns13="http://zakupki.gov.ru/223fz/revenue/1" xmlns:ns14="http://zakupki.gov.ru/223fz/orderClauseList/1" xmlns:ns15="http://zakupki.gov.ru/223fz/complaint/1" xmlns:ns16="http://zakupki.gov.ru/223fz/missedNotice/1" xmlns:ns17="http://zakupki.gov.ru/223fz/notificationIssue/1" xmlns:ns18="http://zakupki.gov.ru/223fz/purchasePlanProject/1" xmlns:ns19="http://zakupki.gov.ru/223fz/webRequest/1" xmlns:ns2="http://zakupki.gov.ru/223fz/contract/1" xmlns:xsi="http://www.w3.org/2001/XMLSchema-instance" xmlns:ns3="http://zakupki.gov.ru/223fz/dishonestSupplier/1" xmlns:ns4="http://zakupki.gov.ru/223fz/decisionSuspension/1" xmlns:ns5="http://zakupki.gov.ru/223fz/purchasePlanAdditionalPosition/1" xmlns:ns6="http://zakupki.gov.ru/223fz/purchasePlan/1" xmlns:ns7="http://zakupki.gov.ru/223fz/purchasePlanProjectAdditionalPosition/1" xmlns:ns8="http://zakupki.gov.ru/223fz/reference/1" xmlns:ns9="http://zakupki.gov.ru/223fz/stopCommodity/1">
    <header>
        <guid>c2996c96-c20a-4a2b-91c3-4b4739570550</guid>
        <createDateTime>2017-03-30T11:36:44</createDateTime>
    </header>
    <ns2:body>
        <ns2:item>
            <guid>fbaf01e4-3473-443a-94b3-d7d43e53ac5e</guid>
            <ns2:performanceContractData>
                <ns2:guid>f2df2498-7cfa-4d2a-bf07-3394e1fdbd0f</ns2:guid>
                <ns2:registrationNumber>56661000642170000220003</ns2:registrationNumber>
                <ns2:urlOOS>https://zakupki.gov.ru/223/contract/private/completing/info/view.html?id=2664993</ns2:urlOOS>
                <ns2:createDateTime>2017-03-24T09:19:09</ns2:createDateTime>
                <ns2:customer>
                    <mainInfo>
                        <fullName>ГОСУДАРСТВЕННОЕ АВТОНОМНОЕ ПРОФЕССИОНАЛЬНОЕ ОБРАЗОВАТЕЛЬНОЕ УЧРЕЖДЕНИЕ СВЕРДЛОВСКОЙ ОБЛАСТИ "ЕКАТЕРИНБУРГСКИЙ ЭКОНОМИКО-ТЕХНОЛОГИЧЕСКИЙ КОЛЛЕДЖ"</fullName>
                        <shortName>ГАПОУ СО "ЕКАТЕРИНБУРГСКИЙ ЭКОНОМИКО-ТЕХНОЛОГИЧЕСКИЙ КОЛЛЕДЖ" ИЛИ ГАПОУ СО "ЕЭТК"</shortName>
                        <iko>56661000642666101001</iko>
                        <inn>6661000642</inn>
                        <kpp>666101001</kpp>
                        <ogrn>1036603990543</ogrn>
                        <legalAddress>620144, обл СВЕРДЛОВСКАЯ, г ЕКАТЕРИНБУРГ, ул ДЕКАБРИСТОВ, дом 58, корпус НЕТ, офис (квартира) НЕТ</legalAddress>
                        <postalAddress>620144, Свердловская Область, Екатеринбург Город, Декабристов Улица, дом 58</postalAddress>
                        <phone>7-343-2574449</phone>
                        <fax>7-343-2574449</fax>
                        <email>info@eetk.ru</email>
                        <okato>65401377000</okato>
                        <okpo>35179981</okpo>
                    </mainInfo>
                </ns2:customer>
                <ns2:placer>
                    <mainInfo>
                        <fullName>ГОСУДАРСТВЕННОЕ АВТОНОМНОЕ ПРОФЕССИОНАЛЬНОЕ ОБРАЗОВАТЕЛЬНОЕ УЧРЕЖДЕНИЕ СВЕРДЛОВСКОЙ ОБЛАСТИ "ЕКАТЕРИНБУРГСКИЙ ЭКОНОМИКО-ТЕХНОЛОГИЧЕСКИЙ КОЛЛЕДЖ"</fullName>
                        <shortName>ГАПОУ СО "ЕКАТЕРИНБУРГСКИЙ ЭКОНОМИКО-ТЕХНОЛОГИЧЕСКИЙ КОЛЛЕДЖ" ИЛИ ГАПОУ СО "ЕЭТК"</shortName>
                        <iko>56661000642666101001</iko>
                        <inn>6661000642</inn>
                        <kpp>666101001</kpp>
                        <ogrn>1036603990543</ogrn>
                        <legalAddress>620144, обл СВЕРДЛОВСКАЯ, г ЕКАТЕРИНБУРГ, ул ДЕКАБРИСТОВ, дом 58, корпус НЕТ, офис (квартира) НЕТ</legalAddress>
                        <postalAddress>620144, Свердловская Область, Екатеринбург Город, Декабристов Улица, дом 58</postalAddress>
                        <phone>7-343-2574449</phone>
                        <fax>7-343-2574449</fax>
                        <email>info@eetk.ru</email>
                        <okato>65401377000</okato>
                        <okpo>35179981</okpo>
                    </mainInfo>
                </ns2:placer>
                <ns2:publicationDate>2017-03-30T11:36:43</ns2:publicationDate>
                <ns2:status>P</ns2:status>
                <ns2:version>1</ns2:version>
                <ns2:completed>true</ns2:completed>
                <ns2:attachments>
                    <totalDocumentsCount>2</totalDocumentsCount>
                    <document>
                        <guid>898a0fec-3b86-4abd-b20e-074184979217</guid>
                        <createDateTime>2017-03-30T11:32:55</createDateTime>
                        <fileName>Товарная накладная № 187571 от 28.03.2017г..PDF</fileName>
                        <description>Товарная накладная № 187571 от 28.03.2017г.</description>
                        <url>https://zakupki.gov.ru/223/contract/private/download/download.html?id=11728632</url>
                        <registrationNumber>56661000642170000220004</registrationNumber>
                    </document>
                    <document>
                        <guid>3e741bfe-5854-449b-b5b3-0c4b930bf67f</guid>
                        <createDateTime>2017-03-30T11:33:09</createDateTime>
                        <fileName>Товарная накладная № 9407805 от 28.03.2017г..PDF</fileName>
                        <description>Товарная накладная № 9407805 от 28.03.2017г.</description>
                        <url>https://zakupki.gov.ru/223/contract/private/download/download.html?id=11728638</url>
                        <registrationNumber>56661000642170000220005</registrationNumber>
                    </document>
                </ns2:attachments>
                <ns2:hasPenalty>false</ns2:hasPenalty>
                <ns2:contractRegNumber>56661000642170000220000</ns2:contractRegNumber>
                <ns2:contractInfo>
                    <ns2:guid>29d85996-d773-40a8-a953-c0dd769fe9ec</ns2:guid>
                    <ns2:name>13к-03/17</ns2:name>
                    <ns2:agencyName>ГАПОУ СО "ЕКАТЕРИНБУРГСКИЙ ЭКОНОМИКО-ТЕХНОЛОГИЧЕСКИЙ КОЛЛЕДЖ" ИЛИ ГАПОУ СО "ЕЭТК"</ns2:agencyName>
                    <ns2:supplierName>ОБЩЕСТВО С ОГРАНИЧЕННОЙ ОТВЕТСТВЕННОСТЬЮ "КАНЦ-ЕК"</ns2:supplierName>
                    <ns2:lotInfo>Поставка хозяйственных товаров и моющих средств</ns2:lotInfo>
                    <ns2:contractDate>2017-03-24</ns2:contractDate>
                </ns2:contractInfo>
                <ns2:positions>
                    <ns2:position>
                        <ns2:ordinal>1</ns2:ordinal>
                        <ns2:paymentDate>2017-03-29</ns2:paymentDate>
                        <ns2:price>63891.99</ns2:price>
                        <ns2:currency>
                            <code>RUB</code>
                            <digitalCode>643</digitalCode>
                            <name>Российский рубль</name>
                        </ns2:currency>
                        <ns2:rubPrice>63891.99</ns2:rubPrice>
                        <ns2:prepaid>false</ns2:prepaid>
                        <ns2:docs>
                            <ns2:doc>
                                <ns2:ordinal>2</ns2:ordinal>
                                <ns2:date>2017-03-28</ns2:date>
                                <ns2:code>01</ns2:code>
                                <ns2:name>товарная накладная</ns2:name>
                                <ns2:number>9407805</ns2:number>
                                <ns2:contractPosition>
                                    <ns2:guid>2567dcca-dcaa-471c-a1f7-cc75ea79bcad</ns2:guid>
                                    <ns2:name>Поставка хозяйственных товаров и моющих средств</ns2:name>
                                    <ns2:okpd2>
                                        <code>20.41.32.119</code>
                                        <name>Средства моющие прочие</name>
                                    </ns2:okpd2>
                                </ns2:contractPosition>
                                <ns2:okei>
                                    <code>736</code>
                                    <name>Рулон</name>
                                </ns2:okei>
                                <ns2:qty>4</ns2:qty>
                            </ns2:doc>
                            <ns2:doc>
                                <ns2:ordinal>3</ns2:ordinal>
                                <ns2:date>2017-03-28</ns2:date>
                                <ns2:code>01</ns2:code>
                                <ns2:name>товарная накладная</ns2:name>
                                <ns2:number>9407805</ns2:number>
                                <ns2:contractPosition>
                                    <ns2:guid>2567dcca-dcaa-471c-a1f7-cc75ea79bcad</ns2:guid>
                                    <ns2:name>Поставка хозяйственных товаров и моющих средств</ns2:name>
                                    <ns2:okpd2>
                                        <code>20.41.32.119</code>
                                        <name>Средства моющие прочие</name>
                                    </ns2:okpd2>
                                </ns2:contractPosition>
                                <ns2:okei>
                                    <code>796</code>
                                    <name>Штука</name>
                                </ns2:okei>
                                <ns2:qty>96</ns2:qty>
                            </ns2:doc>
                            <ns2:doc>
                                <ns2:ordinal>4</ns2:ordinal>
                                <ns2:date>2017-03-28</ns2:date>
                                <ns2:code>01</ns2:code>
                                <ns2:name>товарная накладная</ns2:name>
                                <ns2:number>187571</ns2:number>
                                <ns2:contractPosition>
                                    <ns2:guid>2567dcca-dcaa-471c-a1f7-cc75ea79bcad</ns2:guid>
                                    <ns2:name>Поставка хозяйственных товаров и моющих средств</ns2:name>
                                    <ns2:okpd2>
                                        <code>20.41.32.119</code>
                                        <name>Средства моющие прочие</name>
                                    </ns2:okpd2>
                                </ns2:contractPosition>
                                <ns2:okei>
                                    <code>715</code>
                                    <name>Пара (2 шт.)</name>
                                </ns2:okei>
                                <ns2:qty>210</ns2:qty>
                            </ns2:doc>
                            <ns2:doc>
                                <ns2:ordinal>5</ns2:ordinal>
                                <ns2:date>2017-03-28</ns2:date>
                                <ns2:code>01</ns2:code>
                                <ns2:name>товарная накладная</ns2:name>
                                <ns2:number>187571</ns2:number>
                                <ns2:contractPosition>
                                    <ns2:guid>2567dcca-dcaa-471c-a1f7-cc75ea79bcad</ns2:guid>
                                    <ns2:name>Поставка хозяйственных товаров и моющих средств</ns2:name>
                                    <ns2:okpd2>
                                        <code>20.41.32.119</code>
                                        <name>Средства моющие прочие</name>
                                    </ns2:okpd2>
                                </ns2:contractPosition>
                                <ns2:okei>
                                    <code>778</code>
                                    <name>Упаковка</name>
                                </ns2:okei>
                                <ns2:qty>5</ns2:qty>
                            </ns2:doc>
                            <ns2:doc>
                                <ns2:ordinal>6</ns2:ordinal>
                                <ns2:date>2017-03-28</ns2:date>
                                <ns2:code>01</ns2:code>
                                <ns2:name>товарная накладная</ns2:name>
                                <ns2:number>187571</ns2:number>
                                <ns2:contractPosition>
                                    <ns2:guid>2567dcca-dcaa-471c-a1f7-cc75ea79bcad</ns2:guid>
                                    <ns2:name>Поставка хозяйственных товаров и моющих средств</ns2:name>
                                    <ns2:okpd2>
                                        <code>20.41.32.119</code>
                                        <name>Средства моющие прочие</name>
                                    </ns2:okpd2>
                                </ns2:contractPosition>
                                <ns2:okei>
                                    <code>736</code>
                                    <name>Рулон</name>
                                </ns2:okei>
                                <ns2:qty>264</ns2:qty>
                            </ns2:doc>
                            <ns2:doc>
                                <ns2:ordinal>7</ns2:ordinal>
                                <ns2:date>2017-03-28</ns2:date>
                                <ns2:code>01</ns2:code>
                                <ns2:name>товарная накладная</ns2:name>
                                <ns2:number>187571</ns2:number>
                                <ns2:contractPosition>
                                    <ns2:guid>2567dcca-dcaa-471c-a1f7-cc75ea79bcad</ns2:guid>
                                    <ns2:name>Поставка хозяйственных товаров и моющих средств</ns2:name>
                                    <ns2:okpd2>
                                        <code>20.41.32.119</code>
                                        <name>Средства моющие прочие</name>
                                    </ns2:okpd2>
                                </ns2:contractPosition>
                                <ns2:okei>
                                    <code>796</code>
                                    <name>Штука</name>
                                </ns2:okei>
                                <ns2:qty>786</ns2:qty>
                            </ns2:doc>
                            <ns2:doc>
                                <ns2:ordinal>1</ns2:ordinal>
                                <ns2:date>2017-03-28</ns2:date>
                                <ns2:code>01</ns2:code>
                                <ns2:name>товарная накладная</ns2:name>
                                <ns2:number>9407805</ns2:number>
                                <ns2:contractPosition>
                                    <ns2:guid>2567dcca-dcaa-471c-a1f7-cc75ea79bcad</ns2:guid>
                                    <ns2:name>Поставка хозяйственных товаров и моющих средств</ns2:name>
                                    <ns2:okpd2>
                                        <code>20.41.32.119</code>
                                        <name>Средства моющие прочие</name>
                                    </ns2:okpd2>
                                </ns2:contractPosition>
                                <ns2:okei>
                                    <code>778</code>
                                    <name>Упаковка</name>
                                </ns2:okei>
                                <ns2:qty>4</ns2:qty>
                            </ns2:doc>
                        </ns2:docs>
                    </ns2:position>
                    <ns2:total>63891.99</ns2:total>
                </ns2:positions>
            </ns2:performanceContractData>
        </ns2:item>
    </ns2:body>
</ns2:performanceContract>
