<?xml version="1.0" encoding="UTF-8" standalone="yes"?>
<ns2:performanceContract xsi:schemaLocation="http://zakupki.gov.ru/223/integration/schema/TFF-5.2 http://zakupki.gov.ru/223/integration/schema/TFF-5.2/Types.xsd" xmlns="http://zakupki.gov.ru/223fz/types/1" xmlns:ns10="http://zakupki.gov.ru/223fz/disagreementProtocol/1" xmlns:ns11="http://zakupki.gov.ru/223fz/purchase/1" xmlns:ns12="http://zakupki.gov.ru/223fz/machineryListInfo/1" xmlns:ns13="http://zakupki.gov.ru/223fz/revenue/1" xmlns:ns14="http://zakupki.gov.ru/223fz/orderClauseList/1" xmlns:ns15="http://zakupki.gov.ru/223fz/complaint/1" xmlns:ns16="http://zakupki.gov.ru/223fz/missedNotice/1" xmlns:ns17="http://zakupki.gov.ru/223fz/notificationIssue/1" xmlns:ns18="http://zakupki.gov.ru/223fz/purchasePlanProject/1" xmlns:ns19="http://zakupki.gov.ru/223fz/webRequest/1" xmlns:ns2="http://zakupki.gov.ru/223fz/contract/1" xmlns:xsi="http://www.w3.org/2001/XMLSchema-instance" xmlns:ns3="http://zakupki.gov.ru/223fz/dishonestSupplier/1" xmlns:ns4="http://zakupki.gov.ru/223fz/decisionSuspension/1" xmlns:ns5="http://zakupki.gov.ru/223fz/purchasePlanAdditionalPosition/1" xmlns:ns6="http://zakupki.gov.ru/223fz/purchasePlan/1" xmlns:ns7="http://zakupki.gov.ru/223fz/purchasePlanProjectAdditionalPosition/1" xmlns:ns8="http://zakupki.gov.ru/223fz/reference/1" xmlns:ns9="http://zakupki.gov.ru/223fz/stopCommodity/1">
    <header>
        <guid>4d400229-4274-4590-adc6-bc7d3c5f9c4c</guid>
        <createDateTime>2017-03-30T13:22:35</createDateTime>
    </header>
    <ns2:body>
        <ns2:item>
            <guid>33e90293-20e1-4e42-81f2-b0003285516a</guid>
            <ns2:performanceContractData>
                <ns2:guid>1b84f0ef-7847-4e1e-ad5a-4e61ea5e8b76</ns2:guid>
                <ns2:registrationNumber>56654009549160000530003</ns2:registrationNumber>
                <ns2:urlOOS>https://zakupki.gov.ru/223/contract/private/completing/info/view.html?id=2666565</ns2:urlOOS>
                <ns2:termination>false</ns2:termination>
                <ns2:createDateTime>2016-12-21T07:38:36</ns2:createDateTime>
                <ns2:customer>
                    <mainInfo>
                        <fullName>ГОСУДАРСТВЕННОЕ АВТОНОМНОЕ СТАЦИОНАРНОЕ УЧРЕЖДЕНИЕ СОЦИАЛЬНОГО ОБСЛУЖИВАНИЯ НАСЕЛЕНИЯ СВЕРДЛОВСКОЙ ОБЛАСТИ "ТАЛИЦКИЙ ПАНСИОНАТ ДЛЯ ПРЕСТАРЕЛЫХ И ИНВАЛИДОВ"</fullName>
                        <shortName>ГАУ "ТАЛИЦКИЙ ПАНСИОНАТ"</shortName>
                        <iko>56654009549665401001</iko>
                        <inn>6654009549</inn>
                        <kpp>665401001</kpp>
                        <ogrn>1026602236121</ogrn>
                        <legalAddress>623640, СВЕРДЛОВСКАЯ обл, г ТАЛИЦА, ул КРАСНОАРМЕЙСКАЯ, дом 31</legalAddress>
                        <postalAddress>623640, Свердловская Область, Талица Город, Красноармейская Улица, дом 31</postalAddress>
                        <phone>7-34371-21560</phone>
                        <fax>7-34371-21560</fax>
                        <email>pansionat80@mail.ru</email>
                        <okato>65249000000</okato>
                        <okpo>13706983</okpo>
                    </mainInfo>
                </ns2:customer>
                <ns2:placer>
                    <mainInfo>
                        <fullName>ГОСУДАРСТВЕННОЕ АВТОНОМНОЕ СТАЦИОНАРНОЕ УЧРЕЖДЕНИЕ СОЦИАЛЬНОГО ОБСЛУЖИВАНИЯ НАСЕЛЕНИЯ СВЕРДЛОВСКОЙ ОБЛАСТИ "ТАЛИЦКИЙ ПАНСИОНАТ ДЛЯ ПРЕСТАРЕЛЫХ И ИНВАЛИДОВ"</fullName>
                        <shortName>ГАУ "ТАЛИЦКИЙ ПАНСИОНАТ"</shortName>
                        <iko>56654009549665401001</iko>
                        <inn>6654009549</inn>
                        <kpp>665401001</kpp>
                        <ogrn>1026602236121</ogrn>
                        <legalAddress>623640, СВЕРДЛОВСКАЯ обл, г ТАЛИЦА, ул КРАСНОАРМЕЙСКАЯ, дом 31</legalAddress>
                        <postalAddress>623640, Свердловская Область, Талица Город, Красноармейская Улица, дом 31</postalAddress>
                        <phone>7-34371-21560</phone>
                        <fax>7-34371-21560</fax>
                        <email>pansionat80@mail.ru</email>
                        <okato>65249000000</okato>
                        <okpo>13706983</okpo>
                    </mainInfo>
                </ns2:placer>
                <ns2:publicationDate>2017-03-30T13:22:35</ns2:publicationDate>
                <ns2:status>P</ns2:status>
                <ns2:version>1</ns2:version>
                <ns2:completed>true</ns2:completed>
                <ns2:attachments>
                    <totalDocumentsCount>1</totalDocumentsCount>
                    <document>
                        <guid>c4094ea2-861f-40eb-8873-4f8a9461e3a9</guid>
                        <createDateTime>2017-03-30T13:22:12</createDateTime>
                        <fileName>исполнение.pdf</fileName>
                        <description>исполнение</description>
                        <url>https://zakupki.gov.ru/223/contract/private/download/download.html?id=11734903</url>
                        <registrationNumber>56654009549160000530004</registrationNumber>
                    </document>
                </ns2:attachments>
                <ns2:hasPenalty>false</ns2:hasPenalty>
                <ns2:contractRegNumber>56654009549160000530000</ns2:contractRegNumber>
                <ns2:contractInfo>
                    <ns2:guid>86bbf845-6479-e7a4-24b4-e3cbcedfd924</ns2:guid>
                    <ns2:agencyName>ГАУ "ТАЛИЦКИЙ ПАНСИОНАТ"</ns2:agencyName>
                    <ns2:supplierName>ИП Плотникова Надежда Анатольевна</ns2:supplierName>
                    <ns2:lotInfo>поставка продуктов питания прочих в 1 квартале 2017 года</ns2:lotInfo>
                    <ns2:contractDate>2016-12-21</ns2:contractDate>
                </ns2:contractInfo>
                <ns2:positions>
                    <ns2:position>
                        <ns2:ordinal>1</ns2:ordinal>
                        <ns2:paymentDate>2017-03-29</ns2:paymentDate>
                        <ns2:price>94885.5</ns2:price>
                        <ns2:currency>
                            <code>RUB</code>
                            <digitalCode>643</digitalCode>
                            <name>Российский рубль</name>
                        </ns2:currency>
                        <ns2:rubPrice>94885.5</ns2:rubPrice>
                        <ns2:prepaid>false</ns2:prepaid>
                        <ns2:docs>
                            <ns2:doc>
                                <ns2:ordinal>3</ns2:ordinal>
                                <ns2:code>01</ns2:code>
                                <ns2:name>товарная накладная</ns2:name>
                                <ns2:contractPosition>
                                    <ns2:guid>134bb9cc-602a-8b66-24b4-2633dc0ac1c4</ns2:guid>
                                    <ns2:name>Производство чая и кофе</ns2:name>
                                    <ns2:okpd2>
                                        <code>15.86.12.111</code>
                                        <name>Экстракты, эссенции и концентраты кофе (кофе растворимый) в виде порошка, гранул, хлопьев, брикетов и любой другой твердой форме</name>
                                    </ns2:okpd2>
                                </ns2:contractPosition>
                                <ns2:okei>
                                    <code>796</code>
                                    <name>Штука</name>
                                </ns2:okei>
                                <ns2:qty>300</ns2:qty>
                            </ns2:doc>
                            <ns2:doc>
                                <ns2:ordinal>1</ns2:ordinal>
                                <ns2:code>01</ns2:code>
                                <ns2:name>товарная накладная</ns2:name>
                                <ns2:contractPosition>
                                    <ns2:guid>4e120836-f4df-6ed9-24b4-acc070261568</ns2:guid>
                                    <ns2:name>Производство чая и кофе</ns2:name>
                                    <ns2:okpd2>
                                        <code>15.86.13.121</code>
                                        <name>Чай черный байховый</name>
                                    </ns2:okpd2>
                                </ns2:contractPosition>
                                <ns2:okei>
                                    <code>796</code>
                                    <name>Штука</name>
                                </ns2:okei>
                                <ns2:qty>200</ns2:qty>
                            </ns2:doc>
                            <ns2:doc>
                                <ns2:ordinal>2</ns2:ordinal>
                                <ns2:code>01</ns2:code>
                                <ns2:name>товарная накладная</ns2:name>
                                <ns2:contractPosition>
                                    <ns2:guid>42b2ebd8-ad7d-b471-24b4-5d2cbee0b24e</ns2:guid>
                                    <ns2:name>Производство какао, шоколада и сахаристых кондитерских изделий</ns2:name>
                                    <ns2:okpd2>
                                        <code>10.82.13</code>
                                        <name>Порошок какао без добавок сахара или других подслащивающих веществ</name>
                                    </ns2:okpd2>
                                </ns2:contractPosition>
                                <ns2:okei>
                                    <code>796</code>
                                    <name>Штука</name>
                                </ns2:okei>
                                <ns2:qty>150</ns2:qty>
                            </ns2:doc>
                            <ns2:doc>
                                <ns2:ordinal>4</ns2:ordinal>
                                <ns2:code>01</ns2:code>
                                <ns2:name>товарная накладная</ns2:name>
                                <ns2:contractPosition>
                                    <ns2:guid>f3510384-624a-0e73-24b4-776f211012e5</ns2:guid>
                                    <ns2:name>Производство приправ и пряностей</ns2:name>
                                    <ns2:okpd2>
                                        <code>10.84.22.110</code>
                                        <name>Перец черный дробленый или молотый</name>
                                    </ns2:okpd2>
                                </ns2:contractPosition>
                                <ns2:okei>
                                    <code>796</code>
                                    <name>Штука</name>
                                </ns2:okei>
                                <ns2:qty>180</ns2:qty>
                            </ns2:doc>
                            <ns2:doc>
                                <ns2:ordinal>5</ns2:ordinal>
                                <ns2:code>01</ns2:code>
                                <ns2:name>товарная накладная</ns2:name>
                                <ns2:contractPosition>
                                    <ns2:guid>db79b8de-3cf4-9e2a-24b4-261ff7e61497</ns2:guid>
                                    <ns2:name>Производство приправ и пряностей</ns2:name>
                                    <ns2:okpd2>
                                        <code>10.84.30.130</code>
                                        <name>Соль пищевая поваренная йодированная</name>
                                    </ns2:okpd2>
                                </ns2:contractPosition>
                                <ns2:okei>
                                    <code>166</code>
                                    <name>Килограмм</name>
                                </ns2:okei>
                                <ns2:qty>300</ns2:qty>
                            </ns2:doc>
                            <ns2:doc>
                                <ns2:ordinal>6</ns2:ordinal>
                                <ns2:code>01</ns2:code>
                                <ns2:name>товарная накладная</ns2:name>
                                <ns2:contractPosition>
                                    <ns2:guid>8fec53d0-f4b0-21eb-24b4-cf7f070ffd04</ns2:guid>
                                    <ns2:name>Производство сахара</ns2:name>
                                    <ns2:okpd2>
                                        <code>15.83.12.110</code>
                                        <name>Сахар белый свекловичный в твердом состоянии</name>
                                    </ns2:okpd2>
                                </ns2:contractPosition>
                                <ns2:okei>
                                    <code>166</code>
                                    <name>Килограмм</name>
                                </ns2:okei>
                                <ns2:qty>1500</ns2:qty>
                            </ns2:doc>
                            <ns2:doc>
                                <ns2:ordinal>7</ns2:ordinal>
                                <ns2:code>01</ns2:code>
                                <ns2:name>товарная накладная</ns2:name>
                                <ns2:contractPosition>
                                    <ns2:guid>7ca7d16f-7e42-8e67-24b4-e016a7ef5d14</ns2:guid>
                                    <ns2:name>Производство приправ и пряностей</ns2:name>
                                    <ns2:okpd2>
                                        <code>15.87.20.174</code>
                                        <name>Лист лавровый обработанный</name>
                                    </ns2:okpd2>
                                </ns2:contractPosition>
                                <ns2:okei>
                                    <code>796</code>
                                    <name>Штука</name>
                                </ns2:okei>
                                <ns2:qty>180</ns2:qty>
                            </ns2:doc>
                            <ns2:doc>
                                <ns2:ordinal>8</ns2:ordinal>
                                <ns2:code>01</ns2:code>
                                <ns2:name>товарная накладная</ns2:name>
                                <ns2:contractPosition>
                                    <ns2:guid>8ef785fa-a7ff-bdf2-24b4-f97df3d4e317</ns2:guid>
                                    <ns2:name>Производство прочих пищевых продуктов, не включенных в другие группировки</ns2:name>
                                    <ns2:okpd2>
                                        <code>10.89.13.112</code>
                                        <name>Дрожжи хлебопекарные сушеные</name>
                                    </ns2:okpd2>
                                </ns2:contractPosition>
                                <ns2:okei>
                                    <code>796</code>
                                    <name>Штука</name>
                                </ns2:okei>
                                <ns2:qty>60</ns2:qty>
                            </ns2:doc>
                            <ns2:doc>
                                <ns2:ordinal>9</ns2:ordinal>
                                <ns2:code>01</ns2:code>
                                <ns2:name>товарная накладная</ns2:name>
                                <ns2:contractPosition>
                                    <ns2:guid>ee8d6293-b282-2492-24b4-e8a2f1b33c7b</ns2:guid>
                                    <ns2:name>Производство прочих пищевых продуктов, не включенных в другие группировки</ns2:name>
                                    <ns2:okpd2>
                                        <code>10.89.19.231</code>
                                        <name>Кисели на плодово-ягодной основе (сухой кисель)</name>
                                    </ns2:okpd2>
                                </ns2:contractPosition>
                                <ns2:okei>
                                    <code>166</code>
                                    <name>Килограмм</name>
                                </ns2:okei>
                                <ns2:qty>61</ns2:qty>
                            </ns2:doc>
                        </ns2:docs>
                    </ns2:position>
                    <ns2:total>94885.5</ns2:total>
                </ns2:positions>
            </ns2:performanceContractData>
        </ns2:item>
    </ns2:body>
</ns2:performanceContract>
