<?xml version="1.0" encoding="UTF-8" standalone="yes"?>
<ns2:performanceContract xsi:schemaLocation="http://zakupki.gov.ru/223/integration/schema/TFF-5.2 http://zakupki.gov.ru/223/integration/schema/TFF-5.2/Types.xsd" xmlns="http://zakupki.gov.ru/223fz/types/1" xmlns:ns10="http://zakupki.gov.ru/223fz/disagreementProtocol/1" xmlns:ns11="http://zakupki.gov.ru/223fz/purchase/1" xmlns:ns12="http://zakupki.gov.ru/223fz/machineryListInfo/1" xmlns:ns13="http://zakupki.gov.ru/223fz/revenue/1" xmlns:ns14="http://zakupki.gov.ru/223fz/orderClauseList/1" xmlns:ns15="http://zakupki.gov.ru/223fz/complaint/1" xmlns:ns16="http://zakupki.gov.ru/223fz/missedNotice/1" xmlns:ns17="http://zakupki.gov.ru/223fz/notificationIssue/1" xmlns:ns18="http://zakupki.gov.ru/223fz/purchasePlanProject/1" xmlns:ns19="http://zakupki.gov.ru/223fz/webRequest/1" xmlns:ns2="http://zakupki.gov.ru/223fz/contract/1" xmlns:xsi="http://www.w3.org/2001/XMLSchema-instance" xmlns:ns3="http://zakupki.gov.ru/223fz/dishonestSupplier/1" xmlns:ns4="http://zakupki.gov.ru/223fz/decisionSuspension/1" xmlns:ns5="http://zakupki.gov.ru/223fz/purchasePlanAdditionalPosition/1" xmlns:ns6="http://zakupki.gov.ru/223fz/purchasePlan/1" xmlns:ns7="http://zakupki.gov.ru/223fz/purchasePlanProjectAdditionalPosition/1" xmlns:ns8="http://zakupki.gov.ru/223fz/reference/1" xmlns:ns9="http://zakupki.gov.ru/223fz/stopCommodity/1">
    <header>
        <guid>59b851da-c6aa-48e8-a56f-2854d14c3dd8</guid>
        <createDateTime>2017-03-30T13:42:01</createDateTime>
    </header>
    <ns2:body>
        <ns2:item>
            <guid>3d682da4-31f5-4826-9073-3a36c82a7e08</guid>
            <ns2:performanceContractData>
                <ns2:guid>d2fa444a-5b08-4601-af83-c8ac74fd73d3</ns2:guid>
                <ns2:registrationNumber>56671163413160007610003</ns2:registrationNumber>
                <ns2:urlOOS>https://zakupki.gov.ru/223/contract/private/completing/info/view.html?id=2666836</ns2:urlOOS>
                <ns2:createDateTime>2016-04-11T12:09:33</ns2:createDateTime>
                <ns2:customer>
                    <mainInfo>
                        <fullName>Открытое акционерное общество "Межрегиональная распределительная сетевая компания Урала"</fullName>
                        <shortName>ОАО "МРСК Урала"</shortName>
                        <iko>56671163413667201001</iko>
                        <inn>6671163413</inn>
                        <kpp>667201001</kpp>
                        <ogrn>1056604000970</ogrn>
                        <legalAddress>620026, Свердловская, Екатеринбург, Мамина-Сибиряка, дом 140</legalAddress>
                        <postalAddress>620026, Свердловская область, Екатеринбург, Мамина-Сибиряка, дом 140 </postalAddress>
                        <phone>7-343-2152600</phone>
                        <fax>7-343-2152661</fax>
                        <email>mrsk@mrsk-ural.ru</email>
                        <okato>65401000000</okato>
                        <okpo>76507836</okpo>
                    </mainInfo>
                </ns2:customer>
                <ns2:placer>
                    <mainInfo>
                        <fullName>Открытое акционерное общество "Межрегиональная распределительная сетевая компания Урала"</fullName>
                        <shortName>ОАО "МРСК Урала"</shortName>
                        <iko>56671163413667201001</iko>
                        <inn>6671163413</inn>
                        <kpp>667201001</kpp>
                        <ogrn>1056604000970</ogrn>
                        <legalAddress>620026, Свердловская, Екатеринбург, Мамина-Сибиряка, дом 140</legalAddress>
                        <postalAddress>620026, Свердловская область, Екатеринбург, Мамина-Сибиряка, дом 140 </postalAddress>
                        <phone>7-343-2152600</phone>
                        <fax>7-343-2152661</fax>
                        <email>mrsk@mrsk-ural.ru</email>
                        <okato>65401000000</okato>
                        <okpo>76507836</okpo>
                    </mainInfo>
                </ns2:placer>
                <ns2:publicationDate>2017-03-30T13:42:01</ns2:publicationDate>
                <ns2:status>P</ns2:status>
                <ns2:version>1</ns2:version>
                <ns2:completed>false</ns2:completed>
                <ns2:attachments>
                    <totalDocumentsCount>1</totalDocumentsCount>
                    <document>
                        <guid>bbd5ed5a-6bbf-4a18-ba8b-726015f59aab</guid>
                        <createDateTime>2017-03-30T13:41:45</createDateTime>
                        <fileName>08-16 ЧГЭС 6000012777 ЧЭПК  сф 123 754,44.pdf</fileName>
                        <description>08-16 ЧГЭС 6000012777 ЧЭПК  сф 123 754,44</description>
                        <url>https://zakupki.gov.ru/223/contract/private/download/download.html?id=11735993</url>
                        <registrationNumber>56671163413160007610004</registrationNumber>
                    </document>
                </ns2:attachments>
                <ns2:hasPenalty>false</ns2:hasPenalty>
                <ns2:contractRegNumber>56671163413160007610000</ns2:contractRegNumber>
                <ns2:contractInfo>
                    <ns2:guid>5a8d9179-8d9d-44c0-af7c-765c0d55559f</ns2:guid>
                    <ns2:name>6000012777</ns2:name>
                    <ns2:agencyName>ОАО "МРСК Урала"</ns2:agencyName>
                    <ns2:supplierName>ОБЩЕСТВО С ОГРАНИЧЕННОЙ ОТВЕТСТВЕННОСТЬЮ "ЧЕЛЯБЭНЕРГОПРОЕКТКОМ"</ns2:supplierName>
                    <ns2:lotInfo>Право заключения договора на выполнение проектных и изыскательских работ по объекту: «КЛ-0,4кВ от ТП-5748 до объекта, расположенного по адресу: г. Челябинск, ул. Агалакова, уч. №1, реконструкция пункта учета электроэнергии Ленинского РЭС (инв.№229341) ПО «ЧГЭС» производственного отделения «Челябинские городские электрические сети» филиала ОАО «МРСК Урала» – «Челябэнерго».</ns2:lotInfo>
                    <ns2:contractDate>2016-04-07</ns2:contractDate>
                </ns2:contractInfo>
                <ns2:positions>
                    <ns2:position>
                        <ns2:ordinal>1</ns2:ordinal>
                        <ns2:paymentDate>2016-09-04</ns2:paymentDate>
                        <ns2:price>123754.44</ns2:price>
                        <ns2:currency>
                            <code>RUB</code>
                            <digitalCode>643</digitalCode>
                            <name>Российский рубль</name>
                        </ns2:currency>
                        <ns2:rubPrice>123754.44</ns2:rubPrice>
                        <ns2:prepaid>false</ns2:prepaid>
                        <ns2:docs>
                            <ns2:doc>
                                <ns2:ordinal>1</ns2:ordinal>
                                <ns2:date>2016-08-04</ns2:date>
                                <ns2:code>12</ns2:code>
                                <ns2:name>акт о приемке выполненных работ</ns2:name>
                                <ns2:number>184</ns2:number>
                                <ns2:contractPosition>
                                    <ns2:guid>3cabb744-0fa0-014e-e053-ac11070d70ec</ns2:guid>
                                    <ns2:name>«КЛ-0,4кВ от ТП-5748 до объекта, расположенного по адресу: г. Челябинск, ул. Агалакова, уч. №1, реконструкция пункта учета электроэнергии Ленинского РЭС (инв.№229341) ПО «ЧГЭС»</ns2:name>
                                    <ns2:okpd2>
                                        <code>71.12.13.000</code>
                                        <name>Услуги по инженерно-техническому проектированию систем энергоснабжения</name>
                                    </ns2:okpd2>
                                </ns2:contractPosition>
                                <ns2:okei>
                                    <code>642</code>
                                    <name>Единица</name>
                                </ns2:okei>
                                <ns2:qty>1</ns2:qty>
                            </ns2:doc>
                        </ns2:docs>
                    </ns2:position>
                    <ns2:total>123754.44</ns2:total>
                </ns2:positions>
            </ns2:performanceContractData>
        </ns2:item>
    </ns2:body>
</ns2:performanceContract>
