<?xml version="1.0" encoding="UTF-8" standalone="yes"?>
<ns2:performanceContract xsi:schemaLocation="http://zakupki.gov.ru/223/integration/schema/TFF-5.2 http://zakupki.gov.ru/223/integration/schema/TFF-5.2/Types.xsd" xmlns="http://zakupki.gov.ru/223fz/types/1" xmlns:ns10="http://zakupki.gov.ru/223fz/disagreementProtocol/1" xmlns:ns11="http://zakupki.gov.ru/223fz/purchase/1" xmlns:ns12="http://zakupki.gov.ru/223fz/machineryListInfo/1" xmlns:ns13="http://zakupki.gov.ru/223fz/revenue/1" xmlns:ns14="http://zakupki.gov.ru/223fz/orderClauseList/1" xmlns:ns15="http://zakupki.gov.ru/223fz/complaint/1" xmlns:ns16="http://zakupki.gov.ru/223fz/missedNotice/1" xmlns:ns17="http://zakupki.gov.ru/223fz/notificationIssue/1" xmlns:ns18="http://zakupki.gov.ru/223fz/purchasePlanProject/1" xmlns:ns19="http://zakupki.gov.ru/223fz/webRequest/1" xmlns:ns2="http://zakupki.gov.ru/223fz/contract/1" xmlns:xsi="http://www.w3.org/2001/XMLSchema-instance" xmlns:ns3="http://zakupki.gov.ru/223fz/dishonestSupplier/1" xmlns:ns4="http://zakupki.gov.ru/223fz/decisionSuspension/1" xmlns:ns5="http://zakupki.gov.ru/223fz/purchasePlanAdditionalPosition/1" xmlns:ns6="http://zakupki.gov.ru/223fz/purchasePlan/1" xmlns:ns7="http://zakupki.gov.ru/223fz/purchasePlanProjectAdditionalPosition/1" xmlns:ns8="http://zakupki.gov.ru/223fz/reference/1" xmlns:ns9="http://zakupki.gov.ru/223fz/stopCommodity/1">
    <header>
        <guid>de6ca8ed-f1b1-4722-8cd3-9cb2ae5b22a7</guid>
        <createDateTime>2017-03-30T15:32:31</createDateTime>
    </header>
    <ns2:body>
        <ns2:item>
            <guid>5e843cb8-7ef5-425c-bac2-1d8c85d0c1d1</guid>
            <ns2:performanceContractData>
                <ns2:guid>aa4114ea-5811-45be-97fe-ef1e0bf6d778</ns2:guid>
                <ns2:registrationNumber>56671163413160015220003</ns2:registrationNumber>
                <ns2:urlOOS>https://zakupki.gov.ru/223/contract/private/completing/info/view.html?id=2668304</ns2:urlOOS>
                <ns2:createDateTime>2016-06-20T12:57:41</ns2:createDateTime>
                <ns2:customer>
                    <mainInfo>
                        <fullName>Открытое акционерное общество "Межрегиональная распределительная сетевая компания Урала"</fullName>
                        <shortName>ОАО "МРСК Урала"</shortName>
                        <iko>56671163413667201001</iko>
                        <inn>6671163413</inn>
                        <kpp>667201001</kpp>
                        <ogrn>1056604000970</ogrn>
                        <legalAddress>620026, Свердловская, Екатеринбург, Мамина-Сибиряка, дом 140</legalAddress>
                        <postalAddress>620026, Свердловская область, Екатеринбург, Мамина-Сибиряка, дом 140 </postalAddress>
                        <phone>7-343-2152600</phone>
                        <fax>7-343-2152661</fax>
                        <email>mrsk@mrsk-ural.ru</email>
                        <okato>65401000000</okato>
                        <okpo>76507836</okpo>
                    </mainInfo>
                </ns2:customer>
                <ns2:placer>
                    <mainInfo>
                        <fullName>Открытое акционерное общество "Межрегиональная распределительная сетевая компания Урала"</fullName>
                        <shortName>ОАО "МРСК Урала"</shortName>
                        <iko>56671163413667201001</iko>
                        <inn>6671163413</inn>
                        <kpp>667201001</kpp>
                        <ogrn>1056604000970</ogrn>
                        <legalAddress>620026, Свердловская, Екатеринбург, Мамина-Сибиряка, дом 140</legalAddress>
                        <postalAddress>620026, Свердловская область, Екатеринбург, Мамина-Сибиряка, дом 140 </postalAddress>
                        <phone>7-343-2152600</phone>
                        <fax>7-343-2152661</fax>
                        <email>mrsk@mrsk-ural.ru</email>
                        <okato>65401000000</okato>
                        <okpo>76507836</okpo>
                    </mainInfo>
                </ns2:placer>
                <ns2:publicationDate>2017-03-30T15:32:31</ns2:publicationDate>
                <ns2:status>P</ns2:status>
                <ns2:version>1</ns2:version>
                <ns2:completed>false</ns2:completed>
                <ns2:attachments>
                    <totalDocumentsCount>2</totalDocumentsCount>
                    <document>
                        <guid>cd3b016b-c0cc-4ad2-a950-5a1280ee4087</guid>
                        <createDateTime>2017-03-30T15:32:16</createDateTime>
                        <fileName>платежное поручение.pdf</fileName>
                        <description>платежное поручение</description>
                        <url>https://zakupki.gov.ru/223/contract/private/download/download.html?id=11743601</url>
                        <registrationNumber>56671163413160015220004</registrationNumber>
                    </document>
                    <document>
                        <guid>6ffd6fc7-2663-4ea8-af9b-6e5f59b83f7a</guid>
                        <createDateTime>2017-03-30T15:32:08</createDateTime>
                        <fileName>09-16 ТЭС 2016-6724 ЭнергоСофт  сф 949 999,60.pdf</fileName>
                        <description>09-16 ТЭС 2016-6724 ЭнергоСофт  сф 949 999,60</description>
                        <url>https://zakupki.gov.ru/223/contract/private/download/download.html?id=11743592</url>
                        <registrationNumber>56671163413160015220005</registrationNumber>
                    </document>
                </ns2:attachments>
                <ns2:hasPenalty>false</ns2:hasPenalty>
                <ns2:contractRegNumber>56671163413160015220000</ns2:contractRegNumber>
                <ns2:contractInfo>
                    <ns2:guid>cad49345-6819-4443-8352-11fe78cac145</ns2:guid>
                    <ns2:name>2016-6724</ns2:name>
                    <ns2:agencyName>ОАО "МРСК Урала"</ns2:agencyName>
                    <ns2:supplierName>Общество с ограниченной ответственностью ИНЖИНИРИНГОВАЯ КОМПАНИЯ "ЭНЕРГОСОФТ"</ns2:supplierName>
                    <ns2:lotInfo>Право заключения договора подряда на выполнение строительно-монтажных и пусконаладочных работ по объекту: «Оборудование периметральной сигнализацией объектов филиала «Челябэнерго»: ПС Южноуральская» производственного отделения «Троицкие электрические сети» филиала ОАО «МРСК Урала» – «Челябэнерго». Закупка № 16202 лот № 27</ns2:lotInfo>
                    <ns2:contractDate>2016-06-14</ns2:contractDate>
                </ns2:contractInfo>
                <ns2:positions>
                    <ns2:position>
                        <ns2:ordinal>1</ns2:ordinal>
                        <ns2:paymentDate>2016-10-31</ns2:paymentDate>
                        <ns2:price>949999.6</ns2:price>
                        <ns2:currency>
                            <code>RUB</code>
                            <digitalCode>643</digitalCode>
                            <name>Российский рубль</name>
                        </ns2:currency>
                        <ns2:rubPrice>949999.6</ns2:rubPrice>
                        <ns2:prepaid>false</ns2:prepaid>
                        <ns2:docs>
                            <ns2:doc>
                                <ns2:ordinal>1</ns2:ordinal>
                                <ns2:code>37</ns2:code>
                                <ns2:name>прочие документы о приемке</ns2:name>
                                <ns2:contractPosition>
                                    <ns2:guid>3cabb756-c23a-014e-e053-ac11070d70ec</ns2:guid>
                                    <ns2:name>выполнение строительно-монтажных и пусконаладочных работ по объекту: «Оборудование периметральной сигнализацией объектов филиала «Челябэнерго»: ПС Южноуральская» производственного отделения «Троицкие электрические сети» филиала ОАО «МРСК Урала» – «Челябэнерго» </ns2:name>
                                    <ns2:okpd2>
                                        <code>43.21.10.140</code>
                                        <name>Работы по монтажу систем пожарной сигнализации и охранной сигнализации</name>
                                    </ns2:okpd2>
                                </ns2:contractPosition>
                                <ns2:okei>
                                    <code>642</code>
                                    <name>Единица</name>
                                </ns2:okei>
                                <ns2:qty>1</ns2:qty>
                            </ns2:doc>
                        </ns2:docs>
                    </ns2:position>
                    <ns2:total>949999.6</ns2:total>
                </ns2:positions>
            </ns2:performanceContractData>
        </ns2:item>
    </ns2:body>
</ns2:performanceContract>
