<?xml version="1.0" encoding="UTF-8" standalone="yes"?>
<ns2:performanceContract xsi:schemaLocation="http://zakupki.gov.ru/223/integration/schema/TFF-5.2 http://zakupki.gov.ru/223/integration/schema/TFF-5.2/Types.xsd" xmlns="http://zakupki.gov.ru/223fz/types/1" xmlns:ns10="http://zakupki.gov.ru/223fz/disagreementProtocol/1" xmlns:ns11="http://zakupki.gov.ru/223fz/purchase/1" xmlns:ns12="http://zakupki.gov.ru/223fz/machineryListInfo/1" xmlns:ns13="http://zakupki.gov.ru/223fz/revenue/1" xmlns:ns14="http://zakupki.gov.ru/223fz/orderClauseList/1" xmlns:ns15="http://zakupki.gov.ru/223fz/complaint/1" xmlns:ns16="http://zakupki.gov.ru/223fz/missedNotice/1" xmlns:ns17="http://zakupki.gov.ru/223fz/notificationIssue/1" xmlns:ns18="http://zakupki.gov.ru/223fz/purchasePlanProject/1" xmlns:ns19="http://zakupki.gov.ru/223fz/webRequest/1" xmlns:ns2="http://zakupki.gov.ru/223fz/contract/1" xmlns:xsi="http://www.w3.org/2001/XMLSchema-instance" xmlns:ns3="http://zakupki.gov.ru/223fz/dishonestSupplier/1" xmlns:ns4="http://zakupki.gov.ru/223fz/decisionSuspension/1" xmlns:ns5="http://zakupki.gov.ru/223fz/purchasePlanAdditionalPosition/1" xmlns:ns6="http://zakupki.gov.ru/223fz/purchasePlan/1" xmlns:ns7="http://zakupki.gov.ru/223fz/purchasePlanProjectAdditionalPosition/1" xmlns:ns8="http://zakupki.gov.ru/223fz/reference/1" xmlns:ns9="http://zakupki.gov.ru/223fz/stopCommodity/1">
    <header>
        <guid>5e629a87-a37f-4e99-9c46-c3b62a8ca85a</guid>
        <createDateTime>2017-03-30T15:17:13</createDateTime>
    </header>
    <ns2:body>
        <ns2:item>
            <guid>e0639d4c-d8da-4460-b803-f2cb2087420c</guid>
            <ns2:performanceContractData>
                <ns2:guid>e4fb3368-a192-40cc-8d4c-bd96f59a8df2</ns2:guid>
                <ns2:registrationNumber>56661028380170000370006</ns2:registrationNumber>
                <ns2:urlOOS>https://zakupki.gov.ru/223/contract/private/completing/info/view.html?id=2668073</ns2:urlOOS>
                <ns2:createDateTime>2017-02-28T13:00:25</ns2:createDateTime>
                <ns2:customer>
                    <mainInfo>
                        <fullName>МУНИЦИПАЛЬНОЕ АВТОНОМНОЕ  УЧРЕЖДЕНИЕ "КЛИНИКО-ДИАГНОСТИЧЕСКИЙ ЦЕНТР"</fullName>
                        <shortName>МАУ "КДЦ"</shortName>
                        <iko>56661028380667101001</iko>
                        <inn>6661028380</inn>
                        <kpp>667101001</kpp>
                        <ogrn>1026605247415</ogrn>
                        <legalAddress>620144, ОБЛ СВЕРДЛОВСКАЯ, Г ЕКАТЕРИНБУРГ, УЛ 8 МАРТА, дом ДОМ 78В</legalAddress>
                        <postalAddress>620144, обл СВЕРДЛОВСКАЯ, г ЕКАТЕРИНБУРГ, ул 8 МАРТА, дом 78В</postalAddress>
                        <phone>7-343-2047134</phone>
                        <fax>7-343-2047157</fax>
                        <email>inbox@kdc-lab.ru</email>
                        <okato>65401377000</okato>
                        <okpo>25042229</okpo>
                    </mainInfo>
                </ns2:customer>
                <ns2:placer>
                    <mainInfo>
                        <fullName>МУНИЦИПАЛЬНОЕ АВТОНОМНОЕ  УЧРЕЖДЕНИЕ "КЛИНИКО-ДИАГНОСТИЧЕСКИЙ ЦЕНТР"</fullName>
                        <shortName>МАУ "КДЦ"</shortName>
                        <iko>56661028380667101001</iko>
                        <inn>6661028380</inn>
                        <kpp>667101001</kpp>
                        <ogrn>1026605247415</ogrn>
                        <legalAddress>620144, ОБЛ СВЕРДЛОВСКАЯ, Г ЕКАТЕРИНБУРГ, УЛ 8 МАРТА, дом ДОМ 78В</legalAddress>
                        <postalAddress>620144, обл СВЕРДЛОВСКАЯ, г ЕКАТЕРИНБУРГ, ул 8 МАРТА, дом 78В</postalAddress>
                        <phone>7-343-2047134</phone>
                        <fax>7-343-2047157</fax>
                        <email>inbox@kdc-lab.ru</email>
                        <okato>65401377000</okato>
                        <okpo>25042229</okpo>
                    </mainInfo>
                </ns2:placer>
                <ns2:publicationDate>2017-03-30T15:17:13</ns2:publicationDate>
                <ns2:status>P</ns2:status>
                <ns2:version>1</ns2:version>
                <ns2:completed>false</ns2:completed>
                <ns2:attachments>
                    <totalDocumentsCount>5</totalDocumentsCount>
                    <document>
                        <guid>96daa9fe-72fd-465d-9fff-4ff7c10ecc4c</guid>
                        <createDateTime>2017-03-30T15:16:25</createDateTime>
                        <fileName>172327 от 22.03.2017 - Трелис.pdf</fileName>
                        <description>172327 от 22.03.2017 - Трелис</description>
                        <url>https://zakupki.gov.ru/223/contract/private/download/download.html?id=11742545</url>
                        <registrationNumber>56661028380170000370007</registrationNumber>
                    </document>
                    <document>
                        <guid>655c22f9-678a-49a8-b932-7456b45a50b8</guid>
                        <createDateTime>2017-03-30T15:15:59</createDateTime>
                        <fileName>img955.jpg</fileName>
                        <description>img955</description>
                        <url>https://zakupki.gov.ru/223/contract/private/download/download.html?id=11742529</url>
                        <registrationNumber>56661028380170000370008</registrationNumber>
                    </document>
                    <document>
                        <guid>6cda2dc9-796f-43a2-8bdf-f09a324124dc</guid>
                        <createDateTime>2017-03-30T15:15:49</createDateTime>
                        <fileName>image003.jpg</fileName>
                        <description>image003</description>
                        <url>https://zakupki.gov.ru/223/contract/private/download/download.html?id=11742523</url>
                        <registrationNumber>56661028380170000370009</registrationNumber>
                    </document>
                    <document>
                        <guid>3b83d872-489b-43fd-b494-7c6d90babbed</guid>
                        <createDateTime>2017-03-30T15:16:18</createDateTime>
                        <fileName>172328 от 22.03.2017 - Трелис.pdf</fileName>
                        <description>172328 от 22.03.2017 - Трелис</description>
                        <url>https://zakupki.gov.ru/223/contract/private/download/download.html?id=11742540</url>
                        <registrationNumber>56661028380170000370010</registrationNumber>
                    </document>
                    <document>
                        <guid>7618cb40-8bd6-4001-ad73-b49dbd9a3520</guid>
                        <createDateTime>2017-03-30T15:15:54</createDateTime>
                        <fileName>img933.jpg</fileName>
                        <description>img933</description>
                        <url>https://zakupki.gov.ru/223/contract/private/download/download.html?id=11742526</url>
                        <registrationNumber>56661028380170000370011</registrationNumber>
                    </document>
                </ns2:attachments>
                <ns2:hasPenalty>false</ns2:hasPenalty>
                <ns2:contractRegNumber>56661028380170000370000</ns2:contractRegNumber>
                <ns2:contractInfo>
                    <ns2:guid>226edad7-8fbc-4cdb-a1ed-dc498f6046ce</ns2:guid>
                    <ns2:name>31704751324</ns2:name>
                    <ns2:agencyName>МАУ "КДЦ"</ns2:agencyName>
                    <ns2:supplierName>ОБЩЕСТВО С ОГРАНИЧЕННОЙ ОТВЕТСТВЕННОСТЬЮ "ТРЕЛИС"</ns2:supplierName>
                    <ns2:lotInfo>Диагностические наборы, реагенты и расходный  материал для  ПЦР-диагностики  возбудителей острых кишечных и респираторных инфекций</ns2:lotInfo>
                    <ns2:contractDate>2017-02-27</ns2:contractDate>
                </ns2:contractInfo>
                <ns2:positions>
                    <ns2:position>
                        <ns2:ordinal>1</ns2:ordinal>
                        <ns2:paymentDate>2017-03-22</ns2:paymentDate>
                        <ns2:price>300009.6</ns2:price>
                        <ns2:currency>
                            <code>RUB</code>
                            <digitalCode>643</digitalCode>
                            <name>Российский рубль</name>
                        </ns2:currency>
                        <ns2:rubPrice>300009.6</ns2:rubPrice>
                        <ns2:prepaid>false</ns2:prepaid>
                        <ns2:docs>
                            <ns2:doc>
                                <ns2:ordinal>1</ns2:ordinal>
                                <ns2:date>2017-02-28</ns2:date>
                                <ns2:code>01</ns2:code>
                                <ns2:name>товарная накладная</ns2:name>
                                <ns2:number>4887</ns2:number>
                                <ns2:contractPosition>
                                    <ns2:guid>05f3cbc3-02ea-4931-ad82-8d6a3ad33df8</ns2:guid>
                                    <ns2:name>Реагенты диагностические</ns2:name>
                                    <ns2:okpd2>
                                        <code>21.20.23.110</code>
                                        <name>Реагенты диагностические</name>
                                    </ns2:okpd2>
                                </ns2:contractPosition>
                                <ns2:okei>
                                    <code>642</code>
                                    <name>Единица</name>
                                </ns2:okei>
                                <ns2:qty>326</ns2:qty>
                            </ns2:doc>
                        </ns2:docs>
                    </ns2:position>
                    <ns2:total>300009.6</ns2:total>
                </ns2:positions>
            </ns2:performanceContractData>
        </ns2:item>
    </ns2:body>
</ns2:performanceContract>
