<?xml version="1.0" encoding="UTF-8" standalone="yes"?>
<ns2:performanceContract xsi:schemaLocation="http://zakupki.gov.ru/223/integration/schema/TFF-5.2 http://zakupki.gov.ru/223/integration/schema/TFF-5.2/Types.xsd" xmlns="http://zakupki.gov.ru/223fz/types/1" xmlns:ns10="http://zakupki.gov.ru/223fz/disagreementProtocol/1" xmlns:ns11="http://zakupki.gov.ru/223fz/purchase/1" xmlns:ns12="http://zakupki.gov.ru/223fz/machineryListInfo/1" xmlns:ns13="http://zakupki.gov.ru/223fz/revenue/1" xmlns:ns14="http://zakupki.gov.ru/223fz/orderClauseList/1" xmlns:ns15="http://zakupki.gov.ru/223fz/complaint/1" xmlns:ns16="http://zakupki.gov.ru/223fz/missedNotice/1" xmlns:ns17="http://zakupki.gov.ru/223fz/notificationIssue/1" xmlns:ns18="http://zakupki.gov.ru/223fz/purchasePlanProject/1" xmlns:ns19="http://zakupki.gov.ru/223fz/webRequest/1" xmlns:ns2="http://zakupki.gov.ru/223fz/contract/1" xmlns:xsi="http://www.w3.org/2001/XMLSchema-instance" xmlns:ns3="http://zakupki.gov.ru/223fz/dishonestSupplier/1" xmlns:ns4="http://zakupki.gov.ru/223fz/decisionSuspension/1" xmlns:ns5="http://zakupki.gov.ru/223fz/purchasePlanAdditionalPosition/1" xmlns:ns6="http://zakupki.gov.ru/223fz/purchasePlan/1" xmlns:ns7="http://zakupki.gov.ru/223fz/purchasePlanProjectAdditionalPosition/1" xmlns:ns8="http://zakupki.gov.ru/223fz/reference/1" xmlns:ns9="http://zakupki.gov.ru/223fz/stopCommodity/1">
    <header>
        <guid>6326bbea-46fa-493f-a33a-46e66de65da3</guid>
        <createDateTime>2017-03-30T12:48:18</createDateTime>
    </header>
    <ns2:body>
        <ns2:item>
            <guid>5fb652fc-700d-4fae-8774-5020833735ac</guid>
            <ns2:performanceContractData>
                <ns2:guid>ae6e6bec-8dcf-4267-a774-d823678e6f15</ns2:guid>
                <ns2:registrationNumber>56671163413160028670003</ns2:registrationNumber>
                <ns2:urlOOS>https://zakupki.gov.ru/223/contract/private/completing/info/view.html?id=2666140</ns2:urlOOS>
                <ns2:createDateTime>2016-11-23T13:31:38</ns2:createDateTime>
                <ns2:customer>
                    <mainInfo>
                        <fullName>Открытое акционерное общество "Межрегиональная распределительная сетевая компания Урала"</fullName>
                        <shortName>ОАО "МРСК Урала"</shortName>
                        <iko>56671163413667201001</iko>
                        <inn>6671163413</inn>
                        <kpp>667201001</kpp>
                        <ogrn>1056604000970</ogrn>
                        <legalAddress>620026, Свердловская, Екатеринбург, Мамина-Сибиряка, дом 140</legalAddress>
                        <postalAddress>620026, Свердловская область, Екатеринбург, Мамина-Сибиряка, дом 140 </postalAddress>
                        <phone>7-343-2152600</phone>
                        <fax>7-343-2152661</fax>
                        <email>mrsk@mrsk-ural.ru</email>
                        <okato>65401000000</okato>
                        <okpo>76507836</okpo>
                    </mainInfo>
                </ns2:customer>
                <ns2:placer>
                    <mainInfo>
                        <fullName>Открытое акционерное общество "Межрегиональная распределительная сетевая компания Урала"</fullName>
                        <shortName>ОАО "МРСК Урала"</shortName>
                        <iko>56671163413667201001</iko>
                        <inn>6671163413</inn>
                        <kpp>667201001</kpp>
                        <ogrn>1056604000970</ogrn>
                        <legalAddress>620026, Свердловская, Екатеринбург, Мамина-Сибиряка, дом 140</legalAddress>
                        <postalAddress>620026, Свердловская область, Екатеринбург, Мамина-Сибиряка, дом 140 </postalAddress>
                        <phone>7-343-2152600</phone>
                        <fax>7-343-2152661</fax>
                        <email>mrsk@mrsk-ural.ru</email>
                        <okato>65401000000</okato>
                        <okpo>76507836</okpo>
                    </mainInfo>
                </ns2:placer>
                <ns2:publicationDate>2017-03-30T12:48:18</ns2:publicationDate>
                <ns2:status>P</ns2:status>
                <ns2:version>1</ns2:version>
                <ns2:completed>false</ns2:completed>
                <ns2:attachments>
                    <totalDocumentsCount>6</totalDocumentsCount>
                    <document>
                        <guid>740585f5-8682-42ab-9edf-c3b450a4b33f</guid>
                        <createDateTime>2017-03-30T12:47:23</createDateTime>
                        <fileName>ЧГЭС_08.02.17_29.03.17_97686,40.pdf</fileName>
                        <description>ЧГЭС_08.02.17_29.03.17_97686,40</description>
                        <url>https://zakupki.gov.ru/223/contract/private/download/download.html?id=11733187</url>
                        <registrationNumber>56671163413160028670004</registrationNumber>
                    </document>
                    <document>
                        <guid>95e4a68b-3bc8-47d7-b49c-daa1bdb2bf92</guid>
                        <createDateTime>2017-03-30T12:46:27</createDateTime>
                        <fileName>ЗЭС_09.02.17_13.03.17_25145,30_27418,07.pdf</fileName>
                        <description>ЗЭС_09.02.17_13.03.17_25145,30_27418,07</description>
                        <url>https://zakupki.gov.ru/223/contract/private/download/download.html?id=11733075</url>
                        <registrationNumber>56671163413160028670005</registrationNumber>
                    </document>
                    <document>
                        <guid>69ccf43b-316d-45db-8ca3-fd0915bd32b0</guid>
                        <createDateTime>2017-03-30T12:46:15</createDateTime>
                        <fileName>ЗЭС_15.02.17_15.03.17_3341,94.pdf</fileName>
                        <description>ЗЭС_15.02.17_15.03.17_3341,94</description>
                        <url>https://zakupki.gov.ru/223/contract/private/download/download.html?id=11733064</url>
                        <registrationNumber>56671163413160028670006</registrationNumber>
                    </document>
                    <document>
                        <guid>656f3fb2-def1-496a-aa61-65f0022bfd98</guid>
                        <createDateTime>2017-03-30T12:46:36</createDateTime>
                        <fileName>МЭС_08.02.17_06.03.17_93151,53.pdf</fileName>
                        <description>МЭС_08.02.17_06.03.17_93151,53</description>
                        <url>https://zakupki.gov.ru/223/contract/private/download/download.html?id=11733080</url>
                        <registrationNumber>56671163413160028670007</registrationNumber>
                    </document>
                    <document>
                        <guid>bbc3de7f-897f-4c4c-b3ec-0fd294b57af6</guid>
                        <createDateTime>2017-03-30T12:47:07</createDateTime>
                        <fileName>ЦЭС 09.02.17_20.03.17_370191.59.pdf</fileName>
                        <description>ЦЭС 09.02.17_20.03.17_370191.59</description>
                        <url>https://zakupki.gov.ru/223/contract/private/download/download.html?id=11733178</url>
                        <registrationNumber>56671163413160028670008</registrationNumber>
                    </document>
                    <document>
                        <guid>54246fdc-c9b9-4a37-ba13-108fbfcbbb9b</guid>
                        <createDateTime>2017-03-30T12:46:44</createDateTime>
                        <fileName>ТЭС_08.02.17_06.03.17_20765,19.pdf</fileName>
                        <description>ТЭС_08.02.17_06.03.17_20765,19</description>
                        <url>https://zakupki.gov.ru/223/contract/private/download/download.html?id=11733135</url>
                        <registrationNumber>56671163413160028670009</registrationNumber>
                    </document>
                </ns2:attachments>
                <ns2:hasPenalty>false</ns2:hasPenalty>
                <ns2:contractRegNumber>56671163413160028670000</ns2:contractRegNumber>
                <ns2:contractInfo>
                    <ns2:guid>066f40c6-230c-4610-9ff4-42500493fd0a</ns2:guid>
                    <ns2:agencyName>ОАО "МРСК Урала"</ns2:agencyName>
                    <ns2:supplierName>ОБЩЕСТВО С ОГРАНИЧЕННОЙ ОТВЕТСТВЕННОСТЬЮ  "ТОРГОВЫЙ ДОМ "ЭЛЕКТРОЗАЩИТА"</ns2:supplierName>
                    <ns2:lotInfo>право заключения договора на поставку предохранителей и патронов к ним для  обеспечения ремонтной программы филиала ОАО «МРСК Урала» - «Челябэнерго» в 2017г.</ns2:lotInfo>
                    <ns2:contractDate>2016-11-22</ns2:contractDate>
                </ns2:contractInfo>
                <ns2:positions>
                    <ns2:position>
                        <ns2:ordinal>3</ns2:ordinal>
                        <ns2:paymentDate>2017-03-15</ns2:paymentDate>
                        <ns2:price>3341.94</ns2:price>
                        <ns2:currency>
                            <code>RUB</code>
                            <digitalCode>643</digitalCode>
                            <name>Российский рубль</name>
                        </ns2:currency>
                        <ns2:rubPrice>3341.94</ns2:rubPrice>
                        <ns2:prepaid>false</ns2:prepaid>
                        <ns2:docs>
                            <ns2:doc>
                                <ns2:ordinal>1</ns2:ordinal>
                                <ns2:code>01</ns2:code>
                                <ns2:name>товарная накладная</ns2:name>
                                <ns2:contractPosition>
                                    <ns2:guid>b116a002-a1e6-4202-86ce-4718899c6330</ns2:guid>
                                    <ns2:name>Предохранители высоковольтные</ns2:name>
                                    <ns2:okpd2>
                                        <code>27.12.10.140</code>
                                        <name>Предохранители высоковольтные</name>
                                    </ns2:okpd2>
                                </ns2:contractPosition>
                                <ns2:okei>
                                    <code>642</code>
                                    <name>Единица</name>
                                </ns2:okei>
                                <ns2:qty>1</ns2:qty>
                            </ns2:doc>
                        </ns2:docs>
                    </ns2:position>
                    <ns2:position>
                        <ns2:ordinal>1</ns2:ordinal>
                        <ns2:paymentDate>2017-03-13</ns2:paymentDate>
                        <ns2:price>25145.3</ns2:price>
                        <ns2:currency>
                            <code>RUB</code>
                            <digitalCode>643</digitalCode>
                            <name>Российский рубль</name>
                        </ns2:currency>
                        <ns2:rubPrice>25145.3</ns2:rubPrice>
                        <ns2:prepaid>false</ns2:prepaid>
                        <ns2:docs>
                            <ns2:doc>
                                <ns2:ordinal>1</ns2:ordinal>
                                <ns2:code>01</ns2:code>
                                <ns2:name>товарная накладная</ns2:name>
                                <ns2:contractPosition>
                                    <ns2:guid>b116a002-a1e6-4202-86ce-4718899c6330</ns2:guid>
                                    <ns2:name>Предохранители высоковольтные</ns2:name>
                                    <ns2:okpd2>
                                        <code>27.12.10.140</code>
                                        <name>Предохранители высоковольтные</name>
                                    </ns2:okpd2>
                                </ns2:contractPosition>
                                <ns2:okei>
                                    <code>642</code>
                                    <name>Единица</name>
                                </ns2:okei>
                                <ns2:qty>1</ns2:qty>
                            </ns2:doc>
                        </ns2:docs>
                    </ns2:position>
                    <ns2:position>
                        <ns2:ordinal>5</ns2:ordinal>
                        <ns2:paymentDate>2017-03-06</ns2:paymentDate>
                        <ns2:price>20765.19</ns2:price>
                        <ns2:currency>
                            <code>RUB</code>
                            <digitalCode>643</digitalCode>
                            <name>Российский рубль</name>
                        </ns2:currency>
                        <ns2:rubPrice>20765.19</ns2:rubPrice>
                        <ns2:prepaid>false</ns2:prepaid>
                        <ns2:docs>
                            <ns2:doc>
                                <ns2:ordinal>1</ns2:ordinal>
                                <ns2:code>01</ns2:code>
                                <ns2:name>товарная накладная</ns2:name>
                                <ns2:contractPosition>
                                    <ns2:guid>b116a002-a1e6-4202-86ce-4718899c6330</ns2:guid>
                                    <ns2:name>Предохранители высоковольтные</ns2:name>
                                    <ns2:okpd2>
                                        <code>27.12.10.140</code>
                                        <name>Предохранители высоковольтные</name>
                                    </ns2:okpd2>
                                </ns2:contractPosition>
                                <ns2:okei>
                                    <code>642</code>
                                    <name>Единица</name>
                                </ns2:okei>
                                <ns2:qty>1</ns2:qty>
                            </ns2:doc>
                        </ns2:docs>
                    </ns2:position>
                    <ns2:position>
                        <ns2:ordinal>4</ns2:ordinal>
                        <ns2:paymentDate>2017-03-06</ns2:paymentDate>
                        <ns2:price>93151.53</ns2:price>
                        <ns2:currency>
                            <code>RUB</code>
                            <digitalCode>643</digitalCode>
                            <name>Российский рубль</name>
                        </ns2:currency>
                        <ns2:rubPrice>93151.53</ns2:rubPrice>
                        <ns2:prepaid>false</ns2:prepaid>
                        <ns2:docs>
                            <ns2:doc>
                                <ns2:ordinal>1</ns2:ordinal>
                                <ns2:code>01</ns2:code>
                                <ns2:name>товарная накладная</ns2:name>
                                <ns2:contractPosition>
                                    <ns2:guid>b116a002-a1e6-4202-86ce-4718899c6330</ns2:guid>
                                    <ns2:name>Предохранители высоковольтные</ns2:name>
                                    <ns2:okpd2>
                                        <code>27.12.10.140</code>
                                        <name>Предохранители высоковольтные</name>
                                    </ns2:okpd2>
                                </ns2:contractPosition>
                                <ns2:okei>
                                    <code>642</code>
                                    <name>Единица</name>
                                </ns2:okei>
                                <ns2:qty>1</ns2:qty>
                            </ns2:doc>
                        </ns2:docs>
                    </ns2:position>
                    <ns2:position>
                        <ns2:ordinal>6</ns2:ordinal>
                        <ns2:paymentDate>2017-03-20</ns2:paymentDate>
                        <ns2:price>370191.59</ns2:price>
                        <ns2:currency>
                            <code>RUB</code>
                            <digitalCode>643</digitalCode>
                            <name>Российский рубль</name>
                        </ns2:currency>
                        <ns2:rubPrice>370191.59</ns2:rubPrice>
                        <ns2:prepaid>false</ns2:prepaid>
                        <ns2:docs>
                            <ns2:doc>
                                <ns2:ordinal>1</ns2:ordinal>
                                <ns2:code>01</ns2:code>
                                <ns2:name>товарная накладная</ns2:name>
                                <ns2:contractPosition>
                                    <ns2:guid>b116a002-a1e6-4202-86ce-4718899c6330</ns2:guid>
                                    <ns2:name>Предохранители высоковольтные</ns2:name>
                                    <ns2:okpd2>
                                        <code>27.12.10.140</code>
                                        <name>Предохранители высоковольтные</name>
                                    </ns2:okpd2>
                                </ns2:contractPosition>
                                <ns2:okei>
                                    <code>642</code>
                                    <name>Единица</name>
                                </ns2:okei>
                                <ns2:qty>1</ns2:qty>
                            </ns2:doc>
                        </ns2:docs>
                    </ns2:position>
                    <ns2:position>
                        <ns2:ordinal>2</ns2:ordinal>
                        <ns2:paymentDate>2017-03-13</ns2:paymentDate>
                        <ns2:price>27418.07</ns2:price>
                        <ns2:currency>
                            <code>RUB</code>
                            <digitalCode>643</digitalCode>
                            <name>Российский рубль</name>
                        </ns2:currency>
                        <ns2:rubPrice>27418.07</ns2:rubPrice>
                        <ns2:prepaid>false</ns2:prepaid>
                        <ns2:docs>
                            <ns2:doc>
                                <ns2:ordinal>1</ns2:ordinal>
                                <ns2:code>01</ns2:code>
                                <ns2:name>товарная накладная</ns2:name>
                                <ns2:contractPosition>
                                    <ns2:guid>b116a002-a1e6-4202-86ce-4718899c6330</ns2:guid>
                                    <ns2:name>Предохранители высоковольтные</ns2:name>
                                    <ns2:okpd2>
                                        <code>27.12.10.140</code>
                                        <name>Предохранители высоковольтные</name>
                                    </ns2:okpd2>
                                </ns2:contractPosition>
                                <ns2:okei>
                                    <code>642</code>
                                    <name>Единица</name>
                                </ns2:okei>
                                <ns2:qty>1</ns2:qty>
                            </ns2:doc>
                        </ns2:docs>
                    </ns2:position>
                    <ns2:position>
                        <ns2:ordinal>7</ns2:ordinal>
                        <ns2:paymentDate>2017-03-29</ns2:paymentDate>
                        <ns2:price>97686.4</ns2:price>
                        <ns2:currency>
                            <code>RUB</code>
                            <digitalCode>643</digitalCode>
                            <name>Российский рубль</name>
                        </ns2:currency>
                        <ns2:rubPrice>97686.4</ns2:rubPrice>
                        <ns2:prepaid>false</ns2:prepaid>
                        <ns2:docs>
                            <ns2:doc>
                                <ns2:ordinal>1</ns2:ordinal>
                                <ns2:code>01</ns2:code>
                                <ns2:name>товарная накладная</ns2:name>
                                <ns2:contractPosition>
                                    <ns2:guid>b116a002-a1e6-4202-86ce-4718899c6330</ns2:guid>
                                    <ns2:name>Предохранители высоковольтные</ns2:name>
                                    <ns2:okpd2>
                                        <code>27.12.10.140</code>
                                        <name>Предохранители высоковольтные</name>
                                    </ns2:okpd2>
                                </ns2:contractPosition>
                                <ns2:okei>
                                    <code>642</code>
                                    <name>Единица</name>
                                </ns2:okei>
                                <ns2:qty>1</ns2:qty>
                            </ns2:doc>
                        </ns2:docs>
                    </ns2:position>
                    <ns2:total>637700.02</ns2:total>
                </ns2:positions>
            </ns2:performanceContractData>
        </ns2:item>
    </ns2:body>
</ns2:performanceContract>
