<?xml version="1.0" encoding="UTF-8" standalone="yes"?>
<ns2:performanceContract xsi:schemaLocation="http://zakupki.gov.ru/223/integration/schema/TFF-5.2 http://zakupki.gov.ru/223/integration/schema/TFF-5.2/Types.xsd" xmlns="http://zakupki.gov.ru/223fz/types/1" xmlns:ns10="http://zakupki.gov.ru/223fz/disagreementProtocol/1" xmlns:ns11="http://zakupki.gov.ru/223fz/purchase/1" xmlns:ns12="http://zakupki.gov.ru/223fz/machineryListInfo/1" xmlns:ns13="http://zakupki.gov.ru/223fz/revenue/1" xmlns:ns14="http://zakupki.gov.ru/223fz/orderClauseList/1" xmlns:ns15="http://zakupki.gov.ru/223fz/complaint/1" xmlns:ns16="http://zakupki.gov.ru/223fz/missedNotice/1" xmlns:ns17="http://zakupki.gov.ru/223fz/notificationIssue/1" xmlns:ns18="http://zakupki.gov.ru/223fz/purchasePlanProject/1" xmlns:ns19="http://zakupki.gov.ru/223fz/webRequest/1" xmlns:ns2="http://zakupki.gov.ru/223fz/contract/1" xmlns:xsi="http://www.w3.org/2001/XMLSchema-instance" xmlns:ns3="http://zakupki.gov.ru/223fz/dishonestSupplier/1" xmlns:ns4="http://zakupki.gov.ru/223fz/decisionSuspension/1" xmlns:ns5="http://zakupki.gov.ru/223fz/purchasePlanAdditionalPosition/1" xmlns:ns6="http://zakupki.gov.ru/223fz/purchasePlan/1" xmlns:ns7="http://zakupki.gov.ru/223fz/purchasePlanProjectAdditionalPosition/1" xmlns:ns8="http://zakupki.gov.ru/223fz/reference/1" xmlns:ns9="http://zakupki.gov.ru/223fz/stopCommodity/1">
    <header>
        <guid>65ed043e-7af4-41d3-8314-cfe331f8a092</guid>
        <createDateTime>2017-03-30T15:19:11</createDateTime>
    </header>
    <ns2:body>
        <ns2:item>
            <guid>74e44ab6-0591-4784-a26b-c49894d2c7b0</guid>
            <ns2:performanceContractData>
                <ns2:guid>1b9917f8-0937-4845-8e3d-2757b3059afa</ns2:guid>
                <ns2:registrationNumber>56671163413160016370003</ns2:registrationNumber>
                <ns2:urlOOS>https://zakupki.gov.ru/223/contract/private/completing/info/view.html?id=2668001</ns2:urlOOS>
                <ns2:createDateTime>2016-07-01T12:05:14</ns2:createDateTime>
                <ns2:customer>
                    <mainInfo>
                        <fullName>Открытое акционерное общество "Межрегиональная распределительная сетевая компания Урала"</fullName>
                        <shortName>ОАО "МРСК Урала"</shortName>
                        <iko>56671163413667201001</iko>
                        <inn>6671163413</inn>
                        <kpp>667201001</kpp>
                        <ogrn>1056604000970</ogrn>
                        <legalAddress>620026, Свердловская, Екатеринбург, Мамина-Сибиряка, дом 140</legalAddress>
                        <postalAddress>620026, Свердловская область, Екатеринбург, Мамина-Сибиряка, дом 140 </postalAddress>
                        <phone>7-343-2152600</phone>
                        <fax>7-343-2152661</fax>
                        <email>mrsk@mrsk-ural.ru</email>
                        <okato>65401000000</okato>
                        <okpo>76507836</okpo>
                    </mainInfo>
                </ns2:customer>
                <ns2:placer>
                    <mainInfo>
                        <fullName>Открытое акционерное общество "Межрегиональная распределительная сетевая компания Урала"</fullName>
                        <shortName>ОАО "МРСК Урала"</shortName>
                        <iko>56671163413667201001</iko>
                        <inn>6671163413</inn>
                        <kpp>667201001</kpp>
                        <ogrn>1056604000970</ogrn>
                        <legalAddress>620026, Свердловская, Екатеринбург, Мамина-Сибиряка, дом 140</legalAddress>
                        <postalAddress>620026, Свердловская область, Екатеринбург, Мамина-Сибиряка, дом 140 </postalAddress>
                        <phone>7-343-2152600</phone>
                        <fax>7-343-2152661</fax>
                        <email>mrsk@mrsk-ural.ru</email>
                        <okato>65401000000</okato>
                        <okpo>76507836</okpo>
                    </mainInfo>
                </ns2:placer>
                <ns2:publicationDate>2017-03-30T15:19:11</ns2:publicationDate>
                <ns2:status>P</ns2:status>
                <ns2:version>1</ns2:version>
                <ns2:completed>false</ns2:completed>
                <ns2:attachments>
                    <totalDocumentsCount>2</totalDocumentsCount>
                    <document>
                        <guid>ec82ca84-e39a-4a5f-9c60-c605a3b37dbd</guid>
                        <createDateTime>2017-03-30T15:18:38</createDateTime>
                        <fileName>12-16 ТЭС 2016-7901 Регионстроймонтаж  2 акта на 523 171,79.pdf</fileName>
                        <description>12-16 ТЭС 2016-7901 Регионстроймонтаж  2 акта на 523 171,79</description>
                        <url>https://zakupki.gov.ru/223/contract/private/download/download.html?id=11742641</url>
                        <registrationNumber>56671163413160016370004</registrationNumber>
                    </document>
                    <document>
                        <guid>fff9c6b0-e2a1-4eb4-8413-4d8227ad1edd</guid>
                        <createDateTime>2017-03-30T15:18:46</createDateTime>
                        <fileName>платежн.поручение.pdf</fileName>
                        <description>платежн.поручение</description>
                        <url>https://zakupki.gov.ru/223/contract/private/download/download.html?id=11742654</url>
                        <registrationNumber>56671163413160016370005</registrationNumber>
                    </document>
                </ns2:attachments>
                <ns2:hasPenalty>false</ns2:hasPenalty>
                <ns2:contractRegNumber>56671163413160016370000</ns2:contractRegNumber>
                <ns2:contractInfo>
                    <ns2:guid>62b74aa9-5713-4da2-8f2d-e0ff7f622e72</ns2:guid>
                    <ns2:name>2016-7901</ns2:name>
                    <ns2:agencyName>ОАО "МРСК Урала"</ns2:agencyName>
                    <ns2:supplierName>Общество с ограниченной ответственностью "Регионстроймонтаж"</ns2:supplierName>
                    <ns2:lotInfo>Право заключения договора подряда на выполнение строительно-монтажных и пусконаладочных работ по объекту: «ПС 110, 35 кВ установка комплектов АЧР, АСН» производственного отделения «Магнитогорские  электрические сети», производственного отделения «Троицкие электрические сети» филиала ОАО «МРСК Урала» – «Челябэнерго»</ns2:lotInfo>
                    <ns2:contractDate>2016-05-31</ns2:contractDate>
                </ns2:contractInfo>
                <ns2:positions>
                    <ns2:position>
                        <ns2:ordinal>1</ns2:ordinal>
                        <ns2:paymentDate>2016-12-29</ns2:paymentDate>
                        <ns2:price>523171.79</ns2:price>
                        <ns2:currency>
                            <code>RUB</code>
                            <digitalCode>643</digitalCode>
                            <name>Российский рубль</name>
                        </ns2:currency>
                        <ns2:rubPrice>523171.79</ns2:rubPrice>
                        <ns2:prepaid>false</ns2:prepaid>
                        <ns2:docs>
                            <ns2:doc>
                                <ns2:ordinal>1</ns2:ordinal>
                                <ns2:code>37</ns2:code>
                                <ns2:name>прочие документы о приемке</ns2:name>
                                <ns2:contractPosition>
                                    <ns2:guid>3cabb759-0c98-014e-e053-ac11070d70ec</ns2:guid>
                                    <ns2:name>выполнение строительно-монтажных и пусконаладочных работ по объекту: «ПС 110, 35 кВ установка комплектов АЧР, АСН» производственного отделения «Магнитогорские электрические сети», производственного отделения «Троицкие электрические сети» филиала ОАО «МРСК Урала» – «Челябэнерго»</ns2:name>
                                    <ns2:okpd2>
                                        <code>42.22.23.000</code>
                                        <name>Работы строительные по строительству электростанций</name>
                                    </ns2:okpd2>
                                </ns2:contractPosition>
                                <ns2:okei>
                                    <code>796</code>
                                    <name>Штука</name>
                                </ns2:okei>
                                <ns2:qty>1</ns2:qty>
                            </ns2:doc>
                        </ns2:docs>
                    </ns2:position>
                    <ns2:total>523171.79</ns2:total>
                </ns2:positions>
            </ns2:performanceContractData>
        </ns2:item>
    </ns2:body>
</ns2:performanceContract>
