<?xml version="1.0" encoding="UTF-8" standalone="yes"?>
<ns2:performanceContract xsi:schemaLocation="http://zakupki.gov.ru/223/integration/schema/TFF-5.2 http://zakupki.gov.ru/223/integration/schema/TFF-5.2/Types.xsd" xmlns="http://zakupki.gov.ru/223fz/types/1" xmlns:ns10="http://zakupki.gov.ru/223fz/disagreementProtocol/1" xmlns:ns11="http://zakupki.gov.ru/223fz/purchase/1" xmlns:ns12="http://zakupki.gov.ru/223fz/machineryListInfo/1" xmlns:ns13="http://zakupki.gov.ru/223fz/revenue/1" xmlns:ns14="http://zakupki.gov.ru/223fz/orderClauseList/1" xmlns:ns15="http://zakupki.gov.ru/223fz/complaint/1" xmlns:ns16="http://zakupki.gov.ru/223fz/missedNotice/1" xmlns:ns17="http://zakupki.gov.ru/223fz/notificationIssue/1" xmlns:ns18="http://zakupki.gov.ru/223fz/purchasePlanProject/1" xmlns:ns19="http://zakupki.gov.ru/223fz/webRequest/1" xmlns:ns2="http://zakupki.gov.ru/223fz/contract/1" xmlns:xsi="http://www.w3.org/2001/XMLSchema-instance" xmlns:ns3="http://zakupki.gov.ru/223fz/dishonestSupplier/1" xmlns:ns4="http://zakupki.gov.ru/223fz/decisionSuspension/1" xmlns:ns5="http://zakupki.gov.ru/223fz/purchasePlanAdditionalPosition/1" xmlns:ns6="http://zakupki.gov.ru/223fz/purchasePlan/1" xmlns:ns7="http://zakupki.gov.ru/223fz/purchasePlanProjectAdditionalPosition/1" xmlns:ns8="http://zakupki.gov.ru/223fz/reference/1" xmlns:ns9="http://zakupki.gov.ru/223fz/stopCommodity/1">
    <header>
        <guid>c0234ece-5511-41c3-81aa-63831251d811</guid>
        <createDateTime>2017-03-30T14:00:22</createDateTime>
    </header>
    <ns2:body>
        <ns2:item>
            <guid>4f50e775-44b7-4be2-97ec-66b3e2cfbb66</guid>
            <ns2:performanceContractData>
                <ns2:guid>765286bb-7aa2-43dd-83b6-5ec08a46161b</ns2:guid>
                <ns2:registrationNumber>56671163413170001890003</ns2:registrationNumber>
                <ns2:urlOOS>https://zakupki.gov.ru/223/contract/private/completing/info/view.html?id=2667020</ns2:urlOOS>
                <ns2:createDateTime>2017-01-30T07:43:21</ns2:createDateTime>
                <ns2:customer>
                    <mainInfo>
                        <fullName>Открытое акционерное общество "Межрегиональная распределительная сетевая компания Урала"</fullName>
                        <shortName>ОАО "МРСК Урала"</shortName>
                        <iko>56671163413667201001</iko>
                        <inn>6671163413</inn>
                        <kpp>667201001</kpp>
                        <ogrn>1056604000970</ogrn>
                        <legalAddress>620026, Свердловская, Екатеринбург, Мамина-Сибиряка, дом 140</legalAddress>
                        <postalAddress>620026, Свердловская область, Екатеринбург, Мамина-Сибиряка, дом 140 </postalAddress>
                        <phone>7-343-2152600</phone>
                        <fax>7-343-2152661</fax>
                        <email>mrsk@mrsk-ural.ru</email>
                        <okato>65401000000</okato>
                        <okpo>76507836</okpo>
                    </mainInfo>
                </ns2:customer>
                <ns2:placer>
                    <mainInfo>
                        <fullName>Открытое акционерное общество "Межрегиональная распределительная сетевая компания Урала"</fullName>
                        <shortName>ОАО "МРСК Урала"</shortName>
                        <iko>56671163413667201001</iko>
                        <inn>6671163413</inn>
                        <kpp>667201001</kpp>
                        <ogrn>1056604000970</ogrn>
                        <legalAddress>620026, Свердловская, Екатеринбург, Мамина-Сибиряка, дом 140</legalAddress>
                        <postalAddress>620026, Свердловская область, Екатеринбург, Мамина-Сибиряка, дом 140 </postalAddress>
                        <phone>7-343-2152600</phone>
                        <fax>7-343-2152661</fax>
                        <email>mrsk@mrsk-ural.ru</email>
                        <okato>65401000000</okato>
                        <okpo>76507836</okpo>
                    </mainInfo>
                </ns2:placer>
                <ns2:publicationDate>2017-03-30T14:00:22</ns2:publicationDate>
                <ns2:status>P</ns2:status>
                <ns2:version>1</ns2:version>
                <ns2:completed>false</ns2:completed>
                <ns2:attachments>
                    <totalDocumentsCount>8</totalDocumentsCount>
                    <document>
                        <guid>5fcf1449-2e02-44c8-afd2-2d6a1d5a88d9</guid>
                        <createDateTime>2017-03-30T13:59:34</createDateTime>
                        <fileName>ЧГЭС_26.01.17_15.03.17_14403,08.pdf</fileName>
                        <description>ЧГЭС_26.01.17_15.03.17_14403,08</description>
                        <url>https://zakupki.gov.ru/223/contract/private/download/download.html?id=11737376</url>
                        <registrationNumber>56671163413170001890004</registrationNumber>
                    </document>
                    <document>
                        <guid>88a66702-5011-42bf-9360-dd80131ed090</guid>
                        <createDateTime>2017-03-30T13:59:42</createDateTime>
                        <fileName>ЧГЭС_26.01.17_22.03.17_524284,62.pdf</fileName>
                        <description>ЧГЭС_26.01.17_22.03.17_524284,62</description>
                        <url>https://zakupki.gov.ru/223/contract/private/download/download.html?id=11737382</url>
                        <registrationNumber>56671163413170001890005</registrationNumber>
                    </document>
                    <document>
                        <guid>1f8dcc77-3a3e-4ac7-a081-a54ee3716df4</guid>
                        <createDateTime>2017-03-30T13:58:26</createDateTime>
                        <fileName>ТЭС_26.01.17_06.03.17_749977,32.pdf</fileName>
                        <description>ТЭС_26.01.17_06.03.17_749977,32</description>
                        <url>https://zakupki.gov.ru/223/contract/private/download/download.html?id=11737318</url>
                        <registrationNumber>56671163413170001890006</registrationNumber>
                    </document>
                    <document>
                        <guid>f5f92210-1c18-4905-ab58-b490c2b082b8</guid>
                        <createDateTime>2017-03-30T13:58:04</createDateTime>
                        <fileName>ЗЭС_25.01.17_13.03.17_357079,80.pdf</fileName>
                        <description>ЗЭС_25.01.17_13.03.17_357079,80</description>
                        <url>https://zakupki.gov.ru/223/contract/private/download/download.html?id=11737256</url>
                        <registrationNumber>56671163413170001890007</registrationNumber>
                    </document>
                    <document>
                        <guid>f1c70074-85dd-46da-bc4e-9a0fdc238f98</guid>
                        <createDateTime>2017-03-30T13:58:33</createDateTime>
                        <fileName>ЦЭС 26.01.17_13.03.17_44920,06.pdf</fileName>
                        <description>ЦЭС 26.01.17_13.03.17_44920,06</description>
                        <url>https://zakupki.gov.ru/223/contract/private/download/download.html?id=11737322</url>
                        <registrationNumber>56671163413170001890008</registrationNumber>
                    </document>
                    <document>
                        <guid>2867457a-dca4-4551-87c8-5dc4201febdb</guid>
                        <createDateTime>2017-03-30T13:58:11</createDateTime>
                        <fileName>МЭС_25.01.17_06.03.17_348900,04.pdf</fileName>
                        <description>МЭС_25.01.17_06.03.17_348900,04</description>
                        <url>https://zakupki.gov.ru/223/contract/private/download/download.html?id=11737262</url>
                        <registrationNumber>56671163413170001890009</registrationNumber>
                    </document>
                    <document>
                        <guid>f9bd1689-cb80-41bb-a5ec-6d7f8d1d3894</guid>
                        <createDateTime>2017-03-30T13:58:40</createDateTime>
                        <fileName>ЦЭС 26.01.17_13.03.17_459340.96.pdf</fileName>
                        <description>ЦЭС 26.01.17_13.03.17_459340.96</description>
                        <url>https://zakupki.gov.ru/223/contract/private/download/download.html?id=11737326</url>
                        <registrationNumber>56671163413170001890010</registrationNumber>
                    </document>
                    <document>
                        <guid>fd846a93-6c5a-4dfb-b362-5e1ea1a42fee</guid>
                        <createDateTime>2017-03-30T13:58:17</createDateTime>
                        <fileName>МЭС_25.01.17_06.03.17_2148112,12.pdf</fileName>
                        <description>МЭС_25.01.17_06.03.17_2148112,12</description>
                        <url>https://zakupki.gov.ru/223/contract/private/download/download.html?id=11737311</url>
                        <registrationNumber>56671163413170001890011</registrationNumber>
                    </document>
                </ns2:attachments>
                <ns2:hasPenalty>false</ns2:hasPenalty>
                <ns2:contractRegNumber>56671163413170001890000</ns2:contractRegNumber>
                <ns2:contractInfo>
                    <ns2:guid>a78d2583-b626-492d-9d72-add9aada3cc9</ns2:guid>
                    <ns2:agencyName>ОАО "МРСК Урала"</ns2:agencyName>
                    <ns2:supplierName>ОБЩЕСТВО С ОГРАНИЧЕННОЙ ОТВЕТСТВЕННОСТЬЮ ПРОИЗВОДСТВЕННОЕ ПРЕДПРИЯТИЕ "ПРОМТЕХРЕСУРСЫ"</ns2:supplierName>
                    <ns2:lotInfo>Закупка №167307, Лот № 167</ns2:lotInfo>
                    <ns2:contractDate>2016-12-30</ns2:contractDate>
                </ns2:contractInfo>
                <ns2:positions>
                    <ns2:position>
                        <ns2:ordinal>2</ns2:ordinal>
                        <ns2:paymentDate>2017-03-06</ns2:paymentDate>
                        <ns2:price>2148112.12</ns2:price>
                        <ns2:currency>
                            <code>RUB</code>
                            <digitalCode>643</digitalCode>
                            <name>Российский рубль</name>
                        </ns2:currency>
                        <ns2:rubPrice>2148112.12</ns2:rubPrice>
                        <ns2:prepaid>false</ns2:prepaid>
                        <ns2:docs>
                            <ns2:doc>
                                <ns2:ordinal>1</ns2:ordinal>
                                <ns2:code>01</ns2:code>
                                <ns2:name>товарная накладная</ns2:name>
                                <ns2:contractPosition>
                                    <ns2:guid>2f4c9f4b-c091-4f83-a6a5-28f2df7e4e5d</ns2:guid>
                                    <ns2:name>Уборы головные защитные и средства защиты прочие</ns2:name>
                                    <ns2:okpd2>
                                        <code>32.99.11</code>
                                        <name>Уборы головные защитные и средства защиты прочие</name>
                                    </ns2:okpd2>
                                </ns2:contractPosition>
                                <ns2:okei>
                                    <code>642</code>
                                    <name>Единица</name>
                                </ns2:okei>
                                <ns2:qty>1</ns2:qty>
                            </ns2:doc>
                        </ns2:docs>
                    </ns2:position>
                    <ns2:position>
                        <ns2:ordinal>1</ns2:ordinal>
                        <ns2:paymentDate>2017-03-13</ns2:paymentDate>
                        <ns2:price>357079.8</ns2:price>
                        <ns2:currency>
                            <code>RUB</code>
                            <digitalCode>643</digitalCode>
                            <name>Российский рубль</name>
                        </ns2:currency>
                        <ns2:rubPrice>357079.8</ns2:rubPrice>
                        <ns2:prepaid>false</ns2:prepaid>
                        <ns2:docs>
                            <ns2:doc>
                                <ns2:ordinal>1</ns2:ordinal>
                                <ns2:code>01</ns2:code>
                                <ns2:name>товарная накладная</ns2:name>
                                <ns2:contractPosition>
                                    <ns2:guid>2f4c9f4b-c091-4f83-a6a5-28f2df7e4e5d</ns2:guid>
                                    <ns2:name>Уборы головные защитные и средства защиты прочие</ns2:name>
                                    <ns2:okpd2>
                                        <code>32.99.11</code>
                                        <name>Уборы головные защитные и средства защиты прочие</name>
                                    </ns2:okpd2>
                                </ns2:contractPosition>
                                <ns2:okei>
                                    <code>642</code>
                                    <name>Единица</name>
                                </ns2:okei>
                                <ns2:qty>1</ns2:qty>
                            </ns2:doc>
                        </ns2:docs>
                    </ns2:position>
                    <ns2:position>
                        <ns2:ordinal>6</ns2:ordinal>
                        <ns2:paymentDate>2017-03-13</ns2:paymentDate>
                        <ns2:price>459340.96</ns2:price>
                        <ns2:currency>
                            <code>RUB</code>
                            <digitalCode>643</digitalCode>
                            <name>Российский рубль</name>
                        </ns2:currency>
                        <ns2:rubPrice>459340.96</ns2:rubPrice>
                        <ns2:prepaid>false</ns2:prepaid>
                        <ns2:docs>
                            <ns2:doc>
                                <ns2:ordinal>1</ns2:ordinal>
                                <ns2:code>01</ns2:code>
                                <ns2:name>товарная накладная</ns2:name>
                                <ns2:contractPosition>
                                    <ns2:guid>2f4c9f4b-c091-4f83-a6a5-28f2df7e4e5d</ns2:guid>
                                    <ns2:name>Уборы головные защитные и средства защиты прочие</ns2:name>
                                    <ns2:okpd2>
                                        <code>32.99.11</code>
                                        <name>Уборы головные защитные и средства защиты прочие</name>
                                    </ns2:okpd2>
                                </ns2:contractPosition>
                                <ns2:okei>
                                    <code>642</code>
                                    <name>Единица</name>
                                </ns2:okei>
                                <ns2:qty>1</ns2:qty>
                            </ns2:doc>
                        </ns2:docs>
                    </ns2:position>
                    <ns2:position>
                        <ns2:ordinal>8</ns2:ordinal>
                        <ns2:paymentDate>2017-03-22</ns2:paymentDate>
                        <ns2:price>524284.62</ns2:price>
                        <ns2:currency>
                            <code>RUB</code>
                            <digitalCode>643</digitalCode>
                            <name>Российский рубль</name>
                        </ns2:currency>
                        <ns2:rubPrice>524284.62</ns2:rubPrice>
                        <ns2:prepaid>false</ns2:prepaid>
                        <ns2:docs>
                            <ns2:doc>
                                <ns2:ordinal>1</ns2:ordinal>
                                <ns2:code>01</ns2:code>
                                <ns2:name>товарная накладная</ns2:name>
                                <ns2:contractPosition>
                                    <ns2:guid>2f4c9f4b-c091-4f83-a6a5-28f2df7e4e5d</ns2:guid>
                                    <ns2:name>Уборы головные защитные и средства защиты прочие</ns2:name>
                                    <ns2:okpd2>
                                        <code>32.99.11</code>
                                        <name>Уборы головные защитные и средства защиты прочие</name>
                                    </ns2:okpd2>
                                </ns2:contractPosition>
                                <ns2:okei>
                                    <code>642</code>
                                    <name>Единица</name>
                                </ns2:okei>
                                <ns2:qty>1</ns2:qty>
                            </ns2:doc>
                        </ns2:docs>
                    </ns2:position>
                    <ns2:position>
                        <ns2:ordinal>3</ns2:ordinal>
                        <ns2:paymentDate>2017-03-06</ns2:paymentDate>
                        <ns2:price>348900.04</ns2:price>
                        <ns2:currency>
                            <code>RUB</code>
                            <digitalCode>643</digitalCode>
                            <name>Российский рубль</name>
                        </ns2:currency>
                        <ns2:rubPrice>348900.04</ns2:rubPrice>
                        <ns2:prepaid>false</ns2:prepaid>
                        <ns2:docs>
                            <ns2:doc>
                                <ns2:ordinal>1</ns2:ordinal>
                                <ns2:code>01</ns2:code>
                                <ns2:name>товарная накладная</ns2:name>
                                <ns2:contractPosition>
                                    <ns2:guid>2f4c9f4b-c091-4f83-a6a5-28f2df7e4e5d</ns2:guid>
                                    <ns2:name>Уборы головные защитные и средства защиты прочие</ns2:name>
                                    <ns2:okpd2>
                                        <code>32.99.11</code>
                                        <name>Уборы головные защитные и средства защиты прочие</name>
                                    </ns2:okpd2>
                                </ns2:contractPosition>
                                <ns2:okei>
                                    <code>642</code>
                                    <name>Единица</name>
                                </ns2:okei>
                                <ns2:qty>1</ns2:qty>
                            </ns2:doc>
                        </ns2:docs>
                    </ns2:position>
                    <ns2:position>
                        <ns2:ordinal>5</ns2:ordinal>
                        <ns2:paymentDate>2017-03-13</ns2:paymentDate>
                        <ns2:price>44920.06</ns2:price>
                        <ns2:currency>
                            <code>RUB</code>
                            <digitalCode>643</digitalCode>
                            <name>Российский рубль</name>
                        </ns2:currency>
                        <ns2:rubPrice>44920.06</ns2:rubPrice>
                        <ns2:prepaid>false</ns2:prepaid>
                        <ns2:docs>
                            <ns2:doc>
                                <ns2:ordinal>1</ns2:ordinal>
                                <ns2:code>01</ns2:code>
                                <ns2:name>товарная накладная</ns2:name>
                                <ns2:contractPosition>
                                    <ns2:guid>2f4c9f4b-c091-4f83-a6a5-28f2df7e4e5d</ns2:guid>
                                    <ns2:name>Уборы головные защитные и средства защиты прочие</ns2:name>
                                    <ns2:okpd2>
                                        <code>32.99.11</code>
                                        <name>Уборы головные защитные и средства защиты прочие</name>
                                    </ns2:okpd2>
                                </ns2:contractPosition>
                                <ns2:okei>
                                    <code>642</code>
                                    <name>Единица</name>
                                </ns2:okei>
                                <ns2:qty>1</ns2:qty>
                            </ns2:doc>
                        </ns2:docs>
                    </ns2:position>
                    <ns2:position>
                        <ns2:ordinal>4</ns2:ordinal>
                        <ns2:paymentDate>2017-03-06</ns2:paymentDate>
                        <ns2:price>749977.32</ns2:price>
                        <ns2:currency>
                            <code>RUB</code>
                            <digitalCode>643</digitalCode>
                            <name>Российский рубль</name>
                        </ns2:currency>
                        <ns2:rubPrice>749977.32</ns2:rubPrice>
                        <ns2:prepaid>false</ns2:prepaid>
                        <ns2:docs>
                            <ns2:doc>
                                <ns2:ordinal>1</ns2:ordinal>
                                <ns2:code>01</ns2:code>
                                <ns2:name>товарная накладная</ns2:name>
                                <ns2:contractPosition>
                                    <ns2:guid>2f4c9f4b-c091-4f83-a6a5-28f2df7e4e5d</ns2:guid>
                                    <ns2:name>Уборы головные защитные и средства защиты прочие</ns2:name>
                                    <ns2:okpd2>
                                        <code>32.99.11</code>
                                        <name>Уборы головные защитные и средства защиты прочие</name>
                                    </ns2:okpd2>
                                </ns2:contractPosition>
                                <ns2:okei>
                                    <code>642</code>
                                    <name>Единица</name>
                                </ns2:okei>
                                <ns2:qty>1</ns2:qty>
                            </ns2:doc>
                        </ns2:docs>
                    </ns2:position>
                    <ns2:position>
                        <ns2:ordinal>7</ns2:ordinal>
                        <ns2:paymentDate>2017-03-15</ns2:paymentDate>
                        <ns2:price>14403.08</ns2:price>
                        <ns2:currency>
                            <code>RUB</code>
                            <digitalCode>643</digitalCode>
                            <name>Российский рубль</name>
                        </ns2:currency>
                        <ns2:rubPrice>14403.08</ns2:rubPrice>
                        <ns2:prepaid>false</ns2:prepaid>
                        <ns2:docs>
                            <ns2:doc>
                                <ns2:ordinal>1</ns2:ordinal>
                                <ns2:code>01</ns2:code>
                                <ns2:name>товарная накладная</ns2:name>
                                <ns2:contractPosition>
                                    <ns2:guid>2f4c9f4b-c091-4f83-a6a5-28f2df7e4e5d</ns2:guid>
                                    <ns2:name>Уборы головные защитные и средства защиты прочие</ns2:name>
                                    <ns2:okpd2>
                                        <code>32.99.11</code>
                                        <name>Уборы головные защитные и средства защиты прочие</name>
                                    </ns2:okpd2>
                                </ns2:contractPosition>
                                <ns2:okei>
                                    <code>642</code>
                                    <name>Единица</name>
                                </ns2:okei>
                                <ns2:qty>1</ns2:qty>
                            </ns2:doc>
                        </ns2:docs>
                    </ns2:position>
                    <ns2:total>4647018.00</ns2:total>
                </ns2:positions>
            </ns2:performanceContractData>
        </ns2:item>
    </ns2:body>
</ns2:performanceContract>
