<?xml version="1.0" encoding="UTF-8" standalone="yes"?>
<ns2:performanceContract xsi:schemaLocation="http://zakupki.gov.ru/223/integration/schema/TFF-5.2 http://zakupki.gov.ru/223/integration/schema/TFF-5.2/Types.xsd" xmlns="http://zakupki.gov.ru/223fz/types/1" xmlns:ns10="http://zakupki.gov.ru/223fz/disagreementProtocol/1" xmlns:ns11="http://zakupki.gov.ru/223fz/purchase/1" xmlns:ns12="http://zakupki.gov.ru/223fz/machineryListInfo/1" xmlns:ns13="http://zakupki.gov.ru/223fz/revenue/1" xmlns:ns14="http://zakupki.gov.ru/223fz/orderClauseList/1" xmlns:ns15="http://zakupki.gov.ru/223fz/complaint/1" xmlns:ns16="http://zakupki.gov.ru/223fz/missedNotice/1" xmlns:ns17="http://zakupki.gov.ru/223fz/notificationIssue/1" xmlns:ns18="http://zakupki.gov.ru/223fz/purchasePlanProject/1" xmlns:ns19="http://zakupki.gov.ru/223fz/webRequest/1" xmlns:ns2="http://zakupki.gov.ru/223fz/contract/1" xmlns:xsi="http://www.w3.org/2001/XMLSchema-instance" xmlns:ns3="http://zakupki.gov.ru/223fz/dishonestSupplier/1" xmlns:ns4="http://zakupki.gov.ru/223fz/decisionSuspension/1" xmlns:ns5="http://zakupki.gov.ru/223fz/purchasePlanAdditionalPosition/1" xmlns:ns6="http://zakupki.gov.ru/223fz/purchasePlan/1" xmlns:ns7="http://zakupki.gov.ru/223fz/purchasePlanProjectAdditionalPosition/1" xmlns:ns8="http://zakupki.gov.ru/223fz/reference/1" xmlns:ns9="http://zakupki.gov.ru/223fz/stopCommodity/1">
    <header>
        <guid>8ddd3f25-9b34-4470-a38c-32bff1a47c20</guid>
        <createDateTime>2017-03-30T12:34:46</createDateTime>
    </header>
    <ns2:body>
        <ns2:item>
            <guid>e76072ff-0a63-4045-a3d4-fe5347c41329</guid>
            <ns2:performanceContractData>
                <ns2:guid>23c30b23-c16d-49d3-99bf-9095e055f373</ns2:guid>
                <ns2:registrationNumber>56627012077170000070006</ns2:registrationNumber>
                <ns2:urlOOS>https://zakupki.gov.ru/223/contract/private/completing/info/view.html?id=2665794</ns2:urlOOS>
                <ns2:createDateTime>2017-02-15T06:47:05</ns2:createDateTime>
                <ns2:customer>
                    <mainInfo>
                        <fullName>УНИТАРНОЕ МУНИЦИПАЛЬНОЕ ПРЕДПРИЯТИЕ "ВОДОКАНАЛ" ГОРОДСКОГО ОКРУГА РЕВДА</fullName>
                        <shortName>УМП "ВОДОКАНАЛ"</shortName>
                        <iko>56627012077662701001</iko>
                        <inn>6627012077</inn>
                        <kpp>662701001</kpp>
                        <ogrn>1026601642880</ogrn>
                        <legalAddress>623281, ОБЛ СВЕРДЛОВСКАЯ, Г РЕВДА, УЛ КАРЛА ЛИБКНЕХТА, дом 1, корпус А</legalAddress>
                        <postalAddress>623280, Свердловская, Ревда, Карла Либкнехта, дом 1, корпус А</postalAddress>
                        <phone>7-34397-35343</phone>
                        <fax>7-34397-35343</fax>
                        <email>mail@revdavodokanal.ru</email>
                        <okato>65484000000</okato>
                        <okpo>54122828</okpo>
                    </mainInfo>
                </ns2:customer>
                <ns2:placer>
                    <mainInfo>
                        <fullName>УНИТАРНОЕ МУНИЦИПАЛЬНОЕ ПРЕДПРИЯТИЕ "ВОДОКАНАЛ" ГОРОДСКОГО ОКРУГА РЕВДА</fullName>
                        <shortName>УМП "ВОДОКАНАЛ"</shortName>
                        <iko>56627012077662701001</iko>
                        <inn>6627012077</inn>
                        <kpp>662701001</kpp>
                        <ogrn>1026601642880</ogrn>
                        <legalAddress>623281, ОБЛ СВЕРДЛОВСКАЯ, Г РЕВДА, УЛ КАРЛА ЛИБКНЕХТА, дом 1, корпус А</legalAddress>
                        <postalAddress>623280, Свердловская, Ревда, Карла Либкнехта, дом 1, корпус А</postalAddress>
                        <phone>7-34397-35343</phone>
                        <fax>7-34397-35343</fax>
                        <email>mail@revdavodokanal.ru</email>
                        <okato>65484000000</okato>
                        <okpo>54122828</okpo>
                    </mainInfo>
                </ns2:placer>
                <ns2:publicationDate>2017-03-30T12:34:46</ns2:publicationDate>
                <ns2:status>P</ns2:status>
                <ns2:version>1</ns2:version>
                <ns2:completed>false</ns2:completed>
                <ns2:attachments>
                    <totalDocumentsCount>4</totalDocumentsCount>
                    <document>
                        <guid>f9af48eb-baad-498a-b6af-1c56ff66bb27</guid>
                        <createDateTime>2017-03-30T12:28:54</createDateTime>
                        <fileName>Сф №2 от 27.02.2017.pdf</fileName>
                        <description>Сф №2 от 27.02.2017</description>
                        <url>https://zakupki.gov.ru/223/contract/private/download/download.html?id=11731954</url>
                        <registrationNumber>56627012077170000070007</registrationNumber>
                    </document>
                    <document>
                        <guid>40fb9e37-26e5-469f-80dd-03d906e8bbfe</guid>
                        <createDateTime>2017-03-30T12:31:19</createDateTime>
                        <fileName>Акт №2 от 27.02.2017.pdf</fileName>
                        <description>Акт №2 от 27.02.2017</description>
                        <url>https://zakupki.gov.ru/223/contract/private/download/download.html?id=11732088</url>
                        <registrationNumber>56627012077170000070008</registrationNumber>
                    </document>
                    <document>
                        <guid>6d0c5d33-45db-451e-81f4-930bbf4e9243</guid>
                        <createDateTime>2017-03-30T12:29:16</createDateTime>
                        <fileName>Сф №3 от 27.02.2017.pdf</fileName>
                        <description>Сф №3 от 27.02.2017</description>
                        <url>https://zakupki.gov.ru/223/contract/private/download/download.html?id=11731966</url>
                        <registrationNumber>56627012077170000070009</registrationNumber>
                    </document>
                    <document>
                        <guid>5781e998-d217-475e-9f6c-3a48edb8f417</guid>
                        <createDateTime>2017-03-30T12:31:29</createDateTime>
                        <fileName>Акт №3 от 27.02.2017.pdf</fileName>
                        <description>Акт №3 от 27.02.2017</description>
                        <url>https://zakupki.gov.ru/223/contract/private/download/download.html?id=11732095</url>
                        <registrationNumber>56627012077170000070010</registrationNumber>
                    </document>
                </ns2:attachments>
                <ns2:hasPenalty>false</ns2:hasPenalty>
                <ns2:contractRegNumber>56627012077170000070000</ns2:contractRegNumber>
                <ns2:contractInfo>
                    <ns2:guid>a2dc2e67-98ff-4d13-b142-f56ddeeb429d</ns2:guid>
                    <ns2:name>БМРв-14/02/17</ns2:name>
                    <ns2:agencyName>УМП "ВОДОКАНАЛ"</ns2:agencyName>
                    <ns2:supplierName>ОБЩЕСТВО С ОГРАНИЧЕННОЙ ОТВЕТСТВЕННОСТЬЮ "БАУМАСТЕР"</ns2:supplierName>
                    <ns2:lotInfo>Выполнение работ по устранению аварий путем замены аварийных участков водопроводных сетей в ГО Ревда на 2017 год</ns2:lotInfo>
                    <ns2:contractDate>2017-02-15</ns2:contractDate>
                </ns2:contractInfo>
                <ns2:positions>
                    <ns2:position>
                        <ns2:ordinal>1</ns2:ordinal>
                        <ns2:paymentDate>2017-03-29</ns2:paymentDate>
                        <ns2:price>231782.95</ns2:price>
                        <ns2:currency>
                            <code>RUB</code>
                            <digitalCode>643</digitalCode>
                            <name>Российский рубль</name>
                        </ns2:currency>
                        <ns2:rubPrice>231782.95</ns2:rubPrice>
                        <ns2:prepaid>false</ns2:prepaid>
                        <ns2:docs>
                            <ns2:doc>
                                <ns2:ordinal>1</ns2:ordinal>
                                <ns2:date>2017-02-27</ns2:date>
                                <ns2:code>19</ns2:code>
                                <ns2:name>счет-фактура</ns2:name>
                                <ns2:number>3</ns2:number>
                                <ns2:contractPosition>
                                    <ns2:guid>a9bf831e-c37a-42e2-b771-f72de89d0b9f</ns2:guid>
                                    <ns2:name>Работы строительные по прокладке местных трубопроводов воды или сточных вод</ns2:name>
                                    <ns2:okpd2>
                                        <code>42.21.22.110</code>
                                        <name>Работы строительные по прокладке местных трубопроводов воды или сточных вод</name>
                                    </ns2:okpd2>
                                </ns2:contractPosition>
                                <ns2:okei>
                                    <code>006</code>
                                    <name>Метр</name>
                                </ns2:okei>
                                <ns2:qty>34.4</ns2:qty>
                            </ns2:doc>
                        </ns2:docs>
                    </ns2:position>
                    <ns2:position>
                        <ns2:ordinal>2</ns2:ordinal>
                        <ns2:paymentDate>2017-03-29</ns2:paymentDate>
                        <ns2:price>371930.79</ns2:price>
                        <ns2:currency>
                            <code>RUB</code>
                            <digitalCode>643</digitalCode>
                            <name>Российский рубль</name>
                        </ns2:currency>
                        <ns2:rubPrice>371930.79</ns2:rubPrice>
                        <ns2:prepaid>false</ns2:prepaid>
                        <ns2:docs>
                            <ns2:doc>
                                <ns2:ordinal>1</ns2:ordinal>
                                <ns2:date>2017-02-27</ns2:date>
                                <ns2:code>19</ns2:code>
                                <ns2:name>счет-фактура</ns2:name>
                                <ns2:number>2</ns2:number>
                                <ns2:contractPosition>
                                    <ns2:guid>a9bf831e-c37a-42e2-b771-f72de89d0b9f</ns2:guid>
                                    <ns2:name>Работы строительные по прокладке местных трубопроводов воды или сточных вод</ns2:name>
                                    <ns2:okpd2>
                                        <code>42.21.22.110</code>
                                        <name>Работы строительные по прокладке местных трубопроводов воды или сточных вод</name>
                                    </ns2:okpd2>
                                </ns2:contractPosition>
                                <ns2:okei>
                                    <code>006</code>
                                    <name>Метр</name>
                                </ns2:okei>
                                <ns2:qty>55.2</ns2:qty>
                            </ns2:doc>
                        </ns2:docs>
                    </ns2:position>
                    <ns2:total>603713.74</ns2:total>
                </ns2:positions>
            </ns2:performanceContractData>
        </ns2:item>
    </ns2:body>
</ns2:performanceContract>
