<?xml version="1.0" encoding="UTF-8" standalone="yes"?>
<ns2:contractCancellation xsi:schemaLocation="http://zakupki.gov.ru/223/integration/schema/TFF-5.2 http://zakupki.gov.ru/223/integration/schema/TFF-5.2/Types.xsd" xmlns="http://zakupki.gov.ru/223fz/types/1" xmlns:ns10="http://zakupki.gov.ru/223fz/disagreementProtocol/1" xmlns:ns11="http://zakupki.gov.ru/223fz/purchase/1" xmlns:ns12="http://zakupki.gov.ru/223fz/machineryListInfo/1" xmlns:ns13="http://zakupki.gov.ru/223fz/revenue/1" xmlns:ns14="http://zakupki.gov.ru/223fz/orderClauseList/1" xmlns:ns15="http://zakupki.gov.ru/223fz/complaint/1" xmlns:ns16="http://zakupki.gov.ru/223fz/missedNotice/1" xmlns:ns17="http://zakupki.gov.ru/223fz/notificationIssue/1" xmlns:ns18="http://zakupki.gov.ru/223fz/purchasePlanProject/1" xmlns:ns19="http://zakupki.gov.ru/223fz/webRequest/1" xmlns:ns2="http://zakupki.gov.ru/223fz/contract/1" xmlns:xsi="http://www.w3.org/2001/XMLSchema-instance" xmlns:ns3="http://zakupki.gov.ru/223fz/dishonestSupplier/1" xmlns:ns4="http://zakupki.gov.ru/223fz/decisionSuspension/1" xmlns:ns5="http://zakupki.gov.ru/223fz/purchasePlanAdditionalPosition/1" xmlns:ns6="http://zakupki.gov.ru/223fz/purchasePlan/1" xmlns:ns7="http://zakupki.gov.ru/223fz/purchasePlanProjectAdditionalPosition/1" xmlns:ns8="http://zakupki.gov.ru/223fz/reference/1" xmlns:ns9="http://zakupki.gov.ru/223fz/stopCommodity/1">
    <header>
        <guid>eafb7946-f37f-4a68-93d5-44faf0aada09</guid>
        <createDateTime>2017-03-30T11:38:49</createDateTime>
    </header>
    <ns2:body>
        <ns2:item>
            <guid>3b4525f1-d9eb-4230-a82e-4a98b1cc9ab0</guid>
            <ns2:contractCancellationData>
                <ns2:guid>ff9296df-dd10-4408-bc3c-8495d8f3ef08</ns2:guid>
                <ns2:registrationNumber>86658339121150000040007</ns2:registrationNumber>
                <ns2:urlOOS>https://zakupki.gov.ru/223/contract/private/completing/info/view.html?id=2665350</ns2:urlOOS>
                <ns2:createDateTime>2017-03-30T11:38:38</ns2:createDateTime>
                <ns2:customer>
                    <mainInfo>
                        <fullName>Муниципальное бюджетное дошкольное образовательное учреждение - детский сад № 462</fullName>
                        <shortName>МБДОУ - детский сад № 462</shortName>
                        <iko>86658339121665801001</iko>
                        <inn>6658339121</inn>
                        <kpp>665801001</kpp>
                        <ogrn>1096658003287</ogrn>
                        <legalAddress>620102, Свердловская, Екатеринбург, Посадская, дом 40, корпус 3</legalAddress>
                        <postalAddress>620102, Свердловская, Екатеринбург, Посадская, дом 40, корпус 3</postalAddress>
                        <phone>8-343-2339309</phone>
                        <fax>8-343-2339309</fax>
                        <email>burdakovki@gmail.com</email>
                        <okato>65401364000</okato>
                        <okpo>61452176</okpo>
                    </mainInfo>
                </ns2:customer>
                <ns2:placer>
                    <mainInfo>
                        <fullName>Муниципальное бюджетное дошкольное образовательное учреждение - детский сад № 462</fullName>
                        <shortName>МБДОУ - детский сад № 462</shortName>
                        <iko>86658339121665801001</iko>
                        <inn>6658339121</inn>
                        <kpp>665801001</kpp>
                        <ogrn>1096658003287</ogrn>
                        <legalAddress>620102, Свердловская, Екатеринбург, Посадская, дом 40, корпус 3</legalAddress>
                        <postalAddress>620102, Свердловская, Екатеринбург, Посадская, дом 40, корпус 3</postalAddress>
                        <phone>8-343-2339309</phone>
                        <fax>8-343-2339309</fax>
                        <email>burdakovki@gmail.com</email>
                        <okato>65401364000</okato>
                        <okpo>61452176</okpo>
                    </mainInfo>
                </ns2:placer>
                <ns2:publicationDate>2017-03-30T11:38:49</ns2:publicationDate>
                <ns2:status>P</ns2:status>
                <ns2:version>1</ns2:version>
                <ns2:attachments>
                    <totalDocumentsCount>1</totalDocumentsCount>
                    <document>
                        <guid>86a9bed1-b958-4050-9da0-6035a7d52293</guid>
                        <createDateTime>2017-03-30T11:38:34</createDateTime>
                        <fileName>МБДОУ№462 соглашение о расторжении договора №343 от 21.12.2015г.pdf</fileName>
                        <description>МБДОУ№462 соглашение о расторжении договора №343 от 21.12.2015г</description>
                        <url>https://zakupki.gov.ru/223/contract/private/download/download.html?id=11728944</url>
                        <registrationNumber>86658339121150000040008</registrationNumber>
                    </document>
                </ns2:attachments>
                <ns2:hasPenalty>false</ns2:hasPenalty>
                <ns2:contractRegNumber>86658339121150000040000</ns2:contractRegNumber>
                <ns2:contractInfo>
                    <ns2:guid>4d44a87a-3399-4e75-aafa-4cfedcd94075</ns2:guid>
                    <ns2:name>343</ns2:name>
                    <ns2:agencyName>МБДОУ - детский сад № 462</ns2:agencyName>
                    <ns2:supplierName>ОБЩЕСТВО С ОГРАНИЧЕННОЙ ОТВЕТСТВЕННОСТЬЮ "АМИКОР"</ns2:supplierName>
                    <ns2:lotInfo>поставка куры, яиц</ns2:lotInfo>
                    <ns2:contractDate>2015-12-21</ns2:contractDate>
                </ns2:contractInfo>
                <ns2:baseContractCancellationCode>1</ns2:baseContractCancellationCode>
                <ns2:baseContractCancellationName>Соглашение сторон</ns2:baseContractCancellationName>
                <ns2:baseRejectionDocCode>11</ns2:baseRejectionDocCode>
                <ns2:baseRejectionDocName>Дополнительное соглашение к договору</ns2:baseRejectionDocName>
                <ns2:completionDate>2017-03-29T00:00:00</ns2:completionDate>
                <ns2:baseRejectionDocNum>б/н</ns2:baseRejectionDocNum>
                <ns2:baseRejectionDocDate>2017-03-29</ns2:baseRejectionDocDate>
            </ns2:contractCancellationData>
        </ns2:item>
    </ns2:body>
</ns2:contractCancellation>
