<?xml version="1.0" encoding="UTF-8" standalone="yes"?>
<ns2:performanceContract xsi:schemaLocation="http://zakupki.gov.ru/223/integration/schema/TFF-5.2 http://zakupki.gov.ru/223/integration/schema/TFF-5.2/Types.xsd" xmlns="http://zakupki.gov.ru/223fz/types/1" xmlns:ns10="http://zakupki.gov.ru/223fz/disagreementProtocol/1" xmlns:ns11="http://zakupki.gov.ru/223fz/purchase/1" xmlns:ns12="http://zakupki.gov.ru/223fz/machineryListInfo/1" xmlns:ns13="http://zakupki.gov.ru/223fz/revenue/1" xmlns:ns14="http://zakupki.gov.ru/223fz/orderClauseList/1" xmlns:ns15="http://zakupki.gov.ru/223fz/complaint/1" xmlns:ns16="http://zakupki.gov.ru/223fz/missedNotice/1" xmlns:ns17="http://zakupki.gov.ru/223fz/notificationIssue/1" xmlns:ns18="http://zakupki.gov.ru/223fz/purchasePlanProject/1" xmlns:ns19="http://zakupki.gov.ru/223fz/webRequest/1" xmlns:ns2="http://zakupki.gov.ru/223fz/contract/1" xmlns:xsi="http://www.w3.org/2001/XMLSchema-instance" xmlns:ns3="http://zakupki.gov.ru/223fz/dishonestSupplier/1" xmlns:ns4="http://zakupki.gov.ru/223fz/decisionSuspension/1" xmlns:ns5="http://zakupki.gov.ru/223fz/purchasePlanAdditionalPosition/1" xmlns:ns6="http://zakupki.gov.ru/223fz/purchasePlan/1" xmlns:ns7="http://zakupki.gov.ru/223fz/purchasePlanProjectAdditionalPosition/1" xmlns:ns8="http://zakupki.gov.ru/223fz/reference/1" xmlns:ns9="http://zakupki.gov.ru/223fz/stopCommodity/1">
    <header>
        <guid>ec5e7bd5-f923-4465-a655-9cf4703d91a0</guid>
        <createDateTime>2017-03-30T13:57:44</createDateTime>
    </header>
    <ns2:body>
        <ns2:item>
            <guid>54a34677-4685-4203-8ee0-0ecf648137ca</guid>
            <ns2:performanceContractData>
                <ns2:guid>8a40ff7e-5a6b-45e2-ae03-a2c5759e37c5</ns2:guid>
                <ns2:registrationNumber>56608002436160000980011</ns2:registrationNumber>
                <ns2:urlOOS>https://zakupki.gov.ru/223/contract/private/completing/info/view.html?id=2667026</ns2:urlOOS>
                <ns2:createDateTime>2016-12-06T13:57:15</ns2:createDateTime>
                <ns2:customer>
                    <mainInfo>
                        <fullName>Екатеринбургское муниципальное унитарное предприятие "Екатеринбургский метрополитен"</fullName>
                        <shortName>"Метрополитен"</shortName>
                        <iko>56608002436665801001</iko>
                        <inn>6608002436</inn>
                        <kpp>665801001</kpp>
                        <ogrn>1026602326068</ogrn>
                        <legalAddress>620014, Свердловская, Екатеринбург, Володарского, дом 3</legalAddress>
                        <postalAddress>620014, г. Екатеринбург, ул. Володарского, д. 3</postalAddress>
                        <phone>7-343-3580000</phone>
                        <fax>7-234-3580321</fax>
                        <email>n@metro-ektb.ru</email>
                        <okato>65401000000</okato>
                        <okpo>04867888</okpo>
                    </mainInfo>
                </ns2:customer>
                <ns2:placer>
                    <mainInfo>
                        <fullName>Екатеринбургское муниципальное унитарное предприятие "Екатеринбургский метрополитен"</fullName>
                        <shortName>"Метрополитен"</shortName>
                        <iko>56608002436665801001</iko>
                        <inn>6608002436</inn>
                        <kpp>665801001</kpp>
                        <ogrn>1026602326068</ogrn>
                        <legalAddress>620014, Свердловская, Екатеринбург, Володарского, дом 3</legalAddress>
                        <postalAddress>620014, г. Екатеринбург, ул. Володарского, д. 3</postalAddress>
                        <phone>7-343-3580000</phone>
                        <fax>7-234-3580321</fax>
                        <email>n@metro-ektb.ru</email>
                        <okato>65401000000</okato>
                        <okpo>04867888</okpo>
                    </mainInfo>
                </ns2:placer>
                <ns2:publicationDate>2017-03-30T13:57:44</ns2:publicationDate>
                <ns2:status>P</ns2:status>
                <ns2:version>1</ns2:version>
                <ns2:completed>false</ns2:completed>
                <ns2:attachments>
                    <totalDocumentsCount>3</totalDocumentsCount>
                    <document>
                        <guid>a8d9e1f8-a555-4bec-9ed7-372bf2e5c758</guid>
                        <createDateTime>2017-03-30T13:56:42</createDateTime>
                        <fileName>Счет № 032-ТВЦ от 24.03.2017.pdf</fileName>
                        <description>Счет № 032-ТВЦ от 24.03.2017</description>
                        <url>https://zakupki.gov.ru/223/contract/private/download/download.html?id=11737121</url>
                        <registrationNumber>56608002436160000980012</registrationNumber>
                    </document>
                    <document>
                        <guid>a14225e9-851d-4fd4-b702-a3d652ac1ff5</guid>
                        <createDateTime>2017-03-30T13:56:32</createDateTime>
                        <fileName>Платежное поручение № 1278 от 29.03.17.pdf</fileName>
                        <description>Платежное поручение № 1278 от 29.03.17</description>
                        <url>https://zakupki.gov.ru/223/contract/private/download/download.html?id=11737110</url>
                        <registrationNumber>56608002436160000980013</registrationNumber>
                    </document>
                    <document>
                        <guid>a660fc27-739b-4737-8c34-cefcda7d091e</guid>
                        <createDateTime>2017-03-30T13:56:50</createDateTime>
                        <fileName>Акт выполненных работ № 5_1-МД от 24.03.2017.pdf</fileName>
                        <description>Акт выполненных работ № 5_1-МД от 24.03.2017</description>
                        <url>https://zakupki.gov.ru/223/contract/private/download/download.html?id=11737130</url>
                        <registrationNumber>56608002436160000980014</registrationNumber>
                    </document>
                </ns2:attachments>
                <ns2:hasPenalty>false</ns2:hasPenalty>
                <ns2:contractRegNumber>56608002436160000980000</ns2:contractRegNumber>
                <ns2:contractInfo>
                    <ns2:guid>7a3c4df9-3c8d-4b1f-a5c5-77fa72172c22</ns2:guid>
                    <ns2:name>99УТБ-2016</ns2:name>
                    <ns2:agencyName>"Метрополитен"</ns2:agencyName>
                    <ns2:supplierName>ОБЩЕСТВО С ОГРАНИЧЕННОЙ ОТВЕТСТВЕННОСТЬЮ "ТЕХНИЧЕСКИЙ ЦЕНТР "ВАРИТИ"</ns2:supplierName>
                    <ns2:lotInfo>Оказание услуг по аварийно-восстановительным работам и техническому обслуживанию аппаратуры комплексного контроля на станциях Екатеринбургского метрополитена</ns2:lotInfo>
                    <ns2:contractDate>2016-12-05</ns2:contractDate>
                </ns2:contractInfo>
                <ns2:positions>
                    <ns2:position>
                        <ns2:ordinal>1</ns2:ordinal>
                        <ns2:paymentDate>2017-03-29</ns2:paymentDate>
                        <ns2:price>38974</ns2:price>
                        <ns2:currency>
                            <code>RUB</code>
                            <digitalCode>643</digitalCode>
                            <name>Российский рубль</name>
                        </ns2:currency>
                        <ns2:rubPrice>38974</ns2:rubPrice>
                        <ns2:prepaid>false</ns2:prepaid>
                        <ns2:docs>
                            <ns2:doc>
                                <ns2:ordinal>1</ns2:ordinal>
                                <ns2:date>2017-03-24</ns2:date>
                                <ns2:code>37</ns2:code>
                                <ns2:name>прочие документы о приемке</ns2:name>
                                <ns2:number>5/1-МД</ns2:number>
                                <ns2:contractPosition>
                                    <ns2:guid>deec7688-6de4-432e-944a-958a30605a10</ns2:guid>
                                    <ns2:name>Услуги по ремонту и техническому обслуживанию оборудования специального назначения</ns2:name>
                                    <ns2:okpd2>
                                        <code>33.12.2</code>
                                        <name>Услуги по ремонту и техническому обслуживанию оборудования специального назначения</name>
                                    </ns2:okpd2>
                                </ns2:contractPosition>
                                <ns2:okei>
                                    <code>876</code>
                                    <name>Условная единица</name>
                                </ns2:okei>
                                <ns2:qty>1</ns2:qty>
                            </ns2:doc>
                        </ns2:docs>
                    </ns2:position>
                    <ns2:total>38974</ns2:total>
                </ns2:positions>
            </ns2:performanceContractData>
        </ns2:item>
    </ns2:body>
</ns2:performanceContract>
