<?xml version="1.0" encoding="UTF-8" standalone="yes"?>
<ns2:performanceContract xsi:schemaLocation="http://zakupki.gov.ru/223/integration/schema/TFF-5.2 http://zakupki.gov.ru/223/integration/schema/TFF-5.2/Types.xsd" xmlns="http://zakupki.gov.ru/223fz/types/1" xmlns:ns10="http://zakupki.gov.ru/223fz/disagreementProtocol/1" xmlns:ns11="http://zakupki.gov.ru/223fz/purchase/1" xmlns:ns12="http://zakupki.gov.ru/223fz/machineryListInfo/1" xmlns:ns13="http://zakupki.gov.ru/223fz/revenue/1" xmlns:ns14="http://zakupki.gov.ru/223fz/orderClauseList/1" xmlns:ns15="http://zakupki.gov.ru/223fz/complaint/1" xmlns:ns16="http://zakupki.gov.ru/223fz/missedNotice/1" xmlns:ns17="http://zakupki.gov.ru/223fz/notificationIssue/1" xmlns:ns18="http://zakupki.gov.ru/223fz/purchasePlanProject/1" xmlns:ns19="http://zakupki.gov.ru/223fz/webRequest/1" xmlns:ns2="http://zakupki.gov.ru/223fz/contract/1" xmlns:xsi="http://www.w3.org/2001/XMLSchema-instance" xmlns:ns3="http://zakupki.gov.ru/223fz/dishonestSupplier/1" xmlns:ns4="http://zakupki.gov.ru/223fz/decisionSuspension/1" xmlns:ns5="http://zakupki.gov.ru/223fz/purchasePlanAdditionalPosition/1" xmlns:ns6="http://zakupki.gov.ru/223fz/purchasePlan/1" xmlns:ns7="http://zakupki.gov.ru/223fz/purchasePlanProjectAdditionalPosition/1" xmlns:ns8="http://zakupki.gov.ru/223fz/reference/1" xmlns:ns9="http://zakupki.gov.ru/223fz/stopCommodity/1">
    <header>
        <guid>e8250ec0-6b4e-40e4-ab2c-1d3a9bbb622a</guid>
        <createDateTime>2017-03-30T14:42:38</createDateTime>
    </header>
    <ns2:body>
        <ns2:item>
            <guid>cbcba2af-99ff-474f-b2d6-306d0e28d275</guid>
            <ns2:performanceContractData>
                <ns2:guid>4b00c6a7-2767-4b01-9bd6-a3e612a8fb40</ns2:guid>
                <ns2:registrationNumber>56671163413160001280004</ns2:registrationNumber>
                <ns2:urlOOS>https://zakupki.gov.ru/223/contract/private/completing/info/view.html?id=2667615</ns2:urlOOS>
                <ns2:createDateTime>2016-05-05T07:14:23</ns2:createDateTime>
                <ns2:customer>
                    <mainInfo>
                        <fullName>Открытое акционерное общество "Межрегиональная распределительная сетевая компания Урала"</fullName>
                        <shortName>ОАО "МРСК Урала"</shortName>
                        <iko>56671163413667201001</iko>
                        <inn>6671163413</inn>
                        <kpp>667201001</kpp>
                        <ogrn>1056604000970</ogrn>
                        <legalAddress>620026, Свердловская, Екатеринбург, Мамина-Сибиряка, дом 140</legalAddress>
                        <postalAddress>620026, Свердловская область, Екатеринбург, Мамина-Сибиряка, дом 140 </postalAddress>
                        <phone>7-343-2152600</phone>
                        <fax>7-343-2152661</fax>
                        <email>mrsk@mrsk-ural.ru</email>
                        <okato>65401000000</okato>
                        <okpo>76507836</okpo>
                    </mainInfo>
                </ns2:customer>
                <ns2:placer>
                    <mainInfo>
                        <fullName>Открытое акционерное общество "Межрегиональная распределительная сетевая компания Урала"</fullName>
                        <shortName>ОАО "МРСК Урала"</shortName>
                        <iko>56671163413667201001</iko>
                        <inn>6671163413</inn>
                        <kpp>667201001</kpp>
                        <ogrn>1056604000970</ogrn>
                        <legalAddress>620026, Свердловская, Екатеринбург, Мамина-Сибиряка, дом 140</legalAddress>
                        <postalAddress>620026, Свердловская область, Екатеринбург, Мамина-Сибиряка, дом 140 </postalAddress>
                        <phone>7-343-2152600</phone>
                        <fax>7-343-2152661</fax>
                        <email>mrsk@mrsk-ural.ru</email>
                        <okato>65401000000</okato>
                        <okpo>76507836</okpo>
                    </mainInfo>
                </ns2:placer>
                <ns2:publicationDate>2017-03-30T14:42:38</ns2:publicationDate>
                <ns2:status>P</ns2:status>
                <ns2:version>1</ns2:version>
                <ns2:completed>true</ns2:completed>
                <ns2:attachments>
                    <totalDocumentsCount>3</totalDocumentsCount>
                    <document>
                        <guid>cea21fca-9a9b-4201-8fa8-a474d919cb89</guid>
                        <createDateTime>2017-03-30T14:42:21</createDateTime>
                        <fileName>20718-20720_2016.06.22_ПП.pdf</fileName>
                        <description>20718-20720_2016.06.22_ПП</description>
                        <url>https://zakupki.gov.ru/223/contract/private/download/download.html?id=11740096</url>
                        <registrationNumber>56671163413160001280005</registrationNumber>
                    </document>
                    <document>
                        <guid>c1399aaf-a99e-4167-bd2d-60443f10b2d9</guid>
                        <createDateTime>2017-03-30T14:41:37</createDateTime>
                        <fileName>ИСПОЛНЕНИЕ ОТ 22.06.2016.png</fileName>
                        <description>ИСПОЛНЕНИЕ ОТ 22.06.2016</description>
                        <url>https://zakupki.gov.ru/223/contract/private/download/download.html?id=11740049</url>
                        <registrationNumber>56671163413160001280006</registrationNumber>
                    </document>
                    <document>
                        <guid>38125ec6-2f98-4bfa-ad3d-df48ab8eb0e3</guid>
                        <createDateTime>2017-03-30T14:41:48</createDateTime>
                        <fileName>113_2016.04.22_СФ_ТН.zip</fileName>
                        <description>113_2016.04.22_СФ_ТН</description>
                        <url>https://zakupki.gov.ru/223/contract/private/download/download.html?id=11740060</url>
                        <registrationNumber>56671163413160001280007</registrationNumber>
                    </document>
                </ns2:attachments>
                <ns2:hasPenalty>false</ns2:hasPenalty>
                <ns2:contractRegNumber>56671163413160001280000</ns2:contractRegNumber>
                <ns2:contractInfo>
                    <ns2:guid>f1a54bad-b8cc-4299-8ef5-b179db6d1aac</ns2:guid>
                    <ns2:name>ДЛиМТО/11/2016</ns2:name>
                    <ns2:agencyName>ОАО "МРСК Урала"</ns2:agencyName>
                    <ns2:supplierName>ОБЩЕСТВО С ОГРАНИЧЕННОЙ ОТВЕТСТВЕННОСТЬЮ ТОРГОВЫЙ ДОМ "БЕТОКАМ"</ns2:supplierName>
                    <ns2:lotInfo>Закупка № 156307, Лот № 38</ns2:lotInfo>
                    <ns2:contractDate>2016-01-18</ns2:contractDate>
                </ns2:contractInfo>
                <ns2:positions>
                    <ns2:position>
                        <ns2:ordinal>1</ns2:ordinal>
                        <ns2:paymentDate>2016-06-22</ns2:paymentDate>
                        <ns2:price>182370.18</ns2:price>
                        <ns2:currency>
                            <code>RUB</code>
                            <digitalCode>643</digitalCode>
                            <name>Российский рубль</name>
                        </ns2:currency>
                        <ns2:rubPrice>182370.18</ns2:rubPrice>
                        <ns2:prepaid>false</ns2:prepaid>
                        <ns2:docs>
                            <ns2:doc>
                                <ns2:ordinal>1</ns2:ordinal>
                                <ns2:code>01</ns2:code>
                                <ns2:name>товарная накладная</ns2:name>
                                <ns2:contractPosition>
                                    <ns2:guid>3cabb751-4462-014e-e053-ac11070d70ec</ns2:guid>
                                    <ns2:name>Опоры типа СВ</ns2:name>
                                    <ns2:okpd2>
                                        <code>23.61.12.161</code>
                                        <name>Трубы железобетонные</name>
                                    </ns2:okpd2>
                                </ns2:contractPosition>
                                <ns2:okei>
                                    <code>796</code>
                                    <name>Штука</name>
                                </ns2:okei>
                                <ns2:qty>7</ns2:qty>
                            </ns2:doc>
                        </ns2:docs>
                    </ns2:position>
                    <ns2:total>182370.18</ns2:total>
                </ns2:positions>
            </ns2:performanceContractData>
        </ns2:item>
    </ns2:body>
</ns2:performanceContract>
