<?xml version="1.0" encoding="UTF-8" standalone="yes"?>
<ns2:performanceContract xsi:schemaLocation="http://zakupki.gov.ru/223/integration/schema/TFF-5.2 http://zakupki.gov.ru/223/integration/schema/TFF-5.2/Types.xsd" xmlns="http://zakupki.gov.ru/223fz/types/1" xmlns:ns10="http://zakupki.gov.ru/223fz/disagreementProtocol/1" xmlns:ns11="http://zakupki.gov.ru/223fz/purchase/1" xmlns:ns12="http://zakupki.gov.ru/223fz/machineryListInfo/1" xmlns:ns13="http://zakupki.gov.ru/223fz/revenue/1" xmlns:ns14="http://zakupki.gov.ru/223fz/orderClauseList/1" xmlns:ns15="http://zakupki.gov.ru/223fz/complaint/1" xmlns:ns16="http://zakupki.gov.ru/223fz/missedNotice/1" xmlns:ns17="http://zakupki.gov.ru/223fz/notificationIssue/1" xmlns:ns18="http://zakupki.gov.ru/223fz/purchasePlanProject/1" xmlns:ns19="http://zakupki.gov.ru/223fz/webRequest/1" xmlns:ns2="http://zakupki.gov.ru/223fz/contract/1" xmlns:xsi="http://www.w3.org/2001/XMLSchema-instance" xmlns:ns3="http://zakupki.gov.ru/223fz/dishonestSupplier/1" xmlns:ns4="http://zakupki.gov.ru/223fz/decisionSuspension/1" xmlns:ns5="http://zakupki.gov.ru/223fz/purchasePlanAdditionalPosition/1" xmlns:ns6="http://zakupki.gov.ru/223fz/purchasePlan/1" xmlns:ns7="http://zakupki.gov.ru/223fz/purchasePlanProjectAdditionalPosition/1" xmlns:ns8="http://zakupki.gov.ru/223fz/reference/1" xmlns:ns9="http://zakupki.gov.ru/223fz/stopCommodity/1">
    <header>
        <guid>d1fd52cd-e62e-499b-951d-80c60d8125b4</guid>
        <createDateTime>2017-03-30T13:42:53</createDateTime>
    </header>
    <ns2:body>
        <ns2:item>
            <guid>fb178a83-fb87-49af-ab9d-10b1eaf39c34</guid>
            <ns2:performanceContractData>
                <ns2:guid>1e1504ef-d026-4fdb-bfa2-db2db1090485</ns2:guid>
                <ns2:registrationNumber>56664032579170000090003</ns2:registrationNumber>
                <ns2:urlOOS>https://zakupki.gov.ru/223/contract/private/completing/info/view.html?id=2666781</ns2:urlOOS>
                <ns2:createDateTime>2017-01-12T09:09:07</ns2:createDateTime>
                <ns2:customer>
                    <mainInfo>
                        <fullName>Екатеринбургское муниципальное унитарное предприятие "Комбинат школьного питания"</fullName>
                        <shortName>ЕМУП "КШП"</shortName>
                        <iko>56664032579667401001</iko>
                        <inn>6664032579</inn>
                        <kpp>667401001</kpp>
                        <ogrn>1026605774986</ogrn>
                        <legalAddress>620010, СВЕРДЛОВСКАЯ, ЕКАТЕРИНБУРГ, ИНЖЕНЕРНАЯ, дом 31</legalAddress>
                        <postalAddress>620103, Свердловская, Екатеринбург, ул. Ключевская, 18</postalAddress>
                        <phone>7-343-2682200</phone>
                        <fax>7-343-2682200</fax>
                        <email>k-256@mail.ru</email>
                        <okato>65401000000</okato>
                        <okpo>39937065</okpo>
                    </mainInfo>
                </ns2:customer>
                <ns2:placer>
                    <mainInfo>
                        <fullName>Екатеринбургское муниципальное унитарное предприятие "Комбинат школьного питания"</fullName>
                        <shortName>ЕМУП "КШП"</shortName>
                        <iko>56664032579667401001</iko>
                        <inn>6664032579</inn>
                        <kpp>667401001</kpp>
                        <ogrn>1026605774986</ogrn>
                        <legalAddress>620010, СВЕРДЛОВСКАЯ, ЕКАТЕРИНБУРГ, ИНЖЕНЕРНАЯ, дом 31</legalAddress>
                        <postalAddress>620103, Свердловская, Екатеринбург, ул. Ключевская, 18</postalAddress>
                        <phone>7-343-2682200</phone>
                        <fax>7-343-2682200</fax>
                        <email>k-256@mail.ru</email>
                        <okato>65401000000</okato>
                        <okpo>39937065</okpo>
                    </mainInfo>
                </ns2:placer>
                <ns2:publicationDate>2017-03-30T13:42:53</ns2:publicationDate>
                <ns2:status>P</ns2:status>
                <ns2:version>1</ns2:version>
                <ns2:completed>false</ns2:completed>
                <ns2:attachments>
                    <totalDocumentsCount>5</totalDocumentsCount>
                    <document>
                        <guid>e1de57b8-0e2d-4de5-ad7a-566843f6862a</guid>
                        <createDateTime>2017-03-30T13:42:30</createDateTime>
                        <fileName>счет.pdf</fileName>
                        <description>счет</description>
                        <url>https://zakupki.gov.ru/223/contract/private/download/download.html?id=11736066</url>
                        <registrationNumber>56664032579170000090004</registrationNumber>
                    </document>
                    <document>
                        <guid>3dfb9b49-9147-47ff-9a52-d73380631987</guid>
                        <createDateTime>2017-03-30T13:42:06</createDateTime>
                        <fileName>договор N36 от28.12..16.jpg</fileName>
                        <description>договор N36 от28.12..16</description>
                        <url>https://zakupki.gov.ru/223/contract/private/download/download.html?id=11736021</url>
                        <registrationNumber>56664032579170000090005</registrationNumber>
                    </document>
                    <document>
                        <guid>da69ce30-32c8-4528-b561-26ce7ec80892</guid>
                        <createDateTime>2017-03-30T13:42:17</createDateTime>
                        <fileName>договор N36 от28.12..162.jpg</fileName>
                        <description>договор N36 от28.12..162</description>
                        <url>https://zakupki.gov.ru/223/contract/private/download/download.html?id=11736039</url>
                        <registrationNumber>56664032579170000090006</registrationNumber>
                    </document>
                    <document>
                        <guid>cd060824-4ac5-4757-be2e-602456d2b33b</guid>
                        <createDateTime>2017-03-30T13:42:25</createDateTime>
                        <fileName>платежка.pdf</fileName>
                        <description>платежка</description>
                        <url>https://zakupki.gov.ru/223/contract/private/download/download.html?id=11736056</url>
                        <registrationNumber>56664032579170000090007</registrationNumber>
                    </document>
                    <document>
                        <guid>e16f6041-111f-4b01-ad58-ef4f93e109cb</guid>
                        <createDateTime>2017-03-30T13:42:11</createDateTime>
                        <fileName>договор N36 от28.12..161.jpg</fileName>
                        <description>договор N36 от28.12..161</description>
                        <url>https://zakupki.gov.ru/223/contract/private/download/download.html?id=11736029</url>
                        <registrationNumber>56664032579170000090008</registrationNumber>
                    </document>
                </ns2:attachments>
                <ns2:hasPenalty>false</ns2:hasPenalty>
                <ns2:contractRegNumber>56664032579170000090000</ns2:contractRegNumber>
                <ns2:contractInfo>
                    <ns2:guid>30d62db6-6bb5-4e98-84f5-6380450e7bf1</ns2:guid>
                    <ns2:agencyName>ЕМУП "КШП"</ns2:agencyName>
                    <ns2:supplierName>ОБЩЕСТВО С ОГРАНИЧЕННОЙ ОТВЕТСТВЕННОСТЬЮ "Бакалея"</ns2:supplierName>
                    <ns2:lotInfo>поставка сахара</ns2:lotInfo>
                    <ns2:contractDate>2016-12-28</ns2:contractDate>
                </ns2:contractInfo>
                <ns2:positions>
                    <ns2:position>
                        <ns2:ordinal>1</ns2:ordinal>
                        <ns2:paymentDate>2017-03-27</ns2:paymentDate>
                        <ns2:price>263480</ns2:price>
                        <ns2:currency>
                            <code>RUB</code>
                            <digitalCode>643</digitalCode>
                            <name>Российский рубль</name>
                        </ns2:currency>
                        <ns2:rubPrice>263480</ns2:rubPrice>
                        <ns2:prepaid>false</ns2:prepaid>
                        <ns2:docs>
                            <ns2:doc>
                                <ns2:ordinal>1</ns2:ordinal>
                                <ns2:date>2017-01-25</ns2:date>
                                <ns2:code>01</ns2:code>
                                <ns2:name>товарная накладная</ns2:name>
                                <ns2:number>358</ns2:number>
                                <ns2:contractPosition>
                                    <ns2:guid>bb6455c0-f35a-491a-8ca5-85ad4f36b7d1</ns2:guid>
                                    <ns2:name>Сахар белый свекловичный в твердом состоянии без вкусоароматических или красящих добавок</ns2:name>
                                    <ns2:okpd2>
                                        <code>10.81.12.110</code>
                                        <name>Сахар белый свекловичный в твердом состоянии без вкусоароматических или красящих добавок</name>
                                    </ns2:okpd2>
                                </ns2:contractPosition>
                                <ns2:okei>
                                    <code>166</code>
                                    <name>Килограмм</name>
                                </ns2:okei>
                                <ns2:qty>800</ns2:qty>
                            </ns2:doc>
                            <ns2:doc>
                                <ns2:ordinal>2</ns2:ordinal>
                                <ns2:date>2017-01-27</ns2:date>
                                <ns2:code>01</ns2:code>
                                <ns2:name>товарная накладная</ns2:name>
                                <ns2:number>410</ns2:number>
                                <ns2:contractPosition>
                                    <ns2:guid>bb6455c0-f35a-491a-8ca5-85ad4f36b7d1</ns2:guid>
                                    <ns2:name>Сахар белый свекловичный в твердом состоянии без вкусоароматических или красящих добавок</ns2:name>
                                    <ns2:okpd2>
                                        <code>10.81.12.110</code>
                                        <name>Сахар белый свекловичный в твердом состоянии без вкусоароматических или красящих добавок</name>
                                    </ns2:okpd2>
                                </ns2:contractPosition>
                                <ns2:okei>
                                    <code>166</code>
                                    <name>Килограмм</name>
                                </ns2:okei>
                                <ns2:qty>1500</ns2:qty>
                            </ns2:doc>
                            <ns2:doc>
                                <ns2:ordinal>3</ns2:ordinal>
                                <ns2:date>2017-01-18</ns2:date>
                                <ns2:code>01</ns2:code>
                                <ns2:name>товарная накладная</ns2:name>
                                <ns2:number>24</ns2:number>
                                <ns2:contractPosition>
                                    <ns2:guid>bb6455c0-f35a-491a-8ca5-85ad4f36b7d1</ns2:guid>
                                    <ns2:name>Сахар белый свекловичный в твердом состоянии без вкусоароматических или красящих добавок</ns2:name>
                                    <ns2:okpd2>
                                        <code>10.81.12.110</code>
                                        <name>Сахар белый свекловичный в твердом состоянии без вкусоароматических или красящих добавок</name>
                                    </ns2:okpd2>
                                </ns2:contractPosition>
                                <ns2:okei>
                                    <code>166</code>
                                    <name>Килограмм</name>
                                </ns2:okei>
                                <ns2:qty>1500</ns2:qty>
                            </ns2:doc>
                        </ns2:docs>
                    </ns2:position>
                    <ns2:total>263480</ns2:total>
                </ns2:positions>
            </ns2:performanceContractData>
        </ns2:item>
    </ns2:body>
</ns2:performanceContract>
