<?xml version="1.0" encoding="UTF-8" standalone="yes"?>
<ns2:performanceContract xsi:schemaLocation="http://zakupki.gov.ru/223/integration/schema/TFF-5.2 http://zakupki.gov.ru/223/integration/schema/TFF-5.2/Types.xsd" xmlns="http://zakupki.gov.ru/223fz/types/1" xmlns:ns10="http://zakupki.gov.ru/223fz/disagreementProtocol/1" xmlns:ns11="http://zakupki.gov.ru/223fz/purchase/1" xmlns:ns12="http://zakupki.gov.ru/223fz/machineryListInfo/1" xmlns:ns13="http://zakupki.gov.ru/223fz/revenue/1" xmlns:ns14="http://zakupki.gov.ru/223fz/orderClauseList/1" xmlns:ns15="http://zakupki.gov.ru/223fz/complaint/1" xmlns:ns16="http://zakupki.gov.ru/223fz/missedNotice/1" xmlns:ns17="http://zakupki.gov.ru/223fz/notificationIssue/1" xmlns:ns18="http://zakupki.gov.ru/223fz/purchasePlanProject/1" xmlns:ns19="http://zakupki.gov.ru/223fz/webRequest/1" xmlns:ns2="http://zakupki.gov.ru/223fz/contract/1" xmlns:xsi="http://www.w3.org/2001/XMLSchema-instance" xmlns:ns3="http://zakupki.gov.ru/223fz/dishonestSupplier/1" xmlns:ns4="http://zakupki.gov.ru/223fz/decisionSuspension/1" xmlns:ns5="http://zakupki.gov.ru/223fz/purchasePlanAdditionalPosition/1" xmlns:ns6="http://zakupki.gov.ru/223fz/purchasePlan/1" xmlns:ns7="http://zakupki.gov.ru/223fz/purchasePlanProjectAdditionalPosition/1" xmlns:ns8="http://zakupki.gov.ru/223fz/reference/1" xmlns:ns9="http://zakupki.gov.ru/223fz/stopCommodity/1">
    <header>
        <guid>e2d5ded4-c3da-4ef4-b3e1-ed4f71460854</guid>
        <createDateTime>2017-03-30T12:41:48</createDateTime>
    </header>
    <ns2:body>
        <ns2:item>
            <guid>11b04b32-dd8d-4159-ab4e-28c89d72e9de</guid>
            <ns2:performanceContractData>
                <ns2:guid>c00b077f-21bb-43a4-848a-9687d4801e2b</ns2:guid>
                <ns2:registrationNumber>56623029538160008970004</ns2:registrationNumber>
                <ns2:urlOOS>https://zakupki.gov.ru/223/contract/private/completing/info/view.html?id=2666103</ns2:urlOOS>
                <ns2:createDateTime>2016-09-21T11:32:45</ns2:createDateTime>
                <ns2:customer>
                    <mainInfo>
                        <fullName>Открытое акционерное общество "Научно-производственная корпорация "Уралвагонзавод" имени Ф.Э. Дзержинского"</fullName>
                        <shortName>ОАО "Научно-производственная корпорация "Уралвагонзавод"</shortName>
                        <iko>56623029538997850001</iko>
                        <inn>6623029538</inn>
                        <kpp>997850001</kpp>
                        <ogrn>1086623002190</ogrn>
                        <legalAddress>622007, Свердловская, Нижний Тагил, Восточное, дом 28</legalAddress>
                        <postalAddress>622007, Свердловская, Нижний Тагил, Восточное, дом 28</postalAddress>
                        <phone>7-3435-345436</phone>
                        <fax>7-3435-380048</fax>
                        <email>web@uvz.ru</email>
                        <okato>65476370000</okato>
                        <okpo>07518941</okpo>
                    </mainInfo>
                </ns2:customer>
                <ns2:placer>
                    <mainInfo>
                        <fullName>Открытое акционерное общество "Научно-производственная корпорация "Уралвагонзавод" имени Ф.Э. Дзержинского"</fullName>
                        <shortName>ОАО "Научно-производственная корпорация "Уралвагонзавод"</shortName>
                        <iko>56623029538997850001</iko>
                        <inn>6623029538</inn>
                        <kpp>997850001</kpp>
                        <ogrn>1086623002190</ogrn>
                        <legalAddress>622007, Свердловская, Нижний Тагил, Восточное, дом 28</legalAddress>
                        <postalAddress>622007, Свердловская, Нижний Тагил, Восточное, дом 28</postalAddress>
                        <phone>7-3435-345436</phone>
                        <fax>7-3435-380048</fax>
                        <email>web@uvz.ru</email>
                        <okato>65476370000</okato>
                        <okpo>07518941</okpo>
                    </mainInfo>
                </ns2:placer>
                <ns2:publicationDate>2017-03-30T12:41:48</ns2:publicationDate>
                <ns2:status>P</ns2:status>
                <ns2:version>1</ns2:version>
                <ns2:completed>true</ns2:completed>
                <ns2:attachments>
                    <totalDocumentsCount>1</totalDocumentsCount>
                    <document>
                        <guid>410b06bc-ec5d-451a-9231-c1838798546e</guid>
                        <createDateTime>2017-03-30T12:41:00</createDateTime>
                        <fileName>Акт об исполнении сторонами обязательств № 6 по договору № МИ20-2601к-424 от 12.08.2016 с подписью.pdf</fileName>
                        <description>Акт об исполнении сторонами обязательств № 6 по договору № МИ20-2601к-424 от 12.08.2016 с подписью</description>
                        <url>https://zakupki.gov.ru/223/contract/private/download/download.html?id=11732821</url>
                        <registrationNumber>56623029538160008970005</registrationNumber>
                    </document>
                </ns2:attachments>
                <ns2:hasPenalty>false</ns2:hasPenalty>
                <ns2:contractRegNumber>56623029538160008970000</ns2:contractRegNumber>
                <ns2:contractInfo>
                    <ns2:guid>e21a0039-f8ff-4a87-8e76-e70c868b58df</ns2:guid>
                    <ns2:name>МИ20/2601к/424</ns2:name>
                    <ns2:agencyName>ОАО "Научно-производственная корпорация "Уралвагонзавод"</ns2:agencyName>
                    <ns2:supplierName>Общество с ограниченной ответственностью "Металлоинвест"</ns2:supplierName>
                    <ns2:lotInfo>лот 2 Поставка алюминиевого проката</ns2:lotInfo>
                    <ns2:contractDate>2016-09-21</ns2:contractDate>
                </ns2:contractInfo>
                <ns2:positions>
                    <ns2:position>
                        <ns2:ordinal>1</ns2:ordinal>
                        <ns2:paymentDate>2017-03-30</ns2:paymentDate>
                        <ns2:price>2571172.8</ns2:price>
                        <ns2:currency>
                            <code>RUB</code>
                            <digitalCode>643</digitalCode>
                            <name>Российский рубль</name>
                        </ns2:currency>
                        <ns2:rubPrice>2571172.8</ns2:rubPrice>
                        <ns2:prepaid>false</ns2:prepaid>
                        <ns2:docs>
                            <ns2:doc>
                                <ns2:ordinal>1</ns2:ordinal>
                                <ns2:date>2017-03-30</ns2:date>
                                <ns2:code>37</ns2:code>
                                <ns2:name>прочие документы о приемке</ns2:name>
                                <ns2:number>6</ns2:number>
                                <ns2:contractPosition>
                                    <ns2:guid>ef7b5422-9fe0-418d-9f6b-9445220735b2</ns2:guid>
                                    <ns2:name>Алюминий вторичный АВ91 </ns2:name>
                                    <ns2:okpd2>
                                        <code>24.42.11</code>
                                        <name>Алюминий необработанный</name>
                                    </ns2:okpd2>
                                </ns2:contractPosition>
                                <ns2:okei>
                                    <code>168</code>
                                    <name>Тонна; Метрическая тонна (1000 кг)</name>
                                </ns2:okei>
                                <ns2:qty>20.752</ns2:qty>
                            </ns2:doc>
                        </ns2:docs>
                    </ns2:position>
                    <ns2:total>2571172.8</ns2:total>
                </ns2:positions>
            </ns2:performanceContractData>
        </ns2:item>
    </ns2:body>
</ns2:performanceContract>
