<?xml version="1.0" encoding="UTF-8" standalone="yes"?>
<ns2:performanceContract xsi:schemaLocation="http://zakupki.gov.ru/223/integration/schema/TFF-5.2 http://zakupki.gov.ru/223/integration/schema/TFF-5.2/Types.xsd" xmlns="http://zakupki.gov.ru/223fz/types/1" xmlns:ns10="http://zakupki.gov.ru/223fz/disagreementProtocol/1" xmlns:ns11="http://zakupki.gov.ru/223fz/purchase/1" xmlns:ns12="http://zakupki.gov.ru/223fz/machineryListInfo/1" xmlns:ns13="http://zakupki.gov.ru/223fz/revenue/1" xmlns:ns14="http://zakupki.gov.ru/223fz/orderClauseList/1" xmlns:ns15="http://zakupki.gov.ru/223fz/complaint/1" xmlns:ns16="http://zakupki.gov.ru/223fz/missedNotice/1" xmlns:ns17="http://zakupki.gov.ru/223fz/notificationIssue/1" xmlns:ns18="http://zakupki.gov.ru/223fz/purchasePlanProject/1" xmlns:ns19="http://zakupki.gov.ru/223fz/webRequest/1" xmlns:ns2="http://zakupki.gov.ru/223fz/contract/1" xmlns:xsi="http://www.w3.org/2001/XMLSchema-instance" xmlns:ns3="http://zakupki.gov.ru/223fz/dishonestSupplier/1" xmlns:ns4="http://zakupki.gov.ru/223fz/decisionSuspension/1" xmlns:ns5="http://zakupki.gov.ru/223fz/purchasePlanAdditionalPosition/1" xmlns:ns6="http://zakupki.gov.ru/223fz/purchasePlan/1" xmlns:ns7="http://zakupki.gov.ru/223fz/purchasePlanProjectAdditionalPosition/1" xmlns:ns8="http://zakupki.gov.ru/223fz/reference/1" xmlns:ns9="http://zakupki.gov.ru/223fz/stopCommodity/1">
    <header>
        <guid>46de8a1f-93a9-418e-aff3-ef1bd3e5f759</guid>
        <createDateTime>2017-03-30T14:16:41</createDateTime>
    </header>
    <ns2:body>
        <ns2:item>
            <guid>ac5d0c0e-4235-434f-abe9-52efbafe8270</guid>
            <ns2:performanceContractData>
                <ns2:guid>7d05b346-f007-483a-95a3-7d4a46c0e231</ns2:guid>
                <ns2:registrationNumber>56671405790170000200003</ns2:registrationNumber>
                <ns2:urlOOS>https://zakupki.gov.ru/223/contract/private/completing/info/view.html?id=2667180</ns2:urlOOS>
                <ns2:createDateTime>2017-03-20T11:25:37</ns2:createDateTime>
                <ns2:customer>
                    <mainInfo>
                        <fullName>ГОСУДАРСТВЕННОЕ АВТОНОМНОЕ УЧРЕЖДЕНИЕ СВЕРДЛОВСКОЙ ОБЛАСТИ "ИНФОРМАЦИОННО-АНАЛИТИЧЕСКИЙ ЦЕНТР"</fullName>
                        <shortName>ГАУСО "ИАЦ"</shortName>
                        <iko>56671405790667101001</iko>
                        <inn>6671405790</inn>
                        <kpp>667101001</kpp>
                        <ogrn>1126671018980</ogrn>
                        <legalAddress>620014, обл СВЕРДЛОВСКАЯ, г ЕКАТЕРИНБУРГ, ул 8 МАРТА, дом 13, офис (квартира) 706</legalAddress>
                        <postalAddress>620014, г. Екатеринбург, ул. 8 Марта, дом 13,  кабинет 706</postalAddress>
                        <phone>83433776884</phone>
                        <email>dir@gausoiac.ru</email>
                        <okato>65401377000</okato>
                        <okpo>16883295</okpo>
                    </mainInfo>
                </ns2:customer>
                <ns2:placer>
                    <mainInfo>
                        <fullName>ГОСУДАРСТВЕННОЕ АВТОНОМНОЕ УЧРЕЖДЕНИЕ СВЕРДЛОВСКОЙ ОБЛАСТИ "ИНФОРМАЦИОННО-АНАЛИТИЧЕСКИЙ ЦЕНТР"</fullName>
                        <shortName>ГАУСО "ИАЦ"</shortName>
                        <iko>56671405790667101001</iko>
                        <inn>6671405790</inn>
                        <kpp>667101001</kpp>
                        <ogrn>1126671018980</ogrn>
                        <legalAddress>620014, обл СВЕРДЛОВСКАЯ, г ЕКАТЕРИНБУРГ, ул 8 МАРТА, дом 13, офис (квартира) 706</legalAddress>
                        <postalAddress>620014, г. Екатеринбург, ул. 8 Марта, дом 13,  кабинет 706</postalAddress>
                        <phone>83433776884</phone>
                        <email>dir@gausoiac.ru</email>
                        <okato>65401377000</okato>
                        <okpo>16883295</okpo>
                    </mainInfo>
                </ns2:placer>
                <ns2:publicationDate>2017-03-30T14:16:41</ns2:publicationDate>
                <ns2:status>P</ns2:status>
                <ns2:version>1</ns2:version>
                <ns2:completed>false</ns2:completed>
                <ns2:attachments>
                    <totalDocumentsCount>2</totalDocumentsCount>
                    <document>
                        <guid>2352bd46-eedf-425e-a539-961d0f1f1246</guid>
                        <createDateTime>2017-03-30T14:15:58</createDateTime>
                        <fileName>выписка от 28.03.2017.pdf</fileName>
                        <description>выписка от 28.03.2017</description>
                        <url>https://zakupki.gov.ru/223/contract/private/download/download.html?id=11738674</url>
                        <registrationNumber>56671405790170000200004</registrationNumber>
                    </document>
                    <document>
                        <guid>e206d892-f092-4db0-8654-2dcc76b29589</guid>
                        <createDateTime>2017-03-30T14:15:51</createDateTime>
                        <fileName>счет № 703, акт, тов.нак. № 725 от 17.03.17.pdf</fileName>
                        <description>счет № 703, акт, тов.нак. № 725 от 17.03.17</description>
                        <url>https://zakupki.gov.ru/223/contract/private/download/download.html?id=11738670</url>
                        <registrationNumber>56671405790170000200005</registrationNumber>
                    </document>
                </ns2:attachments>
                <ns2:hasPenalty>false</ns2:hasPenalty>
                <ns2:contractRegNumber>56671405790170000200000</ns2:contractRegNumber>
                <ns2:contractInfo>
                    <ns2:guid>dde58741-c4f9-4b78-b010-846cec89ed6d</ns2:guid>
                    <ns2:name>17/Т/17</ns2:name>
                    <ns2:agencyName>ГАУСО "ИАЦ"</ns2:agencyName>
                    <ns2:supplierName>ОБЩЕСТВО С ОГРАНИЧЕННОЙ ОТВЕТСТВЕННОСТЬЮ "НИЖНЕТАГИЛЬСКАЯ ТИПОГРАФИЯ"</ns2:supplierName>
                    <ns2:lotInfo>Оказание полиграфических услуг</ns2:lotInfo>
                    <ns2:contractDate>2017-03-15</ns2:contractDate>
                </ns2:contractInfo>
                <ns2:positions>
                    <ns2:position>
                        <ns2:ordinal>1</ns2:ordinal>
                        <ns2:paymentDate>2017-03-28</ns2:paymentDate>
                        <ns2:price>31920</ns2:price>
                        <ns2:currency>
                            <code>RUB</code>
                            <digitalCode>643</digitalCode>
                            <name>Российский рубль</name>
                        </ns2:currency>
                        <ns2:rubPrice>31920</ns2:rubPrice>
                        <ns2:prepaid>false</ns2:prepaid>
                        <ns2:docs>
                            <ns2:doc>
                                <ns2:ordinal>1</ns2:ordinal>
                                <ns2:date>2017-03-17</ns2:date>
                                <ns2:code>18</ns2:code>
                                <ns2:name>счет на оплату</ns2:name>
                                <ns2:number>703</ns2:number>
                                <ns2:contractPosition>
                                    <ns2:guid>c92c9f2b-8225-46a4-9b29-14daedf4cef7</ns2:guid>
                                    <ns2:name>Услуги по печатанию журналов и периодических изданий, выходящих реже четырех раз в неделю</ns2:name>
                                    <ns2:okpd2>
                                        <code>18.12.13</code>
                                        <name>Услуги по печатанию журналов и периодических изданий, выходящих реже четырех раз в неделю</name>
                                    </ns2:okpd2>
                                </ns2:contractPosition>
                                <ns2:okei>
                                    <code>796</code>
                                    <name>Штука</name>
                                </ns2:okei>
                                <ns2:qty>15200</ns2:qty>
                            </ns2:doc>
                            <ns2:doc>
                                <ns2:ordinal>2</ns2:ordinal>
                                <ns2:date>2017-03-17</ns2:date>
                                <ns2:code>20</ns2:code>
                                <ns2:name>акт выполненных работ</ns2:name>
                                <ns2:number>725</ns2:number>
                                <ns2:contractPosition>
                                    <ns2:guid>c92c9f2b-8225-46a4-9b29-14daedf4cef7</ns2:guid>
                                    <ns2:name>Услуги по печатанию журналов и периодических изданий, выходящих реже четырех раз в неделю</ns2:name>
                                    <ns2:okpd2>
                                        <code>18.12.13</code>
                                        <name>Услуги по печатанию журналов и периодических изданий, выходящих реже четырех раз в неделю</name>
                                    </ns2:okpd2>
                                </ns2:contractPosition>
                                <ns2:okei>
                                    <code>796</code>
                                    <name>Штука</name>
                                </ns2:okei>
                                <ns2:qty>15200</ns2:qty>
                            </ns2:doc>
                            <ns2:doc>
                                <ns2:ordinal>3</ns2:ordinal>
                                <ns2:date>2017-03-17</ns2:date>
                                <ns2:code>01</ns2:code>
                                <ns2:name>товарная накладная</ns2:name>
                                <ns2:number>725</ns2:number>
                                <ns2:contractPosition>
                                    <ns2:guid>c92c9f2b-8225-46a4-9b29-14daedf4cef7</ns2:guid>
                                    <ns2:name>Услуги по печатанию журналов и периодических изданий, выходящих реже четырех раз в неделю</ns2:name>
                                    <ns2:okpd2>
                                        <code>18.12.13</code>
                                        <name>Услуги по печатанию журналов и периодических изданий, выходящих реже четырех раз в неделю</name>
                                    </ns2:okpd2>
                                </ns2:contractPosition>
                                <ns2:okei>
                                    <code>796</code>
                                    <name>Штука</name>
                                </ns2:okei>
                                <ns2:qty>15200</ns2:qty>
                            </ns2:doc>
                        </ns2:docs>
                    </ns2:position>
                    <ns2:total>31920</ns2:total>
                </ns2:positions>
            </ns2:performanceContractData>
        </ns2:item>
    </ns2:body>
</ns2:performanceContract>
