<?xml version="1.0" encoding="UTF-8" standalone="yes"?>
<ns2:performanceContract xsi:schemaLocation="http://zakupki.gov.ru/223/integration/schema/TFF-5.2 http://zakupki.gov.ru/223/integration/schema/TFF-5.2/Types.xsd" xmlns="http://zakupki.gov.ru/223fz/types/1" xmlns:ns10="http://zakupki.gov.ru/223fz/disagreementProtocol/1" xmlns:ns11="http://zakupki.gov.ru/223fz/purchase/1" xmlns:ns12="http://zakupki.gov.ru/223fz/machineryListInfo/1" xmlns:ns13="http://zakupki.gov.ru/223fz/revenue/1" xmlns:ns14="http://zakupki.gov.ru/223fz/orderClauseList/1" xmlns:ns15="http://zakupki.gov.ru/223fz/complaint/1" xmlns:ns16="http://zakupki.gov.ru/223fz/missedNotice/1" xmlns:ns17="http://zakupki.gov.ru/223fz/notificationIssue/1" xmlns:ns18="http://zakupki.gov.ru/223fz/purchasePlanProject/1" xmlns:ns19="http://zakupki.gov.ru/223fz/webRequest/1" xmlns:ns2="http://zakupki.gov.ru/223fz/contract/1" xmlns:xsi="http://www.w3.org/2001/XMLSchema-instance" xmlns:ns3="http://zakupki.gov.ru/223fz/dishonestSupplier/1" xmlns:ns4="http://zakupki.gov.ru/223fz/decisionSuspension/1" xmlns:ns5="http://zakupki.gov.ru/223fz/purchasePlanAdditionalPosition/1" xmlns:ns6="http://zakupki.gov.ru/223fz/purchasePlan/1" xmlns:ns7="http://zakupki.gov.ru/223fz/purchasePlanProjectAdditionalPosition/1" xmlns:ns8="http://zakupki.gov.ru/223fz/reference/1" xmlns:ns9="http://zakupki.gov.ru/223fz/stopCommodity/1">
    <header>
        <guid>f3434070-ebc3-4049-980b-ead25116a4e2</guid>
        <createDateTime>2017-03-30T15:32:14</createDateTime>
    </header>
    <ns2:body>
        <ns2:item>
            <guid>036a5bc0-0223-4b52-84d4-a60b2a231d8c</guid>
            <ns2:performanceContractData>
                <ns2:guid>048c55b4-5ba7-4b22-bddc-7472cfef802c</ns2:guid>
                <ns2:registrationNumber>56625007956160000900005</ns2:registrationNumber>
                <ns2:urlOOS>https://zakupki.gov.ru/223/contract/private/completing/info/view.html?id=2668398</ns2:urlOOS>
                <ns2:createDateTime>2016-12-30T17:05:50</ns2:createDateTime>
                <ns2:customer>
                    <mainInfo>
                        <fullName>ГОСУДАРСТВЕННОЕ АВТОНОМНОЕ СТАЦИОНАРНОЕ УЧРЕЖДЕНИЕ СОЦИАЛЬНОГО ОБСЛУЖИВАНИЯ НАСЕЛЕНИЯ СВЕРДЛОВСКОЙ ОБЛАСТИ "ПЕРВОУРАЛЬСКИЙ ПСИХОНЕВРОЛОГИЧЕСКИЙ ИНТЕРНАТ"</fullName>
                        <shortName>ГАУ "ПЕРВОУРАЛЬСКИЙ ПНИ"</shortName>
                        <iko>56625007956662501001</iko>
                        <inn>6625007956</inn>
                        <kpp>662501001</kpp>
                        <ogrn>1026601507514</ogrn>
                        <legalAddress>623103, ОБЛ СВЕРДЛОВСКАЯ, Г ПЕРВОУРАЛЬСК, УЛ КРЫЛОВА, дом 98</legalAddress>
                        <postalAddress>623103, Свердловская Область, Первоуральск Город, Крылова Улица, дом 98</postalAddress>
                        <phone>7-3439-625238</phone>
                        <fax>7-3439-635238</fax>
                        <email>prv-su@gov66.ru</email>
                        <okato>65480000000</okato>
                        <okpo>03157676</okpo>
                    </mainInfo>
                </ns2:customer>
                <ns2:placer>
                    <mainInfo>
                        <fullName>ГОСУДАРСТВЕННОЕ АВТОНОМНОЕ СТАЦИОНАРНОЕ УЧРЕЖДЕНИЕ СОЦИАЛЬНОГО ОБСЛУЖИВАНИЯ НАСЕЛЕНИЯ СВЕРДЛОВСКОЙ ОБЛАСТИ "ПЕРВОУРАЛЬСКИЙ ПСИХОНЕВРОЛОГИЧЕСКИЙ ИНТЕРНАТ"</fullName>
                        <shortName>ГАУ "ПЕРВОУРАЛЬСКИЙ ПНИ"</shortName>
                        <iko>56625007956662501001</iko>
                        <inn>6625007956</inn>
                        <kpp>662501001</kpp>
                        <ogrn>1026601507514</ogrn>
                        <legalAddress>623103, ОБЛ СВЕРДЛОВСКАЯ, Г ПЕРВОУРАЛЬСК, УЛ КРЫЛОВА, дом 98</legalAddress>
                        <postalAddress>623103, Свердловская Область, Первоуральск Город, Крылова Улица, дом 98</postalAddress>
                        <phone>7-3439-625238</phone>
                        <fax>7-3439-635238</fax>
                        <email>prv-su@gov66.ru</email>
                        <okato>65480000000</okato>
                        <okpo>03157676</okpo>
                    </mainInfo>
                </ns2:placer>
                <ns2:publicationDate>2017-03-30T15:32:14</ns2:publicationDate>
                <ns2:status>P</ns2:status>
                <ns2:version>2</ns2:version>
                <ns2:completed>true</ns2:completed>
                <ns2:modificationDescription>Прикреплен не верный документ об исполнении</ns2:modificationDescription>
                <ns2:attachments>
                    <totalDocumentsCount>2</totalDocumentsCount>
                    <document>
                        <guid>553b4be3-d896-48a8-99a1-feb3e006745e</guid>
                        <createDateTime>2017-03-30T15:22:48</createDateTime>
                        <fileName>Договор 103-ЗК от 30.12.2016.pdf</fileName>
                        <description>Договор 103-ЗК от 30.12.2016</description>
                        <url>https://zakupki.gov.ru/223/contract/private/download/download.html?id=11743508</url>
                        <registrationNumber>56625007956160000900006</registrationNumber>
                    </document>
                    <document>
                        <guid>496ec6da-1d4c-4403-bf59-8152b542c4e7</guid>
                        <createDateTime>2017-03-30T15:32:00</createDateTime>
                        <fileName>Реестр платежей по договору 103-ЗК от 30.12.2016.pdf</fileName>
                        <description>Реестр платежей по договору 103-ЗК от 30.12.2016</description>
                        <url>https://zakupki.gov.ru/223/contract/private/download/download.html?id=11743588</url>
                        <registrationNumber>56625007956160000900007</registrationNumber>
                    </document>
                </ns2:attachments>
                <ns2:hasPenalty>false</ns2:hasPenalty>
                <ns2:contractRegNumber>56625007956160000900000</ns2:contractRegNumber>
                <ns2:contractInfo>
                    <ns2:guid>6dc6f40d-002d-44e5-9b25-918298efb742</ns2:guid>
                    <ns2:name>103-ЗК</ns2:name>
                    <ns2:agencyName>ГАУ "ПЕРВОУРАЛЬСКИЙ ПНИ"</ns2:agencyName>
                    <ns2:supplierName>ОБЩЕСТВО С ОГРАНИЧЕННОЙ ОТВЕТСТВЕННОСТЬЮ "ЛАБИРИНТ"</ns2:supplierName>
                    <ns2:lotInfo>Поставка крупы и макаронных изделий</ns2:lotInfo>
                    <ns2:contractDate>2016-12-30</ns2:contractDate>
                </ns2:contractInfo>
                <ns2:positions>
                    <ns2:position>
                        <ns2:ordinal>1</ns2:ordinal>
                        <ns2:paymentDate>2017-03-24</ns2:paymentDate>
                        <ns2:price>93480</ns2:price>
                        <ns2:currency>
                            <code>RUB</code>
                            <digitalCode>643</digitalCode>
                            <name>Российский рубль</name>
                        </ns2:currency>
                        <ns2:rubPrice>93480</ns2:rubPrice>
                        <ns2:prepaid>false</ns2:prepaid>
                        <ns2:docs>
                            <ns2:doc>
                                <ns2:ordinal>1</ns2:ordinal>
                                <ns2:code>19</ns2:code>
                                <ns2:name>счет-фактура</ns2:name>
                                <ns2:contractPosition>
                                    <ns2:guid>760cac6c-4bff-44cd-bd43-705ad58bce4c</ns2:guid>
                                    <ns2:name>Продукты пищевые</ns2:name>
                                    <ns2:okpd2>
                                        <code>10</code>
                                        <name>Продукты пищевые</name>
                                    </ns2:okpd2>
                                </ns2:contractPosition>
                                <ns2:okei>
                                    <code>876</code>
                                    <name>Условная единица</name>
                                </ns2:okei>
                                <ns2:qty>1</ns2:qty>
                            </ns2:doc>
                        </ns2:docs>
                    </ns2:position>
                    <ns2:total>93480</ns2:total>
                </ns2:positions>
            </ns2:performanceContractData>
        </ns2:item>
    </ns2:body>
</ns2:performanceContract>
