<?xml version="1.0" encoding="UTF-8" standalone="yes"?>
<ns2:purchaseNoticeOK xsi:schemaLocation="http://zakupki.gov.ru/223/integration/schema/TFF-5.2 http://zakupki.gov.ru/223/integration/schema/TFF-5.2/purchase.xsd" xmlns="http://zakupki.gov.ru/223fz/types/1" xmlns:ns10="http://zakupki.gov.ru/223fz/purchasePlan/1" xmlns:ns11="http://zakupki.gov.ru/223fz/purchasePlanProject/1" xmlns:ns12="http://zakupki.gov.ru/223fz/purchasePlanProjectAdditionalPosition/1" xmlns:ns13="http://zakupki.gov.ru/223fz/contract/1" xmlns:ns14="http://zakupki.gov.ru/223fz/missedNotice/1" xmlns:ns15="http://zakupki.gov.ru/223fz/reference/1" xmlns:ns16="http://zakupki.gov.ru/223fz/stopCommodity/1" xmlns:ns17="http://zakupki.gov.ru/223fz/decisionSuspension/1" xmlns:ns18="http://zakupki.gov.ru/223fz/purchasePlanAdditionalPosition/1" xmlns:ns19="http://zakupki.gov.ru/223fz/webRequest/1" xmlns:ns2="http://zakupki.gov.ru/223fz/purchase/1" xmlns:xsi="http://www.w3.org/2001/XMLSchema-instance" xmlns:ns3="http://zakupki.gov.ru/223fz/dishonestSupplier/1" xmlns:ns4="http://zakupki.gov.ru/223fz/machineryListInfo/1" xmlns:ns5="http://zakupki.gov.ru/223fz/revenue/1" xmlns:ns6="http://zakupki.gov.ru/223fz/orderClauseList/1" xmlns:ns7="http://zakupki.gov.ru/223fz/disagreementProtocol/1" xmlns:ns8="http://zakupki.gov.ru/223fz/complaint/1" xmlns:ns9="http://zakupki.gov.ru/223fz/notificationIssue/1">
    <header>
        <guid>7471a3ee-6f7a-4de6-8af6-65cec53c20fa</guid>
        <createDateTime>2017-03-16T18:24:09</createDateTime>
    </header>
    <ns2:body>
        <ns2:item>
            <guid>56cd83ea-c56f-4181-bc8c-e68952c086e4</guid>
            <ns2:purchaseNoticeOKData>
                <ns2:guid>56cd83ea-c56f-4181-bc8c-e68952c086e4</ns2:guid>
                <ns2:createDateTime>2017-03-16T17:38:44</ns2:createDateTime>
                <ns2:urlOOS>https://zakupki.gov.ru/223/purchase/private/purchase/notice-info/details.html?noticeInfoId=5888119</ns2:urlOOS>
                <ns2:registrationNumber>31704899913</ns2:registrationNumber>
                <ns2:name>Выполнение проектных работ пристроя входной группы для нужд ФГБУ«НМХЦ им. Н.И. Пирогова» Минздрава России.</ns2:name>
                <ns2:customer>
                    <mainInfo>
                        <fullName>ФЕДЕРАЛЬНОЕ ГОСУДАРСТВЕННОЕ БЮДЖЕТНОЕ УЧРЕЖДЕНИЕ "НАЦИОНАЛЬНЫЙ МЕДИКО-ХИРУРГИЧЕСКИЙ ЦЕНТР ИМЕНИ Н.И.ПИРОГОВА" МИНИСТЕРСТВА ЗДРАВООХРАНЕНИЯ РОССИЙСКОЙ ФЕДЕРАЦИИ</fullName>
                        <shortName>ФГБУ "НМХЦ ИМ. Н.И. ПИРОГОВА" МИНЗДРАВА РОССИИ</shortName>
                        <iko>87733108569771901001</iko>
                        <inn>7733108569</inn>
                        <kpp>771901001</kpp>
                        <ogrn>1027700077668</ogrn>
                        <legalAddress>105203, Г МОСКВА, УЛ ПЕРВОМАЙСКАЯ НИЖН., дом 70</legalAddress>
                        <postalAddress>105203, Москва, ПЕРВОМАЙСКАЯ НИЖ., дом 70</postalAddress>
                        <phone>7-499-4641054</phone>
                        <email>tender@pirogov-center.ru</email>
                        <okato>45263558000</okato>
                        <okpo>55246260</okpo>
                    </mainInfo>
                </ns2:customer>
                <ns2:purchaseMethodCode>3359</ns2:purchaseMethodCode>
                <ns2:purchaseCodeName>Открытый конкурс</ns2:purchaseCodeName>
                <ns2:placer>
                    <mainInfo>
                        <fullName>ФЕДЕРАЛЬНОЕ ГОСУДАРСТВЕННОЕ БЮДЖЕТНОЕ УЧРЕЖДЕНИЕ "НАЦИОНАЛЬНЫЙ МЕДИКО-ХИРУРГИЧЕСКИЙ ЦЕНТР ИМЕНИ Н.И.ПИРОГОВА" МИНИСТЕРСТВА ЗДРАВООХРАНЕНИЯ РОССИЙСКОЙ ФЕДЕРАЦИИ</fullName>
                        <shortName>ФГБУ "НМХЦ ИМ. Н.И. ПИРОГОВА" МИНЗДРАВА РОССИИ</shortName>
                        <iko>87733108569771901001</iko>
                        <inn>7733108569</inn>
                        <kpp>771901001</kpp>
                        <ogrn>1027700077668</ogrn>
                        <legalAddress>105203, Г МОСКВА, УЛ ПЕРВОМАЙСКАЯ НИЖН., дом 70</legalAddress>
                        <postalAddress>105203, Москва, ПЕРВОМАЙСКАЯ НИЖ., дом 70</postalAddress>
                        <phone>7-499-4641054</phone>
                        <email>tender@pirogov-center.ru</email>
                        <okato>45263558000</okato>
                        <okpo>55246260</okpo>
                    </mainInfo>
                </ns2:placer>
                <ns2:contact>
                    <firstName>Дмитрий</firstName>
                    <middleName>Александрович</middleName>
                    <lastName>Козлов</lastName>
                    <phone>+7 (499) 4644154</phone>
                    <email>Tender@pirogov-center.ru</email>
                    <organization>
                        <mainInfo>
                            <fullName>ФЕДЕРАЛЬНОЕ ГОСУДАРСТВЕННОЕ БЮДЖЕТНОЕ УЧРЕЖДЕНИЕ "НАЦИОНАЛЬНЫЙ МЕДИКО-ХИРУРГИЧЕСКИЙ ЦЕНТР ИМЕНИ Н.И.ПИРОГОВА" МИНИСТЕРСТВА ЗДРАВООХРАНЕНИЯ РОССИЙСКОЙ ФЕДЕРАЦИИ</fullName>
                            <shortName>ФГБУ "НМХЦ ИМ. Н.И. ПИРОГОВА" МИНЗДРАВА РОССИИ</shortName>
                            <iko>87733108569771901001</iko>
                            <inn>7733108569</inn>
                            <kpp>771901001</kpp>
                            <ogrn>1027700077668</ogrn>
                            <legalAddress>105203, Г МОСКВА, УЛ ПЕРВОМАЙСКАЯ НИЖН., дом 70</legalAddress>
                            <postalAddress>105203, Москва, ПЕРВОМАЙСКАЯ НИЖ., дом 70</postalAddress>
                            <phone>7-499-4641054</phone>
                            <email>tender@pirogov-center.ru</email>
                            <okato>45263558000</okato>
                            <okpo>55246260</okpo>
                        </mainInfo>
                    </organization>
                </ns2:contact>
                <ns2:publicationDateTime>2017-03-16T18:24:09</ns2:publicationDateTime>
                <ns2:documentationDelivery>
                    <deliveryStartDateTime>2017-03-16</deliveryStartDateTime>
                    <deliveryEndDateTime>2017-04-05</deliveryEndDateTime>
                    <place>В соответствии с требованиями документации</place>
                    <procedure>В соответствии с требованиями документации</procedure>
                </ns2:documentationDelivery>
                <ns2:status>P</ns2:status>
                <ns2:version>1</ns2:version>
                <ns2:notDishonest>false</ns2:notDishonest>
                <ns2:attachments>
                    <totalDocumentsCount>1</totalDocumentsCount>
                    <document>
                        <guid>81ae50d6-3d48-4fcc-b02c-ddb64338b8d8</guid>
                        <createDateTime>2017-03-16T18:23:24</createDateTime>
                        <fileName>Конкурс проектные работы (407).doc</fileName>
                        <description>Конкурс проектные работы (407)</description>
                        <url>http://zakupki.gov.ru/223/purchase/public/download/download.html?id=30120685</url>
                    </document>
                </ns2:attachments>
                <ns2:modificationDate>2017-03-16T18:24:09</ns2:modificationDate>
                <ns2:saveUserId>115903</ns2:saveUserId>
                <ns2:deliveryPlaceIndication>DIFFERENT_PLACE</ns2:deliveryPlaceIndication>
                <ns2:emergency>false</ns2:emergency>
                <ns2:jointPurchase>false</ns2:jointPurchase>
                <ns2:lots>
                    <lot>
                        <guid>31f35cb7-ea4e-439b-a896-30a0c33a4fb4</guid>
                        <ordinalNumber>1</ordinalNumber>
                        <lotEditEnabled>false</lotEditEnabled>
                        <lotData>
                            <subject>Проектные работы пристроя входной группы</subject>
                            <currency>
                                <code>RUB</code>
                                <digitalCode>643</digitalCode>
                                <name>Российский рубль</name>
                            </currency>
                            <initialSum>2141465.00</initialSum>
                            <deliveryPlace>
                                <state>Центральный федеральный округ</state>
                                <region>Москва</region>
                                <regionOkato>45000000000</regionOkato>
                                <address>В соответствии с требованиями документации</address>
                            </deliveryPlace>
                            <lotItems>
                                <newCodes>true</newCodes>
                                <lotItem>
                                    <guid>04f918ec-5298-4610-8eca-d108b9cf4afc</guid>
                                    <ordinalNumber>1</ordinalNumber>
                                    <okpd2>
                                        <code>71.12.19.000</code>
                                        <name>Услуги по инженерно-техническому проектированию прочих объектов</name>
                                    </okpd2>
                                    <okved2>
                                        <code>86</code>
                                        <name>Деятельность в области здравоохранения</name>
                                    </okved2>
                                    <okei>
                                        <code>876</code>
                                        <name>Условная единица</name>
                                    </okei>
                                    <qty>1</qty>
                                </lotItem>
                            </lotItems>
                            <forSmallOrMiddle>false</forSmallOrMiddle>
                            <excludePurchaseFromPlan>false</excludePurchaseFromPlan>
                            <subcontractorsRequirement>false</subcontractorsRequirement>
                            <ignoredPurchase>false</ignoredPurchase>
                            <centralized>false</centralized>
                        </lotData>
                        <deliveryPlaceIndication>GL</deliveryPlaceIndication>
                        <jointLotData>
                            <jointLot>false</jointLot>
                        </jointLotData>
                        <lotPlanInfo>
                            <planRegistrationNumber>2170229000</planRegistrationNumber>
                            <planGuid>c7612c8c-57b5-457e-bf8d-d084df5cbb50</planGuid>
                            <positionNumber>9</positionNumber>
                            <lotPlanPosition>COMMODITY</lotPlanPosition>
                            <positionGuid>85eaecf2-f1f4-486a-9d2c-be66b8840596</positionGuid>
                        </lotPlanInfo>
                        <cancelled>false</cancelled>
                    </lot>
                </ns2:lots>
                <ns2:examinationPlace>105203, г. Москва, ул. Нижняя Первомайская, д.70.</ns2:examinationPlace>
                <ns2:examinationDateTime>2017-04-06T12:00:00</ns2:examinationDateTime>
                <ns2:envelopeOpeningPlace>105203, г. Москва, ул. Нижняя Первомайская, д.70.</ns2:envelopeOpeningPlace>
                <ns2:envelopeOpeningTime>2017-04-05T14:00:00</ns2:envelopeOpeningTime>
                <ns2:summingupPlace>105203, г. Москва, ул. Нижняя Первомайская, д.70.</ns2:summingupPlace>
                <ns2:summingupTime>2017-04-07T12:00:00</ns2:summingupTime>
                <ns2:submissionCloseDateTime>2017-04-05T10:00:00</ns2:submissionCloseDateTime>
                <ns2:publicationPlannedDate>2017-03-16</ns2:publicationPlannedDate>
            </ns2:purchaseNoticeOKData>
        </ns2:item>
    </ns2:body>
</ns2:purchaseNoticeOK>
