<?xml version="1.0" encoding="UTF-8" standalone="yes"?>
<ns2:purchaseNoticeOK xsi:schemaLocation="http://zakupki.gov.ru/223/integration/schema/TFF-5.2 http://zakupki.gov.ru/223/integration/schema/TFF-5.2/purchase.xsd" xmlns="http://zakupki.gov.ru/223fz/types/1" xmlns:ns10="http://zakupki.gov.ru/223fz/purchasePlan/1" xmlns:ns11="http://zakupki.gov.ru/223fz/purchasePlanProject/1" xmlns:ns12="http://zakupki.gov.ru/223fz/purchasePlanProjectAdditionalPosition/1" xmlns:ns13="http://zakupki.gov.ru/223fz/contract/1" xmlns:ns14="http://zakupki.gov.ru/223fz/missedNotice/1" xmlns:ns15="http://zakupki.gov.ru/223fz/reference/1" xmlns:ns16="http://zakupki.gov.ru/223fz/stopCommodity/1" xmlns:ns17="http://zakupki.gov.ru/223fz/decisionSuspension/1" xmlns:ns18="http://zakupki.gov.ru/223fz/purchasePlanAdditionalPosition/1" xmlns:ns19="http://zakupki.gov.ru/223fz/webRequest/1" xmlns:ns2="http://zakupki.gov.ru/223fz/purchase/1" xmlns:xsi="http://www.w3.org/2001/XMLSchema-instance" xmlns:ns3="http://zakupki.gov.ru/223fz/dishonestSupplier/1" xmlns:ns4="http://zakupki.gov.ru/223fz/machineryListInfo/1" xmlns:ns5="http://zakupki.gov.ru/223fz/revenue/1" xmlns:ns6="http://zakupki.gov.ru/223fz/orderClauseList/1" xmlns:ns7="http://zakupki.gov.ru/223fz/disagreementProtocol/1" xmlns:ns8="http://zakupki.gov.ru/223fz/complaint/1" xmlns:ns9="http://zakupki.gov.ru/223fz/notificationIssue/1">
    <header>
        <guid>ee31569d-2c88-4d1f-ae86-4c88c4de948d</guid>
        <createDateTime>2017-03-16T16:22:46</createDateTime>
    </header>
    <ns2:body>
        <ns2:item>
            <guid>e82c591c-4f26-461d-81c3-ef533dd6048d</guid>
            <ns2:purchaseNoticeOKData>
                <ns2:guid>e82c591c-4f26-461d-81c3-ef533dd6048d</ns2:guid>
                <ns2:createDateTime>2017-03-16T16:17:23</ns2:createDateTime>
                <ns2:urlOOS>https://zakupki.gov.ru/223/purchase/private/purchase/notice-info/details.html?noticeInfoId=5887397</ns2:urlOOS>
                <ns2:registrationNumber>31704891867</ns2:registrationNumber>
                <ns2:name>оказание услуг по оценке рыночной стоимости ставки арендной платы
за право пользования недвижимым имуществом по адресам:
111024, г. Москва, ул. Авиамоторная, д.8 стр.2
111024, г. Москва, ул. Авиамоторная, д.8А стр.5
111024, г. Москва, ул. Авиамоторная, д.8 стр.6
111024, г. Москва, ул. Авиамоторная, д.8 стр.12
111024, г. Москва, ул. Авиамоторная, д.8 стр.39
111024, г. Москва, ул. Авиамоторная, д.8 стр.3
</ns2:name>
                <ns2:customer>
                    <mainInfo>
                        <fullName>ОРДЕНА ТРУДОВОГО КРАСНОГО ЗНАМЕНИ ФЕДЕРАЛЬНОЕ ГОСУДАРСТВЕННОЕ БЮДЖЕТНОЕ ОБРАЗОВАТЕЛЬНОЕ УЧРЕЖДЕНИЕ ВЫСШЕГО ОБРАЗОВАНИЯ "МОСКОВСКИЙ ТЕХНИЧЕСКИЙ УНИВЕРСИТЕТ СВЯЗИ И ИНФОРМАТИКИ"</fullName>
                        <shortName>МТУСИ</shortName>
                        <iko>57722000820772201001</iko>
                        <inn>7722000820</inn>
                        <kpp>772201001</kpp>
                        <ogrn>1027700117191</ogrn>
                        <legalAddress>111024, Г МОСКВА, УЛ АВИАМОТОРНАЯ, дом 8А</legalAddress>
                        <postalAddress>111024, г. Москва, ул. Авиамоторная, д. 8а</postalAddress>
                        <phone>7-495-9577754</phone>
                        <fax>7-495-9577754</fax>
                        <email>lari@mtuci.ru</email>
                        <okato>45290564000</okato>
                        <okpo>01179952</okpo>
                    </mainInfo>
                </ns2:customer>
                <ns2:purchaseMethodCode>3359</ns2:purchaseMethodCode>
                <ns2:purchaseCodeName>Открытый конкурс</ns2:purchaseCodeName>
                <ns2:placer>
                    <mainInfo>
                        <fullName>ОРДЕНА ТРУДОВОГО КРАСНОГО ЗНАМЕНИ ФЕДЕРАЛЬНОЕ ГОСУДАРСТВЕННОЕ БЮДЖЕТНОЕ ОБРАЗОВАТЕЛЬНОЕ УЧРЕЖДЕНИЕ ВЫСШЕГО ОБРАЗОВАНИЯ "МОСКОВСКИЙ ТЕХНИЧЕСКИЙ УНИВЕРСИТЕТ СВЯЗИ И ИНФОРМАТИКИ"</fullName>
                        <shortName>МТУСИ</shortName>
                        <iko>57722000820772201001</iko>
                        <inn>7722000820</inn>
                        <kpp>772201001</kpp>
                        <ogrn>1027700117191</ogrn>
                        <legalAddress>111024, Г МОСКВА, УЛ АВИАМОТОРНАЯ, дом 8А</legalAddress>
                        <postalAddress>111024, г. Москва, ул. Авиамоторная, д. 8а</postalAddress>
                        <phone>7-495-9577754</phone>
                        <fax>7-495-9577754</fax>
                        <email>lari@mtuci.ru</email>
                        <okato>45290564000</okato>
                        <okpo>01179952</okpo>
                    </mainInfo>
                </ns2:placer>
                <ns2:contact>
                    <firstName>Денис</firstName>
                    <middleName>Владимирович</middleName>
                    <lastName>Давыдов</lastName>
                    <phone>+7 (495) 9577754</phone>
                    <email>dvdavydov@mtuci.ru</email>
                    <organization>
                        <mainInfo>
                            <fullName>ОРДЕНА ТРУДОВОГО КРАСНОГО ЗНАМЕНИ ФЕДЕРАЛЬНОЕ ГОСУДАРСТВЕННОЕ БЮДЖЕТНОЕ ОБРАЗОВАТЕЛЬНОЕ УЧРЕЖДЕНИЕ ВЫСШЕГО ОБРАЗОВАНИЯ "МОСКОВСКИЙ ТЕХНИЧЕСКИЙ УНИВЕРСИТЕТ СВЯЗИ И ИНФОРМАТИКИ"</fullName>
                            <shortName>МТУСИ</shortName>
                            <iko>57722000820772201001</iko>
                            <inn>7722000820</inn>
                            <kpp>772201001</kpp>
                            <ogrn>1027700117191</ogrn>
                            <legalAddress>111024, Г МОСКВА, УЛ АВИАМОТОРНАЯ, дом 8А</legalAddress>
                            <postalAddress>111024, г. Москва, ул. Авиамоторная, д. 8а</postalAddress>
                            <phone>7-495-9577754</phone>
                            <fax>7-495-9577754</fax>
                            <email>lari@mtuci.ru</email>
                            <okato>45290564000</okato>
                            <okpo>01179952</okpo>
                        </mainInfo>
                    </organization>
                </ns2:contact>
                <ns2:publicationDateTime>2017-03-16T16:22:46</ns2:publicationDateTime>
                <ns2:documentationDelivery>
                    <deliveryStartDateTime>2017-03-16</deliveryStartDateTime>
                    <deliveryEndDateTime>2017-04-06</deliveryEndDateTime>
                    <place>г.Москва, улица Авиамоторная, д.8а,
главный учебный корпус, 2-й этаж, комн.207
</place>
                    <procedure>Документация об открытом конкурсе доступна для ознакомления без взимания платы в информационно-телекоммуникационной сети «Интернет» www.zakupki.gov.ru.
При предоставлении конкурсной документации в форме документа на бумажном носителе плата взимается за изготовление копии документации и за доставку ее лицу, подавшему указанное заявление, посредством почтовой связи.
Плата за представление документации на бумажном носителе: 10 рублей за один печатный лист в установленном порядке.
При предоставлении конкурсной документации на электронном носителе плата взимается за электронный носитель 
</procedure>
                </ns2:documentationDelivery>
                <ns2:status>P</ns2:status>
                <ns2:version>2</ns2:version>
                <ns2:modificationDescription>Изменение номера комнаты места вскрытия заявок на участие в открытом конкурсе
</ns2:modificationDescription>
                <ns2:notDishonest>true</ns2:notDishonest>
                <ns2:attachments>
                    <totalDocumentsCount>3</totalDocumentsCount>
                    <document>
                        <guid>bf0188bd-03f4-4cc8-b293-498156eeff83</guid>
                        <createDateTime>2017-03-16T16:19:34</createDateTime>
                        <fileName>Документация_аренда_ОК-223-ФЗ_на сайт.docx</fileName>
                        <description>Документация_аренда_ОК-223-ФЗ_на сайт</description>
                        <url>http://zakupki.gov.ru/223/purchase/public/download/download.html?id=30116315</url>
                    </document>
                    <document>
                        <guid>57e5727f-d495-41a2-89eb-581f54433ace</guid>
                        <createDateTime>2017-03-15T12:40:15</createDateTime>
                        <fileName>Титульный лист.pdf</fileName>
                        <description>Титульный лист</description>
                        <url>http://zakupki.gov.ru/223/purchase/public/download/download.html?id=30116156</url>
                    </document>
                    <document>
                        <guid>84fb0f78-5bb0-4508-9d30-049920756427</guid>
                        <createDateTime>2017-03-15T12:40:23</createDateTime>
                        <fileName>Документация_аренда_ОК-223-ФЗ_на сайт.docx</fileName>
                        <description>Документация_аренда_ОК-223-ФЗ_на сайт</description>
                        <url>http://zakupki.gov.ru/223/purchase/public/download/download.html?id=30116157</url>
                    </document>
                </ns2:attachments>
                <ns2:modificationDate>2017-03-16T16:22:46</ns2:modificationDate>
                <ns2:saveUserId>197568</ns2:saveUserId>
                <ns2:deliveryPlaceIndication>DIFFERENT_PLACE</ns2:deliveryPlaceIndication>
                <ns2:emergency>false</ns2:emergency>
                <ns2:jointPurchase>false</ns2:jointPurchase>
                <ns2:lots>
                    <lot>
                        <guid>77f8eadb-c607-491a-96ed-eceec939bfb4</guid>
                        <ordinalNumber>1</ordinalNumber>
                        <lotEditEnabled>false</lotEditEnabled>
                        <lotData>
                            <subject>оказание услуг по оценке рыночной стоимости ставки арендной платы
за право пользования недвижимым имуществом по адресам:
111024, г. Москва, ул. Авиамоторная, д.8 стр.2
111024, г. Москва, ул. Авиамоторная, д.8А стр.5
111024, г. Москва, ул. Авиамоторная, д.8 стр.6
111024, г. Москва, ул. Авиамоторная, д.8 стр.12
111024, г. Москва, ул. Авиамоторная, д.8 стр.39
111024, г. Москва, ул. Авиамоторная, д.8 стр.3
</subject>
                            <currency>
                                <code>RUB</code>
                                <digitalCode>643</digitalCode>
                                <name>Российский рубль</name>
                            </currency>
                            <initialSum>1416666.67</initialSum>
                            <deliveryPlace>
                                <state>Центральный федеральный округ</state>
                                <region>Москва</region>
                                <regionOkato>45000000000</regionOkato>
                                <address>111024, г. Москва, ул. Авиамоторная, д.8 стр.2
111024, г. Москва, ул. Авиамоторная, д.8А стр.5
111024, г. Москва, ул. Авиамоторная, д.8 стр.6
111024, г. Москва, ул. Авиамоторная, д.8 стр.12
111024, г. Москва, ул. Авиамоторная, д.8 стр.39
111024, г. Москва, ул. Авиамоторная, д.8 стр.3

</address>
                            </deliveryPlace>
                            <lotItems>
                                <newCodes>true</newCodes>
                                <lotItem>
                                    <guid>9e81781a-8a10-47ca-b2ab-7936ac3b19a4</guid>
                                    <ordinalNumber>1</ordinalNumber>
                                    <okpd2>
                                        <code>68.31.16.120</code>
                                        <name>Услуги посреднические при оценке нежилого недвижимого имущества за вознаграждение или на договорной основе</name>
                                    </okpd2>
                                    <okved2>
                                        <code>68.31.22</code>
                                        <name>Предоставление посреднических услуг по аренде нежилого недвижимого имущества за вознаграждение или на договорной основе</name>
                                    </okved2>
                                    <okei>
                                        <code>876</code>
                                        <name>Условная единица</name>
                                    </okei>
                                    <qty>1</qty>
                                </lotItem>
                            </lotItems>
                            <forSmallOrMiddle>false</forSmallOrMiddle>
                            <excludePurchaseFromPlan>false</excludePurchaseFromPlan>
                            <subcontractorsRequirement>false</subcontractorsRequirement>
                            <ignoredPurchase>false</ignoredPurchase>
                            <centralized>false</centralized>
                        </lotData>
                        <deliveryPlaceIndication>GL</deliveryPlaceIndication>
                        <jointLotData>
                            <jointLot>false</jointLot>
                        </jointLotData>
                        <lotPlanInfo>
                            <planRegistrationNumber>2170221329</planRegistrationNumber>
                            <planGuid>663b26d4-4396-4096-8a24-2d18906ea149</planGuid>
                            <positionNumber>12</positionNumber>
                            <lotPlanPosition>COMMODITY</lotPlanPosition>
                            <positionGuid>f8a4be5a-903a-40c7-8174-29118b2be39d</positionGuid>
                        </lotPlanInfo>
                        <cancelled>false</cancelled>
                    </lot>
                </ns2:lots>
                <ns2:examinationPlace>г.Москва, улица Авиамоторная, д.8а,
главный учебный корпус, 2-й этаж, комн.207
</ns2:examinationPlace>
                <ns2:examinationDateTime>2017-04-10T17:00:00</ns2:examinationDateTime>
                <ns2:envelopeOpeningPlace>г.Москва, улица Авиамоторная, д.8а,
главный учебный корпус, 2-й этаж, комн.211
</ns2:envelopeOpeningPlace>
                <ns2:envelopeOpeningTime>2017-04-06T12:00:00</ns2:envelopeOpeningTime>
                <ns2:summingupPlace>г.Москва, улица Авиамоторная, д.8а,
главный учебный корпус, 2-й этаж, комн.207</ns2:summingupPlace>
                <ns2:summingupTime>2017-04-11T16:00:00</ns2:summingupTime>
                <ns2:submissionCloseDateTime>2017-04-06T12:00:00</ns2:submissionCloseDateTime>
                <ns2:publicationPlannedDate>2017-03-15</ns2:publicationPlannedDate>
            </ns2:purchaseNoticeOKData>
        </ns2:item>
    </ns2:body>
</ns2:purchaseNoticeOK>
