<?xml version="1.0" encoding="UTF-8" standalone="yes"?>
<ns2:performanceContract xsi:schemaLocation="http://zakupki.gov.ru/223/integration/schema/TFF-5.2 http://zakupki.gov.ru/223/integration/schema/TFF-5.2/Types.xsd" xmlns="http://zakupki.gov.ru/223fz/types/1" xmlns:ns10="http://zakupki.gov.ru/223fz/disagreementProtocol/1" xmlns:ns11="http://zakupki.gov.ru/223fz/purchase/1" xmlns:ns12="http://zakupki.gov.ru/223fz/machineryListInfo/1" xmlns:ns13="http://zakupki.gov.ru/223fz/revenue/1" xmlns:ns14="http://zakupki.gov.ru/223fz/orderClauseList/1" xmlns:ns15="http://zakupki.gov.ru/223fz/complaint/1" xmlns:ns16="http://zakupki.gov.ru/223fz/missedNotice/1" xmlns:ns17="http://zakupki.gov.ru/223fz/notificationIssue/1" xmlns:ns18="http://zakupki.gov.ru/223fz/purchasePlanProject/1" xmlns:ns19="http://zakupki.gov.ru/223fz/webRequest/1" xmlns:ns2="http://zakupki.gov.ru/223fz/contract/1" xmlns:xsi="http://www.w3.org/2001/XMLSchema-instance" xmlns:ns3="http://zakupki.gov.ru/223fz/dishonestSupplier/1" xmlns:ns4="http://zakupki.gov.ru/223fz/decisionSuspension/1" xmlns:ns5="http://zakupki.gov.ru/223fz/purchasePlanAdditionalPosition/1" xmlns:ns6="http://zakupki.gov.ru/223fz/purchasePlan/1" xmlns:ns7="http://zakupki.gov.ru/223fz/purchasePlanProjectAdditionalPosition/1" xmlns:ns8="http://zakupki.gov.ru/223fz/reference/1" xmlns:ns9="http://zakupki.gov.ru/223fz/stopCommodity/1">
    <header>
        <guid>2ce6b328-6a8f-44be-b286-af1885651f3d</guid>
        <createDateTime>2017-03-30T06:38:59</createDateTime>
    </header>
    <ns2:body>
        <ns2:item>
            <guid>06569319-1573-4181-a925-8ac8190f02c1</guid>
            <ns2:performanceContractData>
                <ns2:guid>1a47ead5-1e72-4c21-b128-bf1329bb837b</ns2:guid>
                <ns2:registrationNumber>56608002436170000300006</ns2:registrationNumber>
                <ns2:urlOOS>https://zakupki.gov.ru/223/contract/private/completing/info/view.html?id=2662098</ns2:urlOOS>
                <ns2:createDateTime>2017-02-22T08:20:52</ns2:createDateTime>
                <ns2:customer>
                    <mainInfo>
                        <fullName>Екатеринбургское муниципальное унитарное предприятие "Екатеринбургский метрополитен"</fullName>
                        <shortName>"Метрополитен"</shortName>
                        <iko>56608002436665801001</iko>
                        <inn>6608002436</inn>
                        <kpp>665801001</kpp>
                        <ogrn>1026602326068</ogrn>
                        <legalAddress>620014, Свердловская, Екатеринбург, Володарского, дом 3</legalAddress>
                        <postalAddress>620014, г. Екатеринбург, ул. Володарского, д. 3</postalAddress>
                        <phone>7-343-3580000</phone>
                        <fax>7-234-3580321</fax>
                        <email>n@metro-ektb.ru</email>
                        <okato>65401000000</okato>
                        <okpo>04867888</okpo>
                    </mainInfo>
                </ns2:customer>
                <ns2:placer>
                    <mainInfo>
                        <fullName>Екатеринбургское муниципальное унитарное предприятие "Екатеринбургский метрополитен"</fullName>
                        <shortName>"Метрополитен"</shortName>
                        <iko>56608002436665801001</iko>
                        <inn>6608002436</inn>
                        <kpp>665801001</kpp>
                        <ogrn>1026602326068</ogrn>
                        <legalAddress>620014, Свердловская, Екатеринбург, Володарского, дом 3</legalAddress>
                        <postalAddress>620014, г. Екатеринбург, ул. Володарского, д. 3</postalAddress>
                        <phone>7-343-3580000</phone>
                        <fax>7-234-3580321</fax>
                        <email>n@metro-ektb.ru</email>
                        <okato>65401000000</okato>
                        <okpo>04867888</okpo>
                    </mainInfo>
                </ns2:placer>
                <ns2:publicationDate>2017-03-30T06:38:59</ns2:publicationDate>
                <ns2:status>P</ns2:status>
                <ns2:version>1</ns2:version>
                <ns2:completed>false</ns2:completed>
                <ns2:attachments>
                    <totalDocumentsCount>1</totalDocumentsCount>
                    <document>
                        <guid>4863fb07-be81-42d0-b8ec-242068b4b606</guid>
                        <createDateTime>2017-03-30T06:38:13</createDateTime>
                        <fileName>Товарная накладная № 506 от 23.03.2017.pdf</fileName>
                        <description>Товарная накладная № 506 от 23.03.2017</description>
                        <url>https://zakupki.gov.ru/223/contract/private/download/download.html?id=11713457</url>
                        <registrationNumber>56608002436170000300007</registrationNumber>
                    </document>
                </ns2:attachments>
                <ns2:hasPenalty>false</ns2:hasPenalty>
                <ns2:contractRegNumber>56608002436170000300000</ns2:contractRegNumber>
                <ns2:contractInfo>
                    <ns2:guid>ca24ab34-f994-467f-bcc1-37e15f31b78e</ns2:guid>
                    <ns2:name>45НХ-2017</ns2:name>
                    <ns2:agencyName>"Метрополитен"</ns2:agencyName>
                    <ns2:supplierName>ОБЩЕСТВО С ОГРАНИЧЕННОЙ ОТВЕТСТВЕННОСТЬЮ ТД "ГАРАНТПОДШИПНИК"</ns2:supplierName>
                    <ns2:lotInfo>Поставка подшипников</ns2:lotInfo>
                    <ns2:contractDate>2017-02-21</ns2:contractDate>
                </ns2:contractInfo>
                <ns2:positions>
                    <ns2:position>
                        <ns2:ordinal>1</ns2:ordinal>
                        <ns2:paymentDate>2017-03-23</ns2:paymentDate>
                        <ns2:price>0</ns2:price>
                        <ns2:currency>
                            <code>RUB</code>
                            <digitalCode>643</digitalCode>
                            <name>Российский рубль</name>
                        </ns2:currency>
                        <ns2:rubPrice>0</ns2:rubPrice>
                        <ns2:prepaid>false</ns2:prepaid>
                        <ns2:docs>
                            <ns2:doc>
                                <ns2:ordinal>1</ns2:ordinal>
                                <ns2:date>2017-03-23</ns2:date>
                                <ns2:code>01</ns2:code>
                                <ns2:name>товарная накладная</ns2:name>
                                <ns2:number>506</ns2:number>
                                <ns2:contractPosition>
                                    <ns2:guid>15a116cd-cbf2-444f-aa04-44324b40739a</ns2:guid>
                                    <ns2:name>Подшипники, зубчатые колеса, зубчатые передачи и элементы приводов</ns2:name>
                                    <ns2:okpd2>
                                        <code>28.15</code>
                                        <name>Подшипники, зубчатые колеса, зубчатые передачи и элементы приводов</name>
                                    </ns2:okpd2>
                                </ns2:contractPosition>
                                <ns2:okei>
                                    <code>796</code>
                                    <name>Штука</name>
                                </ns2:okei>
                                <ns2:qty>207</ns2:qty>
                            </ns2:doc>
                        </ns2:docs>
                    </ns2:position>
                    <ns2:total>0</ns2:total>
                </ns2:positions>
            </ns2:performanceContractData>
        </ns2:item>
    </ns2:body>
</ns2:performanceContract>
