<?xml version="1.0" encoding="UTF-8" standalone="yes"?>
<ns2:performanceContract xsi:schemaLocation="http://zakupki.gov.ru/223/integration/schema/TFF-5.2 http://zakupki.gov.ru/223/integration/schema/TFF-5.2/Types.xsd" xmlns="http://zakupki.gov.ru/223fz/types/1" xmlns:ns10="http://zakupki.gov.ru/223fz/disagreementProtocol/1" xmlns:ns11="http://zakupki.gov.ru/223fz/purchase/1" xmlns:ns12="http://zakupki.gov.ru/223fz/machineryListInfo/1" xmlns:ns13="http://zakupki.gov.ru/223fz/revenue/1" xmlns:ns14="http://zakupki.gov.ru/223fz/orderClauseList/1" xmlns:ns15="http://zakupki.gov.ru/223fz/complaint/1" xmlns:ns16="http://zakupki.gov.ru/223fz/missedNotice/1" xmlns:ns17="http://zakupki.gov.ru/223fz/notificationIssue/1" xmlns:ns18="http://zakupki.gov.ru/223fz/purchasePlanProject/1" xmlns:ns19="http://zakupki.gov.ru/223fz/webRequest/1" xmlns:ns2="http://zakupki.gov.ru/223fz/contract/1" xmlns:xsi="http://www.w3.org/2001/XMLSchema-instance" xmlns:ns3="http://zakupki.gov.ru/223fz/dishonestSupplier/1" xmlns:ns4="http://zakupki.gov.ru/223fz/decisionSuspension/1" xmlns:ns5="http://zakupki.gov.ru/223fz/purchasePlanAdditionalPosition/1" xmlns:ns6="http://zakupki.gov.ru/223fz/purchasePlan/1" xmlns:ns7="http://zakupki.gov.ru/223fz/purchasePlanProjectAdditionalPosition/1" xmlns:ns8="http://zakupki.gov.ru/223fz/reference/1" xmlns:ns9="http://zakupki.gov.ru/223fz/stopCommodity/1">
    <header>
        <guid>bc6c129e-ae8b-4790-8091-02a2f3d27820</guid>
        <createDateTime>2017-03-30T13:22:48</createDateTime>
    </header>
    <ns2:body>
        <ns2:item>
            <guid>663a4584-cc71-4323-a26c-e09ed2733626</guid>
            <ns2:performanceContractData>
                <ns2:guid>b717843d-c71b-48e8-872a-d66d301e6210</ns2:guid>
                <ns2:registrationNumber>86664033808160001440003</ns2:registrationNumber>
                <ns2:urlOOS>https://zakupki.gov.ru/223/contract/private/completing/info/view.html?id=2561213</ns2:urlOOS>
                <ns2:createDateTime>2016-12-26T09:41:08</ns2:createDateTime>
                <ns2:customer>
                    <mainInfo>
                        <fullName>МУНИЦИПАЛЬНОЕ АВТОНОМНОЕ УЧРЕЖДЕНИЕ "ЦЕНТРАЛЬНАЯ ГОРОДСКАЯ КЛИНИЧЕСКАЯ БОЛЬНИЦА № 24"</fullName>
                        <shortName>МАУ "ЦГКБ № 24"</shortName>
                        <iko>86664033808667401001</iko>
                        <inn>6664033808</inn>
                        <kpp>667901001</kpp>
                        <ogrn>1026605776922</ogrn>
                        <legalAddress>620085, обл СВЕРДЛОВСКАЯ, г ЕКАТЕРИНБУРГ, пер РИЖСКИЙ, дом 16</legalAddress>
                        <postalAddress>620085 г. Екатеринбург пер. Рижский 16</postalAddress>
                        <phone>7-343-2972800</phone>
                        <email>lav@cgkb24.ru</email>
                        <okato>65401390000</okato>
                        <okpo>01944306</okpo>
                    </mainInfo>
                </ns2:customer>
                <ns2:placer>
                    <mainInfo>
                        <fullName>МУНИЦИПАЛЬНОЕ АВТОНОМНОЕ УЧРЕЖДЕНИЕ "ЦЕНТРАЛЬНАЯ ГОРОДСКАЯ КЛИНИЧЕСКАЯ БОЛЬНИЦА № 24"</fullName>
                        <shortName>МАУ "ЦГКБ № 24"</shortName>
                        <iko>86664033808667401001</iko>
                        <inn>6664033808</inn>
                        <kpp>667901001</kpp>
                        <ogrn>1026605776922</ogrn>
                        <legalAddress>620085, обл СВЕРДЛОВСКАЯ, г ЕКАТЕРИНБУРГ, пер РИЖСКИЙ, дом 16</legalAddress>
                        <postalAddress>620085 г. Екатеринбург пер. Рижский 16</postalAddress>
                        <phone>7-343-2972800</phone>
                        <email>lav@cgkb24.ru</email>
                        <okato>65401390000</okato>
                        <okpo>01944306</okpo>
                    </mainInfo>
                </ns2:placer>
                <ns2:publicationDate>2017-03-30T13:22:48</ns2:publicationDate>
                <ns2:status>P</ns2:status>
                <ns2:version>1</ns2:version>
                <ns2:completed>true</ns2:completed>
                <ns2:attachments>
                    <totalDocumentsCount>3</totalDocumentsCount>
                    <document>
                        <guid>fd63b01f-a4d3-4c02-9709-0e260f8b8925</guid>
                        <createDateTime>2017-03-13T12:39:20</createDateTime>
                        <fileName>пп123546, пп123548, пп123547, тн Ц4-0012485.pdf</fileName>
                        <description>пп123546, пп123548, пп123547, тн Ц4-0012485</description>
                        <url>https://zakupki.gov.ru/223/contract/private/download/download.html?id=11238306</url>
                        <registrationNumber>86664033808160001440004</registrationNumber>
                    </document>
                    <document>
                        <guid>569208af-68fc-45c8-9ff0-f718d6ad641f</guid>
                        <createDateTime>2017-03-30T13:17:29</createDateTime>
                        <fileName>пп184182, пп 184183, пп 184181, тн Ц4-12485-2.pdf</fileName>
                        <description>пп184182, пп 184183, пп 184181, тн Ц4-12485-2</description>
                        <url>https://zakupki.gov.ru/223/contract/private/download/download.html?id=11734724</url>
                        <registrationNumber>86664033808160001440005</registrationNumber>
                    </document>
                    <document>
                        <guid>2c264b52-a117-43ff-b474-f8c6907239e2</guid>
                        <createDateTime>2017-03-14T08:56:11</createDateTime>
                        <fileName>пп126446, пп 126447, пп 126448, тн Ц4-12485-1.pdf</fileName>
                        <description>пп126446, пп 126447, пп 126448, тн Ц4-12485-1</description>
                        <url>https://zakupki.gov.ru/223/contract/private/download/download.html?id=11261102</url>
                        <registrationNumber>86664033808160001440006</registrationNumber>
                    </document>
                </ns2:attachments>
                <ns2:hasPenalty>false</ns2:hasPenalty>
                <ns2:contractRegNumber>86664033808160001440000</ns2:contractRegNumber>
                <ns2:contractInfo>
                    <ns2:guid>5f6292f7-902a-41ab-b265-6df9ffd91680</ns2:guid>
                    <ns2:name>24-00001116/17-43к</ns2:name>
                    <ns2:agencyName>МАУ "ЦГКБ № 24"</ns2:agencyName>
                    <ns2:supplierName>ОБЩЕСТВО С ОГРАНИЧЕННОЙ ОТВЕТСТВЕННОСТЬЮ "МО "ОТДЕЛ МЕДИЦИНСКОЙ ТЕХНИКИ"</ns2:supplierName>
                    <ns2:lotInfo>Расходные материалы для стерилизации на 2017 год</ns2:lotInfo>
                    <ns2:contractDate>2016-12-23</ns2:contractDate>
                </ns2:contractInfo>
                <ns2:positions>
                    <ns2:position>
                        <ns2:ordinal>3</ns2:ordinal>
                        <ns2:paymentDate>2017-03-27</ns2:paymentDate>
                        <ns2:price>27060</ns2:price>
                        <ns2:currency>
                            <code>RUB</code>
                            <digitalCode>643</digitalCode>
                            <name>Российский рубль</name>
                        </ns2:currency>
                        <ns2:rubPrice>27060</ns2:rubPrice>
                        <ns2:prepaid>false</ns2:prepaid>
                        <ns2:docs>
                            <ns2:doc>
                                <ns2:ordinal>1</ns2:ordinal>
                                <ns2:date>2017-03-20</ns2:date>
                                <ns2:code>01</ns2:code>
                                <ns2:name>товарная накладная</ns2:name>
                                <ns2:number>Ц4-12485-2</ns2:number>
                                <ns2:contractPosition>
                                    <ns2:guid>7c850db2-143f-4779-b536-17d227f1181c</ns2:guid>
                                    <ns2:name>Индикаторы</ns2:name>
                                    <ns2:okpd2>
                                        <code>20.59.52.192</code>
                                        <name>Индикаторы</name>
                                    </ns2:okpd2>
                                </ns2:contractPosition>
                                <ns2:okei>
                                    <code>778</code>
                                    <name>Упаковка</name>
                                </ns2:okei>
                                <ns2:qty>215</ns2:qty>
                            </ns2:doc>
                        </ns2:docs>
                    </ns2:position>
                    <ns2:position>
                        <ns2:ordinal>1</ns2:ordinal>
                        <ns2:paymentDate>2017-03-07</ns2:paymentDate>
                        <ns2:price>74386</ns2:price>
                        <ns2:currency>
                            <code>RUB</code>
                            <digitalCode>643</digitalCode>
                            <name>Российский рубль</name>
                        </ns2:currency>
                        <ns2:rubPrice>74386</ns2:rubPrice>
                        <ns2:prepaid>false</ns2:prepaid>
                        <ns2:docs>
                            <ns2:doc>
                                <ns2:ordinal>1</ns2:ordinal>
                                <ns2:date>2017-02-28</ns2:date>
                                <ns2:code>01</ns2:code>
                                <ns2:name>товарная накладная</ns2:name>
                                <ns2:number>Ц4-0012485</ns2:number>
                                <ns2:contractPosition>
                                    <ns2:guid>7c850db2-143f-4779-b536-17d227f1181c</ns2:guid>
                                    <ns2:name>Индикаторы</ns2:name>
                                    <ns2:okpd2>
                                        <code>20.59.52.192</code>
                                        <name>Индикаторы</name>
                                    </ns2:okpd2>
                                </ns2:contractPosition>
                                <ns2:okei>
                                    <code>876</code>
                                    <name>Условная единица</name>
                                </ns2:okei>
                                <ns2:qty>451</ns2:qty>
                            </ns2:doc>
                        </ns2:docs>
                    </ns2:position>
                    <ns2:position>
                        <ns2:ordinal>2</ns2:ordinal>
                        <ns2:paymentDate>2017-03-09</ns2:paymentDate>
                        <ns2:price>7728</ns2:price>
                        <ns2:currency>
                            <code>RUB</code>
                            <digitalCode>643</digitalCode>
                            <name>Российский рубль</name>
                        </ns2:currency>
                        <ns2:rubPrice>7728</ns2:rubPrice>
                        <ns2:prepaid>false</ns2:prepaid>
                        <ns2:docs>
                            <ns2:doc>
                                <ns2:ordinal>1</ns2:ordinal>
                                <ns2:date>2017-03-02</ns2:date>
                                <ns2:code>01</ns2:code>
                                <ns2:name>товарная накладная</ns2:name>
                                <ns2:number>Ц4-12485-1</ns2:number>
                                <ns2:contractPosition>
                                    <ns2:guid>7c850db2-143f-4779-b536-17d227f1181c</ns2:guid>
                                    <ns2:name>Индикаторы</ns2:name>
                                    <ns2:okpd2>
                                        <code>20.59.52.192</code>
                                        <name>Индикаторы</name>
                                    </ns2:okpd2>
                                </ns2:contractPosition>
                                <ns2:okei>
                                    <code>778</code>
                                    <name>Упаковка</name>
                                </ns2:okei>
                                <ns2:qty>28</ns2:qty>
                            </ns2:doc>
                        </ns2:docs>
                    </ns2:position>
                    <ns2:total>109174</ns2:total>
                </ns2:positions>
            </ns2:performanceContractData>
        </ns2:item>
    </ns2:body>
</ns2:performanceContract>
