<?xml version="1.0" encoding="UTF-8" standalone="yes"?>
<ns2:performanceContract xsi:schemaLocation="http://zakupki.gov.ru/223/integration/schema/TFF-5.2 http://zakupki.gov.ru/223/integration/schema/TFF-5.2/Types.xsd" xmlns="http://zakupki.gov.ru/223fz/types/1" xmlns:ns10="http://zakupki.gov.ru/223fz/disagreementProtocol/1" xmlns:ns11="http://zakupki.gov.ru/223fz/purchase/1" xmlns:ns12="http://zakupki.gov.ru/223fz/machineryListInfo/1" xmlns:ns13="http://zakupki.gov.ru/223fz/revenue/1" xmlns:ns14="http://zakupki.gov.ru/223fz/orderClauseList/1" xmlns:ns15="http://zakupki.gov.ru/223fz/complaint/1" xmlns:ns16="http://zakupki.gov.ru/223fz/missedNotice/1" xmlns:ns17="http://zakupki.gov.ru/223fz/notificationIssue/1" xmlns:ns18="http://zakupki.gov.ru/223fz/purchasePlanProject/1" xmlns:ns19="http://zakupki.gov.ru/223fz/webRequest/1" xmlns:ns2="http://zakupki.gov.ru/223fz/contract/1" xmlns:xsi="http://www.w3.org/2001/XMLSchema-instance" xmlns:ns3="http://zakupki.gov.ru/223fz/dishonestSupplier/1" xmlns:ns4="http://zakupki.gov.ru/223fz/decisionSuspension/1" xmlns:ns5="http://zakupki.gov.ru/223fz/purchasePlanAdditionalPosition/1" xmlns:ns6="http://zakupki.gov.ru/223fz/purchasePlan/1" xmlns:ns7="http://zakupki.gov.ru/223fz/purchasePlanProjectAdditionalPosition/1" xmlns:ns8="http://zakupki.gov.ru/223fz/reference/1" xmlns:ns9="http://zakupki.gov.ru/223fz/stopCommodity/1">
    <header>
        <guid>e18a28c1-83f3-4d7e-957e-3e51f1180fa7</guid>
        <createDateTime>2017-03-30T09:53:47</createDateTime>
    </header>
    <ns2:body>
        <ns2:item>
            <guid>b17ba3b8-d4db-4f18-b2bc-66a9f34abd26</guid>
            <ns2:performanceContractData>
                <ns2:guid>8b0a13a3-9166-4755-9299-058394075dd6</ns2:guid>
                <ns2:registrationNumber>56671326347170000050003</ns2:registrationNumber>
                <ns2:urlOOS>https://zakupki.gov.ru/223/contract/private/completing/info/view.html?id=2663751</ns2:urlOOS>
                <ns2:createDateTime>2017-03-29T08:53:54</ns2:createDateTime>
                <ns2:customer>
                    <mainInfo>
                        <fullName>АКЦИОНЕРНОЕ ОБЩЕСТВО "КОРПОРАЦИЯ РАЗВИТИЯ СРЕДНЕГО УРАЛА"</fullName>
                        <shortName>АО "КРСУ"</shortName>
                        <iko>56671326347667001001</iko>
                        <inn>6671326347</inn>
                        <kpp>668501001</kpp>
                        <ogrn>1106671013206</ogrn>
                        <legalAddress>620075, ОБЛ СВЕРДЛОВСКАЯ, Г ЕКАТЕРИНБУРГ, ПР-КТ ЛЕНИНА, дом ДОМ 50"Б", офис (квартира) ОФИС 323</legalAddress>
                        <postalAddress>620075, дом 50, корпус Б, офис (квартира) 323</postalAddress>
                        <phone>7-343-3859558</phone>
                        <fax>7-343-3859558</fax>
                        <email>nkuzmenko@investural.com</email>
                        <okato>65401377000</okato>
                        <okpo>67722375</okpo>
                    </mainInfo>
                </ns2:customer>
                <ns2:placer>
                    <mainInfo>
                        <fullName>АКЦИОНЕРНОЕ ОБЩЕСТВО "КОРПОРАЦИЯ РАЗВИТИЯ СРЕДНЕГО УРАЛА"</fullName>
                        <shortName>АО "КРСУ"</shortName>
                        <iko>56671326347667001001</iko>
                        <inn>6671326347</inn>
                        <kpp>668501001</kpp>
                        <ogrn>1106671013206</ogrn>
                        <legalAddress>620075, ОБЛ СВЕРДЛОВСКАЯ, Г ЕКАТЕРИНБУРГ, ПР-КТ ЛЕНИНА, дом ДОМ 50"Б", офис (квартира) ОФИС 323</legalAddress>
                        <postalAddress>620075, дом 50, корпус Б, офис (квартира) 323</postalAddress>
                        <phone>7-343-3859558</phone>
                        <fax>7-343-3859558</fax>
                        <email>nkuzmenko@investural.com</email>
                        <okato>65401377000</okato>
                        <okpo>67722375</okpo>
                    </mainInfo>
                </ns2:placer>
                <ns2:publicationDate>2017-03-30T09:53:47</ns2:publicationDate>
                <ns2:status>P</ns2:status>
                <ns2:version>1</ns2:version>
                <ns2:completed>false</ns2:completed>
                <ns2:attachments>
                    <totalDocumentsCount>2</totalDocumentsCount>
                    <document>
                        <guid>64fd2a1f-6c3e-42e0-996d-fee5058c2c68</guid>
                        <createDateTime>2017-03-30T09:52:38</createDateTime>
                        <fileName>Платежное поручение N 507 от 29.03.2017.rtf</fileName>
                        <description>Платежное поручение N 507 от 29.03.2017</description>
                        <url>https://zakupki.gov.ru/223/contract/private/download/download.html?id=11721522</url>
                        <registrationNumber>56671326347170000050004</registrationNumber>
                    </document>
                    <document>
                        <guid>b78e9b0e-5277-49e9-9353-edb985e5e98b</guid>
                        <createDateTime>2017-03-30T09:52:30</createDateTime>
                        <fileName>счет КРСУ от 27.03.pdf</fileName>
                        <description>счет КРСУ от 27.03</description>
                        <url>https://zakupki.gov.ru/223/contract/private/download/download.html?id=11721512</url>
                        <registrationNumber>56671326347170000050005</registrationNumber>
                    </document>
                </ns2:attachments>
                <ns2:hasPenalty>false</ns2:hasPenalty>
                <ns2:contractRegNumber>56671326347170000050000</ns2:contractRegNumber>
                <ns2:contractInfo>
                    <ns2:guid>425940e0-558a-456e-a69b-7ecb7d24a992</ns2:guid>
                    <ns2:agencyName>АО "КРСУ"</ns2:agencyName>
                    <ns2:supplierName>Общество с ограниченной ответственностью "Индастриал Инвест энд Кэпиталз"</ns2:supplierName>
                    <ns2:lotInfo>Оказание услуг по организации участия представителей заказчика  в бизнес-миссии индустриальных парков Японии и Республике Корее</ns2:lotInfo>
                    <ns2:contractDate>2017-03-27</ns2:contractDate>
                </ns2:contractInfo>
                <ns2:positions>
                    <ns2:position>
                        <ns2:ordinal>1</ns2:ordinal>
                        <ns2:paymentDate>2017-03-29</ns2:paymentDate>
                        <ns2:price>130000</ns2:price>
                        <ns2:currency>
                            <code>RUB</code>
                            <digitalCode>643</digitalCode>
                            <name>Российский рубль</name>
                        </ns2:currency>
                        <ns2:rubPrice>130000</ns2:rubPrice>
                        <ns2:prepaid>true</ns2:prepaid>
                    </ns2:position>
                    <ns2:total>130000</ns2:total>
                </ns2:positions>
            </ns2:performanceContractData>
        </ns2:item>
    </ns2:body>
</ns2:performanceContract>
