<?xml version="1.0" encoding="UTF-8" standalone="yes"?>
<ns2:performanceContract xsi:schemaLocation="http://zakupki.gov.ru/223/integration/schema/TFF-5.2 http://zakupki.gov.ru/223/integration/schema/TFF-5.2/Types.xsd" xmlns="http://zakupki.gov.ru/223fz/types/1" xmlns:ns10="http://zakupki.gov.ru/223fz/disagreementProtocol/1" xmlns:ns11="http://zakupki.gov.ru/223fz/purchase/1" xmlns:ns12="http://zakupki.gov.ru/223fz/machineryListInfo/1" xmlns:ns13="http://zakupki.gov.ru/223fz/revenue/1" xmlns:ns14="http://zakupki.gov.ru/223fz/orderClauseList/1" xmlns:ns15="http://zakupki.gov.ru/223fz/complaint/1" xmlns:ns16="http://zakupki.gov.ru/223fz/missedNotice/1" xmlns:ns17="http://zakupki.gov.ru/223fz/notificationIssue/1" xmlns:ns18="http://zakupki.gov.ru/223fz/purchasePlanProject/1" xmlns:ns19="http://zakupki.gov.ru/223fz/webRequest/1" xmlns:ns2="http://zakupki.gov.ru/223fz/contract/1" xmlns:xsi="http://www.w3.org/2001/XMLSchema-instance" xmlns:ns3="http://zakupki.gov.ru/223fz/dishonestSupplier/1" xmlns:ns4="http://zakupki.gov.ru/223fz/decisionSuspension/1" xmlns:ns5="http://zakupki.gov.ru/223fz/purchasePlanAdditionalPosition/1" xmlns:ns6="http://zakupki.gov.ru/223fz/purchasePlan/1" xmlns:ns7="http://zakupki.gov.ru/223fz/purchasePlanProjectAdditionalPosition/1" xmlns:ns8="http://zakupki.gov.ru/223fz/reference/1" xmlns:ns9="http://zakupki.gov.ru/223fz/stopCommodity/1">
    <header>
        <guid>48a25b86-7404-44bf-a53c-a473900544ab</guid>
        <createDateTime>2017-03-30T09:34:37</createDateTime>
    </header>
    <ns2:body>
        <ns2:item>
            <guid>29da736c-8236-4d58-be9b-1cc26f84464e</guid>
            <ns2:performanceContractData>
                <ns2:guid>20075d1d-f23c-45f3-9852-99a17708ea3f</ns2:guid>
                <ns2:registrationNumber>86670081969160005640010</ns2:registrationNumber>
                <ns2:urlOOS>https://zakupki.gov.ru/223/contract/private/completing/info/view.html?id=2663547</ns2:urlOOS>
                <ns2:createDateTime>2016-12-29T07:47:14</ns2:createDateTime>
                <ns2:customer>
                    <mainInfo>
                        <fullName>Федеральное бюджетное учреждение здравоохранения "Центр гигиены и эпидемиологии в Свердловской области"</fullName>
                        <shortName>ФБУЗ "Центр гигиены и эпидемиологии в Свердловской области"</shortName>
                        <iko>86670081969667001001</iko>
                        <inn>6670081969</inn>
                        <kpp>667001001</kpp>
                        <ogrn>1056603530510</ogrn>
                        <legalAddress>620078, Свердловская, Екатеринбург, Отдельный, дом 3</legalAddress>
                        <postalAddress>620078, г. Екатеринбург, пер. Отдельный, 3</postalAddress>
                        <phone>7-343-2701594</phone>
                        <fax>7-343-3628716</fax>
                        <email>mail@66.rospotrebnadzor.ru</email>
                        <okato>65401373000</okato>
                        <okpo>01944619</okpo>
                    </mainInfo>
                </ns2:customer>
                <ns2:placer>
                    <mainInfo>
                        <fullName>Федеральное бюджетное учреждение здравоохранения "Центр гигиены и эпидемиологии в Свердловской области"</fullName>
                        <shortName>ФБУЗ "Центр гигиены и эпидемиологии в Свердловской области"</shortName>
                        <iko>86670081969667001001</iko>
                        <inn>6670081969</inn>
                        <kpp>667001001</kpp>
                        <ogrn>1056603530510</ogrn>
                        <legalAddress>620078, Свердловская, Екатеринбург, Отдельный, дом 3</legalAddress>
                        <postalAddress>620078, г. Екатеринбург, пер. Отдельный, 3</postalAddress>
                        <phone>7-343-2701594</phone>
                        <fax>7-343-3628716</fax>
                        <email>mail@66.rospotrebnadzor.ru</email>
                        <okato>65401373000</okato>
                        <okpo>01944619</okpo>
                    </mainInfo>
                </ns2:placer>
                <ns2:publicationDate>2017-03-30T09:34:37</ns2:publicationDate>
                <ns2:status>P</ns2:status>
                <ns2:version>2</ns2:version>
                <ns2:completed>false</ns2:completed>
                <ns2:modificationDescription>исправление суммы</ns2:modificationDescription>
                <ns2:attachments>
                    <totalDocumentsCount>9</totalDocumentsCount>
                    <document>
                        <guid>d6ccac9a-e569-423f-bef6-c8126c19d3a2</guid>
                        <createDateTime>2017-03-30T09:33:57</createDateTime>
                        <fileName>Акт январь УралПрокат.jpg</fileName>
                        <description>Акт январь УралПрокат</description>
                        <url>https://zakupki.gov.ru/223/contract/private/download/download.html?id=11720546</url>
                        <registrationNumber>86670081969160005640011</registrationNumber>
                    </document>
                    <document>
                        <guid>3d52f247-8005-4b58-957a-4bbde843d71a</guid>
                        <createDateTime>2017-03-30T09:34:17</createDateTime>
                        <fileName>Платеж за январь УралПрокат.jpg</fileName>
                        <description>Платеж за январь УралПрокат</description>
                        <url>https://zakupki.gov.ru/223/contract/private/download/download.html?id=11720579</url>
                        <registrationNumber>86670081969160005640012</registrationNumber>
                    </document>
                    <document>
                        <guid>3155565a-329b-485d-88b3-92d0865a620a</guid>
                        <createDateTime>2017-03-30T09:33:47</createDateTime>
                        <fileName>Акт март УралПрокат.jpg</fileName>
                        <description>Акт март УралПрокат</description>
                        <url>https://zakupki.gov.ru/223/contract/private/download/download.html?id=11720535</url>
                        <registrationNumber>86670081969160005640013</registrationNumber>
                    </document>
                    <document>
                        <guid>69b12d9e-13a9-43bf-8866-fe851c430f22</guid>
                        <createDateTime>2017-03-30T09:32:59</createDateTime>
                        <fileName>отчет 03.doc</fileName>
                        <description>отчет 03</description>
                        <url>https://zakupki.gov.ru/223/contract/private/download/download.html?id=11720503</url>
                        <registrationNumber>86670081969160005640014</registrationNumber>
                    </document>
                    <document>
                        <guid>b7bae72f-fa2b-4d95-8944-8c19124b8274</guid>
                        <createDateTime>2017-03-30T09:34:07</createDateTime>
                        <fileName>Платеж за март УралПрокат.jpg</fileName>
                        <description>Платеж за март УралПрокат</description>
                        <url>https://zakupki.gov.ru/223/contract/private/download/download.html?id=11720567</url>
                        <registrationNumber>86670081969160005640015</registrationNumber>
                    </document>
                    <document>
                        <guid>531f7704-8606-41f3-a79d-40d4da3268e7</guid>
                        <createDateTime>2017-03-30T09:32:24</createDateTime>
                        <fileName>Акт 03.jpg</fileName>
                        <description>Акт 03</description>
                        <url>https://zakupki.gov.ru/223/contract/private/download/download.html?id=11720473</url>
                        <registrationNumber>86670081969160005640016</registrationNumber>
                    </document>
                    <document>
                        <guid>31781157-0e5f-44ae-ae04-309b1ca9495f</guid>
                        <createDateTime>2017-03-30T09:33:51</createDateTime>
                        <fileName>Акт февраль УралПрокат.jpg</fileName>
                        <description>Акт февраль УралПрокат</description>
                        <url>https://zakupki.gov.ru/223/contract/private/download/download.html?id=11720540</url>
                        <registrationNumber>86670081969160005640017</registrationNumber>
                    </document>
                    <document>
                        <guid>33831a17-d1f7-4248-b38c-0f8bbf799694</guid>
                        <createDateTime>2017-03-30T09:34:13</createDateTime>
                        <fileName>Платеж за февраль УралПрокат.jpg</fileName>
                        <description>Платеж за февраль УралПрокат</description>
                        <url>https://zakupki.gov.ru/223/contract/private/download/download.html?id=11720574</url>
                        <registrationNumber>86670081969160005640018</registrationNumber>
                    </document>
                    <document>
                        <guid>4f0b44c2-94a5-452d-a575-56bf1d923c4c</guid>
                        <createDateTime>2017-03-30T09:32:52</createDateTime>
                        <fileName>пп 03.jpg</fileName>
                        <description>пп 03</description>
                        <url>https://zakupki.gov.ru/223/contract/private/download/download.html?id=11720494</url>
                        <registrationNumber>86670081969160005640019</registrationNumber>
                    </document>
                </ns2:attachments>
                <ns2:hasPenalty>false</ns2:hasPenalty>
                <ns2:contractRegNumber>86670081969160005640000</ns2:contractRegNumber>
                <ns2:contractInfo>
                    <ns2:guid>b0fd6b56-d682-473a-96f4-aa410cbb5de7</ns2:guid>
                    <ns2:name>519</ns2:name>
                    <ns2:agencyName>ФБУЗ "Центр гигиены и эпидемиологии в Свердловской области"</ns2:agencyName>
                    <ns2:supplierName>ОБЩЕСТВО С ОГРАНИЧЕННОЙ ОТВЕТСТВЕННОСТЬЮ "УРАЛПРОКАТ"</ns2:supplierName>
                    <ns2:lotInfo>оказание услуг  по заправке и восстановлению картриджей для принтеров     в филиале ФБУЗ </ns2:lotInfo>
                    <ns2:contractDate>2016-12-26</ns2:contractDate>
                </ns2:contractInfo>
                <ns2:positions>
                    <ns2:position>
                        <ns2:ordinal>1</ns2:ordinal>
                        <ns2:paymentDate>2017-03-22</ns2:paymentDate>
                        <ns2:price>20600</ns2:price>
                        <ns2:currency>
                            <code>RUB</code>
                            <digitalCode>643</digitalCode>
                            <name>Российский рубль</name>
                        </ns2:currency>
                        <ns2:rubPrice>20600</ns2:rubPrice>
                        <ns2:prepaid>false</ns2:prepaid>
                        <ns2:docs>
                            <ns2:doc>
                                <ns2:ordinal>2</ns2:ordinal>
                                <ns2:date>2017-02-09</ns2:date>
                                <ns2:code>20</ns2:code>
                                <ns2:name>акт выполненных работ</ns2:name>
                                <ns2:number>84</ns2:number>
                                <ns2:contractPosition>
                                    <ns2:guid>95683ddd-3d35-49b8-aef6-32f0b15aff71</ns2:guid>
                                    <ns2:name>Услуги по запрвке и восстановлению картриджей для принтеров</ns2:name>
                                    <ns2:okpd2>
                                        <code>95.11.10.000</code>
                                        <name>Услуги по ремонту компьютеров и периферийного оборудования</name>
                                    </ns2:okpd2>
                                </ns2:contractPosition>
                                <ns2:okei>
                                    <code>876</code>
                                    <name>Условная единица</name>
                                </ns2:okei>
                                <ns2:qty>1</ns2:qty>
                            </ns2:doc>
                            <ns2:doc>
                                <ns2:ordinal>1</ns2:ordinal>
                                <ns2:date>2017-01-17</ns2:date>
                                <ns2:code>20</ns2:code>
                                <ns2:name>акт выполненных работ</ns2:name>
                                <ns2:number>12</ns2:number>
                                <ns2:contractPosition>
                                    <ns2:guid>95683ddd-3d35-49b8-aef6-32f0b15aff71</ns2:guid>
                                    <ns2:name>Услуги по запрвке и восстановлению картриджей для принтеров</ns2:name>
                                    <ns2:okpd2>
                                        <code>95.11.10.000</code>
                                        <name>Услуги по ремонту компьютеров и периферийного оборудования</name>
                                    </ns2:okpd2>
                                </ns2:contractPosition>
                                <ns2:okei>
                                    <code>876</code>
                                    <name>Условная единица</name>
                                </ns2:okei>
                                <ns2:qty>1</ns2:qty>
                            </ns2:doc>
                            <ns2:doc>
                                <ns2:ordinal>3</ns2:ordinal>
                                <ns2:date>2017-03-14</ns2:date>
                                <ns2:code>20</ns2:code>
                                <ns2:name>акт выполненных работ</ns2:name>
                                <ns2:number>1103</ns2:number>
                                <ns2:contractPosition>
                                    <ns2:guid>95683ddd-3d35-49b8-aef6-32f0b15aff71</ns2:guid>
                                    <ns2:name>Услуги по запрвке и восстановлению картриджей для принтеров</ns2:name>
                                    <ns2:okpd2>
                                        <code>95.11.10.000</code>
                                        <name>Услуги по ремонту компьютеров и периферийного оборудования</name>
                                    </ns2:okpd2>
                                </ns2:contractPosition>
                                <ns2:okei>
                                    <code>876</code>
                                    <name>Условная единица</name>
                                </ns2:okei>
                                <ns2:qty>1</ns2:qty>
                            </ns2:doc>
                            <ns2:doc>
                                <ns2:ordinal>4</ns2:ordinal>
                                <ns2:date>2017-03-22</ns2:date>
                                <ns2:code>20</ns2:code>
                                <ns2:name>акт выполненных работ</ns2:name>
                                <ns2:number>1123</ns2:number>
                                <ns2:contractPosition>
                                    <ns2:guid>95683ddd-3d35-49b8-aef6-32f0b15aff71</ns2:guid>
                                    <ns2:name>Услуги по запрвке и восстановлению картриджей для принтеров</ns2:name>
                                    <ns2:okpd2>
                                        <code>95.11.10.000</code>
                                        <name>Услуги по ремонту компьютеров и периферийного оборудования</name>
                                    </ns2:okpd2>
                                </ns2:contractPosition>
                                <ns2:okei>
                                    <code>876</code>
                                    <name>Условная единица</name>
                                </ns2:okei>
                                <ns2:qty>1</ns2:qty>
                            </ns2:doc>
                        </ns2:docs>
                    </ns2:position>
                    <ns2:total>20600</ns2:total>
                </ns2:positions>
            </ns2:performanceContractData>
        </ns2:item>
    </ns2:body>
</ns2:performanceContract>
