<?xml version="1.0" encoding="UTF-8" standalone="yes"?>
<ns2:performanceContract xsi:schemaLocation="http://zakupki.gov.ru/223/integration/schema/TFF-5.2 http://zakupki.gov.ru/223/integration/schema/TFF-5.2/Types.xsd" xmlns="http://zakupki.gov.ru/223fz/types/1" xmlns:ns10="http://zakupki.gov.ru/223fz/disagreementProtocol/1" xmlns:ns11="http://zakupki.gov.ru/223fz/purchase/1" xmlns:ns12="http://zakupki.gov.ru/223fz/machineryListInfo/1" xmlns:ns13="http://zakupki.gov.ru/223fz/revenue/1" xmlns:ns14="http://zakupki.gov.ru/223fz/orderClauseList/1" xmlns:ns15="http://zakupki.gov.ru/223fz/complaint/1" xmlns:ns16="http://zakupki.gov.ru/223fz/missedNotice/1" xmlns:ns17="http://zakupki.gov.ru/223fz/notificationIssue/1" xmlns:ns18="http://zakupki.gov.ru/223fz/purchasePlanProject/1" xmlns:ns19="http://zakupki.gov.ru/223fz/webRequest/1" xmlns:ns2="http://zakupki.gov.ru/223fz/contract/1" xmlns:xsi="http://www.w3.org/2001/XMLSchema-instance" xmlns:ns3="http://zakupki.gov.ru/223fz/dishonestSupplier/1" xmlns:ns4="http://zakupki.gov.ru/223fz/decisionSuspension/1" xmlns:ns5="http://zakupki.gov.ru/223fz/purchasePlanAdditionalPosition/1" xmlns:ns6="http://zakupki.gov.ru/223fz/purchasePlan/1" xmlns:ns7="http://zakupki.gov.ru/223fz/purchasePlanProjectAdditionalPosition/1" xmlns:ns8="http://zakupki.gov.ru/223fz/reference/1" xmlns:ns9="http://zakupki.gov.ru/223fz/stopCommodity/1">
    <header>
        <guid>905b9164-a858-4179-92a2-00c02bb31bc3</guid>
        <createDateTime>2017-03-30T10:50:23</createDateTime>
    </header>
    <ns2:body>
        <ns2:item>
            <guid>d6f50743-e108-4a80-9120-90abd98328a4</guid>
            <ns2:performanceContractData>
                <ns2:guid>ea7aa4c8-d6db-472d-b3db-e67337ca57c3</ns2:guid>
                <ns2:registrationNumber>86670081969160004670003</ns2:registrationNumber>
                <ns2:urlOOS>https://zakupki.gov.ru/223/contract/private/completing/info/view.html?id=2664592</ns2:urlOOS>
                <ns2:createDateTime>2016-11-22T12:32:36</ns2:createDateTime>
                <ns2:customer>
                    <mainInfo>
                        <fullName>Федеральное бюджетное учреждение здравоохранения "Центр гигиены и эпидемиологии в Свердловской области"</fullName>
                        <shortName>ФБУЗ "Центр гигиены и эпидемиологии в Свердловской области"</shortName>
                        <iko>86670081969667001001</iko>
                        <inn>6670081969</inn>
                        <kpp>667001001</kpp>
                        <ogrn>1056603530510</ogrn>
                        <legalAddress>620078, Свердловская, Екатеринбург, Отдельный, дом 3</legalAddress>
                        <postalAddress>620078, г. Екатеринбург, пер. Отдельный, 3</postalAddress>
                        <phone>7-343-2701594</phone>
                        <fax>7-343-3628716</fax>
                        <email>mail@66.rospotrebnadzor.ru</email>
                        <okato>65401373000</okato>
                        <okpo>01944619</okpo>
                    </mainInfo>
                </ns2:customer>
                <ns2:placer>
                    <mainInfo>
                        <fullName>Федеральное бюджетное учреждение здравоохранения "Центр гигиены и эпидемиологии в Свердловской области"</fullName>
                        <shortName>ФБУЗ "Центр гигиены и эпидемиологии в Свердловской области"</shortName>
                        <iko>86670081969667001001</iko>
                        <inn>6670081969</inn>
                        <kpp>667001001</kpp>
                        <ogrn>1056603530510</ogrn>
                        <legalAddress>620078, Свердловская, Екатеринбург, Отдельный, дом 3</legalAddress>
                        <postalAddress>620078, г. Екатеринбург, пер. Отдельный, 3</postalAddress>
                        <phone>7-343-2701594</phone>
                        <fax>7-343-3628716</fax>
                        <email>mail@66.rospotrebnadzor.ru</email>
                        <okato>65401373000</okato>
                        <okpo>01944619</okpo>
                    </mainInfo>
                </ns2:placer>
                <ns2:publicationDate>2017-03-30T10:50:23</ns2:publicationDate>
                <ns2:status>P</ns2:status>
                <ns2:version>1</ns2:version>
                <ns2:completed>false</ns2:completed>
                <ns2:attachments>
                    <totalDocumentsCount>7</totalDocumentsCount>
                    <document>
                        <guid>053a95a0-c900-4d36-90f9-8cd5e1c1628f</guid>
                        <createDateTime>2017-03-30T10:48:48</createDateTime>
                        <fileName>Акт январь Лира.jpg</fileName>
                        <description>Акт январь Лира</description>
                        <url>https://zakupki.gov.ru/223/contract/private/download/download.html?id=11725266</url>
                        <registrationNumber>86670081969160004670004</registrationNumber>
                    </document>
                    <document>
                        <guid>eece6b7b-840b-4182-956c-b0935378f1a2</guid>
                        <createDateTime>2017-03-30T10:48:38</createDateTime>
                        <fileName>Акт март Лира.jpg</fileName>
                        <description>Акт март Лира</description>
                        <url>https://zakupki.gov.ru/223/contract/private/download/download.html?id=11725250</url>
                        <registrationNumber>86670081969160004670005</registrationNumber>
                    </document>
                    <document>
                        <guid>941fc267-a5a5-4b68-b96b-45f5793ec294</guid>
                        <createDateTime>2017-03-30T10:49:10</createDateTime>
                        <fileName>Платеж за февраль Лира.jpg</fileName>
                        <description>Платеж за февраль Лира</description>
                        <url>https://zakupki.gov.ru/223/contract/private/download/download.html?id=11725302</url>
                        <registrationNumber>86670081969160004670006</registrationNumber>
                    </document>
                    <document>
                        <guid>bb1ce904-7352-42f0-ad39-fd1b43b1a150</guid>
                        <createDateTime>2017-03-30T10:48:43</createDateTime>
                        <fileName>Акт февраль Лира.jpg</fileName>
                        <description>Акт февраль Лира</description>
                        <url>https://zakupki.gov.ru/223/contract/private/download/download.html?id=11725257</url>
                        <registrationNumber>86670081969160004670007</registrationNumber>
                    </document>
                    <document>
                        <guid>bbcc3bc7-7671-48b2-a334-e395063da94e</guid>
                        <createDateTime>2017-03-30T10:49:22</createDateTime>
                        <fileName>ДБУ 442 Лира.doc</fileName>
                        <description>ДБУ 442 Лира</description>
                        <url>https://zakupki.gov.ru/223/contract/private/download/download.html?id=11725321</url>
                        <registrationNumber>86670081969160004670008</registrationNumber>
                    </document>
                    <document>
                        <guid>4667ceb0-9af1-458d-b4e2-bf0fe43df53c</guid>
                        <createDateTime>2017-03-30T10:49:04</createDateTime>
                        <fileName>Платеж за март Лира.jpg</fileName>
                        <description>Платеж за март Лира</description>
                        <url>https://zakupki.gov.ru/223/contract/private/download/download.html?id=11725291</url>
                        <registrationNumber>86670081969160004670009</registrationNumber>
                    </document>
                    <document>
                        <guid>e205e022-fdb2-41a9-a265-9a4063b8e68c</guid>
                        <createDateTime>2017-03-30T10:49:14</createDateTime>
                        <fileName>Платеж за январь Лира.jpg</fileName>
                        <description>Платеж за январь Лира</description>
                        <url>https://zakupki.gov.ru/223/contract/private/download/download.html?id=11725310</url>
                        <registrationNumber>86670081969160004670010</registrationNumber>
                    </document>
                </ns2:attachments>
                <ns2:hasPenalty>false</ns2:hasPenalty>
                <ns2:contractRegNumber>86670081969160004670000</ns2:contractRegNumber>
                <ns2:contractInfo>
                    <ns2:guid>99032f50-f6f7-4cb2-bdaa-54ca82fd202a</ns2:guid>
                    <ns2:name>442</ns2:name>
                    <ns2:agencyName>ФБУЗ "Центр гигиены и эпидемиологии в Свердловской области"</ns2:agencyName>
                    <ns2:supplierName>ОБЩЕСТВО С ОГРАНИЧЕННОЙ ОТВЕТСТВЕННОСТЬЮ "ЛИРА"</ns2:supplierName>
                    <ns2:lotInfo>Оказание услуг по проведению предрейсовых медицинских осмотров водителей филиала ФБУЗ </ns2:lotInfo>
                    <ns2:contractDate>2016-11-18</ns2:contractDate>
                </ns2:contractInfo>
                <ns2:positions>
                    <ns2:position>
                        <ns2:ordinal>1</ns2:ordinal>
                        <ns2:paymentDate>2017-03-29</ns2:paymentDate>
                        <ns2:price>40920</ns2:price>
                        <ns2:currency>
                            <code>RUB</code>
                            <digitalCode>643</digitalCode>
                            <name>Российский рубль</name>
                        </ns2:currency>
                        <ns2:rubPrice>40920</ns2:rubPrice>
                        <ns2:prepaid>false</ns2:prepaid>
                        <ns2:docs>
                            <ns2:doc>
                                <ns2:ordinal>1</ns2:ordinal>
                                <ns2:date>2017-01-31</ns2:date>
                                <ns2:code>20</ns2:code>
                                <ns2:name>акт выполненных работ</ns2:name>
                                <ns2:number>А00011</ns2:number>
                                <ns2:contractPosition>
                                    <ns2:guid>b63ba3b5-9a35-4411-8de5-36bcf4ea48a2</ns2:guid>
                                    <ns2:name>Услуги по предрейсовому и послерейсовому медицинскому осмотру  водителей</ns2:name>
                                    <ns2:okpd2>
                                        <code>86.21.10.190</code>
                                        <name>Услуги, предоставляемые врачами общей врачебной практики, прочие, не включенные в другие группировки</name>
                                    </ns2:okpd2>
                                </ns2:contractPosition>
                                <ns2:okei>
                                    <code>876</code>
                                    <name>Условная единица</name>
                                </ns2:okei>
                                <ns2:qty>1</ns2:qty>
                            </ns2:doc>
                            <ns2:doc>
                                <ns2:ordinal>2</ns2:ordinal>
                                <ns2:date>2017-02-28</ns2:date>
                                <ns2:code>20</ns2:code>
                                <ns2:name>акт выполненных работ</ns2:name>
                                <ns2:number>А00087</ns2:number>
                                <ns2:contractPosition>
                                    <ns2:guid>b63ba3b5-9a35-4411-8de5-36bcf4ea48a2</ns2:guid>
                                    <ns2:name>Услуги по предрейсовому и послерейсовому медицинскому осмотру  водителей</ns2:name>
                                    <ns2:okpd2>
                                        <code>86.21.10.190</code>
                                        <name>Услуги, предоставляемые врачами общей врачебной практики, прочие, не включенные в другие группировки</name>
                                    </ns2:okpd2>
                                </ns2:contractPosition>
                                <ns2:okei>
                                    <code>876</code>
                                    <name>Условная единица</name>
                                </ns2:okei>
                                <ns2:qty>1</ns2:qty>
                            </ns2:doc>
                            <ns2:doc>
                                <ns2:ordinal>3</ns2:ordinal>
                                <ns2:date>2017-03-30</ns2:date>
                                <ns2:code>20</ns2:code>
                                <ns2:name>акт выполненных работ</ns2:name>
                                <ns2:number>А00151</ns2:number>
                                <ns2:contractPosition>
                                    <ns2:guid>b63ba3b5-9a35-4411-8de5-36bcf4ea48a2</ns2:guid>
                                    <ns2:name>Услуги по предрейсовому и послерейсовому медицинскому осмотру  водителей</ns2:name>
                                    <ns2:okpd2>
                                        <code>86.21.10.190</code>
                                        <name>Услуги, предоставляемые врачами общей врачебной практики, прочие, не включенные в другие группировки</name>
                                    </ns2:okpd2>
                                </ns2:contractPosition>
                                <ns2:okei>
                                    <code>876</code>
                                    <name>Условная единица</name>
                                </ns2:okei>
                                <ns2:qty>1</ns2:qty>
                            </ns2:doc>
                        </ns2:docs>
                    </ns2:position>
                    <ns2:total>40920</ns2:total>
                </ns2:positions>
            </ns2:performanceContractData>
        </ns2:item>
    </ns2:body>
</ns2:performanceContract>
