<?xml version="1.0" encoding="UTF-8" standalone="yes"?>
<ns2:performanceContract xsi:schemaLocation="http://zakupki.gov.ru/223/integration/schema/TFF-5.2 http://zakupki.gov.ru/223/integration/schema/TFF-5.2/Types.xsd" xmlns="http://zakupki.gov.ru/223fz/types/1" xmlns:ns10="http://zakupki.gov.ru/223fz/disagreementProtocol/1" xmlns:ns11="http://zakupki.gov.ru/223fz/purchase/1" xmlns:ns12="http://zakupki.gov.ru/223fz/machineryListInfo/1" xmlns:ns13="http://zakupki.gov.ru/223fz/revenue/1" xmlns:ns14="http://zakupki.gov.ru/223fz/orderClauseList/1" xmlns:ns15="http://zakupki.gov.ru/223fz/complaint/1" xmlns:ns16="http://zakupki.gov.ru/223fz/missedNotice/1" xmlns:ns17="http://zakupki.gov.ru/223fz/notificationIssue/1" xmlns:ns18="http://zakupki.gov.ru/223fz/purchasePlanProject/1" xmlns:ns19="http://zakupki.gov.ru/223fz/webRequest/1" xmlns:ns2="http://zakupki.gov.ru/223fz/contract/1" xmlns:xsi="http://www.w3.org/2001/XMLSchema-instance" xmlns:ns3="http://zakupki.gov.ru/223fz/dishonestSupplier/1" xmlns:ns4="http://zakupki.gov.ru/223fz/decisionSuspension/1" xmlns:ns5="http://zakupki.gov.ru/223fz/purchasePlanAdditionalPosition/1" xmlns:ns6="http://zakupki.gov.ru/223fz/purchasePlan/1" xmlns:ns7="http://zakupki.gov.ru/223fz/purchasePlanProjectAdditionalPosition/1" xmlns:ns8="http://zakupki.gov.ru/223fz/reference/1" xmlns:ns9="http://zakupki.gov.ru/223fz/stopCommodity/1">
    <header>
        <guid>990e32ca-d908-453b-a387-8a4751bb5e27</guid>
        <createDateTime>2017-03-30T10:45:38</createDateTime>
    </header>
    <ns2:body>
        <ns2:item>
            <guid>25e244eb-cae2-4cb2-b4bd-c58f906b1e17</guid>
            <ns2:performanceContractData>
                <ns2:guid>edafe899-d87f-457f-8c88-8706d55f7e0e</ns2:guid>
                <ns2:registrationNumber>56661000642170000210003</ns2:registrationNumber>
                <ns2:urlOOS>https://zakupki.gov.ru/223/contract/private/completing/info/view.html?id=2664522</ns2:urlOOS>
                <ns2:createDateTime>2017-03-23T10:42:38</ns2:createDateTime>
                <ns2:customer>
                    <mainInfo>
                        <fullName>ГОСУДАРСТВЕННОЕ АВТОНОМНОЕ ПРОФЕССИОНАЛЬНОЕ ОБРАЗОВАТЕЛЬНОЕ УЧРЕЖДЕНИЕ СВЕРДЛОВСКОЙ ОБЛАСТИ "ЕКАТЕРИНБУРГСКИЙ ЭКОНОМИКО-ТЕХНОЛОГИЧЕСКИЙ КОЛЛЕДЖ"</fullName>
                        <shortName>ГАПОУ СО "ЕКАТЕРИНБУРГСКИЙ ЭКОНОМИКО-ТЕХНОЛОГИЧЕСКИЙ КОЛЛЕДЖ" ИЛИ ГАПОУ СО "ЕЭТК"</shortName>
                        <iko>56661000642666101001</iko>
                        <inn>6661000642</inn>
                        <kpp>666101001</kpp>
                        <ogrn>1036603990543</ogrn>
                        <legalAddress>620144, обл СВЕРДЛОВСКАЯ, г ЕКАТЕРИНБУРГ, ул ДЕКАБРИСТОВ, дом 58, корпус НЕТ, офис (квартира) НЕТ</legalAddress>
                        <postalAddress>620144, Свердловская Область, Екатеринбург Город, Декабристов Улица, дом 58</postalAddress>
                        <phone>7-343-2574449</phone>
                        <fax>7-343-2574449</fax>
                        <email>info@eetk.ru</email>
                        <okato>65401377000</okato>
                        <okpo>35179981</okpo>
                    </mainInfo>
                </ns2:customer>
                <ns2:placer>
                    <mainInfo>
                        <fullName>ГОСУДАРСТВЕННОЕ АВТОНОМНОЕ ПРОФЕССИОНАЛЬНОЕ ОБРАЗОВАТЕЛЬНОЕ УЧРЕЖДЕНИЕ СВЕРДЛОВСКОЙ ОБЛАСТИ "ЕКАТЕРИНБУРГСКИЙ ЭКОНОМИКО-ТЕХНОЛОГИЧЕСКИЙ КОЛЛЕДЖ"</fullName>
                        <shortName>ГАПОУ СО "ЕКАТЕРИНБУРГСКИЙ ЭКОНОМИКО-ТЕХНОЛОГИЧЕСКИЙ КОЛЛЕДЖ" ИЛИ ГАПОУ СО "ЕЭТК"</shortName>
                        <iko>56661000642666101001</iko>
                        <inn>6661000642</inn>
                        <kpp>666101001</kpp>
                        <ogrn>1036603990543</ogrn>
                        <legalAddress>620144, обл СВЕРДЛОВСКАЯ, г ЕКАТЕРИНБУРГ, ул ДЕКАБРИСТОВ, дом 58, корпус НЕТ, офис (квартира) НЕТ</legalAddress>
                        <postalAddress>620144, Свердловская Область, Екатеринбург Город, Декабристов Улица, дом 58</postalAddress>
                        <phone>7-343-2574449</phone>
                        <fax>7-343-2574449</fax>
                        <email>info@eetk.ru</email>
                        <okato>65401377000</okato>
                        <okpo>35179981</okpo>
                    </mainInfo>
                </ns2:placer>
                <ns2:publicationDate>2017-03-30T10:45:38</ns2:publicationDate>
                <ns2:status>P</ns2:status>
                <ns2:version>1</ns2:version>
                <ns2:completed>true</ns2:completed>
                <ns2:attachments>
                    <totalDocumentsCount>1</totalDocumentsCount>
                    <document>
                        <guid>a88adcd1-4265-49a7-8443-d80e4cd734a0</guid>
                        <createDateTime>2017-03-30T10:44:58</createDateTime>
                        <fileName>Счет-фактура № ПТ-00000011 от 28.03.2017г..PDF</fileName>
                        <description>Счет-фактура № ПТ-00000011 от 28.03.2017г.</description>
                        <url>https://zakupki.gov.ru/223/contract/private/download/download.html?id=11724979</url>
                        <registrationNumber>56661000642170000210004</registrationNumber>
                    </document>
                </ns2:attachments>
                <ns2:hasPenalty>false</ns2:hasPenalty>
                <ns2:contractRegNumber>56661000642170000210000</ns2:contractRegNumber>
                <ns2:contractInfo>
                    <ns2:guid>5192327f-aab9-4513-b118-b9ec5e5fd533</ns2:guid>
                    <ns2:name>18r-03/17</ns2:name>
                    <ns2:agencyName>ГАПОУ СО "ЕКАТЕРИНБУРГСКИЙ ЭКОНОМИКО-ТЕХНОЛОГИЧЕСКИЙ КОЛЛЕДЖ" ИЛИ ГАПОУ СО "ЕЭТК"</ns2:agencyName>
                    <ns2:supplierName>ОБЩЕСТВО С ОГРАНИЧЕННОЙ ОТВЕТСТВЕННОСТЬЮ "ПОБЕДИТЕЛЬ ТЕНДЕРА"</ns2:supplierName>
                    <ns2:lotInfo>Поставка персональных компьютеров в сборе</ns2:lotInfo>
                    <ns2:contractDate>2017-03-23</ns2:contractDate>
                </ns2:contractInfo>
                <ns2:positions>
                    <ns2:position>
                        <ns2:ordinal>1</ns2:ordinal>
                        <ns2:paymentDate>2017-03-29</ns2:paymentDate>
                        <ns2:price>316400</ns2:price>
                        <ns2:currency>
                            <code>RUB</code>
                            <digitalCode>643</digitalCode>
                            <name>Российский рубль</name>
                        </ns2:currency>
                        <ns2:rubPrice>316400</ns2:rubPrice>
                        <ns2:prepaid>false</ns2:prepaid>
                        <ns2:docs>
                            <ns2:doc>
                                <ns2:ordinal>1</ns2:ordinal>
                                <ns2:date>2017-03-28</ns2:date>
                                <ns2:code>19</ns2:code>
                                <ns2:name>счет-фактура</ns2:name>
                                <ns2:number>ПТ-00000011</ns2:number>
                                <ns2:contractPosition>
                                    <ns2:guid>488de77b-2bb6-4774-b280-d680babdc2ea</ns2:guid>
                                    <ns2:name>Поставка персональных компьютеров в сборе</ns2:name>
                                    <ns2:okpd2>
                                        <code>46.51.10.110</code>
                                        <name>Услуги по оптовой торговле компьютерами, компьютерными периферийными устройствами</name>
                                    </ns2:okpd2>
                                </ns2:contractPosition>
                                <ns2:okei>
                                    <code>796</code>
                                    <name>Штука</name>
                                </ns2:okei>
                                <ns2:qty>8</ns2:qty>
                            </ns2:doc>
                        </ns2:docs>
                    </ns2:position>
                    <ns2:total>316400</ns2:total>
                </ns2:positions>
            </ns2:performanceContractData>
        </ns2:item>
    </ns2:body>
</ns2:performanceContract>
