<?xml version="1.0" encoding="UTF-8" standalone="yes"?>
<ns2:performanceContract xsi:schemaLocation="http://zakupki.gov.ru/223/integration/schema/TFF-5.2 http://zakupki.gov.ru/223/integration/schema/TFF-5.2/Types.xsd" xmlns="http://zakupki.gov.ru/223fz/types/1" xmlns:ns10="http://zakupki.gov.ru/223fz/disagreementProtocol/1" xmlns:ns11="http://zakupki.gov.ru/223fz/purchase/1" xmlns:ns12="http://zakupki.gov.ru/223fz/machineryListInfo/1" xmlns:ns13="http://zakupki.gov.ru/223fz/revenue/1" xmlns:ns14="http://zakupki.gov.ru/223fz/orderClauseList/1" xmlns:ns15="http://zakupki.gov.ru/223fz/complaint/1" xmlns:ns16="http://zakupki.gov.ru/223fz/missedNotice/1" xmlns:ns17="http://zakupki.gov.ru/223fz/notificationIssue/1" xmlns:ns18="http://zakupki.gov.ru/223fz/purchasePlanProject/1" xmlns:ns19="http://zakupki.gov.ru/223fz/webRequest/1" xmlns:ns2="http://zakupki.gov.ru/223fz/contract/1" xmlns:xsi="http://www.w3.org/2001/XMLSchema-instance" xmlns:ns3="http://zakupki.gov.ru/223fz/dishonestSupplier/1" xmlns:ns4="http://zakupki.gov.ru/223fz/decisionSuspension/1" xmlns:ns5="http://zakupki.gov.ru/223fz/purchasePlanAdditionalPosition/1" xmlns:ns6="http://zakupki.gov.ru/223fz/purchasePlan/1" xmlns:ns7="http://zakupki.gov.ru/223fz/purchasePlanProjectAdditionalPosition/1" xmlns:ns8="http://zakupki.gov.ru/223fz/reference/1" xmlns:ns9="http://zakupki.gov.ru/223fz/stopCommodity/1">
    <header>
        <guid>81e73e64-732d-4d26-bb6d-2f185e93dcb0</guid>
        <createDateTime>2017-03-30T07:31:55</createDateTime>
    </header>
    <ns2:body>
        <ns2:item>
            <guid>aa214ad3-f6d5-4ca4-8edd-7e65aae5cfba</guid>
            <ns2:performanceContractData>
                <ns2:guid>1db89780-8d19-4f2d-8415-13f4dca49112</ns2:guid>
                <ns2:registrationNumber>86663031653160000430003</ns2:registrationNumber>
                <ns2:urlOOS>https://zakupki.gov.ru/223/contract/private/completing/info/view.html?id=2662376</ns2:urlOOS>
                <ns2:createDateTime>2016-11-01T13:30:13</ns2:createDateTime>
                <ns2:customer>
                    <mainInfo>
                        <fullName>Муниципальное бюджетное дошкольное образовательное учреждение - детский сад "Детство"</fullName>
                        <shortName>МБДОУ - детский сад "Детство"</shortName>
                        <iko>86663031653667301001</iko>
                        <inn>6663031653</inn>
                        <kpp>667301001</kpp>
                        <ogrn>1026605617686</ogrn>
                        <legalAddress>620088, Свердловская, Екатеринбург, Банникова, дом 7</legalAddress>
                        <postalAddress>г. Екатеринбург, пер. Банникова, 7</postalAddress>
                        <phone>7-343-3382867</phone>
                        <email>dsdetstvo@yandex.ru</email>
                        <okato>65401000000</okato>
                        <okpo>3990333</okpo>
                    </mainInfo>
                </ns2:customer>
                <ns2:placer>
                    <mainInfo>
                        <fullName>Муниципальное бюджетное дошкольное образовательное учреждение - детский сад "Детство"</fullName>
                        <shortName>МБДОУ - детский сад "Детство"</shortName>
                        <iko>86663031653667301001</iko>
                        <inn>6663031653</inn>
                        <kpp>667301001</kpp>
                        <ogrn>1026605617686</ogrn>
                        <legalAddress>620088, Свердловская, Екатеринбург, Банникова, дом 7</legalAddress>
                        <postalAddress>г. Екатеринбург, пер. Банникова, 7</postalAddress>
                        <phone>7-343-3382867</phone>
                        <email>dsdetstvo@yandex.ru</email>
                        <okato>65401000000</okato>
                        <okpo>3990333</okpo>
                    </mainInfo>
                </ns2:placer>
                <ns2:publicationDate>2017-03-30T07:31:55</ns2:publicationDate>
                <ns2:status>P</ns2:status>
                <ns2:version>1</ns2:version>
                <ns2:completed>true</ns2:completed>
                <ns2:attachments>
                    <totalDocumentsCount>1</totalDocumentsCount>
                    <document>
                        <guid>361a53fc-5edf-44b1-a2c7-78c1b358dfb5</guid>
                        <createDateTime>2017-03-30T07:30:54</createDateTime>
                        <fileName>Акт сверки  ООО УГМК-АГРО.pdf</fileName>
                        <description>Акт сверки  ООО УГМК-АГРО</description>
                        <url>https://zakupki.gov.ru/223/contract/private/download/download.html?id=11714685</url>
                        <registrationNumber>86663031653160000430004</registrationNumber>
                    </document>
                </ns2:attachments>
                <ns2:hasPenalty>false</ns2:hasPenalty>
                <ns2:contractRegNumber>86663031653160000430000</ns2:contractRegNumber>
                <ns2:contractInfo>
                    <ns2:guid>fa7fc588-608a-4d63-81f5-96956f147433</ns2:guid>
                    <ns2:name>2-00/236/16/536</ns2:name>
                    <ns2:agencyName>МБДОУ - детский сад "Детство"</ns2:agencyName>
                    <ns2:supplierName>ОБЩЕСТВО С ОГРАНИЧЕННОЙ ОТВЕТСТВЕННОСТЬЮ "УГМК-АГРО"</ns2:supplierName>
                    <ns2:lotInfo>Поставка молочной продукции в ноябре-декабре 2016 года для филиала №536</ns2:lotInfo>
                    <ns2:contractDate>2016-11-01</ns2:contractDate>
                </ns2:contractInfo>
                <ns2:positions>
                    <ns2:position>
                        <ns2:ordinal>1</ns2:ordinal>
                        <ns2:paymentDate>2016-12-28</ns2:paymentDate>
                        <ns2:price>115764.8</ns2:price>
                        <ns2:currency>
                            <code>RUB</code>
                            <digitalCode>643</digitalCode>
                            <name>Российский рубль</name>
                        </ns2:currency>
                        <ns2:rubPrice>115764.8</ns2:rubPrice>
                        <ns2:prepaid>false</ns2:prepaid>
                        <ns2:docs>
                            <ns2:doc>
                                <ns2:ordinal>1</ns2:ordinal>
                                <ns2:code>01</ns2:code>
                                <ns2:name>товарная накладная</ns2:name>
                                <ns2:contractPosition>
                                    <ns2:guid>1f38e5fa-3ca7-4ddc-851b-3a79a65a5862</ns2:guid>
                                    <ns2:name>Йогурт</ns2:name>
                                    <ns2:okpd2>
                                        <code>10.51.52.111</code>
                                        <name>Йогурт без вкусовых компонентов</name>
                                    </ns2:okpd2>
                                </ns2:contractPosition>
                                <ns2:okei>
                                    <code>166</code>
                                    <name>Килограмм</name>
                                </ns2:okei>
                                <ns2:qty>210</ns2:qty>
                            </ns2:doc>
                            <ns2:doc>
                                <ns2:ordinal>2</ns2:ordinal>
                                <ns2:code>01</ns2:code>
                                <ns2:name>товарная накладная</ns2:name>
                                <ns2:contractPosition>
                                    <ns2:guid>17118a83-8251-43b8-8cfb-83b32ab8db4c</ns2:guid>
                                    <ns2:name>Томаты (помидоры)</ns2:name>
                                    <ns2:okpd2>
                                        <code>01.13.34.000</code>
                                        <name>Томаты (помидоры)</name>
                                    </ns2:okpd2>
                                </ns2:contractPosition>
                                <ns2:okei>
                                    <code>166</code>
                                    <name>Килограмм</name>
                                </ns2:okei>
                                <ns2:qty>40</ns2:qty>
                            </ns2:doc>
                            <ns2:doc>
                                <ns2:ordinal>3</ns2:ordinal>
                                <ns2:code>01</ns2:code>
                                <ns2:name>товарная накладная</ns2:name>
                                <ns2:contractPosition>
                                    <ns2:guid>03772054-830c-4aeb-9d9a-6dd8d1e79b68</ns2:guid>
                                    <ns2:name>Молоко питьевое пастеризованное</ns2:name>
                                    <ns2:okpd2>
                                        <code>10.51.11.110</code>
                                        <name>Молоко питьевое пастеризованное</name>
                                    </ns2:okpd2>
                                </ns2:contractPosition>
                                <ns2:okei>
                                    <code>112</code>
                                    <name>Литр; Кубический дециметр</name>
                                </ns2:okei>
                                <ns2:qty>1364</ns2:qty>
                            </ns2:doc>
                            <ns2:doc>
                                <ns2:ordinal>4</ns2:ordinal>
                                <ns2:code>01</ns2:code>
                                <ns2:name>товарная накладная</ns2:name>
                                <ns2:contractPosition>
                                    <ns2:guid>7c30f368-de63-4718-a853-8e321e054221</ns2:guid>
                                    <ns2:name>Сметана от 15,0 % до 19,0 % жирности</ns2:name>
                                    <ns2:okpd2>
                                        <code>10.51.52.122</code>
                                        <name>Сметана от 15,0 % до 19,0 % жирности</name>
                                    </ns2:okpd2>
                                </ns2:contractPosition>
                                <ns2:okei>
                                    <code>166</code>
                                    <name>Килограмм</name>
                                </ns2:okei>
                                <ns2:qty>42</ns2:qty>
                            </ns2:doc>
                            <ns2:doc>
                                <ns2:ordinal>5</ns2:ordinal>
                                <ns2:code>01</ns2:code>
                                <ns2:name>товарная накладная</ns2:name>
                                <ns2:contractPosition>
                                    <ns2:guid>8123be80-4c32-43b6-a4a0-5ace56ed41fc</ns2:guid>
                                    <ns2:name>Йогурт</ns2:name>
                                    <ns2:okpd2>
                                        <code>10.51.52.111</code>
                                        <name>Йогурт без вкусовых компонентов</name>
                                    </ns2:okpd2>
                                </ns2:contractPosition>
                                <ns2:okei>
                                    <code>166</code>
                                    <name>Килограмм</name>
                                </ns2:okei>
                                <ns2:qty>168</ns2:qty>
                            </ns2:doc>
                            <ns2:doc>
                                <ns2:ordinal>6</ns2:ordinal>
                                <ns2:code>01</ns2:code>
                                <ns2:name>товарная накладная</ns2:name>
                                <ns2:contractPosition>
                                    <ns2:guid>8123be80-4c32-43b6-a4a0-5ace56ed41fc</ns2:guid>
                                    <ns2:name>Йогурт</ns2:name>
                                    <ns2:okpd2>
                                        <code>10.51.52.111</code>
                                        <name>Йогурт без вкусовых компонентов</name>
                                    </ns2:okpd2>
                                </ns2:contractPosition>
                                <ns2:okei>
                                    <code>166</code>
                                    <name>Килограмм</name>
                                </ns2:okei>
                                <ns2:qty>168</ns2:qty>
                            </ns2:doc>
                            <ns2:doc>
                                <ns2:ordinal>7</ns2:ordinal>
                                <ns2:code>01</ns2:code>
                                <ns2:name>товарная накладная</ns2:name>
                                <ns2:contractPosition>
                                    <ns2:guid>54c8a16f-c810-40c9-80aa-6b56b5d698d4</ns2:guid>
                                    <ns2:name>Ряженка и варенец</ns2:name>
                                    <ns2:okpd2>
                                        <code>10.51.52.113</code>
                                        <name>Ряженка и варенец</name>
                                    </ns2:okpd2>
                                </ns2:contractPosition>
                                <ns2:okei>
                                    <code>166</code>
                                    <name>Килограмм</name>
                                </ns2:okei>
                                <ns2:qty>189</ns2:qty>
                            </ns2:doc>
                            <ns2:doc>
                                <ns2:ordinal>8</ns2:ordinal>
                                <ns2:code>01</ns2:code>
                                <ns2:name>товарная накладная</ns2:name>
                                <ns2:contractPosition>
                                    <ns2:guid>5eff1ab6-1b66-4afb-bd58-6c72b20e82e3</ns2:guid>
                                    <ns2:name>Творог от 4 % до 11 % жирности</ns2:name>
                                    <ns2:okpd2>
                                        <code>10.51.40.330</code>
                                        <name>Творог зерненый без вкусовых компонентов</name>
                                    </ns2:okpd2>
                                </ns2:contractPosition>
                                <ns2:okei>
                                    <code>166</code>
                                    <name>Килограмм</name>
                                </ns2:okei>
                                <ns2:qty>168</ns2:qty>
                            </ns2:doc>
                        </ns2:docs>
                    </ns2:position>
                    <ns2:total>115764.8</ns2:total>
                </ns2:positions>
            </ns2:performanceContractData>
        </ns2:item>
    </ns2:body>
</ns2:performanceContract>
