<?xml version="1.0" encoding="UTF-8" standalone="yes"?>
<ns2:contractCancellation xsi:schemaLocation="http://zakupki.gov.ru/223/integration/schema/TFF-5.2 http://zakupki.gov.ru/223/integration/schema/TFF-5.2/Types.xsd" xmlns="http://zakupki.gov.ru/223fz/types/1" xmlns:ns10="http://zakupki.gov.ru/223fz/disagreementProtocol/1" xmlns:ns11="http://zakupki.gov.ru/223fz/purchase/1" xmlns:ns12="http://zakupki.gov.ru/223fz/machineryListInfo/1" xmlns:ns13="http://zakupki.gov.ru/223fz/revenue/1" xmlns:ns14="http://zakupki.gov.ru/223fz/orderClauseList/1" xmlns:ns15="http://zakupki.gov.ru/223fz/complaint/1" xmlns:ns16="http://zakupki.gov.ru/223fz/missedNotice/1" xmlns:ns17="http://zakupki.gov.ru/223fz/notificationIssue/1" xmlns:ns18="http://zakupki.gov.ru/223fz/purchasePlanProject/1" xmlns:ns19="http://zakupki.gov.ru/223fz/webRequest/1" xmlns:ns2="http://zakupki.gov.ru/223fz/contract/1" xmlns:xsi="http://www.w3.org/2001/XMLSchema-instance" xmlns:ns3="http://zakupki.gov.ru/223fz/dishonestSupplier/1" xmlns:ns4="http://zakupki.gov.ru/223fz/decisionSuspension/1" xmlns:ns5="http://zakupki.gov.ru/223fz/purchasePlanAdditionalPosition/1" xmlns:ns6="http://zakupki.gov.ru/223fz/purchasePlan/1" xmlns:ns7="http://zakupki.gov.ru/223fz/purchasePlanProjectAdditionalPosition/1" xmlns:ns8="http://zakupki.gov.ru/223fz/reference/1" xmlns:ns9="http://zakupki.gov.ru/223fz/stopCommodity/1">
    <header>
        <guid>53ed7972-e72f-49f2-8e2d-e758c281f514</guid>
        <createDateTime>2017-03-30T08:11:22</createDateTime>
    </header>
    <ns2:body>
        <ns2:item>
            <guid>54f32475-a74d-4d25-854c-da0e813f54bc</guid>
            <ns2:contractCancellationData>
                <ns2:guid>b12a64bd-2bc6-4a8c-b353-f907b63f5dfc</ns2:guid>
                <ns2:registrationNumber>86660008631160000060342</ns2:registrationNumber>
                <ns2:urlOOS>https://zakupki.gov.ru/223/contract/private/completing/info/view.html?id=2662648</ns2:urlOOS>
                <ns2:createDateTime>2017-03-30T08:05:36</ns2:createDateTime>
                <ns2:customer>
                    <mainInfo>
                        <fullName>ФЕДЕРАЛЬНОЕ ГОСУДАРСТВЕННОЕ БЮДЖЕТНОЕ ОБРАЗОВАТЕЛЬНОЕ УЧРЕЖДЕНИЕ ВЫСШЕГО ОБРАЗОВАНИЯ "УРАЛЬСКИЙ ГОСУДАРСТВЕННЫЙ АГРАРНЫЙ УНИВЕРСИТЕТ"</fullName>
                        <shortName>ФГБОУ ВО УРАЛЬСКИЙ ГАУ</shortName>
                        <iko>86660008631667001001</iko>
                        <inn>6660008631</inn>
                        <kpp>667001001</kpp>
                        <ogrn>1036603485005</ogrn>
                        <legalAddress>620075, обл СВЕРДЛОВСКАЯ, г ЕКАТЕРИНБУРГ, ул КАРЛА ЛИБКНЕХТА, дом 42</legalAddress>
                        <postalAddress>620075 Свердловская обл. Екатернибург г.Карла Либкнехта ул .42</postalAddress>
                        <phone>8-343-2214147</phone>
                        <email>ogz5201@usaca.ru</email>
                        <okato>65401373000</okato>
                        <okpo>493528650001</okpo>
                    </mainInfo>
                </ns2:customer>
                <ns2:placer>
                    <mainInfo>
                        <fullName>ФЕДЕРАЛЬНОЕ ГОСУДАРСТВЕННОЕ БЮДЖЕТНОЕ ОБРАЗОВАТЕЛЬНОЕ УЧРЕЖДЕНИЕ ВЫСШЕГО ОБРАЗОВАНИЯ "УРАЛЬСКИЙ ГОСУДАРСТВЕННЫЙ АГРАРНЫЙ УНИВЕРСИТЕТ"</fullName>
                        <shortName>ФГБОУ ВО УРАЛЬСКИЙ ГАУ</shortName>
                        <iko>86660008631667001001</iko>
                        <inn>6660008631</inn>
                        <kpp>667001001</kpp>
                        <ogrn>1036603485005</ogrn>
                        <legalAddress>620075, обл СВЕРДЛОВСКАЯ, г ЕКАТЕРИНБУРГ, ул КАРЛА ЛИБКНЕХТА, дом 42</legalAddress>
                        <postalAddress>620075 Свердловская обл. Екатернибург г.Карла Либкнехта ул .42</postalAddress>
                        <phone>8-343-2214147</phone>
                        <email>ogz5201@usaca.ru</email>
                        <okato>65401373000</okato>
                        <okpo>493528650001</okpo>
                    </mainInfo>
                </ns2:placer>
                <ns2:publicationDate>2017-03-30T08:11:22</ns2:publicationDate>
                <ns2:status>P</ns2:status>
                <ns2:version>1</ns2:version>
                <ns2:attachments>
                    <totalDocumentsCount>1</totalDocumentsCount>
                    <document>
                        <guid>3adeea37-f0a0-4281-bbab-9e4b5b35b381</guid>
                        <createDateTime>2017-03-30T08:05:17</createDateTime>
                        <fileName>дополнительное соглашение о расторжении.pdf</fileName>
                        <description>дополнительное соглашение о расторжении</description>
                        <url>https://zakupki.gov.ru/223/contract/private/download/download.html?id=11715617</url>
                        <registrationNumber>86660008631160000060343</registrationNumber>
                    </document>
                </ns2:attachments>
                <ns2:hasPenalty>false</ns2:hasPenalty>
                <ns2:contractRegNumber>86660008631160000060000</ns2:contractRegNumber>
                <ns2:contractInfo>
                    <ns2:guid>c73a5060-aaa5-4f2a-91f6-acb71750537d</ns2:guid>
                    <ns2:name>53</ns2:name>
                    <ns2:agencyName>ФГБОУ ВО УРАЛЬСКИЙ ГАУ</ns2:agencyName>
                    <ns2:supplierName>ОБЩЕСТВО С ОГРАНИЧЕННОЙ ОТВЕТСТВЕННОСТЬЮ "ОЗОН"</ns2:supplierName>
                    <ns2:lotInfo>Оказание услуг по стирке, сушке и глажению постельного белья, мягкого постельного инвентаря, транспортировке, погрузке-разгрузке</ns2:lotInfo>
                    <ns2:contractDate>2016-03-09</ns2:contractDate>
                </ns2:contractInfo>
                <ns2:baseContractCancellationCode>1</ns2:baseContractCancellationCode>
                <ns2:baseContractCancellationName>Соглашение сторон</ns2:baseContractCancellationName>
                <ns2:baseRejectionDocCode>11</ns2:baseRejectionDocCode>
                <ns2:baseRejectionDocName>Дополнительное соглашение к договору</ns2:baseRejectionDocName>
                <ns2:completionDate>2017-02-28T00:00:00</ns2:completionDate>
                <ns2:baseRejectionDocNum>б/н</ns2:baseRejectionDocNum>
                <ns2:baseRejectionDocDate>2017-02-28</ns2:baseRejectionDocDate>
            </ns2:contractCancellationData>
        </ns2:item>
    </ns2:body>
</ns2:contractCancellation>
