<?xml version="1.0" encoding="UTF-8" standalone="yes"?>
<ns2:performanceContract xsi:schemaLocation="http://zakupki.gov.ru/223/integration/schema/TFF-5.2 http://zakupki.gov.ru/223/integration/schema/TFF-5.2/Types.xsd" xmlns="http://zakupki.gov.ru/223fz/types/1" xmlns:ns10="http://zakupki.gov.ru/223fz/disagreementProtocol/1" xmlns:ns11="http://zakupki.gov.ru/223fz/purchase/1" xmlns:ns12="http://zakupki.gov.ru/223fz/machineryListInfo/1" xmlns:ns13="http://zakupki.gov.ru/223fz/revenue/1" xmlns:ns14="http://zakupki.gov.ru/223fz/orderClauseList/1" xmlns:ns15="http://zakupki.gov.ru/223fz/complaint/1" xmlns:ns16="http://zakupki.gov.ru/223fz/missedNotice/1" xmlns:ns17="http://zakupki.gov.ru/223fz/notificationIssue/1" xmlns:ns18="http://zakupki.gov.ru/223fz/purchasePlanProject/1" xmlns:ns19="http://zakupki.gov.ru/223fz/webRequest/1" xmlns:ns2="http://zakupki.gov.ru/223fz/contract/1" xmlns:xsi="http://www.w3.org/2001/XMLSchema-instance" xmlns:ns3="http://zakupki.gov.ru/223fz/dishonestSupplier/1" xmlns:ns4="http://zakupki.gov.ru/223fz/decisionSuspension/1" xmlns:ns5="http://zakupki.gov.ru/223fz/purchasePlanAdditionalPosition/1" xmlns:ns6="http://zakupki.gov.ru/223fz/purchasePlan/1" xmlns:ns7="http://zakupki.gov.ru/223fz/purchasePlanProjectAdditionalPosition/1" xmlns:ns8="http://zakupki.gov.ru/223fz/reference/1" xmlns:ns9="http://zakupki.gov.ru/223fz/stopCommodity/1">
    <header>
        <guid>1f70cabb-3b55-4b8e-84d8-c18ed008aaff</guid>
        <createDateTime>2017-03-30T07:05:45</createDateTime>
    </header>
    <ns2:body>
        <ns2:item>
            <guid>58bec6ef-f983-4c9a-b4ac-968f6b6c52b0</guid>
            <ns2:performanceContractData>
                <ns2:guid>5c631b45-1017-4294-a8b2-e49d98f80659</ns2:guid>
                <ns2:registrationNumber>86658078712170000010227</ns2:registrationNumber>
                <ns2:urlOOS>https://zakupki.gov.ru/223/contract/private/completing/info/view.html?id=2662216</ns2:urlOOS>
                <ns2:createDateTime>2017-01-30T06:22:49</ns2:createDateTime>
                <ns2:customer>
                    <mainInfo>
                        <fullName>Муниципальное бюджетное дошкольное образовательное учреждение - детский сад № 338</fullName>
                        <shortName>МБДОУ - детский сад № 338</shortName>
                        <iko>86658078712665801001</iko>
                        <inn>6658078712</inn>
                        <kpp>665801001</kpp>
                        <ogrn>1026602318247</ogrn>
                        <legalAddress>620086, Свердловская, Екатеринбург, Пальмиро Тольятти, дом 18, корпус а</legalAddress>
                        <postalAddress>620086, г. Екатеринбург, ул. Пальмиро Тольятти, 18 а</postalAddress>
                        <phone>7-343-2339163</phone>
                        <fax>7-343-2339163</fax>
                        <email>burdakovki@gmail.com</email>
                        <okato>65401364000</okato>
                        <okpo>46658940</okpo>
                    </mainInfo>
                </ns2:customer>
                <ns2:placer>
                    <mainInfo>
                        <fullName>Муниципальное бюджетное дошкольное образовательное учреждение - детский сад № 338</fullName>
                        <shortName>МБДОУ - детский сад № 338</shortName>
                        <iko>86658078712665801001</iko>
                        <inn>6658078712</inn>
                        <kpp>665801001</kpp>
                        <ogrn>1026602318247</ogrn>
                        <legalAddress>620086, Свердловская, Екатеринбург, Пальмиро Тольятти, дом 18, корпус а</legalAddress>
                        <postalAddress>620086, г. Екатеринбург, ул. Пальмиро Тольятти, 18 а</postalAddress>
                        <phone>7-343-2339163</phone>
                        <fax>7-343-2339163</fax>
                        <email>burdakovki@gmail.com</email>
                        <okato>65401364000</okato>
                        <okpo>46658940</okpo>
                    </mainInfo>
                </ns2:placer>
                <ns2:publicationDate>2017-03-30T07:05:45</ns2:publicationDate>
                <ns2:status>P</ns2:status>
                <ns2:version>1</ns2:version>
                <ns2:completed>false</ns2:completed>
                <ns2:attachments>
                    <totalDocumentsCount>1</totalDocumentsCount>
                    <document>
                        <guid>13638532-02cc-4a42-ae0c-77a33af298ca</guid>
                        <createDateTime>2017-03-30T07:05:34</createDateTime>
                        <fileName>14410 30.03 001.jpg</fileName>
                        <description>14410 30.03 001</description>
                        <url>https://zakupki.gov.ru/223/contract/private/download/download.html?id=11713973</url>
                        <registrationNumber>86658078712170000010228</registrationNumber>
                    </document>
                </ns2:attachments>
                <ns2:hasPenalty>false</ns2:hasPenalty>
                <ns2:contractRegNumber>86658078712170000010000</ns2:contractRegNumber>
                <ns2:contractInfo>
                    <ns2:guid>ded9f311-70fd-4e54-b5f0-0466ea51170d</ns2:guid>
                    <ns2:name>37</ns2:name>
                    <ns2:agencyName>МБДОУ - детский сад № 338</ns2:agencyName>
                    <ns2:supplierName>ОБЩЕСТВО С ОГРАНИЧЕННОЙ ОТВЕТСТВЕННОСТЬЮ "БЕРЕЗОВСКАЯ ХЛЕБНАЯ АРТЕЛЬ"</ns2:supplierName>
                    <ns2:lotInfo>Поставка хлебобулочных изделий</ns2:lotInfo>
                    <ns2:contractDate>2017-01-09</ns2:contractDate>
                </ns2:contractInfo>
                <ns2:positions>
                    <ns2:position>
                        <ns2:ordinal>1</ns2:ordinal>
                        <ns2:paymentDate>2017-03-30</ns2:paymentDate>
                        <ns2:price>697.45</ns2:price>
                        <ns2:currency>
                            <code>RUB</code>
                            <digitalCode>643</digitalCode>
                            <name>Российский рубль</name>
                        </ns2:currency>
                        <ns2:rubPrice>697.45</ns2:rubPrice>
                        <ns2:prepaid>false</ns2:prepaid>
                        <ns2:docs>
                            <ns2:doc>
                                <ns2:ordinal>1</ns2:ordinal>
                                <ns2:date>2017-03-30</ns2:date>
                                <ns2:code>01</ns2:code>
                                <ns2:name>товарная накладная</ns2:name>
                                <ns2:number>14410</ns2:number>
                                <ns2:contractPosition>
                                    <ns2:guid>0f73e61f-ec03-46ed-85c6-8124a15ebe73</ns2:guid>
                                    <ns2:name>Батон Золотинка с В каротином</ns2:name>
                                    <ns2:okpd2>
                                        <code>10.71.11.176</code>
                                        <name>Хлебобулочные изделия с повышенным содержанием йода</name>
                                    </ns2:okpd2>
                                </ns2:contractPosition>
                                <ns2:okei>
                                    <code>166</code>
                                    <name>Килограмм</name>
                                </ns2:okei>
                                <ns2:qty>3.5</ns2:qty>
                            </ns2:doc>
                            <ns2:doc>
                                <ns2:ordinal>2</ns2:ordinal>
                                <ns2:date>2017-03-30</ns2:date>
                                <ns2:code>01</ns2:code>
                                <ns2:name>товарная накладная</ns2:name>
                                <ns2:number>14410</ns2:number>
                                <ns2:contractPosition>
                                    <ns2:guid>420ebb45-0042-42fa-8613-e15372872ad6</ns2:guid>
                                    <ns2:name>Хлеб крестьянский в/с</ns2:name>
                                    <ns2:okpd2>
                                        <code>10.71.11.111</code>
                                        <name>Хлеб недлительного хранения из пшеничной муки</name>
                                    </ns2:okpd2>
                                </ns2:contractPosition>
                                <ns2:okei>
                                    <code>166</code>
                                    <name>Килограмм</name>
                                </ns2:okei>
                                <ns2:qty>4.95</ns2:qty>
                            </ns2:doc>
                            <ns2:doc>
                                <ns2:ordinal>3</ns2:ordinal>
                                <ns2:date>2017-03-30</ns2:date>
                                <ns2:code>01</ns2:code>
                                <ns2:name>товарная накладная</ns2:name>
                                <ns2:number>14410</ns2:number>
                                <ns2:contractPosition>
                                    <ns2:guid>a5618975-e3bc-407b-89dd-6b77bc9e384b</ns2:guid>
                                    <ns2:name> Хлеб Чусовской рж. обд. 2 сорт</ns2:name>
                                    <ns2:okpd2>
                                        <code>10.71.11.112</code>
                                        <name>Хлеб недлительного хранения из ржаной и смеси ржаной и пшеничной муки</name>
                                    </ns2:okpd2>
                                </ns2:contractPosition>
                                <ns2:okei>
                                    <code>166</code>
                                    <name>Килограмм</name>
                                </ns2:okei>
                                <ns2:qty>3.3</ns2:qty>
                            </ns2:doc>
                        </ns2:docs>
                    </ns2:position>
                    <ns2:total>697.45</ns2:total>
                </ns2:positions>
            </ns2:performanceContractData>
        </ns2:item>
    </ns2:body>
</ns2:performanceContract>
