<?xml version="1.0" encoding="UTF-8" standalone="yes"?>
<ns2:performanceContract xsi:schemaLocation="http://zakupki.gov.ru/223/integration/schema/TFF-5.2 http://zakupki.gov.ru/223/integration/schema/TFF-5.2/Types.xsd" xmlns="http://zakupki.gov.ru/223fz/types/1" xmlns:ns10="http://zakupki.gov.ru/223fz/disagreementProtocol/1" xmlns:ns11="http://zakupki.gov.ru/223fz/purchase/1" xmlns:ns12="http://zakupki.gov.ru/223fz/machineryListInfo/1" xmlns:ns13="http://zakupki.gov.ru/223fz/revenue/1" xmlns:ns14="http://zakupki.gov.ru/223fz/orderClauseList/1" xmlns:ns15="http://zakupki.gov.ru/223fz/complaint/1" xmlns:ns16="http://zakupki.gov.ru/223fz/missedNotice/1" xmlns:ns17="http://zakupki.gov.ru/223fz/notificationIssue/1" xmlns:ns18="http://zakupki.gov.ru/223fz/purchasePlanProject/1" xmlns:ns19="http://zakupki.gov.ru/223fz/webRequest/1" xmlns:ns2="http://zakupki.gov.ru/223fz/contract/1" xmlns:xsi="http://www.w3.org/2001/XMLSchema-instance" xmlns:ns3="http://zakupki.gov.ru/223fz/dishonestSupplier/1" xmlns:ns4="http://zakupki.gov.ru/223fz/decisionSuspension/1" xmlns:ns5="http://zakupki.gov.ru/223fz/purchasePlanAdditionalPosition/1" xmlns:ns6="http://zakupki.gov.ru/223fz/purchasePlan/1" xmlns:ns7="http://zakupki.gov.ru/223fz/purchasePlanProjectAdditionalPosition/1" xmlns:ns8="http://zakupki.gov.ru/223fz/reference/1" xmlns:ns9="http://zakupki.gov.ru/223fz/stopCommodity/1">
    <header>
        <guid>c498efb5-803b-43fc-8828-3b6b7ad20002</guid>
        <createDateTime>2017-03-30T08:23:45</createDateTime>
    </header>
    <ns2:body>
        <ns2:item>
            <guid>990fd0dc-0956-47fd-8b16-05bbccf90c2d</guid>
            <ns2:performanceContractData>
                <ns2:guid>03119634-9f01-42d2-98b5-8c3ac9d2f213</ns2:guid>
                <ns2:registrationNumber>56671163413160000300003</ns2:registrationNumber>
                <ns2:urlOOS>https://zakupki.gov.ru/223/contract/private/completing/info/view.html?id=2662770</ns2:urlOOS>
                <ns2:createDateTime>2016-01-14T06:50:38</ns2:createDateTime>
                <ns2:customer>
                    <mainInfo>
                        <fullName>Открытое акционерное общество "Межрегиональная распределительная сетевая компания Урала"</fullName>
                        <shortName>ОАО "МРСК Урала"</shortName>
                        <iko>56671163413667201001</iko>
                        <inn>6671163413</inn>
                        <kpp>667201001</kpp>
                        <ogrn>1056604000970</ogrn>
                        <legalAddress>620026, Свердловская, Екатеринбург, Мамина-Сибиряка, дом 140</legalAddress>
                        <postalAddress>620026, Свердловская область, Екатеринбург, Мамина-Сибиряка, дом 140 </postalAddress>
                        <phone>7-343-2152600</phone>
                        <fax>7-343-2152661</fax>
                        <email>mrsk@mrsk-ural.ru</email>
                        <okato>65401000000</okato>
                        <okpo>76507836</okpo>
                    </mainInfo>
                </ns2:customer>
                <ns2:placer>
                    <mainInfo>
                        <fullName>Открытое акционерное общество "Межрегиональная распределительная сетевая компания Урала"</fullName>
                        <shortName>ОАО "МРСК Урала"</shortName>
                        <iko>56671163413667201001</iko>
                        <inn>6671163413</inn>
                        <kpp>667201001</kpp>
                        <ogrn>1056604000970</ogrn>
                        <legalAddress>620026, Свердловская, Екатеринбург, Мамина-Сибиряка, дом 140</legalAddress>
                        <postalAddress>620026, Свердловская область, Екатеринбург, Мамина-Сибиряка, дом 140 </postalAddress>
                        <phone>7-343-2152600</phone>
                        <fax>7-343-2152661</fax>
                        <email>mrsk@mrsk-ural.ru</email>
                        <okato>65401000000</okato>
                        <okpo>76507836</okpo>
                    </mainInfo>
                </ns2:placer>
                <ns2:publicationDate>2017-03-30T08:23:45</ns2:publicationDate>
                <ns2:status>P</ns2:status>
                <ns2:version>1</ns2:version>
                <ns2:completed>false</ns2:completed>
                <ns2:attachments>
                    <totalDocumentsCount>1</totalDocumentsCount>
                    <document>
                        <guid>d5d0d1d5-7bed-406b-b0f1-67ed3848b08d</guid>
                        <createDateTime>2017-03-30T08:23:31</createDateTime>
                        <fileName>04-16 ЧГЭС 6000012282 ЧЭПК  сф 94 285,16.pdf</fileName>
                        <description>04-16 ЧГЭС 6000012282 ЧЭПК  сф 94 285,16</description>
                        <url>https://zakupki.gov.ru/223/contract/private/download/download.html?id=11716280</url>
                        <registrationNumber>56671163413160000300004</registrationNumber>
                    </document>
                </ns2:attachments>
                <ns2:hasPenalty>false</ns2:hasPenalty>
                <ns2:contractRegNumber>56671163413160000300000</ns2:contractRegNumber>
                <ns2:contractInfo>
                    <ns2:guid>7cd5718a-f376-4afe-9525-b131e4fbe831</ns2:guid>
                    <ns2:agencyName>ОАО "МРСК Урала"</ns2:agencyName>
                    <ns2:supplierName>Общество с ограниченной ответственностью "ЧелябЭнергоПроектКом"</ns2:supplierName>
                    <ns2:lotInfo>Право заключения договора на выполнение проектных и изыскательских работ по объекту: «КЛ-0,4 кВ от ТП-1042 до ВРУ-0,4 кВ объекта, расположенного по адресу: г. Челябинск, ул. Цеховая - ул. Доватора, реконструкции пункта учета электроэнергии Советского РЭС (инв. № 229338) ПО «ЧГЭС» в производственном отделении «Челябинские городские электрические сети» филиала ОАО «МРСК Урала» - «Челябэнерго».</ns2:lotInfo>
                    <ns2:contractDate>2016-01-11</ns2:contractDate>
                </ns2:contractInfo>
                <ns2:positions>
                    <ns2:position>
                        <ns2:ordinal>1</ns2:ordinal>
                        <ns2:paymentDate>2016-05-10</ns2:paymentDate>
                        <ns2:price>94285.16</ns2:price>
                        <ns2:currency>
                            <code>RUB</code>
                            <digitalCode>643</digitalCode>
                            <name>Российский рубль</name>
                        </ns2:currency>
                        <ns2:rubPrice>94285.16</ns2:rubPrice>
                        <ns2:prepaid>false</ns2:prepaid>
                        <ns2:docs>
                            <ns2:doc>
                                <ns2:ordinal>1</ns2:ordinal>
                                <ns2:date>2016-04-10</ns2:date>
                                <ns2:code>12</ns2:code>
                                <ns2:name>акт о приемке выполненных работ</ns2:name>
                                <ns2:number>1</ns2:number>
                                <ns2:contractPosition>
                                    <ns2:guid>3cabb74f-00b5-014e-e053-ac11070d70ec</ns2:guid>
                                    <ns2:name>ПИР «КЛ-0,4 кВ от ТП-1042 до ВРУ-0,4 кВ</ns2:name>
                                    <ns2:okpd2>
                                        <code>41.10.10.000</code>
                                        <name>Документация проектная для строительства</name>
                                    </ns2:okpd2>
                                </ns2:contractPosition>
                                <ns2:okei>
                                    <code>642</code>
                                    <name>Единица</name>
                                </ns2:okei>
                                <ns2:qty>1</ns2:qty>
                            </ns2:doc>
                        </ns2:docs>
                    </ns2:position>
                    <ns2:total>94285.16</ns2:total>
                </ns2:positions>
            </ns2:performanceContractData>
        </ns2:item>
    </ns2:body>
</ns2:performanceContract>
