<?xml version="1.0" encoding="UTF-8" standalone="yes"?>
<ns2:performanceContract xsi:schemaLocation="http://zakupki.gov.ru/223/integration/schema/TFF-5.2 http://zakupki.gov.ru/223/integration/schema/TFF-5.2/Types.xsd" xmlns="http://zakupki.gov.ru/223fz/types/1" xmlns:ns10="http://zakupki.gov.ru/223fz/disagreementProtocol/1" xmlns:ns11="http://zakupki.gov.ru/223fz/purchase/1" xmlns:ns12="http://zakupki.gov.ru/223fz/machineryListInfo/1" xmlns:ns13="http://zakupki.gov.ru/223fz/revenue/1" xmlns:ns14="http://zakupki.gov.ru/223fz/orderClauseList/1" xmlns:ns15="http://zakupki.gov.ru/223fz/complaint/1" xmlns:ns16="http://zakupki.gov.ru/223fz/missedNotice/1" xmlns:ns17="http://zakupki.gov.ru/223fz/notificationIssue/1" xmlns:ns18="http://zakupki.gov.ru/223fz/purchasePlanProject/1" xmlns:ns19="http://zakupki.gov.ru/223fz/webRequest/1" xmlns:ns2="http://zakupki.gov.ru/223fz/contract/1" xmlns:xsi="http://www.w3.org/2001/XMLSchema-instance" xmlns:ns3="http://zakupki.gov.ru/223fz/dishonestSupplier/1" xmlns:ns4="http://zakupki.gov.ru/223fz/decisionSuspension/1" xmlns:ns5="http://zakupki.gov.ru/223fz/purchasePlanAdditionalPosition/1" xmlns:ns6="http://zakupki.gov.ru/223fz/purchasePlan/1" xmlns:ns7="http://zakupki.gov.ru/223fz/purchasePlanProjectAdditionalPosition/1" xmlns:ns8="http://zakupki.gov.ru/223fz/reference/1" xmlns:ns9="http://zakupki.gov.ru/223fz/stopCommodity/1">
    <header>
        <guid>86b785d2-c24f-4faa-a726-ff9426bcf245</guid>
        <createDateTime>2017-03-30T09:24:57</createDateTime>
    </header>
    <ns2:body>
        <ns2:item>
            <guid>071ec696-4630-48ac-a10b-17476a8ce8ed</guid>
            <ns2:performanceContractData>
                <ns2:guid>f6eac8d6-eae8-4d08-9f80-3364e282cac1</ns2:guid>
                <ns2:registrationNumber>56617001750160001420003</ns2:registrationNumber>
                <ns2:urlOOS>https://zakupki.gov.ru/223/contract/private/completing/info/view.html?id=2663387</ns2:urlOOS>
                <ns2:createDateTime>2016-12-27T15:29:52</ns2:createDateTime>
                <ns2:customer>
                    <mainInfo>
                        <fullName>Муниципальное унитарное предприятие "Краснотурьинский хлебокомбинат"</fullName>
                        <shortName>Муниципальное унитарное предприятие "Краснотурьинский хлебокомбинат"</shortName>
                        <iko>56617001750661701001</iko>
                        <inn>6617001750</inn>
                        <kpp>661701001</kpp>
                        <ogrn>1026601183718</ogrn>
                        <legalAddress>624441, Свердловская, Краснотурьинск, Маяковского, дом 1</legalAddress>
                        <postalAddress>624441, Свердловская, Краснотурьинск, Маяковского, дом 1</postalAddress>
                        <phone>7-34384-60208</phone>
                        <email>urist@kr-xleb.ru</email>
                        <okato>65456000000</okato>
                        <okpo>00350119</okpo>
                    </mainInfo>
                </ns2:customer>
                <ns2:placer>
                    <mainInfo>
                        <fullName>Муниципальное унитарное предприятие "Краснотурьинский хлебокомбинат"</fullName>
                        <shortName>Муниципальное унитарное предприятие "Краснотурьинский хлебокомбинат"</shortName>
                        <iko>56617001750661701001</iko>
                        <inn>6617001750</inn>
                        <kpp>661701001</kpp>
                        <ogrn>1026601183718</ogrn>
                        <legalAddress>624441, Свердловская, Краснотурьинск, Маяковского, дом 1</legalAddress>
                        <postalAddress>624441, Свердловская, Краснотурьинск, Маяковского, дом 1</postalAddress>
                        <phone>7-34384-60208</phone>
                        <email>urist@kr-xleb.ru</email>
                        <okato>65456000000</okato>
                        <okpo>00350119</okpo>
                    </mainInfo>
                </ns2:placer>
                <ns2:publicationDate>2017-03-30T09:24:57</ns2:publicationDate>
                <ns2:status>P</ns2:status>
                <ns2:version>1</ns2:version>
                <ns2:completed>true</ns2:completed>
                <ns2:attachments>
                    <totalDocumentsCount>2</totalDocumentsCount>
                    <document>
                        <guid>2b38eee0-9fa7-47cb-b261-c1a5001f54fb</guid>
                        <createDateTime>2017-03-30T09:24:35</createDateTime>
                        <fileName>тн 208 09.02.17.jpg</fileName>
                        <description>тн 208 09.02.17</description>
                        <url>https://zakupki.gov.ru/223/contract/private/download/download.html?id=11720002</url>
                        <registrationNumber>56617001750160001420004</registrationNumber>
                    </document>
                    <document>
                        <guid>189a296f-e567-4d59-9868-dde9de287ff9</guid>
                        <createDateTime>2017-03-30T09:24:42</createDateTime>
                        <fileName>тн 455 17.03.17.jpg</fileName>
                        <description>тн 455 17.03.17</description>
                        <url>https://zakupki.gov.ru/223/contract/private/download/download.html?id=11720008</url>
                        <registrationNumber>56617001750160001420005</registrationNumber>
                    </document>
                </ns2:attachments>
                <ns2:hasPenalty>false</ns2:hasPenalty>
                <ns2:contractRegNumber>56617001750160001420000</ns2:contractRegNumber>
                <ns2:contractInfo>
                    <ns2:guid>38283b74-0887-4b73-86da-a26a4b28cafb</ns2:guid>
                    <ns2:agencyName>Муниципальное унитарное предприятие "Краснотурьинский хлебокомбинат"</ns2:agencyName>
                    <ns2:supplierName>Зенков Константин Александрович</ns2:supplierName>
                    <ns2:lotInfo>Поставка  муки ржаной хлебопекарной обдирной. </ns2:lotInfo>
                    <ns2:contractDate>2016-12-26</ns2:contractDate>
                </ns2:contractInfo>
                <ns2:positions>
                    <ns2:position>
                        <ns2:ordinal>1</ns2:ordinal>
                        <ns2:paymentDate>2017-02-28</ns2:paymentDate>
                        <ns2:price>300375</ns2:price>
                        <ns2:currency>
                            <code>RUB</code>
                            <digitalCode>643</digitalCode>
                            <name>Российский рубль</name>
                        </ns2:currency>
                        <ns2:rubPrice>300375</ns2:rubPrice>
                        <ns2:prepaid>false</ns2:prepaid>
                        <ns2:docs>
                            <ns2:doc>
                                <ns2:ordinal>1</ns2:ordinal>
                                <ns2:date>2017-02-09</ns2:date>
                                <ns2:code>01</ns2:code>
                                <ns2:name>товарная накладная</ns2:name>
                                <ns2:number>208</ns2:number>
                                <ns2:contractPosition>
                                    <ns2:guid>1356d342-8f23-4b47-a9a7-a43d0c975848</ns2:guid>
                                    <ns2:name>Мука ржаная</ns2:name>
                                    <ns2:okpd2>
                                        <code>10.61.22.110</code>
                                        <name>Мука ржаная</name>
                                    </ns2:okpd2>
                                </ns2:contractPosition>
                                <ns2:okei>
                                    <code>168</code>
                                    <name>Тонна; Метрическая тонна (1000 кг)</name>
                                </ns2:okei>
                                <ns2:qty>20.025</ns2:qty>
                            </ns2:doc>
                        </ns2:docs>
                    </ns2:position>
                    <ns2:position>
                        <ns2:ordinal>2</ns2:ordinal>
                        <ns2:paymentDate>2017-03-30</ns2:paymentDate>
                        <ns2:price>300375</ns2:price>
                        <ns2:currency>
                            <code>RUB</code>
                            <digitalCode>643</digitalCode>
                            <name>Российский рубль</name>
                        </ns2:currency>
                        <ns2:rubPrice>300375</ns2:rubPrice>
                        <ns2:prepaid>false</ns2:prepaid>
                        <ns2:docs>
                            <ns2:doc>
                                <ns2:ordinal>1</ns2:ordinal>
                                <ns2:date>2017-03-17</ns2:date>
                                <ns2:code>01</ns2:code>
                                <ns2:name>товарная накладная</ns2:name>
                                <ns2:number>455</ns2:number>
                                <ns2:contractPosition>
                                    <ns2:guid>1356d342-8f23-4b47-a9a7-a43d0c975848</ns2:guid>
                                    <ns2:name>Мука ржаная</ns2:name>
                                    <ns2:okpd2>
                                        <code>10.61.22.110</code>
                                        <name>Мука ржаная</name>
                                    </ns2:okpd2>
                                </ns2:contractPosition>
                                <ns2:okei>
                                    <code>168</code>
                                    <name>Тонна; Метрическая тонна (1000 кг)</name>
                                </ns2:okei>
                                <ns2:qty>20.025</ns2:qty>
                            </ns2:doc>
                        </ns2:docs>
                    </ns2:position>
                    <ns2:total>600750</ns2:total>
                </ns2:positions>
            </ns2:performanceContractData>
        </ns2:item>
    </ns2:body>
</ns2:performanceContract>
