<?xml version="1.0" encoding="UTF-8" standalone="yes"?>
<ns2:performanceContract xsi:schemaLocation="http://zakupki.gov.ru/223/integration/schema/TFF-5.2 http://zakupki.gov.ru/223/integration/schema/TFF-5.2/Types.xsd" xmlns="http://zakupki.gov.ru/223fz/types/1" xmlns:ns10="http://zakupki.gov.ru/223fz/disagreementProtocol/1" xmlns:ns11="http://zakupki.gov.ru/223fz/purchase/1" xmlns:ns12="http://zakupki.gov.ru/223fz/machineryListInfo/1" xmlns:ns13="http://zakupki.gov.ru/223fz/revenue/1" xmlns:ns14="http://zakupki.gov.ru/223fz/orderClauseList/1" xmlns:ns15="http://zakupki.gov.ru/223fz/complaint/1" xmlns:ns16="http://zakupki.gov.ru/223fz/missedNotice/1" xmlns:ns17="http://zakupki.gov.ru/223fz/notificationIssue/1" xmlns:ns18="http://zakupki.gov.ru/223fz/purchasePlanProject/1" xmlns:ns19="http://zakupki.gov.ru/223fz/webRequest/1" xmlns:ns2="http://zakupki.gov.ru/223fz/contract/1" xmlns:xsi="http://www.w3.org/2001/XMLSchema-instance" xmlns:ns3="http://zakupki.gov.ru/223fz/dishonestSupplier/1" xmlns:ns4="http://zakupki.gov.ru/223fz/decisionSuspension/1" xmlns:ns5="http://zakupki.gov.ru/223fz/purchasePlanAdditionalPosition/1" xmlns:ns6="http://zakupki.gov.ru/223fz/purchasePlan/1" xmlns:ns7="http://zakupki.gov.ru/223fz/purchasePlanProjectAdditionalPosition/1" xmlns:ns8="http://zakupki.gov.ru/223fz/reference/1" xmlns:ns9="http://zakupki.gov.ru/223fz/stopCommodity/1">
    <header>
        <guid>3c076e20-a369-4463-b1f4-41a56cebbe25</guid>
        <createDateTime>2017-03-30T06:14:31</createDateTime>
    </header>
    <ns2:body>
        <ns2:item>
            <guid>622d8cfb-fe75-4326-9b91-c45cbd73408f</guid>
            <ns2:performanceContractData>
                <ns2:guid>5d31952d-a874-4978-9d7d-01de45645c65</ns2:guid>
                <ns2:registrationNumber>56620016604170000010005</ns2:registrationNumber>
                <ns2:urlOOS>https://zakupki.gov.ru/223/contract/private/completing/info/view.html?id=2662028</ns2:urlOOS>
                <ns2:createDateTime>2017-02-15T11:06:49</ns2:createDateTime>
                <ns2:customer>
                    <mainInfo>
                        <fullName>МУНИЦИПАЛЬНОЕ АВТОНОМНОЕ ДОШКОЛЬНОЕ ОБРАЗОВАТЕЛЬНОЕ УЧРЕЖДЕНИЕ ДЕТСКИЙ САД № 18</fullName>
                        <shortName>МАДОУ № 18</shortName>
                        <iko>56620016604662001001</iko>
                        <inn>6620016604</inn>
                        <kpp>668101001</kpp>
                        <ogrn>1116620000155</ogrn>
                        <legalAddress>624315, ОБЛ СВЕРДЛОВСКАЯ, Г КУШВА, П БАРАНЧИНСКИЙ, ПЕР КВАРТАЛЬНЫЙ, дом 17</legalAddress>
                        <postalAddress>624315, Свердловская Область, Кушва Город, Баранчинский Поселок, Квартальный Переулок, дом 17</postalAddress>
                        <phone>7-34344-52508</phone>
                        <email>mkdou18@mail.ru</email>
                        <okato>65470000000</okato>
                        <okpo>91088058</okpo>
                    </mainInfo>
                </ns2:customer>
                <ns2:placer>
                    <mainInfo>
                        <fullName>МУНИЦИПАЛЬНОЕ АВТОНОМНОЕ ДОШКОЛЬНОЕ ОБРАЗОВАТЕЛЬНОЕ УЧРЕЖДЕНИЕ ДЕТСКИЙ САД № 18</fullName>
                        <shortName>МАДОУ № 18</shortName>
                        <iko>56620016604662001001</iko>
                        <inn>6620016604</inn>
                        <kpp>668101001</kpp>
                        <ogrn>1116620000155</ogrn>
                        <legalAddress>624315, ОБЛ СВЕРДЛОВСКАЯ, Г КУШВА, П БАРАНЧИНСКИЙ, ПЕР КВАРТАЛЬНЫЙ, дом 17</legalAddress>
                        <postalAddress>624315, Свердловская Область, Кушва Город, Баранчинский Поселок, Квартальный Переулок, дом 17</postalAddress>
                        <phone>7-34344-52508</phone>
                        <email>mkdou18@mail.ru</email>
                        <okato>65470000000</okato>
                        <okpo>91088058</okpo>
                    </mainInfo>
                </ns2:placer>
                <ns2:publicationDate>2017-03-30T06:14:31</ns2:publicationDate>
                <ns2:status>P</ns2:status>
                <ns2:version>1</ns2:version>
                <ns2:completed>false</ns2:completed>
                <ns2:attachments>
                    <totalDocumentsCount>2</totalDocumentsCount>
                    <document>
                        <guid>c4ad33cb-0065-4bde-ab7b-178c841b062e</guid>
                        <createDateTime>2017-03-30T06:13:17</createDateTime>
                        <fileName>пл за электро.pdf</fileName>
                        <description>пл за электро</description>
                        <url>https://zakupki.gov.ru/223/contract/private/download/download.html?id=11713106</url>
                        <registrationNumber>56620016604170000010006</registrationNumber>
                    </document>
                    <document>
                        <guid>ff20a693-65c2-4fd2-a1be-55ab69a2eb16</guid>
                        <createDateTime>2017-03-30T06:14:19</createDateTime>
                        <fileName>энергосбыт от 28.02.2017.pdf</fileName>
                        <description>энергосбыт от 28.02.2017</description>
                        <url>https://zakupki.gov.ru/223/contract/private/download/download.html?id=11713110</url>
                        <registrationNumber>56620016604170000010007</registrationNumber>
                    </document>
                </ns2:attachments>
                <ns2:hasPenalty>false</ns2:hasPenalty>
                <ns2:contractRegNumber>56620016604170000010000</ns2:contractRegNumber>
                <ns2:contractInfo>
                    <ns2:guid>52912b5c-7cc0-4055-9ab4-035803e9b44c</ns2:guid>
                    <ns2:name>38091</ns2:name>
                    <ns2:agencyName>МАДОУ № 18</ns2:agencyName>
                    <ns2:supplierName>ОТКРЫТОЕ АКЦИОНЕРНОЕ ОБЩЕСТВО "ЭНЕРГОСБЫТ ПЛЮС"</ns2:supplierName>
                    <ns2:lotInfo>Продажа электрической энергии</ns2:lotInfo>
                    <ns2:contractDate>2017-01-23</ns2:contractDate>
                </ns2:contractInfo>
                <ns2:positions>
                    <ns2:position>
                        <ns2:ordinal>1</ns2:ordinal>
                        <ns2:paymentDate>2017-03-24</ns2:paymentDate>
                        <ns2:price>21336.09</ns2:price>
                        <ns2:currency>
                            <code>RUB</code>
                            <digitalCode>643</digitalCode>
                            <name>Российский рубль</name>
                        </ns2:currency>
                        <ns2:rubPrice>21336.09</ns2:rubPrice>
                        <ns2:prepaid>false</ns2:prepaid>
                        <ns2:docs>
                            <ns2:doc>
                                <ns2:ordinal>1</ns2:ordinal>
                                <ns2:date>2017-02-28</ns2:date>
                                <ns2:code>19</ns2:code>
                                <ns2:name>счет-фактура</ns2:name>
                                <ns2:number>0009466/0457</ns2:number>
                                <ns2:contractPosition>
                                    <ns2:guid>8944017b-ecd6-440e-a84b-4059a3ca7eb8</ns2:guid>
                                    <ns2:name>Электроэнергия, газ, пар и кондиционирование воздуха</ns2:name>
                                    <ns2:okpd2>
                                        <code>35</code>
                                        <name>Электроэнергия, газ, пар и кондиционирование воздуха</name>
                                    </ns2:okpd2>
                                </ns2:contractPosition>
                                <ns2:okei>
                                    <code>214</code>
                                    <name>Киловатт</name>
                                </ns2:okei>
                                <ns2:qty>3330</ns2:qty>
                            </ns2:doc>
                        </ns2:docs>
                    </ns2:position>
                    <ns2:total>21336.09</ns2:total>
                </ns2:positions>
            </ns2:performanceContractData>
        </ns2:item>
    </ns2:body>
</ns2:performanceContract>
