<?xml version="1.0" encoding="UTF-8" standalone="yes"?>
<ns2:performanceContract xsi:schemaLocation="http://zakupki.gov.ru/223/integration/schema/TFF-5.2 http://zakupki.gov.ru/223/integration/schema/TFF-5.2/Types.xsd" xmlns="http://zakupki.gov.ru/223fz/types/1" xmlns:ns10="http://zakupki.gov.ru/223fz/disagreementProtocol/1" xmlns:ns11="http://zakupki.gov.ru/223fz/purchase/1" xmlns:ns12="http://zakupki.gov.ru/223fz/machineryListInfo/1" xmlns:ns13="http://zakupki.gov.ru/223fz/revenue/1" xmlns:ns14="http://zakupki.gov.ru/223fz/orderClauseList/1" xmlns:ns15="http://zakupki.gov.ru/223fz/complaint/1" xmlns:ns16="http://zakupki.gov.ru/223fz/missedNotice/1" xmlns:ns17="http://zakupki.gov.ru/223fz/notificationIssue/1" xmlns:ns18="http://zakupki.gov.ru/223fz/purchasePlanProject/1" xmlns:ns19="http://zakupki.gov.ru/223fz/webRequest/1" xmlns:ns2="http://zakupki.gov.ru/223fz/contract/1" xmlns:xsi="http://www.w3.org/2001/XMLSchema-instance" xmlns:ns3="http://zakupki.gov.ru/223fz/dishonestSupplier/1" xmlns:ns4="http://zakupki.gov.ru/223fz/decisionSuspension/1" xmlns:ns5="http://zakupki.gov.ru/223fz/purchasePlanAdditionalPosition/1" xmlns:ns6="http://zakupki.gov.ru/223fz/purchasePlan/1" xmlns:ns7="http://zakupki.gov.ru/223fz/purchasePlanProjectAdditionalPosition/1" xmlns:ns8="http://zakupki.gov.ru/223fz/reference/1" xmlns:ns9="http://zakupki.gov.ru/223fz/stopCommodity/1">
    <header>
        <guid>ec423775-c3a3-424f-952e-aaa2d8b57543</guid>
        <createDateTime>2017-03-30T07:47:45</createDateTime>
    </header>
    <ns2:body>
        <ns2:item>
            <guid>43ff4faf-4bff-4b00-a8bb-3ea296c589e9</guid>
            <ns2:performanceContractData>
                <ns2:guid>4afaaa96-9313-47f3-bd44-0a903d89219a</ns2:guid>
                <ns2:registrationNumber>56671163413160017830068</ns2:registrationNumber>
                <ns2:urlOOS>https://zakupki.gov.ru/223/contract/private/completing/info/view.html?id=2662432</ns2:urlOOS>
                <ns2:createDateTime>2016-07-19T06:58:42</ns2:createDateTime>
                <ns2:customer>
                    <mainInfo>
                        <fullName>Открытое акционерное общество "Межрегиональная распределительная сетевая компания Урала"</fullName>
                        <shortName>ОАО "МРСК Урала"</shortName>
                        <iko>56671163413667201001</iko>
                        <inn>6671163413</inn>
                        <kpp>667201001</kpp>
                        <ogrn>1056604000970</ogrn>
                        <legalAddress>620026, Свердловская, Екатеринбург, Мамина-Сибиряка, дом 140</legalAddress>
                        <postalAddress>620026, Свердловская область, Екатеринбург, Мамина-Сибиряка, дом 140 </postalAddress>
                        <phone>7-343-2152600</phone>
                        <fax>7-343-2152661</fax>
                        <email>mrsk@mrsk-ural.ru</email>
                        <okato>65401000000</okato>
                        <okpo>76507836</okpo>
                    </mainInfo>
                </ns2:customer>
                <ns2:placer>
                    <mainInfo>
                        <fullName>Открытое акционерное общество "Межрегиональная распределительная сетевая компания Урала"</fullName>
                        <shortName>ОАО "МРСК Урала"</shortName>
                        <iko>56671163413667201001</iko>
                        <inn>6671163413</inn>
                        <kpp>667201001</kpp>
                        <ogrn>1056604000970</ogrn>
                        <legalAddress>620026, Свердловская, Екатеринбург, Мамина-Сибиряка, дом 140</legalAddress>
                        <postalAddress>620026, Свердловская область, Екатеринбург, Мамина-Сибиряка, дом 140 </postalAddress>
                        <phone>7-343-2152600</phone>
                        <fax>7-343-2152661</fax>
                        <email>mrsk@mrsk-ural.ru</email>
                        <okato>65401000000</okato>
                        <okpo>76507836</okpo>
                    </mainInfo>
                </ns2:placer>
                <ns2:publicationDate>2017-03-30T07:47:45</ns2:publicationDate>
                <ns2:status>P</ns2:status>
                <ns2:version>1</ns2:version>
                <ns2:completed>false</ns2:completed>
                <ns2:attachments>
                    <totalDocumentsCount>5</totalDocumentsCount>
                    <document>
                        <guid>32582a8a-4dfe-472a-96bf-da0c05bfbc6e</guid>
                        <createDateTime>2017-03-30T07:43:06</createDateTime>
                        <fileName>Платежное поручение от 29.03.17 № 1510.pdf</fileName>
                        <description>Платежное поручение от 29.03.17 № 1510</description>
                        <url>https://zakupki.gov.ru/223/contract/private/download/download.html?id=11715011</url>
                        <registrationNumber>56671163413160017830069</registrationNumber>
                    </document>
                    <document>
                        <guid>97a9a8cf-027e-4165-988e-f3d773cb039f</guid>
                        <createDateTime>2017-03-30T07:42:33</createDateTime>
                        <fileName>Отчет о внесенных изменениях с СУ НСИ.pdf</fileName>
                        <description>Отчет о внесенных изменениях с СУ НСИ</description>
                        <url>https://zakupki.gov.ru/223/contract/private/download/download.html?id=11714995</url>
                        <registrationNumber>56671163413160017830070</registrationNumber>
                    </document>
                    <document>
                        <guid>f381baeb-f640-4615-bac3-ee056985f840</guid>
                        <createDateTime>2017-03-30T07:42:46</createDateTime>
                        <fileName>Счет-фактура от 28.02.2017 № 14600.pdf</fileName>
                        <description>Счет-фактура от 28.02.2017 № 14600</description>
                        <url>https://zakupki.gov.ru/223/contract/private/download/download.html?id=11715001</url>
                        <registrationNumber>56671163413160017830071</registrationNumber>
                    </document>
                    <document>
                        <guid>7bd4786c-c080-401e-8527-86ba2fe1b6cc</guid>
                        <createDateTime>2017-03-30T07:42:57</createDateTime>
                        <fileName>Счет на оплату от 28.02.2017 № 448.pdf</fileName>
                        <description>Счет на оплату от 28.02.2017 № 448</description>
                        <url>https://zakupki.gov.ru/223/contract/private/download/download.html?id=11715007</url>
                        <registrationNumber>56671163413160017830072</registrationNumber>
                    </document>
                    <document>
                        <guid>22c6c457-bf6d-4abd-8977-496daa543706</guid>
                        <createDateTime>2017-03-30T07:42:12</createDateTime>
                        <fileName>Акт сдачи-приемки от 28.02.2017 № 11.pdf</fileName>
                        <description>Акт сдачи-приемки от 28.02.2017 № 11</description>
                        <url>https://zakupki.gov.ru/223/contract/private/download/download.html?id=11714991</url>
                        <registrationNumber>56671163413160017830073</registrationNumber>
                    </document>
                </ns2:attachments>
                <ns2:hasPenalty>false</ns2:hasPenalty>
                <ns2:contractRegNumber>56671163413160017830000</ns2:contractRegNumber>
                <ns2:contractInfo>
                    <ns2:guid>159ad87c-c4c7-4ce5-aef8-3ccbfa6bba04</ns2:guid>
                    <ns2:name>190/2016</ns2:name>
                    <ns2:agencyName>ОАО "МРСК Урала"</ns2:agencyName>
                    <ns2:supplierName>АКЦИОНЕРНОЕ ОБЩЕСТВО "УПРАВЛЕНИЕ ВОЛОКОННО-ОПТИЧЕСКИМИ ЛИНИЯМИ СВЯЗИ НА ВОЗДУШНЫХ ЛИНИЯХ ЭЛЕКТРОПЕРЕДАЧИ МЕЖРЕГИОНАЛЬНЫХ РАСПРЕДЕЛИТЕЛЬНЫХ СЕТЕВЫХ КОМПАНИЙ"</ns2:supplierName>
                    <ns2:lotInfo>на право заключения договоров на оказание услуг по сопровождению НСИ для нужд ДЗО ПАО «Россети».</ns2:lotInfo>
                    <ns2:contractDate>2016-07-18</ns2:contractDate>
                </ns2:contractInfo>
                <ns2:positions>
                    <ns2:position>
                        <ns2:ordinal>1</ns2:ordinal>
                        <ns2:paymentDate>2017-03-29</ns2:paymentDate>
                        <ns2:price>39254</ns2:price>
                        <ns2:currency>
                            <code>RUB</code>
                            <digitalCode>643</digitalCode>
                            <name>Российский рубль</name>
                        </ns2:currency>
                        <ns2:rubPrice>39254</ns2:rubPrice>
                        <ns2:prepaid>false</ns2:prepaid>
                        <ns2:docs>
                            <ns2:doc>
                                <ns2:ordinal>2</ns2:ordinal>
                                <ns2:date>2017-02-28</ns2:date>
                                <ns2:code>37</ns2:code>
                                <ns2:name>прочие документы о приемке</ns2:name>
                                <ns2:contractPosition>
                                    <ns2:guid>3cabb75b-4f81-014e-e053-ac11070d70ec</ns2:guid>
                                    <ns2:name>Консультационные услуги по организации информационного обеспечения (системам сбора информации, входные и выходные формы, нормативно - техническое и правовое обеспечение)</ns2:name>
                                    <ns2:okpd2>
                                        <code>62.02.20</code>
                                        <name>Услуги консультативные по вопросам систем и программному обеспечению</name>
                                    </ns2:okpd2>
                                </ns2:contractPosition>
                                <ns2:okei>
                                    <code>796</code>
                                    <name>Штука</name>
                                </ns2:okei>
                                <ns2:qty>1</ns2:qty>
                            </ns2:doc>
                            <ns2:doc>
                                <ns2:ordinal>3</ns2:ordinal>
                                <ns2:date>2017-02-28</ns2:date>
                                <ns2:code>19</ns2:code>
                                <ns2:name>счет-фактура</ns2:name>
                                <ns2:number>14600</ns2:number>
                                <ns2:contractPosition>
                                    <ns2:guid>3cabb75b-4f81-014e-e053-ac11070d70ec</ns2:guid>
                                    <ns2:name>Консультационные услуги по организации информационного обеспечения (системам сбора информации, входные и выходные формы, нормативно - техническое и правовое обеспечение)</ns2:name>
                                    <ns2:okpd2>
                                        <code>62.02.20</code>
                                        <name>Услуги консультативные по вопросам систем и программному обеспечению</name>
                                    </ns2:okpd2>
                                </ns2:contractPosition>
                                <ns2:okei>
                                    <code>796</code>
                                    <name>Штука</name>
                                </ns2:okei>
                                <ns2:qty>1</ns2:qty>
                            </ns2:doc>
                            <ns2:doc>
                                <ns2:ordinal>4</ns2:ordinal>
                                <ns2:date>2017-02-28</ns2:date>
                                <ns2:code>18</ns2:code>
                                <ns2:name>счет на оплату</ns2:name>
                                <ns2:number>448</ns2:number>
                                <ns2:contractPosition>
                                    <ns2:guid>3cabb75b-4f81-014e-e053-ac11070d70ec</ns2:guid>
                                    <ns2:name>Консультационные услуги по организации информационного обеспечения (системам сбора информации, входные и выходные формы, нормативно - техническое и правовое обеспечение)</ns2:name>
                                    <ns2:okpd2>
                                        <code>62.02.20</code>
                                        <name>Услуги консультативные по вопросам систем и программному обеспечению</name>
                                    </ns2:okpd2>
                                </ns2:contractPosition>
                                <ns2:okei>
                                    <code>796</code>
                                    <name>Штука</name>
                                </ns2:okei>
                                <ns2:qty>1</ns2:qty>
                            </ns2:doc>
                            <ns2:doc>
                                <ns2:ordinal>5</ns2:ordinal>
                                <ns2:date>2017-03-29</ns2:date>
                                <ns2:code>37</ns2:code>
                                <ns2:name>прочие документы о приемке</ns2:name>
                                <ns2:number>1510</ns2:number>
                                <ns2:contractPosition>
                                    <ns2:guid>3cabb75b-4f81-014e-e053-ac11070d70ec</ns2:guid>
                                    <ns2:name>Консультационные услуги по организации информационного обеспечения (системам сбора информации, входные и выходные формы, нормативно - техническое и правовое обеспечение)</ns2:name>
                                    <ns2:okpd2>
                                        <code>62.02.20</code>
                                        <name>Услуги консультативные по вопросам систем и программному обеспечению</name>
                                    </ns2:okpd2>
                                </ns2:contractPosition>
                                <ns2:okei>
                                    <code>796</code>
                                    <name>Штука</name>
                                </ns2:okei>
                                <ns2:qty>1</ns2:qty>
                            </ns2:doc>
                            <ns2:doc>
                                <ns2:ordinal>1</ns2:ordinal>
                                <ns2:date>2017-02-28</ns2:date>
                                <ns2:code>20</ns2:code>
                                <ns2:name>акт выполненных работ</ns2:name>
                                <ns2:number>11</ns2:number>
                                <ns2:contractPosition>
                                    <ns2:guid>3cabb75b-4f81-014e-e053-ac11070d70ec</ns2:guid>
                                    <ns2:name>Консультационные услуги по организации информационного обеспечения (системам сбора информации, входные и выходные формы, нормативно - техническое и правовое обеспечение)</ns2:name>
                                    <ns2:okpd2>
                                        <code>62.02.20</code>
                                        <name>Услуги консультативные по вопросам систем и программному обеспечению</name>
                                    </ns2:okpd2>
                                </ns2:contractPosition>
                                <ns2:okei>
                                    <code>796</code>
                                    <name>Штука</name>
                                </ns2:okei>
                                <ns2:qty>1</ns2:qty>
                            </ns2:doc>
                        </ns2:docs>
                    </ns2:position>
                    <ns2:total>39254</ns2:total>
                </ns2:positions>
            </ns2:performanceContractData>
        </ns2:item>
    </ns2:body>
</ns2:performanceContract>
