<?xml version="1.0" encoding="UTF-8" standalone="yes"?>
<ns2:performanceContract xsi:schemaLocation="http://zakupki.gov.ru/223/integration/schema/TFF-5.2 http://zakupki.gov.ru/223/integration/schema/TFF-5.2/Types.xsd" xmlns="http://zakupki.gov.ru/223fz/types/1" xmlns:ns10="http://zakupki.gov.ru/223fz/disagreementProtocol/1" xmlns:ns11="http://zakupki.gov.ru/223fz/purchase/1" xmlns:ns12="http://zakupki.gov.ru/223fz/machineryListInfo/1" xmlns:ns13="http://zakupki.gov.ru/223fz/revenue/1" xmlns:ns14="http://zakupki.gov.ru/223fz/orderClauseList/1" xmlns:ns15="http://zakupki.gov.ru/223fz/complaint/1" xmlns:ns16="http://zakupki.gov.ru/223fz/missedNotice/1" xmlns:ns17="http://zakupki.gov.ru/223fz/notificationIssue/1" xmlns:ns18="http://zakupki.gov.ru/223fz/purchasePlanProject/1" xmlns:ns19="http://zakupki.gov.ru/223fz/webRequest/1" xmlns:ns2="http://zakupki.gov.ru/223fz/contract/1" xmlns:xsi="http://www.w3.org/2001/XMLSchema-instance" xmlns:ns3="http://zakupki.gov.ru/223fz/dishonestSupplier/1" xmlns:ns4="http://zakupki.gov.ru/223fz/decisionSuspension/1" xmlns:ns5="http://zakupki.gov.ru/223fz/purchasePlanAdditionalPosition/1" xmlns:ns6="http://zakupki.gov.ru/223fz/purchasePlan/1" xmlns:ns7="http://zakupki.gov.ru/223fz/purchasePlanProjectAdditionalPosition/1" xmlns:ns8="http://zakupki.gov.ru/223fz/reference/1" xmlns:ns9="http://zakupki.gov.ru/223fz/stopCommodity/1">
    <header>
        <guid>edb8c75a-011e-4055-8329-7af7321c9dee</guid>
        <createDateTime>2017-03-30T06:19:54</createDateTime>
    </header>
    <ns2:body>
        <ns2:item>
            <guid>18b99475-a4e9-498b-a368-acd7e782e592</guid>
            <ns2:performanceContractData>
                <ns2:guid>e8642391-238d-4e3a-8154-7319f2431e7a</ns2:guid>
                <ns2:registrationNumber>56620016604170000020005</ns2:registrationNumber>
                <ns2:urlOOS>https://zakupki.gov.ru/223/contract/private/completing/info/view.html?id=2662040</ns2:urlOOS>
                <ns2:createDateTime>2017-02-15T11:34:04</ns2:createDateTime>
                <ns2:customer>
                    <mainInfo>
                        <fullName>МУНИЦИПАЛЬНОЕ АВТОНОМНОЕ ДОШКОЛЬНОЕ ОБРАЗОВАТЕЛЬНОЕ УЧРЕЖДЕНИЕ ДЕТСКИЙ САД № 18</fullName>
                        <shortName>МАДОУ № 18</shortName>
                        <iko>56620016604662001001</iko>
                        <inn>6620016604</inn>
                        <kpp>668101001</kpp>
                        <ogrn>1116620000155</ogrn>
                        <legalAddress>624315, ОБЛ СВЕРДЛОВСКАЯ, Г КУШВА, П БАРАНЧИНСКИЙ, ПЕР КВАРТАЛЬНЫЙ, дом 17</legalAddress>
                        <postalAddress>624315, Свердловская Область, Кушва Город, Баранчинский Поселок, Квартальный Переулок, дом 17</postalAddress>
                        <phone>7-34344-52508</phone>
                        <email>mkdou18@mail.ru</email>
                        <okato>65470000000</okato>
                        <okpo>91088058</okpo>
                    </mainInfo>
                </ns2:customer>
                <ns2:placer>
                    <mainInfo>
                        <fullName>МУНИЦИПАЛЬНОЕ АВТОНОМНОЕ ДОШКОЛЬНОЕ ОБРАЗОВАТЕЛЬНОЕ УЧРЕЖДЕНИЕ ДЕТСКИЙ САД № 18</fullName>
                        <shortName>МАДОУ № 18</shortName>
                        <iko>56620016604662001001</iko>
                        <inn>6620016604</inn>
                        <kpp>668101001</kpp>
                        <ogrn>1116620000155</ogrn>
                        <legalAddress>624315, ОБЛ СВЕРДЛОВСКАЯ, Г КУШВА, П БАРАНЧИНСКИЙ, ПЕР КВАРТАЛЬНЫЙ, дом 17</legalAddress>
                        <postalAddress>624315, Свердловская Область, Кушва Город, Баранчинский Поселок, Квартальный Переулок, дом 17</postalAddress>
                        <phone>7-34344-52508</phone>
                        <email>mkdou18@mail.ru</email>
                        <okato>65470000000</okato>
                        <okpo>91088058</okpo>
                    </mainInfo>
                </ns2:placer>
                <ns2:publicationDate>2017-03-30T06:19:54</ns2:publicationDate>
                <ns2:status>P</ns2:status>
                <ns2:version>1</ns2:version>
                <ns2:completed>false</ns2:completed>
                <ns2:attachments>
                    <totalDocumentsCount>1</totalDocumentsCount>
                    <document>
                        <guid>0749ebdc-e6f9-4122-b1d2-ba1b6064334b</guid>
                        <createDateTime>2017-03-30T06:18:25</createDateTime>
                        <fileName>тепловая энергия.pdf</fileName>
                        <description>тепловая энергия</description>
                        <url>https://zakupki.gov.ru/223/contract/private/download/download.html?id=11713154</url>
                        <registrationNumber>56620016604170000020006</registrationNumber>
                    </document>
                </ns2:attachments>
                <ns2:hasPenalty>false</ns2:hasPenalty>
                <ns2:contractRegNumber>56620016604170000020000</ns2:contractRegNumber>
                <ns2:contractInfo>
                    <ns2:guid>4a3b9661-025f-45ec-bfe8-1928c80616c1</ns2:guid>
                    <ns2:name>301096</ns2:name>
                    <ns2:agencyName>МАДОУ № 18</ns2:agencyName>
                    <ns2:supplierName>АО "Облкоммунэнерго"</ns2:supplierName>
                    <ns2:lotInfo>поставка тепловой энергии</ns2:lotInfo>
                    <ns2:contractDate>2017-01-09</ns2:contractDate>
                </ns2:contractInfo>
                <ns2:positions>
                    <ns2:position>
                        <ns2:ordinal>1</ns2:ordinal>
                        <ns2:paymentDate>2017-03-24</ns2:paymentDate>
                        <ns2:price>54547.79</ns2:price>
                        <ns2:currency>
                            <code>RUB</code>
                            <digitalCode>643</digitalCode>
                            <name>Российский рубль</name>
                        </ns2:currency>
                        <ns2:rubPrice>54547.79</ns2:rubPrice>
                        <ns2:prepaid>false</ns2:prepaid>
                        <ns2:docs>
                            <ns2:doc>
                                <ns2:ordinal>1</ns2:ordinal>
                                <ns2:date>2017-02-28</ns2:date>
                                <ns2:code>19</ns2:code>
                                <ns2:name>счет-фактура</ns2:name>
                                <ns2:number>т2674</ns2:number>
                                <ns2:contractPosition>
                                    <ns2:guid>01e0f2c8-4353-404e-9454-2958e90257ea</ns2:guid>
                                    <ns2:name>Энергия тепловая, отпущенная котельными</ns2:name>
                                    <ns2:okpd2>
                                        <code>35.30.11.120</code>
                                        <name>Энергия тепловая, отпущенная котельными</name>
                                    </ns2:okpd2>
                                </ns2:contractPosition>
                                <ns2:okei>
                                    <code>233</code>
                                    <name>Гигакалория</name>
                                </ns2:okei>
                                <ns2:qty>31.035</ns2:qty>
                            </ns2:doc>
                        </ns2:docs>
                    </ns2:position>
                    <ns2:total>54547.79</ns2:total>
                </ns2:positions>
            </ns2:performanceContractData>
        </ns2:item>
    </ns2:body>
</ns2:performanceContract>
