<?xml version="1.0" encoding="UTF-8" standalone="yes"?>
<ns2:contractCancellation xsi:schemaLocation="http://zakupki.gov.ru/223/integration/schema/TFF-5.2 http://zakupki.gov.ru/223/integration/schema/TFF-5.2/Types.xsd" xmlns="http://zakupki.gov.ru/223fz/types/1" xmlns:ns10="http://zakupki.gov.ru/223fz/disagreementProtocol/1" xmlns:ns11="http://zakupki.gov.ru/223fz/purchase/1" xmlns:ns12="http://zakupki.gov.ru/223fz/machineryListInfo/1" xmlns:ns13="http://zakupki.gov.ru/223fz/revenue/1" xmlns:ns14="http://zakupki.gov.ru/223fz/orderClauseList/1" xmlns:ns15="http://zakupki.gov.ru/223fz/complaint/1" xmlns:ns16="http://zakupki.gov.ru/223fz/missedNotice/1" xmlns:ns17="http://zakupki.gov.ru/223fz/notificationIssue/1" xmlns:ns18="http://zakupki.gov.ru/223fz/purchasePlanProject/1" xmlns:ns19="http://zakupki.gov.ru/223fz/webRequest/1" xmlns:ns2="http://zakupki.gov.ru/223fz/contract/1" xmlns:xsi="http://www.w3.org/2001/XMLSchema-instance" xmlns:ns3="http://zakupki.gov.ru/223fz/dishonestSupplier/1" xmlns:ns4="http://zakupki.gov.ru/223fz/decisionSuspension/1" xmlns:ns5="http://zakupki.gov.ru/223fz/purchasePlanAdditionalPosition/1" xmlns:ns6="http://zakupki.gov.ru/223fz/purchasePlan/1" xmlns:ns7="http://zakupki.gov.ru/223fz/purchasePlanProjectAdditionalPosition/1" xmlns:ns8="http://zakupki.gov.ru/223fz/reference/1" xmlns:ns9="http://zakupki.gov.ru/223fz/stopCommodity/1">
    <header>
        <guid>ed67164c-8784-4ff8-bea4-e318af02798c</guid>
        <createDateTime>2017-03-30T06:46:28</createDateTime>
    </header>
    <ns2:body>
        <ns2:item>
            <guid>f71cb978-2945-492a-bd12-ba0940811731</guid>
            <ns2:contractCancellationData>
                <ns2:guid>7edf7b2b-dedd-4b91-ba7b-d28585eb866c</ns2:guid>
                <ns2:registrationNumber>86658077733150000120011</ns2:registrationNumber>
                <ns2:urlOOS>https://zakupki.gov.ru/223/contract/private/completing/info/view.html?id=2662140</ns2:urlOOS>
                <ns2:createDateTime>2017-03-30T06:46:17</ns2:createDateTime>
                <ns2:customer>
                    <mainInfo>
                        <fullName>Муниципальное бюджетное дошкольное образовательное учреждение - детский сад № 36</fullName>
                        <shortName>МБДОУ - детский сад № 36</shortName>
                        <iko>86658077733665801001</iko>
                        <inn>6658077733</inn>
                        <kpp>665801001</kpp>
                        <ogrn>1026602317961</ogrn>
                        <legalAddress>620131, Свердловская, Екатеринбург, Заводская, дом 44, корпус а</legalAddress>
                        <postalAddress>620131, Свердловская, Екатеринбург, Заводская, дом 44, корпус а</postalAddress>
                        <phone>7-343-2051260</phone>
                        <fax>7-343-2051045</fax>
                        <email>sweta_punpolewa@mail.ru</email>
                        <okato>65401364000</okato>
                        <okpo>46653078</okpo>
                    </mainInfo>
                </ns2:customer>
                <ns2:placer>
                    <mainInfo>
                        <fullName>Муниципальное бюджетное дошкольное образовательное учреждение - детский сад № 36</fullName>
                        <shortName>МБДОУ - детский сад № 36</shortName>
                        <iko>86658077733665801001</iko>
                        <inn>6658077733</inn>
                        <kpp>665801001</kpp>
                        <ogrn>1026602317961</ogrn>
                        <legalAddress>620131, Свердловская, Екатеринбург, Заводская, дом 44, корпус а</legalAddress>
                        <postalAddress>620131, Свердловская, Екатеринбург, Заводская, дом 44, корпус а</postalAddress>
                        <phone>7-343-2051260</phone>
                        <fax>7-343-2051045</fax>
                        <email>sweta_punpolewa@mail.ru</email>
                        <okato>65401364000</okato>
                        <okpo>46653078</okpo>
                    </mainInfo>
                </ns2:placer>
                <ns2:publicationDate>2017-03-30T06:46:28</ns2:publicationDate>
                <ns2:status>P</ns2:status>
                <ns2:version>1</ns2:version>
                <ns2:attachments>
                    <totalDocumentsCount>1</totalDocumentsCount>
                    <document>
                        <guid>fd82ee8a-43c9-4b78-bf5c-db563a71283f</guid>
                        <createDateTime>2017-03-30T06:46:14</createDateTime>
                        <fileName>расторжение договора 312.pdf</fileName>
                        <description>расторжение договора 312</description>
                        <url>https://zakupki.gov.ru/223/contract/private/download/download.html?id=11713598</url>
                        <registrationNumber>86658077733150000120012</registrationNumber>
                    </document>
                </ns2:attachments>
                <ns2:hasPenalty>false</ns2:hasPenalty>
                <ns2:contractRegNumber>86658077733150000120000</ns2:contractRegNumber>
                <ns2:contractInfo>
                    <ns2:guid>f24c1195-7ecd-4ab2-8e8f-c63c46ac7b88</ns2:guid>
                    <ns2:name>312</ns2:name>
                    <ns2:agencyName>МБДОУ - детский сад № 36</ns2:agencyName>
                    <ns2:supplierName>ОБЩЕСТВО С ОГРАНИЧЕННОЙ ОТВЕТСТВЕННОСТЬЮ "АМИКОР"</ns2:supplierName>
                    <ns2:lotInfo>Кура, яйцо</ns2:lotInfo>
                    <ns2:contractDate>2015-12-21</ns2:contractDate>
                </ns2:contractInfo>
                <ns2:baseContractCancellationCode>1</ns2:baseContractCancellationCode>
                <ns2:baseContractCancellationName>Соглашение сторон</ns2:baseContractCancellationName>
                <ns2:baseRejectionDocCode>11</ns2:baseRejectionDocCode>
                <ns2:baseRejectionDocName>Дополнительное соглашение к договору</ns2:baseRejectionDocName>
                <ns2:completionDate>2017-03-29T00:00:00</ns2:completionDate>
                <ns2:baseRejectionDocDate>2017-03-29</ns2:baseRejectionDocDate>
            </ns2:contractCancellationData>
        </ns2:item>
    </ns2:body>
</ns2:contractCancellation>
