<?xml version="1.0" encoding="UTF-8" standalone="yes"?>
<ns2:performanceContract xsi:schemaLocation="http://zakupki.gov.ru/223/integration/schema/TFF-5.2 http://zakupki.gov.ru/223/integration/schema/TFF-5.2/Types.xsd" xmlns="http://zakupki.gov.ru/223fz/types/1" xmlns:ns10="http://zakupki.gov.ru/223fz/disagreementProtocol/1" xmlns:ns11="http://zakupki.gov.ru/223fz/purchase/1" xmlns:ns12="http://zakupki.gov.ru/223fz/machineryListInfo/1" xmlns:ns13="http://zakupki.gov.ru/223fz/revenue/1" xmlns:ns14="http://zakupki.gov.ru/223fz/orderClauseList/1" xmlns:ns15="http://zakupki.gov.ru/223fz/complaint/1" xmlns:ns16="http://zakupki.gov.ru/223fz/missedNotice/1" xmlns:ns17="http://zakupki.gov.ru/223fz/notificationIssue/1" xmlns:ns18="http://zakupki.gov.ru/223fz/purchasePlanProject/1" xmlns:ns19="http://zakupki.gov.ru/223fz/webRequest/1" xmlns:ns2="http://zakupki.gov.ru/223fz/contract/1" xmlns:xsi="http://www.w3.org/2001/XMLSchema-instance" xmlns:ns3="http://zakupki.gov.ru/223fz/dishonestSupplier/1" xmlns:ns4="http://zakupki.gov.ru/223fz/decisionSuspension/1" xmlns:ns5="http://zakupki.gov.ru/223fz/purchasePlanAdditionalPosition/1" xmlns:ns6="http://zakupki.gov.ru/223fz/purchasePlan/1" xmlns:ns7="http://zakupki.gov.ru/223fz/purchasePlanProjectAdditionalPosition/1" xmlns:ns8="http://zakupki.gov.ru/223fz/reference/1" xmlns:ns9="http://zakupki.gov.ru/223fz/stopCommodity/1">
    <header>
        <guid>be1b31fe-c1d3-4020-80ed-eb28d04b5e92</guid>
        <createDateTime>2017-03-30T06:41:55</createDateTime>
    </header>
    <ns2:body>
        <ns2:item>
            <guid>b1279909-b5f0-4e5c-9c6e-8b87e1fbd926</guid>
            <ns2:performanceContractData>
                <ns2:guid>3e326df6-3398-45d3-b52a-c1e21ac67f09</ns2:guid>
                <ns2:registrationNumber>86663031653160000320006</ns2:registrationNumber>
                <ns2:urlOOS>https://zakupki.gov.ru/223/contract/private/completing/info/view.html?id=2662103</ns2:urlOOS>
                <ns2:createDateTime>2017-03-06T08:51:02</ns2:createDateTime>
                <ns2:customer>
                    <mainInfo>
                        <fullName>Муниципальное бюджетное дошкольное образовательное учреждение - детский сад "Детство"</fullName>
                        <shortName>МБДОУ - детский сад "Детство"</shortName>
                        <iko>86663031653667301001</iko>
                        <inn>6663031653</inn>
                        <kpp>667301001</kpp>
                        <ogrn>1026605617686</ogrn>
                        <legalAddress>620088, Свердловская, Екатеринбург, Банникова, дом 7</legalAddress>
                        <postalAddress>г. Екатеринбург, пер. Банникова, 7</postalAddress>
                        <phone>7-343-3382867</phone>
                        <email>dsdetstvo@yandex.ru</email>
                        <okato>65401000000</okato>
                        <okpo>3990333</okpo>
                    </mainInfo>
                </ns2:customer>
                <ns2:placer>
                    <mainInfo>
                        <fullName>Муниципальное бюджетное дошкольное образовательное учреждение - детский сад "Детство"</fullName>
                        <shortName>МБДОУ - детский сад "Детство"</shortName>
                        <iko>86663031653667301001</iko>
                        <inn>6663031653</inn>
                        <kpp>667301001</kpp>
                        <ogrn>1026605617686</ogrn>
                        <legalAddress>620088, Свердловская, Екатеринбург, Банникова, дом 7</legalAddress>
                        <postalAddress>г. Екатеринбург, пер. Банникова, 7</postalAddress>
                        <phone>7-343-3382867</phone>
                        <email>dsdetstvo@yandex.ru</email>
                        <okato>65401000000</okato>
                        <okpo>3990333</okpo>
                    </mainInfo>
                </ns2:placer>
                <ns2:publicationDate>2017-03-30T06:41:55</ns2:publicationDate>
                <ns2:status>P</ns2:status>
                <ns2:version>1</ns2:version>
                <ns2:completed>true</ns2:completed>
                <ns2:attachments>
                    <totalDocumentsCount>1</totalDocumentsCount>
                    <document>
                        <guid>cb2eb177-90dc-47c7-b423-7b633ebec515</guid>
                        <createDateTime>2017-03-30T06:41:21</createDateTime>
                        <fileName>Акт сверки  ООО УГМК-АГРО.pdf</fileName>
                        <description>Акт сверки  ООО УГМК-АГРО</description>
                        <url>https://zakupki.gov.ru/223/contract/private/download/download.html?id=11713486</url>
                        <registrationNumber>86663031653160000320007</registrationNumber>
                    </document>
                </ns2:attachments>
                <ns2:hasPenalty>false</ns2:hasPenalty>
                <ns2:contractRegNumber>86663031653160000320000</ns2:contractRegNumber>
                <ns2:contractInfo>
                    <ns2:guid>462260c8-57c0-4175-addc-fe7fd6bc412b</ns2:guid>
                    <ns2:name>2-00/221/16/40</ns2:name>
                    <ns2:agencyName>МБДОУ - детский сад "Детство"</ns2:agencyName>
                    <ns2:supplierName>ОБЩЕСТВО С ОГРАНИЧЕННОЙ ОТВЕТСТВЕННОСТЬЮ "УГМК-АГРО"</ns2:supplierName>
                    <ns2:lotInfo>Поставка молочной продукции в ноябре-декабре 2016 года для филиала №40</ns2:lotInfo>
                    <ns2:contractDate>2016-11-01</ns2:contractDate>
                </ns2:contractInfo>
                <ns2:positions>
                    <ns2:position>
                        <ns2:ordinal>1</ns2:ordinal>
                        <ns2:paymentDate>2016-12-28</ns2:paymentDate>
                        <ns2:price>184035.6</ns2:price>
                        <ns2:currency>
                            <code>RUB</code>
                            <digitalCode>643</digitalCode>
                            <name>Российский рубль</name>
                        </ns2:currency>
                        <ns2:rubPrice>184035.6</ns2:rubPrice>
                        <ns2:prepaid>false</ns2:prepaid>
                        <ns2:docs>
                            <ns2:doc>
                                <ns2:ordinal>2</ns2:ordinal>
                                <ns2:code>01</ns2:code>
                                <ns2:name>товарная накладная</ns2:name>
                                <ns2:contractPosition>
                                    <ns2:guid>ecd01994-9cdd-4809-bce6-eedb7289d9ca</ns2:guid>
                                    <ns2:name>Сметана от 15,0 % до 19,0 % жирности</ns2:name>
                                    <ns2:okpd2>
                                        <code>10.51.52.122</code>
                                        <name>Сметана от 15,0 % до 19,0 % жирности</name>
                                    </ns2:okpd2>
                                </ns2:contractPosition>
                                <ns2:okei>
                                    <code>166</code>
                                    <name>Килограмм</name>
                                </ns2:okei>
                                <ns2:qty>78</ns2:qty>
                            </ns2:doc>
                            <ns2:doc>
                                <ns2:ordinal>1</ns2:ordinal>
                                <ns2:code>01</ns2:code>
                                <ns2:name>товарная накладная</ns2:name>
                                <ns2:contractPosition>
                                    <ns2:guid>da056d6c-adea-4c4c-bf1c-45aa00f257b4</ns2:guid>
                                    <ns2:name>Молоко питьевое пастеризованное</ns2:name>
                                    <ns2:okpd2>
                                        <code>10.51.11.110</code>
                                        <name>Молоко питьевое пастеризованное</name>
                                    </ns2:okpd2>
                                </ns2:contractPosition>
                                <ns2:okei>
                                    <code>112</code>
                                    <name>Литр; Кубический дециметр</name>
                                </ns2:okei>
                                <ns2:qty>2088</ns2:qty>
                            </ns2:doc>
                            <ns2:doc>
                                <ns2:ordinal>3</ns2:ordinal>
                                <ns2:code>01</ns2:code>
                                <ns2:name>товарная накладная</ns2:name>
                                <ns2:contractPosition>
                                    <ns2:guid>0ceef7c5-c1e6-47c8-9c98-ace0579abfb3</ns2:guid>
                                    <ns2:name>Кефир</ns2:name>
                                    <ns2:okpd2>
                                        <code>10.51.52.114</code>
                                        <name>Кефир</name>
                                    </ns2:okpd2>
                                </ns2:contractPosition>
                                <ns2:okei>
                                    <code>166</code>
                                    <name>Килограмм</name>
                                </ns2:okei>
                                <ns2:qty>306</ns2:qty>
                            </ns2:doc>
                            <ns2:doc>
                                <ns2:ordinal>4</ns2:ordinal>
                                <ns2:code>01</ns2:code>
                                <ns2:name>товарная накладная</ns2:name>
                                <ns2:contractPosition>
                                    <ns2:guid>85628df5-7709-4a4f-91cf-4b24b4481440</ns2:guid>
                                    <ns2:name>Йогурт</ns2:name>
                                    <ns2:okpd2>
                                        <code>10.51.52.111</code>
                                        <name>Йогурт без вкусовых компонентов</name>
                                    </ns2:okpd2>
                                </ns2:contractPosition>
                                <ns2:okei>
                                    <code>166</code>
                                    <name>Килограмм</name>
                                </ns2:okei>
                                <ns2:qty>136</ns2:qty>
                            </ns2:doc>
                            <ns2:doc>
                                <ns2:ordinal>5</ns2:ordinal>
                                <ns2:code>01</ns2:code>
                                <ns2:name>товарная накладная</ns2:name>
                                <ns2:contractPosition>
                                    <ns2:guid>15cf791f-b706-443e-b66a-4419acd14114</ns2:guid>
                                    <ns2:name>Ряженка и варенец</ns2:name>
                                    <ns2:okpd2>
                                        <code>10.51.52.113</code>
                                        <name>Ряженка и варенец</name>
                                    </ns2:okpd2>
                                </ns2:contractPosition>
                                <ns2:okei>
                                    <code>166</code>
                                    <name>Килограмм</name>
                                </ns2:okei>
                                <ns2:qty>140</ns2:qty>
                            </ns2:doc>
                            <ns2:doc>
                                <ns2:ordinal>6</ns2:ordinal>
                                <ns2:code>01</ns2:code>
                                <ns2:name>товарная накладная</ns2:name>
                                <ns2:contractPosition>
                                    <ns2:guid>749f9997-286d-450f-9119-e0ca86863e71</ns2:guid>
                                    <ns2:name>Творог от 4 % до 11 % жирности</ns2:name>
                                    <ns2:okpd2>
                                        <code>10.51.40.330</code>
                                        <name>Творог зерненый без вкусовых компонентов</name>
                                    </ns2:okpd2>
                                </ns2:contractPosition>
                                <ns2:okei>
                                    <code>166</code>
                                    <name>Килограмм</name>
                                </ns2:okei>
                                <ns2:qty>262.4</ns2:qty>
                            </ns2:doc>
                            <ns2:doc>
                                <ns2:ordinal>7</ns2:ordinal>
                                <ns2:code>01</ns2:code>
                                <ns2:name>товарная накладная</ns2:name>
                                <ns2:contractPosition>
                                    <ns2:guid>eea1f73f-ba7e-45a1-8e4c-fee6d3ecd5a4</ns2:guid>
                                    <ns2:name>Йогурт</ns2:name>
                                    <ns2:okpd2>
                                        <code>10.51.52.111</code>
                                        <name>Йогурт без вкусовых компонентов</name>
                                    </ns2:okpd2>
                                </ns2:contractPosition>
                                <ns2:okei>
                                    <code>166</code>
                                    <name>Килограмм</name>
                                </ns2:okei>
                                <ns2:qty>365.75</ns2:qty>
                            </ns2:doc>
                            <ns2:doc>
                                <ns2:ordinal>8</ns2:ordinal>
                                <ns2:code>01</ns2:code>
                                <ns2:name>товарная накладная</ns2:name>
                                <ns2:contractPosition>
                                    <ns2:guid>38571585-fa34-4177-b0a5-8015642a1fc9</ns2:guid>
                                    <ns2:name>Томаты (помидоры)</ns2:name>
                                    <ns2:okpd2>
                                        <code>01.13.34.000</code>
                                        <name>Томаты (помидоры)</name>
                                    </ns2:okpd2>
                                </ns2:contractPosition>
                                <ns2:okei>
                                    <code>166</code>
                                    <name>Килограмм</name>
                                </ns2:okei>
                                <ns2:qty>80</ns2:qty>
                            </ns2:doc>
                        </ns2:docs>
                    </ns2:position>
                    <ns2:total>184035.6</ns2:total>
                </ns2:positions>
            </ns2:performanceContractData>
        </ns2:item>
    </ns2:body>
</ns2:performanceContract>
