<?xml version="1.0" encoding="UTF-8" standalone="yes"?>
<ns2:performanceContract xsi:schemaLocation="http://zakupki.gov.ru/223/integration/schema/TFF-5.2 http://zakupki.gov.ru/223/integration/schema/TFF-5.2/Types.xsd" xmlns="http://zakupki.gov.ru/223fz/types/1" xmlns:ns10="http://zakupki.gov.ru/223fz/disagreementProtocol/1" xmlns:ns11="http://zakupki.gov.ru/223fz/purchase/1" xmlns:ns12="http://zakupki.gov.ru/223fz/machineryListInfo/1" xmlns:ns13="http://zakupki.gov.ru/223fz/revenue/1" xmlns:ns14="http://zakupki.gov.ru/223fz/orderClauseList/1" xmlns:ns15="http://zakupki.gov.ru/223fz/complaint/1" xmlns:ns16="http://zakupki.gov.ru/223fz/missedNotice/1" xmlns:ns17="http://zakupki.gov.ru/223fz/notificationIssue/1" xmlns:ns18="http://zakupki.gov.ru/223fz/purchasePlanProject/1" xmlns:ns19="http://zakupki.gov.ru/223fz/webRequest/1" xmlns:ns2="http://zakupki.gov.ru/223fz/contract/1" xmlns:xsi="http://www.w3.org/2001/XMLSchema-instance" xmlns:ns3="http://zakupki.gov.ru/223fz/dishonestSupplier/1" xmlns:ns4="http://zakupki.gov.ru/223fz/decisionSuspension/1" xmlns:ns5="http://zakupki.gov.ru/223fz/purchasePlanAdditionalPosition/1" xmlns:ns6="http://zakupki.gov.ru/223fz/purchasePlan/1" xmlns:ns7="http://zakupki.gov.ru/223fz/purchasePlanProjectAdditionalPosition/1" xmlns:ns8="http://zakupki.gov.ru/223fz/reference/1" xmlns:ns9="http://zakupki.gov.ru/223fz/stopCommodity/1">
    <header>
        <guid>db32a3a5-1daa-49bb-829f-51cd0a49a172</guid>
        <createDateTime>2017-03-30T09:57:21</createDateTime>
    </header>
    <ns2:body>
        <ns2:item>
            <guid>c1a934e0-75d0-41b0-981b-4c945e4d845c</guid>
            <ns2:performanceContractData>
                <ns2:guid>09ffadd5-b494-42d6-80e1-8af2dcbd89aa</ns2:guid>
                <ns2:registrationNumber>56658017389170000330005</ns2:registrationNumber>
                <ns2:urlOOS>https://zakupki.gov.ru/223/contract/private/completing/info/view.html?id=2663784</ns2:urlOOS>
                <ns2:createDateTime>2017-03-09T12:48:10</ns2:createDateTime>
                <ns2:customer>
                    <mainInfo>
                        <fullName>ФЕДЕРАЛЬНОЕ ГОСУДАРСТВЕННОЕ БЮДЖЕТНОЕ ОБРАЗОВАТЕЛЬНОЕ УЧРЕЖДЕНИЕ ВЫСШЕГО ОБРАЗОВАНИЯ "УРАЛЬСКИЙ ГОСУДАРСТВЕННЫЙ МЕДИЦИНСКИЙ УНИВЕРСИТЕТ" МИНИСТЕРСТВА ЗДРАВООХРАНЕНИЯ РОССИЙСКОЙ ФЕДЕРАЦИИ</fullName>
                        <shortName>ФГБОУ ВО УГМУ МИНЗДРАВА РОССИИ</shortName>
                        <iko>56658017389665801001</iko>
                        <inn>6658017389</inn>
                        <kpp>665801001</kpp>
                        <ogrn>1036602643990</ogrn>
                        <legalAddress>620028, ОБЛ СВЕРДЛОВСКАЯ, Г ЕКАТЕРИНБУРГ, УЛ РЕПИНА, дом 3</legalAddress>
                        <postalAddress>620028, г. Екатеринбург, ул. Репина, д. 3</postalAddress>
                        <phone>643-343-2148677</phone>
                        <fax>643-343-2147867</fax>
                        <email>zakupki@mail.ru</email>
                        <okato>65401000000</okato>
                        <okpo>01966265</okpo>
                    </mainInfo>
                </ns2:customer>
                <ns2:placer>
                    <mainInfo>
                        <fullName>ФЕДЕРАЛЬНОЕ ГОСУДАРСТВЕННОЕ БЮДЖЕТНОЕ ОБРАЗОВАТЕЛЬНОЕ УЧРЕЖДЕНИЕ ВЫСШЕГО ОБРАЗОВАНИЯ "УРАЛЬСКИЙ ГОСУДАРСТВЕННЫЙ МЕДИЦИНСКИЙ УНИВЕРСИТЕТ" МИНИСТЕРСТВА ЗДРАВООХРАНЕНИЯ РОССИЙСКОЙ ФЕДЕРАЦИИ</fullName>
                        <shortName>ФГБОУ ВО УГМУ МИНЗДРАВА РОССИИ</shortName>
                        <iko>56658017389665801001</iko>
                        <inn>6658017389</inn>
                        <kpp>665801001</kpp>
                        <ogrn>1036602643990</ogrn>
                        <legalAddress>620028, ОБЛ СВЕРДЛОВСКАЯ, Г ЕКАТЕРИНБУРГ, УЛ РЕПИНА, дом 3</legalAddress>
                        <postalAddress>620028, г. Екатеринбург, ул. Репина, д. 3</postalAddress>
                        <phone>643-343-2148677</phone>
                        <fax>643-343-2147867</fax>
                        <email>zakupki@mail.ru</email>
                        <okato>65401000000</okato>
                        <okpo>01966265</okpo>
                    </mainInfo>
                </ns2:placer>
                <ns2:publicationDate>2017-03-30T09:57:21</ns2:publicationDate>
                <ns2:status>P</ns2:status>
                <ns2:version>1</ns2:version>
                <ns2:completed>false</ns2:completed>
                <ns2:attachments>
                    <totalDocumentsCount>6</totalDocumentsCount>
                    <document>
                        <guid>e53f4724-d901-4291-b716-d18ee6d795d2</guid>
                        <createDateTime>2017-03-30T09:57:03</createDateTime>
                        <fileName>п 526760 27.03.17 УПД ЕАм000002115 20.03.17 ЗАО Мегадента.pdf</fileName>
                        <description>п 526760 27.03.17 УПД ЕАм000002115 20.03.17 ЗАО Мегадента</description>
                        <url>https://zakupki.gov.ru/223/contract/private/download/download.html?id=11721857</url>
                        <registrationNumber>56658017389170000330006</registrationNumber>
                    </document>
                    <document>
                        <guid>4c91051c-da5c-4880-a035-667afb91e8d7</guid>
                        <createDateTime>2017-03-30T09:56:32</createDateTime>
                        <fileName>п 526750 27.03.17 УПД ЕАм000002004 16.03.17 ЗАО Мегадента.pdf</fileName>
                        <description>п 526750 27.03.17 УПД ЕАм000002004 16.03.17 ЗАО Мегадента</description>
                        <url>https://zakupki.gov.ru/223/contract/private/download/download.html?id=11721826</url>
                        <registrationNumber>56658017389170000330007</registrationNumber>
                    </document>
                    <document>
                        <guid>25869562-4146-4cbf-930d-cd941a630a92</guid>
                        <createDateTime>2017-03-30T09:56:47</createDateTime>
                        <fileName>п 526759 27.03.17 УПД ЕАм000002047 17.03.17 ЗАО Мегадента.pdf</fileName>
                        <description>п 526759 27.03.17 УПД ЕАм000002047 17.03.17 ЗАО Мегадента</description>
                        <url>https://zakupki.gov.ru/223/contract/private/download/download.html?id=11721844</url>
                        <registrationNumber>56658017389170000330008</registrationNumber>
                    </document>
                    <document>
                        <guid>9239ee88-7367-4b25-bd2d-245456154937</guid>
                        <createDateTime>2017-03-30T09:56:14</createDateTime>
                        <fileName>п 526753 27.03.17 УПД ЕАм000001969 15.03.17 ЗАО Мегадента.pdf</fileName>
                        <description>п 526753 27.03.17 УПД ЕАм000001969 15.03.17 ЗАО Мегадента</description>
                        <url>https://zakupki.gov.ru/223/contract/private/download/download.html?id=11721786</url>
                        <registrationNumber>56658017389170000330009</registrationNumber>
                    </document>
                    <document>
                        <guid>cbe194cd-c73c-48a2-8660-7794550cd474</guid>
                        <createDateTime>2017-03-30T09:56:54</createDateTime>
                        <fileName>п 526758 27.03.17 УПД ЕАм000002046 17.03.17 ЗАО Мегадента.pdf</fileName>
                        <description>п 526758 27.03.17 УПД ЕАм000002046 17.03.17 ЗАО Мегадента</description>
                        <url>https://zakupki.gov.ru/223/contract/private/download/download.html?id=11721850</url>
                        <registrationNumber>56658017389170000330010</registrationNumber>
                    </document>
                    <document>
                        <guid>01a022f1-ce25-4bb4-9f7b-4526d64359ac</guid>
                        <createDateTime>2017-03-30T09:56:03</createDateTime>
                        <fileName>п 526754 27.03.17 УПД ЕАм000002003 16.03.17 ЗАО Мегадента.pdf</fileName>
                        <description>п 526754 27.03.17 УПД ЕАм000002003 16.03.17 ЗАО Мегадента</description>
                        <url>https://zakupki.gov.ru/223/contract/private/download/download.html?id=11721775</url>
                        <registrationNumber>56658017389170000330011</registrationNumber>
                    </document>
                </ns2:attachments>
                <ns2:hasPenalty>false</ns2:hasPenalty>
                <ns2:contractRegNumber>56658017389170000330000</ns2:contractRegNumber>
                <ns2:contractInfo>
                    <ns2:guid>5895491b-518e-430f-a976-87e1f4dedc85</ns2:guid>
                    <ns2:name>31704772919</ns2:name>
                    <ns2:agencyName>ФГБОУ ВО УГМУ МИНЗДРАВА РОССИИ</ns2:agencyName>
                    <ns2:supplierName>ЗАКРЫТОЕ АКЦИОНЕРНОЕ ОБЩЕСТВО "МЕГАДЕНТА"</ns2:supplierName>
                    <ns2:lotInfo>     Поставка расходных материалов для  проведения стоматологического лечения   </ns2:lotInfo>
                    <ns2:contractDate>2017-03-07</ns2:contractDate>
                </ns2:contractInfo>
                <ns2:positions>
                    <ns2:position>
                        <ns2:ordinal>5</ns2:ordinal>
                        <ns2:paymentDate>2017-03-27</ns2:paymentDate>
                        <ns2:price>42880</ns2:price>
                        <ns2:currency>
                            <code>RUB</code>
                            <digitalCode>643</digitalCode>
                            <name>Российский рубль</name>
                        </ns2:currency>
                        <ns2:rubPrice>42880</ns2:rubPrice>
                        <ns2:prepaid>false</ns2:prepaid>
                        <ns2:docs>
                            <ns2:doc>
                                <ns2:ordinal>1</ns2:ordinal>
                                <ns2:date>2017-03-20</ns2:date>
                                <ns2:code>37</ns2:code>
                                <ns2:name>прочие документы о приемке</ns2:name>
                                <ns2:number>ЕАм000002047</ns2:number>
                                <ns2:contractPosition>
                                    <ns2:guid>651c18ed-f5d6-4fa7-9aae-466b3b5efd70</ns2:guid>
                                    <ns2:name>Имплантанты,Инструменты для установки имплантантов</ns2:name>
                                    <ns2:okpd2>
                                        <code>32.50.11.000</code>
                                        <name>Инструменты и приспособления стоматологические</name>
                                    </ns2:okpd2>
                                </ns2:contractPosition>
                                <ns2:okei>
                                    <code>796</code>
                                    <name>Штука</name>
                                </ns2:okei>
                                <ns2:qty>4</ns2:qty>
                            </ns2:doc>
                        </ns2:docs>
                    </ns2:position>
                    <ns2:position>
                        <ns2:ordinal>3</ns2:ordinal>
                        <ns2:paymentDate>2017-03-27</ns2:paymentDate>
                        <ns2:price>267330</ns2:price>
                        <ns2:currency>
                            <code>RUB</code>
                            <digitalCode>643</digitalCode>
                            <name>Российский рубль</name>
                        </ns2:currency>
                        <ns2:rubPrice>267330</ns2:rubPrice>
                        <ns2:prepaid>false</ns2:prepaid>
                        <ns2:docs>
                            <ns2:doc>
                                <ns2:ordinal>1</ns2:ordinal>
                                <ns2:date>2017-03-17</ns2:date>
                                <ns2:code>37</ns2:code>
                                <ns2:name>прочие документы о приемке</ns2:name>
                                <ns2:number>ЕАм000002004</ns2:number>
                                <ns2:contractPosition>
                                    <ns2:guid>651c18ed-f5d6-4fa7-9aae-466b3b5efd70</ns2:guid>
                                    <ns2:name>Имплантанты,Инструменты для установки имплантантов</ns2:name>
                                    <ns2:okpd2>
                                        <code>32.50.11.000</code>
                                        <name>Инструменты и приспособления стоматологические</name>
                                    </ns2:okpd2>
                                </ns2:contractPosition>
                                <ns2:okei>
                                    <code>796</code>
                                    <name>Штука</name>
                                </ns2:okei>
                                <ns2:qty>21</ns2:qty>
                            </ns2:doc>
                        </ns2:docs>
                    </ns2:position>
                    <ns2:position>
                        <ns2:ordinal>1</ns2:ordinal>
                        <ns2:paymentDate>2017-03-27</ns2:paymentDate>
                        <ns2:price>202340</ns2:price>
                        <ns2:currency>
                            <code>RUB</code>
                            <digitalCode>643</digitalCode>
                            <name>Российский рубль</name>
                        </ns2:currency>
                        <ns2:rubPrice>202340</ns2:rubPrice>
                        <ns2:prepaid>false</ns2:prepaid>
                        <ns2:docs>
                            <ns2:doc>
                                <ns2:ordinal>1</ns2:ordinal>
                                <ns2:date>2017-03-16</ns2:date>
                                <ns2:code>37</ns2:code>
                                <ns2:name>прочие документы о приемке</ns2:name>
                                <ns2:number>ЕАм000001969</ns2:number>
                                <ns2:contractPosition>
                                    <ns2:guid>651c18ed-f5d6-4fa7-9aae-466b3b5efd70</ns2:guid>
                                    <ns2:name>Имплантанты,Инструменты для установки имплантантов</ns2:name>
                                    <ns2:okpd2>
                                        <code>32.50.11.000</code>
                                        <name>Инструменты и приспособления стоматологические</name>
                                    </ns2:okpd2>
                                </ns2:contractPosition>
                                <ns2:okei>
                                    <code>796</code>
                                    <name>Штука</name>
                                </ns2:okei>
                                <ns2:qty>50</ns2:qty>
                            </ns2:doc>
                        </ns2:docs>
                    </ns2:position>
                    <ns2:position>
                        <ns2:ordinal>6</ns2:ordinal>
                        <ns2:paymentDate>2017-03-27</ns2:paymentDate>
                        <ns2:price>42880</ns2:price>
                        <ns2:currency>
                            <code>RUB</code>
                            <digitalCode>643</digitalCode>
                            <name>Российский рубль</name>
                        </ns2:currency>
                        <ns2:rubPrice>42880</ns2:rubPrice>
                        <ns2:prepaid>false</ns2:prepaid>
                        <ns2:docs>
                            <ns2:doc>
                                <ns2:ordinal>1</ns2:ordinal>
                                <ns2:date>2017-03-21</ns2:date>
                                <ns2:code>37</ns2:code>
                                <ns2:name>прочие документы о приемке</ns2:name>
                                <ns2:number>ЕАм000002115</ns2:number>
                                <ns2:contractPosition>
                                    <ns2:guid>651c18ed-f5d6-4fa7-9aae-466b3b5efd70</ns2:guid>
                                    <ns2:name>Имплантанты,Инструменты для установки имплантантов</ns2:name>
                                    <ns2:okpd2>
                                        <code>32.50.11.000</code>
                                        <name>Инструменты и приспособления стоматологические</name>
                                    </ns2:okpd2>
                                </ns2:contractPosition>
                                <ns2:okei>
                                    <code>796</code>
                                    <name>Штука</name>
                                </ns2:okei>
                                <ns2:qty>4</ns2:qty>
                            </ns2:doc>
                        </ns2:docs>
                    </ns2:position>
                    <ns2:position>
                        <ns2:ordinal>2</ns2:ordinal>
                        <ns2:paymentDate>2017-03-27</ns2:paymentDate>
                        <ns2:price>50920</ns2:price>
                        <ns2:currency>
                            <code>RUB</code>
                            <digitalCode>643</digitalCode>
                            <name>Российский рубль</name>
                        </ns2:currency>
                        <ns2:rubPrice>50920</ns2:rubPrice>
                        <ns2:prepaid>false</ns2:prepaid>
                        <ns2:docs>
                            <ns2:doc>
                                <ns2:ordinal>1</ns2:ordinal>
                                <ns2:date>2017-03-17</ns2:date>
                                <ns2:code>37</ns2:code>
                                <ns2:name>прочие документы о приемке</ns2:name>
                                <ns2:number>ЕАм000002003</ns2:number>
                                <ns2:contractPosition>
                                    <ns2:guid>651c18ed-f5d6-4fa7-9aae-466b3b5efd70</ns2:guid>
                                    <ns2:name>Имплантанты,Инструменты для установки имплантантов</ns2:name>
                                    <ns2:okpd2>
                                        <code>32.50.11.000</code>
                                        <name>Инструменты и приспособления стоматологические</name>
                                    </ns2:okpd2>
                                </ns2:contractPosition>
                                <ns2:okei>
                                    <code>796</code>
                                    <name>Штука</name>
                                </ns2:okei>
                                <ns2:qty>4</ns2:qty>
                            </ns2:doc>
                        </ns2:docs>
                    </ns2:position>
                    <ns2:position>
                        <ns2:ordinal>4</ns2:ordinal>
                        <ns2:paymentDate>2017-03-27</ns2:paymentDate>
                        <ns2:price>63650</ns2:price>
                        <ns2:currency>
                            <code>RUB</code>
                            <digitalCode>643</digitalCode>
                            <name>Российский рубль</name>
                        </ns2:currency>
                        <ns2:rubPrice>63650</ns2:rubPrice>
                        <ns2:prepaid>false</ns2:prepaid>
                        <ns2:docs>
                            <ns2:doc>
                                <ns2:ordinal>1</ns2:ordinal>
                                <ns2:date>2017-03-20</ns2:date>
                                <ns2:code>37</ns2:code>
                                <ns2:name>прочие документы о приемке</ns2:name>
                                <ns2:number>ЕАм000002046</ns2:number>
                                <ns2:contractPosition>
                                    <ns2:guid>651c18ed-f5d6-4fa7-9aae-466b3b5efd70</ns2:guid>
                                    <ns2:name>Имплантанты,Инструменты для установки имплантантов</ns2:name>
                                    <ns2:okpd2>
                                        <code>32.50.11.000</code>
                                        <name>Инструменты и приспособления стоматологические</name>
                                    </ns2:okpd2>
                                </ns2:contractPosition>
                                <ns2:okei>
                                    <code>796</code>
                                    <name>Штука</name>
                                </ns2:okei>
                                <ns2:qty>5</ns2:qty>
                            </ns2:doc>
                        </ns2:docs>
                    </ns2:position>
                    <ns2:total>670000</ns2:total>
                </ns2:positions>
            </ns2:performanceContractData>
        </ns2:item>
    </ns2:body>
</ns2:performanceContract>
