<?xml version="1.0" encoding="UTF-8" standalone="yes"?>
<ns2:performanceContract xsi:schemaLocation="http://zakupki.gov.ru/223/integration/schema/TFF-5.2 http://zakupki.gov.ru/223/integration/schema/TFF-5.2/Types.xsd" xmlns="http://zakupki.gov.ru/223fz/types/1" xmlns:ns10="http://zakupki.gov.ru/223fz/disagreementProtocol/1" xmlns:ns11="http://zakupki.gov.ru/223fz/purchase/1" xmlns:ns12="http://zakupki.gov.ru/223fz/machineryListInfo/1" xmlns:ns13="http://zakupki.gov.ru/223fz/revenue/1" xmlns:ns14="http://zakupki.gov.ru/223fz/orderClauseList/1" xmlns:ns15="http://zakupki.gov.ru/223fz/complaint/1" xmlns:ns16="http://zakupki.gov.ru/223fz/missedNotice/1" xmlns:ns17="http://zakupki.gov.ru/223fz/notificationIssue/1" xmlns:ns18="http://zakupki.gov.ru/223fz/purchasePlanProject/1" xmlns:ns19="http://zakupki.gov.ru/223fz/webRequest/1" xmlns:ns2="http://zakupki.gov.ru/223fz/contract/1" xmlns:xsi="http://www.w3.org/2001/XMLSchema-instance" xmlns:ns3="http://zakupki.gov.ru/223fz/dishonestSupplier/1" xmlns:ns4="http://zakupki.gov.ru/223fz/decisionSuspension/1" xmlns:ns5="http://zakupki.gov.ru/223fz/purchasePlanAdditionalPosition/1" xmlns:ns6="http://zakupki.gov.ru/223fz/purchasePlan/1" xmlns:ns7="http://zakupki.gov.ru/223fz/purchasePlanProjectAdditionalPosition/1" xmlns:ns8="http://zakupki.gov.ru/223fz/reference/1" xmlns:ns9="http://zakupki.gov.ru/223fz/stopCommodity/1">
    <header>
        <guid>f15d599e-a336-4f91-9297-009fe711a0f5</guid>
        <createDateTime>2017-03-30T07:38:09</createDateTime>
    </header>
    <ns2:body>
        <ns2:item>
            <guid>5d5182a6-1bfd-4a0d-93c6-7b585d5690d7</guid>
            <ns2:performanceContractData>
                <ns2:guid>787e822c-ec12-4e48-a23b-dd8cdf41e2d7</ns2:guid>
                <ns2:registrationNumber>56668000472170000070003</ns2:registrationNumber>
                <ns2:urlOOS>https://zakupki.gov.ru/223/contract/private/completing/info/view.html?id=2662435</ns2:urlOOS>
                <ns2:createDateTime>2017-01-16T08:47:29</ns2:createDateTime>
                <ns2:customer>
                    <mainInfo>
                        <fullName>ФЕДЕРАЛЬНОЕ КАЗЕННОЕ ПРЕДПРИЯТИЕ " НИЖНЕТАГИЛЬСКИЙ ИНСТИТУТ ИСПЫТАНИЯ МЕТАЛЛОВ"</fullName>
                        <shortName>ФКП " НТИИМ"</shortName>
                        <iko>56668000472662350001</iko>
                        <inn>6668000472</inn>
                        <kpp>662301001</kpp>
                        <ogrn>1036601221469</ogrn>
                        <legalAddress>622015, обл СВЕРДЛОВСКАЯ, г НИЖНИЙ ТАГИЛ, ул ГАГАРИНА, дом 29</legalAddress>
                        <postalAddress>622015, Свердловская область, г. Нижний Тагил, ул. Гагарина, дом 29 </postalAddress>
                        <phone>7-3435-475179</phone>
                        <fax>7-3435-475324</fax>
                        <email>torgi@ntiim.ru</email>
                        <okato>65476374000</okato>
                        <okpo>07519308</okpo>
                    </mainInfo>
                </ns2:customer>
                <ns2:placer>
                    <mainInfo>
                        <fullName>ФЕДЕРАЛЬНОЕ КАЗЕННОЕ ПРЕДПРИЯТИЕ " НИЖНЕТАГИЛЬСКИЙ ИНСТИТУТ ИСПЫТАНИЯ МЕТАЛЛОВ"</fullName>
                        <shortName>ФКП " НТИИМ"</shortName>
                        <iko>56668000472662350001</iko>
                        <inn>6668000472</inn>
                        <kpp>662301001</kpp>
                        <ogrn>1036601221469</ogrn>
                        <legalAddress>622015, обл СВЕРДЛОВСКАЯ, г НИЖНИЙ ТАГИЛ, ул ГАГАРИНА, дом 29</legalAddress>
                        <postalAddress>622015, Свердловская область, г. Нижний Тагил, ул. Гагарина, дом 29 </postalAddress>
                        <phone>7-3435-475179</phone>
                        <fax>7-3435-475324</fax>
                        <email>torgi@ntiim.ru</email>
                        <okato>65476374000</okato>
                        <okpo>07519308</okpo>
                    </mainInfo>
                </ns2:placer>
                <ns2:publicationDate>2017-03-30T07:38:09</ns2:publicationDate>
                <ns2:status>P</ns2:status>
                <ns2:version>1</ns2:version>
                <ns2:completed>true</ns2:completed>
                <ns2:attachments>
                    <totalDocumentsCount>2</totalDocumentsCount>
                    <document>
                        <guid>566dd826-29d4-4c40-b27d-0af93c00b5a7</guid>
                        <createDateTime>2017-03-30T07:37:50</createDateTime>
                        <fileName>Товарная накладная № 1374 от 02.02.2017 г..pdf</fileName>
                        <description>Товарная накладная № 1374 от 02.02.2017 г.</description>
                        <url>https://zakupki.gov.ru/223/contract/private/download/download.html?id=11714864</url>
                        <registrationNumber>56668000472170000070004</registrationNumber>
                    </document>
                    <document>
                        <guid>982526a1-589a-428c-b720-0eadd616f841</guid>
                        <createDateTime>2017-03-30T07:37:42</createDateTime>
                        <fileName>Платёжные поручения № 172 от 23.01.2017 г., № 755 от 28.03.2017 г..pdf</fileName>
                        <description>Платёжные поручения № 172 от 23.01.2017 г., № 755 от 28.03.2017 г.</description>
                        <url>https://zakupki.gov.ru/223/contract/private/download/download.html?id=11714861</url>
                        <registrationNumber>56668000472170000070005</registrationNumber>
                    </document>
                </ns2:attachments>
                <ns2:hasPenalty>false</ns2:hasPenalty>
                <ns2:contractRegNumber>56668000472170000070000</ns2:contractRegNumber>
                <ns2:contractInfo>
                    <ns2:guid>5cd0fa44-127f-4698-8906-0a3ed6073d2b</ns2:guid>
                    <ns2:name>639-15-2016</ns2:name>
                    <ns2:agencyName>ФКП " НТИИМ"</ns2:agencyName>
                    <ns2:supplierName>ОБЩЕСТВО С ОГРАНИЧЕННОЙ ОТВЕТСТВЕННОСТЬЮ "ВОСТОК-СЕРВИС ЕКАТЕРИНБУРГ"</ns2:supplierName>
                    <ns2:lotInfo>Поставка спецодежды</ns2:lotInfo>
                    <ns2:contractDate>2017-01-16</ns2:contractDate>
                </ns2:contractInfo>
                <ns2:positions>
                    <ns2:position>
                        <ns2:ordinal>1</ns2:ordinal>
                        <ns2:paymentDate>2017-01-23</ns2:paymentDate>
                        <ns2:price>75599.92</ns2:price>
                        <ns2:currency>
                            <code>RUB</code>
                            <digitalCode>643</digitalCode>
                            <name>Российский рубль</name>
                        </ns2:currency>
                        <ns2:rubPrice>75599.92</ns2:rubPrice>
                        <ns2:prepaid>true</ns2:prepaid>
                    </ns2:position>
                    <ns2:position>
                        <ns2:ordinal>2</ns2:ordinal>
                        <ns2:paymentDate>2017-03-28</ns2:paymentDate>
                        <ns2:price>176399.82</ns2:price>
                        <ns2:currency>
                            <code>RUB</code>
                            <digitalCode>643</digitalCode>
                            <name>Российский рубль</name>
                        </ns2:currency>
                        <ns2:rubPrice>176399.82</ns2:rubPrice>
                        <ns2:prepaid>false</ns2:prepaid>
                        <ns2:docs>
                            <ns2:doc>
                                <ns2:ordinal>1</ns2:ordinal>
                                <ns2:date>2017-02-02</ns2:date>
                                <ns2:code>01</ns2:code>
                                <ns2:name>товарная накладная</ns2:name>
                                <ns2:number>1374</ns2:number>
                                <ns2:contractPosition>
                                    <ns2:guid>7ce6beb8-f192-4110-becc-5d9ba9cf93aa</ns2:guid>
                                    <ns2:name>Спецодежда прочая</ns2:name>
                                    <ns2:okpd2>
                                        <code>14.12.30</code>
                                        <name>Спецодежда прочая</name>
                                    </ns2:okpd2>
                                </ns2:contractPosition>
                                <ns2:okei>
                                    <code>876</code>
                                    <name>Условная единица</name>
                                </ns2:okei>
                                <ns2:qty>1</ns2:qty>
                            </ns2:doc>
                        </ns2:docs>
                    </ns2:position>
                    <ns2:total>251999.74</ns2:total>
                </ns2:positions>
            </ns2:performanceContractData>
        </ns2:item>
    </ns2:body>
</ns2:performanceContract>
