<?xml version="1.0" encoding="UTF-8" standalone="yes"?>
<ns2:performanceContract xsi:schemaLocation="http://zakupki.gov.ru/223/integration/schema/TFF-5.2 http://zakupki.gov.ru/223/integration/schema/TFF-5.2/Types.xsd" xmlns="http://zakupki.gov.ru/223fz/types/1" xmlns:ns10="http://zakupki.gov.ru/223fz/disagreementProtocol/1" xmlns:ns11="http://zakupki.gov.ru/223fz/purchase/1" xmlns:ns12="http://zakupki.gov.ru/223fz/machineryListInfo/1" xmlns:ns13="http://zakupki.gov.ru/223fz/revenue/1" xmlns:ns14="http://zakupki.gov.ru/223fz/orderClauseList/1" xmlns:ns15="http://zakupki.gov.ru/223fz/complaint/1" xmlns:ns16="http://zakupki.gov.ru/223fz/missedNotice/1" xmlns:ns17="http://zakupki.gov.ru/223fz/notificationIssue/1" xmlns:ns18="http://zakupki.gov.ru/223fz/purchasePlanProject/1" xmlns:ns19="http://zakupki.gov.ru/223fz/webRequest/1" xmlns:ns2="http://zakupki.gov.ru/223fz/contract/1" xmlns:xsi="http://www.w3.org/2001/XMLSchema-instance" xmlns:ns3="http://zakupki.gov.ru/223fz/dishonestSupplier/1" xmlns:ns4="http://zakupki.gov.ru/223fz/decisionSuspension/1" xmlns:ns5="http://zakupki.gov.ru/223fz/purchasePlanAdditionalPosition/1" xmlns:ns6="http://zakupki.gov.ru/223fz/purchasePlan/1" xmlns:ns7="http://zakupki.gov.ru/223fz/purchasePlanProjectAdditionalPosition/1" xmlns:ns8="http://zakupki.gov.ru/223fz/reference/1" xmlns:ns9="http://zakupki.gov.ru/223fz/stopCommodity/1">
    <header>
        <guid>7f4148f0-d36a-4da2-b918-0c0157b4cd54</guid>
        <createDateTime>2017-03-30T10:47:54</createDateTime>
    </header>
    <ns2:body>
        <ns2:item>
            <guid>5cab8f25-59b7-4149-8aa1-f019a75bb6be</guid>
            <ns2:performanceContractData>
                <ns2:guid>6384fdc6-d69e-46c3-86d4-4332f054643a</ns2:guid>
                <ns2:registrationNumber>56664024218150000020003</ns2:registrationNumber>
                <ns2:urlOOS>https://zakupki.gov.ru/223/contract/private/completing/info/view.html?id=2664615</ns2:urlOOS>
                <ns2:createDateTime>2015-02-06T14:07:52</ns2:createDateTime>
                <ns2:customer>
                    <mainInfo>
                        <fullName>ГОСУДАРСТВЕННОЕ АВТОНОМНОЕ ПРОФЕССИОНАЛЬНОЕ ОБРАЗОВАТЕЛЬНОЕ УЧРЕЖДЕНИЕ СВЕРДЛОВСКОЙ ОБЛАСТИ "ЕКАТЕРИНБУРГСКИЙ ЭНЕРГЕТИЧЕСКИЙ ТЕХНИКУМ"</fullName>
                        <shortName>ГАПОУ СО "ЕКАТЕРИНБУРГСКИЙ ЭНЕРГЕТИЧЕСКИЙ ТЕХНИКУМ"</shortName>
                        <iko>56664024218667901001</iko>
                        <inn>6664024218</inn>
                        <kpp>667901001</kpp>
                        <ogrn>1026605766593</ogrn>
                        <legalAddress>620103, обл СВЕРДЛОВСКАЯ, г ЕКАТЕРИНБУРГ, ул УМЕЛЬЦЕВ, дом 1</legalAddress>
                        <postalAddress>620103,г.Екатеринбург,ул.Умельцев,1</postalAddress>
                        <phone>7-343-2569620</phone>
                        <email>enn@etel.ru</email>
                        <okato>65401390000</okato>
                        <okpo>00129202</okpo>
                    </mainInfo>
                </ns2:customer>
                <ns2:placer>
                    <mainInfo>
                        <fullName>ГОСУДАРСТВЕННОЕ АВТОНОМНОЕ ПРОФЕССИОНАЛЬНОЕ ОБРАЗОВАТЕЛЬНОЕ УЧРЕЖДЕНИЕ СВЕРДЛОВСКОЙ ОБЛАСТИ "ЕКАТЕРИНБУРГСКИЙ ЭНЕРГЕТИЧЕСКИЙ ТЕХНИКУМ"</fullName>
                        <shortName>ГАПОУ СО "ЕКАТЕРИНБУРГСКИЙ ЭНЕРГЕТИЧЕСКИЙ ТЕХНИКУМ"</shortName>
                        <iko>56664024218667901001</iko>
                        <inn>6664024218</inn>
                        <kpp>667901001</kpp>
                        <ogrn>1026605766593</ogrn>
                        <legalAddress>620103, обл СВЕРДЛОВСКАЯ, г ЕКАТЕРИНБУРГ, ул УМЕЛЬЦЕВ, дом 1</legalAddress>
                        <postalAddress>620103,г.Екатеринбург,ул.Умельцев,1</postalAddress>
                        <phone>7-343-2569620</phone>
                        <email>enn@etel.ru</email>
                        <okato>65401390000</okato>
                        <okpo>00129202</okpo>
                    </mainInfo>
                </ns2:placer>
                <ns2:publicationDate>2017-03-30T10:47:54</ns2:publicationDate>
                <ns2:status>P</ns2:status>
                <ns2:version>1</ns2:version>
                <ns2:completed>true</ns2:completed>
                <ns2:attachments/>
                <ns2:hasPenalty>false</ns2:hasPenalty>
                <ns2:contractRegNumber>56664024218150000020000</ns2:contractRegNumber>
                <ns2:contractInfo>
                    <ns2:guid>0a390fdf-8dae-43d4-bcf5-2b0f8be978c1</ns2:guid>
                    <ns2:name>1943</ns2:name>
                    <ns2:agencyName>ГАПОУ СО "ЕКАТЕРИНБУРГСКИЙ ЭНЕРГЕТИЧЕСКИЙ ТЕХНИКУМ"</ns2:agencyName>
                    <ns2:supplierName>Екатеринбургской Муниципальное унитарное предприятие водопроводно-канализационного хозяйства </ns2:supplierName>
                    <ns2:lotInfo>Отпуск питьевой воды из системы коммунального водоснабжения, прием сточных вод в систему канализации</ns2:lotInfo>
                    <ns2:contractDate>2015-01-30</ns2:contractDate>
                </ns2:contractInfo>
                <ns2:positions>
                    <ns2:position>
                        <ns2:ordinal>1</ns2:ordinal>
                        <ns2:paymentDate>2017-03-30</ns2:paymentDate>
                        <ns2:price>0</ns2:price>
                        <ns2:currency>
                            <code>RUB</code>
                            <digitalCode>643</digitalCode>
                            <name>Российский рубль</name>
                        </ns2:currency>
                        <ns2:rubPrice>0</ns2:rubPrice>
                        <ns2:prepaid>false</ns2:prepaid>
                        <ns2:docs>
                            <ns2:doc>
                                <ns2:ordinal>1</ns2:ordinal>
                                <ns2:code>37</ns2:code>
                                <ns2:name>прочие документы о приемке</ns2:name>
                                <ns2:contractPosition>
                                    <ns2:guid>3cabb727-e9b5-014e-e053-ac11070d70ec</ns2:guid>
                                    <ns2:okdp>
                                        <code>4110000</code>
                                        <name>Вода питьевая, техническая и для полива; лед и холод поставляемый</name>
                                    </ns2:okdp>
                                </ns2:contractPosition>
                                <ns2:okei>
                                    <code>113</code>
                                    <name>Кубический метр</name>
                                </ns2:okei>
                                <ns2:qty>21684</ns2:qty>
                            </ns2:doc>
                        </ns2:docs>
                    </ns2:position>
                    <ns2:total>0</ns2:total>
                </ns2:positions>
            </ns2:performanceContractData>
        </ns2:item>
    </ns2:body>
</ns2:performanceContract>
