<?xml version="1.0" encoding="UTF-8" standalone="yes"?>
<ns2:performanceContract xsi:schemaLocation="http://zakupki.gov.ru/223/integration/schema/TFF-5.2 http://zakupki.gov.ru/223/integration/schema/TFF-5.2/Types.xsd" xmlns="http://zakupki.gov.ru/223fz/types/1" xmlns:ns10="http://zakupki.gov.ru/223fz/disagreementProtocol/1" xmlns:ns11="http://zakupki.gov.ru/223fz/purchase/1" xmlns:ns12="http://zakupki.gov.ru/223fz/machineryListInfo/1" xmlns:ns13="http://zakupki.gov.ru/223fz/revenue/1" xmlns:ns14="http://zakupki.gov.ru/223fz/orderClauseList/1" xmlns:ns15="http://zakupki.gov.ru/223fz/complaint/1" xmlns:ns16="http://zakupki.gov.ru/223fz/missedNotice/1" xmlns:ns17="http://zakupki.gov.ru/223fz/notificationIssue/1" xmlns:ns18="http://zakupki.gov.ru/223fz/purchasePlanProject/1" xmlns:ns19="http://zakupki.gov.ru/223fz/webRequest/1" xmlns:ns2="http://zakupki.gov.ru/223fz/contract/1" xmlns:xsi="http://www.w3.org/2001/XMLSchema-instance" xmlns:ns3="http://zakupki.gov.ru/223fz/dishonestSupplier/1" xmlns:ns4="http://zakupki.gov.ru/223fz/decisionSuspension/1" xmlns:ns5="http://zakupki.gov.ru/223fz/purchasePlanAdditionalPosition/1" xmlns:ns6="http://zakupki.gov.ru/223fz/purchasePlan/1" xmlns:ns7="http://zakupki.gov.ru/223fz/purchasePlanProjectAdditionalPosition/1" xmlns:ns8="http://zakupki.gov.ru/223fz/reference/1" xmlns:ns9="http://zakupki.gov.ru/223fz/stopCommodity/1">
    <header>
        <guid>8d8f5b02-ac48-4848-8045-16a8a0089901</guid>
        <createDateTime>2017-03-30T06:49:59</createDateTime>
    </header>
    <ns2:body>
        <ns2:item>
            <guid>8d62b6b6-64a9-4296-9d3b-1db1abe01ab2</guid>
            <ns2:performanceContractData>
                <ns2:guid>fbf6bfab-02e1-4c6d-be03-5ef10e81f08b</ns2:guid>
                <ns2:registrationNumber>66673092045170001240006</ns2:registrationNumber>
                <ns2:urlOOS>https://zakupki.gov.ru/223/contract/private/completing/info/view.html?id=2662133</ns2:urlOOS>
                <ns2:createDateTime>2017-03-02T09:24:48</ns2:createDateTime>
                <ns2:customer>
                    <mainInfo>
                        <fullName>АКЦИОНЕРНОЕ ОБЩЕСТВО "ОПЫТНОЕ КОНСТРУКТОРСКОЕ БЮРО "НОВАТОР"</fullName>
                        <shortName>АО "ОКБ "НОВАТОР"</shortName>
                        <iko>66673092045667301001</iko>
                        <inn>6673092045</inn>
                        <kpp>667301001</kpp>
                        <ogrn>1026605611339</ogrn>
                        <legalAddress>620017, обл СВЕРДЛОВСКАЯ, г ЕКАТЕРИНБУРГ, пр-кт КОСМОНАВТОВ, дом 18</legalAddress>
                        <postalAddress>620017, г. Екатеринбург, пр. Космонавтов, 18</postalAddress>
                        <phone>7-343-2641072</phone>
                        <fax>7-343-2641300</fax>
                        <email>main@okb-novator.ru</email>
                        <okato>65401385000</okato>
                        <okpo>07546512</okpo>
                    </mainInfo>
                </ns2:customer>
                <ns2:placer>
                    <mainInfo>
                        <fullName>АКЦИОНЕРНОЕ ОБЩЕСТВО "ОПЫТНОЕ КОНСТРУКТОРСКОЕ БЮРО "НОВАТОР"</fullName>
                        <shortName>АО "ОКБ "НОВАТОР"</shortName>
                        <iko>66673092045667301001</iko>
                        <inn>6673092045</inn>
                        <kpp>667301001</kpp>
                        <ogrn>1026605611339</ogrn>
                        <legalAddress>620017, обл СВЕРДЛОВСКАЯ, г ЕКАТЕРИНБУРГ, пр-кт КОСМОНАВТОВ, дом 18</legalAddress>
                        <postalAddress>620017, г. Екатеринбург, пр. Космонавтов, 18</postalAddress>
                        <phone>7-343-2641072</phone>
                        <fax>7-343-2641300</fax>
                        <email>main@okb-novator.ru</email>
                        <okato>65401385000</okato>
                        <okpo>07546512</okpo>
                    </mainInfo>
                </ns2:placer>
                <ns2:publicationDate>2017-03-30T06:49:59</ns2:publicationDate>
                <ns2:status>P</ns2:status>
                <ns2:version>2</ns2:version>
                <ns2:completed>false</ns2:completed>
                <ns2:modificationDescription>Заведение сведений об очередной поставке продукции</ns2:modificationDescription>
                <ns2:attachments>
                    <totalDocumentsCount>4</totalDocumentsCount>
                    <document>
                        <guid>7c234328-cdfb-4222-9cfe-82fa098a385f</guid>
                        <createDateTime>2017-03-30T06:48:49</createDateTime>
                        <fileName>тн 953 РГарнет.jpg</fileName>
                        <description>тн 953 РГарнет</description>
                        <url>https://zakupki.gov.ru/223/contract/private/download/download.html?id=11713666</url>
                        <registrationNumber>66673092045170001240007</registrationNumber>
                    </document>
                    <document>
                        <guid>9f079840-86ce-4a27-a901-8756d09b7ae6</guid>
                        <createDateTime>2017-03-23T12:07:46</createDateTime>
                        <fileName>ТН 847 .jpg</fileName>
                        <description>ТН 847 </description>
                        <url>https://zakupki.gov.ru/223/contract/private/download/download.html?id=11713559</url>
                        <registrationNumber>66673092045170001240008</registrationNumber>
                    </document>
                    <document>
                        <guid>d45e1afa-6a57-4b49-a53d-84d4cacc55fd</guid>
                        <createDateTime>2017-03-23T12:07:33</createDateTime>
                        <fileName>пп 1911.pdf</fileName>
                        <description>пп 1911</description>
                        <url>https://zakupki.gov.ru/223/contract/private/download/download.html?id=11713560</url>
                        <registrationNumber>66673092045170001240009</registrationNumber>
                    </document>
                    <document>
                        <guid>805dab69-b917-4c14-a832-4329e5d5128a</guid>
                        <createDateTime>2017-03-30T06:48:27</createDateTime>
                        <fileName>пп 2046.pdf</fileName>
                        <description>пп 2046</description>
                        <url>https://zakupki.gov.ru/223/contract/private/download/download.html?id=11713658</url>
                        <registrationNumber>66673092045170001240010</registrationNumber>
                    </document>
                </ns2:attachments>
                <ns2:hasPenalty>false</ns2:hasPenalty>
                <ns2:contractRegNumber>66673092045170001240000</ns2:contractRegNumber>
                <ns2:contractInfo>
                    <ns2:guid>70c2866a-d6ef-40e1-b471-fcab561d092b</ns2:guid>
                    <ns2:name>038/470</ns2:name>
                    <ns2:agencyName>АО "ОКБ "НОВАТОР"</ns2:agencyName>
                    <ns2:supplierName>ЗАКРЫТОЕ АКЦИОНЕРНОЕ ОБЩЕСТВО "Р-ГАРНЕТ"</ns2:supplierName>
                    <ns2:lotInfo>Гранат природный</ns2:lotInfo>
                    <ns2:contractDate>2017-03-01</ns2:contractDate>
                </ns2:contractInfo>
                <ns2:positions>
                    <ns2:position>
                        <ns2:ordinal>1</ns2:ordinal>
                        <ns2:paymentDate>2017-03-20</ns2:paymentDate>
                        <ns2:price>5124.8</ns2:price>
                        <ns2:currency>
                            <code>EUR</code>
                            <digitalCode>978</digitalCode>
                            <name>Евро</name>
                        </ns2:currency>
                        <ns2:currencyRate>62.3722</ns2:currencyRate>
                        <ns2:rubPrice>319645.05</ns2:rubPrice>
                        <ns2:prepaid>false</ns2:prepaid>
                        <ns2:docs>
                            <ns2:doc>
                                <ns2:ordinal>1</ns2:ordinal>
                                <ns2:date>2017-03-10</ns2:date>
                                <ns2:code>01</ns2:code>
                                <ns2:name>товарная накладная</ns2:name>
                                <ns2:number>847</ns2:number>
                                <ns2:contractPosition>
                                    <ns2:guid>5ba01db5-5cde-4dd3-be0f-e89ad04d19dd</ns2:guid>
                                    <ns2:name>Гранат природный</ns2:name>
                                    <ns2:okpd2>
                                        <code>08.99.22.150</code>
                                        <name>Гранат природный</name>
                                    </ns2:okpd2>
                                </ns2:contractPosition>
                                <ns2:okei>
                                    <code>168</code>
                                    <name>Тонна; Метрическая тонна (1000 кг)</name>
                                </ns2:okei>
                                <ns2:qty>8</ns2:qty>
                            </ns2:doc>
                        </ns2:docs>
                    </ns2:position>
                    <ns2:position>
                        <ns2:ordinal>2</ns2:ordinal>
                        <ns2:paymentDate>2017-03-23</ns2:paymentDate>
                        <ns2:price>5124.8</ns2:price>
                        <ns2:currency>
                            <code>EUR</code>
                            <digitalCode>978</digitalCode>
                            <name>Евро</name>
                        </ns2:currency>
                        <ns2:currencyRate>61.7308</ns2:currencyRate>
                        <ns2:rubPrice>316358</ns2:rubPrice>
                        <ns2:prepaid>false</ns2:prepaid>
                        <ns2:docs>
                            <ns2:doc>
                                <ns2:ordinal>1</ns2:ordinal>
                                <ns2:date>2017-03-16</ns2:date>
                                <ns2:code>01</ns2:code>
                                <ns2:name>товарная накладная</ns2:name>
                                <ns2:number>2046</ns2:number>
                                <ns2:contractPosition>
                                    <ns2:guid>5ba01db5-5cde-4dd3-be0f-e89ad04d19dd</ns2:guid>
                                    <ns2:name>Гранат природный</ns2:name>
                                    <ns2:okpd2>
                                        <code>08.99.22.150</code>
                                        <name>Гранат природный</name>
                                    </ns2:okpd2>
                                </ns2:contractPosition>
                                <ns2:okei>
                                    <code>168</code>
                                    <name>Тонна; Метрическая тонна (1000 кг)</name>
                                </ns2:okei>
                                <ns2:qty>8</ns2:qty>
                            </ns2:doc>
                        </ns2:docs>
                    </ns2:position>
                    <ns2:total>636003.05</ns2:total>
                </ns2:positions>
            </ns2:performanceContractData>
        </ns2:item>
    </ns2:body>
</ns2:performanceContract>
