<?xml version="1.0" encoding="UTF-8" standalone="yes"?>
<ns2:performanceContract xsi:schemaLocation="http://zakupki.gov.ru/223/integration/schema/TFF-5.2 http://zakupki.gov.ru/223/integration/schema/TFF-5.2/Types.xsd" xmlns="http://zakupki.gov.ru/223fz/types/1" xmlns:ns10="http://zakupki.gov.ru/223fz/disagreementProtocol/1" xmlns:ns11="http://zakupki.gov.ru/223fz/purchase/1" xmlns:ns12="http://zakupki.gov.ru/223fz/machineryListInfo/1" xmlns:ns13="http://zakupki.gov.ru/223fz/revenue/1" xmlns:ns14="http://zakupki.gov.ru/223fz/orderClauseList/1" xmlns:ns15="http://zakupki.gov.ru/223fz/complaint/1" xmlns:ns16="http://zakupki.gov.ru/223fz/missedNotice/1" xmlns:ns17="http://zakupki.gov.ru/223fz/notificationIssue/1" xmlns:ns18="http://zakupki.gov.ru/223fz/purchasePlanProject/1" xmlns:ns19="http://zakupki.gov.ru/223fz/webRequest/1" xmlns:ns2="http://zakupki.gov.ru/223fz/contract/1" xmlns:xsi="http://www.w3.org/2001/XMLSchema-instance" xmlns:ns3="http://zakupki.gov.ru/223fz/dishonestSupplier/1" xmlns:ns4="http://zakupki.gov.ru/223fz/decisionSuspension/1" xmlns:ns5="http://zakupki.gov.ru/223fz/purchasePlanAdditionalPosition/1" xmlns:ns6="http://zakupki.gov.ru/223fz/purchasePlan/1" xmlns:ns7="http://zakupki.gov.ru/223fz/purchasePlanProjectAdditionalPosition/1" xmlns:ns8="http://zakupki.gov.ru/223fz/reference/1" xmlns:ns9="http://zakupki.gov.ru/223fz/stopCommodity/1">
    <header>
        <guid>ed02b9af-f7a4-4578-9e40-3fc337318076</guid>
        <createDateTime>2017-03-30T13:54:39</createDateTime>
    </header>
    <ns2:body>
        <ns2:item>
            <guid>43fc9ee7-92aa-4828-848d-c7d6af24e777</guid>
            <ns2:performanceContractData>
                <ns2:guid>386d0c9d-3410-4521-8690-ec1ae208281d</ns2:guid>
                <ns2:registrationNumber>56627020293160000040007</ns2:registrationNumber>
                <ns2:urlOOS>https://zakupki.gov.ru/223/contract/private/completing/info/view.html?id=2656305</ns2:urlOOS>
                <ns2:createDateTime>2015-09-18T15:00:21</ns2:createDateTime>
                <ns2:customer>
                    <mainInfo>
                        <fullName>МУНИЦИПАЛЬНОЕ АВТОНОМНОЕ УЧРЕЖДЕНИЕ "ДВОРЕЦ КУЛЬТУРЫ ГОРОДСКОГО ОКРУГА РЕВДА"</fullName>
                        <shortName>МАУ "ДВОРЕЦ КУЛЬТУРЫ ГОРОДСКОГО ОКРУГА РЕВДА"</shortName>
                        <iko>56627020293662701001</iko>
                        <inn>6627020293</inn>
                        <kpp>668401001</kpp>
                        <ogrn>1096627000282</ogrn>
                        <legalAddress>623286, ОБЛ СВЕРДЛОВСКАЯ, Г РЕВДА, УЛ СПОРТИВНАЯ, дом 2</legalAddress>
                        <postalAddress>623286, СВЕРДЛОВСКАЯ, РЕВДА, СПОРТИВНАЯ, дом 2</postalAddress>
                        <phone>7-34397-51271</phone>
                        <email>dksumz@mail.ru</email>
                        <okato>65484000000</okato>
                        <okpo>61453394</okpo>
                    </mainInfo>
                </ns2:customer>
                <ns2:placer>
                    <mainInfo>
                        <fullName>МУНИЦИПАЛЬНОЕ АВТОНОМНОЕ УЧРЕЖДЕНИЕ "ДВОРЕЦ КУЛЬТУРЫ ГОРОДСКОГО ОКРУГА РЕВДА"</fullName>
                        <shortName>МАУ "ДВОРЕЦ КУЛЬТУРЫ ГОРОДСКОГО ОКРУГА РЕВДА"</shortName>
                        <iko>56627020293662701001</iko>
                        <inn>6627020293</inn>
                        <kpp>668401001</kpp>
                        <ogrn>1096627000282</ogrn>
                        <legalAddress>623286, ОБЛ СВЕРДЛОВСКАЯ, Г РЕВДА, УЛ СПОРТИВНАЯ, дом 2</legalAddress>
                        <postalAddress>623286, СВЕРДЛОВСКАЯ, РЕВДА, СПОРТИВНАЯ, дом 2</postalAddress>
                        <phone>7-34397-51271</phone>
                        <email>dksumz@mail.ru</email>
                        <okato>65484000000</okato>
                        <okpo>61453394</okpo>
                    </mainInfo>
                </ns2:placer>
                <ns2:publicationDate>2017-03-30T13:54:38</ns2:publicationDate>
                <ns2:status>P</ns2:status>
                <ns2:version>1</ns2:version>
                <ns2:completed>true</ns2:completed>
                <ns2:attachments>
                    <totalDocumentsCount>3</totalDocumentsCount>
                    <document>
                        <guid>44e21e4c-9af3-4720-bd50-7bf962464854</guid>
                        <createDateTime>2017-03-30T13:35:57</createDateTime>
                        <fileName>отчет.pdf</fileName>
                        <description>отчет</description>
                        <url>https://zakupki.gov.ru/223/contract/private/download/download.html?id=11735641</url>
                        <registrationNumber>56627020293160000040008</registrationNumber>
                    </document>
                    <document>
                        <guid>e1b296c7-f149-436f-964a-7c907900045e</guid>
                        <createDateTime>2017-03-30T13:35:21</createDateTime>
                        <fileName>акт сверки.pdf</fileName>
                        <description>акт сверки</description>
                        <url>https://zakupki.gov.ru/223/contract/private/download/download.html?id=11735614</url>
                        <registrationNumber>56627020293160000040009</registrationNumber>
                    </document>
                    <document>
                        <guid>8a4deaf8-dfb1-4434-8912-7f3b6b738f2f</guid>
                        <createDateTime>2017-03-30T13:39:12</createDateTime>
                        <fileName>акт ТСК февраль 2 стр.zip</fileName>
                        <description>акт ТСК февраль 2 стр</description>
                        <url>https://zakupki.gov.ru/223/contract/private/download/download.html?id=11735839</url>
                        <registrationNumber>56627020293160000040010</registrationNumber>
                    </document>
                </ns2:attachments>
                <ns2:hasPenalty>false</ns2:hasPenalty>
                <ns2:contractRegNumber>56627020293160000040000</ns2:contractRegNumber>
                <ns2:contractInfo>
                    <ns2:guid>b0250173-c8e2-430b-8fd9-0c43fd0383ec</ns2:guid>
                    <ns2:name>ТС-684/01-14</ns2:name>
                    <ns2:agencyName>МАУ "ДВОРЕЦ КУЛЬТУРЫ ГОРОДСКОГО ОКРУГА РЕВДА"</ns2:agencyName>
                    <ns2:supplierName>Общество с ограниченной ответственностью "Теплоснабжающая компания"</ns2:supplierName>
                    <ns2:lotInfo>поставка тепловой энергии в виде горячей воды</ns2:lotInfo>
                    <ns2:contractDate>2013-12-30</ns2:contractDate>
                </ns2:contractInfo>
                <ns2:positions>
                    <ns2:position>
                        <ns2:ordinal>1</ns2:ordinal>
                        <ns2:paymentDate>2016-05-12</ns2:paymentDate>
                        <ns2:price>2530214.19</ns2:price>
                        <ns2:currency>
                            <code>RUB</code>
                            <digitalCode>643</digitalCode>
                            <name>Российский рубль</name>
                        </ns2:currency>
                        <ns2:rubPrice>2530214.19</ns2:rubPrice>
                        <ns2:prepaid>false</ns2:prepaid>
                        <ns2:docs>
                            <ns2:doc>
                                <ns2:ordinal>1</ns2:ordinal>
                                <ns2:date>2016-02-29</ns2:date>
                                <ns2:code>19</ns2:code>
                                <ns2:name>счет-фактура</ns2:name>
                                <ns2:number>632</ns2:number>
                                <ns2:contractPosition>
                                    <ns2:guid>3cabb73c-367d-014e-e053-ac11070d70ec</ns2:guid>
                                    <ns2:name>поставка тепловой энергии</ns2:name>
                                    <ns2:okpd2>
                                        <code>35.30.11.120</code>
                                        <name>Энергия тепловая, отпущенная котельными</name>
                                    </ns2:okpd2>
                                </ns2:contractPosition>
                                <ns2:okei>
                                    <code>233</code>
                                    <name>Гигакалория</name>
                                </ns2:okei>
                                <ns2:qty>1215.87</ns2:qty>
                            </ns2:doc>
                        </ns2:docs>
                    </ns2:position>
                    <ns2:total>2530214.19</ns2:total>
                </ns2:positions>
            </ns2:performanceContractData>
        </ns2:item>
    </ns2:body>
</ns2:performanceContract>
