<?xml version="1.0" encoding="UTF-8" standalone="yes"?>
<ns2:performanceContract xsi:schemaLocation="http://zakupki.gov.ru/223/integration/schema/TFF-5.2 http://zakupki.gov.ru/223/integration/schema/TFF-5.2/Types.xsd" xmlns="http://zakupki.gov.ru/223fz/types/1" xmlns:ns10="http://zakupki.gov.ru/223fz/disagreementProtocol/1" xmlns:ns11="http://zakupki.gov.ru/223fz/purchase/1" xmlns:ns12="http://zakupki.gov.ru/223fz/machineryListInfo/1" xmlns:ns13="http://zakupki.gov.ru/223fz/revenue/1" xmlns:ns14="http://zakupki.gov.ru/223fz/orderClauseList/1" xmlns:ns15="http://zakupki.gov.ru/223fz/complaint/1" xmlns:ns16="http://zakupki.gov.ru/223fz/missedNotice/1" xmlns:ns17="http://zakupki.gov.ru/223fz/notificationIssue/1" xmlns:ns18="http://zakupki.gov.ru/223fz/purchasePlanProject/1" xmlns:ns19="http://zakupki.gov.ru/223fz/webRequest/1" xmlns:ns2="http://zakupki.gov.ru/223fz/contract/1" xmlns:xsi="http://www.w3.org/2001/XMLSchema-instance" xmlns:ns3="http://zakupki.gov.ru/223fz/dishonestSupplier/1" xmlns:ns4="http://zakupki.gov.ru/223fz/decisionSuspension/1" xmlns:ns5="http://zakupki.gov.ru/223fz/purchasePlanAdditionalPosition/1" xmlns:ns6="http://zakupki.gov.ru/223fz/purchasePlan/1" xmlns:ns7="http://zakupki.gov.ru/223fz/purchasePlanProjectAdditionalPosition/1" xmlns:ns8="http://zakupki.gov.ru/223fz/reference/1" xmlns:ns9="http://zakupki.gov.ru/223fz/stopCommodity/1">
    <header>
        <guid>b2e42aae-39ab-4cd3-b19e-1a6e6ff8835f</guid>
        <createDateTime>2017-03-30T07:47:33</createDateTime>
    </header>
    <ns2:body>
        <ns2:item>
            <guid>4b3f765f-7b2c-4b4f-9a2d-1037d0642610</guid>
            <ns2:performanceContractData>
                <ns2:guid>4c251e95-f9af-4584-bc97-6a4fdc12be20</ns2:guid>
                <ns2:registrationNumber>66673092045160004470003</ns2:registrationNumber>
                <ns2:urlOOS>https://zakupki.gov.ru/223/contract/private/completing/info/view.html?id=2662477</ns2:urlOOS>
                <ns2:createDateTime>2016-11-24T15:30:12</ns2:createDateTime>
                <ns2:customer>
                    <mainInfo>
                        <fullName>АКЦИОНЕРНОЕ ОБЩЕСТВО "ОПЫТНОЕ КОНСТРУКТОРСКОЕ БЮРО "НОВАТОР"</fullName>
                        <shortName>АО "ОКБ "НОВАТОР"</shortName>
                        <iko>66673092045667301001</iko>
                        <inn>6673092045</inn>
                        <kpp>667301001</kpp>
                        <ogrn>1026605611339</ogrn>
                        <legalAddress>620017, обл СВЕРДЛОВСКАЯ, г ЕКАТЕРИНБУРГ, пр-кт КОСМОНАВТОВ, дом 18</legalAddress>
                        <postalAddress>620017, г. Екатеринбург, пр. Космонавтов, 18</postalAddress>
                        <phone>7-343-2641072</phone>
                        <fax>7-343-2641300</fax>
                        <email>main@okb-novator.ru</email>
                        <okato>65401385000</okato>
                        <okpo>07546512</okpo>
                    </mainInfo>
                </ns2:customer>
                <ns2:placer>
                    <mainInfo>
                        <fullName>АКЦИОНЕРНОЕ ОБЩЕСТВО "ОПЫТНОЕ КОНСТРУКТОРСКОЕ БЮРО "НОВАТОР"</fullName>
                        <shortName>АО "ОКБ "НОВАТОР"</shortName>
                        <iko>66673092045667301001</iko>
                        <inn>6673092045</inn>
                        <kpp>667301001</kpp>
                        <ogrn>1026605611339</ogrn>
                        <legalAddress>620017, обл СВЕРДЛОВСКАЯ, г ЕКАТЕРИНБУРГ, пр-кт КОСМОНАВТОВ, дом 18</legalAddress>
                        <postalAddress>620017, г. Екатеринбург, пр. Космонавтов, 18</postalAddress>
                        <phone>7-343-2641072</phone>
                        <fax>7-343-2641300</fax>
                        <email>main@okb-novator.ru</email>
                        <okato>65401385000</okato>
                        <okpo>07546512</okpo>
                    </mainInfo>
                </ns2:placer>
                <ns2:publicationDate>2017-03-30T07:47:33</ns2:publicationDate>
                <ns2:status>P</ns2:status>
                <ns2:version>1</ns2:version>
                <ns2:completed>true</ns2:completed>
                <ns2:attachments>
                    <totalDocumentsCount>5</totalDocumentsCount>
                    <document>
                        <guid>31b18db2-9c30-497e-a931-46206279becd</guid>
                        <createDateTime>2017-03-30T07:46:15</createDateTime>
                        <fileName>тн 280201 Уралпром .jpeg</fileName>
                        <description>тн 280201 Уралпром </description>
                        <url>https://zakupki.gov.ru/223/contract/private/download/download.html?id=11715168</url>
                        <registrationNumber>66673092045160004470004</registrationNumber>
                    </document>
                    <document>
                        <guid>4f27e6a4-cbe5-407f-9f3c-0591a174dfd3</guid>
                        <createDateTime>2017-03-30T07:45:46</createDateTime>
                        <fileName>к пп 2127 Письмо о неустойке.jpeg</fileName>
                        <description>к пп 2127 Письмо о неустойке</description>
                        <url>https://zakupki.gov.ru/223/contract/private/download/download.html?id=11715157</url>
                        <registrationNumber>66673092045160004470005</registrationNumber>
                    </document>
                    <document>
                        <guid>e8c3fc97-3d4c-4615-8b10-b23f42c5304c</guid>
                        <createDateTime>2017-03-30T07:45:53</createDateTime>
                        <fileName>к пп 2127 о коррект. назнач. платежа.jpeg</fileName>
                        <description>к пп 2127 о коррект. назнач. платежа</description>
                        <url>https://zakupki.gov.ru/223/contract/private/download/download.html?id=11715159</url>
                        <registrationNumber>66673092045160004470006</registrationNumber>
                    </document>
                    <document>
                        <guid>97d677dc-1708-4fcc-b6cf-83b92e198b3c</guid>
                        <createDateTime>2017-03-30T07:46:05</createDateTime>
                        <fileName>тн 200201 Уралпром .jpeg</fileName>
                        <description>тн 200201 Уралпром </description>
                        <url>https://zakupki.gov.ru/223/contract/private/download/download.html?id=11715164</url>
                        <registrationNumber>66673092045160004470007</registrationNumber>
                    </document>
                    <document>
                        <guid>bcaaa001-6176-412c-8c87-eea127f120e0</guid>
                        <createDateTime>2017-03-30T07:45:32</createDateTime>
                        <fileName>пп 2127 Уралпром.pdf</fileName>
                        <description>пп 2127 Уралпром</description>
                        <url>https://zakupki.gov.ru/223/contract/private/download/download.html?id=11715148</url>
                        <registrationNumber>66673092045160004470008</registrationNumber>
                    </document>
                </ns2:attachments>
                <ns2:hasPenalty>true</ns2:hasPenalty>
                <ns2:penaltyInfo>С учетом неустойки за просрочку поставки продукции в сумме 160 356 руб. 81 коп.</ns2:penaltyInfo>
                <ns2:contractRegNumber>66673092045160004470000</ns2:contractRegNumber>
                <ns2:contractInfo>
                    <ns2:guid>392eca82-a560-42ca-8ced-cabb93e1d01c</ns2:guid>
                    <ns2:name>132/470</ns2:name>
                    <ns2:agencyName>АО "ОКБ "НОВАТОР"</ns2:agencyName>
                    <ns2:supplierName>ОБЩЕСТВО С ОГРАНИЧЕННОЙ ОТВЕТСТВЕННОСТЬЮ "УРАЛПРОМ"</ns2:supplierName>
                    <ns2:lotInfo>Компрессоры прочие</ns2:lotInfo>
                    <ns2:contractDate>2016-11-24</ns2:contractDate>
                </ns2:contractInfo>
                <ns2:positions>
                    <ns2:position>
                        <ns2:ordinal>1</ns2:ordinal>
                        <ns2:paymentDate>2017-03-24</ns2:paymentDate>
                        <ns2:price>8279475.19</ns2:price>
                        <ns2:currency>
                            <code>RUB</code>
                            <digitalCode>643</digitalCode>
                            <name>Российский рубль</name>
                        </ns2:currency>
                        <ns2:rubPrice>8279475.19</ns2:rubPrice>
                        <ns2:prepaid>false</ns2:prepaid>
                        <ns2:docs>
                            <ns2:doc>
                                <ns2:ordinal>1</ns2:ordinal>
                                <ns2:date>2017-03-01</ns2:date>
                                <ns2:code>01</ns2:code>
                                <ns2:name>товарная накладная</ns2:name>
                                <ns2:number>280201</ns2:number>
                                <ns2:contractPosition>
                                    <ns2:guid>c094c053-1b60-4d3b-b655-6dcc02f30644</ns2:guid>
                                    <ns2:name>Компрессоры прочие</ns2:name>
                                    <ns2:okpd2>
                                        <code>28.13.28.000</code>
                                        <name>Компрессоры прочие</name>
                                    </ns2:okpd2>
                                </ns2:contractPosition>
                                <ns2:okei>
                                    <code>796</code>
                                    <name>Штука</name>
                                </ns2:okei>
                                <ns2:qty>1</ns2:qty>
                            </ns2:doc>
                            <ns2:doc>
                                <ns2:ordinal>2</ns2:ordinal>
                                <ns2:date>2017-02-21</ns2:date>
                                <ns2:code>01</ns2:code>
                                <ns2:name>товарная накладная</ns2:name>
                                <ns2:number>200201</ns2:number>
                                <ns2:contractPosition>
                                    <ns2:guid>c094c053-1b60-4d3b-b655-6dcc02f30644</ns2:guid>
                                    <ns2:name>Компрессоры прочие</ns2:name>
                                    <ns2:okpd2>
                                        <code>28.13.28.000</code>
                                        <name>Компрессоры прочие</name>
                                    </ns2:okpd2>
                                </ns2:contractPosition>
                                <ns2:okei>
                                    <code>796</code>
                                    <name>Штука</name>
                                </ns2:okei>
                                <ns2:qty>1</ns2:qty>
                            </ns2:doc>
                        </ns2:docs>
                    </ns2:position>
                    <ns2:total>8279475.19</ns2:total>
                </ns2:positions>
            </ns2:performanceContractData>
        </ns2:item>
    </ns2:body>
</ns2:performanceContract>
