<?xml version="1.0" encoding="UTF-8" standalone="yes"?>
<ns2:performanceContract xsi:schemaLocation="http://zakupki.gov.ru/223/integration/schema/TFF-5.2 http://zakupki.gov.ru/223/integration/schema/TFF-5.2/Types.xsd" xmlns="http://zakupki.gov.ru/223fz/types/1" xmlns:ns10="http://zakupki.gov.ru/223fz/disagreementProtocol/1" xmlns:ns11="http://zakupki.gov.ru/223fz/purchase/1" xmlns:ns12="http://zakupki.gov.ru/223fz/machineryListInfo/1" xmlns:ns13="http://zakupki.gov.ru/223fz/revenue/1" xmlns:ns14="http://zakupki.gov.ru/223fz/orderClauseList/1" xmlns:ns15="http://zakupki.gov.ru/223fz/complaint/1" xmlns:ns16="http://zakupki.gov.ru/223fz/missedNotice/1" xmlns:ns17="http://zakupki.gov.ru/223fz/notificationIssue/1" xmlns:ns18="http://zakupki.gov.ru/223fz/purchasePlanProject/1" xmlns:ns19="http://zakupki.gov.ru/223fz/webRequest/1" xmlns:ns2="http://zakupki.gov.ru/223fz/contract/1" xmlns:xsi="http://www.w3.org/2001/XMLSchema-instance" xmlns:ns3="http://zakupki.gov.ru/223fz/dishonestSupplier/1" xmlns:ns4="http://zakupki.gov.ru/223fz/decisionSuspension/1" xmlns:ns5="http://zakupki.gov.ru/223fz/purchasePlanAdditionalPosition/1" xmlns:ns6="http://zakupki.gov.ru/223fz/purchasePlan/1" xmlns:ns7="http://zakupki.gov.ru/223fz/purchasePlanProjectAdditionalPosition/1" xmlns:ns8="http://zakupki.gov.ru/223fz/reference/1" xmlns:ns9="http://zakupki.gov.ru/223fz/stopCommodity/1">
    <header>
        <guid>9255af05-924e-4f9d-bd3a-058013d2656c</guid>
        <createDateTime>2017-03-30T08:46:07</createDateTime>
    </header>
    <ns2:body>
        <ns2:item>
            <guid>d860c00e-45dd-4031-88dd-7b2601657408</guid>
            <ns2:performanceContractData>
                <ns2:guid>1a637dd6-c2ab-41b8-b736-2324402d590a</ns2:guid>
                <ns2:registrationNumber>66673189640160001370010</ns2:registrationNumber>
                <ns2:urlOOS>https://zakupki.gov.ru/223/contract/private/completing/info/view.html?id=2662975</ns2:urlOOS>
                <ns2:createDateTime>2016-10-04T14:34:44</ns2:createDateTime>
                <ns2:customer>
                    <mainInfo>
                        <fullName>АКЦИОНЕРНОЕ ОБЩЕСТВО "ЗАВОД №9"</fullName>
                        <shortName>АО "ЗАВОД №9"</shortName>
                        <iko>66673189640667301001</iko>
                        <inn>6673189640</inn>
                        <kpp>667301001</kpp>
                        <ogrn>1086673012920</ogrn>
                        <legalAddress>620012, обл СВЕРДЛОВСКАЯ, г ЕКАТЕРИНБУРГ, пл 1-Й ПЯТИЛЕТКИ</legalAddress>
                        <postalAddress>Российская Федерация, 620012, Свердловская область, г.Екатеринбург, площадь Первой пятилетки</postalAddress>
                        <phone>7-343-3275900</phone>
                        <fax>7-343-3366684</fax>
                        <email>it@zavod9.com</email>
                        <okato>65401000000</okato>
                        <okpo>43083858</okpo>
                    </mainInfo>
                </ns2:customer>
                <ns2:placer>
                    <mainInfo>
                        <fullName>АКЦИОНЕРНОЕ ОБЩЕСТВО "ЗАВОД №9"</fullName>
                        <shortName>АО "ЗАВОД №9"</shortName>
                        <iko>66673189640667301001</iko>
                        <inn>6673189640</inn>
                        <kpp>667301001</kpp>
                        <ogrn>1086673012920</ogrn>
                        <legalAddress>620012, обл СВЕРДЛОВСКАЯ, г ЕКАТЕРИНБУРГ, пл 1-Й ПЯТИЛЕТКИ</legalAddress>
                        <postalAddress>Российская Федерация, 620012, Свердловская область, г.Екатеринбург, площадь Первой пятилетки</postalAddress>
                        <phone>7-343-3275900</phone>
                        <fax>7-343-3366684</fax>
                        <email>it@zavod9.com</email>
                        <okato>65401000000</okato>
                        <okpo>43083858</okpo>
                    </mainInfo>
                </ns2:placer>
                <ns2:publicationDate>2017-03-30T08:46:07</ns2:publicationDate>
                <ns2:status>P</ns2:status>
                <ns2:version>1</ns2:version>
                <ns2:completed>false</ns2:completed>
                <ns2:attachments>
                    <totalDocumentsCount>3</totalDocumentsCount>
                    <document>
                        <guid>a148bfe1-859e-4b27-a75b-eae300ef6947</guid>
                        <createDateTime>2017-03-30T08:45:12</createDateTime>
                        <fileName>Первичная документация.pdf</fileName>
                        <description>Первичная документация</description>
                        <url>https://zakupki.gov.ru/223/contract/private/download/download.html?id=11717427</url>
                        <registrationNumber>66673189640160001370011</registrationNumber>
                    </document>
                    <document>
                        <guid>4ddc25b0-b881-40b2-8cf9-4df66ac31e07</guid>
                        <createDateTime>2017-03-30T08:45:23</createDateTime>
                        <fileName>П_п 78 от 20.01.17.pdf</fileName>
                        <description>П_п 78 от 20.01.17</description>
                        <url>https://zakupki.gov.ru/223/contract/private/download/download.html?id=11717432</url>
                        <registrationNumber>66673189640160001370012</registrationNumber>
                    </document>
                    <document>
                        <guid>bbc62620-473d-4412-818e-b19415d6776b</guid>
                        <createDateTime>2017-03-30T08:45:32</createDateTime>
                        <fileName>П_п 1754 от 24.03.17.pdf</fileName>
                        <description>П_п 1754 от 24.03.17</description>
                        <url>https://zakupki.gov.ru/223/contract/private/download/download.html?id=11717438</url>
                        <registrationNumber>66673189640160001370013</registrationNumber>
                    </document>
                </ns2:attachments>
                <ns2:hasPenalty>false</ns2:hasPenalty>
                <ns2:contractRegNumber>66673189640160001370000</ns2:contractRegNumber>
                <ns2:contractInfo>
                    <ns2:guid>6e84adc4-2e8f-4151-bf2e-e99668e2cbb8</ns2:guid>
                    <ns2:name>1517187319091040120010240/510-3/46/1098-16/31603781090</ns2:name>
                    <ns2:agencyName>АО "ЗАВОД №9"</ns2:agencyName>
                    <ns2:supplierName>ФЕДЕРАЛЬНОЕ ГОСУДАРСТВЕННОЕ АВТОНОМНОЕ ОБРАЗОВАТЕЛЬНОЕ УЧРЕЖДЕНИЕ ВЫСШЕГО ОБРАЗОВАНИЯ "УРАЛЬСКИЙ ФЕДЕРАЛЬНЫЙ УНИВЕРСИТЕТ ИМЕНИ ПЕРВОГО ПРЕЗИДЕНТА РОССИИ Б.Н. ЕЛЬЦИНА"</ns2:supplierName>
                    <ns2:lotInfo>Поставка цепей 2А33.Сб04-3 для АО </ns2:lotInfo>
                    <ns2:contractDate>2016-08-03</ns2:contractDate>
                </ns2:contractInfo>
                <ns2:positions>
                    <ns2:position>
                        <ns2:ordinal>1</ns2:ordinal>
                        <ns2:paymentDate>2017-03-27</ns2:paymentDate>
                        <ns2:price>2293431.48</ns2:price>
                        <ns2:currency>
                            <code>RUB</code>
                            <digitalCode>643</digitalCode>
                            <name>Российский рубль</name>
                        </ns2:currency>
                        <ns2:rubPrice>2293431.48</ns2:rubPrice>
                        <ns2:prepaid>false</ns2:prepaid>
                        <ns2:docs>
                            <ns2:doc>
                                <ns2:ordinal>1</ns2:ordinal>
                                <ns2:code>01</ns2:code>
                                <ns2:name>товарная накладная</ns2:name>
                                <ns2:contractPosition>
                                    <ns2:guid>3cabb75f-ae00-014e-e053-ac11070d70ec</ns2:guid>
                                    <ns2:name>Цепи приводные</ns2:name>
                                    <ns2:okpd2>
                                        <code>28.15.21.110</code>
                                        <name>Цепи приводные</name>
                                    </ns2:okpd2>
                                </ns2:contractPosition>
                                <ns2:okei>
                                    <code>796</code>
                                    <name>Штука</name>
                                </ns2:okei>
                                <ns2:qty>6</ns2:qty>
                            </ns2:doc>
                        </ns2:docs>
                    </ns2:position>
                    <ns2:total>2293431.48</ns2:total>
                </ns2:positions>
            </ns2:performanceContractData>
        </ns2:item>
    </ns2:body>
</ns2:performanceContract>
