<?xml version="1.0" encoding="UTF-8" standalone="yes"?>
<ns2:contractCancellation xsi:schemaLocation="http://zakupki.gov.ru/223/integration/schema/TFF-5.2 http://zakupki.gov.ru/223/integration/schema/TFF-5.2/Types.xsd" xmlns="http://zakupki.gov.ru/223fz/types/1" xmlns:ns10="http://zakupki.gov.ru/223fz/disagreementProtocol/1" xmlns:ns11="http://zakupki.gov.ru/223fz/purchase/1" xmlns:ns12="http://zakupki.gov.ru/223fz/machineryListInfo/1" xmlns:ns13="http://zakupki.gov.ru/223fz/revenue/1" xmlns:ns14="http://zakupki.gov.ru/223fz/orderClauseList/1" xmlns:ns15="http://zakupki.gov.ru/223fz/complaint/1" xmlns:ns16="http://zakupki.gov.ru/223fz/missedNotice/1" xmlns:ns17="http://zakupki.gov.ru/223fz/notificationIssue/1" xmlns:ns18="http://zakupki.gov.ru/223fz/purchasePlanProject/1" xmlns:ns19="http://zakupki.gov.ru/223fz/webRequest/1" xmlns:ns2="http://zakupki.gov.ru/223fz/contract/1" xmlns:xsi="http://www.w3.org/2001/XMLSchema-instance" xmlns:ns3="http://zakupki.gov.ru/223fz/dishonestSupplier/1" xmlns:ns4="http://zakupki.gov.ru/223fz/decisionSuspension/1" xmlns:ns5="http://zakupki.gov.ru/223fz/purchasePlanAdditionalPosition/1" xmlns:ns6="http://zakupki.gov.ru/223fz/purchasePlan/1" xmlns:ns7="http://zakupki.gov.ru/223fz/purchasePlanProjectAdditionalPosition/1" xmlns:ns8="http://zakupki.gov.ru/223fz/reference/1" xmlns:ns9="http://zakupki.gov.ru/223fz/stopCommodity/1">
    <header>
        <guid>e8260f22-5a58-4255-a6dc-20afe0f4b407</guid>
        <createDateTime>2017-03-30T06:41:10</createDateTime>
    </header>
    <ns2:body>
        <ns2:item>
            <guid>a88ddd87-1324-41b5-bd86-9be54765e3b0</guid>
            <ns2:contractCancellationData>
                <ns2:guid>4f41d6e6-3547-4b94-8cff-f4ad70f728af</ns2:guid>
                <ns2:registrationNumber>56663020620160002880006</ns2:registrationNumber>
                <ns2:urlOOS>https://zakupki.gov.ru/223/contract/private/completing/info/view.html?id=2662114</ns2:urlOOS>
                <ns2:createDateTime>2017-03-30T06:41:01</ns2:createDateTime>
                <ns2:customer>
                    <mainInfo>
                        <fullName>МУНИЦИПАЛЬНОЕ АВТОНОМНОЕ УЧРЕЖДЕНИЕ "ГОРОДСКАЯ КЛИНИЧЕСКАЯ БОЛЬНИЦА № 14"</fullName>
                        <shortName>МАУ "ГКБ № 14"</shortName>
                        <iko>56663020620668601001</iko>
                        <inn>6663020620</inn>
                        <kpp>668601001</kpp>
                        <ogrn>1036604789759</ogrn>
                        <legalAddress>620039, ОБЛ СВЕРДЛОВСКАЯ, Г ЕКАТЕРИНБУРГ, УЛ 22 ПАРТСЪЕЗДА, дом 15, корпус А</legalAddress>
                        <postalAddress>620039, СВЕРДЛОВСКАЯ, ЕКАТЕРИНБУРГ, 22 ПАРТСЪЕЗДА, дом 15, корпус А</postalAddress>
                        <phone>8-343-3381936</phone>
                        <fax>8-343-3385395</fax>
                        <email>gkb14_asu@mail.ru</email>
                        <okato>65401385000</okato>
                        <okpo>01944625</okpo>
                    </mainInfo>
                </ns2:customer>
                <ns2:placer>
                    <mainInfo>
                        <fullName>МУНИЦИПАЛЬНОЕ АВТОНОМНОЕ УЧРЕЖДЕНИЕ "ГОРОДСКАЯ КЛИНИЧЕСКАЯ БОЛЬНИЦА № 14"</fullName>
                        <shortName>МАУ "ГКБ № 14"</shortName>
                        <iko>56663020620668601001</iko>
                        <inn>6663020620</inn>
                        <kpp>668601001</kpp>
                        <ogrn>1036604789759</ogrn>
                        <legalAddress>620039, ОБЛ СВЕРДЛОВСКАЯ, Г ЕКАТЕРИНБУРГ, УЛ 22 ПАРТСЪЕЗДА, дом 15, корпус А</legalAddress>
                        <postalAddress>620039, СВЕРДЛОВСКАЯ, ЕКАТЕРИНБУРГ, 22 ПАРТСЪЕЗДА, дом 15, корпус А</postalAddress>
                        <phone>8-343-3381936</phone>
                        <fax>8-343-3385395</fax>
                        <email>gkb14_asu@mail.ru</email>
                        <okato>65401385000</okato>
                        <okpo>01944625</okpo>
                    </mainInfo>
                </ns2:placer>
                <ns2:publicationDate>2017-03-30T06:41:10</ns2:publicationDate>
                <ns2:status>P</ns2:status>
                <ns2:version>1</ns2:version>
                <ns2:attachments>
                    <totalDocumentsCount>1</totalDocumentsCount>
                    <document>
                        <guid>9d729b25-2746-4478-b00d-21c95338f974</guid>
                        <createDateTime>2017-03-30T06:40:55</createDateTime>
                        <fileName>доп.согл о раст.pdf</fileName>
                        <description>доп.согл о раст</description>
                        <url>https://zakupki.gov.ru/223/contract/private/download/download.html?id=11713483</url>
                        <registrationNumber>56663020620160002880007</registrationNumber>
                    </document>
                </ns2:attachments>
                <ns2:hasPenalty>false</ns2:hasPenalty>
                <ns2:contractRegNumber>56663020620160002880000</ns2:contractRegNumber>
                <ns2:contractInfo>
                    <ns2:guid>e8811dd8-8337-e019-1304-b6234ebaa770</ns2:guid>
                    <ns2:name>31604289196</ns2:name>
                    <ns2:agencyName>МАУ "ГКБ № 14"</ns2:agencyName>
                    <ns2:supplierName>ОБЩЕСТВО С ОГРАНИЧЕННОЙ ОТВЕТСТВЕННОСТЬЮ "МЕДИНВЕСТКОНСАЛТ"</ns2:supplierName>
                    <ns2:lotInfo>Стол операционный универсальный для МАУ "ГКБ № 14"</ns2:lotInfo>
                    <ns2:contractDate>2016-12-21</ns2:contractDate>
                </ns2:contractInfo>
                <ns2:baseContractCancellationCode>1</ns2:baseContractCancellationCode>
                <ns2:baseContractCancellationName>Соглашение сторон</ns2:baseContractCancellationName>
                <ns2:baseRejectionDocCode>11</ns2:baseRejectionDocCode>
                <ns2:baseRejectionDocName>Дополнительное соглашение к договору</ns2:baseRejectionDocName>
                <ns2:completionDate>2017-03-20T00:00:00</ns2:completionDate>
                <ns2:baseRejectionDocNum>1</ns2:baseRejectionDocNum>
                <ns2:baseRejectionDocDate>2017-03-20</ns2:baseRejectionDocDate>
            </ns2:contractCancellationData>
        </ns2:item>
    </ns2:body>
</ns2:contractCancellation>
