<?xml version="1.0" encoding="UTF-8" standalone="yes"?>
<ns2:performanceContract xsi:schemaLocation="http://zakupki.gov.ru/223/integration/schema/TFF-5.2 http://zakupki.gov.ru/223/integration/schema/TFF-5.2/Types.xsd" xmlns="http://zakupki.gov.ru/223fz/types/1" xmlns:ns10="http://zakupki.gov.ru/223fz/disagreementProtocol/1" xmlns:ns11="http://zakupki.gov.ru/223fz/purchase/1" xmlns:ns12="http://zakupki.gov.ru/223fz/machineryListInfo/1" xmlns:ns13="http://zakupki.gov.ru/223fz/revenue/1" xmlns:ns14="http://zakupki.gov.ru/223fz/orderClauseList/1" xmlns:ns15="http://zakupki.gov.ru/223fz/complaint/1" xmlns:ns16="http://zakupki.gov.ru/223fz/missedNotice/1" xmlns:ns17="http://zakupki.gov.ru/223fz/notificationIssue/1" xmlns:ns18="http://zakupki.gov.ru/223fz/purchasePlanProject/1" xmlns:ns19="http://zakupki.gov.ru/223fz/webRequest/1" xmlns:ns2="http://zakupki.gov.ru/223fz/contract/1" xmlns:xsi="http://www.w3.org/2001/XMLSchema-instance" xmlns:ns3="http://zakupki.gov.ru/223fz/dishonestSupplier/1" xmlns:ns4="http://zakupki.gov.ru/223fz/decisionSuspension/1" xmlns:ns5="http://zakupki.gov.ru/223fz/purchasePlanAdditionalPosition/1" xmlns:ns6="http://zakupki.gov.ru/223fz/purchasePlan/1" xmlns:ns7="http://zakupki.gov.ru/223fz/purchasePlanProjectAdditionalPosition/1" xmlns:ns8="http://zakupki.gov.ru/223fz/reference/1" xmlns:ns9="http://zakupki.gov.ru/223fz/stopCommodity/1">
    <header>
        <guid>bc0f4c0b-3cbc-48a9-abe7-8a70578e05ab</guid>
        <createDateTime>2017-03-30T07:27:53</createDateTime>
    </header>
    <ns2:body>
        <ns2:item>
            <guid>b4ae8f92-a723-414c-adc3-bb90b90cb7ec</guid>
            <ns2:performanceContractData>
                <ns2:guid>7c43c889-fd07-40a8-8322-8af3d639e262</ns2:guid>
                <ns2:registrationNumber>56663057940170000030003</ns2:registrationNumber>
                <ns2:urlOOS>https://zakupki.gov.ru/223/contract/private/completing/info/view.html?id=2662350</ns2:urlOOS>
                <ns2:createDateTime>2017-03-01T13:02:58</ns2:createDateTime>
                <ns2:customer>
                    <mainInfo>
                        <fullName>МУНИЦИПАЛЬНОЕ АВТОНОМНОЕ ОБЩЕОБРАЗОВАТЕЛЬНОЕ УЧРЕЖДЕНИЕ СРЕДНЯЯ ОБЩЕОБРАЗОВАТЕЛЬНАЯ ШКОЛА № 138</fullName>
                        <shortName>МАОУ СОШ № 138</shortName>
                        <iko>56663057940668601001</iko>
                        <inn>6663057940</inn>
                        <kpp>668601001</kpp>
                        <ogrn>1026605612670</ogrn>
                        <legalAddress>620135, СВЕРДЛОВСКАЯ, ЕКАТЕРИНБУРГ, ШЕФСКАЯ, дом 87, корпус А</legalAddress>
                        <postalAddress>620135 Екатеринбург, ул. Шефская, 87а</postalAddress>
                        <phone>7-343-3336376</phone>
                        <email>luzina138@mail.ru</email>
                        <okato>65401385000</okato>
                        <okpo>44664020</okpo>
                    </mainInfo>
                </ns2:customer>
                <ns2:placer>
                    <mainInfo>
                        <fullName>МУНИЦИПАЛЬНОЕ АВТОНОМНОЕ ОБЩЕОБРАЗОВАТЕЛЬНОЕ УЧРЕЖДЕНИЕ СРЕДНЯЯ ОБЩЕОБРАЗОВАТЕЛЬНАЯ ШКОЛА № 138</fullName>
                        <shortName>МАОУ СОШ № 138</shortName>
                        <iko>56663057940668601001</iko>
                        <inn>6663057940</inn>
                        <kpp>668601001</kpp>
                        <ogrn>1026605612670</ogrn>
                        <legalAddress>620135, СВЕРДЛОВСКАЯ, ЕКАТЕРИНБУРГ, ШЕФСКАЯ, дом 87, корпус А</legalAddress>
                        <postalAddress>620135 Екатеринбург, ул. Шефская, 87а</postalAddress>
                        <phone>7-343-3336376</phone>
                        <email>luzina138@mail.ru</email>
                        <okato>65401385000</okato>
                        <okpo>44664020</okpo>
                    </mainInfo>
                </ns2:placer>
                <ns2:publicationDate>2017-03-30T07:27:53</ns2:publicationDate>
                <ns2:status>P</ns2:status>
                <ns2:version>1</ns2:version>
                <ns2:completed>true</ns2:completed>
                <ns2:attachments>
                    <totalDocumentsCount>2</totalDocumentsCount>
                    <document>
                        <guid>8c0a379c-0fbd-4ea2-8d6b-35829cd57db6</guid>
                        <createDateTime>2017-03-30T07:26:46</createDateTime>
                        <fileName>носова учебники накл.pdf</fileName>
                        <description>носова учебники накл</description>
                        <url>https://zakupki.gov.ru/223/contract/private/download/download.html?id=11714603</url>
                        <registrationNumber>56663057940170000030004</registrationNumber>
                    </document>
                    <document>
                        <guid>43e39db2-bd65-4b4f-bfaf-5ded68bbdcf2</guid>
                        <createDateTime>2017-03-30T07:26:53</createDateTime>
                        <fileName>платежки по оплате на сайт (1).pdf</fileName>
                        <description>платежки по оплате на сайт (1)</description>
                        <url>https://zakupki.gov.ru/223/contract/private/download/download.html?id=11714606</url>
                        <registrationNumber>56663057940170000030005</registrationNumber>
                    </document>
                </ns2:attachments>
                <ns2:hasPenalty>false</ns2:hasPenalty>
                <ns2:contractRegNumber>56663057940170000030000</ns2:contractRegNumber>
                <ns2:contractInfo>
                    <ns2:guid>e66def25-6c0e-41de-b14c-fcf7b6bf179f</ns2:guid>
                    <ns2:name>1787/1</ns2:name>
                    <ns2:agencyName>МАОУ СОШ № 138</ns2:agencyName>
                    <ns2:supplierName>Носова Анжелика Анатольевна</ns2:supplierName>
                    <ns2:lotInfo>Поставка книжной и иной печатной продукции</ns2:lotInfo>
                    <ns2:contractDate>2017-02-22</ns2:contractDate>
                </ns2:contractInfo>
                <ns2:positions>
                    <ns2:position>
                        <ns2:ordinal>1</ns2:ordinal>
                        <ns2:paymentDate>2017-03-22</ns2:paymentDate>
                        <ns2:price>499804.6</ns2:price>
                        <ns2:currency>
                            <code>RUB</code>
                            <digitalCode>643</digitalCode>
                            <name>Российский рубль</name>
                        </ns2:currency>
                        <ns2:rubPrice>499804.6</ns2:rubPrice>
                        <ns2:prepaid>false</ns2:prepaid>
                        <ns2:docs>
                            <ns2:doc>
                                <ns2:ordinal>1</ns2:ordinal>
                                <ns2:date>2017-02-22</ns2:date>
                                <ns2:code>01</ns2:code>
                                <ns2:name>товарная накладная</ns2:name>
                                <ns2:number>3-5145</ns2:number>
                                <ns2:contractPosition>
                                    <ns2:guid>0c54c966-a33f-42f6-9ffe-4b759a83909d</ns2:guid>
                                    <ns2:name>Учебники печатные общеобразовательного назначения</ns2:name>
                                    <ns2:okpd2>
                                        <code>58.11.11.000</code>
                                        <name>Учебники печатные общеобразовательного назначения</name>
                                    </ns2:okpd2>
                                </ns2:contractPosition>
                                <ns2:okei>
                                    <code>876</code>
                                    <name>Условная единица</name>
                                </ns2:okei>
                                <ns2:qty>1</ns2:qty>
                            </ns2:doc>
                        </ns2:docs>
                    </ns2:position>
                    <ns2:total>499804.6</ns2:total>
                </ns2:positions>
            </ns2:performanceContractData>
        </ns2:item>
    </ns2:body>
</ns2:performanceContract>
