<?xml version="1.0" encoding="UTF-8" standalone="yes"?>
<ns2:performanceContract xsi:schemaLocation="http://zakupki.gov.ru/223/integration/schema/TFF-5.2 http://zakupki.gov.ru/223/integration/schema/TFF-5.2/Types.xsd" xmlns="http://zakupki.gov.ru/223fz/types/1" xmlns:ns10="http://zakupki.gov.ru/223fz/disagreementProtocol/1" xmlns:ns11="http://zakupki.gov.ru/223fz/purchase/1" xmlns:ns12="http://zakupki.gov.ru/223fz/machineryListInfo/1" xmlns:ns13="http://zakupki.gov.ru/223fz/revenue/1" xmlns:ns14="http://zakupki.gov.ru/223fz/orderClauseList/1" xmlns:ns15="http://zakupki.gov.ru/223fz/complaint/1" xmlns:ns16="http://zakupki.gov.ru/223fz/missedNotice/1" xmlns:ns17="http://zakupki.gov.ru/223fz/notificationIssue/1" xmlns:ns18="http://zakupki.gov.ru/223fz/purchasePlanProject/1" xmlns:ns19="http://zakupki.gov.ru/223fz/webRequest/1" xmlns:ns2="http://zakupki.gov.ru/223fz/contract/1" xmlns:xsi="http://www.w3.org/2001/XMLSchema-instance" xmlns:ns3="http://zakupki.gov.ru/223fz/dishonestSupplier/1" xmlns:ns4="http://zakupki.gov.ru/223fz/decisionSuspension/1" xmlns:ns5="http://zakupki.gov.ru/223fz/purchasePlanAdditionalPosition/1" xmlns:ns6="http://zakupki.gov.ru/223fz/purchasePlan/1" xmlns:ns7="http://zakupki.gov.ru/223fz/purchasePlanProjectAdditionalPosition/1" xmlns:ns8="http://zakupki.gov.ru/223fz/reference/1" xmlns:ns9="http://zakupki.gov.ru/223fz/stopCommodity/1">
    <header>
        <guid>a42ca85c-9558-408a-92a9-cfe83d956c82</guid>
        <createDateTime>2017-03-30T08:05:09</createDateTime>
    </header>
    <ns2:body>
        <ns2:item>
            <guid>f78f2d16-123f-448f-9985-5dc79acd6589</guid>
            <ns2:performanceContractData>
                <ns2:guid>2de59633-1be7-4557-b650-bc397e3fc89f</ns2:guid>
                <ns2:registrationNumber>56623112539170000200003</ns2:registrationNumber>
                <ns2:urlOOS>https://zakupki.gov.ru/223/contract/private/completing/info/view.html?id=2662594</ns2:urlOOS>
                <ns2:createDateTime>2017-02-15T13:08:27</ns2:createDateTime>
                <ns2:customer>
                    <mainInfo>
                        <fullName>ГОСУДАРСТВЕННОЕ АВТОНОМНОЕ УЧРЕЖДЕНИЕ ЗДРАВООХРАНЕНИЯ СВЕРДЛОВСКОЙ ОБЛАСТИ "СТОМАТОЛОГИЧЕСКАЯ ПОЛИКЛИНИКА ГОРОД НИЖНИЙ ТАГИЛ"</fullName>
                        <shortName>ГАУЗ СО "СП Г. НИЖНИЙ ТАГИЛ"</shortName>
                        <iko>56623112539662301001</iko>
                        <inn>6623112539</inn>
                        <kpp>662301001</kpp>
                        <ogrn>1156623005230</ogrn>
                        <legalAddress>622051, ОБЛ СВЕРДЛОВСКАЯ, Г НИЖНИЙ ТАГИЛ, УЛ ПРАВДЫ, дом ДОМ 7</legalAddress>
                        <postalAddress>622051, Свердловская Область, Нижний Тагил Город, Правды Улица, дом 7</postalAddress>
                        <phone>7-3435-330233</phone>
                        <email>znt79@mail.ru</email>
                        <okato>65476000000</okato>
                        <okpo>41739604</okpo>
                    </mainInfo>
                </ns2:customer>
                <ns2:placer>
                    <mainInfo>
                        <fullName>ГОСУДАРСТВЕННОЕ АВТОНОМНОЕ УЧРЕЖДЕНИЕ ЗДРАВООХРАНЕНИЯ СВЕРДЛОВСКОЙ ОБЛАСТИ "СТОМАТОЛОГИЧЕСКАЯ ПОЛИКЛИНИКА ГОРОД НИЖНИЙ ТАГИЛ"</fullName>
                        <shortName>ГАУЗ СО "СП Г. НИЖНИЙ ТАГИЛ"</shortName>
                        <iko>56623112539662301001</iko>
                        <inn>6623112539</inn>
                        <kpp>662301001</kpp>
                        <ogrn>1156623005230</ogrn>
                        <legalAddress>622051, ОБЛ СВЕРДЛОВСКАЯ, Г НИЖНИЙ ТАГИЛ, УЛ ПРАВДЫ, дом ДОМ 7</legalAddress>
                        <postalAddress>622051, Свердловская Область, Нижний Тагил Город, Правды Улица, дом 7</postalAddress>
                        <phone>7-3435-330233</phone>
                        <email>znt79@mail.ru</email>
                        <okato>65476000000</okato>
                        <okpo>41739604</okpo>
                    </mainInfo>
                </ns2:placer>
                <ns2:publicationDate>2017-03-30T08:05:09</ns2:publicationDate>
                <ns2:status>P</ns2:status>
                <ns2:version>1</ns2:version>
                <ns2:completed>true</ns2:completed>
                <ns2:attachments>
                    <totalDocumentsCount>3</totalDocumentsCount>
                    <document>
                        <guid>16a35f9b-c9f6-461c-8d0b-189f16df60d2</guid>
                        <createDateTime>2017-03-30T08:04:46</createDateTime>
                        <fileName>7024_ТН320_20170220=181956р00к.pdf</fileName>
                        <description>7024_ТН320_20170220=181956р00к</description>
                        <url>https://zakupki.gov.ru/223/contract/private/download/download.html?id=11715607</url>
                        <registrationNumber>56623112539170000200004</registrationNumber>
                    </document>
                    <document>
                        <guid>88aa2b4f-000b-4f5d-a2af-7c2419ac8862</guid>
                        <createDateTime>2017-03-30T08:04:50</createDateTime>
                        <fileName>7024_ТН518_20170320=3430р00к.pdf</fileName>
                        <description>7024_ТН518_20170320=3430р00к</description>
                        <url>https://zakupki.gov.ru/223/contract/private/download/download.html?id=11715609</url>
                        <registrationNumber>56623112539170000200005</registrationNumber>
                    </document>
                    <document>
                        <guid>ad9ed5b5-4623-42f6-bc2f-d078c0bc2208</guid>
                        <createDateTime>2017-03-30T08:04:56</createDateTime>
                        <fileName>пп7024.pdf</fileName>
                        <description>пп7024</description>
                        <url>https://zakupki.gov.ru/223/contract/private/download/download.html?id=11715613</url>
                        <registrationNumber>56623112539170000200006</registrationNumber>
                    </document>
                </ns2:attachments>
                <ns2:hasPenalty>false</ns2:hasPenalty>
                <ns2:contractRegNumber>56623112539170000200000</ns2:contractRegNumber>
                <ns2:contractInfo>
                    <ns2:guid>ca0f7cbc-7f7d-4cb7-bc04-c22bb8e48f38</ns2:guid>
                    <ns2:name>№7024-уп5-19 (ОрДн15) </ns2:name>
                    <ns2:agencyName>ГАУЗ СО "СП Г. НИЖНИЙ ТАГИЛ"</ns2:agencyName>
                    <ns2:supplierName>ОБЩЕСТВО С ОГРАНИЧЕННОЙ ОТВЕТСТВЕННОСТЬЮ "МЕД-ОРТО"</ns2:supplierName>
                    <ns2:lotInfo>поставка товара по группе №5 (19) «Расходные материалы для ортодонтической стоматологии по 15 позициям»</ns2:lotInfo>
                    <ns2:contractDate>2017-02-15</ns2:contractDate>
                </ns2:contractInfo>
                <ns2:positions>
                    <ns2:position>
                        <ns2:ordinal>3</ns2:ordinal>
                        <ns2:paymentDate>2017-03-27</ns2:paymentDate>
                        <ns2:price>3430</ns2:price>
                        <ns2:currency>
                            <code>RUB</code>
                            <digitalCode>643</digitalCode>
                            <name>Российский рубль</name>
                        </ns2:currency>
                        <ns2:rubPrice>3430</ns2:rubPrice>
                        <ns2:prepaid>false</ns2:prepaid>
                        <ns2:docs>
                            <ns2:doc>
                                <ns2:ordinal>1</ns2:ordinal>
                                <ns2:date>2017-03-20</ns2:date>
                                <ns2:code>01</ns2:code>
                                <ns2:name>товарная накладная</ns2:name>
                                <ns2:number>РН-000518</ns2:number>
                                <ns2:contractPosition>
                                    <ns2:guid>be96a3b9-b7b9-47a7-9129-f703c032d6c3</ns2:guid>
                                    <ns2:name>Инструменты и приспособления стоматологические</ns2:name>
                                    <ns2:okpd2>
                                        <code>32.50.11.000</code>
                                        <name>Инструменты и приспособления стоматологические</name>
                                    </ns2:okpd2>
                                </ns2:contractPosition>
                                <ns2:okei>
                                    <code>876</code>
                                    <name>Условная единица</name>
                                </ns2:okei>
                                <ns2:qty>14</ns2:qty>
                            </ns2:doc>
                        </ns2:docs>
                    </ns2:position>
                    <ns2:position>
                        <ns2:ordinal>1</ns2:ordinal>
                        <ns2:paymentDate>2017-02-28</ns2:paymentDate>
                        <ns2:price>178836</ns2:price>
                        <ns2:currency>
                            <code>RUB</code>
                            <digitalCode>643</digitalCode>
                            <name>Российский рубль</name>
                        </ns2:currency>
                        <ns2:rubPrice>178836</ns2:rubPrice>
                        <ns2:prepaid>false</ns2:prepaid>
                        <ns2:docs>
                            <ns2:doc>
                                <ns2:ordinal>1</ns2:ordinal>
                                <ns2:date>2017-02-20</ns2:date>
                                <ns2:code>01</ns2:code>
                                <ns2:name>товарная накладная</ns2:name>
                                <ns2:number>РН-0000320</ns2:number>
                                <ns2:contractPosition>
                                    <ns2:guid>be96a3b9-b7b9-47a7-9129-f703c032d6c3</ns2:guid>
                                    <ns2:name>Инструменты и приспособления стоматологические</ns2:name>
                                    <ns2:okpd2>
                                        <code>32.50.11.000</code>
                                        <name>Инструменты и приспособления стоматологические</name>
                                    </ns2:okpd2>
                                </ns2:contractPosition>
                                <ns2:okei>
                                    <code>876</code>
                                    <name>Условная единица</name>
                                </ns2:okei>
                                <ns2:qty>794</ns2:qty>
                            </ns2:doc>
                        </ns2:docs>
                    </ns2:position>
                    <ns2:position>
                        <ns2:ordinal>2</ns2:ordinal>
                        <ns2:paymentDate>2017-02-28</ns2:paymentDate>
                        <ns2:price>3120</ns2:price>
                        <ns2:currency>
                            <code>RUB</code>
                            <digitalCode>643</digitalCode>
                            <name>Российский рубль</name>
                        </ns2:currency>
                        <ns2:rubPrice>3120</ns2:rubPrice>
                        <ns2:prepaid>false</ns2:prepaid>
                        <ns2:docs>
                            <ns2:doc>
                                <ns2:ordinal>1</ns2:ordinal>
                                <ns2:date>2017-02-20</ns2:date>
                                <ns2:code>01</ns2:code>
                                <ns2:name>товарная накладная</ns2:name>
                                <ns2:number>РН-0000320</ns2:number>
                                <ns2:contractPosition>
                                    <ns2:guid>be96a3b9-b7b9-47a7-9129-f703c032d6c3</ns2:guid>
                                    <ns2:name>Инструменты и приспособления стоматологические</ns2:name>
                                    <ns2:okpd2>
                                        <code>32.50.11.000</code>
                                        <name>Инструменты и приспособления стоматологические</name>
                                    </ns2:okpd2>
                                </ns2:contractPosition>
                                <ns2:okei>
                                    <code>876</code>
                                    <name>Условная единица</name>
                                </ns2:okei>
                                <ns2:qty>2</ns2:qty>
                            </ns2:doc>
                        </ns2:docs>
                    </ns2:position>
                    <ns2:total>185386</ns2:total>
                </ns2:positions>
            </ns2:performanceContractData>
        </ns2:item>
    </ns2:body>
</ns2:performanceContract>
