<?xml version="1.0" encoding="UTF-8" standalone="yes"?>
<ns2:performanceContract xsi:schemaLocation="http://zakupki.gov.ru/223/integration/schema/TFF-5.2 http://zakupki.gov.ru/223/integration/schema/TFF-5.2/Types.xsd" xmlns="http://zakupki.gov.ru/223fz/types/1" xmlns:ns10="http://zakupki.gov.ru/223fz/disagreementProtocol/1" xmlns:ns11="http://zakupki.gov.ru/223fz/purchase/1" xmlns:ns12="http://zakupki.gov.ru/223fz/machineryListInfo/1" xmlns:ns13="http://zakupki.gov.ru/223fz/revenue/1" xmlns:ns14="http://zakupki.gov.ru/223fz/orderClauseList/1" xmlns:ns15="http://zakupki.gov.ru/223fz/complaint/1" xmlns:ns16="http://zakupki.gov.ru/223fz/missedNotice/1" xmlns:ns17="http://zakupki.gov.ru/223fz/notificationIssue/1" xmlns:ns18="http://zakupki.gov.ru/223fz/purchasePlanProject/1" xmlns:ns19="http://zakupki.gov.ru/223fz/webRequest/1" xmlns:ns2="http://zakupki.gov.ru/223fz/contract/1" xmlns:xsi="http://www.w3.org/2001/XMLSchema-instance" xmlns:ns3="http://zakupki.gov.ru/223fz/dishonestSupplier/1" xmlns:ns4="http://zakupki.gov.ru/223fz/decisionSuspension/1" xmlns:ns5="http://zakupki.gov.ru/223fz/purchasePlanAdditionalPosition/1" xmlns:ns6="http://zakupki.gov.ru/223fz/purchasePlan/1" xmlns:ns7="http://zakupki.gov.ru/223fz/purchasePlanProjectAdditionalPosition/1" xmlns:ns8="http://zakupki.gov.ru/223fz/reference/1" xmlns:ns9="http://zakupki.gov.ru/223fz/stopCommodity/1">
    <header>
        <guid>b39457da-9bd3-4e4a-9707-906c88f05968</guid>
        <createDateTime>2017-03-30T07:20:17</createDateTime>
    </header>
    <ns2:body>
        <ns2:item>
            <guid>f9e890ac-63b1-44d9-a4e5-362c28c33588</guid>
            <ns2:performanceContractData>
                <ns2:guid>bef09eb3-3699-487f-952b-b68845cdd44d</ns2:guid>
                <ns2:registrationNumber>56608007434170000420003</ns2:registrationNumber>
                <ns2:urlOOS>https://zakupki.gov.ru/223/contract/private/completing/info/view.html?id=2662314</ns2:urlOOS>
                <ns2:createDateTime>2017-01-20T07:46:42</ns2:createDateTime>
                <ns2:customer>
                    <mainInfo>
                        <fullName>ОБЩЕСТВО С ОГРАНИЧЕННОЙ ОТВЕТСТВЕННОСТЬЮ "ГАЗПРОМ ТРАНСГАЗ ЕКАТЕРИНБУРГ"</fullName>
                        <shortName>ООО  "ГАЗПРОМ ТРАНСГАЗ ЕКАТЕРИНБУРГ"</shortName>
                        <iko>56608007434997250001</iko>
                        <inn>6608007434</inn>
                        <kpp>667001001</kpp>
                        <ogrn>1026604947852</ogrn>
                        <legalAddress>620000, ОБЛ СВЕРДЛОВСКАЯ, Г ЕКАТЕРИНБУРГ, УЛ КЛАРЫ ЦЕТКИН, дом ДОМ 14</legalAddress>
                        <postalAddress>620000, Свердловская Область, Екатеринбург Город, Клары Цеткин Улица, дом 14</postalAddress>
                        <phone>7-343-3597542</phone>
                        <fax>7-343-3597041</fax>
                        <email>D.Gaidt@ekaterinburg-tr.gazprom.ru</email>
                        <okato>65401373000</okato>
                        <okpo>00154341</okpo>
                    </mainInfo>
                </ns2:customer>
                <ns2:placer>
                    <mainInfo>
                        <fullName>ОБЩЕСТВО С ОГРАНИЧЕННОЙ ОТВЕТСТВЕННОСТЬЮ "ГАЗПРОМ ТРАНСГАЗ ЕКАТЕРИНБУРГ"</fullName>
                        <shortName>ООО  "ГАЗПРОМ ТРАНСГАЗ ЕКАТЕРИНБУРГ"</shortName>
                        <iko>56608007434997250001</iko>
                        <inn>6608007434</inn>
                        <kpp>667001001</kpp>
                        <ogrn>1026604947852</ogrn>
                        <legalAddress>620000, ОБЛ СВЕРДЛОВСКАЯ, Г ЕКАТЕРИНБУРГ, УЛ КЛАРЫ ЦЕТКИН, дом ДОМ 14</legalAddress>
                        <postalAddress>620000, Свердловская Область, Екатеринбург Город, Клары Цеткин Улица, дом 14</postalAddress>
                        <phone>7-343-3597542</phone>
                        <fax>7-343-3597041</fax>
                        <email>D.Gaidt@ekaterinburg-tr.gazprom.ru</email>
                        <okato>65401373000</okato>
                        <okpo>00154341</okpo>
                    </mainInfo>
                </ns2:placer>
                <ns2:publicationDate>2017-03-30T07:20:17</ns2:publicationDate>
                <ns2:status>P</ns2:status>
                <ns2:version>1</ns2:version>
                <ns2:completed>true</ns2:completed>
                <ns2:attachments>
                    <totalDocumentsCount>2</totalDocumentsCount>
                    <document>
                        <guid>dd4c07bc-fb89-4e67-add6-af4283e994e3</guid>
                        <createDateTime>2017-03-30T07:19:43</createDateTime>
                        <fileName>акт_к15024474_от_01_02_2017_ОПЛАТА_7816.pdf</fileName>
                        <description>акт_к15024474_от_01_02_2017_ОПЛАТА_7816</description>
                        <url>https://zakupki.gov.ru/223/contract/private/download/download.html?id=11714341</url>
                        <registrationNumber>56608007434170000420004</registrationNumber>
                    </document>
                    <document>
                        <guid>32373a02-ff57-45c3-859b-efc85329f8dc</guid>
                        <createDateTime>2017-03-30T07:19:35</createDateTime>
                        <fileName>акт_к15024474_от_01_02_2017.pdf</fileName>
                        <description>акт_к15024474_от_01_02_2017</description>
                        <url>https://zakupki.gov.ru/223/contract/private/download/download.html?id=11714335</url>
                        <registrationNumber>56608007434170000420005</registrationNumber>
                    </document>
                </ns2:attachments>
                <ns2:hasPenalty>false</ns2:hasPenalty>
                <ns2:contractRegNumber>56608007434170000420000</ns2:contractRegNumber>
                <ns2:contractInfo>
                    <ns2:guid>1e39211d-f115-467e-b15d-9a14438c9147</ns2:guid>
                    <ns2:name>10000025/17</ns2:name>
                    <ns2:agencyName>ООО  "ГАЗПРОМ ТРАНСГАЗ ЕКАТЕРИНБУРГ"</ns2:agencyName>
                    <ns2:supplierName>ЗАКРЫТОЕ АКЦИОНЕРНОЕ ОБЩЕСТВО "ПРОИЗВОДСТВЕННАЯ ФИРМА "СКБ КОНТУР"</ns2:supplierName>
                    <ns2:lotInfo>Предоставление прав использования программ для ЭВМ </ns2:lotInfo>
                    <ns2:contractDate>2017-01-17</ns2:contractDate>
                </ns2:contractInfo>
                <ns2:positions>
                    <ns2:position>
                        <ns2:ordinal>1</ns2:ordinal>
                        <ns2:paymentDate>2017-03-24</ns2:paymentDate>
                        <ns2:price>680000</ns2:price>
                        <ns2:currency>
                            <code>RUB</code>
                            <digitalCode>643</digitalCode>
                            <name>Российский рубль</name>
                        </ns2:currency>
                        <ns2:rubPrice>680000</ns2:rubPrice>
                        <ns2:prepaid>false</ns2:prepaid>
                        <ns2:docs>
                            <ns2:doc>
                                <ns2:ordinal>1</ns2:ordinal>
                                <ns2:date>2017-02-01</ns2:date>
                                <ns2:code>20</ns2:code>
                                <ns2:name>акт выполненных работ</ns2:name>
                                <ns2:number>к15024474</ns2:number>
                                <ns2:contractPosition>
                                    <ns2:guid>a713146f-b850-4585-bcde-9a8f4f1aa370</ns2:guid>
                                    <ns2:name>Услуги консультативные в области компьютерных технологий прочие</ns2:name>
                                    <ns2:okpd2>
                                        <code>62.02.20.190</code>
                                        <name>Услуги консультативные в области компьютерных технологий прочие</name>
                                    </ns2:okpd2>
                                </ns2:contractPosition>
                                <ns2:okei>
                                    <code>796</code>
                                    <name>Штука</name>
                                </ns2:okei>
                                <ns2:qty>1</ns2:qty>
                            </ns2:doc>
                        </ns2:docs>
                    </ns2:position>
                    <ns2:total>680000</ns2:total>
                </ns2:positions>
            </ns2:performanceContractData>
        </ns2:item>
    </ns2:body>
</ns2:performanceContract>
