<?xml version="1.0" encoding="UTF-8" standalone="yes"?>
<ns2:performanceContract xsi:schemaLocation="http://zakupki.gov.ru/223/integration/schema/TFF-5.2 http://zakupki.gov.ru/223/integration/schema/TFF-5.2/Types.xsd" xmlns="http://zakupki.gov.ru/223fz/types/1" xmlns:ns10="http://zakupki.gov.ru/223fz/disagreementProtocol/1" xmlns:ns11="http://zakupki.gov.ru/223fz/purchase/1" xmlns:ns12="http://zakupki.gov.ru/223fz/machineryListInfo/1" xmlns:ns13="http://zakupki.gov.ru/223fz/revenue/1" xmlns:ns14="http://zakupki.gov.ru/223fz/orderClauseList/1" xmlns:ns15="http://zakupki.gov.ru/223fz/complaint/1" xmlns:ns16="http://zakupki.gov.ru/223fz/missedNotice/1" xmlns:ns17="http://zakupki.gov.ru/223fz/notificationIssue/1" xmlns:ns18="http://zakupki.gov.ru/223fz/purchasePlanProject/1" xmlns:ns19="http://zakupki.gov.ru/223fz/webRequest/1" xmlns:ns2="http://zakupki.gov.ru/223fz/contract/1" xmlns:xsi="http://www.w3.org/2001/XMLSchema-instance" xmlns:ns3="http://zakupki.gov.ru/223fz/dishonestSupplier/1" xmlns:ns4="http://zakupki.gov.ru/223fz/decisionSuspension/1" xmlns:ns5="http://zakupki.gov.ru/223fz/purchasePlanAdditionalPosition/1" xmlns:ns6="http://zakupki.gov.ru/223fz/purchasePlan/1" xmlns:ns7="http://zakupki.gov.ru/223fz/purchasePlanProjectAdditionalPosition/1" xmlns:ns8="http://zakupki.gov.ru/223fz/reference/1" xmlns:ns9="http://zakupki.gov.ru/223fz/stopCommodity/1">
    <header>
        <guid>2c50e81c-83bc-47e2-9f61-54d34bcc7dc5</guid>
        <createDateTime>2017-03-30T07:24:22</createDateTime>
    </header>
    <ns2:body>
        <ns2:item>
            <guid>be7b9c10-924c-4f1f-8f0e-4eb0544c1520</guid>
            <ns2:performanceContractData>
                <ns2:guid>6c54b804-7623-4869-85c6-e531ad2ea55d</ns2:guid>
                <ns2:registrationNumber>56671163413150024890003</ns2:registrationNumber>
                <ns2:urlOOS>https://zakupki.gov.ru/223/contract/private/completing/info/view.html?id=2662303</ns2:urlOOS>
                <ns2:createDateTime>2015-12-16T13:54:46</ns2:createDateTime>
                <ns2:customer>
                    <mainInfo>
                        <fullName>Открытое акционерное общество "Межрегиональная распределительная сетевая компания Урала"</fullName>
                        <shortName>ОАО "МРСК Урала"</shortName>
                        <iko>56671163413667201001</iko>
                        <inn>6671163413</inn>
                        <kpp>667201001</kpp>
                        <ogrn>1056604000970</ogrn>
                        <legalAddress>620026, Свердловская, Екатеринбург, Мамина-Сибиряка, дом 140</legalAddress>
                        <postalAddress>620026, Свердловская область, Екатеринбург, Мамина-Сибиряка, дом 140 </postalAddress>
                        <phone>7-343-2152600</phone>
                        <fax>7-343-2152661</fax>
                        <email>mrsk@mrsk-ural.ru</email>
                        <okato>65401000000</okato>
                        <okpo>76507836</okpo>
                    </mainInfo>
                </ns2:customer>
                <ns2:placer>
                    <mainInfo>
                        <fullName>Открытое акционерное общество "Межрегиональная распределительная сетевая компания Урала"</fullName>
                        <shortName>ОАО "МРСК Урала"</shortName>
                        <iko>56671163413667201001</iko>
                        <inn>6671163413</inn>
                        <kpp>667201001</kpp>
                        <ogrn>1056604000970</ogrn>
                        <legalAddress>620026, Свердловская, Екатеринбург, Мамина-Сибиряка, дом 140</legalAddress>
                        <postalAddress>620026, Свердловская область, Екатеринбург, Мамина-Сибиряка, дом 140 </postalAddress>
                        <phone>7-343-2152600</phone>
                        <fax>7-343-2152661</fax>
                        <email>mrsk@mrsk-ural.ru</email>
                        <okato>65401000000</okato>
                        <okpo>76507836</okpo>
                    </mainInfo>
                </ns2:placer>
                <ns2:publicationDate>2017-03-30T07:24:22</ns2:publicationDate>
                <ns2:status>P</ns2:status>
                <ns2:version>1</ns2:version>
                <ns2:completed>false</ns2:completed>
                <ns2:attachments>
                    <totalDocumentsCount>2</totalDocumentsCount>
                    <document>
                        <guid>2071adc9-e5bf-463f-94d6-0467cc75c185</guid>
                        <createDateTime>2017-03-30T07:23:55</createDateTime>
                        <fileName>03-16 ЧГЭС 6000012206 Златкомэнерго  4 акта на 60 834,33.pdf</fileName>
                        <description>03-16 ЧГЭС 6000012206 Златкомэнерго  4 акта на 60 834,33</description>
                        <url>https://zakupki.gov.ru/223/contract/private/download/download.html?id=11714517</url>
                        <registrationNumber>56671163413150024890004</registrationNumber>
                    </document>
                    <document>
                        <guid>f10dce04-4e11-4c0a-9b23-60970e1743e3</guid>
                        <createDateTime>2017-03-30T07:24:08</createDateTime>
                        <fileName>05-16 ЧГЭС 6000012206 Златкомэнерго  4 акта на 491 853,23.pdf</fileName>
                        <description>05-16 ЧГЭС 6000012206 Златкомэнерго  4 акта на 491 853,23</description>
                        <url>https://zakupki.gov.ru/223/contract/private/download/download.html?id=11714520</url>
                        <registrationNumber>56671163413150024890005</registrationNumber>
                    </document>
                </ns2:attachments>
                <ns2:hasPenalty>false</ns2:hasPenalty>
                <ns2:contractRegNumber>56671163413150024890000</ns2:contractRegNumber>
                <ns2:contractInfo>
                    <ns2:guid>d5d87f76-3891-4509-9fd1-131c17d24a00</ns2:guid>
                    <ns2:agencyName>ОАО "МРСК Урала"</ns2:agencyName>
                    <ns2:supplierName>ОБЩЕСТВО С ОГРАНИЧЕННОЙ ОТВЕТСТВЕННОСТЬЮ "ЗЛАТКОМЭНЕРГО"</ns2:supplierName>
                    <ns2:lotInfo>Право заключения договора подряда на выполнение строительно-монтажных работ по объекту: «КЛ-0,4 кВ от ТП-4652 до объекта, расположенного по адресу: г. Челябинск, пр. Победы, 384, реконструкция оборудования              ТП-4652 (инв. №56546), реконструкции пункта учета электроэнергии Курчатовского РЭС (инв. №230741) ПО «ЧГЭС» Производственное отделение  «Челябинские городские электрические сети» филиала ОАО «МРСК Урала» - «Челябэнерго»</ns2:lotInfo>
                    <ns2:contractDate>2015-12-11</ns2:contractDate>
                </ns2:contractInfo>
                <ns2:positions>
                    <ns2:position>
                        <ns2:ordinal>1</ns2:ordinal>
                        <ns2:paymentDate>2016-06-25</ns2:paymentDate>
                        <ns2:price>552687.56</ns2:price>
                        <ns2:currency>
                            <code>RUB</code>
                            <digitalCode>643</digitalCode>
                            <name>Российский рубль</name>
                        </ns2:currency>
                        <ns2:rubPrice>552687.56</ns2:rubPrice>
                        <ns2:prepaid>false</ns2:prepaid>
                        <ns2:docs>
                            <ns2:doc>
                                <ns2:ordinal>1</ns2:ordinal>
                                <ns2:date>2016-05-25</ns2:date>
                                <ns2:code>12</ns2:code>
                                <ns2:name>акт о приемке выполненных работ</ns2:name>
                                <ns2:number>1-7</ns2:number>
                                <ns2:contractPosition>
                                    <ns2:guid>3cabb74d-5377-014e-e053-ac11070d70ec</ns2:guid>
                                    <ns2:okdp>
                                        <code>4521012</code>
                                        <name>Здания и сооружения электрических и тепловых сетей[4521111] - [4521127]</name>
                                    </ns2:okdp>
                                </ns2:contractPosition>
                                <ns2:okei>
                                    <code>642</code>
                                    <name>Единица</name>
                                </ns2:okei>
                                <ns2:qty>1</ns2:qty>
                            </ns2:doc>
                        </ns2:docs>
                    </ns2:position>
                    <ns2:total>552687.56</ns2:total>
                </ns2:positions>
            </ns2:performanceContractData>
        </ns2:item>
    </ns2:body>
</ns2:performanceContract>
