<?xml version="1.0" encoding="UTF-8" standalone="yes"?>
<ns2:performanceContract xsi:schemaLocation="http://zakupki.gov.ru/223/integration/schema/TFF-5.2 http://zakupki.gov.ru/223/integration/schema/TFF-5.2/Types.xsd" xmlns="http://zakupki.gov.ru/223fz/types/1" xmlns:ns10="http://zakupki.gov.ru/223fz/disagreementProtocol/1" xmlns:ns11="http://zakupki.gov.ru/223fz/purchase/1" xmlns:ns12="http://zakupki.gov.ru/223fz/machineryListInfo/1" xmlns:ns13="http://zakupki.gov.ru/223fz/revenue/1" xmlns:ns14="http://zakupki.gov.ru/223fz/orderClauseList/1" xmlns:ns15="http://zakupki.gov.ru/223fz/complaint/1" xmlns:ns16="http://zakupki.gov.ru/223fz/missedNotice/1" xmlns:ns17="http://zakupki.gov.ru/223fz/notificationIssue/1" xmlns:ns18="http://zakupki.gov.ru/223fz/purchasePlanProject/1" xmlns:ns19="http://zakupki.gov.ru/223fz/webRequest/1" xmlns:ns2="http://zakupki.gov.ru/223fz/contract/1" xmlns:xsi="http://www.w3.org/2001/XMLSchema-instance" xmlns:ns3="http://zakupki.gov.ru/223fz/dishonestSupplier/1" xmlns:ns4="http://zakupki.gov.ru/223fz/decisionSuspension/1" xmlns:ns5="http://zakupki.gov.ru/223fz/purchasePlanAdditionalPosition/1" xmlns:ns6="http://zakupki.gov.ru/223fz/purchasePlan/1" xmlns:ns7="http://zakupki.gov.ru/223fz/purchasePlanProjectAdditionalPosition/1" xmlns:ns8="http://zakupki.gov.ru/223fz/reference/1" xmlns:ns9="http://zakupki.gov.ru/223fz/stopCommodity/1">
    <header>
        <guid>11e2846b-6547-4813-afe6-f8f290183123</guid>
        <createDateTime>2017-03-30T08:56:55</createDateTime>
    </header>
    <ns2:body>
        <ns2:item>
            <guid>ca556589-fe4b-402d-96ef-de30fe3f42c5</guid>
            <ns2:performanceContractData>
                <ns2:guid>57b4a9b1-9d61-464e-85db-02be911995c3</ns2:guid>
                <ns2:registrationNumber>56671163413160030560003</ns2:registrationNumber>
                <ns2:urlOOS>https://zakupki.gov.ru/223/contract/private/completing/info/view.html?id=2663094</ns2:urlOOS>
                <ns2:createDateTime>2016-12-09T12:12:12</ns2:createDateTime>
                <ns2:customer>
                    <mainInfo>
                        <fullName>Открытое акционерное общество "Межрегиональная распределительная сетевая компания Урала"</fullName>
                        <shortName>ОАО "МРСК Урала"</shortName>
                        <iko>56671163413667201001</iko>
                        <inn>6671163413</inn>
                        <kpp>667201001</kpp>
                        <ogrn>1056604000970</ogrn>
                        <legalAddress>620026, Свердловская, Екатеринбург, Мамина-Сибиряка, дом 140</legalAddress>
                        <postalAddress>620026, Свердловская область, Екатеринбург, Мамина-Сибиряка, дом 140 </postalAddress>
                        <phone>7-343-2152600</phone>
                        <fax>7-343-2152661</fax>
                        <email>mrsk@mrsk-ural.ru</email>
                        <okato>65401000000</okato>
                        <okpo>76507836</okpo>
                    </mainInfo>
                </ns2:customer>
                <ns2:placer>
                    <mainInfo>
                        <fullName>Открытое акционерное общество "Межрегиональная распределительная сетевая компания Урала"</fullName>
                        <shortName>ОАО "МРСК Урала"</shortName>
                        <iko>56671163413667201001</iko>
                        <inn>6671163413</inn>
                        <kpp>667201001</kpp>
                        <ogrn>1056604000970</ogrn>
                        <legalAddress>620026, Свердловская, Екатеринбург, Мамина-Сибиряка, дом 140</legalAddress>
                        <postalAddress>620026, Свердловская область, Екатеринбург, Мамина-Сибиряка, дом 140 </postalAddress>
                        <phone>7-343-2152600</phone>
                        <fax>7-343-2152661</fax>
                        <email>mrsk@mrsk-ural.ru</email>
                        <okato>65401000000</okato>
                        <okpo>76507836</okpo>
                    </mainInfo>
                </ns2:placer>
                <ns2:publicationDate>2017-03-30T08:56:55</ns2:publicationDate>
                <ns2:status>P</ns2:status>
                <ns2:version>1</ns2:version>
                <ns2:completed>false</ns2:completed>
                <ns2:attachments>
                    <totalDocumentsCount>2</totalDocumentsCount>
                    <document>
                        <guid>5d6d8292-0692-440d-ad8b-0c41746f9057</guid>
                        <createDateTime>2017-03-30T08:56:35</createDateTime>
                        <fileName>ЧГЭС_01.02.17_22.03.17_25859,00.pdf</fileName>
                        <description>ЧГЭС_01.02.17_22.03.17_25859,00</description>
                        <url>https://zakupki.gov.ru/223/contract/private/download/download.html?id=11718181</url>
                        <registrationNumber>56671163413160030560004</registrationNumber>
                    </document>
                    <document>
                        <guid>15a40230-b75a-405f-8f65-65ae10a2ee98</guid>
                        <createDateTime>2017-03-30T08:56:25</createDateTime>
                        <fileName>МЭС_15.02.17_15.03.17_83305,02.pdf</fileName>
                        <description>МЭС_15.02.17_15.03.17_83305,02</description>
                        <url>https://zakupki.gov.ru/223/contract/private/download/download.html?id=11718173</url>
                        <registrationNumber>56671163413160030560005</registrationNumber>
                    </document>
                </ns2:attachments>
                <ns2:hasPenalty>false</ns2:hasPenalty>
                <ns2:contractRegNumber>56671163413160030560000</ns2:contractRegNumber>
                <ns2:contractInfo>
                    <ns2:guid>272f831f-1c91-4d53-a4ff-269cc4a61da3</ns2:guid>
                    <ns2:agencyName>ОАО "МРСК Урала"</ns2:agencyName>
                    <ns2:supplierName>ОБЩЕСТВО С ОГРАНИЧЕННОЙ ОТВЕТСТВЕННОСТЬЮ "ЭЛЕКТРОМОНТАЖНИК"</ns2:supplierName>
                    <ns2:lotInfo>право заключения договора на поставку светотехнической продукции для обеспечения ремонтной программы филиала ОАО «МРСК Урала» - «Челябэнерго» в 2017 году</ns2:lotInfo>
                    <ns2:contractDate>2016-12-08</ns2:contractDate>
                </ns2:contractInfo>
                <ns2:positions>
                    <ns2:position>
                        <ns2:ordinal>2</ns2:ordinal>
                        <ns2:paymentDate>2017-03-22</ns2:paymentDate>
                        <ns2:price>25859</ns2:price>
                        <ns2:currency>
                            <code>RUB</code>
                            <digitalCode>643</digitalCode>
                            <name>Российский рубль</name>
                        </ns2:currency>
                        <ns2:rubPrice>25859</ns2:rubPrice>
                        <ns2:prepaid>false</ns2:prepaid>
                        <ns2:docs>
                            <ns2:doc>
                                <ns2:ordinal>1</ns2:ordinal>
                                <ns2:code>01</ns2:code>
                                <ns2:name>товарная накладная</ns2:name>
                                <ns2:contractPosition>
                                    <ns2:guid>3da2ea25-b677-4adb-bef5-bf34f080d991</ns2:guid>
                                    <ns2:name>Лампы накаливания галогенные с вольфрамовой нитью, кроме ультрафиолетовых или инфракрасных ламп</ns2:name>
                                    <ns2:okpd2>
                                        <code>27.40.12.000</code>
                                        <name>Лампы накаливания галогенные с вольфрамовой нитью, кроме ультрафиолетовых или инфракрасных ламп</name>
                                    </ns2:okpd2>
                                </ns2:contractPosition>
                                <ns2:okei>
                                    <code>642</code>
                                    <name>Единица</name>
                                </ns2:okei>
                                <ns2:qty>1</ns2:qty>
                            </ns2:doc>
                        </ns2:docs>
                    </ns2:position>
                    <ns2:position>
                        <ns2:ordinal>1</ns2:ordinal>
                        <ns2:paymentDate>2017-03-15</ns2:paymentDate>
                        <ns2:price>83305.02</ns2:price>
                        <ns2:currency>
                            <code>RUB</code>
                            <digitalCode>643</digitalCode>
                            <name>Российский рубль</name>
                        </ns2:currency>
                        <ns2:rubPrice>83305.02</ns2:rubPrice>
                        <ns2:prepaid>false</ns2:prepaid>
                        <ns2:docs>
                            <ns2:doc>
                                <ns2:ordinal>1</ns2:ordinal>
                                <ns2:code>01</ns2:code>
                                <ns2:name>товарная накладная</ns2:name>
                                <ns2:contractPosition>
                                    <ns2:guid>3da2ea25-b677-4adb-bef5-bf34f080d991</ns2:guid>
                                    <ns2:name>Лампы накаливания галогенные с вольфрамовой нитью, кроме ультрафиолетовых или инфракрасных ламп</ns2:name>
                                    <ns2:okpd2>
                                        <code>27.40.12.000</code>
                                        <name>Лампы накаливания галогенные с вольфрамовой нитью, кроме ультрафиолетовых или инфракрасных ламп</name>
                                    </ns2:okpd2>
                                </ns2:contractPosition>
                                <ns2:okei>
                                    <code>642</code>
                                    <name>Единица</name>
                                </ns2:okei>
                                <ns2:qty>1</ns2:qty>
                            </ns2:doc>
                        </ns2:docs>
                    </ns2:position>
                    <ns2:total>109164.02</ns2:total>
                </ns2:positions>
            </ns2:performanceContractData>
        </ns2:item>
    </ns2:body>
</ns2:performanceContract>
