<?xml version="1.0" encoding="UTF-8" standalone="yes"?>
<ns2:performanceContract xsi:schemaLocation="http://zakupki.gov.ru/223/integration/schema/TFF-5.2 http://zakupki.gov.ru/223/integration/schema/TFF-5.2/Types.xsd" xmlns="http://zakupki.gov.ru/223fz/types/1" xmlns:ns10="http://zakupki.gov.ru/223fz/disagreementProtocol/1" xmlns:ns11="http://zakupki.gov.ru/223fz/purchase/1" xmlns:ns12="http://zakupki.gov.ru/223fz/machineryListInfo/1" xmlns:ns13="http://zakupki.gov.ru/223fz/revenue/1" xmlns:ns14="http://zakupki.gov.ru/223fz/orderClauseList/1" xmlns:ns15="http://zakupki.gov.ru/223fz/complaint/1" xmlns:ns16="http://zakupki.gov.ru/223fz/missedNotice/1" xmlns:ns17="http://zakupki.gov.ru/223fz/notificationIssue/1" xmlns:ns18="http://zakupki.gov.ru/223fz/purchasePlanProject/1" xmlns:ns19="http://zakupki.gov.ru/223fz/webRequest/1" xmlns:ns2="http://zakupki.gov.ru/223fz/contract/1" xmlns:xsi="http://www.w3.org/2001/XMLSchema-instance" xmlns:ns3="http://zakupki.gov.ru/223fz/dishonestSupplier/1" xmlns:ns4="http://zakupki.gov.ru/223fz/decisionSuspension/1" xmlns:ns5="http://zakupki.gov.ru/223fz/purchasePlanAdditionalPosition/1" xmlns:ns6="http://zakupki.gov.ru/223fz/purchasePlan/1" xmlns:ns7="http://zakupki.gov.ru/223fz/purchasePlanProjectAdditionalPosition/1" xmlns:ns8="http://zakupki.gov.ru/223fz/reference/1" xmlns:ns9="http://zakupki.gov.ru/223fz/stopCommodity/1">
    <header>
        <guid>49bf1a76-7eaf-432a-8848-07282e0e42a2</guid>
        <createDateTime>2017-03-30T07:57:38</createDateTime>
    </header>
    <ns2:body>
        <ns2:item>
            <guid>dc2e6e9e-7208-4bcb-9152-e7afb69f19d6</guid>
            <ns2:performanceContractData>
                <ns2:guid>bf607b9e-edf4-47d3-9ebd-aa276014bc04</ns2:guid>
                <ns2:registrationNumber>56623112539160001310003</ns2:registrationNumber>
                <ns2:urlOOS>https://zakupki.gov.ru/223/contract/private/completing/info/view.html?id=2662526</ns2:urlOOS>
                <ns2:createDateTime>2016-12-05T11:29:51</ns2:createDateTime>
                <ns2:customer>
                    <mainInfo>
                        <fullName>ГОСУДАРСТВЕННОЕ АВТОНОМНОЕ УЧРЕЖДЕНИЕ ЗДРАВООХРАНЕНИЯ СВЕРДЛОВСКОЙ ОБЛАСТИ "СТОМАТОЛОГИЧЕСКАЯ ПОЛИКЛИНИКА ГОРОД НИЖНИЙ ТАГИЛ"</fullName>
                        <shortName>ГАУЗ СО "СП Г. НИЖНИЙ ТАГИЛ"</shortName>
                        <iko>56623112539662301001</iko>
                        <inn>6623112539</inn>
                        <kpp>662301001</kpp>
                        <ogrn>1156623005230</ogrn>
                        <legalAddress>622051, ОБЛ СВЕРДЛОВСКАЯ, Г НИЖНИЙ ТАГИЛ, УЛ ПРАВДЫ, дом ДОМ 7</legalAddress>
                        <postalAddress>622051, Свердловская Область, Нижний Тагил Город, Правды Улица, дом 7</postalAddress>
                        <phone>7-3435-330233</phone>
                        <email>znt79@mail.ru</email>
                        <okato>65476000000</okato>
                        <okpo>41739604</okpo>
                    </mainInfo>
                </ns2:customer>
                <ns2:placer>
                    <mainInfo>
                        <fullName>ГОСУДАРСТВЕННОЕ АВТОНОМНОЕ УЧРЕЖДЕНИЕ ЗДРАВООХРАНЕНИЯ СВЕРДЛОВСКОЙ ОБЛАСТИ "СТОМАТОЛОГИЧЕСКАЯ ПОЛИКЛИНИКА ГОРОД НИЖНИЙ ТАГИЛ"</fullName>
                        <shortName>ГАУЗ СО "СП Г. НИЖНИЙ ТАГИЛ"</shortName>
                        <iko>56623112539662301001</iko>
                        <inn>6623112539</inn>
                        <kpp>662301001</kpp>
                        <ogrn>1156623005230</ogrn>
                        <legalAddress>622051, ОБЛ СВЕРДЛОВСКАЯ, Г НИЖНИЙ ТАГИЛ, УЛ ПРАВДЫ, дом ДОМ 7</legalAddress>
                        <postalAddress>622051, Свердловская Область, Нижний Тагил Город, Правды Улица, дом 7</postalAddress>
                        <phone>7-3435-330233</phone>
                        <email>znt79@mail.ru</email>
                        <okato>65476000000</okato>
                        <okpo>41739604</okpo>
                    </mainInfo>
                </ns2:placer>
                <ns2:publicationDate>2017-03-30T07:57:38</ns2:publicationDate>
                <ns2:status>P</ns2:status>
                <ns2:version>1</ns2:version>
                <ns2:completed>true</ns2:completed>
                <ns2:attachments>
                    <totalDocumentsCount>7</totalDocumentsCount>
                    <document>
                        <guid>c5ffaf66-f682-42f3-801f-fe9b36c3a341</guid>
                        <createDateTime>2017-03-30T07:57:18</createDateTime>
                        <fileName>пп6132.pdf</fileName>
                        <description>пп6132</description>
                        <url>https://zakupki.gov.ru/223/contract/private/download/download.html?id=11715443</url>
                        <registrationNumber>56623112539160001310004</registrationNumber>
                    </document>
                    <document>
                        <guid>c6bafc1f-266b-4b3c-912f-b2bc64b88393</guid>
                        <createDateTime>2017-03-30T07:56:59</createDateTime>
                        <fileName>6132_ТН18772_20161206_75600р00к.pdf</fileName>
                        <description>6132_ТН18772_20161206_75600р00к</description>
                        <url>https://zakupki.gov.ru/223/contract/private/download/download.html?id=11715430</url>
                        <registrationNumber>56623112539160001310005</registrationNumber>
                    </document>
                    <document>
                        <guid>726cb5cf-2c00-46ee-8f47-9caf0a50499d</guid>
                        <createDateTime>2017-03-30T07:56:32</createDateTime>
                        <fileName>6132_ТН2658_20170309_37800р00к.pdf</fileName>
                        <description>6132_ТН2658_20170309_37800р00к</description>
                        <url>https://zakupki.gov.ru/223/contract/private/download/download.html?id=11715416</url>
                        <registrationNumber>56623112539160001310006</registrationNumber>
                    </document>
                    <document>
                        <guid>1ced64b7-0b1e-47a1-bbdc-5629d0a4d6fd</guid>
                        <createDateTime>2017-03-30T07:57:03</createDateTime>
                        <fileName>6132_ТН19459_20161221_124320р00к.pdf</fileName>
                        <description>6132_ТН19459_20161221_124320р00к</description>
                        <url>https://zakupki.gov.ru/223/contract/private/download/download.html?id=11715434</url>
                        <registrationNumber>56623112539160001310007</registrationNumber>
                    </document>
                    <document>
                        <guid>872f0aca-9f81-4262-a80a-090ef9492b18</guid>
                        <createDateTime>2017-03-30T07:56:40</createDateTime>
                        <fileName>6132_ТН18750_20161206_37800р00к.pdf</fileName>
                        <description>6132_ТН18750_20161206_37800р00к</description>
                        <url>https://zakupki.gov.ru/223/contract/private/download/download.html?id=11715420</url>
                        <registrationNumber>56623112539160001310008</registrationNumber>
                    </document>
                    <document>
                        <guid>415fa8e9-338e-4890-89c2-3ccc865c15a9</guid>
                        <createDateTime>2017-03-30T07:56:44</createDateTime>
                        <fileName>6132_ТН18770_20161206_321300р00к.pdf</fileName>
                        <description>6132_ТН18770_20161206_321300р00к</description>
                        <url>https://zakupki.gov.ru/223/contract/private/download/download.html?id=11715421</url>
                        <registrationNumber>56623112539160001310009</registrationNumber>
                    </document>
                    <document>
                        <guid>11e6b914-8830-4836-ad17-858527ea75d3</guid>
                        <createDateTime>2017-03-30T07:56:50</createDateTime>
                        <fileName>6132_ТН18771_20161206_113400р00к.pdf</fileName>
                        <description>6132_ТН18771_20161206_113400р00к</description>
                        <url>https://zakupki.gov.ru/223/contract/private/download/download.html?id=11715423</url>
                        <registrationNumber>56623112539160001310010</registrationNumber>
                    </document>
                </ns2:attachments>
                <ns2:hasPenalty>false</ns2:hasPenalty>
                <ns2:contractRegNumber>56623112539160001310000</ns2:contractRegNumber>
                <ns2:contractInfo>
                    <ns2:guid>da45a6b3-7d18-483a-8d45-74f90630e9fb</ns2:guid>
                    <ns2:name>6132-уп3-79=ЛПр03(ПДД) </ns2:name>
                    <ns2:agencyName>ГАУЗ СО "СП Г. НИЖНИЙ ТАГИЛ"</ns2:agencyName>
                    <ns2:supplierName>ЗАКРЫТОЕ АКЦИОНЕРНОЕ ОБЩЕСТВО "МЕГАДЕНТА"</ns2:supplierName>
                    <ns2:lotInfo>поставка товара по группе №3 (79)  «Лекарственные препараты для анестезии в стоматологии по 3 позициям (ПДД)»</ns2:lotInfo>
                    <ns2:contractDate>2016-12-05</ns2:contractDate>
                </ns2:contractInfo>
                <ns2:positions>
                    <ns2:position>
                        <ns2:ordinal>6</ns2:ordinal>
                        <ns2:paymentDate>2017-03-27</ns2:paymentDate>
                        <ns2:price>37800</ns2:price>
                        <ns2:currency>
                            <code>RUB</code>
                            <digitalCode>643</digitalCode>
                            <name>Российский рубль</name>
                        </ns2:currency>
                        <ns2:rubPrice>37800</ns2:rubPrice>
                        <ns2:prepaid>false</ns2:prepaid>
                        <ns2:docs>
                            <ns2:doc>
                                <ns2:ordinal>1</ns2:ordinal>
                                <ns2:date>2017-03-09</ns2:date>
                                <ns2:code>01</ns2:code>
                                <ns2:name>товарная накладная</ns2:name>
                                <ns2:number>АМ00002658</ns2:number>
                                <ns2:contractPosition>
                                    <ns2:guid>60fdf9db-4adf-4863-8f53-60ab88712398</ns2:guid>
                                    <ns2:name>Анестетики</ns2:name>
                                    <ns2:okpd2>
                                        <code>21.20.10.231</code>
                                        <name>Анестетики</name>
                                    </ns2:okpd2>
                                </ns2:contractPosition>
                                <ns2:okei>
                                    <code>778</code>
                                    <name>Упаковка</name>
                                </ns2:okei>
                                <ns2:qty>20</ns2:qty>
                            </ns2:doc>
                        </ns2:docs>
                    </ns2:position>
                    <ns2:position>
                        <ns2:ordinal>3</ns2:ordinal>
                        <ns2:paymentDate>2016-12-16</ns2:paymentDate>
                        <ns2:price>321300</ns2:price>
                        <ns2:currency>
                            <code>RUB</code>
                            <digitalCode>643</digitalCode>
                            <name>Российский рубль</name>
                        </ns2:currency>
                        <ns2:rubPrice>321300</ns2:rubPrice>
                        <ns2:prepaid>false</ns2:prepaid>
                        <ns2:docs>
                            <ns2:doc>
                                <ns2:ordinal>1</ns2:ordinal>
                                <ns2:date>2016-12-06</ns2:date>
                                <ns2:code>01</ns2:code>
                                <ns2:name>товарная накладная</ns2:name>
                                <ns2:number>АМ000018770</ns2:number>
                                <ns2:contractPosition>
                                    <ns2:guid>60fdf9db-4adf-4863-8f53-60ab88712398</ns2:guid>
                                    <ns2:name>Анестетики</ns2:name>
                                    <ns2:okpd2>
                                        <code>21.20.10.231</code>
                                        <name>Анестетики</name>
                                    </ns2:okpd2>
                                </ns2:contractPosition>
                                <ns2:okei>
                                    <code>778</code>
                                    <name>Упаковка</name>
                                </ns2:okei>
                                <ns2:qty>170</ns2:qty>
                            </ns2:doc>
                        </ns2:docs>
                    </ns2:position>
                    <ns2:position>
                        <ns2:ordinal>4</ns2:ordinal>
                        <ns2:paymentDate>2016-12-12</ns2:paymentDate>
                        <ns2:price>113400</ns2:price>
                        <ns2:currency>
                            <code>RUB</code>
                            <digitalCode>643</digitalCode>
                            <name>Российский рубль</name>
                        </ns2:currency>
                        <ns2:rubPrice>113400</ns2:rubPrice>
                        <ns2:prepaid>false</ns2:prepaid>
                        <ns2:docs>
                            <ns2:doc>
                                <ns2:ordinal>1</ns2:ordinal>
                                <ns2:date>2016-12-06</ns2:date>
                                <ns2:code>01</ns2:code>
                                <ns2:name>товарная накладная</ns2:name>
                                <ns2:number>АМ000018771</ns2:number>
                                <ns2:contractPosition>
                                    <ns2:guid>60fdf9db-4adf-4863-8f53-60ab88712398</ns2:guid>
                                    <ns2:name>Анестетики</ns2:name>
                                    <ns2:okpd2>
                                        <code>21.20.10.231</code>
                                        <name>Анестетики</name>
                                    </ns2:okpd2>
                                </ns2:contractPosition>
                                <ns2:okei>
                                    <code>778</code>
                                    <name>Упаковка</name>
                                </ns2:okei>
                                <ns2:qty>60</ns2:qty>
                            </ns2:doc>
                        </ns2:docs>
                    </ns2:position>
                    <ns2:position>
                        <ns2:ordinal>2</ns2:ordinal>
                        <ns2:paymentDate>2016-12-14</ns2:paymentDate>
                        <ns2:price>75600</ns2:price>
                        <ns2:currency>
                            <code>RUB</code>
                            <digitalCode>643</digitalCode>
                            <name>Российский рубль</name>
                        </ns2:currency>
                        <ns2:rubPrice>75600</ns2:rubPrice>
                        <ns2:prepaid>false</ns2:prepaid>
                        <ns2:docs>
                            <ns2:doc>
                                <ns2:ordinal>1</ns2:ordinal>
                                <ns2:date>2016-12-06</ns2:date>
                                <ns2:code>01</ns2:code>
                                <ns2:name>товарная накладная</ns2:name>
                                <ns2:number>АМ000018772</ns2:number>
                                <ns2:contractPosition>
                                    <ns2:guid>60fdf9db-4adf-4863-8f53-60ab88712398</ns2:guid>
                                    <ns2:name>Анестетики</ns2:name>
                                    <ns2:okpd2>
                                        <code>21.20.10.231</code>
                                        <name>Анестетики</name>
                                    </ns2:okpd2>
                                </ns2:contractPosition>
                                <ns2:okei>
                                    <code>778</code>
                                    <name>Упаковка</name>
                                </ns2:okei>
                                <ns2:qty>40</ns2:qty>
                            </ns2:doc>
                        </ns2:docs>
                    </ns2:position>
                    <ns2:position>
                        <ns2:ordinal>5</ns2:ordinal>
                        <ns2:paymentDate>2016-12-26</ns2:paymentDate>
                        <ns2:price>124320</ns2:price>
                        <ns2:currency>
                            <code>RUB</code>
                            <digitalCode>643</digitalCode>
                            <name>Российский рубль</name>
                        </ns2:currency>
                        <ns2:rubPrice>124320</ns2:rubPrice>
                        <ns2:prepaid>false</ns2:prepaid>
                        <ns2:docs>
                            <ns2:doc>
                                <ns2:ordinal>1</ns2:ordinal>
                                <ns2:date>2016-12-21</ns2:date>
                                <ns2:code>01</ns2:code>
                                <ns2:name>товарная накладная</ns2:name>
                                <ns2:number>АМ000019459</ns2:number>
                                <ns2:contractPosition>
                                    <ns2:guid>60fdf9db-4adf-4863-8f53-60ab88712398</ns2:guid>
                                    <ns2:name>Анестетики</ns2:name>
                                    <ns2:okpd2>
                                        <code>21.20.10.231</code>
                                        <name>Анестетики</name>
                                    </ns2:okpd2>
                                </ns2:contractPosition>
                                <ns2:okei>
                                    <code>778</code>
                                    <name>Упаковка</name>
                                </ns2:okei>
                                <ns2:qty>42</ns2:qty>
                            </ns2:doc>
                        </ns2:docs>
                    </ns2:position>
                    <ns2:position>
                        <ns2:ordinal>1</ns2:ordinal>
                        <ns2:paymentDate>2016-12-14</ns2:paymentDate>
                        <ns2:price>37800</ns2:price>
                        <ns2:currency>
                            <code>RUB</code>
                            <digitalCode>643</digitalCode>
                            <name>Российский рубль</name>
                        </ns2:currency>
                        <ns2:rubPrice>37800</ns2:rubPrice>
                        <ns2:prepaid>false</ns2:prepaid>
                        <ns2:docs>
                            <ns2:doc>
                                <ns2:ordinal>1</ns2:ordinal>
                                <ns2:date>2016-12-06</ns2:date>
                                <ns2:code>01</ns2:code>
                                <ns2:name>товарная накладная</ns2:name>
                                <ns2:number>АМ000018750</ns2:number>
                                <ns2:contractPosition>
                                    <ns2:guid>60fdf9db-4adf-4863-8f53-60ab88712398</ns2:guid>
                                    <ns2:name>Анестетики</ns2:name>
                                    <ns2:okpd2>
                                        <code>21.20.10.231</code>
                                        <name>Анестетики</name>
                                    </ns2:okpd2>
                                </ns2:contractPosition>
                                <ns2:okei>
                                    <code>778</code>
                                    <name>Упаковка</name>
                                </ns2:okei>
                                <ns2:qty>20</ns2:qty>
                            </ns2:doc>
                        </ns2:docs>
                    </ns2:position>
                    <ns2:total>710220</ns2:total>
                </ns2:positions>
            </ns2:performanceContractData>
        </ns2:item>
    </ns2:body>
</ns2:performanceContract>
