<?xml version="1.0" encoding="UTF-8" standalone="yes"?>
<ns2:performanceContract xsi:schemaLocation="http://zakupki.gov.ru/223/integration/schema/TFF-5.2 http://zakupki.gov.ru/223/integration/schema/TFF-5.2/Types.xsd" xmlns="http://zakupki.gov.ru/223fz/types/1" xmlns:ns10="http://zakupki.gov.ru/223fz/disagreementProtocol/1" xmlns:ns11="http://zakupki.gov.ru/223fz/purchase/1" xmlns:ns12="http://zakupki.gov.ru/223fz/machineryListInfo/1" xmlns:ns13="http://zakupki.gov.ru/223fz/revenue/1" xmlns:ns14="http://zakupki.gov.ru/223fz/orderClauseList/1" xmlns:ns15="http://zakupki.gov.ru/223fz/complaint/1" xmlns:ns16="http://zakupki.gov.ru/223fz/missedNotice/1" xmlns:ns17="http://zakupki.gov.ru/223fz/notificationIssue/1" xmlns:ns18="http://zakupki.gov.ru/223fz/purchasePlanProject/1" xmlns:ns19="http://zakupki.gov.ru/223fz/webRequest/1" xmlns:ns2="http://zakupki.gov.ru/223fz/contract/1" xmlns:xsi="http://www.w3.org/2001/XMLSchema-instance" xmlns:ns3="http://zakupki.gov.ru/223fz/dishonestSupplier/1" xmlns:ns4="http://zakupki.gov.ru/223fz/decisionSuspension/1" xmlns:ns5="http://zakupki.gov.ru/223fz/purchasePlanAdditionalPosition/1" xmlns:ns6="http://zakupki.gov.ru/223fz/purchasePlan/1" xmlns:ns7="http://zakupki.gov.ru/223fz/purchasePlanProjectAdditionalPosition/1" xmlns:ns8="http://zakupki.gov.ru/223fz/reference/1" xmlns:ns9="http://zakupki.gov.ru/223fz/stopCommodity/1">
    <header>
        <guid>51f380c2-cc06-4e44-aa5a-a2af4f3557b4</guid>
        <createDateTime>2017-03-30T08:27:50</createDateTime>
    </header>
    <ns2:body>
        <ns2:item>
            <guid>9cb9f41f-971b-4e85-890a-9146353fb46e</guid>
            <ns2:performanceContractData>
                <ns2:guid>f8d1bbf0-bd9f-48c5-841a-d4955bd6dc29</ns2:guid>
                <ns2:registrationNumber>66673189640150000950010</ns2:registrationNumber>
                <ns2:urlOOS>https://zakupki.gov.ru/223/contract/private/completing/info/view.html?id=2662806</ns2:urlOOS>
                <ns2:createDateTime>2017-02-08T13:51:42</ns2:createDateTime>
                <ns2:customer>
                    <mainInfo>
                        <fullName>АКЦИОНЕРНОЕ ОБЩЕСТВО "ЗАВОД №9"</fullName>
                        <shortName>АО "ЗАВОД №9"</shortName>
                        <iko>66673189640667301001</iko>
                        <inn>6673189640</inn>
                        <kpp>667301001</kpp>
                        <ogrn>1086673012920</ogrn>
                        <legalAddress>620012, обл СВЕРДЛОВСКАЯ, г ЕКАТЕРИНБУРГ, пл 1-Й ПЯТИЛЕТКИ</legalAddress>
                        <postalAddress>Российская Федерация, 620012, Свердловская область, г.Екатеринбург, площадь Первой пятилетки</postalAddress>
                        <phone>7-343-3275900</phone>
                        <fax>7-343-3366684</fax>
                        <email>it@zavod9.com</email>
                        <okato>65401000000</okato>
                        <okpo>43083858</okpo>
                    </mainInfo>
                </ns2:customer>
                <ns2:placer>
                    <mainInfo>
                        <fullName>АКЦИОНЕРНОЕ ОБЩЕСТВО "ЗАВОД №9"</fullName>
                        <shortName>АО "ЗАВОД №9"</shortName>
                        <iko>66673189640667301001</iko>
                        <inn>6673189640</inn>
                        <kpp>667301001</kpp>
                        <ogrn>1086673012920</ogrn>
                        <legalAddress>620012, обл СВЕРДЛОВСКАЯ, г ЕКАТЕРИНБУРГ, пл 1-Й ПЯТИЛЕТКИ</legalAddress>
                        <postalAddress>Российская Федерация, 620012, Свердловская область, г.Екатеринбург, площадь Первой пятилетки</postalAddress>
                        <phone>7-343-3275900</phone>
                        <fax>7-343-3366684</fax>
                        <email>it@zavod9.com</email>
                        <okato>65401000000</okato>
                        <okpo>43083858</okpo>
                    </mainInfo>
                </ns2:placer>
                <ns2:publicationDate>2017-03-30T08:27:50</ns2:publicationDate>
                <ns2:status>P</ns2:status>
                <ns2:version>1</ns2:version>
                <ns2:completed>false</ns2:completed>
                <ns2:attachments>
                    <totalDocumentsCount>2</totalDocumentsCount>
                    <document>
                        <guid>cadf3483-6349-4f69-86d6-436d309a59aa</guid>
                        <createDateTime>2017-03-30T08:27:26</createDateTime>
                        <fileName>Первичная документация.pdf</fileName>
                        <description>Первичная документация</description>
                        <url>https://zakupki.gov.ru/223/contract/private/download/download.html?id=11716418</url>
                        <registrationNumber>66673189640150000950011</registrationNumber>
                    </document>
                    <document>
                        <guid>3f8d8408-8668-42da-9872-c8c7e1c20456</guid>
                        <createDateTime>2017-03-30T08:27:35</createDateTime>
                        <fileName>Платежная документация.pdf</fileName>
                        <description>Платежная документация</description>
                        <url>https://zakupki.gov.ru/223/contract/private/download/download.html?id=11716427</url>
                        <registrationNumber>66673189640150000950012</registrationNumber>
                    </document>
                </ns2:attachments>
                <ns2:hasPenalty>false</ns2:hasPenalty>
                <ns2:contractRegNumber>66673189640150000950000</ns2:contractRegNumber>
                <ns2:contractInfo>
                    <ns2:guid>451beb09-695a-4bb4-ad15-b31e65fcb67a</ns2:guid>
                    <ns2:name>510-3/09/31502311498/216-15</ns2:name>
                    <ns2:agencyName>АО "ЗАВОД №9"</ns2:agencyName>
                    <ns2:supplierName>ЗАКРЫТОЕ АКЦИОНЕРНОЕ ОБЩЕСТВО "УРАЛСНАБСЕРВИС"</ns2:supplierName>
                    <ns2:lotInfo>Смывка СД (сп) </ns2:lotInfo>
                    <ns2:contractDate>2015-05-13</ns2:contractDate>
                </ns2:contractInfo>
                <ns2:positions>
                    <ns2:position>
                        <ns2:ordinal>1</ns2:ordinal>
                        <ns2:paymentDate>2016-04-26</ns2:paymentDate>
                        <ns2:price>225225</ns2:price>
                        <ns2:currency>
                            <code>RUB</code>
                            <digitalCode>643</digitalCode>
                            <name>Российский рубль</name>
                        </ns2:currency>
                        <ns2:rubPrice>225225</ns2:rubPrice>
                        <ns2:prepaid>false</ns2:prepaid>
                        <ns2:docs>
                            <ns2:doc>
                                <ns2:ordinal>1</ns2:ordinal>
                                <ns2:code>01</ns2:code>
                                <ns2:name>товарная накладная</ns2:name>
                                <ns2:contractPosition>
                                    <ns2:guid>3cabb72c-5a13-014e-e053-ac11070d70ec</ns2:guid>
                                    <ns2:name>поставка смывки СД (сп) для нужд ОАО «Завод №9»</ns2:name>
                                    <ns2:okdp>
                                        <code>2422192</code>
                                        <name>Смывки</name>
                                    </ns2:okdp>
                                </ns2:contractPosition>
                                <ns2:okei>
                                    <code>166</code>
                                    <name>Килограмм</name>
                                </ns2:okei>
                                <ns2:qty>2275</ns2:qty>
                            </ns2:doc>
                        </ns2:docs>
                    </ns2:position>
                    <ns2:total>225225</ns2:total>
                </ns2:positions>
            </ns2:performanceContractData>
        </ns2:item>
    </ns2:body>
</ns2:performanceContract>
