<?xml version="1.0" encoding="UTF-8" standalone="yes"?>
<ns2:performanceContract xsi:schemaLocation="http://zakupki.gov.ru/223/integration/schema/TFF-5.2 http://zakupki.gov.ru/223/integration/schema/TFF-5.2/Types.xsd" xmlns="http://zakupki.gov.ru/223fz/types/1" xmlns:ns10="http://zakupki.gov.ru/223fz/disagreementProtocol/1" xmlns:ns11="http://zakupki.gov.ru/223fz/purchase/1" xmlns:ns12="http://zakupki.gov.ru/223fz/machineryListInfo/1" xmlns:ns13="http://zakupki.gov.ru/223fz/revenue/1" xmlns:ns14="http://zakupki.gov.ru/223fz/orderClauseList/1" xmlns:ns15="http://zakupki.gov.ru/223fz/complaint/1" xmlns:ns16="http://zakupki.gov.ru/223fz/missedNotice/1" xmlns:ns17="http://zakupki.gov.ru/223fz/notificationIssue/1" xmlns:ns18="http://zakupki.gov.ru/223fz/purchasePlanProject/1" xmlns:ns19="http://zakupki.gov.ru/223fz/webRequest/1" xmlns:ns2="http://zakupki.gov.ru/223fz/contract/1" xmlns:xsi="http://www.w3.org/2001/XMLSchema-instance" xmlns:ns3="http://zakupki.gov.ru/223fz/dishonestSupplier/1" xmlns:ns4="http://zakupki.gov.ru/223fz/decisionSuspension/1" xmlns:ns5="http://zakupki.gov.ru/223fz/purchasePlanAdditionalPosition/1" xmlns:ns6="http://zakupki.gov.ru/223fz/purchasePlan/1" xmlns:ns7="http://zakupki.gov.ru/223fz/purchasePlanProjectAdditionalPosition/1" xmlns:ns8="http://zakupki.gov.ru/223fz/reference/1" xmlns:ns9="http://zakupki.gov.ru/223fz/stopCommodity/1">
    <header>
        <guid>3eec6fa1-f856-4a64-a6cb-b500f89e75b3</guid>
        <createDateTime>2017-03-30T08:14:15</createDateTime>
    </header>
    <ns2:body>
        <ns2:item>
            <guid>62440409-42ff-4461-ab77-fef88ba656ff</guid>
            <ns2:performanceContractData>
                <ns2:guid>8be4793f-30c2-42b8-97e6-6a42b489349f</ns2:guid>
                <ns2:registrationNumber>56664029537170000060029</ns2:registrationNumber>
                <ns2:urlOOS>https://zakupki.gov.ru/223/contract/private/completing/info/view.html?id=2662561</ns2:urlOOS>
                <ns2:termination>false</ns2:termination>
                <ns2:createDateTime>2017-02-04T08:39:15</ns2:createDateTime>
                <ns2:customer>
                    <mainInfo>
                        <fullName>ГОСУДАРСТВЕННОЕ АВТОНОМНОЕ  СТАЦИОНАРНОЕ УЧРЕЖДЕНИЕ СОЦИАЛЬНОГО ОБСЛУЖИВАНИЯ НАСЕЛЕНИЯ СВЕРДЛОВСКОЙ ОБЛАСТИ "СВЕРДЛОВСКИЙ ПСИХОНЕВРОЛОГИЧЕСКИЙ ИНТЕРНАТ"</fullName>
                        <shortName>ГАУ "СВЕРДЛОВСКИЙ ПНИ"</shortName>
                        <iko>56664029537667901001</iko>
                        <inn>6664029537</inn>
                        <kpp>667901001</kpp>
                        <ogrn>1026605779452</ogrn>
                        <legalAddress>620010, СВЕРДЛОВСКАЯ, ЕКАТЕРИНБУРГ, СЛАВЯНСКАЯ, дом 43</legalAddress>
                        <postalAddress>620010 Свердловская обл., г. Екатеринбург, ул. Славянская, 43</postalAddress>
                        <phone>7-343-2589611</phone>
                        <fax>7-343-2589608</fax>
                        <email>svr-su@gov66.ru</email>
                        <okato>65401390000</okato>
                        <okpo>03157601</okpo>
                    </mainInfo>
                </ns2:customer>
                <ns2:placer>
                    <mainInfo>
                        <fullName>ГОСУДАРСТВЕННОЕ АВТОНОМНОЕ  СТАЦИОНАРНОЕ УЧРЕЖДЕНИЕ СОЦИАЛЬНОГО ОБСЛУЖИВАНИЯ НАСЕЛЕНИЯ СВЕРДЛОВСКОЙ ОБЛАСТИ "СВЕРДЛОВСКИЙ ПСИХОНЕВРОЛОГИЧЕСКИЙ ИНТЕРНАТ"</fullName>
                        <shortName>ГАУ "СВЕРДЛОВСКИЙ ПНИ"</shortName>
                        <iko>56664029537667901001</iko>
                        <inn>6664029537</inn>
                        <kpp>667901001</kpp>
                        <ogrn>1026605779452</ogrn>
                        <legalAddress>620010, СВЕРДЛОВСКАЯ, ЕКАТЕРИНБУРГ, СЛАВЯНСКАЯ, дом 43</legalAddress>
                        <postalAddress>620010 Свердловская обл., г. Екатеринбург, ул. Славянская, 43</postalAddress>
                        <phone>7-343-2589611</phone>
                        <fax>7-343-2589608</fax>
                        <email>svr-su@gov66.ru</email>
                        <okato>65401390000</okato>
                        <okpo>03157601</okpo>
                    </mainInfo>
                </ns2:placer>
                <ns2:publicationDate>2017-03-30T08:14:15</ns2:publicationDate>
                <ns2:status>P</ns2:status>
                <ns2:version>1</ns2:version>
                <ns2:completed>false</ns2:completed>
                <ns2:attachments>
                    <totalDocumentsCount>2</totalDocumentsCount>
                    <document>
                        <guid>771a5d75-5bdb-4ea1-88cf-938b783931ef</guid>
                        <createDateTime>2017-03-30T08:11:15</createDateTime>
                        <fileName>платёжка 28.03.2017 1.pdf</fileName>
                        <description>платёжка 28.03.2017 1</description>
                        <url>https://zakupki.gov.ru/223/contract/private/download/download.html?id=11715785</url>
                        <registrationNumber>56664029537170000060030</registrationNumber>
                    </document>
                    <document>
                        <guid>06b6c841-f319-4bed-b3ab-1b2686205653</guid>
                        <createDateTime>2017-03-30T08:11:22</createDateTime>
                        <fileName>платёжка 28.03.2017.pdf</fileName>
                        <description>платёжка 28.03.2017</description>
                        <url>https://zakupki.gov.ru/223/contract/private/download/download.html?id=11715786</url>
                        <registrationNumber>56664029537170000060031</registrationNumber>
                    </document>
                </ns2:attachments>
                <ns2:hasPenalty>false</ns2:hasPenalty>
                <ns2:contractRegNumber>56664029537170000060000</ns2:contractRegNumber>
                <ns2:contractInfo>
                    <ns2:guid>dfe3723f-b236-48f6-a60f-a5b408bcb7ec</ns2:guid>
                    <ns2:name>31704674760-KS</ns2:name>
                    <ns2:agencyName>ГАУ "СВЕРДЛОВСКИЙ ПНИ"</ns2:agencyName>
                    <ns2:supplierName>ОБЩЕСТВО С ОГРАНИЧЕННОЙ ОТВЕТСТВЕННОСТЬЮ "МОЛОЧНЫЙ ПРОДУКТ"</ns2:supplierName>
                    <ns2:lotInfo>поставка кисломолочных продуктов питания</ns2:lotInfo>
                    <ns2:contractDate>2017-02-03</ns2:contractDate>
                </ns2:contractInfo>
                <ns2:positions>
                    <ns2:position>
                        <ns2:ordinal>2</ns2:ordinal>
                        <ns2:paymentDate>2017-03-28</ns2:paymentDate>
                        <ns2:price>32940</ns2:price>
                        <ns2:currency>
                            <code>RUB</code>
                            <digitalCode>643</digitalCode>
                            <name>Российский рубль</name>
                        </ns2:currency>
                        <ns2:rubPrice>32940</ns2:rubPrice>
                        <ns2:prepaid>false</ns2:prepaid>
                        <ns2:docs>
                            <ns2:doc>
                                <ns2:ordinal>2</ns2:ordinal>
                                <ns2:date>2017-03-23</ns2:date>
                                <ns2:code>19</ns2:code>
                                <ns2:name>счет-фактура</ns2:name>
                                <ns2:number>51558</ns2:number>
                                <ns2:contractPosition>
                                    <ns2:guid>9c82995b-594a-4f24-9d95-e8489b4a970a</ns2:guid>
                                    <ns2:name>Творог зерненый без вкусовых компонентов</ns2:name>
                                    <ns2:okpd2>
                                        <code>10.51.40.330</code>
                                        <name>Творог зерненый без вкусовых компонентов</name>
                                    </ns2:okpd2>
                                </ns2:contractPosition>
                                <ns2:okei>
                                    <code>166</code>
                                    <name>Килограмм</name>
                                </ns2:okei>
                                <ns2:qty>58</ns2:qty>
                            </ns2:doc>
                            <ns2:doc>
                                <ns2:ordinal>1</ns2:ordinal>
                                <ns2:date>2017-03-23</ns2:date>
                                <ns2:code>19</ns2:code>
                                <ns2:name>счет-фактура</ns2:name>
                                <ns2:number>51558</ns2:number>
                                <ns2:contractPosition>
                                    <ns2:guid>9c82995b-594a-4f24-9d95-e8489b4a970a</ns2:guid>
                                    <ns2:name>Творог зерненый без вкусовых компонентов</ns2:name>
                                    <ns2:okpd2>
                                        <code>10.51.40.330</code>
                                        <name>Творог зерненый без вкусовых компонентов</name>
                                    </ns2:okpd2>
                                </ns2:contractPosition>
                                <ns2:okei>
                                    <code>166</code>
                                    <name>Килограмм</name>
                                </ns2:okei>
                                <ns2:qty>58</ns2:qty>
                            </ns2:doc>
                            <ns2:doc>
                                <ns2:ordinal>3</ns2:ordinal>
                                <ns2:date>2017-03-23</ns2:date>
                                <ns2:code>19</ns2:code>
                                <ns2:name>счет-фактура</ns2:name>
                                <ns2:number>54558</ns2:number>
                                <ns2:contractPosition>
                                    <ns2:guid>b5277117-879a-4d7d-9b87-46b67b134e99</ns2:guid>
                                    <ns2:name>Сметана от 15,0 % до 19,0 % жирности</ns2:name>
                                    <ns2:okpd2>
                                        <code>10.51.52.122</code>
                                        <name>Сметана от 15,0 % до 19,0 % жирности</name>
                                    </ns2:okpd2>
                                </ns2:contractPosition>
                                <ns2:okei>
                                    <code>166</code>
                                    <name>Килограмм</name>
                                </ns2:okei>
                                <ns2:qty>23</ns2:qty>
                            </ns2:doc>
                            <ns2:doc>
                                <ns2:ordinal>4</ns2:ordinal>
                                <ns2:date>2017-03-24</ns2:date>
                                <ns2:code>19</ns2:code>
                                <ns2:name>счет-фактура</ns2:name>
                                <ns2:number>52076</ns2:number>
                                <ns2:contractPosition>
                                    <ns2:guid>b92a9c4a-cbe6-4c19-b4f5-c8cc95754005</ns2:guid>
                                    <ns2:name>Кефир</ns2:name>
                                    <ns2:okpd2>
                                        <code>10.51.52.114</code>
                                        <name>Кефир</name>
                                    </ns2:okpd2>
                                </ns2:contractPosition>
                                <ns2:okei>
                                    <code>112</code>
                                    <name>Литр; Кубический дециметр</name>
                                </ns2:okei>
                                <ns2:qty>90</ns2:qty>
                            </ns2:doc>
                            <ns2:doc>
                                <ns2:ordinal>5</ns2:ordinal>
                                <ns2:date>2017-03-25</ns2:date>
                                <ns2:code>19</ns2:code>
                                <ns2:name>счет-фактура</ns2:name>
                                <ns2:number>52453</ns2:number>
                                <ns2:contractPosition>
                                    <ns2:guid>b92a9c4a-cbe6-4c19-b4f5-c8cc95754005</ns2:guid>
                                    <ns2:name>Кефир</ns2:name>
                                    <ns2:okpd2>
                                        <code>10.51.52.114</code>
                                        <name>Кефир</name>
                                    </ns2:okpd2>
                                </ns2:contractPosition>
                                <ns2:okei>
                                    <code>112</code>
                                    <name>Литр; Кубический дециметр</name>
                                </ns2:okei>
                                <ns2:qty>90</ns2:qty>
                            </ns2:doc>
                            <ns2:doc>
                                <ns2:ordinal>6</ns2:ordinal>
                                <ns2:date>2017-03-27</ns2:date>
                                <ns2:code>19</ns2:code>
                                <ns2:name>счет-фактура</ns2:name>
                                <ns2:number>53899</ns2:number>
                                <ns2:contractPosition>
                                    <ns2:guid>b92a9c4a-cbe6-4c19-b4f5-c8cc95754005</ns2:guid>
                                    <ns2:name>Кефир</ns2:name>
                                    <ns2:okpd2>
                                        <code>10.51.52.114</code>
                                        <name>Кефир</name>
                                    </ns2:okpd2>
                                </ns2:contractPosition>
                                <ns2:okei>
                                    <code>112</code>
                                    <name>Литр; Кубический дециметр</name>
                                </ns2:okei>
                                <ns2:qty>90</ns2:qty>
                            </ns2:doc>
                            <ns2:doc>
                                <ns2:ordinal>7</ns2:ordinal>
                                <ns2:date>2017-03-27</ns2:date>
                                <ns2:code>19</ns2:code>
                                <ns2:name>счет-фактура</ns2:name>
                                <ns2:number>53899</ns2:number>
                                <ns2:contractPosition>
                                    <ns2:guid>b92a9c4a-cbe6-4c19-b4f5-c8cc95754005</ns2:guid>
                                    <ns2:name>Кефир</ns2:name>
                                    <ns2:okpd2>
                                        <code>10.51.52.114</code>
                                        <name>Кефир</name>
                                    </ns2:okpd2>
                                </ns2:contractPosition>
                                <ns2:okei>
                                    <code>112</code>
                                    <name>Литр; Кубический дециметр</name>
                                </ns2:okei>
                                <ns2:qty>90</ns2:qty>
                            </ns2:doc>
                            <ns2:doc>
                                <ns2:ordinal>8</ns2:ordinal>
                                <ns2:date>2017-03-27</ns2:date>
                                <ns2:code>19</ns2:code>
                                <ns2:name>счет-фактура</ns2:name>
                                <ns2:number>53899</ns2:number>
                                <ns2:contractPosition>
                                    <ns2:guid>b5277117-879a-4d7d-9b87-46b67b134e99</ns2:guid>
                                    <ns2:name>Сметана от 15,0 % до 19,0 % жирности</ns2:name>
                                    <ns2:okpd2>
                                        <code>10.51.52.122</code>
                                        <name>Сметана от 15,0 % до 19,0 % жирности</name>
                                    </ns2:okpd2>
                                </ns2:contractPosition>
                                <ns2:okei>
                                    <code>166</code>
                                    <name>Килограмм</name>
                                </ns2:okei>
                                <ns2:qty>23</ns2:qty>
                            </ns2:doc>
                        </ns2:docs>
                    </ns2:position>
                    <ns2:position>
                        <ns2:ordinal>1</ns2:ordinal>
                        <ns2:paymentDate>2017-03-28</ns2:paymentDate>
                        <ns2:price>18420</ns2:price>
                        <ns2:currency>
                            <code>RUB</code>
                            <digitalCode>643</digitalCode>
                            <name>Российский рубль</name>
                        </ns2:currency>
                        <ns2:rubPrice>18420</ns2:rubPrice>
                        <ns2:prepaid>false</ns2:prepaid>
                        <ns2:docs>
                            <ns2:doc>
                                <ns2:ordinal>1</ns2:ordinal>
                                <ns2:date>2017-03-21</ns2:date>
                                <ns2:code>19</ns2:code>
                                <ns2:name>счет-фактура</ns2:name>
                                <ns2:number>49857</ns2:number>
                                <ns2:contractPosition>
                                    <ns2:guid>9c82995b-594a-4f24-9d95-e8489b4a970a</ns2:guid>
                                    <ns2:name>Творог зерненый без вкусовых компонентов</ns2:name>
                                    <ns2:okpd2>
                                        <code>10.51.40.330</code>
                                        <name>Творог зерненый без вкусовых компонентов</name>
                                    </ns2:okpd2>
                                </ns2:contractPosition>
                                <ns2:okei>
                                    <code>166</code>
                                    <name>Килограмм</name>
                                </ns2:okei>
                                <ns2:qty>58</ns2:qty>
                            </ns2:doc>
                            <ns2:doc>
                                <ns2:ordinal>2</ns2:ordinal>
                                <ns2:date>2017-03-22</ns2:date>
                                <ns2:code>19</ns2:code>
                                <ns2:name>счет-фактура</ns2:name>
                                <ns2:number>50689</ns2:number>
                                <ns2:contractPosition>
                                    <ns2:guid>b92a9c4a-cbe6-4c19-b4f5-c8cc95754005</ns2:guid>
                                    <ns2:name>Кефир</ns2:name>
                                    <ns2:okpd2>
                                        <code>10.51.52.114</code>
                                        <name>Кефир</name>
                                    </ns2:okpd2>
                                </ns2:contractPosition>
                                <ns2:okei>
                                    <code>112</code>
                                    <name>Литр; Кубический дециметр</name>
                                </ns2:okei>
                                <ns2:qty>90</ns2:qty>
                            </ns2:doc>
                        </ns2:docs>
                    </ns2:position>
                    <ns2:total>51360</ns2:total>
                </ns2:positions>
            </ns2:performanceContractData>
        </ns2:item>
    </ns2:body>
</ns2:performanceContract>
