<?xml version="1.0" encoding="UTF-8" standalone="yes"?>
<ns2:performanceContract xsi:schemaLocation="http://zakupki.gov.ru/223/integration/schema/TFF-5.2 http://zakupki.gov.ru/223/integration/schema/TFF-5.2/Types.xsd" xmlns="http://zakupki.gov.ru/223fz/types/1" xmlns:ns10="http://zakupki.gov.ru/223fz/disagreementProtocol/1" xmlns:ns11="http://zakupki.gov.ru/223fz/purchase/1" xmlns:ns12="http://zakupki.gov.ru/223fz/machineryListInfo/1" xmlns:ns13="http://zakupki.gov.ru/223fz/revenue/1" xmlns:ns14="http://zakupki.gov.ru/223fz/orderClauseList/1" xmlns:ns15="http://zakupki.gov.ru/223fz/complaint/1" xmlns:ns16="http://zakupki.gov.ru/223fz/missedNotice/1" xmlns:ns17="http://zakupki.gov.ru/223fz/notificationIssue/1" xmlns:ns18="http://zakupki.gov.ru/223fz/purchasePlanProject/1" xmlns:ns19="http://zakupki.gov.ru/223fz/webRequest/1" xmlns:ns2="http://zakupki.gov.ru/223fz/contract/1" xmlns:xsi="http://www.w3.org/2001/XMLSchema-instance" xmlns:ns3="http://zakupki.gov.ru/223fz/dishonestSupplier/1" xmlns:ns4="http://zakupki.gov.ru/223fz/decisionSuspension/1" xmlns:ns5="http://zakupki.gov.ru/223fz/purchasePlanAdditionalPosition/1" xmlns:ns6="http://zakupki.gov.ru/223fz/purchasePlan/1" xmlns:ns7="http://zakupki.gov.ru/223fz/purchasePlanProjectAdditionalPosition/1" xmlns:ns8="http://zakupki.gov.ru/223fz/reference/1" xmlns:ns9="http://zakupki.gov.ru/223fz/stopCommodity/1">
    <header>
        <guid>b5f61990-fa0d-4990-ba4a-3bce9c4366ae</guid>
        <createDateTime>2017-03-30T09:09:52</createDateTime>
    </header>
    <ns2:body>
        <ns2:item>
            <guid>b56bfd8f-c20f-4d5e-ba5c-79bbaec0b42f</guid>
            <ns2:performanceContractData>
                <ns2:guid>c1e5b4d2-c5fa-414b-baac-9b30586eec54</ns2:guid>
                <ns2:registrationNumber>66662054224160000620003</ns2:registrationNumber>
                <ns2:urlOOS>https://zakupki.gov.ru/223/contract/private/completing/info/view.html?id=2663200</ns2:urlOOS>
                <ns2:createDateTime>2016-03-01T14:48:06</ns2:createDateTime>
                <ns2:customer>
                    <mainInfo>
                        <fullName>АКЦИОНЕРНОЕ ОБЩЕСТВО "НАУЧНО-ПРОИЗВОДСТВЕННОЕ ПРЕДПРИЯТИЕ "СТАРТ" ИМ. А. И. ЯСКИНА"</fullName>
                        <shortName>АО "НПП "СТАРТ" ИМ. А. И. ЯСКИНА"</shortName>
                        <iko>66662054224668501001</iko>
                        <inn>6662054224</inn>
                        <kpp>668501001</kpp>
                        <ogrn>1026605387951</ogrn>
                        <legalAddress>620007, обл СВЕРДЛОВСКАЯ, г ЕКАТЕРИНБУРГ, ул ПРИБАЛТИЙСКАЯ, дом 24</legalAddress>
                        <postalAddress>620007, г.Екатеринбург, ул. Прибалтийская, д. 24</postalAddress>
                        <phone>8-343-2520103</phone>
                        <fax>8-343-2643484</fax>
                        <email>nppstart@technodinamika.ru</email>
                        <okato>65401380000</okato>
                        <okpo>07543212</okpo>
                    </mainInfo>
                </ns2:customer>
                <ns2:placer>
                    <mainInfo>
                        <fullName>АКЦИОНЕРНОЕ ОБЩЕСТВО "НАУЧНО-ПРОИЗВОДСТВЕННОЕ ПРЕДПРИЯТИЕ "СТАРТ" ИМ. А. И. ЯСКИНА"</fullName>
                        <shortName>АО "НПП "СТАРТ" ИМ. А. И. ЯСКИНА"</shortName>
                        <iko>66662054224668501001</iko>
                        <inn>6662054224</inn>
                        <kpp>668501001</kpp>
                        <ogrn>1026605387951</ogrn>
                        <legalAddress>620007, обл СВЕРДЛОВСКАЯ, г ЕКАТЕРИНБУРГ, ул ПРИБАЛТИЙСКАЯ, дом 24</legalAddress>
                        <postalAddress>620007, г.Екатеринбург, ул. Прибалтийская, д. 24</postalAddress>
                        <phone>8-343-2520103</phone>
                        <fax>8-343-2643484</fax>
                        <email>nppstart@technodinamika.ru</email>
                        <okato>65401380000</okato>
                        <okpo>07543212</okpo>
                    </mainInfo>
                </ns2:placer>
                <ns2:publicationDate>2017-03-30T09:09:52</ns2:publicationDate>
                <ns2:status>P</ns2:status>
                <ns2:version>1</ns2:version>
                <ns2:completed>true</ns2:completed>
                <ns2:attachments>
                    <totalDocumentsCount>2</totalDocumentsCount>
                    <document>
                        <guid>7aad7dac-34b9-4468-b669-f8e569ef12ea</guid>
                        <createDateTime>2017-03-30T09:09:29</createDateTime>
                        <fileName>Платежное поручение.pdf</fileName>
                        <description>Платежное поручение</description>
                        <url>https://zakupki.gov.ru/223/contract/private/download/download.html?id=11718854</url>
                        <registrationNumber>66662054224160000620004</registrationNumber>
                    </document>
                    <document>
                        <guid>53b5e067-2a2e-4364-afcc-93262e67609a</guid>
                        <createDateTime>2017-03-30T09:09:36</createDateTime>
                        <fileName>Товарная накладная.pdf</fileName>
                        <description>Товарная накладная</description>
                        <url>https://zakupki.gov.ru/223/contract/private/download/download.html?id=11718857</url>
                        <registrationNumber>66662054224160000620005</registrationNumber>
                    </document>
                </ns2:attachments>
                <ns2:hasPenalty>false</ns2:hasPenalty>
                <ns2:contractRegNumber>66662054224160000620000</ns2:contractRegNumber>
                <ns2:contractInfo>
                    <ns2:guid>e59f4ab2-92cd-4554-acab-fe87cbad0d7d</ns2:guid>
                    <ns2:name>6/2-2016</ns2:name>
                    <ns2:agencyName>АО "НПП "СТАРТ" ИМ. А. И. ЯСКИНА"</ns2:agencyName>
                    <ns2:supplierName>ОБЩЕСТВО С ОГРАНИЧЕННОЙ ОТВЕТСТВЕННОСТЬЮ "ИЛЬМА"</ns2:supplierName>
                    <ns2:lotInfo>Поставка устройства для вырезки прокладок P/GS20 для нужд АО «НПП «Старт» им. А.И. Яскина» в 2016 году</ns2:lotInfo>
                    <ns2:contractDate>2016-02-26</ns2:contractDate>
                </ns2:contractInfo>
                <ns2:positions>
                    <ns2:position>
                        <ns2:ordinal>1</ns2:ordinal>
                        <ns2:paymentDate>2017-03-20</ns2:paymentDate>
                        <ns2:price>195903.6</ns2:price>
                        <ns2:currency>
                            <code>RUB</code>
                            <digitalCode>643</digitalCode>
                            <name>Российский рубль</name>
                        </ns2:currency>
                        <ns2:rubPrice>195903.6</ns2:rubPrice>
                        <ns2:prepaid>false</ns2:prepaid>
                        <ns2:docs>
                            <ns2:doc>
                                <ns2:ordinal>1</ns2:ordinal>
                                <ns2:code>01</ns2:code>
                                <ns2:name>товарная накладная</ns2:name>
                                <ns2:contractPosition>
                                    <ns2:guid>3cabb74f-658e-014e-e053-ac11070d70ec</ns2:guid>
                                    <ns2:okpd2>
                                        <code>28.96.10.110</code>
                                        <name>Оборудование для обработки резины и пластмасс, не включенное в другие группировки</name>
                                    </ns2:okpd2>
                                </ns2:contractPosition>
                                <ns2:okei>
                                    <code>796</code>
                                    <name>Штука</name>
                                </ns2:okei>
                                <ns2:qty>1</ns2:qty>
                            </ns2:doc>
                        </ns2:docs>
                    </ns2:position>
                    <ns2:total>195903.6</ns2:total>
                </ns2:positions>
            </ns2:performanceContractData>
        </ns2:item>
    </ns2:body>
</ns2:performanceContract>
