<?xml version="1.0" encoding="UTF-8" standalone="yes"?>
<ns2:contractCancellation xsi:schemaLocation="http://zakupki.gov.ru/223/integration/schema/TFF-5.2 http://zakupki.gov.ru/223/integration/schema/TFF-5.2/Types.xsd" xmlns="http://zakupki.gov.ru/223fz/types/1" xmlns:ns10="http://zakupki.gov.ru/223fz/disagreementProtocol/1" xmlns:ns11="http://zakupki.gov.ru/223fz/purchase/1" xmlns:ns12="http://zakupki.gov.ru/223fz/machineryListInfo/1" xmlns:ns13="http://zakupki.gov.ru/223fz/revenue/1" xmlns:ns14="http://zakupki.gov.ru/223fz/orderClauseList/1" xmlns:ns15="http://zakupki.gov.ru/223fz/complaint/1" xmlns:ns16="http://zakupki.gov.ru/223fz/missedNotice/1" xmlns:ns17="http://zakupki.gov.ru/223fz/notificationIssue/1" xmlns:ns18="http://zakupki.gov.ru/223fz/purchasePlanProject/1" xmlns:ns19="http://zakupki.gov.ru/223fz/webRequest/1" xmlns:ns2="http://zakupki.gov.ru/223fz/contract/1" xmlns:xsi="http://www.w3.org/2001/XMLSchema-instance" xmlns:ns3="http://zakupki.gov.ru/223fz/dishonestSupplier/1" xmlns:ns4="http://zakupki.gov.ru/223fz/decisionSuspension/1" xmlns:ns5="http://zakupki.gov.ru/223fz/purchasePlanAdditionalPosition/1" xmlns:ns6="http://zakupki.gov.ru/223fz/purchasePlan/1" xmlns:ns7="http://zakupki.gov.ru/223fz/purchasePlanProjectAdditionalPosition/1" xmlns:ns8="http://zakupki.gov.ru/223fz/reference/1" xmlns:ns9="http://zakupki.gov.ru/223fz/stopCommodity/1">
    <header>
        <guid>9d06009b-e073-4df6-bd12-82c3b32e0bd4</guid>
        <createDateTime>2017-03-30T06:08:43</createDateTime>
    </header>
    <ns2:body>
        <ns2:item>
            <guid>b66263de-0df2-4557-864b-5236d380bb53</guid>
            <ns2:contractCancellationData>
                <ns2:guid>6733b337-9847-41b5-8123-1b6ef0b28fd1</ns2:guid>
                <ns2:registrationNumber>86658077733160000030009</ns2:registrationNumber>
                <ns2:urlOOS>https://zakupki.gov.ru/223/contract/private/completing/info/view.html?id=2662021</ns2:urlOOS>
                <ns2:createDateTime>2017-03-30T06:08:00</ns2:createDateTime>
                <ns2:customer>
                    <mainInfo>
                        <fullName>Муниципальное бюджетное дошкольное образовательное учреждение - детский сад № 36</fullName>
                        <shortName>МБДОУ - детский сад № 36</shortName>
                        <iko>86658077733665801001</iko>
                        <inn>6658077733</inn>
                        <kpp>665801001</kpp>
                        <ogrn>1026602317961</ogrn>
                        <legalAddress>620131, Свердловская, Екатеринбург, Заводская, дом 44, корпус а</legalAddress>
                        <postalAddress>620131, Свердловская, Екатеринбург, Заводская, дом 44, корпус а</postalAddress>
                        <phone>7-343-2051260</phone>
                        <fax>7-343-2051045</fax>
                        <email>sweta_punpolewa@mail.ru</email>
                        <okato>65401364000</okato>
                        <okpo>46653078</okpo>
                    </mainInfo>
                </ns2:customer>
                <ns2:placer>
                    <mainInfo>
                        <fullName>Муниципальное бюджетное дошкольное образовательное учреждение - детский сад № 36</fullName>
                        <shortName>МБДОУ - детский сад № 36</shortName>
                        <iko>86658077733665801001</iko>
                        <inn>6658077733</inn>
                        <kpp>665801001</kpp>
                        <ogrn>1026602317961</ogrn>
                        <legalAddress>620131, Свердловская, Екатеринбург, Заводская, дом 44, корпус а</legalAddress>
                        <postalAddress>620131, Свердловская, Екатеринбург, Заводская, дом 44, корпус а</postalAddress>
                        <phone>7-343-2051260</phone>
                        <fax>7-343-2051045</fax>
                        <email>sweta_punpolewa@mail.ru</email>
                        <okato>65401364000</okato>
                        <okpo>46653078</okpo>
                    </mainInfo>
                </ns2:placer>
                <ns2:publicationDate>2017-03-30T06:08:43</ns2:publicationDate>
                <ns2:status>P</ns2:status>
                <ns2:version>1</ns2:version>
                <ns2:attachments>
                    <totalDocumentsCount>1</totalDocumentsCount>
                    <document>
                        <guid>77eba4fb-26a8-4b70-8278-dbd209dfd923</guid>
                        <createDateTime>2017-03-30T06:07:52</createDateTime>
                        <fileName>растордение к договору 1208.pdf</fileName>
                        <description>растордение к договору 1208</description>
                        <url>https://zakupki.gov.ru/223/contract/private/download/download.html?id=11713080</url>
                        <registrationNumber>86658077733160000030010</registrationNumber>
                    </document>
                </ns2:attachments>
                <ns2:hasPenalty>false</ns2:hasPenalty>
                <ns2:contractRegNumber>86658077733160000030000</ns2:contractRegNumber>
                <ns2:contractInfo>
                    <ns2:guid>04d637a0-cc8b-41ce-b5ae-8c8eea9b6f34</ns2:guid>
                    <ns2:name>договор 1208</ns2:name>
                    <ns2:agencyName>МБДОУ - детский сад № 36</ns2:agencyName>
                    <ns2:supplierName>ОБЩЕСТВО С ОГРАНИЧЕННОЙ ОТВЕТСТВЕННОСТЬЮ "РАЗНОСОЛ"</ns2:supplierName>
                    <ns2:lotInfo>поставка мясной продукции сентябрь 2016</ns2:lotInfo>
                    <ns2:contractDate>2016-09-01</ns2:contractDate>
                </ns2:contractInfo>
                <ns2:baseContractCancellationCode>1</ns2:baseContractCancellationCode>
                <ns2:baseContractCancellationName>Соглашение сторон</ns2:baseContractCancellationName>
                <ns2:baseRejectionDocCode>11</ns2:baseRejectionDocCode>
                <ns2:baseRejectionDocName>Дополнительное соглашение к договору</ns2:baseRejectionDocName>
                <ns2:completionDate>2017-03-29T00:00:00</ns2:completionDate>
                <ns2:baseRejectionDocDate>2017-03-29</ns2:baseRejectionDocDate>
            </ns2:contractCancellationData>
        </ns2:item>
    </ns2:body>
</ns2:contractCancellation>
