<?xml version="1.0" encoding="UTF-8" standalone="yes"?>
<ns2:performanceContract xsi:schemaLocation="http://zakupki.gov.ru/223/integration/schema/TFF-5.2 http://zakupki.gov.ru/223/integration/schema/TFF-5.2/Types.xsd" xmlns="http://zakupki.gov.ru/223fz/types/1" xmlns:ns10="http://zakupki.gov.ru/223fz/disagreementProtocol/1" xmlns:ns11="http://zakupki.gov.ru/223fz/purchase/1" xmlns:ns12="http://zakupki.gov.ru/223fz/machineryListInfo/1" xmlns:ns13="http://zakupki.gov.ru/223fz/revenue/1" xmlns:ns14="http://zakupki.gov.ru/223fz/orderClauseList/1" xmlns:ns15="http://zakupki.gov.ru/223fz/complaint/1" xmlns:ns16="http://zakupki.gov.ru/223fz/missedNotice/1" xmlns:ns17="http://zakupki.gov.ru/223fz/notificationIssue/1" xmlns:ns18="http://zakupki.gov.ru/223fz/purchasePlanProject/1" xmlns:ns19="http://zakupki.gov.ru/223fz/webRequest/1" xmlns:ns2="http://zakupki.gov.ru/223fz/contract/1" xmlns:xsi="http://www.w3.org/2001/XMLSchema-instance" xmlns:ns3="http://zakupki.gov.ru/223fz/dishonestSupplier/1" xmlns:ns4="http://zakupki.gov.ru/223fz/decisionSuspension/1" xmlns:ns5="http://zakupki.gov.ru/223fz/purchasePlanAdditionalPosition/1" xmlns:ns6="http://zakupki.gov.ru/223fz/purchasePlan/1" xmlns:ns7="http://zakupki.gov.ru/223fz/purchasePlanProjectAdditionalPosition/1" xmlns:ns8="http://zakupki.gov.ru/223fz/reference/1" xmlns:ns9="http://zakupki.gov.ru/223fz/stopCommodity/1">
    <header>
        <guid>9f03bd2f-91f4-4429-a475-b72da0f9eba9</guid>
        <createDateTime>2017-03-30T10:29:24</createDateTime>
    </header>
    <ns2:body>
        <ns2:item>
            <guid>d9a631df-6271-4257-8ca7-6c1f49c05435</guid>
            <ns2:performanceContractData>
                <ns2:guid>b907c3c4-bfe2-4239-86de-07e12745f1e9</ns2:guid>
                <ns2:registrationNumber>56661000642170000200003</ns2:registrationNumber>
                <ns2:urlOOS>https://zakupki.gov.ru/223/contract/private/completing/info/view.html?id=2664218</ns2:urlOOS>
                <ns2:createDateTime>2017-03-23T10:13:00</ns2:createDateTime>
                <ns2:customer>
                    <mainInfo>
                        <fullName>ГОСУДАРСТВЕННОЕ АВТОНОМНОЕ ПРОФЕССИОНАЛЬНОЕ ОБРАЗОВАТЕЛЬНОЕ УЧРЕЖДЕНИЕ СВЕРДЛОВСКОЙ ОБЛАСТИ "ЕКАТЕРИНБУРГСКИЙ ЭКОНОМИКО-ТЕХНОЛОГИЧЕСКИЙ КОЛЛЕДЖ"</fullName>
                        <shortName>ГАПОУ СО "ЕКАТЕРИНБУРГСКИЙ ЭКОНОМИКО-ТЕХНОЛОГИЧЕСКИЙ КОЛЛЕДЖ" ИЛИ ГАПОУ СО "ЕЭТК"</shortName>
                        <iko>56661000642666101001</iko>
                        <inn>6661000642</inn>
                        <kpp>666101001</kpp>
                        <ogrn>1036603990543</ogrn>
                        <legalAddress>620144, обл СВЕРДЛОВСКАЯ, г ЕКАТЕРИНБУРГ, ул ДЕКАБРИСТОВ, дом 58, корпус НЕТ, офис (квартира) НЕТ</legalAddress>
                        <postalAddress>620144, Свердловская Область, Екатеринбург Город, Декабристов Улица, дом 58</postalAddress>
                        <phone>7-343-2574449</phone>
                        <fax>7-343-2574449</fax>
                        <email>info@eetk.ru</email>
                        <okato>65401377000</okato>
                        <okpo>35179981</okpo>
                    </mainInfo>
                </ns2:customer>
                <ns2:placer>
                    <mainInfo>
                        <fullName>ГОСУДАРСТВЕННОЕ АВТОНОМНОЕ ПРОФЕССИОНАЛЬНОЕ ОБРАЗОВАТЕЛЬНОЕ УЧРЕЖДЕНИЕ СВЕРДЛОВСКОЙ ОБЛАСТИ "ЕКАТЕРИНБУРГСКИЙ ЭКОНОМИКО-ТЕХНОЛОГИЧЕСКИЙ КОЛЛЕДЖ"</fullName>
                        <shortName>ГАПОУ СО "ЕКАТЕРИНБУРГСКИЙ ЭКОНОМИКО-ТЕХНОЛОГИЧЕСКИЙ КОЛЛЕДЖ" ИЛИ ГАПОУ СО "ЕЭТК"</shortName>
                        <iko>56661000642666101001</iko>
                        <inn>6661000642</inn>
                        <kpp>666101001</kpp>
                        <ogrn>1036603990543</ogrn>
                        <legalAddress>620144, обл СВЕРДЛОВСКАЯ, г ЕКАТЕРИНБУРГ, ул ДЕКАБРИСТОВ, дом 58, корпус НЕТ, офис (квартира) НЕТ</legalAddress>
                        <postalAddress>620144, Свердловская Область, Екатеринбург Город, Декабристов Улица, дом 58</postalAddress>
                        <phone>7-343-2574449</phone>
                        <fax>7-343-2574449</fax>
                        <email>info@eetk.ru</email>
                        <okato>65401377000</okato>
                        <okpo>35179981</okpo>
                    </mainInfo>
                </ns2:placer>
                <ns2:publicationDate>2017-03-30T10:29:24</ns2:publicationDate>
                <ns2:status>P</ns2:status>
                <ns2:version>1</ns2:version>
                <ns2:completed>true</ns2:completed>
                <ns2:attachments>
                    <totalDocumentsCount>1</totalDocumentsCount>
                    <document>
                        <guid>b6a877bb-8034-4b45-ad38-2880f1df0314</guid>
                        <createDateTime>2017-03-30T10:28:32</createDateTime>
                        <fileName>Счет-фактура № ПТ-00000012 от 28.03.2017г..PDF</fileName>
                        <description>Счет-фактура № ПТ-00000012 от 28.03.2017г.</description>
                        <url>https://zakupki.gov.ru/223/contract/private/download/download.html?id=11723524</url>
                        <registrationNumber>56661000642170000200004</registrationNumber>
                    </document>
                </ns2:attachments>
                <ns2:hasPenalty>false</ns2:hasPenalty>
                <ns2:contractRegNumber>56661000642170000200000</ns2:contractRegNumber>
                <ns2:contractInfo>
                    <ns2:guid>3347abf1-b297-4fa6-b773-55d5398d1836</ns2:guid>
                    <ns2:name>17к-03/17</ns2:name>
                    <ns2:agencyName>ГАПОУ СО "ЕКАТЕРИНБУРГСКИЙ ЭКОНОМИКО-ТЕХНОЛОГИЧЕСКИЙ КОЛЛЕДЖ" ИЛИ ГАПОУ СО "ЕЭТК"</ns2:agencyName>
                    <ns2:supplierName>ОБЩЕСТВО С ОГРАНИЧЕННОЙ ОТВЕТСТВЕННОСТЬЮ "ПОБЕДИТЕЛЬ ТЕНДЕРА"</ns2:supplierName>
                    <ns2:lotInfo>Поставка персональных компьютеров в сборе</ns2:lotInfo>
                    <ns2:contractDate>2017-03-23</ns2:contractDate>
                </ns2:contractInfo>
                <ns2:positions>
                    <ns2:position>
                        <ns2:ordinal>1</ns2:ordinal>
                        <ns2:paymentDate>2017-03-29</ns2:paymentDate>
                        <ns2:price>316400</ns2:price>
                        <ns2:currency>
                            <code>RUB</code>
                            <digitalCode>643</digitalCode>
                            <name>Российский рубль</name>
                        </ns2:currency>
                        <ns2:rubPrice>316400</ns2:rubPrice>
                        <ns2:prepaid>false</ns2:prepaid>
                        <ns2:docs>
                            <ns2:doc>
                                <ns2:ordinal>1</ns2:ordinal>
                                <ns2:date>2017-03-28</ns2:date>
                                <ns2:code>19</ns2:code>
                                <ns2:name>счет-фактура</ns2:name>
                                <ns2:number>ПТ-00000012</ns2:number>
                                <ns2:contractPosition>
                                    <ns2:guid>a1515c6c-0f9c-4c2a-9a0f-7c958da62e51</ns2:guid>
                                    <ns2:name>Поставка персональных компьютеров в сборе</ns2:name>
                                    <ns2:okpd2>
                                        <code>46.51.10.110</code>
                                        <name>Услуги по оптовой торговле компьютерами, компьютерными периферийными устройствами</name>
                                    </ns2:okpd2>
                                </ns2:contractPosition>
                                <ns2:okei>
                                    <code>796</code>
                                    <name>Штука</name>
                                </ns2:okei>
                                <ns2:qty>8</ns2:qty>
                            </ns2:doc>
                        </ns2:docs>
                    </ns2:position>
                    <ns2:total>316400</ns2:total>
                </ns2:positions>
            </ns2:performanceContractData>
        </ns2:item>
    </ns2:body>
</ns2:performanceContract>
