<?xml version="1.0" encoding="UTF-8" standalone="yes"?>
<ns2:performanceContract xsi:schemaLocation="http://zakupki.gov.ru/223/integration/schema/TFF-5.2 http://zakupki.gov.ru/223/integration/schema/TFF-5.2/Types.xsd" xmlns="http://zakupki.gov.ru/223fz/types/1" xmlns:ns10="http://zakupki.gov.ru/223fz/disagreementProtocol/1" xmlns:ns11="http://zakupki.gov.ru/223fz/purchase/1" xmlns:ns12="http://zakupki.gov.ru/223fz/machineryListInfo/1" xmlns:ns13="http://zakupki.gov.ru/223fz/revenue/1" xmlns:ns14="http://zakupki.gov.ru/223fz/orderClauseList/1" xmlns:ns15="http://zakupki.gov.ru/223fz/complaint/1" xmlns:ns16="http://zakupki.gov.ru/223fz/missedNotice/1" xmlns:ns17="http://zakupki.gov.ru/223fz/notificationIssue/1" xmlns:ns18="http://zakupki.gov.ru/223fz/purchasePlanProject/1" xmlns:ns19="http://zakupki.gov.ru/223fz/webRequest/1" xmlns:ns2="http://zakupki.gov.ru/223fz/contract/1" xmlns:xsi="http://www.w3.org/2001/XMLSchema-instance" xmlns:ns3="http://zakupki.gov.ru/223fz/dishonestSupplier/1" xmlns:ns4="http://zakupki.gov.ru/223fz/decisionSuspension/1" xmlns:ns5="http://zakupki.gov.ru/223fz/purchasePlanAdditionalPosition/1" xmlns:ns6="http://zakupki.gov.ru/223fz/purchasePlan/1" xmlns:ns7="http://zakupki.gov.ru/223fz/purchasePlanProjectAdditionalPosition/1" xmlns:ns8="http://zakupki.gov.ru/223fz/reference/1" xmlns:ns9="http://zakupki.gov.ru/223fz/stopCommodity/1">
    <header>
        <guid>7809bc93-1b2d-4cc2-9d86-24982fb719d3</guid>
        <createDateTime>2017-03-30T09:26:57</createDateTime>
    </header>
    <ns2:body>
        <ns2:item>
            <guid>66d33972-9133-4048-abc4-c38d0078181d</guid>
            <ns2:performanceContractData>
                <ns2:guid>d89cf160-6e74-4aeb-9add-b57d2add616c</ns2:guid>
                <ns2:registrationNumber>56605005728170000020003</ns2:registrationNumber>
                <ns2:urlOOS>https://zakupki.gov.ru/223/contract/private/completing/info/view.html?id=2663462</ns2:urlOOS>
                <ns2:createDateTime>2017-02-21T09:51:15</ns2:createDateTime>
                <ns2:customer>
                    <mainInfo>
                        <fullName>муниципальное автономное общеобразовательное учреждение - средняя общеобразовательная школа № 2</fullName>
                        <shortName>МАОУ - СОШ № 2</shortName>
                        <iko>56605005728663301001</iko>
                        <inn>6605005728</inn>
                        <kpp>663301001</kpp>
                        <ogrn>1026600705977</ogrn>
                        <legalAddress>623530, Свердловская, Богданович, Кунавина, дом 31</legalAddress>
                        <postalAddress>623530, дом 31</postalAddress>
                        <phone>7-34376-22836</phone>
                        <fax>7-34376-22815</fax>
                        <email>sosh_2@uobgd.ru</email>
                        <okato>65210000000</okato>
                        <okpo>48569169</okpo>
                    </mainInfo>
                </ns2:customer>
                <ns2:placer>
                    <mainInfo>
                        <fullName>муниципальное автономное общеобразовательное учреждение - средняя общеобразовательная школа № 2</fullName>
                        <shortName>МАОУ - СОШ № 2</shortName>
                        <iko>56605005728663301001</iko>
                        <inn>6605005728</inn>
                        <kpp>663301001</kpp>
                        <ogrn>1026600705977</ogrn>
                        <legalAddress>623530, Свердловская, Богданович, Кунавина, дом 31</legalAddress>
                        <postalAddress>623530, дом 31</postalAddress>
                        <phone>7-34376-22836</phone>
                        <fax>7-34376-22815</fax>
                        <email>sosh_2@uobgd.ru</email>
                        <okato>65210000000</okato>
                        <okpo>48569169</okpo>
                    </mainInfo>
                </ns2:placer>
                <ns2:publicationDate>2017-03-30T09:26:57</ns2:publicationDate>
                <ns2:status>P</ns2:status>
                <ns2:version>1</ns2:version>
                <ns2:completed>false</ns2:completed>
                <ns2:attachments/>
                <ns2:hasPenalty>false</ns2:hasPenalty>
                <ns2:contractRegNumber>56605005728170000020000</ns2:contractRegNumber>
                <ns2:contractInfo>
                    <ns2:guid>bf90a03c-660d-4778-a3e1-d235077a0c0b</ns2:guid>
                    <ns2:name>40/17</ns2:name>
                    <ns2:agencyName>МАОУ - СОШ № 2</ns2:agencyName>
                    <ns2:supplierName>МУНИЦИПАЛЬНОЕ УНИТАРНОЕ ПРЕДПРИЯТИЕ "БЛАГОУСТРОЙСТВО"</ns2:supplierName>
                    <ns2:lotInfo>оказание услуг по транспортированию и размещению (утилизации) отходов производства и потребления</ns2:lotInfo>
                    <ns2:contractDate>2017-02-02</ns2:contractDate>
                </ns2:contractInfo>
                <ns2:positions>
                    <ns2:position>
                        <ns2:ordinal>1</ns2:ordinal>
                        <ns2:paymentDate>2017-03-28</ns2:paymentDate>
                        <ns2:price>10220.77</ns2:price>
                        <ns2:currency>
                            <code>RUB</code>
                            <digitalCode>643</digitalCode>
                            <name>Российский рубль</name>
                        </ns2:currency>
                        <ns2:rubPrice>10220.77</ns2:rubPrice>
                        <ns2:prepaid>false</ns2:prepaid>
                        <ns2:docs>
                            <ns2:doc>
                                <ns2:ordinal>1</ns2:ordinal>
                                <ns2:date>2017-01-31</ns2:date>
                                <ns2:code>12</ns2:code>
                                <ns2:name>акт о приемке выполненных работ</ns2:name>
                                <ns2:number>71</ns2:number>
                                <ns2:contractPosition>
                                    <ns2:guid>2ed46505-b4fc-4532-b4f7-84f2537c438e</ns2:guid>
                                    <ns2:name>Отходы; услуги по сбору отходов</ns2:name>
                                    <ns2:okpd2>
                                        <code>38.1</code>
                                        <name>Отходы; услуги по сбору отходов</name>
                                    </ns2:okpd2>
                                </ns2:contractPosition>
                                <ns2:okei>
                                    <code>362</code>
                                    <name>Месяц</name>
                                </ns2:okei>
                                <ns2:qty>12</ns2:qty>
                            </ns2:doc>
                        </ns2:docs>
                    </ns2:position>
                    <ns2:total>10220.77</ns2:total>
                </ns2:positions>
            </ns2:performanceContractData>
        </ns2:item>
    </ns2:body>
</ns2:performanceContract>
