<?xml version="1.0" encoding="UTF-8" standalone="yes"?>
<ns2:performanceContract xsi:schemaLocation="http://zakupki.gov.ru/223/integration/schema/TFF-5.2 http://zakupki.gov.ru/223/integration/schema/TFF-5.2/Types.xsd" xmlns="http://zakupki.gov.ru/223fz/types/1" xmlns:ns10="http://zakupki.gov.ru/223fz/disagreementProtocol/1" xmlns:ns11="http://zakupki.gov.ru/223fz/purchase/1" xmlns:ns12="http://zakupki.gov.ru/223fz/machineryListInfo/1" xmlns:ns13="http://zakupki.gov.ru/223fz/revenue/1" xmlns:ns14="http://zakupki.gov.ru/223fz/orderClauseList/1" xmlns:ns15="http://zakupki.gov.ru/223fz/complaint/1" xmlns:ns16="http://zakupki.gov.ru/223fz/missedNotice/1" xmlns:ns17="http://zakupki.gov.ru/223fz/notificationIssue/1" xmlns:ns18="http://zakupki.gov.ru/223fz/purchasePlanProject/1" xmlns:ns19="http://zakupki.gov.ru/223fz/webRequest/1" xmlns:ns2="http://zakupki.gov.ru/223fz/contract/1" xmlns:xsi="http://www.w3.org/2001/XMLSchema-instance" xmlns:ns3="http://zakupki.gov.ru/223fz/dishonestSupplier/1" xmlns:ns4="http://zakupki.gov.ru/223fz/decisionSuspension/1" xmlns:ns5="http://zakupki.gov.ru/223fz/purchasePlanAdditionalPosition/1" xmlns:ns6="http://zakupki.gov.ru/223fz/purchasePlan/1" xmlns:ns7="http://zakupki.gov.ru/223fz/purchasePlanProjectAdditionalPosition/1" xmlns:ns8="http://zakupki.gov.ru/223fz/reference/1" xmlns:ns9="http://zakupki.gov.ru/223fz/stopCommodity/1">
    <header>
        <guid>62ca2bcc-94de-4f8e-9cd7-ea9f92576064</guid>
        <createDateTime>2017-03-30T07:50:31</createDateTime>
    </header>
    <ns2:body>
        <ns2:item>
            <guid>5a767ec9-45de-4edb-aff4-ef467d5654a6</guid>
            <ns2:performanceContractData>
                <ns2:guid>81a7b28e-5ce1-465d-bfed-1b6b65759c86</ns2:guid>
                <ns2:registrationNumber>56620012416170000080020</ns2:registrationNumber>
                <ns2:urlOOS>https://zakupki.gov.ru/223/contract/private/completing/info/view.html?id=2662532</ns2:urlOOS>
                <ns2:createDateTime>2017-02-13T20:49:21</ns2:createDateTime>
                <ns2:customer>
                    <mainInfo>
                        <fullName>МУНИЦИПАЛЬНОЕ АВТОНОМНОЕ ДОШКОЛЬНОЕ ОБРАЗОВАТЕЛЬНОЕ УЧРЕЖДЕНИЕ ДЕТСКИЙ САД № 10</fullName>
                        <shortName>МАДОУ № 10</shortName>
                        <iko>56620012416662001001</iko>
                        <inn>6620012416</inn>
                        <kpp>668101001</kpp>
                        <ogrn>1076620000313</ogrn>
                        <legalAddress>624300, ОБЛ СВЕРДЛОВСКАЯ, Г КУШВА, УЛ РАБОЧАЯ, дом 50 Г</legalAddress>
                        <postalAddress>624300, СВЕРДЛОВСКАЯ, КУШВА, РАБОЧАЯ, дом 50 Г</postalAddress>
                        <phone>7-34344-22183</phone>
                        <email>mdou.ds-10@yandex.ru</email>
                        <okato>65470000000</okato>
                        <okpo>50737728</okpo>
                    </mainInfo>
                </ns2:customer>
                <ns2:placer>
                    <mainInfo>
                        <fullName>МУНИЦИПАЛЬНОЕ АВТОНОМНОЕ ДОШКОЛЬНОЕ ОБРАЗОВАТЕЛЬНОЕ УЧРЕЖДЕНИЕ ДЕТСКИЙ САД № 10</fullName>
                        <shortName>МАДОУ № 10</shortName>
                        <iko>56620012416662001001</iko>
                        <inn>6620012416</inn>
                        <kpp>668101001</kpp>
                        <ogrn>1076620000313</ogrn>
                        <legalAddress>624300, ОБЛ СВЕРДЛОВСКАЯ, Г КУШВА, УЛ РАБОЧАЯ, дом 50 Г</legalAddress>
                        <postalAddress>624300, СВЕРДЛОВСКАЯ, КУШВА, РАБОЧАЯ, дом 50 Г</postalAddress>
                        <phone>7-34344-22183</phone>
                        <email>mdou.ds-10@yandex.ru</email>
                        <okato>65470000000</okato>
                        <okpo>50737728</okpo>
                    </mainInfo>
                </ns2:placer>
                <ns2:publicationDate>2017-03-30T07:50:31</ns2:publicationDate>
                <ns2:status>P</ns2:status>
                <ns2:version>2</ns2:version>
                <ns2:completed>false</ns2:completed>
                <ns2:modificationDescription>Техническая ошибка</ns2:modificationDescription>
                <ns2:attachments>
                    <totalDocumentsCount>4</totalDocumentsCount>
                    <document>
                        <guid>5ee954cc-90fa-4357-b565-729fb326321c</guid>
                        <createDateTime>2017-03-30T07:47:07</createDateTime>
                        <fileName>Счет-фактура 0011293-0457 от 28.02.2017.pdf</fileName>
                        <description>Счет-фактура 0011293-0457 от 28.02.2017</description>
                        <url>https://zakupki.gov.ru/223/contract/private/download/download.html?id=11715251</url>
                        <registrationNumber>56620012416170000080021</registrationNumber>
                    </document>
                    <document>
                        <guid>b6dd4a42-dbbe-476a-8a33-e5978e72f8f3</guid>
                        <createDateTime>2017-03-28T15:03:13</createDateTime>
                        <fileName>Платежное поручение 132 от 21.03.2017.pdf</fileName>
                        <description>Платежное поручение 132 от 21.03.2017</description>
                        <url>https://zakupki.gov.ru/223/contract/private/download/download.html?id=11715252</url>
                        <registrationNumber>56620012416170000080022</registrationNumber>
                    </document>
                    <document>
                        <guid>1494842d-b3f7-4f24-a412-ef7d030f7acc</guid>
                        <createDateTime>2017-03-30T07:47:21</createDateTime>
                        <fileName>Акт 2-2017 от 28.02.2017.pdf</fileName>
                        <description>Акт 2-2017 от 28.02.2017</description>
                        <url>https://zakupki.gov.ru/223/contract/private/download/download.html?id=11715253</url>
                        <registrationNumber>56620012416170000080023</registrationNumber>
                    </document>
                    <document>
                        <guid>1a2b63cc-164e-4c6b-8d4d-0f477150ad1d</guid>
                        <createDateTime>2017-03-30T07:50:03</createDateTime>
                        <fileName>IMG.pdf</fileName>
                        <description>Акт 2 от 28.02.2017</description>
                        <url>https://zakupki.gov.ru/223/contract/private/download/download.html?id=11715288</url>
                        <registrationNumber>56620012416170000080024</registrationNumber>
                    </document>
                </ns2:attachments>
                <ns2:hasPenalty>false</ns2:hasPenalty>
                <ns2:contractRegNumber>56620012416170000080000</ns2:contractRegNumber>
                <ns2:contractInfo>
                    <ns2:guid>07045805-b021-4549-bc60-cc7c050652e6</ns2:guid>
                    <ns2:name>38526</ns2:name>
                    <ns2:agencyName>МАДОУ № 10</ns2:agencyName>
                    <ns2:supplierName>ОТКРЫТОЕ АКЦИОНЕРНОЕ ОБЩЕСТВО "ЭНЕРГОСБЫТ ПЛЮС"</ns2:supplierName>
                    <ns2:lotInfo>Электрическая энергия</ns2:lotInfo>
                    <ns2:contractDate>2017-02-27</ns2:contractDate>
                </ns2:contractInfo>
                <ns2:positions>
                    <ns2:position>
                        <ns2:ordinal>1</ns2:ordinal>
                        <ns2:paymentDate>2017-03-21</ns2:paymentDate>
                        <ns2:price>20337.34</ns2:price>
                        <ns2:currency>
                            <code>RUB</code>
                            <digitalCode>643</digitalCode>
                            <name>Российский рубль</name>
                        </ns2:currency>
                        <ns2:rubPrice>20337.34</ns2:rubPrice>
                        <ns2:prepaid>false</ns2:prepaid>
                        <ns2:docs>
                            <ns2:doc>
                                <ns2:ordinal>1</ns2:ordinal>
                                <ns2:date>2017-02-28</ns2:date>
                                <ns2:code>19</ns2:code>
                                <ns2:name>счет-фактура</ns2:name>
                                <ns2:number>0011293/0457</ns2:number>
                                <ns2:contractPosition>
                                    <ns2:guid>18b49e5f-ad8f-4a05-838c-cb1aa2444bb7</ns2:guid>
                                    <ns2:name>Электроэнергия, произведенная электростанциями общего назначения</ns2:name>
                                    <ns2:okpd2>
                                        <code>35.11.10.110</code>
                                        <name>Электроэнергия, произведенная электростанциями общего назначения</name>
                                    </ns2:okpd2>
                                </ns2:contractPosition>
                                <ns2:okei>
                                    <code>245</code>
                                    <name>Киловатт-час</name>
                                </ns2:okei>
                                <ns2:qty>9264</ns2:qty>
                            </ns2:doc>
                        </ns2:docs>
                    </ns2:position>
                    <ns2:total>20337.34</ns2:total>
                </ns2:positions>
            </ns2:performanceContractData>
        </ns2:item>
    </ns2:body>
</ns2:performanceContract>
