<?xml version="1.0" encoding="UTF-8" standalone="yes"?>
<ns2:performanceContract xsi:schemaLocation="http://zakupki.gov.ru/223/integration/schema/TFF-5.2 http://zakupki.gov.ru/223/integration/schema/TFF-5.2/Types.xsd" xmlns="http://zakupki.gov.ru/223fz/types/1" xmlns:ns10="http://zakupki.gov.ru/223fz/disagreementProtocol/1" xmlns:ns11="http://zakupki.gov.ru/223fz/purchase/1" xmlns:ns12="http://zakupki.gov.ru/223fz/machineryListInfo/1" xmlns:ns13="http://zakupki.gov.ru/223fz/revenue/1" xmlns:ns14="http://zakupki.gov.ru/223fz/orderClauseList/1" xmlns:ns15="http://zakupki.gov.ru/223fz/complaint/1" xmlns:ns16="http://zakupki.gov.ru/223fz/missedNotice/1" xmlns:ns17="http://zakupki.gov.ru/223fz/notificationIssue/1" xmlns:ns18="http://zakupki.gov.ru/223fz/purchasePlanProject/1" xmlns:ns19="http://zakupki.gov.ru/223fz/webRequest/1" xmlns:ns2="http://zakupki.gov.ru/223fz/contract/1" xmlns:xsi="http://www.w3.org/2001/XMLSchema-instance" xmlns:ns3="http://zakupki.gov.ru/223fz/dishonestSupplier/1" xmlns:ns4="http://zakupki.gov.ru/223fz/decisionSuspension/1" xmlns:ns5="http://zakupki.gov.ru/223fz/purchasePlanAdditionalPosition/1" xmlns:ns6="http://zakupki.gov.ru/223fz/purchasePlan/1" xmlns:ns7="http://zakupki.gov.ru/223fz/purchasePlanProjectAdditionalPosition/1" xmlns:ns8="http://zakupki.gov.ru/223fz/reference/1" xmlns:ns9="http://zakupki.gov.ru/223fz/stopCommodity/1">
    <header>
        <guid>4092c329-a534-41bb-a007-d2d7a4d087ed</guid>
        <createDateTime>2017-03-30T09:18:47</createDateTime>
    </header>
    <ns2:body>
        <ns2:item>
            <guid>95756509-2395-4b75-a31b-4f2f8d6d843a</guid>
            <ns2:performanceContractData>
                <ns2:guid>c1f4431a-a7dd-4440-9081-574858c28877</ns2:guid>
                <ns2:registrationNumber>86603010218170000010005</ns2:registrationNumber>
                <ns2:urlOOS>https://zakupki.gov.ru/223/contract/private/completing/info/view.html?id=2663307</ns2:urlOOS>
                <ns2:createDateTime>2017-01-17T10:31:34</ns2:createDateTime>
                <ns2:customer>
                    <mainInfo>
                        <fullName>МУНИЦИПАЛЬНОЕ АВТОНОМНОЕ УЧРЕЖДЕНИЕ ДОПОЛНИТЕЛЬНОГО ОБРАЗОВАНИЯ "РЕФТИНСКАЯ ДЕТСКАЯ ШКОЛА ИСКУССТВ"</fullName>
                        <shortName>МАУДО "РЕФТИНСКАЯ ДШИ"</shortName>
                        <iko>86603010218660301001</iko>
                        <inn>6603010218</inn>
                        <kpp>668301001</kpp>
                        <ogrn>1026600630352</ogrn>
                        <legalAddress>624285, ОБЛ СВЕРДЛОВСКАЯ, РП РЕФТИНСКИЙ, УЛ МОЛОДЕЖНАЯ, дом ДОМ 6</legalAddress>
                        <postalAddress>624285, дом 6</postalAddress>
                        <phone>7-343-6530660</phone>
                        <fax>7-343-6530660</fax>
                        <email>dsi_reft@mail.ru</email>
                        <okato>65409567000</okato>
                        <okpo>46668915</okpo>
                    </mainInfo>
                </ns2:customer>
                <ns2:placer>
                    <mainInfo>
                        <fullName>МУНИЦИПАЛЬНОЕ АВТОНОМНОЕ УЧРЕЖДЕНИЕ ДОПОЛНИТЕЛЬНОГО ОБРАЗОВАНИЯ "РЕФТИНСКАЯ ДЕТСКАЯ ШКОЛА ИСКУССТВ"</fullName>
                        <shortName>МАУДО "РЕФТИНСКАЯ ДШИ"</shortName>
                        <iko>86603010218660301001</iko>
                        <inn>6603010218</inn>
                        <kpp>668301001</kpp>
                        <ogrn>1026600630352</ogrn>
                        <legalAddress>624285, ОБЛ СВЕРДЛОВСКАЯ, РП РЕФТИНСКИЙ, УЛ МОЛОДЕЖНАЯ, дом ДОМ 6</legalAddress>
                        <postalAddress>624285, дом 6</postalAddress>
                        <phone>7-343-6530660</phone>
                        <fax>7-343-6530660</fax>
                        <email>dsi_reft@mail.ru</email>
                        <okato>65409567000</okato>
                        <okpo>46668915</okpo>
                    </mainInfo>
                </ns2:placer>
                <ns2:publicationDate>2017-03-30T09:18:47</ns2:publicationDate>
                <ns2:status>P</ns2:status>
                <ns2:version>1</ns2:version>
                <ns2:completed>false</ns2:completed>
                <ns2:attachments>
                    <totalDocumentsCount>1</totalDocumentsCount>
                    <document>
                        <guid>400f28aa-8e12-4d41-9b2f-d53486121cf4</guid>
                        <createDateTime>2017-03-30T09:17:57</createDateTime>
                        <fileName>Исполнение по эл. энергии_за февраль 2017.pdf</fileName>
                        <description>Исполнение по эл. энергии_за февраль 2017</description>
                        <url>https://zakupki.gov.ru/223/contract/private/download/download.html?id=11719541</url>
                        <registrationNumber>86603010218170000010006</registrationNumber>
                    </document>
                </ns2:attachments>
                <ns2:hasPenalty>false</ns2:hasPenalty>
                <ns2:contractRegNumber>86603010218170000010000</ns2:contractRegNumber>
                <ns2:contractInfo>
                    <ns2:guid>cf799a6c-485a-404b-bd17-52c4efed9abb</ns2:guid>
                    <ns2:name>197109</ns2:name>
                    <ns2:agencyName>МАУДО "РЕФТИНСКАЯ ДШИ"</ns2:agencyName>
                    <ns2:supplierName>ОТКРЫТОЕ АКЦИОНЕРНОЕ ОБЩЕСТВО "ЭНЕРГОСБЫТ ПЛЮС"</ns2:supplierName>
                    <ns2:lotInfo>Продажа электрической энергии (мощности)</ns2:lotInfo>
                    <ns2:contractDate>2017-01-17</ns2:contractDate>
                </ns2:contractInfo>
                <ns2:positions>
                    <ns2:position>
                        <ns2:ordinal>1</ns2:ordinal>
                        <ns2:paymentDate>2017-02-03</ns2:paymentDate>
                        <ns2:price>8472.57</ns2:price>
                        <ns2:currency>
                            <code>RUB</code>
                            <digitalCode>643</digitalCode>
                            <name>Российский рубль</name>
                        </ns2:currency>
                        <ns2:rubPrice>8472.57</ns2:rubPrice>
                        <ns2:prepaid>true</ns2:prepaid>
                    </ns2:position>
                    <ns2:position>
                        <ns2:ordinal>2</ns2:ordinal>
                        <ns2:paymentDate>2017-03-27</ns2:paymentDate>
                        <ns2:price>2868.23</ns2:price>
                        <ns2:currency>
                            <code>RUB</code>
                            <digitalCode>643</digitalCode>
                            <name>Российский рубль</name>
                        </ns2:currency>
                        <ns2:rubPrice>2868.23</ns2:rubPrice>
                        <ns2:prepaid>false</ns2:prepaid>
                        <ns2:docs>
                            <ns2:doc>
                                <ns2:ordinal>1</ns2:ordinal>
                                <ns2:date>2017-02-28</ns2:date>
                                <ns2:code>19</ns2:code>
                                <ns2:name>счет-фактура</ns2:name>
                                <ns2:number>0017424/0433</ns2:number>
                                <ns2:contractPosition>
                                    <ns2:guid>c092ced6-fff8-4b1b-9bc4-08b96d6a7cd1</ns2:guid>
                                    <ns2:name>Электроэнергия, произведенная электростанциями общего назначения</ns2:name>
                                    <ns2:okpd2>
                                        <code>35.11.10.110</code>
                                        <name>Электроэнергия, произведенная электростанциями общего назначения</name>
                                    </ns2:okpd2>
                                </ns2:contractPosition>
                                <ns2:okei>
                                    <code>245</code>
                                    <name>Киловатт-час</name>
                                </ns2:okei>
                                <ns2:qty>1770</ns2:qty>
                            </ns2:doc>
                        </ns2:docs>
                    </ns2:position>
                    <ns2:total>11340.80</ns2:total>
                </ns2:positions>
            </ns2:performanceContractData>
        </ns2:item>
    </ns2:body>
</ns2:performanceContract>
