<?xml version="1.0" encoding="UTF-8" standalone="yes"?>
<ns2:performanceContract xsi:schemaLocation="http://zakupki.gov.ru/223/integration/schema/TFF-5.2 http://zakupki.gov.ru/223/integration/schema/TFF-5.2/Types.xsd" xmlns="http://zakupki.gov.ru/223fz/types/1" xmlns:ns10="http://zakupki.gov.ru/223fz/disagreementProtocol/1" xmlns:ns11="http://zakupki.gov.ru/223fz/purchase/1" xmlns:ns12="http://zakupki.gov.ru/223fz/machineryListInfo/1" xmlns:ns13="http://zakupki.gov.ru/223fz/revenue/1" xmlns:ns14="http://zakupki.gov.ru/223fz/orderClauseList/1" xmlns:ns15="http://zakupki.gov.ru/223fz/complaint/1" xmlns:ns16="http://zakupki.gov.ru/223fz/missedNotice/1" xmlns:ns17="http://zakupki.gov.ru/223fz/notificationIssue/1" xmlns:ns18="http://zakupki.gov.ru/223fz/purchasePlanProject/1" xmlns:ns19="http://zakupki.gov.ru/223fz/webRequest/1" xmlns:ns2="http://zakupki.gov.ru/223fz/contract/1" xmlns:xsi="http://www.w3.org/2001/XMLSchema-instance" xmlns:ns3="http://zakupki.gov.ru/223fz/dishonestSupplier/1" xmlns:ns4="http://zakupki.gov.ru/223fz/decisionSuspension/1" xmlns:ns5="http://zakupki.gov.ru/223fz/purchasePlanAdditionalPosition/1" xmlns:ns6="http://zakupki.gov.ru/223fz/purchasePlan/1" xmlns:ns7="http://zakupki.gov.ru/223fz/purchasePlanProjectAdditionalPosition/1" xmlns:ns8="http://zakupki.gov.ru/223fz/reference/1" xmlns:ns9="http://zakupki.gov.ru/223fz/stopCommodity/1">
    <header>
        <guid>e7ab9bdf-f043-4ff5-a568-68844e800545</guid>
        <createDateTime>2017-03-30T08:50:53</createDateTime>
    </header>
    <ns2:body>
        <ns2:item>
            <guid>ae82604b-b05f-45d3-b195-2681218dc59c</guid>
            <ns2:performanceContractData>
                <ns2:guid>58dfca52-d8e3-4ae0-a28f-358c6915932a</ns2:guid>
                <ns2:registrationNumber>56659007680160000980008</ns2:registrationNumber>
                <ns2:urlOOS>https://zakupki.gov.ru/223/contract/private/completing/info/view.html?id=2663008</ns2:urlOOS>
                <ns2:createDateTime>2016-03-14T11:39:27</ns2:createDateTime>
                <ns2:customer>
                    <mainInfo>
                        <fullName>МУНИЦИПАЛЬНОЕ АВТОНОМНОЕ УЧРЕЖДЕНИЕ "ДЕТСКАЯ ГОРОДСКАЯ КЛИНИЧЕСКАЯ БОЛЬНИЦА № 9"</fullName>
                        <shortName>МАУ "ДГКБ № 9"</shortName>
                        <iko>56659007680665901001</iko>
                        <inn>6659007680</inn>
                        <kpp>667801001</kpp>
                        <ogrn>1026602971592</ogrn>
                        <legalAddress>620050, ОБЛ СВЕРДЛОВСКАЯ, Г ЕКАТЕРИНБУРГ, УЛ РЕШЕТСКАЯ, дом 51</legalAddress>
                        <postalAddress>620134, Свердловская, Екатеринбург, Решетская, дом 51</postalAddress>
                        <phone>7-343-3230600</phone>
                        <fax>7-343-3230589</fax>
                        <email>dmb9@mail.ru</email>
                        <okato>65401000000</okato>
                        <okpo>25042293</okpo>
                    </mainInfo>
                </ns2:customer>
                <ns2:placer>
                    <mainInfo>
                        <fullName>МУНИЦИПАЛЬНОЕ АВТОНОМНОЕ УЧРЕЖДЕНИЕ "ДЕТСКАЯ ГОРОДСКАЯ КЛИНИЧЕСКАЯ БОЛЬНИЦА № 9"</fullName>
                        <shortName>МАУ "ДГКБ № 9"</shortName>
                        <iko>56659007680665901001</iko>
                        <inn>6659007680</inn>
                        <kpp>667801001</kpp>
                        <ogrn>1026602971592</ogrn>
                        <legalAddress>620050, ОБЛ СВЕРДЛОВСКАЯ, Г ЕКАТЕРИНБУРГ, УЛ РЕШЕТСКАЯ, дом 51</legalAddress>
                        <postalAddress>620134, Свердловская, Екатеринбург, Решетская, дом 51</postalAddress>
                        <phone>7-343-3230600</phone>
                        <fax>7-343-3230589</fax>
                        <email>dmb9@mail.ru</email>
                        <okato>65401000000</okato>
                        <okpo>25042293</okpo>
                    </mainInfo>
                </ns2:placer>
                <ns2:publicationDate>2017-03-30T08:50:53</ns2:publicationDate>
                <ns2:status>P</ns2:status>
                <ns2:version>1</ns2:version>
                <ns2:completed>true</ns2:completed>
                <ns2:attachments>
                    <totalDocumentsCount>1</totalDocumentsCount>
                    <document>
                        <guid>1c06fbb5-cb1f-4ede-b37c-9b55320d39a0</guid>
                        <createDateTime>2017-03-30T08:50:27</createDateTime>
                        <fileName>акт пп СКБ Контур.pdf</fileName>
                        <description>акт пп СКБ Контур</description>
                        <url>https://zakupki.gov.ru/223/contract/private/download/download.html?id=11717655</url>
                        <registrationNumber>56659007680160000980009</registrationNumber>
                    </document>
                </ns2:attachments>
                <ns2:hasPenalty>false</ns2:hasPenalty>
                <ns2:contractRegNumber>56659007680160000980000</ns2:contractRegNumber>
                <ns2:contractInfo>
                    <ns2:guid>78855542-6b95-4119-b82c-f4de9a41a112</ns2:guid>
                    <ns2:name>к16020162/148</ns2:name>
                    <ns2:agencyName>МАУ "ДГКБ № 9"</ns2:agencyName>
                    <ns2:supplierName>ЗАКРЫТОЕ АКЦИОНЕРНОЕ ОБЩЕСТВО "ПРОИЗВОДСТВЕННАЯ ФИРМА "СКБ КОНТУР"</ns2:supplierName>
                    <ns2:lotInfo>Программа для ЭВМ "Контур - Персонал Медицина" и оказание дополнительных услуг по их внедрению  и сопровождению</ns2:lotInfo>
                    <ns2:contractDate>2016-03-11</ns2:contractDate>
                </ns2:contractInfo>
                <ns2:positions>
                    <ns2:position>
                        <ns2:ordinal>1</ns2:ordinal>
                        <ns2:paymentDate>2017-03-27</ns2:paymentDate>
                        <ns2:price>92995</ns2:price>
                        <ns2:currency>
                            <code>RUB</code>
                            <digitalCode>643</digitalCode>
                            <name>Российский рубль</name>
                        </ns2:currency>
                        <ns2:rubPrice>92995</ns2:rubPrice>
                        <ns2:prepaid>false</ns2:prepaid>
                        <ns2:docs>
                            <ns2:doc>
                                <ns2:ordinal>1</ns2:ordinal>
                                <ns2:date>2017-01-16</ns2:date>
                                <ns2:code>12</ns2:code>
                                <ns2:name>акт о приемке выполненных работ</ns2:name>
                                <ns2:contractPosition>
                                    <ns2:guid>3cabb740-cd54-014e-e053-ac11070d70ec</ns2:guid>
                                    <ns2:okpd2>
                                        <code>58.29.12</code>
                                        <name>Обеспечение программное сетевое на электронном носителе</name>
                                    </ns2:okpd2>
                                </ns2:contractPosition>
                                <ns2:okei>
                                    <code>876</code>
                                    <name>Условная единица</name>
                                </ns2:okei>
                                <ns2:qty>49</ns2:qty>
                            </ns2:doc>
                        </ns2:docs>
                    </ns2:position>
                    <ns2:total>92995</ns2:total>
                </ns2:positions>
            </ns2:performanceContractData>
        </ns2:item>
    </ns2:body>
</ns2:performanceContract>
