<?xml version="1.0" encoding="UTF-8" standalone="yes"?>
<ns2:performanceContract xsi:schemaLocation="http://zakupki.gov.ru/223/integration/schema/TFF-5.2 http://zakupki.gov.ru/223/integration/schema/TFF-5.2/Types.xsd" xmlns="http://zakupki.gov.ru/223fz/types/1" xmlns:ns10="http://zakupki.gov.ru/223fz/disagreementProtocol/1" xmlns:ns11="http://zakupki.gov.ru/223fz/purchase/1" xmlns:ns12="http://zakupki.gov.ru/223fz/machineryListInfo/1" xmlns:ns13="http://zakupki.gov.ru/223fz/revenue/1" xmlns:ns14="http://zakupki.gov.ru/223fz/orderClauseList/1" xmlns:ns15="http://zakupki.gov.ru/223fz/complaint/1" xmlns:ns16="http://zakupki.gov.ru/223fz/missedNotice/1" xmlns:ns17="http://zakupki.gov.ru/223fz/notificationIssue/1" xmlns:ns18="http://zakupki.gov.ru/223fz/purchasePlanProject/1" xmlns:ns19="http://zakupki.gov.ru/223fz/webRequest/1" xmlns:ns2="http://zakupki.gov.ru/223fz/contract/1" xmlns:xsi="http://www.w3.org/2001/XMLSchema-instance" xmlns:ns3="http://zakupki.gov.ru/223fz/dishonestSupplier/1" xmlns:ns4="http://zakupki.gov.ru/223fz/decisionSuspension/1" xmlns:ns5="http://zakupki.gov.ru/223fz/purchasePlanAdditionalPosition/1" xmlns:ns6="http://zakupki.gov.ru/223fz/purchasePlan/1" xmlns:ns7="http://zakupki.gov.ru/223fz/purchasePlanProjectAdditionalPosition/1" xmlns:ns8="http://zakupki.gov.ru/223fz/reference/1" xmlns:ns9="http://zakupki.gov.ru/223fz/stopCommodity/1">
    <header>
        <guid>f8763860-3005-4a36-9344-882159caf592</guid>
        <createDateTime>2017-03-30T09:22:35</createDateTime>
    </header>
    <ns2:body>
        <ns2:item>
            <guid>c3589e86-05cc-45f2-ae44-ed51daac4202</guid>
            <ns2:performanceContractData>
                <ns2:guid>37197807-f643-4333-a8ba-0323942b4187</ns2:guid>
                <ns2:registrationNumber>86670081969160004850003</ns2:registrationNumber>
                <ns2:urlOOS>https://zakupki.gov.ru/223/contract/private/completing/info/view.html?id=2663302</ns2:urlOOS>
                <ns2:createDateTime>2016-12-02T09:57:00</ns2:createDateTime>
                <ns2:customer>
                    <mainInfo>
                        <fullName>Федеральное бюджетное учреждение здравоохранения "Центр гигиены и эпидемиологии в Свердловской области"</fullName>
                        <shortName>ФБУЗ "Центр гигиены и эпидемиологии в Свердловской области"</shortName>
                        <iko>86670081969667001001</iko>
                        <inn>6670081969</inn>
                        <kpp>667001001</kpp>
                        <ogrn>1056603530510</ogrn>
                        <legalAddress>620078, Свердловская, Екатеринбург, Отдельный, дом 3</legalAddress>
                        <postalAddress>620078, г. Екатеринбург, пер. Отдельный, 3</postalAddress>
                        <phone>7-343-2701594</phone>
                        <fax>7-343-3628716</fax>
                        <email>mail@66.rospotrebnadzor.ru</email>
                        <okato>65401373000</okato>
                        <okpo>01944619</okpo>
                    </mainInfo>
                </ns2:customer>
                <ns2:placer>
                    <mainInfo>
                        <fullName>Федеральное бюджетное учреждение здравоохранения "Центр гигиены и эпидемиологии в Свердловской области"</fullName>
                        <shortName>ФБУЗ "Центр гигиены и эпидемиологии в Свердловской области"</shortName>
                        <iko>86670081969667001001</iko>
                        <inn>6670081969</inn>
                        <kpp>667001001</kpp>
                        <ogrn>1056603530510</ogrn>
                        <legalAddress>620078, Свердловская, Екатеринбург, Отдельный, дом 3</legalAddress>
                        <postalAddress>620078, г. Екатеринбург, пер. Отдельный, 3</postalAddress>
                        <phone>7-343-2701594</phone>
                        <fax>7-343-3628716</fax>
                        <email>mail@66.rospotrebnadzor.ru</email>
                        <okato>65401373000</okato>
                        <okpo>01944619</okpo>
                    </mainInfo>
                </ns2:placer>
                <ns2:publicationDate>2017-03-30T09:22:35</ns2:publicationDate>
                <ns2:status>P</ns2:status>
                <ns2:version>1</ns2:version>
                <ns2:completed>false</ns2:completed>
                <ns2:attachments>
                    <totalDocumentsCount>7</totalDocumentsCount>
                    <document>
                        <guid>d7493e0a-7c33-4c45-b6f2-21d42a7f9750</guid>
                        <createDateTime>2017-03-30T09:21:35</createDateTime>
                        <fileName>ДБУ 463 Мастер.doc</fileName>
                        <description>ДБУ 463 Мастер</description>
                        <url>https://zakupki.gov.ru/223/contract/private/download/download.html?id=11719841</url>
                        <registrationNumber>86670081969160004850004</registrationNumber>
                    </document>
                    <document>
                        <guid>3f29d06c-a999-48f4-8b89-713a6e8ac419</guid>
                        <createDateTime>2017-03-30T09:21:53</createDateTime>
                        <fileName>Платеж за январь Мастер 463.jpg</fileName>
                        <description>Платеж за январь Мастер 463</description>
                        <url>https://zakupki.gov.ru/223/contract/private/download/download.html?id=11719861</url>
                        <registrationNumber>86670081969160004850005</registrationNumber>
                    </document>
                    <document>
                        <guid>b5f85689-a444-442b-908b-e2ce32703250</guid>
                        <createDateTime>2017-03-30T09:21:20</createDateTime>
                        <fileName>Акт март Мастер 463.jpg</fileName>
                        <description>Акт март Мастер 463</description>
                        <url>https://zakupki.gov.ru/223/contract/private/download/download.html?id=11719813</url>
                        <registrationNumber>86670081969160004850006</registrationNumber>
                    </document>
                    <document>
                        <guid>fb7f1169-4232-4ba2-ab26-4082aa06ecc6</guid>
                        <createDateTime>2017-03-30T09:21:25</createDateTime>
                        <fileName>Акт февраль Мастер 463.jpg</fileName>
                        <description>Акт февраль Мастер 463</description>
                        <url>https://zakupki.gov.ru/223/contract/private/download/download.html?id=11719816</url>
                        <registrationNumber>86670081969160004850007</registrationNumber>
                    </document>
                    <document>
                        <guid>e3db3761-0e35-4292-ada5-d22ab7c8d774</guid>
                        <createDateTime>2017-03-30T09:21:39</createDateTime>
                        <fileName>Платеж за март Мастер 463.jpg</fileName>
                        <description>Платеж за март Мастер 463</description>
                        <url>https://zakupki.gov.ru/223/contract/private/download/download.html?id=11719849</url>
                        <registrationNumber>86670081969160004850008</registrationNumber>
                    </document>
                    <document>
                        <guid>385c5b07-6c55-4bce-87c5-69a8236a586d</guid>
                        <createDateTime>2017-03-30T09:21:44</createDateTime>
                        <fileName>Платеж за февраль Мастер 463.jpg</fileName>
                        <description>Платеж за февраль Мастер 463</description>
                        <url>https://zakupki.gov.ru/223/contract/private/download/download.html?id=11719852</url>
                        <registrationNumber>86670081969160004850009</registrationNumber>
                    </document>
                    <document>
                        <guid>4264f6c0-0fcb-4be1-9450-8ed86078e92f</guid>
                        <createDateTime>2017-03-30T09:21:29</createDateTime>
                        <fileName>Акт январь Мастер 463.jpg</fileName>
                        <description>Акт январь Мастер 463</description>
                        <url>https://zakupki.gov.ru/223/contract/private/download/download.html?id=11719838</url>
                        <registrationNumber>86670081969160004850010</registrationNumber>
                    </document>
                </ns2:attachments>
                <ns2:hasPenalty>false</ns2:hasPenalty>
                <ns2:contractRegNumber>86670081969160004850000</ns2:contractRegNumber>
                <ns2:contractInfo>
                    <ns2:guid>3dba247a-2ade-47e3-b35e-62b464d3d390</ns2:guid>
                    <ns2:name>463</ns2:name>
                    <ns2:agencyName>ФБУЗ "Центр гигиены и эпидемиологии в Свердловской области"</ns2:agencyName>
                    <ns2:supplierName>Общество с ограниченной ответственностью "ПК МАСТЕР"</ns2:supplierName>
                    <ns2:lotInfo>оказание услуг по уборке помещений и территории филиала ФБУЗ «Центр гигиены и эпидемиологии в Свердловской области в г.Первоуральск, Шалинском, Н-Сергинском районах и г.Ревда»</ns2:lotInfo>
                    <ns2:contractDate>2016-11-29</ns2:contractDate>
                </ns2:contractInfo>
                <ns2:positions>
                    <ns2:position>
                        <ns2:ordinal>1</ns2:ordinal>
                        <ns2:paymentDate>2017-03-28</ns2:paymentDate>
                        <ns2:price>621040.2</ns2:price>
                        <ns2:currency>
                            <code>RUB</code>
                            <digitalCode>643</digitalCode>
                            <name>Российский рубль</name>
                        </ns2:currency>
                        <ns2:rubPrice>621040.2</ns2:rubPrice>
                        <ns2:prepaid>false</ns2:prepaid>
                        <ns2:docs>
                            <ns2:doc>
                                <ns2:ordinal>1</ns2:ordinal>
                                <ns2:date>2017-01-30</ns2:date>
                                <ns2:code>20</ns2:code>
                                <ns2:name>акт выполненных работ</ns2:name>
                                <ns2:number>17</ns2:number>
                                <ns2:contractPosition>
                                    <ns2:guid>5a43bff3-bbcd-4fbf-bab3-540aea005ec9</ns2:guid>
                                    <ns2:name>Услуги по уборке помещений и территории</ns2:name>
                                    <ns2:okpd2>
                                        <code>81.21.10.000</code>
                                        <name>Услуги по общей уборке зданий</name>
                                    </ns2:okpd2>
                                </ns2:contractPosition>
                                <ns2:okei>
                                    <code>876</code>
                                    <name>Условная единица</name>
                                </ns2:okei>
                                <ns2:qty>1</ns2:qty>
                            </ns2:doc>
                            <ns2:doc>
                                <ns2:ordinal>2</ns2:ordinal>
                                <ns2:date>2017-02-28</ns2:date>
                                <ns2:code>20</ns2:code>
                                <ns2:name>акт выполненных работ</ns2:name>
                                <ns2:number>46</ns2:number>
                                <ns2:contractPosition>
                                    <ns2:guid>5a43bff3-bbcd-4fbf-bab3-540aea005ec9</ns2:guid>
                                    <ns2:name>Услуги по уборке помещений и территории</ns2:name>
                                    <ns2:okpd2>
                                        <code>81.21.10.000</code>
                                        <name>Услуги по общей уборке зданий</name>
                                    </ns2:okpd2>
                                </ns2:contractPosition>
                                <ns2:okei>
                                    <code>876</code>
                                    <name>Условная единица</name>
                                </ns2:okei>
                                <ns2:qty>1</ns2:qty>
                            </ns2:doc>
                            <ns2:doc>
                                <ns2:ordinal>3</ns2:ordinal>
                                <ns2:date>2017-03-27</ns2:date>
                                <ns2:code>20</ns2:code>
                                <ns2:name>акт выполненных работ</ns2:name>
                                <ns2:number>76</ns2:number>
                                <ns2:contractPosition>
                                    <ns2:guid>5a43bff3-bbcd-4fbf-bab3-540aea005ec9</ns2:guid>
                                    <ns2:name>Услуги по уборке помещений и территории</ns2:name>
                                    <ns2:okpd2>
                                        <code>81.21.10.000</code>
                                        <name>Услуги по общей уборке зданий</name>
                                    </ns2:okpd2>
                                </ns2:contractPosition>
                                <ns2:okei>
                                    <code>876</code>
                                    <name>Условная единица</name>
                                </ns2:okei>
                                <ns2:qty>1</ns2:qty>
                            </ns2:doc>
                        </ns2:docs>
                    </ns2:position>
                    <ns2:total>621040.2</ns2:total>
                </ns2:positions>
            </ns2:performanceContractData>
        </ns2:item>
    </ns2:body>
</ns2:performanceContract>
