<?xml version="1.0" encoding="UTF-8" standalone="yes"?>
<ns2:performanceContract xsi:schemaLocation="http://zakupki.gov.ru/223/integration/schema/TFF-5.2 http://zakupki.gov.ru/223/integration/schema/TFF-5.2/Types.xsd" xmlns="http://zakupki.gov.ru/223fz/types/1" xmlns:ns10="http://zakupki.gov.ru/223fz/disagreementProtocol/1" xmlns:ns11="http://zakupki.gov.ru/223fz/purchase/1" xmlns:ns12="http://zakupki.gov.ru/223fz/machineryListInfo/1" xmlns:ns13="http://zakupki.gov.ru/223fz/revenue/1" xmlns:ns14="http://zakupki.gov.ru/223fz/orderClauseList/1" xmlns:ns15="http://zakupki.gov.ru/223fz/complaint/1" xmlns:ns16="http://zakupki.gov.ru/223fz/missedNotice/1" xmlns:ns17="http://zakupki.gov.ru/223fz/notificationIssue/1" xmlns:ns18="http://zakupki.gov.ru/223fz/purchasePlanProject/1" xmlns:ns19="http://zakupki.gov.ru/223fz/webRequest/1" xmlns:ns2="http://zakupki.gov.ru/223fz/contract/1" xmlns:xsi="http://www.w3.org/2001/XMLSchema-instance" xmlns:ns3="http://zakupki.gov.ru/223fz/dishonestSupplier/1" xmlns:ns4="http://zakupki.gov.ru/223fz/decisionSuspension/1" xmlns:ns5="http://zakupki.gov.ru/223fz/purchasePlanAdditionalPosition/1" xmlns:ns6="http://zakupki.gov.ru/223fz/purchasePlan/1" xmlns:ns7="http://zakupki.gov.ru/223fz/purchasePlanProjectAdditionalPosition/1" xmlns:ns8="http://zakupki.gov.ru/223fz/reference/1" xmlns:ns9="http://zakupki.gov.ru/223fz/stopCommodity/1">
    <header>
        <guid>d3d6f00d-9232-4d18-9b83-5a8ee817730b</guid>
        <createDateTime>2017-03-30T09:57:20</createDateTime>
    </header>
    <ns2:body>
        <ns2:item>
            <guid>e7227e5a-1cdc-4415-89c7-7c861106fc4d</guid>
            <ns2:performanceContractData>
                <ns2:guid>81d699d5-cf1b-4131-824a-fcacbba79137</ns2:guid>
                <ns2:registrationNumber>86670081969170000660005</ns2:registrationNumber>
                <ns2:urlOOS>https://zakupki.gov.ru/223/contract/private/completing/info/view.html?id=2663841</ns2:urlOOS>
                <ns2:createDateTime>2017-03-10T15:33:06</ns2:createDateTime>
                <ns2:customer>
                    <mainInfo>
                        <fullName>Федеральное бюджетное учреждение здравоохранения "Центр гигиены и эпидемиологии в Свердловской области"</fullName>
                        <shortName>ФБУЗ "Центр гигиены и эпидемиологии в Свердловской области"</shortName>
                        <iko>86670081969667001001</iko>
                        <inn>6670081969</inn>
                        <kpp>667001001</kpp>
                        <ogrn>1056603530510</ogrn>
                        <legalAddress>620078, Свердловская, Екатеринбург, Отдельный, дом 3</legalAddress>
                        <postalAddress>620078, г. Екатеринбург, пер. Отдельный, 3</postalAddress>
                        <phone>7-343-2701594</phone>
                        <fax>7-343-3628716</fax>
                        <email>mail@66.rospotrebnadzor.ru</email>
                        <okato>65401373000</okato>
                        <okpo>01944619</okpo>
                    </mainInfo>
                </ns2:customer>
                <ns2:placer>
                    <mainInfo>
                        <fullName>Федеральное бюджетное учреждение здравоохранения "Центр гигиены и эпидемиологии в Свердловской области"</fullName>
                        <shortName>ФБУЗ "Центр гигиены и эпидемиологии в Свердловской области"</shortName>
                        <iko>86670081969667001001</iko>
                        <inn>6670081969</inn>
                        <kpp>667001001</kpp>
                        <ogrn>1056603530510</ogrn>
                        <legalAddress>620078, Свердловская, Екатеринбург, Отдельный, дом 3</legalAddress>
                        <postalAddress>620078, г. Екатеринбург, пер. Отдельный, 3</postalAddress>
                        <phone>7-343-2701594</phone>
                        <fax>7-343-3628716</fax>
                        <email>mail@66.rospotrebnadzor.ru</email>
                        <okato>65401373000</okato>
                        <okpo>01944619</okpo>
                    </mainInfo>
                </ns2:placer>
                <ns2:publicationDate>2017-03-30T09:57:20</ns2:publicationDate>
                <ns2:status>P</ns2:status>
                <ns2:version>1</ns2:version>
                <ns2:completed>true</ns2:completed>
                <ns2:attachments>
                    <totalDocumentsCount>6</totalDocumentsCount>
                    <document>
                        <guid>028dee56-5849-4f3d-b7d2-4201c5f4c243</guid>
                        <createDateTime>2017-03-30T09:56:28</createDateTime>
                        <fileName>накл Дог.24 от 06.03.2017 пит.среды 1.pdf</fileName>
                        <description>накл Дог.24 от 06.03.2017 пит.среды 1</description>
                        <url>https://zakupki.gov.ru/223/contract/private/download/download.html?id=11721824</url>
                        <registrationNumber>86670081969170000660006</registrationNumber>
                    </document>
                    <document>
                        <guid>8be94e80-d8e4-4957-b63e-cf92ddeb9c69</guid>
                        <createDateTime>2017-03-30T09:56:46</createDateTime>
                        <fileName>п.п. Дог.24 от 06.03.2017 пит.среды1.pdf</fileName>
                        <description>п.п. Дог.24 от 06.03.2017 пит.среды1</description>
                        <url>https://zakupki.gov.ru/223/contract/private/download/download.html?id=11721841</url>
                        <registrationNumber>86670081969170000660007</registrationNumber>
                    </document>
                    <document>
                        <guid>20cf7ebc-4fec-4504-808c-82514f2f3836</guid>
                        <createDateTime>2017-03-30T09:56:36</createDateTime>
                        <fileName>накл Дог.24 от 06.03.2017 пит.среды2.pdf</fileName>
                        <description>накл Дог.24 от 06.03.2017 пит.среды2</description>
                        <url>https://zakupki.gov.ru/223/contract/private/download/download.html?id=11721829</url>
                        <registrationNumber>86670081969170000660008</registrationNumber>
                    </document>
                    <document>
                        <guid>2c0e0f11-bf31-46ec-a139-66a6f6f5b536</guid>
                        <createDateTime>2017-03-30T09:56:51</createDateTime>
                        <fileName>п.п. Дог.24 от 06.03.2017 пит.среды2.pdf</fileName>
                        <description>п.п. Дог.24 от 06.03.2017 пит.среды2</description>
                        <url>https://zakupki.gov.ru/223/contract/private/download/download.html?id=11721846</url>
                        <registrationNumber>86670081969170000660009</registrationNumber>
                    </document>
                    <document>
                        <guid>00c8b885-1474-4623-97f3-18579f5c4da9</guid>
                        <createDateTime>2017-03-30T09:56:55</createDateTime>
                        <fileName>п.п. Дог.24 от 06.03.2017 пит.среды3.pdf</fileName>
                        <description>п.п. Дог.24 от 06.03.2017 пит.среды3</description>
                        <url>https://zakupki.gov.ru/223/contract/private/download/download.html?id=11721851</url>
                        <registrationNumber>86670081969170000660010</registrationNumber>
                    </document>
                    <document>
                        <guid>567c5e57-d5af-4f7a-bd7a-69c5e73b33d6</guid>
                        <createDateTime>2017-03-30T09:56:41</createDateTime>
                        <fileName>накл Дог.24 от 06.03.2017 пит.среды3.pdf</fileName>
                        <description>накл Дог.24 от 06.03.2017 пит.среды3</description>
                        <url>https://zakupki.gov.ru/223/contract/private/download/download.html?id=11721835</url>
                        <registrationNumber>86670081969170000660011</registrationNumber>
                    </document>
                </ns2:attachments>
                <ns2:hasPenalty>false</ns2:hasPenalty>
                <ns2:contractRegNumber>86670081969170000660000</ns2:contractRegNumber>
                <ns2:contractInfo>
                    <ns2:guid>262e7bcb-cf50-4474-9c97-c319531fd916</ns2:guid>
                    <ns2:name>24</ns2:name>
                    <ns2:agencyName>ФБУЗ "Центр гигиены и эпидемиологии в Свердловской области"</ns2:agencyName>
                    <ns2:supplierName>ОБЩЕСТВО С ОГРАНИЧЕННОЙ ОТВЕТСТВЕННОСТЬЮ "АПОЦЕНТР"</ns2:supplierName>
                    <ns2:lotInfo>Поставка питательных сред в Филиал ФБУЗ «Центр гигиены и эпидемиологии в Свердловской области в Чкаловском районе города Екатеринбурга, городе Полевском и Сысертском районе»</ns2:lotInfo>
                    <ns2:contractDate>2017-03-06</ns2:contractDate>
                </ns2:contractInfo>
                <ns2:positions>
                    <ns2:position>
                        <ns2:ordinal>1</ns2:ordinal>
                        <ns2:paymentDate>2017-03-23</ns2:paymentDate>
                        <ns2:price>223662</ns2:price>
                        <ns2:currency>
                            <code>RUB</code>
                            <digitalCode>643</digitalCode>
                            <name>Российский рубль</name>
                        </ns2:currency>
                        <ns2:rubPrice>223662</ns2:rubPrice>
                        <ns2:prepaid>false</ns2:prepaid>
                        <ns2:docs>
                            <ns2:doc>
                                <ns2:ordinal>1</ns2:ordinal>
                                <ns2:date>2017-03-09</ns2:date>
                                <ns2:code>01</ns2:code>
                                <ns2:name>товарная накладная</ns2:name>
                                <ns2:number>33717</ns2:number>
                                <ns2:contractPosition>
                                    <ns2:guid>aacd1d2e-172e-45ce-b2f6-1332a24af9da</ns2:guid>
                                    <ns2:name>Поставка питательных сред </ns2:name>
                                    <ns2:okpd2>
                                        <code>20.59.52.190</code>
                                        <name>Реагенты сложные диагностические или лабораторные, не включенные в другие группировки</name>
                                    </ns2:okpd2>
                                </ns2:contractPosition>
                                <ns2:okei>
                                    <code>876</code>
                                    <name>Условная единица</name>
                                </ns2:okei>
                                <ns2:qty>1</ns2:qty>
                            </ns2:doc>
                            <ns2:doc>
                                <ns2:ordinal>2</ns2:ordinal>
                                <ns2:date>2017-03-14</ns2:date>
                                <ns2:code>01</ns2:code>
                                <ns2:name>товарная накладная</ns2:name>
                                <ns2:number>34247</ns2:number>
                                <ns2:contractPosition>
                                    <ns2:guid>aacd1d2e-172e-45ce-b2f6-1332a24af9da</ns2:guid>
                                    <ns2:name>Поставка питательных сред </ns2:name>
                                    <ns2:okpd2>
                                        <code>20.59.52.190</code>
                                        <name>Реагенты сложные диагностические или лабораторные, не включенные в другие группировки</name>
                                    </ns2:okpd2>
                                </ns2:contractPosition>
                                <ns2:okei>
                                    <code>876</code>
                                    <name>Условная единица</name>
                                </ns2:okei>
                                <ns2:qty>1</ns2:qty>
                            </ns2:doc>
                            <ns2:doc>
                                <ns2:ordinal>3</ns2:ordinal>
                                <ns2:date>2017-03-23</ns2:date>
                                <ns2:code>01</ns2:code>
                                <ns2:name>товарная накладная</ns2:name>
                                <ns2:number>34363</ns2:number>
                                <ns2:contractPosition>
                                    <ns2:guid>aacd1d2e-172e-45ce-b2f6-1332a24af9da</ns2:guid>
                                    <ns2:name>Поставка питательных сред </ns2:name>
                                    <ns2:okpd2>
                                        <code>20.59.52.190</code>
                                        <name>Реагенты сложные диагностические или лабораторные, не включенные в другие группировки</name>
                                    </ns2:okpd2>
                                </ns2:contractPosition>
                                <ns2:okei>
                                    <code>876</code>
                                    <name>Условная единица</name>
                                </ns2:okei>
                                <ns2:qty>1</ns2:qty>
                            </ns2:doc>
                        </ns2:docs>
                    </ns2:position>
                    <ns2:total>223662</ns2:total>
                </ns2:positions>
            </ns2:performanceContractData>
        </ns2:item>
    </ns2:body>
</ns2:performanceContract>
