<?xml version="1.0" encoding="UTF-8" standalone="yes"?>
<ns2:performanceContract xsi:schemaLocation="http://zakupki.gov.ru/223/integration/schema/TFF-5.2 http://zakupki.gov.ru/223/integration/schema/TFF-5.2/Types.xsd" xmlns="http://zakupki.gov.ru/223fz/types/1" xmlns:ns10="http://zakupki.gov.ru/223fz/disagreementProtocol/1" xmlns:ns11="http://zakupki.gov.ru/223fz/purchase/1" xmlns:ns12="http://zakupki.gov.ru/223fz/machineryListInfo/1" xmlns:ns13="http://zakupki.gov.ru/223fz/revenue/1" xmlns:ns14="http://zakupki.gov.ru/223fz/orderClauseList/1" xmlns:ns15="http://zakupki.gov.ru/223fz/complaint/1" xmlns:ns16="http://zakupki.gov.ru/223fz/missedNotice/1" xmlns:ns17="http://zakupki.gov.ru/223fz/notificationIssue/1" xmlns:ns18="http://zakupki.gov.ru/223fz/purchasePlanProject/1" xmlns:ns19="http://zakupki.gov.ru/223fz/webRequest/1" xmlns:ns2="http://zakupki.gov.ru/223fz/contract/1" xmlns:xsi="http://www.w3.org/2001/XMLSchema-instance" xmlns:ns3="http://zakupki.gov.ru/223fz/dishonestSupplier/1" xmlns:ns4="http://zakupki.gov.ru/223fz/decisionSuspension/1" xmlns:ns5="http://zakupki.gov.ru/223fz/purchasePlanAdditionalPosition/1" xmlns:ns6="http://zakupki.gov.ru/223fz/purchasePlan/1" xmlns:ns7="http://zakupki.gov.ru/223fz/purchasePlanProjectAdditionalPosition/1" xmlns:ns8="http://zakupki.gov.ru/223fz/reference/1" xmlns:ns9="http://zakupki.gov.ru/223fz/stopCommodity/1">
    <header>
        <guid>c60d81f1-c7cf-43b6-9371-eb65e7e4b8be</guid>
        <createDateTime>2017-03-30T07:47:49</createDateTime>
    </header>
    <ns2:body>
        <ns2:item>
            <guid>260bf3bd-7ee4-461b-aac1-d18977f26482</guid>
            <ns2:performanceContractData>
                <ns2:guid>c943c550-5ac2-423f-88d6-1e5f6064dc26</ns2:guid>
                <ns2:registrationNumber>56671163413150027710007</ns2:registrationNumber>
                <ns2:urlOOS>https://zakupki.gov.ru/223/contract/private/completing/info/view.html?id=2662464</ns2:urlOOS>
                <ns2:createDateTime>2016-06-06T07:02:43</ns2:createDateTime>
                <ns2:customer>
                    <mainInfo>
                        <fullName>Открытое акционерное общество "Межрегиональная распределительная сетевая компания Урала"</fullName>
                        <shortName>ОАО "МРСК Урала"</shortName>
                        <iko>56671163413667201001</iko>
                        <inn>6671163413</inn>
                        <kpp>667201001</kpp>
                        <ogrn>1056604000970</ogrn>
                        <legalAddress>620026, Свердловская, Екатеринбург, Мамина-Сибиряка, дом 140</legalAddress>
                        <postalAddress>620026, Свердловская область, Екатеринбург, Мамина-Сибиряка, дом 140 </postalAddress>
                        <phone>7-343-2152600</phone>
                        <fax>7-343-2152661</fax>
                        <email>mrsk@mrsk-ural.ru</email>
                        <okato>65401000000</okato>
                        <okpo>76507836</okpo>
                    </mainInfo>
                </ns2:customer>
                <ns2:placer>
                    <mainInfo>
                        <fullName>Открытое акционерное общество "Межрегиональная распределительная сетевая компания Урала"</fullName>
                        <shortName>ОАО "МРСК Урала"</shortName>
                        <iko>56671163413667201001</iko>
                        <inn>6671163413</inn>
                        <kpp>667201001</kpp>
                        <ogrn>1056604000970</ogrn>
                        <legalAddress>620026, Свердловская, Екатеринбург, Мамина-Сибиряка, дом 140</legalAddress>
                        <postalAddress>620026, Свердловская область, Екатеринбург, Мамина-Сибиряка, дом 140 </postalAddress>
                        <phone>7-343-2152600</phone>
                        <fax>7-343-2152661</fax>
                        <email>mrsk@mrsk-ural.ru</email>
                        <okato>65401000000</okato>
                        <okpo>76507836</okpo>
                    </mainInfo>
                </ns2:placer>
                <ns2:publicationDate>2017-03-30T07:47:49</ns2:publicationDate>
                <ns2:status>P</ns2:status>
                <ns2:version>1</ns2:version>
                <ns2:completed>false</ns2:completed>
                <ns2:attachments>
                    <totalDocumentsCount>2</totalDocumentsCount>
                    <document>
                        <guid>80c475cc-d6c0-4222-88df-4917e7449a59</guid>
                        <createDateTime>2017-03-30T07:47:36</createDateTime>
                        <fileName>05-16 ЧГЭС 6000012251_3059 ИДЦ  2 акта на 60 723,64.pdf</fileName>
                        <description>05-16 ЧГЭС 6000012251_3059 ИДЦ  2 акта на 60 723,64</description>
                        <url>https://zakupki.gov.ru/223/contract/private/download/download.html?id=11715204</url>
                        <registrationNumber>56671163413150027710008</registrationNumber>
                    </document>
                    <document>
                        <guid>7d0f970b-1b94-460a-8618-c76a5ed6d57f</guid>
                        <createDateTime>2017-03-30T07:47:24</createDateTime>
                        <fileName>03-16 ЧГЭС 6000012251_3059 ИДЦ  2 акта на 39 209,82.pdf</fileName>
                        <description>03-16 ЧГЭС 6000012251_3059 ИДЦ  2 акта на 39 209,82</description>
                        <url>https://zakupki.gov.ru/223/contract/private/download/download.html?id=11715198</url>
                        <registrationNumber>56671163413150027710009</registrationNumber>
                    </document>
                </ns2:attachments>
                <ns2:hasPenalty>false</ns2:hasPenalty>
                <ns2:contractRegNumber>56671163413150027710000</ns2:contractRegNumber>
                <ns2:contractInfo>
                    <ns2:guid>e966f8c4-6f0a-4950-8068-dac833662585</ns2:guid>
                    <ns2:agencyName>ОАО "МРСК Урала"</ns2:agencyName>
                    <ns2:supplierName>ОТКРЫТОЕ АКЦИОНЕРНОЕ ОБЩЕСТВО "ИНЖЕНЕРНО-ДИАГНОСТИЧЕСКИЙ ЦЕНТР"</ns2:supplierName>
                    <ns2:lotInfo>право заключения договора на выполнение проектных и изыскательских работ по объекту: «КЛ-0,4кВ от ТП-2370 до объекта, расположенного по адресу: г. Челябинск, ул. 250 лет Челябинску, реконструкция пункта учета электроэнергии Центрального РЭС (инв. № 229339) ПО «ЧГЭС» в производственном отделении «Челябинские городские электрические сети» филиала ОАО «МРСК Урала» - «Челябэнерго»</ns2:lotInfo>
                    <ns2:contractDate>2015-12-31</ns2:contractDate>
                </ns2:contractInfo>
                <ns2:positions>
                    <ns2:position>
                        <ns2:ordinal>1</ns2:ordinal>
                        <ns2:paymentDate>2016-08-26</ns2:paymentDate>
                        <ns2:price>99933.46</ns2:price>
                        <ns2:currency>
                            <code>RUB</code>
                            <digitalCode>643</digitalCode>
                            <name>Российский рубль</name>
                        </ns2:currency>
                        <ns2:rubPrice>99933.46</ns2:rubPrice>
                        <ns2:prepaid>false</ns2:prepaid>
                        <ns2:docs>
                            <ns2:doc>
                                <ns2:ordinal>1</ns2:ordinal>
                                <ns2:date>2016-05-25</ns2:date>
                                <ns2:code>12</ns2:code>
                                <ns2:name>акт о приемке выполненных работ</ns2:name>
                                <ns2:number>50-3059/16,50-3059/17,50-3059/32,50-3059/33</ns2:number>
                                <ns2:contractPosition>
                                    <ns2:guid>3cabb755-0cd6-014e-e053-ac11070d70ec</ns2:guid>
                                    <ns2:okdp>
                                        <code>4560531</code>
                                        <name>Проектно - изыскательские работы (в том числе для строительства будущих лет)</name>
                                    </ns2:okdp>
                                </ns2:contractPosition>
                                <ns2:okei>
                                    <code>642</code>
                                    <name>Единица</name>
                                </ns2:okei>
                                <ns2:qty>1</ns2:qty>
                            </ns2:doc>
                        </ns2:docs>
                    </ns2:position>
                    <ns2:total>99933.46</ns2:total>
                </ns2:positions>
            </ns2:performanceContractData>
        </ns2:item>
    </ns2:body>
</ns2:performanceContract>
