<?xml version="1.0" encoding="UTF-8" standalone="yes"?>
<ns2:performanceContract xsi:schemaLocation="http://zakupki.gov.ru/223/integration/schema/TFF-5.2 http://zakupki.gov.ru/223/integration/schema/TFF-5.2/Types.xsd" xmlns="http://zakupki.gov.ru/223fz/types/1" xmlns:ns10="http://zakupki.gov.ru/223fz/disagreementProtocol/1" xmlns:ns11="http://zakupki.gov.ru/223fz/purchase/1" xmlns:ns12="http://zakupki.gov.ru/223fz/machineryListInfo/1" xmlns:ns13="http://zakupki.gov.ru/223fz/revenue/1" xmlns:ns14="http://zakupki.gov.ru/223fz/orderClauseList/1" xmlns:ns15="http://zakupki.gov.ru/223fz/complaint/1" xmlns:ns16="http://zakupki.gov.ru/223fz/missedNotice/1" xmlns:ns17="http://zakupki.gov.ru/223fz/notificationIssue/1" xmlns:ns18="http://zakupki.gov.ru/223fz/purchasePlanProject/1" xmlns:ns19="http://zakupki.gov.ru/223fz/webRequest/1" xmlns:ns2="http://zakupki.gov.ru/223fz/contract/1" xmlns:xsi="http://www.w3.org/2001/XMLSchema-instance" xmlns:ns3="http://zakupki.gov.ru/223fz/dishonestSupplier/1" xmlns:ns4="http://zakupki.gov.ru/223fz/decisionSuspension/1" xmlns:ns5="http://zakupki.gov.ru/223fz/purchasePlanAdditionalPosition/1" xmlns:ns6="http://zakupki.gov.ru/223fz/purchasePlan/1" xmlns:ns7="http://zakupki.gov.ru/223fz/purchasePlanProjectAdditionalPosition/1" xmlns:ns8="http://zakupki.gov.ru/223fz/reference/1" xmlns:ns9="http://zakupki.gov.ru/223fz/stopCommodity/1">
    <header>
        <guid>55d4c34d-df32-4cf8-97c3-af8c44dad502</guid>
        <createDateTime>2017-03-30T09:22:24</createDateTime>
    </header>
    <ns2:body>
        <ns2:item>
            <guid>7353ac0b-ec8e-4fc5-aab3-dae49f417160</guid>
            <ns2:performanceContractData>
                <ns2:guid>2df4044e-6c17-4477-be4b-1d63b076b9fb</ns2:guid>
                <ns2:registrationNumber>56671163413170000740003</ns2:registrationNumber>
                <ns2:urlOOS>https://zakupki.gov.ru/223/contract/private/completing/info/view.html?id=2663384</ns2:urlOOS>
                <ns2:createDateTime>2017-01-13T13:54:48</ns2:createDateTime>
                <ns2:customer>
                    <mainInfo>
                        <fullName>Открытое акционерное общество "Межрегиональная распределительная сетевая компания Урала"</fullName>
                        <shortName>ОАО "МРСК Урала"</shortName>
                        <iko>56671163413667201001</iko>
                        <inn>6671163413</inn>
                        <kpp>667201001</kpp>
                        <ogrn>1056604000970</ogrn>
                        <legalAddress>620026, Свердловская, Екатеринбург, Мамина-Сибиряка, дом 140</legalAddress>
                        <postalAddress>620026, Свердловская область, Екатеринбург, Мамина-Сибиряка, дом 140 </postalAddress>
                        <phone>7-343-2152600</phone>
                        <fax>7-343-2152661</fax>
                        <email>mrsk@mrsk-ural.ru</email>
                        <okato>65401000000</okato>
                        <okpo>76507836</okpo>
                    </mainInfo>
                </ns2:customer>
                <ns2:placer>
                    <mainInfo>
                        <fullName>Открытое акционерное общество "Межрегиональная распределительная сетевая компания Урала"</fullName>
                        <shortName>ОАО "МРСК Урала"</shortName>
                        <iko>56671163413667201001</iko>
                        <inn>6671163413</inn>
                        <kpp>667201001</kpp>
                        <ogrn>1056604000970</ogrn>
                        <legalAddress>620026, Свердловская, Екатеринбург, Мамина-Сибиряка, дом 140</legalAddress>
                        <postalAddress>620026, Свердловская область, Екатеринбург, Мамина-Сибиряка, дом 140 </postalAddress>
                        <phone>7-343-2152600</phone>
                        <fax>7-343-2152661</fax>
                        <email>mrsk@mrsk-ural.ru</email>
                        <okato>65401000000</okato>
                        <okpo>76507836</okpo>
                    </mainInfo>
                </ns2:placer>
                <ns2:publicationDate>2017-03-30T09:22:24</ns2:publicationDate>
                <ns2:status>P</ns2:status>
                <ns2:version>1</ns2:version>
                <ns2:completed>false</ns2:completed>
                <ns2:attachments>
                    <totalDocumentsCount>4</totalDocumentsCount>
                    <document>
                        <guid>8b393e46-d7c3-408e-971e-64d5ba37cbb4</guid>
                        <createDateTime>2017-03-30T09:21:37</createDateTime>
                        <fileName>МЭС_09.02.17_06.03.17_61214,00.pdf</fileName>
                        <description>МЭС_09.02.17_06.03.17_61214,00</description>
                        <url>https://zakupki.gov.ru/223/contract/private/download/download.html?id=11719846</url>
                        <registrationNumber>56671163413170000740004</registrationNumber>
                    </document>
                    <document>
                        <guid>7b4836a9-7b06-4eff-ac2f-f22735deb27c</guid>
                        <createDateTime>2017-03-30T09:21:54</createDateTime>
                        <fileName>ЧГЭС_09.02.17_22.03.17_85860,00.pdf</fileName>
                        <description>ЧГЭС_09.02.17_22.03.17_85860,00</description>
                        <url>https://zakupki.gov.ru/223/contract/private/download/download.html?id=11719863</url>
                        <registrationNumber>56671163413170000740005</registrationNumber>
                    </document>
                    <document>
                        <guid>9e5c5aad-5c56-4857-b90c-5268eb9cb271</guid>
                        <createDateTime>2017-03-30T09:21:46</createDateTime>
                        <fileName>ЦЭС 09.02.17_22.03.17_114480.00.pdf</fileName>
                        <description>ЦЭС 09.02.17_22.03.17_114480.00</description>
                        <url>https://zakupki.gov.ru/223/contract/private/download/download.html?id=11719853</url>
                        <registrationNumber>56671163413170000740006</registrationNumber>
                    </document>
                    <document>
                        <guid>55473469-056f-4327-8570-5c5f8ef7a544</guid>
                        <createDateTime>2017-03-30T09:21:28</createDateTime>
                        <fileName>ЗЭС_09.02.17_13.03.17_85860,00.pdf</fileName>
                        <description>ЗЭС_09.02.17_13.03.17_85860,00</description>
                        <url>https://zakupki.gov.ru/223/contract/private/download/download.html?id=11719837</url>
                        <registrationNumber>56671163413170000740007</registrationNumber>
                    </document>
                </ns2:attachments>
                <ns2:hasPenalty>false</ns2:hasPenalty>
                <ns2:contractRegNumber>56671163413170000740000</ns2:contractRegNumber>
                <ns2:contractInfo>
                    <ns2:guid>ac55f2a5-42ea-41b5-b2ec-cbcd4205af38</ns2:guid>
                    <ns2:agencyName>ОАО "МРСК Урала"</ns2:agencyName>
                    <ns2:supplierName>ОБЩЕСТВО С ОГРАНИЧЕННОЙ ОТВЕТСТВЕННОСТЬЮ "ЭНЕРГОПРОМАТОМСЕРВИС"</ns2:supplierName>
                    <ns2:lotInfo>право заключения договора на поставку приборов учета электроэнергии для установки в систему типа "НЗИФ" для обеспечения ремонтной программы филиала ОАО «МРСК Урала» - «Челябэнерго» в 2017 г.</ns2:lotInfo>
                    <ns2:contractDate>2017-01-10</ns2:contractDate>
                </ns2:contractInfo>
                <ns2:positions>
                    <ns2:position>
                        <ns2:ordinal>3</ns2:ordinal>
                        <ns2:paymentDate>2017-03-22</ns2:paymentDate>
                        <ns2:price>114480</ns2:price>
                        <ns2:currency>
                            <code>RUB</code>
                            <digitalCode>643</digitalCode>
                            <name>Российский рубль</name>
                        </ns2:currency>
                        <ns2:rubPrice>114480</ns2:rubPrice>
                        <ns2:prepaid>false</ns2:prepaid>
                        <ns2:docs>
                            <ns2:doc>
                                <ns2:ordinal>1</ns2:ordinal>
                                <ns2:code>01</ns2:code>
                                <ns2:name>товарная накладная</ns2:name>
                                <ns2:contractPosition>
                                    <ns2:guid>11794ef1-fadf-480e-9e02-b9c0b11c5b30</ns2:guid>
                                    <ns2:name>Счетчики производства или потребления электроэнергии</ns2:name>
                                    <ns2:okpd2>
                                        <code>26.51.63.130</code>
                                        <name>Счетчики производства или потребления электроэнергии</name>
                                    </ns2:okpd2>
                                </ns2:contractPosition>
                                <ns2:okei>
                                    <code>642</code>
                                    <name>Единица</name>
                                </ns2:okei>
                                <ns2:qty>1</ns2:qty>
                            </ns2:doc>
                        </ns2:docs>
                    </ns2:position>
                    <ns2:position>
                        <ns2:ordinal>4</ns2:ordinal>
                        <ns2:paymentDate>2017-03-22</ns2:paymentDate>
                        <ns2:price>85860</ns2:price>
                        <ns2:currency>
                            <code>RUB</code>
                            <digitalCode>643</digitalCode>
                            <name>Российский рубль</name>
                        </ns2:currency>
                        <ns2:rubPrice>85860</ns2:rubPrice>
                        <ns2:prepaid>false</ns2:prepaid>
                        <ns2:docs>
                            <ns2:doc>
                                <ns2:ordinal>1</ns2:ordinal>
                                <ns2:code>01</ns2:code>
                                <ns2:name>товарная накладная</ns2:name>
                                <ns2:contractPosition>
                                    <ns2:guid>11794ef1-fadf-480e-9e02-b9c0b11c5b30</ns2:guid>
                                    <ns2:name>Счетчики производства или потребления электроэнергии</ns2:name>
                                    <ns2:okpd2>
                                        <code>26.51.63.130</code>
                                        <name>Счетчики производства или потребления электроэнергии</name>
                                    </ns2:okpd2>
                                </ns2:contractPosition>
                                <ns2:okei>
                                    <code>642</code>
                                    <name>Единица</name>
                                </ns2:okei>
                                <ns2:qty>1</ns2:qty>
                            </ns2:doc>
                        </ns2:docs>
                    </ns2:position>
                    <ns2:position>
                        <ns2:ordinal>2</ns2:ordinal>
                        <ns2:paymentDate>2017-03-06</ns2:paymentDate>
                        <ns2:price>61214</ns2:price>
                        <ns2:currency>
                            <code>RUB</code>
                            <digitalCode>643</digitalCode>
                            <name>Российский рубль</name>
                        </ns2:currency>
                        <ns2:rubPrice>61214</ns2:rubPrice>
                        <ns2:prepaid>false</ns2:prepaid>
                        <ns2:docs>
                            <ns2:doc>
                                <ns2:ordinal>1</ns2:ordinal>
                                <ns2:code>01</ns2:code>
                                <ns2:name>товарная накладная</ns2:name>
                                <ns2:contractPosition>
                                    <ns2:guid>11794ef1-fadf-480e-9e02-b9c0b11c5b30</ns2:guid>
                                    <ns2:name>Счетчики производства или потребления электроэнергии</ns2:name>
                                    <ns2:okpd2>
                                        <code>26.51.63.130</code>
                                        <name>Счетчики производства или потребления электроэнергии</name>
                                    </ns2:okpd2>
                                </ns2:contractPosition>
                                <ns2:okei>
                                    <code>642</code>
                                    <name>Единица</name>
                                </ns2:okei>
                                <ns2:qty>1</ns2:qty>
                            </ns2:doc>
                        </ns2:docs>
                    </ns2:position>
                    <ns2:position>
                        <ns2:ordinal>1</ns2:ordinal>
                        <ns2:paymentDate>2017-03-13</ns2:paymentDate>
                        <ns2:price>85860</ns2:price>
                        <ns2:currency>
                            <code>RUB</code>
                            <digitalCode>643</digitalCode>
                            <name>Российский рубль</name>
                        </ns2:currency>
                        <ns2:rubPrice>85860</ns2:rubPrice>
                        <ns2:prepaid>false</ns2:prepaid>
                        <ns2:docs>
                            <ns2:doc>
                                <ns2:ordinal>1</ns2:ordinal>
                                <ns2:code>01</ns2:code>
                                <ns2:name>товарная накладная</ns2:name>
                                <ns2:contractPosition>
                                    <ns2:guid>11794ef1-fadf-480e-9e02-b9c0b11c5b30</ns2:guid>
                                    <ns2:name>Счетчики производства или потребления электроэнергии</ns2:name>
                                    <ns2:okpd2>
                                        <code>26.51.63.130</code>
                                        <name>Счетчики производства или потребления электроэнергии</name>
                                    </ns2:okpd2>
                                </ns2:contractPosition>
                                <ns2:okei>
                                    <code>642</code>
                                    <name>Единица</name>
                                </ns2:okei>
                                <ns2:qty>1</ns2:qty>
                            </ns2:doc>
                        </ns2:docs>
                    </ns2:position>
                    <ns2:total>347414</ns2:total>
                </ns2:positions>
            </ns2:performanceContractData>
        </ns2:item>
    </ns2:body>
</ns2:performanceContract>
