<?xml version="1.0" encoding="UTF-8" standalone="yes"?>
<ns2:contractCancellation xsi:schemaLocation="http://zakupki.gov.ru/223/integration/schema/TFF-5.2 http://zakupki.gov.ru/223/integration/schema/TFF-5.2/Types.xsd" xmlns="http://zakupki.gov.ru/223fz/types/1" xmlns:ns10="http://zakupki.gov.ru/223fz/disagreementProtocol/1" xmlns:ns11="http://zakupki.gov.ru/223fz/purchase/1" xmlns:ns12="http://zakupki.gov.ru/223fz/machineryListInfo/1" xmlns:ns13="http://zakupki.gov.ru/223fz/revenue/1" xmlns:ns14="http://zakupki.gov.ru/223fz/orderClauseList/1" xmlns:ns15="http://zakupki.gov.ru/223fz/complaint/1" xmlns:ns16="http://zakupki.gov.ru/223fz/missedNotice/1" xmlns:ns17="http://zakupki.gov.ru/223fz/notificationIssue/1" xmlns:ns18="http://zakupki.gov.ru/223fz/purchasePlanProject/1" xmlns:ns19="http://zakupki.gov.ru/223fz/webRequest/1" xmlns:ns2="http://zakupki.gov.ru/223fz/contract/1" xmlns:xsi="http://www.w3.org/2001/XMLSchema-instance" xmlns:ns3="http://zakupki.gov.ru/223fz/dishonestSupplier/1" xmlns:ns4="http://zakupki.gov.ru/223fz/decisionSuspension/1" xmlns:ns5="http://zakupki.gov.ru/223fz/purchasePlanAdditionalPosition/1" xmlns:ns6="http://zakupki.gov.ru/223fz/purchasePlan/1" xmlns:ns7="http://zakupki.gov.ru/223fz/purchasePlanProjectAdditionalPosition/1" xmlns:ns8="http://zakupki.gov.ru/223fz/reference/1" xmlns:ns9="http://zakupki.gov.ru/223fz/stopCommodity/1">
    <header>
        <guid>f3123db4-ce15-4ddf-bb0c-7e1049ab4002</guid>
        <createDateTime>2017-03-30T08:26:13</createDateTime>
    </header>
    <ns2:body>
        <ns2:item>
            <guid>2e73d30e-6524-4c89-a60c-263ec63abacb</guid>
            <ns2:contractCancellationData>
                <ns2:guid>f3354eee-8705-438d-971c-994c0aac9835</ns2:guid>
                <ns2:registrationNumber>86658411071160000040010</ns2:registrationNumber>
                <ns2:urlOOS>https://zakupki.gov.ru/223/contract/private/completing/info/view.html?id=2662811</ns2:urlOOS>
                <ns2:createDateTime>2017-03-30T08:25:57</ns2:createDateTime>
                <ns2:customer>
                    <mainInfo>
                        <fullName>Муниципальное бюджетное дошкольное образовательное учреждение - детский сад № 532</fullName>
                        <shortName>МБДОУ - детский сад № 532</shortName>
                        <iko>86658411071665801001</iko>
                        <inn>6658411071</inn>
                        <kpp>665801001</kpp>
                        <ogrn>1126658012040</ogrn>
                        <legalAddress>620131, Свердловская, Екатеринбург, Крауля, дом 82, корпус лит. Б</legalAddress>
                        <postalAddress>620131, Свердловская Область, Екатеринбург Город, Крауля Улица, дом 82, корпус б</postalAddress>
                        <phone>7-343-2426362</phone>
                        <fax>7-343-2426362</fax>
                        <email>dou532@ya.ru</email>
                        <okato>65401000000</okato>
                        <okpo>12306514</okpo>
                    </mainInfo>
                </ns2:customer>
                <ns2:placer>
                    <mainInfo>
                        <fullName>Муниципальное бюджетное дошкольное образовательное учреждение - детский сад № 532</fullName>
                        <shortName>МБДОУ - детский сад № 532</shortName>
                        <iko>86658411071665801001</iko>
                        <inn>6658411071</inn>
                        <kpp>665801001</kpp>
                        <ogrn>1126658012040</ogrn>
                        <legalAddress>620131, Свердловская, Екатеринбург, Крауля, дом 82, корпус лит. Б</legalAddress>
                        <postalAddress>620131, Свердловская Область, Екатеринбург Город, Крауля Улица, дом 82, корпус б</postalAddress>
                        <phone>7-343-2426362</phone>
                        <fax>7-343-2426362</fax>
                        <email>dou532@ya.ru</email>
                        <okato>65401000000</okato>
                        <okpo>12306514</okpo>
                    </mainInfo>
                </ns2:placer>
                <ns2:publicationDate>2017-03-30T08:26:13</ns2:publicationDate>
                <ns2:status>P</ns2:status>
                <ns2:version>1</ns2:version>
                <ns2:attachments>
                    <totalDocumentsCount>1</totalDocumentsCount>
                    <document>
                        <guid>e681275f-a2cf-4d07-80f8-393949818f79</guid>
                        <createDateTime>2017-03-30T08:25:54</createDateTime>
                        <fileName>растор мясо.pdf</fileName>
                        <description>растор мясо</description>
                        <url>https://zakupki.gov.ru/223/contract/private/download/download.html?id=11716381</url>
                        <registrationNumber>86658411071160000040011</registrationNumber>
                    </document>
                </ns2:attachments>
                <ns2:hasPenalty>false</ns2:hasPenalty>
                <ns2:contractRegNumber>86658411071160000040000</ns2:contractRegNumber>
                <ns2:contractInfo>
                    <ns2:guid>ad7a8f75-31dd-4c11-abbe-b6bfd4aba670</ns2:guid>
                    <ns2:agencyName>МБДОУ - детский сад № 532</ns2:agencyName>
                    <ns2:supplierName>ОБЩЕСТВО С ОГРАНИЧЕННОЙ ОТВЕТСТВЕННОСТЬЮ "РАЗНОСОЛ"</ns2:supplierName>
                    <ns2:lotInfo>Поставка мясной продукции на 3 квартал.</ns2:lotInfo>
                    <ns2:contractDate>2016-09-01</ns2:contractDate>
                </ns2:contractInfo>
                <ns2:baseContractCancellationCode>1</ns2:baseContractCancellationCode>
                <ns2:baseContractCancellationName>Соглашение сторон</ns2:baseContractCancellationName>
                <ns2:baseRejectionDocCode>11</ns2:baseRejectionDocCode>
                <ns2:baseRejectionDocName>Дополнительное соглашение к договору</ns2:baseRejectionDocName>
                <ns2:completionDate>2017-03-30T00:00:00</ns2:completionDate>
                <ns2:baseRejectionDocDate>2017-03-30</ns2:baseRejectionDocDate>
            </ns2:contractCancellationData>
        </ns2:item>
    </ns2:body>
</ns2:contractCancellation>
