<?xml version="1.0" encoding="UTF-8" standalone="yes"?>
<ns2:contractCancellation xsi:schemaLocation="http://zakupki.gov.ru/223/integration/schema/TFF-5.2 http://zakupki.gov.ru/223/integration/schema/TFF-5.2/Types.xsd" xmlns="http://zakupki.gov.ru/223fz/types/1" xmlns:ns10="http://zakupki.gov.ru/223fz/disagreementProtocol/1" xmlns:ns11="http://zakupki.gov.ru/223fz/purchase/1" xmlns:ns12="http://zakupki.gov.ru/223fz/machineryListInfo/1" xmlns:ns13="http://zakupki.gov.ru/223fz/revenue/1" xmlns:ns14="http://zakupki.gov.ru/223fz/orderClauseList/1" xmlns:ns15="http://zakupki.gov.ru/223fz/complaint/1" xmlns:ns16="http://zakupki.gov.ru/223fz/missedNotice/1" xmlns:ns17="http://zakupki.gov.ru/223fz/notificationIssue/1" xmlns:ns18="http://zakupki.gov.ru/223fz/purchasePlanProject/1" xmlns:ns19="http://zakupki.gov.ru/223fz/webRequest/1" xmlns:ns2="http://zakupki.gov.ru/223fz/contract/1" xmlns:xsi="http://www.w3.org/2001/XMLSchema-instance" xmlns:ns3="http://zakupki.gov.ru/223fz/dishonestSupplier/1" xmlns:ns4="http://zakupki.gov.ru/223fz/decisionSuspension/1" xmlns:ns5="http://zakupki.gov.ru/223fz/purchasePlanAdditionalPosition/1" xmlns:ns6="http://zakupki.gov.ru/223fz/purchasePlan/1" xmlns:ns7="http://zakupki.gov.ru/223fz/purchasePlanProjectAdditionalPosition/1" xmlns:ns8="http://zakupki.gov.ru/223fz/reference/1" xmlns:ns9="http://zakupki.gov.ru/223fz/stopCommodity/1">
    <header>
        <guid>0c506303-c1bd-4706-9d00-b0a23bcf1155</guid>
        <createDateTime>2017-03-30T11:00:42</createDateTime>
    </header>
    <ns2:body>
        <ns2:item>
            <guid>bca310da-172e-4de7-8cf6-f705006c9125</guid>
            <ns2:contractCancellationData>
                <ns2:guid>3208c514-dfcf-489a-b491-aa4229e09170</ns2:guid>
                <ns2:registrationNumber>56672152703160000070011</ns2:registrationNumber>
                <ns2:urlOOS>https://zakupki.gov.ru/223/contract/private/completing/info/view.html?id=2664815</ns2:urlOOS>
                <ns2:createDateTime>2017-03-30T11:00:26</ns2:createDateTime>
                <ns2:customer>
                    <mainInfo>
                        <fullName>ГОСУДАРСТВЕННОЕ АВТОНОМНОЕ УЧРЕЖДЕНИЕ ДОПОЛНИТЕЛЬНОГО ОБРАЗОВАНИЯ СВЕРДЛОВСКОЙ ОБЛАСТИ ДЕТСКО-ЮНОШЕСКАЯ СПОРТИВНАЯ ШКОЛА ПО ХОККЕЮ "СПАРТАКОВЕЦ"</fullName>
                        <shortName>ГАУ ДО СО ДЮСШ ПО ХОККЕЮ "СПАРТАКОВЕЦ"</shortName>
                        <iko>56672152703667201001</iko>
                        <inn>6672152703</inn>
                        <kpp>667201001</kpp>
                        <ogrn>1036604403109</ogrn>
                        <legalAddress>620075, обл СВЕРДЛОВСКАЯ, г ЕКАТЕРИНБУРГ, ул ЭНГЕЛЬСА, дом 31, корпус А</legalAddress>
                        <postalAddress>620000, Свердловская Область, Екатеринбург Город, Энгельса Улица, дом 31, корпус а</postalAddress>
                        <phone>7-343-2232202</phone>
                        <fax>7-343-2232202</fax>
                        <email>hk-spartakovez@mail.ru</email>
                        <okato>65401000000</okato>
                        <okpo>15051799</okpo>
                    </mainInfo>
                </ns2:customer>
                <ns2:placer>
                    <mainInfo>
                        <fullName>ГОСУДАРСТВЕННОЕ АВТОНОМНОЕ УЧРЕЖДЕНИЕ ДОПОЛНИТЕЛЬНОГО ОБРАЗОВАНИЯ СВЕРДЛОВСКОЙ ОБЛАСТИ ДЕТСКО-ЮНОШЕСКАЯ СПОРТИВНАЯ ШКОЛА ПО ХОККЕЮ "СПАРТАКОВЕЦ"</fullName>
                        <shortName>ГАУ ДО СО ДЮСШ ПО ХОККЕЮ "СПАРТАКОВЕЦ"</shortName>
                        <iko>56672152703667201001</iko>
                        <inn>6672152703</inn>
                        <kpp>667201001</kpp>
                        <ogrn>1036604403109</ogrn>
                        <legalAddress>620075, обл СВЕРДЛОВСКАЯ, г ЕКАТЕРИНБУРГ, ул ЭНГЕЛЬСА, дом 31, корпус А</legalAddress>
                        <postalAddress>620000, Свердловская Область, Екатеринбург Город, Энгельса Улица, дом 31, корпус а</postalAddress>
                        <phone>7-343-2232202</phone>
                        <fax>7-343-2232202</fax>
                        <email>hk-spartakovez@mail.ru</email>
                        <okato>65401000000</okato>
                        <okpo>15051799</okpo>
                    </mainInfo>
                </ns2:placer>
                <ns2:publicationDate>2017-03-30T11:00:42</ns2:publicationDate>
                <ns2:status>P</ns2:status>
                <ns2:version>1</ns2:version>
                <ns2:attachments>
                    <totalDocumentsCount>1</totalDocumentsCount>
                    <document>
                        <guid>56fd23f4-addd-4bac-a637-a3ac4dad8f0b</guid>
                        <createDateTime>2017-03-30T11:00:23</createDateTime>
                        <fileName>Соглашение о расторжении  ФРИГУС.pdf</fileName>
                        <description>Соглашение о расторжении  ФРИГУС</description>
                        <url>https://zakupki.gov.ru/223/contract/private/download/download.html?id=11726197</url>
                        <registrationNumber>56672152703160000070012</registrationNumber>
                    </document>
                </ns2:attachments>
                <ns2:hasPenalty>false</ns2:hasPenalty>
                <ns2:contractRegNumber>56672152703160000070000</ns2:contractRegNumber>
                <ns2:contractInfo>
                    <ns2:guid>417122f9-d389-44cc-af0f-1797fd873d7a</ns2:guid>
                    <ns2:name>Договор: На обслуживание холодильного оборудования в «Международном выставочном центре Екатеринбург-Экспо»</ns2:name>
                    <ns2:agencyName>ГАУ ДО СО ДЮСШ ПО ХОККЕЮ "СПАРТАКОВЕЦ"</ns2:agencyName>
                    <ns2:supplierName>ООО "Сервисный центр климатического оборудования Фригус"</ns2:supplierName>
                    <ns2:lotInfo>На обслуживание холодильного оборудования в «Международном выставочном центре Екатеринбург-Экспо»</ns2:lotInfo>
                    <ns2:contractDate>2016-02-09</ns2:contractDate>
                </ns2:contractInfo>
                <ns2:baseContractCancellationCode>1</ns2:baseContractCancellationCode>
                <ns2:baseContractCancellationName>Соглашение сторон</ns2:baseContractCancellationName>
                <ns2:baseRejectionDocCode>11</ns2:baseRejectionDocCode>
                <ns2:baseRejectionDocName>Дополнительное соглашение к договору</ns2:baseRejectionDocName>
                <ns2:completionDate>2016-05-31T00:00:00</ns2:completionDate>
                <ns2:baseRejectionDocDate>2016-05-31</ns2:baseRejectionDocDate>
            </ns2:contractCancellationData>
        </ns2:item>
    </ns2:body>
</ns2:contractCancellation>
