<?xml version="1.0" encoding="UTF-8" standalone="yes"?>
<ns2:performanceContract xsi:schemaLocation="http://zakupki.gov.ru/223/integration/schema/TFF-5.2 http://zakupki.gov.ru/223/integration/schema/TFF-5.2/Types.xsd" xmlns="http://zakupki.gov.ru/223fz/types/1" xmlns:ns10="http://zakupki.gov.ru/223fz/disagreementProtocol/1" xmlns:ns11="http://zakupki.gov.ru/223fz/purchase/1" xmlns:ns12="http://zakupki.gov.ru/223fz/machineryListInfo/1" xmlns:ns13="http://zakupki.gov.ru/223fz/revenue/1" xmlns:ns14="http://zakupki.gov.ru/223fz/orderClauseList/1" xmlns:ns15="http://zakupki.gov.ru/223fz/complaint/1" xmlns:ns16="http://zakupki.gov.ru/223fz/missedNotice/1" xmlns:ns17="http://zakupki.gov.ru/223fz/notificationIssue/1" xmlns:ns18="http://zakupki.gov.ru/223fz/purchasePlanProject/1" xmlns:ns19="http://zakupki.gov.ru/223fz/webRequest/1" xmlns:ns2="http://zakupki.gov.ru/223fz/contract/1" xmlns:xsi="http://www.w3.org/2001/XMLSchema-instance" xmlns:ns3="http://zakupki.gov.ru/223fz/dishonestSupplier/1" xmlns:ns4="http://zakupki.gov.ru/223fz/decisionSuspension/1" xmlns:ns5="http://zakupki.gov.ru/223fz/purchasePlanAdditionalPosition/1" xmlns:ns6="http://zakupki.gov.ru/223fz/purchasePlan/1" xmlns:ns7="http://zakupki.gov.ru/223fz/purchasePlanProjectAdditionalPosition/1" xmlns:ns8="http://zakupki.gov.ru/223fz/reference/1" xmlns:ns9="http://zakupki.gov.ru/223fz/stopCommodity/1">
    <header>
        <guid>a5a40561-15ef-4684-ae3b-254170d61b21</guid>
        <createDateTime>2017-03-30T09:46:11</createDateTime>
    </header>
    <ns2:body>
        <ns2:item>
            <guid>96ef0656-c198-461f-9f78-48f3875b9083</guid>
            <ns2:performanceContractData>
                <ns2:guid>c62bbbd2-bac3-49d0-b794-e4551173cc65</ns2:guid>
                <ns2:registrationNumber>86670081969170000150003</ns2:registrationNumber>
                <ns2:urlOOS>https://zakupki.gov.ru/223/contract/private/completing/info/view.html?id=2663671</ns2:urlOOS>
                <ns2:createDateTime>2017-01-12T13:56:55</ns2:createDateTime>
                <ns2:customer>
                    <mainInfo>
                        <fullName>Федеральное бюджетное учреждение здравоохранения "Центр гигиены и эпидемиологии в Свердловской области"</fullName>
                        <shortName>ФБУЗ "Центр гигиены и эпидемиологии в Свердловской области"</shortName>
                        <iko>86670081969667001001</iko>
                        <inn>6670081969</inn>
                        <kpp>667001001</kpp>
                        <ogrn>1056603530510</ogrn>
                        <legalAddress>620078, Свердловская, Екатеринбург, Отдельный, дом 3</legalAddress>
                        <postalAddress>620078, г. Екатеринбург, пер. Отдельный, 3</postalAddress>
                        <phone>7-343-2701594</phone>
                        <fax>7-343-3628716</fax>
                        <email>mail@66.rospotrebnadzor.ru</email>
                        <okato>65401373000</okato>
                        <okpo>01944619</okpo>
                    </mainInfo>
                </ns2:customer>
                <ns2:placer>
                    <mainInfo>
                        <fullName>Федеральное бюджетное учреждение здравоохранения "Центр гигиены и эпидемиологии в Свердловской области"</fullName>
                        <shortName>ФБУЗ "Центр гигиены и эпидемиологии в Свердловской области"</shortName>
                        <iko>86670081969667001001</iko>
                        <inn>6670081969</inn>
                        <kpp>667001001</kpp>
                        <ogrn>1056603530510</ogrn>
                        <legalAddress>620078, Свердловская, Екатеринбург, Отдельный, дом 3</legalAddress>
                        <postalAddress>620078, г. Екатеринбург, пер. Отдельный, 3</postalAddress>
                        <phone>7-343-2701594</phone>
                        <fax>7-343-3628716</fax>
                        <email>mail@66.rospotrebnadzor.ru</email>
                        <okato>65401373000</okato>
                        <okpo>01944619</okpo>
                    </mainInfo>
                </ns2:placer>
                <ns2:publicationDate>2017-03-30T09:46:11</ns2:publicationDate>
                <ns2:status>P</ns2:status>
                <ns2:version>1</ns2:version>
                <ns2:completed>false</ns2:completed>
                <ns2:attachments>
                    <totalDocumentsCount>7</totalDocumentsCount>
                    <document>
                        <guid>2cc93153-e6e1-464d-9d05-506830b199ac</guid>
                        <createDateTime>2017-03-30T09:45:04</createDateTime>
                        <fileName>Акт январь Мастер 529.jpg</fileName>
                        <description>Акт январь Мастер 529</description>
                        <url>https://zakupki.gov.ru/223/contract/private/download/download.html?id=11721121</url>
                        <registrationNumber>86670081969170000150004</registrationNumber>
                    </document>
                    <document>
                        <guid>9f266838-7bf3-4936-9f2b-9c1d598ce771</guid>
                        <createDateTime>2017-03-30T09:45:10</createDateTime>
                        <fileName>Платеж за март Мастер 529.jpg</fileName>
                        <description>Платеж за март Мастер 529</description>
                        <url>https://zakupki.gov.ru/223/contract/private/download/download.html?id=11721126</url>
                        <registrationNumber>86670081969170000150005</registrationNumber>
                    </document>
                    <document>
                        <guid>12308320-dde7-402b-b36e-95a17dc3b83b</guid>
                        <createDateTime>2017-03-30T09:44:19</createDateTime>
                        <fileName>Акт март Мастер 529.jpg</fileName>
                        <description>Акт март Мастер 529</description>
                        <url>https://zakupki.gov.ru/223/contract/private/download/download.html?id=11721079</url>
                        <registrationNumber>86670081969170000150006</registrationNumber>
                    </document>
                    <document>
                        <guid>f3f9dfa4-bf05-42d2-9d57-705f10f0bc10</guid>
                        <createDateTime>2017-03-30T09:45:14</createDateTime>
                        <fileName>Платеж февраль Мастер 529.jpg</fileName>
                        <description>Платеж февраль Мастер 529</description>
                        <url>https://zakupki.gov.ru/223/contract/private/download/download.html?id=11721132</url>
                        <registrationNumber>86670081969170000150007</registrationNumber>
                    </document>
                    <document>
                        <guid>00bfd99d-9144-498b-9241-5b19c63b55af</guid>
                        <createDateTime>2017-03-30T09:45:19</createDateTime>
                        <fileName>Платеж январь Мастер 529.jpg</fileName>
                        <description>Платеж январь Мастер 529</description>
                        <url>https://zakupki.gov.ru/223/contract/private/download/download.html?id=11721134</url>
                        <registrationNumber>86670081969170000150008</registrationNumber>
                    </document>
                    <document>
                        <guid>3a0ed48f-8cb6-4a31-9428-6298a21d4e00</guid>
                        <createDateTime>2017-03-30T09:44:23</createDateTime>
                        <fileName>Акт февраль Мастер 529.jpg</fileName>
                        <description>Акт февраль Мастер 529</description>
                        <url>https://zakupki.gov.ru/223/contract/private/download/download.html?id=11721087</url>
                        <registrationNumber>86670081969170000150009</registrationNumber>
                    </document>
                    <document>
                        <guid>ce6320c0-2ffd-4ca1-815f-a602ae26d082</guid>
                        <createDateTime>2017-03-30T09:45:29</createDateTime>
                        <fileName>ДБУ 529 Мастер.doc</fileName>
                        <description>ДБУ 529 Мастер</description>
                        <url>https://zakupki.gov.ru/223/contract/private/download/download.html?id=11721135</url>
                        <registrationNumber>86670081969170000150010</registrationNumber>
                    </document>
                </ns2:attachments>
                <ns2:hasPenalty>false</ns2:hasPenalty>
                <ns2:contractRegNumber>86670081969170000150000</ns2:contractRegNumber>
                <ns2:contractInfo>
                    <ns2:guid>ece33d1d-8559-4f4d-bf91-4fa5707e4cd5</ns2:guid>
                    <ns2:name>529</ns2:name>
                    <ns2:agencyName>ФБУЗ "Центр гигиены и эпидемиологии в Свердловской области"</ns2:agencyName>
                    <ns2:supplierName>Общество с ограниченной ответственностью "ПК МАСТЕР"</ns2:supplierName>
                    <ns2:lotInfo>оказание услуг по санитарно-гигиеническому обслуживанию помещений, посуды, оборудования, инвентаря для проведения исследований в филиале ФБУЗ «Центр гигиены и эпидемиологии  в Свердловской области в г.Первоуральск, Шалинском, Н-Сергинском районах и г.Ревда»</ns2:lotInfo>
                    <ns2:contractDate>2017-01-10</ns2:contractDate>
                </ns2:contractInfo>
                <ns2:positions>
                    <ns2:position>
                        <ns2:ordinal>1</ns2:ordinal>
                        <ns2:paymentDate>2017-03-28</ns2:paymentDate>
                        <ns2:price>298253.88</ns2:price>
                        <ns2:currency>
                            <code>RUB</code>
                            <digitalCode>643</digitalCode>
                            <name>Российский рубль</name>
                        </ns2:currency>
                        <ns2:rubPrice>298253.88</ns2:rubPrice>
                        <ns2:prepaid>false</ns2:prepaid>
                        <ns2:docs>
                            <ns2:doc>
                                <ns2:ordinal>1</ns2:ordinal>
                                <ns2:date>2017-01-31</ns2:date>
                                <ns2:code>20</ns2:code>
                                <ns2:name>акт выполненных работ</ns2:name>
                                <ns2:number>18</ns2:number>
                                <ns2:contractPosition>
                                    <ns2:guid>91e408bd-6988-42e6-98f2-71d0f416d362</ns2:guid>
                                    <ns2:name>Услуги по санитарно-гигиеническому обслуживанию</ns2:name>
                                    <ns2:okpd2>
                                        <code>81.22.12.000</code>
                                        <name>Услуги по чистке и уборке специализированные</name>
                                    </ns2:okpd2>
                                </ns2:contractPosition>
                                <ns2:okei>
                                    <code>876</code>
                                    <name>Условная единица</name>
                                </ns2:okei>
                                <ns2:qty>1</ns2:qty>
                            </ns2:doc>
                            <ns2:doc>
                                <ns2:ordinal>2</ns2:ordinal>
                                <ns2:date>2017-02-28</ns2:date>
                                <ns2:code>20</ns2:code>
                                <ns2:name>акт выполненных работ</ns2:name>
                                <ns2:number>47</ns2:number>
                                <ns2:contractPosition>
                                    <ns2:guid>91e408bd-6988-42e6-98f2-71d0f416d362</ns2:guid>
                                    <ns2:name>Услуги по санитарно-гигиеническому обслуживанию</ns2:name>
                                    <ns2:okpd2>
                                        <code>81.22.12.000</code>
                                        <name>Услуги по чистке и уборке специализированные</name>
                                    </ns2:okpd2>
                                </ns2:contractPosition>
                                <ns2:okei>
                                    <code>876</code>
                                    <name>Условная единица</name>
                                </ns2:okei>
                                <ns2:qty>1</ns2:qty>
                            </ns2:doc>
                            <ns2:doc>
                                <ns2:ordinal>3</ns2:ordinal>
                                <ns2:date>2017-03-27</ns2:date>
                                <ns2:code>20</ns2:code>
                                <ns2:name>акт выполненных работ</ns2:name>
                                <ns2:number>77</ns2:number>
                                <ns2:contractPosition>
                                    <ns2:guid>91e408bd-6988-42e6-98f2-71d0f416d362</ns2:guid>
                                    <ns2:name>Услуги по санитарно-гигиеническому обслуживанию</ns2:name>
                                    <ns2:okpd2>
                                        <code>81.22.12.000</code>
                                        <name>Услуги по чистке и уборке специализированные</name>
                                    </ns2:okpd2>
                                </ns2:contractPosition>
                                <ns2:okei>
                                    <code>876</code>
                                    <name>Условная единица</name>
                                </ns2:okei>
                                <ns2:qty>1</ns2:qty>
                            </ns2:doc>
                        </ns2:docs>
                    </ns2:position>
                    <ns2:total>298253.88</ns2:total>
                </ns2:positions>
            </ns2:performanceContractData>
        </ns2:item>
    </ns2:body>
</ns2:performanceContract>
