<?xml version="1.0" encoding="UTF-8" standalone="yes"?>
<ns2:performanceContract xsi:schemaLocation="http://zakupki.gov.ru/223/integration/schema/TFF-5.2 http://zakupki.gov.ru/223/integration/schema/TFF-5.2/Types.xsd" xmlns="http://zakupki.gov.ru/223fz/types/1" xmlns:ns10="http://zakupki.gov.ru/223fz/disagreementProtocol/1" xmlns:ns11="http://zakupki.gov.ru/223fz/purchase/1" xmlns:ns12="http://zakupki.gov.ru/223fz/machineryListInfo/1" xmlns:ns13="http://zakupki.gov.ru/223fz/revenue/1" xmlns:ns14="http://zakupki.gov.ru/223fz/orderClauseList/1" xmlns:ns15="http://zakupki.gov.ru/223fz/complaint/1" xmlns:ns16="http://zakupki.gov.ru/223fz/missedNotice/1" xmlns:ns17="http://zakupki.gov.ru/223fz/notificationIssue/1" xmlns:ns18="http://zakupki.gov.ru/223fz/purchasePlanProject/1" xmlns:ns19="http://zakupki.gov.ru/223fz/webRequest/1" xmlns:ns2="http://zakupki.gov.ru/223fz/contract/1" xmlns:xsi="http://www.w3.org/2001/XMLSchema-instance" xmlns:ns3="http://zakupki.gov.ru/223fz/dishonestSupplier/1" xmlns:ns4="http://zakupki.gov.ru/223fz/decisionSuspension/1" xmlns:ns5="http://zakupki.gov.ru/223fz/purchasePlanAdditionalPosition/1" xmlns:ns6="http://zakupki.gov.ru/223fz/purchasePlan/1" xmlns:ns7="http://zakupki.gov.ru/223fz/purchasePlanProjectAdditionalPosition/1" xmlns:ns8="http://zakupki.gov.ru/223fz/reference/1" xmlns:ns9="http://zakupki.gov.ru/223fz/stopCommodity/1">
    <header>
        <guid>e875a96d-755d-465d-97af-43f224d96813</guid>
        <createDateTime>2017-03-30T07:32:20</createDateTime>
    </header>
    <ns2:body>
        <ns2:item>
            <guid>a2b61c76-9421-46ad-a7bb-2de3a1b474af</guid>
            <ns2:performanceContractData>
                <ns2:guid>ed549c1c-8bc8-488d-8553-58e786dad924</ns2:guid>
                <ns2:registrationNumber>86659014366170000200009</ns2:registrationNumber>
                <ns2:urlOOS>https://zakupki.gov.ru/223/contract/private/completing/info/view.html?id=2662374</ns2:urlOOS>
                <ns2:createDateTime>2017-02-01T09:44:02</ns2:createDateTime>
                <ns2:customer>
                    <mainInfo>
                        <fullName>ФЕДЕРАЛЬНОЕ ГОСУДАРСТВЕННОЕ БЮДЖЕТНОЕ ОБРАЗОВАТЕЛЬНОЕ УЧРЕЖДЕНИЕ ВЫСШЕГО ПРОФЕССИОНАЛЬНОГО ОБРАЗОВАНИЯ "УРАЛЬСКИЙ ГОСУДАРСТВЕННЫЙ УНИВЕРСИТЕТ ПУТЕЙ СООБЩЕНИЯ"</fullName>
                        <shortName>ФГБОУ ВПО УРГУПС, УРГУПС</shortName>
                        <iko>86659014366665901001</iko>
                        <inn>6659014366</inn>
                        <kpp>665901001</kpp>
                        <ogrn>1026602950065</ogrn>
                        <legalAddress>620034, обл СВЕРДЛОВСКАЯ, г ЕКАТЕРИНБУРГ, ул КОЛМОГОРОВА, дом 66</legalAddress>
                        <postalAddress>Колмогорова ул., д.66, г. Екатеринбург, 620034</postalAddress>
                        <phone>7-343-2212556</phone>
                        <email>goszakaz@usurt.ru</email>
                        <okato>65401000000</okato>
                        <okpo>01116035</okpo>
                    </mainInfo>
                </ns2:customer>
                <ns2:placer>
                    <mainInfo>
                        <fullName>ФЕДЕРАЛЬНОЕ ГОСУДАРСТВЕННОЕ БЮДЖЕТНОЕ ОБРАЗОВАТЕЛЬНОЕ УЧРЕЖДЕНИЕ ВЫСШЕГО ПРОФЕССИОНАЛЬНОГО ОБРАЗОВАНИЯ "УРАЛЬСКИЙ ГОСУДАРСТВЕННЫЙ УНИВЕРСИТЕТ ПУТЕЙ СООБЩЕНИЯ"</fullName>
                        <shortName>ФГБОУ ВПО УРГУПС, УРГУПС</shortName>
                        <iko>86659014366665901001</iko>
                        <inn>6659014366</inn>
                        <kpp>665901001</kpp>
                        <ogrn>1026602950065</ogrn>
                        <legalAddress>620034, обл СВЕРДЛОВСКАЯ, г ЕКАТЕРИНБУРГ, ул КОЛМОГОРОВА, дом 66</legalAddress>
                        <postalAddress>Колмогорова ул., д.66, г. Екатеринбург, 620034</postalAddress>
                        <phone>7-343-2212556</phone>
                        <email>goszakaz@usurt.ru</email>
                        <okato>65401000000</okato>
                        <okpo>01116035</okpo>
                    </mainInfo>
                </ns2:placer>
                <ns2:publicationDate>2017-03-30T07:32:20</ns2:publicationDate>
                <ns2:status>P</ns2:status>
                <ns2:version>1</ns2:version>
                <ns2:completed>false</ns2:completed>
                <ns2:attachments>
                    <totalDocumentsCount>2</totalDocumentsCount>
                    <document>
                        <guid>278dcd23-26ba-449f-b8ee-ba6aaf602bea</guid>
                        <createDateTime>2017-03-30T07:31:37</createDateTime>
                        <fileName>пп 517455 от 24.03.17.pdf</fileName>
                        <description>пп 517455 от 24.03.17</description>
                        <url>https://zakupki.gov.ru/223/contract/private/download/download.html?id=11714704</url>
                        <registrationNumber>86659014366170000200010</registrationNumber>
                    </document>
                    <document>
                        <guid>d7fef23a-5bc4-4afd-95a7-cb1f25d694f2</guid>
                        <createDateTime>2017-03-30T07:31:44</createDateTime>
                        <fileName>Договор,тн,счет.rar</fileName>
                        <description>Договор,тн,счет</description>
                        <url>https://zakupki.gov.ru/223/contract/private/download/download.html?id=11714707</url>
                        <registrationNumber>86659014366170000200011</registrationNumber>
                    </document>
                </ns2:attachments>
                <ns2:hasPenalty>false</ns2:hasPenalty>
                <ns2:contractRegNumber>86659014366170000200000</ns2:contractRegNumber>
                <ns2:contractInfo>
                    <ns2:guid>0a71271c-947c-43a9-88cb-79692ff1a9df</ns2:guid>
                    <ns2:name>01-025/2017</ns2:name>
                    <ns2:agencyName>ФГБОУ ВПО УРГУПС, УРГУПС</ns2:agencyName>
                    <ns2:supplierName>ОБЩЕСТВО С ОГРАНИЧЕННОЙ ОТВЕТСТВЕННОСТЬЮ "АВЭС-93"</ns2:supplierName>
                    <ns2:lotInfo>Поставка мяса говядины и говяжьих субпродуктов</ns2:lotInfo>
                    <ns2:contractDate>2017-01-31</ns2:contractDate>
                </ns2:contractInfo>
                <ns2:positions>
                    <ns2:position>
                        <ns2:ordinal>1</ns2:ordinal>
                        <ns2:paymentDate>2017-03-24</ns2:paymentDate>
                        <ns2:price>37667.63</ns2:price>
                        <ns2:currency>
                            <code>RUB</code>
                            <digitalCode>643</digitalCode>
                            <name>Российский рубль</name>
                        </ns2:currency>
                        <ns2:rubPrice>37667.63</ns2:rubPrice>
                        <ns2:prepaid>false</ns2:prepaid>
                        <ns2:docs>
                            <ns2:doc>
                                <ns2:ordinal>1</ns2:ordinal>
                                <ns2:date>2017-02-28</ns2:date>
                                <ns2:code>01</ns2:code>
                                <ns2:name>товарная накладная</ns2:name>
                                <ns2:number>3782</ns2:number>
                                <ns2:contractPosition>
                                    <ns2:guid>6af37118-d748-4e31-bfc2-a0670652abe7</ns2:guid>
                                    <ns2:name>Мясо и мясо птицы, прочие продукты убоя. Мясные пищевые продукты, включая продукты из мяса птицы</ns2:name>
                                    <ns2:okpd2>
                                        <code>10.1</code>
                                        <name>Мясо и мясо птицы, прочие продукты убоя. Мясные пищевые продукты, включая продукты из мяса птицы</name>
                                    </ns2:okpd2>
                                </ns2:contractPosition>
                                <ns2:okei>
                                    <code>166</code>
                                    <name>Килограмм</name>
                                </ns2:okei>
                                <ns2:qty>106.106</ns2:qty>
                            </ns2:doc>
                        </ns2:docs>
                    </ns2:position>
                    <ns2:total>37667.63</ns2:total>
                </ns2:positions>
            </ns2:performanceContractData>
        </ns2:item>
    </ns2:body>
</ns2:performanceContract>
