<?xml version="1.0" encoding="UTF-8" standalone="yes"?>
<ns2:performanceContract xsi:schemaLocation="http://zakupki.gov.ru/223/integration/schema/TFF-5.2 http://zakupki.gov.ru/223/integration/schema/TFF-5.2/Types.xsd" xmlns="http://zakupki.gov.ru/223fz/types/1" xmlns:ns10="http://zakupki.gov.ru/223fz/disagreementProtocol/1" xmlns:ns11="http://zakupki.gov.ru/223fz/purchase/1" xmlns:ns12="http://zakupki.gov.ru/223fz/machineryListInfo/1" xmlns:ns13="http://zakupki.gov.ru/223fz/revenue/1" xmlns:ns14="http://zakupki.gov.ru/223fz/orderClauseList/1" xmlns:ns15="http://zakupki.gov.ru/223fz/complaint/1" xmlns:ns16="http://zakupki.gov.ru/223fz/missedNotice/1" xmlns:ns17="http://zakupki.gov.ru/223fz/notificationIssue/1" xmlns:ns18="http://zakupki.gov.ru/223fz/purchasePlanProject/1" xmlns:ns19="http://zakupki.gov.ru/223fz/webRequest/1" xmlns:ns2="http://zakupki.gov.ru/223fz/contract/1" xmlns:xsi="http://www.w3.org/2001/XMLSchema-instance" xmlns:ns3="http://zakupki.gov.ru/223fz/dishonestSupplier/1" xmlns:ns4="http://zakupki.gov.ru/223fz/decisionSuspension/1" xmlns:ns5="http://zakupki.gov.ru/223fz/purchasePlanAdditionalPosition/1" xmlns:ns6="http://zakupki.gov.ru/223fz/purchasePlan/1" xmlns:ns7="http://zakupki.gov.ru/223fz/purchasePlanProjectAdditionalPosition/1" xmlns:ns8="http://zakupki.gov.ru/223fz/reference/1" xmlns:ns9="http://zakupki.gov.ru/223fz/stopCommodity/1">
    <header>
        <guid>c2fafabf-eba9-4de6-b034-d930a21fc487</guid>
        <createDateTime>2017-03-30T07:46:44</createDateTime>
    </header>
    <ns2:body>
        <ns2:item>
            <guid>9ea773e4-1ad2-49a6-b0b2-5ad535d4ac50</guid>
            <ns2:performanceContractData>
                <ns2:guid>25f6ff8c-25ad-4580-af34-27a23ec56836</ns2:guid>
                <ns2:registrationNumber>56664029537170000080015</ns2:registrationNumber>
                <ns2:urlOOS>https://zakupki.gov.ru/223/contract/private/completing/info/view.html?id=2662484</ns2:urlOOS>
                <ns2:termination>false</ns2:termination>
                <ns2:createDateTime>2017-02-04T08:44:35</ns2:createDateTime>
                <ns2:customer>
                    <mainInfo>
                        <fullName>ГОСУДАРСТВЕННОЕ АВТОНОМНОЕ  СТАЦИОНАРНОЕ УЧРЕЖДЕНИЕ СОЦИАЛЬНОГО ОБСЛУЖИВАНИЯ НАСЕЛЕНИЯ СВЕРДЛОВСКОЙ ОБЛАСТИ "СВЕРДЛОВСКИЙ ПСИХОНЕВРОЛОГИЧЕСКИЙ ИНТЕРНАТ"</fullName>
                        <shortName>ГАУ "СВЕРДЛОВСКИЙ ПНИ"</shortName>
                        <iko>56664029537667901001</iko>
                        <inn>6664029537</inn>
                        <kpp>667901001</kpp>
                        <ogrn>1026605779452</ogrn>
                        <legalAddress>620010, СВЕРДЛОВСКАЯ, ЕКАТЕРИНБУРГ, СЛАВЯНСКАЯ, дом 43</legalAddress>
                        <postalAddress>620010 Свердловская обл., г. Екатеринбург, ул. Славянская, 43</postalAddress>
                        <phone>7-343-2589611</phone>
                        <fax>7-343-2589608</fax>
                        <email>svr-su@gov66.ru</email>
                        <okato>65401390000</okato>
                        <okpo>03157601</okpo>
                    </mainInfo>
                </ns2:customer>
                <ns2:placer>
                    <mainInfo>
                        <fullName>ГОСУДАРСТВЕННОЕ АВТОНОМНОЕ  СТАЦИОНАРНОЕ УЧРЕЖДЕНИЕ СОЦИАЛЬНОГО ОБСЛУЖИВАНИЯ НАСЕЛЕНИЯ СВЕРДЛОВСКОЙ ОБЛАСТИ "СВЕРДЛОВСКИЙ ПСИХОНЕВРОЛОГИЧЕСКИЙ ИНТЕРНАТ"</fullName>
                        <shortName>ГАУ "СВЕРДЛОВСКИЙ ПНИ"</shortName>
                        <iko>56664029537667901001</iko>
                        <inn>6664029537</inn>
                        <kpp>667901001</kpp>
                        <ogrn>1026605779452</ogrn>
                        <legalAddress>620010, СВЕРДЛОВСКАЯ, ЕКАТЕРИНБУРГ, СЛАВЯНСКАЯ, дом 43</legalAddress>
                        <postalAddress>620010 Свердловская обл., г. Екатеринбург, ул. Славянская, 43</postalAddress>
                        <phone>7-343-2589611</phone>
                        <fax>7-343-2589608</fax>
                        <email>svr-su@gov66.ru</email>
                        <okato>65401390000</okato>
                        <okpo>03157601</okpo>
                    </mainInfo>
                </ns2:placer>
                <ns2:publicationDate>2017-03-30T07:46:44</ns2:publicationDate>
                <ns2:status>P</ns2:status>
                <ns2:version>1</ns2:version>
                <ns2:completed>false</ns2:completed>
                <ns2:attachments>
                    <totalDocumentsCount>1</totalDocumentsCount>
                    <document>
                        <guid>8d278725-f878-43e6-8af7-e5146ad7746c</guid>
                        <createDateTime>2017-03-30T07:46:32</createDateTime>
                        <fileName>платёжка 28.03.2017.pdf</fileName>
                        <description>платёжка 28.03.2017</description>
                        <url>https://zakupki.gov.ru/223/contract/private/download/download.html?id=11715171</url>
                        <registrationNumber>56664029537170000080016</registrationNumber>
                    </document>
                </ns2:attachments>
                <ns2:hasPenalty>false</ns2:hasPenalty>
                <ns2:contractRegNumber>56664029537170000080000</ns2:contractRegNumber>
                <ns2:contractInfo>
                    <ns2:guid>083215e1-a676-41ad-a967-73d519cdfe93</ns2:guid>
                    <ns2:name>31704675625-KS</ns2:name>
                    <ns2:agencyName>ГАУ "СВЕРДЛОВСКИЙ ПНИ"</ns2:agencyName>
                    <ns2:supplierName>ОБЩЕСТВО С ОГРАНИЧЕННОЙ ОТВЕТСТВЕННОСТЬЮ "ЛИДЕР ТРЕЙД"</ns2:supplierName>
                    <ns2:lotInfo>поставка овощей</ns2:lotInfo>
                    <ns2:contractDate>2017-02-04</ns2:contractDate>
                </ns2:contractInfo>
                <ns2:positions>
                    <ns2:position>
                        <ns2:ordinal>1</ns2:ordinal>
                        <ns2:paymentDate>2017-03-28</ns2:paymentDate>
                        <ns2:price>66100</ns2:price>
                        <ns2:currency>
                            <code>RUB</code>
                            <digitalCode>643</digitalCode>
                            <name>Российский рубль</name>
                        </ns2:currency>
                        <ns2:rubPrice>66100</ns2:rubPrice>
                        <ns2:prepaid>false</ns2:prepaid>
                        <ns2:docs>
                            <ns2:doc>
                                <ns2:ordinal>5</ns2:ordinal>
                                <ns2:date>2017-03-21</ns2:date>
                                <ns2:code>18</ns2:code>
                                <ns2:name>счет на оплату</ns2:name>
                                <ns2:number>60</ns2:number>
                                <ns2:contractPosition>
                                    <ns2:guid>64e54ba9-0e18-4783-addc-4793bbfbe0c6</ns2:guid>
                                    <ns2:name>Лук репчатый</ns2:name>
                                    <ns2:okpd2>
                                        <code>01.13.43.110</code>
                                        <name>Лук репчатый</name>
                                    </ns2:okpd2>
                                </ns2:contractPosition>
                                <ns2:okei>
                                    <code>166</code>
                                    <name>Килограмм</name>
                                </ns2:okei>
                                <ns2:qty>200</ns2:qty>
                            </ns2:doc>
                            <ns2:doc>
                                <ns2:ordinal>1</ns2:ordinal>
                                <ns2:date>2017-03-21</ns2:date>
                                <ns2:code>18</ns2:code>
                                <ns2:name>счет на оплату</ns2:name>
                                <ns2:number>60</ns2:number>
                                <ns2:contractPosition>
                                    <ns2:guid>61a8f8ce-9c03-46a3-95c8-219b82c2cef1</ns2:guid>
                                    <ns2:name>Морковь столовая</ns2:name>
                                    <ns2:okpd2>
                                        <code>01.13.41.110</code>
                                        <name>Морковь столовая</name>
                                    </ns2:okpd2>
                                </ns2:contractPosition>
                                <ns2:okei>
                                    <code>166</code>
                                    <name>Килограмм</name>
                                </ns2:okei>
                                <ns2:qty>500</ns2:qty>
                            </ns2:doc>
                            <ns2:doc>
                                <ns2:ordinal>2</ns2:ordinal>
                                <ns2:date>2017-03-21</ns2:date>
                                <ns2:code>18</ns2:code>
                                <ns2:name>счет на оплату</ns2:name>
                                <ns2:number>60</ns2:number>
                                <ns2:contractPosition>
                                    <ns2:guid>0727e8e3-650a-4624-805b-43ffc486afb1</ns2:guid>
                                    <ns2:name>Капуста белокочанная</ns2:name>
                                    <ns2:okpd2>
                                        <code>01.13.12.120</code>
                                        <name>Капуста белокочанная</name>
                                    </ns2:okpd2>
                                </ns2:contractPosition>
                                <ns2:okei>
                                    <code>166</code>
                                    <name>Килограмм</name>
                                </ns2:okei>
                                <ns2:qty>1000</ns2:qty>
                            </ns2:doc>
                            <ns2:doc>
                                <ns2:ordinal>3</ns2:ordinal>
                                <ns2:date>2017-03-21</ns2:date>
                                <ns2:code>18</ns2:code>
                                <ns2:name>счет на оплату</ns2:name>
                                <ns2:number>60</ns2:number>
                                <ns2:contractPosition>
                                    <ns2:guid>0e6db6d7-cc79-4861-8cdd-ad06881b7164</ns2:guid>
                                    <ns2:name>Картофель столовый поздний</ns2:name>
                                    <ns2:okpd2>
                                        <code>01.13.51.120</code>
                                        <name>Картофель столовый поздний</name>
                                    </ns2:okpd2>
                                </ns2:contractPosition>
                                <ns2:okei>
                                    <code>166</code>
                                    <name>Килограмм</name>
                                </ns2:okei>
                                <ns2:qty>2000</ns2:qty>
                            </ns2:doc>
                            <ns2:doc>
                                <ns2:ordinal>4</ns2:ordinal>
                                <ns2:date>2017-03-21</ns2:date>
                                <ns2:code>18</ns2:code>
                                <ns2:name>счет на оплату</ns2:name>
                                <ns2:number>60</ns2:number>
                                <ns2:contractPosition>
                                    <ns2:guid>14861567-ae12-4e60-ad6e-cb9e8393747e</ns2:guid>
                                    <ns2:name>Свекла столовая</ns2:name>
                                    <ns2:okpd2>
                                        <code>01.13.49.110</code>
                                        <name>Свекла столовая</name>
                                    </ns2:okpd2>
                                </ns2:contractPosition>
                                <ns2:okei>
                                    <code>166</code>
                                    <name>Килограмм</name>
                                </ns2:okei>
                                <ns2:qty>300</ns2:qty>
                            </ns2:doc>
                        </ns2:docs>
                    </ns2:position>
                    <ns2:total>66100</ns2:total>
                </ns2:positions>
            </ns2:performanceContractData>
        </ns2:item>
    </ns2:body>
</ns2:performanceContract>
