<?xml version="1.0" encoding="UTF-8" standalone="yes"?>
<ns2:performanceContract xsi:schemaLocation="http://zakupki.gov.ru/223/integration/schema/TFF-5.2 http://zakupki.gov.ru/223/integration/schema/TFF-5.2/Types.xsd" xmlns="http://zakupki.gov.ru/223fz/types/1" xmlns:ns10="http://zakupki.gov.ru/223fz/disagreementProtocol/1" xmlns:ns11="http://zakupki.gov.ru/223fz/purchase/1" xmlns:ns12="http://zakupki.gov.ru/223fz/machineryListInfo/1" xmlns:ns13="http://zakupki.gov.ru/223fz/revenue/1" xmlns:ns14="http://zakupki.gov.ru/223fz/orderClauseList/1" xmlns:ns15="http://zakupki.gov.ru/223fz/complaint/1" xmlns:ns16="http://zakupki.gov.ru/223fz/missedNotice/1" xmlns:ns17="http://zakupki.gov.ru/223fz/notificationIssue/1" xmlns:ns18="http://zakupki.gov.ru/223fz/purchasePlanProject/1" xmlns:ns19="http://zakupki.gov.ru/223fz/webRequest/1" xmlns:ns2="http://zakupki.gov.ru/223fz/contract/1" xmlns:xsi="http://www.w3.org/2001/XMLSchema-instance" xmlns:ns3="http://zakupki.gov.ru/223fz/dishonestSupplier/1" xmlns:ns4="http://zakupki.gov.ru/223fz/decisionSuspension/1" xmlns:ns5="http://zakupki.gov.ru/223fz/purchasePlanAdditionalPosition/1" xmlns:ns6="http://zakupki.gov.ru/223fz/purchasePlan/1" xmlns:ns7="http://zakupki.gov.ru/223fz/purchasePlanProjectAdditionalPosition/1" xmlns:ns8="http://zakupki.gov.ru/223fz/reference/1" xmlns:ns9="http://zakupki.gov.ru/223fz/stopCommodity/1">
    <header>
        <guid>30dbb6c0-1692-417e-92ee-7d6ec80ba8b1</guid>
        <createDateTime>2017-03-30T09:25:06</createDateTime>
    </header>
    <ns2:body>
        <ns2:item>
            <guid>7e065042-da38-4ad0-b9a3-38246cc9913d</guid>
            <ns2:performanceContractData>
                <ns2:guid>3d03083f-c8f6-4f15-ae48-7049e938a095</ns2:guid>
                <ns2:registrationNumber>56658017389170000170005</ns2:registrationNumber>
                <ns2:urlOOS>https://zakupki.gov.ru/223/contract/private/completing/info/view.html?id=2663415</ns2:urlOOS>
                <ns2:createDateTime>2017-01-12T11:38:31</ns2:createDateTime>
                <ns2:customer>
                    <mainInfo>
                        <fullName>ФЕДЕРАЛЬНОЕ ГОСУДАРСТВЕННОЕ БЮДЖЕТНОЕ ОБРАЗОВАТЕЛЬНОЕ УЧРЕЖДЕНИЕ ВЫСШЕГО ОБРАЗОВАНИЯ "УРАЛЬСКИЙ ГОСУДАРСТВЕННЫЙ МЕДИЦИНСКИЙ УНИВЕРСИТЕТ" МИНИСТЕРСТВА ЗДРАВООХРАНЕНИЯ РОССИЙСКОЙ ФЕДЕРАЦИИ</fullName>
                        <shortName>ФГБОУ ВО УГМУ МИНЗДРАВА РОССИИ</shortName>
                        <iko>56658017389665801001</iko>
                        <inn>6658017389</inn>
                        <kpp>665801001</kpp>
                        <ogrn>1036602643990</ogrn>
                        <legalAddress>620028, ОБЛ СВЕРДЛОВСКАЯ, Г ЕКАТЕРИНБУРГ, УЛ РЕПИНА, дом 3</legalAddress>
                        <postalAddress>620028, г. Екатеринбург, ул. Репина, д. 3</postalAddress>
                        <phone>643-343-2148677</phone>
                        <fax>643-343-2147867</fax>
                        <email>zakupki@mail.ru</email>
                        <okato>65401000000</okato>
                        <okpo>01966265</okpo>
                    </mainInfo>
                </ns2:customer>
                <ns2:placer>
                    <mainInfo>
                        <fullName>ФЕДЕРАЛЬНОЕ ГОСУДАРСТВЕННОЕ БЮДЖЕТНОЕ ОБРАЗОВАТЕЛЬНОЕ УЧРЕЖДЕНИЕ ВЫСШЕГО ОБРАЗОВАНИЯ "УРАЛЬСКИЙ ГОСУДАРСТВЕННЫЙ МЕДИЦИНСКИЙ УНИВЕРСИТЕТ" МИНИСТЕРСТВА ЗДРАВООХРАНЕНИЯ РОССИЙСКОЙ ФЕДЕРАЦИИ</fullName>
                        <shortName>ФГБОУ ВО УГМУ МИНЗДРАВА РОССИИ</shortName>
                        <iko>56658017389665801001</iko>
                        <inn>6658017389</inn>
                        <kpp>665801001</kpp>
                        <ogrn>1036602643990</ogrn>
                        <legalAddress>620028, ОБЛ СВЕРДЛОВСКАЯ, Г ЕКАТЕРИНБУРГ, УЛ РЕПИНА, дом 3</legalAddress>
                        <postalAddress>620028, г. Екатеринбург, ул. Репина, д. 3</postalAddress>
                        <phone>643-343-2148677</phone>
                        <fax>643-343-2147867</fax>
                        <email>zakupki@mail.ru</email>
                        <okato>65401000000</okato>
                        <okpo>01966265</okpo>
                    </mainInfo>
                </ns2:placer>
                <ns2:publicationDate>2017-03-30T09:25:06</ns2:publicationDate>
                <ns2:status>P</ns2:status>
                <ns2:version>1</ns2:version>
                <ns2:completed>false</ns2:completed>
                <ns2:attachments>
                    <totalDocumentsCount>2</totalDocumentsCount>
                    <document>
                        <guid>36bfe95e-40a9-4aab-89ab-72f75fc5e26a</guid>
                        <createDateTime>2017-03-30T09:24:52</createDateTime>
                        <fileName>п 526755 27.03.17 накл 78 15.03.17 ООО Зуботехнические мастерские.pdf</fileName>
                        <description>п 526755 27.03.17 накл 78 15.03.17 ООО Зуботехнические мастерские</description>
                        <url>https://zakupki.gov.ru/223/contract/private/download/download.html?id=11720021</url>
                        <registrationNumber>56658017389170000170006</registrationNumber>
                    </document>
                    <document>
                        <guid>6ccf798a-ee27-4b0e-9cec-d1d37f1136ff</guid>
                        <createDateTime>2017-03-30T09:24:43</createDateTime>
                        <fileName>п 526752 27.03.17 накл 75 15.03.17 ООО Зуботехнические мастерские.pdf</fileName>
                        <description>п 526752 27.03.17 накл 75 15.03.17 ООО Зуботехнические мастерские</description>
                        <url>https://zakupki.gov.ru/223/contract/private/download/download.html?id=11720012</url>
                        <registrationNumber>56658017389170000170007</registrationNumber>
                    </document>
                </ns2:attachments>
                <ns2:hasPenalty>false</ns2:hasPenalty>
                <ns2:contractRegNumber>56658017389170000170000</ns2:contractRegNumber>
                <ns2:contractInfo>
                    <ns2:guid>ff8d2222-f663-4b55-b7bc-b9cf9af5700f</ns2:guid>
                    <ns2:name>31604460410</ns2:name>
                    <ns2:agencyName>ФГБОУ ВО УГМУ МИНЗДРАВА РОССИИ</ns2:agencyName>
                    <ns2:supplierName>ОБЩЕСТВО С ОГРАНИЧЕННОЙ ОТВЕТСТВЕННОСТЬЮ "ЗУБОТЕХНИЧЕСКИЕ МАСТЕРСКИЕ"</ns2:supplierName>
                    <ns2:lotInfo>Оказание  услуг по изготовлению зуботехнических протезов    </ns2:lotInfo>
                    <ns2:contractDate>2017-01-10</ns2:contractDate>
                </ns2:contractInfo>
                <ns2:positions>
                    <ns2:position>
                        <ns2:ordinal>2</ns2:ordinal>
                        <ns2:paymentDate>2017-03-27</ns2:paymentDate>
                        <ns2:price>112700</ns2:price>
                        <ns2:currency>
                            <code>RUB</code>
                            <digitalCode>643</digitalCode>
                            <name>Российский рубль</name>
                        </ns2:currency>
                        <ns2:rubPrice>112700</ns2:rubPrice>
                        <ns2:prepaid>false</ns2:prepaid>
                        <ns2:docs>
                            <ns2:doc>
                                <ns2:ordinal>1</ns2:ordinal>
                                <ns2:date>2017-03-16</ns2:date>
                                <ns2:code>01</ns2:code>
                                <ns2:name>товарная накладная</ns2:name>
                                <ns2:number>78</ns2:number>
                                <ns2:contractPosition>
                                    <ns2:guid>957f95f5-b989-4635-8907-a66e211f541a</ns2:guid>
                                    <ns2:name>Оказание  услуг по изготовлению зуботехнических протезов</ns2:name>
                                    <ns2:okpd2>
                                        <code>86.23.11.000</code>
                                        <name>Услуги в области ортодонтии</name>
                                    </ns2:okpd2>
                                </ns2:contractPosition>
                                <ns2:okei>
                                    <code>796</code>
                                    <name>Штука</name>
                                </ns2:okei>
                                <ns2:qty>34</ns2:qty>
                            </ns2:doc>
                        </ns2:docs>
                    </ns2:position>
                    <ns2:position>
                        <ns2:ordinal>1</ns2:ordinal>
                        <ns2:paymentDate>2017-03-27</ns2:paymentDate>
                        <ns2:price>126600</ns2:price>
                        <ns2:currency>
                            <code>RUB</code>
                            <digitalCode>643</digitalCode>
                            <name>Российский рубль</name>
                        </ns2:currency>
                        <ns2:rubPrice>126600</ns2:rubPrice>
                        <ns2:prepaid>false</ns2:prepaid>
                        <ns2:docs>
                            <ns2:doc>
                                <ns2:ordinal>1</ns2:ordinal>
                                <ns2:date>2017-03-15</ns2:date>
                                <ns2:code>01</ns2:code>
                                <ns2:name>товарная накладная</ns2:name>
                                <ns2:number>75</ns2:number>
                                <ns2:contractPosition>
                                    <ns2:guid>957f95f5-b989-4635-8907-a66e211f541a</ns2:guid>
                                    <ns2:name>Оказание  услуг по изготовлению зуботехнических протезов</ns2:name>
                                    <ns2:okpd2>
                                        <code>86.23.11.000</code>
                                        <name>Услуги в области ортодонтии</name>
                                    </ns2:okpd2>
                                </ns2:contractPosition>
                                <ns2:okei>
                                    <code>796</code>
                                    <name>Штука</name>
                                </ns2:okei>
                                <ns2:qty>40</ns2:qty>
                            </ns2:doc>
                        </ns2:docs>
                    </ns2:position>
                    <ns2:total>239300</ns2:total>
                </ns2:positions>
            </ns2:performanceContractData>
        </ns2:item>
    </ns2:body>
</ns2:performanceContract>
