<?xml version="1.0" encoding="UTF-8" standalone="yes"?>
<ns2:contractCancellation xsi:schemaLocation="http://zakupki.gov.ru/223/integration/schema/TFF-5.2 http://zakupki.gov.ru/223/integration/schema/TFF-5.2/Types.xsd" xmlns="http://zakupki.gov.ru/223fz/types/1" xmlns:ns10="http://zakupki.gov.ru/223fz/disagreementProtocol/1" xmlns:ns11="http://zakupki.gov.ru/223fz/purchase/1" xmlns:ns12="http://zakupki.gov.ru/223fz/machineryListInfo/1" xmlns:ns13="http://zakupki.gov.ru/223fz/revenue/1" xmlns:ns14="http://zakupki.gov.ru/223fz/orderClauseList/1" xmlns:ns15="http://zakupki.gov.ru/223fz/complaint/1" xmlns:ns16="http://zakupki.gov.ru/223fz/missedNotice/1" xmlns:ns17="http://zakupki.gov.ru/223fz/notificationIssue/1" xmlns:ns18="http://zakupki.gov.ru/223fz/purchasePlanProject/1" xmlns:ns19="http://zakupki.gov.ru/223fz/webRequest/1" xmlns:ns2="http://zakupki.gov.ru/223fz/contract/1" xmlns:xsi="http://www.w3.org/2001/XMLSchema-instance" xmlns:ns3="http://zakupki.gov.ru/223fz/dishonestSupplier/1" xmlns:ns4="http://zakupki.gov.ru/223fz/decisionSuspension/1" xmlns:ns5="http://zakupki.gov.ru/223fz/purchasePlanAdditionalPosition/1" xmlns:ns6="http://zakupki.gov.ru/223fz/purchasePlan/1" xmlns:ns7="http://zakupki.gov.ru/223fz/purchasePlanProjectAdditionalPosition/1" xmlns:ns8="http://zakupki.gov.ru/223fz/reference/1" xmlns:ns9="http://zakupki.gov.ru/223fz/stopCommodity/1">
    <header>
        <guid>cd1bbc3a-deba-407f-80ed-ccd008800543</guid>
        <createDateTime>2017-03-30T08:48:15</createDateTime>
    </header>
    <ns2:body>
        <ns2:item>
            <guid>434463d0-e333-4aea-8acc-2c30cc258ebc</guid>
            <ns2:contractCancellationData>
                <ns2:guid>b181a835-7d60-4cee-b956-9750eb4231fc</ns2:guid>
                <ns2:registrationNumber>86658411071160000030008</ns2:registrationNumber>
                <ns2:urlOOS>https://zakupki.gov.ru/223/contract/private/completing/info/view.html?id=2663025</ns2:urlOOS>
                <ns2:createDateTime>2017-03-30T08:48:08</ns2:createDateTime>
                <ns2:customer>
                    <mainInfo>
                        <fullName>Муниципальное бюджетное дошкольное образовательное учреждение - детский сад № 532</fullName>
                        <shortName>МБДОУ - детский сад № 532</shortName>
                        <iko>86658411071665801001</iko>
                        <inn>6658411071</inn>
                        <kpp>665801001</kpp>
                        <ogrn>1126658012040</ogrn>
                        <legalAddress>620131, Свердловская, Екатеринбург, Крауля, дом 82, корпус лит. Б</legalAddress>
                        <postalAddress>620131, Свердловская Область, Екатеринбург Город, Крауля Улица, дом 82, корпус б</postalAddress>
                        <phone>7-343-2426362</phone>
                        <fax>7-343-2426362</fax>
                        <email>dou532@ya.ru</email>
                        <okato>65401000000</okato>
                        <okpo>12306514</okpo>
                    </mainInfo>
                </ns2:customer>
                <ns2:placer>
                    <mainInfo>
                        <fullName>Муниципальное бюджетное дошкольное образовательное учреждение - детский сад № 532</fullName>
                        <shortName>МБДОУ - детский сад № 532</shortName>
                        <iko>86658411071665801001</iko>
                        <inn>6658411071</inn>
                        <kpp>665801001</kpp>
                        <ogrn>1126658012040</ogrn>
                        <legalAddress>620131, Свердловская, Екатеринбург, Крауля, дом 82, корпус лит. Б</legalAddress>
                        <postalAddress>620131, Свердловская Область, Екатеринбург Город, Крауля Улица, дом 82, корпус б</postalAddress>
                        <phone>7-343-2426362</phone>
                        <fax>7-343-2426362</fax>
                        <email>dou532@ya.ru</email>
                        <okato>65401000000</okato>
                        <okpo>12306514</okpo>
                    </mainInfo>
                </ns2:placer>
                <ns2:publicationDate>2017-03-30T08:48:15</ns2:publicationDate>
                <ns2:status>P</ns2:status>
                <ns2:version>2</ns2:version>
                <ns2:modificationDescription>соглашение о расторжении договора от 30.03.2017</ns2:modificationDescription>
                <ns2:attachments>
                    <totalDocumentsCount>2</totalDocumentsCount>
                    <document>
                        <guid>ecab81e2-4c0e-468e-bb35-f42fb21eb3f9</guid>
                        <createDateTime>2017-03-30T08:47:35</createDateTime>
                        <fileName>раст ов и фрук.pdf</fileName>
                        <description>раст ов и фрук</description>
                        <url>https://zakupki.gov.ru/223/contract/private/download/download.html?id=11717522</url>
                        <registrationNumber>86658411071160000030009</registrationNumber>
                    </document>
                    <document>
                        <guid>3369f1a0-1479-46dc-afed-ac6425ae9934</guid>
                        <createDateTime>2016-10-19T08:56:45</createDateTime>
                        <fileName>пасторжение договора овощи, фрукты 18.04.2016</fileName>
                        <description>пасторжение договора овощи, фрукты 18.04</description>
                        <url>https://zakupki.gov.ru/223/contract/private/download/download.html?id=11717446</url>
                        <registrationNumber>86658411071160000030010</registrationNumber>
                    </document>
                </ns2:attachments>
                <ns2:hasPenalty>false</ns2:hasPenalty>
                <ns2:contractRegNumber>86658411071160000030000</ns2:contractRegNumber>
                <ns2:contractInfo>
                    <ns2:guid>39bd47f5-e1fa-48b3-936c-7a7c9fedd4d3</ns2:guid>
                    <ns2:name>898</ns2:name>
                    <ns2:agencyName>МБДОУ - детский сад № 532</ns2:agencyName>
                    <ns2:supplierName>ИП Петухов В.В.</ns2:supplierName>
                    <ns2:lotInfo>Поставка овощей, фруктов</ns2:lotInfo>
                    <ns2:contractDate>2016-04-18</ns2:contractDate>
                </ns2:contractInfo>
                <ns2:baseContractCancellationCode>1</ns2:baseContractCancellationCode>
                <ns2:baseContractCancellationName>Соглашение сторон</ns2:baseContractCancellationName>
                <ns2:baseRejectionDocCode>11</ns2:baseRejectionDocCode>
                <ns2:baseRejectionDocName>Дополнительное соглашение к договору</ns2:baseRejectionDocName>
                <ns2:completionDate>2017-03-30T00:00:00</ns2:completionDate>
                <ns2:baseRejectionDocDate>2017-03-30</ns2:baseRejectionDocDate>
            </ns2:contractCancellationData>
        </ns2:item>
    </ns2:body>
</ns2:contractCancellation>
