<?xml version="1.0" encoding="UTF-8" standalone="yes"?>
<ns2:performanceContract xsi:schemaLocation="http://zakupki.gov.ru/223/integration/schema/TFF-5.2 http://zakupki.gov.ru/223/integration/schema/TFF-5.2/Types.xsd" xmlns="http://zakupki.gov.ru/223fz/types/1" xmlns:ns10="http://zakupki.gov.ru/223fz/disagreementProtocol/1" xmlns:ns11="http://zakupki.gov.ru/223fz/purchase/1" xmlns:ns12="http://zakupki.gov.ru/223fz/machineryListInfo/1" xmlns:ns13="http://zakupki.gov.ru/223fz/revenue/1" xmlns:ns14="http://zakupki.gov.ru/223fz/orderClauseList/1" xmlns:ns15="http://zakupki.gov.ru/223fz/complaint/1" xmlns:ns16="http://zakupki.gov.ru/223fz/missedNotice/1" xmlns:ns17="http://zakupki.gov.ru/223fz/notificationIssue/1" xmlns:ns18="http://zakupki.gov.ru/223fz/purchasePlanProject/1" xmlns:ns19="http://zakupki.gov.ru/223fz/webRequest/1" xmlns:ns2="http://zakupki.gov.ru/223fz/contract/1" xmlns:xsi="http://www.w3.org/2001/XMLSchema-instance" xmlns:ns3="http://zakupki.gov.ru/223fz/dishonestSupplier/1" xmlns:ns4="http://zakupki.gov.ru/223fz/decisionSuspension/1" xmlns:ns5="http://zakupki.gov.ru/223fz/purchasePlanAdditionalPosition/1" xmlns:ns6="http://zakupki.gov.ru/223fz/purchasePlan/1" xmlns:ns7="http://zakupki.gov.ru/223fz/purchasePlanProjectAdditionalPosition/1" xmlns:ns8="http://zakupki.gov.ru/223fz/reference/1" xmlns:ns9="http://zakupki.gov.ru/223fz/stopCommodity/1">
    <header>
        <guid>d4aa2a26-60b7-491f-9773-b98b7a0b085f</guid>
        <createDateTime>2017-03-30T08:47:14</createDateTime>
    </header>
    <ns2:body>
        <ns2:item>
            <guid>abe4c954-be18-4ddd-ab65-7f6d2223da9b</guid>
            <ns2:performanceContractData>
                <ns2:guid>70c6accd-5b81-4209-b20c-aa0f3c9f960e</ns2:guid>
                <ns2:registrationNumber>56664029537170000040028</ns2:registrationNumber>
                <ns2:urlOOS>https://zakupki.gov.ru/223/contract/private/completing/info/view.html?id=2662965</ns2:urlOOS>
                <ns2:termination>false</ns2:termination>
                <ns2:createDateTime>2017-01-30T06:34:23</ns2:createDateTime>
                <ns2:customer>
                    <mainInfo>
                        <fullName>ГОСУДАРСТВЕННОЕ АВТОНОМНОЕ  СТАЦИОНАРНОЕ УЧРЕЖДЕНИЕ СОЦИАЛЬНОГО ОБСЛУЖИВАНИЯ НАСЕЛЕНИЯ СВЕРДЛОВСКОЙ ОБЛАСТИ "СВЕРДЛОВСКИЙ ПСИХОНЕВРОЛОГИЧЕСКИЙ ИНТЕРНАТ"</fullName>
                        <shortName>ГАУ "СВЕРДЛОВСКИЙ ПНИ"</shortName>
                        <iko>56664029537667901001</iko>
                        <inn>6664029537</inn>
                        <kpp>667901001</kpp>
                        <ogrn>1026605779452</ogrn>
                        <legalAddress>620010, СВЕРДЛОВСКАЯ, ЕКАТЕРИНБУРГ, СЛАВЯНСКАЯ, дом 43</legalAddress>
                        <postalAddress>620010 Свердловская обл., г. Екатеринбург, ул. Славянская, 43</postalAddress>
                        <phone>7-343-2589611</phone>
                        <fax>7-343-2589608</fax>
                        <email>svr-su@gov66.ru</email>
                        <okato>65401390000</okato>
                        <okpo>03157601</okpo>
                    </mainInfo>
                </ns2:customer>
                <ns2:placer>
                    <mainInfo>
                        <fullName>ГОСУДАРСТВЕННОЕ АВТОНОМНОЕ  СТАЦИОНАРНОЕ УЧРЕЖДЕНИЕ СОЦИАЛЬНОГО ОБСЛУЖИВАНИЯ НАСЕЛЕНИЯ СВЕРДЛОВСКОЙ ОБЛАСТИ "СВЕРДЛОВСКИЙ ПСИХОНЕВРОЛОГИЧЕСКИЙ ИНТЕРНАТ"</fullName>
                        <shortName>ГАУ "СВЕРДЛОВСКИЙ ПНИ"</shortName>
                        <iko>56664029537667901001</iko>
                        <inn>6664029537</inn>
                        <kpp>667901001</kpp>
                        <ogrn>1026605779452</ogrn>
                        <legalAddress>620010, СВЕРДЛОВСКАЯ, ЕКАТЕРИНБУРГ, СЛАВЯНСКАЯ, дом 43</legalAddress>
                        <postalAddress>620010 Свердловская обл., г. Екатеринбург, ул. Славянская, 43</postalAddress>
                        <phone>7-343-2589611</phone>
                        <fax>7-343-2589608</fax>
                        <email>svr-su@gov66.ru</email>
                        <okato>65401390000</okato>
                        <okpo>03157601</okpo>
                    </mainInfo>
                </ns2:placer>
                <ns2:publicationDate>2017-03-30T08:47:14</ns2:publicationDate>
                <ns2:status>P</ns2:status>
                <ns2:version>1</ns2:version>
                <ns2:completed>false</ns2:completed>
                <ns2:attachments>
                    <totalDocumentsCount>2</totalDocumentsCount>
                    <document>
                        <guid>0a3160bd-5873-486f-9e75-a0a034963f3a</guid>
                        <createDateTime>2017-03-30T08:46:56</createDateTime>
                        <fileName>платёжка 28.03.2017.pdf</fileName>
                        <description>платёжка 28.03.2017</description>
                        <url>https://zakupki.gov.ru/223/contract/private/download/download.html?id=11717493</url>
                        <registrationNumber>56664029537170000040029</registrationNumber>
                    </document>
                    <document>
                        <guid>e252db87-8d3b-4310-804f-9351f4902714</guid>
                        <createDateTime>2017-03-30T08:46:45</createDateTime>
                        <fileName>платёжка 28.03.2017 1.pdf</fileName>
                        <description>платёжка 28.03.2017 1</description>
                        <url>https://zakupki.gov.ru/223/contract/private/download/download.html?id=11717483</url>
                        <registrationNumber>56664029537170000040030</registrationNumber>
                    </document>
                </ns2:attachments>
                <ns2:hasPenalty>false</ns2:hasPenalty>
                <ns2:contractRegNumber>56664029537170000040000</ns2:contractRegNumber>
                <ns2:contractInfo>
                    <ns2:guid>786ca713-7d87-4f27-926e-66c7617e7a61</ns2:guid>
                    <ns2:name>31704652050-KS</ns2:name>
                    <ns2:agencyName>ГАУ "СВЕРДЛОВСКИЙ ПНИ"</ns2:agencyName>
                    <ns2:supplierName>ОБЩЕСТВО С ОГРАНИЧЕННОЙ ОТВЕТСТВЕННОСТЬЮ "ХЛЕБ-ТОРГ"</ns2:supplierName>
                    <ns2:lotInfo>поставка продуктов питания</ns2:lotInfo>
                    <ns2:contractDate>2017-01-28</ns2:contractDate>
                </ns2:contractInfo>
                <ns2:positions>
                    <ns2:position>
                        <ns2:ordinal>1</ns2:ordinal>
                        <ns2:paymentDate>2017-03-28</ns2:paymentDate>
                        <ns2:price>21037.5</ns2:price>
                        <ns2:currency>
                            <code>RUB</code>
                            <digitalCode>643</digitalCode>
                            <name>Российский рубль</name>
                        </ns2:currency>
                        <ns2:rubPrice>21037.5</ns2:rubPrice>
                        <ns2:prepaid>false</ns2:prepaid>
                        <ns2:docs>
                            <ns2:doc>
                                <ns2:ordinal>1</ns2:ordinal>
                                <ns2:date>2017-03-21</ns2:date>
                                <ns2:code>18</ns2:code>
                                <ns2:name>счет на оплату</ns2:name>
                                <ns2:number>502</ns2:number>
                                <ns2:contractPosition>
                                    <ns2:guid>8939a4b2-dda0-41bd-b2c1-a8ee650e224e</ns2:guid>
                                    <ns2:name>Хлеб недлительного хранения</ns2:name>
                                    <ns2:okpd2>
                                        <code>10.71.11.110</code>
                                        <name>Хлеб недлительного хранения</name>
                                    </ns2:okpd2>
                                </ns2:contractPosition>
                                <ns2:okei>
                                    <code>166</code>
                                    <name>Килограмм</name>
                                </ns2:okei>
                                <ns2:qty>165</ns2:qty>
                            </ns2:doc>
                            <ns2:doc>
                                <ns2:ordinal>2</ns2:ordinal>
                                <ns2:date>2017-03-22</ns2:date>
                                <ns2:code>19</ns2:code>
                                <ns2:name>счет-фактура</ns2:name>
                                <ns2:number>508</ns2:number>
                                <ns2:contractPosition>
                                    <ns2:guid>8939a4b2-dda0-41bd-b2c1-a8ee650e224e</ns2:guid>
                                    <ns2:name>Хлеб недлительного хранения</ns2:name>
                                    <ns2:okpd2>
                                        <code>10.71.11.110</code>
                                        <name>Хлеб недлительного хранения</name>
                                    </ns2:okpd2>
                                </ns2:contractPosition>
                                <ns2:okei>
                                    <code>166</code>
                                    <name>Килограмм</name>
                                </ns2:okei>
                                <ns2:qty>165</ns2:qty>
                            </ns2:doc>
                            <ns2:doc>
                                <ns2:ordinal>3</ns2:ordinal>
                                <ns2:date>2017-03-23</ns2:date>
                                <ns2:code>19</ns2:code>
                                <ns2:name>счет-фактура</ns2:name>
                                <ns2:number>514</ns2:number>
                                <ns2:contractPosition>
                                    <ns2:guid>8939a4b2-dda0-41bd-b2c1-a8ee650e224e</ns2:guid>
                                    <ns2:name>Хлеб недлительного хранения</ns2:name>
                                    <ns2:okpd2>
                                        <code>10.71.11.110</code>
                                        <name>Хлеб недлительного хранения</name>
                                    </ns2:okpd2>
                                </ns2:contractPosition>
                                <ns2:okei>
                                    <code>166</code>
                                    <name>Килограмм</name>
                                </ns2:okei>
                                <ns2:qty>165</ns2:qty>
                            </ns2:doc>
                        </ns2:docs>
                    </ns2:position>
                    <ns2:position>
                        <ns2:ordinal>2</ns2:ordinal>
                        <ns2:paymentDate>2017-03-28</ns2:paymentDate>
                        <ns2:price>28050</ns2:price>
                        <ns2:currency>
                            <code>RUB</code>
                            <digitalCode>643</digitalCode>
                            <name>Российский рубль</name>
                        </ns2:currency>
                        <ns2:rubPrice>28050</ns2:rubPrice>
                        <ns2:prepaid>false</ns2:prepaid>
                        <ns2:docs>
                            <ns2:doc>
                                <ns2:ordinal>1</ns2:ordinal>
                                <ns2:date>2017-03-24</ns2:date>
                                <ns2:code>18</ns2:code>
                                <ns2:name>счет на оплату</ns2:name>
                                <ns2:number>519</ns2:number>
                                <ns2:contractPosition>
                                    <ns2:guid>8939a4b2-dda0-41bd-b2c1-a8ee650e224e</ns2:guid>
                                    <ns2:name>Хлеб недлительного хранения</ns2:name>
                                    <ns2:okpd2>
                                        <code>10.71.11.110</code>
                                        <name>Хлеб недлительного хранения</name>
                                    </ns2:okpd2>
                                </ns2:contractPosition>
                                <ns2:okei>
                                    <code>166</code>
                                    <name>Килограмм</name>
                                </ns2:okei>
                                <ns2:qty>165</ns2:qty>
                            </ns2:doc>
                            <ns2:doc>
                                <ns2:ordinal>2</ns2:ordinal>
                                <ns2:date>2017-03-25</ns2:date>
                                <ns2:code>18</ns2:code>
                                <ns2:name>счет на оплату</ns2:name>
                                <ns2:number>524</ns2:number>
                                <ns2:contractPosition>
                                    <ns2:guid>8939a4b2-dda0-41bd-b2c1-a8ee650e224e</ns2:guid>
                                    <ns2:name>Хлеб недлительного хранения</ns2:name>
                                    <ns2:okpd2>
                                        <code>10.71.11.110</code>
                                        <name>Хлеб недлительного хранения</name>
                                    </ns2:okpd2>
                                </ns2:contractPosition>
                                <ns2:okei>
                                    <code>166</code>
                                    <name>Килограмм</name>
                                </ns2:okei>
                                <ns2:qty>165</ns2:qty>
                            </ns2:doc>
                            <ns2:doc>
                                <ns2:ordinal>3</ns2:ordinal>
                                <ns2:date>2017-03-26</ns2:date>
                                <ns2:code>18</ns2:code>
                                <ns2:name>счет на оплату</ns2:name>
                                <ns2:number>525</ns2:number>
                                <ns2:contractPosition>
                                    <ns2:guid>8939a4b2-dda0-41bd-b2c1-a8ee650e224e</ns2:guid>
                                    <ns2:name>Хлеб недлительного хранения</ns2:name>
                                    <ns2:okpd2>
                                        <code>10.71.11.110</code>
                                        <name>Хлеб недлительного хранения</name>
                                    </ns2:okpd2>
                                </ns2:contractPosition>
                                <ns2:okei>
                                    <code>166</code>
                                    <name>Килограмм</name>
                                </ns2:okei>
                                <ns2:qty>165</ns2:qty>
                            </ns2:doc>
                            <ns2:doc>
                                <ns2:ordinal>4</ns2:ordinal>
                                <ns2:date>2017-03-27</ns2:date>
                                <ns2:code>18</ns2:code>
                                <ns2:name>счет на оплату</ns2:name>
                                <ns2:number>526</ns2:number>
                                <ns2:contractPosition>
                                    <ns2:guid>8939a4b2-dda0-41bd-b2c1-a8ee650e224e</ns2:guid>
                                    <ns2:name>Хлеб недлительного хранения</ns2:name>
                                    <ns2:okpd2>
                                        <code>10.71.11.110</code>
                                        <name>Хлеб недлительного хранения</name>
                                    </ns2:okpd2>
                                </ns2:contractPosition>
                                <ns2:okei>
                                    <code>166</code>
                                    <name>Килограмм</name>
                                </ns2:okei>
                                <ns2:qty>165</ns2:qty>
                            </ns2:doc>
                        </ns2:docs>
                    </ns2:position>
                    <ns2:total>49087.5</ns2:total>
                </ns2:positions>
            </ns2:performanceContractData>
        </ns2:item>
    </ns2:body>
</ns2:performanceContract>
