<?xml version="1.0" encoding="UTF-8" standalone="yes"?>
<ns2:performanceContract xsi:schemaLocation="http://zakupki.gov.ru/223/integration/schema/TFF-5.2 http://zakupki.gov.ru/223/integration/schema/TFF-5.2/Types.xsd" xmlns="http://zakupki.gov.ru/223fz/types/1" xmlns:ns10="http://zakupki.gov.ru/223fz/disagreementProtocol/1" xmlns:ns11="http://zakupki.gov.ru/223fz/purchase/1" xmlns:ns12="http://zakupki.gov.ru/223fz/machineryListInfo/1" xmlns:ns13="http://zakupki.gov.ru/223fz/revenue/1" xmlns:ns14="http://zakupki.gov.ru/223fz/orderClauseList/1" xmlns:ns15="http://zakupki.gov.ru/223fz/complaint/1" xmlns:ns16="http://zakupki.gov.ru/223fz/missedNotice/1" xmlns:ns17="http://zakupki.gov.ru/223fz/notificationIssue/1" xmlns:ns18="http://zakupki.gov.ru/223fz/purchasePlanProject/1" xmlns:ns19="http://zakupki.gov.ru/223fz/webRequest/1" xmlns:ns2="http://zakupki.gov.ru/223fz/contract/1" xmlns:xsi="http://www.w3.org/2001/XMLSchema-instance" xmlns:ns3="http://zakupki.gov.ru/223fz/dishonestSupplier/1" xmlns:ns4="http://zakupki.gov.ru/223fz/decisionSuspension/1" xmlns:ns5="http://zakupki.gov.ru/223fz/purchasePlanAdditionalPosition/1" xmlns:ns6="http://zakupki.gov.ru/223fz/purchasePlan/1" xmlns:ns7="http://zakupki.gov.ru/223fz/purchasePlanProjectAdditionalPosition/1" xmlns:ns8="http://zakupki.gov.ru/223fz/reference/1" xmlns:ns9="http://zakupki.gov.ru/223fz/stopCommodity/1">
    <header>
        <guid>772c28e9-3f69-44c7-81b5-e4dd39891b49</guid>
        <createDateTime>2017-03-30T08:26:12</createDateTime>
    </header>
    <ns2:body>
        <ns2:item>
            <guid>6502b25c-49e5-4fa5-891f-85bad45cd8f3</guid>
            <ns2:performanceContractData>
                <ns2:guid>21790abf-5575-4b6a-ba76-369de9c3a171</ns2:guid>
                <ns2:registrationNumber>56658017389160001940035</ns2:registrationNumber>
                <ns2:urlOOS>https://zakupki.gov.ru/223/contract/private/completing/info/view.html?id=2662787</ns2:urlOOS>
                <ns2:createDateTime>2017-02-09T09:22:32</ns2:createDateTime>
                <ns2:customer>
                    <mainInfo>
                        <fullName>ФЕДЕРАЛЬНОЕ ГОСУДАРСТВЕННОЕ БЮДЖЕТНОЕ ОБРАЗОВАТЕЛЬНОЕ УЧРЕЖДЕНИЕ ВЫСШЕГО ОБРАЗОВАНИЯ "УРАЛЬСКИЙ ГОСУДАРСТВЕННЫЙ МЕДИЦИНСКИЙ УНИВЕРСИТЕТ" МИНИСТЕРСТВА ЗДРАВООХРАНЕНИЯ РОССИЙСКОЙ ФЕДЕРАЦИИ</fullName>
                        <shortName>ФГБОУ ВО УГМУ МИНЗДРАВА РОССИИ</shortName>
                        <iko>56658017389665801001</iko>
                        <inn>6658017389</inn>
                        <kpp>665801001</kpp>
                        <ogrn>1036602643990</ogrn>
                        <legalAddress>620028, ОБЛ СВЕРДЛОВСКАЯ, Г ЕКАТЕРИНБУРГ, УЛ РЕПИНА, дом 3</legalAddress>
                        <postalAddress>620028, г. Екатеринбург, ул. Репина, д. 3</postalAddress>
                        <phone>643-343-2148677</phone>
                        <fax>643-343-2147867</fax>
                        <email>zakupki@mail.ru</email>
                        <okato>65401000000</okato>
                        <okpo>01966265</okpo>
                    </mainInfo>
                </ns2:customer>
                <ns2:placer>
                    <mainInfo>
                        <fullName>ФЕДЕРАЛЬНОЕ ГОСУДАРСТВЕННОЕ БЮДЖЕТНОЕ ОБРАЗОВАТЕЛЬНОЕ УЧРЕЖДЕНИЕ ВЫСШЕГО ОБРАЗОВАНИЯ "УРАЛЬСКИЙ ГОСУДАРСТВЕННЫЙ МЕДИЦИНСКИЙ УНИВЕРСИТЕТ" МИНИСТЕРСТВА ЗДРАВООХРАНЕНИЯ РОССИЙСКОЙ ФЕДЕРАЦИИ</fullName>
                        <shortName>ФГБОУ ВО УГМУ МИНЗДРАВА РОССИИ</shortName>
                        <iko>56658017389665801001</iko>
                        <inn>6658017389</inn>
                        <kpp>665801001</kpp>
                        <ogrn>1036602643990</ogrn>
                        <legalAddress>620028, ОБЛ СВЕРДЛОВСКАЯ, Г ЕКАТЕРИНБУРГ, УЛ РЕПИНА, дом 3</legalAddress>
                        <postalAddress>620028, г. Екатеринбург, ул. Репина, д. 3</postalAddress>
                        <phone>643-343-2148677</phone>
                        <fax>643-343-2147867</fax>
                        <email>zakupki@mail.ru</email>
                        <okato>65401000000</okato>
                        <okpo>01966265</okpo>
                    </mainInfo>
                </ns2:placer>
                <ns2:publicationDate>2017-03-30T08:26:12</ns2:publicationDate>
                <ns2:status>P</ns2:status>
                <ns2:version>1</ns2:version>
                <ns2:completed>false</ns2:completed>
                <ns2:attachments>
                    <totalDocumentsCount>1</totalDocumentsCount>
                    <document>
                        <guid>4c5ceb02-6fc7-43f5-a1a5-30047a9f0973</guid>
                        <createDateTime>2017-03-30T08:25:59</createDateTime>
                        <fileName>п 526730 27.03.17 накл 18327 20.03.17 АО СТМК Надежда.pdf</fileName>
                        <description>п 526730 27.03.17 накл 18327 20.03.17 АО СТМК Надежда</description>
                        <url>https://zakupki.gov.ru/223/contract/private/download/download.html?id=11716384</url>
                        <registrationNumber>56658017389160001940036</registrationNumber>
                    </document>
                </ns2:attachments>
                <ns2:hasPenalty>false</ns2:hasPenalty>
                <ns2:contractRegNumber>56658017389160001940000</ns2:contractRegNumber>
                <ns2:contractInfo>
                    <ns2:guid>d7245bab-18bf-4fb1-be64-7b809ac35e39</ns2:guid>
                    <ns2:name>31604338366</ns2:name>
                    <ns2:agencyName>ФГБОУ ВО УГМУ МИНЗДРАВА РОССИИ</ns2:agencyName>
                    <ns2:supplierName>АКЦИОНЕРНОЕ ОБЩЕСТВО "СЛОБОДОТУРИНСКИЙ МОЛОЧНЫЙ КОМБИНАТ "НАДЕЖДА"</ns2:supplierName>
                    <ns2:lotInfo>Поставка  пищевых продуктов   </ns2:lotInfo>
                    <ns2:contractDate>2016-12-05</ns2:contractDate>
                </ns2:contractInfo>
                <ns2:positions>
                    <ns2:position>
                        <ns2:ordinal>1</ns2:ordinal>
                        <ns2:paymentDate>2017-03-27</ns2:paymentDate>
                        <ns2:price>9920</ns2:price>
                        <ns2:currency>
                            <code>RUB</code>
                            <digitalCode>643</digitalCode>
                            <name>Российский рубль</name>
                        </ns2:currency>
                        <ns2:rubPrice>9920</ns2:rubPrice>
                        <ns2:prepaid>false</ns2:prepaid>
                        <ns2:docs>
                            <ns2:doc>
                                <ns2:ordinal>1</ns2:ordinal>
                                <ns2:date>2017-03-20</ns2:date>
                                <ns2:code>01</ns2:code>
                                <ns2:name>товарная накладная</ns2:name>
                                <ns2:number>18327</ns2:number>
                                <ns2:contractPosition>
                                    <ns2:guid>6c734c45-ad02-495c-8a88-dca4296cfdad</ns2:guid>
                                    <ns2:name>Молоко,творог,сметана,сливочное масло</ns2:name>
                                    <ns2:okpd2>
                                        <code>46.33.11.000</code>
                                        <name>Услуги по оптовой торговле молочными продуктами</name>
                                    </ns2:okpd2>
                                </ns2:contractPosition>
                                <ns2:okei>
                                    <code>796</code>
                                    <name>Штука</name>
                                </ns2:okei>
                                <ns2:qty>125</ns2:qty>
                            </ns2:doc>
                        </ns2:docs>
                    </ns2:position>
                    <ns2:total>9920</ns2:total>
                </ns2:positions>
            </ns2:performanceContractData>
        </ns2:item>
    </ns2:body>
</ns2:performanceContract>
