<?xml version="1.0" encoding="UTF-8" standalone="yes"?>
<ns2:performanceContract xsi:schemaLocation="http://zakupki.gov.ru/223/integration/schema/TFF-5.2 http://zakupki.gov.ru/223/integration/schema/TFF-5.2/Types.xsd" xmlns="http://zakupki.gov.ru/223fz/types/1" xmlns:ns10="http://zakupki.gov.ru/223fz/disagreementProtocol/1" xmlns:ns11="http://zakupki.gov.ru/223fz/purchase/1" xmlns:ns12="http://zakupki.gov.ru/223fz/machineryListInfo/1" xmlns:ns13="http://zakupki.gov.ru/223fz/revenue/1" xmlns:ns14="http://zakupki.gov.ru/223fz/orderClauseList/1" xmlns:ns15="http://zakupki.gov.ru/223fz/complaint/1" xmlns:ns16="http://zakupki.gov.ru/223fz/missedNotice/1" xmlns:ns17="http://zakupki.gov.ru/223fz/notificationIssue/1" xmlns:ns18="http://zakupki.gov.ru/223fz/purchasePlanProject/1" xmlns:ns19="http://zakupki.gov.ru/223fz/webRequest/1" xmlns:ns2="http://zakupki.gov.ru/223fz/contract/1" xmlns:xsi="http://www.w3.org/2001/XMLSchema-instance" xmlns:ns3="http://zakupki.gov.ru/223fz/dishonestSupplier/1" xmlns:ns4="http://zakupki.gov.ru/223fz/decisionSuspension/1" xmlns:ns5="http://zakupki.gov.ru/223fz/purchasePlanAdditionalPosition/1" xmlns:ns6="http://zakupki.gov.ru/223fz/purchasePlan/1" xmlns:ns7="http://zakupki.gov.ru/223fz/purchasePlanProjectAdditionalPosition/1" xmlns:ns8="http://zakupki.gov.ru/223fz/reference/1" xmlns:ns9="http://zakupki.gov.ru/223fz/stopCommodity/1">
    <header>
        <guid>f29fd178-c49f-47c4-9da0-136e10013c4b</guid>
        <createDateTime>2017-03-30T10:58:27</createDateTime>
    </header>
    <ns2:body>
        <ns2:item>
            <guid>75502835-1e79-43de-b9e0-aa0556bb3be0</guid>
            <ns2:performanceContractData>
                <ns2:guid>acf270a7-af64-4c38-84d5-4d17142eac8c</ns2:guid>
                <ns2:registrationNumber>56611006173170000010006</ns2:registrationNumber>
                <ns2:urlOOS>https://zakupki.gov.ru/223/contract/private/completing/info/view.html?id=2664688</ns2:urlOOS>
                <ns2:createDateTime>2017-02-08T11:01:53</ns2:createDateTime>
                <ns2:customer>
                    <mainInfo>
                        <fullName>МУНИЦИПАЛЬНОЕ ОБРАЗОВАТЕЛЬНОЕ УЧРЕЖДЕНИЕ ДОПОЛНИТЕЛЬНОГО ОБРАЗОВАНИЯ "ЦЕНТР ВНЕШКОЛЬНОЙ РАБОТЫ"</fullName>
                        <shortName>МОУ ДО "ЦЕНТР ВНЕШКОЛЬНОЙ РАБОТЫ"</shortName>
                        <iko>56611006173667601001</iko>
                        <inn>6611006173</inn>
                        <kpp>667601001</kpp>
                        <ogrn>1026600879073</ogrn>
                        <legalAddress>623847, обл СВЕРДЛОВСКАЯ, пгт ЗАЙКОВО, ул КОММУНИСТИЧЕСКАЯ, дом 189</legalAddress>
                        <postalAddress>623847, Свердловская Область, Зайково Поселок, Коммунистическая Улица, дом 189</postalAddress>
                        <phone>7-34355-52122</phone>
                        <fax>8-34355-34027</fax>
                        <email>rupro@list.ru</email>
                        <okato>65218000000</okato>
                        <okpo>50310740</okpo>
                    </mainInfo>
                </ns2:customer>
                <ns2:placer>
                    <mainInfo>
                        <fullName>МУНИЦИПАЛЬНОЕ ОБРАЗОВАТЕЛЬНОЕ УЧРЕЖДЕНИЕ ДОПОЛНИТЕЛЬНОГО ОБРАЗОВАНИЯ "ЦЕНТР ВНЕШКОЛЬНОЙ РАБОТЫ"</fullName>
                        <shortName>МОУ ДО "ЦЕНТР ВНЕШКОЛЬНОЙ РАБОТЫ"</shortName>
                        <iko>56611006173667601001</iko>
                        <inn>6611006173</inn>
                        <kpp>667601001</kpp>
                        <ogrn>1026600879073</ogrn>
                        <legalAddress>623847, обл СВЕРДЛОВСКАЯ, пгт ЗАЙКОВО, ул КОММУНИСТИЧЕСКАЯ, дом 189</legalAddress>
                        <postalAddress>623847, Свердловская Область, Зайково Поселок, Коммунистическая Улица, дом 189</postalAddress>
                        <phone>7-34355-52122</phone>
                        <fax>8-34355-34027</fax>
                        <email>rupro@list.ru</email>
                        <okato>65218000000</okato>
                        <okpo>50310740</okpo>
                    </mainInfo>
                </ns2:placer>
                <ns2:publicationDate>2017-03-30T10:58:27</ns2:publicationDate>
                <ns2:status>P</ns2:status>
                <ns2:version>1</ns2:version>
                <ns2:completed>false</ns2:completed>
                <ns2:attachments>
                    <totalDocumentsCount>1</totalDocumentsCount>
                    <document>
                        <guid>ad194ac8-6d32-40d8-b49d-1aad9cd72415</guid>
                        <createDateTime>2017-03-30T10:54:13</createDateTime>
                        <fileName>Платежное поручение от 29.03.2017.PDF</fileName>
                        <description>Платежное поручение от 29.03.2017</description>
                        <url>https://zakupki.gov.ru/223/contract/private/download/download.html?id=11725630</url>
                        <registrationNumber>56611006173170000010007</registrationNumber>
                    </document>
                </ns2:attachments>
                <ns2:hasPenalty>false</ns2:hasPenalty>
                <ns2:contractRegNumber>56611006173170000010000</ns2:contractRegNumber>
                <ns2:contractInfo>
                    <ns2:guid>23ec6290-66d0-4870-a67a-72035ee077bb</ns2:guid>
                    <ns2:name>Ирб20-0546/17</ns2:name>
                    <ns2:agencyName>МОУ ДО "ЦЕНТР ВНЕШКОЛЬНОЙ РАБОТЫ"</ns2:agencyName>
                    <ns2:supplierName>АКЦИОНЕРНОЕ ОБЩЕСТВО "РЕГИОНГАЗ-ИНВЕСТ"</ns2:supplierName>
                    <ns2:lotInfo>Поставка тепловой энергии и теплоносителя через привлеченных третьих лиц</ns2:lotInfo>
                    <ns2:contractDate>2017-02-08</ns2:contractDate>
                </ns2:contractInfo>
                <ns2:positions>
                    <ns2:position>
                        <ns2:ordinal>1</ns2:ordinal>
                        <ns2:paymentDate>2017-03-29</ns2:paymentDate>
                        <ns2:price>30238.51</ns2:price>
                        <ns2:currency>
                            <code>RUB</code>
                            <digitalCode>643</digitalCode>
                            <name>Российский рубль</name>
                        </ns2:currency>
                        <ns2:rubPrice>30238.51</ns2:rubPrice>
                        <ns2:prepaid>false</ns2:prepaid>
                        <ns2:docs>
                            <ns2:doc>
                                <ns2:ordinal>1</ns2:ordinal>
                                <ns2:date>2017-02-28</ns2:date>
                                <ns2:code>20</ns2:code>
                                <ns2:name>акт выполненных работ</ns2:name>
                                <ns2:number>3270901/РИ0004058</ns2:number>
                                <ns2:contractPosition>
                                    <ns2:guid>11f124af-99a1-48c7-85d9-376fba575aa6</ns2:guid>
                                    <ns2:name>Тепловая энергия, отпущенная котельными</ns2:name>
                                    <ns2:okpd2>
                                        <code>40.30.10.113</code>
                                        <name>Тепловая энергия, отпущенная котельными</name>
                                    </ns2:okpd2>
                                </ns2:contractPosition>
                                <ns2:okei>
                                    <code>233</code>
                                    <name>Гигакалория</name>
                                </ns2:okei>
                                <ns2:qty>11.93</ns2:qty>
                            </ns2:doc>
                        </ns2:docs>
                    </ns2:position>
                    <ns2:total>30238.51</ns2:total>
                </ns2:positions>
            </ns2:performanceContractData>
        </ns2:item>
    </ns2:body>
</ns2:performanceContract>
