<?xml version="1.0" encoding="UTF-8" standalone="yes"?>
<ns2:contractCancellation xsi:schemaLocation="http://zakupki.gov.ru/223/integration/schema/TFF-5.2 http://zakupki.gov.ru/223/integration/schema/TFF-5.2/Types.xsd" xmlns="http://zakupki.gov.ru/223fz/types/1" xmlns:ns10="http://zakupki.gov.ru/223fz/disagreementProtocol/1" xmlns:ns11="http://zakupki.gov.ru/223fz/purchase/1" xmlns:ns12="http://zakupki.gov.ru/223fz/machineryListInfo/1" xmlns:ns13="http://zakupki.gov.ru/223fz/revenue/1" xmlns:ns14="http://zakupki.gov.ru/223fz/orderClauseList/1" xmlns:ns15="http://zakupki.gov.ru/223fz/complaint/1" xmlns:ns16="http://zakupki.gov.ru/223fz/missedNotice/1" xmlns:ns17="http://zakupki.gov.ru/223fz/notificationIssue/1" xmlns:ns18="http://zakupki.gov.ru/223fz/purchasePlanProject/1" xmlns:ns19="http://zakupki.gov.ru/223fz/webRequest/1" xmlns:ns2="http://zakupki.gov.ru/223fz/contract/1" xmlns:xsi="http://www.w3.org/2001/XMLSchema-instance" xmlns:ns3="http://zakupki.gov.ru/223fz/dishonestSupplier/1" xmlns:ns4="http://zakupki.gov.ru/223fz/decisionSuspension/1" xmlns:ns5="http://zakupki.gov.ru/223fz/purchasePlanAdditionalPosition/1" xmlns:ns6="http://zakupki.gov.ru/223fz/purchasePlan/1" xmlns:ns7="http://zakupki.gov.ru/223fz/purchasePlanProjectAdditionalPosition/1" xmlns:ns8="http://zakupki.gov.ru/223fz/reference/1" xmlns:ns9="http://zakupki.gov.ru/223fz/stopCommodity/1">
    <header>
        <guid>e2697414-f193-47a0-bcd5-577298158ae1</guid>
        <createDateTime>2017-03-30T08:31:45</createDateTime>
    </header>
    <ns2:body>
        <ns2:item>
            <guid>c83c2108-f4f8-4228-95ca-5bc46763bdd2</guid>
            <ns2:contractCancellationData>
                <ns2:guid>184baf03-bbf1-4247-ab90-4dcfa21b874d</ns2:guid>
                <ns2:registrationNumber>56608002436160000150071</ns2:registrationNumber>
                <ns2:urlOOS>https://zakupki.gov.ru/223/contract/private/completing/info/view.html?id=2662861</ns2:urlOOS>
                <ns2:createDateTime>2017-03-30T08:31:10</ns2:createDateTime>
                <ns2:customer>
                    <mainInfo>
                        <fullName>Екатеринбургское муниципальное унитарное предприятие "Екатеринбургский метрополитен"</fullName>
                        <shortName>"Метрополитен"</shortName>
                        <iko>56608002436665801001</iko>
                        <inn>6608002436</inn>
                        <kpp>665801001</kpp>
                        <ogrn>1026602326068</ogrn>
                        <legalAddress>620014, Свердловская, Екатеринбург, Володарского, дом 3</legalAddress>
                        <postalAddress>620014, г. Екатеринбург, ул. Володарского, д. 3</postalAddress>
                        <phone>7-343-3580000</phone>
                        <fax>7-234-3580321</fax>
                        <email>n@metro-ektb.ru</email>
                        <okato>65401000000</okato>
                        <okpo>04867888</okpo>
                    </mainInfo>
                </ns2:customer>
                <ns2:placer>
                    <mainInfo>
                        <fullName>Екатеринбургское муниципальное унитарное предприятие "Екатеринбургский метрополитен"</fullName>
                        <shortName>"Метрополитен"</shortName>
                        <iko>56608002436665801001</iko>
                        <inn>6608002436</inn>
                        <kpp>665801001</kpp>
                        <ogrn>1026602326068</ogrn>
                        <legalAddress>620014, Свердловская, Екатеринбург, Володарского, дом 3</legalAddress>
                        <postalAddress>620014, г. Екатеринбург, ул. Володарского, д. 3</postalAddress>
                        <phone>7-343-3580000</phone>
                        <fax>7-234-3580321</fax>
                        <email>n@metro-ektb.ru</email>
                        <okato>65401000000</okato>
                        <okpo>04867888</okpo>
                    </mainInfo>
                </ns2:placer>
                <ns2:publicationDate>2017-03-30T08:31:45</ns2:publicationDate>
                <ns2:status>P</ns2:status>
                <ns2:version>1</ns2:version>
                <ns2:attachments>
                    <totalDocumentsCount>2</totalDocumentsCount>
                    <document>
                        <guid>8183acfc-160e-4e45-ba57-6892ea2229ad</guid>
                        <createDateTime>2017-03-30T08:30:53</createDateTime>
                        <fileName>Приказ № 43-ок от 15.03.2017.pdf</fileName>
                        <description>Приказ № 43-ок от 15.03.2017</description>
                        <url>https://zakupki.gov.ru/223/contract/private/download/download.html?id=11716583</url>
                        <registrationNumber>56608002436160000150072</registrationNumber>
                    </document>
                    <document>
                        <guid>368df195-88f7-454a-9137-d122bf59cd71</guid>
                        <createDateTime>2017-03-30T08:30:57</createDateTime>
                        <fileName>Дополнительное соглашение № 1-22 от 30.03.2017.pdf</fileName>
                        <description>Дополнительное соглашение № 1-22 от 30.03.2017</description>
                        <url>https://zakupki.gov.ru/223/contract/private/download/download.html?id=11716586</url>
                        <registrationNumber>56608002436160000150073</registrationNumber>
                    </document>
                </ns2:attachments>
                <ns2:hasPenalty>false</ns2:hasPenalty>
                <ns2:contractRegNumber>56608002436160000150000</ns2:contractRegNumber>
                <ns2:contractInfo>
                    <ns2:guid>d6bbb2fd-4e0a-444e-ab89-48dac0db59a7</ns2:guid>
                    <ns2:name>15Т-2016</ns2:name>
                    <ns2:agencyName>"Метрополитен"</ns2:agencyName>
                    <ns2:supplierName>ОТКРЫТОЕ АКЦИОНЕРНОЕ ОБЩЕСТВО КОНЦЕРН "УРАЛЭЛЕКТРОРЕМОНТ"</ns2:supplierName>
                    <ns2:lotInfo>Оказание услуг по среднему ремонту тяговых электродвигателей ДК-117,  и их модификаций с пропиткой якорей составами СПЭМ</ns2:lotInfo>
                    <ns2:contractDate>2016-02-16</ns2:contractDate>
                </ns2:contractInfo>
                <ns2:baseContractCancellationCode>1</ns2:baseContractCancellationCode>
                <ns2:baseContractCancellationName>Соглашение сторон</ns2:baseContractCancellationName>
                <ns2:baseRejectionDocCode>11</ns2:baseRejectionDocCode>
                <ns2:baseRejectionDocName>Дополнительное соглашение к договору</ns2:baseRejectionDocName>
                <ns2:completionDate>2017-03-30T00:00:00</ns2:completionDate>
                <ns2:baseRejectionDocNum>1/22</ns2:baseRejectionDocNum>
                <ns2:baseRejectionDocDate>2017-03-30</ns2:baseRejectionDocDate>
            </ns2:contractCancellationData>
        </ns2:item>
    </ns2:body>
</ns2:contractCancellation>
