<?xml version="1.0" encoding="UTF-8" standalone="yes"?>
<ns2:performanceContract xsi:schemaLocation="http://zakupki.gov.ru/223/integration/schema/TFF-5.2 http://zakupki.gov.ru/223/integration/schema/TFF-5.2/Types.xsd" xmlns="http://zakupki.gov.ru/223fz/types/1" xmlns:ns10="http://zakupki.gov.ru/223fz/disagreementProtocol/1" xmlns:ns11="http://zakupki.gov.ru/223fz/purchase/1" xmlns:ns12="http://zakupki.gov.ru/223fz/machineryListInfo/1" xmlns:ns13="http://zakupki.gov.ru/223fz/revenue/1" xmlns:ns14="http://zakupki.gov.ru/223fz/orderClauseList/1" xmlns:ns15="http://zakupki.gov.ru/223fz/complaint/1" xmlns:ns16="http://zakupki.gov.ru/223fz/missedNotice/1" xmlns:ns17="http://zakupki.gov.ru/223fz/notificationIssue/1" xmlns:ns18="http://zakupki.gov.ru/223fz/purchasePlanProject/1" xmlns:ns19="http://zakupki.gov.ru/223fz/webRequest/1" xmlns:ns2="http://zakupki.gov.ru/223fz/contract/1" xmlns:xsi="http://www.w3.org/2001/XMLSchema-instance" xmlns:ns3="http://zakupki.gov.ru/223fz/dishonestSupplier/1" xmlns:ns4="http://zakupki.gov.ru/223fz/decisionSuspension/1" xmlns:ns5="http://zakupki.gov.ru/223fz/purchasePlanAdditionalPosition/1" xmlns:ns6="http://zakupki.gov.ru/223fz/purchasePlan/1" xmlns:ns7="http://zakupki.gov.ru/223fz/purchasePlanProjectAdditionalPosition/1" xmlns:ns8="http://zakupki.gov.ru/223fz/reference/1" xmlns:ns9="http://zakupki.gov.ru/223fz/stopCommodity/1">
    <header>
        <guid>c7285640-988d-4785-80b4-9b02535f07e6</guid>
        <createDateTime>2017-03-30T09:11:58</createDateTime>
    </header>
    <ns2:body>
        <ns2:item>
            <guid>2ccb1b80-7118-4533-89c1-68a80463832c</guid>
            <ns2:performanceContractData>
                <ns2:guid>131fd356-b941-4a1f-9f3d-5bd232d6a2d5</ns2:guid>
                <ns2:registrationNumber>56617001750160001580003</ns2:registrationNumber>
                <ns2:urlOOS>https://zakupki.gov.ru/223/contract/private/completing/info/view.html?id=2663195</ns2:urlOOS>
                <ns2:termination>false</ns2:termination>
                <ns2:createDateTime>2016-12-29T14:33:37</ns2:createDateTime>
                <ns2:customer>
                    <mainInfo>
                        <fullName>Муниципальное унитарное предприятие "Краснотурьинский хлебокомбинат"</fullName>
                        <shortName>Муниципальное унитарное предприятие "Краснотурьинский хлебокомбинат"</shortName>
                        <iko>56617001750661701001</iko>
                        <inn>6617001750</inn>
                        <kpp>661701001</kpp>
                        <ogrn>1026601183718</ogrn>
                        <legalAddress>624441, Свердловская, Краснотурьинск, Маяковского, дом 1</legalAddress>
                        <postalAddress>624441, Свердловская, Краснотурьинск, Маяковского, дом 1</postalAddress>
                        <phone>7-34384-60208</phone>
                        <email>urist@kr-xleb.ru</email>
                        <okato>65456000000</okato>
                        <okpo>00350119</okpo>
                    </mainInfo>
                </ns2:customer>
                <ns2:placer>
                    <mainInfo>
                        <fullName>Муниципальное унитарное предприятие "Краснотурьинский хлебокомбинат"</fullName>
                        <shortName>Муниципальное унитарное предприятие "Краснотурьинский хлебокомбинат"</shortName>
                        <iko>56617001750661701001</iko>
                        <inn>6617001750</inn>
                        <kpp>661701001</kpp>
                        <ogrn>1026601183718</ogrn>
                        <legalAddress>624441, Свердловская, Краснотурьинск, Маяковского, дом 1</legalAddress>
                        <postalAddress>624441, Свердловская, Краснотурьинск, Маяковского, дом 1</postalAddress>
                        <phone>7-34384-60208</phone>
                        <email>urist@kr-xleb.ru</email>
                        <okato>65456000000</okato>
                        <okpo>00350119</okpo>
                    </mainInfo>
                </ns2:placer>
                <ns2:publicationDate>2017-03-30T09:11:58</ns2:publicationDate>
                <ns2:status>P</ns2:status>
                <ns2:version>1</ns2:version>
                <ns2:completed>true</ns2:completed>
                <ns2:attachments>
                    <totalDocumentsCount>7</totalDocumentsCount>
                    <document>
                        <guid>ac885956-94f6-4612-9d1a-b92e7ed34e30</guid>
                        <createDateTime>2017-03-30T09:11:21</createDateTime>
                        <fileName>сф903 01.03.17.jpg</fileName>
                        <description>сф903 01.03.17</description>
                        <url>https://zakupki.gov.ru/223/contract/private/download/download.html?id=11718949</url>
                        <registrationNumber>56617001750160001580004</registrationNumber>
                    </document>
                    <document>
                        <guid>8b94b237-a062-48ce-9f97-e8cd229ea39a</guid>
                        <createDateTime>2017-03-30T09:10:45</createDateTime>
                        <fileName>сф174 18.01.17.jpg</fileName>
                        <description>сф174 18.01.17</description>
                        <url>https://zakupki.gov.ru/223/contract/private/download/download.html?id=11718918</url>
                        <registrationNumber>56617001750160001580005</registrationNumber>
                    </document>
                    <document>
                        <guid>cbfd3a6d-93e0-4911-aa40-b17773b40ba0</guid>
                        <createDateTime>2017-03-30T09:10:52</createDateTime>
                        <fileName>сф534 08.02.17.jpg</fileName>
                        <description>сф534 08.02.17</description>
                        <url>https://zakupki.gov.ru/223/contract/private/download/download.html?id=11718924</url>
                        <registrationNumber>56617001750160001580006</registrationNumber>
                    </document>
                    <document>
                        <guid>71130b0c-205f-4b44-a274-3190fdf38763</guid>
                        <createDateTime>2017-03-30T09:11:37</createDateTime>
                        <fileName>сф1134 15.03.17.jpg</fileName>
                        <description>сф1134 15.03.17</description>
                        <url>https://zakupki.gov.ru/223/contract/private/download/download.html?id=11718957</url>
                        <registrationNumber>56617001750160001580007</registrationNumber>
                    </document>
                    <document>
                        <guid>5a562732-382d-4af5-b65b-d876705c434d</guid>
                        <createDateTime>2017-03-30T09:10:33</createDateTime>
                        <fileName>сф73 11.01.17.jpg</fileName>
                        <description>сф73 11.01.17</description>
                        <url>https://zakupki.gov.ru/223/contract/private/download/download.html?id=11718910</url>
                        <registrationNumber>56617001750160001580008</registrationNumber>
                    </document>
                    <document>
                        <guid>f1f2b642-422b-433a-bdde-048569e9949b</guid>
                        <createDateTime>2017-03-30T09:11:14</createDateTime>
                        <fileName>сф738 20.02.17.jpg</fileName>
                        <description>сф738 20.02.17</description>
                        <url>https://zakupki.gov.ru/223/contract/private/download/download.html?id=11718942</url>
                        <registrationNumber>56617001750160001580009</registrationNumber>
                    </document>
                    <document>
                        <guid>bac053de-b3eb-4e6f-8583-2a9bcb5fbd76</guid>
                        <createDateTime>2017-03-30T09:11:02</createDateTime>
                        <fileName>сф660 15.02.17.jpg</fileName>
                        <description>сф660 15.02.17</description>
                        <url>https://zakupki.gov.ru/223/contract/private/download/download.html?id=11718927</url>
                        <registrationNumber>56617001750160001580010</registrationNumber>
                    </document>
                </ns2:attachments>
                <ns2:hasPenalty>false</ns2:hasPenalty>
                <ns2:contractRegNumber>56617001750160001580000</ns2:contractRegNumber>
                <ns2:contractInfo>
                    <ns2:guid>af0e6f13-52b5-40c6-90d3-ddbcda446283</ns2:guid>
                    <ns2:agencyName>Муниципальное унитарное предприятие "Краснотурьинский хлебокомбинат"</ns2:agencyName>
                    <ns2:supplierName>ОБЩЕСТВО С ОГРАНИЧЕННОЙ ОТВЕТСТВЕННОСТЬЮ "БИЗНЕСШАНС"</ns2:supplierName>
                    <ns2:lotInfo>Поставка продуктов молокосодержащих "Сгущенка вареная" Стандарт".</ns2:lotInfo>
                    <ns2:contractDate>2016-12-26</ns2:contractDate>
                </ns2:contractInfo>
                <ns2:positions>
                    <ns2:position>
                        <ns2:ordinal>1</ns2:ordinal>
                        <ns2:paymentDate>2017-01-30</ns2:paymentDate>
                        <ns2:price>31200</ns2:price>
                        <ns2:currency>
                            <code>RUB</code>
                            <digitalCode>643</digitalCode>
                            <name>Российский рубль</name>
                        </ns2:currency>
                        <ns2:rubPrice>31200</ns2:rubPrice>
                        <ns2:prepaid>false</ns2:prepaid>
                        <ns2:docs>
                            <ns2:doc>
                                <ns2:ordinal>1</ns2:ordinal>
                                <ns2:date>2017-01-11</ns2:date>
                                <ns2:code>19</ns2:code>
                                <ns2:name>счет-фактура</ns2:name>
                                <ns2:number>73</ns2:number>
                                <ns2:contractPosition>
                                    <ns2:guid>77a427f1-f9b4-431e-a1af-d7dd7ada03ab</ns2:guid>
                                    <ns2:name>Молоко сгущенное (концентрированное) с сахаром</ns2:name>
                                    <ns2:okpd2>
                                        <code>10.51.51.113</code>
                                        <name>Молоко сгущенное (концентрированное) с сахаром</name>
                                    </ns2:okpd2>
                                </ns2:contractPosition>
                                <ns2:okei>
                                    <code>168</code>
                                    <name>Тонна; Метрическая тонна (1000 кг)</name>
                                </ns2:okei>
                                <ns2:qty>0.2</ns2:qty>
                            </ns2:doc>
                            <ns2:doc>
                                <ns2:ordinal>2</ns2:ordinal>
                                <ns2:date>2017-01-18</ns2:date>
                                <ns2:code>19</ns2:code>
                                <ns2:name>счет-фактура</ns2:name>
                                <ns2:number>174</ns2:number>
                                <ns2:contractPosition>
                                    <ns2:guid>77a427f1-f9b4-431e-a1af-d7dd7ada03ab</ns2:guid>
                                    <ns2:name>Молоко сгущенное (концентрированное) с сахаром</ns2:name>
                                    <ns2:okpd2>
                                        <code>10.51.51.113</code>
                                        <name>Молоко сгущенное (концентрированное) с сахаром</name>
                                    </ns2:okpd2>
                                </ns2:contractPosition>
                                <ns2:okei>
                                    <code>168</code>
                                    <name>Тонна; Метрическая тонна (1000 кг)</name>
                                </ns2:okei>
                                <ns2:qty>0.2</ns2:qty>
                            </ns2:doc>
                        </ns2:docs>
                    </ns2:position>
                    <ns2:position>
                        <ns2:ordinal>2</ns2:ordinal>
                        <ns2:paymentDate>2017-02-28</ns2:paymentDate>
                        <ns2:price>15600</ns2:price>
                        <ns2:currency>
                            <code>RUB</code>
                            <digitalCode>643</digitalCode>
                            <name>Российский рубль</name>
                        </ns2:currency>
                        <ns2:rubPrice>15600</ns2:rubPrice>
                        <ns2:prepaid>false</ns2:prepaid>
                        <ns2:docs>
                            <ns2:doc>
                                <ns2:ordinal>1</ns2:ordinal>
                                <ns2:date>2017-02-08</ns2:date>
                                <ns2:code>19</ns2:code>
                                <ns2:name>счет-фактура</ns2:name>
                                <ns2:number>534</ns2:number>
                                <ns2:contractPosition>
                                    <ns2:guid>77a427f1-f9b4-431e-a1af-d7dd7ada03ab</ns2:guid>
                                    <ns2:name>Молоко сгущенное (концентрированное) с сахаром</ns2:name>
                                    <ns2:okpd2>
                                        <code>10.51.51.113</code>
                                        <name>Молоко сгущенное (концентрированное) с сахаром</name>
                                    </ns2:okpd2>
                                </ns2:contractPosition>
                                <ns2:okei>
                                    <code>168</code>
                                    <name>Тонна; Метрическая тонна (1000 кг)</name>
                                </ns2:okei>
                                <ns2:qty>0.2</ns2:qty>
                            </ns2:doc>
                        </ns2:docs>
                    </ns2:position>
                    <ns2:position>
                        <ns2:ordinal>3</ns2:ordinal>
                        <ns2:paymentDate>2017-03-06</ns2:paymentDate>
                        <ns2:price>23400</ns2:price>
                        <ns2:currency>
                            <code>RUB</code>
                            <digitalCode>643</digitalCode>
                            <name>Российский рубль</name>
                        </ns2:currency>
                        <ns2:rubPrice>23400</ns2:rubPrice>
                        <ns2:prepaid>false</ns2:prepaid>
                        <ns2:docs>
                            <ns2:doc>
                                <ns2:ordinal>1</ns2:ordinal>
                                <ns2:date>2017-02-15</ns2:date>
                                <ns2:code>19</ns2:code>
                                <ns2:name>счет-фактура</ns2:name>
                                <ns2:number>660</ns2:number>
                                <ns2:contractPosition>
                                    <ns2:guid>77a427f1-f9b4-431e-a1af-d7dd7ada03ab</ns2:guid>
                                    <ns2:name>Молоко сгущенное (концентрированное) с сахаром</ns2:name>
                                    <ns2:okpd2>
                                        <code>10.51.51.113</code>
                                        <name>Молоко сгущенное (концентрированное) с сахаром</name>
                                    </ns2:okpd2>
                                </ns2:contractPosition>
                                <ns2:okei>
                                    <code>168</code>
                                    <name>Тонна; Метрическая тонна (1000 кг)</name>
                                </ns2:okei>
                                <ns2:qty>0.3</ns2:qty>
                            </ns2:doc>
                        </ns2:docs>
                    </ns2:position>
                    <ns2:position>
                        <ns2:ordinal>4</ns2:ordinal>
                        <ns2:paymentDate>2017-03-10</ns2:paymentDate>
                        <ns2:price>15600</ns2:price>
                        <ns2:currency>
                            <code>RUB</code>
                            <digitalCode>643</digitalCode>
                            <name>Российский рубль</name>
                        </ns2:currency>
                        <ns2:rubPrice>15600</ns2:rubPrice>
                        <ns2:prepaid>false</ns2:prepaid>
                        <ns2:docs>
                            <ns2:doc>
                                <ns2:ordinal>1</ns2:ordinal>
                                <ns2:date>2017-02-20</ns2:date>
                                <ns2:code>19</ns2:code>
                                <ns2:name>счет-фактура</ns2:name>
                                <ns2:number>738</ns2:number>
                                <ns2:contractPosition>
                                    <ns2:guid>77a427f1-f9b4-431e-a1af-d7dd7ada03ab</ns2:guid>
                                    <ns2:name>Молоко сгущенное (концентрированное) с сахаром</ns2:name>
                                    <ns2:okpd2>
                                        <code>10.51.51.113</code>
                                        <name>Молоко сгущенное (концентрированное) с сахаром</name>
                                    </ns2:okpd2>
                                </ns2:contractPosition>
                                <ns2:okei>
                                    <code>168</code>
                                    <name>Тонна; Метрическая тонна (1000 кг)</name>
                                </ns2:okei>
                                <ns2:qty>0.2</ns2:qty>
                            </ns2:doc>
                        </ns2:docs>
                    </ns2:position>
                    <ns2:position>
                        <ns2:ordinal>5</ns2:ordinal>
                        <ns2:paymentDate>2017-03-14</ns2:paymentDate>
                        <ns2:price>15600</ns2:price>
                        <ns2:currency>
                            <code>RUB</code>
                            <digitalCode>643</digitalCode>
                            <name>Российский рубль</name>
                        </ns2:currency>
                        <ns2:rubPrice>15600</ns2:rubPrice>
                        <ns2:prepaid>false</ns2:prepaid>
                        <ns2:docs>
                            <ns2:doc>
                                <ns2:ordinal>1</ns2:ordinal>
                                <ns2:date>2017-03-01</ns2:date>
                                <ns2:code>19</ns2:code>
                                <ns2:name>счет-фактура</ns2:name>
                                <ns2:number>903</ns2:number>
                                <ns2:contractPosition>
                                    <ns2:guid>77a427f1-f9b4-431e-a1af-d7dd7ada03ab</ns2:guid>
                                    <ns2:name>Молоко сгущенное (концентрированное) с сахаром</ns2:name>
                                    <ns2:okpd2>
                                        <code>10.51.51.113</code>
                                        <name>Молоко сгущенное (концентрированное) с сахаром</name>
                                    </ns2:okpd2>
                                </ns2:contractPosition>
                                <ns2:okei>
                                    <code>168</code>
                                    <name>Тонна; Метрическая тонна (1000 кг)</name>
                                </ns2:okei>
                                <ns2:qty>0.2</ns2:qty>
                            </ns2:doc>
                        </ns2:docs>
                    </ns2:position>
                    <ns2:position>
                        <ns2:ordinal>6</ns2:ordinal>
                        <ns2:paymentDate>2017-03-29</ns2:paymentDate>
                        <ns2:price>15600</ns2:price>
                        <ns2:currency>
                            <code>RUB</code>
                            <digitalCode>643</digitalCode>
                            <name>Российский рубль</name>
                        </ns2:currency>
                        <ns2:rubPrice>15600</ns2:rubPrice>
                        <ns2:prepaid>false</ns2:prepaid>
                        <ns2:docs>
                            <ns2:doc>
                                <ns2:ordinal>1</ns2:ordinal>
                                <ns2:date>2017-03-01</ns2:date>
                                <ns2:code>19</ns2:code>
                                <ns2:name>счет-фактура</ns2:name>
                                <ns2:number>1134</ns2:number>
                                <ns2:contractPosition>
                                    <ns2:guid>77a427f1-f9b4-431e-a1af-d7dd7ada03ab</ns2:guid>
                                    <ns2:name>Молоко сгущенное (концентрированное) с сахаром</ns2:name>
                                    <ns2:okpd2>
                                        <code>10.51.51.113</code>
                                        <name>Молоко сгущенное (концентрированное) с сахаром</name>
                                    </ns2:okpd2>
                                </ns2:contractPosition>
                                <ns2:okei>
                                    <code>168</code>
                                    <name>Тонна; Метрическая тонна (1000 кг)</name>
                                </ns2:okei>
                                <ns2:qty>0.2</ns2:qty>
                            </ns2:doc>
                        </ns2:docs>
                    </ns2:position>
                    <ns2:total>117000</ns2:total>
                </ns2:positions>
            </ns2:performanceContractData>
        </ns2:item>
    </ns2:body>
</ns2:performanceContract>
