<?xml version="1.0" encoding="UTF-8" standalone="yes"?>
<ns2:performanceContract xsi:schemaLocation="http://zakupki.gov.ru/223/integration/schema/TFF-5.2 http://zakupki.gov.ru/223/integration/schema/TFF-5.2/Types.xsd" xmlns="http://zakupki.gov.ru/223fz/types/1" xmlns:ns10="http://zakupki.gov.ru/223fz/disagreementProtocol/1" xmlns:ns11="http://zakupki.gov.ru/223fz/purchase/1" xmlns:ns12="http://zakupki.gov.ru/223fz/machineryListInfo/1" xmlns:ns13="http://zakupki.gov.ru/223fz/revenue/1" xmlns:ns14="http://zakupki.gov.ru/223fz/orderClauseList/1" xmlns:ns15="http://zakupki.gov.ru/223fz/complaint/1" xmlns:ns16="http://zakupki.gov.ru/223fz/missedNotice/1" xmlns:ns17="http://zakupki.gov.ru/223fz/notificationIssue/1" xmlns:ns18="http://zakupki.gov.ru/223fz/purchasePlanProject/1" xmlns:ns19="http://zakupki.gov.ru/223fz/webRequest/1" xmlns:ns2="http://zakupki.gov.ru/223fz/contract/1" xmlns:xsi="http://www.w3.org/2001/XMLSchema-instance" xmlns:ns3="http://zakupki.gov.ru/223fz/dishonestSupplier/1" xmlns:ns4="http://zakupki.gov.ru/223fz/decisionSuspension/1" xmlns:ns5="http://zakupki.gov.ru/223fz/purchasePlanAdditionalPosition/1" xmlns:ns6="http://zakupki.gov.ru/223fz/purchasePlan/1" xmlns:ns7="http://zakupki.gov.ru/223fz/purchasePlanProjectAdditionalPosition/1" xmlns:ns8="http://zakupki.gov.ru/223fz/reference/1" xmlns:ns9="http://zakupki.gov.ru/223fz/stopCommodity/1">
    <header>
        <guid>a541810b-b51e-4abb-962a-10f6874f70b0</guid>
        <createDateTime>2017-03-30T07:11:27</createDateTime>
    </header>
    <ns2:body>
        <ns2:item>
            <guid>4aa69259-6313-4d74-8a9f-831c9e859e84</guid>
            <ns2:performanceContractData>
                <ns2:guid>024063d8-e8c4-429f-a123-699f72be0d13</ns2:guid>
                <ns2:registrationNumber>66673092045170000240062</ns2:registrationNumber>
                <ns2:urlOOS>https://zakupki.gov.ru/223/contract/private/completing/info/view.html?id=2662236</ns2:urlOOS>
                <ns2:createDateTime>2017-02-27T11:51:41</ns2:createDateTime>
                <ns2:customer>
                    <mainInfo>
                        <fullName>АКЦИОНЕРНОЕ ОБЩЕСТВО "ОПЫТНОЕ КОНСТРУКТОРСКОЕ БЮРО "НОВАТОР"</fullName>
                        <shortName>АО "ОКБ "НОВАТОР"</shortName>
                        <iko>66673092045667301001</iko>
                        <inn>6673092045</inn>
                        <kpp>667301001</kpp>
                        <ogrn>1026605611339</ogrn>
                        <legalAddress>620017, обл СВЕРДЛОВСКАЯ, г ЕКАТЕРИНБУРГ, пр-кт КОСМОНАВТОВ, дом 18</legalAddress>
                        <postalAddress>620017, г. Екатеринбург, пр. Космонавтов, 18</postalAddress>
                        <phone>7-343-2641072</phone>
                        <fax>7-343-2641300</fax>
                        <email>main@okb-novator.ru</email>
                        <okato>65401385000</okato>
                        <okpo>07546512</okpo>
                    </mainInfo>
                </ns2:customer>
                <ns2:placer>
                    <mainInfo>
                        <fullName>АКЦИОНЕРНОЕ ОБЩЕСТВО "ОПЫТНОЕ КОНСТРУКТОРСКОЕ БЮРО "НОВАТОР"</fullName>
                        <shortName>АО "ОКБ "НОВАТОР"</shortName>
                        <iko>66673092045667301001</iko>
                        <inn>6673092045</inn>
                        <kpp>667301001</kpp>
                        <ogrn>1026605611339</ogrn>
                        <legalAddress>620017, обл СВЕРДЛОВСКАЯ, г ЕКАТЕРИНБУРГ, пр-кт КОСМОНАВТОВ, дом 18</legalAddress>
                        <postalAddress>620017, г. Екатеринбург, пр. Космонавтов, 18</postalAddress>
                        <phone>7-343-2641072</phone>
                        <fax>7-343-2641300</fax>
                        <email>main@okb-novator.ru</email>
                        <okato>65401385000</okato>
                        <okpo>07546512</okpo>
                    </mainInfo>
                </ns2:placer>
                <ns2:publicationDate>2017-03-30T07:11:27</ns2:publicationDate>
                <ns2:status>P</ns2:status>
                <ns2:version>6</ns2:version>
                <ns2:completed>true</ns2:completed>
                <ns2:modificationDescription>Заведение информации об очередной поставки продукции</ns2:modificationDescription>
                <ns2:attachments>
                    <totalDocumentsCount>19</totalDocumentsCount>
                    <document>
                        <guid>dc6ff4c0-4bff-4d08-baf6-7c59b731c2c3</guid>
                        <createDateTime>2017-02-14T11:30:41</createDateTime>
                        <fileName>тн 51.pdf</fileName>
                        <description>тн 51</description>
                        <url>https://zakupki.gov.ru/223/contract/private/download/download.html?id=11713952</url>
                        <registrationNumber>66673092045170000240063</registrationNumber>
                    </document>
                    <document>
                        <guid>09e93d07-466b-4581-81fc-a397eec73ca4</guid>
                        <createDateTime>2017-02-14T11:30:12</createDateTime>
                        <fileName>тн 66.pdf</fileName>
                        <description>тн 66</description>
                        <url>https://zakupki.gov.ru/223/contract/private/download/download.html?id=11713953</url>
                        <registrationNumber>66673092045170000240064</registrationNumber>
                    </document>
                    <document>
                        <guid>2bd58264-1a04-4815-a895-7a1f3e3a4049</guid>
                        <createDateTime>2017-03-02T13:01:49</createDateTime>
                        <fileName>УПД 109_120.pdf</fileName>
                        <description>УПД 109_120</description>
                        <url>https://zakupki.gov.ru/223/contract/private/download/download.html?id=11713954</url>
                        <registrationNumber>66673092045170000240065</registrationNumber>
                    </document>
                    <document>
                        <guid>a116e110-f957-4fb0-8838-d55f262ae4d7</guid>
                        <createDateTime>2017-02-22T13:07:17</createDateTime>
                        <fileName>упд 93.pdf</fileName>
                        <description>упд 93</description>
                        <url>https://zakupki.gov.ru/223/contract/private/download/download.html?id=11713955</url>
                        <registrationNumber>66673092045170000240066</registrationNumber>
                    </document>
                    <document>
                        <guid>56882234-7611-4a4a-808b-e179b79f1382</guid>
                        <createDateTime>2017-02-22T13:07:36</createDateTime>
                        <fileName>упд 103.pdf</fileName>
                        <description>упд 103</description>
                        <url>https://zakupki.gov.ru/223/contract/private/download/download.html?id=11713956</url>
                        <registrationNumber>66673092045170000240067</registrationNumber>
                    </document>
                    <document>
                        <guid>e4359e40-3a21-4391-8702-7ac4ef0a4568</guid>
                        <createDateTime>2017-03-30T07:10:03</createDateTime>
                        <fileName>УПД 170 .pdf</fileName>
                        <description>УПД 170 </description>
                        <url>https://zakupki.gov.ru/223/contract/private/download/download.html?id=11714085</url>
                        <registrationNumber>66673092045170000240068</registrationNumber>
                    </document>
                    <document>
                        <guid>afb6d298-af8c-4a6e-b70d-ec521ac9dd84</guid>
                        <createDateTime>2017-02-22T13:07:05</createDateTime>
                        <fileName>пп 1189.pdf</fileName>
                        <description>пп 1189</description>
                        <url>https://zakupki.gov.ru/223/contract/private/download/download.html?id=11713957</url>
                        <registrationNumber>66673092045170000240069</registrationNumber>
                    </document>
                    <document>
                        <guid>eb9579ca-f39d-4933-8bf8-17c09d1826c4</guid>
                        <createDateTime>2017-03-30T07:08:06</createDateTime>
                        <fileName>пп 2042.pdf</fileName>
                        <description>пп 2042</description>
                        <url>https://zakupki.gov.ru/223/contract/private/download/download.html?id=11714022</url>
                        <registrationNumber>66673092045170000240070</registrationNumber>
                    </document>
                    <document>
                        <guid>7df0553e-2cb1-4fff-975d-0d57a7b14b62</guid>
                        <createDateTime>2017-03-02T13:02:02</createDateTime>
                        <fileName>пп 1349.jpeg</fileName>
                        <description>пп 1349</description>
                        <url>https://zakupki.gov.ru/223/contract/private/download/download.html?id=11713958</url>
                        <registrationNumber>66673092045170000240071</registrationNumber>
                    </document>
                    <document>
                        <guid>7fe7d284-00da-436f-90e3-e90e9ff969db</guid>
                        <createDateTime>2017-02-22T13:07:27</createDateTime>
                        <fileName>упд 104.pdf</fileName>
                        <description>упд 104</description>
                        <url>https://zakupki.gov.ru/223/contract/private/download/download.html?id=11713959</url>
                        <registrationNumber>66673092045170000240072</registrationNumber>
                    </document>
                    <document>
                        <guid>22993a1e-42e4-4ad6-88e1-38ca602fed54</guid>
                        <createDateTime>2017-02-14T11:29:24</createDateTime>
                        <fileName>пп 853.pdf</fileName>
                        <description>пп 853</description>
                        <url>https://zakupki.gov.ru/223/contract/private/download/download.html?id=11713960</url>
                        <registrationNumber>66673092045170000240073</registrationNumber>
                    </document>
                    <document>
                        <guid>4e06d25b-66d9-4898-96ca-70f567bd0c18</guid>
                        <createDateTime>2017-02-14T11:31:03</createDateTime>
                        <fileName>тн 75.pdf</fileName>
                        <description>тн 75</description>
                        <url>https://zakupki.gov.ru/223/contract/private/download/download.html?id=11713961</url>
                        <registrationNumber>66673092045170000240074</registrationNumber>
                    </document>
                    <document>
                        <guid>d274c841-1e16-44fb-9004-e45fedfb6536</guid>
                        <createDateTime>2017-03-09T14:48:58</createDateTime>
                        <fileName>УПД 137 .pdf</fileName>
                        <description>УПД 137 </description>
                        <url>https://zakupki.gov.ru/223/contract/private/download/download.html?id=11713962</url>
                        <registrationNumber>66673092045170000240075</registrationNumber>
                    </document>
                    <document>
                        <guid>fba353cf-9847-474a-b587-d52c9b381742</guid>
                        <createDateTime>2017-03-09T14:49:09</createDateTime>
                        <fileName>УПД 140 .pdf</fileName>
                        <description>УПД 140 </description>
                        <url>https://zakupki.gov.ru/223/contract/private/download/download.html?id=11713963</url>
                        <registrationNumber>66673092045170000240076</registrationNumber>
                    </document>
                    <document>
                        <guid>44f18034-275f-4021-a5c9-12a74b16c44b</guid>
                        <createDateTime>2017-03-23T12:36:17</createDateTime>
                        <fileName>УПД 156 .pdf</fileName>
                        <description>УПД 156 </description>
                        <url>https://zakupki.gov.ru/223/contract/private/download/download.html?id=11713948</url>
                        <registrationNumber>66673092045170000240077</registrationNumber>
                    </document>
                    <document>
                        <guid>83872ef4-3261-442a-b941-910f457668a8</guid>
                        <createDateTime>2017-03-23T12:36:30</createDateTime>
                        <fileName>УПД 159.pdf</fileName>
                        <description>УПД 159</description>
                        <url>https://zakupki.gov.ru/223/contract/private/download/download.html?id=11713949</url>
                        <registrationNumber>66673092045170000240078</registrationNumber>
                    </document>
                    <document>
                        <guid>feeede70-3a24-4f24-950e-6cb5644525d7</guid>
                        <createDateTime>2017-03-23T12:36:05</createDateTime>
                        <fileName>пп 1909.pdf</fileName>
                        <description>пп 1909</description>
                        <url>https://zakupki.gov.ru/223/contract/private/download/download.html?id=11713950</url>
                        <registrationNumber>66673092045170000240079</registrationNumber>
                    </document>
                    <document>
                        <guid>f2a02672-8899-41ab-915e-20d2ab7d7d38</guid>
                        <createDateTime>2017-03-30T07:09:52</createDateTime>
                        <fileName>УПД 182 .pdf</fileName>
                        <description>УПД 182 </description>
                        <url>https://zakupki.gov.ru/223/contract/private/download/download.html?id=11714079</url>
                        <registrationNumber>66673092045170000240080</registrationNumber>
                    </document>
                    <document>
                        <guid>dfe97f30-4e74-4af0-9072-9e5cfa47df6d</guid>
                        <createDateTime>2017-03-09T14:48:46</createDateTime>
                        <fileName>пп 1517.pdf</fileName>
                        <description>пп 1517</description>
                        <url>https://zakupki.gov.ru/223/contract/private/download/download.html?id=11713951</url>
                        <registrationNumber>66673092045170000240081</registrationNumber>
                    </document>
                </ns2:attachments>
                <ns2:hasPenalty>false</ns2:hasPenalty>
                <ns2:contractRegNumber>66673092045170000240000</ns2:contractRegNumber>
                <ns2:contractInfo>
                    <ns2:guid>ad7b1c1d-8b63-4ee5-a517-1b686153d43d</ns2:guid>
                    <ns2:name>1620187314122412245007636/47-023</ns2:name>
                    <ns2:agencyName>АО "ОКБ "НОВАТОР"</ns2:agencyName>
                    <ns2:supplierName>ОБЩЕСТВО С ОГРАНИЧЕННОЙ ОТВЕТСТВЕННОСТЬЮ "ПРОМГАЗСЕРВИС"</ns2:supplierName>
                    <ns2:lotInfo>Газы промышленные</ns2:lotInfo>
                    <ns2:contractDate>2017-01-10</ns2:contractDate>
                </ns2:contractInfo>
                <ns2:positions>
                    <ns2:position>
                        <ns2:ordinal>6</ns2:ordinal>
                        <ns2:paymentDate>2017-03-22</ns2:paymentDate>
                        <ns2:price>62230.6</ns2:price>
                        <ns2:currency>
                            <code>RUB</code>
                            <digitalCode>643</digitalCode>
                            <name>Российский рубль</name>
                        </ns2:currency>
                        <ns2:rubPrice>62230.6</ns2:rubPrice>
                        <ns2:prepaid>false</ns2:prepaid>
                        <ns2:docs>
                            <ns2:doc>
                                <ns2:ordinal>1</ns2:ordinal>
                                <ns2:date>2017-03-15</ns2:date>
                                <ns2:code>37</ns2:code>
                                <ns2:name>прочие документы о приемке</ns2:name>
                                <ns2:number>упд182</ns2:number>
                                <ns2:contractPosition>
                                    <ns2:guid>a2c3fba0-867e-4878-bbb0-a3fab6a2aea2</ns2:guid>
                                    <ns2:name>Газы промышленные</ns2:name>
                                    <ns2:okpd2>
                                        <code>20.11</code>
                                        <name>Газы промышленные</name>
                                    </ns2:okpd2>
                                </ns2:contractPosition>
                                <ns2:okei>
                                    <code>876</code>
                                    <name>Условная единица</name>
                                </ns2:okei>
                                <ns2:qty>68.4</ns2:qty>
                            </ns2:doc>
                            <ns2:doc>
                                <ns2:ordinal>2</ns2:ordinal>
                                <ns2:date>2017-03-10</ns2:date>
                                <ns2:code>37</ns2:code>
                                <ns2:name>прочие документы о приемке</ns2:name>
                                <ns2:number>упд170</ns2:number>
                                <ns2:contractPosition>
                                    <ns2:guid>a2c3fba0-867e-4878-bbb0-a3fab6a2aea2</ns2:guid>
                                    <ns2:name>Газы промышленные</ns2:name>
                                    <ns2:okpd2>
                                        <code>20.11</code>
                                        <name>Газы промышленные</name>
                                    </ns2:okpd2>
                                </ns2:contractPosition>
                                <ns2:okei>
                                    <code>876</code>
                                    <name>Условная единица</name>
                                </ns2:okei>
                                <ns2:qty>99.2</ns2:qty>
                            </ns2:doc>
                        </ns2:docs>
                    </ns2:position>
                    <ns2:position>
                        <ns2:ordinal>5</ns2:ordinal>
                        <ns2:paymentDate>2017-03-17</ns2:paymentDate>
                        <ns2:price>92775.14</ns2:price>
                        <ns2:currency>
                            <code>RUB</code>
                            <digitalCode>643</digitalCode>
                            <name>Российский рубль</name>
                        </ns2:currency>
                        <ns2:rubPrice>92775.14</ns2:rubPrice>
                        <ns2:prepaid>false</ns2:prepaid>
                        <ns2:docs>
                            <ns2:doc>
                                <ns2:ordinal>1</ns2:ordinal>
                                <ns2:date>2017-03-06</ns2:date>
                                <ns2:code>37</ns2:code>
                                <ns2:name>прочие документы о приемке</ns2:name>
                                <ns2:number>упд 159</ns2:number>
                                <ns2:contractPosition>
                                    <ns2:guid>a2c3fba0-867e-4878-bbb0-a3fab6a2aea2</ns2:guid>
                                    <ns2:name>Газы промышленные</ns2:name>
                                    <ns2:okpd2>
                                        <code>20.11</code>
                                        <name>Газы промышленные</name>
                                    </ns2:okpd2>
                                </ns2:contractPosition>
                                <ns2:okei>
                                    <code>876</code>
                                    <name>Условная единица</name>
                                </ns2:okei>
                                <ns2:qty>69.4</ns2:qty>
                            </ns2:doc>
                            <ns2:doc>
                                <ns2:ordinal>2</ns2:ordinal>
                                <ns2:date>2017-03-02</ns2:date>
                                <ns2:code>37</ns2:code>
                                <ns2:name>прочие документы о приемке</ns2:name>
                                <ns2:number>упд156</ns2:number>
                                <ns2:contractPosition>
                                    <ns2:guid>a2c3fba0-867e-4878-bbb0-a3fab6a2aea2</ns2:guid>
                                    <ns2:name>Газы промышленные</ns2:name>
                                    <ns2:okpd2>
                                        <code>20.11</code>
                                        <name>Газы промышленные</name>
                                    </ns2:okpd2>
                                </ns2:contractPosition>
                                <ns2:okei>
                                    <code>876</code>
                                    <name>Условная единица</name>
                                </ns2:okei>
                                <ns2:qty>45.6</ns2:qty>
                            </ns2:doc>
                        </ns2:docs>
                    </ns2:position>
                    <ns2:position>
                        <ns2:ordinal>4</ns2:ordinal>
                        <ns2:paymentDate>2017-03-03</ns2:paymentDate>
                        <ns2:price>52211.87</ns2:price>
                        <ns2:currency>
                            <code>RUB</code>
                            <digitalCode>643</digitalCode>
                            <name>Российский рубль</name>
                        </ns2:currency>
                        <ns2:rubPrice>52211.87</ns2:rubPrice>
                        <ns2:prepaid>false</ns2:prepaid>
                        <ns2:docs>
                            <ns2:doc>
                                <ns2:ordinal>2</ns2:ordinal>
                                <ns2:date>2017-02-27</ns2:date>
                                <ns2:code>37</ns2:code>
                                <ns2:name>прочие документы о приемке</ns2:name>
                                <ns2:number>упд 140</ns2:number>
                                <ns2:contractPosition>
                                    <ns2:guid>a2c3fba0-867e-4878-bbb0-a3fab6a2aea2</ns2:guid>
                                    <ns2:name>Газы промышленные</ns2:name>
                                    <ns2:okpd2>
                                        <code>20.11</code>
                                        <name>Газы промышленные</name>
                                    </ns2:okpd2>
                                </ns2:contractPosition>
                                <ns2:okei>
                                    <code>876</code>
                                    <name>Условная единица</name>
                                </ns2:okei>
                                <ns2:qty>25374.6</ns2:qty>
                            </ns2:doc>
                            <ns2:doc>
                                <ns2:ordinal>1</ns2:ordinal>
                                <ns2:date>2017-02-22</ns2:date>
                                <ns2:code>37</ns2:code>
                                <ns2:name>прочие документы о приемке</ns2:name>
                                <ns2:number>упд 137</ns2:number>
                                <ns2:contractPosition>
                                    <ns2:guid>a2c3fba0-867e-4878-bbb0-a3fab6a2aea2</ns2:guid>
                                    <ns2:name>Газы промышленные</ns2:name>
                                    <ns2:okpd2>
                                        <code>20.11</code>
                                        <name>Газы промышленные</name>
                                    </ns2:okpd2>
                                </ns2:contractPosition>
                                <ns2:okei>
                                    <code>876</code>
                                    <name>Условная единица</name>
                                </ns2:okei>
                                <ns2:qty>149.9</ns2:qty>
                            </ns2:doc>
                        </ns2:docs>
                    </ns2:position>
                    <ns2:position>
                        <ns2:ordinal>2</ns2:ordinal>
                        <ns2:paymentDate>2017-02-17</ns2:paymentDate>
                        <ns2:price>104396.78</ns2:price>
                        <ns2:currency>
                            <code>RUB</code>
                            <digitalCode>643</digitalCode>
                            <name>Российский рубль</name>
                        </ns2:currency>
                        <ns2:rubPrice>104396.78</ns2:rubPrice>
                        <ns2:prepaid>false</ns2:prepaid>
                        <ns2:docs>
                            <ns2:doc>
                                <ns2:ordinal>1</ns2:ordinal>
                                <ns2:date>2017-02-06</ns2:date>
                                <ns2:code>37</ns2:code>
                                <ns2:name>прочие документы о приемке</ns2:name>
                                <ns2:number>упд 93</ns2:number>
                                <ns2:contractPosition>
                                    <ns2:guid>a2c3fba0-867e-4878-bbb0-a3fab6a2aea2</ns2:guid>
                                    <ns2:name>Газы промышленные</ns2:name>
                                    <ns2:okpd2>
                                        <code>20.11</code>
                                        <name>Газы промышленные</name>
                                    </ns2:okpd2>
                                </ns2:contractPosition>
                                <ns2:okei>
                                    <code>876</code>
                                    <name>Условная единица</name>
                                </ns2:okei>
                                <ns2:qty>99.2</ns2:qty>
                            </ns2:doc>
                            <ns2:doc>
                                <ns2:ordinal>3</ns2:ordinal>
                                <ns2:date>2017-02-09</ns2:date>
                                <ns2:code>37</ns2:code>
                                <ns2:name>прочие документы о приемке</ns2:name>
                                <ns2:number>упд 103</ns2:number>
                                <ns2:contractPosition>
                                    <ns2:guid>a2c3fba0-867e-4878-bbb0-a3fab6a2aea2</ns2:guid>
                                    <ns2:name>Газы промышленные</ns2:name>
                                    <ns2:okpd2>
                                        <code>20.11</code>
                                        <name>Газы промышленные</name>
                                    </ns2:okpd2>
                                </ns2:contractPosition>
                                <ns2:okei>
                                    <code>876</code>
                                    <name>Условная единица</name>
                                </ns2:okei>
                                <ns2:qty>68.4</ns2:qty>
                            </ns2:doc>
                            <ns2:doc>
                                <ns2:ordinal>2</ns2:ordinal>
                                <ns2:date>2017-02-10</ns2:date>
                                <ns2:code>37</ns2:code>
                                <ns2:name>прочие документы о приемке</ns2:name>
                                <ns2:number>упд 104</ns2:number>
                                <ns2:contractPosition>
                                    <ns2:guid>a2c3fba0-867e-4878-bbb0-a3fab6a2aea2</ns2:guid>
                                    <ns2:name>Газы промышленные</ns2:name>
                                    <ns2:okpd2>
                                        <code>20.11</code>
                                        <name>Газы промышленные</name>
                                    </ns2:okpd2>
                                </ns2:contractPosition>
                                <ns2:okei>
                                    <code>876</code>
                                    <name>Условная единица</name>
                                </ns2:okei>
                                <ns2:qty>87.7</ns2:qty>
                            </ns2:doc>
                        </ns2:docs>
                    </ns2:position>
                    <ns2:position>
                        <ns2:ordinal>3</ns2:ordinal>
                        <ns2:paymentDate>2017-02-27</ns2:paymentDate>
                        <ns2:price>57576.68</ns2:price>
                        <ns2:currency>
                            <code>RUB</code>
                            <digitalCode>643</digitalCode>
                            <name>Российский рубль</name>
                        </ns2:currency>
                        <ns2:rubPrice>57576.68</ns2:rubPrice>
                        <ns2:prepaid>false</ns2:prepaid>
                        <ns2:docs>
                            <ns2:doc>
                                <ns2:ordinal>2</ns2:ordinal>
                                <ns2:date>2017-02-16</ns2:date>
                                <ns2:code>37</ns2:code>
                                <ns2:name>прочие документы о приемке</ns2:name>
                                <ns2:number>упд 120</ns2:number>
                                <ns2:contractPosition>
                                    <ns2:guid>a2c3fba0-867e-4878-bbb0-a3fab6a2aea2</ns2:guid>
                                    <ns2:name>Газы промышленные</ns2:name>
                                    <ns2:okpd2>
                                        <code>20.11</code>
                                        <name>Газы промышленные</name>
                                    </ns2:okpd2>
                                </ns2:contractPosition>
                                <ns2:okei>
                                    <code>876</code>
                                    <name>Условная единица</name>
                                </ns2:okei>
                                <ns2:qty>68.4</ns2:qty>
                            </ns2:doc>
                            <ns2:doc>
                                <ns2:ordinal>1</ns2:ordinal>
                                <ns2:date>2017-02-13</ns2:date>
                                <ns2:code>37</ns2:code>
                                <ns2:name>прочие документы о приемке</ns2:name>
                                <ns2:number>упд 109</ns2:number>
                                <ns2:contractPosition>
                                    <ns2:guid>a2c3fba0-867e-4878-bbb0-a3fab6a2aea2</ns2:guid>
                                    <ns2:name>Газы промышленные</ns2:name>
                                    <ns2:okpd2>
                                        <code>20.11</code>
                                        <name>Газы промышленные</name>
                                    </ns2:okpd2>
                                </ns2:contractPosition>
                                <ns2:okei>
                                    <code>876</code>
                                    <name>Условная единица</name>
                                </ns2:okei>
                                <ns2:qty>400</ns2:qty>
                            </ns2:doc>
                        </ns2:docs>
                    </ns2:position>
                    <ns2:position>
                        <ns2:ordinal>1</ns2:ordinal>
                        <ns2:paymentDate>2017-02-07</ns2:paymentDate>
                        <ns2:price>56584.07</ns2:price>
                        <ns2:currency>
                            <code>RUB</code>
                            <digitalCode>643</digitalCode>
                            <name>Российский рубль</name>
                        </ns2:currency>
                        <ns2:rubPrice>56584.07</ns2:rubPrice>
                        <ns2:prepaid>false</ns2:prepaid>
                        <ns2:docs>
                            <ns2:doc>
                                <ns2:ordinal>3</ns2:ordinal>
                                <ns2:date>2017-01-31</ns2:date>
                                <ns2:code>37</ns2:code>
                                <ns2:name>прочие документы о приемке</ns2:name>
                                <ns2:number>упд 75</ns2:number>
                                <ns2:contractPosition>
                                    <ns2:guid>a2c3fba0-867e-4878-bbb0-a3fab6a2aea2</ns2:guid>
                                    <ns2:name>Газы промышленные</ns2:name>
                                    <ns2:okpd2>
                                        <code>20.11</code>
                                        <name>Газы промышленные</name>
                                    </ns2:okpd2>
                                </ns2:contractPosition>
                                <ns2:okei>
                                    <code>876</code>
                                    <name>Условная единица</name>
                                </ns2:okei>
                                <ns2:qty>90.9</ns2:qty>
                            </ns2:doc>
                            <ns2:doc>
                                <ns2:ordinal>2</ns2:ordinal>
                                <ns2:date>2017-01-31</ns2:date>
                                <ns2:code>37</ns2:code>
                                <ns2:name>прочие документы о приемке</ns2:name>
                                <ns2:number>упд 66</ns2:number>
                                <ns2:contractPosition>
                                    <ns2:guid>a2c3fba0-867e-4878-bbb0-a3fab6a2aea2</ns2:guid>
                                    <ns2:name>Газы промышленные</ns2:name>
                                    <ns2:okpd2>
                                        <code>20.11</code>
                                        <name>Газы промышленные</name>
                                    </ns2:okpd2>
                                </ns2:contractPosition>
                                <ns2:okei>
                                    <code>876</code>
                                    <name>Условная единица</name>
                                </ns2:okei>
                                <ns2:qty>284.4</ns2:qty>
                            </ns2:doc>
                            <ns2:doc>
                                <ns2:ordinal>1</ns2:ordinal>
                                <ns2:date>2017-01-25</ns2:date>
                                <ns2:code>37</ns2:code>
                                <ns2:name>прочие документы о приемке</ns2:name>
                                <ns2:number>упд 51</ns2:number>
                                <ns2:contractPosition>
                                    <ns2:guid>a2c3fba0-867e-4878-bbb0-a3fab6a2aea2</ns2:guid>
                                    <ns2:name>Газы промышленные</ns2:name>
                                    <ns2:okpd2>
                                        <code>20.11</code>
                                        <name>Газы промышленные</name>
                                    </ns2:okpd2>
                                </ns2:contractPosition>
                                <ns2:okei>
                                    <code>876</code>
                                    <name>Условная единица</name>
                                </ns2:okei>
                                <ns2:qty>45.6</ns2:qty>
                            </ns2:doc>
                        </ns2:docs>
                    </ns2:position>
                    <ns2:total>425775.14</ns2:total>
                </ns2:positions>
            </ns2:performanceContractData>
        </ns2:item>
    </ns2:body>
</ns2:performanceContract>
