<?xml version="1.0" encoding="UTF-8" standalone="yes"?>
<ns2:contractCancellation xsi:schemaLocation="http://zakupki.gov.ru/223/integration/schema/TFF-5.2 http://zakupki.gov.ru/223/integration/schema/TFF-5.2/Types.xsd" xmlns="http://zakupki.gov.ru/223fz/types/1" xmlns:ns10="http://zakupki.gov.ru/223fz/disagreementProtocol/1" xmlns:ns11="http://zakupki.gov.ru/223fz/purchase/1" xmlns:ns12="http://zakupki.gov.ru/223fz/machineryListInfo/1" xmlns:ns13="http://zakupki.gov.ru/223fz/revenue/1" xmlns:ns14="http://zakupki.gov.ru/223fz/orderClauseList/1" xmlns:ns15="http://zakupki.gov.ru/223fz/complaint/1" xmlns:ns16="http://zakupki.gov.ru/223fz/missedNotice/1" xmlns:ns17="http://zakupki.gov.ru/223fz/notificationIssue/1" xmlns:ns18="http://zakupki.gov.ru/223fz/purchasePlanProject/1" xmlns:ns19="http://zakupki.gov.ru/223fz/webRequest/1" xmlns:ns2="http://zakupki.gov.ru/223fz/contract/1" xmlns:xsi="http://www.w3.org/2001/XMLSchema-instance" xmlns:ns3="http://zakupki.gov.ru/223fz/dishonestSupplier/1" xmlns:ns4="http://zakupki.gov.ru/223fz/decisionSuspension/1" xmlns:ns5="http://zakupki.gov.ru/223fz/purchasePlanAdditionalPosition/1" xmlns:ns6="http://zakupki.gov.ru/223fz/purchasePlan/1" xmlns:ns7="http://zakupki.gov.ru/223fz/purchasePlanProjectAdditionalPosition/1" xmlns:ns8="http://zakupki.gov.ru/223fz/reference/1" xmlns:ns9="http://zakupki.gov.ru/223fz/stopCommodity/1">
    <header>
        <guid>f416f175-0dcf-4abd-9c6d-917e1cf590c9</guid>
        <createDateTime>2017-03-30T06:49:44</createDateTime>
    </header>
    <ns2:body>
        <ns2:item>
            <guid>88d3f5c3-f4a8-49bf-bd95-ff08e1c87ce6</guid>
            <ns2:contractCancellationData>
                <ns2:guid>4da43bdc-a6fa-4fbd-9390-4b96d8b8eedf</ns2:guid>
                <ns2:registrationNumber>56623034200150000720005</ns2:registrationNumber>
                <ns2:urlOOS>https://zakupki.gov.ru/223/contract/private/completing/info/view.html?id=2662156</ns2:urlOOS>
                <ns2:createDateTime>2017-03-30T06:49:09</ns2:createDateTime>
                <ns2:customer>
                    <mainInfo>
                        <fullName>ОБЩЕСТВО С ОГРАНИЧЕННОЙ ОТВЕТСТВЕННОСТЬЮ "ВОДОКАНАЛ-НТ"</fullName>
                        <shortName>ООО "ВОДОКАНАЛ-НТ"</shortName>
                        <iko>56623034200662301001</iko>
                        <inn>6623034200</inn>
                        <kpp>662301001</kpp>
                        <ogrn>1069623035316</ogrn>
                        <legalAddress>622001, Свердловская, Нижний Тагил, Красноармейская, дом 45а</legalAddress>
                        <postalAddress>622001, Свердловская, Нижний Тагил, Красноармейская, дом 45а </postalAddress>
                        <phone>7-3435-414755</phone>
                        <fax>7-3435-414755</fax>
                        <email>gosuslugi@voda-nt.ru</email>
                        <okato>65476374000</okato>
                        <okpo>97921764</okpo>
                    </mainInfo>
                </ns2:customer>
                <ns2:placer>
                    <mainInfo>
                        <fullName>ОБЩЕСТВО С ОГРАНИЧЕННОЙ ОТВЕТСТВЕННОСТЬЮ "ВОДОКАНАЛ-НТ"</fullName>
                        <shortName>ООО "ВОДОКАНАЛ-НТ"</shortName>
                        <iko>56623034200662301001</iko>
                        <inn>6623034200</inn>
                        <kpp>662301001</kpp>
                        <ogrn>1069623035316</ogrn>
                        <legalAddress>622001, Свердловская, Нижний Тагил, Красноармейская, дом 45а</legalAddress>
                        <postalAddress>622001, Свердловская, Нижний Тагил, Красноармейская, дом 45а </postalAddress>
                        <phone>7-3435-414755</phone>
                        <fax>7-3435-414755</fax>
                        <email>gosuslugi@voda-nt.ru</email>
                        <okato>65476374000</okato>
                        <okpo>97921764</okpo>
                    </mainInfo>
                </ns2:placer>
                <ns2:publicationDate>2017-03-30T06:49:44</ns2:publicationDate>
                <ns2:status>P</ns2:status>
                <ns2:version>1</ns2:version>
                <ns2:attachments>
                    <totalDocumentsCount>2</totalDocumentsCount>
                    <document>
                        <guid>1cc60e03-ca55-457f-b862-7c9e6f65cec7</guid>
                        <createDateTime>2017-03-30T06:49:03</createDateTime>
                        <fileName>соглашение от 28.03.17.pdf</fileName>
                        <description>соглашение от 28.03.17</description>
                        <url>https://zakupki.gov.ru/223/contract/private/download/download.html?id=11713671</url>
                        <registrationNumber>56623034200150000720006</registrationNumber>
                    </document>
                    <document>
                        <guid>6e5ecdf4-5976-4cbc-bfcb-8d3d23811af7</guid>
                        <createDateTime>2017-03-30T06:49:07</createDateTime>
                        <fileName>Перечень изменений.doc</fileName>
                        <description>Перечень изменений</description>
                        <url>https://zakupki.gov.ru/223/contract/private/download/download.html?id=11713672</url>
                        <registrationNumber>56623034200150000720007</registrationNumber>
                    </document>
                </ns2:attachments>
                <ns2:hasPenalty>false</ns2:hasPenalty>
                <ns2:contractRegNumber>56623034200150000720000</ns2:contractRegNumber>
                <ns2:contractInfo>
                    <ns2:guid>6c87991a-b9b6-470b-8c72-864ab75f6aae</ns2:guid>
                    <ns2:name>50-зк</ns2:name>
                    <ns2:agencyName>ООО "ВОДОКАНАЛ-НТ"</ns2:agencyName>
                    <ns2:supplierName>ОБЩЕСТВО С ОГРАНИЧЕННОЙ ОТВЕТСТВЕННОСТЬЮ "ТАГИЛСПЕЦТРАНС"</ns2:supplierName>
                    <ns2:lotInfo>оказание услуг по вывозу твердых бытовых отходов класса III-V и их захоронению на полигоне ТБО</ns2:lotInfo>
                    <ns2:contractDate>2015-12-28</ns2:contractDate>
                </ns2:contractInfo>
                <ns2:baseContractCancellationCode>1</ns2:baseContractCancellationCode>
                <ns2:baseContractCancellationName>Соглашение сторон</ns2:baseContractCancellationName>
                <ns2:baseRejectionDocCode>11</ns2:baseRejectionDocCode>
                <ns2:baseRejectionDocName>Дополнительное соглашение к договору</ns2:baseRejectionDocName>
                <ns2:completionDate>2017-03-28T00:00:00</ns2:completionDate>
                <ns2:baseRejectionDocNum>б/н</ns2:baseRejectionDocNum>
                <ns2:baseRejectionDocDate>2017-03-28</ns2:baseRejectionDocDate>
            </ns2:contractCancellationData>
        </ns2:item>
    </ns2:body>
</ns2:contractCancellation>
