<?xml version="1.0" encoding="UTF-8" standalone="yes"?>
<ns2:performanceContract xsi:schemaLocation="http://zakupki.gov.ru/223/integration/schema/TFF-5.2 http://zakupki.gov.ru/223/integration/schema/TFF-5.2/Types.xsd" xmlns="http://zakupki.gov.ru/223fz/types/1" xmlns:ns10="http://zakupki.gov.ru/223fz/disagreementProtocol/1" xmlns:ns11="http://zakupki.gov.ru/223fz/purchase/1" xmlns:ns12="http://zakupki.gov.ru/223fz/machineryListInfo/1" xmlns:ns13="http://zakupki.gov.ru/223fz/revenue/1" xmlns:ns14="http://zakupki.gov.ru/223fz/orderClauseList/1" xmlns:ns15="http://zakupki.gov.ru/223fz/complaint/1" xmlns:ns16="http://zakupki.gov.ru/223fz/missedNotice/1" xmlns:ns17="http://zakupki.gov.ru/223fz/notificationIssue/1" xmlns:ns18="http://zakupki.gov.ru/223fz/purchasePlanProject/1" xmlns:ns19="http://zakupki.gov.ru/223fz/webRequest/1" xmlns:ns2="http://zakupki.gov.ru/223fz/contract/1" xmlns:xsi="http://www.w3.org/2001/XMLSchema-instance" xmlns:ns3="http://zakupki.gov.ru/223fz/dishonestSupplier/1" xmlns:ns4="http://zakupki.gov.ru/223fz/decisionSuspension/1" xmlns:ns5="http://zakupki.gov.ru/223fz/purchasePlanAdditionalPosition/1" xmlns:ns6="http://zakupki.gov.ru/223fz/purchasePlan/1" xmlns:ns7="http://zakupki.gov.ru/223fz/purchasePlanProjectAdditionalPosition/1" xmlns:ns8="http://zakupki.gov.ru/223fz/reference/1" xmlns:ns9="http://zakupki.gov.ru/223fz/stopCommodity/1">
    <header>
        <guid>b04886f1-7043-480c-961c-0721697eb4fa</guid>
        <createDateTime>2017-03-30T09:31:30</createDateTime>
    </header>
    <ns2:body>
        <ns2:item>
            <guid>efe9062d-4036-4c44-a5d6-2155036d6f00</guid>
            <ns2:performanceContractData>
                <ns2:guid>7a62eb75-19a6-4cce-9ebf-c66efe14dd32</ns2:guid>
                <ns2:registrationNumber>56671163413170003160003</ns2:registrationNumber>
                <ns2:urlOOS>https://zakupki.gov.ru/223/contract/private/completing/info/view.html?id=2663529</ns2:urlOOS>
                <ns2:createDateTime>2017-02-03T07:58:36</ns2:createDateTime>
                <ns2:customer>
                    <mainInfo>
                        <fullName>Открытое акционерное общество "Межрегиональная распределительная сетевая компания Урала"</fullName>
                        <shortName>ОАО "МРСК Урала"</shortName>
                        <iko>56671163413667201001</iko>
                        <inn>6671163413</inn>
                        <kpp>667201001</kpp>
                        <ogrn>1056604000970</ogrn>
                        <legalAddress>620026, Свердловская, Екатеринбург, Мамина-Сибиряка, дом 140</legalAddress>
                        <postalAddress>620026, Свердловская область, Екатеринбург, Мамина-Сибиряка, дом 140 </postalAddress>
                        <phone>7-343-2152600</phone>
                        <fax>7-343-2152661</fax>
                        <email>mrsk@mrsk-ural.ru</email>
                        <okato>65401000000</okato>
                        <okpo>76507836</okpo>
                    </mainInfo>
                </ns2:customer>
                <ns2:placer>
                    <mainInfo>
                        <fullName>Открытое акционерное общество "Межрегиональная распределительная сетевая компания Урала"</fullName>
                        <shortName>ОАО "МРСК Урала"</shortName>
                        <iko>56671163413667201001</iko>
                        <inn>6671163413</inn>
                        <kpp>667201001</kpp>
                        <ogrn>1056604000970</ogrn>
                        <legalAddress>620026, Свердловская, Екатеринбург, Мамина-Сибиряка, дом 140</legalAddress>
                        <postalAddress>620026, Свердловская область, Екатеринбург, Мамина-Сибиряка, дом 140 </postalAddress>
                        <phone>7-343-2152600</phone>
                        <fax>7-343-2152661</fax>
                        <email>mrsk@mrsk-ural.ru</email>
                        <okato>65401000000</okato>
                        <okpo>76507836</okpo>
                    </mainInfo>
                </ns2:placer>
                <ns2:publicationDate>2017-03-30T09:31:30</ns2:publicationDate>
                <ns2:status>P</ns2:status>
                <ns2:version>1</ns2:version>
                <ns2:completed>false</ns2:completed>
                <ns2:attachments>
                    <totalDocumentsCount>3</totalDocumentsCount>
                    <document>
                        <guid>53cdf45e-43e4-4b6e-8387-2f678f27a1d0</guid>
                        <createDateTime>2017-03-30T09:30:51</createDateTime>
                        <fileName>ТЭС_10.02.17_13.03.17_132270,00.pdf</fileName>
                        <description>ТЭС_10.02.17_13.03.17_132270,00</description>
                        <url>https://zakupki.gov.ru/223/contract/private/download/download.html?id=11720401</url>
                        <registrationNumber>56671163413170003160004</registrationNumber>
                    </document>
                    <document>
                        <guid>ed683bbf-4edc-4791-ab33-9a53ef0213e2</guid>
                        <createDateTime>2017-03-30T09:31:05</createDateTime>
                        <fileName>ЧГЭС_10.02.17_22.03.17_396290,00.pdf</fileName>
                        <description>ЧГЭС_10.02.17_22.03.17_396290,00</description>
                        <url>https://zakupki.gov.ru/223/contract/private/download/download.html?id=11720420</url>
                        <registrationNumber>56671163413170003160005</registrationNumber>
                    </document>
                    <document>
                        <guid>a71622fd-ef99-46d7-a5c1-dd150b4a89ec</guid>
                        <createDateTime>2017-03-30T09:30:58</createDateTime>
                        <fileName>ЦЭС_10.02.17_13.03.17_3684,00.pdf</fileName>
                        <description>ЦЭС_10.02.17_13.03.17_3684,00</description>
                        <url>https://zakupki.gov.ru/223/contract/private/download/download.html?id=11720411</url>
                        <registrationNumber>56671163413170003160006</registrationNumber>
                    </document>
                </ns2:attachments>
                <ns2:hasPenalty>false</ns2:hasPenalty>
                <ns2:contractRegNumber>56671163413170003160000</ns2:contractRegNumber>
                <ns2:contractInfo>
                    <ns2:guid>c524f88e-e79f-4348-83bc-8f3596f36bff</ns2:guid>
                    <ns2:agencyName>ОАО "МРСК Урала"</ns2:agencyName>
                    <ns2:supplierName>Общество с ограниченной ответственностью ПКФ "Пожимпорт"</ns2:supplierName>
                    <ns2:lotInfo>право заключения договора на поставку пожарного оборудования для  выполнения ремонтной программы филиала ОАО «МРСК Урала» - «Челябэнерго» в 2017  г.</ns2:lotInfo>
                    <ns2:contractDate>2017-02-01</ns2:contractDate>
                </ns2:contractInfo>
                <ns2:positions>
                    <ns2:position>
                        <ns2:ordinal>3</ns2:ordinal>
                        <ns2:paymentDate>2017-03-22</ns2:paymentDate>
                        <ns2:price>396290</ns2:price>
                        <ns2:currency>
                            <code>RUB</code>
                            <digitalCode>643</digitalCode>
                            <name>Российский рубль</name>
                        </ns2:currency>
                        <ns2:rubPrice>396290</ns2:rubPrice>
                        <ns2:prepaid>false</ns2:prepaid>
                        <ns2:docs>
                            <ns2:doc>
                                <ns2:ordinal>1</ns2:ordinal>
                                <ns2:code>01</ns2:code>
                                <ns2:name>товарная накладная</ns2:name>
                                <ns2:contractPosition>
                                    <ns2:guid>39d5f038-6872-4d63-a29a-d8281380c8ac</ns2:guid>
                                    <ns2:name>Приборы и аппаратура для систем охранной сигнализации прочие, не включенные в другие группировки</ns2:name>
                                    <ns2:okpd2>
                                        <code>26.30.50.119</code>
                                        <name>Приборы и аппаратура для систем охранной сигнализации прочие, не включенные в другие группировки</name>
                                    </ns2:okpd2>
                                </ns2:contractPosition>
                                <ns2:okei>
                                    <code>642</code>
                                    <name>Единица</name>
                                </ns2:okei>
                                <ns2:qty>1</ns2:qty>
                            </ns2:doc>
                        </ns2:docs>
                    </ns2:position>
                    <ns2:position>
                        <ns2:ordinal>2</ns2:ordinal>
                        <ns2:paymentDate>2017-03-13</ns2:paymentDate>
                        <ns2:price>3684</ns2:price>
                        <ns2:currency>
                            <code>RUB</code>
                            <digitalCode>643</digitalCode>
                            <name>Российский рубль</name>
                        </ns2:currency>
                        <ns2:rubPrice>3684</ns2:rubPrice>
                        <ns2:prepaid>false</ns2:prepaid>
                        <ns2:docs>
                            <ns2:doc>
                                <ns2:ordinal>1</ns2:ordinal>
                                <ns2:code>01</ns2:code>
                                <ns2:name>товарная накладная</ns2:name>
                                <ns2:contractPosition>
                                    <ns2:guid>39d5f038-6872-4d63-a29a-d8281380c8ac</ns2:guid>
                                    <ns2:name>Приборы и аппаратура для систем охранной сигнализации прочие, не включенные в другие группировки</ns2:name>
                                    <ns2:okpd2>
                                        <code>26.30.50.119</code>
                                        <name>Приборы и аппаратура для систем охранной сигнализации прочие, не включенные в другие группировки</name>
                                    </ns2:okpd2>
                                </ns2:contractPosition>
                                <ns2:okei>
                                    <code>642</code>
                                    <name>Единица</name>
                                </ns2:okei>
                                <ns2:qty>1</ns2:qty>
                            </ns2:doc>
                        </ns2:docs>
                    </ns2:position>
                    <ns2:position>
                        <ns2:ordinal>1</ns2:ordinal>
                        <ns2:paymentDate>2017-03-13</ns2:paymentDate>
                        <ns2:price>132270</ns2:price>
                        <ns2:currency>
                            <code>RUB</code>
                            <digitalCode>643</digitalCode>
                            <name>Российский рубль</name>
                        </ns2:currency>
                        <ns2:rubPrice>132270</ns2:rubPrice>
                        <ns2:prepaid>false</ns2:prepaid>
                        <ns2:docs>
                            <ns2:doc>
                                <ns2:ordinal>1</ns2:ordinal>
                                <ns2:code>01</ns2:code>
                                <ns2:name>товарная накладная</ns2:name>
                                <ns2:contractPosition>
                                    <ns2:guid>39d5f038-6872-4d63-a29a-d8281380c8ac</ns2:guid>
                                    <ns2:name>Приборы и аппаратура для систем охранной сигнализации прочие, не включенные в другие группировки</ns2:name>
                                    <ns2:okpd2>
                                        <code>26.30.50.119</code>
                                        <name>Приборы и аппаратура для систем охранной сигнализации прочие, не включенные в другие группировки</name>
                                    </ns2:okpd2>
                                </ns2:contractPosition>
                                <ns2:okei>
                                    <code>642</code>
                                    <name>Единица</name>
                                </ns2:okei>
                                <ns2:qty>1</ns2:qty>
                            </ns2:doc>
                        </ns2:docs>
                    </ns2:position>
                    <ns2:total>532244</ns2:total>
                </ns2:positions>
            </ns2:performanceContractData>
        </ns2:item>
    </ns2:body>
</ns2:performanceContract>
