<?xml version="1.0" encoding="UTF-8" standalone="yes"?>
<ns2:performanceContract xsi:schemaLocation="http://zakupki.gov.ru/223/integration/schema/TFF-5.2 http://zakupki.gov.ru/223/integration/schema/TFF-5.2/Types.xsd" xmlns="http://zakupki.gov.ru/223fz/types/1" xmlns:ns10="http://zakupki.gov.ru/223fz/disagreementProtocol/1" xmlns:ns11="http://zakupki.gov.ru/223fz/purchase/1" xmlns:ns12="http://zakupki.gov.ru/223fz/machineryListInfo/1" xmlns:ns13="http://zakupki.gov.ru/223fz/revenue/1" xmlns:ns14="http://zakupki.gov.ru/223fz/orderClauseList/1" xmlns:ns15="http://zakupki.gov.ru/223fz/complaint/1" xmlns:ns16="http://zakupki.gov.ru/223fz/missedNotice/1" xmlns:ns17="http://zakupki.gov.ru/223fz/notificationIssue/1" xmlns:ns18="http://zakupki.gov.ru/223fz/purchasePlanProject/1" xmlns:ns19="http://zakupki.gov.ru/223fz/webRequest/1" xmlns:ns2="http://zakupki.gov.ru/223fz/contract/1" xmlns:xsi="http://www.w3.org/2001/XMLSchema-instance" xmlns:ns3="http://zakupki.gov.ru/223fz/dishonestSupplier/1" xmlns:ns4="http://zakupki.gov.ru/223fz/decisionSuspension/1" xmlns:ns5="http://zakupki.gov.ru/223fz/purchasePlanAdditionalPosition/1" xmlns:ns6="http://zakupki.gov.ru/223fz/purchasePlan/1" xmlns:ns7="http://zakupki.gov.ru/223fz/purchasePlanProjectAdditionalPosition/1" xmlns:ns8="http://zakupki.gov.ru/223fz/reference/1" xmlns:ns9="http://zakupki.gov.ru/223fz/stopCommodity/1">
    <header>
        <guid>250a03a6-cb7b-4874-a3cc-eeeb5c489c8f</guid>
        <createDateTime>2017-03-30T07:23:33</createDateTime>
    </header>
    <ns2:body>
        <ns2:item>
            <guid>055928db-1929-4d84-822d-6e6743f2a2b5</guid>
            <ns2:performanceContractData>
                <ns2:guid>c70cc220-028c-4f11-bb07-207f08a31efa</ns2:guid>
                <ns2:registrationNumber>56623029538160012440004</ns2:registrationNumber>
                <ns2:urlOOS>https://zakupki.gov.ru/223/contract/private/completing/info/view.html?id=2662324</ns2:urlOOS>
                <ns2:createDateTime>2016-12-05T13:20:48</ns2:createDateTime>
                <ns2:customer>
                    <mainInfo>
                        <fullName>Открытое акционерное общество "Научно-производственная корпорация "Уралвагонзавод" имени Ф.Э. Дзержинского"</fullName>
                        <shortName>ОАО "Научно-производственная корпорация "Уралвагонзавод"</shortName>
                        <iko>56623029538997850001</iko>
                        <inn>6623029538</inn>
                        <kpp>997850001</kpp>
                        <ogrn>1086623002190</ogrn>
                        <legalAddress>622007, Свердловская, Нижний Тагил, Восточное, дом 28</legalAddress>
                        <postalAddress>622007, Свердловская, Нижний Тагил, Восточное, дом 28</postalAddress>
                        <phone>7-3435-345436</phone>
                        <fax>7-3435-380048</fax>
                        <email>web@uvz.ru</email>
                        <okato>65476370000</okato>
                        <okpo>07518941</okpo>
                    </mainInfo>
                </ns2:customer>
                <ns2:placer>
                    <mainInfo>
                        <fullName>Открытое акционерное общество "Научно-производственная корпорация "Уралвагонзавод" имени Ф.Э. Дзержинского"</fullName>
                        <shortName>ОАО "Научно-производственная корпорация "Уралвагонзавод"</shortName>
                        <iko>56623029538997850001</iko>
                        <inn>6623029538</inn>
                        <kpp>997850001</kpp>
                        <ogrn>1086623002190</ogrn>
                        <legalAddress>622007, Свердловская, Нижний Тагил, Восточное, дом 28</legalAddress>
                        <postalAddress>622007, Свердловская, Нижний Тагил, Восточное, дом 28</postalAddress>
                        <phone>7-3435-345436</phone>
                        <fax>7-3435-380048</fax>
                        <email>web@uvz.ru</email>
                        <okato>65476370000</okato>
                        <okpo>07518941</okpo>
                    </mainInfo>
                </ns2:placer>
                <ns2:publicationDate>2017-03-30T07:23:33</ns2:publicationDate>
                <ns2:status>P</ns2:status>
                <ns2:version>1</ns2:version>
                <ns2:completed>true</ns2:completed>
                <ns2:attachments>
                    <totalDocumentsCount>2</totalDocumentsCount>
                    <document>
                        <guid>10f60a71-520a-4b89-a18c-96551138e063</guid>
                        <createDateTime>2017-03-30T07:22:51</createDateTime>
                        <fileName>АКТ об исполнении сторонами обязательств по договору № 3801к-425 от 28.11.2016.pdf</fileName>
                        <description>АКТ об исполнении сторонами обязательств по договору № 3801к-425 от 28.11.2016</description>
                        <url>https://zakupki.gov.ru/223/contract/private/download/download.html?id=11714471</url>
                        <registrationNumber>56623029538160012440005</registrationNumber>
                    </document>
                    <document>
                        <guid>ea327f77-cc7c-438a-b9ed-7c899aea2d70</guid>
                        <createDateTime>2017-03-30T07:22:19</createDateTime>
                        <fileName>АКТ об исполнении сторонами обязательств по договору № 3801к-425 от 28.11.2016 с подписью.pdf</fileName>
                        <description>АКТ об исполнении сторонами обязательств по договору № 3801к-425 от 28.11.2016 с подписью</description>
                        <url>https://zakupki.gov.ru/223/contract/private/download/download.html?id=11714460</url>
                        <registrationNumber>56623029538160012440006</registrationNumber>
                    </document>
                </ns2:attachments>
                <ns2:hasPenalty>false</ns2:hasPenalty>
                <ns2:contractRegNumber>56623029538160012440000</ns2:contractRegNumber>
                <ns2:contractInfo>
                    <ns2:guid>a19a74e3-d909-4cfe-b2e6-f5f64e6ee3f3</ns2:guid>
                    <ns2:name>3801к/425</ns2:name>
                    <ns2:agencyName>ОАО "Научно-производственная корпорация "Уралвагонзавод"</ns2:agencyName>
                    <ns2:supplierName>АКЦИОНЕРНОЕ ОБЩЕСТВО НАУЧНО-ПРОИЗВОДСТВЕННОЕ КОМПЛЕКТОВОЧНОЕ ПРЕДПРИЯТИЕ "БУРКОМПЛЕКТ"</ns2:supplierName>
                    <ns2:lotInfo>лот  1 Никель гранулированный марки Н-3</ns2:lotInfo>
                    <ns2:contractDate>2016-12-05</ns2:contractDate>
                </ns2:contractInfo>
                <ns2:positions>
                    <ns2:position>
                        <ns2:ordinal>1</ns2:ordinal>
                        <ns2:paymentDate>2017-03-29</ns2:paymentDate>
                        <ns2:price>16225075.64</ns2:price>
                        <ns2:currency>
                            <code>RUB</code>
                            <digitalCode>643</digitalCode>
                            <name>Российский рубль</name>
                        </ns2:currency>
                        <ns2:rubPrice>16225075.64</ns2:rubPrice>
                        <ns2:prepaid>false</ns2:prepaid>
                        <ns2:docs>
                            <ns2:doc>
                                <ns2:ordinal>1</ns2:ordinal>
                                <ns2:date>2017-03-29</ns2:date>
                                <ns2:code>37</ns2:code>
                                <ns2:name>прочие документы о приемке</ns2:name>
                                <ns2:contractPosition>
                                    <ns2:guid>b5d056bf-b913-4466-845e-8702720a355c</ns2:guid>
                                    <ns2:name>Никель гранулированный марки Н-3</ns2:name>
                                    <ns2:okpd2>
                                        <code>24.45.1</code>
                                        <name>Никель необработанный; промежуточные продукты металлургии никеля</name>
                                    </ns2:okpd2>
                                </ns2:contractPosition>
                                <ns2:okei>
                                    <code>168</code>
                                    <name>Тонна; Метрическая тонна (1000 кг)</name>
                                </ns2:okei>
                                <ns2:qty>19.958</ns2:qty>
                            </ns2:doc>
                        </ns2:docs>
                    </ns2:position>
                    <ns2:total>16225075.64</ns2:total>
                </ns2:positions>
            </ns2:performanceContractData>
        </ns2:item>
    </ns2:body>
</ns2:performanceContract>
