<?xml version="1.0" encoding="UTF-8" standalone="yes"?>
<ns2:performanceContract xsi:schemaLocation="http://zakupki.gov.ru/223/integration/schema/TFF-5.2 http://zakupki.gov.ru/223/integration/schema/TFF-5.2/Types.xsd" xmlns="http://zakupki.gov.ru/223fz/types/1" xmlns:ns10="http://zakupki.gov.ru/223fz/disagreementProtocol/1" xmlns:ns11="http://zakupki.gov.ru/223fz/purchase/1" xmlns:ns12="http://zakupki.gov.ru/223fz/machineryListInfo/1" xmlns:ns13="http://zakupki.gov.ru/223fz/revenue/1" xmlns:ns14="http://zakupki.gov.ru/223fz/orderClauseList/1" xmlns:ns15="http://zakupki.gov.ru/223fz/complaint/1" xmlns:ns16="http://zakupki.gov.ru/223fz/missedNotice/1" xmlns:ns17="http://zakupki.gov.ru/223fz/notificationIssue/1" xmlns:ns18="http://zakupki.gov.ru/223fz/purchasePlanProject/1" xmlns:ns19="http://zakupki.gov.ru/223fz/webRequest/1" xmlns:ns2="http://zakupki.gov.ru/223fz/contract/1" xmlns:xsi="http://www.w3.org/2001/XMLSchema-instance" xmlns:ns3="http://zakupki.gov.ru/223fz/dishonestSupplier/1" xmlns:ns4="http://zakupki.gov.ru/223fz/decisionSuspension/1" xmlns:ns5="http://zakupki.gov.ru/223fz/purchasePlanAdditionalPosition/1" xmlns:ns6="http://zakupki.gov.ru/223fz/purchasePlan/1" xmlns:ns7="http://zakupki.gov.ru/223fz/purchasePlanProjectAdditionalPosition/1" xmlns:ns8="http://zakupki.gov.ru/223fz/reference/1" xmlns:ns9="http://zakupki.gov.ru/223fz/stopCommodity/1">
    <header>
        <guid>7bd4597f-d115-43f0-9912-845b35ad361c</guid>
        <createDateTime>2017-03-30T08:55:35</createDateTime>
    </header>
    <ns2:body>
        <ns2:item>
            <guid>ad59c8c1-5659-4c86-b0bb-9068328bb75b</guid>
            <ns2:performanceContractData>
                <ns2:guid>a0d9d70b-5a4a-4403-ad63-069af71292b0</ns2:guid>
                <ns2:registrationNumber>66658139683160006440007</ns2:registrationNumber>
                <ns2:urlOOS>https://zakupki.gov.ru/223/contract/private/completing/info/view.html?id=2663080</ns2:urlOOS>
                <ns2:createDateTime>2016-12-16T15:11:52</ns2:createDateTime>
                <ns2:customer>
                    <mainInfo>
                        <fullName>АКЦИОНЕРНОЕ ОБЩЕСТВО "ЕКАТЕРИНБУРГСКАЯ ЭЛЕКТРОСЕТЕВАЯ КОМПАНИЯ"</fullName>
                        <shortName>АО "ЕЭСК"</shortName>
                        <iko>66658139683665801001</iko>
                        <inn>6658139683</inn>
                        <kpp>665801001</kpp>
                        <ogrn>1026602312770</ogrn>
                        <legalAddress>620014, ОБЛ СВЕРДЛОВСКАЯ, Г ЕКАТЕРИНБУРГ, УЛ БОРИСА ЕЛЬЦИНА, дом 1</legalAddress>
                        <postalAddress>620014 РФ Свердловская область, город Екатеринбург, улица Бориса Ельцина, дом 1.</postalAddress>
                        <phone>7-343-3590725</phone>
                        <fax>7-343-3590059</fax>
                        <email>eesk@eesk.ru</email>
                        <okato>65401364000</okato>
                        <okpo>12284050</okpo>
                    </mainInfo>
                </ns2:customer>
                <ns2:placer>
                    <mainInfo>
                        <fullName>АКЦИОНЕРНОЕ ОБЩЕСТВО "ЕКАТЕРИНБУРГСКАЯ ЭЛЕКТРОСЕТЕВАЯ КОМПАНИЯ"</fullName>
                        <shortName>АО "ЕЭСК"</shortName>
                        <iko>66658139683665801001</iko>
                        <inn>6658139683</inn>
                        <kpp>665801001</kpp>
                        <ogrn>1026602312770</ogrn>
                        <legalAddress>620014, ОБЛ СВЕРДЛОВСКАЯ, Г ЕКАТЕРИНБУРГ, УЛ БОРИСА ЕЛЬЦИНА, дом 1</legalAddress>
                        <postalAddress>620014 РФ Свердловская область, город Екатеринбург, улица Бориса Ельцина, дом 1.</postalAddress>
                        <phone>7-343-3590725</phone>
                        <fax>7-343-3590059</fax>
                        <email>eesk@eesk.ru</email>
                        <okato>65401364000</okato>
                        <okpo>12284050</okpo>
                    </mainInfo>
                </ns2:placer>
                <ns2:publicationDate>2017-03-30T08:55:35</ns2:publicationDate>
                <ns2:status>P</ns2:status>
                <ns2:version>1</ns2:version>
                <ns2:completed>false</ns2:completed>
                <ns2:attachments>
                    <totalDocumentsCount>1</totalDocumentsCount>
                    <document>
                        <guid>cf011177-6d1c-4dde-97df-cf9c27e553f8</guid>
                        <createDateTime>2017-03-30T08:54:56</createDateTime>
                        <fileName>Акт №24 от 01.03.2017.jpg</fileName>
                        <description>Акт №24 от 01.03.2017</description>
                        <url>https://zakupki.gov.ru/223/contract/private/download/download.html?id=11717949</url>
                        <registrationNumber>66658139683160006440008</registrationNumber>
                    </document>
                </ns2:attachments>
                <ns2:hasPenalty>false</ns2:hasPenalty>
                <ns2:contractRegNumber>66658139683160006440000</ns2:contractRegNumber>
                <ns2:contractInfo>
                    <ns2:guid>86c2a26a-e141-4ff5-a58d-69f7573803b8</ns2:guid>
                    <ns2:name>2016/11-242</ns2:name>
                    <ns2:agencyName>АО "ЕЭСК"</ns2:agencyName>
                    <ns2:supplierName>РОЩЕКТАЕВА ИРИНА НИКОЛАЕВНА</ns2:supplierName>
                    <ns2:lotInfo>право заключения договора на оказание услуг по размещению информации о вакансиях в СМИ</ns2:lotInfo>
                    <ns2:contractDate>2016-12-12</ns2:contractDate>
                </ns2:contractInfo>
                <ns2:positions>
                    <ns2:position>
                        <ns2:ordinal>1</ns2:ordinal>
                        <ns2:paymentDate>2017-03-27</ns2:paymentDate>
                        <ns2:price>23835</ns2:price>
                        <ns2:currency>
                            <code>RUB</code>
                            <digitalCode>643</digitalCode>
                            <name>Российский рубль</name>
                        </ns2:currency>
                        <ns2:rubPrice>23835</ns2:rubPrice>
                        <ns2:prepaid>false</ns2:prepaid>
                        <ns2:docs>
                            <ns2:doc>
                                <ns2:ordinal>1</ns2:ordinal>
                                <ns2:date>2017-03-01</ns2:date>
                                <ns2:code>20</ns2:code>
                                <ns2:name>акт выполненных работ</ns2:name>
                                <ns2:number>24</ns2:number>
                                <ns2:contractPosition>
                                    <ns2:guid>79e604b0-d4f1-4138-baf7-7d1aac1d8356</ns2:guid>
                                    <ns2:name>Услуги, предоставляемые агентствами по трудоустройству</ns2:name>
                                    <ns2:okpd2>
                                        <code>78.10</code>
                                        <name>Услуги, предоставляемые агентствами по трудоустройству</name>
                                    </ns2:okpd2>
                                </ns2:contractPosition>
                                <ns2:okei>
                                    <code>796</code>
                                    <name>Штука</name>
                                </ns2:okei>
                                <ns2:qty>4</ns2:qty>
                            </ns2:doc>
                        </ns2:docs>
                    </ns2:position>
                    <ns2:total>23835</ns2:total>
                </ns2:positions>
            </ns2:performanceContractData>
        </ns2:item>
    </ns2:body>
</ns2:performanceContract>
