<?xml version="1.0" encoding="UTF-8" standalone="yes"?>
<ns2:performanceContract xsi:schemaLocation="http://zakupki.gov.ru/223/integration/schema/TFF-5.2 http://zakupki.gov.ru/223/integration/schema/TFF-5.2/Types.xsd" xmlns="http://zakupki.gov.ru/223fz/types/1" xmlns:ns10="http://zakupki.gov.ru/223fz/disagreementProtocol/1" xmlns:ns11="http://zakupki.gov.ru/223fz/purchase/1" xmlns:ns12="http://zakupki.gov.ru/223fz/machineryListInfo/1" xmlns:ns13="http://zakupki.gov.ru/223fz/revenue/1" xmlns:ns14="http://zakupki.gov.ru/223fz/orderClauseList/1" xmlns:ns15="http://zakupki.gov.ru/223fz/complaint/1" xmlns:ns16="http://zakupki.gov.ru/223fz/missedNotice/1" xmlns:ns17="http://zakupki.gov.ru/223fz/notificationIssue/1" xmlns:ns18="http://zakupki.gov.ru/223fz/purchasePlanProject/1" xmlns:ns19="http://zakupki.gov.ru/223fz/webRequest/1" xmlns:ns2="http://zakupki.gov.ru/223fz/contract/1" xmlns:xsi="http://www.w3.org/2001/XMLSchema-instance" xmlns:ns3="http://zakupki.gov.ru/223fz/dishonestSupplier/1" xmlns:ns4="http://zakupki.gov.ru/223fz/decisionSuspension/1" xmlns:ns5="http://zakupki.gov.ru/223fz/purchasePlanAdditionalPosition/1" xmlns:ns6="http://zakupki.gov.ru/223fz/purchasePlan/1" xmlns:ns7="http://zakupki.gov.ru/223fz/purchasePlanProjectAdditionalPosition/1" xmlns:ns8="http://zakupki.gov.ru/223fz/reference/1" xmlns:ns9="http://zakupki.gov.ru/223fz/stopCommodity/1">
    <header>
        <guid>4b2544f6-94a8-4fb4-a398-b1d21b174dbd</guid>
        <createDateTime>2017-03-30T09:26:23</createDateTime>
    </header>
    <ns2:body>
        <ns2:item>
            <guid>b6fefd07-f96c-45ff-bb88-e0aa0b3b4597</guid>
            <ns2:performanceContractData>
                <ns2:guid>91ad3401-2211-4882-ac4a-9e77a2e12a70</ns2:guid>
                <ns2:registrationNumber>56667006400170000010003</ns2:registrationNumber>
                <ns2:urlOOS>https://zakupki.gov.ru/223/contract/private/completing/info/view.html?id=2663272</ns2:urlOOS>
                <ns2:createDateTime>2017-01-16T13:20:10</ns2:createDateTime>
                <ns2:customer>
                    <mainInfo>
                        <fullName>ГОСУДАРСТВЕННОЕ АВТОНОМНОЕ ПРОФЕССИОНАЛЬНОЕ ОБРАЗОВАТЕЛЬНОЕ УЧРЕЖДЕНИЕ СВЕРДЛОВСКОЙ ОБЛАСТИ "НИЖНЕТАГИЛЬСКИЙ ТЕХНИКУМ МЕТАЛЛООБРАБАТЫВАЮЩИХ ПРОИЗВОДСТВ И СЕРВИСА"</fullName>
                        <shortName>ГАПОУ СО "НТТМПС"</shortName>
                        <iko>56667006400662301001</iko>
                        <inn>6667006400</inn>
                        <kpp>662301001</kpp>
                        <ogrn>1026601380838</ogrn>
                        <legalAddress>622018, обл СВЕРДЛОВСКАЯ, г НИЖНИЙ ТАГИЛ, ул ЮНОСТИ, дом 9</legalAddress>
                        <postalAddress>622018, Свердловская область, г.Нижний Тагил, ул.Юности, д.9</postalAddress>
                        <phone>8-3435-331677</phone>
                        <fax>8-3435-331677</fax>
                        <email>elenamillernt@mail.ru</email>
                        <okato>65476370000</okato>
                        <okpo>05128934</okpo>
                    </mainInfo>
                </ns2:customer>
                <ns2:placer>
                    <mainInfo>
                        <fullName>ГОСУДАРСТВЕННОЕ АВТОНОМНОЕ ПРОФЕССИОНАЛЬНОЕ ОБРАЗОВАТЕЛЬНОЕ УЧРЕЖДЕНИЕ СВЕРДЛОВСКОЙ ОБЛАСТИ "НИЖНЕТАГИЛЬСКИЙ ТЕХНИКУМ МЕТАЛЛООБРАБАТЫВАЮЩИХ ПРОИЗВОДСТВ И СЕРВИСА"</fullName>
                        <shortName>ГАПОУ СО "НТТМПС"</shortName>
                        <iko>56667006400662301001</iko>
                        <inn>6667006400</inn>
                        <kpp>662301001</kpp>
                        <ogrn>1026601380838</ogrn>
                        <legalAddress>622018, обл СВЕРДЛОВСКАЯ, г НИЖНИЙ ТАГИЛ, ул ЮНОСТИ, дом 9</legalAddress>
                        <postalAddress>622018, Свердловская область, г.Нижний Тагил, ул.Юности, д.9</postalAddress>
                        <phone>8-3435-331677</phone>
                        <fax>8-3435-331677</fax>
                        <email>elenamillernt@mail.ru</email>
                        <okato>65476370000</okato>
                        <okpo>05128934</okpo>
                    </mainInfo>
                </ns2:placer>
                <ns2:publicationDate>2017-03-30T09:26:22</ns2:publicationDate>
                <ns2:status>P</ns2:status>
                <ns2:version>1</ns2:version>
                <ns2:completed>true</ns2:completed>
                <ns2:attachments>
                    <totalDocumentsCount>1</totalDocumentsCount>
                    <document>
                        <guid>20d92911-e29e-45ca-a5c2-b6dc21b78f3a</guid>
                        <createDateTime>2017-03-30T09:24:26</createDateTime>
                        <fileName>счета фактуры.pdf</fileName>
                        <description>счета фактуры</description>
                        <url>https://zakupki.gov.ru/223/contract/private/download/download.html?id=11719998</url>
                        <registrationNumber>56667006400170000010004</registrationNumber>
                    </document>
                </ns2:attachments>
                <ns2:hasPenalty>false</ns2:hasPenalty>
                <ns2:contractRegNumber>56667006400170000010000</ns2:contractRegNumber>
                <ns2:contractInfo>
                    <ns2:guid>18ee5637-1edb-427c-b617-8372b1df6161</ns2:guid>
                    <ns2:name>10</ns2:name>
                    <ns2:agencyName>ГАПОУ СО "НТТМПС"</ns2:agencyName>
                    <ns2:supplierName>Лукьяненко Ирина Александровна</ns2:supplierName>
                    <ns2:lotInfo>поставка продуктов питания</ns2:lotInfo>
                    <ns2:contractDate>2017-01-13</ns2:contractDate>
                </ns2:contractInfo>
                <ns2:positions>
                    <ns2:position>
                        <ns2:ordinal>3</ns2:ordinal>
                        <ns2:paymentDate>2017-02-13</ns2:paymentDate>
                        <ns2:price>10346</ns2:price>
                        <ns2:currency>
                            <code>RUB</code>
                            <digitalCode>643</digitalCode>
                            <name>Российский рубль</name>
                        </ns2:currency>
                        <ns2:rubPrice>10346</ns2:rubPrice>
                        <ns2:prepaid>false</ns2:prepaid>
                        <ns2:docs>
                            <ns2:doc>
                                <ns2:ordinal>1</ns2:ordinal>
                                <ns2:date>2017-02-03</ns2:date>
                                <ns2:code>01</ns2:code>
                                <ns2:name>товарная накладная</ns2:name>
                                <ns2:number>132</ns2:number>
                                <ns2:contractPosition>
                                    <ns2:guid>79294896-1641-4b60-93ef-e2f1d8e9831f</ns2:guid>
                                    <ns2:name>Продукты пищевые</ns2:name>
                                    <ns2:okpd2>
                                        <code>10</code>
                                        <name>Продукты пищевые</name>
                                    </ns2:okpd2>
                                </ns2:contractPosition>
                                <ns2:okei>
                                    <code>642</code>
                                    <name>Единица</name>
                                </ns2:okei>
                                <ns2:qty>1</ns2:qty>
                            </ns2:doc>
                            <ns2:doc>
                                <ns2:ordinal>2</ns2:ordinal>
                                <ns2:date>2017-02-03</ns2:date>
                                <ns2:code>19</ns2:code>
                                <ns2:name>счет-фактура</ns2:name>
                                <ns2:number>132</ns2:number>
                                <ns2:contractPosition>
                                    <ns2:guid>79294896-1641-4b60-93ef-e2f1d8e9831f</ns2:guid>
                                    <ns2:name>Продукты пищевые</ns2:name>
                                    <ns2:okpd2>
                                        <code>10</code>
                                        <name>Продукты пищевые</name>
                                    </ns2:okpd2>
                                </ns2:contractPosition>
                                <ns2:okei>
                                    <code>642</code>
                                    <name>Единица</name>
                                </ns2:okei>
                                <ns2:qty>1</ns2:qty>
                            </ns2:doc>
                        </ns2:docs>
                    </ns2:position>
                    <ns2:position>
                        <ns2:ordinal>1</ns2:ordinal>
                        <ns2:paymentDate>2017-01-27</ns2:paymentDate>
                        <ns2:price>36666.82</ns2:price>
                        <ns2:currency>
                            <code>RUB</code>
                            <digitalCode>643</digitalCode>
                            <name>Российский рубль</name>
                        </ns2:currency>
                        <ns2:rubPrice>36666.82</ns2:rubPrice>
                        <ns2:prepaid>false</ns2:prepaid>
                        <ns2:docs>
                            <ns2:doc>
                                <ns2:ordinal>1</ns2:ordinal>
                                <ns2:date>2017-01-13</ns2:date>
                                <ns2:code>19</ns2:code>
                                <ns2:name>счет-фактура</ns2:name>
                                <ns2:number>31</ns2:number>
                                <ns2:contractPosition>
                                    <ns2:guid>79294896-1641-4b60-93ef-e2f1d8e9831f</ns2:guid>
                                    <ns2:name>Продукты пищевые</ns2:name>
                                    <ns2:okpd2>
                                        <code>10</code>
                                        <name>Продукты пищевые</name>
                                    </ns2:okpd2>
                                </ns2:contractPosition>
                                <ns2:okei>
                                    <code>642</code>
                                    <name>Единица</name>
                                </ns2:okei>
                                <ns2:qty>1</ns2:qty>
                            </ns2:doc>
                            <ns2:doc>
                                <ns2:ordinal>2</ns2:ordinal>
                                <ns2:date>2017-01-13</ns2:date>
                                <ns2:code>01</ns2:code>
                                <ns2:name>товарная накладная</ns2:name>
                                <ns2:number>31</ns2:number>
                                <ns2:contractPosition>
                                    <ns2:guid>79294896-1641-4b60-93ef-e2f1d8e9831f</ns2:guid>
                                    <ns2:name>Продукты пищевые</ns2:name>
                                    <ns2:okpd2>
                                        <code>10</code>
                                        <name>Продукты пищевые</name>
                                    </ns2:okpd2>
                                </ns2:contractPosition>
                                <ns2:okei>
                                    <code>642</code>
                                    <name>Единица</name>
                                </ns2:okei>
                                <ns2:qty>1</ns2:qty>
                            </ns2:doc>
                            <ns2:doc>
                                <ns2:ordinal>3</ns2:ordinal>
                                <ns2:date>2017-01-16</ns2:date>
                                <ns2:code>19</ns2:code>
                                <ns2:name>счет-фактура</ns2:name>
                                <ns2:number>38</ns2:number>
                                <ns2:contractPosition>
                                    <ns2:guid>79294896-1641-4b60-93ef-e2f1d8e9831f</ns2:guid>
                                    <ns2:name>Продукты пищевые</ns2:name>
                                    <ns2:okpd2>
                                        <code>10</code>
                                        <name>Продукты пищевые</name>
                                    </ns2:okpd2>
                                </ns2:contractPosition>
                                <ns2:okei>
                                    <code>642</code>
                                    <name>Единица</name>
                                </ns2:okei>
                                <ns2:qty>1</ns2:qty>
                            </ns2:doc>
                            <ns2:doc>
                                <ns2:ordinal>4</ns2:ordinal>
                                <ns2:date>2017-01-16</ns2:date>
                                <ns2:code>01</ns2:code>
                                <ns2:name>товарная накладная</ns2:name>
                                <ns2:number>38</ns2:number>
                                <ns2:contractPosition>
                                    <ns2:guid>79294896-1641-4b60-93ef-e2f1d8e9831f</ns2:guid>
                                    <ns2:name>Продукты пищевые</ns2:name>
                                    <ns2:okpd2>
                                        <code>10</code>
                                        <name>Продукты пищевые</name>
                                    </ns2:okpd2>
                                </ns2:contractPosition>
                                <ns2:okei>
                                    <code>642</code>
                                    <name>Единица</name>
                                </ns2:okei>
                                <ns2:qty>1</ns2:qty>
                            </ns2:doc>
                            <ns2:doc>
                                <ns2:ordinal>5</ns2:ordinal>
                                <ns2:date>2017-01-19</ns2:date>
                                <ns2:code>19</ns2:code>
                                <ns2:name>счет-фактура</ns2:name>
                                <ns2:number>71</ns2:number>
                                <ns2:contractPosition>
                                    <ns2:guid>79294896-1641-4b60-93ef-e2f1d8e9831f</ns2:guid>
                                    <ns2:name>Продукты пищевые</ns2:name>
                                    <ns2:okpd2>
                                        <code>10</code>
                                        <name>Продукты пищевые</name>
                                    </ns2:okpd2>
                                </ns2:contractPosition>
                                <ns2:okei>
                                    <code>642</code>
                                    <name>Единица</name>
                                </ns2:okei>
                                <ns2:qty>1</ns2:qty>
                            </ns2:doc>
                            <ns2:doc>
                                <ns2:ordinal>6</ns2:ordinal>
                                <ns2:date>2017-01-19</ns2:date>
                                <ns2:code>01</ns2:code>
                                <ns2:name>товарная накладная</ns2:name>
                                <ns2:number>71</ns2:number>
                                <ns2:contractPosition>
                                    <ns2:guid>79294896-1641-4b60-93ef-e2f1d8e9831f</ns2:guid>
                                    <ns2:name>Продукты пищевые</ns2:name>
                                    <ns2:okpd2>
                                        <code>10</code>
                                        <name>Продукты пищевые</name>
                                    </ns2:okpd2>
                                </ns2:contractPosition>
                                <ns2:okei>
                                    <code>642</code>
                                    <name>Единица</name>
                                </ns2:okei>
                                <ns2:qty>1</ns2:qty>
                            </ns2:doc>
                        </ns2:docs>
                    </ns2:position>
                    <ns2:position>
                        <ns2:ordinal>2</ns2:ordinal>
                        <ns2:paymentDate>2017-02-06</ns2:paymentDate>
                        <ns2:price>3168</ns2:price>
                        <ns2:currency>
                            <code>RUB</code>
                            <digitalCode>643</digitalCode>
                            <name>Российский рубль</name>
                        </ns2:currency>
                        <ns2:rubPrice>3168</ns2:rubPrice>
                        <ns2:prepaid>false</ns2:prepaid>
                        <ns2:docs>
                            <ns2:doc>
                                <ns2:ordinal>2</ns2:ordinal>
                                <ns2:date>2017-01-30</ns2:date>
                                <ns2:code>19</ns2:code>
                                <ns2:name>счет-фактура</ns2:name>
                                <ns2:number>101</ns2:number>
                                <ns2:contractPosition>
                                    <ns2:guid>79294896-1641-4b60-93ef-e2f1d8e9831f</ns2:guid>
                                    <ns2:name>Продукты пищевые</ns2:name>
                                    <ns2:okpd2>
                                        <code>10</code>
                                        <name>Продукты пищевые</name>
                                    </ns2:okpd2>
                                </ns2:contractPosition>
                                <ns2:okei>
                                    <code>642</code>
                                    <name>Единица</name>
                                </ns2:okei>
                                <ns2:qty>1</ns2:qty>
                            </ns2:doc>
                            <ns2:doc>
                                <ns2:ordinal>1</ns2:ordinal>
                                <ns2:date>2017-01-30</ns2:date>
                                <ns2:code>01</ns2:code>
                                <ns2:name>товарная накладная</ns2:name>
                                <ns2:number>101</ns2:number>
                                <ns2:contractPosition>
                                    <ns2:guid>79294896-1641-4b60-93ef-e2f1d8e9831f</ns2:guid>
                                    <ns2:name>Продукты пищевые</ns2:name>
                                    <ns2:okpd2>
                                        <code>10</code>
                                        <name>Продукты пищевые</name>
                                    </ns2:okpd2>
                                </ns2:contractPosition>
                                <ns2:okei>
                                    <code>642</code>
                                    <name>Единица</name>
                                </ns2:okei>
                                <ns2:qty>1</ns2:qty>
                            </ns2:doc>
                        </ns2:docs>
                    </ns2:position>
                    <ns2:total>50180.82</ns2:total>
                </ns2:positions>
            </ns2:performanceContractData>
        </ns2:item>
    </ns2:body>
</ns2:performanceContract>
