<?xml version="1.0" encoding="UTF-8" standalone="yes"?>
<ns2:performanceContract xsi:schemaLocation="http://zakupki.gov.ru/223/integration/schema/TFF-5.2 http://zakupki.gov.ru/223/integration/schema/TFF-5.2/Types.xsd" xmlns="http://zakupki.gov.ru/223fz/types/1" xmlns:ns10="http://zakupki.gov.ru/223fz/disagreementProtocol/1" xmlns:ns11="http://zakupki.gov.ru/223fz/purchase/1" xmlns:ns12="http://zakupki.gov.ru/223fz/machineryListInfo/1" xmlns:ns13="http://zakupki.gov.ru/223fz/revenue/1" xmlns:ns14="http://zakupki.gov.ru/223fz/orderClauseList/1" xmlns:ns15="http://zakupki.gov.ru/223fz/complaint/1" xmlns:ns16="http://zakupki.gov.ru/223fz/missedNotice/1" xmlns:ns17="http://zakupki.gov.ru/223fz/notificationIssue/1" xmlns:ns18="http://zakupki.gov.ru/223fz/purchasePlanProject/1" xmlns:ns19="http://zakupki.gov.ru/223fz/webRequest/1" xmlns:ns2="http://zakupki.gov.ru/223fz/contract/1" xmlns:xsi="http://www.w3.org/2001/XMLSchema-instance" xmlns:ns3="http://zakupki.gov.ru/223fz/dishonestSupplier/1" xmlns:ns4="http://zakupki.gov.ru/223fz/decisionSuspension/1" xmlns:ns5="http://zakupki.gov.ru/223fz/purchasePlanAdditionalPosition/1" xmlns:ns6="http://zakupki.gov.ru/223fz/purchasePlan/1" xmlns:ns7="http://zakupki.gov.ru/223fz/purchasePlanProjectAdditionalPosition/1" xmlns:ns8="http://zakupki.gov.ru/223fz/reference/1" xmlns:ns9="http://zakupki.gov.ru/223fz/stopCommodity/1">
    <header>
        <guid>633fae5f-e325-45e7-8188-9cbb7daa975a</guid>
        <createDateTime>2017-03-30T09:10:40</createDateTime>
    </header>
    <ns2:body>
        <ns2:item>
            <guid>a305e564-6782-4aa3-9e53-269b811792da</guid>
            <ns2:performanceContractData>
                <ns2:guid>98eea17a-4b42-461f-99cc-14e815ef0878</ns2:guid>
                <ns2:registrationNumber>56671163413170000320003</ns2:registrationNumber>
                <ns2:urlOOS>https://zakupki.gov.ru/223/contract/private/completing/info/view.html?id=2663218</ns2:urlOOS>
                <ns2:createDateTime>2017-01-11T08:10:57</ns2:createDateTime>
                <ns2:customer>
                    <mainInfo>
                        <fullName>Открытое акционерное общество "Межрегиональная распределительная сетевая компания Урала"</fullName>
                        <shortName>ОАО "МРСК Урала"</shortName>
                        <iko>56671163413667201001</iko>
                        <inn>6671163413</inn>
                        <kpp>667201001</kpp>
                        <ogrn>1056604000970</ogrn>
                        <legalAddress>620026, Свердловская, Екатеринбург, Мамина-Сибиряка, дом 140</legalAddress>
                        <postalAddress>620026, Свердловская область, Екатеринбург, Мамина-Сибиряка, дом 140 </postalAddress>
                        <phone>7-343-2152600</phone>
                        <fax>7-343-2152661</fax>
                        <email>mrsk@mrsk-ural.ru</email>
                        <okato>65401000000</okato>
                        <okpo>76507836</okpo>
                    </mainInfo>
                </ns2:customer>
                <ns2:placer>
                    <mainInfo>
                        <fullName>Открытое акционерное общество "Межрегиональная распределительная сетевая компания Урала"</fullName>
                        <shortName>ОАО "МРСК Урала"</shortName>
                        <iko>56671163413667201001</iko>
                        <inn>6671163413</inn>
                        <kpp>667201001</kpp>
                        <ogrn>1056604000970</ogrn>
                        <legalAddress>620026, Свердловская, Екатеринбург, Мамина-Сибиряка, дом 140</legalAddress>
                        <postalAddress>620026, Свердловская область, Екатеринбург, Мамина-Сибиряка, дом 140 </postalAddress>
                        <phone>7-343-2152600</phone>
                        <fax>7-343-2152661</fax>
                        <email>mrsk@mrsk-ural.ru</email>
                        <okato>65401000000</okato>
                        <okpo>76507836</okpo>
                    </mainInfo>
                </ns2:placer>
                <ns2:publicationDate>2017-03-30T09:10:40</ns2:publicationDate>
                <ns2:status>P</ns2:status>
                <ns2:version>1</ns2:version>
                <ns2:completed>false</ns2:completed>
                <ns2:attachments>
                    <totalDocumentsCount>3</totalDocumentsCount>
                    <document>
                        <guid>99d0e2d1-bdb3-492c-9263-a53988a9b850</guid>
                        <createDateTime>2017-03-30T09:10:00</createDateTime>
                        <fileName>ЦЭС 03.02.17_20.03.17_172200.00.pdf</fileName>
                        <description>ЦЭС 03.02.17_20.03.17_172200.00</description>
                        <url>https://zakupki.gov.ru/223/contract/private/download/download.html?id=11718882</url>
                        <registrationNumber>56671163413170000320004</registrationNumber>
                    </document>
                    <document>
                        <guid>8f989a32-c357-44f3-bdd4-888d1415b0f9</guid>
                        <createDateTime>2017-03-30T09:10:08</createDateTime>
                        <fileName>ЧГЭС_03.02.17_27.03.17_866600,00.pdf</fileName>
                        <description>ЧГЭС_03.02.17_27.03.17_866600,00</description>
                        <url>https://zakupki.gov.ru/223/contract/private/download/download.html?id=11718888</url>
                        <registrationNumber>56671163413170000320005</registrationNumber>
                    </document>
                    <document>
                        <guid>5cba00e2-6c37-4bc1-8ef6-16bb5e1e7513</guid>
                        <createDateTime>2017-03-30T09:09:52</createDateTime>
                        <fileName>ТЭС_03.02.17_06.03.17_86100,00.pdf</fileName>
                        <description>ТЭС_03.02.17_06.03.17_86100,00</description>
                        <url>https://zakupki.gov.ru/223/contract/private/download/download.html?id=11718878</url>
                        <registrationNumber>56671163413170000320006</registrationNumber>
                    </document>
                </ns2:attachments>
                <ns2:hasPenalty>false</ns2:hasPenalty>
                <ns2:contractRegNumber>56671163413170000320000</ns2:contractRegNumber>
                <ns2:contractInfo>
                    <ns2:guid>fcbaef68-e406-4f20-8380-ebe1fc5f08ab</ns2:guid>
                    <ns2:agencyName>ОАО "МРСК Урала"</ns2:agencyName>
                    <ns2:supplierName>Общество с ограниченной ответственностью "Корум Трейдинг"</ns2:supplierName>
                    <ns2:lotInfo>право заключения договора на поставку приборов учета электроэнергии для установки в систему типа "Меркурий" для обеспечения ремонтной и инвестиционной программ филиала ОАО «МРСК Урала» - «Челябэнерго» в 2016-2017 г.</ns2:lotInfo>
                    <ns2:contractDate>2016-12-30</ns2:contractDate>
                </ns2:contractInfo>
                <ns2:positions>
                    <ns2:position>
                        <ns2:ordinal>1</ns2:ordinal>
                        <ns2:paymentDate>2017-03-06</ns2:paymentDate>
                        <ns2:price>86100</ns2:price>
                        <ns2:currency>
                            <code>RUB</code>
                            <digitalCode>643</digitalCode>
                            <name>Российский рубль</name>
                        </ns2:currency>
                        <ns2:rubPrice>86100</ns2:rubPrice>
                        <ns2:prepaid>false</ns2:prepaid>
                        <ns2:docs>
                            <ns2:doc>
                                <ns2:ordinal>1</ns2:ordinal>
                                <ns2:code>01</ns2:code>
                                <ns2:name>товарная накладная</ns2:name>
                                <ns2:contractPosition>
                                    <ns2:guid>fa357e66-94ed-4119-8875-2fe7b6cd09da</ns2:guid>
                                    <ns2:name>Счетчики производства или потребления электроэнергии</ns2:name>
                                    <ns2:okpd2>
                                        <code>26.51.63.130</code>
                                        <name>Счетчики производства или потребления электроэнергии</name>
                                    </ns2:okpd2>
                                </ns2:contractPosition>
                                <ns2:okei>
                                    <code>642</code>
                                    <name>Единица</name>
                                </ns2:okei>
                                <ns2:qty>1</ns2:qty>
                            </ns2:doc>
                        </ns2:docs>
                    </ns2:position>
                    <ns2:position>
                        <ns2:ordinal>2</ns2:ordinal>
                        <ns2:paymentDate>2017-03-20</ns2:paymentDate>
                        <ns2:price>172200</ns2:price>
                        <ns2:currency>
                            <code>RUB</code>
                            <digitalCode>643</digitalCode>
                            <name>Российский рубль</name>
                        </ns2:currency>
                        <ns2:rubPrice>172200</ns2:rubPrice>
                        <ns2:prepaid>false</ns2:prepaid>
                        <ns2:docs>
                            <ns2:doc>
                                <ns2:ordinal>1</ns2:ordinal>
                                <ns2:code>01</ns2:code>
                                <ns2:name>товарная накладная</ns2:name>
                                <ns2:contractPosition>
                                    <ns2:guid>fa357e66-94ed-4119-8875-2fe7b6cd09da</ns2:guid>
                                    <ns2:name>Счетчики производства или потребления электроэнергии</ns2:name>
                                    <ns2:okpd2>
                                        <code>26.51.63.130</code>
                                        <name>Счетчики производства или потребления электроэнергии</name>
                                    </ns2:okpd2>
                                </ns2:contractPosition>
                                <ns2:okei>
                                    <code>642</code>
                                    <name>Единица</name>
                                </ns2:okei>
                                <ns2:qty>1</ns2:qty>
                            </ns2:doc>
                        </ns2:docs>
                    </ns2:position>
                    <ns2:position>
                        <ns2:ordinal>3</ns2:ordinal>
                        <ns2:paymentDate>2017-03-27</ns2:paymentDate>
                        <ns2:price>866600</ns2:price>
                        <ns2:currency>
                            <code>RUB</code>
                            <digitalCode>643</digitalCode>
                            <name>Российский рубль</name>
                        </ns2:currency>
                        <ns2:rubPrice>866600</ns2:rubPrice>
                        <ns2:prepaid>false</ns2:prepaid>
                        <ns2:docs>
                            <ns2:doc>
                                <ns2:ordinal>1</ns2:ordinal>
                                <ns2:code>01</ns2:code>
                                <ns2:name>товарная накладная</ns2:name>
                                <ns2:contractPosition>
                                    <ns2:guid>fa357e66-94ed-4119-8875-2fe7b6cd09da</ns2:guid>
                                    <ns2:name>Счетчики производства или потребления электроэнергии</ns2:name>
                                    <ns2:okpd2>
                                        <code>26.51.63.130</code>
                                        <name>Счетчики производства или потребления электроэнергии</name>
                                    </ns2:okpd2>
                                </ns2:contractPosition>
                                <ns2:okei>
                                    <code>642</code>
                                    <name>Единица</name>
                                </ns2:okei>
                                <ns2:qty>1</ns2:qty>
                            </ns2:doc>
                        </ns2:docs>
                    </ns2:position>
                    <ns2:total>1124900</ns2:total>
                </ns2:positions>
            </ns2:performanceContractData>
        </ns2:item>
    </ns2:body>
</ns2:performanceContract>
