<?xml version="1.0" encoding="UTF-8" standalone="yes"?>
<ns2:performanceContract xsi:schemaLocation="http://zakupki.gov.ru/223/integration/schema/TFF-5.2 http://zakupki.gov.ru/223/integration/schema/TFF-5.2/Types.xsd" xmlns="http://zakupki.gov.ru/223fz/types/1" xmlns:ns10="http://zakupki.gov.ru/223fz/disagreementProtocol/1" xmlns:ns11="http://zakupki.gov.ru/223fz/purchase/1" xmlns:ns12="http://zakupki.gov.ru/223fz/machineryListInfo/1" xmlns:ns13="http://zakupki.gov.ru/223fz/revenue/1" xmlns:ns14="http://zakupki.gov.ru/223fz/orderClauseList/1" xmlns:ns15="http://zakupki.gov.ru/223fz/complaint/1" xmlns:ns16="http://zakupki.gov.ru/223fz/missedNotice/1" xmlns:ns17="http://zakupki.gov.ru/223fz/notificationIssue/1" xmlns:ns18="http://zakupki.gov.ru/223fz/purchasePlanProject/1" xmlns:ns19="http://zakupki.gov.ru/223fz/webRequest/1" xmlns:ns2="http://zakupki.gov.ru/223fz/contract/1" xmlns:xsi="http://www.w3.org/2001/XMLSchema-instance" xmlns:ns3="http://zakupki.gov.ru/223fz/dishonestSupplier/1" xmlns:ns4="http://zakupki.gov.ru/223fz/decisionSuspension/1" xmlns:ns5="http://zakupki.gov.ru/223fz/purchasePlanAdditionalPosition/1" xmlns:ns6="http://zakupki.gov.ru/223fz/purchasePlan/1" xmlns:ns7="http://zakupki.gov.ru/223fz/purchasePlanProjectAdditionalPosition/1" xmlns:ns8="http://zakupki.gov.ru/223fz/reference/1" xmlns:ns9="http://zakupki.gov.ru/223fz/stopCommodity/1">
    <header>
        <guid>b2818c03-a32a-45a9-a73f-4441c75554fc</guid>
        <createDateTime>2017-03-30T06:54:06</createDateTime>
    </header>
    <ns2:body>
        <ns2:item>
            <guid>16f71ed6-a626-4a19-a15e-94513fa4f90f</guid>
            <ns2:performanceContractData>
                <ns2:guid>a99ca5ec-4a9f-4001-be1a-2c64c51e001f</ns2:guid>
                <ns2:registrationNumber>66673092045170001050003</ns2:registrationNumber>
                <ns2:urlOOS>https://zakupki.gov.ru/223/contract/private/completing/info/view.html?id=2662165</ns2:urlOOS>
                <ns2:createDateTime>2017-02-15T12:19:50</ns2:createDateTime>
                <ns2:customer>
                    <mainInfo>
                        <fullName>АКЦИОНЕРНОЕ ОБЩЕСТВО "ОПЫТНОЕ КОНСТРУКТОРСКОЕ БЮРО "НОВАТОР"</fullName>
                        <shortName>АО "ОКБ "НОВАТОР"</shortName>
                        <iko>66673092045667301001</iko>
                        <inn>6673092045</inn>
                        <kpp>667301001</kpp>
                        <ogrn>1026605611339</ogrn>
                        <legalAddress>620017, обл СВЕРДЛОВСКАЯ, г ЕКАТЕРИНБУРГ, пр-кт КОСМОНАВТОВ, дом 18</legalAddress>
                        <postalAddress>620017, г. Екатеринбург, пр. Космонавтов, 18</postalAddress>
                        <phone>7-343-2641072</phone>
                        <fax>7-343-2641300</fax>
                        <email>main@okb-novator.ru</email>
                        <okato>65401385000</okato>
                        <okpo>07546512</okpo>
                    </mainInfo>
                </ns2:customer>
                <ns2:placer>
                    <mainInfo>
                        <fullName>АКЦИОНЕРНОЕ ОБЩЕСТВО "ОПЫТНОЕ КОНСТРУКТОРСКОЕ БЮРО "НОВАТОР"</fullName>
                        <shortName>АО "ОКБ "НОВАТОР"</shortName>
                        <iko>66673092045667301001</iko>
                        <inn>6673092045</inn>
                        <kpp>667301001</kpp>
                        <ogrn>1026605611339</ogrn>
                        <legalAddress>620017, обл СВЕРДЛОВСКАЯ, г ЕКАТЕРИНБУРГ, пр-кт КОСМОНАВТОВ, дом 18</legalAddress>
                        <postalAddress>620017, г. Екатеринбург, пр. Космонавтов, 18</postalAddress>
                        <phone>7-343-2641072</phone>
                        <fax>7-343-2641300</fax>
                        <email>main@okb-novator.ru</email>
                        <okato>65401385000</okato>
                        <okpo>07546512</okpo>
                    </mainInfo>
                </ns2:placer>
                <ns2:publicationDate>2017-03-30T06:54:06</ns2:publicationDate>
                <ns2:status>P</ns2:status>
                <ns2:version>1</ns2:version>
                <ns2:completed>true</ns2:completed>
                <ns2:attachments>
                    <totalDocumentsCount>2</totalDocumentsCount>
                    <document>
                        <guid>543cdc81-e02d-4b7e-bb97-cdf76e5051cb</guid>
                        <createDateTime>2017-03-30T06:53:17</createDateTime>
                        <fileName>пп 2032.pdf</fileName>
                        <description>пп 2032</description>
                        <url>https://zakupki.gov.ru/223/contract/private/download/download.html?id=11713748</url>
                        <registrationNumber>66673092045170001050004</registrationNumber>
                    </document>
                    <document>
                        <guid>2ed96d99-2d65-4968-8652-5ea2a9570a9e</guid>
                        <createDateTime>2017-03-30T06:53:28</createDateTime>
                        <fileName>тн 4 от 14.03.2017 .pdf</fileName>
                        <description>тн 4 от 14.03.2017 </description>
                        <url>https://zakupki.gov.ru/223/contract/private/download/download.html?id=11713753</url>
                        <registrationNumber>66673092045170001050005</registrationNumber>
                    </document>
                </ns2:attachments>
                <ns2:hasPenalty>false</ns2:hasPenalty>
                <ns2:contractRegNumber>66673092045170001050000</ns2:contractRegNumber>
                <ns2:contractInfo>
                    <ns2:guid>5a999ecb-3db4-404a-bf10-ec906a188f33</ns2:guid>
                    <ns2:name>030/470</ns2:name>
                    <ns2:agencyName>АО "ОКБ "НОВАТОР"</ns2:agencyName>
                    <ns2:supplierName>ОБЩЕСТВО С ОГРАНИЧЕННОЙ ОТВЕТСТВЕННОСТЬЮ "СЕРВИСПОСТАВКА"</ns2:supplierName>
                    <ns2:lotInfo>Средства связи, выполняющие функцию цифровых транспортных систем</ns2:lotInfo>
                    <ns2:contractDate>2017-02-13</ns2:contractDate>
                </ns2:contractInfo>
                <ns2:positions>
                    <ns2:position>
                        <ns2:ordinal>1</ns2:ordinal>
                        <ns2:paymentDate>2017-03-22</ns2:paymentDate>
                        <ns2:price>229330</ns2:price>
                        <ns2:currency>
                            <code>RUB</code>
                            <digitalCode>643</digitalCode>
                            <name>Российский рубль</name>
                        </ns2:currency>
                        <ns2:rubPrice>229330</ns2:rubPrice>
                        <ns2:prepaid>false</ns2:prepaid>
                        <ns2:docs>
                            <ns2:doc>
                                <ns2:ordinal>1</ns2:ordinal>
                                <ns2:date>2017-03-14</ns2:date>
                                <ns2:code>01</ns2:code>
                                <ns2:name>товарная накладная</ns2:name>
                                <ns2:number>4</ns2:number>
                                <ns2:contractPosition>
                                    <ns2:guid>6806ea58-1c9f-4965-84cb-395e2fd3a6bf</ns2:guid>
                                    <ns2:name>Средства связи, выполняющие функцию цифровых транспортных систем</ns2:name>
                                    <ns2:okpd2>
                                        <code>26.30.11.120</code>
                                        <name>Средства связи, выполняющие функцию цифровых транспортных систем</name>
                                    </ns2:okpd2>
                                </ns2:contractPosition>
                                <ns2:okei>
                                    <code>796</code>
                                    <name>Штука</name>
                                </ns2:okei>
                                <ns2:qty>1</ns2:qty>
                            </ns2:doc>
                        </ns2:docs>
                    </ns2:position>
                    <ns2:total>229330</ns2:total>
                </ns2:positions>
            </ns2:performanceContractData>
        </ns2:item>
    </ns2:body>
</ns2:performanceContract>
