<?xml version="1.0" encoding="UTF-8" standalone="yes"?>
<ns2:performanceContract xsi:schemaLocation="http://zakupki.gov.ru/223/integration/schema/TFF-5.2 http://zakupki.gov.ru/223/integration/schema/TFF-5.2/Types.xsd" xmlns="http://zakupki.gov.ru/223fz/types/1" xmlns:ns10="http://zakupki.gov.ru/223fz/disagreementProtocol/1" xmlns:ns11="http://zakupki.gov.ru/223fz/purchase/1" xmlns:ns12="http://zakupki.gov.ru/223fz/machineryListInfo/1" xmlns:ns13="http://zakupki.gov.ru/223fz/revenue/1" xmlns:ns14="http://zakupki.gov.ru/223fz/orderClauseList/1" xmlns:ns15="http://zakupki.gov.ru/223fz/complaint/1" xmlns:ns16="http://zakupki.gov.ru/223fz/missedNotice/1" xmlns:ns17="http://zakupki.gov.ru/223fz/notificationIssue/1" xmlns:ns18="http://zakupki.gov.ru/223fz/purchasePlanProject/1" xmlns:ns19="http://zakupki.gov.ru/223fz/webRequest/1" xmlns:ns2="http://zakupki.gov.ru/223fz/contract/1" xmlns:xsi="http://www.w3.org/2001/XMLSchema-instance" xmlns:ns3="http://zakupki.gov.ru/223fz/dishonestSupplier/1" xmlns:ns4="http://zakupki.gov.ru/223fz/decisionSuspension/1" xmlns:ns5="http://zakupki.gov.ru/223fz/purchasePlanAdditionalPosition/1" xmlns:ns6="http://zakupki.gov.ru/223fz/purchasePlan/1" xmlns:ns7="http://zakupki.gov.ru/223fz/purchasePlanProjectAdditionalPosition/1" xmlns:ns8="http://zakupki.gov.ru/223fz/reference/1" xmlns:ns9="http://zakupki.gov.ru/223fz/stopCommodity/1">
    <header>
        <guid>87f33f6e-9083-45af-a367-20e03a3e63ff</guid>
        <createDateTime>2017-03-30T07:33:43</createDateTime>
    </header>
    <ns2:body>
        <ns2:item>
            <guid>1e90434c-269a-4462-acc6-138b154ee187</guid>
            <ns2:performanceContractData>
                <ns2:guid>e0709c9c-d6d4-46ca-9148-bea97665a0c3</ns2:guid>
                <ns2:registrationNumber>56668000472170000120003</ns2:registrationNumber>
                <ns2:urlOOS>https://zakupki.gov.ru/223/contract/private/completing/info/view.html?id=2662401</ns2:urlOOS>
                <ns2:createDateTime>2017-01-24T11:32:51</ns2:createDateTime>
                <ns2:customer>
                    <mainInfo>
                        <fullName>ФЕДЕРАЛЬНОЕ КАЗЕННОЕ ПРЕДПРИЯТИЕ " НИЖНЕТАГИЛЬСКИЙ ИНСТИТУТ ИСПЫТАНИЯ МЕТАЛЛОВ"</fullName>
                        <shortName>ФКП " НТИИМ"</shortName>
                        <iko>56668000472662350001</iko>
                        <inn>6668000472</inn>
                        <kpp>662301001</kpp>
                        <ogrn>1036601221469</ogrn>
                        <legalAddress>622015, обл СВЕРДЛОВСКАЯ, г НИЖНИЙ ТАГИЛ, ул ГАГАРИНА, дом 29</legalAddress>
                        <postalAddress>622015, Свердловская область, г. Нижний Тагил, ул. Гагарина, дом 29 </postalAddress>
                        <phone>7-3435-475179</phone>
                        <fax>7-3435-475324</fax>
                        <email>torgi@ntiim.ru</email>
                        <okato>65476374000</okato>
                        <okpo>07519308</okpo>
                    </mainInfo>
                </ns2:customer>
                <ns2:placer>
                    <mainInfo>
                        <fullName>ФЕДЕРАЛЬНОЕ КАЗЕННОЕ ПРЕДПРИЯТИЕ " НИЖНЕТАГИЛЬСКИЙ ИНСТИТУТ ИСПЫТАНИЯ МЕТАЛЛОВ"</fullName>
                        <shortName>ФКП " НТИИМ"</shortName>
                        <iko>56668000472662350001</iko>
                        <inn>6668000472</inn>
                        <kpp>662301001</kpp>
                        <ogrn>1036601221469</ogrn>
                        <legalAddress>622015, обл СВЕРДЛОВСКАЯ, г НИЖНИЙ ТАГИЛ, ул ГАГАРИНА, дом 29</legalAddress>
                        <postalAddress>622015, Свердловская область, г. Нижний Тагил, ул. Гагарина, дом 29 </postalAddress>
                        <phone>7-3435-475179</phone>
                        <fax>7-3435-475324</fax>
                        <email>torgi@ntiim.ru</email>
                        <okato>65476374000</okato>
                        <okpo>07519308</okpo>
                    </mainInfo>
                </ns2:placer>
                <ns2:publicationDate>2017-03-30T07:33:43</ns2:publicationDate>
                <ns2:status>P</ns2:status>
                <ns2:version>1</ns2:version>
                <ns2:completed>true</ns2:completed>
                <ns2:attachments>
                    <totalDocumentsCount>2</totalDocumentsCount>
                    <document>
                        <guid>dbd3d295-01f5-413b-91e5-d53ffae19ffb</guid>
                        <createDateTime>2017-03-30T07:33:11</createDateTime>
                        <fileName>Платёжные поручения № 229 от 30.01.2017 г., № 785 от 29.03.2017 г..pdf</fileName>
                        <description>Платёжные поручения № 229 от 30.01.2017 г., № 785 от 29.03.2017 г.</description>
                        <url>https://zakupki.gov.ru/223/contract/private/download/download.html?id=11714768</url>
                        <registrationNumber>56668000472170000120004</registrationNumber>
                    </document>
                    <document>
                        <guid>1c9d5c7e-0ac7-441e-ab42-7b7866f644c1</guid>
                        <createDateTime>2017-03-30T07:33:19</createDateTime>
                        <fileName>Счёт-фактура № ЦП021500049 от 15.02.2017 г..pdf</fileName>
                        <description>Счёт-фактура № ЦП021500049 от 15.02.2017 г.</description>
                        <url>https://zakupki.gov.ru/223/contract/private/download/download.html?id=11714771</url>
                        <registrationNumber>56668000472170000120005</registrationNumber>
                    </document>
                </ns2:attachments>
                <ns2:hasPenalty>false</ns2:hasPenalty>
                <ns2:contractRegNumber>56668000472170000120000</ns2:contractRegNumber>
                <ns2:contractInfo>
                    <ns2:guid>b50f8170-a3cb-439b-9df2-fea42e41d536</ns2:guid>
                    <ns2:name>703-15-2017</ns2:name>
                    <ns2:agencyName>ФКП " НТИИМ"</ns2:agencyName>
                    <ns2:supplierName>ОБЩЕСТВО С ОГРАНИЧЕННОЙ ОТВЕТСТВЕННОСТЬЮ "ПРАКТИКА"</ns2:supplierName>
                    <ns2:lotInfo>Поставка строительных материалов</ns2:lotInfo>
                    <ns2:contractDate>2017-01-24</ns2:contractDate>
                </ns2:contractInfo>
                <ns2:positions>
                    <ns2:position>
                        <ns2:ordinal>1</ns2:ordinal>
                        <ns2:paymentDate>2017-01-30</ns2:paymentDate>
                        <ns2:price>64305.38</ns2:price>
                        <ns2:currency>
                            <code>RUB</code>
                            <digitalCode>643</digitalCode>
                            <name>Российский рубль</name>
                        </ns2:currency>
                        <ns2:rubPrice>64305.38</ns2:rubPrice>
                        <ns2:prepaid>true</ns2:prepaid>
                    </ns2:position>
                    <ns2:position>
                        <ns2:ordinal>2</ns2:ordinal>
                        <ns2:paymentDate>2017-03-29</ns2:paymentDate>
                        <ns2:price>150045.89</ns2:price>
                        <ns2:currency>
                            <code>RUB</code>
                            <digitalCode>643</digitalCode>
                            <name>Российский рубль</name>
                        </ns2:currency>
                        <ns2:rubPrice>150045.89</ns2:rubPrice>
                        <ns2:prepaid>false</ns2:prepaid>
                        <ns2:docs>
                            <ns2:doc>
                                <ns2:ordinal>1</ns2:ordinal>
                                <ns2:date>2017-02-15</ns2:date>
                                <ns2:code>19</ns2:code>
                                <ns2:name>счет-фактура</ns2:name>
                                <ns2:number>ЦП021500049</ns2:number>
                                <ns2:contractPosition>
                                    <ns2:guid>3bff02d2-8813-4af5-bf6b-6a76aaf71dd5</ns2:guid>
                                    <ns2:name>Изделия пластмассовые строительные; линолеум и твердые неполимерные материалы для покрытия пола</ns2:name>
                                    <ns2:okpd2>
                                        <code>22.23.1</code>
                                        <name>Изделия пластмассовые строительные; линолеум и твердые неполимерные материалы для покрытия пола</name>
                                    </ns2:okpd2>
                                </ns2:contractPosition>
                                <ns2:okei>
                                    <code>876</code>
                                    <name>Условная единица</name>
                                </ns2:okei>
                                <ns2:qty>1</ns2:qty>
                            </ns2:doc>
                        </ns2:docs>
                    </ns2:position>
                    <ns2:total>214351.27</ns2:total>
                </ns2:positions>
            </ns2:performanceContractData>
        </ns2:item>
    </ns2:body>
</ns2:performanceContract>
