<?xml version="1.0" encoding="UTF-8" standalone="yes"?>
<ns2:performanceContract xsi:schemaLocation="http://zakupki.gov.ru/223/integration/schema/TFF-5.2 http://zakupki.gov.ru/223/integration/schema/TFF-5.2/Types.xsd" xmlns="http://zakupki.gov.ru/223fz/types/1" xmlns:ns10="http://zakupki.gov.ru/223fz/disagreementProtocol/1" xmlns:ns11="http://zakupki.gov.ru/223fz/purchase/1" xmlns:ns12="http://zakupki.gov.ru/223fz/machineryListInfo/1" xmlns:ns13="http://zakupki.gov.ru/223fz/revenue/1" xmlns:ns14="http://zakupki.gov.ru/223fz/orderClauseList/1" xmlns:ns15="http://zakupki.gov.ru/223fz/complaint/1" xmlns:ns16="http://zakupki.gov.ru/223fz/missedNotice/1" xmlns:ns17="http://zakupki.gov.ru/223fz/notificationIssue/1" xmlns:ns18="http://zakupki.gov.ru/223fz/purchasePlanProject/1" xmlns:ns19="http://zakupki.gov.ru/223fz/webRequest/1" xmlns:ns2="http://zakupki.gov.ru/223fz/contract/1" xmlns:xsi="http://www.w3.org/2001/XMLSchema-instance" xmlns:ns3="http://zakupki.gov.ru/223fz/dishonestSupplier/1" xmlns:ns4="http://zakupki.gov.ru/223fz/decisionSuspension/1" xmlns:ns5="http://zakupki.gov.ru/223fz/purchasePlanAdditionalPosition/1" xmlns:ns6="http://zakupki.gov.ru/223fz/purchasePlan/1" xmlns:ns7="http://zakupki.gov.ru/223fz/purchasePlanProjectAdditionalPosition/1" xmlns:ns8="http://zakupki.gov.ru/223fz/reference/1" xmlns:ns9="http://zakupki.gov.ru/223fz/stopCommodity/1">
    <header>
        <guid>50b202d9-f15d-4526-b6b2-141a5c192eef</guid>
        <createDateTime>2017-03-30T13:21:26</createDateTime>
    </header>
    <ns2:body>
        <ns2:item>
            <guid>dca1ba06-189f-461a-ad94-e641e45006c4</guid>
            <ns2:performanceContractData>
                <ns2:guid>30452069-b7af-4be0-ac48-cff761d1150c</ns2:guid>
                <ns2:registrationNumber>66658139683160006510005</ns2:registrationNumber>
                <ns2:urlOOS>https://zakupki.gov.ru/223/contract/private/completing/info/view.html?id=2151403</ns2:urlOOS>
                <ns2:createDateTime>2016-12-23T14:27:14</ns2:createDateTime>
                <ns2:customer>
                    <mainInfo>
                        <fullName>АКЦИОНЕРНОЕ ОБЩЕСТВО "ЕКАТЕРИНБУРГСКАЯ ЭЛЕКТРОСЕТЕВАЯ КОМПАНИЯ"</fullName>
                        <shortName>АО "ЕЭСК"</shortName>
                        <iko>66658139683665801001</iko>
                        <inn>6658139683</inn>
                        <kpp>665801001</kpp>
                        <ogrn>1026602312770</ogrn>
                        <legalAddress>620014, ОБЛ СВЕРДЛОВСКАЯ, Г ЕКАТЕРИНБУРГ, УЛ БОРИСА ЕЛЬЦИНА, дом 1</legalAddress>
                        <postalAddress>620014 РФ Свердловская область, город Екатеринбург, улица Бориса Ельцина, дом 1.</postalAddress>
                        <phone>7-343-3590725</phone>
                        <fax>7-343-3590059</fax>
                        <email>eesk@eesk.ru</email>
                        <okato>65401364000</okato>
                        <okpo>12284050</okpo>
                    </mainInfo>
                </ns2:customer>
                <ns2:placer>
                    <mainInfo>
                        <fullName>АКЦИОНЕРНОЕ ОБЩЕСТВО "ЕКАТЕРИНБУРГСКАЯ ЭЛЕКТРОСЕТЕВАЯ КОМПАНИЯ"</fullName>
                        <shortName>АО "ЕЭСК"</shortName>
                        <iko>66658139683665801001</iko>
                        <inn>6658139683</inn>
                        <kpp>665801001</kpp>
                        <ogrn>1026602312770</ogrn>
                        <legalAddress>620014, ОБЛ СВЕРДЛОВСКАЯ, Г ЕКАТЕРИНБУРГ, УЛ БОРИСА ЕЛЬЦИНА, дом 1</legalAddress>
                        <postalAddress>620014 РФ Свердловская область, город Екатеринбург, улица Бориса Ельцина, дом 1.</postalAddress>
                        <phone>7-343-3590725</phone>
                        <fax>7-343-3590059</fax>
                        <email>eesk@eesk.ru</email>
                        <okato>65401364000</okato>
                        <okpo>12284050</okpo>
                    </mainInfo>
                </ns2:placer>
                <ns2:publicationDate>2017-03-30T13:21:26</ns2:publicationDate>
                <ns2:status>P</ns2:status>
                <ns2:version>1</ns2:version>
                <ns2:completed>true</ns2:completed>
                <ns2:attachments>
                    <totalDocumentsCount>3</totalDocumentsCount>
                    <document>
                        <guid>d23fef53-c336-4e6e-a55b-525ff01e362d</guid>
                        <createDateTime>2017-03-30T13:20:14</createDateTime>
                        <fileName>КС2 Ограждение Ясная.pdf</fileName>
                        <description>КС2 Ограждение Ясная</description>
                        <url>https://zakupki.gov.ru/223/contract/private/download/download.html?id=11734835</url>
                        <registrationNumber>66658139683160006510006</registrationNumber>
                    </document>
                    <document>
                        <guid>8e950a84-ebd7-46b5-b430-91eb9113b5d6</guid>
                        <createDateTime>2017-03-30T13:19:56</createDateTime>
                        <fileName>КС2 Ограждение Н.Исетская.pdf</fileName>
                        <description>КС2 Ограждение Н.Исетская</description>
                        <url>https://zakupki.gov.ru/223/contract/private/download/download.html?id=11734828</url>
                        <registrationNumber>66658139683160006510007</registrationNumber>
                    </document>
                    <document>
                        <guid>b1761436-2bb7-41be-82ee-574a0f148947</guid>
                        <createDateTime>2017-03-30T13:20:06</createDateTime>
                        <fileName>КС2 Ограждение Нагорная.pdf</fileName>
                        <description>КС2 Ограждение Нагорная</description>
                        <url>https://zakupki.gov.ru/223/contract/private/download/download.html?id=11734831</url>
                        <registrationNumber>66658139683160006510008</registrationNumber>
                    </document>
                </ns2:attachments>
                <ns2:hasPenalty>false</ns2:hasPenalty>
                <ns2:contractRegNumber>66658139683160006510000</ns2:contractRegNumber>
                <ns2:contractInfo>
                    <ns2:guid>2f26b305-7e0d-42be-84e0-4d94233877cd</ns2:guid>
                    <ns2:name>2016/12-280</ns2:name>
                    <ns2:agencyName>АО "ЕЭСК"</ns2:agencyName>
                    <ns2:supplierName>ОБЩЕСТВО С ОГРАНИЧЕННОЙ ОТВЕТСТВЕННОСТЬЮ "УРАЛЬСКАЯ СТРОИТЕЛЬНАЯ КОМПАНИЯ "КРОВТРЕЙД"</ns2:supplierName>
                    <ns2:lotInfo>право заключения договора на выполнение работ по ремонту строительной части ПС Ясная, Нагорная, Нижне-Исетская АО «ЕЭСК».</ns2:lotInfo>
                    <ns2:contractDate>2016-12-23</ns2:contractDate>
                </ns2:contractInfo>
                <ns2:positions>
                    <ns2:position>
                        <ns2:ordinal>1</ns2:ordinal>
                        <ns2:paymentDate>2017-03-28</ns2:paymentDate>
                        <ns2:price>3218967.5</ns2:price>
                        <ns2:currency>
                            <code>RUB</code>
                            <digitalCode>643</digitalCode>
                            <name>Российский рубль</name>
                        </ns2:currency>
                        <ns2:rubPrice>3218967.5</ns2:rubPrice>
                        <ns2:prepaid>false</ns2:prepaid>
                        <ns2:docs>
                            <ns2:doc>
                                <ns2:ordinal>2</ns2:ordinal>
                                <ns2:date>2016-12-26</ns2:date>
                                <ns2:code>12</ns2:code>
                                <ns2:name>акт о приемке выполненных работ</ns2:name>
                                <ns2:number>2</ns2:number>
                                <ns2:contractPosition>
                                    <ns2:guid>3e2d539a-2e77-47d1-a149-35cca3995fa6</ns2:guid>
                                    <ns2:name>Сооружения и строительные работы по строительству инженерных коммуникаций</ns2:name>
                                    <ns2:okpd2>
                                        <code>42.2</code>
                                        <name>Сооружения и строительные работы по строительству инженерных коммуникаций</name>
                                    </ns2:okpd2>
                                </ns2:contractPosition>
                                <ns2:okei>
                                    <code>796</code>
                                    <name>Штука</name>
                                </ns2:okei>
                                <ns2:qty>1</ns2:qty>
                            </ns2:doc>
                            <ns2:doc>
                                <ns2:ordinal>3</ns2:ordinal>
                                <ns2:date>2016-12-26</ns2:date>
                                <ns2:code>12</ns2:code>
                                <ns2:name>акт о приемке выполненных работ</ns2:name>
                                <ns2:number>3</ns2:number>
                                <ns2:contractPosition>
                                    <ns2:guid>3e2d539a-2e77-47d1-a149-35cca3995fa6</ns2:guid>
                                    <ns2:name>Сооружения и строительные работы по строительству инженерных коммуникаций</ns2:name>
                                    <ns2:okpd2>
                                        <code>42.2</code>
                                        <name>Сооружения и строительные работы по строительству инженерных коммуникаций</name>
                                    </ns2:okpd2>
                                </ns2:contractPosition>
                                <ns2:okei>
                                    <code>796</code>
                                    <name>Штука</name>
                                </ns2:okei>
                                <ns2:qty>1</ns2:qty>
                            </ns2:doc>
                            <ns2:doc>
                                <ns2:ordinal>1</ns2:ordinal>
                                <ns2:date>2016-12-26</ns2:date>
                                <ns2:code>12</ns2:code>
                                <ns2:name>акт о приемке выполненных работ</ns2:name>
                                <ns2:number>1</ns2:number>
                                <ns2:contractPosition>
                                    <ns2:guid>3e2d539a-2e77-47d1-a149-35cca3995fa6</ns2:guid>
                                    <ns2:name>Сооружения и строительные работы по строительству инженерных коммуникаций</ns2:name>
                                    <ns2:okpd2>
                                        <code>42.2</code>
                                        <name>Сооружения и строительные работы по строительству инженерных коммуникаций</name>
                                    </ns2:okpd2>
                                </ns2:contractPosition>
                                <ns2:okei>
                                    <code>796</code>
                                    <name>Штука</name>
                                </ns2:okei>
                                <ns2:qty>1</ns2:qty>
                            </ns2:doc>
                        </ns2:docs>
                    </ns2:position>
                    <ns2:total>3218967.5</ns2:total>
                </ns2:positions>
            </ns2:performanceContractData>
        </ns2:item>
    </ns2:body>
</ns2:performanceContract>
