<?xml version="1.0" encoding="UTF-8" standalone="yes"?>
<ns2:performanceContract xsi:schemaLocation="http://zakupki.gov.ru/223/integration/schema/TFF-5.2 http://zakupki.gov.ru/223/integration/schema/TFF-5.2/Types.xsd" xmlns="http://zakupki.gov.ru/223fz/types/1" xmlns:ns10="http://zakupki.gov.ru/223fz/disagreementProtocol/1" xmlns:ns11="http://zakupki.gov.ru/223fz/purchase/1" xmlns:ns12="http://zakupki.gov.ru/223fz/machineryListInfo/1" xmlns:ns13="http://zakupki.gov.ru/223fz/revenue/1" xmlns:ns14="http://zakupki.gov.ru/223fz/orderClauseList/1" xmlns:ns15="http://zakupki.gov.ru/223fz/complaint/1" xmlns:ns16="http://zakupki.gov.ru/223fz/missedNotice/1" xmlns:ns17="http://zakupki.gov.ru/223fz/notificationIssue/1" xmlns:ns18="http://zakupki.gov.ru/223fz/purchasePlanProject/1" xmlns:ns19="http://zakupki.gov.ru/223fz/webRequest/1" xmlns:ns2="http://zakupki.gov.ru/223fz/contract/1" xmlns:xsi="http://www.w3.org/2001/XMLSchema-instance" xmlns:ns3="http://zakupki.gov.ru/223fz/dishonestSupplier/1" xmlns:ns4="http://zakupki.gov.ru/223fz/decisionSuspension/1" xmlns:ns5="http://zakupki.gov.ru/223fz/purchasePlanAdditionalPosition/1" xmlns:ns6="http://zakupki.gov.ru/223fz/purchasePlan/1" xmlns:ns7="http://zakupki.gov.ru/223fz/purchasePlanProjectAdditionalPosition/1" xmlns:ns8="http://zakupki.gov.ru/223fz/reference/1" xmlns:ns9="http://zakupki.gov.ru/223fz/stopCommodity/1">
    <header>
        <guid>40ce21b0-98ad-45fe-abbd-a842cdfe6402</guid>
        <createDateTime>2017-03-30T08:53:57</createDateTime>
    </header>
    <ns2:body>
        <ns2:item>
            <guid>3e55d515-398b-4928-acaa-4a834c1e9c38</guid>
            <ns2:performanceContractData>
                <ns2:guid>b2f30cc7-614f-4ece-a259-c7c9fc4c074d</ns2:guid>
                <ns2:registrationNumber>56671163413160029470003</ns2:registrationNumber>
                <ns2:urlOOS>https://zakupki.gov.ru/223/contract/private/completing/info/view.html?id=2663050</ns2:urlOOS>
                <ns2:createDateTime>2016-12-02T08:48:14</ns2:createDateTime>
                <ns2:customer>
                    <mainInfo>
                        <fullName>Открытое акционерное общество "Межрегиональная распределительная сетевая компания Урала"</fullName>
                        <shortName>ОАО "МРСК Урала"</shortName>
                        <iko>56671163413667201001</iko>
                        <inn>6671163413</inn>
                        <kpp>667201001</kpp>
                        <ogrn>1056604000970</ogrn>
                        <legalAddress>620026, Свердловская, Екатеринбург, Мамина-Сибиряка, дом 140</legalAddress>
                        <postalAddress>620026, Свердловская область, Екатеринбург, Мамина-Сибиряка, дом 140 </postalAddress>
                        <phone>7-343-2152600</phone>
                        <fax>7-343-2152661</fax>
                        <email>mrsk@mrsk-ural.ru</email>
                        <okato>65401000000</okato>
                        <okpo>76507836</okpo>
                    </mainInfo>
                </ns2:customer>
                <ns2:placer>
                    <mainInfo>
                        <fullName>Открытое акционерное общество "Межрегиональная распределительная сетевая компания Урала"</fullName>
                        <shortName>ОАО "МРСК Урала"</shortName>
                        <iko>56671163413667201001</iko>
                        <inn>6671163413</inn>
                        <kpp>667201001</kpp>
                        <ogrn>1056604000970</ogrn>
                        <legalAddress>620026, Свердловская, Екатеринбург, Мамина-Сибиряка, дом 140</legalAddress>
                        <postalAddress>620026, Свердловская область, Екатеринбург, Мамина-Сибиряка, дом 140 </postalAddress>
                        <phone>7-343-2152600</phone>
                        <fax>7-343-2152661</fax>
                        <email>mrsk@mrsk-ural.ru</email>
                        <okato>65401000000</okato>
                        <okpo>76507836</okpo>
                    </mainInfo>
                </ns2:placer>
                <ns2:publicationDate>2017-03-30T08:53:57</ns2:publicationDate>
                <ns2:status>P</ns2:status>
                <ns2:version>1</ns2:version>
                <ns2:completed>false</ns2:completed>
                <ns2:attachments>
                    <totalDocumentsCount>3</totalDocumentsCount>
                    <document>
                        <guid>02a4ac5c-3027-4f00-b86f-8c276ba65277</guid>
                        <createDateTime>2017-03-30T08:53:35</createDateTime>
                        <fileName>ЧГЭС_02.02.17_20.03.17_88079,92.pdf</fileName>
                        <description>ЧГЭС_02.02.17_20.03.17_88079,92</description>
                        <url>https://zakupki.gov.ru/223/contract/private/download/download.html?id=11717763</url>
                        <registrationNumber>56671163413160029470004</registrationNumber>
                    </document>
                    <document>
                        <guid>7a932985-f31e-4688-97c9-a5420851ccb2</guid>
                        <createDateTime>2017-03-30T08:53:16</createDateTime>
                        <fileName>ЗЭС_02.02.17_13.03.17_4531,20.pdf</fileName>
                        <description>ЗЭС_02.02.17_13.03.17_4531,20</description>
                        <url>https://zakupki.gov.ru/223/contract/private/download/download.html?id=11717750</url>
                        <registrationNumber>56671163413160029470005</registrationNumber>
                    </document>
                    <document>
                        <guid>3b8b43b6-b316-41b0-bd3d-8e10fdb563ae</guid>
                        <createDateTime>2017-03-30T08:53:26</createDateTime>
                        <fileName>ЦЭС 14.02.17_22.03.17_576204.62.pdf</fileName>
                        <description>ЦЭС 14.02.17_22.03.17_576204.62</description>
                        <url>https://zakupki.gov.ru/223/contract/private/download/download.html?id=11717756</url>
                        <registrationNumber>56671163413160029470006</registrationNumber>
                    </document>
                </ns2:attachments>
                <ns2:hasPenalty>false</ns2:hasPenalty>
                <ns2:contractRegNumber>56671163413160029470000</ns2:contractRegNumber>
                <ns2:contractInfo>
                    <ns2:guid>398b2663-0a53-405c-887f-2f5d1ddc2c7e</ns2:guid>
                    <ns2:agencyName>ОАО "МРСК Урала"</ns2:agencyName>
                    <ns2:supplierName>ОБЩЕСТВО С ОГРАНИЧЕННОЙ ОТВЕТСТВЕННОСТЬЮ "ЭНЕРГОТЕХСОЮЗ"</ns2:supplierName>
                    <ns2:lotInfo>право заключения договора на поставку комплектующих и запасных частей к трансформаторам для  обеспечения ремонтной программы филиала ОАО «МРСК Урала» - «Челябэнерго» в 2017г</ns2:lotInfo>
                    <ns2:contractDate>2016-11-29</ns2:contractDate>
                </ns2:contractInfo>
                <ns2:positions>
                    <ns2:position>
                        <ns2:ordinal>3</ns2:ordinal>
                        <ns2:paymentDate>2017-03-20</ns2:paymentDate>
                        <ns2:price>88079.92</ns2:price>
                        <ns2:currency>
                            <code>RUB</code>
                            <digitalCode>643</digitalCode>
                            <name>Российский рубль</name>
                        </ns2:currency>
                        <ns2:rubPrice>88079.92</ns2:rubPrice>
                        <ns2:prepaid>false</ns2:prepaid>
                        <ns2:docs>
                            <ns2:doc>
                                <ns2:ordinal>1</ns2:ordinal>
                                <ns2:code>01</ns2:code>
                                <ns2:name>товарная накладная</ns2:name>
                                <ns2:contractPosition>
                                    <ns2:guid>c6a358d2-809b-4242-96f6-a98dc04a0545</ns2:guid>
                                    <ns2:name>Трансформаторы прочие мощностью более 16 кВА</ns2:name>
                                    <ns2:okpd2>
                                        <code>27.11.43.000</code>
                                        <name>Трансформаторы прочие мощностью более 16 кВА</name>
                                    </ns2:okpd2>
                                </ns2:contractPosition>
                                <ns2:okei>
                                    <code>642</code>
                                    <name>Единица</name>
                                </ns2:okei>
                                <ns2:qty>1</ns2:qty>
                            </ns2:doc>
                        </ns2:docs>
                    </ns2:position>
                    <ns2:position>
                        <ns2:ordinal>1</ns2:ordinal>
                        <ns2:paymentDate>2017-03-13</ns2:paymentDate>
                        <ns2:price>4531.2</ns2:price>
                        <ns2:currency>
                            <code>RUB</code>
                            <digitalCode>643</digitalCode>
                            <name>Российский рубль</name>
                        </ns2:currency>
                        <ns2:rubPrice>4531.2</ns2:rubPrice>
                        <ns2:prepaid>false</ns2:prepaid>
                        <ns2:docs>
                            <ns2:doc>
                                <ns2:ordinal>1</ns2:ordinal>
                                <ns2:code>01</ns2:code>
                                <ns2:name>товарная накладная</ns2:name>
                                <ns2:contractPosition>
                                    <ns2:guid>c6a358d2-809b-4242-96f6-a98dc04a0545</ns2:guid>
                                    <ns2:name>Трансформаторы прочие мощностью более 16 кВА</ns2:name>
                                    <ns2:okpd2>
                                        <code>27.11.43.000</code>
                                        <name>Трансформаторы прочие мощностью более 16 кВА</name>
                                    </ns2:okpd2>
                                </ns2:contractPosition>
                                <ns2:okei>
                                    <code>642</code>
                                    <name>Единица</name>
                                </ns2:okei>
                                <ns2:qty>1</ns2:qty>
                            </ns2:doc>
                        </ns2:docs>
                    </ns2:position>
                    <ns2:position>
                        <ns2:ordinal>2</ns2:ordinal>
                        <ns2:paymentDate>2017-03-22</ns2:paymentDate>
                        <ns2:price>576204.62</ns2:price>
                        <ns2:currency>
                            <code>RUB</code>
                            <digitalCode>643</digitalCode>
                            <name>Российский рубль</name>
                        </ns2:currency>
                        <ns2:rubPrice>576204.62</ns2:rubPrice>
                        <ns2:prepaid>false</ns2:prepaid>
                        <ns2:docs>
                            <ns2:doc>
                                <ns2:ordinal>1</ns2:ordinal>
                                <ns2:code>01</ns2:code>
                                <ns2:name>товарная накладная</ns2:name>
                                <ns2:contractPosition>
                                    <ns2:guid>c6a358d2-809b-4242-96f6-a98dc04a0545</ns2:guid>
                                    <ns2:name>Трансформаторы прочие мощностью более 16 кВА</ns2:name>
                                    <ns2:okpd2>
                                        <code>27.11.43.000</code>
                                        <name>Трансформаторы прочие мощностью более 16 кВА</name>
                                    </ns2:okpd2>
                                </ns2:contractPosition>
                                <ns2:okei>
                                    <code>642</code>
                                    <name>Единица</name>
                                </ns2:okei>
                                <ns2:qty>1</ns2:qty>
                            </ns2:doc>
                        </ns2:docs>
                    </ns2:position>
                    <ns2:total>668815.74</ns2:total>
                </ns2:positions>
            </ns2:performanceContractData>
        </ns2:item>
    </ns2:body>
</ns2:performanceContract>
