<?xml version="1.0" encoding="UTF-8" standalone="yes"?>
<ns2:performanceContract xsi:schemaLocation="http://zakupki.gov.ru/223/integration/schema/TFF-5.2 http://zakupki.gov.ru/223/integration/schema/TFF-5.2/Types.xsd" xmlns="http://zakupki.gov.ru/223fz/types/1" xmlns:ns10="http://zakupki.gov.ru/223fz/disagreementProtocol/1" xmlns:ns11="http://zakupki.gov.ru/223fz/purchase/1" xmlns:ns12="http://zakupki.gov.ru/223fz/machineryListInfo/1" xmlns:ns13="http://zakupki.gov.ru/223fz/revenue/1" xmlns:ns14="http://zakupki.gov.ru/223fz/orderClauseList/1" xmlns:ns15="http://zakupki.gov.ru/223fz/complaint/1" xmlns:ns16="http://zakupki.gov.ru/223fz/missedNotice/1" xmlns:ns17="http://zakupki.gov.ru/223fz/notificationIssue/1" xmlns:ns18="http://zakupki.gov.ru/223fz/purchasePlanProject/1" xmlns:ns19="http://zakupki.gov.ru/223fz/webRequest/1" xmlns:ns2="http://zakupki.gov.ru/223fz/contract/1" xmlns:xsi="http://www.w3.org/2001/XMLSchema-instance" xmlns:ns3="http://zakupki.gov.ru/223fz/dishonestSupplier/1" xmlns:ns4="http://zakupki.gov.ru/223fz/decisionSuspension/1" xmlns:ns5="http://zakupki.gov.ru/223fz/purchasePlanAdditionalPosition/1" xmlns:ns6="http://zakupki.gov.ru/223fz/purchasePlan/1" xmlns:ns7="http://zakupki.gov.ru/223fz/purchasePlanProjectAdditionalPosition/1" xmlns:ns8="http://zakupki.gov.ru/223fz/reference/1" xmlns:ns9="http://zakupki.gov.ru/223fz/stopCommodity/1">
    <header>
        <guid>c826e91a-eb34-4eee-91ab-13760192cbed</guid>
        <createDateTime>2017-03-30T09:20:41</createDateTime>
    </header>
    <ns2:body>
        <ns2:item>
            <guid>7e4105ff-d086-44c4-872d-b16eb7dc1f66</guid>
            <ns2:performanceContractData>
                <ns2:guid>53c5518b-25e3-4383-8eeb-2f83fad14f65</ns2:guid>
                <ns2:registrationNumber>66658139683170000040012</ns2:registrationNumber>
                <ns2:urlOOS>https://zakupki.gov.ru/223/contract/private/completing/info/view.html?id=2663148</ns2:urlOOS>
                <ns2:termination>false</ns2:termination>
                <ns2:createDateTime>2017-01-11T13:29:06</ns2:createDateTime>
                <ns2:customer>
                    <mainInfo>
                        <fullName>АКЦИОНЕРНОЕ ОБЩЕСТВО "ЕКАТЕРИНБУРГСКАЯ ЭЛЕКТРОСЕТЕВАЯ КОМПАНИЯ"</fullName>
                        <shortName>АО "ЕЭСК"</shortName>
                        <iko>66658139683665801001</iko>
                        <inn>6658139683</inn>
                        <kpp>665801001</kpp>
                        <ogrn>1026602312770</ogrn>
                        <legalAddress>620014, ОБЛ СВЕРДЛОВСКАЯ, Г ЕКАТЕРИНБУРГ, УЛ БОРИСА ЕЛЬЦИНА, дом 1</legalAddress>
                        <postalAddress>620014 РФ Свердловская область, город Екатеринбург, улица Бориса Ельцина, дом 1.</postalAddress>
                        <phone>7-343-3590725</phone>
                        <fax>7-343-3590059</fax>
                        <email>eesk@eesk.ru</email>
                        <okato>65401364000</okato>
                        <okpo>12284050</okpo>
                    </mainInfo>
                </ns2:customer>
                <ns2:placer>
                    <mainInfo>
                        <fullName>АКЦИОНЕРНОЕ ОБЩЕСТВО "ЕКАТЕРИНБУРГСКАЯ ЭЛЕКТРОСЕТЕВАЯ КОМПАНИЯ"</fullName>
                        <shortName>АО "ЕЭСК"</shortName>
                        <iko>66658139683665801001</iko>
                        <inn>6658139683</inn>
                        <kpp>665801001</kpp>
                        <ogrn>1026602312770</ogrn>
                        <legalAddress>620014, ОБЛ СВЕРДЛОВСКАЯ, Г ЕКАТЕРИНБУРГ, УЛ БОРИСА ЕЛЬЦИНА, дом 1</legalAddress>
                        <postalAddress>620014 РФ Свердловская область, город Екатеринбург, улица Бориса Ельцина, дом 1.</postalAddress>
                        <phone>7-343-3590725</phone>
                        <fax>7-343-3590059</fax>
                        <email>eesk@eesk.ru</email>
                        <okato>65401364000</okato>
                        <okpo>12284050</okpo>
                    </mainInfo>
                </ns2:placer>
                <ns2:publicationDate>2017-03-30T09:20:41</ns2:publicationDate>
                <ns2:status>P</ns2:status>
                <ns2:version>1</ns2:version>
                <ns2:completed>false</ns2:completed>
                <ns2:attachments>
                    <totalDocumentsCount>11</totalDocumentsCount>
                    <document>
                        <guid>92f0b2f3-dbbc-46f0-9481-e60b2dcd119f</guid>
                        <createDateTime>2017-03-30T09:18:18</createDateTime>
                        <fileName>Акт № 419у от 21.02.2017.jpg</fileName>
                        <description>Акт № 419у от 21.02.2017</description>
                        <url>https://zakupki.gov.ru/223/contract/private/download/download.html?id=11719570</url>
                        <registrationNumber>66658139683170000040013</registrationNumber>
                    </document>
                    <document>
                        <guid>2d487885-f6b0-49a2-a85b-b895d6ce14f2</guid>
                        <createDateTime>2017-03-30T09:19:13</createDateTime>
                        <fileName>Акт № 237у от 03.02.2017.jpg</fileName>
                        <description>Акт № 237у от 03.02.2017</description>
                        <url>https://zakupki.gov.ru/223/contract/private/download/download.html?id=11719651</url>
                        <registrationNumber>66658139683170000040014</registrationNumber>
                    </document>
                    <document>
                        <guid>fb115939-a58f-4f85-9c23-a2c7da56abfd</guid>
                        <createDateTime>2017-03-30T09:18:58</createDateTime>
                        <fileName>Акт № 404у от 17.02.2017.jpg</fileName>
                        <description>Акт № 404у от 17.02.2017</description>
                        <url>https://zakupki.gov.ru/223/contract/private/download/download.html?id=11719636</url>
                        <registrationNumber>66658139683170000040015</registrationNumber>
                    </document>
                    <document>
                        <guid>1ff9cf28-ada0-44f7-8019-938865ba32bd</guid>
                        <createDateTime>2017-03-30T09:18:42</createDateTime>
                        <fileName>Акт № 302у от 10.02.2017.jpg</fileName>
                        <description>Акт № 302у от 10.02.2017</description>
                        <url>https://zakupki.gov.ru/223/contract/private/download/download.html?id=11719605</url>
                        <registrationNumber>66658139683170000040016</registrationNumber>
                    </document>
                    <document>
                        <guid>56dac58f-9db9-43f6-ac31-2ffd46bf8d12</guid>
                        <createDateTime>2017-03-30T09:19:02</createDateTime>
                        <fileName>Акт № 426у от 22.02.2017.jpg</fileName>
                        <description>Акт № 426у от 22.02.2017</description>
                        <url>https://zakupki.gov.ru/223/contract/private/download/download.html?id=11719640</url>
                        <registrationNumber>66658139683170000040017</registrationNumber>
                    </document>
                    <document>
                        <guid>b187f185-ec9b-4f88-b064-e6ac312fdd5f</guid>
                        <createDateTime>2017-03-30T09:18:12</createDateTime>
                        <fileName>Акт № 398у от 17.02.2017.jpg</fileName>
                        <description>Акт № 398у от 17.02.2017</description>
                        <url>https://zakupki.gov.ru/223/contract/private/download/download.html?id=11719562</url>
                        <registrationNumber>66658139683170000040018</registrationNumber>
                    </document>
                    <document>
                        <guid>493f1d88-bf3e-4726-816a-94d9c505f09d</guid>
                        <createDateTime>2017-03-30T09:18:47</createDateTime>
                        <fileName>Акт № 318у от 16.02.2017.jpg</fileName>
                        <description>Акт № 318у от 16.02.2017</description>
                        <url>https://zakupki.gov.ru/223/contract/private/download/download.html?id=11719611</url>
                        <registrationNumber>66658139683170000040019</registrationNumber>
                    </document>
                    <document>
                        <guid>a81558e5-67f0-4442-a18d-7ca9e1e1a859</guid>
                        <createDateTime>2017-03-30T09:19:08</createDateTime>
                        <fileName>Акт № 444у от 03.03.2017.jpg</fileName>
                        <description>Акт № 444у от 03.03.2017</description>
                        <url>https://zakupki.gov.ru/223/contract/private/download/download.html?id=11719644</url>
                        <registrationNumber>66658139683170000040020</registrationNumber>
                    </document>
                    <document>
                        <guid>3fe54dd5-9bbe-40e3-bc96-89161b7fb84b</guid>
                        <createDateTime>2017-03-30T09:18:36</createDateTime>
                        <fileName>Акт № 499у от 14.03.2017.jpg</fileName>
                        <description>Акт № 499у от 14.03.2017</description>
                        <url>https://zakupki.gov.ru/223/contract/private/download/download.html?id=11719596</url>
                        <registrationNumber>66658139683170000040021</registrationNumber>
                    </document>
                    <document>
                        <guid>60714ecc-153e-4935-be0b-ed441576c0b0</guid>
                        <createDateTime>2017-03-30T09:18:53</createDateTime>
                        <fileName>Акт № 400у от 17.02.2017.jpg</fileName>
                        <description>Акт № 400у от 17.02.2017</description>
                        <url>https://zakupki.gov.ru/223/contract/private/download/download.html?id=11719629</url>
                        <registrationNumber>66658139683170000040022</registrationNumber>
                    </document>
                    <document>
                        <guid>91609cdc-c0e4-48f9-a02f-f8b32176a06c</guid>
                        <createDateTime>2017-03-30T09:18:28</createDateTime>
                        <fileName>Акт № 447у от 02.03.2017.jpg</fileName>
                        <description>Акт № 447у от 02.03.2017</description>
                        <url>https://zakupki.gov.ru/223/contract/private/download/download.html?id=11719583</url>
                        <registrationNumber>66658139683170000040023</registrationNumber>
                    </document>
                </ns2:attachments>
                <ns2:hasPenalty>false</ns2:hasPenalty>
                <ns2:contractRegNumber>66658139683170000040000</ns2:contractRegNumber>
                <ns2:contractInfo>
                    <ns2:guid>b56a9cbc-7d0d-430a-9451-8a37b0481ee5</ns2:guid>
                    <ns2:name>2016/12-289</ns2:name>
                    <ns2:agencyName>АО "ЕЭСК"</ns2:agencyName>
                    <ns2:supplierName>НЕГОСУДАРСТВЕННОЕ ЧАСТНОЕ ОБРАЗОВАТЕЛЬНОЕ УЧРЕЖДЕНИЕ ДОПОЛНИТЕЛЬНОГО ПРОФЕССИОНАЛЬНОГО ОБРАЗОВАНИЯ "УЧЕБНЫЙ ЦЕНТР "МЕЖРЕГИОНАЛЬНОЙ РАСПРЕДЕЛИТЕЛЬНОЙ СЕТЕВОЙ КОМПАНИИ УРАЛА"</ns2:supplierName>
                    <ns2:lotInfo>Право заключения договора на оказание услуг по обучению персонала АО «ЕЭСК» в 2017 году.</ns2:lotInfo>
                    <ns2:contractDate>2017-01-09</ns2:contractDate>
                </ns2:contractInfo>
                <ns2:positions>
                    <ns2:position>
                        <ns2:ordinal>7</ns2:ordinal>
                        <ns2:paymentDate>2017-03-28</ns2:paymentDate>
                        <ns2:price>30165</ns2:price>
                        <ns2:currency>
                            <code>RUB</code>
                            <digitalCode>643</digitalCode>
                            <name>Российский рубль</name>
                        </ns2:currency>
                        <ns2:rubPrice>30165</ns2:rubPrice>
                        <ns2:prepaid>false</ns2:prepaid>
                        <ns2:docs>
                            <ns2:doc>
                                <ns2:ordinal>1</ns2:ordinal>
                                <ns2:date>2017-02-17</ns2:date>
                                <ns2:code>20</ns2:code>
                                <ns2:name>акт выполненных работ</ns2:name>
                                <ns2:number>404/у</ns2:number>
                                <ns2:contractPosition>
                                    <ns2:guid>2ef48ece-8854-4ed4-931d-ad57378e409f</ns2:guid>
                                    <ns2:name>Услуги по профессиональному обучению</ns2:name>
                                    <ns2:okpd2>
                                        <code>85.31.11.000</code>
                                        <name>Услуги по профессиональному обучению</name>
                                    </ns2:okpd2>
                                </ns2:contractPosition>
                                <ns2:okei>
                                    <code>792</code>
                                    <name>Человек</name>
                                </ns2:okei>
                                <ns2:qty>3</ns2:qty>
                            </ns2:doc>
                        </ns2:docs>
                    </ns2:position>
                    <ns2:position>
                        <ns2:ordinal>11</ns2:ordinal>
                        <ns2:paymentDate>2017-03-28</ns2:paymentDate>
                        <ns2:price>55440</ns2:price>
                        <ns2:currency>
                            <code>RUB</code>
                            <digitalCode>643</digitalCode>
                            <name>Российский рубль</name>
                        </ns2:currency>
                        <ns2:rubPrice>55440</ns2:rubPrice>
                        <ns2:prepaid>false</ns2:prepaid>
                        <ns2:docs>
                            <ns2:doc>
                                <ns2:ordinal>1</ns2:ordinal>
                                <ns2:date>2017-02-16</ns2:date>
                                <ns2:code>20</ns2:code>
                                <ns2:name>акт выполненных работ</ns2:name>
                                <ns2:number>318/у</ns2:number>
                                <ns2:contractPosition>
                                    <ns2:guid>2ef48ece-8854-4ed4-931d-ad57378e409f</ns2:guid>
                                    <ns2:name>Услуги по профессиональному обучению</ns2:name>
                                    <ns2:okpd2>
                                        <code>85.31.11.000</code>
                                        <name>Услуги по профессиональному обучению</name>
                                    </ns2:okpd2>
                                </ns2:contractPosition>
                                <ns2:okei>
                                    <code>792</code>
                                    <name>Человек</name>
                                </ns2:okei>
                                <ns2:qty>15</ns2:qty>
                            </ns2:doc>
                        </ns2:docs>
                    </ns2:position>
                    <ns2:position>
                        <ns2:ordinal>3</ns2:ordinal>
                        <ns2:paymentDate>2017-03-28</ns2:paymentDate>
                        <ns2:price>12000</ns2:price>
                        <ns2:currency>
                            <code>RUB</code>
                            <digitalCode>643</digitalCode>
                            <name>Российский рубль</name>
                        </ns2:currency>
                        <ns2:rubPrice>12000</ns2:rubPrice>
                        <ns2:prepaid>false</ns2:prepaid>
                        <ns2:docs>
                            <ns2:doc>
                                <ns2:ordinal>1</ns2:ordinal>
                                <ns2:date>2017-02-21</ns2:date>
                                <ns2:code>20</ns2:code>
                                <ns2:name>акт выполненных работ</ns2:name>
                                <ns2:number>419/у</ns2:number>
                                <ns2:contractPosition>
                                    <ns2:guid>2ef48ece-8854-4ed4-931d-ad57378e409f</ns2:guid>
                                    <ns2:name>Услуги по профессиональному обучению</ns2:name>
                                    <ns2:okpd2>
                                        <code>85.31.11.000</code>
                                        <name>Услуги по профессиональному обучению</name>
                                    </ns2:okpd2>
                                </ns2:contractPosition>
                                <ns2:okei>
                                    <code>792</code>
                                    <name>Человек</name>
                                </ns2:okei>
                                <ns2:qty>5</ns2:qty>
                            </ns2:doc>
                        </ns2:docs>
                    </ns2:position>
                    <ns2:position>
                        <ns2:ordinal>10</ns2:ordinal>
                        <ns2:paymentDate>2017-03-28</ns2:paymentDate>
                        <ns2:price>55440</ns2:price>
                        <ns2:currency>
                            <code>RUB</code>
                            <digitalCode>643</digitalCode>
                            <name>Российский рубль</name>
                        </ns2:currency>
                        <ns2:rubPrice>55440</ns2:rubPrice>
                        <ns2:prepaid>false</ns2:prepaid>
                        <ns2:docs>
                            <ns2:doc>
                                <ns2:ordinal>1</ns2:ordinal>
                                <ns2:date>2017-02-10</ns2:date>
                                <ns2:code>20</ns2:code>
                                <ns2:name>акт выполненных работ</ns2:name>
                                <ns2:number>302/у</ns2:number>
                                <ns2:contractPosition>
                                    <ns2:guid>2ef48ece-8854-4ed4-931d-ad57378e409f</ns2:guid>
                                    <ns2:name>Услуги по профессиональному обучению</ns2:name>
                                    <ns2:okpd2>
                                        <code>85.31.11.000</code>
                                        <name>Услуги по профессиональному обучению</name>
                                    </ns2:okpd2>
                                </ns2:contractPosition>
                                <ns2:okei>
                                    <code>792</code>
                                    <name>Человек</name>
                                </ns2:okei>
                                <ns2:qty>15</ns2:qty>
                            </ns2:doc>
                        </ns2:docs>
                    </ns2:position>
                    <ns2:position>
                        <ns2:ordinal>2</ns2:ordinal>
                        <ns2:paymentDate>2017-03-28</ns2:paymentDate>
                        <ns2:price>37400</ns2:price>
                        <ns2:currency>
                            <code>RUB</code>
                            <digitalCode>643</digitalCode>
                            <name>Российский рубль</name>
                        </ns2:currency>
                        <ns2:rubPrice>37400</ns2:rubPrice>
                        <ns2:prepaid>false</ns2:prepaid>
                        <ns2:docs>
                            <ns2:doc>
                                <ns2:ordinal>1</ns2:ordinal>
                                <ns2:date>2017-03-14</ns2:date>
                                <ns2:code>20</ns2:code>
                                <ns2:name>акт выполненных работ</ns2:name>
                                <ns2:number>499/у</ns2:number>
                                <ns2:contractPosition>
                                    <ns2:guid>2ef48ece-8854-4ed4-931d-ad57378e409f</ns2:guid>
                                    <ns2:name>Услуги по профессиональному обучению</ns2:name>
                                    <ns2:okpd2>
                                        <code>85.31.11.000</code>
                                        <name>Услуги по профессиональному обучению</name>
                                    </ns2:okpd2>
                                </ns2:contractPosition>
                                <ns2:okei>
                                    <code>792</code>
                                    <name>Человек</name>
                                </ns2:okei>
                                <ns2:qty>2</ns2:qty>
                            </ns2:doc>
                        </ns2:docs>
                    </ns2:position>
                    <ns2:position>
                        <ns2:ordinal>1</ns2:ordinal>
                        <ns2:paymentDate>2017-03-28</ns2:paymentDate>
                        <ns2:price>18100</ns2:price>
                        <ns2:currency>
                            <code>RUB</code>
                            <digitalCode>643</digitalCode>
                            <name>Российский рубль</name>
                        </ns2:currency>
                        <ns2:rubPrice>18100</ns2:rubPrice>
                        <ns2:prepaid>false</ns2:prepaid>
                        <ns2:docs>
                            <ns2:doc>
                                <ns2:ordinal>1</ns2:ordinal>
                                <ns2:date>2017-02-03</ns2:date>
                                <ns2:code>20</ns2:code>
                                <ns2:name>акт выполненных работ</ns2:name>
                                <ns2:number>237/у</ns2:number>
                                <ns2:contractPosition>
                                    <ns2:guid>2ef48ece-8854-4ed4-931d-ad57378e409f</ns2:guid>
                                    <ns2:name>Услуги по профессиональному обучению</ns2:name>
                                    <ns2:okpd2>
                                        <code>85.31.11.000</code>
                                        <name>Услуги по профессиональному обучению</name>
                                    </ns2:okpd2>
                                </ns2:contractPosition>
                                <ns2:okei>
                                    <code>792</code>
                                    <name>Человек</name>
                                </ns2:okei>
                                <ns2:qty>1</ns2:qty>
                            </ns2:doc>
                        </ns2:docs>
                    </ns2:position>
                    <ns2:position>
                        <ns2:ordinal>9</ns2:ordinal>
                        <ns2:paymentDate>2017-03-28</ns2:paymentDate>
                        <ns2:price>23500</ns2:price>
                        <ns2:currency>
                            <code>RUB</code>
                            <digitalCode>643</digitalCode>
                            <name>Российский рубль</name>
                        </ns2:currency>
                        <ns2:rubPrice>23500</ns2:rubPrice>
                        <ns2:prepaid>false</ns2:prepaid>
                        <ns2:docs>
                            <ns2:doc>
                                <ns2:ordinal>1</ns2:ordinal>
                                <ns2:date>2017-03-03</ns2:date>
                                <ns2:code>20</ns2:code>
                                <ns2:name>акт выполненных работ</ns2:name>
                                <ns2:number>444/у</ns2:number>
                                <ns2:contractPosition>
                                    <ns2:guid>2ef48ece-8854-4ed4-931d-ad57378e409f</ns2:guid>
                                    <ns2:name>Услуги по профессиональному обучению</ns2:name>
                                    <ns2:okpd2>
                                        <code>85.31.11.000</code>
                                        <name>Услуги по профессиональному обучению</name>
                                    </ns2:okpd2>
                                </ns2:contractPosition>
                                <ns2:okei>
                                    <code>792</code>
                                    <name>Человек</name>
                                </ns2:okei>
                                <ns2:qty>2</ns2:qty>
                            </ns2:doc>
                        </ns2:docs>
                    </ns2:position>
                    <ns2:position>
                        <ns2:ordinal>4</ns2:ordinal>
                        <ns2:paymentDate>2017-03-28</ns2:paymentDate>
                        <ns2:price>84564</ns2:price>
                        <ns2:currency>
                            <code>RUB</code>
                            <digitalCode>643</digitalCode>
                            <name>Российский рубль</name>
                        </ns2:currency>
                        <ns2:rubPrice>84564</ns2:rubPrice>
                        <ns2:prepaid>false</ns2:prepaid>
                        <ns2:docs>
                            <ns2:doc>
                                <ns2:ordinal>1</ns2:ordinal>
                                <ns2:date>2017-03-02</ns2:date>
                                <ns2:code>20</ns2:code>
                                <ns2:name>акт выполненных работ</ns2:name>
                                <ns2:number>447/у</ns2:number>
                                <ns2:contractPosition>
                                    <ns2:guid>2ef48ece-8854-4ed4-931d-ad57378e409f</ns2:guid>
                                    <ns2:name>Услуги по профессиональному обучению</ns2:name>
                                    <ns2:okpd2>
                                        <code>85.31.11.000</code>
                                        <name>Услуги по профессиональному обучению</name>
                                    </ns2:okpd2>
                                </ns2:contractPosition>
                                <ns2:okei>
                                    <code>792</code>
                                    <name>Человек</name>
                                </ns2:okei>
                                <ns2:qty>15</ns2:qty>
                            </ns2:doc>
                        </ns2:docs>
                    </ns2:position>
                    <ns2:position>
                        <ns2:ordinal>8</ns2:ordinal>
                        <ns2:paymentDate>2017-03-28</ns2:paymentDate>
                        <ns2:price>16896</ns2:price>
                        <ns2:currency>
                            <code>RUB</code>
                            <digitalCode>643</digitalCode>
                            <name>Российский рубль</name>
                        </ns2:currency>
                        <ns2:rubPrice>16896</ns2:rubPrice>
                        <ns2:prepaid>false</ns2:prepaid>
                        <ns2:docs>
                            <ns2:doc>
                                <ns2:ordinal>1</ns2:ordinal>
                                <ns2:date>2017-02-17</ns2:date>
                                <ns2:code>20</ns2:code>
                                <ns2:name>акт выполненных работ</ns2:name>
                                <ns2:number>400/у</ns2:number>
                                <ns2:contractPosition>
                                    <ns2:guid>2ef48ece-8854-4ed4-931d-ad57378e409f</ns2:guid>
                                    <ns2:name>Услуги по профессиональному обучению</ns2:name>
                                    <ns2:okpd2>
                                        <code>85.31.11.000</code>
                                        <name>Услуги по профессиональному обучению</name>
                                    </ns2:okpd2>
                                </ns2:contractPosition>
                                <ns2:okei>
                                    <code>792</code>
                                    <name>Человек</name>
                                </ns2:okei>
                                <ns2:qty>1</ns2:qty>
                            </ns2:doc>
                        </ns2:docs>
                    </ns2:position>
                    <ns2:position>
                        <ns2:ordinal>6</ns2:ordinal>
                        <ns2:paymentDate>2017-03-28</ns2:paymentDate>
                        <ns2:price>25920</ns2:price>
                        <ns2:currency>
                            <code>RUB</code>
                            <digitalCode>643</digitalCode>
                            <name>Российский рубль</name>
                        </ns2:currency>
                        <ns2:rubPrice>25920</ns2:rubPrice>
                        <ns2:prepaid>false</ns2:prepaid>
                        <ns2:docs>
                            <ns2:doc>
                                <ns2:ordinal>1</ns2:ordinal>
                                <ns2:date>2017-02-22</ns2:date>
                                <ns2:code>20</ns2:code>
                                <ns2:name>акт выполненных работ</ns2:name>
                                <ns2:number>426/у</ns2:number>
                                <ns2:contractPosition>
                                    <ns2:guid>2ef48ece-8854-4ed4-931d-ad57378e409f</ns2:guid>
                                    <ns2:name>Услуги по профессиональному обучению</ns2:name>
                                    <ns2:okpd2>
                                        <code>85.31.11.000</code>
                                        <name>Услуги по профессиональному обучению</name>
                                    </ns2:okpd2>
                                </ns2:contractPosition>
                                <ns2:okei>
                                    <code>792</code>
                                    <name>Человек</name>
                                </ns2:okei>
                                <ns2:qty>6</ns2:qty>
                            </ns2:doc>
                        </ns2:docs>
                    </ns2:position>
                    <ns2:position>
                        <ns2:ordinal>5</ns2:ordinal>
                        <ns2:paymentDate>2017-03-28</ns2:paymentDate>
                        <ns2:price>111000</ns2:price>
                        <ns2:currency>
                            <code>RUB</code>
                            <digitalCode>643</digitalCode>
                            <name>Российский рубль</name>
                        </ns2:currency>
                        <ns2:rubPrice>111000</ns2:rubPrice>
                        <ns2:prepaid>false</ns2:prepaid>
                        <ns2:docs>
                            <ns2:doc>
                                <ns2:ordinal>1</ns2:ordinal>
                                <ns2:date>2017-02-17</ns2:date>
                                <ns2:code>20</ns2:code>
                                <ns2:name>акт выполненных работ</ns2:name>
                                <ns2:number>398/у</ns2:number>
                                <ns2:contractPosition>
                                    <ns2:guid>2ef48ece-8854-4ed4-931d-ad57378e409f</ns2:guid>
                                    <ns2:name>Услуги по профессиональному обучению</ns2:name>
                                    <ns2:okpd2>
                                        <code>85.31.11.000</code>
                                        <name>Услуги по профессиональному обучению</name>
                                    </ns2:okpd2>
                                </ns2:contractPosition>
                                <ns2:okei>
                                    <code>792</code>
                                    <name>Человек</name>
                                </ns2:okei>
                                <ns2:qty>6</ns2:qty>
                            </ns2:doc>
                        </ns2:docs>
                    </ns2:position>
                    <ns2:total>470425</ns2:total>
                </ns2:positions>
            </ns2:performanceContractData>
        </ns2:item>
    </ns2:body>
</ns2:performanceContract>
