<?xml version="1.0" encoding="UTF-8" standalone="yes"?>
<ns2:performanceContract xsi:schemaLocation="http://zakupki.gov.ru/223/integration/schema/TFF-5.2 http://zakupki.gov.ru/223/integration/schema/TFF-5.2/Types.xsd" xmlns="http://zakupki.gov.ru/223fz/types/1" xmlns:ns10="http://zakupki.gov.ru/223fz/disagreementProtocol/1" xmlns:ns11="http://zakupki.gov.ru/223fz/purchase/1" xmlns:ns12="http://zakupki.gov.ru/223fz/machineryListInfo/1" xmlns:ns13="http://zakupki.gov.ru/223fz/revenue/1" xmlns:ns14="http://zakupki.gov.ru/223fz/orderClauseList/1" xmlns:ns15="http://zakupki.gov.ru/223fz/complaint/1" xmlns:ns16="http://zakupki.gov.ru/223fz/missedNotice/1" xmlns:ns17="http://zakupki.gov.ru/223fz/notificationIssue/1" xmlns:ns18="http://zakupki.gov.ru/223fz/purchasePlanProject/1" xmlns:ns19="http://zakupki.gov.ru/223fz/webRequest/1" xmlns:ns2="http://zakupki.gov.ru/223fz/contract/1" xmlns:xsi="http://www.w3.org/2001/XMLSchema-instance" xmlns:ns3="http://zakupki.gov.ru/223fz/dishonestSupplier/1" xmlns:ns4="http://zakupki.gov.ru/223fz/decisionSuspension/1" xmlns:ns5="http://zakupki.gov.ru/223fz/purchasePlanAdditionalPosition/1" xmlns:ns6="http://zakupki.gov.ru/223fz/purchasePlan/1" xmlns:ns7="http://zakupki.gov.ru/223fz/purchasePlanProjectAdditionalPosition/1" xmlns:ns8="http://zakupki.gov.ru/223fz/reference/1" xmlns:ns9="http://zakupki.gov.ru/223fz/stopCommodity/1">
    <header>
        <guid>af94e29c-3f7b-468b-9186-48ab3787beff</guid>
        <createDateTime>2017-03-30T12:30:10</createDateTime>
    </header>
    <ns2:body>
        <ns2:item>
            <guid>c209cfb6-6fb8-458d-b7c7-acdd628e3901</guid>
            <ns2:performanceContractData>
                <ns2:guid>2af7c3d1-b0e1-4c47-9d46-5fb1d22416ee</ns2:guid>
                <ns2:registrationNumber>86663009200170000120003</ns2:registrationNumber>
                <ns2:urlOOS>https://zakupki.gov.ru/223/contract/private/completing/info/view.html?id=2636471</ns2:urlOOS>
                <ns2:createDateTime>2017-02-16T08:31:29</ns2:createDateTime>
                <ns2:customer>
                    <mainInfo>
                        <fullName>ФЕДЕРАЛЬНОЕ ГОСУДАРСТВЕННОЕ БЮДЖЕТНОЕ ОБРАЗОВАТЕЛЬНОЕ  УЧРЕЖДЕНИЕ ВЫСШЕГО ОБРАЗОВАНИЯ "УРАЛЬСКИЙ ГОСУДАРСТВЕННЫЙ ПЕДАГОГИЧЕСКИЙ УНИВЕРСИТЕТ"</fullName>
                        <shortName>УРГПУ, ФГБОУ ВО "УРГПУ", ФГБОУ ВО "УРАЛЬСКИЙ ГОСУДАРСТВЕННЫЙ ПЕДАГОГИЧЕСКИЙ УНИВЕРСИТЕТ", УРАЛЬСКИЙ ГОСУДАРСТВЕННЫЙ ПЕДАГОГИЧЕСКИЙ УНИВЕРСИТЕТ</shortName>
                        <iko>86663009200667332001</iko>
                        <inn>6663009200</inn>
                        <kpp>668601001</kpp>
                        <ogrn>1036604787603</ogrn>
                        <legalAddress>620017, ОБЛ СВЕРДЛОВСКАЯ, Г ЕКАТЕРИНБУРГ, ПР-КТ КОСМОНАВТОВ, дом 26</legalAddress>
                        <postalAddress>620017, дом 26</postalAddress>
                        <phone>7-343-3361044</phone>
                        <email>ogz@uspu.me</email>
                        <okato>65401385000</okato>
                        <okpo>02080061</okpo>
                    </mainInfo>
                </ns2:customer>
                <ns2:placer>
                    <mainInfo>
                        <fullName>ФЕДЕРАЛЬНОЕ ГОСУДАРСТВЕННОЕ БЮДЖЕТНОЕ ОБРАЗОВАТЕЛЬНОЕ  УЧРЕЖДЕНИЕ ВЫСШЕГО ОБРАЗОВАНИЯ "УРАЛЬСКИЙ ГОСУДАРСТВЕННЫЙ ПЕДАГОГИЧЕСКИЙ УНИВЕРСИТЕТ"</fullName>
                        <shortName>УРГПУ, ФГБОУ ВО "УРГПУ", ФГБОУ ВО "УРАЛЬСКИЙ ГОСУДАРСТВЕННЫЙ ПЕДАГОГИЧЕСКИЙ УНИВЕРСИТЕТ", УРАЛЬСКИЙ ГОСУДАРСТВЕННЫЙ ПЕДАГОГИЧЕСКИЙ УНИВЕРСИТЕТ</shortName>
                        <iko>86663009200667332001</iko>
                        <inn>6663009200</inn>
                        <kpp>668601001</kpp>
                        <ogrn>1036604787603</ogrn>
                        <legalAddress>620017, ОБЛ СВЕРДЛОВСКАЯ, Г ЕКАТЕРИНБУРГ, ПР-КТ КОСМОНАВТОВ, дом 26</legalAddress>
                        <postalAddress>620017, дом 26</postalAddress>
                        <phone>7-343-3361044</phone>
                        <email>ogz@uspu.me</email>
                        <okato>65401385000</okato>
                        <okpo>02080061</okpo>
                    </mainInfo>
                </ns2:placer>
                <ns2:publicationDate>2017-03-30T12:30:10</ns2:publicationDate>
                <ns2:status>P</ns2:status>
                <ns2:version>1</ns2:version>
                <ns2:completed>false</ns2:completed>
                <ns2:attachments>
                    <totalDocumentsCount>2</totalDocumentsCount>
                    <document>
                        <guid>160cee03-05f0-46c7-ab2f-7d957688599b</guid>
                        <createDateTime>2017-03-30T12:28:38</createDateTime>
                        <fileName>ПП №1 от 27.03.17.doc</fileName>
                        <description>ПП №1 от 27.03.17</description>
                        <url>https://zakupki.gov.ru/223/contract/private/download/download.html?id=11731921</url>
                        <registrationNumber>86663009200170000120004</registrationNumber>
                    </document>
                    <document>
                        <guid>97ff47b0-6799-4b9f-9a28-bc97269e4e83</guid>
                        <createDateTime>2017-03-24T15:00:02</createDateTime>
                        <fileName>Акт №1 от 24.03.17.jpg</fileName>
                        <description>Акт №1 от 24.03.17</description>
                        <url>https://zakupki.gov.ru/223/contract/private/download/download.html?id=11579781</url>
                        <registrationNumber>86663009200170000120005</registrationNumber>
                    </document>
                </ns2:attachments>
                <ns2:hasPenalty>false</ns2:hasPenalty>
                <ns2:contractRegNumber>86663009200170000120000</ns2:contractRegNumber>
                <ns2:contractInfo>
                    <ns2:guid>020c6117-a065-4553-b5c4-a7bd64c25324</ns2:guid>
                    <ns2:name>3/3-17</ns2:name>
                    <ns2:agencyName>УРГПУ, ФГБОУ ВО "УРГПУ", ФГБОУ ВО "УРАЛЬСКИЙ ГОСУДАРСТВЕННЫЙ ПЕДАГОГИЧЕСКИЙ УНИВЕРСИТЕТ", УРАЛЬСКИЙ ГОСУДАРСТВЕННЫЙ ПЕДАГОГИЧЕСКИЙ УНИВЕРСИТЕТ</ns2:agencyName>
                    <ns2:supplierName>Хоничева Наталья Петровна</ns2:supplierName>
                    <ns2:lotInfo>Услуги по обслуживанию справочно-правовой системы "Консультант Плюс" </ns2:lotInfo>
                    <ns2:contractDate>2017-02-15</ns2:contractDate>
                </ns2:contractInfo>
                <ns2:positions>
                    <ns2:position>
                        <ns2:ordinal>1</ns2:ordinal>
                        <ns2:paymentDate>2017-03-27</ns2:paymentDate>
                        <ns2:price>37467.85</ns2:price>
                        <ns2:currency>
                            <code>RUB</code>
                            <digitalCode>643</digitalCode>
                            <name>Российский рубль</name>
                        </ns2:currency>
                        <ns2:rubPrice>37467.85</ns2:rubPrice>
                        <ns2:prepaid>false</ns2:prepaid>
                        <ns2:docs>
                            <ns2:doc>
                                <ns2:ordinal>1</ns2:ordinal>
                                <ns2:date>2017-03-24</ns2:date>
                                <ns2:code>12</ns2:code>
                                <ns2:name>акт о приемке выполненных работ</ns2:name>
                                <ns2:number>352/А</ns2:number>
                                <ns2:contractPosition>
                                    <ns2:guid>e835a911-1dff-4d85-8b62-437199cdb398</ns2:guid>
                                    <ns2:name>Услуги по технической поддержке информационных технологий</ns2:name>
                                    <ns2:okpd2>
                                        <code>62.02.30.000</code>
                                        <name>Услуги по технической поддержке информационных технологий</name>
                                    </ns2:okpd2>
                                </ns2:contractPosition>
                                <ns2:okei>
                                    <code>876</code>
                                    <name>Условная единица</name>
                                </ns2:okei>
                                <ns2:qty>1</ns2:qty>
                            </ns2:doc>
                        </ns2:docs>
                    </ns2:position>
                    <ns2:total>37467.85</ns2:total>
                </ns2:positions>
            </ns2:performanceContractData>
        </ns2:item>
    </ns2:body>
</ns2:performanceContract>
