<?xml version="1.0" encoding="UTF-8" standalone="yes"?>
<ns2:performanceContract xsi:schemaLocation="http://zakupki.gov.ru/223/integration/schema/TFF-5.2 http://zakupki.gov.ru/223/integration/schema/TFF-5.2/Types.xsd" xmlns="http://zakupki.gov.ru/223fz/types/1" xmlns:ns10="http://zakupki.gov.ru/223fz/disagreementProtocol/1" xmlns:ns11="http://zakupki.gov.ru/223fz/purchase/1" xmlns:ns12="http://zakupki.gov.ru/223fz/machineryListInfo/1" xmlns:ns13="http://zakupki.gov.ru/223fz/revenue/1" xmlns:ns14="http://zakupki.gov.ru/223fz/orderClauseList/1" xmlns:ns15="http://zakupki.gov.ru/223fz/complaint/1" xmlns:ns16="http://zakupki.gov.ru/223fz/missedNotice/1" xmlns:ns17="http://zakupki.gov.ru/223fz/notificationIssue/1" xmlns:ns18="http://zakupki.gov.ru/223fz/purchasePlanProject/1" xmlns:ns19="http://zakupki.gov.ru/223fz/webRequest/1" xmlns:ns2="http://zakupki.gov.ru/223fz/contract/1" xmlns:xsi="http://www.w3.org/2001/XMLSchema-instance" xmlns:ns3="http://zakupki.gov.ru/223fz/dishonestSupplier/1" xmlns:ns4="http://zakupki.gov.ru/223fz/decisionSuspension/1" xmlns:ns5="http://zakupki.gov.ru/223fz/purchasePlanAdditionalPosition/1" xmlns:ns6="http://zakupki.gov.ru/223fz/purchasePlan/1" xmlns:ns7="http://zakupki.gov.ru/223fz/purchasePlanProjectAdditionalPosition/1" xmlns:ns8="http://zakupki.gov.ru/223fz/reference/1" xmlns:ns9="http://zakupki.gov.ru/223fz/stopCommodity/1">
    <header>
        <guid>c05f85fe-ea0a-438a-b1a3-8ec82d3fcc48</guid>
        <createDateTime>2017-03-30T08:33:36</createDateTime>
    </header>
    <ns2:body>
        <ns2:item>
            <guid>cd5c0781-60f2-4b57-91f3-dee070328d1a</guid>
            <ns2:performanceContractData>
                <ns2:guid>c38f4278-4689-416c-8392-bb0671fbfba1</ns2:guid>
                <ns2:registrationNumber>56658017389160002000019</ns2:registrationNumber>
                <ns2:urlOOS>https://zakupki.gov.ru/223/contract/private/completing/info/view.html?id=2662872</ns2:urlOOS>
                <ns2:createDateTime>2016-12-09T10:17:01</ns2:createDateTime>
                <ns2:customer>
                    <mainInfo>
                        <fullName>ФЕДЕРАЛЬНОЕ ГОСУДАРСТВЕННОЕ БЮДЖЕТНОЕ ОБРАЗОВАТЕЛЬНОЕ УЧРЕЖДЕНИЕ ВЫСШЕГО ОБРАЗОВАНИЯ "УРАЛЬСКИЙ ГОСУДАРСТВЕННЫЙ МЕДИЦИНСКИЙ УНИВЕРСИТЕТ" МИНИСТЕРСТВА ЗДРАВООХРАНЕНИЯ РОССИЙСКОЙ ФЕДЕРАЦИИ</fullName>
                        <shortName>ФГБОУ ВО УГМУ МИНЗДРАВА РОССИИ</shortName>
                        <iko>56658017389665801001</iko>
                        <inn>6658017389</inn>
                        <kpp>665801001</kpp>
                        <ogrn>1036602643990</ogrn>
                        <legalAddress>620028, ОБЛ СВЕРДЛОВСКАЯ, Г ЕКАТЕРИНБУРГ, УЛ РЕПИНА, дом 3</legalAddress>
                        <postalAddress>620028, г. Екатеринбург, ул. Репина, д. 3</postalAddress>
                        <phone>643-343-2148677</phone>
                        <fax>643-343-2147867</fax>
                        <email>zakupki@mail.ru</email>
                        <okato>65401000000</okato>
                        <okpo>01966265</okpo>
                    </mainInfo>
                </ns2:customer>
                <ns2:placer>
                    <mainInfo>
                        <fullName>ФЕДЕРАЛЬНОЕ ГОСУДАРСТВЕННОЕ БЮДЖЕТНОЕ ОБРАЗОВАТЕЛЬНОЕ УЧРЕЖДЕНИЕ ВЫСШЕГО ОБРАЗОВАНИЯ "УРАЛЬСКИЙ ГОСУДАРСТВЕННЫЙ МЕДИЦИНСКИЙ УНИВЕРСИТЕТ" МИНИСТЕРСТВА ЗДРАВООХРАНЕНИЯ РОССИЙСКОЙ ФЕДЕРАЦИИ</fullName>
                        <shortName>ФГБОУ ВО УГМУ МИНЗДРАВА РОССИИ</shortName>
                        <iko>56658017389665801001</iko>
                        <inn>6658017389</inn>
                        <kpp>665801001</kpp>
                        <ogrn>1036602643990</ogrn>
                        <legalAddress>620028, ОБЛ СВЕРДЛОВСКАЯ, Г ЕКАТЕРИНБУРГ, УЛ РЕПИНА, дом 3</legalAddress>
                        <postalAddress>620028, г. Екатеринбург, ул. Репина, д. 3</postalAddress>
                        <phone>643-343-2148677</phone>
                        <fax>643-343-2147867</fax>
                        <email>zakupki@mail.ru</email>
                        <okato>65401000000</okato>
                        <okpo>01966265</okpo>
                    </mainInfo>
                </ns2:placer>
                <ns2:publicationDate>2017-03-30T08:33:36</ns2:publicationDate>
                <ns2:status>P</ns2:status>
                <ns2:version>1</ns2:version>
                <ns2:completed>false</ns2:completed>
                <ns2:attachments>
                    <totalDocumentsCount>1</totalDocumentsCount>
                    <document>
                        <guid>db0a45d3-bf97-4bfc-96de-08a5c272d7a4</guid>
                        <createDateTime>2017-03-30T08:33:23</createDateTime>
                        <fileName>п 526733 27.03.17 накл 2277 21.03.17 ООО Гастрономика.pdf</fileName>
                        <description>п 526733 27.03.17 накл 2277 21.03.17 ООО Гастрономика</description>
                        <url>https://zakupki.gov.ru/223/contract/private/download/download.html?id=11716668</url>
                        <registrationNumber>56658017389160002000020</registrationNumber>
                    </document>
                </ns2:attachments>
                <ns2:hasPenalty>false</ns2:hasPenalty>
                <ns2:contractRegNumber>56658017389160002000000</ns2:contractRegNumber>
                <ns2:contractInfo>
                    <ns2:guid>a5051b80-2726-437c-b515-d88e89a00c46</ns2:guid>
                    <ns2:name>31604345034</ns2:name>
                    <ns2:agencyName>ФГБОУ ВО УГМУ МИНЗДРАВА РОССИИ</ns2:agencyName>
                    <ns2:supplierName>ОБЩЕСТВО С ОГРАНИЧЕННОЙ ОТВЕТСТВЕННОСТЬЮ "ГАСТРОНОМИКА"</ns2:supplierName>
                    <ns2:lotInfo>Поставкапищевых продуктов</ns2:lotInfo>
                    <ns2:contractDate>2016-12-09</ns2:contractDate>
                </ns2:contractInfo>
                <ns2:positions>
                    <ns2:position>
                        <ns2:ordinal>1</ns2:ordinal>
                        <ns2:paymentDate>2017-03-27</ns2:paymentDate>
                        <ns2:price>15125.1</ns2:price>
                        <ns2:currency>
                            <code>RUB</code>
                            <digitalCode>643</digitalCode>
                            <name>Российский рубль</name>
                        </ns2:currency>
                        <ns2:rubPrice>15125.1</ns2:rubPrice>
                        <ns2:prepaid>false</ns2:prepaid>
                        <ns2:docs>
                            <ns2:doc>
                                <ns2:ordinal>1</ns2:ordinal>
                                <ns2:date>2017-03-21</ns2:date>
                                <ns2:code>01</ns2:code>
                                <ns2:name>товарная накладная</ns2:name>
                                <ns2:number>2277</ns2:number>
                                <ns2:contractPosition>
                                    <ns2:guid>122068cb-5d29-4816-8278-9c5c71146bfa</ns2:guid>
                                    <ns2:name>Карбонат,колбасы,сосиски,мясо курицы,шейка свинная</ns2:name>
                                    <ns2:okpd2>
                                        <code>46.32.12.190</code>
                                        <name>Услуги по оптовой торговле прочими продуктами из мяса и мяса птицы</name>
                                    </ns2:okpd2>
                                </ns2:contractPosition>
                                <ns2:okei>
                                    <code>166</code>
                                    <name>Килограмм</name>
                                </ns2:okei>
                                <ns2:qty>63.96</ns2:qty>
                            </ns2:doc>
                        </ns2:docs>
                    </ns2:position>
                    <ns2:total>15125.1</ns2:total>
                </ns2:positions>
            </ns2:performanceContractData>
        </ns2:item>
    </ns2:body>
</ns2:performanceContract>
