<?xml version="1.0" encoding="UTF-8" standalone="yes"?>
<ns2:performanceContract xsi:schemaLocation="http://zakupki.gov.ru/223/integration/schema/TFF-5.2 http://zakupki.gov.ru/223/integration/schema/TFF-5.2/Types.xsd" xmlns="http://zakupki.gov.ru/223fz/types/1" xmlns:ns10="http://zakupki.gov.ru/223fz/disagreementProtocol/1" xmlns:ns11="http://zakupki.gov.ru/223fz/purchase/1" xmlns:ns12="http://zakupki.gov.ru/223fz/machineryListInfo/1" xmlns:ns13="http://zakupki.gov.ru/223fz/revenue/1" xmlns:ns14="http://zakupki.gov.ru/223fz/orderClauseList/1" xmlns:ns15="http://zakupki.gov.ru/223fz/complaint/1" xmlns:ns16="http://zakupki.gov.ru/223fz/missedNotice/1" xmlns:ns17="http://zakupki.gov.ru/223fz/notificationIssue/1" xmlns:ns18="http://zakupki.gov.ru/223fz/purchasePlanProject/1" xmlns:ns19="http://zakupki.gov.ru/223fz/webRequest/1" xmlns:ns2="http://zakupki.gov.ru/223fz/contract/1" xmlns:xsi="http://www.w3.org/2001/XMLSchema-instance" xmlns:ns3="http://zakupki.gov.ru/223fz/dishonestSupplier/1" xmlns:ns4="http://zakupki.gov.ru/223fz/decisionSuspension/1" xmlns:ns5="http://zakupki.gov.ru/223fz/purchasePlanAdditionalPosition/1" xmlns:ns6="http://zakupki.gov.ru/223fz/purchasePlan/1" xmlns:ns7="http://zakupki.gov.ru/223fz/purchasePlanProjectAdditionalPosition/1" xmlns:ns8="http://zakupki.gov.ru/223fz/reference/1" xmlns:ns9="http://zakupki.gov.ru/223fz/stopCommodity/1">
    <header>
        <guid>35fe03f3-4b28-4bcb-9826-b323319439e4</guid>
        <createDateTime>2017-03-30T09:29:44</createDateTime>
    </header>
    <ns2:body>
        <ns2:item>
            <guid>feefd521-3a97-432b-b15f-1d23b6a86df4</guid>
            <ns2:performanceContractData>
                <ns2:guid>8e71842d-e115-490a-8424-69bde1ac569c</ns2:guid>
                <ns2:registrationNumber>86623050480150000100003</ns2:registrationNumber>
                <ns2:urlOOS>https://zakupki.gov.ru/223/contract/private/completing/info/view.html?id=2663378</ns2:urlOOS>
                <ns2:createDateTime>2015-03-04T06:52:21</ns2:createDateTime>
                <ns2:customer>
                    <mainInfo>
                        <fullName>МУНИЦИПАЛЬНОЕ АВТОНОМНОЕ ДОШКОЛЬНОЕ ОБРАЗОВАТЕЛЬНОЕ УЧРЕЖДЕНИЕ  ДЕТСКИЙ САД "ДЕТСТВО" КОМБИНИРОВАННОГО ВИДА</fullName>
                        <shortName>МАДОУ Д/С "ДЕТСТВО"</shortName>
                        <iko>86623050480662301001</iko>
                        <inn>6623050480</inn>
                        <kpp>662301001</kpp>
                        <ogrn>1086623005380</ogrn>
                        <legalAddress>622004, обл СВЕРДЛОВСКАЯ, г НИЖНИЙ ТАГИЛ, ул БОБКОВА, дом 6</legalAddress>
                        <postalAddress>622035, дом 42</postalAddress>
                        <phone>7-3435-336033</phone>
                        <fax>7-3435-336033</fax>
                        <email>otdel@detstvo-nt.ru</email>
                        <okato>65476370000</okato>
                        <okpo>87841225</okpo>
                    </mainInfo>
                </ns2:customer>
                <ns2:placer>
                    <mainInfo>
                        <fullName>МУНИЦИПАЛЬНОЕ АВТОНОМНОЕ ДОШКОЛЬНОЕ ОБРАЗОВАТЕЛЬНОЕ УЧРЕЖДЕНИЕ  ДЕТСКИЙ САД "ДЕТСТВО" КОМБИНИРОВАННОГО ВИДА</fullName>
                        <shortName>МАДОУ Д/С "ДЕТСТВО"</shortName>
                        <iko>86623050480662301001</iko>
                        <inn>6623050480</inn>
                        <kpp>662301001</kpp>
                        <ogrn>1086623005380</ogrn>
                        <legalAddress>622004, обл СВЕРДЛОВСКАЯ, г НИЖНИЙ ТАГИЛ, ул БОБКОВА, дом 6</legalAddress>
                        <postalAddress>622035, дом 42</postalAddress>
                        <phone>7-3435-336033</phone>
                        <fax>7-3435-336033</fax>
                        <email>otdel@detstvo-nt.ru</email>
                        <okato>65476370000</okato>
                        <okpo>87841225</okpo>
                    </mainInfo>
                </ns2:placer>
                <ns2:publicationDate>2017-03-30T09:29:44</ns2:publicationDate>
                <ns2:status>P</ns2:status>
                <ns2:version>1</ns2:version>
                <ns2:completed>true</ns2:completed>
                <ns2:attachments>
                    <totalDocumentsCount>1</totalDocumentsCount>
                    <document>
                        <guid>d549b1fb-38d4-405c-9586-79e6fa07275f</guid>
                        <createDateTime>2017-03-30T09:29:30</createDateTime>
                        <fileName>водоканал.rar</fileName>
                        <description>водоканал</description>
                        <url>https://zakupki.gov.ru/223/contract/private/download/download.html?id=11720311</url>
                        <registrationNumber>86623050480150000100004</registrationNumber>
                    </document>
                </ns2:attachments>
                <ns2:hasPenalty>false</ns2:hasPenalty>
                <ns2:contractRegNumber>86623050480150000100000</ns2:contractRegNumber>
                <ns2:contractInfo>
                    <ns2:guid>a1ffc1b3-1875-41a4-9fab-a08602375609</ns2:guid>
                    <ns2:name>4010</ns2:name>
                    <ns2:agencyName>МАДОУ Д/С "ДЕТСТВО"</ns2:agencyName>
                    <ns2:supplierName>ОБЩЕСТВО С ОГРАНИЧЕННОЙ ОТВЕТСТВЕННОСТЬЮ "ВОДОКАНАЛ-НТ"</ns2:supplierName>
                    <ns2:lotInfo>Холодное водоснабжение и водоотведение</ns2:lotInfo>
                    <ns2:contractDate>2015-03-02</ns2:contractDate>
                </ns2:contractInfo>
                <ns2:positions>
                    <ns2:position>
                        <ns2:ordinal>6</ns2:ordinal>
                        <ns2:paymentDate>2015-08-12</ns2:paymentDate>
                        <ns2:price>1255.49</ns2:price>
                        <ns2:currency>
                            <code>RUB</code>
                            <digitalCode>643</digitalCode>
                            <name>Российский рубль</name>
                        </ns2:currency>
                        <ns2:rubPrice>1255.49</ns2:rubPrice>
                        <ns2:prepaid>false</ns2:prepaid>
                        <ns2:docs>
                            <ns2:doc>
                                <ns2:ordinal>1</ns2:ordinal>
                                <ns2:code>19</ns2:code>
                                <ns2:name>счет-фактура</ns2:name>
                                <ns2:contractPosition>
                                    <ns2:guid>3cabb747-bdd6-014e-e053-ac11070d70ec</ns2:guid>
                                    <ns2:name>Холодное водоснабжение и водоотведение</ns2:name>
                                    <ns2:okdp>
                                        <code>4110100</code>
                                        <name>Вода питьевая</name>
                                    </ns2:okdp>
                                </ns2:contractPosition>
                                <ns2:okei>
                                    <code>876</code>
                                    <name>Условная единица</name>
                                </ns2:okei>
                                <ns2:qty>1</ns2:qty>
                            </ns2:doc>
                        </ns2:docs>
                    </ns2:position>
                    <ns2:position>
                        <ns2:ordinal>5</ns2:ordinal>
                        <ns2:paymentDate>2015-06-10</ns2:paymentDate>
                        <ns2:price>426.71</ns2:price>
                        <ns2:currency>
                            <code>RUB</code>
                            <digitalCode>643</digitalCode>
                            <name>Российский рубль</name>
                        </ns2:currency>
                        <ns2:rubPrice>426.71</ns2:rubPrice>
                        <ns2:prepaid>false</ns2:prepaid>
                        <ns2:docs>
                            <ns2:doc>
                                <ns2:ordinal>1</ns2:ordinal>
                                <ns2:code>19</ns2:code>
                                <ns2:name>счет-фактура</ns2:name>
                                <ns2:contractPosition>
                                    <ns2:guid>3cabb747-bdd6-014e-e053-ac11070d70ec</ns2:guid>
                                    <ns2:name>Холодное водоснабжение и водоотведение</ns2:name>
                                    <ns2:okdp>
                                        <code>4110100</code>
                                        <name>Вода питьевая</name>
                                    </ns2:okdp>
                                </ns2:contractPosition>
                                <ns2:okei>
                                    <code>876</code>
                                    <name>Условная единица</name>
                                </ns2:okei>
                                <ns2:qty>1</ns2:qty>
                            </ns2:doc>
                        </ns2:docs>
                    </ns2:position>
                    <ns2:position>
                        <ns2:ordinal>2</ns2:ordinal>
                        <ns2:paymentDate>2015-04-22</ns2:paymentDate>
                        <ns2:price>772.42</ns2:price>
                        <ns2:currency>
                            <code>RUB</code>
                            <digitalCode>643</digitalCode>
                            <name>Российский рубль</name>
                        </ns2:currency>
                        <ns2:rubPrice>772.42</ns2:rubPrice>
                        <ns2:prepaid>false</ns2:prepaid>
                        <ns2:docs>
                            <ns2:doc>
                                <ns2:ordinal>1</ns2:ordinal>
                                <ns2:code>19</ns2:code>
                                <ns2:name>счет-фактура</ns2:name>
                                <ns2:contractPosition>
                                    <ns2:guid>3cabb747-bdd6-014e-e053-ac11070d70ec</ns2:guid>
                                    <ns2:name>Холодное водоснабжение и водоотведение</ns2:name>
                                    <ns2:okdp>
                                        <code>4110100</code>
                                        <name>Вода питьевая</name>
                                    </ns2:okdp>
                                </ns2:contractPosition>
                                <ns2:okei>
                                    <code>876</code>
                                    <name>Условная единица</name>
                                </ns2:okei>
                                <ns2:qty>1</ns2:qty>
                            </ns2:doc>
                        </ns2:docs>
                    </ns2:position>
                    <ns2:position>
                        <ns2:ordinal>1</ns2:ordinal>
                        <ns2:paymentDate>2015-04-22</ns2:paymentDate>
                        <ns2:price>635.04</ns2:price>
                        <ns2:currency>
                            <code>RUB</code>
                            <digitalCode>643</digitalCode>
                            <name>Российский рубль</name>
                        </ns2:currency>
                        <ns2:rubPrice>635.04</ns2:rubPrice>
                        <ns2:prepaid>false</ns2:prepaid>
                        <ns2:docs>
                            <ns2:doc>
                                <ns2:ordinal>1</ns2:ordinal>
                                <ns2:code>19</ns2:code>
                                <ns2:name>счет-фактура</ns2:name>
                                <ns2:contractPosition>
                                    <ns2:guid>3cabb747-bdd6-014e-e053-ac11070d70ec</ns2:guid>
                                    <ns2:name>Холодное водоснабжение и водоотведение</ns2:name>
                                    <ns2:okdp>
                                        <code>4110100</code>
                                        <name>Вода питьевая</name>
                                    </ns2:okdp>
                                </ns2:contractPosition>
                                <ns2:okei>
                                    <code>876</code>
                                    <name>Условная единица</name>
                                </ns2:okei>
                                <ns2:qty>1</ns2:qty>
                            </ns2:doc>
                        </ns2:docs>
                    </ns2:position>
                    <ns2:position>
                        <ns2:ordinal>3</ns2:ordinal>
                        <ns2:paymentDate>2015-04-23</ns2:paymentDate>
                        <ns2:price>1092.96</ns2:price>
                        <ns2:currency>
                            <code>RUB</code>
                            <digitalCode>643</digitalCode>
                            <name>Российский рубль</name>
                        </ns2:currency>
                        <ns2:rubPrice>1092.96</ns2:rubPrice>
                        <ns2:prepaid>false</ns2:prepaid>
                        <ns2:docs>
                            <ns2:doc>
                                <ns2:ordinal>1</ns2:ordinal>
                                <ns2:code>19</ns2:code>
                                <ns2:name>счет-фактура</ns2:name>
                                <ns2:contractPosition>
                                    <ns2:guid>3cabb747-bdd6-014e-e053-ac11070d70ec</ns2:guid>
                                    <ns2:name>Холодное водоснабжение и водоотведение</ns2:name>
                                    <ns2:okdp>
                                        <code>4110100</code>
                                        <name>Вода питьевая</name>
                                    </ns2:okdp>
                                </ns2:contractPosition>
                                <ns2:okei>
                                    <code>876</code>
                                    <name>Условная единица</name>
                                </ns2:okei>
                                <ns2:qty>1</ns2:qty>
                            </ns2:doc>
                        </ns2:docs>
                    </ns2:position>
                    <ns2:position>
                        <ns2:ordinal>4</ns2:ordinal>
                        <ns2:paymentDate>2015-05-29</ns2:paymentDate>
                        <ns2:price>406.07</ns2:price>
                        <ns2:currency>
                            <code>RUB</code>
                            <digitalCode>643</digitalCode>
                            <name>Российский рубль</name>
                        </ns2:currency>
                        <ns2:rubPrice>406.07</ns2:rubPrice>
                        <ns2:prepaid>false</ns2:prepaid>
                        <ns2:docs>
                            <ns2:doc>
                                <ns2:ordinal>1</ns2:ordinal>
                                <ns2:code>19</ns2:code>
                                <ns2:name>счет-фактура</ns2:name>
                                <ns2:contractPosition>
                                    <ns2:guid>3cabb747-bdd6-014e-e053-ac11070d70ec</ns2:guid>
                                    <ns2:name>Холодное водоснабжение и водоотведение</ns2:name>
                                    <ns2:okdp>
                                        <code>4110100</code>
                                        <name>Вода питьевая</name>
                                    </ns2:okdp>
                                </ns2:contractPosition>
                                <ns2:okei>
                                    <code>876</code>
                                    <name>Условная единица</name>
                                </ns2:okei>
                                <ns2:qty>1</ns2:qty>
                            </ns2:doc>
                        </ns2:docs>
                    </ns2:position>
                    <ns2:position>
                        <ns2:ordinal>7</ns2:ordinal>
                        <ns2:paymentDate>2015-09-23</ns2:paymentDate>
                        <ns2:price>1592.42</ns2:price>
                        <ns2:currency>
                            <code>RUB</code>
                            <digitalCode>643</digitalCode>
                            <name>Российский рубль</name>
                        </ns2:currency>
                        <ns2:rubPrice>1592.42</ns2:rubPrice>
                        <ns2:prepaid>false</ns2:prepaid>
                        <ns2:docs>
                            <ns2:doc>
                                <ns2:ordinal>1</ns2:ordinal>
                                <ns2:code>19</ns2:code>
                                <ns2:name>счет-фактура</ns2:name>
                                <ns2:contractPosition>
                                    <ns2:guid>3cabb747-bdd6-014e-e053-ac11070d70ec</ns2:guid>
                                    <ns2:name>Холодное водоснабжение и водоотведение</ns2:name>
                                    <ns2:okdp>
                                        <code>4110100</code>
                                        <name>Вода питьевая</name>
                                    </ns2:okdp>
                                </ns2:contractPosition>
                                <ns2:okei>
                                    <code>876</code>
                                    <name>Условная единица</name>
                                </ns2:okei>
                                <ns2:qty>1</ns2:qty>
                            </ns2:doc>
                        </ns2:docs>
                    </ns2:position>
                    <ns2:position>
                        <ns2:ordinal>8</ns2:ordinal>
                        <ns2:paymentDate>2015-10-19</ns2:paymentDate>
                        <ns2:price>800.33</ns2:price>
                        <ns2:currency>
                            <code>RUB</code>
                            <digitalCode>643</digitalCode>
                            <name>Российский рубль</name>
                        </ns2:currency>
                        <ns2:rubPrice>800.33</ns2:rubPrice>
                        <ns2:prepaid>false</ns2:prepaid>
                        <ns2:docs>
                            <ns2:doc>
                                <ns2:ordinal>1</ns2:ordinal>
                                <ns2:code>19</ns2:code>
                                <ns2:name>счет-фактура</ns2:name>
                                <ns2:contractPosition>
                                    <ns2:guid>3cabb747-bdd6-014e-e053-ac11070d70ec</ns2:guid>
                                    <ns2:name>Холодное водоснабжение и водоотведение</ns2:name>
                                    <ns2:okdp>
                                        <code>4110100</code>
                                        <name>Вода питьевая</name>
                                    </ns2:okdp>
                                </ns2:contractPosition>
                                <ns2:okei>
                                    <code>876</code>
                                    <name>Условная единица</name>
                                </ns2:okei>
                                <ns2:qty>1</ns2:qty>
                            </ns2:doc>
                        </ns2:docs>
                    </ns2:position>
                    <ns2:position>
                        <ns2:ordinal>9</ns2:ordinal>
                        <ns2:paymentDate>2015-11-19</ns2:paymentDate>
                        <ns2:price>770.18</ns2:price>
                        <ns2:currency>
                            <code>RUB</code>
                            <digitalCode>643</digitalCode>
                            <name>Российский рубль</name>
                        </ns2:currency>
                        <ns2:rubPrice>770.18</ns2:rubPrice>
                        <ns2:prepaid>false</ns2:prepaid>
                        <ns2:docs>
                            <ns2:doc>
                                <ns2:ordinal>1</ns2:ordinal>
                                <ns2:code>19</ns2:code>
                                <ns2:name>счет-фактура</ns2:name>
                                <ns2:contractPosition>
                                    <ns2:guid>3cabb747-bdd6-014e-e053-ac11070d70ec</ns2:guid>
                                    <ns2:name>Холодное водоснабжение и водоотведение</ns2:name>
                                    <ns2:okdp>
                                        <code>4110100</code>
                                        <name>Вода питьевая</name>
                                    </ns2:okdp>
                                </ns2:contractPosition>
                                <ns2:okei>
                                    <code>876</code>
                                    <name>Условная единица</name>
                                </ns2:okei>
                                <ns2:qty>1</ns2:qty>
                            </ns2:doc>
                        </ns2:docs>
                    </ns2:position>
                    <ns2:position>
                        <ns2:ordinal>10</ns2:ordinal>
                        <ns2:paymentDate>2017-03-29</ns2:paymentDate>
                        <ns2:price>48.38</ns2:price>
                        <ns2:currency>
                            <code>RUB</code>
                            <digitalCode>643</digitalCode>
                            <name>Российский рубль</name>
                        </ns2:currency>
                        <ns2:rubPrice>48.38</ns2:rubPrice>
                        <ns2:prepaid>false</ns2:prepaid>
                        <ns2:docs>
                            <ns2:doc>
                                <ns2:ordinal>1</ns2:ordinal>
                                <ns2:code>19</ns2:code>
                                <ns2:name>счет-фактура</ns2:name>
                                <ns2:contractPosition>
                                    <ns2:guid>3cabb747-bdd6-014e-e053-ac11070d70ec</ns2:guid>
                                    <ns2:name>Холодное водоснабжение и водоотведение</ns2:name>
                                    <ns2:okdp>
                                        <code>4110100</code>
                                        <name>Вода питьевая</name>
                                    </ns2:okdp>
                                </ns2:contractPosition>
                                <ns2:okei>
                                    <code>876</code>
                                    <name>Условная единица</name>
                                </ns2:okei>
                                <ns2:qty>1</ns2:qty>
                            </ns2:doc>
                        </ns2:docs>
                    </ns2:position>
                    <ns2:total>7800.00</ns2:total>
                </ns2:positions>
            </ns2:performanceContractData>
        </ns2:item>
    </ns2:body>
</ns2:performanceContract>
