<?xml version="1.0" encoding="UTF-8" standalone="yes"?>
<ns2:performanceContract xsi:schemaLocation="http://zakupki.gov.ru/223/integration/schema/TFF-5.2 http://zakupki.gov.ru/223/integration/schema/TFF-5.2/Types.xsd" xmlns="http://zakupki.gov.ru/223fz/types/1" xmlns:ns10="http://zakupki.gov.ru/223fz/disagreementProtocol/1" xmlns:ns11="http://zakupki.gov.ru/223fz/purchase/1" xmlns:ns12="http://zakupki.gov.ru/223fz/machineryListInfo/1" xmlns:ns13="http://zakupki.gov.ru/223fz/revenue/1" xmlns:ns14="http://zakupki.gov.ru/223fz/orderClauseList/1" xmlns:ns15="http://zakupki.gov.ru/223fz/complaint/1" xmlns:ns16="http://zakupki.gov.ru/223fz/missedNotice/1" xmlns:ns17="http://zakupki.gov.ru/223fz/notificationIssue/1" xmlns:ns18="http://zakupki.gov.ru/223fz/purchasePlanProject/1" xmlns:ns19="http://zakupki.gov.ru/223fz/webRequest/1" xmlns:ns2="http://zakupki.gov.ru/223fz/contract/1" xmlns:xsi="http://www.w3.org/2001/XMLSchema-instance" xmlns:ns3="http://zakupki.gov.ru/223fz/dishonestSupplier/1" xmlns:ns4="http://zakupki.gov.ru/223fz/decisionSuspension/1" xmlns:ns5="http://zakupki.gov.ru/223fz/purchasePlanAdditionalPosition/1" xmlns:ns6="http://zakupki.gov.ru/223fz/purchasePlan/1" xmlns:ns7="http://zakupki.gov.ru/223fz/purchasePlanProjectAdditionalPosition/1" xmlns:ns8="http://zakupki.gov.ru/223fz/reference/1" xmlns:ns9="http://zakupki.gov.ru/223fz/stopCommodity/1">
    <header>
        <guid>4e347f3f-b7b3-4419-a803-511181b58856</guid>
        <createDateTime>2017-03-30T08:31:43</createDateTime>
    </header>
    <ns2:body>
        <ns2:item>
            <guid>48555d6e-ede0-4799-b1ab-aba805037be1</guid>
            <ns2:performanceContractData>
                <ns2:guid>0daaf751-47f6-4ffd-803c-930d8d352f3b</ns2:guid>
                <ns2:registrationNumber>56671163413160000520003</ns2:registrationNumber>
                <ns2:urlOOS>https://zakupki.gov.ru/223/contract/private/completing/info/view.html?id=2662827</ns2:urlOOS>
                <ns2:createDateTime>2016-01-15T12:26:17</ns2:createDateTime>
                <ns2:customer>
                    <mainInfo>
                        <fullName>Открытое акционерное общество "Межрегиональная распределительная сетевая компания Урала"</fullName>
                        <shortName>ОАО "МРСК Урала"</shortName>
                        <iko>56671163413667201001</iko>
                        <inn>6671163413</inn>
                        <kpp>667201001</kpp>
                        <ogrn>1056604000970</ogrn>
                        <legalAddress>620026, Свердловская, Екатеринбург, Мамина-Сибиряка, дом 140</legalAddress>
                        <postalAddress>620026, Свердловская область, Екатеринбург, Мамина-Сибиряка, дом 140 </postalAddress>
                        <phone>7-343-2152600</phone>
                        <fax>7-343-2152661</fax>
                        <email>mrsk@mrsk-ural.ru</email>
                        <okato>65401000000</okato>
                        <okpo>76507836</okpo>
                    </mainInfo>
                </ns2:customer>
                <ns2:placer>
                    <mainInfo>
                        <fullName>Открытое акционерное общество "Межрегиональная распределительная сетевая компания Урала"</fullName>
                        <shortName>ОАО "МРСК Урала"</shortName>
                        <iko>56671163413667201001</iko>
                        <inn>6671163413</inn>
                        <kpp>667201001</kpp>
                        <ogrn>1056604000970</ogrn>
                        <legalAddress>620026, Свердловская, Екатеринбург, Мамина-Сибиряка, дом 140</legalAddress>
                        <postalAddress>620026, Свердловская область, Екатеринбург, Мамина-Сибиряка, дом 140 </postalAddress>
                        <phone>7-343-2152600</phone>
                        <fax>7-343-2152661</fax>
                        <email>mrsk@mrsk-ural.ru</email>
                        <okato>65401000000</okato>
                        <okpo>76507836</okpo>
                    </mainInfo>
                </ns2:placer>
                <ns2:publicationDate>2017-03-30T08:31:43</ns2:publicationDate>
                <ns2:status>P</ns2:status>
                <ns2:version>1</ns2:version>
                <ns2:completed>false</ns2:completed>
                <ns2:attachments>
                    <totalDocumentsCount>2</totalDocumentsCount>
                    <document>
                        <guid>a0e9ac7d-0c25-4cf8-b278-32fa5ea54162</guid>
                        <createDateTime>2017-03-30T08:31:15</createDateTime>
                        <fileName>03-16 ЧГЭС 6000012311 РОСИНВЕСТ-Проект  4 акта на 400 703,33.pdf</fileName>
                        <description>03-16 ЧГЭС 6000012311 РОСИНВЕСТ-Проект  4 акта на 400 703,33</description>
                        <url>https://zakupki.gov.ru/223/contract/private/download/download.html?id=11716595</url>
                        <registrationNumber>56671163413160000520004</registrationNumber>
                    </document>
                    <document>
                        <guid>eb8750cf-159e-4266-a263-d8e9e2cf54a5</guid>
                        <createDateTime>2017-03-30T08:31:32</createDateTime>
                        <fileName>06-16 ЧГЭС 6000012311 Росинвест-Проект  сф 49 296,67.pdf</fileName>
                        <description>06-16 ЧГЭС 6000012311 Росинвест-Проект  сф 49 296,67</description>
                        <url>https://zakupki.gov.ru/223/contract/private/download/download.html?id=11716602</url>
                        <registrationNumber>56671163413160000520005</registrationNumber>
                    </document>
                </ns2:attachments>
                <ns2:hasPenalty>false</ns2:hasPenalty>
                <ns2:contractRegNumber>56671163413160000520000</ns2:contractRegNumber>
                <ns2:contractInfo>
                    <ns2:guid>15a24c28-e466-4cc9-b1fb-c433a9def812</ns2:guid>
                    <ns2:agencyName>ОАО "МРСК Урала"</ns2:agencyName>
                    <ns2:supplierName>ЗАКРЫТОЕ АКЦИОНЕРНОЕ ОБЩЕСТВО "РАЗВИТИЕ ОПТИМАЛЬНЫХ СТРАТЕГИЙ ИНВЕСТИРОВАНИЯ В ПРОЕКТИРОВАНИИ"</ns2:supplierName>
                    <ns2:lotInfo>Право заключения договора подряда на выполнение демонтажных, строительно-монтажных и пусконаладочных работ по объекту:  «КЛ-0,4кВ от ТП-4535 до объекта, расположенного по адресу:             г. Челябинск, Комсомольский пр., 48, реконструкция оборудования ТП-4535 (инв. №56415), реконструкция пункта учета Курчатовского РЭС (инв.№230741) ПО «ЧГЭС» в производственном отделении «Челябинские городские электрические сети» филиала ОАО «МРСК Урала» - «Челябэнерго».</ns2:lotInfo>
                    <ns2:contractDate>2016-01-12</ns2:contractDate>
                </ns2:contractInfo>
                <ns2:positions>
                    <ns2:position>
                        <ns2:ordinal>1</ns2:ordinal>
                        <ns2:paymentDate>2016-08-27</ns2:paymentDate>
                        <ns2:price>450000</ns2:price>
                        <ns2:currency>
                            <code>RUB</code>
                            <digitalCode>643</digitalCode>
                            <name>Российский рубль</name>
                        </ns2:currency>
                        <ns2:rubPrice>450000</ns2:rubPrice>
                        <ns2:prepaid>false</ns2:prepaid>
                        <ns2:docs>
                            <ns2:doc>
                                <ns2:ordinal>1</ns2:ordinal>
                                <ns2:date>2016-06-06</ns2:date>
                                <ns2:code>12</ns2:code>
                                <ns2:name>акт о приемке выполненных работ</ns2:name>
                                <ns2:number>1-5</ns2:number>
                                <ns2:contractPosition>
                                    <ns2:guid>3cabb73c-0dfd-014e-e053-ac11070d70ec</ns2:guid>
                                    <ns2:name>строительно-монтажные работы</ns2:name>
                                    <ns2:okpd2>
                                        <code>41.20.20.370</code>
                                        <name>Сооружения жилищно-коммунального хозяйства, охраны окружающей среды и рационального природопользования</name>
                                    </ns2:okpd2>
                                </ns2:contractPosition>
                                <ns2:okei>
                                    <code>642</code>
                                    <name>Единица</name>
                                </ns2:okei>
                                <ns2:qty>1</ns2:qty>
                            </ns2:doc>
                        </ns2:docs>
                    </ns2:position>
                    <ns2:total>450000</ns2:total>
                </ns2:positions>
            </ns2:performanceContractData>
        </ns2:item>
    </ns2:body>
</ns2:performanceContract>
