<?xml version="1.0" encoding="UTF-8" standalone="yes"?>
<ns2:contractCancellation xsi:schemaLocation="http://zakupki.gov.ru/223/integration/schema/TFF-5.2 http://zakupki.gov.ru/223/integration/schema/TFF-5.2/Types.xsd" xmlns="http://zakupki.gov.ru/223fz/types/1" xmlns:ns10="http://zakupki.gov.ru/223fz/disagreementProtocol/1" xmlns:ns11="http://zakupki.gov.ru/223fz/purchase/1" xmlns:ns12="http://zakupki.gov.ru/223fz/machineryListInfo/1" xmlns:ns13="http://zakupki.gov.ru/223fz/revenue/1" xmlns:ns14="http://zakupki.gov.ru/223fz/orderClauseList/1" xmlns:ns15="http://zakupki.gov.ru/223fz/complaint/1" xmlns:ns16="http://zakupki.gov.ru/223fz/missedNotice/1" xmlns:ns17="http://zakupki.gov.ru/223fz/notificationIssue/1" xmlns:ns18="http://zakupki.gov.ru/223fz/purchasePlanProject/1" xmlns:ns19="http://zakupki.gov.ru/223fz/webRequest/1" xmlns:ns2="http://zakupki.gov.ru/223fz/contract/1" xmlns:xsi="http://www.w3.org/2001/XMLSchema-instance" xmlns:ns3="http://zakupki.gov.ru/223fz/dishonestSupplier/1" xmlns:ns4="http://zakupki.gov.ru/223fz/decisionSuspension/1" xmlns:ns5="http://zakupki.gov.ru/223fz/purchasePlanAdditionalPosition/1" xmlns:ns6="http://zakupki.gov.ru/223fz/purchasePlan/1" xmlns:ns7="http://zakupki.gov.ru/223fz/purchasePlanProjectAdditionalPosition/1" xmlns:ns8="http://zakupki.gov.ru/223fz/reference/1" xmlns:ns9="http://zakupki.gov.ru/223fz/stopCommodity/1">
    <header>
        <guid>7ba179b4-08f7-4109-b4bd-15e10b3fe7d3</guid>
        <createDateTime>2017-03-30T06:14:18</createDateTime>
    </header>
    <ns2:body>
        <ns2:item>
            <guid>6f30f8eb-3bdf-4089-a64a-50d4423974ca</guid>
            <ns2:contractCancellationData>
                <ns2:guid>90bc99b4-78b4-40ac-8a30-91214d99a05d</ns2:guid>
                <ns2:registrationNumber>56620007180160000030052</ns2:registrationNumber>
                <ns2:urlOOS>https://zakupki.gov.ru/223/contract/private/completing/info/view.html?id=2662034</ns2:urlOOS>
                <ns2:createDateTime>2017-03-30T06:13:50</ns2:createDateTime>
                <ns2:customer>
                    <mainInfo>
                        <fullName>МУНИЦИПАЛЬНОЕ АВТОНОМНОЕ ОБЩЕОБРАЗОВАТЕЛЬНОЕ УЧРЕЖДЕНИЕ СРЕДНЯЯ ОБЩЕОБРАЗОВАТЕЛЬНАЯ ШКОЛА № 1</fullName>
                        <shortName>МАОУ СОШ № 1</shortName>
                        <iko>56620007180662001001</iko>
                        <inn>6620007180</inn>
                        <kpp>668101001</kpp>
                        <ogrn>1026601300923</ogrn>
                        <legalAddress>624300, обл СВЕРДЛОВСКАЯ, г КУШВА, ул СОЮЗОВ, дом 14</legalAddress>
                        <postalAddress>624300, Свердловская Область, Кушва Город, Союзов Улица, дом 14</postalAddress>
                        <phone>7-34344-63833</phone>
                        <fax>7-34344-25843</fax>
                        <email>school-1kushva@mail.ru</email>
                        <okato>65470000000</okato>
                        <okpo>50302835</okpo>
                    </mainInfo>
                </ns2:customer>
                <ns2:placer>
                    <mainInfo>
                        <fullName>МУНИЦИПАЛЬНОЕ АВТОНОМНОЕ ОБЩЕОБРАЗОВАТЕЛЬНОЕ УЧРЕЖДЕНИЕ СРЕДНЯЯ ОБЩЕОБРАЗОВАТЕЛЬНАЯ ШКОЛА № 1</fullName>
                        <shortName>МАОУ СОШ № 1</shortName>
                        <iko>56620007180662001001</iko>
                        <inn>6620007180</inn>
                        <kpp>668101001</kpp>
                        <ogrn>1026601300923</ogrn>
                        <legalAddress>624300, обл СВЕРДЛОВСКАЯ, г КУШВА, ул СОЮЗОВ, дом 14</legalAddress>
                        <postalAddress>624300, Свердловская Область, Кушва Город, Союзов Улица, дом 14</postalAddress>
                        <phone>7-34344-63833</phone>
                        <fax>7-34344-25843</fax>
                        <email>school-1kushva@mail.ru</email>
                        <okato>65470000000</okato>
                        <okpo>50302835</okpo>
                    </mainInfo>
                </ns2:placer>
                <ns2:publicationDate>2017-03-30T06:14:18</ns2:publicationDate>
                <ns2:status>P</ns2:status>
                <ns2:version>1</ns2:version>
                <ns2:attachments>
                    <totalDocumentsCount>1</totalDocumentsCount>
                    <document>
                        <guid>950bcf2b-ef57-4e3e-82a9-17d7ed05d4a7</guid>
                        <createDateTime>2017-03-30T06:13:41</createDateTime>
                        <fileName>Соглашение о расторжении.pdf</fileName>
                        <description>Соглашение о расторжении</description>
                        <url>https://zakupki.gov.ru/223/contract/private/download/download.html?id=11713108</url>
                        <registrationNumber>56620007180160000030053</registrationNumber>
                    </document>
                </ns2:attachments>
                <ns2:hasPenalty>false</ns2:hasPenalty>
                <ns2:contractRegNumber>56620007180160000030000</ns2:contractRegNumber>
                <ns2:contractInfo>
                    <ns2:guid>374bd661-08b6-4e3d-93cf-004a2b576182</ns2:guid>
                    <ns2:name>23-01/2016</ns2:name>
                    <ns2:agencyName>МАОУ СОШ № 1</ns2:agencyName>
                    <ns2:supplierName>МУНИЦИПАЛЬНОЕ УНИТАРНОЕ ПРЕДПРИЯТИЕ КУШВИНСКОГО ГОРОДСКОГО ОКРУГА "ТЕПЛОСЕРВИС"</ns2:supplierName>
                    <ns2:lotInfo>Поставка тепловой энергии</ns2:lotInfo>
                    <ns2:contractDate>2016-01-29</ns2:contractDate>
                </ns2:contractInfo>
                <ns2:baseContractCancellationCode>1</ns2:baseContractCancellationCode>
                <ns2:baseContractCancellationName>Соглашение сторон</ns2:baseContractCancellationName>
                <ns2:baseRejectionDocCode>11</ns2:baseRejectionDocCode>
                <ns2:baseRejectionDocName>Дополнительное соглашение к договору</ns2:baseRejectionDocName>
                <ns2:completionDate>2017-03-29T00:00:00</ns2:completionDate>
                <ns2:baseRejectionDocDate>2017-03-29</ns2:baseRejectionDocDate>
            </ns2:contractCancellationData>
        </ns2:item>
    </ns2:body>
</ns2:contractCancellation>
