<?xml version="1.0" encoding="UTF-8" standalone="yes"?>
<ns2:contractCancellation xsi:schemaLocation="http://zakupki.gov.ru/223/integration/schema/TFF-5.2 http://zakupki.gov.ru/223/integration/schema/TFF-5.2/Types.xsd" xmlns="http://zakupki.gov.ru/223fz/types/1" xmlns:ns10="http://zakupki.gov.ru/223fz/disagreementProtocol/1" xmlns:ns11="http://zakupki.gov.ru/223fz/purchase/1" xmlns:ns12="http://zakupki.gov.ru/223fz/machineryListInfo/1" xmlns:ns13="http://zakupki.gov.ru/223fz/revenue/1" xmlns:ns14="http://zakupki.gov.ru/223fz/orderClauseList/1" xmlns:ns15="http://zakupki.gov.ru/223fz/complaint/1" xmlns:ns16="http://zakupki.gov.ru/223fz/missedNotice/1" xmlns:ns17="http://zakupki.gov.ru/223fz/notificationIssue/1" xmlns:ns18="http://zakupki.gov.ru/223fz/purchasePlanProject/1" xmlns:ns19="http://zakupki.gov.ru/223fz/webRequest/1" xmlns:ns2="http://zakupki.gov.ru/223fz/contract/1" xmlns:xsi="http://www.w3.org/2001/XMLSchema-instance" xmlns:ns3="http://zakupki.gov.ru/223fz/dishonestSupplier/1" xmlns:ns4="http://zakupki.gov.ru/223fz/decisionSuspension/1" xmlns:ns5="http://zakupki.gov.ru/223fz/purchasePlanAdditionalPosition/1" xmlns:ns6="http://zakupki.gov.ru/223fz/purchasePlan/1" xmlns:ns7="http://zakupki.gov.ru/223fz/purchasePlanProjectAdditionalPosition/1" xmlns:ns8="http://zakupki.gov.ru/223fz/reference/1" xmlns:ns9="http://zakupki.gov.ru/223fz/stopCommodity/1">
    <header>
        <guid>e58e713e-1cf9-4ab1-87ca-0369882379fc</guid>
        <createDateTime>2017-03-30T07:16:50</createDateTime>
    </header>
    <ns2:body>
        <ns2:item>
            <guid>15afab1f-245f-4864-b061-8a29bb8e73aa</guid>
            <ns2:contractCancellationData>
                <ns2:guid>c1be37b1-f992-4664-a925-e9b9a1315ef7</ns2:guid>
                <ns2:registrationNumber>86670081969160000840023</ns2:registrationNumber>
                <ns2:urlOOS>https://zakupki.gov.ru/223/contract/private/completing/info/view.html?id=2662294</ns2:urlOOS>
                <ns2:createDateTime>2017-03-30T07:16:37</ns2:createDateTime>
                <ns2:customer>
                    <mainInfo>
                        <fullName>Федеральное бюджетное учреждение здравоохранения "Центр гигиены и эпидемиологии в Свердловской области"</fullName>
                        <shortName>ФБУЗ "Центр гигиены и эпидемиологии в Свердловской области"</shortName>
                        <iko>86670081969667001001</iko>
                        <inn>6670081969</inn>
                        <kpp>667001001</kpp>
                        <ogrn>1056603530510</ogrn>
                        <legalAddress>620078, Свердловская, Екатеринбург, Отдельный, дом 3</legalAddress>
                        <postalAddress>620078, г. Екатеринбург, пер. Отдельный, 3</postalAddress>
                        <phone>7-343-2701594</phone>
                        <fax>7-343-3628716</fax>
                        <email>mail@66.rospotrebnadzor.ru</email>
                        <okato>65401373000</okato>
                        <okpo>01944619</okpo>
                    </mainInfo>
                </ns2:customer>
                <ns2:placer>
                    <mainInfo>
                        <fullName>Федеральное бюджетное учреждение здравоохранения "Центр гигиены и эпидемиологии в Свердловской области"</fullName>
                        <shortName>ФБУЗ "Центр гигиены и эпидемиологии в Свердловской области"</shortName>
                        <iko>86670081969667001001</iko>
                        <inn>6670081969</inn>
                        <kpp>667001001</kpp>
                        <ogrn>1056603530510</ogrn>
                        <legalAddress>620078, Свердловская, Екатеринбург, Отдельный, дом 3</legalAddress>
                        <postalAddress>620078, г. Екатеринбург, пер. Отдельный, 3</postalAddress>
                        <phone>7-343-2701594</phone>
                        <fax>7-343-3628716</fax>
                        <email>mail@66.rospotrebnadzor.ru</email>
                        <okato>65401373000</okato>
                        <okpo>01944619</okpo>
                    </mainInfo>
                </ns2:placer>
                <ns2:publicationDate>2017-03-30T07:16:50</ns2:publicationDate>
                <ns2:status>P</ns2:status>
                <ns2:version>1</ns2:version>
                <ns2:attachments>
                    <totalDocumentsCount>1</totalDocumentsCount>
                    <document>
                        <guid>449e1856-375a-4723-ae79-ab89af492e84</guid>
                        <createDateTime>2017-03-30T07:16:35</createDateTime>
                        <fileName>42 (Тур7-7266-16) от 14-03-2016 Согл от 24-03-2017.pdf</fileName>
                        <description>42 (Тур7-7266-16) от 14-03-2016 Согл от 24-03-2017</description>
                        <url>https://zakupki.gov.ru/223/contract/private/download/download.html?id=11714255</url>
                        <registrationNumber>86670081969160000840024</registrationNumber>
                    </document>
                </ns2:attachments>
                <ns2:hasPenalty>false</ns2:hasPenalty>
                <ns2:contractRegNumber>86670081969160000840000</ns2:contractRegNumber>
                <ns2:contractInfo>
                    <ns2:guid>de1be99c-eae5-4842-bbe3-b4944f54d060</ns2:guid>
                    <ns2:name>42 Тур7-7266/16</ns2:name>
                    <ns2:agencyName>ФБУЗ "Центр гигиены и эпидемиологии в Свердловской области"</ns2:agencyName>
                    <ns2:supplierName>АКЦИОНЕРНОЕ ОБЩЕСТВО "РЕГИОНГАЗ-ИНВЕСТ"</ns2:supplierName>
                    <ns2:lotInfo>Оказание услуг теплоснабжения в  филиале ФБУЗ «Центр гигиены и эпидемиологии в Свердловской области в г.Ирбит, Ирбитском, Сл.Туринском, Тавдинском, Таборинском и Туринском районах»</ns2:lotInfo>
                    <ns2:contractDate>2016-03-14</ns2:contractDate>
                </ns2:contractInfo>
                <ns2:baseContractCancellationCode>1</ns2:baseContractCancellationCode>
                <ns2:baseContractCancellationName>Соглашение сторон</ns2:baseContractCancellationName>
                <ns2:baseRejectionDocCode>11</ns2:baseRejectionDocCode>
                <ns2:baseRejectionDocName>Дополнительное соглашение к договору</ns2:baseRejectionDocName>
                <ns2:completionDate>2017-03-24T00:00:00</ns2:completionDate>
                <ns2:baseRejectionDocNum>б/н</ns2:baseRejectionDocNum>
                <ns2:baseRejectionDocDate>2017-03-24</ns2:baseRejectionDocDate>
            </ns2:contractCancellationData>
        </ns2:item>
    </ns2:body>
</ns2:contractCancellation>
