<?xml version="1.0" encoding="UTF-8" standalone="yes"?>
<ns2:performanceContract xsi:schemaLocation="http://zakupki.gov.ru/223/integration/schema/TFF-5.2 http://zakupki.gov.ru/223/integration/schema/TFF-5.2/Types.xsd" xmlns="http://zakupki.gov.ru/223fz/types/1" xmlns:ns10="http://zakupki.gov.ru/223fz/disagreementProtocol/1" xmlns:ns11="http://zakupki.gov.ru/223fz/purchase/1" xmlns:ns12="http://zakupki.gov.ru/223fz/machineryListInfo/1" xmlns:ns13="http://zakupki.gov.ru/223fz/revenue/1" xmlns:ns14="http://zakupki.gov.ru/223fz/orderClauseList/1" xmlns:ns15="http://zakupki.gov.ru/223fz/complaint/1" xmlns:ns16="http://zakupki.gov.ru/223fz/missedNotice/1" xmlns:ns17="http://zakupki.gov.ru/223fz/notificationIssue/1" xmlns:ns18="http://zakupki.gov.ru/223fz/purchasePlanProject/1" xmlns:ns19="http://zakupki.gov.ru/223fz/webRequest/1" xmlns:ns2="http://zakupki.gov.ru/223fz/contract/1" xmlns:xsi="http://www.w3.org/2001/XMLSchema-instance" xmlns:ns3="http://zakupki.gov.ru/223fz/dishonestSupplier/1" xmlns:ns4="http://zakupki.gov.ru/223fz/decisionSuspension/1" xmlns:ns5="http://zakupki.gov.ru/223fz/purchasePlanAdditionalPosition/1" xmlns:ns6="http://zakupki.gov.ru/223fz/purchasePlan/1" xmlns:ns7="http://zakupki.gov.ru/223fz/purchasePlanProjectAdditionalPosition/1" xmlns:ns8="http://zakupki.gov.ru/223fz/reference/1" xmlns:ns9="http://zakupki.gov.ru/223fz/stopCommodity/1">
    <header>
        <guid>aadfeda4-670d-4213-a7c6-d7c6e475e19b</guid>
        <createDateTime>2017-03-30T06:43:40</createDateTime>
    </header>
    <ns2:body>
        <ns2:item>
            <guid>34df0295-4107-45df-bed3-941c2878e194</guid>
            <ns2:performanceContractData>
                <ns2:guid>211c1ae1-4e54-4596-a26e-dc75b4c3c66b</ns2:guid>
                <ns2:registrationNumber>56671163413150026230003</ns2:registrationNumber>
                <ns2:urlOOS>https://zakupki.gov.ru/223/contract/private/completing/info/view.html?id=2662113</ns2:urlOOS>
                <ns2:createDateTime>2015-12-29T14:14:19</ns2:createDateTime>
                <ns2:customer>
                    <mainInfo>
                        <fullName>Открытое акционерное общество "Межрегиональная распределительная сетевая компания Урала"</fullName>
                        <shortName>ОАО "МРСК Урала"</shortName>
                        <iko>56671163413667201001</iko>
                        <inn>6671163413</inn>
                        <kpp>667201001</kpp>
                        <ogrn>1056604000970</ogrn>
                        <legalAddress>620026, Свердловская, Екатеринбург, Мамина-Сибиряка, дом 140</legalAddress>
                        <postalAddress>620026, Свердловская область, Екатеринбург, Мамина-Сибиряка, дом 140 </postalAddress>
                        <phone>7-343-2152600</phone>
                        <fax>7-343-2152661</fax>
                        <email>mrsk@mrsk-ural.ru</email>
                        <okato>65401000000</okato>
                        <okpo>76507836</okpo>
                    </mainInfo>
                </ns2:customer>
                <ns2:placer>
                    <mainInfo>
                        <fullName>Открытое акционерное общество "Межрегиональная распределительная сетевая компания Урала"</fullName>
                        <shortName>ОАО "МРСК Урала"</shortName>
                        <iko>56671163413667201001</iko>
                        <inn>6671163413</inn>
                        <kpp>667201001</kpp>
                        <ogrn>1056604000970</ogrn>
                        <legalAddress>620026, Свердловская, Екатеринбург, Мамина-Сибиряка, дом 140</legalAddress>
                        <postalAddress>620026, Свердловская область, Екатеринбург, Мамина-Сибиряка, дом 140 </postalAddress>
                        <phone>7-343-2152600</phone>
                        <fax>7-343-2152661</fax>
                        <email>mrsk@mrsk-ural.ru</email>
                        <okato>65401000000</okato>
                        <okpo>76507836</okpo>
                    </mainInfo>
                </ns2:placer>
                <ns2:publicationDate>2017-03-30T06:43:40</ns2:publicationDate>
                <ns2:status>P</ns2:status>
                <ns2:version>1</ns2:version>
                <ns2:completed>false</ns2:completed>
                <ns2:attachments>
                    <totalDocumentsCount>1</totalDocumentsCount>
                    <document>
                        <guid>abe30235-b65b-4dfa-8e2d-da81052a4eb8</guid>
                        <createDateTime>2017-03-30T06:43:21</createDateTime>
                        <fileName>04-16 ЧГЭС 6000012163 Легион  2 акта на 2 712 477,17.pdf</fileName>
                        <description>04-16 ЧГЭС 6000012163 Легион  2 акта на 2 712 477,17</description>
                        <url>https://zakupki.gov.ru/223/contract/private/download/download.html?id=11713510</url>
                        <registrationNumber>56671163413150026230004</registrationNumber>
                    </document>
                </ns2:attachments>
                <ns2:hasPenalty>false</ns2:hasPenalty>
                <ns2:contractRegNumber>56671163413150026230000</ns2:contractRegNumber>
                <ns2:contractInfo>
                    <ns2:guid>c87d20b5-68b1-4cc7-b770-27322906f922</ns2:guid>
                    <ns2:agencyName>ОАО "МРСК Урала"</ns2:agencyName>
                    <ns2:supplierName>ОБЩЕСТВО С ОГРАНИЧЕННОЙ ОТВЕТСТВЕННОСТЬЮ "ЛЕГИОН"</ns2:supplierName>
                    <ns2:lotInfo>Право заключения договора подряда на выполнение аварийно-восстановительных работ по замене  системы компенсации емкостных токов на ПС 35/10 кВ «Ленинская» (ЗРУ 10кВ ПС Ленинская 35/10 кВ инв.№55090) производственного отделения «Челябинские городские электрические сети» филиала ОАО «МРСК Урала» – «Челябэнерго».</ns2:lotInfo>
                    <ns2:contractDate>2015-12-24</ns2:contractDate>
                </ns2:contractInfo>
                <ns2:positions>
                    <ns2:position>
                        <ns2:ordinal>1</ns2:ordinal>
                        <ns2:paymentDate>2016-05-19</ns2:paymentDate>
                        <ns2:price>2712477.17</ns2:price>
                        <ns2:currency>
                            <code>RUB</code>
                            <digitalCode>643</digitalCode>
                            <name>Российский рубль</name>
                        </ns2:currency>
                        <ns2:rubPrice>2712477.17</ns2:rubPrice>
                        <ns2:prepaid>false</ns2:prepaid>
                        <ns2:docs>
                            <ns2:doc>
                                <ns2:ordinal>1</ns2:ordinal>
                                <ns2:date>2016-04-19</ns2:date>
                                <ns2:code>12</ns2:code>
                                <ns2:name>акт о приемке выполненных работ</ns2:name>
                                <ns2:number>1,2</ns2:number>
                                <ns2:contractPosition>
                                    <ns2:guid>3cabb73b-1876-014e-e053-ac11070d70ec</ns2:guid>
                                    <ns2:okdp>
                                        <code>4521012</code>
                                        <name>Здания и сооружения электрических и тепловых сетей[4521111] - [4521127]</name>
                                    </ns2:okdp>
                                </ns2:contractPosition>
                                <ns2:okei>
                                    <code>642</code>
                                    <name>Единица</name>
                                </ns2:okei>
                                <ns2:qty>1</ns2:qty>
                            </ns2:doc>
                        </ns2:docs>
                    </ns2:position>
                    <ns2:total>2712477.17</ns2:total>
                </ns2:positions>
            </ns2:performanceContractData>
        </ns2:item>
    </ns2:body>
</ns2:performanceContract>
