<?xml version="1.0" encoding="UTF-8" standalone="yes"?>
<ns2:performanceContract xsi:schemaLocation="http://zakupki.gov.ru/223/integration/schema/TFF-5.2 http://zakupki.gov.ru/223/integration/schema/TFF-5.2/Types.xsd" xmlns="http://zakupki.gov.ru/223fz/types/1" xmlns:ns10="http://zakupki.gov.ru/223fz/disagreementProtocol/1" xmlns:ns11="http://zakupki.gov.ru/223fz/purchase/1" xmlns:ns12="http://zakupki.gov.ru/223fz/machineryListInfo/1" xmlns:ns13="http://zakupki.gov.ru/223fz/revenue/1" xmlns:ns14="http://zakupki.gov.ru/223fz/orderClauseList/1" xmlns:ns15="http://zakupki.gov.ru/223fz/complaint/1" xmlns:ns16="http://zakupki.gov.ru/223fz/missedNotice/1" xmlns:ns17="http://zakupki.gov.ru/223fz/notificationIssue/1" xmlns:ns18="http://zakupki.gov.ru/223fz/purchasePlanProject/1" xmlns:ns19="http://zakupki.gov.ru/223fz/webRequest/1" xmlns:ns2="http://zakupki.gov.ru/223fz/contract/1" xmlns:xsi="http://www.w3.org/2001/XMLSchema-instance" xmlns:ns3="http://zakupki.gov.ru/223fz/dishonestSupplier/1" xmlns:ns4="http://zakupki.gov.ru/223fz/decisionSuspension/1" xmlns:ns5="http://zakupki.gov.ru/223fz/purchasePlanAdditionalPosition/1" xmlns:ns6="http://zakupki.gov.ru/223fz/purchasePlan/1" xmlns:ns7="http://zakupki.gov.ru/223fz/purchasePlanProjectAdditionalPosition/1" xmlns:ns8="http://zakupki.gov.ru/223fz/reference/1" xmlns:ns9="http://zakupki.gov.ru/223fz/stopCommodity/1">
    <header>
        <guid>ecbbf100-309b-4f6d-8fe1-97234dc53b2c</guid>
        <createDateTime>2017-03-30T08:16:30</createDateTime>
    </header>
    <ns2:body>
        <ns2:item>
            <guid>4dcd38fc-4f34-47ad-a7c7-d3a034d00faa</guid>
            <ns2:performanceContractData>
                <ns2:guid>b2244ca8-e64b-4c9d-8e04-96278d449358</ns2:guid>
                <ns2:registrationNumber>56664029537170000110011</ns2:registrationNumber>
                <ns2:urlOOS>https://zakupki.gov.ru/223/contract/private/completing/info/view.html?id=2662724</ns2:urlOOS>
                <ns2:termination>false</ns2:termination>
                <ns2:createDateTime>2017-02-04T10:52:43</ns2:createDateTime>
                <ns2:customer>
                    <mainInfo>
                        <fullName>ГОСУДАРСТВЕННОЕ АВТОНОМНОЕ  СТАЦИОНАРНОЕ УЧРЕЖДЕНИЕ СОЦИАЛЬНОГО ОБСЛУЖИВАНИЯ НАСЕЛЕНИЯ СВЕРДЛОВСКОЙ ОБЛАСТИ "СВЕРДЛОВСКИЙ ПСИХОНЕВРОЛОГИЧЕСКИЙ ИНТЕРНАТ"</fullName>
                        <shortName>ГАУ "СВЕРДЛОВСКИЙ ПНИ"</shortName>
                        <iko>56664029537667901001</iko>
                        <inn>6664029537</inn>
                        <kpp>667901001</kpp>
                        <ogrn>1026605779452</ogrn>
                        <legalAddress>620010, СВЕРДЛОВСКАЯ, ЕКАТЕРИНБУРГ, СЛАВЯНСКАЯ, дом 43</legalAddress>
                        <postalAddress>620010 Свердловская обл., г. Екатеринбург, ул. Славянская, 43</postalAddress>
                        <phone>7-343-2589611</phone>
                        <fax>7-343-2589608</fax>
                        <email>svr-su@gov66.ru</email>
                        <okato>65401390000</okato>
                        <okpo>03157601</okpo>
                    </mainInfo>
                </ns2:customer>
                <ns2:placer>
                    <mainInfo>
                        <fullName>ГОСУДАРСТВЕННОЕ АВТОНОМНОЕ  СТАЦИОНАРНОЕ УЧРЕЖДЕНИЕ СОЦИАЛЬНОГО ОБСЛУЖИВАНИЯ НАСЕЛЕНИЯ СВЕРДЛОВСКОЙ ОБЛАСТИ "СВЕРДЛОВСКИЙ ПСИХОНЕВРОЛОГИЧЕСКИЙ ИНТЕРНАТ"</fullName>
                        <shortName>ГАУ "СВЕРДЛОВСКИЙ ПНИ"</shortName>
                        <iko>56664029537667901001</iko>
                        <inn>6664029537</inn>
                        <kpp>667901001</kpp>
                        <ogrn>1026605779452</ogrn>
                        <legalAddress>620010, СВЕРДЛОВСКАЯ, ЕКАТЕРИНБУРГ, СЛАВЯНСКАЯ, дом 43</legalAddress>
                        <postalAddress>620010 Свердловская обл., г. Екатеринбург, ул. Славянская, 43</postalAddress>
                        <phone>7-343-2589611</phone>
                        <fax>7-343-2589608</fax>
                        <email>svr-su@gov66.ru</email>
                        <okato>65401390000</okato>
                        <okpo>03157601</okpo>
                    </mainInfo>
                </ns2:placer>
                <ns2:publicationDate>2017-03-30T08:16:30</ns2:publicationDate>
                <ns2:status>P</ns2:status>
                <ns2:version>1</ns2:version>
                <ns2:completed>false</ns2:completed>
                <ns2:attachments>
                    <totalDocumentsCount>1</totalDocumentsCount>
                    <document>
                        <guid>623ad0a2-165b-4e4e-999c-ee7107306ca1</guid>
                        <createDateTime>2017-03-30T08:16:19</createDateTime>
                        <fileName>платёжка 28.03.2017.pdf</fileName>
                        <description>платёжка 28.03.2017</description>
                        <url>https://zakupki.gov.ru/223/contract/private/download/download.html?id=11715904</url>
                        <registrationNumber>56664029537170000110012</registrationNumber>
                    </document>
                </ns2:attachments>
                <ns2:hasPenalty>false</ns2:hasPenalty>
                <ns2:contractRegNumber>56664029537170000110000</ns2:contractRegNumber>
                <ns2:contractInfo>
                    <ns2:guid>5f35faf9-b084-4258-baf3-347d607c42e3</ns2:guid>
                    <ns2:name>31704678796-KS</ns2:name>
                    <ns2:agencyName>ГАУ "СВЕРДЛОВСКИЙ ПНИ"</ns2:agencyName>
                    <ns2:supplierName>ОБЩЕСТВО С ОГРАНИЧЕННОЙ ОТВЕТСТВЕННОСТЬЮ "Лабиринт"</ns2:supplierName>
                    <ns2:lotInfo>поставка рыбы замороженной</ns2:lotInfo>
                    <ns2:contractDate>2017-02-04</ns2:contractDate>
                </ns2:contractInfo>
                <ns2:positions>
                    <ns2:position>
                        <ns2:ordinal>1</ns2:ordinal>
                        <ns2:paymentDate>2017-03-28</ns2:paymentDate>
                        <ns2:price>22264</ns2:price>
                        <ns2:currency>
                            <code>RUB</code>
                            <digitalCode>643</digitalCode>
                            <name>Российский рубль</name>
                        </ns2:currency>
                        <ns2:rubPrice>22264</ns2:rubPrice>
                        <ns2:prepaid>false</ns2:prepaid>
                        <ns2:docs>
                            <ns2:doc>
                                <ns2:ordinal>1</ns2:ordinal>
                                <ns2:date>2017-03-22</ns2:date>
                                <ns2:code>19</ns2:code>
                                <ns2:name>счет-фактура</ns2:name>
                                <ns2:number>18187</ns2:number>
                                <ns2:contractPosition>
                                    <ns2:guid>c9ee95e8-3f37-453a-a50b-48ad6b87c756</ns2:guid>
                                    <ns2:name>Рыба морская мороженая (кроме сельди)</ns2:name>
                                    <ns2:okpd2>
                                        <code>10.20.13.122</code>
                                        <name>Рыба морская мороженая (кроме сельди)</name>
                                    </ns2:okpd2>
                                </ns2:contractPosition>
                                <ns2:okei>
                                    <code>166</code>
                                    <name>Килограмм</name>
                                </ns2:okei>
                                <ns2:qty>242</ns2:qty>
                            </ns2:doc>
                        </ns2:docs>
                    </ns2:position>
                    <ns2:total>22264</ns2:total>
                </ns2:positions>
            </ns2:performanceContractData>
        </ns2:item>
    </ns2:body>
</ns2:performanceContract>
