<?xml version="1.0" encoding="UTF-8" standalone="yes"?>
<ns2:purchaseNoticeEP xsi:schemaLocation="http://zakupki.gov.ru/223/integration/schema/TFF-5.2 http://zakupki.gov.ru/223/integration/schema/TFF-5.2/purchase.xsd" xmlns="http://zakupki.gov.ru/223fz/types/1" xmlns:ns10="http://zakupki.gov.ru/223fz/purchasePlan/1" xmlns:ns11="http://zakupki.gov.ru/223fz/purchasePlanProject/1" xmlns:ns12="http://zakupki.gov.ru/223fz/purchasePlanProjectAdditionalPosition/1" xmlns:ns13="http://zakupki.gov.ru/223fz/contract/1" xmlns:ns14="http://zakupki.gov.ru/223fz/missedNotice/1" xmlns:ns15="http://zakupki.gov.ru/223fz/reference/1" xmlns:ns16="http://zakupki.gov.ru/223fz/stopCommodity/1" xmlns:ns17="http://zakupki.gov.ru/223fz/decisionSuspension/1" xmlns:ns18="http://zakupki.gov.ru/223fz/purchasePlanAdditionalPosition/1" xmlns:ns19="http://zakupki.gov.ru/223fz/webRequest/1" xmlns:ns2="http://zakupki.gov.ru/223fz/purchase/1" xmlns:xsi="http://www.w3.org/2001/XMLSchema-instance" xmlns:ns3="http://zakupki.gov.ru/223fz/dishonestSupplier/1" xmlns:ns4="http://zakupki.gov.ru/223fz/machineryListInfo/1" xmlns:ns5="http://zakupki.gov.ru/223fz/revenue/1" xmlns:ns6="http://zakupki.gov.ru/223fz/orderClauseList/1" xmlns:ns7="http://zakupki.gov.ru/223fz/disagreementProtocol/1" xmlns:ns8="http://zakupki.gov.ru/223fz/complaint/1" xmlns:ns9="http://zakupki.gov.ru/223fz/notificationIssue/1">
    <header>
        <guid>12e52dbc-ce51-43ea-8a51-a4e6058bb109</guid>
        <createDateTime>2017-03-16T17:56:44</createDateTime>
    </header>
    <ns2:body>
        <ns2:item>
            <guid>caea5fe7-e8a5-4520-ae37-40de4178b0f6</guid>
            <ns2:purchaseNoticeEPData>
                <ns2:guid>caea5fe7-e8a5-4520-ae37-40de4178b0f6</ns2:guid>
                <ns2:createDateTime>2017-03-16T17:43:15</ns2:createDateTime>
                <ns2:urlOOS>https://zakupki.gov.ru/223/purchase/private/purchase/notice-info/details.html?noticeInfoId=5888141</ns2:urlOOS>
                <ns2:registrationNumber>31704899833</ns2:registrationNumber>
                <ns2:name>Оказание услуг по транспортировке природного газа на котельные Москвы и Московской области обособленного подразделения «Подольское» АО "ГУ ЖКХ"</ns2:name>
                <ns2:customer>
                    <mainInfo>
                        <fullName>АКЦИОНЕРНОЕ ОБЩЕСТВО "ГЛАВНОЕ УПРАВЛЕНИЕ ЖИЛИЩНО-КОММУНАЛЬНОГО ХОЗЯЙСТВА"</fullName>
                        <shortName>АО "ГУ ЖКХ"</shortName>
                        <iko>55116000922511601001</iko>
                        <inn>5116000922</inn>
                        <kpp>770401001</kpp>
                        <ogrn>1095110000325</ogrn>
                        <legalAddress>119021, г МОСКВА, пр-кт КОМСОМОЛЬСКИЙ, дом ДОМ 18, корпус СТРОЕНИЕ 3</legalAddress>
                        <postalAddress>119021, дом 18, строение 3</postalAddress>
                        <phone>7-499-7909111</phone>
                        <email>ZaicevVV@GUZHKH.RU</email>
                        <okato>47525000000</okato>
                        <okpo>08267116</okpo>
                    </mainInfo>
                </ns2:customer>
                <ns2:purchaseMethodCode>3363</ns2:purchaseMethodCode>
                <ns2:purchaseCodeName>Закупка у единственного поставщика (исполнителя, подрядчика)</ns2:purchaseCodeName>
                <ns2:placer>
                    <mainInfo>
                        <fullName>АКЦИОНЕРНОЕ ОБЩЕСТВО "ГЛАВНОЕ УПРАВЛЕНИЕ ЖИЛИЩНО-КОММУНАЛЬНОГО ХОЗЯЙСТВА"</fullName>
                        <shortName>АО "ГУ ЖКХ"</shortName>
                        <iko>55116000922511601001</iko>
                        <inn>5116000922</inn>
                        <kpp>770401001</kpp>
                        <ogrn>1095110000325</ogrn>
                        <legalAddress>119021, г МОСКВА, пр-кт КОМСОМОЛЬСКИЙ, дом ДОМ 18, корпус СТРОЕНИЕ 3</legalAddress>
                        <postalAddress>119021, дом 18, строение 3</postalAddress>
                        <phone>7-499-7909111</phone>
                        <email>ZaicevVV@GUZHKH.RU</email>
                        <okato>47525000000</okato>
                        <okpo>08267116</okpo>
                    </mainInfo>
                </ns2:placer>
                <ns2:contact>
                    <firstName>Михаил</firstName>
                    <middleName>Сергеевич</middleName>
                    <lastName>Чиганаев</lastName>
                    <phone>+7 (499) 7909111, доб.: 236</phone>
                    <email>ChiganaevMS@GUZHKH.RU</email>
                    <organization>
                        <mainInfo>
                            <fullName>АКЦИОНЕРНОЕ ОБЩЕСТВО "ГЛАВНОЕ УПРАВЛЕНИЕ ЖИЛИЩНО-КОММУНАЛЬНОГО ХОЗЯЙСТВА"</fullName>
                            <shortName>АО "ГУ ЖКХ"</shortName>
                            <iko>55116000922511601001</iko>
                            <inn>5116000922</inn>
                            <kpp>770401001</kpp>
                            <ogrn>1095110000325</ogrn>
                            <legalAddress>119021, г МОСКВА, пр-кт КОМСОМОЛЬСКИЙ, дом ДОМ 18, корпус СТРОЕНИЕ 3</legalAddress>
                            <postalAddress>119021, дом 18, строение 3</postalAddress>
                            <phone>7-499-7909111</phone>
                            <email>ZaicevVV@GUZHKH.RU</email>
                            <okato>47525000000</okato>
                            <okpo>08267116</okpo>
                        </mainInfo>
                    </organization>
                </ns2:contact>
                <ns2:publicationDateTime>2017-03-16T17:56:44</ns2:publicationDateTime>
                <ns2:documentationDelivery/>
                <ns2:status>P</ns2:status>
                <ns2:version>1</ns2:version>
                <ns2:notDishonest>true</ns2:notDishonest>
                <ns2:attachments>
                    <totalDocumentsCount>6</totalDocumentsCount>
                    <document>
                        <guid>9eca44a0-d7c8-4b45-8958-8160e6d1c691</guid>
                        <createDateTime>2017-03-16T17:55:18</createDateTime>
                        <fileName>Извещение рсо.doc</fileName>
                        <description>Извещение рсо</description>
                        <url>http://zakupki.gov.ru/223/purchase/public/download/download.html?id=30120192</url>
                    </document>
                    <document>
                        <guid>f7c7fc1b-ff01-456e-b360-984d7603601c</guid>
                        <createDateTime>2017-03-16T17:55:56</createDateTime>
                        <fileName>Расшифровка Подольскмежрайгаз.pdf</fileName>
                        <description>Расшифровка Подольскмежрайгаз</description>
                        <url>http://zakupki.gov.ru/223/purchase/public/download/download.html?id=30120214</url>
                    </document>
                    <document>
                        <guid>0e6d4880-f850-40c8-91e3-0cb5ce2ee5fc</guid>
                        <createDateTime>2017-03-16T17:55:29</createDateTime>
                        <fileName>Оферта договора Подольскмежрайгаз.pdf</fileName>
                        <description>Оферта договора Подольскмежрайгаз</description>
                        <url>http://zakupki.gov.ru/223/purchase/public/download/download.html?id=30120204</url>
                    </document>
                    <document>
                        <guid>a5a1d465-1477-4c80-9d0b-3722fe05345a</guid>
                        <createDateTime>2017-03-16T17:56:12</createDateTime>
                        <fileName>РНЦ Подольскмежрайгаз.pdf</fileName>
                        <description>РНЦ Подольскмежрайгаз</description>
                        <url>http://zakupki.gov.ru/223/purchase/public/download/download.html?id=30120221</url>
                    </document>
                    <document>
                        <guid>c47d8d24-a429-459f-84a7-2c5f4880ea7b</guid>
                        <createDateTime>2017-03-16T17:55:43</createDateTime>
                        <fileName>Приложение 2 Подольскмежрайгаз.pdf</fileName>
                        <description>Приложение 2 Подольскмежрайгаз</description>
                        <url>http://zakupki.gov.ru/223/purchase/public/download/download.html?id=30120206</url>
                    </document>
                    <document>
                        <guid>37ee8414-f7d6-4033-9ed1-097a3ae94786</guid>
                        <createDateTime>2017-03-16T17:56:17</createDateTime>
                        <fileName>Тех задание Подольскмежрайгаз.pdf</fileName>
                        <description>Тех задание Подольскмежрайгаз</description>
                        <url>http://zakupki.gov.ru/223/purchase/public/download/download.html?id=30120223</url>
                    </document>
                </ns2:attachments>
                <ns2:modificationDate>2017-03-16T17:56:44</ns2:modificationDate>
                <ns2:saveUserId>221696</ns2:saveUserId>
                <ns2:deliveryPlaceIndication>DIFFERENT_PLACE</ns2:deliveryPlaceIndication>
                <ns2:emergency>false</ns2:emergency>
                <ns2:jointPurchase>false</ns2:jointPurchase>
                <ns2:lots>
                    <lot>
                        <guid>e2849d64-74e5-414c-b01e-8704cf59d70b</guid>
                        <ordinalNumber>1</ordinalNumber>
                        <lotEditEnabled>false</lotEditEnabled>
                        <lotData>
                            <subject>Оказание услуг по транспортировке природного газа на котельные Москвы и Московской области обособленного подразделения «Подольское» АО "ГУ ЖКХ"</subject>
                            <currency>
                                <code>RUB</code>
                                <digitalCode>643</digitalCode>
                                <name>Российский рубль</name>
                            </currency>
                            <initialSum>28038416.88</initialSum>
                            <deliveryPlace>
                                <state>Центральный федеральный округ</state>
                                <region>Московская   обл</region>
                                <regionOkato>46000000000</regionOkato>
                                <address>В соответствии с техническим заданием</address>
                            </deliveryPlace>
                            <lotItems>
                                <newCodes>true</newCodes>
                                <lotItem>
                                    <guid>e7c7c202-aac5-46e0-8bb3-ac61ed696bdc</guid>
                                    <ordinalNumber>1</ordinalNumber>
                                    <okpd2>
                                        <code>35.23</code>
                                        <name>Услуги по торговле газом, подаваемым по трубопроводам</name>
                                    </okpd2>
                                    <okved2>
                                        <code>35.23</code>
                                        <name>Торговля газообразным топливом, подаваемым по распределительным сетям</name>
                                    </okved2>
                                    <okei>
                                        <code>114</code>
                                        <name>Тысяча кубических метров</name>
                                    </okei>
                                    <qty>23827.948</qty>
                                </lotItem>
                            </lotItems>
                            <forSmallOrMiddle>false</forSmallOrMiddle>
                            <excludePurchaseFromPlan>false</excludePurchaseFromPlan>
                            <subcontractorsRequirement>false</subcontractorsRequirement>
                            <ignoredPurchase>true</ignoredPurchase>
                            <purchaseCategory>
                                <code>8</code>
                                <name>Закупки услуг по водоснабжению, водоотведению, теплоснабжению и газоснабжению (за исключением услуг по реализации сжиженного газа), а также по подключению (присоединению) к сетям инженерно-технического обеспечения по регулируемым в соответствии с законодательством Российской Федерации ценам (тарифам)</name>
                            </purchaseCategory>
                            <centralized>false</centralized>
                        </lotData>
                        <deliveryPlaceIndication>GL</deliveryPlaceIndication>
                        <jointLotData>
                            <jointLot>false</jointLot>
                        </jointLotData>
                        <lotPlanInfo>
                            <planRegistrationNumber>2160197754</planRegistrationNumber>
                            <planGuid>5e15102f-f315-4169-a029-0a4cfc79b56a</planGuid>
                            <positionNumber>426</positionNumber>
                            <lotPlanPosition>COMMODITY</lotPlanPosition>
                            <positionGuid>8e45119e-34f9-454e-a2b3-257be7346390</positionGuid>
                        </lotPlanInfo>
                        <cancelled>false</cancelled>
                    </lot>
                </ns2:lots>
            </ns2:purchaseNoticeEPData>
        </ns2:item>
    </ns2:body>
</ns2:purchaseNoticeEP>
