<?xml version="1.0" encoding="UTF-8" standalone="yes"?>
<ns2:purchaseNoticeEP xsi:schemaLocation="http://zakupki.gov.ru/223/integration/schema/TFF-5.2 http://zakupki.gov.ru/223/integration/schema/TFF-5.2/purchase.xsd" xmlns="http://zakupki.gov.ru/223fz/types/1" xmlns:ns10="http://zakupki.gov.ru/223fz/purchasePlan/1" xmlns:ns11="http://zakupki.gov.ru/223fz/purchasePlanProject/1" xmlns:ns12="http://zakupki.gov.ru/223fz/purchasePlanProjectAdditionalPosition/1" xmlns:ns13="http://zakupki.gov.ru/223fz/contract/1" xmlns:ns14="http://zakupki.gov.ru/223fz/missedNotice/1" xmlns:ns15="http://zakupki.gov.ru/223fz/reference/1" xmlns:ns16="http://zakupki.gov.ru/223fz/stopCommodity/1" xmlns:ns17="http://zakupki.gov.ru/223fz/decisionSuspension/1" xmlns:ns18="http://zakupki.gov.ru/223fz/purchasePlanAdditionalPosition/1" xmlns:ns19="http://zakupki.gov.ru/223fz/webRequest/1" xmlns:ns2="http://zakupki.gov.ru/223fz/purchase/1" xmlns:xsi="http://www.w3.org/2001/XMLSchema-instance" xmlns:ns3="http://zakupki.gov.ru/223fz/dishonestSupplier/1" xmlns:ns4="http://zakupki.gov.ru/223fz/machineryListInfo/1" xmlns:ns5="http://zakupki.gov.ru/223fz/revenue/1" xmlns:ns6="http://zakupki.gov.ru/223fz/orderClauseList/1" xmlns:ns7="http://zakupki.gov.ru/223fz/disagreementProtocol/1" xmlns:ns8="http://zakupki.gov.ru/223fz/complaint/1" xmlns:ns9="http://zakupki.gov.ru/223fz/notificationIssue/1">
    <header>
        <guid>1cf28326-89ff-4e0a-b60b-81ab74f418dd</guid>
        <createDateTime>2017-03-16T14:05:02</createDateTime>
    </header>
    <ns2:body>
        <ns2:item>
            <guid>b05411e9-5c25-46f4-bdb1-b60c45e23f0e</guid>
            <ns2:purchaseNoticeEPData>
                <ns2:guid>b05411e9-5c25-46f4-bdb1-b60c45e23f0e</ns2:guid>
                <ns2:createDateTime>2017-03-16T14:03:11</ns2:createDateTime>
                <ns2:urlOOS>https://zakupki.gov.ru/223/purchase/private/purchase/notice-info/details.html?noticeInfoId=5885761</ns2:urlOOS>
                <ns2:registrationNumber>31704897763</ns2:registrationNumber>
                <ns2:name>Оказание услуг по разработке проектно-сметной документации (ПСД) на ремонт фасадов строений №5, №15, №17, №18 и №19 в ФБУ «ГИЛС и НП» по адресу: г. Москва, Лавров пер., дом. 6.</ns2:name>
                <ns2:customer>
                    <mainInfo>
                        <fullName>ФЕДЕРАЛЬНОЕ БЮДЖЕТНОЕ УЧРЕЖДЕНИЕ "ГОСУДАРСТВЕННЫЙ ИНСТИТУТ ЛЕКАРСТВЕННЫХ СРЕДСТВ И НАДЛЕЖАЩИХ ПРАКТИК"</fullName>
                        <shortName>ФБУ "ГИЛС И НП"</shortName>
                        <iko>87705035037770501001</iko>
                        <inn>7705035037</inn>
                        <kpp>770501001</kpp>
                        <ogrn>1037705043584</ogrn>
                        <legalAddress>109044, Г МОСКВА, ПЕР ЛАВРОВ, дом 6</legalAddress>
                        <postalAddress>109044, Москва Город, Лавров Переулок, дом 6</postalAddress>
                        <phone>7-495-6764360</phone>
                        <fax>7-495-9113193</fax>
                        <email>info@gilsinp.ru</email>
                        <okato>45286580000</okato>
                        <okpo>00482111</okpo>
                    </mainInfo>
                </ns2:customer>
                <ns2:purchaseMethodCode>3363</ns2:purchaseMethodCode>
                <ns2:purchaseCodeName>Закупка у единственного поставщика (исполнителя, подрядчика)</ns2:purchaseCodeName>
                <ns2:placer>
                    <mainInfo>
                        <fullName>ФЕДЕРАЛЬНОЕ БЮДЖЕТНОЕ УЧРЕЖДЕНИЕ "ГОСУДАРСТВЕННЫЙ ИНСТИТУТ ЛЕКАРСТВЕННЫХ СРЕДСТВ И НАДЛЕЖАЩИХ ПРАКТИК"</fullName>
                        <shortName>ФБУ "ГИЛС И НП"</shortName>
                        <iko>87705035037770501001</iko>
                        <inn>7705035037</inn>
                        <kpp>770501001</kpp>
                        <ogrn>1037705043584</ogrn>
                        <legalAddress>109044, Г МОСКВА, ПЕР ЛАВРОВ, дом 6</legalAddress>
                        <postalAddress>109044, Москва Город, Лавров Переулок, дом 6</postalAddress>
                        <phone>7-495-6764360</phone>
                        <fax>7-495-9113193</fax>
                        <email>info@gilsinp.ru</email>
                        <okato>45286580000</okato>
                        <okpo>00482111</okpo>
                    </mainInfo>
                </ns2:placer>
                <ns2:contact>
                    <firstName>Юрий</firstName>
                    <middleName>Владимирович</middleName>
                    <lastName>Бондаренко</lastName>
                    <phone>+7 (495) 9113860</phone>
                    <email>iura_52@mail.ru</email>
                    <organization>
                        <mainInfo>
                            <fullName>ФЕДЕРАЛЬНОЕ БЮДЖЕТНОЕ УЧРЕЖДЕНИЕ "ГОСУДАРСТВЕННЫЙ ИНСТИТУТ ЛЕКАРСТВЕННЫХ СРЕДСТВ И НАДЛЕЖАЩИХ ПРАКТИК"</fullName>
                            <shortName>ФБУ "ГИЛС И НП"</shortName>
                            <iko>87705035037770501001</iko>
                            <inn>7705035037</inn>
                            <kpp>770501001</kpp>
                            <ogrn>1037705043584</ogrn>
                            <legalAddress>109044, Г МОСКВА, ПЕР ЛАВРОВ, дом 6</legalAddress>
                            <postalAddress>109044, Москва Город, Лавров Переулок, дом 6</postalAddress>
                            <phone>7-495-6764360</phone>
                            <fax>7-495-9113193</fax>
                            <email>info@gilsinp.ru</email>
                            <okato>45286580000</okato>
                            <okpo>00482111</okpo>
                        </mainInfo>
                    </organization>
                </ns2:contact>
                <ns2:publicationDateTime>2017-03-16T14:05:02</ns2:publicationDateTime>
                <ns2:documentationDelivery>
                    <procedure>не предоставляется</procedure>
                </ns2:documentationDelivery>
                <ns2:status>P</ns2:status>
                <ns2:version>1</ns2:version>
                <ns2:notDishonest>false</ns2:notDishonest>
                <ns2:attachments>
                    <totalDocumentsCount>3</totalDocumentsCount>
                    <document>
                        <guid>2dc2a022-4363-4fb6-b4c1-5245d19a76bc</guid>
                        <createDateTime>2017-03-16T14:04:50</createDateTime>
                        <fileName>Расчет НМЦК.docx</fileName>
                        <description>Расчет НМЦК</description>
                        <url>http://zakupki.gov.ru/223/purchase/public/download/download.html?id=30108400</url>
                    </document>
                    <document>
                        <guid>043811cd-2c9a-4d90-9ba1-910f7b363835</guid>
                        <createDateTime>2017-03-16T14:04:43</createDateTime>
                        <fileName>Документация.docx</fileName>
                        <description>Документация</description>
                        <url>http://zakupki.gov.ru/223/purchase/public/download/download.html?id=30108396</url>
                    </document>
                    <document>
                        <guid>fec38bd9-db13-4aed-845e-702b725a5b4d</guid>
                        <createDateTime>2017-03-16T14:04:46</createDateTime>
                        <fileName>Договор.docx</fileName>
                        <description>Договор</description>
                        <url>http://zakupki.gov.ru/223/purchase/public/download/download.html?id=30108398</url>
                    </document>
                </ns2:attachments>
                <ns2:modificationDate>2017-03-16T14:05:02</ns2:modificationDate>
                <ns2:saveUserId>110884</ns2:saveUserId>
                <ns2:deliveryPlaceIndication>SINGLE_PLACE</ns2:deliveryPlaceIndication>
                <ns2:emergency>false</ns2:emergency>
                <ns2:jointPurchase>false</ns2:jointPurchase>
                <ns2:lots>
                    <lot>
                        <guid>cfc8b605-dcd8-4608-82d1-c3dd06204905</guid>
                        <ordinalNumber>1</ordinalNumber>
                        <lotEditEnabled>false</lotEditEnabled>
                        <lotData>
                            <subject>Оказание услуг по разработке проектно-сметной документации (ПСД) на ремонт фасадов строений №5, №15, №17, №18 и №19 в ФБУ «ГИЛС и НП» по адресу: г. Москва, Лавров пер., дом. 6.</subject>
                            <currency>
                                <code>RUB</code>
                                <digitalCode>643</digitalCode>
                                <name>Российский рубль</name>
                            </currency>
                            <initialSum>485000.00</initialSum>
                            <deliveryPlace>
                                <address>г. Москва, Лавров пер., дом. 6.</address>
                            </deliveryPlace>
                            <lotItems>
                                <newCodes>true</newCodes>
                                <lotItem>
                                    <guid>76036614-5a89-4e92-9635-edea0cef31df</guid>
                                    <ordinalNumber>1</ordinalNumber>
                                    <okpd2>
                                        <code>41.10.10.000</code>
                                        <name>Документация проектная для строительства</name>
                                    </okpd2>
                                    <okved2>
                                        <code>41.10</code>
                                        <name>Разработка строительных проектов</name>
                                    </okved2>
                                    <okei>
                                        <code>876</code>
                                        <name>Условная единица</name>
                                    </okei>
                                    <qty>1</qty>
                                </lotItem>
                            </lotItems>
                            <forSmallOrMiddle>false</forSmallOrMiddle>
                            <excludePurchaseFromPlan>false</excludePurchaseFromPlan>
                            <subcontractorsRequirement>false</subcontractorsRequirement>
                            <ignoredPurchase>false</ignoredPurchase>
                            <centralized>false</centralized>
                        </lotData>
                        <deliveryPlaceIndication>GL</deliveryPlaceIndication>
                        <jointLotData>
                            <jointLot>false</jointLot>
                        </jointLotData>
                        <lotPlanInfo>
                            <planRegistrationNumber>2160191330</planRegistrationNumber>
                            <planGuid>f6a2dcb2-a09e-4dc8-b504-12b882452dcd</planGuid>
                            <positionNumber>39</positionNumber>
                            <lotPlanPosition>COMMODITY</lotPlanPosition>
                            <positionGuid>d12bf55b-fed2-49be-9e1c-3029f10f91a3</positionGuid>
                        </lotPlanInfo>
                        <cancelled>false</cancelled>
                    </lot>
                </ns2:lots>
            </ns2:purchaseNoticeEPData>
        </ns2:item>
    </ns2:body>
</ns2:purchaseNoticeEP>
