<?xml version="1.0" encoding="UTF-8" standalone="yes"?>
<ns2:purchaseNoticeEP xsi:schemaLocation="http://zakupki.gov.ru/223/integration/schema/TFF-5.2 http://zakupki.gov.ru/223/integration/schema/TFF-5.2/purchase.xsd" xmlns="http://zakupki.gov.ru/223fz/types/1" xmlns:ns10="http://zakupki.gov.ru/223fz/purchasePlan/1" xmlns:ns11="http://zakupki.gov.ru/223fz/purchasePlanProject/1" xmlns:ns12="http://zakupki.gov.ru/223fz/purchasePlanProjectAdditionalPosition/1" xmlns:ns13="http://zakupki.gov.ru/223fz/contract/1" xmlns:ns14="http://zakupki.gov.ru/223fz/missedNotice/1" xmlns:ns15="http://zakupki.gov.ru/223fz/reference/1" xmlns:ns16="http://zakupki.gov.ru/223fz/stopCommodity/1" xmlns:ns17="http://zakupki.gov.ru/223fz/decisionSuspension/1" xmlns:ns18="http://zakupki.gov.ru/223fz/purchasePlanAdditionalPosition/1" xmlns:ns19="http://zakupki.gov.ru/223fz/webRequest/1" xmlns:ns2="http://zakupki.gov.ru/223fz/purchase/1" xmlns:xsi="http://www.w3.org/2001/XMLSchema-instance" xmlns:ns3="http://zakupki.gov.ru/223fz/dishonestSupplier/1" xmlns:ns4="http://zakupki.gov.ru/223fz/machineryListInfo/1" xmlns:ns5="http://zakupki.gov.ru/223fz/revenue/1" xmlns:ns6="http://zakupki.gov.ru/223fz/orderClauseList/1" xmlns:ns7="http://zakupki.gov.ru/223fz/disagreementProtocol/1" xmlns:ns8="http://zakupki.gov.ru/223fz/complaint/1" xmlns:ns9="http://zakupki.gov.ru/223fz/notificationIssue/1">
    <header>
        <guid>1964bb8d-8f44-4016-b61c-c2d615ffb8d1</guid>
        <createDateTime>2017-03-16T16:48:28</createDateTime>
    </header>
    <ns2:body>
        <ns2:item>
            <guid>d91d54ec-d8bc-4f1d-8a48-94f0e454831d</guid>
            <ns2:purchaseNoticeEPData>
                <ns2:guid>d91d54ec-d8bc-4f1d-8a48-94f0e454831d</ns2:guid>
                <ns2:createDateTime>2017-03-16T16:45:09</ns2:createDateTime>
                <ns2:urlOOS>https://zakupki.gov.ru/223/purchase/private/purchase/notice-info/details.html?noticeInfoId=5887658</ns2:urlOOS>
                <ns2:registrationNumber>31704899363</ns2:registrationNumber>
                <ns2:name>Фотосъемка мероприятий (конкурсы, фестивали)</ns2:name>
                <ns2:customer>
                    <mainInfo>
                        <fullName>ГОСУДАРСТВЕННОЕ АВТОНОМНОЕ УЧРЕЖДЕНИЕ ДОПОЛНИТЕЛЬНОГО ОБРАЗОВАНИЯ ГОРОДА МОСКВЫ "ДЕТСКИЙ МУЗЫКАЛЬНЫЙ ТЕАТР "ДОМИСОЛЬКА"</fullName>
                        <shortName>ГАУДО "ДОМИСОЛЬКА"</shortName>
                        <iko>87734570529773401001</iko>
                        <inn>7734570529</inn>
                        <kpp>773401001</kpp>
                        <ogrn>1077760951916</ogrn>
                        <legalAddress>123298, Г МОСКВА, УЛ БИРЮЗОВА МАРШАЛА, дом 5</legalAddress>
                        <postalAddress>123298, Москва, БИРЮЗОВА МАРШАЛА, дом 5</postalAddress>
                        <phone>7-499-1980983</phone>
                        <email>domisolka@edu.mos.ru</email>
                        <okato>45283587000</okato>
                        <okpo>83112073</okpo>
                    </mainInfo>
                </ns2:customer>
                <ns2:purchaseMethodCode>3363</ns2:purchaseMethodCode>
                <ns2:purchaseCodeName>Закупка у единственного поставщика (исполнителя, подрядчика)</ns2:purchaseCodeName>
                <ns2:placer>
                    <mainInfo>
                        <fullName>ГОСУДАРСТВЕННОЕ АВТОНОМНОЕ УЧРЕЖДЕНИЕ ДОПОЛНИТЕЛЬНОГО ОБРАЗОВАНИЯ ГОРОДА МОСКВЫ "ДЕТСКИЙ МУЗЫКАЛЬНЫЙ ТЕАТР "ДОМИСОЛЬКА"</fullName>
                        <shortName>ГАУДО "ДОМИСОЛЬКА"</shortName>
                        <iko>87734570529773401001</iko>
                        <inn>7734570529</inn>
                        <kpp>773401001</kpp>
                        <ogrn>1077760951916</ogrn>
                        <legalAddress>123298, Г МОСКВА, УЛ БИРЮЗОВА МАРШАЛА, дом 5</legalAddress>
                        <postalAddress>123298, Москва, БИРЮЗОВА МАРШАЛА, дом 5</postalAddress>
                        <phone>7-499-1980983</phone>
                        <email>domisolka@edu.mos.ru</email>
                        <okato>45283587000</okato>
                        <okpo>83112073</okpo>
                    </mainInfo>
                </ns2:placer>
                <ns2:contact>
                    <firstName>Лада</firstName>
                    <middleName>Евгеньевна</middleName>
                    <lastName>Гайфуллина</lastName>
                    <phone>+7 (499) 1980983</phone>
                    <email>domisolka@edu.mos.ru</email>
                    <organization>
                        <mainInfo>
                            <fullName>ГОСУДАРСТВЕННОЕ АВТОНОМНОЕ УЧРЕЖДЕНИЕ ДОПОЛНИТЕЛЬНОГО ОБРАЗОВАНИЯ ГОРОДА МОСКВЫ "ДЕТСКИЙ МУЗЫКАЛЬНЫЙ ТЕАТР "ДОМИСОЛЬКА"</fullName>
                            <shortName>ГАУДО "ДОМИСОЛЬКА"</shortName>
                            <iko>87734570529773401001</iko>
                            <inn>7734570529</inn>
                            <kpp>773401001</kpp>
                            <ogrn>1077760951916</ogrn>
                            <legalAddress>123298, Г МОСКВА, УЛ БИРЮЗОВА МАРШАЛА, дом 5</legalAddress>
                            <postalAddress>123298, Москва, БИРЮЗОВА МАРШАЛА, дом 5</postalAddress>
                            <phone>7-499-1980983</phone>
                            <email>domisolka@edu.mos.ru</email>
                            <okato>45283587000</okato>
                            <okpo>83112073</okpo>
                        </mainInfo>
                    </organization>
                </ns2:contact>
                <ns2:publicationDateTime>2017-03-16T16:48:28</ns2:publicationDateTime>
                <ns2:documentationDelivery/>
                <ns2:status>P</ns2:status>
                <ns2:version>1</ns2:version>
                <ns2:notDishonest>false</ns2:notDishonest>
                <ns2:attachments>
                    <totalDocumentsCount>1</totalDocumentsCount>
                    <document>
                        <guid>b641aeec-2051-4516-9872-fe6a1548f35d</guid>
                        <createDateTime>2017-03-16T16:48:01</createDateTime>
                        <fileName>Извещение Ед.поставщик 60 100,00.docx</fileName>
                        <description>Извещение Ед.поставщик 60 100,00</description>
                        <url>http://zakupki.gov.ru/223/purchase/public/download/download.html?id=30117742</url>
                    </document>
                </ns2:attachments>
                <ns2:modificationDate>2017-03-16T16:48:28</ns2:modificationDate>
                <ns2:saveUserId>224544</ns2:saveUserId>
                <ns2:deliveryPlaceIndication>SINGLE_PLACE</ns2:deliveryPlaceIndication>
                <ns2:emergency>false</ns2:emergency>
                <ns2:jointPurchase>false</ns2:jointPurchase>
                <ns2:lots>
                    <lot>
                        <guid>80a518a0-ef01-45b4-a22b-5c49eecb97f7</guid>
                        <ordinalNumber>1</ordinalNumber>
                        <lotEditEnabled>false</lotEditEnabled>
                        <lotData>
                            <subject>Услуги по фотосъемки мероприятий</subject>
                            <currency>
                                <code>RUB</code>
                                <digitalCode>643</digitalCode>
                                <name>Российский рубль</name>
                            </currency>
                            <initialSum>60100.00</initialSum>
                            <deliveryPlace>
                                <state>Центральный федеральный округ</state>
                                <region>Москва</region>
                                <regionOkato>45000000000</regionOkato>
                                <address>Маршала Бирюзова, дом 5</address>
                            </deliveryPlace>
                            <lotItems>
                                <newCodes>true</newCodes>
                                <lotItem>
                                    <guid>7381be90-bcb6-49f5-81f1-f0cc510696c6</guid>
                                    <ordinalNumber>1</ordinalNumber>
                                    <okpd2>
                                        <code>Подраздел KA</code>
                                        <name>УСЛУГИ, СВЯЗАННЫЕ С НЕДВИЖИМЫМ ИМУЩЕСТВОМ, АРЕНДОЙ, ВЫЧИСЛИТЕЛЬНОЙ ТЕХНИКОЙ, НАУЧНЫМИ ИССЛЕДОВАНИЯМИ, ПРОЧИЕ УСЛУГИ, СВЯЗАННЫЕ С ПРЕДПРИНИМАТЕЛЬСКОЙ ДЕЯТЕЛЬНОСТЬЮ</name>
                                    </okpd2>
                                    <okved2>
                                        <code>74.20</code>
                                        <name>Деятельность в области фотографии</name>
                                    </okved2>
                                    <okei>
                                        <code>876</code>
                                        <name>Условная единица</name>
                                    </okei>
                                    <qty>1</qty>
                                </lotItem>
                            </lotItems>
                            <forSmallOrMiddle>false</forSmallOrMiddle>
                            <excludePurchaseFromPlan>false</excludePurchaseFromPlan>
                            <subcontractorsRequirement>false</subcontractorsRequirement>
                            <ignoredPurchase>false</ignoredPurchase>
                            <centralized>false</centralized>
                        </lotData>
                        <deliveryPlaceIndication>GL</deliveryPlaceIndication>
                        <jointLotData>
                            <jointLot>false</jointLot>
                        </jointLotData>
                        <lotPlanInfo>
                            <planRegistrationNumber>2160210351</planRegistrationNumber>
                            <planGuid>1af98591-4867-476b-b95f-f5a300916a2c</planGuid>
                            <positionNumber>42</positionNumber>
                            <lotPlanPosition>COMMODITY</lotPlanPosition>
                            <positionGuid>49ed3b41-3ea3-43a9-b59c-f61554cf6ef0</positionGuid>
                        </lotPlanInfo>
                        <cancelled>false</cancelled>
                    </lot>
                </ns2:lots>
            </ns2:purchaseNoticeEPData>
        </ns2:item>
    </ns2:body>
</ns2:purchaseNoticeEP>
