<?xml version="1.0" encoding="UTF-8" standalone="yes"?>
<ns2:purchaseNoticeEP xsi:schemaLocation="http://zakupki.gov.ru/223/integration/schema/TFF-5.2 http://zakupki.gov.ru/223/integration/schema/TFF-5.2/purchase.xsd" xmlns="http://zakupki.gov.ru/223fz/types/1" xmlns:ns10="http://zakupki.gov.ru/223fz/purchasePlan/1" xmlns:ns11="http://zakupki.gov.ru/223fz/purchasePlanProject/1" xmlns:ns12="http://zakupki.gov.ru/223fz/purchasePlanProjectAdditionalPosition/1" xmlns:ns13="http://zakupki.gov.ru/223fz/contract/1" xmlns:ns14="http://zakupki.gov.ru/223fz/missedNotice/1" xmlns:ns15="http://zakupki.gov.ru/223fz/reference/1" xmlns:ns16="http://zakupki.gov.ru/223fz/stopCommodity/1" xmlns:ns17="http://zakupki.gov.ru/223fz/decisionSuspension/1" xmlns:ns18="http://zakupki.gov.ru/223fz/purchasePlanAdditionalPosition/1" xmlns:ns19="http://zakupki.gov.ru/223fz/webRequest/1" xmlns:ns2="http://zakupki.gov.ru/223fz/purchase/1" xmlns:xsi="http://www.w3.org/2001/XMLSchema-instance" xmlns:ns3="http://zakupki.gov.ru/223fz/dishonestSupplier/1" xmlns:ns4="http://zakupki.gov.ru/223fz/machineryListInfo/1" xmlns:ns5="http://zakupki.gov.ru/223fz/revenue/1" xmlns:ns6="http://zakupki.gov.ru/223fz/orderClauseList/1" xmlns:ns7="http://zakupki.gov.ru/223fz/disagreementProtocol/1" xmlns:ns8="http://zakupki.gov.ru/223fz/complaint/1" xmlns:ns9="http://zakupki.gov.ru/223fz/notificationIssue/1">
    <header>
        <guid>18e497ee-8cc0-44a5-bd16-597cf0619261</guid>
        <createDateTime>2017-03-16T15:34:45</createDateTime>
    </header>
    <ns2:body>
        <ns2:item>
            <guid>a0d64251-8c85-434d-baec-5af9abd7bd75</guid>
            <ns2:purchaseNoticeEPData>
                <ns2:guid>a0d64251-8c85-434d-baec-5af9abd7bd75</ns2:guid>
                <ns2:createDateTime>2017-03-16T15:30:41</ns2:createDateTime>
                <ns2:urlOOS>https://zakupki.gov.ru/223/purchase/private/purchase/notice-info/details.html?noticeInfoId=5886839</ns2:urlOOS>
                <ns2:registrationNumber>31704898659</ns2:registrationNumber>
                <ns2:name>Продление на 1 год update subscription на ПО NanoCAD Механика ( 1 раб.место)</ns2:name>
                <ns2:customer>
                    <mainInfo>
                        <fullName>АКЦИОНЕРНОЕ ОБЩЕСТВО "РОССИЙСКАЯ САМОЛЕТОСТРОИТЕЛЬНАЯ КОРПОРАЦИЯ "МИГ"</fullName>
                        <shortName>АО "РСК "МИГ"</shortName>
                        <iko>67714733528771401001</iko>
                        <inn>7714733528</inn>
                        <kpp>771401001</kpp>
                        <ogrn>1087746371844</ogrn>
                        <legalAddress>125284, Г МОСКВА, ПР БОТКИНСКИЙ 1-Й, дом 7</legalAddress>
                        <postalAddress>125284, Москва, Боткинский 1-й, дом 7</postalAddress>
                        <phone>7-499-7218100-7632</phone>
                        <email>v.davydov@rsk-mig.ru</email>
                        <okato>45277556000</okato>
                        <okpo>42836853</okpo>
                    </mainInfo>
                </ns2:customer>
                <ns2:purchaseMethodCode>3363</ns2:purchaseMethodCode>
                <ns2:purchaseCodeName>Закупка у единственного поставщика (исполнителя, подрядчика)</ns2:purchaseCodeName>
                <ns2:placer>
                    <mainInfo>
                        <fullName>АКЦИОНЕРНОЕ ОБЩЕСТВО "РОССИЙСКАЯ САМОЛЕТОСТРОИТЕЛЬНАЯ КОРПОРАЦИЯ "МИГ"</fullName>
                        <shortName>АО "РСК "МИГ"</shortName>
                        <iko>67714733528771401001</iko>
                        <inn>7714733528</inn>
                        <kpp>771401001</kpp>
                        <ogrn>1087746371844</ogrn>
                        <legalAddress>125284, Г МОСКВА, ПР БОТКИНСКИЙ 1-Й, дом 7</legalAddress>
                        <postalAddress>125284, Москва, Боткинский 1-й, дом 7</postalAddress>
                        <phone>7-499-7218100-7632</phone>
                        <email>v.davydov@rsk-mig.ru</email>
                        <okato>45277556000</okato>
                        <okpo>42836853</okpo>
                    </mainInfo>
                </ns2:placer>
                <ns2:contact>
                    <firstName>Геннадий </firstName>
                    <middleName>Борисович</middleName>
                    <lastName>Калашников</lastName>
                    <phone>+7 (831) 2293333</phone>
                    <email>kgb@sokolnn.ru</email>
                    <organization>
                        <mainInfo>
                            <fullName>АКЦИОНЕРНОЕ ОБЩЕСТВО "РОССИЙСКАЯ САМОЛЕТОСТРОИТЕЛЬНАЯ КОРПОРАЦИЯ "МИГ"</fullName>
                            <shortName>АО "РСК "МИГ"</shortName>
                            <iko>67714733528771401001</iko>
                            <inn>7714733528</inn>
                            <kpp>771401001</kpp>
                            <ogrn>1087746371844</ogrn>
                            <legalAddress>125284, Г МОСКВА, ПР БОТКИНСКИЙ 1-Й, дом 7</legalAddress>
                            <postalAddress>125284, Москва, Боткинский 1-й, дом 7</postalAddress>
                            <phone>7-499-7218100-7632</phone>
                            <email>v.davydov@rsk-mig.ru</email>
                            <okato>45277556000</okato>
                            <okpo>42836853</okpo>
                        </mainInfo>
                    </organization>
                </ns2:contact>
                <ns2:publicationDateTime>2017-03-16T15:34:45</ns2:publicationDateTime>
                <ns2:documentationDelivery>
                    <procedure>иная документация по закупке не предоставляется</procedure>
                </ns2:documentationDelivery>
                <ns2:status>P</ns2:status>
                <ns2:version>1</ns2:version>
                <ns2:notDishonest>false</ns2:notDishonest>
                <ns2:attachments>
                    <totalDocumentsCount>1</totalDocumentsCount>
                    <document>
                        <guid>5753b5fa-2298-4671-a11e-2975616edc83</guid>
                        <createDateTime>2017-03-16T15:34:19</createDateTime>
                        <fileName>нанософт 996 80 шт.docx</fileName>
                        <description>нанософт 996 80 шт</description>
                        <url>http://zakupki.gov.ru/223/purchase/public/download/download.html?id=30113817</url>
                    </document>
                </ns2:attachments>
                <ns2:modificationDate>2017-03-16T15:34:45</ns2:modificationDate>
                <ns2:saveUserId>262788</ns2:saveUserId>
                <ns2:deliveryPlaceIndication>SINGLE_PLACE</ns2:deliveryPlaceIndication>
                <ns2:emergency>false</ns2:emergency>
                <ns2:jointPurchase>false</ns2:jointPurchase>
                <ns2:lots>
                    <lot>
                        <guid>4a263fb4-b63b-47d3-aaa4-3bec4e86ff7a</guid>
                        <ordinalNumber>1</ordinalNumber>
                        <lotEditEnabled>false</lotEditEnabled>
                        <lotData>
                            <subject>Продление на 1 год update subscription на ПО NanoCAD Механика ( 1 раб.место)</subject>
                            <currency>
                                <code>RUB</code>
                                <digitalCode>643</digitalCode>
                                <name>Российский рубль</name>
                            </currency>
                            <initialSum>996000.00</initialSum>
                            <deliveryPlace>
                                <state>Приволжский федеральный округ</state>
                                <region>Нижегородская   обл</region>
                                <regionOkato>22000000000</regionOkato>
                                <address>г.Нижний Новгород ул.Чаадаева д.1</address>
                            </deliveryPlace>
                            <lotItems>
                                <newCodes>true</newCodes>
                                <lotItem>
                                    <guid>8e937a91-c1eb-48b2-8954-5663c78eb202</guid>
                                    <ordinalNumber>1</ordinalNumber>
                                    <okpd2>
                                        <code>62.01.29.000</code>
                                        <name>Оригиналы программного обеспечения прочие</name>
                                    </okpd2>
                                    <okved2>
                                        <code>62.09</code>
                                        <name>Деятельность, связанная с использованием вычислительной техники и информационных технологий, прочая</name>
                                    </okved2>
                                    <okei>
                                        <code>796</code>
                                        <name>Штука</name>
                                    </okei>
                                    <qty>80</qty>
                                </lotItem>
                            </lotItems>
                            <forSmallOrMiddle>false</forSmallOrMiddle>
                            <excludePurchaseFromPlan>false</excludePurchaseFromPlan>
                            <subcontractorsRequirement>false</subcontractorsRequirement>
                            <ignoredPurchase>false</ignoredPurchase>
                            <centralized>false</centralized>
                        </lotData>
                        <deliveryPlaceIndication>GL</deliveryPlaceIndication>
                        <jointLotData>
                            <jointLot>false</jointLot>
                        </jointLotData>
                        <lotPlanInfo>
                            <planRegistrationNumber>2160209569</planRegistrationNumber>
                            <planGuid>5db69a3a-21dc-48d4-b180-38651225c46f</planGuid>
                            <positionNumber>1692</positionNumber>
                            <lotPlanPosition>COMMODITY</lotPlanPosition>
                            <positionGuid>da8a32ab-8944-406a-9df9-46ad94426cbe</positionGuid>
                        </lotPlanInfo>
                        <cancelled>false</cancelled>
                    </lot>
                </ns2:lots>
            </ns2:purchaseNoticeEPData>
        </ns2:item>
    </ns2:body>
</ns2:purchaseNoticeEP>
