<?xml version="1.0" encoding="UTF-8" standalone="yes"?>
<ns2:purchaseNoticeEP xsi:schemaLocation="http://zakupki.gov.ru/223/integration/schema/TFF-5.2 http://zakupki.gov.ru/223/integration/schema/TFF-5.2/purchase.xsd" xmlns="http://zakupki.gov.ru/223fz/types/1" xmlns:ns10="http://zakupki.gov.ru/223fz/purchasePlan/1" xmlns:ns11="http://zakupki.gov.ru/223fz/purchasePlanProject/1" xmlns:ns12="http://zakupki.gov.ru/223fz/purchasePlanProjectAdditionalPosition/1" xmlns:ns13="http://zakupki.gov.ru/223fz/contract/1" xmlns:ns14="http://zakupki.gov.ru/223fz/missedNotice/1" xmlns:ns15="http://zakupki.gov.ru/223fz/reference/1" xmlns:ns16="http://zakupki.gov.ru/223fz/stopCommodity/1" xmlns:ns17="http://zakupki.gov.ru/223fz/decisionSuspension/1" xmlns:ns18="http://zakupki.gov.ru/223fz/purchasePlanAdditionalPosition/1" xmlns:ns19="http://zakupki.gov.ru/223fz/webRequest/1" xmlns:ns2="http://zakupki.gov.ru/223fz/purchase/1" xmlns:xsi="http://www.w3.org/2001/XMLSchema-instance" xmlns:ns3="http://zakupki.gov.ru/223fz/dishonestSupplier/1" xmlns:ns4="http://zakupki.gov.ru/223fz/machineryListInfo/1" xmlns:ns5="http://zakupki.gov.ru/223fz/revenue/1" xmlns:ns6="http://zakupki.gov.ru/223fz/orderClauseList/1" xmlns:ns7="http://zakupki.gov.ru/223fz/disagreementProtocol/1" xmlns:ns8="http://zakupki.gov.ru/223fz/complaint/1" xmlns:ns9="http://zakupki.gov.ru/223fz/notificationIssue/1">
    <header>
        <guid>579fdb9d-f219-4c43-8962-8650003277da</guid>
        <createDateTime>2017-03-16T12:46:29</createDateTime>
    </header>
    <ns2:body>
        <ns2:item>
            <guid>4946e708-c473-4ff9-8f7a-0c92f77a11f0</guid>
            <ns2:purchaseNoticeEPData>
                <ns2:guid>4946e708-c473-4ff9-8f7a-0c92f77a11f0</ns2:guid>
                <ns2:createDateTime>2017-03-16T12:32:02</ns2:createDateTime>
                <ns2:urlOOS>https://zakupki.gov.ru/223/purchase/private/purchase/notice-info/details.html?noticeInfoId=5884773</ns2:urlOOS>
                <ns2:registrationNumber>31704897112</ns2:registrationNumber>
                <ns2:name>Работы по периодическим (Эксплуатационным) испытаниям электрооборудования в ГБУЗ "ПКБ №3 ДЗМ"</ns2:name>
                <ns2:customer>
                    <mainInfo>
                        <fullName>ГОСУДАРСТВЕННОЕ БЮДЖЕТНОЕ УЧРЕЖДЕНИЕ ЗДРАВООХРАНЕНИЯ ГОРОДА МОСКВЫ "ПСИХИАТРИЧЕСКАЯ КЛИНИЧЕСКАЯ БОЛЬНИЦА № 3 ИМ. В. А. ГИЛЯРОВСКОГО ДЕПАРТАМЕНТА ЗДРАВООХРАНЕНИЯ ГОРОДА МОСКВЫ"</fullName>
                        <shortName>ГБУЗ "ПКБ № 3 ДЗМ"</shortName>
                        <iko>57718114173771801001</iko>
                        <inn>7718114173</inn>
                        <kpp>771801001</kpp>
                        <ogrn>1027700497989</ogrn>
                        <legalAddress>107076, Г МОСКВА, УЛ МАТРОССКАЯ ТИШИНА, дом 20</legalAddress>
                        <postalAddress>107076, г. Москва, ул. Матросская Тишина, д. 20</postalAddress>
                        <phone>7-499-2680416</phone>
                        <email>KostyukGP@zdrav.mos.ru</email>
                        <okato>45263591000</okato>
                        <okpo>01933768</okpo>
                    </mainInfo>
                </ns2:customer>
                <ns2:purchaseMethodCode>3363</ns2:purchaseMethodCode>
                <ns2:purchaseCodeName>Закупка у единственного поставщика (исполнителя, подрядчика)</ns2:purchaseCodeName>
                <ns2:placer>
                    <mainInfo>
                        <fullName>ГОСУДАРСТВЕННОЕ БЮДЖЕТНОЕ УЧРЕЖДЕНИЕ ЗДРАВООХРАНЕНИЯ ГОРОДА МОСКВЫ "ПСИХИАТРИЧЕСКАЯ КЛИНИЧЕСКАЯ БОЛЬНИЦА № 3 ИМ. В. А. ГИЛЯРОВСКОГО ДЕПАРТАМЕНТА ЗДРАВООХРАНЕНИЯ ГОРОДА МОСКВЫ"</fullName>
                        <shortName>ГБУЗ "ПКБ № 3 ДЗМ"</shortName>
                        <iko>57718114173771801001</iko>
                        <inn>7718114173</inn>
                        <kpp>771801001</kpp>
                        <ogrn>1027700497989</ogrn>
                        <legalAddress>107076, Г МОСКВА, УЛ МАТРОССКАЯ ТИШИНА, дом 20</legalAddress>
                        <postalAddress>107076, г. Москва, ул. Матросская Тишина, д. 20</postalAddress>
                        <phone>7-499-2680416</phone>
                        <email>KostyukGP@zdrav.mos.ru</email>
                        <okato>45263591000</okato>
                        <okpo>01933768</okpo>
                    </mainInfo>
                </ns2:placer>
                <ns2:contact>
                    <firstName>Георгий </firstName>
                    <middleName>Николаевич</middleName>
                    <lastName>Гуляченков</lastName>
                    <phone>+7 (499) 7480293</phone>
                    <email>GulyachenkovGN@zdrav.mos.ru</email>
                    <organization>
                        <mainInfo>
                            <fullName>ГОСУДАРСТВЕННОЕ БЮДЖЕТНОЕ УЧРЕЖДЕНИЕ ЗДРАВООХРАНЕНИЯ ГОРОДА МОСКВЫ "ПСИХИАТРИЧЕСКАЯ КЛИНИЧЕСКАЯ БОЛЬНИЦА № 3 ИМ. В. А. ГИЛЯРОВСКОГО ДЕПАРТАМЕНТА ЗДРАВООХРАНЕНИЯ ГОРОДА МОСКВЫ"</fullName>
                            <shortName>ГБУЗ "ПКБ № 3 ДЗМ"</shortName>
                            <iko>57718114173771801001</iko>
                            <inn>7718114173</inn>
                            <kpp>771801001</kpp>
                            <ogrn>1027700497989</ogrn>
                            <legalAddress>107076, Г МОСКВА, УЛ МАТРОССКАЯ ТИШИНА, дом 20</legalAddress>
                            <postalAddress>107076, г. Москва, ул. Матросская Тишина, д. 20</postalAddress>
                            <phone>7-499-2680416</phone>
                            <email>KostyukGP@zdrav.mos.ru</email>
                            <okato>45263591000</okato>
                            <okpo>01933768</okpo>
                        </mainInfo>
                    </organization>
                </ns2:contact>
                <ns2:publicationDateTime>2017-03-16T12:46:29</ns2:publicationDateTime>
                <ns2:documentationDelivery>
                    <deliveryStartDateTime>2017-03-16</deliveryStartDateTime>
                    <deliveryEndDateTime>2017-03-16</deliveryEndDateTime>
                </ns2:documentationDelivery>
                <ns2:status>P</ns2:status>
                <ns2:version>1</ns2:version>
                <ns2:notDishonest>true</ns2:notDishonest>
                <ns2:attachments>
                    <totalDocumentsCount>1</totalDocumentsCount>
                    <document>
                        <guid>7687183d-5a28-44e1-bb4b-99cb8237c694</guid>
                        <createDateTime>2017-03-16T12:39:13</createDateTime>
                        <fileName>Договор (Работы по периодическим (Эксплуатационным) испытаниям электрооборудования) 04-17И.pdf</fileName>
                        <description>Договор (Работы по периодическим (Эксплуатационным) испытаниям электрооборудования) 04-17И</description>
                        <url>http://zakupki.gov.ru/223/purchase/public/download/download.html?id=30104015</url>
                    </document>
                </ns2:attachments>
                <ns2:modificationDate>2017-03-16T12:46:29</ns2:modificationDate>
                <ns2:saveUserId>190504</ns2:saveUserId>
                <ns2:deliveryPlaceIndication>SINGLE_PLACE</ns2:deliveryPlaceIndication>
                <ns2:emergency>false</ns2:emergency>
                <ns2:jointPurchase>false</ns2:jointPurchase>
                <ns2:lots>
                    <lot>
                        <guid>1edc9468-1893-4e10-8a8b-55a4881d0eac</guid>
                        <ordinalNumber>1</ordinalNumber>
                        <lotEditEnabled>false</lotEditEnabled>
                        <lotData>
                            <subject>Работы по периодическим (Эксплуатационным) испытаниям  электрооборудования в ГБУЗ "ПКБ №3 ДЗМ"</subject>
                            <currency>
                                <code>RUB</code>
                                <digitalCode>643</digitalCode>
                                <name>Российский рубль</name>
                            </currency>
                            <initialSum>286297.91</initialSum>
                            <deliveryPlace>
                                <state>Центральный федеральный округ</state>
                                <region>Москва</region>
                                <regionOkato>45000000000</regionOkato>
                                <address>г. Москва, 8-я ул. Соколиной горы д.28г. Москва, Измайловский пр-кт, д.71</address>
                            </deliveryPlace>
                            <lotItems>
                                <newCodes>true</newCodes>
                                <lotItem>
                                    <guid>6e058b4e-cb57-4984-af08-ba87b9873382</guid>
                                    <ordinalNumber>1</ordinalNumber>
                                    <okpd2>
                                        <code>71.12.11.000</code>
                                        <name>Услуги в виде научно-технических консультаций</name>
                                    </okpd2>
                                    <okved2>
                                        <code>71</code>
                                        <name>Деятельность в области архитектуры и инженерно-технического проектирования; технических испытаний, исследований и анализа</name>
                                    </okved2>
                                    <okei>
                                        <code>876</code>
                                        <name>Условная единица</name>
                                    </okei>
                                    <qty>1</qty>
                                </lotItem>
                            </lotItems>
                            <forSmallOrMiddle>true</forSmallOrMiddle>
                            <excludePurchaseFromPlan>false</excludePurchaseFromPlan>
                            <subcontractorsRequirement>false</subcontractorsRequirement>
                            <ignoredPurchase>false</ignoredPurchase>
                            <centralized>false</centralized>
                        </lotData>
                        <deliveryPlaceIndication>GL</deliveryPlaceIndication>
                        <jointLotData>
                            <jointLot>false</jointLot>
                        </jointLotData>
                        <lotPlanInfo>
                            <planRegistrationNumber>2160194262</planRegistrationNumber>
                            <planGuid>3f5d6cdb-0140-4978-ad55-1c12e48a4313</planGuid>
                            <positionNumber>13</positionNumber>
                            <lotPlanPosition>COMMODITY</lotPlanPosition>
                            <positionGuid>b131cf51-2e0b-40c1-bdf2-73a261c95c6f</positionGuid>
                        </lotPlanInfo>
                        <cancelled>false</cancelled>
                    </lot>
                </ns2:lots>
            </ns2:purchaseNoticeEPData>
        </ns2:item>
    </ns2:body>
</ns2:purchaseNoticeEP>
