<?xml version="1.0" encoding="UTF-8" standalone="yes"?>
<ns2:purchaseNoticeEP xsi:schemaLocation="http://zakupki.gov.ru/223/integration/schema/TFF-5.2 http://zakupki.gov.ru/223/integration/schema/TFF-5.2/purchase.xsd" xmlns="http://zakupki.gov.ru/223fz/types/1" xmlns:ns10="http://zakupki.gov.ru/223fz/purchasePlan/1" xmlns:ns11="http://zakupki.gov.ru/223fz/purchasePlanProject/1" xmlns:ns12="http://zakupki.gov.ru/223fz/purchasePlanProjectAdditionalPosition/1" xmlns:ns13="http://zakupki.gov.ru/223fz/contract/1" xmlns:ns14="http://zakupki.gov.ru/223fz/missedNotice/1" xmlns:ns15="http://zakupki.gov.ru/223fz/reference/1" xmlns:ns16="http://zakupki.gov.ru/223fz/stopCommodity/1" xmlns:ns17="http://zakupki.gov.ru/223fz/decisionSuspension/1" xmlns:ns18="http://zakupki.gov.ru/223fz/purchasePlanAdditionalPosition/1" xmlns:ns19="http://zakupki.gov.ru/223fz/webRequest/1" xmlns:ns2="http://zakupki.gov.ru/223fz/purchase/1" xmlns:xsi="http://www.w3.org/2001/XMLSchema-instance" xmlns:ns3="http://zakupki.gov.ru/223fz/dishonestSupplier/1" xmlns:ns4="http://zakupki.gov.ru/223fz/machineryListInfo/1" xmlns:ns5="http://zakupki.gov.ru/223fz/revenue/1" xmlns:ns6="http://zakupki.gov.ru/223fz/orderClauseList/1" xmlns:ns7="http://zakupki.gov.ru/223fz/disagreementProtocol/1" xmlns:ns8="http://zakupki.gov.ru/223fz/complaint/1" xmlns:ns9="http://zakupki.gov.ru/223fz/notificationIssue/1">
    <header>
        <guid>6925c63f-6219-41a7-828e-a1721fe8a102</guid>
        <createDateTime>2017-03-16T16:34:59</createDateTime>
    </header>
    <ns2:body>
        <ns2:item>
            <guid>4990eace-7a6d-4ac7-9e57-9340a3a6789c</guid>
            <ns2:purchaseNoticeEPData>
                <ns2:guid>4990eace-7a6d-4ac7-9e57-9340a3a6789c</ns2:guid>
                <ns2:createDateTime>2017-03-16T16:29:25</ns2:createDateTime>
                <ns2:urlOOS>https://zakupki.gov.ru/223/purchase/private/purchase/notice-info/details.html?noticeInfoId=5887517</ns2:urlOOS>
                <ns2:registrationNumber>31704899253</ns2:registrationNumber>
                <ns2:name>Оказание услуг по организации участия в конференции по теме "IT-SUMMIT-2017. Встреча лидеров индустрии"</ns2:name>
                <ns2:customer>
                    <mainInfo>
                        <fullName>ФЕДЕРАЛЬНОЕ ГОСУДАРСТВЕННОЕ АВТОНОМНОЕ ОБРАЗОВАТЕЛЬНОЕ УЧРЕЖДЕНИЕ ВЫСШЕГО ОБРАЗОВАНИЯ "НАЦИОНАЛЬНЫЙ ИССЛЕДОВАТЕЛЬСКИЙ УНИВЕРСИТЕТ "МОСКОВСКИЙ ИНСТИТУТ ЭЛЕКТРОННОЙ ТЕХНИКИ"</fullName>
                        <shortName>МИЭТ</shortName>
                        <iko>57735041133773501001</iko>
                        <inn>7735041133</inn>
                        <kpp>773501001</kpp>
                        <ogrn>1027739615584</ogrn>
                        <legalAddress>124498, г МОСКВА, г ЗЕЛЕНОГРАД, пл ШОКИНА, дом 1</legalAddress>
                        <postalAddress>124498, дом 1</postalAddress>
                        <phone>7-499-7312736</phone>
                        <fax>7-499-7102233</fax>
                        <email>netadm@miee.ru</email>
                        <okato>45272576000</okato>
                        <okpo>02066552</okpo>
                    </mainInfo>
                </ns2:customer>
                <ns2:purchaseMethodCode>3363</ns2:purchaseMethodCode>
                <ns2:purchaseCodeName>Закупка у единственного поставщика (исполнителя, подрядчика)</ns2:purchaseCodeName>
                <ns2:placer>
                    <mainInfo>
                        <fullName>ФЕДЕРАЛЬНОЕ ГОСУДАРСТВЕННОЕ АВТОНОМНОЕ ОБРАЗОВАТЕЛЬНОЕ УЧРЕЖДЕНИЕ ВЫСШЕГО ОБРАЗОВАНИЯ "НАЦИОНАЛЬНЫЙ ИССЛЕДОВАТЕЛЬСКИЙ УНИВЕРСИТЕТ "МОСКОВСКИЙ ИНСТИТУТ ЭЛЕКТРОННОЙ ТЕХНИКИ"</fullName>
                        <shortName>МИЭТ</shortName>
                        <iko>57735041133773501001</iko>
                        <inn>7735041133</inn>
                        <kpp>773501001</kpp>
                        <ogrn>1027739615584</ogrn>
                        <legalAddress>124498, г МОСКВА, г ЗЕЛЕНОГРАД, пл ШОКИНА, дом 1</legalAddress>
                        <postalAddress>124498, дом 1</postalAddress>
                        <phone>7-499-7312736</phone>
                        <fax>7-499-7102233</fax>
                        <email>netadm@miee.ru</email>
                        <okato>45272576000</okato>
                        <okpo>02066552</okpo>
                    </mainInfo>
                </ns2:placer>
                <ns2:contact>
                    <firstName>Мария </firstName>
                    <middleName>Валерьевна</middleName>
                    <lastName>Иванова </lastName>
                    <phone>+8 (499) 7311647</phone>
                    <fax>+8 (499) 7311647</fax>
                    <email>mari-iv@mail.ru</email>
                    <organization>
                        <mainInfo>
                            <fullName>ФЕДЕРАЛЬНОЕ ГОСУДАРСТВЕННОЕ АВТОНОМНОЕ ОБРАЗОВАТЕЛЬНОЕ УЧРЕЖДЕНИЕ ВЫСШЕГО ОБРАЗОВАНИЯ "НАЦИОНАЛЬНЫЙ ИССЛЕДОВАТЕЛЬСКИЙ УНИВЕРСИТЕТ "МОСКОВСКИЙ ИНСТИТУТ ЭЛЕКТРОННОЙ ТЕХНИКИ"</fullName>
                            <shortName>МИЭТ</shortName>
                            <iko>57735041133773501001</iko>
                            <inn>7735041133</inn>
                            <kpp>773501001</kpp>
                            <ogrn>1027739615584</ogrn>
                            <legalAddress>124498, г МОСКВА, г ЗЕЛЕНОГРАД, пл ШОКИНА, дом 1</legalAddress>
                            <postalAddress>124498, дом 1</postalAddress>
                            <phone>7-499-7312736</phone>
                            <fax>7-499-7102233</fax>
                            <email>netadm@miee.ru</email>
                            <okato>45272576000</okato>
                            <okpo>02066552</okpo>
                        </mainInfo>
                    </organization>
                </ns2:contact>
                <ns2:publicationDateTime>2017-03-16T16:34:59</ns2:publicationDateTime>
                <ns2:documentationDelivery/>
                <ns2:status>P</ns2:status>
                <ns2:version>1</ns2:version>
                <ns2:notDishonest>true</ns2:notDishonest>
                <ns2:attachments>
                    <totalDocumentsCount>2</totalDocumentsCount>
                    <document>
                        <guid>0d53ca3f-878d-44db-9375-15267c077b12</guid>
                        <createDateTime>2017-03-16T16:34:42</createDateTime>
                        <fileName>Извещение  047.doc</fileName>
                        <description>Извещение  047</description>
                        <url>http://zakupki.gov.ru/223/purchase/public/download/download.html?id=30117059</url>
                    </document>
                    <document>
                        <guid>23c06ed5-0f47-49c5-ba16-5d0f6121feb3</guid>
                        <createDateTime>2017-03-16T16:34:31</createDateTime>
                        <fileName>Документация 047.doc</fileName>
                        <description>Документация 047</description>
                        <url>http://zakupki.gov.ru/223/purchase/public/download/download.html?id=30117048</url>
                    </document>
                </ns2:attachments>
                <ns2:modificationDate>2017-03-16T16:34:59</ns2:modificationDate>
                <ns2:saveUserId>41814</ns2:saveUserId>
                <ns2:deliveryPlaceIndication>DIFFERENT_PLACE</ns2:deliveryPlaceIndication>
                <ns2:emergency>false</ns2:emergency>
                <ns2:jointPurchase>false</ns2:jointPurchase>
                <ns2:lots>
                    <lot>
                        <guid>242a4927-9855-4e06-ad0c-ab6a052f6055</guid>
                        <ordinalNumber>1</ordinalNumber>
                        <lotEditEnabled>false</lotEditEnabled>
                        <lotData>
                            <subject>Оказание услуг по организации участия в конференции по теме "IT-SUMMIT-2017. Встреча лидеров индустрии"</subject>
                            <currency>
                                <code>RUB</code>
                                <digitalCode>643</digitalCode>
                                <name>Российский рубль</name>
                            </currency>
                            <initialSum>135355.00</initialSum>
                            <deliveryPlace>
                                <state>Южный федеральный округ</state>
                                <region>Краснодарский край</region>
                                <regionOkato>03000000000</regionOkato>
                                <address> г. Сочи, Адлерский район</address>
                            </deliveryPlace>
                            <lotItems>
                                <newCodes>true</newCodes>
                                <lotItem>
                                    <guid>b5d479c1-ff54-4cf9-9bd1-dec1523959b5</guid>
                                    <ordinalNumber>1</ordinalNumber>
                                    <okpd2>
                                        <code>82.30.11.000</code>
                                        <name>Услуги по организации конференций</name>
                                    </okpd2>
                                    <okved2>
                                        <code>82.30</code>
                                        <name>Деятельность по организации конференций и выставок</name>
                                    </okved2>
                                    <okei>
                                        <code>642</code>
                                        <name>Единица</name>
                                    </okei>
                                    <qty>1</qty>
                                </lotItem>
                            </lotItems>
                            <forSmallOrMiddle>true</forSmallOrMiddle>
                            <excludePurchaseFromPlan>false</excludePurchaseFromPlan>
                            <subcontractorsRequirement>false</subcontractorsRequirement>
                            <ignoredPurchase>false</ignoredPurchase>
                            <centralized>false</centralized>
                        </lotData>
                        <deliveryPlaceIndication>GL</deliveryPlaceIndication>
                        <jointLotData>
                            <jointLot>false</jointLot>
                        </jointLotData>
                        <lotPlanInfo>
                            <planRegistrationNumber>2160211047</planRegistrationNumber>
                            <planGuid>8a2db328-2b68-4054-bd65-b410f74ae5e6</planGuid>
                            <positionNumber>310</positionNumber>
                            <lotPlanPosition>COMMODITY</lotPlanPosition>
                            <positionGuid>2b7f6ad6-9791-4f49-89fa-81443e727dec</positionGuid>
                        </lotPlanInfo>
                        <cancelled>false</cancelled>
                    </lot>
                </ns2:lots>
            </ns2:purchaseNoticeEPData>
        </ns2:item>
    </ns2:body>
</ns2:purchaseNoticeEP>
