<?xml version="1.0" encoding="UTF-8" standalone="yes"?>
<ns2:purchaseNoticeEP xsi:schemaLocation="http://zakupki.gov.ru/223/integration/schema/TFF-5.2 http://zakupki.gov.ru/223/integration/schema/TFF-5.2/purchase.xsd" xmlns="http://zakupki.gov.ru/223fz/types/1" xmlns:ns10="http://zakupki.gov.ru/223fz/purchasePlan/1" xmlns:ns11="http://zakupki.gov.ru/223fz/purchasePlanProject/1" xmlns:ns12="http://zakupki.gov.ru/223fz/purchasePlanProjectAdditionalPosition/1" xmlns:ns13="http://zakupki.gov.ru/223fz/contract/1" xmlns:ns14="http://zakupki.gov.ru/223fz/missedNotice/1" xmlns:ns15="http://zakupki.gov.ru/223fz/reference/1" xmlns:ns16="http://zakupki.gov.ru/223fz/stopCommodity/1" xmlns:ns17="http://zakupki.gov.ru/223fz/decisionSuspension/1" xmlns:ns18="http://zakupki.gov.ru/223fz/purchasePlanAdditionalPosition/1" xmlns:ns19="http://zakupki.gov.ru/223fz/webRequest/1" xmlns:ns2="http://zakupki.gov.ru/223fz/purchase/1" xmlns:xsi="http://www.w3.org/2001/XMLSchema-instance" xmlns:ns3="http://zakupki.gov.ru/223fz/dishonestSupplier/1" xmlns:ns4="http://zakupki.gov.ru/223fz/machineryListInfo/1" xmlns:ns5="http://zakupki.gov.ru/223fz/revenue/1" xmlns:ns6="http://zakupki.gov.ru/223fz/orderClauseList/1" xmlns:ns7="http://zakupki.gov.ru/223fz/disagreementProtocol/1" xmlns:ns8="http://zakupki.gov.ru/223fz/complaint/1" xmlns:ns9="http://zakupki.gov.ru/223fz/notificationIssue/1">
    <header>
        <guid>78118c2a-670a-46e9-8ae5-a1eca965b584</guid>
        <createDateTime>2017-03-16T11:09:09</createDateTime>
    </header>
    <ns2:body>
        <ns2:item>
            <guid>f530d873-65d8-4e35-ad55-0f77e453ec69</guid>
            <ns2:purchaseNoticeEPData>
                <ns2:guid>f530d873-65d8-4e35-ad55-0f77e453ec69</ns2:guid>
                <ns2:createDateTime>2017-03-16T11:02:59</ns2:createDateTime>
                <ns2:urlOOS>https://zakupki.gov.ru/223/purchase/private/purchase/notice-info/details.html?noticeInfoId=5883873</ns2:urlOOS>
                <ns2:registrationNumber>31704896294</ns2:registrationNumber>
                <ns2:name>оказание услуг по перевозке</ns2:name>
                <ns2:customer>
                    <mainInfo>
                        <fullName>федеральное государственное бюджетное учреждение "Агентство по обеспечению и координации российского участия в международных гуманитарных операциях "Эмерком"</fullName>
                        <shortName>ФГБУ "Агентство "Эмерком"</shortName>
                        <iko>87702162598770501001</iko>
                        <inn>7702162598</inn>
                        <kpp>770501001</kpp>
                        <ogrn>1027700050234</ogrn>
                        <legalAddress>109074, Москва, Китайгородский, дом 7, корпус СТР. 1</legalAddress>
                        <postalAddress>109074, г. Москва, Китайгородский проезд, дом 7, стр. 1</postalAddress>
                        <phone>7-495-6275844</phone>
                        <email>etorg@aemercom.ru</email>
                        <okato>45286580000</okato>
                        <okpo>40444876</okpo>
                    </mainInfo>
                </ns2:customer>
                <ns2:purchaseMethodCode>3363</ns2:purchaseMethodCode>
                <ns2:purchaseCodeName>Закупка у единственного поставщика (исполнителя, подрядчика)</ns2:purchaseCodeName>
                <ns2:placer>
                    <mainInfo>
                        <fullName>федеральное государственное бюджетное учреждение "Агентство по обеспечению и координации российского участия в международных гуманитарных операциях "Эмерком"</fullName>
                        <shortName>ФГБУ "Агентство "Эмерком"</shortName>
                        <iko>87702162598770501001</iko>
                        <inn>7702162598</inn>
                        <kpp>770501001</kpp>
                        <ogrn>1027700050234</ogrn>
                        <legalAddress>109074, Москва, Китайгородский, дом 7, корпус СТР. 1</legalAddress>
                        <postalAddress>109074, г. Москва, Китайгородский проезд, дом 7, стр. 1</postalAddress>
                        <phone>7-495-6275844</phone>
                        <email>etorg@aemercom.ru</email>
                        <okato>45286580000</okato>
                        <okpo>40444876</okpo>
                    </mainInfo>
                </ns2:placer>
                <ns2:contact>
                    <firstName>Андрей </firstName>
                    <middleName>Иванович</middleName>
                    <lastName>Кабанов</lastName>
                    <phone>+7 (495) 9837974</phone>
                    <email>etorg@aemercom.ru</email>
                    <organization>
                        <mainInfo>
                            <fullName>федеральное государственное бюджетное учреждение "Агентство по обеспечению и координации российского участия в международных гуманитарных операциях "Эмерком"</fullName>
                            <shortName>ФГБУ "Агентство "Эмерком"</shortName>
                            <iko>87702162598770501001</iko>
                            <inn>7702162598</inn>
                            <kpp>770501001</kpp>
                            <ogrn>1027700050234</ogrn>
                            <legalAddress>109074, Москва, Китайгородский, дом 7, корпус СТР. 1</legalAddress>
                            <postalAddress>109074, г. Москва, Китайгородский проезд, дом 7, стр. 1</postalAddress>
                            <phone>7-495-6275844</phone>
                            <email>etorg@aemercom.ru</email>
                            <okato>45286580000</okato>
                            <okpo>40444876</okpo>
                        </mainInfo>
                    </organization>
                </ns2:contact>
                <ns2:publicationDateTime>2017-03-16T11:09:09</ns2:publicationDateTime>
                <ns2:documentationDelivery/>
                <ns2:status>P</ns2:status>
                <ns2:version>1</ns2:version>
                <ns2:notDishonest>false</ns2:notDishonest>
                <ns2:attachments>
                    <totalDocumentsCount>1</totalDocumentsCount>
                    <document>
                        <guid>2360bbef-28ad-4360-bf33-32c7445879bb</guid>
                        <createDateTime>2017-03-16T11:08:31</createDateTime>
                        <fileName>Э-17-01-12.pdf</fileName>
                        <description>Э-17-01-12</description>
                        <url>http://zakupki.gov.ru/223/purchase/public/download/download.html?id=30099052</url>
                    </document>
                </ns2:attachments>
                <ns2:modificationDate>2017-03-16T11:09:09</ns2:modificationDate>
                <ns2:saveUserId>165857</ns2:saveUserId>
                <ns2:deliveryPlaceIndication>SINGLE_PLACE</ns2:deliveryPlaceIndication>
                <ns2:emergency>false</ns2:emergency>
                <ns2:jointPurchase>false</ns2:jointPurchase>
                <ns2:lots>
                    <lot>
                        <guid>af80f7f0-e4df-41ac-8ed8-d7e58787befd</guid>
                        <ordinalNumber>1</ordinalNumber>
                        <lotEditEnabled>false</lotEditEnabled>
                        <lotData>
                            <subject>оказание услуг по перевозке</subject>
                            <currency>
                                <code>RUB</code>
                                <digitalCode>643</digitalCode>
                                <name>Российский рубль</name>
                            </currency>
                            <initialSum>2100000.00</initialSum>
                            <deliveryPlace>
                                <state>Южный федеральный округ</state>
                                <region>Ростовская   обл</region>
                                <regionOkato>60000000000</regionOkato>
                                <address>Ростовская область</address>
                            </deliveryPlace>
                            <lotItems>
                                <newCodes>true</newCodes>
                                <lotItem>
                                    <guid>ed244f53-4100-4a16-968f-1ab4b40c94f0</guid>
                                    <ordinalNumber>1</ordinalNumber>
                                    <okpd2>
                                        <code>49.41.11.000</code>
                                        <name>Услуги по перевозке автомобильным транспортом грузов в автофургонах-рефрижераторах</name>
                                    </okpd2>
                                    <okved2>
                                        <code>49.41.1</code>
                                        <name>Перевозка грузов специализированными автотранспортными средствами</name>
                                    </okved2>
                                    <okei>
                                        <code>796</code>
                                        <name>Штука</name>
                                    </okei>
                                    <qty>1</qty>
                                </lotItem>
                            </lotItems>
                            <forSmallOrMiddle>false</forSmallOrMiddle>
                            <excludePurchaseFromPlan>false</excludePurchaseFromPlan>
                            <subcontractorsRequirement>false</subcontractorsRequirement>
                            <ignoredPurchase>false</ignoredPurchase>
                            <centralized>false</centralized>
                        </lotData>
                        <deliveryPlaceIndication>GL</deliveryPlaceIndication>
                        <jointLotData>
                            <jointLot>false</jointLot>
                        </jointLotData>
                        <lotPlanInfo>
                            <planRegistrationNumber>2170227436</planRegistrationNumber>
                            <planGuid>ebec339e-13e3-4e00-a5fd-e00544210caa</planGuid>
                            <positionNumber>12</positionNumber>
                            <lotPlanPosition>COMMODITY</lotPlanPosition>
                            <positionGuid>03c83301-9502-43e8-8ae9-dc8c29427ed9</positionGuid>
                        </lotPlanInfo>
                        <cancelled>false</cancelled>
                    </lot>
                </ns2:lots>
            </ns2:purchaseNoticeEPData>
        </ns2:item>
    </ns2:body>
</ns2:purchaseNoticeEP>
