<?xml version="1.0" encoding="UTF-8" standalone="yes"?>
<ns2:purchaseNoticeEP xsi:schemaLocation="http://zakupki.gov.ru/223/integration/schema/TFF-5.2 http://zakupki.gov.ru/223/integration/schema/TFF-5.2/purchase.xsd" xmlns="http://zakupki.gov.ru/223fz/types/1" xmlns:ns10="http://zakupki.gov.ru/223fz/purchasePlan/1" xmlns:ns11="http://zakupki.gov.ru/223fz/purchasePlanProject/1" xmlns:ns12="http://zakupki.gov.ru/223fz/purchasePlanProjectAdditionalPosition/1" xmlns:ns13="http://zakupki.gov.ru/223fz/contract/1" xmlns:ns14="http://zakupki.gov.ru/223fz/missedNotice/1" xmlns:ns15="http://zakupki.gov.ru/223fz/reference/1" xmlns:ns16="http://zakupki.gov.ru/223fz/stopCommodity/1" xmlns:ns17="http://zakupki.gov.ru/223fz/decisionSuspension/1" xmlns:ns18="http://zakupki.gov.ru/223fz/purchasePlanAdditionalPosition/1" xmlns:ns19="http://zakupki.gov.ru/223fz/webRequest/1" xmlns:ns2="http://zakupki.gov.ru/223fz/purchase/1" xmlns:xsi="http://www.w3.org/2001/XMLSchema-instance" xmlns:ns3="http://zakupki.gov.ru/223fz/dishonestSupplier/1" xmlns:ns4="http://zakupki.gov.ru/223fz/machineryListInfo/1" xmlns:ns5="http://zakupki.gov.ru/223fz/revenue/1" xmlns:ns6="http://zakupki.gov.ru/223fz/orderClauseList/1" xmlns:ns7="http://zakupki.gov.ru/223fz/disagreementProtocol/1" xmlns:ns8="http://zakupki.gov.ru/223fz/complaint/1" xmlns:ns9="http://zakupki.gov.ru/223fz/notificationIssue/1">
    <header>
        <guid>69eb91d0-ec16-41f9-ab20-44d694ad59d8</guid>
        <createDateTime>2017-03-16T18:01:31</createDateTime>
    </header>
    <ns2:body>
        <ns2:item>
            <guid>efdb967c-bfd1-4142-b587-2025a6541ee9</guid>
            <ns2:purchaseNoticeEPData>
                <ns2:guid>efdb967c-bfd1-4142-b587-2025a6541ee9</ns2:guid>
                <ns2:createDateTime>2017-03-16T17:56:08</ns2:createDateTime>
                <ns2:urlOOS>https://zakupki.gov.ru/223/purchase/private/purchase/notice-info/details.html?noticeInfoId=5888208</ns2:urlOOS>
                <ns2:registrationNumber>31704899847</ns2:registrationNumber>
                <ns2:name>работы, связанные с оформлением места проведения физкультурного мероприятия  </ns2:name>
                <ns2:customer>
                    <mainInfo>
                        <fullName>ФЕДЕРАЛЬНОЕ ГОСУДАРСТВЕННОЕ АВТОНОМНОЕ УЧРЕЖДЕНИЕ "УПРАВЛЕНИЕ ПО ОРГАНИЗАЦИИ И ПРОВЕДЕНИЮ СПОРТИВНЫХ МЕРОПРИЯТИЙ"</fullName>
                        <shortName>ФГАУ "УПРАВЛЕНИЕ СПОРТМЕРОПРИЯТИЙ"</shortName>
                        <iko>57702074366770901001</iko>
                        <inn>7702074366</inn>
                        <kpp>770901001</kpp>
                        <ogrn>1037739706333</ogrn>
                        <legalAddress>105064, Г МОСКВА, УЛ КАЗАКОВА, дом 18</legalAddress>
                        <postalAddress>105064, Москва, Казакова, дом 18, стр. 10</postalAddress>
                        <phone>8-495-9256432</phone>
                        <fax>8-495-9256432</fax>
                        <email>usmsport@usmsport.ru</email>
                        <okato>45286555000</okato>
                        <okpo>02926954</okpo>
                    </mainInfo>
                </ns2:customer>
                <ns2:purchaseMethodCode>3363</ns2:purchaseMethodCode>
                <ns2:purchaseCodeName>Закупка у единственного поставщика (исполнителя, подрядчика)</ns2:purchaseCodeName>
                <ns2:placer>
                    <mainInfo>
                        <fullName>ФЕДЕРАЛЬНОЕ ГОСУДАРСТВЕННОЕ АВТОНОМНОЕ УЧРЕЖДЕНИЕ "УПРАВЛЕНИЕ ПО ОРГАНИЗАЦИИ И ПРОВЕДЕНИЮ СПОРТИВНЫХ МЕРОПРИЯТИЙ"</fullName>
                        <shortName>ФГАУ "УПРАВЛЕНИЕ СПОРТМЕРОПРИЯТИЙ"</shortName>
                        <iko>57702074366770901001</iko>
                        <inn>7702074366</inn>
                        <kpp>770901001</kpp>
                        <ogrn>1037739706333</ogrn>
                        <legalAddress>105064, Г МОСКВА, УЛ КАЗАКОВА, дом 18</legalAddress>
                        <postalAddress>105064, Москва, Казакова, дом 18, стр. 10</postalAddress>
                        <phone>8-495-9256432</phone>
                        <fax>8-495-9256432</fax>
                        <email>usmsport@usmsport.ru</email>
                        <okato>45286555000</okato>
                        <okpo>02926954</okpo>
                    </mainInfo>
                </ns2:placer>
                <ns2:contact>
                    <phone>+7 (495) 9256432</phone>
                    <email>usmsport@usmsport.ru</email>
                    <organization>
                        <mainInfo>
                            <fullName>ФЕДЕРАЛЬНОЕ ГОСУДАРСТВЕННОЕ АВТОНОМНОЕ УЧРЕЖДЕНИЕ "УПРАВЛЕНИЕ ПО ОРГАНИЗАЦИИ И ПРОВЕДЕНИЮ СПОРТИВНЫХ МЕРОПРИЯТИЙ"</fullName>
                            <shortName>ФГАУ "УПРАВЛЕНИЕ СПОРТМЕРОПРИЯТИЙ"</shortName>
                            <iko>57702074366770901001</iko>
                            <inn>7702074366</inn>
                            <kpp>770901001</kpp>
                            <ogrn>1037739706333</ogrn>
                            <legalAddress>105064, Г МОСКВА, УЛ КАЗАКОВА, дом 18</legalAddress>
                            <postalAddress>105064, Москва, Казакова, дом 18, стр. 10</postalAddress>
                            <phone>8-495-9256432</phone>
                            <fax>8-495-9256432</fax>
                            <email>usmsport@usmsport.ru</email>
                            <okato>45286555000</okato>
                            <okpo>02926954</okpo>
                        </mainInfo>
                    </organization>
                </ns2:contact>
                <ns2:publicationDateTime>2017-03-16T18:01:31</ns2:publicationDateTime>
                <ns2:documentationDelivery/>
                <ns2:status>P</ns2:status>
                <ns2:version>1</ns2:version>
                <ns2:notDishonest>false</ns2:notDishonest>
                <ns2:attachments>
                    <totalDocumentsCount>1</totalDocumentsCount>
                    <document>
                        <guid>379ae331-6817-4d9b-8252-b2ad826ede09</guid>
                        <createDateTime>2017-03-16T18:00:45</createDateTime>
                        <fileName>ДОКУМЕНТАЦИЯ О ЗАКУПКЕ У ЕДИНСТВЕННОГО ПОСТАВЩИКА.docx</fileName>
                        <description>ДОКУМЕНТАЦИЯ О ЗАКУПКЕ У ЕДИНСТВЕННОГО ПОСТАВЩИКА</description>
                        <url>http://zakupki.gov.ru/223/purchase/public/download/download.html?id=30120296</url>
                    </document>
                </ns2:attachments>
                <ns2:modificationDate>2017-03-16T18:01:31</ns2:modificationDate>
                <ns2:saveUserId>4622</ns2:saveUserId>
                <ns2:deliveryPlaceIndication>DIFFERENT_PLACE</ns2:deliveryPlaceIndication>
                <ns2:emergency>false</ns2:emergency>
                <ns2:jointPurchase>false</ns2:jointPurchase>
                <ns2:lots>
                    <lot>
                        <guid>b62ed075-7550-4e53-86eb-5304cb6a9e17</guid>
                        <ordinalNumber>1</ordinalNumber>
                        <lotEditEnabled>false</lotEditEnabled>
                        <lotData>
                            <subject>Выполнение работ, связанных с оформлением места проведения Всероссийских соревнований юных хоккеистов "Золотая шайба" имени А.В. Тарасова - финальные соревнования, юноши 2002-2003 гг.р.</subject>
                            <currency>
                                <code>RUB</code>
                                <digitalCode>643</digitalCode>
                                <name>Российский рубль</name>
                            </currency>
                            <initialSum>220220.00</initialSum>
                            <deliveryPlace>
                                <state>Южный федеральный округ</state>
                                <region>Краснодарский край</region>
                                <regionOkato>03000000000</regionOkato>
                                <address>Краснодарский край </address>
                            </deliveryPlace>
                            <lotItems>
                                <newCodes>true</newCodes>
                                <lotItem>
                                    <guid>5c9c8a22-6c21-43a0-bdde-600d0c92fbf5</guid>
                                    <ordinalNumber>1</ordinalNumber>
                                    <okpd2>
                                        <code>93.19.11.000</code>
                                        <name>Услуги по содействию в подготовке спортивных и развлекательных мероприятий</name>
                                    </okpd2>
                                    <okved2>
                                        <code>93.19</code>
                                        <name>Деятельность в области спорта прочая</name>
                                    </okved2>
                                    <okei>
                                        <code>876</code>
                                        <name>Условная единица</name>
                                    </okei>
                                    <qty>1</qty>
                                </lotItem>
                            </lotItems>
                            <forSmallOrMiddle>false</forSmallOrMiddle>
                            <excludePurchaseFromPlan>false</excludePurchaseFromPlan>
                            <subcontractorsRequirement>false</subcontractorsRequirement>
                            <ignoredPurchase>false</ignoredPurchase>
                            <centralized>false</centralized>
                        </lotData>
                        <deliveryPlaceIndication>GL</deliveryPlaceIndication>
                        <jointLotData>
                            <jointLot>false</jointLot>
                        </jointLotData>
                        <lotPlanInfo>
                            <planRegistrationNumber>2160210652</planRegistrationNumber>
                            <planGuid>41b04ebb-c6a4-4a50-ac28-ea97a66fc454</planGuid>
                            <positionNumber>111</positionNumber>
                            <lotPlanPosition>COMMODITY</lotPlanPosition>
                            <positionGuid>122aa17e-328e-4f6c-a933-98807a953504</positionGuid>
                        </lotPlanInfo>
                        <cancelled>false</cancelled>
                    </lot>
                </ns2:lots>
            </ns2:purchaseNoticeEPData>
        </ns2:item>
    </ns2:body>
</ns2:purchaseNoticeEP>
