<?xml version="1.0" encoding="UTF-8" standalone="yes"?>
<ns2:purchaseNoticeEP xsi:schemaLocation="http://zakupki.gov.ru/223/integration/schema/TFF-5.2 http://zakupki.gov.ru/223/integration/schema/TFF-5.2/purchase.xsd" xmlns="http://zakupki.gov.ru/223fz/types/1" xmlns:ns10="http://zakupki.gov.ru/223fz/purchasePlan/1" xmlns:ns11="http://zakupki.gov.ru/223fz/purchasePlanProject/1" xmlns:ns12="http://zakupki.gov.ru/223fz/purchasePlanProjectAdditionalPosition/1" xmlns:ns13="http://zakupki.gov.ru/223fz/contract/1" xmlns:ns14="http://zakupki.gov.ru/223fz/missedNotice/1" xmlns:ns15="http://zakupki.gov.ru/223fz/reference/1" xmlns:ns16="http://zakupki.gov.ru/223fz/stopCommodity/1" xmlns:ns17="http://zakupki.gov.ru/223fz/decisionSuspension/1" xmlns:ns18="http://zakupki.gov.ru/223fz/purchasePlanAdditionalPosition/1" xmlns:ns19="http://zakupki.gov.ru/223fz/webRequest/1" xmlns:ns2="http://zakupki.gov.ru/223fz/purchase/1" xmlns:xsi="http://www.w3.org/2001/XMLSchema-instance" xmlns:ns3="http://zakupki.gov.ru/223fz/dishonestSupplier/1" xmlns:ns4="http://zakupki.gov.ru/223fz/machineryListInfo/1" xmlns:ns5="http://zakupki.gov.ru/223fz/revenue/1" xmlns:ns6="http://zakupki.gov.ru/223fz/orderClauseList/1" xmlns:ns7="http://zakupki.gov.ru/223fz/disagreementProtocol/1" xmlns:ns8="http://zakupki.gov.ru/223fz/complaint/1" xmlns:ns9="http://zakupki.gov.ru/223fz/notificationIssue/1">
    <header>
        <guid>3a91a17a-d858-416d-a647-01832b89bbb8</guid>
        <createDateTime>2017-03-16T13:58:43</createDateTime>
    </header>
    <ns2:body>
        <ns2:item>
            <guid>6a3ddc82-c11f-4324-8dc6-f6558a54009b</guid>
            <ns2:purchaseNoticeEPData>
                <ns2:guid>6a3ddc82-c11f-4324-8dc6-f6558a54009b</ns2:guid>
                <ns2:createDateTime>2017-03-16T13:52:19</ns2:createDateTime>
                <ns2:urlOOS>https://zakupki.gov.ru/223/purchase/private/purchase/notice-info/details.html?noticeInfoId=5885637</ns2:urlOOS>
                <ns2:registrationNumber>31704897709</ns2:registrationNumber>
                <ns2:name> Художетвенно-оформительские работы </ns2:name>
                <ns2:customer>
                    <mainInfo>
                        <fullName>ГОСУДАРСТВЕННОЕ АВТОНОМНОЕ УЧРЕЖДЕНИЕ ГОРОДА МОСКВЫ "МОСКОВСКИЙ ГОСУДАРСТВЕННЫЙ ЗООЛОГИЧЕСКИЙ ПАРК"</fullName>
                        <shortName>ГАУ "МОСКОВСКИЙ ЗООПАРК"</shortName>
                        <iko>57710031380770301001</iko>
                        <inn>7710031380</inn>
                        <kpp>770301001</kpp>
                        <ogrn>1037700057768</ogrn>
                        <legalAddress>123242, МОСКВА, ГРУЗИНСКАЯ Б., дом 1</legalAddress>
                        <postalAddress>123242, МОСКВА, ГРУЗИНСКАЯ Б., дом 1</postalAddress>
                        <phone>7-499-2522951</phone>
                        <fax>7-495-6059222</fax>
                        <email>mzoopark@mail.ru</email>
                        <okato>45286575000</okato>
                        <okpo>02182873</okpo>
                    </mainInfo>
                </ns2:customer>
                <ns2:purchaseMethodCode>3363</ns2:purchaseMethodCode>
                <ns2:purchaseCodeName>Закупка у единственного поставщика (исполнителя, подрядчика)</ns2:purchaseCodeName>
                <ns2:placer>
                    <mainInfo>
                        <fullName>ГОСУДАРСТВЕННОЕ АВТОНОМНОЕ УЧРЕЖДЕНИЕ ГОРОДА МОСКВЫ "МОСКОВСКИЙ ГОСУДАРСТВЕННЫЙ ЗООЛОГИЧЕСКИЙ ПАРК"</fullName>
                        <shortName>ГАУ "МОСКОВСКИЙ ЗООПАРК"</shortName>
                        <iko>57710031380770301001</iko>
                        <inn>7710031380</inn>
                        <kpp>770301001</kpp>
                        <ogrn>1037700057768</ogrn>
                        <legalAddress>123242, МОСКВА, ГРУЗИНСКАЯ Б., дом 1</legalAddress>
                        <postalAddress>123242, МОСКВА, ГРУЗИНСКАЯ Б., дом 1</postalAddress>
                        <phone>7-499-2522951</phone>
                        <fax>7-495-6059222</fax>
                        <email>mzoopark@mail.ru</email>
                        <okato>45286575000</okato>
                        <okpo>02182873</okpo>
                    </mainInfo>
                </ns2:placer>
                <ns2:contact>
                    <phone>+8 (499) 2521159</phone>
                    <email>mzoopark@mail.ru </email>
                    <organization>
                        <mainInfo>
                            <fullName>ГОСУДАРСТВЕННОЕ АВТОНОМНОЕ УЧРЕЖДЕНИЕ ГОРОДА МОСКВЫ "МОСКОВСКИЙ ГОСУДАРСТВЕННЫЙ ЗООЛОГИЧЕСКИЙ ПАРК"</fullName>
                            <shortName>ГАУ "МОСКОВСКИЙ ЗООПАРК"</shortName>
                            <iko>57710031380770301001</iko>
                            <inn>7710031380</inn>
                            <kpp>770301001</kpp>
                            <ogrn>1037700057768</ogrn>
                            <legalAddress>123242, МОСКВА, ГРУЗИНСКАЯ Б., дом 1</legalAddress>
                            <postalAddress>123242, МОСКВА, ГРУЗИНСКАЯ Б., дом 1</postalAddress>
                            <phone>7-499-2522951</phone>
                            <fax>7-495-6059222</fax>
                            <email>mzoopark@mail.ru</email>
                            <okato>45286575000</okato>
                            <okpo>02182873</okpo>
                        </mainInfo>
                    </organization>
                </ns2:contact>
                <ns2:publicationDateTime>2017-03-16T13:58:43</ns2:publicationDateTime>
                <ns2:documentationDelivery/>
                <ns2:status>P</ns2:status>
                <ns2:version>1</ns2:version>
                <ns2:notDishonest>false</ns2:notDishonest>
                <ns2:attachments>
                    <totalDocumentsCount>2</totalDocumentsCount>
                    <document>
                        <guid>bd2dc293-d108-41ff-888e-95be9515f0de</guid>
                        <createDateTime>2017-03-16T13:56:26</createDateTime>
                        <fileName>Прил 4 Оказание услуг 25-08-2015.doc</fileName>
                        <description>Проект договора</description>
                        <url>http://zakupki.gov.ru/223/purchase/public/download/download.html?id=30107940</url>
                    </document>
                    <document>
                        <guid>5a84cb7f-1f22-4b4d-9f2b-e5cbe2fac05b</guid>
                        <createDateTime>2017-03-16T13:55:05</createDateTime>
                        <fileName>Документация.docx</fileName>
                        <description>Документация</description>
                        <url>http://zakupki.gov.ru/223/purchase/public/download/download.html?id=30107854</url>
                    </document>
                </ns2:attachments>
                <ns2:modificationDate>2017-03-16T13:58:43</ns2:modificationDate>
                <ns2:saveUserId>118592</ns2:saveUserId>
                <ns2:deliveryPlaceIndication>DIFFERENT_PLACE</ns2:deliveryPlaceIndication>
                <ns2:emergency>false</ns2:emergency>
                <ns2:jointPurchase>false</ns2:jointPurchase>
                <ns2:lots>
                    <lot>
                        <guid>9393efaa-d276-457d-87b8-8496c84adcbc</guid>
                        <ordinalNumber>1</ordinalNumber>
                        <lotEditEnabled>false</lotEditEnabled>
                        <lotData>
                            <subject>    Художетвенно-оформительские  работы </subject>
                            <currency>
                                <code>RUB</code>
                                <digitalCode>643</digitalCode>
                                <name>Российский рубль</name>
                            </currency>
                            <initialSum>350620.62</initialSum>
                            <deliveryPlace>
                                <state>Центральный федеральный округ</state>
                                <region>Москва</region>
                                <regionOkato>45000000000</regionOkato>
                                <address>Большая Грузинская 1</address>
                            </deliveryPlace>
                            <lotItems>
                                <newCodes>true</newCodes>
                                <lotItem>
                                    <guid>921de633-0936-44c1-b50b-d482ccdadf59</guid>
                                    <ordinalNumber>1</ordinalNumber>
                                    <okpd2>
                                        <code>96.09.19.000</code>
                                        <name>Услуги разнообразные прочие, не включенные в другие группировки</name>
                                    </okpd2>
                                    <okved2>
                                        <code>96.09</code>
                                        <name>Предоставление прочих персональных услуг, не включенных в другие группировки</name>
                                    </okved2>
                                    <okei>
                                        <code>876</code>
                                        <name>Условная единица</name>
                                    </okei>
                                    <qty>1</qty>
                                </lotItem>
                            </lotItems>
                            <forSmallOrMiddle>false</forSmallOrMiddle>
                            <excludePurchaseFromPlan>false</excludePurchaseFromPlan>
                            <subcontractorsRequirement>false</subcontractorsRequirement>
                            <ignoredPurchase>false</ignoredPurchase>
                            <centralized>false</centralized>
                        </lotData>
                        <deliveryPlaceIndication>GL</deliveryPlaceIndication>
                        <jointLotData>
                            <jointLot>false</jointLot>
                        </jointLotData>
                        <lotPlanInfo>
                            <planRegistrationNumber>2160200646</planRegistrationNumber>
                            <planGuid>3b552c26-94dd-404f-8307-a5dbc69891fb</planGuid>
                            <positionNumber>537</positionNumber>
                            <lotPlanPosition>COMMODITY</lotPlanPosition>
                            <positionGuid>10205e61-b405-448f-97b8-2d5bacd400dd</positionGuid>
                        </lotPlanInfo>
                        <cancelled>false</cancelled>
                    </lot>
                </ns2:lots>
            </ns2:purchaseNoticeEPData>
        </ns2:item>
    </ns2:body>
</ns2:purchaseNoticeEP>
