<?xml version="1.0" encoding="UTF-8" standalone="yes"?>
<ns2:purchaseNoticeEP xsi:schemaLocation="http://zakupki.gov.ru/223/integration/schema/TFF-5.2 http://zakupki.gov.ru/223/integration/schema/TFF-5.2/purchase.xsd" xmlns="http://zakupki.gov.ru/223fz/types/1" xmlns:ns10="http://zakupki.gov.ru/223fz/purchasePlan/1" xmlns:ns11="http://zakupki.gov.ru/223fz/purchasePlanProject/1" xmlns:ns12="http://zakupki.gov.ru/223fz/purchasePlanProjectAdditionalPosition/1" xmlns:ns13="http://zakupki.gov.ru/223fz/contract/1" xmlns:ns14="http://zakupki.gov.ru/223fz/missedNotice/1" xmlns:ns15="http://zakupki.gov.ru/223fz/reference/1" xmlns:ns16="http://zakupki.gov.ru/223fz/stopCommodity/1" xmlns:ns17="http://zakupki.gov.ru/223fz/decisionSuspension/1" xmlns:ns18="http://zakupki.gov.ru/223fz/purchasePlanAdditionalPosition/1" xmlns:ns19="http://zakupki.gov.ru/223fz/webRequest/1" xmlns:ns2="http://zakupki.gov.ru/223fz/purchase/1" xmlns:xsi="http://www.w3.org/2001/XMLSchema-instance" xmlns:ns3="http://zakupki.gov.ru/223fz/dishonestSupplier/1" xmlns:ns4="http://zakupki.gov.ru/223fz/machineryListInfo/1" xmlns:ns5="http://zakupki.gov.ru/223fz/revenue/1" xmlns:ns6="http://zakupki.gov.ru/223fz/orderClauseList/1" xmlns:ns7="http://zakupki.gov.ru/223fz/disagreementProtocol/1" xmlns:ns8="http://zakupki.gov.ru/223fz/complaint/1" xmlns:ns9="http://zakupki.gov.ru/223fz/notificationIssue/1">
    <header>
        <guid>f7558977-6ac0-4350-8d68-6b934d977cad</guid>
        <createDateTime>2017-03-16T16:55:26</createDateTime>
    </header>
    <ns2:body>
        <ns2:item>
            <guid>28812904-0aa2-4122-b733-1b896b924f79</guid>
            <ns2:purchaseNoticeEPData>
                <ns2:guid>28812904-0aa2-4122-b733-1b896b924f79</ns2:guid>
                <ns2:createDateTime>2017-03-16T16:51:15</ns2:createDateTime>
                <ns2:urlOOS>https://zakupki.gov.ru/223/purchase/private/purchase/notice-info/details.html?noticeInfoId=5887728</ns2:urlOOS>
                <ns2:registrationNumber>31704899431</ns2:registrationNumber>
                <ns2:name>Демонтаж временного пешеходного моста - арт-объекта </ns2:name>
                <ns2:customer>
                    <mainInfo>
                        <fullName>Государственное автономное учреждение культуры города Москвы "Центральный парк культуры и отдыха имени М. Горького"</fullName>
                        <shortName>ЦПКиО им. М. Горького</shortName>
                        <iko>57706052148770601001</iko>
                        <inn>7706052148</inn>
                        <kpp>770601001</kpp>
                        <ogrn>1027739258249</ogrn>
                        <legalAddress>119049, Москва, Крымский Вал, дом 9</legalAddress>
                        <postalAddress>119049, Москва город, Крымский Вал улица, дом 9</postalAddress>
                        <phone>7-495-9950020</phone>
                        <email>zakupki.cpkio@mail.ru</email>
                        <okato>45286596000</okato>
                        <okpo>02182815</okpo>
                    </mainInfo>
                </ns2:customer>
                <ns2:purchaseMethodCode>3363</ns2:purchaseMethodCode>
                <ns2:purchaseCodeName>Закупка у единственного поставщика (исполнителя, подрядчика)</ns2:purchaseCodeName>
                <ns2:placer>
                    <mainInfo>
                        <fullName>Государственное автономное учреждение культуры города Москвы "Центральный парк культуры и отдыха имени М. Горького"</fullName>
                        <shortName>ЦПКиО им. М. Горького</shortName>
                        <iko>57706052148770601001</iko>
                        <inn>7706052148</inn>
                        <kpp>770601001</kpp>
                        <ogrn>1027739258249</ogrn>
                        <legalAddress>119049, Москва, Крымский Вал, дом 9</legalAddress>
                        <postalAddress>119049, Москва город, Крымский Вал улица, дом 9</postalAddress>
                        <phone>7-495-9950020</phone>
                        <email>zakupki.cpkio@mail.ru</email>
                        <okato>45286596000</okato>
                        <okpo>02182815</okpo>
                    </mainInfo>
                </ns2:placer>
                <ns2:contact>
                    <phone>+7 (495) 9950020, доб.: 3113</phone>
                    <email>zakupki@park-gorkogo.com</email>
                    <organization>
                        <mainInfo>
                            <fullName>Государственное автономное учреждение культуры города Москвы "Центральный парк культуры и отдыха имени М. Горького"</fullName>
                            <shortName>ЦПКиО им. М. Горького</shortName>
                            <iko>57706052148770601001</iko>
                            <inn>7706052148</inn>
                            <kpp>770601001</kpp>
                            <ogrn>1027739258249</ogrn>
                            <legalAddress>119049, Москва, Крымский Вал, дом 9</legalAddress>
                            <postalAddress>119049, Москва город, Крымский Вал улица, дом 9</postalAddress>
                            <phone>7-495-9950020</phone>
                            <email>zakupki.cpkio@mail.ru</email>
                            <okato>45286596000</okato>
                            <okpo>02182815</okpo>
                        </mainInfo>
                    </organization>
                </ns2:contact>
                <ns2:publicationDateTime>2017-03-16T16:55:26</ns2:publicationDateTime>
                <ns2:documentationDelivery/>
                <ns2:status>P</ns2:status>
                <ns2:version>1</ns2:version>
                <ns2:notDishonest>false</ns2:notDishonest>
                <ns2:attachments>
                    <totalDocumentsCount>1</totalDocumentsCount>
                    <document>
                        <guid>f9124f83-366d-46c2-b356-5c5de5f7c6c4</guid>
                        <createDateTime>2017-03-16T16:54:47</createDateTime>
                        <fileName>Документация Демонтаж моста.docx</fileName>
                        <description>Документация Демонтаж моста</description>
                        <url>http://zakupki.gov.ru/223/purchase/public/download/download.html?id=30118122</url>
                    </document>
                </ns2:attachments>
                <ns2:modificationDate>2017-03-16T16:55:26</ns2:modificationDate>
                <ns2:saveUserId>243366</ns2:saveUserId>
                <ns2:deliveryPlaceIndication>SINGLE_PLACE</ns2:deliveryPlaceIndication>
                <ns2:emergency>false</ns2:emergency>
                <ns2:jointPurchase>false</ns2:jointPurchase>
                <ns2:lots>
                    <lot>
                        <guid>2ae6594b-0813-4770-8101-d12c7984c1a1</guid>
                        <ordinalNumber>1</ordinalNumber>
                        <lotEditEnabled>false</lotEditEnabled>
                        <lotData>
                            <subject>Демонтаж временного пешеходного моста - арт-объекта 
</subject>
                            <currency>
                                <code>RUB</code>
                                <digitalCode>643</digitalCode>
                                <name>Российский рубль</name>
                            </currency>
                            <initialSum>369731.85</initialSum>
                            <deliveryPlace>
                                <state>Центральный федеральный округ</state>
                                <region>Москва</region>
                                <regionOkato>45000000000</regionOkato>
                                <address>Крымский вал, д.9</address>
                            </deliveryPlace>
                            <lotItems>
                                <newCodes>true</newCodes>
                                <lotItem>
                                    <guid>a4649123-75ff-4b4b-9464-af67b9387b1c</guid>
                                    <ordinalNumber>1</ordinalNumber>
                                    <okpd2>
                                        <code>43.22</code>
                                        <name>Работы по монтажу систем водопровода, канализации, отопления и кондиционирования воздуха</name>
                                    </okpd2>
                                    <okved2>
                                        <code>43.22</code>
                                        <name>Производство санитарно-технических работ, монтаж отопительных систем и систем кондиционирования воздуха</name>
                                    </okved2>
                                    <okei>
                                        <code>876</code>
                                        <name>Условная единица</name>
                                    </okei>
                                    <qty>1</qty>
                                </lotItem>
                            </lotItems>
                            <forSmallOrMiddle>true</forSmallOrMiddle>
                            <excludePurchaseFromPlan>false</excludePurchaseFromPlan>
                            <subcontractorsRequirement>false</subcontractorsRequirement>
                            <ignoredPurchase>false</ignoredPurchase>
                            <centralized>false</centralized>
                        </lotData>
                        <deliveryPlaceIndication>GL</deliveryPlaceIndication>
                        <jointLotData>
                            <jointLot>false</jointLot>
                        </jointLotData>
                        <lotPlanInfo>
                            <planRegistrationNumber>2160208840</planRegistrationNumber>
                            <planGuid>6f5fced2-4351-4f9d-964b-ba0f8aab1839</planGuid>
                            <positionNumber>79</positionNumber>
                            <lotPlanPosition>COMMODITY</lotPlanPosition>
                            <positionGuid>f656d792-5192-49bb-8bb0-1c774b1fb993</positionGuid>
                        </lotPlanInfo>
                        <cancelled>false</cancelled>
                    </lot>
                </ns2:lots>
            </ns2:purchaseNoticeEPData>
        </ns2:item>
    </ns2:body>
</ns2:purchaseNoticeEP>
