<?xml version="1.0" encoding="UTF-8" standalone="yes"?>
<ns2:purchaseNoticeEP xsi:schemaLocation="http://zakupki.gov.ru/223/integration/schema/TFF-5.2 http://zakupki.gov.ru/223/integration/schema/TFF-5.2/purchase.xsd" xmlns="http://zakupki.gov.ru/223fz/types/1" xmlns:ns10="http://zakupki.gov.ru/223fz/purchasePlan/1" xmlns:ns11="http://zakupki.gov.ru/223fz/purchasePlanProject/1" xmlns:ns12="http://zakupki.gov.ru/223fz/purchasePlanProjectAdditionalPosition/1" xmlns:ns13="http://zakupki.gov.ru/223fz/contract/1" xmlns:ns14="http://zakupki.gov.ru/223fz/missedNotice/1" xmlns:ns15="http://zakupki.gov.ru/223fz/reference/1" xmlns:ns16="http://zakupki.gov.ru/223fz/stopCommodity/1" xmlns:ns17="http://zakupki.gov.ru/223fz/decisionSuspension/1" xmlns:ns18="http://zakupki.gov.ru/223fz/purchasePlanAdditionalPosition/1" xmlns:ns19="http://zakupki.gov.ru/223fz/webRequest/1" xmlns:ns2="http://zakupki.gov.ru/223fz/purchase/1" xmlns:xsi="http://www.w3.org/2001/XMLSchema-instance" xmlns:ns3="http://zakupki.gov.ru/223fz/dishonestSupplier/1" xmlns:ns4="http://zakupki.gov.ru/223fz/machineryListInfo/1" xmlns:ns5="http://zakupki.gov.ru/223fz/revenue/1" xmlns:ns6="http://zakupki.gov.ru/223fz/orderClauseList/1" xmlns:ns7="http://zakupki.gov.ru/223fz/disagreementProtocol/1" xmlns:ns8="http://zakupki.gov.ru/223fz/complaint/1" xmlns:ns9="http://zakupki.gov.ru/223fz/notificationIssue/1">
    <header>
        <guid>9066cabd-b584-4a93-88bd-badaf74e364f</guid>
        <createDateTime>2017-03-16T11:12:40</createDateTime>
    </header>
    <ns2:body>
        <ns2:item>
            <guid>580535ab-d527-4c7f-bc68-42e539763fa3</guid>
            <ns2:purchaseNoticeEPData>
                <ns2:guid>580535ab-d527-4c7f-bc68-42e539763fa3</ns2:guid>
                <ns2:createDateTime>2017-03-16T11:11:09</ns2:createDateTime>
                <ns2:urlOOS>https://zakupki.gov.ru/223/purchase/private/purchase/notice-info/details.html?noticeInfoId=5883963</ns2:urlOOS>
                <ns2:registrationNumber>31704896323</ns2:registrationNumber>
                <ns2:name>Поставка сувенирной продукции для нужд ФГБОУ ВО "РЭУ им. Г.В. Плеханова"</ns2:name>
                <ns2:customer>
                    <mainInfo>
                        <fullName>ФЕДЕРАЛЬНОЕ ГОСУДАРСТВЕННОЕ БЮДЖЕТНОЕ ОБРАЗОВАТЕЛЬНОЕ УЧРЕЖДЕНИЕ ВЫСШЕГО ОБРАЗОВАНИЯ "РОССИЙСКИЙ ЭКОНОМИЧЕСКИЙ УНИВЕРСИТЕТ ИМЕНИ Г.В. ПЛЕХАНОВА"</fullName>
                        <shortName>ФГБОУ ВО "РЭУ ИМ. Г.В. ПЛЕХАНОВА", РЭУ ИМ. Г.В. ПЛЕХАНОВА</shortName>
                        <iko>87705043493770501001</iko>
                        <inn>7705043493</inn>
                        <kpp>770501001</kpp>
                        <ogrn>1037700012008</ogrn>
                        <legalAddress>117997, Г МОСКВА, ПЕР СТРЕМЯННЫЙ, дом ДОМ 36</legalAddress>
                        <postalAddress>117997, город Москва, Стремянный переулок, дом 36</postalAddress>
                        <phone>7-499-2374114</phone>
                        <email>eis@rea.ru</email>
                        <okato>45286560000</okato>
                        <okpo>02068686</okpo>
                    </mainInfo>
                </ns2:customer>
                <ns2:purchaseMethodCode>3363</ns2:purchaseMethodCode>
                <ns2:purchaseCodeName>Закупка у единственного поставщика (исполнителя, подрядчика)</ns2:purchaseCodeName>
                <ns2:placer>
                    <mainInfo>
                        <fullName>ФЕДЕРАЛЬНОЕ ГОСУДАРСТВЕННОЕ БЮДЖЕТНОЕ ОБРАЗОВАТЕЛЬНОЕ УЧРЕЖДЕНИЕ ВЫСШЕГО ОБРАЗОВАНИЯ "РОССИЙСКИЙ ЭКОНОМИЧЕСКИЙ УНИВЕРСИТЕТ ИМЕНИ Г.В. ПЛЕХАНОВА"</fullName>
                        <shortName>ФГБОУ ВО "РЭУ ИМ. Г.В. ПЛЕХАНОВА", РЭУ ИМ. Г.В. ПЛЕХАНОВА</shortName>
                        <iko>87705043493770501001</iko>
                        <inn>7705043493</inn>
                        <kpp>770501001</kpp>
                        <ogrn>1037700012008</ogrn>
                        <legalAddress>117997, Г МОСКВА, ПЕР СТРЕМЯННЫЙ, дом ДОМ 36</legalAddress>
                        <postalAddress>117997, город Москва, Стремянный переулок, дом 36</postalAddress>
                        <phone>7-499-2374114</phone>
                        <email>eis@rea.ru</email>
                        <okato>45286560000</okato>
                        <okpo>02068686</okpo>
                    </mainInfo>
                </ns2:placer>
                <ns2:contact>
                    <phone>+7 (495) 9581746</phone>
                    <email>monitoring@rea.ru</email>
                    <organization>
                        <mainInfo>
                            <fullName>ФЕДЕРАЛЬНОЕ ГОСУДАРСТВЕННОЕ БЮДЖЕТНОЕ ОБРАЗОВАТЕЛЬНОЕ УЧРЕЖДЕНИЕ ВЫСШЕГО ОБРАЗОВАНИЯ "РОССИЙСКИЙ ЭКОНОМИЧЕСКИЙ УНИВЕРСИТЕТ ИМЕНИ Г.В. ПЛЕХАНОВА"</fullName>
                            <shortName>ФГБОУ ВО "РЭУ ИМ. Г.В. ПЛЕХАНОВА", РЭУ ИМ. Г.В. ПЛЕХАНОВА</shortName>
                            <iko>87705043493770501001</iko>
                            <inn>7705043493</inn>
                            <kpp>770501001</kpp>
                            <ogrn>1037700012008</ogrn>
                            <legalAddress>117997, Г МОСКВА, ПЕР СТРЕМЯННЫЙ, дом ДОМ 36</legalAddress>
                            <postalAddress>117997, город Москва, Стремянный переулок, дом 36</postalAddress>
                            <phone>7-499-2374114</phone>
                            <email>eis@rea.ru</email>
                            <okato>45286560000</okato>
                            <okpo>02068686</okpo>
                        </mainInfo>
                    </organization>
                </ns2:contact>
                <ns2:publicationDateTime>2017-03-16T11:12:40</ns2:publicationDateTime>
                <ns2:documentationDelivery/>
                <ns2:status>P</ns2:status>
                <ns2:version>1</ns2:version>
                <ns2:notDishonest>false</ns2:notDishonest>
                <ns2:attachments>
                    <totalDocumentsCount>3</totalDocumentsCount>
                    <document>
                        <guid>6d929d0d-1ec5-4eef-ae77-43e8c1121cfd</guid>
                        <createDateTime>2017-03-16T11:12:18</createDateTime>
                        <fileName>Спецификация.xlsx</fileName>
                        <description>Спецификация</description>
                        <url>http://zakupki.gov.ru/223/purchase/public/download/download.html?id=30099237</url>
                    </document>
                    <document>
                        <guid>a6c743f1-11d6-4998-be34-cbc27727605e</guid>
                        <createDateTime>2017-03-16T11:12:11</createDateTime>
                        <fileName>Договор.doc</fileName>
                        <description>Договор</description>
                        <url>http://zakupki.gov.ru/223/purchase/public/download/download.html?id=30099226</url>
                    </document>
                    <document>
                        <guid>bf2cd6ee-9803-4b6e-b90f-4d2ddd613d5a</guid>
                        <createDateTime>2017-03-16T11:12:15</createDateTime>
                        <fileName>Извещение и Документация.doc</fileName>
                        <description>Извещение и Документация</description>
                        <url>http://zakupki.gov.ru/223/purchase/public/download/download.html?id=30099231</url>
                    </document>
                </ns2:attachments>
                <ns2:modificationDate>2017-03-16T11:12:40</ns2:modificationDate>
                <ns2:saveUserId>115746</ns2:saveUserId>
                <ns2:deliveryPlaceIndication>DIFFERENT_PLACE</ns2:deliveryPlaceIndication>
                <ns2:emergency>false</ns2:emergency>
                <ns2:jointPurchase>false</ns2:jointPurchase>
                <ns2:lots>
                    <lot>
                        <guid>6de7b71d-73c6-4985-9609-f4421e9b7ead</guid>
                        <ordinalNumber>1</ordinalNumber>
                        <lotEditEnabled>false</lotEditEnabled>
                        <lotData>
                            <subject>Поставка сувенирной продукции для нужд ФГБОУ ВО "РЭУ им. Г.В. Плеханова"</subject>
                            <currency>
                                <code>RUB</code>
                                <digitalCode>643</digitalCode>
                                <name>Российский рубль</name>
                            </currency>
                            <initialSum>407280.00</initialSum>
                            <deliveryPlace>
                                <state>Центральный федеральный округ</state>
                                <region>Москва</region>
                                <regionOkato>45000000000</regionOkato>
                                <address>г. Москва, Стремянный пер., дом 36</address>
                            </deliveryPlace>
                            <lotItems>
                                <newCodes>true</newCodes>
                                <lotItem>
                                    <guid>d11af8ee-6c32-423a-be7d-edcdea465ae6</guid>
                                    <ordinalNumber>1</ordinalNumber>
                                    <okpd2>
                                        <code>14.19.23.120</code>
                                        <name>Шали, шарфы, вуали, кроме трикотажных или вязаных</name>
                                    </okpd2>
                                    <okved2>
                                        <code>46.4</code>
                                        <name>Торговля оптовая непродовольственными потребительскими товарами</name>
                                    </okved2>
                                    <okei>
                                        <code>796</code>
                                        <name>Штука</name>
                                    </okei>
                                    <qty>23</qty>
                                    <additionalInfo>Шелковый платок женский. Состав: 100 % натуральный шёлк. Цвет: Красный. Размер: 130 × 130 см. Материал: Воздушный шифон из натурального шёлка (mousseline de soie). Лёгкий, мягкий, полупрозрачный, красиво драпируется. Плотность шёлка 6 нитей на мм. Край изделия: Подшит вручную. Упакован в фирменный футляр РЭУ с логотипом Университета, нанесенного методом горячего прессования из фольги серебряного цвета.Производитель: Франция</additionalInfo>
                                </lotItem>
                                <lotItem>
                                    <guid>21061f45-5992-412c-8723-7b425e49e029</guid>
                                    <ordinalNumber>2</ordinalNumber>
                                    <okpd2>
                                        <code>14.19.23.120</code>
                                        <name>Шали, шарфы, вуали, кроме трикотажных или вязаных</name>
                                    </okpd2>
                                    <okved2>
                                        <code>46.4</code>
                                        <name>Торговля оптовая непродовольственными потребительскими товарами</name>
                                    </okved2>
                                    <okei>
                                        <code>796</code>
                                        <name>Штука</name>
                                    </okei>
                                    <qty>23</qty>
                                    <additionalInfo>Шелковый платок женский. Состав: 100 % натуральный шёлк высокой плотности. Цвет: Серый, Мультиколор. Размер: 140 × 140 см. Материал: Высококачественный шёлковый твил (twill de soie). Отличается благородным матовым поблёскиванием и характерным диагоналевым рубчиком на лицевой поверхности. Платок выполнен из шёлка высокой плотности - 18 нитей на мм. Край изделия: Подшит вручную. Упакован в фирменный футляр РЭУ с логотипом Университета, нанесенного методом горячего прессования из фольги серебряного цвета. Производитель: Франция</additionalInfo>
                                </lotItem>
                                <lotItem>
                                    <guid>eec1dfaa-67b2-46b5-b50f-fdd8aacaa32f</guid>
                                    <ordinalNumber>3</ordinalNumber>
                                    <okpd2>
                                        <code>14.19.23.120</code>
                                        <name>Шали, шарфы, вуали, кроме трикотажных или вязаных</name>
                                    </okpd2>
                                    <okved2>
                                        <code>46.4</code>
                                        <name>Торговля оптовая непродовольственными потребительскими товарами</name>
                                    </okved2>
                                    <okei>
                                        <code>796</code>
                                        <name>Штука</name>
                                    </okei>
                                    <qty>15</qty>
                                    <additionalInfo>Шаль бордовая с серебряной нитью женская. Состав: 50 % шёлк, 30 % люрекс, 20 % шерсть. Цвет: Бордовый. Размер: 140 × 140 см. Край изделия: Бахрома. Упакован в фирменный футляр РЭУ с логотипом Университета, нанесенного методом горячего прессования из фольги серебряного цвета. Производитель: Италия</additionalInfo>
                                </lotItem>
                                <lotItem>
                                    <guid>42bb03c4-914e-41bd-934f-8c03d96b442c</guid>
                                    <ordinalNumber>4</ordinalNumber>
                                    <okpd2>
                                        <code>14.19.23.120</code>
                                        <name>Шали, шарфы, вуали, кроме трикотажных или вязаных</name>
                                    </okpd2>
                                    <okved2>
                                        <code>46.4</code>
                                        <name>Торговля оптовая непродовольственными потребительскими товарами</name>
                                    </okved2>
                                    <okei>
                                        <code>796</code>
                                        <name>Штука</name>
                                    </okei>
                                    <qty>34</qty>
                                    <additionalInfo>Шарф женский. Состав: 65 % вискоза, 35 % шёлк. Цвет: Розовый. Размер: 70 × 185 см. Материал: Мягкая шелковистая ткань из сочетания натурального шёлка и вискозы хорошо впитывает влагу, красиво драпируется и обладает хорошими теплозащитными свойствами. Очень приятна на ощупь - гладкая, не раздражает кожу. Край изделия: По продольной стороне — кромка, по поперечной — бахрома. Упакован в фирменный футляр РЭУ с логотипом Университета, нанесенного методом горячего прессования из фольги серебряного цвета. Производитель: Англия</additionalInfo>
                                </lotItem>
                                <lotItem>
                                    <guid>b06a028e-9cd1-4edc-aae8-262a231887c2</guid>
                                    <ordinalNumber>5</ordinalNumber>
                                    <okpd2>
                                        <code>15.12.19.110</code>
                                        <name>Изделия прочие из кожи натуральной или композиционной, не включенные в другие группировки</name>
                                    </okpd2>
                                    <okved2>
                                        <code>46.4</code>
                                        <name>Торговля оптовая непродовольственными потребительскими товарами</name>
                                    </okved2>
                                    <okei>
                                        <code>796</code>
                                        <name>Штука</name>
                                    </okei>
                                    <qty>20</qty>
                                    <additionalInfo>Женский кошелек-клатч на молнии. Состав: натуральная кожа. Кошелек закрывается на 2 молнии. 4 основных отделения для купюр. 1 отделение на молнии. 2 боковых отделения. 8 отделений для пластиковых карт или визиток. Фурнитура - металл. Упакован в фирменный футляр РЭУ с логотипом Университета, нанесенного методом горячего прессования из фольги серебряного цвета. Производство: Италия</additionalInfo>
                                </lotItem>
                            </lotItems>
                            <forSmallOrMiddle>true</forSmallOrMiddle>
                            <excludePurchaseFromPlan>false</excludePurchaseFromPlan>
                            <subcontractorsRequirement>false</subcontractorsRequirement>
                            <ignoredPurchase>false</ignoredPurchase>
                            <centralized>false</centralized>
                        </lotData>
                        <deliveryPlaceIndication>GL</deliveryPlaceIndication>
                        <jointLotData>
                            <jointLot>false</jointLot>
                        </jointLotData>
                        <lotPlanInfo>
                            <planRegistrationNumber>2160209814</planRegistrationNumber>
                            <planGuid>c4bd5cba-87c0-49f7-bb30-fc71957281c4</planGuid>
                            <positionNumber>670</positionNumber>
                            <lotPlanPosition>COMMODITY</lotPlanPosition>
                            <positionGuid>2bcb23a1-9cda-44a2-b42d-6fcbe03077a1</positionGuid>
                        </lotPlanInfo>
                        <cancelled>false</cancelled>
                    </lot>
                </ns2:lots>
            </ns2:purchaseNoticeEPData>
        </ns2:item>
    </ns2:body>
</ns2:purchaseNoticeEP>
