<?xml version="1.0" encoding="UTF-8" standalone="yes"?>
<ns2:purchaseNoticeEP xsi:schemaLocation="http://zakupki.gov.ru/223/integration/schema/TFF-5.2 http://zakupki.gov.ru/223/integration/schema/TFF-5.2/purchase.xsd" xmlns="http://zakupki.gov.ru/223fz/types/1" xmlns:ns10="http://zakupki.gov.ru/223fz/purchasePlan/1" xmlns:ns11="http://zakupki.gov.ru/223fz/purchasePlanProject/1" xmlns:ns12="http://zakupki.gov.ru/223fz/purchasePlanProjectAdditionalPosition/1" xmlns:ns13="http://zakupki.gov.ru/223fz/contract/1" xmlns:ns14="http://zakupki.gov.ru/223fz/missedNotice/1" xmlns:ns15="http://zakupki.gov.ru/223fz/reference/1" xmlns:ns16="http://zakupki.gov.ru/223fz/stopCommodity/1" xmlns:ns17="http://zakupki.gov.ru/223fz/decisionSuspension/1" xmlns:ns18="http://zakupki.gov.ru/223fz/purchasePlanAdditionalPosition/1" xmlns:ns19="http://zakupki.gov.ru/223fz/webRequest/1" xmlns:ns2="http://zakupki.gov.ru/223fz/purchase/1" xmlns:xsi="http://www.w3.org/2001/XMLSchema-instance" xmlns:ns3="http://zakupki.gov.ru/223fz/dishonestSupplier/1" xmlns:ns4="http://zakupki.gov.ru/223fz/machineryListInfo/1" xmlns:ns5="http://zakupki.gov.ru/223fz/revenue/1" xmlns:ns6="http://zakupki.gov.ru/223fz/orderClauseList/1" xmlns:ns7="http://zakupki.gov.ru/223fz/disagreementProtocol/1" xmlns:ns8="http://zakupki.gov.ru/223fz/complaint/1" xmlns:ns9="http://zakupki.gov.ru/223fz/notificationIssue/1">
    <header>
        <guid>55ac966f-8dbf-4e9f-91bc-280513f5e115</guid>
        <createDateTime>2017-03-16T15:35:36</createDateTime>
    </header>
    <ns2:body>
        <ns2:item>
            <guid>d81f30e0-84ad-42e3-a61f-97d3a3579ac6</guid>
            <ns2:purchaseNoticeEPData>
                <ns2:guid>d81f30e0-84ad-42e3-a61f-97d3a3579ac6</ns2:guid>
                <ns2:createDateTime>2017-03-16T15:30:00</ns2:createDateTime>
                <ns2:urlOOS>https://zakupki.gov.ru/223/purchase/private/purchase/notice-info/details.html?noticeInfoId=5886827</ns2:urlOOS>
                <ns2:registrationNumber>31704898667</ns2:registrationNumber>
                <ns2:name>Оказание услуг по теме: «Адресный список жилых и нежилых строений города Москвы, учтенных в Базе Данных ГБУ МосгорБТИ, с указанием основных характеристик строений»(номер закупки 11446/В)</ns2:name>
                <ns2:customer>
                    <mainInfo>
                        <fullName>ПУБЛИЧНОЕ АКЦИОНЕРНОЕ ОБЩЕСТВО "МОСКОВСКАЯ ОБЪЕДИНЕННАЯ ЭНЕРГЕТИЧЕСКАЯ КОМПАНИЯ"</fullName>
                        <shortName>ПАО "МОЭК"</shortName>
                        <iko>57720518494770401001</iko>
                        <inn>7720518494</inn>
                        <kpp>770401001</kpp>
                        <ogrn>1047796974092</ogrn>
                        <legalAddress>119048, Г МОСКВА, УЛ ЕФРЕМОВА, дом ДОМ 10</legalAddress>
                        <postalAddress>119048, Москва Город, Ефремова Улица, дом 10</postalAddress>
                        <phone>7-495-5877788-8176</phone>
                        <email>info@oaomoek.ru</email>
                        <okato>45263583000</okato>
                        <okpo>75562448</okpo>
                    </mainInfo>
                </ns2:customer>
                <ns2:purchaseMethodCode>3363</ns2:purchaseMethodCode>
                <ns2:purchaseCodeName>Закупка у единственного поставщика (исполнителя, подрядчика)</ns2:purchaseCodeName>
                <ns2:placer>
                    <mainInfo>
                        <fullName>ПУБЛИЧНОЕ АКЦИОНЕРНОЕ ОБЩЕСТВО "МОСКОВСКАЯ ОБЪЕДИНЕННАЯ ЭНЕРГЕТИЧЕСКАЯ КОМПАНИЯ"</fullName>
                        <shortName>ПАО "МОЭК"</shortName>
                        <iko>57720518494770401001</iko>
                        <inn>7720518494</inn>
                        <kpp>770401001</kpp>
                        <ogrn>1047796974092</ogrn>
                        <legalAddress>119048, Г МОСКВА, УЛ ЕФРЕМОВА, дом ДОМ 10</legalAddress>
                        <postalAddress>119048, Москва Город, Ефремова Улица, дом 10</postalAddress>
                        <phone>7-495-5877788-8176</phone>
                        <email>info@oaomoek.ru</email>
                        <okato>45263583000</okato>
                        <okpo>75562448</okpo>
                    </mainInfo>
                </ns2:placer>
                <ns2:contact>
                    <phone>+7 (495) 5877788</phone>
                    <email>info@oaomoek.ru</email>
                    <organization>
                        <mainInfo>
                            <fullName>ПУБЛИЧНОЕ АКЦИОНЕРНОЕ ОБЩЕСТВО "МОСКОВСКАЯ ОБЪЕДИНЕННАЯ ЭНЕРГЕТИЧЕСКАЯ КОМПАНИЯ"</fullName>
                            <shortName>ПАО "МОЭК"</shortName>
                            <iko>57720518494770401001</iko>
                            <inn>7720518494</inn>
                            <kpp>770401001</kpp>
                            <ogrn>1047796974092</ogrn>
                            <legalAddress>119048, Г МОСКВА, УЛ ЕФРЕМОВА, дом ДОМ 10</legalAddress>
                            <postalAddress>119048, Москва Город, Ефремова Улица, дом 10</postalAddress>
                            <phone>7-495-5877788-8176</phone>
                            <email>info@oaomoek.ru</email>
                            <okato>45263583000</okato>
                            <okpo>75562448</okpo>
                        </mainInfo>
                    </organization>
                </ns2:contact>
                <ns2:publicationDateTime>2017-03-16T15:35:36</ns2:publicationDateTime>
                <ns2:documentationDelivery>
                    <deliveryStartDateTime>2017-03-15</deliveryStartDateTime>
                    <deliveryEndDateTime>2017-03-15</deliveryEndDateTime>
                    <place>Документация о закупке не предоставляется</place>
                    <procedure>Предложения участников закупки не рассматриваются, итоги закупки не подводятся</procedure>
                </ns2:documentationDelivery>
                <ns2:status>P</ns2:status>
                <ns2:version>1</ns2:version>
                <ns2:notDishonest>false</ns2:notDishonest>
                <ns2:attachments>
                    <totalDocumentsCount>1</totalDocumentsCount>
                    <document>
                        <guid>f4938d8d-83c0-49fe-918a-7a700877682d</guid>
                        <createDateTime>2017-03-16T15:34:36</createDateTime>
                        <fileName>KD_EI_11446В.7z</fileName>
                        <description>KD_EI_11446В</description>
                        <url>http://zakupki.gov.ru/223/purchase/public/download/download.html?id=30113825</url>
                    </document>
                </ns2:attachments>
                <ns2:modificationDate>2017-03-16T15:35:36</ns2:modificationDate>
                <ns2:saveUserId>47847</ns2:saveUserId>
                <ns2:deliveryPlaceIndication>DIFFERENT_PLACE</ns2:deliveryPlaceIndication>
                <ns2:emergency>false</ns2:emergency>
                <ns2:jointPurchase>false</ns2:jointPurchase>
                <ns2:lots>
                    <lot>
                        <guid>2268ad03-79b1-42ed-acf6-5d0d5c8d48c5</guid>
                        <ordinalNumber>1</ordinalNumber>
                        <lotEditEnabled>false</lotEditEnabled>
                        <lotData>
                            <subject>Оказание услуг по теме: «Адресный список жилых и нежилых строений города Москвы, учтенных в Базе Данных ГБУ МосгорБТИ, с указанием основных характеристик строений». 
</subject>
                            <currency>
                                <code>RUB</code>
                                <digitalCode>643</digitalCode>
                                <name>Российский рубль</name>
                            </currency>
                            <initialSum>1581738.11</initialSum>
                            <deliveryPlace>
                                <state>Центральный федеральный округ</state>
                                <region>Москва</region>
                                <regionOkato>45000000000</regionOkato>
                                <address>г. Москва</address>
                            </deliveryPlace>
                            <lotItems>
                                <newCodes>true</newCodes>
                                <lotItem>
                                    <guid>269638f2-8071-4513-bc0c-6c3feca5c37f</guid>
                                    <ordinalNumber>1</ordinalNumber>
                                    <okpd2>
                                        <code>62.01</code>
                                        <name>Продукты программные и услуги по разработке и тестированию программного обеспечения</name>
                                    </okpd2>
                                    <okved2>
                                        <code>62.01</code>
                                        <name>Разработка компьютерного программного обеспечения</name>
                                    </okved2>
                                    <okei>
                                        <code>876</code>
                                        <name>Условная единица</name>
                                    </okei>
                                    <qty>1</qty>
                                </lotItem>
                            </lotItems>
                            <forSmallOrMiddle>false</forSmallOrMiddle>
                            <excludePurchaseFromPlan>false</excludePurchaseFromPlan>
                            <subcontractorsRequirement>false</subcontractorsRequirement>
                            <ignoredPurchase>false</ignoredPurchase>
                            <centralized>false</centralized>
                        </lotData>
                        <deliveryPlaceIndication>GL</deliveryPlaceIndication>
                        <jointLotData>
                            <jointLot>false</jointLot>
                        </jointLotData>
                        <lotPlanInfo>
                            <planRegistrationNumber>2160185872</planRegistrationNumber>
                            <planGuid>3e29625f-e3d7-4b67-a3e6-f07462cd06f5</planGuid>
                            <positionNumber>839</positionNumber>
                            <lotPlanPosition>COMMODITY</lotPlanPosition>
                            <positionGuid>3d8c4b17-6d4e-4608-82b4-24a54605086e</positionGuid>
                        </lotPlanInfo>
                        <cancelled>false</cancelled>
                    </lot>
                </ns2:lots>
            </ns2:purchaseNoticeEPData>
        </ns2:item>
    </ns2:body>
</ns2:purchaseNoticeEP>
