<?xml version="1.0" encoding="UTF-8" standalone="yes"?>
<ns2:purchaseNoticeEP xsi:schemaLocation="http://zakupki.gov.ru/223/integration/schema/TFF-5.2 http://zakupki.gov.ru/223/integration/schema/TFF-5.2/purchase.xsd" xmlns="http://zakupki.gov.ru/223fz/types/1" xmlns:ns10="http://zakupki.gov.ru/223fz/purchasePlan/1" xmlns:ns11="http://zakupki.gov.ru/223fz/purchasePlanProject/1" xmlns:ns12="http://zakupki.gov.ru/223fz/purchasePlanProjectAdditionalPosition/1" xmlns:ns13="http://zakupki.gov.ru/223fz/contract/1" xmlns:ns14="http://zakupki.gov.ru/223fz/missedNotice/1" xmlns:ns15="http://zakupki.gov.ru/223fz/reference/1" xmlns:ns16="http://zakupki.gov.ru/223fz/stopCommodity/1" xmlns:ns17="http://zakupki.gov.ru/223fz/decisionSuspension/1" xmlns:ns18="http://zakupki.gov.ru/223fz/purchasePlanAdditionalPosition/1" xmlns:ns19="http://zakupki.gov.ru/223fz/webRequest/1" xmlns:ns2="http://zakupki.gov.ru/223fz/purchase/1" xmlns:xsi="http://www.w3.org/2001/XMLSchema-instance" xmlns:ns3="http://zakupki.gov.ru/223fz/dishonestSupplier/1" xmlns:ns4="http://zakupki.gov.ru/223fz/machineryListInfo/1" xmlns:ns5="http://zakupki.gov.ru/223fz/revenue/1" xmlns:ns6="http://zakupki.gov.ru/223fz/orderClauseList/1" xmlns:ns7="http://zakupki.gov.ru/223fz/disagreementProtocol/1" xmlns:ns8="http://zakupki.gov.ru/223fz/complaint/1" xmlns:ns9="http://zakupki.gov.ru/223fz/notificationIssue/1">
    <header>
        <guid>85accd45-1247-440c-879f-b1d77aed391b</guid>
        <createDateTime>2017-03-16T16:38:04</createDateTime>
    </header>
    <ns2:body>
        <ns2:item>
            <guid>b355d998-c27c-4b0a-9a42-1fb88379b345</guid>
            <ns2:purchaseNoticeEPData>
                <ns2:guid>b355d998-c27c-4b0a-9a42-1fb88379b345</ns2:guid>
                <ns2:createDateTime>2017-03-01T12:26:51</ns2:createDateTime>
                <ns2:urlOOS>https://zakupki.gov.ru/223/purchase/private/purchase/notice-info/details.html?noticeInfoId=5819308</ns2:urlOOS>
                <ns2:registrationNumber>31704899279</ns2:registrationNumber>
                <ns2:name>Поставка оргтехники  для нужд кафедры НХС РХТУ им Д.И. Менделеева</ns2:name>
                <ns2:customer>
                    <mainInfo>
                        <fullName>ФЕДЕРАЛЬНОЕ ГОСУДАРСТВЕННОЕ БЮДЖЕТНОЕ ОБРАЗОВАТЕЛЬНОЕ УЧРЕЖДЕНИЕ ВЫСШЕГО ОБРАЗОВАНИЯ "РОССИЙСКИЙ ХИМИКО-ТЕХНОЛОГИЧЕСКИЙ УНИВЕРСИТЕТ ИМЕНИ Д.И. МЕНДЕЛЕЕВА"</fullName>
                        <shortName>РХТУ ИМ. Д.И. МЕНДЕЛЕЕВА</shortName>
                        <iko>87707072637770701001</iko>
                        <inn>7707072637</inn>
                        <kpp>770701001</kpp>
                        <ogrn>1027739123224</ogrn>
                        <legalAddress>125047, Г МОСКВА, ПЛ МИУССКАЯ, дом 9</legalAddress>
                        <postalAddress>125047, дом 9</postalAddress>
                        <phone>7-499-9788660</phone>
                        <fax>7-499-9735008</fax>
                        <email>imolaw@muctr.ru</email>
                        <okato>45286585000</okato>
                        <okpo>02066492</okpo>
                    </mainInfo>
                </ns2:customer>
                <ns2:purchaseMethodCode>3363</ns2:purchaseMethodCode>
                <ns2:purchaseCodeName>Закупка у единственного поставщика (исполнителя, подрядчика)</ns2:purchaseCodeName>
                <ns2:placer>
                    <mainInfo>
                        <fullName>ФЕДЕРАЛЬНОЕ ГОСУДАРСТВЕННОЕ БЮДЖЕТНОЕ ОБРАЗОВАТЕЛЬНОЕ УЧРЕЖДЕНИЕ ВЫСШЕГО ОБРАЗОВАНИЯ "РОССИЙСКИЙ ХИМИКО-ТЕХНОЛОГИЧЕСКИЙ УНИВЕРСИТЕТ ИМЕНИ Д.И. МЕНДЕЛЕЕВА"</fullName>
                        <shortName>РХТУ ИМ. Д.И. МЕНДЕЛЕЕВА</shortName>
                        <iko>87707072637770701001</iko>
                        <inn>7707072637</inn>
                        <kpp>770701001</kpp>
                        <ogrn>1027739123224</ogrn>
                        <legalAddress>125047, Г МОСКВА, ПЛ МИУССКАЯ, дом 9</legalAddress>
                        <postalAddress>125047, дом 9</postalAddress>
                        <phone>7-499-9788660</phone>
                        <fax>7-499-9735008</fax>
                        <email>imolaw@muctr.ru</email>
                        <okato>45286585000</okato>
                        <okpo>02066492</okpo>
                    </mainInfo>
                </ns2:placer>
                <ns2:contact>
                    <phone>+7 (499) 9724807</phone>
                    <email>snab@muctr.ru</email>
                    <organization>
                        <mainInfo>
                            <fullName>ФЕДЕРАЛЬНОЕ ГОСУДАРСТВЕННОЕ БЮДЖЕТНОЕ ОБРАЗОВАТЕЛЬНОЕ УЧРЕЖДЕНИЕ ВЫСШЕГО ОБРАЗОВАНИЯ "РОССИЙСКИЙ ХИМИКО-ТЕХНОЛОГИЧЕСКИЙ УНИВЕРСИТЕТ ИМЕНИ Д.И. МЕНДЕЛЕЕВА"</fullName>
                            <shortName>РХТУ ИМ. Д.И. МЕНДЕЛЕЕВА</shortName>
                            <iko>87707072637770701001</iko>
                            <inn>7707072637</inn>
                            <kpp>770701001</kpp>
                            <ogrn>1027739123224</ogrn>
                            <legalAddress>125047, Г МОСКВА, ПЛ МИУССКАЯ, дом 9</legalAddress>
                            <postalAddress>125047, дом 9</postalAddress>
                            <phone>7-499-9788660</phone>
                            <fax>7-499-9735008</fax>
                            <email>imolaw@muctr.ru</email>
                            <okato>45286585000</okato>
                            <okpo>02066492</okpo>
                        </mainInfo>
                    </organization>
                </ns2:contact>
                <ns2:publicationDateTime>2017-03-16T16:38:04</ns2:publicationDateTime>
                <ns2:documentationDelivery/>
                <ns2:status>P</ns2:status>
                <ns2:version>1</ns2:version>
                <ns2:notDishonest>false</ns2:notDishonest>
                <ns2:attachments>
                    <totalDocumentsCount>1</totalDocumentsCount>
                    <document>
                        <guid>9ad73afb-db6b-4408-85a6-ede2013912cd</guid>
                        <createDateTime>2017-03-16T16:37:43</createDateTime>
                        <fileName>70-223 договор.pdf</fileName>
                        <description>договор</description>
                        <url>http://zakupki.gov.ru/223/purchase/public/download/download.html?id=30117201</url>
                    </document>
                </ns2:attachments>
                <ns2:modificationDate>2017-03-16T16:38:04</ns2:modificationDate>
                <ns2:saveUserId>200654</ns2:saveUserId>
                <ns2:deliveryPlaceIndication>SINGLE_PLACE</ns2:deliveryPlaceIndication>
                <ns2:emergency>false</ns2:emergency>
                <ns2:jointPurchase>false</ns2:jointPurchase>
                <ns2:lots>
                    <lot>
                        <guid>2b744640-3395-4fc8-bf0f-d1993aa879d1</guid>
                        <ordinalNumber>1</ordinalNumber>
                        <lotEditEnabled>false</lotEditEnabled>
                        <lotData>
                            <subject>Поставка оргтехники  для нужд кафедры НХС РХТУ им Д.И. Менделеева											
</subject>
                            <currency>
                                <code>RUB</code>
                                <digitalCode>643</digitalCode>
                                <name>Российский рубль</name>
                            </currency>
                            <initialSum>239951.20</initialSum>
                            <deliveryPlace>
                                <state>Центральный федеральный округ</state>
                                <region>Москва</region>
                                <regionOkato>45000000000</regionOkato>
                                <address>Миусская пл., д.9</address>
                            </deliveryPlace>
                            <lotItems>
                                <newCodes>true</newCodes>
                                <lotItem>
                                    <guid>025d0c8a-ed99-4d0a-b780-07e42c9d56fb</guid>
                                    <ordinalNumber>1</ordinalNumber>
                                    <okpd2>
                                        <code>26.20.14.000</code>
                                        <name>Машины вычислительные электронные цифровые, поставляемые в виде систем для автоматической обработки данных</name>
                                    </okpd2>
                                    <okved2>
                                        <code>26.20.1</code>
                                        <name>Производство компьютеров</name>
                                    </okved2>
                                    <okei>
                                        <code>876</code>
                                        <name>Условная единица</name>
                                    </okei>
                                    <qty>1</qty>
                                </lotItem>
                            </lotItems>
                            <forSmallOrMiddle>false</forSmallOrMiddle>
                            <excludePurchaseFromPlan>false</excludePurchaseFromPlan>
                            <subcontractorsRequirement>false</subcontractorsRequirement>
                            <ignoredPurchase>false</ignoredPurchase>
                            <centralized>false</centralized>
                        </lotData>
                        <deliveryPlaceIndication>GL</deliveryPlaceIndication>
                        <jointLotData>
                            <jointLot>false</jointLot>
                        </jointLotData>
                        <lotPlanInfo>
                            <planRegistrationNumber>2160203355</planRegistrationNumber>
                            <planGuid>cea00ec2-109a-477d-8a0c-54f410dd8b29</planGuid>
                            <positionNumber>42</positionNumber>
                            <lotPlanPosition>COMMODITY</lotPlanPosition>
                            <positionGuid>ab7cea1f-444b-479c-ba69-4fd6d7e03ce6</positionGuid>
                        </lotPlanInfo>
                        <cancelled>false</cancelled>
                    </lot>
                </ns2:lots>
            </ns2:purchaseNoticeEPData>
        </ns2:item>
    </ns2:body>
</ns2:purchaseNoticeEP>
