<?xml version="1.0" encoding="UTF-8" standalone="yes"?>
<ns2:purchaseNoticeEP xsi:schemaLocation="http://zakupki.gov.ru/223/integration/schema/TFF-5.2 http://zakupki.gov.ru/223/integration/schema/TFF-5.2/purchase.xsd" xmlns="http://zakupki.gov.ru/223fz/types/1" xmlns:ns10="http://zakupki.gov.ru/223fz/purchasePlan/1" xmlns:ns11="http://zakupki.gov.ru/223fz/purchasePlanProject/1" xmlns:ns12="http://zakupki.gov.ru/223fz/purchasePlanProjectAdditionalPosition/1" xmlns:ns13="http://zakupki.gov.ru/223fz/contract/1" xmlns:ns14="http://zakupki.gov.ru/223fz/missedNotice/1" xmlns:ns15="http://zakupki.gov.ru/223fz/reference/1" xmlns:ns16="http://zakupki.gov.ru/223fz/stopCommodity/1" xmlns:ns17="http://zakupki.gov.ru/223fz/decisionSuspension/1" xmlns:ns18="http://zakupki.gov.ru/223fz/purchasePlanAdditionalPosition/1" xmlns:ns19="http://zakupki.gov.ru/223fz/webRequest/1" xmlns:ns2="http://zakupki.gov.ru/223fz/purchase/1" xmlns:xsi="http://www.w3.org/2001/XMLSchema-instance" xmlns:ns3="http://zakupki.gov.ru/223fz/dishonestSupplier/1" xmlns:ns4="http://zakupki.gov.ru/223fz/machineryListInfo/1" xmlns:ns5="http://zakupki.gov.ru/223fz/revenue/1" xmlns:ns6="http://zakupki.gov.ru/223fz/orderClauseList/1" xmlns:ns7="http://zakupki.gov.ru/223fz/disagreementProtocol/1" xmlns:ns8="http://zakupki.gov.ru/223fz/complaint/1" xmlns:ns9="http://zakupki.gov.ru/223fz/notificationIssue/1">
    <header>
        <guid>c86a0035-2a5b-4cf7-916e-86844febe628</guid>
        <createDateTime>2017-03-16T18:50:24</createDateTime>
    </header>
    <ns2:body>
        <ns2:item>
            <guid>92e96591-7b70-4e7e-9faa-20dd0cfdf83a</guid>
            <ns2:purchaseNoticeEPData>
                <ns2:guid>92e96591-7b70-4e7e-9faa-20dd0cfdf83a</ns2:guid>
                <ns2:createDateTime>2017-03-16T18:47:38</ns2:createDateTime>
                <ns2:urlOOS>https://zakupki.gov.ru/223/purchase/private/purchase/notice-info/details.html?noticeInfoId=5888362</ns2:urlOOS>
                <ns2:registrationNumber>31704899988</ns2:registrationNumber>
                <ns2:name>Размещение в форме неснижаемого остатка на расчетном счете денежных средств.</ns2:name>
                <ns2:customer>
                    <mainInfo>
                        <fullName>АКЦИОНЕРНОЕ ОБЩЕСТВО "ГЛОНАСС"</fullName>
                        <shortName>АО "ГЛОНАСС"</shortName>
                        <iko>57703383783770301001</iko>
                        <inn>7703383783</inn>
                        <kpp>770701001</kpp>
                        <ogrn>1157746554239</ogrn>
                        <legalAddress>127055, Г МОСКВА, УЛ НОВОЛЕСНАЯ, дом ДОМ 3, корпус СТРОЕНИЕ 1</legalAddress>
                        <postalAddress>127055, г. Москва, ул. Новолесная, д.3, стр.1</postalAddress>
                        <phone>7-495-2581188</phone>
                        <fax>7-495-2581189</fax>
                        <email>kes@aoglonass.ru</email>
                        <okato>45286575000</okato>
                        <okpo>46392057</okpo>
                    </mainInfo>
                </ns2:customer>
                <ns2:purchaseMethodCode>3363</ns2:purchaseMethodCode>
                <ns2:purchaseCodeName>Закупка у единственного поставщика (исполнителя, подрядчика)</ns2:purchaseCodeName>
                <ns2:placer>
                    <mainInfo>
                        <fullName>АКЦИОНЕРНОЕ ОБЩЕСТВО "ГЛОНАСС"</fullName>
                        <shortName>АО "ГЛОНАСС"</shortName>
                        <iko>57703383783770301001</iko>
                        <inn>7703383783</inn>
                        <kpp>770701001</kpp>
                        <ogrn>1157746554239</ogrn>
                        <legalAddress>127055, Г МОСКВА, УЛ НОВОЛЕСНАЯ, дом ДОМ 3, корпус СТРОЕНИЕ 1</legalAddress>
                        <postalAddress>127055, г. Москва, ул. Новолесная, д.3, стр.1</postalAddress>
                        <phone>7-495-2581188</phone>
                        <fax>7-495-2581189</fax>
                        <email>kes@aoglonass.ru</email>
                        <okato>45286575000</okato>
                        <okpo>46392057</okpo>
                    </mainInfo>
                </ns2:placer>
                <ns2:contact>
                    <firstName>Андрей</firstName>
                    <middleName>Васильевич</middleName>
                    <lastName>Галузо</lastName>
                    <phone>+7 (499) 9735779, доб.: 122</phone>
                    <email>gav@aoglonass.ru </email>
                    <organization>
                        <mainInfo>
                            <fullName>АКЦИОНЕРНОЕ ОБЩЕСТВО "ГЛОНАСС"</fullName>
                            <shortName>АО "ГЛОНАСС"</shortName>
                            <iko>57703383783770301001</iko>
                            <inn>7703383783</inn>
                            <kpp>770701001</kpp>
                            <ogrn>1157746554239</ogrn>
                            <legalAddress>127055, Г МОСКВА, УЛ НОВОЛЕСНАЯ, дом ДОМ 3, корпус СТРОЕНИЕ 1</legalAddress>
                            <postalAddress>127055, г. Москва, ул. Новолесная, д.3, стр.1</postalAddress>
                            <phone>7-495-2581188</phone>
                            <fax>7-495-2581189</fax>
                            <email>kes@aoglonass.ru</email>
                            <okato>45286575000</okato>
                            <okpo>46392057</okpo>
                        </mainInfo>
                    </organization>
                </ns2:contact>
                <ns2:publicationDateTime>2017-03-16T18:50:24</ns2:publicationDateTime>
                <ns2:documentationDelivery/>
                <ns2:status>P</ns2:status>
                <ns2:version>1</ns2:version>
                <ns2:notDishonest>true</ns2:notDishonest>
                <ns2:attachments>
                    <totalDocumentsCount>1</totalDocumentsCount>
                    <document>
                        <guid>e7db82ca-de6e-4166-99fe-d3ad15fdee2e</guid>
                        <createDateTime>2017-03-16T18:50:08</createDateTime>
                        <fileName>ПЗ-2017-008_неснижаемый остаток.docx</fileName>
                        <description>ПЗ-2017-008_неснижаемый остаток</description>
                        <url>http://zakupki.gov.ru/223/purchase/public/download/download.html?id=30120976</url>
                    </document>
                </ns2:attachments>
                <ns2:modificationDate>2017-03-16T18:50:24</ns2:modificationDate>
                <ns2:saveUserId>262082</ns2:saveUserId>
                <ns2:deliveryPlaceIndication>DIFFERENT_PLACE</ns2:deliveryPlaceIndication>
                <ns2:emergency>false</ns2:emergency>
                <ns2:jointPurchase>false</ns2:jointPurchase>
                <ns2:lots>
                    <lot>
                        <guid>784c236d-c0a9-40f4-a1fc-640c4e8b03dc</guid>
                        <ordinalNumber>1</ordinalNumber>
                        <lotEditEnabled>false</lotEditEnabled>
                        <lotData>
                            <subject>Размещение в форме неснижаемого остатка на расчетном счете денежных средств.</subject>
                            <currency>
                                <code>RUB</code>
                                <digitalCode>643</digitalCode>
                                <name>Российский рубль</name>
                            </currency>
                            <initialSum>30000000.00</initialSum>
                            <deliveryPlace>
                                <state>Центральный федеральный округ</state>
                                <region>Москва</region>
                                <regionOkato>45000000000</regionOkato>
                                <address>г.Москва</address>
                            </deliveryPlace>
                            <lotItems>
                                <newCodes>true</newCodes>
                                <lotItem>
                                    <guid>9c8e4b8f-e22d-4d71-8dc9-6e7d1de36045</guid>
                                    <ordinalNumber>1</ordinalNumber>
                                    <okpd2>
                                        <code>64.19.11.000</code>
                                        <name>Услуги по размещению депозитных вкладов юридических лиц</name>
                                    </okpd2>
                                    <okved2>
                                        <code>64.19</code>
                                        <name>Денежное посредничество прочее</name>
                                    </okved2>
                                    <okei>
                                        <code>362</code>
                                        <name>Месяц</name>
                                    </okei>
                                    <qty>1</qty>
                                </lotItem>
                            </lotItems>
                            <forSmallOrMiddle>false</forSmallOrMiddle>
                            <excludePurchaseFromPlan>false</excludePurchaseFromPlan>
                            <subcontractorsRequirement>false</subcontractorsRequirement>
                            <ignoredPurchase>false</ignoredPurchase>
                            <centralized>false</centralized>
                        </lotData>
                        <deliveryPlaceIndication>GL</deliveryPlaceIndication>
                        <jointLotData>
                            <jointLot>false</jointLot>
                        </jointLotData>
                        <lotPlanInfo>
                            <planRegistrationNumber>2160219923</planRegistrationNumber>
                            <planGuid>02f0bfa9-88df-424f-a95e-40eaa6f69efb</planGuid>
                            <positionNumber>35</positionNumber>
                            <lotPlanPosition>COMMODITY</lotPlanPosition>
                            <positionGuid>0e1766a5-d282-4926-b8b1-4f173331518e</positionGuid>
                        </lotPlanInfo>
                        <cancelled>false</cancelled>
                    </lot>
                </ns2:lots>
            </ns2:purchaseNoticeEPData>
        </ns2:item>
    </ns2:body>
</ns2:purchaseNoticeEP>
