<?xml version="1.0" encoding="UTF-8" standalone="yes"?>
<ns2:purchaseNoticeEP xsi:schemaLocation="http://zakupki.gov.ru/223/integration/schema/TFF-5.2 http://zakupki.gov.ru/223/integration/schema/TFF-5.2/purchase.xsd" xmlns="http://zakupki.gov.ru/223fz/types/1" xmlns:ns10="http://zakupki.gov.ru/223fz/purchasePlan/1" xmlns:ns11="http://zakupki.gov.ru/223fz/purchasePlanProject/1" xmlns:ns12="http://zakupki.gov.ru/223fz/purchasePlanProjectAdditionalPosition/1" xmlns:ns13="http://zakupki.gov.ru/223fz/contract/1" xmlns:ns14="http://zakupki.gov.ru/223fz/missedNotice/1" xmlns:ns15="http://zakupki.gov.ru/223fz/reference/1" xmlns:ns16="http://zakupki.gov.ru/223fz/stopCommodity/1" xmlns:ns17="http://zakupki.gov.ru/223fz/decisionSuspension/1" xmlns:ns18="http://zakupki.gov.ru/223fz/purchasePlanAdditionalPosition/1" xmlns:ns19="http://zakupki.gov.ru/223fz/webRequest/1" xmlns:ns2="http://zakupki.gov.ru/223fz/purchase/1" xmlns:xsi="http://www.w3.org/2001/XMLSchema-instance" xmlns:ns3="http://zakupki.gov.ru/223fz/dishonestSupplier/1" xmlns:ns4="http://zakupki.gov.ru/223fz/machineryListInfo/1" xmlns:ns5="http://zakupki.gov.ru/223fz/revenue/1" xmlns:ns6="http://zakupki.gov.ru/223fz/orderClauseList/1" xmlns:ns7="http://zakupki.gov.ru/223fz/disagreementProtocol/1" xmlns:ns8="http://zakupki.gov.ru/223fz/complaint/1" xmlns:ns9="http://zakupki.gov.ru/223fz/notificationIssue/1">
    <header>
        <guid>307122d0-959a-44e3-b9cd-2a021d463c05</guid>
        <createDateTime>2017-03-16T17:52:43</createDateTime>
    </header>
    <ns2:body>
        <ns2:item>
            <guid>c031cfa0-8732-4397-8499-22ab7b0bffc9</guid>
            <ns2:purchaseNoticeEPData>
                <ns2:guid>c031cfa0-8732-4397-8499-22ab7b0bffc9</ns2:guid>
                <ns2:createDateTime>2017-03-16T17:49:40</ns2:createDateTime>
                <ns2:urlOOS>https://zakupki.gov.ru/223/purchase/private/purchase/notice-info/details.html?noticeInfoId=5888171</ns2:urlOOS>
                <ns2:registrationNumber>31704899812</ns2:registrationNumber>
                <ns2:name>Поставка удобрений</ns2:name>
                <ns2:customer>
                    <mainInfo>
                        <fullName>Государственное автономное учреждение культуры города Москвы "Центральный парк культуры и отдыха имени М. Горького"</fullName>
                        <shortName>ЦПКиО им. М. Горького</shortName>
                        <iko>57706052148770601001</iko>
                        <inn>7706052148</inn>
                        <kpp>770601001</kpp>
                        <ogrn>1027739258249</ogrn>
                        <legalAddress>119049, Москва, Крымский Вал, дом 9</legalAddress>
                        <postalAddress>119049, Москва город, Крымский Вал улица, дом 9</postalAddress>
                        <phone>7-495-9950020</phone>
                        <email>zakupki.cpkio@mail.ru</email>
                        <okato>45286596000</okato>
                        <okpo>02182815</okpo>
                    </mainInfo>
                </ns2:customer>
                <ns2:purchaseMethodCode>3363</ns2:purchaseMethodCode>
                <ns2:purchaseCodeName>Закупка у единственного поставщика (исполнителя, подрядчика)</ns2:purchaseCodeName>
                <ns2:placer>
                    <mainInfo>
                        <fullName>Государственное автономное учреждение культуры города Москвы "Центральный парк культуры и отдыха имени М. Горького"</fullName>
                        <shortName>ЦПКиО им. М. Горького</shortName>
                        <iko>57706052148770601001</iko>
                        <inn>7706052148</inn>
                        <kpp>770601001</kpp>
                        <ogrn>1027739258249</ogrn>
                        <legalAddress>119049, Москва, Крымский Вал, дом 9</legalAddress>
                        <postalAddress>119049, Москва город, Крымский Вал улица, дом 9</postalAddress>
                        <phone>7-495-9950020</phone>
                        <email>zakupki.cpkio@mail.ru</email>
                        <okato>45286596000</okato>
                        <okpo>02182815</okpo>
                    </mainInfo>
                </ns2:placer>
                <ns2:contact>
                    <phone>+7 (495) 9950020, доб.: 3113</phone>
                    <email>zakupki@park-gorkogo.com</email>
                    <organization>
                        <mainInfo>
                            <fullName>Государственное автономное учреждение культуры города Москвы "Центральный парк культуры и отдыха имени М. Горького"</fullName>
                            <shortName>ЦПКиО им. М. Горького</shortName>
                            <iko>57706052148770601001</iko>
                            <inn>7706052148</inn>
                            <kpp>770601001</kpp>
                            <ogrn>1027739258249</ogrn>
                            <legalAddress>119049, Москва, Крымский Вал, дом 9</legalAddress>
                            <postalAddress>119049, Москва город, Крымский Вал улица, дом 9</postalAddress>
                            <phone>7-495-9950020</phone>
                            <email>zakupki.cpkio@mail.ru</email>
                            <okato>45286596000</okato>
                            <okpo>02182815</okpo>
                        </mainInfo>
                    </organization>
                </ns2:contact>
                <ns2:publicationDateTime>2017-03-16T17:52:42</ns2:publicationDateTime>
                <ns2:documentationDelivery/>
                <ns2:status>P</ns2:status>
                <ns2:version>1</ns2:version>
                <ns2:notDishonest>false</ns2:notDishonest>
                <ns2:attachments>
                    <totalDocumentsCount>1</totalDocumentsCount>
                    <document>
                        <guid>77852828-66b0-487c-81b2-d7ca97627497</guid>
                        <createDateTime>2017-03-16T17:52:13</createDateTime>
                        <fileName>Документация Поставка удобрений.docx</fileName>
                        <description>Документация Поставка удобрений</description>
                        <url>http://zakupki.gov.ru/223/purchase/public/download/download.html?id=30120110</url>
                    </document>
                </ns2:attachments>
                <ns2:modificationDate>2017-03-16T17:52:43</ns2:modificationDate>
                <ns2:saveUserId>243366</ns2:saveUserId>
                <ns2:deliveryPlaceIndication>SINGLE_PLACE</ns2:deliveryPlaceIndication>
                <ns2:emergency>false</ns2:emergency>
                <ns2:jointPurchase>false</ns2:jointPurchase>
                <ns2:lots>
                    <lot>
                        <guid>4d3a3691-aedb-4265-8ae3-bafdf6d01f5a</guid>
                        <ordinalNumber>1</ordinalNumber>
                        <lotEditEnabled>false</lotEditEnabled>
                        <lotData>
                            <subject>Поставка удобрений
</subject>
                            <currency>
                                <code>RUB</code>
                                <digitalCode>643</digitalCode>
                                <name>Российский рубль</name>
                            </currency>
                            <initialSum>147872.00</initialSum>
                            <deliveryPlace>
                                <state>Центральный федеральный округ</state>
                                <region>Москва</region>
                                <regionOkato>45000000000</regionOkato>
                                <address>Крымский вал, д.9</address>
                            </deliveryPlace>
                            <lotItems>
                                <newCodes>true</newCodes>
                                <lotItem>
                                    <guid>a5c0cad7-f2be-44c1-87cd-5d56e35c35b3</guid>
                                    <ordinalNumber>1</ordinalNumber>
                                    <okpd2>
                                        <code>20.15.79</code>
                                        <name>Удобрения минеральные или химические, содержащие два или три питательных элемента (азот, фосфор и калий), не включенные в другие группировки</name>
                                    </okpd2>
                                    <okved2>
                                        <code>20.15</code>
                                        <name>Производство удобрений и азотных соединений</name>
                                    </okved2>
                                    <okei>
                                        <code>876</code>
                                        <name>Условная единица</name>
                                    </okei>
                                    <qty>11</qty>
                                </lotItem>
                            </lotItems>
                            <forSmallOrMiddle>true</forSmallOrMiddle>
                            <excludePurchaseFromPlan>false</excludePurchaseFromPlan>
                            <subcontractorsRequirement>false</subcontractorsRequirement>
                            <ignoredPurchase>false</ignoredPurchase>
                            <centralized>false</centralized>
                        </lotData>
                        <deliveryPlaceIndication>GL</deliveryPlaceIndication>
                        <jointLotData>
                            <jointLot>false</jointLot>
                        </jointLotData>
                        <lotPlanInfo>
                            <planRegistrationNumber>2160208840</planRegistrationNumber>
                            <planGuid>6f5fced2-4351-4f9d-964b-ba0f8aab1839</planGuid>
                            <positionNumber>81</positionNumber>
                            <lotPlanPosition>COMMODITY</lotPlanPosition>
                            <positionGuid>88e74d1f-0564-435c-8d7f-d606324222ae</positionGuid>
                        </lotPlanInfo>
                        <cancelled>false</cancelled>
                    </lot>
                </ns2:lots>
            </ns2:purchaseNoticeEPData>
        </ns2:item>
    </ns2:body>
</ns2:purchaseNoticeEP>
