<?xml version="1.0" encoding="UTF-8" standalone="yes"?>
<ns2:purchaseNoticeEP xsi:schemaLocation="http://zakupki.gov.ru/223/integration/schema/TFF-5.2 http://zakupki.gov.ru/223/integration/schema/TFF-5.2/purchase.xsd" xmlns="http://zakupki.gov.ru/223fz/types/1" xmlns:ns10="http://zakupki.gov.ru/223fz/purchasePlan/1" xmlns:ns11="http://zakupki.gov.ru/223fz/purchasePlanProject/1" xmlns:ns12="http://zakupki.gov.ru/223fz/purchasePlanProjectAdditionalPosition/1" xmlns:ns13="http://zakupki.gov.ru/223fz/contract/1" xmlns:ns14="http://zakupki.gov.ru/223fz/missedNotice/1" xmlns:ns15="http://zakupki.gov.ru/223fz/reference/1" xmlns:ns16="http://zakupki.gov.ru/223fz/stopCommodity/1" xmlns:ns17="http://zakupki.gov.ru/223fz/decisionSuspension/1" xmlns:ns18="http://zakupki.gov.ru/223fz/purchasePlanAdditionalPosition/1" xmlns:ns19="http://zakupki.gov.ru/223fz/webRequest/1" xmlns:ns2="http://zakupki.gov.ru/223fz/purchase/1" xmlns:xsi="http://www.w3.org/2001/XMLSchema-instance" xmlns:ns3="http://zakupki.gov.ru/223fz/dishonestSupplier/1" xmlns:ns4="http://zakupki.gov.ru/223fz/machineryListInfo/1" xmlns:ns5="http://zakupki.gov.ru/223fz/revenue/1" xmlns:ns6="http://zakupki.gov.ru/223fz/orderClauseList/1" xmlns:ns7="http://zakupki.gov.ru/223fz/disagreementProtocol/1" xmlns:ns8="http://zakupki.gov.ru/223fz/complaint/1" xmlns:ns9="http://zakupki.gov.ru/223fz/notificationIssue/1">
    <header>
        <guid>9a0610e1-39d2-4c97-951e-0f7aa80714ed</guid>
        <createDateTime>2017-03-16T17:25:13</createDateTime>
    </header>
    <ns2:body>
        <ns2:item>
            <guid>99067d50-d66a-4d34-984c-082ee91a626c</guid>
            <ns2:purchaseNoticeEPData>
                <ns2:guid>99067d50-d66a-4d34-984c-082ee91a626c</ns2:guid>
                <ns2:createDateTime>2017-03-16T16:35:56</ns2:createDateTime>
                <ns2:urlOOS>https://zakupki.gov.ru/223/purchase/private/purchase/notice-info/details.html?noticeInfoId=5887577</ns2:urlOOS>
                <ns2:registrationNumber>31704899673</ns2:registrationNumber>
                <ns2:name>Выполнениекомплекса строительно-монтажных работ на объекте: "Устройствотехнологической площадки с навесом путей необщего пользования на станцииСанкт-Петербург - Сортировочный Московский (парк Обухово)")</ns2:name>
                <ns2:customer>
                    <mainInfo>
                        <fullName>АКЦИОНЕРНОЕ ОБЩЕСТВО "РЖДСТРОЙ"</fullName>
                        <shortName>АО "РЖДСТРОЙ"</shortName>
                        <iko>67708587205770901001</iko>
                        <inn>7708587205</inn>
                        <kpp>770901001</kpp>
                        <ogrn>1067746082546</ogrn>
                        <legalAddress>105064, Г МОСКВА, УЛ КАЗАКОВА, дом 8, корпус СТР.6</legalAddress>
                        <postalAddress>105064, Москва, Казакова, дом 8, корпус СТР.6</postalAddress>
                        <phone>7-499-2603432-1247</phone>
                        <email>BoroninAV@rzdstroy.ru</email>
                        <okato>45286555000</okato>
                        <okpo>93287520</okpo>
                    </mainInfo>
                </ns2:customer>
                <ns2:purchaseMethodCode>3363</ns2:purchaseMethodCode>
                <ns2:purchaseCodeName>Закупка у единственного поставщика (исполнителя, подрядчика)</ns2:purchaseCodeName>
                <ns2:placer>
                    <mainInfo>
                        <fullName>АКЦИОНЕРНОЕ ОБЩЕСТВО "РЖДСТРОЙ"</fullName>
                        <shortName>АО "РЖДСТРОЙ"</shortName>
                        <iko>67708587205770901001</iko>
                        <inn>7708587205</inn>
                        <kpp>770901001</kpp>
                        <ogrn>1067746082546</ogrn>
                        <legalAddress>105064, Г МОСКВА, УЛ КАЗАКОВА, дом 8, корпус СТР.6</legalAddress>
                        <postalAddress>105064, Москва, Казакова, дом 8, корпус СТР.6</postalAddress>
                        <phone>7-499-2603432-1247</phone>
                        <email>BoroninAV@rzdstroy.ru</email>
                        <okato>45286555000</okato>
                        <okpo>93287520</okpo>
                    </mainInfo>
                </ns2:placer>
                <ns2:contact>
                    <phone>+7 (812) 4364734</phone>
                    <email>TsvetkovaLV@rzdstroy.ru</email>
                    <organization>
                        <mainInfo>
                            <fullName>АКЦИОНЕРНОЕ ОБЩЕСТВО "РЖДСТРОЙ"</fullName>
                            <shortName>АО "РЖДСТРОЙ"</shortName>
                            <iko>67708587205770901001</iko>
                            <inn>7708587205</inn>
                            <kpp>770901001</kpp>
                            <ogrn>1067746082546</ogrn>
                            <legalAddress>105064, Г МОСКВА, УЛ КАЗАКОВА, дом 8, корпус СТР.6</legalAddress>
                            <postalAddress>105064, Москва, Казакова, дом 8, корпус СТР.6</postalAddress>
                            <phone>7-499-2603432-1247</phone>
                            <email>BoroninAV@rzdstroy.ru</email>
                            <okato>45286555000</okato>
                            <okpo>93287520</okpo>
                        </mainInfo>
                    </organization>
                </ns2:contact>
                <ns2:publicationDateTime>2017-03-16T17:25:13</ns2:publicationDateTime>
                <ns2:documentationDelivery>
                    <deliveryStartDateTime>2017-03-16</deliveryStartDateTime>
                    <deliveryEndDateTime>2017-03-16</deliveryEndDateTime>
                    <place>не предоставляется</place>
                    <procedure>не предоставляется</procedure>
                </ns2:documentationDelivery>
                <ns2:status>P</ns2:status>
                <ns2:version>1</ns2:version>
                <ns2:notDishonest>false</ns2:notDishonest>
                <ns2:attachments>
                    <totalDocumentsCount>3</totalDocumentsCount>
                    <document>
                        <guid>9da17e2d-e90b-40b8-95a4-f7a1323e22e6</guid>
                        <createDateTime>2017-03-16T17:21:35</createDateTime>
                        <fileName>Проект договора.docx</fileName>
                        <description>Проект договора</description>
                        <url>http://zakupki.gov.ru/223/purchase/public/download/download.html?id=30119184</url>
                    </document>
                    <document>
                        <guid>be2dfd02-0696-4171-9353-bf04d6b9a99f</guid>
                        <createDateTime>2017-03-16T17:21:22</createDateTime>
                        <fileName>Извещение.doc</fileName>
                        <description>Извещение</description>
                        <url>http://zakupki.gov.ru/223/purchase/public/download/download.html?id=30119174</url>
                    </document>
                    <document>
                        <guid>4d120fdc-0b66-4ce5-a4f6-737f8e7df190</guid>
                        <createDateTime>2017-03-16T17:21:28</createDateTime>
                        <fileName>Документация.doc</fileName>
                        <description>Документация</description>
                        <url>http://zakupki.gov.ru/223/purchase/public/download/download.html?id=30119176</url>
                    </document>
                </ns2:attachments>
                <ns2:modificationDate>2017-03-16T17:25:13</ns2:modificationDate>
                <ns2:saveUserId>260451</ns2:saveUserId>
                <ns2:deliveryPlaceIndication>DIFFERENT_PLACE</ns2:deliveryPlaceIndication>
                <ns2:emergency>false</ns2:emergency>
                <ns2:jointPurchase>false</ns2:jointPurchase>
                <ns2:lots>
                    <lot>
                        <guid>99d889b9-e532-4b4c-be47-6bb646113af9</guid>
                        <ordinalNumber>1</ordinalNumber>
                        <lotEditEnabled>false</lotEditEnabled>
                        <lotData>
                            <subject>Выполнение комплекса строительно-монтажных работ на объекте: "Устройство технологической площадки с навесом путей необщего пользования на станции Санкт-Петербург - Сортировочный Московский (парк Обухово)"</subject>
                            <currency>
                                <code>RUB</code>
                                <digitalCode>643</digitalCode>
                                <name>Российский рубль</name>
                            </currency>
                            <initialSum>27480342.68</initialSum>
                            <deliveryPlace>
                                <state>Северо-Западный федеральный округ</state>
                                <region>Санкт-Петербург</region>
                                <regionOkato>40000000000</regionOkato>
                                <address>Ст. Санкт-Петербург-Сортировочный Московский (парк Обухово) Октябрьской ж.д.</address>
                            </deliveryPlace>
                            <lotItems>
                                <newCodes>true</newCodes>
                                <lotItem>
                                    <guid>28395899-2524-44cd-b7f4-f7e21b8c506c</guid>
                                    <ordinalNumber>1</ordinalNumber>
                                    <okpd2>
                                        <code>41</code>
                                        <name>Здания и работы по возведению зданий</name>
                                    </okpd2>
                                    <okved2>
                                        <code>41</code>
                                        <name>Строительство зданий</name>
                                    </okved2>
                                    <okei>
                                        <code>876</code>
                                        <name>Условная единица</name>
                                    </okei>
                                    <qty>1</qty>
                                </lotItem>
                            </lotItems>
                            <forSmallOrMiddle>false</forSmallOrMiddle>
                            <excludePurchaseFromPlan>false</excludePurchaseFromPlan>
                            <subcontractorsRequirement>false</subcontractorsRequirement>
                            <ignoredPurchase>false</ignoredPurchase>
                            <centralized>false</centralized>
                        </lotData>
                        <deliveryPlaceIndication>GL</deliveryPlaceIndication>
                        <jointLotData>
                            <jointLot>false</jointLot>
                        </jointLotData>
                        <lotPlanInfo>
                            <planRegistrationNumber>2160210428</planRegistrationNumber>
                            <planGuid>7a3019e8-39bb-449d-8584-fa2ac8fd6d7a</planGuid>
                            <positionNumber>2365</positionNumber>
                            <lotPlanPosition>COMMODITY</lotPlanPosition>
                            <positionGuid>cc5674d6-8bb1-4d8d-a07a-20faa60ec37c</positionGuid>
                        </lotPlanInfo>
                        <cancelled>false</cancelled>
                    </lot>
                </ns2:lots>
            </ns2:purchaseNoticeEPData>
        </ns2:item>
    </ns2:body>
</ns2:purchaseNoticeEP>
