<?xml version="1.0" encoding="UTF-8" standalone="yes"?>
<ns2:purchaseNoticeEP xsi:schemaLocation="http://zakupki.gov.ru/223/integration/schema/TFF-5.2 http://zakupki.gov.ru/223/integration/schema/TFF-5.2/purchase.xsd" xmlns="http://zakupki.gov.ru/223fz/types/1" xmlns:ns10="http://zakupki.gov.ru/223fz/purchasePlan/1" xmlns:ns11="http://zakupki.gov.ru/223fz/purchasePlanProject/1" xmlns:ns12="http://zakupki.gov.ru/223fz/purchasePlanProjectAdditionalPosition/1" xmlns:ns13="http://zakupki.gov.ru/223fz/contract/1" xmlns:ns14="http://zakupki.gov.ru/223fz/missedNotice/1" xmlns:ns15="http://zakupki.gov.ru/223fz/reference/1" xmlns:ns16="http://zakupki.gov.ru/223fz/stopCommodity/1" xmlns:ns17="http://zakupki.gov.ru/223fz/decisionSuspension/1" xmlns:ns18="http://zakupki.gov.ru/223fz/purchasePlanAdditionalPosition/1" xmlns:ns19="http://zakupki.gov.ru/223fz/webRequest/1" xmlns:ns2="http://zakupki.gov.ru/223fz/purchase/1" xmlns:xsi="http://www.w3.org/2001/XMLSchema-instance" xmlns:ns3="http://zakupki.gov.ru/223fz/dishonestSupplier/1" xmlns:ns4="http://zakupki.gov.ru/223fz/machineryListInfo/1" xmlns:ns5="http://zakupki.gov.ru/223fz/revenue/1" xmlns:ns6="http://zakupki.gov.ru/223fz/orderClauseList/1" xmlns:ns7="http://zakupki.gov.ru/223fz/disagreementProtocol/1" xmlns:ns8="http://zakupki.gov.ru/223fz/complaint/1" xmlns:ns9="http://zakupki.gov.ru/223fz/notificationIssue/1">
    <header>
        <guid>06a28ca7-c4aa-406b-a9a7-a6d9d949ac6d</guid>
        <createDateTime>2017-03-16T13:28:14</createDateTime>
    </header>
    <ns2:body>
        <ns2:item>
            <guid>39d7ebed-98e1-40a4-9457-5b0f7bfa6211</guid>
            <ns2:purchaseNoticeEPData>
                <ns2:guid>39d7ebed-98e1-40a4-9457-5b0f7bfa6211</ns2:guid>
                <ns2:createDateTime>2017-03-16T12:26:19</ns2:createDateTime>
                <ns2:urlOOS>https://zakupki.gov.ru/223/purchase/private/purchase/notice-info/details.html?noticeInfoId=5884713</ns2:urlOOS>
                <ns2:registrationNumber>31704897419</ns2:registrationNumber>
                <ns2:name>Закупка у единственного поставщика (исполнителя, подрядчика) на право заключения договора на оказание услуг по  
организации участия ПАО "Россети" в ЭСКПО 2017 в качестве партнера Форума 
 
</ns2:name>
                <ns2:customer>
                    <mainInfo>
                        <fullName>ПУБЛИЧНОЕ АКЦИОНЕРНОЕ ОБЩЕСТВО "РОССИЙСКИЕ СЕТИ"</fullName>
                        <shortName>ПАО "РОССЕТИ"</shortName>
                        <iko>57728662669770801001</iko>
                        <inn>7728662669</inn>
                        <kpp>997450001</kpp>
                        <ogrn>1087760000019</ogrn>
                        <legalAddress>121353, г МОСКВА, ул БЕЛОВЕЖСКАЯ, дом 4</legalAddress>
                        <postalAddress>121353, Москва Город, Беловежская Улица, дом 4</postalAddress>
                        <phone>7-495-9955333</phone>
                        <fax>7-495-6648133</fax>
                        <email>info@rosseti.ru</email>
                        <okato>45286565000</okato>
                        <okpo>94129941</okpo>
                    </mainInfo>
                </ns2:customer>
                <ns2:purchaseMethodCode>3363</ns2:purchaseMethodCode>
                <ns2:purchaseCodeName>Закупка у единственного поставщика (исполнителя, подрядчика)</ns2:purchaseCodeName>
                <ns2:placer>
                    <mainInfo>
                        <fullName>ПУБЛИЧНОЕ АКЦИОНЕРНОЕ ОБЩЕСТВО "РОССИЙСКИЕ СЕТИ"</fullName>
                        <shortName>ПАО "РОССЕТИ"</shortName>
                        <iko>57728662669770801001</iko>
                        <inn>7728662669</inn>
                        <kpp>997450001</kpp>
                        <ogrn>1087760000019</ogrn>
                        <legalAddress>121353, г МОСКВА, ул БЕЛОВЕЖСКАЯ, дом 4</legalAddress>
                        <postalAddress>121353, Москва Город, Беловежская Улица, дом 4</postalAddress>
                        <phone>7-495-9955333</phone>
                        <fax>7-495-6648133</fax>
                        <email>info@rosseti.ru</email>
                        <okato>45286565000</okato>
                        <okpo>94129941</okpo>
                    </mainInfo>
                </ns2:placer>
                <ns2:contact>
                    <firstName>Светлана</firstName>
                    <middleName>Викторовна</middleName>
                    <lastName>Бердникова</lastName>
                    <phone>+7 (495) 9955333, доб.: 3742</phone>
                    <email>Berdnikova-SV@rosseti.ru</email>
                    <organization>
                        <mainInfo>
                            <fullName>ПУБЛИЧНОЕ АКЦИОНЕРНОЕ ОБЩЕСТВО "РОССИЙСКИЕ СЕТИ"</fullName>
                            <shortName>ПАО "РОССЕТИ"</shortName>
                            <iko>57728662669770801001</iko>
                            <inn>7728662669</inn>
                            <kpp>997450001</kpp>
                            <ogrn>1087760000019</ogrn>
                            <legalAddress>121353, г МОСКВА, ул БЕЛОВЕЖСКАЯ, дом 4</legalAddress>
                            <postalAddress>121353, Москва Город, Беловежская Улица, дом 4</postalAddress>
                            <phone>7-495-9955333</phone>
                            <fax>7-495-6648133</fax>
                            <email>info@rosseti.ru</email>
                            <okato>45286565000</okato>
                            <okpo>94129941</okpo>
                        </mainInfo>
                    </organization>
                    <additionalContactInfo>Извещение о закупке также является документацией о закупке.
1)	требования к безопасности, качеству, техническим характеристикам, функциональным характеристикам (потребительским свойствам) товара, работы, услуги, к размерам, упаковке, отгрузке товара, к результатам работы: в соответствии с условиями договора.
2)	требования к содержанию, форме, оформлению и составу заявки на участие в закупке: не требуются.
3) требования к описанию участниками закупки поставляемого товара, который является предметом закупки, его функциональных характеристик (потребительских свойств), его количественных и качественных характеристик, требования к описанию участниками закупки выполняемой работы, оказываемой услуги, которые являются предметом закупки, их количественных и качественных характеристик: не требуются.
4) место, условия и сроки (периоды) поставки товара, выполнения работы, оказания услуги: в соответствии с условиями договора.
5) форма, сроки и порядок оплаты товара, работы, услуги: в соответствии с условиями договора.
6) порядок формирования цены договора (цены лота) (с учетом или без учета расходов на перевозку, страхование, уплату таможенных пошлин, налогов и других обязательных платежей): в соответствии с условиями договора.
7) порядок, место, дата начала и дата окончания срока подачи заявок на участие в закупке: не требуются.
8) требования к участникам закупки и перечень документов, представляемых участниками закупки для подтверждения их соответствия установленным требованиям: не требуются.
9) формы, порядок, дата начала и дата окончания срока предоставления участникам закупки разъяснений положений документации о закупке: не требуется.
10) место и дата рассмотрения предложений участников закупки и подведения итогов закупки: не требуются.
11) критерии оценки и сопоставления заявок на участие в закупке: не требуются.
12) порядок оценки и сопоставления заявок на участие в закупке: не требуется.</additionalContactInfo>
                </ns2:contact>
                <ns2:publicationDateTime>2017-03-16T13:28:14</ns2:publicationDateTime>
                <ns2:documentationDelivery>
                    <deliveryStartDateTime>2017-03-16</deliveryStartDateTime>
                    <deliveryEndDateTime>2017-03-16</deliveryEndDateTime>
                    <place>не требуется</place>
                    <procedure>не требуется</procedure>
                </ns2:documentationDelivery>
                <ns2:status>P</ns2:status>
                <ns2:version>1</ns2:version>
                <ns2:notDishonest>false</ns2:notDishonest>
                <ns2:attachments>
                    <totalDocumentsCount>1</totalDocumentsCount>
                    <document>
                        <guid>63f58b10-5185-41e0-878c-e463d22c55e3</guid>
                        <createDateTime>2017-03-16T13:24:45</createDateTime>
                        <fileName>Проект договора Экспо 2017.docx</fileName>
                        <description>Проект договора Экспо 2017</description>
                        <url>http://zakupki.gov.ru/223/purchase/public/download/download.html?id=30106054</url>
                    </document>
                </ns2:attachments>
                <ns2:modificationDate>2017-03-16T13:28:14</ns2:modificationDate>
                <ns2:saveUserId>143894</ns2:saveUserId>
                <ns2:deliveryPlaceIndication>SINGLE_PLACE</ns2:deliveryPlaceIndication>
                <ns2:emergency>false</ns2:emergency>
                <ns2:jointPurchase>false</ns2:jointPurchase>
                <ns2:lots>
                    <lot>
                        <guid>dee01193-a462-4415-a191-533b0dfcfb7a</guid>
                        <ordinalNumber>1</ordinalNumber>
                        <lotEditEnabled>false</lotEditEnabled>
                        <lotData>
                            <subject>Организация участия ПАО "Россети" в ЭСКПО 2017 в качестве партнера Форума</subject>
                            <currency>
                                <code>RUB</code>
                                <digitalCode>643</digitalCode>
                                <name>Российский рубль</name>
                            </currency>
                            <initialSum>15000000.00</initialSum>
                            <deliveryPlace>
                                <address>Республика Казахстан, г. Астана</address>
                            </deliveryPlace>
                            <lotItems>
                                <newCodes>true</newCodes>
                                <lotItem>
                                    <guid>19900c77-2269-45d1-b5ae-a9a2f00007b3</guid>
                                    <ordinalNumber>1</ordinalNumber>
                                    <okpd2>
                                        <code>82.30</code>
                                        <name>Услуги по организации конференций и торговых выставок</name>
                                    </okpd2>
                                    <okved2>
                                        <code>82.30</code>
                                        <name>Деятельность по организации конференций и выставок</name>
                                    </okved2>
                                    <okei>
                                        <code>876</code>
                                        <name>Условная единица</name>
                                    </okei>
                                    <qty>1</qty>
                                </lotItem>
                            </lotItems>
                            <forSmallOrMiddle>false</forSmallOrMiddle>
                            <excludePurchaseFromPlan>false</excludePurchaseFromPlan>
                            <subcontractorsRequirement>false</subcontractorsRequirement>
                            <ignoredPurchase>false</ignoredPurchase>
                            <centralized>false</centralized>
                        </lotData>
                        <deliveryPlaceIndication>GL</deliveryPlaceIndication>
                        <jointLotData>
                            <jointLot>false</jointLot>
                        </jointLotData>
                        <lotPlanInfo>
                            <planRegistrationNumber>2160207851</planRegistrationNumber>
                            <planGuid>a9898519-2120-0251-0000-58b7e4ee5132</planGuid>
                            <positionNumber>96</positionNumber>
                            <lotPlanPosition>COMMODITY</lotPlanPosition>
                            <positionGuid>a9898519-2120-0250-0096-000006292753</positionGuid>
                        </lotPlanInfo>
                        <cancelled>false</cancelled>
                    </lot>
                </ns2:lots>
            </ns2:purchaseNoticeEPData>
        </ns2:item>
    </ns2:body>
</ns2:purchaseNoticeEP>
