<?xml version="1.0" encoding="UTF-8" standalone="yes"?>
<ns2:purchaseNoticeEP xsi:schemaLocation="http://zakupki.gov.ru/223/integration/schema/TFF-5.2 http://zakupki.gov.ru/223/integration/schema/TFF-5.2/purchase.xsd" xmlns="http://zakupki.gov.ru/223fz/types/1" xmlns:ns10="http://zakupki.gov.ru/223fz/purchasePlan/1" xmlns:ns11="http://zakupki.gov.ru/223fz/purchasePlanProject/1" xmlns:ns12="http://zakupki.gov.ru/223fz/purchasePlanProjectAdditionalPosition/1" xmlns:ns13="http://zakupki.gov.ru/223fz/contract/1" xmlns:ns14="http://zakupki.gov.ru/223fz/missedNotice/1" xmlns:ns15="http://zakupki.gov.ru/223fz/reference/1" xmlns:ns16="http://zakupki.gov.ru/223fz/stopCommodity/1" xmlns:ns17="http://zakupki.gov.ru/223fz/decisionSuspension/1" xmlns:ns18="http://zakupki.gov.ru/223fz/purchasePlanAdditionalPosition/1" xmlns:ns19="http://zakupki.gov.ru/223fz/webRequest/1" xmlns:ns2="http://zakupki.gov.ru/223fz/purchase/1" xmlns:xsi="http://www.w3.org/2001/XMLSchema-instance" xmlns:ns3="http://zakupki.gov.ru/223fz/dishonestSupplier/1" xmlns:ns4="http://zakupki.gov.ru/223fz/machineryListInfo/1" xmlns:ns5="http://zakupki.gov.ru/223fz/revenue/1" xmlns:ns6="http://zakupki.gov.ru/223fz/orderClauseList/1" xmlns:ns7="http://zakupki.gov.ru/223fz/disagreementProtocol/1" xmlns:ns8="http://zakupki.gov.ru/223fz/complaint/1" xmlns:ns9="http://zakupki.gov.ru/223fz/notificationIssue/1">
    <header>
        <guid>3a0dc6b7-af55-4dc3-9402-3bfa5047504a</guid>
        <createDateTime>2017-03-16T11:24:08</createDateTime>
    </header>
    <ns2:body>
        <ns2:item>
            <guid>3dd5c684-ad66-46bd-8125-6d96ef4baa0e</guid>
            <ns2:purchaseNoticeEPData>
                <ns2:guid>3dd5c684-ad66-46bd-8125-6d96ef4baa0e</ns2:guid>
                <ns2:createDateTime>2017-03-16T11:22:39</ns2:createDateTime>
                <ns2:urlOOS>https://zakupki.gov.ru/223/purchase/private/purchase/notice-info/details.html?noticeInfoId=5884085</ns2:urlOOS>
                <ns2:registrationNumber>31704896429</ns2:registrationNumber>
                <ns2:name>Выполнение работ по поверке средств измерений и аттестации испытательного оборудования</ns2:name>
                <ns2:customer>
                    <mainInfo>
                        <fullName>ФЕДЕРАЛЬНОЕ ГОСУДАРСТВЕННОЕ БЮДЖЕТНОЕ ОБРАЗОВАТЕЛЬНОЕ УЧРЕЖДЕНИЕ ВЫСШЕГО ОБРАЗОВАНИЯ "НАЦИОНАЛЬНЫЙ ИССЛЕДОВАТЕЛЬСКИЙ МОСКОВСКИЙ ГОСУДАРСТВЕННЫЙ СТРОИТЕЛЬНЫЙ УНИВЕРСИТЕТ"</fullName>
                        <shortName>НИУ МГСУ, НАЦИОНАЛЬНЫЙ ИССЛЕДОВАТЕЛЬСКИЙ МОСКОВСКИЙ ГОСУДАРСТВЕННЫЙ СТРОИТЕЛЬНЫЙ УНИВЕРСИТЕТ, ФГБОУ ВО "НАЦИОНАЛЬНЫЙ ИССЛЕДОВАТЕЛЬСКИЙ МОСКОВСКИЙ ГОСУДАРСТВЕННЫЙ СТРОИТЕЛЬНЫЙ УНИВЕРСИТЕТ"</shortName>
                        <iko>87716103391771601001</iko>
                        <inn>7716103391</inn>
                        <kpp>771601001</kpp>
                        <ogrn>1027700575044</ogrn>
                        <legalAddress>129337, г МОСКВА, ш ЯРОСЛАВСКОЕ, дом 26</legalAddress>
                        <postalAddress>129337, Москва Город, Ярославское Шоссе, дом 26</postalAddress>
                        <phone>7-495-6518185</phone>
                        <fax>7-495-6518185</fax>
                        <email>meleshkoa@mgsu.ru</email>
                        <okato>45280597000</okato>
                        <okpo>02066523</okpo>
                    </mainInfo>
                </ns2:customer>
                <ns2:purchaseMethodCode>3363</ns2:purchaseMethodCode>
                <ns2:purchaseCodeName>Закупка у единственного поставщика (исполнителя, подрядчика)</ns2:purchaseCodeName>
                <ns2:placer>
                    <mainInfo>
                        <fullName>ФЕДЕРАЛЬНОЕ ГОСУДАРСТВЕННОЕ БЮДЖЕТНОЕ ОБРАЗОВАТЕЛЬНОЕ УЧРЕЖДЕНИЕ ВЫСШЕГО ОБРАЗОВАНИЯ "НАЦИОНАЛЬНЫЙ ИССЛЕДОВАТЕЛЬСКИЙ МОСКОВСКИЙ ГОСУДАРСТВЕННЫЙ СТРОИТЕЛЬНЫЙ УНИВЕРСИТЕТ"</fullName>
                        <shortName>НИУ МГСУ, НАЦИОНАЛЬНЫЙ ИССЛЕДОВАТЕЛЬСКИЙ МОСКОВСКИЙ ГОСУДАРСТВЕННЫЙ СТРОИТЕЛЬНЫЙ УНИВЕРСИТЕТ, ФГБОУ ВО "НАЦИОНАЛЬНЫЙ ИССЛЕДОВАТЕЛЬСКИЙ МОСКОВСКИЙ ГОСУДАРСТВЕННЫЙ СТРОИТЕЛЬНЫЙ УНИВЕРСИТЕТ"</shortName>
                        <iko>87716103391771601001</iko>
                        <inn>7716103391</inn>
                        <kpp>771601001</kpp>
                        <ogrn>1027700575044</ogrn>
                        <legalAddress>129337, г МОСКВА, ш ЯРОСЛАВСКОЕ, дом 26</legalAddress>
                        <postalAddress>129337, Москва Город, Ярославское Шоссе, дом 26</postalAddress>
                        <phone>7-495-6518185</phone>
                        <fax>7-495-6518185</fax>
                        <email>meleshkoa@mgsu.ru</email>
                        <okato>45280597000</okato>
                        <okpo>02066523</okpo>
                    </mainInfo>
                </ns2:placer>
                <ns2:contact>
                    <firstName>Илья </firstName>
                    <middleName>Евгеньевич</middleName>
                    <lastName>Леленков </lastName>
                    <phone>+7 (495) 6657340</phone>
                    <email>сkp@mgsu.ru</email>
                    <organization>
                        <mainInfo>
                            <fullName>ФЕДЕРАЛЬНОЕ ГОСУДАРСТВЕННОЕ БЮДЖЕТНОЕ ОБРАЗОВАТЕЛЬНОЕ УЧРЕЖДЕНИЕ ВЫСШЕГО ОБРАЗОВАНИЯ "НАЦИОНАЛЬНЫЙ ИССЛЕДОВАТЕЛЬСКИЙ МОСКОВСКИЙ ГОСУДАРСТВЕННЫЙ СТРОИТЕЛЬНЫЙ УНИВЕРСИТЕТ"</fullName>
                            <shortName>НИУ МГСУ, НАЦИОНАЛЬНЫЙ ИССЛЕДОВАТЕЛЬСКИЙ МОСКОВСКИЙ ГОСУДАРСТВЕННЫЙ СТРОИТЕЛЬНЫЙ УНИВЕРСИТЕТ, ФГБОУ ВО "НАЦИОНАЛЬНЫЙ ИССЛЕДОВАТЕЛЬСКИЙ МОСКОВСКИЙ ГОСУДАРСТВЕННЫЙ СТРОИТЕЛЬНЫЙ УНИВЕРСИТЕТ"</shortName>
                            <iko>87716103391771601001</iko>
                            <inn>7716103391</inn>
                            <kpp>771601001</kpp>
                            <ogrn>1027700575044</ogrn>
                            <legalAddress>129337, г МОСКВА, ш ЯРОСЛАВСКОЕ, дом 26</legalAddress>
                            <postalAddress>129337, Москва Город, Ярославское Шоссе, дом 26</postalAddress>
                            <phone>7-495-6518185</phone>
                            <fax>7-495-6518185</fax>
                            <email>meleshkoa@mgsu.ru</email>
                            <okato>45280597000</okato>
                            <okpo>02066523</okpo>
                        </mainInfo>
                    </organization>
                </ns2:contact>
                <ns2:publicationDateTime>2017-03-16T11:24:08</ns2:publicationDateTime>
                <ns2:documentationDelivery/>
                <ns2:status>P</ns2:status>
                <ns2:version>1</ns2:version>
                <ns2:notDishonest>true</ns2:notDishonest>
                <ns2:attachments>
                    <totalDocumentsCount>1</totalDocumentsCount>
                    <document>
                        <guid>131c8123-5842-4f94-a0fe-f35d743919ee</guid>
                        <createDateTime>2017-03-16T11:23:44</createDateTime>
                        <fileName>ЕП223-030-17 Поверка СИ 2.doc</fileName>
                        <description>ЕП223-030-17 Поверка СИ 2</description>
                        <url>http://zakupki.gov.ru/223/purchase/public/download/download.html?id=30099807</url>
                    </document>
                </ns2:attachments>
                <ns2:modificationDate>2017-03-16T11:24:08</ns2:modificationDate>
                <ns2:saveUserId>158804</ns2:saveUserId>
                <ns2:deliveryPlaceIndication>SINGLE_PLACE</ns2:deliveryPlaceIndication>
                <ns2:emergency>false</ns2:emergency>
                <ns2:jointPurchase>false</ns2:jointPurchase>
                <ns2:lots>
                    <lot>
                        <guid>cbc7ae31-d453-419d-a43b-50c53cb6d051</guid>
                        <ordinalNumber>1</ordinalNumber>
                        <lotEditEnabled>false</lotEditEnabled>
                        <lotData>
                            <subject>Выполнение работ по поверке средств измерений и аттестации испытательного оборудования</subject>
                            <currency>
                                <code>RUB</code>
                                <digitalCode>643</digitalCode>
                                <name>Российский рубль</name>
                            </currency>
                            <initialSum>80116.50</initialSum>
                            <deliveryPlace>
                                <state>Центральный федеральный округ</state>
                                <region>Московская   обл</region>
                                <regionOkato>46000000000</regionOkato>
                                <address>г. Мытищи, Олимпийский пр-кт, д. 50</address>
                            </deliveryPlace>
                            <lotItems>
                                <newCodes>true</newCodes>
                                <lotItem>
                                    <guid>fbfc676e-947b-484f-b0b4-9e7b5aa3568d</guid>
                                    <ordinalNumber>1</ordinalNumber>
                                    <okpd2>
                                        <code>71.12.40.120</code>
                                        <name>Услуги в области метрологии</name>
                                    </okpd2>
                                    <okved2>
                                        <code>71.12.62</code>
                                        <name>Деятельность в области метрологии</name>
                                    </okved2>
                                    <okei>
                                        <code>642</code>
                                        <name>Единица</name>
                                    </okei>
                                    <qty>1</qty>
                                </lotItem>
                            </lotItems>
                            <forSmallOrMiddle>false</forSmallOrMiddle>
                            <excludePurchaseFromPlan>false</excludePurchaseFromPlan>
                            <subcontractorsRequirement>false</subcontractorsRequirement>
                            <ignoredPurchase>false</ignoredPurchase>
                            <centralized>false</centralized>
                        </lotData>
                        <deliveryPlaceIndication>GL</deliveryPlaceIndication>
                        <jointLotData>
                            <jointLot>false</jointLot>
                        </jointLotData>
                        <lotPlanInfo>
                            <planRegistrationNumber>2160215387</planRegistrationNumber>
                            <planGuid>5a28d0be-a4af-41a4-99fe-1d015760af29</planGuid>
                            <positionNumber>39</positionNumber>
                            <lotPlanPosition>COMMODITY</lotPlanPosition>
                            <positionGuid>f44a5100-bb12-4fbb-820c-bd9700a067d9</positionGuid>
                        </lotPlanInfo>
                        <cancelled>false</cancelled>
                    </lot>
                </ns2:lots>
            </ns2:purchaseNoticeEPData>
        </ns2:item>
    </ns2:body>
</ns2:purchaseNoticeEP>
