<?xml version="1.0" encoding="UTF-8" standalone="yes"?>
<ns2:purchaseNoticeEP xsi:schemaLocation="http://zakupki.gov.ru/223/integration/schema/TFF-5.2 http://zakupki.gov.ru/223/integration/schema/TFF-5.2/purchase.xsd" xmlns="http://zakupki.gov.ru/223fz/types/1" xmlns:ns10="http://zakupki.gov.ru/223fz/purchasePlan/1" xmlns:ns11="http://zakupki.gov.ru/223fz/purchasePlanProject/1" xmlns:ns12="http://zakupki.gov.ru/223fz/purchasePlanProjectAdditionalPosition/1" xmlns:ns13="http://zakupki.gov.ru/223fz/contract/1" xmlns:ns14="http://zakupki.gov.ru/223fz/missedNotice/1" xmlns:ns15="http://zakupki.gov.ru/223fz/reference/1" xmlns:ns16="http://zakupki.gov.ru/223fz/stopCommodity/1" xmlns:ns17="http://zakupki.gov.ru/223fz/decisionSuspension/1" xmlns:ns18="http://zakupki.gov.ru/223fz/purchasePlanAdditionalPosition/1" xmlns:ns19="http://zakupki.gov.ru/223fz/webRequest/1" xmlns:ns2="http://zakupki.gov.ru/223fz/purchase/1" xmlns:xsi="http://www.w3.org/2001/XMLSchema-instance" xmlns:ns3="http://zakupki.gov.ru/223fz/dishonestSupplier/1" xmlns:ns4="http://zakupki.gov.ru/223fz/machineryListInfo/1" xmlns:ns5="http://zakupki.gov.ru/223fz/revenue/1" xmlns:ns6="http://zakupki.gov.ru/223fz/orderClauseList/1" xmlns:ns7="http://zakupki.gov.ru/223fz/disagreementProtocol/1" xmlns:ns8="http://zakupki.gov.ru/223fz/complaint/1" xmlns:ns9="http://zakupki.gov.ru/223fz/notificationIssue/1">
    <header>
        <guid>342f9642-6a7b-41cb-9c7a-8e61ec0319da</guid>
        <createDateTime>2017-03-16T10:58:35</createDateTime>
    </header>
    <ns2:body>
        <ns2:item>
            <guid>bfbd10c5-4059-4df5-a397-3504f635b15f</guid>
            <ns2:purchaseNoticeEPData>
                <ns2:guid>bfbd10c5-4059-4df5-a397-3504f635b15f</ns2:guid>
                <ns2:createDateTime>2017-03-16T10:51:10</ns2:createDateTime>
                <ns2:urlOOS>https://zakupki.gov.ru/223/purchase/private/purchase/notice-info/details.html?noticeInfoId=5883722</ns2:urlOOS>
                <ns2:registrationNumber>31704896201</ns2:registrationNumber>
                <ns2:name>поставка серверного оборудования и комплектующих</ns2:name>
                <ns2:customer>
                    <mainInfo>
                        <fullName>ЗАКРЫТОЕ АКЦИОНЕРНОЕ ОБЩЕСТВО "СТРАТЕДЖИ ПАРТНЕРС ГРУПП"</fullName>
                        <shortName>ЗАО "СПГ"</shortName>
                        <iko>67736612855770501001</iko>
                        <inn>7736612855</inn>
                        <kpp>770501001</kpp>
                        <ogrn>1107746025980</ogrn>
                        <legalAddress>115054, Г МОСКВА, НАБ КОСМОДАМИАНСКАЯ, дом ДОМ 52, корпус СТРОЕНИЕ 2</legalAddress>
                        <postalAddress>115054, г. Москва, Космодамианская наб., дом 52, стр.2</postalAddress>
                        <phone>7-495-6443828</phone>
                        <fax>7-495-6443827</fax>
                        <email>voroshirina@strategy.ru</email>
                        <okato>45286560000</okato>
                        <okpo>64562971</okpo>
                    </mainInfo>
                </ns2:customer>
                <ns2:purchaseMethodCode>3363</ns2:purchaseMethodCode>
                <ns2:purchaseCodeName>Закупка у единственного поставщика (исполнителя, подрядчика)</ns2:purchaseCodeName>
                <ns2:placer>
                    <mainInfo>
                        <fullName>ЗАКРЫТОЕ АКЦИОНЕРНОЕ ОБЩЕСТВО "СТРАТЕДЖИ ПАРТНЕРС ГРУПП"</fullName>
                        <shortName>ЗАО "СПГ"</shortName>
                        <iko>67736612855770501001</iko>
                        <inn>7736612855</inn>
                        <kpp>770501001</kpp>
                        <ogrn>1107746025980</ogrn>
                        <legalAddress>115054, Г МОСКВА, НАБ КОСМОДАМИАНСКАЯ, дом ДОМ 52, корпус СТРОЕНИЕ 2</legalAddress>
                        <postalAddress>115054, г. Москва, Космодамианская наб., дом 52, стр.2</postalAddress>
                        <phone>7-495-6443828</phone>
                        <fax>7-495-6443827</fax>
                        <email>voroshirina@strategy.ru</email>
                        <okato>45286560000</okato>
                        <okpo>64562971</okpo>
                    </mainInfo>
                </ns2:placer>
                <ns2:contact>
                    <phone>+8 (495) 7307747, доб.: 232</phone>
                    <email>voroshirina@strategy.ru</email>
                    <organization>
                        <mainInfo>
                            <fullName>ЗАКРЫТОЕ АКЦИОНЕРНОЕ ОБЩЕСТВО "СТРАТЕДЖИ ПАРТНЕРС ГРУПП"</fullName>
                            <shortName>ЗАО "СПГ"</shortName>
                            <iko>67736612855770501001</iko>
                            <inn>7736612855</inn>
                            <kpp>770501001</kpp>
                            <ogrn>1107746025980</ogrn>
                            <legalAddress>115054, Г МОСКВА, НАБ КОСМОДАМИАНСКАЯ, дом ДОМ 52, корпус СТРОЕНИЕ 2</legalAddress>
                            <postalAddress>115054, г. Москва, Космодамианская наб., дом 52, стр.2</postalAddress>
                            <phone>7-495-6443828</phone>
                            <fax>7-495-6443827</fax>
                            <email>voroshirina@strategy.ru</email>
                            <okato>45286560000</okato>
                            <okpo>64562971</okpo>
                        </mainInfo>
                    </organization>
                </ns2:contact>
                <ns2:publicationDateTime>2017-03-16T10:58:35</ns2:publicationDateTime>
                <ns2:documentationDelivery/>
                <ns2:status>P</ns2:status>
                <ns2:version>1</ns2:version>
                <ns2:notDishonest>false</ns2:notDishonest>
                <ns2:attachments>
                    <totalDocumentsCount>3</totalDocumentsCount>
                    <document>
                        <guid>8ebe0ac5-892d-4509-8639-f0102a523a10</guid>
                        <createDateTime>2017-03-16T10:57:42</createDateTime>
                        <fileName>Извещение.docx</fileName>
                        <description>Извещение</description>
                        <url>http://zakupki.gov.ru/223/purchase/public/download/download.html?id=30098404</url>
                    </document>
                    <document>
                        <guid>6c06d2b1-7b71-4b87-a164-bb04807234ed</guid>
                        <createDateTime>2017-03-16T10:57:59</createDateTime>
                        <fileName>2017-03-14 Авилон (2).doc</fileName>
                        <description>2017-03-14 Авилон (2)</description>
                        <url>http://zakupki.gov.ru/223/purchase/public/download/download.html?id=30098428</url>
                    </document>
                    <document>
                        <guid>1b590503-da3d-48f3-a50f-ef514c2548bb</guid>
                        <createDateTime>2017-03-16T10:57:33</createDateTime>
                        <fileName>Документация.docx</fileName>
                        <description>Документация</description>
                        <url>http://zakupki.gov.ru/223/purchase/public/download/download.html?id=30098397</url>
                    </document>
                </ns2:attachments>
                <ns2:modificationDate>2017-03-16T10:58:35</ns2:modificationDate>
                <ns2:saveUserId>143389</ns2:saveUserId>
                <ns2:deliveryPlaceIndication>DIFFERENT_PLACE</ns2:deliveryPlaceIndication>
                <ns2:emergency>false</ns2:emergency>
                <ns2:jointPurchase>false</ns2:jointPurchase>
                <ns2:lots>
                    <lot>
                        <guid>6f85d64d-5a6c-4186-b869-6ffbdac69517</guid>
                        <ordinalNumber>1</ordinalNumber>
                        <lotEditEnabled>false</lotEditEnabled>
                        <lotData>
                            <subject>поставка серверного оборудования</subject>
                            <currency>
                                <code>RUB</code>
                                <digitalCode>643</digitalCode>
                                <name>Российский рубль</name>
                            </currency>
                            <initialSum>500000.00</initialSum>
                            <deliveryPlace>
                                <state>Центральный федеральный округ</state>
                                <region>Москва</region>
                                <regionOkato>45000000000</regionOkato>
                                <address>г.Москва, Космодамианская наб. д.52, стр.2</address>
                            </deliveryPlace>
                            <lotItems>
                                <newCodes>true</newCodes>
                                <lotItem>
                                    <guid>9c01b5eb-7c3e-457b-949e-6693f2e71b0a</guid>
                                    <ordinalNumber>1</ordinalNumber>
                                    <okpd2>
                                        <code>26.20.13.000</code>
                                        <name>Машины вычислительные электронные цифровые, содержащие в одном корпусе центральный процессор и устройство ввода и вывода, объединенные или нет для автоматической обработки данных</name>
                                    </okpd2>
                                    <okved2>
                                        <code>26.20.3</code>
                                        <name>Производство запоминающих устройств и прочих устройств хранения данных</name>
                                    </okved2>
                                    <okei>
                                        <code>796</code>
                                        <name>Штука</name>
                                    </okei>
                                    <qty>2</qty>
                                </lotItem>
                            </lotItems>
                            <forSmallOrMiddle>false</forSmallOrMiddle>
                            <excludePurchaseFromPlan>false</excludePurchaseFromPlan>
                            <subcontractorsRequirement>false</subcontractorsRequirement>
                            <ignoredPurchase>false</ignoredPurchase>
                            <centralized>false</centralized>
                        </lotData>
                        <deliveryPlaceIndication>GL</deliveryPlaceIndication>
                        <jointLotData>
                            <jointLot>false</jointLot>
                        </jointLotData>
                        <lotPlanInfo>
                            <planRegistrationNumber>2160209360</planRegistrationNumber>
                            <planGuid>d40c15b3-9b46-49cb-9da7-60ef239adaa6</planGuid>
                            <positionNumber>26</positionNumber>
                            <lotPlanPosition>COMMODITY</lotPlanPosition>
                            <positionGuid>8fb86e61-0e09-47ac-ad81-4cacd4d238f3</positionGuid>
                        </lotPlanInfo>
                        <cancelled>false</cancelled>
                    </lot>
                </ns2:lots>
            </ns2:purchaseNoticeEPData>
        </ns2:item>
    </ns2:body>
</ns2:purchaseNoticeEP>
