<?xml version="1.0" encoding="UTF-8" standalone="yes"?>
<ns2:purchaseNoticeEP xsi:schemaLocation="http://zakupki.gov.ru/223/integration/schema/TFF-5.2 http://zakupki.gov.ru/223/integration/schema/TFF-5.2/purchase.xsd" xmlns="http://zakupki.gov.ru/223fz/types/1" xmlns:ns10="http://zakupki.gov.ru/223fz/purchasePlan/1" xmlns:ns11="http://zakupki.gov.ru/223fz/purchasePlanProject/1" xmlns:ns12="http://zakupki.gov.ru/223fz/purchasePlanProjectAdditionalPosition/1" xmlns:ns13="http://zakupki.gov.ru/223fz/contract/1" xmlns:ns14="http://zakupki.gov.ru/223fz/missedNotice/1" xmlns:ns15="http://zakupki.gov.ru/223fz/reference/1" xmlns:ns16="http://zakupki.gov.ru/223fz/stopCommodity/1" xmlns:ns17="http://zakupki.gov.ru/223fz/decisionSuspension/1" xmlns:ns18="http://zakupki.gov.ru/223fz/purchasePlanAdditionalPosition/1" xmlns:ns19="http://zakupki.gov.ru/223fz/webRequest/1" xmlns:ns2="http://zakupki.gov.ru/223fz/purchase/1" xmlns:xsi="http://www.w3.org/2001/XMLSchema-instance" xmlns:ns3="http://zakupki.gov.ru/223fz/dishonestSupplier/1" xmlns:ns4="http://zakupki.gov.ru/223fz/machineryListInfo/1" xmlns:ns5="http://zakupki.gov.ru/223fz/revenue/1" xmlns:ns6="http://zakupki.gov.ru/223fz/orderClauseList/1" xmlns:ns7="http://zakupki.gov.ru/223fz/disagreementProtocol/1" xmlns:ns8="http://zakupki.gov.ru/223fz/complaint/1" xmlns:ns9="http://zakupki.gov.ru/223fz/notificationIssue/1">
    <header>
        <guid>4ee48666-7ca4-46b7-be4d-62fdd61fbf6f</guid>
        <createDateTime>2017-03-16T13:55:54</createDateTime>
    </header>
    <ns2:body>
        <ns2:item>
            <guid>2049d591-7af9-45a9-ac51-55fa5c7bf162</guid>
            <ns2:purchaseNoticeEPData>
                <ns2:guid>2049d591-7af9-45a9-ac51-55fa5c7bf162</ns2:guid>
                <ns2:createDateTime>2017-03-16T13:54:11</ns2:createDateTime>
                <ns2:urlOOS>https://zakupki.gov.ru/223/purchase/private/purchase/notice-info/details.html?noticeInfoId=5885659</ns2:urlOOS>
                <ns2:registrationNumber>31704897683</ns2:registrationNumber>
                <ns2:name>Поставка наборов шоколадных</ns2:name>
                <ns2:customer>
                    <mainInfo>
                        <fullName>ГОСУДАРСТВЕННОЕ БЮДЖЕТНОЕ ОБРАЗОВАТЕЛЬНОЕ УЧРЕЖДЕНИЕ ВЫСШЕГО ПРОФЕССИОНАЛЬНОГО ОБРАЗОВАНИЯ "РОССИЙСКИЙ НАЦИОНАЛЬНЫЙ ИССЛЕДОВАТЕЛЬСКИЙ МЕДИЦИНСКИЙ УНИВЕРСИТЕТ ИМЕНИ Н.И. ПИРОГОВА" МИНИСТЕРСТВА ЗДРАВООХРАНЕНИЯ РОССИЙСКОЙ ФЕДЕРАЦИИ</fullName>
                        <shortName>ГБОУ ВПО РНИМУ ИМ. Н.И. ПИРОГОВА МИНЗДРАВА РОССИИ</shortName>
                        <iko>87728095113772801001</iko>
                        <inn>7728095113</inn>
                        <kpp>772801001</kpp>
                        <ogrn>1027739054420</ogrn>
                        <legalAddress>117997, МОСКВА, ОСТРОВИТЯНОВА, дом 1</legalAddress>
                        <postalAddress>117997, МОСКВА, ОСТРОВИТЯНОВА, дом 1 </postalAddress>
                        <phone>7-495-4945545-2301</phone>
                        <email>zakupki-rgmu@yandex.ru</email>
                        <okato>45293578000</okato>
                        <okpo>01963278</okpo>
                    </mainInfo>
                </ns2:customer>
                <ns2:purchaseMethodCode>3363</ns2:purchaseMethodCode>
                <ns2:purchaseCodeName>Закупка у единственного поставщика (исполнителя, подрядчика)</ns2:purchaseCodeName>
                <ns2:placer>
                    <mainInfo>
                        <fullName>ГОСУДАРСТВЕННОЕ БЮДЖЕТНОЕ ОБРАЗОВАТЕЛЬНОЕ УЧРЕЖДЕНИЕ ВЫСШЕГО ПРОФЕССИОНАЛЬНОГО ОБРАЗОВАНИЯ "РОССИЙСКИЙ НАЦИОНАЛЬНЫЙ ИССЛЕДОВАТЕЛЬСКИЙ МЕДИЦИНСКИЙ УНИВЕРСИТЕТ ИМЕНИ Н.И. ПИРОГОВА" МИНИСТЕРСТВА ЗДРАВООХРАНЕНИЯ РОССИЙСКОЙ ФЕДЕРАЦИИ</fullName>
                        <shortName>ГБОУ ВПО РНИМУ ИМ. Н.И. ПИРОГОВА МИНЗДРАВА РОССИИ</shortName>
                        <iko>87728095113772801001</iko>
                        <inn>7728095113</inn>
                        <kpp>772801001</kpp>
                        <ogrn>1027739054420</ogrn>
                        <legalAddress>117997, МОСКВА, ОСТРОВИТЯНОВА, дом 1</legalAddress>
                        <postalAddress>117997, МОСКВА, ОСТРОВИТЯНОВА, дом 1 </postalAddress>
                        <phone>7-495-4945545-2301</phone>
                        <email>zakupki-rgmu@yandex.ru</email>
                        <okato>45293578000</okato>
                        <okpo>01963278</okpo>
                    </mainInfo>
                </ns2:placer>
                <ns2:contact>
                    <firstName>Артем</firstName>
                    <middleName>Леонидович</middleName>
                    <lastName>Юхно</lastName>
                    <phone>+7 (495) 4345545</phone>
                    <email>zakupki-rgmu@yandex.ru</email>
                    <organization>
                        <mainInfo>
                            <fullName>ГОСУДАРСТВЕННОЕ БЮДЖЕТНОЕ ОБРАЗОВАТЕЛЬНОЕ УЧРЕЖДЕНИЕ ВЫСШЕГО ПРОФЕССИОНАЛЬНОГО ОБРАЗОВАНИЯ "РОССИЙСКИЙ НАЦИОНАЛЬНЫЙ ИССЛЕДОВАТЕЛЬСКИЙ МЕДИЦИНСКИЙ УНИВЕРСИТЕТ ИМЕНИ Н.И. ПИРОГОВА" МИНИСТЕРСТВА ЗДРАВООХРАНЕНИЯ РОССИЙСКОЙ ФЕДЕРАЦИИ</fullName>
                            <shortName>ГБОУ ВПО РНИМУ ИМ. Н.И. ПИРОГОВА МИНЗДРАВА РОССИИ</shortName>
                            <iko>87728095113772801001</iko>
                            <inn>7728095113</inn>
                            <kpp>772801001</kpp>
                            <ogrn>1027739054420</ogrn>
                            <legalAddress>117997, МОСКВА, ОСТРОВИТЯНОВА, дом 1</legalAddress>
                            <postalAddress>117997, МОСКВА, ОСТРОВИТЯНОВА, дом 1 </postalAddress>
                            <phone>7-495-4945545-2301</phone>
                            <email>zakupki-rgmu@yandex.ru</email>
                            <okato>45293578000</okato>
                            <okpo>01963278</okpo>
                        </mainInfo>
                    </organization>
                </ns2:contact>
                <ns2:publicationDateTime>2017-03-16T13:55:54</ns2:publicationDateTime>
                <ns2:documentationDelivery/>
                <ns2:status>P</ns2:status>
                <ns2:version>1</ns2:version>
                <ns2:notDishonest>false</ns2:notDishonest>
                <ns2:attachments>
                    <totalDocumentsCount>1</totalDocumentsCount>
                    <document>
                        <guid>d01ecef9-0254-444a-91ce-27bbb065d3a0</guid>
                        <createDateTime>2017-03-16T13:55:43</createDateTime>
                        <fileName>2.2950-ЕП-223-17.doc</fileName>
                        <description>2.2950-ЕП-223-17</description>
                        <url>http://zakupki.gov.ru/223/purchase/public/download/download.html?id=30107906</url>
                    </document>
                </ns2:attachments>
                <ns2:modificationDate>2017-03-16T13:55:54</ns2:modificationDate>
                <ns2:saveUserId>166167</ns2:saveUserId>
                <ns2:deliveryPlaceIndication>SINGLE_PLACE</ns2:deliveryPlaceIndication>
                <ns2:emergency>false</ns2:emergency>
                <ns2:jointPurchase>false</ns2:jointPurchase>
                <ns2:lots>
                    <lot>
                        <guid>4001ba0c-c4b0-4346-8ccc-fae4604ad389</guid>
                        <ordinalNumber>1</ordinalNumber>
                        <lotEditEnabled>false</lotEditEnabled>
                        <lotData>
                            <subject>Поставка наборов шоколадных</subject>
                            <currency>
                                <code>RUB</code>
                                <digitalCode>643</digitalCode>
                                <name>Российский рубль</name>
                            </currency>
                            <initialSum>175000.00</initialSum>
                            <deliveryPlace>
                                <state>Центральный федеральный округ</state>
                                <region>Москва</region>
                                <regionOkato>45000000000</regionOkato>
                                <address>ул. Островитянова д.1</address>
                            </deliveryPlace>
                            <lotItems>
                                <newCodes>true</newCodes>
                                <lotItem>
                                    <guid>f62eb404-ca5b-4310-8135-bf2e77b4814f</guid>
                                    <ordinalNumber>1</ordinalNumber>
                                    <okpd2>
                                        <code>10.82.22.110</code>
                                        <name>Шоколад в упакованном виде</name>
                                    </okpd2>
                                    <okved2>
                                        <code>10.82.2</code>
                                        <name>Производство шоколада и сахаристых кондитерских изделий</name>
                                    </okved2>
                                    <okei>
                                        <code>796</code>
                                        <name>Штука</name>
                                    </okei>
                                    <qty>500</qty>
                                </lotItem>
                            </lotItems>
                            <forSmallOrMiddle>false</forSmallOrMiddle>
                            <excludePurchaseFromPlan>false</excludePurchaseFromPlan>
                            <subcontractorsRequirement>false</subcontractorsRequirement>
                            <ignoredPurchase>false</ignoredPurchase>
                            <centralized>false</centralized>
                        </lotData>
                        <deliveryPlaceIndication>GL</deliveryPlaceIndication>
                        <jointLotData>
                            <jointLot>false</jointLot>
                        </jointLotData>
                        <lotPlanInfo>
                            <planRegistrationNumber>2170223385</planRegistrationNumber>
                            <planGuid>141c20f1-327b-4566-be03-e99f9461e6ad</planGuid>
                            <positionNumber>93</positionNumber>
                            <lotPlanPosition>COMMODITY</lotPlanPosition>
                            <positionGuid>9220cf82-7caa-465d-bc67-ea703649274e</positionGuid>
                        </lotPlanInfo>
                        <cancelled>false</cancelled>
                    </lot>
                </ns2:lots>
            </ns2:purchaseNoticeEPData>
        </ns2:item>
    </ns2:body>
</ns2:purchaseNoticeEP>
