<?xml version="1.0" encoding="UTF-8" standalone="yes"?>
<ns2:purchaseNoticeEP xsi:schemaLocation="http://zakupki.gov.ru/223/integration/schema/TFF-5.2 http://zakupki.gov.ru/223/integration/schema/TFF-5.2/purchase.xsd" xmlns="http://zakupki.gov.ru/223fz/types/1" xmlns:ns10="http://zakupki.gov.ru/223fz/purchasePlan/1" xmlns:ns11="http://zakupki.gov.ru/223fz/purchasePlanProject/1" xmlns:ns12="http://zakupki.gov.ru/223fz/purchasePlanProjectAdditionalPosition/1" xmlns:ns13="http://zakupki.gov.ru/223fz/contract/1" xmlns:ns14="http://zakupki.gov.ru/223fz/missedNotice/1" xmlns:ns15="http://zakupki.gov.ru/223fz/reference/1" xmlns:ns16="http://zakupki.gov.ru/223fz/stopCommodity/1" xmlns:ns17="http://zakupki.gov.ru/223fz/decisionSuspension/1" xmlns:ns18="http://zakupki.gov.ru/223fz/purchasePlanAdditionalPosition/1" xmlns:ns19="http://zakupki.gov.ru/223fz/webRequest/1" xmlns:ns2="http://zakupki.gov.ru/223fz/purchase/1" xmlns:xsi="http://www.w3.org/2001/XMLSchema-instance" xmlns:ns3="http://zakupki.gov.ru/223fz/dishonestSupplier/1" xmlns:ns4="http://zakupki.gov.ru/223fz/machineryListInfo/1" xmlns:ns5="http://zakupki.gov.ru/223fz/revenue/1" xmlns:ns6="http://zakupki.gov.ru/223fz/orderClauseList/1" xmlns:ns7="http://zakupki.gov.ru/223fz/disagreementProtocol/1" xmlns:ns8="http://zakupki.gov.ru/223fz/complaint/1" xmlns:ns9="http://zakupki.gov.ru/223fz/notificationIssue/1">
    <header>
        <guid>03389915-bc65-49e7-a86c-ae8d82a1b656</guid>
        <createDateTime>2017-03-16T17:06:12</createDateTime>
    </header>
    <ns2:body>
        <ns2:item>
            <guid>fe7e6bac-2146-4b42-9fbe-b41c2640ebcc</guid>
            <ns2:purchaseNoticeEPData>
                <ns2:guid>fe7e6bac-2146-4b42-9fbe-b41c2640ebcc</ns2:guid>
                <ns2:createDateTime>2017-03-16T17:04:49</ns2:createDateTime>
                <ns2:urlOOS>https://zakupki.gov.ru/223/purchase/private/purchase/notice-info/details.html?noticeInfoId=5887868</ns2:urlOOS>
                <ns2:registrationNumber>31704899532</ns2:registrationNumber>
                <ns2:name>Оказание услуг по поиску лиц, желающих высказать свое мнение по темам, обсуждаемым в соответствии с сценариями выпусков телевизионной передачи «Право голоса»
</ns2:name>
                <ns2:customer>
                    <mainInfo>
                        <fullName>АКЦИОНЕРНОЕ ОБЩЕСТВО "ТВ ЦЕНТР"</fullName>
                        <shortName>АО "ТВ ЦЕНТР"</shortName>
                        <iko>57717091519770501001</iko>
                        <inn>7717091519</inn>
                        <kpp>770501001</kpp>
                        <ogrn>1027739048281</ogrn>
                        <legalAddress>115184, Г МОСКВА, УЛ ТАТАРСКАЯ Б., дом 33, корпус 1</legalAddress>
                        <postalAddress>115184, Москва Город, Татарская Б. Улица, дом 33, строение 1</postalAddress>
                        <phone>7-495-9593900</phone>
                        <fax>7-495-9593966</fax>
                        <email>zakupki@tvc.ru</email>
                        <okato>45286560000</okato>
                        <okpo>45886171</okpo>
                    </mainInfo>
                </ns2:customer>
                <ns2:purchaseMethodCode>3363</ns2:purchaseMethodCode>
                <ns2:purchaseCodeName>Закупка у единственного поставщика (исполнителя, подрядчика)</ns2:purchaseCodeName>
                <ns2:placer>
                    <mainInfo>
                        <fullName>АКЦИОНЕРНОЕ ОБЩЕСТВО "ТВ ЦЕНТР"</fullName>
                        <shortName>АО "ТВ ЦЕНТР"</shortName>
                        <iko>57717091519770501001</iko>
                        <inn>7717091519</inn>
                        <kpp>770501001</kpp>
                        <ogrn>1027739048281</ogrn>
                        <legalAddress>115184, Г МОСКВА, УЛ ТАТАРСКАЯ Б., дом 33, корпус 1</legalAddress>
                        <postalAddress>115184, Москва Город, Татарская Б. Улица, дом 33, строение 1</postalAddress>
                        <phone>7-495-9593900</phone>
                        <fax>7-495-9593966</fax>
                        <email>zakupki@tvc.ru</email>
                        <okato>45286560000</okato>
                        <okpo>45886171</okpo>
                    </mainInfo>
                </ns2:placer>
                <ns2:contact>
                    <firstName>Вадим</firstName>
                    <middleName>Евгеньевич</middleName>
                    <lastName>Борисов</lastName>
                    <phone>+7 (495) 9269447</phone>
                    <email>zakupki@tvc.ru</email>
                    <organization>
                        <mainInfo>
                            <fullName>АКЦИОНЕРНОЕ ОБЩЕСТВО "ТВ ЦЕНТР"</fullName>
                            <shortName>АО "ТВ ЦЕНТР"</shortName>
                            <iko>57717091519770501001</iko>
                            <inn>7717091519</inn>
                            <kpp>770501001</kpp>
                            <ogrn>1027739048281</ogrn>
                            <legalAddress>115184, Г МОСКВА, УЛ ТАТАРСКАЯ Б., дом 33, корпус 1</legalAddress>
                            <postalAddress>115184, Москва Город, Татарская Б. Улица, дом 33, строение 1</postalAddress>
                            <phone>7-495-9593900</phone>
                            <fax>7-495-9593966</fax>
                            <email>zakupki@tvc.ru</email>
                            <okato>45286560000</okato>
                            <okpo>45886171</okpo>
                        </mainInfo>
                    </organization>
                </ns2:contact>
                <ns2:publicationDateTime>2017-03-16T17:06:12</ns2:publicationDateTime>
                <ns2:documentationDelivery/>
                <ns2:status>P</ns2:status>
                <ns2:version>1</ns2:version>
                <ns2:notDishonest>true</ns2:notDishonest>
                <ns2:attachments>
                    <totalDocumentsCount>1</totalDocumentsCount>
                    <document>
                        <guid>7ac3420c-ec34-462e-b536-0bdd82416c01</guid>
                        <createDateTime>2017-03-16T17:05:43</createDateTime>
                        <fileName>Документация о закупке у единственного поставщика 208-03-2017.docx</fileName>
                        <description>Документация о закупке у единственного поставщика 208-03-2017</description>
                        <url>http://zakupki.gov.ru/223/purchase/public/download/download.html?id=30118647</url>
                    </document>
                </ns2:attachments>
                <ns2:modificationDate>2017-03-16T17:06:12</ns2:modificationDate>
                <ns2:saveUserId>211894</ns2:saveUserId>
                <ns2:deliveryPlaceIndication>SINGLE_PLACE</ns2:deliveryPlaceIndication>
                <ns2:emergency>false</ns2:emergency>
                <ns2:jointPurchase>false</ns2:jointPurchase>
                <ns2:lots>
                    <lot>
                        <guid>1e872ceb-b08e-4810-9cce-8877c414d913</guid>
                        <ordinalNumber>1</ordinalNumber>
                        <lotEditEnabled>false</lotEditEnabled>
                        <lotData>
                            <subject>Оказание услуг по поиску лиц, желающих высказать свое мнение по темам, обсуждаемым в соответствии с сценариями выпусков телевизионной передачи «Право голоса»</subject>
                            <currency>
                                <code>RUB</code>
                                <digitalCode>643</digitalCode>
                                <name>Российский рубль</name>
                            </currency>
                            <initialSum>300000.00</initialSum>
                            <deliveryPlace>
                                <state>Центральный федеральный округ</state>
                                <region>Москва</region>
                                <regionOkato>45000000000</regionOkato>
                                <address>г. Москва, улица Калибровская, дом 31, стр. 13</address>
                            </deliveryPlace>
                            <lotItems>
                                <newCodes>true</newCodes>
                                <lotItem>
                                    <guid>29ea2da4-b773-4b31-8a72-7b04dbe3a9c2</guid>
                                    <ordinalNumber>1</ordinalNumber>
                                    <okpd2>
                                        <code>78.30.19.000</code>
                                        <name>Услуги в области трудовых ресурсов по обеспечению персоналом прочие, не включенные в другие группировки</name>
                                    </okpd2>
                                    <okved2>
                                        <code>78.30</code>
                                        <name>Деятельность по подбору персонала прочая</name>
                                    </okved2>
                                    <okei>
                                        <code>876</code>
                                        <name>Условная единица</name>
                                    </okei>
                                    <qty>1</qty>
                                </lotItem>
                            </lotItems>
                            <forSmallOrMiddle>true</forSmallOrMiddle>
                            <excludePurchaseFromPlan>false</excludePurchaseFromPlan>
                            <subcontractorsRequirement>false</subcontractorsRequirement>
                            <ignoredPurchase>false</ignoredPurchase>
                            <centralized>false</centralized>
                        </lotData>
                        <deliveryPlaceIndication>GL</deliveryPlaceIndication>
                        <jointLotData>
                            <jointLot>false</jointLot>
                        </jointLotData>
                        <lotPlanInfo>
                            <planRegistrationNumber>2160218312</planRegistrationNumber>
                            <planGuid>93599645-514f-47dd-8e7c-297b9f55c567</planGuid>
                            <positionNumber>321</positionNumber>
                            <lotPlanPosition>COMMODITY</lotPlanPosition>
                            <positionGuid>71cef5b5-c7e6-47b4-9526-c1f51716dabb</positionGuid>
                        </lotPlanInfo>
                        <cancelled>false</cancelled>
                    </lot>
                </ns2:lots>
            </ns2:purchaseNoticeEPData>
        </ns2:item>
    </ns2:body>
</ns2:purchaseNoticeEP>
