<?xml version="1.0" encoding="UTF-8" standalone="yes"?>
<ns2:purchaseNoticeEP xsi:schemaLocation="http://zakupki.gov.ru/223/integration/schema/TFF-5.2 http://zakupki.gov.ru/223/integration/schema/TFF-5.2/purchase.xsd" xmlns="http://zakupki.gov.ru/223fz/types/1" xmlns:ns10="http://zakupki.gov.ru/223fz/purchasePlan/1" xmlns:ns11="http://zakupki.gov.ru/223fz/purchasePlanProject/1" xmlns:ns12="http://zakupki.gov.ru/223fz/purchasePlanProjectAdditionalPosition/1" xmlns:ns13="http://zakupki.gov.ru/223fz/contract/1" xmlns:ns14="http://zakupki.gov.ru/223fz/missedNotice/1" xmlns:ns15="http://zakupki.gov.ru/223fz/reference/1" xmlns:ns16="http://zakupki.gov.ru/223fz/stopCommodity/1" xmlns:ns17="http://zakupki.gov.ru/223fz/decisionSuspension/1" xmlns:ns18="http://zakupki.gov.ru/223fz/purchasePlanAdditionalPosition/1" xmlns:ns19="http://zakupki.gov.ru/223fz/webRequest/1" xmlns:ns2="http://zakupki.gov.ru/223fz/purchase/1" xmlns:xsi="http://www.w3.org/2001/XMLSchema-instance" xmlns:ns3="http://zakupki.gov.ru/223fz/dishonestSupplier/1" xmlns:ns4="http://zakupki.gov.ru/223fz/machineryListInfo/1" xmlns:ns5="http://zakupki.gov.ru/223fz/revenue/1" xmlns:ns6="http://zakupki.gov.ru/223fz/orderClauseList/1" xmlns:ns7="http://zakupki.gov.ru/223fz/disagreementProtocol/1" xmlns:ns8="http://zakupki.gov.ru/223fz/complaint/1" xmlns:ns9="http://zakupki.gov.ru/223fz/notificationIssue/1">
    <header>
        <guid>06a01f28-6228-4277-9b78-bd54f4d3c306</guid>
        <createDateTime>2017-03-16T10:10:43</createDateTime>
    </header>
    <ns2:body>
        <ns2:item>
            <guid>e4c1477a-8bba-4720-90bd-c2d73df73fa9</guid>
            <ns2:purchaseNoticeEPData>
                <ns2:guid>e4c1477a-8bba-4720-90bd-c2d73df73fa9</ns2:guid>
                <ns2:createDateTime>2017-03-16T10:07:57</ns2:createDateTime>
                <ns2:urlOOS>https://zakupki.gov.ru/223/purchase/private/purchase/notice-info/details.html?noticeInfoId=5883204</ns2:urlOOS>
                <ns2:registrationNumber>31704895734</ns2:registrationNumber>
                <ns2:name>Поставка неоригинальных расходных материалов для оргтехники</ns2:name>
                <ns2:customer>
                    <mainInfo>
                        <fullName>ФЕДЕРАЛЬНОЕ ГОСУДАРСТВЕННОЕ АВТОНОМНОЕ ОБРАЗОВАТЕЛЬНОЕ УЧРЕЖДЕНИЕ ВЫСШЕГО ОБРАЗОВАНИЯ "НАЦИОНАЛЬНЫЙ ИССЛЕДОВАТЕЛЬСКИЙ ЯДЕРНЫЙ УНИВЕРСИТЕТ "МИФИ"</fullName>
                        <shortName>НИЯУ МИФИ</shortName>
                        <iko>57724068140772401001</iko>
                        <inn>7724068140</inn>
                        <kpp>772401001</kpp>
                        <ogrn>1037739366477</ogrn>
                        <legalAddress>115409, г МОСКВА, ш КАШИРСКОЕ, дом 31</legalAddress>
                        <postalAddress>115409, Москва, Каширское шоссе, дом 31</postalAddress>
                        <phone>7-495-7885699-9129</phone>
                        <email>TBGuseva@mephi.ru</email>
                        <okato>45296569000</okato>
                        <okpo>02066569</okpo>
                    </mainInfo>
                </ns2:customer>
                <ns2:purchaseMethodCode>3363</ns2:purchaseMethodCode>
                <ns2:purchaseCodeName>Закупка у единственного поставщика (исполнителя, подрядчика)</ns2:purchaseCodeName>
                <ns2:placer>
                    <mainInfo>
                        <fullName>ФЕДЕРАЛЬНОЕ ГОСУДАРСТВЕННОЕ АВТОНОМНОЕ ОБРАЗОВАТЕЛЬНОЕ УЧРЕЖДЕНИЕ ВЫСШЕГО ОБРАЗОВАНИЯ "НАЦИОНАЛЬНЫЙ ИССЛЕДОВАТЕЛЬСКИЙ ЯДЕРНЫЙ УНИВЕРСИТЕТ "МИФИ"</fullName>
                        <shortName>НИЯУ МИФИ</shortName>
                        <iko>57724068140772401001</iko>
                        <inn>7724068140</inn>
                        <kpp>772401001</kpp>
                        <ogrn>1037739366477</ogrn>
                        <legalAddress>115409, г МОСКВА, ш КАШИРСКОЕ, дом 31</legalAddress>
                        <postalAddress>115409, Москва, Каширское шоссе, дом 31</postalAddress>
                        <phone>7-495-7885699-9129</phone>
                        <email>TBGuseva@mephi.ru</email>
                        <okato>45296569000</okato>
                        <okpo>02066569</okpo>
                    </mainInfo>
                </ns2:placer>
                <ns2:contact>
                    <firstName>Марина</firstName>
                    <middleName>Николаевна</middleName>
                    <lastName>Петранова</lastName>
                    <phone>+7 (495) 7885699, доб.: 9712</phone>
                    <email>TBGuseva@mephi.ru</email>
                    <organization>
                        <mainInfo>
                            <fullName>ФЕДЕРАЛЬНОЕ ГОСУДАРСТВЕННОЕ АВТОНОМНОЕ ОБРАЗОВАТЕЛЬНОЕ УЧРЕЖДЕНИЕ ВЫСШЕГО ОБРАЗОВАНИЯ "НАЦИОНАЛЬНЫЙ ИССЛЕДОВАТЕЛЬСКИЙ ЯДЕРНЫЙ УНИВЕРСИТЕТ "МИФИ"</fullName>
                            <shortName>НИЯУ МИФИ</shortName>
                            <iko>57724068140772401001</iko>
                            <inn>7724068140</inn>
                            <kpp>772401001</kpp>
                            <ogrn>1037739366477</ogrn>
                            <legalAddress>115409, г МОСКВА, ш КАШИРСКОЕ, дом 31</legalAddress>
                            <postalAddress>115409, Москва, Каширское шоссе, дом 31</postalAddress>
                            <phone>7-495-7885699-9129</phone>
                            <email>TBGuseva@mephi.ru</email>
                            <okato>45296569000</okato>
                            <okpo>02066569</okpo>
                        </mainInfo>
                    </organization>
                </ns2:contact>
                <ns2:publicationDateTime>2017-03-16T10:10:43</ns2:publicationDateTime>
                <ns2:documentationDelivery>
                    <place>см. прикрепленное извещение</place>
                    <procedure>см. прикрепленное извещение</procedure>
                </ns2:documentationDelivery>
                <ns2:status>P</ns2:status>
                <ns2:version>1</ns2:version>
                <ns2:notDishonest>false</ns2:notDishonest>
                <ns2:attachments>
                    <totalDocumentsCount>2</totalDocumentsCount>
                    <document>
                        <guid>3ec2f89d-f0cd-4bfc-99e6-8bae6d677b41</guid>
                        <createDateTime>2017-03-16T10:09:23</createDateTime>
                        <fileName>Документация.doc</fileName>
                        <description>Документация</description>
                        <url>http://zakupki.gov.ru/223/purchase/public/download/download.html?id=30095675</url>
                    </document>
                    <document>
                        <guid>96de76e3-e3bd-4c00-9839-78b31e6bf499</guid>
                        <createDateTime>2017-03-16T10:09:27</createDateTime>
                        <fileName>Извещение.doc</fileName>
                        <description>Извещение</description>
                        <url>http://zakupki.gov.ru/223/purchase/public/download/download.html?id=30095693</url>
                    </document>
                </ns2:attachments>
                <ns2:modificationDate>2017-03-16T10:10:43</ns2:modificationDate>
                <ns2:saveUserId>134729</ns2:saveUserId>
                <ns2:deliveryPlaceIndication>DIFFERENT_PLACE</ns2:deliveryPlaceIndication>
                <ns2:emergency>false</ns2:emergency>
                <ns2:jointPurchase>false</ns2:jointPurchase>
                <ns2:lots>
                    <lot>
                        <guid>57853429-facc-4dbe-85a9-afb7de92931e</guid>
                        <ordinalNumber>1</ordinalNumber>
                        <lotEditEnabled>false</lotEditEnabled>
                        <lotData>
                            <subject>Поставка неоригинальных расходных материалов для оргтехники
</subject>
                            <currency>
                                <code>RUB</code>
                                <digitalCode>643</digitalCode>
                                <name>Российский рубль</name>
                            </currency>
                            <initialSum>203225.00</initialSum>
                            <deliveryPlace>
                                <state>Центральный федеральный округ</state>
                                <region>Москва</region>
                                <regionOkato>45000000000</regionOkato>
                                <address>115409, г. Москва, Каширское шоссе, д. 31</address>
                            </deliveryPlace>
                            <lotItems>
                                <newCodes>true</newCodes>
                                <lotItem>
                                    <guid>eeb5025f-4d44-4a4d-996d-054d8abc7ca0</guid>
                                    <ordinalNumber>1</ordinalNumber>
                                    <okpd2>
                                        <code>28.23.25.000</code>
                                        <name>Части и принадлежности прочих офисных машин</name>
                                    </okpd2>
                                    <okved2>
                                        <code>28.23</code>
                                        <name>Производство офисной техники и оборудования (кроме компьютеров и периферийного оборудования)</name>
                                    </okved2>
                                </lotItem>
                            </lotItems>
                            <forSmallOrMiddle>true</forSmallOrMiddle>
                            <excludePurchaseFromPlan>false</excludePurchaseFromPlan>
                            <subcontractorsRequirement>false</subcontractorsRequirement>
                            <ignoredPurchase>false</ignoredPurchase>
                            <centralized>false</centralized>
                        </lotData>
                        <deliveryPlaceIndication>GL</deliveryPlaceIndication>
                        <jointLotData>
                            <jointLot>false</jointLot>
                        </jointLotData>
                        <lotPlanInfo>
                            <planRegistrationNumber>2160204605</planRegistrationNumber>
                            <planGuid>89d8ad5b-8dcc-49c5-9912-1bdfb781ac09</planGuid>
                            <positionNumber>150</positionNumber>
                            <lotPlanPosition>COMMODITY</lotPlanPosition>
                            <positionGuid>cf25ad82-1f8f-4419-8084-f8d6da6d9da0</positionGuid>
                        </lotPlanInfo>
                        <cancelled>false</cancelled>
                    </lot>
                </ns2:lots>
            </ns2:purchaseNoticeEPData>
        </ns2:item>
    </ns2:body>
</ns2:purchaseNoticeEP>
