<?xml version="1.0" encoding="UTF-8" standalone="yes"?>
<ns2:purchaseNoticeEP xsi:schemaLocation="http://zakupki.gov.ru/223/integration/schema/TFF-5.2 http://zakupki.gov.ru/223/integration/schema/TFF-5.2/purchase.xsd" xmlns="http://zakupki.gov.ru/223fz/types/1" xmlns:ns10="http://zakupki.gov.ru/223fz/purchasePlan/1" xmlns:ns11="http://zakupki.gov.ru/223fz/purchasePlanProject/1" xmlns:ns12="http://zakupki.gov.ru/223fz/purchasePlanProjectAdditionalPosition/1" xmlns:ns13="http://zakupki.gov.ru/223fz/contract/1" xmlns:ns14="http://zakupki.gov.ru/223fz/missedNotice/1" xmlns:ns15="http://zakupki.gov.ru/223fz/reference/1" xmlns:ns16="http://zakupki.gov.ru/223fz/stopCommodity/1" xmlns:ns17="http://zakupki.gov.ru/223fz/decisionSuspension/1" xmlns:ns18="http://zakupki.gov.ru/223fz/purchasePlanAdditionalPosition/1" xmlns:ns19="http://zakupki.gov.ru/223fz/webRequest/1" xmlns:ns2="http://zakupki.gov.ru/223fz/purchase/1" xmlns:xsi="http://www.w3.org/2001/XMLSchema-instance" xmlns:ns3="http://zakupki.gov.ru/223fz/dishonestSupplier/1" xmlns:ns4="http://zakupki.gov.ru/223fz/machineryListInfo/1" xmlns:ns5="http://zakupki.gov.ru/223fz/revenue/1" xmlns:ns6="http://zakupki.gov.ru/223fz/orderClauseList/1" xmlns:ns7="http://zakupki.gov.ru/223fz/disagreementProtocol/1" xmlns:ns8="http://zakupki.gov.ru/223fz/complaint/1" xmlns:ns9="http://zakupki.gov.ru/223fz/notificationIssue/1">
    <header>
        <guid>32a97400-ded6-4b6c-985a-98882d5098da</guid>
        <createDateTime>2017-03-16T14:52:16</createDateTime>
    </header>
    <ns2:body>
        <ns2:item>
            <guid>1ffd1b40-761b-4ece-b5d8-257a1766685b</guid>
            <ns2:purchaseNoticeEPData>
                <ns2:guid>1ffd1b40-761b-4ece-b5d8-257a1766685b</ns2:guid>
                <ns2:createDateTime>2017-03-16T14:44:46</ns2:createDateTime>
                <ns2:urlOOS>https://zakupki.gov.ru/223/purchase/private/purchase/notice-info/details.html?noticeInfoId=5886256</ns2:urlOOS>
                <ns2:registrationNumber>31704898197</ns2:registrationNumber>
                <ns2:name>Поставка изготовленной своими силами и средствами из собственного материала: печатной продукции и информационных материалов</ns2:name>
                <ns2:customer>
                    <mainInfo>
                        <fullName>ГОСУДАРСТВЕННОЕ БЮДЖЕТНОЕ УЧРЕЖДЕНИЕ ГОРОДА МОСКВЫ "ЖИЛИЩНИК ХОРОШЕВСКОГО РАЙОНА"</fullName>
                        <shortName>ГБУ "ЖИЛИЩНИК ХОРОШЕВСКОГО РАЙОНА"</shortName>
                        <iko>57714342436771401001</iko>
                        <inn>7714342436</inn>
                        <kpp>771401001</kpp>
                        <ogrn>1157746504596</ogrn>
                        <legalAddress>125057, г МОСКВА, пр-кт ЛЕНИНГРАДСКИЙ, дом 57</legalAddress>
                        <postalAddress>123007, Москва, Хорошевское шоссе, дом 68/корпус 1</postalAddress>
                        <phone>643-495-9410997</phone>
                        <email>gupdezhor@yandex.ru</email>
                        <okato>45277598000</okato>
                        <okpo>17998540</okpo>
                    </mainInfo>
                </ns2:customer>
                <ns2:purchaseMethodCode>3363</ns2:purchaseMethodCode>
                <ns2:purchaseCodeName>Закупка у единственного поставщика (исполнителя, подрядчика)</ns2:purchaseCodeName>
                <ns2:placer>
                    <mainInfo>
                        <fullName>ГОСУДАРСТВЕННОЕ БЮДЖЕТНОЕ УЧРЕЖДЕНИЕ ГОРОДА МОСКВЫ "ЖИЛИЩНИК ХОРОШЕВСКОГО РАЙОНА"</fullName>
                        <shortName>ГБУ "ЖИЛИЩНИК ХОРОШЕВСКОГО РАЙОНА"</shortName>
                        <iko>57714342436771401001</iko>
                        <inn>7714342436</inn>
                        <kpp>771401001</kpp>
                        <ogrn>1157746504596</ogrn>
                        <legalAddress>125057, г МОСКВА, пр-кт ЛЕНИНГРАДСКИЙ, дом 57</legalAddress>
                        <postalAddress>123007, Москва, Хорошевское шоссе, дом 68/корпус 1</postalAddress>
                        <phone>643-495-9410997</phone>
                        <email>gupdezhor@yandex.ru</email>
                        <okato>45277598000</okato>
                        <okpo>17998540</okpo>
                    </mainInfo>
                </ns2:placer>
                <ns2:contact>
                    <firstName>Андрей</firstName>
                    <middleName>Геннадьевич</middleName>
                    <lastName>Антонов</lastName>
                    <phone>+8 (495) 9400883</phone>
                    <email>tender-horosh@yandex.ru</email>
                    <organization>
                        <mainInfo>
                            <fullName>ГОСУДАРСТВЕННОЕ БЮДЖЕТНОЕ УЧРЕЖДЕНИЕ ГОРОДА МОСКВЫ "ЖИЛИЩНИК ХОРОШЕВСКОГО РАЙОНА"</fullName>
                            <shortName>ГБУ "ЖИЛИЩНИК ХОРОШЕВСКОГО РАЙОНА"</shortName>
                            <iko>57714342436771401001</iko>
                            <inn>7714342436</inn>
                            <kpp>771401001</kpp>
                            <ogrn>1157746504596</ogrn>
                            <legalAddress>125057, г МОСКВА, пр-кт ЛЕНИНГРАДСКИЙ, дом 57</legalAddress>
                            <postalAddress>123007, Москва, Хорошевское шоссе, дом 68/корпус 1</postalAddress>
                            <phone>643-495-9410997</phone>
                            <email>gupdezhor@yandex.ru</email>
                            <okato>45277598000</okato>
                            <okpo>17998540</okpo>
                        </mainInfo>
                    </organization>
                </ns2:contact>
                <ns2:publicationDateTime>2017-03-16T14:52:16</ns2:publicationDateTime>
                <ns2:documentationDelivery/>
                <ns2:status>P</ns2:status>
                <ns2:version>1</ns2:version>
                <ns2:notDishonest>false</ns2:notDishonest>
                <ns2:attachments>
                    <totalDocumentsCount>1</totalDocumentsCount>
                    <document>
                        <guid>1c76dd68-f929-43fb-8515-a5f0c921d5ea</guid>
                        <createDateTime>2017-03-16T14:51:59</createDateTime>
                        <fileName>Сонэкс плюс.docx</fileName>
                        <description>Поставка табличек</description>
                        <url>http://zakupki.gov.ru/223/purchase/public/download/download.html?id=30111325</url>
                    </document>
                </ns2:attachments>
                <ns2:modificationDate>2017-03-16T14:52:16</ns2:modificationDate>
                <ns2:saveUserId>174422</ns2:saveUserId>
                <ns2:deliveryPlaceIndication>DIFFERENT_PLACE</ns2:deliveryPlaceIndication>
                <ns2:emergency>false</ns2:emergency>
                <ns2:jointPurchase>false</ns2:jointPurchase>
                <ns2:lots>
                    <lot>
                        <guid>6bf88183-ac0c-4f93-b23d-62d97ab1cb09</guid>
                        <ordinalNumber>1</ordinalNumber>
                        <lotEditEnabled>false</lotEditEnabled>
                        <lotData>
                            <subject>Поставка изготовленных своими силами и средствами из собственного материала: печатной продукции и информационных материалов</subject>
                            <currency>
                                <code>RUB</code>
                                <digitalCode>643</digitalCode>
                                <name>Российский рубль</name>
                            </currency>
                            <initialSum>99680.00</initialSum>
                            <deliveryPlace>
                                <state>Центральный федеральный округ</state>
                                <region>Москва</region>
                                <regionOkato>45000000000</regionOkato>
                                <address>В соответствии с заявкой, поданной Заказчиком</address>
                            </deliveryPlace>
                            <lotItems>
                                <newCodes>true</newCodes>
                                <lotItem>
                                    <guid>47852d98-ad70-4f55-9e08-1e3d8f726884</guid>
                                    <ordinalNumber>1</ordinalNumber>
                                    <okpd2>
                                        <code>32.99.59.000</code>
                                        <name>Изделия различные прочие, не включенные в другие группировки</name>
                                    </okpd2>
                                    <okved2>
                                        <code>22.29</code>
                                        <name>Производство прочих пластмассовых изделий</name>
                                    </okved2>
                                    <okei>
                                        <code>796</code>
                                        <name>Штука</name>
                                    </okei>
                                    <qty>1</qty>
                                </lotItem>
                            </lotItems>
                            <forSmallOrMiddle>false</forSmallOrMiddle>
                            <excludePurchaseFromPlan>false</excludePurchaseFromPlan>
                            <subcontractorsRequirement>false</subcontractorsRequirement>
                            <ignoredPurchase>false</ignoredPurchase>
                            <centralized>false</centralized>
                        </lotData>
                        <deliveryPlaceIndication>GL</deliveryPlaceIndication>
                        <jointLotData>
                            <jointLot>false</jointLot>
                        </jointLotData>
                        <lotPlanInfo>
                            <planRegistrationNumber>2160218835</planRegistrationNumber>
                            <planGuid>71c1f09e-266d-454a-811e-2919dceec343</planGuid>
                            <positionNumber>15</positionNumber>
                            <lotPlanPosition>COMMODITY</lotPlanPosition>
                            <positionGuid>ae9a1b90-636e-4951-bde1-42fffacbee82</positionGuid>
                        </lotPlanInfo>
                        <cancelled>false</cancelled>
                    </lot>
                </ns2:lots>
            </ns2:purchaseNoticeEPData>
        </ns2:item>
    </ns2:body>
</ns2:purchaseNoticeEP>
