<?xml version="1.0" encoding="UTF-8" standalone="yes"?>
<ns2:purchaseNoticeEP xsi:schemaLocation="http://zakupki.gov.ru/223/integration/schema/TFF-5.2 http://zakupki.gov.ru/223/integration/schema/TFF-5.2/purchase.xsd" xmlns="http://zakupki.gov.ru/223fz/types/1" xmlns:ns10="http://zakupki.gov.ru/223fz/purchasePlan/1" xmlns:ns11="http://zakupki.gov.ru/223fz/purchasePlanProject/1" xmlns:ns12="http://zakupki.gov.ru/223fz/purchasePlanProjectAdditionalPosition/1" xmlns:ns13="http://zakupki.gov.ru/223fz/contract/1" xmlns:ns14="http://zakupki.gov.ru/223fz/missedNotice/1" xmlns:ns15="http://zakupki.gov.ru/223fz/reference/1" xmlns:ns16="http://zakupki.gov.ru/223fz/stopCommodity/1" xmlns:ns17="http://zakupki.gov.ru/223fz/decisionSuspension/1" xmlns:ns18="http://zakupki.gov.ru/223fz/purchasePlanAdditionalPosition/1" xmlns:ns19="http://zakupki.gov.ru/223fz/webRequest/1" xmlns:ns2="http://zakupki.gov.ru/223fz/purchase/1" xmlns:xsi="http://www.w3.org/2001/XMLSchema-instance" xmlns:ns3="http://zakupki.gov.ru/223fz/dishonestSupplier/1" xmlns:ns4="http://zakupki.gov.ru/223fz/machineryListInfo/1" xmlns:ns5="http://zakupki.gov.ru/223fz/revenue/1" xmlns:ns6="http://zakupki.gov.ru/223fz/orderClauseList/1" xmlns:ns7="http://zakupki.gov.ru/223fz/disagreementProtocol/1" xmlns:ns8="http://zakupki.gov.ru/223fz/complaint/1" xmlns:ns9="http://zakupki.gov.ru/223fz/notificationIssue/1">
    <header>
        <guid>760d8503-3226-4876-9d27-3355642c60d1</guid>
        <createDateTime>2017-03-16T14:38:44</createDateTime>
    </header>
    <ns2:body>
        <ns2:item>
            <guid>b6bd413f-3911-47ce-b17d-d9a3a07bb66f</guid>
            <ns2:purchaseNoticeEPData>
                <ns2:guid>b6bd413f-3911-47ce-b17d-d9a3a07bb66f</ns2:guid>
                <ns2:createDateTime>2017-03-16T14:36:49</ns2:createDateTime>
                <ns2:urlOOS>https://zakupki.gov.ru/223/purchase/private/purchase/notice-info/details.html?noticeInfoId=5886155</ns2:urlOOS>
                <ns2:registrationNumber>31704898069</ns2:registrationNumber>
                <ns2:name>Выполнение составной части научно-исследовательской работы
«Разработка предложений по созданию межведомственной системы мониторинга подготовки и прогнозирования потребности в кадрах организаций 
оборонно-промышленного комплекса в обеспечение инновационного развития оборонных отраслей промышленности» 
шифр «Взаимодействие-К-АС»
</ns2:name>
                <ns2:customer>
                    <mainInfo>
                        <fullName>ФЕДЕРАЛЬНОЕ ГОСУДАРСТВЕННОЕ УНИТАРНОЕ ПРЕДПРИЯТИЕ "ЦЕНТРАЛЬНЫЙ НАУЧНО-ИССЛЕДОВАТЕЛЬСКИЙ ИНСТИТУТ СУДОСТРОИТЕЛЬНОЙ ПРОМЫШЛЕННОСТИ "ЦЕНТР"</fullName>
                        <shortName>ФГУП "ЦНИИ "ЦЕНТР"</shortName>
                        <iko>57703010598770301001</iko>
                        <inn>7703010598</inn>
                        <kpp>770301001</kpp>
                        <ogrn>1027700265075</ogrn>
                        <legalAddress>123242, Г МОСКВА, УЛ САДОВАЯ-КУДРИНСКАЯ, дом ДОМ 11, корпус СТРОЕНИЕ 1</legalAddress>
                        <postalAddress>123242 Москва ул.Садовая-Кудринская 11 стр.1 а/я 1</postalAddress>
                        <phone>7-499-2545056</phone>
                        <fax>7-499-7667290</fax>
                        <email>zakupki@cniicentr.ru</email>
                        <okato>45286575000</okato>
                        <okpo>07508753</okpo>
                    </mainInfo>
                </ns2:customer>
                <ns2:purchaseMethodCode>3363</ns2:purchaseMethodCode>
                <ns2:purchaseCodeName>Закупка у единственного поставщика (исполнителя, подрядчика)</ns2:purchaseCodeName>
                <ns2:placer>
                    <mainInfo>
                        <fullName>ФЕДЕРАЛЬНОЕ ГОСУДАРСТВЕННОЕ УНИТАРНОЕ ПРЕДПРИЯТИЕ "ЦЕНТРАЛЬНЫЙ НАУЧНО-ИССЛЕДОВАТЕЛЬСКИЙ ИНСТИТУТ СУДОСТРОИТЕЛЬНОЙ ПРОМЫШЛЕННОСТИ "ЦЕНТР"</fullName>
                        <shortName>ФГУП "ЦНИИ "ЦЕНТР"</shortName>
                        <iko>57703010598770301001</iko>
                        <inn>7703010598</inn>
                        <kpp>770301001</kpp>
                        <ogrn>1027700265075</ogrn>
                        <legalAddress>123242, Г МОСКВА, УЛ САДОВАЯ-КУДРИНСКАЯ, дом ДОМ 11, корпус СТРОЕНИЕ 1</legalAddress>
                        <postalAddress>123242 Москва ул.Садовая-Кудринская 11 стр.1 а/я 1</postalAddress>
                        <phone>7-499-2545056</phone>
                        <fax>7-499-7667290</fax>
                        <email>zakupki@cniicentr.ru</email>
                        <okato>45286575000</okato>
                        <okpo>07508753</okpo>
                    </mainInfo>
                </ns2:placer>
                <ns2:contact>
                    <phone>+7 (499) 2543736, доб.: 709</phone>
                    <email>emakarova@cniicentr.ru</email>
                    <organization>
                        <mainInfo>
                            <fullName>ФЕДЕРАЛЬНОЕ ГОСУДАРСТВЕННОЕ УНИТАРНОЕ ПРЕДПРИЯТИЕ "ЦЕНТРАЛЬНЫЙ НАУЧНО-ИССЛЕДОВАТЕЛЬСКИЙ ИНСТИТУТ СУДОСТРОИТЕЛЬНОЙ ПРОМЫШЛЕННОСТИ "ЦЕНТР"</fullName>
                            <shortName>ФГУП "ЦНИИ "ЦЕНТР"</shortName>
                            <iko>57703010598770301001</iko>
                            <inn>7703010598</inn>
                            <kpp>770301001</kpp>
                            <ogrn>1027700265075</ogrn>
                            <legalAddress>123242, Г МОСКВА, УЛ САДОВАЯ-КУДРИНСКАЯ, дом ДОМ 11, корпус СТРОЕНИЕ 1</legalAddress>
                            <postalAddress>123242 Москва ул.Садовая-Кудринская 11 стр.1 а/я 1</postalAddress>
                            <phone>7-499-2545056</phone>
                            <fax>7-499-7667290</fax>
                            <email>zakupki@cniicentr.ru</email>
                            <okato>45286575000</okato>
                            <okpo>07508753</okpo>
                        </mainInfo>
                    </organization>
                    <additionalContactInfo>Контактное лицо: начальник отдела обеспечения закупочной деятельности Юридического департамента - Макарова Елена Раифовна; тел.сот.: 89850634401</additionalContactInfo>
                </ns2:contact>
                <ns2:publicationDateTime>2017-03-16T14:38:44</ns2:publicationDateTime>
                <ns2:documentationDelivery/>
                <ns2:status>P</ns2:status>
                <ns2:version>1</ns2:version>
                <ns2:notDishonest>false</ns2:notDishonest>
                <ns2:attachments>
                    <totalDocumentsCount>1</totalDocumentsCount>
                    <document>
                        <guid>aa3eefb4-7d83-4db6-9bbf-b5097fd06cb4</guid>
                        <createDateTime>2017-03-16T14:38:22</createDateTime>
                        <fileName>ИЗВЕЩЕНИЕ Взаимодействие К-АС.docx</fileName>
                        <description>ИЗВЕЩЕНИЕ Взаимодействие К-АС</description>
                        <url>http://zakupki.gov.ru/223/purchase/public/download/download.html?id=30110480</url>
                    </document>
                </ns2:attachments>
                <ns2:modificationDate>2017-03-16T14:38:44</ns2:modificationDate>
                <ns2:saveUserId>188479</ns2:saveUserId>
                <ns2:deliveryPlaceIndication>SINGLE_PLACE</ns2:deliveryPlaceIndication>
                <ns2:emergency>false</ns2:emergency>
                <ns2:jointPurchase>false</ns2:jointPurchase>
                <ns2:lots>
                    <lot>
                        <guid>cd161cae-1ba5-4409-8b20-76c1538cf4fa</guid>
                        <ordinalNumber>1</ordinalNumber>
                        <lotEditEnabled>false</lotEditEnabled>
                        <lotData>
                            <subject>Выполнение составной части научно-исследовательской работы
«Разработка предложений по созданию межведомственной системы мониторинга подготовки и прогнозирования потребности в кадрах организаций оборонно-промышленного комплекса в обеспечение инновационного развития оборонных отраслей промышленности» шифр «Взаимодействие-К-АС»
</subject>
                            <currency>
                                <code>RUB</code>
                                <digitalCode>643</digitalCode>
                                <name>Российский рубль</name>
                            </currency>
                            <initialSum>3000000.00</initialSum>
                            <deliveryPlace>
                                <state>Центральный федеральный округ</state>
                                <region>Москва</region>
                                <regionOkato>45000000000</regionOkato>
                                <address>Российская Федерация, 123242, г. Москва, а/я 1, ул. Садовая - Кудринская, дом 11, стр. 1</address>
                            </deliveryPlace>
                            <lotItems>
                                <newCodes>true</newCodes>
                                <lotItem>
                                    <guid>358205cc-ce53-4989-a781-73e43f2a521e</guid>
                                    <ordinalNumber>1</ordinalNumber>
                                    <okpd2>
                                        <code>72.19</code>
                                        <name>Услуги, связанные с научными исследованиями и экспериментальными разработками в области естественных и технических наук, прочие</name>
                                    </okpd2>
                                    <okved2>
                                        <code>72.19</code>
                                        <name>Научные исследования и разработки в области естественных и технических наук прочие</name>
                                    </okved2>
                                    <okei>
                                        <code>876</code>
                                        <name>Условная единица</name>
                                    </okei>
                                    <qty>1</qty>
                                </lotItem>
                            </lotItems>
                            <forSmallOrMiddle>false</forSmallOrMiddle>
                            <excludePurchaseFromPlan>false</excludePurchaseFromPlan>
                            <subcontractorsRequirement>false</subcontractorsRequirement>
                            <ignoredPurchase>false</ignoredPurchase>
                            <centralized>false</centralized>
                        </lotData>
                        <deliveryPlaceIndication>GL</deliveryPlaceIndication>
                        <jointLotData>
                            <jointLot>false</jointLot>
                        </jointLotData>
                        <lotPlanInfo>
                            <planRegistrationNumber>2160219354</planRegistrationNumber>
                            <planGuid>0618475c-d908-4ed3-98b8-3d7f5c859227</planGuid>
                            <positionNumber>2</positionNumber>
                            <lotPlanPosition>COMMODITY</lotPlanPosition>
                            <positionGuid>9459fa2a-0882-46ec-94ca-0fdc7b2c7855</positionGuid>
                        </lotPlanInfo>
                        <cancelled>false</cancelled>
                    </lot>
                </ns2:lots>
            </ns2:purchaseNoticeEPData>
        </ns2:item>
    </ns2:body>
</ns2:purchaseNoticeEP>
