<?xml version="1.0" encoding="UTF-8" standalone="yes"?>
<ns2:purchaseNoticeEP xsi:schemaLocation="http://zakupki.gov.ru/223/integration/schema/TFF-5.2 http://zakupki.gov.ru/223/integration/schema/TFF-5.2/purchase.xsd" xmlns="http://zakupki.gov.ru/223fz/types/1" xmlns:ns10="http://zakupki.gov.ru/223fz/purchasePlan/1" xmlns:ns11="http://zakupki.gov.ru/223fz/purchasePlanProject/1" xmlns:ns12="http://zakupki.gov.ru/223fz/purchasePlanProjectAdditionalPosition/1" xmlns:ns13="http://zakupki.gov.ru/223fz/contract/1" xmlns:ns14="http://zakupki.gov.ru/223fz/missedNotice/1" xmlns:ns15="http://zakupki.gov.ru/223fz/reference/1" xmlns:ns16="http://zakupki.gov.ru/223fz/stopCommodity/1" xmlns:ns17="http://zakupki.gov.ru/223fz/decisionSuspension/1" xmlns:ns18="http://zakupki.gov.ru/223fz/purchasePlanAdditionalPosition/1" xmlns:ns19="http://zakupki.gov.ru/223fz/webRequest/1" xmlns:ns2="http://zakupki.gov.ru/223fz/purchase/1" xmlns:xsi="http://www.w3.org/2001/XMLSchema-instance" xmlns:ns3="http://zakupki.gov.ru/223fz/dishonestSupplier/1" xmlns:ns4="http://zakupki.gov.ru/223fz/machineryListInfo/1" xmlns:ns5="http://zakupki.gov.ru/223fz/revenue/1" xmlns:ns6="http://zakupki.gov.ru/223fz/orderClauseList/1" xmlns:ns7="http://zakupki.gov.ru/223fz/disagreementProtocol/1" xmlns:ns8="http://zakupki.gov.ru/223fz/complaint/1" xmlns:ns9="http://zakupki.gov.ru/223fz/notificationIssue/1">
    <header>
        <guid>43ca7795-400c-420b-a100-ff82fa987d49</guid>
        <createDateTime>2017-03-16T21:36:51</createDateTime>
    </header>
    <ns2:body>
        <ns2:item>
            <guid>0addd403-d90a-1ee7-82ce-ab1d7c9b801b</guid>
            <ns2:purchaseNoticeEPData>
                <ns2:guid>0addd403-d90a-1ee7-82ce-ab1d7c9b801b</ns2:guid>
                <ns2:createDateTime>2017-03-16T21:21:23</ns2:createDateTime>
                <ns2:urlOOS>https://zakupki.gov.ru/223/purchase/private/purchase/notice-info/details.html?noticeInfoId=5888510</ns2:urlOOS>
                <ns2:urlVSRZ>ЕОС-Закупки</ns2:urlVSRZ>
                <ns2:registrationNumber>31704900125</ns2:registrationNumber>
                <ns2:name>Организационные и информационно-консультационные услуги по продвижению бренда работодателя и привлечению молодых специалистов, в части организации и проведения Турнира молодых профессионалов (Турнир «ТеМП» 2017)</ns2:name>
                <ns2:customer>
                    <mainInfo>
                        <fullName>Государственная корпорация по атомной энергии "Росатом"</fullName>
                        <shortName>Госкорпорация "Росатом"</shortName>
                        <iko>57706413348770601001</iko>
                        <inn>7706413348</inn>
                        <kpp>770601001</kpp>
                        <ogrn>1077799032926</ogrn>
                        <legalAddress>119017, г Москва, ул Ордынка Б., дом 24</legalAddress>
                        <postalAddress>Российская Федерация, 119017, Москва, ул. Б.Ордынка, д. 24..</postalAddress>
                        <phone>7-499-9494473</phone>
                        <email>onlysenko@rosatom.ru</email>
                        <okato>45286596000</okato>
                        <okpo>84695609</okpo>
                    </mainInfo>
                </ns2:customer>
                <ns2:purchaseMethodCode>3363</ns2:purchaseMethodCode>
                <ns2:purchaseCodeName>Закупка у единственного поставщика (исполнителя, подрядчика)</ns2:purchaseCodeName>
                <ns2:placer>
                    <mainInfo>
                        <fullName>Государственная корпорация по атомной энергии "Росатом"</fullName>
                        <shortName>Госкорпорация "Росатом"</shortName>
                        <iko>57706413348770601001</iko>
                        <inn>7706413348</inn>
                        <kpp>770601001</kpp>
                        <ogrn>1077799032926</ogrn>
                        <legalAddress>119017, г Москва, ул Ордынка Б., дом 24</legalAddress>
                        <postalAddress>Российская Федерация, 119017, Москва, ул. Б.Ордынка, д. 24..</postalAddress>
                        <phone>7-499-9494473</phone>
                        <email>onlysenko@rosatom.ru</email>
                        <okato>45286596000</okato>
                        <okpo>84695609</okpo>
                    </mainInfo>
                </ns2:placer>
                <ns2:contact>
                    <firstName>Кристина</firstName>
                    <middleName>Викторовна</middleName>
                    <lastName>Вердиханова</lastName>
                    <phone>+8 (499) 9494419</phone>
                    <fax>+8 (499) 9494419</fax>
                    <email>KVVerdikhanova@rosatom.ru</email>
                    <organization>
                        <mainInfo>
                            <fullName>Государственная корпорация по атомной энергии "Росатом"</fullName>
                            <shortName>Госкорпорация "Росатом"</shortName>
                            <iko>57706413348770601001</iko>
                            <inn>7706413348</inn>
                            <kpp>770601001</kpp>
                            <ogrn>1077799032926</ogrn>
                            <legalAddress>119017, г Москва, ул Ордынка Б., дом 24</legalAddress>
                            <postalAddress>Российская Федерация, 119017, Москва, ул. Б.Ордынка, д. 24..</postalAddress>
                            <phone>7-499-9494473</phone>
                            <email>onlysenko@rosatom.ru</email>
                            <okato>45286596000</okato>
                            <okpo>84695609</okpo>
                        </mainInfo>
                    </organization>
                </ns2:contact>
                <ns2:publicationDateTime>2017-03-16T21:36:51</ns2:publicationDateTime>
                <ns2:documentationDelivery/>
                <ns2:status>P</ns2:status>
                <ns2:version>1</ns2:version>
                <ns2:notDishonest>false</ns2:notDishonest>
                <ns2:attachments>
                    <totalDocumentsCount>2</totalDocumentsCount>
                    <document>
                        <guid>0addd011-6b0a-1ee6-bfff-1984bf56951d</guid>
                        <createDateTime>2017-03-03T10:04:32</createDateTime>
                        <fileName>Извещение.mht</fileName>
                        <description>Извещение</description>
                        <url>http://zakupki.gov.ru/223/purchase/public/download/download.html?id=30121644</url>
                    </document>
                    <document>
                        <guid>0addd403-d90a-1ee7-82c9-89ada8415203</guid>
                        <createDateTime>2017-03-16T13:27:29</createDateTime>
                        <fileName>Договор 1-12230-Д.doc</fileName>
                        <description>Договор 1-12230-Д</description>
                        <url>http://zakupki.gov.ru/223/purchase/public/download/download.html?id=30121645</url>
                    </document>
                </ns2:attachments>
                <ns2:modificationDate>2017-03-16T21:36:51</ns2:modificationDate>
                <ns2:saveUserId>149617</ns2:saveUserId>
                <ns2:deliveryPlaceIndication>DIFFERENT_PLACE</ns2:deliveryPlaceIndication>
                <ns2:emergency>false</ns2:emergency>
                <ns2:jointPurchase>false</ns2:jointPurchase>
                <ns2:lots>
                    <lot>
                        <guid>f2f32b7a-a50a-1ed6-bffc-6e2817674b94</guid>
                        <ordinalNumber>1</ordinalNumber>
                        <lotEditEnabled>true</lotEditEnabled>
                        <lotData>
                            <subject>Организационные и информационно-консультационные услуги по продвижению бренда работодателя и привлечению молодых специалистов, в части организации и проведения Турнира молодых профессионалов (Турнир «ТеМП» 2017)</subject>
                            <currency>
                                <code>RUB</code>
                                <digitalCode>643</digitalCode>
                                <name>Российский рубль</name>
                            </currency>
                            <initialSum>17286410.00</initialSum>
                            <deliveryPlace>
                                <state>Центральный федеральный округ</state>
                                <region>Москва</region>
                                <regionOkato>45000000000</regionOkato>
                                <address>115114, г. Москва, Кожевнический проезд, д. 1</address>
                            </deliveryPlace>
                            <lotItems>
                                <newCodes>true</newCodes>
                                <lotItem>
                                    <guid>f2f32b7a-a50a-1ed6-bffc-6e88da81cb94</guid>
                                    <ordinalNumber>1</ordinalNumber>
                                    <okpd2>
                                        <code>94.12.10.000</code>
                                        <name>Услуги, предоставляемые профессиональными членскими организациями</name>
                                    </okpd2>
                                    <okved2>
                                        <code>74.20</code>
                                        <name>Деятельность в области фотографии</name>
                                    </okved2>
                                </lotItem>
                            </lotItems>
                            <forSmallOrMiddle>false</forSmallOrMiddle>
                            <excludePurchaseFromPlan>false</excludePurchaseFromPlan>
                            <subcontractorsRequirement>false</subcontractorsRequirement>
                            <ignoredPurchase>false</ignoredPurchase>
                            <centralized>false</centralized>
                        </lotData>
                        <deliveryPlaceIndication>GL</deliveryPlaceIndication>
                        <jointLotData>
                            <jointLot>false</jointLot>
                        </jointLotData>
                        <lotPlanInfo>
                            <planRegistrationNumber>2160184759</planRegistrationNumber>
                            <planGuid>a22a2ab1-590a-1ed7-82c8-ae0e76d04fc9</planGuid>
                            <positionNumber>1123500018</positionNumber>
                            <lotPlanPosition>COMMODITY</lotPlanPosition>
                            <positionGuid>0addd011-6b0a-1ee6-bfd0-b20f2316428b</positionGuid>
                        </lotPlanInfo>
                        <cancelled>false</cancelled>
                    </lot>
                </ns2:lots>
            </ns2:purchaseNoticeEPData>
        </ns2:item>
    </ns2:body>
</ns2:purchaseNoticeEP>
