<?xml version="1.0" encoding="UTF-8" standalone="yes"?>
<ns2:purchaseNoticeEP xsi:schemaLocation="http://zakupki.gov.ru/223/integration/schema/TFF-5.2 http://zakupki.gov.ru/223/integration/schema/TFF-5.2/purchase.xsd" xmlns="http://zakupki.gov.ru/223fz/types/1" xmlns:ns10="http://zakupki.gov.ru/223fz/purchasePlan/1" xmlns:ns11="http://zakupki.gov.ru/223fz/purchasePlanProject/1" xmlns:ns12="http://zakupki.gov.ru/223fz/purchasePlanProjectAdditionalPosition/1" xmlns:ns13="http://zakupki.gov.ru/223fz/contract/1" xmlns:ns14="http://zakupki.gov.ru/223fz/missedNotice/1" xmlns:ns15="http://zakupki.gov.ru/223fz/reference/1" xmlns:ns16="http://zakupki.gov.ru/223fz/stopCommodity/1" xmlns:ns17="http://zakupki.gov.ru/223fz/decisionSuspension/1" xmlns:ns18="http://zakupki.gov.ru/223fz/purchasePlanAdditionalPosition/1" xmlns:ns19="http://zakupki.gov.ru/223fz/webRequest/1" xmlns:ns2="http://zakupki.gov.ru/223fz/purchase/1" xmlns:xsi="http://www.w3.org/2001/XMLSchema-instance" xmlns:ns3="http://zakupki.gov.ru/223fz/dishonestSupplier/1" xmlns:ns4="http://zakupki.gov.ru/223fz/machineryListInfo/1" xmlns:ns5="http://zakupki.gov.ru/223fz/revenue/1" xmlns:ns6="http://zakupki.gov.ru/223fz/orderClauseList/1" xmlns:ns7="http://zakupki.gov.ru/223fz/disagreementProtocol/1" xmlns:ns8="http://zakupki.gov.ru/223fz/complaint/1" xmlns:ns9="http://zakupki.gov.ru/223fz/notificationIssue/1">
    <header>
        <guid>f0357638-8e2d-416a-84a9-22456c6809d8</guid>
        <createDateTime>2017-03-16T18:20:14</createDateTime>
    </header>
    <ns2:body>
        <ns2:item>
            <guid>d1a3f4fe-0a5b-11e7-8100-005056abd389</guid>
            <ns2:purchaseNoticeEPData>
                <ns2:guid>d1a3f4fe-0a5b-11e7-8100-005056abd389</ns2:guid>
                <ns2:createDateTime>2017-03-16T18:19:53</ns2:createDateTime>
                <ns2:urlOOS>https://zakupki.gov.ru/223/purchase/private/purchase/notice-info/details.html?noticeInfoId=5888299</ns2:urlOOS>
                <ns2:urlVSRZ>zakupki.gov.ru</ns2:urlVSRZ>
                <ns2:registrationNumber>31704899904</ns2:registrationNumber>
                <ns2:name>Создание видеоконтента к одноактной опере "Верность" в составе спектакля "Метаморфозы любви"</ns2:name>
                <ns2:customer>
                    <mainInfo>
                        <fullName>ГОСУДАРСТВЕННОЕ БЮДЖЕТНОЕ УЧРЕЖДЕНИЕ КУЛЬТУРЫ ГОРОДА МОСКВЫ "МОСКОВСКИЙ АКАДЕМИЧЕСКИЙ МУЗЫКАЛЬНЫЙ ТЕАТР ИМЕНИ НАРОДНЫХ АРТИСТОВ К. С. СТАНИСЛАВСКОГО И ВЛ. И. НЕМИРОВИЧА-ДАНЧЕНКО"</fullName>
                        <shortName>ГБУК Г. МОСКВЫ "МАМТ"</shortName>
                        <iko>87710081367771001001</iko>
                        <inn>7710081367</inn>
                        <kpp>771001001</kpp>
                        <ogrn>1027700066580</ogrn>
                        <legalAddress>125009, Г МОСКВА, УЛ ДМИТРОВКА Б., дом 17</legalAddress>
                        <postalAddress>125009, Москва Город, Дмитровка Б. Улица, дом 17</postalAddress>
                        <phone>7-495-6290649</phone>
                        <fax>7-495-6290649</fax>
                        <email>office@stanmus.ru</email>
                        <okato>45286585000</okato>
                        <okpo>02190176</okpo>
                    </mainInfo>
                </ns2:customer>
                <ns2:purchaseMethodCode>3363</ns2:purchaseMethodCode>
                <ns2:purchaseCodeName>Закупка у единственного поставщика (исполнителя, подрядчика)</ns2:purchaseCodeName>
                <ns2:placer>
                    <mainInfo>
                        <fullName>ГОСУДАРСТВЕННОЕ БЮДЖЕТНОЕ УЧРЕЖДЕНИЕ КУЛЬТУРЫ ГОРОДА МОСКВЫ "МОСКОВСКИЙ АКАДЕМИЧЕСКИЙ МУЗЫКАЛЬНЫЙ ТЕАТР ИМЕНИ НАРОДНЫХ АРТИСТОВ К. С. СТАНИСЛАВСКОГО И ВЛ. И. НЕМИРОВИЧА-ДАНЧЕНКО"</fullName>
                        <shortName>ГБУК Г. МОСКВЫ "МАМТ"</shortName>
                        <iko>87710081367771001001</iko>
                        <inn>7710081367</inn>
                        <kpp>771001001</kpp>
                        <ogrn>1027700066580</ogrn>
                        <legalAddress>125009, Г МОСКВА, УЛ ДМИТРОВКА Б., дом 17</legalAddress>
                        <postalAddress>125009, Москва Город, Дмитровка Б. Улица, дом 17</postalAddress>
                        <phone>7-495-6290649</phone>
                        <fax>7-495-6290649</fax>
                        <email>office@stanmus.ru</email>
                        <okato>45286585000</okato>
                        <okpo>02190176</okpo>
                    </mainInfo>
                </ns2:placer>
                <ns2:contact>
                    <firstName>Елена</firstName>
                    <middleName>Александровна</middleName>
                    <lastName>Щебуняева</lastName>
                    <phone>+7 (495) 6501907</phone>
                    <fax>7-495-629-06-49</fax>
                    <email>E.Shebunyaeva@stanmus.ru</email>
                    <organization>
                        <mainInfo>
                            <fullName>ГОСУДАРСТВЕННОЕ БЮДЖЕТНОЕ УЧРЕЖДЕНИЕ КУЛЬТУРЫ ГОРОДА МОСКВЫ "МОСКОВСКИЙ АКАДЕМИЧЕСКИЙ МУЗЫКАЛЬНЫЙ ТЕАТР ИМЕНИ НАРОДНЫХ АРТИСТОВ К. С. СТАНИСЛАВСКОГО И ВЛ. И. НЕМИРОВИЧА-ДАНЧЕНКО"</fullName>
                            <shortName>ГБУК Г. МОСКВЫ "МАМТ"</shortName>
                            <iko>87710081367771001001</iko>
                            <inn>7710081367</inn>
                            <kpp>771001001</kpp>
                            <ogrn>1027700066580</ogrn>
                            <legalAddress>125009, Г МОСКВА, УЛ ДМИТРОВКА Б., дом 17</legalAddress>
                            <postalAddress>125009, Москва Город, Дмитровка Б. Улица, дом 17</postalAddress>
                            <phone>7-495-6290649</phone>
                            <fax>7-495-6290649</fax>
                            <email>office@stanmus.ru</email>
                            <okato>45286585000</okato>
                            <okpo>02190176</okpo>
                        </mainInfo>
                    </organization>
                </ns2:contact>
                <ns2:publicationDateTime>2017-03-16T18:20:14</ns2:publicationDateTime>
                <ns2:documentationDelivery/>
                <ns2:status>P</ns2:status>
                <ns2:version>1</ns2:version>
                <ns2:notDishonest>false</ns2:notDishonest>
                <ns2:attachments>
                    <totalDocumentsCount>3</totalDocumentsCount>
                    <document>
                        <guid>f85ab525-dbb6-4d53-8905-b411ba95bded</guid>
                        <createDateTime>2017-03-16T18:19:53</createDateTime>
                        <fileName>Документация о закупке.docx</fileName>
                        <description>Документация о закупке.docx</description>
                        <url>http://zakupki.gov.ru/223/purchase/public/download/download.html?id=30120642</url>
                    </document>
                    <document>
                        <guid>54cb2221-e8c4-4f23-9233-bd8de5a38991</guid>
                        <createDateTime>2017-03-16T18:19:53</createDateTime>
                        <fileName>проект договора.docx</fileName>
                        <description>проект договора.docx</description>
                        <url>http://zakupki.gov.ru/223/purchase/public/download/download.html?id=30120643</url>
                    </document>
                    <document>
                        <guid>8d867f46-fb59-48d0-9519-e3ec35b82c98</guid>
                        <createDateTime>2017-03-16T18:19:53</createDateTime>
                        <fileName>протокол НМЦК.pdf</fileName>
                        <description>протокол НМЦК.pdf</description>
                        <url>http://zakupki.gov.ru/223/purchase/public/download/download.html?id=30120644</url>
                    </document>
                </ns2:attachments>
                <ns2:modificationDate>2017-03-16T18:20:14</ns2:modificationDate>
                <ns2:saveUserId>87861</ns2:saveUserId>
                <ns2:deliveryPlaceIndication>SINGLE_PLACE</ns2:deliveryPlaceIndication>
                <ns2:emergency>false</ns2:emergency>
                <ns2:jointPurchase>false</ns2:jointPurchase>
                <ns2:lots>
                    <lot>
                        <guid>9c0e9b94-c5b1-4082-a9d5-4d0ed62de20c</guid>
                        <ordinalNumber>1</ordinalNumber>
                        <lotEditEnabled>true</lotEditEnabled>
                        <lotData>
                            <subject>Создание видеоконтента к одноактной опере "Верность" в составе спектакля "Метаморфозы любви"</subject>
                            <currency>
                                <code>RUB</code>
                                <digitalCode>643</digitalCode>
                                <name>Российский рубль</name>
                            </currency>
                            <initialSum>210000.00</initialSum>
                            <deliveryPlace>
                                <address>125009, г. Москва, ул. Большая Дмитровка, д. 17</address>
                            </deliveryPlace>
                            <lotItems>
                                <newCodes>true</newCodes>
                                <lotItem>
                                    <guid>c378eb4e-a536-45ff-8270-05b363bb7292</guid>
                                    <ordinalNumber>1</ordinalNumber>
                                    <okpd2>
                                        <code>90.03.11.000</code>
                                        <name>Услуги, предоставляемые авторами (писателями, композиторами, скульпторами и др.) за исключением исполнителей артистов</name>
                                    </okpd2>
                                    <okved2>
                                        <code>90.03</code>
                                        <name>Деятельность в области художественного творчества</name>
                                    </okved2>
                                    <okei>
                                        <code>876</code>
                                        <name>Условная единица</name>
                                    </okei>
                                    <qty>1</qty>
                                </lotItem>
                            </lotItems>
                            <forSmallOrMiddle>false</forSmallOrMiddle>
                            <excludePurchaseFromPlan>false</excludePurchaseFromPlan>
                            <subcontractorsRequirement>false</subcontractorsRequirement>
                            <ignoredPurchase>false</ignoredPurchase>
                            <centralized>false</centralized>
                        </lotData>
                        <deliveryPlaceIndication>GL</deliveryPlaceIndication>
                        <jointLotData>
                            <jointLot>false</jointLot>
                        </jointLotData>
                        <lotPlanInfo>
                            <planRegistrationNumber>2160215486</planRegistrationNumber>
                            <planGuid>f31e7a62-f4c1-4a14-b887-25b06afae031</planGuid>
                            <positionNumber>81</positionNumber>
                            <lotPlanPosition>COMMODITY</lotPlanPosition>
                            <positionGuid>8dfb727e-5915-45fc-af43-9cd9ee6b5fb9</positionGuid>
                        </lotPlanInfo>
                        <cancelled>false</cancelled>
                    </lot>
                </ns2:lots>
            </ns2:purchaseNoticeEPData>
        </ns2:item>
    </ns2:body>
</ns2:purchaseNoticeEP>
