<?xml version="1.0" encoding="UTF-8" standalone="yes"?>
<ns2:purchaseNoticeEP xsi:schemaLocation="http://zakupki.gov.ru/223/integration/schema/TFF-5.2 http://zakupki.gov.ru/223/integration/schema/TFF-5.2/purchase.xsd" xmlns="http://zakupki.gov.ru/223fz/types/1" xmlns:ns10="http://zakupki.gov.ru/223fz/purchasePlan/1" xmlns:ns11="http://zakupki.gov.ru/223fz/purchasePlanProject/1" xmlns:ns12="http://zakupki.gov.ru/223fz/purchasePlanProjectAdditionalPosition/1" xmlns:ns13="http://zakupki.gov.ru/223fz/contract/1" xmlns:ns14="http://zakupki.gov.ru/223fz/missedNotice/1" xmlns:ns15="http://zakupki.gov.ru/223fz/reference/1" xmlns:ns16="http://zakupki.gov.ru/223fz/stopCommodity/1" xmlns:ns17="http://zakupki.gov.ru/223fz/decisionSuspension/1" xmlns:ns18="http://zakupki.gov.ru/223fz/purchasePlanAdditionalPosition/1" xmlns:ns19="http://zakupki.gov.ru/223fz/webRequest/1" xmlns:ns2="http://zakupki.gov.ru/223fz/purchase/1" xmlns:xsi="http://www.w3.org/2001/XMLSchema-instance" xmlns:ns3="http://zakupki.gov.ru/223fz/dishonestSupplier/1" xmlns:ns4="http://zakupki.gov.ru/223fz/machineryListInfo/1" xmlns:ns5="http://zakupki.gov.ru/223fz/revenue/1" xmlns:ns6="http://zakupki.gov.ru/223fz/orderClauseList/1" xmlns:ns7="http://zakupki.gov.ru/223fz/disagreementProtocol/1" xmlns:ns8="http://zakupki.gov.ru/223fz/complaint/1" xmlns:ns9="http://zakupki.gov.ru/223fz/notificationIssue/1">
    <header>
        <guid>609ba7ca-8f41-4213-8600-d33206a93342</guid>
        <createDateTime>2017-03-16T14:02:19</createDateTime>
    </header>
    <ns2:body>
        <ns2:item>
            <guid>c77be2c5-19da-4d43-aa6d-fda5935bc0db</guid>
            <ns2:purchaseNoticeEPData>
                <ns2:guid>c77be2c5-19da-4d43-aa6d-fda5935bc0db</ns2:guid>
                <ns2:createDateTime>2017-03-16T13:56:59</ns2:createDateTime>
                <ns2:urlOOS>https://zakupki.gov.ru/223/purchase/private/purchase/notice-info/details.html?noticeInfoId=5885691</ns2:urlOOS>
                <ns2:registrationNumber>31704897742</ns2:registrationNumber>
                <ns2:name>Услуги по печатанию книги: "Электричество и магнетизм".2-е издание, исправленное и дополнительное
</ns2:name>
                <ns2:customer>
                    <mainInfo>
                        <fullName>ФЕДЕРАЛЬНОЕ ГОСУДАРСТВЕННОЕ АВТОНОМНОЕ ОБРАЗОВАТЕЛЬНОЕ УЧРЕЖДЕНИЕ ВЫСШЕГО ОБРАЗОВАНИЯ "МОСКОВСКИЙ ФИЗИКО-ТЕХНИЧЕСКИЙ ИНСТИТУТ (ГОСУДАРСТВЕННЫЙ УНИВЕРСИТЕТ)"</fullName>
                        <shortName>МФТИ</shortName>
                        <iko>55008006211772701001</iko>
                        <inn>5008006211</inn>
                        <kpp>772701001</kpp>
                        <ogrn>1027739386135</ogrn>
                        <legalAddress>117303, Г МОСКВА, УЛ КЕРЧЕНСКАЯ, дом 1А, корпус 1</legalAddress>
                        <postalAddress>141701, Московская Область, Долгопрудный Город, Институтский Переулок, дом 9</postalAddress>
                        <phone>7-495-4084554</phone>
                        <fax>7-495-4086869</fax>
                        <email>info@mipt.ru</email>
                        <okato>46416000000</okato>
                        <okpo>02068901</okpo>
                    </mainInfo>
                </ns2:customer>
                <ns2:purchaseMethodCode>3363</ns2:purchaseMethodCode>
                <ns2:purchaseCodeName>Закупка у единственного поставщика (исполнителя, подрядчика)</ns2:purchaseCodeName>
                <ns2:placer>
                    <mainInfo>
                        <fullName>ФЕДЕРАЛЬНОЕ ГОСУДАРСТВЕННОЕ АВТОНОМНОЕ ОБРАЗОВАТЕЛЬНОЕ УЧРЕЖДЕНИЕ ВЫСШЕГО ОБРАЗОВАНИЯ "МОСКОВСКИЙ ФИЗИКО-ТЕХНИЧЕСКИЙ ИНСТИТУТ (ГОСУДАРСТВЕННЫЙ УНИВЕРСИТЕТ)"</fullName>
                        <shortName>МФТИ</shortName>
                        <iko>55008006211772701001</iko>
                        <inn>5008006211</inn>
                        <kpp>772701001</kpp>
                        <ogrn>1027739386135</ogrn>
                        <legalAddress>117303, Г МОСКВА, УЛ КЕРЧЕНСКАЯ, дом 1А, корпус 1</legalAddress>
                        <postalAddress>141701, Московская Область, Долгопрудный Город, Институтский Переулок, дом 9</postalAddress>
                        <phone>7-495-4084554</phone>
                        <fax>7-495-4086869</fax>
                        <email>info@mipt.ru</email>
                        <okato>46416000000</okato>
                        <okpo>02068901</okpo>
                    </mainInfo>
                </ns2:placer>
                <ns2:contact>
                    <phone>+8 (495) 4085822</phone>
                    <email>rio@mipt.ru</email>
                    <organization>
                        <mainInfo>
                            <fullName>ФЕДЕРАЛЬНОЕ ГОСУДАРСТВЕННОЕ АВТОНОМНОЕ ОБРАЗОВАТЕЛЬНОЕ УЧРЕЖДЕНИЕ ВЫСШЕГО ОБРАЗОВАНИЯ "МОСКОВСКИЙ ФИЗИКО-ТЕХНИЧЕСКИЙ ИНСТИТУТ (ГОСУДАРСТВЕННЫЙ УНИВЕРСИТЕТ)"</fullName>
                            <shortName>МФТИ</shortName>
                            <iko>55008006211772701001</iko>
                            <inn>5008006211</inn>
                            <kpp>772701001</kpp>
                            <ogrn>1027739386135</ogrn>
                            <legalAddress>117303, Г МОСКВА, УЛ КЕРЧЕНСКАЯ, дом 1А, корпус 1</legalAddress>
                            <postalAddress>141701, Московская Область, Долгопрудный Город, Институтский Переулок, дом 9</postalAddress>
                            <phone>7-495-4084554</phone>
                            <fax>7-495-4086869</fax>
                            <email>info@mipt.ru</email>
                            <okato>46416000000</okato>
                            <okpo>02068901</okpo>
                        </mainInfo>
                    </organization>
                </ns2:contact>
                <ns2:publicationDateTime>2017-03-16T14:02:19</ns2:publicationDateTime>
                <ns2:documentationDelivery/>
                <ns2:status>P</ns2:status>
                <ns2:version>1</ns2:version>
                <ns2:notDishonest>false</ns2:notDishonest>
                <ns2:attachments>
                    <totalDocumentsCount>1</totalDocumentsCount>
                    <document>
                        <guid>d47b5787-7b20-4fc6-9cec-ff5b172d8c61</guid>
                        <createDateTime>2017-03-16T14:01:08</createDateTime>
                        <fileName>Извещение ЕП17-074.pdf</fileName>
                        <description>Извещение ЕП17-074</description>
                        <url>http://zakupki.gov.ru/223/purchase/public/download/download.html?id=30108252</url>
                    </document>
                </ns2:attachments>
                <ns2:modificationDate>2017-03-16T14:02:19</ns2:modificationDate>
                <ns2:saveUserId>216976</ns2:saveUserId>
                <ns2:deliveryPlaceIndication>DIFFERENT_PLACE</ns2:deliveryPlaceIndication>
                <ns2:emergency>false</ns2:emergency>
                <ns2:jointPurchase>false</ns2:jointPurchase>
                <ns2:lots>
                    <lot>
                        <guid>69073af7-fd1d-4a92-90a3-74f6c202aafa</guid>
                        <ordinalNumber>1</ordinalNumber>
                        <lotEditEnabled>false</lotEditEnabled>
                        <lotData>
                            <subject>Услуги по печатанию книги: "Электричество и магнетизм".2-е издание, исправленное и дополнительное
</subject>
                            <currency>
                                <code>RUB</code>
                                <digitalCode>643</digitalCode>
                                <name>Российский рубль</name>
                            </currency>
                            <initialSum>248000.00</initialSum>
                            <deliveryPlace>
                                <state>Центральный федеральный округ</state>
                                <region>Московская   обл</region>
                                <regionOkato>46000000000</regionOkato>
                                <address>141707, Московская область, г. Долгопрудный, Институтский пер., дом 9, стр.3</address>
                            </deliveryPlace>
                            <lotItems>
                                <newCodes>true</newCodes>
                                <lotItem>
                                    <guid>bd7774cc-ffee-4e89-967b-b53632facaa8</guid>
                                    <ordinalNumber>1</ordinalNumber>
                                    <okpd2>
                                        <code>18.12.14.000</code>
                                        <name>Услуги по печатанию книг, географических карт, гидрографических или аналогичных карт всех видов, репродукций, чертежей и фотографий, открыток</name>
                                    </okpd2>
                                    <okved2>
                                        <code>18.12</code>
                                        <name>Прочие виды полиграфической деятельности</name>
                                    </okved2>
                                    <okei>
                                        <code>796</code>
                                        <name>Штука</name>
                                    </okei>
                                    <qty>1200</qty>
                                </lotItem>
                            </lotItems>
                            <forSmallOrMiddle>true</forSmallOrMiddle>
                            <excludePurchaseFromPlan>false</excludePurchaseFromPlan>
                            <subcontractorsRequirement>false</subcontractorsRequirement>
                            <ignoredPurchase>false</ignoredPurchase>
                            <centralized>false</centralized>
                        </lotData>
                        <deliveryPlaceIndication>GL</deliveryPlaceIndication>
                        <jointLotData>
                            <jointLot>false</jointLot>
                        </jointLotData>
                        <lotPlanInfo>
                            <planRegistrationNumber>2160218692</planRegistrationNumber>
                            <planGuid>32944a64-c387-4282-a9f2-3c545bd85b9d</planGuid>
                            <positionNumber>183</positionNumber>
                            <lotPlanPosition>COMMODITY</lotPlanPosition>
                            <positionGuid>62d0283e-d7c8-4ea6-8a9a-30a3a63e28ec</positionGuid>
                        </lotPlanInfo>
                        <cancelled>false</cancelled>
                    </lot>
                </ns2:lots>
            </ns2:purchaseNoticeEPData>
        </ns2:item>
    </ns2:body>
</ns2:purchaseNoticeEP>
