<?xml version="1.0" encoding="UTF-8" standalone="yes"?>
<ns2:purchaseNoticeEP xsi:schemaLocation="http://zakupki.gov.ru/223/integration/schema/TFF-5.2 http://zakupki.gov.ru/223/integration/schema/TFF-5.2/purchase.xsd" xmlns="http://zakupki.gov.ru/223fz/types/1" xmlns:ns10="http://zakupki.gov.ru/223fz/purchasePlan/1" xmlns:ns11="http://zakupki.gov.ru/223fz/purchasePlanProject/1" xmlns:ns12="http://zakupki.gov.ru/223fz/purchasePlanProjectAdditionalPosition/1" xmlns:ns13="http://zakupki.gov.ru/223fz/contract/1" xmlns:ns14="http://zakupki.gov.ru/223fz/missedNotice/1" xmlns:ns15="http://zakupki.gov.ru/223fz/reference/1" xmlns:ns16="http://zakupki.gov.ru/223fz/stopCommodity/1" xmlns:ns17="http://zakupki.gov.ru/223fz/decisionSuspension/1" xmlns:ns18="http://zakupki.gov.ru/223fz/purchasePlanAdditionalPosition/1" xmlns:ns19="http://zakupki.gov.ru/223fz/webRequest/1" xmlns:ns2="http://zakupki.gov.ru/223fz/purchase/1" xmlns:xsi="http://www.w3.org/2001/XMLSchema-instance" xmlns:ns3="http://zakupki.gov.ru/223fz/dishonestSupplier/1" xmlns:ns4="http://zakupki.gov.ru/223fz/machineryListInfo/1" xmlns:ns5="http://zakupki.gov.ru/223fz/revenue/1" xmlns:ns6="http://zakupki.gov.ru/223fz/orderClauseList/1" xmlns:ns7="http://zakupki.gov.ru/223fz/disagreementProtocol/1" xmlns:ns8="http://zakupki.gov.ru/223fz/complaint/1" xmlns:ns9="http://zakupki.gov.ru/223fz/notificationIssue/1">
    <header>
        <guid>4dec81f4-9dac-47e5-9f1b-1634b145b1c5</guid>
        <createDateTime>2017-03-16T15:38:30</createDateTime>
    </header>
    <ns2:body>
        <ns2:item>
            <guid>99c55ca4-4ab3-4637-858c-833d65329473</guid>
            <ns2:purchaseNoticeEPData>
                <ns2:guid>99c55ca4-4ab3-4637-858c-833d65329473</ns2:guid>
                <ns2:createDateTime>2017-03-16T10:44:28</ns2:createDateTime>
                <ns2:urlOOS>https://zakupki.gov.ru/223/purchase/private/purchase/notice-info/details.html?noticeInfoId=5883640</ns2:urlOOS>
                <ns2:registrationNumber>31704898697</ns2:registrationNumber>
                <ns2:name>закупка у единственного поставщика на оказание услуг по подаче тепловой энергии для нужд Северо-Кавказского Дорожного филиала ФБУЗ "Центр гигиены и эпидемиологии по железнодорожному транспорту" </ns2:name>
                <ns2:customer>
                    <mainInfo>
                        <fullName>ФЕДЕРАЛЬНОЕ БЮДЖЕТНОЕ УЧРЕЖДЕНИЕ ЗДРАВООХРАНЕНИЯ "ЦЕНТР ГИГИЕНЫ И ЭПИДЕМИОЛОГИИ ПО ЖЕЛЕЗНОДОРОЖНОМУ ТРАНСПОРТУ"</fullName>
                        <shortName>ФБУЗ "ЦЕНТР ГИГИЕНЫ И ЭПИДЕМИОЛОГИИ ПО ЖЕЛЕЗНОДОРОЖНОМУ ТРАНСПОРТУ"</shortName>
                        <iko>57701351634770101001</iko>
                        <inn>7701351634</inn>
                        <kpp>770101001</kpp>
                        <ogrn>1057701020816</ogrn>
                        <legalAddress>105066, Г МОСКВА, ПЕР БАСМАННЫЙ 1-Й, дом ДОМ 8, корпус СТРОЕНИЕ 2</legalAddress>
                        <postalAddress>105066, Москва Город, Басманный 1-й Переулок, дом 8, строение 2</postalAddress>
                        <phone>8-499-2657679</phone>
                        <email>fcrw@mail.ru</email>
                        <okato>45286555000</okato>
                        <okpo>76088820</okpo>
                    </mainInfo>
                </ns2:customer>
                <ns2:purchaseMethodCode>3363</ns2:purchaseMethodCode>
                <ns2:purchaseCodeName>Закупка у единственного поставщика (исполнителя, подрядчика)</ns2:purchaseCodeName>
                <ns2:placer>
                    <mainInfo>
                        <fullName>СЕВЕРО-КАВКАЗСКИЙ ДОРОЖНЫЙ ФИЛИАЛ ФЕДЕРАЛЬНОГО БЮДЖЕТНОГО УЧРЕЖДЕНИЯ ЗДРАВООХРАНЕНИЯ "ЦЕНТР ГИГИЕНЫ И ЭПИДЕМИОЛОГИИ ПО ЖЕЛЕЗНОДОРОЖНОМУ ТРАНСПОРТУ"</fullName>
                        <shortName>СЕВЕРО-КАВКАЗСКИЙ ДОРОЖНЫЙ ФИЛИАЛ ФБУЗ "ЦЕНТР ГИГИЕНЫ И ЭПИДЕМИОЛОГИИ ПО ЖЕЛЕЗНОДОРОЖНОМУ ТРАНСПОРТУ"</shortName>
                        <iko>57701351634616302001</iko>
                        <inn>7701351634</inn>
                        <kpp>616302001</kpp>
                        <ogrn>1057701020816</ogrn>
                        <legalAddress>344022, РОСТОВСКАЯ ОБЛАСТЬ, Г. РОСТОВ-НА-ДОНУ, УЛ. СОЦИАЛИСТИЧЕСКАЯ, Д. 197/30</legalAddress>
                        <postalAddress>105066, Москва Город, Басманный 1-й Переулок, дом 8, строение 2</postalAddress>
                        <phone>8-863-2595433</phone>
                        <email>fcrw@mail.ru</email>
                        <okato>00000000000</okato>
                        <okpo>01112758</okpo>
                    </mainInfo>
                </ns2:placer>
                <ns2:contact>
                    <firstName>Нина</firstName>
                    <middleName>Ивановна</middleName>
                    <lastName>Джандубаева</lastName>
                    <phone>+8 (863) 2595433</phone>
                    <email>sk_filial@mail.ru</email>
                    <organization>
                        <mainInfo>
                            <fullName>ФЕДЕРАЛЬНОЕ БЮДЖЕТНОЕ УЧРЕЖДЕНИЕ ЗДРАВООХРАНЕНИЯ "ЦЕНТР ГИГИЕНЫ И ЭПИДЕМИОЛОГИИ ПО ЖЕЛЕЗНОДОРОЖНОМУ ТРАНСПОРТУ"</fullName>
                            <shortName>ФБУЗ "ЦЕНТР ГИГИЕНЫ И ЭПИДЕМИОЛОГИИ ПО ЖЕЛЕЗНОДОРОЖНОМУ ТРАНСПОРТУ"</shortName>
                            <iko>57701351634770101001</iko>
                            <inn>7701351634</inn>
                            <kpp>770101001</kpp>
                            <ogrn>1057701020816</ogrn>
                            <legalAddress>105066, Г МОСКВА, ПЕР БАСМАННЫЙ 1-Й, дом ДОМ 8, корпус СТРОЕНИЕ 2</legalAddress>
                            <postalAddress>105066, Москва Город, Басманный 1-й Переулок, дом 8, строение 2</postalAddress>
                            <phone>8-499-2657679</phone>
                            <email>fcrw@mail.ru</email>
                            <okato>45286555000</okato>
                            <okpo>76088820</okpo>
                        </mainInfo>
                    </organization>
                </ns2:contact>
                <ns2:publicationDateTime>2017-03-16T15:38:30</ns2:publicationDateTime>
                <ns2:documentationDelivery>
                    <place>Не предоставляется</place>
                    <procedure>Не предоставляется</procedure>
                </ns2:documentationDelivery>
                <ns2:status>P</ns2:status>
                <ns2:version>1</ns2:version>
                <ns2:notDishonest>false</ns2:notDishonest>
                <ns2:attachments>
                    <totalDocumentsCount>1</totalDocumentsCount>
                    <document>
                        <guid>428b3182-97cc-463b-996d-e71c6a26872e</guid>
                        <createDateTime>2017-03-16T11:00:58</createDateTime>
                        <fileName>документация  теплоснабжение.doc</fileName>
                        <description>документация  теплоснабжение</description>
                        <url>http://zakupki.gov.ru/223/purchase/public/download/download.html?id=30098612</url>
                    </document>
                </ns2:attachments>
                <ns2:modificationDate>2017-03-16T15:38:30</ns2:modificationDate>
                <ns2:saveUserId>139203</ns2:saveUserId>
                <ns2:deliveryPlaceIndication>SINGLE_PLACE</ns2:deliveryPlaceIndication>
                <ns2:emergency>false</ns2:emergency>
                <ns2:jointPurchase>false</ns2:jointPurchase>
                <ns2:lots>
                    <lot>
                        <guid>4dd88a28-c149-488f-ba35-6548f5a988c2</guid>
                        <ordinalNumber>1</ordinalNumber>
                        <lotEditEnabled>false</lotEditEnabled>
                        <lotData>
                            <subject>Оказание услуг по подаче тепловой энергии для нужд Северо-Кавказского Дорожного филиала ФБУЗ "Центр гигиены и эпидемиологии по железнодорожному транспорту"</subject>
                            <currency>
                                <code>RUB</code>
                                <digitalCode>643</digitalCode>
                                <name>Российский рубль</name>
                            </currency>
                            <initialSum>505548.96</initialSum>
                            <deliveryPlace>
                                <state>Южный федеральный округ</state>
                                <region>Ростовская   обл</region>
                                <regionOkato>60000000000</regionOkato>
                                <address>344022, Российская Федерация, Ростовская область, г. Ростов-на-Дону, ул. Социалистическая, д. 197/30.</address>
                            </deliveryPlace>
                            <lotItems>
                                <newCodes>true</newCodes>
                                <lotItem>
                                    <guid>5a8bb7f6-2166-436a-a1d9-6ed074a81734</guid>
                                    <ordinalNumber>1</ordinalNumber>
                                    <okpd2>
                                        <code>35.30.12.110</code>
                                        <name>Услуги по приготовлению воды на нужды горячего водоснабжения</name>
                                    </okpd2>
                                    <okved2>
                                        <code>35.30.14</code>
                                        <name>Производство пара и горячей воды (тепловой энергии) котельными</name>
                                    </okved2>
                                    <okei>
                                        <code>233</code>
                                        <name>Гигакалория</name>
                                    </okei>
                                    <qty>291</qty>
                                </lotItem>
                            </lotItems>
                            <forSmallOrMiddle>false</forSmallOrMiddle>
                            <excludePurchaseFromPlan>false</excludePurchaseFromPlan>
                            <subcontractorsRequirement>false</subcontractorsRequirement>
                            <ignoredPurchase>false</ignoredPurchase>
                            <centralized>false</centralized>
                        </lotData>
                        <deliveryPlaceIndication>GL</deliveryPlaceIndication>
                        <jointLotData>
                            <jointLot>false</jointLot>
                        </jointLotData>
                        <lotPlanInfo>
                            <planRegistrationNumber>2160216745</planRegistrationNumber>
                            <planGuid>718ac8a7-5acc-4816-8791-03f226fb5a5f</planGuid>
                            <positionNumber>973</positionNumber>
                            <lotPlanPosition>COMMODITY</lotPlanPosition>
                            <positionGuid>995f746a-33f3-40dc-bbed-d20bc990d818</positionGuid>
                        </lotPlanInfo>
                        <cancelled>false</cancelled>
                    </lot>
                </ns2:lots>
            </ns2:purchaseNoticeEPData>
        </ns2:item>
    </ns2:body>
</ns2:purchaseNoticeEP>
