<?xml version="1.0" encoding="UTF-8" standalone="yes"?>
<ns2:purchaseNoticeEP xsi:schemaLocation="http://zakupki.gov.ru/223/integration/schema/TFF-5.2 http://zakupki.gov.ru/223/integration/schema/TFF-5.2/purchase.xsd" xmlns="http://zakupki.gov.ru/223fz/types/1" xmlns:ns10="http://zakupki.gov.ru/223fz/purchasePlan/1" xmlns:ns11="http://zakupki.gov.ru/223fz/purchasePlanProject/1" xmlns:ns12="http://zakupki.gov.ru/223fz/purchasePlanProjectAdditionalPosition/1" xmlns:ns13="http://zakupki.gov.ru/223fz/contract/1" xmlns:ns14="http://zakupki.gov.ru/223fz/missedNotice/1" xmlns:ns15="http://zakupki.gov.ru/223fz/reference/1" xmlns:ns16="http://zakupki.gov.ru/223fz/stopCommodity/1" xmlns:ns17="http://zakupki.gov.ru/223fz/decisionSuspension/1" xmlns:ns18="http://zakupki.gov.ru/223fz/purchasePlanAdditionalPosition/1" xmlns:ns19="http://zakupki.gov.ru/223fz/webRequest/1" xmlns:ns2="http://zakupki.gov.ru/223fz/purchase/1" xmlns:xsi="http://www.w3.org/2001/XMLSchema-instance" xmlns:ns3="http://zakupki.gov.ru/223fz/dishonestSupplier/1" xmlns:ns4="http://zakupki.gov.ru/223fz/machineryListInfo/1" xmlns:ns5="http://zakupki.gov.ru/223fz/revenue/1" xmlns:ns6="http://zakupki.gov.ru/223fz/orderClauseList/1" xmlns:ns7="http://zakupki.gov.ru/223fz/disagreementProtocol/1" xmlns:ns8="http://zakupki.gov.ru/223fz/complaint/1" xmlns:ns9="http://zakupki.gov.ru/223fz/notificationIssue/1">
    <header>
        <guid>e915e9d3-fc37-4066-974e-d3072988a3eb</guid>
        <createDateTime>2017-03-16T22:13:48</createDateTime>
    </header>
    <ns2:body>
        <ns2:item>
            <guid>3b057e25-956a-4a0d-9021-96904c94bb51</guid>
            <ns2:purchaseNoticeEPData>
                <ns2:guid>3b057e25-956a-4a0d-9021-96904c94bb51</ns2:guid>
                <ns2:createDateTime>2017-03-16T21:45:01</ns2:createDateTime>
                <ns2:urlOOS>https://zakupki.gov.ru/223/purchase/private/purchase/notice-info/details.html?noticeInfoId=5888519</ns2:urlOOS>
                <ns2:registrationNumber>31704900148</ns2:registrationNumber>
                <ns2:name>Работы по очистке от несанкционированных навалов ТБО и бытового мусора территории ГБС РАН</ns2:name>
                <ns2:customer>
                    <mainInfo>
                        <fullName>Федеральное государственное бюджетное учреждение науки Главный ботанический сад им. Н.В. Цицина Российской академии наук</fullName>
                        <shortName>ГБС РАН</shortName>
                        <iko>87715038478771501001</iko>
                        <inn>7715038478</inn>
                        <kpp>771501001</kpp>
                        <ogrn>1027739758892</ogrn>
                        <legalAddress>127276, Москва, Ботаническая, дом 4</legalAddress>
                        <postalAddress>127276, Москва, Ботаническая, дом 4</postalAddress>
                        <phone>7-499-9779088</phone>
                        <fax>7-499-9779000</fax>
                        <email>99770000@mail.ru</email>
                        <okato>45280567000</okato>
                        <okpo>02698795</okpo>
                    </mainInfo>
                </ns2:customer>
                <ns2:purchaseMethodCode>3363</ns2:purchaseMethodCode>
                <ns2:purchaseCodeName>Закупка у единственного поставщика (исполнителя, подрядчика)</ns2:purchaseCodeName>
                <ns2:placer>
                    <mainInfo>
                        <fullName>Федеральное государственное бюджетное учреждение науки Главный ботанический сад им. Н.В. Цицина Российской академии наук</fullName>
                        <shortName>ГБС РАН</shortName>
                        <iko>87715038478771501001</iko>
                        <inn>7715038478</inn>
                        <kpp>771501001</kpp>
                        <ogrn>1027739758892</ogrn>
                        <legalAddress>127276, Москва, Ботаническая, дом 4</legalAddress>
                        <postalAddress>127276, Москва, Ботаническая, дом 4</postalAddress>
                        <phone>7-499-9779088</phone>
                        <fax>7-499-9779000</fax>
                        <email>99770000@mail.ru</email>
                        <okato>45280567000</okato>
                        <okpo>02698795</okpo>
                    </mainInfo>
                </ns2:placer>
                <ns2:contact>
                    <firstName>Филипп</firstName>
                    <middleName>Викторович</middleName>
                    <lastName>Федосов</lastName>
                    <phone>+7 (499) 9779088</phone>
                    <email>99770000@mail.ru</email>
                    <organization>
                        <mainInfo>
                            <fullName>Федеральное государственное бюджетное учреждение науки Главный ботанический сад им. Н.В. Цицина Российской академии наук</fullName>
                            <shortName>ГБС РАН</shortName>
                            <iko>87715038478771501001</iko>
                            <inn>7715038478</inn>
                            <kpp>771501001</kpp>
                            <ogrn>1027739758892</ogrn>
                            <legalAddress>127276, Москва, Ботаническая, дом 4</legalAddress>
                            <postalAddress>127276, Москва, Ботаническая, дом 4</postalAddress>
                            <phone>7-499-9779088</phone>
                            <fax>7-499-9779000</fax>
                            <email>99770000@mail.ru</email>
                            <okato>45280567000</okato>
                            <okpo>02698795</okpo>
                        </mainInfo>
                    </organization>
                </ns2:contact>
                <ns2:publicationDateTime>2017-03-16T22:13:48</ns2:publicationDateTime>
                <ns2:documentationDelivery/>
                <ns2:status>P</ns2:status>
                <ns2:version>1</ns2:version>
                <ns2:notDishonest>false</ns2:notDishonest>
                <ns2:attachments>
                    <totalDocumentsCount>1</totalDocumentsCount>
                    <document>
                        <guid>d6271401-8a61-4e25-b220-54bed116aff5</guid>
                        <createDateTime>2017-03-16T22:13:20</createDateTime>
                        <fileName>Проект договора.docx</fileName>
                        <description>Проект договора</description>
                        <url>http://zakupki.gov.ru/223/purchase/public/download/download.html?id=30121745</url>
                    </document>
                </ns2:attachments>
                <ns2:modificationDate>2017-03-16T22:13:48</ns2:modificationDate>
                <ns2:saveUserId>59274</ns2:saveUserId>
                <ns2:deliveryPlaceIndication>SINGLE_PLACE</ns2:deliveryPlaceIndication>
                <ns2:emergency>false</ns2:emergency>
                <ns2:jointPurchase>false</ns2:jointPurchase>
                <ns2:lots>
                    <lot>
                        <guid>d6747671-cdb3-4397-9196-03341547c98c</guid>
                        <ordinalNumber>1</ordinalNumber>
                        <lotEditEnabled>false</lotEditEnabled>
                        <lotData>
                            <subject>Работы по очистке от несанкционированных навалов ТБО и бытового мусора территории ГБС РАН</subject>
                            <currency>
                                <code>RUB</code>
                                <digitalCode>643</digitalCode>
                                <name>Российский рубль</name>
                            </currency>
                            <initialSum>399003.36</initialSum>
                            <deliveryPlace>
                                <state>Центральный федеральный округ</state>
                                <region>Москва</region>
                                <regionOkato>45000000000</regionOkato>
                                <address>Сельскохозяйственная ул. дом 27</address>
                            </deliveryPlace>
                            <lotItems>
                                <newCodes>true</newCodes>
                                <lotItem>
                                    <guid>273ac18f-d685-473e-b1df-a86c57afdae9</guid>
                                    <ordinalNumber>1</ordinalNumber>
                                    <okpd2>
                                        <code>81.29.1</code>
                                        <name>Услуги по чистке и уборке прочие</name>
                                    </okpd2>
                                    <okved2>
                                        <code>81.29.9</code>
                                        <name>Деятельность по чистке и уборке прочая, не включенная в другие группировки</name>
                                    </okved2>
                                    <okei>
                                        <code>796</code>
                                        <name>Штука</name>
                                    </okei>
                                    <qty>1</qty>
                                    <additionalInfo>согласно техническому заданию</additionalInfo>
                                </lotItem>
                            </lotItems>
                            <forSmallOrMiddle>false</forSmallOrMiddle>
                            <excludePurchaseFromPlan>false</excludePurchaseFromPlan>
                            <subcontractorsRequirement>false</subcontractorsRequirement>
                            <ignoredPurchase>false</ignoredPurchase>
                            <centralized>false</centralized>
                        </lotData>
                        <deliveryPlaceIndication>GL</deliveryPlaceIndication>
                        <jointLotData>
                            <jointLot>false</jointLot>
                        </jointLotData>
                        <lotPlanInfo>
                            <planRegistrationNumber>2170231329</planRegistrationNumber>
                            <planGuid>2bfcc0bd-c35e-439a-8aa9-e7ace1d0309a</planGuid>
                            <positionNumber>2</positionNumber>
                            <lotPlanPosition>COMMODITY</lotPlanPosition>
                            <positionGuid>24004988-ec07-4e67-a0b2-fb72fa31fa6d</positionGuid>
                        </lotPlanInfo>
                        <cancelled>false</cancelled>
                    </lot>
                </ns2:lots>
            </ns2:purchaseNoticeEPData>
        </ns2:item>
    </ns2:body>
</ns2:purchaseNoticeEP>
