<?xml version="1.0" encoding="UTF-8" standalone="yes"?>
<ns2:purchaseNoticeEP xsi:schemaLocation="http://zakupki.gov.ru/223/integration/schema/TFF-5.2 http://zakupki.gov.ru/223/integration/schema/TFF-5.2/purchase.xsd" xmlns="http://zakupki.gov.ru/223fz/types/1" xmlns:ns10="http://zakupki.gov.ru/223fz/purchasePlan/1" xmlns:ns11="http://zakupki.gov.ru/223fz/purchasePlanProject/1" xmlns:ns12="http://zakupki.gov.ru/223fz/purchasePlanProjectAdditionalPosition/1" xmlns:ns13="http://zakupki.gov.ru/223fz/contract/1" xmlns:ns14="http://zakupki.gov.ru/223fz/missedNotice/1" xmlns:ns15="http://zakupki.gov.ru/223fz/reference/1" xmlns:ns16="http://zakupki.gov.ru/223fz/stopCommodity/1" xmlns:ns17="http://zakupki.gov.ru/223fz/decisionSuspension/1" xmlns:ns18="http://zakupki.gov.ru/223fz/purchasePlanAdditionalPosition/1" xmlns:ns19="http://zakupki.gov.ru/223fz/webRequest/1" xmlns:ns2="http://zakupki.gov.ru/223fz/purchase/1" xmlns:xsi="http://www.w3.org/2001/XMLSchema-instance" xmlns:ns3="http://zakupki.gov.ru/223fz/dishonestSupplier/1" xmlns:ns4="http://zakupki.gov.ru/223fz/machineryListInfo/1" xmlns:ns5="http://zakupki.gov.ru/223fz/revenue/1" xmlns:ns6="http://zakupki.gov.ru/223fz/orderClauseList/1" xmlns:ns7="http://zakupki.gov.ru/223fz/disagreementProtocol/1" xmlns:ns8="http://zakupki.gov.ru/223fz/complaint/1" xmlns:ns9="http://zakupki.gov.ru/223fz/notificationIssue/1">
    <header>
        <guid>8c5a3fff-bd2c-41d5-a3bf-64170621a568</guid>
        <createDateTime>2017-03-16T14:41:29</createDateTime>
    </header>
    <ns2:body>
        <ns2:item>
            <guid>1f9e20df-f4dd-43d5-ac75-ec6c2f2a6d3a</guid>
            <ns2:purchaseNoticeEPData>
                <ns2:guid>1f9e20df-f4dd-43d5-ac75-ec6c2f2a6d3a</ns2:guid>
                <ns2:createDateTime>2017-03-16T14:38:30</ns2:createDateTime>
                <ns2:urlOOS>https://zakupki.gov.ru/223/purchase/private/purchase/notice-info/details.html?noticeInfoId=5886181</ns2:urlOOS>
                <ns2:registrationNumber>31704898095</ns2:registrationNumber>
                <ns2:name>услуг по сервисному обслуживанию Дисковой системы хранения данных</ns2:name>
                <ns2:customer>
                    <mainInfo>
                        <fullName>федеральное государственное унитарное предприятие "Всероссийская государственная телевизионная и радиовещательная компания"</fullName>
                        <shortName>ВГТРК</shortName>
                        <iko>57714072839997750001</iko>
                        <inn>7714072839</inn>
                        <kpp>997750001</kpp>
                        <ogrn>1027700310076</ogrn>
                        <legalAddress>125124, Москва, Ямского Поля 5-я, дом 19/21</legalAddress>
                        <postalAddress>125040 Москва, 5-я ул. Ямского Поля, д. 19-21</postalAddress>
                        <phone>7-925-7968141</phone>
                        <email>nsamorukova@vgtrk.com</email>
                        <okato>45277556000</okato>
                        <okpo>00030165</okpo>
                    </mainInfo>
                </ns2:customer>
                <ns2:purchaseMethodCode>3363</ns2:purchaseMethodCode>
                <ns2:purchaseCodeName>Закупка у единственного поставщика (исполнителя, подрядчика)</ns2:purchaseCodeName>
                <ns2:placer>
                    <mainInfo>
                        <fullName>федеральное государственное унитарное предприятие "Всероссийская государственная телевизионная и радиовещательная компания"</fullName>
                        <shortName>ВГТРК</shortName>
                        <iko>57714072839997750001</iko>
                        <inn>7714072839</inn>
                        <kpp>997750001</kpp>
                        <ogrn>1027700310076</ogrn>
                        <legalAddress>125124, Москва, Ямского Поля 5-я, дом 19/21</legalAddress>
                        <postalAddress>125040 Москва, 5-я ул. Ямского Поля, д. 19-21</postalAddress>
                        <phone>7-925-7968141</phone>
                        <email>nsamorukova@vgtrk.com</email>
                        <okato>45277556000</okato>
                        <okpo>00030165</okpo>
                    </mainInfo>
                </ns2:placer>
                <ns2:contact>
                    <lastName>Кошелева Наталья Геннадьевна</lastName>
                    <phone>+7 (495) 9558233</phone>
                    <email>NKosheleva@vgtrk.com </email>
                    <organization>
                        <mainInfo>
                            <fullName>федеральное государственное унитарное предприятие "Всероссийская государственная телевизионная и радиовещательная компания"</fullName>
                            <shortName>ВГТРК</shortName>
                            <iko>57714072839997750001</iko>
                            <inn>7714072839</inn>
                            <kpp>997750001</kpp>
                            <ogrn>1027700310076</ogrn>
                            <legalAddress>125124, Москва, Ямского Поля 5-я, дом 19/21</legalAddress>
                            <postalAddress>125040 Москва, 5-я ул. Ямского Поля, д. 19-21</postalAddress>
                            <phone>7-925-7968141</phone>
                            <email>nsamorukova@vgtrk.com</email>
                            <okato>45277556000</okato>
                            <okpo>00030165</okpo>
                        </mainInfo>
                    </organization>
                </ns2:contact>
                <ns2:publicationDateTime>2017-03-16T14:41:29</ns2:publicationDateTime>
                <ns2:documentationDelivery/>
                <ns2:status>P</ns2:status>
                <ns2:version>1</ns2:version>
                <ns2:notDishonest>false</ns2:notDishonest>
                <ns2:attachments>
                    <totalDocumentsCount>1</totalDocumentsCount>
                    <document>
                        <guid>ae3e8aa1-6d25-43a7-a539-70b0f4a610ca</guid>
                        <createDateTime>2017-03-16T14:41:13</createDateTime>
                        <fileName>Информация.doc</fileName>
                        <description>Информация</description>
                        <url>http://zakupki.gov.ru/223/purchase/public/download/download.html?id=30110636</url>
                    </document>
                </ns2:attachments>
                <ns2:modificationDate>2017-03-16T14:41:29</ns2:modificationDate>
                <ns2:saveUserId>180213</ns2:saveUserId>
                <ns2:deliveryPlaceIndication>SINGLE_PLACE</ns2:deliveryPlaceIndication>
                <ns2:emergency>false</ns2:emergency>
                <ns2:jointPurchase>false</ns2:jointPurchase>
                <ns2:lots>
                    <lot>
                        <guid>d3fa0f18-24c8-44d9-b357-f7411f29a9a7</guid>
                        <ordinalNumber>1</ordinalNumber>
                        <lotEditEnabled>false</lotEditEnabled>
                        <lotData>
                            <subject>Услуги по сервисному обслуживанию Дисковой системы хранения данных</subject>
                            <currency>
                                <code>RUB</code>
                                <digitalCode>643</digitalCode>
                                <name>Российский рубль</name>
                            </currency>
                            <initialSum>3500000.36</initialSum>
                            <deliveryPlace>
                                <state>Центральный федеральный округ</state>
                                <region>Москва</region>
                                <regionOkato>45000000000</regionOkato>
                                <address>Россия, 125040, г. Москва, 5-я ул. Ямского Поля, д. 19-21.</address>
                            </deliveryPlace>
                            <lotItems>
                                <newCodes>true</newCodes>
                                <lotItem>
                                    <guid>3a470706-be30-42cc-91e8-8331d35242b5</guid>
                                    <ordinalNumber>1</ordinalNumber>
                                    <okpd2>
                                        <code>62.02.30</code>
                                        <name>Услуги по технической поддержке информационных технологий</name>
                                    </okpd2>
                                    <okved2>
                                        <code>62.02</code>
                                        <name>Деятельность консультативная и работы в области компьютерных технологий</name>
                                    </okved2>
                                    <okei>
                                        <code>876</code>
                                        <name>Условная единица</name>
                                    </okei>
                                    <qty>1</qty>
                                </lotItem>
                            </lotItems>
                            <forSmallOrMiddle>false</forSmallOrMiddle>
                            <excludePurchaseFromPlan>false</excludePurchaseFromPlan>
                            <subcontractorsRequirement>false</subcontractorsRequirement>
                            <ignoredPurchase>false</ignoredPurchase>
                            <centralized>false</centralized>
                        </lotData>
                        <deliveryPlaceIndication>GL</deliveryPlaceIndication>
                        <jointLotData>
                            <jointLot>false</jointLot>
                        </jointLotData>
                        <lotPlanInfo>
                            <planRegistrationNumber>2160208979</planRegistrationNumber>
                            <planGuid>9297dbc1-7815-4e76-a950-259ea831764b</planGuid>
                            <positionNumber>300</positionNumber>
                            <lotPlanPosition>COMMODITY</lotPlanPosition>
                            <positionGuid>b2acba61-f95a-4d64-b3d6-2c17f0ad8463</positionGuid>
                        </lotPlanInfo>
                        <cancelled>false</cancelled>
                    </lot>
                </ns2:lots>
            </ns2:purchaseNoticeEPData>
        </ns2:item>
    </ns2:body>
</ns2:purchaseNoticeEP>
