<?xml version="1.0" encoding="UTF-8" standalone="yes"?>
<ns2:purchaseNoticeEP xsi:schemaLocation="http://zakupki.gov.ru/223/integration/schema/TFF-5.2 http://zakupki.gov.ru/223/integration/schema/TFF-5.2/purchase.xsd" xmlns="http://zakupki.gov.ru/223fz/types/1" xmlns:ns10="http://zakupki.gov.ru/223fz/purchasePlan/1" xmlns:ns11="http://zakupki.gov.ru/223fz/purchasePlanProject/1" xmlns:ns12="http://zakupki.gov.ru/223fz/purchasePlanProjectAdditionalPosition/1" xmlns:ns13="http://zakupki.gov.ru/223fz/contract/1" xmlns:ns14="http://zakupki.gov.ru/223fz/missedNotice/1" xmlns:ns15="http://zakupki.gov.ru/223fz/reference/1" xmlns:ns16="http://zakupki.gov.ru/223fz/stopCommodity/1" xmlns:ns17="http://zakupki.gov.ru/223fz/decisionSuspension/1" xmlns:ns18="http://zakupki.gov.ru/223fz/purchasePlanAdditionalPosition/1" xmlns:ns19="http://zakupki.gov.ru/223fz/webRequest/1" xmlns:ns2="http://zakupki.gov.ru/223fz/purchase/1" xmlns:xsi="http://www.w3.org/2001/XMLSchema-instance" xmlns:ns3="http://zakupki.gov.ru/223fz/dishonestSupplier/1" xmlns:ns4="http://zakupki.gov.ru/223fz/machineryListInfo/1" xmlns:ns5="http://zakupki.gov.ru/223fz/revenue/1" xmlns:ns6="http://zakupki.gov.ru/223fz/orderClauseList/1" xmlns:ns7="http://zakupki.gov.ru/223fz/disagreementProtocol/1" xmlns:ns8="http://zakupki.gov.ru/223fz/complaint/1" xmlns:ns9="http://zakupki.gov.ru/223fz/notificationIssue/1">
    <header>
        <guid>437d1c54-9bf0-46f3-b64b-098b91e6b93c</guid>
        <createDateTime>2017-03-16T16:47:10</createDateTime>
    </header>
    <ns2:body>
        <ns2:item>
            <guid>a22a2ab1-590a-1ee7-82c9-d3f47c0317be</guid>
            <ns2:purchaseNoticeEPData>
                <ns2:guid>a22a2ab1-590a-1ee7-82c9-d3f47c0317be</ns2:guid>
                <ns2:createDateTime>2017-03-16T16:44:31</ns2:createDateTime>
                <ns2:urlOOS>https://zakupki.gov.ru/223/purchase/private/purchase/notice-info/details.html?noticeInfoId=5887651</ns2:urlOOS>
                <ns2:urlVSRZ>ЕОС-Закупки</ns2:urlVSRZ>
                <ns2:registrationNumber>31704899350</ns2:registrationNumber>
                <ns2:name>СЧ НИР "Исследования по разработке методики ... сложнофункциональных микросхем, выполненных по МОП-технологии"</ns2:name>
                <ns2:customer>
                    <mainInfo>
                        <fullName>ФЕДЕРАЛЬНОЕ ГОСУДАРСТВЕННОЕ УНИТАРНОЕ ПРЕДПРИЯТИЕ "ВСЕРОССИЙСКИЙ НАУЧНО-ИССЛЕДОВАТЕЛЬСКИЙ ИНСТИТУТ АВТОМАТИКИ ИМ.Н.Л.ДУХОВА"</fullName>
                        <shortName>ФГУП "ВНИИА"</shortName>
                        <iko>57707074137770701001</iko>
                        <inn>7707074137</inn>
                        <kpp>770701001</kpp>
                        <ogrn>1027739646164</ogrn>
                        <legalAddress>127055, г МОСКВА, ул СУЩЕВСКАЯ, дом 22</legalAddress>
                        <postalAddress>127055, г. Москва, Сущевская ул., д. 22</postalAddress>
                        <phone>7-499-9728427</phone>
                        <fax>7-499-9784472</fax>
                        <email>zakupki@vniia.ru</email>
                        <okato>45286585000</okato>
                        <okpo>07623885</okpo>
                    </mainInfo>
                </ns2:customer>
                <ns2:purchaseMethodCode>3363</ns2:purchaseMethodCode>
                <ns2:purchaseCodeName>Закупка у единственного поставщика (исполнителя, подрядчика)</ns2:purchaseCodeName>
                <ns2:placer>
                    <mainInfo>
                        <fullName>ФЕДЕРАЛЬНОЕ ГОСУДАРСТВЕННОЕ УНИТАРНОЕ ПРЕДПРИЯТИЕ "ВСЕРОССИЙСКИЙ НАУЧНО-ИССЛЕДОВАТЕЛЬСКИЙ ИНСТИТУТ АВТОМАТИКИ ИМ.Н.Л.ДУХОВА"</fullName>
                        <shortName>ФГУП "ВНИИА"</shortName>
                        <iko>57707074137770701001</iko>
                        <inn>7707074137</inn>
                        <kpp>770701001</kpp>
                        <ogrn>1027739646164</ogrn>
                        <legalAddress>127055, г МОСКВА, ул СУЩЕВСКАЯ, дом 22</legalAddress>
                        <postalAddress>127055, г. Москва, Сущевская ул., д. 22</postalAddress>
                        <phone>7-499-9728427</phone>
                        <fax>7-499-9784472</fax>
                        <email>zakupki@vniia.ru</email>
                        <okato>45286585000</okato>
                        <okpo>07623885</okpo>
                    </mainInfo>
                </ns2:placer>
                <ns2:contact>
                    <phone>+8 (499) 9787803</phone>
                    <fax>+8 (499) 9787803</fax>
                    <email>vniia@vniia.ru</email>
                    <organization>
                        <mainInfo>
                            <fullName>ФЕДЕРАЛЬНОЕ ГОСУДАРСТВЕННОЕ УНИТАРНОЕ ПРЕДПРИЯТИЕ "ВСЕРОССИЙСКИЙ НАУЧНО-ИССЛЕДОВАТЕЛЬСКИЙ ИНСТИТУТ АВТОМАТИКИ ИМ.Н.Л.ДУХОВА"</fullName>
                            <shortName>ФГУП "ВНИИА"</shortName>
                            <iko>57707074137770701001</iko>
                            <inn>7707074137</inn>
                            <kpp>770701001</kpp>
                            <ogrn>1027739646164</ogrn>
                            <legalAddress>127055, г МОСКВА, ул СУЩЕВСКАЯ, дом 22</legalAddress>
                            <postalAddress>127055, г. Москва, Сущевская ул., д. 22</postalAddress>
                            <phone>7-499-9728427</phone>
                            <fax>7-499-9784472</fax>
                            <email>zakupki@vniia.ru</email>
                            <okato>45286585000</okato>
                            <okpo>07623885</okpo>
                        </mainInfo>
                    </organization>
                </ns2:contact>
                <ns2:publicationDateTime>2017-03-16T16:47:10</ns2:publicationDateTime>
                <ns2:documentationDelivery/>
                <ns2:status>P</ns2:status>
                <ns2:version>1</ns2:version>
                <ns2:notDishonest>false</ns2:notDishonest>
                <ns2:attachments>
                    <totalDocumentsCount>2</totalDocumentsCount>
                    <document>
                        <guid>0addd011-6b0b-1ee7-82c9-c234d3e9c98f</guid>
                        <createDateTime>2017-03-16T13:40:07</createDateTime>
                        <fileName>printing_form.doc</fileName>
                        <description>printing_form</description>
                        <url>http://zakupki.gov.ru/223/purchase/public/download/download.html?id=30117555</url>
                    </document>
                    <document>
                        <guid>0addd011-6b0b-1ee7-82c9-c96800a7098f</guid>
                        <createDateTime>2017-03-16T13:41:49</createDateTime>
                        <fileName>Проект договора.pdf</fileName>
                        <description>Проект договора</description>
                        <url>http://zakupki.gov.ru/223/purchase/public/download/download.html?id=30117556</url>
                    </document>
                </ns2:attachments>
                <ns2:modificationDate>2017-03-16T16:47:10</ns2:modificationDate>
                <ns2:saveUserId>133405</ns2:saveUserId>
                <ns2:deliveryPlaceIndication>DIFFERENT_PLACE</ns2:deliveryPlaceIndication>
                <ns2:emergency>false</ns2:emergency>
                <ns2:jointPurchase>false</ns2:jointPurchase>
                <ns2:lots>
                    <lot>
                        <guid>7a9888ea-fb0a-1ee7-82c9-6c588dc45668</guid>
                        <ordinalNumber>1</ordinalNumber>
                        <lotEditEnabled>true</lotEditEnabled>
                        <lotData>
                            <subject>СЧ НИР "Исследования по разработке методики ... сложнофункциональных микросхем, выполненных по МОП-технологии"</subject>
                            <currency>
                                <code>RUB</code>
                                <digitalCode>643</digitalCode>
                                <name>Российский рубль</name>
                            </currency>
                            <initialSum>1000000.00</initialSum>
                            <deliveryPlace>
                                <state>Центральный федеральный округ</state>
                                <region>Москва</region>
                                <regionOkato>45000000000</regionOkato>
                                <address>127055, г.Москва, ул.Сущевская, д.22
</address>
                            </deliveryPlace>
                            <lotItems>
                                <newCodes>true</newCodes>
                                <lotItem>
                                    <guid>7a9888ea-fb0a-1ee7-82c9-6cc1aea21668</guid>
                                    <ordinalNumber>1</ordinalNumber>
                                    <okpd2>
                                        <code>72.19.29.190</code>
                                        <name>Услуги (работы), связанные с научными исследованиями и экспериментальными разработками в области технических наук и в области технологий, прочие, не включенные в другие группировки, кроме биотехнологии</name>
                                    </okpd2>
                                    <okved2>
                                        <code>72.1</code>
                                        <name>Научные исследования и разработки в области естественных и технических наук</name>
                                    </okved2>
                                </lotItem>
                            </lotItems>
                            <forSmallOrMiddle>false</forSmallOrMiddle>
                            <excludePurchaseFromPlan>false</excludePurchaseFromPlan>
                            <subcontractorsRequirement>false</subcontractorsRequirement>
                            <ignoredPurchase>false</ignoredPurchase>
                            <centralized>false</centralized>
                        </lotData>
                        <deliveryPlaceIndication>GL</deliveryPlaceIndication>
                        <jointLotData>
                            <jointLot>false</jointLot>
                        </jointLotData>
                        <lotPlanInfo>
                            <planRegistrationNumber>2160214547</planRegistrationNumber>
                            <planGuid>0addd403-d90a-1ee7-82c2-e49484b2888f</planGuid>
                            <positionNumber>1151600278</positionNumber>
                            <lotPlanPosition>COMMODITY</lotPlanPosition>
                            <positionGuid>f2f32b7a-a50b-1ee7-8296-b33a582740c9</positionGuid>
                        </lotPlanInfo>
                        <cancelled>false</cancelled>
                    </lot>
                </ns2:lots>
            </ns2:purchaseNoticeEPData>
        </ns2:item>
    </ns2:body>
</ns2:purchaseNoticeEP>
