<?xml version="1.0" encoding="UTF-8" standalone="yes"?>
<ns2:purchaseNoticeEP xsi:schemaLocation="http://zakupki.gov.ru/223/integration/schema/TFF-5.2 http://zakupki.gov.ru/223/integration/schema/TFF-5.2/purchase.xsd" xmlns="http://zakupki.gov.ru/223fz/types/1" xmlns:ns10="http://zakupki.gov.ru/223fz/purchasePlan/1" xmlns:ns11="http://zakupki.gov.ru/223fz/purchasePlanProject/1" xmlns:ns12="http://zakupki.gov.ru/223fz/purchasePlanProjectAdditionalPosition/1" xmlns:ns13="http://zakupki.gov.ru/223fz/contract/1" xmlns:ns14="http://zakupki.gov.ru/223fz/missedNotice/1" xmlns:ns15="http://zakupki.gov.ru/223fz/reference/1" xmlns:ns16="http://zakupki.gov.ru/223fz/stopCommodity/1" xmlns:ns17="http://zakupki.gov.ru/223fz/decisionSuspension/1" xmlns:ns18="http://zakupki.gov.ru/223fz/purchasePlanAdditionalPosition/1" xmlns:ns19="http://zakupki.gov.ru/223fz/webRequest/1" xmlns:ns2="http://zakupki.gov.ru/223fz/purchase/1" xmlns:xsi="http://www.w3.org/2001/XMLSchema-instance" xmlns:ns3="http://zakupki.gov.ru/223fz/dishonestSupplier/1" xmlns:ns4="http://zakupki.gov.ru/223fz/machineryListInfo/1" xmlns:ns5="http://zakupki.gov.ru/223fz/revenue/1" xmlns:ns6="http://zakupki.gov.ru/223fz/orderClauseList/1" xmlns:ns7="http://zakupki.gov.ru/223fz/disagreementProtocol/1" xmlns:ns8="http://zakupki.gov.ru/223fz/complaint/1" xmlns:ns9="http://zakupki.gov.ru/223fz/notificationIssue/1">
    <header>
        <guid>3a0c220b-651f-407c-8361-2f6b0a65a1d9</guid>
        <createDateTime>2017-03-16T16:24:04</createDateTime>
    </header>
    <ns2:body>
        <ns2:item>
            <guid>b979a578-ba54-43f6-83cb-b1b1b9e862fb</guid>
            <ns2:purchaseNoticeEPData>
                <ns2:guid>b979a578-ba54-43f6-83cb-b1b1b9e862fb</ns2:guid>
                <ns2:createDateTime>2017-03-16T16:12:58</ns2:createDateTime>
                <ns2:urlOOS>https://zakupki.gov.ru/223/purchase/private/purchase/notice-info/details.html?noticeInfoId=5887352</ns2:urlOOS>
                <ns2:registrationNumber>31704899160</ns2:registrationNumber>
                <ns2:name>Оказание услуг по командированию сотрудников(авиа и ж/д перевозка) </ns2:name>
                <ns2:customer>
                    <mainInfo>
                        <fullName>Государственное унитарное предприятие города Москвы "Московский центр международного сотрудничества"</fullName>
                        <shortName>ГУП "МЦМС"</shortName>
                        <iko>57704243852770101001</iko>
                        <inn>7704243852</inn>
                        <kpp>770101001</kpp>
                        <ogrn>1027704002468</ogrn>
                        <legalAddress>105005, Москва, Бауманская, дом 68/8, корпус СТР.1</legalAddress>
                        <postalAddress>105005, Москва г., Бауманская ул., дом 68/8, строение 1</postalAddress>
                        <phone>7-499-2655243</phone>
                        <fax>7-499-2655243</fax>
                        <email>admin@mcms.ru</email>
                        <okato>45286555000</okato>
                        <okpo>58738561</okpo>
                    </mainInfo>
                </ns2:customer>
                <ns2:purchaseMethodCode>3363</ns2:purchaseMethodCode>
                <ns2:purchaseCodeName>Закупка у единственного поставщика (исполнителя, подрядчика)</ns2:purchaseCodeName>
                <ns2:placer>
                    <mainInfo>
                        <fullName>Государственное унитарное предприятие города Москвы "Московский центр международного сотрудничества"</fullName>
                        <shortName>ГУП "МЦМС"</shortName>
                        <iko>57704243852770101001</iko>
                        <inn>7704243852</inn>
                        <kpp>770101001</kpp>
                        <ogrn>1027704002468</ogrn>
                        <legalAddress>105005, Москва, Бауманская, дом 68/8, корпус СТР.1</legalAddress>
                        <postalAddress>105005, Москва г., Бауманская ул., дом 68/8, строение 1</postalAddress>
                        <phone>7-499-2655243</phone>
                        <fax>7-499-2655243</fax>
                        <email>admin@mcms.ru</email>
                        <okato>45286555000</okato>
                        <okpo>58738561</okpo>
                    </mainInfo>
                </ns2:placer>
                <ns2:contact>
                    <phone>+7 (499) 2655243</phone>
                    <email>askme@mcms.ru</email>
                    <organization>
                        <mainInfo>
                            <fullName>Государственное унитарное предприятие города Москвы "Московский центр международного сотрудничества"</fullName>
                            <shortName>ГУП "МЦМС"</shortName>
                            <iko>57704243852770101001</iko>
                            <inn>7704243852</inn>
                            <kpp>770101001</kpp>
                            <ogrn>1027704002468</ogrn>
                            <legalAddress>105005, Москва, Бауманская, дом 68/8, корпус СТР.1</legalAddress>
                            <postalAddress>105005, Москва г., Бауманская ул., дом 68/8, строение 1</postalAddress>
                            <phone>7-499-2655243</phone>
                            <fax>7-499-2655243</fax>
                            <email>admin@mcms.ru</email>
                            <okato>45286555000</okato>
                            <okpo>58738561</okpo>
                        </mainInfo>
                    </organization>
                </ns2:contact>
                <ns2:publicationDateTime>2017-03-16T16:24:04</ns2:publicationDateTime>
                <ns2:documentationDelivery/>
                <ns2:status>P</ns2:status>
                <ns2:version>1</ns2:version>
                <ns2:notDishonest>false</ns2:notDishonest>
                <ns2:attachments>
                    <totalDocumentsCount>1</totalDocumentsCount>
                    <document>
                        <guid>35b23991-64c5-4d7f-8000-32020396e816</guid>
                        <createDateTime>2017-03-16T16:14:17</createDateTime>
                        <fileName>Информация.pdf</fileName>
                        <description>Информация</description>
                        <url>http://zakupki.gov.ru/223/purchase/public/download/download.html?id=30116037</url>
                    </document>
                </ns2:attachments>
                <ns2:modificationDate>2017-03-16T16:24:04</ns2:modificationDate>
                <ns2:saveUserId>251338</ns2:saveUserId>
                <ns2:deliveryPlaceIndication>SINGLE_PLACE</ns2:deliveryPlaceIndication>
                <ns2:emergency>false</ns2:emergency>
                <ns2:jointPurchase>false</ns2:jointPurchase>
                <ns2:lots>
                    <lot>
                        <guid>84576229-b596-40a5-ad99-3318e1d7952c</guid>
                        <ordinalNumber>1</ordinalNumber>
                        <lotEditEnabled>false</lotEditEnabled>
                        <lotData>
                            <subject>Оказание услуг по командированию сотрудников(авиа и ж/д перевозка)</subject>
                            <currency>
                                <code>RUB</code>
                                <digitalCode>643</digitalCode>
                                <name>Российский рубль</name>
                            </currency>
                            <initialSum>112673.00</initialSum>
                            <deliveryPlace>
                                <state>Центральный федеральный округ</state>
                                <region>Москва</region>
                                <regionOkato>45000000000</regionOkato>
                                <address>105005, г. Москва, ул. Бауманская, 68/8, стр.1</address>
                            </deliveryPlace>
                            <lotItems>
                                <newCodes>true</newCodes>
                                <lotItem>
                                    <guid>286dfe75-bd25-462f-b1cc-434590ca9d46</guid>
                                    <ordinalNumber>1</ordinalNumber>
                                    <okpd2>
                                        <code>79.90.39.110</code>
                                        <name>Услуги по бронированию билетов на культурно-развлекательные мероприятия</name>
                                    </okpd2>
                                    <okved2>
                                        <code>79.90.3</code>
                                        <name>Деятельность по предоставлению туристических услуг, связанных с бронированием</name>
                                    </okved2>
                                    <okei>
                                        <code>876</code>
                                        <name>Условная единица</name>
                                    </okei>
                                    <qty>1</qty>
                                </lotItem>
                            </lotItems>
                            <forSmallOrMiddle>false</forSmallOrMiddle>
                            <excludePurchaseFromPlan>false</excludePurchaseFromPlan>
                            <subcontractorsRequirement>false</subcontractorsRequirement>
                            <ignoredPurchase>false</ignoredPurchase>
                            <centralized>false</centralized>
                        </lotData>
                        <deliveryPlaceIndication>GL</deliveryPlaceIndication>
                        <jointLotData>
                            <jointLot>false</jointLot>
                        </jointLotData>
                        <lotPlanInfo>
                            <planRegistrationNumber>2170226515</planRegistrationNumber>
                            <planGuid>e6089d1b-f8a5-418f-a791-17f5aec9124a</planGuid>
                            <positionNumber>78</positionNumber>
                            <lotPlanPosition>COMMODITY</lotPlanPosition>
                            <positionGuid>6763b9c7-6bcc-4595-a79f-d6f17567c47c</positionGuid>
                        </lotPlanInfo>
                        <cancelled>false</cancelled>
                    </lot>
                </ns2:lots>
            </ns2:purchaseNoticeEPData>
        </ns2:item>
    </ns2:body>
</ns2:purchaseNoticeEP>
