<?xml version="1.0" encoding="UTF-8" standalone="yes"?>
<ns2:purchaseNoticeEP xsi:schemaLocation="http://zakupki.gov.ru/223/integration/schema/TFF-5.2 http://zakupki.gov.ru/223/integration/schema/TFF-5.2/purchase.xsd" xmlns="http://zakupki.gov.ru/223fz/types/1" xmlns:ns10="http://zakupki.gov.ru/223fz/purchasePlan/1" xmlns:ns11="http://zakupki.gov.ru/223fz/purchasePlanProject/1" xmlns:ns12="http://zakupki.gov.ru/223fz/purchasePlanProjectAdditionalPosition/1" xmlns:ns13="http://zakupki.gov.ru/223fz/contract/1" xmlns:ns14="http://zakupki.gov.ru/223fz/missedNotice/1" xmlns:ns15="http://zakupki.gov.ru/223fz/reference/1" xmlns:ns16="http://zakupki.gov.ru/223fz/stopCommodity/1" xmlns:ns17="http://zakupki.gov.ru/223fz/decisionSuspension/1" xmlns:ns18="http://zakupki.gov.ru/223fz/purchasePlanAdditionalPosition/1" xmlns:ns19="http://zakupki.gov.ru/223fz/webRequest/1" xmlns:ns2="http://zakupki.gov.ru/223fz/purchase/1" xmlns:xsi="http://www.w3.org/2001/XMLSchema-instance" xmlns:ns3="http://zakupki.gov.ru/223fz/dishonestSupplier/1" xmlns:ns4="http://zakupki.gov.ru/223fz/machineryListInfo/1" xmlns:ns5="http://zakupki.gov.ru/223fz/revenue/1" xmlns:ns6="http://zakupki.gov.ru/223fz/orderClauseList/1" xmlns:ns7="http://zakupki.gov.ru/223fz/disagreementProtocol/1" xmlns:ns8="http://zakupki.gov.ru/223fz/complaint/1" xmlns:ns9="http://zakupki.gov.ru/223fz/notificationIssue/1">
    <header>
        <guid>dba0fffb-770b-40c4-8dbd-58a54c632eea</guid>
        <createDateTime>2017-03-16T09:26:11</createDateTime>
    </header>
    <ns2:body>
        <ns2:item>
            <guid>5ed9a90f-9470-f542-f2cf-0cf2d36c9682</guid>
            <ns2:purchaseNoticeEPData>
                <ns2:guid>5ed9a90f-9470-f542-f2cf-0cf2d36c9682</ns2:guid>
                <ns2:createDateTime>2017-03-16T09:20:07</ns2:createDateTime>
                <ns2:urlOOS>https://zakupki.gov.ru/223/purchase/private/purchase/notice-info/details.html?noticeInfoId=5882690</ns2:urlOOS>
                <ns2:urlVSRZ>https://vtb.roseltorg.ru/#com/procedure/view/id/6320</ns2:urlVSRZ>
                <ns2:registrationNumber>31704895377</ns2:registrationNumber>
                <ns2:name>Получение (продление) годовой лицензии на ПО MaxPatrol</ns2:name>
                <ns2:customer>
                    <mainInfo>
                        <fullName>БАНК ВТБ 24 (ПУБЛИЧНОЕ АКЦИОНЕРНОЕ ОБЩЕСТВО)</fullName>
                        <shortName>ВТБ 24 (ПАО)</shortName>
                        <iko>77710353606775001001</iko>
                        <inn>7710353606</inn>
                        <kpp>775001001</kpp>
                        <ogrn>1027739207462</ogrn>
                        <legalAddress>000000, Г МОСКВА, УЛ МЯСНИЦКАЯ, дом 35</legalAddress>
                        <postalAddress>101000, Москва Город, Мясницкая Улица, дом 35</postalAddress>
                        <phone>7-495-9804633</phone>
                        <fax>7-495-9804866</fax>
                        <email>assist-Demenuk@vtb24.ru</email>
                        <okato>45286565000</okato>
                        <okpo>20606880</okpo>
                    </mainInfo>
                </ns2:customer>
                <ns2:purchaseMethodCode>3363</ns2:purchaseMethodCode>
                <ns2:purchaseCodeName>Закупка у единственного поставщика (исполнителя, подрядчика)</ns2:purchaseCodeName>
                <ns2:placer>
                    <mainInfo>
                        <fullName>БАНК ВТБ 24 (ПУБЛИЧНОЕ АКЦИОНЕРНОЕ ОБЩЕСТВО)</fullName>
                        <shortName>ВТБ 24 (ПАО)</shortName>
                        <iko>77710353606775001001</iko>
                        <inn>7710353606</inn>
                        <kpp>775001001</kpp>
                        <ogrn>1027739207462</ogrn>
                        <legalAddress>000000, Г МОСКВА, УЛ МЯСНИЦКАЯ, дом 35</legalAddress>
                        <postalAddress>101000, Москва Город, Мясницкая Улица, дом 35</postalAddress>
                        <phone>7-495-9804633</phone>
                        <fax>7-495-9804866</fax>
                        <email>assist-Demenuk@vtb24.ru</email>
                        <okato>45286565000</okato>
                        <okpo>20606880</okpo>
                    </mainInfo>
                </ns2:placer>
                <ns2:contact>
                    <lastName>Секретарь</lastName>
                    <phone>+7 (495) 9602424</phone>
                    <email>tendkom@vtb24.ru</email>
                    <organization>
                        <mainInfo>
                            <fullName>БАНК ВТБ 24 (ПУБЛИЧНОЕ АКЦИОНЕРНОЕ ОБЩЕСТВО)</fullName>
                            <shortName>ВТБ 24 (ПАО)</shortName>
                            <iko>77710353606775001001</iko>
                            <inn>7710353606</inn>
                            <kpp>775001001</kpp>
                            <ogrn>1027739207462</ogrn>
                            <legalAddress>000000, Г МОСКВА, УЛ МЯСНИЦКАЯ, дом 35</legalAddress>
                            <postalAddress>101000, Москва Город, Мясницкая Улица, дом 35</postalAddress>
                            <phone>7-495-9804633</phone>
                            <fax>7-495-9804866</fax>
                            <email>assist-Demenuk@vtb24.ru</email>
                            <okato>45286565000</okato>
                            <okpo>20606880</okpo>
                        </mainInfo>
                    </organization>
                </ns2:contact>
                <ns2:publicationDateTime>2017-03-16T09:26:11</ns2:publicationDateTime>
                <ns2:documentationDelivery>
                    <deliveryStartDateTime>2017-03-16</deliveryStartDateTime>
                    <deliveryEndDateTime>2017-03-16</deliveryEndDateTime>
                    <place>https://vtb.roseltorg.ru/</place>
                    <procedure>посредством размещения для скачивания и ознакомления</procedure>
                </ns2:documentationDelivery>
                <ns2:status>P</ns2:status>
                <ns2:version>1</ns2:version>
                <ns2:notDishonest>true</ns2:notDishonest>
                <ns2:attachments>
                    <totalDocumentsCount>2</totalDocumentsCount>
                    <document>
                        <guid>739a8d23-5fbd-4ef5-8663-a1c0e81c9545</guid>
                        <createDateTime>2017-03-16T09:14:36</createDateTime>
                        <fileName>ВТБ_24_СУБЛИЦЕНЗИОННЫЙ_ДОГОВОР_закупка_АРинтег_(003).docx</fileName>
                        <description>Договор</description>
                        <url>http://zakupki.gov.ru/223/purchase/public/download/download.html?id=30093073</url>
                    </document>
                    <document>
                        <guid>28123bd7-9948-eb4f-b937-c819e9cec875</guid>
                        <createDateTime>2017-03-16T09:14:27</createDateTime>
                        <fileName>Извещение.docx</fileName>
                        <description>Извещение</description>
                        <url>http://zakupki.gov.ru/223/purchase/public/download/download.html?id=30093071</url>
                    </document>
                </ns2:attachments>
                <ns2:modificationDate>2017-03-16T09:26:11</ns2:modificationDate>
                <ns2:saveUserId>49399</ns2:saveUserId>
                <ns2:deliveryPlaceIndication>DIFFERENT_PLACE</ns2:deliveryPlaceIndication>
                <ns2:emergency>false</ns2:emergency>
                <ns2:jointPurchase>false</ns2:jointPurchase>
                <ns2:lots>
                    <lot>
                        <guid>6350fdc7-d5c7-1071-73a3-dd62a0ce2e01</guid>
                        <ordinalNumber>1</ordinalNumber>
                        <lotEditEnabled>true</lotEditEnabled>
                        <lotData>
                            <subject>Получение (продление) годовой лицензии на ПО MaxPatrol</subject>
                            <currency>
                                <code>RUB</code>
                                <digitalCode>643</digitalCode>
                                <name>Российский рубль</name>
                            </currency>
                            <initialSum>3930816.00</initialSum>
                            <deliveryPlace>
                                <address>В соответствии с приложенной документацией</address>
                            </deliveryPlace>
                            <lotItems>
                                <newCodes>true</newCodes>
                                <lotItem>
                                    <guid>bbcb0f29-a310-ac7a-7c88-753dc7ccd6dd</guid>
                                    <ordinalNumber>1</ordinalNumber>
                                    <okpd2>
                                        <code>62.01</code>
                                        <name>Продукты программные и услуги по разработке и тестированию программного обеспечения</name>
                                    </okpd2>
                                    <okved2>
                                        <code>63</code>
                                        <name>Деятельность в области информационных технологий</name>
                                    </okved2>
                                    <okei>
                                        <code>876</code>
                                        <name>Условная единица</name>
                                    </okei>
                                    <qty>1</qty>
                                    <additionalInfo>Получение (продление) годовой лицензии на ПО MaxPatrol</additionalInfo>
                                </lotItem>
                            </lotItems>
                            <forSmallOrMiddle>true</forSmallOrMiddle>
                            <excludePurchaseFromPlan>false</excludePurchaseFromPlan>
                            <subcontractorsRequirement>false</subcontractorsRequirement>
                            <ignoredPurchase>false</ignoredPurchase>
                            <centralized>false</centralized>
                        </lotData>
                        <deliveryPlaceIndication>GL</deliveryPlaceIndication>
                        <jointLotData>
                            <jointLot>false</jointLot>
                        </jointLotData>
                        <lotPlanInfo>
                            <planRegistrationNumber>2160198755</planRegistrationNumber>
                            <planGuid>702ee62b-7f9c-027b-2445-46082863034d</planGuid>
                            <positionNumber>1032</positionNumber>
                            <lotPlanPosition>COMMODITY</lotPlanPosition>
                            <positionGuid>ddee232b-11d8-79f0-1f71-b74e06d1818c</positionGuid>
                        </lotPlanInfo>
                        <cancelled>false</cancelled>
                    </lot>
                </ns2:lots>
            </ns2:purchaseNoticeEPData>
        </ns2:item>
    </ns2:body>
</ns2:purchaseNoticeEP>
