<?xml version="1.0" encoding="UTF-8" standalone="yes"?>
<ns2:purchaseNoticeEP xsi:schemaLocation="http://zakupki.gov.ru/223/integration/schema/TFF-5.2 http://zakupki.gov.ru/223/integration/schema/TFF-5.2/purchase.xsd" xmlns="http://zakupki.gov.ru/223fz/types/1" xmlns:ns10="http://zakupki.gov.ru/223fz/purchasePlan/1" xmlns:ns11="http://zakupki.gov.ru/223fz/purchasePlanProject/1" xmlns:ns12="http://zakupki.gov.ru/223fz/purchasePlanProjectAdditionalPosition/1" xmlns:ns13="http://zakupki.gov.ru/223fz/contract/1" xmlns:ns14="http://zakupki.gov.ru/223fz/missedNotice/1" xmlns:ns15="http://zakupki.gov.ru/223fz/reference/1" xmlns:ns16="http://zakupki.gov.ru/223fz/stopCommodity/1" xmlns:ns17="http://zakupki.gov.ru/223fz/decisionSuspension/1" xmlns:ns18="http://zakupki.gov.ru/223fz/purchasePlanAdditionalPosition/1" xmlns:ns19="http://zakupki.gov.ru/223fz/webRequest/1" xmlns:ns2="http://zakupki.gov.ru/223fz/purchase/1" xmlns:xsi="http://www.w3.org/2001/XMLSchema-instance" xmlns:ns3="http://zakupki.gov.ru/223fz/dishonestSupplier/1" xmlns:ns4="http://zakupki.gov.ru/223fz/machineryListInfo/1" xmlns:ns5="http://zakupki.gov.ru/223fz/revenue/1" xmlns:ns6="http://zakupki.gov.ru/223fz/orderClauseList/1" xmlns:ns7="http://zakupki.gov.ru/223fz/disagreementProtocol/1" xmlns:ns8="http://zakupki.gov.ru/223fz/complaint/1" xmlns:ns9="http://zakupki.gov.ru/223fz/notificationIssue/1">
    <header>
        <guid>fb5bfa84-0159-4efe-a31c-d20806c3b119</guid>
        <createDateTime>2017-03-16T10:32:23</createDateTime>
    </header>
    <ns2:body>
        <ns2:item>
            <guid>48860820-d201-4cc6-b6b6-e245b7ed98e3</guid>
            <ns2:purchaseNoticeEPData>
                <ns2:guid>48860820-d201-4cc6-b6b6-e245b7ed98e3</ns2:guid>
                <ns2:createDateTime>2017-03-16T10:28:15</ns2:createDateTime>
                <ns2:urlOOS>https://zakupki.gov.ru/223/purchase/private/purchase/notice-info/details.html?noticeInfoId=5883449</ns2:urlOOS>
                <ns2:registrationNumber>31704895956</ns2:registrationNumber>
                <ns2:name>Разработка проекта оснащения Хабаровского УЦ ЕС ОрВД оборудованием широкозонной многопозиционной системы наблюдения (МПСН)</ns2:name>
                <ns2:customer>
                    <mainInfo>
                        <fullName>АКЦИОНЕРНОЕ ОБЩЕСТВО "НАУЧНО-ТЕХНИЧЕСКИЙ ЦЕНТР ПРОМЫШЛЕННЫХ ТЕХНОЛОГИЙ И АЭРОНАВИГАЦИОННЫХ СИСТЕМ"</fullName>
                        <shortName>АО "НТЦ ПРОМТЕХАЭРО"</shortName>
                        <iko>67709827690770901001</iko>
                        <inn>7709827690</inn>
                        <kpp>770901001</kpp>
                        <ogrn>1097746164119</ogrn>
                        <legalAddress>105120, Г МОСКВА, ПР СЫРОМЯТНИЧЕСКИЙ, дом 6, корпус 1</legalAddress>
                        <postalAddress>105120 г. Москва, Сыромятнический пр., д.6, кор.1</postalAddress>
                        <phone>7-495-9173743-117</phone>
                        <email>infontc@promtehaero.ru</email>
                        <okato>45286555000</okato>
                        <okpo>17658241</okpo>
                    </mainInfo>
                </ns2:customer>
                <ns2:purchaseMethodCode>3363</ns2:purchaseMethodCode>
                <ns2:purchaseCodeName>Закупка у единственного поставщика (исполнителя, подрядчика)</ns2:purchaseCodeName>
                <ns2:placer>
                    <mainInfo>
                        <fullName>АКЦИОНЕРНОЕ ОБЩЕСТВО "НАУЧНО-ТЕХНИЧЕСКИЙ ЦЕНТР ПРОМЫШЛЕННЫХ ТЕХНОЛОГИЙ И АЭРОНАВИГАЦИОННЫХ СИСТЕМ"</fullName>
                        <shortName>АО "НТЦ ПРОМТЕХАЭРО"</shortName>
                        <iko>67709827690770901001</iko>
                        <inn>7709827690</inn>
                        <kpp>770901001</kpp>
                        <ogrn>1097746164119</ogrn>
                        <legalAddress>105120, Г МОСКВА, ПР СЫРОМЯТНИЧЕСКИЙ, дом 6, корпус 1</legalAddress>
                        <postalAddress>105120 г. Москва, Сыромятнический пр., д.6, кор.1</postalAddress>
                        <phone>7-495-9173743-117</phone>
                        <email>infontc@promtehaero.ru</email>
                        <okato>45286555000</okato>
                        <okpo>17658241</okpo>
                    </mainInfo>
                </ns2:placer>
                <ns2:contact>
                    <firstName>Татьяна</firstName>
                    <middleName>Васильевна</middleName>
                    <lastName>Ведерникова</lastName>
                    <phone>+7 (495) 6470166, доб.: 649</phone>
                    <email>Vedernikova.T@promtehaero.ru</email>
                    <organization>
                        <mainInfo>
                            <fullName>АКЦИОНЕРНОЕ ОБЩЕСТВО "НАУЧНО-ТЕХНИЧЕСКИЙ ЦЕНТР ПРОМЫШЛЕННЫХ ТЕХНОЛОГИЙ И АЭРОНАВИГАЦИОННЫХ СИСТЕМ"</fullName>
                            <shortName>АО "НТЦ ПРОМТЕХАЭРО"</shortName>
                            <iko>67709827690770901001</iko>
                            <inn>7709827690</inn>
                            <kpp>770901001</kpp>
                            <ogrn>1097746164119</ogrn>
                            <legalAddress>105120, Г МОСКВА, ПР СЫРОМЯТНИЧЕСКИЙ, дом 6, корпус 1</legalAddress>
                            <postalAddress>105120 г. Москва, Сыромятнический пр., д.6, кор.1</postalAddress>
                            <phone>7-495-9173743-117</phone>
                            <email>infontc@promtehaero.ru</email>
                            <okato>45286555000</okato>
                            <okpo>17658241</okpo>
                        </mainInfo>
                    </organization>
                </ns2:contact>
                <ns2:publicationDateTime>2017-03-16T10:32:23</ns2:publicationDateTime>
                <ns2:documentationDelivery/>
                <ns2:status>P</ns2:status>
                <ns2:version>1</ns2:version>
                <ns2:notDishonest>false</ns2:notDishonest>
                <ns2:attachments>
                    <totalDocumentsCount>2</totalDocumentsCount>
                    <document>
                        <guid>e8aead55-8e00-4023-89ab-4f6f386b1bc7</guid>
                        <createDateTime>2017-03-16T10:29:48</createDateTime>
                        <fileName>Документация ед. поставщик.doc</fileName>
                        <description>Документация ед. поставщик</description>
                        <url>http://zakupki.gov.ru/223/purchase/public/download/download.html?id=30096821</url>
                    </document>
                    <document>
                        <guid>8e83d4d6-5d4b-418c-9d89-002f11448eb6</guid>
                        <createDateTime>2017-03-16T10:29:52</createDateTime>
                        <fileName>Хабаровск МПСН с ИТН фин.doc</fileName>
                        <description>Хабаровск МПСН с ИТН фин</description>
                        <url>http://zakupki.gov.ru/223/purchase/public/download/download.html?id=30096827</url>
                    </document>
                </ns2:attachments>
                <ns2:modificationDate>2017-03-16T10:32:23</ns2:modificationDate>
                <ns2:saveUserId>217517</ns2:saveUserId>
                <ns2:deliveryPlaceIndication>SINGLE_PLACE</ns2:deliveryPlaceIndication>
                <ns2:emergency>false</ns2:emergency>
                <ns2:jointPurchase>false</ns2:jointPurchase>
                <ns2:lots>
                    <lot>
                        <guid>1c6c6e46-e23c-4044-9cdf-a4a6a36c7de4</guid>
                        <ordinalNumber>1</ordinalNumber>
                        <lotEditEnabled>false</lotEditEnabled>
                        <lotData>
                            <subject>Разработка проекта оснащения Хабаровского УЦ ЕС ОрВД оборудованием широкозонной многопозиционной системы наблюдения (МПСН)</subject>
                            <currency>
                                <code>RUB</code>
                                <digitalCode>643</digitalCode>
                                <name>Российский рубль</name>
                            </currency>
                            <initialSum>29544992.00</initialSum>
                            <deliveryPlace>
                                <state>Дальневосточный федеральный округ</state>
                                <region>Хабаровский край</region>
                                <regionOkato>08000000000</regionOkato>
                                <address>г.Хабаровск</address>
                            </deliveryPlace>
                            <lotItems>
                                <newCodes>true</newCodes>
                                <lotItem>
                                    <guid>79062869-defc-477a-8582-b4b9e8dcd5fb</guid>
                                    <ordinalNumber>1</ordinalNumber>
                                    <okpd2>
                                        <code>71.12.19</code>
                                        <name>Услуги по инженерно-техническому проектированию прочих объектов</name>
                                    </okpd2>
                                    <okved2>
                                        <code>71.12</code>
                                        <name>Деятельность в области инженерных изысканий, инженерно-технического проектирования, управления проектами строительства, выполнения строительного контроля и авторского надзора, предоставление технических консультаций в этих областях</name>
                                    </okved2>
                                    <okei>
                                        <code>876</code>
                                        <name>Условная единица</name>
                                    </okei>
                                    <qty>1</qty>
                                </lotItem>
                            </lotItems>
                            <forSmallOrMiddle>false</forSmallOrMiddle>
                            <excludePurchaseFromPlan>false</excludePurchaseFromPlan>
                            <subcontractorsRequirement>false</subcontractorsRequirement>
                            <ignoredPurchase>false</ignoredPurchase>
                            <centralized>false</centralized>
                        </lotData>
                        <deliveryPlaceIndication>GL</deliveryPlaceIndication>
                        <jointLotData>
                            <jointLot>false</jointLot>
                        </jointLotData>
                        <lotPlanInfo>
                            <planRegistrationNumber>2160200590</planRegistrationNumber>
                            <planGuid>238a53a5-f535-4edd-ab3b-bec95e4cb513</planGuid>
                            <positionNumber>37</positionNumber>
                            <lotPlanPosition>COMMODITY</lotPlanPosition>
                            <positionGuid>951954f1-5f8f-4f89-aa29-679758969c03</positionGuid>
                        </lotPlanInfo>
                        <cancelled>false</cancelled>
                    </lot>
                </ns2:lots>
            </ns2:purchaseNoticeEPData>
        </ns2:item>
    </ns2:body>
</ns2:purchaseNoticeEP>
