<?xml version="1.0" encoding="UTF-8" standalone="yes"?>
<ns2:purchaseNoticeEP xsi:schemaLocation="http://zakupki.gov.ru/223/integration/schema/TFF-5.2 http://zakupki.gov.ru/223/integration/schema/TFF-5.2/purchase.xsd" xmlns="http://zakupki.gov.ru/223fz/types/1" xmlns:ns10="http://zakupki.gov.ru/223fz/purchasePlan/1" xmlns:ns11="http://zakupki.gov.ru/223fz/purchasePlanProject/1" xmlns:ns12="http://zakupki.gov.ru/223fz/purchasePlanProjectAdditionalPosition/1" xmlns:ns13="http://zakupki.gov.ru/223fz/contract/1" xmlns:ns14="http://zakupki.gov.ru/223fz/missedNotice/1" xmlns:ns15="http://zakupki.gov.ru/223fz/reference/1" xmlns:ns16="http://zakupki.gov.ru/223fz/stopCommodity/1" xmlns:ns17="http://zakupki.gov.ru/223fz/decisionSuspension/1" xmlns:ns18="http://zakupki.gov.ru/223fz/purchasePlanAdditionalPosition/1" xmlns:ns19="http://zakupki.gov.ru/223fz/webRequest/1" xmlns:ns2="http://zakupki.gov.ru/223fz/purchase/1" xmlns:xsi="http://www.w3.org/2001/XMLSchema-instance" xmlns:ns3="http://zakupki.gov.ru/223fz/dishonestSupplier/1" xmlns:ns4="http://zakupki.gov.ru/223fz/machineryListInfo/1" xmlns:ns5="http://zakupki.gov.ru/223fz/revenue/1" xmlns:ns6="http://zakupki.gov.ru/223fz/orderClauseList/1" xmlns:ns7="http://zakupki.gov.ru/223fz/disagreementProtocol/1" xmlns:ns8="http://zakupki.gov.ru/223fz/complaint/1" xmlns:ns9="http://zakupki.gov.ru/223fz/notificationIssue/1">
    <header>
        <guid>a886c5ae-db99-4cde-bd86-c54d71d5f0ed</guid>
        <createDateTime>2017-03-16T16:10:03</createDateTime>
    </header>
    <ns2:body>
        <ns2:item>
            <guid>8cbb8b3a-a94a-43cd-97bd-b06cbd6b9010</guid>
            <ns2:purchaseNoticeEPData>
                <ns2:guid>8cbb8b3a-a94a-43cd-97bd-b06cbd6b9010</ns2:guid>
                <ns2:createDateTime>2017-03-16T16:05:46</ns2:createDateTime>
                <ns2:urlOOS>https://zakupki.gov.ru/223/purchase/private/purchase/notice-info/details.html?noticeInfoId=5887262</ns2:urlOOS>
                <ns2:registrationNumber>31704899010</ns2:registrationNumber>
                <ns2:name>Поставка лекарственных средств</ns2:name>
                <ns2:customer>
                    <mainInfo>
                        <fullName>федеральное государственное бюджетное учреждение "Центральная клиническая больница с поликлиникой" Управления делами Президента Российской Федерации</fullName>
                        <shortName>ФГБУ "ЦКБ с поликлиникой"</shortName>
                        <iko>87731082971773101001</iko>
                        <inn>7731082971</inn>
                        <kpp>773101001</kpp>
                        <ogrn>1037700201131</ogrn>
                        <legalAddress>121359, Москва, ТИМОШЕНКО МАРШАЛА, дом 15</legalAddress>
                        <postalAddress>121359, г. Москва, ул. Маршала Тимошенко, д. 15</postalAddress>
                        <phone>7-495-5300167</phone>
                        <fax>7-495-4150394</fax>
                        <email>cchtorg@mail.ru</email>
                        <okato>45268562000</okato>
                        <okpo>01914647</okpo>
                    </mainInfo>
                </ns2:customer>
                <ns2:purchaseMethodCode>3363</ns2:purchaseMethodCode>
                <ns2:purchaseCodeName>Закупка у единственного поставщика (исполнителя, подрядчика)</ns2:purchaseCodeName>
                <ns2:placer>
                    <mainInfo>
                        <fullName>федеральное государственное бюджетное учреждение "Центральная клиническая больница с поликлиникой" Управления делами Президента Российской Федерации</fullName>
                        <shortName>ФГБУ "ЦКБ с поликлиникой"</shortName>
                        <iko>87731082971773101001</iko>
                        <inn>7731082971</inn>
                        <kpp>773101001</kpp>
                        <ogrn>1037700201131</ogrn>
                        <legalAddress>121359, Москва, ТИМОШЕНКО МАРШАЛА, дом 15</legalAddress>
                        <postalAddress>121359, г. Москва, ул. Маршала Тимошенко, д. 15</postalAddress>
                        <phone>7-495-5300167</phone>
                        <fax>7-495-4150394</fax>
                        <email>cchtorg@mail.ru</email>
                        <okato>45268562000</okato>
                        <okpo>01914647</okpo>
                    </mainInfo>
                </ns2:placer>
                <ns2:contact>
                    <firstName>Елена</firstName>
                    <middleName>Михайловна</middleName>
                    <lastName>Бизяева</lastName>
                    <phone>+7 (495) 5300479</phone>
                    <fax>+7 (495) 4150394</fax>
                    <email>cchtorg@mail.ru</email>
                    <organization>
                        <mainInfo>
                            <fullName>федеральное государственное бюджетное учреждение "Центральная клиническая больница с поликлиникой" Управления делами Президента Российской Федерации</fullName>
                            <shortName>ФГБУ "ЦКБ с поликлиникой"</shortName>
                            <iko>87731082971773101001</iko>
                            <inn>7731082971</inn>
                            <kpp>773101001</kpp>
                            <ogrn>1037700201131</ogrn>
                            <legalAddress>121359, Москва, ТИМОШЕНКО МАРШАЛА, дом 15</legalAddress>
                            <postalAddress>121359, г. Москва, ул. Маршала Тимошенко, д. 15</postalAddress>
                            <phone>7-495-5300167</phone>
                            <fax>7-495-4150394</fax>
                            <email>cchtorg@mail.ru</email>
                            <okato>45268562000</okato>
                            <okpo>01914647</okpo>
                        </mainInfo>
                    </organization>
                </ns2:contact>
                <ns2:publicationDateTime>2017-03-16T16:10:03</ns2:publicationDateTime>
                <ns2:documentationDelivery/>
                <ns2:status>P</ns2:status>
                <ns2:version>1</ns2:version>
                <ns2:notDishonest>false</ns2:notDishonest>
                <ns2:attachments>
                    <totalDocumentsCount>1</totalDocumentsCount>
                    <document>
                        <guid>465c52aa-4eee-40f9-a743-b4d4010c9c66</guid>
                        <createDateTime>2017-03-16T16:08:47</createDateTime>
                        <fileName>Документация о закупке у единственного поставщика.docx</fileName>
                        <description>Документация о закупке у единственного поставщика</description>
                        <url>http://zakupki.gov.ru/223/purchase/public/download/download.html?id=30115733</url>
                    </document>
                </ns2:attachments>
                <ns2:modificationDate>2017-03-16T16:10:03</ns2:modificationDate>
                <ns2:saveUserId>204430</ns2:saveUserId>
                <ns2:deliveryPlaceIndication>DIFFERENT_PLACE</ns2:deliveryPlaceIndication>
                <ns2:emergency>false</ns2:emergency>
                <ns2:jointPurchase>false</ns2:jointPurchase>
                <ns2:lots>
                    <lot>
                        <guid>acc9fb14-7250-4960-9c9a-f6ecf231c7bc</guid>
                        <ordinalNumber>1</ordinalNumber>
                        <lotEditEnabled>false</lotEditEnabled>
                        <lotData>
                            <subject>Поставка лекарственных средств</subject>
                            <currency>
                                <code>RUB</code>
                                <digitalCode>643</digitalCode>
                                <name>Российский рубль</name>
                            </currency>
                            <initialSum>496566.95</initialSum>
                            <deliveryPlace>
                                <state>Центральный федеральный округ</state>
                                <region>Москва</region>
                                <regionOkato>45000000000</regionOkato>
                                <address>Москва, ул. Маршала Тимошенко, д. 15</address>
                            </deliveryPlace>
                            <lotItems>
                                <newCodes>true</newCodes>
                                <lotItem>
                                    <guid>df5ed6a5-82d9-4ccd-9662-1f3bfc6ff5e5</guid>
                                    <ordinalNumber>1</ordinalNumber>
                                    <okpd2>
                                        <code>21.20.10.211</code>
                                        <name>Препараты противоопухолевые</name>
                                    </okpd2>
                                    <okved2>
                                        <code>21.20.1</code>
                                        <name>Производство лекарственных препаратов</name>
                                    </okved2>
                                    <okei>
                                        <code>778</code>
                                        <name>Упаковка</name>
                                    </okei>
                                    <qty>260</qty>
                                </lotItem>
                            </lotItems>
                            <forSmallOrMiddle>false</forSmallOrMiddle>
                            <excludePurchaseFromPlan>false</excludePurchaseFromPlan>
                            <subcontractorsRequirement>false</subcontractorsRequirement>
                            <ignoredPurchase>false</ignoredPurchase>
                            <centralized>false</centralized>
                        </lotData>
                        <deliveryPlaceIndication>GL</deliveryPlaceIndication>
                        <jointLotData>
                            <jointLot>false</jointLot>
                        </jointLotData>
                        <lotPlanInfo>
                            <planRegistrationNumber>2160198717</planRegistrationNumber>
                            <planGuid>17088bbb-a1c4-40ad-83f1-9f1e9e17c951</planGuid>
                            <positionNumber>109</positionNumber>
                            <lotPlanPosition>COMMODITY</lotPlanPosition>
                            <positionGuid>559ddac7-87e0-4042-82c2-e30959cc3f87</positionGuid>
                        </lotPlanInfo>
                        <cancelled>false</cancelled>
                    </lot>
                </ns2:lots>
            </ns2:purchaseNoticeEPData>
        </ns2:item>
    </ns2:body>
</ns2:purchaseNoticeEP>
