<?xml version="1.0" encoding="UTF-8" standalone="yes"?>
<ns2:purchaseNoticeEP xsi:schemaLocation="http://zakupki.gov.ru/223/integration/schema/TFF-5.2 http://zakupki.gov.ru/223/integration/schema/TFF-5.2/purchase.xsd" xmlns="http://zakupki.gov.ru/223fz/types/1" xmlns:ns10="http://zakupki.gov.ru/223fz/purchasePlan/1" xmlns:ns11="http://zakupki.gov.ru/223fz/purchasePlanProject/1" xmlns:ns12="http://zakupki.gov.ru/223fz/purchasePlanProjectAdditionalPosition/1" xmlns:ns13="http://zakupki.gov.ru/223fz/contract/1" xmlns:ns14="http://zakupki.gov.ru/223fz/missedNotice/1" xmlns:ns15="http://zakupki.gov.ru/223fz/reference/1" xmlns:ns16="http://zakupki.gov.ru/223fz/stopCommodity/1" xmlns:ns17="http://zakupki.gov.ru/223fz/decisionSuspension/1" xmlns:ns18="http://zakupki.gov.ru/223fz/purchasePlanAdditionalPosition/1" xmlns:ns19="http://zakupki.gov.ru/223fz/webRequest/1" xmlns:ns2="http://zakupki.gov.ru/223fz/purchase/1" xmlns:xsi="http://www.w3.org/2001/XMLSchema-instance" xmlns:ns3="http://zakupki.gov.ru/223fz/dishonestSupplier/1" xmlns:ns4="http://zakupki.gov.ru/223fz/machineryListInfo/1" xmlns:ns5="http://zakupki.gov.ru/223fz/revenue/1" xmlns:ns6="http://zakupki.gov.ru/223fz/orderClauseList/1" xmlns:ns7="http://zakupki.gov.ru/223fz/disagreementProtocol/1" xmlns:ns8="http://zakupki.gov.ru/223fz/complaint/1" xmlns:ns9="http://zakupki.gov.ru/223fz/notificationIssue/1">
    <header>
        <guid>c6b6909e-2df4-47ad-aaef-6f60ce079a2d</guid>
        <createDateTime>2017-03-16T10:19:59</createDateTime>
    </header>
    <ns2:body>
        <ns2:item>
            <guid>d6cc5212-f710-453e-a465-9164b3316197</guid>
            <ns2:purchaseNoticeEPData>
                <ns2:guid>d6cc5212-f710-453e-a465-9164b3316197</ns2:guid>
                <ns2:createDateTime>2017-03-16T10:15:02</ns2:createDateTime>
                <ns2:urlOOS>https://zakupki.gov.ru/223/purchase/private/purchase/notice-info/details.html?noticeInfoId=5883272</ns2:urlOOS>
                <ns2:registrationNumber>31704895820</ns2:registrationNumber>
                <ns2:name>Организация участия в конференции «ITW 2017» для нужд АО «Компания ТрансТелеКом»
</ns2:name>
                <ns2:customer>
                    <mainInfo>
                        <fullName>АКЦИОНЕРНОЕ ОБЩЕСТВО "КОМПАНИЯ ТРАНСТЕЛЕКОМ"</fullName>
                        <shortName>АО "КОМПАНИЯ ТРАНСТЕЛЕКОМ"</shortName>
                        <iko>67709219099770301001</iko>
                        <inn>7709219099</inn>
                        <kpp>770301001</kpp>
                        <ogrn>1027739598248</ogrn>
                        <legalAddress>123317, Г МОСКВА, УЛ ТЕСТОВСКАЯ, дом 8</legalAddress>
                        <postalAddress>123317, Москва, Тестовская, дом 8</postalAddress>
                        <phone>7-495-7846670</phone>
                        <email>DirKSP_contracts@ttk.ru</email>
                        <okato>45286575000</okato>
                        <okpo>45922381</okpo>
                    </mainInfo>
                </ns2:customer>
                <ns2:purchaseMethodCode>3363</ns2:purchaseMethodCode>
                <ns2:purchaseCodeName>Закупка у единственного поставщика (исполнителя, подрядчика)</ns2:purchaseCodeName>
                <ns2:placer>
                    <mainInfo>
                        <fullName>АКЦИОНЕРНОЕ ОБЩЕСТВО "КОМПАНИЯ ТРАНСТЕЛЕКОМ"</fullName>
                        <shortName>АО "КОМПАНИЯ ТРАНСТЕЛЕКОМ"</shortName>
                        <iko>67709219099770301001</iko>
                        <inn>7709219099</inn>
                        <kpp>770301001</kpp>
                        <ogrn>1027739598248</ogrn>
                        <legalAddress>123317, Г МОСКВА, УЛ ТЕСТОВСКАЯ, дом 8</legalAddress>
                        <postalAddress>123317, Москва, Тестовская, дом 8</postalAddress>
                        <phone>7-495-7846670</phone>
                        <email>DirKSP_contracts@ttk.ru</email>
                        <okato>45286575000</okato>
                        <okpo>45922381</okpo>
                    </mainInfo>
                </ns2:placer>
                <ns2:contact>
                    <phone>+7 (495) 7846670</phone>
                    <email>info@ttk.ru</email>
                    <organization>
                        <mainInfo>
                            <fullName>АКЦИОНЕРНОЕ ОБЩЕСТВО "КОМПАНИЯ ТРАНСТЕЛЕКОМ"</fullName>
                            <shortName>АО "КОМПАНИЯ ТРАНСТЕЛЕКОМ"</shortName>
                            <iko>67709219099770301001</iko>
                            <inn>7709219099</inn>
                            <kpp>770301001</kpp>
                            <ogrn>1027739598248</ogrn>
                            <legalAddress>123317, Г МОСКВА, УЛ ТЕСТОВСКАЯ, дом 8</legalAddress>
                            <postalAddress>123317, Москва, Тестовская, дом 8</postalAddress>
                            <phone>7-495-7846670</phone>
                            <email>DirKSP_contracts@ttk.ru</email>
                            <okato>45286575000</okato>
                            <okpo>45922381</okpo>
                        </mainInfo>
                    </organization>
                </ns2:contact>
                <ns2:publicationDateTime>2017-03-16T10:19:59</ns2:publicationDateTime>
                <ns2:documentationDelivery>
                    <place>Документация размещена в единой информационной системе в сфере закупок.
В случае возникновения технических и иных неполадок при работе единой информационной системы, блокирующих доступ к единой информационной системе в течение более чем одного рабочего дня, информация, подлежащая размещению в единой информационной системе размещается на сайте www.rzd.ru (раздел «Тендеры») с последующим размещением такой информации в единой информационной системе в сфере закупок в течение одного рабочего дня со дня устранения технических или иных неполадок, блокирующих доступ к единой информационной системе в сфере закупок, и считается размещенной в установленном порядке.
</place>
                    <procedure>Плата за предоставление документации не взимается.
Документация доступна для ознакомления на перечисленных сайтах с момента ее опубликования без ограничений.
</procedure>
                </ns2:documentationDelivery>
                <ns2:status>P</ns2:status>
                <ns2:version>1</ns2:version>
                <ns2:notDishonest>false</ns2:notDishonest>
                <ns2:attachments>
                    <totalDocumentsCount>3</totalDocumentsCount>
                    <document>
                        <guid>d331faaf-5f8b-4b59-905e-e7e5bcaa4a97</guid>
                        <createDateTime>2017-03-16T10:18:53</createDateTime>
                        <fileName>Извещение.doc</fileName>
                        <description>Извещение</description>
                        <url>http://zakupki.gov.ru/223/purchase/public/download/download.html?id=30096161</url>
                    </document>
                    <document>
                        <guid>ff4ff9bc-2363-4a03-9ec8-e8953f9ae66d</guid>
                        <createDateTime>2017-03-16T10:18:57</createDateTime>
                        <fileName>Документация.doc</fileName>
                        <description>Документация</description>
                        <url>http://zakupki.gov.ru/223/purchase/public/download/download.html?id=30096165</url>
                    </document>
                    <document>
                        <guid>28cdf20c-3efe-418b-aacd-56e2b5e54274</guid>
                        <createDateTime>2017-03-16T10:19:23</createDateTime>
                        <fileName>Проект договора.pdf</fileName>
                        <description>Проект договора</description>
                        <url>http://zakupki.gov.ru/223/purchase/public/download/download.html?id=30096185</url>
                    </document>
                </ns2:attachments>
                <ns2:modificationDate>2017-03-16T10:19:59</ns2:modificationDate>
                <ns2:saveUserId>190075</ns2:saveUserId>
                <ns2:deliveryPlaceIndication>DIFFERENT_PLACE</ns2:deliveryPlaceIndication>
                <ns2:emergency>false</ns2:emergency>
                <ns2:jointPurchase>false</ns2:jointPurchase>
                <ns2:lots>
                    <lot>
                        <guid>50991e80-03de-4d16-9d59-61c44264528f</guid>
                        <ordinalNumber>1</ordinalNumber>
                        <lotEditEnabled>false</lotEditEnabled>
                        <lotData>
                            <subject>Оказание услуг по организации участия в конференции "ITW 2017" для нужд АО "Компания ТрансТелеКом"</subject>
                            <currency>
                                <code>RUB</code>
                                <digitalCode>643</digitalCode>
                                <name>Российский рубль</name>
                            </currency>
                            <initialSum>560000.00</initialSum>
                            <deliveryPlace>
                                <state>Центральный федеральный округ</state>
                                <region>Москва</region>
                                <regionOkato>45000000000</regionOkato>
                                <address>США</address>
                            </deliveryPlace>
                            <lotItems>
                                <newCodes>true</newCodes>
                                <lotItem>
                                    <guid>a4720887-6f53-4bd0-88d3-235330846b9f</guid>
                                    <ordinalNumber>1</ordinalNumber>
                                    <okpd2>
                                        <code>74</code>
                                        <name>Услуги профессиональные, научные и технические, прочие</name>
                                    </okpd2>
                                    <okved2>
                                        <code>74</code>
                                        <name>Деятельность профессиональная научная и техническая прочая</name>
                                    </okved2>
                                    <additionalInfo>В связи с отсутствием технической возможности при формировании строки плана закупок указать город поставки, указан только г. Москва. Фактический регион поставки: США</additionalInfo>
                                </lotItem>
                            </lotItems>
                            <forSmallOrMiddle>false</forSmallOrMiddle>
                            <excludePurchaseFromPlan>false</excludePurchaseFromPlan>
                            <subcontractorsRequirement>false</subcontractorsRequirement>
                            <ignoredPurchase>false</ignoredPurchase>
                            <centralized>false</centralized>
                        </lotData>
                        <deliveryPlaceIndication>GL</deliveryPlaceIndication>
                        <jointLotData>
                            <jointLot>false</jointLot>
                        </jointLotData>
                        <lotPlanInfo>
                            <planRegistrationNumber>2160215434</planRegistrationNumber>
                            <planGuid>a383a7cc-d7ed-418f-8d6e-8d107eab9a94</planGuid>
                            <positionNumber>357</positionNumber>
                            <lotPlanPosition>COMMODITY</lotPlanPosition>
                            <positionGuid>c8c3f2a8-a47a-4b2c-a48c-9032fcdc2b2e</positionGuid>
                        </lotPlanInfo>
                        <cancelled>false</cancelled>
                    </lot>
                </ns2:lots>
            </ns2:purchaseNoticeEPData>
        </ns2:item>
    </ns2:body>
</ns2:purchaseNoticeEP>
