<?xml version="1.0" encoding="UTF-8" standalone="yes"?>
<ns2:purchaseNoticeEP xsi:schemaLocation="http://zakupki.gov.ru/223/integration/schema/TFF-5.2 http://zakupki.gov.ru/223/integration/schema/TFF-5.2/purchase.xsd" xmlns="http://zakupki.gov.ru/223fz/types/1" xmlns:ns10="http://zakupki.gov.ru/223fz/purchasePlan/1" xmlns:ns11="http://zakupki.gov.ru/223fz/purchasePlanProject/1" xmlns:ns12="http://zakupki.gov.ru/223fz/purchasePlanProjectAdditionalPosition/1" xmlns:ns13="http://zakupki.gov.ru/223fz/contract/1" xmlns:ns14="http://zakupki.gov.ru/223fz/missedNotice/1" xmlns:ns15="http://zakupki.gov.ru/223fz/reference/1" xmlns:ns16="http://zakupki.gov.ru/223fz/stopCommodity/1" xmlns:ns17="http://zakupki.gov.ru/223fz/decisionSuspension/1" xmlns:ns18="http://zakupki.gov.ru/223fz/purchasePlanAdditionalPosition/1" xmlns:ns19="http://zakupki.gov.ru/223fz/webRequest/1" xmlns:ns2="http://zakupki.gov.ru/223fz/purchase/1" xmlns:xsi="http://www.w3.org/2001/XMLSchema-instance" xmlns:ns3="http://zakupki.gov.ru/223fz/dishonestSupplier/1" xmlns:ns4="http://zakupki.gov.ru/223fz/machineryListInfo/1" xmlns:ns5="http://zakupki.gov.ru/223fz/revenue/1" xmlns:ns6="http://zakupki.gov.ru/223fz/orderClauseList/1" xmlns:ns7="http://zakupki.gov.ru/223fz/disagreementProtocol/1" xmlns:ns8="http://zakupki.gov.ru/223fz/complaint/1" xmlns:ns9="http://zakupki.gov.ru/223fz/notificationIssue/1">
    <header>
        <guid>8ad28b2d-c1ec-48a3-93b6-4b8794702f3d</guid>
        <createDateTime>2017-03-16T12:05:16</createDateTime>
    </header>
    <ns2:body>
        <ns2:item>
            <guid>823e15c3-1e96-4f8b-b618-bf2a1c5ac32b</guid>
            <ns2:purchaseNoticeEPData>
                <ns2:guid>823e15c3-1e96-4f8b-b618-bf2a1c5ac32b</ns2:guid>
                <ns2:createDateTime>2017-03-16T11:43:21</ns2:createDateTime>
                <ns2:urlOOS>https://zakupki.gov.ru/223/purchase/private/purchase/notice-info/details.html?noticeInfoId=5884303</ns2:urlOOS>
                <ns2:registrationNumber>31704896792</ns2:registrationNumber>
                <ns2:name>Ремонт помещений на 3-ем этаже здания КГФ по адресу: Москва, пр-т Вернадского, д.88 </ns2:name>
                <ns2:customer>
                    <mainInfo>
                        <fullName>ФЕДЕРАЛЬНОЕ ГОСУДАРСТВЕННОЕ БЮДЖЕТНОЕ ОБРАЗОВАТЕЛЬНОЕ УЧРЕЖДЕНИЕ ВЫСШЕГО ОБРАЗОВАНИЯ "МОСКОВСКИЙ ПЕДАГОГИЧЕСКИЙ ГОСУДАРСТВЕННЫЙ УНИВЕРСИТЕТ"</fullName>
                        <shortName>МОСКОВСКИЙ ПЕДАГОГИЧЕСКИЙ ГОСУДАРСТВЕННЫЙ УНИВЕРСИТЕТ ФГБОУ ВО "МПГУ" МПГУ</shortName>
                        <iko>57704077771770401001</iko>
                        <inn>7704077771</inn>
                        <kpp>770401001</kpp>
                        <ogrn>1027700215344</ogrn>
                        <legalAddress>119991, Г МОСКВА, УЛ ПИРОГОВСКАЯ М., дом 1, корпус СТР1</legalAddress>
                        <postalAddress>119435, Москва Город, Пироговская М. Улица, дом 1, строение 1</postalAddress>
                        <phone>8-499-2464108</phone>
                        <email>key@mpgu.edu</email>
                        <okato>45286590000</okato>
                        <okpo>02079566</okpo>
                    </mainInfo>
                </ns2:customer>
                <ns2:purchaseMethodCode>3363</ns2:purchaseMethodCode>
                <ns2:purchaseCodeName>Закупка у единственного поставщика (исполнителя, подрядчика)</ns2:purchaseCodeName>
                <ns2:placer>
                    <mainInfo>
                        <fullName>ФЕДЕРАЛЬНОЕ ГОСУДАРСТВЕННОЕ БЮДЖЕТНОЕ ОБРАЗОВАТЕЛЬНОЕ УЧРЕЖДЕНИЕ ВЫСШЕГО ОБРАЗОВАНИЯ "МОСКОВСКИЙ ПЕДАГОГИЧЕСКИЙ ГОСУДАРСТВЕННЫЙ УНИВЕРСИТЕТ"</fullName>
                        <shortName>МОСКОВСКИЙ ПЕДАГОГИЧЕСКИЙ ГОСУДАРСТВЕННЫЙ УНИВЕРСИТЕТ ФГБОУ ВО "МПГУ" МПГУ</shortName>
                        <iko>57704077771770401001</iko>
                        <inn>7704077771</inn>
                        <kpp>770401001</kpp>
                        <ogrn>1027700215344</ogrn>
                        <legalAddress>119991, Г МОСКВА, УЛ ПИРОГОВСКАЯ М., дом 1, корпус СТР1</legalAddress>
                        <postalAddress>119435, Москва Город, Пироговская М. Улица, дом 1, строение 1</postalAddress>
                        <phone>8-499-2464108</phone>
                        <email>key@mpgu.edu</email>
                        <okato>45286590000</okato>
                        <okpo>02079566</okpo>
                    </mainInfo>
                </ns2:placer>
                <ns2:contact>
                    <firstName>Э.</firstName>
                    <middleName>А.</middleName>
                    <lastName>Нисенбойм</lastName>
                    <phone>+8 (495) 4388444</phone>
                    <email>torgi-mpgu@mail.ru</email>
                    <organization>
                        <mainInfo>
                            <fullName>ФЕДЕРАЛЬНОЕ ГОСУДАРСТВЕННОЕ БЮДЖЕТНОЕ ОБРАЗОВАТЕЛЬНОЕ УЧРЕЖДЕНИЕ ВЫСШЕГО ОБРАЗОВАНИЯ "МОСКОВСКИЙ ПЕДАГОГИЧЕСКИЙ ГОСУДАРСТВЕННЫЙ УНИВЕРСИТЕТ"</fullName>
                            <shortName>МОСКОВСКИЙ ПЕДАГОГИЧЕСКИЙ ГОСУДАРСТВЕННЫЙ УНИВЕРСИТЕТ ФГБОУ ВО "МПГУ" МПГУ</shortName>
                            <iko>57704077771770401001</iko>
                            <inn>7704077771</inn>
                            <kpp>770401001</kpp>
                            <ogrn>1027700215344</ogrn>
                            <legalAddress>119991, Г МОСКВА, УЛ ПИРОГОВСКАЯ М., дом 1, корпус СТР1</legalAddress>
                            <postalAddress>119435, Москва Город, Пироговская М. Улица, дом 1, строение 1</postalAddress>
                            <phone>8-499-2464108</phone>
                            <email>key@mpgu.edu</email>
                            <okato>45286590000</okato>
                            <okpo>02079566</okpo>
                        </mainInfo>
                    </organization>
                </ns2:contact>
                <ns2:publicationDateTime>2017-03-16T12:05:16</ns2:publicationDateTime>
                <ns2:documentationDelivery/>
                <ns2:status>P</ns2:status>
                <ns2:version>1</ns2:version>
                <ns2:notDishonest>false</ns2:notDishonest>
                <ns2:attachments>
                    <totalDocumentsCount>1</totalDocumentsCount>
                    <document>
                        <guid>2f397fe6-ebae-4dc0-b1d9-9e05dc9ac498</guid>
                        <createDateTime>2017-03-16T12:04:39</createDateTime>
                        <fileName>ЕД ПОСТАВЩИК 223 ремонт помещений.doc</fileName>
                        <description>ЕД ПОСТАВЩИК 223 ремонт помещений</description>
                        <url>http://zakupki.gov.ru/223/purchase/public/download/download.html?id=30102027</url>
                    </document>
                </ns2:attachments>
                <ns2:modificationDate>2017-03-16T12:05:16</ns2:modificationDate>
                <ns2:saveUserId>223207</ns2:saveUserId>
                <ns2:deliveryPlaceIndication>DIFFERENT_PLACE</ns2:deliveryPlaceIndication>
                <ns2:emergency>false</ns2:emergency>
                <ns2:jointPurchase>false</ns2:jointPurchase>
                <ns2:lots>
                    <lot>
                        <guid>6b7501e6-6c84-4357-9039-b3e1c4431577</guid>
                        <ordinalNumber>1</ordinalNumber>
                        <lotEditEnabled>false</lotEditEnabled>
                        <lotData>
                            <subject>Ремонт помещений на 3-ем этаже здания КГФ по адресу: Москва, пр-т Вернадского, д.88</subject>
                            <currency>
                                <code>RUB</code>
                                <digitalCode>643</digitalCode>
                                <name>Российский рубль</name>
                            </currency>
                            <initialSum>222629.69</initialSum>
                            <deliveryPlace>
                                <state>Центральный федеральный округ</state>
                                <region>Москва</region>
                                <regionOkato>45000000000</regionOkato>
                                <address>В соответствии с проектом договора</address>
                            </deliveryPlace>
                            <lotItems>
                                <newCodes>true</newCodes>
                                <lotItem>
                                    <guid>5d5d2bf7-09eb-4031-97bb-f7c0e3a4fade</guid>
                                    <ordinalNumber>1</ordinalNumber>
                                    <okpd2>
                                        <code>43.34.10.110</code>
                                        <name>Работы малярные во внутренних помещениях зданий</name>
                                    </okpd2>
                                    <okved2>
                                        <code>43.3</code>
                                        <name>Работы строительные отделочные</name>
                                    </okved2>
                                    <okei>
                                        <code>839</code>
                                        <name>Комплект</name>
                                    </okei>
                                    <qty>1</qty>
                                </lotItem>
                            </lotItems>
                            <forSmallOrMiddle>false</forSmallOrMiddle>
                            <excludePurchaseFromPlan>false</excludePurchaseFromPlan>
                            <subcontractorsRequirement>false</subcontractorsRequirement>
                            <ignoredPurchase>false</ignoredPurchase>
                            <centralized>false</centralized>
                        </lotData>
                        <deliveryPlaceIndication>GL</deliveryPlaceIndication>
                        <jointLotData>
                            <jointLot>false</jointLot>
                        </jointLotData>
                        <lotPlanInfo>
                            <planRegistrationNumber>2170229543</planRegistrationNumber>
                            <planGuid>f3e03f9b-0397-40c5-bb08-bd89646f8ae3</planGuid>
                            <positionNumber>23</positionNumber>
                            <lotPlanPosition>COMMODITY</lotPlanPosition>
                            <positionGuid>1dfdc7f0-7507-499e-b9b2-97c4b01f2a21</positionGuid>
                        </lotPlanInfo>
                        <cancelled>false</cancelled>
                    </lot>
                </ns2:lots>
            </ns2:purchaseNoticeEPData>
        </ns2:item>
    </ns2:body>
</ns2:purchaseNoticeEP>
