<?xml version="1.0" encoding="UTF-8" standalone="yes"?>
<ns2:purchaseNoticeEP xsi:schemaLocation="http://zakupki.gov.ru/223/integration/schema/TFF-5.2 http://zakupki.gov.ru/223/integration/schema/TFF-5.2/purchase.xsd" xmlns="http://zakupki.gov.ru/223fz/types/1" xmlns:ns10="http://zakupki.gov.ru/223fz/purchasePlan/1" xmlns:ns11="http://zakupki.gov.ru/223fz/purchasePlanProject/1" xmlns:ns12="http://zakupki.gov.ru/223fz/purchasePlanProjectAdditionalPosition/1" xmlns:ns13="http://zakupki.gov.ru/223fz/contract/1" xmlns:ns14="http://zakupki.gov.ru/223fz/missedNotice/1" xmlns:ns15="http://zakupki.gov.ru/223fz/reference/1" xmlns:ns16="http://zakupki.gov.ru/223fz/stopCommodity/1" xmlns:ns17="http://zakupki.gov.ru/223fz/decisionSuspension/1" xmlns:ns18="http://zakupki.gov.ru/223fz/purchasePlanAdditionalPosition/1" xmlns:ns19="http://zakupki.gov.ru/223fz/webRequest/1" xmlns:ns2="http://zakupki.gov.ru/223fz/purchase/1" xmlns:xsi="http://www.w3.org/2001/XMLSchema-instance" xmlns:ns3="http://zakupki.gov.ru/223fz/dishonestSupplier/1" xmlns:ns4="http://zakupki.gov.ru/223fz/machineryListInfo/1" xmlns:ns5="http://zakupki.gov.ru/223fz/revenue/1" xmlns:ns6="http://zakupki.gov.ru/223fz/orderClauseList/1" xmlns:ns7="http://zakupki.gov.ru/223fz/disagreementProtocol/1" xmlns:ns8="http://zakupki.gov.ru/223fz/complaint/1" xmlns:ns9="http://zakupki.gov.ru/223fz/notificationIssue/1">
    <header>
        <guid>7d3f4b54-b632-4828-a80e-2b12a83aa282</guid>
        <createDateTime>2017-03-16T11:33:37</createDateTime>
    </header>
    <ns2:body>
        <ns2:item>
            <guid>4285f759-162f-4a44-b1df-60e4e187901f</guid>
            <ns2:purchaseNoticeEPData>
                <ns2:guid>4285f759-162f-4a44-b1df-60e4e187901f</ns2:guid>
                <ns2:createDateTime>2017-03-16T11:29:33</ns2:createDateTime>
                <ns2:urlOOS>https://zakupki.gov.ru/223/purchase/private/purchase/notice-info/details.html?noticeInfoId=5884139</ns2:urlOOS>
                <ns2:registrationNumber>31704896520</ns2:registrationNumber>
                <ns2:name>Оказание консультационных услуг</ns2:name>
                <ns2:customer>
                    <mainInfo>
                        <fullName>ОБЩЕСТВО С ОГРАНИЧЕННОЙ ОТВЕТСТВЕННОСТЬЮ "ИНВЕСТИЦИОННЫЙ КАПИТАЛ"</fullName>
                        <shortName>ООО "ИНВЕСТКАПИТАЛ"</shortName>
                        <iko>77717789938771701001</iko>
                        <inn>7717789938</inn>
                        <kpp>773001001</kpp>
                        <ogrn>1147746837446</ogrn>
                        <legalAddress>121096, Г МОСКВА, УЛ ВАСИЛИСЫ КОЖИНОЙ, дом ДОМ 1</legalAddress>
                        <postalAddress>121096, Г МОСКВА, УЛ ВАСИЛИСЫ КОЖИНОЙ, дом ДОМ 1</postalAddress>
                        <phone>+7(906)0332828</phone>
                        <email>investcapp@gmail.com</email>
                        <okato>45280572000</okato>
                        <okpo>33668813</okpo>
                    </mainInfo>
                </ns2:customer>
                <ns2:purchaseMethodCode>3363</ns2:purchaseMethodCode>
                <ns2:purchaseCodeName>Закупка у единственного поставщика (исполнителя, подрядчика)</ns2:purchaseCodeName>
                <ns2:placer>
                    <mainInfo>
                        <fullName>ОБЩЕСТВО С ОГРАНИЧЕННОЙ ОТВЕТСТВЕННОСТЬЮ "ИНВЕСТИЦИОННЫЙ КАПИТАЛ"</fullName>
                        <shortName>ООО "ИНВЕСТКАПИТАЛ"</shortName>
                        <iko>77717789938771701001</iko>
                        <inn>7717789938</inn>
                        <kpp>773001001</kpp>
                        <ogrn>1147746837446</ogrn>
                        <legalAddress>121096, Г МОСКВА, УЛ ВАСИЛИСЫ КОЖИНОЙ, дом ДОМ 1</legalAddress>
                        <postalAddress>121096, Г МОСКВА, УЛ ВАСИЛИСЫ КОЖИНОЙ, дом ДОМ 1</postalAddress>
                        <phone>+7(906)0332828</phone>
                        <email>investcapp@gmail.com</email>
                        <okato>45280572000</okato>
                        <okpo>33668813</okpo>
                    </mainInfo>
                </ns2:placer>
                <ns2:contact>
                    <phone>+7 (906) 0332828</phone>
                    <email>investcapp@gmail.com</email>
                    <organization>
                        <mainInfo>
                            <fullName>ОБЩЕСТВО С ОГРАНИЧЕННОЙ ОТВЕТСТВЕННОСТЬЮ "ИНВЕСТИЦИОННЫЙ КАПИТАЛ"</fullName>
                            <shortName>ООО "ИНВЕСТКАПИТАЛ"</shortName>
                            <iko>77717789938771701001</iko>
                            <inn>7717789938</inn>
                            <kpp>773001001</kpp>
                            <ogrn>1147746837446</ogrn>
                            <legalAddress>121096, Г МОСКВА, УЛ ВАСИЛИСЫ КОЖИНОЙ, дом ДОМ 1</legalAddress>
                            <postalAddress>121096, Г МОСКВА, УЛ ВАСИЛИСЫ КОЖИНОЙ, дом ДОМ 1</postalAddress>
                            <phone>+7(906)0332828</phone>
                            <email>investcapp@gmail.com</email>
                            <okato>45280572000</okato>
                            <okpo>33668813</okpo>
                        </mainInfo>
                    </organization>
                </ns2:contact>
                <ns2:publicationDateTime>2017-03-16T11:33:37</ns2:publicationDateTime>
                <ns2:documentationDelivery/>
                <ns2:status>P</ns2:status>
                <ns2:version>1</ns2:version>
                <ns2:notDishonest>false</ns2:notDishonest>
                <ns2:attachments>
                    <totalDocumentsCount>2</totalDocumentsCount>
                    <document>
                        <guid>ae6d7093-44bd-4507-b13a-18f7890050a5</guid>
                        <createDateTime>2017-03-16T11:31:48</createDateTime>
                        <fileName>Извещение.pdf</fileName>
                        <description>Извещение</description>
                        <url>http://zakupki.gov.ru/223/purchase/public/download/download.html?id=30100241</url>
                    </document>
                    <document>
                        <guid>11b48e29-c524-4e04-af56-69eec2109cc3</guid>
                        <createDateTime>2017-03-16T11:31:56</createDateTime>
                        <fileName>Документация.pdf</fileName>
                        <description>Документация</description>
                        <url>http://zakupki.gov.ru/223/purchase/public/download/download.html?id=30100250</url>
                    </document>
                </ns2:attachments>
                <ns2:modificationDate>2017-03-16T11:33:37</ns2:modificationDate>
                <ns2:saveUserId>224718</ns2:saveUserId>
                <ns2:deliveryPlaceIndication>SINGLE_PLACE</ns2:deliveryPlaceIndication>
                <ns2:emergency>false</ns2:emergency>
                <ns2:jointPurchase>false</ns2:jointPurchase>
                <ns2:lots>
                    <lot>
                        <guid>41a02955-4b04-4da7-95e1-eb856d802ca3</guid>
                        <ordinalNumber>1</ordinalNumber>
                        <lotEditEnabled>false</lotEditEnabled>
                        <lotData>
                            <subject>Оказание консультационных услуг</subject>
                            <currency>
                                <code>RUB</code>
                                <digitalCode>643</digitalCode>
                                <name>Российский рубль</name>
                            </currency>
                            <initialSum>2000000.00</initialSum>
                            <deliveryPlace>
                                <state>Центральный федеральный округ</state>
                                <region>Москва</region>
                                <regionOkato>45000000000</regionOkato>
                                <address>ул. Василисы Кожиной, д. 1</address>
                            </deliveryPlace>
                            <lotItems>
                                <newCodes>true</newCodes>
                                <lotItem>
                                    <guid>ff403acc-b051-42c4-847e-3cd3615a4522</guid>
                                    <ordinalNumber>1</ordinalNumber>
                                    <okpd2>
                                        <code>70.22.12</code>
                                        <name>Услуги консультативные по вопросам финансового управления (кроме вопросов корпоративного налогообложения)</name>
                                    </okpd2>
                                    <okved2>
                                        <code>70.22</code>
                                        <name>Консультирование по вопросам коммерческой деятельности и управления</name>
                                    </okved2>
                                    <okei>
                                        <code>362</code>
                                        <name>Месяц</name>
                                    </okei>
                                    <qty>13</qty>
                                </lotItem>
                            </lotItems>
                            <forSmallOrMiddle>false</forSmallOrMiddle>
                            <excludePurchaseFromPlan>false</excludePurchaseFromPlan>
                            <subcontractorsRequirement>false</subcontractorsRequirement>
                            <ignoredPurchase>false</ignoredPurchase>
                            <centralized>false</centralized>
                        </lotData>
                        <deliveryPlaceIndication>GL</deliveryPlaceIndication>
                        <jointLotData>
                            <jointLot>false</jointLot>
                        </jointLotData>
                        <lotPlanInfo>
                            <planRegistrationNumber>2160181276</planRegistrationNumber>
                            <planGuid>39a8d638-ab9c-48e1-9c52-6c747a3c8c3f</planGuid>
                            <positionNumber>16</positionNumber>
                            <lotPlanPosition>COMMODITY</lotPlanPosition>
                            <positionGuid>e57ca42d-2ea2-48d3-b41a-262b303c5e46</positionGuid>
                        </lotPlanInfo>
                        <cancelled>false</cancelled>
                    </lot>
                </ns2:lots>
            </ns2:purchaseNoticeEPData>
        </ns2:item>
    </ns2:body>
</ns2:purchaseNoticeEP>
