<?xml version="1.0" encoding="UTF-8" standalone="yes"?>
<ns2:purchaseNoticeEP xsi:schemaLocation="http://zakupki.gov.ru/223/integration/schema/TFF-5.2 http://zakupki.gov.ru/223/integration/schema/TFF-5.2/purchase.xsd" xmlns="http://zakupki.gov.ru/223fz/types/1" xmlns:ns10="http://zakupki.gov.ru/223fz/purchasePlan/1" xmlns:ns11="http://zakupki.gov.ru/223fz/purchasePlanProject/1" xmlns:ns12="http://zakupki.gov.ru/223fz/purchasePlanProjectAdditionalPosition/1" xmlns:ns13="http://zakupki.gov.ru/223fz/contract/1" xmlns:ns14="http://zakupki.gov.ru/223fz/missedNotice/1" xmlns:ns15="http://zakupki.gov.ru/223fz/reference/1" xmlns:ns16="http://zakupki.gov.ru/223fz/stopCommodity/1" xmlns:ns17="http://zakupki.gov.ru/223fz/decisionSuspension/1" xmlns:ns18="http://zakupki.gov.ru/223fz/purchasePlanAdditionalPosition/1" xmlns:ns19="http://zakupki.gov.ru/223fz/webRequest/1" xmlns:ns2="http://zakupki.gov.ru/223fz/purchase/1" xmlns:xsi="http://www.w3.org/2001/XMLSchema-instance" xmlns:ns3="http://zakupki.gov.ru/223fz/dishonestSupplier/1" xmlns:ns4="http://zakupki.gov.ru/223fz/machineryListInfo/1" xmlns:ns5="http://zakupki.gov.ru/223fz/revenue/1" xmlns:ns6="http://zakupki.gov.ru/223fz/orderClauseList/1" xmlns:ns7="http://zakupki.gov.ru/223fz/disagreementProtocol/1" xmlns:ns8="http://zakupki.gov.ru/223fz/complaint/1" xmlns:ns9="http://zakupki.gov.ru/223fz/notificationIssue/1">
    <header>
        <guid>829eca30-c949-40d5-9304-15bd7881ca81</guid>
        <createDateTime>2017-03-16T14:58:52</createDateTime>
    </header>
    <ns2:body>
        <ns2:item>
            <guid>984638c8-f4dd-45a3-b2bf-4deeab509b06</guid>
            <ns2:purchaseNoticeEPData>
                <ns2:guid>984638c8-f4dd-45a3-b2bf-4deeab509b06</ns2:guid>
                <ns2:createDateTime>2017-03-16T14:32:10</ns2:createDateTime>
                <ns2:urlOOS>https://zakupki.gov.ru/223/purchase/private/purchase/notice-info/details.html?noticeInfoId=5886090</ns2:urlOOS>
                <ns2:registrationNumber>31704898271</ns2:registrationNumber>
                <ns2:name>На выполнение работ по аварийному обслуживанию жилищного фонда ГБУ "Жилищник Выхино района "Выхино-Жулебино" в 2017 году</ns2:name>
                <ns2:customer>
                    <mainInfo>
                        <fullName>ГОСУДАРСТВЕННОЕ БЮДЖЕТНОЕ УЧРЕЖДЕНИЕ ГОРОДА МОСКВЫ "ЖИЛИЩНИК ВЫХИНО РАЙОНА "ВЫХИНО-ЖУЛЕБИНО"</fullName>
                        <shortName>ГБУ "ЖИЛИЩНИК ВЫХИНО РАЙОНА "ВЫХИНО-ЖУЛЕБИНО"</shortName>
                        <iko>57721818162772101001</iko>
                        <inn>7721818162</inn>
                        <kpp>772101001</kpp>
                        <ogrn>5137746246303</ogrn>
                        <legalAddress>109444, г МОСКВА, ул ТАШКЕНТСКАЯ, дом 21, корпус 1</legalAddress>
                        <postalAddress>109444, г. Москва, ул. Ташкентская, д. 21 корп. 1</postalAddress>
                        <phone>7-495-6576791</phone>
                        <email>v_rybalkina@list.ru</email>
                        <okato>45290554000</okato>
                        <okpo>11631494</okpo>
                    </mainInfo>
                </ns2:customer>
                <ns2:purchaseMethodCode>3363</ns2:purchaseMethodCode>
                <ns2:purchaseCodeName>Закупка у единственного поставщика (исполнителя, подрядчика)</ns2:purchaseCodeName>
                <ns2:placer>
                    <mainInfo>
                        <fullName>ГОСУДАРСТВЕННОЕ БЮДЖЕТНОЕ УЧРЕЖДЕНИЕ ГОРОДА МОСКВЫ "ЖИЛИЩНИК ВЫХИНО РАЙОНА "ВЫХИНО-ЖУЛЕБИНО"</fullName>
                        <shortName>ГБУ "ЖИЛИЩНИК ВЫХИНО РАЙОНА "ВЫХИНО-ЖУЛЕБИНО"</shortName>
                        <iko>57721818162772101001</iko>
                        <inn>7721818162</inn>
                        <kpp>772101001</kpp>
                        <ogrn>5137746246303</ogrn>
                        <legalAddress>109444, г МОСКВА, ул ТАШКЕНТСКАЯ, дом 21, корпус 1</legalAddress>
                        <postalAddress>109444, г. Москва, ул. Ташкентская, д. 21 корп. 1</postalAddress>
                        <phone>7-495-6576791</phone>
                        <email>v_rybalkina@list.ru</email>
                        <okato>45290554000</okato>
                        <okpo>11631494</okpo>
                    </mainInfo>
                </ns2:placer>
                <ns2:contact>
                    <middleName>	</middleName>
                    <phone>+7 (495) 3764122</phone>
                    <email>gbu-jilishnik-julebino@mai.ru		</email>
                    <organization>
                        <mainInfo>
                            <fullName>ГОСУДАРСТВЕННОЕ БЮДЖЕТНОЕ УЧРЕЖДЕНИЕ ГОРОДА МОСКВЫ "ЖИЛИЩНИК ВЫХИНО РАЙОНА "ВЫХИНО-ЖУЛЕБИНО"</fullName>
                            <shortName>ГБУ "ЖИЛИЩНИК ВЫХИНО РАЙОНА "ВЫХИНО-ЖУЛЕБИНО"</shortName>
                            <iko>57721818162772101001</iko>
                            <inn>7721818162</inn>
                            <kpp>772101001</kpp>
                            <ogrn>5137746246303</ogrn>
                            <legalAddress>109444, г МОСКВА, ул ТАШКЕНТСКАЯ, дом 21, корпус 1</legalAddress>
                            <postalAddress>109444, г. Москва, ул. Ташкентская, д. 21 корп. 1</postalAddress>
                            <phone>7-495-6576791</phone>
                            <email>v_rybalkina@list.ru</email>
                            <okato>45290554000</okato>
                            <okpo>11631494</okpo>
                        </mainInfo>
                    </organization>
                </ns2:contact>
                <ns2:publicationDateTime>2017-03-16T14:58:52</ns2:publicationDateTime>
                <ns2:documentationDelivery>
                    <deliveryStartDateTime>2017-03-16</deliveryStartDateTime>
                    <deliveryEndDateTime>2017-03-16</deliveryEndDateTime>
                </ns2:documentationDelivery>
                <ns2:status>P</ns2:status>
                <ns2:version>1</ns2:version>
                <ns2:notDishonest>false</ns2:notDishonest>
                <ns2:attachments>
                    <totalDocumentsCount>1</totalDocumentsCount>
                    <document>
                        <guid>7486d37c-3cd1-4cb7-af18-6398943c1e1a</guid>
                        <createDateTime>2017-03-16T14:58:21</createDateTime>
                        <fileName>На выполнение работ по аварийному обслуживанию жилищного фонда  16.03..pdf</fileName>
                        <description>На выполнение работ по аварийному обслуживанию жилищного фонда  16.03.</description>
                        <url>http://zakupki.gov.ru/223/purchase/public/download/download.html?id=30111691</url>
                    </document>
                </ns2:attachments>
                <ns2:modificationDate>2017-03-16T14:58:52</ns2:modificationDate>
                <ns2:saveUserId>218898</ns2:saveUserId>
                <ns2:deliveryPlaceIndication>SINGLE_PLACE</ns2:deliveryPlaceIndication>
                <ns2:emergency>false</ns2:emergency>
                <ns2:jointPurchase>false</ns2:jointPurchase>
                <ns2:lots>
                    <lot>
                        <guid>cf6a7879-ab4e-4f6f-9209-e2d7fd932766</guid>
                        <ordinalNumber>1</ordinalNumber>
                        <lotEditEnabled>false</lotEditEnabled>
                        <lotData>
                            <subject>На выполнение работ по аварийному обслуживанию жилищного фонда ГБУ "Жилищник Выхино района "Выхино-Жулебино"</subject>
                            <currency>
                                <code>RUB</code>
                                <digitalCode>643</digitalCode>
                                <name>Российский рубль</name>
                            </currency>
                            <initialSum>283885.31</initialSum>
                            <deliveryPlace>
                                <state>Центральный федеральный округ</state>
                                <region>Москва</region>
                                <regionOkato>45000000000</regionOkato>
                                <address>Ул. Привольная, д. 5, к. 5</address>
                            </deliveryPlace>
                            <lotItems>
                                <newCodes>true</newCodes>
                                <lotItem>
                                    <guid>1b03f487-940b-4574-95b6-eb78b20da1ab</guid>
                                    <ordinalNumber>1</ordinalNumber>
                                    <okpd2>
                                        <code>42</code>
                                        <name>Сооружения и строительные работы в области гражданского строительства</name>
                                    </okpd2>
                                    <okved2>
                                        <code>42.21</code>
                                        <name>Строительство инженерных коммуникаций для водоснабжения и водоотведения, газоснабжения</name>
                                    </okved2>
                                    <okei>
                                        <code>055</code>
                                        <name>Квадратный метр</name>
                                    </okei>
                                    <qty>1926040.7</qty>
                                </lotItem>
                            </lotItems>
                            <forSmallOrMiddle>false</forSmallOrMiddle>
                            <excludePurchaseFromPlan>false</excludePurchaseFromPlan>
                            <subcontractorsRequirement>false</subcontractorsRequirement>
                            <ignoredPurchase>false</ignoredPurchase>
                            <centralized>false</centralized>
                        </lotData>
                        <deliveryPlaceIndication>GL</deliveryPlaceIndication>
                        <jointLotData>
                            <jointLot>false</jointLot>
                        </jointLotData>
                        <lotPlanInfo>
                            <planRegistrationNumber>2160210891</planRegistrationNumber>
                            <planGuid>8a45eb25-8b62-4707-b6bc-4a8ac37d8363</planGuid>
                            <positionNumber>17</positionNumber>
                            <lotPlanPosition>COMMODITY</lotPlanPosition>
                            <positionGuid>c2ed1a84-bc80-431a-a4f1-0c9e3c3d96ad</positionGuid>
                        </lotPlanInfo>
                        <cancelled>false</cancelled>
                    </lot>
                </ns2:lots>
            </ns2:purchaseNoticeEPData>
        </ns2:item>
    </ns2:body>
</ns2:purchaseNoticeEP>
