<?xml version="1.0" encoding="UTF-8" standalone="yes"?>
<ns2:purchaseNoticeEP xsi:schemaLocation="http://zakupki.gov.ru/223/integration/schema/TFF-5.2 http://zakupki.gov.ru/223/integration/schema/TFF-5.2/purchase.xsd" xmlns="http://zakupki.gov.ru/223fz/types/1" xmlns:ns10="http://zakupki.gov.ru/223fz/purchasePlan/1" xmlns:ns11="http://zakupki.gov.ru/223fz/purchasePlanProject/1" xmlns:ns12="http://zakupki.gov.ru/223fz/purchasePlanProjectAdditionalPosition/1" xmlns:ns13="http://zakupki.gov.ru/223fz/contract/1" xmlns:ns14="http://zakupki.gov.ru/223fz/missedNotice/1" xmlns:ns15="http://zakupki.gov.ru/223fz/reference/1" xmlns:ns16="http://zakupki.gov.ru/223fz/stopCommodity/1" xmlns:ns17="http://zakupki.gov.ru/223fz/decisionSuspension/1" xmlns:ns18="http://zakupki.gov.ru/223fz/purchasePlanAdditionalPosition/1" xmlns:ns19="http://zakupki.gov.ru/223fz/webRequest/1" xmlns:ns2="http://zakupki.gov.ru/223fz/purchase/1" xmlns:xsi="http://www.w3.org/2001/XMLSchema-instance" xmlns:ns3="http://zakupki.gov.ru/223fz/dishonestSupplier/1" xmlns:ns4="http://zakupki.gov.ru/223fz/machineryListInfo/1" xmlns:ns5="http://zakupki.gov.ru/223fz/revenue/1" xmlns:ns6="http://zakupki.gov.ru/223fz/orderClauseList/1" xmlns:ns7="http://zakupki.gov.ru/223fz/disagreementProtocol/1" xmlns:ns8="http://zakupki.gov.ru/223fz/complaint/1" xmlns:ns9="http://zakupki.gov.ru/223fz/notificationIssue/1">
    <header>
        <guid>c2ff5369-6830-4e12-afbf-c022cc362189</guid>
        <createDateTime>2017-03-16T13:13:24</createDateTime>
    </header>
    <ns2:body>
        <ns2:item>
            <guid>2220fc00-0d0b-1ee7-82c6-1fd3c9cf1e8c</guid>
            <ns2:purchaseNoticeEPData>
                <ns2:guid>2220fc00-0d0b-1ee7-82c6-1fd3c9cf1e8c</ns2:guid>
                <ns2:createDateTime>2017-03-16T13:12:05</ns2:createDateTime>
                <ns2:urlOOS>https://zakupki.gov.ru/223/purchase/private/purchase/notice-info/details.html?noticeInfoId=5885165</ns2:urlOOS>
                <ns2:urlVSRZ>ЕОС-Закупки</ns2:urlVSRZ>
                <ns2:registrationNumber>31704897299</ns2:registrationNumber>
                <ns2:name>Поставка товарно-материальных ценностей для нужд Уральского филиала АО «Атомспецтранс»</ns2:name>
                <ns2:customer>
                    <mainInfo>
                        <fullName>АКЦИОНЕРНОЕ ОБЩЕСТВО "АТОМСПЕЦТРАНС"</fullName>
                        <shortName>АО "АТОМСПЕЦТРАНС"</shortName>
                        <iko>67717609102771701001</iko>
                        <inn>7717609102</inn>
                        <kpp>771701001</kpp>
                        <ogrn>1087746009218</ogrn>
                        <legalAddress>129085, г МОСКВА, пр-кт МИРА, дом 81Б</legalAddress>
                        <postalAddress>129085, Москва г, Мира пр-кт, дом 81Б</postalAddress>
                        <phone>7-495-6578604-2104</phone>
                        <fax>7-495-6578606</fax>
                        <email>info@atomst.ru</email>
                        <okato>45280572000</okato>
                        <okpo>52683630</okpo>
                    </mainInfo>
                </ns2:customer>
                <ns2:purchaseMethodCode>3363</ns2:purchaseMethodCode>
                <ns2:purchaseCodeName>Закупка у единственного поставщика (исполнителя, подрядчика)</ns2:purchaseCodeName>
                <ns2:placer>
                    <mainInfo>
                        <fullName>Новоуральский филиал АО "АТОМСПЕЦТРАНС"</fullName>
                        <shortName>Новоуральский филиал АО "АТОМСПЕЦТРАНС"</shortName>
                        <iko>57717609102668243001</iko>
                        <inn>7717609102</inn>
                        <kpp>668243001</kpp>
                        <ogrn>1087746009218</ogrn>
                        <legalAddress>624131, Свердловская область, г. Новоуральск, ул. Дзержинского, д. 10Б, 7</legalAddress>
                        <postalAddress>129085, Москва г, Мира пр-кт, дом 81Б</postalAddress>
                        <phone>7-34370-25547</phone>
                        <email>info@atomst.ru</email>
                        <okato>65540000000</okato>
                        <okpo>48571539</okpo>
                    </mainInfo>
                </ns2:placer>
                <ns2:contact>
                    <phone>+8 (495) 6578604, доб.: 104</phone>
                    <fax>+8 (495) 6578606</fax>
                    <email>info@atomst.ru</email>
                    <organization>
                        <mainInfo>
                            <fullName>Новоуральский филиал АО "АТОМСПЕЦТРАНС"</fullName>
                            <shortName>Новоуральский филиал АО "АТОМСПЕЦТРАНС"</shortName>
                            <iko>57717609102668243001</iko>
                            <inn>7717609102</inn>
                            <kpp>668243001</kpp>
                            <ogrn>1087746009218</ogrn>
                            <legalAddress>624131, Свердловская область, г. Новоуральск, ул. Дзержинского, д. 10Б, 7</legalAddress>
                            <postalAddress>129085, Москва г, Мира пр-кт, дом 81Б</postalAddress>
                            <phone>7-34370-25547</phone>
                            <email>info@atomst.ru</email>
                            <okato>65540000000</okato>
                            <okpo>48571539</okpo>
                        </mainInfo>
                    </organization>
                </ns2:contact>
                <ns2:publicationDateTime>2017-03-16T13:13:24</ns2:publicationDateTime>
                <ns2:documentationDelivery/>
                <ns2:status>P</ns2:status>
                <ns2:version>1</ns2:version>
                <ns2:notDishonest>false</ns2:notDishonest>
                <ns2:attachments>
                    <totalDocumentsCount>2</totalDocumentsCount>
                    <document>
                        <guid>0addd403-d90a-1ed7-82c5-ed49f64606d9</guid>
                        <createDateTime>2017-03-16T10:00:42</createDateTime>
                        <fileName>Извещение.docx</fileName>
                        <description>Извещение</description>
                        <url>http://zakupki.gov.ru/223/purchase/public/download/download.html?id=30105446</url>
                    </document>
                    <document>
                        <guid>0addd011-6b0b-1ee7-82c6-1bd29c8b9a28</guid>
                        <createDateTime>2017-03-16T10:11:06</createDateTime>
                        <fileName>Договор.docx</fileName>
                        <description>Договор</description>
                        <url>http://zakupki.gov.ru/223/purchase/public/download/download.html?id=30105447</url>
                    </document>
                </ns2:attachments>
                <ns2:modificationDate>2017-03-16T13:13:24</ns2:modificationDate>
                <ns2:saveUserId>178885</ns2:saveUserId>
                <ns2:deliveryPlaceIndication>DIFFERENT_PLACE</ns2:deliveryPlaceIndication>
                <ns2:emergency>false</ns2:emergency>
                <ns2:jointPurchase>false</ns2:jointPurchase>
                <ns2:lots>
                    <lot>
                        <guid>2220fc00-0d0b-1ee7-82c5-6e22fe0a93d9</guid>
                        <ordinalNumber>1</ordinalNumber>
                        <lotEditEnabled>true</lotEditEnabled>
                        <lotData>
                            <subject>Поставка товарно-материальных ценностей для нужд Уральского филиала АО «Атомспецтранс»</subject>
                            <currency>
                                <code>RUB</code>
                                <digitalCode>643</digitalCode>
                                <name>Российский рубль</name>
                            </currency>
                            <initialSum>2995355.13</initialSum>
                            <deliveryPlace>
                                <state>Центральный федеральный округ</state>
                                <region>Москва</region>
                                <regionOkato>45000000000</regionOkato>
                                <address>Уральский филиал АО «Атомспецтранс»
456780, Челябинская область, г. Снежинск, 
ул.40 лет Октября, д. 28</address>
                            </deliveryPlace>
                            <lotItems>
                                <newCodes>true</newCodes>
                                <lotItem>
                                    <guid>2220fc00-0d0b-1ee7-82c5-6e98723853d9</guid>
                                    <ordinalNumber>1</ordinalNumber>
                                    <okpd2>
                                        <code>46.6</code>
                                        <name>Услуги по оптовой торговле прочими машинами, оборудованием и инструментами</name>
                                    </okpd2>
                                    <okved2>
                                        <code>46.4</code>
                                        <name>Торговля оптовая непродовольственными потребительскими товарами</name>
                                    </okved2>
                                </lotItem>
                            </lotItems>
                            <forSmallOrMiddle>false</forSmallOrMiddle>
                            <excludePurchaseFromPlan>false</excludePurchaseFromPlan>
                            <subcontractorsRequirement>false</subcontractorsRequirement>
                            <ignoredPurchase>false</ignoredPurchase>
                            <centralized>false</centralized>
                        </lotData>
                        <deliveryPlaceIndication>GL</deliveryPlaceIndication>
                        <jointLotData>
                            <jointLot>false</jointLot>
                        </jointLotData>
                        <lotPlanInfo>
                            <planRegistrationNumber>2160184740</planRegistrationNumber>
                            <planGuid>f2f32b7a-a50b-1ed7-8292-9237235744aa</planGuid>
                            <positionNumber>1139200025</positionNumber>
                            <lotPlanPosition>COMMODITY</lotPlanPosition>
                            <positionGuid>a22a2ab1-590b-1ed6-bfff-c0d3bd0a1375</positionGuid>
                        </lotPlanInfo>
                        <cancelled>false</cancelled>
                    </lot>
                </ns2:lots>
            </ns2:purchaseNoticeEPData>
        </ns2:item>
    </ns2:body>
</ns2:purchaseNoticeEP>
