<?xml version="1.0" encoding="UTF-8" standalone="yes"?>
<ns2:purchaseNoticeEP xsi:schemaLocation="http://zakupki.gov.ru/223/integration/schema/TFF-5.2 http://zakupki.gov.ru/223/integration/schema/TFF-5.2/purchase.xsd" xmlns="http://zakupki.gov.ru/223fz/types/1" xmlns:ns10="http://zakupki.gov.ru/223fz/purchasePlan/1" xmlns:ns11="http://zakupki.gov.ru/223fz/purchasePlanProject/1" xmlns:ns12="http://zakupki.gov.ru/223fz/purchasePlanProjectAdditionalPosition/1" xmlns:ns13="http://zakupki.gov.ru/223fz/contract/1" xmlns:ns14="http://zakupki.gov.ru/223fz/missedNotice/1" xmlns:ns15="http://zakupki.gov.ru/223fz/reference/1" xmlns:ns16="http://zakupki.gov.ru/223fz/stopCommodity/1" xmlns:ns17="http://zakupki.gov.ru/223fz/decisionSuspension/1" xmlns:ns18="http://zakupki.gov.ru/223fz/purchasePlanAdditionalPosition/1" xmlns:ns19="http://zakupki.gov.ru/223fz/webRequest/1" xmlns:ns2="http://zakupki.gov.ru/223fz/purchase/1" xmlns:xsi="http://www.w3.org/2001/XMLSchema-instance" xmlns:ns3="http://zakupki.gov.ru/223fz/dishonestSupplier/1" xmlns:ns4="http://zakupki.gov.ru/223fz/machineryListInfo/1" xmlns:ns5="http://zakupki.gov.ru/223fz/revenue/1" xmlns:ns6="http://zakupki.gov.ru/223fz/orderClauseList/1" xmlns:ns7="http://zakupki.gov.ru/223fz/disagreementProtocol/1" xmlns:ns8="http://zakupki.gov.ru/223fz/complaint/1" xmlns:ns9="http://zakupki.gov.ru/223fz/notificationIssue/1">
    <header>
        <guid>3efcea7d-8bf7-4b9d-a211-ac400e3592fb</guid>
        <createDateTime>2017-03-16T20:50:54</createDateTime>
    </header>
    <ns2:body>
        <ns2:item>
            <guid>a3a71f3e-77c6-45c5-b9b2-46e6adca8ca5</guid>
            <ns2:purchaseNoticeEPData>
                <ns2:guid>a3a71f3e-77c6-45c5-b9b2-46e6adca8ca5</ns2:guid>
                <ns2:createDateTime>2017-03-16T20:49:28</ns2:createDateTime>
                <ns2:urlOOS>https://zakupki.gov.ru/223/purchase/private/purchase/notice-info/details.html?noticeInfoId=5888487</ns2:urlOOS>
                <ns2:registrationNumber>31704900098</ns2:registrationNumber>
                <ns2:name>Оказание услуг по подключению и использованию сервиса рассылки рекламно-информационных материалов по базе электронных адресов за период 01.07.2017 по 31.12.2019</ns2:name>
                <ns2:customer>
                    <mainInfo>
                        <fullName>ФЕДЕРАЛЬНОЕ ГОСУДАРСТВЕННОЕ УНИТАРНОЕ ПРЕДПРИЯТИЕ "ИНФОРМАЦИОННОЕ ТЕЛЕГРАФНОЕ АГЕНТСТВО РОССИИ (ИТАР-ТАСС)"</fullName>
                        <shortName>ИТАР-ТАСС, ТАСС</shortName>
                        <iko>57703082786770301001</iko>
                        <inn>7703082786</inn>
                        <kpp>770301001</kpp>
                        <ogrn>1037700049606</ogrn>
                        <legalAddress>125993, Г МОСКВА, Б-Р ТВЕРСКОЙ, дом ДОМ 10-12</legalAddress>
                        <postalAddress>125993, Москва, Тверской, дом 10-12</postalAddress>
                        <phone>7-499-7910444</phone>
                        <fax>7-499-7910444</fax>
                        <email>Khayretdinov_r@tass.ru</email>
                        <okato>45000000000</okato>
                        <okpo>00035777</okpo>
                    </mainInfo>
                </ns2:customer>
                <ns2:purchaseMethodCode>3363</ns2:purchaseMethodCode>
                <ns2:purchaseCodeName>Закупка у единственного поставщика (исполнителя, подрядчика)</ns2:purchaseCodeName>
                <ns2:placer>
                    <mainInfo>
                        <fullName>ФЕДЕРАЛЬНОЕ ГОСУДАРСТВЕННОЕ УНИТАРНОЕ ПРЕДПРИЯТИЕ "ИНФОРМАЦИОННОЕ ТЕЛЕГРАФНОЕ АГЕНТСТВО РОССИИ (ИТАР-ТАСС)"</fullName>
                        <shortName>ИТАР-ТАСС, ТАСС</shortName>
                        <iko>57703082786770301001</iko>
                        <inn>7703082786</inn>
                        <kpp>770301001</kpp>
                        <ogrn>1037700049606</ogrn>
                        <legalAddress>125993, Г МОСКВА, Б-Р ТВЕРСКОЙ, дом ДОМ 10-12</legalAddress>
                        <postalAddress>125993, Москва, Тверской, дом 10-12</postalAddress>
                        <phone>7-499-7910444</phone>
                        <fax>7-499-7910444</fax>
                        <email>Khayretdinov_r@tass.ru</email>
                        <okato>45000000000</okato>
                        <okpo>00035777</okpo>
                    </mainInfo>
                </ns2:placer>
                <ns2:contact>
                    <firstName>Анна</firstName>
                    <middleName>Витальевна</middleName>
                    <lastName>Новикова</lastName>
                    <phone>+7 (499) 7910444</phone>
                    <email>novikova_a@tass.ru</email>
                    <organization>
                        <mainInfo>
                            <fullName>ФЕДЕРАЛЬНОЕ ГОСУДАРСТВЕННОЕ УНИТАРНОЕ ПРЕДПРИЯТИЕ "ИНФОРМАЦИОННОЕ ТЕЛЕГРАФНОЕ АГЕНТСТВО РОССИИ (ИТАР-ТАСС)"</fullName>
                            <shortName>ИТАР-ТАСС, ТАСС</shortName>
                            <iko>57703082786770301001</iko>
                            <inn>7703082786</inn>
                            <kpp>770301001</kpp>
                            <ogrn>1037700049606</ogrn>
                            <legalAddress>125993, Г МОСКВА, Б-Р ТВЕРСКОЙ, дом ДОМ 10-12</legalAddress>
                            <postalAddress>125993, Москва, Тверской, дом 10-12</postalAddress>
                            <phone>7-499-7910444</phone>
                            <fax>7-499-7910444</fax>
                            <email>Khayretdinov_r@tass.ru</email>
                            <okato>45000000000</okato>
                            <okpo>00035777</okpo>
                        </mainInfo>
                    </organization>
                </ns2:contact>
                <ns2:publicationDateTime>2017-03-16T20:50:54</ns2:publicationDateTime>
                <ns2:documentationDelivery/>
                <ns2:status>P</ns2:status>
                <ns2:version>1</ns2:version>
                <ns2:notDishonest>false</ns2:notDishonest>
                <ns2:attachments>
                    <totalDocumentsCount>1</totalDocumentsCount>
                    <document>
                        <guid>db22fe17-87ba-474e-a6f1-5bf81f9cf31e</guid>
                        <createDateTime>2017-03-16T20:50:40</createDateTime>
                        <fileName>16.03.2017_Документация_Использ. сервиса рассылки РИнФ материалов по базе e-mail_01.07.2017-31.12.2019_.doc</fileName>
                        <description>16.03.2017_Документация_Использ. сервиса рассылки РИнФ материалов по базе e-mail_01.07.2017-31.12.2019_</description>
                        <url>http://zakupki.gov.ru/223/purchase/public/download/download.html?id=30121542</url>
                    </document>
                </ns2:attachments>
                <ns2:modificationDate>2017-03-16T20:50:54</ns2:modificationDate>
                <ns2:saveUserId>261107</ns2:saveUserId>
                <ns2:deliveryPlaceIndication>DIFFERENT_PLACE</ns2:deliveryPlaceIndication>
                <ns2:emergency>false</ns2:emergency>
                <ns2:jointPurchase>false</ns2:jointPurchase>
                <ns2:lots>
                    <lot>
                        <guid>cd6198c7-2206-4533-838b-96e70ade72b8</guid>
                        <ordinalNumber>1</ordinalNumber>
                        <lotEditEnabled>false</lotEditEnabled>
                        <lotData>
                            <subject>Оказание услуг по подключению и использованию сервиса рассылки рекламно-информационных материалов по базе электронных адресов за период 01.07.2017 по 31.12.2019</subject>
                            <currency>
                                <code>RUB</code>
                                <digitalCode>643</digitalCode>
                                <name>Российский рубль</name>
                            </currency>
                            <initialSum>3000000.00</initialSum>
                            <deliveryPlace>
                                <state>Центральный федеральный округ</state>
                                <region>Москва</region>
                                <regionOkato>45000000000</regionOkato>
                                <address>г. Москва, Тверской бульвар, д. 2</address>
                            </deliveryPlace>
                            <lotItems>
                                <newCodes>true</newCodes>
                                <lotItem>
                                    <guid>dc581cf7-c53c-489a-85c7-8226ceee2e44</guid>
                                    <ordinalNumber>1</ordinalNumber>
                                    <okpd2>
                                        <code>63</code>
                                        <name>Услуги в области информационных технологий</name>
                                    </okpd2>
                                    <okved2>
                                        <code>63.1</code>
                                        <name>Деятельность по обработке данных, предоставление услуг по размещению информации, деятельность порталов в информационно-коммуникационной сети Интернет</name>
                                    </okved2>
                                </lotItem>
                            </lotItems>
                            <forSmallOrMiddle>false</forSmallOrMiddle>
                            <excludePurchaseFromPlan>false</excludePurchaseFromPlan>
                            <subcontractorsRequirement>false</subcontractorsRequirement>
                            <ignoredPurchase>false</ignoredPurchase>
                            <centralized>false</centralized>
                        </lotData>
                        <deliveryPlaceIndication>GL</deliveryPlaceIndication>
                        <jointLotData>
                            <jointLot>false</jointLot>
                        </jointLotData>
                        <lotPlanInfo>
                            <planRegistrationNumber>2160218038</planRegistrationNumber>
                            <planGuid>91f0c30d-13f3-43c7-9056-9076df213ddc</planGuid>
                            <positionNumber>32</positionNumber>
                            <lotPlanPosition>COMMODITY</lotPlanPosition>
                            <positionGuid>364f3dea-07a1-4921-b61a-c1edadf8395b</positionGuid>
                        </lotPlanInfo>
                        <cancelled>false</cancelled>
                    </lot>
                </ns2:lots>
            </ns2:purchaseNoticeEPData>
        </ns2:item>
    </ns2:body>
</ns2:purchaseNoticeEP>
