<?xml version="1.0" encoding="UTF-8" standalone="yes"?>
<ns2:purchaseNoticeEP xsi:schemaLocation="http://zakupki.gov.ru/223/integration/schema/TFF-5.2 http://zakupki.gov.ru/223/integration/schema/TFF-5.2/purchase.xsd" xmlns="http://zakupki.gov.ru/223fz/types/1" xmlns:ns10="http://zakupki.gov.ru/223fz/purchasePlan/1" xmlns:ns11="http://zakupki.gov.ru/223fz/purchasePlanProject/1" xmlns:ns12="http://zakupki.gov.ru/223fz/purchasePlanProjectAdditionalPosition/1" xmlns:ns13="http://zakupki.gov.ru/223fz/contract/1" xmlns:ns14="http://zakupki.gov.ru/223fz/missedNotice/1" xmlns:ns15="http://zakupki.gov.ru/223fz/reference/1" xmlns:ns16="http://zakupki.gov.ru/223fz/stopCommodity/1" xmlns:ns17="http://zakupki.gov.ru/223fz/decisionSuspension/1" xmlns:ns18="http://zakupki.gov.ru/223fz/purchasePlanAdditionalPosition/1" xmlns:ns19="http://zakupki.gov.ru/223fz/webRequest/1" xmlns:ns2="http://zakupki.gov.ru/223fz/purchase/1" xmlns:xsi="http://www.w3.org/2001/XMLSchema-instance" xmlns:ns3="http://zakupki.gov.ru/223fz/dishonestSupplier/1" xmlns:ns4="http://zakupki.gov.ru/223fz/machineryListInfo/1" xmlns:ns5="http://zakupki.gov.ru/223fz/revenue/1" xmlns:ns6="http://zakupki.gov.ru/223fz/orderClauseList/1" xmlns:ns7="http://zakupki.gov.ru/223fz/disagreementProtocol/1" xmlns:ns8="http://zakupki.gov.ru/223fz/complaint/1" xmlns:ns9="http://zakupki.gov.ru/223fz/notificationIssue/1">
    <header>
        <guid>2d9c0756-dc99-42bc-ae7a-6e4e072901d2</guid>
        <createDateTime>2017-03-16T16:50:29</createDateTime>
    </header>
    <ns2:body>
        <ns2:item>
            <guid>bc8ef542-26d1-4375-ba8b-41905899d484</guid>
            <ns2:purchaseNoticeEPData>
                <ns2:guid>bc8ef542-26d1-4375-ba8b-41905899d484</ns2:guid>
                <ns2:createDateTime>2017-03-16T16:40:15</ns2:createDateTime>
                <ns2:urlOOS>https://zakupki.gov.ru/223/purchase/private/purchase/notice-info/details.html?noticeInfoId=5887609</ns2:urlOOS>
                <ns2:registrationNumber>31704899386</ns2:registrationNumber>
                <ns2:name>Оказание услуг по транспортировке природного газа на 6 котельных г. Москвы обособленного подразделения «Московское» АО "ГУ ЖКХ"</ns2:name>
                <ns2:customer>
                    <mainInfo>
                        <fullName>АКЦИОНЕРНОЕ ОБЩЕСТВО "ГЛАВНОЕ УПРАВЛЕНИЕ ЖИЛИЩНО-КОММУНАЛЬНОГО ХОЗЯЙСТВА"</fullName>
                        <shortName>АО "ГУ ЖКХ"</shortName>
                        <iko>55116000922511601001</iko>
                        <inn>5116000922</inn>
                        <kpp>770401001</kpp>
                        <ogrn>1095110000325</ogrn>
                        <legalAddress>119021, г МОСКВА, пр-кт КОМСОМОЛЬСКИЙ, дом ДОМ 18, корпус СТРОЕНИЕ 3</legalAddress>
                        <postalAddress>119021, дом 18, строение 3</postalAddress>
                        <phone>7-499-7909111</phone>
                        <email>ZaicevVV@GUZHKH.RU</email>
                        <okato>47525000000</okato>
                        <okpo>08267116</okpo>
                    </mainInfo>
                </ns2:customer>
                <ns2:purchaseMethodCode>3363</ns2:purchaseMethodCode>
                <ns2:purchaseCodeName>Закупка у единственного поставщика (исполнителя, подрядчика)</ns2:purchaseCodeName>
                <ns2:placer>
                    <mainInfo>
                        <fullName>АКЦИОНЕРНОЕ ОБЩЕСТВО "ГЛАВНОЕ УПРАВЛЕНИЕ ЖИЛИЩНО-КОММУНАЛЬНОГО ХОЗЯЙСТВА"</fullName>
                        <shortName>АО "ГУ ЖКХ"</shortName>
                        <iko>55116000922511601001</iko>
                        <inn>5116000922</inn>
                        <kpp>770401001</kpp>
                        <ogrn>1095110000325</ogrn>
                        <legalAddress>119021, г МОСКВА, пр-кт КОМСОМОЛЬСКИЙ, дом ДОМ 18, корпус СТРОЕНИЕ 3</legalAddress>
                        <postalAddress>119021, дом 18, строение 3</postalAddress>
                        <phone>7-499-7909111</phone>
                        <email>ZaicevVV@GUZHKH.RU</email>
                        <okato>47525000000</okato>
                        <okpo>08267116</okpo>
                    </mainInfo>
                </ns2:placer>
                <ns2:contact>
                    <firstName>Михаил</firstName>
                    <middleName>Сергеевич</middleName>
                    <lastName>Чиганаев</lastName>
                    <phone>+7 (499) 7909111, доб.: 236</phone>
                    <email>ChiganaevMS@GUZHKH.RU</email>
                    <organization>
                        <mainInfo>
                            <fullName>АКЦИОНЕРНОЕ ОБЩЕСТВО "ГЛАВНОЕ УПРАВЛЕНИЕ ЖИЛИЩНО-КОММУНАЛЬНОГО ХОЗЯЙСТВА"</fullName>
                            <shortName>АО "ГУ ЖКХ"</shortName>
                            <iko>55116000922511601001</iko>
                            <inn>5116000922</inn>
                            <kpp>770401001</kpp>
                            <ogrn>1095110000325</ogrn>
                            <legalAddress>119021, г МОСКВА, пр-кт КОМСОМОЛЬСКИЙ, дом ДОМ 18, корпус СТРОЕНИЕ 3</legalAddress>
                            <postalAddress>119021, дом 18, строение 3</postalAddress>
                            <phone>7-499-7909111</phone>
                            <email>ZaicevVV@GUZHKH.RU</email>
                            <okato>47525000000</okato>
                            <okpo>08267116</okpo>
                        </mainInfo>
                    </organization>
                </ns2:contact>
                <ns2:publicationDateTime>2017-03-16T16:50:29</ns2:publicationDateTime>
                <ns2:documentationDelivery/>
                <ns2:status>P</ns2:status>
                <ns2:version>1</ns2:version>
                <ns2:notDishonest>true</ns2:notDishonest>
                <ns2:attachments>
                    <totalDocumentsCount>5</totalDocumentsCount>
                    <document>
                        <guid>9e3335dd-7841-4c54-8277-397de417db4e</guid>
                        <createDateTime>2017-03-16T16:49:52</createDateTime>
                        <fileName>2. Техническое задание траспортировка.pdf</fileName>
                        <description>2. Техническое задание траспортировка</description>
                        <url>http://zakupki.gov.ru/223/purchase/public/download/download.html?id=30117872</url>
                    </document>
                    <document>
                        <guid>bcbd7203-4a44-4536-8bf0-5579a284a3db</guid>
                        <createDateTime>2017-03-16T16:50:16</createDateTime>
                        <fileName>Проект договора.pdf</fileName>
                        <description>Проект договора</description>
                        <url>http://zakupki.gov.ru/223/purchase/public/download/download.html?id=30117907</url>
                    </document>
                    <document>
                        <guid>e48294cc-b4d8-46db-912c-c0de0455573c</guid>
                        <createDateTime>2017-03-16T16:50:08</createDateTime>
                        <fileName>Извещение рсо.doc</fileName>
                        <description>Извещение рсо</description>
                        <url>http://zakupki.gov.ru/223/purchase/public/download/download.html?id=30117893</url>
                    </document>
                    <document>
                        <guid>b112458b-616c-489b-b039-b327dcb80694</guid>
                        <createDateTime>2017-03-16T16:49:57</createDateTime>
                        <fileName>3.Расчет РНЦ Москва.pdf</fileName>
                        <description>3.Расчет РНЦ Москва</description>
                        <url>http://zakupki.gov.ru/223/purchase/public/download/download.html?id=30117877</url>
                    </document>
                    <document>
                        <guid>b7bc1a75-9bf3-457b-a0cf-e46115938f98</guid>
                        <createDateTime>2017-03-16T16:50:02</createDateTime>
                        <fileName>5..приложение 2 Москва+.xlsx</fileName>
                        <description>5..приложение 2 Москва+</description>
                        <url>http://zakupki.gov.ru/223/purchase/public/download/download.html?id=30117887</url>
                    </document>
                </ns2:attachments>
                <ns2:modificationDate>2017-03-16T16:50:29</ns2:modificationDate>
                <ns2:saveUserId>221696</ns2:saveUserId>
                <ns2:deliveryPlaceIndication>DIFFERENT_PLACE</ns2:deliveryPlaceIndication>
                <ns2:emergency>false</ns2:emergency>
                <ns2:jointPurchase>false</ns2:jointPurchase>
                <ns2:lots>
                    <lot>
                        <guid>10fead6c-d44b-4a97-82d7-b6916c965c81</guid>
                        <ordinalNumber>1</ordinalNumber>
                        <lotEditEnabled>false</lotEditEnabled>
                        <lotData>
                            <subject>Оказание услуг по транспортировке природного газа на 6 котельных г. Москвы обособленного подразделения «Московское» АО "ГУ ЖКХ"</subject>
                            <currency>
                                <code>RUB</code>
                                <digitalCode>643</digitalCode>
                                <name>Российский рубль</name>
                            </currency>
                            <initialSum>3471133.89</initialSum>
                            <deliveryPlace>
                                <state>Центральный федеральный округ</state>
                                <region>Москва</region>
                                <regionOkato>45000000000</regionOkato>
                                <address>В соответствии с техническим заданием</address>
                            </deliveryPlace>
                            <lotItems>
                                <newCodes>true</newCodes>
                                <lotItem>
                                    <guid>b42b111b-85a6-4691-9ae0-9da4a1e6b0cd</guid>
                                    <ordinalNumber>1</ordinalNumber>
                                    <okpd2>
                                        <code>35.23</code>
                                        <name>Услуги по торговле газом, подаваемым по трубопроводам</name>
                                    </okpd2>
                                    <okved2>
                                        <code>35.23</code>
                                        <name>Торговля газообразным топливом, подаваемым по распределительным сетям</name>
                                    </okved2>
                                    <okei>
                                        <code>114</code>
                                        <name>Тысяча кубических метров</name>
                                    </okei>
                                    <qty>3506.835</qty>
                                </lotItem>
                            </lotItems>
                            <forSmallOrMiddle>false</forSmallOrMiddle>
                            <excludePurchaseFromPlan>false</excludePurchaseFromPlan>
                            <subcontractorsRequirement>false</subcontractorsRequirement>
                            <ignoredPurchase>true</ignoredPurchase>
                            <purchaseCategory>
                                <code>8</code>
                                <name>Закупки услуг по водоснабжению, водоотведению, теплоснабжению и газоснабжению (за исключением услуг по реализации сжиженного газа), а также по подключению (присоединению) к сетям инженерно-технического обеспечения по регулируемым в соответствии с законодательством Российской Федерации ценам (тарифам)</name>
                            </purchaseCategory>
                            <centralized>false</centralized>
                        </lotData>
                        <deliveryPlaceIndication>GL</deliveryPlaceIndication>
                        <jointLotData>
                            <jointLot>false</jointLot>
                        </jointLotData>
                        <lotPlanInfo>
                            <planRegistrationNumber>2160197754</planRegistrationNumber>
                            <planGuid>5e15102f-f315-4169-a029-0a4cfc79b56a</planGuid>
                            <positionNumber>474</positionNumber>
                            <lotPlanPosition>COMMODITY</lotPlanPosition>
                            <positionGuid>4db017f6-a83d-4d26-9cca-9d4de4aba924</positionGuid>
                        </lotPlanInfo>
                        <cancelled>false</cancelled>
                    </lot>
                </ns2:lots>
            </ns2:purchaseNoticeEPData>
        </ns2:item>
    </ns2:body>
</ns2:purchaseNoticeEP>
