<?xml version="1.0" encoding="UTF-8" standalone="yes"?>
<ns2:purchaseNoticeEP xsi:schemaLocation="http://zakupki.gov.ru/223/integration/schema/TFF-5.2 http://zakupki.gov.ru/223/integration/schema/TFF-5.2/purchase.xsd" xmlns="http://zakupki.gov.ru/223fz/types/1" xmlns:ns10="http://zakupki.gov.ru/223fz/purchasePlan/1" xmlns:ns11="http://zakupki.gov.ru/223fz/purchasePlanProject/1" xmlns:ns12="http://zakupki.gov.ru/223fz/purchasePlanProjectAdditionalPosition/1" xmlns:ns13="http://zakupki.gov.ru/223fz/contract/1" xmlns:ns14="http://zakupki.gov.ru/223fz/missedNotice/1" xmlns:ns15="http://zakupki.gov.ru/223fz/reference/1" xmlns:ns16="http://zakupki.gov.ru/223fz/stopCommodity/1" xmlns:ns17="http://zakupki.gov.ru/223fz/decisionSuspension/1" xmlns:ns18="http://zakupki.gov.ru/223fz/purchasePlanAdditionalPosition/1" xmlns:ns19="http://zakupki.gov.ru/223fz/webRequest/1" xmlns:ns2="http://zakupki.gov.ru/223fz/purchase/1" xmlns:xsi="http://www.w3.org/2001/XMLSchema-instance" xmlns:ns3="http://zakupki.gov.ru/223fz/dishonestSupplier/1" xmlns:ns4="http://zakupki.gov.ru/223fz/machineryListInfo/1" xmlns:ns5="http://zakupki.gov.ru/223fz/revenue/1" xmlns:ns6="http://zakupki.gov.ru/223fz/orderClauseList/1" xmlns:ns7="http://zakupki.gov.ru/223fz/disagreementProtocol/1" xmlns:ns8="http://zakupki.gov.ru/223fz/complaint/1" xmlns:ns9="http://zakupki.gov.ru/223fz/notificationIssue/1">
    <header>
        <guid>d21b5c5b-2924-461d-9e21-e166b459da6a</guid>
        <createDateTime>2017-03-16T16:00:54</createDateTime>
    </header>
    <ns2:body>
        <ns2:item>
            <guid>91d8c5b1-5769-47f5-b67f-d4bd1d3eca76</guid>
            <ns2:purchaseNoticeEPData>
                <ns2:guid>91d8c5b1-5769-47f5-b67f-d4bd1d3eca76</ns2:guid>
                <ns2:createDateTime>2017-03-16T15:53:31</ns2:createDateTime>
                <ns2:urlOOS>https://zakupki.gov.ru/223/purchase/private/purchase/notice-info/details.html?noticeInfoId=5887106</ns2:urlOOS>
                <ns2:registrationNumber>31704898903</ns2:registrationNumber>
                <ns2:name>Поставка товара: диодный лазер 405 нм длины волны в соответствии со Спецификацией</ns2:name>
                <ns2:customer>
                    <mainInfo>
                        <fullName>Федеральное государственное бюджетное учреждение науки Институт ядерных исследований Российской академии наук</fullName>
                        <shortName>ИЯИ РАН</shortName>
                        <iko>87728116437772801001</iko>
                        <inn>7728116437</inn>
                        <kpp>772801001</kpp>
                        <ogrn>1027739758562</ogrn>
                        <legalAddress>117312, Москва, ШЕСТИДЕСЯТИЛЕТИЯ ОКТЯБРЯ, дом 7 А</legalAddress>
                        <postalAddress>117312 Москва проспект 60-летия Октября 7А</postalAddress>
                        <phone>8-495-8519887</phone>
                        <fax>8-495-8519887</fax>
                        <email>vartan@inr.ru</email>
                        <okato>45293554000</okato>
                        <okpo>02699122</okpo>
                    </mainInfo>
                </ns2:customer>
                <ns2:purchaseMethodCode>3363</ns2:purchaseMethodCode>
                <ns2:purchaseCodeName>Закупка у единственного поставщика (исполнителя, подрядчика)</ns2:purchaseCodeName>
                <ns2:placer>
                    <mainInfo>
                        <fullName>Федеральное государственное бюджетное учреждение науки Институт ядерных исследований Российской академии наук</fullName>
                        <shortName>ИЯИ РАН</shortName>
                        <iko>87728116437772801001</iko>
                        <inn>7728116437</inn>
                        <kpp>772801001</kpp>
                        <ogrn>1027739758562</ogrn>
                        <legalAddress>117312, Москва, ШЕСТИДЕСЯТИЛЕТИЯ ОКТЯБРЯ, дом 7 А</legalAddress>
                        <postalAddress>117312 Москва проспект 60-летия Октября 7А</postalAddress>
                        <phone>8-495-8519887</phone>
                        <fax>8-495-8519887</fax>
                        <email>vartan@inr.ru</email>
                        <okato>45293554000</okato>
                        <okpo>02699122</okpo>
                    </mainInfo>
                </ns2:placer>
                <ns2:contact>
                    <phone>+8 (495) 8519887</phone>
                    <email>gavriliuk@mail.ru</email>
                    <organization>
                        <mainInfo>
                            <fullName>Федеральное государственное бюджетное учреждение науки Институт ядерных исследований Российской академии наук</fullName>
                            <shortName>ИЯИ РАН</shortName>
                            <iko>87728116437772801001</iko>
                            <inn>7728116437</inn>
                            <kpp>772801001</kpp>
                            <ogrn>1027739758562</ogrn>
                            <legalAddress>117312, Москва, ШЕСТИДЕСЯТИЛЕТИЯ ОКТЯБРЯ, дом 7 А</legalAddress>
                            <postalAddress>117312 Москва проспект 60-летия Октября 7А</postalAddress>
                            <phone>8-495-8519887</phone>
                            <fax>8-495-8519887</fax>
                            <email>vartan@inr.ru</email>
                            <okato>45293554000</okato>
                            <okpo>02699122</okpo>
                        </mainInfo>
                    </organization>
                </ns2:contact>
                <ns2:publicationDateTime>2017-03-16T16:00:54</ns2:publicationDateTime>
                <ns2:documentationDelivery/>
                <ns2:status>P</ns2:status>
                <ns2:version>1</ns2:version>
                <ns2:notDishonest>false</ns2:notDishonest>
                <ns2:attachments>
                    <totalDocumentsCount>1</totalDocumentsCount>
                    <document>
                        <guid>411decf3-d83c-469c-8e37-f60cbeb44845</guid>
                        <createDateTime>2017-03-16T16:00:20</createDateTime>
                        <fileName>CCF16032017.pdf</fileName>
                        <description>CCF16032017</description>
                        <url>http://zakupki.gov.ru/223/purchase/public/download/download.html?id=30115233</url>
                    </document>
                </ns2:attachments>
                <ns2:modificationDate>2017-03-16T16:00:54</ns2:modificationDate>
                <ns2:saveUserId>171850</ns2:saveUserId>
                <ns2:deliveryPlaceIndication>SINGLE_PLACE</ns2:deliveryPlaceIndication>
                <ns2:emergency>false</ns2:emergency>
                <ns2:jointPurchase>false</ns2:jointPurchase>
                <ns2:lots>
                    <lot>
                        <guid>105a8348-25f1-4808-ab6a-9c55f4724596</guid>
                        <ordinalNumber>1</ordinalNumber>
                        <lotEditEnabled>false</lotEditEnabled>
                        <lotData>
                            <subject>Поставка товара: диодный лазер 405 нм длины волны в соответствии со Спецификацией</subject>
                            <currency>
                                <code>RUB</code>
                                <digitalCode>643</digitalCode>
                                <name>Российский рубль</name>
                            </currency>
                            <initialSum>287823.38</initialSum>
                            <deliveryPlace>
                                <state>Центральный федеральный округ</state>
                                <region>Москва</region>
                                <regionOkato>45000000000</regionOkato>
                                <address>г. Москва г. Троицк, ул. Физическая, вл. 27</address>
                            </deliveryPlace>
                            <lotItems>
                                <newCodes>true</newCodes>
                                <lotItem>
                                    <guid>c9938052-83a4-423b-ab85-8933f719277b</guid>
                                    <ordinalNumber>1</ordinalNumber>
                                    <okpd2>
                                        <code>26.70.25.000</code>
                                        <name>Части и принадлежности устройств на жидких кристаллах, лазеров (кроме лазерных диодов), прочих оптических приборов и инструментов, не включенных в другие группировки</name>
                                    </okpd2>
                                    <okved2>
                                        <code>26.70.2</code>
                                        <name>Производство микроскопов (кроме электронных и протонных)</name>
                                    </okved2>
                                    <okei>
                                        <code>796</code>
                                        <name>Штука</name>
                                    </okei>
                                    <qty>1</qty>
                                </lotItem>
                            </lotItems>
                            <forSmallOrMiddle>false</forSmallOrMiddle>
                            <excludePurchaseFromPlan>false</excludePurchaseFromPlan>
                            <subcontractorsRequirement>false</subcontractorsRequirement>
                            <ignoredPurchase>false</ignoredPurchase>
                            <centralized>false</centralized>
                        </lotData>
                        <deliveryPlaceIndication>GL</deliveryPlaceIndication>
                        <jointLotData>
                            <jointLot>false</jointLot>
                        </jointLotData>
                        <lotPlanInfo>
                            <planRegistrationNumber>2160208851</planRegistrationNumber>
                            <planGuid>94584abd-7c1a-4091-97db-11d215ff9d60</planGuid>
                            <positionNumber>122</positionNumber>
                            <lotPlanPosition>COMMODITY</lotPlanPosition>
                            <positionGuid>6e2b7c67-de4c-41e6-b861-6fdd1f15deb8</positionGuid>
                        </lotPlanInfo>
                        <cancelled>false</cancelled>
                    </lot>
                </ns2:lots>
            </ns2:purchaseNoticeEPData>
        </ns2:item>
    </ns2:body>
</ns2:purchaseNoticeEP>
