<?xml version="1.0" encoding="UTF-8" standalone="yes"?>
<ns2:purchaseNoticeEP xsi:schemaLocation="http://zakupki.gov.ru/223/integration/schema/TFF-5.2 http://zakupki.gov.ru/223/integration/schema/TFF-5.2/purchase.xsd" xmlns="http://zakupki.gov.ru/223fz/types/1" xmlns:ns10="http://zakupki.gov.ru/223fz/purchasePlan/1" xmlns:ns11="http://zakupki.gov.ru/223fz/purchasePlanProject/1" xmlns:ns12="http://zakupki.gov.ru/223fz/purchasePlanProjectAdditionalPosition/1" xmlns:ns13="http://zakupki.gov.ru/223fz/contract/1" xmlns:ns14="http://zakupki.gov.ru/223fz/missedNotice/1" xmlns:ns15="http://zakupki.gov.ru/223fz/reference/1" xmlns:ns16="http://zakupki.gov.ru/223fz/stopCommodity/1" xmlns:ns17="http://zakupki.gov.ru/223fz/decisionSuspension/1" xmlns:ns18="http://zakupki.gov.ru/223fz/purchasePlanAdditionalPosition/1" xmlns:ns19="http://zakupki.gov.ru/223fz/webRequest/1" xmlns:ns2="http://zakupki.gov.ru/223fz/purchase/1" xmlns:xsi="http://www.w3.org/2001/XMLSchema-instance" xmlns:ns3="http://zakupki.gov.ru/223fz/dishonestSupplier/1" xmlns:ns4="http://zakupki.gov.ru/223fz/machineryListInfo/1" xmlns:ns5="http://zakupki.gov.ru/223fz/revenue/1" xmlns:ns6="http://zakupki.gov.ru/223fz/orderClauseList/1" xmlns:ns7="http://zakupki.gov.ru/223fz/disagreementProtocol/1" xmlns:ns8="http://zakupki.gov.ru/223fz/complaint/1" xmlns:ns9="http://zakupki.gov.ru/223fz/notificationIssue/1">
    <header>
        <guid>21ce96ff-9f49-4043-a331-5354a55dbdd8</guid>
        <createDateTime>2017-03-16T11:21:11</createDateTime>
    </header>
    <ns2:body>
        <ns2:item>
            <guid>953aa495-a39c-4d0e-a4fa-71d9126b40f8</guid>
            <ns2:purchaseNoticeEPData>
                <ns2:guid>953aa495-a39c-4d0e-a4fa-71d9126b40f8</ns2:guid>
                <ns2:createDateTime>2017-03-16T11:18:48</ns2:createDateTime>
                <ns2:urlOOS>https://zakupki.gov.ru/223/purchase/private/purchase/notice-info/details.html?noticeInfoId=5884040</ns2:urlOOS>
                <ns2:registrationNumber>31704896399</ns2:registrationNumber>
                <ns2:name>Поставка тепловой энергии для обособленного подразделения "Екатеринбургское" АО "ГУ ЖКХ" (Свердловская область, г. Лесной)</ns2:name>
                <ns2:customer>
                    <mainInfo>
                        <fullName>АКЦИОНЕРНОЕ ОБЩЕСТВО "ГЛАВНОЕ УПРАВЛЕНИЕ ЖИЛИЩНО-КОММУНАЛЬНОГО ХОЗЯЙСТВА"</fullName>
                        <shortName>АО "ГУ ЖКХ"</shortName>
                        <iko>55116000922511601001</iko>
                        <inn>5116000922</inn>
                        <kpp>770401001</kpp>
                        <ogrn>1095110000325</ogrn>
                        <legalAddress>119021, г МОСКВА, пр-кт КОМСОМОЛЬСКИЙ, дом ДОМ 18, корпус СТРОЕНИЕ 3</legalAddress>
                        <postalAddress>119021, дом 18, строение 3</postalAddress>
                        <phone>7-499-7909111</phone>
                        <email>ZaicevVV@GUZHKH.RU</email>
                        <okato>47525000000</okato>
                        <okpo>08267116</okpo>
                    </mainInfo>
                </ns2:customer>
                <ns2:purchaseMethodCode>3363</ns2:purchaseMethodCode>
                <ns2:purchaseCodeName>Закупка у единственного поставщика (исполнителя, подрядчика)</ns2:purchaseCodeName>
                <ns2:placer>
                    <mainInfo>
                        <fullName>АКЦИОНЕРНОЕ ОБЩЕСТВО "ГЛАВНОЕ УПРАВЛЕНИЕ ЖИЛИЩНО-КОММУНАЛЬНОГО ХОЗЯЙСТВА"</fullName>
                        <shortName>АО "ГУ ЖКХ"</shortName>
                        <iko>55116000922511601001</iko>
                        <inn>5116000922</inn>
                        <kpp>770401001</kpp>
                        <ogrn>1095110000325</ogrn>
                        <legalAddress>119021, г МОСКВА, пр-кт КОМСОМОЛЬСКИЙ, дом ДОМ 18, корпус СТРОЕНИЕ 3</legalAddress>
                        <postalAddress>119021, дом 18, строение 3</postalAddress>
                        <phone>7-499-7909111</phone>
                        <email>ZaicevVV@GUZHKH.RU</email>
                        <okato>47525000000</okato>
                        <okpo>08267116</okpo>
                    </mainInfo>
                </ns2:placer>
                <ns2:contact>
                    <firstName>Михаил</firstName>
                    <middleName>Сергеевич</middleName>
                    <lastName>Чиганаев</lastName>
                    <phone>+7 (499) 7909111, доб.: 236</phone>
                    <email> ChiganaevMS@GUZHKH.RU</email>
                    <organization>
                        <mainInfo>
                            <fullName>АКЦИОНЕРНОЕ ОБЩЕСТВО "ГЛАВНОЕ УПРАВЛЕНИЕ ЖИЛИЩНО-КОММУНАЛЬНОГО ХОЗЯЙСТВА"</fullName>
                            <shortName>АО "ГУ ЖКХ"</shortName>
                            <iko>55116000922511601001</iko>
                            <inn>5116000922</inn>
                            <kpp>770401001</kpp>
                            <ogrn>1095110000325</ogrn>
                            <legalAddress>119021, г МОСКВА, пр-кт КОМСОМОЛЬСКИЙ, дом ДОМ 18, корпус СТРОЕНИЕ 3</legalAddress>
                            <postalAddress>119021, дом 18, строение 3</postalAddress>
                            <phone>7-499-7909111</phone>
                            <email>ZaicevVV@GUZHKH.RU</email>
                            <okato>47525000000</okato>
                            <okpo>08267116</okpo>
                        </mainInfo>
                    </organization>
                </ns2:contact>
                <ns2:publicationDateTime>2017-03-16T11:21:11</ns2:publicationDateTime>
                <ns2:documentationDelivery/>
                <ns2:status>P</ns2:status>
                <ns2:version>1</ns2:version>
                <ns2:notDishonest>true</ns2:notDishonest>
                <ns2:attachments>
                    <totalDocumentsCount>5</totalDocumentsCount>
                    <document>
                        <guid>454fb068-c21f-410f-a3de-8bcfc6a2134b</guid>
                        <createDateTime>2017-03-16T11:20:24</createDateTime>
                        <fileName>3  Техническое задание - с испр..docx</fileName>
                        <description>3  Техническое задание - с испр.</description>
                        <url>http://zakupki.gov.ru/223/purchase/public/download/download.html?id=30099632</url>
                    </document>
                    <document>
                        <guid>26e7c422-a7d6-46be-a87c-3b6195730d28</guid>
                        <createDateTime>2017-03-16T11:20:42</createDateTime>
                        <fileName>Договор № 067-26-110-2016.pdf</fileName>
                        <description>Договор № 067-26-110-2016</description>
                        <url>http://zakupki.gov.ru/223/purchase/public/download/download.html?id=30099652</url>
                    </document>
                    <document>
                        <guid>6a66f895-d915-4c74-9a95-cca131bea486</guid>
                        <createDateTime>2017-03-16T11:20:28</createDateTime>
                        <fileName>4. Расчет РНЦ_с испр..pdf</fileName>
                        <description>4. Расчет РНЦ_с испр.</description>
                        <url>http://zakupki.gov.ru/223/purchase/public/download/download.html?id=30099636</url>
                    </document>
                    <document>
                        <guid>7a1083ac-f3e1-4ecf-af87-c5a0bf7e51ca</guid>
                        <createDateTime>2017-03-16T11:20:48</createDateTime>
                        <fileName>Извещение рсо.doc</fileName>
                        <description>Извещение рсо</description>
                        <url>http://zakupki.gov.ru/223/purchase/public/download/download.html?id=30099659</url>
                    </document>
                    <document>
                        <guid>ee9c7f87-931d-4989-8a49-55fdb6e49b51</guid>
                        <createDateTime>2017-03-16T11:20:53</createDateTime>
                        <fileName>Протокол разногласий к Договору ЭХП ПАр 2017.docx</fileName>
                        <description>Протокол разногласий к Договору ЭХП ПАр 2017</description>
                        <url>http://zakupki.gov.ru/223/purchase/public/download/download.html?id=30099663</url>
                    </document>
                </ns2:attachments>
                <ns2:modificationDate>2017-03-16T11:21:11</ns2:modificationDate>
                <ns2:saveUserId>221696</ns2:saveUserId>
                <ns2:deliveryPlaceIndication>DIFFERENT_PLACE</ns2:deliveryPlaceIndication>
                <ns2:emergency>false</ns2:emergency>
                <ns2:jointPurchase>false</ns2:jointPurchase>
                <ns2:lots>
                    <lot>
                        <guid>888820e3-6ea2-4cc3-9dd9-7a56b8c4e14d</guid>
                        <ordinalNumber>1</ordinalNumber>
                        <lotEditEnabled>false</lotEditEnabled>
                        <lotData>
                            <subject>Поставка тепловой энергии для обособленного подразделения "Екатеринбургское" АО "ГУ ЖКХ" (Свердловская область, г. Лесной)</subject>
                            <currency>
                                <code>RUB</code>
                                <digitalCode>643</digitalCode>
                                <name>Российский рубль</name>
                            </currency>
                            <initialSum>24603494.07</initialSum>
                            <deliveryPlace>
                                <state>Уральский федеральный округ</state>
                                <region>Свердловская   обл</region>
                                <regionOkato>65000000000</regionOkato>
                                <address>В соответствии с техническим заданием</address>
                            </deliveryPlace>
                            <lotItems>
                                <newCodes>true</newCodes>
                                <lotItem>
                                    <guid>340922ff-8dc9-4807-a0cd-e27695499be9</guid>
                                    <ordinalNumber>1</ordinalNumber>
                                    <okpd2>
                                        <code>35.30</code>
                                        <name>Услуги по снабжению паром и кондиционированию воздуха</name>
                                    </okpd2>
                                    <okved2>
                                        <code>35.30</code>
                                        <name>Производство, передача и распределение пара и горячей воды; кондиционирование воздуха</name>
                                    </okved2>
                                    <okei>
                                        <code>233</code>
                                        <name>Гигакалория</name>
                                    </okei>
                                    <qty>22804.551</qty>
                                </lotItem>
                                <lotItem>
                                    <guid>13e76225-5c54-419e-8ceb-ed971b5133b7</guid>
                                    <ordinalNumber>2</ordinalNumber>
                                    <okpd2>
                                        <code>35.30</code>
                                        <name>Услуги по снабжению паром и кондиционированию воздуха</name>
                                    </okpd2>
                                    <okved2>
                                        <code>35.30</code>
                                        <name>Производство, передача и распределение пара и горячей воды; кондиционирование воздуха</name>
                                    </okved2>
                                    <okei>
                                        <code>113</code>
                                        <name>Кубический метр</name>
                                    </okei>
                                    <qty>30712.773</qty>
                                </lotItem>
                            </lotItems>
                            <forSmallOrMiddle>false</forSmallOrMiddle>
                            <excludePurchaseFromPlan>false</excludePurchaseFromPlan>
                            <subcontractorsRequirement>false</subcontractorsRequirement>
                            <ignoredPurchase>true</ignoredPurchase>
                            <purchaseCategory>
                                <code>8</code>
                                <name>Закупки услуг по водоснабжению, водоотведению, теплоснабжению и газоснабжению (за исключением услуг по реализации сжиженного газа), а также по подключению (присоединению) к сетям инженерно-технического обеспечения по регулируемым в соответствии с законодательством Российской Федерации ценам (тарифам)</name>
                            </purchaseCategory>
                            <centralized>false</centralized>
                        </lotData>
                        <deliveryPlaceIndication>GL</deliveryPlaceIndication>
                        <jointLotData>
                            <jointLot>false</jointLot>
                        </jointLotData>
                        <lotPlanInfo>
                            <planRegistrationNumber>2160197754</planRegistrationNumber>
                            <planGuid>5e15102f-f315-4169-a029-0a4cfc79b56a</planGuid>
                            <positionNumber>421</positionNumber>
                            <lotPlanPosition>COMMODITY</lotPlanPosition>
                            <positionGuid>6950c571-de50-4ae0-ab0c-e8f959fc34d3</positionGuid>
                        </lotPlanInfo>
                        <cancelled>false</cancelled>
                    </lot>
                </ns2:lots>
            </ns2:purchaseNoticeEPData>
        </ns2:item>
    </ns2:body>
</ns2:purchaseNoticeEP>
