<?xml version="1.0" encoding="UTF-8" standalone="yes"?>
<ns2:purchaseNoticeEP xsi:schemaLocation="http://zakupki.gov.ru/223/integration/schema/TFF-5.2 http://zakupki.gov.ru/223/integration/schema/TFF-5.2/purchase.xsd" xmlns="http://zakupki.gov.ru/223fz/types/1" xmlns:ns10="http://zakupki.gov.ru/223fz/purchasePlan/1" xmlns:ns11="http://zakupki.gov.ru/223fz/purchasePlanProject/1" xmlns:ns12="http://zakupki.gov.ru/223fz/purchasePlanProjectAdditionalPosition/1" xmlns:ns13="http://zakupki.gov.ru/223fz/contract/1" xmlns:ns14="http://zakupki.gov.ru/223fz/missedNotice/1" xmlns:ns15="http://zakupki.gov.ru/223fz/reference/1" xmlns:ns16="http://zakupki.gov.ru/223fz/stopCommodity/1" xmlns:ns17="http://zakupki.gov.ru/223fz/decisionSuspension/1" xmlns:ns18="http://zakupki.gov.ru/223fz/purchasePlanAdditionalPosition/1" xmlns:ns19="http://zakupki.gov.ru/223fz/webRequest/1" xmlns:ns2="http://zakupki.gov.ru/223fz/purchase/1" xmlns:xsi="http://www.w3.org/2001/XMLSchema-instance" xmlns:ns3="http://zakupki.gov.ru/223fz/dishonestSupplier/1" xmlns:ns4="http://zakupki.gov.ru/223fz/machineryListInfo/1" xmlns:ns5="http://zakupki.gov.ru/223fz/revenue/1" xmlns:ns6="http://zakupki.gov.ru/223fz/orderClauseList/1" xmlns:ns7="http://zakupki.gov.ru/223fz/disagreementProtocol/1" xmlns:ns8="http://zakupki.gov.ru/223fz/complaint/1" xmlns:ns9="http://zakupki.gov.ru/223fz/notificationIssue/1">
    <header>
        <guid>b8737789-9a8c-41cc-bbf8-6384dbaf2ff1</guid>
        <createDateTime>2017-03-16T16:08:11</createDateTime>
    </header>
    <ns2:body>
        <ns2:item>
            <guid>1dcbae44-f5d9-43f6-a0b0-31e18599bd08</guid>
            <ns2:purchaseNoticeEPData>
                <ns2:guid>1dcbae44-f5d9-43f6-a0b0-31e18599bd08</ns2:guid>
                <ns2:createDateTime>2017-03-16T15:55:03</ns2:createDateTime>
                <ns2:urlOOS>https://zakupki.gov.ru/223/purchase/private/purchase/notice-info/details.html?noticeInfoId=5887124</ns2:urlOOS>
                <ns2:registrationNumber>31704898994</ns2:registrationNumber>
                <ns2:name>Поставка полиграфической продукции</ns2:name>
                <ns2:customer>
                    <mainInfo>
                        <fullName>федеральное государственное бюджетное учреждение "Центральная клиническая больница с поликлиникой" Управления делами Президента Российской Федерации</fullName>
                        <shortName>ФГБУ "ЦКБ с поликлиникой"</shortName>
                        <iko>87731082971773101001</iko>
                        <inn>7731082971</inn>
                        <kpp>773101001</kpp>
                        <ogrn>1037700201131</ogrn>
                        <legalAddress>121359, Москва, ТИМОШЕНКО МАРШАЛА, дом 15</legalAddress>
                        <postalAddress>121359, г. Москва, ул. Маршала Тимошенко, д. 15</postalAddress>
                        <phone>7-495-5300167</phone>
                        <fax>7-495-4150394</fax>
                        <email>cchtorg@mail.ru</email>
                        <okato>45268562000</okato>
                        <okpo>01914647</okpo>
                    </mainInfo>
                </ns2:customer>
                <ns2:purchaseMethodCode>3363</ns2:purchaseMethodCode>
                <ns2:purchaseCodeName>Закупка у единственного поставщика (исполнителя, подрядчика)</ns2:purchaseCodeName>
                <ns2:placer>
                    <mainInfo>
                        <fullName>федеральное государственное бюджетное учреждение "Центральная клиническая больница с поликлиникой" Управления делами Президента Российской Федерации</fullName>
                        <shortName>ФГБУ "ЦКБ с поликлиникой"</shortName>
                        <iko>87731082971773101001</iko>
                        <inn>7731082971</inn>
                        <kpp>773101001</kpp>
                        <ogrn>1037700201131</ogrn>
                        <legalAddress>121359, Москва, ТИМОШЕНКО МАРШАЛА, дом 15</legalAddress>
                        <postalAddress>121359, г. Москва, ул. Маршала Тимошенко, д. 15</postalAddress>
                        <phone>7-495-5300167</phone>
                        <fax>7-495-4150394</fax>
                        <email>cchtorg@mail.ru</email>
                        <okato>45268562000</okato>
                        <okpo>01914647</okpo>
                    </mainInfo>
                </ns2:placer>
                <ns2:contact>
                    <firstName>Анна</firstName>
                    <middleName>Юрьевна</middleName>
                    <lastName>Евстигнеева</lastName>
                    <phone>+7 (495) 5300075</phone>
                    <fax>+7 (495) 4150394</fax>
                    <email>cchtorg@mail.ru</email>
                    <organization>
                        <mainInfo>
                            <fullName>федеральное государственное бюджетное учреждение "Центральная клиническая больница с поликлиникой" Управления делами Президента Российской Федерации</fullName>
                            <shortName>ФГБУ "ЦКБ с поликлиникой"</shortName>
                            <iko>87731082971773101001</iko>
                            <inn>7731082971</inn>
                            <kpp>773101001</kpp>
                            <ogrn>1037700201131</ogrn>
                            <legalAddress>121359, Москва, ТИМОШЕНКО МАРШАЛА, дом 15</legalAddress>
                            <postalAddress>121359, г. Москва, ул. Маршала Тимошенко, д. 15</postalAddress>
                            <phone>7-495-5300167</phone>
                            <fax>7-495-4150394</fax>
                            <email>cchtorg@mail.ru</email>
                            <okato>45268562000</okato>
                            <okpo>01914647</okpo>
                        </mainInfo>
                    </organization>
                </ns2:contact>
                <ns2:publicationDateTime>2017-03-16T16:08:11</ns2:publicationDateTime>
                <ns2:documentationDelivery/>
                <ns2:status>P</ns2:status>
                <ns2:version>1</ns2:version>
                <ns2:notDishonest>false</ns2:notDishonest>
                <ns2:attachments>
                    <totalDocumentsCount>1</totalDocumentsCount>
                    <document>
                        <guid>0a09f189-5d40-4f76-99ff-2751d88e84b8</guid>
                        <createDateTime>2017-03-16T16:07:33</createDateTime>
                        <fileName>Документация с Ед. поставщиком.docx</fileName>
                        <description>Документация с Ед. поставщиком</description>
                        <url>http://zakupki.gov.ru/223/purchase/public/download/download.html?id=30115692</url>
                    </document>
                </ns2:attachments>
                <ns2:modificationDate>2017-03-16T16:08:11</ns2:modificationDate>
                <ns2:saveUserId>204430</ns2:saveUserId>
                <ns2:deliveryPlaceIndication>DIFFERENT_PLACE</ns2:deliveryPlaceIndication>
                <ns2:emergency>false</ns2:emergency>
                <ns2:jointPurchase>false</ns2:jointPurchase>
                <ns2:lots>
                    <lot>
                        <guid>810f33ab-dc73-40fd-9f10-4c3e04a84dce</guid>
                        <ordinalNumber>1</ordinalNumber>
                        <lotEditEnabled>false</lotEditEnabled>
                        <lotData>
                            <subject>Поставка полиграфической продукции</subject>
                            <currency>
                                <code>RUB</code>
                                <digitalCode>643</digitalCode>
                                <name>Российский рубль</name>
                            </currency>
                            <initialSum>497800.00</initialSum>
                            <deliveryPlace>
                                <state>Центральный федеральный округ</state>
                                <region>Москва</region>
                                <regionOkato>45000000000</regionOkato>
                                <address>121359, г. Москва, ул. Маршала Тимошенко, д. 15</address>
                            </deliveryPlace>
                            <lotItems>
                                <newCodes>true</newCodes>
                                <lotItem>
                                    <guid>6efcda2e-7eec-44b6-9bd8-f73ce376b06c</guid>
                                    <ordinalNumber>1</ordinalNumber>
                                    <okpd2>
                                        <code>58.19.19.190</code>
                                        <name>Продукция издательская печатная прочая, не включенная в другие группировки</name>
                                    </okpd2>
                                    <okved2>
                                        <code>58.19</code>
                                        <name>Виды издательской деятельности прочие</name>
                                    </okved2>
                                    <okei>
                                        <code>796</code>
                                        <name>Штука</name>
                                    </okei>
                                    <qty>11524</qty>
                                </lotItem>
                            </lotItems>
                            <forSmallOrMiddle>false</forSmallOrMiddle>
                            <excludePurchaseFromPlan>false</excludePurchaseFromPlan>
                            <subcontractorsRequirement>false</subcontractorsRequirement>
                            <ignoredPurchase>false</ignoredPurchase>
                            <centralized>false</centralized>
                        </lotData>
                        <deliveryPlaceIndication>GL</deliveryPlaceIndication>
                        <jointLotData>
                            <jointLot>false</jointLot>
                        </jointLotData>
                        <lotPlanInfo>
                            <planRegistrationNumber>2160198717</planRegistrationNumber>
                            <planGuid>17088bbb-a1c4-40ad-83f1-9f1e9e17c951</planGuid>
                            <positionNumber>111</positionNumber>
                            <lotPlanPosition>COMMODITY</lotPlanPosition>
                            <positionGuid>8e80fd68-9c7e-4779-850b-00fbd781d4fd</positionGuid>
                        </lotPlanInfo>
                        <cancelled>false</cancelled>
                    </lot>
                </ns2:lots>
            </ns2:purchaseNoticeEPData>
        </ns2:item>
    </ns2:body>
</ns2:purchaseNoticeEP>
