<?xml version="1.0" encoding="UTF-8" standalone="yes"?>
<ns2:purchaseNoticeEP xsi:schemaLocation="http://zakupki.gov.ru/223/integration/schema/TFF-5.2 http://zakupki.gov.ru/223/integration/schema/TFF-5.2/purchase.xsd" xmlns="http://zakupki.gov.ru/223fz/types/1" xmlns:ns10="http://zakupki.gov.ru/223fz/purchasePlan/1" xmlns:ns11="http://zakupki.gov.ru/223fz/purchasePlanProject/1" xmlns:ns12="http://zakupki.gov.ru/223fz/purchasePlanProjectAdditionalPosition/1" xmlns:ns13="http://zakupki.gov.ru/223fz/contract/1" xmlns:ns14="http://zakupki.gov.ru/223fz/missedNotice/1" xmlns:ns15="http://zakupki.gov.ru/223fz/reference/1" xmlns:ns16="http://zakupki.gov.ru/223fz/stopCommodity/1" xmlns:ns17="http://zakupki.gov.ru/223fz/decisionSuspension/1" xmlns:ns18="http://zakupki.gov.ru/223fz/purchasePlanAdditionalPosition/1" xmlns:ns19="http://zakupki.gov.ru/223fz/webRequest/1" xmlns:ns2="http://zakupki.gov.ru/223fz/purchase/1" xmlns:xsi="http://www.w3.org/2001/XMLSchema-instance" xmlns:ns3="http://zakupki.gov.ru/223fz/dishonestSupplier/1" xmlns:ns4="http://zakupki.gov.ru/223fz/machineryListInfo/1" xmlns:ns5="http://zakupki.gov.ru/223fz/revenue/1" xmlns:ns6="http://zakupki.gov.ru/223fz/orderClauseList/1" xmlns:ns7="http://zakupki.gov.ru/223fz/disagreementProtocol/1" xmlns:ns8="http://zakupki.gov.ru/223fz/complaint/1" xmlns:ns9="http://zakupki.gov.ru/223fz/notificationIssue/1">
    <header>
        <guid>7126cca3-80ac-44d6-96dd-120d3da466a0</guid>
        <createDateTime>2017-03-16T13:06:20</createDateTime>
    </header>
    <ns2:body>
        <ns2:item>
            <guid>61b9ea0f-a503-4626-866b-bcb9e73460a7</guid>
            <ns2:purchaseNoticeEPData>
                <ns2:guid>61b9ea0f-a503-4626-866b-bcb9e73460a7</ns2:guid>
                <ns2:createDateTime>2017-03-16T13:02:50</ns2:createDateTime>
                <ns2:urlOOS>https://zakupki.gov.ru/223/purchase/private/purchase/notice-info/details.html?noticeInfoId=5885069</ns2:urlOOS>
                <ns2:registrationNumber>31704897253</ns2:registrationNumber>
                <ns2:name>Выполнение работ по ремонту системы охранно-пожарной сигнализации  в здании общежития Колледжа геодезии и картографии</ns2:name>
                <ns2:customer>
                    <mainInfo>
                        <fullName>ФЕДЕРАЛЬНОЕ ГОСУДАРСТВЕННОЕ БЮДЖЕТНОЕ ОБРАЗОВАТЕЛЬНОЕ УЧРЕЖДЕНИЕ ВЫСШЕГО ОБРАЗОВАНИЯ "МОСКОВСКИЙ ГОСУДАРСТВЕННЫЙ УНИВЕРСИТЕТ ГЕОДЕЗИИ И КАРТОГРАФИИ"</fullName>
                        <shortName>МИИГАИК</shortName>
                        <iko>87701012399770101001</iko>
                        <inn>7701012399</inn>
                        <kpp>770101001</kpp>
                        <ogrn>1027700350699</ogrn>
                        <legalAddress>105064, Г МОСКВА, ПЕР ГОРОХОВСКИЙ, дом 4</legalAddress>
                        <postalAddress>105064, Москва, Гороховский, дом 4</postalAddress>
                        <phone>7-499-2622720</phone>
                        <email>ecp@miigaik.ru</email>
                        <okato>45286555000</okato>
                        <okpo>02068781</okpo>
                    </mainInfo>
                </ns2:customer>
                <ns2:purchaseMethodCode>3363</ns2:purchaseMethodCode>
                <ns2:purchaseCodeName>Закупка у единственного поставщика (исполнителя, подрядчика)</ns2:purchaseCodeName>
                <ns2:placer>
                    <mainInfo>
                        <fullName>ФЕДЕРАЛЬНОЕ ГОСУДАРСТВЕННОЕ БЮДЖЕТНОЕ ОБРАЗОВАТЕЛЬНОЕ УЧРЕЖДЕНИЕ ВЫСШЕГО ОБРАЗОВАНИЯ "МОСКОВСКИЙ ГОСУДАРСТВЕННЫЙ УНИВЕРСИТЕТ ГЕОДЕЗИИ И КАРТОГРАФИИ"</fullName>
                        <shortName>МИИГАИК</shortName>
                        <iko>87701012399770101001</iko>
                        <inn>7701012399</inn>
                        <kpp>770101001</kpp>
                        <ogrn>1027700350699</ogrn>
                        <legalAddress>105064, Г МОСКВА, ПЕР ГОРОХОВСКИЙ, дом 4</legalAddress>
                        <postalAddress>105064, Москва, Гороховский, дом 4</postalAddress>
                        <phone>7-499-2622720</phone>
                        <email>ecp@miigaik.ru</email>
                        <okato>45286555000</okato>
                        <okpo>02068781</okpo>
                    </mainInfo>
                </ns2:placer>
                <ns2:contact>
                    <phone>+7 (499) 2622720</phone>
                    <email>tatyana-fa@yandex.ru</email>
                    <organization>
                        <mainInfo>
                            <fullName>ФЕДЕРАЛЬНОЕ ГОСУДАРСТВЕННОЕ БЮДЖЕТНОЕ ОБРАЗОВАТЕЛЬНОЕ УЧРЕЖДЕНИЕ ВЫСШЕГО ОБРАЗОВАНИЯ "МОСКОВСКИЙ ГОСУДАРСТВЕННЫЙ УНИВЕРСИТЕТ ГЕОДЕЗИИ И КАРТОГРАФИИ"</fullName>
                            <shortName>МИИГАИК</shortName>
                            <iko>87701012399770101001</iko>
                            <inn>7701012399</inn>
                            <kpp>770101001</kpp>
                            <ogrn>1027700350699</ogrn>
                            <legalAddress>105064, Г МОСКВА, ПЕР ГОРОХОВСКИЙ, дом 4</legalAddress>
                            <postalAddress>105064, Москва, Гороховский, дом 4</postalAddress>
                            <phone>7-499-2622720</phone>
                            <email>ecp@miigaik.ru</email>
                            <okato>45286555000</okato>
                            <okpo>02068781</okpo>
                        </mainInfo>
                    </organization>
                </ns2:contact>
                <ns2:publicationDateTime>2017-03-16T13:06:20</ns2:publicationDateTime>
                <ns2:documentationDelivery/>
                <ns2:status>P</ns2:status>
                <ns2:version>1</ns2:version>
                <ns2:notDishonest>false</ns2:notDishonest>
                <ns2:attachments>
                    <totalDocumentsCount>1</totalDocumentsCount>
                    <document>
                        <guid>4a753dc7-2ee2-434d-af55-65466b3807da</guid>
                        <createDateTime>2017-03-16T13:05:21</createDateTime>
                        <fileName>Проект дог. на ремонт АПС в общеж. 17 г.doc</fileName>
                        <description>Проект дог. на ремонт АПС в общеж. 17 г</description>
                        <url>http://zakupki.gov.ru/223/purchase/public/download/download.html?id=30105214</url>
                    </document>
                </ns2:attachments>
                <ns2:modificationDate>2017-03-16T13:06:20</ns2:modificationDate>
                <ns2:saveUserId>225051</ns2:saveUserId>
                <ns2:deliveryPlaceIndication>SINGLE_PLACE</ns2:deliveryPlaceIndication>
                <ns2:emergency>false</ns2:emergency>
                <ns2:jointPurchase>false</ns2:jointPurchase>
                <ns2:lots>
                    <lot>
                        <guid>5eab2525-8697-421e-bee0-ef8fa0f41cb7</guid>
                        <ordinalNumber>1</ordinalNumber>
                        <lotEditEnabled>false</lotEditEnabled>
                        <lotData>
                            <subject>Выполнение работ по ремонту системы охранно-пожарной сигнализации  в здании общежития Колледжа геодезии и картографии</subject>
                            <currency>
                                <code>RUB</code>
                                <digitalCode>643</digitalCode>
                                <name>Российский рубль</name>
                            </currency>
                            <initialSum>296857.36</initialSum>
                            <deliveryPlace>
                                <state>Центральный федеральный округ</state>
                                <region>Москва</region>
                                <regionOkato>45000000000</regionOkato>
                                <address>ул. Молодогвардейская, д. 11, корп. 2</address>
                            </deliveryPlace>
                            <lotItems>
                                <newCodes>true</newCodes>
                                <lotItem>
                                    <guid>92f97a27-64bc-4245-a8be-479986a4e807</guid>
                                    <ordinalNumber>1</ordinalNumber>
                                    <okpd2>
                                        <code>43.21.10.140</code>
                                        <name>Работы по монтажу систем пожарной сигнализации и охранной сигнализации</name>
                                    </okpd2>
                                    <okved2>
                                        <code>43.21</code>
                                        <name>Производство электромонтажных работ</name>
                                    </okved2>
                                    <okei>
                                        <code>876</code>
                                        <name>Условная единица</name>
                                    </okei>
                                    <qty>1</qty>
                                </lotItem>
                            </lotItems>
                            <forSmallOrMiddle>false</forSmallOrMiddle>
                            <excludePurchaseFromPlan>false</excludePurchaseFromPlan>
                            <subcontractorsRequirement>false</subcontractorsRequirement>
                            <ignoredPurchase>false</ignoredPurchase>
                            <centralized>false</centralized>
                        </lotData>
                        <deliveryPlaceIndication>GL</deliveryPlaceIndication>
                        <jointLotData>
                            <jointLot>false</jointLot>
                        </jointLotData>
                        <lotPlanInfo>
                            <planRegistrationNumber>2170225377</planRegistrationNumber>
                            <planGuid>b7bc2241-99c0-4e8a-9047-fae980700d0e</planGuid>
                            <positionNumber>15</positionNumber>
                            <lotPlanPosition>COMMODITY</lotPlanPosition>
                            <positionGuid>83cdb727-e0bf-4892-8a0c-0c719a7b713f</positionGuid>
                        </lotPlanInfo>
                        <cancelled>false</cancelled>
                    </lot>
                </ns2:lots>
            </ns2:purchaseNoticeEPData>
        </ns2:item>
    </ns2:body>
</ns2:purchaseNoticeEP>
