<?xml version="1.0" encoding="UTF-8" standalone="yes"?>
<ns2:purchaseNoticeEP xsi:schemaLocation="http://zakupki.gov.ru/223/integration/schema/TFF-5.2 http://zakupki.gov.ru/223/integration/schema/TFF-5.2/purchase.xsd" xmlns="http://zakupki.gov.ru/223fz/types/1" xmlns:ns10="http://zakupki.gov.ru/223fz/purchasePlan/1" xmlns:ns11="http://zakupki.gov.ru/223fz/purchasePlanProject/1" xmlns:ns12="http://zakupki.gov.ru/223fz/purchasePlanProjectAdditionalPosition/1" xmlns:ns13="http://zakupki.gov.ru/223fz/contract/1" xmlns:ns14="http://zakupki.gov.ru/223fz/missedNotice/1" xmlns:ns15="http://zakupki.gov.ru/223fz/reference/1" xmlns:ns16="http://zakupki.gov.ru/223fz/stopCommodity/1" xmlns:ns17="http://zakupki.gov.ru/223fz/decisionSuspension/1" xmlns:ns18="http://zakupki.gov.ru/223fz/purchasePlanAdditionalPosition/1" xmlns:ns19="http://zakupki.gov.ru/223fz/webRequest/1" xmlns:ns2="http://zakupki.gov.ru/223fz/purchase/1" xmlns:xsi="http://www.w3.org/2001/XMLSchema-instance" xmlns:ns3="http://zakupki.gov.ru/223fz/dishonestSupplier/1" xmlns:ns4="http://zakupki.gov.ru/223fz/machineryListInfo/1" xmlns:ns5="http://zakupki.gov.ru/223fz/revenue/1" xmlns:ns6="http://zakupki.gov.ru/223fz/orderClauseList/1" xmlns:ns7="http://zakupki.gov.ru/223fz/disagreementProtocol/1" xmlns:ns8="http://zakupki.gov.ru/223fz/complaint/1" xmlns:ns9="http://zakupki.gov.ru/223fz/notificationIssue/1">
    <header>
        <guid>1e473497-5c81-4406-8c50-bcf4c75b4890</guid>
        <createDateTime>2017-03-16T16:26:33</createDateTime>
    </header>
    <ns2:body>
        <ns2:item>
            <guid>9bc14448-5ec8-4dbb-a7fb-fd838e09257f</guid>
            <ns2:purchaseNoticeEPData>
                <ns2:guid>9bc14448-5ec8-4dbb-a7fb-fd838e09257f</ns2:guid>
                <ns2:createDateTime>2017-03-16T16:24:08</ns2:createDateTime>
                <ns2:urlOOS>https://zakupki.gov.ru/223/purchase/private/purchase/notice-info/details.html?noticeInfoId=5887471</ns2:urlOOS>
                <ns2:registrationNumber>31704899178</ns2:registrationNumber>
                <ns2:name>Проведение  контроля качества дезинфекции эндоскопов и машин для обработки эндоскопов</ns2:name>
                <ns2:customer>
                    <mainInfo>
                        <fullName>ФЕДЕРАЛЬНОЕ ГОСУДАРСТВЕННОЕ БЮДЖЕТНОЕ УЧРЕЖДЕНИЕ "ЦЕНТРАЛЬНЫЙ НАУЧНО-ИССЛЕДОВАТЕЛЬСКИЙ ИНСТИТУТ СТОМАТОЛОГИИ И ЧЕЛЮСТНО-ЛИЦЕВОЙ ХИРУРГИИ" МИНИСТЕРСТВА ЗДРАВООХРАНЕНИЯ РОССИЙСКОЙ ФЕДЕРАЦИИ</fullName>
                        <shortName>ФГБУ "ЦНИИСИЧЛХ" МИНЗДРАВА РОССИИ</shortName>
                        <iko>87704115177770401001</iko>
                        <inn>7704115177</inn>
                        <kpp>770401001</kpp>
                        <ogrn>1037739448460</ogrn>
                        <legalAddress>119991, Г МОСКВА, УЛ ТИМУРА ФРУНЗЕ, дом ДОМ 16</legalAddress>
                        <postalAddress>119034, Москва Город, Тимура Фрунзе Улица, дом 16</postalAddress>
                        <phone>7-499-2450661</phone>
                        <fax>7-499-2465577</fax>
                        <email>kulakov@cniis.ru</email>
                        <okato>45286590000</okato>
                        <okpo>01897630</okpo>
                    </mainInfo>
                </ns2:customer>
                <ns2:purchaseMethodCode>3363</ns2:purchaseMethodCode>
                <ns2:purchaseCodeName>Закупка у единственного поставщика (исполнителя, подрядчика)</ns2:purchaseCodeName>
                <ns2:placer>
                    <mainInfo>
                        <fullName>ФЕДЕРАЛЬНОЕ ГОСУДАРСТВЕННОЕ БЮДЖЕТНОЕ УЧРЕЖДЕНИЕ "ЦЕНТРАЛЬНЫЙ НАУЧНО-ИССЛЕДОВАТЕЛЬСКИЙ ИНСТИТУТ СТОМАТОЛОГИИ И ЧЕЛЮСТНО-ЛИЦЕВОЙ ХИРУРГИИ" МИНИСТЕРСТВА ЗДРАВООХРАНЕНИЯ РОССИЙСКОЙ ФЕДЕРАЦИИ</fullName>
                        <shortName>ФГБУ "ЦНИИСИЧЛХ" МИНЗДРАВА РОССИИ</shortName>
                        <iko>87704115177770401001</iko>
                        <inn>7704115177</inn>
                        <kpp>770401001</kpp>
                        <ogrn>1037739448460</ogrn>
                        <legalAddress>119991, Г МОСКВА, УЛ ТИМУРА ФРУНЗЕ, дом ДОМ 16</legalAddress>
                        <postalAddress>119034, Москва Город, Тимура Фрунзе Улица, дом 16</postalAddress>
                        <phone>7-499-2450661</phone>
                        <fax>7-499-2465577</fax>
                        <email>kulakov@cniis.ru</email>
                        <okato>45286590000</okato>
                        <okpo>01897630</okpo>
                    </mainInfo>
                </ns2:placer>
                <ns2:contact>
                    <firstName>Оксана</firstName>
                    <middleName>Александровна</middleName>
                    <lastName>Дильдина</lastName>
                    <phone>+7 (499) 2450661</phone>
                    <email>zakupki_cniis2014@list.ru</email>
                    <organization>
                        <mainInfo>
                            <fullName>ФЕДЕРАЛЬНОЕ ГОСУДАРСТВЕННОЕ БЮДЖЕТНОЕ УЧРЕЖДЕНИЕ "ЦЕНТРАЛЬНЫЙ НАУЧНО-ИССЛЕДОВАТЕЛЬСКИЙ ИНСТИТУТ СТОМАТОЛОГИИ И ЧЕЛЮСТНО-ЛИЦЕВОЙ ХИРУРГИИ" МИНИСТЕРСТВА ЗДРАВООХРАНЕНИЯ РОССИЙСКОЙ ФЕДЕРАЦИИ</fullName>
                            <shortName>ФГБУ "ЦНИИСИЧЛХ" МИНЗДРАВА РОССИИ</shortName>
                            <iko>87704115177770401001</iko>
                            <inn>7704115177</inn>
                            <kpp>770401001</kpp>
                            <ogrn>1037739448460</ogrn>
                            <legalAddress>119991, Г МОСКВА, УЛ ТИМУРА ФРУНЗЕ, дом ДОМ 16</legalAddress>
                            <postalAddress>119034, Москва Город, Тимура Фрунзе Улица, дом 16</postalAddress>
                            <phone>7-499-2450661</phone>
                            <fax>7-499-2465577</fax>
                            <email>kulakov@cniis.ru</email>
                            <okato>45286590000</okato>
                            <okpo>01897630</okpo>
                        </mainInfo>
                    </organization>
                </ns2:contact>
                <ns2:publicationDateTime>2017-03-16T16:26:33</ns2:publicationDateTime>
                <ns2:documentationDelivery/>
                <ns2:status>P</ns2:status>
                <ns2:version>1</ns2:version>
                <ns2:notDishonest>true</ns2:notDishonest>
                <ns2:attachments>
                    <totalDocumentsCount>1</totalDocumentsCount>
                    <document>
                        <guid>13056ea1-c191-40f8-8c54-443a733666ec</guid>
                        <createDateTime>2017-03-16T16:26:18</createDateTime>
                        <fileName>Договор.docx</fileName>
                        <description>Договор</description>
                        <url>http://zakupki.gov.ru/223/purchase/public/download/download.html?id=30116656</url>
                    </document>
                </ns2:attachments>
                <ns2:modificationDate>2017-03-16T16:26:33</ns2:modificationDate>
                <ns2:saveUserId>139659</ns2:saveUserId>
                <ns2:deliveryPlaceIndication>DIFFERENT_PLACE</ns2:deliveryPlaceIndication>
                <ns2:emergency>false</ns2:emergency>
                <ns2:jointPurchase>false</ns2:jointPurchase>
                <ns2:lots>
                    <lot>
                        <guid>967f40e3-4c46-4813-a8d0-a8060ba2a507</guid>
                        <ordinalNumber>1</ordinalNumber>
                        <lotEditEnabled>false</lotEditEnabled>
                        <lotData>
                            <subject>Проведение  контроля качества дезинфекции эндоскопов и машин для обработки эндоскопов</subject>
                            <currency>
                                <code>RUB</code>
                                <digitalCode>643</digitalCode>
                                <name>Российский рубль</name>
                            </currency>
                            <initialSum>211814.72</initialSum>
                            <deliveryPlace>
                                <state>Центральный федеральный округ</state>
                                <region>Москва</region>
                                <regionOkato>45000000000</regionOkato>
                                <address>119991, г. Москва, ул. Тимура Фрунзе, 16</address>
                            </deliveryPlace>
                            <lotItems>
                                <newCodes>true</newCodes>
                                <lotItem>
                                    <guid>a030acf7-c94f-4501-9b4b-fa78c05c9ea8</guid>
                                    <ordinalNumber>1</ordinalNumber>
                                    <okpd2>
                                        <code>81.29.11.000</code>
                                        <name>Услуги по дезинфекции, дезинсекции и дератизации</name>
                                    </okpd2>
                                    <okved2>
                                        <code>81.29</code>
                                        <name>Деятельность по чистке и уборке прочая</name>
                                    </okved2>
                                    <okei>
                                        <code>876</code>
                                        <name>Условная единица</name>
                                    </okei>
                                    <qty>1</qty>
                                    <additionalInfo>Предоставление услуг на условиях и в порядке, изложенных в Договоре.</additionalInfo>
                                </lotItem>
                            </lotItems>
                            <forSmallOrMiddle>false</forSmallOrMiddle>
                            <excludePurchaseFromPlan>false</excludePurchaseFromPlan>
                            <subcontractorsRequirement>false</subcontractorsRequirement>
                            <ignoredPurchase>false</ignoredPurchase>
                            <centralized>false</centralized>
                        </lotData>
                        <deliveryPlaceIndication>GL</deliveryPlaceIndication>
                        <jointLotData>
                            <jointLot>false</jointLot>
                        </jointLotData>
                        <lotPlanInfo>
                            <planRegistrationNumber>2170225122</planRegistrationNumber>
                            <planGuid>245774e4-ee25-4794-be28-f026332e2781</planGuid>
                            <positionNumber>34</positionNumber>
                            <lotPlanPosition>COMMODITY</lotPlanPosition>
                            <positionGuid>00f1c11a-863b-4abb-be7a-1252a6508183</positionGuid>
                        </lotPlanInfo>
                        <cancelled>false</cancelled>
                    </lot>
                </ns2:lots>
            </ns2:purchaseNoticeEPData>
        </ns2:item>
    </ns2:body>
</ns2:purchaseNoticeEP>
