<?xml version="1.0" encoding="UTF-8" standalone="yes"?>
<ns2:purchaseNoticeEP xsi:schemaLocation="http://zakupki.gov.ru/223/integration/schema/TFF-5.2 http://zakupki.gov.ru/223/integration/schema/TFF-5.2/purchase.xsd" xmlns="http://zakupki.gov.ru/223fz/types/1" xmlns:ns10="http://zakupki.gov.ru/223fz/purchasePlan/1" xmlns:ns11="http://zakupki.gov.ru/223fz/purchasePlanProject/1" xmlns:ns12="http://zakupki.gov.ru/223fz/purchasePlanProjectAdditionalPosition/1" xmlns:ns13="http://zakupki.gov.ru/223fz/contract/1" xmlns:ns14="http://zakupki.gov.ru/223fz/missedNotice/1" xmlns:ns15="http://zakupki.gov.ru/223fz/reference/1" xmlns:ns16="http://zakupki.gov.ru/223fz/stopCommodity/1" xmlns:ns17="http://zakupki.gov.ru/223fz/decisionSuspension/1" xmlns:ns18="http://zakupki.gov.ru/223fz/purchasePlanAdditionalPosition/1" xmlns:ns19="http://zakupki.gov.ru/223fz/webRequest/1" xmlns:ns2="http://zakupki.gov.ru/223fz/purchase/1" xmlns:xsi="http://www.w3.org/2001/XMLSchema-instance" xmlns:ns3="http://zakupki.gov.ru/223fz/dishonestSupplier/1" xmlns:ns4="http://zakupki.gov.ru/223fz/machineryListInfo/1" xmlns:ns5="http://zakupki.gov.ru/223fz/revenue/1" xmlns:ns6="http://zakupki.gov.ru/223fz/orderClauseList/1" xmlns:ns7="http://zakupki.gov.ru/223fz/disagreementProtocol/1" xmlns:ns8="http://zakupki.gov.ru/223fz/complaint/1" xmlns:ns9="http://zakupki.gov.ru/223fz/notificationIssue/1">
    <header>
        <guid>4efd6492-4cda-4c9c-bafd-9fd2b96ccbd0</guid>
        <createDateTime>2017-03-16T12:41:28</createDateTime>
    </header>
    <ns2:body>
        <ns2:item>
            <guid>30279874-1e75-4167-8d8b-067a967ea0a9</guid>
            <ns2:purchaseNoticeEPData>
                <ns2:guid>30279874-1e75-4167-8d8b-067a967ea0a9</ns2:guid>
                <ns2:createDateTime>2017-03-16T12:40:19</ns2:createDateTime>
                <ns2:urlOOS>https://zakupki.gov.ru/223/purchase/private/purchase/notice-info/details.html?noticeInfoId=5884870</ns2:urlOOS>
                <ns2:registrationNumber>31704897080</ns2:registrationNumber>
                <ns2:name>Оказание услуг по проведению мероприятия«Цветочный  забег, посвященныйМеждународному женскому дню» на территории «Парк Олимпийской деревни»</ns2:name>
                <ns2:customer>
                    <mainInfo>
                        <fullName>Государственное автономное учреждение культуры города Москвы "Парк культуры и отдыха "Фили"</fullName>
                        <shortName>ГАУК г. Москвы ПКиО "Фили"</shortName>
                        <iko>57730017296773001001</iko>
                        <inn>7730017296</inn>
                        <kpp>773001001</kpp>
                        <ogrn>1037739444060</ogrn>
                        <legalAddress>121309, Москва, Филевская Б., дом 22</legalAddress>
                        <postalAddress>121309, Москва г, Филевская Б. ул, дом 22</postalAddress>
                        <phone>7-499-1420579</phone>
                        <fax>7-499-1454505</fax>
                        <email>info@parkfili.com</email>
                        <okato>45268595000</okato>
                        <okpo>2182882</okpo>
                    </mainInfo>
                </ns2:customer>
                <ns2:purchaseMethodCode>3363</ns2:purchaseMethodCode>
                <ns2:purchaseCodeName>Закупка у единственного поставщика (исполнителя, подрядчика)</ns2:purchaseCodeName>
                <ns2:placer>
                    <mainInfo>
                        <fullName>Государственное автономное учреждение культуры города Москвы "Парк культуры и отдыха "Фили"</fullName>
                        <shortName>ГАУК г. Москвы ПКиО "Фили"</shortName>
                        <iko>57730017296773001001</iko>
                        <inn>7730017296</inn>
                        <kpp>773001001</kpp>
                        <ogrn>1037739444060</ogrn>
                        <legalAddress>121309, Москва, Филевская Б., дом 22</legalAddress>
                        <postalAddress>121309, Москва г, Филевская Б. ул, дом 22</postalAddress>
                        <phone>7-499-1420579</phone>
                        <fax>7-499-1454505</fax>
                        <email>info@parkfili.com</email>
                        <okato>45268595000</okato>
                        <okpo>2182882</okpo>
                    </mainInfo>
                </ns2:placer>
                <ns2:contact>
                    <phone>+7 (499) 1454505, доб.: 222</phone>
                    <email>info@parkfili.com</email>
                    <organization>
                        <mainInfo>
                            <fullName>Государственное автономное учреждение культуры города Москвы "Парк культуры и отдыха "Фили"</fullName>
                            <shortName>ГАУК г. Москвы ПКиО "Фили"</shortName>
                            <iko>57730017296773001001</iko>
                            <inn>7730017296</inn>
                            <kpp>773001001</kpp>
                            <ogrn>1037739444060</ogrn>
                            <legalAddress>121309, Москва, Филевская Б., дом 22</legalAddress>
                            <postalAddress>121309, Москва г, Филевская Б. ул, дом 22</postalAddress>
                            <phone>7-499-1420579</phone>
                            <fax>7-499-1454505</fax>
                            <email>info@parkfili.com</email>
                            <okato>45268595000</okato>
                            <okpo>2182882</okpo>
                        </mainInfo>
                    </organization>
                </ns2:contact>
                <ns2:publicationDateTime>2017-03-16T12:41:28</ns2:publicationDateTime>
                <ns2:documentationDelivery/>
                <ns2:status>P</ns2:status>
                <ns2:version>1</ns2:version>
                <ns2:notDishonest>false</ns2:notDishonest>
                <ns2:attachments>
                    <totalDocumentsCount>1</totalDocumentsCount>
                    <document>
                        <guid>e7e6ac06-f3af-4388-b8b2-9cf8aee1881d</guid>
                        <createDateTime>2017-03-16T12:41:17</createDateTime>
                        <fileName>Извещение ОЛИМП.docx</fileName>
                        <description>Извещение ОЛИМП</description>
                        <url>http://zakupki.gov.ru/223/purchase/public/download/download.html?id=30104148</url>
                    </document>
                </ns2:attachments>
                <ns2:modificationDate>2017-03-16T12:41:28</ns2:modificationDate>
                <ns2:saveUserId>18858</ns2:saveUserId>
                <ns2:deliveryPlaceIndication>DIFFERENT_PLACE</ns2:deliveryPlaceIndication>
                <ns2:emergency>false</ns2:emergency>
                <ns2:jointPurchase>false</ns2:jointPurchase>
                <ns2:lots>
                    <lot>
                        <guid>9f7d7646-3e4c-43a9-9fb2-f2eab2352a5d</guid>
                        <ordinalNumber>1</ordinalNumber>
                        <lotEditEnabled>false</lotEditEnabled>
                        <lotData>
                            <subject>Оказание услуг по проведению мероприятия «Цветочный  забег, посвященный Международному женскому дню» на территории «Парк Олимпийской деревни»</subject>
                            <currency>
                                <code>RUB</code>
                                <digitalCode>643</digitalCode>
                                <name>Российский рубль</name>
                            </currency>
                            <initialSum>199000.00</initialSum>
                            <deliveryPlace>
                                <state>Центральный федеральный округ</state>
                                <region>Москва</region>
                                <regionOkato>45000000000</regionOkato>
                                <address>Москва, ул. Лобачевского, территория «Парк Олимпийской деревни»</address>
                            </deliveryPlace>
                            <lotItems>
                                <newCodes>true</newCodes>
                                <lotItem>
                                    <guid>df26baf9-96fb-4711-ba58-71c43870f3d3</guid>
                                    <ordinalNumber>1</ordinalNumber>
                                    <okpd2>
                                        <code>93.21.10.000</code>
                                        <name>Услуги парков культуры и отдыха и тематических парков</name>
                                    </okpd2>
                                    <okved2>
                                        <code>93.21</code>
                                        <name>Деятельность парков культуры и отдыха и тематических парков</name>
                                    </okved2>
                                    <okei>
                                        <code>876</code>
                                        <name>Условная единица</name>
                                    </okei>
                                    <qty>1</qty>
                                </lotItem>
                            </lotItems>
                            <forSmallOrMiddle>false</forSmallOrMiddle>
                            <excludePurchaseFromPlan>false</excludePurchaseFromPlan>
                            <subcontractorsRequirement>false</subcontractorsRequirement>
                            <ignoredPurchase>false</ignoredPurchase>
                            <centralized>false</centralized>
                        </lotData>
                        <deliveryPlaceIndication>GL</deliveryPlaceIndication>
                        <jointLotData>
                            <jointLot>false</jointLot>
                        </jointLotData>
                        <lotPlanInfo>
                            <planRegistrationNumber>2160218937</planRegistrationNumber>
                            <planGuid>eb281d12-5a3f-49e1-8524-773f14b0fb78</planGuid>
                            <positionNumber>40</positionNumber>
                            <lotPlanPosition>COMMODITY</lotPlanPosition>
                            <positionGuid>dbcac773-e053-4c33-9d9e-e03735b7edf5</positionGuid>
                        </lotPlanInfo>
                        <cancelled>false</cancelled>
                    </lot>
                </ns2:lots>
            </ns2:purchaseNoticeEPData>
        </ns2:item>
    </ns2:body>
</ns2:purchaseNoticeEP>
