<?xml version="1.0" encoding="UTF-8" standalone="yes"?>
<ns2:purchaseNoticeEP xsi:schemaLocation="http://zakupki.gov.ru/223/integration/schema/TFF-5.2 http://zakupki.gov.ru/223/integration/schema/TFF-5.2/purchase.xsd" xmlns="http://zakupki.gov.ru/223fz/types/1" xmlns:ns10="http://zakupki.gov.ru/223fz/purchasePlan/1" xmlns:ns11="http://zakupki.gov.ru/223fz/purchasePlanProject/1" xmlns:ns12="http://zakupki.gov.ru/223fz/purchasePlanProjectAdditionalPosition/1" xmlns:ns13="http://zakupki.gov.ru/223fz/contract/1" xmlns:ns14="http://zakupki.gov.ru/223fz/missedNotice/1" xmlns:ns15="http://zakupki.gov.ru/223fz/reference/1" xmlns:ns16="http://zakupki.gov.ru/223fz/stopCommodity/1" xmlns:ns17="http://zakupki.gov.ru/223fz/decisionSuspension/1" xmlns:ns18="http://zakupki.gov.ru/223fz/purchasePlanAdditionalPosition/1" xmlns:ns19="http://zakupki.gov.ru/223fz/webRequest/1" xmlns:ns2="http://zakupki.gov.ru/223fz/purchase/1" xmlns:xsi="http://www.w3.org/2001/XMLSchema-instance" xmlns:ns3="http://zakupki.gov.ru/223fz/dishonestSupplier/1" xmlns:ns4="http://zakupki.gov.ru/223fz/machineryListInfo/1" xmlns:ns5="http://zakupki.gov.ru/223fz/revenue/1" xmlns:ns6="http://zakupki.gov.ru/223fz/orderClauseList/1" xmlns:ns7="http://zakupki.gov.ru/223fz/disagreementProtocol/1" xmlns:ns8="http://zakupki.gov.ru/223fz/complaint/1" xmlns:ns9="http://zakupki.gov.ru/223fz/notificationIssue/1">
    <header>
        <guid>7cfa368a-6a0a-4d0e-be31-c63ba432612f</guid>
        <createDateTime>2017-03-16T17:49:32</createDateTime>
    </header>
    <ns2:body>
        <ns2:item>
            <guid>b935683e-20b9-4754-8322-5de30477f443</guid>
            <ns2:purchaseNoticeEPData>
                <ns2:guid>b935683e-20b9-4754-8322-5de30477f443</ns2:guid>
                <ns2:createDateTime>2017-03-16T17:04:21</ns2:createDateTime>
                <ns2:urlOOS>https://zakupki.gov.ru/223/purchase/private/purchase/notice-info/details.html?noticeInfoId=5887865</ns2:urlOOS>
                <ns2:registrationNumber>31704899794</ns2:registrationNumber>
                <ns2:name>Оказание услуг по обеспечению размещения рекламных материалов в эфире телеканала, направленных на продвижение мероприятий «Великие барды XX века» и «Концерт Олега Лундстрема»</ns2:name>
                <ns2:customer>
                    <mainInfo>
                        <fullName>федеральное государственное бюджетное учреждение культуры "Государственный Кремлевский Дворец" Управления делами Президента Российской Федерации</fullName>
                        <shortName>ФГБУК "ГКД"</shortName>
                        <iko>87704060880770401001</iko>
                        <inn>7704060880</inn>
                        <kpp>770401001</kpp>
                        <ogrn>1027700578740</ogrn>
                        <legalAddress>103073, г Москва, ул Кремль, дом 0</legalAddress>
                        <postalAddress>103132, г.Москва, Кремль, ГКД</postalAddress>
                        <phone>7-495-6207720</phone>
                        <email>gkd-vladimir@mail.ru</email>
                        <okato>45286585000</okato>
                        <okpo>05841282</okpo>
                    </mainInfo>
                </ns2:customer>
                <ns2:purchaseMethodCode>3363</ns2:purchaseMethodCode>
                <ns2:purchaseCodeName>Закупка у единственного поставщика (исполнителя, подрядчика)</ns2:purchaseCodeName>
                <ns2:placer>
                    <mainInfo>
                        <fullName>федеральное государственное бюджетное учреждение культуры "Государственный Кремлевский Дворец" Управления делами Президента Российской Федерации</fullName>
                        <shortName>ФГБУК "ГКД"</shortName>
                        <iko>87704060880770401001</iko>
                        <inn>7704060880</inn>
                        <kpp>770401001</kpp>
                        <ogrn>1027700578740</ogrn>
                        <legalAddress>103073, г Москва, ул Кремль, дом 0</legalAddress>
                        <postalAddress>103132, г.Москва, Кремль, ГКД</postalAddress>
                        <phone>7-495-6207720</phone>
                        <email>gkd-vladimir@mail.ru</email>
                        <okato>45286585000</okato>
                        <okpo>05841282</okpo>
                    </mainInfo>
                </ns2:placer>
                <ns2:contact>
                    <firstName>Алексей</firstName>
                    <middleName>Сергеевич</middleName>
                    <lastName>Талецкий</lastName>
                    <phone>+7 (495) 6207720</phone>
                    <email>gkd-zakupki@mail.ru</email>
                    <organization>
                        <mainInfo>
                            <fullName>федеральное государственное бюджетное учреждение культуры "Государственный Кремлевский Дворец" Управления делами Президента Российской Федерации</fullName>
                            <shortName>ФГБУК "ГКД"</shortName>
                            <iko>87704060880770401001</iko>
                            <inn>7704060880</inn>
                            <kpp>770401001</kpp>
                            <ogrn>1027700578740</ogrn>
                            <legalAddress>103073, г Москва, ул Кремль, дом 0</legalAddress>
                            <postalAddress>103132, г.Москва, Кремль, ГКД</postalAddress>
                            <phone>7-495-6207720</phone>
                            <email>gkd-vladimir@mail.ru</email>
                            <okato>45286585000</okato>
                            <okpo>05841282</okpo>
                        </mainInfo>
                    </organization>
                </ns2:contact>
                <ns2:publicationDateTime>2017-03-16T17:49:32</ns2:publicationDateTime>
                <ns2:documentationDelivery/>
                <ns2:status>P</ns2:status>
                <ns2:version>1</ns2:version>
                <ns2:notDishonest>false</ns2:notDishonest>
                <ns2:attachments>
                    <totalDocumentsCount>2</totalDocumentsCount>
                    <document>
                        <guid>102bb736-453a-4d41-a14f-2ae30d754b2d</guid>
                        <createDateTime>2017-03-16T17:05:36</createDateTime>
                        <fileName>И и Д с ЕП 51 (Формула эдвертайзинг).docx</fileName>
                        <description>И и Д с ЕП 51 (Формула эдвертайзинг)</description>
                        <url>http://zakupki.gov.ru/223/purchase/public/download/download.html?id=30118641</url>
                    </document>
                    <document>
                        <guid>41bfc1a8-ed94-4210-aa10-92ecfbe773db</guid>
                        <createDateTime>2017-03-16T17:05:42</createDateTime>
                        <fileName>Проект договора (Формула эдвертайзинг).zip</fileName>
                        <description>Проект договора (Формула эдвертайзинг)</description>
                        <url>http://zakupki.gov.ru/223/purchase/public/download/download.html?id=30118642</url>
                    </document>
                </ns2:attachments>
                <ns2:modificationDate>2017-03-16T17:49:32</ns2:modificationDate>
                <ns2:saveUserId>90203</ns2:saveUserId>
                <ns2:deliveryPlaceIndication>SINGLE_PLACE</ns2:deliveryPlaceIndication>
                <ns2:emergency>false</ns2:emergency>
                <ns2:jointPurchase>false</ns2:jointPurchase>
                <ns2:lots>
                    <lot>
                        <guid>66b1498a-be09-4506-ba61-3e0911733250</guid>
                        <ordinalNumber>1</ordinalNumber>
                        <lotEditEnabled>false</lotEditEnabled>
                        <lotData>
                            <subject>Оказание услуг по обеспечению размещения рекламных материалов в эфире телеканала, направленных на продвижение мероприятий «Великие барды XX века» и «Концерт Олега Лундстрема»</subject>
                            <currency>
                                <code>RUB</code>
                                <digitalCode>643</digitalCode>
                                <name>Российский рубль</name>
                            </currency>
                            <initialSum>379000.00</initialSum>
                            <deliveryPlace>
                                <state>Центральный федеральный округ</state>
                                <region>Москва</region>
                                <regionOkato>45000000000</regionOkato>
                                <address>г. Москва</address>
                            </deliveryPlace>
                            <lotItems>
                                <newCodes>true</newCodes>
                                <lotItem>
                                    <guid>b3cde5ec-efe7-4561-85db-447ea42fbe66</guid>
                                    <ordinalNumber>1</ordinalNumber>
                                    <okpd2>
                                        <code>73.12.19.000</code>
                                        <name>Услуги по продаже прочего места или времени для рекламы за вознаграждение или на договорной основе</name>
                                    </okpd2>
                                    <okved2>
                                        <code>73.12</code>
                                        <name>Представление в средствах массовой информации</name>
                                    </okved2>
                                    <okei>
                                        <code>876</code>
                                        <name>Условная единица</name>
                                    </okei>
                                    <qty>1</qty>
                                </lotItem>
                            </lotItems>
                            <forSmallOrMiddle>false</forSmallOrMiddle>
                            <excludePurchaseFromPlan>false</excludePurchaseFromPlan>
                            <subcontractorsRequirement>false</subcontractorsRequirement>
                            <ignoredPurchase>false</ignoredPurchase>
                            <centralized>false</centralized>
                        </lotData>
                        <deliveryPlaceIndication>GL</deliveryPlaceIndication>
                        <jointLotData>
                            <jointLot>false</jointLot>
                        </jointLotData>
                        <lotPlanInfo>
                            <planRegistrationNumber>2160218959</planRegistrationNumber>
                            <planGuid>f97eb9fe-0a4b-450b-bb7d-f4832a33256a</planGuid>
                            <positionNumber>113</positionNumber>
                            <lotPlanPosition>COMMODITY</lotPlanPosition>
                            <positionGuid>080bb57f-b119-4202-bab5-117d49989e42</positionGuid>
                        </lotPlanInfo>
                        <cancelled>false</cancelled>
                    </lot>
                </ns2:lots>
            </ns2:purchaseNoticeEPData>
        </ns2:item>
    </ns2:body>
</ns2:purchaseNoticeEP>
