<?xml version="1.0" encoding="UTF-8" standalone="yes"?>
<ns2:purchaseNoticeEP xsi:schemaLocation="http://zakupki.gov.ru/223/integration/schema/TFF-5.2 http://zakupki.gov.ru/223/integration/schema/TFF-5.2/purchase.xsd" xmlns="http://zakupki.gov.ru/223fz/types/1" xmlns:ns10="http://zakupki.gov.ru/223fz/purchasePlan/1" xmlns:ns11="http://zakupki.gov.ru/223fz/purchasePlanProject/1" xmlns:ns12="http://zakupki.gov.ru/223fz/purchasePlanProjectAdditionalPosition/1" xmlns:ns13="http://zakupki.gov.ru/223fz/contract/1" xmlns:ns14="http://zakupki.gov.ru/223fz/missedNotice/1" xmlns:ns15="http://zakupki.gov.ru/223fz/reference/1" xmlns:ns16="http://zakupki.gov.ru/223fz/stopCommodity/1" xmlns:ns17="http://zakupki.gov.ru/223fz/decisionSuspension/1" xmlns:ns18="http://zakupki.gov.ru/223fz/purchasePlanAdditionalPosition/1" xmlns:ns19="http://zakupki.gov.ru/223fz/webRequest/1" xmlns:ns2="http://zakupki.gov.ru/223fz/purchase/1" xmlns:xsi="http://www.w3.org/2001/XMLSchema-instance" xmlns:ns3="http://zakupki.gov.ru/223fz/dishonestSupplier/1" xmlns:ns4="http://zakupki.gov.ru/223fz/machineryListInfo/1" xmlns:ns5="http://zakupki.gov.ru/223fz/revenue/1" xmlns:ns6="http://zakupki.gov.ru/223fz/orderClauseList/1" xmlns:ns7="http://zakupki.gov.ru/223fz/disagreementProtocol/1" xmlns:ns8="http://zakupki.gov.ru/223fz/complaint/1" xmlns:ns9="http://zakupki.gov.ru/223fz/notificationIssue/1">
    <header>
        <guid>d4e6b173-687c-4b9e-8270-4af4c4210a5e</guid>
        <createDateTime>2017-03-16T13:45:52</createDateTime>
    </header>
    <ns2:body>
        <ns2:item>
            <guid>f1998f55-8afd-4514-94bf-23cbe6972e18</guid>
            <ns2:purchaseNoticeEPData>
                <ns2:guid>f1998f55-8afd-4514-94bf-23cbe6972e18</ns2:guid>
                <ns2:createDateTime>2017-03-16T13:42:04</ns2:createDateTime>
                <ns2:urlOOS>https://zakupki.gov.ru/223/purchase/private/purchase/notice-info/details.html?noticeInfoId=5885496</ns2:urlOOS>
                <ns2:registrationNumber>31704897566</ns2:registrationNumber>
                <ns2:name>Поставка продуктов питания для нужд ФГБУ «Федеральный медицинский центр» Росимущества</ns2:name>
                <ns2:customer>
                    <mainInfo>
                        <fullName>Федеральное государственное бюджетное учреждение "Федеральный медицинский центр" Федерального агентства по управлению государственным имуществом</fullName>
                        <shortName>ФГБУ "Федеральный медицинский центр" Росимущества</shortName>
                        <iko>87709290510770801001</iko>
                        <inn>7709290510</inn>
                        <kpp>770801001</kpp>
                        <ogrn>1027700036726</ogrn>
                        <legalAddress>107078, МОСКВА, Каланчевская, дом 31</legalAddress>
                        <postalAddress>107078, МОСКВА, Каланчевская, дом 31</postalAddress>
                        <phone>7-495-6801737</phone>
                        <fax>7-495-6800356</fax>
                        <email>urs@fmcenter.ru</email>
                        <okato>45286555000</okato>
                        <okpo>52374773</okpo>
                    </mainInfo>
                </ns2:customer>
                <ns2:purchaseMethodCode>3363</ns2:purchaseMethodCode>
                <ns2:purchaseCodeName>Закупка у единственного поставщика (исполнителя, подрядчика)</ns2:purchaseCodeName>
                <ns2:placer>
                    <mainInfo>
                        <fullName>Федеральное государственное бюджетное учреждение "Федеральный медицинский центр" Федерального агентства по управлению государственным имуществом</fullName>
                        <shortName>ФГБУ "Федеральный медицинский центр" Росимущества</shortName>
                        <iko>87709290510770801001</iko>
                        <inn>7709290510</inn>
                        <kpp>770801001</kpp>
                        <ogrn>1027700036726</ogrn>
                        <legalAddress>107078, МОСКВА, Каланчевская, дом 31</legalAddress>
                        <postalAddress>107078, МОСКВА, Каланчевская, дом 31</postalAddress>
                        <phone>7-495-6801737</phone>
                        <fax>7-495-6800356</fax>
                        <email>urs@fmcenter.ru</email>
                        <okato>45286555000</okato>
                        <okpo>52374773</okpo>
                    </mainInfo>
                </ns2:placer>
                <ns2:contact>
                    <firstName>Александр</firstName>
                    <middleName>Анатольевич</middleName>
                    <lastName>Дигин</lastName>
                    <phone>+7 (495) 6801455</phone>
                    <email>fmcr2013@mail.ru</email>
                    <organization>
                        <mainInfo>
                            <fullName>Федеральное государственное бюджетное учреждение "Федеральный медицинский центр" Федерального агентства по управлению государственным имуществом</fullName>
                            <shortName>ФГБУ "Федеральный медицинский центр" Росимущества</shortName>
                            <iko>87709290510770801001</iko>
                            <inn>7709290510</inn>
                            <kpp>770801001</kpp>
                            <ogrn>1027700036726</ogrn>
                            <legalAddress>107078, МОСКВА, Каланчевская, дом 31</legalAddress>
                            <postalAddress>107078, МОСКВА, Каланчевская, дом 31</postalAddress>
                            <phone>7-495-6801737</phone>
                            <fax>7-495-6800356</fax>
                            <email>urs@fmcenter.ru</email>
                            <okato>45286555000</okato>
                            <okpo>52374773</okpo>
                        </mainInfo>
                    </organization>
                </ns2:contact>
                <ns2:publicationDateTime>2017-03-16T13:45:52</ns2:publicationDateTime>
                <ns2:documentationDelivery>
                    <place>документация по закупке не предоставляется</place>
                    <procedure>документация по закупке не предоставляется</procedure>
                </ns2:documentationDelivery>
                <ns2:status>P</ns2:status>
                <ns2:version>1</ns2:version>
                <ns2:notDishonest>false</ns2:notDishonest>
                <ns2:attachments>
                    <totalDocumentsCount>2</totalDocumentsCount>
                    <document>
                        <guid>02c81c5e-279f-4b53-97ee-d985a97b8082</guid>
                        <createDateTime>2017-03-16T13:45:01</createDateTime>
                        <fileName>Проект договора 1.docx</fileName>
                        <description>Проект договора 1</description>
                        <url>http://zakupki.gov.ru/223/purchase/public/download/download.html?id=30107187</url>
                    </document>
                    <document>
                        <guid>92d2b5d0-208e-43fd-ae5f-e25e436bd5c4</guid>
                        <createDateTime>2017-03-16T13:44:48</createDateTime>
                        <fileName>Документация о проведении закупки.doc</fileName>
                        <description>Документация о проведении закупки</description>
                        <url>http://zakupki.gov.ru/223/purchase/public/download/download.html?id=30107175</url>
                    </document>
                </ns2:attachments>
                <ns2:modificationDate>2017-03-16T13:45:52</ns2:modificationDate>
                <ns2:saveUserId>148488</ns2:saveUserId>
                <ns2:deliveryPlaceIndication>SINGLE_PLACE</ns2:deliveryPlaceIndication>
                <ns2:emergency>false</ns2:emergency>
                <ns2:jointPurchase>false</ns2:jointPurchase>
                <ns2:lots>
                    <lot>
                        <guid>c581d60d-8261-4ade-84d0-8219b330a95e</guid>
                        <ordinalNumber>1</ordinalNumber>
                        <lotEditEnabled>false</lotEditEnabled>
                        <lotData>
                            <subject>Поставка продуктов питания для нужд ФГБУ «ФМЦ» Росимущества</subject>
                            <currency>
                                <code>RUB</code>
                                <digitalCode>643</digitalCode>
                                <name>Российский рубль</name>
                            </currency>
                            <initialSum>126020.00</initialSum>
                            <deliveryPlace>
                                <state>Центральный федеральный округ</state>
                                <region>Москва</region>
                                <regionOkato>45000000000</regionOkato>
                                <address>107078, г. Москва, ул. Каланчевская, д.31</address>
                            </deliveryPlace>
                            <lotItems>
                                <newCodes>true</newCodes>
                                <lotItem>
                                    <guid>b80be51b-1323-4a39-a910-0dee1fd3dc5b</guid>
                                    <ordinalNumber>1</ordinalNumber>
                                    <okpd2>
                                        <code>10.13.14.112</code>
                                        <name>Сосиски мясные</name>
                                    </okpd2>
                                    <okved2>
                                        <code>10.13.1</code>
                                        <name>Производство соленого, вареного, запеченого, копченого, вяленого и прочего мяса</name>
                                    </okved2>
                                    <okei>
                                        <code>166</code>
                                        <name>Килограмм</name>
                                    </okei>
                                    <qty>270</qty>
                                </lotItem>
                                <lotItem>
                                    <guid>540f5929-0c20-43d1-a6c0-f6d5ae7b5e22</guid>
                                    <ordinalNumber>2</ordinalNumber>
                                    <okpd2>
                                        <code>10.13.15.136</code>
                                        <name>Консервы из мяса и субпродуктов птицы ветчинные</name>
                                    </okpd2>
                                    <okved2>
                                        <code>10.13.1</code>
                                        <name>Производство соленого, вареного, запеченого, копченого, вяленого и прочего мяса</name>
                                    </okved2>
                                    <okei>
                                        <code>166</code>
                                        <name>Килограмм</name>
                                    </okei>
                                    <qty>150</qty>
                                </lotItem>
                                <lotItem>
                                    <guid>7fead85e-94a3-443b-ab58-c4aedde5d822</guid>
                                    <ordinalNumber>3</ordinalNumber>
                                    <okpd2>
                                        <code>10.13.14.410</code>
                                        <name>Изделия колбасные копченые мясные</name>
                                    </okpd2>
                                    <okved2>
                                        <code>10.13.1</code>
                                        <name>Производство соленого, вареного, запеченого, копченого, вяленого и прочего мяса</name>
                                    </okved2>
                                    <okei>
                                        <code>166</code>
                                        <name>Килограмм</name>
                                    </okei>
                                    <qty>10</qty>
                                </lotItem>
                                <lotItem>
                                    <guid>6dc39391-0e76-46d9-a892-1cd5a706f0cd</guid>
                                    <ordinalNumber>4</ordinalNumber>
                                    <okpd2>
                                        <code>10.39.22.110</code>
                                        <name>Джемы, желе фруктовые и ягодные</name>
                                    </okpd2>
                                    <okved2>
                                        <code>10.39.2</code>
                                        <name>Переработка и консервирование фруктов и орехов</name>
                                    </okved2>
                                    <okei>
                                        <code>796</code>
                                        <name>Штука</name>
                                    </okei>
                                    <qty>150</qty>
                                </lotItem>
                                <lotItem>
                                    <guid>3a8c1be6-d750-44db-8439-0e9bf86f3711</guid>
                                    <ordinalNumber>5</ordinalNumber>
                                    <okpd2>
                                        <code>01.49.21.110</code>
                                        <name>Мед натуральный пчелиный</name>
                                    </okpd2>
                                    <okved2>
                                        <code>01.49.11</code>
                                        <name>Пчеловодство медового направления</name>
                                    </okved2>
                                    <okei>
                                        <code>796</code>
                                        <name>Штука</name>
                                    </okei>
                                    <qty>150</qty>
                                </lotItem>
                            </lotItems>
                            <forSmallOrMiddle>false</forSmallOrMiddle>
                            <excludePurchaseFromPlan>false</excludePurchaseFromPlan>
                            <subcontractorsRequirement>false</subcontractorsRequirement>
                            <ignoredPurchase>false</ignoredPurchase>
                            <centralized>false</centralized>
                        </lotData>
                        <deliveryPlaceIndication>GL</deliveryPlaceIndication>
                        <jointLotData>
                            <jointLot>false</jointLot>
                        </jointLotData>
                        <lotPlanInfo>
                            <planRegistrationNumber>2160210262</planRegistrationNumber>
                            <planGuid>3dd2ff5e-4277-4883-8493-3960856a31ac</planGuid>
                            <positionNumber>1</positionNumber>
                            <lotPlanPosition>COMMODITY</lotPlanPosition>
                            <positionGuid>cb9ab360-1e18-4c0d-8230-02968b1015b1</positionGuid>
                        </lotPlanInfo>
                        <cancelled>false</cancelled>
                    </lot>
                </ns2:lots>
            </ns2:purchaseNoticeEPData>
        </ns2:item>
    </ns2:body>
</ns2:purchaseNoticeEP>
