<?xml version="1.0" encoding="UTF-8" standalone="yes"?>
<ns2:purchaseNoticeEP xsi:schemaLocation="http://zakupki.gov.ru/223/integration/schema/TFF-5.2 http://zakupki.gov.ru/223/integration/schema/TFF-5.2/purchase.xsd" xmlns="http://zakupki.gov.ru/223fz/types/1" xmlns:ns10="http://zakupki.gov.ru/223fz/purchasePlan/1" xmlns:ns11="http://zakupki.gov.ru/223fz/purchasePlanProject/1" xmlns:ns12="http://zakupki.gov.ru/223fz/purchasePlanProjectAdditionalPosition/1" xmlns:ns13="http://zakupki.gov.ru/223fz/contract/1" xmlns:ns14="http://zakupki.gov.ru/223fz/missedNotice/1" xmlns:ns15="http://zakupki.gov.ru/223fz/reference/1" xmlns:ns16="http://zakupki.gov.ru/223fz/stopCommodity/1" xmlns:ns17="http://zakupki.gov.ru/223fz/decisionSuspension/1" xmlns:ns18="http://zakupki.gov.ru/223fz/purchasePlanAdditionalPosition/1" xmlns:ns19="http://zakupki.gov.ru/223fz/webRequest/1" xmlns:ns2="http://zakupki.gov.ru/223fz/purchase/1" xmlns:xsi="http://www.w3.org/2001/XMLSchema-instance" xmlns:ns3="http://zakupki.gov.ru/223fz/dishonestSupplier/1" xmlns:ns4="http://zakupki.gov.ru/223fz/machineryListInfo/1" xmlns:ns5="http://zakupki.gov.ru/223fz/revenue/1" xmlns:ns6="http://zakupki.gov.ru/223fz/orderClauseList/1" xmlns:ns7="http://zakupki.gov.ru/223fz/disagreementProtocol/1" xmlns:ns8="http://zakupki.gov.ru/223fz/complaint/1" xmlns:ns9="http://zakupki.gov.ru/223fz/notificationIssue/1">
    <header>
        <guid>45c29d45-2038-49ea-b368-f503c8dbfb28</guid>
        <createDateTime>2017-03-16T17:49:01</createDateTime>
    </header>
    <ns2:body>
        <ns2:item>
            <guid>0e55b06a-99db-48de-adfa-dea74cf54d34</guid>
            <ns2:purchaseNoticeEPData>
                <ns2:guid>0e55b06a-99db-48de-adfa-dea74cf54d34</ns2:guid>
                <ns2:createDateTime>2017-03-16T17:43:09</ns2:createDateTime>
                <ns2:urlOOS>https://zakupki.gov.ru/223/purchase/private/purchase/notice-info/details.html?noticeInfoId=5888140</ns2:urlOOS>
                <ns2:registrationNumber>31704899792</ns2:registrationNumber>
                <ns2:name>определение рыночной стоимости объекта оценки, расположенного по адресу: г. Москва, ул. Вучетича, д. 32, для нужд ФГАУ “ОК «Шереметьевский».</ns2:name>
                <ns2:customer>
                    <mainInfo>
                        <fullName>федеральное государственное автономное учреждение "Оздоровительный комплекс "Шереметьевский" Управления делами Президента Российской Федерации</fullName>
                        <shortName>ФГАУ "ОК "Шереметьевский"</shortName>
                        <iko>55047046105771301001</iko>
                        <inn>5047046105</inn>
                        <kpp>771301001</kpp>
                        <ogrn>1035009563313</ogrn>
                        <legalAddress>127206, Москва, Вучетича, дом 32</legalAddress>
                        <postalAddress>127206 г.Москва, ул.Вучетича 32</postalAddress>
                        <phone>7-495-6392668</phone>
                        <fax>7-495-6112829</fax>
                        <email>tender@sheremetevsky.ru</email>
                        <okato>45277592000</okato>
                        <okpo>56885134</okpo>
                    </mainInfo>
                </ns2:customer>
                <ns2:purchaseMethodCode>3363</ns2:purchaseMethodCode>
                <ns2:purchaseCodeName>Закупка у единственного поставщика (исполнителя, подрядчика)</ns2:purchaseCodeName>
                <ns2:placer>
                    <mainInfo>
                        <fullName>федеральное государственное автономное учреждение "Оздоровительный комплекс "Шереметьевский" Управления делами Президента Российской Федерации</fullName>
                        <shortName>ФГАУ "ОК "Шереметьевский"</shortName>
                        <iko>55047046105771301001</iko>
                        <inn>5047046105</inn>
                        <kpp>771301001</kpp>
                        <ogrn>1035009563313</ogrn>
                        <legalAddress>127206, Москва, Вучетича, дом 32</legalAddress>
                        <postalAddress>127206 г.Москва, ул.Вучетича 32</postalAddress>
                        <phone>7-495-6392668</phone>
                        <fax>7-495-6112829</fax>
                        <email>tender@sheremetevsky.ru</email>
                        <okato>45277592000</okato>
                        <okpo>56885134</okpo>
                    </mainInfo>
                </ns2:placer>
                <ns2:contact>
                    <firstName>Алена</firstName>
                    <middleName>Александровна</middleName>
                    <lastName>Абрашкова</lastName>
                    <phone>+7 (495) 6104584</phone>
                    <email>tender@sheremetevsky.ru</email>
                    <organization>
                        <mainInfo>
                            <fullName>федеральное государственное автономное учреждение "Оздоровительный комплекс "Шереметьевский" Управления делами Президента Российской Федерации</fullName>
                            <shortName>ФГАУ "ОК "Шереметьевский"</shortName>
                            <iko>55047046105771301001</iko>
                            <inn>5047046105</inn>
                            <kpp>771301001</kpp>
                            <ogrn>1035009563313</ogrn>
                            <legalAddress>127206, Москва, Вучетича, дом 32</legalAddress>
                            <postalAddress>127206 г.Москва, ул.Вучетича 32</postalAddress>
                            <phone>7-495-6392668</phone>
                            <fax>7-495-6112829</fax>
                            <email>tender@sheremetevsky.ru</email>
                            <okato>45277592000</okato>
                            <okpo>56885134</okpo>
                        </mainInfo>
                    </organization>
                </ns2:contact>
                <ns2:publicationDateTime>2017-03-16T17:49:01</ns2:publicationDateTime>
                <ns2:documentationDelivery/>
                <ns2:status>P</ns2:status>
                <ns2:version>1</ns2:version>
                <ns2:notDishonest>false</ns2:notDishonest>
                <ns2:attachments>
                    <totalDocumentsCount>1</totalDocumentsCount>
                    <document>
                        <guid>722b9893-2db5-4834-b7d7-dcd2c65a9a02</guid>
                        <createDateTime>2017-03-16T17:47:08</createDateTime>
                        <fileName>Извещение - Документация.doc</fileName>
                        <description>Извещение - Документация</description>
                        <url>http://zakupki.gov.ru/223/purchase/public/download/download.html?id=30119961</url>
                    </document>
                </ns2:attachments>
                <ns2:modificationDate>2017-03-16T17:49:01</ns2:modificationDate>
                <ns2:saveUserId>10284</ns2:saveUserId>
                <ns2:deliveryPlaceIndication>DIFFERENT_PLACE</ns2:deliveryPlaceIndication>
                <ns2:emergency>false</ns2:emergency>
                <ns2:jointPurchase>false</ns2:jointPurchase>
                <ns2:lots>
                    <lot>
                        <guid>2a8da44f-fd95-4c4c-bdf5-7a4e5d68c42a</guid>
                        <ordinalNumber>1</ordinalNumber>
                        <lotEditEnabled>false</lotEditEnabled>
                        <lotData>
                            <subject>Определение рыночной стоимости земельного участка</subject>
                            <currency>
                                <code>RUB</code>
                                <digitalCode>643</digitalCode>
                                <name>Российский рубль</name>
                            </currency>
                            <initialSum>500000.00</initialSum>
                            <deliveryPlace>
                                <state>Центральный федеральный округ</state>
                                <region>Москва</region>
                                <regionOkato>45000000000</regionOkato>
                                <address>г. Москва, ул. Вучетича, д. 32</address>
                            </deliveryPlace>
                            <lotItems>
                                <newCodes>true</newCodes>
                                <lotItem>
                                    <guid>ce566322-6d6f-4aca-bcdf-40be6096429a</guid>
                                    <ordinalNumber>1</ordinalNumber>
                                    <okpd2>
                                        <code>68.31.16.120</code>
                                        <name>Услуги посреднические при оценке нежилого недвижимого имущества за вознаграждение или на договорной основе</name>
                                    </okpd2>
                                    <okved2>
                                        <code>68.31.52</code>
                                        <name>Предоставление посреднических услуг при оценке нежилого недвижимого имущества за вознаграждение или на договорной основе</name>
                                    </okved2>
                                </lotItem>
                            </lotItems>
                            <forSmallOrMiddle>false</forSmallOrMiddle>
                            <excludePurchaseFromPlan>false</excludePurchaseFromPlan>
                            <subcontractorsRequirement>false</subcontractorsRequirement>
                            <ignoredPurchase>false</ignoredPurchase>
                            <centralized>false</centralized>
                        </lotData>
                        <deliveryPlaceIndication>GL</deliveryPlaceIndication>
                        <jointLotData>
                            <jointLot>false</jointLot>
                        </jointLotData>
                        <lotPlanInfo>
                            <planRegistrationNumber>2160216274</planRegistrationNumber>
                            <planGuid>004154ac-9e64-48f9-a5b9-1013a1999a92</planGuid>
                            <positionNumber>48</positionNumber>
                            <lotPlanPosition>COMMODITY</lotPlanPosition>
                            <positionGuid>de4ecc1f-5667-412c-8d94-aa9616ede3f4</positionGuid>
                        </lotPlanInfo>
                        <cancelled>false</cancelled>
                    </lot>
                </ns2:lots>
            </ns2:purchaseNoticeEPData>
        </ns2:item>
    </ns2:body>
</ns2:purchaseNoticeEP>
