<?xml version="1.0" encoding="UTF-8" standalone="yes"?>
<ns2:purchaseNoticeEP xsi:schemaLocation="http://zakupki.gov.ru/223/integration/schema/TFF-5.2 http://zakupki.gov.ru/223/integration/schema/TFF-5.2/purchase.xsd" xmlns="http://zakupki.gov.ru/223fz/types/1" xmlns:ns10="http://zakupki.gov.ru/223fz/purchasePlan/1" xmlns:ns11="http://zakupki.gov.ru/223fz/purchasePlanProject/1" xmlns:ns12="http://zakupki.gov.ru/223fz/purchasePlanProjectAdditionalPosition/1" xmlns:ns13="http://zakupki.gov.ru/223fz/contract/1" xmlns:ns14="http://zakupki.gov.ru/223fz/missedNotice/1" xmlns:ns15="http://zakupki.gov.ru/223fz/reference/1" xmlns:ns16="http://zakupki.gov.ru/223fz/stopCommodity/1" xmlns:ns17="http://zakupki.gov.ru/223fz/decisionSuspension/1" xmlns:ns18="http://zakupki.gov.ru/223fz/purchasePlanAdditionalPosition/1" xmlns:ns19="http://zakupki.gov.ru/223fz/webRequest/1" xmlns:ns2="http://zakupki.gov.ru/223fz/purchase/1" xmlns:xsi="http://www.w3.org/2001/XMLSchema-instance" xmlns:ns3="http://zakupki.gov.ru/223fz/dishonestSupplier/1" xmlns:ns4="http://zakupki.gov.ru/223fz/machineryListInfo/1" xmlns:ns5="http://zakupki.gov.ru/223fz/revenue/1" xmlns:ns6="http://zakupki.gov.ru/223fz/orderClauseList/1" xmlns:ns7="http://zakupki.gov.ru/223fz/disagreementProtocol/1" xmlns:ns8="http://zakupki.gov.ru/223fz/complaint/1" xmlns:ns9="http://zakupki.gov.ru/223fz/notificationIssue/1">
    <header>
        <guid>b0e710da-2b2f-4012-b970-02f21516d25b</guid>
        <createDateTime>2017-03-16T11:27:18</createDateTime>
    </header>
    <ns2:body>
        <ns2:item>
            <guid>58c80c55-df53-6d38-e100-00000a388ca6</guid>
            <ns2:purchaseNoticeEPData>
                <ns2:guid>58c80c55-df53-6d38-e100-00000a388ca6</ns2:guid>
                <ns2:createDateTime>2017-03-16T11:13:02</ns2:createDateTime>
                <ns2:urlOOS>https://zakupki.gov.ru/223/purchase/private/purchase/notice-info/details.html?noticeInfoId=5883975</ns2:urlOOS>
                <ns2:urlVSRZ>https://zakupki.gazprom.ru</ns2:urlVSRZ>
                <ns2:registrationNumber>31704896461</ns2:registrationNumber>
                <ns2:name>субаренда нежилых помещений</ns2:name>
                <ns2:customer>
                    <mainInfo>
                        <fullName>Общество с ограниченной ответственностью "Газпром информ"</fullName>
                        <shortName>ООО "Газпром информ"</shortName>
                        <iko>67727696104772701001</iko>
                        <inn>7727696104</inn>
                        <kpp>772701001</kpp>
                        <ogrn>1097746469303</ogrn>
                        <legalAddress>117447, МОСКВА, ЧЕРЕМУШКИНСКАЯ Б., дом 13, корпус 3</legalAddress>
                        <postalAddress>117447, г.Москва, ул. Большая Черемушкинская. д. 13, стр.3</postalAddress>
                        <phone>7-499-5801051</phone>
                        <email>Info.Tender@inform.gazprom.ru</email>
                        <okato>45293570000</okato>
                        <okpo>49880231</okpo>
                    </mainInfo>
                </ns2:customer>
                <ns2:purchaseMethodCode>3363</ns2:purchaseMethodCode>
                <ns2:purchaseCodeName>Закупка у единственного поставщика (исполнителя, подрядчика)</ns2:purchaseCodeName>
                <ns2:placer>
                    <mainInfo>
                        <fullName>Общество с ограниченной ответственностью "Газпром информ"</fullName>
                        <shortName>ООО "Газпром информ"</shortName>
                        <iko>67727696104772701001</iko>
                        <inn>7727696104</inn>
                        <kpp>772701001</kpp>
                        <ogrn>1097746469303</ogrn>
                        <legalAddress>117447, МОСКВА, ЧЕРЕМУШКИНСКАЯ Б., дом 13, корпус 3</legalAddress>
                        <postalAddress>117447, г.Москва, ул. Большая Черемушкинская. д. 13, стр.3</postalAddress>
                        <phone>7-499-5801051</phone>
                        <email>Info.Tender@inform.gazprom.ru</email>
                        <okato>45293570000</okato>
                        <okpo>49880231</okpo>
                    </mainInfo>
                </ns2:placer>
                <ns2:contact>
                    <firstName>Светлана</firstName>
                    <middleName>Юрьевна</middleName>
                    <lastName>Кощиева</lastName>
                    <phone>+7 (499) 5801000</phone>
                    <email>S.Koshchieva@inform.gazprom.ru</email>
                    <organization>
                        <mainInfo>
                            <fullName>Общество с ограниченной ответственностью "Газпром информ"</fullName>
                            <shortName>ООО "Газпром информ"</shortName>
                            <iko>67727696104772701001</iko>
                            <inn>7727696104</inn>
                            <kpp>772701001</kpp>
                            <ogrn>1097746469303</ogrn>
                            <legalAddress>117447, МОСКВА, ЧЕРЕМУШКИНСКАЯ Б., дом 13, корпус 3</legalAddress>
                            <postalAddress>117447, г.Москва, ул. Большая Черемушкинская. д. 13, стр.3</postalAddress>
                            <phone>7-499-5801051</phone>
                            <email>Info.Tender@inform.gazprom.ru</email>
                            <okato>45293570000</okato>
                            <okpo>49880231</okpo>
                        </mainInfo>
                    </organization>
                </ns2:contact>
                <ns2:publicationDateTime>2017-03-16T11:27:18</ns2:publicationDateTime>
                <ns2:documentationDelivery/>
                <ns2:status>P</ns2:status>
                <ns2:version>1</ns2:version>
                <ns2:notDishonest>false</ns2:notDishonest>
                <ns2:attachments>
                    <totalDocumentsCount>3</totalDocumentsCount>
                    <document>
                        <guid>58c80f3b-df53-6d38-e100-00000a388ca6</guid>
                        <createDateTime>2017-03-16T11:13:02</createDateTime>
                        <fileName>Документация 17_ГИнформ-ЕП-0279.docx</fileName>
                        <description>Документация 17_ГИнформ-ЕП-0279.docx</description>
                        <url>http://zakupki.gov.ru/223/purchase/public/download/download.html?id=30099269</url>
                    </document>
                    <document>
                        <guid>58c80f3c-df53-6d38-e100-00000a388ca6</guid>
                        <createDateTime>2017-03-16T11:13:03</createDateTime>
                        <fileName>Проект договора.docx</fileName>
                        <description>Проект договора.docx</description>
                        <url>http://zakupki.gov.ru/223/purchase/public/download/download.html?id=30099270</url>
                    </document>
                    <document>
                        <guid>58c80f3d-df53-6d38-e100-00000a388ca6</guid>
                        <createDateTime>2017-03-16T11:13:03</createDateTime>
                        <fileName>Форма 34-Извещение о проведении.doc</fileName>
                        <description>Форма 34-Извещение о проведении.doc</description>
                        <url>http://zakupki.gov.ru/223/purchase/public/download/download.html?id=30099271</url>
                    </document>
                </ns2:attachments>
                <ns2:modificationDate>2017-03-16T11:27:18</ns2:modificationDate>
                <ns2:saveUserId>194337</ns2:saveUserId>
                <ns2:deliveryPlaceIndication>DIFFERENT_PLACE</ns2:deliveryPlaceIndication>
                <ns2:emergency>false</ns2:emergency>
                <ns2:jointPurchase>false</ns2:jointPurchase>
                <ns2:lots>
                    <lot>
                        <guid>58c789d6-a5ba-38f8-e100-00000a388ca6</guid>
                        <ordinalNumber>1</ordinalNumber>
                        <lotEditEnabled>true</lotEditEnabled>
                        <lotData>
                            <subject>Субаренда нежилых помещений</subject>
                            <currency>
                                <code>RUB</code>
                                <digitalCode>643</digitalCode>
                                <name>Российский рубль</name>
                            </currency>
                            <initialSum>6126900.05</initialSum>
                            <deliveryPlace>
                                <address>Согласно закупочной документации</address>
                            </deliveryPlace>
                            <lotItems>
                                <newCodes>true</newCodes>
                                <lotItem>
                                    <guid>58c80f3a-df53-6d38-e100-00000a388ca6</guid>
                                    <ordinalNumber>1</ordinalNumber>
                                    <okpd2>
                                        <code>68.20.12</code>
                                        <name>Услуги по сдаче в аренду (внаем) собственных или арендованных нежилых помещений</name>
                                    </okpd2>
                                    <okved2>
                                        <code>68.2</code>
                                        <name>Аренда и управление собственным или арендованным недвижимым имуществом</name>
                                    </okved2>
                                    <okei>
                                        <code>876</code>
                                        <name>Условная единица</name>
                                    </okei>
                                    <qty>1</qty>
                                </lotItem>
                            </lotItems>
                            <forSmallOrMiddle>false</forSmallOrMiddle>
                            <excludePurchaseFromPlan>false</excludePurchaseFromPlan>
                            <subcontractorsRequirement>false</subcontractorsRequirement>
                            <ignoredPurchase>false</ignoredPurchase>
                            <centralized>false</centralized>
                        </lotData>
                        <deliveryPlaceIndication>GL</deliveryPlaceIndication>
                        <jointLotData>
                            <jointLot>false</jointLot>
                        </jointLotData>
                        <lotPlanInfo>
                            <planRegistrationNumber>2160193314</planRegistrationNumber>
                            <planGuid>58ca4525-0d03-b90e-e100-00000a388ca6</planGuid>
                            <positionNumber>29</positionNumber>
                            <lotPlanPosition>COMMODITY</lotPlanPosition>
                            <positionGuid>58b9efd0-68e9-83a6-e100-00000a388ca6</positionGuid>
                        </lotPlanInfo>
                        <cancelled>false</cancelled>
                    </lot>
                </ns2:lots>
            </ns2:purchaseNoticeEPData>
        </ns2:item>
    </ns2:body>
</ns2:purchaseNoticeEP>
