<?xml version="1.0" encoding="UTF-8" standalone="yes"?>
<ns2:purchaseNoticeEP xsi:schemaLocation="http://zakupki.gov.ru/223/integration/schema/TFF-5.2 http://zakupki.gov.ru/223/integration/schema/TFF-5.2/purchase.xsd" xmlns="http://zakupki.gov.ru/223fz/types/1" xmlns:ns10="http://zakupki.gov.ru/223fz/purchasePlan/1" xmlns:ns11="http://zakupki.gov.ru/223fz/purchasePlanProject/1" xmlns:ns12="http://zakupki.gov.ru/223fz/purchasePlanProjectAdditionalPosition/1" xmlns:ns13="http://zakupki.gov.ru/223fz/contract/1" xmlns:ns14="http://zakupki.gov.ru/223fz/missedNotice/1" xmlns:ns15="http://zakupki.gov.ru/223fz/reference/1" xmlns:ns16="http://zakupki.gov.ru/223fz/stopCommodity/1" xmlns:ns17="http://zakupki.gov.ru/223fz/decisionSuspension/1" xmlns:ns18="http://zakupki.gov.ru/223fz/purchasePlanAdditionalPosition/1" xmlns:ns19="http://zakupki.gov.ru/223fz/webRequest/1" xmlns:ns2="http://zakupki.gov.ru/223fz/purchase/1" xmlns:xsi="http://www.w3.org/2001/XMLSchema-instance" xmlns:ns3="http://zakupki.gov.ru/223fz/dishonestSupplier/1" xmlns:ns4="http://zakupki.gov.ru/223fz/machineryListInfo/1" xmlns:ns5="http://zakupki.gov.ru/223fz/revenue/1" xmlns:ns6="http://zakupki.gov.ru/223fz/orderClauseList/1" xmlns:ns7="http://zakupki.gov.ru/223fz/disagreementProtocol/1" xmlns:ns8="http://zakupki.gov.ru/223fz/complaint/1" xmlns:ns9="http://zakupki.gov.ru/223fz/notificationIssue/1">
    <header>
        <guid>a7956754-e2ef-469b-9589-e330aadd1c17</guid>
        <createDateTime>2017-03-16T12:02:46</createDateTime>
    </header>
    <ns2:body>
        <ns2:item>
            <guid>798df0ab-7e43-40af-97cd-6c304bd7980a</guid>
            <ns2:purchaseNoticeEPData>
                <ns2:guid>798df0ab-7e43-40af-97cd-6c304bd7980a</ns2:guid>
                <ns2:createDateTime>2017-03-16T11:58:17</ns2:createDateTime>
                <ns2:urlOOS>https://zakupki.gov.ru/223/purchase/private/purchase/notice-info/details.html?noticeInfoId=5884456</ns2:urlOOS>
                <ns2:registrationNumber>31704896771</ns2:registrationNumber>
                <ns2:name>Оказание услуг мобильной (сотовой) связи для нужд ГБУ "Жилищник района Орехово-Борисово Северное" в 1 квартале 2017г. </ns2:name>
                <ns2:customer>
                    <mainInfo>
                        <fullName>ГОСУДАРСТВЕННОЕ БЮДЖЕТНОЕ УЧРЕЖДЕНИЕ ГОРОДА МОСКВЫ "ЖИЛИЩНИК РАЙОНА ОРЕХОВО-БОРИСОВО СЕВЕРНОЕ"</fullName>
                        <shortName>ГБУ "ЖИЛИЩНИК РАЙОНА ОРЕХОВО-БОРИСОВО СЕВЕРНОЕ"</shortName>
                        <iko>57724322904772401001</iko>
                        <inn>7724322904</inn>
                        <kpp>772401001</kpp>
                        <ogrn>1157746547815</ogrn>
                        <legalAddress>115563, Г МОСКВА, УЛ ГЕНЕРАЛА БЕЛОВА, дом ДОМ 21, корпус КОРПУС 2</legalAddress>
                        <postalAddress>115563, Российская Федерация, город Москва, улица Генерала Белова, дом 21, корпус 2</postalAddress>
                        <phone>7-495-3947800</phone>
                        <email>GBU_OBS@mail.ru</email>
                        <okato>45296577000</okato>
                        <okpo>46342697</okpo>
                    </mainInfo>
                </ns2:customer>
                <ns2:purchaseMethodCode>3363</ns2:purchaseMethodCode>
                <ns2:purchaseCodeName>Закупка у единственного поставщика (исполнителя, подрядчика)</ns2:purchaseCodeName>
                <ns2:placer>
                    <mainInfo>
                        <fullName>ГОСУДАРСТВЕННОЕ БЮДЖЕТНОЕ УЧРЕЖДЕНИЕ ГОРОДА МОСКВЫ "ЖИЛИЩНИК РАЙОНА ОРЕХОВО-БОРИСОВО СЕВЕРНОЕ"</fullName>
                        <shortName>ГБУ "ЖИЛИЩНИК РАЙОНА ОРЕХОВО-БОРИСОВО СЕВЕРНОЕ"</shortName>
                        <iko>57724322904772401001</iko>
                        <inn>7724322904</inn>
                        <kpp>772401001</kpp>
                        <ogrn>1157746547815</ogrn>
                        <legalAddress>115563, Г МОСКВА, УЛ ГЕНЕРАЛА БЕЛОВА, дом ДОМ 21, корпус КОРПУС 2</legalAddress>
                        <postalAddress>115563, Российская Федерация, город Москва, улица Генерала Белова, дом 21, корпус 2</postalAddress>
                        <phone>7-495-3947800</phone>
                        <email>GBU_OBS@mail.ru</email>
                        <okato>45296577000</okato>
                        <okpo>46342697</okpo>
                    </mainInfo>
                </ns2:placer>
                <ns2:contact>
                    <firstName>Мария</firstName>
                    <middleName>Алексеевна</middleName>
                    <lastName>Медведева</lastName>
                    <phone>+7 (495) 3940333</phone>
                    <email>gbu-obs-zak@mai.ru</email>
                    <organization>
                        <mainInfo>
                            <fullName>ГОСУДАРСТВЕННОЕ БЮДЖЕТНОЕ УЧРЕЖДЕНИЕ ГОРОДА МОСКВЫ "ЖИЛИЩНИК РАЙОНА ОРЕХОВО-БОРИСОВО СЕВЕРНОЕ"</fullName>
                            <shortName>ГБУ "ЖИЛИЩНИК РАЙОНА ОРЕХОВО-БОРИСОВО СЕВЕРНОЕ"</shortName>
                            <iko>57724322904772401001</iko>
                            <inn>7724322904</inn>
                            <kpp>772401001</kpp>
                            <ogrn>1157746547815</ogrn>
                            <legalAddress>115563, Г МОСКВА, УЛ ГЕНЕРАЛА БЕЛОВА, дом ДОМ 21, корпус КОРПУС 2</legalAddress>
                            <postalAddress>115563, Российская Федерация, город Москва, улица Генерала Белова, дом 21, корпус 2</postalAddress>
                            <phone>7-495-3947800</phone>
                            <email>GBU_OBS@mail.ru</email>
                            <okato>45296577000</okato>
                            <okpo>46342697</okpo>
                        </mainInfo>
                    </organization>
                </ns2:contact>
                <ns2:publicationDateTime>2017-03-16T12:02:46</ns2:publicationDateTime>
                <ns2:documentationDelivery/>
                <ns2:status>P</ns2:status>
                <ns2:version>1</ns2:version>
                <ns2:notDishonest>true</ns2:notDishonest>
                <ns2:attachments>
                    <totalDocumentsCount>1</totalDocumentsCount>
                    <document>
                        <guid>8d487089-56fd-4fc4-a12c-867a156fddf1</guid>
                        <createDateTime>2017-03-16T12:01:58</createDateTime>
                        <fileName>Проект Договора.docx</fileName>
                        <description>Проект Договора</description>
                        <url>http://zakupki.gov.ru/223/purchase/public/download/download.html?id=30101930</url>
                    </document>
                </ns2:attachments>
                <ns2:modificationDate>2017-03-16T12:02:46</ns2:modificationDate>
                <ns2:saveUserId>171959</ns2:saveUserId>
                <ns2:deliveryPlaceIndication>SINGLE_PLACE</ns2:deliveryPlaceIndication>
                <ns2:emergency>false</ns2:emergency>
                <ns2:jointPurchase>false</ns2:jointPurchase>
                <ns2:lots>
                    <lot>
                        <guid>f74c2fa9-88a6-4497-9d8d-9f242de3443c</guid>
                        <ordinalNumber>1</ordinalNumber>
                        <lotEditEnabled>false</lotEditEnabled>
                        <lotData>
                            <subject>Оказание услуг мобильной (сотовой) связи для нужд ГБУ "Жилищник района Орехово-Борисово Северное" в 1 квартале 2017г.</subject>
                            <currency>
                                <code>RUB</code>
                                <digitalCode>643</digitalCode>
                                <name>Российский рубль</name>
                            </currency>
                            <initialSum>170000.00</initialSum>
                            <deliveryPlace>
                                <state>Центральный федеральный округ</state>
                                <region>Москва</region>
                                <regionOkato>45000000000</regionOkato>
                                <address>г. Москва, ул. Генерала Белова, д.21, корп.2</address>
                            </deliveryPlace>
                            <lotItems>
                                <newCodes>true</newCodes>
                                <lotItem>
                                    <guid>9dece24e-33d3-4fe5-a72d-f17c3e4887b8</guid>
                                    <ordinalNumber>1</ordinalNumber>
                                    <okpd2>
                                        <code>61.30.1</code>
                                        <name>Услуги спутниковой связи, кроме услуг для целей телевизионного и радиовещания</name>
                                    </okpd2>
                                    <okved2>
                                        <code>61.30</code>
                                        <name>Деятельность в области спутниковой связи</name>
                                    </okved2>
                                    <okei>
                                        <code>876</code>
                                        <name>Условная единица</name>
                                    </okei>
                                    <qty>1</qty>
                                </lotItem>
                            </lotItems>
                            <forSmallOrMiddle>false</forSmallOrMiddle>
                            <excludePurchaseFromPlan>false</excludePurchaseFromPlan>
                            <subcontractorsRequirement>false</subcontractorsRequirement>
                            <ignoredPurchase>false</ignoredPurchase>
                            <centralized>false</centralized>
                        </lotData>
                        <deliveryPlaceIndication>GL</deliveryPlaceIndication>
                        <jointLotData>
                            <jointLot>false</jointLot>
                        </jointLotData>
                        <lotPlanInfo>
                            <planRegistrationNumber>2160194622</planRegistrationNumber>
                            <planGuid>791dd2eb-6118-4c60-bcee-ef0d9f105dea</planGuid>
                            <positionNumber>9</positionNumber>
                            <lotPlanPosition>COMMODITY</lotPlanPosition>
                            <positionGuid>e5144987-3ff6-42ab-b907-1488db6f3e6b</positionGuid>
                        </lotPlanInfo>
                        <cancelled>false</cancelled>
                    </lot>
                </ns2:lots>
            </ns2:purchaseNoticeEPData>
        </ns2:item>
    </ns2:body>
</ns2:purchaseNoticeEP>
