<?xml version="1.0" encoding="UTF-8" standalone="yes"?>
<ns2:purchaseNoticeEP xsi:schemaLocation="http://zakupki.gov.ru/223/integration/schema/TFF-5.2 http://zakupki.gov.ru/223/integration/schema/TFF-5.2/purchase.xsd" xmlns="http://zakupki.gov.ru/223fz/types/1" xmlns:ns10="http://zakupki.gov.ru/223fz/purchasePlan/1" xmlns:ns11="http://zakupki.gov.ru/223fz/purchasePlanProject/1" xmlns:ns12="http://zakupki.gov.ru/223fz/purchasePlanProjectAdditionalPosition/1" xmlns:ns13="http://zakupki.gov.ru/223fz/contract/1" xmlns:ns14="http://zakupki.gov.ru/223fz/missedNotice/1" xmlns:ns15="http://zakupki.gov.ru/223fz/reference/1" xmlns:ns16="http://zakupki.gov.ru/223fz/stopCommodity/1" xmlns:ns17="http://zakupki.gov.ru/223fz/decisionSuspension/1" xmlns:ns18="http://zakupki.gov.ru/223fz/purchasePlanAdditionalPosition/1" xmlns:ns19="http://zakupki.gov.ru/223fz/webRequest/1" xmlns:ns2="http://zakupki.gov.ru/223fz/purchase/1" xmlns:xsi="http://www.w3.org/2001/XMLSchema-instance" xmlns:ns3="http://zakupki.gov.ru/223fz/dishonestSupplier/1" xmlns:ns4="http://zakupki.gov.ru/223fz/machineryListInfo/1" xmlns:ns5="http://zakupki.gov.ru/223fz/revenue/1" xmlns:ns6="http://zakupki.gov.ru/223fz/orderClauseList/1" xmlns:ns7="http://zakupki.gov.ru/223fz/disagreementProtocol/1" xmlns:ns8="http://zakupki.gov.ru/223fz/complaint/1" xmlns:ns9="http://zakupki.gov.ru/223fz/notificationIssue/1">
    <header>
        <guid>b75c8ac2-bb31-4bf7-b410-4a9cf1fca7f6</guid>
        <createDateTime>2017-03-16T11:31:16</createDateTime>
    </header>
    <ns2:body>
        <ns2:item>
            <guid>c3ce72ad-551a-4aa5-aea2-8bfbcbaf6e26</guid>
            <ns2:purchaseNoticeEPData>
                <ns2:guid>c3ce72ad-551a-4aa5-aea2-8bfbcbaf6e26</ns2:guid>
                <ns2:createDateTime>2017-03-16T09:48:48</ns2:createDateTime>
                <ns2:urlOOS>https://zakupki.gov.ru/223/purchase/private/purchase/notice-info/details.html?noticeInfoId=5882990</ns2:urlOOS>
                <ns2:registrationNumber>31704896492</ns2:registrationNumber>
                <ns2:name>Договор перевозки оборудования АИП-экскаватора HITACHI ZX-160LC </ns2:name>
                <ns2:customer>
                    <mainInfo>
                        <fullName>ОТКРЫТОЕ АКЦИОНЕРНОЕ ОБЩЕСТВО "МКК-ХОЛДИНГ"</fullName>
                        <shortName>ОАО "МКК-ХОЛДИНГ"</shortName>
                        <iko>55025011162771001001</iko>
                        <inn>5025011162</inn>
                        <kpp>771001001</kpp>
                        <ogrn>1027739076683</ogrn>
                        <legalAddress>123056, Москва, Электрический, дом 8, корпус 5</legalAddress>
                        <postalAddress>123056, г. Москва, Электрический пер., д.8, стр.5</postalAddress>
                        <phone>7-499-2536017</phone>
                        <fax>7-499-2531575</fax>
                        <email>mkk@mkk-holding.ru</email>
                        <okato>45286575000</okato>
                        <okpo>48774900</okpo>
                    </mainInfo>
                </ns2:customer>
                <ns2:purchaseMethodCode>3363</ns2:purchaseMethodCode>
                <ns2:purchaseCodeName>Закупка у единственного поставщика (исполнителя, подрядчика)</ns2:purchaseCodeName>
                <ns2:placer>
                    <mainInfo>
                        <fullName>ОТКРЫТОЕ АКЦИОНЕРНОЕ ОБЩЕСТВО "МКК-ХОЛДИНГ"</fullName>
                        <shortName>ОАО "МКК-ХОЛДИНГ"</shortName>
                        <iko>55025011162771001001</iko>
                        <inn>5025011162</inn>
                        <kpp>771001001</kpp>
                        <ogrn>1027739076683</ogrn>
                        <legalAddress>123056, Москва, Электрический, дом 8, корпус 5</legalAddress>
                        <postalAddress>123056, г. Москва, Электрический пер., д.8, стр.5</postalAddress>
                        <phone>7-499-2536017</phone>
                        <fax>7-499-2531575</fax>
                        <email>mkk@mkk-holding.ru</email>
                        <okato>45286575000</okato>
                        <okpo>48774900</okpo>
                    </mainInfo>
                </ns2:placer>
                <ns2:contact>
                    <firstName>Ольга</firstName>
                    <middleName>Леонидовна</middleName>
                    <lastName>Погориляк</lastName>
                    <phone>+007 (499) 2535705</phone>
                    <fax>+007 (499) 2531575</fax>
                    <email>pogoriliak@mkk-holding.ru</email>
                    <organization>
                        <mainInfo>
                            <fullName>ОТКРЫТОЕ АКЦИОНЕРНОЕ ОБЩЕСТВО "МКК-ХОЛДИНГ"</fullName>
                            <shortName>ОАО "МКК-ХОЛДИНГ"</shortName>
                            <iko>55025011162771001001</iko>
                            <inn>5025011162</inn>
                            <kpp>771001001</kpp>
                            <ogrn>1027739076683</ogrn>
                            <legalAddress>123056, Москва, Электрический, дом 8, корпус 5</legalAddress>
                            <postalAddress>123056, г. Москва, Электрический пер., д.8, стр.5</postalAddress>
                            <phone>7-499-2536017</phone>
                            <fax>7-499-2531575</fax>
                            <email>mkk@mkk-holding.ru</email>
                            <okato>45286575000</okato>
                            <okpo>48774900</okpo>
                        </mainInfo>
                    </organization>
                </ns2:contact>
                <ns2:publicationDateTime>2017-03-16T11:31:16</ns2:publicationDateTime>
                <ns2:documentationDelivery>
                    <deliveryStartDateTime>2017-03-16</deliveryStartDateTime>
                    <deliveryEndDateTime>2017-03-16</deliveryEndDateTime>
                    <place>не указывается для данного способа размещения</place>
                    <procedure>не указывается для данного способа размещения</procedure>
                </ns2:documentationDelivery>
                <ns2:status>P</ns2:status>
                <ns2:version>1</ns2:version>
                <ns2:notDishonest>true</ns2:notDishonest>
                <ns2:attachments>
                    <totalDocumentsCount>2</totalDocumentsCount>
                    <document>
                        <guid>13195a70-f9ad-4ff2-8e90-40034e078959</guid>
                        <createDateTime>2017-03-16T11:30:36</createDateTime>
                        <fileName>Проект договора по перевозке с Турочака в Саяногорск.doc</fileName>
                        <description>Проект договора по перевозке с Турочака в Саяногорск</description>
                        <url>http://zakupki.gov.ru/223/purchase/public/download/download.html?id=30100155</url>
                    </document>
                    <document>
                        <guid>1192260f-604f-4eb8-bb8a-ebed5c64fd42</guid>
                        <createDateTime>2017-03-16T09:51:39</createDateTime>
                        <fileName>Извещение и документаця о закупке у единственного поставщика.doc</fileName>
                        <description>Извещение и документаця о закупке у единственного поставщика</description>
                        <url>http://zakupki.gov.ru/223/purchase/public/download/download.html?id=30094699</url>
                    </document>
                </ns2:attachments>
                <ns2:modificationDate>2017-03-16T11:31:16</ns2:modificationDate>
                <ns2:saveUserId>164277</ns2:saveUserId>
                <ns2:deliveryPlaceIndication>DIFFERENT_PLACE</ns2:deliveryPlaceIndication>
                <ns2:emergency>false</ns2:emergency>
                <ns2:jointPurchase>false</ns2:jointPurchase>
                <ns2:lots>
                    <lot>
                        <guid>5aa48952-fe01-4637-92e6-a85e637ed090</guid>
                        <ordinalNumber>1</ordinalNumber>
                        <lotEditEnabled>false</lotEditEnabled>
                        <lotData>
                            <subject>Договор перевозки оборудования АИП-экскаватора HITACHI ZX-160LC </subject>
                            <currency>
                                <code>RUB</code>
                                <digitalCode>643</digitalCode>
                                <name>Российский рубль</name>
                            </currency>
                            <initialSum>279906.67</initialSum>
                            <deliveryPlace>
                                <state>Сибирский федеральный округ</state>
                                <region>Алтай Респ </region>
                                <regionOkato>84000000000</regionOkato>
                                <address>г. Саяногорск, ул. Индустриальная,17</address>
                            </deliveryPlace>
                            <lotItems>
                                <newCodes>true</newCodes>
                                <lotItem>
                                    <guid>21192188-9654-4426-a96f-7b3e86fce7c6</guid>
                                    <ordinalNumber>1</ordinalNumber>
                                    <okpd2>
                                        <code>49.41.19</code>
                                        <name>Услуги по перевозке грузов автомобильным транспортом прочие</name>
                                    </okpd2>
                                    <okved2>
                                        <code>49.41.1</code>
                                        <name>Перевозка грузов специализированными автотранспортными средствами</name>
                                    </okved2>
                                    <okei>
                                        <code>876</code>
                                        <name>Условная единица</name>
                                    </okei>
                                    <qty>1</qty>
                                </lotItem>
                            </lotItems>
                            <forSmallOrMiddle>false</forSmallOrMiddle>
                            <excludePurchaseFromPlan>false</excludePurchaseFromPlan>
                            <subcontractorsRequirement>false</subcontractorsRequirement>
                            <ignoredPurchase>false</ignoredPurchase>
                            <centralized>false</centralized>
                        </lotData>
                        <deliveryPlaceIndication>GL</deliveryPlaceIndication>
                        <jointLotData>
                            <jointLot>false</jointLot>
                        </jointLotData>
                        <lotPlanInfo>
                            <planRegistrationNumber>2160192143</planRegistrationNumber>
                            <planGuid>10874408-3d4d-434a-8acc-77789769aeca</planGuid>
                            <positionNumber>34</positionNumber>
                            <lotPlanPosition>COMMODITY</lotPlanPosition>
                            <positionGuid>e52d8162-2867-41a6-8261-ac1bb669e027</positionGuid>
                        </lotPlanInfo>
                        <cancelled>false</cancelled>
                    </lot>
                </ns2:lots>
            </ns2:purchaseNoticeEPData>
        </ns2:item>
    </ns2:body>
</ns2:purchaseNoticeEP>
