<?xml version="1.0" encoding="UTF-8" standalone="yes"?>
<ns2:purchaseNoticeEP xsi:schemaLocation="http://zakupki.gov.ru/223/integration/schema/TFF-5.2 http://zakupki.gov.ru/223/integration/schema/TFF-5.2/purchase.xsd" xmlns="http://zakupki.gov.ru/223fz/types/1" xmlns:ns10="http://zakupki.gov.ru/223fz/purchasePlan/1" xmlns:ns11="http://zakupki.gov.ru/223fz/purchasePlanProject/1" xmlns:ns12="http://zakupki.gov.ru/223fz/purchasePlanProjectAdditionalPosition/1" xmlns:ns13="http://zakupki.gov.ru/223fz/contract/1" xmlns:ns14="http://zakupki.gov.ru/223fz/missedNotice/1" xmlns:ns15="http://zakupki.gov.ru/223fz/reference/1" xmlns:ns16="http://zakupki.gov.ru/223fz/stopCommodity/1" xmlns:ns17="http://zakupki.gov.ru/223fz/decisionSuspension/1" xmlns:ns18="http://zakupki.gov.ru/223fz/purchasePlanAdditionalPosition/1" xmlns:ns19="http://zakupki.gov.ru/223fz/webRequest/1" xmlns:ns2="http://zakupki.gov.ru/223fz/purchase/1" xmlns:xsi="http://www.w3.org/2001/XMLSchema-instance" xmlns:ns3="http://zakupki.gov.ru/223fz/dishonestSupplier/1" xmlns:ns4="http://zakupki.gov.ru/223fz/machineryListInfo/1" xmlns:ns5="http://zakupki.gov.ru/223fz/revenue/1" xmlns:ns6="http://zakupki.gov.ru/223fz/orderClauseList/1" xmlns:ns7="http://zakupki.gov.ru/223fz/disagreementProtocol/1" xmlns:ns8="http://zakupki.gov.ru/223fz/complaint/1" xmlns:ns9="http://zakupki.gov.ru/223fz/notificationIssue/1">
    <header>
        <guid>c335f862-27ad-495d-a7d7-0d502e570788</guid>
        <createDateTime>2017-03-16T16:59:46</createDateTime>
    </header>
    <ns2:body>
        <ns2:item>
            <guid>0b264eac-20b8-4233-8455-a2b6da31d29c</guid>
            <ns2:purchaseNoticeEPData>
                <ns2:guid>0b264eac-20b8-4233-8455-a2b6da31d29c</ns2:guid>
                <ns2:createDateTime>2017-03-15T14:45:26</ns2:createDateTime>
                <ns2:urlOOS>https://zakupki.gov.ru/223/purchase/private/purchase/notice-info/details.html?noticeInfoId=5879069</ns2:urlOOS>
                <ns2:registrationNumber>31704899474</ns2:registrationNumber>
                <ns2:name>Закупка у единственного контрагента на право заключения договора оказания услуг по техническому обслуживанию и надлежащему содержанию нежилых помещений</ns2:name>
                <ns2:customer>
                    <mainInfo>
                        <fullName>АКЦИОНЕРНОЕ ОБЩЕСТВО ВТБ РЕГИСТРАТОР</fullName>
                        <shortName>АО ВТБ РЕГИСТРАТОР</shortName>
                        <iko>65610083568771401001</iko>
                        <inn>5610083568</inn>
                        <kpp>771401001</kpp>
                        <ogrn>1045605469744</ogrn>
                        <legalAddress>127015, Г МОСКВА, УЛ ПРАВДЫ, дом ДОМ 23</legalAddress>
                        <postalAddress>127137, г. Москва, а/я 54</postalAddress>
                        <phone>7-495-7874483</phone>
                        <fax>7-495-7874483-117</fax>
                        <email>info@vtbreg.ru</email>
                        <okato>45277556000</okato>
                        <okpo>74713069</okpo>
                    </mainInfo>
                </ns2:customer>
                <ns2:purchaseMethodCode>3363</ns2:purchaseMethodCode>
                <ns2:purchaseCodeName>Закупка у единственного поставщика (исполнителя, подрядчика)</ns2:purchaseCodeName>
                <ns2:placer>
                    <mainInfo>
                        <fullName>АКЦИОНЕРНОЕ ОБЩЕСТВО ВТБ РЕГИСТРАТОР</fullName>
                        <shortName>АО ВТБ РЕГИСТРАТОР</shortName>
                        <iko>65610083568771401001</iko>
                        <inn>5610083568</inn>
                        <kpp>771401001</kpp>
                        <ogrn>1045605469744</ogrn>
                        <legalAddress>127015, Г МОСКВА, УЛ ПРАВДЫ, дом ДОМ 23</legalAddress>
                        <postalAddress>127137, г. Москва, а/я 54</postalAddress>
                        <phone>7-495-7874483</phone>
                        <fax>7-495-7874483-117</fax>
                        <email>info@vtbreg.ru</email>
                        <okato>45277556000</okato>
                        <okpo>74713069</okpo>
                    </mainInfo>
                </ns2:placer>
                <ns2:contact>
                    <firstName>Андрей</firstName>
                    <middleName>Андреевич</middleName>
                    <lastName>Заиграев</lastName>
                    <phone>+7 (495) 7874483, доб.: 189</phone>
                    <email>info@vtbreg.ru</email>
                    <organization>
                        <mainInfo>
                            <fullName>АКЦИОНЕРНОЕ ОБЩЕСТВО ВТБ РЕГИСТРАТОР</fullName>
                            <shortName>АО ВТБ РЕГИСТРАТОР</shortName>
                            <iko>65610083568771401001</iko>
                            <inn>5610083568</inn>
                            <kpp>771401001</kpp>
                            <ogrn>1045605469744</ogrn>
                            <legalAddress>127015, Г МОСКВА, УЛ ПРАВДЫ, дом ДОМ 23</legalAddress>
                            <postalAddress>127137, г. Москва, а/я 54</postalAddress>
                            <phone>7-495-7874483</phone>
                            <fax>7-495-7874483-117</fax>
                            <email>info@vtbreg.ru</email>
                            <okato>45277556000</okato>
                            <okpo>74713069</okpo>
                        </mainInfo>
                    </organization>
                </ns2:contact>
                <ns2:publicationDateTime>2017-03-16T16:59:46</ns2:publicationDateTime>
                <ns2:documentationDelivery/>
                <ns2:status>P</ns2:status>
                <ns2:version>1</ns2:version>
                <ns2:notDishonest>false</ns2:notDishonest>
                <ns2:attachments>
                    <totalDocumentsCount>2</totalDocumentsCount>
                    <document>
                        <guid>aedbcc83-cc88-4778-8fc6-0cb19c6b2099</guid>
                        <createDateTime>2017-03-16T16:59:03</createDateTime>
                        <fileName>Договор на тех  обслуживание неж  помещения МОДИТ.doc</fileName>
                        <description>Договор на тех  обслуживание неж  помещения МОДИТ</description>
                        <url>http://zakupki.gov.ru/223/purchase/public/download/download.html?id=30118361</url>
                    </document>
                    <document>
                        <guid>207fe954-5c2e-4661-95ab-a887261040e2</guid>
                        <createDateTime>2017-03-16T16:55:54</createDateTime>
                        <fileName>ИЗВЕЩЕНИЕ .docx</fileName>
                        <description>ИЗВЕЩЕНИЕ </description>
                        <url>http://zakupki.gov.ru/223/purchase/public/download/download.html?id=30118187</url>
                    </document>
                </ns2:attachments>
                <ns2:modificationDate>2017-03-16T16:59:46</ns2:modificationDate>
                <ns2:saveUserId>32955</ns2:saveUserId>
                <ns2:deliveryPlaceIndication>DIFFERENT_PLACE</ns2:deliveryPlaceIndication>
                <ns2:emergency>false</ns2:emergency>
                <ns2:jointPurchase>false</ns2:jointPurchase>
                <ns2:lots>
                    <lot>
                        <guid>97094c4b-4031-4cb2-bd94-fb99e0151b96</guid>
                        <ordinalNumber>1</ordinalNumber>
                        <lotEditEnabled>false</lotEditEnabled>
                        <lotData>
                            <subject>Оказание услуг по техническому обслуживанию и надлежащему содержанию нежилых помещений</subject>
                            <currency>
                                <code>RUB</code>
                                <digitalCode>643</digitalCode>
                                <name>Российский рубль</name>
                            </currency>
                            <initialSum>7000000.00</initialSum>
                            <deliveryPlace>
                                <state>Центральный федеральный округ</state>
                                <region>Москва</region>
                                <regionOkato>45000000000</regionOkato>
                                <address>г. Москва, ул. Правды, д. 23</address>
                            </deliveryPlace>
                            <lotItems>
                                <newCodes>true</newCodes>
                                <lotItem>
                                    <guid>ab21b0f3-d9d8-4bdb-8885-2919d5ac7f11</guid>
                                    <ordinalNumber>1</ordinalNumber>
                                    <okpd2>
                                        <code>81.10.10</code>
                                        <name>Услуги по комплексному обслуживанию помещений</name>
                                    </okpd2>
                                    <okved2>
                                        <code>81.10</code>
                                        <name>Деятельность по комплексному обслуживанию помещений</name>
                                    </okved2>
                                </lotItem>
                            </lotItems>
                            <forSmallOrMiddle>false</forSmallOrMiddle>
                            <excludePurchaseFromPlan>false</excludePurchaseFromPlan>
                            <subcontractorsRequirement>false</subcontractorsRequirement>
                            <ignoredPurchase>false</ignoredPurchase>
                            <centralized>false</centralized>
                        </lotData>
                        <deliveryPlaceIndication>GL</deliveryPlaceIndication>
                        <jointLotData>
                            <jointLot>false</jointLot>
                        </jointLotData>
                        <lotPlanInfo>
                            <planRegistrationNumber>2160216018</planRegistrationNumber>
                            <planGuid>cc9b3bde-c037-4498-a084-68bd95a2c9f3</planGuid>
                            <positionNumber>19</positionNumber>
                            <lotPlanPosition>COMMODITY</lotPlanPosition>
                            <positionGuid>4d6a5550-320e-4712-a0f1-d96e8e8cf2f1</positionGuid>
                        </lotPlanInfo>
                        <cancelled>false</cancelled>
                    </lot>
                </ns2:lots>
            </ns2:purchaseNoticeEPData>
        </ns2:item>
    </ns2:body>
</ns2:purchaseNoticeEP>
