<?xml version="1.0" encoding="UTF-8" standalone="yes"?>
<ns2:purchaseNoticeEP xsi:schemaLocation="http://zakupki.gov.ru/223/integration/schema/TFF-5.2 http://zakupki.gov.ru/223/integration/schema/TFF-5.2/purchase.xsd" xmlns="http://zakupki.gov.ru/223fz/types/1" xmlns:ns10="http://zakupki.gov.ru/223fz/purchasePlan/1" xmlns:ns11="http://zakupki.gov.ru/223fz/purchasePlanProject/1" xmlns:ns12="http://zakupki.gov.ru/223fz/purchasePlanProjectAdditionalPosition/1" xmlns:ns13="http://zakupki.gov.ru/223fz/contract/1" xmlns:ns14="http://zakupki.gov.ru/223fz/missedNotice/1" xmlns:ns15="http://zakupki.gov.ru/223fz/reference/1" xmlns:ns16="http://zakupki.gov.ru/223fz/stopCommodity/1" xmlns:ns17="http://zakupki.gov.ru/223fz/decisionSuspension/1" xmlns:ns18="http://zakupki.gov.ru/223fz/purchasePlanAdditionalPosition/1" xmlns:ns19="http://zakupki.gov.ru/223fz/webRequest/1" xmlns:ns2="http://zakupki.gov.ru/223fz/purchase/1" xmlns:xsi="http://www.w3.org/2001/XMLSchema-instance" xmlns:ns3="http://zakupki.gov.ru/223fz/dishonestSupplier/1" xmlns:ns4="http://zakupki.gov.ru/223fz/machineryListInfo/1" xmlns:ns5="http://zakupki.gov.ru/223fz/revenue/1" xmlns:ns6="http://zakupki.gov.ru/223fz/orderClauseList/1" xmlns:ns7="http://zakupki.gov.ru/223fz/disagreementProtocol/1" xmlns:ns8="http://zakupki.gov.ru/223fz/complaint/1" xmlns:ns9="http://zakupki.gov.ru/223fz/notificationIssue/1">
    <header>
        <guid>8e98d474-5340-45ca-8a6a-70705e1e46f5</guid>
        <createDateTime>2017-03-16T10:33:36</createDateTime>
    </header>
    <ns2:body>
        <ns2:item>
            <guid>78f3bf2d-e270-44c6-ba18-e3b6ac61dc94</guid>
            <ns2:purchaseNoticeEPData>
                <ns2:guid>78f3bf2d-e270-44c6-ba18-e3b6ac61dc94</ns2:guid>
                <ns2:createDateTime>2017-03-16T10:30:53</ns2:createDateTime>
                <ns2:urlOOS>https://zakupki.gov.ru/223/purchase/private/purchase/notice-info/details.html?noticeInfoId=5883486</ns2:urlOOS>
                <ns2:registrationNumber>31704895974</ns2:registrationNumber>
                <ns2:name>Оказание услуг по предоставлению права на использование программного обеспечения.</ns2:name>
                <ns2:customer>
                    <mainInfo>
                        <fullName>ФЕДЕРАЛЬНОЕ ГОСУДАРСТВЕННОЕ УЧРЕЖДЕНИЕ "ФЕДЕРАЛЬНЫЙ НАУЧНЫЙ ЦЕНТР НАУЧНО-ИССЛЕДОВАТЕЛЬСКИЙ ИНСТИТУТ СИСТЕМНЫХ ИССЛЕДОВАНИЙ РОССИЙСКОЙ АКАДЕМИИ НАУК"</fullName>
                        <shortName>ФГУ ФНЦ НИИСИ РАН</shortName>
                        <iko>87727086772772701001</iko>
                        <inn>7727086772</inn>
                        <kpp>772701001</kpp>
                        <ogrn>1027700384909</ogrn>
                        <legalAddress>117218, Г МОСКВА, ПР-КТ НАХИМОВСКИЙ, дом 36, корпус 1</legalAddress>
                        <postalAddress>117218, Москва Город, Нахимовский Проспект, дом 36, корпус 1</postalAddress>
                        <phone>7-495-7187366</phone>
                        <email>niisi@niisi.msk.ru</email>
                        <okato>45293554000</okato>
                        <okpo>05825395</okpo>
                    </mainInfo>
                </ns2:customer>
                <ns2:purchaseMethodCode>3363</ns2:purchaseMethodCode>
                <ns2:purchaseCodeName>Закупка у единственного поставщика (исполнителя, подрядчика)</ns2:purchaseCodeName>
                <ns2:placer>
                    <mainInfo>
                        <fullName>ФЕДЕРАЛЬНОЕ ГОСУДАРСТВЕННОЕ УЧРЕЖДЕНИЕ "ФЕДЕРАЛЬНЫЙ НАУЧНЫЙ ЦЕНТР НАУЧНО-ИССЛЕДОВАТЕЛЬСКИЙ ИНСТИТУТ СИСТЕМНЫХ ИССЛЕДОВАНИЙ РОССИЙСКОЙ АКАДЕМИИ НАУК"</fullName>
                        <shortName>ФГУ ФНЦ НИИСИ РАН</shortName>
                        <iko>87727086772772701001</iko>
                        <inn>7727086772</inn>
                        <kpp>772701001</kpp>
                        <ogrn>1027700384909</ogrn>
                        <legalAddress>117218, Г МОСКВА, ПР-КТ НАХИМОВСКИЙ, дом 36, корпус 1</legalAddress>
                        <postalAddress>117218, Москва Город, Нахимовский Проспект, дом 36, корпус 1</postalAddress>
                        <phone>7-495-7187366</phone>
                        <email>niisi@niisi.msk.ru</email>
                        <okato>45293554000</okato>
                        <okpo>05825395</okpo>
                    </mainInfo>
                </ns2:placer>
                <ns2:contact>
                    <phone>+8 (495) 7187366</phone>
                    <email>andronova@niisi.ras.ru</email>
                    <organization>
                        <mainInfo>
                            <fullName>ФЕДЕРАЛЬНОЕ ГОСУДАРСТВЕННОЕ УЧРЕЖДЕНИЕ "ФЕДЕРАЛЬНЫЙ НАУЧНЫЙ ЦЕНТР НАУЧНО-ИССЛЕДОВАТЕЛЬСКИЙ ИНСТИТУТ СИСТЕМНЫХ ИССЛЕДОВАНИЙ РОССИЙСКОЙ АКАДЕМИИ НАУК"</fullName>
                            <shortName>ФГУ ФНЦ НИИСИ РАН</shortName>
                            <iko>87727086772772701001</iko>
                            <inn>7727086772</inn>
                            <kpp>772701001</kpp>
                            <ogrn>1027700384909</ogrn>
                            <legalAddress>117218, Г МОСКВА, ПР-КТ НАХИМОВСКИЙ, дом 36, корпус 1</legalAddress>
                            <postalAddress>117218, Москва Город, Нахимовский Проспект, дом 36, корпус 1</postalAddress>
                            <phone>7-495-7187366</phone>
                            <email>niisi@niisi.msk.ru</email>
                            <okato>45293554000</okato>
                            <okpo>05825395</okpo>
                        </mainInfo>
                    </organization>
                </ns2:contact>
                <ns2:publicationDateTime>2017-03-16T10:33:36</ns2:publicationDateTime>
                <ns2:documentationDelivery/>
                <ns2:status>P</ns2:status>
                <ns2:version>1</ns2:version>
                <ns2:notDishonest>true</ns2:notDishonest>
                <ns2:attachments>
                    <totalDocumentsCount>2</totalDocumentsCount>
                    <document>
                        <guid>495c8fa0-7adc-43c9-9cc0-a293a2123094</guid>
                        <createDateTime>2017-03-16T10:32:37</createDateTime>
                        <fileName>Извещение (документация о закупке).docx</fileName>
                        <description>Извещение (документация о закупке)</description>
                        <url>http://zakupki.gov.ru/223/purchase/public/download/download.html?id=30097043</url>
                    </document>
                    <document>
                        <guid>a4bef4fd-d716-4705-b36f-fdfe2660ef5e</guid>
                        <createDateTime>2017-03-16T10:32:41</createDateTime>
                        <fileName>ПД.doc</fileName>
                        <description>ПД</description>
                        <url>http://zakupki.gov.ru/223/purchase/public/download/download.html?id=30097049</url>
                    </document>
                </ns2:attachments>
                <ns2:modificationDate>2017-03-16T10:33:36</ns2:modificationDate>
                <ns2:saveUserId>223086</ns2:saveUserId>
                <ns2:deliveryPlaceIndication>DIFFERENT_PLACE</ns2:deliveryPlaceIndication>
                <ns2:emergency>false</ns2:emergency>
                <ns2:jointPurchase>false</ns2:jointPurchase>
                <ns2:lots>
                    <lot>
                        <guid>4e7c872f-45f4-466b-98c4-7779da210f97</guid>
                        <ordinalNumber>1</ordinalNumber>
                        <lotEditEnabled>true</lotEditEnabled>
                        <lotData>
                            <subject>Оказание услуг по предоставлению права на использование программного обеспечения
</subject>
                            <currency>
                                <code>RUB</code>
                                <digitalCode>643</digitalCode>
                                <name>Российский рубль</name>
                            </currency>
                            <initialSum>1191560.00</initialSum>
                            <deliveryPlace>
                                <state>Центральный федеральный округ</state>
                                <region>Москва</region>
                                <regionOkato>45000000000</regionOkato>
                                <address>г. Москва, Нахимовский проспект, 36, кор.1.</address>
                            </deliveryPlace>
                            <lotItems>
                                <newCodes>true</newCodes>
                                <lotItem>
                                    <guid>d8129045-8d98-4139-bc76-c4398909305e</guid>
                                    <ordinalNumber>1</ordinalNumber>
                                    <okpd2>
                                        <code>62.01.29.000</code>
                                        <name>Оригиналы программного обеспечения прочие</name>
                                    </okpd2>
                                    <okved2>
                                        <code>62.01</code>
                                        <name>Разработка компьютерного программного обеспечения</name>
                                    </okved2>
                                    <okei>
                                        <code>876</code>
                                        <name>Условная единица</name>
                                    </okei>
                                    <qty>1</qty>
                                </lotItem>
                            </lotItems>
                            <forSmallOrMiddle>false</forSmallOrMiddle>
                            <excludePurchaseFromPlan>false</excludePurchaseFromPlan>
                            <subcontractorsRequirement>false</subcontractorsRequirement>
                            <ignoredPurchase>false</ignoredPurchase>
                            <centralized>false</centralized>
                        </lotData>
                        <deliveryPlaceIndication>GL</deliveryPlaceIndication>
                        <jointLotData>
                            <jointLot>false</jointLot>
                        </jointLotData>
                        <lotPlanInfo>
                            <planRegistrationNumber>2160200063</planRegistrationNumber>
                            <planGuid>6eb1377e-d040-473e-b295-e6cc63553401</planGuid>
                            <positionNumber>96</positionNumber>
                            <lotPlanPosition>COMMODITY</lotPlanPosition>
                            <positionGuid>5f28e934-f39c-4a7d-92ca-1a032d2ff040</positionGuid>
                        </lotPlanInfo>
                        <cancelled>false</cancelled>
                    </lot>
                </ns2:lots>
            </ns2:purchaseNoticeEPData>
        </ns2:item>
    </ns2:body>
</ns2:purchaseNoticeEP>
