<?xml version="1.0" encoding="UTF-8" standalone="yes"?>
<ns2:purchaseNoticeEP xsi:schemaLocation="http://zakupki.gov.ru/223/integration/schema/TFF-5.2 http://zakupki.gov.ru/223/integration/schema/TFF-5.2/purchase.xsd" xmlns="http://zakupki.gov.ru/223fz/types/1" xmlns:ns10="http://zakupki.gov.ru/223fz/purchasePlan/1" xmlns:ns11="http://zakupki.gov.ru/223fz/purchasePlanProject/1" xmlns:ns12="http://zakupki.gov.ru/223fz/purchasePlanProjectAdditionalPosition/1" xmlns:ns13="http://zakupki.gov.ru/223fz/contract/1" xmlns:ns14="http://zakupki.gov.ru/223fz/missedNotice/1" xmlns:ns15="http://zakupki.gov.ru/223fz/reference/1" xmlns:ns16="http://zakupki.gov.ru/223fz/stopCommodity/1" xmlns:ns17="http://zakupki.gov.ru/223fz/decisionSuspension/1" xmlns:ns18="http://zakupki.gov.ru/223fz/purchasePlanAdditionalPosition/1" xmlns:ns19="http://zakupki.gov.ru/223fz/webRequest/1" xmlns:ns2="http://zakupki.gov.ru/223fz/purchase/1" xmlns:xsi="http://www.w3.org/2001/XMLSchema-instance" xmlns:ns3="http://zakupki.gov.ru/223fz/dishonestSupplier/1" xmlns:ns4="http://zakupki.gov.ru/223fz/machineryListInfo/1" xmlns:ns5="http://zakupki.gov.ru/223fz/revenue/1" xmlns:ns6="http://zakupki.gov.ru/223fz/orderClauseList/1" xmlns:ns7="http://zakupki.gov.ru/223fz/disagreementProtocol/1" xmlns:ns8="http://zakupki.gov.ru/223fz/complaint/1" xmlns:ns9="http://zakupki.gov.ru/223fz/notificationIssue/1">
    <header>
        <guid>99e48e68-10f5-4d65-85de-bce0c569621b</guid>
        <createDateTime>2017-03-16T13:33:52</createDateTime>
    </header>
    <ns2:body>
        <ns2:item>
            <guid>f4fde146-5c5a-46e5-af85-23ba688102ef</guid>
            <ns2:purchaseNoticeEPData>
                <ns2:guid>f4fde146-5c5a-46e5-af85-23ba688102ef</ns2:guid>
                <ns2:createDateTime>2017-03-16T13:29:09</ns2:createDateTime>
                <ns2:urlOOS>https://zakupki.gov.ru/223/purchase/private/purchase/notice-info/details.html?noticeInfoId=5885333</ns2:urlOOS>
                <ns2:registrationNumber>31704897462</ns2:registrationNumber>
                <ns2:name>Ампулы бесцветные с голубой точкой излома, форма С, 2 мл.</ns2:name>
                <ns2:customer>
                    <mainInfo>
                        <fullName>ФЕДЕРАЛЬНОЕ ГОСУДАРСТВЕННОЕ БЮДЖЕТНОЕ УЧРЕЖДЕНИЕ "ФЕДЕРАЛЬНЫЙ НАУЧНО-ИССЛЕДОВАТЕЛЬСКИЙ ЦЕНТР ЭПИДЕМИОЛОГИИ И МИКРОБИОЛОГИИ ИМЕНИ ПОЧЕТНОГО АКАДЕМИКА Н.Ф. ГАМАЛЕИ" МИНИСТЕРСТВА ЗДРАВООХРАНЕНИЯ РОССИЙСКОЙ ФЕДЕРАЦИИ</fullName>
                        <shortName>ФГБУ "ФНИЦЭМ ИМ. Н.Ф. ГАМАЛЕИ" МИНЗДРАВА РОССИИ</shortName>
                        <iko>87734013214773401001</iko>
                        <inn>7734013214</inn>
                        <kpp>773401001</kpp>
                        <ogrn>1027739443555</ogrn>
                        <legalAddress>123098, Г МОСКВА, УЛ ГАМАЛЕИ, дом ДОМ 18</legalAddress>
                        <postalAddress>123098, г.Москва, ул.Гамалеи, дом 18</postalAddress>
                        <phone>7-499-1933001</phone>
                        <fax>7-499-1936183</fax>
                        <email>gamaleya@pochta.ru</email>
                        <okato>45283587000</okato>
                        <okpo>01897357</okpo>
                    </mainInfo>
                </ns2:customer>
                <ns2:purchaseMethodCode>3363</ns2:purchaseMethodCode>
                <ns2:purchaseCodeName>Закупка у единственного поставщика (исполнителя, подрядчика)</ns2:purchaseCodeName>
                <ns2:placer>
                    <mainInfo>
                        <fullName>ФЕДЕРАЛЬНОЕ ГОСУДАРСТВЕННОЕ БЮДЖЕТНОЕ УЧРЕЖДЕНИЕ "ФЕДЕРАЛЬНЫЙ НАУЧНО-ИССЛЕДОВАТЕЛЬСКИЙ ЦЕНТР ЭПИДЕМИОЛОГИИ И МИКРОБИОЛОГИИ ИМЕНИ ПОЧЕТНОГО АКАДЕМИКА Н.Ф. ГАМАЛЕИ" МИНИСТЕРСТВА ЗДРАВООХРАНЕНИЯ РОССИЙСКОЙ ФЕДЕРАЦИИ</fullName>
                        <shortName>ФГБУ "ФНИЦЭМ ИМ. Н.Ф. ГАМАЛЕИ" МИНЗДРАВА РОССИИ</shortName>
                        <iko>87734013214773401001</iko>
                        <inn>7734013214</inn>
                        <kpp>773401001</kpp>
                        <ogrn>1027739443555</ogrn>
                        <legalAddress>123098, Г МОСКВА, УЛ ГАМАЛЕИ, дом ДОМ 18</legalAddress>
                        <postalAddress>123098, г.Москва, ул.Гамалеи, дом 18</postalAddress>
                        <phone>7-499-1933001</phone>
                        <fax>7-499-1936183</fax>
                        <email>gamaleya@pochta.ru</email>
                        <okato>45283587000</okato>
                        <okpo>01897357</okpo>
                    </mainInfo>
                </ns2:placer>
                <ns2:contact>
                    <phone>+7 (499) 1907641</phone>
                    <email>konkurs@gamaleya.org</email>
                    <organization>
                        <mainInfo>
                            <fullName>ФЕДЕРАЛЬНОЕ ГОСУДАРСТВЕННОЕ БЮДЖЕТНОЕ УЧРЕЖДЕНИЕ "ФЕДЕРАЛЬНЫЙ НАУЧНО-ИССЛЕДОВАТЕЛЬСКИЙ ЦЕНТР ЭПИДЕМИОЛОГИИ И МИКРОБИОЛОГИИ ИМЕНИ ПОЧЕТНОГО АКАДЕМИКА Н.Ф. ГАМАЛЕИ" МИНИСТЕРСТВА ЗДРАВООХРАНЕНИЯ РОССИЙСКОЙ ФЕДЕРАЦИИ</fullName>
                            <shortName>ФГБУ "ФНИЦЭМ ИМ. Н.Ф. ГАМАЛЕИ" МИНЗДРАВА РОССИИ</shortName>
                            <iko>87734013214773401001</iko>
                            <inn>7734013214</inn>
                            <kpp>773401001</kpp>
                            <ogrn>1027739443555</ogrn>
                            <legalAddress>123098, Г МОСКВА, УЛ ГАМАЛЕИ, дом ДОМ 18</legalAddress>
                            <postalAddress>123098, г.Москва, ул.Гамалеи, дом 18</postalAddress>
                            <phone>7-499-1933001</phone>
                            <fax>7-499-1936183</fax>
                            <email>gamaleya@pochta.ru</email>
                            <okato>45283587000</okato>
                            <okpo>01897357</okpo>
                        </mainInfo>
                    </organization>
                </ns2:contact>
                <ns2:publicationDateTime>2017-03-16T13:33:52</ns2:publicationDateTime>
                <ns2:documentationDelivery/>
                <ns2:status>P</ns2:status>
                <ns2:version>1</ns2:version>
                <ns2:notDishonest>false</ns2:notDishonest>
                <ns2:attachments>
                    <totalDocumentsCount>1</totalDocumentsCount>
                    <document>
                        <guid>e2e0dcf3-fe5d-43fb-81f7-6a17f82d4e16</guid>
                        <createDateTime>2017-03-16T13:32:31</createDateTime>
                        <fileName>март 2017 ШОТТ ампулы закупка у ед.поставщика .docx</fileName>
                        <description>март 2017 ШОТТ ампулы закупка у ед.поставщика </description>
                        <url>http://zakupki.gov.ru/223/purchase/public/download/download.html?id=30106466</url>
                    </document>
                </ns2:attachments>
                <ns2:modificationDate>2017-03-16T13:33:52</ns2:modificationDate>
                <ns2:saveUserId>126590</ns2:saveUserId>
                <ns2:deliveryPlaceIndication>DIFFERENT_PLACE</ns2:deliveryPlaceIndication>
                <ns2:emergency>false</ns2:emergency>
                <ns2:jointPurchase>false</ns2:jointPurchase>
                <ns2:lots>
                    <lot>
                        <guid>5d867166-0b8c-469c-9f94-ea3ee863a7f4</guid>
                        <ordinalNumber>1</ordinalNumber>
                        <lotEditEnabled>false</lotEditEnabled>
                        <lotData>
                            <subject>Ампулы бесцветные с голубой точкой излома, форма С, 2 мл.</subject>
                            <currency>
                                <code>RUB</code>
                                <digitalCode>643</digitalCode>
                                <name>Российский рубль</name>
                            </currency>
                            <initialSum>495495.00</initialSum>
                            <deliveryPlace>
                                <state>Центральный федеральный округ</state>
                                <region>Москва</region>
                                <regionOkato>45000000000</regionOkato>
                                <address>123098, г. Москва, ул. Гамалеи, д. 18</address>
                            </deliveryPlace>
                            <lotItems>
                                <newCodes>true</newCodes>
                                <lotItem>
                                    <guid>2a70fea3-6bd7-4281-bd76-86f88e54f44c</guid>
                                    <ordinalNumber>1</ordinalNumber>
                                    <okpd2>
                                        <code>23.19.23.130</code>
                                        <name>Ампулы из стекла</name>
                                    </okpd2>
                                    <okved2>
                                        <code>23.19.5</code>
                                        <name>Производство посуды для лабораторных, фармацевтических и гигиенических целей из стекла; производство ампул и прочих изделий из медицинского стекла</name>
                                    </okved2>
                                    <okei>
                                        <code>798</code>
                                        <name>Тысяча штук</name>
                                    </okei>
                                    <qty>409.5</qty>
                                </lotItem>
                            </lotItems>
                            <forSmallOrMiddle>false</forSmallOrMiddle>
                            <excludePurchaseFromPlan>false</excludePurchaseFromPlan>
                            <subcontractorsRequirement>false</subcontractorsRequirement>
                            <ignoredPurchase>false</ignoredPurchase>
                            <centralized>false</centralized>
                        </lotData>
                        <deliveryPlaceIndication>GL</deliveryPlaceIndication>
                        <jointLotData>
                            <jointLot>false</jointLot>
                        </jointLotData>
                        <lotPlanInfo>
                            <planRegistrationNumber>2160218513</planRegistrationNumber>
                            <planGuid>4f28a5a5-f542-410e-bee5-e8b3b16e5057</planGuid>
                            <positionNumber>68</positionNumber>
                            <lotPlanPosition>COMMODITY</lotPlanPosition>
                            <positionGuid>1f3199c5-8228-47ef-a0d3-c25e23ac798b</positionGuid>
                        </lotPlanInfo>
                        <cancelled>false</cancelled>
                    </lot>
                </ns2:lots>
            </ns2:purchaseNoticeEPData>
        </ns2:item>
    </ns2:body>
</ns2:purchaseNoticeEP>
