<?xml version="1.0" encoding="UTF-8" standalone="yes"?>
<ns2:purchaseNoticeEP xsi:schemaLocation="http://zakupki.gov.ru/223/integration/schema/TFF-5.2 http://zakupki.gov.ru/223/integration/schema/TFF-5.2/purchase.xsd" xmlns="http://zakupki.gov.ru/223fz/types/1" xmlns:ns10="http://zakupki.gov.ru/223fz/purchasePlan/1" xmlns:ns11="http://zakupki.gov.ru/223fz/purchasePlanProject/1" xmlns:ns12="http://zakupki.gov.ru/223fz/purchasePlanProjectAdditionalPosition/1" xmlns:ns13="http://zakupki.gov.ru/223fz/contract/1" xmlns:ns14="http://zakupki.gov.ru/223fz/missedNotice/1" xmlns:ns15="http://zakupki.gov.ru/223fz/reference/1" xmlns:ns16="http://zakupki.gov.ru/223fz/stopCommodity/1" xmlns:ns17="http://zakupki.gov.ru/223fz/decisionSuspension/1" xmlns:ns18="http://zakupki.gov.ru/223fz/purchasePlanAdditionalPosition/1" xmlns:ns19="http://zakupki.gov.ru/223fz/webRequest/1" xmlns:ns2="http://zakupki.gov.ru/223fz/purchase/1" xmlns:xsi="http://www.w3.org/2001/XMLSchema-instance" xmlns:ns3="http://zakupki.gov.ru/223fz/dishonestSupplier/1" xmlns:ns4="http://zakupki.gov.ru/223fz/machineryListInfo/1" xmlns:ns5="http://zakupki.gov.ru/223fz/revenue/1" xmlns:ns6="http://zakupki.gov.ru/223fz/orderClauseList/1" xmlns:ns7="http://zakupki.gov.ru/223fz/disagreementProtocol/1" xmlns:ns8="http://zakupki.gov.ru/223fz/complaint/1" xmlns:ns9="http://zakupki.gov.ru/223fz/notificationIssue/1">
    <header>
        <guid>7e46b2b5-927b-4654-b9ed-b2d4ec1b478e</guid>
        <createDateTime>2017-03-16T17:26:23</createDateTime>
    </header>
    <ns2:body>
        <ns2:item>
            <guid>e0ddb0ba-cc30-4d89-aec7-51a0268f4f31</guid>
            <ns2:purchaseNoticeEPData>
                <ns2:guid>e0ddb0ba-cc30-4d89-aec7-51a0268f4f31</ns2:guid>
                <ns2:createDateTime>2017-03-16T17:24:41</ns2:createDateTime>
                <ns2:urlOOS>https://zakupki.gov.ru/223/purchase/private/purchase/notice-info/details.html?noticeInfoId=5888020</ns2:urlOOS>
                <ns2:registrationNumber>31704899683</ns2:registrationNumber>
                <ns2:name>Поставка оборудования для нужд ФГБОУ ВО "РЭУ им. Г.В. Плеханова"</ns2:name>
                <ns2:customer>
                    <mainInfo>
                        <fullName>ФЕДЕРАЛЬНОЕ ГОСУДАРСТВЕННОЕ БЮДЖЕТНОЕ ОБРАЗОВАТЕЛЬНОЕ УЧРЕЖДЕНИЕ ВЫСШЕГО ОБРАЗОВАНИЯ "РОССИЙСКИЙ ЭКОНОМИЧЕСКИЙ УНИВЕРСИТЕТ ИМЕНИ Г.В. ПЛЕХАНОВА"</fullName>
                        <shortName>ФГБОУ ВО "РЭУ ИМ. Г.В. ПЛЕХАНОВА", РЭУ ИМ. Г.В. ПЛЕХАНОВА</shortName>
                        <iko>87705043493770501001</iko>
                        <inn>7705043493</inn>
                        <kpp>770501001</kpp>
                        <ogrn>1037700012008</ogrn>
                        <legalAddress>117997, Г МОСКВА, ПЕР СТРЕМЯННЫЙ, дом ДОМ 36</legalAddress>
                        <postalAddress>117997, город Москва, Стремянный переулок, дом 36</postalAddress>
                        <phone>7-499-2374114</phone>
                        <email>eis@rea.ru</email>
                        <okato>45286560000</okato>
                        <okpo>02068686</okpo>
                    </mainInfo>
                </ns2:customer>
                <ns2:purchaseMethodCode>3363</ns2:purchaseMethodCode>
                <ns2:purchaseCodeName>Закупка у единственного поставщика (исполнителя, подрядчика)</ns2:purchaseCodeName>
                <ns2:placer>
                    <mainInfo>
                        <fullName>ФЕДЕРАЛЬНОЕ ГОСУДАРСТВЕННОЕ БЮДЖЕТНОЕ ОБРАЗОВАТЕЛЬНОЕ УЧРЕЖДЕНИЕ ВЫСШЕГО ОБРАЗОВАНИЯ "РОССИЙСКИЙ ЭКОНОМИЧЕСКИЙ УНИВЕРСИТЕТ ИМЕНИ Г.В. ПЛЕХАНОВА"</fullName>
                        <shortName>ФГБОУ ВО "РЭУ ИМ. Г.В. ПЛЕХАНОВА", РЭУ ИМ. Г.В. ПЛЕХАНОВА</shortName>
                        <iko>87705043493770501001</iko>
                        <inn>7705043493</inn>
                        <kpp>770501001</kpp>
                        <ogrn>1037700012008</ogrn>
                        <legalAddress>117997, Г МОСКВА, ПЕР СТРЕМЯННЫЙ, дом ДОМ 36</legalAddress>
                        <postalAddress>117997, город Москва, Стремянный переулок, дом 36</postalAddress>
                        <phone>7-499-2374114</phone>
                        <email>eis@rea.ru</email>
                        <okato>45286560000</okato>
                        <okpo>02068686</okpo>
                    </mainInfo>
                </ns2:placer>
                <ns2:contact>
                    <phone>+7 (495) 9581746</phone>
                    <email>monitoring@rea.ru</email>
                    <organization>
                        <mainInfo>
                            <fullName>ФЕДЕРАЛЬНОЕ ГОСУДАРСТВЕННОЕ БЮДЖЕТНОЕ ОБРАЗОВАТЕЛЬНОЕ УЧРЕЖДЕНИЕ ВЫСШЕГО ОБРАЗОВАНИЯ "РОССИЙСКИЙ ЭКОНОМИЧЕСКИЙ УНИВЕРСИТЕТ ИМЕНИ Г.В. ПЛЕХАНОВА"</fullName>
                            <shortName>ФГБОУ ВО "РЭУ ИМ. Г.В. ПЛЕХАНОВА", РЭУ ИМ. Г.В. ПЛЕХАНОВА</shortName>
                            <iko>87705043493770501001</iko>
                            <inn>7705043493</inn>
                            <kpp>770501001</kpp>
                            <ogrn>1037700012008</ogrn>
                            <legalAddress>117997, Г МОСКВА, ПЕР СТРЕМЯННЫЙ, дом ДОМ 36</legalAddress>
                            <postalAddress>117997, город Москва, Стремянный переулок, дом 36</postalAddress>
                            <phone>7-499-2374114</phone>
                            <email>eis@rea.ru</email>
                            <okato>45286560000</okato>
                            <okpo>02068686</okpo>
                        </mainInfo>
                    </organization>
                </ns2:contact>
                <ns2:publicationDateTime>2017-03-16T17:26:23</ns2:publicationDateTime>
                <ns2:documentationDelivery/>
                <ns2:status>P</ns2:status>
                <ns2:version>1</ns2:version>
                <ns2:notDishonest>false</ns2:notDishonest>
                <ns2:attachments>
                    <totalDocumentsCount>3</totalDocumentsCount>
                    <document>
                        <guid>87a8be3b-5a46-4db5-828a-bc03f2a903d3</guid>
                        <createDateTime>2017-03-16T17:26:05</createDateTime>
                        <fileName>Приложение №1_Расчет цены.doc</fileName>
                        <description>Приложение №1_Расчет цены</description>
                        <url>http://zakupki.gov.ru/223/purchase/public/download/download.html?id=30119328</url>
                    </document>
                    <document>
                        <guid>33d904a6-556c-4042-b3e9-2ea065b38fec</guid>
                        <createDateTime>2017-03-16T17:25:57</createDateTime>
                        <fileName>Договор.doc</fileName>
                        <description>Договор</description>
                        <url>http://zakupki.gov.ru/223/purchase/public/download/download.html?id=30119322</url>
                    </document>
                    <document>
                        <guid>9fd4e15c-81b5-40d3-8c10-f791f38d53c0</guid>
                        <createDateTime>2017-03-16T17:26:00</createDateTime>
                        <fileName>Извещение и Документация.doc</fileName>
                        <description>Извещение и Документация</description>
                        <url>http://zakupki.gov.ru/223/purchase/public/download/download.html?id=30119323</url>
                    </document>
                </ns2:attachments>
                <ns2:modificationDate>2017-03-16T17:26:23</ns2:modificationDate>
                <ns2:saveUserId>115746</ns2:saveUserId>
                <ns2:deliveryPlaceIndication>DIFFERENT_PLACE</ns2:deliveryPlaceIndication>
                <ns2:emergency>false</ns2:emergency>
                <ns2:jointPurchase>false</ns2:jointPurchase>
                <ns2:lots>
                    <lot>
                        <guid>adf8b2bb-1608-415f-8090-47c9f661d6b1</guid>
                        <ordinalNumber>1</ordinalNumber>
                        <lotEditEnabled>false</lotEditEnabled>
                        <lotData>
                            <subject>Поставка оборудования для нужд ФГБОУ ВО "РЭУ им. Г.В. Плеханова"</subject>
                            <currency>
                                <code>RUB</code>
                                <digitalCode>643</digitalCode>
                                <name>Российский рубль</name>
                            </currency>
                            <initialSum>499760.00</initialSum>
                            <deliveryPlace>
                                <state>Центральный федеральный округ</state>
                                <region>Москва</region>
                                <regionOkato>45000000000</regionOkato>
                                <address>г. Москва, Стремянный переулок, д.36</address>
                            </deliveryPlace>
                            <lotItems>
                                <newCodes>true</newCodes>
                                <lotItem>
                                    <guid>000f461b-bf7b-4c60-98ee-c927ef130c48</guid>
                                    <ordinalNumber>1</ordinalNumber>
                                    <okpd2>
                                        <code>26.20.11.110</code>
                                        <name>Компьютеры портативные массой не более 10 кг, такие как ноутбуки, планшетные компьютеры, карманные компьютеры, в том числе совмещающие функции мобильного телефонного аппарата</name>
                                    </okpd2>
                                    <okved2>
                                        <code>46.51</code>
                                        <name>Торговля оптовая компьютерами, периферийными устройствами к компьютерам и программным обеспечением</name>
                                    </okved2>
                                    <okei>
                                        <code>796</code>
                                        <name>Штука</name>
                                    </okei>
                                    <qty>10</qty>
                                    <additionalInfo>POS-компьютер моноблок Sam4s SPT-4740, ОЗУ 2Gb, HDD 250 Gb, монитор 15“ сенсорный, Корея</additionalInfo>
                                </lotItem>
                                <lotItem>
                                    <guid>23029784-b648-49c1-b52a-e617d4845de9</guid>
                                    <ordinalNumber>2</ordinalNumber>
                                    <okpd2>
                                        <code>26.20.17.110</code>
                                        <name>Мониторы, подключаемые к компьютеру</name>
                                    </okpd2>
                                    <okved2>
                                        <code>46.51</code>
                                        <name>Торговля оптовая компьютерами, периферийными устройствами к компьютерам и программным обеспечением</name>
                                    </okved2>
                                    <okei>
                                        <code>796</code>
                                        <name>Штука</name>
                                    </okei>
                                    <qty>7</qty>
                                    <additionalInfo>Дисплей покупателя OL-2029, USB (RS), черный, Китай</additionalInfo>
                                </lotItem>
                                <lotItem>
                                    <guid>7caf5be0-55ba-4b41-a5ae-325dfad84cf9</guid>
                                    <ordinalNumber>3</ordinalNumber>
                                    <okpd2>
                                        <code>26.80.14.000</code>
                                        <name>Карты магнитные</name>
                                    </okpd2>
                                    <okved2>
                                        <code>46.51</code>
                                        <name>Торговля оптовая компьютерами, периферийными устройствами к компьютерам и программным обеспечением</name>
                                    </okved2>
                                    <okei>
                                        <code>796</code>
                                        <name>Штука</name>
                                    </okei>
                                    <qty>50</qty>
                                    <additionalInfo>Пластиковая магнитная карта, Россия</additionalInfo>
                                </lotItem>
                            </lotItems>
                            <forSmallOrMiddle>true</forSmallOrMiddle>
                            <excludePurchaseFromPlan>false</excludePurchaseFromPlan>
                            <subcontractorsRequirement>false</subcontractorsRequirement>
                            <ignoredPurchase>false</ignoredPurchase>
                            <centralized>false</centralized>
                        </lotData>
                        <deliveryPlaceIndication>GL</deliveryPlaceIndication>
                        <jointLotData>
                            <jointLot>false</jointLot>
                        </jointLotData>
                        <lotPlanInfo>
                            <planRegistrationNumber>2160209814</planRegistrationNumber>
                            <planGuid>5fca74db-2996-4a12-bba4-6b9bc0a9758f</planGuid>
                            <positionNumber>685</positionNumber>
                            <lotPlanPosition>COMMODITY</lotPlanPosition>
                            <positionGuid>702954fa-fbd2-4c2a-a2c1-53e5584c1f24</positionGuid>
                        </lotPlanInfo>
                        <cancelled>false</cancelled>
                    </lot>
                </ns2:lots>
            </ns2:purchaseNoticeEPData>
        </ns2:item>
    </ns2:body>
</ns2:purchaseNoticeEP>
