<?xml version="1.0" encoding="UTF-8" standalone="yes"?>
<ns2:purchaseNoticeEP xsi:schemaLocation="http://zakupki.gov.ru/223/integration/schema/TFF-5.2 http://zakupki.gov.ru/223/integration/schema/TFF-5.2/purchase.xsd" xmlns="http://zakupki.gov.ru/223fz/types/1" xmlns:ns10="http://zakupki.gov.ru/223fz/purchasePlan/1" xmlns:ns11="http://zakupki.gov.ru/223fz/purchasePlanProject/1" xmlns:ns12="http://zakupki.gov.ru/223fz/purchasePlanProjectAdditionalPosition/1" xmlns:ns13="http://zakupki.gov.ru/223fz/contract/1" xmlns:ns14="http://zakupki.gov.ru/223fz/missedNotice/1" xmlns:ns15="http://zakupki.gov.ru/223fz/reference/1" xmlns:ns16="http://zakupki.gov.ru/223fz/stopCommodity/1" xmlns:ns17="http://zakupki.gov.ru/223fz/decisionSuspension/1" xmlns:ns18="http://zakupki.gov.ru/223fz/purchasePlanAdditionalPosition/1" xmlns:ns19="http://zakupki.gov.ru/223fz/webRequest/1" xmlns:ns2="http://zakupki.gov.ru/223fz/purchase/1" xmlns:xsi="http://www.w3.org/2001/XMLSchema-instance" xmlns:ns3="http://zakupki.gov.ru/223fz/dishonestSupplier/1" xmlns:ns4="http://zakupki.gov.ru/223fz/machineryListInfo/1" xmlns:ns5="http://zakupki.gov.ru/223fz/revenue/1" xmlns:ns6="http://zakupki.gov.ru/223fz/orderClauseList/1" xmlns:ns7="http://zakupki.gov.ru/223fz/disagreementProtocol/1" xmlns:ns8="http://zakupki.gov.ru/223fz/complaint/1" xmlns:ns9="http://zakupki.gov.ru/223fz/notificationIssue/1">
    <header>
        <guid>c75b85ea-7ddc-47a4-b745-b3ec6752c22c</guid>
        <createDateTime>2017-03-16T10:52:43</createDateTime>
    </header>
    <ns2:body>
        <ns2:item>
            <guid>09c1ae09-22fa-4516-bb8c-1d9ae04c5152</guid>
            <ns2:purchaseNoticeEPData>
                <ns2:guid>09c1ae09-22fa-4516-bb8c-1d9ae04c5152</ns2:guid>
                <ns2:createDateTime>2017-03-16T10:46:41</ns2:createDateTime>
                <ns2:urlOOS>https://zakupki.gov.ru/223/purchase/private/purchase/notice-info/details.html?noticeInfoId=5883671</ns2:urlOOS>
                <ns2:registrationNumber>31704896131</ns2:registrationNumber>
                <ns2:name>Поставка фотолюминесцентных планов эвакуации и знаков пожарной безопасности</ns2:name>
                <ns2:customer>
                    <mainInfo>
                        <fullName>ГОСУДАРСТВЕННОЕ БЮДЖЕТНОЕ УЧРЕЖДЕНИЕ ГОРОДА МОСКВЫ "ЖИЛИЩНИК РАЙОНА СЕВЕРНОЕ ТУШИНО"</fullName>
                        <shortName>ГБУ "ЖИЛИЩНИК РАЙОНА СЕВЕРНОЕ ТУШИНО"</shortName>
                        <iko>87733904240773301001</iko>
                        <inn>7733904240</inn>
                        <kpp>773301001</kpp>
                        <ogrn>5147746421169</ogrn>
                        <legalAddress>125480, Г МОСКВА, УЛ ГЕРОЕВ ПАНФИЛОВЦЕВ, дом ДОМ 7, корпус КОРПУС 5</legalAddress>
                        <postalAddress>125480, Москва Город, Героев Панфиловцев Улица, дом 7, корпус 5</postalAddress>
                        <phone>7-495-4943511</phone>
                        <fax>7-495-4954264</fax>
                        <email>dez_priemnaya@mail.ru</email>
                        <okato>45283573000</okato>
                        <okpo>29041646</okpo>
                    </mainInfo>
                </ns2:customer>
                <ns2:purchaseMethodCode>3363</ns2:purchaseMethodCode>
                <ns2:purchaseCodeName>Закупка у единственного поставщика (исполнителя, подрядчика)</ns2:purchaseCodeName>
                <ns2:placer>
                    <mainInfo>
                        <fullName>ГОСУДАРСТВЕННОЕ БЮДЖЕТНОЕ УЧРЕЖДЕНИЕ ГОРОДА МОСКВЫ "ЖИЛИЩНИК РАЙОНА СЕВЕРНОЕ ТУШИНО"</fullName>
                        <shortName>ГБУ "ЖИЛИЩНИК РАЙОНА СЕВЕРНОЕ ТУШИНО"</shortName>
                        <iko>87733904240773301001</iko>
                        <inn>7733904240</inn>
                        <kpp>773301001</kpp>
                        <ogrn>5147746421169</ogrn>
                        <legalAddress>125480, Г МОСКВА, УЛ ГЕРОЕВ ПАНФИЛОВЦЕВ, дом ДОМ 7, корпус КОРПУС 5</legalAddress>
                        <postalAddress>125480, Москва Город, Героев Панфиловцев Улица, дом 7, корпус 5</postalAddress>
                        <phone>7-495-4943511</phone>
                        <fax>7-495-4954264</fax>
                        <email>dez_priemnaya@mail.ru</email>
                        <okato>45283573000</okato>
                        <okpo>29041646</okpo>
                    </mainInfo>
                </ns2:placer>
                <ns2:contact>
                    <phone>+8 (495) 9487280</phone>
                    <email>stzakupki@yandex.ru                                      </email>
                    <organization>
                        <mainInfo>
                            <fullName>ГОСУДАРСТВЕННОЕ БЮДЖЕТНОЕ УЧРЕЖДЕНИЕ ГОРОДА МОСКВЫ "ЖИЛИЩНИК РАЙОНА СЕВЕРНОЕ ТУШИНО"</fullName>
                            <shortName>ГБУ "ЖИЛИЩНИК РАЙОНА СЕВЕРНОЕ ТУШИНО"</shortName>
                            <iko>87733904240773301001</iko>
                            <inn>7733904240</inn>
                            <kpp>773301001</kpp>
                            <ogrn>5147746421169</ogrn>
                            <legalAddress>125480, Г МОСКВА, УЛ ГЕРОЕВ ПАНФИЛОВЦЕВ, дом ДОМ 7, корпус КОРПУС 5</legalAddress>
                            <postalAddress>125480, Москва Город, Героев Панфиловцев Улица, дом 7, корпус 5</postalAddress>
                            <phone>7-495-4943511</phone>
                            <fax>7-495-4954264</fax>
                            <email>dez_priemnaya@mail.ru</email>
                            <okato>45283573000</okato>
                            <okpo>29041646</okpo>
                        </mainInfo>
                    </organization>
                </ns2:contact>
                <ns2:publicationDateTime>2017-03-16T10:52:43</ns2:publicationDateTime>
                <ns2:documentationDelivery/>
                <ns2:status>P</ns2:status>
                <ns2:version>1</ns2:version>
                <ns2:notDishonest>false</ns2:notDishonest>
                <ns2:attachments>
                    <totalDocumentsCount>1</totalDocumentsCount>
                    <document>
                        <guid>b6eeeccb-f983-4284-ba62-fbbc9f1194f9</guid>
                        <createDateTime>2017-03-16T10:52:22</createDateTime>
                        <fileName>Отчет о нецелесообразности.doc</fileName>
                        <description>Отчет о нецелесообразности</description>
                        <url>http://zakupki.gov.ru/223/purchase/public/download/download.html?id=30098054</url>
                    </document>
                </ns2:attachments>
                <ns2:modificationDate>2017-03-16T10:52:43</ns2:modificationDate>
                <ns2:saveUserId>213646</ns2:saveUserId>
                <ns2:deliveryPlaceIndication>SINGLE_PLACE</ns2:deliveryPlaceIndication>
                <ns2:emergency>false</ns2:emergency>
                <ns2:jointPurchase>false</ns2:jointPurchase>
                <ns2:lots>
                    <lot>
                        <guid>3283c1f1-8dbb-479d-88cc-ad5d9d5e9933</guid>
                        <ordinalNumber>1</ordinalNumber>
                        <lotEditEnabled>false</lotEditEnabled>
                        <lotData>
                            <subject>Поставка  фотолюминесцентных планов эвакуации и знаков пожарной безопасности</subject>
                            <currency>
                                <code>RUB</code>
                                <digitalCode>643</digitalCode>
                                <name>Российский рубль</name>
                            </currency>
                            <initialSum>64700.00</initialSum>
                            <deliveryPlace>
                                <address>г.Москва, ул. Героев Панфиловцев, д.3, стр.1</address>
                            </deliveryPlace>
                            <lotItems>
                                <newCodes>true</newCodes>
                                <lotItem>
                                    <guid>14415152-eeee-440d-81e1-64d11b452879</guid>
                                    <ordinalNumber>1</ordinalNumber>
                                    <okpd2>
                                        <code>28.75.27.293</code>
                                        <name>Таблички с указателями, наименованиями, адресами и аналогичные таблички, номера, буквы и прочие символы из недрагоценных металлов (кроме табличек с подсветкой)</name>
                                    </okpd2>
                                    <okved2>
                                        <code>18.12</code>
                                        <name>Прочие виды полиграфической деятельности</name>
                                    </okved2>
                                    <okei>
                                        <code>796</code>
                                        <name>Штука</name>
                                    </okei>
                                    <qty>103</qty>
                                </lotItem>
                            </lotItems>
                            <forSmallOrMiddle>false</forSmallOrMiddle>
                            <excludePurchaseFromPlan>false</excludePurchaseFromPlan>
                            <subcontractorsRequirement>false</subcontractorsRequirement>
                            <ignoredPurchase>false</ignoredPurchase>
                            <centralized>false</centralized>
                        </lotData>
                        <deliveryPlaceIndication>GL</deliveryPlaceIndication>
                        <jointLotData>
                            <jointLot>false</jointLot>
                        </jointLotData>
                        <lotPlanInfo>
                            <planRegistrationNumber>2170224536</planRegistrationNumber>
                            <planGuid>c29d768a-73f9-435b-a937-b6f8ed87755a</planGuid>
                            <positionNumber>23</positionNumber>
                            <lotPlanPosition>COMMODITY</lotPlanPosition>
                            <positionGuid>169d600d-f231-4864-8ce1-2825272c2025</positionGuid>
                        </lotPlanInfo>
                        <cancelled>false</cancelled>
                    </lot>
                </ns2:lots>
            </ns2:purchaseNoticeEPData>
        </ns2:item>
    </ns2:body>
</ns2:purchaseNoticeEP>
