<?xml version="1.0" encoding="UTF-8" standalone="yes"?>
<ns2:purchaseNoticeEP xsi:schemaLocation="http://zakupki.gov.ru/223/integration/schema/TFF-5.2 http://zakupki.gov.ru/223/integration/schema/TFF-5.2/purchase.xsd" xmlns="http://zakupki.gov.ru/223fz/types/1" xmlns:ns10="http://zakupki.gov.ru/223fz/purchasePlan/1" xmlns:ns11="http://zakupki.gov.ru/223fz/purchasePlanProject/1" xmlns:ns12="http://zakupki.gov.ru/223fz/purchasePlanProjectAdditionalPosition/1" xmlns:ns13="http://zakupki.gov.ru/223fz/contract/1" xmlns:ns14="http://zakupki.gov.ru/223fz/missedNotice/1" xmlns:ns15="http://zakupki.gov.ru/223fz/reference/1" xmlns:ns16="http://zakupki.gov.ru/223fz/stopCommodity/1" xmlns:ns17="http://zakupki.gov.ru/223fz/decisionSuspension/1" xmlns:ns18="http://zakupki.gov.ru/223fz/purchasePlanAdditionalPosition/1" xmlns:ns19="http://zakupki.gov.ru/223fz/webRequest/1" xmlns:ns2="http://zakupki.gov.ru/223fz/purchase/1" xmlns:xsi="http://www.w3.org/2001/XMLSchema-instance" xmlns:ns3="http://zakupki.gov.ru/223fz/dishonestSupplier/1" xmlns:ns4="http://zakupki.gov.ru/223fz/machineryListInfo/1" xmlns:ns5="http://zakupki.gov.ru/223fz/revenue/1" xmlns:ns6="http://zakupki.gov.ru/223fz/orderClauseList/1" xmlns:ns7="http://zakupki.gov.ru/223fz/disagreementProtocol/1" xmlns:ns8="http://zakupki.gov.ru/223fz/complaint/1" xmlns:ns9="http://zakupki.gov.ru/223fz/notificationIssue/1">
    <header>
        <guid>2d2d597a-8026-430a-875e-76472aad69c9</guid>
        <createDateTime>2017-03-16T12:29:53</createDateTime>
    </header>
    <ns2:body>
        <ns2:item>
            <guid>85c68eb6-2e53-48f9-b4ce-7663116bd7cb</guid>
            <ns2:purchaseNoticeEPData>
                <ns2:guid>85c68eb6-2e53-48f9-b4ce-7663116bd7cb</ns2:guid>
                <ns2:createDateTime>2017-03-16T12:25:53</ns2:createDateTime>
                <ns2:urlOOS>https://zakupki.gov.ru/223/purchase/private/purchase/notice-info/details.html?noticeInfoId=5884706</ns2:urlOOS>
                <ns2:registrationNumber>31704896980</ns2:registrationNumber>
                <ns2:name>Предоставление услуги доступа в сети Интернет</ns2:name>
                <ns2:customer>
                    <mainInfo>
                        <fullName>АКЦИОНЕРНОЕ ОБЩЕСТВО "МНОГОФУНКЦИОНАЛЬНЫЙ ДЕЛОВОЙ ЦЕНТР МАЛОГО ПРЕДПРИНИМАТЕЛЬСТВА МАРЬИНО"</fullName>
                        <shortName>АО "МДЦМП МАРЬИНО"</shortName>
                        <iko>57723550168772301001</iko>
                        <inn>7723550168</inn>
                        <kpp>772301001</kpp>
                        <ogrn>1057748361560</ogrn>
                        <legalAddress>109341, Г МОСКВА, УЛ ЛЮБЛИНСКАЯ, дом 151</legalAddress>
                        <postalAddress>109341, Москва Город, Люблинская Улица, дом 151</postalAddress>
                        <phone>7-495-3479696</phone>
                        <fax>7-495-3479696</fax>
                        <email>mdcmp@mail.ru</email>
                        <okato>45290572000</okato>
                        <okpo>78960347</okpo>
                    </mainInfo>
                </ns2:customer>
                <ns2:purchaseMethodCode>3363</ns2:purchaseMethodCode>
                <ns2:purchaseCodeName>Закупка у единственного поставщика (исполнителя, подрядчика)</ns2:purchaseCodeName>
                <ns2:placer>
                    <mainInfo>
                        <fullName>АКЦИОНЕРНОЕ ОБЩЕСТВО "МНОГОФУНКЦИОНАЛЬНЫЙ ДЕЛОВОЙ ЦЕНТР МАЛОГО ПРЕДПРИНИМАТЕЛЬСТВА МАРЬИНО"</fullName>
                        <shortName>АО "МДЦМП МАРЬИНО"</shortName>
                        <iko>57723550168772301001</iko>
                        <inn>7723550168</inn>
                        <kpp>772301001</kpp>
                        <ogrn>1057748361560</ogrn>
                        <legalAddress>109341, Г МОСКВА, УЛ ЛЮБЛИНСКАЯ, дом 151</legalAddress>
                        <postalAddress>109341, Москва Город, Люблинская Улица, дом 151</postalAddress>
                        <phone>7-495-3479696</phone>
                        <fax>7-495-3479696</fax>
                        <email>mdcmp@mail.ru</email>
                        <okato>45290572000</okato>
                        <okpo>78960347</okpo>
                    </mainInfo>
                </ns2:placer>
                <ns2:contact>
                    <firstName>Андрей</firstName>
                    <middleName>Валериевич</middleName>
                    <lastName>Махалин </lastName>
                    <phone>+7 (495) 3479696</phone>
                    <fax>+7 (495) 3479696</fax>
                    <email>mavmax@mail.ru</email>
                    <organization>
                        <mainInfo>
                            <fullName>АКЦИОНЕРНОЕ ОБЩЕСТВО "МНОГОФУНКЦИОНАЛЬНЫЙ ДЕЛОВОЙ ЦЕНТР МАЛОГО ПРЕДПРИНИМАТЕЛЬСТВА МАРЬИНО"</fullName>
                            <shortName>АО "МДЦМП МАРЬИНО"</shortName>
                            <iko>57723550168772301001</iko>
                            <inn>7723550168</inn>
                            <kpp>772301001</kpp>
                            <ogrn>1057748361560</ogrn>
                            <legalAddress>109341, Г МОСКВА, УЛ ЛЮБЛИНСКАЯ, дом 151</legalAddress>
                            <postalAddress>109341, Москва Город, Люблинская Улица, дом 151</postalAddress>
                            <phone>7-495-3479696</phone>
                            <fax>7-495-3479696</fax>
                            <email>mdcmp@mail.ru</email>
                            <okato>45290572000</okato>
                            <okpo>78960347</okpo>
                        </mainInfo>
                    </organization>
                </ns2:contact>
                <ns2:publicationDateTime>2017-03-16T12:29:53</ns2:publicationDateTime>
                <ns2:documentationDelivery>
                    <deliveryStartDateTime>2017-03-16</deliveryStartDateTime>
                    <deliveryEndDateTime>2017-03-22</deliveryEndDateTime>
                    <place>109341, город Москва, улица Люблинская, дом 151</place>
                    <procedure>В электронном виде с официального сайта</procedure>
                </ns2:documentationDelivery>
                <ns2:status>P</ns2:status>
                <ns2:version>1</ns2:version>
                <ns2:notDishonest>false</ns2:notDishonest>
                <ns2:attachments>
                    <totalDocumentsCount>2</totalDocumentsCount>
                    <document>
                        <guid>a3a38669-eb4a-4994-bd00-de643f589bb9</guid>
                        <createDateTime>2017-03-16T12:28:35</createDateTime>
                        <fileName>Док-ция предоставление доступа в сети Интернет (15.03.2017).doc</fileName>
                        <description>Док-ция предоставление доступа в сети Интернет (15.03.2017)</description>
                        <url>http://zakupki.gov.ru/223/purchase/public/download/download.html?id=30103508</url>
                    </document>
                    <document>
                        <guid>b7de3a88-ca1b-498b-a517-e23ab1e3620a</guid>
                        <createDateTime>2017-03-16T12:28:44</createDateTime>
                        <fileName>ПРОЕКТ ДОГОВОРА УСЛУГИ СВЯЗИ 2017.doc</fileName>
                        <description>ПРОЕКТ ДОГОВОРА УСЛУГИ СВЯЗИ 2017</description>
                        <url>http://zakupki.gov.ru/223/purchase/public/download/download.html?id=30103512</url>
                    </document>
                </ns2:attachments>
                <ns2:modificationDate>2017-03-16T12:29:53</ns2:modificationDate>
                <ns2:saveUserId>17876</ns2:saveUserId>
                <ns2:deliveryPlaceIndication>DIFFERENT_PLACE</ns2:deliveryPlaceIndication>
                <ns2:emergency>false</ns2:emergency>
                <ns2:jointPurchase>false</ns2:jointPurchase>
                <ns2:lots>
                    <lot>
                        <guid>1c8547be-e27b-4705-ae31-37e1b87a3cd5</guid>
                        <ordinalNumber>1</ordinalNumber>
                        <lotEditEnabled>false</lotEditEnabled>
                        <lotData>
                            <subject>Предоставление услуги доступа в сети Интернет</subject>
                            <currency>
                                <code>RUB</code>
                                <digitalCode>643</digitalCode>
                                <name>Российский рубль</name>
                            </currency>
                            <initialSum>114000.00</initialSum>
                            <deliveryPlace>
                                <state>Центральный федеральный округ</state>
                                <region>Москва</region>
                                <regionOkato>45000000000</regionOkato>
                                <address>109341, город Москва, улица Люблинская, дом 151</address>
                            </deliveryPlace>
                            <lotItems>
                                <newCodes>true</newCodes>
                                <lotItem>
                                    <guid>b838135d-17b5-42f2-ae61-8b9c56e6eada</guid>
                                    <ordinalNumber>1</ordinalNumber>
                                    <okpd2>
                                        <code>61.10.4</code>
                                        <name>Услуги телекоммуникационные проводные в информационно-коммуникационной сети Интернет</name>
                                    </okpd2>
                                    <okved2>
                                        <code>61.10.3</code>
                                        <name>Деятельность по предоставлению услуг по передаче данных и услуг доступа к информационно-коммуникационной сети Интернет</name>
                                    </okved2>
                                    <okei>
                                        <code>796</code>
                                        <name>Штука</name>
                                    </okei>
                                    <qty>1</qty>
                                </lotItem>
                            </lotItems>
                            <forSmallOrMiddle>false</forSmallOrMiddle>
                            <excludePurchaseFromPlan>false</excludePurchaseFromPlan>
                            <subcontractorsRequirement>false</subcontractorsRequirement>
                            <ignoredPurchase>false</ignoredPurchase>
                            <centralized>false</centralized>
                        </lotData>
                        <deliveryPlaceIndication>GL</deliveryPlaceIndication>
                        <jointLotData>
                            <jointLot>false</jointLot>
                        </jointLotData>
                        <lotPlanInfo>
                            <planRegistrationNumber>2160194452</planRegistrationNumber>
                            <planGuid>15abe09a-946c-4a80-aef8-f7ec4dfd4f9c</planGuid>
                            <positionNumber>1</positionNumber>
                            <lotPlanPosition>COMMODITY</lotPlanPosition>
                            <positionGuid>4fab91ca-0e1c-4d4e-a71e-f56e9274fd71</positionGuid>
                        </lotPlanInfo>
                        <cancelled>false</cancelled>
                    </lot>
                </ns2:lots>
            </ns2:purchaseNoticeEPData>
        </ns2:item>
    </ns2:body>
</ns2:purchaseNoticeEP>
