<?xml version="1.0" encoding="UTF-8" standalone="yes"?>
<ns2:purchaseNoticeEP xsi:schemaLocation="http://zakupki.gov.ru/223/integration/schema/TFF-5.2 http://zakupki.gov.ru/223/integration/schema/TFF-5.2/purchase.xsd" xmlns="http://zakupki.gov.ru/223fz/types/1" xmlns:ns10="http://zakupki.gov.ru/223fz/purchasePlan/1" xmlns:ns11="http://zakupki.gov.ru/223fz/purchasePlanProject/1" xmlns:ns12="http://zakupki.gov.ru/223fz/purchasePlanProjectAdditionalPosition/1" xmlns:ns13="http://zakupki.gov.ru/223fz/contract/1" xmlns:ns14="http://zakupki.gov.ru/223fz/missedNotice/1" xmlns:ns15="http://zakupki.gov.ru/223fz/reference/1" xmlns:ns16="http://zakupki.gov.ru/223fz/stopCommodity/1" xmlns:ns17="http://zakupki.gov.ru/223fz/decisionSuspension/1" xmlns:ns18="http://zakupki.gov.ru/223fz/purchasePlanAdditionalPosition/1" xmlns:ns19="http://zakupki.gov.ru/223fz/webRequest/1" xmlns:ns2="http://zakupki.gov.ru/223fz/purchase/1" xmlns:xsi="http://www.w3.org/2001/XMLSchema-instance" xmlns:ns3="http://zakupki.gov.ru/223fz/dishonestSupplier/1" xmlns:ns4="http://zakupki.gov.ru/223fz/machineryListInfo/1" xmlns:ns5="http://zakupki.gov.ru/223fz/revenue/1" xmlns:ns6="http://zakupki.gov.ru/223fz/orderClauseList/1" xmlns:ns7="http://zakupki.gov.ru/223fz/disagreementProtocol/1" xmlns:ns8="http://zakupki.gov.ru/223fz/complaint/1" xmlns:ns9="http://zakupki.gov.ru/223fz/notificationIssue/1">
    <header>
        <guid>00df415f-123e-4ce1-bf6d-0ce7b4604120</guid>
        <createDateTime>2017-03-16T10:45:27</createDateTime>
    </header>
    <ns2:body>
        <ns2:item>
            <guid>6075be3c-8ba4-418b-92c3-faf403f234e8</guid>
            <ns2:purchaseNoticeEPData>
                <ns2:guid>6075be3c-8ba4-418b-92c3-faf403f234e8</ns2:guid>
                <ns2:createDateTime>2017-03-16T10:43:24</ns2:createDateTime>
                <ns2:urlOOS>https://zakupki.gov.ru/223/purchase/private/purchase/notice-info/details.html?noticeInfoId=5883627</ns2:urlOOS>
                <ns2:urlVSRZ>tender.otc.ru</ns2:urlVSRZ>
                <ns2:registrationNumber>31704896069</ns2:registrationNumber>
                <ns2:name>Поставка видеомониторов</ns2:name>
                <ns2:customer>
                    <mainInfo>
                        <fullName>АКЦИОНЕРНОЕ ОБЩЕСТВО "КОНЦЕРН "МОРИНФОРМСИСТЕМА - АГАТ"</fullName>
                        <shortName>АО "КОНЦЕРН "МОРИНСИС - АГАТ"</shortName>
                        <iko>57720544208772001001</iko>
                        <inn>7720544208</inn>
                        <kpp>772001001</kpp>
                        <ogrn>1067746239230</ogrn>
                        <legalAddress>105275, Г МОСКВА, Ш ЭНТУЗИАСТОВ, дом 29</legalAddress>
                        <postalAddress>105275, г. Москва, шоссе Энтузиастов, д. 29</postalAddress>
                        <phone>7-495-6039033</phone>
                        <fax>7-495-6734130</fax>
                        <email>it@concern-agat.ru</email>
                        <okato>45263588000</okato>
                        <okpo>17597462</okpo>
                    </mainInfo>
                </ns2:customer>
                <ns2:purchaseMethodCode>3363</ns2:purchaseMethodCode>
                <ns2:purchaseCodeName>Закупка у единственного поставщика (исполнителя, подрядчика)</ns2:purchaseCodeName>
                <ns2:placer>
                    <mainInfo>
                        <fullName>АКЦИОНЕРНОЕ ОБЩЕСТВО "КОНЦЕРН "МОРИНФОРМСИСТЕМА - АГАТ"</fullName>
                        <shortName>АО "КОНЦЕРН "МОРИНСИС - АГАТ"</shortName>
                        <iko>57720544208772001001</iko>
                        <inn>7720544208</inn>
                        <kpp>772001001</kpp>
                        <ogrn>1067746239230</ogrn>
                        <legalAddress>105275, Г МОСКВА, Ш ЭНТУЗИАСТОВ, дом 29</legalAddress>
                        <postalAddress>105275, г. Москва, шоссе Энтузиастов, д. 29</postalAddress>
                        <phone>7-495-6039033</phone>
                        <fax>7-495-6734130</fax>
                        <email>it@concern-agat.ru</email>
                        <okato>45263588000</okato>
                        <okpo>17597462</okpo>
                    </mainInfo>
                </ns2:placer>
                <ns2:contact>
                    <firstName>Анна</firstName>
                    <middleName>Владиславовна</middleName>
                    <lastName>Авдеева</lastName>
                    <phone>+7 (495) 6735971</phone>
                    <email>zakupki1@concern-agat.ru</email>
                    <organization>
                        <mainInfo>
                            <fullName>АКЦИОНЕРНОЕ ОБЩЕСТВО "КОНЦЕРН "МОРИНФОРМСИСТЕМА - АГАТ"</fullName>
                            <shortName>АО "КОНЦЕРН "МОРИНСИС - АГАТ"</shortName>
                            <iko>57720544208772001001</iko>
                            <inn>7720544208</inn>
                            <kpp>772001001</kpp>
                            <ogrn>1067746239230</ogrn>
                            <legalAddress>105275, Г МОСКВА, Ш ЭНТУЗИАСТОВ, дом 29</legalAddress>
                            <postalAddress>105275, г. Москва, шоссе Энтузиастов, д. 29</postalAddress>
                            <phone>7-495-6039033</phone>
                            <fax>7-495-6734130</fax>
                            <email>it@concern-agat.ru</email>
                            <okato>45263588000</okato>
                            <okpo>17597462</okpo>
                        </mainInfo>
                    </organization>
                </ns2:contact>
                <ns2:publicationDateTime>2017-03-16T10:45:27</ns2:publicationDateTime>
                <ns2:documentationDelivery>
                    <deliveryStartDateTime>2017-03-16</deliveryStartDateTime>
                    <deliveryEndDateTime>2017-03-16</deliveryEndDateTime>
                    <place>Электронная торговая площадка</place>
                    <procedure>В электронной форме</procedure>
                </ns2:documentationDelivery>
                <ns2:status>P</ns2:status>
                <ns2:version>1</ns2:version>
                <ns2:notDishonest>true</ns2:notDishonest>
                <ns2:attachments>
                    <totalDocumentsCount>2</totalDocumentsCount>
                    <document>
                        <guid>443d92e2-cfaa-4b6c-8ef8-fb25d767e17f</guid>
                        <createDateTime>2017-03-16T10:38:27</createDateTime>
                        <fileName>документация по ЕП 61330-1-47.doc</fileName>
                        <description>документация по ЕП 61330-1-47.doc</description>
                        <url>http://zakupki.gov.ru/223/purchase/public/download/download.html?id=30097624</url>
                    </document>
                    <document>
                        <guid>d4a5ead9-cfd2-4311-b1a8-32e1394efdbf</guid>
                        <createDateTime>2017-03-16T10:38:30</createDateTime>
                        <fileName>Проект договора.pdf</fileName>
                        <description>Проект договора.pdf</description>
                        <url>http://zakupki.gov.ru/223/purchase/public/download/download.html?id=30097625</url>
                    </document>
                </ns2:attachments>
                <ns2:modificationDate>2017-03-16T10:45:27</ns2:modificationDate>
                <ns2:saveUserId>151019</ns2:saveUserId>
                <ns2:deliveryPlaceIndication>DIFFERENT_PLACE</ns2:deliveryPlaceIndication>
                <ns2:emergency>false</ns2:emergency>
                <ns2:jointPurchase>false</ns2:jointPurchase>
                <ns2:lots>
                    <lot>
                        <guid>e9cf8723-31e9-4663-b695-5462b181dd15</guid>
                        <ordinalNumber>1</ordinalNumber>
                        <lotEditEnabled>false</lotEditEnabled>
                        <lotData>
                            <subject>Поставка видеомониторов</subject>
                            <currency>
                                <code>RUB</code>
                                <digitalCode>643</digitalCode>
                                <name>Российский рубль</name>
                            </currency>
                            <initialSum>2781105.77</initialSum>
                            <deliveryPlace>
                                <state>Центральный федеральный округ</state>
                                <region>Москва</region>
                                <regionOkato>45000000000</regionOkato>
                                <address>Российская Федерация, г. Москва, Шоссе Энтузиастов, дом 29</address>
                            </deliveryPlace>
                            <lotItems>
                                <newCodes>true</newCodes>
                                <lotItem>
                                    <guid>fab0bde5-fc5c-4d99-a98b-52322ebf03ea</guid>
                                    <ordinalNumber>1</ordinalNumber>
                                    <okpd2>
                                        <code>26</code>
                                        <name>Оборудование компьютерное, электронное и оптическое</name>
                                    </okpd2>
                                    <okved2>
                                        <code>26</code>
                                        <name>Производство компьютеров, электронных и оптических изделий</name>
                                    </okved2>
                                    <okei>
                                        <code>876</code>
                                        <name>Условная единица</name>
                                    </okei>
                                    <qty>1</qty>
                                </lotItem>
                            </lotItems>
                            <forSmallOrMiddle>false</forSmallOrMiddle>
                            <excludePurchaseFromPlan>false</excludePurchaseFromPlan>
                            <subcontractorsRequirement>false</subcontractorsRequirement>
                            <ignoredPurchase>false</ignoredPurchase>
                            <centralized>false</centralized>
                        </lotData>
                        <deliveryPlaceIndication>GL</deliveryPlaceIndication>
                        <jointLotData>
                            <jointLot>false</jointLot>
                        </jointLotData>
                        <lotPlanInfo>
                            <planRegistrationNumber>2160206015</planRegistrationNumber>
                            <planGuid>c9cef5d3-2159-47ba-b430-caeab25c6c86</planGuid>
                            <positionNumber>325</positionNumber>
                            <lotPlanPosition>COMMODITY</lotPlanPosition>
                            <positionGuid>87830c61-6ae4-4970-aeb6-886152330773</positionGuid>
                        </lotPlanInfo>
                        <cancelled>false</cancelled>
                    </lot>
                </ns2:lots>
            </ns2:purchaseNoticeEPData>
        </ns2:item>
    </ns2:body>
</ns2:purchaseNoticeEP>
