<?xml version="1.0" encoding="UTF-8" standalone="yes"?>
<ns2:purchaseNoticeEP xsi:schemaLocation="http://zakupki.gov.ru/223/integration/schema/TFF-5.2 http://zakupki.gov.ru/223/integration/schema/TFF-5.2/purchase.xsd" xmlns="http://zakupki.gov.ru/223fz/types/1" xmlns:ns10="http://zakupki.gov.ru/223fz/purchasePlan/1" xmlns:ns11="http://zakupki.gov.ru/223fz/purchasePlanProject/1" xmlns:ns12="http://zakupki.gov.ru/223fz/purchasePlanProjectAdditionalPosition/1" xmlns:ns13="http://zakupki.gov.ru/223fz/contract/1" xmlns:ns14="http://zakupki.gov.ru/223fz/missedNotice/1" xmlns:ns15="http://zakupki.gov.ru/223fz/reference/1" xmlns:ns16="http://zakupki.gov.ru/223fz/stopCommodity/1" xmlns:ns17="http://zakupki.gov.ru/223fz/decisionSuspension/1" xmlns:ns18="http://zakupki.gov.ru/223fz/purchasePlanAdditionalPosition/1" xmlns:ns19="http://zakupki.gov.ru/223fz/webRequest/1" xmlns:ns2="http://zakupki.gov.ru/223fz/purchase/1" xmlns:xsi="http://www.w3.org/2001/XMLSchema-instance" xmlns:ns3="http://zakupki.gov.ru/223fz/dishonestSupplier/1" xmlns:ns4="http://zakupki.gov.ru/223fz/machineryListInfo/1" xmlns:ns5="http://zakupki.gov.ru/223fz/revenue/1" xmlns:ns6="http://zakupki.gov.ru/223fz/orderClauseList/1" xmlns:ns7="http://zakupki.gov.ru/223fz/disagreementProtocol/1" xmlns:ns8="http://zakupki.gov.ru/223fz/complaint/1" xmlns:ns9="http://zakupki.gov.ru/223fz/notificationIssue/1">
    <header>
        <guid>a8cc7329-fea7-4c92-8d05-422b408741a3</guid>
        <createDateTime>2017-03-16T19:59:22</createDateTime>
    </header>
    <ns2:body>
        <ns2:item>
            <guid>d952e877-301b-45b3-9ea9-eae4c7e38aff</guid>
            <ns2:purchaseNoticeEPData>
                <ns2:guid>d952e877-301b-45b3-9ea9-eae4c7e38aff</ns2:guid>
                <ns2:createDateTime>2017-03-16T19:54:02</ns2:createDateTime>
                <ns2:urlOOS>https://zakupki.gov.ru/223/purchase/private/purchase/notice-info/details.html?noticeInfoId=5888436</ns2:urlOOS>
                <ns2:registrationNumber>31704900058</ns2:registrationNumber>
                <ns2:name>
Оказывать услуги устногоконсультирования по: текущим проблемным ситуациям правового обеспеченияфинансово-хозяйственной деятельности; ведению учета хозяйственной деятельности;вопросам налогообложения; подготовке и представлению отчетности; вопросам разработкиинвестиционных проектов; давать письменные ответы, справки по письменнымзапросам о нормах действующего законодательства, регулирующегофинансово-хозяйственную деятельность и правилах ведения бухгалтерского учетаэтой деятельности, стандартах составления отчетности; в общем объеме 60 часов.
</ns2:name>
                <ns2:customer>
                    <mainInfo>
                        <fullName>АКЦИОНЕРНОЕ ОБЩЕСТВО "ТВОРЧЕСКО-ПРОИЗВОДСТВЕННОЕ ОБЪЕДИНЕНИЕ "ЦЕНТРАЛЬНАЯ КИНОСТУДИЯ ДЕТСКИХ И ЮНОШЕСКИХ ФИЛЬМОВ ИМ. М. ГОРЬКОГО"</fullName>
                        <shortName>АО "ТПО "КИНОСТУДИЯ ИМ. М. ГОРЬКОГО"</shortName>
                        <iko>57717149198771701001</iko>
                        <inn>7717149198</inn>
                        <kpp>771701001</kpp>
                        <ogrn>1037717030537</ogrn>
                        <legalAddress>129226, г МОСКВА, ул СЕРГЕЯ ЭЙЗЕНШТЕЙНА, дом 8</legalAddress>
                        <postalAddress>129226, Москва Город, Сергея Эйзенштейна Улица, дом 8</postalAddress>
                        <phone>7-499-1810434</phone>
                        <fax>7-499-1810359</fax>
                        <email>elina@gorkyfilm.ru</email>
                        <okato>45280577000</okato>
                        <okpo>59116979</okpo>
                    </mainInfo>
                </ns2:customer>
                <ns2:purchaseMethodCode>3363</ns2:purchaseMethodCode>
                <ns2:purchaseCodeName>Закупка у единственного поставщика (исполнителя, подрядчика)</ns2:purchaseCodeName>
                <ns2:placer>
                    <mainInfo>
                        <fullName>АКЦИОНЕРНОЕ ОБЩЕСТВО "ТВОРЧЕСКО-ПРОИЗВОДСТВЕННОЕ ОБЪЕДИНЕНИЕ "ЦЕНТРАЛЬНАЯ КИНОСТУДИЯ ДЕТСКИХ И ЮНОШЕСКИХ ФИЛЬМОВ ИМ. М. ГОРЬКОГО"</fullName>
                        <shortName>АО "ТПО "КИНОСТУДИЯ ИМ. М. ГОРЬКОГО"</shortName>
                        <iko>57717149198771701001</iko>
                        <inn>7717149198</inn>
                        <kpp>771701001</kpp>
                        <ogrn>1037717030537</ogrn>
                        <legalAddress>129226, г МОСКВА, ул СЕРГЕЯ ЭЙЗЕНШТЕЙНА, дом 8</legalAddress>
                        <postalAddress>129226, Москва Город, Сергея Эйзенштейна Улица, дом 8</postalAddress>
                        <phone>7-499-1810434</phone>
                        <fax>7-499-1810359</fax>
                        <email>elina@gorkyfilm.ru</email>
                        <okato>45280577000</okato>
                        <okpo>59116979</okpo>
                    </mainInfo>
                </ns2:placer>
                <ns2:contact>
                    <firstName>Элина</firstName>
                    <middleName>Владимировна</middleName>
                    <lastName>Абрамова</lastName>
                    <phone>+7 (499) 1810434</phone>
                    <fax>+7 (499) 1810359</fax>
                    <email>elina@gorkyfilm.ru</email>
                    <organization>
                        <mainInfo>
                            <fullName>АКЦИОНЕРНОЕ ОБЩЕСТВО "ТВОРЧЕСКО-ПРОИЗВОДСТВЕННОЕ ОБЪЕДИНЕНИЕ "ЦЕНТРАЛЬНАЯ КИНОСТУДИЯ ДЕТСКИХ И ЮНОШЕСКИХ ФИЛЬМОВ ИМ. М. ГОРЬКОГО"</fullName>
                            <shortName>АО "ТПО "КИНОСТУДИЯ ИМ. М. ГОРЬКОГО"</shortName>
                            <iko>57717149198771701001</iko>
                            <inn>7717149198</inn>
                            <kpp>771701001</kpp>
                            <ogrn>1037717030537</ogrn>
                            <legalAddress>129226, г МОСКВА, ул СЕРГЕЯ ЭЙЗЕНШТЕЙНА, дом 8</legalAddress>
                            <postalAddress>129226, Москва Город, Сергея Эйзенштейна Улица, дом 8</postalAddress>
                            <phone>7-499-1810434</phone>
                            <fax>7-499-1810359</fax>
                            <email>elina@gorkyfilm.ru</email>
                            <okato>45280577000</okato>
                            <okpo>59116979</okpo>
                        </mainInfo>
                    </organization>
                </ns2:contact>
                <ns2:publicationDateTime>2017-03-16T19:59:22</ns2:publicationDateTime>
                <ns2:documentationDelivery>
                    <deliveryStartDateTime>2017-03-16</deliveryStartDateTime>
                    <deliveryEndDateTime>2017-03-16</deliveryEndDateTime>
                    <place>Не установлено</place>
                    <procedure>Не установлено</procedure>
                </ns2:documentationDelivery>
                <ns2:status>P</ns2:status>
                <ns2:version>1</ns2:version>
                <ns2:notDishonest>false</ns2:notDishonest>
                <ns2:attachments>
                    <totalDocumentsCount>3</totalDocumentsCount>
                    <document>
                        <guid>3b7dc5cb-91b3-4aeb-b594-1d6e161c7491</guid>
                        <createDateTime>2017-03-16T19:58:51</createDateTime>
                        <fileName>Извещение.doc</fileName>
                        <description>Извещение</description>
                        <url>http://zakupki.gov.ru/223/purchase/public/download/download.html?id=30121320</url>
                    </document>
                    <document>
                        <guid>68ce3c49-2d0c-4245-a24c-7e72798aab24</guid>
                        <createDateTime>2017-03-16T19:58:56</createDateTime>
                        <fileName>Документация.docx</fileName>
                        <description>Документация</description>
                        <url>http://zakupki.gov.ru/223/purchase/public/download/download.html?id=30121322</url>
                    </document>
                    <document>
                        <guid>6aa39c52-155d-49ff-b8bb-7e34fdca64d5</guid>
                        <createDateTime>2017-03-16T19:59:01</createDateTime>
                        <fileName>Проект договора Киностудия 2017_ФИН.doc</fileName>
                        <description>Проект договора Киностудия 2017_ФИН</description>
                        <url>http://zakupki.gov.ru/223/purchase/public/download/download.html?id=30121323</url>
                    </document>
                </ns2:attachments>
                <ns2:modificationDate>2017-03-16T19:59:22</ns2:modificationDate>
                <ns2:saveUserId>4097</ns2:saveUserId>
                <ns2:deliveryPlaceIndication>SINGLE_PLACE</ns2:deliveryPlaceIndication>
                <ns2:emergency>false</ns2:emergency>
                <ns2:jointPurchase>false</ns2:jointPurchase>
                <ns2:lots>
                    <lot>
                        <guid>4e69f046-08fc-4123-8e81-c4f9f16b99d0</guid>
                        <ordinalNumber>1</ordinalNumber>
                        <lotEditEnabled>false</lotEditEnabled>
                        <lotData>
                            <subject>Оказывать услуги устного консультирования по: текущимпроблемным ситуациям правового обеспечения финансово-хозяйственнойдеятельности; ведению учета хозяйственной деятельности; вопросамналогообложения; подготовке и представлению отчетности; вопросам разработкиинвестиционных проектов; давать письменные ответы, справки по письменнымзапросам о нормах действующего законодательства, регулирующегофинансово-хозяйственную деятельность и правилах ведения бухгалтерского учетаэтой деятельности, стандартах составления отчетности; в общем объеме 60 часов.</subject>
                            <currency>
                                <code>RUB</code>
                                <digitalCode>643</digitalCode>
                                <name>Российский рубль</name>
                            </currency>
                            <initialSum>204000.00</initialSum>
                            <deliveryPlace>
                                <state>Центральный федеральный округ</state>
                                <region>Москва</region>
                                <regionOkato>45000000000</regionOkato>
                                <address>г. Москва, ул. С. Эйзенштейна, д. 8</address>
                            </deliveryPlace>
                            <lotItems>
                                <newCodes>true</newCodes>
                                <lotItem>
                                    <guid>d33f3c54-883a-4dd9-9c8f-a447f78e887e</guid>
                                    <ordinalNumber>1</ordinalNumber>
                                    <okpd2>
                                        <code>69.20</code>
                                        <name>Услуги в области бухгалтерского учета; по проведению финансового аудита; по налоговому консультированию</name>
                                    </okpd2>
                                    <okved2>
                                        <code>69.2</code>
                                        <name>Деятельность по оказанию услуг в области бухгалтерского учета, по проведению финансового аудита, по налоговому консультированию</name>
                                    </okved2>
                                    <okei>
                                        <code>876</code>
                                        <name>Условная единица</name>
                                    </okei>
                                    <qty>1</qty>
                                </lotItem>
                            </lotItems>
                            <forSmallOrMiddle>false</forSmallOrMiddle>
                            <excludePurchaseFromPlan>false</excludePurchaseFromPlan>
                            <subcontractorsRequirement>false</subcontractorsRequirement>
                            <ignoredPurchase>false</ignoredPurchase>
                            <centralized>false</centralized>
                        </lotData>
                        <deliveryPlaceIndication>GL</deliveryPlaceIndication>
                        <jointLotData>
                            <jointLot>false</jointLot>
                        </jointLotData>
                        <lotPlanInfo>
                            <planRegistrationNumber>2160201230</planRegistrationNumber>
                            <planGuid>94da79db-712d-4083-a0f5-5b04905b2895</planGuid>
                            <positionNumber>11</positionNumber>
                            <lotPlanPosition>COMMODITY</lotPlanPosition>
                            <positionGuid>babedf12-7ace-42b2-b970-581846487cb4</positionGuid>
                        </lotPlanInfo>
                        <cancelled>false</cancelled>
                    </lot>
                </ns2:lots>
            </ns2:purchaseNoticeEPData>
        </ns2:item>
    </ns2:body>
</ns2:purchaseNoticeEP>
