<?xml version="1.0" encoding="UTF-8" standalone="yes"?>
<ns2:purchaseNoticeEP xsi:schemaLocation="http://zakupki.gov.ru/223/integration/schema/TFF-5.2 http://zakupki.gov.ru/223/integration/schema/TFF-5.2/purchase.xsd" xmlns="http://zakupki.gov.ru/223fz/types/1" xmlns:ns10="http://zakupki.gov.ru/223fz/purchasePlan/1" xmlns:ns11="http://zakupki.gov.ru/223fz/purchasePlanProject/1" xmlns:ns12="http://zakupki.gov.ru/223fz/purchasePlanProjectAdditionalPosition/1" xmlns:ns13="http://zakupki.gov.ru/223fz/contract/1" xmlns:ns14="http://zakupki.gov.ru/223fz/missedNotice/1" xmlns:ns15="http://zakupki.gov.ru/223fz/reference/1" xmlns:ns16="http://zakupki.gov.ru/223fz/stopCommodity/1" xmlns:ns17="http://zakupki.gov.ru/223fz/decisionSuspension/1" xmlns:ns18="http://zakupki.gov.ru/223fz/purchasePlanAdditionalPosition/1" xmlns:ns19="http://zakupki.gov.ru/223fz/webRequest/1" xmlns:ns2="http://zakupki.gov.ru/223fz/purchase/1" xmlns:xsi="http://www.w3.org/2001/XMLSchema-instance" xmlns:ns3="http://zakupki.gov.ru/223fz/dishonestSupplier/1" xmlns:ns4="http://zakupki.gov.ru/223fz/machineryListInfo/1" xmlns:ns5="http://zakupki.gov.ru/223fz/revenue/1" xmlns:ns6="http://zakupki.gov.ru/223fz/orderClauseList/1" xmlns:ns7="http://zakupki.gov.ru/223fz/disagreementProtocol/1" xmlns:ns8="http://zakupki.gov.ru/223fz/complaint/1" xmlns:ns9="http://zakupki.gov.ru/223fz/notificationIssue/1">
    <header>
        <guid>0515f998-12e7-4511-8b70-08f7f444ad5d</guid>
        <createDateTime>2017-03-16T10:23:44</createDateTime>
    </header>
    <ns2:body>
        <ns2:item>
            <guid>a704b255-959e-42e0-8b5c-a43c43f2154b</guid>
            <ns2:purchaseNoticeEPData>
                <ns2:guid>a704b255-959e-42e0-8b5c-a43c43f2154b</ns2:guid>
                <ns2:createDateTime>2017-03-16T10:19:57</ns2:createDateTime>
                <ns2:urlOOS>https://zakupki.gov.ru/223/purchase/private/purchase/notice-info/details.html?noticeInfoId=5883342</ns2:urlOOS>
                <ns2:registrationNumber>31704895861</ns2:registrationNumber>
                <ns2:name>ОАО «Железнодорожная торговая компания» в лице Читинского филиала ОАО «ЖТК» информирует о закупке у единственного поставщика бакалейной продукции для предприятий общественного питания Читинского ТПО, оказывающих услуги питания работникам ОАО "РЖД"</ns2:name>
                <ns2:customer>
                    <mainInfo>
                        <fullName>ОТКРЫТОЕ АКЦИОНЕРНОЕ ОБЩЕСТВО "ЖЕЛЕЗНОДОРОЖНАЯ ТОРГОВАЯ КОМПАНИЯ"</fullName>
                        <shortName>ОАО "ЖТК"</shortName>
                        <iko>67708639622770801001</iko>
                        <inn>7708639622</inn>
                        <kpp>770801001</kpp>
                        <ogrn>5077746868403</ogrn>
                        <legalAddress>107228, Г МОСКВА, УЛ НОВОРЯЗАНСКАЯ, дом 12</legalAddress>
                        <postalAddress>107228, Москва Город, Новорязанская Улица, дом 12</postalAddress>
                        <phone>7-495-7899930-137</phone>
                        <fax>7-499-2620999</fax>
                        <email>rwtk@rwtk.ru</email>
                        <okato>45286565000</okato>
                        <okpo>81375880</okpo>
                    </mainInfo>
                </ns2:customer>
                <ns2:purchaseMethodCode>3363</ns2:purchaseMethodCode>
                <ns2:purchaseCodeName>Закупка у единственного поставщика (исполнителя, подрядчика)</ns2:purchaseCodeName>
                <ns2:placer>
                    <mainInfo>
                        <fullName>Читинский филиал Открытого акционерного общества "Железнодорожная торговая компания"</fullName>
                        <shortName>ЧФ ОАО "ЖТК"</shortName>
                        <iko>57708639622753643001</iko>
                        <inn>7708639622</inn>
                        <kpp>753643001</kpp>
                        <ogrn>5077746868403</ogrn>
                        <legalAddress>Забайкальский край, г. Чита, ул. Газимурская, д. 5 стр. 1</legalAddress>
                        <postalAddress>107228, Москва Город, Новорязанская Улица, дом 12</postalAddress>
                        <phone>7-495-7899930-137</phone>
                        <fax>7-499-2620999</fax>
                        <email>rwtk@rwtk.ru</email>
                        <okato>76401364000</okato>
                        <okpo>81796676</okpo>
                    </mainInfo>
                </ns2:placer>
                <ns2:contact>
                    <firstName>Татьяна</firstName>
                    <middleName>Анатольевна</middleName>
                    <lastName>Топоркова</lastName>
                    <phone>+8 (3022) 204064</phone>
                    <email>chitazakaz@corp.rwtk.ru</email>
                    <organization>
                        <mainInfo>
                            <fullName>ОТКРЫТОЕ АКЦИОНЕРНОЕ ОБЩЕСТВО "ЖЕЛЕЗНОДОРОЖНАЯ ТОРГОВАЯ КОМПАНИЯ"</fullName>
                            <shortName>ОАО "ЖТК"</shortName>
                            <iko>67708639622770801001</iko>
                            <inn>7708639622</inn>
                            <kpp>770801001</kpp>
                            <ogrn>5077746868403</ogrn>
                            <legalAddress>107228, Г МОСКВА, УЛ НОВОРЯЗАНСКАЯ, дом 12</legalAddress>
                            <postalAddress>107228, Москва Город, Новорязанская Улица, дом 12</postalAddress>
                            <phone>7-495-7899930-137</phone>
                            <fax>7-499-2620999</fax>
                            <email>rwtk@rwtk.ru</email>
                            <okato>45286565000</okato>
                            <okpo>81375880</okpo>
                        </mainInfo>
                    </organization>
                </ns2:contact>
                <ns2:publicationDateTime>2017-03-16T10:23:44</ns2:publicationDateTime>
                <ns2:documentationDelivery/>
                <ns2:status>P</ns2:status>
                <ns2:version>1</ns2:version>
                <ns2:notDishonest>true</ns2:notDishonest>
                <ns2:attachments>
                    <totalDocumentsCount>3</totalDocumentsCount>
                    <document>
                        <guid>0bcc7704-f1ca-497a-921d-8bc4dc742b8e</guid>
                        <createDateTime>2017-03-16T10:23:02</createDateTime>
                        <fileName>Извещение.doc</fileName>
                        <description>Извещение</description>
                        <url>http://zakupki.gov.ru/223/purchase/public/download/download.html?id=30096460</url>
                    </document>
                    <document>
                        <guid>8a40f6a4-5f43-4ec9-8f9b-9df35128817b</guid>
                        <createDateTime>2017-03-16T10:23:25</createDateTime>
                        <fileName>Спецификация.pdf</fileName>
                        <description>Спецификация</description>
                        <url>http://zakupki.gov.ru/223/purchase/public/download/download.html?id=30096479</url>
                    </document>
                    <document>
                        <guid>be716a3b-8a7e-453c-8850-c5b738b5afd5</guid>
                        <createDateTime>2017-03-16T10:23:10</createDateTime>
                        <fileName>Договор.docx</fileName>
                        <description>Договор</description>
                        <url>http://zakupki.gov.ru/223/purchase/public/download/download.html?id=30096463</url>
                    </document>
                </ns2:attachments>
                <ns2:modificationDate>2017-03-16T10:23:44</ns2:modificationDate>
                <ns2:saveUserId>46475</ns2:saveUserId>
                <ns2:deliveryPlaceIndication>DIFFERENT_PLACE</ns2:deliveryPlaceIndication>
                <ns2:emergency>false</ns2:emergency>
                <ns2:jointPurchase>false</ns2:jointPurchase>
                <ns2:lots>
                    <lot>
                        <guid>d6a87eb2-74e4-4bd8-a82f-6ccd54e00e1e</guid>
                        <ordinalNumber>1</ordinalNumber>
                        <lotEditEnabled>true</lotEditEnabled>
                        <lotData>
                            <subject>Поставка бакалейной продукции для предприятий общественного питания Читинского ТПО, оказывающих услуги питания работникам ОАО "РЖД"</subject>
                            <currency>
                                <code>RUB</code>
                                <digitalCode>643</digitalCode>
                                <name>Российский рубль</name>
                            </currency>
                            <initialSum>2038489.22</initialSum>
                            <orderPricing>с учетом всех видов налогов, других расходов, с учетом НДС</orderPricing>
                            <deliveryPlace>
                                <state>Сибирский федеральный округ</state>
                                <region>Забайкальский край</region>
                                <regionOkato>76000000000</regionOkato>
                                <address>Производственно – складская база Читинского филиала ОАО «ЖТК», 672040, Забайкальский край, г. Чита, ул. Газимурская,5 стр. 1; Производственно – складская база Борзинского участка  Читинского филиала ОАО «ЖТК 674600, Забайкальский край, г. Борзя, пер. Элеваторный,1</address>
                            </deliveryPlace>
                            <lotItems>
                                <newCodes>true</newCodes>
                                <lotItem>
                                    <guid>25b6829a-6629-4fe1-86bd-17be006ef783</guid>
                                    <ordinalNumber>1</ordinalNumber>
                                    <okpd2>
                                        <code>46.38.2</code>
                                        <name>Услуги по оптовой торговле прочими пищевыми продуктами</name>
                                    </okpd2>
                                    <okved2>
                                        <code>46.38.2</code>
                                        <name>Торговля оптовая прочими пищевыми продуктами</name>
                                    </okved2>
                                    <okei>
                                        <code>796</code>
                                        <name>Штука</name>
                                    </okei>
                                    <qty>25000</qty>
                                </lotItem>
                            </lotItems>
                            <forSmallOrMiddle>true</forSmallOrMiddle>
                            <excludePurchaseFromPlan>false</excludePurchaseFromPlan>
                            <subcontractorsRequirement>false</subcontractorsRequirement>
                            <ignoredPurchase>false</ignoredPurchase>
                            <centralized>false</centralized>
                        </lotData>
                        <deliveryPlaceIndication>GL</deliveryPlaceIndication>
                        <jointLotData>
                            <jointLot>false</jointLot>
                        </jointLotData>
                        <lotPlanInfo>
                            <planRegistrationNumber>2160202621</planRegistrationNumber>
                            <planGuid>5b81d5f4-1571-4838-a52c-7a600ca13955</planGuid>
                            <positionNumber>379</positionNumber>
                            <lotPlanPosition>COMMODITY</lotPlanPosition>
                            <positionGuid>2fbfa1ca-537b-4ba9-8f64-e6faeaad0f2a</positionGuid>
                        </lotPlanInfo>
                        <cancelled>false</cancelled>
                    </lot>
                </ns2:lots>
            </ns2:purchaseNoticeEPData>
        </ns2:item>
    </ns2:body>
</ns2:purchaseNoticeEP>
