<?xml version="1.0" encoding="UTF-8" standalone="yes"?>
<ns2:purchaseNoticeEP xsi:schemaLocation="http://zakupki.gov.ru/223/integration/schema/TFF-5.2 http://zakupki.gov.ru/223/integration/schema/TFF-5.2/purchase.xsd" xmlns="http://zakupki.gov.ru/223fz/types/1" xmlns:ns10="http://zakupki.gov.ru/223fz/purchasePlan/1" xmlns:ns11="http://zakupki.gov.ru/223fz/purchasePlanProject/1" xmlns:ns12="http://zakupki.gov.ru/223fz/purchasePlanProjectAdditionalPosition/1" xmlns:ns13="http://zakupki.gov.ru/223fz/contract/1" xmlns:ns14="http://zakupki.gov.ru/223fz/missedNotice/1" xmlns:ns15="http://zakupki.gov.ru/223fz/reference/1" xmlns:ns16="http://zakupki.gov.ru/223fz/stopCommodity/1" xmlns:ns17="http://zakupki.gov.ru/223fz/decisionSuspension/1" xmlns:ns18="http://zakupki.gov.ru/223fz/purchasePlanAdditionalPosition/1" xmlns:ns19="http://zakupki.gov.ru/223fz/webRequest/1" xmlns:ns2="http://zakupki.gov.ru/223fz/purchase/1" xmlns:xsi="http://www.w3.org/2001/XMLSchema-instance" xmlns:ns3="http://zakupki.gov.ru/223fz/dishonestSupplier/1" xmlns:ns4="http://zakupki.gov.ru/223fz/machineryListInfo/1" xmlns:ns5="http://zakupki.gov.ru/223fz/revenue/1" xmlns:ns6="http://zakupki.gov.ru/223fz/orderClauseList/1" xmlns:ns7="http://zakupki.gov.ru/223fz/disagreementProtocol/1" xmlns:ns8="http://zakupki.gov.ru/223fz/complaint/1" xmlns:ns9="http://zakupki.gov.ru/223fz/notificationIssue/1">
    <header>
        <guid>e8808ec9-30dd-48f6-83a7-34b21377d75e</guid>
        <createDateTime>2017-03-16T14:39:14</createDateTime>
    </header>
    <ns2:body>
        <ns2:item>
            <guid>b7c04e1d-cb5e-4dde-ab8d-5f91b060f22b</guid>
            <ns2:purchaseNoticeEPData>
                <ns2:guid>b7c04e1d-cb5e-4dde-ab8d-5f91b060f22b</ns2:guid>
                <ns2:createDateTime>2017-03-16T14:31:28</ns2:createDateTime>
                <ns2:urlOOS>https://zakupki.gov.ru/223/purchase/private/purchase/notice-info/details.html?noticeInfoId=5886080</ns2:urlOOS>
                <ns2:registrationNumber>31704898075</ns2:registrationNumber>
                <ns2:name>Поставка лекарственных средств</ns2:name>
                <ns2:customer>
                    <mainInfo>
                        <fullName>федеральное государственное бюджетное учреждение "Центральная клиническая больница с поликлиникой" Управления делами Президента Российской Федерации</fullName>
                        <shortName>ФГБУ "ЦКБ с поликлиникой"</shortName>
                        <iko>87731082971773101001</iko>
                        <inn>7731082971</inn>
                        <kpp>773101001</kpp>
                        <ogrn>1037700201131</ogrn>
                        <legalAddress>121359, Москва, ТИМОШЕНКО МАРШАЛА, дом 15</legalAddress>
                        <postalAddress>121359, г. Москва, ул. Маршала Тимошенко, д. 15</postalAddress>
                        <phone>7-495-5300167</phone>
                        <fax>7-495-4150394</fax>
                        <email>cchtorg@mail.ru</email>
                        <okato>45268562000</okato>
                        <okpo>01914647</okpo>
                    </mainInfo>
                </ns2:customer>
                <ns2:purchaseMethodCode>3363</ns2:purchaseMethodCode>
                <ns2:purchaseCodeName>Закупка у единственного поставщика (исполнителя, подрядчика)</ns2:purchaseCodeName>
                <ns2:placer>
                    <mainInfo>
                        <fullName>федеральное государственное бюджетное учреждение "Центральная клиническая больница с поликлиникой" Управления делами Президента Российской Федерации</fullName>
                        <shortName>ФГБУ "ЦКБ с поликлиникой"</shortName>
                        <iko>87731082971773101001</iko>
                        <inn>7731082971</inn>
                        <kpp>773101001</kpp>
                        <ogrn>1037700201131</ogrn>
                        <legalAddress>121359, Москва, ТИМОШЕНКО МАРШАЛА, дом 15</legalAddress>
                        <postalAddress>121359, г. Москва, ул. Маршала Тимошенко, д. 15</postalAddress>
                        <phone>7-495-5300167</phone>
                        <fax>7-495-4150394</fax>
                        <email>cchtorg@mail.ru</email>
                        <okato>45268562000</okato>
                        <okpo>01914647</okpo>
                    </mainInfo>
                </ns2:placer>
                <ns2:contact>
                    <firstName>Анна</firstName>
                    <middleName>Юрьевна</middleName>
                    <lastName>Евстигнеева</lastName>
                    <phone>+7 (495) 5300075</phone>
                    <fax>+7 (495) 4150394</fax>
                    <email>cchtorg@mail.ru</email>
                    <organization>
                        <mainInfo>
                            <fullName>федеральное государственное бюджетное учреждение "Центральная клиническая больница с поликлиникой" Управления делами Президента Российской Федерации</fullName>
                            <shortName>ФГБУ "ЦКБ с поликлиникой"</shortName>
                            <iko>87731082971773101001</iko>
                            <inn>7731082971</inn>
                            <kpp>773101001</kpp>
                            <ogrn>1037700201131</ogrn>
                            <legalAddress>121359, Москва, ТИМОШЕНКО МАРШАЛА, дом 15</legalAddress>
                            <postalAddress>121359, г. Москва, ул. Маршала Тимошенко, д. 15</postalAddress>
                            <phone>7-495-5300167</phone>
                            <fax>7-495-4150394</fax>
                            <email>cchtorg@mail.ru</email>
                            <okato>45268562000</okato>
                            <okpo>01914647</okpo>
                        </mainInfo>
                    </organization>
                </ns2:contact>
                <ns2:publicationDateTime>2017-03-16T14:39:14</ns2:publicationDateTime>
                <ns2:documentationDelivery/>
                <ns2:status>P</ns2:status>
                <ns2:version>1</ns2:version>
                <ns2:notDishonest>false</ns2:notDishonest>
                <ns2:attachments>
                    <totalDocumentsCount>1</totalDocumentsCount>
                    <document>
                        <guid>3b629382-30cb-4fb5-98aa-af04a0de95a5</guid>
                        <createDateTime>2017-03-16T14:37:55</createDateTime>
                        <fileName>Документация с Ед. поставщиком.docx</fileName>
                        <description>Документация с Ед. поставщиком</description>
                        <url>http://zakupki.gov.ru/223/purchase/public/download/download.html?id=30110430</url>
                    </document>
                </ns2:attachments>
                <ns2:modificationDate>2017-03-16T14:39:14</ns2:modificationDate>
                <ns2:saveUserId>204430</ns2:saveUserId>
                <ns2:deliveryPlaceIndication>DIFFERENT_PLACE</ns2:deliveryPlaceIndication>
                <ns2:emergency>false</ns2:emergency>
                <ns2:jointPurchase>false</ns2:jointPurchase>
                <ns2:lots>
                    <lot>
                        <guid>423a6ef6-e258-49ad-84ba-422887a35550</guid>
                        <ordinalNumber>1</ordinalNumber>
                        <lotEditEnabled>false</lotEditEnabled>
                        <lotData>
                            <subject>Поставка лекарственных средств</subject>
                            <currency>
                                <code>RUB</code>
                                <digitalCode>643</digitalCode>
                                <name>Российский рубль</name>
                            </currency>
                            <initialSum>499165.48</initialSum>
                            <deliveryPlace>
                                <state>Центральный федеральный округ</state>
                                <region>Москва</region>
                                <regionOkato>45000000000</regionOkato>
                                <address>121359, г. Москва, ул. Маршала Тимошенко, д. 15</address>
                            </deliveryPlace>
                            <lotItems>
                                <newCodes>true</newCodes>
                                <lotItem>
                                    <guid>779f3898-a275-40ac-a072-695ddb62aa5c</guid>
                                    <ordinalNumber>1</ordinalNumber>
                                    <okpd2>
                                        <code>21.20.10.261</code>
                                        <name>Препараты для лечения заболеваний глаз</name>
                                    </okpd2>
                                    <okved2>
                                        <code>21.20.1</code>
                                        <name>Производство лекарственных препаратов</name>
                                    </okved2>
                                    <okei>
                                        <code>778</code>
                                        <name>Упаковка</name>
                                    </okei>
                                    <qty>10</qty>
                                    <additionalInfo>Луцентис</additionalInfo>
                                </lotItem>
                                <lotItem>
                                    <guid>9f2bb5b6-44d7-4742-a95b-a34d8fc4482f</guid>
                                    <ordinalNumber>2</ordinalNumber>
                                    <okpd2>
                                        <code>21.20.10.131</code>
                                        <name>Антикоагулянты</name>
                                    </okpd2>
                                    <okved2>
                                        <code>21.20.1</code>
                                        <name>Производство лекарственных препаратов</name>
                                    </okved2>
                                    <okei>
                                        <code>778</code>
                                        <name>Упаковка</name>
                                    </okei>
                                    <qty>14</qty>
                                    <additionalInfo>Клексан</additionalInfo>
                                </lotItem>
                            </lotItems>
                            <forSmallOrMiddle>false</forSmallOrMiddle>
                            <excludePurchaseFromPlan>false</excludePurchaseFromPlan>
                            <subcontractorsRequirement>false</subcontractorsRequirement>
                            <ignoredPurchase>false</ignoredPurchase>
                            <centralized>false</centralized>
                        </lotData>
                        <deliveryPlaceIndication>GL</deliveryPlaceIndication>
                        <jointLotData>
                            <jointLot>false</jointLot>
                        </jointLotData>
                        <lotPlanInfo>
                            <planRegistrationNumber>2160198717</planRegistrationNumber>
                            <planGuid>5dcec015-c98a-46ea-9156-00dbc8b480c2</planGuid>
                            <positionNumber>97</positionNumber>
                            <lotPlanPosition>COMMODITY</lotPlanPosition>
                            <positionGuid>dd6aa576-66cb-414c-9671-0a9f9df98743</positionGuid>
                        </lotPlanInfo>
                        <cancelled>false</cancelled>
                    </lot>
                </ns2:lots>
            </ns2:purchaseNoticeEPData>
        </ns2:item>
    </ns2:body>
</ns2:purchaseNoticeEP>
