<?xml version="1.0" encoding="UTF-8" standalone="yes"?>
<ns2:purchaseNoticeEP xsi:schemaLocation="http://zakupki.gov.ru/223/integration/schema/TFF-5.2 http://zakupki.gov.ru/223/integration/schema/TFF-5.2/purchase.xsd" xmlns="http://zakupki.gov.ru/223fz/types/1" xmlns:ns10="http://zakupki.gov.ru/223fz/purchasePlan/1" xmlns:ns11="http://zakupki.gov.ru/223fz/purchasePlanProject/1" xmlns:ns12="http://zakupki.gov.ru/223fz/purchasePlanProjectAdditionalPosition/1" xmlns:ns13="http://zakupki.gov.ru/223fz/contract/1" xmlns:ns14="http://zakupki.gov.ru/223fz/missedNotice/1" xmlns:ns15="http://zakupki.gov.ru/223fz/reference/1" xmlns:ns16="http://zakupki.gov.ru/223fz/stopCommodity/1" xmlns:ns17="http://zakupki.gov.ru/223fz/decisionSuspension/1" xmlns:ns18="http://zakupki.gov.ru/223fz/purchasePlanAdditionalPosition/1" xmlns:ns19="http://zakupki.gov.ru/223fz/webRequest/1" xmlns:ns2="http://zakupki.gov.ru/223fz/purchase/1" xmlns:xsi="http://www.w3.org/2001/XMLSchema-instance" xmlns:ns3="http://zakupki.gov.ru/223fz/dishonestSupplier/1" xmlns:ns4="http://zakupki.gov.ru/223fz/machineryListInfo/1" xmlns:ns5="http://zakupki.gov.ru/223fz/revenue/1" xmlns:ns6="http://zakupki.gov.ru/223fz/orderClauseList/1" xmlns:ns7="http://zakupki.gov.ru/223fz/disagreementProtocol/1" xmlns:ns8="http://zakupki.gov.ru/223fz/complaint/1" xmlns:ns9="http://zakupki.gov.ru/223fz/notificationIssue/1">
    <header>
        <guid>138292f2-8629-45e9-861e-bf92c3e7d9b7</guid>
        <createDateTime>2017-03-16T10:49:51</createDateTime>
    </header>
    <ns2:body>
        <ns2:item>
            <guid>7a656aab-4d21-4b74-a498-d983635b8b06</guid>
            <ns2:purchaseNoticeEPData>
                <ns2:guid>7a656aab-4d21-4b74-a498-d983635b8b06</ns2:guid>
                <ns2:createDateTime>2017-03-16T10:43:37</ns2:createDateTime>
                <ns2:urlOOS>https://zakupki.gov.ru/223/purchase/private/purchase/notice-info/details.html?noticeInfoId=5883628</ns2:urlOOS>
                <ns2:registrationNumber>31704896106</ns2:registrationNumber>
                <ns2:name>Запасные части дробилок и конвейеров</ns2:name>
                <ns2:customer>
                    <mainInfo>
                        <fullName>АКЦИОНЕРНОЕ ОБЩЕСТВО "ДАЛЬЭНЕРГОТЕХКОМПЛЕКТ"</fullName>
                        <shortName>АО "ДЭТК"</shortName>
                        <iko>72536138780770401001</iko>
                        <inn>2536138780</inn>
                        <kpp>770401001</kpp>
                        <ogrn>1032501341718</ogrn>
                        <legalAddress>119270, Г МОСКВА, НАБ ЛУЖНЕЦКАЯ, дом ДОМ 2/4, корпус СТРОЕНИЕ 10</legalAddress>
                        <postalAddress>680000, г. Хабаровск, а/я 98</postalAddress>
                        <phone>7-4212-213511</phone>
                        <fax>7-4212-213511</fax>
                        <email>khilmanova@dtk.vl.ru</email>
                        <okato>45286590000</okato>
                        <okpo>71521719</okpo>
                    </mainInfo>
                </ns2:customer>
                <ns2:purchaseMethodCode>3363</ns2:purchaseMethodCode>
                <ns2:purchaseCodeName>Закупка у единственного поставщика (исполнителя, подрядчика)</ns2:purchaseCodeName>
                <ns2:placer>
                    <mainInfo>
                        <fullName>АКЦИОНЕРНОЕ ОБЩЕСТВО "ДАЛЬЭНЕРГОТЕХКОМПЛЕКТ"</fullName>
                        <shortName>АО "ДЭТК"</shortName>
                        <iko>72536138780770401001</iko>
                        <inn>2536138780</inn>
                        <kpp>770401001</kpp>
                        <ogrn>1032501341718</ogrn>
                        <legalAddress>119270, Г МОСКВА, НАБ ЛУЖНЕЦКАЯ, дом ДОМ 2/4, корпус СТРОЕНИЕ 10</legalAddress>
                        <postalAddress>680000, г. Хабаровск, а/я 98</postalAddress>
                        <phone>7-4212-213511</phone>
                        <fax>7-4212-213511</fax>
                        <email>khilmanova@dtk.vl.ru</email>
                        <okato>45286590000</okato>
                        <okpo>71521719</okpo>
                    </mainInfo>
                </ns2:placer>
                <ns2:contact>
                    <firstName>Татьяна</firstName>
                    <middleName>Михайловна</middleName>
                    <lastName>Хильманова </lastName>
                    <phone>+7 (4212) 213511</phone>
                    <email>khilmanova@dtk.vl.ru</email>
                    <organization>
                        <mainInfo>
                            <fullName>АКЦИОНЕРНОЕ ОБЩЕСТВО "ДАЛЬЭНЕРГОТЕХКОМПЛЕКТ"</fullName>
                            <shortName>АО "ДЭТК"</shortName>
                            <iko>72536138780770401001</iko>
                            <inn>2536138780</inn>
                            <kpp>770401001</kpp>
                            <ogrn>1032501341718</ogrn>
                            <legalAddress>119270, Г МОСКВА, НАБ ЛУЖНЕЦКАЯ, дом ДОМ 2/4, корпус СТРОЕНИЕ 10</legalAddress>
                            <postalAddress>680000, г. Хабаровск, а/я 98</postalAddress>
                            <phone>7-4212-213511</phone>
                            <fax>7-4212-213511</fax>
                            <email>khilmanova@dtk.vl.ru</email>
                            <okato>45286590000</okato>
                            <okpo>71521719</okpo>
                        </mainInfo>
                    </organization>
                </ns2:contact>
                <ns2:publicationDateTime>2017-03-16T10:49:51</ns2:publicationDateTime>
                <ns2:documentationDelivery>
                    <deliveryStartDateTime>2017-03-16</deliveryStartDateTime>
                    <deliveryEndDateTime>2017-03-17</deliveryEndDateTime>
                    <place>г. Хабаровск, переулок Донской, 3.</place>
                    <procedure>Электронно</procedure>
                </ns2:documentationDelivery>
                <ns2:status>P</ns2:status>
                <ns2:version>1</ns2:version>
                <ns2:notDishonest>false</ns2:notDishonest>
                <ns2:attachments>
                    <totalDocumentsCount>1</totalDocumentsCount>
                    <document>
                        <guid>cc9556ac-8679-4fc2-810e-cc3ca1ec4526</guid>
                        <createDateTime>2017-03-16T10:47:01</createDateTime>
                        <fileName>ЕИ 209, запчасти к дробилкам (на сайт).rar</fileName>
                        <description>ЕИ 209, запчасти к дробилкам (на сайт)</description>
                        <url>http://zakupki.gov.ru/223/purchase/public/download/download.html?id=30097800</url>
                    </document>
                </ns2:attachments>
                <ns2:modificationDate>2017-03-16T10:49:51</ns2:modificationDate>
                <ns2:saveUserId>28468</ns2:saveUserId>
                <ns2:deliveryPlaceIndication>SINGLE_PLACE</ns2:deliveryPlaceIndication>
                <ns2:emergency>false</ns2:emergency>
                <ns2:jointPurchase>false</ns2:jointPurchase>
                <ns2:lots>
                    <lot>
                        <guid>c2a595b2-a6b8-41cd-80cb-25339610f7ab</guid>
                        <ordinalNumber>1</ordinalNumber>
                        <lotEditEnabled>false</lotEditEnabled>
                        <lotData>
                            <subject>Запасные части дробилок и конвейеров</subject>
                            <currency>
                                <code>RUB</code>
                                <digitalCode>643</digitalCode>
                                <name>Российский рубль</name>
                            </currency>
                            <initialSum>12592844.24</initialSum>
                            <deliveryPlace>
                                <state>Дальневосточный федеральный округ</state>
                                <region>Хабаровский край</region>
                                <regionOkato>08000000000</regionOkato>
                                <address>г. Хабаровск</address>
                            </deliveryPlace>
                            <lotItems>
                                <newCodes>true</newCodes>
                                <lotItem>
                                    <guid>1db81444-2b52-48c6-aaf3-f639ed5effca</guid>
                                    <ordinalNumber>1</ordinalNumber>
                                    <okpd2>
                                        <code>28.29</code>
                                        <name>Машины и оборудование общего назначения прочие, не включенные в другие группировки</name>
                                    </okpd2>
                                    <okved2>
                                        <code>28.29</code>
                                        <name>Производство прочих машин и оборудования общего назначения, не включенного в другие группировки</name>
                                    </okved2>
                                </lotItem>
                            </lotItems>
                            <forSmallOrMiddle>false</forSmallOrMiddle>
                            <excludePurchaseFromPlan>false</excludePurchaseFromPlan>
                            <subcontractorsRequirement>false</subcontractorsRequirement>
                            <ignoredPurchase>false</ignoredPurchase>
                            <centralized>false</centralized>
                        </lotData>
                        <deliveryPlaceIndication>GL</deliveryPlaceIndication>
                        <jointLotData>
                            <jointLot>false</jointLot>
                        </jointLotData>
                        <lotPlanInfo>
                            <planRegistrationNumber>2160201858</planRegistrationNumber>
                            <planGuid>5324eb3e-755f-4bd1-9111-3e0acb5ac4c0</planGuid>
                            <positionNumber>29</positionNumber>
                            <lotPlanPosition>COMMODITY</lotPlanPosition>
                            <positionGuid>c1552e37-d657-4aad-86a9-f0b52308d319</positionGuid>
                        </lotPlanInfo>
                        <cancelled>false</cancelled>
                    </lot>
                </ns2:lots>
            </ns2:purchaseNoticeEPData>
        </ns2:item>
    </ns2:body>
</ns2:purchaseNoticeEP>
