<?xml version="1.0" encoding="UTF-8" standalone="yes"?>
<ns2:purchaseNoticeEP xsi:schemaLocation="http://zakupki.gov.ru/223/integration/schema/TFF-5.2 http://zakupki.gov.ru/223/integration/schema/TFF-5.2/purchase.xsd" xmlns="http://zakupki.gov.ru/223fz/types/1" xmlns:ns10="http://zakupki.gov.ru/223fz/purchasePlan/1" xmlns:ns11="http://zakupki.gov.ru/223fz/purchasePlanProject/1" xmlns:ns12="http://zakupki.gov.ru/223fz/purchasePlanProjectAdditionalPosition/1" xmlns:ns13="http://zakupki.gov.ru/223fz/contract/1" xmlns:ns14="http://zakupki.gov.ru/223fz/missedNotice/1" xmlns:ns15="http://zakupki.gov.ru/223fz/reference/1" xmlns:ns16="http://zakupki.gov.ru/223fz/stopCommodity/1" xmlns:ns17="http://zakupki.gov.ru/223fz/decisionSuspension/1" xmlns:ns18="http://zakupki.gov.ru/223fz/purchasePlanAdditionalPosition/1" xmlns:ns19="http://zakupki.gov.ru/223fz/webRequest/1" xmlns:ns2="http://zakupki.gov.ru/223fz/purchase/1" xmlns:xsi="http://www.w3.org/2001/XMLSchema-instance" xmlns:ns3="http://zakupki.gov.ru/223fz/dishonestSupplier/1" xmlns:ns4="http://zakupki.gov.ru/223fz/machineryListInfo/1" xmlns:ns5="http://zakupki.gov.ru/223fz/revenue/1" xmlns:ns6="http://zakupki.gov.ru/223fz/orderClauseList/1" xmlns:ns7="http://zakupki.gov.ru/223fz/disagreementProtocol/1" xmlns:ns8="http://zakupki.gov.ru/223fz/complaint/1" xmlns:ns9="http://zakupki.gov.ru/223fz/notificationIssue/1">
    <header>
        <guid>b7babbc8-1aa7-47e0-89b9-c772b3050312</guid>
        <createDateTime>2017-03-16T11:04:24</createDateTime>
    </header>
    <ns2:body>
        <ns2:item>
            <guid>1f786798-b560-4684-bb29-3546f261a449</guid>
            <ns2:purchaseNoticeEPData>
                <ns2:guid>1f786798-b560-4684-bb29-3546f261a449</ns2:guid>
                <ns2:createDateTime>2017-03-16T11:00:12</ns2:createDateTime>
                <ns2:urlOOS>https://zakupki.gov.ru/223/purchase/private/purchase/notice-info/details.html?noticeInfoId=5883840</ns2:urlOOS>
                <ns2:registrationNumber>31704896251</ns2:registrationNumber>
                <ns2:name>Оказание услуг холодного водоснабжения и водоотведения для обособленного подразделения "Самарское" АО "ГУ ЖКХ" (Саратовская область, г. Вольск, г. Пугачев и т.д.)</ns2:name>
                <ns2:customer>
                    <mainInfo>
                        <fullName>АКЦИОНЕРНОЕ ОБЩЕСТВО "ГЛАВНОЕ УПРАВЛЕНИЕ ЖИЛИЩНО-КОММУНАЛЬНОГО ХОЗЯЙСТВА"</fullName>
                        <shortName>АО "ГУ ЖКХ"</shortName>
                        <iko>55116000922511601001</iko>
                        <inn>5116000922</inn>
                        <kpp>770401001</kpp>
                        <ogrn>1095110000325</ogrn>
                        <legalAddress>119021, г МОСКВА, пр-кт КОМСОМОЛЬСКИЙ, дом ДОМ 18, корпус СТРОЕНИЕ 3</legalAddress>
                        <postalAddress>119021, дом 18, строение 3</postalAddress>
                        <phone>7-499-7909111</phone>
                        <email>ZaicevVV@GUZHKH.RU</email>
                        <okato>47525000000</okato>
                        <okpo>08267116</okpo>
                    </mainInfo>
                </ns2:customer>
                <ns2:purchaseMethodCode>3363</ns2:purchaseMethodCode>
                <ns2:purchaseCodeName>Закупка у единственного поставщика (исполнителя, подрядчика)</ns2:purchaseCodeName>
                <ns2:placer>
                    <mainInfo>
                        <fullName>АКЦИОНЕРНОЕ ОБЩЕСТВО "ГЛАВНОЕ УПРАВЛЕНИЕ ЖИЛИЩНО-КОММУНАЛЬНОГО ХОЗЯЙСТВА"</fullName>
                        <shortName>АО "ГУ ЖКХ"</shortName>
                        <iko>55116000922511601001</iko>
                        <inn>5116000922</inn>
                        <kpp>770401001</kpp>
                        <ogrn>1095110000325</ogrn>
                        <legalAddress>119021, г МОСКВА, пр-кт КОМСОМОЛЬСКИЙ, дом ДОМ 18, корпус СТРОЕНИЕ 3</legalAddress>
                        <postalAddress>119021, дом 18, строение 3</postalAddress>
                        <phone>7-499-7909111</phone>
                        <email>ZaicevVV@GUZHKH.RU</email>
                        <okato>47525000000</okato>
                        <okpo>08267116</okpo>
                    </mainInfo>
                </ns2:placer>
                <ns2:contact>
                    <firstName>Михаил</firstName>
                    <middleName>Сергеевич</middleName>
                    <lastName>Чиганаев</lastName>
                    <phone>+7 (499) 7909111, доб.: 236</phone>
                    <email>ChiganaevMS@GUZHKH.RU</email>
                    <organization>
                        <mainInfo>
                            <fullName>АКЦИОНЕРНОЕ ОБЩЕСТВО "ГЛАВНОЕ УПРАВЛЕНИЕ ЖИЛИЩНО-КОММУНАЛЬНОГО ХОЗЯЙСТВА"</fullName>
                            <shortName>АО "ГУ ЖКХ"</shortName>
                            <iko>55116000922511601001</iko>
                            <inn>5116000922</inn>
                            <kpp>770401001</kpp>
                            <ogrn>1095110000325</ogrn>
                            <legalAddress>119021, г МОСКВА, пр-кт КОМСОМОЛЬСКИЙ, дом ДОМ 18, корпус СТРОЕНИЕ 3</legalAddress>
                            <postalAddress>119021, дом 18, строение 3</postalAddress>
                            <phone>7-499-7909111</phone>
                            <email>ZaicevVV@GUZHKH.RU</email>
                            <okato>47525000000</okato>
                            <okpo>08267116</okpo>
                        </mainInfo>
                    </organization>
                </ns2:contact>
                <ns2:publicationDateTime>2017-03-16T11:04:24</ns2:publicationDateTime>
                <ns2:documentationDelivery/>
                <ns2:status>P</ns2:status>
                <ns2:version>1</ns2:version>
                <ns2:notDishonest>true</ns2:notDishonest>
                <ns2:attachments>
                    <totalDocumentsCount>11</totalDocumentsCount>
                    <document>
                        <guid>df57cae4-797b-4e15-bb2d-e8bdb6acc5eb</guid>
                        <createDateTime>2017-03-16T11:03:33</createDateTime>
                        <fileName>Приложение № 4.docx</fileName>
                        <description>Приложение № 4</description>
                        <url>http://zakupki.gov.ru/223/purchase/public/download/download.html?id=30098738</url>
                    </document>
                    <document>
                        <guid>4334f29f-d945-4f90-a579-32d70c5b027b</guid>
                        <createDateTime>2017-03-16T11:02:31</createDateTime>
                        <fileName>Акты разграничений к договору Облводоресурс.pdf</fileName>
                        <description>Акты разграничений к договору Облводоресурс</description>
                        <url>http://zakupki.gov.ru/223/purchase/public/download/download.html?id=30098691</url>
                    </document>
                    <document>
                        <guid>17576833-4a1c-46e2-8c3a-22380dbc83b7</guid>
                        <createDateTime>2017-03-16T11:02:17</createDateTime>
                        <fileName>3. Техническое задание Облводоресурс.docx</fileName>
                        <description>3. Техническое задание Облводоресурс</description>
                        <url>http://zakupki.gov.ru/223/purchase/public/download/download.html?id=30098676</url>
                    </document>
                    <document>
                        <guid>5277faf0-0766-40e9-8ef5-2273071bd472</guid>
                        <createDateTime>2017-03-16T11:03:12</createDateTime>
                        <fileName>ПР Облводоресурс.doc</fileName>
                        <description>ПР Облводоресурс</description>
                        <url>http://zakupki.gov.ru/223/purchase/public/download/download.html?id=30098724</url>
                    </document>
                    <document>
                        <guid>45913989-2b6f-4688-87de-ded937b9e27e</guid>
                        <createDateTime>2017-03-16T11:02:39</createDateTime>
                        <fileName>Договор Облводоресурс.pdf</fileName>
                        <description>Договор Облводоресурс</description>
                        <url>http://zakupki.gov.ru/223/purchase/public/download/download.html?id=30098695</url>
                    </document>
                    <document>
                        <guid>c726fa94-6cdd-4a35-a3b1-fd5fbec7c815</guid>
                        <createDateTime>2017-03-16T11:03:16</createDateTime>
                        <fileName>Приложение 1.doc</fileName>
                        <description>Приложение 1</description>
                        <url>http://zakupki.gov.ru/223/purchase/public/download/download.html?id=30098727</url>
                    </document>
                    <document>
                        <guid>49bbe777-0b38-45dc-9d1b-48d1bd355339</guid>
                        <createDateTime>2017-03-16T11:02:44</createDateTime>
                        <fileName>Извещение рсо.doc</fileName>
                        <description>Извещение рсо</description>
                        <url>http://zakupki.gov.ru/223/purchase/public/download/download.html?id=30098697</url>
                    </document>
                    <document>
                        <guid>4163f56c-e3a9-426b-ae7a-1a66b1b99126</guid>
                        <createDateTime>2017-03-16T11:02:22</createDateTime>
                        <fileName>4. Расчет РНЦ Облводоресурс.XLSX</fileName>
                        <description>4. Расчет РНЦ Облводоресурс</description>
                        <url>http://zakupki.gov.ru/223/purchase/public/download/download.html?id=30098681</url>
                    </document>
                    <document>
                        <guid>de489891-f177-4037-904d-081c3b39d591</guid>
                        <createDateTime>2017-03-16T11:03:43</createDateTime>
                        <fileName>Приложения к договору Облводоресурс.pdf</fileName>
                        <description>Приложения к договору Облводоресурс</description>
                        <url>http://zakupki.gov.ru/223/purchase/public/download/download.html?id=30098748</url>
                    </document>
                    <document>
                        <guid>764ee61e-e82e-4b26-854b-3796e24d9c02</guid>
                        <createDateTime>2017-03-16T11:03:21</createDateTime>
                        <fileName>приложение № 2.docx</fileName>
                        <description>приложение № 2</description>
                        <url>http://zakupki.gov.ru/223/purchase/public/download/download.html?id=30098733</url>
                    </document>
                    <document>
                        <guid>08874619-0ad5-4afc-a901-4cfa2a58c07b</guid>
                        <createDateTime>2017-03-16T11:03:26</createDateTime>
                        <fileName>Приложение № 3.docx</fileName>
                        <description>Приложение № 3</description>
                        <url>http://zakupki.gov.ru/223/purchase/public/download/download.html?id=30098735</url>
                    </document>
                </ns2:attachments>
                <ns2:modificationDate>2017-03-16T11:04:24</ns2:modificationDate>
                <ns2:saveUserId>221696</ns2:saveUserId>
                <ns2:deliveryPlaceIndication>DIFFERENT_PLACE</ns2:deliveryPlaceIndication>
                <ns2:emergency>false</ns2:emergency>
                <ns2:jointPurchase>false</ns2:jointPurchase>
                <ns2:lots>
                    <lot>
                        <guid>d2e97135-f8ca-454d-bfab-79bf1621622a</guid>
                        <ordinalNumber>1</ordinalNumber>
                        <lotEditEnabled>false</lotEditEnabled>
                        <lotData>
                            <subject>Оказание услуг холодного водоснабжения и водоотведения для обособленного подразделения "Самарское" АО "ГУ ЖКХ" (Саратовская область, г. Вольск, г. Пугачев и т.д.)</subject>
                            <currency>
                                <code>RUB</code>
                                <digitalCode>643</digitalCode>
                                <name>Российский рубль</name>
                            </currency>
                            <initialSum>2955888.18</initialSum>
                            <deliveryPlace>
                                <state>Приволжский федеральный округ</state>
                                <region>Саратовская   обл</region>
                                <regionOkato>63000000000</regionOkato>
                                <address>В соответствии с техническим заданием</address>
                            </deliveryPlace>
                            <lotItems>
                                <newCodes>true</newCodes>
                                <lotItem>
                                    <guid>0c866457-4287-4910-97e8-2de32a5ad23b</guid>
                                    <ordinalNumber>1</ordinalNumber>
                                    <okpd2>
                                        <code>36.00</code>
                                        <name>Вода природная; услуги по очистке воды и водоснабжению</name>
                                    </okpd2>
                                    <okved2>
                                        <code>36.00</code>
                                        <name>Забор, очистка и распределение воды</name>
                                    </okved2>
                                    <okei>
                                        <code>113</code>
                                        <name>Кубический метр</name>
                                    </okei>
                                    <qty>44880</qty>
                                </lotItem>
                                <lotItem>
                                    <guid>cecb28ca-f33f-4a2a-994f-d455e8609fb5</guid>
                                    <ordinalNumber>2</ordinalNumber>
                                    <okpd2>
                                        <code>37.00</code>
                                        <name>Услуги по водоотведению; шлам сточных вод</name>
                                    </okpd2>
                                    <okved2>
                                        <code>37.00</code>
                                        <name>Сбор и обработка сточных вод</name>
                                    </okved2>
                                    <okei>
                                        <code>113</code>
                                        <name>Кубический метр</name>
                                    </okei>
                                    <qty>24676</qty>
                                </lotItem>
                            </lotItems>
                            <forSmallOrMiddle>false</forSmallOrMiddle>
                            <excludePurchaseFromPlan>false</excludePurchaseFromPlan>
                            <subcontractorsRequirement>false</subcontractorsRequirement>
                            <ignoredPurchase>true</ignoredPurchase>
                            <purchaseCategory>
                                <code>8</code>
                                <name>Закупки услуг по водоснабжению, водоотведению, теплоснабжению и газоснабжению (за исключением услуг по реализации сжиженного газа), а также по подключению (присоединению) к сетям инженерно-технического обеспечения по регулируемым в соответствии с законодательством Российской Федерации ценам (тарифам)</name>
                            </purchaseCategory>
                            <centralized>false</centralized>
                        </lotData>
                        <deliveryPlaceIndication>GL</deliveryPlaceIndication>
                        <jointLotData>
                            <jointLot>false</jointLot>
                        </jointLotData>
                        <lotPlanInfo>
                            <planRegistrationNumber>2160197754</planRegistrationNumber>
                            <planGuid>5e15102f-f315-4169-a029-0a4cfc79b56a</planGuid>
                            <positionNumber>420</positionNumber>
                            <lotPlanPosition>COMMODITY</lotPlanPosition>
                            <positionGuid>73e37d74-24cb-43d5-981d-d124990f4b56</positionGuid>
                        </lotPlanInfo>
                        <cancelled>false</cancelled>
                    </lot>
                </ns2:lots>
            </ns2:purchaseNoticeEPData>
        </ns2:item>
    </ns2:body>
</ns2:purchaseNoticeEP>
