<?xml version="1.0" encoding="UTF-8" standalone="yes"?>
<ns2:purchaseNoticeEP xsi:schemaLocation="http://zakupki.gov.ru/223/integration/schema/TFF-5.2 http://zakupki.gov.ru/223/integration/schema/TFF-5.2/purchase.xsd" xmlns="http://zakupki.gov.ru/223fz/types/1" xmlns:ns10="http://zakupki.gov.ru/223fz/purchasePlan/1" xmlns:ns11="http://zakupki.gov.ru/223fz/purchasePlanProject/1" xmlns:ns12="http://zakupki.gov.ru/223fz/purchasePlanProjectAdditionalPosition/1" xmlns:ns13="http://zakupki.gov.ru/223fz/contract/1" xmlns:ns14="http://zakupki.gov.ru/223fz/missedNotice/1" xmlns:ns15="http://zakupki.gov.ru/223fz/reference/1" xmlns:ns16="http://zakupki.gov.ru/223fz/stopCommodity/1" xmlns:ns17="http://zakupki.gov.ru/223fz/decisionSuspension/1" xmlns:ns18="http://zakupki.gov.ru/223fz/purchasePlanAdditionalPosition/1" xmlns:ns19="http://zakupki.gov.ru/223fz/webRequest/1" xmlns:ns2="http://zakupki.gov.ru/223fz/purchase/1" xmlns:xsi="http://www.w3.org/2001/XMLSchema-instance" xmlns:ns3="http://zakupki.gov.ru/223fz/dishonestSupplier/1" xmlns:ns4="http://zakupki.gov.ru/223fz/machineryListInfo/1" xmlns:ns5="http://zakupki.gov.ru/223fz/revenue/1" xmlns:ns6="http://zakupki.gov.ru/223fz/orderClauseList/1" xmlns:ns7="http://zakupki.gov.ru/223fz/disagreementProtocol/1" xmlns:ns8="http://zakupki.gov.ru/223fz/complaint/1" xmlns:ns9="http://zakupki.gov.ru/223fz/notificationIssue/1">
    <header>
        <guid>7051eb57-f054-4293-b0ab-61de5c3e355a</guid>
        <createDateTime>2017-03-16T18:46:29</createDateTime>
    </header>
    <ns2:body>
        <ns2:item>
            <guid>c861b6ff-4790-49ba-94c9-cc1e6a28ec2a</guid>
            <ns2:purchaseNoticeEPData>
                <ns2:guid>c861b6ff-4790-49ba-94c9-cc1e6a28ec2a</ns2:guid>
                <ns2:createDateTime>2017-03-16T18:45:24</ns2:createDateTime>
                <ns2:urlOOS>https://zakupki.gov.ru/223/purchase/private/purchase/notice-info/details.html?noticeInfoId=5888357</ns2:urlOOS>
                <ns2:registrationNumber>31704899981</ns2:registrationNumber>
                <ns2:name>Создание аудиовизуальных произведений  - телевизионных передач под рабочим названием«Есть и лучше» в количестве 42 выпусков, и передача исключительного права науказанные аудиовизуальные произведения в полном объеме Заказчику.</ns2:name>
                <ns2:customer>
                    <mainInfo>
                        <fullName>АКЦИОНЕРНОЕ ОБЩЕСТВО "МОСКВА МЕДИА"</fullName>
                        <shortName>АО "МОСКВА МЕДИА"</shortName>
                        <iko>57705194654771401001</iko>
                        <inn>7705194654</inn>
                        <kpp>771401001</kpp>
                        <ogrn>1037739325755</ogrn>
                        <legalAddress>127137, г МОСКВА, ул ПРАВДЫ, дом 24, корпус СТР.2</legalAddress>
                        <postalAddress>127137, Москва, Правды, дом 24, строение 2</postalAddress>
                        <phone>7-495-7287381</phone>
                        <email>nubaranova@vgtrk.com</email>
                        <okato>45277556000</okato>
                        <okpo>18446892</okpo>
                    </mainInfo>
                </ns2:customer>
                <ns2:purchaseMethodCode>3363</ns2:purchaseMethodCode>
                <ns2:purchaseCodeName>Закупка у единственного поставщика (исполнителя, подрядчика)</ns2:purchaseCodeName>
                <ns2:placer>
                    <mainInfo>
                        <fullName>АКЦИОНЕРНОЕ ОБЩЕСТВО "МОСКВА МЕДИА"</fullName>
                        <shortName>АО "МОСКВА МЕДИА"</shortName>
                        <iko>57705194654771401001</iko>
                        <inn>7705194654</inn>
                        <kpp>771401001</kpp>
                        <ogrn>1037739325755</ogrn>
                        <legalAddress>127137, г МОСКВА, ул ПРАВДЫ, дом 24, корпус СТР.2</legalAddress>
                        <postalAddress>127137, Москва, Правды, дом 24, строение 2</postalAddress>
                        <phone>7-495-7287381</phone>
                        <email>nubaranova@vgtrk.com</email>
                        <okato>45277556000</okato>
                        <okpo>18446892</okpo>
                    </mainInfo>
                </ns2:placer>
                <ns2:contact>
                    <firstName>Маргарита</firstName>
                    <lastName>Смолкова</lastName>
                    <phone>+7 (495) 7287381, доб.: 8032</phone>
                    <email>msmolkova@vgtrk.com</email>
                    <organization>
                        <mainInfo>
                            <fullName>АКЦИОНЕРНОЕ ОБЩЕСТВО "МОСКВА МЕДИА"</fullName>
                            <shortName>АО "МОСКВА МЕДИА"</shortName>
                            <iko>57705194654771401001</iko>
                            <inn>7705194654</inn>
                            <kpp>771401001</kpp>
                            <ogrn>1037739325755</ogrn>
                            <legalAddress>127137, г МОСКВА, ул ПРАВДЫ, дом 24, корпус СТР.2</legalAddress>
                            <postalAddress>127137, Москва, Правды, дом 24, строение 2</postalAddress>
                            <phone>7-495-7287381</phone>
                            <email>nubaranova@vgtrk.com</email>
                            <okato>45277556000</okato>
                            <okpo>18446892</okpo>
                        </mainInfo>
                    </organization>
                </ns2:contact>
                <ns2:publicationDateTime>2017-03-16T18:46:29</ns2:publicationDateTime>
                <ns2:documentationDelivery/>
                <ns2:status>P</ns2:status>
                <ns2:version>1</ns2:version>
                <ns2:notDishonest>false</ns2:notDishonest>
                <ns2:attachments>
                    <totalDocumentsCount>3</totalDocumentsCount>
                    <document>
                        <guid>54a192a2-c860-465b-852e-2ca9ae36ccba</guid>
                        <createDateTime>2017-03-16T18:46:15</createDateTime>
                        <fileName>Протокол определения НМЦД.DOCX</fileName>
                        <description>Протокол определения НМЦД</description>
                        <url>http://zakupki.gov.ru/223/purchase/public/download/download.html?id=30120928</url>
                    </document>
                    <document>
                        <guid>5eec1607-91a1-46de-bc53-76e4eaa10b2f</guid>
                        <createDateTime>2017-03-16T18:46:07</createDateTime>
                        <fileName>Закупочная документация.docx</fileName>
                        <description>Закупочная документация</description>
                        <url>http://zakupki.gov.ru/223/purchase/public/download/download.html?id=30120925</url>
                    </document>
                    <document>
                        <guid>a8bb2857-1778-40f7-9332-c0f03c16ddd6</guid>
                        <createDateTime>2017-03-16T18:46:11</createDateTime>
                        <fileName>Проект договора.docx</fileName>
                        <description>Проект договора</description>
                        <url>http://zakupki.gov.ru/223/purchase/public/download/download.html?id=30120926</url>
                    </document>
                </ns2:attachments>
                <ns2:modificationDate>2017-03-16T18:46:29</ns2:modificationDate>
                <ns2:saveUserId>17875</ns2:saveUserId>
                <ns2:deliveryPlaceIndication>SINGLE_PLACE</ns2:deliveryPlaceIndication>
                <ns2:emergency>false</ns2:emergency>
                <ns2:jointPurchase>false</ns2:jointPurchase>
                <ns2:lots>
                    <lot>
                        <guid>c2c0deb2-5f11-4dd6-8dfc-ed1245d05bba</guid>
                        <ordinalNumber>1</ordinalNumber>
                        <lotEditEnabled>false</lotEditEnabled>
                        <lotData>
                            <subject>Создание аудиовизуальных произведений  - телевизионных передач под рабочим названием «Есть и лучше» в количестве 42 выпусков, и передача исключительного права на указанные аудиовизуальные произведения в полном объеме Заказчику.</subject>
                            <currency>
                                <code>RUB</code>
                                <digitalCode>643</digitalCode>
                                <name>Российский рубль</name>
                            </currency>
                            <initialSum>42449400.00</initialSum>
                            <deliveryPlace>
                                <state>Центральный федеральный округ</state>
                                <region>Москва</region>
                                <regionOkato>45000000000</regionOkato>
                                <address>г. Москва ул. Правды 24 стр. 2</address>
                            </deliveryPlace>
                            <lotItems>
                                <newCodes>true</newCodes>
                                <lotItem>
                                    <guid>e86b6aeb-904b-41a6-9503-9655d63f6d3e</guid>
                                    <ordinalNumber>1</ordinalNumber>
                                    <okpd2>
                                        <code>59.11.13</code>
                                        <name>Услуги по производству прочих телевизионных программ</name>
                                    </okpd2>
                                    <okved2>
                                        <code>59.11</code>
                                        <name>Производство кинофильмов, видеофильмов и телевизионных программ</name>
                                    </okved2>
                                    <okei>
                                        <code>796</code>
                                        <name>Штука</name>
                                    </okei>
                                    <qty>42</qty>
                                </lotItem>
                            </lotItems>
                            <forSmallOrMiddle>false</forSmallOrMiddle>
                            <excludePurchaseFromPlan>false</excludePurchaseFromPlan>
                            <subcontractorsRequirement>false</subcontractorsRequirement>
                            <ignoredPurchase>false</ignoredPurchase>
                            <centralized>false</centralized>
                        </lotData>
                        <deliveryPlaceIndication>GL</deliveryPlaceIndication>
                        <jointLotData>
                            <jointLot>false</jointLot>
                        </jointLotData>
                        <lotPlanInfo>
                            <planRegistrationNumber>2160198404</planRegistrationNumber>
                            <planGuid>2bb94e6a-5f33-4384-8d3f-473af9c714b9</planGuid>
                            <positionNumber>65</positionNumber>
                            <lotPlanPosition>COMMODITY</lotPlanPosition>
                            <positionGuid>77675b3d-dab9-4379-920e-edc613bf6a3b</positionGuid>
                        </lotPlanInfo>
                        <cancelled>false</cancelled>
                    </lot>
                </ns2:lots>
            </ns2:purchaseNoticeEPData>
        </ns2:item>
    </ns2:body>
</ns2:purchaseNoticeEP>
