<?xml version="1.0" encoding="UTF-8" standalone="yes"?>
<ns2:purchaseNoticeEP xsi:schemaLocation="http://zakupki.gov.ru/223/integration/schema/TFF-5.2 http://zakupki.gov.ru/223/integration/schema/TFF-5.2/purchase.xsd" xmlns="http://zakupki.gov.ru/223fz/types/1" xmlns:ns10="http://zakupki.gov.ru/223fz/purchasePlan/1" xmlns:ns11="http://zakupki.gov.ru/223fz/purchasePlanProject/1" xmlns:ns12="http://zakupki.gov.ru/223fz/purchasePlanProjectAdditionalPosition/1" xmlns:ns13="http://zakupki.gov.ru/223fz/contract/1" xmlns:ns14="http://zakupki.gov.ru/223fz/missedNotice/1" xmlns:ns15="http://zakupki.gov.ru/223fz/reference/1" xmlns:ns16="http://zakupki.gov.ru/223fz/stopCommodity/1" xmlns:ns17="http://zakupki.gov.ru/223fz/decisionSuspension/1" xmlns:ns18="http://zakupki.gov.ru/223fz/purchasePlanAdditionalPosition/1" xmlns:ns19="http://zakupki.gov.ru/223fz/webRequest/1" xmlns:ns2="http://zakupki.gov.ru/223fz/purchase/1" xmlns:xsi="http://www.w3.org/2001/XMLSchema-instance" xmlns:ns3="http://zakupki.gov.ru/223fz/dishonestSupplier/1" xmlns:ns4="http://zakupki.gov.ru/223fz/machineryListInfo/1" xmlns:ns5="http://zakupki.gov.ru/223fz/revenue/1" xmlns:ns6="http://zakupki.gov.ru/223fz/orderClauseList/1" xmlns:ns7="http://zakupki.gov.ru/223fz/disagreementProtocol/1" xmlns:ns8="http://zakupki.gov.ru/223fz/complaint/1" xmlns:ns9="http://zakupki.gov.ru/223fz/notificationIssue/1">
    <header>
        <guid>27c26c0b-a2d6-402a-92a9-6535763316eb</guid>
        <createDateTime>2017-03-16T15:56:13</createDateTime>
    </header>
    <ns2:body>
        <ns2:item>
            <guid>3a9d36a6-31c4-4824-93df-88d68549dd81</guid>
            <ns2:purchaseNoticeEPData>
                <ns2:guid>3a9d36a6-31c4-4824-93df-88d68549dd81</ns2:guid>
                <ns2:createDateTime>2017-03-16T15:50:59</ns2:createDateTime>
                <ns2:urlOOS>https://zakupki.gov.ru/223/purchase/private/purchase/notice-info/details.html?noticeInfoId=5887076</ns2:urlOOS>
                <ns2:registrationNumber>31704898857</ns2:registrationNumber>
                <ns2:name>Договор о предоставлении информационных услуг</ns2:name>
                <ns2:customer>
                    <mainInfo>
                        <fullName>ОТКРЫТОЕ АКЦИОНЕРНОЕ ОБЩЕСТВО "МКК-ХОЛДИНГ"</fullName>
                        <shortName>ОАО "МКК-ХОЛДИНГ"</shortName>
                        <iko>55025011162771001001</iko>
                        <inn>5025011162</inn>
                        <kpp>771001001</kpp>
                        <ogrn>1027739076683</ogrn>
                        <legalAddress>123056, Москва, Электрический, дом 8, корпус 5</legalAddress>
                        <postalAddress>123056, г. Москва, Электрический пер., д.8, стр.5</postalAddress>
                        <phone>7-499-2536017</phone>
                        <fax>7-499-2531575</fax>
                        <email>mkk@mkk-holding.ru</email>
                        <okato>45286575000</okato>
                        <okpo>48774900</okpo>
                    </mainInfo>
                </ns2:customer>
                <ns2:purchaseMethodCode>3363</ns2:purchaseMethodCode>
                <ns2:purchaseCodeName>Закупка у единственного поставщика (исполнителя, подрядчика)</ns2:purchaseCodeName>
                <ns2:placer>
                    <mainInfo>
                        <fullName>ОТКРЫТОЕ АКЦИОНЕРНОЕ ОБЩЕСТВО "МКК-ХОЛДИНГ"</fullName>
                        <shortName>ОАО "МКК-ХОЛДИНГ"</shortName>
                        <iko>55025011162771001001</iko>
                        <inn>5025011162</inn>
                        <kpp>771001001</kpp>
                        <ogrn>1027739076683</ogrn>
                        <legalAddress>123056, Москва, Электрический, дом 8, корпус 5</legalAddress>
                        <postalAddress>123056, г. Москва, Электрический пер., д.8, стр.5</postalAddress>
                        <phone>7-499-2536017</phone>
                        <fax>7-499-2531575</fax>
                        <email>mkk@mkk-holding.ru</email>
                        <okato>45286575000</okato>
                        <okpo>48774900</okpo>
                    </mainInfo>
                </ns2:placer>
                <ns2:contact>
                    <firstName>Ольга</firstName>
                    <middleName>Леонидовна</middleName>
                    <lastName>П</lastName>
                    <phone>+007 (499) 2535705</phone>
                    <fax>+007 (499) 2531575</fax>
                    <email>pogoriliak@mkk-holding.ru</email>
                    <organization>
                        <mainInfo>
                            <fullName>ОТКРЫТОЕ АКЦИОНЕРНОЕ ОБЩЕСТВО "МКК-ХОЛДИНГ"</fullName>
                            <shortName>ОАО "МКК-ХОЛДИНГ"</shortName>
                            <iko>55025011162771001001</iko>
                            <inn>5025011162</inn>
                            <kpp>771001001</kpp>
                            <ogrn>1027739076683</ogrn>
                            <legalAddress>123056, Москва, Электрический, дом 8, корпус 5</legalAddress>
                            <postalAddress>123056, г. Москва, Электрический пер., д.8, стр.5</postalAddress>
                            <phone>7-499-2536017</phone>
                            <fax>7-499-2531575</fax>
                            <email>mkk@mkk-holding.ru</email>
                            <okato>45286575000</okato>
                            <okpo>48774900</okpo>
                        </mainInfo>
                    </organization>
                </ns2:contact>
                <ns2:publicationDateTime>2017-03-16T15:56:13</ns2:publicationDateTime>
                <ns2:documentationDelivery>
                    <deliveryStartDateTime>2017-03-16</deliveryStartDateTime>
                    <deliveryEndDateTime>2017-03-17</deliveryEndDateTime>
                    <place>не указывается для данного способа размещения</place>
                    <procedure>не указывается для данного способа размещения</procedure>
                </ns2:documentationDelivery>
                <ns2:status>P</ns2:status>
                <ns2:version>1</ns2:version>
                <ns2:notDishonest>true</ns2:notDishonest>
                <ns2:attachments>
                    <totalDocumentsCount>2</totalDocumentsCount>
                    <document>
                        <guid>469369ca-1f2f-4a52-a878-da639ef5c414</guid>
                        <createDateTime>2017-03-16T15:55:34</createDateTime>
                        <fileName>Извещение и документаця о закупке у единственного поставщика.doc</fileName>
                        <description>Извещение и документаця о закупке у единственного поставщика</description>
                        <url>http://zakupki.gov.ru/223/purchase/public/download/download.html?id=30115029</url>
                    </document>
                    <document>
                        <guid>4e9e8bd3-942e-4676-a973-4ce4d4146da3</guid>
                        <createDateTime>2017-03-16T15:55:40</createDateTime>
                        <fileName>доп  соглашение Интегрум о продлении 2017.doc</fileName>
                        <description>доп  соглашение Интегрум о продлении 2017</description>
                        <url>http://zakupki.gov.ru/223/purchase/public/download/download.html?id=30115031</url>
                    </document>
                </ns2:attachments>
                <ns2:modificationDate>2017-03-16T15:56:13</ns2:modificationDate>
                <ns2:saveUserId>164277</ns2:saveUserId>
                <ns2:deliveryPlaceIndication>DIFFERENT_PLACE</ns2:deliveryPlaceIndication>
                <ns2:emergency>false</ns2:emergency>
                <ns2:jointPurchase>false</ns2:jointPurchase>
                <ns2:lots>
                    <lot>
                        <guid>6415976b-7a8d-4868-9cd9-2d664685cc7f</guid>
                        <ordinalNumber>1</ordinalNumber>
                        <lotEditEnabled>false</lotEditEnabled>
                        <lotData>
                            <subject>Договор о предоставлении информационных услуг</subject>
                            <currency>
                                <code>RUB</code>
                                <digitalCode>643</digitalCode>
                                <name>Российский рубль</name>
                            </currency>
                            <initialSum>180000.00</initialSum>
                            <deliveryPlace>
                                <state>Центральный федеральный округ</state>
                                <region>Москва</region>
                                <regionOkato>45000000000</regionOkato>
                                <address>Москва, Электрический пер., д.8, стр.5</address>
                            </deliveryPlace>
                            <lotItems>
                                <newCodes>true</newCodes>
                                <lotItem>
                                    <guid>e71dfe40-0e79-4cbc-af35-a628ee49d242</guid>
                                    <ordinalNumber>1</ordinalNumber>
                                    <okpd2>
                                        <code>63.9</code>
                                        <name>Услуги информационные прочие</name>
                                    </okpd2>
                                    <okved2>
                                        <code>63.99</code>
                                        <name>Деятельность информационных служб прочая, не включенная в другие группировки</name>
                                    </okved2>
                                    <okei>
                                        <code>796</code>
                                        <name>Штука</name>
                                    </okei>
                                    <qty>1</qty>
                                </lotItem>
                            </lotItems>
                            <forSmallOrMiddle>false</forSmallOrMiddle>
                            <excludePurchaseFromPlan>false</excludePurchaseFromPlan>
                            <subcontractorsRequirement>false</subcontractorsRequirement>
                            <ignoredPurchase>false</ignoredPurchase>
                            <centralized>false</centralized>
                        </lotData>
                        <deliveryPlaceIndication>GL</deliveryPlaceIndication>
                        <jointLotData>
                            <jointLot>false</jointLot>
                        </jointLotData>
                        <lotPlanInfo>
                            <planRegistrationNumber>2160192143</planRegistrationNumber>
                            <planGuid>10874408-3d4d-434a-8acc-77789769aeca</planGuid>
                            <positionNumber>61</positionNumber>
                            <lotPlanPosition>COMMODITY</lotPlanPosition>
                            <positionGuid>8cd67f40-381d-49b8-aba4-50917796a32d</positionGuid>
                        </lotPlanInfo>
                        <cancelled>false</cancelled>
                    </lot>
                </ns2:lots>
            </ns2:purchaseNoticeEPData>
        </ns2:item>
    </ns2:body>
</ns2:purchaseNoticeEP>
