<?xml version="1.0" encoding="UTF-8" standalone="yes"?>
<ns2:purchaseNoticeEP xsi:schemaLocation="http://zakupki.gov.ru/223/integration/schema/TFF-5.2 http://zakupki.gov.ru/223/integration/schema/TFF-5.2/purchase.xsd" xmlns="http://zakupki.gov.ru/223fz/types/1" xmlns:ns10="http://zakupki.gov.ru/223fz/purchasePlan/1" xmlns:ns11="http://zakupki.gov.ru/223fz/purchasePlanProject/1" xmlns:ns12="http://zakupki.gov.ru/223fz/purchasePlanProjectAdditionalPosition/1" xmlns:ns13="http://zakupki.gov.ru/223fz/contract/1" xmlns:ns14="http://zakupki.gov.ru/223fz/missedNotice/1" xmlns:ns15="http://zakupki.gov.ru/223fz/reference/1" xmlns:ns16="http://zakupki.gov.ru/223fz/stopCommodity/1" xmlns:ns17="http://zakupki.gov.ru/223fz/decisionSuspension/1" xmlns:ns18="http://zakupki.gov.ru/223fz/purchasePlanAdditionalPosition/1" xmlns:ns19="http://zakupki.gov.ru/223fz/webRequest/1" xmlns:ns2="http://zakupki.gov.ru/223fz/purchase/1" xmlns:xsi="http://www.w3.org/2001/XMLSchema-instance" xmlns:ns3="http://zakupki.gov.ru/223fz/dishonestSupplier/1" xmlns:ns4="http://zakupki.gov.ru/223fz/machineryListInfo/1" xmlns:ns5="http://zakupki.gov.ru/223fz/revenue/1" xmlns:ns6="http://zakupki.gov.ru/223fz/orderClauseList/1" xmlns:ns7="http://zakupki.gov.ru/223fz/disagreementProtocol/1" xmlns:ns8="http://zakupki.gov.ru/223fz/complaint/1" xmlns:ns9="http://zakupki.gov.ru/223fz/notificationIssue/1">
    <header>
        <guid>e1070648-9f8e-4ea4-bded-ee2696df822b</guid>
        <createDateTime>2017-03-16T17:15:00</createDateTime>
    </header>
    <ns2:body>
        <ns2:item>
            <guid>d3aa9965-8ba9-4834-bd31-32016d27b660</guid>
            <ns2:purchaseNoticeEPData>
                <ns2:guid>d3aa9965-8ba9-4834-bd31-32016d27b660</ns2:guid>
                <ns2:createDateTime>2017-03-16T17:11:46</ns2:createDateTime>
                <ns2:urlOOS>https://zakupki.gov.ru/223/purchase/private/purchase/notice-info/details.html?noticeInfoId=5887937</ns2:urlOOS>
                <ns2:registrationNumber>31704899612</ns2:registrationNumber>
                <ns2:name>Оказание услуг по разработке  комплекта сервисов для организации взаимодействия программного модуля «Система Управления Ресурсами на платформе IDLab WorkFlow для IBM DOMINO</ns2:name>
                <ns2:customer>
                    <mainInfo>
                        <fullName>АКЦИОНЕРНОЕ ОБЩЕСТВО "ТВ ЦЕНТР"</fullName>
                        <shortName>АО "ТВ ЦЕНТР"</shortName>
                        <iko>57717091519770501001</iko>
                        <inn>7717091519</inn>
                        <kpp>770501001</kpp>
                        <ogrn>1027739048281</ogrn>
                        <legalAddress>115184, Г МОСКВА, УЛ ТАТАРСКАЯ Б., дом 33, корпус 1</legalAddress>
                        <postalAddress>115184, Москва Город, Татарская Б. Улица, дом 33, строение 1</postalAddress>
                        <phone>7-495-9593900</phone>
                        <fax>7-495-9593966</fax>
                        <email>zakupki@tvc.ru</email>
                        <okato>45286560000</okato>
                        <okpo>45886171</okpo>
                    </mainInfo>
                </ns2:customer>
                <ns2:purchaseMethodCode>3363</ns2:purchaseMethodCode>
                <ns2:purchaseCodeName>Закупка у единственного поставщика (исполнителя, подрядчика)</ns2:purchaseCodeName>
                <ns2:placer>
                    <mainInfo>
                        <fullName>АКЦИОНЕРНОЕ ОБЩЕСТВО "ТВ ЦЕНТР"</fullName>
                        <shortName>АО "ТВ ЦЕНТР"</shortName>
                        <iko>57717091519770501001</iko>
                        <inn>7717091519</inn>
                        <kpp>770501001</kpp>
                        <ogrn>1027739048281</ogrn>
                        <legalAddress>115184, Г МОСКВА, УЛ ТАТАРСКАЯ Б., дом 33, корпус 1</legalAddress>
                        <postalAddress>115184, Москва Город, Татарская Б. Улица, дом 33, строение 1</postalAddress>
                        <phone>7-495-9593900</phone>
                        <fax>7-495-9593966</fax>
                        <email>zakupki@tvc.ru</email>
                        <okato>45286560000</okato>
                        <okpo>45886171</okpo>
                    </mainInfo>
                </ns2:placer>
                <ns2:contact>
                    <firstName>Вадим</firstName>
                    <middleName>Евгеньевич</middleName>
                    <lastName>Борисов</lastName>
                    <phone>+7 (495) 9269447</phone>
                    <email>zakupki@tvc.ru</email>
                    <organization>
                        <mainInfo>
                            <fullName>АКЦИОНЕРНОЕ ОБЩЕСТВО "ТВ ЦЕНТР"</fullName>
                            <shortName>АО "ТВ ЦЕНТР"</shortName>
                            <iko>57717091519770501001</iko>
                            <inn>7717091519</inn>
                            <kpp>770501001</kpp>
                            <ogrn>1027739048281</ogrn>
                            <legalAddress>115184, Г МОСКВА, УЛ ТАТАРСКАЯ Б., дом 33, корпус 1</legalAddress>
                            <postalAddress>115184, Москва Город, Татарская Б. Улица, дом 33, строение 1</postalAddress>
                            <phone>7-495-9593900</phone>
                            <fax>7-495-9593966</fax>
                            <email>zakupki@tvc.ru</email>
                            <okato>45286560000</okato>
                            <okpo>45886171</okpo>
                        </mainInfo>
                    </organization>
                </ns2:contact>
                <ns2:publicationDateTime>2017-03-16T17:15:00</ns2:publicationDateTime>
                <ns2:documentationDelivery/>
                <ns2:status>P</ns2:status>
                <ns2:version>1</ns2:version>
                <ns2:notDishonest>true</ns2:notDishonest>
                <ns2:attachments>
                    <totalDocumentsCount>1</totalDocumentsCount>
                    <document>
                        <guid>56609bda-5fc0-4328-b286-162bd13591cb</guid>
                        <createDateTime>2017-03-16T17:14:47</createDateTime>
                        <fileName>Документация о закупке у единственного поставщика 206-03-2017.docx</fileName>
                        <description>Документация о закупке у единственного поставщика 206-03-2017</description>
                        <url>http://zakupki.gov.ru/223/purchase/public/download/download.html?id=30118992</url>
                    </document>
                </ns2:attachments>
                <ns2:modificationDate>2017-03-16T17:15:00</ns2:modificationDate>
                <ns2:saveUserId>261437</ns2:saveUserId>
                <ns2:deliveryPlaceIndication>SINGLE_PLACE</ns2:deliveryPlaceIndication>
                <ns2:emergency>false</ns2:emergency>
                <ns2:jointPurchase>false</ns2:jointPurchase>
                <ns2:lots>
                    <lot>
                        <guid>857dd99e-a47a-457a-adf1-95173cc23a15</guid>
                        <ordinalNumber>1</ordinalNumber>
                        <lotEditEnabled>false</lotEditEnabled>
                        <lotData>
                            <subject>Оказание услуг по разработке  комплекта сервисов для организации взаимодействия программного модуля «Система Управления Ресурсами на платформе IDLab WorkFlow для IBM DOMINO
</subject>
                            <currency>
                                <code>RUB</code>
                                <digitalCode>643</digitalCode>
                                <name>Российский рубль</name>
                            </currency>
                            <initialSum>298500.00</initialSum>
                            <deliveryPlace>
                                <state>Центральный федеральный округ</state>
                                <region>Москва</region>
                                <regionOkato>45000000000</regionOkato>
                                <address>г. Москва, ул. Большая Татарская, д. 33, стр. 1</address>
                            </deliveryPlace>
                            <lotItems>
                                <newCodes>true</newCodes>
                                <lotItem>
                                    <guid>fae5d491-38bc-455c-81a9-f5707fb711e6</guid>
                                    <ordinalNumber>1</ordinalNumber>
                                    <okpd2>
                                        <code>62.02.20</code>
                                        <name>Услуги консультативные по вопросам систем и программному обеспечению</name>
                                    </okpd2>
                                    <okved2>
                                        <code>62.02</code>
                                        <name>Деятельность консультативная и работы в области компьютерных технологий</name>
                                    </okved2>
                                    <okei>
                                        <code>876</code>
                                        <name>Условная единица</name>
                                    </okei>
                                    <qty>1</qty>
                                </lotItem>
                            </lotItems>
                            <forSmallOrMiddle>false</forSmallOrMiddle>
                            <excludePurchaseFromPlan>false</excludePurchaseFromPlan>
                            <subcontractorsRequirement>false</subcontractorsRequirement>
                            <ignoredPurchase>false</ignoredPurchase>
                            <centralized>false</centralized>
                        </lotData>
                        <deliveryPlaceIndication>GL</deliveryPlaceIndication>
                        <jointLotData>
                            <jointLot>false</jointLot>
                        </jointLotData>
                        <lotPlanInfo>
                            <planRegistrationNumber>2160218312</planRegistrationNumber>
                            <planGuid>93599645-514f-47dd-8e7c-297b9f55c567</planGuid>
                            <positionNumber>319</positionNumber>
                            <lotPlanPosition>COMMODITY</lotPlanPosition>
                            <positionGuid>899db18f-6c97-48ae-bfa5-2a31ea450712</positionGuid>
                        </lotPlanInfo>
                        <cancelled>false</cancelled>
                    </lot>
                </ns2:lots>
            </ns2:purchaseNoticeEPData>
        </ns2:item>
    </ns2:body>
</ns2:purchaseNoticeEP>
