<?xml version="1.0" encoding="UTF-8" standalone="yes"?>
<ns2:purchaseNoticeEP xsi:schemaLocation="http://zakupki.gov.ru/223/integration/schema/TFF-5.2 http://zakupki.gov.ru/223/integration/schema/TFF-5.2/purchase.xsd" xmlns="http://zakupki.gov.ru/223fz/types/1" xmlns:ns10="http://zakupki.gov.ru/223fz/purchasePlan/1" xmlns:ns11="http://zakupki.gov.ru/223fz/purchasePlanProject/1" xmlns:ns12="http://zakupki.gov.ru/223fz/purchasePlanProjectAdditionalPosition/1" xmlns:ns13="http://zakupki.gov.ru/223fz/contract/1" xmlns:ns14="http://zakupki.gov.ru/223fz/missedNotice/1" xmlns:ns15="http://zakupki.gov.ru/223fz/reference/1" xmlns:ns16="http://zakupki.gov.ru/223fz/stopCommodity/1" xmlns:ns17="http://zakupki.gov.ru/223fz/decisionSuspension/1" xmlns:ns18="http://zakupki.gov.ru/223fz/purchasePlanAdditionalPosition/1" xmlns:ns19="http://zakupki.gov.ru/223fz/webRequest/1" xmlns:ns2="http://zakupki.gov.ru/223fz/purchase/1" xmlns:xsi="http://www.w3.org/2001/XMLSchema-instance" xmlns:ns3="http://zakupki.gov.ru/223fz/dishonestSupplier/1" xmlns:ns4="http://zakupki.gov.ru/223fz/machineryListInfo/1" xmlns:ns5="http://zakupki.gov.ru/223fz/revenue/1" xmlns:ns6="http://zakupki.gov.ru/223fz/orderClauseList/1" xmlns:ns7="http://zakupki.gov.ru/223fz/disagreementProtocol/1" xmlns:ns8="http://zakupki.gov.ru/223fz/complaint/1" xmlns:ns9="http://zakupki.gov.ru/223fz/notificationIssue/1">
    <header>
        <guid>ccaf4df5-c1b4-4365-a9ff-83f296a60445</guid>
        <createDateTime>2017-03-16T13:55:53</createDateTime>
    </header>
    <ns2:body>
        <ns2:item>
            <guid>e13afc1f-c3d6-42e5-b6fc-d51010218599</guid>
            <ns2:purchaseNoticeEPData>
                <ns2:guid>e13afc1f-c3d6-42e5-b6fc-d51010218599</ns2:guid>
                <ns2:createDateTime>2017-03-16T11:18:17</ns2:createDateTime>
                <ns2:urlOOS>https://zakupki.gov.ru/223/purchase/private/purchase/notice-info/details.html?noticeInfoId=5884031</ns2:urlOOS>
                <ns2:registrationNumber>31704897682</ns2:registrationNumber>
                <ns2:name>Поставка лекарственных препаратов для розничной торговли ФГБУ "ОБП"</ns2:name>
                <ns2:customer>
                    <mainInfo>
                        <fullName>ФЕДЕРАЛЬНОЕ ГОСУДАРСТВЕННОЕ БЮДЖЕТНОЕ УЧРЕЖДЕНИЕ "ОБЪЕДИНЕННАЯ БОЛЬНИЦА С ПОЛИКЛИНИКОЙ" УПРАВЛЕНИЯ ДЕЛАМИ ПРЕЗИДЕНТА РОССИЙСКОЙ ФЕДЕРАЦИИ</fullName>
                        <shortName>ФГБУ "ОБП"</shortName>
                        <iko>87729117225772901001</iko>
                        <inn>7729117225</inn>
                        <kpp>772901001</kpp>
                        <ogrn>1037700124208</ogrn>
                        <legalAddress>119285, г МОСКВА, пр-кт МИЧУРИНСКИЙ, дом 6</legalAddress>
                        <postalAddress>119285, Москва Город, Мичуринский Проспект, дом 6</postalAddress>
                        <phone>7-499-3333000</phone>
                        <fax>7-499-1479226</fax>
                        <email>info@fgu-obp.ru</email>
                        <okato>45268584000</okato>
                        <okpo>01895890</okpo>
                    </mainInfo>
                </ns2:customer>
                <ns2:purchaseMethodCode>3363</ns2:purchaseMethodCode>
                <ns2:purchaseCodeName>Закупка у единственного поставщика (исполнителя, подрядчика)</ns2:purchaseCodeName>
                <ns2:placer>
                    <mainInfo>
                        <fullName>ФЕДЕРАЛЬНОЕ ГОСУДАРСТВЕННОЕ БЮДЖЕТНОЕ УЧРЕЖДЕНИЕ "ОБЪЕДИНЕННАЯ БОЛЬНИЦА С ПОЛИКЛИНИКОЙ" УПРАВЛЕНИЯ ДЕЛАМИ ПРЕЗИДЕНТА РОССИЙСКОЙ ФЕДЕРАЦИИ</fullName>
                        <shortName>ФГБУ "ОБП"</shortName>
                        <iko>87729117225772901001</iko>
                        <inn>7729117225</inn>
                        <kpp>772901001</kpp>
                        <ogrn>1037700124208</ogrn>
                        <legalAddress>119285, г МОСКВА, пр-кт МИЧУРИНСКИЙ, дом 6</legalAddress>
                        <postalAddress>119285, Москва Город, Мичуринский Проспект, дом 6</postalAddress>
                        <phone>7-499-3333000</phone>
                        <fax>7-499-1479226</fax>
                        <email>info@fgu-obp.ru</email>
                        <okato>45268584000</okato>
                        <okpo>01895890</okpo>
                    </mainInfo>
                </ns2:placer>
                <ns2:contact>
                    <phone>+7 (499) 1478150</phone>
                    <email>lysenko@fgu-obp.ru</email>
                    <organization>
                        <mainInfo>
                            <fullName>ФЕДЕРАЛЬНОЕ ГОСУДАРСТВЕННОЕ БЮДЖЕТНОЕ УЧРЕЖДЕНИЕ "ОБЪЕДИНЕННАЯ БОЛЬНИЦА С ПОЛИКЛИНИКОЙ" УПРАВЛЕНИЯ ДЕЛАМИ ПРЕЗИДЕНТА РОССИЙСКОЙ ФЕДЕРАЦИИ</fullName>
                            <shortName>ФГБУ "ОБП"</shortName>
                            <iko>87729117225772901001</iko>
                            <inn>7729117225</inn>
                            <kpp>772901001</kpp>
                            <ogrn>1037700124208</ogrn>
                            <legalAddress>119285, г МОСКВА, пр-кт МИЧУРИНСКИЙ, дом 6</legalAddress>
                            <postalAddress>119285, Москва Город, Мичуринский Проспект, дом 6</postalAddress>
                            <phone>7-499-3333000</phone>
                            <fax>7-499-1479226</fax>
                            <email>info@fgu-obp.ru</email>
                            <okato>45268584000</okato>
                            <okpo>01895890</okpo>
                        </mainInfo>
                    </organization>
                </ns2:contact>
                <ns2:publicationDateTime>2017-03-16T13:55:53</ns2:publicationDateTime>
                <ns2:documentationDelivery/>
                <ns2:status>P</ns2:status>
                <ns2:version>1</ns2:version>
                <ns2:notDishonest>false</ns2:notDishonest>
                <ns2:attachments>
                    <totalDocumentsCount>2</totalDocumentsCount>
                    <document>
                        <guid>385d57ab-3b28-41dd-8550-4b6a96edbfd4</guid>
                        <createDateTime>2017-03-16T13:51:23</createDateTime>
                        <fileName>Договор.pdf</fileName>
                        <description>Договор</description>
                        <url>http://zakupki.gov.ru/223/purchase/public/download/download.html?id=30107635</url>
                    </document>
                    <document>
                        <guid>eda7e66b-59c7-4f19-8a35-1ff35283557e</guid>
                        <createDateTime>2017-03-16T11:20:32</createDateTime>
                        <fileName>Документация.docx</fileName>
                        <description>Документация</description>
                        <url>http://zakupki.gov.ru/223/purchase/public/download/download.html?id=30099641</url>
                    </document>
                </ns2:attachments>
                <ns2:modificationDate>2017-03-16T13:55:53</ns2:modificationDate>
                <ns2:saveUserId>54281</ns2:saveUserId>
                <ns2:deliveryPlaceIndication>SINGLE_PLACE</ns2:deliveryPlaceIndication>
                <ns2:emergency>false</ns2:emergency>
                <ns2:jointPurchase>false</ns2:jointPurchase>
                <ns2:lots>
                    <lot>
                        <guid>ba06feea-3d9e-4740-b5ae-e9a4dde0e13f</guid>
                        <ordinalNumber>1</ordinalNumber>
                        <lotEditEnabled>true</lotEditEnabled>
                        <lotData>
                            <subject>Поставка лекарственных препаратов для розничной торговли ФГБУ "ОБП"</subject>
                            <currency>
                                <code>RUB</code>
                                <digitalCode>643</digitalCode>
                                <name>Российский рубль</name>
                            </currency>
                            <initialSum>498417.04</initialSum>
                            <deliveryPlace>
                                <address>119285, г. Москва, Мичуринский пр-т, дом 6</address>
                            </deliveryPlace>
                            <lotItems>
                                <newCodes>true</newCodes>
                                <lotItem>
                                    <guid>2f96f83b-e814-414f-b815-f3cc99ca72ec</guid>
                                    <ordinalNumber>1</ordinalNumber>
                                    <okpd2>
                                        <code>21.10</code>
                                        <name>Субстанции фармацевтические</name>
                                    </okpd2>
                                    <okved2>
                                        <code>46.46.1</code>
                                        <name>Торговля оптовая фармацевтической продукцией</name>
                                    </okved2>
                                    <okei>
                                        <code>796</code>
                                        <name>Штука</name>
                                    </okei>
                                    <qty>1</qty>
                                </lotItem>
                            </lotItems>
                            <forSmallOrMiddle>false</forSmallOrMiddle>
                            <excludePurchaseFromPlan>false</excludePurchaseFromPlan>
                            <subcontractorsRequirement>false</subcontractorsRequirement>
                            <ignoredPurchase>false</ignoredPurchase>
                            <centralized>false</centralized>
                        </lotData>
                        <deliveryPlaceIndication>GL</deliveryPlaceIndication>
                        <jointLotData>
                            <jointLot>false</jointLot>
                        </jointLotData>
                        <lotPlanInfo>
                            <planRegistrationNumber>2160199430</planRegistrationNumber>
                            <planGuid>7a945457-e545-41e2-a6f6-f8bd0159a1f1</planGuid>
                            <positionNumber>112</positionNumber>
                            <lotPlanPosition>COMMODITY</lotPlanPosition>
                            <positionGuid>e4876483-2db8-4259-b71a-5e23c48ec8c0</positionGuid>
                        </lotPlanInfo>
                        <cancelled>false</cancelled>
                    </lot>
                </ns2:lots>
            </ns2:purchaseNoticeEPData>
        </ns2:item>
    </ns2:body>
</ns2:purchaseNoticeEP>
