<?xml version="1.0" encoding="UTF-8" standalone="yes"?>
<ns2:purchaseNoticeEP xsi:schemaLocation="http://zakupki.gov.ru/223/integration/schema/TFF-5.2 http://zakupki.gov.ru/223/integration/schema/TFF-5.2/purchase.xsd" xmlns="http://zakupki.gov.ru/223fz/types/1" xmlns:ns10="http://zakupki.gov.ru/223fz/purchasePlan/1" xmlns:ns11="http://zakupki.gov.ru/223fz/purchasePlanProject/1" xmlns:ns12="http://zakupki.gov.ru/223fz/purchasePlanProjectAdditionalPosition/1" xmlns:ns13="http://zakupki.gov.ru/223fz/contract/1" xmlns:ns14="http://zakupki.gov.ru/223fz/missedNotice/1" xmlns:ns15="http://zakupki.gov.ru/223fz/reference/1" xmlns:ns16="http://zakupki.gov.ru/223fz/stopCommodity/1" xmlns:ns17="http://zakupki.gov.ru/223fz/decisionSuspension/1" xmlns:ns18="http://zakupki.gov.ru/223fz/purchasePlanAdditionalPosition/1" xmlns:ns19="http://zakupki.gov.ru/223fz/webRequest/1" xmlns:ns2="http://zakupki.gov.ru/223fz/purchase/1" xmlns:xsi="http://www.w3.org/2001/XMLSchema-instance" xmlns:ns3="http://zakupki.gov.ru/223fz/dishonestSupplier/1" xmlns:ns4="http://zakupki.gov.ru/223fz/machineryListInfo/1" xmlns:ns5="http://zakupki.gov.ru/223fz/revenue/1" xmlns:ns6="http://zakupki.gov.ru/223fz/orderClauseList/1" xmlns:ns7="http://zakupki.gov.ru/223fz/disagreementProtocol/1" xmlns:ns8="http://zakupki.gov.ru/223fz/complaint/1" xmlns:ns9="http://zakupki.gov.ru/223fz/notificationIssue/1">
    <header>
        <guid>6c1ba08a-b376-4588-947d-893fc16910e0</guid>
        <createDateTime>2017-03-16T10:27:33</createDateTime>
    </header>
    <ns2:body>
        <ns2:item>
            <guid>58c97c9c-543d-1bb8-e100-00000a388ca5</guid>
            <ns2:purchaseNoticeEPData>
                <ns2:guid>58c97c9c-543d-1bb8-e100-00000a388ca5</ns2:guid>
                <ns2:createDateTime>2017-03-16T10:25:56</ns2:createDateTime>
                <ns2:urlOOS>https://zakupki.gov.ru/223/purchase/private/purchase/notice-info/details.html?noticeInfoId=5883416</ns2:urlOOS>
                <ns2:urlVSRZ>https://zakupki.gazprom.ru</ns2:urlVSRZ>
                <ns2:registrationNumber>31704895909</ns2:registrationNumber>
                <ns2:name>Выполнение авиационных перевозок</ns2:name>
                <ns2:customer>
                    <mainInfo>
                        <fullName>ОБЩЕСТВО С ОГРАНИЧЕННОЙ ОТВЕТСТВЕННОСТЬЮ "ГАЗПРОМ ПХГ"</fullName>
                        <shortName>ООО "ГАЗПРОМ ПХГ"</shortName>
                        <iko>65003065767775101001</iko>
                        <inn>5003065767</inn>
                        <kpp>775101001</kpp>
                        <ogrn>1075003001820</ogrn>
                        <legalAddress>142770, Г МОСКВА, П ГАЗОПРОВОД, дом 101</legalAddress>
                        <postalAddress>117420, Москва Город, Наметкина Улица, дом 12А</postalAddress>
                        <phone>7-495-4284531</phone>
                        <email>secretar@phg.gazprom.ru</email>
                        <okato>46228826001</okato>
                        <okpo>99149316</okpo>
                    </mainInfo>
                </ns2:customer>
                <ns2:purchaseMethodCode>3363</ns2:purchaseMethodCode>
                <ns2:purchaseCodeName>Закупка у единственного поставщика (исполнителя, подрядчика)</ns2:purchaseCodeName>
                <ns2:placer>
                    <mainInfo>
                        <fullName>ОБЩЕСТВО С ОГРАНИЧЕННОЙ ОТВЕТСТВЕННОСТЬЮ "ГАЗПРОМ ПХГ"</fullName>
                        <shortName>ООО "ГАЗПРОМ ПХГ"</shortName>
                        <iko>65003065767775101001</iko>
                        <inn>5003065767</inn>
                        <kpp>775101001</kpp>
                        <ogrn>1075003001820</ogrn>
                        <legalAddress>142770, Г МОСКВА, П ГАЗОПРОВОД, дом 101</legalAddress>
                        <postalAddress>117420, Москва Город, Наметкина Улица, дом 12А</postalAddress>
                        <phone>7-495-4284531</phone>
                        <email>secretar@phg.gazprom.ru</email>
                        <okato>46228826001</okato>
                        <okpo>99149316</okpo>
                    </mainInfo>
                </ns2:placer>
                <ns2:contact>
                    <firstName>Анна</firstName>
                    <middleName>Евгеньевна</middleName>
                    <lastName>Шабан</lastName>
                    <phone>+7 (495) 5802914</phone>
                    <email>A.shaban@phg.gazprom.ru</email>
                    <organization>
                        <mainInfo>
                            <fullName>ОБЩЕСТВО С ОГРАНИЧЕННОЙ ОТВЕТСТВЕННОСТЬЮ "ГАЗПРОМ ПХГ"</fullName>
                            <shortName>ООО "ГАЗПРОМ ПХГ"</shortName>
                            <iko>65003065767775101001</iko>
                            <inn>5003065767</inn>
                            <kpp>775101001</kpp>
                            <ogrn>1075003001820</ogrn>
                            <legalAddress>142770, Г МОСКВА, П ГАЗОПРОВОД, дом 101</legalAddress>
                            <postalAddress>117420, Москва Город, Наметкина Улица, дом 12А</postalAddress>
                            <phone>7-495-4284531</phone>
                            <email>secretar@phg.gazprom.ru</email>
                            <okato>46228826001</okato>
                            <okpo>99149316</okpo>
                        </mainInfo>
                    </organization>
                </ns2:contact>
                <ns2:publicationDateTime>2017-03-16T10:27:33</ns2:publicationDateTime>
                <ns2:documentationDelivery/>
                <ns2:status>P</ns2:status>
                <ns2:version>1</ns2:version>
                <ns2:notDishonest>false</ns2:notDishonest>
                <ns2:attachments>
                    <totalDocumentsCount>3</totalDocumentsCount>
                    <document>
                        <guid>58c97e20-543d-1bb8-e100-00000a388ca5</guid>
                        <createDateTime>2017-03-16T10:25:56</createDateTime>
                        <fileName>Документация.doc</fileName>
                        <description>Документация.doc</description>
                        <url>http://zakupki.gov.ru/223/purchase/public/download/download.html?id=30096635</url>
                    </document>
                    <document>
                        <guid>58c97e21-543d-1bb8-e100-00000a388ca5</guid>
                        <createDateTime>2017-03-16T10:25:56</createDateTime>
                        <fileName>Форма 34-Извещение о проведении.doc</fileName>
                        <description>Форма 34-Извещение о проведении.doc</description>
                        <url>http://zakupki.gov.ru/223/purchase/public/download/download.html?id=30096636</url>
                    </document>
                    <document>
                        <guid>58c97e22-543d-1bb8-e100-00000a388ca5</guid>
                        <createDateTime>2017-03-16T10:25:57</createDateTime>
                        <fileName>2017г Договор на выполнение авиационных перевозок.doc</fileName>
                        <description>2017г Договор на выполнение авиационных перевозок.doc</description>
                        <url>http://zakupki.gov.ru/223/purchase/public/download/download.html?id=30096637</url>
                    </document>
                </ns2:attachments>
                <ns2:modificationDate>2017-03-16T10:27:33</ns2:modificationDate>
                <ns2:saveUserId>196667</ns2:saveUserId>
                <ns2:deliveryPlaceIndication>DIFFERENT_PLACE</ns2:deliveryPlaceIndication>
                <ns2:emergency>false</ns2:emergency>
                <ns2:jointPurchase>false</ns2:jointPurchase>
                <ns2:lots>
                    <lot>
                        <guid>58ca2b3a-1d94-21d7-e100-00000a388ca5</guid>
                        <ordinalNumber>1</ordinalNumber>
                        <lotEditEnabled>true</lotEditEnabled>
                        <lotData>
                            <subject>Выполнение авиационных перевозок</subject>
                            <currency>
                                <code>RUB</code>
                                <digitalCode>643</digitalCode>
                                <name>Российский рубль</name>
                            </currency>
                            <initialSum>8140000.00</initialSum>
                            <deliveryPlace>
                                <address>Согласно закупочной документации</address>
                            </deliveryPlace>
                            <lotItems>
                                <newCodes>true</newCodes>
                                <lotItem>
                                    <guid>58c97e1f-543d-1bb8-e100-00000a388ca5</guid>
                                    <ordinalNumber>1</ordinalNumber>
                                    <okpd2>
                                        <code>51.10.12.000</code>
                                        <name>Услуги по нерегулярным пассажирским перевозкам воздушным транспортом на местных линиях, кроме услуг по осмотру достопримечательностей с воздуха</name>
                                    </okpd2>
                                    <okved2>
                                        <code>51.10.2</code>
                                        <name>Перевозка воздушным пассажирским транспортом, не подчиняющимся расписанию</name>
                                    </okved2>
                                    <okei>
                                        <code>876</code>
                                        <name>Условная единица</name>
                                    </okei>
                                    <qty>1</qty>
                                </lotItem>
                            </lotItems>
                            <forSmallOrMiddle>false</forSmallOrMiddle>
                            <excludePurchaseFromPlan>false</excludePurchaseFromPlan>
                            <subcontractorsRequirement>false</subcontractorsRequirement>
                            <ignoredPurchase>false</ignoredPurchase>
                            <centralized>false</centralized>
                        </lotData>
                        <deliveryPlaceIndication>GL</deliveryPlaceIndication>
                        <jointLotData>
                            <jointLot>false</jointLot>
                        </jointLotData>
                        <lotPlanInfo>
                            <planRegistrationNumber>2160195205</planRegistrationNumber>
                            <planGuid>f1fc865e-64eb-4307-bc7b-049718fb063e</planGuid>
                            <positionNumber>33</positionNumber>
                            <lotPlanPosition>COMMODITY</lotPlanPosition>
                            <positionGuid>5859fec8-3290-2af6-e100-00000a388ca6</positionGuid>
                        </lotPlanInfo>
                        <cancelled>false</cancelled>
                    </lot>
                </ns2:lots>
            </ns2:purchaseNoticeEPData>
        </ns2:item>
    </ns2:body>
</ns2:purchaseNoticeEP>
