<?xml version="1.0" encoding="UTF-8" standalone="yes"?>
<ns2:purchaseNoticeEP xsi:schemaLocation="http://zakupki.gov.ru/223/integration/schema/TFF-5.2 http://zakupki.gov.ru/223/integration/schema/TFF-5.2/purchase.xsd" xmlns="http://zakupki.gov.ru/223fz/types/1" xmlns:ns10="http://zakupki.gov.ru/223fz/purchasePlan/1" xmlns:ns11="http://zakupki.gov.ru/223fz/purchasePlanProject/1" xmlns:ns12="http://zakupki.gov.ru/223fz/purchasePlanProjectAdditionalPosition/1" xmlns:ns13="http://zakupki.gov.ru/223fz/contract/1" xmlns:ns14="http://zakupki.gov.ru/223fz/missedNotice/1" xmlns:ns15="http://zakupki.gov.ru/223fz/reference/1" xmlns:ns16="http://zakupki.gov.ru/223fz/stopCommodity/1" xmlns:ns17="http://zakupki.gov.ru/223fz/decisionSuspension/1" xmlns:ns18="http://zakupki.gov.ru/223fz/purchasePlanAdditionalPosition/1" xmlns:ns19="http://zakupki.gov.ru/223fz/webRequest/1" xmlns:ns2="http://zakupki.gov.ru/223fz/purchase/1" xmlns:xsi="http://www.w3.org/2001/XMLSchema-instance" xmlns:ns3="http://zakupki.gov.ru/223fz/dishonestSupplier/1" xmlns:ns4="http://zakupki.gov.ru/223fz/machineryListInfo/1" xmlns:ns5="http://zakupki.gov.ru/223fz/revenue/1" xmlns:ns6="http://zakupki.gov.ru/223fz/orderClauseList/1" xmlns:ns7="http://zakupki.gov.ru/223fz/disagreementProtocol/1" xmlns:ns8="http://zakupki.gov.ru/223fz/complaint/1" xmlns:ns9="http://zakupki.gov.ru/223fz/notificationIssue/1">
    <header>
        <guid>0d2bc76d-8423-435f-b579-54a56812c993</guid>
        <createDateTime>2017-03-16T11:49:40</createDateTime>
    </header>
    <ns2:body>
        <ns2:item>
            <guid>51d091ca-2e7f-4aa5-b460-f7f74cf6f705</guid>
            <ns2:purchaseNoticeEPData>
                <ns2:guid>51d091ca-2e7f-4aa5-b460-f7f74cf6f705</ns2:guid>
                <ns2:createDateTime>2017-03-16T11:41:23</ns2:createDateTime>
                <ns2:urlOOS>https://zakupki.gov.ru/223/purchase/private/purchase/notice-info/details.html?noticeInfoId=5884279</ns2:urlOOS>
                <ns2:registrationNumber>31704896671</ns2:registrationNumber>
                <ns2:name>Оказание услуг по техническому учету, технической инвентаризации и изготовлению учетно-технической документации на объект, расположенный по адресу: г. Москва, ул. Большая Семеновская, д. 38, стр. 12</ns2:name>
                <ns2:customer>
                    <mainInfo>
                        <fullName>ФЕДЕРАЛЬНОЕ ГОСУДАРСТВЕННОЕ БЮДЖЕТНОЕ ОБРАЗОВАТЕЛЬНОЕ УЧРЕЖДЕНИЕ ВЫСШЕГО ОБРАЗОВАНИЯ "МОСКОВСКИЙ ПОЛИТЕХНИЧЕСКИЙ УНИВЕРСИТЕТ"</fullName>
                        <shortName>МОСКОВСКИЙ ПОЛИТЕХНИЧЕСКИЙ УНИВЕРСИТЕТ, МОСКОВСКИЙ ПОЛИТЕХ, ПОЛИТЕХ</shortName>
                        <iko>87719014460771901001</iko>
                        <inn>7719455553</inn>
                        <kpp>771901001</kpp>
                        <ogrn>1167746817810</ogrn>
                        <legalAddress>107023, Г МОСКВА, УЛ СЕМЁНОВСКАЯ Б., дом ДОМ 38</legalAddress>
                        <postalAddress>107023 г. Москва, ул. Большая Семеновская, д.38</postalAddress>
                        <phone>7-495-2230523-1240</phone>
                        <email>rector@mospolytech.ru</email>
                        <okato>45263588000</okato>
                        <okpo>02068692</okpo>
                    </mainInfo>
                </ns2:customer>
                <ns2:purchaseMethodCode>3363</ns2:purchaseMethodCode>
                <ns2:purchaseCodeName>Закупка у единственного поставщика (исполнителя, подрядчика)</ns2:purchaseCodeName>
                <ns2:placer>
                    <mainInfo>
                        <fullName>ФЕДЕРАЛЬНОЕ ГОСУДАРСТВЕННОЕ БЮДЖЕТНОЕ ОБРАЗОВАТЕЛЬНОЕ УЧРЕЖДЕНИЕ ВЫСШЕГО ОБРАЗОВАНИЯ "МОСКОВСКИЙ ПОЛИТЕХНИЧЕСКИЙ УНИВЕРСИТЕТ"</fullName>
                        <shortName>МОСКОВСКИЙ ПОЛИТЕХНИЧЕСКИЙ УНИВЕРСИТЕТ, МОСКОВСКИЙ ПОЛИТЕХ, ПОЛИТЕХ</shortName>
                        <iko>87719014460771901001</iko>
                        <inn>7719455553</inn>
                        <kpp>771901001</kpp>
                        <ogrn>1167746817810</ogrn>
                        <legalAddress>107023, Г МОСКВА, УЛ СЕМЁНОВСКАЯ Б., дом ДОМ 38</legalAddress>
                        <postalAddress>107023 г. Москва, ул. Большая Семеновская, д.38</postalAddress>
                        <phone>7-495-2230523-1240</phone>
                        <email>rector@mospolytech.ru</email>
                        <okato>45263588000</okato>
                        <okpo>02068692</okpo>
                    </mainInfo>
                </ns2:placer>
                <ns2:contact>
                    <phone>+7 (495) 2230523, доб.: 1140</phone>
                    <email>torgi@mospolytech.ru</email>
                    <organization>
                        <mainInfo>
                            <fullName>ФЕДЕРАЛЬНОЕ ГОСУДАРСТВЕННОЕ БЮДЖЕТНОЕ ОБРАЗОВАТЕЛЬНОЕ УЧРЕЖДЕНИЕ ВЫСШЕГО ОБРАЗОВАНИЯ "МОСКОВСКИЙ ПОЛИТЕХНИЧЕСКИЙ УНИВЕРСИТЕТ"</fullName>
                            <shortName>МОСКОВСКИЙ ПОЛИТЕХНИЧЕСКИЙ УНИВЕРСИТЕТ, МОСКОВСКИЙ ПОЛИТЕХ, ПОЛИТЕХ</shortName>
                            <iko>87719014460771901001</iko>
                            <inn>7719455553</inn>
                            <kpp>771901001</kpp>
                            <ogrn>1167746817810</ogrn>
                            <legalAddress>107023, Г МОСКВА, УЛ СЕМЁНОВСКАЯ Б., дом ДОМ 38</legalAddress>
                            <postalAddress>107023 г. Москва, ул. Большая Семеновская, д.38</postalAddress>
                            <phone>7-495-2230523-1240</phone>
                            <email>rector@mospolytech.ru</email>
                            <okato>45263588000</okato>
                            <okpo>02068692</okpo>
                        </mainInfo>
                    </organization>
                </ns2:contact>
                <ns2:publicationDateTime>2017-03-16T11:49:40</ns2:publicationDateTime>
                <ns2:documentationDelivery/>
                <ns2:status>P</ns2:status>
                <ns2:version>1</ns2:version>
                <ns2:notDishonest>false</ns2:notDishonest>
                <ns2:attachments>
                    <totalDocumentsCount>2</totalDocumentsCount>
                    <document>
                        <guid>fa364fd9-14d0-4559-9646-928f343cc35f</guid>
                        <createDateTime>2017-03-16T11:49:12</createDateTime>
                        <fileName>Договор с МосгорБТИ тех  инвентаризация Б Сем38с12 (508405 v1).docx</fileName>
                        <description>Договор с МосгорБТИ тех  инвентаризация Б Сем38с12 (508405 v1)</description>
                        <url>http://zakupki.gov.ru/223/purchase/public/download/download.html?id=30101141</url>
                    </document>
                    <document>
                        <guid>3007a227-db7f-4c02-a09a-be05da620b0f</guid>
                        <createDateTime>2017-03-16T11:49:03</createDateTime>
                        <fileName>Извещение_документация_ЕП_по_Положению .docx</fileName>
                        <description>Извещение_документация_ЕП_по_Положению </description>
                        <url>http://zakupki.gov.ru/223/purchase/public/download/download.html?id=30101134</url>
                    </document>
                </ns2:attachments>
                <ns2:modificationDate>2017-03-16T11:49:40</ns2:modificationDate>
                <ns2:saveUserId>153814</ns2:saveUserId>
                <ns2:deliveryPlaceIndication>SINGLE_PLACE</ns2:deliveryPlaceIndication>
                <ns2:emergency>false</ns2:emergency>
                <ns2:jointPurchase>false</ns2:jointPurchase>
                <ns2:lots>
                    <lot>
                        <guid>8d56c5e4-2bad-44ff-9431-ba2dff7a9317</guid>
                        <ordinalNumber>1</ordinalNumber>
                        <lotEditEnabled>false</lotEditEnabled>
                        <lotData>
                            <subject>Оказание услуг по техническому учету, технической инвентаризации и изготовлению учетно-технической документации на объект, расположенный по адресу: г. Москва, Большая Семеновская ул., д.38, стр.12
</subject>
                            <currency>
                                <code>RUB</code>
                                <digitalCode>643</digitalCode>
                                <name>Российский рубль</name>
                            </currency>
                            <initialSum>323352.12</initialSum>
                            <deliveryPlace>
                                <state>Центральный федеральный округ</state>
                                <region>Москва</region>
                                <regionOkato>45000000000</regionOkato>
                                <address>г. Москва, ул. Большая Семеновская, д. 38, стр. 12</address>
                            </deliveryPlace>
                            <lotItems>
                                <newCodes>true</newCodes>
                                <lotItem>
                                    <guid>e5816eda-bb3e-4727-90c1-e491795bef1a</guid>
                                    <ordinalNumber>1</ordinalNumber>
                                    <okpd2>
                                        <code>68.32.11.110</code>
                                        <name>Услуги по технической инвентаризации недвижимого имущества жилого фонда</name>
                                    </okpd2>
                                    <okved2>
                                        <code>68.32.3</code>
                                        <name>Деятельность по технической инвентаризации недвижимого имущества</name>
                                    </okved2>
                                    <okei>
                                        <code>876</code>
                                        <name>Условная единица</name>
                                    </okei>
                                    <qty>1</qty>
                                </lotItem>
                            </lotItems>
                            <forSmallOrMiddle>false</forSmallOrMiddle>
                            <excludePurchaseFromPlan>false</excludePurchaseFromPlan>
                            <subcontractorsRequirement>false</subcontractorsRequirement>
                            <ignoredPurchase>false</ignoredPurchase>
                            <centralized>false</centralized>
                        </lotData>
                        <deliveryPlaceIndication>GL</deliveryPlaceIndication>
                        <jointLotData>
                            <jointLot>false</jointLot>
                        </jointLotData>
                        <lotPlanInfo>
                            <planRegistrationNumber>2160218948</planRegistrationNumber>
                            <planGuid>1a7bb5a6-a329-4843-bfcd-acf1acf41dd2</planGuid>
                            <positionNumber>83</positionNumber>
                            <lotPlanPosition>COMMODITY</lotPlanPosition>
                            <positionGuid>f21db618-f81f-40de-96ce-9bf7438a7afa</positionGuid>
                        </lotPlanInfo>
                        <cancelled>false</cancelled>
                    </lot>
                </ns2:lots>
            </ns2:purchaseNoticeEPData>
        </ns2:item>
    </ns2:body>
</ns2:purchaseNoticeEP>
