<?xml version="1.0" encoding="UTF-8" standalone="yes"?>
<ns2:purchaseNoticeEP xsi:schemaLocation="http://zakupki.gov.ru/223/integration/schema/TFF-5.2 http://zakupki.gov.ru/223/integration/schema/TFF-5.2/purchase.xsd" xmlns="http://zakupki.gov.ru/223fz/types/1" xmlns:ns10="http://zakupki.gov.ru/223fz/purchasePlan/1" xmlns:ns11="http://zakupki.gov.ru/223fz/purchasePlanProject/1" xmlns:ns12="http://zakupki.gov.ru/223fz/purchasePlanProjectAdditionalPosition/1" xmlns:ns13="http://zakupki.gov.ru/223fz/contract/1" xmlns:ns14="http://zakupki.gov.ru/223fz/missedNotice/1" xmlns:ns15="http://zakupki.gov.ru/223fz/reference/1" xmlns:ns16="http://zakupki.gov.ru/223fz/stopCommodity/1" xmlns:ns17="http://zakupki.gov.ru/223fz/decisionSuspension/1" xmlns:ns18="http://zakupki.gov.ru/223fz/purchasePlanAdditionalPosition/1" xmlns:ns19="http://zakupki.gov.ru/223fz/webRequest/1" xmlns:ns2="http://zakupki.gov.ru/223fz/purchase/1" xmlns:xsi="http://www.w3.org/2001/XMLSchema-instance" xmlns:ns3="http://zakupki.gov.ru/223fz/dishonestSupplier/1" xmlns:ns4="http://zakupki.gov.ru/223fz/machineryListInfo/1" xmlns:ns5="http://zakupki.gov.ru/223fz/revenue/1" xmlns:ns6="http://zakupki.gov.ru/223fz/orderClauseList/1" xmlns:ns7="http://zakupki.gov.ru/223fz/disagreementProtocol/1" xmlns:ns8="http://zakupki.gov.ru/223fz/complaint/1" xmlns:ns9="http://zakupki.gov.ru/223fz/notificationIssue/1">
    <header>
        <guid>13e1a040-7407-4363-841d-fd0b7e245257</guid>
        <createDateTime>2017-03-16T16:09:25</createDateTime>
    </header>
    <ns2:body>
        <ns2:item>
            <guid>2220fc00-0d0b-1ed7-82c7-8bf0f3d68cd3</guid>
            <ns2:purchaseNoticeEPData>
                <ns2:guid>2220fc00-0d0b-1ed7-82c7-8bf0f3d68cd3</ns2:guid>
                <ns2:createDateTime>2017-03-16T16:05:34</ns2:createDateTime>
                <ns2:urlOOS>https://zakupki.gov.ru/223/purchase/private/purchase/notice-info/details.html?noticeInfoId=5887260</ns2:urlOOS>
                <ns2:urlVSRZ>ЕОС-Закупки</ns2:urlVSRZ>
                <ns2:registrationNumber>31704899002</ns2:registrationNumber>
                <ns2:name>оказание услуг по теме
«Разработка документа по стандартизации по обеспечению безопасности при эксплуатации и ремонте комплексов промышленных реакторных установок»</ns2:name>
                <ns2:customer>
                    <mainInfo>
                        <fullName>Государственная корпорация по атомной энергии "Росатом"</fullName>
                        <shortName>Госкорпорация "Росатом"</shortName>
                        <iko>57706413348770601001</iko>
                        <inn>7706413348</inn>
                        <kpp>770601001</kpp>
                        <ogrn>1077799032926</ogrn>
                        <legalAddress>119017, г Москва, ул Ордынка Б., дом 24</legalAddress>
                        <postalAddress>Российская Федерация, 119017, Москва, ул. Б.Ордынка, д. 24..</postalAddress>
                        <phone>7-499-9494473</phone>
                        <email>onlysenko@rosatom.ru</email>
                        <okato>45286596000</okato>
                        <okpo>84695609</okpo>
                    </mainInfo>
                </ns2:customer>
                <ns2:purchaseMethodCode>3363</ns2:purchaseMethodCode>
                <ns2:purchaseCodeName>Закупка у единственного поставщика (исполнителя, подрядчика)</ns2:purchaseCodeName>
                <ns2:placer>
                    <mainInfo>
                        <fullName>Государственная корпорация по атомной энергии "Росатом"</fullName>
                        <shortName>Госкорпорация "Росатом"</shortName>
                        <iko>57706413348770601001</iko>
                        <inn>7706413348</inn>
                        <kpp>770601001</kpp>
                        <ogrn>1077799032926</ogrn>
                        <legalAddress>119017, г Москва, ул Ордынка Б., дом 24</legalAddress>
                        <postalAddress>Российская Федерация, 119017, Москва, ул. Б.Ордынка, д. 24..</postalAddress>
                        <phone>7-499-9494473</phone>
                        <email>onlysenko@rosatom.ru</email>
                        <okato>45286596000</okato>
                        <okpo>84695609</okpo>
                    </mainInfo>
                </ns2:placer>
                <ns2:contact>
                    <firstName>Руслан</firstName>
                    <middleName>Владимирович</middleName>
                    <lastName>Бородин</lastName>
                    <phone>+8 (499) 9494689</phone>
                    <fax>+8 (499) 9494689</fax>
                    <email>RVBorodin@rosatom.ru</email>
                    <organization>
                        <mainInfo>
                            <fullName>Государственная корпорация по атомной энергии "Росатом"</fullName>
                            <shortName>Госкорпорация "Росатом"</shortName>
                            <iko>57706413348770601001</iko>
                            <inn>7706413348</inn>
                            <kpp>770601001</kpp>
                            <ogrn>1077799032926</ogrn>
                            <legalAddress>119017, г Москва, ул Ордынка Б., дом 24</legalAddress>
                            <postalAddress>Российская Федерация, 119017, Москва, ул. Б.Ордынка, д. 24..</postalAddress>
                            <phone>7-499-9494473</phone>
                            <email>onlysenko@rosatom.ru</email>
                            <okato>45286596000</okato>
                            <okpo>84695609</okpo>
                        </mainInfo>
                    </organization>
                </ns2:contact>
                <ns2:publicationDateTime>2017-03-16T16:09:25</ns2:publicationDateTime>
                <ns2:documentationDelivery/>
                <ns2:status>P</ns2:status>
                <ns2:version>1</ns2:version>
                <ns2:notDishonest>false</ns2:notDishonest>
                <ns2:attachments>
                    <totalDocumentsCount>2</totalDocumentsCount>
                    <document>
                        <guid>f2f32b7a-a50b-1ed7-81fe-ea6a5483d668</guid>
                        <createDateTime>2017-03-13T14:14:09</createDateTime>
                        <fileName>Извещение.docx</fileName>
                        <description>Извещение</description>
                        <url>http://zakupki.gov.ru/223/purchase/public/download/download.html?id=30115559</url>
                    </document>
                    <document>
                        <guid>0addd403-d90a-1ee7-82c2-3a9d98a99c76</guid>
                        <createDateTime>2017-03-16T06:28:56</createDateTime>
                        <fileName>Публикуемый договор.doc</fileName>
                        <description>Публикуемый договор</description>
                        <url>http://zakupki.gov.ru/223/purchase/public/download/download.html?id=30115560</url>
                    </document>
                </ns2:attachments>
                <ns2:modificationDate>2017-03-16T16:09:25</ns2:modificationDate>
                <ns2:saveUserId>217757</ns2:saveUserId>
                <ns2:deliveryPlaceIndication>DIFFERENT_PLACE</ns2:deliveryPlaceIndication>
                <ns2:emergency>false</ns2:emergency>
                <ns2:jointPurchase>false</ns2:jointPurchase>
                <ns2:lots>
                    <lot>
                        <guid>58a6e483-5f25-0d30-e100-80000a7c1052</guid>
                        <ordinalNumber>1</ordinalNumber>
                        <lotEditEnabled>true</lotEditEnabled>
                        <lotData>
                            <subject>оказание услуг по теме
«Разработка документа по стандартизации по обеспечению безопасности при эксплуатации и ремонте комплексов промышленных реакторных установок»</subject>
                            <currency>
                                <code>RUB</code>
                                <digitalCode>643</digitalCode>
                                <name>Российский рубль</name>
                            </currency>
                            <initialSum>4000000.00</initialSum>
                            <deliveryPlace>
                                <address>119017, г. Москва, ул. Б. Ордынка, д. 24</address>
                            </deliveryPlace>
                            <lotItems>
                                <newCodes>true</newCodes>
                                <lotItem>
                                    <guid>58a6e4ca-5f25-0d30-e100-80000a7c1052</guid>
                                    <ordinalNumber>1</ordinalNumber>
                                    <okpd2>
                                        <code>74.90.2</code>
                                        <name>Услуги профессиональные, технические и коммерческие, прочие, не включенные в другие группировки</name>
                                    </okpd2>
                                    <okved2>
                                        <code>74.9</code>
                                        <name>Деятельность профессиональная, научная и техническая прочая, не включенная в другие группировки</name>
                                    </okved2>
                                </lotItem>
                            </lotItems>
                            <forSmallOrMiddle>false</forSmallOrMiddle>
                            <excludePurchaseFromPlan>false</excludePurchaseFromPlan>
                            <subcontractorsRequirement>false</subcontractorsRequirement>
                            <ignoredPurchase>false</ignoredPurchase>
                            <centralized>false</centralized>
                        </lotData>
                        <deliveryPlaceIndication>GL</deliveryPlaceIndication>
                        <jointLotData>
                            <jointLot>false</jointLot>
                        </jointLotData>
                        <lotPlanInfo>
                            <planRegistrationNumber>2160184759</planRegistrationNumber>
                            <planGuid>a22a2ab1-590a-1ed7-82c8-ae0e76d04fc9</planGuid>
                            <positionNumber>1063500001</positionNumber>
                            <lotPlanPosition>COMMODITY</lotPlanPosition>
                            <positionGuid>0addd011-6b0b-1ed7-81fc-ae563e8550ad</positionGuid>
                        </lotPlanInfo>
                        <cancelled>false</cancelled>
                    </lot>
                </ns2:lots>
            </ns2:purchaseNoticeEPData>
        </ns2:item>
    </ns2:body>
</ns2:purchaseNoticeEP>
