<?xml version="1.0" encoding="UTF-8" standalone="yes"?>
<ns2:purchaseNoticeEP xsi:schemaLocation="http://zakupki.gov.ru/223/integration/schema/TFF-5.2 http://zakupki.gov.ru/223/integration/schema/TFF-5.2/purchase.xsd" xmlns="http://zakupki.gov.ru/223fz/types/1" xmlns:ns10="http://zakupki.gov.ru/223fz/purchasePlan/1" xmlns:ns11="http://zakupki.gov.ru/223fz/purchasePlanProject/1" xmlns:ns12="http://zakupki.gov.ru/223fz/purchasePlanProjectAdditionalPosition/1" xmlns:ns13="http://zakupki.gov.ru/223fz/contract/1" xmlns:ns14="http://zakupki.gov.ru/223fz/missedNotice/1" xmlns:ns15="http://zakupki.gov.ru/223fz/reference/1" xmlns:ns16="http://zakupki.gov.ru/223fz/stopCommodity/1" xmlns:ns17="http://zakupki.gov.ru/223fz/decisionSuspension/1" xmlns:ns18="http://zakupki.gov.ru/223fz/purchasePlanAdditionalPosition/1" xmlns:ns19="http://zakupki.gov.ru/223fz/webRequest/1" xmlns:ns2="http://zakupki.gov.ru/223fz/purchase/1" xmlns:xsi="http://www.w3.org/2001/XMLSchema-instance" xmlns:ns3="http://zakupki.gov.ru/223fz/dishonestSupplier/1" xmlns:ns4="http://zakupki.gov.ru/223fz/machineryListInfo/1" xmlns:ns5="http://zakupki.gov.ru/223fz/revenue/1" xmlns:ns6="http://zakupki.gov.ru/223fz/orderClauseList/1" xmlns:ns7="http://zakupki.gov.ru/223fz/disagreementProtocol/1" xmlns:ns8="http://zakupki.gov.ru/223fz/complaint/1" xmlns:ns9="http://zakupki.gov.ru/223fz/notificationIssue/1">
    <header>
        <guid>22a688c2-9445-44dc-a19a-982a16262e0c</guid>
        <createDateTime>2017-03-16T14:33:22</createDateTime>
    </header>
    <ns2:body>
        <ns2:item>
            <guid>297b9dc0-0d9a-1ed7-8296-c9e2542150cd</guid>
            <ns2:purchaseNoticeEPData>
                <ns2:guid>297b9dc0-0d9a-1ed7-8296-c9e2542150cd</ns2:guid>
                <ns2:createDateTime>2017-03-16T13:54:04</ns2:createDateTime>
                <ns2:urlOOS>https://zakupki.gov.ru/223/purchase/private/purchase/notice-info/details.html?noticeInfoId=5885656</ns2:urlOOS>
                <ns2:urlVSRZ>www.rosneft.ru</ns2:urlVSRZ>
                <ns2:registrationNumber>31704898026</ns2:registrationNumber>
                <ns2:name>Оказание услуг по подготовке и проведению семинара на тему: "Петрофизическая основа сейсмической инверсии (Rock Physics CGG)" для представителей ООО "РН-Шельф-Арктика"</ns2:name>
                <ns2:customer>
                    <mainInfo>
                        <fullName>ОБЩЕСТВО С ОГРАНИЧЕННОЙ ОТВЕТСТВЕННОСТЬЮ "РН-ШЕЛЬФ-АРКТИКА"</fullName>
                        <shortName>ООО "РН-ШЕЛЬФ-АРКТИКА"</shortName>
                        <iko>77706584456770601001</iko>
                        <inn>7706584456</inn>
                        <kpp>773101001</kpp>
                        <ogrn>1057747399577</ogrn>
                        <legalAddress>121357, г МОСКВА, ул ВЕРЕЙСКАЯ, дом 17, офис (квартира) 402</legalAddress>
                        <postalAddress>115035, Российская Федерация, г.Москва, Софийская набережная, дом 26/1</postalAddress>
                        <phone>7-495-9813449</phone>
                        <fax>7-495-7839351</fax>
                        <email>e_podzorov@rn-exp.rosneft.ru</email>
                        <okato>45286596000</okato>
                        <okpo>77534309</okpo>
                    </mainInfo>
                </ns2:customer>
                <ns2:purchaseMethodCode>3363</ns2:purchaseMethodCode>
                <ns2:purchaseCodeName>Закупка у единственного поставщика (исполнителя, подрядчика)</ns2:purchaseCodeName>
                <ns2:placer>
                    <mainInfo>
                        <fullName>ОБЩЕСТВО С ОГРАНИЧЕННОЙ ОТВЕТСТВЕННОСТЬЮ "РН-ШЕЛЬФ-АРКТИКА"</fullName>
                        <shortName>ООО "РН-ШЕЛЬФ-АРКТИКА"</shortName>
                        <iko>77706584456770601001</iko>
                        <inn>7706584456</inn>
                        <kpp>773101001</kpp>
                        <ogrn>1057747399577</ogrn>
                        <legalAddress>121357, г МОСКВА, ул ВЕРЕЙСКАЯ, дом 17, офис (квартира) 402</legalAddress>
                        <postalAddress>115035, Российская Федерация, г.Москва, Софийская набережная, дом 26/1</postalAddress>
                        <phone>7-495-9813449</phone>
                        <fax>7-495-7839351</fax>
                        <email>e_podzorov@rn-exp.rosneft.ru</email>
                        <okato>45286596000</okato>
                        <okpo>77534309</okpo>
                    </mainInfo>
                </ns2:placer>
                <ns2:contact>
                    <firstName>Дмитрий Геннадиевич</firstName>
                    <lastName>Козлов</lastName>
                    <phone>8(495)981-34-49 доб. 4083</phone>
                    <email>d_kozlov@rn-exp.rosneft.ru</email>
                    <organization>
                        <mainInfo>
                            <fullName>ОБЩЕСТВО С ОГРАНИЧЕННОЙ ОТВЕТСТВЕННОСТЬЮ "РН-ШЕЛЬФ-АРКТИКА"</fullName>
                            <shortName>ООО "РН-ШЕЛЬФ-АРКТИКА"</shortName>
                            <iko>77706584456770601001</iko>
                            <inn>7706584456</inn>
                            <kpp>773101001</kpp>
                            <ogrn>1057747399577</ogrn>
                            <legalAddress>121357, г МОСКВА, ул ВЕРЕЙСКАЯ, дом 17, офис (квартира) 402</legalAddress>
                            <postalAddress>115035, Российская Федерация, г.Москва, Софийская набережная, дом 26/1</postalAddress>
                            <phone>7-495-9813449</phone>
                            <fax>7-495-7839351</fax>
                            <email>e_podzorov@rn-exp.rosneft.ru</email>
                            <okato>45286596000</okato>
                            <okpo>77534309</okpo>
                        </mainInfo>
                    </organization>
                </ns2:contact>
                <ns2:publicationDateTime>2017-03-16T14:33:22</ns2:publicationDateTime>
                <ns2:documentationDelivery>
                    <deliveryStartDateTime>2017-03-16</deliveryStartDateTime>
                    <deliveryEndDateTime>2017-03-16</deliveryEndDateTime>
                    <place>Не устанавливается</place>
                    <procedure>Не устанавливается</procedure>
                </ns2:documentationDelivery>
                <ns2:status>P</ns2:status>
                <ns2:version>1</ns2:version>
                <ns2:notDishonest>false</ns2:notDishonest>
                <ns2:attachments>
                    <totalDocumentsCount>2</totalDocumentsCount>
                    <document>
                        <guid>297b9dc0-0d9a-1ed7-82c6-c42cb1cc4a15</guid>
                        <createDateTime>2017-03-14T13:26:38</createDateTime>
                        <fileName>6. Извещение о закупке.docx</fileName>
                        <description>6. Извещение о закупке.docx</description>
                        <url>http://zakupki.gov.ru/223/purchase/public/download/download.html?id=30107781</url>
                    </document>
                    <document>
                        <guid>297b9dc0-0d9a-1ed7-82c6-c42f14278a1b</guid>
                        <createDateTime>2017-03-15T12:37:56</createDateTime>
                        <fileName>Проект договора.rar</fileName>
                        <description>Проект договора.rar</description>
                        <url>http://zakupki.gov.ru/223/purchase/public/download/download.html?id=30107782</url>
                    </document>
                </ns2:attachments>
                <ns2:modificationDate>2017-03-16T14:33:22</ns2:modificationDate>
                <ns2:saveUserId>159017</ns2:saveUserId>
                <ns2:deliveryPlaceIndication>DIFFERENT_PLACE</ns2:deliveryPlaceIndication>
                <ns2:emergency>false</ns2:emergency>
                <ns2:jointPurchase>false</ns2:jointPurchase>
                <ns2:lots>
                    <lot>
                        <guid>297b9dc0-0d9a-1ed7-8296-ca470ee0d29c</guid>
                        <ordinalNumber>1</ordinalNumber>
                        <lotEditEnabled>false</lotEditEnabled>
                        <lotData>
                            <subject>Оказание услуг по подготовке и проведению семинара на тему: "Петрофизическая основа сейсмической инверсии (Rock Physics CGG)" для представителей ООО "РН-Шельф-Арктика"</subject>
                            <currency>
                                <code>RUB</code>
                                <digitalCode>643</digitalCode>
                                <name>Российский рубль</name>
                            </currency>
                            <initialSum>287625.00</initialSum>
                            <deliveryPlace>
                                <address>Москва</address>
                            </deliveryPlace>
                            <lotItems>
                                <newCodes>true</newCodes>
                                <lotItem>
                                    <guid>297b9dc0-0d9a-1ee7-8296-cb71ca12c339</guid>
                                    <ordinalNumber>1</ordinalNumber>
                                    <okpd2>
                                        <code>85.42.19</code>
                                        <name>Услуги по дополнительному профессиональному образованию прочие</name>
                                    </okpd2>
                                    <okved2>
                                        <code>85.42</code>
                                        <name>Образование профессиональное дополнительное</name>
                                    </okved2>
                                    <okei>
                                        <code>796</code>
                                        <name>Штука</name>
                                    </okei>
                                    <qty>1</qty>
                                </lotItem>
                            </lotItems>
                            <forSmallOrMiddle>false</forSmallOrMiddle>
                            <excludePurchaseFromPlan>false</excludePurchaseFromPlan>
                            <subcontractorsRequirement>false</subcontractorsRequirement>
                            <ignoredPurchase>true</ignoredPurchase>
                            <purchaseCategory>
                                <code>22</code>
                                <name>Закупки услуг образовательных организаций (за исключением услуг образовательных организаций, созданных в организационно-правовой форме потребительских кооперативов)</name>
                            </purchaseCategory>
                            <centralized>false</centralized>
                        </lotData>
                        <deliveryPlaceIndication>GL</deliveryPlaceIndication>
                        <jointLotData>
                            <jointLot>false</jointLot>
                        </jointLotData>
                        <lotPlanInfo>
                            <planRegistrationNumber>2160190460</planRegistrationNumber>
                            <planGuid>297b9dc0-0d9a-1ee7-82ae-d7aa60865ace</planGuid>
                            <positionNumber>118</positionNumber>
                            <lotPlanPosition>COMMODITY</lotPlanPosition>
                            <positionGuid>297b9dc0-0d9a-1ee7-80cb-c85ae22a9f7b</positionGuid>
                        </lotPlanInfo>
                        <cancelled>false</cancelled>
                    </lot>
                </ns2:lots>
            </ns2:purchaseNoticeEPData>
        </ns2:item>
    </ns2:body>
</ns2:purchaseNoticeEP>
