<?xml version="1.0" encoding="UTF-8" standalone="yes"?>
<ns2:purchaseNoticeEP xsi:schemaLocation="http://zakupki.gov.ru/223/integration/schema/TFF-5.2 http://zakupki.gov.ru/223/integration/schema/TFF-5.2/purchase.xsd" xmlns="http://zakupki.gov.ru/223fz/types/1" xmlns:ns10="http://zakupki.gov.ru/223fz/purchasePlan/1" xmlns:ns11="http://zakupki.gov.ru/223fz/purchasePlanProject/1" xmlns:ns12="http://zakupki.gov.ru/223fz/purchasePlanProjectAdditionalPosition/1" xmlns:ns13="http://zakupki.gov.ru/223fz/contract/1" xmlns:ns14="http://zakupki.gov.ru/223fz/missedNotice/1" xmlns:ns15="http://zakupki.gov.ru/223fz/reference/1" xmlns:ns16="http://zakupki.gov.ru/223fz/stopCommodity/1" xmlns:ns17="http://zakupki.gov.ru/223fz/decisionSuspension/1" xmlns:ns18="http://zakupki.gov.ru/223fz/purchasePlanAdditionalPosition/1" xmlns:ns19="http://zakupki.gov.ru/223fz/webRequest/1" xmlns:ns2="http://zakupki.gov.ru/223fz/purchase/1" xmlns:xsi="http://www.w3.org/2001/XMLSchema-instance" xmlns:ns3="http://zakupki.gov.ru/223fz/dishonestSupplier/1" xmlns:ns4="http://zakupki.gov.ru/223fz/machineryListInfo/1" xmlns:ns5="http://zakupki.gov.ru/223fz/revenue/1" xmlns:ns6="http://zakupki.gov.ru/223fz/orderClauseList/1" xmlns:ns7="http://zakupki.gov.ru/223fz/disagreementProtocol/1" xmlns:ns8="http://zakupki.gov.ru/223fz/complaint/1" xmlns:ns9="http://zakupki.gov.ru/223fz/notificationIssue/1">
    <header>
        <guid>e4aa58c7-4237-4a06-89ea-f11ed63fe9c9</guid>
        <createDateTime>2017-03-16T16:20:12</createDateTime>
    </header>
    <ns2:body>
        <ns2:item>
            <guid>31c7e4d7-fcf2-11e6-9417-00505691af80</guid>
            <ns2:purchaseNoticeEPData>
                <ns2:guid>31c7e4d7-fcf2-11e6-9417-00505691af80</ns2:guid>
                <ns2:createDateTime>2017-03-16T16:18:17</ns2:createDateTime>
                <ns2:urlOOS>https://zakupki.gov.ru/223/purchase/private/purchase/notice-info/details.html?noticeInfoId=5887408</ns2:urlOOS>
                <ns2:urlVSRZ>zakupki.gov.ru</ns2:urlVSRZ>
                <ns2:registrationNumber>31704899103</ns2:registrationNumber>
                <ns2:name>Разработка архитектурно-градостроительной концепции</ns2:name>
                <ns2:customer>
                    <mainInfo>
                        <fullName>ФЕДЕРАЛЬНОЕ ГОСУДАРСТВЕННОЕ УНИТАРНОЕ ПРЕДПРИЯТИЕ "ТЕЛЕВИЗИОННЫЙ ТЕХНИЧЕСКИЙ ЦЕНТР "ОСТАНКИНО"</fullName>
                        <shortName>ФГУП "ТТЦ "ОСТАНКИНО"</shortName>
                        <iko>57717022723771701001</iko>
                        <inn>7717022723</inn>
                        <kpp>771701001</kpp>
                        <ogrn>1037739468392</ogrn>
                        <legalAddress>127427, г МОСКВА, ул КОРОЛЕВА АКАДЕМИКА, дом 12</legalAddress>
                        <postalAddress>127427, Москва, КОРОЛЕВА АКАДЕМИКА, дом 12</postalAddress>
                        <phone>7-495-6175038</phone>
                        <fax>7-495-6177163</fax>
                        <email>ttc@telecenter.ru</email>
                        <okato>45280572000</okato>
                        <okpo>02839362</okpo>
                    </mainInfo>
                </ns2:customer>
                <ns2:purchaseMethodCode>3363</ns2:purchaseMethodCode>
                <ns2:purchaseCodeName>Закупка у единственного поставщика (исполнителя, подрядчика)</ns2:purchaseCodeName>
                <ns2:placer>
                    <mainInfo>
                        <fullName>ФЕДЕРАЛЬНОЕ ГОСУДАРСТВЕННОЕ УНИТАРНОЕ ПРЕДПРИЯТИЕ "ТЕЛЕВИЗИОННЫЙ ТЕХНИЧЕСКИЙ ЦЕНТР "ОСТАНКИНО"</fullName>
                        <shortName>ФГУП "ТТЦ "ОСТАНКИНО"</shortName>
                        <iko>57717022723771701001</iko>
                        <inn>7717022723</inn>
                        <kpp>771701001</kpp>
                        <ogrn>1037739468392</ogrn>
                        <legalAddress>127427, г МОСКВА, ул КОРОЛЕВА АКАДЕМИКА, дом 12</legalAddress>
                        <postalAddress>127427, Москва, КОРОЛЕВА АКАДЕМИКА, дом 12</postalAddress>
                        <phone>7-495-6175038</phone>
                        <fax>7-495-6177163</fax>
                        <email>ttc@telecenter.ru</email>
                        <okato>45280572000</okato>
                        <okpo>02839362</okpo>
                    </mainInfo>
                </ns2:placer>
                <ns2:contact>
                    <firstName>Наталья</firstName>
                    <middleName>Валерьевна</middleName>
                    <lastName>Тиунова</lastName>
                    <phone>+8 (495) 6177189</phone>
                    <email>zakupki@telecenter.ru</email>
                    <organization>
                        <mainInfo>
                            <fullName>ФЕДЕРАЛЬНОЕ ГОСУДАРСТВЕННОЕ УНИТАРНОЕ ПРЕДПРИЯТИЕ "ТЕЛЕВИЗИОННЫЙ ТЕХНИЧЕСКИЙ ЦЕНТР "ОСТАНКИНО"</fullName>
                            <shortName>ФГУП "ТТЦ "ОСТАНКИНО"</shortName>
                            <iko>57717022723771701001</iko>
                            <inn>7717022723</inn>
                            <kpp>771701001</kpp>
                            <ogrn>1037739468392</ogrn>
                            <legalAddress>127427, г МОСКВА, ул КОРОЛЕВА АКАДЕМИКА, дом 12</legalAddress>
                            <postalAddress>127427, Москва, КОРОЛЕВА АКАДЕМИКА, дом 12</postalAddress>
                            <phone>7-495-6175038</phone>
                            <fax>7-495-6177163</fax>
                            <email>ttc@telecenter.ru</email>
                            <okato>45280572000</okato>
                            <okpo>02839362</okpo>
                        </mainInfo>
                    </organization>
                </ns2:contact>
                <ns2:publicationDateTime>2017-03-16T16:20:12</ns2:publicationDateTime>
                <ns2:documentationDelivery/>
                <ns2:status>P</ns2:status>
                <ns2:version>1</ns2:version>
                <ns2:notDishonest>false</ns2:notDishonest>
                <ns2:attachments>
                    <totalDocumentsCount>1</totalDocumentsCount>
                    <document>
                        <guid>f60b1acf-63f4-4ab3-baa3-03cf8b2865c1</guid>
                        <createDateTime>2017-03-16T16:18:17</createDateTime>
                        <fileName>АСБК_77_ЗакупочнаяДокументация.docx</fileName>
                        <description>АСБК_77_ЗакупочнаяДокументация.docx</description>
                        <url>http://zakupki.gov.ru/223/purchase/public/download/download.html?id=30116257</url>
                    </document>
                </ns2:attachments>
                <ns2:modificationDate>2017-03-16T16:20:12</ns2:modificationDate>
                <ns2:saveUserId>202356</ns2:saveUserId>
                <ns2:deliveryPlaceIndication>SINGLE_PLACE</ns2:deliveryPlaceIndication>
                <ns2:emergency>false</ns2:emergency>
                <ns2:jointPurchase>false</ns2:jointPurchase>
                <ns2:lots>
                    <lot>
                        <guid>7e8ba0d2-56ba-4c89-a68a-62239ba69201</guid>
                        <ordinalNumber>1</ordinalNumber>
                        <lotEditEnabled>true</lotEditEnabled>
                        <lotData>
                            <subject>Разработка архитектурно-градостроительной концепции</subject>
                            <currency>
                                <code>RUB</code>
                                <digitalCode>643</digitalCode>
                                <name>Российский рубль</name>
                            </currency>
                            <initialSum>381423.88</initialSum>
                            <deliveryPlace>
                                <address>г. Москва, ул. 1-я Останкинская, д. 1, стр. 1</address>
                            </deliveryPlace>
                            <lotItems>
                                <newCodes>true</newCodes>
                                <lotItem>
                                    <guid>fb3715a0-469c-43a9-8c61-d51c259e6e2d</guid>
                                    <ordinalNumber>1</ordinalNumber>
                                    <okpd2>
                                        <code>71.11.10.000</code>
                                        <name>Работы графические для архитектурных целей</name>
                                    </okpd2>
                                    <okved2>
                                        <code>71.11</code>
                                        <name>Деятельность в области архитектуры</name>
                                    </okved2>
                                    <okei>
                                        <code>642</code>
                                        <name>Единица</name>
                                    </okei>
                                    <qty>1</qty>
                                </lotItem>
                            </lotItems>
                            <forSmallOrMiddle>false</forSmallOrMiddle>
                            <excludePurchaseFromPlan>false</excludePurchaseFromPlan>
                            <subcontractorsRequirement>false</subcontractorsRequirement>
                            <ignoredPurchase>false</ignoredPurchase>
                            <centralized>false</centralized>
                        </lotData>
                        <deliveryPlaceIndication>GL</deliveryPlaceIndication>
                        <jointLotData>
                            <jointLot>false</jointLot>
                        </jointLotData>
                        <lotPlanInfo>
                            <planRegistrationNumber>2160215964</planRegistrationNumber>
                            <planGuid>24109b74-0a45-11e7-9417-00505691af80</planGuid>
                            <positionNumber>184</positionNumber>
                            <lotPlanPosition>COMMODITY</lotPlanPosition>
                            <positionGuid>168ed84f-20ee-4f7d-9e5b-638593fe5b2a</positionGuid>
                        </lotPlanInfo>
                        <cancelled>false</cancelled>
                    </lot>
                </ns2:lots>
            </ns2:purchaseNoticeEPData>
        </ns2:item>
    </ns2:body>
</ns2:purchaseNoticeEP>
