<?xml version="1.0" encoding="UTF-8" standalone="yes"?>
<ns2:purchaseNoticeEP xsi:schemaLocation="http://zakupki.gov.ru/223/integration/schema/TFF-5.2 http://zakupki.gov.ru/223/integration/schema/TFF-5.2/purchase.xsd" xmlns="http://zakupki.gov.ru/223fz/types/1" xmlns:ns10="http://zakupki.gov.ru/223fz/purchasePlan/1" xmlns:ns11="http://zakupki.gov.ru/223fz/purchasePlanProject/1" xmlns:ns12="http://zakupki.gov.ru/223fz/purchasePlanProjectAdditionalPosition/1" xmlns:ns13="http://zakupki.gov.ru/223fz/contract/1" xmlns:ns14="http://zakupki.gov.ru/223fz/missedNotice/1" xmlns:ns15="http://zakupki.gov.ru/223fz/reference/1" xmlns:ns16="http://zakupki.gov.ru/223fz/stopCommodity/1" xmlns:ns17="http://zakupki.gov.ru/223fz/decisionSuspension/1" xmlns:ns18="http://zakupki.gov.ru/223fz/purchasePlanAdditionalPosition/1" xmlns:ns19="http://zakupki.gov.ru/223fz/webRequest/1" xmlns:ns2="http://zakupki.gov.ru/223fz/purchase/1" xmlns:xsi="http://www.w3.org/2001/XMLSchema-instance" xmlns:ns3="http://zakupki.gov.ru/223fz/dishonestSupplier/1" xmlns:ns4="http://zakupki.gov.ru/223fz/machineryListInfo/1" xmlns:ns5="http://zakupki.gov.ru/223fz/revenue/1" xmlns:ns6="http://zakupki.gov.ru/223fz/orderClauseList/1" xmlns:ns7="http://zakupki.gov.ru/223fz/disagreementProtocol/1" xmlns:ns8="http://zakupki.gov.ru/223fz/complaint/1" xmlns:ns9="http://zakupki.gov.ru/223fz/notificationIssue/1">
    <header>
        <guid>8ca8163c-1b7c-45b3-a99b-2c6824c9a971</guid>
        <createDateTime>2017-03-16T18:37:21</createDateTime>
    </header>
    <ns2:body>
        <ns2:item>
            <guid>2042602b-141f-497e-b532-53ae57241cfb</guid>
            <ns2:purchaseNoticeEPData>
                <ns2:guid>2042602b-141f-497e-b532-53ae57241cfb</ns2:guid>
                <ns2:createDateTime>2017-03-16T18:30:31</ns2:createDateTime>
                <ns2:urlOOS>https://zakupki.gov.ru/223/purchase/private/purchase/notice-info/details.html?noticeInfoId=5888323</ns2:urlOOS>
                <ns2:registrationNumber>31704899964</ns2:registrationNumber>
                <ns2:name>Открытая закупка у единственного поставщика на право заключения агентского договора на оказание услуг по поиску и привлечению клиентов.</ns2:name>
                <ns2:customer>
                    <mainInfo>
                        <fullName>АКЦИОНЕРНОЕ ОБЩЕСТВО "РЕСТРИМ"</fullName>
                        <shortName>АО "РЕСТРИМ"</shortName>
                        <iko>57536133774770601001</iko>
                        <inn>7536133774</inn>
                        <kpp>770501001</kpp>
                        <ogrn>1137536001350</ogrn>
                        <legalAddress>115184, г МОСКВА, ул БАХРУШИНА, дом ДОМ 10, корпус СТРОЕНИЕ 2</legalAddress>
                        <postalAddress>115184, Москва Город, Бахрушина Улица, дом 10, строение 2</postalAddress>
                        <phone>7-495-9288867</phone>
                        <email>contacts@restream.pro</email>
                        <okato>45000000000</okato>
                        <okpo>53622517</okpo>
                    </mainInfo>
                </ns2:customer>
                <ns2:purchaseMethodCode>3363</ns2:purchaseMethodCode>
                <ns2:purchaseCodeName>Закупка у единственного поставщика (исполнителя, подрядчика)</ns2:purchaseCodeName>
                <ns2:placer>
                    <mainInfo>
                        <fullName>АКЦИОНЕРНОЕ ОБЩЕСТВО "РЕСТРИМ"</fullName>
                        <shortName>АО "РЕСТРИМ"</shortName>
                        <iko>57536133774770601001</iko>
                        <inn>7536133774</inn>
                        <kpp>770501001</kpp>
                        <ogrn>1137536001350</ogrn>
                        <legalAddress>115184, г МОСКВА, ул БАХРУШИНА, дом ДОМ 10, корпус СТРОЕНИЕ 2</legalAddress>
                        <postalAddress>115184, Москва Город, Бахрушина Улица, дом 10, строение 2</postalAddress>
                        <phone>7-495-9288867</phone>
                        <email>contacts@restream.pro</email>
                        <okato>45000000000</okato>
                        <okpo>53622517</okpo>
                    </mainInfo>
                </ns2:placer>
                <ns2:contact>
                    <firstName>Виктория</firstName>
                    <middleName>Юрьевна</middleName>
                    <lastName>Суденко</lastName>
                    <phone>+7 (916) 2053263</phone>
                    <email>sudenko@restream.rt.ru</email>
                    <organization>
                        <mainInfo>
                            <fullName>АКЦИОНЕРНОЕ ОБЩЕСТВО "РЕСТРИМ"</fullName>
                            <shortName>АО "РЕСТРИМ"</shortName>
                            <iko>57536133774770601001</iko>
                            <inn>7536133774</inn>
                            <kpp>770501001</kpp>
                            <ogrn>1137536001350</ogrn>
                            <legalAddress>115184, г МОСКВА, ул БАХРУШИНА, дом ДОМ 10, корпус СТРОЕНИЕ 2</legalAddress>
                            <postalAddress>115184, Москва Город, Бахрушина Улица, дом 10, строение 2</postalAddress>
                            <phone>7-495-9288867</phone>
                            <email>contacts@restream.pro</email>
                            <okato>45000000000</okato>
                            <okpo>53622517</okpo>
                        </mainInfo>
                    </organization>
                </ns2:contact>
                <ns2:publicationDateTime>2017-03-16T18:37:21</ns2:publicationDateTime>
                <ns2:documentationDelivery/>
                <ns2:status>P</ns2:status>
                <ns2:version>1</ns2:version>
                <ns2:notDishonest>true</ns2:notDishonest>
                <ns2:attachments>
                    <totalDocumentsCount>2</totalDocumentsCount>
                    <document>
                        <guid>4d721c3c-4615-4aec-93d6-434366d396a9</guid>
                        <createDateTime>2017-03-16T18:36:23</createDateTime>
                        <fileName>Проект Договора.pdf</fileName>
                        <description>Проект Договора</description>
                        <url>http://zakupki.gov.ru/223/purchase/public/download/download.html?id=30120841</url>
                    </document>
                    <document>
                        <guid>2af72566-cafd-45bf-8432-1f3b934fcb89</guid>
                        <createDateTime>2017-03-16T18:36:58</createDateTime>
                        <fileName>ИЗВЕЩЕНИЕ И ДОКУМЕНТАЦИЯ ОБ ОТКРЫТОЙ ЗАКУПКЕ У ЕДИНСТВЕННОГО ПОСТАВЩИКА.pdf</fileName>
                        <description>ИЗВЕЩЕНИЕ И ДОКУМЕНТАЦИЯ ОБ ОТКРЫТОЙ ЗАКУПКЕ У ЕДИНСТВЕННОГО ПОСТАВЩИКА</description>
                        <url>http://zakupki.gov.ru/223/purchase/public/download/download.html?id=30120844</url>
                    </document>
                </ns2:attachments>
                <ns2:modificationDate>2017-03-16T18:37:21</ns2:modificationDate>
                <ns2:saveUserId>201593</ns2:saveUserId>
                <ns2:deliveryPlaceIndication>DIFFERENT_PLACE</ns2:deliveryPlaceIndication>
                <ns2:emergency>false</ns2:emergency>
                <ns2:jointPurchase>false</ns2:jointPurchase>
                <ns2:lots>
                    <lot>
                        <guid>3569d862-3e9a-440b-9aa1-e7bb4ff58ed2</guid>
                        <ordinalNumber>1</ordinalNumber>
                        <lotEditEnabled>false</lotEditEnabled>
                        <lotData>
                            <subject>Агентский договор на оказание услуг по поиску и привлечению клиентов</subject>
                            <currency>
                                <code>RUB</code>
                                <digitalCode>643</digitalCode>
                                <name>Российский рубль</name>
                            </currency>
                            <initialSum>1000000.00</initialSum>
                            <deliveryPlace>
                                <state>Центральный федеральный округ</state>
                                <region>Москва</region>
                                <regionOkato>45000000000</regionOkato>
                                <address>115184, г. Москва, ул. Бахрушина, дом 10, строение 2.</address>
                            </deliveryPlace>
                            <lotItems>
                                <newCodes>true</newCodes>
                                <lotItem>
                                    <guid>d58a9ca7-e5ff-4337-b5a9-8619ce3fcbfd</guid>
                                    <ordinalNumber>1</ordinalNumber>
                                    <okpd2>
                                        <code>82.99.19.000</code>
                                        <name>Услуги вспомогательные, связанные с предпринимательской деятельностью, прочие, не включенные в другие группировки</name>
                                    </okpd2>
                                    <okved2>
                                        <code>82.99</code>
                                        <name>Деятельность по предоставлению прочих вспомогательных услуг для бизнеса, не включенная в другие группировки</name>
                                    </okved2>
                                    <okei>
                                        <code>876</code>
                                        <name>Условная единица</name>
                                    </okei>
                                    <qty>1</qty>
                                </lotItem>
                            </lotItems>
                            <forSmallOrMiddle>false</forSmallOrMiddle>
                            <excludePurchaseFromPlan>false</excludePurchaseFromPlan>
                            <subcontractorsRequirement>false</subcontractorsRequirement>
                            <ignoredPurchase>false</ignoredPurchase>
                            <centralized>false</centralized>
                        </lotData>
                        <deliveryPlaceIndication>GL</deliveryPlaceIndication>
                        <jointLotData>
                            <jointLot>false</jointLot>
                        </jointLotData>
                        <lotPlanInfo>
                            <planRegistrationNumber>2160210455</planRegistrationNumber>
                            <planGuid>33df1749-f74d-4fda-83a5-21300f9f2a85</planGuid>
                            <positionNumber>40</positionNumber>
                            <lotPlanPosition>COMMODITY</lotPlanPosition>
                            <positionGuid>6e710b3c-cbc3-4151-abcf-77d62388b2bd</positionGuid>
                        </lotPlanInfo>
                        <cancelled>false</cancelled>
                    </lot>
                </ns2:lots>
            </ns2:purchaseNoticeEPData>
        </ns2:item>
    </ns2:body>
</ns2:purchaseNoticeEP>
