<?xml version="1.0" encoding="UTF-8" standalone="yes"?>
<ns2:purchaseNoticeEP xsi:schemaLocation="http://zakupki.gov.ru/223/integration/schema/TFF-5.2 http://zakupki.gov.ru/223/integration/schema/TFF-5.2/purchase.xsd" xmlns="http://zakupki.gov.ru/223fz/types/1" xmlns:ns10="http://zakupki.gov.ru/223fz/purchasePlan/1" xmlns:ns11="http://zakupki.gov.ru/223fz/purchasePlanProject/1" xmlns:ns12="http://zakupki.gov.ru/223fz/purchasePlanProjectAdditionalPosition/1" xmlns:ns13="http://zakupki.gov.ru/223fz/contract/1" xmlns:ns14="http://zakupki.gov.ru/223fz/missedNotice/1" xmlns:ns15="http://zakupki.gov.ru/223fz/reference/1" xmlns:ns16="http://zakupki.gov.ru/223fz/stopCommodity/1" xmlns:ns17="http://zakupki.gov.ru/223fz/decisionSuspension/1" xmlns:ns18="http://zakupki.gov.ru/223fz/purchasePlanAdditionalPosition/1" xmlns:ns19="http://zakupki.gov.ru/223fz/webRequest/1" xmlns:ns2="http://zakupki.gov.ru/223fz/purchase/1" xmlns:xsi="http://www.w3.org/2001/XMLSchema-instance" xmlns:ns3="http://zakupki.gov.ru/223fz/dishonestSupplier/1" xmlns:ns4="http://zakupki.gov.ru/223fz/machineryListInfo/1" xmlns:ns5="http://zakupki.gov.ru/223fz/revenue/1" xmlns:ns6="http://zakupki.gov.ru/223fz/orderClauseList/1" xmlns:ns7="http://zakupki.gov.ru/223fz/disagreementProtocol/1" xmlns:ns8="http://zakupki.gov.ru/223fz/complaint/1" xmlns:ns9="http://zakupki.gov.ru/223fz/notificationIssue/1">
    <header>
        <guid>66c7ef1d-b215-45ac-84e8-21024993d8c1</guid>
        <createDateTime>2017-03-16T18:56:41</createDateTime>
    </header>
    <ns2:body>
        <ns2:item>
            <guid>16ea914a-5804-4bb9-bfcd-4fcce6255d70</guid>
            <ns2:purchaseNoticeEPData>
                <ns2:guid>16ea914a-5804-4bb9-bfcd-4fcce6255d70</ns2:guid>
                <ns2:createDateTime>2017-03-16T18:50:41</ns2:createDateTime>
                <ns2:urlOOS>https://zakupki.gov.ru/223/purchase/private/purchase/notice-info/details.html?noticeInfoId=5888372</ns2:urlOOS>
                <ns2:registrationNumber>31704899998</ns2:registrationNumber>
                <ns2:name>Услуги по организации перевозки грузов </ns2:name>
                <ns2:customer>
                    <mainInfo>
                        <fullName>ФЕДЕРАЛЬНОЕ ГОСУДАРСТВЕННОЕ БЮДЖЕТНОЕ УЧРЕЖДЕНИЕ КУЛЬТУРЫ "ГОСУДАРСТВЕННЫЙ АКАДЕМИЧЕСКИЙ БОЛЬШОЙ СИМФОНИЧЕСКИЙ ОРКЕСТР ИМ. П.И. ЧАЙКОВСКОГО"</fullName>
                        <shortName>БСО ИМ. П.И. ЧАЙКОВСКОГО</shortName>
                        <iko>87703053231770301001</iko>
                        <inn>7703053231</inn>
                        <kpp>770301001</kpp>
                        <ogrn>1037739033530</ogrn>
                        <legalAddress>121069, Г МОСКВА, УЛ НИКИТСКАЯ М., дом 24</legalAddress>
                        <postalAddress>121069, Москва Город, Никитская М. Улица, дом 24</postalAddress>
                        <email>tsom@fedoseyev.com</email>
                        <okato>45286575000</okato>
                        <okpo>43259949</okpo>
                    </mainInfo>
                </ns2:customer>
                <ns2:purchaseMethodCode>3363</ns2:purchaseMethodCode>
                <ns2:purchaseCodeName>Закупка у единственного поставщика (исполнителя, подрядчика)</ns2:purchaseCodeName>
                <ns2:placer>
                    <mainInfo>
                        <fullName>ФЕДЕРАЛЬНОЕ ГОСУДАРСТВЕННОЕ БЮДЖЕТНОЕ УЧРЕЖДЕНИЕ КУЛЬТУРЫ "ГОСУДАРСТВЕННЫЙ АКАДЕМИЧЕСКИЙ БОЛЬШОЙ СИМФОНИЧЕСКИЙ ОРКЕСТР ИМ. П.И. ЧАЙКОВСКОГО"</fullName>
                        <shortName>БСО ИМ. П.И. ЧАЙКОВСКОГО</shortName>
                        <iko>87703053231770301001</iko>
                        <inn>7703053231</inn>
                        <kpp>770301001</kpp>
                        <ogrn>1037739033530</ogrn>
                        <legalAddress>121069, Г МОСКВА, УЛ НИКИТСКАЯ М., дом 24</legalAddress>
                        <postalAddress>121069, Москва Город, Никитская М. Улица, дом 24</postalAddress>
                        <email>tsom@fedoseyev.com</email>
                        <okato>45286575000</okato>
                        <okpo>43259949</okpo>
                    </mainInfo>
                </ns2:placer>
                <ns2:contact>
                    <firstName>Наталья</firstName>
                    <middleName> Павловна</middleName>
                    <lastName>Максимова </lastName>
                    <phone>+7 (495) 6906244</phone>
                    <fax>+7 (495) 6917870</fax>
                    <email>folingleb@gmail.com</email>
                    <organization>
                        <mainInfo>
                            <fullName>ФЕДЕРАЛЬНОЕ ГОСУДАРСТВЕННОЕ БЮДЖЕТНОЕ УЧРЕЖДЕНИЕ КУЛЬТУРЫ "ГОСУДАРСТВЕННЫЙ АКАДЕМИЧЕСКИЙ БОЛЬШОЙ СИМФОНИЧЕСКИЙ ОРКЕСТР ИМ. П.И. ЧАЙКОВСКОГО"</fullName>
                            <shortName>БСО ИМ. П.И. ЧАЙКОВСКОГО</shortName>
                            <iko>87703053231770301001</iko>
                            <inn>7703053231</inn>
                            <kpp>770301001</kpp>
                            <ogrn>1037739033530</ogrn>
                            <legalAddress>121069, Г МОСКВА, УЛ НИКИТСКАЯ М., дом 24</legalAddress>
                            <postalAddress>121069, Москва Город, Никитская М. Улица, дом 24</postalAddress>
                            <email>tsom@fedoseyev.com</email>
                            <okato>45286575000</okato>
                            <okpo>43259949</okpo>
                        </mainInfo>
                    </organization>
                </ns2:contact>
                <ns2:publicationDateTime>2017-03-16T18:56:41</ns2:publicationDateTime>
                <ns2:documentationDelivery>
                    <deliveryStartDateTime>2017-03-16</deliveryStartDateTime>
                    <deliveryEndDateTime>2017-03-16</deliveryEndDateTime>
                    <place>121069 Москва Малая Никитская дом. 24</place>
                    <procedure>в соответствии с документацией о проведении закупки</procedure>
                </ns2:documentationDelivery>
                <ns2:status>P</ns2:status>
                <ns2:version>1</ns2:version>
                <ns2:notDishonest>false</ns2:notDishonest>
                <ns2:attachments>
                    <totalDocumentsCount>3</totalDocumentsCount>
                    <document>
                        <guid>6f5be195-b257-43e8-956c-32c7abaea3bb</guid>
                        <createDateTime>2017-03-16T18:54:41</createDateTime>
                        <fileName>Извещение -2017 год.doc</fileName>
                        <description>Извещение -2017 год</description>
                        <url>http://zakupki.gov.ru/223/purchase/public/download/download.html?id=30121013</url>
                    </document>
                    <document>
                        <guid>826c40e8-83f8-4303-958c-951c0f4a3ced</guid>
                        <createDateTime>2017-03-16T18:54:57</createDateTime>
                        <fileName>Проект договор БСО перевозка грузов 2017 год -.docx</fileName>
                        <description>Проект договор БСО перевозка грузов 2017 год -</description>
                        <url>http://zakupki.gov.ru/223/purchase/public/download/download.html?id=30121019</url>
                    </document>
                    <document>
                        <guid>bc862cb2-2f17-4c79-b894-6bf5545f65db</guid>
                        <createDateTime>2017-03-16T18:55:06</createDateTime>
                        <fileName>Документация - 2017 год.docx</fileName>
                        <description>Документация - 2017 год</description>
                        <url>http://zakupki.gov.ru/223/purchase/public/download/download.html?id=30121020</url>
                    </document>
                </ns2:attachments>
                <ns2:modificationDate>2017-03-16T18:56:41</ns2:modificationDate>
                <ns2:saveUserId>103700</ns2:saveUserId>
                <ns2:deliveryPlaceIndication>SINGLE_PLACE</ns2:deliveryPlaceIndication>
                <ns2:emergency>false</ns2:emergency>
                <ns2:jointPurchase>false</ns2:jointPurchase>
                <ns2:lots>
                    <lot>
                        <guid>e6b551f5-f1fd-476a-bb3a-ade56697f2b4</guid>
                        <ordinalNumber>1</ordinalNumber>
                        <lotEditEnabled>false</lotEditEnabled>
                        <lotData>
                            <subject>Услуги по организации перевозки грузов </subject>
                            <currency>
                                <code>RUB</code>
                                <digitalCode>643</digitalCode>
                                <name>Российский рубль</name>
                            </currency>
                            <initialSum>375640.00</initialSum>
                            <deliveryPlace>
                                <state>Центральный федеральный округ</state>
                                <region>Москва</region>
                                <regionOkato>45000000000</regionOkato>
                                <address>Москва ,Московская область</address>
                            </deliveryPlace>
                            <lotItems>
                                <newCodes>true</newCodes>
                                <lotItem>
                                    <guid>5661ce10-c7ef-47f6-8132-e0cf87d23190</guid>
                                    <ordinalNumber>1</ordinalNumber>
                                    <okpd2>
                                        <code>49.41.1</code>
                                        <name>Услуги по грузовым перевозкам автомобильным транспортом</name>
                                    </okpd2>
                                    <okved2>
                                        <code>49.20.9</code>
                                        <name>Перевозка прочих грузов</name>
                                    </okved2>
                                    <okei>
                                        <code>642</code>
                                        <name>Единица</name>
                                    </okei>
                                    <qty>1</qty>
                                </lotItem>
                            </lotItems>
                            <forSmallOrMiddle>false</forSmallOrMiddle>
                            <excludePurchaseFromPlan>false</excludePurchaseFromPlan>
                            <subcontractorsRequirement>false</subcontractorsRequirement>
                            <ignoredPurchase>false</ignoredPurchase>
                            <centralized>false</centralized>
                        </lotData>
                        <deliveryPlaceIndication>GL</deliveryPlaceIndication>
                        <jointLotData>
                            <jointLot>false</jointLot>
                        </jointLotData>
                        <lotPlanInfo>
                            <planRegistrationNumber>2170229482</planRegistrationNumber>
                            <planGuid>9a5bf1e3-292d-4388-8871-fc21c71474d0</planGuid>
                            <positionNumber>6</positionNumber>
                            <lotPlanPosition>COMMODITY</lotPlanPosition>
                            <positionGuid>9e180ba2-0cb0-40a5-b942-bd3fd718254a</positionGuid>
                        </lotPlanInfo>
                        <cancelled>false</cancelled>
                    </lot>
                </ns2:lots>
            </ns2:purchaseNoticeEPData>
        </ns2:item>
    </ns2:body>
</ns2:purchaseNoticeEP>
