<?xml version="1.0" encoding="UTF-8" standalone="yes"?>
<ns2:purchaseNoticeEP xsi:schemaLocation="http://zakupki.gov.ru/223/integration/schema/TFF-5.2 http://zakupki.gov.ru/223/integration/schema/TFF-5.2/purchase.xsd" xmlns="http://zakupki.gov.ru/223fz/types/1" xmlns:ns10="http://zakupki.gov.ru/223fz/purchasePlan/1" xmlns:ns11="http://zakupki.gov.ru/223fz/purchasePlanProject/1" xmlns:ns12="http://zakupki.gov.ru/223fz/purchasePlanProjectAdditionalPosition/1" xmlns:ns13="http://zakupki.gov.ru/223fz/contract/1" xmlns:ns14="http://zakupki.gov.ru/223fz/missedNotice/1" xmlns:ns15="http://zakupki.gov.ru/223fz/reference/1" xmlns:ns16="http://zakupki.gov.ru/223fz/stopCommodity/1" xmlns:ns17="http://zakupki.gov.ru/223fz/decisionSuspension/1" xmlns:ns18="http://zakupki.gov.ru/223fz/purchasePlanAdditionalPosition/1" xmlns:ns19="http://zakupki.gov.ru/223fz/webRequest/1" xmlns:ns2="http://zakupki.gov.ru/223fz/purchase/1" xmlns:xsi="http://www.w3.org/2001/XMLSchema-instance" xmlns:ns3="http://zakupki.gov.ru/223fz/dishonestSupplier/1" xmlns:ns4="http://zakupki.gov.ru/223fz/machineryListInfo/1" xmlns:ns5="http://zakupki.gov.ru/223fz/revenue/1" xmlns:ns6="http://zakupki.gov.ru/223fz/orderClauseList/1" xmlns:ns7="http://zakupki.gov.ru/223fz/disagreementProtocol/1" xmlns:ns8="http://zakupki.gov.ru/223fz/complaint/1" xmlns:ns9="http://zakupki.gov.ru/223fz/notificationIssue/1">
    <header>
        <guid>b28ddd7b-8051-4759-b40c-8a58313817ce</guid>
        <createDateTime>2017-03-16T09:28:06</createDateTime>
    </header>
    <ns2:body>
        <ns2:item>
            <guid>fe42c09f-1ab0-464f-a4b3-daac0852d22c</guid>
            <ns2:purchaseNoticeEPData>
                <ns2:guid>fe42c09f-1ab0-464f-a4b3-daac0852d22c</ns2:guid>
                <ns2:createDateTime>2017-03-15T18:01:15</ns2:createDateTime>
                <ns2:urlOOS>https://zakupki.gov.ru/223/purchase/private/purchase/notice-info/details.html?noticeInfoId=5881131</ns2:urlOOS>
                <ns2:registrationNumber>31704895398</ns2:registrationNumber>
                <ns2:name>Оказание  юридических услуг</ns2:name>
                <ns2:customer>
                    <mainInfo>
                        <fullName>АКЦИОНЕРНОЕ ОБЩЕСТВО "ЦЕНТРАЛЬНЫЙ НАУЧНО-ИССЛЕДОВАТЕЛЬСКИЙ ИНСТИТУТ "КУРС"</fullName>
                        <shortName>АО "ЦНИИ "КУРС"</shortName>
                        <iko>67719584213771901001</iko>
                        <inn>7719584213</inn>
                        <kpp>771901001</kpp>
                        <ogrn>1067746378798</ogrn>
                        <legalAddress>105187, г МОСКВА, ул КИРПИЧНАЯ, дом 34А</legalAddress>
                        <postalAddress>105187, Москва, Кирпичная, дом 34А</postalAddress>
                        <phone>7-495-3650936</phone>
                        <fax>7-495-3654314</fax>
                        <email>zvv@kyrs.ru</email>
                        <okato>45263588000</okato>
                        <okpo>8620202</okpo>
                    </mainInfo>
                </ns2:customer>
                <ns2:purchaseMethodCode>3363</ns2:purchaseMethodCode>
                <ns2:purchaseCodeName>Закупка у единственного поставщика (исполнителя, подрядчика)</ns2:purchaseCodeName>
                <ns2:placer>
                    <mainInfo>
                        <fullName>АКЦИОНЕРНОЕ ОБЩЕСТВО "ЦЕНТРАЛЬНЫЙ НАУЧНО-ИССЛЕДОВАТЕЛЬСКИЙ ИНСТИТУТ "КУРС"</fullName>
                        <shortName>АО "ЦНИИ "КУРС"</shortName>
                        <iko>67719584213771901001</iko>
                        <inn>7719584213</inn>
                        <kpp>771901001</kpp>
                        <ogrn>1067746378798</ogrn>
                        <legalAddress>105187, г МОСКВА, ул КИРПИЧНАЯ, дом 34А</legalAddress>
                        <postalAddress>105187, Москва, Кирпичная, дом 34А</postalAddress>
                        <phone>7-495-3650936</phone>
                        <fax>7-495-3654314</fax>
                        <email>zvv@kyrs.ru</email>
                        <okato>45263588000</okato>
                        <okpo>8620202</okpo>
                    </mainInfo>
                </ns2:placer>
                <ns2:contact>
                    <firstName>Дмитрий</firstName>
                    <middleName>Викторович</middleName>
                    <lastName>Вавилов</lastName>
                    <phone>+7 (495) 3651036</phone>
                    <fax>+7 (495) 3654314</fax>
                    <email>zakupki@kyrs.ru</email>
                    <organization>
                        <mainInfo>
                            <fullName>АКЦИОНЕРНОЕ ОБЩЕСТВО "ЦЕНТРАЛЬНЫЙ НАУЧНО-ИССЛЕДОВАТЕЛЬСКИЙ ИНСТИТУТ "КУРС"</fullName>
                            <shortName>АО "ЦНИИ "КУРС"</shortName>
                            <iko>67719584213771901001</iko>
                            <inn>7719584213</inn>
                            <kpp>771901001</kpp>
                            <ogrn>1067746378798</ogrn>
                            <legalAddress>105187, г МОСКВА, ул КИРПИЧНАЯ, дом 34А</legalAddress>
                            <postalAddress>105187, Москва, Кирпичная, дом 34А</postalAddress>
                            <phone>7-495-3650936</phone>
                            <fax>7-495-3654314</fax>
                            <email>zvv@kyrs.ru</email>
                            <okato>45263588000</okato>
                            <okpo>8620202</okpo>
                        </mainInfo>
                    </organization>
                </ns2:contact>
                <ns2:publicationDateTime>2017-03-16T09:28:06</ns2:publicationDateTime>
                <ns2:documentationDelivery>
                    <place>105187, Москва, ул. Кирпичная, 34А</place>
                    <procedure>Документация об открытом понижающем аукционе в электронной форме доступна для ознакомления без взимания платы на Официальном сайте Единой информационной системы в сфере закупок в информационно-телекоммуникационной сети «Интернет» для размещения информации о закупках отдельными видами юридических лиц (далее по тексту также – официальный сайт) – www.zakupki.gov.ru</procedure>
                </ns2:documentationDelivery>
                <ns2:status>P</ns2:status>
                <ns2:version>1</ns2:version>
                <ns2:notDishonest>true</ns2:notDishonest>
                <ns2:attachments>
                    <totalDocumentsCount>1</totalDocumentsCount>
                    <document>
                        <guid>1c555b56-58cf-4c42-8a75-e709f9f6c38c</guid>
                        <createDateTime>2017-03-16T09:27:42</createDateTime>
                        <fileName>документация.docx</fileName>
                        <description>документация</description>
                        <url>http://zakupki.gov.ru/223/purchase/public/download/download.html?id=30093437</url>
                    </document>
                </ns2:attachments>
                <ns2:modificationDate>2017-03-16T09:28:06</ns2:modificationDate>
                <ns2:saveUserId>25334</ns2:saveUserId>
                <ns2:deliveryPlaceIndication>SINGLE_PLACE</ns2:deliveryPlaceIndication>
                <ns2:emergency>false</ns2:emergency>
                <ns2:jointPurchase>false</ns2:jointPurchase>
                <ns2:lots>
                    <lot>
                        <guid>1cc3e58f-ae15-4fbc-b1dc-7a36ccdad4a1</guid>
                        <ordinalNumber>1</ordinalNumber>
                        <lotEditEnabled>false</lotEditEnabled>
                        <lotData>
                            <subject>Оказание  юридических услуг</subject>
                            <currency>
                                <code>RUB</code>
                                <digitalCode>643</digitalCode>
                                <name>Российский рубль</name>
                            </currency>
                            <initialSum>550000.00</initialSum>
                            <deliveryPlace>
                                <state>Центральный федеральный округ</state>
                                <region>Москва</region>
                                <regionOkato>45000000000</regionOkato>
                                <address>105187, Москва, ул. Кирпичная, 34А</address>
                            </deliveryPlace>
                            <lotItems>
                                <newCodes>true</newCodes>
                                <lotItem>
                                    <guid>850cd7d3-150e-41d8-9ec3-105cf16be438</guid>
                                    <ordinalNumber>1</ordinalNumber>
                                    <okpd2>
                                        <code>69</code>
                                        <name>Услуги юридические и бухгалтерские</name>
                                    </okpd2>
                                    <okved2>
                                        <code>69.1</code>
                                        <name>Деятельность в области права</name>
                                    </okved2>
                                    <okei>
                                        <code>876</code>
                                        <name>Условная единица</name>
                                    </okei>
                                    <qty>1</qty>
                                </lotItem>
                            </lotItems>
                            <forSmallOrMiddle>false</forSmallOrMiddle>
                            <excludePurchaseFromPlan>false</excludePurchaseFromPlan>
                            <subcontractorsRequirement>false</subcontractorsRequirement>
                            <ignoredPurchase>false</ignoredPurchase>
                            <centralized>false</centralized>
                        </lotData>
                        <deliveryPlaceIndication>GL</deliveryPlaceIndication>
                        <jointLotData>
                            <jointLot>false</jointLot>
                        </jointLotData>
                        <lotPlanInfo>
                            <planRegistrationNumber>2160200585</planRegistrationNumber>
                            <planGuid>921e78a0-601d-4a01-b4c6-22477a051f49</planGuid>
                            <positionNumber>114</positionNumber>
                            <lotPlanPosition>COMMODITY</lotPlanPosition>
                            <positionGuid>50b633aa-c683-41c9-b393-e5ee9f4dd1a6</positionGuid>
                        </lotPlanInfo>
                        <cancelled>false</cancelled>
                    </lot>
                </ns2:lots>
            </ns2:purchaseNoticeEPData>
        </ns2:item>
    </ns2:body>
</ns2:purchaseNoticeEP>
