<?xml version="1.0" encoding="UTF-8" standalone="yes"?>
<ns2:purchaseNoticeEP xsi:schemaLocation="http://zakupki.gov.ru/223/integration/schema/TFF-5.2 http://zakupki.gov.ru/223/integration/schema/TFF-5.2/purchase.xsd" xmlns="http://zakupki.gov.ru/223fz/types/1" xmlns:ns10="http://zakupki.gov.ru/223fz/purchasePlan/1" xmlns:ns11="http://zakupki.gov.ru/223fz/purchasePlanProject/1" xmlns:ns12="http://zakupki.gov.ru/223fz/purchasePlanProjectAdditionalPosition/1" xmlns:ns13="http://zakupki.gov.ru/223fz/contract/1" xmlns:ns14="http://zakupki.gov.ru/223fz/missedNotice/1" xmlns:ns15="http://zakupki.gov.ru/223fz/reference/1" xmlns:ns16="http://zakupki.gov.ru/223fz/stopCommodity/1" xmlns:ns17="http://zakupki.gov.ru/223fz/decisionSuspension/1" xmlns:ns18="http://zakupki.gov.ru/223fz/purchasePlanAdditionalPosition/1" xmlns:ns19="http://zakupki.gov.ru/223fz/webRequest/1" xmlns:ns2="http://zakupki.gov.ru/223fz/purchase/1" xmlns:xsi="http://www.w3.org/2001/XMLSchema-instance" xmlns:ns3="http://zakupki.gov.ru/223fz/dishonestSupplier/1" xmlns:ns4="http://zakupki.gov.ru/223fz/machineryListInfo/1" xmlns:ns5="http://zakupki.gov.ru/223fz/revenue/1" xmlns:ns6="http://zakupki.gov.ru/223fz/orderClauseList/1" xmlns:ns7="http://zakupki.gov.ru/223fz/disagreementProtocol/1" xmlns:ns8="http://zakupki.gov.ru/223fz/complaint/1" xmlns:ns9="http://zakupki.gov.ru/223fz/notificationIssue/1">
    <header>
        <guid>77ae92e1-8a76-422e-bce0-0d2784fc8867</guid>
        <createDateTime>2017-03-16T16:33:21</createDateTime>
    </header>
    <ns2:body>
        <ns2:item>
            <guid>df3547ce-2fa0-4dda-8e81-049aa2b53755</guid>
            <ns2:purchaseNoticeEPData>
                <ns2:guid>df3547ce-2fa0-4dda-8e81-049aa2b53755</ns2:guid>
                <ns2:createDateTime>2017-03-16T16:30:26</ns2:createDateTime>
                <ns2:urlOOS>https://zakupki.gov.ru/223/purchase/private/purchase/notice-info/details.html?noticeInfoId=5887532</ns2:urlOOS>
                <ns2:registrationNumber>31704899234</ns2:registrationNumber>
                <ns2:name>Изготовление буклета к спектаклю «Царь Эдип»       </ns2:name>
                <ns2:customer>
                    <mainInfo>
                        <fullName>ГОСУДАРСТВЕННОЕ БЮДЖЕТНОЕ УЧРЕЖДЕНИЕ КУЛЬТУРЫ ГОРОДА МОСКВЫ "МОСКОВСКИЙ АКАДЕМИЧЕСКИЙ МУЗЫКАЛЬНЫЙ ТЕАТР ИМЕНИ НАРОДНЫХ АРТИСТОВ К. С. СТАНИСЛАВСКОГО И ВЛ. И. НЕМИРОВИЧА-ДАНЧЕНКО"</fullName>
                        <shortName>ГБУК Г. МОСКВЫ "МАМТ"</shortName>
                        <iko>87710081367771001001</iko>
                        <inn>7710081367</inn>
                        <kpp>771001001</kpp>
                        <ogrn>1027700066580</ogrn>
                        <legalAddress>125009, Г МОСКВА, УЛ ДМИТРОВКА Б., дом 17</legalAddress>
                        <postalAddress>125009, Москва Город, Дмитровка Б. Улица, дом 17</postalAddress>
                        <phone>7-495-6290649</phone>
                        <fax>7-495-6290649</fax>
                        <email>office@stanmus.ru</email>
                        <okato>45286585000</okato>
                        <okpo>02190176</okpo>
                    </mainInfo>
                </ns2:customer>
                <ns2:purchaseMethodCode>3363</ns2:purchaseMethodCode>
                <ns2:purchaseCodeName>Закупка у единственного поставщика (исполнителя, подрядчика)</ns2:purchaseCodeName>
                <ns2:placer>
                    <mainInfo>
                        <fullName>ГОСУДАРСТВЕННОЕ БЮДЖЕТНОЕ УЧРЕЖДЕНИЕ КУЛЬТУРЫ ГОРОДА МОСКВЫ "МОСКОВСКИЙ АКАДЕМИЧЕСКИЙ МУЗЫКАЛЬНЫЙ ТЕАТР ИМЕНИ НАРОДНЫХ АРТИСТОВ К. С. СТАНИСЛАВСКОГО И ВЛ. И. НЕМИРОВИЧА-ДАНЧЕНКО"</fullName>
                        <shortName>ГБУК Г. МОСКВЫ "МАМТ"</shortName>
                        <iko>87710081367771001001</iko>
                        <inn>7710081367</inn>
                        <kpp>771001001</kpp>
                        <ogrn>1027700066580</ogrn>
                        <legalAddress>125009, Г МОСКВА, УЛ ДМИТРОВКА Б., дом 17</legalAddress>
                        <postalAddress>125009, Москва Город, Дмитровка Б. Улица, дом 17</postalAddress>
                        <phone>7-495-6290649</phone>
                        <fax>7-495-6290649</fax>
                        <email>office@stanmus.ru</email>
                        <okato>45286585000</okato>
                        <okpo>02190176</okpo>
                    </mainInfo>
                </ns2:placer>
                <ns2:contact>
                    <firstName>Елена</firstName>
                    <middleName>Александровна</middleName>
                    <lastName>Щебуняева</lastName>
                    <phone>+8 (495) 6501907</phone>
                    <fax>+8 (495) 6290649</fax>
                    <email>E.Shebunyaeva@stanmus.ru</email>
                    <organization>
                        <mainInfo>
                            <fullName>ГОСУДАРСТВЕННОЕ БЮДЖЕТНОЕ УЧРЕЖДЕНИЕ КУЛЬТУРЫ ГОРОДА МОСКВЫ "МОСКОВСКИЙ АКАДЕМИЧЕСКИЙ МУЗЫКАЛЬНЫЙ ТЕАТР ИМЕНИ НАРОДНЫХ АРТИСТОВ К. С. СТАНИСЛАВСКОГО И ВЛ. И. НЕМИРОВИЧА-ДАНЧЕНКО"</fullName>
                            <shortName>ГБУК Г. МОСКВЫ "МАМТ"</shortName>
                            <iko>87710081367771001001</iko>
                            <inn>7710081367</inn>
                            <kpp>771001001</kpp>
                            <ogrn>1027700066580</ogrn>
                            <legalAddress>125009, Г МОСКВА, УЛ ДМИТРОВКА Б., дом 17</legalAddress>
                            <postalAddress>125009, Москва Город, Дмитровка Б. Улица, дом 17</postalAddress>
                            <phone>7-495-6290649</phone>
                            <fax>7-495-6290649</fax>
                            <email>office@stanmus.ru</email>
                            <okato>45286585000</okato>
                            <okpo>02190176</okpo>
                        </mainInfo>
                    </organization>
                </ns2:contact>
                <ns2:publicationDateTime>2017-03-16T16:33:21</ns2:publicationDateTime>
                <ns2:documentationDelivery>
                    <deliveryStartDateTime>2017-03-16</deliveryStartDateTime>
                    <deliveryEndDateTime>2017-03-20</deliveryEndDateTime>
                    <place>документация доступна для ознакомления в Единой информационной системе без взимания платы</place>
                    <procedure>документация доступна для ознакомления в Единой информационной системе без взимания платы</procedure>
                </ns2:documentationDelivery>
                <ns2:status>P</ns2:status>
                <ns2:version>1</ns2:version>
                <ns2:notDishonest>false</ns2:notDishonest>
                <ns2:attachments>
                    <totalDocumentsCount>3</totalDocumentsCount>
                    <document>
                        <guid>94b78a6e-89ca-4086-b534-2122b6f63097</guid>
                        <createDateTime>2017-03-16T16:32:56</createDateTime>
                        <fileName>проект договора.docx</fileName>
                        <description>проект договора</description>
                        <url>http://zakupki.gov.ru/223/purchase/public/download/download.html?id=30116981</url>
                    </document>
                    <document>
                        <guid>1df66db0-797e-4a0c-b839-8d4e51fa3a31</guid>
                        <createDateTime>2017-03-16T16:33:00</createDateTime>
                        <fileName>протокол НМЦК.pdf</fileName>
                        <description>протокол НМЦК</description>
                        <url>http://zakupki.gov.ru/223/purchase/public/download/download.html?id=30116984</url>
                    </document>
                    <document>
                        <guid>9f32d41c-d1b4-470f-8c12-376f2596fed6</guid>
                        <createDateTime>2017-03-16T16:32:52</createDateTime>
                        <fileName>Документация о закупке.docx</fileName>
                        <description>Документация о закупке</description>
                        <url>http://zakupki.gov.ru/223/purchase/public/download/download.html?id=30116975</url>
                    </document>
                </ns2:attachments>
                <ns2:modificationDate>2017-03-16T16:33:21</ns2:modificationDate>
                <ns2:saveUserId>87861</ns2:saveUserId>
                <ns2:deliveryPlaceIndication>SINGLE_PLACE</ns2:deliveryPlaceIndication>
                <ns2:emergency>false</ns2:emergency>
                <ns2:jointPurchase>false</ns2:jointPurchase>
                <ns2:lots>
                    <lot>
                        <guid>1f24b747-a0f3-4ec0-88c9-93a2ef8a504b</guid>
                        <ordinalNumber>1</ordinalNumber>
                        <lotEditEnabled>false</lotEditEnabled>
                        <lotData>
                            <subject>Изготовление буклета к спектаклю "Царь Эдип"</subject>
                            <currency>
                                <code>RUB</code>
                                <digitalCode>643</digitalCode>
                                <name>Российский рубль</name>
                            </currency>
                            <initialSum>279960.00</initialSum>
                            <deliveryPlace>
                                <state>Центральный федеральный округ</state>
                                <region>Москва</region>
                                <regionOkato>45000000000</regionOkato>
                                <address>125009, г. Москва, ул. Большая Дмитровка, д. 17</address>
                            </deliveryPlace>
                            <lotItems>
                                <newCodes>true</newCodes>
                                <lotItem>
                                    <guid>829c277d-9c16-400d-acca-71242e948884</guid>
                                    <ordinalNumber>1</ordinalNumber>
                                    <okpd2>
                                        <code>18.12.19.110</code>
                                        <name>Услуги по печатанию брошюр</name>
                                    </okpd2>
                                    <okved2>
                                        <code>18.12</code>
                                        <name>Прочие виды полиграфической деятельности</name>
                                    </okved2>
                                    <okei>
                                        <code>796</code>
                                        <name>Штука</name>
                                    </okei>
                                    <qty>2000</qty>
                                    <additionalInfo>Формат 210 мм х 267 мм, 68 полос, полноцветная двухсторонняя печать 4+4, 1+1, бумага мелованая матовая плотностью 130 г/м2, матовый офсетный лак; Обло</additionalInfo>
                                </lotItem>
                            </lotItems>
                            <forSmallOrMiddle>false</forSmallOrMiddle>
                            <excludePurchaseFromPlan>false</excludePurchaseFromPlan>
                            <subcontractorsRequirement>false</subcontractorsRequirement>
                            <ignoredPurchase>false</ignoredPurchase>
                            <centralized>false</centralized>
                        </lotData>
                        <deliveryPlaceIndication>GL</deliveryPlaceIndication>
                        <jointLotData>
                            <jointLot>false</jointLot>
                        </jointLotData>
                        <lotPlanInfo>
                            <planRegistrationNumber>2160215486</planRegistrationNumber>
                            <planGuid>f31e7a62-f4c1-4a14-b887-25b06afae031</planGuid>
                            <positionNumber>90</positionNumber>
                            <lotPlanPosition>COMMODITY</lotPlanPosition>
                            <positionGuid>262d0c6a-3c3b-4e72-9d9b-e1add7ad62e8</positionGuid>
                        </lotPlanInfo>
                        <cancelled>false</cancelled>
                    </lot>
                </ns2:lots>
            </ns2:purchaseNoticeEPData>
        </ns2:item>
    </ns2:body>
</ns2:purchaseNoticeEP>
