<?xml version="1.0" encoding="UTF-8" standalone="yes"?>
<ns2:purchaseNoticeEP xsi:schemaLocation="http://zakupki.gov.ru/223/integration/schema/TFF-5.2 http://zakupki.gov.ru/223/integration/schema/TFF-5.2/purchase.xsd" xmlns="http://zakupki.gov.ru/223fz/types/1" xmlns:ns10="http://zakupki.gov.ru/223fz/purchasePlan/1" xmlns:ns11="http://zakupki.gov.ru/223fz/purchasePlanProject/1" xmlns:ns12="http://zakupki.gov.ru/223fz/purchasePlanProjectAdditionalPosition/1" xmlns:ns13="http://zakupki.gov.ru/223fz/contract/1" xmlns:ns14="http://zakupki.gov.ru/223fz/missedNotice/1" xmlns:ns15="http://zakupki.gov.ru/223fz/reference/1" xmlns:ns16="http://zakupki.gov.ru/223fz/stopCommodity/1" xmlns:ns17="http://zakupki.gov.ru/223fz/decisionSuspension/1" xmlns:ns18="http://zakupki.gov.ru/223fz/purchasePlanAdditionalPosition/1" xmlns:ns19="http://zakupki.gov.ru/223fz/webRequest/1" xmlns:ns2="http://zakupki.gov.ru/223fz/purchase/1" xmlns:xsi="http://www.w3.org/2001/XMLSchema-instance" xmlns:ns3="http://zakupki.gov.ru/223fz/dishonestSupplier/1" xmlns:ns4="http://zakupki.gov.ru/223fz/machineryListInfo/1" xmlns:ns5="http://zakupki.gov.ru/223fz/revenue/1" xmlns:ns6="http://zakupki.gov.ru/223fz/orderClauseList/1" xmlns:ns7="http://zakupki.gov.ru/223fz/disagreementProtocol/1" xmlns:ns8="http://zakupki.gov.ru/223fz/complaint/1" xmlns:ns9="http://zakupki.gov.ru/223fz/notificationIssue/1">
    <header>
        <guid>6bf55a82-55f1-4e17-a17f-59cc739e97fb</guid>
        <createDateTime>2017-03-16T15:15:40</createDateTime>
    </header>
    <ns2:body>
        <ns2:item>
            <guid>30fb20cf-92b9-4d90-b281-179c084cddfa</guid>
            <ns2:purchaseNoticeEPData>
                <ns2:guid>30fb20cf-92b9-4d90-b281-179c084cddfa</ns2:guid>
                <ns2:createDateTime>2017-03-16T15:12:45</ns2:createDateTime>
                <ns2:urlOOS>https://zakupki.gov.ru/223/purchase/private/purchase/notice-info/details.html?noticeInfoId=5886636</ns2:urlOOS>
                <ns2:registrationNumber>31704898461</ns2:registrationNumber>
                <ns2:name>Открытая закупка у единственного исполнителя на право заключения дополнительного соглашения к договору № 921-10-16/2.1.10/348 с ПАО «Ростелеком» на аренду ресурсов на объекте ПАО «Ростелеком» «Дубовая роща» для ПАО «Центральный телеграф»</ns2:name>
                <ns2:customer>
                    <mainInfo>
                        <fullName>ПУБЛИЧНОЕ АКЦИОНЕРНОЕ ОБЩЕСТВО "ЦЕНТРАЛЬНЫЙ ТЕЛЕГРАФ"</fullName>
                        <shortName>ПАО "ЦЕНТРАЛЬНЫЙ ТЕЛЕГРАФ"</shortName>
                        <iko>57710146208771001001</iko>
                        <inn>7710146208</inn>
                        <kpp>771001001</kpp>
                        <ogrn>1027739044189</ogrn>
                        <legalAddress>125375, г МОСКВА, ул ТВЕРСКАЯ, дом 7</legalAddress>
                        <postalAddress>125375, Москва, Тверская, дом 7</postalAddress>
                        <phone>7-495-5043830</phone>
                        <email>vbabkin@ct.cnt.ru</email>
                        <okato>45286585000</okato>
                        <okpo>01134091</okpo>
                    </mainInfo>
                </ns2:customer>
                <ns2:purchaseMethodCode>3363</ns2:purchaseMethodCode>
                <ns2:purchaseCodeName>Закупка у единственного поставщика (исполнителя, подрядчика)</ns2:purchaseCodeName>
                <ns2:placer>
                    <mainInfo>
                        <fullName>ПУБЛИЧНОЕ АКЦИОНЕРНОЕ ОБЩЕСТВО "ЦЕНТРАЛЬНЫЙ ТЕЛЕГРАФ"</fullName>
                        <shortName>ПАО "ЦЕНТРАЛЬНЫЙ ТЕЛЕГРАФ"</shortName>
                        <iko>57710146208771001001</iko>
                        <inn>7710146208</inn>
                        <kpp>771001001</kpp>
                        <ogrn>1027739044189</ogrn>
                        <legalAddress>125375, г МОСКВА, ул ТВЕРСКАЯ, дом 7</legalAddress>
                        <postalAddress>125375, Москва, Тверская, дом 7</postalAddress>
                        <phone>7-495-5043830</phone>
                        <email>vbabkin@ct.cnt.ru</email>
                        <okato>45286585000</okato>
                        <okpo>01134091</okpo>
                    </mainInfo>
                </ns2:placer>
                <ns2:contact>
                    <phone>+7 (495) 5044463</phone>
                    <email>YMetelkova@ct.cnt.ru</email>
                    <organization>
                        <mainInfo>
                            <fullName>ПУБЛИЧНОЕ АКЦИОНЕРНОЕ ОБЩЕСТВО "ЦЕНТРАЛЬНЫЙ ТЕЛЕГРАФ"</fullName>
                            <shortName>ПАО "ЦЕНТРАЛЬНЫЙ ТЕЛЕГРАФ"</shortName>
                            <iko>57710146208771001001</iko>
                            <inn>7710146208</inn>
                            <kpp>771001001</kpp>
                            <ogrn>1027739044189</ogrn>
                            <legalAddress>125375, г МОСКВА, ул ТВЕРСКАЯ, дом 7</legalAddress>
                            <postalAddress>125375, Москва, Тверская, дом 7</postalAddress>
                            <phone>7-495-5043830</phone>
                            <email>vbabkin@ct.cnt.ru</email>
                            <okato>45286585000</okato>
                            <okpo>01134091</okpo>
                        </mainInfo>
                    </organization>
                </ns2:contact>
                <ns2:publicationDateTime>2017-03-16T15:15:40</ns2:publicationDateTime>
                <ns2:documentationDelivery/>
                <ns2:status>P</ns2:status>
                <ns2:version>1</ns2:version>
                <ns2:notDishonest>true</ns2:notDishonest>
                <ns2:attachments>
                    <totalDocumentsCount>2</totalDocumentsCount>
                    <document>
                        <guid>3f2fda04-676a-4c38-b566-f57ff267833a</guid>
                        <createDateTime>2017-03-16T15:14:52</createDateTime>
                        <fileName>Извещение и Закупочная документация.pdf</fileName>
                        <description>Извещение и Закупочная документация</description>
                        <url>http://zakupki.gov.ru/223/purchase/public/download/download.html?id=30112693</url>
                    </document>
                    <document>
                        <guid>dd214503-311b-44fe-baa6-f156c23edd08</guid>
                        <createDateTime>2017-03-16T15:15:27</createDateTime>
                        <fileName>Приложение №1 к Закупочной документации (Проект ДС).pdf</fileName>
                        <description>Приложение №1 к Закупочной документации (Проект ДС)</description>
                        <url>http://zakupki.gov.ru/223/purchase/public/download/download.html?id=30112749</url>
                    </document>
                </ns2:attachments>
                <ns2:modificationDate>2017-03-16T15:15:40</ns2:modificationDate>
                <ns2:saveUserId>119245</ns2:saveUserId>
                <ns2:deliveryPlaceIndication>SINGLE_PLACE</ns2:deliveryPlaceIndication>
                <ns2:emergency>false</ns2:emergency>
                <ns2:jointPurchase>false</ns2:jointPurchase>
                <ns2:lots>
                    <lot>
                        <guid>fba5b354-62e8-470c-ab59-0c45b6cd69dc</guid>
                        <ordinalNumber>1</ordinalNumber>
                        <lotEditEnabled>false</lotEditEnabled>
                        <lotData>
                            <subject>Предоставление в пользование комплекса ресурсов для размещения технологического оборудования на объекте ПАО 'Ростелеком' 'Дубровая Роща'</subject>
                            <currency>
                                <code>RUB</code>
                                <digitalCode>643</digitalCode>
                                <name>Российский рубль</name>
                            </currency>
                            <initialSum>1809832.08</initialSum>
                            <deliveryPlace>
                                <state>Центральный федеральный округ</state>
                                <region>Москва</region>
                                <regionOkato>45000000000</regionOkato>
                                <address>В соответствии с документацией</address>
                            </deliveryPlace>
                            <lotItems>
                                <newCodes>true</newCodes>
                                <lotItem>
                                    <guid>49d2bf9f-d480-4dcf-9a30-7a861e27ad01</guid>
                                    <ordinalNumber>1</ordinalNumber>
                                    <okpd2>
                                        <code>61.90.10</code>
                                        <name>Услуги телекоммуникационные прочие</name>
                                    </okpd2>
                                    <okved2>
                                        <code>61.90</code>
                                        <name>Деятельность в области телекоммуникаций прочая</name>
                                    </okved2>
                                    <okei>
                                        <code>876</code>
                                        <name>Условная единица</name>
                                    </okei>
                                    <qty>1</qty>
                                </lotItem>
                            </lotItems>
                            <forSmallOrMiddle>false</forSmallOrMiddle>
                            <excludePurchaseFromPlan>false</excludePurchaseFromPlan>
                            <subcontractorsRequirement>false</subcontractorsRequirement>
                            <ignoredPurchase>true</ignoredPurchase>
                            <purchaseCategory>
                                <code>23</code>
                                <name>Закупки товаров, работ (услуг), выполняемых (оказываемых) в рамках исполнения договоров, заключенных между основным хозяйственным обществом и дочерним хозяйственным обществом и (или) хозяйственным обществом, созданным дочерним хозяйственным обществом, в случае закупки: товаров, работ (услуг) собственного производства - при необходимости соблюдения единого технологического процесса производства продукции, выполнения работ, оказания услуг; товаров, работ (услуг), связанных с оказанием бухгалтерских услуг, информационных услуг, охранной деятельностью или с сохранением коммерческой и информационной безопасности основного хозяйственного общества, его дочерних хозяйственных обществ, хозяйственных обществ, созданных дочерними хозяйственными обществами</name>
                            </purchaseCategory>
                            <centralized>false</centralized>
                        </lotData>
                        <deliveryPlaceIndication>GL</deliveryPlaceIndication>
                        <jointLotData>
                            <jointLot>false</jointLot>
                        </jointLotData>
                        <lotPlanInfo>
                            <planRegistrationNumber>2160198142</planRegistrationNumber>
                            <planGuid>6e7e317a-8cde-cba4-1189-f3b23c2aab0e</planGuid>
                            <positionNumber>103</positionNumber>
                            <lotPlanPosition>COMMODITY</lotPlanPosition>
                            <positionGuid>058b0535-99f5-300c-f490-01cc19692c5d</positionGuid>
                        </lotPlanInfo>
                        <cancelled>false</cancelled>
                    </lot>
                </ns2:lots>
            </ns2:purchaseNoticeEPData>
        </ns2:item>
    </ns2:body>
</ns2:purchaseNoticeEP>
