<?xml version="1.0" encoding="UTF-8" standalone="yes"?>
<ns2:purchaseNoticeEP xsi:schemaLocation="http://zakupki.gov.ru/223/integration/schema/TFF-5.2 http://zakupki.gov.ru/223/integration/schema/TFF-5.2/purchase.xsd" xmlns="http://zakupki.gov.ru/223fz/types/1" xmlns:ns10="http://zakupki.gov.ru/223fz/purchasePlan/1" xmlns:ns11="http://zakupki.gov.ru/223fz/purchasePlanProject/1" xmlns:ns12="http://zakupki.gov.ru/223fz/purchasePlanProjectAdditionalPosition/1" xmlns:ns13="http://zakupki.gov.ru/223fz/contract/1" xmlns:ns14="http://zakupki.gov.ru/223fz/missedNotice/1" xmlns:ns15="http://zakupki.gov.ru/223fz/reference/1" xmlns:ns16="http://zakupki.gov.ru/223fz/stopCommodity/1" xmlns:ns17="http://zakupki.gov.ru/223fz/decisionSuspension/1" xmlns:ns18="http://zakupki.gov.ru/223fz/purchasePlanAdditionalPosition/1" xmlns:ns19="http://zakupki.gov.ru/223fz/webRequest/1" xmlns:ns2="http://zakupki.gov.ru/223fz/purchase/1" xmlns:xsi="http://www.w3.org/2001/XMLSchema-instance" xmlns:ns3="http://zakupki.gov.ru/223fz/dishonestSupplier/1" xmlns:ns4="http://zakupki.gov.ru/223fz/machineryListInfo/1" xmlns:ns5="http://zakupki.gov.ru/223fz/revenue/1" xmlns:ns6="http://zakupki.gov.ru/223fz/orderClauseList/1" xmlns:ns7="http://zakupki.gov.ru/223fz/disagreementProtocol/1" xmlns:ns8="http://zakupki.gov.ru/223fz/complaint/1" xmlns:ns9="http://zakupki.gov.ru/223fz/notificationIssue/1">
    <header>
        <guid>b3c5e8c2-3858-456d-a162-9dd42c9c7463</guid>
        <createDateTime>2017-03-16T11:57:42</createDateTime>
    </header>
    <ns2:body>
        <ns2:item>
            <guid>d5948d5b-a53f-4092-b885-7183bf01f8a6</guid>
            <ns2:purchaseNoticeEPData>
                <ns2:guid>d5948d5b-a53f-4092-b885-7183bf01f8a6</ns2:guid>
                <ns2:createDateTime>2017-03-16T11:49:41</ns2:createDateTime>
                <ns2:urlOOS>https://zakupki.gov.ru/223/purchase/private/purchase/notice-info/details.html?noticeInfoId=5884368</ns2:urlOOS>
                <ns2:registrationNumber>31704896735</ns2:registrationNumber>
                <ns2:name>Организация, осуществление поиска, отбор и представление кандидатов на вакантную должность Заказчика, в соответствии с требованиями Заказчика</ns2:name>
                <ns2:customer>
                    <mainInfo>
                        <fullName>ОТКРЫТОЕ АКЦИОНЕРНОЕ ОБЩЕСТВО  "ЦЕНТРАЛЬНАЯ ПРИГОРОДНАЯ ПАССАЖИРСКАЯ КОМПАНИЯ"</fullName>
                        <shortName>ОАО "ЦЕНТРАЛЬНАЯ ППК"</shortName>
                        <iko>57705705370770501001</iko>
                        <inn>7705705370</inn>
                        <kpp>770501001</kpp>
                        <ogrn>1057749440781</ogrn>
                        <legalAddress>115054, Г МОСКВА, ПЛ ПАВЕЛЕЦКАЯ, дом 1А</legalAddress>
                        <postalAddress>115054, Москва, Павелецкая, дом 1А </postalAddress>
                        <phone>7-499-2660265</phone>
                        <fax>7-499-2660255</fax>
                        <email>info@central-ppk.ru</email>
                        <okato>45286560000</okato>
                        <okpo>93265553</okpo>
                    </mainInfo>
                </ns2:customer>
                <ns2:purchaseMethodCode>3363</ns2:purchaseMethodCode>
                <ns2:purchaseCodeName>Закупка у единственного поставщика (исполнителя, подрядчика)</ns2:purchaseCodeName>
                <ns2:placer>
                    <mainInfo>
                        <fullName>ОТКРЫТОЕ АКЦИОНЕРНОЕ ОБЩЕСТВО  "ЦЕНТРАЛЬНАЯ ПРИГОРОДНАЯ ПАССАЖИРСКАЯ КОМПАНИЯ"</fullName>
                        <shortName>ОАО "ЦЕНТРАЛЬНАЯ ППК"</shortName>
                        <iko>57705705370770501001</iko>
                        <inn>7705705370</inn>
                        <kpp>770501001</kpp>
                        <ogrn>1057749440781</ogrn>
                        <legalAddress>115054, Г МОСКВА, ПЛ ПАВЕЛЕЦКАЯ, дом 1А</legalAddress>
                        <postalAddress>115054, Москва, Павелецкая, дом 1А </postalAddress>
                        <phone>7-499-2660265</phone>
                        <fax>7-499-2660255</fax>
                        <email>info@central-ppk.ru</email>
                        <okato>45286560000</okato>
                        <okpo>93265553</okpo>
                    </mainInfo>
                </ns2:placer>
                <ns2:contact>
                    <lastName>Муравьева Анастасия Евгеньевна</lastName>
                    <phone>+7 (499) 2660267, доб.: 7167</phone>
                    <email>amuraveva@central-ppk.ru</email>
                    <organization>
                        <mainInfo>
                            <fullName>ОТКРЫТОЕ АКЦИОНЕРНОЕ ОБЩЕСТВО  "ЦЕНТРАЛЬНАЯ ПРИГОРОДНАЯ ПАССАЖИРСКАЯ КОМПАНИЯ"</fullName>
                            <shortName>ОАО "ЦЕНТРАЛЬНАЯ ППК"</shortName>
                            <iko>57705705370770501001</iko>
                            <inn>7705705370</inn>
                            <kpp>770501001</kpp>
                            <ogrn>1057749440781</ogrn>
                            <legalAddress>115054, Г МОСКВА, ПЛ ПАВЕЛЕЦКАЯ, дом 1А</legalAddress>
                            <postalAddress>115054, Москва, Павелецкая, дом 1А </postalAddress>
                            <phone>7-499-2660265</phone>
                            <fax>7-499-2660255</fax>
                            <email>info@central-ppk.ru</email>
                            <okato>45286560000</okato>
                            <okpo>93265553</okpo>
                        </mainInfo>
                    </organization>
                </ns2:contact>
                <ns2:publicationDateTime>2017-03-16T11:57:42</ns2:publicationDateTime>
                <ns2:documentationDelivery>
                    <place>на настоящем сайте</place>
                    <procedure>бесплатно</procedure>
                </ns2:documentationDelivery>
                <ns2:status>P</ns2:status>
                <ns2:version>1</ns2:version>
                <ns2:notDishonest>false</ns2:notDishonest>
                <ns2:attachments>
                    <totalDocumentsCount>2</totalDocumentsCount>
                    <document>
                        <guid>fb88dd2a-2ebb-4435-8869-cf6dc734e0f3</guid>
                        <createDateTime>2017-03-16T11:55:34</createDateTime>
                        <fileName>+ЕП извещение и документация СМП.docx</fileName>
                        <description>+ЕП извещение и документация СМП</description>
                        <url>http://zakupki.gov.ru/223/purchase/public/download/download.html?id=30101552</url>
                    </document>
                    <document>
                        <guid>3ec2543d-df88-4010-ba60-4ff994237b4d</guid>
                        <createDateTime>2017-03-16T11:57:11</createDateTime>
                        <fileName>Проект договора.doc</fileName>
                        <description>Проект договора</description>
                        <url>http://zakupki.gov.ru/223/purchase/public/download/download.html?id=30101631</url>
                    </document>
                </ns2:attachments>
                <ns2:modificationDate>2017-03-16T11:57:42</ns2:modificationDate>
                <ns2:saveUserId>154026</ns2:saveUserId>
                <ns2:deliveryPlaceIndication>DIFFERENT_PLACE</ns2:deliveryPlaceIndication>
                <ns2:emergency>false</ns2:emergency>
                <ns2:jointPurchase>false</ns2:jointPurchase>
                <ns2:lots>
                    <lot>
                        <guid>e2bbe633-4ff6-4f77-9e96-d1e6fa754c4b</guid>
                        <ordinalNumber>1</ordinalNumber>
                        <lotEditEnabled>false</lotEditEnabled>
                        <lotData>
                            <subject>Организация, осуществление поиска, отбор и представление кандидатов на вакантную должность Заказчика, в соответствии с требованиями Заказчика</subject>
                            <currency>
                                <code>RUB</code>
                                <digitalCode>643</digitalCode>
                                <name>Российский рубль</name>
                            </currency>
                            <initialSum>500000.00</initialSum>
                            <deliveryPlace>
                                <state>Центральный федеральный округ</state>
                                <region>Москва</region>
                                <regionOkato>45000000000</regionOkato>
                                <address>согласно проекту договора</address>
                            </deliveryPlace>
                            <lotItems>
                                <newCodes>true</newCodes>
                                <lotItem>
                                    <guid>457a3795-e6f8-462d-8cee-0e8acd5cbb93</guid>
                                    <ordinalNumber>1</ordinalNumber>
                                    <okpd2>
                                        <code>78</code>
                                        <name>Услуги по трудоустройству и подбору персонала</name>
                                    </okpd2>
                                    <okved2>
                                        <code>78.1</code>
                                        <name>Деятельность агентств по подбору персонала</name>
                                    </okved2>
                                    <okei>
                                        <code>876</code>
                                        <name>Условная единица</name>
                                    </okei>
                                    <qty>1</qty>
                                </lotItem>
                            </lotItems>
                            <forSmallOrMiddle>true</forSmallOrMiddle>
                            <excludePurchaseFromPlan>false</excludePurchaseFromPlan>
                            <subcontractorsRequirement>false</subcontractorsRequirement>
                            <ignoredPurchase>false</ignoredPurchase>
                            <centralized>false</centralized>
                        </lotData>
                        <deliveryPlaceIndication>GL</deliveryPlaceIndication>
                        <jointLotData>
                            <jointLot>false</jointLot>
                        </jointLotData>
                        <lotPlanInfo>
                            <planRegistrationNumber>2160203372</planRegistrationNumber>
                            <planGuid>07f04be1-12cd-429c-83b6-ac02f69329d8</planGuid>
                            <positionNumber>171</positionNumber>
                            <lotPlanPosition>COMMODITY</lotPlanPosition>
                            <positionGuid>11680db8-f17c-4f01-bc47-ae5fcb0bcb37</positionGuid>
                        </lotPlanInfo>
                        <cancelled>false</cancelled>
                    </lot>
                </ns2:lots>
            </ns2:purchaseNoticeEPData>
        </ns2:item>
    </ns2:body>
</ns2:purchaseNoticeEP>
