<?xml version="1.0" encoding="UTF-8" standalone="yes"?>
<ns2:purchaseNoticeEP xsi:schemaLocation="http://zakupki.gov.ru/223/integration/schema/TFF-5.2 http://zakupki.gov.ru/223/integration/schema/TFF-5.2/purchase.xsd" xmlns="http://zakupki.gov.ru/223fz/types/1" xmlns:ns10="http://zakupki.gov.ru/223fz/purchasePlan/1" xmlns:ns11="http://zakupki.gov.ru/223fz/purchasePlanProject/1" xmlns:ns12="http://zakupki.gov.ru/223fz/purchasePlanProjectAdditionalPosition/1" xmlns:ns13="http://zakupki.gov.ru/223fz/contract/1" xmlns:ns14="http://zakupki.gov.ru/223fz/missedNotice/1" xmlns:ns15="http://zakupki.gov.ru/223fz/reference/1" xmlns:ns16="http://zakupki.gov.ru/223fz/stopCommodity/1" xmlns:ns17="http://zakupki.gov.ru/223fz/decisionSuspension/1" xmlns:ns18="http://zakupki.gov.ru/223fz/purchasePlanAdditionalPosition/1" xmlns:ns19="http://zakupki.gov.ru/223fz/webRequest/1" xmlns:ns2="http://zakupki.gov.ru/223fz/purchase/1" xmlns:xsi="http://www.w3.org/2001/XMLSchema-instance" xmlns:ns3="http://zakupki.gov.ru/223fz/dishonestSupplier/1" xmlns:ns4="http://zakupki.gov.ru/223fz/machineryListInfo/1" xmlns:ns5="http://zakupki.gov.ru/223fz/revenue/1" xmlns:ns6="http://zakupki.gov.ru/223fz/orderClauseList/1" xmlns:ns7="http://zakupki.gov.ru/223fz/disagreementProtocol/1" xmlns:ns8="http://zakupki.gov.ru/223fz/complaint/1" xmlns:ns9="http://zakupki.gov.ru/223fz/notificationIssue/1">
    <header>
        <guid>88d95004-c516-4423-8350-d3ab4325e404</guid>
        <createDateTime>2017-03-16T12:21:36</createDateTime>
    </header>
    <ns2:body>
        <ns2:item>
            <guid>ca58330f-62f5-42d2-8fc7-b9e84c2dace7</guid>
            <ns2:purchaseNoticeEPData>
                <ns2:guid>ca58330f-62f5-42d2-8fc7-b9e84c2dace7</ns2:guid>
                <ns2:createDateTime>2017-03-16T12:18:53</ns2:createDateTime>
                <ns2:urlOOS>https://zakupki.gov.ru/223/purchase/private/purchase/notice-info/details.html?noticeInfoId=5884643</ns2:urlOOS>
                <ns2:registrationNumber>31704896917</ns2:registrationNumber>
                <ns2:name>Участие в качестве артиста-исполнителя в театрально-зрелищном мероприятии под названием «Россия, слово о тебе» (Волочкова А.Ю.) 20 марта</ns2:name>
                <ns2:customer>
                    <mainInfo>
                        <fullName>Государственное бюджетное учреждение культуры города Москвы "Московский государственный музыкальный театр фольклора "Русская песня"</fullName>
                        <shortName>ГБУК г. Москвы "МГМТФ "Русская песня"</shortName>
                        <iko>87714039052770101001</iko>
                        <inn>7714039052</inn>
                        <kpp>770101001</kpp>
                        <ogrn>1027739279182</ogrn>
                        <legalAddress>107078, Москва, Садовая-Черногрязская, дом 5/9, корпус стр.2</legalAddress>
                        <postalAddress>107078, г. Москва, ул. Садовая-Черногрязская, д. 5/9, стр. 2
</postalAddress>
                        <phone>7-985-4114618</phone>
                        <email>centre-sp@yandex.ru</email>
                        <okato>45286555000</okato>
                        <okpo>05216288</okpo>
                    </mainInfo>
                </ns2:customer>
                <ns2:purchaseMethodCode>3363</ns2:purchaseMethodCode>
                <ns2:purchaseCodeName>Закупка у единственного поставщика (исполнителя, подрядчика)</ns2:purchaseCodeName>
                <ns2:placer>
                    <mainInfo>
                        <fullName>Государственное бюджетное учреждение культуры города Москвы "Московский государственный музыкальный театр фольклора "Русская песня"</fullName>
                        <shortName>ГБУК г. Москвы "МГМТФ "Русская песня"</shortName>
                        <iko>87714039052770101001</iko>
                        <inn>7714039052</inn>
                        <kpp>770101001</kpp>
                        <ogrn>1027739279182</ogrn>
                        <legalAddress>107078, Москва, Садовая-Черногрязская, дом 5/9, корпус стр.2</legalAddress>
                        <postalAddress>107078, г. Москва, ул. Садовая-Черногрязская, д. 5/9, стр. 2
</postalAddress>
                        <phone>7-985-4114618</phone>
                        <email>centre-sp@yandex.ru</email>
                        <okato>45286555000</okato>
                        <okpo>05216288</okpo>
                    </mainInfo>
                </ns2:placer>
                <ns2:contact>
                    <phone>+8 (495) 6815137</phone>
                    <email>seda_gevorkyan@mail.ru</email>
                    <organization>
                        <mainInfo>
                            <fullName>Государственное бюджетное учреждение культуры города Москвы "Московский государственный музыкальный театр фольклора "Русская песня"</fullName>
                            <shortName>ГБУК г. Москвы "МГМТФ "Русская песня"</shortName>
                            <iko>87714039052770101001</iko>
                            <inn>7714039052</inn>
                            <kpp>770101001</kpp>
                            <ogrn>1027739279182</ogrn>
                            <legalAddress>107078, Москва, Садовая-Черногрязская, дом 5/9, корпус стр.2</legalAddress>
                            <postalAddress>107078, г. Москва, ул. Садовая-Черногрязская, д. 5/9, стр. 2
</postalAddress>
                            <phone>7-985-4114618</phone>
                            <email>centre-sp@yandex.ru</email>
                            <okato>45286555000</okato>
                            <okpo>05216288</okpo>
                        </mainInfo>
                    </organization>
                </ns2:contact>
                <ns2:publicationDateTime>2017-03-16T12:21:36</ns2:publicationDateTime>
                <ns2:documentationDelivery/>
                <ns2:status>P</ns2:status>
                <ns2:version>1</ns2:version>
                <ns2:notDishonest>false</ns2:notDishonest>
                <ns2:attachments>
                    <totalDocumentsCount>6</totalDocumentsCount>
                    <document>
                        <guid>1275226c-cfe7-4f50-8893-c87460614b18</guid>
                        <createDateTime>2017-03-16T12:20:47</createDateTime>
                        <fileName>ПРИКАЗ.docx</fileName>
                        <description>ПРИКАЗ</description>
                        <url>http://zakupki.gov.ru/223/purchase/public/download/download.html?id=30103155</url>
                    </document>
                    <document>
                        <guid>d58f5a0f-fbae-452a-b53f-bb14c814f9d1</guid>
                        <createDateTime>2017-03-16T12:20:52</createDateTime>
                        <fileName>Расчет цены ИП Волочкова.doc</fileName>
                        <description>Расчет цены ИП Волочкова</description>
                        <url>http://zakupki.gov.ru/223/purchase/public/download/download.html?id=30103156</url>
                    </document>
                    <document>
                        <guid>c12b0732-9b94-4b07-99c1-2b592f43548d</guid>
                        <createDateTime>2017-03-16T12:20:20</createDateTime>
                        <fileName>Договор 53-223-17 ИП Волочкова.docx</fileName>
                        <description>Договор 53-223-17 ИП Волочкова</description>
                        <url>http://zakupki.gov.ru/223/purchase/public/download/download.html?id=30103125</url>
                    </document>
                    <document>
                        <guid>79915354-efd5-46e2-abbe-2828186f98b4</guid>
                        <createDateTime>2017-03-16T12:20:31</createDateTime>
                        <fileName>Документация ИП Волочкова.doc</fileName>
                        <description>Документация ИП Волочкова</description>
                        <url>http://zakupki.gov.ru/223/purchase/public/download/download.html?id=30103143</url>
                    </document>
                    <document>
                        <guid>8681b645-8613-48c8-a360-a9134610e117</guid>
                        <createDateTime>2017-03-16T12:20:35</createDateTime>
                        <fileName>Обоснование  способа закупки ИП Волочковой.rtf</fileName>
                        <description>Обоснование  способа закупки ИП Волочковой</description>
                        <url>http://zakupki.gov.ru/223/purchase/public/download/download.html?id=30103146</url>
                    </document>
                    <document>
                        <guid>5ea1963a-b0a2-447b-8531-fd991e8c3704</guid>
                        <createDateTime>2017-03-16T12:20:39</createDateTime>
                        <fileName>Обоснование  цены ИП Волочкова.rtf</fileName>
                        <description>Обоснование  цены ИП Волочкова</description>
                        <url>http://zakupki.gov.ru/223/purchase/public/download/download.html?id=30103150</url>
                    </document>
                </ns2:attachments>
                <ns2:modificationDate>2017-03-16T12:21:36</ns2:modificationDate>
                <ns2:saveUserId>86913</ns2:saveUserId>
                <ns2:deliveryPlaceIndication>SINGLE_PLACE</ns2:deliveryPlaceIndication>
                <ns2:emergency>false</ns2:emergency>
                <ns2:jointPurchase>false</ns2:jointPurchase>
                <ns2:lots>
                    <lot>
                        <guid>29f89342-8f95-4871-885c-006171f89cc8</guid>
                        <ordinalNumber>1</ordinalNumber>
                        <lotEditEnabled>false</lotEditEnabled>
                        <lotData>
                            <subject>Участие в качестве артиста-исполнителя в театрально-зрелищном мероприятии под названием «Россия, слово о тебе» (Волочкова А.Ю.) 20 марта</subject>
                            <currency>
                                <code>RUB</code>
                                <digitalCode>643</digitalCode>
                                <name>Российский рубль</name>
                            </currency>
                            <initialSum>80000.00</initialSum>
                            <deliveryPlace>
                                <state>Центральный федеральный округ</state>
                                <region>Владимирская   обл</region>
                                <regionOkato>17000000000</regionOkato>
                                <address>г.Владимир, ул.Дворянская, д.4</address>
                            </deliveryPlace>
                            <lotItems>
                                <newCodes>true</newCodes>
                                <lotItem>
                                    <guid>dbea1999-0db8-4095-a9be-0cad7c59cd3e</guid>
                                    <ordinalNumber>1</ordinalNumber>
                                    <okpd2>
                                        <code>90.01.10.000</code>
                                        <name>Услуги в области исполнительских искусств</name>
                                    </okpd2>
                                    <okved2>
                                        <code>90.01</code>
                                        <name>Деятельность в области исполнительских искусств</name>
                                    </okved2>
                                    <okei>
                                        <code>876</code>
                                        <name>Условная единица</name>
                                    </okei>
                                    <qty>1</qty>
                                </lotItem>
                            </lotItems>
                            <forSmallOrMiddle>false</forSmallOrMiddle>
                            <excludePurchaseFromPlan>false</excludePurchaseFromPlan>
                            <subcontractorsRequirement>false</subcontractorsRequirement>
                            <ignoredPurchase>false</ignoredPurchase>
                            <centralized>false</centralized>
                        </lotData>
                        <deliveryPlaceIndication>GL</deliveryPlaceIndication>
                        <jointLotData>
                            <jointLot>false</jointLot>
                        </jointLotData>
                        <lotPlanInfo>
                            <planRegistrationNumber>2160219431</planRegistrationNumber>
                            <planGuid>59be0bf4-efae-46f3-9a1d-2f6ec0de398b</planGuid>
                            <positionNumber>40</positionNumber>
                            <lotPlanPosition>COMMODITY</lotPlanPosition>
                            <positionGuid>b121376d-7ca8-40ad-bfe0-ebaaf2c74148</positionGuid>
                        </lotPlanInfo>
                        <cancelled>false</cancelled>
                    </lot>
                </ns2:lots>
            </ns2:purchaseNoticeEPData>
        </ns2:item>
    </ns2:body>
</ns2:purchaseNoticeEP>
