<?xml version="1.0" encoding="UTF-8" standalone="yes"?>
<ns2:purchaseNoticeEP xsi:schemaLocation="http://zakupki.gov.ru/223/integration/schema/TFF-5.2 http://zakupki.gov.ru/223/integration/schema/TFF-5.2/purchase.xsd" xmlns="http://zakupki.gov.ru/223fz/types/1" xmlns:ns10="http://zakupki.gov.ru/223fz/purchasePlan/1" xmlns:ns11="http://zakupki.gov.ru/223fz/purchasePlanProject/1" xmlns:ns12="http://zakupki.gov.ru/223fz/purchasePlanProjectAdditionalPosition/1" xmlns:ns13="http://zakupki.gov.ru/223fz/contract/1" xmlns:ns14="http://zakupki.gov.ru/223fz/missedNotice/1" xmlns:ns15="http://zakupki.gov.ru/223fz/reference/1" xmlns:ns16="http://zakupki.gov.ru/223fz/stopCommodity/1" xmlns:ns17="http://zakupki.gov.ru/223fz/decisionSuspension/1" xmlns:ns18="http://zakupki.gov.ru/223fz/purchasePlanAdditionalPosition/1" xmlns:ns19="http://zakupki.gov.ru/223fz/webRequest/1" xmlns:ns2="http://zakupki.gov.ru/223fz/purchase/1" xmlns:xsi="http://www.w3.org/2001/XMLSchema-instance" xmlns:ns3="http://zakupki.gov.ru/223fz/dishonestSupplier/1" xmlns:ns4="http://zakupki.gov.ru/223fz/machineryListInfo/1" xmlns:ns5="http://zakupki.gov.ru/223fz/revenue/1" xmlns:ns6="http://zakupki.gov.ru/223fz/orderClauseList/1" xmlns:ns7="http://zakupki.gov.ru/223fz/disagreementProtocol/1" xmlns:ns8="http://zakupki.gov.ru/223fz/complaint/1" xmlns:ns9="http://zakupki.gov.ru/223fz/notificationIssue/1">
    <header>
        <guid>22120bac-e47b-423b-9418-2753f0087083</guid>
        <createDateTime>2017-03-16T15:21:47</createDateTime>
    </header>
    <ns2:body>
        <ns2:item>
            <guid>39d0d009-105d-4947-8bd4-bc73f46a6da8</guid>
            <ns2:purchaseNoticeEPData>
                <ns2:guid>39d0d009-105d-4947-8bd4-bc73f46a6da8</ns2:guid>
                <ns2:createDateTime>2017-03-16T15:19:21</ns2:createDateTime>
                <ns2:urlOOS>https://zakupki.gov.ru/223/purchase/private/purchase/notice-info/details.html?noticeInfoId=5886705</ns2:urlOOS>
                <ns2:registrationNumber>31704898524</ns2:registrationNumber>
                <ns2:name>Организация защищенных рабочих мест для подключения к АИС ОМС г. Москвы и  ее подсистемам «ПУМП» и «РС ЕРЗЛ»</ns2:name>
                <ns2:customer>
                    <mainInfo>
                        <fullName>ГОСУДАРСТВЕННОЕ АВТОНОМНОЕ УЧРЕЖДЕНИЕ ЗДРАВООХРАНЕНИЯ ГОРОДА МОСКВЫ "СТОМАТОЛОГИЧЕСКАЯ ПОЛИКЛИНИКА № 23 ДЕПАРТАМЕНТА ЗДРАВООХРАНЕНИЯ ГОРОДА МОСКВЫ"</fullName>
                        <shortName>ГАУЗ "СП № 23 ДЗМ"</shortName>
                        <iko>57730042567773001001</iko>
                        <inn>7730042567</inn>
                        <kpp>773001001</kpp>
                        <ogrn>1027739130583</ogrn>
                        <legalAddress>121059, г МОСКВА, ул БРЯНСКАЯ, дом 4</legalAddress>
                        <postalAddress>121059, г.Москва, ул.Брянская, д.4</postalAddress>
                        <phone>7-499-2433120</phone>
                        <fax>7-499-2433120</fax>
                        <email>info@sp23.mosgorzdrav.ru</email>
                        <okato>45268554000</okato>
                        <okpo>05021716</okpo>
                    </mainInfo>
                </ns2:customer>
                <ns2:purchaseMethodCode>3363</ns2:purchaseMethodCode>
                <ns2:purchaseCodeName>Закупка у единственного поставщика (исполнителя, подрядчика)</ns2:purchaseCodeName>
                <ns2:placer>
                    <mainInfo>
                        <fullName>ГОСУДАРСТВЕННОЕ АВТОНОМНОЕ УЧРЕЖДЕНИЕ ЗДРАВООХРАНЕНИЯ ГОРОДА МОСКВЫ "СТОМАТОЛОГИЧЕСКАЯ ПОЛИКЛИНИКА № 23 ДЕПАРТАМЕНТА ЗДРАВООХРАНЕНИЯ ГОРОДА МОСКВЫ"</fullName>
                        <shortName>ГАУЗ "СП № 23 ДЗМ"</shortName>
                        <iko>57730042567773001001</iko>
                        <inn>7730042567</inn>
                        <kpp>773001001</kpp>
                        <ogrn>1027739130583</ogrn>
                        <legalAddress>121059, г МОСКВА, ул БРЯНСКАЯ, дом 4</legalAddress>
                        <postalAddress>121059, г.Москва, ул.Брянская, д.4</postalAddress>
                        <phone>7-499-2433120</phone>
                        <fax>7-499-2433120</fax>
                        <email>info@sp23.mosgorzdrav.ru</email>
                        <okato>45268554000</okato>
                        <okpo>05021716</okpo>
                    </mainInfo>
                </ns2:placer>
                <ns2:contact>
                    <firstName>Сергей</firstName>
                    <middleName>Васильевич</middleName>
                    <lastName>Якушин </lastName>
                    <phone>+7 (499) 2433120</phone>
                    <email>23sp@mail.ru</email>
                    <organization>
                        <mainInfo>
                            <fullName>ГОСУДАРСТВЕННОЕ АВТОНОМНОЕ УЧРЕЖДЕНИЕ ЗДРАВООХРАНЕНИЯ ГОРОДА МОСКВЫ "СТОМАТОЛОГИЧЕСКАЯ ПОЛИКЛИНИКА № 23 ДЕПАРТАМЕНТА ЗДРАВООХРАНЕНИЯ ГОРОДА МОСКВЫ"</fullName>
                            <shortName>ГАУЗ "СП № 23 ДЗМ"</shortName>
                            <iko>57730042567773001001</iko>
                            <inn>7730042567</inn>
                            <kpp>773001001</kpp>
                            <ogrn>1027739130583</ogrn>
                            <legalAddress>121059, г МОСКВА, ул БРЯНСКАЯ, дом 4</legalAddress>
                            <postalAddress>121059, г.Москва, ул.Брянская, д.4</postalAddress>
                            <phone>7-499-2433120</phone>
                            <fax>7-499-2433120</fax>
                            <email>info@sp23.mosgorzdrav.ru</email>
                            <okato>45268554000</okato>
                            <okpo>05021716</okpo>
                        </mainInfo>
                    </organization>
                </ns2:contact>
                <ns2:publicationDateTime>2017-03-16T15:21:47</ns2:publicationDateTime>
                <ns2:documentationDelivery/>
                <ns2:status>P</ns2:status>
                <ns2:version>1</ns2:version>
                <ns2:notDishonest>true</ns2:notDishonest>
                <ns2:attachments>
                    <totalDocumentsCount>1</totalDocumentsCount>
                    <document>
                        <guid>790f6303-21a1-483b-a029-f40ec286c4b9</guid>
                        <createDateTime>2017-03-16T15:21:34</createDateTime>
                        <fileName>Договор НД-2017-03-16 (НЕОДАТА - СП №23).doc</fileName>
                        <description>Договор НД-2017-03-16 (НЕОДАТА - СП №23)</description>
                        <url>http://zakupki.gov.ru/223/purchase/public/download/download.html?id=30113048</url>
                    </document>
                </ns2:attachments>
                <ns2:modificationDate>2017-03-16T15:21:47</ns2:modificationDate>
                <ns2:saveUserId>139622</ns2:saveUserId>
                <ns2:deliveryPlaceIndication>SINGLE_PLACE</ns2:deliveryPlaceIndication>
                <ns2:emergency>false</ns2:emergency>
                <ns2:jointPurchase>false</ns2:jointPurchase>
                <ns2:lots>
                    <lot>
                        <guid>2879d22d-08fd-4674-a1c7-e7eadc2b8354</guid>
                        <ordinalNumber>1</ordinalNumber>
                        <lotEditEnabled>false</lotEditEnabled>
                        <lotData>
                            <subject>Организация защищенных рабочих мест для подключения к АИС ОМС г. Москвы и  ее подсистемам «ПУМП» и «РС ЕРЗЛ»</subject>
                            <currency>
                                <code>RUB</code>
                                <digitalCode>643</digitalCode>
                                <name>Российский рубль</name>
                            </currency>
                            <initialSum>244270.00</initialSum>
                            <deliveryPlace>
                                <state>Центральный федеральный округ</state>
                                <region>Москва</region>
                                <regionOkato>45000000000</regionOkato>
                                <address>Москва, Большая Дорогомиловская 1</address>
                            </deliveryPlace>
                            <lotItems>
                                <newCodes>true</newCodes>
                                <lotItem>
                                    <guid>0635f95a-c062-48a7-9007-22beabb9f340</guid>
                                    <ordinalNumber>1</ordinalNumber>
                                    <okpd2>
                                        <code>63.99.10.190</code>
                                        <name>Услуги информационные автоматизированные компьютерные прочие, не включенные в другие группировки</name>
                                    </okpd2>
                                    <okved2>
                                        <code>63.99</code>
                                        <name>Деятельность информационных служб прочая, не включенная в другие группировки</name>
                                    </okved2>
                                    <okei>
                                        <code>876</code>
                                        <name>Условная единица</name>
                                    </okei>
                                    <qty>1</qty>
                                </lotItem>
                            </lotItems>
                            <forSmallOrMiddle>false</forSmallOrMiddle>
                            <excludePurchaseFromPlan>false</excludePurchaseFromPlan>
                            <subcontractorsRequirement>false</subcontractorsRequirement>
                            <ignoredPurchase>false</ignoredPurchase>
                            <centralized>false</centralized>
                        </lotData>
                        <deliveryPlaceIndication>GL</deliveryPlaceIndication>
                        <jointLotData>
                            <jointLot>false</jointLot>
                        </jointLotData>
                        <lotPlanInfo>
                            <planRegistrationNumber>2160193415</planRegistrationNumber>
                            <planGuid>dd97eb4f-ba4c-4421-a4f8-cca214527ed7</planGuid>
                            <positionNumber>53</positionNumber>
                            <lotPlanPosition>COMMODITY</lotPlanPosition>
                            <positionGuid>4a522ced-1026-4ffb-9845-c8658b0c9674</positionGuid>
                        </lotPlanInfo>
                        <cancelled>false</cancelled>
                    </lot>
                </ns2:lots>
            </ns2:purchaseNoticeEPData>
        </ns2:item>
    </ns2:body>
</ns2:purchaseNoticeEP>
