<?xml version="1.0" encoding="UTF-8" standalone="yes"?>
<ns2:purchaseNoticeEP xsi:schemaLocation="http://zakupki.gov.ru/223/integration/schema/TFF-5.2 http://zakupki.gov.ru/223/integration/schema/TFF-5.2/purchase.xsd" xmlns="http://zakupki.gov.ru/223fz/types/1" xmlns:ns10="http://zakupki.gov.ru/223fz/purchasePlan/1" xmlns:ns11="http://zakupki.gov.ru/223fz/purchasePlanProject/1" xmlns:ns12="http://zakupki.gov.ru/223fz/purchasePlanProjectAdditionalPosition/1" xmlns:ns13="http://zakupki.gov.ru/223fz/contract/1" xmlns:ns14="http://zakupki.gov.ru/223fz/missedNotice/1" xmlns:ns15="http://zakupki.gov.ru/223fz/reference/1" xmlns:ns16="http://zakupki.gov.ru/223fz/stopCommodity/1" xmlns:ns17="http://zakupki.gov.ru/223fz/decisionSuspension/1" xmlns:ns18="http://zakupki.gov.ru/223fz/purchasePlanAdditionalPosition/1" xmlns:ns19="http://zakupki.gov.ru/223fz/webRequest/1" xmlns:ns2="http://zakupki.gov.ru/223fz/purchase/1" xmlns:xsi="http://www.w3.org/2001/XMLSchema-instance" xmlns:ns3="http://zakupki.gov.ru/223fz/dishonestSupplier/1" xmlns:ns4="http://zakupki.gov.ru/223fz/machineryListInfo/1" xmlns:ns5="http://zakupki.gov.ru/223fz/revenue/1" xmlns:ns6="http://zakupki.gov.ru/223fz/orderClauseList/1" xmlns:ns7="http://zakupki.gov.ru/223fz/disagreementProtocol/1" xmlns:ns8="http://zakupki.gov.ru/223fz/complaint/1" xmlns:ns9="http://zakupki.gov.ru/223fz/notificationIssue/1">
    <header>
        <guid>927069c9-2a87-4c26-a2ed-e5a53395afc1</guid>
        <createDateTime>2017-03-16T13:25:02</createDateTime>
    </header>
    <ns2:body>
        <ns2:item>
            <guid>29a98135-708e-4893-8269-cfcc90204ad5</guid>
            <ns2:purchaseNoticeEPData>
                <ns2:guid>29a98135-708e-4893-8269-cfcc90204ad5</ns2:guid>
                <ns2:createDateTime>2017-03-16T13:20:31</ns2:createDateTime>
                <ns2:urlOOS>https://zakupki.gov.ru/223/purchase/private/purchase/notice-info/details.html?noticeInfoId=5885243</ns2:urlOOS>
                <ns2:registrationNumber>31704897394</ns2:registrationNumber>
                <ns2:name>Прием и передача данных по АФТН (аэропорт Домодедово).</ns2:name>
                <ns2:customer>
                    <mainInfo>
                        <fullName>Федеральное государственное бюджетное учреждение "Главный авиационный метеорологический центр Федеральной службы по гидрометеорологии и мониторингу окружающей среды"</fullName>
                        <shortName>ФГБУ "ГАМЦ Росгидромета"</shortName>
                        <iko>87732014205772901001</iko>
                        <inn>7732014205</inn>
                        <kpp>772901001</kpp>
                        <ogrn>1037700170386</ogrn>
                        <legalAddress>119027, Москва, Внуково, Центральная, дом 2, офис (квартира) ПОМ.№801;802 КОМ.№1</legalAddress>
                        <postalAddress>119027, Москва Город, Внуково Поселок, Центральная Улица, дом 2</postalAddress>
                        <phone>7-495-4362364</phone>
                        <fax>7-495-4362050</fax>
                        <email>uuww@gamc.ru</email>
                        <okato>45268552000</okato>
                        <okpo>02572367</okpo>
                    </mainInfo>
                </ns2:customer>
                <ns2:purchaseMethodCode>3363</ns2:purchaseMethodCode>
                <ns2:purchaseCodeName>Закупка у единственного поставщика (исполнителя, подрядчика)</ns2:purchaseCodeName>
                <ns2:placer>
                    <mainInfo>
                        <fullName>Федеральное государственное бюджетное учреждение "Главный авиационный метеорологический центр Федеральной службы по гидрометеорологии и мониторингу окружающей среды"</fullName>
                        <shortName>ФГБУ "ГАМЦ Росгидромета"</shortName>
                        <iko>87732014205772901001</iko>
                        <inn>7732014205</inn>
                        <kpp>772901001</kpp>
                        <ogrn>1037700170386</ogrn>
                        <legalAddress>119027, Москва, Внуково, Центральная, дом 2, офис (квартира) ПОМ.№801;802 КОМ.№1</legalAddress>
                        <postalAddress>119027, Москва Город, Внуково Поселок, Центральная Улица, дом 2</postalAddress>
                        <phone>7-495-4362364</phone>
                        <fax>7-495-4362050</fax>
                        <email>uuww@gamc.ru</email>
                        <okato>45268552000</okato>
                        <okpo>02572367</okpo>
                    </mainInfo>
                </ns2:placer>
                <ns2:contact>
                    <firstName>Елена</firstName>
                    <middleName>Михайловна</middleName>
                    <lastName>Потапова</lastName>
                    <phone>+7 (495) 4368616</phone>
                    <email>potapova@gamc.ru</email>
                    <organization>
                        <mainInfo>
                            <fullName>Федеральное государственное бюджетное учреждение "Главный авиационный метеорологический центр Федеральной службы по гидрометеорологии и мониторингу окружающей среды"</fullName>
                            <shortName>ФГБУ "ГАМЦ Росгидромета"</shortName>
                            <iko>87732014205772901001</iko>
                            <inn>7732014205</inn>
                            <kpp>772901001</kpp>
                            <ogrn>1037700170386</ogrn>
                            <legalAddress>119027, Москва, Внуково, Центральная, дом 2, офис (квартира) ПОМ.№801;802 КОМ.№1</legalAddress>
                            <postalAddress>119027, Москва Город, Внуково Поселок, Центральная Улица, дом 2</postalAddress>
                            <phone>7-495-4362364</phone>
                            <fax>7-495-4362050</fax>
                            <email>uuww@gamc.ru</email>
                            <okato>45268552000</okato>
                            <okpo>02572367</okpo>
                        </mainInfo>
                    </organization>
                </ns2:contact>
                <ns2:publicationDateTime>2017-03-16T13:25:02</ns2:publicationDateTime>
                <ns2:documentationDelivery/>
                <ns2:status>P</ns2:status>
                <ns2:version>1</ns2:version>
                <ns2:notDishonest>true</ns2:notDishonest>
                <ns2:attachments>
                    <totalDocumentsCount>1</totalDocumentsCount>
                    <document>
                        <guid>b3e5667c-6f98-4884-acd6-392de3eb48e7</guid>
                        <createDateTime>2017-03-16T13:24:36</createDateTime>
                        <fileName>Сведения о закупке у единственного поставщика.doc</fileName>
                        <description>Сведения о закупке у единственного поставщика</description>
                        <url>http://zakupki.gov.ru/223/purchase/public/download/download.html?id=30106046</url>
                    </document>
                </ns2:attachments>
                <ns2:modificationDate>2017-03-16T13:25:02</ns2:modificationDate>
                <ns2:saveUserId>67706</ns2:saveUserId>
                <ns2:deliveryPlaceIndication>DIFFERENT_PLACE</ns2:deliveryPlaceIndication>
                <ns2:emergency>false</ns2:emergency>
                <ns2:jointPurchase>false</ns2:jointPurchase>
                <ns2:lots>
                    <lot>
                        <guid>30a898d1-ee5d-444f-b1e9-d6d927069a7b</guid>
                        <ordinalNumber>1</ordinalNumber>
                        <lotEditEnabled>false</lotEditEnabled>
                        <lotData>
                            <subject>Прием и передача данных по АФТН (аэропорт Домодедово) </subject>
                            <currency>
                                <code>RUB</code>
                                <digitalCode>643</digitalCode>
                                <name>Российский рубль</name>
                            </currency>
                            <initialSum>60000.00</initialSum>
                            <deliveryPlace>
                                <state>Центральный федеральный округ</state>
                                <region>Московская   обл</region>
                                <regionOkato>46000000000</regionOkato>
                                <address>Московская область</address>
                            </deliveryPlace>
                            <lotItems>
                                <newCodes>true</newCodes>
                                <lotItem>
                                    <guid>1cc2af52-c63d-4537-a9f2-f279826d60b2</guid>
                                    <ordinalNumber>1</ordinalNumber>
                                    <okpd2>
                                        <code>61.10.20</code>
                                        <name>Услуги операторов связи в сфере проводных телекоммуникаций</name>
                                    </okpd2>
                                    <okved2>
                                        <code>61.10</code>
                                        <name>Деятельность в области связи на базе проводных технологий</name>
                                    </okved2>
                                </lotItem>
                            </lotItems>
                            <forSmallOrMiddle>false</forSmallOrMiddle>
                            <excludePurchaseFromPlan>false</excludePurchaseFromPlan>
                            <subcontractorsRequirement>false</subcontractorsRequirement>
                            <ignoredPurchase>false</ignoredPurchase>
                            <centralized>false</centralized>
                        </lotData>
                        <deliveryPlaceIndication>GL</deliveryPlaceIndication>
                        <jointLotData>
                            <jointLot>false</jointLot>
                        </jointLotData>
                        <lotPlanInfo>
                            <planRegistrationNumber>2160206570</planRegistrationNumber>
                            <planGuid>80dbd8de-2b75-4064-a21c-081f68d31228</planGuid>
                            <positionNumber>24</positionNumber>
                            <lotPlanPosition>COMMODITY</lotPlanPosition>
                            <positionGuid>a6795990-798a-481b-a607-ecbdbc648139</positionGuid>
                        </lotPlanInfo>
                        <cancelled>false</cancelled>
                    </lot>
                </ns2:lots>
            </ns2:purchaseNoticeEPData>
        </ns2:item>
    </ns2:body>
</ns2:purchaseNoticeEP>
