<?xml version="1.0" encoding="UTF-8" standalone="yes"?>
<ns2:purchaseNoticeEP xsi:schemaLocation="http://zakupki.gov.ru/223/integration/schema/TFF-5.2 http://zakupki.gov.ru/223/integration/schema/TFF-5.2/purchase.xsd" xmlns="http://zakupki.gov.ru/223fz/types/1" xmlns:ns10="http://zakupki.gov.ru/223fz/purchasePlan/1" xmlns:ns11="http://zakupki.gov.ru/223fz/purchasePlanProject/1" xmlns:ns12="http://zakupki.gov.ru/223fz/purchasePlanProjectAdditionalPosition/1" xmlns:ns13="http://zakupki.gov.ru/223fz/contract/1" xmlns:ns14="http://zakupki.gov.ru/223fz/missedNotice/1" xmlns:ns15="http://zakupki.gov.ru/223fz/reference/1" xmlns:ns16="http://zakupki.gov.ru/223fz/stopCommodity/1" xmlns:ns17="http://zakupki.gov.ru/223fz/decisionSuspension/1" xmlns:ns18="http://zakupki.gov.ru/223fz/purchasePlanAdditionalPosition/1" xmlns:ns19="http://zakupki.gov.ru/223fz/webRequest/1" xmlns:ns2="http://zakupki.gov.ru/223fz/purchase/1" xmlns:xsi="http://www.w3.org/2001/XMLSchema-instance" xmlns:ns3="http://zakupki.gov.ru/223fz/dishonestSupplier/1" xmlns:ns4="http://zakupki.gov.ru/223fz/machineryListInfo/1" xmlns:ns5="http://zakupki.gov.ru/223fz/revenue/1" xmlns:ns6="http://zakupki.gov.ru/223fz/orderClauseList/1" xmlns:ns7="http://zakupki.gov.ru/223fz/disagreementProtocol/1" xmlns:ns8="http://zakupki.gov.ru/223fz/complaint/1" xmlns:ns9="http://zakupki.gov.ru/223fz/notificationIssue/1">
    <header>
        <guid>ed17145c-73ed-4c45-9965-39dbadd4e182</guid>
        <createDateTime>2017-03-16T15:36:51</createDateTime>
    </header>
    <ns2:body>
        <ns2:item>
            <guid>e4a9fcfc-4130-446a-9c09-7ed9997f6bfd</guid>
            <ns2:purchaseNoticeEPData>
                <ns2:guid>e4a9fcfc-4130-446a-9c09-7ed9997f6bfd</ns2:guid>
                <ns2:createDateTime>2017-03-16T15:30:19</ns2:createDateTime>
                <ns2:urlOOS>https://zakupki.gov.ru/223/purchase/private/purchase/notice-info/details.html?noticeInfoId=5886834</ns2:urlOOS>
                <ns2:registrationNumber>31704898678</ns2:registrationNumber>
                <ns2:name>Излучатель  ЛМ4-850</ns2:name>
                <ns2:customer>
                    <mainInfo>
                        <fullName>АКЦИОНЕРНОЕ ОБЩЕСТВО "НАУЧНО-ПРОИЗВОДСТВЕННАЯ КОРПОРАЦИЯ "СИСТЕМЫ ПРЕЦИЗИОННОГО ПРИБОРОСТРОЕНИЯ"</fullName>
                        <shortName>АО "НПК "СПП"</shortName>
                        <iko>57722698108772201001</iko>
                        <inn>7722698108</inn>
                        <kpp>772201001</kpp>
                        <ogrn>1097746629639</ogrn>
                        <legalAddress>111024, г МОСКВА, ул АВИАМОТОРНАЯ, дом 53</legalAddress>
                        <postalAddress>111024, Москва, Авиамоторная, дом 53</postalAddress>
                        <phone>7-495-2349847</phone>
                        <fax>7-495-2349859</fax>
                        <email>uridburo@mail.ru</email>
                        <okato>45290564000</okato>
                        <okpo>07559035</okpo>
                    </mainInfo>
                </ns2:customer>
                <ns2:purchaseMethodCode>3363</ns2:purchaseMethodCode>
                <ns2:purchaseCodeName>Закупка у единственного поставщика (исполнителя, подрядчика)</ns2:purchaseCodeName>
                <ns2:placer>
                    <mainInfo>
                        <fullName>АКЦИОНЕРНОЕ ОБЩЕСТВО "НАУЧНО-ПРОИЗВОДСТВЕННАЯ КОРПОРАЦИЯ "СИСТЕМЫ ПРЕЦИЗИОННОГО ПРИБОРОСТРОЕНИЯ"</fullName>
                        <shortName>АО "НПК "СПП"</shortName>
                        <iko>57722698108772201001</iko>
                        <inn>7722698108</inn>
                        <kpp>772201001</kpp>
                        <ogrn>1097746629639</ogrn>
                        <legalAddress>111024, г МОСКВА, ул АВИАМОТОРНАЯ, дом 53</legalAddress>
                        <postalAddress>111024, Москва, Авиамоторная, дом 53</postalAddress>
                        <phone>7-495-2349847</phone>
                        <fax>7-495-2349859</fax>
                        <email>uridburo@mail.ru</email>
                        <okato>45290564000</okato>
                        <okpo>07559035</okpo>
                    </mainInfo>
                </ns2:placer>
                <ns2:contact>
                    <firstName>Мария</firstName>
                    <lastName>Форменова</lastName>
                    <phone>+8 (495) 9882158, доб.: 1465</phone>
                    <email>zakupki@npk-spp.ru</email>
                    <organization>
                        <mainInfo>
                            <fullName>АКЦИОНЕРНОЕ ОБЩЕСТВО "НАУЧНО-ПРОИЗВОДСТВЕННАЯ КОРПОРАЦИЯ "СИСТЕМЫ ПРЕЦИЗИОННОГО ПРИБОРОСТРОЕНИЯ"</fullName>
                            <shortName>АО "НПК "СПП"</shortName>
                            <iko>57722698108772201001</iko>
                            <inn>7722698108</inn>
                            <kpp>772201001</kpp>
                            <ogrn>1097746629639</ogrn>
                            <legalAddress>111024, г МОСКВА, ул АВИАМОТОРНАЯ, дом 53</legalAddress>
                            <postalAddress>111024, Москва, Авиамоторная, дом 53</postalAddress>
                            <phone>7-495-2349847</phone>
                            <fax>7-495-2349859</fax>
                            <email>uridburo@mail.ru</email>
                            <okato>45290564000</okato>
                            <okpo>07559035</okpo>
                        </mainInfo>
                    </organization>
                </ns2:contact>
                <ns2:publicationDateTime>2017-03-16T15:36:51</ns2:publicationDateTime>
                <ns2:documentationDelivery>
                    <deliveryStartDateTime>2017-03-16</deliveryStartDateTime>
                    <deliveryEndDateTime>2017-03-16</deliveryEndDateTime>
                    <place>Согласно документации</place>
                    <procedure>Согласно документации</procedure>
                </ns2:documentationDelivery>
                <ns2:status>P</ns2:status>
                <ns2:version>1</ns2:version>
                <ns2:notDishonest>false</ns2:notDishonest>
                <ns2:attachments>
                    <totalDocumentsCount>4</totalDocumentsCount>
                    <document>
                        <guid>89365536-1cbc-4686-8fe1-8324ed4cf390</guid>
                        <createDateTime>2017-03-16T15:36:03</createDateTime>
                        <fileName>Договор 02-2017-0329.pdf</fileName>
                        <description>Договор 02-2017-0329</description>
                        <url>http://zakupki.gov.ru/223/purchase/public/download/download.html?id=30113939</url>
                    </document>
                    <document>
                        <guid>dbe1f546-e8cb-4740-87cd-439f65666517</guid>
                        <createDateTime>2017-03-16T15:36:08</createDateTime>
                        <fileName>Информационная карта.docx</fileName>
                        <description>Информационная карта</description>
                        <url>http://zakupki.gov.ru/223/purchase/public/download/download.html?id=30113943</url>
                    </document>
                    <document>
                        <guid>4320c1ac-ce32-4843-885f-19368f4ae0fa</guid>
                        <createDateTime>2017-03-16T15:36:22</createDateTime>
                        <fileName>извещение_док_едпоставщик011216.doc</fileName>
                        <description>извещение_док_едпоставщик011216</description>
                        <url>http://zakupki.gov.ru/223/purchase/public/download/download.html?id=30113961</url>
                    </document>
                    <document>
                        <guid>8e7016d5-a0d4-4e1e-b7f2-7d0064b027e1</guid>
                        <createDateTime>2017-03-16T15:35:56</createDateTime>
                        <fileName>Антикоррупц. соглашение.pdf</fileName>
                        <description>Антикоррупц. соглашение</description>
                        <url>http://zakupki.gov.ru/223/purchase/public/download/download.html?id=30113934</url>
                    </document>
                </ns2:attachments>
                <ns2:modificationDate>2017-03-16T15:36:51</ns2:modificationDate>
                <ns2:saveUserId>212201</ns2:saveUserId>
                <ns2:deliveryPlaceIndication>DIFFERENT_PLACE</ns2:deliveryPlaceIndication>
                <ns2:emergency>false</ns2:emergency>
                <ns2:jointPurchase>false</ns2:jointPurchase>
                <ns2:lots>
                    <lot>
                        <guid>f0871b45-b375-4234-89d9-cd099f7ed978</guid>
                        <ordinalNumber>1</ordinalNumber>
                        <lotEditEnabled>false</lotEditEnabled>
                        <lotData>
                            <subject>Излучатель ЛМ4-850
</subject>
                            <currency>
                                <code>RUB</code>
                                <digitalCode>643</digitalCode>
                                <name>Российский рубль</name>
                            </currency>
                            <initialSum>1005548.80</initialSum>
                            <deliveryPlace>
                                <state>Центральный федеральный округ</state>
                                <region>Москва</region>
                                <regionOkato>45000000000</regionOkato>
                                <address>Город Москва, улица Авиамоторная, 53</address>
                            </deliveryPlace>
                            <lotItems>
                                <newCodes>true</newCodes>
                                <lotItem>
                                    <guid>90f91c5f-f8ab-4b02-8361-5e7b0fc38f28</guid>
                                    <ordinalNumber>1</ordinalNumber>
                                    <okpd2>
                                        <code>26.11.22</code>
                                        <name>Приборы полупроводниковые; диоды светоизлучающие полупроводниковые; приборы пьезоэлектрические; их части</name>
                                    </okpd2>
                                    <okved2>
                                        <code>26</code>
                                        <name>Производство компьютеров, электронных и оптических изделий</name>
                                    </okved2>
                                    <okei>
                                        <code>796</code>
                                        <name>Штука</name>
                                    </okei>
                                    <qty>64</qty>
                                </lotItem>
                            </lotItems>
                            <forSmallOrMiddle>false</forSmallOrMiddle>
                            <excludePurchaseFromPlan>false</excludePurchaseFromPlan>
                            <subcontractorsRequirement>false</subcontractorsRequirement>
                            <ignoredPurchase>true</ignoredPurchase>
                            <purchaseCategory>
                                <code>1</code>
                                <name>Закупки для обеспечения обороны страны и безопасности государства</name>
                            </purchaseCategory>
                            <centralized>false</centralized>
                        </lotData>
                        <deliveryPlaceIndication>GL</deliveryPlaceIndication>
                        <jointLotData>
                            <jointLot>false</jointLot>
                        </jointLotData>
                        <lotPlanInfo>
                            <planRegistrationNumber>2160200083</planRegistrationNumber>
                            <planGuid>6f0c2ff7-c295-442c-b0e2-1ef264ed147d</planGuid>
                            <positionNumber>257</positionNumber>
                            <lotPlanPosition>COMMODITY</lotPlanPosition>
                            <positionGuid>fe3a9b16-4288-46d0-8461-431873345c9e</positionGuid>
                        </lotPlanInfo>
                        <cancelled>false</cancelled>
                    </lot>
                </ns2:lots>
            </ns2:purchaseNoticeEPData>
        </ns2:item>
    </ns2:body>
</ns2:purchaseNoticeEP>
