<?xml version="1.0" encoding="UTF-8" standalone="yes"?>
<ns2:purchaseNoticeEP xsi:schemaLocation="http://zakupki.gov.ru/223/integration/schema/TFF-5.2 http://zakupki.gov.ru/223/integration/schema/TFF-5.2/purchase.xsd" xmlns="http://zakupki.gov.ru/223fz/types/1" xmlns:ns10="http://zakupki.gov.ru/223fz/purchasePlan/1" xmlns:ns11="http://zakupki.gov.ru/223fz/purchasePlanProject/1" xmlns:ns12="http://zakupki.gov.ru/223fz/purchasePlanProjectAdditionalPosition/1" xmlns:ns13="http://zakupki.gov.ru/223fz/contract/1" xmlns:ns14="http://zakupki.gov.ru/223fz/missedNotice/1" xmlns:ns15="http://zakupki.gov.ru/223fz/reference/1" xmlns:ns16="http://zakupki.gov.ru/223fz/stopCommodity/1" xmlns:ns17="http://zakupki.gov.ru/223fz/decisionSuspension/1" xmlns:ns18="http://zakupki.gov.ru/223fz/purchasePlanAdditionalPosition/1" xmlns:ns19="http://zakupki.gov.ru/223fz/webRequest/1" xmlns:ns2="http://zakupki.gov.ru/223fz/purchase/1" xmlns:xsi="http://www.w3.org/2001/XMLSchema-instance" xmlns:ns3="http://zakupki.gov.ru/223fz/dishonestSupplier/1" xmlns:ns4="http://zakupki.gov.ru/223fz/machineryListInfo/1" xmlns:ns5="http://zakupki.gov.ru/223fz/revenue/1" xmlns:ns6="http://zakupki.gov.ru/223fz/orderClauseList/1" xmlns:ns7="http://zakupki.gov.ru/223fz/disagreementProtocol/1" xmlns:ns8="http://zakupki.gov.ru/223fz/complaint/1" xmlns:ns9="http://zakupki.gov.ru/223fz/notificationIssue/1">
    <header>
        <guid>6e33bec7-8038-4dea-b006-9a49fb11c5ee</guid>
        <createDateTime>2017-03-16T14:07:30</createDateTime>
    </header>
    <ns2:body>
        <ns2:item>
            <guid>3be30b3b-a322-44ea-a6fc-6d6e78e827c6</guid>
            <ns2:purchaseNoticeEPData>
                <ns2:guid>3be30b3b-a322-44ea-a6fc-6d6e78e827c6</ns2:guid>
                <ns2:createDateTime>2017-03-16T14:03:35</ns2:createDateTime>
                <ns2:urlOOS>https://zakupki.gov.ru/223/purchase/private/purchase/notice-info/details.html?noticeInfoId=5885765</ns2:urlOOS>
                <ns2:registrationNumber>31704897787</ns2:registrationNumber>
                <ns2:name>Оказание услуг по охране офиса</ns2:name>
                <ns2:customer>
                    <mainInfo>
                        <fullName>АКЦИОНЕРНОЕ ОБЩЕСТВО "ВЭБ-ЛИЗИНГ"</fullName>
                        <shortName>АО "ВЭБ-ЛИЗИНГ"</shortName>
                        <iko>67709413138770401001</iko>
                        <inn>7709413138</inn>
                        <kpp>770401001</kpp>
                        <ogrn>1037709024781</ogrn>
                        <legalAddress>125009, Г МОСКВА, УЛ ВОЗДВИЖЕНКА, дом 10</legalAddress>
                        <postalAddress>125009, Москва Город, Воздвиженка Улица, дом 10</postalAddress>
                        <phone>7-495-9814240</phone>
                        <fax>7-495-9814239</fax>
                        <email>e.chamara@veb-leasing.ru</email>
                        <okato>45286552000</okato>
                        <okpo>14121173</okpo>
                    </mainInfo>
                </ns2:customer>
                <ns2:purchaseMethodCode>3363</ns2:purchaseMethodCode>
                <ns2:purchaseCodeName>Закупка у единственного поставщика (исполнителя, подрядчика)</ns2:purchaseCodeName>
                <ns2:placer>
                    <mainInfo>
                        <fullName>АКЦИОНЕРНОЕ ОБЩЕСТВО "ВЭБ-ЛИЗИНГ"</fullName>
                        <shortName>АО "ВЭБ-ЛИЗИНГ"</shortName>
                        <iko>67709413138770401001</iko>
                        <inn>7709413138</inn>
                        <kpp>770401001</kpp>
                        <ogrn>1037709024781</ogrn>
                        <legalAddress>125009, Г МОСКВА, УЛ ВОЗДВИЖЕНКА, дом 10</legalAddress>
                        <postalAddress>125009, Москва Город, Воздвиженка Улица, дом 10</postalAddress>
                        <phone>7-495-9814240</phone>
                        <fax>7-495-9814239</fax>
                        <email>e.chamara@veb-leasing.ru</email>
                        <okato>45286552000</okato>
                        <okpo>14121173</okpo>
                    </mainInfo>
                </ns2:placer>
                <ns2:contact>
                    <phone>+7 (495) 9814240, доб.: 1522</phone>
                    <email>Е.Malakhova@veb-leasing.ru</email>
                    <organization>
                        <mainInfo>
                            <fullName>АКЦИОНЕРНОЕ ОБЩЕСТВО "ВЭБ-ЛИЗИНГ"</fullName>
                            <shortName>АО "ВЭБ-ЛИЗИНГ"</shortName>
                            <iko>67709413138770401001</iko>
                            <inn>7709413138</inn>
                            <kpp>770401001</kpp>
                            <ogrn>1037709024781</ogrn>
                            <legalAddress>125009, Г МОСКВА, УЛ ВОЗДВИЖЕНКА, дом 10</legalAddress>
                            <postalAddress>125009, Москва Город, Воздвиженка Улица, дом 10</postalAddress>
                            <phone>7-495-9814240</phone>
                            <fax>7-495-9814239</fax>
                            <email>e.chamara@veb-leasing.ru</email>
                            <okato>45286552000</okato>
                            <okpo>14121173</okpo>
                        </mainInfo>
                    </organization>
                </ns2:contact>
                <ns2:publicationDateTime>2017-03-16T14:07:30</ns2:publicationDateTime>
                <ns2:documentationDelivery/>
                <ns2:status>P</ns2:status>
                <ns2:version>1</ns2:version>
                <ns2:notDishonest>false</ns2:notDishonest>
                <ns2:attachments>
                    <totalDocumentsCount>4</totalDocumentsCount>
                    <document>
                        <guid>0728c02f-788c-4a94-ae00-92c862d60e14</guid>
                        <createDateTime>2017-03-16T14:06:31</createDateTime>
                        <fileName>Договор СМВ СБ 2017 (проект) (1986876 v1).DOCX</fileName>
                        <description>Договор СМВ СБ 2017 (проект) (1986876 v1)</description>
                        <url>http://zakupki.gov.ru/223/purchase/public/download/download.html?id=30108514</url>
                    </document>
                    <document>
                        <guid>3ebd685f-d8b6-4739-81d3-67954622827c</guid>
                        <createDateTime>2017-03-16T14:06:44</createDateTime>
                        <fileName>Извещение.docx</fileName>
                        <description>Извещение</description>
                        <url>http://zakupki.gov.ru/223/purchase/public/download/download.html?id=30108530</url>
                    </document>
                    <document>
                        <guid>682d1cb8-b7ca-4bbd-95fb-45c5ce08377a</guid>
                        <createDateTime>2017-03-16T14:06:37</createDateTime>
                        <fileName>Документация.docx</fileName>
                        <description>Документация</description>
                        <url>http://zakupki.gov.ru/223/purchase/public/download/download.html?id=30108521</url>
                    </document>
                    <document>
                        <guid>f4f35879-de0b-4bc5-8785-1f2828ec7128</guid>
                        <createDateTime>2017-03-16T14:06:49</createDateTime>
                        <fileName>Протокол.pdf</fileName>
                        <description>Протокол</description>
                        <url>http://zakupki.gov.ru/223/purchase/public/download/download.html?id=30108538</url>
                    </document>
                </ns2:attachments>
                <ns2:modificationDate>2017-03-16T14:07:30</ns2:modificationDate>
                <ns2:saveUserId>225074</ns2:saveUserId>
                <ns2:deliveryPlaceIndication>DIFFERENT_PLACE</ns2:deliveryPlaceIndication>
                <ns2:emergency>false</ns2:emergency>
                <ns2:jointPurchase>false</ns2:jointPurchase>
                <ns2:lots>
                    <lot>
                        <guid>7ce36038-f949-49f6-b8da-828e54bb803d</guid>
                        <ordinalNumber>1</ordinalNumber>
                        <lotEditEnabled>false</lotEditEnabled>
                        <lotData>
                            <subject>Оказание услуг по охране офиса</subject>
                            <currency>
                                <code>RUB</code>
                                <digitalCode>643</digitalCode>
                                <name>Российский рубль</name>
                            </currency>
                            <initialSum>1080000.00</initialSum>
                            <deliveryPlace>
                                <state>Центральный федеральный округ</state>
                                <region>Москва</region>
                                <regionOkato>45000000000</regionOkato>
                                <address>г. Москва</address>
                            </deliveryPlace>
                            <lotItems>
                                <newCodes>true</newCodes>
                                <lotItem>
                                    <guid>fddbd9c0-0841-4504-ac29-2ac7bff6c651</guid>
                                    <ordinalNumber>1</ordinalNumber>
                                    <okpd2>
                                        <code>80.10.12.000</code>
                                        <name>Услуги охраны</name>
                                    </okpd2>
                                    <okved2>
                                        <code>80.10</code>
                                        <name>Деятельность частных охранных служб</name>
                                    </okved2>
                                    <okei>
                                        <code>704</code>
                                        <name>Набор</name>
                                    </okei>
                                    <qty>1</qty>
                                </lotItem>
                            </lotItems>
                            <forSmallOrMiddle>false</forSmallOrMiddle>
                            <excludePurchaseFromPlan>false</excludePurchaseFromPlan>
                            <subcontractorsRequirement>false</subcontractorsRequirement>
                            <ignoredPurchase>false</ignoredPurchase>
                            <centralized>false</centralized>
                        </lotData>
                        <deliveryPlaceIndication>GL</deliveryPlaceIndication>
                        <jointLotData>
                            <jointLot>false</jointLot>
                        </jointLotData>
                        <lotPlanInfo>
                            <planRegistrationNumber>2160197612</planRegistrationNumber>
                            <planGuid>b31dd4ba-032c-4606-b30c-58519f6b771c</planGuid>
                            <positionNumber>55</positionNumber>
                            <lotPlanPosition>COMMODITY</lotPlanPosition>
                            <positionGuid>3f3e5db6-4ff4-457e-a2dd-624a2aa723ca</positionGuid>
                        </lotPlanInfo>
                        <cancelled>false</cancelled>
                    </lot>
                </ns2:lots>
            </ns2:purchaseNoticeEPData>
        </ns2:item>
    </ns2:body>
</ns2:purchaseNoticeEP>
