<?xml version="1.0" encoding="UTF-8" standalone="yes"?>
<ns2:purchaseNoticeEP xsi:schemaLocation="http://zakupki.gov.ru/223/integration/schema/TFF-5.2 http://zakupki.gov.ru/223/integration/schema/TFF-5.2/purchase.xsd" xmlns="http://zakupki.gov.ru/223fz/types/1" xmlns:ns10="http://zakupki.gov.ru/223fz/purchasePlan/1" xmlns:ns11="http://zakupki.gov.ru/223fz/purchasePlanProject/1" xmlns:ns12="http://zakupki.gov.ru/223fz/purchasePlanProjectAdditionalPosition/1" xmlns:ns13="http://zakupki.gov.ru/223fz/contract/1" xmlns:ns14="http://zakupki.gov.ru/223fz/missedNotice/1" xmlns:ns15="http://zakupki.gov.ru/223fz/reference/1" xmlns:ns16="http://zakupki.gov.ru/223fz/stopCommodity/1" xmlns:ns17="http://zakupki.gov.ru/223fz/decisionSuspension/1" xmlns:ns18="http://zakupki.gov.ru/223fz/purchasePlanAdditionalPosition/1" xmlns:ns19="http://zakupki.gov.ru/223fz/webRequest/1" xmlns:ns2="http://zakupki.gov.ru/223fz/purchase/1" xmlns:xsi="http://www.w3.org/2001/XMLSchema-instance" xmlns:ns3="http://zakupki.gov.ru/223fz/dishonestSupplier/1" xmlns:ns4="http://zakupki.gov.ru/223fz/machineryListInfo/1" xmlns:ns5="http://zakupki.gov.ru/223fz/revenue/1" xmlns:ns6="http://zakupki.gov.ru/223fz/orderClauseList/1" xmlns:ns7="http://zakupki.gov.ru/223fz/disagreementProtocol/1" xmlns:ns8="http://zakupki.gov.ru/223fz/complaint/1" xmlns:ns9="http://zakupki.gov.ru/223fz/notificationIssue/1">
    <header>
        <guid>1f6a1f1c-6c31-48a9-9e3d-9bd7599381e8</guid>
        <createDateTime>2017-03-16T16:50:27</createDateTime>
    </header>
    <ns2:body>
        <ns2:item>
            <guid>ca61e83d-82f8-4681-a463-e1e6fb65bdb8</guid>
            <ns2:purchaseNoticeEPData>
                <ns2:guid>ca61e83d-82f8-4681-a463-e1e6fb65bdb8</ns2:guid>
                <ns2:createDateTime>2017-03-16T16:13:52</ns2:createDateTime>
                <ns2:urlOOS>https://zakupki.gov.ru/223/purchase/private/purchase/notice-info/details.html?noticeInfoId=5887366</ns2:urlOOS>
                <ns2:registrationNumber>31704899384</ns2:registrationNumber>
                <ns2:name>услуги по расчетному дистанционному обслуживанию банковского счета </ns2:name>
                <ns2:customer>
                    <mainInfo>
                        <fullName>ОБЩЕСТВО С ОГРАНИЧЕННОЙ ОТВЕТСТВЕННОСТЬЮ "ИПОТЕЧНЫЙ АГЕНТ "ФАБРИКА ИЦБ"</fullName>
                        <shortName>ООО "ИА "ФАБРИКА ИЦБ"</shortName>
                        <iko>67727290538770401001</iko>
                        <inn>7727290538</inn>
                        <kpp>770401001</kpp>
                        <ogrn>1167746438881</ogrn>
                        <legalAddress>125009, Г МОСКВА, УЛ ВОЗДВИЖЕНКА, дом ДОМ 10, офис (квартира) ЭТАЖ 7</legalAddress>
                        <postalAddress>125009, г. МОСКВА, ул. ВОЗДВИЖЕНКА, д. 10 
</postalAddress>
                        <phone>(495)7754740</phone>
                        <email>fabrika@ahml.ru</email>
                        <okato>45286552000</okato>
                        <okpo>02354179</okpo>
                    </mainInfo>
                </ns2:customer>
                <ns2:purchaseMethodCode>3363</ns2:purchaseMethodCode>
                <ns2:purchaseCodeName>Закупка у единственного поставщика (исполнителя, подрядчика)</ns2:purchaseCodeName>
                <ns2:placer>
                    <mainInfo>
                        <fullName>ОБЩЕСТВО С ОГРАНИЧЕННОЙ ОТВЕТСТВЕННОСТЬЮ "ИПОТЕЧНЫЙ АГЕНТ "ФАБРИКА ИЦБ"</fullName>
                        <shortName>ООО "ИА "ФАБРИКА ИЦБ"</shortName>
                        <iko>67727290538770401001</iko>
                        <inn>7727290538</inn>
                        <kpp>770401001</kpp>
                        <ogrn>1167746438881</ogrn>
                        <legalAddress>125009, Г МОСКВА, УЛ ВОЗДВИЖЕНКА, дом ДОМ 10, офис (квартира) ЭТАЖ 7</legalAddress>
                        <postalAddress>125009, г. МОСКВА, ул. ВОЗДВИЖЕНКА, д. 10 
</postalAddress>
                        <phone>(495)7754740</phone>
                        <email>fabrika@ahml.ru</email>
                        <okato>45286552000</okato>
                        <okpo>02354179</okpo>
                    </mainInfo>
                </ns2:placer>
                <ns2:contact>
                    <phone>+7 (495) 7754740, доб.: 8723</phone>
                    <email>torgi@ahml.ru</email>
                    <organization>
                        <mainInfo>
                            <fullName>ОБЩЕСТВО С ОГРАНИЧЕННОЙ ОТВЕТСТВЕННОСТЬЮ "ИПОТЕЧНЫЙ АГЕНТ "ФАБРИКА ИЦБ"</fullName>
                            <shortName>ООО "ИА "ФАБРИКА ИЦБ"</shortName>
                            <iko>67727290538770401001</iko>
                            <inn>7727290538</inn>
                            <kpp>770401001</kpp>
                            <ogrn>1167746438881</ogrn>
                            <legalAddress>125009, Г МОСКВА, УЛ ВОЗДВИЖЕНКА, дом ДОМ 10, офис (квартира) ЭТАЖ 7</legalAddress>
                            <postalAddress>125009, г. МОСКВА, ул. ВОЗДВИЖЕНКА, д. 10 
</postalAddress>
                            <phone>(495)7754740</phone>
                            <email>fabrika@ahml.ru</email>
                            <okato>45286552000</okato>
                            <okpo>02354179</okpo>
                        </mainInfo>
                    </organization>
                </ns2:contact>
                <ns2:publicationDateTime>2017-03-16T16:50:27</ns2:publicationDateTime>
                <ns2:documentationDelivery>
                    <deliveryStartDateTime>2016-12-23</deliveryStartDateTime>
                    <deliveryEndDateTime>2016-12-23</deliveryEndDateTime>
                </ns2:documentationDelivery>
                <ns2:status>P</ns2:status>
                <ns2:version>1</ns2:version>
                <ns2:notDishonest>false</ns2:notDishonest>
                <ns2:attachments>
                    <totalDocumentsCount>1</totalDocumentsCount>
                    <document>
                        <guid>0fc5d9a7-a6b1-418a-afca-b709935e44a2</guid>
                        <createDateTime>2017-03-16T16:48:23</createDateTime>
                        <fileName>Документация.docx</fileName>
                        <description>Документация</description>
                        <url>http://zakupki.gov.ru/223/purchase/public/download/download.html?id=30117781</url>
                    </document>
                </ns2:attachments>
                <ns2:modificationDate>2017-03-16T16:50:27</ns2:modificationDate>
                <ns2:saveUserId>217510</ns2:saveUserId>
                <ns2:deliveryPlaceIndication>DIFFERENT_PLACE</ns2:deliveryPlaceIndication>
                <ns2:emergency>false</ns2:emergency>
                <ns2:jointPurchase>false</ns2:jointPurchase>
                <ns2:lots>
                    <lot>
                        <guid>6c578e76-2f77-4df4-8619-735d0ab70ed9</guid>
                        <ordinalNumber>1</ordinalNumber>
                        <lotEditEnabled>false</lotEditEnabled>
                        <lotData>
                            <subject>Предоставление услуги «Дистанционное банковское обслуживание»</subject>
                            <currency>
                                <code>RUB</code>
                                <digitalCode>643</digitalCode>
                                <name>Российский рубль</name>
                            </currency>
                            <initialSum>0.00</initialSum>
                            <deliveryPlace>
                                <state>Центральный федеральный округ</state>
                                <region>Москва</region>
                                <regionOkato>45000000000</regionOkato>
                                <address>г. Москва</address>
                            </deliveryPlace>
                            <lotItems>
                                <newCodes>true</newCodes>
                                <lotItem>
                                    <guid>729bf8ac-0892-4849-9664-c4f0072c5a00</guid>
                                    <ordinalNumber>1</ordinalNumber>
                                    <okpd2>
                                        <code>64.99</code>
                                        <name>Услуги финансовые прочие, кроме услуг по страхованию и пенсионному обеспечению, не включенные в другие группировки</name>
                                    </okpd2>
                                    <okved2>
                                        <code>64.99</code>
                                        <name>Предоставление прочих финансовых услуг, кроме услуг по страхованию и пенсионному обеспечению, не включенных в другие группировки</name>
                                    </okved2>
                                    <okei>
                                        <code>876</code>
                                        <name>Условная единица</name>
                                    </okei>
                                    <qty>1</qty>
                                </lotItem>
                            </lotItems>
                            <forSmallOrMiddle>false</forSmallOrMiddle>
                            <excludePurchaseFromPlan>false</excludePurchaseFromPlan>
                            <subcontractorsRequirement>false</subcontractorsRequirement>
                            <ignoredPurchase>false</ignoredPurchase>
                            <centralized>false</centralized>
                        </lotData>
                        <deliveryPlaceIndication>GL</deliveryPlaceIndication>
                        <jointLotData>
                            <jointLot>false</jointLot>
                        </jointLotData>
                        <lotPlanInfo>
                            <planRegistrationNumber>2160210571</planRegistrationNumber>
                            <planGuid>f6e6c370-bcbb-47d6-9f67-abb5c8285180</planGuid>
                            <positionNumber>9</positionNumber>
                            <lotPlanPosition>COMMODITY</lotPlanPosition>
                            <positionGuid>95f92f95-7a5c-4e80-98e1-b8d81d18c341</positionGuid>
                        </lotPlanInfo>
                        <cancelled>false</cancelled>
                    </lot>
                </ns2:lots>
            </ns2:purchaseNoticeEPData>
        </ns2:item>
    </ns2:body>
</ns2:purchaseNoticeEP>
