<?xml version="1.0" encoding="UTF-8" standalone="yes"?>
<ns2:purchaseNoticeEP xsi:schemaLocation="http://zakupki.gov.ru/223/integration/schema/TFF-5.2 http://zakupki.gov.ru/223/integration/schema/TFF-5.2/purchase.xsd" xmlns="http://zakupki.gov.ru/223fz/types/1" xmlns:ns10="http://zakupki.gov.ru/223fz/purchasePlan/1" xmlns:ns11="http://zakupki.gov.ru/223fz/purchasePlanProject/1" xmlns:ns12="http://zakupki.gov.ru/223fz/purchasePlanProjectAdditionalPosition/1" xmlns:ns13="http://zakupki.gov.ru/223fz/contract/1" xmlns:ns14="http://zakupki.gov.ru/223fz/missedNotice/1" xmlns:ns15="http://zakupki.gov.ru/223fz/reference/1" xmlns:ns16="http://zakupki.gov.ru/223fz/stopCommodity/1" xmlns:ns17="http://zakupki.gov.ru/223fz/decisionSuspension/1" xmlns:ns18="http://zakupki.gov.ru/223fz/purchasePlanAdditionalPosition/1" xmlns:ns19="http://zakupki.gov.ru/223fz/webRequest/1" xmlns:ns2="http://zakupki.gov.ru/223fz/purchase/1" xmlns:xsi="http://www.w3.org/2001/XMLSchema-instance" xmlns:ns3="http://zakupki.gov.ru/223fz/dishonestSupplier/1" xmlns:ns4="http://zakupki.gov.ru/223fz/machineryListInfo/1" xmlns:ns5="http://zakupki.gov.ru/223fz/revenue/1" xmlns:ns6="http://zakupki.gov.ru/223fz/orderClauseList/1" xmlns:ns7="http://zakupki.gov.ru/223fz/disagreementProtocol/1" xmlns:ns8="http://zakupki.gov.ru/223fz/complaint/1" xmlns:ns9="http://zakupki.gov.ru/223fz/notificationIssue/1">
    <header>
        <guid>30b3b9ad-37fb-436a-86a2-f8be2d3ddf27</guid>
        <createDateTime>2017-03-16T16:21:09</createDateTime>
    </header>
    <ns2:body>
        <ns2:item>
            <guid>586ab994-abaf-4d1f-9d9c-c605220645a3</guid>
            <ns2:purchaseNoticeEPData>
                <ns2:guid>586ab994-abaf-4d1f-9d9c-c605220645a3</ns2:guid>
                <ns2:createDateTime>2017-03-16T16:17:30</ns2:createDateTime>
                <ns2:urlOOS>https://zakupki.gov.ru/223/purchase/private/purchase/notice-info/details.html?noticeInfoId=5887400</ns2:urlOOS>
                <ns2:registrationNumber>31704899119</ns2:registrationNumber>
                <ns2:name>Оказание услуг по проведению лабораторных исследований и инструментальных измерений на объектах ФГБУ «ЦНИИСиЧЛХ» Минздрава России</ns2:name>
                <ns2:customer>
                    <mainInfo>
                        <fullName>ФЕДЕРАЛЬНОЕ ГОСУДАРСТВЕННОЕ БЮДЖЕТНОЕ УЧРЕЖДЕНИЕ "ЦЕНТРАЛЬНЫЙ НАУЧНО-ИССЛЕДОВАТЕЛЬСКИЙ ИНСТИТУТ СТОМАТОЛОГИИ И ЧЕЛЮСТНО-ЛИЦЕВОЙ ХИРУРГИИ" МИНИСТЕРСТВА ЗДРАВООХРАНЕНИЯ РОССИЙСКОЙ ФЕДЕРАЦИИ</fullName>
                        <shortName>ФГБУ "ЦНИИСИЧЛХ" МИНЗДРАВА РОССИИ</shortName>
                        <iko>87704115177770401001</iko>
                        <inn>7704115177</inn>
                        <kpp>770401001</kpp>
                        <ogrn>1037739448460</ogrn>
                        <legalAddress>119991, Г МОСКВА, УЛ ТИМУРА ФРУНЗЕ, дом ДОМ 16</legalAddress>
                        <postalAddress>119034, Москва Город, Тимура Фрунзе Улица, дом 16</postalAddress>
                        <phone>7-499-2450661</phone>
                        <fax>7-499-2465577</fax>
                        <email>kulakov@cniis.ru</email>
                        <okato>45286590000</okato>
                        <okpo>01897630</okpo>
                    </mainInfo>
                </ns2:customer>
                <ns2:purchaseMethodCode>3363</ns2:purchaseMethodCode>
                <ns2:purchaseCodeName>Закупка у единственного поставщика (исполнителя, подрядчика)</ns2:purchaseCodeName>
                <ns2:placer>
                    <mainInfo>
                        <fullName>ФЕДЕРАЛЬНОЕ ГОСУДАРСТВЕННОЕ БЮДЖЕТНОЕ УЧРЕЖДЕНИЕ "ЦЕНТРАЛЬНЫЙ НАУЧНО-ИССЛЕДОВАТЕЛЬСКИЙ ИНСТИТУТ СТОМАТОЛОГИИ И ЧЕЛЮСТНО-ЛИЦЕВОЙ ХИРУРГИИ" МИНИСТЕРСТВА ЗДРАВООХРАНЕНИЯ РОССИЙСКОЙ ФЕДЕРАЦИИ</fullName>
                        <shortName>ФГБУ "ЦНИИСИЧЛХ" МИНЗДРАВА РОССИИ</shortName>
                        <iko>87704115177770401001</iko>
                        <inn>7704115177</inn>
                        <kpp>770401001</kpp>
                        <ogrn>1037739448460</ogrn>
                        <legalAddress>119991, Г МОСКВА, УЛ ТИМУРА ФРУНЗЕ, дом ДОМ 16</legalAddress>
                        <postalAddress>119034, Москва Город, Тимура Фрунзе Улица, дом 16</postalAddress>
                        <phone>7-499-2450661</phone>
                        <fax>7-499-2465577</fax>
                        <email>kulakov@cniis.ru</email>
                        <okato>45286590000</okato>
                        <okpo>01897630</okpo>
                    </mainInfo>
                </ns2:placer>
                <ns2:contact>
                    <firstName>Оксана</firstName>
                    <middleName>Александровна</middleName>
                    <lastName>Дильдина</lastName>
                    <phone>+7 (499) 2450661</phone>
                    <email>zakupki_cniis2014@list.ru</email>
                    <organization>
                        <mainInfo>
                            <fullName>ФЕДЕРАЛЬНОЕ ГОСУДАРСТВЕННОЕ БЮДЖЕТНОЕ УЧРЕЖДЕНИЕ "ЦЕНТРАЛЬНЫЙ НАУЧНО-ИССЛЕДОВАТЕЛЬСКИЙ ИНСТИТУТ СТОМАТОЛОГИИ И ЧЕЛЮСТНО-ЛИЦЕВОЙ ХИРУРГИИ" МИНИСТЕРСТВА ЗДРАВООХРАНЕНИЯ РОССИЙСКОЙ ФЕДЕРАЦИИ</fullName>
                            <shortName>ФГБУ "ЦНИИСИЧЛХ" МИНЗДРАВА РОССИИ</shortName>
                            <iko>87704115177770401001</iko>
                            <inn>7704115177</inn>
                            <kpp>770401001</kpp>
                            <ogrn>1037739448460</ogrn>
                            <legalAddress>119991, Г МОСКВА, УЛ ТИМУРА ФРУНЗЕ, дом ДОМ 16</legalAddress>
                            <postalAddress>119034, Москва Город, Тимура Фрунзе Улица, дом 16</postalAddress>
                            <phone>7-499-2450661</phone>
                            <fax>7-499-2465577</fax>
                            <email>kulakov@cniis.ru</email>
                            <okato>45286590000</okato>
                            <okpo>01897630</okpo>
                        </mainInfo>
                    </organization>
                </ns2:contact>
                <ns2:publicationDateTime>2017-03-16T16:21:09</ns2:publicationDateTime>
                <ns2:documentationDelivery/>
                <ns2:status>P</ns2:status>
                <ns2:version>1</ns2:version>
                <ns2:notDishonest>true</ns2:notDishonest>
                <ns2:attachments>
                    <totalDocumentsCount>1</totalDocumentsCount>
                    <document>
                        <guid>60d1c673-068d-4038-84b5-7e4ae0d3e1d2</guid>
                        <createDateTime>2017-03-16T16:20:19</createDateTime>
                        <fileName>Договор.docx</fileName>
                        <description>Договор</description>
                        <url>http://zakupki.gov.ru/223/purchase/public/download/download.html?id=30116363</url>
                    </document>
                </ns2:attachments>
                <ns2:modificationDate>2017-03-16T16:21:09</ns2:modificationDate>
                <ns2:saveUserId>139659</ns2:saveUserId>
                <ns2:deliveryPlaceIndication>DIFFERENT_PLACE</ns2:deliveryPlaceIndication>
                <ns2:emergency>false</ns2:emergency>
                <ns2:jointPurchase>false</ns2:jointPurchase>
                <ns2:lots>
                    <lot>
                        <guid>c1e3e2a7-736c-4bb1-a960-dd1c7c97b251</guid>
                        <ordinalNumber>1</ordinalNumber>
                        <lotEditEnabled>false</lotEditEnabled>
                        <lotData>
                            <subject>Оказание услуг по проведению лабораторных исследований и инструментальных измерений на объектах ФГБУ «ЦНИИСиЧЛХ» Минздрава России</subject>
                            <currency>
                                <code>RUB</code>
                                <digitalCode>643</digitalCode>
                                <name>Российский рубль</name>
                            </currency>
                            <initialSum>338084.16</initialSum>
                            <deliveryPlace>
                                <state>Центральный федеральный округ</state>
                                <region>Москва</region>
                                <regionOkato>45000000000</regionOkato>
                                <address>119991, г. Москва, ул. Тимура Фрунзе, 16</address>
                            </deliveryPlace>
                            <lotItems>
                                <newCodes>true</newCodes>
                                <lotItem>
                                    <guid>bfe33496-7b81-4297-a559-878f8b1892a7</guid>
                                    <ordinalNumber>1</ordinalNumber>
                                    <okpd2>
                                        <code>72.19.19.000</code>
                                        <name>Услуги, связанные с научными исследованиями и экспериментальными разработками в области прочих естественных наук</name>
                                    </okpd2>
                                    <okved2>
                                        <code>72.19</code>
                                        <name>Научные исследования и разработки в области естественных и технических наук прочие</name>
                                    </okved2>
                                    <okei>
                                        <code>876</code>
                                        <name>Условная единица</name>
                                    </okei>
                                    <qty>1</qty>
                                    <additionalInfo>Предоставление услуг на условиях и в порядке, изложенных в Договоре.</additionalInfo>
                                </lotItem>
                            </lotItems>
                            <forSmallOrMiddle>false</forSmallOrMiddle>
                            <excludePurchaseFromPlan>false</excludePurchaseFromPlan>
                            <subcontractorsRequirement>false</subcontractorsRequirement>
                            <ignoredPurchase>false</ignoredPurchase>
                            <centralized>false</centralized>
                        </lotData>
                        <deliveryPlaceIndication>GL</deliveryPlaceIndication>
                        <jointLotData>
                            <jointLot>false</jointLot>
                        </jointLotData>
                        <lotPlanInfo>
                            <planRegistrationNumber>2170225122</planRegistrationNumber>
                            <planGuid>245774e4-ee25-4794-be28-f026332e2781</planGuid>
                            <positionNumber>33</positionNumber>
                            <lotPlanPosition>COMMODITY</lotPlanPosition>
                            <positionGuid>bf3e66ad-73ca-437f-a075-9143ec93512c</positionGuid>
                        </lotPlanInfo>
                        <cancelled>false</cancelled>
                    </lot>
                </ns2:lots>
            </ns2:purchaseNoticeEPData>
        </ns2:item>
    </ns2:body>
</ns2:purchaseNoticeEP>
