<?xml version="1.0" encoding="UTF-8" standalone="yes"?>
<ns2:purchaseNoticeEP xsi:schemaLocation="http://zakupki.gov.ru/223/integration/schema/TFF-5.2 http://zakupki.gov.ru/223/integration/schema/TFF-5.2/purchase.xsd" xmlns="http://zakupki.gov.ru/223fz/types/1" xmlns:ns10="http://zakupki.gov.ru/223fz/purchasePlan/1" xmlns:ns11="http://zakupki.gov.ru/223fz/purchasePlanProject/1" xmlns:ns12="http://zakupki.gov.ru/223fz/purchasePlanProjectAdditionalPosition/1" xmlns:ns13="http://zakupki.gov.ru/223fz/contract/1" xmlns:ns14="http://zakupki.gov.ru/223fz/missedNotice/1" xmlns:ns15="http://zakupki.gov.ru/223fz/reference/1" xmlns:ns16="http://zakupki.gov.ru/223fz/stopCommodity/1" xmlns:ns17="http://zakupki.gov.ru/223fz/decisionSuspension/1" xmlns:ns18="http://zakupki.gov.ru/223fz/purchasePlanAdditionalPosition/1" xmlns:ns19="http://zakupki.gov.ru/223fz/webRequest/1" xmlns:ns2="http://zakupki.gov.ru/223fz/purchase/1" xmlns:xsi="http://www.w3.org/2001/XMLSchema-instance" xmlns:ns3="http://zakupki.gov.ru/223fz/dishonestSupplier/1" xmlns:ns4="http://zakupki.gov.ru/223fz/machineryListInfo/1" xmlns:ns5="http://zakupki.gov.ru/223fz/revenue/1" xmlns:ns6="http://zakupki.gov.ru/223fz/orderClauseList/1" xmlns:ns7="http://zakupki.gov.ru/223fz/disagreementProtocol/1" xmlns:ns8="http://zakupki.gov.ru/223fz/complaint/1" xmlns:ns9="http://zakupki.gov.ru/223fz/notificationIssue/1">
    <header>
        <guid>79b966d7-acc7-47c0-9d8e-2cb047fd40ed</guid>
        <createDateTime>2017-03-16T14:52:25</createDateTime>
    </header>
    <ns2:body>
        <ns2:item>
            <guid>a22a2ab1-590a-1ee7-82c7-cad0b09cc261</guid>
            <ns2:purchaseNoticeEPData>
                <ns2:guid>a22a2ab1-590a-1ee7-82c7-cad0b09cc261</ns2:guid>
                <ns2:createDateTime>2017-03-16T14:47:37</ns2:createDateTime>
                <ns2:urlOOS>https://zakupki.gov.ru/223/purchase/private/purchase/notice-info/details.html?noticeInfoId=5886303</ns2:urlOOS>
                <ns2:urlVSRZ>ЕОС-Закупки</ns2:urlVSRZ>
                <ns2:registrationNumber>31704898198</ns2:registrationNumber>
                <ns2:name>Оформление Дополнительного соглашения №5 к Договору займа №5/2149-Д от 12.12.2012 (Займодавец АЭПК) на сумму 22 000 000 000,00 рублей.</ns2:name>
                <ns2:customer>
                    <mainInfo>
                        <fullName>АКЦИОНЕРНОЕ ОБЩЕСТВО "АТОМНОЕ И ЭНЕРГЕТИЧЕСКОЕ МАШИНОСТРОЕНИЕ"</fullName>
                        <shortName>АО "АТОМЭНЕРГОМАШ"</shortName>
                        <iko>77706614573770601001</iko>
                        <inn>7706614573</inn>
                        <kpp>770601001</kpp>
                        <ogrn>1067746426439</ogrn>
                        <legalAddress>119017, г МОСКВА, ул ОРДЫНКА Б., дом 24</legalAddress>
                        <postalAddress>115184, Москва, Озерковская наб., д. 28, стр. 3</postalAddress>
                        <phone>7-495-6682093-1148</phone>
                        <fax>7-495-6682095</fax>
                        <email>Nikipelov-AV@aem-group.ru</email>
                        <okato>45286596000</okato>
                        <okpo>94507811</okpo>
                    </mainInfo>
                </ns2:customer>
                <ns2:purchaseMethodCode>3363</ns2:purchaseMethodCode>
                <ns2:purchaseCodeName>Закупка у единственного поставщика (исполнителя, подрядчика)</ns2:purchaseCodeName>
                <ns2:placer>
                    <mainInfo>
                        <fullName>АКЦИОНЕРНОЕ ОБЩЕСТВО "АТОМНОЕ И ЭНЕРГЕТИЧЕСКОЕ МАШИНОСТРОЕНИЕ"</fullName>
                        <shortName>АО "АТОМЭНЕРГОМАШ"</shortName>
                        <iko>77706614573770601001</iko>
                        <inn>7706614573</inn>
                        <kpp>770601001</kpp>
                        <ogrn>1067746426439</ogrn>
                        <legalAddress>119017, г МОСКВА, ул ОРДЫНКА Б., дом 24</legalAddress>
                        <postalAddress>115184, Москва, Озерковская наб., д. 28, стр. 3</postalAddress>
                        <phone>7-495-6682093-1148</phone>
                        <fax>7-495-6682095</fax>
                        <email>Nikipelov-AV@aem-group.ru</email>
                        <okato>45286596000</okato>
                        <okpo>94507811</okpo>
                    </mainInfo>
                </ns2:placer>
                <ns2:contact>
                    <email>aem@aem-group.ru</email>
                    <organization>
                        <mainInfo>
                            <fullName>АКЦИОНЕРНОЕ ОБЩЕСТВО "АТОМНОЕ И ЭНЕРГЕТИЧЕСКОЕ МАШИНОСТРОЕНИЕ"</fullName>
                            <shortName>АО "АТОМЭНЕРГОМАШ"</shortName>
                            <iko>77706614573770601001</iko>
                            <inn>7706614573</inn>
                            <kpp>770601001</kpp>
                            <ogrn>1067746426439</ogrn>
                            <legalAddress>119017, г МОСКВА, ул ОРДЫНКА Б., дом 24</legalAddress>
                            <postalAddress>115184, Москва, Озерковская наб., д. 28, стр. 3</postalAddress>
                            <phone>7-495-6682093-1148</phone>
                            <fax>7-495-6682095</fax>
                            <email>Nikipelov-AV@aem-group.ru</email>
                            <okato>45286596000</okato>
                            <okpo>94507811</okpo>
                        </mainInfo>
                    </organization>
                </ns2:contact>
                <ns2:publicationDateTime>2017-03-16T14:52:25</ns2:publicationDateTime>
                <ns2:documentationDelivery/>
                <ns2:status>P</ns2:status>
                <ns2:version>1</ns2:version>
                <ns2:notDishonest>false</ns2:notDishonest>
                <ns2:attachments>
                    <totalDocumentsCount>2</totalDocumentsCount>
                    <document>
                        <guid>a22a2ab1-590a-1ed7-82ab-9bfe395b055a</guid>
                        <createDateTime>2017-03-15T08:53:35</createDateTime>
                        <fileName>Новое извещение.doc</fileName>
                        <description>Новое извещение</description>
                        <url>http://zakupki.gov.ru/223/purchase/public/download/download.html?id=30111030</url>
                    </document>
                    <document>
                        <guid>f2f32b7a-a50b-1ed7-82c5-4b1b25d69e52</guid>
                        <createDateTime>2017-03-16T09:24:25</createDateTime>
                        <fileName>ДС5_к дог займа 5 2149.doc</fileName>
                        <description>ДС5_к дог займа 5 2149</description>
                        <url>http://zakupki.gov.ru/223/purchase/public/download/download.html?id=30111031</url>
                    </document>
                </ns2:attachments>
                <ns2:modificationDate>2017-03-16T14:52:25</ns2:modificationDate>
                <ns2:saveUserId>26895</ns2:saveUserId>
                <ns2:deliveryPlaceIndication>DIFFERENT_PLACE</ns2:deliveryPlaceIndication>
                <ns2:emergency>false</ns2:emergency>
                <ns2:jointPurchase>false</ns2:jointPurchase>
                <ns2:lots>
                    <lot>
                        <guid>0addd403-d90a-1ed6-bfca-1edc7e43cfcd</guid>
                        <ordinalNumber>1</ordinalNumber>
                        <lotEditEnabled>true</lotEditEnabled>
                        <lotData>
                            <subject>Оформление Дополнительного соглашения №5 к Договору займа №5/2149-Д от 12.12.2012 (Займодавец АЭПК) на сумму 22 000 000 000,00 рублей.</subject>
                            <currency>
                                <code>RUB</code>
                                <digitalCode>643</digitalCode>
                                <name>Российский рубль</name>
                            </currency>
                            <initialSum>9344364383.56</initialSum>
                            <deliveryPlace>
                                <address>115184, г. Москва, Озерковская наб. д. 28, стр.3</address>
                            </deliveryPlace>
                            <lotItems>
                                <newCodes>true</newCodes>
                                <lotItem>
                                    <guid>0addd403-d90a-1ed6-bfca-1f4b2efbcfcd</guid>
                                    <ordinalNumber>1</ordinalNumber>
                                    <okpd2>
                                        <code>64.92.19.110</code>
                                        <name>Услуги по предоставлению займов промышленности</name>
                                    </okpd2>
                                    <okved2>
                                        <code>64.92.2</code>
                                        <name>Деятельность по предоставлению займов промышленности</name>
                                    </okved2>
                                    <okei>
                                        <code>796</code>
                                        <name>Штука</name>
                                    </okei>
                                    <qty>1</qty>
                                </lotItem>
                            </lotItems>
                            <forSmallOrMiddle>false</forSmallOrMiddle>
                            <excludePurchaseFromPlan>false</excludePurchaseFromPlan>
                            <subcontractorsRequirement>false</subcontractorsRequirement>
                            <ignoredPurchase>false</ignoredPurchase>
                            <centralized>false</centralized>
                        </lotData>
                        <deliveryPlaceIndication>GL</deliveryPlaceIndication>
                        <jointLotData>
                            <jointLot>false</jointLot>
                        </jointLotData>
                        <lotPlanInfo>
                            <planRegistrationNumber>2160184394</planRegistrationNumber>
                            <planGuid>5d29dbbc-52db-4646-aa4a-3ea095d0cf7a</planGuid>
                            <positionNumber>1122000006</positionNumber>
                            <lotPlanPosition>COMMODITY</lotPlanPosition>
                            <positionGuid>58a3b35a-18d4-4ae0-e100-80000a7c101b</positionGuid>
                        </lotPlanInfo>
                        <cancelled>false</cancelled>
                    </lot>
                </ns2:lots>
            </ns2:purchaseNoticeEPData>
        </ns2:item>
    </ns2:body>
</ns2:purchaseNoticeEP>
