<?xml version="1.0" encoding="UTF-8" standalone="yes"?>
<ns2:purchaseNoticeEP xsi:schemaLocation="http://zakupki.gov.ru/223/integration/schema/TFF-5.2 http://zakupki.gov.ru/223/integration/schema/TFF-5.2/purchase.xsd" xmlns="http://zakupki.gov.ru/223fz/types/1" xmlns:ns10="http://zakupki.gov.ru/223fz/purchasePlan/1" xmlns:ns11="http://zakupki.gov.ru/223fz/purchasePlanProject/1" xmlns:ns12="http://zakupki.gov.ru/223fz/purchasePlanProjectAdditionalPosition/1" xmlns:ns13="http://zakupki.gov.ru/223fz/contract/1" xmlns:ns14="http://zakupki.gov.ru/223fz/missedNotice/1" xmlns:ns15="http://zakupki.gov.ru/223fz/reference/1" xmlns:ns16="http://zakupki.gov.ru/223fz/stopCommodity/1" xmlns:ns17="http://zakupki.gov.ru/223fz/decisionSuspension/1" xmlns:ns18="http://zakupki.gov.ru/223fz/purchasePlanAdditionalPosition/1" xmlns:ns19="http://zakupki.gov.ru/223fz/webRequest/1" xmlns:ns2="http://zakupki.gov.ru/223fz/purchase/1" xmlns:xsi="http://www.w3.org/2001/XMLSchema-instance" xmlns:ns3="http://zakupki.gov.ru/223fz/dishonestSupplier/1" xmlns:ns4="http://zakupki.gov.ru/223fz/machineryListInfo/1" xmlns:ns5="http://zakupki.gov.ru/223fz/revenue/1" xmlns:ns6="http://zakupki.gov.ru/223fz/orderClauseList/1" xmlns:ns7="http://zakupki.gov.ru/223fz/disagreementProtocol/1" xmlns:ns8="http://zakupki.gov.ru/223fz/complaint/1" xmlns:ns9="http://zakupki.gov.ru/223fz/notificationIssue/1">
    <header>
        <guid>35094484-9d55-4d13-9820-95cba87fa147</guid>
        <createDateTime>2017-03-16T18:04:09</createDateTime>
    </header>
    <ns2:body>
        <ns2:item>
            <guid>35bd806e-2946-482d-80f1-12e38804a168</guid>
            <ns2:purchaseNoticeEPData>
                <ns2:guid>35bd806e-2946-482d-80f1-12e38804a168</ns2:guid>
                <ns2:createDateTime>2017-03-16T18:00:56</ns2:createDateTime>
                <ns2:urlOOS>https://zakupki.gov.ru/223/purchase/private/purchase/notice-info/details.html?noticeInfoId=5888229</ns2:urlOOS>
                <ns2:registrationNumber>31704899856</ns2:registrationNumber>
                <ns2:name>Выполнение проектно-изыскательских работ и оказание услуг по авторскому надзору по объекту «Нефтенасосная ПС «Тиньговатово», инв.№0-4001. Техническая ликвидация</ns2:name>
                <ns2:customer>
                    <mainInfo>
                        <fullName>СРЕДНЕ-ВОЛЖСКОЕ АКЦИОНЕРНОЕ ОБЩЕСТВО ТРУБОПРОВОДНОГО ТРАНСПОРТА НЕФТЕПРОДУКТОВ</fullName>
                        <shortName>АО "СРЕДНЕ-ВОЛЖСКИЙ ТРАНСНЕФТЕПРОДУКТ"</shortName>
                        <iko>51660001027165501001</iko>
                        <inn>1660001027</inn>
                        <kpp>770501001</kpp>
                        <ogrn>1021602831106</ogrn>
                        <legalAddress>115184, г МОСКВА, пер ВИШНЯКОВСКИЙ, дом ДОМ 2/36, корпус СТРОЕНИЕ 1</legalAddress>
                        <postalAddress>420097, Татарстан Республика, Казань Город, Зинина Улица, дом 4</postalAddress>
                        <phone>7-843-5674257</phone>
                        <email>ganeevaer@sv.aktnp.ru</email>
                        <okato>45290586000</okato>
                        <okpo>04810109</okpo>
                    </mainInfo>
                </ns2:customer>
                <ns2:purchaseMethodCode>3363</ns2:purchaseMethodCode>
                <ns2:purchaseCodeName>Закупка у единственного поставщика (исполнителя, подрядчика)</ns2:purchaseCodeName>
                <ns2:placer>
                    <mainInfo>
                        <fullName>СРЕДНЕ-ВОЛЖСКОЕ АКЦИОНЕРНОЕ ОБЩЕСТВО ТРУБОПРОВОДНОГО ТРАНСПОРТА НЕФТЕПРОДУКТОВ</fullName>
                        <shortName>АО "СРЕДНЕ-ВОЛЖСКИЙ ТРАНСНЕФТЕПРОДУКТ"</shortName>
                        <iko>51660001027165501001</iko>
                        <inn>1660001027</inn>
                        <kpp>770501001</kpp>
                        <ogrn>1021602831106</ogrn>
                        <legalAddress>115184, г МОСКВА, пер ВИШНЯКОВСКИЙ, дом ДОМ 2/36, корпус СТРОЕНИЕ 1</legalAddress>
                        <postalAddress>420097, Татарстан Республика, Казань Город, Зинина Улица, дом 4</postalAddress>
                        <phone>7-843-5674257</phone>
                        <email>ganeevaer@sv.aktnp.ru</email>
                        <okato>45290586000</okato>
                        <okpo>04810109</okpo>
                    </mainInfo>
                </ns2:placer>
                <ns2:contact>
                    <firstName>Эльза </firstName>
                    <middleName>Рифхатовна </middleName>
                    <lastName>Ганеева </lastName>
                    <phone>+7 (843) 5674257</phone>
                    <email>GaneevaER@svtnp.transneft.ru </email>
                    <organization>
                        <mainInfo>
                            <fullName>СРЕДНЕ-ВОЛЖСКОЕ АКЦИОНЕРНОЕ ОБЩЕСТВО ТРУБОПРОВОДНОГО ТРАНСПОРТА НЕФТЕПРОДУКТОВ</fullName>
                            <shortName>АО "СРЕДНЕ-ВОЛЖСКИЙ ТРАНСНЕФТЕПРОДУКТ"</shortName>
                            <iko>51660001027165501001</iko>
                            <inn>1660001027</inn>
                            <kpp>770501001</kpp>
                            <ogrn>1021602831106</ogrn>
                            <legalAddress>115184, г МОСКВА, пер ВИШНЯКОВСКИЙ, дом ДОМ 2/36, корпус СТРОЕНИЕ 1</legalAddress>
                            <postalAddress>420097, Татарстан Республика, Казань Город, Зинина Улица, дом 4</postalAddress>
                            <phone>7-843-5674257</phone>
                            <email>ganeevaer@sv.aktnp.ru</email>
                            <okato>45290586000</okato>
                            <okpo>04810109</okpo>
                        </mainInfo>
                    </organization>
                </ns2:contact>
                <ns2:publicationDateTime>2017-03-16T18:04:09</ns2:publicationDateTime>
                <ns2:documentationDelivery/>
                <ns2:status>P</ns2:status>
                <ns2:version>1</ns2:version>
                <ns2:notDishonest>false</ns2:notDishonest>
                <ns2:attachments>
                    <totalDocumentsCount>2</totalDocumentsCount>
                    <document>
                        <guid>5b95ddd8-a2f4-45ad-92fc-6bd763d1ec47</guid>
                        <createDateTime>2017-03-16T18:02:47</createDateTime>
                        <fileName>Извещение о закупке.docx</fileName>
                        <description>Извещение о закупке</description>
                        <url>http://zakupki.gov.ru/223/purchase/public/download/download.html?id=30120339</url>
                    </document>
                    <document>
                        <guid>b2484d33-6d61-40d9-a74a-797f656e5744</guid>
                        <createDateTime>2017-03-16T18:02:54</createDateTime>
                        <fileName>Договор прямой ПИР АН правки 26.01.doc</fileName>
                        <description>Договор прямой ПИР АН правки 26.01</description>
                        <url>http://zakupki.gov.ru/223/purchase/public/download/download.html?id=30120340</url>
                    </document>
                </ns2:attachments>
                <ns2:modificationDate>2017-03-16T18:04:09</ns2:modificationDate>
                <ns2:saveUserId>24640</ns2:saveUserId>
                <ns2:deliveryPlaceIndication>DIFFERENT_PLACE</ns2:deliveryPlaceIndication>
                <ns2:emergency>false</ns2:emergency>
                <ns2:jointPurchase>false</ns2:jointPurchase>
                <ns2:lots>
                    <lot>
                        <guid>f850fae9-13c5-4ef5-b398-83e979481b8c</guid>
                        <ordinalNumber>1</ordinalNumber>
                        <lotEditEnabled>false</lotEditEnabled>
                        <lotData>
                            <subject>Оказание услуг по авторскому надзору на объектах АО "Средне-Волжский Транснефтепродукт" 
</subject>
                            <currency>
                                <code>RUB</code>
                                <digitalCode>643</digitalCode>
                                <name>Российский рубль</name>
                            </currency>
                            <initialSum>104156.34</initialSum>
                            <deliveryPlace>
                                <state>Приволжский федеральный округ</state>
                                <region>Чувашская Республика - Чувашия</region>
                                <regionOkato>97000000000</regionOkato>
                                <address>ПС Тиньговатово </address>
                            </deliveryPlace>
                            <lotItems>
                                <newCodes>true</newCodes>
                                <lotItem>
                                    <guid>6370e7cd-4d33-4eb7-9c87-3ca6d671a9cf</guid>
                                    <ordinalNumber>1</ordinalNumber>
                                    <okpd2>
                                        <code>71.12</code>
                                        <name>Услуги в области инженерно-технического проектирования и связанные технические консультативные услуги</name>
                                    </okpd2>
                                    <okved2>
                                        <code>71.12</code>
                                        <name>Деятельность в области инженерных изысканий, инженерно-технического проектирования, управления проектами строительства, выполнения строительного контроля и авторского надзора, предоставление технических консультаций в этих областях</name>
                                    </okved2>
                                    <okei>
                                        <code>796</code>
                                        <name>Штука</name>
                                    </okei>
                                    <qty>1</qty>
                                </lotItem>
                            </lotItems>
                            <forSmallOrMiddle>true</forSmallOrMiddle>
                            <excludePurchaseFromPlan>false</excludePurchaseFromPlan>
                            <subcontractorsRequirement>false</subcontractorsRequirement>
                            <ignoredPurchase>false</ignoredPurchase>
                            <centralized>false</centralized>
                        </lotData>
                        <deliveryPlaceIndication>GL</deliveryPlaceIndication>
                        <jointLotData>
                            <jointLot>false</jointLot>
                        </jointLotData>
                        <lotPlanInfo>
                            <planRegistrationNumber>2160196352</planRegistrationNumber>
                            <planGuid>af572422-7bc7-4704-95d7-bd3461a5cf4b</planGuid>
                            <positionNumber>128</positionNumber>
                            <lotPlanPosition>COMMODITY</lotPlanPosition>
                            <positionGuid>f2202963-590f-4ffe-b9fc-015a818af080</positionGuid>
                        </lotPlanInfo>
                        <cancelled>false</cancelled>
                    </lot>
                </ns2:lots>
            </ns2:purchaseNoticeEPData>
        </ns2:item>
    </ns2:body>
</ns2:purchaseNoticeEP>
