<?xml version="1.0" encoding="UTF-8" standalone="yes"?>
<ns2:purchaseNoticeEP xsi:schemaLocation="http://zakupki.gov.ru/223/integration/schema/TFF-5.2 http://zakupki.gov.ru/223/integration/schema/TFF-5.2/purchase.xsd" xmlns="http://zakupki.gov.ru/223fz/types/1" xmlns:ns10="http://zakupki.gov.ru/223fz/purchasePlan/1" xmlns:ns11="http://zakupki.gov.ru/223fz/purchasePlanProject/1" xmlns:ns12="http://zakupki.gov.ru/223fz/purchasePlanProjectAdditionalPosition/1" xmlns:ns13="http://zakupki.gov.ru/223fz/contract/1" xmlns:ns14="http://zakupki.gov.ru/223fz/missedNotice/1" xmlns:ns15="http://zakupki.gov.ru/223fz/reference/1" xmlns:ns16="http://zakupki.gov.ru/223fz/stopCommodity/1" xmlns:ns17="http://zakupki.gov.ru/223fz/decisionSuspension/1" xmlns:ns18="http://zakupki.gov.ru/223fz/purchasePlanAdditionalPosition/1" xmlns:ns19="http://zakupki.gov.ru/223fz/webRequest/1" xmlns:ns2="http://zakupki.gov.ru/223fz/purchase/1" xmlns:xsi="http://www.w3.org/2001/XMLSchema-instance" xmlns:ns3="http://zakupki.gov.ru/223fz/dishonestSupplier/1" xmlns:ns4="http://zakupki.gov.ru/223fz/machineryListInfo/1" xmlns:ns5="http://zakupki.gov.ru/223fz/revenue/1" xmlns:ns6="http://zakupki.gov.ru/223fz/orderClauseList/1" xmlns:ns7="http://zakupki.gov.ru/223fz/disagreementProtocol/1" xmlns:ns8="http://zakupki.gov.ru/223fz/complaint/1" xmlns:ns9="http://zakupki.gov.ru/223fz/notificationIssue/1">
    <header>
        <guid>6e2bb23a-8fa6-4aca-ab30-b2cdc5a68440</guid>
        <createDateTime>2017-03-16T16:10:19</createDateTime>
    </header>
    <ns2:body>
        <ns2:item>
            <guid>6958086e-c46c-43f5-b313-21703cc6fe38</guid>
            <ns2:purchaseNoticeEPData>
                <ns2:guid>6958086e-c46c-43f5-b313-21703cc6fe38</ns2:guid>
                <ns2:createDateTime>2017-03-16T16:07:03</ns2:createDateTime>
                <ns2:urlOOS>https://zakupki.gov.ru/223/purchase/private/purchase/notice-info/details.html?noticeInfoId=5887286</ns2:urlOOS>
                <ns2:registrationNumber>31704899013</ns2:registrationNumber>
                <ns2:name>Поставка телевизоров для нужд ГБУЗ ПКБ №3 ДЗМ</ns2:name>
                <ns2:customer>
                    <mainInfo>
                        <fullName>ГОСУДАРСТВЕННОЕ БЮДЖЕТНОЕ УЧРЕЖДЕНИЕ ЗДРАВООХРАНЕНИЯ ГОРОДА МОСКВЫ "ПСИХИАТРИЧЕСКАЯ КЛИНИЧЕСКАЯ БОЛЬНИЦА № 3 ИМ. В. А. ГИЛЯРОВСКОГО ДЕПАРТАМЕНТА ЗДРАВООХРАНЕНИЯ ГОРОДА МОСКВЫ"</fullName>
                        <shortName>ГБУЗ "ПКБ № 3 ДЗМ"</shortName>
                        <iko>57718114173771801001</iko>
                        <inn>7718114173</inn>
                        <kpp>771801001</kpp>
                        <ogrn>1027700497989</ogrn>
                        <legalAddress>107076, Г МОСКВА, УЛ МАТРОССКАЯ ТИШИНА, дом 20</legalAddress>
                        <postalAddress>107076, г. Москва, ул. Матросская Тишина, д. 20</postalAddress>
                        <phone>7-499-2680416</phone>
                        <email>KostyukGP@zdrav.mos.ru</email>
                        <okato>45263591000</okato>
                        <okpo>01933768</okpo>
                    </mainInfo>
                </ns2:customer>
                <ns2:purchaseMethodCode>3363</ns2:purchaseMethodCode>
                <ns2:purchaseCodeName>Закупка у единственного поставщика (исполнителя, подрядчика)</ns2:purchaseCodeName>
                <ns2:placer>
                    <mainInfo>
                        <fullName>ГОСУДАРСТВЕННОЕ БЮДЖЕТНОЕ УЧРЕЖДЕНИЕ ЗДРАВООХРАНЕНИЯ ГОРОДА МОСКВЫ "ПСИХИАТРИЧЕСКАЯ КЛИНИЧЕСКАЯ БОЛЬНИЦА № 3 ИМ. В. А. ГИЛЯРОВСКОГО ДЕПАРТАМЕНТА ЗДРАВООХРАНЕНИЯ ГОРОДА МОСКВЫ"</fullName>
                        <shortName>ГБУЗ "ПКБ № 3 ДЗМ"</shortName>
                        <iko>57718114173771801001</iko>
                        <inn>7718114173</inn>
                        <kpp>771801001</kpp>
                        <ogrn>1027700497989</ogrn>
                        <legalAddress>107076, Г МОСКВА, УЛ МАТРОССКАЯ ТИШИНА, дом 20</legalAddress>
                        <postalAddress>107076, г. Москва, ул. Матросская Тишина, д. 20</postalAddress>
                        <phone>7-499-2680416</phone>
                        <email>KostyukGP@zdrav.mos.ru</email>
                        <okato>45263591000</okato>
                        <okpo>01933768</okpo>
                    </mainInfo>
                </ns2:placer>
                <ns2:contact>
                    <firstName>Георгий </firstName>
                    <middleName>Николаевич</middleName>
                    <lastName>Гуляченков</lastName>
                    <phone>+7 (499) 7480293</phone>
                    <email>GulyachenkovGN@zdrav.mos.ru</email>
                    <organization>
                        <mainInfo>
                            <fullName>ГОСУДАРСТВЕННОЕ БЮДЖЕТНОЕ УЧРЕЖДЕНИЕ ЗДРАВООХРАНЕНИЯ ГОРОДА МОСКВЫ "ПСИХИАТРИЧЕСКАЯ КЛИНИЧЕСКАЯ БОЛЬНИЦА № 3 ИМ. В. А. ГИЛЯРОВСКОГО ДЕПАРТАМЕНТА ЗДРАВООХРАНЕНИЯ ГОРОДА МОСКВЫ"</fullName>
                            <shortName>ГБУЗ "ПКБ № 3 ДЗМ"</shortName>
                            <iko>57718114173771801001</iko>
                            <inn>7718114173</inn>
                            <kpp>771801001</kpp>
                            <ogrn>1027700497989</ogrn>
                            <legalAddress>107076, Г МОСКВА, УЛ МАТРОССКАЯ ТИШИНА, дом 20</legalAddress>
                            <postalAddress>107076, г. Москва, ул. Матросская Тишина, д. 20</postalAddress>
                            <phone>7-499-2680416</phone>
                            <email>KostyukGP@zdrav.mos.ru</email>
                            <okato>45263591000</okato>
                            <okpo>01933768</okpo>
                        </mainInfo>
                    </organization>
                </ns2:contact>
                <ns2:publicationDateTime>2017-03-16T16:10:19</ns2:publicationDateTime>
                <ns2:documentationDelivery>
                    <deliveryStartDateTime>2017-03-16</deliveryStartDateTime>
                    <deliveryEndDateTime>2017-03-16</deliveryEndDateTime>
                </ns2:documentationDelivery>
                <ns2:status>P</ns2:status>
                <ns2:version>1</ns2:version>
                <ns2:notDishonest>true</ns2:notDishonest>
                <ns2:attachments>
                    <totalDocumentsCount>1</totalDocumentsCount>
                    <document>
                        <guid>c5dd9dc0-29c7-4f5b-91fa-159314474a83</guid>
                        <createDateTime>2017-03-16T16:09:51</createDateTime>
                        <fileName>Договор (Телевизоры) 10 ВБ.pdf</fileName>
                        <description>Договор (Телевизоры) 10 ВБ</description>
                        <url>http://zakupki.gov.ru/223/purchase/public/download/download.html?id=30115797</url>
                    </document>
                </ns2:attachments>
                <ns2:modificationDate>2017-03-16T16:10:19</ns2:modificationDate>
                <ns2:saveUserId>190504</ns2:saveUserId>
                <ns2:deliveryPlaceIndication>SINGLE_PLACE</ns2:deliveryPlaceIndication>
                <ns2:emergency>false</ns2:emergency>
                <ns2:jointPurchase>false</ns2:jointPurchase>
                <ns2:lots>
                    <lot>
                        <guid>9f28990c-5b67-41f3-9e8c-548e73aab327</guid>
                        <ordinalNumber>1</ordinalNumber>
                        <lotEditEnabled>false</lotEditEnabled>
                        <lotData>
                            <subject>Поставка телевизоров для нужд ГБУЗ ПКБ №3 ДЗМ</subject>
                            <currency>
                                <code>RUB</code>
                                <digitalCode>643</digitalCode>
                                <name>Российский рубль</name>
                            </currency>
                            <initialSum>172733.27</initialSum>
                            <deliveryPlace>
                                <state>Центральный федеральный округ</state>
                                <region>Москва</region>
                                <regionOkato>45000000000</regionOkato>
                                <address>г. Москва, ул. Матросская Тишина,д.20</address>
                            </deliveryPlace>
                            <lotItems>
                                <newCodes>true</newCodes>
                                <lotItem>
                                    <guid>9cfe5b68-1124-4a5b-b671-e7a54a700a5b</guid>
                                    <ordinalNumber>1</ordinalNumber>
                                    <okpd2>
                                        <code>26.30.11.150</code>
                                        <name>Средства связи радиоэлектронные</name>
                                    </okpd2>
                                    <okved2>
                                        <code>46</code>
                                        <name>Торговля оптовая, кроме оптовой торговли автотранспортными средствами и мотоциклами</name>
                                    </okved2>
                                    <okei>
                                        <code>796</code>
                                        <name>Штука</name>
                                    </okei>
                                    <qty>10</qty>
                                </lotItem>
                            </lotItems>
                            <forSmallOrMiddle>true</forSmallOrMiddle>
                            <excludePurchaseFromPlan>false</excludePurchaseFromPlan>
                            <subcontractorsRequirement>false</subcontractorsRequirement>
                            <ignoredPurchase>false</ignoredPurchase>
                            <centralized>false</centralized>
                        </lotData>
                        <deliveryPlaceIndication>GL</deliveryPlaceIndication>
                        <jointLotData>
                            <jointLot>false</jointLot>
                        </jointLotData>
                        <lotPlanInfo>
                            <planRegistrationNumber>2160194262</planRegistrationNumber>
                            <planGuid>3f5d6cdb-0140-4978-ad55-1c12e48a4313</planGuid>
                            <positionNumber>10</positionNumber>
                            <lotPlanPosition>COMMODITY</lotPlanPosition>
                            <positionGuid>1747df5c-e8bf-400c-aa3c-3f8d756130f1</positionGuid>
                        </lotPlanInfo>
                        <cancelled>false</cancelled>
                    </lot>
                </ns2:lots>
            </ns2:purchaseNoticeEPData>
        </ns2:item>
    </ns2:body>
</ns2:purchaseNoticeEP>
