<?xml version="1.0" encoding="UTF-8" standalone="yes"?>
<ns2:purchaseNoticeEP xsi:schemaLocation="http://zakupki.gov.ru/223/integration/schema/TFF-5.2 http://zakupki.gov.ru/223/integration/schema/TFF-5.2/purchase.xsd" xmlns="http://zakupki.gov.ru/223fz/types/1" xmlns:ns10="http://zakupki.gov.ru/223fz/purchasePlan/1" xmlns:ns11="http://zakupki.gov.ru/223fz/purchasePlanProject/1" xmlns:ns12="http://zakupki.gov.ru/223fz/purchasePlanProjectAdditionalPosition/1" xmlns:ns13="http://zakupki.gov.ru/223fz/contract/1" xmlns:ns14="http://zakupki.gov.ru/223fz/missedNotice/1" xmlns:ns15="http://zakupki.gov.ru/223fz/reference/1" xmlns:ns16="http://zakupki.gov.ru/223fz/stopCommodity/1" xmlns:ns17="http://zakupki.gov.ru/223fz/decisionSuspension/1" xmlns:ns18="http://zakupki.gov.ru/223fz/purchasePlanAdditionalPosition/1" xmlns:ns19="http://zakupki.gov.ru/223fz/webRequest/1" xmlns:ns2="http://zakupki.gov.ru/223fz/purchase/1" xmlns:xsi="http://www.w3.org/2001/XMLSchema-instance" xmlns:ns3="http://zakupki.gov.ru/223fz/dishonestSupplier/1" xmlns:ns4="http://zakupki.gov.ru/223fz/machineryListInfo/1" xmlns:ns5="http://zakupki.gov.ru/223fz/revenue/1" xmlns:ns6="http://zakupki.gov.ru/223fz/orderClauseList/1" xmlns:ns7="http://zakupki.gov.ru/223fz/disagreementProtocol/1" xmlns:ns8="http://zakupki.gov.ru/223fz/complaint/1" xmlns:ns9="http://zakupki.gov.ru/223fz/notificationIssue/1">
    <header>
        <guid>91f8e5ae-02ff-43e2-b1b3-5e85763faa92</guid>
        <createDateTime>2017-03-16T16:37:51</createDateTime>
    </header>
    <ns2:body>
        <ns2:item>
            <guid>92c4ccb4-4a2a-4ebd-97cd-9e5323f58fd8</guid>
            <ns2:purchaseNoticeEPData>
                <ns2:guid>92c4ccb4-4a2a-4ebd-97cd-9e5323f58fd8</ns2:guid>
                <ns2:createDateTime>2017-03-16T16:28:32</ns2:createDateTime>
                <ns2:urlOOS>https://zakupki.gov.ru/223/purchase/private/purchase/notice-info/details.html?noticeInfoId=5887509</ns2:urlOOS>
                <ns2:registrationNumber>31704899276</ns2:registrationNumber>
                <ns2:name>Участие в качестве солиста Кулаева А. в репетициях,  концерте </ns2:name>
                <ns2:customer>
                    <mainInfo>
                        <fullName>ФЕДЕРАЛЬНОЕ ГОСУДАРСТВЕННОЕ БЮДЖЕТНОЕ УЧРЕЖДЕНИЕ КУЛЬТУРЫ "ГОСУДАРСТВЕННЫЙ АКАДЕМИЧЕСКИЙ БОЛЬШОЙ СИМФОНИЧЕСКИЙ ОРКЕСТР ИМ. П.И. ЧАЙКОВСКОГО"</fullName>
                        <shortName>БСО ИМ. П.И. ЧАЙКОВСКОГО</shortName>
                        <iko>87703053231770301001</iko>
                        <inn>7703053231</inn>
                        <kpp>770301001</kpp>
                        <ogrn>1037739033530</ogrn>
                        <legalAddress>121069, Г МОСКВА, УЛ НИКИТСКАЯ М., дом 24</legalAddress>
                        <postalAddress>121069, Москва Город, Никитская М. Улица, дом 24</postalAddress>
                        <email>tsom@fedoseyev.com</email>
                        <okato>45286575000</okato>
                        <okpo>43259949</okpo>
                    </mainInfo>
                </ns2:customer>
                <ns2:purchaseMethodCode>3363</ns2:purchaseMethodCode>
                <ns2:purchaseCodeName>Закупка у единственного поставщика (исполнителя, подрядчика)</ns2:purchaseCodeName>
                <ns2:placer>
                    <mainInfo>
                        <fullName>ФЕДЕРАЛЬНОЕ ГОСУДАРСТВЕННОЕ БЮДЖЕТНОЕ УЧРЕЖДЕНИЕ КУЛЬТУРЫ "ГОСУДАРСТВЕННЫЙ АКАДЕМИЧЕСКИЙ БОЛЬШОЙ СИМФОНИЧЕСКИЙ ОРКЕСТР ИМ. П.И. ЧАЙКОВСКОГО"</fullName>
                        <shortName>БСО ИМ. П.И. ЧАЙКОВСКОГО</shortName>
                        <iko>87703053231770301001</iko>
                        <inn>7703053231</inn>
                        <kpp>770301001</kpp>
                        <ogrn>1037739033530</ogrn>
                        <legalAddress>121069, Г МОСКВА, УЛ НИКИТСКАЯ М., дом 24</legalAddress>
                        <postalAddress>121069, Москва Город, Никитская М. Улица, дом 24</postalAddress>
                        <email>tsom@fedoseyev.com</email>
                        <okato>45286575000</okato>
                        <okpo>43259949</okpo>
                    </mainInfo>
                </ns2:placer>
                <ns2:contact>
                    <firstName> Наталья </firstName>
                    <middleName> Павловна</middleName>
                    <lastName>Максимова </lastName>
                    <phone>+7 (495) 6906244</phone>
                    <fax>+7 (495) 6917870</fax>
                    <email>folingleb@gmail.com</email>
                    <organization>
                        <mainInfo>
                            <fullName>ФЕДЕРАЛЬНОЕ ГОСУДАРСТВЕННОЕ БЮДЖЕТНОЕ УЧРЕЖДЕНИЕ КУЛЬТУРЫ "ГОСУДАРСТВЕННЫЙ АКАДЕМИЧЕСКИЙ БОЛЬШОЙ СИМФОНИЧЕСКИЙ ОРКЕСТР ИМ. П.И. ЧАЙКОВСКОГО"</fullName>
                            <shortName>БСО ИМ. П.И. ЧАЙКОВСКОГО</shortName>
                            <iko>87703053231770301001</iko>
                            <inn>7703053231</inn>
                            <kpp>770301001</kpp>
                            <ogrn>1037739033530</ogrn>
                            <legalAddress>121069, Г МОСКВА, УЛ НИКИТСКАЯ М., дом 24</legalAddress>
                            <postalAddress>121069, Москва Город, Никитская М. Улица, дом 24</postalAddress>
                            <email>tsom@fedoseyev.com</email>
                            <okato>45286575000</okato>
                            <okpo>43259949</okpo>
                        </mainInfo>
                    </organization>
                </ns2:contact>
                <ns2:publicationDateTime>2017-03-16T16:37:51</ns2:publicationDateTime>
                <ns2:documentationDelivery>
                    <deliveryStartDateTime>2017-03-16</deliveryStartDateTime>
                    <deliveryEndDateTime>2017-03-16</deliveryEndDateTime>
                    <place>121069 Москва Малая Никитская д.24</place>
                    <procedure>в соответствии с документацией о проведении закупки</procedure>
                </ns2:documentationDelivery>
                <ns2:status>P</ns2:status>
                <ns2:version>1</ns2:version>
                <ns2:notDishonest>false</ns2:notDishonest>
                <ns2:attachments>
                    <totalDocumentsCount>3</totalDocumentsCount>
                    <document>
                        <guid>3b052d31-6900-4c0c-bf3b-5aff3121ddfd</guid>
                        <createDateTime>2017-03-16T16:35:10</createDateTime>
                        <fileName>Проект договора Кулаева А..doc</fileName>
                        <description>Проект договора Кулаева А.</description>
                        <url>http://zakupki.gov.ru/223/purchase/public/download/download.html?id=30117077</url>
                    </document>
                    <document>
                        <guid>c619c5e7-6215-407a-9212-97fac7452adf</guid>
                        <createDateTime>2017-03-16T16:34:47</createDateTime>
                        <fileName>Извещение  Кулаева  концерт 17.03. 2017г..doc</fileName>
                        <description>Извещение  Кулаева  концерт 17.03. 2017г.</description>
                        <url>http://zakupki.gov.ru/223/purchase/public/download/download.html?id=30117062</url>
                    </document>
                    <document>
                        <guid>44eac5b4-6633-4e28-a364-8e5813a8351c</guid>
                        <createDateTime>2017-03-16T16:34:58</createDateTime>
                        <fileName>Документация  Кулаева   -17.03.2017г.docx</fileName>
                        <description>Документация  Кулаева   -17.03.2017г</description>
                        <url>http://zakupki.gov.ru/223/purchase/public/download/download.html?id=30117064</url>
                    </document>
                </ns2:attachments>
                <ns2:modificationDate>2017-03-16T16:37:51</ns2:modificationDate>
                <ns2:saveUserId>103700</ns2:saveUserId>
                <ns2:deliveryPlaceIndication>SINGLE_PLACE</ns2:deliveryPlaceIndication>
                <ns2:emergency>false</ns2:emergency>
                <ns2:jointPurchase>false</ns2:jointPurchase>
                <ns2:lots>
                    <lot>
                        <guid>e3a71d5b-1c20-44ee-b532-78dcd1748733</guid>
                        <ordinalNumber>1</ordinalNumber>
                        <lotEditEnabled>false</lotEditEnabled>
                        <lotData>
                            <subject>Участие в качестве солиста Кулаева А. в репетициях,  концерте  </subject>
                            <currency>
                                <code>RUB</code>
                                <digitalCode>643</digitalCode>
                                <name>Российский рубль</name>
                            </currency>
                            <initialSum>200000.00</initialSum>
                            <deliveryPlace>
                                <state>Центральный федеральный округ</state>
                                <region>Москва</region>
                                <regionOkato>45000000000</regionOkato>
                                <address>125009, г. Москва, ул. Большая Никитская,   д. 13/6, стр. 1</address>
                            </deliveryPlace>
                            <lotItems>
                                <newCodes>true</newCodes>
                                <lotItem>
                                    <guid>5b77c872-6c31-4fa2-bf3c-0376eccd5e6b</guid>
                                    <ordinalNumber>1</ordinalNumber>
                                    <okpd2>
                                        <code>90</code>
                                        <name>Услуги в области творчества, искусства и развлечений</name>
                                    </okpd2>
                                    <okved2>
                                        <code>90</code>
                                        <name>Деятельность творческая, деятельность в области искусства и организации развлечений</name>
                                    </okved2>
                                    <okei>
                                        <code>642</code>
                                        <name>Единица</name>
                                    </okei>
                                    <qty>1</qty>
                                </lotItem>
                            </lotItems>
                            <forSmallOrMiddle>false</forSmallOrMiddle>
                            <excludePurchaseFromPlan>false</excludePurchaseFromPlan>
                            <subcontractorsRequirement>false</subcontractorsRequirement>
                            <ignoredPurchase>false</ignoredPurchase>
                            <centralized>false</centralized>
                        </lotData>
                        <deliveryPlaceIndication>GL</deliveryPlaceIndication>
                        <jointLotData>
                            <jointLot>false</jointLot>
                        </jointLotData>
                        <lotPlanInfo>
                            <planRegistrationNumber>2170229482</planRegistrationNumber>
                            <planGuid>9a5bf1e3-292d-4388-8871-fc21c71474d0</planGuid>
                            <positionNumber>8</positionNumber>
                            <lotPlanPosition>COMMODITY</lotPlanPosition>
                            <positionGuid>a89ed9b0-380b-4a69-98bf-33dea25da676</positionGuid>
                        </lotPlanInfo>
                        <cancelled>false</cancelled>
                    </lot>
                </ns2:lots>
            </ns2:purchaseNoticeEPData>
        </ns2:item>
    </ns2:body>
</ns2:purchaseNoticeEP>
