<?xml version="1.0" encoding="UTF-8" standalone="yes"?>
<ns2:purchaseNoticeEP xsi:schemaLocation="http://zakupki.gov.ru/223/integration/schema/TFF-5.2 http://zakupki.gov.ru/223/integration/schema/TFF-5.2/purchase.xsd" xmlns="http://zakupki.gov.ru/223fz/types/1" xmlns:ns10="http://zakupki.gov.ru/223fz/purchasePlan/1" xmlns:ns11="http://zakupki.gov.ru/223fz/purchasePlanProject/1" xmlns:ns12="http://zakupki.gov.ru/223fz/purchasePlanProjectAdditionalPosition/1" xmlns:ns13="http://zakupki.gov.ru/223fz/contract/1" xmlns:ns14="http://zakupki.gov.ru/223fz/missedNotice/1" xmlns:ns15="http://zakupki.gov.ru/223fz/reference/1" xmlns:ns16="http://zakupki.gov.ru/223fz/stopCommodity/1" xmlns:ns17="http://zakupki.gov.ru/223fz/decisionSuspension/1" xmlns:ns18="http://zakupki.gov.ru/223fz/purchasePlanAdditionalPosition/1" xmlns:ns19="http://zakupki.gov.ru/223fz/webRequest/1" xmlns:ns2="http://zakupki.gov.ru/223fz/purchase/1" xmlns:xsi="http://www.w3.org/2001/XMLSchema-instance" xmlns:ns3="http://zakupki.gov.ru/223fz/dishonestSupplier/1" xmlns:ns4="http://zakupki.gov.ru/223fz/machineryListInfo/1" xmlns:ns5="http://zakupki.gov.ru/223fz/revenue/1" xmlns:ns6="http://zakupki.gov.ru/223fz/orderClauseList/1" xmlns:ns7="http://zakupki.gov.ru/223fz/disagreementProtocol/1" xmlns:ns8="http://zakupki.gov.ru/223fz/complaint/1" xmlns:ns9="http://zakupki.gov.ru/223fz/notificationIssue/1">
    <header>
        <guid>37962671-ee98-43c8-b912-2ebd69646040</guid>
        <createDateTime>2017-03-16T13:47:04</createDateTime>
    </header>
    <ns2:body>
        <ns2:item>
            <guid>4b414fbf-f921-4427-9279-45ca31c4b461</guid>
            <ns2:purchaseNoticeEPData>
                <ns2:guid>4b414fbf-f921-4427-9279-45ca31c4b461</ns2:guid>
                <ns2:createDateTime>2017-03-16T13:44:23</ns2:createDateTime>
                <ns2:urlOOS>https://zakupki.gov.ru/223/purchase/private/purchase/notice-info/details.html?noticeInfoId=5885523</ns2:urlOOS>
                <ns2:registrationNumber>31704897580</ns2:registrationNumber>
                <ns2:name>Аренда нежилого помещения для нужд Камского филиала Российского Речного Регистра.</ns2:name>
                <ns2:customer>
                    <mainInfo>
                        <fullName>Федеральное автономное учреждение "Российский Речной Регистр"</fullName>
                        <shortName>ФАУ "Российский Речной Регистр"</shortName>
                        <iko>57719037972771901001</iko>
                        <inn>7719037972</inn>
                        <kpp>771901001</kpp>
                        <ogrn>1027739457954</ogrn>
                        <legalAddress>105187, Москва, Окружной, дом 15, корпус 2</legalAddress>
                        <postalAddress>105187, Москва, Окружной проезд дом 15, корпус 2</postalAddress>
                        <phone>7-495-3654933</phone>
                        <fax>7-495-7854358</fax>
                        <email>zotkina@rivreg.ru</email>
                        <okato>45263588000</okato>
                        <okpo>40251969</okpo>
                    </mainInfo>
                </ns2:customer>
                <ns2:purchaseMethodCode>3363</ns2:purchaseMethodCode>
                <ns2:purchaseCodeName>Закупка у единственного поставщика (исполнителя, подрядчика)</ns2:purchaseCodeName>
                <ns2:placer>
                    <mainInfo>
                        <fullName>Федеральное автономное учреждение "Российский Речной Регистр"</fullName>
                        <shortName>ФАУ "Российский Речной Регистр"</shortName>
                        <iko>57719037972771901001</iko>
                        <inn>7719037972</inn>
                        <kpp>771901001</kpp>
                        <ogrn>1027739457954</ogrn>
                        <legalAddress>105187, Москва, Окружной, дом 15, корпус 2</legalAddress>
                        <postalAddress>105187, Москва, Окружной проезд дом 15, корпус 2</postalAddress>
                        <phone>7-495-3654933</phone>
                        <fax>7-495-7854358</fax>
                        <email>zotkina@rivreg.ru</email>
                        <okato>45263588000</okato>
                        <okpo>40251969</okpo>
                    </mainInfo>
                </ns2:placer>
                <ns2:contact>
                    <firstName>Фарит</firstName>
                    <middleName>Фуатович</middleName>
                    <lastName>Микаилов</lastName>
                    <phone>+7 (495) 3654933</phone>
                    <email>post@rivreg.ru</email>
                    <organization>
                        <mainInfo>
                            <fullName>Федеральное автономное учреждение "Российский Речной Регистр"</fullName>
                            <shortName>ФАУ "Российский Речной Регистр"</shortName>
                            <iko>57719037972771901001</iko>
                            <inn>7719037972</inn>
                            <kpp>771901001</kpp>
                            <ogrn>1027739457954</ogrn>
                            <legalAddress>105187, Москва, Окружной, дом 15, корпус 2</legalAddress>
                            <postalAddress>105187, Москва, Окружной проезд дом 15, корпус 2</postalAddress>
                            <phone>7-495-3654933</phone>
                            <fax>7-495-7854358</fax>
                            <email>zotkina@rivreg.ru</email>
                            <okato>45263588000</okato>
                            <okpo>40251969</okpo>
                        </mainInfo>
                    </organization>
                </ns2:contact>
                <ns2:publicationDateTime>2017-03-16T13:47:04</ns2:publicationDateTime>
                <ns2:documentationDelivery/>
                <ns2:status>P</ns2:status>
                <ns2:version>1</ns2:version>
                <ns2:notDishonest>true</ns2:notDishonest>
                <ns2:attachments>
                    <totalDocumentsCount>1</totalDocumentsCount>
                    <document>
                        <guid>0bbc9160-bb7f-4e01-91a6-754c9801f6d9</guid>
                        <createDateTime>2017-03-16T13:46:11</createDateTime>
                        <fileName>Извещение  _ Аренда нежилого помещен для нужд КФ РРР_Уфа.doc</fileName>
                        <description>Извещение  _ Аренда нежилого помещен для нужд КФ РРР_Уфа</description>
                        <url>http://zakupki.gov.ru/223/purchase/public/download/download.html?id=30107282</url>
                    </document>
                </ns2:attachments>
                <ns2:modificationDate>2017-03-16T13:47:04</ns2:modificationDate>
                <ns2:saveUserId>13228</ns2:saveUserId>
                <ns2:deliveryPlaceIndication>SINGLE_PLACE</ns2:deliveryPlaceIndication>
                <ns2:emergency>false</ns2:emergency>
                <ns2:jointPurchase>false</ns2:jointPurchase>
                <ns2:lots>
                    <lot>
                        <guid>1c68c94d-2b21-4944-968a-75b426068eb5</guid>
                        <ordinalNumber>1</ordinalNumber>
                        <lotEditEnabled>false</lotEditEnabled>
                        <lotData>
                            <subject>Аренда нежилого помещения для нужд Камского филиала РРР</subject>
                            <currency>
                                <code>RUB</code>
                                <digitalCode>643</digitalCode>
                                <name>Российский рубль</name>
                            </currency>
                            <initialSum>286314.00</initialSum>
                            <deliveryPlace>
                                <state>Приволжский федеральный округ</state>
                                <region>Башкортостан Респ </region>
                                <regionOkato>80000000000</regionOkato>
                                <address>Аренда нежилого помещения по адресу: 450017, Республика Башкортостан, г. Уфа, ул. Ахметова, д. 207.</address>
                            </deliveryPlace>
                            <lotItems>
                                <newCodes>true</newCodes>
                                <lotItem>
                                    <guid>c0778b5a-81ed-4c76-8634-7ff8b4944ac3</guid>
                                    <ordinalNumber>1</ordinalNumber>
                                    <okpd2>
                                        <code>68.20</code>
                                        <name>Услуги по сдаче в аренду (внаем) собственного или арендованного недвижимого имущества</name>
                                    </okpd2>
                                    <okved2>
                                        <code>68.20</code>
                                        <name>Аренда и управление собственным или арендованным недвижимым имуществом</name>
                                    </okved2>
                                    <okei>
                                        <code>081</code>
                                        <name>Квадратный метр общей площади</name>
                                    </okei>
                                    <qty>87.3</qty>
                                </lotItem>
                            </lotItems>
                            <forSmallOrMiddle>false</forSmallOrMiddle>
                            <excludePurchaseFromPlan>false</excludePurchaseFromPlan>
                            <subcontractorsRequirement>false</subcontractorsRequirement>
                            <ignoredPurchase>false</ignoredPurchase>
                            <centralized>false</centralized>
                        </lotData>
                        <deliveryPlaceIndication>GL</deliveryPlaceIndication>
                        <jointLotData>
                            <jointLot>false</jointLot>
                        </jointLotData>
                        <lotPlanInfo>
                            <planRegistrationNumber>2160218386</planRegistrationNumber>
                            <planGuid>a4cfd7be-bee6-42cb-8c1e-9847207eaac8</planGuid>
                            <positionNumber>24</positionNumber>
                            <lotPlanPosition>COMMODITY</lotPlanPosition>
                            <positionGuid>108dae31-225f-4d51-9417-16fe9af4b8f5</positionGuid>
                        </lotPlanInfo>
                        <cancelled>false</cancelled>
                    </lot>
                </ns2:lots>
            </ns2:purchaseNoticeEPData>
        </ns2:item>
    </ns2:body>
</ns2:purchaseNoticeEP>
