<?xml version="1.0" encoding="UTF-8" standalone="yes"?>
<ns2:purchaseNoticeEP xsi:schemaLocation="http://zakupki.gov.ru/223/integration/schema/TFF-5.2 http://zakupki.gov.ru/223/integration/schema/TFF-5.2/purchase.xsd" xmlns="http://zakupki.gov.ru/223fz/types/1" xmlns:ns10="http://zakupki.gov.ru/223fz/purchasePlan/1" xmlns:ns11="http://zakupki.gov.ru/223fz/purchasePlanProject/1" xmlns:ns12="http://zakupki.gov.ru/223fz/purchasePlanProjectAdditionalPosition/1" xmlns:ns13="http://zakupki.gov.ru/223fz/contract/1" xmlns:ns14="http://zakupki.gov.ru/223fz/missedNotice/1" xmlns:ns15="http://zakupki.gov.ru/223fz/reference/1" xmlns:ns16="http://zakupki.gov.ru/223fz/stopCommodity/1" xmlns:ns17="http://zakupki.gov.ru/223fz/decisionSuspension/1" xmlns:ns18="http://zakupki.gov.ru/223fz/purchasePlanAdditionalPosition/1" xmlns:ns19="http://zakupki.gov.ru/223fz/webRequest/1" xmlns:ns2="http://zakupki.gov.ru/223fz/purchase/1" xmlns:xsi="http://www.w3.org/2001/XMLSchema-instance" xmlns:ns3="http://zakupki.gov.ru/223fz/dishonestSupplier/1" xmlns:ns4="http://zakupki.gov.ru/223fz/machineryListInfo/1" xmlns:ns5="http://zakupki.gov.ru/223fz/revenue/1" xmlns:ns6="http://zakupki.gov.ru/223fz/orderClauseList/1" xmlns:ns7="http://zakupki.gov.ru/223fz/disagreementProtocol/1" xmlns:ns8="http://zakupki.gov.ru/223fz/complaint/1" xmlns:ns9="http://zakupki.gov.ru/223fz/notificationIssue/1">
    <header>
        <guid>ab6e3300-319d-4da1-aa5e-7e137e7c2835</guid>
        <createDateTime>2017-03-16T14:51:26</createDateTime>
    </header>
    <ns2:body>
        <ns2:item>
            <guid>2aa49543-5c7e-4ef1-8d84-e7737eff611a</guid>
            <ns2:purchaseNoticeEPData>
                <ns2:guid>2aa49543-5c7e-4ef1-8d84-e7737eff611a</ns2:guid>
                <ns2:createDateTime>2017-03-16T12:18:20</ns2:createDateTime>
                <ns2:urlOOS>https://zakupki.gov.ru/223/purchase/private/purchase/notice-info/details.html?noticeInfoId=5884638</ns2:urlOOS>
                <ns2:registrationNumber>31704898191</ns2:registrationNumber>
                <ns2:name>ЛИЦЕНЗИОННОЕ СОГЛАШЕНИЕ ACS_2017/2 НА ИСПОЛЬЗОВАНИЕ БАЗЫ ДАННЫХ ACS WEB EDITION </ns2:name>
                <ns2:customer>
                    <mainInfo>
                        <fullName>ФЕДЕРАЛЬНОЕ ГОСУДАРСТВЕННОЕ БЮДЖЕТНОЕ УЧРЕЖДЕНИЕ "ГОСУДАРСТВЕННАЯ ПУБЛИЧНАЯ НАУЧНО-ТЕХНИЧЕСКАЯ БИБЛИОТЕКА РОССИИ"</fullName>
                        <shortName>ГПНТБ РОССИИ</shortName>
                        <iko>87702058702770201001</iko>
                        <inn>7702058702</inn>
                        <kpp>773401001</kpp>
                        <ogrn>1037739558812</ogrn>
                        <legalAddress>123298, Г МОСКВА, УЛ ХОРОШЁВСКАЯ 3-Я, дом ДОМ 17</legalAddress>
                        <postalAddress>123298, Москва Город, Хорошевская 3-я Улица, дом 17</postalAddress>
                        <phone>7-495-6989503</phone>
                        <email>zakupki@gpntb.ru</email>
                        <okato>45286570000</okato>
                        <okpo>02734443</okpo>
                    </mainInfo>
                </ns2:customer>
                <ns2:purchaseMethodCode>3363</ns2:purchaseMethodCode>
                <ns2:purchaseCodeName>Закупка у единственного поставщика (исполнителя, подрядчика)</ns2:purchaseCodeName>
                <ns2:placer>
                    <mainInfo>
                        <fullName>ФЕДЕРАЛЬНОЕ ГОСУДАРСТВЕННОЕ БЮДЖЕТНОЕ УЧРЕЖДЕНИЕ "ГОСУДАРСТВЕННАЯ ПУБЛИЧНАЯ НАУЧНО-ТЕХНИЧЕСКАЯ БИБЛИОТЕКА РОССИИ"</fullName>
                        <shortName>ГПНТБ РОССИИ</shortName>
                        <iko>87702058702770201001</iko>
                        <inn>7702058702</inn>
                        <kpp>773401001</kpp>
                        <ogrn>1037739558812</ogrn>
                        <legalAddress>123298, Г МОСКВА, УЛ ХОРОШЁВСКАЯ 3-Я, дом ДОМ 17</legalAddress>
                        <postalAddress>123298, Москва Город, Хорошевская 3-я Улица, дом 17</postalAddress>
                        <phone>7-495-6989503</phone>
                        <email>zakupki@gpntb.ru</email>
                        <okato>45286570000</okato>
                        <okpo>02734443</okpo>
                    </mainInfo>
                </ns2:placer>
                <ns2:contact>
                    <firstName>Елена</firstName>
                    <middleName>Михайловна</middleName>
                    <lastName>Подкопаева</lastName>
                    <phone>+7 (495) 6989305, доб.: 8210</phone>
                    <email>zakupki@gpntb.ru</email>
                    <organization>
                        <mainInfo>
                            <fullName>ФЕДЕРАЛЬНОЕ ГОСУДАРСТВЕННОЕ БЮДЖЕТНОЕ УЧРЕЖДЕНИЕ "ГОСУДАРСТВЕННАЯ ПУБЛИЧНАЯ НАУЧНО-ТЕХНИЧЕСКАЯ БИБЛИОТЕКА РОССИИ"</fullName>
                            <shortName>ГПНТБ РОССИИ</shortName>
                            <iko>87702058702770201001</iko>
                            <inn>7702058702</inn>
                            <kpp>773401001</kpp>
                            <ogrn>1037739558812</ogrn>
                            <legalAddress>123298, Г МОСКВА, УЛ ХОРОШЁВСКАЯ 3-Я, дом ДОМ 17</legalAddress>
                            <postalAddress>123298, Москва Город, Хорошевская 3-я Улица, дом 17</postalAddress>
                            <phone>7-495-6989503</phone>
                            <email>zakupki@gpntb.ru</email>
                            <okato>45286570000</okato>
                            <okpo>02734443</okpo>
                        </mainInfo>
                    </organization>
                </ns2:contact>
                <ns2:publicationDateTime>2017-03-16T14:51:26</ns2:publicationDateTime>
                <ns2:documentationDelivery/>
                <ns2:status>P</ns2:status>
                <ns2:version>1</ns2:version>
                <ns2:notDishonest>false</ns2:notDishonest>
                <ns2:attachments>
                    <totalDocumentsCount>3</totalDocumentsCount>
                    <document>
                        <guid>d588a48b-9b76-49e8-bb12-9f07c0b42116</guid>
                        <createDateTime>2017-03-16T14:50:50</createDateTime>
                        <fileName>Документация.docx</fileName>
                        <description>Документация</description>
                        <url>http://zakupki.gov.ru/223/purchase/public/download/download.html?id=30111267</url>
                    </document>
                    <document>
                        <guid>63d74472-768e-4533-b92a-7b950dd1da2e</guid>
                        <createDateTime>2017-03-16T14:50:34</createDateTime>
                        <fileName>ACS_GPNTB License 2017_2.docx</fileName>
                        <description>ACS_GPNTB License 2017_2</description>
                        <url>http://zakupki.gov.ru/223/purchase/public/download/download.html?id=30111254</url>
                    </document>
                    <document>
                        <guid>a2f1977d-a42e-4f15-bd5e-6e1541ac7574</guid>
                        <createDateTime>2017-03-16T14:50:43</createDateTime>
                        <fileName>ACS_GPNTB License 2017_2_rus.docx</fileName>
                        <description>ACS_GPNTB License 2017_2_rus</description>
                        <url>http://zakupki.gov.ru/223/purchase/public/download/download.html?id=30111263</url>
                    </document>
                </ns2:attachments>
                <ns2:modificationDate>2017-03-16T14:51:26</ns2:modificationDate>
                <ns2:saveUserId>99115</ns2:saveUserId>
                <ns2:deliveryPlaceIndication>SINGLE_PLACE</ns2:deliveryPlaceIndication>
                <ns2:emergency>false</ns2:emergency>
                <ns2:jointPurchase>false</ns2:jointPurchase>
                <ns2:lots>
                    <lot>
                        <guid>b685c195-7cd5-482b-b353-99ef84870ce6</guid>
                        <ordinalNumber>1</ordinalNumber>
                        <lotEditEnabled>false</lotEditEnabled>
                        <lotData>
                            <subject>Журналы American Chemical Society Web Edition (Американского химического общества)
</subject>
                            <currency>
                                <code>USD</code>
                                <digitalCode>840</digitalCode>
                                <name>Доллар США</name>
                            </currency>
                            <initialSum>774502.98</initialSum>
                            <deliveryPlace>
                                <address>г. Москва, ул. Хорошевская3-я, д. 17</address>
                            </deliveryPlace>
                            <lotItems>
                                <newCodes>true</newCodes>
                                <lotItem>
                                    <guid>9560d259-9485-431b-b7ec-c210813d5661</guid>
                                    <ordinalNumber>1</ordinalNumber>
                                    <okpd2>
                                        <code>63.11.1</code>
                                        <name>Услуги по обработке данных, размещению, услуги по предоставлению приложений и прочей инфраструктуры информационных технологий, услуги, связанные с созданием и использованием баз данных и информационных ресурсов</name>
                                    </okpd2>
                                    <okved2>
                                        <code>63.11.1</code>
                                        <name>Деятельность по созданию и использованию баз данных и информационных ресурсов</name>
                                    </okved2>
                                    <okei>
                                        <code>876</code>
                                        <name>Условная единица</name>
                                    </okei>
                                    <qty>1</qty>
                                </lotItem>
                            </lotItems>
                            <forSmallOrMiddle>false</forSmallOrMiddle>
                            <excludePurchaseFromPlan>false</excludePurchaseFromPlan>
                            <subcontractorsRequirement>false</subcontractorsRequirement>
                            <ignoredPurchase>true</ignoredPurchase>
                            <purchaseCategory>
                                <code>15</code>
                                <name>Закупки результатов интеллектуальной деятельности у поставщика (исполнителя, подрядчика), обладающего исключительным правом на результат интеллектуальной деятельности или на средство индивидуализации, удостоверенным правоустанавливающим документом</name>
                            </purchaseCategory>
                            <centralized>false</centralized>
                        </lotData>
                        <deliveryPlaceIndication>GL</deliveryPlaceIndication>
                        <jointLotData>
                            <jointLot>false</jointLot>
                        </jointLotData>
                        <lotPlanInfo>
                            <planRegistrationNumber>2160217844</planRegistrationNumber>
                            <planGuid>487311e8-3110-4e11-ad0a-3db033d9b338</planGuid>
                            <positionNumber>9</positionNumber>
                            <lotPlanPosition>COMMODITY</lotPlanPosition>
                            <positionGuid>9ad19b4a-c9d1-4681-a990-b1642bb0cff0</positionGuid>
                        </lotPlanInfo>
                        <cancelled>false</cancelled>
                    </lot>
                </ns2:lots>
            </ns2:purchaseNoticeEPData>
        </ns2:item>
    </ns2:body>
</ns2:purchaseNoticeEP>
