<?xml version="1.0" encoding="UTF-8" standalone="yes"?>
<ns2:purchaseNoticeEP xsi:schemaLocation="http://zakupki.gov.ru/223/integration/schema/TFF-5.2 http://zakupki.gov.ru/223/integration/schema/TFF-5.2/purchase.xsd" xmlns="http://zakupki.gov.ru/223fz/types/1" xmlns:ns10="http://zakupki.gov.ru/223fz/purchasePlan/1" xmlns:ns11="http://zakupki.gov.ru/223fz/purchasePlanProject/1" xmlns:ns12="http://zakupki.gov.ru/223fz/purchasePlanProjectAdditionalPosition/1" xmlns:ns13="http://zakupki.gov.ru/223fz/contract/1" xmlns:ns14="http://zakupki.gov.ru/223fz/missedNotice/1" xmlns:ns15="http://zakupki.gov.ru/223fz/reference/1" xmlns:ns16="http://zakupki.gov.ru/223fz/stopCommodity/1" xmlns:ns17="http://zakupki.gov.ru/223fz/decisionSuspension/1" xmlns:ns18="http://zakupki.gov.ru/223fz/purchasePlanAdditionalPosition/1" xmlns:ns19="http://zakupki.gov.ru/223fz/webRequest/1" xmlns:ns2="http://zakupki.gov.ru/223fz/purchase/1" xmlns:xsi="http://www.w3.org/2001/XMLSchema-instance" xmlns:ns3="http://zakupki.gov.ru/223fz/dishonestSupplier/1" xmlns:ns4="http://zakupki.gov.ru/223fz/machineryListInfo/1" xmlns:ns5="http://zakupki.gov.ru/223fz/revenue/1" xmlns:ns6="http://zakupki.gov.ru/223fz/orderClauseList/1" xmlns:ns7="http://zakupki.gov.ru/223fz/disagreementProtocol/1" xmlns:ns8="http://zakupki.gov.ru/223fz/complaint/1" xmlns:ns9="http://zakupki.gov.ru/223fz/notificationIssue/1">
    <header>
        <guid>6d13bac3-172c-451e-b1cd-7cfe359bf829</guid>
        <createDateTime>2017-03-16T16:16:56</createDateTime>
    </header>
    <ns2:body>
        <ns2:item>
            <guid>0addd403-d90a-1ee7-82c9-4884823156a7</guid>
            <ns2:purchaseNoticeEPData>
                <ns2:guid>0addd403-d90a-1ee7-82c9-4884823156a7</ns2:guid>
                <ns2:createDateTime>2017-03-16T16:12:59</ns2:createDateTime>
                <ns2:urlOOS>https://zakupki.gov.ru/223/purchase/private/purchase/notice-info/details.html?noticeInfoId=5887353</ns2:urlOOS>
                <ns2:urlVSRZ>ЕОС-Закупки</ns2:urlVSRZ>
                <ns2:registrationNumber>31704899071</ns2:registrationNumber>
                <ns2:name>Комплекс юридических и фактических действий по содействию заключению контракта на оценку ядерной инфраструктуры и контракта на комплекс услуг жизненного цикла Центра ядерной науки и технологии в Республика Замбия</ns2:name>
                <ns2:customer>
                    <mainInfo>
                        <fullName>Закрытое акционерное общество "Русатом Сервис"</fullName>
                        <shortName>ЗАО "Русатом Сервис"</shortName>
                        <iko>67705966318772501001</iko>
                        <inn>7705966318</inn>
                        <kpp>772501001</kpp>
                        <ogrn>1117746845523</ogrn>
                        <legalAddress>119071, Москва, Ленинский, дом 15А</legalAddress>
                        <postalAddress>119071, г. Москва, Ленинский проспект, д.15А</postalAddress>
                        <phone>7-495-9957681</phone>
                        <fax>7-495-9957682</fax>
                        <email>EASalkov@rusatomservice.ru</email>
                        <okato>45286560000</okato>
                        <okpo>37158687</okpo>
                    </mainInfo>
                </ns2:customer>
                <ns2:purchaseMethodCode>3363</ns2:purchaseMethodCode>
                <ns2:purchaseCodeName>Закупка у единственного поставщика (исполнителя, подрядчика)</ns2:purchaseCodeName>
                <ns2:placer>
                    <mainInfo>
                        <fullName>Закрытое акционерное общество "Русатом Сервис"</fullName>
                        <shortName>ЗАО "Русатом Сервис"</shortName>
                        <iko>67705966318772501001</iko>
                        <inn>7705966318</inn>
                        <kpp>772501001</kpp>
                        <ogrn>1117746845523</ogrn>
                        <legalAddress>119071, Москва, Ленинский, дом 15А</legalAddress>
                        <postalAddress>119071, г. Москва, Ленинский проспект, д.15А</postalAddress>
                        <phone>7-495-9957681</phone>
                        <fax>7-495-9957682</fax>
                        <email>EASalkov@rusatomservice.ru</email>
                        <okato>45286560000</okato>
                        <okpo>37158687</okpo>
                    </mainInfo>
                </ns2:placer>
                <ns2:contact>
                    <phone>+8 (495) 995, доб.: 7680</phone>
                    <fax>+8 (495) 995, доб.: 7682</fax>
                    <email>SerVlShutkin@rusatomservice.ru</email>
                    <organization>
                        <mainInfo>
                            <fullName>Закрытое акционерное общество "Русатом Сервис"</fullName>
                            <shortName>ЗАО "Русатом Сервис"</shortName>
                            <iko>67705966318772501001</iko>
                            <inn>7705966318</inn>
                            <kpp>772501001</kpp>
                            <ogrn>1117746845523</ogrn>
                            <legalAddress>119071, Москва, Ленинский, дом 15А</legalAddress>
                            <postalAddress>119071, г. Москва, Ленинский проспект, д.15А</postalAddress>
                            <phone>7-495-9957681</phone>
                            <fax>7-495-9957682</fax>
                            <email>EASalkov@rusatomservice.ru</email>
                            <okato>45286560000</okato>
                            <okpo>37158687</okpo>
                        </mainInfo>
                    </organization>
                </ns2:contact>
                <ns2:publicationDateTime>2017-03-16T16:16:56</ns2:publicationDateTime>
                <ns2:documentationDelivery/>
                <ns2:status>P</ns2:status>
                <ns2:version>1</ns2:version>
                <ns2:notDishonest>false</ns2:notDishonest>
                <ns2:attachments>
                    <totalDocumentsCount>2</totalDocumentsCount>
                    <document>
                        <guid>a22a2ab1-590a-1ed7-82c8-1b3d35779270</guid>
                        <createDateTime>2017-03-16T12:05:30</createDateTime>
                        <fileName>Извещение.docx</fileName>
                        <description>Извещение</description>
                        <url>http://zakupki.gov.ru/223/purchase/public/download/download.html?id=30115982</url>
                    </document>
                    <document>
                        <guid>2220fc00-0d0b-1ed7-82c8-1c856554cf24</guid>
                        <createDateTime>2017-03-16T12:05:48</createDateTime>
                        <fileName>Соглашение_РУСАС-РАОС_Замбия.docx</fileName>
                        <description>Соглашение_РУСАС-РАОС_Замбия</description>
                        <url>http://zakupki.gov.ru/223/purchase/public/download/download.html?id=30115983</url>
                    </document>
                </ns2:attachments>
                <ns2:modificationDate>2017-03-16T16:16:56</ns2:modificationDate>
                <ns2:saveUserId>138254</ns2:saveUserId>
                <ns2:deliveryPlaceIndication>DIFFERENT_PLACE</ns2:deliveryPlaceIndication>
                <ns2:emergency>false</ns2:emergency>
                <ns2:jointPurchase>false</ns2:jointPurchase>
                <ns2:lots>
                    <lot>
                        <guid>0addd403-d90a-1ee7-82c7-ccdfdd6a046a</guid>
                        <ordinalNumber>1</ordinalNumber>
                        <lotEditEnabled>true</lotEditEnabled>
                        <lotData>
                            <subject>Комплекс юридических и фактических действий по содействию заключению контракта на оценку ядерной инфраструктуры и контракта на комплекс услуг жизненного цикла Центра ядерной науки и технологии в Республика Замбия</subject>
                            <currency>
                                <code>RUB</code>
                                <digitalCode>643</digitalCode>
                                <name>Российский рубль</name>
                            </currency>
                            <initialSum>7080000.00</initialSum>
                            <deliveryPlace>
                                <state>Центральный федеральный округ</state>
                                <region>Москва</region>
                                <regionOkato>45000000000</regionOkato>
                                <address>Республика Замбия, Российская Федерация</address>
                            </deliveryPlace>
                            <lotItems>
                                <newCodes>true</newCodes>
                                <lotItem>
                                    <guid>0addd403-d90a-1ee7-82c7-cd4d700c846a</guid>
                                    <ordinalNumber>1</ordinalNumber>
                                    <okpd2>
                                        <code>74.90.1</code>
                                        <name>Услуги профессиональные и технические вспомогательные и консультативные, прочие, не включенные в другие группировки</name>
                                    </okpd2>
                                    <okved2>
                                        <code>25.30.2</code>
                                        <name>Производство ядерных реакторов и их составных частей, в том числе для транспортных средств</name>
                                    </okved2>
                                    <okei>
                                        <code>796</code>
                                        <name>Штука</name>
                                    </okei>
                                    <qty>2</qty>
                                </lotItem>
                            </lotItems>
                            <forSmallOrMiddle>false</forSmallOrMiddle>
                            <excludePurchaseFromPlan>false</excludePurchaseFromPlan>
                            <subcontractorsRequirement>false</subcontractorsRequirement>
                            <ignoredPurchase>false</ignoredPurchase>
                            <centralized>false</centralized>
                        </lotData>
                        <deliveryPlaceIndication>GL</deliveryPlaceIndication>
                        <jointLotData>
                            <jointLot>false</jointLot>
                        </jointLotData>
                        <lotPlanInfo>
                            <planRegistrationNumber>2160183998</planRegistrationNumber>
                            <planGuid>0addd403-d90a-1ed7-82c2-b7705c8051ea</planGuid>
                            <positionNumber>1126400009</positionNumber>
                            <lotPlanPosition>COMMODITY</lotPlanPosition>
                            <positionGuid>2220fc00-0d0a-1ed7-819a-c7584cc358de</positionGuid>
                        </lotPlanInfo>
                        <cancelled>false</cancelled>
                    </lot>
                </ns2:lots>
            </ns2:purchaseNoticeEPData>
        </ns2:item>
    </ns2:body>
</ns2:purchaseNoticeEP>
