<?xml version="1.0" encoding="UTF-8" standalone="yes"?>
<ns2:purchaseNoticeEP xsi:schemaLocation="http://zakupki.gov.ru/223/integration/schema/TFF-5.2 http://zakupki.gov.ru/223/integration/schema/TFF-5.2/purchase.xsd" xmlns="http://zakupki.gov.ru/223fz/types/1" xmlns:ns10="http://zakupki.gov.ru/223fz/purchasePlan/1" xmlns:ns11="http://zakupki.gov.ru/223fz/purchasePlanProject/1" xmlns:ns12="http://zakupki.gov.ru/223fz/purchasePlanProjectAdditionalPosition/1" xmlns:ns13="http://zakupki.gov.ru/223fz/contract/1" xmlns:ns14="http://zakupki.gov.ru/223fz/missedNotice/1" xmlns:ns15="http://zakupki.gov.ru/223fz/reference/1" xmlns:ns16="http://zakupki.gov.ru/223fz/stopCommodity/1" xmlns:ns17="http://zakupki.gov.ru/223fz/decisionSuspension/1" xmlns:ns18="http://zakupki.gov.ru/223fz/purchasePlanAdditionalPosition/1" xmlns:ns19="http://zakupki.gov.ru/223fz/webRequest/1" xmlns:ns2="http://zakupki.gov.ru/223fz/purchase/1" xmlns:xsi="http://www.w3.org/2001/XMLSchema-instance" xmlns:ns3="http://zakupki.gov.ru/223fz/dishonestSupplier/1" xmlns:ns4="http://zakupki.gov.ru/223fz/machineryListInfo/1" xmlns:ns5="http://zakupki.gov.ru/223fz/revenue/1" xmlns:ns6="http://zakupki.gov.ru/223fz/orderClauseList/1" xmlns:ns7="http://zakupki.gov.ru/223fz/disagreementProtocol/1" xmlns:ns8="http://zakupki.gov.ru/223fz/complaint/1" xmlns:ns9="http://zakupki.gov.ru/223fz/notificationIssue/1">
    <header>
        <guid>202b915e-a0e3-4e85-9781-51c6372ccf71</guid>
        <createDateTime>2017-03-16T14:16:30</createDateTime>
    </header>
    <ns2:body>
        <ns2:item>
            <guid>a4cb15b5-bce6-4331-b4d3-8bbb1a8a507e</guid>
            <ns2:purchaseNoticeEPData>
                <ns2:guid>a4cb15b5-bce6-4331-b4d3-8bbb1a8a507e</ns2:guid>
                <ns2:createDateTime>2017-03-16T14:13:12</ns2:createDateTime>
                <ns2:urlOOS>https://zakupki.gov.ru/223/purchase/private/purchase/notice-info/details.html?noticeInfoId=5885873</ns2:urlOOS>
                <ns2:registrationNumber>31704897865</ns2:registrationNumber>
                <ns2:name>Обслуживание и ремонт орг. Техники ОТФ ФИАН</ns2:name>
                <ns2:customer>
                    <mainInfo>
                        <fullName>Федеральное государственное бюджетное учреждение науки Физический институт им. П.Н. Лебедева Российской академии наук</fullName>
                        <shortName>ФИАН</shortName>
                        <iko>87736037394773601001</iko>
                        <inn>7736037394</inn>
                        <kpp>773601001</kpp>
                        <ogrn>1027739617960</ogrn>
                        <legalAddress>119991, Москва, Ленинский, дом 53</legalAddress>
                        <postalAddress>119991, Москва, Ленинский проспект, дом 53</postalAddress>
                        <phone>7-499-1354171</phone>
                        <fax>7-499-1354171</fax>
                        <email>mattech@sci.lebedev.ru</email>
                        <okato>45293558000</okato>
                        <okpo>02698766</okpo>
                    </mainInfo>
                </ns2:customer>
                <ns2:purchaseMethodCode>3363</ns2:purchaseMethodCode>
                <ns2:purchaseCodeName>Закупка у единственного поставщика (исполнителя, подрядчика)</ns2:purchaseCodeName>
                <ns2:placer>
                    <mainInfo>
                        <fullName>Федеральное государственное бюджетное учреждение науки Физический институт им. П.Н. Лебедева Российской академии наук</fullName>
                        <shortName>ФИАН</shortName>
                        <iko>87736037394773601001</iko>
                        <inn>7736037394</inn>
                        <kpp>773601001</kpp>
                        <ogrn>1027739617960</ogrn>
                        <legalAddress>119991, Москва, Ленинский, дом 53</legalAddress>
                        <postalAddress>119991, Москва, Ленинский проспект, дом 53</postalAddress>
                        <phone>7-499-1354171</phone>
                        <fax>7-499-1354171</fax>
                        <email>mattech@sci.lebedev.ru</email>
                        <okato>45293558000</okato>
                        <okpo>02698766</okpo>
                    </mainInfo>
                </ns2:placer>
                <ns2:contact>
                    <firstName>Кирилл</firstName>
                    <middleName>Александрович</middleName>
                    <lastName>Степанов</lastName>
                    <phone>+7 (499) 1326794</phone>
                    <email>zakupki@sci.lebedev.ru</email>
                    <organization>
                        <mainInfo>
                            <fullName>Федеральное государственное бюджетное учреждение науки Физический институт им. П.Н. Лебедева Российской академии наук</fullName>
                            <shortName>ФИАН</shortName>
                            <iko>87736037394773601001</iko>
                            <inn>7736037394</inn>
                            <kpp>773601001</kpp>
                            <ogrn>1027739617960</ogrn>
                            <legalAddress>119991, Москва, Ленинский, дом 53</legalAddress>
                            <postalAddress>119991, Москва, Ленинский проспект, дом 53</postalAddress>
                            <phone>7-499-1354171</phone>
                            <fax>7-499-1354171</fax>
                            <email>mattech@sci.lebedev.ru</email>
                            <okato>45293558000</okato>
                            <okpo>02698766</okpo>
                        </mainInfo>
                    </organization>
                </ns2:contact>
                <ns2:publicationDateTime>2017-03-16T14:16:30</ns2:publicationDateTime>
                <ns2:documentationDelivery>
                    <procedure>не предоставляется</procedure>
                </ns2:documentationDelivery>
                <ns2:status>P</ns2:status>
                <ns2:version>1</ns2:version>
                <ns2:notDishonest>true</ns2:notDishonest>
                <ns2:attachments>
                    <totalDocumentsCount>2</totalDocumentsCount>
                    <document>
                        <guid>25d5b85e-9a3c-468e-86f5-6ecb09c6a3ff</guid>
                        <createDateTime>2017-03-16T14:15:33</createDateTime>
                        <fileName>Проект договора ЕП ПП-40 7-39-2017.PDF</fileName>
                        <description>Проект договора ЕП ПП-40 7-39-2017</description>
                        <url>http://zakupki.gov.ru/223/purchase/public/download/download.html?id=30109076</url>
                    </document>
                    <document>
                        <guid>3042cf9a-d746-4bc5-ab98-c308c2497f45</guid>
                        <createDateTime>2017-03-16T14:15:28</createDateTime>
                        <fileName>Извещение и Документация ЕП ПП-40 №7-39-2017.doc</fileName>
                        <description>Извещение и Документация ЕП ПП-40 №7-39-2017</description>
                        <url>http://zakupki.gov.ru/223/purchase/public/download/download.html?id=30109061</url>
                    </document>
                </ns2:attachments>
                <ns2:modificationDate>2017-03-16T14:16:30</ns2:modificationDate>
                <ns2:saveUserId>166040</ns2:saveUserId>
                <ns2:deliveryPlaceIndication>SINGLE_PLACE</ns2:deliveryPlaceIndication>
                <ns2:emergency>false</ns2:emergency>
                <ns2:jointPurchase>false</ns2:jointPurchase>
                <ns2:lots>
                    <lot>
                        <guid>5da3119e-953d-4bb7-8fb2-9c082354376a</guid>
                        <ordinalNumber>1</ordinalNumber>
                        <lotEditEnabled>false</lotEditEnabled>
                        <lotData>
                            <subject>Обслуживание и ремонт орг. Техники ОТФ ФИАН </subject>
                            <currency>
                                <code>RUB</code>
                                <digitalCode>643</digitalCode>
                                <name>Российский рубль</name>
                            </currency>
                            <initialSum>66000.00</initialSum>
                            <deliveryPlace>
                                <state>Центральный федеральный округ</state>
                                <region>Москва</region>
                                <regionOkato>45000000000</regionOkato>
                                <address>119991, г. Москва, Ленинский проспект, д. 53</address>
                            </deliveryPlace>
                            <lotItems>
                                <newCodes>true</newCodes>
                                <lotItem>
                                    <guid>1b22c338-0031-412f-8173-af7257afb867</guid>
                                    <ordinalNumber>1</ordinalNumber>
                                    <okpd2>
                                        <code>95.11.10.110</code>
                                        <name>Услуги по ремонту электрокалькуляторов, персональных машин ЭВМ, компьютерной техники, включая ноутбуки, принтеры, сканеры, процессоры, мониторы, компьютерную клавиатуру</name>
                                    </okpd2>
                                    <okved2>
                                        <code>95.11</code>
                                        <name>Ремонт компьютеров и периферийного компьютерного оборудования</name>
                                    </okved2>
                                    <okei>
                                        <code>876</code>
                                        <name>Условная единица</name>
                                    </okei>
                                    <qty>1</qty>
                                </lotItem>
                            </lotItems>
                            <forSmallOrMiddle>false</forSmallOrMiddle>
                            <excludePurchaseFromPlan>false</excludePurchaseFromPlan>
                            <subcontractorsRequirement>false</subcontractorsRequirement>
                            <ignoredPurchase>false</ignoredPurchase>
                            <centralized>false</centralized>
                        </lotData>
                        <deliveryPlaceIndication>GL</deliveryPlaceIndication>
                        <jointLotData>
                            <jointLot>false</jointLot>
                        </jointLotData>
                        <lotPlanInfo>
                            <planRegistrationNumber>2160216955</planRegistrationNumber>
                            <planGuid>3d770fac-b27f-4400-9da4-3515c24fe37c</planGuid>
                            <positionNumber>39</positionNumber>
                            <lotPlanPosition>COMMODITY</lotPlanPosition>
                            <positionGuid>3442448e-d8cb-4f37-841c-089f9e73871a</positionGuid>
                        </lotPlanInfo>
                        <cancelled>false</cancelled>
                    </lot>
                </ns2:lots>
            </ns2:purchaseNoticeEPData>
        </ns2:item>
    </ns2:body>
</ns2:purchaseNoticeEP>
