<?xml version="1.0" encoding="UTF-8" standalone="yes"?>
<ns2:purchaseNoticeEP xsi:schemaLocation="http://zakupki.gov.ru/223/integration/schema/TFF-5.2 http://zakupki.gov.ru/223/integration/schema/TFF-5.2/purchase.xsd" xmlns="http://zakupki.gov.ru/223fz/types/1" xmlns:ns10="http://zakupki.gov.ru/223fz/purchasePlan/1" xmlns:ns11="http://zakupki.gov.ru/223fz/purchasePlanProject/1" xmlns:ns12="http://zakupki.gov.ru/223fz/purchasePlanProjectAdditionalPosition/1" xmlns:ns13="http://zakupki.gov.ru/223fz/contract/1" xmlns:ns14="http://zakupki.gov.ru/223fz/missedNotice/1" xmlns:ns15="http://zakupki.gov.ru/223fz/reference/1" xmlns:ns16="http://zakupki.gov.ru/223fz/stopCommodity/1" xmlns:ns17="http://zakupki.gov.ru/223fz/decisionSuspension/1" xmlns:ns18="http://zakupki.gov.ru/223fz/purchasePlanAdditionalPosition/1" xmlns:ns19="http://zakupki.gov.ru/223fz/webRequest/1" xmlns:ns2="http://zakupki.gov.ru/223fz/purchase/1" xmlns:xsi="http://www.w3.org/2001/XMLSchema-instance" xmlns:ns3="http://zakupki.gov.ru/223fz/dishonestSupplier/1" xmlns:ns4="http://zakupki.gov.ru/223fz/machineryListInfo/1" xmlns:ns5="http://zakupki.gov.ru/223fz/revenue/1" xmlns:ns6="http://zakupki.gov.ru/223fz/orderClauseList/1" xmlns:ns7="http://zakupki.gov.ru/223fz/disagreementProtocol/1" xmlns:ns8="http://zakupki.gov.ru/223fz/complaint/1" xmlns:ns9="http://zakupki.gov.ru/223fz/notificationIssue/1">
    <header>
        <guid>f20ab3df-7fa7-4f7e-a0e5-a5632cefc674</guid>
        <createDateTime>2017-03-16T11:51:15</createDateTime>
    </header>
    <ns2:body>
        <ns2:item>
            <guid>a312cbd2-696f-4736-b309-281ce3591928</guid>
            <ns2:purchaseNoticeEPData>
                <ns2:guid>a312cbd2-696f-4736-b309-281ce3591928</ns2:guid>
                <ns2:createDateTime>2017-03-16T11:43:22</ns2:createDateTime>
                <ns2:urlOOS>https://zakupki.gov.ru/223/purchase/private/purchase/notice-info/details.html?noticeInfoId=5884304</ns2:urlOOS>
                <ns2:registrationNumber>31704896688</ns2:registrationNumber>
                <ns2:name>Медицинские услуги по осуществлению медицинского обслуживания и оказанию доврачебной/медицинской помощи на плановых/внеплановых мероприятиях
</ns2:name>
                <ns2:customer>
                    <mainInfo>
                        <fullName>ФЕДЕРАЛЬНОЕ ГОСУДАРСТВЕННОЕ АВТОНОМНОЕ ОБРАЗОВАТЕЛЬНОЕ УЧРЕЖДЕНИЕ ВЫСШЕГО ОБРАЗОВАНИЯ "МОСКОВСКИЙ ФИЗИКО-ТЕХНИЧЕСКИЙ ИНСТИТУТ (ГОСУДАРСТВЕННЫЙ УНИВЕРСИТЕТ)"</fullName>
                        <shortName>МФТИ</shortName>
                        <iko>55008006211772701001</iko>
                        <inn>5008006211</inn>
                        <kpp>772701001</kpp>
                        <ogrn>1027739386135</ogrn>
                        <legalAddress>117303, Г МОСКВА, УЛ КЕРЧЕНСКАЯ, дом 1А, корпус 1</legalAddress>
                        <postalAddress>141701, Московская Область, Долгопрудный Город, Институтский Переулок, дом 9</postalAddress>
                        <phone>7-495-4084554</phone>
                        <fax>7-495-4086869</fax>
                        <email>info@mipt.ru</email>
                        <okato>46416000000</okato>
                        <okpo>02068901</okpo>
                    </mainInfo>
                </ns2:customer>
                <ns2:purchaseMethodCode>3363</ns2:purchaseMethodCode>
                <ns2:purchaseCodeName>Закупка у единственного поставщика (исполнителя, подрядчика)</ns2:purchaseCodeName>
                <ns2:placer>
                    <mainInfo>
                        <fullName>ФЕДЕРАЛЬНОЕ ГОСУДАРСТВЕННОЕ АВТОНОМНОЕ ОБРАЗОВАТЕЛЬНОЕ УЧРЕЖДЕНИЕ ВЫСШЕГО ОБРАЗОВАНИЯ "МОСКОВСКИЙ ФИЗИКО-ТЕХНИЧЕСКИЙ ИНСТИТУТ (ГОСУДАРСТВЕННЫЙ УНИВЕРСИТЕТ)"</fullName>
                        <shortName>МФТИ</shortName>
                        <iko>55008006211772701001</iko>
                        <inn>5008006211</inn>
                        <kpp>772701001</kpp>
                        <ogrn>1027739386135</ogrn>
                        <legalAddress>117303, Г МОСКВА, УЛ КЕРЧЕНСКАЯ, дом 1А, корпус 1</legalAddress>
                        <postalAddress>141701, Московская Область, Долгопрудный Город, Институтский Переулок, дом 9</postalAddress>
                        <phone>7-495-4084554</phone>
                        <fax>7-495-4086869</fax>
                        <email>info@mipt.ru</email>
                        <okato>46416000000</okato>
                        <okpo>02068901</okpo>
                    </mainInfo>
                </ns2:placer>
                <ns2:contact>
                    <phone>+8 (926) 3840803</phone>
                    <email>shestopalov.vs@mipt.ru</email>
                    <organization>
                        <mainInfo>
                            <fullName>ФЕДЕРАЛЬНОЕ ГОСУДАРСТВЕННОЕ АВТОНОМНОЕ ОБРАЗОВАТЕЛЬНОЕ УЧРЕЖДЕНИЕ ВЫСШЕГО ОБРАЗОВАНИЯ "МОСКОВСКИЙ ФИЗИКО-ТЕХНИЧЕСКИЙ ИНСТИТУТ (ГОСУДАРСТВЕННЫЙ УНИВЕРСИТЕТ)"</fullName>
                            <shortName>МФТИ</shortName>
                            <iko>55008006211772701001</iko>
                            <inn>5008006211</inn>
                            <kpp>772701001</kpp>
                            <ogrn>1027739386135</ogrn>
                            <legalAddress>117303, Г МОСКВА, УЛ КЕРЧЕНСКАЯ, дом 1А, корпус 1</legalAddress>
                            <postalAddress>141701, Московская Область, Долгопрудный Город, Институтский Переулок, дом 9</postalAddress>
                            <phone>7-495-4084554</phone>
                            <fax>7-495-4086869</fax>
                            <email>info@mipt.ru</email>
                            <okato>46416000000</okato>
                            <okpo>02068901</okpo>
                        </mainInfo>
                    </organization>
                </ns2:contact>
                <ns2:publicationDateTime>2017-03-16T11:51:15</ns2:publicationDateTime>
                <ns2:documentationDelivery/>
                <ns2:status>P</ns2:status>
                <ns2:version>1</ns2:version>
                <ns2:notDishonest>false</ns2:notDishonest>
                <ns2:attachments>
                    <totalDocumentsCount>1</totalDocumentsCount>
                    <document>
                        <guid>cb369eb4-7692-46a4-90ed-39972f6f2df7</guid>
                        <createDateTime>2017-03-16T11:47:39</createDateTime>
                        <fileName>Извещение ЕП17-073.pdf</fileName>
                        <description>Извещение ЕП17-073</description>
                        <url>http://zakupki.gov.ru/223/purchase/public/download/download.html?id=30101057</url>
                    </document>
                </ns2:attachments>
                <ns2:modificationDate>2017-03-16T11:51:15</ns2:modificationDate>
                <ns2:saveUserId>216976</ns2:saveUserId>
                <ns2:deliveryPlaceIndication>DIFFERENT_PLACE</ns2:deliveryPlaceIndication>
                <ns2:emergency>false</ns2:emergency>
                <ns2:jointPurchase>false</ns2:jointPurchase>
                <ns2:lots>
                    <lot>
                        <guid>c075f227-7892-4e65-9651-d7a5e2c63a36</guid>
                        <ordinalNumber>1</ordinalNumber>
                        <lotEditEnabled>false</lotEditEnabled>
                        <lotData>
                            <subject>Медицинские услуги по осуществлению медицинского обслуживания и оказанию доврачебной/медицинской помощи на плановых/внеплановых мероприятиях
</subject>
                            <currency>
                                <code>RUB</code>
                                <digitalCode>643</digitalCode>
                                <name>Российский рубль</name>
                            </currency>
                            <initialSum>527495.00</initialSum>
                            <deliveryPlace>
                                <state>Центральный федеральный округ</state>
                                <region>Московская   обл</region>
                                <regionOkato>46000000000</regionOkato>
                                <address>Московская область, г. Долгопрудный, Институтский пер., дом 9</address>
                            </deliveryPlace>
                            <lotItems>
                                <newCodes>true</newCodes>
                                <lotItem>
                                    <guid>e01cc753-baa4-4f50-9119-1ababfcaeb86</guid>
                                    <ordinalNumber>1</ordinalNumber>
                                    <okpd2>
                                        <code>86.21.10.190</code>
                                        <name>Услуги, предоставляемые врачами общей врачебной практики, прочие, не включенные в другие группировки</name>
                                    </okpd2>
                                    <okved2>
                                        <code>86.21</code>
                                        <name>Общая врачебная практика</name>
                                    </okved2>
                                </lotItem>
                            </lotItems>
                            <forSmallOrMiddle>true</forSmallOrMiddle>
                            <excludePurchaseFromPlan>false</excludePurchaseFromPlan>
                            <subcontractorsRequirement>false</subcontractorsRequirement>
                            <ignoredPurchase>false</ignoredPurchase>
                            <centralized>false</centralized>
                        </lotData>
                        <deliveryPlaceIndication>GL</deliveryPlaceIndication>
                        <jointLotData>
                            <jointLot>false</jointLot>
                        </jointLotData>
                        <lotPlanInfo>
                            <planRegistrationNumber>2160218692</planRegistrationNumber>
                            <planGuid>32944a64-c387-4282-a9f2-3c545bd85b9d</planGuid>
                            <positionNumber>182</positionNumber>
                            <lotPlanPosition>COMMODITY</lotPlanPosition>
                            <positionGuid>96d39c1c-4744-41d5-9f66-8ead675f8b3a</positionGuid>
                        </lotPlanInfo>
                        <cancelled>false</cancelled>
                    </lot>
                </ns2:lots>
            </ns2:purchaseNoticeEPData>
        </ns2:item>
    </ns2:body>
</ns2:purchaseNoticeEP>
