<?xml version="1.0" encoding="UTF-8" standalone="yes"?>
<ns2:purchaseNoticeEP xsi:schemaLocation="http://zakupki.gov.ru/223/integration/schema/TFF-5.2 http://zakupki.gov.ru/223/integration/schema/TFF-5.2/purchase.xsd" xmlns="http://zakupki.gov.ru/223fz/types/1" xmlns:ns10="http://zakupki.gov.ru/223fz/purchasePlan/1" xmlns:ns11="http://zakupki.gov.ru/223fz/purchasePlanProject/1" xmlns:ns12="http://zakupki.gov.ru/223fz/purchasePlanProjectAdditionalPosition/1" xmlns:ns13="http://zakupki.gov.ru/223fz/contract/1" xmlns:ns14="http://zakupki.gov.ru/223fz/missedNotice/1" xmlns:ns15="http://zakupki.gov.ru/223fz/reference/1" xmlns:ns16="http://zakupki.gov.ru/223fz/stopCommodity/1" xmlns:ns17="http://zakupki.gov.ru/223fz/decisionSuspension/1" xmlns:ns18="http://zakupki.gov.ru/223fz/purchasePlanAdditionalPosition/1" xmlns:ns19="http://zakupki.gov.ru/223fz/webRequest/1" xmlns:ns2="http://zakupki.gov.ru/223fz/purchase/1" xmlns:xsi="http://www.w3.org/2001/XMLSchema-instance" xmlns:ns3="http://zakupki.gov.ru/223fz/dishonestSupplier/1" xmlns:ns4="http://zakupki.gov.ru/223fz/machineryListInfo/1" xmlns:ns5="http://zakupki.gov.ru/223fz/revenue/1" xmlns:ns6="http://zakupki.gov.ru/223fz/orderClauseList/1" xmlns:ns7="http://zakupki.gov.ru/223fz/disagreementProtocol/1" xmlns:ns8="http://zakupki.gov.ru/223fz/complaint/1" xmlns:ns9="http://zakupki.gov.ru/223fz/notificationIssue/1">
    <header>
        <guid>d6a3c336-381a-43b6-8249-ebe7be7ad9e8</guid>
        <createDateTime>2017-03-16T15:51:59</createDateTime>
    </header>
    <ns2:body>
        <ns2:item>
            <guid>419dc482-c2b1-4b7c-b4e1-e40f0da4f36e</guid>
            <ns2:purchaseNoticeEPData>
                <ns2:guid>419dc482-c2b1-4b7c-b4e1-e40f0da4f36e</ns2:guid>
                <ns2:createDateTime>2017-03-16T15:39:49</ns2:createDateTime>
                <ns2:urlOOS>https://zakupki.gov.ru/223/purchase/private/purchase/notice-info/details.html?noticeInfoId=5886942</ns2:urlOOS>
                <ns2:registrationNumber>31704898823</ns2:registrationNumber>
                <ns2:name>Оказание преподавательских услуг по английскому языку на 1-ом курсе магистратуры по направлениям "Политология" и "Международные отношения"</ns2:name>
                <ns2:customer>
                    <mainInfo>
                        <fullName>ФЕДЕРАЛЬНОЕ ГОСУДАРСТВЕННОЕ АВТОНОМНОЕ ОБРАЗОВАТЕЛЬНОЕ УЧРЕЖДЕНИЕ ВЫСШЕГО ОБРАЗОВАНИЯ "МОСКОВСКИЙ ГОСУДАРСТВЕННЫЙ ИНСТИТУТ МЕЖДУНАРОДНЫХ ОТНОШЕНИЙ (УНИВЕРСИТЕТ) МИНИСТЕРСТВА ИНОСТРАННЫХ ДЕЛ РОССИЙСКОЙ ФЕДЕРАЦИИ"</fullName>
                        <shortName>МГИМО МИД РОССИИ</shortName>
                        <iko>87729134728772901001</iko>
                        <inn>7729134728</inn>
                        <kpp>772901001</kpp>
                        <ogrn>1037739194217</ogrn>
                        <legalAddress>119454, г МОСКВА, пр-кт ВЕРНАДСКОГО, дом 76</legalAddress>
                        <postalAddress>119454, г. Москва, проспект Вернадского, 76 </postalAddress>
                        <phone>7-495-4342492</phone>
                        <email>Korunov@mgimo.ru</email>
                        <okato>45268581000</okato>
                        <okpo>04815041</okpo>
                    </mainInfo>
                </ns2:customer>
                <ns2:purchaseMethodCode>3363</ns2:purchaseMethodCode>
                <ns2:purchaseCodeName>Закупка у единственного поставщика (исполнителя, подрядчика)</ns2:purchaseCodeName>
                <ns2:placer>
                    <mainInfo>
                        <fullName>ФЕДЕРАЛЬНОЕ ГОСУДАРСТВЕННОЕ АВТОНОМНОЕ ОБРАЗОВАТЕЛЬНОЕ УЧРЕЖДЕНИЕ ВЫСШЕГО ОБРАЗОВАНИЯ "МОСКОВСКИЙ ГОСУДАРСТВЕННЫЙ ИНСТИТУТ МЕЖДУНАРОДНЫХ ОТНОШЕНИЙ (УНИВЕРСИТЕТ) МИНИСТЕРСТВА ИНОСТРАННЫХ ДЕЛ РОССИЙСКОЙ ФЕДЕРАЦИИ"</fullName>
                        <shortName>МГИМО МИД РОССИИ</shortName>
                        <iko>87729134728772901001</iko>
                        <inn>7729134728</inn>
                        <kpp>772901001</kpp>
                        <ogrn>1037739194217</ogrn>
                        <legalAddress>119454, г МОСКВА, пр-кт ВЕРНАДСКОГО, дом 76</legalAddress>
                        <postalAddress>119454, г. Москва, проспект Вернадского, 76 </postalAddress>
                        <phone>7-495-4342492</phone>
                        <email>Korunov@mgimo.ru</email>
                        <okato>45268581000</okato>
                        <okpo>04815041</okpo>
                    </mainInfo>
                </ns2:placer>
                <ns2:contact>
                    <firstName>Константин </firstName>
                    <middleName>Александрович </middleName>
                    <lastName>Корунов </lastName>
                    <phone>+7 (495) 2295454</phone>
                    <email>Korunov@mgimo.ru</email>
                    <organization>
                        <mainInfo>
                            <fullName>ФЕДЕРАЛЬНОЕ ГОСУДАРСТВЕННОЕ АВТОНОМНОЕ ОБРАЗОВАТЕЛЬНОЕ УЧРЕЖДЕНИЕ ВЫСШЕГО ОБРАЗОВАНИЯ "МОСКОВСКИЙ ГОСУДАРСТВЕННЫЙ ИНСТИТУТ МЕЖДУНАРОДНЫХ ОТНОШЕНИЙ (УНИВЕРСИТЕТ) МИНИСТЕРСТВА ИНОСТРАННЫХ ДЕЛ РОССИЙСКОЙ ФЕДЕРАЦИИ"</fullName>
                            <shortName>МГИМО МИД РОССИИ</shortName>
                            <iko>87729134728772901001</iko>
                            <inn>7729134728</inn>
                            <kpp>772901001</kpp>
                            <ogrn>1037739194217</ogrn>
                            <legalAddress>119454, г МОСКВА, пр-кт ВЕРНАДСКОГО, дом 76</legalAddress>
                            <postalAddress>119454, г. Москва, проспект Вернадского, 76 </postalAddress>
                            <phone>7-495-4342492</phone>
                            <email>Korunov@mgimo.ru</email>
                            <okato>45268581000</okato>
                            <okpo>04815041</okpo>
                        </mainInfo>
                    </organization>
                </ns2:contact>
                <ns2:publicationDateTime>2017-03-16T15:51:59</ns2:publicationDateTime>
                <ns2:documentationDelivery/>
                <ns2:status>P</ns2:status>
                <ns2:version>1</ns2:version>
                <ns2:notDishonest>false</ns2:notDishonest>
                <ns2:attachments>
                    <totalDocumentsCount>3</totalDocumentsCount>
                    <document>
                        <guid>18f1e1d2-c93f-4703-bd44-0a5404ffc466</guid>
                        <createDateTime>2017-03-16T15:47:46</createDateTime>
                        <fileName>Документация о закупке.docx</fileName>
                        <description>Документация о закупке</description>
                        <url>http://zakupki.gov.ru/223/purchase/public/download/download.html?id=30114657</url>
                    </document>
                    <document>
                        <guid>032e50a5-06c1-440e-9fae-7e8e9ef31889</guid>
                        <createDateTime>2017-03-16T15:47:56</createDateTime>
                        <fileName>Извещение.docx</fileName>
                        <description>Извещение</description>
                        <url>http://zakupki.gov.ru/223/purchase/public/download/download.html?id=30114664</url>
                    </document>
                    <document>
                        <guid>cd128bbf-224d-46ab-875b-a7056c8e72e9</guid>
                        <createDateTime>2017-03-16T15:47:41</createDateTime>
                        <fileName>Договор.docx</fileName>
                        <description>Договор</description>
                        <url>http://zakupki.gov.ru/223/purchase/public/download/download.html?id=30114654</url>
                    </document>
                </ns2:attachments>
                <ns2:modificationDate>2017-03-16T15:51:59</ns2:modificationDate>
                <ns2:saveUserId>215839</ns2:saveUserId>
                <ns2:deliveryPlaceIndication>DIFFERENT_PLACE</ns2:deliveryPlaceIndication>
                <ns2:emergency>false</ns2:emergency>
                <ns2:jointPurchase>false</ns2:jointPurchase>
                <ns2:lots>
                    <lot>
                        <guid>5dc635e6-80ab-44c0-a2aa-6c9feb6b34af</guid>
                        <ordinalNumber>1</ordinalNumber>
                        <lotEditEnabled>false</lotEditEnabled>
                        <lotData>
                            <subject>Оказание преподавательских услуг по английскому языку на 1-ом курсе магистратуры по направлениям "Политология" и "Международные отношения"
</subject>
                            <currency>
                                <code>RUB</code>
                                <digitalCode>643</digitalCode>
                                <name>Российский рубль</name>
                            </currency>
                            <initialSum>131760.00</initialSum>
                            <deliveryPlace>
                                <state>Центральный федеральный округ</state>
                                <region>Москва</region>
                                <regionOkato>45000000000</regionOkato>
                                <address>119454, Россия, г. Москва, пр-т Вернадского, д. 76</address>
                            </deliveryPlace>
                            <lotItems>
                                <newCodes>true</newCodes>
                                <lotItem>
                                    <guid>b6083a20-feb9-4c40-a0e9-dfe27095b141</guid>
                                    <ordinalNumber>1</ordinalNumber>
                                    <okpd2>
                                        <code>85.22.32.000</code>
                                        <name>Услуги в области высшего образования прочие - магистратура</name>
                                    </okpd2>
                                    <okved2>
                                        <code>85.22.3</code>
                                        <name>Образование высшее - магистратура</name>
                                    </okved2>
                                    <okei>
                                        <code>356</code>
                                        <name>Час</name>
                                    </okei>
                                    <qty>79.6</qty>
                                </lotItem>
                            </lotItems>
                            <forSmallOrMiddle>false</forSmallOrMiddle>
                            <excludePurchaseFromPlan>false</excludePurchaseFromPlan>
                            <subcontractorsRequirement>false</subcontractorsRequirement>
                            <ignoredPurchase>false</ignoredPurchase>
                            <centralized>false</centralized>
                        </lotData>
                        <deliveryPlaceIndication>GL</deliveryPlaceIndication>
                        <jointLotData>
                            <jointLot>false</jointLot>
                        </jointLotData>
                        <lotPlanInfo>
                            <planRegistrationNumber>2160193211</planRegistrationNumber>
                            <planGuid>2a291242-79aa-488c-bcf9-20a2ea361cc6</planGuid>
                            <positionNumber>379</positionNumber>
                            <lotPlanPosition>COMMODITY</lotPlanPosition>
                            <positionGuid>fa5b69b7-ffa4-415a-bc8e-3457a9947015</positionGuid>
                        </lotPlanInfo>
                        <cancelled>false</cancelled>
                    </lot>
                </ns2:lots>
            </ns2:purchaseNoticeEPData>
        </ns2:item>
    </ns2:body>
</ns2:purchaseNoticeEP>
