<?xml version="1.0" encoding="UTF-8" standalone="yes"?>
<ns2:purchaseNoticeEP xsi:schemaLocation="http://zakupki.gov.ru/223/integration/schema/TFF-5.2 http://zakupki.gov.ru/223/integration/schema/TFF-5.2/purchase.xsd" xmlns="http://zakupki.gov.ru/223fz/types/1" xmlns:ns10="http://zakupki.gov.ru/223fz/purchasePlan/1" xmlns:ns11="http://zakupki.gov.ru/223fz/purchasePlanProject/1" xmlns:ns12="http://zakupki.gov.ru/223fz/purchasePlanProjectAdditionalPosition/1" xmlns:ns13="http://zakupki.gov.ru/223fz/contract/1" xmlns:ns14="http://zakupki.gov.ru/223fz/missedNotice/1" xmlns:ns15="http://zakupki.gov.ru/223fz/reference/1" xmlns:ns16="http://zakupki.gov.ru/223fz/stopCommodity/1" xmlns:ns17="http://zakupki.gov.ru/223fz/decisionSuspension/1" xmlns:ns18="http://zakupki.gov.ru/223fz/purchasePlanAdditionalPosition/1" xmlns:ns19="http://zakupki.gov.ru/223fz/webRequest/1" xmlns:ns2="http://zakupki.gov.ru/223fz/purchase/1" xmlns:xsi="http://www.w3.org/2001/XMLSchema-instance" xmlns:ns3="http://zakupki.gov.ru/223fz/dishonestSupplier/1" xmlns:ns4="http://zakupki.gov.ru/223fz/machineryListInfo/1" xmlns:ns5="http://zakupki.gov.ru/223fz/revenue/1" xmlns:ns6="http://zakupki.gov.ru/223fz/orderClauseList/1" xmlns:ns7="http://zakupki.gov.ru/223fz/disagreementProtocol/1" xmlns:ns8="http://zakupki.gov.ru/223fz/complaint/1" xmlns:ns9="http://zakupki.gov.ru/223fz/notificationIssue/1">
    <header>
        <guid>ee2b93de-1bcd-4fb0-9743-aa508f977deb</guid>
        <createDateTime>2017-03-16T17:53:51</createDateTime>
    </header>
    <ns2:body>
        <ns2:item>
            <guid>f69617a4-4534-4a19-a8bd-7da447401051</guid>
            <ns2:purchaseNoticeEPData>
                <ns2:guid>f69617a4-4534-4a19-a8bd-7da447401051</ns2:guid>
                <ns2:createDateTime>2017-03-16T17:50:54</ns2:createDateTime>
                <ns2:urlOOS>https://zakupki.gov.ru/223/purchase/private/purchase/notice-info/details.html?noticeInfoId=5888184</ns2:urlOOS>
                <ns2:registrationNumber>31704899821</ns2:registrationNumber>
                <ns2:name>Выбор организации для установки противопожарной двери</ns2:name>
                <ns2:customer>
                    <mainInfo>
                        <fullName>ОБЩЕСТВО С ОГРАНИЧЕННОЙ ОТВЕТСТВЕННОСТЬЮ "СБЕРБАНК ФАКТОРИНГ"</fullName>
                        <shortName>ООО "СБЕРБАНК ФАКТОРИНГ"</shortName>
                        <iko>77802754982780201001</iko>
                        <inn>7802754982</inn>
                        <kpp>771401001</kpp>
                        <ogrn>1117847260794</ogrn>
                        <legalAddress>125284, Г МОСКВА, ПР-КТ ЛЕНИНГРАДСКИЙ, дом 31А, корпус 1, офис (квартира) I</legalAddress>
                        <postalAddress>125284, Москва Город, Ленинградский Проспект, дом 31А, строение 1, офис (квартира) I</postalAddress>
                        <phone>7-495-2300517-352</phone>
                        <email>AVKozyrev@sberbank-factoring.ru</email>
                        <okato>40265561000</okato>
                        <okpo>92009109</okpo>
                    </mainInfo>
                </ns2:customer>
                <ns2:purchaseMethodCode>3363</ns2:purchaseMethodCode>
                <ns2:purchaseCodeName>Закупка у единственного поставщика (исполнителя, подрядчика)</ns2:purchaseCodeName>
                <ns2:placer>
                    <mainInfo>
                        <fullName>ОБЩЕСТВО С ОГРАНИЧЕННОЙ ОТВЕТСТВЕННОСТЬЮ "СБЕРБАНК ФАКТОРИНГ"</fullName>
                        <shortName>ООО "СБЕРБАНК ФАКТОРИНГ"</shortName>
                        <iko>77802754982780201001</iko>
                        <inn>7802754982</inn>
                        <kpp>771401001</kpp>
                        <ogrn>1117847260794</ogrn>
                        <legalAddress>125284, Г МОСКВА, ПР-КТ ЛЕНИНГРАДСКИЙ, дом 31А, корпус 1, офис (квартира) I</legalAddress>
                        <postalAddress>125284, Москва Город, Ленинградский Проспект, дом 31А, строение 1, офис (квартира) I</postalAddress>
                        <phone>7-495-2300517-352</phone>
                        <email>AVKozyrev@sberbank-factoring.ru</email>
                        <okato>40265561000</okato>
                        <okpo>92009109</okpo>
                    </mainInfo>
                </ns2:placer>
                <ns2:contact>
                    <phone>+7 (495) 2300517</phone>
                    <email>purchase@sberbank-factoring.ru</email>
                    <organization>
                        <mainInfo>
                            <fullName>ОБЩЕСТВО С ОГРАНИЧЕННОЙ ОТВЕТСТВЕННОСТЬЮ "СБЕРБАНК ФАКТОРИНГ"</fullName>
                            <shortName>ООО "СБЕРБАНК ФАКТОРИНГ"</shortName>
                            <iko>77802754982780201001</iko>
                            <inn>7802754982</inn>
                            <kpp>771401001</kpp>
                            <ogrn>1117847260794</ogrn>
                            <legalAddress>125284, Г МОСКВА, ПР-КТ ЛЕНИНГРАДСКИЙ, дом 31А, корпус 1, офис (квартира) I</legalAddress>
                            <postalAddress>125284, Москва Город, Ленинградский Проспект, дом 31А, строение 1, офис (квартира) I</postalAddress>
                            <phone>7-495-2300517-352</phone>
                            <email>AVKozyrev@sberbank-factoring.ru</email>
                            <okato>40265561000</okato>
                            <okpo>92009109</okpo>
                        </mainInfo>
                    </organization>
                </ns2:contact>
                <ns2:publicationDateTime>2017-03-16T17:53:51</ns2:publicationDateTime>
                <ns2:documentationDelivery/>
                <ns2:status>P</ns2:status>
                <ns2:version>1</ns2:version>
                <ns2:notDishonest>false</ns2:notDishonest>
                <ns2:attachments>
                    <totalDocumentsCount>1</totalDocumentsCount>
                    <document>
                        <guid>91ac5f5b-059f-412a-a194-65d3542b5be3</guid>
                        <createDateTime>2017-03-16T17:53:20</createDateTime>
                        <fileName>Извещение о закупке у ЕИ ПП дверь.pdf</fileName>
                        <description>Извещение о закупке у ЕИ ПП дверь</description>
                        <url>http://zakupki.gov.ru/223/purchase/public/download/download.html?id=30120130</url>
                    </document>
                </ns2:attachments>
                <ns2:modificationDate>2017-03-16T17:53:51</ns2:modificationDate>
                <ns2:saveUserId>173925</ns2:saveUserId>
                <ns2:deliveryPlaceIndication>SINGLE_PLACE</ns2:deliveryPlaceIndication>
                <ns2:emergency>false</ns2:emergency>
                <ns2:jointPurchase>false</ns2:jointPurchase>
                <ns2:lots>
                    <lot>
                        <guid>cd2a2f8d-1daa-4416-a0bf-6f85655e3f96</guid>
                        <ordinalNumber>1</ordinalNumber>
                        <lotEditEnabled>false</lotEditEnabled>
                        <lotData>
                            <subject>Выбор организации для установки противопожарной двери</subject>
                            <currency>
                                <code>RUB</code>
                                <digitalCode>643</digitalCode>
                                <name>Российский рубль</name>
                            </currency>
                            <initialSum>109384.01</initialSum>
                            <deliveryPlace>
                                <state>Центральный федеральный округ</state>
                                <region>Москва</region>
                                <regionOkato>45000000000</regionOkato>
                                <address>  125284, город Москва, Ленинградский проспект, дом 31А, строение 1, 29 этаж</address>
                            </deliveryPlace>
                            <lotItems>
                                <newCodes>true</newCodes>
                                <lotItem>
                                    <guid>53435ceb-87e7-478b-9a2f-f32e294f123b</guid>
                                    <ordinalNumber>1</ordinalNumber>
                                    <okpd2>
                                        <code>43.99</code>
                                        <name>Работы строительные специализированные, не включенные в другие группировки</name>
                                    </okpd2>
                                    <okved2>
                                        <code>43.99</code>
                                        <name>Работы строительные специализированные прочие, не включенные в другие группировки</name>
                                    </okved2>
                                    <okei>
                                        <code>796</code>
                                        <name>Штука</name>
                                    </okei>
                                    <qty>1</qty>
                                </lotItem>
                            </lotItems>
                            <forSmallOrMiddle>false</forSmallOrMiddle>
                            <excludePurchaseFromPlan>false</excludePurchaseFromPlan>
                            <subcontractorsRequirement>false</subcontractorsRequirement>
                            <ignoredPurchase>false</ignoredPurchase>
                            <centralized>false</centralized>
                        </lotData>
                        <deliveryPlaceIndication>GL</deliveryPlaceIndication>
                        <jointLotData>
                            <jointLot>false</jointLot>
                        </jointLotData>
                        <lotPlanInfo>
                            <planRegistrationNumber>2160201317</planRegistrationNumber>
                            <planGuid>9ccbeccd-7218-4e5b-b5a0-e7bd92a32c06</planGuid>
                            <positionNumber>104</positionNumber>
                            <lotPlanPosition>COMMODITY</lotPlanPosition>
                            <positionGuid>cd836c8b-d4bc-4fe3-9cba-abb80d62b5d0</positionGuid>
                        </lotPlanInfo>
                        <cancelled>false</cancelled>
                    </lot>
                </ns2:lots>
            </ns2:purchaseNoticeEPData>
        </ns2:item>
    </ns2:body>
</ns2:purchaseNoticeEP>
