<?xml version="1.0" encoding="UTF-8" standalone="yes"?>
<ns2:purchaseNoticeEP xsi:schemaLocation="http://zakupki.gov.ru/223/integration/schema/TFF-5.2 http://zakupki.gov.ru/223/integration/schema/TFF-5.2/purchase.xsd" xmlns="http://zakupki.gov.ru/223fz/types/1" xmlns:ns10="http://zakupki.gov.ru/223fz/purchasePlan/1" xmlns:ns11="http://zakupki.gov.ru/223fz/purchasePlanProject/1" xmlns:ns12="http://zakupki.gov.ru/223fz/purchasePlanProjectAdditionalPosition/1" xmlns:ns13="http://zakupki.gov.ru/223fz/contract/1" xmlns:ns14="http://zakupki.gov.ru/223fz/missedNotice/1" xmlns:ns15="http://zakupki.gov.ru/223fz/reference/1" xmlns:ns16="http://zakupki.gov.ru/223fz/stopCommodity/1" xmlns:ns17="http://zakupki.gov.ru/223fz/decisionSuspension/1" xmlns:ns18="http://zakupki.gov.ru/223fz/purchasePlanAdditionalPosition/1" xmlns:ns19="http://zakupki.gov.ru/223fz/webRequest/1" xmlns:ns2="http://zakupki.gov.ru/223fz/purchase/1" xmlns:xsi="http://www.w3.org/2001/XMLSchema-instance" xmlns:ns3="http://zakupki.gov.ru/223fz/dishonestSupplier/1" xmlns:ns4="http://zakupki.gov.ru/223fz/machineryListInfo/1" xmlns:ns5="http://zakupki.gov.ru/223fz/revenue/1" xmlns:ns6="http://zakupki.gov.ru/223fz/orderClauseList/1" xmlns:ns7="http://zakupki.gov.ru/223fz/disagreementProtocol/1" xmlns:ns8="http://zakupki.gov.ru/223fz/complaint/1" xmlns:ns9="http://zakupki.gov.ru/223fz/notificationIssue/1">
    <header>
        <guid>99c42793-5069-4bb6-a0ce-14e8c137299c</guid>
        <createDateTime>2017-03-16T16:02:48</createDateTime>
    </header>
    <ns2:body>
        <ns2:item>
            <guid>da270d62-4a1f-47ff-9c3e-09df55ab0335</guid>
            <ns2:purchaseNoticeEPData>
                <ns2:guid>da270d62-4a1f-47ff-9c3e-09df55ab0335</ns2:guid>
                <ns2:createDateTime>2017-03-16T15:55:49</ns2:createDateTime>
                <ns2:urlOOS>https://zakupki.gov.ru/223/purchase/private/purchase/notice-info/details.html?noticeInfoId=5887141</ns2:urlOOS>
                <ns2:registrationNumber>31704898923</ns2:registrationNumber>
                <ns2:name>Возмещение затрат за услуги по содержанию здания, расположенного по адресу: г. Москва, Бережковская набережная, д. 22, стр. 4.</ns2:name>
                <ns2:customer>
                    <mainInfo>
                        <fullName>ОТКРЫТОЕ АКЦИОНЕРНОЕ ОБЩЕСТВО "ОБЪЕДИНЕННАЯ РАКЕТНО-КОСМИЧЕСКАЯ КОРПОРАЦИЯ"</fullName>
                        <shortName>ОАО "ОРКК"</shortName>
                        <iko>57722692000773001001</iko>
                        <inn>7722692000</inn>
                        <kpp>773001001</kpp>
                        <ogrn>1097746448580</ogrn>
                        <legalAddress>121059, МОСКВА, БЕРЕЖКОВСКАЯ, дом 22</legalAddress>
                        <postalAddress>121059, РФ, г. Москва, Бережковская набережная, дом 22, стр. 3</postalAddress>
                        <phone>7-495-7802244-1259</phone>
                        <fax>7-495-6606565</fax>
                        <email>Zhidkikh.AA@rosorkk.ru</email>
                        <okato>45268554000</okato>
                        <okpo>07558633</okpo>
                    </mainInfo>
                </ns2:customer>
                <ns2:purchaseMethodCode>3363</ns2:purchaseMethodCode>
                <ns2:purchaseCodeName>Закупка у единственного поставщика (исполнителя, подрядчика)</ns2:purchaseCodeName>
                <ns2:placer>
                    <mainInfo>
                        <fullName>ОТКРЫТОЕ АКЦИОНЕРНОЕ ОБЩЕСТВО "ОБЪЕДИНЕННАЯ РАКЕТНО-КОСМИЧЕСКАЯ КОРПОРАЦИЯ"</fullName>
                        <shortName>ОАО "ОРКК"</shortName>
                        <iko>57722692000773001001</iko>
                        <inn>7722692000</inn>
                        <kpp>773001001</kpp>
                        <ogrn>1097746448580</ogrn>
                        <legalAddress>121059, МОСКВА, БЕРЕЖКОВСКАЯ, дом 22</legalAddress>
                        <postalAddress>121059, РФ, г. Москва, Бережковская набережная, дом 22, стр. 3</postalAddress>
                        <phone>7-495-7802244-1259</phone>
                        <fax>7-495-6606565</fax>
                        <email>Zhidkikh.AA@rosorkk.ru</email>
                        <okato>45268554000</okato>
                        <okpo>07558633</okpo>
                    </mainInfo>
                </ns2:placer>
                <ns2:contact>
                    <phone>+7 (495) 7802244, доб.: 1259</phone>
                    <email>Zhidkikh.AA@rosorkk.ru</email>
                    <organization>
                        <mainInfo>
                            <fullName>ОТКРЫТОЕ АКЦИОНЕРНОЕ ОБЩЕСТВО "ОБЪЕДИНЕННАЯ РАКЕТНО-КОСМИЧЕСКАЯ КОРПОРАЦИЯ"</fullName>
                            <shortName>ОАО "ОРКК"</shortName>
                            <iko>57722692000773001001</iko>
                            <inn>7722692000</inn>
                            <kpp>773001001</kpp>
                            <ogrn>1097746448580</ogrn>
                            <legalAddress>121059, МОСКВА, БЕРЕЖКОВСКАЯ, дом 22</legalAddress>
                            <postalAddress>121059, РФ, г. Москва, Бережковская набережная, дом 22, стр. 3</postalAddress>
                            <phone>7-495-7802244-1259</phone>
                            <fax>7-495-6606565</fax>
                            <email>Zhidkikh.AA@rosorkk.ru</email>
                            <okato>45268554000</okato>
                            <okpo>07558633</okpo>
                        </mainInfo>
                    </organization>
                </ns2:contact>
                <ns2:publicationDateTime>2017-03-16T16:02:48</ns2:publicationDateTime>
                <ns2:documentationDelivery/>
                <ns2:status>P</ns2:status>
                <ns2:version>1</ns2:version>
                <ns2:notDishonest>false</ns2:notDishonest>
                <ns2:attachments>
                    <totalDocumentsCount>1</totalDocumentsCount>
                    <document>
                        <guid>b0848c58-e402-4a2a-af89-19a47086145a</guid>
                        <createDateTime>2017-03-16T16:02:16</createDateTime>
                        <fileName>Извещение и и документация возмещение затрат итог.doc</fileName>
                        <description>Извещение и и документация возмещение затрат итог</description>
                        <url>http://zakupki.gov.ru/223/purchase/public/download/download.html?id=30115366</url>
                    </document>
                </ns2:attachments>
                <ns2:modificationDate>2017-03-16T16:02:48</ns2:modificationDate>
                <ns2:saveUserId>220676</ns2:saveUserId>
                <ns2:deliveryPlaceIndication>DIFFERENT_PLACE</ns2:deliveryPlaceIndication>
                <ns2:emergency>false</ns2:emergency>
                <ns2:jointPurchase>false</ns2:jointPurchase>
                <ns2:lots>
                    <lot>
                        <guid>2d5f316b-a8d7-4925-a9ea-3c8daca47aae</guid>
                        <ordinalNumber>1</ordinalNumber>
                        <lotEditEnabled>false</lotEditEnabled>
                        <lotData>
                            <subject>Возмещение затрат на содержание здания</subject>
                            <currency>
                                <code>RUB</code>
                                <digitalCode>643</digitalCode>
                                <name>Российский рубль</name>
                            </currency>
                            <initialSum>8000000.00</initialSum>
                            <deliveryPlace>
                                <state>Центральный федеральный округ</state>
                                <region>Москва</region>
                                <regionOkato>45000000000</regionOkato>
                                <address>г. Москва, Бережковская набережная, д.22, стр.4</address>
                            </deliveryPlace>
                            <lotItems>
                                <newCodes>true</newCodes>
                                <lotItem>
                                    <guid>a0806013-b30d-47bd-8c00-379f1870c477</guid>
                                    <ordinalNumber>1</ordinalNumber>
                                    <okpd2>
                                        <code>81.1</code>
                                        <name>Услуги по комплексному обслуживанию помещений</name>
                                    </okpd2>
                                    <okved2>
                                        <code>81.1</code>
                                        <name>Деятельность по комплексному обслуживанию помещений</name>
                                    </okved2>
                                    <okei>
                                        <code>876</code>
                                        <name>Условная единица</name>
                                    </okei>
                                    <qty>1</qty>
                                </lotItem>
                            </lotItems>
                            <forSmallOrMiddle>false</forSmallOrMiddle>
                            <excludePurchaseFromPlan>false</excludePurchaseFromPlan>
                            <subcontractorsRequirement>false</subcontractorsRequirement>
                            <ignoredPurchase>false</ignoredPurchase>
                            <centralized>false</centralized>
                        </lotData>
                        <deliveryPlaceIndication>GL</deliveryPlaceIndication>
                        <jointLotData>
                            <jointLot>false</jointLot>
                        </jointLotData>
                        <lotPlanInfo>
                            <planRegistrationNumber>2160210258</planRegistrationNumber>
                            <planGuid>aea37008-0b68-49da-9034-9e2db636a8f0</planGuid>
                            <positionNumber>3</positionNumber>
                            <lotPlanPosition>COMMODITY</lotPlanPosition>
                            <positionGuid>d7167588-8d04-4cad-8153-15eb739ffde5</positionGuid>
                        </lotPlanInfo>
                        <cancelled>false</cancelled>
                    </lot>
                </ns2:lots>
            </ns2:purchaseNoticeEPData>
        </ns2:item>
    </ns2:body>
</ns2:purchaseNoticeEP>
