<?xml version="1.0" encoding="UTF-8" standalone="yes"?>
<ns2:purchaseNoticeEP xsi:schemaLocation="http://zakupki.gov.ru/223/integration/schema/TFF-5.2 http://zakupki.gov.ru/223/integration/schema/TFF-5.2/purchase.xsd" xmlns="http://zakupki.gov.ru/223fz/types/1" xmlns:ns10="http://zakupki.gov.ru/223fz/purchasePlan/1" xmlns:ns11="http://zakupki.gov.ru/223fz/purchasePlanProject/1" xmlns:ns12="http://zakupki.gov.ru/223fz/purchasePlanProjectAdditionalPosition/1" xmlns:ns13="http://zakupki.gov.ru/223fz/contract/1" xmlns:ns14="http://zakupki.gov.ru/223fz/missedNotice/1" xmlns:ns15="http://zakupki.gov.ru/223fz/reference/1" xmlns:ns16="http://zakupki.gov.ru/223fz/stopCommodity/1" xmlns:ns17="http://zakupki.gov.ru/223fz/decisionSuspension/1" xmlns:ns18="http://zakupki.gov.ru/223fz/purchasePlanAdditionalPosition/1" xmlns:ns19="http://zakupki.gov.ru/223fz/webRequest/1" xmlns:ns2="http://zakupki.gov.ru/223fz/purchase/1" xmlns:xsi="http://www.w3.org/2001/XMLSchema-instance" xmlns:ns3="http://zakupki.gov.ru/223fz/dishonestSupplier/1" xmlns:ns4="http://zakupki.gov.ru/223fz/machineryListInfo/1" xmlns:ns5="http://zakupki.gov.ru/223fz/revenue/1" xmlns:ns6="http://zakupki.gov.ru/223fz/orderClauseList/1" xmlns:ns7="http://zakupki.gov.ru/223fz/disagreementProtocol/1" xmlns:ns8="http://zakupki.gov.ru/223fz/complaint/1" xmlns:ns9="http://zakupki.gov.ru/223fz/notificationIssue/1">
    <header>
        <guid>6a9187d7-f240-4025-bfc0-67056b295173</guid>
        <createDateTime>2017-03-16T13:30:04</createDateTime>
    </header>
    <ns2:body>
        <ns2:item>
            <guid>46b2f8a5-2b46-4f93-83c3-c2686b781c3f</guid>
            <ns2:purchaseNoticeEPData>
                <ns2:guid>46b2f8a5-2b46-4f93-83c3-c2686b781c3f</ns2:guid>
                <ns2:createDateTime>2017-03-16T13:26:01</ns2:createDateTime>
                <ns2:urlOOS>https://zakupki.gov.ru/223/purchase/private/purchase/notice-info/details.html?noticeInfoId=5885302</ns2:urlOOS>
                <ns2:registrationNumber>31704897439</ns2:registrationNumber>
                <ns2:name>Реализация театральных билетов на мероприятия театра</ns2:name>
                <ns2:customer>
                    <mainInfo>
                        <fullName>Государственное бюджетное учреждение культуры города Москвы "Московский государственный музыкальный театр фольклора "Русская песня"</fullName>
                        <shortName>ГБУК г. Москвы "МГМТФ "Русская песня"</shortName>
                        <iko>87714039052770101001</iko>
                        <inn>7714039052</inn>
                        <kpp>770101001</kpp>
                        <ogrn>1027739279182</ogrn>
                        <legalAddress>107078, Москва, Садовая-Черногрязская, дом 5/9, корпус стр.2</legalAddress>
                        <postalAddress>107078, г. Москва, ул. Садовая-Черногрязская, д. 5/9, стр. 2
</postalAddress>
                        <phone>7-985-4114618</phone>
                        <email>centre-sp@yandex.ru</email>
                        <okato>45286555000</okato>
                        <okpo>05216288</okpo>
                    </mainInfo>
                </ns2:customer>
                <ns2:purchaseMethodCode>3363</ns2:purchaseMethodCode>
                <ns2:purchaseCodeName>Закупка у единственного поставщика (исполнителя, подрядчика)</ns2:purchaseCodeName>
                <ns2:placer>
                    <mainInfo>
                        <fullName>Государственное бюджетное учреждение культуры города Москвы "Московский государственный музыкальный театр фольклора "Русская песня"</fullName>
                        <shortName>ГБУК г. Москвы "МГМТФ "Русская песня"</shortName>
                        <iko>87714039052770101001</iko>
                        <inn>7714039052</inn>
                        <kpp>770101001</kpp>
                        <ogrn>1027739279182</ogrn>
                        <legalAddress>107078, Москва, Садовая-Черногрязская, дом 5/9, корпус стр.2</legalAddress>
                        <postalAddress>107078, г. Москва, ул. Садовая-Черногрязская, д. 5/9, стр. 2
</postalAddress>
                        <phone>7-985-4114618</phone>
                        <email>centre-sp@yandex.ru</email>
                        <okato>45286555000</okato>
                        <okpo>05216288</okpo>
                    </mainInfo>
                </ns2:placer>
                <ns2:contact>
                    <phone>+7 (495) 6815137</phone>
                    <email>teatr-ruspesnia@mail.ru</email>
                    <organization>
                        <mainInfo>
                            <fullName>Государственное бюджетное учреждение культуры города Москвы "Московский государственный музыкальный театр фольклора "Русская песня"</fullName>
                            <shortName>ГБУК г. Москвы "МГМТФ "Русская песня"</shortName>
                            <iko>87714039052770101001</iko>
                            <inn>7714039052</inn>
                            <kpp>770101001</kpp>
                            <ogrn>1027739279182</ogrn>
                            <legalAddress>107078, Москва, Садовая-Черногрязская, дом 5/9, корпус стр.2</legalAddress>
                            <postalAddress>107078, г. Москва, ул. Садовая-Черногрязская, д. 5/9, стр. 2
</postalAddress>
                            <phone>7-985-4114618</phone>
                            <email>centre-sp@yandex.ru</email>
                            <okato>45286555000</okato>
                            <okpo>05216288</okpo>
                        </mainInfo>
                    </organization>
                </ns2:contact>
                <ns2:publicationDateTime>2017-03-16T13:30:04</ns2:publicationDateTime>
                <ns2:documentationDelivery/>
                <ns2:status>P</ns2:status>
                <ns2:version>1</ns2:version>
                <ns2:notDishonest>false</ns2:notDishonest>
                <ns2:attachments>
                    <totalDocumentsCount>6</totalDocumentsCount>
                    <document>
                        <guid>15541c4b-7964-4370-8f1e-7bda41b605dd</guid>
                        <createDateTime>2017-03-16T13:29:55</createDateTime>
                        <fileName>74-223-17 п.docx</fileName>
                        <description>74-223-17 п</description>
                        <url>http://zakupki.gov.ru/223/purchase/public/download/download.html?id=30106337</url>
                    </document>
                    <document>
                        <guid>44c65508-cd69-4301-8121-66a047e53721</guid>
                        <createDateTime>2017-03-16T13:29:39</createDateTime>
                        <fileName>об цены.rtf</fileName>
                        <description>об цены</description>
                        <url>http://zakupki.gov.ru/223/purchase/public/download/download.html?id=30106322</url>
                    </document>
                    <document>
                        <guid>6dda1e03-f8d2-42bc-8bd9-9914d30dc280</guid>
                        <createDateTime>2017-03-16T13:29:44</createDateTime>
                        <fileName>Расчет цены.doc</fileName>
                        <description>Расчет цены</description>
                        <url>http://zakupki.gov.ru/223/purchase/public/download/download.html?id=30106327</url>
                    </document>
                    <document>
                        <guid>b201c30a-cf8b-428d-94be-d920cc747c16</guid>
                        <createDateTime>2017-03-16T13:29:31</createDateTime>
                        <fileName>Документация.doc</fileName>
                        <description>Документация</description>
                        <url>http://zakupki.gov.ru/223/purchase/public/download/download.html?id=30106317</url>
                    </document>
                    <document>
                        <guid>5d955575-b9ad-41c7-93f6-2917a1ba7869</guid>
                        <createDateTime>2017-03-16T13:29:51</createDateTime>
                        <fileName>приказ 57 001.jpg</fileName>
                        <description>приказ 57 001</description>
                        <url>http://zakupki.gov.ru/223/purchase/public/download/download.html?id=30106335</url>
                    </document>
                    <document>
                        <guid>12906c8e-d1db-48ba-819d-11d5a013363e</guid>
                        <createDateTime>2017-03-16T13:29:35</createDateTime>
                        <fileName>об способа закупки.rtf</fileName>
                        <description>об способа закупки</description>
                        <url>http://zakupki.gov.ru/223/purchase/public/download/download.html?id=30106319</url>
                    </document>
                </ns2:attachments>
                <ns2:modificationDate>2017-03-16T13:30:04</ns2:modificationDate>
                <ns2:saveUserId>86913</ns2:saveUserId>
                <ns2:deliveryPlaceIndication>SINGLE_PLACE</ns2:deliveryPlaceIndication>
                <ns2:emergency>false</ns2:emergency>
                <ns2:jointPurchase>false</ns2:jointPurchase>
                <ns2:lots>
                    <lot>
                        <guid>e20e9b86-fc61-4265-bbd9-0bab6e7f26e8</guid>
                        <ordinalNumber>1</ordinalNumber>
                        <lotEditEnabled>false</lotEditEnabled>
                        <lotData>
                            <subject>Реализация театральных билетов на мероприятия</subject>
                            <currency>
                                <code>RUB</code>
                                <digitalCode>643</digitalCode>
                                <name>Российский рубль</name>
                            </currency>
                            <initialSum>100000.00</initialSum>
                            <deliveryPlace>
                                <state>Центральный федеральный округ</state>
                                <region>Москва</region>
                                <regionOkato>45000000000</regionOkato>
                                <address>129090, г. Москва, Олимпийский проспект, д.14</address>
                            </deliveryPlace>
                            <lotItems>
                                <newCodes>true</newCodes>
                                <lotItem>
                                    <guid>cf6eb3d4-6e76-4d04-9248-2f6433e882eb</guid>
                                    <ordinalNumber>1</ordinalNumber>
                                    <okpd2>
                                        <code>79.90.39.110</code>
                                        <name>Услуги по бронированию билетов на культурно-развлекательные мероприятия</name>
                                    </okpd2>
                                    <okved2>
                                        <code>79.90.31</code>
                                        <name>Деятельность по бронированию билетов на культурно-развлекательные мероприятия</name>
                                    </okved2>
                                    <okei>
                                        <code>876</code>
                                        <name>Условная единица</name>
                                    </okei>
                                    <qty>1</qty>
                                </lotItem>
                            </lotItems>
                            <forSmallOrMiddle>false</forSmallOrMiddle>
                            <excludePurchaseFromPlan>false</excludePurchaseFromPlan>
                            <subcontractorsRequirement>false</subcontractorsRequirement>
                            <ignoredPurchase>false</ignoredPurchase>
                            <centralized>false</centralized>
                        </lotData>
                        <deliveryPlaceIndication>GL</deliveryPlaceIndication>
                        <jointLotData>
                            <jointLot>false</jointLot>
                        </jointLotData>
                        <lotPlanInfo>
                            <planRegistrationNumber>2160219431</planRegistrationNumber>
                            <planGuid>59be0bf4-efae-46f3-9a1d-2f6ec0de398b</planGuid>
                            <positionNumber>55</positionNumber>
                            <lotPlanPosition>COMMODITY</lotPlanPosition>
                            <positionGuid>fa4936e3-3303-499a-afee-5ac6ba23afc6</positionGuid>
                        </lotPlanInfo>
                        <cancelled>false</cancelled>
                    </lot>
                </ns2:lots>
            </ns2:purchaseNoticeEPData>
        </ns2:item>
    </ns2:body>
</ns2:purchaseNoticeEP>
