<?xml version="1.0" encoding="UTF-8" standalone="yes"?>
<ns2:purchaseNoticeEP xsi:schemaLocation="http://zakupki.gov.ru/223/integration/schema/TFF-5.2 http://zakupki.gov.ru/223/integration/schema/TFF-5.2/purchase.xsd" xmlns="http://zakupki.gov.ru/223fz/types/1" xmlns:ns10="http://zakupki.gov.ru/223fz/purchasePlan/1" xmlns:ns11="http://zakupki.gov.ru/223fz/purchasePlanProject/1" xmlns:ns12="http://zakupki.gov.ru/223fz/purchasePlanProjectAdditionalPosition/1" xmlns:ns13="http://zakupki.gov.ru/223fz/contract/1" xmlns:ns14="http://zakupki.gov.ru/223fz/missedNotice/1" xmlns:ns15="http://zakupki.gov.ru/223fz/reference/1" xmlns:ns16="http://zakupki.gov.ru/223fz/stopCommodity/1" xmlns:ns17="http://zakupki.gov.ru/223fz/decisionSuspension/1" xmlns:ns18="http://zakupki.gov.ru/223fz/purchasePlanAdditionalPosition/1" xmlns:ns19="http://zakupki.gov.ru/223fz/webRequest/1" xmlns:ns2="http://zakupki.gov.ru/223fz/purchase/1" xmlns:xsi="http://www.w3.org/2001/XMLSchema-instance" xmlns:ns3="http://zakupki.gov.ru/223fz/dishonestSupplier/1" xmlns:ns4="http://zakupki.gov.ru/223fz/machineryListInfo/1" xmlns:ns5="http://zakupki.gov.ru/223fz/revenue/1" xmlns:ns6="http://zakupki.gov.ru/223fz/orderClauseList/1" xmlns:ns7="http://zakupki.gov.ru/223fz/disagreementProtocol/1" xmlns:ns8="http://zakupki.gov.ru/223fz/complaint/1" xmlns:ns9="http://zakupki.gov.ru/223fz/notificationIssue/1">
    <header>
        <guid>df9c974f-3d8f-43bc-b07b-776db4b133ff</guid>
        <createDateTime>2017-03-16T15:39:06</createDateTime>
    </header>
    <ns2:body>
        <ns2:item>
            <guid>1e5eacc5-6f31-4658-893e-fadb0586e4ef</guid>
            <ns2:purchaseNoticeEPData>
                <ns2:guid>1e5eacc5-6f31-4658-893e-fadb0586e4ef</ns2:guid>
                <ns2:createDateTime>2017-03-16T15:21:22</ns2:createDateTime>
                <ns2:urlOOS>https://zakupki.gov.ru/223/purchase/private/purchase/notice-info/details.html?noticeInfoId=5886723</ns2:urlOOS>
                <ns2:registrationNumber>31704898705</ns2:registrationNumber>
                <ns2:name>услуга по открытию и ведению банковского счета</ns2:name>
                <ns2:customer>
                    <mainInfo>
                        <fullName>ОБЩЕСТВО С ОГРАНИЧЕННОЙ ОТВЕТСТВЕННОСТЬЮ "ИПОТЕЧНЫЙ АГЕНТ "ФАБРИКА ИЦБ"</fullName>
                        <shortName>ООО "ИА "ФАБРИКА ИЦБ"</shortName>
                        <iko>67727290538770401001</iko>
                        <inn>7727290538</inn>
                        <kpp>770401001</kpp>
                        <ogrn>1167746438881</ogrn>
                        <legalAddress>125009, Г МОСКВА, УЛ ВОЗДВИЖЕНКА, дом ДОМ 10, офис (квартира) ЭТАЖ 7</legalAddress>
                        <postalAddress>125009, г. МОСКВА, ул. ВОЗДВИЖЕНКА, д. 10 
</postalAddress>
                        <phone>(495)7754740</phone>
                        <email>fabrika@ahml.ru</email>
                        <okato>45286552000</okato>
                        <okpo>02354179</okpo>
                    </mainInfo>
                </ns2:customer>
                <ns2:purchaseMethodCode>3363</ns2:purchaseMethodCode>
                <ns2:purchaseCodeName>Закупка у единственного поставщика (исполнителя, подрядчика)</ns2:purchaseCodeName>
                <ns2:placer>
                    <mainInfo>
                        <fullName>ОБЩЕСТВО С ОГРАНИЧЕННОЙ ОТВЕТСТВЕННОСТЬЮ "ИПОТЕЧНЫЙ АГЕНТ "ФАБРИКА ИЦБ"</fullName>
                        <shortName>ООО "ИА "ФАБРИКА ИЦБ"</shortName>
                        <iko>67727290538770401001</iko>
                        <inn>7727290538</inn>
                        <kpp>770401001</kpp>
                        <ogrn>1167746438881</ogrn>
                        <legalAddress>125009, Г МОСКВА, УЛ ВОЗДВИЖЕНКА, дом ДОМ 10, офис (квартира) ЭТАЖ 7</legalAddress>
                        <postalAddress>125009, г. МОСКВА, ул. ВОЗДВИЖЕНКА, д. 10 
</postalAddress>
                        <phone>(495)7754740</phone>
                        <email>fabrika@ahml.ru</email>
                        <okato>45286552000</okato>
                        <okpo>02354179</okpo>
                    </mainInfo>
                </ns2:placer>
                <ns2:contact>
                    <phone>+7 (495) 7754740, доб.: 8723</phone>
                    <email>torgi@ahml.ru</email>
                    <organization>
                        <mainInfo>
                            <fullName>ОБЩЕСТВО С ОГРАНИЧЕННОЙ ОТВЕТСТВЕННОСТЬЮ "ИПОТЕЧНЫЙ АГЕНТ "ФАБРИКА ИЦБ"</fullName>
                            <shortName>ООО "ИА "ФАБРИКА ИЦБ"</shortName>
                            <iko>67727290538770401001</iko>
                            <inn>7727290538</inn>
                            <kpp>770401001</kpp>
                            <ogrn>1167746438881</ogrn>
                            <legalAddress>125009, Г МОСКВА, УЛ ВОЗДВИЖЕНКА, дом ДОМ 10, офис (квартира) ЭТАЖ 7</legalAddress>
                            <postalAddress>125009, г. МОСКВА, ул. ВОЗДВИЖЕНКА, д. 10 
</postalAddress>
                            <phone>(495)7754740</phone>
                            <email>fabrika@ahml.ru</email>
                            <okato>45286552000</okato>
                            <okpo>02354179</okpo>
                        </mainInfo>
                    </organization>
                </ns2:contact>
                <ns2:publicationDateTime>2017-03-16T15:39:06</ns2:publicationDateTime>
                <ns2:documentationDelivery>
                    <deliveryStartDateTime>2016-12-21</deliveryStartDateTime>
                    <deliveryEndDateTime>2016-12-21</deliveryEndDateTime>
                </ns2:documentationDelivery>
                <ns2:status>P</ns2:status>
                <ns2:version>1</ns2:version>
                <ns2:notDishonest>false</ns2:notDishonest>
                <ns2:attachments>
                    <totalDocumentsCount>1</totalDocumentsCount>
                    <document>
                        <guid>afeefb42-656a-4c98-8b7a-9906a3b58b30</guid>
                        <createDateTime>2017-03-16T15:32:06</createDateTime>
                        <fileName>Документация.docx</fileName>
                        <description>Документация</description>
                        <url>http://zakupki.gov.ru/223/purchase/public/download/download.html?id=30113719</url>
                    </document>
                </ns2:attachments>
                <ns2:modificationDate>2017-03-16T15:39:06</ns2:modificationDate>
                <ns2:saveUserId>217510</ns2:saveUserId>
                <ns2:deliveryPlaceIndication>DIFFERENT_PLACE</ns2:deliveryPlaceIndication>
                <ns2:emergency>false</ns2:emergency>
                <ns2:jointPurchase>false</ns2:jointPurchase>
                <ns2:lots>
                    <lot>
                        <guid>64a65e47-e9bd-4253-9b11-0f96588d7504</guid>
                        <ordinalNumber>1</ordinalNumber>
                        <lotEditEnabled>false</lotEditEnabled>
                        <lotData>
                            <subject>Предоставление услуги «Дистанционное банковское обслуживание»</subject>
                            <currency>
                                <code>RUB</code>
                                <digitalCode>643</digitalCode>
                                <name>Российский рубль</name>
                            </currency>
                            <initialSum>0.00</initialSum>
                            <deliveryPlace>
                                <state>Центральный федеральный округ</state>
                                <region>Москва</region>
                                <regionOkato>45000000000</regionOkato>
                                <address>г. Москва</address>
                            </deliveryPlace>
                            <lotItems>
                                <newCodes>true</newCodes>
                                <lotItem>
                                    <guid>3ceb200f-be81-4303-a753-a456437dcdcb</guid>
                                    <ordinalNumber>1</ordinalNumber>
                                    <okpd2>
                                        <code>64.99</code>
                                        <name>Услуги финансовые прочие, кроме услуг по страхованию и пенсионному обеспечению, не включенные в другие группировки</name>
                                    </okpd2>
                                    <okved2>
                                        <code>64.99</code>
                                        <name>Предоставление прочих финансовых услуг, кроме услуг по страхованию и пенсионному обеспечению, не включенных в другие группировки</name>
                                    </okved2>
                                    <okei>
                                        <code>876</code>
                                        <name>Условная единица</name>
                                    </okei>
                                    <qty>1</qty>
                                </lotItem>
                            </lotItems>
                            <forSmallOrMiddle>false</forSmallOrMiddle>
                            <excludePurchaseFromPlan>false</excludePurchaseFromPlan>
                            <subcontractorsRequirement>false</subcontractorsRequirement>
                            <ignoredPurchase>false</ignoredPurchase>
                            <centralized>false</centralized>
                        </lotData>
                        <deliveryPlaceIndication>GL</deliveryPlaceIndication>
                        <jointLotData>
                            <jointLot>false</jointLot>
                        </jointLotData>
                        <lotPlanInfo>
                            <planRegistrationNumber>2160186933</planRegistrationNumber>
                            <planGuid>ce3a1596-788c-4259-9c13-235456eb502c</planGuid>
                            <positionNumber>9</positionNumber>
                            <lotPlanPosition>COMMODITY</lotPlanPosition>
                            <positionGuid>5ade2a48-f84f-43a1-a421-f4841b41fe10</positionGuid>
                        </lotPlanInfo>
                        <cancelled>false</cancelled>
                    </lot>
                </ns2:lots>
            </ns2:purchaseNoticeEPData>
        </ns2:item>
    </ns2:body>
</ns2:purchaseNoticeEP>
