<?xml version="1.0" encoding="UTF-8" standalone="yes"?>
<ns2:purchaseNoticeEP xsi:schemaLocation="http://zakupki.gov.ru/223/integration/schema/TFF-5.2 http://zakupki.gov.ru/223/integration/schema/TFF-5.2/purchase.xsd" xmlns="http://zakupki.gov.ru/223fz/types/1" xmlns:ns10="http://zakupki.gov.ru/223fz/purchasePlan/1" xmlns:ns11="http://zakupki.gov.ru/223fz/purchasePlanProject/1" xmlns:ns12="http://zakupki.gov.ru/223fz/purchasePlanProjectAdditionalPosition/1" xmlns:ns13="http://zakupki.gov.ru/223fz/contract/1" xmlns:ns14="http://zakupki.gov.ru/223fz/missedNotice/1" xmlns:ns15="http://zakupki.gov.ru/223fz/reference/1" xmlns:ns16="http://zakupki.gov.ru/223fz/stopCommodity/1" xmlns:ns17="http://zakupki.gov.ru/223fz/decisionSuspension/1" xmlns:ns18="http://zakupki.gov.ru/223fz/purchasePlanAdditionalPosition/1" xmlns:ns19="http://zakupki.gov.ru/223fz/webRequest/1" xmlns:ns2="http://zakupki.gov.ru/223fz/purchase/1" xmlns:xsi="http://www.w3.org/2001/XMLSchema-instance" xmlns:ns3="http://zakupki.gov.ru/223fz/dishonestSupplier/1" xmlns:ns4="http://zakupki.gov.ru/223fz/machineryListInfo/1" xmlns:ns5="http://zakupki.gov.ru/223fz/revenue/1" xmlns:ns6="http://zakupki.gov.ru/223fz/orderClauseList/1" xmlns:ns7="http://zakupki.gov.ru/223fz/disagreementProtocol/1" xmlns:ns8="http://zakupki.gov.ru/223fz/complaint/1" xmlns:ns9="http://zakupki.gov.ru/223fz/notificationIssue/1">
    <header>
        <guid>58f45eb7-82d6-4c0b-b619-427a07e6b265</guid>
        <createDateTime>2017-03-16T17:35:18</createDateTime>
    </header>
    <ns2:body>
        <ns2:item>
            <guid>39ad2806-b957-4afd-9ae5-172bf22e92bb</guid>
            <ns2:purchaseNoticeEPData>
                <ns2:guid>39ad2806-b957-4afd-9ae5-172bf22e92bb</ns2:guid>
                <ns2:createDateTime>2017-03-16T17:32:08</ns2:createDateTime>
                <ns2:urlOOS>https://zakupki.gov.ru/223/purchase/private/purchase/notice-info/details.html?noticeInfoId=5888080</ns2:urlOOS>
                <ns2:registrationNumber>31704899744</ns2:registrationNumber>
                <ns2:name>Поставка электротехнических товаров для нужд ФГБОУ ВО "РЭУ им. Г.В. Плеханова"</ns2:name>
                <ns2:customer>
                    <mainInfo>
                        <fullName>ФЕДЕРАЛЬНОЕ ГОСУДАРСТВЕННОЕ БЮДЖЕТНОЕ ОБРАЗОВАТЕЛЬНОЕ УЧРЕЖДЕНИЕ ВЫСШЕГО ОБРАЗОВАНИЯ "РОССИЙСКИЙ ЭКОНОМИЧЕСКИЙ УНИВЕРСИТЕТ ИМЕНИ Г.В. ПЛЕХАНОВА"</fullName>
                        <shortName>ФГБОУ ВО "РЭУ ИМ. Г.В. ПЛЕХАНОВА", РЭУ ИМ. Г.В. ПЛЕХАНОВА</shortName>
                        <iko>87705043493770501001</iko>
                        <inn>7705043493</inn>
                        <kpp>770501001</kpp>
                        <ogrn>1037700012008</ogrn>
                        <legalAddress>117997, Г МОСКВА, ПЕР СТРЕМЯННЫЙ, дом ДОМ 36</legalAddress>
                        <postalAddress>117997, город Москва, Стремянный переулок, дом 36</postalAddress>
                        <phone>7-499-2374114</phone>
                        <email>eis@rea.ru</email>
                        <okato>45286560000</okato>
                        <okpo>02068686</okpo>
                    </mainInfo>
                </ns2:customer>
                <ns2:purchaseMethodCode>3363</ns2:purchaseMethodCode>
                <ns2:purchaseCodeName>Закупка у единственного поставщика (исполнителя, подрядчика)</ns2:purchaseCodeName>
                <ns2:placer>
                    <mainInfo>
                        <fullName>ФЕДЕРАЛЬНОЕ ГОСУДАРСТВЕННОЕ БЮДЖЕТНОЕ ОБРАЗОВАТЕЛЬНОЕ УЧРЕЖДЕНИЕ ВЫСШЕГО ОБРАЗОВАНИЯ "РОССИЙСКИЙ ЭКОНОМИЧЕСКИЙ УНИВЕРСИТЕТ ИМЕНИ Г.В. ПЛЕХАНОВА"</fullName>
                        <shortName>ФГБОУ ВО "РЭУ ИМ. Г.В. ПЛЕХАНОВА", РЭУ ИМ. Г.В. ПЛЕХАНОВА</shortName>
                        <iko>87705043493770501001</iko>
                        <inn>7705043493</inn>
                        <kpp>770501001</kpp>
                        <ogrn>1037700012008</ogrn>
                        <legalAddress>117997, Г МОСКВА, ПЕР СТРЕМЯННЫЙ, дом ДОМ 36</legalAddress>
                        <postalAddress>117997, город Москва, Стремянный переулок, дом 36</postalAddress>
                        <phone>7-499-2374114</phone>
                        <email>eis@rea.ru</email>
                        <okato>45286560000</okato>
                        <okpo>02068686</okpo>
                    </mainInfo>
                </ns2:placer>
                <ns2:contact>
                    <phone>+7 (495) 9581746</phone>
                    <email>monitoring@rea.ru</email>
                    <organization>
                        <mainInfo>
                            <fullName>ФЕДЕРАЛЬНОЕ ГОСУДАРСТВЕННОЕ БЮДЖЕТНОЕ ОБРАЗОВАТЕЛЬНОЕ УЧРЕЖДЕНИЕ ВЫСШЕГО ОБРАЗОВАНИЯ "РОССИЙСКИЙ ЭКОНОМИЧЕСКИЙ УНИВЕРСИТЕТ ИМЕНИ Г.В. ПЛЕХАНОВА"</fullName>
                            <shortName>ФГБОУ ВО "РЭУ ИМ. Г.В. ПЛЕХАНОВА", РЭУ ИМ. Г.В. ПЛЕХАНОВА</shortName>
                            <iko>87705043493770501001</iko>
                            <inn>7705043493</inn>
                            <kpp>770501001</kpp>
                            <ogrn>1037700012008</ogrn>
                            <legalAddress>117997, Г МОСКВА, ПЕР СТРЕМЯННЫЙ, дом ДОМ 36</legalAddress>
                            <postalAddress>117997, город Москва, Стремянный переулок, дом 36</postalAddress>
                            <phone>7-499-2374114</phone>
                            <email>eis@rea.ru</email>
                            <okato>45286560000</okato>
                            <okpo>02068686</okpo>
                        </mainInfo>
                    </organization>
                </ns2:contact>
                <ns2:publicationDateTime>2017-03-16T17:35:18</ns2:publicationDateTime>
                <ns2:documentationDelivery/>
                <ns2:status>P</ns2:status>
                <ns2:version>1</ns2:version>
                <ns2:notDishonest>false</ns2:notDishonest>
                <ns2:attachments>
                    <totalDocumentsCount>2</totalDocumentsCount>
                    <document>
                        <guid>d35740ed-bb2e-4453-a6af-3d10710fcd29</guid>
                        <createDateTime>2017-03-16T17:34:04</createDateTime>
                        <fileName>Договор.doc</fileName>
                        <description>Договор</description>
                        <url>http://zakupki.gov.ru/223/purchase/public/download/download.html?id=30119585</url>
                    </document>
                    <document>
                        <guid>95aee415-c1ce-4ddf-98a5-a0308bdfcd6f</guid>
                        <createDateTime>2017-03-16T17:34:08</createDateTime>
                        <fileName>Извещение и Документация.doc</fileName>
                        <description>Извещение и Документация</description>
                        <url>http://zakupki.gov.ru/223/purchase/public/download/download.html?id=30119587</url>
                    </document>
                </ns2:attachments>
                <ns2:modificationDate>2017-03-16T17:35:18</ns2:modificationDate>
                <ns2:saveUserId>165294</ns2:saveUserId>
                <ns2:deliveryPlaceIndication>DIFFERENT_PLACE</ns2:deliveryPlaceIndication>
                <ns2:emergency>false</ns2:emergency>
                <ns2:jointPurchase>false</ns2:jointPurchase>
                <ns2:lots>
                    <lot>
                        <guid>3e014010-bd7c-46cb-97b4-537eaf17381b</guid>
                        <ordinalNumber>1</ordinalNumber>
                        <lotEditEnabled>false</lotEditEnabled>
                        <lotData>
                            <subject>Поставка электротехнических товаров для нужд ФГБОУ ВО "РЭУ им. Г.В. Плеханова"</subject>
                            <currency>
                                <code>RUB</code>
                                <digitalCode>643</digitalCode>
                                <name>Российский рубль</name>
                            </currency>
                            <initialSum>499643.80</initialSum>
                            <deliveryPlace>
                                <state>Центральный федеральный округ</state>
                                <region>Москва</region>
                                <regionOkato>45000000000</regionOkato>
                                <address>г. Москва, Стремянный переулок, д.36</address>
                            </deliveryPlace>
                            <lotItems>
                                <newCodes>true</newCodes>
                                <lotItem>
                                    <guid>dfb979a5-6f28-4f7e-897e-91c8951bfe04</guid>
                                    <ordinalNumber>1</ordinalNumber>
                                    <okpd2>
                                        <code>27.33.13.110</code>
                                        <name>Разъемы и розетки штепсельные</name>
                                    </okpd2>
                                    <okved2>
                                        <code>46.43</code>
                                        <name>Торговля оптовая бытовыми электротоварами</name>
                                    </okved2>
                                    <okei>
                                        <code>796</code>
                                        <name>Штука</name>
                                    </okei>
                                    <qty>30</qty>
                                    <additionalInfo>Розетка 2-м ОП Этюд 16А с заземл. бел. SchE PA16-007B, Россия</additionalInfo>
                                </lotItem>
                                <lotItem>
                                    <guid>a2db8e75-3659-4866-9992-f35a9dc491a1</guid>
                                    <ordinalNumber>2</ordinalNumber>
                                    <okpd2>
                                        <code>27.33.11.140</code>
                                        <name>Выключатели и переключатели неавтоматические</name>
                                    </okpd2>
                                    <okved2>
                                        <code>46.43</code>
                                        <name>Торговля оптовая бытовыми электротоварами</name>
                                    </okved2>
                                    <okei>
                                        <code>796</code>
                                        <name>Штука</name>
                                    </okei>
                                    <qty>40</qty>
                                    <additionalInfo>Выключатель 1-кл. ОП Этюд 10А бел. SchE BA10-001B, Россия</additionalInfo>
                                </lotItem>
                                <lotItem>
                                    <guid>5b625e5a-9abf-4296-b293-36eba80fefad</guid>
                                    <ordinalNumber>3</ordinalNumber>
                                    <okpd2>
                                        <code>27.33.13.110</code>
                                        <name>Разъемы и розетки штепсельные</name>
                                    </okpd2>
                                    <okved2>
                                        <code>46.43</code>
                                        <name>Торговля оптовая бытовыми электротоварами</name>
                                    </okved2>
                                    <okei>
                                        <code>796</code>
                                        <name>Штука</name>
                                    </okei>
                                    <qty>480</qty>
                                    <additionalInfo>Розетка 2-м СП Рондо 16А 250В без защ. шторок с заземл. бел. SchE RS16-228-BI, Россия</additionalInfo>
                                </lotItem>
                                <lotItem>
                                    <guid>96485678-b8a7-4c0b-a125-1672634341d0</guid>
                                    <ordinalNumber>4</ordinalNumber>
                                    <okpd2>
                                        <code>27.33.13.110</code>
                                        <name>Разъемы и розетки штепсельные</name>
                                    </okpd2>
                                    <okved2>
                                        <code>46.43</code>
                                        <name>Торговля оптовая бытовыми электротоварами</name>
                                    </okved2>
                                    <okei>
                                        <code>796</code>
                                        <name>Штука</name>
                                    </okei>
                                    <qty>30</qty>
                                    <additionalInfo>Розетка 3-м ОП Quteo 16А угол 45град. защ. шторки с заземл. бел. Leg 782218, Франция</additionalInfo>
                                </lotItem>
                                <lotItem>
                                    <guid>ce8d4972-3cc8-485f-9590-54bd95c910d9</guid>
                                    <ordinalNumber>5</ordinalNumber>
                                    <okpd2>
                                        <code>27.33.13.110</code>
                                        <name>Разъемы и розетки штепсельные</name>
                                    </okpd2>
                                    <okved2>
                                        <code>46.43</code>
                                        <name>Торговля оптовая бытовыми электротоварами</name>
                                    </okved2>
                                    <okei>
                                        <code>796</code>
                                        <name>Штука</name>
                                    </okei>
                                    <qty>20</qty>
                                    <additionalInfo>Розетка 1-м ОП Quteo 16А с заземл. бел. Leg 782211, Франция</additionalInfo>
                                </lotItem>
                                <lotItem>
                                    <guid>b658562e-9a27-4c29-b7f3-08cd67660f18</guid>
                                    <ordinalNumber>6</ordinalNumber>
                                    <okpd2>
                                        <code>27.40.25.120</code>
                                        <name>Устройства осветительные электрические подвесные, потолочные, встраиваемые и настенные</name>
                                    </okpd2>
                                    <okved2>
                                        <code>46.43</code>
                                        <name>Торговля оптовая бытовыми электротоварами</name>
                                    </okved2>
                                    <okei>
                                        <code>796</code>
                                        <name>Штука</name>
                                    </okei>
                                    <qty>200</qty>
                                    <additionalInfo>Светильник ЛВО10 4х18-021 Rastr Ардатов 1110418021, Россия</additionalInfo>
                                </lotItem>
                                <lotItem>
                                    <guid>9c772c13-eabe-4183-a822-0a1df51fb3ef</guid>
                                    <ordinalNumber>7</ordinalNumber>
                                    <okpd2>
                                        <code>27.33.13.110</code>
                                        <name>Разъемы и розетки штепсельные</name>
                                    </okpd2>
                                    <okved2>
                                        <code>46.43</code>
                                        <name>Торговля оптовая бытовыми электротоварами</name>
                                    </okved2>
                                    <okei>
                                        <code>796</code>
                                        <name>Штука</name>
                                    </okei>
                                    <qty>10</qty>
                                    <additionalInfo>Розетка 1-м ОП Рондо защ. шторки с заземл. IP44 бел. SchE RA16-112B-BI (РА16-112Б-би), Россия</additionalInfo>
                                </lotItem>
                                <lotItem>
                                    <guid>55d8d4b3-249e-4e8d-81e3-55e3f5dca6b1</guid>
                                    <ordinalNumber>8</ordinalNumber>
                                    <okpd2>
                                        <code>27.33.13.110</code>
                                        <name>Разъемы и розетки штепсельные</name>
                                    </okpd2>
                                    <okved2>
                                        <code>46.43</code>
                                        <name>Торговля оптовая бытовыми электротоварами</name>
                                    </okved2>
                                    <okei>
                                        <code>796</code>
                                        <name>Штука</name>
                                    </okei>
                                    <qty>30</qty>
                                    <additionalInfo>Розетка 2-м ОП Прима 16А 250В защ. шторки с заземл. монтаж. пласт. (опт. упак.) бел. SchE RA16-214M-B, Россия</additionalInfo>
                                </lotItem>
                                <lotItem>
                                    <guid>981914a7-e728-4cee-9ac6-fcca054fc048</guid>
                                    <ordinalNumber>9</ordinalNumber>
                                    <okpd2>
                                        <code>27.33.13.110</code>
                                        <name>Разъемы и розетки штепсельные</name>
                                    </okpd2>
                                    <okved2>
                                        <code>46.43</code>
                                        <name>Торговля оптовая бытовыми электротоварами</name>
                                    </okved2>
                                    <okei>
                                        <code>796</code>
                                        <name>Штука</name>
                                    </okei>
                                    <qty>60</qty>
                                    <additionalInfo>Розетка 1-м СП Viva 2мод. защ. шторки с заземл. бел. ДКС 45005, Россия</additionalInfo>
                                </lotItem>
                                <lotItem>
                                    <guid>5d77b74f-447e-4677-846e-d597b2c6a5b1</guid>
                                    <ordinalNumber>10</ordinalNumber>
                                    <okpd2>
                                        <code>27.33.11.140</code>
                                        <name>Выключатели и переключатели неавтоматические</name>
                                    </okpd2>
                                    <okved2>
                                        <code>46.43</code>
                                        <name>Торговля оптовая бытовыми электротоварами</name>
                                    </okved2>
                                    <okei>
                                        <code>796</code>
                                        <name>Штука</name>
                                    </okei>
                                    <qty>40</qty>
                                    <additionalInfo>Выключатель 1-кл. СП VIVA 1мод. бел. ДКС 45011, Россия</additionalInfo>
                                </lotItem>
                                <lotItem>
                                    <guid>12226774-0704-4f5c-a64b-3e7e90c07e09</guid>
                                    <ordinalNumber>11</ordinalNumber>
                                    <okpd2>
                                        <code>27.33.11.140</code>
                                        <name>Выключатели и переключатели неавтоматические</name>
                                    </okpd2>
                                    <okved2>
                                        <code>46.43</code>
                                        <name>Торговля оптовая бытовыми электротоварами</name>
                                    </okved2>
                                    <okei>
                                        <code>796</code>
                                        <name>Штука</name>
                                    </okei>
                                    <qty>20</qty>
                                    <additionalInfo>Выключатель 1-кл. СП VIVA 2мод. бел. ДКС 45021, Россия</additionalInfo>
                                </lotItem>
                            </lotItems>
                            <forSmallOrMiddle>true</forSmallOrMiddle>
                            <excludePurchaseFromPlan>false</excludePurchaseFromPlan>
                            <subcontractorsRequirement>false</subcontractorsRequirement>
                            <ignoredPurchase>false</ignoredPurchase>
                            <centralized>false</centralized>
                        </lotData>
                        <deliveryPlaceIndication>GL</deliveryPlaceIndication>
                        <jointLotData>
                            <jointLot>false</jointLot>
                        </jointLotData>
                        <lotPlanInfo>
                            <planRegistrationNumber>2160209814</planRegistrationNumber>
                            <planGuid>5fca74db-2996-4a12-bba4-6b9bc0a9758f</planGuid>
                            <positionNumber>681</positionNumber>
                            <lotPlanPosition>COMMODITY</lotPlanPosition>
                            <positionGuid>faad9ea9-2fba-4d16-9a90-eecf184ee92b</positionGuid>
                        </lotPlanInfo>
                        <cancelled>false</cancelled>
                    </lot>
                </ns2:lots>
            </ns2:purchaseNoticeEPData>
        </ns2:item>
    </ns2:body>
</ns2:purchaseNoticeEP>
