<?xml version="1.0" encoding="UTF-8" standalone="yes"?>
<ns2:purchaseNoticeEP xsi:schemaLocation="http://zakupki.gov.ru/223/integration/schema/TFF-5.2 http://zakupki.gov.ru/223/integration/schema/TFF-5.2/purchase.xsd" xmlns="http://zakupki.gov.ru/223fz/types/1" xmlns:ns10="http://zakupki.gov.ru/223fz/purchasePlan/1" xmlns:ns11="http://zakupki.gov.ru/223fz/purchasePlanProject/1" xmlns:ns12="http://zakupki.gov.ru/223fz/purchasePlanProjectAdditionalPosition/1" xmlns:ns13="http://zakupki.gov.ru/223fz/contract/1" xmlns:ns14="http://zakupki.gov.ru/223fz/missedNotice/1" xmlns:ns15="http://zakupki.gov.ru/223fz/reference/1" xmlns:ns16="http://zakupki.gov.ru/223fz/stopCommodity/1" xmlns:ns17="http://zakupki.gov.ru/223fz/decisionSuspension/1" xmlns:ns18="http://zakupki.gov.ru/223fz/purchasePlanAdditionalPosition/1" xmlns:ns19="http://zakupki.gov.ru/223fz/webRequest/1" xmlns:ns2="http://zakupki.gov.ru/223fz/purchase/1" xmlns:xsi="http://www.w3.org/2001/XMLSchema-instance" xmlns:ns3="http://zakupki.gov.ru/223fz/dishonestSupplier/1" xmlns:ns4="http://zakupki.gov.ru/223fz/machineryListInfo/1" xmlns:ns5="http://zakupki.gov.ru/223fz/revenue/1" xmlns:ns6="http://zakupki.gov.ru/223fz/orderClauseList/1" xmlns:ns7="http://zakupki.gov.ru/223fz/disagreementProtocol/1" xmlns:ns8="http://zakupki.gov.ru/223fz/complaint/1" xmlns:ns9="http://zakupki.gov.ru/223fz/notificationIssue/1">
    <header>
        <guid>8650beb1-0e78-4218-8550-0ea54c7e9943</guid>
        <createDateTime>2017-03-16T19:26:18</createDateTime>
    </header>
    <ns2:body>
        <ns2:item>
            <guid>24fb50a5-9a24-49ec-94af-1836fac37c25</guid>
            <ns2:purchaseNoticeEPData>
                <ns2:guid>24fb50a5-9a24-49ec-94af-1836fac37c25</ns2:guid>
                <ns2:createDateTime>2017-03-16T19:23:36</ns2:createDateTime>
                <ns2:urlOOS>https://zakupki.gov.ru/223/purchase/private/purchase/notice-info/details.html?noticeInfoId=5888414</ns2:urlOOS>
                <ns2:registrationNumber>31704900035</ns2:registrationNumber>
                <ns2:name>Оказание услуг по техническому обслуживанию и ремонту копировально-множительной техники для нужд «12 Военпроект – филиал АО «31 ГПИСС»</ns2:name>
                <ns2:customer>
                    <mainInfo>
                        <fullName>АКЦИОНЕРНОЕ ОБЩЕСТВО "31 ГОСУДАРСТВЕННЫЙ ПРОЕКТНЫЙ ИНСТИТУТ СПЕЦИАЛЬНОГО СТРОИТЕЛЬСТВА"</fullName>
                        <shortName>АО "31 ГПИСС"</shortName>
                        <iko>57704730704770401001</iko>
                        <inn>7704730704</inn>
                        <kpp>770401001</kpp>
                        <ogrn>1097746425370</ogrn>
                        <legalAddress>119121, г МОСКВА, б-р СМОЛЕНСКИЙ, дом 19, корпус 1</legalAddress>
                        <postalAddress>119121, Москва, Смоленский бульвар, д.19</postalAddress>
                        <phone>8-499-7951196</phone>
                        <email>zakupki@31gpiss.ru</email>
                        <okato>45286590000</okato>
                        <okpo>07795572</okpo>
                    </mainInfo>
                </ns2:customer>
                <ns2:purchaseMethodCode>3363</ns2:purchaseMethodCode>
                <ns2:purchaseCodeName>Закупка у единственного поставщика (исполнителя, подрядчика)</ns2:purchaseCodeName>
                <ns2:placer>
                    <mainInfo>
                        <fullName>АКЦИОНЕРНОЕ ОБЩЕСТВО "31 ГОСУДАРСТВЕННЫЙ ПРОЕКТНЫЙ ИНСТИТУТ СПЕЦИАЛЬНОГО СТРОИТЕЛЬСТВА"</fullName>
                        <shortName>АО "31 ГПИСС"</shortName>
                        <iko>57704730704770401001</iko>
                        <inn>7704730704</inn>
                        <kpp>770401001</kpp>
                        <ogrn>1097746425370</ogrn>
                        <legalAddress>119121, г МОСКВА, б-р СМОЛЕНСКИЙ, дом 19, корпус 1</legalAddress>
                        <postalAddress>119121, Москва, Смоленский бульвар, д.19</postalAddress>
                        <phone>8-499-7951196</phone>
                        <email>zakupki@31gpiss.ru</email>
                        <okato>45286590000</okato>
                        <okpo>07795572</okpo>
                    </mainInfo>
                </ns2:placer>
                <ns2:contact>
                    <phone>+7 (499) 7951196</phone>
                    <email>zakupki@31gpiss.ru</email>
                    <organization>
                        <mainInfo>
                            <fullName>АКЦИОНЕРНОЕ ОБЩЕСТВО "31 ГОСУДАРСТВЕННЫЙ ПРОЕКТНЫЙ ИНСТИТУТ СПЕЦИАЛЬНОГО СТРОИТЕЛЬСТВА"</fullName>
                            <shortName>АО "31 ГПИСС"</shortName>
                            <iko>57704730704770401001</iko>
                            <inn>7704730704</inn>
                            <kpp>770401001</kpp>
                            <ogrn>1097746425370</ogrn>
                            <legalAddress>119121, г МОСКВА, б-р СМОЛЕНСКИЙ, дом 19, корпус 1</legalAddress>
                            <postalAddress>119121, Москва, Смоленский бульвар, д.19</postalAddress>
                            <phone>8-499-7951196</phone>
                            <email>zakupki@31gpiss.ru</email>
                            <okato>45286590000</okato>
                            <okpo>07795572</okpo>
                        </mainInfo>
                    </organization>
                </ns2:contact>
                <ns2:publicationDateTime>2017-03-16T19:26:18</ns2:publicationDateTime>
                <ns2:documentationDelivery/>
                <ns2:status>P</ns2:status>
                <ns2:version>1</ns2:version>
                <ns2:notDishonest>true</ns2:notDishonest>
                <ns2:attachments>
                    <totalDocumentsCount>2</totalDocumentsCount>
                    <document>
                        <guid>ce0d4545-678d-4d62-99f6-422a85a01b94</guid>
                        <createDateTime>2017-03-16T19:25:58</createDateTime>
                        <fileName>Документация и Извещение.docx</fileName>
                        <description>Документация и Извещение</description>
                        <url>http://zakupki.gov.ru/223/purchase/public/download/download.html?id=30121212</url>
                    </document>
                    <document>
                        <guid>c45c9d96-405d-4961-9e50-d3fa90e5aff2</guid>
                        <createDateTime>2017-03-16T19:26:02</createDateTime>
                        <fileName>Проект договора.doc</fileName>
                        <description>Проект договора</description>
                        <url>http://zakupki.gov.ru/223/purchase/public/download/download.html?id=30121213</url>
                    </document>
                </ns2:attachments>
                <ns2:modificationDate>2017-03-16T19:26:18</ns2:modificationDate>
                <ns2:saveUserId>43493</ns2:saveUserId>
                <ns2:deliveryPlaceIndication>DIFFERENT_PLACE</ns2:deliveryPlaceIndication>
                <ns2:emergency>false</ns2:emergency>
                <ns2:jointPurchase>false</ns2:jointPurchase>
                <ns2:lots>
                    <lot>
                        <guid>7a01ff11-cb0e-4ea6-8cf5-7ed8864b9557</guid>
                        <ordinalNumber>1</ordinalNumber>
                        <lotEditEnabled>true</lotEditEnabled>
                        <lotData>
                            <subject>Оказание услуг по техническому обслуживанию и ремонту копировально-множительной техники</subject>
                            <currency>
                                <code>RUB</code>
                                <digitalCode>643</digitalCode>
                                <name>Российский рубль</name>
                            </currency>
                            <initialSum>400000.00</initialSum>
                            <orderPricing>указан лимит договора</orderPricing>
                            <deliveryPlace>
                                <state>Сибирский федеральный округ</state>
                                <region>Новосибирская   обл</region>
                                <regionOkato>50000000000</regionOkato>
                                <address>РФ, 630005, г. Новосибирск, ул. Мичурина, д. 20.</address>
                            </deliveryPlace>
                            <lotItems>
                                <newCodes>true</newCodes>
                                <lotItem>
                                    <guid>a619c93f-39a3-475e-a31e-0e2ba4477983</guid>
                                    <ordinalNumber>1</ordinalNumber>
                                    <okpd2>
                                        <code>95.11.10</code>
                                        <name>Услуги по ремонту компьютеров и периферийного оборудования</name>
                                    </okpd2>
                                    <okved2>
                                        <code>95.11</code>
                                        <name>Ремонт компьютеров и периферийного компьютерного оборудования</name>
                                    </okved2>
                                    <okei>
                                        <code>796</code>
                                        <name>Штука</name>
                                    </okei>
                                    <qty>7</qty>
                                </lotItem>
                            </lotItems>
                            <forSmallOrMiddle>true</forSmallOrMiddle>
                            <excludePurchaseFromPlan>false</excludePurchaseFromPlan>
                            <subcontractorsRequirement>false</subcontractorsRequirement>
                            <ignoredPurchase>false</ignoredPurchase>
                            <centralized>false</centralized>
                        </lotData>
                        <deliveryPlaceIndication>GL</deliveryPlaceIndication>
                        <jointLotData>
                            <jointLot>false</jointLot>
                        </jointLotData>
                        <lotPlanInfo>
                            <planRegistrationNumber>2160195197</planRegistrationNumber>
                            <planGuid>4b0ca480-ae7e-405b-b13f-af35f351ea65</planGuid>
                            <positionNumber>427</positionNumber>
                            <lotPlanPosition>COMMODITY</lotPlanPosition>
                            <positionGuid>8acaab7f-7a1c-4606-bc19-d41432d28541</positionGuid>
                        </lotPlanInfo>
                        <cancelled>false</cancelled>
                    </lot>
                </ns2:lots>
            </ns2:purchaseNoticeEPData>
        </ns2:item>
    </ns2:body>
</ns2:purchaseNoticeEP>
