<?xml version="1.0" encoding="UTF-8" standalone="yes"?>
<ns2:purchaseNoticeEP xsi:schemaLocation="http://zakupki.gov.ru/223/integration/schema/TFF-5.2 http://zakupki.gov.ru/223/integration/schema/TFF-5.2/purchase.xsd" xmlns="http://zakupki.gov.ru/223fz/types/1" xmlns:ns10="http://zakupki.gov.ru/223fz/purchasePlan/1" xmlns:ns11="http://zakupki.gov.ru/223fz/purchasePlanProject/1" xmlns:ns12="http://zakupki.gov.ru/223fz/purchasePlanProjectAdditionalPosition/1" xmlns:ns13="http://zakupki.gov.ru/223fz/contract/1" xmlns:ns14="http://zakupki.gov.ru/223fz/missedNotice/1" xmlns:ns15="http://zakupki.gov.ru/223fz/reference/1" xmlns:ns16="http://zakupki.gov.ru/223fz/stopCommodity/1" xmlns:ns17="http://zakupki.gov.ru/223fz/decisionSuspension/1" xmlns:ns18="http://zakupki.gov.ru/223fz/purchasePlanAdditionalPosition/1" xmlns:ns19="http://zakupki.gov.ru/223fz/webRequest/1" xmlns:ns2="http://zakupki.gov.ru/223fz/purchase/1" xmlns:xsi="http://www.w3.org/2001/XMLSchema-instance" xmlns:ns3="http://zakupki.gov.ru/223fz/dishonestSupplier/1" xmlns:ns4="http://zakupki.gov.ru/223fz/machineryListInfo/1" xmlns:ns5="http://zakupki.gov.ru/223fz/revenue/1" xmlns:ns6="http://zakupki.gov.ru/223fz/orderClauseList/1" xmlns:ns7="http://zakupki.gov.ru/223fz/disagreementProtocol/1" xmlns:ns8="http://zakupki.gov.ru/223fz/complaint/1" xmlns:ns9="http://zakupki.gov.ru/223fz/notificationIssue/1">
    <header>
        <guid>5564e44a-979d-4d01-8423-36ffb2c985ee</guid>
        <createDateTime>2017-03-16T12:49:32</createDateTime>
    </header>
    <ns2:body>
        <ns2:item>
            <guid>979fbc95-3391-41ed-88b8-2cb5c4e8e233</guid>
            <ns2:purchaseNoticeEPData>
                <ns2:guid>979fbc95-3391-41ed-88b8-2cb5c4e8e233</ns2:guid>
                <ns2:createDateTime>2017-03-16T08:52:48</ns2:createDateTime>
                <ns2:urlOOS>https://zakupki.gov.ru/223/purchase/private/purchase/notice-info/details.html?noticeInfoId=5882466</ns2:urlOOS>
                <ns2:registrationNumber>31704897129</ns2:registrationNumber>
                <ns2:name>Оказание образовательных услуг по подготовке, переподготовке и повышению квалификации персонала для Нужд Южно-Уральского филиала АО "ФПК"</ns2:name>
                <ns2:customer>
                    <mainInfo>
                        <fullName>АКЦИОНЕРНОЕ ОБЩЕСТВО "ФЕДЕРАЛЬНАЯ ПАССАЖИРСКАЯ КОМПАНИЯ"</fullName>
                        <shortName>АО "ФПК"</shortName>
                        <iko>57708709686770801001</iko>
                        <inn>7708709686</inn>
                        <kpp>770801001</kpp>
                        <ogrn>1097746772738</ogrn>
                        <legalAddress>107078, г МОСКВА, ул МАШИ ПОРЫВАЕВОЙ, дом 34</legalAddress>
                        <postalAddress>107078, г. Москва, ул. Маши Порываевой, д.34</postalAddress>
                        <phone>+7(495) 988-10-00</phone>
                        <email>DLynova@fpc.ru</email>
                        <okato>45286565000</okato>
                        <okpo>94154560</okpo>
                    </mainInfo>
                </ns2:customer>
                <ns2:purchaseMethodCode>3363</ns2:purchaseMethodCode>
                <ns2:purchaseCodeName>Закупка у единственного поставщика (исполнителя, подрядчика)</ns2:purchaseCodeName>
                <ns2:placer>
                    <mainInfo>
                        <fullName>АКЦИОНЕРНОЕ ОБЩЕСТВО "ФЕДЕРАЛЬНАЯ ПАССАЖИРСКАЯ КОМПАНИЯ"</fullName>
                        <shortName>АО "ФПК"</shortName>
                        <iko>57708709686770801001</iko>
                        <inn>7708709686</inn>
                        <kpp>770801001</kpp>
                        <ogrn>1097746772738</ogrn>
                        <legalAddress>107078, г МОСКВА, ул МАШИ ПОРЫВАЕВОЙ, дом 34</legalAddress>
                        <postalAddress>107078, г. Москва, ул. Маши Порываевой, д.34</postalAddress>
                        <phone>+7(495) 988-10-00</phone>
                        <email>DLynova@fpc.ru</email>
                        <okato>45286565000</okato>
                        <okpo>94154560</okpo>
                    </mainInfo>
                </ns2:placer>
                <ns2:contact>
                    <phone>+8 (351) 2682372</phone>
                    <email>DuzhakovaSV-uur@fpc.ru</email>
                    <organization>
                        <mainInfo>
                            <fullName>АКЦИОНЕРНОЕ ОБЩЕСТВО "ФЕДЕРАЛЬНАЯ ПАССАЖИРСКАЯ КОМПАНИЯ"</fullName>
                            <shortName>АО "ФПК"</shortName>
                            <iko>57708709686770801001</iko>
                            <inn>7708709686</inn>
                            <kpp>770801001</kpp>
                            <ogrn>1097746772738</ogrn>
                            <legalAddress>107078, г МОСКВА, ул МАШИ ПОРЫВАЕВОЙ, дом 34</legalAddress>
                            <postalAddress>107078, г. Москва, ул. Маши Порываевой, д.34</postalAddress>
                            <phone>+7(495) 988-10-00</phone>
                            <email>DLynova@fpc.ru</email>
                            <okato>45286565000</okato>
                            <okpo>94154560</okpo>
                        </mainInfo>
                    </organization>
                </ns2:contact>
                <ns2:publicationDateTime>2017-03-16T12:49:32</ns2:publicationDateTime>
                <ns2:documentationDelivery/>
                <ns2:status>P</ns2:status>
                <ns2:version>1</ns2:version>
                <ns2:notDishonest>true</ns2:notDishonest>
                <ns2:attachments>
                    <totalDocumentsCount>1</totalDocumentsCount>
                    <document>
                        <guid>d6619d61-2653-47bf-873d-925764cded15</guid>
                        <createDateTime>2017-03-16T12:45:44</createDateTime>
                        <fileName>Документация.docx</fileName>
                        <description>Документация</description>
                        <url>http://zakupki.gov.ru/223/purchase/public/download/download.html?id=30104342</url>
                    </document>
                </ns2:attachments>
                <ns2:modificationDate>2017-03-16T12:49:32</ns2:modificationDate>
                <ns2:saveUserId>25444</ns2:saveUserId>
                <ns2:deliveryPlaceIndication>DIFFERENT_PLACE</ns2:deliveryPlaceIndication>
                <ns2:emergency>false</ns2:emergency>
                <ns2:jointPurchase>false</ns2:jointPurchase>
                <ns2:lots>
                    <lot>
                        <guid>a2c7a3a8-547f-46ac-ac09-459f823de06d</guid>
                        <ordinalNumber>1</ordinalNumber>
                        <lotEditEnabled>true</lotEditEnabled>
                        <lotData>
                            <subject>Оказание  образовательных услуг по подготовке, переподготовке и повышению квалификации персонала Южно-Уральского филиала АО «ФПК»</subject>
                            <currency>
                                <code>RUB</code>
                                <digitalCode>643</digitalCode>
                                <name>Российский рубль</name>
                            </currency>
                            <initialSum>1700000.00</initialSum>
                            <deliveryPlace>
                                <state>Уральский федеральный округ</state>
                                <region>Челябинская   обл</region>
                                <regionOkato>75000000000</regionOkato>
                                <address>Указано в пункте 1 Договора 88-17/Ф(ЮУр) от 13.03.2017</address>
                            </deliveryPlace>
                            <lotItems>
                                <newCodes>true</newCodes>
                                <lotItem>
                                    <guid>70469f7b-e63c-4810-8f08-fc89ca9fcfc2</guid>
                                    <ordinalNumber>1</ordinalNumber>
                                    <okpd2>
                                        <code>85.42.19</code>
                                        <name>Услуги по дополнительному профессиональному образованию прочие</name>
                                    </okpd2>
                                    <okved2>
                                        <code>85.3</code>
                                        <name>Обучение профессиональное</name>
                                    </okved2>
                                    <okei>
                                        <code>876</code>
                                        <name>Условная единица</name>
                                    </okei>
                                    <qty>1</qty>
                                </lotItem>
                            </lotItems>
                            <forSmallOrMiddle>false</forSmallOrMiddle>
                            <excludePurchaseFromPlan>false</excludePurchaseFromPlan>
                            <subcontractorsRequirement>false</subcontractorsRequirement>
                            <ignoredPurchase>true</ignoredPurchase>
                            <purchaseCategory>
                                <code>22</code>
                                <name>Закупки услуг образовательных организаций (за исключением услуг образовательных организаций, созданных в организационно-правовой форме потребительских кооперативов)</name>
                            </purchaseCategory>
                            <centralized>false</centralized>
                        </lotData>
                        <deliveryPlaceIndication>GL</deliveryPlaceIndication>
                        <jointLotData>
                            <jointLot>false</jointLot>
                        </jointLotData>
                        <lotPlanInfo>
                            <planRegistrationNumber>2160216878</planRegistrationNumber>
                            <planGuid>cf013f62-d592-4052-90cf-661aed38bc32</planGuid>
                            <positionNumber>1142</positionNumber>
                            <lotPlanPosition>COMMODITY</lotPlanPosition>
                            <positionGuid>b92f9931-a183-4b97-9dd1-4ad062d01d12</positionGuid>
                        </lotPlanInfo>
                        <cancelled>false</cancelled>
                    </lot>
                </ns2:lots>
            </ns2:purchaseNoticeEPData>
        </ns2:item>
    </ns2:body>
</ns2:purchaseNoticeEP>
