<?xml version="1.0" encoding="UTF-8" standalone="yes"?>
<ns2:purchaseNoticeEP xsi:schemaLocation="http://zakupki.gov.ru/223/integration/schema/TFF-5.2 http://zakupki.gov.ru/223/integration/schema/TFF-5.2/purchase.xsd" xmlns="http://zakupki.gov.ru/223fz/types/1" xmlns:ns10="http://zakupki.gov.ru/223fz/purchasePlan/1" xmlns:ns11="http://zakupki.gov.ru/223fz/purchasePlanProject/1" xmlns:ns12="http://zakupki.gov.ru/223fz/purchasePlanProjectAdditionalPosition/1" xmlns:ns13="http://zakupki.gov.ru/223fz/contract/1" xmlns:ns14="http://zakupki.gov.ru/223fz/missedNotice/1" xmlns:ns15="http://zakupki.gov.ru/223fz/reference/1" xmlns:ns16="http://zakupki.gov.ru/223fz/stopCommodity/1" xmlns:ns17="http://zakupki.gov.ru/223fz/decisionSuspension/1" xmlns:ns18="http://zakupki.gov.ru/223fz/purchasePlanAdditionalPosition/1" xmlns:ns19="http://zakupki.gov.ru/223fz/webRequest/1" xmlns:ns2="http://zakupki.gov.ru/223fz/purchase/1" xmlns:xsi="http://www.w3.org/2001/XMLSchema-instance" xmlns:ns3="http://zakupki.gov.ru/223fz/dishonestSupplier/1" xmlns:ns4="http://zakupki.gov.ru/223fz/machineryListInfo/1" xmlns:ns5="http://zakupki.gov.ru/223fz/revenue/1" xmlns:ns6="http://zakupki.gov.ru/223fz/orderClauseList/1" xmlns:ns7="http://zakupki.gov.ru/223fz/disagreementProtocol/1" xmlns:ns8="http://zakupki.gov.ru/223fz/complaint/1" xmlns:ns9="http://zakupki.gov.ru/223fz/notificationIssue/1">
    <header>
        <guid>fffd5cfd-6ff3-4b6c-829d-dfe5a3a21826</guid>
        <createDateTime>2017-03-16T18:26:58</createDateTime>
    </header>
    <ns2:body>
        <ns2:item>
            <guid>e425a367-d599-4fa8-b65c-8e5a94b4c69e</guid>
            <ns2:purchaseNoticeEPData>
                <ns2:guid>e425a367-d599-4fa8-b65c-8e5a94b4c69e</ns2:guid>
                <ns2:createDateTime>2017-03-16T18:26:06</ns2:createDateTime>
                <ns2:urlOOS>https://zakupki.gov.ru/223/purchase/private/purchase/notice-info/details.html?noticeInfoId=5888315</ns2:urlOOS>
                <ns2:registrationNumber>31704899926</ns2:registrationNumber>
                <ns2:name>ПредоставлениеЗаказчику в полном объеме исключительного права на аудиовизуальное произведение- телевизионную программу под рабочим названием «Ваше телевидение» в количестве20 выпусков.</ns2:name>
                <ns2:customer>
                    <mainInfo>
                        <fullName>АКЦИОНЕРНОЕ ОБЩЕСТВО "МОСКВА МЕДИА"</fullName>
                        <shortName>АО "МОСКВА МЕДИА"</shortName>
                        <iko>57705194654771401001</iko>
                        <inn>7705194654</inn>
                        <kpp>771401001</kpp>
                        <ogrn>1037739325755</ogrn>
                        <legalAddress>127137, г МОСКВА, ул ПРАВДЫ, дом 24, корпус СТР.2</legalAddress>
                        <postalAddress>127137, Москва, Правды, дом 24, строение 2</postalAddress>
                        <phone>7-495-7287381</phone>
                        <email>nubaranova@vgtrk.com</email>
                        <okato>45277556000</okato>
                        <okpo>18446892</okpo>
                    </mainInfo>
                </ns2:customer>
                <ns2:purchaseMethodCode>3363</ns2:purchaseMethodCode>
                <ns2:purchaseCodeName>Закупка у единственного поставщика (исполнителя, подрядчика)</ns2:purchaseCodeName>
                <ns2:placer>
                    <mainInfo>
                        <fullName>АКЦИОНЕРНОЕ ОБЩЕСТВО "МОСКВА МЕДИА"</fullName>
                        <shortName>АО "МОСКВА МЕДИА"</shortName>
                        <iko>57705194654771401001</iko>
                        <inn>7705194654</inn>
                        <kpp>771401001</kpp>
                        <ogrn>1037739325755</ogrn>
                        <legalAddress>127137, г МОСКВА, ул ПРАВДЫ, дом 24, корпус СТР.2</legalAddress>
                        <postalAddress>127137, Москва, Правды, дом 24, строение 2</postalAddress>
                        <phone>7-495-7287381</phone>
                        <email>nubaranova@vgtrk.com</email>
                        <okato>45277556000</okato>
                        <okpo>18446892</okpo>
                    </mainInfo>
                </ns2:placer>
                <ns2:contact>
                    <firstName>Маргарита</firstName>
                    <lastName>Смолкова</lastName>
                    <phone>+7 (495) 7287381, доб.: 8032</phone>
                    <email>msmolkova@vgtrk.com</email>
                    <organization>
                        <mainInfo>
                            <fullName>АКЦИОНЕРНОЕ ОБЩЕСТВО "МОСКВА МЕДИА"</fullName>
                            <shortName>АО "МОСКВА МЕДИА"</shortName>
                            <iko>57705194654771401001</iko>
                            <inn>7705194654</inn>
                            <kpp>771401001</kpp>
                            <ogrn>1037739325755</ogrn>
                            <legalAddress>127137, г МОСКВА, ул ПРАВДЫ, дом 24, корпус СТР.2</legalAddress>
                            <postalAddress>127137, Москва, Правды, дом 24, строение 2</postalAddress>
                            <phone>7-495-7287381</phone>
                            <email>nubaranova@vgtrk.com</email>
                            <okato>45277556000</okato>
                            <okpo>18446892</okpo>
                        </mainInfo>
                    </organization>
                </ns2:contact>
                <ns2:publicationDateTime>2017-03-16T18:26:58</ns2:publicationDateTime>
                <ns2:documentationDelivery/>
                <ns2:status>P</ns2:status>
                <ns2:version>1</ns2:version>
                <ns2:notDishonest>false</ns2:notDishonest>
                <ns2:attachments>
                    <totalDocumentsCount>3</totalDocumentsCount>
                    <document>
                        <guid>6817be28-c9b3-4b15-8816-0a56a82edf89</guid>
                        <createDateTime>2017-03-16T18:26:37</createDateTime>
                        <fileName>Закупочная документация.docx</fileName>
                        <description>Закупочная документация</description>
                        <url>http://zakupki.gov.ru/223/purchase/public/download/download.html?id=30120730</url>
                    </document>
                    <document>
                        <guid>f64e0ebc-47da-45b4-a2cf-8e28a6cb828b</guid>
                        <createDateTime>2017-03-16T18:26:40</createDateTime>
                        <fileName>Проект договора.docx</fileName>
                        <description>Проект договора</description>
                        <url>http://zakupki.gov.ru/223/purchase/public/download/download.html?id=30120731</url>
                    </document>
                    <document>
                        <guid>8593871d-4d2d-493d-ab16-991ddf0694c8</guid>
                        <createDateTime>2017-03-16T18:26:46</createDateTime>
                        <fileName>Протокол определения НМЦД.docx</fileName>
                        <description>Протокол определения НМЦД</description>
                        <url>http://zakupki.gov.ru/223/purchase/public/download/download.html?id=30120732</url>
                    </document>
                </ns2:attachments>
                <ns2:modificationDate>2017-03-16T18:26:58</ns2:modificationDate>
                <ns2:saveUserId>17875</ns2:saveUserId>
                <ns2:deliveryPlaceIndication>SINGLE_PLACE</ns2:deliveryPlaceIndication>
                <ns2:emergency>false</ns2:emergency>
                <ns2:jointPurchase>false</ns2:jointPurchase>
                <ns2:lots>
                    <lot>
                        <guid>82da2e8e-8475-4fc7-9d3d-44120b343a8a</guid>
                        <ordinalNumber>1</ordinalNumber>
                        <lotEditEnabled>false</lotEditEnabled>
                        <lotData>
                            <subject>Предоставление Заказчику в полном объеме исключительного права на аудиовизуальное произведение - телевизионную программу под рабочим названием «Ваше телевидение» в количестве 20 выпусков.</subject>
                            <currency>
                                <code>RUB</code>
                                <digitalCode>643</digitalCode>
                                <name>Российский рубль</name>
                            </currency>
                            <initialSum>29772000.00</initialSum>
                            <deliveryPlace>
                                <state>Центральный федеральный округ</state>
                                <region>Москва</region>
                                <regionOkato>45000000000</regionOkato>
                                <address>г. Москва ул. Правды 24 стр. 2</address>
                            </deliveryPlace>
                            <lotItems>
                                <newCodes>true</newCodes>
                                <lotItem>
                                    <guid>ab6f237b-4aa3-4c7b-a538-24f61ed39659</guid>
                                    <ordinalNumber>1</ordinalNumber>
                                    <okpd2>
                                        <code>59.13.1</code>
                                        <name>Услуги по предоставлению лицензий и распространению кинофильмов, видеофильмов и телевизионных программ</name>
                                    </okpd2>
                                    <okved2>
                                        <code>59.13</code>
                                        <name>Деятельность по распространению кинофильмов, видеофильмов и телевизионных программ</name>
                                    </okved2>
                                    <okei>
                                        <code>796</code>
                                        <name>Штука</name>
                                    </okei>
                                    <qty>20</qty>
                                </lotItem>
                            </lotItems>
                            <forSmallOrMiddle>false</forSmallOrMiddle>
                            <excludePurchaseFromPlan>false</excludePurchaseFromPlan>
                            <subcontractorsRequirement>false</subcontractorsRequirement>
                            <ignoredPurchase>false</ignoredPurchase>
                            <centralized>false</centralized>
                        </lotData>
                        <deliveryPlaceIndication>GL</deliveryPlaceIndication>
                        <jointLotData>
                            <jointLot>false</jointLot>
                        </jointLotData>
                        <lotPlanInfo>
                            <planRegistrationNumber>2160198404</planRegistrationNumber>
                            <planGuid>2bb94e6a-5f33-4384-8d3f-473af9c714b9</planGuid>
                            <positionNumber>62</positionNumber>
                            <lotPlanPosition>COMMODITY</lotPlanPosition>
                            <positionGuid>582cedf7-587f-4123-8bac-f203f1c92b04</positionGuid>
                        </lotPlanInfo>
                        <cancelled>false</cancelled>
                    </lot>
                </ns2:lots>
            </ns2:purchaseNoticeEPData>
        </ns2:item>
    </ns2:body>
</ns2:purchaseNoticeEP>
