<?xml version="1.0" encoding="UTF-8" standalone="yes"?>
<ns2:purchaseNoticeEP xsi:schemaLocation="http://zakupki.gov.ru/223/integration/schema/TFF-5.2 http://zakupki.gov.ru/223/integration/schema/TFF-5.2/purchase.xsd" xmlns="http://zakupki.gov.ru/223fz/types/1" xmlns:ns10="http://zakupki.gov.ru/223fz/purchasePlan/1" xmlns:ns11="http://zakupki.gov.ru/223fz/purchasePlanProject/1" xmlns:ns12="http://zakupki.gov.ru/223fz/purchasePlanProjectAdditionalPosition/1" xmlns:ns13="http://zakupki.gov.ru/223fz/contract/1" xmlns:ns14="http://zakupki.gov.ru/223fz/missedNotice/1" xmlns:ns15="http://zakupki.gov.ru/223fz/reference/1" xmlns:ns16="http://zakupki.gov.ru/223fz/stopCommodity/1" xmlns:ns17="http://zakupki.gov.ru/223fz/decisionSuspension/1" xmlns:ns18="http://zakupki.gov.ru/223fz/purchasePlanAdditionalPosition/1" xmlns:ns19="http://zakupki.gov.ru/223fz/webRequest/1" xmlns:ns2="http://zakupki.gov.ru/223fz/purchase/1" xmlns:xsi="http://www.w3.org/2001/XMLSchema-instance" xmlns:ns3="http://zakupki.gov.ru/223fz/dishonestSupplier/1" xmlns:ns4="http://zakupki.gov.ru/223fz/machineryListInfo/1" xmlns:ns5="http://zakupki.gov.ru/223fz/revenue/1" xmlns:ns6="http://zakupki.gov.ru/223fz/orderClauseList/1" xmlns:ns7="http://zakupki.gov.ru/223fz/disagreementProtocol/1" xmlns:ns8="http://zakupki.gov.ru/223fz/complaint/1" xmlns:ns9="http://zakupki.gov.ru/223fz/notificationIssue/1">
    <header>
        <guid>1256f6aa-29c0-44c8-ac3d-7482452f2587</guid>
        <createDateTime>2017-03-16T12:36:14</createDateTime>
    </header>
    <ns2:body>
        <ns2:item>
            <guid>c6e5883e-57e1-4b16-a838-e96ab5895972</guid>
            <ns2:purchaseNoticeEPData>
                <ns2:guid>c6e5883e-57e1-4b16-a838-e96ab5895972</ns2:guid>
                <ns2:createDateTime>2017-03-16T12:34:04</ns2:createDateTime>
                <ns2:urlOOS>https://zakupki.gov.ru/223/purchase/private/purchase/notice-info/details.html?noticeInfoId=5884796</ns2:urlOOS>
                <ns2:registrationNumber>31704897033</ns2:registrationNumber>
                <ns2:name>закупка у единственного исполнителя на право заключения договора оказание услуг по открытию банковского счета для нужд ПАО «МРСК Центра», (B2B 258825)
</ns2:name>
                <ns2:customer>
                    <mainInfo>
                        <fullName>ПУБЛИЧНОЕ АКЦИОНЕРНОЕ ОБЩЕСТВО "МЕЖРЕГИОНАЛЬНАЯ РАСПРЕДЕЛИТЕЛЬНАЯ СЕТЕВАЯ КОМПАНИЯ ЦЕНТРА"</fullName>
                        <shortName>ПАО "МРСК ЦЕНТРА"</shortName>
                        <iko>56901067107771501001</iko>
                        <inn>6901067107</inn>
                        <kpp>997450001</kpp>
                        <ogrn>1046900099498</ogrn>
                        <legalAddress>127018, г МОСКВА, ул ЯМСКАЯ 2-Я, дом 4</legalAddress>
                        <postalAddress>127018, Москва Город, Ямская 2-я Улица, дом 4</postalAddress>
                        <phone>7-495-7479292-3304</phone>
                        <email>Stolyarov.NV@mrsk-1.ru</email>
                        <okato>45286565000</okato>
                        <okpo>75720657</okpo>
                    </mainInfo>
                </ns2:customer>
                <ns2:purchaseMethodCode>3363</ns2:purchaseMethodCode>
                <ns2:purchaseCodeName>Закупка у единственного поставщика (исполнителя, подрядчика)</ns2:purchaseCodeName>
                <ns2:placer>
                    <mainInfo>
                        <fullName>ПУБЛИЧНОЕ АКЦИОНЕРНОЕ ОБЩЕСТВО "МЕЖРЕГИОНАЛЬНАЯ РАСПРЕДЕЛИТЕЛЬНАЯ СЕТЕВАЯ КОМПАНИЯ ЦЕНТРА"</fullName>
                        <shortName>ПАО "МРСК ЦЕНТРА"</shortName>
                        <iko>56901067107771501001</iko>
                        <inn>6901067107</inn>
                        <kpp>997450001</kpp>
                        <ogrn>1046900099498</ogrn>
                        <legalAddress>127018, г МОСКВА, ул ЯМСКАЯ 2-Я, дом 4</legalAddress>
                        <postalAddress>127018, Москва Город, Ямская 2-я Улица, дом 4</postalAddress>
                        <phone>7-495-7479292-3304</phone>
                        <email>Stolyarov.NV@mrsk-1.ru</email>
                        <okato>45286565000</okato>
                        <okpo>75720657</okpo>
                    </mainInfo>
                </ns2:placer>
                <ns2:contact>
                    <firstName>Анна</firstName>
                    <middleName>Андреевна</middleName>
                    <lastName>Иванова</lastName>
                    <phone>+7 (495) 7479292</phone>
                    <email>Ivanova.AnA@mrsk-1.ru</email>
                    <organization>
                        <mainInfo>
                            <fullName>ПУБЛИЧНОЕ АКЦИОНЕРНОЕ ОБЩЕСТВО "МЕЖРЕГИОНАЛЬНАЯ РАСПРЕДЕЛИТЕЛЬНАЯ СЕТЕВАЯ КОМПАНИЯ ЦЕНТРА"</fullName>
                            <shortName>ПАО "МРСК ЦЕНТРА"</shortName>
                            <iko>56901067107771501001</iko>
                            <inn>6901067107</inn>
                            <kpp>997450001</kpp>
                            <ogrn>1046900099498</ogrn>
                            <legalAddress>127018, г МОСКВА, ул ЯМСКАЯ 2-Я, дом 4</legalAddress>
                            <postalAddress>127018, Москва Город, Ямская 2-я Улица, дом 4</postalAddress>
                            <phone>7-495-7479292-3304</phone>
                            <email>Stolyarov.NV@mrsk-1.ru</email>
                            <okato>45286565000</okato>
                            <okpo>75720657</okpo>
                        </mainInfo>
                    </organization>
                </ns2:contact>
                <ns2:publicationDateTime>2017-03-16T12:36:14</ns2:publicationDateTime>
                <ns2:documentationDelivery>
                    <deliveryStartDateTime>2017-03-16</deliveryStartDateTime>
                    <deliveryEndDateTime>2017-03-21</deliveryEndDateTime>
                    <place>Предоставление в форме электронного документа в Единой информационной системе в сфере закупок Российской Федерации www.zakupki.gov.ru, копия публикации на официальном сайте ПАО «МРСК Центра» www.mrsk-1.ru в разделе «Закупки».</place>
                    <procedure>Документация по закупке предоставляется без взимания платы в форме электронного документа, начиная с даты размещения закупки.</procedure>
                </ns2:documentationDelivery>
                <ns2:status>P</ns2:status>
                <ns2:version>1</ns2:version>
                <ns2:notDishonest>false</ns2:notDishonest>
                <ns2:attachments>
                    <totalDocumentsCount>1</totalDocumentsCount>
                    <document>
                        <guid>443d46bb-9792-4a44-85e7-c59a8676cc08</guid>
                        <createDateTime>2017-03-16T12:35:53</createDateTime>
                        <fileName>258825.rar</fileName>
                        <description>258825</description>
                        <url>http://zakupki.gov.ru/223/purchase/public/download/download.html?id=30103839</url>
                    </document>
                </ns2:attachments>
                <ns2:modificationDate>2017-03-16T12:36:14</ns2:modificationDate>
                <ns2:saveUserId>100614</ns2:saveUserId>
                <ns2:deliveryPlaceIndication>DIFFERENT_PLACE</ns2:deliveryPlaceIndication>
                <ns2:emergency>false</ns2:emergency>
                <ns2:jointPurchase>false</ns2:jointPurchase>
                <ns2:lots>
                    <lot>
                        <guid>4898d372-ac0f-42de-8cca-6f1fa7d324f6</guid>
                        <ordinalNumber>1</ordinalNumber>
                        <lotEditEnabled>false</lotEditEnabled>
                        <lotData>
                            <subject>Открытие банковского счета</subject>
                            <currency>
                                <code>RUB</code>
                                <digitalCode>643</digitalCode>
                                <name>Российский рубль</name>
                            </currency>
                            <initialSum>1500.00</initialSum>
                            <lotItems>
                                <newCodes>true</newCodes>
                                <lotItem>
                                    <guid>0cac84f3-12df-45fd-83f8-82754038e34f</guid>
                                    <ordinalNumber>1</ordinalNumber>
                                    <okpd2>
                                        <code>64.19.30.000</code>
                                        <name>Услуги по посредничеству в денежно-кредитной сфере прочие, не включенные в другие группировки</name>
                                    </okpd2>
                                    <okved2>
                                        <code>64.19</code>
                                        <name>Денежное посредничество прочее</name>
                                    </okved2>
                                    <okei>
                                        <code>876</code>
                                        <name>Условная единица</name>
                                    </okei>
                                    <qty>1</qty>
                                    <deliveryPlace>
                                        <state>Центральный федеральный округ</state>
                                        <region>Москва</region>
                                        <regionOkato>45000000000</regionOkato>
                                        <address>Не заполнено</address>
                                    </deliveryPlace>
                                </lotItem>
                            </lotItems>
                            <forSmallOrMiddle>false</forSmallOrMiddle>
                            <excludePurchaseFromPlan>false</excludePurchaseFromPlan>
                            <subcontractorsRequirement>false</subcontractorsRequirement>
                            <ignoredPurchase>true</ignoredPurchase>
                            <purchaseCategory>
                                <code>5</code>
                                <name>Закупки финансовых услуг, включая банковские услуги, страховые услуги, услуги на рынке ценных бумаг, услуги по договору лизинга, а также, оказываемые финансовой организацией и связанные с привлечением и (или) размещением денежных средств юридических и физических лиц</name>
                            </purchaseCategory>
                            <centralized>false</centralized>
                        </lotData>
                        <deliveryPlaceIndication>ELP</deliveryPlaceIndication>
                        <jointLotData>
                            <jointLot>false</jointLot>
                        </jointLotData>
                        <lotPlanInfo>
                            <planRegistrationNumber>2160190937</planRegistrationNumber>
                            <planGuid>a9898519-2058-0251-0000-58c7fe6b6729</planGuid>
                            <positionNumber>20368400</positionNumber>
                            <lotPlanPosition>COMMODITY</lotPlanPosition>
                            <positionGuid>a9898519-2058-0250-8400-000006336331</positionGuid>
                        </lotPlanInfo>
                        <cancelled>false</cancelled>
                    </lot>
                </ns2:lots>
            </ns2:purchaseNoticeEPData>
        </ns2:item>
    </ns2:body>
</ns2:purchaseNoticeEP>
