<?xml version="1.0" encoding="UTF-8" standalone="yes"?>
<ns2:purchaseNoticeEP xsi:schemaLocation="http://zakupki.gov.ru/223/integration/schema/TFF-5.2 http://zakupki.gov.ru/223/integration/schema/TFF-5.2/purchase.xsd" xmlns="http://zakupki.gov.ru/223fz/types/1" xmlns:ns10="http://zakupki.gov.ru/223fz/purchasePlan/1" xmlns:ns11="http://zakupki.gov.ru/223fz/purchasePlanProject/1" xmlns:ns12="http://zakupki.gov.ru/223fz/purchasePlanProjectAdditionalPosition/1" xmlns:ns13="http://zakupki.gov.ru/223fz/contract/1" xmlns:ns14="http://zakupki.gov.ru/223fz/missedNotice/1" xmlns:ns15="http://zakupki.gov.ru/223fz/reference/1" xmlns:ns16="http://zakupki.gov.ru/223fz/stopCommodity/1" xmlns:ns17="http://zakupki.gov.ru/223fz/decisionSuspension/1" xmlns:ns18="http://zakupki.gov.ru/223fz/purchasePlanAdditionalPosition/1" xmlns:ns19="http://zakupki.gov.ru/223fz/webRequest/1" xmlns:ns2="http://zakupki.gov.ru/223fz/purchase/1" xmlns:xsi="http://www.w3.org/2001/XMLSchema-instance" xmlns:ns3="http://zakupki.gov.ru/223fz/dishonestSupplier/1" xmlns:ns4="http://zakupki.gov.ru/223fz/machineryListInfo/1" xmlns:ns5="http://zakupki.gov.ru/223fz/revenue/1" xmlns:ns6="http://zakupki.gov.ru/223fz/orderClauseList/1" xmlns:ns7="http://zakupki.gov.ru/223fz/disagreementProtocol/1" xmlns:ns8="http://zakupki.gov.ru/223fz/complaint/1" xmlns:ns9="http://zakupki.gov.ru/223fz/notificationIssue/1">
    <header>
        <guid>6eb82443-8c68-45cd-bb88-c99f22aea793</guid>
        <createDateTime>2017-03-16T18:41:19</createDateTime>
    </header>
    <ns2:body>
        <ns2:item>
            <guid>58ca32b6-789a-608f-e100-00000a388ca5</guid>
            <ns2:purchaseNoticeEPData>
                <ns2:guid>58ca32b6-789a-608f-e100-00000a388ca5</ns2:guid>
                <ns2:createDateTime>2017-03-16T18:38:01</ns2:createDateTime>
                <ns2:urlOOS>https://zakupki.gov.ru/223/purchase/private/purchase/notice-info/details.html?noticeInfoId=5888339</ns2:urlOOS>
                <ns2:urlVSRZ>https://zakupki.gazprom.ru</ns2:urlVSRZ>
                <ns2:registrationNumber>31704899971</ns2:registrationNumber>
                <ns2:name>Газопромысловое оборудование</ns2:name>
                <ns2:customer>
                    <mainInfo>
                        <fullName>Общество с ограниченной ответственностью "Газпром комплектация"</fullName>
                        <shortName>ООО "Газпром комплектация"</shortName>
                        <iko>67740000044773601001</iko>
                        <inn>7740000044</inn>
                        <kpp>773601001</kpp>
                        <ogrn>1027700501113</ogrn>
                        <legalAddress>119991, Москва, Строителей, дом 8, корпус КОРПУС 1</legalAddress>
                        <postalAddress>119991, г. Москва, ул. Строителей, д. 8, корп. 1</postalAddress>
                        <phone>7-495-6315782</phone>
                        <email>komplekt@komplekt.gazprom.ru</email>
                        <okato>45293558000</okato>
                        <okpo>05030632</okpo>
                    </mainInfo>
                </ns2:customer>
                <ns2:purchaseMethodCode>3363</ns2:purchaseMethodCode>
                <ns2:purchaseCodeName>Закупка у единственного поставщика (исполнителя, подрядчика)</ns2:purchaseCodeName>
                <ns2:placer>
                    <mainInfo>
                        <fullName>Общество с ограниченной ответственностью "Газпром комплектация"</fullName>
                        <shortName>ООО "Газпром комплектация"</shortName>
                        <iko>67740000044773601001</iko>
                        <inn>7740000044</inn>
                        <kpp>773601001</kpp>
                        <ogrn>1027700501113</ogrn>
                        <legalAddress>119991, Москва, Строителей, дом 8, корпус КОРПУС 1</legalAddress>
                        <postalAddress>119991, г. Москва, ул. Строителей, д. 8, корп. 1</postalAddress>
                        <phone>7-495-6315782</phone>
                        <email>komplekt@komplekt.gazprom.ru</email>
                        <okato>45293558000</okato>
                        <okpo>05030632</okpo>
                    </mainInfo>
                </ns2:placer>
                <ns2:contact>
                    <firstName>Максим</firstName>
                    <middleName>Германович</middleName>
                    <lastName>Кукушкин</lastName>
                    <phone>+7 (499) 5802407</phone>
                    <email>MKukushkin@komplekt.gazprom.ru</email>
                    <organization>
                        <mainInfo>
                            <fullName>Общество с ограниченной ответственностью "Газпром комплектация"</fullName>
                            <shortName>ООО "Газпром комплектация"</shortName>
                            <iko>67740000044773601001</iko>
                            <inn>7740000044</inn>
                            <kpp>773601001</kpp>
                            <ogrn>1027700501113</ogrn>
                            <legalAddress>119991, Москва, Строителей, дом 8, корпус КОРПУС 1</legalAddress>
                            <postalAddress>119991, г. Москва, ул. Строителей, д. 8, корп. 1</postalAddress>
                            <phone>7-495-6315782</phone>
                            <email>komplekt@komplekt.gazprom.ru</email>
                            <okato>45293558000</okato>
                            <okpo>05030632</okpo>
                        </mainInfo>
                    </organization>
                </ns2:contact>
                <ns2:publicationDateTime>2017-03-16T18:41:19</ns2:publicationDateTime>
                <ns2:documentationDelivery/>
                <ns2:status>P</ns2:status>
                <ns2:version>1</ns2:version>
                <ns2:notDishonest>true</ns2:notDishonest>
                <ns2:attachments>
                    <totalDocumentsCount>3</totalDocumentsCount>
                    <document>
                        <guid>58ca71e8-8bc3-2311-e100-00000a388ca5</guid>
                        <createDateTime>2017-03-16T18:38:01</createDateTime>
                        <fileName>ДОКУМЕНТАЦИЯ.doc</fileName>
                        <description>ДОКУМЕНТАЦИЯ.doc</description>
                        <url>http://zakupki.gov.ru/223/purchase/public/download/download.html?id=30120853</url>
                    </document>
                    <document>
                        <guid>58ca71e9-8bc3-2311-e100-00000a388ca5</guid>
                        <createDateTime>2017-03-16T18:38:01</createDateTime>
                        <fileName>Форма 34-Извещение о проведении.doc</fileName>
                        <description>Форма 34-Извещение о проведении.doc</description>
                        <url>http://zakupki.gov.ru/223/purchase/public/download/download.html?id=30120854</url>
                    </document>
                    <document>
                        <guid>58ca71ea-8bc3-2311-e100-00000a388ca5</guid>
                        <createDateTime>2017-03-16T18:38:01</createDateTime>
                        <fileName>Договор поставки оплата по факту.doc</fileName>
                        <description>Договор поставки оплата по факту.doc</description>
                        <url>http://zakupki.gov.ru/223/purchase/public/download/download.html?id=30120855</url>
                    </document>
                </ns2:attachments>
                <ns2:modificationDate>2017-03-16T18:41:19</ns2:modificationDate>
                <ns2:saveUserId>206753</ns2:saveUserId>
                <ns2:deliveryPlaceIndication>DIFFERENT_PLACE</ns2:deliveryPlaceIndication>
                <ns2:emergency>false</ns2:emergency>
                <ns2:jointPurchase>false</ns2:jointPurchase>
                <ns2:lots>
                    <lot>
                        <guid>58ca582b-7b12-770a-e100-00000a388ca5</guid>
                        <ordinalNumber>1</ordinalNumber>
                        <lotEditEnabled>true</lotEditEnabled>
                        <lotData>
                            <subject>Газопромысловое оборудование</subject>
                            <currency>
                                <code>RUB</code>
                                <digitalCode>643</digitalCode>
                                <name>Российский рубль</name>
                            </currency>
                            <initialSum>353925198.03</initialSum>
                            <deliveryPlace>
                                <address>Согласно закупочной документации</address>
                            </deliveryPlace>
                            <lotItems>
                                <newCodes>true</newCodes>
                                <lotItem>
                                    <guid>58ca71bb-8bc3-2311-e100-00000a388ca5</guid>
                                    <ordinalNumber>1</ordinalNumber>
                                    <okpd2>
                                        <code>28.92</code>
                                        <name>Оборудование для добычи полезных ископаемых подземным и открытым способами и строительства</name>
                                    </okpd2>
                                    <okved2>
                                        <code>28.92</code>
                                        <name>Производство машин и оборудования для добычи полезных ископаемых и строительства</name>
                                    </okved2>
                                    <okei>
                                        <code>839</code>
                                        <name>Комплект</name>
                                    </okei>
                                    <qty>2</qty>
                                </lotItem>
                                <lotItem>
                                    <guid>58ca71bc-8bc3-2311-e100-00000a388ca5</guid>
                                    <ordinalNumber>2</ordinalNumber>
                                    <okpd2>
                                        <code>28.92</code>
                                        <name>Оборудование для добычи полезных ископаемых подземным и открытым способами и строительства</name>
                                    </okpd2>
                                    <okved2>
                                        <code>28.92</code>
                                        <name>Производство машин и оборудования для добычи полезных ископаемых и строительства</name>
                                    </okved2>
                                    <okei>
                                        <code>839</code>
                                        <name>Комплект</name>
                                    </okei>
                                    <qty>1</qty>
                                </lotItem>
                                <lotItem>
                                    <guid>58ca71bd-8bc3-2311-e100-00000a388ca5</guid>
                                    <ordinalNumber>3</ordinalNumber>
                                    <okpd2>
                                        <code>28.92</code>
                                        <name>Оборудование для добычи полезных ископаемых подземным и открытым способами и строительства</name>
                                    </okpd2>
                                    <okved2>
                                        <code>28.92</code>
                                        <name>Производство машин и оборудования для добычи полезных ископаемых и строительства</name>
                                    </okved2>
                                    <okei>
                                        <code>839</code>
                                        <name>Комплект</name>
                                    </okei>
                                    <qty>2</qty>
                                </lotItem>
                                <lotItem>
                                    <guid>58ca71be-8bc3-2311-e100-00000a388ca5</guid>
                                    <ordinalNumber>4</ordinalNumber>
                                    <okpd2>
                                        <code>28.92</code>
                                        <name>Оборудование для добычи полезных ископаемых подземным и открытым способами и строительства</name>
                                    </okpd2>
                                    <okved2>
                                        <code>28.92</code>
                                        <name>Производство машин и оборудования для добычи полезных ископаемых и строительства</name>
                                    </okved2>
                                    <okei>
                                        <code>839</code>
                                        <name>Комплект</name>
                                    </okei>
                                    <qty>1</qty>
                                </lotItem>
                                <lotItem>
                                    <guid>58ca71bf-8bc3-2311-e100-00000a388ca5</guid>
                                    <ordinalNumber>5</ordinalNumber>
                                    <okpd2>
                                        <code>28.92</code>
                                        <name>Оборудование для добычи полезных ископаемых подземным и открытым способами и строительства</name>
                                    </okpd2>
                                    <okved2>
                                        <code>28.92</code>
                                        <name>Производство машин и оборудования для добычи полезных ископаемых и строительства</name>
                                    </okved2>
                                    <okei>
                                        <code>839</code>
                                        <name>Комплект</name>
                                    </okei>
                                    <qty>1</qty>
                                </lotItem>
                                <lotItem>
                                    <guid>58ca71c0-8bc3-2311-e100-00000a388ca5</guid>
                                    <ordinalNumber>6</ordinalNumber>
                                    <okpd2>
                                        <code>28.92</code>
                                        <name>Оборудование для добычи полезных ископаемых подземным и открытым способами и строительства</name>
                                    </okpd2>
                                    <okved2>
                                        <code>28.92</code>
                                        <name>Производство машин и оборудования для добычи полезных ископаемых и строительства</name>
                                    </okved2>
                                    <okei>
                                        <code>839</code>
                                        <name>Комплект</name>
                                    </okei>
                                    <qty>2</qty>
                                </lotItem>
                                <lotItem>
                                    <guid>58ca71c1-8bc3-2311-e100-00000a388ca5</guid>
                                    <ordinalNumber>7</ordinalNumber>
                                    <okpd2>
                                        <code>28.92</code>
                                        <name>Оборудование для добычи полезных ископаемых подземным и открытым способами и строительства</name>
                                    </okpd2>
                                    <okved2>
                                        <code>28.92</code>
                                        <name>Производство машин и оборудования для добычи полезных ископаемых и строительства</name>
                                    </okved2>
                                    <okei>
                                        <code>839</code>
                                        <name>Комплект</name>
                                    </okei>
                                    <qty>2</qty>
                                </lotItem>
                                <lotItem>
                                    <guid>58ca71c2-8bc3-2311-e100-00000a388ca5</guid>
                                    <ordinalNumber>8</ordinalNumber>
                                    <okpd2>
                                        <code>28.92</code>
                                        <name>Оборудование для добычи полезных ископаемых подземным и открытым способами и строительства</name>
                                    </okpd2>
                                    <okved2>
                                        <code>28.92</code>
                                        <name>Производство машин и оборудования для добычи полезных ископаемых и строительства</name>
                                    </okved2>
                                    <okei>
                                        <code>839</code>
                                        <name>Комплект</name>
                                    </okei>
                                    <qty>1</qty>
                                </lotItem>
                                <lotItem>
                                    <guid>58ca71c3-8bc3-2311-e100-00000a388ca5</guid>
                                    <ordinalNumber>9</ordinalNumber>
                                    <okpd2>
                                        <code>28.92</code>
                                        <name>Оборудование для добычи полезных ископаемых подземным и открытым способами и строительства</name>
                                    </okpd2>
                                    <okved2>
                                        <code>28.92</code>
                                        <name>Производство машин и оборудования для добычи полезных ископаемых и строительства</name>
                                    </okved2>
                                    <okei>
                                        <code>839</code>
                                        <name>Комплект</name>
                                    </okei>
                                    <qty>1</qty>
                                </lotItem>
                                <lotItem>
                                    <guid>58ca71c4-8bc3-2311-e100-00000a388ca5</guid>
                                    <ordinalNumber>10</ordinalNumber>
                                    <okpd2>
                                        <code>28.92</code>
                                        <name>Оборудование для добычи полезных ископаемых подземным и открытым способами и строительства</name>
                                    </okpd2>
                                    <okved2>
                                        <code>28.92</code>
                                        <name>Производство машин и оборудования для добычи полезных ископаемых и строительства</name>
                                    </okved2>
                                    <okei>
                                        <code>839</code>
                                        <name>Комплект</name>
                                    </okei>
                                    <qty>4</qty>
                                </lotItem>
                                <lotItem>
                                    <guid>58ca71c5-8bc3-2311-e100-00000a388ca5</guid>
                                    <ordinalNumber>11</ordinalNumber>
                                    <okpd2>
                                        <code>28.92</code>
                                        <name>Оборудование для добычи полезных ископаемых подземным и открытым способами и строительства</name>
                                    </okpd2>
                                    <okved2>
                                        <code>28.92</code>
                                        <name>Производство машин и оборудования для добычи полезных ископаемых и строительства</name>
                                    </okved2>
                                    <okei>
                                        <code>839</code>
                                        <name>Комплект</name>
                                    </okei>
                                    <qty>4</qty>
                                </lotItem>
                                <lotItem>
                                    <guid>58ca71c6-8bc3-2311-e100-00000a388ca5</guid>
                                    <ordinalNumber>12</ordinalNumber>
                                    <okpd2>
                                        <code>28.92</code>
                                        <name>Оборудование для добычи полезных ископаемых подземным и открытым способами и строительства</name>
                                    </okpd2>
                                    <okved2>
                                        <code>28.92</code>
                                        <name>Производство машин и оборудования для добычи полезных ископаемых и строительства</name>
                                    </okved2>
                                    <okei>
                                        <code>839</code>
                                        <name>Комплект</name>
                                    </okei>
                                    <qty>4</qty>
                                </lotItem>
                                <lotItem>
                                    <guid>58ca71c7-8bc3-2311-e100-00000a388ca5</guid>
                                    <ordinalNumber>13</ordinalNumber>
                                    <okpd2>
                                        <code>28.92</code>
                                        <name>Оборудование для добычи полезных ископаемых подземным и открытым способами и строительства</name>
                                    </okpd2>
                                    <okved2>
                                        <code>28.92</code>
                                        <name>Производство машин и оборудования для добычи полезных ископаемых и строительства</name>
                                    </okved2>
                                    <okei>
                                        <code>839</code>
                                        <name>Комплект</name>
                                    </okei>
                                    <qty>4</qty>
                                </lotItem>
                                <lotItem>
                                    <guid>58ca71c8-8bc3-2311-e100-00000a388ca5</guid>
                                    <ordinalNumber>14</ordinalNumber>
                                    <okpd2>
                                        <code>28.92</code>
                                        <name>Оборудование для добычи полезных ископаемых подземным и открытым способами и строительства</name>
                                    </okpd2>
                                    <okved2>
                                        <code>28.92</code>
                                        <name>Производство машин и оборудования для добычи полезных ископаемых и строительства</name>
                                    </okved2>
                                    <okei>
                                        <code>839</code>
                                        <name>Комплект</name>
                                    </okei>
                                    <qty>4</qty>
                                </lotItem>
                                <lotItem>
                                    <guid>58ca71c9-8bc3-2311-e100-00000a388ca5</guid>
                                    <ordinalNumber>15</ordinalNumber>
                                    <okpd2>
                                        <code>28.92</code>
                                        <name>Оборудование для добычи полезных ископаемых подземным и открытым способами и строительства</name>
                                    </okpd2>
                                    <okved2>
                                        <code>28.92</code>
                                        <name>Производство машин и оборудования для добычи полезных ископаемых и строительства</name>
                                    </okved2>
                                    <okei>
                                        <code>839</code>
                                        <name>Комплект</name>
                                    </okei>
                                    <qty>4</qty>
                                </lotItem>
                                <lotItem>
                                    <guid>58ca71ca-8bc3-2311-e100-00000a388ca5</guid>
                                    <ordinalNumber>16</ordinalNumber>
                                    <okpd2>
                                        <code>28.92</code>
                                        <name>Оборудование для добычи полезных ископаемых подземным и открытым способами и строительства</name>
                                    </okpd2>
                                    <okved2>
                                        <code>28.92</code>
                                        <name>Производство машин и оборудования для добычи полезных ископаемых и строительства</name>
                                    </okved2>
                                    <okei>
                                        <code>839</code>
                                        <name>Комплект</name>
                                    </okei>
                                    <qty>1</qty>
                                </lotItem>
                                <lotItem>
                                    <guid>58ca71cb-8bc3-2311-e100-00000a388ca5</guid>
                                    <ordinalNumber>17</ordinalNumber>
                                    <okpd2>
                                        <code>28.92</code>
                                        <name>Оборудование для добычи полезных ископаемых подземным и открытым способами и строительства</name>
                                    </okpd2>
                                    <okved2>
                                        <code>28.92</code>
                                        <name>Производство машин и оборудования для добычи полезных ископаемых и строительства</name>
                                    </okved2>
                                    <okei>
                                        <code>839</code>
                                        <name>Комплект</name>
                                    </okei>
                                    <qty>1</qty>
                                </lotItem>
                                <lotItem>
                                    <guid>58ca71cc-8bc3-2311-e100-00000a388ca5</guid>
                                    <ordinalNumber>18</ordinalNumber>
                                    <okpd2>
                                        <code>28.92</code>
                                        <name>Оборудование для добычи полезных ископаемых подземным и открытым способами и строительства</name>
                                    </okpd2>
                                    <okved2>
                                        <code>28.92</code>
                                        <name>Производство машин и оборудования для добычи полезных ископаемых и строительства</name>
                                    </okved2>
                                    <okei>
                                        <code>839</code>
                                        <name>Комплект</name>
                                    </okei>
                                    <qty>1</qty>
                                </lotItem>
                                <lotItem>
                                    <guid>58ca71cd-8bc3-2311-e100-00000a388ca5</guid>
                                    <ordinalNumber>19</ordinalNumber>
                                    <okpd2>
                                        <code>28.92</code>
                                        <name>Оборудование для добычи полезных ископаемых подземным и открытым способами и строительства</name>
                                    </okpd2>
                                    <okved2>
                                        <code>28.92</code>
                                        <name>Производство машин и оборудования для добычи полезных ископаемых и строительства</name>
                                    </okved2>
                                    <okei>
                                        <code>839</code>
                                        <name>Комплект</name>
                                    </okei>
                                    <qty>1</qty>
                                </lotItem>
                                <lotItem>
                                    <guid>58ca71ce-8bc3-2311-e100-00000a388ca5</guid>
                                    <ordinalNumber>20</ordinalNumber>
                                    <okpd2>
                                        <code>28.92</code>
                                        <name>Оборудование для добычи полезных ископаемых подземным и открытым способами и строительства</name>
                                    </okpd2>
                                    <okved2>
                                        <code>28.92</code>
                                        <name>Производство машин и оборудования для добычи полезных ископаемых и строительства</name>
                                    </okved2>
                                    <okei>
                                        <code>839</code>
                                        <name>Комплект</name>
                                    </okei>
                                    <qty>1</qty>
                                </lotItem>
                                <lotItem>
                                    <guid>58ca71cf-8bc3-2311-e100-00000a388ca5</guid>
                                    <ordinalNumber>21</ordinalNumber>
                                    <okpd2>
                                        <code>28.92</code>
                                        <name>Оборудование для добычи полезных ископаемых подземным и открытым способами и строительства</name>
                                    </okpd2>
                                    <okved2>
                                        <code>28.92</code>
                                        <name>Производство машин и оборудования для добычи полезных ископаемых и строительства</name>
                                    </okved2>
                                    <okei>
                                        <code>839</code>
                                        <name>Комплект</name>
                                    </okei>
                                    <qty>1</qty>
                                </lotItem>
                                <lotItem>
                                    <guid>58ca71d0-8bc3-2311-e100-00000a388ca5</guid>
                                    <ordinalNumber>22</ordinalNumber>
                                    <okpd2>
                                        <code>28.92</code>
                                        <name>Оборудование для добычи полезных ископаемых подземным и открытым способами и строительства</name>
                                    </okpd2>
                                    <okved2>
                                        <code>28.92</code>
                                        <name>Производство машин и оборудования для добычи полезных ископаемых и строительства</name>
                                    </okved2>
                                    <okei>
                                        <code>839</code>
                                        <name>Комплект</name>
                                    </okei>
                                    <qty>1</qty>
                                </lotItem>
                                <lotItem>
                                    <guid>58ca71d1-8bc3-2311-e100-00000a388ca5</guid>
                                    <ordinalNumber>23</ordinalNumber>
                                    <okpd2>
                                        <code>28.92</code>
                                        <name>Оборудование для добычи полезных ископаемых подземным и открытым способами и строительства</name>
                                    </okpd2>
                                    <okved2>
                                        <code>28.92</code>
                                        <name>Производство машин и оборудования для добычи полезных ископаемых и строительства</name>
                                    </okved2>
                                    <okei>
                                        <code>839</code>
                                        <name>Комплект</name>
                                    </okei>
                                    <qty>1</qty>
                                </lotItem>
                                <lotItem>
                                    <guid>58ca71d2-8bc3-2311-e100-00000a388ca5</guid>
                                    <ordinalNumber>24</ordinalNumber>
                                    <okpd2>
                                        <code>28.92</code>
                                        <name>Оборудование для добычи полезных ископаемых подземным и открытым способами и строительства</name>
                                    </okpd2>
                                    <okved2>
                                        <code>28.92</code>
                                        <name>Производство машин и оборудования для добычи полезных ископаемых и строительства</name>
                                    </okved2>
                                    <okei>
                                        <code>839</code>
                                        <name>Комплект</name>
                                    </okei>
                                    <qty>2</qty>
                                </lotItem>
                                <lotItem>
                                    <guid>58ca71d3-8bc3-2311-e100-00000a388ca5</guid>
                                    <ordinalNumber>25</ordinalNumber>
                                    <okpd2>
                                        <code>28.92</code>
                                        <name>Оборудование для добычи полезных ископаемых подземным и открытым способами и строительства</name>
                                    </okpd2>
                                    <okved2>
                                        <code>28.92</code>
                                        <name>Производство машин и оборудования для добычи полезных ископаемых и строительства</name>
                                    </okved2>
                                    <okei>
                                        <code>839</code>
                                        <name>Комплект</name>
                                    </okei>
                                    <qty>1</qty>
                                </lotItem>
                                <lotItem>
                                    <guid>58ca71d4-8bc3-2311-e100-00000a388ca5</guid>
                                    <ordinalNumber>26</ordinalNumber>
                                    <okpd2>
                                        <code>28.92</code>
                                        <name>Оборудование для добычи полезных ископаемых подземным и открытым способами и строительства</name>
                                    </okpd2>
                                    <okved2>
                                        <code>28.92</code>
                                        <name>Производство машин и оборудования для добычи полезных ископаемых и строительства</name>
                                    </okved2>
                                    <okei>
                                        <code>839</code>
                                        <name>Комплект</name>
                                    </okei>
                                    <qty>1</qty>
                                </lotItem>
                                <lotItem>
                                    <guid>58ca71d5-8bc3-2311-e100-00000a388ca5</guid>
                                    <ordinalNumber>27</ordinalNumber>
                                    <okpd2>
                                        <code>28.92</code>
                                        <name>Оборудование для добычи полезных ископаемых подземным и открытым способами и строительства</name>
                                    </okpd2>
                                    <okved2>
                                        <code>28.92</code>
                                        <name>Производство машин и оборудования для добычи полезных ископаемых и строительства</name>
                                    </okved2>
                                    <okei>
                                        <code>839</code>
                                        <name>Комплект</name>
                                    </okei>
                                    <qty>1</qty>
                                </lotItem>
                                <lotItem>
                                    <guid>58ca71d6-8bc3-2311-e100-00000a388ca5</guid>
                                    <ordinalNumber>28</ordinalNumber>
                                    <okpd2>
                                        <code>28.92</code>
                                        <name>Оборудование для добычи полезных ископаемых подземным и открытым способами и строительства</name>
                                    </okpd2>
                                    <okved2>
                                        <code>28.92</code>
                                        <name>Производство машин и оборудования для добычи полезных ископаемых и строительства</name>
                                    </okved2>
                                    <okei>
                                        <code>839</code>
                                        <name>Комплект</name>
                                    </okei>
                                    <qty>3</qty>
                                </lotItem>
                                <lotItem>
                                    <guid>58ca71d7-8bc3-2311-e100-00000a388ca5</guid>
                                    <ordinalNumber>29</ordinalNumber>
                                    <okpd2>
                                        <code>28.92</code>
                                        <name>Оборудование для добычи полезных ископаемых подземным и открытым способами и строительства</name>
                                    </okpd2>
                                    <okved2>
                                        <code>28.92</code>
                                        <name>Производство машин и оборудования для добычи полезных ископаемых и строительства</name>
                                    </okved2>
                                    <okei>
                                        <code>839</code>
                                        <name>Комплект</name>
                                    </okei>
                                    <qty>2</qty>
                                </lotItem>
                                <lotItem>
                                    <guid>58ca71d8-8bc3-2311-e100-00000a388ca5</guid>
                                    <ordinalNumber>30</ordinalNumber>
                                    <okpd2>
                                        <code>28.92</code>
                                        <name>Оборудование для добычи полезных ископаемых подземным и открытым способами и строительства</name>
                                    </okpd2>
                                    <okved2>
                                        <code>28.92</code>
                                        <name>Производство машин и оборудования для добычи полезных ископаемых и строительства</name>
                                    </okved2>
                                    <okei>
                                        <code>839</code>
                                        <name>Комплект</name>
                                    </okei>
                                    <qty>1</qty>
                                </lotItem>
                                <lotItem>
                                    <guid>58ca71d9-8bc3-2311-e100-00000a388ca5</guid>
                                    <ordinalNumber>31</ordinalNumber>
                                    <okpd2>
                                        <code>28.92</code>
                                        <name>Оборудование для добычи полезных ископаемых подземным и открытым способами и строительства</name>
                                    </okpd2>
                                    <okved2>
                                        <code>28.92</code>
                                        <name>Производство машин и оборудования для добычи полезных ископаемых и строительства</name>
                                    </okved2>
                                    <okei>
                                        <code>839</code>
                                        <name>Комплект</name>
                                    </okei>
                                    <qty>1</qty>
                                </lotItem>
                                <lotItem>
                                    <guid>58ca71da-8bc3-2311-e100-00000a388ca5</guid>
                                    <ordinalNumber>32</ordinalNumber>
                                    <okpd2>
                                        <code>28.92</code>
                                        <name>Оборудование для добычи полезных ископаемых подземным и открытым способами и строительства</name>
                                    </okpd2>
                                    <okved2>
                                        <code>28.92</code>
                                        <name>Производство машин и оборудования для добычи полезных ископаемых и строительства</name>
                                    </okved2>
                                    <okei>
                                        <code>839</code>
                                        <name>Комплект</name>
                                    </okei>
                                    <qty>5</qty>
                                </lotItem>
                                <lotItem>
                                    <guid>58ca71db-8bc3-2311-e100-00000a388ca5</guid>
                                    <ordinalNumber>33</ordinalNumber>
                                    <okpd2>
                                        <code>28.92</code>
                                        <name>Оборудование для добычи полезных ископаемых подземным и открытым способами и строительства</name>
                                    </okpd2>
                                    <okved2>
                                        <code>28.92</code>
                                        <name>Производство машин и оборудования для добычи полезных ископаемых и строительства</name>
                                    </okved2>
                                    <okei>
                                        <code>839</code>
                                        <name>Комплект</name>
                                    </okei>
                                    <qty>5</qty>
                                </lotItem>
                                <lotItem>
                                    <guid>58ca71dc-8bc3-2311-e100-00000a388ca5</guid>
                                    <ordinalNumber>34</ordinalNumber>
                                    <okpd2>
                                        <code>28.92</code>
                                        <name>Оборудование для добычи полезных ископаемых подземным и открытым способами и строительства</name>
                                    </okpd2>
                                    <okved2>
                                        <code>28.92</code>
                                        <name>Производство машин и оборудования для добычи полезных ископаемых и строительства</name>
                                    </okved2>
                                    <okei>
                                        <code>839</code>
                                        <name>Комплект</name>
                                    </okei>
                                    <qty>5</qty>
                                </lotItem>
                                <lotItem>
                                    <guid>58ca71dd-8bc3-2311-e100-00000a388ca5</guid>
                                    <ordinalNumber>35</ordinalNumber>
                                    <okpd2>
                                        <code>28.92</code>
                                        <name>Оборудование для добычи полезных ископаемых подземным и открытым способами и строительства</name>
                                    </okpd2>
                                    <okved2>
                                        <code>28.92</code>
                                        <name>Производство машин и оборудования для добычи полезных ископаемых и строительства</name>
                                    </okved2>
                                    <okei>
                                        <code>839</code>
                                        <name>Комплект</name>
                                    </okei>
                                    <qty>5</qty>
                                </lotItem>
                                <lotItem>
                                    <guid>58ca71de-8bc3-2311-e100-00000a388ca5</guid>
                                    <ordinalNumber>36</ordinalNumber>
                                    <okpd2>
                                        <code>28.92</code>
                                        <name>Оборудование для добычи полезных ископаемых подземным и открытым способами и строительства</name>
                                    </okpd2>
                                    <okved2>
                                        <code>28.92</code>
                                        <name>Производство машин и оборудования для добычи полезных ископаемых и строительства</name>
                                    </okved2>
                                    <okei>
                                        <code>839</code>
                                        <name>Комплект</name>
                                    </okei>
                                    <qty>5</qty>
                                </lotItem>
                                <lotItem>
                                    <guid>58ca71df-8bc3-2311-e100-00000a388ca5</guid>
                                    <ordinalNumber>37</ordinalNumber>
                                    <okpd2>
                                        <code>28.92</code>
                                        <name>Оборудование для добычи полезных ископаемых подземным и открытым способами и строительства</name>
                                    </okpd2>
                                    <okved2>
                                        <code>28.92</code>
                                        <name>Производство машин и оборудования для добычи полезных ископаемых и строительства</name>
                                    </okved2>
                                    <okei>
                                        <code>839</code>
                                        <name>Комплект</name>
                                    </okei>
                                    <qty>5</qty>
                                </lotItem>
                                <lotItem>
                                    <guid>58ca71e0-8bc3-2311-e100-00000a388ca5</guid>
                                    <ordinalNumber>38</ordinalNumber>
                                    <okpd2>
                                        <code>28.92</code>
                                        <name>Оборудование для добычи полезных ископаемых подземным и открытым способами и строительства</name>
                                    </okpd2>
                                    <okved2>
                                        <code>28.92</code>
                                        <name>Производство машин и оборудования для добычи полезных ископаемых и строительства</name>
                                    </okved2>
                                    <okei>
                                        <code>839</code>
                                        <name>Комплект</name>
                                    </okei>
                                    <qty>1</qty>
                                </lotItem>
                                <lotItem>
                                    <guid>58ca71e1-8bc3-2311-e100-00000a388ca5</guid>
                                    <ordinalNumber>39</ordinalNumber>
                                    <okpd2>
                                        <code>28.92</code>
                                        <name>Оборудование для добычи полезных ископаемых подземным и открытым способами и строительства</name>
                                    </okpd2>
                                    <okved2>
                                        <code>28.92</code>
                                        <name>Производство машин и оборудования для добычи полезных ископаемых и строительства</name>
                                    </okved2>
                                    <okei>
                                        <code>839</code>
                                        <name>Комплект</name>
                                    </okei>
                                    <qty>1</qty>
                                </lotItem>
                                <lotItem>
                                    <guid>58ca71e2-8bc3-2311-e100-00000a388ca5</guid>
                                    <ordinalNumber>40</ordinalNumber>
                                    <okpd2>
                                        <code>28.92</code>
                                        <name>Оборудование для добычи полезных ископаемых подземным и открытым способами и строительства</name>
                                    </okpd2>
                                    <okved2>
                                        <code>28.92</code>
                                        <name>Производство машин и оборудования для добычи полезных ископаемых и строительства</name>
                                    </okved2>
                                    <okei>
                                        <code>839</code>
                                        <name>Комплект</name>
                                    </okei>
                                    <qty>1</qty>
                                </lotItem>
                                <lotItem>
                                    <guid>58ca71e3-8bc3-2311-e100-00000a388ca5</guid>
                                    <ordinalNumber>41</ordinalNumber>
                                    <okpd2>
                                        <code>28.92</code>
                                        <name>Оборудование для добычи полезных ископаемых подземным и открытым способами и строительства</name>
                                    </okpd2>
                                    <okved2>
                                        <code>28.92</code>
                                        <name>Производство машин и оборудования для добычи полезных ископаемых и строительства</name>
                                    </okved2>
                                    <okei>
                                        <code>839</code>
                                        <name>Комплект</name>
                                    </okei>
                                    <qty>1</qty>
                                </lotItem>
                                <lotItem>
                                    <guid>58ca71e4-8bc3-2311-e100-00000a388ca5</guid>
                                    <ordinalNumber>42</ordinalNumber>
                                    <okpd2>
                                        <code>28.92</code>
                                        <name>Оборудование для добычи полезных ископаемых подземным и открытым способами и строительства</name>
                                    </okpd2>
                                    <okved2>
                                        <code>28.92</code>
                                        <name>Производство машин и оборудования для добычи полезных ископаемых и строительства</name>
                                    </okved2>
                                    <okei>
                                        <code>796</code>
                                        <name>Штука</name>
                                    </okei>
                                    <qty>19</qty>
                                </lotItem>
                                <lotItem>
                                    <guid>58ca71e5-8bc3-2311-e100-00000a388ca5</guid>
                                    <ordinalNumber>43</ordinalNumber>
                                    <okpd2>
                                        <code>28.92</code>
                                        <name>Оборудование для добычи полезных ископаемых подземным и открытым способами и строительства</name>
                                    </okpd2>
                                    <okved2>
                                        <code>28.92</code>
                                        <name>Производство машин и оборудования для добычи полезных ископаемых и строительства</name>
                                    </okved2>
                                    <okei>
                                        <code>796</code>
                                        <name>Штука</name>
                                    </okei>
                                    <qty>19</qty>
                                </lotItem>
                                <lotItem>
                                    <guid>58ca71e6-8bc3-2311-e100-00000a388ca5</guid>
                                    <ordinalNumber>44</ordinalNumber>
                                    <okpd2>
                                        <code>28.92</code>
                                        <name>Оборудование для добычи полезных ископаемых подземным и открытым способами и строительства</name>
                                    </okpd2>
                                    <okved2>
                                        <code>28.92</code>
                                        <name>Производство машин и оборудования для добычи полезных ископаемых и строительства</name>
                                    </okved2>
                                    <okei>
                                        <code>796</code>
                                        <name>Штука</name>
                                    </okei>
                                    <qty>8</qty>
                                </lotItem>
                                <lotItem>
                                    <guid>58ca71e7-8bc3-2311-e100-00000a388ca5</guid>
                                    <ordinalNumber>45</ordinalNumber>
                                    <okpd2>
                                        <code>28.92</code>
                                        <name>Оборудование для добычи полезных ископаемых подземным и открытым способами и строительства</name>
                                    </okpd2>
                                    <okved2>
                                        <code>28.92</code>
                                        <name>Производство машин и оборудования для добычи полезных ископаемых и строительства</name>
                                    </okved2>
                                    <okei>
                                        <code>796</code>
                                        <name>Штука</name>
                                    </okei>
                                    <qty>8</qty>
                                </lotItem>
                            </lotItems>
                            <forSmallOrMiddle>false</forSmallOrMiddle>
                            <excludePurchaseFromPlan>false</excludePurchaseFromPlan>
                            <subcontractorsRequirement>false</subcontractorsRequirement>
                            <ignoredPurchase>false</ignoredPurchase>
                            <centralized>false</centralized>
                        </lotData>
                        <deliveryPlaceIndication>GL</deliveryPlaceIndication>
                        <jointLotData>
                            <jointLot>false</jointLot>
                        </jointLotData>
                        <lotPlanInfo>
                            <planRegistrationNumber>2160195932</planRegistrationNumber>
                            <planGuid>65f8f22d-8916-44d2-86c6-876ac125ccf2</planGuid>
                            <positionNumber>187</positionNumber>
                            <lotPlanPosition>COMMODITY</lotPlanPosition>
                            <positionGuid>58c85228-ff2b-1e0d-e100-00000a388ca6</positionGuid>
                        </lotPlanInfo>
                        <cancelled>false</cancelled>
                    </lot>
                </ns2:lots>
            </ns2:purchaseNoticeEPData>
        </ns2:item>
    </ns2:body>
</ns2:purchaseNoticeEP>
