<?xml version="1.0" encoding="UTF-8" standalone="yes"?>
<ns2:purchaseNoticeEP xsi:schemaLocation="http://zakupki.gov.ru/223/integration/schema/TFF-5.2 http://zakupki.gov.ru/223/integration/schema/TFF-5.2/purchase.xsd" xmlns="http://zakupki.gov.ru/223fz/types/1" xmlns:ns10="http://zakupki.gov.ru/223fz/purchasePlan/1" xmlns:ns11="http://zakupki.gov.ru/223fz/purchasePlanProject/1" xmlns:ns12="http://zakupki.gov.ru/223fz/purchasePlanProjectAdditionalPosition/1" xmlns:ns13="http://zakupki.gov.ru/223fz/contract/1" xmlns:ns14="http://zakupki.gov.ru/223fz/missedNotice/1" xmlns:ns15="http://zakupki.gov.ru/223fz/reference/1" xmlns:ns16="http://zakupki.gov.ru/223fz/stopCommodity/1" xmlns:ns17="http://zakupki.gov.ru/223fz/decisionSuspension/1" xmlns:ns18="http://zakupki.gov.ru/223fz/purchasePlanAdditionalPosition/1" xmlns:ns19="http://zakupki.gov.ru/223fz/webRequest/1" xmlns:ns2="http://zakupki.gov.ru/223fz/purchase/1" xmlns:xsi="http://www.w3.org/2001/XMLSchema-instance" xmlns:ns3="http://zakupki.gov.ru/223fz/dishonestSupplier/1" xmlns:ns4="http://zakupki.gov.ru/223fz/machineryListInfo/1" xmlns:ns5="http://zakupki.gov.ru/223fz/revenue/1" xmlns:ns6="http://zakupki.gov.ru/223fz/orderClauseList/1" xmlns:ns7="http://zakupki.gov.ru/223fz/disagreementProtocol/1" xmlns:ns8="http://zakupki.gov.ru/223fz/complaint/1" xmlns:ns9="http://zakupki.gov.ru/223fz/notificationIssue/1">
    <header>
        <guid>ab13e727-25b1-4ab6-bcc1-551a6a07b1c8</guid>
        <createDateTime>2017-03-16T10:26:48</createDateTime>
    </header>
    <ns2:body>
        <ns2:item>
            <guid>6afd3374-5059-4722-b723-4bcc3b6de67a</guid>
            <ns2:purchaseNoticeEPData>
                <ns2:guid>6afd3374-5059-4722-b723-4bcc3b6de67a</ns2:guid>
                <ns2:createDateTime>2017-03-16T10:15:32</ns2:createDateTime>
                <ns2:urlOOS>https://zakupki.gov.ru/223/purchase/private/purchase/notice-info/details.html?noticeInfoId=5883280</ns2:urlOOS>
                <ns2:registrationNumber>31704895895</ns2:registrationNumber>
                <ns2:name>Организация церемонии открытия выставки "Красавец мужчина"</ns2:name>
                <ns2:customer>
                    <mainInfo>
                        <fullName>ФЕДЕРАЛЬНОЕ ГОСУДАРСТВЕННОЕ БЮДЖЕТНОЕ УЧРЕЖДЕНИЕ КУЛЬТУРЫ "ГОСУДАРСТВЕННЫЙ ИСТОРИЧЕСКИЙ МУЗЕЙ"</fullName>
                        <shortName>ИСТОРИЧЕСКИЙ МУЗЕЙ</shortName>
                        <iko>87704060908771001001</iko>
                        <inn>7704060908</inn>
                        <kpp>771001001</kpp>
                        <ogrn>1037700093881</ogrn>
                        <legalAddress>109012, Г МОСКВА, ПЛ КРАСНАЯ, дом 1</legalAddress>
                        <postalAddress>109012, г. Москва, Красная площадь, д.1</postalAddress>
                        <phone>7-495-6925425</phone>
                        <email>nikolaeva@shm.ru</email>
                        <okato>45286585000</okato>
                        <okpo>02194818</okpo>
                    </mainInfo>
                </ns2:customer>
                <ns2:purchaseMethodCode>3363</ns2:purchaseMethodCode>
                <ns2:purchaseCodeName>Закупка у единственного поставщика (исполнителя, подрядчика)</ns2:purchaseCodeName>
                <ns2:placer>
                    <mainInfo>
                        <fullName>ФЕДЕРАЛЬНОЕ ГОСУДАРСТВЕННОЕ БЮДЖЕТНОЕ УЧРЕЖДЕНИЕ КУЛЬТУРЫ "ГОСУДАРСТВЕННЫЙ ИСТОРИЧЕСКИЙ МУЗЕЙ"</fullName>
                        <shortName>ИСТОРИЧЕСКИЙ МУЗЕЙ</shortName>
                        <iko>87704060908771001001</iko>
                        <inn>7704060908</inn>
                        <kpp>771001001</kpp>
                        <ogrn>1037700093881</ogrn>
                        <legalAddress>109012, Г МОСКВА, ПЛ КРАСНАЯ, дом 1</legalAddress>
                        <postalAddress>109012, г. Москва, Красная площадь, д.1</postalAddress>
                        <phone>7-495-6925425</phone>
                        <email>nikolaeva@shm.ru</email>
                        <okato>45286585000</okato>
                        <okpo>02194818</okpo>
                    </mainInfo>
                </ns2:placer>
                <ns2:contact>
                    <phone>+8 (495) 6925565</phone>
                    <email>nikolaeva@shm.ru</email>
                    <organization>
                        <mainInfo>
                            <fullName>ФЕДЕРАЛЬНОЕ ГОСУДАРСТВЕННОЕ БЮДЖЕТНОЕ УЧРЕЖДЕНИЕ КУЛЬТУРЫ "ГОСУДАРСТВЕННЫЙ ИСТОРИЧЕСКИЙ МУЗЕЙ"</fullName>
                            <shortName>ИСТОРИЧЕСКИЙ МУЗЕЙ</shortName>
                            <iko>87704060908771001001</iko>
                            <inn>7704060908</inn>
                            <kpp>771001001</kpp>
                            <ogrn>1037700093881</ogrn>
                            <legalAddress>109012, Г МОСКВА, ПЛ КРАСНАЯ, дом 1</legalAddress>
                            <postalAddress>109012, г. Москва, Красная площадь, д.1</postalAddress>
                            <phone>7-495-6925425</phone>
                            <email>nikolaeva@shm.ru</email>
                            <okato>45286585000</okato>
                            <okpo>02194818</okpo>
                        </mainInfo>
                    </organization>
                </ns2:contact>
                <ns2:publicationDateTime>2017-03-16T10:26:48</ns2:publicationDateTime>
                <ns2:documentationDelivery/>
                <ns2:status>P</ns2:status>
                <ns2:version>1</ns2:version>
                <ns2:notDishonest>false</ns2:notDishonest>
                <ns2:attachments>
                    <totalDocumentsCount>4</totalDocumentsCount>
                    <document>
                        <guid>25e65b7a-0909-4cab-a01a-2106dd604ec8</guid>
                        <createDateTime>2017-03-16T10:24:21</createDateTime>
                        <fileName>заявка красавец открытие.doc</fileName>
                        <description>заявка красавец открытие</description>
                        <url>http://zakupki.gov.ru/223/purchase/public/download/download.html?id=30096546</url>
                    </document>
                    <document>
                        <guid>d63eb52e-1a85-4c5e-bc85-db606488a660</guid>
                        <createDateTime>2017-03-16T10:24:34</createDateTime>
                        <fileName>тз красавец открытие.doc</fileName>
                        <description>тз красавец открытие</description>
                        <url>http://zakupki.gov.ru/223/purchase/public/download/download.html?id=30096565</url>
                    </document>
                    <document>
                        <guid>76caa049-6df5-4c96-85c2-9fa862b1ed92</guid>
                        <createDateTime>2017-03-16T10:24:25</createDateTime>
                        <fileName>Извещение+документация.doc</fileName>
                        <description>Извещение+документация</description>
                        <url>http://zakupki.gov.ru/223/purchase/public/download/download.html?id=30096550</url>
                    </document>
                    <document>
                        <guid>70ff0a48-2e90-4d44-9e23-13f7d60cdee2</guid>
                        <createDateTime>2017-03-16T10:24:30</createDateTime>
                        <fileName>Контракт 223. Услуга. ЕП-церемония откр.финиш.doc</fileName>
                        <description>Контракт 223. Услуга. ЕП-церемония откр.финиш</description>
                        <url>http://zakupki.gov.ru/223/purchase/public/download/download.html?id=30096558</url>
                    </document>
                </ns2:attachments>
                <ns2:modificationDate>2017-03-16T10:26:48</ns2:modificationDate>
                <ns2:saveUserId>213492</ns2:saveUserId>
                <ns2:deliveryPlaceIndication>DIFFERENT_PLACE</ns2:deliveryPlaceIndication>
                <ns2:emergency>false</ns2:emergency>
                <ns2:jointPurchase>false</ns2:jointPurchase>
                <ns2:lots>
                    <lot>
                        <guid>4ad69d31-2dca-49c6-b077-78e166042f05</guid>
                        <ordinalNumber>1</ordinalNumber>
                        <lotEditEnabled>false</lotEditEnabled>
                        <lotData>
                            <subject>Организация церемонии открытия выставки "Красавец мужчина"</subject>
                            <currency>
                                <code>RUB</code>
                                <digitalCode>643</digitalCode>
                                <name>Российский рубль</name>
                            </currency>
                            <initialSum>201647.25</initialSum>
                            <deliveryPlace>
                                <state>Центральный федеральный округ</state>
                                <region>Москва</region>
                                <regionOkato>45000000000</regionOkato>
                                <address>Площадь революции 2/3</address>
                            </deliveryPlace>
                            <lotItems>
                                <newCodes>true</newCodes>
                                <lotItem>
                                    <guid>70628d5e-7b51-44d7-af90-1e80e3bd920d</guid>
                                    <ordinalNumber>1</ordinalNumber>
                                    <okpd2>
                                        <code>56.10.19.119</code>
                                        <name>Услуги прочих предприятий быстрого питания без предоставления мест для сидения</name>
                                    </okpd2>
                                    <okved2>
                                        <code>56.10.1</code>
                                        <name>Деятельность ресторанов и кафе с полным ресторанным обслуживанием, кафетериев, ресторанов быстрого питания и самообслуживания</name>
                                    </okved2>
                                    <okei>
                                        <code>876</code>
                                        <name>Условная единица</name>
                                    </okei>
                                    <qty>1</qty>
                                </lotItem>
                            </lotItems>
                            <forSmallOrMiddle>false</forSmallOrMiddle>
                            <excludePurchaseFromPlan>false</excludePurchaseFromPlan>
                            <subcontractorsRequirement>false</subcontractorsRequirement>
                            <ignoredPurchase>false</ignoredPurchase>
                            <centralized>false</centralized>
                        </lotData>
                        <deliveryPlaceIndication>GL</deliveryPlaceIndication>
                        <jointLotData>
                            <jointLot>false</jointLot>
                        </jointLotData>
                        <lotPlanInfo>
                            <planRegistrationNumber>2160213144</planRegistrationNumber>
                            <planGuid>031e64ab-5471-4c64-9a1b-d5bd283ce2c6</planGuid>
                            <positionNumber>42</positionNumber>
                            <lotPlanPosition>COMMODITY</lotPlanPosition>
                            <positionGuid>68a62441-d959-432f-97cf-2cbb56687dce</positionGuid>
                        </lotPlanInfo>
                        <cancelled>false</cancelled>
                    </lot>
                </ns2:lots>
            </ns2:purchaseNoticeEPData>
        </ns2:item>
    </ns2:body>
</ns2:purchaseNoticeEP>
