<?xml version="1.0" encoding="UTF-8" standalone="yes"?>
<ns2:purchaseNoticeEP xsi:schemaLocation="http://zakupki.gov.ru/223/integration/schema/TFF-5.2 http://zakupki.gov.ru/223/integration/schema/TFF-5.2/purchase.xsd" xmlns="http://zakupki.gov.ru/223fz/types/1" xmlns:ns10="http://zakupki.gov.ru/223fz/purchasePlan/1" xmlns:ns11="http://zakupki.gov.ru/223fz/purchasePlanProject/1" xmlns:ns12="http://zakupki.gov.ru/223fz/purchasePlanProjectAdditionalPosition/1" xmlns:ns13="http://zakupki.gov.ru/223fz/contract/1" xmlns:ns14="http://zakupki.gov.ru/223fz/missedNotice/1" xmlns:ns15="http://zakupki.gov.ru/223fz/reference/1" xmlns:ns16="http://zakupki.gov.ru/223fz/stopCommodity/1" xmlns:ns17="http://zakupki.gov.ru/223fz/decisionSuspension/1" xmlns:ns18="http://zakupki.gov.ru/223fz/purchasePlanAdditionalPosition/1" xmlns:ns19="http://zakupki.gov.ru/223fz/webRequest/1" xmlns:ns2="http://zakupki.gov.ru/223fz/purchase/1" xmlns:xsi="http://www.w3.org/2001/XMLSchema-instance" xmlns:ns3="http://zakupki.gov.ru/223fz/dishonestSupplier/1" xmlns:ns4="http://zakupki.gov.ru/223fz/machineryListInfo/1" xmlns:ns5="http://zakupki.gov.ru/223fz/revenue/1" xmlns:ns6="http://zakupki.gov.ru/223fz/orderClauseList/1" xmlns:ns7="http://zakupki.gov.ru/223fz/disagreementProtocol/1" xmlns:ns8="http://zakupki.gov.ru/223fz/complaint/1" xmlns:ns9="http://zakupki.gov.ru/223fz/notificationIssue/1">
    <header>
        <guid>eec4b0e6-5b84-442d-8dbc-a1102ed64f1c</guid>
        <createDateTime>2017-03-16T13:16:19</createDateTime>
    </header>
    <ns2:body>
        <ns2:item>
            <guid>9cd6289a-c6ee-4f05-9c38-9fa178006ac0</guid>
            <ns2:purchaseNoticeEPData>
                <ns2:guid>9cd6289a-c6ee-4f05-9c38-9fa178006ac0</ns2:guid>
                <ns2:createDateTime>2017-03-16T10:32:02</ns2:createDateTime>
                <ns2:urlOOS>https://zakupki.gov.ru/223/purchase/private/purchase/notice-info/details.html?noticeInfoId=5883498</ns2:urlOOS>
                <ns2:registrationNumber>31704897322</ns2:registrationNumber>
                <ns2:name>Услуги по разгрузке оборудования вилочным погрузчиком.</ns2:name>
                <ns2:customer>
                    <mainInfo>
                        <fullName>ФЕДЕРАЛЬНОЕ ГОСУДАРСТВЕННОЕ УНИТАРНОЕ ПРЕДПРИЯТИЕ "ПРОИЗВОДСТВЕННО-ПРОМЫШЛЕННЫЙ ДОМ" ФЕДЕРАЛЬНОЙ СЛУЖБЫ ИСПОЛНЕНИЯ НАКАЗАНИЙ</fullName>
                        <shortName>ФГУП "ПРОИЗВОДСТВЕННО-ПРОМЫШЛЕННЫЙ ДОМ" ФСИН РОССИИ</shortName>
                        <iko>52634011006770101001</iko>
                        <inn>2634011006</inn>
                        <kpp>770101001</kpp>
                        <ogrn>1022601954891</ogrn>
                        <legalAddress>105005, Г МОСКВА, ПЕР БРИГАДИРСКИЙ, дом ДОМ 12</legalAddress>
                        <postalAddress>129343, Москва Город, Серебрякова Проезд, дом 14, строение 15</postalAddress>
                        <phone>8-495-1340895</phone>
                        <email>ppd@fsin.su</email>
                        <okato>45286555000</okato>
                        <okpo>08551260</okpo>
                    </mainInfo>
                </ns2:customer>
                <ns2:purchaseMethodCode>3363</ns2:purchaseMethodCode>
                <ns2:purchaseCodeName>Закупка у единственного поставщика (исполнителя, подрядчика)</ns2:purchaseCodeName>
                <ns2:placer>
                    <mainInfo>
                        <fullName>ФЕДЕРАЛЬНОЕ ГОСУДАРСТВЕННОЕ УНИТАРНОЕ ПРЕДПРИЯТИЕ "ПРОИЗВОДСТВЕННО-ПРОМЫШЛЕННЫЙ ДОМ" ФЕДЕРАЛЬНОЙ СЛУЖБЫ ИСПОЛНЕНИЯ НАКАЗАНИЙ</fullName>
                        <shortName>ФГУП "ПРОИЗВОДСТВЕННО-ПРОМЫШЛЕННЫЙ ДОМ" ФСИН РОССИИ</shortName>
                        <iko>52634011006770101001</iko>
                        <inn>2634011006</inn>
                        <kpp>770101001</kpp>
                        <ogrn>1022601954891</ogrn>
                        <legalAddress>105005, Г МОСКВА, ПЕР БРИГАДИРСКИЙ, дом ДОМ 12</legalAddress>
                        <postalAddress>129343, Москва Город, Серебрякова Проезд, дом 14, строение 15</postalAddress>
                        <phone>8-495-1340895</phone>
                        <email>ppd@fsin.su</email>
                        <okato>45286555000</okato>
                        <okpo>08551260</okpo>
                    </mainInfo>
                </ns2:placer>
                <ns2:contact>
                    <firstName>Румия</firstName>
                    <middleName>Алиевна</middleName>
                    <lastName>Широкова</lastName>
                    <phone>+7 (495) 1340895</phone>
                    <email>shirokova@ppd-fsin.ru</email>
                    <organization>
                        <mainInfo>
                            <fullName>ФЕДЕРАЛЬНОЕ ГОСУДАРСТВЕННОЕ УНИТАРНОЕ ПРЕДПРИЯТИЕ "ПРОИЗВОДСТВЕННО-ПРОМЫШЛЕННЫЙ ДОМ" ФЕДЕРАЛЬНОЙ СЛУЖБЫ ИСПОЛНЕНИЯ НАКАЗАНИЙ</fullName>
                            <shortName>ФГУП "ПРОИЗВОДСТВЕННО-ПРОМЫШЛЕННЫЙ ДОМ" ФСИН РОССИИ</shortName>
                            <iko>52634011006770101001</iko>
                            <inn>2634011006</inn>
                            <kpp>770101001</kpp>
                            <ogrn>1022601954891</ogrn>
                            <legalAddress>105005, Г МОСКВА, ПЕР БРИГАДИРСКИЙ, дом ДОМ 12</legalAddress>
                            <postalAddress>129343, Москва Город, Серебрякова Проезд, дом 14, строение 15</postalAddress>
                            <phone>8-495-1340895</phone>
                            <email>ppd@fsin.su</email>
                            <okato>45286555000</okato>
                            <okpo>08551260</okpo>
                        </mainInfo>
                    </organization>
                </ns2:contact>
                <ns2:publicationDateTime>2017-03-16T13:16:19</ns2:publicationDateTime>
                <ns2:documentationDelivery>
                    <deliveryStartDateTime>2017-03-16</deliveryStartDateTime>
                    <deliveryEndDateTime>2017-03-17</deliveryEndDateTime>
                    <place>Москва, Серебрякова проезд, дом 14, стр.15</place>
                    <procedure>по запросу</procedure>
                </ns2:documentationDelivery>
                <ns2:status>P</ns2:status>
                <ns2:version>1</ns2:version>
                <ns2:notDishonest>false</ns2:notDishonest>
                <ns2:attachments>
                    <totalDocumentsCount>2</totalDocumentsCount>
                    <document>
                        <guid>9d6fadfa-b7cd-4566-aa69-7a60039ca2ed</guid>
                        <createDateTime>2017-03-16T12:59:46</createDateTime>
                        <fileName>Извещение.docx</fileName>
                        <description>Извещение</description>
                        <url>http://zakupki.gov.ru/223/purchase/public/download/download.html?id=30104960</url>
                    </document>
                    <document>
                        <guid>90eb3f58-efd9-4068-8b55-5fae51fd2429</guid>
                        <createDateTime>2017-03-16T13:15:04</createDateTime>
                        <fileName>Договор-счет (630).xls</fileName>
                        <description>Договор-счет (630)</description>
                        <url>http://zakupki.gov.ru/223/purchase/public/download/download.html?id=30105582</url>
                    </document>
                </ns2:attachments>
                <ns2:modificationDate>2017-03-16T13:16:19</ns2:modificationDate>
                <ns2:saveUserId>221487</ns2:saveUserId>
                <ns2:deliveryPlaceIndication>SINGLE_PLACE</ns2:deliveryPlaceIndication>
                <ns2:emergency>false</ns2:emergency>
                <ns2:jointPurchase>false</ns2:jointPurchase>
                <ns2:lots>
                    <lot>
                        <guid>a7d2a56a-aca9-40b2-aa67-8a8f977f313f</guid>
                        <ordinalNumber>1</ordinalNumber>
                        <lotEditEnabled>false</lotEditEnabled>
                        <lotData>
                            <subject>Услуги по разгрузке оборудования вилочным погрузчиком. </subject>
                            <currency>
                                <code>RUB</code>
                                <digitalCode>643</digitalCode>
                                <name>Российский рубль</name>
                            </currency>
                            <initialSum>28600.00</initialSum>
                            <deliveryPlace>
                                <state>Центральный федеральный округ</state>
                                <region>Москва</region>
                                <regionOkato>45000000000</regionOkato>
                                <address>г. Зеленоград, ул. Панфилова, 21</address>
                            </deliveryPlace>
                            <lotItems>
                                <newCodes>true</newCodes>
                                <lotItem>
                                    <guid>fd8bb06c-649a-4b42-973a-edcb37a55a36</guid>
                                    <ordinalNumber>1</ordinalNumber>
                                    <okpd2>
                                        <code>52.24</code>
                                        <name>Услуги по обработке грузов</name>
                                    </okpd2>
                                    <okved2>
                                        <code>52.24.2</code>
                                        <name>Транспортная обработка прочих грузов</name>
                                    </okved2>
                                    <okei>
                                        <code>847</code>
                                        <name>Тонна 90%-го сухого вещества</name>
                                    </okei>
                                    <qty>5</qty>
                                </lotItem>
                            </lotItems>
                            <forSmallOrMiddle>false</forSmallOrMiddle>
                            <excludePurchaseFromPlan>false</excludePurchaseFromPlan>
                            <subcontractorsRequirement>false</subcontractorsRequirement>
                            <ignoredPurchase>false</ignoredPurchase>
                            <centralized>false</centralized>
                        </lotData>
                        <deliveryPlaceIndication>GL</deliveryPlaceIndication>
                        <jointLotData>
                            <jointLot>false</jointLot>
                        </jointLotData>
                        <lotPlanInfo>
                            <planRegistrationNumber>2160177733</planRegistrationNumber>
                            <planGuid>3a6d8a8d-f20f-4990-a935-fe05d1daee02</planGuid>
                            <positionNumber>60</positionNumber>
                            <lotPlanPosition>COMMODITY</lotPlanPosition>
                            <positionGuid>77ea1ddc-965a-4d61-b219-91ad859fd036</positionGuid>
                        </lotPlanInfo>
                        <cancelled>false</cancelled>
                    </lot>
                </ns2:lots>
            </ns2:purchaseNoticeEPData>
        </ns2:item>
    </ns2:body>
</ns2:purchaseNoticeEP>
