<?xml version="1.0" encoding="UTF-8" standalone="yes"?>
<ns2:purchaseNoticeEP xsi:schemaLocation="http://zakupki.gov.ru/223/integration/schema/TFF-5.2 http://zakupki.gov.ru/223/integration/schema/TFF-5.2/purchase.xsd" xmlns="http://zakupki.gov.ru/223fz/types/1" xmlns:ns10="http://zakupki.gov.ru/223fz/purchasePlan/1" xmlns:ns11="http://zakupki.gov.ru/223fz/purchasePlanProject/1" xmlns:ns12="http://zakupki.gov.ru/223fz/purchasePlanProjectAdditionalPosition/1" xmlns:ns13="http://zakupki.gov.ru/223fz/contract/1" xmlns:ns14="http://zakupki.gov.ru/223fz/missedNotice/1" xmlns:ns15="http://zakupki.gov.ru/223fz/reference/1" xmlns:ns16="http://zakupki.gov.ru/223fz/stopCommodity/1" xmlns:ns17="http://zakupki.gov.ru/223fz/decisionSuspension/1" xmlns:ns18="http://zakupki.gov.ru/223fz/purchasePlanAdditionalPosition/1" xmlns:ns19="http://zakupki.gov.ru/223fz/webRequest/1" xmlns:ns2="http://zakupki.gov.ru/223fz/purchase/1" xmlns:xsi="http://www.w3.org/2001/XMLSchema-instance" xmlns:ns3="http://zakupki.gov.ru/223fz/dishonestSupplier/1" xmlns:ns4="http://zakupki.gov.ru/223fz/machineryListInfo/1" xmlns:ns5="http://zakupki.gov.ru/223fz/revenue/1" xmlns:ns6="http://zakupki.gov.ru/223fz/orderClauseList/1" xmlns:ns7="http://zakupki.gov.ru/223fz/disagreementProtocol/1" xmlns:ns8="http://zakupki.gov.ru/223fz/complaint/1" xmlns:ns9="http://zakupki.gov.ru/223fz/notificationIssue/1">
    <header>
        <guid>216ec27c-2b83-4b6f-bb94-c7914a45dad8</guid>
        <createDateTime>2017-03-16T18:05:30</createDateTime>
    </header>
    <ns2:body>
        <ns2:item>
            <guid>af28b729-0a59-11e7-8100-005056abd389</guid>
            <ns2:purchaseNoticeEPData>
                <ns2:guid>af28b729-0a59-11e7-8100-005056abd389</ns2:guid>
                <ns2:createDateTime>2017-03-16T18:05:04</ns2:createDateTime>
                <ns2:urlOOS>https://zakupki.gov.ru/223/purchase/private/purchase/notice-info/details.html?noticeInfoId=5888243</ns2:urlOOS>
                <ns2:urlVSRZ>zakupki.gov.ru</ns2:urlVSRZ>
                <ns2:registrationNumber>31704899860</ns2:registrationNumber>
                <ns2:name>ТЕАТР поручает, а АССИСТЕНТ РЕЖИССЁРА принимает на себя обязательство принять участие в постановке нового спектакля, состоящего из двух одноактных опер И. Стравинский «Царь Эдип», Б. Барток «Замок герцога Синяя Борода» (далее – Опера), в режиссёрской концепции Римаса Туминаса.</ns2:name>
                <ns2:customer>
                    <mainInfo>
                        <fullName>ГОСУДАРСТВЕННОЕ БЮДЖЕТНОЕ УЧРЕЖДЕНИЕ КУЛЬТУРЫ ГОРОДА МОСКВЫ "МОСКОВСКИЙ АКАДЕМИЧЕСКИЙ МУЗЫКАЛЬНЫЙ ТЕАТР ИМЕНИ НАРОДНЫХ АРТИСТОВ К. С. СТАНИСЛАВСКОГО И ВЛ. И. НЕМИРОВИЧА-ДАНЧЕНКО"</fullName>
                        <shortName>ГБУК Г. МОСКВЫ "МАМТ"</shortName>
                        <iko>87710081367771001001</iko>
                        <inn>7710081367</inn>
                        <kpp>771001001</kpp>
                        <ogrn>1027700066580</ogrn>
                        <legalAddress>125009, Г МОСКВА, УЛ ДМИТРОВКА Б., дом 17</legalAddress>
                        <postalAddress>125009, Москва Город, Дмитровка Б. Улица, дом 17</postalAddress>
                        <phone>7-495-6290649</phone>
                        <fax>7-495-6290649</fax>
                        <email>office@stanmus.ru</email>
                        <okato>45286585000</okato>
                        <okpo>02190176</okpo>
                    </mainInfo>
                </ns2:customer>
                <ns2:purchaseMethodCode>3363</ns2:purchaseMethodCode>
                <ns2:purchaseCodeName>Закупка у единственного поставщика (исполнителя, подрядчика)</ns2:purchaseCodeName>
                <ns2:placer>
                    <mainInfo>
                        <fullName>ГОСУДАРСТВЕННОЕ БЮДЖЕТНОЕ УЧРЕЖДЕНИЕ КУЛЬТУРЫ ГОРОДА МОСКВЫ "МОСКОВСКИЙ АКАДЕМИЧЕСКИЙ МУЗЫКАЛЬНЫЙ ТЕАТР ИМЕНИ НАРОДНЫХ АРТИСТОВ К. С. СТАНИСЛАВСКОГО И ВЛ. И. НЕМИРОВИЧА-ДАНЧЕНКО"</fullName>
                        <shortName>ГБУК Г. МОСКВЫ "МАМТ"</shortName>
                        <iko>87710081367771001001</iko>
                        <inn>7710081367</inn>
                        <kpp>771001001</kpp>
                        <ogrn>1027700066580</ogrn>
                        <legalAddress>125009, Г МОСКВА, УЛ ДМИТРОВКА Б., дом 17</legalAddress>
                        <postalAddress>125009, Москва Город, Дмитровка Б. Улица, дом 17</postalAddress>
                        <phone>7-495-6290649</phone>
                        <fax>7-495-6290649</fax>
                        <email>office@stanmus.ru</email>
                        <okato>45286585000</okato>
                        <okpo>02190176</okpo>
                    </mainInfo>
                </ns2:placer>
                <ns2:contact>
                    <firstName>Елена</firstName>
                    <middleName>Александровна</middleName>
                    <lastName>Щебуняева</lastName>
                    <phone>+7 (495) 6501907</phone>
                    <fax>7-495-629-06-49</fax>
                    <email>E.Shebunyaeva@stanmus.ru</email>
                    <organization>
                        <mainInfo>
                            <fullName>ГОСУДАРСТВЕННОЕ БЮДЖЕТНОЕ УЧРЕЖДЕНИЕ КУЛЬТУРЫ ГОРОДА МОСКВЫ "МОСКОВСКИЙ АКАДЕМИЧЕСКИЙ МУЗЫКАЛЬНЫЙ ТЕАТР ИМЕНИ НАРОДНЫХ АРТИСТОВ К. С. СТАНИСЛАВСКОГО И ВЛ. И. НЕМИРОВИЧА-ДАНЧЕНКО"</fullName>
                            <shortName>ГБУК Г. МОСКВЫ "МАМТ"</shortName>
                            <iko>87710081367771001001</iko>
                            <inn>7710081367</inn>
                            <kpp>771001001</kpp>
                            <ogrn>1027700066580</ogrn>
                            <legalAddress>125009, Г МОСКВА, УЛ ДМИТРОВКА Б., дом 17</legalAddress>
                            <postalAddress>125009, Москва Город, Дмитровка Б. Улица, дом 17</postalAddress>
                            <phone>7-495-6290649</phone>
                            <fax>7-495-6290649</fax>
                            <email>office@stanmus.ru</email>
                            <okato>45286585000</okato>
                            <okpo>02190176</okpo>
                        </mainInfo>
                    </organization>
                </ns2:contact>
                <ns2:publicationDateTime>2017-03-16T18:05:30</ns2:publicationDateTime>
                <ns2:documentationDelivery/>
                <ns2:status>P</ns2:status>
                <ns2:version>1</ns2:version>
                <ns2:notDishonest>false</ns2:notDishonest>
                <ns2:attachments>
                    <totalDocumentsCount>3</totalDocumentsCount>
                    <document>
                        <guid>1ba84b82-3b61-4482-8409-5d9af2ebcdc5</guid>
                        <createDateTime>2017-03-16T18:05:05</createDateTime>
                        <fileName>Документация о закупке.docx</fileName>
                        <description>Документация о закупке.docx</description>
                        <url>http://zakupki.gov.ru/223/purchase/public/download/download.html?id=30120380</url>
                    </document>
                    <document>
                        <guid>796f1532-43f3-4b3a-972b-d29e8ec4ccac</guid>
                        <createDateTime>2017-03-16T18:05:05</createDateTime>
                        <fileName>протокол НМЦК.pdf</fileName>
                        <description>протокол НМЦК.pdf</description>
                        <url>http://zakupki.gov.ru/223/purchase/public/download/download.html?id=30120381</url>
                    </document>
                    <document>
                        <guid>c726a0a5-1510-4bb5-95a5-80f332881feb</guid>
                        <createDateTime>2017-03-16T18:05:05</createDateTime>
                        <fileName>проект договора.doc</fileName>
                        <description>проект договора.doc</description>
                        <url>http://zakupki.gov.ru/223/purchase/public/download/download.html?id=30120382</url>
                    </document>
                </ns2:attachments>
                <ns2:modificationDate>2017-03-16T18:05:30</ns2:modificationDate>
                <ns2:saveUserId>87861</ns2:saveUserId>
                <ns2:deliveryPlaceIndication>SINGLE_PLACE</ns2:deliveryPlaceIndication>
                <ns2:emergency>false</ns2:emergency>
                <ns2:jointPurchase>false</ns2:jointPurchase>
                <ns2:lots>
                    <lot>
                        <guid>f1c8ae86-83c1-4b47-ac4a-8a28b62d6867</guid>
                        <ordinalNumber>1</ordinalNumber>
                        <lotEditEnabled>true</lotEditEnabled>
                        <lotData>
                            <subject>ТЕАТР поручает, а АССИСТЕНТ РЕЖИССЁРА принимает на себя обязательство принять участие в постановке нового спектакля, состоящего из двух одноактных опер И. Стравинский «Царь Эдип», Б. Барток «Замок герцога Синяя Борода» (далее – Опера), в режиссёрской концепции Римаса Туминаса.</subject>
                            <currency>
                                <code>EUR</code>
                                <digitalCode>978</digitalCode>
                                <name>Евро</name>
                            </currency>
                            <initialSum>4000.00</initialSum>
                            <deliveryPlace>
                                <address>125009, г. Москва, ул. Большая Дмитровка, д. 17</address>
                            </deliveryPlace>
                            <lotItems>
                                <newCodes>true</newCodes>
                                <lotItem>
                                    <guid>ada2d5d9-468a-4d90-98a1-e614c135b78e</guid>
                                    <ordinalNumber>1</ordinalNumber>
                                    <okpd2>
                                        <code>90.01.10</code>
                                        <name>Услуги в области исполнительских искусств</name>
                                    </okpd2>
                                    <okved2>
                                        <code>90.01</code>
                                        <name>Деятельность в области исполнительских искусств</name>
                                    </okved2>
                                    <okei>
                                        <code>876</code>
                                        <name>Условная единица</name>
                                    </okei>
                                    <qty>1</qty>
                                </lotItem>
                            </lotItems>
                            <forSmallOrMiddle>false</forSmallOrMiddle>
                            <excludePurchaseFromPlan>false</excludePurchaseFromPlan>
                            <subcontractorsRequirement>false</subcontractorsRequirement>
                            <ignoredPurchase>false</ignoredPurchase>
                            <centralized>false</centralized>
                        </lotData>
                        <deliveryPlaceIndication>GL</deliveryPlaceIndication>
                        <jointLotData>
                            <jointLot>false</jointLot>
                        </jointLotData>
                        <lotPlanInfo>
                            <planRegistrationNumber>2160215486</planRegistrationNumber>
                            <planGuid>f31e7a62-f4c1-4a14-b887-25b06afae031</planGuid>
                            <positionNumber>88</positionNumber>
                            <lotPlanPosition>COMMODITY</lotPlanPosition>
                            <positionGuid>3dfd6fb0-9cdd-471c-b733-7e14cddcf21d</positionGuid>
                        </lotPlanInfo>
                        <cancelled>false</cancelled>
                    </lot>
                </ns2:lots>
            </ns2:purchaseNoticeEPData>
        </ns2:item>
    </ns2:body>
</ns2:purchaseNoticeEP>
