<?xml version="1.0" encoding="UTF-8" standalone="yes"?>
<ns2:purchaseNoticeEP xsi:schemaLocation="http://zakupki.gov.ru/223/integration/schema/TFF-5.2 http://zakupki.gov.ru/223/integration/schema/TFF-5.2/purchase.xsd" xmlns="http://zakupki.gov.ru/223fz/types/1" xmlns:ns10="http://zakupki.gov.ru/223fz/purchasePlan/1" xmlns:ns11="http://zakupki.gov.ru/223fz/purchasePlanProject/1" xmlns:ns12="http://zakupki.gov.ru/223fz/purchasePlanProjectAdditionalPosition/1" xmlns:ns13="http://zakupki.gov.ru/223fz/contract/1" xmlns:ns14="http://zakupki.gov.ru/223fz/missedNotice/1" xmlns:ns15="http://zakupki.gov.ru/223fz/reference/1" xmlns:ns16="http://zakupki.gov.ru/223fz/stopCommodity/1" xmlns:ns17="http://zakupki.gov.ru/223fz/decisionSuspension/1" xmlns:ns18="http://zakupki.gov.ru/223fz/purchasePlanAdditionalPosition/1" xmlns:ns19="http://zakupki.gov.ru/223fz/webRequest/1" xmlns:ns2="http://zakupki.gov.ru/223fz/purchase/1" xmlns:xsi="http://www.w3.org/2001/XMLSchema-instance" xmlns:ns3="http://zakupki.gov.ru/223fz/dishonestSupplier/1" xmlns:ns4="http://zakupki.gov.ru/223fz/machineryListInfo/1" xmlns:ns5="http://zakupki.gov.ru/223fz/revenue/1" xmlns:ns6="http://zakupki.gov.ru/223fz/orderClauseList/1" xmlns:ns7="http://zakupki.gov.ru/223fz/disagreementProtocol/1" xmlns:ns8="http://zakupki.gov.ru/223fz/complaint/1" xmlns:ns9="http://zakupki.gov.ru/223fz/notificationIssue/1">
    <header>
        <guid>4b9fb835-2d34-48df-ae29-f03f49481875</guid>
        <createDateTime>2017-03-16T09:55:07</createDateTime>
    </header>
    <ns2:body>
        <ns2:item>
            <guid>34e0df44-5385-42e3-aa22-01a759dac1f2</guid>
            <ns2:purchaseNoticeEPData>
                <ns2:guid>34e0df44-5385-42e3-aa22-01a759dac1f2</ns2:guid>
                <ns2:createDateTime>2017-03-16T09:36:04</ns2:createDateTime>
                <ns2:urlOOS>https://zakupki.gov.ru/223/purchase/private/purchase/notice-info/details.html?noticeInfoId=5882846</ns2:urlOOS>
                <ns2:registrationNumber>31704895599</ns2:registrationNumber>
                <ns2:name>Поставкатепловой энергии и теплоносителя для нужд отопления и горячего водоснабжения воткрытой системе теплоснабжения  дляНовоуральского технологического института – филиала НИЯУ МИФИ (НТИ НИЯУ МИФИ)</ns2:name>
                <ns2:customer>
                    <mainInfo>
                        <fullName>ФЕДЕРАЛЬНОЕ ГОСУДАРСТВЕННОЕ АВТОНОМНОЕ ОБРАЗОВАТЕЛЬНОЕ УЧРЕЖДЕНИЕ ВЫСШЕГО ОБРАЗОВАНИЯ "НАЦИОНАЛЬНЫЙ ИССЛЕДОВАТЕЛЬСКИЙ ЯДЕРНЫЙ УНИВЕРСИТЕТ "МИФИ"</fullName>
                        <shortName>НИЯУ МИФИ</shortName>
                        <iko>57724068140772401001</iko>
                        <inn>7724068140</inn>
                        <kpp>772401001</kpp>
                        <ogrn>1037739366477</ogrn>
                        <legalAddress>115409, г МОСКВА, ш КАШИРСКОЕ, дом 31</legalAddress>
                        <postalAddress>115409, Москва, Каширское шоссе, дом 31</postalAddress>
                        <phone>7-495-7885699-9129</phone>
                        <email>TBGuseva@mephi.ru</email>
                        <okato>45296569000</okato>
                        <okpo>02066569</okpo>
                    </mainInfo>
                </ns2:customer>
                <ns2:detachedOrg>
                    <mainInfo>
                        <fullName>Новоуральский технологический институт – филиал  федерального государственного автономного образовательного учреждения высшего образования «Национальный исследовательский ядерный университет «МИФИ» </fullName>
                        <inn>7724068140</inn>
                        <kpp>662943001</kpp>
                        <ogrn>1037739366477</ogrn>
                        <legalAddress>624130, Свердловская область, город Новоуральск, улица Ленина, дом 85</legalAddress>
                        <postalAddress>624130, Свердловская область, город Новоуральск, улица Ленина, дом 85</postalAddress>
                    </mainInfo>
                </ns2:detachedOrg>
                <ns2:purchaseMethodCode>3363</ns2:purchaseMethodCode>
                <ns2:purchaseCodeName>Закупка у единственного поставщика (исполнителя, подрядчика)</ns2:purchaseCodeName>
                <ns2:placer>
                    <mainInfo>
                        <fullName>Новоуральский технологический институт – филиал  федерального государственного автономного образовательного учреждения высшего образования «Национальный исследовательский ядерный университет «МИФИ» </fullName>
                        <shortName>НТИ НИЯУ МИФИ</shortName>
                        <iko>57724068140662943001</iko>
                        <inn>7724068140</inn>
                        <kpp>662943001</kpp>
                        <ogrn>1037739366477</ogrn>
                        <legalAddress>624130, Свердловская область, город Новоуральск, улица Ленина, дом 85</legalAddress>
                        <postalAddress>624130, Свердловская область, город Новоуральск, улица Ленина, дом 85</postalAddress>
                        <phone>7-34370-91659</phone>
                        <fax>7-34370-95025</fax>
                        <email>TBGuseva@mephi.ru</email>
                        <okato>65540000000</okato>
                        <okpo>31386157</okpo>
                    </mainInfo>
                </ns2:placer>
                <ns2:contact>
                    <firstName>Ольга</firstName>
                    <middleName>Михайловна</middleName>
                    <lastName>Воронина</lastName>
                    <phone>+7 (34370) 93835</phone>
                    <email>omvoronina@mephi.ru</email>
                    <organization>
                        <mainInfo>
                            <fullName>ФЕДЕРАЛЬНОЕ ГОСУДАРСТВЕННОЕ АВТОНОМНОЕ ОБРАЗОВАТЕЛЬНОЕ УЧРЕЖДЕНИЕ ВЫСШЕГО ОБРАЗОВАНИЯ "НАЦИОНАЛЬНЫЙ ИССЛЕДОВАТЕЛЬСКИЙ ЯДЕРНЫЙ УНИВЕРСИТЕТ "МИФИ"</fullName>
                            <shortName>НИЯУ МИФИ</shortName>
                            <iko>57724068140772401001</iko>
                            <inn>7724068140</inn>
                            <kpp>772401001</kpp>
                            <ogrn>1037739366477</ogrn>
                            <legalAddress>115409, г МОСКВА, ш КАШИРСКОЕ, дом 31</legalAddress>
                            <postalAddress>115409, Москва, Каширское шоссе, дом 31</postalAddress>
                            <phone>7-495-7885699-9129</phone>
                            <email>TBGuseva@mephi.ru</email>
                            <okato>45296569000</okato>
                            <okpo>02066569</okpo>
                        </mainInfo>
                    </organization>
                </ns2:contact>
                <ns2:publicationDateTime>2017-03-16T09:55:07</ns2:publicationDateTime>
                <ns2:documentationDelivery>
                    <deliveryStartDateTime>2017-01-01</deliveryStartDateTime>
                    <deliveryEndDateTime>2017-12-31</deliveryEndDateTime>
                    <place>см.прикрепленное извещение</place>
                    <procedure>см.прикрепленное извещение</procedure>
                </ns2:documentationDelivery>
                <ns2:status>P</ns2:status>
                <ns2:version>1</ns2:version>
                <ns2:notDishonest>false</ns2:notDishonest>
                <ns2:attachments>
                    <totalDocumentsCount>1</totalDocumentsCount>
                    <document>
                        <guid>42255935-b7a1-4ee8-b45b-bf654ddebfc4</guid>
                        <createDateTime>2017-03-16T09:41:55</createDateTime>
                        <fileName>ИЗВЕЩЕНИЕ Документация 06_03.docx</fileName>
                        <description>ИЗВЕЩЕНИЕ Документация 06_03</description>
                        <url>http://zakupki.gov.ru/223/purchase/public/download/download.html?id=30094113</url>
                    </document>
                </ns2:attachments>
                <ns2:modificationDate>2017-03-16T09:55:07</ns2:modificationDate>
                <ns2:saveUserId>197564</ns2:saveUserId>
                <ns2:deliveryPlaceIndication>SINGLE_PLACE</ns2:deliveryPlaceIndication>
                <ns2:emergency>false</ns2:emergency>
                <ns2:jointPurchase>false</ns2:jointPurchase>
                <ns2:lots>
                    <lot>
                        <guid>33a87e48-0435-477f-847f-7d034dda11f8</guid>
                        <ordinalNumber>1</ordinalNumber>
                        <lotEditEnabled>false</lotEditEnabled>
                        <lotData>
                            <subject>Поставка тепловой энергии и теплоносителя для нужд отопления и горячего водоснабжения в открытой системе теплоснабжения  для Новоуральского технологического института – филиала НИЯУ МИФИ (НТИ НИЯУ МИФИ)
</subject>
                            <currency>
                                <code>RUB</code>
                                <digitalCode>643</digitalCode>
                                <name>Российский рубль</name>
                            </currency>
                            <initialSum>5819800.00</initialSum>
                            <deliveryPlace>
                                <state>Уральский федеральный округ</state>
                                <region>Свердловская   обл</region>
                                <regionOkato>65000000000</regionOkato>
                                <address>624130, г. Новоуральск, ул. Ленина, д.85; ул. Первомайская, д. 107; ул. Герцена, д. 18</address>
                            </deliveryPlace>
                            <lotItems>
                                <newCodes>true</newCodes>
                                <lotItem>
                                    <guid>d6e4ba2a-f273-4502-b2a5-5c18f3d518ae</guid>
                                    <ordinalNumber>1</ordinalNumber>
                                    <okpd2>
                                        <code>35.30.11</code>
                                        <name>Пар и горячая вода</name>
                                    </okpd2>
                                    <okved2>
                                        <code>35.30</code>
                                        <name>Производство, передача и распределение пара и горячей воды; кондиционирование воздуха</name>
                                    </okved2>
                                </lotItem>
                            </lotItems>
                            <forSmallOrMiddle>false</forSmallOrMiddle>
                            <excludePurchaseFromPlan>false</excludePurchaseFromPlan>
                            <subcontractorsRequirement>false</subcontractorsRequirement>
                            <ignoredPurchase>true</ignoredPurchase>
                            <purchaseCategory>
                                <code>8</code>
                                <name>Закупки услуг по водоснабжению, водоотведению, теплоснабжению и газоснабжению (за исключением услуг по реализации сжиженного газа), а также по подключению (присоединению) к сетям инженерно-технического обеспечения по регулируемым в соответствии с законодательством Российской Федерации ценам (тарифам)</name>
                            </purchaseCategory>
                            <centralized>false</centralized>
                        </lotData>
                        <deliveryPlaceIndication>GL</deliveryPlaceIndication>
                        <jointLotData>
                            <jointLot>false</jointLot>
                        </jointLotData>
                        <lotPlanInfo>
                            <planRegistrationNumber>2160204605</planRegistrationNumber>
                            <planGuid>89d8ad5b-8dcc-49c5-9912-1bdfb781ac09</planGuid>
                            <positionNumber>109</positionNumber>
                            <lotPlanPosition>COMMODITY</lotPlanPosition>
                            <positionGuid>6f8d07f0-08b6-4232-8b75-0f0afbd85399</positionGuid>
                        </lotPlanInfo>
                        <cancelled>false</cancelled>
                    </lot>
                </ns2:lots>
            </ns2:purchaseNoticeEPData>
        </ns2:item>
    </ns2:body>
</ns2:purchaseNoticeEP>
