<?xml version="1.0" encoding="UTF-8" standalone="yes"?>
<ns2:purchaseNoticeEP xsi:schemaLocation="http://zakupki.gov.ru/223/integration/schema/TFF-5.2 http://zakupki.gov.ru/223/integration/schema/TFF-5.2/purchase.xsd" xmlns="http://zakupki.gov.ru/223fz/types/1" xmlns:ns10="http://zakupki.gov.ru/223fz/purchasePlan/1" xmlns:ns11="http://zakupki.gov.ru/223fz/purchasePlanProject/1" xmlns:ns12="http://zakupki.gov.ru/223fz/purchasePlanProjectAdditionalPosition/1" xmlns:ns13="http://zakupki.gov.ru/223fz/contract/1" xmlns:ns14="http://zakupki.gov.ru/223fz/missedNotice/1" xmlns:ns15="http://zakupki.gov.ru/223fz/reference/1" xmlns:ns16="http://zakupki.gov.ru/223fz/stopCommodity/1" xmlns:ns17="http://zakupki.gov.ru/223fz/decisionSuspension/1" xmlns:ns18="http://zakupki.gov.ru/223fz/purchasePlanAdditionalPosition/1" xmlns:ns19="http://zakupki.gov.ru/223fz/webRequest/1" xmlns:ns2="http://zakupki.gov.ru/223fz/purchase/1" xmlns:xsi="http://www.w3.org/2001/XMLSchema-instance" xmlns:ns3="http://zakupki.gov.ru/223fz/dishonestSupplier/1" xmlns:ns4="http://zakupki.gov.ru/223fz/machineryListInfo/1" xmlns:ns5="http://zakupki.gov.ru/223fz/revenue/1" xmlns:ns6="http://zakupki.gov.ru/223fz/orderClauseList/1" xmlns:ns7="http://zakupki.gov.ru/223fz/disagreementProtocol/1" xmlns:ns8="http://zakupki.gov.ru/223fz/complaint/1" xmlns:ns9="http://zakupki.gov.ru/223fz/notificationIssue/1">
    <header>
        <guid>7aa803f5-48dc-4a91-9266-86dfe3dc9e25</guid>
        <createDateTime>2017-03-16T11:47:15</createDateTime>
    </header>
    <ns2:body>
        <ns2:item>
            <guid>12248bf0-5543-46e0-83f3-a656b8bacb10</guid>
            <ns2:purchaseNoticeEPData>
                <ns2:guid>12248bf0-5543-46e0-83f3-a656b8bacb10</ns2:guid>
                <ns2:createDateTime>2017-03-16T11:45:33</ns2:createDateTime>
                <ns2:urlOOS>https://zakupki.gov.ru/223/purchase/private/purchase/notice-info/details.html?noticeInfoId=5884329</ns2:urlOOS>
                <ns2:registrationNumber>31704896652</ns2:registrationNumber>
                <ns2:name>На право заключения договора аренды нежилых помещений</ns2:name>
                <ns2:customer>
                    <mainInfo>
                        <fullName>АКЦИОНЕРНОЕ ОБЩЕСТВО "РТКОММ.РУ"</fullName>
                        <shortName>АО "РТКОММ.РУ"</shortName>
                        <iko>67708126998770701001</iko>
                        <inn>7708126998</inn>
                        <kpp>775101001</kpp>
                        <ogrn>1027739086100</ogrn>
                        <legalAddress>142784, Г МОСКВА, КМ КИЕВСКОЕ ШОССЕ 22-Й (П МОСКОВСКИЙ), дом ДОМОВЛ. 6, корпус СТРОЕНИЕ 1</legalAddress>
                        <postalAddress>142784, Москва, п. Московский, Киевское ш., 22-й км, домовл. 6, стр. 1.</postalAddress>
                        <phone>7-495-9887778</phone>
                        <fax>7-495-988776</fax>
                        <email>fz223_admin@rtcomm.ru</email>
                        <okato>45286585000</okato>
                        <okpo>52425789</okpo>
                    </mainInfo>
                </ns2:customer>
                <ns2:purchaseMethodCode>3363</ns2:purchaseMethodCode>
                <ns2:purchaseCodeName>Закупка у единственного поставщика (исполнителя, подрядчика)</ns2:purchaseCodeName>
                <ns2:placer>
                    <mainInfo>
                        <fullName>АКЦИОНЕРНОЕ ОБЩЕСТВО "РТКОММ.РУ"</fullName>
                        <shortName>АО "РТКОММ.РУ"</shortName>
                        <iko>67708126998770701001</iko>
                        <inn>7708126998</inn>
                        <kpp>775101001</kpp>
                        <ogrn>1027739086100</ogrn>
                        <legalAddress>142784, Г МОСКВА, КМ КИЕВСКОЕ ШОССЕ 22-Й (П МОСКОВСКИЙ), дом ДОМОВЛ. 6, корпус СТРОЕНИЕ 1</legalAddress>
                        <postalAddress>142784, Москва, п. Московский, Киевское ш., 22-й км, домовл. 6, стр. 1.</postalAddress>
                        <phone>7-495-9887778</phone>
                        <fax>7-495-988776</fax>
                        <email>fz223_admin@rtcomm.ru</email>
                        <okato>45286585000</okato>
                        <okpo>52425789</okpo>
                    </mainInfo>
                </ns2:placer>
                <ns2:contact>
                    <firstName>Елена</firstName>
                    <middleName>Викторовна</middleName>
                    <lastName>Фроликова</lastName>
                    <phone>+7 (495) 9887778</phone>
                    <email>oto@rtcomm.ru</email>
                    <organization>
                        <mainInfo>
                            <fullName>АКЦИОНЕРНОЕ ОБЩЕСТВО "РТКОММ.РУ"</fullName>
                            <shortName>АО "РТКОММ.РУ"</shortName>
                            <iko>67708126998770701001</iko>
                            <inn>7708126998</inn>
                            <kpp>775101001</kpp>
                            <ogrn>1027739086100</ogrn>
                            <legalAddress>142784, Г МОСКВА, КМ КИЕВСКОЕ ШОССЕ 22-Й (П МОСКОВСКИЙ), дом ДОМОВЛ. 6, корпус СТРОЕНИЕ 1</legalAddress>
                            <postalAddress>142784, Москва, п. Московский, Киевское ш., 22-й км, домовл. 6, стр. 1.</postalAddress>
                            <phone>7-495-9887778</phone>
                            <fax>7-495-988776</fax>
                            <email>fz223_admin@rtcomm.ru</email>
                            <okato>45286585000</okato>
                            <okpo>52425789</okpo>
                        </mainInfo>
                    </organization>
                </ns2:contact>
                <ns2:publicationDateTime>2017-03-16T11:47:15</ns2:publicationDateTime>
                <ns2:documentationDelivery/>
                <ns2:status>P</ns2:status>
                <ns2:version>1</ns2:version>
                <ns2:notDishonest>true</ns2:notDishonest>
                <ns2:attachments>
                    <totalDocumentsCount>2</totalDocumentsCount>
                    <document>
                        <guid>9811e026-943d-442d-8540-00efebdd23bd</guid>
                        <createDateTime>2017-03-16T11:46:50</createDateTime>
                        <fileName>Договор 11-А 2017.pdf</fileName>
                        <description>Договор 11-А 2017</description>
                        <url>http://zakupki.gov.ru/223/purchase/public/download/download.html?id=30101010</url>
                    </document>
                    <document>
                        <guid>3510eab8-f0df-49ad-a4a1-2950f438f222</guid>
                        <createDateTime>2017-03-16T11:46:56</createDateTime>
                        <fileName>ДОКУМЕНТАЦИЯ по ЕП.pdf</fileName>
                        <description>ДОКУМЕНТАЦИЯ по ЕП</description>
                        <url>http://zakupki.gov.ru/223/purchase/public/download/download.html?id=30101015</url>
                    </document>
                </ns2:attachments>
                <ns2:modificationDate>2017-03-16T11:47:15</ns2:modificationDate>
                <ns2:saveUserId>179566</ns2:saveUserId>
                <ns2:deliveryPlaceIndication>DIFFERENT_PLACE</ns2:deliveryPlaceIndication>
                <ns2:emergency>false</ns2:emergency>
                <ns2:jointPurchase>false</ns2:jointPurchase>
                <ns2:lots>
                    <lot>
                        <guid>46746332-1f40-4705-854e-0d169fb1cd66</guid>
                        <ordinalNumber>1</ordinalNumber>
                        <lotEditEnabled>false</lotEditEnabled>
                        <lotData>
                            <subject>Услуги аренды нежилых помещений</subject>
                            <currency>
                                <code>RUB</code>
                                <digitalCode>643</digitalCode>
                                <name>Российский рубль</name>
                            </currency>
                            <initialSum>3371984.66</initialSum>
                            <deliveryPlace>
                                <state>Центральный федеральный округ</state>
                                <region>Москва</region>
                                <regionOkato>45000000000</regionOkato>
                                <address>Московская область, Щелковский район, деревня Долгое Ледово,  Научно-исследовательский испытательный технический центр «Центр космической связи ОКБ МЭИ «Медвежьи Озера» (НИИТЦ «ЦКС ОКБ МЭИ «Медвежьи Озера»), здание № 52, помещение № 54, здание № 26, помещение № 15, здание № 59, бокс № 2</address>
                            </deliveryPlace>
                            <lotItems>
                                <newCodes>true</newCodes>
                                <lotItem>
                                    <guid>2d77ec2b-c86f-4911-aa08-484b640f81f5</guid>
                                    <ordinalNumber>1</ordinalNumber>
                                    <okpd2>
                                        <code>68.20.12.000</code>
                                        <name>Услуги по сдаче в аренду (внаем) собственных или арендованных нежилых помещений</name>
                                    </okpd2>
                                    <okved2>
                                        <code>68.20</code>
                                        <name>Аренда и управление собственным или арендованным недвижимым имуществом</name>
                                    </okved2>
                                    <okei>
                                        <code>876</code>
                                        <name>Условная единица</name>
                                    </okei>
                                    <qty>12</qty>
                                    <additionalInfo>Услуги аренды нежилых помещений</additionalInfo>
                                </lotItem>
                            </lotItems>
                            <forSmallOrMiddle>false</forSmallOrMiddle>
                            <excludePurchaseFromPlan>false</excludePurchaseFromPlan>
                            <subcontractorsRequirement>false</subcontractorsRequirement>
                            <ignoredPurchase>true</ignoredPurchase>
                            <purchaseCategory>
                                <code>11</code>
                                <name>Закупки, предметом которых является аренда и (или) приобретение в собственность объектов недвижимого имущества</name>
                            </purchaseCategory>
                            <centralized>false</centralized>
                        </lotData>
                        <deliveryPlaceIndication>GL</deliveryPlaceIndication>
                        <jointLotData>
                            <jointLot>false</jointLot>
                        </jointLotData>
                        <lotPlanInfo>
                            <planRegistrationNumber>2160197832</planRegistrationNumber>
                            <planGuid>2670f0d8-2e86-4b95-9cf5-b7acba0be1dc</planGuid>
                            <positionNumber>41</positionNumber>
                            <lotPlanPosition>COMMODITY</lotPlanPosition>
                            <positionGuid>59058b57-c8ee-11e6-aeb1-0050568808e4</positionGuid>
                        </lotPlanInfo>
                        <cancelled>false</cancelled>
                    </lot>
                </ns2:lots>
            </ns2:purchaseNoticeEPData>
        </ns2:item>
    </ns2:body>
</ns2:purchaseNoticeEP>
