<?xml version="1.0" encoding="UTF-8" standalone="yes"?>
<ns2:purchaseNoticeEP xsi:schemaLocation="http://zakupki.gov.ru/223/integration/schema/TFF-5.2 http://zakupki.gov.ru/223/integration/schema/TFF-5.2/purchase.xsd" xmlns="http://zakupki.gov.ru/223fz/types/1" xmlns:ns10="http://zakupki.gov.ru/223fz/purchasePlan/1" xmlns:ns11="http://zakupki.gov.ru/223fz/purchasePlanProject/1" xmlns:ns12="http://zakupki.gov.ru/223fz/purchasePlanProjectAdditionalPosition/1" xmlns:ns13="http://zakupki.gov.ru/223fz/contract/1" xmlns:ns14="http://zakupki.gov.ru/223fz/missedNotice/1" xmlns:ns15="http://zakupki.gov.ru/223fz/reference/1" xmlns:ns16="http://zakupki.gov.ru/223fz/stopCommodity/1" xmlns:ns17="http://zakupki.gov.ru/223fz/decisionSuspension/1" xmlns:ns18="http://zakupki.gov.ru/223fz/purchasePlanAdditionalPosition/1" xmlns:ns19="http://zakupki.gov.ru/223fz/webRequest/1" xmlns:ns2="http://zakupki.gov.ru/223fz/purchase/1" xmlns:xsi="http://www.w3.org/2001/XMLSchema-instance" xmlns:ns3="http://zakupki.gov.ru/223fz/dishonestSupplier/1" xmlns:ns4="http://zakupki.gov.ru/223fz/machineryListInfo/1" xmlns:ns5="http://zakupki.gov.ru/223fz/revenue/1" xmlns:ns6="http://zakupki.gov.ru/223fz/orderClauseList/1" xmlns:ns7="http://zakupki.gov.ru/223fz/disagreementProtocol/1" xmlns:ns8="http://zakupki.gov.ru/223fz/complaint/1" xmlns:ns9="http://zakupki.gov.ru/223fz/notificationIssue/1">
    <header>
        <guid>bbe011fd-65fa-478b-8b6b-cbc10fa0dcae</guid>
        <createDateTime>2017-03-16T16:45:28</createDateTime>
    </header>
    <ns2:body>
        <ns2:item>
            <guid>58cae577-6686-ecb5-e100-00000a388ca5</guid>
            <ns2:purchaseNoticeEPData>
                <ns2:guid>58cae577-6686-ecb5-e100-00000a388ca5</ns2:guid>
                <ns2:createDateTime>2017-03-16T16:43:42</ns2:createDateTime>
                <ns2:urlOOS>https://zakupki.gov.ru/223/purchase/private/purchase/notice-info/details.html?noticeInfoId=5887646</ns2:urlOOS>
                <ns2:urlVSRZ>https://zakupki.gazprom.ru</ns2:urlVSRZ>
                <ns2:registrationNumber>31704899332</ns2:registrationNumber>
                <ns2:name>Обслуживание комплекта ИСС "Техэксперт/Кодекс" в период с 01.01.2017 по 31.12.2017</ns2:name>
                <ns2:customer>
                    <mainInfo>
                        <fullName>АКЦИОНЕРНОЕ ОБЩЕСТВО "ГАЗПРОМ ПРОМГАЗ"</fullName>
                        <shortName>АО "ГАЗПРОМ ПРОМГАЗ"</shortName>
                        <iko>67734034550772801001</iko>
                        <inn>7734034550</inn>
                        <kpp>772801001</kpp>
                        <ogrn>1027700174061</ogrn>
                        <legalAddress>117420, г МОСКВА, ул НАМЕТКИНА, дом 6</legalAddress>
                        <postalAddress>142702, Российская Федерация, Московская область, г. Видное, Ленинский район, Вокзальная, 23</postalAddress>
                        <email>promgaz@promgaz.gazprom.ru</email>
                        <okato>45293590000</okato>
                        <okpo>00158847</okpo>
                    </mainInfo>
                </ns2:customer>
                <ns2:purchaseMethodCode>3363</ns2:purchaseMethodCode>
                <ns2:purchaseCodeName>Закупка у единственного поставщика (исполнителя, подрядчика)</ns2:purchaseCodeName>
                <ns2:placer>
                    <mainInfo>
                        <fullName>АКЦИОНЕРНОЕ ОБЩЕСТВО "ГАЗПРОМ ПРОМГАЗ"</fullName>
                        <shortName>АО "ГАЗПРОМ ПРОМГАЗ"</shortName>
                        <iko>67734034550772801001</iko>
                        <inn>7734034550</inn>
                        <kpp>772801001</kpp>
                        <ogrn>1027700174061</ogrn>
                        <legalAddress>117420, г МОСКВА, ул НАМЕТКИНА, дом 6</legalAddress>
                        <postalAddress>142702, Российская Федерация, Московская область, г. Видное, Ленинский район, Вокзальная, 23</postalAddress>
                        <email>promgaz@promgaz.gazprom.ru</email>
                        <okato>45293590000</okato>
                        <okpo>00158847</okpo>
                    </mainInfo>
                </ns2:placer>
                <ns2:contact>
                    <firstName>Александр</firstName>
                    <middleName>Сергеевич</middleName>
                    <lastName>Уханов</lastName>
                    <phone>+7 (495) 8171748</phone>
                    <email>A.Uhanov@promgaz.gazprom.ru</email>
                    <organization>
                        <mainInfo>
                            <fullName>АКЦИОНЕРНОЕ ОБЩЕСТВО "ГАЗПРОМ ПРОМГАЗ"</fullName>
                            <shortName>АО "ГАЗПРОМ ПРОМГАЗ"</shortName>
                            <iko>67734034550772801001</iko>
                            <inn>7734034550</inn>
                            <kpp>772801001</kpp>
                            <ogrn>1027700174061</ogrn>
                            <legalAddress>117420, г МОСКВА, ул НАМЕТКИНА, дом 6</legalAddress>
                            <postalAddress>142702, Российская Федерация, Московская область, г. Видное, Ленинский район, Вокзальная, 23</postalAddress>
                            <email>promgaz@promgaz.gazprom.ru</email>
                            <okato>45293590000</okato>
                            <okpo>00158847</okpo>
                        </mainInfo>
                    </organization>
                </ns2:contact>
                <ns2:publicationDateTime>2017-03-16T16:45:28</ns2:publicationDateTime>
                <ns2:documentationDelivery/>
                <ns2:status>P</ns2:status>
                <ns2:version>1</ns2:version>
                <ns2:notDishonest>false</ns2:notDishonest>
                <ns2:attachments>
                    <totalDocumentsCount>1</totalDocumentsCount>
                    <document>
                        <guid>58ca3c2f-7694-4dda-e100-00000a388ca5</guid>
                        <createDateTime>2017-03-16T16:44:04</createDateTime>
                        <fileName>Форма 34-Извещение о проведении.doc</fileName>
                        <description>Форма 34-Извещение о проведении.doc</description>
                        <url>http://zakupki.gov.ru/223/purchase/public/download/download.html?id=30117519</url>
                    </document>
                </ns2:attachments>
                <ns2:modificationDate>2017-03-16T16:45:28</ns2:modificationDate>
                <ns2:saveUserId>169347</ns2:saveUserId>
                <ns2:deliveryPlaceIndication>DIFFERENT_PLACE</ns2:deliveryPlaceIndication>
                <ns2:emergency>false</ns2:emergency>
                <ns2:jointPurchase>false</ns2:jointPurchase>
                <ns2:lots>
                    <lot>
                        <guid>58ca4eb5-45fc-6f99-e100-00000a388ca5</guid>
                        <ordinalNumber>1</ordinalNumber>
                        <lotEditEnabled>true</lotEditEnabled>
                        <lotData>
                            <subject>Обслуживание комплекта ИСС "Техэксперт/Кодекс" в период с 01.01.2017 по 31.12.2017</subject>
                            <currency>
                                <code>RUB</code>
                                <digitalCode>643</digitalCode>
                                <name>Российский рубль</name>
                            </currency>
                            <initialSum>589980.00</initialSum>
                            <deliveryPlace>
                                <address>Согласно закупочной документации</address>
                            </deliveryPlace>
                            <lotItems>
                                <newCodes>true</newCodes>
                                <lotItem>
                                    <guid>58ca3c2e-7694-4dda-e100-00000a388ca5</guid>
                                    <ordinalNumber>1</ordinalNumber>
                                    <okpd2>
                                        <code>58.29.50</code>
                                        <name>Услуги по предоставлению лицензий на право использовать компьютерное программное обеспечение</name>
                                    </okpd2>
                                    <okved2>
                                        <code>58.12</code>
                                        <name>Издание адресных справочников и списков адресатов</name>
                                    </okved2>
                                    <okei>
                                        <code>876</code>
                                        <name>Условная единица</name>
                                    </okei>
                                    <qty>1</qty>
                                </lotItem>
                            </lotItems>
                            <forSmallOrMiddle>true</forSmallOrMiddle>
                            <excludePurchaseFromPlan>false</excludePurchaseFromPlan>
                            <subcontractorsRequirement>false</subcontractorsRequirement>
                            <ignoredPurchase>false</ignoredPurchase>
                            <centralized>false</centralized>
                        </lotData>
                        <deliveryPlaceIndication>GL</deliveryPlaceIndication>
                        <jointLotData>
                            <jointLot>false</jointLot>
                        </jointLotData>
                        <lotPlanInfo>
                            <planRegistrationNumber>2170220716</planRegistrationNumber>
                            <planGuid>58ca5107-75c6-44c8-e100-00000a388ca5</planGuid>
                            <positionNumber>9</positionNumber>
                            <lotPlanPosition>COMMODITY</lotPlanPosition>
                            <positionGuid>58ca222b-4869-1285-e100-00000a388ca5</positionGuid>
                        </lotPlanInfo>
                        <cancelled>false</cancelled>
                    </lot>
                </ns2:lots>
            </ns2:purchaseNoticeEPData>
        </ns2:item>
    </ns2:body>
</ns2:purchaseNoticeEP>
