<?xml version="1.0" encoding="UTF-8" standalone="yes"?>
<ns2:purchaseNoticeEP xsi:schemaLocation="http://zakupki.gov.ru/223/integration/schema/TFF-5.2 http://zakupki.gov.ru/223/integration/schema/TFF-5.2/purchase.xsd" xmlns="http://zakupki.gov.ru/223fz/types/1" xmlns:ns10="http://zakupki.gov.ru/223fz/purchasePlan/1" xmlns:ns11="http://zakupki.gov.ru/223fz/purchasePlanProject/1" xmlns:ns12="http://zakupki.gov.ru/223fz/purchasePlanProjectAdditionalPosition/1" xmlns:ns13="http://zakupki.gov.ru/223fz/contract/1" xmlns:ns14="http://zakupki.gov.ru/223fz/missedNotice/1" xmlns:ns15="http://zakupki.gov.ru/223fz/reference/1" xmlns:ns16="http://zakupki.gov.ru/223fz/stopCommodity/1" xmlns:ns17="http://zakupki.gov.ru/223fz/decisionSuspension/1" xmlns:ns18="http://zakupki.gov.ru/223fz/purchasePlanAdditionalPosition/1" xmlns:ns19="http://zakupki.gov.ru/223fz/webRequest/1" xmlns:ns2="http://zakupki.gov.ru/223fz/purchase/1" xmlns:xsi="http://www.w3.org/2001/XMLSchema-instance" xmlns:ns3="http://zakupki.gov.ru/223fz/dishonestSupplier/1" xmlns:ns4="http://zakupki.gov.ru/223fz/machineryListInfo/1" xmlns:ns5="http://zakupki.gov.ru/223fz/revenue/1" xmlns:ns6="http://zakupki.gov.ru/223fz/orderClauseList/1" xmlns:ns7="http://zakupki.gov.ru/223fz/disagreementProtocol/1" xmlns:ns8="http://zakupki.gov.ru/223fz/complaint/1" xmlns:ns9="http://zakupki.gov.ru/223fz/notificationIssue/1">
    <header>
        <guid>d478cc05-6102-4ddc-8bc8-ae9947af3ea2</guid>
        <createDateTime>2017-03-16T14:07:41</createDateTime>
    </header>
    <ns2:body>
        <ns2:item>
            <guid>d13b758b-5170-40c8-b1d2-f770a5ea2f6f</guid>
            <ns2:purchaseNoticeEPData>
                <ns2:guid>d13b758b-5170-40c8-b1d2-f770a5ea2f6f</ns2:guid>
                <ns2:createDateTime>2017-03-16T14:04:30</ns2:createDateTime>
                <ns2:urlOOS>https://zakupki.gov.ru/223/purchase/private/purchase/notice-info/details.html?noticeInfoId=5885781</ns2:urlOOS>
                <ns2:registrationNumber>31704897791</ns2:registrationNumber>
                <ns2:name>Ремонт систем и ДСЕ</ns2:name>
                <ns2:customer>
                    <mainInfo>
                        <fullName>АКЦИОНЕРНОЕ ОБЩЕСТВО "РОССИЙСКАЯ САМОЛЕТОСТРОИТЕЛЬНАЯ КОРПОРАЦИЯ "МИГ"</fullName>
                        <shortName>АО "РСК "МИГ"</shortName>
                        <iko>67714733528771401001</iko>
                        <inn>7714733528</inn>
                        <kpp>771401001</kpp>
                        <ogrn>1087746371844</ogrn>
                        <legalAddress>125284, Г МОСКВА, ПР БОТКИНСКИЙ 1-Й, дом 7</legalAddress>
                        <postalAddress>125284, Москва, Боткинский 1-й, дом 7</postalAddress>
                        <phone>7-499-7218100-7632</phone>
                        <email>v.davydov@rsk-mig.ru</email>
                        <okato>45277556000</okato>
                        <okpo>42836853</okpo>
                    </mainInfo>
                </ns2:customer>
                <ns2:purchaseMethodCode>3363</ns2:purchaseMethodCode>
                <ns2:purchaseCodeName>Закупка у единственного поставщика (исполнителя, подрядчика)</ns2:purchaseCodeName>
                <ns2:placer>
                    <mainInfo>
                        <fullName>АКЦИОНЕРНОЕ ОБЩЕСТВО "РОССИЙСКАЯ САМОЛЕТОСТРОИТЕЛЬНАЯ КОРПОРАЦИЯ "МИГ"</fullName>
                        <shortName>АО "РСК "МИГ"</shortName>
                        <iko>67714733528771401001</iko>
                        <inn>7714733528</inn>
                        <kpp>771401001</kpp>
                        <ogrn>1087746371844</ogrn>
                        <legalAddress>125284, Г МОСКВА, ПР БОТКИНСКИЙ 1-Й, дом 7</legalAddress>
                        <postalAddress>125284, Москва, Боткинский 1-й, дом 7</postalAddress>
                        <phone>7-499-7218100-7632</phone>
                        <email>v.davydov@rsk-mig.ru</email>
                        <okato>45277556000</okato>
                        <okpo>42836853</okpo>
                    </mainInfo>
                </ns2:placer>
                <ns2:contact>
                    <firstName>Сергей </firstName>
                    <middleName>Аркадьевич</middleName>
                    <lastName>Закубанский</lastName>
                    <phone>+7 (831) 2293424</phone>
                    <email>info@sokolnn.ru</email>
                    <organization>
                        <mainInfo>
                            <fullName>АКЦИОНЕРНОЕ ОБЩЕСТВО "РОССИЙСКАЯ САМОЛЕТОСТРОИТЕЛЬНАЯ КОРПОРАЦИЯ "МИГ"</fullName>
                            <shortName>АО "РСК "МИГ"</shortName>
                            <iko>67714733528771401001</iko>
                            <inn>7714733528</inn>
                            <kpp>771401001</kpp>
                            <ogrn>1087746371844</ogrn>
                            <legalAddress>125284, Г МОСКВА, ПР БОТКИНСКИЙ 1-Й, дом 7</legalAddress>
                            <postalAddress>125284, Москва, Боткинский 1-й, дом 7</postalAddress>
                            <phone>7-499-7218100-7632</phone>
                            <email>v.davydov@rsk-mig.ru</email>
                            <okato>45277556000</okato>
                            <okpo>42836853</okpo>
                        </mainInfo>
                    </organization>
                </ns2:contact>
                <ns2:publicationDateTime>2017-03-16T14:07:41</ns2:publicationDateTime>
                <ns2:documentationDelivery>
                    <procedure>иная документация по закупке не предоставляется</procedure>
                </ns2:documentationDelivery>
                <ns2:status>P</ns2:status>
                <ns2:version>1</ns2:version>
                <ns2:notDishonest>false</ns2:notDishonest>
                <ns2:attachments>
                    <totalDocumentsCount>1</totalDocumentsCount>
                    <document>
                        <guid>c25e8a47-3fa2-4c5c-bebc-0983135a1c9f</guid>
                        <createDateTime>2017-03-16T14:06:54</createDateTime>
                        <fileName>514 арз 78 млн..docx</fileName>
                        <description>514 арз 78 млн.</description>
                        <url>http://zakupki.gov.ru/223/purchase/public/download/download.html?id=30108545</url>
                    </document>
                </ns2:attachments>
                <ns2:modificationDate>2017-03-16T14:07:41</ns2:modificationDate>
                <ns2:saveUserId>262788</ns2:saveUserId>
                <ns2:deliveryPlaceIndication>SINGLE_PLACE</ns2:deliveryPlaceIndication>
                <ns2:emergency>false</ns2:emergency>
                <ns2:jointPurchase>false</ns2:jointPurchase>
                <ns2:lots>
                    <lot>
                        <guid>994adf23-69e8-4903-ae37-7ad5438829ff</guid>
                        <ordinalNumber>1</ordinalNumber>
                        <lotEditEnabled>false</lotEditEnabled>
                        <lotData>
                            <subject>Ремонт систем и  ДСЕ</subject>
                            <currency>
                                <code>RUB</code>
                                <digitalCode>643</digitalCode>
                                <name>Российский рубль</name>
                            </currency>
                            <initialSum>78006470.04</initialSum>
                            <deliveryPlace>
                                <state>Центральный федеральный округ</state>
                                <region>Тверская   обл</region>
                                <regionOkato>28000000000</regionOkato>
                                <address>г.Ржев-3</address>
                            </deliveryPlace>
                            <lotItems>
                                <newCodes>true</newCodes>
                                <lotItem>
                                    <guid>1adab57e-bbe5-4ee7-bdc9-e82a32f3ffef</guid>
                                    <ordinalNumber>1</ordinalNumber>
                                    <okpd2>
                                        <code>33.12.19.000</code>
                                        <name>Услуги по ремонту и техническому обслуживанию прочего оборудования общего назначения, не включенного в другие группировки</name>
                                    </okpd2>
                                    <okved2>
                                        <code>33.16</code>
                                        <name>Ремонт и техническое обслуживание летательных аппаратов, включая космические</name>
                                    </okved2>
                                    <okei>
                                        <code>839</code>
                                        <name>Комплект</name>
                                    </okei>
                                    <qty>6</qty>
                                </lotItem>
                            </lotItems>
                            <forSmallOrMiddle>false</forSmallOrMiddle>
                            <excludePurchaseFromPlan>false</excludePurchaseFromPlan>
                            <subcontractorsRequirement>false</subcontractorsRequirement>
                            <ignoredPurchase>false</ignoredPurchase>
                            <centralized>false</centralized>
                        </lotData>
                        <deliveryPlaceIndication>GL</deliveryPlaceIndication>
                        <jointLotData>
                            <jointLot>false</jointLot>
                        </jointLotData>
                        <lotPlanInfo>
                            <planRegistrationNumber>2160209569</planRegistrationNumber>
                            <planGuid>8dc55996-3e56-4b57-baab-daa4a7a39b4c</planGuid>
                            <positionNumber>1690</positionNumber>
                            <lotPlanPosition>COMMODITY</lotPlanPosition>
                            <positionGuid>3d07e294-de29-4bc7-8d88-0a3e521152a8</positionGuid>
                        </lotPlanInfo>
                        <cancelled>false</cancelled>
                    </lot>
                </ns2:lots>
            </ns2:purchaseNoticeEPData>
        </ns2:item>
    </ns2:body>
</ns2:purchaseNoticeEP>
