<?xml version="1.0" encoding="UTF-8" standalone="yes"?>
<ns2:purchaseNoticeEP xsi:schemaLocation="http://zakupki.gov.ru/223/integration/schema/TFF-5.2 http://zakupki.gov.ru/223/integration/schema/TFF-5.2/purchase.xsd" xmlns="http://zakupki.gov.ru/223fz/types/1" xmlns:ns10="http://zakupki.gov.ru/223fz/purchasePlan/1" xmlns:ns11="http://zakupki.gov.ru/223fz/purchasePlanProject/1" xmlns:ns12="http://zakupki.gov.ru/223fz/purchasePlanProjectAdditionalPosition/1" xmlns:ns13="http://zakupki.gov.ru/223fz/contract/1" xmlns:ns14="http://zakupki.gov.ru/223fz/missedNotice/1" xmlns:ns15="http://zakupki.gov.ru/223fz/reference/1" xmlns:ns16="http://zakupki.gov.ru/223fz/stopCommodity/1" xmlns:ns17="http://zakupki.gov.ru/223fz/decisionSuspension/1" xmlns:ns18="http://zakupki.gov.ru/223fz/purchasePlanAdditionalPosition/1" xmlns:ns19="http://zakupki.gov.ru/223fz/webRequest/1" xmlns:ns2="http://zakupki.gov.ru/223fz/purchase/1" xmlns:xsi="http://www.w3.org/2001/XMLSchema-instance" xmlns:ns3="http://zakupki.gov.ru/223fz/dishonestSupplier/1" xmlns:ns4="http://zakupki.gov.ru/223fz/machineryListInfo/1" xmlns:ns5="http://zakupki.gov.ru/223fz/revenue/1" xmlns:ns6="http://zakupki.gov.ru/223fz/orderClauseList/1" xmlns:ns7="http://zakupki.gov.ru/223fz/disagreementProtocol/1" xmlns:ns8="http://zakupki.gov.ru/223fz/complaint/1" xmlns:ns9="http://zakupki.gov.ru/223fz/notificationIssue/1">
    <header>
        <guid>6e246bbd-644e-4e94-aedf-c7f6917b37b7</guid>
        <createDateTime>2017-03-16T20:06:41</createDateTime>
    </header>
    <ns2:body>
        <ns2:item>
            <guid>065d266b-2516-4e32-821a-39ca71f3c2e8</guid>
            <ns2:purchaseNoticeEPData>
                <ns2:guid>065d266b-2516-4e32-821a-39ca71f3c2e8</ns2:guid>
                <ns2:createDateTime>2017-03-16T20:05:55</ns2:createDateTime>
                <ns2:urlOOS>https://zakupki.gov.ru/223/purchase/private/purchase/notice-info/details.html?noticeInfoId=5888448</ns2:urlOOS>
                <ns2:urlVSRZ>http://www.rzd.ru/</ns2:urlVSRZ>
                <ns2:registrationNumber>31704900065</ns2:registrationNumber>
                <ns2:name>Поставщик обязуется поставлять с 01 января 2017 год по 31 декабря 2017 года, газ горючий природный и/или горючий природный сухой от-бензиненный (далее - газ), цена которого является государственно регулируемой, а Покупатель обязуется принимать и оплачивать газ. Подписанием настоящего Договора Покупатель подтверждает, что поставка газа осуществляется на сертифицированное газоиспользующее оборудование, принадлежащее ему на законном основании, которое подключено в соответствии с техническими условиями на присоединение к газораспреде¬лительной системе и техническими условиями по эффективному использованию газа и соответствует проекту газоснабжения, а также то, что все требования нормативно-технической документации для получения газа им выполнены и соблюдены. 2.1.1. Годовой объем поставки газа в 2017 году составляет 331,572 тыс. м3. Годовой объем поставки газа по каждой точке подключения не должен превышать объем, определенный на основании максимального часового расхода газа, указанного в технических условиях на подключение к газораспределительной системе, выданных газораспределительной и/или газотранспортной организацией, и технико-экономического расчета потребности в тепле и топливе.</ns2:name>
                <ns2:customer>
                    <mainInfo>
                        <fullName>ОТКРЫТОЕ АКЦИОНЕРНОЕ ОБЩЕСТВО "РОССИЙСКИЕ ЖЕЛЕЗНЫЕ ДОРОГИ"</fullName>
                        <shortName>ОАО "РЖД"</shortName>
                        <iko>57708503727770801001</iko>
                        <inn>7708503727</inn>
                        <kpp>770801001</kpp>
                        <ogrn>1037739877295</ogrn>
                        <legalAddress>107174, Г МОСКВА, УЛ БАСМАННАЯ НОВ., дом ДОМ 2</legalAddress>
                        <postalAddress>107174, Москва Город, Басманная Нов. Улица, дом 2</postalAddress>
                        <phone>7-499-2621002</phone>
                        <fax>7-499-2629095</fax>
                        <email>BelozerovOlVal@yandex.ru</email>
                        <okato>45286555000</okato>
                        <okpo>00083262</okpo>
                    </mainInfo>
                </ns2:customer>
                <ns2:purchaseMethodCode>3363</ns2:purchaseMethodCode>
                <ns2:purchaseCodeName>Закупка у единственного поставщика (исполнителя, подрядчика)</ns2:purchaseCodeName>
                <ns2:placer>
                    <mainInfo>
                        <fullName>ОТКРЫТОЕ АКЦИОНЕРНОЕ ОБЩЕСТВО "РОССИЙСКИЕ ЖЕЛЕЗНЫЕ ДОРОГИ"</fullName>
                        <shortName>ОАО "РЖД"</shortName>
                        <iko>57708503727770801001</iko>
                        <inn>7708503727</inn>
                        <kpp>770801001</kpp>
                        <ogrn>1037739877295</ogrn>
                        <legalAddress>107174, Г МОСКВА, УЛ БАСМАННАЯ НОВ., дом ДОМ 2</legalAddress>
                        <postalAddress>107174, Москва Город, Басманная Нов. Улица, дом 2</postalAddress>
                        <phone>7-499-2621002</phone>
                        <fax>7-499-2629095</fax>
                        <email>BelozerovOlVal@yandex.ru</email>
                        <okato>45286555000</okato>
                        <okpo>00083262</okpo>
                    </mainInfo>
                </ns2:placer>
                <ns2:contact>
                    <phone>+7 (499) 2605182</phone>
                    <email>bakanovma@center.rzd.ru</email>
                    <organization>
                        <mainInfo>
                            <fullName>ОТКРЫТОЕ АКЦИОНЕРНОЕ ОБЩЕСТВО "РОССИЙСКИЕ ЖЕЛЕЗНЫЕ ДОРОГИ"</fullName>
                            <shortName>ОАО "РЖД"</shortName>
                            <iko>57708503727770801001</iko>
                            <inn>7708503727</inn>
                            <kpp>770801001</kpp>
                            <ogrn>1037739877295</ogrn>
                            <legalAddress>107174, Г МОСКВА, УЛ БАСМАННАЯ НОВ., дом ДОМ 2</legalAddress>
                            <postalAddress>107174, Москва Город, Басманная Нов. Улица, дом 2</postalAddress>
                            <phone>7-499-2621002</phone>
                            <fax>7-499-2629095</fax>
                            <email>BelozerovOlVal@yandex.ru</email>
                            <okato>45286555000</okato>
                            <okpo>00083262</okpo>
                        </mainInfo>
                    </organization>
                </ns2:contact>
                <ns2:publicationDateTime>2017-03-16T20:06:41</ns2:publicationDateTime>
                <ns2:documentationDelivery/>
                <ns2:status>P</ns2:status>
                <ns2:version>1</ns2:version>
                <ns2:notDishonest>true</ns2:notDishonest>
                <ns2:attachments>
                    <totalDocumentsCount>1</totalDocumentsCount>
                    <document>
                        <guid>1caedfef-d4af-46d2-8bf4-f15223aade0b</guid>
                        <createDateTime>2017-03-16T20:05:55</createDateTime>
                        <fileName>Закупка у единственного поставщика, исполнителя, подрядчика.pdf</fileName>
                        <description>Закупка у единственного поставщика, исполнителя, подрядчика.pdf</description>
                        <url>http://zakupki.gov.ru/223/purchase/public/download/download.html?id=30121362</url>
                    </document>
                </ns2:attachments>
                <ns2:modificationDate>2017-03-16T20:06:41</ns2:modificationDate>
                <ns2:saveUserId>152513</ns2:saveUserId>
                <ns2:deliveryPlaceIndication>DIFFERENT_PLACE</ns2:deliveryPlaceIndication>
                <ns2:emergency>false</ns2:emergency>
                <ns2:jointPurchase>false</ns2:jointPurchase>
                <ns2:lots>
                    <lot>
                        <guid>68581497-378d-4fa8-baf6-5598eaaa8695</guid>
                        <ordinalNumber>1</ordinalNumber>
                        <lotEditEnabled>false</lotEditEnabled>
                        <lotData>
                            <subject>Поставка природного газа г. Минеральные Воды, ул.Комсомольская 41, ул.Кнышевского, 4 км Восточная Промзона, ул.Линейная 1</subject>
                            <currency>
                                <code>RUB</code>
                                <digitalCode>643</digitalCode>
                                <name>Российский рубль</name>
                            </currency>
                            <initialSum>2650047.52</initialSum>
                            <deliveryPlace>
                                <state>Северо-Кавказский федеральный округ</state>
                                <region>Ставропольский край</region>
                                <regionOkato>07000000000</regionOkato>
                                <address>указано в пункте «Место поставки (субъект РФ)» извещения, формируемого функционалом ЕИС</address>
                            </deliveryPlace>
                            <lotItems>
                                <newCodes>true</newCodes>
                                <lotItem>
                                    <guid>9710cc7d-df37-4170-9441-ab7d8c3a0b1b</guid>
                                    <ordinalNumber>1</ordinalNumber>
                                    <okpd2>
                                        <code>35.22.10.110</code>
                                        <name>Услуги по распределению и снабжению газовым топливом всех видов по системам распределительных трубопроводов</name>
                                    </okpd2>
                                    <okved2>
                                        <code>35.22.11</code>
                                        <name>Распределение природного, сухого (отбензиненного) газа по газораспределительным сетям по тарифам, регулируемым государством</name>
                                    </okved2>
                                    <okei>
                                        <code>114</code>
                                        <name>Тысяча кубических метров</name>
                                    </okei>
                                    <qty>331.572</qty>
                                </lotItem>
                            </lotItems>
                            <forSmallOrMiddle>false</forSmallOrMiddle>
                            <excludePurchaseFromPlan>false</excludePurchaseFromPlan>
                            <subcontractorsRequirement>false</subcontractorsRequirement>
                            <ignoredPurchase>false</ignoredPurchase>
                            <centralized>false</centralized>
                        </lotData>
                        <deliveryPlaceIndication>GL</deliveryPlaceIndication>
                        <jointLotData>
                            <jointLot>false</jointLot>
                        </jointLotData>
                        <lotPlanInfo>
                            <planRegistrationNumber>2160196812</planRegistrationNumber>
                            <planGuid>38bcb6e6-f2a2-4b86-bf1f-bd78b33966f3</planGuid>
                            <positionNumber>11580</positionNumber>
                            <lotPlanPosition>COMMODITY</lotPlanPosition>
                            <positionGuid>53853ca2-a565-4948-9dfe-cd81a3e38512</positionGuid>
                        </lotPlanInfo>
                        <cancelled>false</cancelled>
                    </lot>
                </ns2:lots>
            </ns2:purchaseNoticeEPData>
        </ns2:item>
    </ns2:body>
</ns2:purchaseNoticeEP>
