<?xml version="1.0" encoding="UTF-8" standalone="yes"?>
<ns2:purchaseNoticeEP xsi:schemaLocation="http://zakupki.gov.ru/223/integration/schema/TFF-5.2 http://zakupki.gov.ru/223/integration/schema/TFF-5.2/purchase.xsd" xmlns="http://zakupki.gov.ru/223fz/types/1" xmlns:ns10="http://zakupki.gov.ru/223fz/purchasePlan/1" xmlns:ns11="http://zakupki.gov.ru/223fz/purchasePlanProject/1" xmlns:ns12="http://zakupki.gov.ru/223fz/purchasePlanProjectAdditionalPosition/1" xmlns:ns13="http://zakupki.gov.ru/223fz/contract/1" xmlns:ns14="http://zakupki.gov.ru/223fz/missedNotice/1" xmlns:ns15="http://zakupki.gov.ru/223fz/reference/1" xmlns:ns16="http://zakupki.gov.ru/223fz/stopCommodity/1" xmlns:ns17="http://zakupki.gov.ru/223fz/decisionSuspension/1" xmlns:ns18="http://zakupki.gov.ru/223fz/purchasePlanAdditionalPosition/1" xmlns:ns19="http://zakupki.gov.ru/223fz/webRequest/1" xmlns:ns2="http://zakupki.gov.ru/223fz/purchase/1" xmlns:xsi="http://www.w3.org/2001/XMLSchema-instance" xmlns:ns3="http://zakupki.gov.ru/223fz/dishonestSupplier/1" xmlns:ns4="http://zakupki.gov.ru/223fz/machineryListInfo/1" xmlns:ns5="http://zakupki.gov.ru/223fz/revenue/1" xmlns:ns6="http://zakupki.gov.ru/223fz/orderClauseList/1" xmlns:ns7="http://zakupki.gov.ru/223fz/disagreementProtocol/1" xmlns:ns8="http://zakupki.gov.ru/223fz/complaint/1" xmlns:ns9="http://zakupki.gov.ru/223fz/notificationIssue/1">
    <header>
        <guid>76c128f5-7ac7-4000-99af-b1bf44b0e751</guid>
        <createDateTime>2017-03-16T16:42:45</createDateTime>
    </header>
    <ns2:body>
        <ns2:item>
            <guid>c949cf9b-9f86-4f42-9926-976a8e98a35a</guid>
            <ns2:purchaseNoticeEPData>
                <ns2:guid>c949cf9b-9f86-4f42-9926-976a8e98a35a</ns2:guid>
                <ns2:createDateTime>2017-03-16T16:27:21</ns2:createDateTime>
                <ns2:urlOOS>https://zakupki.gov.ru/223/purchase/private/purchase/notice-info/details.html?noticeInfoId=5887498</ns2:urlOOS>
                <ns2:registrationNumber>31704899309</ns2:registrationNumber>
                <ns2:name>Закупка стенда рекламного</ns2:name>
                <ns2:customer>
                    <mainInfo>
                        <fullName>Федеральное государственное бюджетное учреждение науки Физический институт им. П.Н. Лебедева Российской академии наук</fullName>
                        <shortName>ФИАН</shortName>
                        <iko>87736037394773601001</iko>
                        <inn>7736037394</inn>
                        <kpp>773601001</kpp>
                        <ogrn>1027739617960</ogrn>
                        <legalAddress>119991, Москва, Ленинский, дом 53</legalAddress>
                        <postalAddress>119991, Москва, Ленинский проспект, дом 53</postalAddress>
                        <phone>7-499-1354171</phone>
                        <fax>7-499-1354171</fax>
                        <email>mattech@sci.lebedev.ru</email>
                        <okato>45293558000</okato>
                        <okpo>02698766</okpo>
                    </mainInfo>
                </ns2:customer>
                <ns2:purchaseMethodCode>3363</ns2:purchaseMethodCode>
                <ns2:purchaseCodeName>Закупка у единственного поставщика (исполнителя, подрядчика)</ns2:purchaseCodeName>
                <ns2:placer>
                    <mainInfo>
                        <fullName>Федеральное государственное бюджетное учреждение науки Физический институт им. П.Н. Лебедева Российской академии наук</fullName>
                        <shortName>ФИАН</shortName>
                        <iko>87736037394773601001</iko>
                        <inn>7736037394</inn>
                        <kpp>773601001</kpp>
                        <ogrn>1027739617960</ogrn>
                        <legalAddress>119991, Москва, Ленинский, дом 53</legalAddress>
                        <postalAddress>119991, Москва, Ленинский проспект, дом 53</postalAddress>
                        <phone>7-499-1354171</phone>
                        <fax>7-499-1354171</fax>
                        <email>mattech@sci.lebedev.ru</email>
                        <okato>45293558000</okato>
                        <okpo>02698766</okpo>
                    </mainInfo>
                </ns2:placer>
                <ns2:contact>
                    <phone>+7 (499) 1326794</phone>
                    <email>zakupki@sci.lebedev.ru</email>
                    <organization>
                        <mainInfo>
                            <fullName>Федеральное государственное бюджетное учреждение науки Физический институт им. П.Н. Лебедева Российской академии наук</fullName>
                            <shortName>ФИАН</shortName>
                            <iko>87736037394773601001</iko>
                            <inn>7736037394</inn>
                            <kpp>773601001</kpp>
                            <ogrn>1027739617960</ogrn>
                            <legalAddress>119991, Москва, Ленинский, дом 53</legalAddress>
                            <postalAddress>119991, Москва, Ленинский проспект, дом 53</postalAddress>
                            <phone>7-499-1354171</phone>
                            <fax>7-499-1354171</fax>
                            <email>mattech@sci.lebedev.ru</email>
                            <okato>45293558000</okato>
                            <okpo>02698766</okpo>
                        </mainInfo>
                    </organization>
                </ns2:contact>
                <ns2:publicationDateTime>2017-03-16T16:42:45</ns2:publicationDateTime>
                <ns2:documentationDelivery>
                    <procedure>Не предоставляется</procedure>
                </ns2:documentationDelivery>
                <ns2:status>P</ns2:status>
                <ns2:version>1</ns2:version>
                <ns2:notDishonest>true</ns2:notDishonest>
                <ns2:attachments>
                    <totalDocumentsCount>2</totalDocumentsCount>
                    <document>
                        <guid>155e9f03-c88f-4640-bcb6-1f5c0c15a2a3</guid>
                        <createDateTime>2017-03-16T16:41:41</createDateTime>
                        <fileName>Извещение и Документация ЕП ПП-14 №18-2017.doc</fileName>
                        <description>Извещение и Документация ЕП ПП-14 №18-2017</description>
                        <url>http://zakupki.gov.ru/223/purchase/public/download/download.html?id=30117390</url>
                    </document>
                    <document>
                        <guid>f82fec8f-59f5-4ca1-b8a5-5fe91221dbdc</guid>
                        <createDateTime>2017-03-16T16:42:03</createDateTime>
                        <fileName>Счет 157 от 13.03.2017.JPG</fileName>
                        <description>Счет 157 от 13.03.2017</description>
                        <url>http://zakupki.gov.ru/223/purchase/public/download/download.html?id=30117407</url>
                    </document>
                </ns2:attachments>
                <ns2:modificationDate>2017-03-16T16:42:45</ns2:modificationDate>
                <ns2:saveUserId>166040</ns2:saveUserId>
                <ns2:deliveryPlaceIndication>DIFFERENT_PLACE</ns2:deliveryPlaceIndication>
                <ns2:emergency>false</ns2:emergency>
                <ns2:jointPurchase>false</ns2:jointPurchase>
                <ns2:lots>
                    <lot>
                        <guid>c7938f36-24a4-4313-9a04-9a3732d511b2</guid>
                        <ordinalNumber>1</ordinalNumber>
                        <lotEditEnabled>false</lotEditEnabled>
                        <lotData>
                            <subject>Закупка стенда рекламного</subject>
                            <currency>
                                <code>RUB</code>
                                <digitalCode>643</digitalCode>
                                <name>Российский рубль</name>
                            </currency>
                            <initialSum>10410.00</initialSum>
                            <deliveryPlace>
                                <state>Центральный федеральный округ</state>
                                <region>Московская   обл</region>
                                <regionOkato>46000000000</regionOkato>
                                <address>ул. Профсоюзная д. 84/32</address>
                            </deliveryPlace>
                            <lotItems>
                                <newCodes>true</newCodes>
                                <lotItem>
                                    <guid>85830196-0ebd-486a-812b-9fb1b05c3228</guid>
                                    <ordinalNumber>1</ordinalNumber>
                                    <okpd2>
                                        <code>73.11.19.000</code>
                                        <name>Услуги рекламные прочие</name>
                                    </okpd2>
                                    <okved2>
                                        <code>73.11</code>
                                        <name>Деятельность рекламных агентств</name>
                                    </okved2>
                                    <okei>
                                        <code>796</code>
                                        <name>Штука</name>
                                    </okei>
                                    <qty>3</qty>
                                </lotItem>
                            </lotItems>
                            <forSmallOrMiddle>false</forSmallOrMiddle>
                            <excludePurchaseFromPlan>true</excludePurchaseFromPlan>
                            <subcontractorsRequirement>false</subcontractorsRequirement>
                            <ignoredPurchase>false</ignoredPurchase>
                            <centralized>false</centralized>
                        </lotData>
                        <deliveryPlaceIndication>GL</deliveryPlaceIndication>
                        <jointLotData>
                            <jointLot>false</jointLot>
                        </jointLotData>
                        <cancelled>false</cancelled>
                    </lot>
                </ns2:lots>
            </ns2:purchaseNoticeEPData>
        </ns2:item>
    </ns2:body>
</ns2:purchaseNoticeEP>
