<?xml version="1.0" encoding="UTF-8" standalone="yes"?>
<ns2:purchaseNoticeEP xsi:schemaLocation="http://zakupki.gov.ru/223/integration/schema/TFF-5.2 http://zakupki.gov.ru/223/integration/schema/TFF-5.2/purchase.xsd" xmlns="http://zakupki.gov.ru/223fz/types/1" xmlns:ns10="http://zakupki.gov.ru/223fz/purchasePlan/1" xmlns:ns11="http://zakupki.gov.ru/223fz/purchasePlanProject/1" xmlns:ns12="http://zakupki.gov.ru/223fz/purchasePlanProjectAdditionalPosition/1" xmlns:ns13="http://zakupki.gov.ru/223fz/contract/1" xmlns:ns14="http://zakupki.gov.ru/223fz/missedNotice/1" xmlns:ns15="http://zakupki.gov.ru/223fz/reference/1" xmlns:ns16="http://zakupki.gov.ru/223fz/stopCommodity/1" xmlns:ns17="http://zakupki.gov.ru/223fz/decisionSuspension/1" xmlns:ns18="http://zakupki.gov.ru/223fz/purchasePlanAdditionalPosition/1" xmlns:ns19="http://zakupki.gov.ru/223fz/webRequest/1" xmlns:ns2="http://zakupki.gov.ru/223fz/purchase/1" xmlns:xsi="http://www.w3.org/2001/XMLSchema-instance" xmlns:ns3="http://zakupki.gov.ru/223fz/dishonestSupplier/1" xmlns:ns4="http://zakupki.gov.ru/223fz/machineryListInfo/1" xmlns:ns5="http://zakupki.gov.ru/223fz/revenue/1" xmlns:ns6="http://zakupki.gov.ru/223fz/orderClauseList/1" xmlns:ns7="http://zakupki.gov.ru/223fz/disagreementProtocol/1" xmlns:ns8="http://zakupki.gov.ru/223fz/complaint/1" xmlns:ns9="http://zakupki.gov.ru/223fz/notificationIssue/1">
    <header>
        <guid>8b7c8409-2cf1-491a-92d1-80648a052b70</guid>
        <createDateTime>2017-03-16T14:17:41</createDateTime>
    </header>
    <ns2:body>
        <ns2:item>
            <guid>16b24f3f-a9f6-43ac-80a5-c9ad357ae95f</guid>
            <ns2:purchaseNoticeEPData>
                <ns2:guid>16b24f3f-a9f6-43ac-80a5-c9ad357ae95f</ns2:guid>
                <ns2:createDateTime>2017-03-16T14:14:26</ns2:createDateTime>
                <ns2:urlOOS>https://zakupki.gov.ru/223/purchase/private/purchase/notice-info/details.html?noticeInfoId=5885881</ns2:urlOOS>
                <ns2:registrationNumber>31704897873</ns2:registrationNumber>
                <ns2:name>Аренда помещения</ns2:name>
                <ns2:customer>
                    <mainInfo>
                        <fullName>АКЦИОНЕРНОЕ ОБЩЕСТВО "ВЭБ-ЛИЗИНГ"</fullName>
                        <shortName>АО "ВЭБ-ЛИЗИНГ"</shortName>
                        <iko>67709413138770401001</iko>
                        <inn>7709413138</inn>
                        <kpp>770401001</kpp>
                        <ogrn>1037709024781</ogrn>
                        <legalAddress>125009, Г МОСКВА, УЛ ВОЗДВИЖЕНКА, дом 10</legalAddress>
                        <postalAddress>125009, Москва Город, Воздвиженка Улица, дом 10</postalAddress>
                        <phone>7-495-9814240</phone>
                        <fax>7-495-9814239</fax>
                        <email>e.chamara@veb-leasing.ru</email>
                        <okato>45286552000</okato>
                        <okpo>14121173</okpo>
                    </mainInfo>
                </ns2:customer>
                <ns2:purchaseMethodCode>3363</ns2:purchaseMethodCode>
                <ns2:purchaseCodeName>Закупка у единственного поставщика (исполнителя, подрядчика)</ns2:purchaseCodeName>
                <ns2:placer>
                    <mainInfo>
                        <fullName>АКЦИОНЕРНОЕ ОБЩЕСТВО "ВЭБ-ЛИЗИНГ"</fullName>
                        <shortName>АО "ВЭБ-ЛИЗИНГ"</shortName>
                        <iko>67709413138770401001</iko>
                        <inn>7709413138</inn>
                        <kpp>770401001</kpp>
                        <ogrn>1037709024781</ogrn>
                        <legalAddress>125009, Г МОСКВА, УЛ ВОЗДВИЖЕНКА, дом 10</legalAddress>
                        <postalAddress>125009, Москва Город, Воздвиженка Улица, дом 10</postalAddress>
                        <phone>7-495-9814240</phone>
                        <fax>7-495-9814239</fax>
                        <email>e.chamara@veb-leasing.ru</email>
                        <okato>45286552000</okato>
                        <okpo>14121173</okpo>
                    </mainInfo>
                </ns2:placer>
                <ns2:contact>
                    <phone>+7 (495) 9814240, доб.: 1522</phone>
                    <email>Е.Malakhova@veb-leasing.ru</email>
                    <organization>
                        <mainInfo>
                            <fullName>АКЦИОНЕРНОЕ ОБЩЕСТВО "ВЭБ-ЛИЗИНГ"</fullName>
                            <shortName>АО "ВЭБ-ЛИЗИНГ"</shortName>
                            <iko>67709413138770401001</iko>
                            <inn>7709413138</inn>
                            <kpp>770401001</kpp>
                            <ogrn>1037709024781</ogrn>
                            <legalAddress>125009, Г МОСКВА, УЛ ВОЗДВИЖЕНКА, дом 10</legalAddress>
                            <postalAddress>125009, Москва Город, Воздвиженка Улица, дом 10</postalAddress>
                            <phone>7-495-9814240</phone>
                            <fax>7-495-9814239</fax>
                            <email>e.chamara@veb-leasing.ru</email>
                            <okato>45286552000</okato>
                            <okpo>14121173</okpo>
                        </mainInfo>
                    </organization>
                </ns2:contact>
                <ns2:publicationDateTime>2017-03-16T14:17:41</ns2:publicationDateTime>
                <ns2:documentationDelivery/>
                <ns2:status>P</ns2:status>
                <ns2:version>1</ns2:version>
                <ns2:notDishonest>false</ns2:notDishonest>
                <ns2:attachments>
                    <totalDocumentsCount>4</totalDocumentsCount>
                    <document>
                        <guid>5116271a-91f0-457f-abce-caad3e3dd23b</guid>
                        <createDateTime>2017-03-16T14:17:23</createDateTime>
                        <fileName>8.1- Протокол аренда г. ,Белгород 506000.pdf</fileName>
                        <description>8.1- Протокол аренда г. ,Белгород 506000</description>
                        <url>http://zakupki.gov.ru/223/purchase/public/download/download.html?id=30109154</url>
                    </document>
                    <document>
                        <guid>18efe347-cd83-4e2d-a6eb-a4f3e52b5302</guid>
                        <createDateTime>2017-03-16T14:17:06</createDateTime>
                        <fileName>Извещение аренда г. Белгород 506000.docx</fileName>
                        <description>Извещение аренда г. Белгород 506000</description>
                        <url>http://zakupki.gov.ru/223/purchase/public/download/download.html?id=30109142</url>
                    </document>
                    <document>
                        <guid>a323ef81-4982-4c05-9dfb-b8deaa120b9e</guid>
                        <createDateTime>2017-03-16T14:17:12</createDateTime>
                        <fileName>Документация аренда  г. Белгород 506000.docx</fileName>
                        <description>Документация аренда  г. Белгород 506000</description>
                        <url>http://zakupki.gov.ru/223/purchase/public/download/download.html?id=30109144</url>
                    </document>
                    <document>
                        <guid>5c8f16df-4ff3-4bba-9321-39c1658be84a</guid>
                        <createDateTime>2017-03-16T14:17:18</createDateTime>
                        <fileName>ДА от 01.04.2017 (1984926 v1) (1992654 v1).DOCX</fileName>
                        <description>ДА от 01.04.2017 (1984926 v1) (1992654 v1)</description>
                        <url>http://zakupki.gov.ru/223/purchase/public/download/download.html?id=30109146</url>
                    </document>
                </ns2:attachments>
                <ns2:modificationDate>2017-03-16T14:17:41</ns2:modificationDate>
                <ns2:saveUserId>225074</ns2:saveUserId>
                <ns2:deliveryPlaceIndication>DIFFERENT_PLACE</ns2:deliveryPlaceIndication>
                <ns2:emergency>false</ns2:emergency>
                <ns2:jointPurchase>false</ns2:jointPurchase>
                <ns2:lots>
                    <lot>
                        <guid>ed0acfa3-30c5-47d1-9ba0-8f55cd59e70c</guid>
                        <ordinalNumber>1</ordinalNumber>
                        <lotEditEnabled>false</lotEditEnabled>
                        <lotData>
                            <subject>Аренда помещения</subject>
                            <currency>
                                <code>RUB</code>
                                <digitalCode>643</digitalCode>
                                <name>Российский рубль</name>
                            </currency>
                            <initialSum>506000.00</initialSum>
                            <deliveryPlace>
                                <state>Центральный федеральный округ</state>
                                <region>Белгородская   обл</region>
                                <regionOkato>14000000000</regionOkato>
                                <address>г. Белгород</address>
                            </deliveryPlace>
                            <lotItems>
                                <newCodes>true</newCodes>
                                <lotItem>
                                    <guid>c9e4b39c-3912-4050-9355-701fd3ba3cdd</guid>
                                    <ordinalNumber>1</ordinalNumber>
                                    <okpd2>
                                        <code>68.20.12.000</code>
                                        <name>Услуги по сдаче в аренду (внаем) собственных или арендованных нежилых помещений</name>
                                    </okpd2>
                                    <okved2>
                                        <code>68.20.2</code>
                                        <name>Аренда и управление собственным или арендованным нежилым недвижимым имуществом</name>
                                    </okved2>
                                    <okei>
                                        <code>055</code>
                                        <name>Квадратный метр</name>
                                    </okei>
                                    <qty>50</qty>
                                </lotItem>
                            </lotItems>
                            <forSmallOrMiddle>false</forSmallOrMiddle>
                            <excludePurchaseFromPlan>false</excludePurchaseFromPlan>
                            <subcontractorsRequirement>false</subcontractorsRequirement>
                            <ignoredPurchase>true</ignoredPurchase>
                            <purchaseCategory>
                                <code>11</code>
                                <name>Закупки, предметом которых является аренда и (или) приобретение в собственность объектов недвижимого имущества</name>
                            </purchaseCategory>
                            <centralized>false</centralized>
                        </lotData>
                        <deliveryPlaceIndication>GL</deliveryPlaceIndication>
                        <jointLotData>
                            <jointLot>false</jointLot>
                        </jointLotData>
                        <lotPlanInfo>
                            <planRegistrationNumber>2160197612</planRegistrationNumber>
                            <planGuid>b31dd4ba-032c-4606-b30c-58519f6b771c</planGuid>
                            <positionNumber>48</positionNumber>
                            <lotPlanPosition>COMMODITY</lotPlanPosition>
                            <positionGuid>4c6f6384-12fc-4524-9b15-0f56195b13d0</positionGuid>
                        </lotPlanInfo>
                        <cancelled>false</cancelled>
                    </lot>
                </ns2:lots>
            </ns2:purchaseNoticeEPData>
        </ns2:item>
    </ns2:body>
</ns2:purchaseNoticeEP>
