<?xml version="1.0" encoding="UTF-8" standalone="yes"?>
<ns2:purchaseNoticeEP xsi:schemaLocation="http://zakupki.gov.ru/223/integration/schema/TFF-5.2 http://zakupki.gov.ru/223/integration/schema/TFF-5.2/purchase.xsd" xmlns="http://zakupki.gov.ru/223fz/types/1" xmlns:ns10="http://zakupki.gov.ru/223fz/purchasePlan/1" xmlns:ns11="http://zakupki.gov.ru/223fz/purchasePlanProject/1" xmlns:ns12="http://zakupki.gov.ru/223fz/purchasePlanProjectAdditionalPosition/1" xmlns:ns13="http://zakupki.gov.ru/223fz/contract/1" xmlns:ns14="http://zakupki.gov.ru/223fz/missedNotice/1" xmlns:ns15="http://zakupki.gov.ru/223fz/reference/1" xmlns:ns16="http://zakupki.gov.ru/223fz/stopCommodity/1" xmlns:ns17="http://zakupki.gov.ru/223fz/decisionSuspension/1" xmlns:ns18="http://zakupki.gov.ru/223fz/purchasePlanAdditionalPosition/1" xmlns:ns19="http://zakupki.gov.ru/223fz/webRequest/1" xmlns:ns2="http://zakupki.gov.ru/223fz/purchase/1" xmlns:xsi="http://www.w3.org/2001/XMLSchema-instance" xmlns:ns3="http://zakupki.gov.ru/223fz/dishonestSupplier/1" xmlns:ns4="http://zakupki.gov.ru/223fz/machineryListInfo/1" xmlns:ns5="http://zakupki.gov.ru/223fz/revenue/1" xmlns:ns6="http://zakupki.gov.ru/223fz/orderClauseList/1" xmlns:ns7="http://zakupki.gov.ru/223fz/disagreementProtocol/1" xmlns:ns8="http://zakupki.gov.ru/223fz/complaint/1" xmlns:ns9="http://zakupki.gov.ru/223fz/notificationIssue/1">
    <header>
        <guid>08370b55-f334-41de-855c-a0491762d666</guid>
        <createDateTime>2017-03-16T15:59:08</createDateTime>
    </header>
    <ns2:body>
        <ns2:item>
            <guid>df33338a-6ade-4232-bab4-112dbba6ad5d</guid>
            <ns2:purchaseNoticeEPData>
                <ns2:guid>df33338a-6ade-4232-bab4-112dbba6ad5d</ns2:guid>
                <ns2:createDateTime>2017-03-16T15:49:42</ns2:createDateTime>
                <ns2:urlOOS>https://zakupki.gov.ru/223/purchase/private/purchase/notice-info/details.html?noticeInfoId=5887063</ns2:urlOOS>
                <ns2:registrationNumber>31704898885</ns2:registrationNumber>
                <ns2:name>Выполнение НИР "Разработка аппаратно-ориентированных алгоритмов и специального программного обеспечения распознования обьектов для специализированных вычислительных средств"</ns2:name>
                <ns2:customer>
                    <mainInfo>
                        <fullName>ФЕДЕРАЛЬНОЕ ГОСУДАРСТВЕННОЕ УНИТАРНОЕ ПРЕДПРИЯТИЕ "ГОСУДАРСТВЕННЫЙ НАУЧНО-ИССЛЕДОВАТЕЛЬСКИЙ ИНСТИТУТ АВИАЦИОННЫХ СИСТЕМ"</fullName>
                        <shortName>ФГУП"ГОСНИИАС"</shortName>
                        <iko>57714037739771401001</iko>
                        <inn>7714037739</inn>
                        <kpp>771401001</kpp>
                        <ogrn>1027700227720</ogrn>
                        <legalAddress>125319, Г МОСКВА, УЛ ВИКТОРЕНКО, дом ДОМ 7</legalAddress>
                        <postalAddress>125319, Москва, Викторенко, дом 7</postalAddress>
                        <phone>7-499-1570340</phone>
                        <fax>7-499-1570340</fax>
                        <email>sharon@gosniias.ru</email>
                        <okato>45277598000</okato>
                        <okpo>07539618</okpo>
                    </mainInfo>
                </ns2:customer>
                <ns2:purchaseMethodCode>3363</ns2:purchaseMethodCode>
                <ns2:purchaseCodeName>Закупка у единственного поставщика (исполнителя, подрядчика)</ns2:purchaseCodeName>
                <ns2:placer>
                    <mainInfo>
                        <fullName>ФЕДЕРАЛЬНОЕ ГОСУДАРСТВЕННОЕ УНИТАРНОЕ ПРЕДПРИЯТИЕ "ГОСУДАРСТВЕННЫЙ НАУЧНО-ИССЛЕДОВАТЕЛЬСКИЙ ИНСТИТУТ АВИАЦИОННЫХ СИСТЕМ"</fullName>
                        <shortName>ФГУП"ГОСНИИАС"</shortName>
                        <iko>57714037739771401001</iko>
                        <inn>7714037739</inn>
                        <kpp>771401001</kpp>
                        <ogrn>1027700227720</ogrn>
                        <legalAddress>125319, Г МОСКВА, УЛ ВИКТОРЕНКО, дом ДОМ 7</legalAddress>
                        <postalAddress>125319, Москва, Викторенко, дом 7</postalAddress>
                        <phone>7-499-1570340</phone>
                        <fax>7-499-1570340</fax>
                        <email>sharon@gosniias.ru</email>
                        <okato>45277598000</okato>
                        <okpo>07539618</okpo>
                    </mainInfo>
                </ns2:placer>
                <ns2:contact>
                    <firstName>Елена</firstName>
                    <middleName>Анатольевна</middleName>
                    <lastName>Шаронова</lastName>
                    <phone>+7 (499) 1570340</phone>
                    <fax>+7 (499) 1570340</fax>
                    <email>sharon@gosniias.ru</email>
                    <organization>
                        <mainInfo>
                            <fullName>ФЕДЕРАЛЬНОЕ ГОСУДАРСТВЕННОЕ УНИТАРНОЕ ПРЕДПРИЯТИЕ "ГОСУДАРСТВЕННЫЙ НАУЧНО-ИССЛЕДОВАТЕЛЬСКИЙ ИНСТИТУТ АВИАЦИОННЫХ СИСТЕМ"</fullName>
                            <shortName>ФГУП"ГОСНИИАС"</shortName>
                            <iko>57714037739771401001</iko>
                            <inn>7714037739</inn>
                            <kpp>771401001</kpp>
                            <ogrn>1027700227720</ogrn>
                            <legalAddress>125319, Г МОСКВА, УЛ ВИКТОРЕНКО, дом ДОМ 7</legalAddress>
                            <postalAddress>125319, Москва, Викторенко, дом 7</postalAddress>
                            <phone>7-499-1570340</phone>
                            <fax>7-499-1570340</fax>
                            <email>sharon@gosniias.ru</email>
                            <okato>45277598000</okato>
                            <okpo>07539618</okpo>
                        </mainInfo>
                    </organization>
                    <additionalContactInfo>местный номер телефона 5-21</additionalContactInfo>
                </ns2:contact>
                <ns2:publicationDateTime>2017-03-16T15:59:08</ns2:publicationDateTime>
                <ns2:documentationDelivery>
                    <deliveryStartDateTime>2017-03-16</deliveryStartDateTime>
                    <deliveryEndDateTime>2017-03-16</deliveryEndDateTime>
                    <place>www.zakupki.gov.ru</place>
                    <procedure>Документация о закупке у единственного поставщика (исполнителя, подрядчика) размещена в единой информационной системе в сфере закупок – www.zakupki.gov.ru</procedure>
                </ns2:documentationDelivery>
                <ns2:status>P</ns2:status>
                <ns2:version>1</ns2:version>
                <ns2:notDishonest>true</ns2:notDishonest>
                <ns2:attachments>
                    <totalDocumentsCount>2</totalDocumentsCount>
                    <document>
                        <guid>9359b4d4-8632-4663-8028-6d0d64c56224</guid>
                        <createDateTime>2017-03-16T15:54:35</createDateTime>
                        <fileName>документация работы.doc</fileName>
                        <description>документация работы</description>
                        <url>http://zakupki.gov.ru/223/purchase/public/download/download.html?id=30114966</url>
                    </document>
                    <document>
                        <guid>921ac552-42d6-4ea3-b756-cf9d26df4145</guid>
                        <createDateTime>2017-03-16T15:54:48</createDateTime>
                        <fileName>01_Дог_ИИТ_0217-1.doc</fileName>
                        <description>01_Дог_ИИТ_0217-1</description>
                        <url>http://zakupki.gov.ru/223/purchase/public/download/download.html?id=30114972</url>
                    </document>
                </ns2:attachments>
                <ns2:modificationDate>2017-03-16T15:59:08</ns2:modificationDate>
                <ns2:saveUserId>17327</ns2:saveUserId>
                <ns2:deliveryPlaceIndication>SINGLE_PLACE</ns2:deliveryPlaceIndication>
                <ns2:emergency>false</ns2:emergency>
                <ns2:jointPurchase>false</ns2:jointPurchase>
                <ns2:lots>
                    <lot>
                        <guid>865a19b6-4bd2-4391-aa7e-6b7927721e66</guid>
                        <ordinalNumber>1</ordinalNumber>
                        <lotEditEnabled>false</lotEditEnabled>
                        <lotData>
                            <subject>Выполнение НИР "Разработка аппаратно-ориентированных алгоритмов и специального программного обеспечения распознования обьектов для специализированных вычислительных средств"</subject>
                            <currency>
                                <code>RUB</code>
                                <digitalCode>643</digitalCode>
                                <name>Российский рубль</name>
                            </currency>
                            <initialSum>4000000.00</initialSum>
                            <deliveryPlace>
                                <state>Центральный федеральный округ</state>
                                <region>Москва</region>
                                <regionOkato>45000000000</regionOkato>
                                <address>129164, г. Москва, ул. Ярославская, д.8, кор.2 (ЗАО «ИИТ»)</address>
                            </deliveryPlace>
                            <lotItems>
                                <newCodes>true</newCodes>
                                <lotItem>
                                    <guid>e023a36a-a7fa-49e0-a19c-a54d6bf52106</guid>
                                    <ordinalNumber>1</ordinalNumber>
                                    <okpd2>
                                        <code>62.01.1</code>
                                        <name>Услуги по проектированию, разработке информационных технологий для прикладных задач и тестированию программного обеспечения</name>
                                    </okpd2>
                                    <okved2>
                                        <code>62.01</code>
                                        <name>Разработка компьютерного программного обеспечения</name>
                                    </okved2>
                                    <okei>
                                        <code>796</code>
                                        <name>Штука</name>
                                    </okei>
                                    <qty>1</qty>
                                </lotItem>
                            </lotItems>
                            <forSmallOrMiddle>false</forSmallOrMiddle>
                            <excludePurchaseFromPlan>false</excludePurchaseFromPlan>
                            <subcontractorsRequirement>false</subcontractorsRequirement>
                            <ignoredPurchase>false</ignoredPurchase>
                            <centralized>false</centralized>
                        </lotData>
                        <deliveryPlaceIndication>GL</deliveryPlaceIndication>
                        <jointLotData>
                            <jointLot>false</jointLot>
                        </jointLotData>
                        <lotPlanInfo>
                            <planRegistrationNumber>2160203913</planRegistrationNumber>
                            <planGuid>7daf7815-fea6-4a98-8243-505a85be30be</planGuid>
                            <positionNumber>56</positionNumber>
                            <lotPlanPosition>COMMODITY</lotPlanPosition>
                            <positionGuid>da4c6016-64b6-4102-97be-76eff5002524</positionGuid>
                        </lotPlanInfo>
                        <cancelled>false</cancelled>
                    </lot>
                </ns2:lots>
            </ns2:purchaseNoticeEPData>
        </ns2:item>
    </ns2:body>
</ns2:purchaseNoticeEP>
