<?xml version="1.0" encoding="UTF-8" standalone="yes"?>
<ns2:purchaseNoticeEP xsi:schemaLocation="http://zakupki.gov.ru/223/integration/schema/TFF-5.2 http://zakupki.gov.ru/223/integration/schema/TFF-5.2/purchase.xsd" xmlns="http://zakupki.gov.ru/223fz/types/1" xmlns:ns10="http://zakupki.gov.ru/223fz/purchasePlan/1" xmlns:ns11="http://zakupki.gov.ru/223fz/purchasePlanProject/1" xmlns:ns12="http://zakupki.gov.ru/223fz/purchasePlanProjectAdditionalPosition/1" xmlns:ns13="http://zakupki.gov.ru/223fz/contract/1" xmlns:ns14="http://zakupki.gov.ru/223fz/missedNotice/1" xmlns:ns15="http://zakupki.gov.ru/223fz/reference/1" xmlns:ns16="http://zakupki.gov.ru/223fz/stopCommodity/1" xmlns:ns17="http://zakupki.gov.ru/223fz/decisionSuspension/1" xmlns:ns18="http://zakupki.gov.ru/223fz/purchasePlanAdditionalPosition/1" xmlns:ns19="http://zakupki.gov.ru/223fz/webRequest/1" xmlns:ns2="http://zakupki.gov.ru/223fz/purchase/1" xmlns:xsi="http://www.w3.org/2001/XMLSchema-instance" xmlns:ns3="http://zakupki.gov.ru/223fz/dishonestSupplier/1" xmlns:ns4="http://zakupki.gov.ru/223fz/machineryListInfo/1" xmlns:ns5="http://zakupki.gov.ru/223fz/revenue/1" xmlns:ns6="http://zakupki.gov.ru/223fz/orderClauseList/1" xmlns:ns7="http://zakupki.gov.ru/223fz/disagreementProtocol/1" xmlns:ns8="http://zakupki.gov.ru/223fz/complaint/1" xmlns:ns9="http://zakupki.gov.ru/223fz/notificationIssue/1">
    <header>
        <guid>11efda90-27c5-4dba-8dc2-07deea9a07c3</guid>
        <createDateTime>2017-03-16T18:27:41</createDateTime>
    </header>
    <ns2:body>
        <ns2:item>
            <guid>5c70d2d7-a776-4b01-bd19-3433edfbf7ac</guid>
            <ns2:purchaseNoticeEPData>
                <ns2:guid>5c70d2d7-a776-4b01-bd19-3433edfbf7ac</ns2:guid>
                <ns2:createDateTime>2017-03-16T18:21:15</ns2:createDateTime>
                <ns2:urlOOS>https://zakupki.gov.ru/223/purchase/private/purchase/notice-info/details.html?noticeInfoId=5888302</ns2:urlOOS>
                <ns2:registrationNumber>31704899929</ns2:registrationNumber>
                <ns2:name>Услуги по перевозке пассажиров автомобильным транспортом по заявкам Заказчика</ns2:name>
                <ns2:customer>
                    <mainInfo>
                        <fullName>ФЕДЕРАЛЬНОЕ ГОСУДАРСТВЕННОЕ БЮДЖЕТНОЕ УЧРЕЖДЕНИЕ КУЛЬТУРЫ "ГОСУДАРСТВЕННЫЙ АКАДЕМИЧЕСКИЙ БОЛЬШОЙ СИМФОНИЧЕСКИЙ ОРКЕСТР ИМ. П.И. ЧАЙКОВСКОГО"</fullName>
                        <shortName>БСО ИМ. П.И. ЧАЙКОВСКОГО</shortName>
                        <iko>87703053231770301001</iko>
                        <inn>7703053231</inn>
                        <kpp>770301001</kpp>
                        <ogrn>1037739033530</ogrn>
                        <legalAddress>121069, Г МОСКВА, УЛ НИКИТСКАЯ М., дом 24</legalAddress>
                        <postalAddress>121069, Москва Город, Никитская М. Улица, дом 24</postalAddress>
                        <email>tsom@fedoseyev.com</email>
                        <okato>45286575000</okato>
                        <okpo>43259949</okpo>
                    </mainInfo>
                </ns2:customer>
                <ns2:purchaseMethodCode>3363</ns2:purchaseMethodCode>
                <ns2:purchaseCodeName>Закупка у единственного поставщика (исполнителя, подрядчика)</ns2:purchaseCodeName>
                <ns2:placer>
                    <mainInfo>
                        <fullName>ФЕДЕРАЛЬНОЕ ГОСУДАРСТВЕННОЕ БЮДЖЕТНОЕ УЧРЕЖДЕНИЕ КУЛЬТУРЫ "ГОСУДАРСТВЕННЫЙ АКАДЕМИЧЕСКИЙ БОЛЬШОЙ СИМФОНИЧЕСКИЙ ОРКЕСТР ИМ. П.И. ЧАЙКОВСКОГО"</fullName>
                        <shortName>БСО ИМ. П.И. ЧАЙКОВСКОГО</shortName>
                        <iko>87703053231770301001</iko>
                        <inn>7703053231</inn>
                        <kpp>770301001</kpp>
                        <ogrn>1037739033530</ogrn>
                        <legalAddress>121069, Г МОСКВА, УЛ НИКИТСКАЯ М., дом 24</legalAddress>
                        <postalAddress>121069, Москва Город, Никитская М. Улица, дом 24</postalAddress>
                        <email>tsom@fedoseyev.com</email>
                        <okato>45286575000</okato>
                        <okpo>43259949</okpo>
                    </mainInfo>
                </ns2:placer>
                <ns2:contact>
                    <firstName>Наталья </firstName>
                    <middleName> Павловна</middleName>
                    <lastName> Максимова </lastName>
                    <phone>+7 (495) 6906244</phone>
                    <fax>+7 (495) 6917870</fax>
                    <email>folingleb@gmail.com</email>
                    <organization>
                        <mainInfo>
                            <fullName>ФЕДЕРАЛЬНОЕ ГОСУДАРСТВЕННОЕ БЮДЖЕТНОЕ УЧРЕЖДЕНИЕ КУЛЬТУРЫ "ГОСУДАРСТВЕННЫЙ АКАДЕМИЧЕСКИЙ БОЛЬШОЙ СИМФОНИЧЕСКИЙ ОРКЕСТР ИМ. П.И. ЧАЙКОВСКОГО"</fullName>
                            <shortName>БСО ИМ. П.И. ЧАЙКОВСКОГО</shortName>
                            <iko>87703053231770301001</iko>
                            <inn>7703053231</inn>
                            <kpp>770301001</kpp>
                            <ogrn>1037739033530</ogrn>
                            <legalAddress>121069, Г МОСКВА, УЛ НИКИТСКАЯ М., дом 24</legalAddress>
                            <postalAddress>121069, Москва Город, Никитская М. Улица, дом 24</postalAddress>
                            <email>tsom@fedoseyev.com</email>
                            <okato>45286575000</okato>
                            <okpo>43259949</okpo>
                        </mainInfo>
                    </organization>
                </ns2:contact>
                <ns2:publicationDateTime>2017-03-16T18:27:41</ns2:publicationDateTime>
                <ns2:documentationDelivery>
                    <deliveryStartDateTime>2017-03-16</deliveryStartDateTime>
                    <deliveryEndDateTime>2017-03-16</deliveryEndDateTime>
                    <place>121069 Москва Малая Никитская дом 24</place>
                    <procedure>в соответствии с документацией о проведении закупки</procedure>
                </ns2:documentationDelivery>
                <ns2:status>P</ns2:status>
                <ns2:version>1</ns2:version>
                <ns2:notDishonest>false</ns2:notDishonest>
                <ns2:attachments>
                    <totalDocumentsCount>4</totalDocumentsCount>
                    <document>
                        <guid>a365d6b7-639b-4b74-b536-cfdd07d42c3b</guid>
                        <createDateTime>2017-03-16T18:25:42</createDateTime>
                        <fileName>Проект Форма заявки договору -.doc</fileName>
                        <description>Проект Форма заявки договору -</description>
                        <url>http://zakupki.gov.ru/223/purchase/public/download/download.html?id=30120720</url>
                    </document>
                    <document>
                        <guid>3a387744-08e4-4cb9-8bb7-e4370d6af329</guid>
                        <createDateTime>2017-03-16T18:25:19</createDateTime>
                        <fileName>Документация автом. транспорт.docx</fileName>
                        <description>Документация автом. транспорт</description>
                        <url>http://zakupki.gov.ru/223/purchase/public/download/download.html?id=30120708</url>
                    </document>
                    <document>
                        <guid>22a417b1-c1c6-4910-a5ac-10a034402168</guid>
                        <createDateTime>2017-03-16T18:26:08</createDateTime>
                        <fileName>Проект Договор пассажирские перевозки  - 2017.doc</fileName>
                        <description>Проект Договор пассажирские перевозки  - 2017</description>
                        <url>http://zakupki.gov.ru/223/purchase/public/download/download.html?id=30120724</url>
                    </document>
                    <document>
                        <guid>ee1af5bb-3010-4634-8fa4-6f0ce414a5f8</guid>
                        <createDateTime>2017-03-16T18:25:28</createDateTime>
                        <fileName>Извещение 2017 год.doc</fileName>
                        <description>Извещение 2017 год</description>
                        <url>http://zakupki.gov.ru/223/purchase/public/download/download.html?id=30120718</url>
                    </document>
                </ns2:attachments>
                <ns2:modificationDate>2017-03-16T18:27:41</ns2:modificationDate>
                <ns2:saveUserId>103700</ns2:saveUserId>
                <ns2:deliveryPlaceIndication>SINGLE_PLACE</ns2:deliveryPlaceIndication>
                <ns2:emergency>false</ns2:emergency>
                <ns2:jointPurchase>false</ns2:jointPurchase>
                <ns2:lots>
                    <lot>
                        <guid>c8c761cb-14f7-4c08-b449-869486380e39</guid>
                        <ordinalNumber>1</ordinalNumber>
                        <lotEditEnabled>false</lotEditEnabled>
                        <lotData>
                            <subject>Услуги по перевозке пассажиров автомобильным транспортом по заявкам Заказчика</subject>
                            <currency>
                                <code>RUB</code>
                                <digitalCode>643</digitalCode>
                                <name>Российский рубль</name>
                            </currency>
                            <initialSum>510000.00</initialSum>
                            <deliveryPlace>
                                <state>Центральный федеральный округ</state>
                                <region>Москва</region>
                                <regionOkato>45000000000</regionOkato>
                                <address>121069 Москва Малая Никитская д.24</address>
                            </deliveryPlace>
                            <lotItems>
                                <newCodes>true</newCodes>
                                <lotItem>
                                    <guid>923aa1dc-e0a1-4e11-8cf8-a8a84b58fde4</guid>
                                    <ordinalNumber>1</ordinalNumber>
                                    <okpd2>
                                        <code>49.39</code>
                                        <name>Услуги сухопутного пассажирского транспорта прочие, не включенные в другие группировки</name>
                                    </okpd2>
                                    <okved2>
                                        <code>49.39</code>
                                        <name>Деятельность прочего сухопутного пассажирского транспорта, не включенная в другие группировки</name>
                                    </okved2>
                                    <okei>
                                        <code>642</code>
                                        <name>Единица</name>
                                    </okei>
                                    <qty>1</qty>
                                </lotItem>
                            </lotItems>
                            <forSmallOrMiddle>false</forSmallOrMiddle>
                            <excludePurchaseFromPlan>false</excludePurchaseFromPlan>
                            <subcontractorsRequirement>false</subcontractorsRequirement>
                            <ignoredPurchase>false</ignoredPurchase>
                            <centralized>false</centralized>
                        </lotData>
                        <deliveryPlaceIndication>GL</deliveryPlaceIndication>
                        <jointLotData>
                            <jointLot>false</jointLot>
                        </jointLotData>
                        <lotPlanInfo>
                            <planRegistrationNumber>2170229482</planRegistrationNumber>
                            <planGuid>9a5bf1e3-292d-4388-8871-fc21c71474d0</planGuid>
                            <positionNumber>5</positionNumber>
                            <lotPlanPosition>COMMODITY</lotPlanPosition>
                            <positionGuid>de5bd2de-c094-4b3d-8a95-d9492eaddaec</positionGuid>
                        </lotPlanInfo>
                        <cancelled>false</cancelled>
                    </lot>
                </ns2:lots>
            </ns2:purchaseNoticeEPData>
        </ns2:item>
    </ns2:body>
</ns2:purchaseNoticeEP>
