<?xml version="1.0" encoding="UTF-8" standalone="yes"?>
<ns2:purchaseNoticeEP xsi:schemaLocation="http://zakupki.gov.ru/223/integration/schema/TFF-5.2 http://zakupki.gov.ru/223/integration/schema/TFF-5.2/purchase.xsd" xmlns="http://zakupki.gov.ru/223fz/types/1" xmlns:ns10="http://zakupki.gov.ru/223fz/purchasePlan/1" xmlns:ns11="http://zakupki.gov.ru/223fz/purchasePlanProject/1" xmlns:ns12="http://zakupki.gov.ru/223fz/purchasePlanProjectAdditionalPosition/1" xmlns:ns13="http://zakupki.gov.ru/223fz/contract/1" xmlns:ns14="http://zakupki.gov.ru/223fz/missedNotice/1" xmlns:ns15="http://zakupki.gov.ru/223fz/reference/1" xmlns:ns16="http://zakupki.gov.ru/223fz/stopCommodity/1" xmlns:ns17="http://zakupki.gov.ru/223fz/decisionSuspension/1" xmlns:ns18="http://zakupki.gov.ru/223fz/purchasePlanAdditionalPosition/1" xmlns:ns19="http://zakupki.gov.ru/223fz/webRequest/1" xmlns:ns2="http://zakupki.gov.ru/223fz/purchase/1" xmlns:xsi="http://www.w3.org/2001/XMLSchema-instance" xmlns:ns3="http://zakupki.gov.ru/223fz/dishonestSupplier/1" xmlns:ns4="http://zakupki.gov.ru/223fz/machineryListInfo/1" xmlns:ns5="http://zakupki.gov.ru/223fz/revenue/1" xmlns:ns6="http://zakupki.gov.ru/223fz/orderClauseList/1" xmlns:ns7="http://zakupki.gov.ru/223fz/disagreementProtocol/1" xmlns:ns8="http://zakupki.gov.ru/223fz/complaint/1" xmlns:ns9="http://zakupki.gov.ru/223fz/notificationIssue/1">
    <header>
        <guid>c526f544-49af-4fb5-b10b-30d15c2d3796</guid>
        <createDateTime>2017-03-16T13:26:20</createDateTime>
    </header>
    <ns2:body>
        <ns2:item>
            <guid>df0175ae-2182-49e0-9de7-75bf42c99921</guid>
            <ns2:purchaseNoticeEPData>
                <ns2:guid>df0175ae-2182-49e0-9de7-75bf42c99921</ns2:guid>
                <ns2:createDateTime>2017-03-16T13:25:58</ns2:createDateTime>
                <ns2:urlOOS>https://zakupki.gov.ru/223/purchase/private/purchase/notice-info/details.html?noticeInfoId=5885301</ns2:urlOOS>
                <ns2:urlVSRZ>http://www.rzd.ru/</ns2:urlVSRZ>
                <ns2:registrationNumber>31704897407</ns2:registrationNumber>
                <ns2:name>Охрана движимого имущества, находящегося в собственности, во владении, в пользовании, хозяйственном ведении, оперативном управлении или доверительном управлении Заказчика.</ns2:name>
                <ns2:customer>
                    <mainInfo>
                        <fullName>ОТКРЫТОЕ АКЦИОНЕРНОЕ ОБЩЕСТВО "РОССИЙСКИЕ ЖЕЛЕЗНЫЕ ДОРОГИ"</fullName>
                        <shortName>ОАО "РЖД"</shortName>
                        <iko>57708503727770801001</iko>
                        <inn>7708503727</inn>
                        <kpp>770801001</kpp>
                        <ogrn>1037739877295</ogrn>
                        <legalAddress>107174, Г МОСКВА, УЛ БАСМАННАЯ НОВ., дом ДОМ 2</legalAddress>
                        <postalAddress>107174, Москва Город, Басманная Нов. Улица, дом 2</postalAddress>
                        <phone>7-499-2621002</phone>
                        <fax>7-499-2629095</fax>
                        <email>BelozerovOlVal@yandex.ru</email>
                        <okato>45286555000</okato>
                        <okpo>00083262</okpo>
                    </mainInfo>
                </ns2:customer>
                <ns2:purchaseMethodCode>3363</ns2:purchaseMethodCode>
                <ns2:purchaseCodeName>Закупка у единственного поставщика (исполнителя, подрядчика)</ns2:purchaseCodeName>
                <ns2:placer>
                    <mainInfo>
                        <fullName>ОТКРЫТОЕ АКЦИОНЕРНОЕ ОБЩЕСТВО "РОССИЙСКИЕ ЖЕЛЕЗНЫЕ ДОРОГИ"</fullName>
                        <shortName>ОАО "РЖД"</shortName>
                        <iko>57708503727770801001</iko>
                        <inn>7708503727</inn>
                        <kpp>770801001</kpp>
                        <ogrn>1037739877295</ogrn>
                        <legalAddress>107174, Г МОСКВА, УЛ БАСМАННАЯ НОВ., дом ДОМ 2</legalAddress>
                        <postalAddress>107174, Москва Город, Басманная Нов. Улица, дом 2</postalAddress>
                        <phone>7-499-2621002</phone>
                        <fax>7-499-2629095</fax>
                        <email>BelozerovOlVal@yandex.ru</email>
                        <okato>45286555000</okato>
                        <okpo>00083262</okpo>
                    </mainInfo>
                </ns2:placer>
                <ns2:contact>
                    <phone>+7 (499) 2605182</phone>
                    <email>bakanovma@center.rzd.ru</email>
                    <organization>
                        <mainInfo>
                            <fullName>ОТКРЫТОЕ АКЦИОНЕРНОЕ ОБЩЕСТВО "РОССИЙСКИЕ ЖЕЛЕЗНЫЕ ДОРОГИ"</fullName>
                            <shortName>ОАО "РЖД"</shortName>
                            <iko>57708503727770801001</iko>
                            <inn>7708503727</inn>
                            <kpp>770801001</kpp>
                            <ogrn>1037739877295</ogrn>
                            <legalAddress>107174, Г МОСКВА, УЛ БАСМАННАЯ НОВ., дом ДОМ 2</legalAddress>
                            <postalAddress>107174, Москва Город, Басманная Нов. Улица, дом 2</postalAddress>
                            <phone>7-499-2621002</phone>
                            <fax>7-499-2629095</fax>
                            <email>BelozerovOlVal@yandex.ru</email>
                            <okato>45286555000</okato>
                            <okpo>00083262</okpo>
                        </mainInfo>
                    </organization>
                </ns2:contact>
                <ns2:publicationDateTime>2017-03-16T13:26:20</ns2:publicationDateTime>
                <ns2:documentationDelivery/>
                <ns2:status>P</ns2:status>
                <ns2:version>1</ns2:version>
                <ns2:notDishonest>true</ns2:notDishonest>
                <ns2:attachments>
                    <totalDocumentsCount>1</totalDocumentsCount>
                    <document>
                        <guid>fd4fa06f-1354-4fb5-9809-d9634bb1bb8c</guid>
                        <createDateTime>2017-03-16T13:25:58</createDateTime>
                        <fileName>Закупка у единственного поставщика, исполнителя, подрядчика.pdf</fileName>
                        <description>Закупка у единственного поставщика, исполнителя, подрядчика.pdf</description>
                        <url>http://zakupki.gov.ru/223/purchase/public/download/download.html?id=30106144</url>
                    </document>
                </ns2:attachments>
                <ns2:modificationDate>2017-03-16T13:26:20</ns2:modificationDate>
                <ns2:saveUserId>178616</ns2:saveUserId>
                <ns2:deliveryPlaceIndication>DIFFERENT_PLACE</ns2:deliveryPlaceIndication>
                <ns2:emergency>false</ns2:emergency>
                <ns2:jointPurchase>false</ns2:jointPurchase>
                <ns2:lots>
                    <lot>
                        <guid>b5b36fec-e921-47f4-a427-7ce6ca18fa8a</guid>
                        <ordinalNumber>1</ordinalNumber>
                        <lotEditEnabled>false</lotEditEnabled>
                        <lotData>
                            <subject>Оказание услуг охраны движимого имущества (вокзалы Московской РДЖВ)</subject>
                            <currency>
                                <code>RUB</code>
                                <digitalCode>643</digitalCode>
                                <name>Российский рубль</name>
                            </currency>
                            <initialSum>366041947.20</initialSum>
                            <deliveryPlace>
                                <state>Центральный федеральный округ</state>
                                <region>Москва</region>
                                <regionOkato>45000000000</regionOkato>
                                <address>указано в пункте «Место поставки (субъект РФ)» извещения, формируемого функционалом ЕИС</address>
                            </deliveryPlace>
                            <lotItems>
                                <newCodes>true</newCodes>
                                <lotItem>
                                    <guid>0873ffa8-59f1-4682-a194-fea743a39edb</guid>
                                    <ordinalNumber>1</ordinalNumber>
                                    <okpd2>
                                        <code>80.10.12.000</code>
                                        <name>Услуги охраны</name>
                                    </okpd2>
                                    <okved2>
                                        <code>80.10</code>
                                        <name>Деятельность частных охранных служб</name>
                                    </okved2>
                                    <okei>
                                        <code>642</code>
                                        <name>Единица</name>
                                    </okei>
                                    <qty>231</qty>
                                    <additionalInfo>ОКАТО: 061, 070, 029, 054, 038, 015, 066</additionalInfo>
                                </lotItem>
                            </lotItems>
                            <forSmallOrMiddle>false</forSmallOrMiddle>
                            <excludePurchaseFromPlan>false</excludePurchaseFromPlan>
                            <subcontractorsRequirement>false</subcontractorsRequirement>
                            <ignoredPurchase>false</ignoredPurchase>
                            <centralized>false</centralized>
                        </lotData>
                        <deliveryPlaceIndication>GL</deliveryPlaceIndication>
                        <jointLotData>
                            <jointLot>false</jointLot>
                        </jointLotData>
                        <lotPlanInfo>
                            <planRegistrationNumber>2160196812</planRegistrationNumber>
                            <planGuid>38bcb6e6-f2a2-4b86-bf1f-bd78b33966f3</planGuid>
                            <positionNumber>13386</positionNumber>
                            <lotPlanPosition>COMMODITY</lotPlanPosition>
                            <positionGuid>2e03d7c6-f6bb-4d41-9ce4-cbf69b2707f8</positionGuid>
                        </lotPlanInfo>
                        <cancelled>false</cancelled>
                    </lot>
                </ns2:lots>
            </ns2:purchaseNoticeEPData>
        </ns2:item>
    </ns2:body>
</ns2:purchaseNoticeEP>
