<?xml version="1.0" encoding="UTF-8" standalone="yes"?>
<ns2:purchaseNoticeEP xsi:schemaLocation="http://zakupki.gov.ru/223/integration/schema/TFF-5.2 http://zakupki.gov.ru/223/integration/schema/TFF-5.2/purchase.xsd" xmlns="http://zakupki.gov.ru/223fz/types/1" xmlns:ns10="http://zakupki.gov.ru/223fz/purchasePlan/1" xmlns:ns11="http://zakupki.gov.ru/223fz/purchasePlanProject/1" xmlns:ns12="http://zakupki.gov.ru/223fz/purchasePlanProjectAdditionalPosition/1" xmlns:ns13="http://zakupki.gov.ru/223fz/contract/1" xmlns:ns14="http://zakupki.gov.ru/223fz/missedNotice/1" xmlns:ns15="http://zakupki.gov.ru/223fz/reference/1" xmlns:ns16="http://zakupki.gov.ru/223fz/stopCommodity/1" xmlns:ns17="http://zakupki.gov.ru/223fz/decisionSuspension/1" xmlns:ns18="http://zakupki.gov.ru/223fz/purchasePlanAdditionalPosition/1" xmlns:ns19="http://zakupki.gov.ru/223fz/webRequest/1" xmlns:ns2="http://zakupki.gov.ru/223fz/purchase/1" xmlns:xsi="http://www.w3.org/2001/XMLSchema-instance" xmlns:ns3="http://zakupki.gov.ru/223fz/dishonestSupplier/1" xmlns:ns4="http://zakupki.gov.ru/223fz/machineryListInfo/1" xmlns:ns5="http://zakupki.gov.ru/223fz/revenue/1" xmlns:ns6="http://zakupki.gov.ru/223fz/orderClauseList/1" xmlns:ns7="http://zakupki.gov.ru/223fz/disagreementProtocol/1" xmlns:ns8="http://zakupki.gov.ru/223fz/complaint/1" xmlns:ns9="http://zakupki.gov.ru/223fz/notificationIssue/1">
    <header>
        <guid>f4fd33aa-116c-4270-b307-a592ed83d649</guid>
        <createDateTime>2017-03-16T15:53:25</createDateTime>
    </header>
    <ns2:body>
        <ns2:item>
            <guid>21a8da90-8b2c-1e10-296c-569e7de74145</guid>
            <ns2:purchaseNoticeEPData>
                <ns2:guid>21a8da90-8b2c-1e10-296c-569e7de74145</ns2:guid>
                <ns2:createDateTime>2017-03-16T15:45:18</ns2:createDateTime>
                <ns2:urlOOS>https://zakupki.gov.ru/223/purchase/private/purchase/notice-info/details.html?noticeInfoId=5887006</ns2:urlOOS>
                <ns2:urlVSRZ>https://com.roseltorg.ru/#com/procedure/view/id/286262</ns2:urlVSRZ>
                <ns2:registrationNumber>31704898835</ns2:registrationNumber>
                <ns2:name>Оказание услуг по охране имущества и объектов организации(ЕП-07)</ns2:name>
                <ns2:customer>
                    <mainInfo>
                        <fullName>ФЕДЕРАЛЬНОЕ ГОСУДАРСТВЕННОЕ АВТОНОМНОЕ УЧРЕЖДЕНИЕ "МЕЖОТРАСЛЕВОЙ НАУЧНО-ТЕХНИЧЕСКИЙ КОМПЛЕКС "МИКРОХИРУРГИЯ ГЛАЗА" ИМЕНИ АКАДЕМИКА С.Н. ФЕДОРОВА" МИНИСТЕРСТВА ЗДРАВООХРАНЕНИЯ РОССИЙСКОЙ ФЕДЕРАЦИИ</fullName>
                        <shortName>ФГАУ "МНТК "МИКРОХИРУРГИЯ ГЛАЗА" ИМ.АКАД. С.Н. ФЕДОРОВА" МИНЗДРАВА РОССИИ</shortName>
                        <iko>87713059497771301001</iko>
                        <inn>7713059497</inn>
                        <kpp>771301001</kpp>
                        <ogrn>1027739714606</ogrn>
                        <legalAddress>127486, Г МОСКВА, Б-Р БЕСКУДНИКОВСКИЙ, дом 59А</legalAddress>
                        <postalAddress>127486, Москва Город, Бескудниковский Бульвар, дом 59А</postalAddress>
                        <phone>7-495-4888747</phone>
                        <email>glaz-za-glaz@yandex.ru</email>
                        <okato>45277559000</okato>
                        <okpo>05332385</okpo>
                    </mainInfo>
                </ns2:customer>
                <ns2:detachedOrg>
                    <mainInfo>
                        <fullName>КРАСНОДАРСКИЙ ФИЛИАЛ ФЕДЕРАЛЬНОГО ГОСУДАРСТВЕННОГО АВТОНОМНОГО УЧРЕЖДЕНИЯ "МЕЖОТРАСЛЕВОЙ НАУЧНО-ТЕХНИЧЕСКИЙ КОМПЛЕКС "МИКРОХИРУРГИЯ ГЛАЗА" ИМЕНИ АКАДЕМИКА С.Н. ФЕДОРОВА" МИНИСТЕРСТВА ЗДРАВООХРАНЕНИЯ РОССИЙСКОЙ ФЕДЕРАЦИИ </fullName>
                        <inn>7713059497</inn>
                        <kpp>231102001</kpp>
                        <ogrn>1027739714606</ogrn>
                        <legalAddress>г. Краснодар, ул. Красных партизан, 6</legalAddress>
                        <postalAddress>127486, Москва Город, Бескудниковский Бульвар, дом 59А</postalAddress>
                    </mainInfo>
                </ns2:detachedOrg>
                <ns2:purchaseMethodCode>3363</ns2:purchaseMethodCode>
                <ns2:purchaseCodeName>Закупка у единственного поставщика (исполнителя, подрядчика)</ns2:purchaseCodeName>
                <ns2:placer>
                    <mainInfo>
                        <fullName>КРАСНОДАРСКИЙ ФИЛИАЛ ФЕДЕРАЛЬНОГО ГОСУДАРСТВЕННОГО АВТОНОМНОГО УЧРЕЖДЕНИЯ "МЕЖОТРАСЛЕВОЙ НАУЧНО-ТЕХНИЧЕСКИЙ КОМПЛЕКС "МИКРОХИРУРГИЯ ГЛАЗА" ИМЕНИ АКАДЕМИКА С.Н. ФЕДОРОВА" МИНИСТЕРСТВА ЗДРАВООХРАНЕНИЯ РОССИЙСКОЙ ФЕДЕРАЦИИ </fullName>
                        <shortName>КРАСНОДАРСКИЙ ФИЛИАЛ ФГАУ "МНТК "МИКРОХИРУРГИЯ ГЛАЗА" ИМ. АКАД. С.Н. ФЕДОРОВА" МИНЗДРАВА РОССИИ</shortName>
                        <iko>87713059497231102001</iko>
                        <inn>7713059497</inn>
                        <kpp>231102001</kpp>
                        <ogrn>1027739714606</ogrn>
                        <legalAddress>г. Краснодар, ул. Красных партизан, 6</legalAddress>
                        <postalAddress>127486, Москва Город, Бескудниковский Бульвар, дом 59А</postalAddress>
                        <phone>7-495-4888747</phone>
                        <email>glaz-za-glaz@yandex.ru</email>
                        <okato>00000000000</okato>
                        <okpo>47472350</okpo>
                    </mainInfo>
                </ns2:placer>
                <ns2:contact>
                    <firstName>А.В.</firstName>
                    <lastName>Диденко</lastName>
                    <phone>+7 (861) 2220372</phone>
                    <email>zakupki_mntk@mail.ru</email>
                    <organization>
                        <mainInfo>
                            <fullName>КРАСНОДАРСКИЙ ФИЛИАЛ ФЕДЕРАЛЬНОГО ГОСУДАРСТВЕННОГО АВТОНОМНОГО УЧРЕЖДЕНИЯ "МЕЖОТРАСЛЕВОЙ НАУЧНО-ТЕХНИЧЕСКИЙ КОМПЛЕКС "МИКРОХИРУРГИЯ ГЛАЗА" ИМЕНИ АКАДЕМИКА С.Н. ФЕДОРОВА" МИНИСТЕРСТВА ЗДРАВООХРАНЕНИЯ РОССИЙСКОЙ ФЕДЕРАЦИИ </fullName>
                            <shortName>КРАСНОДАРСКИЙ ФИЛИАЛ ФГАУ "МНТК "МИКРОХИРУРГИЯ ГЛАЗА" ИМ. АКАД. С.Н. ФЕДОРОВА" МИНЗДРАВА РОССИИ</shortName>
                            <iko>87713059497231102001</iko>
                            <inn>7713059497</inn>
                            <kpp>231102001</kpp>
                            <ogrn>1027739714606</ogrn>
                            <legalAddress>г. Краснодар, ул. Красных партизан, 6</legalAddress>
                            <postalAddress>127486, Москва Город, Бескудниковский Бульвар, дом 59А</postalAddress>
                            <phone>7-495-4888747</phone>
                            <email>glaz-za-glaz@yandex.ru</email>
                            <okato>00000000000</okato>
                            <okpo>47472350</okpo>
                        </mainInfo>
                    </organization>
                </ns2:contact>
                <ns2:publicationDateTime>2017-03-16T15:53:25</ns2:publicationDateTime>
                <ns2:documentationDelivery>
                    <deliveryStartDateTime>2017-03-16</deliveryStartDateTime>
                    <deliveryEndDateTime>2017-03-16</deliveryEndDateTime>
                    <place>https://com.roseltorg.ru/</place>
                    <procedure>посредством размещения для скачивания и ознакомления</procedure>
                </ns2:documentationDelivery>
                <ns2:status>P</ns2:status>
                <ns2:version>1</ns2:version>
                <ns2:notDishonest>true</ns2:notDishonest>
                <ns2:attachments>
                    <totalDocumentsCount>1</totalDocumentsCount>
                    <document>
                        <guid>04f78966-9b44-1f64-3fc1-97c0de4829dc</guid>
                        <createDateTime>2017-03-16T15:39:04</createDateTime>
                        <fileName>Извещение___ЕП-07_вневедостсвенная_охрана.docx</fileName>
                        <description>Извещение</description>
                        <url>http://zakupki.gov.ru/223/purchase/public/download/download.html?id=30114470</url>
                    </document>
                </ns2:attachments>
                <ns2:modificationDate>2017-03-16T15:53:25</ns2:modificationDate>
                <ns2:saveUserId>115945</ns2:saveUserId>
                <ns2:deliveryPlaceIndication>DIFFERENT_PLACE</ns2:deliveryPlaceIndication>
                <ns2:emergency>false</ns2:emergency>
                <ns2:jointPurchase>false</ns2:jointPurchase>
                <ns2:lots>
                    <lot>
                        <guid>80e218c0-3d16-41f1-5d73-4edd4eda2e4d</guid>
                        <ordinalNumber>1</ordinalNumber>
                        <lotEditEnabled>true</lotEditEnabled>
                        <lotData>
                            <subject>Оказание услуг по охране имущества и объектов организации</subject>
                            <currency>
                                <code>RUB</code>
                                <digitalCode>643</digitalCode>
                                <name>Российский рубль</name>
                            </currency>
                            <initialSum>316642.80</initialSum>
                            <deliveryPlace>
                                <address>В соответствии с приложенной документацией</address>
                            </deliveryPlace>
                            <lotItems>
                                <newCodes>true</newCodes>
                                <lotItem>
                                    <guid>c5f49396-6040-84cb-8cca-02f9f5be8553</guid>
                                    <ordinalNumber>1</ordinalNumber>
                                    <okpd2>
                                        <code>84.24.11.000</code>
                                        <name>Услуги органов охраны правопорядка</name>
                                    </okpd2>
                                    <okved2>
                                        <code>84.24</code>
                                        <name>Деятельность по обеспечению общественного порядка и безопасности</name>
                                    </okved2>
                                    <okei>
                                        <code>876</code>
                                        <name>Условная единица</name>
                                    </okei>
                                    <qty>1</qty>
                                    <additionalInfo>Оказание услуг по охране имущества и объектов организации</additionalInfo>
                                </lotItem>
                            </lotItems>
                            <forSmallOrMiddle>false</forSmallOrMiddle>
                            <excludePurchaseFromPlan>false</excludePurchaseFromPlan>
                            <subcontractorsRequirement>false</subcontractorsRequirement>
                            <ignoredPurchase>false</ignoredPurchase>
                            <centralized>false</centralized>
                        </lotData>
                        <deliveryPlaceIndication>GL</deliveryPlaceIndication>
                        <jointLotData>
                            <jointLot>false</jointLot>
                        </jointLotData>
                        <lotPlanInfo>
                            <planRegistrationNumber>2160218529</planRegistrationNumber>
                            <planGuid>1b6e7b8c-b276-14d6-9bbd-9acc8992fbb3</planGuid>
                            <positionNumber>1847</positionNumber>
                            <lotPlanPosition>COMMODITY</lotPlanPosition>
                            <positionGuid>8aa76012-c85b-8800-7df3-bbcb75fad54e</positionGuid>
                        </lotPlanInfo>
                        <cancelled>false</cancelled>
                    </lot>
                </ns2:lots>
            </ns2:purchaseNoticeEPData>
        </ns2:item>
    </ns2:body>
</ns2:purchaseNoticeEP>
