<?xml version="1.0" encoding="UTF-8" standalone="yes"?>
<ns2:purchaseNoticeEP xsi:schemaLocation="http://zakupki.gov.ru/223/integration/schema/TFF-5.2 http://zakupki.gov.ru/223/integration/schema/TFF-5.2/purchase.xsd" xmlns="http://zakupki.gov.ru/223fz/types/1" xmlns:ns10="http://zakupki.gov.ru/223fz/purchasePlan/1" xmlns:ns11="http://zakupki.gov.ru/223fz/purchasePlanProject/1" xmlns:ns12="http://zakupki.gov.ru/223fz/purchasePlanProjectAdditionalPosition/1" xmlns:ns13="http://zakupki.gov.ru/223fz/contract/1" xmlns:ns14="http://zakupki.gov.ru/223fz/missedNotice/1" xmlns:ns15="http://zakupki.gov.ru/223fz/reference/1" xmlns:ns16="http://zakupki.gov.ru/223fz/stopCommodity/1" xmlns:ns17="http://zakupki.gov.ru/223fz/decisionSuspension/1" xmlns:ns18="http://zakupki.gov.ru/223fz/purchasePlanAdditionalPosition/1" xmlns:ns19="http://zakupki.gov.ru/223fz/webRequest/1" xmlns:ns2="http://zakupki.gov.ru/223fz/purchase/1" xmlns:xsi="http://www.w3.org/2001/XMLSchema-instance" xmlns:ns3="http://zakupki.gov.ru/223fz/dishonestSupplier/1" xmlns:ns4="http://zakupki.gov.ru/223fz/machineryListInfo/1" xmlns:ns5="http://zakupki.gov.ru/223fz/revenue/1" xmlns:ns6="http://zakupki.gov.ru/223fz/orderClauseList/1" xmlns:ns7="http://zakupki.gov.ru/223fz/disagreementProtocol/1" xmlns:ns8="http://zakupki.gov.ru/223fz/complaint/1" xmlns:ns9="http://zakupki.gov.ru/223fz/notificationIssue/1">
    <header>
        <guid>140476cc-b1f6-4753-a182-92116c6f0dff</guid>
        <createDateTime>2017-03-16T10:02:20</createDateTime>
    </header>
    <ns2:body>
        <ns2:item>
            <guid>0cf7b03e-22e4-48bd-885c-b6bc28b79be4</guid>
            <ns2:purchaseNoticeEPData>
                <ns2:guid>0cf7b03e-22e4-48bd-885c-b6bc28b79be4</ns2:guid>
                <ns2:createDateTime>2017-03-16T09:54:02</ns2:createDateTime>
                <ns2:urlOOS>https://zakupki.gov.ru/223/purchase/private/purchase/notice-info/details.html?noticeInfoId=5883056</ns2:urlOOS>
                <ns2:registrationNumber>31704895655</ns2:registrationNumber>
                <ns2:name>Оказание услуг по размещению отходов, относящихся к 4 и 5 классу опасности</ns2:name>
                <ns2:customer>
                    <mainInfo>
                        <fullName>ПУБЛИЧНОЕ АКЦИОНЕРНОЕ ОБЩЕСТВО "МОСКОВСКАЯ ОБЪЕДИНЕННАЯ ЭЛЕКТРОСЕТЕВАЯ КОМПАНИЯ"</fullName>
                        <shortName>ПАО "МОСКОВСКАЯ ОБЪЕДИНЕННАЯ ЭЛЕКТРОСЕТЕВАЯ КОМПАНИЯ" ПАО "МОЭСК"</shortName>
                        <iko>55036065113772501001</iko>
                        <inn>5036065113</inn>
                        <kpp>772501001</kpp>
                        <ogrn>1057746555811</ogrn>
                        <legalAddress>115114, г МОСКВА, пр ПАВЕЛЕЦКИЙ 2-Й, дом 3, корпус 2</legalAddress>
                        <postalAddress>115114, г. Москва,  2-ой Павелецкий пр-д, д.3, стр. 2.</postalAddress>
                        <phone>7-495-6624070-4774</phone>
                        <email>SinyutinPA@moesk.ru</email>
                        <okato>45296559000</okato>
                        <okpo>75273098</okpo>
                    </mainInfo>
                </ns2:customer>
                <ns2:purchaseMethodCode>3363</ns2:purchaseMethodCode>
                <ns2:purchaseCodeName>Закупка у единственного поставщика (исполнителя, подрядчика)</ns2:purchaseCodeName>
                <ns2:placer>
                    <mainInfo>
                        <fullName>Московские кабельные сети – филиал Публичного акционерного общества  «Московская объединенная электросетевая компания»</fullName>
                        <shortName>МКС - филиал ПАО «МОЭСК»</shortName>
                        <iko>55036065113770503001</iko>
                        <inn>5036065113</inn>
                        <kpp>770503001</kpp>
                        <ogrn>1057746555811</ogrn>
                        <legalAddress>ул. Садовническая, дом 36, стр.1, г. Москва, 115035</legalAddress>
                        <postalAddress>ул. Садовническая, дом 36, стр.1, г. Москва, 115035</postalAddress>
                        <phone>7-495-6682228-5241</phone>
                        <email>SinyutinPA@moesk.ru</email>
                        <okato>45286560000</okato>
                        <okpo>13530811</okpo>
                    </mainInfo>
                </ns2:placer>
                <ns2:contact>
                    <firstName>Елена</firstName>
                    <lastName>Шерстенникова</lastName>
                    <phone>+7 (495) 6682228, доб.: 5240</phone>
                    <email>SherstennikovaEV@moesk.ru</email>
                    <organization>
                        <mainInfo>
                            <fullName>ПУБЛИЧНОЕ АКЦИОНЕРНОЕ ОБЩЕСТВО "МОСКОВСКАЯ ОБЪЕДИНЕННАЯ ЭЛЕКТРОСЕТЕВАЯ КОМПАНИЯ"</fullName>
                            <shortName>ПАО "МОСКОВСКАЯ ОБЪЕДИНЕННАЯ ЭЛЕКТРОСЕТЕВАЯ КОМПАНИЯ" ПАО "МОЭСК"</shortName>
                            <iko>55036065113772501001</iko>
                            <inn>5036065113</inn>
                            <kpp>772501001</kpp>
                            <ogrn>1057746555811</ogrn>
                            <legalAddress>115114, г МОСКВА, пр ПАВЕЛЕЦКИЙ 2-Й, дом 3, корпус 2</legalAddress>
                            <postalAddress>115114, г. Москва,  2-ой Павелецкий пр-д, д.3, стр. 2.</postalAddress>
                            <phone>7-495-6624070-4774</phone>
                            <email>SinyutinPA@moesk.ru</email>
                            <okato>45296559000</okato>
                            <okpo>75273098</okpo>
                        </mainInfo>
                    </organization>
                </ns2:contact>
                <ns2:publicationDateTime>2017-03-16T10:02:20</ns2:publicationDateTime>
                <ns2:documentationDelivery/>
                <ns2:status>P</ns2:status>
                <ns2:version>1</ns2:version>
                <ns2:notDishonest>true</ns2:notDishonest>
                <ns2:attachments>
                    <totalDocumentsCount>1</totalDocumentsCount>
                    <document>
                        <guid>eb613274-77f1-42d9-bd22-9716b07c77d3</guid>
                        <createDateTime>2017-03-16T10:00:10</createDateTime>
                        <fileName>Выписка из протокола СД № 306 от 31_12_2016.pdf</fileName>
                        <description>Выписка из протокола СД № 306 от 31_12_2016</description>
                        <url>http://zakupki.gov.ru/223/purchase/public/download/download.html?id=30095142</url>
                    </document>
                </ns2:attachments>
                <ns2:modificationDate>2017-03-16T10:02:20</ns2:modificationDate>
                <ns2:saveUserId>210155</ns2:saveUserId>
                <ns2:deliveryPlaceIndication>SINGLE_PLACE</ns2:deliveryPlaceIndication>
                <ns2:emergency>false</ns2:emergency>
                <ns2:jointPurchase>false</ns2:jointPurchase>
                <ns2:lots>
                    <lot>
                        <guid>2a003fcc-9666-4a8d-9e1d-0d1bafd15d5e</guid>
                        <ordinalNumber>1</ordinalNumber>
                        <lotEditEnabled>false</lotEditEnabled>
                        <lotData>
                            <subject>Прием и размещение отходов производства и потребления 4 и 5 классов опасности на полигоне.</subject>
                            <currency>
                                <code>RUB</code>
                                <digitalCode>643</digitalCode>
                                <name>Российский рубль</name>
                            </currency>
                            <initialSum>9896660.00</initialSum>
                            <deliveryPlace>
                                <state>Центральный федеральный округ</state>
                                <region>Москва</region>
                                <regionOkato>45000000000</regionOkato>
                                <address>ул. Садовническая, дом 36</address>
                            </deliveryPlace>
                            <lotItems>
                                <newCodes>true</newCodes>
                                <lotItem>
                                    <guid>7e547e3e-ceeb-48b0-a95f-6a275a7c0f6e</guid>
                                    <ordinalNumber>1</ordinalNumber>
                                    <okpd2>
                                        <code>39.00</code>
                                        <name>Услуги по рекультивации и прочие услуги по утилизации отходов</name>
                                    </okpd2>
                                    <okved2>
                                        <code>38.21</code>
                                        <name>Обработка и утилизация неопасных отходов</name>
                                    </okved2>
                                    <okei>
                                        <code>168</code>
                                        <name>Тонна; Метрическая тонна (1000 кг)</name>
                                    </okei>
                                    <qty>9029</qty>
                                </lotItem>
                            </lotItems>
                            <forSmallOrMiddle>false</forSmallOrMiddle>
                            <excludePurchaseFromPlan>false</excludePurchaseFromPlan>
                            <subcontractorsRequirement>false</subcontractorsRequirement>
                            <ignoredPurchase>false</ignoredPurchase>
                            <centralized>false</centralized>
                        </lotData>
                        <deliveryPlaceIndication>GL</deliveryPlaceIndication>
                        <jointLotData>
                            <jointLot>false</jointLot>
                        </jointLotData>
                        <lotPlanInfo>
                            <planRegistrationNumber>2160198355</planRegistrationNumber>
                            <planGuid>bf5e9fb9-9125-4579-a1fa-37da05793796</planGuid>
                            <positionNumber>850008268</positionNumber>
                            <lotPlanPosition>COMMODITY</lotPlanPosition>
                            <positionGuid>a9898519-2019-0250-8268-000006357818</positionGuid>
                        </lotPlanInfo>
                        <cancelled>false</cancelled>
                    </lot>
                </ns2:lots>
            </ns2:purchaseNoticeEPData>
        </ns2:item>
    </ns2:body>
</ns2:purchaseNoticeEP>
