<?xml version="1.0" encoding="UTF-8" standalone="yes"?>
<ns2:purchaseNoticeEP xsi:schemaLocation="http://zakupki.gov.ru/223/integration/schema/TFF-5.2 http://zakupki.gov.ru/223/integration/schema/TFF-5.2/purchase.xsd" xmlns="http://zakupki.gov.ru/223fz/types/1" xmlns:ns10="http://zakupki.gov.ru/223fz/purchasePlan/1" xmlns:ns11="http://zakupki.gov.ru/223fz/purchasePlanProject/1" xmlns:ns12="http://zakupki.gov.ru/223fz/purchasePlanProjectAdditionalPosition/1" xmlns:ns13="http://zakupki.gov.ru/223fz/contract/1" xmlns:ns14="http://zakupki.gov.ru/223fz/missedNotice/1" xmlns:ns15="http://zakupki.gov.ru/223fz/reference/1" xmlns:ns16="http://zakupki.gov.ru/223fz/stopCommodity/1" xmlns:ns17="http://zakupki.gov.ru/223fz/decisionSuspension/1" xmlns:ns18="http://zakupki.gov.ru/223fz/purchasePlanAdditionalPosition/1" xmlns:ns19="http://zakupki.gov.ru/223fz/webRequest/1" xmlns:ns2="http://zakupki.gov.ru/223fz/purchase/1" xmlns:xsi="http://www.w3.org/2001/XMLSchema-instance" xmlns:ns3="http://zakupki.gov.ru/223fz/dishonestSupplier/1" xmlns:ns4="http://zakupki.gov.ru/223fz/machineryListInfo/1" xmlns:ns5="http://zakupki.gov.ru/223fz/revenue/1" xmlns:ns6="http://zakupki.gov.ru/223fz/orderClauseList/1" xmlns:ns7="http://zakupki.gov.ru/223fz/disagreementProtocol/1" xmlns:ns8="http://zakupki.gov.ru/223fz/complaint/1" xmlns:ns9="http://zakupki.gov.ru/223fz/notificationIssue/1">
    <header>
        <guid>813c62eb-76da-4de2-9b56-1c84bc26ec8a</guid>
        <createDateTime>2017-03-16T15:47:37</createDateTime>
    </header>
    <ns2:body>
        <ns2:item>
            <guid>eb1e634e-222d-45a0-b277-733c680ae945</guid>
            <ns2:purchaseNoticeEPData>
                <ns2:guid>eb1e634e-222d-45a0-b277-733c680ae945</ns2:guid>
                <ns2:createDateTime>2017-03-16T15:42:24</ns2:createDateTime>
                <ns2:urlOOS>https://zakupki.gov.ru/223/purchase/private/purchase/notice-info/details.html?noticeInfoId=5886971</ns2:urlOOS>
                <ns2:registrationNumber>31704898783</ns2:registrationNumber>
                <ns2:name>Оказание услуг спецтехники для нужд АО "Энергоинвест"</ns2:name>
                <ns2:customer>
                    <mainInfo>
                        <fullName>АКЦИОНЕРНОЕ ОБЩЕСТВО "ЭНЕРГОИНВЕСТ"</fullName>
                        <shortName>АО "ЭНЕРГОИНВЕСТ"</shortName>
                        <iko>57727705694771501001</iko>
                        <inn>7727705694</inn>
                        <kpp>771501001</kpp>
                        <ogrn>1097746770582</ogrn>
                        <legalAddress>127018, г МОСКВА, ул ОБРАЗЦОВА, дом 31, корпус 1</legalAddress>
                        <postalAddress>127018, г. Москва, ул. Образцова, дом 31, строение 1.</postalAddress>
                        <phone>7-499-649-7919</phone>
                        <email>info@energoinv.ru</email>
                        <okato>45263583000</okato>
                        <okpo>64443611</okpo>
                    </mainInfo>
                </ns2:customer>
                <ns2:purchaseMethodCode>3363</ns2:purchaseMethodCode>
                <ns2:purchaseCodeName>Закупка у единственного поставщика (исполнителя, подрядчика)</ns2:purchaseCodeName>
                <ns2:placer>
                    <mainInfo>
                        <fullName>АКЦИОНЕРНОЕ ОБЩЕСТВО "ЭНЕРГОИНВЕСТ"</fullName>
                        <shortName>АО "ЭНЕРГОИНВЕСТ"</shortName>
                        <iko>57727705694771501001</iko>
                        <inn>7727705694</inn>
                        <kpp>771501001</kpp>
                        <ogrn>1097746770582</ogrn>
                        <legalAddress>127018, г МОСКВА, ул ОБРАЗЦОВА, дом 31, корпус 1</legalAddress>
                        <postalAddress>127018, г. Москва, ул. Образцова, дом 31, строение 1.</postalAddress>
                        <phone>7-499-649-7919</phone>
                        <email>info@energoinv.ru</email>
                        <okato>45263583000</okato>
                        <okpo>64443611</okpo>
                    </mainInfo>
                </ns2:placer>
                <ns2:contact>
                    <firstName>Владислав</firstName>
                    <middleName>Иванович</middleName>
                    <lastName>Кукушкин</lastName>
                    <phone>+7 (499) 6497919</phone>
                    <fax>+7 (499) 6497919</fax>
                    <email>info.energoinvest@gmail.com</email>
                    <organization>
                        <mainInfo>
                            <fullName>АКЦИОНЕРНОЕ ОБЩЕСТВО "ЭНЕРГОИНВЕСТ"</fullName>
                            <shortName>АО "ЭНЕРГОИНВЕСТ"</shortName>
                            <iko>57727705694771501001</iko>
                            <inn>7727705694</inn>
                            <kpp>771501001</kpp>
                            <ogrn>1097746770582</ogrn>
                            <legalAddress>127018, г МОСКВА, ул ОБРАЗЦОВА, дом 31, корпус 1</legalAddress>
                            <postalAddress>127018, г. Москва, ул. Образцова, дом 31, строение 1.</postalAddress>
                            <phone>7-499-649-7919</phone>
                            <email>info@energoinv.ru</email>
                            <okato>45263583000</okato>
                            <okpo>64443611</okpo>
                        </mainInfo>
                    </organization>
                </ns2:contact>
                <ns2:publicationDateTime>2017-03-16T15:47:37</ns2:publicationDateTime>
                <ns2:documentationDelivery/>
                <ns2:status>P</ns2:status>
                <ns2:version>1</ns2:version>
                <ns2:notDishonest>false</ns2:notDishonest>
                <ns2:attachments>
                    <totalDocumentsCount>2</totalDocumentsCount>
                    <document>
                        <guid>9cc9d9fa-0608-4830-9b4b-a732968ee367</guid>
                        <createDateTime>2017-03-16T15:45:31</createDateTime>
                        <fileName>Договор проект.doc</fileName>
                        <description>Договор проект</description>
                        <url>http://zakupki.gov.ru/223/purchase/public/download/download.html?id=30114500</url>
                    </document>
                    <document>
                        <guid>924fb51d-1087-4a72-adc0-f90b7b17880f</guid>
                        <createDateTime>2017-03-16T15:45:41</createDateTime>
                        <fileName>Документация.doc</fileName>
                        <description>Документация</description>
                        <url>http://zakupki.gov.ru/223/purchase/public/download/download.html?id=30114525</url>
                    </document>
                </ns2:attachments>
                <ns2:modificationDate>2017-03-16T15:47:37</ns2:modificationDate>
                <ns2:saveUserId>226432</ns2:saveUserId>
                <ns2:deliveryPlaceIndication>DIFFERENT_PLACE</ns2:deliveryPlaceIndication>
                <ns2:emergency>false</ns2:emergency>
                <ns2:jointPurchase>false</ns2:jointPurchase>
                <ns2:lots>
                    <lot>
                        <guid>2c65c5ab-8c0e-466c-8c38-39af63deaaf9</guid>
                        <ordinalNumber>1</ordinalNumber>
                        <lotEditEnabled>false</lotEditEnabled>
                        <lotData>
                            <subject>Оказание услуг спецтехники для нужд АО "Энергоинвест"</subject>
                            <currency>
                                <code>RUB</code>
                                <digitalCode>643</digitalCode>
                                <name>Российский рубль</name>
                            </currency>
                            <initialSum>300000.00</initialSum>
                            <deliveryPlace>
                                <state>Центральный федеральный округ</state>
                                <region>Москва</region>
                                <regionOkato>45000000000</regionOkato>
                                <address>г. Москва, ул. Рябиновая, д. 45.</address>
                            </deliveryPlace>
                            <lotItems>
                                <newCodes>true</newCodes>
                                <lotItem>
                                    <guid>dd8602a0-d517-4c67-acbd-69c914ca2e01</guid>
                                    <ordinalNumber>1</ordinalNumber>
                                    <okpd2>
                                        <code>49.41.19.000</code>
                                        <name>Услуги по перевозке грузов автомобильным транспортом прочие</name>
                                    </okpd2>
                                    <okved2>
                                        <code>49.41.1</code>
                                        <name>Перевозка грузов специализированными автотранспортными средствами</name>
                                    </okved2>
                                    <okei>
                                        <code>876</code>
                                        <name>Условная единица</name>
                                    </okei>
                                    <qty>1</qty>
                                </lotItem>
                            </lotItems>
                            <forSmallOrMiddle>false</forSmallOrMiddle>
                            <excludePurchaseFromPlan>false</excludePurchaseFromPlan>
                            <subcontractorsRequirement>false</subcontractorsRequirement>
                            <ignoredPurchase>false</ignoredPurchase>
                            <centralized>false</centralized>
                        </lotData>
                        <deliveryPlaceIndication>GL</deliveryPlaceIndication>
                        <jointLotData>
                            <jointLot>false</jointLot>
                        </jointLotData>
                        <lotPlanInfo>
                            <planRegistrationNumber>2160210285</planRegistrationNumber>
                            <planGuid>b9300b77-10dd-4b41-81d9-0cf111b271f5</planGuid>
                            <positionNumber>4</positionNumber>
                            <lotPlanPosition>COMMODITY</lotPlanPosition>
                            <positionGuid>91ae9757-3316-446b-a193-723f3f95ba2b</positionGuid>
                        </lotPlanInfo>
                        <cancelled>false</cancelled>
                    </lot>
                </ns2:lots>
            </ns2:purchaseNoticeEPData>
        </ns2:item>
    </ns2:body>
</ns2:purchaseNoticeEP>
