<?xml version="1.0" encoding="UTF-8" standalone="yes"?>
<ns2:purchaseNoticeEP xsi:schemaLocation="http://zakupki.gov.ru/223/integration/schema/TFF-5.2 http://zakupki.gov.ru/223/integration/schema/TFF-5.2/purchase.xsd" xmlns="http://zakupki.gov.ru/223fz/types/1" xmlns:ns10="http://zakupki.gov.ru/223fz/purchasePlan/1" xmlns:ns11="http://zakupki.gov.ru/223fz/purchasePlanProject/1" xmlns:ns12="http://zakupki.gov.ru/223fz/purchasePlanProjectAdditionalPosition/1" xmlns:ns13="http://zakupki.gov.ru/223fz/contract/1" xmlns:ns14="http://zakupki.gov.ru/223fz/missedNotice/1" xmlns:ns15="http://zakupki.gov.ru/223fz/reference/1" xmlns:ns16="http://zakupki.gov.ru/223fz/stopCommodity/1" xmlns:ns17="http://zakupki.gov.ru/223fz/decisionSuspension/1" xmlns:ns18="http://zakupki.gov.ru/223fz/purchasePlanAdditionalPosition/1" xmlns:ns19="http://zakupki.gov.ru/223fz/webRequest/1" xmlns:ns2="http://zakupki.gov.ru/223fz/purchase/1" xmlns:xsi="http://www.w3.org/2001/XMLSchema-instance" xmlns:ns3="http://zakupki.gov.ru/223fz/dishonestSupplier/1" xmlns:ns4="http://zakupki.gov.ru/223fz/machineryListInfo/1" xmlns:ns5="http://zakupki.gov.ru/223fz/revenue/1" xmlns:ns6="http://zakupki.gov.ru/223fz/orderClauseList/1" xmlns:ns7="http://zakupki.gov.ru/223fz/disagreementProtocol/1" xmlns:ns8="http://zakupki.gov.ru/223fz/complaint/1" xmlns:ns9="http://zakupki.gov.ru/223fz/notificationIssue/1">
    <header>
        <guid>6f2a2faf-2f33-48ed-aac7-99a47026b299</guid>
        <createDateTime>2017-03-16T18:45:47</createDateTime>
    </header>
    <ns2:body>
        <ns2:item>
            <guid>82dbcf32-1cfa-4045-a42c-7f8c986ca6b3</guid>
            <ns2:purchaseNoticeEPData>
                <ns2:guid>82dbcf32-1cfa-4045-a42c-7f8c986ca6b3</ns2:guid>
                <ns2:createDateTime>2017-03-16T18:37:22</ns2:createDateTime>
                <ns2:urlOOS>https://zakupki.gov.ru/223/purchase/private/purchase/notice-info/details.html?noticeInfoId=5888338</ns2:urlOOS>
                <ns2:registrationNumber>31704899977</ns2:registrationNumber>
                <ns2:name>Размещение заказа № ЕП-ЦКПРПК-17-0028 на закупку товаров, выполнение работ и оказание услуг у единственного поставщика (исполнителя, подрядчика) (далее – Заказ). Выполнение работ по развитию программного обеспечения Информационной Комплексной Системы ПАО «ТрансКонтейнер» (далее – ИКС ТК) на основании заявок ПАО «ТрансКонтейнер» со сроком выполнения одной заявки не более 320 (триста двадцать) часов (далее – Работы/Работы по заявкам), разработанной на базе программного продукта «Информационно-Расчетная Система «Перевозки» и программного обеспечения по интеграции следующих Подсистем ИКС ТК (состав перечислен в Извещении).</ns2:name>
                <ns2:customer>
                    <mainInfo>
                        <fullName>ПУБЛИЧНОЕ АКЦИОНЕРНОЕ ОБЩЕСТВО "ЦЕНТР ПО ПЕРЕВОЗКЕ ГРУЗОВ В КОНТЕЙНЕРАХ "ТРАНСКОНТЕЙНЕР"</fullName>
                        <shortName>ПАО "ТРАНСКОНТЕЙНЕР"</shortName>
                        <iko>77708591995771001001</iko>
                        <inn>7708591995</inn>
                        <kpp>771001001</kpp>
                        <ogrn>1067746341024</ogrn>
                        <legalAddress>125047, Г МОСКВА, ПЕР ОРУЖЕЙНЫЙ, дом ДОМ 19</legalAddress>
                        <postalAddress>125047, Москва г, Оружейный пер, дом 19</postalAddress>
                        <phone>7-495-7881717</phone>
                        <fax>7-495-2627578</fax>
                        <email>trcont@trcont.ru</email>
                        <okato>45286565000</okato>
                        <okpo>94421386</okpo>
                    </mainInfo>
                </ns2:customer>
                <ns2:purchaseMethodCode>3363</ns2:purchaseMethodCode>
                <ns2:purchaseCodeName>Закупка у единственного поставщика (исполнителя, подрядчика)</ns2:purchaseCodeName>
                <ns2:placer>
                    <mainInfo>
                        <fullName>ПУБЛИЧНОЕ АКЦИОНЕРНОЕ ОБЩЕСТВО "ЦЕНТР ПО ПЕРЕВОЗКЕ ГРУЗОВ В КОНТЕЙНЕРАХ "ТРАНСКОНТЕЙНЕР"</fullName>
                        <shortName>ПАО "ТРАНСКОНТЕЙНЕР"</shortName>
                        <iko>77708591995771001001</iko>
                        <inn>7708591995</inn>
                        <kpp>771001001</kpp>
                        <ogrn>1067746341024</ogrn>
                        <legalAddress>125047, Г МОСКВА, ПЕР ОРУЖЕЙНЫЙ, дом ДОМ 19</legalAddress>
                        <postalAddress>125047, Москва г, Оружейный пер, дом 19</postalAddress>
                        <phone>7-495-7881717</phone>
                        <fax>7-495-2627578</fax>
                        <email>trcont@trcont.ru</email>
                        <okato>45286565000</okato>
                        <okpo>94421386</okpo>
                    </mainInfo>
                </ns2:placer>
                <ns2:contact>
                    <firstName>Роман </firstName>
                    <middleName>Юрьевич</middleName>
                    <lastName>Кирсанов </lastName>
                    <phone>+7 (495) 7881717, доб.: 1712</phone>
                    <fax>+7 (499) 2627578</fax>
                    <email>KirsanovRY@trcont.ru</email>
                    <organization>
                        <mainInfo>
                            <fullName>ПУБЛИЧНОЕ АКЦИОНЕРНОЕ ОБЩЕСТВО "ЦЕНТР ПО ПЕРЕВОЗКЕ ГРУЗОВ В КОНТЕЙНЕРАХ "ТРАНСКОНТЕЙНЕР"</fullName>
                            <shortName>ПАО "ТРАНСКОНТЕЙНЕР"</shortName>
                            <iko>77708591995771001001</iko>
                            <inn>7708591995</inn>
                            <kpp>771001001</kpp>
                            <ogrn>1067746341024</ogrn>
                            <legalAddress>125047, Г МОСКВА, ПЕР ОРУЖЕЙНЫЙ, дом ДОМ 19</legalAddress>
                            <postalAddress>125047, Москва г, Оружейный пер, дом 19</postalAddress>
                            <phone>7-495-7881717</phone>
                            <fax>7-495-2627578</fax>
                            <email>trcont@trcont.ru</email>
                            <okato>45286565000</okato>
                            <okpo>94421386</okpo>
                        </mainInfo>
                    </organization>
                </ns2:contact>
                <ns2:publicationDateTime>2017-03-16T18:45:47</ns2:publicationDateTime>
                <ns2:documentationDelivery/>
                <ns2:status>P</ns2:status>
                <ns2:version>1</ns2:version>
                <ns2:notDishonest>false</ns2:notDishonest>
                <ns2:attachments>
                    <totalDocumentsCount>1</totalDocumentsCount>
                    <document>
                        <guid>94d930d6-80d1-47fc-ab1b-b7d9063d1cb0</guid>
                        <createDateTime>2017-03-16T18:41:54</createDateTime>
                        <fileName>ЕП-ЦКПРПК-17-0028 Извещение.docx</fileName>
                        <description>ЕП-ЦКПРПК-17-0028 Извещение</description>
                        <url>http://zakupki.gov.ru/223/purchase/public/download/download.html?id=30120885</url>
                    </document>
                </ns2:attachments>
                <ns2:modificationDate>2017-03-16T18:45:47</ns2:modificationDate>
                <ns2:saveUserId>259794</ns2:saveUserId>
                <ns2:deliveryPlaceIndication>DIFFERENT_PLACE</ns2:deliveryPlaceIndication>
                <ns2:emergency>false</ns2:emergency>
                <ns2:jointPurchase>false</ns2:jointPurchase>
                <ns2:lots>
                    <lot>
                        <guid>bff807a4-9510-4730-bdb5-8f8a74b04f5c</guid>
                        <ordinalNumber>1</ordinalNumber>
                        <lotEditEnabled>false</lotEditEnabled>
                        <lotData>
                            <subject>Выполнение работ по развитию программного обеспечения информационной комплексной системы ПАО «ТрансКонтейнер», разработанной на базе программного  продукта «Информационно-Расчетная Система «Перевозки» и программного обеспечения по ее интеграции со смежными подсистемами.</subject>
                            <currency>
                                <code>RUB</code>
                                <digitalCode>643</digitalCode>
                                <name>Российский рубль</name>
                            </currency>
                            <initialSum>15000000.00</initialSum>
                            <deliveryPlace>
                                <state>Центральный федеральный округ</state>
                                <region>Москва</region>
                                <regionOkato>45000000000</regionOkato>
                                <address>125047, Москва, Оружейный переулок, д. 19.</address>
                            </deliveryPlace>
                            <lotItems>
                                <newCodes>true</newCodes>
                                <lotItem>
                                    <guid>6dda7b0e-da8f-47cd-ab71-fd2348bf42a7</guid>
                                    <ordinalNumber>1</ordinalNumber>
                                    <okpd2>
                                        <code>62.01.11</code>
                                        <name>Услуги по проектированию, разработке информационных технологий для прикладных задач и тестированию программного обеспечения</name>
                                    </okpd2>
                                    <okved2>
                                        <code>62.01</code>
                                        <name>Разработка компьютерного программного обеспечения</name>
                                    </okved2>
                                    <okei>
                                        <code>876</code>
                                        <name>Условная единица</name>
                                    </okei>
                                    <qty>1</qty>
                                </lotItem>
                            </lotItems>
                            <forSmallOrMiddle>true</forSmallOrMiddle>
                            <excludePurchaseFromPlan>false</excludePurchaseFromPlan>
                            <subcontractorsRequirement>false</subcontractorsRequirement>
                            <ignoredPurchase>false</ignoredPurchase>
                            <centralized>false</centralized>
                        </lotData>
                        <deliveryPlaceIndication>GL</deliveryPlaceIndication>
                        <jointLotData>
                            <jointLot>false</jointLot>
                        </jointLotData>
                        <lotPlanInfo>
                            <planRegistrationNumber>2160218520</planRegistrationNumber>
                            <planGuid>2e89a3cd-08ce-464b-85b9-03bf07353d2a</planGuid>
                            <positionNumber>82</positionNumber>
                            <lotPlanPosition>COMMODITY</lotPlanPosition>
                            <positionGuid>b15839e3-444e-4524-9893-4664caadf77c</positionGuid>
                        </lotPlanInfo>
                        <cancelled>false</cancelled>
                    </lot>
                </ns2:lots>
            </ns2:purchaseNoticeEPData>
        </ns2:item>
    </ns2:body>
</ns2:purchaseNoticeEP>
