<?xml version="1.0" encoding="UTF-8" standalone="yes"?>
<ns2:purchaseNoticeEP xsi:schemaLocation="http://zakupki.gov.ru/223/integration/schema/TFF-5.2 http://zakupki.gov.ru/223/integration/schema/TFF-5.2/purchase.xsd" xmlns="http://zakupki.gov.ru/223fz/types/1" xmlns:ns10="http://zakupki.gov.ru/223fz/purchasePlan/1" xmlns:ns11="http://zakupki.gov.ru/223fz/purchasePlanProject/1" xmlns:ns12="http://zakupki.gov.ru/223fz/purchasePlanProjectAdditionalPosition/1" xmlns:ns13="http://zakupki.gov.ru/223fz/contract/1" xmlns:ns14="http://zakupki.gov.ru/223fz/missedNotice/1" xmlns:ns15="http://zakupki.gov.ru/223fz/reference/1" xmlns:ns16="http://zakupki.gov.ru/223fz/stopCommodity/1" xmlns:ns17="http://zakupki.gov.ru/223fz/decisionSuspension/1" xmlns:ns18="http://zakupki.gov.ru/223fz/purchasePlanAdditionalPosition/1" xmlns:ns19="http://zakupki.gov.ru/223fz/webRequest/1" xmlns:ns2="http://zakupki.gov.ru/223fz/purchase/1" xmlns:xsi="http://www.w3.org/2001/XMLSchema-instance" xmlns:ns3="http://zakupki.gov.ru/223fz/dishonestSupplier/1" xmlns:ns4="http://zakupki.gov.ru/223fz/machineryListInfo/1" xmlns:ns5="http://zakupki.gov.ru/223fz/revenue/1" xmlns:ns6="http://zakupki.gov.ru/223fz/orderClauseList/1" xmlns:ns7="http://zakupki.gov.ru/223fz/disagreementProtocol/1" xmlns:ns8="http://zakupki.gov.ru/223fz/complaint/1" xmlns:ns9="http://zakupki.gov.ru/223fz/notificationIssue/1">
    <header>
        <guid>0e714c55-fa4e-4b3c-8f89-3bccb1a46473</guid>
        <createDateTime>2017-03-16T16:58:20</createDateTime>
    </header>
    <ns2:body>
        <ns2:item>
            <guid>b7c4a5a4-6387-487f-bd4d-e3fb42edee5d</guid>
            <ns2:purchaseNoticeEPData>
                <ns2:guid>b7c4a5a4-6387-487f-bd4d-e3fb42edee5d</ns2:guid>
                <ns2:createDateTime>2017-03-16T16:21:47</ns2:createDateTime>
                <ns2:urlOOS>https://zakupki.gov.ru/223/purchase/private/purchase/notice-info/details.html?noticeInfoId=5887453</ns2:urlOOS>
                <ns2:registrationNumber>31704899459</ns2:registrationNumber>
                <ns2:name>Закупка топлива для транспортных средств АО "Марка"</ns2:name>
                <ns2:customer>
                    <mainInfo>
                        <fullName>АКЦИОНЕРНОЕ ОБЩЕСТВО "МАРКА"</fullName>
                        <shortName>АО "МАРКА"</shortName>
                        <iko>57703422320770301001</iko>
                        <inn>7703422320</inn>
                        <kpp>770301001</kpp>
                        <ogrn>1177746052549</ogrn>
                        <legalAddress>123242, Г МОСКВА, УЛ ГРУЗИНСКАЯ Б., дом ДОМ 4/6, корпус СТРОЕНИЕ 9</legalAddress>
                        <postalAddress>123242, Россия, г. Москва, ул. Большая Грузинская, д.4/6, стр.9</postalAddress>
                        <phone>+7 (499) 254-92-78 доб. 167</phone>
                        <fax>+7 (499) 254-85-84</fax>
                        <email>zakupki@marka-art.ru</email>
                        <okato>45286575000</okato>
                        <okpo>06373593</okpo>
                    </mainInfo>
                </ns2:customer>
                <ns2:purchaseMethodCode>3363</ns2:purchaseMethodCode>
                <ns2:purchaseCodeName>Закупка у единственного поставщика (исполнителя, подрядчика)</ns2:purchaseCodeName>
                <ns2:placer>
                    <mainInfo>
                        <fullName>АКЦИОНЕРНОЕ ОБЩЕСТВО "МАРКА"</fullName>
                        <shortName>АО "МАРКА"</shortName>
                        <iko>57703422320770301001</iko>
                        <inn>7703422320</inn>
                        <kpp>770301001</kpp>
                        <ogrn>1177746052549</ogrn>
                        <legalAddress>123242, Г МОСКВА, УЛ ГРУЗИНСКАЯ Б., дом ДОМ 4/6, корпус СТРОЕНИЕ 9</legalAddress>
                        <postalAddress>123242, Россия, г. Москва, ул. Большая Грузинская, д.4/6, стр.9</postalAddress>
                        <phone>+7 (499) 254-92-78 доб. 167</phone>
                        <fax>+7 (499) 254-85-84</fax>
                        <email>zakupki@marka-art.ru</email>
                        <okato>45286575000</okato>
                        <okpo>06373593</okpo>
                    </mainInfo>
                </ns2:placer>
                <ns2:contact>
                    <firstName>Дмитрий</firstName>
                    <middleName>Владимирович</middleName>
                    <lastName>Олейник</lastName>
                    <phone>+8 (499) 2549278, доб.: 164</phone>
                    <email>oleynik@marka-art.ru</email>
                    <organization>
                        <mainInfo>
                            <fullName>АКЦИОНЕРНОЕ ОБЩЕСТВО "МАРКА"</fullName>
                            <shortName>АО "МАРКА"</shortName>
                            <iko>57703422320770301001</iko>
                            <inn>7703422320</inn>
                            <kpp>770301001</kpp>
                            <ogrn>1177746052549</ogrn>
                            <legalAddress>123242, Г МОСКВА, УЛ ГРУЗИНСКАЯ Б., дом ДОМ 4/6, корпус СТРОЕНИЕ 9</legalAddress>
                            <postalAddress>123242, Россия, г. Москва, ул. Большая Грузинская, д.4/6, стр.9</postalAddress>
                            <phone>+7 (499) 254-92-78 доб. 167</phone>
                            <fax>+7 (499) 254-85-84</fax>
                            <email>zakupki@marka-art.ru</email>
                            <okato>45286575000</okato>
                            <okpo>06373593</okpo>
                        </mainInfo>
                    </organization>
                </ns2:contact>
                <ns2:publicationDateTime>2017-03-16T16:58:20</ns2:publicationDateTime>
                <ns2:documentationDelivery/>
                <ns2:status>P</ns2:status>
                <ns2:version>1</ns2:version>
                <ns2:notDishonest>true</ns2:notDishonest>
                <ns2:attachments>
                    <totalDocumentsCount>2</totalDocumentsCount>
                    <document>
                        <guid>8a4b7b9e-e8ed-44a5-9d97-ef6726b7a02d</guid>
                        <createDateTime>2017-03-16T16:41:05</createDateTime>
                        <fileName>Извещение.rtf</fileName>
                        <description>Извещение</description>
                        <url>http://zakupki.gov.ru/223/purchase/public/download/download.html?id=30117365</url>
                    </document>
                    <document>
                        <guid>c7f49008-2da2-410a-a7bd-39c96cce1b90</guid>
                        <createDateTime>2017-03-16T16:41:11</createDateTime>
                        <fileName>Проект договора.doc</fileName>
                        <description>Проект договора</description>
                        <url>http://zakupki.gov.ru/223/purchase/public/download/download.html?id=30117367</url>
                    </document>
                </ns2:attachments>
                <ns2:modificationDate>2017-03-16T16:58:20</ns2:modificationDate>
                <ns2:saveUserId>261494</ns2:saveUserId>
                <ns2:deliveryPlaceIndication>SINGLE_PLACE</ns2:deliveryPlaceIndication>
                <ns2:emergency>false</ns2:emergency>
                <ns2:jointPurchase>false</ns2:jointPurchase>
                <ns2:lots>
                    <lot>
                        <guid>b4adc6f7-0419-42e4-80d1-c853639b860d</guid>
                        <ordinalNumber>1</ordinalNumber>
                        <lotEditEnabled>true</lotEditEnabled>
                        <lotData>
                            <subject>Закупка топлива для транспортных средств АО "Марка" </subject>
                            <currency>
                                <code>RUB</code>
                                <digitalCode>643</digitalCode>
                                <name>Российский рубль</name>
                            </currency>
                            <initialSum>1500000.00</initialSum>
                            <orderPricing>Цена  договора должна включать все расходы участника, связанные с поставкой товара (выполнением работ, оказанием услуг), в том числе уплату налогов, сборов и иных обязательных платежей, в соответствии с законодательством Российской Федерации.</orderPricing>
                            <deliveryPlace>
                                <state>Центральный федеральный округ</state>
                                <region>Москва</region>
                                <regionOkato>45000000000</regionOkato>
                                <address>123242, г. Москва, Б.Грузинская ул., д.4/6, стр.9</address>
                            </deliveryPlace>
                            <lotItems>
                                <newCodes>true</newCodes>
                                <lotItem>
                                    <guid>3c073a1c-b8c8-421f-9eb4-531fd60317aa</guid>
                                    <ordinalNumber>1</ordinalNumber>
                                    <okpd2>
                                        <code>19.20.21</code>
                                        <name>Топливо моторное, включая автомобильный и авиационный бензин</name>
                                    </okpd2>
                                    <okved2>
                                        <code>19.20.2</code>
                                        <name>Разделение и извлечение фракций из нефтяного (попутного) газа</name>
                                    </okved2>
                                    <okei>
                                        <code>112</code>
                                        <name>Литр; Кубический дециметр</name>
                                    </okei>
                                    <qty>42000</qty>
                                </lotItem>
                            </lotItems>
                            <forSmallOrMiddle>false</forSmallOrMiddle>
                            <excludePurchaseFromPlan>false</excludePurchaseFromPlan>
                            <subcontractorsRequirement>false</subcontractorsRequirement>
                            <ignoredPurchase>false</ignoredPurchase>
                            <centralized>false</centralized>
                        </lotData>
                        <deliveryPlaceIndication>GL</deliveryPlaceIndication>
                        <jointLotData>
                            <jointLot>false</jointLot>
                        </jointLotData>
                        <lotPlanInfo>
                            <planRegistrationNumber>2170230351</planRegistrationNumber>
                            <planGuid>de4eb467-46bf-4422-86f0-b45c26e395f8</planGuid>
                            <positionNumber>37</positionNumber>
                            <lotPlanPosition>COMMODITY</lotPlanPosition>
                            <positionGuid>43d06235-7ad6-4c0c-bcce-98a7731146ef</positionGuid>
                        </lotPlanInfo>
                        <cancelled>false</cancelled>
                    </lot>
                </ns2:lots>
            </ns2:purchaseNoticeEPData>
        </ns2:item>
    </ns2:body>
</ns2:purchaseNoticeEP>
