<?xml version="1.0" encoding="UTF-8" standalone="yes"?>
<ns2:purchaseNoticeEP xsi:schemaLocation="http://zakupki.gov.ru/223/integration/schema/TFF-5.2 http://zakupki.gov.ru/223/integration/schema/TFF-5.2/purchase.xsd" xmlns="http://zakupki.gov.ru/223fz/types/1" xmlns:ns10="http://zakupki.gov.ru/223fz/purchasePlan/1" xmlns:ns11="http://zakupki.gov.ru/223fz/purchasePlanProject/1" xmlns:ns12="http://zakupki.gov.ru/223fz/purchasePlanProjectAdditionalPosition/1" xmlns:ns13="http://zakupki.gov.ru/223fz/contract/1" xmlns:ns14="http://zakupki.gov.ru/223fz/missedNotice/1" xmlns:ns15="http://zakupki.gov.ru/223fz/reference/1" xmlns:ns16="http://zakupki.gov.ru/223fz/stopCommodity/1" xmlns:ns17="http://zakupki.gov.ru/223fz/decisionSuspension/1" xmlns:ns18="http://zakupki.gov.ru/223fz/purchasePlanAdditionalPosition/1" xmlns:ns19="http://zakupki.gov.ru/223fz/webRequest/1" xmlns:ns2="http://zakupki.gov.ru/223fz/purchase/1" xmlns:xsi="http://www.w3.org/2001/XMLSchema-instance" xmlns:ns3="http://zakupki.gov.ru/223fz/dishonestSupplier/1" xmlns:ns4="http://zakupki.gov.ru/223fz/machineryListInfo/1" xmlns:ns5="http://zakupki.gov.ru/223fz/revenue/1" xmlns:ns6="http://zakupki.gov.ru/223fz/orderClauseList/1" xmlns:ns7="http://zakupki.gov.ru/223fz/disagreementProtocol/1" xmlns:ns8="http://zakupki.gov.ru/223fz/complaint/1" xmlns:ns9="http://zakupki.gov.ru/223fz/notificationIssue/1">
    <header>
        <guid>2c88cc3b-5cd8-4518-9888-73d571bf9317</guid>
        <createDateTime>2017-03-16T07:40:33</createDateTime>
    </header>
    <ns2:body>
        <ns2:item>
            <guid>73b17f5c-9fea-4311-95b1-989e6eeb7ebb</guid>
            <ns2:purchaseNoticeEPData>
                <ns2:guid>73b17f5c-9fea-4311-95b1-989e6eeb7ebb</ns2:guid>
                <ns2:createDateTime>2017-03-16T07:17:07</ns2:createDateTime>
                <ns2:urlOOS>https://zakupki.gov.ru/223/purchase/private/purchase/notice-info/details.html?noticeInfoId=5881921</ns2:urlOOS>
                <ns2:registrationNumber>31704894825</ns2:registrationNumber>
                <ns2:name>Передача моторного топлива и других нефтепродуктов  в торговых точках с использованием карт для нужд Новокузнецкого филиала Федерального бюджетного учреждения здравоохранения "Центр гигиены и эпидемиологии по железнодорожному транспорту"</ns2:name>
                <ns2:customer>
                    <mainInfo>
                        <fullName>ФЕДЕРАЛЬНОЕ БЮДЖЕТНОЕ УЧРЕЖДЕНИЕ ЗДРАВООХРАНЕНИЯ "ЦЕНТР ГИГИЕНЫ И ЭПИДЕМИОЛОГИИ ПО ЖЕЛЕЗНОДОРОЖНОМУ ТРАНСПОРТУ"</fullName>
                        <shortName>ФБУЗ "ЦЕНТР ГИГИЕНЫ И ЭПИДЕМИОЛОГИИ ПО ЖЕЛЕЗНОДОРОЖНОМУ ТРАНСПОРТУ"</shortName>
                        <iko>57701351634770101001</iko>
                        <inn>7701351634</inn>
                        <kpp>770101001</kpp>
                        <ogrn>1057701020816</ogrn>
                        <legalAddress>105066, Г МОСКВА, ПЕР БАСМАННЫЙ 1-Й, дом ДОМ 8, корпус СТРОЕНИЕ 2</legalAddress>
                        <postalAddress>105066, Москва Город, Басманный 1-й Переулок, дом 8, строение 2</postalAddress>
                        <phone>8-499-2657679</phone>
                        <email>fcrw@mail.ru</email>
                        <okato>45286555000</okato>
                        <okpo>76088820</okpo>
                    </mainInfo>
                </ns2:customer>
                <ns2:detachedOrg>
                    <mainInfo>
                        <fullName>Новокузнецкий филиал Федерального бюджетного учреждения здравоохранения "Центр гигиены и эпидемиологии по железнодорожному транспорту"</fullName>
                        <inn>7701351634</inn>
                        <kpp>422002001</kpp>
                        <ogrn>1057701020816</ogrn>
                        <legalAddress>654029, Кемеровская область,г.Новокузнецк, ул.Вокзальная, дом 33</legalAddress>
                        <postalAddress>105066, Москва Город, Басманный 1-й Переулок, дом 8, строение 2</postalAddress>
                    </mainInfo>
                </ns2:detachedOrg>
                <ns2:purchaseMethodCode>3363</ns2:purchaseMethodCode>
                <ns2:purchaseCodeName>Закупка у единственного поставщика (исполнителя, подрядчика)</ns2:purchaseCodeName>
                <ns2:placer>
                    <mainInfo>
                        <fullName>Новокузнецкий филиал Федерального бюджетного учреждения здравоохранения "Центр гигиены и эпидемиологии по железнодорожному транспорту"</fullName>
                        <shortName>Новокузнецкий филиал ФБУЗ "Центр гигиены и эпидемиологии по железнодорожному транспорту"</shortName>
                        <iko>57701351634422002001</iko>
                        <inn>7701351634</inn>
                        <kpp>422002001</kpp>
                        <ogrn>1057701020816</ogrn>
                        <legalAddress>654029, Кемеровская область,г.Новокузнецк, ул.Вокзальная, дом 33</legalAddress>
                        <postalAddress>105066, Москва Город, Басманный 1-й Переулок, дом 8, строение 2</postalAddress>
                        <phone>7-3843-782512</phone>
                        <fax>7-3843-782512</fax>
                        <email>sesnk@mail.ru</email>
                        <okato>32431367000</okato>
                        <okpo>32207932</okpo>
                    </mainInfo>
                </ns2:placer>
                <ns2:contact>
                    <firstName>Алена</firstName>
                    <middleName>Петровна</middleName>
                    <lastName>Жданова</lastName>
                    <phone>+7 (3843) 783554</phone>
                    <fax>+7 (3843) 782512</fax>
                    <email>sesnk@mail.ru</email>
                    <organization>
                        <mainInfo>
                            <fullName>ФЕДЕРАЛЬНОЕ БЮДЖЕТНОЕ УЧРЕЖДЕНИЕ ЗДРАВООХРАНЕНИЯ "ЦЕНТР ГИГИЕНЫ И ЭПИДЕМИОЛОГИИ ПО ЖЕЛЕЗНОДОРОЖНОМУ ТРАНСПОРТУ"</fullName>
                            <shortName>ФБУЗ "ЦЕНТР ГИГИЕНЫ И ЭПИДЕМИОЛОГИИ ПО ЖЕЛЕЗНОДОРОЖНОМУ ТРАНСПОРТУ"</shortName>
                            <iko>57701351634770101001</iko>
                            <inn>7701351634</inn>
                            <kpp>770101001</kpp>
                            <ogrn>1057701020816</ogrn>
                            <legalAddress>105066, Г МОСКВА, ПЕР БАСМАННЫЙ 1-Й, дом ДОМ 8, корпус СТРОЕНИЕ 2</legalAddress>
                            <postalAddress>105066, Москва Город, Басманный 1-й Переулок, дом 8, строение 2</postalAddress>
                            <phone>8-499-2657679</phone>
                            <email>fcrw@mail.ru</email>
                            <okato>45286555000</okato>
                            <okpo>76088820</okpo>
                        </mainInfo>
                    </organization>
                </ns2:contact>
                <ns2:publicationDateTime>2017-03-16T07:40:33</ns2:publicationDateTime>
                <ns2:documentationDelivery>
                    <place>Не установлено</place>
                    <procedure>Не установлен</procedure>
                </ns2:documentationDelivery>
                <ns2:status>P</ns2:status>
                <ns2:version>1</ns2:version>
                <ns2:notDishonest>true</ns2:notDishonest>
                <ns2:attachments>
                    <totalDocumentsCount>2</totalDocumentsCount>
                    <document>
                        <guid>720e79dc-b6bd-44c6-9df8-caed8eb19f34</guid>
                        <createDateTime>2017-03-16T07:24:19</createDateTime>
                        <fileName>Документация 2017.docx</fileName>
                        <description>Документация 2017</description>
                        <url>http://zakupki.gov.ru/223/purchase/public/download/download.html?id=30089597</url>
                    </document>
                    <document>
                        <guid>57ea128a-74b2-46c4-9a34-fb28cbded374</guid>
                        <createDateTime>2017-03-16T07:24:24</createDateTime>
                        <fileName>Проект договора.docx</fileName>
                        <description>Проект договора</description>
                        <url>http://zakupki.gov.ru/223/purchase/public/download/download.html?id=30089598</url>
                    </document>
                </ns2:attachments>
                <ns2:modificationDate>2017-03-16T07:40:33</ns2:modificationDate>
                <ns2:saveUserId>135369</ns2:saveUserId>
                <ns2:deliveryPlaceIndication>SINGLE_PLACE</ns2:deliveryPlaceIndication>
                <ns2:emergency>false</ns2:emergency>
                <ns2:jointPurchase>false</ns2:jointPurchase>
                <ns2:lots>
                    <lot>
                        <guid>97458522-bbf8-4905-996f-5f35dc756364</guid>
                        <ordinalNumber>1</ordinalNumber>
                        <lotEditEnabled>false</lotEditEnabled>
                        <lotData>
                            <subject>Оказание услугу по передаче моторного топлива и других нефтепродуктов в торговых точках с использованием карт для нужд Новокузнецкого филиала ФБУЗ "Центр гигиены и эпидемиологии по железнодорожному транспорту" </subject>
                            <currency>
                                <code>RUB</code>
                                <digitalCode>643</digitalCode>
                                <name>Российский рубль</name>
                            </currency>
                            <initialSum>487240.00</initialSum>
                            <deliveryPlace>
                                <state>Сибирский федеральный округ</state>
                                <region>Кемеровская   обл</region>
                                <regionOkato>32000000000</regionOkato>
                                <address>Поставка Товаров Заказчику должна производиться путем заправки транспортных средств Заказчика (отпуск в бензобаки), с применением  пластиковых  карт  через  торговые точки Поставщика  с  круглосуточным  режимом  на  территории Кемеровской области, Новосибирской области.</address>
                            </deliveryPlace>
                            <lotItems>
                                <newCodes>true</newCodes>
                                <lotItem>
                                    <guid>275cc4f2-1d67-4384-aacc-bdab1346e426</guid>
                                    <ordinalNumber>1</ordinalNumber>
                                    <okpd2>
                                        <code>47.30.10.000</code>
                                        <name>Услуги по розничной торговле моторным топливом в специализированных магазинах</name>
                                    </okpd2>
                                    <okved2>
                                        <code>47.30.11</code>
                                        <name>Торговля розничная бензином и дизельным топливом в специализированных магазинах</name>
                                    </okved2>
                                    <okei>
                                        <code>112</code>
                                        <name>Литр; Кубический дециметр</name>
                                    </okei>
                                    <qty>13000</qty>
                                </lotItem>
                            </lotItems>
                            <forSmallOrMiddle>false</forSmallOrMiddle>
                            <excludePurchaseFromPlan>false</excludePurchaseFromPlan>
                            <subcontractorsRequirement>false</subcontractorsRequirement>
                            <ignoredPurchase>false</ignoredPurchase>
                            <centralized>false</centralized>
                        </lotData>
                        <deliveryPlaceIndication>GL</deliveryPlaceIndication>
                        <jointLotData>
                            <jointLot>false</jointLot>
                        </jointLotData>
                        <lotPlanInfo>
                            <planRegistrationNumber>2160216745</planRegistrationNumber>
                            <planGuid>718ac8a7-5acc-4816-8791-03f226fb5a5f</planGuid>
                            <positionNumber>955</positionNumber>
                            <lotPlanPosition>COMMODITY</lotPlanPosition>
                            <positionGuid>454c43e8-f72c-4f6a-9375-5f61af1b86a9</positionGuid>
                        </lotPlanInfo>
                        <cancelled>false</cancelled>
                    </lot>
                </ns2:lots>
            </ns2:purchaseNoticeEPData>
        </ns2:item>
    </ns2:body>
</ns2:purchaseNoticeEP>
