<?xml version="1.0" encoding="UTF-8" standalone="yes"?>
<ns2:purchaseNoticeEP xsi:schemaLocation="http://zakupki.gov.ru/223/integration/schema/TFF-5.2 http://zakupki.gov.ru/223/integration/schema/TFF-5.2/purchase.xsd" xmlns="http://zakupki.gov.ru/223fz/types/1" xmlns:ns10="http://zakupki.gov.ru/223fz/purchasePlan/1" xmlns:ns11="http://zakupki.gov.ru/223fz/purchasePlanProject/1" xmlns:ns12="http://zakupki.gov.ru/223fz/purchasePlanProjectAdditionalPosition/1" xmlns:ns13="http://zakupki.gov.ru/223fz/contract/1" xmlns:ns14="http://zakupki.gov.ru/223fz/missedNotice/1" xmlns:ns15="http://zakupki.gov.ru/223fz/reference/1" xmlns:ns16="http://zakupki.gov.ru/223fz/stopCommodity/1" xmlns:ns17="http://zakupki.gov.ru/223fz/decisionSuspension/1" xmlns:ns18="http://zakupki.gov.ru/223fz/purchasePlanAdditionalPosition/1" xmlns:ns19="http://zakupki.gov.ru/223fz/webRequest/1" xmlns:ns2="http://zakupki.gov.ru/223fz/purchase/1" xmlns:xsi="http://www.w3.org/2001/XMLSchema-instance" xmlns:ns3="http://zakupki.gov.ru/223fz/dishonestSupplier/1" xmlns:ns4="http://zakupki.gov.ru/223fz/machineryListInfo/1" xmlns:ns5="http://zakupki.gov.ru/223fz/revenue/1" xmlns:ns6="http://zakupki.gov.ru/223fz/orderClauseList/1" xmlns:ns7="http://zakupki.gov.ru/223fz/disagreementProtocol/1" xmlns:ns8="http://zakupki.gov.ru/223fz/complaint/1" xmlns:ns9="http://zakupki.gov.ru/223fz/notificationIssue/1">
    <header>
        <guid>969e8584-cffe-4ab3-b4a2-0e5a74afe28e</guid>
        <createDateTime>2017-03-16T16:23:31</createDateTime>
    </header>
    <ns2:body>
        <ns2:item>
            <guid>4af82826-d08d-4f54-a4c4-3b85305f4f6a</guid>
            <ns2:purchaseNoticeEPData>
                <ns2:guid>4af82826-d08d-4f54-a4c4-3b85305f4f6a</ns2:guid>
                <ns2:createDateTime>2017-03-16T16:19:15</ns2:createDateTime>
                <ns2:urlOOS>https://zakupki.gov.ru/223/purchase/private/purchase/notice-info/details.html?noticeInfoId=5887421</ns2:urlOOS>
                <ns2:registrationNumber>31704899151</ns2:registrationNumber>
                <ns2:name>Покупка комплектующих изделий (конверторы)</ns2:name>
                <ns2:customer>
                    <mainInfo>
                        <fullName>ФЕДЕРАЛЬНОЕ ГОСУДАРСТВЕННОЕ УНИТАРНОЕ ПРЕДПРИЯТИЕ "СПЕЦИАЛИЗИРОВАННОЕ КОНСТРУКТОРСКОЕ БЮРО РАДИОЭЛЕКТРОННОЙ АППАРАТУРЫ "РАДЭЛ"</fullName>
                        <shortName>ФГУП СКБ "РАДЭЛ"</shortName>
                        <iko>57735048097773501001</iko>
                        <inn>7735048097</inn>
                        <kpp>773501001</kpp>
                        <ogrn>1027739585257</ogrn>
                        <legalAddress>124460, МОСКВА, ЗЕЛЕНОГРАД, ГЕНЕРАЛА АЛЕКСЕЕВА, дом 2</legalAddress>
                        <postalAddress>124460, г. Москва, Зеленоград, Генерала Алексеева проспект, дом 2</postalAddress>
                        <phone>7-499-7351231</phone>
                        <fax>7-499-7352332</fax>
                        <email>skb@radel.compnet.ru</email>
                        <okato>45272562000</okato>
                        <okpo>11488080</okpo>
                    </mainInfo>
                </ns2:customer>
                <ns2:purchaseMethodCode>3363</ns2:purchaseMethodCode>
                <ns2:purchaseCodeName>Закупка у единственного поставщика (исполнителя, подрядчика)</ns2:purchaseCodeName>
                <ns2:placer>
                    <mainInfo>
                        <fullName>ФЕДЕРАЛЬНОЕ ГОСУДАРСТВЕННОЕ УНИТАРНОЕ ПРЕДПРИЯТИЕ "СПЕЦИАЛИЗИРОВАННОЕ КОНСТРУКТОРСКОЕ БЮРО РАДИОЭЛЕКТРОННОЙ АППАРАТУРЫ "РАДЭЛ"</fullName>
                        <shortName>ФГУП СКБ "РАДЭЛ"</shortName>
                        <iko>57735048097773501001</iko>
                        <inn>7735048097</inn>
                        <kpp>773501001</kpp>
                        <ogrn>1027739585257</ogrn>
                        <legalAddress>124460, МОСКВА, ЗЕЛЕНОГРАД, ГЕНЕРАЛА АЛЕКСЕЕВА, дом 2</legalAddress>
                        <postalAddress>124460, г. Москва, Зеленоград, Генерала Алексеева проспект, дом 2</postalAddress>
                        <phone>7-499-7351231</phone>
                        <fax>7-499-7352332</fax>
                        <email>skb@radel.compnet.ru</email>
                        <okato>45272562000</okato>
                        <okpo>11488080</okpo>
                    </mainInfo>
                </ns2:placer>
                <ns2:contact>
                    <phone>+7 (499) 7352332</phone>
                    <email>skb@radel.compnet.ru</email>
                    <organization>
                        <mainInfo>
                            <fullName>ФЕДЕРАЛЬНОЕ ГОСУДАРСТВЕННОЕ УНИТАРНОЕ ПРЕДПРИЯТИЕ "СПЕЦИАЛИЗИРОВАННОЕ КОНСТРУКТОРСКОЕ БЮРО РАДИОЭЛЕКТРОННОЙ АППАРАТУРЫ "РАДЭЛ"</fullName>
                            <shortName>ФГУП СКБ "РАДЭЛ"</shortName>
                            <iko>57735048097773501001</iko>
                            <inn>7735048097</inn>
                            <kpp>773501001</kpp>
                            <ogrn>1027739585257</ogrn>
                            <legalAddress>124460, МОСКВА, ЗЕЛЕНОГРАД, ГЕНЕРАЛА АЛЕКСЕЕВА, дом 2</legalAddress>
                            <postalAddress>124460, г. Москва, Зеленоград, Генерала Алексеева проспект, дом 2</postalAddress>
                            <phone>7-499-7351231</phone>
                            <fax>7-499-7352332</fax>
                            <email>skb@radel.compnet.ru</email>
                            <okato>45272562000</okato>
                            <okpo>11488080</okpo>
                        </mainInfo>
                    </organization>
                </ns2:contact>
                <ns2:publicationDateTime>2017-03-16T16:23:31</ns2:publicationDateTime>
                <ns2:documentationDelivery>
                    <place>не предоставляется</place>
                    <procedure>не предоставляется</procedure>
                </ns2:documentationDelivery>
                <ns2:status>P</ns2:status>
                <ns2:version>1</ns2:version>
                <ns2:notDishonest>false</ns2:notDishonest>
                <ns2:attachments>
                    <totalDocumentsCount>3</totalDocumentsCount>
                    <document>
                        <guid>201d7a7e-7e2b-494d-8e0d-ef765542d51d</guid>
                        <createDateTime>2017-03-16T16:21:01</createDateTime>
                        <fileName>Договор.doc</fileName>
                        <description>Договор</description>
                        <url>http://zakupki.gov.ru/223/purchase/public/download/download.html?id=30116406</url>
                    </document>
                    <document>
                        <guid>1b45ebf2-d128-48f3-a890-cc6e5eb9e06e</guid>
                        <createDateTime>2017-03-16T16:21:16</createDateTime>
                        <fileName>И_Д.doc</fileName>
                        <description>И_Д</description>
                        <url>http://zakupki.gov.ru/223/purchase/public/download/download.html?id=30116424</url>
                    </document>
                    <document>
                        <guid>b108df74-445d-46f9-93f4-0a9965ad665a</guid>
                        <createDateTime>2017-03-16T16:21:09</createDateTime>
                        <fileName>Спецификация.doc</fileName>
                        <description>Спецификация</description>
                        <url>http://zakupki.gov.ru/223/purchase/public/download/download.html?id=30116410</url>
                    </document>
                </ns2:attachments>
                <ns2:modificationDate>2017-03-16T16:23:31</ns2:modificationDate>
                <ns2:saveUserId>99113</ns2:saveUserId>
                <ns2:deliveryPlaceIndication>DIFFERENT_PLACE</ns2:deliveryPlaceIndication>
                <ns2:emergency>false</ns2:emergency>
                <ns2:jointPurchase>false</ns2:jointPurchase>
                <ns2:lots>
                    <lot>
                        <guid>06e49a58-f866-4df0-a424-7b68232c9f52</guid>
                        <ordinalNumber>1</ordinalNumber>
                        <lotEditEnabled>false</lotEditEnabled>
                        <lotData>
                            <subject>Покупка комплектующих изделий (конверторы)</subject>
                            <currency>
                                <code>RUB</code>
                                <digitalCode>643</digitalCode>
                                <name>Российский рубль</name>
                            </currency>
                            <initialSum>130000.00</initialSum>
                            <deliveryPlace>
                                <state>Центральный федеральный округ</state>
                                <region>Москва</region>
                                <regionOkato>45000000000</regionOkato>
                                <address>г.Москва г.Зеленоград</address>
                            </deliveryPlace>
                            <lotItems>
                                <newCodes>true</newCodes>
                                <lotItem>
                                    <guid>a0686350-d28e-4123-99eb-2ae81bffee43</guid>
                                    <ordinalNumber>1</ordinalNumber>
                                    <okpd2>
                                        <code>26.30.30</code>
                                        <name>Части и комплектующие коммуникационного оборудования</name>
                                    </okpd2>
                                    <okved2>
                                        <code>46.52.2</code>
                                        <name>Торговля оптовая электронным оборудованием и его запасными частями</name>
                                    </okved2>
                                    <okei>
                                        <code>796</code>
                                        <name>Штука</name>
                                    </okei>
                                    <qty>23</qty>
                                </lotItem>
                            </lotItems>
                            <forSmallOrMiddle>false</forSmallOrMiddle>
                            <excludePurchaseFromPlan>false</excludePurchaseFromPlan>
                            <subcontractorsRequirement>false</subcontractorsRequirement>
                            <ignoredPurchase>false</ignoredPurchase>
                            <centralized>false</centralized>
                        </lotData>
                        <deliveryPlaceIndication>GL</deliveryPlaceIndication>
                        <jointLotData>
                            <jointLot>false</jointLot>
                        </jointLotData>
                        <lotPlanInfo>
                            <planRegistrationNumber>2160184112</planRegistrationNumber>
                            <planGuid>fe243605-d4ec-440a-b1ed-ad071099b487</planGuid>
                            <positionNumber>51</positionNumber>
                            <lotPlanPosition>COMMODITY</lotPlanPosition>
                            <positionGuid>6ee96899-000c-4661-98bc-a36c7a8acd5e</positionGuid>
                        </lotPlanInfo>
                        <cancelled>false</cancelled>
                    </lot>
                </ns2:lots>
            </ns2:purchaseNoticeEPData>
        </ns2:item>
    </ns2:body>
</ns2:purchaseNoticeEP>
