<?xml version="1.0" encoding="UTF-8" standalone="yes"?>
<ns2:purchaseNoticeEP xsi:schemaLocation="http://zakupki.gov.ru/223/integration/schema/TFF-5.2 http://zakupki.gov.ru/223/integration/schema/TFF-5.2/purchase.xsd" xmlns="http://zakupki.gov.ru/223fz/types/1" xmlns:ns10="http://zakupki.gov.ru/223fz/purchasePlan/1" xmlns:ns11="http://zakupki.gov.ru/223fz/purchasePlanProject/1" xmlns:ns12="http://zakupki.gov.ru/223fz/purchasePlanProjectAdditionalPosition/1" xmlns:ns13="http://zakupki.gov.ru/223fz/contract/1" xmlns:ns14="http://zakupki.gov.ru/223fz/missedNotice/1" xmlns:ns15="http://zakupki.gov.ru/223fz/reference/1" xmlns:ns16="http://zakupki.gov.ru/223fz/stopCommodity/1" xmlns:ns17="http://zakupki.gov.ru/223fz/decisionSuspension/1" xmlns:ns18="http://zakupki.gov.ru/223fz/purchasePlanAdditionalPosition/1" xmlns:ns19="http://zakupki.gov.ru/223fz/webRequest/1" xmlns:ns2="http://zakupki.gov.ru/223fz/purchase/1" xmlns:xsi="http://www.w3.org/2001/XMLSchema-instance" xmlns:ns3="http://zakupki.gov.ru/223fz/dishonestSupplier/1" xmlns:ns4="http://zakupki.gov.ru/223fz/machineryListInfo/1" xmlns:ns5="http://zakupki.gov.ru/223fz/revenue/1" xmlns:ns6="http://zakupki.gov.ru/223fz/orderClauseList/1" xmlns:ns7="http://zakupki.gov.ru/223fz/disagreementProtocol/1" xmlns:ns8="http://zakupki.gov.ru/223fz/complaint/1" xmlns:ns9="http://zakupki.gov.ru/223fz/notificationIssue/1">
    <header>
        <guid>9bc30ee9-abcb-434d-b6ba-61755a30d09b</guid>
        <createDateTime>2017-03-16T13:17:37</createDateTime>
    </header>
    <ns2:body>
        <ns2:item>
            <guid>d3d93f57-d093-4fc2-a9e2-789c2dc675cc</guid>
            <ns2:purchaseNoticeEPData>
                <ns2:guid>d3d93f57-d093-4fc2-a9e2-789c2dc675cc</ns2:guid>
                <ns2:createDateTime>2017-03-16T13:13:41</ns2:createDateTime>
                <ns2:urlOOS>https://zakupki.gov.ru/223/purchase/private/purchase/notice-info/details.html?noticeInfoId=5885179</ns2:urlOOS>
                <ns2:registrationNumber>31704897332</ns2:registrationNumber>
                <ns2:name>Оказание услуг консультационно-информационного обслуживания, обеспечение нормативной и методической документацией в области систем менеджмента качества и системы добровольной сертификации</ns2:name>
                <ns2:customer>
                    <mainInfo>
                        <fullName>ФЕДЕРАЛЬНОЕ ГОСУДАРСТВЕННОЕ БЮДЖЕТНОЕ ОБРАЗОВАТЕЛЬНОЕ УЧРЕЖДЕНИЕ ВЫСШЕГО ОБРАЗОВАНИЯ "МОСКОВСКИЙ ГОСУДАРСТВЕННЫЙ УНИВЕРСИТЕТ ГЕОДЕЗИИ И КАРТОГРАФИИ"</fullName>
                        <shortName>МИИГАИК</shortName>
                        <iko>87701012399770101001</iko>
                        <inn>7701012399</inn>
                        <kpp>770101001</kpp>
                        <ogrn>1027700350699</ogrn>
                        <legalAddress>105064, Г МОСКВА, ПЕР ГОРОХОВСКИЙ, дом 4</legalAddress>
                        <postalAddress>105064, Москва, Гороховский, дом 4</postalAddress>
                        <phone>7-499-2622720</phone>
                        <email>ecp@miigaik.ru</email>
                        <okato>45286555000</okato>
                        <okpo>02068781</okpo>
                    </mainInfo>
                </ns2:customer>
                <ns2:purchaseMethodCode>3363</ns2:purchaseMethodCode>
                <ns2:purchaseCodeName>Закупка у единственного поставщика (исполнителя, подрядчика)</ns2:purchaseCodeName>
                <ns2:placer>
                    <mainInfo>
                        <fullName>ФЕДЕРАЛЬНОЕ ГОСУДАРСТВЕННОЕ БЮДЖЕТНОЕ ОБРАЗОВАТЕЛЬНОЕ УЧРЕЖДЕНИЕ ВЫСШЕГО ОБРАЗОВАНИЯ "МОСКОВСКИЙ ГОСУДАРСТВЕННЫЙ УНИВЕРСИТЕТ ГЕОДЕЗИИ И КАРТОГРАФИИ"</fullName>
                        <shortName>МИИГАИК</shortName>
                        <iko>87701012399770101001</iko>
                        <inn>7701012399</inn>
                        <kpp>770101001</kpp>
                        <ogrn>1027700350699</ogrn>
                        <legalAddress>105064, Г МОСКВА, ПЕР ГОРОХОВСКИЙ, дом 4</legalAddress>
                        <postalAddress>105064, Москва, Гороховский, дом 4</postalAddress>
                        <phone>7-499-2622720</phone>
                        <email>ecp@miigaik.ru</email>
                        <okato>45286555000</okato>
                        <okpo>02068781</okpo>
                    </mainInfo>
                </ns2:placer>
                <ns2:contact>
                    <phone>+7 (499) 2622720</phone>
                    <email>tatyana-fa@yandex.ru</email>
                    <organization>
                        <mainInfo>
                            <fullName>ФЕДЕРАЛЬНОЕ ГОСУДАРСТВЕННОЕ БЮДЖЕТНОЕ ОБРАЗОВАТЕЛЬНОЕ УЧРЕЖДЕНИЕ ВЫСШЕГО ОБРАЗОВАНИЯ "МОСКОВСКИЙ ГОСУДАРСТВЕННЫЙ УНИВЕРСИТЕТ ГЕОДЕЗИИ И КАРТОГРАФИИ"</fullName>
                            <shortName>МИИГАИК</shortName>
                            <iko>87701012399770101001</iko>
                            <inn>7701012399</inn>
                            <kpp>770101001</kpp>
                            <ogrn>1027700350699</ogrn>
                            <legalAddress>105064, Г МОСКВА, ПЕР ГОРОХОВСКИЙ, дом 4</legalAddress>
                            <postalAddress>105064, Москва, Гороховский, дом 4</postalAddress>
                            <phone>7-499-2622720</phone>
                            <email>ecp@miigaik.ru</email>
                            <okato>45286555000</okato>
                            <okpo>02068781</okpo>
                        </mainInfo>
                    </organization>
                </ns2:contact>
                <ns2:publicationDateTime>2017-03-16T13:17:37</ns2:publicationDateTime>
                <ns2:documentationDelivery/>
                <ns2:status>P</ns2:status>
                <ns2:version>1</ns2:version>
                <ns2:notDishonest>false</ns2:notDishonest>
                <ns2:attachments>
                    <totalDocumentsCount>1</totalDocumentsCount>
                    <document>
                        <guid>5093b52d-8f42-487b-9c11-1f373093cab2</guid>
                        <createDateTime>2017-03-16T13:15:38</createDateTime>
                        <fileName>25.17 Договор МИИГАиК-7-10%-2017.docx</fileName>
                        <description>25.17 Договор МИИГАиК-7-10%-2017</description>
                        <url>http://zakupki.gov.ru/223/purchase/public/download/download.html?id=30105621</url>
                    </document>
                </ns2:attachments>
                <ns2:modificationDate>2017-03-16T13:17:37</ns2:modificationDate>
                <ns2:saveUserId>225051</ns2:saveUserId>
                <ns2:deliveryPlaceIndication>SINGLE_PLACE</ns2:deliveryPlaceIndication>
                <ns2:emergency>false</ns2:emergency>
                <ns2:jointPurchase>false</ns2:jointPurchase>
                <ns2:lots>
                    <lot>
                        <guid>cf20a8b0-06c0-4a1c-b314-d9e2a36c7262</guid>
                        <ordinalNumber>1</ordinalNumber>
                        <lotEditEnabled>false</lotEditEnabled>
                        <lotData>
                            <subject>Оказание услуг консультационно-информационного обслуживания, обеспечение нормативной и методической документацией в области систем менеджмента качества и системы добровольной сертификации</subject>
                            <currency>
                                <code>RUB</code>
                                <digitalCode>643</digitalCode>
                                <name>Российский рубль</name>
                            </currency>
                            <initialSum>500000.00</initialSum>
                            <deliveryPlace>
                                <state>Центральный федеральный округ</state>
                                <region>Москва</region>
                                <regionOkato>45000000000</regionOkato>
                                <address>Гороховский пер., д. 4</address>
                            </deliveryPlace>
                            <lotItems>
                                <newCodes>true</newCodes>
                                <lotItem>
                                    <guid>4be85438-a4ec-41ac-8e00-a4b88c99ce71</guid>
                                    <ordinalNumber>1</ordinalNumber>
                                    <okpd2>
                                        <code>72.19.19.000</code>
                                        <name>Услуги, связанные с научными исследованиями и экспериментальными разработками в области прочих естественных наук</name>
                                    </okpd2>
                                    <okved2>
                                        <code>72.19</code>
                                        <name>Научные исследования и разработки в области естественных и технических наук прочие</name>
                                    </okved2>
                                    <okei>
                                        <code>876</code>
                                        <name>Условная единица</name>
                                    </okei>
                                    <qty>1</qty>
                                </lotItem>
                            </lotItems>
                            <forSmallOrMiddle>false</forSmallOrMiddle>
                            <excludePurchaseFromPlan>false</excludePurchaseFromPlan>
                            <subcontractorsRequirement>false</subcontractorsRequirement>
                            <ignoredPurchase>false</ignoredPurchase>
                            <centralized>false</centralized>
                        </lotData>
                        <deliveryPlaceIndication>GL</deliveryPlaceIndication>
                        <jointLotData>
                            <jointLot>false</jointLot>
                        </jointLotData>
                        <lotPlanInfo>
                            <planRegistrationNumber>2170225377</planRegistrationNumber>
                            <planGuid>b7bc2241-99c0-4e8a-9047-fae980700d0e</planGuid>
                            <positionNumber>17</positionNumber>
                            <lotPlanPosition>COMMODITY</lotPlanPosition>
                            <positionGuid>465c38d6-a2eb-4195-bfa7-29f668e07dde</positionGuid>
                        </lotPlanInfo>
                        <cancelled>false</cancelled>
                    </lot>
                </ns2:lots>
            </ns2:purchaseNoticeEPData>
        </ns2:item>
    </ns2:body>
</ns2:purchaseNoticeEP>
