<?xml version="1.0" encoding="UTF-8" standalone="yes"?>
<ns2:purchaseNoticeEP xsi:schemaLocation="http://zakupki.gov.ru/223/integration/schema/TFF-5.2 http://zakupki.gov.ru/223/integration/schema/TFF-5.2/purchase.xsd" xmlns="http://zakupki.gov.ru/223fz/types/1" xmlns:ns10="http://zakupki.gov.ru/223fz/purchasePlan/1" xmlns:ns11="http://zakupki.gov.ru/223fz/purchasePlanProject/1" xmlns:ns12="http://zakupki.gov.ru/223fz/purchasePlanProjectAdditionalPosition/1" xmlns:ns13="http://zakupki.gov.ru/223fz/contract/1" xmlns:ns14="http://zakupki.gov.ru/223fz/missedNotice/1" xmlns:ns15="http://zakupki.gov.ru/223fz/reference/1" xmlns:ns16="http://zakupki.gov.ru/223fz/stopCommodity/1" xmlns:ns17="http://zakupki.gov.ru/223fz/decisionSuspension/1" xmlns:ns18="http://zakupki.gov.ru/223fz/purchasePlanAdditionalPosition/1" xmlns:ns19="http://zakupki.gov.ru/223fz/webRequest/1" xmlns:ns2="http://zakupki.gov.ru/223fz/purchase/1" xmlns:xsi="http://www.w3.org/2001/XMLSchema-instance" xmlns:ns3="http://zakupki.gov.ru/223fz/dishonestSupplier/1" xmlns:ns4="http://zakupki.gov.ru/223fz/machineryListInfo/1" xmlns:ns5="http://zakupki.gov.ru/223fz/revenue/1" xmlns:ns6="http://zakupki.gov.ru/223fz/orderClauseList/1" xmlns:ns7="http://zakupki.gov.ru/223fz/disagreementProtocol/1" xmlns:ns8="http://zakupki.gov.ru/223fz/complaint/1" xmlns:ns9="http://zakupki.gov.ru/223fz/notificationIssue/1">
    <header>
        <guid>f61e8456-e482-42b8-bea1-e041806643e1</guid>
        <createDateTime>2017-03-16T11:39:44</createDateTime>
    </header>
    <ns2:body>
        <ns2:item>
            <guid>9553d2ce-afce-4699-b43b-d59639371912</guid>
            <ns2:purchaseNoticeEPData>
                <ns2:guid>9553d2ce-afce-4699-b43b-d59639371912</ns2:guid>
                <ns2:createDateTime>2017-03-16T10:53:54</ns2:createDateTime>
                <ns2:urlOOS>https://zakupki.gov.ru/223/purchase/private/purchase/notice-info/details.html?noticeInfoId=5883746</ns2:urlOOS>
                <ns2:registrationNumber>31704896583</ns2:registrationNumber>
                <ns2:name>Оказание услуг по оформлению и предоставлению работникам ФГБУ НИИ «Восход» 5 (Пяти)
электронных билетов для участия в конференции «JPoint 2017»</ns2:name>
                <ns2:customer>
                    <mainInfo>
                        <fullName>ФЕДЕРАЛЬНОЕ ГОСУДАРСТВЕННОЕ БЮДЖЕТНОЕ УЧРЕЖДЕНИЕ "НАУЧНО-ИССЛЕДОВАТЕЛЬСКИЙ ИНСТИТУТ "ВОСХОД"</fullName>
                        <shortName>ФГБУ НИИ "ВОСХОД"</shortName>
                        <iko>87729498813772901001</iko>
                        <inn>7729498813</inn>
                        <kpp>772901001</kpp>
                        <ogrn>1167746289248</ogrn>
                        <legalAddress>119607Г МОСКВА, УЛ УДАЛЬЦОВА, ДОМ 85</legalAddress>
                        <postalAddress>г. Москва, ул. Удальцова, д. 85</postalAddress>
                        <phone>+7 (495) 981-88-99</phone>
                        <email>info@voskhod.ru</email>
                        <okato>45268584000</okato>
                        <okpo>07514067</okpo>
                    </mainInfo>
                </ns2:customer>
                <ns2:purchaseMethodCode>3363</ns2:purchaseMethodCode>
                <ns2:purchaseCodeName>Закупка у единственного поставщика (исполнителя, подрядчика)</ns2:purchaseCodeName>
                <ns2:placer>
                    <mainInfo>
                        <fullName>ФЕДЕРАЛЬНОЕ ГОСУДАРСТВЕННОЕ БЮДЖЕТНОЕ УЧРЕЖДЕНИЕ "НАУЧНО-ИССЛЕДОВАТЕЛЬСКИЙ ИНСТИТУТ "ВОСХОД"</fullName>
                        <shortName>ФГБУ НИИ "ВОСХОД"</shortName>
                        <iko>87729498813772901001</iko>
                        <inn>7729498813</inn>
                        <kpp>772901001</kpp>
                        <ogrn>1167746289248</ogrn>
                        <legalAddress>119607Г МОСКВА, УЛ УДАЛЬЦОВА, ДОМ 85</legalAddress>
                        <postalAddress>г. Москва, ул. Удальцова, д. 85</postalAddress>
                        <phone>+7 (495) 981-88-99</phone>
                        <email>info@voskhod.ru</email>
                        <okato>45268584000</okato>
                        <okpo>07514067</okpo>
                    </mainInfo>
                </ns2:placer>
                <ns2:contact>
                    <phone>+7 (495) 9818899</phone>
                    <email>zakupki@voskhod.ru</email>
                    <organization>
                        <mainInfo>
                            <fullName>ФЕДЕРАЛЬНОЕ ГОСУДАРСТВЕННОЕ БЮДЖЕТНОЕ УЧРЕЖДЕНИЕ "НАУЧНО-ИССЛЕДОВАТЕЛЬСКИЙ ИНСТИТУТ "ВОСХОД"</fullName>
                            <shortName>ФГБУ НИИ "ВОСХОД"</shortName>
                            <iko>87729498813772901001</iko>
                            <inn>7729498813</inn>
                            <kpp>772901001</kpp>
                            <ogrn>1167746289248</ogrn>
                            <legalAddress>119607Г МОСКВА, УЛ УДАЛЬЦОВА, ДОМ 85</legalAddress>
                            <postalAddress>г. Москва, ул. Удальцова, д. 85</postalAddress>
                            <phone>+7 (495) 981-88-99</phone>
                            <email>info@voskhod.ru</email>
                            <okato>45268584000</okato>
                            <okpo>07514067</okpo>
                        </mainInfo>
                    </organization>
                </ns2:contact>
                <ns2:publicationDateTime>2017-03-16T11:39:43</ns2:publicationDateTime>
                <ns2:documentationDelivery/>
                <ns2:status>P</ns2:status>
                <ns2:version>1</ns2:version>
                <ns2:notDishonest>true</ns2:notDishonest>
                <ns2:attachments>
                    <totalDocumentsCount>1</totalDocumentsCount>
                    <document>
                        <guid>a5058602-ac5d-4d81-b603-a7a2f6663007</guid>
                        <createDateTime>2017-03-16T11:35:56</createDateTime>
                        <fileName>Документация о закупке.pdf</fileName>
                        <description>Документация о закупке</description>
                        <url>http://zakupki.gov.ru/223/purchase/public/download/download.html?id=30100442</url>
                    </document>
                </ns2:attachments>
                <ns2:modificationDate>2017-03-16T11:39:43</ns2:modificationDate>
                <ns2:saveUserId>220431</ns2:saveUserId>
                <ns2:deliveryPlaceIndication>DIFFERENT_PLACE</ns2:deliveryPlaceIndication>
                <ns2:emergency>false</ns2:emergency>
                <ns2:jointPurchase>false</ns2:jointPurchase>
                <ns2:lots>
                    <lot>
                        <guid>fe86431f-0268-45f7-b9dd-9b1af24f5bed</guid>
                        <ordinalNumber>1</ordinalNumber>
                        <lotEditEnabled>false</lotEditEnabled>
                        <lotData>
                            <subject>Услуги по оформлению и предоставлению работникам ФГБУ НИИ «Восход» 5 (Пяти) электронных билетов для участия в конференции «JPoint 2017»
</subject>
                            <currency>
                                <code>RUB</code>
                                <digitalCode>643</digitalCode>
                                <name>Российский рубль</name>
                            </currency>
                            <initialSum>110000.00</initialSum>
                            <deliveryPlace>
                                <state>Центральный федеральный округ</state>
                                <region>Москва</region>
                                <regionOkato>45000000000</regionOkato>
                                <address>119607, г. Москва, ул. Удальцова, д. 85</address>
                            </deliveryPlace>
                            <lotItems>
                                <newCodes>true</newCodes>
                                <lotItem>
                                    <guid>8f5f2502-ac6c-4747-8fc4-0e88ceb9b237</guid>
                                    <ordinalNumber>1</ordinalNumber>
                                    <okpd2>
                                        <code>82.30.11</code>
                                        <name>Услуги по организации конференций</name>
                                    </okpd2>
                                    <okved2>
                                        <code>82.30</code>
                                        <name>Деятельность по организации конференций и выставок</name>
                                    </okved2>
                                </lotItem>
                            </lotItems>
                            <forSmallOrMiddle>true</forSmallOrMiddle>
                            <excludePurchaseFromPlan>false</excludePurchaseFromPlan>
                            <subcontractorsRequirement>false</subcontractorsRequirement>
                            <ignoredPurchase>false</ignoredPurchase>
                            <centralized>false</centralized>
                        </lotData>
                        <deliveryPlaceIndication>GL</deliveryPlaceIndication>
                        <jointLotData>
                            <jointLot>false</jointLot>
                        </jointLotData>
                        <lotPlanInfo>
                            <planRegistrationNumber>2160195806</planRegistrationNumber>
                            <planGuid>ac1229ec-333b-4318-a1a5-08753c859b81</planGuid>
                            <positionNumber>102</positionNumber>
                            <lotPlanPosition>COMMODITY</lotPlanPosition>
                            <positionGuid>286ea339-8039-45df-956f-e4366211c453</positionGuid>
                        </lotPlanInfo>
                        <cancelled>false</cancelled>
                    </lot>
                </ns2:lots>
            </ns2:purchaseNoticeEPData>
        </ns2:item>
    </ns2:body>
</ns2:purchaseNoticeEP>
