<?xml version="1.0" encoding="UTF-8" standalone="yes"?>
<ns2:purchaseNoticeEP xsi:schemaLocation="http://zakupki.gov.ru/223/integration/schema/TFF-5.2 http://zakupki.gov.ru/223/integration/schema/TFF-5.2/purchase.xsd" xmlns="http://zakupki.gov.ru/223fz/types/1" xmlns:ns10="http://zakupki.gov.ru/223fz/purchasePlan/1" xmlns:ns11="http://zakupki.gov.ru/223fz/purchasePlanProject/1" xmlns:ns12="http://zakupki.gov.ru/223fz/purchasePlanProjectAdditionalPosition/1" xmlns:ns13="http://zakupki.gov.ru/223fz/contract/1" xmlns:ns14="http://zakupki.gov.ru/223fz/missedNotice/1" xmlns:ns15="http://zakupki.gov.ru/223fz/reference/1" xmlns:ns16="http://zakupki.gov.ru/223fz/stopCommodity/1" xmlns:ns17="http://zakupki.gov.ru/223fz/decisionSuspension/1" xmlns:ns18="http://zakupki.gov.ru/223fz/purchasePlanAdditionalPosition/1" xmlns:ns19="http://zakupki.gov.ru/223fz/webRequest/1" xmlns:ns2="http://zakupki.gov.ru/223fz/purchase/1" xmlns:xsi="http://www.w3.org/2001/XMLSchema-instance" xmlns:ns3="http://zakupki.gov.ru/223fz/dishonestSupplier/1" xmlns:ns4="http://zakupki.gov.ru/223fz/machineryListInfo/1" xmlns:ns5="http://zakupki.gov.ru/223fz/revenue/1" xmlns:ns6="http://zakupki.gov.ru/223fz/orderClauseList/1" xmlns:ns7="http://zakupki.gov.ru/223fz/disagreementProtocol/1" xmlns:ns8="http://zakupki.gov.ru/223fz/complaint/1" xmlns:ns9="http://zakupki.gov.ru/223fz/notificationIssue/1">
    <header>
        <guid>3822389f-0e4b-4986-841a-951e5704421a</guid>
        <createDateTime>2017-03-16T12:38:15</createDateTime>
    </header>
    <ns2:body>
        <ns2:item>
            <guid>fdf52598-4637-4dcb-b244-784b89347618</guid>
            <ns2:purchaseNoticeEPData>
                <ns2:guid>fdf52598-4637-4dcb-b244-784b89347618</ns2:guid>
                <ns2:createDateTime>2017-03-16T12:34:02</ns2:createDateTime>
                <ns2:urlOOS>https://zakupki.gov.ru/223/purchase/private/purchase/notice-info/details.html?noticeInfoId=5884795</ns2:urlOOS>
                <ns2:registrationNumber>31704897047</ns2:registrationNumber>
                <ns2:name>Договор возмездного оказания услуг по измерению теплофизических свойств образцов</ns2:name>
                <ns2:customer>
                    <mainInfo>
                        <fullName>ФЕДЕРАЛЬНОЕ ГОСУДАРСТВЕННОЕ БЮДЖЕТНОЕ УЧРЕЖДЕНИЕ "НАУЧНО-ИССЛЕДОВАТЕЛЬСКИЙ ИНСТИТУТ СТРОИТЕЛЬНОЙ ФИЗИКИ РОССИЙСКОЙ АКАДЕМИИ АРХИТЕКТУРЫ И СТРОИТЕЛЬНЫХ НАУК"</fullName>
                        <shortName>НИИСФ РААСН</shortName>
                        <iko>87713018998771301001</iko>
                        <inn>7713018998</inn>
                        <kpp>771301001</kpp>
                        <ogrn>1027739485950</ogrn>
                        <legalAddress>127238, Г МОСКВА, ПР ЛОКОМОТИВНЫЙ, дом ДОМ 21</legalAddress>
                        <postalAddress>127238, г. Москва, Локомотивный проезд, 21</postalAddress>
                        <phone>7-495-4823972</phone>
                        <email>niisfbux@rambler.ru</email>
                        <okato>45277592000</okato>
                        <okpo>02495359</okpo>
                    </mainInfo>
                </ns2:customer>
                <ns2:purchaseMethodCode>3363</ns2:purchaseMethodCode>
                <ns2:purchaseCodeName>Закупка у единственного поставщика (исполнителя, подрядчика)</ns2:purchaseCodeName>
                <ns2:placer>
                    <mainInfo>
                        <fullName>ФЕДЕРАЛЬНОЕ ГОСУДАРСТВЕННОЕ БЮДЖЕТНОЕ УЧРЕЖДЕНИЕ "НАУЧНО-ИССЛЕДОВАТЕЛЬСКИЙ ИНСТИТУТ СТРОИТЕЛЬНОЙ ФИЗИКИ РОССИЙСКОЙ АКАДЕМИИ АРХИТЕКТУРЫ И СТРОИТЕЛЬНЫХ НАУК"</fullName>
                        <shortName>НИИСФ РААСН</shortName>
                        <iko>87713018998771301001</iko>
                        <inn>7713018998</inn>
                        <kpp>771301001</kpp>
                        <ogrn>1027739485950</ogrn>
                        <legalAddress>127238, Г МОСКВА, ПР ЛОКОМОТИВНЫЙ, дом ДОМ 21</legalAddress>
                        <postalAddress>127238, г. Москва, Локомотивный проезд, 21</postalAddress>
                        <phone>7-495-4823972</phone>
                        <email>niisfbux@rambler.ru</email>
                        <okato>45277592000</okato>
                        <okpo>02495359</okpo>
                    </mainInfo>
                </ns2:placer>
                <ns2:contact>
                    <firstName>Сергей</firstName>
                    <middleName>Германович</middleName>
                    <lastName>Воробьев</lastName>
                    <phone>+7 (495) 4825093</phone>
                    <email>serzhekniisf@ro.ru</email>
                    <organization>
                        <mainInfo>
                            <fullName>ФЕДЕРАЛЬНОЕ ГОСУДАРСТВЕННОЕ БЮДЖЕТНОЕ УЧРЕЖДЕНИЕ "НАУЧНО-ИССЛЕДОВАТЕЛЬСКИЙ ИНСТИТУТ СТРОИТЕЛЬНОЙ ФИЗИКИ РОССИЙСКОЙ АКАДЕМИИ АРХИТЕКТУРЫ И СТРОИТЕЛЬНЫХ НАУК"</fullName>
                            <shortName>НИИСФ РААСН</shortName>
                            <iko>87713018998771301001</iko>
                            <inn>7713018998</inn>
                            <kpp>771301001</kpp>
                            <ogrn>1027739485950</ogrn>
                            <legalAddress>127238, Г МОСКВА, ПР ЛОКОМОТИВНЫЙ, дом ДОМ 21</legalAddress>
                            <postalAddress>127238, г. Москва, Локомотивный проезд, 21</postalAddress>
                            <phone>7-495-4823972</phone>
                            <email>niisfbux@rambler.ru</email>
                            <okato>45277592000</okato>
                            <okpo>02495359</okpo>
                        </mainInfo>
                    </organization>
                </ns2:contact>
                <ns2:publicationDateTime>2017-03-16T12:38:15</ns2:publicationDateTime>
                <ns2:documentationDelivery/>
                <ns2:status>P</ns2:status>
                <ns2:version>1</ns2:version>
                <ns2:notDishonest>false</ns2:notDishonest>
                <ns2:attachments>
                    <totalDocumentsCount>1</totalDocumentsCount>
                    <document>
                        <guid>c710859c-8ce2-41cb-b17f-612329c3ce44</guid>
                        <createDateTime>2017-03-16T12:36:26</createDateTime>
                        <fileName>Договор 0102.17.pdf</fileName>
                        <description>Договор</description>
                        <url>http://zakupki.gov.ru/223/purchase/public/download/download.html?id=30103876</url>
                    </document>
                </ns2:attachments>
                <ns2:modificationDate>2017-03-16T12:38:15</ns2:modificationDate>
                <ns2:saveUserId>93159</ns2:saveUserId>
                <ns2:deliveryPlaceIndication>SINGLE_PLACE</ns2:deliveryPlaceIndication>
                <ns2:emergency>false</ns2:emergency>
                <ns2:jointPurchase>false</ns2:jointPurchase>
                <ns2:lots>
                    <lot>
                        <guid>0cac9375-13ed-433b-a5ce-6865ff277f02</guid>
                        <ordinalNumber>1</ordinalNumber>
                        <lotEditEnabled>false</lotEditEnabled>
                        <lotData>
                            <subject>Услуги по измерению теплофизических свойств образцов материалов</subject>
                            <currency>
                                <code>RUB</code>
                                <digitalCode>643</digitalCode>
                                <name>Российский рубль</name>
                            </currency>
                            <initialSum>141600.00</initialSum>
                            <deliveryPlace>
                                <state>Центральный федеральный округ</state>
                                <region>Москва</region>
                                <regionOkato>45000000000</regionOkato>
                                <address>127238, г. Москва, Локомотивный проезд, д.21</address>
                            </deliveryPlace>
                            <lotItems>
                                <newCodes>true</newCodes>
                                <lotItem>
                                    <guid>5c0a491d-30b8-4293-9792-fa2b17582815</guid>
                                    <ordinalNumber>1</ordinalNumber>
                                    <okpd2>
                                        <code>72</code>
                                        <name>Услуги и работы, связанные с научными исследованиями и экспериментальными разработками</name>
                                    </okpd2>
                                    <okved2>
                                        <code>72</code>
                                        <name>Научные исследования и разработки</name>
                                    </okved2>
                                    <okei>
                                        <code>796</code>
                                        <name>Штука</name>
                                    </okei>
                                    <qty>3</qty>
                                </lotItem>
                            </lotItems>
                            <forSmallOrMiddle>false</forSmallOrMiddle>
                            <excludePurchaseFromPlan>false</excludePurchaseFromPlan>
                            <subcontractorsRequirement>false</subcontractorsRequirement>
                            <ignoredPurchase>false</ignoredPurchase>
                            <centralized>false</centralized>
                        </lotData>
                        <deliveryPlaceIndication>GL</deliveryPlaceIndication>
                        <jointLotData>
                            <jointLot>false</jointLot>
                        </jointLotData>
                        <lotPlanInfo>
                            <planRegistrationNumber>2170227910</planRegistrationNumber>
                            <planGuid>198a8675-f86f-4a33-b8af-32ba90df9708</planGuid>
                            <positionNumber>7</positionNumber>
                            <lotPlanPosition>COMMODITY</lotPlanPosition>
                            <positionGuid>156d2ebf-0da1-4034-a0f3-d6437258ea72</positionGuid>
                        </lotPlanInfo>
                        <cancelled>false</cancelled>
                    </lot>
                </ns2:lots>
            </ns2:purchaseNoticeEPData>
        </ns2:item>
    </ns2:body>
</ns2:purchaseNoticeEP>
