<?xml version="1.0" encoding="UTF-8" standalone="yes"?>
<ns2:purchaseNoticeEP xsi:schemaLocation="http://zakupki.gov.ru/223/integration/schema/TFF-5.2 http://zakupki.gov.ru/223/integration/schema/TFF-5.2/purchase.xsd" xmlns="http://zakupki.gov.ru/223fz/types/1" xmlns:ns10="http://zakupki.gov.ru/223fz/purchasePlan/1" xmlns:ns11="http://zakupki.gov.ru/223fz/purchasePlanProject/1" xmlns:ns12="http://zakupki.gov.ru/223fz/purchasePlanProjectAdditionalPosition/1" xmlns:ns13="http://zakupki.gov.ru/223fz/contract/1" xmlns:ns14="http://zakupki.gov.ru/223fz/missedNotice/1" xmlns:ns15="http://zakupki.gov.ru/223fz/reference/1" xmlns:ns16="http://zakupki.gov.ru/223fz/stopCommodity/1" xmlns:ns17="http://zakupki.gov.ru/223fz/decisionSuspension/1" xmlns:ns18="http://zakupki.gov.ru/223fz/purchasePlanAdditionalPosition/1" xmlns:ns19="http://zakupki.gov.ru/223fz/webRequest/1" xmlns:ns2="http://zakupki.gov.ru/223fz/purchase/1" xmlns:xsi="http://www.w3.org/2001/XMLSchema-instance" xmlns:ns3="http://zakupki.gov.ru/223fz/dishonestSupplier/1" xmlns:ns4="http://zakupki.gov.ru/223fz/machineryListInfo/1" xmlns:ns5="http://zakupki.gov.ru/223fz/revenue/1" xmlns:ns6="http://zakupki.gov.ru/223fz/orderClauseList/1" xmlns:ns7="http://zakupki.gov.ru/223fz/disagreementProtocol/1" xmlns:ns8="http://zakupki.gov.ru/223fz/complaint/1" xmlns:ns9="http://zakupki.gov.ru/223fz/notificationIssue/1">
    <header>
        <guid>5be9c911-8807-4b66-b8cb-464687ef2e06</guid>
        <createDateTime>2017-03-16T16:37:02</createDateTime>
    </header>
    <ns2:body>
        <ns2:item>
            <guid>7637678d-f8bc-46f2-af8f-65bfcfcb40ca</guid>
            <ns2:purchaseNoticeEPData>
                <ns2:guid>7637678d-f8bc-46f2-af8f-65bfcfcb40ca</ns2:guid>
                <ns2:createDateTime>2017-03-16T16:35:06</ns2:createDateTime>
                <ns2:urlOOS>https://zakupki.gov.ru/223/purchase/private/purchase/notice-info/details.html?noticeInfoId=5887569</ns2:urlOOS>
                <ns2:registrationNumber>31704899271</ns2:registrationNumber>
                <ns2:name>Выполнение работ по сервисному обслуживанию самолетов</ns2:name>
                <ns2:customer>
                    <mainInfo>
                        <fullName>АКЦИОНЕРНОЕ ОБЩЕСТВО "РОССИЙСКАЯ САМОЛЕТОСТРОИТЕЛЬНАЯ КОРПОРАЦИЯ "МИГ"</fullName>
                        <shortName>АО "РСК "МИГ"</shortName>
                        <iko>67714733528771401001</iko>
                        <inn>7714733528</inn>
                        <kpp>771401001</kpp>
                        <ogrn>1087746371844</ogrn>
                        <legalAddress>125284, Г МОСКВА, ПР БОТКИНСКИЙ 1-Й, дом 7</legalAddress>
                        <postalAddress>125284, Москва, Боткинский 1-й, дом 7</postalAddress>
                        <phone>7-499-7218100-7632</phone>
                        <email>v.davydov@rsk-mig.ru</email>
                        <okato>45277556000</okato>
                        <okpo>42836853</okpo>
                    </mainInfo>
                </ns2:customer>
                <ns2:purchaseMethodCode>3363</ns2:purchaseMethodCode>
                <ns2:purchaseCodeName>Закупка у единственного поставщика (исполнителя, подрядчика)</ns2:purchaseCodeName>
                <ns2:placer>
                    <mainInfo>
                        <fullName>АКЦИОНЕРНОЕ ОБЩЕСТВО "РОССИЙСКАЯ САМОЛЕТОСТРОИТЕЛЬНАЯ КОРПОРАЦИЯ "МИГ"</fullName>
                        <shortName>АО "РСК "МИГ"</shortName>
                        <iko>67714733528771401001</iko>
                        <inn>7714733528</inn>
                        <kpp>771401001</kpp>
                        <ogrn>1087746371844</ogrn>
                        <legalAddress>125284, Г МОСКВА, ПР БОТКИНСКИЙ 1-Й, дом 7</legalAddress>
                        <postalAddress>125284, Москва, Боткинский 1-й, дом 7</postalAddress>
                        <phone>7-499-7218100-7632</phone>
                        <email>v.davydov@rsk-mig.ru</email>
                        <okato>45277556000</okato>
                        <okpo>42836853</okpo>
                    </mainInfo>
                </ns2:placer>
                <ns2:contact>
                    <firstName>Артем</firstName>
                    <middleName>Анатольевич</middleName>
                    <lastName>Лизуро</lastName>
                    <phone>+7 (495) 7218100, доб.: 7632</phone>
                    <email>a.lizuro@rsk-mig.ru</email>
                    <organization>
                        <mainInfo>
                            <fullName>АКЦИОНЕРНОЕ ОБЩЕСТВО "РОССИЙСКАЯ САМОЛЕТОСТРОИТЕЛЬНАЯ КОРПОРАЦИЯ "МИГ"</fullName>
                            <shortName>АО "РСК "МИГ"</shortName>
                            <iko>67714733528771401001</iko>
                            <inn>7714733528</inn>
                            <kpp>771401001</kpp>
                            <ogrn>1087746371844</ogrn>
                            <legalAddress>125284, Г МОСКВА, ПР БОТКИНСКИЙ 1-Й, дом 7</legalAddress>
                            <postalAddress>125284, Москва, Боткинский 1-й, дом 7</postalAddress>
                            <phone>7-499-7218100-7632</phone>
                            <email>v.davydov@rsk-mig.ru</email>
                            <okato>45277556000</okato>
                            <okpo>42836853</okpo>
                        </mainInfo>
                    </organization>
                </ns2:contact>
                <ns2:publicationDateTime>2017-03-16T16:37:02</ns2:publicationDateTime>
                <ns2:documentationDelivery/>
                <ns2:status>P</ns2:status>
                <ns2:version>1</ns2:version>
                <ns2:notDishonest>false</ns2:notDishonest>
                <ns2:attachments>
                    <totalDocumentsCount>1</totalDocumentsCount>
                    <document>
                        <guid>39f53070-24b3-49ac-9d2f-2978af13fa7c</guid>
                        <createDateTime>2017-03-16T16:36:30</createDateTime>
                        <fileName>Извещение о закуп у ед. пост пз 1688.jpeg</fileName>
                        <description>Извещение о закуп у ед. пост пз 1688</description>
                        <url>http://zakupki.gov.ru/223/purchase/public/download/download.html?id=30117144</url>
                    </document>
                </ns2:attachments>
                <ns2:modificationDate>2017-03-16T16:37:02</ns2:modificationDate>
                <ns2:saveUserId>250936</ns2:saveUserId>
                <ns2:deliveryPlaceIndication>SINGLE_PLACE</ns2:deliveryPlaceIndication>
                <ns2:emergency>false</ns2:emergency>
                <ns2:jointPurchase>false</ns2:jointPurchase>
                <ns2:lots>
                    <lot>
                        <guid>f2e242f6-cddf-45fe-947d-6e5627085776</guid>
                        <ordinalNumber>1</ordinalNumber>
                        <lotEditEnabled>false</lotEditEnabled>
                        <lotData>
                            <subject>Выполнение работ по сервисному обслуживанию самолетов</subject>
                            <currency>
                                <code>RUB</code>
                                <digitalCode>643</digitalCode>
                                <name>Российский рубль</name>
                            </currency>
                            <initialSum>4865364.20</initialSum>
                            <deliveryPlace>
                                <address>Территория РФ</address>
                            </deliveryPlace>
                            <lotItems>
                                <newCodes>true</newCodes>
                                <lotItem>
                                    <guid>8be3841a-cb02-46d9-9384-f48b417f5049</guid>
                                    <ordinalNumber>1</ordinalNumber>
                                    <okpd2>
                                        <code>30.30</code>
                                        <name>Аппараты летательные и космические и соответствующее оборудование</name>
                                    </okpd2>
                                    <okved2>
                                        <code>33.16</code>
                                        <name>Ремонт и техническое обслуживание летательных аппаратов, включая космические</name>
                                    </okved2>
                                    <okei>
                                        <code>876</code>
                                        <name>Условная единица</name>
                                    </okei>
                                    <qty>1</qty>
                                </lotItem>
                            </lotItems>
                            <forSmallOrMiddle>false</forSmallOrMiddle>
                            <excludePurchaseFromPlan>false</excludePurchaseFromPlan>
                            <subcontractorsRequirement>false</subcontractorsRequirement>
                            <ignoredPurchase>false</ignoredPurchase>
                            <centralized>false</centralized>
                        </lotData>
                        <deliveryPlaceIndication>GL</deliveryPlaceIndication>
                        <jointLotData>
                            <jointLot>false</jointLot>
                        </jointLotData>
                        <lotPlanInfo>
                            <planRegistrationNumber>2160209569</planRegistrationNumber>
                            <planGuid>5db69a3a-21dc-48d4-b180-38651225c46f</planGuid>
                            <positionNumber>1688</positionNumber>
                            <lotPlanPosition>COMMODITY</lotPlanPosition>
                            <positionGuid>8855c39b-0a1b-404d-ae15-e9e211d5a938</positionGuid>
                        </lotPlanInfo>
                        <cancelled>false</cancelled>
                    </lot>
                </ns2:lots>
            </ns2:purchaseNoticeEPData>
        </ns2:item>
    </ns2:body>
</ns2:purchaseNoticeEP>
