<?xml version="1.0" encoding="UTF-8" standalone="yes"?>
<ns2:purchaseNoticeEP xsi:schemaLocation="http://zakupki.gov.ru/223/integration/schema/TFF-5.2 http://zakupki.gov.ru/223/integration/schema/TFF-5.2/purchase.xsd" xmlns="http://zakupki.gov.ru/223fz/types/1" xmlns:ns10="http://zakupki.gov.ru/223fz/purchasePlan/1" xmlns:ns11="http://zakupki.gov.ru/223fz/purchasePlanProject/1" xmlns:ns12="http://zakupki.gov.ru/223fz/purchasePlanProjectAdditionalPosition/1" xmlns:ns13="http://zakupki.gov.ru/223fz/contract/1" xmlns:ns14="http://zakupki.gov.ru/223fz/missedNotice/1" xmlns:ns15="http://zakupki.gov.ru/223fz/reference/1" xmlns:ns16="http://zakupki.gov.ru/223fz/stopCommodity/1" xmlns:ns17="http://zakupki.gov.ru/223fz/decisionSuspension/1" xmlns:ns18="http://zakupki.gov.ru/223fz/purchasePlanAdditionalPosition/1" xmlns:ns19="http://zakupki.gov.ru/223fz/webRequest/1" xmlns:ns2="http://zakupki.gov.ru/223fz/purchase/1" xmlns:xsi="http://www.w3.org/2001/XMLSchema-instance" xmlns:ns3="http://zakupki.gov.ru/223fz/dishonestSupplier/1" xmlns:ns4="http://zakupki.gov.ru/223fz/machineryListInfo/1" xmlns:ns5="http://zakupki.gov.ru/223fz/revenue/1" xmlns:ns6="http://zakupki.gov.ru/223fz/orderClauseList/1" xmlns:ns7="http://zakupki.gov.ru/223fz/disagreementProtocol/1" xmlns:ns8="http://zakupki.gov.ru/223fz/complaint/1" xmlns:ns9="http://zakupki.gov.ru/223fz/notificationIssue/1">
    <header>
        <guid>562fa19c-bd4a-424e-8b57-c189c9815d5e</guid>
        <createDateTime>2017-03-16T13:47:07</createDateTime>
    </header>
    <ns2:body>
        <ns2:item>
            <guid>dc5eb815-6b14-4bd5-8255-9807fdbc40f7</guid>
            <ns2:purchaseNoticeEPData>
                <ns2:guid>dc5eb815-6b14-4bd5-8255-9807fdbc40f7</ns2:guid>
                <ns2:createDateTime>2017-03-16T13:40:40</ns2:createDateTime>
                <ns2:urlOOS>https://zakupki.gov.ru/223/purchase/private/purchase/notice-info/details.html?noticeInfoId=5885477</ns2:urlOOS>
                <ns2:registrationNumber>31704897583</ns2:registrationNumber>
                <ns2:name>ОАО «Железнодорожная торговая компания» в лице Читинского филиала ОАО «ЖТК» информирует о закупке у единственного поставщика колбасных изделий для предприятий общественного питания Борзинского участка, оказывающих услуги  питания работникам ОАО «РЖД»</ns2:name>
                <ns2:customer>
                    <mainInfo>
                        <fullName>ОТКРЫТОЕ АКЦИОНЕРНОЕ ОБЩЕСТВО "ЖЕЛЕЗНОДОРОЖНАЯ ТОРГОВАЯ КОМПАНИЯ"</fullName>
                        <shortName>ОАО "ЖТК"</shortName>
                        <iko>67708639622770801001</iko>
                        <inn>7708639622</inn>
                        <kpp>770801001</kpp>
                        <ogrn>5077746868403</ogrn>
                        <legalAddress>107228, Г МОСКВА, УЛ НОВОРЯЗАНСКАЯ, дом 12</legalAddress>
                        <postalAddress>107228, Москва Город, Новорязанская Улица, дом 12</postalAddress>
                        <phone>7-495-7899930-137</phone>
                        <fax>7-499-2620999</fax>
                        <email>rwtk@rwtk.ru</email>
                        <okato>45286565000</okato>
                        <okpo>81375880</okpo>
                    </mainInfo>
                </ns2:customer>
                <ns2:purchaseMethodCode>3363</ns2:purchaseMethodCode>
                <ns2:purchaseCodeName>Закупка у единственного поставщика (исполнителя, подрядчика)</ns2:purchaseCodeName>
                <ns2:placer>
                    <mainInfo>
                        <fullName>Читинский филиал Открытого акционерного общества "Железнодорожная торговая компания"</fullName>
                        <shortName>ЧФ ОАО "ЖТК"</shortName>
                        <iko>57708639622753643001</iko>
                        <inn>7708639622</inn>
                        <kpp>753643001</kpp>
                        <ogrn>5077746868403</ogrn>
                        <legalAddress>Забайкальский край, г. Чита, ул. Газимурская, д. 5 стр. 1</legalAddress>
                        <postalAddress>107228, Москва Город, Новорязанская Улица, дом 12</postalAddress>
                        <phone>7-495-7899930-137</phone>
                        <fax>7-499-2620999</fax>
                        <email>rwtk@rwtk.ru</email>
                        <okato>76401364000</okato>
                        <okpo>81796676</okpo>
                    </mainInfo>
                </ns2:placer>
                <ns2:contact>
                    <firstName>Татьяна</firstName>
                    <middleName>Анатольевна</middleName>
                    <lastName>Топоркова</lastName>
                    <phone>+8 (3022) 204064</phone>
                    <email>chitazakaz@corp.rwtk.ru</email>
                    <organization>
                        <mainInfo>
                            <fullName>ОТКРЫТОЕ АКЦИОНЕРНОЕ ОБЩЕСТВО "ЖЕЛЕЗНОДОРОЖНАЯ ТОРГОВАЯ КОМПАНИЯ"</fullName>
                            <shortName>ОАО "ЖТК"</shortName>
                            <iko>67708639622770801001</iko>
                            <inn>7708639622</inn>
                            <kpp>770801001</kpp>
                            <ogrn>5077746868403</ogrn>
                            <legalAddress>107228, Г МОСКВА, УЛ НОВОРЯЗАНСКАЯ, дом 12</legalAddress>
                            <postalAddress>107228, Москва Город, Новорязанская Улица, дом 12</postalAddress>
                            <phone>7-495-7899930-137</phone>
                            <fax>7-499-2620999</fax>
                            <email>rwtk@rwtk.ru</email>
                            <okato>45286565000</okato>
                            <okpo>81375880</okpo>
                        </mainInfo>
                    </organization>
                </ns2:contact>
                <ns2:publicationDateTime>2017-03-16T13:47:07</ns2:publicationDateTime>
                <ns2:documentationDelivery/>
                <ns2:status>P</ns2:status>
                <ns2:version>1</ns2:version>
                <ns2:notDishonest>true</ns2:notDishonest>
                <ns2:attachments>
                    <totalDocumentsCount>2</totalDocumentsCount>
                    <document>
                        <guid>a6b04daf-b291-461b-bbf9-dcc83e3eaba5</guid>
                        <createDateTime>2017-03-16T13:46:19</createDateTime>
                        <fileName>Извещение.doc</fileName>
                        <description>Извещение</description>
                        <url>http://zakupki.gov.ru/223/purchase/public/download/download.html?id=30107296</url>
                    </document>
                    <document>
                        <guid>ae85d0f2-77be-471f-af55-d13685755ae6</guid>
                        <createDateTime>2017-03-16T13:46:39</createDateTime>
                        <fileName>Договор.docx</fileName>
                        <description>Договор</description>
                        <url>http://zakupki.gov.ru/223/purchase/public/download/download.html?id=30107318</url>
                    </document>
                </ns2:attachments>
                <ns2:modificationDate>2017-03-16T13:47:07</ns2:modificationDate>
                <ns2:saveUserId>46475</ns2:saveUserId>
                <ns2:deliveryPlaceIndication>DIFFERENT_PLACE</ns2:deliveryPlaceIndication>
                <ns2:emergency>false</ns2:emergency>
                <ns2:jointPurchase>false</ns2:jointPurchase>
                <ns2:lots>
                    <lot>
                        <guid>d56f8f81-cec3-4215-a87e-2125927de5a8</guid>
                        <ordinalNumber>1</ordinalNumber>
                        <lotEditEnabled>true</lotEditEnabled>
                        <lotData>
                            <subject>Поставка колбасных изделий для предприятий общественного питания Борзинского участка, оказывающих услуги питания работникам ОАО "РЖД"</subject>
                            <currency>
                                <code>RUB</code>
                                <digitalCode>643</digitalCode>
                                <name>Российский рубль</name>
                            </currency>
                            <initialSum>900493.00</initialSum>
                            <orderPricing>с учетом всех видов налогов, других расходов, с учетом НДС</orderPricing>
                            <deliveryPlace>
                                <state>Сибирский федеральный округ</state>
                                <region>Забайкальский край</region>
                                <regionOkato>76000000000</regionOkato>
                                <address>Производственно - складская база Борзинского ТПО Читинского филиала ОАО «ЖТК» Забайкальский край, г. Борзя,  пер. Элеваторный, 1</address>
                            </deliveryPlace>
                            <lotItems>
                                <newCodes>true</newCodes>
                                <lotItem>
                                    <guid>e34094ce-c809-46f0-9166-6f9d6873a651</guid>
                                    <ordinalNumber>1</ordinalNumber>
                                    <okpd2>
                                        <code>46.32.12</code>
                                        <name>Услуги по оптовой торговле мясными продуктами (включая продукты из мяса птицы)</name>
                                    </okpd2>
                                    <okved2>
                                        <code>46.32</code>
                                        <name>Торговля оптовая мясом и мясными продуктами</name>
                                    </okved2>
                                    <okei>
                                        <code>166</code>
                                        <name>Килограмм</name>
                                    </okei>
                                    <qty>2200</qty>
                                </lotItem>
                            </lotItems>
                            <forSmallOrMiddle>false</forSmallOrMiddle>
                            <excludePurchaseFromPlan>false</excludePurchaseFromPlan>
                            <subcontractorsRequirement>false</subcontractorsRequirement>
                            <ignoredPurchase>false</ignoredPurchase>
                            <centralized>false</centralized>
                        </lotData>
                        <deliveryPlaceIndication>GL</deliveryPlaceIndication>
                        <jointLotData>
                            <jointLot>false</jointLot>
                        </jointLotData>
                        <lotPlanInfo>
                            <planRegistrationNumber>2160202621</planRegistrationNumber>
                            <planGuid>5b81d5f4-1571-4838-a52c-7a600ca13955</planGuid>
                            <positionNumber>355</positionNumber>
                            <lotPlanPosition>COMMODITY</lotPlanPosition>
                            <positionGuid>98919f84-51b2-4c56-868f-9b937c24450f</positionGuid>
                        </lotPlanInfo>
                        <cancelled>false</cancelled>
                    </lot>
                </ns2:lots>
            </ns2:purchaseNoticeEPData>
        </ns2:item>
    </ns2:body>
</ns2:purchaseNoticeEP>
