<?xml version="1.0" encoding="UTF-8" standalone="yes"?>
<ns2:purchaseNoticeEP xsi:schemaLocation="http://zakupki.gov.ru/223/integration/schema/TFF-5.2 http://zakupki.gov.ru/223/integration/schema/TFF-5.2/purchase.xsd" xmlns="http://zakupki.gov.ru/223fz/types/1" xmlns:ns10="http://zakupki.gov.ru/223fz/purchasePlan/1" xmlns:ns11="http://zakupki.gov.ru/223fz/purchasePlanProject/1" xmlns:ns12="http://zakupki.gov.ru/223fz/purchasePlanProjectAdditionalPosition/1" xmlns:ns13="http://zakupki.gov.ru/223fz/contract/1" xmlns:ns14="http://zakupki.gov.ru/223fz/missedNotice/1" xmlns:ns15="http://zakupki.gov.ru/223fz/reference/1" xmlns:ns16="http://zakupki.gov.ru/223fz/stopCommodity/1" xmlns:ns17="http://zakupki.gov.ru/223fz/decisionSuspension/1" xmlns:ns18="http://zakupki.gov.ru/223fz/purchasePlanAdditionalPosition/1" xmlns:ns19="http://zakupki.gov.ru/223fz/webRequest/1" xmlns:ns2="http://zakupki.gov.ru/223fz/purchase/1" xmlns:xsi="http://www.w3.org/2001/XMLSchema-instance" xmlns:ns3="http://zakupki.gov.ru/223fz/dishonestSupplier/1" xmlns:ns4="http://zakupki.gov.ru/223fz/machineryListInfo/1" xmlns:ns5="http://zakupki.gov.ru/223fz/revenue/1" xmlns:ns6="http://zakupki.gov.ru/223fz/orderClauseList/1" xmlns:ns7="http://zakupki.gov.ru/223fz/disagreementProtocol/1" xmlns:ns8="http://zakupki.gov.ru/223fz/complaint/1" xmlns:ns9="http://zakupki.gov.ru/223fz/notificationIssue/1">
    <header>
        <guid>78cc4609-9bba-44f7-854f-16599c194d12</guid>
        <createDateTime>2017-03-16T19:58:32</createDateTime>
    </header>
    <ns2:body>
        <ns2:item>
            <guid>960b84fb-7e8d-4390-9cf8-17cab48cdd75</guid>
            <ns2:purchaseNoticeEPData>
                <ns2:guid>960b84fb-7e8d-4390-9cf8-17cab48cdd75</ns2:guid>
                <ns2:createDateTime>2017-03-16T19:51:27</ns2:createDateTime>
                <ns2:urlOOS>https://zakupki.gov.ru/223/purchase/private/purchase/notice-info/details.html?noticeInfoId=5888435</ns2:urlOOS>
                <ns2:registrationNumber>31704900057</ns2:registrationNumber>
                <ns2:name>Закупка у единственного поставщика услуг строительного контроля 
</ns2:name>
                <ns2:customer>
                    <mainInfo>
                        <fullName>ОБЩЕСТВО С ОГРАНИЧЕННОЙ ОТВЕТСТВЕННОСТЬЮ "УПРАВЛЯЮЩАЯ КОМПАНИЯ АИЖК"</fullName>
                        <shortName>ООО "УК АИЖК"</shortName>
                        <iko>77704366195770401001</iko>
                        <inn>7704366195</inn>
                        <kpp>770401001</kpp>
                        <ogrn>1167746708733</ogrn>
                        <legalAddress>125009, Г МОСКВА, УЛ ВОЗДВИЖЕНКА, дом ДОМ 10, офис (квартира) ПОМ./КОМ. XIII/44</legalAddress>
                        <postalAddress>125009Г МОСКВА, УЛ ВОЗДВИЖЕНКА, ДОМ 10, ПОМ./КОМ. XIII/44 </postalAddress>
                        <phone>+7 (495) 775-47-40</phone>
                        <email>torgi@ahml.ru</email>
                        <okato>45000000000</okato>
                        <okpo>03736670</okpo>
                    </mainInfo>
                </ns2:customer>
                <ns2:purchaseMethodCode>3363</ns2:purchaseMethodCode>
                <ns2:purchaseCodeName>Закупка у единственного поставщика (исполнителя, подрядчика)</ns2:purchaseCodeName>
                <ns2:placer>
                    <mainInfo>
                        <fullName>ОБЩЕСТВО С ОГРАНИЧЕННОЙ ОТВЕТСТВЕННОСТЬЮ "УПРАВЛЯЮЩАЯ КОМПАНИЯ АИЖК"</fullName>
                        <shortName>ООО "УК АИЖК"</shortName>
                        <iko>77704366195770401001</iko>
                        <inn>7704366195</inn>
                        <kpp>770401001</kpp>
                        <ogrn>1167746708733</ogrn>
                        <legalAddress>125009, Г МОСКВА, УЛ ВОЗДВИЖЕНКА, дом ДОМ 10, офис (квартира) ПОМ./КОМ. XIII/44</legalAddress>
                        <postalAddress>125009Г МОСКВА, УЛ ВОЗДВИЖЕНКА, ДОМ 10, ПОМ./КОМ. XIII/44 </postalAddress>
                        <phone>+7 (495) 775-47-40</phone>
                        <email>torgi@ahml.ru</email>
                        <okato>45000000000</okato>
                        <okpo>03736670</okpo>
                    </mainInfo>
                </ns2:placer>
                <ns2:contact>
                    <firstName>Юлия</firstName>
                    <middleName>Андреевна</middleName>
                    <lastName>Мухина</lastName>
                    <phone>+7 (495) 7754740</phone>
                    <email>torgi@ahml.ru</email>
                    <organization>
                        <mainInfo>
                            <fullName>ОБЩЕСТВО С ОГРАНИЧЕННОЙ ОТВЕТСТВЕННОСТЬЮ "УПРАВЛЯЮЩАЯ КОМПАНИЯ АИЖК"</fullName>
                            <shortName>ООО "УК АИЖК"</shortName>
                            <iko>77704366195770401001</iko>
                            <inn>7704366195</inn>
                            <kpp>770401001</kpp>
                            <ogrn>1167746708733</ogrn>
                            <legalAddress>125009, Г МОСКВА, УЛ ВОЗДВИЖЕНКА, дом ДОМ 10, офис (квартира) ПОМ./КОМ. XIII/44</legalAddress>
                            <postalAddress>125009Г МОСКВА, УЛ ВОЗДВИЖЕНКА, ДОМ 10, ПОМ./КОМ. XIII/44 </postalAddress>
                            <phone>+7 (495) 775-47-40</phone>
                            <email>torgi@ahml.ru</email>
                            <okato>45000000000</okato>
                            <okpo>03736670</okpo>
                        </mainInfo>
                    </organization>
                </ns2:contact>
                <ns2:publicationDateTime>2017-03-16T19:58:32</ns2:publicationDateTime>
                <ns2:documentationDelivery/>
                <ns2:status>P</ns2:status>
                <ns2:version>1</ns2:version>
                <ns2:notDishonest>true</ns2:notDishonest>
                <ns2:attachments>
                    <totalDocumentsCount>3</totalDocumentsCount>
                    <document>
                        <guid>77d5baba-aed5-4f07-b195-e1273ae5096e</guid>
                        <createDateTime>2017-03-16T19:55:51</createDateTime>
                        <fileName>Документация.docx</fileName>
                        <description>Документация</description>
                        <url>http://zakupki.gov.ru/223/purchase/public/download/download.html?id=30121312</url>
                    </document>
                    <document>
                        <guid>5531892e-bc4a-4f85-b00c-001e8f4eb05c</guid>
                        <createDateTime>2017-03-16T19:56:03</createDateTime>
                        <fileName>Проект договора.docx</fileName>
                        <description>Проект договора</description>
                        <url>http://zakupki.gov.ru/223/purchase/public/download/download.html?id=30121313</url>
                    </document>
                    <document>
                        <guid>038b2c33-cb1d-4cd2-95b3-1b4b384280f9</guid>
                        <createDateTime>2017-03-16T19:56:15</createDateTime>
                        <fileName>Техническое задание.doc</fileName>
                        <description>Техническое задание</description>
                        <url>http://zakupki.gov.ru/223/purchase/public/download/download.html?id=30121314</url>
                    </document>
                </ns2:attachments>
                <ns2:modificationDate>2017-03-16T19:58:32</ns2:modificationDate>
                <ns2:saveUserId>223164</ns2:saveUserId>
                <ns2:deliveryPlaceIndication>DIFFERENT_PLACE</ns2:deliveryPlaceIndication>
                <ns2:emergency>false</ns2:emergency>
                <ns2:jointPurchase>false</ns2:jointPurchase>
                <ns2:lots>
                    <lot>
                        <guid>a2562ab5-a319-4b7d-8957-cfa0e490f659</guid>
                        <ordinalNumber>1</ordinalNumber>
                        <lotEditEnabled>false</lotEditEnabled>
                        <lotData>
                            <subject>оказание услуг строительного контроля</subject>
                            <currency>
                                <code>RUB</code>
                                <digitalCode>643</digitalCode>
                                <name>Российский рубль</name>
                            </currency>
                            <initialSum>6800000.00</initialSum>
                            <deliveryPlace>
                                <state>Центральный федеральный округ</state>
                                <region>Москва</region>
                                <regionOkato>45000000000</regionOkato>
                                <address>г. Москва</address>
                            </deliveryPlace>
                            <lotItems>
                                <newCodes>true</newCodes>
                                <lotItem>
                                    <guid>12b2b090-492c-4093-ac4e-55ad9cff345e</guid>
                                    <ordinalNumber>1</ordinalNumber>
                                    <okpd2>
                                        <code>71.12</code>
                                        <name>Услуги в области инженерно-технического проектирования и связанные технические консультативные услуги</name>
                                    </okpd2>
                                    <okved2>
                                        <code>71.12</code>
                                        <name>Деятельность в области инженерных изысканий, инженерно-технического проектирования, управления проектами строительства, выполнения строительного контроля и авторского надзора, предоставление технических консультаций в этих областях</name>
                                    </okved2>
                                    <okei>
                                        <code>876</code>
                                        <name>Условная единица</name>
                                    </okei>
                                    <qty>1</qty>
                                </lotItem>
                            </lotItems>
                            <forSmallOrMiddle>false</forSmallOrMiddle>
                            <excludePurchaseFromPlan>false</excludePurchaseFromPlan>
                            <subcontractorsRequirement>false</subcontractorsRequirement>
                            <ignoredPurchase>false</ignoredPurchase>
                            <centralized>false</centralized>
                        </lotData>
                        <deliveryPlaceIndication>GL</deliveryPlaceIndication>
                        <jointLotData>
                            <jointLot>false</jointLot>
                        </jointLotData>
                        <lotPlanInfo>
                            <planRegistrationNumber>2160210069</planRegistrationNumber>
                            <planGuid>01d488cf-437f-4119-9ffb-52345ff48269</planGuid>
                            <positionNumber>7</positionNumber>
                            <lotPlanPosition>COMMODITY</lotPlanPosition>
                            <positionGuid>7ff2ef13-c8ad-45cd-8d1f-df7c1beb40c8</positionGuid>
                        </lotPlanInfo>
                        <cancelled>false</cancelled>
                    </lot>
                </ns2:lots>
            </ns2:purchaseNoticeEPData>
        </ns2:item>
    </ns2:body>
</ns2:purchaseNoticeEP>
