<?xml version="1.0" encoding="UTF-8" standalone="yes"?>
<ns2:purchaseNoticeEP xsi:schemaLocation="http://zakupki.gov.ru/223/integration/schema/TFF-5.2 http://zakupki.gov.ru/223/integration/schema/TFF-5.2/purchase.xsd" xmlns="http://zakupki.gov.ru/223fz/types/1" xmlns:ns10="http://zakupki.gov.ru/223fz/purchasePlan/1" xmlns:ns11="http://zakupki.gov.ru/223fz/purchasePlanProject/1" xmlns:ns12="http://zakupki.gov.ru/223fz/purchasePlanProjectAdditionalPosition/1" xmlns:ns13="http://zakupki.gov.ru/223fz/contract/1" xmlns:ns14="http://zakupki.gov.ru/223fz/missedNotice/1" xmlns:ns15="http://zakupki.gov.ru/223fz/reference/1" xmlns:ns16="http://zakupki.gov.ru/223fz/stopCommodity/1" xmlns:ns17="http://zakupki.gov.ru/223fz/decisionSuspension/1" xmlns:ns18="http://zakupki.gov.ru/223fz/purchasePlanAdditionalPosition/1" xmlns:ns19="http://zakupki.gov.ru/223fz/webRequest/1" xmlns:ns2="http://zakupki.gov.ru/223fz/purchase/1" xmlns:xsi="http://www.w3.org/2001/XMLSchema-instance" xmlns:ns3="http://zakupki.gov.ru/223fz/dishonestSupplier/1" xmlns:ns4="http://zakupki.gov.ru/223fz/machineryListInfo/1" xmlns:ns5="http://zakupki.gov.ru/223fz/revenue/1" xmlns:ns6="http://zakupki.gov.ru/223fz/orderClauseList/1" xmlns:ns7="http://zakupki.gov.ru/223fz/disagreementProtocol/1" xmlns:ns8="http://zakupki.gov.ru/223fz/complaint/1" xmlns:ns9="http://zakupki.gov.ru/223fz/notificationIssue/1">
    <header>
        <guid>7c4a5271-70da-46b8-95ac-b67080d6b584</guid>
        <createDateTime>2017-03-16T11:12:00</createDateTime>
    </header>
    <ns2:body>
        <ns2:item>
            <guid>34977385-bc8a-49b1-9698-67cb056e280e</guid>
            <ns2:purchaseNoticeEPData>
                <ns2:guid>34977385-bc8a-49b1-9698-67cb056e280e</ns2:guid>
                <ns2:createDateTime>2017-03-16T10:53:56</ns2:createDateTime>
                <ns2:urlOOS>https://zakupki.gov.ru/223/purchase/private/purchase/notice-info/details.html?noticeInfoId=5883747</ns2:urlOOS>
                <ns2:registrationNumber>31704896315</ns2:registrationNumber>
                <ns2:name>Выполнение ремонтно-восстановительных работ автоматической системы пожарной сигнализации и системы оповещения людей о пожаре</ns2:name>
                <ns2:customer>
                    <mainInfo>
                        <fullName>Муниципальное автономное общеобразовательное учреждение "Средняя общеобразовательная школа № 6" городского округа Троицк</fullName>
                        <shortName>МАОУ "Средняя школа № 6"</shortName>
                        <iko>55046051920775101001</iko>
                        <inn>5046051920</inn>
                        <kpp>775101001</kpp>
                        <ogrn>1025006036912</ogrn>
                        <legalAddress>142191, Москва, Троицк, В, дом 53</legalAddress>
                        <postalAddress>142191, г. Москва, г. Троицк, Микрорайон "В" д.53</postalAddress>
                        <email>school6troitsk@mail.ru</email>
                        <okato>45298578001</okato>
                        <okpo>45756066</okpo>
                    </mainInfo>
                </ns2:customer>
                <ns2:purchaseMethodCode>3363</ns2:purchaseMethodCode>
                <ns2:purchaseCodeName>Закупка у единственного поставщика (исполнителя, подрядчика)</ns2:purchaseCodeName>
                <ns2:placer>
                    <mainInfo>
                        <fullName>Муниципальное автономное общеобразовательное учреждение "Средняя общеобразовательная школа № 6" городского округа Троицк</fullName>
                        <shortName>МАОУ "Средняя школа № 6"</shortName>
                        <iko>55046051920775101001</iko>
                        <inn>5046051920</inn>
                        <kpp>775101001</kpp>
                        <ogrn>1025006036912</ogrn>
                        <legalAddress>142191, Москва, Троицк, В, дом 53</legalAddress>
                        <postalAddress>142191, г. Москва, г. Троицк, Микрорайон "В" д.53</postalAddress>
                        <email>school6troitsk@mail.ru</email>
                        <okato>45298578001</okato>
                        <okpo>45756066</okpo>
                    </mainInfo>
                </ns2:placer>
                <ns2:contact>
                    <firstName>Наталия </firstName>
                    <middleName>Алексеевна</middleName>
                    <lastName>Веригина</lastName>
                    <phone>+8 (495) 8514064</phone>
                    <email>school6troitsk@mail.ru</email>
                    <organization>
                        <mainInfo>
                            <fullName>Муниципальное автономное общеобразовательное учреждение "Средняя общеобразовательная школа № 6" городского округа Троицк</fullName>
                            <shortName>МАОУ "Средняя школа № 6"</shortName>
                            <iko>55046051920775101001</iko>
                            <inn>5046051920</inn>
                            <kpp>775101001</kpp>
                            <ogrn>1025006036912</ogrn>
                            <legalAddress>142191, Москва, Троицк, В, дом 53</legalAddress>
                            <postalAddress>142191, г. Москва, г. Троицк, Микрорайон "В" д.53</postalAddress>
                            <email>school6troitsk@mail.ru</email>
                            <okato>45298578001</okato>
                            <okpo>45756066</okpo>
                        </mainInfo>
                    </organization>
                </ns2:contact>
                <ns2:publicationDateTime>2017-03-16T11:12:00</ns2:publicationDateTime>
                <ns2:documentationDelivery>
                    <place>не предоставляется </place>
                    <procedure>не предоставляет</procedure>
                </ns2:documentationDelivery>
                <ns2:status>P</ns2:status>
                <ns2:version>1</ns2:version>
                <ns2:notDishonest>false</ns2:notDishonest>
                <ns2:attachments>
                    <totalDocumentsCount>4</totalDocumentsCount>
                    <document>
                        <guid>b287cbc1-2bc7-462c-b1a1-c7771baddfa1</guid>
                        <createDateTime>2017-03-16T11:10:45</createDateTime>
                        <fileName>Копия Смета 1 СОШ ╣ 6 рем.АПС СО-14.02.2017 (2).xls</fileName>
                        <description>Копия Смета 1 СОШ ╣ 6 рем.АПС СО-14.02.2017 (2)</description>
                        <url>http://zakupki.gov.ru/223/purchase/public/download/download.html?id=30099154</url>
                    </document>
                    <document>
                        <guid>7c374a9a-82d0-4e02-b761-2a99868cad19</guid>
                        <createDateTime>2017-03-16T11:10:54</createDateTime>
                        <fileName>Приложение 2 к Договору 14-17-РВ-СПМ (1).docx</fileName>
                        <description>Приложение 2 к Договору 14-17-РВ-СПМ (1)</description>
                        <url>http://zakupki.gov.ru/223/purchase/public/download/download.html?id=30099160</url>
                    </document>
                    <document>
                        <guid>1efcb568-ae07-499e-be86-02119202f813</guid>
                        <createDateTime>2017-03-16T11:10:31</createDateTime>
                        <fileName>Извещение, документация.docx</fileName>
                        <description>Извещение, документация</description>
                        <url>http://zakupki.gov.ru/223/purchase/public/download/download.html?id=30099144</url>
                    </document>
                    <document>
                        <guid>79e25982-f46c-4e87-9ca2-d5403e799673</guid>
                        <createDateTime>2017-03-16T11:10:39</createDateTime>
                        <fileName>14-17-РВ-СПМ (1) (1).doc</fileName>
                        <description>14-17-РВ-СПМ (1) (1)</description>
                        <url>http://zakupki.gov.ru/223/purchase/public/download/download.html?id=30099151</url>
                    </document>
                </ns2:attachments>
                <ns2:modificationDate>2017-03-16T11:12:00</ns2:modificationDate>
                <ns2:saveUserId>59676</ns2:saveUserId>
                <ns2:deliveryPlaceIndication>DIFFERENT_PLACE</ns2:deliveryPlaceIndication>
                <ns2:emergency>false</ns2:emergency>
                <ns2:jointPurchase>false</ns2:jointPurchase>
                <ns2:lots>
                    <lot>
                        <guid>99368296-b6ee-4d64-91ca-ab7d0f3b22fa</guid>
                        <ordinalNumber>1</ordinalNumber>
                        <lotEditEnabled>false</lotEditEnabled>
                        <lotData>
                            <subject>Выполнение ремонтно-восстановительных работ автоматической системы пожарной сигнализации и системы оповещения людей о пожаре</subject>
                            <currency>
                                <code>RUB</code>
                                <digitalCode>643</digitalCode>
                                <name>Российский рубль</name>
                            </currency>
                            <initialSum>186439.64</initialSum>
                            <deliveryPlace>
                                <state>Центральный федеральный округ</state>
                                <region>Москва</region>
                                <regionOkato>45000000000</regionOkato>
                                <address>г. Москва г. Троицк, Микрорайон «В», д. 53</address>
                            </deliveryPlace>
                            <lotItems>
                                <newCodes>true</newCodes>
                                <lotItem>
                                    <guid>a29d8541-159a-4abe-b0b0-9717a4b80e47</guid>
                                    <ordinalNumber>1</ordinalNumber>
                                    <okpd2>
                                        <code>43.21.10.140</code>
                                        <name>Работы по монтажу систем пожарной сигнализации и охранной сигнализации</name>
                                    </okpd2>
                                    <okved2>
                                        <code>43.21</code>
                                        <name>Производство электромонтажных работ</name>
                                    </okved2>
                                    <okei>
                                        <code>876</code>
                                        <name>Условная единица</name>
                                    </okei>
                                    <qty>1</qty>
                                </lotItem>
                            </lotItems>
                            <forSmallOrMiddle>false</forSmallOrMiddle>
                            <excludePurchaseFromPlan>false</excludePurchaseFromPlan>
                            <subcontractorsRequirement>false</subcontractorsRequirement>
                            <ignoredPurchase>false</ignoredPurchase>
                            <centralized>false</centralized>
                        </lotData>
                        <deliveryPlaceIndication>GL</deliveryPlaceIndication>
                        <jointLotData>
                            <jointLot>false</jointLot>
                        </jointLotData>
                        <lotPlanInfo>
                            <planRegistrationNumber>2160201192</planRegistrationNumber>
                            <planGuid>d6394ab8-c928-4846-b89f-06ee3b5aeb91</planGuid>
                            <positionNumber>3</positionNumber>
                            <lotPlanPosition>COMMODITY</lotPlanPosition>
                            <positionGuid>cafbaa25-d51d-47fd-ba84-b6e1c1137de5</positionGuid>
                        </lotPlanInfo>
                        <cancelled>false</cancelled>
                    </lot>
                </ns2:lots>
            </ns2:purchaseNoticeEPData>
        </ns2:item>
    </ns2:body>
</ns2:purchaseNoticeEP>
