<?xml version="1.0" encoding="UTF-8" standalone="yes"?>
<ns2:purchaseNoticeEP xsi:schemaLocation="http://zakupki.gov.ru/223/integration/schema/TFF-5.2 http://zakupki.gov.ru/223/integration/schema/TFF-5.2/purchase.xsd" xmlns="http://zakupki.gov.ru/223fz/types/1" xmlns:ns10="http://zakupki.gov.ru/223fz/purchasePlan/1" xmlns:ns11="http://zakupki.gov.ru/223fz/purchasePlanProject/1" xmlns:ns12="http://zakupki.gov.ru/223fz/purchasePlanProjectAdditionalPosition/1" xmlns:ns13="http://zakupki.gov.ru/223fz/contract/1" xmlns:ns14="http://zakupki.gov.ru/223fz/missedNotice/1" xmlns:ns15="http://zakupki.gov.ru/223fz/reference/1" xmlns:ns16="http://zakupki.gov.ru/223fz/stopCommodity/1" xmlns:ns17="http://zakupki.gov.ru/223fz/decisionSuspension/1" xmlns:ns18="http://zakupki.gov.ru/223fz/purchasePlanAdditionalPosition/1" xmlns:ns19="http://zakupki.gov.ru/223fz/webRequest/1" xmlns:ns2="http://zakupki.gov.ru/223fz/purchase/1" xmlns:xsi="http://www.w3.org/2001/XMLSchema-instance" xmlns:ns3="http://zakupki.gov.ru/223fz/dishonestSupplier/1" xmlns:ns4="http://zakupki.gov.ru/223fz/machineryListInfo/1" xmlns:ns5="http://zakupki.gov.ru/223fz/revenue/1" xmlns:ns6="http://zakupki.gov.ru/223fz/orderClauseList/1" xmlns:ns7="http://zakupki.gov.ru/223fz/disagreementProtocol/1" xmlns:ns8="http://zakupki.gov.ru/223fz/complaint/1" xmlns:ns9="http://zakupki.gov.ru/223fz/notificationIssue/1">
    <header>
        <guid>26471d5d-16a5-4bef-ab6e-8d0c434eabaa</guid>
        <createDateTime>2017-03-16T16:00:18</createDateTime>
    </header>
    <ns2:body>
        <ns2:item>
            <guid>07c1df96-6411-4471-af66-92a66c1c8637</guid>
            <ns2:purchaseNoticeEPData>
                <ns2:guid>07c1df96-6411-4471-af66-92a66c1c8637</ns2:guid>
                <ns2:createDateTime>2017-03-16T15:55:27</ns2:createDateTime>
                <ns2:urlOOS>https://zakupki.gov.ru/223/purchase/private/purchase/notice-info/details.html?noticeInfoId=5887136</ns2:urlOOS>
                <ns2:registrationNumber>31704898896</ns2:registrationNumber>
                <ns2:name>Микросхемы</ns2:name>
                <ns2:customer>
                    <mainInfo>
                        <fullName>АКЦИОНЕРНОЕ ОБЩЕСТВО "ОПЫТНОЕ ПРОИЗВОДСТВО "АЛМАЗ"</fullName>
                        <shortName>АО "ОП "АЛМАЗ"</shortName>
                        <iko>67743782008774301001</iko>
                        <inn>7743782008</inn>
                        <kpp>774301001</kpp>
                        <ogrn>1107746441846</ogrn>
                        <legalAddress>125190, Г МОСКВА, ПР-КТ ЛЕНИНГРАДСКИЙ, дом 80, корпус 44</legalAddress>
                        <postalAddress>125190, г. Москва, Ленинградский проспект, д. 80, к. 44</postalAddress>
                        <phone>7-499-9404414-4399</phone>
                        <fax>7-499-9404403</fax>
                        <email>zakupki@pvoproiz.ru</email>
                        <okato>45277589000</okato>
                        <okpo>66834178</okpo>
                    </mainInfo>
                </ns2:customer>
                <ns2:purchaseMethodCode>3363</ns2:purchaseMethodCode>
                <ns2:purchaseCodeName>Закупка у единственного поставщика (исполнителя, подрядчика)</ns2:purchaseCodeName>
                <ns2:placer>
                    <mainInfo>
                        <fullName>АКЦИОНЕРНОЕ ОБЩЕСТВО "ОПЫТНОЕ ПРОИЗВОДСТВО "АЛМАЗ"</fullName>
                        <shortName>АО "ОП "АЛМАЗ"</shortName>
                        <iko>67743782008774301001</iko>
                        <inn>7743782008</inn>
                        <kpp>774301001</kpp>
                        <ogrn>1107746441846</ogrn>
                        <legalAddress>125190, Г МОСКВА, ПР-КТ ЛЕНИНГРАДСКИЙ, дом 80, корпус 44</legalAddress>
                        <postalAddress>125190, г. Москва, Ленинградский проспект, д. 80, к. 44</postalAddress>
                        <phone>7-499-9404414-4399</phone>
                        <fax>7-499-9404403</fax>
                        <email>zakupki@pvoproiz.ru</email>
                        <okato>45277589000</okato>
                        <okpo>66834178</okpo>
                    </mainInfo>
                </ns2:placer>
                <ns2:contact>
                    <phone>+8 (499) 9404414, доб.: 4263</phone>
                    <email>zakupki@pvoproiz.ru</email>
                    <organization>
                        <mainInfo>
                            <fullName>АКЦИОНЕРНОЕ ОБЩЕСТВО "ОПЫТНОЕ ПРОИЗВОДСТВО "АЛМАЗ"</fullName>
                            <shortName>АО "ОП "АЛМАЗ"</shortName>
                            <iko>67743782008774301001</iko>
                            <inn>7743782008</inn>
                            <kpp>774301001</kpp>
                            <ogrn>1107746441846</ogrn>
                            <legalAddress>125190, Г МОСКВА, ПР-КТ ЛЕНИНГРАДСКИЙ, дом 80, корпус 44</legalAddress>
                            <postalAddress>125190, г. Москва, Ленинградский проспект, д. 80, к. 44</postalAddress>
                            <phone>7-499-9404414-4399</phone>
                            <fax>7-499-9404403</fax>
                            <email>zakupki@pvoproiz.ru</email>
                            <okato>45277589000</okato>
                            <okpo>66834178</okpo>
                        </mainInfo>
                    </organization>
                </ns2:contact>
                <ns2:publicationDateTime>2017-03-16T16:00:18</ns2:publicationDateTime>
                <ns2:documentationDelivery/>
                <ns2:status>P</ns2:status>
                <ns2:version>1</ns2:version>
                <ns2:notDishonest>true</ns2:notDishonest>
                <ns2:attachments>
                    <totalDocumentsCount>1</totalDocumentsCount>
                    <document>
                        <guid>1ad39a71-e3f6-4fef-a96e-3cfedd5757ff</guid>
                        <createDateTime>2017-03-16T15:59:29</createDateTime>
                        <fileName>Документация.doc</fileName>
                        <description>Документация</description>
                        <url>http://zakupki.gov.ru/223/purchase/public/download/download.html?id=30115183</url>
                    </document>
                </ns2:attachments>
                <ns2:modificationDate>2017-03-16T16:00:18</ns2:modificationDate>
                <ns2:saveUserId>53678</ns2:saveUserId>
                <ns2:deliveryPlaceIndication>SINGLE_PLACE</ns2:deliveryPlaceIndication>
                <ns2:emergency>false</ns2:emergency>
                <ns2:jointPurchase>false</ns2:jointPurchase>
                <ns2:lots>
                    <lot>
                        <guid>6bf11b24-929e-491c-bb66-f54bba7a8a65</guid>
                        <ordinalNumber>1</ordinalNumber>
                        <lotEditEnabled>false</lotEditEnabled>
                        <lotData>
                            <subject>Микросхемы</subject>
                            <currency>
                                <code>RUB</code>
                                <digitalCode>643</digitalCode>
                                <name>Российский рубль</name>
                            </currency>
                            <initialSum>515762.66</initialSum>
                            <deliveryPlace>
                                <state>Центральный федеральный округ</state>
                                <region>Москва</region>
                                <regionOkato>45000000000</regionOkato>
                                <address>г. Москва, ул. Авиамоторная, д. 57</address>
                            </deliveryPlace>
                            <lotItems>
                                <newCodes>true</newCodes>
                                <lotItem>
                                    <guid>8006e8ae-78ed-49d2-9c6b-b16ecc8f8720</guid>
                                    <ordinalNumber>1</ordinalNumber>
                                    <okpd2>
                                        <code>26.11.3</code>
                                        <name>Схемы интегральные электронные</name>
                                    </okpd2>
                                    <okved2>
                                        <code>26.11</code>
                                        <name>Производство элементов электронной аппаратуры</name>
                                    </okved2>
                                    <okei>
                                        <code>796</code>
                                        <name>Штука</name>
                                    </okei>
                                    <qty>430</qty>
                                </lotItem>
                            </lotItems>
                            <forSmallOrMiddle>false</forSmallOrMiddle>
                            <excludePurchaseFromPlan>false</excludePurchaseFromPlan>
                            <subcontractorsRequirement>false</subcontractorsRequirement>
                            <ignoredPurchase>true</ignoredPurchase>
                            <purchaseCategory>
                                <code>1</code>
                                <name>Закупки для обеспечения обороны страны и безопасности государства</name>
                            </purchaseCategory>
                            <centralized>false</centralized>
                        </lotData>
                        <deliveryPlaceIndication>GL</deliveryPlaceIndication>
                        <jointLotData>
                            <jointLot>false</jointLot>
                        </jointLotData>
                        <lotPlanInfo>
                            <planRegistrationNumber>2160197327</planRegistrationNumber>
                            <planGuid>5c529936-5427-4bdd-950d-845e0795d39a</planGuid>
                            <positionNumber>241</positionNumber>
                            <lotPlanPosition>COMMODITY</lotPlanPosition>
                            <positionGuid>23695659-27a3-4158-9a8b-fad15110fd50</positionGuid>
                        </lotPlanInfo>
                        <cancelled>false</cancelled>
                    </lot>
                </ns2:lots>
            </ns2:purchaseNoticeEPData>
        </ns2:item>
    </ns2:body>
</ns2:purchaseNoticeEP>
