<?xml version="1.0" encoding="UTF-8" standalone="yes"?>
<ns2:purchaseNoticeEP xsi:schemaLocation="http://zakupki.gov.ru/223/integration/schema/TFF-5.2 http://zakupki.gov.ru/223/integration/schema/TFF-5.2/purchase.xsd" xmlns="http://zakupki.gov.ru/223fz/types/1" xmlns:ns10="http://zakupki.gov.ru/223fz/purchasePlan/1" xmlns:ns11="http://zakupki.gov.ru/223fz/purchasePlanProject/1" xmlns:ns12="http://zakupki.gov.ru/223fz/purchasePlanProjectAdditionalPosition/1" xmlns:ns13="http://zakupki.gov.ru/223fz/contract/1" xmlns:ns14="http://zakupki.gov.ru/223fz/missedNotice/1" xmlns:ns15="http://zakupki.gov.ru/223fz/reference/1" xmlns:ns16="http://zakupki.gov.ru/223fz/stopCommodity/1" xmlns:ns17="http://zakupki.gov.ru/223fz/decisionSuspension/1" xmlns:ns18="http://zakupki.gov.ru/223fz/purchasePlanAdditionalPosition/1" xmlns:ns19="http://zakupki.gov.ru/223fz/webRequest/1" xmlns:ns2="http://zakupki.gov.ru/223fz/purchase/1" xmlns:xsi="http://www.w3.org/2001/XMLSchema-instance" xmlns:ns3="http://zakupki.gov.ru/223fz/dishonestSupplier/1" xmlns:ns4="http://zakupki.gov.ru/223fz/machineryListInfo/1" xmlns:ns5="http://zakupki.gov.ru/223fz/revenue/1" xmlns:ns6="http://zakupki.gov.ru/223fz/orderClauseList/1" xmlns:ns7="http://zakupki.gov.ru/223fz/disagreementProtocol/1" xmlns:ns8="http://zakupki.gov.ru/223fz/complaint/1" xmlns:ns9="http://zakupki.gov.ru/223fz/notificationIssue/1">
    <header>
        <guid>1b08f15f-f533-4a37-944f-0d5fa3cd54eb</guid>
        <createDateTime>2017-03-16T15:07:05</createDateTime>
    </header>
    <ns2:body>
        <ns2:item>
            <guid>7d557741-d4cb-49b4-b903-bc906db64e6e</guid>
            <ns2:purchaseNoticeEPData>
                <ns2:guid>7d557741-d4cb-49b4-b903-bc906db64e6e</ns2:guid>
                <ns2:createDateTime>2017-03-16T15:05:21</ns2:createDateTime>
                <ns2:urlOOS>https://zakupki.gov.ru/223/purchase/private/purchase/notice-info/details.html?noticeInfoId=5886527</ns2:urlOOS>
                <ns2:registrationNumber>31704898360</ns2:registrationNumber>
                <ns2:name>Оказание полного комплекса услуг по перемещению имущества Заказчика.</ns2:name>
                <ns2:customer>
                    <mainInfo>
                        <fullName>ОТКРЫТОЕ АКЦИОНЕРНОЕ ОБЩЕСТВО "МОСКОВСКАЯ АПТЕКА"</fullName>
                        <shortName>ОАО "МОСКОВСКАЯ АПТЕКА"</shortName>
                        <iko>57705681721773301001</iko>
                        <inn>7705681721</inn>
                        <kpp>773301001</kpp>
                        <ogrn>1057747904345</ogrn>
                        <legalAddress>125476, Г МОСКВА, УЛ ВАСИЛИЯ ПЕТУШКОВА, дом 3, корпус 3 СТР.1</legalAddress>
                        <postalAddress>125476,  Российской Федерации, город Москва, ул. Василия Петушкова, дом 3, корпус 3, строение 1.</postalAddress>
                        <phone>7-495-9871513-1421</phone>
                        <fax>7-495-6410611</fax>
                        <email>zaharova@fptk.ru</email>
                        <okato>45286570000</okato>
                        <okpo>78357051</okpo>
                    </mainInfo>
                </ns2:customer>
                <ns2:purchaseMethodCode>3363</ns2:purchaseMethodCode>
                <ns2:purchaseCodeName>Закупка у единственного поставщика (исполнителя, подрядчика)</ns2:purchaseCodeName>
                <ns2:placer>
                    <mainInfo>
                        <fullName>ОТКРЫТОЕ АКЦИОНЕРНОЕ ОБЩЕСТВО "МОСКОВСКАЯ АПТЕКА"</fullName>
                        <shortName>ОАО "МОСКОВСКАЯ АПТЕКА"</shortName>
                        <iko>57705681721773301001</iko>
                        <inn>7705681721</inn>
                        <kpp>773301001</kpp>
                        <ogrn>1057747904345</ogrn>
                        <legalAddress>125476, Г МОСКВА, УЛ ВАСИЛИЯ ПЕТУШКОВА, дом 3, корпус 3 СТР.1</legalAddress>
                        <postalAddress>125476,  Российской Федерации, город Москва, ул. Василия Петушкова, дом 3, корпус 3, строение 1.</postalAddress>
                        <phone>7-495-9871513-1421</phone>
                        <fax>7-495-6410611</fax>
                        <email>zaharova@fptk.ru</email>
                        <okato>45286570000</okato>
                        <okpo>78357051</okpo>
                    </mainInfo>
                </ns2:placer>
                <ns2:contact>
                    <firstName>Анна</firstName>
                    <middleName>Николаевна</middleName>
                    <lastName>Ковашова</lastName>
                    <phone>+7 (495) 9871513</phone>
                    <email>a.kovashova@raktiv.ru</email>
                    <organization>
                        <mainInfo>
                            <fullName>ОТКРЫТОЕ АКЦИОНЕРНОЕ ОБЩЕСТВО "МОСКОВСКАЯ АПТЕКА"</fullName>
                            <shortName>ОАО "МОСКОВСКАЯ АПТЕКА"</shortName>
                            <iko>57705681721773301001</iko>
                            <inn>7705681721</inn>
                            <kpp>773301001</kpp>
                            <ogrn>1057747904345</ogrn>
                            <legalAddress>125476, Г МОСКВА, УЛ ВАСИЛИЯ ПЕТУШКОВА, дом 3, корпус 3 СТР.1</legalAddress>
                            <postalAddress>125476,  Российской Федерации, город Москва, ул. Василия Петушкова, дом 3, корпус 3, строение 1.</postalAddress>
                            <phone>7-495-9871513-1421</phone>
                            <fax>7-495-6410611</fax>
                            <email>zaharova@fptk.ru</email>
                            <okato>45286570000</okato>
                            <okpo>78357051</okpo>
                        </mainInfo>
                    </organization>
                </ns2:contact>
                <ns2:publicationDateTime>2017-03-16T15:07:05</ns2:publicationDateTime>
                <ns2:documentationDelivery>
                    <place>Не применимо к данному способу закупки.</place>
                    <procedure>Не применимо к данному способу закупки.</procedure>
                </ns2:documentationDelivery>
                <ns2:status>P</ns2:status>
                <ns2:version>1</ns2:version>
                <ns2:notDishonest>false</ns2:notDishonest>
                <ns2:attachments>
                    <totalDocumentsCount>2</totalDocumentsCount>
                    <document>
                        <guid>33180a99-e80c-4912-bc7b-c60aef342235</guid>
                        <createDateTime>2017-03-16T15:06:43</createDateTime>
                        <fileName>Закупочная документация.docx</fileName>
                        <description>Закупочная документация</description>
                        <url>http://zakupki.gov.ru/223/purchase/public/download/download.html?id=30112235</url>
                    </document>
                    <document>
                        <guid>e5c97a57-5e8e-4dde-991d-595765595012</guid>
                        <createDateTime>2017-03-16T15:06:47</createDateTime>
                        <fileName>Договор.pdf</fileName>
                        <description>Договор</description>
                        <url>http://zakupki.gov.ru/223/purchase/public/download/download.html?id=30112238</url>
                    </document>
                </ns2:attachments>
                <ns2:modificationDate>2017-03-16T15:07:05</ns2:modificationDate>
                <ns2:saveUserId>223882</ns2:saveUserId>
                <ns2:deliveryPlaceIndication>SINGLE_PLACE</ns2:deliveryPlaceIndication>
                <ns2:emergency>false</ns2:emergency>
                <ns2:jointPurchase>false</ns2:jointPurchase>
                <ns2:lots>
                    <lot>
                        <guid>519f40cc-2fcd-43ec-a744-1029fce4f13a</guid>
                        <ordinalNumber>1</ordinalNumber>
                        <lotEditEnabled>false</lotEditEnabled>
                        <lotData>
                            <subject>Оказание полного комплекса услуг по перемещению имущества Заказчика.</subject>
                            <currency>
                                <code>RUB</code>
                                <digitalCode>643</digitalCode>
                                <name>Российский рубль</name>
                            </currency>
                            <initialSum>300000.00</initialSum>
                            <deliveryPlace>
                                <state>Центральный федеральный округ</state>
                                <region>Москва</region>
                                <regionOkato>45000000000</regionOkato>
                                <address>г. Москва</address>
                            </deliveryPlace>
                            <lotItems>
                                <newCodes>true</newCodes>
                                <lotItem>
                                    <guid>af9aeb90-a9fd-413f-8c8f-9cee13505f3d</guid>
                                    <ordinalNumber>1</ordinalNumber>
                                    <okpd2>
                                        <code>78.30.14.000</code>
                                        <name>Услуги в области трудовых ресурсов по обеспечению персоналом прочие в области транспорта, складирования, логистики или промышленности</name>
                                    </okpd2>
                                    <okved2>
                                        <code>74.90</code>
                                        <name>Деятельность профессиональная, научная и техническая прочая, не включенная в другие группировки</name>
                                    </okved2>
                                    <okei>
                                        <code>876</code>
                                        <name>Условная единица</name>
                                    </okei>
                                    <qty>1</qty>
                                </lotItem>
                            </lotItems>
                            <forSmallOrMiddle>false</forSmallOrMiddle>
                            <excludePurchaseFromPlan>false</excludePurchaseFromPlan>
                            <subcontractorsRequirement>false</subcontractorsRequirement>
                            <ignoredPurchase>false</ignoredPurchase>
                            <centralized>false</centralized>
                        </lotData>
                        <deliveryPlaceIndication>GL</deliveryPlaceIndication>
                        <jointLotData>
                            <jointLot>false</jointLot>
                        </jointLotData>
                        <lotPlanInfo>
                            <planRegistrationNumber>2160210423</planRegistrationNumber>
                            <planGuid>85780e0d-10c0-4cb2-8bb5-93a1958d84e1</planGuid>
                            <positionNumber>8</positionNumber>
                            <lotPlanPosition>COMMODITY</lotPlanPosition>
                            <positionGuid>7b1c828c-c651-4d35-a13c-63031c27a854</positionGuid>
                        </lotPlanInfo>
                        <cancelled>false</cancelled>
                    </lot>
                </ns2:lots>
            </ns2:purchaseNoticeEPData>
        </ns2:item>
    </ns2:body>
</ns2:purchaseNoticeEP>
