<?xml version="1.0" encoding="UTF-8" standalone="yes"?>
<ns2:purchaseNoticeEP xsi:schemaLocation="http://zakupki.gov.ru/223/integration/schema/TFF-5.2 http://zakupki.gov.ru/223/integration/schema/TFF-5.2/purchase.xsd" xmlns="http://zakupki.gov.ru/223fz/types/1" xmlns:ns10="http://zakupki.gov.ru/223fz/purchasePlan/1" xmlns:ns11="http://zakupki.gov.ru/223fz/purchasePlanProject/1" xmlns:ns12="http://zakupki.gov.ru/223fz/purchasePlanProjectAdditionalPosition/1" xmlns:ns13="http://zakupki.gov.ru/223fz/contract/1" xmlns:ns14="http://zakupki.gov.ru/223fz/missedNotice/1" xmlns:ns15="http://zakupki.gov.ru/223fz/reference/1" xmlns:ns16="http://zakupki.gov.ru/223fz/stopCommodity/1" xmlns:ns17="http://zakupki.gov.ru/223fz/decisionSuspension/1" xmlns:ns18="http://zakupki.gov.ru/223fz/purchasePlanAdditionalPosition/1" xmlns:ns19="http://zakupki.gov.ru/223fz/webRequest/1" xmlns:ns2="http://zakupki.gov.ru/223fz/purchase/1" xmlns:xsi="http://www.w3.org/2001/XMLSchema-instance" xmlns:ns3="http://zakupki.gov.ru/223fz/dishonestSupplier/1" xmlns:ns4="http://zakupki.gov.ru/223fz/machineryListInfo/1" xmlns:ns5="http://zakupki.gov.ru/223fz/revenue/1" xmlns:ns6="http://zakupki.gov.ru/223fz/orderClauseList/1" xmlns:ns7="http://zakupki.gov.ru/223fz/disagreementProtocol/1" xmlns:ns8="http://zakupki.gov.ru/223fz/complaint/1" xmlns:ns9="http://zakupki.gov.ru/223fz/notificationIssue/1">
    <header>
        <guid>25070966-a3f4-4259-b6db-b1ba8fe7f979</guid>
        <createDateTime>2017-03-16T13:47:53</createDateTime>
    </header>
    <ns2:body>
        <ns2:item>
            <guid>58c94df6-3d96-4b81-e100-00000a388ca5</guid>
            <ns2:purchaseNoticeEPData>
                <ns2:guid>58c94df6-3d96-4b81-e100-00000a388ca5</ns2:guid>
                <ns2:createDateTime>2017-03-16T10:22:22</ns2:createDateTime>
                <ns2:urlOOS>https://zakupki.gov.ru/223/purchase/private/purchase/notice-info/details.html?noticeInfoId=5883380</ns2:urlOOS>
                <ns2:urlVSRZ>https://zakupki.gazprom.ru</ns2:urlVSRZ>
                <ns2:registrationNumber>31704897593</ns2:registrationNumber>
                <ns2:name>Поставка подписных изданий для администрации ООО "Газпром газобезопасность" и Центральной ВЧ</ns2:name>
                <ns2:customer>
                    <mainInfo>
                        <fullName>ОБЩЕСТВО С ОГРАНИЧЕННОЙ ОТВЕТСТВЕННОСТЬЮ "ГАЗПРОМ ГАЗОБЕЗОПАСНОСТЬ"</fullName>
                        <shortName>ООО "ГАЗПРОМ ГАЗОБЕЗОПАСНОСТЬ"</shortName>
                        <iko>65003028148773601001</iko>
                        <inn>5003028148</inn>
                        <kpp>775101001</kpp>
                        <ogrn>1025000658187</ogrn>
                        <legalAddress>142770, Г МОСКВА, П ГАЗОПРОВОД, дом ДОМ 101, корпус КОРПУС 5</legalAddress>
                        <postalAddress>108814, г. Москва, пос.Сосенское, пос.Газопровод, д.101, кор.5</postalAddress>
                        <phone>7-495-719-37-55</phone>
                        <email>g.rybanova@gazbez.gazprom.ru</email>
                        <okato>45293558000</okato>
                        <okpo>23484472</okpo>
                    </mainInfo>
                </ns2:customer>
                <ns2:purchaseMethodCode>3363</ns2:purchaseMethodCode>
                <ns2:purchaseCodeName>Закупка у единственного поставщика (исполнителя, подрядчика)</ns2:purchaseCodeName>
                <ns2:placer>
                    <mainInfo>
                        <fullName>ОБЩЕСТВО С ОГРАНИЧЕННОЙ ОТВЕТСТВЕННОСТЬЮ "ГАЗПРОМ ГАЗОБЕЗОПАСНОСТЬ"</fullName>
                        <shortName>ООО "ГАЗПРОМ ГАЗОБЕЗОПАСНОСТЬ"</shortName>
                        <iko>65003028148773601001</iko>
                        <inn>5003028148</inn>
                        <kpp>775101001</kpp>
                        <ogrn>1025000658187</ogrn>
                        <legalAddress>142770, Г МОСКВА, П ГАЗОПРОВОД, дом ДОМ 101, корпус КОРПУС 5</legalAddress>
                        <postalAddress>108814, г. Москва, пос.Сосенское, пос.Газопровод, д.101, кор.5</postalAddress>
                        <phone>7-495-719-37-55</phone>
                        <email>g.rybanova@gazbez.gazprom.ru</email>
                        <okato>45293558000</okato>
                        <okpo>23484472</okpo>
                    </mainInfo>
                </ns2:placer>
                <ns2:contact>
                    <firstName>Наталья</firstName>
                    <middleName>Сергеевна</middleName>
                    <lastName>Кузнецова</lastName>
                    <phone>+7 (495) 0000000</phone>
                    <email>N.Kuznetsova@gazbez.gazprom.ru</email>
                    <organization>
                        <mainInfo>
                            <fullName>ОБЩЕСТВО С ОГРАНИЧЕННОЙ ОТВЕТСТВЕННОСТЬЮ "ГАЗПРОМ ГАЗОБЕЗОПАСНОСТЬ"</fullName>
                            <shortName>ООО "ГАЗПРОМ ГАЗОБЕЗОПАСНОСТЬ"</shortName>
                            <iko>65003028148773601001</iko>
                            <inn>5003028148</inn>
                            <kpp>775101001</kpp>
                            <ogrn>1025000658187</ogrn>
                            <legalAddress>142770, Г МОСКВА, П ГАЗОПРОВОД, дом ДОМ 101, корпус КОРПУС 5</legalAddress>
                            <postalAddress>108814, г. Москва, пос.Сосенское, пос.Газопровод, д.101, кор.5</postalAddress>
                            <phone>7-495-719-37-55</phone>
                            <email>g.rybanova@gazbez.gazprom.ru</email>
                            <okato>45293558000</okato>
                            <okpo>23484472</okpo>
                        </mainInfo>
                    </organization>
                </ns2:contact>
                <ns2:publicationDateTime>2017-03-16T13:47:53</ns2:publicationDateTime>
                <ns2:documentationDelivery/>
                <ns2:status>P</ns2:status>
                <ns2:version>1</ns2:version>
                <ns2:notDishonest>false</ns2:notDishonest>
                <ns2:attachments>
                    <totalDocumentsCount>2</totalDocumentsCount>
                    <document>
                        <guid>58caba95-2d3f-8660-e100-00000a388ca5</guid>
                        <createDateTime>2017-03-16T10:22:22</createDateTime>
                        <fileName>проект договора.pdf</fileName>
                        <description>проект договора.pdf</description>
                        <url>http://zakupki.gov.ru/223/purchase/public/download/download.html?id=30096416</url>
                    </document>
                    <document>
                        <guid>58caba93-2d3f-8660-e100-00000a388ca5</guid>
                        <createDateTime>2017-03-16T10:22:22</createDateTime>
                        <fileName>Форма 34-Извещение о проведении.doc</fileName>
                        <description>Форма 34-Извещение о проведении.doc</description>
                        <url>http://zakupki.gov.ru/223/purchase/public/download/download.html?id=30096414</url>
                    </document>
                </ns2:attachments>
                <ns2:modificationDate>2017-03-16T13:47:53</ns2:modificationDate>
                <ns2:saveUserId>209028</ns2:saveUserId>
                <ns2:deliveryPlaceIndication>DIFFERENT_PLACE</ns2:deliveryPlaceIndication>
                <ns2:emergency>false</ns2:emergency>
                <ns2:jointPurchase>false</ns2:jointPurchase>
                <ns2:lots>
                    <lot>
                        <guid>58c967e6-1a3b-00c8-e100-00000a388ca5</guid>
                        <ordinalNumber>1</ordinalNumber>
                        <lotEditEnabled>true</lotEditEnabled>
                        <lotData>
                            <subject>Поставка подписных изданий для администрации ООО "Газпром газобезопасность" и Центральной ВЧ</subject>
                            <currency>
                                <code>RUB</code>
                                <digitalCode>643</digitalCode>
                                <name>Российский рубль</name>
                            </currency>
                            <initialSum>263275.74</initialSum>
                            <deliveryPlace>
                                <address>Согласно закупочной документации</address>
                            </deliveryPlace>
                            <lotItems>
                                <newCodes>true</newCodes>
                                <lotItem>
                                    <guid>58caba84-2d3f-8660-e100-00000a388ca5</guid>
                                    <ordinalNumber>1</ordinalNumber>
                                    <okpd2>
                                        <code>58.14.1</code>
                                        <name>Журналы и периодические издания печатные</name>
                                    </okpd2>
                                    <okved2>
                                        <code>58.14</code>
                                        <name>Издание журналов и периодических изданий</name>
                                    </okved2>
                                    <okei>
                                        <code>839</code>
                                        <name>Комплект</name>
                                    </okei>
                                    <qty>1</qty>
                                </lotItem>
                                <lotItem>
                                    <guid>58caba85-2d3f-8660-e100-00000a388ca5</guid>
                                    <ordinalNumber>2</ordinalNumber>
                                    <okpd2>
                                        <code>58.14.1</code>
                                        <name>Журналы и периодические издания печатные</name>
                                    </okpd2>
                                    <okved2>
                                        <code>58.14</code>
                                        <name>Издание журналов и периодических изданий</name>
                                    </okved2>
                                    <okei>
                                        <code>839</code>
                                        <name>Комплект</name>
                                    </okei>
                                    <qty>1</qty>
                                </lotItem>
                                <lotItem>
                                    <guid>58caba86-2d3f-8660-e100-00000a388ca5</guid>
                                    <ordinalNumber>3</ordinalNumber>
                                    <okpd2>
                                        <code>58.14.1</code>
                                        <name>Журналы и периодические издания печатные</name>
                                    </okpd2>
                                    <okved2>
                                        <code>58.14</code>
                                        <name>Издание журналов и периодических изданий</name>
                                    </okved2>
                                    <okei>
                                        <code>839</code>
                                        <name>Комплект</name>
                                    </okei>
                                    <qty>1</qty>
                                </lotItem>
                                <lotItem>
                                    <guid>58caba87-2d3f-8660-e100-00000a388ca5</guid>
                                    <ordinalNumber>4</ordinalNumber>
                                    <okpd2>
                                        <code>58.14.1</code>
                                        <name>Журналы и периодические издания печатные</name>
                                    </okpd2>
                                    <okved2>
                                        <code>58.14</code>
                                        <name>Издание журналов и периодических изданий</name>
                                    </okved2>
                                    <okei>
                                        <code>839</code>
                                        <name>Комплект</name>
                                    </okei>
                                    <qty>1</qty>
                                </lotItem>
                                <lotItem>
                                    <guid>58caba88-2d3f-8660-e100-00000a388ca5</guid>
                                    <ordinalNumber>5</ordinalNumber>
                                    <okpd2>
                                        <code>58.14.1</code>
                                        <name>Журналы и периодические издания печатные</name>
                                    </okpd2>
                                    <okved2>
                                        <code>58.14</code>
                                        <name>Издание журналов и периодических изданий</name>
                                    </okved2>
                                    <okei>
                                        <code>839</code>
                                        <name>Комплект</name>
                                    </okei>
                                    <qty>1</qty>
                                </lotItem>
                                <lotItem>
                                    <guid>58caba89-2d3f-8660-e100-00000a388ca5</guid>
                                    <ordinalNumber>6</ordinalNumber>
                                    <okpd2>
                                        <code>58.14.1</code>
                                        <name>Журналы и периодические издания печатные</name>
                                    </okpd2>
                                    <okved2>
                                        <code>58.14</code>
                                        <name>Издание журналов и периодических изданий</name>
                                    </okved2>
                                    <okei>
                                        <code>839</code>
                                        <name>Комплект</name>
                                    </okei>
                                    <qty>1</qty>
                                </lotItem>
                                <lotItem>
                                    <guid>58caba8a-2d3f-8660-e100-00000a388ca5</guid>
                                    <ordinalNumber>7</ordinalNumber>
                                    <okpd2>
                                        <code>58.14.1</code>
                                        <name>Журналы и периодические издания печатные</name>
                                    </okpd2>
                                    <okved2>
                                        <code>58.14</code>
                                        <name>Издание журналов и периодических изданий</name>
                                    </okved2>
                                    <okei>
                                        <code>839</code>
                                        <name>Комплект</name>
                                    </okei>
                                    <qty>1</qty>
                                </lotItem>
                                <lotItem>
                                    <guid>58caba8b-2d3f-8660-e100-00000a388ca5</guid>
                                    <ordinalNumber>8</ordinalNumber>
                                    <okpd2>
                                        <code>58.14.1</code>
                                        <name>Журналы и периодические издания печатные</name>
                                    </okpd2>
                                    <okved2>
                                        <code>58.14</code>
                                        <name>Издание журналов и периодических изданий</name>
                                    </okved2>
                                    <okei>
                                        <code>839</code>
                                        <name>Комплект</name>
                                    </okei>
                                    <qty>1</qty>
                                </lotItem>
                                <lotItem>
                                    <guid>58caba8c-2d3f-8660-e100-00000a388ca5</guid>
                                    <ordinalNumber>9</ordinalNumber>
                                    <okpd2>
                                        <code>58.14.1</code>
                                        <name>Журналы и периодические издания печатные</name>
                                    </okpd2>
                                    <okved2>
                                        <code>58.14</code>
                                        <name>Издание журналов и периодических изданий</name>
                                    </okved2>
                                    <okei>
                                        <code>839</code>
                                        <name>Комплект</name>
                                    </okei>
                                    <qty>1</qty>
                                </lotItem>
                                <lotItem>
                                    <guid>58caba8d-2d3f-8660-e100-00000a388ca5</guid>
                                    <ordinalNumber>10</ordinalNumber>
                                    <okpd2>
                                        <code>58.14.1</code>
                                        <name>Журналы и периодические издания печатные</name>
                                    </okpd2>
                                    <okved2>
                                        <code>58.14</code>
                                        <name>Издание журналов и периодических изданий</name>
                                    </okved2>
                                    <okei>
                                        <code>839</code>
                                        <name>Комплект</name>
                                    </okei>
                                    <qty>1</qty>
                                </lotItem>
                                <lotItem>
                                    <guid>58caba8e-2d3f-8660-e100-00000a388ca5</guid>
                                    <ordinalNumber>11</ordinalNumber>
                                    <okpd2>
                                        <code>58.14.1</code>
                                        <name>Журналы и периодические издания печатные</name>
                                    </okpd2>
                                    <okved2>
                                        <code>58.14</code>
                                        <name>Издание журналов и периодических изданий</name>
                                    </okved2>
                                    <okei>
                                        <code>839</code>
                                        <name>Комплект</name>
                                    </okei>
                                    <qty>1</qty>
                                </lotItem>
                                <lotItem>
                                    <guid>58caba8f-2d3f-8660-e100-00000a388ca5</guid>
                                    <ordinalNumber>12</ordinalNumber>
                                    <okpd2>
                                        <code>58.14.1</code>
                                        <name>Журналы и периодические издания печатные</name>
                                    </okpd2>
                                    <okved2>
                                        <code>58.14</code>
                                        <name>Издание журналов и периодических изданий</name>
                                    </okved2>
                                    <okei>
                                        <code>839</code>
                                        <name>Комплект</name>
                                    </okei>
                                    <qty>1</qty>
                                </lotItem>
                                <lotItem>
                                    <guid>58caba90-2d3f-8660-e100-00000a388ca5</guid>
                                    <ordinalNumber>13</ordinalNumber>
                                    <okpd2>
                                        <code>58.14.1</code>
                                        <name>Журналы и периодические издания печатные</name>
                                    </okpd2>
                                    <okved2>
                                        <code>58.14</code>
                                        <name>Издание журналов и периодических изданий</name>
                                    </okved2>
                                    <okei>
                                        <code>839</code>
                                        <name>Комплект</name>
                                    </okei>
                                    <qty>1</qty>
                                </lotItem>
                                <lotItem>
                                    <guid>58caba91-2d3f-8660-e100-00000a388ca5</guid>
                                    <ordinalNumber>14</ordinalNumber>
                                    <okpd2>
                                        <code>58.14.1</code>
                                        <name>Журналы и периодические издания печатные</name>
                                    </okpd2>
                                    <okved2>
                                        <code>58.14</code>
                                        <name>Издание журналов и периодических изданий</name>
                                    </okved2>
                                    <okei>
                                        <code>839</code>
                                        <name>Комплект</name>
                                    </okei>
                                    <qty>1</qty>
                                </lotItem>
                                <lotItem>
                                    <guid>58caba92-2d3f-8660-e100-00000a388ca5</guid>
                                    <ordinalNumber>15</ordinalNumber>
                                    <okpd2>
                                        <code>58.14.1</code>
                                        <name>Журналы и периодические издания печатные</name>
                                    </okpd2>
                                    <okved2>
                                        <code>58.14</code>
                                        <name>Издание журналов и периодических изданий</name>
                                    </okved2>
                                    <okei>
                                        <code>839</code>
                                        <name>Комплект</name>
                                    </okei>
                                    <qty>1</qty>
                                </lotItem>
                            </lotItems>
                            <forSmallOrMiddle>false</forSmallOrMiddle>
                            <excludePurchaseFromPlan>false</excludePurchaseFromPlan>
                            <subcontractorsRequirement>false</subcontractorsRequirement>
                            <ignoredPurchase>false</ignoredPurchase>
                            <centralized>false</centralized>
                        </lotData>
                        <deliveryPlaceIndication>GL</deliveryPlaceIndication>
                        <jointLotData>
                            <jointLot>false</jointLot>
                        </jointLotData>
                        <lotPlanInfo>
                            <planRegistrationNumber>2160200901</planRegistrationNumber>
                            <planGuid>58c9c0ae-07b7-49f1-e100-00000a388ca5</planGuid>
                            <positionNumber>102</positionNumber>
                            <lotPlanPosition>COMMODITY</lotPlanPosition>
                            <positionGuid>58c8cf30-fab8-548b-e100-00000a388ca5</positionGuid>
                        </lotPlanInfo>
                        <cancelled>false</cancelled>
                    </lot>
                </ns2:lots>
            </ns2:purchaseNoticeEPData>
        </ns2:item>
    </ns2:body>
</ns2:purchaseNoticeEP>
