<?xml version="1.0" encoding="UTF-8" standalone="yes"?>
<ns2:purchaseNoticeEP xsi:schemaLocation="http://zakupki.gov.ru/223/integration/schema/TFF-5.2 http://zakupki.gov.ru/223/integration/schema/TFF-5.2/purchase.xsd" xmlns="http://zakupki.gov.ru/223fz/types/1" xmlns:ns10="http://zakupki.gov.ru/223fz/purchasePlan/1" xmlns:ns11="http://zakupki.gov.ru/223fz/purchasePlanProject/1" xmlns:ns12="http://zakupki.gov.ru/223fz/purchasePlanProjectAdditionalPosition/1" xmlns:ns13="http://zakupki.gov.ru/223fz/contract/1" xmlns:ns14="http://zakupki.gov.ru/223fz/missedNotice/1" xmlns:ns15="http://zakupki.gov.ru/223fz/reference/1" xmlns:ns16="http://zakupki.gov.ru/223fz/stopCommodity/1" xmlns:ns17="http://zakupki.gov.ru/223fz/decisionSuspension/1" xmlns:ns18="http://zakupki.gov.ru/223fz/purchasePlanAdditionalPosition/1" xmlns:ns19="http://zakupki.gov.ru/223fz/webRequest/1" xmlns:ns2="http://zakupki.gov.ru/223fz/purchase/1" xmlns:xsi="http://www.w3.org/2001/XMLSchema-instance" xmlns:ns3="http://zakupki.gov.ru/223fz/dishonestSupplier/1" xmlns:ns4="http://zakupki.gov.ru/223fz/machineryListInfo/1" xmlns:ns5="http://zakupki.gov.ru/223fz/revenue/1" xmlns:ns6="http://zakupki.gov.ru/223fz/orderClauseList/1" xmlns:ns7="http://zakupki.gov.ru/223fz/disagreementProtocol/1" xmlns:ns8="http://zakupki.gov.ru/223fz/complaint/1" xmlns:ns9="http://zakupki.gov.ru/223fz/notificationIssue/1">
    <header>
        <guid>1eb41d3e-e520-4b26-acdb-ac6b74d6d2d5</guid>
        <createDateTime>2017-03-16T13:00:48</createDateTime>
    </header>
    <ns2:body>
        <ns2:item>
            <guid>58c9c115-f6a0-0351-e100-00000a388ca5</guid>
            <ns2:purchaseNoticeEPData>
                <ns2:guid>58c9c115-f6a0-0351-e100-00000a388ca5</ns2:guid>
                <ns2:createDateTime>2017-03-16T12:04:52</ns2:createDateTime>
                <ns2:urlOOS>https://zakupki.gov.ru/223/purchase/private/purchase/notice-info/details.html?noticeInfoId=5884522</ns2:urlOOS>
                <ns2:urlVSRZ>https://zakupki.gazprom.ru</ns2:urlVSRZ>
                <ns2:registrationNumber>31704897215</ns2:registrationNumber>
                <ns2:name>Оценка долгосрочных перспектив развития газового рынка России в условиях неопределенности</ns2:name>
                <ns2:customer>
                    <mainInfo>
                        <fullName>ПУБЛИЧНОЕ АКЦИОНЕРНОЕ ОБЩЕСТВО "ГАЗПРОМ"</fullName>
                        <shortName>ПАО "ГАЗПРОМ"</shortName>
                        <iko>57736050003772801001</iko>
                        <inn>7736050003</inn>
                        <kpp>772801001</kpp>
                        <ogrn>1027700070518</ogrn>
                        <legalAddress>117997, г МОСКВА, ул НАМЕТКИНА, дом 16</legalAddress>
                        <postalAddress>ул. Наметкина, д. 16, г. Москва, ГСП-7, 117997</postalAddress>
                        <phone>7-495-7198103</phone>
                        <email>223@adm.gazprom.ru</email>
                        <okato>45293590000</okato>
                        <okpo>45908000</okpo>
                    </mainInfo>
                </ns2:customer>
                <ns2:purchaseMethodCode>3363</ns2:purchaseMethodCode>
                <ns2:purchaseCodeName>Закупка у единственного поставщика (исполнителя, подрядчика)</ns2:purchaseCodeName>
                <ns2:placer>
                    <mainInfo>
                        <fullName>ПУБЛИЧНОЕ АКЦИОНЕРНОЕ ОБЩЕСТВО "ГАЗПРОМ"</fullName>
                        <shortName>ПАО "ГАЗПРОМ"</shortName>
                        <iko>57736050003772801001</iko>
                        <inn>7736050003</inn>
                        <kpp>772801001</kpp>
                        <ogrn>1027700070518</ogrn>
                        <legalAddress>117997, г МОСКВА, ул НАМЕТКИНА, дом 16</legalAddress>
                        <postalAddress>ул. Наметкина, д. 16, г. Москва, ГСП-7, 117997</postalAddress>
                        <phone>7-495-7198103</phone>
                        <email>223@adm.gazprom.ru</email>
                        <okato>45293590000</okato>
                        <okpo>45908000</okpo>
                    </mainInfo>
                </ns2:placer>
                <ns2:contact>
                    <firstName>Наталья</firstName>
                    <middleName>Юрьевна</middleName>
                    <lastName>Плутанова</lastName>
                    <phone>+7 (495) 7193320</phone>
                    <email>N.Plutanova@adm.gazprom.ru</email>
                    <organization>
                        <mainInfo>
                            <fullName>ПУБЛИЧНОЕ АКЦИОНЕРНОЕ ОБЩЕСТВО "ГАЗПРОМ"</fullName>
                            <shortName>ПАО "ГАЗПРОМ"</shortName>
                            <iko>57736050003772801001</iko>
                            <inn>7736050003</inn>
                            <kpp>772801001</kpp>
                            <ogrn>1027700070518</ogrn>
                            <legalAddress>117997, г МОСКВА, ул НАМЕТКИНА, дом 16</legalAddress>
                            <postalAddress>ул. Наметкина, д. 16, г. Москва, ГСП-7, 117997</postalAddress>
                            <phone>7-495-7198103</phone>
                            <email>223@adm.gazprom.ru</email>
                            <okato>45293590000</okato>
                            <okpo>45908000</okpo>
                        </mainInfo>
                    </organization>
                </ns2:contact>
                <ns2:publicationDateTime>2017-03-16T13:00:48</ns2:publicationDateTime>
                <ns2:documentationDelivery/>
                <ns2:status>P</ns2:status>
                <ns2:version>1</ns2:version>
                <ns2:notDishonest>false</ns2:notDishonest>
                <ns2:attachments>
                    <totalDocumentsCount>2</totalDocumentsCount>
                    <document>
                        <guid>58c9c343-f6a0-0351-e100-00000a388ca5</guid>
                        <createDateTime>2017-03-16T12:04:52</createDateTime>
                        <fileName>Договор очищ..docx</fileName>
                        <description>Договор очищ..docx</description>
                        <url>http://zakupki.gov.ru/223/purchase/public/download/download.html?id=30102032</url>
                    </document>
                    <document>
                        <guid>58c9c342-f6a0-0351-e100-00000a388ca5</guid>
                        <createDateTime>2017-03-16T12:04:52</createDateTime>
                        <fileName>документация о закупке.docx</fileName>
                        <description>документация о закупке.docx</description>
                        <url>http://zakupki.gov.ru/223/purchase/public/download/download.html?id=30102031</url>
                    </document>
                </ns2:attachments>
                <ns2:modificationDate>2017-03-16T13:00:48</ns2:modificationDate>
                <ns2:saveUserId>150762</ns2:saveUserId>
                <ns2:deliveryPlaceIndication>DIFFERENT_PLACE</ns2:deliveryPlaceIndication>
                <ns2:emergency>false</ns2:emergency>
                <ns2:jointPurchase>false</ns2:jointPurchase>
                <ns2:lots>
                    <lot>
                        <guid>58ad5159-f994-4ab8-e100-00000a388ca6</guid>
                        <ordinalNumber>1</ordinalNumber>
                        <lotEditEnabled>true</lotEditEnabled>
                        <lotData>
                            <subject>Оценка долгосрочных перспектив развития газового рынка России в условиях неопределенности</subject>
                            <currency>
                                <code>RUB</code>
                                <digitalCode>643</digitalCode>
                                <name>Российский рубль</name>
                            </currency>
                            <initialSum>46684260.00</initialSum>
                            <deliveryPlace>
                                <address>Согласно закупочной документации</address>
                            </deliveryPlace>
                            <lotItems>
                                <newCodes>true</newCodes>
                                <lotItem>
                                    <guid>58c9c341-f6a0-0351-e100-00000a388ca5</guid>
                                    <ordinalNumber>1</ordinalNumber>
                                    <okpd2>
                                        <code>72.20.11</code>
                                        <name>Услуги, связанные с научными исследованиями и экспериментальными разработками в области экономики и предпринимательства</name>
                                    </okpd2>
                                    <okved2>
                                        <code>72.20</code>
                                        <name>Научные исследования и разработки в области общественных и гуманитарных наук</name>
                                    </okved2>
                                    <okei>
                                        <code>876</code>
                                        <name>Условная единица</name>
                                    </okei>
                                    <qty>1</qty>
                                </lotItem>
                            </lotItems>
                            <forSmallOrMiddle>false</forSmallOrMiddle>
                            <excludePurchaseFromPlan>false</excludePurchaseFromPlan>
                            <subcontractorsRequirement>false</subcontractorsRequirement>
                            <ignoredPurchase>false</ignoredPurchase>
                            <centralized>false</centralized>
                        </lotData>
                        <deliveryPlaceIndication>GL</deliveryPlaceIndication>
                        <jointLotData>
                            <jointLot>false</jointLot>
                        </jointLotData>
                        <lotPlanInfo>
                            <planRegistrationNumber>2140099849</planRegistrationNumber>
                            <planGuid>58cace73-03ff-81f8-e100-00000a388ca5</planGuid>
                            <positionNumber>213</positionNumber>
                            <lotPlanPosition>INNOVATION</lotPlanPosition>
                            <positionGuid>58acc1a7-1580-5d08-e100-00000a388ca6</positionGuid>
                        </lotPlanInfo>
                        <cancelled>false</cancelled>
                    </lot>
                </ns2:lots>
            </ns2:purchaseNoticeEPData>
        </ns2:item>
    </ns2:body>
</ns2:purchaseNoticeEP>
