<?xml version="1.0" encoding="UTF-8" standalone="yes"?>
<ns2:purchaseNoticeEP xsi:schemaLocation="http://zakupki.gov.ru/223/integration/schema/TFF-5.2 http://zakupki.gov.ru/223/integration/schema/TFF-5.2/purchase.xsd" xmlns="http://zakupki.gov.ru/223fz/types/1" xmlns:ns10="http://zakupki.gov.ru/223fz/purchasePlan/1" xmlns:ns11="http://zakupki.gov.ru/223fz/purchasePlanProject/1" xmlns:ns12="http://zakupki.gov.ru/223fz/purchasePlanProjectAdditionalPosition/1" xmlns:ns13="http://zakupki.gov.ru/223fz/contract/1" xmlns:ns14="http://zakupki.gov.ru/223fz/missedNotice/1" xmlns:ns15="http://zakupki.gov.ru/223fz/reference/1" xmlns:ns16="http://zakupki.gov.ru/223fz/stopCommodity/1" xmlns:ns17="http://zakupki.gov.ru/223fz/decisionSuspension/1" xmlns:ns18="http://zakupki.gov.ru/223fz/purchasePlanAdditionalPosition/1" xmlns:ns19="http://zakupki.gov.ru/223fz/webRequest/1" xmlns:ns2="http://zakupki.gov.ru/223fz/purchase/1" xmlns:xsi="http://www.w3.org/2001/XMLSchema-instance" xmlns:ns3="http://zakupki.gov.ru/223fz/dishonestSupplier/1" xmlns:ns4="http://zakupki.gov.ru/223fz/machineryListInfo/1" xmlns:ns5="http://zakupki.gov.ru/223fz/revenue/1" xmlns:ns6="http://zakupki.gov.ru/223fz/orderClauseList/1" xmlns:ns7="http://zakupki.gov.ru/223fz/disagreementProtocol/1" xmlns:ns8="http://zakupki.gov.ru/223fz/complaint/1" xmlns:ns9="http://zakupki.gov.ru/223fz/notificationIssue/1">
    <header>
        <guid>4b84f544-c5c7-4277-85af-8e0598424c42</guid>
        <createDateTime>2017-03-16T12:19:52</createDateTime>
    </header>
    <ns2:body>
        <ns2:item>
            <guid>cc4878d8-1084-4204-8671-31ef38f3ccfb</guid>
            <ns2:purchaseNoticeEPData>
                <ns2:guid>cc4878d8-1084-4204-8671-31ef38f3ccfb</ns2:guid>
                <ns2:createDateTime>2017-03-16T10:34:22</ns2:createDateTime>
                <ns2:urlOOS>https://zakupki.gov.ru/223/purchase/private/purchase/notice-info/details.html?noticeInfoId=5883521</ns2:urlOOS>
                <ns2:registrationNumber>31704896898</ns2:registrationNumber>
                <ns2:name>Работы по монтажу системы заземления</ns2:name>
                <ns2:customer>
                    <mainInfo>
                        <fullName>ФЕДЕРАЛЬНОЕ ГОСУДАРСТВЕННОЕ БЮДЖЕТНОЕ УЧРЕЖДЕНИЕ "9 ЛЕЧЕБНО-ДИАГНОСТИЧЕСКИЙ ЦЕНТР" МИНИСТЕРСТВА ОБОРОНЫ РОССИЙСКОЙ ФЕДЕРАЦИИ</fullName>
                        <shortName>ФГБУ "9 ЛДЦ" МИНОБОРОНЫ РОССИИ</shortName>
                        <iko>85050087976770401001</iko>
                        <inn>5050087976</inn>
                        <kpp>770401001</kpp>
                        <ogrn>1105050007700</ogrn>
                        <legalAddress>119146, г МОСКВА, пр-кт КОМСОМОЛЬСКИЙ, дом 13 А</legalAddress>
                        <postalAddress>119146, г. Москва, Комсомольский проспект, 13А</postalAddress>
                        <phone>7-495-6932017</phone>
                        <email>feo.9ldc@gmail.com</email>
                        <okato>45286590000</okato>
                        <okpo>07901344</okpo>
                    </mainInfo>
                </ns2:customer>
                <ns2:purchaseMethodCode>3363</ns2:purchaseMethodCode>
                <ns2:purchaseCodeName>Закупка у единственного поставщика (исполнителя, подрядчика)</ns2:purchaseCodeName>
                <ns2:placer>
                    <mainInfo>
                        <fullName>ФЕДЕРАЛЬНОЕ ГОСУДАРСТВЕННОЕ БЮДЖЕТНОЕ УЧРЕЖДЕНИЕ "9 ЛЕЧЕБНО-ДИАГНОСТИЧЕСКИЙ ЦЕНТР" МИНИСТЕРСТВА ОБОРОНЫ РОССИЙСКОЙ ФЕДЕРАЦИИ</fullName>
                        <shortName>ФГБУ "9 ЛДЦ" МИНОБОРОНЫ РОССИИ</shortName>
                        <iko>85050087976770401001</iko>
                        <inn>5050087976</inn>
                        <kpp>770401001</kpp>
                        <ogrn>1105050007700</ogrn>
                        <legalAddress>119146, г МОСКВА, пр-кт КОМСОМОЛЬСКИЙ, дом 13 А</legalAddress>
                        <postalAddress>119146, г. Москва, Комсомольский проспект, 13А</postalAddress>
                        <phone>7-495-6932017</phone>
                        <email>feo.9ldc@gmail.com</email>
                        <okato>45286590000</okato>
                        <okpo>07901344</okpo>
                    </mainInfo>
                </ns2:placer>
                <ns2:contact>
                    <firstName>Александр</firstName>
                    <middleName>Петрович</middleName>
                    <lastName>Светлов</lastName>
                    <phone>+7 (495) 6095440</phone>
                    <fax>+7 (495) 6095438</fax>
                    <email>zakupki9ldc@yandex.ru</email>
                    <organization>
                        <mainInfo>
                            <fullName>ФЕДЕРАЛЬНОЕ ГОСУДАРСТВЕННОЕ БЮДЖЕТНОЕ УЧРЕЖДЕНИЕ "9 ЛЕЧЕБНО-ДИАГНОСТИЧЕСКИЙ ЦЕНТР" МИНИСТЕРСТВА ОБОРОНЫ РОССИЙСКОЙ ФЕДЕРАЦИИ</fullName>
                            <shortName>ФГБУ "9 ЛДЦ" МИНОБОРОНЫ РОССИИ</shortName>
                            <iko>85050087976770401001</iko>
                            <inn>5050087976</inn>
                            <kpp>770401001</kpp>
                            <ogrn>1105050007700</ogrn>
                            <legalAddress>119146, г МОСКВА, пр-кт КОМСОМОЛЬСКИЙ, дом 13 А</legalAddress>
                            <postalAddress>119146, г. Москва, Комсомольский проспект, 13А</postalAddress>
                            <phone>7-495-6932017</phone>
                            <email>feo.9ldc@gmail.com</email>
                            <okato>45286590000</okato>
                            <okpo>07901344</okpo>
                        </mainInfo>
                    </organization>
                </ns2:contact>
                <ns2:publicationDateTime>2017-03-16T12:19:52</ns2:publicationDateTime>
                <ns2:documentationDelivery/>
                <ns2:status>P</ns2:status>
                <ns2:version>1</ns2:version>
                <ns2:notDishonest>true</ns2:notDishonest>
                <ns2:attachments>
                    <totalDocumentsCount>1</totalDocumentsCount>
                    <document>
                        <guid>fd10d1cb-0d22-4fb7-8154-2e2d2563b00b</guid>
                        <createDateTime>2017-03-16T10:39:41</createDateTime>
                        <fileName>Документация.doc</fileName>
                        <description>Документация</description>
                        <url>http://zakupki.gov.ru/223/purchase/public/download/download.html?id=30097430</url>
                    </document>
                </ns2:attachments>
                <ns2:modificationDate>2017-03-16T12:19:52</ns2:modificationDate>
                <ns2:saveUserId>241356</ns2:saveUserId>
                <ns2:deliveryPlaceIndication>SINGLE_PLACE</ns2:deliveryPlaceIndication>
                <ns2:emergency>false</ns2:emergency>
                <ns2:jointPurchase>false</ns2:jointPurchase>
                <ns2:lots>
                    <lot>
                        <guid>8f17a012-60e1-4cc6-8607-219d271649c4</guid>
                        <ordinalNumber>1</ordinalNumber>
                        <lotEditEnabled>false</lotEditEnabled>
                        <lotData>
                            <subject>Работы по монтажу системы заземления</subject>
                            <currency>
                                <code>RUB</code>
                                <digitalCode>643</digitalCode>
                                <name>Российский рубль</name>
                            </currency>
                            <initialSum>213307.56</initialSum>
                            <deliveryPlace>
                                <state>Центральный федеральный округ</state>
                                <region>Москва</region>
                                <regionOkato>45000000000</regionOkato>
                                <address>Комсомольский проспект, д. 13А</address>
                            </deliveryPlace>
                            <lotItems>
                                <newCodes>true</newCodes>
                                <lotItem>
                                    <guid>22589d4d-4b76-4f0f-995b-bff2f5473747</guid>
                                    <ordinalNumber>1</ordinalNumber>
                                    <okpd2>
                                        <code>43.21.10.290</code>
                                        <name>Работы электромонтажные прочие, не включенные в другие группировки</name>
                                    </okpd2>
                                    <okved2>
                                        <code>43.21</code>
                                        <name>Производство электромонтажных работ</name>
                                    </okved2>
                                    <okei>
                                        <code>876</code>
                                        <name>Условная единица</name>
                                    </okei>
                                    <qty>1</qty>
                                </lotItem>
                            </lotItems>
                            <forSmallOrMiddle>false</forSmallOrMiddle>
                            <excludePurchaseFromPlan>false</excludePurchaseFromPlan>
                            <subcontractorsRequirement>false</subcontractorsRequirement>
                            <ignoredPurchase>false</ignoredPurchase>
                            <centralized>false</centralized>
                        </lotData>
                        <deliveryPlaceIndication>GL</deliveryPlaceIndication>
                        <jointLotData>
                            <jointLot>false</jointLot>
                        </jointLotData>
                        <lotPlanInfo>
                            <planRegistrationNumber>2170230322</planRegistrationNumber>
                            <planGuid>a544fccc-af68-4c5e-871e-3946b9e5664e</planGuid>
                            <positionNumber>14</positionNumber>
                            <lotPlanPosition>COMMODITY</lotPlanPosition>
                            <positionGuid>5e48ba63-b3dd-4b5a-862f-7899a268f4f0</positionGuid>
                        </lotPlanInfo>
                        <cancelled>false</cancelled>
                    </lot>
                </ns2:lots>
            </ns2:purchaseNoticeEPData>
        </ns2:item>
    </ns2:body>
</ns2:purchaseNoticeEP>
