<?xml version="1.0" encoding="UTF-8" standalone="yes"?>
<ns2:purchaseNoticeEP xsi:schemaLocation="http://zakupki.gov.ru/223/integration/schema/TFF-5.2 http://zakupki.gov.ru/223/integration/schema/TFF-5.2/purchase.xsd" xmlns="http://zakupki.gov.ru/223fz/types/1" xmlns:ns10="http://zakupki.gov.ru/223fz/purchasePlan/1" xmlns:ns11="http://zakupki.gov.ru/223fz/purchasePlanProject/1" xmlns:ns12="http://zakupki.gov.ru/223fz/purchasePlanProjectAdditionalPosition/1" xmlns:ns13="http://zakupki.gov.ru/223fz/contract/1" xmlns:ns14="http://zakupki.gov.ru/223fz/missedNotice/1" xmlns:ns15="http://zakupki.gov.ru/223fz/reference/1" xmlns:ns16="http://zakupki.gov.ru/223fz/stopCommodity/1" xmlns:ns17="http://zakupki.gov.ru/223fz/decisionSuspension/1" xmlns:ns18="http://zakupki.gov.ru/223fz/purchasePlanAdditionalPosition/1" xmlns:ns19="http://zakupki.gov.ru/223fz/webRequest/1" xmlns:ns2="http://zakupki.gov.ru/223fz/purchase/1" xmlns:xsi="http://www.w3.org/2001/XMLSchema-instance" xmlns:ns3="http://zakupki.gov.ru/223fz/dishonestSupplier/1" xmlns:ns4="http://zakupki.gov.ru/223fz/machineryListInfo/1" xmlns:ns5="http://zakupki.gov.ru/223fz/revenue/1" xmlns:ns6="http://zakupki.gov.ru/223fz/orderClauseList/1" xmlns:ns7="http://zakupki.gov.ru/223fz/disagreementProtocol/1" xmlns:ns8="http://zakupki.gov.ru/223fz/complaint/1" xmlns:ns9="http://zakupki.gov.ru/223fz/notificationIssue/1">
    <header>
        <guid>4e3e497b-200b-4417-8ba0-9500bc420a63</guid>
        <createDateTime>2017-03-16T15:07:36</createDateTime>
    </header>
    <ns2:body>
        <ns2:item>
            <guid>8021db64-a465-46bf-8d93-26576d7c843e</guid>
            <ns2:purchaseNoticeEPData>
                <ns2:guid>8021db64-a465-46bf-8d93-26576d7c843e</ns2:guid>
                <ns2:createDateTime>2017-03-16T15:01:23</ns2:createDateTime>
                <ns2:urlOOS>https://zakupki.gov.ru/223/purchase/private/purchase/notice-info/details.html?noticeInfoId=5886481</ns2:urlOOS>
                <ns2:registrationNumber>31704898368</ns2:registrationNumber>
                <ns2:name>ПодшипникИБПА.304422.005</ns2:name>
                <ns2:customer>
                    <mainInfo>
                        <fullName>АКЦИОНЕРНОЕ ОБЩЕСТВО "НАУЧНО-ПРОИЗВОДСТВЕННАЯ КОРПОРАЦИЯ "СИСТЕМЫ ПРЕЦИЗИОННОГО ПРИБОРОСТРОЕНИЯ"</fullName>
                        <shortName>АО "НПК "СПП"</shortName>
                        <iko>57722698108772201001</iko>
                        <inn>7722698108</inn>
                        <kpp>772201001</kpp>
                        <ogrn>1097746629639</ogrn>
                        <legalAddress>111024, г МОСКВА, ул АВИАМОТОРНАЯ, дом 53</legalAddress>
                        <postalAddress>111024, Москва, Авиамоторная, дом 53</postalAddress>
                        <phone>7-495-2349847</phone>
                        <fax>7-495-2349859</fax>
                        <email>uridburo@mail.ru</email>
                        <okato>45290564000</okato>
                        <okpo>07559035</okpo>
                    </mainInfo>
                </ns2:customer>
                <ns2:purchaseMethodCode>3363</ns2:purchaseMethodCode>
                <ns2:purchaseCodeName>Закупка у единственного поставщика (исполнителя, подрядчика)</ns2:purchaseCodeName>
                <ns2:placer>
                    <mainInfo>
                        <fullName>АКЦИОНЕРНОЕ ОБЩЕСТВО "НАУЧНО-ПРОИЗВОДСТВЕННАЯ КОРПОРАЦИЯ "СИСТЕМЫ ПРЕЦИЗИОННОГО ПРИБОРОСТРОЕНИЯ"</fullName>
                        <shortName>АО "НПК "СПП"</shortName>
                        <iko>57722698108772201001</iko>
                        <inn>7722698108</inn>
                        <kpp>772201001</kpp>
                        <ogrn>1097746629639</ogrn>
                        <legalAddress>111024, г МОСКВА, ул АВИАМОТОРНАЯ, дом 53</legalAddress>
                        <postalAddress>111024, Москва, Авиамоторная, дом 53</postalAddress>
                        <phone>7-495-2349847</phone>
                        <fax>7-495-2349859</fax>
                        <email>uridburo@mail.ru</email>
                        <okato>45290564000</okato>
                        <okpo>07559035</okpo>
                    </mainInfo>
                </ns2:placer>
                <ns2:contact>
                    <firstName>Максим</firstName>
                    <lastName>Лейбман</lastName>
                    <phone>+8 (495) 9882158, доб.: 1291</phone>
                    <email>zakupki@npk-spp.ru</email>
                    <organization>
                        <mainInfo>
                            <fullName>АКЦИОНЕРНОЕ ОБЩЕСТВО "НАУЧНО-ПРОИЗВОДСТВЕННАЯ КОРПОРАЦИЯ "СИСТЕМЫ ПРЕЦИЗИОННОГО ПРИБОРОСТРОЕНИЯ"</fullName>
                            <shortName>АО "НПК "СПП"</shortName>
                            <iko>57722698108772201001</iko>
                            <inn>7722698108</inn>
                            <kpp>772201001</kpp>
                            <ogrn>1097746629639</ogrn>
                            <legalAddress>111024, г МОСКВА, ул АВИАМОТОРНАЯ, дом 53</legalAddress>
                            <postalAddress>111024, Москва, Авиамоторная, дом 53</postalAddress>
                            <phone>7-495-2349847</phone>
                            <fax>7-495-2349859</fax>
                            <email>uridburo@mail.ru</email>
                            <okato>45290564000</okato>
                            <okpo>07559035</okpo>
                        </mainInfo>
                    </organization>
                </ns2:contact>
                <ns2:publicationDateTime>2017-03-16T15:07:36</ns2:publicationDateTime>
                <ns2:documentationDelivery>
                    <deliveryStartDateTime>2017-03-16</deliveryStartDateTime>
                    <deliveryEndDateTime>2017-03-16</deliveryEndDateTime>
                    <place>Согласно документации</place>
                    <procedure>Согласно документации</procedure>
                </ns2:documentationDelivery>
                <ns2:status>P</ns2:status>
                <ns2:version>1</ns2:version>
                <ns2:notDishonest>false</ns2:notDishonest>
                <ns2:attachments>
                    <totalDocumentsCount>4</totalDocumentsCount>
                    <document>
                        <guid>faecb1bf-00b9-41a4-9d45-fff16ba32be3</guid>
                        <createDateTime>2017-03-16T15:03:48</createDateTime>
                        <fileName>Информационная карта.docx</fileName>
                        <description>Информационная карта</description>
                        <url>http://zakupki.gov.ru/223/purchase/public/download/download.html?id=30112032</url>
                    </document>
                    <document>
                        <guid>1f1245fd-1120-4d6e-b4ba-8509875fbd77</guid>
                        <createDateTime>2017-03-16T15:07:07</createDateTime>
                        <fileName>извещение_док_едпоставщик011216.doc</fileName>
                        <description>извещение_док_едпоставщик011216</description>
                        <url>http://zakupki.gov.ru/223/purchase/public/download/download.html?id=30112259</url>
                    </document>
                    <document>
                        <guid>eec9bbef-7532-4761-b6b2-990c41901344</guid>
                        <createDateTime>2017-03-16T15:03:53</createDateTime>
                        <fileName>Проект договора.pdf</fileName>
                        <description>Проект договора</description>
                        <url>http://zakupki.gov.ru/223/purchase/public/download/download.html?id=30112045</url>
                    </document>
                    <document>
                        <guid>bd9ce834-e692-4fe1-820b-9a7068c822de</guid>
                        <createDateTime>2017-03-16T15:05:16</createDateTime>
                        <fileName>Антикоррупционное соглашение.docx</fileName>
                        <description>Антикоррупционное соглашение</description>
                        <url>http://zakupki.gov.ru/223/purchase/public/download/download.html?id=30112142</url>
                    </document>
                </ns2:attachments>
                <ns2:modificationDate>2017-03-16T15:07:36</ns2:modificationDate>
                <ns2:saveUserId>212201</ns2:saveUserId>
                <ns2:deliveryPlaceIndication>DIFFERENT_PLACE</ns2:deliveryPlaceIndication>
                <ns2:emergency>false</ns2:emergency>
                <ns2:jointPurchase>false</ns2:jointPurchase>
                <ns2:lots>
                    <lot>
                        <guid>6b4a44ad-eb08-44a1-aa72-895e8e6b47ff</guid>
                        <ordinalNumber>1</ordinalNumber>
                        <lotEditEnabled>false</lotEditEnabled>
                        <lotData>
                            <subject>Подшипник ИБПА.304422.005
</subject>
                            <currency>
                                <code>RUB</code>
                                <digitalCode>643</digitalCode>
                                <name>Российский рубль</name>
                            </currency>
                            <initialSum>9985750.00</initialSum>
                            <deliveryPlace>
                                <state>Центральный федеральный округ</state>
                                <region>Москва</region>
                                <regionOkato>45000000000</regionOkato>
                                <address>Город Москва, улица Авиамоторная, 53</address>
                            </deliveryPlace>
                            <lotItems>
                                <newCodes>true</newCodes>
                                <lotItem>
                                    <guid>ef69fcb3-6aad-4966-9ef2-3f0f55afaa78</guid>
                                    <ordinalNumber>1</ordinalNumber>
                                    <okpd2>
                                        <code>28.15.10.111</code>
                                        <name>Подшипники приборные</name>
                                    </okpd2>
                                    <okved2>
                                        <code>28.15</code>
                                        <name>Производство подшипников, зубчатых передач, элементов механических передач и приводов</name>
                                    </okved2>
                                    <okei>
                                        <code>796</code>
                                        <name>Штука</name>
                                    </okei>
                                    <qty>25</qty>
                                </lotItem>
                            </lotItems>
                            <forSmallOrMiddle>false</forSmallOrMiddle>
                            <excludePurchaseFromPlan>false</excludePurchaseFromPlan>
                            <subcontractorsRequirement>false</subcontractorsRequirement>
                            <ignoredPurchase>true</ignoredPurchase>
                            <purchaseCategory>
                                <code>1</code>
                                <name>Закупки для обеспечения обороны страны и безопасности государства</name>
                            </purchaseCategory>
                            <centralized>false</centralized>
                        </lotData>
                        <deliveryPlaceIndication>GL</deliveryPlaceIndication>
                        <jointLotData>
                            <jointLot>false</jointLot>
                        </jointLotData>
                        <lotPlanInfo>
                            <planRegistrationNumber>2160200083</planRegistrationNumber>
                            <planGuid>6f0c2ff7-c295-442c-b0e2-1ef264ed147d</planGuid>
                            <positionNumber>258</positionNumber>
                            <lotPlanPosition>COMMODITY</lotPlanPosition>
                            <positionGuid>0598ceb3-de2d-494a-b61c-703350cea8e8</positionGuid>
                        </lotPlanInfo>
                        <cancelled>false</cancelled>
                    </lot>
                </ns2:lots>
            </ns2:purchaseNoticeEPData>
        </ns2:item>
    </ns2:body>
</ns2:purchaseNoticeEP>
