<?xml version="1.0" encoding="UTF-8" standalone="yes"?>
<ns2:purchaseNoticeEP xsi:schemaLocation="http://zakupki.gov.ru/223/integration/schema/TFF-5.2 http://zakupki.gov.ru/223/integration/schema/TFF-5.2/purchase.xsd" xmlns="http://zakupki.gov.ru/223fz/types/1" xmlns:ns10="http://zakupki.gov.ru/223fz/purchasePlan/1" xmlns:ns11="http://zakupki.gov.ru/223fz/purchasePlanProject/1" xmlns:ns12="http://zakupki.gov.ru/223fz/purchasePlanProjectAdditionalPosition/1" xmlns:ns13="http://zakupki.gov.ru/223fz/contract/1" xmlns:ns14="http://zakupki.gov.ru/223fz/missedNotice/1" xmlns:ns15="http://zakupki.gov.ru/223fz/reference/1" xmlns:ns16="http://zakupki.gov.ru/223fz/stopCommodity/1" xmlns:ns17="http://zakupki.gov.ru/223fz/decisionSuspension/1" xmlns:ns18="http://zakupki.gov.ru/223fz/purchasePlanAdditionalPosition/1" xmlns:ns19="http://zakupki.gov.ru/223fz/webRequest/1" xmlns:ns2="http://zakupki.gov.ru/223fz/purchase/1" xmlns:xsi="http://www.w3.org/2001/XMLSchema-instance" xmlns:ns3="http://zakupki.gov.ru/223fz/dishonestSupplier/1" xmlns:ns4="http://zakupki.gov.ru/223fz/machineryListInfo/1" xmlns:ns5="http://zakupki.gov.ru/223fz/revenue/1" xmlns:ns6="http://zakupki.gov.ru/223fz/orderClauseList/1" xmlns:ns7="http://zakupki.gov.ru/223fz/disagreementProtocol/1" xmlns:ns8="http://zakupki.gov.ru/223fz/complaint/1" xmlns:ns9="http://zakupki.gov.ru/223fz/notificationIssue/1">
    <header>
        <guid>744ce814-f5df-4e46-a1cf-be80e4800f80</guid>
        <createDateTime>2017-03-16T15:57:18</createDateTime>
    </header>
    <ns2:body>
        <ns2:item>
            <guid>3eb6edd3-2450-45ea-9412-8704f967a2f4</guid>
            <ns2:purchaseNoticeEPData>
                <ns2:guid>3eb6edd3-2450-45ea-9412-8704f967a2f4</ns2:guid>
                <ns2:createDateTime>2017-03-16T15:55:54</ns2:createDateTime>
                <ns2:urlOOS>https://zakupki.gov.ru/223/purchase/private/purchase/notice-info/details.html?noticeInfoId=5887142</ns2:urlOOS>
                <ns2:registrationNumber>31704898873</ns2:registrationNumber>
                <ns2:name>Поставка моющих средств для уборки подъездов МКД района Южное Тушино </ns2:name>
                <ns2:customer>
                    <mainInfo>
                        <fullName>ГОСУДАРСТВЕННОЕ БЮДЖЕТНОЕ УЧРЕЖДЕНИЕ ГОРОДА МОСКВЫ "ЖИЛИЩНИК РАЙОНА ЮЖНОЕ ТУШИНО"</fullName>
                        <shortName>ГБУ "ЖИЛИЩНИК РАЙОНА ЮЖНОЕ ТУШИНО"</shortName>
                        <iko>87733902193773301001</iko>
                        <inn>7733902193</inn>
                        <kpp>773301001</kpp>
                        <ogrn>5147746343993</ogrn>
                        <legalAddress>125364, г МОСКВА, ул СВОБОДЫ, дом 42</legalAddress>
                        <postalAddress>125364, Москва Город, Свободы Улица, дом 42</postalAddress>
                        <phone>7-499-4972421</phone>
                        <fax>7-499-4972421</fax>
                        <email>torgi_tushino@mail.ru</email>
                        <okato>45283593000</okato>
                        <okpo>29366124</okpo>
                    </mainInfo>
                </ns2:customer>
                <ns2:purchaseMethodCode>3363</ns2:purchaseMethodCode>
                <ns2:purchaseCodeName>Закупка у единственного поставщика (исполнителя, подрядчика)</ns2:purchaseCodeName>
                <ns2:placer>
                    <mainInfo>
                        <fullName>ГОСУДАРСТВЕННОЕ БЮДЖЕТНОЕ УЧРЕЖДЕНИЕ ГОРОДА МОСКВЫ "ЖИЛИЩНИК РАЙОНА ЮЖНОЕ ТУШИНО"</fullName>
                        <shortName>ГБУ "ЖИЛИЩНИК РАЙОНА ЮЖНОЕ ТУШИНО"</shortName>
                        <iko>87733902193773301001</iko>
                        <inn>7733902193</inn>
                        <kpp>773301001</kpp>
                        <ogrn>5147746343993</ogrn>
                        <legalAddress>125364, г МОСКВА, ул СВОБОДЫ, дом 42</legalAddress>
                        <postalAddress>125364, Москва Город, Свободы Улица, дом 42</postalAddress>
                        <phone>7-499-4972421</phone>
                        <fax>7-499-4972421</fax>
                        <email>torgi_tushino@mail.ru</email>
                        <okato>45283593000</okato>
                        <okpo>29366124</okpo>
                    </mainInfo>
                </ns2:placer>
                <ns2:contact>
                    <phone>+7 (499) 7407880</phone>
                    <email>84959487280@mail.ru</email>
                    <organization>
                        <mainInfo>
                            <fullName>ГОСУДАРСТВЕННОЕ БЮДЖЕТНОЕ УЧРЕЖДЕНИЕ ГОРОДА МОСКВЫ "ЖИЛИЩНИК РАЙОНА ЮЖНОЕ ТУШИНО"</fullName>
                            <shortName>ГБУ "ЖИЛИЩНИК РАЙОНА ЮЖНОЕ ТУШИНО"</shortName>
                            <iko>87733902193773301001</iko>
                            <inn>7733902193</inn>
                            <kpp>773301001</kpp>
                            <ogrn>5147746343993</ogrn>
                            <legalAddress>125364, г МОСКВА, ул СВОБОДЫ, дом 42</legalAddress>
                            <postalAddress>125364, Москва Город, Свободы Улица, дом 42</postalAddress>
                            <phone>7-499-4972421</phone>
                            <fax>7-499-4972421</fax>
                            <email>torgi_tushino@mail.ru</email>
                            <okato>45283593000</okato>
                            <okpo>29366124</okpo>
                        </mainInfo>
                    </organization>
                </ns2:contact>
                <ns2:publicationDateTime>2017-03-16T15:57:18</ns2:publicationDateTime>
                <ns2:documentationDelivery/>
                <ns2:status>P</ns2:status>
                <ns2:version>1</ns2:version>
                <ns2:notDishonest>false</ns2:notDishonest>
                <ns2:attachments>
                    <totalDocumentsCount>1</totalDocumentsCount>
                    <document>
                        <guid>5d7c7121-f8ed-402d-bb8b-60f99e1470b1</guid>
                        <createDateTime>2017-03-16T15:57:05</createDateTime>
                        <fileName>ПЛАН-Закупок.xls</fileName>
                        <description>ПЛАН-Закупок</description>
                        <url>http://zakupki.gov.ru/223/purchase/public/download/download.html?id=30115098</url>
                    </document>
                </ns2:attachments>
                <ns2:modificationDate>2017-03-16T15:57:18</ns2:modificationDate>
                <ns2:saveUserId>214045</ns2:saveUserId>
                <ns2:deliveryPlaceIndication>SINGLE_PLACE</ns2:deliveryPlaceIndication>
                <ns2:emergency>false</ns2:emergency>
                <ns2:jointPurchase>false</ns2:jointPurchase>
                <ns2:lots>
                    <lot>
                        <guid>16ca56ab-06dc-4e48-a6c6-e6556f8a3ae6</guid>
                        <ordinalNumber>1</ordinalNumber>
                        <lotEditEnabled>false</lotEditEnabled>
                        <lotData>
                            <subject>Поставка моющих средств для уборки подъездов МКД района Южное Тушино</subject>
                            <currency>
                                <code>RUB</code>
                                <digitalCode>643</digitalCode>
                                <name>Российский рубль</name>
                            </currency>
                            <initialSum>295800.00</initialSum>
                            <deliveryPlace>
                                <state>Центральный федеральный округ</state>
                                <region>Москва</region>
                                <regionOkato>45000000000</regionOkato>
                                <address>Фабрициуса 9</address>
                            </deliveryPlace>
                            <lotItems>
                                <newCodes>true</newCodes>
                                <lotItem>
                                    <guid>0009e433-24b2-46fd-9f9b-0f269d9ebc88</guid>
                                    <ordinalNumber>1</ordinalNumber>
                                    <okpd2>
                                        <code>20.41.32</code>
                                        <name>Средства моющие и стиральные</name>
                                    </okpd2>
                                    <okved2>
                                        <code>20.41.3</code>
                                        <name>Производство мыла и моющих средств, чистящих и полирующих средств</name>
                                    </okved2>
                                    <okei>
                                        <code>112</code>
                                        <name>Литр; Кубический дециметр</name>
                                    </okei>
                                    <qty>640</qty>
                                </lotItem>
                            </lotItems>
                            <forSmallOrMiddle>false</forSmallOrMiddle>
                            <excludePurchaseFromPlan>false</excludePurchaseFromPlan>
                            <subcontractorsRequirement>false</subcontractorsRequirement>
                            <ignoredPurchase>false</ignoredPurchase>
                            <centralized>false</centralized>
                        </lotData>
                        <deliveryPlaceIndication>GL</deliveryPlaceIndication>
                        <jointLotData>
                            <jointLot>false</jointLot>
                        </jointLotData>
                        <lotPlanInfo>
                            <planRegistrationNumber>2150113040</planRegistrationNumber>
                            <planGuid>3c5c7273-693d-4385-8870-79d8e6bc4c17</planGuid>
                            <positionNumber>126</positionNumber>
                            <lotPlanPosition>COMMODITY</lotPlanPosition>
                            <positionGuid>038bec2a-bbf5-4d62-a1f7-5d896c68a355</positionGuid>
                        </lotPlanInfo>
                        <cancelled>false</cancelled>
                    </lot>
                </ns2:lots>
            </ns2:purchaseNoticeEPData>
        </ns2:item>
    </ns2:body>
</ns2:purchaseNoticeEP>
