<?xml version="1.0" encoding="UTF-8" standalone="yes"?>
<ns2:purchaseNoticeEP xsi:schemaLocation="http://zakupki.gov.ru/223/integration/schema/TFF-5.2 http://zakupki.gov.ru/223/integration/schema/TFF-5.2/purchase.xsd" xmlns="http://zakupki.gov.ru/223fz/types/1" xmlns:ns10="http://zakupki.gov.ru/223fz/purchasePlan/1" xmlns:ns11="http://zakupki.gov.ru/223fz/purchasePlanProject/1" xmlns:ns12="http://zakupki.gov.ru/223fz/purchasePlanProjectAdditionalPosition/1" xmlns:ns13="http://zakupki.gov.ru/223fz/contract/1" xmlns:ns14="http://zakupki.gov.ru/223fz/missedNotice/1" xmlns:ns15="http://zakupki.gov.ru/223fz/reference/1" xmlns:ns16="http://zakupki.gov.ru/223fz/stopCommodity/1" xmlns:ns17="http://zakupki.gov.ru/223fz/decisionSuspension/1" xmlns:ns18="http://zakupki.gov.ru/223fz/purchasePlanAdditionalPosition/1" xmlns:ns19="http://zakupki.gov.ru/223fz/webRequest/1" xmlns:ns2="http://zakupki.gov.ru/223fz/purchase/1" xmlns:xsi="http://www.w3.org/2001/XMLSchema-instance" xmlns:ns3="http://zakupki.gov.ru/223fz/dishonestSupplier/1" xmlns:ns4="http://zakupki.gov.ru/223fz/machineryListInfo/1" xmlns:ns5="http://zakupki.gov.ru/223fz/revenue/1" xmlns:ns6="http://zakupki.gov.ru/223fz/orderClauseList/1" xmlns:ns7="http://zakupki.gov.ru/223fz/disagreementProtocol/1" xmlns:ns8="http://zakupki.gov.ru/223fz/complaint/1" xmlns:ns9="http://zakupki.gov.ru/223fz/notificationIssue/1">
    <header>
        <guid>4fed93d2-a322-4b08-9706-c7d74fd5e1c9</guid>
        <createDateTime>2017-03-16T12:50:14</createDateTime>
    </header>
    <ns2:body>
        <ns2:item>
            <guid>3a4a096c-65f7-4e8b-951d-7b5e15798bdc</guid>
            <ns2:purchaseNoticeEPData>
                <ns2:guid>3a4a096c-65f7-4e8b-951d-7b5e15798bdc</ns2:guid>
                <ns2:createDateTime>2017-03-16T12:49:13</ns2:createDateTime>
                <ns2:urlOOS>https://zakupki.gov.ru/223/purchase/private/purchase/notice-info/details.html?noticeInfoId=5884945</ns2:urlOOS>
                <ns2:registrationNumber>31704897140</ns2:registrationNumber>
                <ns2:name>Оказание услуг по передаче данных (ОАО «Санкт-Петербург Телеком»)</ns2:name>
                <ns2:customer>
                    <mainInfo>
                        <fullName>Общество с ограниченной ответственностью "МультиКарта"</fullName>
                        <shortName>ООО "МультиКарта"</shortName>
                        <iko>67710007966770901001</iko>
                        <inn>7710007966</inn>
                        <kpp>770901001</kpp>
                        <ogrn>1027739116404</ogrn>
                        <legalAddress>109147, Москва, Воронцовская, дом 43, корпус 1</legalAddress>
                        <postalAddress>109147, Москва, Воронцовская, дом 43, корпус 1</postalAddress>
                        <phone>7-812-3318098</phone>
                        <email>sviridenkokn@multicarta.ru</email>
                        <okato>45286580000</okato>
                        <okpo>35242395</okpo>
                    </mainInfo>
                </ns2:customer>
                <ns2:purchaseMethodCode>3363</ns2:purchaseMethodCode>
                <ns2:purchaseCodeName>Закупка у единственного поставщика (исполнителя, подрядчика)</ns2:purchaseCodeName>
                <ns2:placer>
                    <mainInfo>
                        <fullName>Общество с ограниченной ответственностью "МультиКарта"</fullName>
                        <shortName>ООО "МультиКарта"</shortName>
                        <iko>67710007966770901001</iko>
                        <inn>7710007966</inn>
                        <kpp>770901001</kpp>
                        <ogrn>1027739116404</ogrn>
                        <legalAddress>109147, Москва, Воронцовская, дом 43, корпус 1</legalAddress>
                        <postalAddress>109147, Москва, Воронцовская, дом 43, корпус 1</postalAddress>
                        <phone>7-812-3318098</phone>
                        <email>sviridenkokn@multicarta.ru</email>
                        <okato>45286580000</okato>
                        <okpo>35242395</okpo>
                    </mainInfo>
                </ns2:placer>
                <ns2:contact>
                    <phone>+7 (812) 3318098</phone>
                    <email>zakupki@multicarta.ru</email>
                    <organization>
                        <mainInfo>
                            <fullName>Общество с ограниченной ответственностью "МультиКарта"</fullName>
                            <shortName>ООО "МультиКарта"</shortName>
                            <iko>67710007966770901001</iko>
                            <inn>7710007966</inn>
                            <kpp>770901001</kpp>
                            <ogrn>1027739116404</ogrn>
                            <legalAddress>109147, Москва, Воронцовская, дом 43, корпус 1</legalAddress>
                            <postalAddress>109147, Москва, Воронцовская, дом 43, корпус 1</postalAddress>
                            <phone>7-812-3318098</phone>
                            <email>sviridenkokn@multicarta.ru</email>
                            <okato>45286580000</okato>
                            <okpo>35242395</okpo>
                        </mainInfo>
                    </organization>
                </ns2:contact>
                <ns2:publicationDateTime>2017-03-16T12:50:14</ns2:publicationDateTime>
                <ns2:documentationDelivery/>
                <ns2:status>P</ns2:status>
                <ns2:version>1</ns2:version>
                <ns2:notDishonest>true</ns2:notDishonest>
                <ns2:attachments>
                    <totalDocumentsCount>2</totalDocumentsCount>
                    <document>
                        <guid>af5260d3-bbf4-4e24-bb91-398b3e8dcd8f</guid>
                        <createDateTime>2017-03-16T12:49:57</createDateTime>
                        <fileName>Документация №058-2017ДП.docx</fileName>
                        <description>Документация №058-2017/ДП</description>
                        <url>http://zakupki.gov.ru/223/purchase/public/download/download.html?id=30104499</url>
                    </document>
                    <document>
                        <guid>07c17547-f3fe-4cb0-a2dc-4d97d27cae6b</guid>
                        <createDateTime>2017-03-16T12:50:02</createDateTime>
                        <fileName>Проект договора.docx</fileName>
                        <description>Проект договора</description>
                        <url>http://zakupki.gov.ru/223/purchase/public/download/download.html?id=30104502</url>
                    </document>
                </ns2:attachments>
                <ns2:modificationDate>2017-03-16T12:50:14</ns2:modificationDate>
                <ns2:saveUserId>201604</ns2:saveUserId>
                <ns2:deliveryPlaceIndication>DIFFERENT_PLACE</ns2:deliveryPlaceIndication>
                <ns2:emergency>false</ns2:emergency>
                <ns2:jointPurchase>false</ns2:jointPurchase>
                <ns2:lots>
                    <lot>
                        <guid>988bc522-6b5f-4f1d-9e0f-4fa1b17f0062</guid>
                        <ordinalNumber>1</ordinalNumber>
                        <lotEditEnabled>false</lotEditEnabled>
                        <lotData>
                            <subject>Оказание услуг по передаче данных (ОАО 'Санкт-Петербург Телеком')</subject>
                            <currency>
                                <code>RUB</code>
                                <digitalCode>643</digitalCode>
                                <name>Российский рубль</name>
                            </currency>
                            <initialSum>1500000.00</initialSum>
                            <deliveryPlace>
                                <state>Центральный федеральный округ</state>
                                <region>Москва</region>
                                <regionOkato>45000000000</regionOkato>
                                <address>РФ</address>
                            </deliveryPlace>
                            <lotItems>
                                <newCodes>true</newCodes>
                                <lotItem>
                                    <guid>81bfa259-7ad0-4a7d-840f-c021273e5244</guid>
                                    <ordinalNumber>1</ordinalNumber>
                                    <okpd2>
                                        <code>61.20.11</code>
                                        <name>Услуги подвижной связи общего пользования - обеспечение доступа и поддержка пользователя</name>
                                    </okpd2>
                                    <okved2>
                                        <code>61.2</code>
                                        <name>Деятельность в области связи на базе беспроводных технологий</name>
                                    </okved2>
                                    <okei>
                                        <code>642</code>
                                        <name>Единица</name>
                                    </okei>
                                    <qty>1</qty>
                                </lotItem>
                            </lotItems>
                            <forSmallOrMiddle>false</forSmallOrMiddle>
                            <excludePurchaseFromPlan>false</excludePurchaseFromPlan>
                            <subcontractorsRequirement>false</subcontractorsRequirement>
                            <ignoredPurchase>true</ignoredPurchase>
                            <purchaseCategory>
                                <code>21</code>
                                <name>Закупки услуг подвижной радиотелефонной связи</name>
                            </purchaseCategory>
                            <centralized>false</centralized>
                        </lotData>
                        <deliveryPlaceIndication>GL</deliveryPlaceIndication>
                        <jointLotData>
                            <jointLot>false</jointLot>
                        </jointLotData>
                        <lotPlanInfo>
                            <planRegistrationNumber>2160204602</planRegistrationNumber>
                            <planGuid>f008be75-4e0a-2726-fb19-fc2abfbafb91</planGuid>
                            <positionNumber>138</positionNumber>
                            <lotPlanPosition>COMMODITY</lotPlanPosition>
                            <positionGuid>26f5c3f9-998e-9cf2-823b-abcee21452ab</positionGuid>
                        </lotPlanInfo>
                        <cancelled>false</cancelled>
                    </lot>
                </ns2:lots>
            </ns2:purchaseNoticeEPData>
        </ns2:item>
    </ns2:body>
</ns2:purchaseNoticeEP>
