<?xml version="1.0" encoding="UTF-8" standalone="yes"?>
<ns2:purchaseNoticeEP xsi:schemaLocation="http://zakupki.gov.ru/223/integration/schema/TFF-5.2 http://zakupki.gov.ru/223/integration/schema/TFF-5.2/purchase.xsd" xmlns="http://zakupki.gov.ru/223fz/types/1" xmlns:ns10="http://zakupki.gov.ru/223fz/purchasePlan/1" xmlns:ns11="http://zakupki.gov.ru/223fz/purchasePlanProject/1" xmlns:ns12="http://zakupki.gov.ru/223fz/purchasePlanProjectAdditionalPosition/1" xmlns:ns13="http://zakupki.gov.ru/223fz/contract/1" xmlns:ns14="http://zakupki.gov.ru/223fz/missedNotice/1" xmlns:ns15="http://zakupki.gov.ru/223fz/reference/1" xmlns:ns16="http://zakupki.gov.ru/223fz/stopCommodity/1" xmlns:ns17="http://zakupki.gov.ru/223fz/decisionSuspension/1" xmlns:ns18="http://zakupki.gov.ru/223fz/purchasePlanAdditionalPosition/1" xmlns:ns19="http://zakupki.gov.ru/223fz/webRequest/1" xmlns:ns2="http://zakupki.gov.ru/223fz/purchase/1" xmlns:xsi="http://www.w3.org/2001/XMLSchema-instance" xmlns:ns3="http://zakupki.gov.ru/223fz/dishonestSupplier/1" xmlns:ns4="http://zakupki.gov.ru/223fz/machineryListInfo/1" xmlns:ns5="http://zakupki.gov.ru/223fz/revenue/1" xmlns:ns6="http://zakupki.gov.ru/223fz/orderClauseList/1" xmlns:ns7="http://zakupki.gov.ru/223fz/disagreementProtocol/1" xmlns:ns8="http://zakupki.gov.ru/223fz/complaint/1" xmlns:ns9="http://zakupki.gov.ru/223fz/notificationIssue/1">
    <header>
        <guid>a1920ada-c0ac-4889-8e33-b6ba4d3c374d</guid>
        <createDateTime>2017-03-16T15:03:48</createDateTime>
    </header>
    <ns2:body>
        <ns2:item>
            <guid>cac2469e-a9fe-4d99-87dc-bda880b0780a</guid>
            <ns2:purchaseNoticeEPData>
                <ns2:guid>cac2469e-a9fe-4d99-87dc-bda880b0780a</ns2:guid>
                <ns2:createDateTime>2017-03-16T14:59:36</ns2:createDateTime>
                <ns2:urlOOS>https://zakupki.gov.ru/223/purchase/private/purchase/notice-info/details.html?noticeInfoId=5886452</ns2:urlOOS>
                <ns2:registrationNumber>31704898329</ns2:registrationNumber>
                <ns2:name>Оказание услуг по автотранспортному обслуживанию</ns2:name>
                <ns2:customer>
                    <mainInfo>
                        <fullName>Федеральное государственное унитарное предприятие "Предприятие по поставкам продукции Управления делами Президента Российской Федерации"</fullName>
                        <shortName>ФГУП "ППП"</shortName>
                        <iko>57710142570771001001</iko>
                        <inn>7710142570</inn>
                        <kpp>771001001</kpp>
                        <ogrn>1027700045999</ogrn>
                        <legalAddress>125047, Москва, Тверская-Ямская 2-я, дом 16</legalAddress>
                        <postalAddress>125047, г. Москва, ул. 2-я Тверская-Ямская, д.16</postalAddress>
                        <phone>7-499-2503936</phone>
                        <fax>7-499-2501551</fax>
                        <email>postmaster@pppudp.ru</email>
                        <okato>45286585000</okato>
                        <okpo>17664448</okpo>
                    </mainInfo>
                </ns2:customer>
                <ns2:purchaseMethodCode>3363</ns2:purchaseMethodCode>
                <ns2:purchaseCodeName>Закупка у единственного поставщика (исполнителя, подрядчика)</ns2:purchaseCodeName>
                <ns2:placer>
                    <mainInfo>
                        <fullName>Федеральное государственное унитарное предприятие "Предприятие по поставкам продукции Управления делами Президента Российской Федерации"</fullName>
                        <shortName>ФГУП "ППП"</shortName>
                        <iko>57710142570771001001</iko>
                        <inn>7710142570</inn>
                        <kpp>771001001</kpp>
                        <ogrn>1027700045999</ogrn>
                        <legalAddress>125047, Москва, Тверская-Ямская 2-я, дом 16</legalAddress>
                        <postalAddress>125047, г. Москва, ул. 2-я Тверская-Ямская, д.16</postalAddress>
                        <phone>7-499-2503936</phone>
                        <fax>7-499-2501551</fax>
                        <email>postmaster@pppudp.ru</email>
                        <okato>45286585000</okato>
                        <okpo>17664448</okpo>
                    </mainInfo>
                </ns2:placer>
                <ns2:contact>
                    <phone>+7 (499) 2503936</phone>
                    <email>info@pppudp.ru </email>
                    <organization>
                        <mainInfo>
                            <fullName>Федеральное государственное унитарное предприятие "Предприятие по поставкам продукции Управления делами Президента Российской Федерации"</fullName>
                            <shortName>ФГУП "ППП"</shortName>
                            <iko>57710142570771001001</iko>
                            <inn>7710142570</inn>
                            <kpp>771001001</kpp>
                            <ogrn>1027700045999</ogrn>
                            <legalAddress>125047, Москва, Тверская-Ямская 2-я, дом 16</legalAddress>
                            <postalAddress>125047, г. Москва, ул. 2-я Тверская-Ямская, д.16</postalAddress>
                            <phone>7-499-2503936</phone>
                            <fax>7-499-2501551</fax>
                            <email>postmaster@pppudp.ru</email>
                            <okato>45286585000</okato>
                            <okpo>17664448</okpo>
                        </mainInfo>
                    </organization>
                </ns2:contact>
                <ns2:publicationDateTime>2017-03-16T15:03:48</ns2:publicationDateTime>
                <ns2:documentationDelivery/>
                <ns2:status>P</ns2:status>
                <ns2:version>1</ns2:version>
                <ns2:notDishonest>false</ns2:notDishonest>
                <ns2:attachments>
                    <totalDocumentsCount>2</totalDocumentsCount>
                    <document>
                        <guid>010ca95b-ff8f-4ce3-af6e-aceec39a8a1a</guid>
                        <createDateTime>2017-03-16T15:03:18</createDateTime>
                        <fileName>20-03-2017.doc</fileName>
                        <description>20-03-2017</description>
                        <url>http://zakupki.gov.ru/223/purchase/public/download/download.html?id=30111991</url>
                    </document>
                    <document>
                        <guid>c09475d6-5f78-4149-ad98-05f4ac9594be</guid>
                        <createDateTime>2017-03-16T15:03:23</createDateTime>
                        <fileName>проект договора 20-03-2017.docx</fileName>
                        <description>проект договора 20-03-2017</description>
                        <url>http://zakupki.gov.ru/223/purchase/public/download/download.html?id=30111996</url>
                    </document>
                </ns2:attachments>
                <ns2:modificationDate>2017-03-16T15:03:48</ns2:modificationDate>
                <ns2:saveUserId>186789</ns2:saveUserId>
                <ns2:deliveryPlaceIndication>DIFFERENT_PLACE</ns2:deliveryPlaceIndication>
                <ns2:emergency>false</ns2:emergency>
                <ns2:jointPurchase>false</ns2:jointPurchase>
                <ns2:lots>
                    <lot>
                        <guid>f68a208d-8861-4a6f-a283-8b6b4715653b</guid>
                        <ordinalNumber>1</ordinalNumber>
                        <lotEditEnabled>false</lotEditEnabled>
                        <lotData>
                            <subject>Оказание услуг по автотранспортному обслуживанию</subject>
                            <currency>
                                <code>RUB</code>
                                <digitalCode>643</digitalCode>
                                <name>Российский рубль</name>
                            </currency>
                            <initialSum>1038749.28</initialSum>
                            <deliveryPlace>
                                <state>Северо-Кавказский федеральный округ</state>
                                <region>Карачаево-Черкесская   Респ </region>
                                <regionOkato>91000000000</regionOkato>
                                <address>г. Черкесск и Карачаево-Черкесская республика</address>
                            </deliveryPlace>
                            <lotItems>
                                <newCodes>true</newCodes>
                                <lotItem>
                                    <guid>93b6cf0e-e70b-4972-bb56-bc320ff31d7d</guid>
                                    <ordinalNumber>1</ordinalNumber>
                                    <okpd2>
                                        <code>49.39.39.000</code>
                                        <name>Услуги по перевозке пассажиров сухопутным транспортом, не включенные в другие группировки</name>
                                    </okpd2>
                                    <okved2>
                                        <code>49.39.3</code>
                                        <name>Перевозки пассажиров сухопутным транспортом нерегулярные</name>
                                    </okved2>
                                    <okei>
                                        <code>356</code>
                                        <name>Час</name>
                                    </okei>
                                    <qty>2400</qty>
                                </lotItem>
                            </lotItems>
                            <forSmallOrMiddle>false</forSmallOrMiddle>
                            <excludePurchaseFromPlan>false</excludePurchaseFromPlan>
                            <subcontractorsRequirement>false</subcontractorsRequirement>
                            <ignoredPurchase>false</ignoredPurchase>
                            <centralized>false</centralized>
                        </lotData>
                        <deliveryPlaceIndication>GL</deliveryPlaceIndication>
                        <jointLotData>
                            <jointLot>false</jointLot>
                        </jointLotData>
                        <cancelled>false</cancelled>
                    </lot>
                </ns2:lots>
            </ns2:purchaseNoticeEPData>
        </ns2:item>
    </ns2:body>
</ns2:purchaseNoticeEP>
