<?xml version="1.0" encoding="UTF-8" standalone="yes"?>
<ns2:purchaseNoticeEP xsi:schemaLocation="http://zakupki.gov.ru/223/integration/schema/TFF-5.2 http://zakupki.gov.ru/223/integration/schema/TFF-5.2/purchase.xsd" xmlns="http://zakupki.gov.ru/223fz/types/1" xmlns:ns10="http://zakupki.gov.ru/223fz/purchasePlan/1" xmlns:ns11="http://zakupki.gov.ru/223fz/purchasePlanProject/1" xmlns:ns12="http://zakupki.gov.ru/223fz/purchasePlanProjectAdditionalPosition/1" xmlns:ns13="http://zakupki.gov.ru/223fz/contract/1" xmlns:ns14="http://zakupki.gov.ru/223fz/missedNotice/1" xmlns:ns15="http://zakupki.gov.ru/223fz/reference/1" xmlns:ns16="http://zakupki.gov.ru/223fz/stopCommodity/1" xmlns:ns17="http://zakupki.gov.ru/223fz/decisionSuspension/1" xmlns:ns18="http://zakupki.gov.ru/223fz/purchasePlanAdditionalPosition/1" xmlns:ns19="http://zakupki.gov.ru/223fz/webRequest/1" xmlns:ns2="http://zakupki.gov.ru/223fz/purchase/1" xmlns:xsi="http://www.w3.org/2001/XMLSchema-instance" xmlns:ns3="http://zakupki.gov.ru/223fz/dishonestSupplier/1" xmlns:ns4="http://zakupki.gov.ru/223fz/machineryListInfo/1" xmlns:ns5="http://zakupki.gov.ru/223fz/revenue/1" xmlns:ns6="http://zakupki.gov.ru/223fz/orderClauseList/1" xmlns:ns7="http://zakupki.gov.ru/223fz/disagreementProtocol/1" xmlns:ns8="http://zakupki.gov.ru/223fz/complaint/1" xmlns:ns9="http://zakupki.gov.ru/223fz/notificationIssue/1">
    <header>
        <guid>8158d7c4-8d04-4f81-9b50-d4652c1f553e</guid>
        <createDateTime>2017-03-16T15:59:17</createDateTime>
    </header>
    <ns2:body>
        <ns2:item>
            <guid>7a9888ea-fb0a-1ed7-82c9-0772d5b4837f</guid>
            <ns2:purchaseNoticeEPData>
                <ns2:guid>7a9888ea-fb0a-1ed7-82c9-0772d5b4837f</ns2:guid>
                <ns2:createDateTime>2017-03-16T15:58:26</ns2:createDateTime>
                <ns2:urlOOS>https://zakupki.gov.ru/223/purchase/private/purchase/notice-info/details.html?noticeInfoId=5887167</ns2:urlOOS>
                <ns2:urlVSRZ>ЕОС-Закупки</ns2:urlVSRZ>
                <ns2:registrationNumber>31704898886</ns2:registrationNumber>
                <ns2:name>Микросхемы 5559,1986, 1645</ns2:name>
                <ns2:customer>
                    <mainInfo>
                        <fullName>ФЕДЕРАЛЬНОЕ ГОСУДАРСТВЕННОЕ УНИТАРНОЕ ПРЕДПРИЯТИЕ "ВСЕРОССИЙСКИЙ НАУЧНО-ИССЛЕДОВАТЕЛЬСКИЙ ИНСТИТУТ АВТОМАТИКИ ИМ.Н.Л.ДУХОВА"</fullName>
                        <shortName>ФГУП "ВНИИА"</shortName>
                        <iko>57707074137770701001</iko>
                        <inn>7707074137</inn>
                        <kpp>770701001</kpp>
                        <ogrn>1027739646164</ogrn>
                        <legalAddress>127055, г МОСКВА, ул СУЩЕВСКАЯ, дом 22</legalAddress>
                        <postalAddress>127055, г. Москва, Сущевская ул., д. 22</postalAddress>
                        <phone>7-499-9728427</phone>
                        <fax>7-499-9784472</fax>
                        <email>zakupki@vniia.ru</email>
                        <okato>45286585000</okato>
                        <okpo>07623885</okpo>
                    </mainInfo>
                </ns2:customer>
                <ns2:purchaseMethodCode>3363</ns2:purchaseMethodCode>
                <ns2:purchaseCodeName>Закупка у единственного поставщика (исполнителя, подрядчика)</ns2:purchaseCodeName>
                <ns2:placer>
                    <mainInfo>
                        <fullName>ФЕДЕРАЛЬНОЕ ГОСУДАРСТВЕННОЕ УНИТАРНОЕ ПРЕДПРИЯТИЕ "ВСЕРОССИЙСКИЙ НАУЧНО-ИССЛЕДОВАТЕЛЬСКИЙ ИНСТИТУТ АВТОМАТИКИ ИМ.Н.Л.ДУХОВА"</fullName>
                        <shortName>ФГУП "ВНИИА"</shortName>
                        <iko>57707074137770701001</iko>
                        <inn>7707074137</inn>
                        <kpp>770701001</kpp>
                        <ogrn>1027739646164</ogrn>
                        <legalAddress>127055, г МОСКВА, ул СУЩЕВСКАЯ, дом 22</legalAddress>
                        <postalAddress>127055, г. Москва, Сущевская ул., д. 22</postalAddress>
                        <phone>7-499-9728427</phone>
                        <fax>7-499-9784472</fax>
                        <email>zakupki@vniia.ru</email>
                        <okato>45286585000</okato>
                        <okpo>07623885</okpo>
                    </mainInfo>
                </ns2:placer>
                <ns2:contact>
                    <phone>+8 (499) 9787803</phone>
                    <fax>+8 (499) 9787803</fax>
                    <email>vniia@vniia.ru</email>
                    <organization>
                        <mainInfo>
                            <fullName>ФЕДЕРАЛЬНОЕ ГОСУДАРСТВЕННОЕ УНИТАРНОЕ ПРЕДПРИЯТИЕ "ВСЕРОССИЙСКИЙ НАУЧНО-ИССЛЕДОВАТЕЛЬСКИЙ ИНСТИТУТ АВТОМАТИКИ ИМ.Н.Л.ДУХОВА"</fullName>
                            <shortName>ФГУП "ВНИИА"</shortName>
                            <iko>57707074137770701001</iko>
                            <inn>7707074137</inn>
                            <kpp>770701001</kpp>
                            <ogrn>1027739646164</ogrn>
                            <legalAddress>127055, г МОСКВА, ул СУЩЕВСКАЯ, дом 22</legalAddress>
                            <postalAddress>127055, г. Москва, Сущевская ул., д. 22</postalAddress>
                            <phone>7-499-9728427</phone>
                            <fax>7-499-9784472</fax>
                            <email>zakupki@vniia.ru</email>
                            <okato>45286585000</okato>
                            <okpo>07623885</okpo>
                        </mainInfo>
                    </organization>
                </ns2:contact>
                <ns2:publicationDateTime>2017-03-16T15:59:17</ns2:publicationDateTime>
                <ns2:documentationDelivery/>
                <ns2:status>P</ns2:status>
                <ns2:version>1</ns2:version>
                <ns2:notDishonest>false</ns2:notDishonest>
                <ns2:attachments>
                    <totalDocumentsCount>2</totalDocumentsCount>
                    <document>
                        <guid>2220fc00-0d0b-1ed7-82c8-fa8ede860dd9</guid>
                        <createDateTime>2017-03-16T12:55:28</createDateTime>
                        <fileName>printing_form (19).doc</fileName>
                        <description>printing_form (19)</description>
                        <url>http://zakupki.gov.ru/223/purchase/public/download/download.html?id=30115143</url>
                    </document>
                    <document>
                        <guid>2220fc00-0d0b-1ed7-82c8-fd4ec2f44d88</guid>
                        <createDateTime>2017-03-16T12:56:05</createDateTime>
                        <fileName>счет.pdf</fileName>
                        <description>счет</description>
                        <url>http://zakupki.gov.ru/223/purchase/public/download/download.html?id=30115144</url>
                    </document>
                </ns2:attachments>
                <ns2:modificationDate>2017-03-16T15:59:17</ns2:modificationDate>
                <ns2:saveUserId>133405</ns2:saveUserId>
                <ns2:deliveryPlaceIndication>DIFFERENT_PLACE</ns2:deliveryPlaceIndication>
                <ns2:emergency>false</ns2:emergency>
                <ns2:jointPurchase>false</ns2:jointPurchase>
                <ns2:lots>
                    <lot>
                        <guid>7a9888ea-fb0a-1ed7-82c8-46448fcf0816</guid>
                        <ordinalNumber>1</ordinalNumber>
                        <lotEditEnabled>true</lotEditEnabled>
                        <lotData>
                            <subject>Микросхемы 5559,1986, 1645</subject>
                            <currency>
                                <code>RUB</code>
                                <digitalCode>643</digitalCode>
                                <name>Российский рубль</name>
                            </currency>
                            <initialSum>683923.28</initialSum>
                            <deliveryPlace>
                                <state>Центральный федеральный округ</state>
                                <region>Москва</region>
                                <regionOkato>45000000000</regionOkato>
                                <address>127055, г.Москва, ул.Сущевская, д.22
</address>
                            </deliveryPlace>
                            <lotItems>
                                <newCodes>true</newCodes>
                                <lotItem>
                                    <guid>7a9888ea-fb0a-1ed7-82c8-46a1864cc816</guid>
                                    <ordinalNumber>1</ordinalNumber>
                                    <okpd2>
                                        <code>26.11.30.000</code>
                                        <name>Схемы интегральные электронные</name>
                                    </okpd2>
                                    <okved2>
                                        <code>26.11.3</code>
                                        <name>Производство интегральных электронных схем</name>
                                    </okved2>
                                    <okei>
                                        <code>839</code>
                                        <name>Комплект</name>
                                    </okei>
                                    <qty>1</qty>
                                </lotItem>
                            </lotItems>
                            <forSmallOrMiddle>false</forSmallOrMiddle>
                            <excludePurchaseFromPlan>false</excludePurchaseFromPlan>
                            <subcontractorsRequirement>false</subcontractorsRequirement>
                            <ignoredPurchase>false</ignoredPurchase>
                            <centralized>false</centralized>
                        </lotData>
                        <deliveryPlaceIndication>GL</deliveryPlaceIndication>
                        <jointLotData>
                            <jointLot>false</jointLot>
                        </jointLotData>
                        <lotPlanInfo>
                            <planRegistrationNumber>2160214547</planRegistrationNumber>
                            <planGuid>0addd403-d90a-1ee7-82c2-e49484b2888f</planGuid>
                            <positionNumber>1151600274</positionNumber>
                            <lotPlanPosition>COMMODITY</lotPlanPosition>
                            <positionGuid>0addd011-6b0b-1ed7-8294-6e6dd1160bff</positionGuid>
                        </lotPlanInfo>
                        <cancelled>false</cancelled>
                    </lot>
                </ns2:lots>
            </ns2:purchaseNoticeEPData>
        </ns2:item>
    </ns2:body>
</ns2:purchaseNoticeEP>
