<?xml version="1.0" encoding="UTF-8" standalone="yes"?>
<ns2:purchaseNoticeEP xsi:schemaLocation="http://zakupki.gov.ru/223/integration/schema/TFF-5.2 http://zakupki.gov.ru/223/integration/schema/TFF-5.2/purchase.xsd" xmlns="http://zakupki.gov.ru/223fz/types/1" xmlns:ns10="http://zakupki.gov.ru/223fz/purchasePlan/1" xmlns:ns11="http://zakupki.gov.ru/223fz/purchasePlanProject/1" xmlns:ns12="http://zakupki.gov.ru/223fz/purchasePlanProjectAdditionalPosition/1" xmlns:ns13="http://zakupki.gov.ru/223fz/contract/1" xmlns:ns14="http://zakupki.gov.ru/223fz/missedNotice/1" xmlns:ns15="http://zakupki.gov.ru/223fz/reference/1" xmlns:ns16="http://zakupki.gov.ru/223fz/stopCommodity/1" xmlns:ns17="http://zakupki.gov.ru/223fz/decisionSuspension/1" xmlns:ns18="http://zakupki.gov.ru/223fz/purchasePlanAdditionalPosition/1" xmlns:ns19="http://zakupki.gov.ru/223fz/webRequest/1" xmlns:ns2="http://zakupki.gov.ru/223fz/purchase/1" xmlns:xsi="http://www.w3.org/2001/XMLSchema-instance" xmlns:ns3="http://zakupki.gov.ru/223fz/dishonestSupplier/1" xmlns:ns4="http://zakupki.gov.ru/223fz/machineryListInfo/1" xmlns:ns5="http://zakupki.gov.ru/223fz/revenue/1" xmlns:ns6="http://zakupki.gov.ru/223fz/orderClauseList/1" xmlns:ns7="http://zakupki.gov.ru/223fz/disagreementProtocol/1" xmlns:ns8="http://zakupki.gov.ru/223fz/complaint/1" xmlns:ns9="http://zakupki.gov.ru/223fz/notificationIssue/1">
    <header>
        <guid>9b67e7cf-b13f-4b35-9ad9-567b18419bff</guid>
        <createDateTime>2017-03-16T16:22:41</createDateTime>
    </header>
    <ns2:body>
        <ns2:item>
            <guid>89881965-ee32-4e01-bd04-d0b4dbb6493b</guid>
            <ns2:purchaseNoticeEPData>
                <ns2:guid>89881965-ee32-4e01-bd04-d0b4dbb6493b</ns2:guid>
                <ns2:createDateTime>2017-03-16T16:21:09</ns2:createDateTime>
                <ns2:urlOOS>https://zakupki.gov.ru/223/purchase/private/purchase/notice-info/details.html?noticeInfoId=5887446</ns2:urlOOS>
                <ns2:registrationNumber>31704899139</ns2:registrationNumber>
                <ns2:name>Открытая закупка у единственного исполнителя на право заключения договора аренды помещения, расположенного по адресу: Московская область, г. Балашиха, ул. Карбышева, д. 1, для размещения оборудования связи ПАО «Центральный телеграф»</ns2:name>
                <ns2:customer>
                    <mainInfo>
                        <fullName>ПУБЛИЧНОЕ АКЦИОНЕРНОЕ ОБЩЕСТВО "ЦЕНТРАЛЬНЫЙ ТЕЛЕГРАФ"</fullName>
                        <shortName>ПАО "ЦЕНТРАЛЬНЫЙ ТЕЛЕГРАФ"</shortName>
                        <iko>57710146208771001001</iko>
                        <inn>7710146208</inn>
                        <kpp>771001001</kpp>
                        <ogrn>1027739044189</ogrn>
                        <legalAddress>125375, г МОСКВА, ул ТВЕРСКАЯ, дом 7</legalAddress>
                        <postalAddress>125375, Москва, Тверская, дом 7</postalAddress>
                        <phone>7-495-5043830</phone>
                        <email>vbabkin@ct.cnt.ru</email>
                        <okato>45286585000</okato>
                        <okpo>01134091</okpo>
                    </mainInfo>
                </ns2:customer>
                <ns2:purchaseMethodCode>3363</ns2:purchaseMethodCode>
                <ns2:purchaseCodeName>Закупка у единственного поставщика (исполнителя, подрядчика)</ns2:purchaseCodeName>
                <ns2:placer>
                    <mainInfo>
                        <fullName>ПУБЛИЧНОЕ АКЦИОНЕРНОЕ ОБЩЕСТВО "ЦЕНТРАЛЬНЫЙ ТЕЛЕГРАФ"</fullName>
                        <shortName>ПАО "ЦЕНТРАЛЬНЫЙ ТЕЛЕГРАФ"</shortName>
                        <iko>57710146208771001001</iko>
                        <inn>7710146208</inn>
                        <kpp>771001001</kpp>
                        <ogrn>1027739044189</ogrn>
                        <legalAddress>125375, г МОСКВА, ул ТВЕРСКАЯ, дом 7</legalAddress>
                        <postalAddress>125375, Москва, Тверская, дом 7</postalAddress>
                        <phone>7-495-5043830</phone>
                        <email>vbabkin@ct.cnt.ru</email>
                        <okato>45286585000</okato>
                        <okpo>01134091</okpo>
                    </mainInfo>
                </ns2:placer>
                <ns2:contact>
                    <phone>+7 (495) 5044463</phone>
                    <email>YMetelkova@ct.cnt.ru</email>
                    <organization>
                        <mainInfo>
                            <fullName>ПУБЛИЧНОЕ АКЦИОНЕРНОЕ ОБЩЕСТВО "ЦЕНТРАЛЬНЫЙ ТЕЛЕГРАФ"</fullName>
                            <shortName>ПАО "ЦЕНТРАЛЬНЫЙ ТЕЛЕГРАФ"</shortName>
                            <iko>57710146208771001001</iko>
                            <inn>7710146208</inn>
                            <kpp>771001001</kpp>
                            <ogrn>1027739044189</ogrn>
                            <legalAddress>125375, г МОСКВА, ул ТВЕРСКАЯ, дом 7</legalAddress>
                            <postalAddress>125375, Москва, Тверская, дом 7</postalAddress>
                            <phone>7-495-5043830</phone>
                            <email>vbabkin@ct.cnt.ru</email>
                            <okato>45286585000</okato>
                            <okpo>01134091</okpo>
                        </mainInfo>
                    </organization>
                </ns2:contact>
                <ns2:publicationDateTime>2017-03-16T16:22:41</ns2:publicationDateTime>
                <ns2:documentationDelivery/>
                <ns2:status>P</ns2:status>
                <ns2:version>1</ns2:version>
                <ns2:notDishonest>true</ns2:notDishonest>
                <ns2:attachments>
                    <totalDocumentsCount>1</totalDocumentsCount>
                    <document>
                        <guid>c0f1b66b-671e-4d18-bc7c-38f37d21ecaa</guid>
                        <createDateTime>2017-03-16T16:22:25</createDateTime>
                        <fileName>Извещение и Закупочная документация.pdf</fileName>
                        <description>Извещение и Закупочная документация</description>
                        <url>http://zakupki.gov.ru/223/purchase/public/download/download.html?id=30116479</url>
                    </document>
                </ns2:attachments>
                <ns2:modificationDate>2017-03-16T16:22:41</ns2:modificationDate>
                <ns2:saveUserId>119245</ns2:saveUserId>
                <ns2:deliveryPlaceIndication>SINGLE_PLACE</ns2:deliveryPlaceIndication>
                <ns2:emergency>false</ns2:emergency>
                <ns2:jointPurchase>false</ns2:jointPurchase>
                <ns2:lots>
                    <lot>
                        <guid>fcae5782-d12b-44a9-aaae-10aa3d6e1662</guid>
                        <ordinalNumber>1</ordinalNumber>
                        <lotEditEnabled>false</lotEditEnabled>
                        <lotData>
                            <subject>Аренда нежилого помещения (МО, г. Балашиха, ул. Карбышева, д. 1)</subject>
                            <currency>
                                <code>RUB</code>
                                <digitalCode>643</digitalCode>
                                <name>Российский рубль</name>
                            </currency>
                            <initialSum>110000.00</initialSum>
                            <deliveryPlace>
                                <state>Центральный федеральный округ</state>
                                <region>Московская   обл</region>
                                <regionOkato>46000000000</regionOkato>
                                <address>В соответствии с документацией</address>
                            </deliveryPlace>
                            <lotItems>
                                <newCodes>true</newCodes>
                                <lotItem>
                                    <guid>f69ac787-8ceb-47ac-8b29-909b9daff901</guid>
                                    <ordinalNumber>1</ordinalNumber>
                                    <okpd2>
                                        <code>68.20.12.000</code>
                                        <name>Услуги по сдаче в аренду (внаем) собственных или арендованных нежилых помещений</name>
                                    </okpd2>
                                    <okved2>
                                        <code>68.20.2</code>
                                        <name>Аренда и управление собственным или арендованным нежилым недвижимым имуществом</name>
                                    </okved2>
                                    <okei>
                                        <code>876</code>
                                        <name>Условная единица</name>
                                    </okei>
                                    <qty>1</qty>
                                </lotItem>
                            </lotItems>
                            <forSmallOrMiddle>false</forSmallOrMiddle>
                            <excludePurchaseFromPlan>false</excludePurchaseFromPlan>
                            <subcontractorsRequirement>false</subcontractorsRequirement>
                            <ignoredPurchase>true</ignoredPurchase>
                            <purchaseCategory>
                                <code>11</code>
                                <name>Закупки, предметом которых является аренда и (или) приобретение в собственность объектов недвижимого имущества</name>
                            </purchaseCategory>
                            <centralized>false</centralized>
                        </lotData>
                        <deliveryPlaceIndication>GL</deliveryPlaceIndication>
                        <jointLotData>
                            <jointLot>false</jointLot>
                        </jointLotData>
                        <lotPlanInfo>
                            <planRegistrationNumber>2160198142</planRegistrationNumber>
                            <planGuid>6e7e317a-8cde-cba4-1189-f3b23c2aab0e</planGuid>
                            <positionNumber>45</positionNumber>
                            <lotPlanPosition>COMMODITY</lotPlanPosition>
                            <positionGuid>cad482b2-c074-559a-d0fd-0334be13e165</positionGuid>
                        </lotPlanInfo>
                        <cancelled>false</cancelled>
                    </lot>
                </ns2:lots>
            </ns2:purchaseNoticeEPData>
        </ns2:item>
    </ns2:body>
</ns2:purchaseNoticeEP>
