<?xml version="1.0" encoding="UTF-8" standalone="yes"?>
<ns2:purchaseNoticeEP xsi:schemaLocation="http://zakupki.gov.ru/223/integration/schema/TFF-5.2 http://zakupki.gov.ru/223/integration/schema/TFF-5.2/purchase.xsd" xmlns="http://zakupki.gov.ru/223fz/types/1" xmlns:ns10="http://zakupki.gov.ru/223fz/purchasePlan/1" xmlns:ns11="http://zakupki.gov.ru/223fz/purchasePlanProject/1" xmlns:ns12="http://zakupki.gov.ru/223fz/purchasePlanProjectAdditionalPosition/1" xmlns:ns13="http://zakupki.gov.ru/223fz/contract/1" xmlns:ns14="http://zakupki.gov.ru/223fz/missedNotice/1" xmlns:ns15="http://zakupki.gov.ru/223fz/reference/1" xmlns:ns16="http://zakupki.gov.ru/223fz/stopCommodity/1" xmlns:ns17="http://zakupki.gov.ru/223fz/decisionSuspension/1" xmlns:ns18="http://zakupki.gov.ru/223fz/purchasePlanAdditionalPosition/1" xmlns:ns19="http://zakupki.gov.ru/223fz/webRequest/1" xmlns:ns2="http://zakupki.gov.ru/223fz/purchase/1" xmlns:xsi="http://www.w3.org/2001/XMLSchema-instance" xmlns:ns3="http://zakupki.gov.ru/223fz/dishonestSupplier/1" xmlns:ns4="http://zakupki.gov.ru/223fz/machineryListInfo/1" xmlns:ns5="http://zakupki.gov.ru/223fz/revenue/1" xmlns:ns6="http://zakupki.gov.ru/223fz/orderClauseList/1" xmlns:ns7="http://zakupki.gov.ru/223fz/disagreementProtocol/1" xmlns:ns8="http://zakupki.gov.ru/223fz/complaint/1" xmlns:ns9="http://zakupki.gov.ru/223fz/notificationIssue/1">
    <header>
        <guid>4f702a44-ecc1-475e-9538-0aea7679781c</guid>
        <createDateTime>2017-03-16T16:23:45</createDateTime>
    </header>
    <ns2:body>
        <ns2:item>
            <guid>d4705bff-b56a-4af7-aa7f-52b9a9541eb6</guid>
            <ns2:purchaseNoticeEPData>
                <ns2:guid>d4705bff-b56a-4af7-aa7f-52b9a9541eb6</ns2:guid>
                <ns2:createDateTime>2017-03-16T16:15:23</ns2:createDateTime>
                <ns2:urlOOS>https://zakupki.gov.ru/223/purchase/private/purchase/notice-info/details.html?noticeInfoId=5887379</ns2:urlOOS>
                <ns2:registrationNumber>31704899155</ns2:registrationNumber>
                <ns2:name>Организовать пребывание медицинских работников в Южной Корее </ns2:name>
                <ns2:customer>
                    <mainInfo>
                        <fullName>Государственное унитарное предприятие города Москвы "Московский центр международного сотрудничества"</fullName>
                        <shortName>ГУП "МЦМС"</shortName>
                        <iko>57704243852770101001</iko>
                        <inn>7704243852</inn>
                        <kpp>770101001</kpp>
                        <ogrn>1027704002468</ogrn>
                        <legalAddress>105005, Москва, Бауманская, дом 68/8, корпус СТР.1</legalAddress>
                        <postalAddress>105005, Москва г., Бауманская ул., дом 68/8, строение 1</postalAddress>
                        <phone>7-499-2655243</phone>
                        <fax>7-499-2655243</fax>
                        <email>admin@mcms.ru</email>
                        <okato>45286555000</okato>
                        <okpo>58738561</okpo>
                    </mainInfo>
                </ns2:customer>
                <ns2:purchaseMethodCode>3363</ns2:purchaseMethodCode>
                <ns2:purchaseCodeName>Закупка у единственного поставщика (исполнителя, подрядчика)</ns2:purchaseCodeName>
                <ns2:placer>
                    <mainInfo>
                        <fullName>Государственное унитарное предприятие города Москвы "Московский центр международного сотрудничества"</fullName>
                        <shortName>ГУП "МЦМС"</shortName>
                        <iko>57704243852770101001</iko>
                        <inn>7704243852</inn>
                        <kpp>770101001</kpp>
                        <ogrn>1027704002468</ogrn>
                        <legalAddress>105005, Москва, Бауманская, дом 68/8, корпус СТР.1</legalAddress>
                        <postalAddress>105005, Москва г., Бауманская ул., дом 68/8, строение 1</postalAddress>
                        <phone>7-499-2655243</phone>
                        <fax>7-499-2655243</fax>
                        <email>admin@mcms.ru</email>
                        <okato>45286555000</okato>
                        <okpo>58738561</okpo>
                    </mainInfo>
                </ns2:placer>
                <ns2:contact>
                    <phone>+7 (499) 2655243</phone>
                    <email>askme@mcms.ru</email>
                    <organization>
                        <mainInfo>
                            <fullName>Государственное унитарное предприятие города Москвы "Московский центр международного сотрудничества"</fullName>
                            <shortName>ГУП "МЦМС"</shortName>
                            <iko>57704243852770101001</iko>
                            <inn>7704243852</inn>
                            <kpp>770101001</kpp>
                            <ogrn>1027704002468</ogrn>
                            <legalAddress>105005, Москва, Бауманская, дом 68/8, корпус СТР.1</legalAddress>
                            <postalAddress>105005, Москва г., Бауманская ул., дом 68/8, строение 1</postalAddress>
                            <phone>7-499-2655243</phone>
                            <fax>7-499-2655243</fax>
                            <email>admin@mcms.ru</email>
                            <okato>45286555000</okato>
                            <okpo>58738561</okpo>
                        </mainInfo>
                    </organization>
                </ns2:contact>
                <ns2:publicationDateTime>2017-03-16T16:23:45</ns2:publicationDateTime>
                <ns2:documentationDelivery/>
                <ns2:status>P</ns2:status>
                <ns2:version>1</ns2:version>
                <ns2:notDishonest>false</ns2:notDishonest>
                <ns2:attachments>
                    <totalDocumentsCount>1</totalDocumentsCount>
                    <document>
                        <guid>e204efa2-8044-4227-8fc5-84e971dc7599</guid>
                        <createDateTime>2017-03-16T16:16:33</createDateTime>
                        <fileName>Информация.pdf</fileName>
                        <description>Информация</description>
                        <url>http://zakupki.gov.ru/223/purchase/public/download/download.html?id=30116186</url>
                    </document>
                </ns2:attachments>
                <ns2:modificationDate>2017-03-16T16:23:45</ns2:modificationDate>
                <ns2:saveUserId>251338</ns2:saveUserId>
                <ns2:deliveryPlaceIndication>SINGLE_PLACE</ns2:deliveryPlaceIndication>
                <ns2:emergency>false</ns2:emergency>
                <ns2:jointPurchase>false</ns2:jointPurchase>
                <ns2:lots>
                    <lot>
                        <guid>a1bbf591-a7f5-4baa-9099-1d5966ca52db</guid>
                        <ordinalNumber>1</ordinalNumber>
                        <lotEditEnabled>false</lotEditEnabled>
                        <lotData>
                            <subject>Организовать пребывание медицинских работников в Южной Корее</subject>
                            <currency>
                                <code>RUB</code>
                                <digitalCode>643</digitalCode>
                                <name>Российский рубль</name>
                            </currency>
                            <initialSum>1135083.00</initialSum>
                            <deliveryPlace>
                                <state>Центральный федеральный округ</state>
                                <region>Москва</region>
                                <regionOkato>45000000000</regionOkato>
                                <address>105005, г. Москва, ул. Бауманская, 68/8, стр.1</address>
                            </deliveryPlace>
                            <lotItems>
                                <newCodes>true</newCodes>
                                <lotItem>
                                    <guid>869c9cc1-6146-4a87-ab30-ad487f4d9a86</guid>
                                    <ordinalNumber>1</ordinalNumber>
                                    <okpd2>
                                        <code>79.90</code>
                                        <name>Услуги по бронированию и взаимосвязанные услуги прочие</name>
                                    </okpd2>
                                    <okved2>
                                        <code>79.9</code>
                                        <name>Услуги по бронированию прочие и сопутствующая деятельность</name>
                                    </okved2>
                                    <okei>
                                        <code>876</code>
                                        <name>Условная единица</name>
                                    </okei>
                                    <qty>1</qty>
                                </lotItem>
                            </lotItems>
                            <forSmallOrMiddle>false</forSmallOrMiddle>
                            <excludePurchaseFromPlan>false</excludePurchaseFromPlan>
                            <subcontractorsRequirement>false</subcontractorsRequirement>
                            <ignoredPurchase>false</ignoredPurchase>
                            <centralized>false</centralized>
                        </lotData>
                        <deliveryPlaceIndication>GL</deliveryPlaceIndication>
                        <jointLotData>
                            <jointLot>false</jointLot>
                        </jointLotData>
                        <lotPlanInfo>
                            <planRegistrationNumber>2170226515</planRegistrationNumber>
                            <planGuid>e6089d1b-f8a5-418f-a791-17f5aec9124a</planGuid>
                            <positionNumber>79</positionNumber>
                            <lotPlanPosition>COMMODITY</lotPlanPosition>
                            <positionGuid>adbf03f2-3942-49bb-8761-b2bf0ec53854</positionGuid>
                        </lotPlanInfo>
                        <cancelled>false</cancelled>
                    </lot>
                </ns2:lots>
            </ns2:purchaseNoticeEPData>
        </ns2:item>
    </ns2:body>
</ns2:purchaseNoticeEP>
