<?xml version="1.0" encoding="UTF-8" standalone="yes"?>
<ns2:purchaseNoticeEP xsi:schemaLocation="http://zakupki.gov.ru/223/integration/schema/TFF-5.2 http://zakupki.gov.ru/223/integration/schema/TFF-5.2/purchase.xsd" xmlns="http://zakupki.gov.ru/223fz/types/1" xmlns:ns10="http://zakupki.gov.ru/223fz/purchasePlan/1" xmlns:ns11="http://zakupki.gov.ru/223fz/purchasePlanProject/1" xmlns:ns12="http://zakupki.gov.ru/223fz/purchasePlanProjectAdditionalPosition/1" xmlns:ns13="http://zakupki.gov.ru/223fz/contract/1" xmlns:ns14="http://zakupki.gov.ru/223fz/missedNotice/1" xmlns:ns15="http://zakupki.gov.ru/223fz/reference/1" xmlns:ns16="http://zakupki.gov.ru/223fz/stopCommodity/1" xmlns:ns17="http://zakupki.gov.ru/223fz/decisionSuspension/1" xmlns:ns18="http://zakupki.gov.ru/223fz/purchasePlanAdditionalPosition/1" xmlns:ns19="http://zakupki.gov.ru/223fz/webRequest/1" xmlns:ns2="http://zakupki.gov.ru/223fz/purchase/1" xmlns:xsi="http://www.w3.org/2001/XMLSchema-instance" xmlns:ns3="http://zakupki.gov.ru/223fz/dishonestSupplier/1" xmlns:ns4="http://zakupki.gov.ru/223fz/machineryListInfo/1" xmlns:ns5="http://zakupki.gov.ru/223fz/revenue/1" xmlns:ns6="http://zakupki.gov.ru/223fz/orderClauseList/1" xmlns:ns7="http://zakupki.gov.ru/223fz/disagreementProtocol/1" xmlns:ns8="http://zakupki.gov.ru/223fz/complaint/1" xmlns:ns9="http://zakupki.gov.ru/223fz/notificationIssue/1">
    <header>
        <guid>a6fd5617-311d-4f3f-852d-a78a3e8b8c86</guid>
        <createDateTime>2017-03-16T20:59:08</createDateTime>
    </header>
    <ns2:body>
        <ns2:item>
            <guid>7b3ed645-d5c8-40f0-9d05-c98961c6589d</guid>
            <ns2:purchaseNoticeEPData>
                <ns2:guid>7b3ed645-d5c8-40f0-9d05-c98961c6589d</ns2:guid>
                <ns2:createDateTime>2017-03-16T20:52:43</ns2:createDateTime>
                <ns2:urlOOS>https://zakupki.gov.ru/223/purchase/private/purchase/notice-info/details.html?noticeInfoId=5888490</ns2:urlOOS>
                <ns2:registrationNumber>31704900103</ns2:registrationNumber>
                <ns2:name>Выполнение составной части опытно-конструкторской работы по теме: «Подготовка опытного производства для изготовления опытных образцов возимого навигационно-связного терминала, изготовление опытных образцов, участие в их испытаниях и корректировка РКД на опытные образцы по результатам изготовления и испытаний», шифр  «Элемент-Поток РС-ОО ВНСТ»</ns2:name>
                <ns2:customer>
                    <mainInfo>
                        <fullName>ФЕДЕРАЛЬНОЕ ГОСУДАРСТВЕННОЕ УНИТАРНОЕ ПРЕДПРИЯТИЕ ОРДЕНА ТРУДОВОГО КРАСНОГО ЗНАМЕНИ НАУЧНО-ИССЛЕДОВАТЕЛЬСКИЙ ИНСТИТУТ РАДИО</fullName>
                        <shortName>ФГУП НИИР</shortName>
                        <iko>57709025230997750001</iko>
                        <inn>7709025230</inn>
                        <kpp>770901001</kpp>
                        <ogrn>1027700120766</ogrn>
                        <legalAddress>105064, Г МОСКВА, УЛ КАЗАКОВА, дом 16</legalAddress>
                        <postalAddress>105064, Москва город, Казакова улица, дом 16</postalAddress>
                        <phone>7-495-6471810</phone>
                        <fax>7-499-2610090</fax>
                        <email>butenko@niir.ru</email>
                        <okato>45286555000</okato>
                        <okpo>01181481</okpo>
                    </mainInfo>
                </ns2:customer>
                <ns2:purchaseMethodCode>3363</ns2:purchaseMethodCode>
                <ns2:purchaseCodeName>Закупка у единственного поставщика (исполнителя, подрядчика)</ns2:purchaseCodeName>
                <ns2:placer>
                    <mainInfo>
                        <fullName>ФЕДЕРАЛЬНОЕ ГОСУДАРСТВЕННОЕ УНИТАРНОЕ ПРЕДПРИЯТИЕ ОРДЕНА ТРУДОВОГО КРАСНОГО ЗНАМЕНИ НАУЧНО-ИССЛЕДОВАТЕЛЬСКИЙ ИНСТИТУТ РАДИО</fullName>
                        <shortName>ФГУП НИИР</shortName>
                        <iko>57709025230997750001</iko>
                        <inn>7709025230</inn>
                        <kpp>770901001</kpp>
                        <ogrn>1027700120766</ogrn>
                        <legalAddress>105064, Г МОСКВА, УЛ КАЗАКОВА, дом 16</legalAddress>
                        <postalAddress>105064, Москва город, Казакова улица, дом 16</postalAddress>
                        <phone>7-495-6471810</phone>
                        <fax>7-499-2610090</fax>
                        <email>butenko@niir.ru</email>
                        <okato>45286555000</okato>
                        <okpo>01181481</okpo>
                    </mainInfo>
                </ns2:placer>
                <ns2:contact>
                    <phone>+8 (495) 6471810</phone>
                    <email>508@niir.ru.</email>
                    <organization>
                        <mainInfo>
                            <fullName>ФЕДЕРАЛЬНОЕ ГОСУДАРСТВЕННОЕ УНИТАРНОЕ ПРЕДПРИЯТИЕ ОРДЕНА ТРУДОВОГО КРАСНОГО ЗНАМЕНИ НАУЧНО-ИССЛЕДОВАТЕЛЬСКИЙ ИНСТИТУТ РАДИО</fullName>
                            <shortName>ФГУП НИИР</shortName>
                            <iko>57709025230997750001</iko>
                            <inn>7709025230</inn>
                            <kpp>770901001</kpp>
                            <ogrn>1027700120766</ogrn>
                            <legalAddress>105064, Г МОСКВА, УЛ КАЗАКОВА, дом 16</legalAddress>
                            <postalAddress>105064, Москва город, Казакова улица, дом 16</postalAddress>
                            <phone>7-495-6471810</phone>
                            <fax>7-499-2610090</fax>
                            <email>butenko@niir.ru</email>
                            <okato>45286555000</okato>
                            <okpo>01181481</okpo>
                        </mainInfo>
                    </organization>
                </ns2:contact>
                <ns2:publicationDateTime>2017-03-16T20:59:08</ns2:publicationDateTime>
                <ns2:documentationDelivery>
                    <place>www.zakupki.gov.ru</place>
                </ns2:documentationDelivery>
                <ns2:status>P</ns2:status>
                <ns2:version>1</ns2:version>
                <ns2:notDishonest>true</ns2:notDishonest>
                <ns2:attachments>
                    <totalDocumentsCount>2</totalDocumentsCount>
                    <document>
                        <guid>6b4887c7-2493-46bd-a8ff-381720b4444b</guid>
                        <createDateTime>2017-03-16T20:57:11</createDateTime>
                        <fileName>Договор НИОКР.docx</fileName>
                        <description>Договор НИОКР</description>
                        <url>http://zakupki.gov.ru/223/purchase/public/download/download.html?id=30121562</url>
                    </document>
                    <document>
                        <guid>a6eb228f-0304-4ba6-b78d-9ac4c1676164</guid>
                        <createDateTime>2017-03-16T20:57:46</createDateTime>
                        <fileName>Документация.docx</fileName>
                        <description>Документация</description>
                        <url>http://zakupki.gov.ru/223/purchase/public/download/download.html?id=30121563</url>
                    </document>
                </ns2:attachments>
                <ns2:modificationDate>2017-03-16T20:59:08</ns2:modificationDate>
                <ns2:saveUserId>1373</ns2:saveUserId>
                <ns2:deliveryPlaceIndication>SINGLE_PLACE</ns2:deliveryPlaceIndication>
                <ns2:emergency>false</ns2:emergency>
                <ns2:jointPurchase>false</ns2:jointPurchase>
                <ns2:lots>
                    <lot>
                        <guid>faf056bc-1fa9-4c26-b6be-eb9ffbd8869e</guid>
                        <ordinalNumber>1</ordinalNumber>
                        <lotEditEnabled>false</lotEditEnabled>
                        <lotData>
                            <subject>Выполнение составной части опытно-конструкторской работы по теме: «Подготовка опытного производства для изготовления опытных образцов возимого навигационно-связного терминала, изготовление опытных образцов, участие в их испытаниях и корректировка РКД на опытные образцы по результатам изготовления и испытаний», шифр  «Элемент-Поток РС-ОО ВНСТ».</subject>
                            <currency>
                                <code>RUB</code>
                                <digitalCode>643</digitalCode>
                                <name>Российский рубль</name>
                            </currency>
                            <initialSum>140000000.00</initialSum>
                            <deliveryPlace>
                                <state>Центральный федеральный округ</state>
                                <region>Москва</region>
                                <regionOkato>45000000000</regionOkato>
                                <address>на территории Исполнителя</address>
                            </deliveryPlace>
                            <lotItems>
                                <newCodes>true</newCodes>
                                <lotItem>
                                    <guid>2cb5cab5-c67b-43f9-8795-b4d97127bc3a</guid>
                                    <ordinalNumber>1</ordinalNumber>
                                    <okpd2>
                                        <code>26.30.11.190</code>
                                        <name>Аппаратура коммуникационная передающая с приемными устройствами прочая, не включенная в другие группировки</name>
                                    </okpd2>
                                    <okved2>
                                        <code>26.30.1</code>
                                        <name>Производство коммуникационной аппаратуры, радио- и телевизионной передающей аппаратуры, телевизионных камер</name>
                                    </okved2>
                                    <okei>
                                        <code>876</code>
                                        <name>Условная единица</name>
                                    </okei>
                                    <qty>1</qty>
                                </lotItem>
                            </lotItems>
                            <forSmallOrMiddle>false</forSmallOrMiddle>
                            <excludePurchaseFromPlan>false</excludePurchaseFromPlan>
                            <subcontractorsRequirement>false</subcontractorsRequirement>
                            <ignoredPurchase>false</ignoredPurchase>
                            <centralized>false</centralized>
                        </lotData>
                        <deliveryPlaceIndication>GL</deliveryPlaceIndication>
                        <jointLotData>
                            <jointLot>false</jointLot>
                        </jointLotData>
                        <lotPlanInfo>
                            <planRegistrationNumber>2160201024</planRegistrationNumber>
                            <planGuid>0de35060-bdfc-4067-90f2-952057cfc67f</planGuid>
                            <positionNumber>10</positionNumber>
                            <lotPlanPosition>COMMODITY</lotPlanPosition>
                            <positionGuid>1fb76ec9-fc83-4d09-973b-d09627940896</positionGuid>
                        </lotPlanInfo>
                        <cancelled>false</cancelled>
                    </lot>
                </ns2:lots>
            </ns2:purchaseNoticeEPData>
        </ns2:item>
    </ns2:body>
</ns2:purchaseNoticeEP>
