<?xml version="1.0" encoding="UTF-8" standalone="yes"?>
<ns2:purchaseNoticeEP xsi:schemaLocation="http://zakupki.gov.ru/223/integration/schema/TFF-5.2 http://zakupki.gov.ru/223/integration/schema/TFF-5.2/purchase.xsd" xmlns="http://zakupki.gov.ru/223fz/types/1" xmlns:ns10="http://zakupki.gov.ru/223fz/purchasePlan/1" xmlns:ns11="http://zakupki.gov.ru/223fz/purchasePlanProject/1" xmlns:ns12="http://zakupki.gov.ru/223fz/purchasePlanProjectAdditionalPosition/1" xmlns:ns13="http://zakupki.gov.ru/223fz/contract/1" xmlns:ns14="http://zakupki.gov.ru/223fz/missedNotice/1" xmlns:ns15="http://zakupki.gov.ru/223fz/reference/1" xmlns:ns16="http://zakupki.gov.ru/223fz/stopCommodity/1" xmlns:ns17="http://zakupki.gov.ru/223fz/decisionSuspension/1" xmlns:ns18="http://zakupki.gov.ru/223fz/purchasePlanAdditionalPosition/1" xmlns:ns19="http://zakupki.gov.ru/223fz/webRequest/1" xmlns:ns2="http://zakupki.gov.ru/223fz/purchase/1" xmlns:xsi="http://www.w3.org/2001/XMLSchema-instance" xmlns:ns3="http://zakupki.gov.ru/223fz/dishonestSupplier/1" xmlns:ns4="http://zakupki.gov.ru/223fz/machineryListInfo/1" xmlns:ns5="http://zakupki.gov.ru/223fz/revenue/1" xmlns:ns6="http://zakupki.gov.ru/223fz/orderClauseList/1" xmlns:ns7="http://zakupki.gov.ru/223fz/disagreementProtocol/1" xmlns:ns8="http://zakupki.gov.ru/223fz/complaint/1" xmlns:ns9="http://zakupki.gov.ru/223fz/notificationIssue/1">
    <header>
        <guid>9d747c3c-f2ea-40aa-9bcf-5af64f4d6d89</guid>
        <createDateTime>2017-03-16T16:50:11</createDateTime>
    </header>
    <ns2:body>
        <ns2:item>
            <guid>f10269ca-e4bb-4bda-8078-40355d9cdb86</guid>
            <ns2:purchaseNoticeEPData>
                <ns2:guid>f10269ca-e4bb-4bda-8078-40355d9cdb86</ns2:guid>
                <ns2:createDateTime>2017-03-16T16:47:45</ns2:createDateTime>
                <ns2:urlOOS>https://zakupki.gov.ru/223/purchase/private/purchase/notice-info/details.html?noticeInfoId=5887679</ns2:urlOOS>
                <ns2:registrationNumber>31704899382</ns2:registrationNumber>
                <ns2:name>Участие в международном саммите «УПС-2017»</ns2:name>
                <ns2:customer>
                    <mainInfo>
                        <fullName>ФЕДЕРАЛЬНОЕ ГОСУДАРСТВЕННОЕ БЮДЖЕТНОЕ ОБРАЗОВАТЕЛЬНОЕ УЧРЕЖДЕНИЕ ВЫСШЕГО ОБРАЗОВАНИЯ "МОСКОВСКИЙ ГОСУДАРСТВЕННЫЙ УНИВЕРСИТЕТ ПУТЕЙ СООБЩЕНИЯ ИМПЕРАТОРА НИКОЛАЯ II"</fullName>
                        <shortName>МГУПС (МИИТ)</shortName>
                        <iko>87715027733771501001</iko>
                        <inn>7715027733</inn>
                        <kpp>771501001</kpp>
                        <ogrn>1027739733922</ogrn>
                        <legalAddress>127994, г МОСКВА, ул ОБРАЗЦОВА, дом 9, корпус СТР.9</legalAddress>
                        <postalAddress>127994, г. Москва, ул. Образцова, дом 9, строение 9</postalAddress>
                        <phone>7-495-6842403</phone>
                        <email>ea-miit@mail.ru</email>
                        <okato>45280569000</okato>
                        <okpo>01115863</okpo>
                    </mainInfo>
                </ns2:customer>
                <ns2:purchaseMethodCode>3363</ns2:purchaseMethodCode>
                <ns2:purchaseCodeName>Закупка у единственного поставщика (исполнителя, подрядчика)</ns2:purchaseCodeName>
                <ns2:placer>
                    <mainInfo>
                        <fullName>ФЕДЕРАЛЬНОЕ ГОСУДАРСТВЕННОЕ БЮДЖЕТНОЕ ОБРАЗОВАТЕЛЬНОЕ УЧРЕЖДЕНИЕ ВЫСШЕГО ОБРАЗОВАНИЯ "МОСКОВСКИЙ ГОСУДАРСТВЕННЫЙ УНИВЕРСИТЕТ ПУТЕЙ СООБЩЕНИЯ ИМПЕРАТОРА НИКОЛАЯ II"</fullName>
                        <shortName>МГУПС (МИИТ)</shortName>
                        <iko>87715027733771501001</iko>
                        <inn>7715027733</inn>
                        <kpp>771501001</kpp>
                        <ogrn>1027739733922</ogrn>
                        <legalAddress>127994, г МОСКВА, ул ОБРАЗЦОВА, дом 9, корпус СТР.9</legalAddress>
                        <postalAddress>127994, г. Москва, ул. Образцова, дом 9, строение 9</postalAddress>
                        <phone>7-495-6842403</phone>
                        <email>ea-miit@mail.ru</email>
                        <okato>45280569000</okato>
                        <okpo>01115863</okpo>
                    </mainInfo>
                </ns2:placer>
                <ns2:contact>
                    <lastName>Колесников В.Н.</lastName>
                    <phone>+8 (916) 6978453</phone>
                    <email>baboshin@miit.ru</email>
                    <organization>
                        <mainInfo>
                            <fullName>ФЕДЕРАЛЬНОЕ ГОСУДАРСТВЕННОЕ БЮДЖЕТНОЕ ОБРАЗОВАТЕЛЬНОЕ УЧРЕЖДЕНИЕ ВЫСШЕГО ОБРАЗОВАНИЯ "МОСКОВСКИЙ ГОСУДАРСТВЕННЫЙ УНИВЕРСИТЕТ ПУТЕЙ СООБЩЕНИЯ ИМПЕРАТОРА НИКОЛАЯ II"</fullName>
                            <shortName>МГУПС (МИИТ)</shortName>
                            <iko>87715027733771501001</iko>
                            <inn>7715027733</inn>
                            <kpp>771501001</kpp>
                            <ogrn>1027739733922</ogrn>
                            <legalAddress>127994, г МОСКВА, ул ОБРАЗЦОВА, дом 9, корпус СТР.9</legalAddress>
                            <postalAddress>127994, г. Москва, ул. Образцова, дом 9, строение 9</postalAddress>
                            <phone>7-495-6842403</phone>
                            <email>ea-miit@mail.ru</email>
                            <okato>45280569000</okato>
                            <okpo>01115863</okpo>
                        </mainInfo>
                    </organization>
                </ns2:contact>
                <ns2:publicationDateTime>2017-03-16T16:50:11</ns2:publicationDateTime>
                <ns2:documentationDelivery/>
                <ns2:status>P</ns2:status>
                <ns2:version>1</ns2:version>
                <ns2:notDishonest>false</ns2:notDishonest>
                <ns2:attachments>
                    <totalDocumentsCount>1</totalDocumentsCount>
                    <document>
                        <guid>5910595a-19fe-4786-add2-d3dd2bbb7db5</guid>
                        <createDateTime>2017-03-16T16:49:57</createDateTime>
                        <fileName>Извещение  223 у единственного поставщика.doc</fileName>
                        <description>Извещение  223 у единственного поставщика</description>
                        <url>http://zakupki.gov.ru/223/purchase/public/download/download.html?id=30117876</url>
                    </document>
                </ns2:attachments>
                <ns2:modificationDate>2017-03-16T16:50:11</ns2:modificationDate>
                <ns2:saveUserId>92768</ns2:saveUserId>
                <ns2:deliveryPlaceIndication>DIFFERENT_PLACE</ns2:deliveryPlaceIndication>
                <ns2:emergency>false</ns2:emergency>
                <ns2:jointPurchase>false</ns2:jointPurchase>
                <ns2:lots>
                    <lot>
                        <guid>de1d3a1b-1e96-453f-8fbe-7e3a4df3531b</guid>
                        <ordinalNumber>1</ordinalNumber>
                        <lotEditEnabled>false</lotEditEnabled>
                        <lotData>
                            <subject>Участие в международном саммите «УПС-2017»</subject>
                            <currency>
                                <code>RUB</code>
                                <digitalCode>643</digitalCode>
                                <name>Российский рубль</name>
                            </currency>
                            <initialSum>133000.00</initialSum>
                            <deliveryPlace>
                                <state>Центральный федеральный округ</state>
                                <region>Москва</region>
                                <regionOkato>45000000000</regionOkato>
                                <address>г. Сочи, Международный саммит  «УПС-2017»</address>
                            </deliveryPlace>
                            <lotItems>
                                <newCodes>true</newCodes>
                                <lotItem>
                                    <guid>c64a2e93-fc2a-491c-bbb3-02c1b22485b7</guid>
                                    <ordinalNumber>1</ordinalNumber>
                                    <okpd2>
                                        <code>82.30.11</code>
                                        <name>Услуги по организации конференций</name>
                                    </okpd2>
                                    <okved2>
                                        <code>82.30</code>
                                        <name>Деятельность по организации конференций и выставок</name>
                                    </okved2>
                                    <okei>
                                        <code>876</code>
                                        <name>Условная единица</name>
                                    </okei>
                                    <qty>1</qty>
                                    <additionalInfo>Участие  в международном  саммите «УПС-2017»</additionalInfo>
                                </lotItem>
                            </lotItems>
                            <forSmallOrMiddle>false</forSmallOrMiddle>
                            <excludePurchaseFromPlan>false</excludePurchaseFromPlan>
                            <subcontractorsRequirement>false</subcontractorsRequirement>
                            <ignoredPurchase>false</ignoredPurchase>
                            <centralized>false</centralized>
                        </lotData>
                        <deliveryPlaceIndication>GL</deliveryPlaceIndication>
                        <jointLotData>
                            <jointLot>false</jointLot>
                        </jointLotData>
                        <lotPlanInfo>
                            <planRegistrationNumber>2170224160</planRegistrationNumber>
                            <planGuid>4ad5a9ef-0f3a-2a06-e053-47cdf5c3e0f9</planGuid>
                            <positionNumber>25108</positionNumber>
                            <lotPlanPosition>COMMODITY</lotPlanPosition>
                            <positionGuid>4ac2ea0d-5069-3ea8-e053-47cdf5c374b8</positionGuid>
                        </lotPlanInfo>
                        <cancelled>false</cancelled>
                    </lot>
                </ns2:lots>
            </ns2:purchaseNoticeEPData>
        </ns2:item>
    </ns2:body>
</ns2:purchaseNoticeEP>
