<?xml version="1.0" encoding="UTF-8" standalone="yes"?>
<ns2:purchaseNoticeEP xsi:schemaLocation="http://zakupki.gov.ru/223/integration/schema/TFF-5.2 http://zakupki.gov.ru/223/integration/schema/TFF-5.2/purchase.xsd" xmlns="http://zakupki.gov.ru/223fz/types/1" xmlns:ns10="http://zakupki.gov.ru/223fz/purchasePlan/1" xmlns:ns11="http://zakupki.gov.ru/223fz/purchasePlanProject/1" xmlns:ns12="http://zakupki.gov.ru/223fz/purchasePlanProjectAdditionalPosition/1" xmlns:ns13="http://zakupki.gov.ru/223fz/contract/1" xmlns:ns14="http://zakupki.gov.ru/223fz/missedNotice/1" xmlns:ns15="http://zakupki.gov.ru/223fz/reference/1" xmlns:ns16="http://zakupki.gov.ru/223fz/stopCommodity/1" xmlns:ns17="http://zakupki.gov.ru/223fz/decisionSuspension/1" xmlns:ns18="http://zakupki.gov.ru/223fz/purchasePlanAdditionalPosition/1" xmlns:ns19="http://zakupki.gov.ru/223fz/webRequest/1" xmlns:ns2="http://zakupki.gov.ru/223fz/purchase/1" xmlns:xsi="http://www.w3.org/2001/XMLSchema-instance" xmlns:ns3="http://zakupki.gov.ru/223fz/dishonestSupplier/1" xmlns:ns4="http://zakupki.gov.ru/223fz/machineryListInfo/1" xmlns:ns5="http://zakupki.gov.ru/223fz/revenue/1" xmlns:ns6="http://zakupki.gov.ru/223fz/orderClauseList/1" xmlns:ns7="http://zakupki.gov.ru/223fz/disagreementProtocol/1" xmlns:ns8="http://zakupki.gov.ru/223fz/complaint/1" xmlns:ns9="http://zakupki.gov.ru/223fz/notificationIssue/1">
    <header>
        <guid>3f281dab-6593-4862-8c04-83fd4e0f8b2e</guid>
        <createDateTime>2017-03-16T12:29:15</createDateTime>
    </header>
    <ns2:body>
        <ns2:item>
            <guid>297b9dc0-0d9a-1ee7-82c2-125700069fd9</guid>
            <ns2:purchaseNoticeEPData>
                <ns2:guid>297b9dc0-0d9a-1ee7-82c2-125700069fd9</ns2:guid>
                <ns2:createDateTime>2017-03-16T12:21:23</ns2:createDateTime>
                <ns2:urlOOS>https://zakupki.gov.ru/223/purchase/private/purchase/notice-info/details.html?noticeInfoId=5884669</ns2:urlOOS>
                <ns2:urlVSRZ>www.rosneft.ru</ns2:urlVSRZ>
                <ns2:registrationNumber>31704896975</ns2:registrationNumber>
                <ns2:name>Вышкомонтажные работы на объектах эксплуатационного бурения (демонтаж/монтаж вспомогательного оборудования в технологическом кармане, передвижки) на кусте №412 Приобского месторождения для Нефтеюганского филиала ООО "РН-Бурение"</ns2:name>
                <ns2:customer>
                    <mainInfo>
                        <fullName>ОБЩЕСТВО С ОГРАНИЧЕННОЙ ОТВЕТСТВЕННОСТЬЮ "РН-БУРЕНИЕ"</fullName>
                        <shortName>ООО "РН-БУРЕНИЕ"</shortName>
                        <iko>77706613770772501001</iko>
                        <inn>7706613770</inn>
                        <kpp>772501001</kpp>
                        <ogrn>1067746404681</ogrn>
                        <legalAddress>119071, г МОСКВА, ул КАЛУЖСКАЯ М., дом 15, корпус 31</legalAddress>
                        <postalAddress>119071, Москва Город, Калужская М. Улица, дом 15, строение 31</postalAddress>
                        <phone>7-499-5177633</phone>
                        <email>rn-burenie@rosneft.ru</email>
                        <okato>45286596000</okato>
                        <okpo>94475850</okpo>
                    </mainInfo>
                </ns2:customer>
                <ns2:purchaseMethodCode>3363</ns2:purchaseMethodCode>
                <ns2:purchaseCodeName>Закупка у единственного поставщика (исполнителя, подрядчика)</ns2:purchaseCodeName>
                <ns2:placer>
                    <mainInfo>
                        <fullName>ОБЩЕСТВО С ОГРАНИЧЕННОЙ ОТВЕТСТВЕННОСТЬЮ "РН-БУРЕНИЕ"</fullName>
                        <shortName>ООО "РН-БУРЕНИЕ"</shortName>
                        <iko>77706613770772501001</iko>
                        <inn>7706613770</inn>
                        <kpp>772501001</kpp>
                        <ogrn>1067746404681</ogrn>
                        <legalAddress>119071, г МОСКВА, ул КАЛУЖСКАЯ М., дом 15, корпус 31</legalAddress>
                        <postalAddress>119071, Москва Город, Калужская М. Улица, дом 15, строение 31</postalAddress>
                        <phone>7-499-5177633</phone>
                        <email>rn-burenie@rosneft.ru</email>
                        <okato>45286596000</okato>
                        <okpo>94475850</okpo>
                    </mainInfo>
                </ns2:placer>
                <ns2:contact>
                    <firstName>Алексей Юрьевич</firstName>
                    <lastName>Митрофанов</lastName>
                    <phone>3463 320543 доб.</phone>
                    <email>MitrofanovAY@nfrnb.ru</email>
                    <organization>
                        <mainInfo>
                            <fullName>ОБЩЕСТВО С ОГРАНИЧЕННОЙ ОТВЕТСТВЕННОСТЬЮ "РН-БУРЕНИЕ"</fullName>
                            <shortName>ООО "РН-БУРЕНИЕ"</shortName>
                            <iko>77706613770772501001</iko>
                            <inn>7706613770</inn>
                            <kpp>772501001</kpp>
                            <ogrn>1067746404681</ogrn>
                            <legalAddress>119071, г МОСКВА, ул КАЛУЖСКАЯ М., дом 15, корпус 31</legalAddress>
                            <postalAddress>119071, Москва Город, Калужская М. Улица, дом 15, строение 31</postalAddress>
                            <phone>7-499-5177633</phone>
                            <email>rn-burenie@rosneft.ru</email>
                            <okato>45286596000</okato>
                            <okpo>94475850</okpo>
                        </mainInfo>
                    </organization>
                </ns2:contact>
                <ns2:publicationDateTime>2017-03-16T12:29:15</ns2:publicationDateTime>
                <ns2:documentationDelivery>
                    <deliveryStartDateTime>2017-03-16</deliveryStartDateTime>
                    <deliveryEndDateTime>2017-03-16</deliveryEndDateTime>
                    <place>www.zakupki.gov.ru, http://zakupki.rosneft.ru, http://rn.tektorg.ru</place>
                    <procedure>Со дня размещения на официальном сайте извещения о проведении закупки, документация о запросе цен может быть получена самостоятельно любым лицом с официального сайта</procedure>
                </ns2:documentationDelivery>
                <ns2:status>P</ns2:status>
                <ns2:version>1</ns2:version>
                <ns2:notDishonest>false</ns2:notDishonest>
                <ns2:attachments>
                    <totalDocumentsCount>2</totalDocumentsCount>
                    <document>
                        <guid>297b9dc0-0d9a-1ed7-82c5-39ec4f181c21</guid>
                        <createDateTime>2017-03-16T06:29:11</createDateTime>
                        <fileName>2. Извещение о закупке.docx</fileName>
                        <description>2. Извещение о закупке.docx</description>
                        <url>http://zakupki.gov.ru/223/purchase/public/download/download.html?id=30103175</url>
                    </document>
                    <document>
                        <guid>297b9dc0-0d9a-1ed7-82c5-39ed1e5c1c24</guid>
                        <createDateTime>2017-03-16T06:24:20</createDateTime>
                        <fileName>8. Проект договора 319.docx</fileName>
                        <description>8. Проект договора 319.docx</description>
                        <url>http://zakupki.gov.ru/223/purchase/public/download/download.html?id=30103176</url>
                    </document>
                </ns2:attachments>
                <ns2:modificationDate>2017-03-16T12:29:15</ns2:modificationDate>
                <ns2:saveUserId>38166</ns2:saveUserId>
                <ns2:deliveryPlaceIndication>DIFFERENT_PLACE</ns2:deliveryPlaceIndication>
                <ns2:emergency>false</ns2:emergency>
                <ns2:jointPurchase>false</ns2:jointPurchase>
                <ns2:lots>
                    <lot>
                        <guid>297b9dc0-0d9a-1ed7-82c2-12a0249b02d8</guid>
                        <ordinalNumber>1</ordinalNumber>
                        <lotEditEnabled>true</lotEditEnabled>
                        <lotData>
                            <subject>Вышкомонтажные работы на объектах эксплуатационного бурения (демонтаж/монтаж вспомогательного оборудования в технологическом кармане, передвижки) на кусте №412 Приобского месторождения</subject>
                            <currency>
                                <code>RUB</code>
                                <digitalCode>643</digitalCode>
                                <name>Российский рубль</name>
                            </currency>
                            <initialSum>2919085.07</initialSum>
                            <deliveryPlace>
                                <address>В соответствии с проектом договора</address>
                            </deliveryPlace>
                            <lotItems>
                                <newCodes>true</newCodes>
                                <lotItem>
                                    <guid>297b9dc0-0d9a-1ed7-82c2-139bed8a0dad</guid>
                                    <ordinalNumber>1</ordinalNumber>
                                    <okpd2>
                                        <code>09.10.12.110</code>
                                        <name>Услуги по монтажу буровых вышек</name>
                                    </okpd2>
                                    <okved2>
                                        <code>09.10.2</code>
                                        <name>Предоставление услуг по монтажу, ремонту и демонтажу буровых вышек</name>
                                    </okved2>
                                    <okei>
                                        <code>876</code>
                                        <name>Условная единица</name>
                                    </okei>
                                    <qty>1</qty>
                                </lotItem>
                            </lotItems>
                            <forSmallOrMiddle>true</forSmallOrMiddle>
                            <excludePurchaseFromPlan>false</excludePurchaseFromPlan>
                            <subcontractorsRequirement>false</subcontractorsRequirement>
                            <ignoredPurchase>false</ignoredPurchase>
                            <centralized>false</centralized>
                        </lotData>
                        <deliveryPlaceIndication>GL</deliveryPlaceIndication>
                        <jointLotData>
                            <jointLot>false</jointLot>
                        </jointLotData>
                        <lotPlanInfo>
                            <planRegistrationNumber>2160204549</planRegistrationNumber>
                            <planGuid>297b9dc0-0d9a-1ed7-81f9-d5b32916d821</planGuid>
                            <positionNumber>463</positionNumber>
                            <lotPlanPosition>COMMODITY</lotPlanPosition>
                            <positionGuid>297b9dc0-0d9a-1ed6-be98-e77b5fec8bac</positionGuid>
                        </lotPlanInfo>
                        <cancelled>false</cancelled>
                    </lot>
                </ns2:lots>
            </ns2:purchaseNoticeEPData>
        </ns2:item>
    </ns2:body>
</ns2:purchaseNoticeEP>
