<?xml version="1.0" encoding="UTF-8" standalone="yes"?>
<ns2:purchaseNoticeEP xsi:schemaLocation="http://zakupki.gov.ru/223/integration/schema/TFF-5.2 http://zakupki.gov.ru/223/integration/schema/TFF-5.2/purchase.xsd" xmlns="http://zakupki.gov.ru/223fz/types/1" xmlns:ns10="http://zakupki.gov.ru/223fz/purchasePlan/1" xmlns:ns11="http://zakupki.gov.ru/223fz/purchasePlanProject/1" xmlns:ns12="http://zakupki.gov.ru/223fz/purchasePlanProjectAdditionalPosition/1" xmlns:ns13="http://zakupki.gov.ru/223fz/contract/1" xmlns:ns14="http://zakupki.gov.ru/223fz/missedNotice/1" xmlns:ns15="http://zakupki.gov.ru/223fz/reference/1" xmlns:ns16="http://zakupki.gov.ru/223fz/stopCommodity/1" xmlns:ns17="http://zakupki.gov.ru/223fz/decisionSuspension/1" xmlns:ns18="http://zakupki.gov.ru/223fz/purchasePlanAdditionalPosition/1" xmlns:ns19="http://zakupki.gov.ru/223fz/webRequest/1" xmlns:ns2="http://zakupki.gov.ru/223fz/purchase/1" xmlns:xsi="http://www.w3.org/2001/XMLSchema-instance" xmlns:ns3="http://zakupki.gov.ru/223fz/dishonestSupplier/1" xmlns:ns4="http://zakupki.gov.ru/223fz/machineryListInfo/1" xmlns:ns5="http://zakupki.gov.ru/223fz/revenue/1" xmlns:ns6="http://zakupki.gov.ru/223fz/orderClauseList/1" xmlns:ns7="http://zakupki.gov.ru/223fz/disagreementProtocol/1" xmlns:ns8="http://zakupki.gov.ru/223fz/complaint/1" xmlns:ns9="http://zakupki.gov.ru/223fz/notificationIssue/1">
    <header>
        <guid>e4b64a4b-d652-41eb-ac3c-f85a6c6bb04b</guid>
        <createDateTime>2017-03-16T17:42:15</createDateTime>
    </header>
    <ns2:body>
        <ns2:item>
            <guid>b773b5be-348c-46c1-88ae-4fc0b12853c3</guid>
            <ns2:purchaseNoticeEPData>
                <ns2:guid>b773b5be-348c-46c1-88ae-4fc0b12853c3</ns2:guid>
                <ns2:createDateTime>2017-03-16T17:37:35</ns2:createDateTime>
                <ns2:urlOOS>https://zakupki.gov.ru/223/purchase/private/purchase/notice-info/details.html?noticeInfoId=5888111</ns2:urlOOS>
                <ns2:registrationNumber>31704899767</ns2:registrationNumber>
                <ns2:name>Услуги по концертному выступлению</ns2:name>
                <ns2:customer>
                    <mainInfo>
                        <fullName>ФЕДЕРАЛЬНОЕ ГОСУДАРСТВЕННОЕ БЮДЖЕТНОЕ ОБРАЗОВАТЕЛЬНОЕ УЧРЕЖДЕНИЕ ВЫСШЕГО ОБРАЗОВАНИЯ "РОССИЙСКИЙ ГОСУДАРСТВЕННЫЙ АГРАРНЫЙ УНИВЕРСИТЕТ - МСХА ИМЕНИ К.А. ТИМИРЯЗЕВА"</fullName>
                        <shortName>ФГБОУ ВО РГАУ-МСХА ИМЕНИ К.А. ТИМИРЯЗЕВА</shortName>
                        <iko>87713080682771301001</iko>
                        <inn>7713080682</inn>
                        <kpp>771301001</kpp>
                        <ogrn>1037739630697</ogrn>
                        <legalAddress>127550, г МОСКВА, ул ТИМИРЯЗЕВСКАЯ, дом 49</legalAddress>
                        <postalAddress>127550, г. Москва, ул. Тимирязевская, д.49</postalAddress>
                        <phone>7-499-9779221</phone>
                        <email>zakupki@rgau-msha.ru</email>
                        <okato>45277592000</okato>
                        <okpo>00492931</okpo>
                    </mainInfo>
                </ns2:customer>
                <ns2:purchaseMethodCode>3363</ns2:purchaseMethodCode>
                <ns2:purchaseCodeName>Закупка у единственного поставщика (исполнителя, подрядчика)</ns2:purchaseCodeName>
                <ns2:placer>
                    <mainInfo>
                        <fullName>ФЕДЕРАЛЬНОЕ ГОСУДАРСТВЕННОЕ БЮДЖЕТНОЕ ОБРАЗОВАТЕЛЬНОЕ УЧРЕЖДЕНИЕ ВЫСШЕГО ОБРАЗОВАНИЯ "РОССИЙСКИЙ ГОСУДАРСТВЕННЫЙ АГРАРНЫЙ УНИВЕРСИТЕТ - МСХА ИМЕНИ К.А. ТИМИРЯЗЕВА"</fullName>
                        <shortName>ФГБОУ ВО РГАУ-МСХА ИМЕНИ К.А. ТИМИРЯЗЕВА</shortName>
                        <iko>87713080682771301001</iko>
                        <inn>7713080682</inn>
                        <kpp>771301001</kpp>
                        <ogrn>1037739630697</ogrn>
                        <legalAddress>127550, г МОСКВА, ул ТИМИРЯЗЕВСКАЯ, дом 49</legalAddress>
                        <postalAddress>127550, г. Москва, ул. Тимирязевская, д.49</postalAddress>
                        <phone>7-499-9779221</phone>
                        <email>zakupki@rgau-msha.ru</email>
                        <okato>45277592000</okato>
                        <okpo>00492931</okpo>
                    </mainInfo>
                </ns2:placer>
                <ns2:contact>
                    <phone>+7 (499) 9779221</phone>
                    <email>zakupki@rgau-msha.ru</email>
                    <organization>
                        <mainInfo>
                            <fullName>ФЕДЕРАЛЬНОЕ ГОСУДАРСТВЕННОЕ БЮДЖЕТНОЕ ОБРАЗОВАТЕЛЬНОЕ УЧРЕЖДЕНИЕ ВЫСШЕГО ОБРАЗОВАНИЯ "РОССИЙСКИЙ ГОСУДАРСТВЕННЫЙ АГРАРНЫЙ УНИВЕРСИТЕТ - МСХА ИМЕНИ К.А. ТИМИРЯЗЕВА"</fullName>
                            <shortName>ФГБОУ ВО РГАУ-МСХА ИМЕНИ К.А. ТИМИРЯЗЕВА</shortName>
                            <iko>87713080682771301001</iko>
                            <inn>7713080682</inn>
                            <kpp>771301001</kpp>
                            <ogrn>1037739630697</ogrn>
                            <legalAddress>127550, г МОСКВА, ул ТИМИРЯЗЕВСКАЯ, дом 49</legalAddress>
                            <postalAddress>127550, г. Москва, ул. Тимирязевская, д.49</postalAddress>
                            <phone>7-499-9779221</phone>
                            <email>zakupki@rgau-msha.ru</email>
                            <okato>45277592000</okato>
                            <okpo>00492931</okpo>
                        </mainInfo>
                    </organization>
                </ns2:contact>
                <ns2:publicationDateTime>2017-03-16T17:42:15</ns2:publicationDateTime>
                <ns2:documentationDelivery>
                    <deliveryStartDateTime>2017-03-13</deliveryStartDateTime>
                    <deliveryEndDateTime>2017-03-13</deliveryEndDateTime>
                    <place>, г. Москва, ул. Верхняя аллея, д.4, комн. № 216</place>
                    <procedure>В случае Вашего согласия принять участие в проведении запроса котировок, просим представить котировочную заявку в запечатанном конверте, в письменной форме на бумажном носителе</procedure>
                </ns2:documentationDelivery>
                <ns2:status>P</ns2:status>
                <ns2:version>1</ns2:version>
                <ns2:notDishonest>true</ns2:notDishonest>
                <ns2:attachments>
                    <totalDocumentsCount>1</totalDocumentsCount>
                    <document>
                        <guid>e2891364-4398-4aec-bcd1-173029e859c2</guid>
                        <createDateTime>2017-03-16T17:40:22</createDateTime>
                        <fileName>Извещение Ед. поставщик 292_КС059_17.docx</fileName>
                        <description>Извещение Ед. поставщик 292_КС059_17</description>
                        <url>http://zakupki.gov.ru/223/purchase/public/download/download.html?id=30119796</url>
                    </document>
                </ns2:attachments>
                <ns2:modificationDate>2017-03-16T17:42:15</ns2:modificationDate>
                <ns2:saveUserId>214175</ns2:saveUserId>
                <ns2:deliveryPlaceIndication>DIFFERENT_PLACE</ns2:deliveryPlaceIndication>
                <ns2:emergency>false</ns2:emergency>
                <ns2:jointPurchase>false</ns2:jointPurchase>
                <ns2:lots>
                    <lot>
                        <guid>25476522-854a-439d-b677-b1ebd4002544</guid>
                        <ordinalNumber>1</ordinalNumber>
                        <lotEditEnabled>false</lotEditEnabled>
                        <lotData>
                            <subject>Услуги по концертному выступлению</subject>
                            <currency>
                                <code>RUB</code>
                                <digitalCode>643</digitalCode>
                                <name>Российский рубль</name>
                            </currency>
                            <initialSum>600000.00</initialSum>
                            <deliveryPlace>
                                <state>Центральный федеральный округ</state>
                                <region>Москва</region>
                                <regionOkato>45000000000</regionOkato>
                                <address>127550 г. Москва, ул. Тимирязевская, д.49</address>
                            </deliveryPlace>
                            <lotItems>
                                <newCodes>true</newCodes>
                                <lotItem>
                                    <guid>809edfd6-2740-42b4-a0a6-94388ae40f73</guid>
                                    <ordinalNumber>1</ordinalNumber>
                                    <okpd2>
                                        <code>90.02.12.000</code>
                                        <name>Услуги по организации показа спектаклей, концертов и иных зрелищных программ (произведений исполнительского искусства), включая мероприятия по продвижению исполнительских искусств</name>
                                    </okpd2>
                                    <okved2>
                                        <code>90.02</code>
                                        <name>Деятельность вспомогательная, связанная с исполнительскими искусствами</name>
                                    </okved2>
                                    <okei>
                                        <code>876</code>
                                        <name>Условная единица</name>
                                    </okei>
                                    <qty>1</qty>
                                </lotItem>
                            </lotItems>
                            <forSmallOrMiddle>false</forSmallOrMiddle>
                            <excludePurchaseFromPlan>false</excludePurchaseFromPlan>
                            <subcontractorsRequirement>false</subcontractorsRequirement>
                            <ignoredPurchase>false</ignoredPurchase>
                            <centralized>false</centralized>
                        </lotData>
                        <deliveryPlaceIndication>GL</deliveryPlaceIndication>
                        <jointLotData>
                            <jointLot>false</jointLot>
                        </jointLotData>
                        <lotPlanInfo>
                            <planRegistrationNumber>2170221174</planRegistrationNumber>
                            <planGuid>f2cc3c7d-3159-4c1e-827e-913587ac72fe</planGuid>
                            <positionNumber>112</positionNumber>
                            <lotPlanPosition>COMMODITY</lotPlanPosition>
                            <positionGuid>623dd281-fe02-4db2-9b62-ca8b324fe74b</positionGuid>
                        </lotPlanInfo>
                        <cancelled>false</cancelled>
                    </lot>
                </ns2:lots>
            </ns2:purchaseNoticeEPData>
        </ns2:item>
    </ns2:body>
</ns2:purchaseNoticeEP>
