<?xml version="1.0" encoding="UTF-8" standalone="yes"?>
<ns2:purchaseNoticeEP xsi:schemaLocation="http://zakupki.gov.ru/223/integration/schema/TFF-5.2 http://zakupki.gov.ru/223/integration/schema/TFF-5.2/purchase.xsd" xmlns="http://zakupki.gov.ru/223fz/types/1" xmlns:ns10="http://zakupki.gov.ru/223fz/purchasePlan/1" xmlns:ns11="http://zakupki.gov.ru/223fz/purchasePlanProject/1" xmlns:ns12="http://zakupki.gov.ru/223fz/purchasePlanProjectAdditionalPosition/1" xmlns:ns13="http://zakupki.gov.ru/223fz/contract/1" xmlns:ns14="http://zakupki.gov.ru/223fz/missedNotice/1" xmlns:ns15="http://zakupki.gov.ru/223fz/reference/1" xmlns:ns16="http://zakupki.gov.ru/223fz/stopCommodity/1" xmlns:ns17="http://zakupki.gov.ru/223fz/decisionSuspension/1" xmlns:ns18="http://zakupki.gov.ru/223fz/purchasePlanAdditionalPosition/1" xmlns:ns19="http://zakupki.gov.ru/223fz/webRequest/1" xmlns:ns2="http://zakupki.gov.ru/223fz/purchase/1" xmlns:xsi="http://www.w3.org/2001/XMLSchema-instance" xmlns:ns3="http://zakupki.gov.ru/223fz/dishonestSupplier/1" xmlns:ns4="http://zakupki.gov.ru/223fz/machineryListInfo/1" xmlns:ns5="http://zakupki.gov.ru/223fz/revenue/1" xmlns:ns6="http://zakupki.gov.ru/223fz/orderClauseList/1" xmlns:ns7="http://zakupki.gov.ru/223fz/disagreementProtocol/1" xmlns:ns8="http://zakupki.gov.ru/223fz/complaint/1" xmlns:ns9="http://zakupki.gov.ru/223fz/notificationIssue/1">
    <header>
        <guid>7daeca5d-2b43-4729-8bfa-56dfce18035d</guid>
        <createDateTime>2017-03-16T13:35:55</createDateTime>
    </header>
    <ns2:body>
        <ns2:item>
            <guid>9a4c32fc-3b77-49fe-8649-d242ea35d4d9</guid>
            <ns2:purchaseNoticeEPData>
                <ns2:guid>9a4c32fc-3b77-49fe-8649-d242ea35d4d9</ns2:guid>
                <ns2:createDateTime>2017-03-16T13:31:24</ns2:createDateTime>
                <ns2:urlOOS>https://zakupki.gov.ru/223/purchase/private/purchase/notice-info/details.html?noticeInfoId=5885360</ns2:urlOOS>
                <ns2:registrationNumber>31704897476</ns2:registrationNumber>
                <ns2:name>Оказание комплекса услуг по освещению в 3 (Трех) российских СМИ федерального уровня гастролей Театра в мае 2017г. со спектаклем «Царь Эдип» в г. Тель-Авив (Израиль)</ns2:name>
                <ns2:customer>
                    <mainInfo>
                        <fullName>Федеральное государственное бюджетное учреждение культуры "Государственный академический театр имени Евгения Вахтангова"</fullName>
                        <shortName>Театр имени Евгения Вахтангова</shortName>
                        <iko>57704022980770401001</iko>
                        <inn>7704022980</inn>
                        <kpp>770401001</kpp>
                        <ogrn>1027739132520</ogrn>
                        <legalAddress>119002, Москва, Арбат, дом 26</legalAddress>
                        <postalAddress>119002 г. Москва  ул. Арбат 26</postalAddress>
                        <phone>8-499-2411759</phone>
                        <email>abakarova_alena@mail.ru</email>
                        <okato>45286552000</okato>
                        <okpo>02190252</okpo>
                    </mainInfo>
                </ns2:customer>
                <ns2:purchaseMethodCode>3363</ns2:purchaseMethodCode>
                <ns2:purchaseCodeName>Закупка у единственного поставщика (исполнителя, подрядчика)</ns2:purchaseCodeName>
                <ns2:placer>
                    <mainInfo>
                        <fullName>Федеральное государственное бюджетное учреждение культуры "Государственный академический театр имени Евгения Вахтангова"</fullName>
                        <shortName>Театр имени Евгения Вахтангова</shortName>
                        <iko>57704022980770401001</iko>
                        <inn>7704022980</inn>
                        <kpp>770401001</kpp>
                        <ogrn>1027739132520</ogrn>
                        <legalAddress>119002, Москва, Арбат, дом 26</legalAddress>
                        <postalAddress>119002 г. Москва  ул. Арбат 26</postalAddress>
                        <phone>8-499-2411759</phone>
                        <email>abakarova_alena@mail.ru</email>
                        <okato>45286552000</okato>
                        <okpo>02190252</okpo>
                    </mainInfo>
                </ns2:placer>
                <ns2:contact>
                    <firstName>А.</firstName>
                    <middleName>А.</middleName>
                    <lastName>Абакарова</lastName>
                    <phone>+7 (499) 2411759</phone>
                    <email>abakarova@vakhtangov.ru</email>
                    <organization>
                        <mainInfo>
                            <fullName>Федеральное государственное бюджетное учреждение культуры "Государственный академический театр имени Евгения Вахтангова"</fullName>
                            <shortName>Театр имени Евгения Вахтангова</shortName>
                            <iko>57704022980770401001</iko>
                            <inn>7704022980</inn>
                            <kpp>770401001</kpp>
                            <ogrn>1027739132520</ogrn>
                            <legalAddress>119002, Москва, Арбат, дом 26</legalAddress>
                            <postalAddress>119002 г. Москва  ул. Арбат 26</postalAddress>
                            <phone>8-499-2411759</phone>
                            <email>abakarova_alena@mail.ru</email>
                            <okato>45286552000</okato>
                            <okpo>02190252</okpo>
                        </mainInfo>
                    </organization>
                </ns2:contact>
                <ns2:publicationDateTime>2017-03-16T13:35:55</ns2:publicationDateTime>
                <ns2:documentationDelivery/>
                <ns2:status>P</ns2:status>
                <ns2:version>1</ns2:version>
                <ns2:notDishonest>false</ns2:notDishonest>
                <ns2:attachments>
                    <totalDocumentsCount>1</totalDocumentsCount>
                    <document>
                        <guid>892cc089-1bf1-40a0-82bf-ed82d4585d9e</guid>
                        <createDateTime>2017-03-16T13:35:37</createDateTime>
                        <fileName>Документация о закупке.docx</fileName>
                        <description>Документация о закупке</description>
                        <url>http://zakupki.gov.ru/223/purchase/public/download/download.html?id=30106639</url>
                    </document>
                </ns2:attachments>
                <ns2:modificationDate>2017-03-16T13:35:55</ns2:modificationDate>
                <ns2:saveUserId>59701</ns2:saveUserId>
                <ns2:deliveryPlaceIndication>SINGLE_PLACE</ns2:deliveryPlaceIndication>
                <ns2:emergency>false</ns2:emergency>
                <ns2:jointPurchase>false</ns2:jointPurchase>
                <ns2:lots>
                    <lot>
                        <guid>8874c340-c94e-4613-8f00-80204ca56e69</guid>
                        <ordinalNumber>1</ordinalNumber>
                        <lotEditEnabled>false</lotEditEnabled>
                        <lotData>
                            <subject>Оказание комплекса  услуг по освещению в 3 (Трех) российских СМИ федерального уровня гастролей Театра в мае 2017г. со спектаклем «Царь Эдип» в   г. Тель-Авив (Израиль)</subject>
                            <currency>
                                <code>RUB</code>
                                <digitalCode>643</digitalCode>
                                <name>Российский рубль</name>
                            </currency>
                            <initialSum>400000.00</initialSum>
                            <deliveryPlace>
                                <address>г. Москва</address>
                            </deliveryPlace>
                            <lotItems>
                                <newCodes>true</newCodes>
                                <lotItem>
                                    <guid>9470d895-49fd-4d08-b818-325c5c583d9e</guid>
                                    <ordinalNumber>1</ordinalNumber>
                                    <okpd2>
                                        <code>73.12.11.000</code>
                                        <name>Услуги по продаже места для рекламы в печатных средствах информации за вознаграждение или на договорной основе</name>
                                    </okpd2>
                                    <okved2>
                                        <code>73.12</code>
                                        <name>Представление в средствах массовой информации</name>
                                    </okved2>
                                    <okei>
                                        <code>642</code>
                                        <name>Единица</name>
                                    </okei>
                                    <qty>1</qty>
                                </lotItem>
                            </lotItems>
                            <forSmallOrMiddle>false</forSmallOrMiddle>
                            <excludePurchaseFromPlan>false</excludePurchaseFromPlan>
                            <subcontractorsRequirement>false</subcontractorsRequirement>
                            <ignoredPurchase>false</ignoredPurchase>
                            <centralized>false</centralized>
                        </lotData>
                        <deliveryPlaceIndication>GL</deliveryPlaceIndication>
                        <jointLotData>
                            <jointLot>false</jointLot>
                        </jointLotData>
                        <lotPlanInfo>
                            <planRegistrationNumber>2160208978</planRegistrationNumber>
                            <planGuid>a4ae35ec-1fa0-496c-af15-5fba2651736d</planGuid>
                            <positionNumber>61</positionNumber>
                            <lotPlanPosition>COMMODITY</lotPlanPosition>
                            <positionGuid>16d741e5-e7be-4985-938f-638760c20a59</positionGuid>
                        </lotPlanInfo>
                        <cancelled>false</cancelled>
                    </lot>
                </ns2:lots>
            </ns2:purchaseNoticeEPData>
        </ns2:item>
    </ns2:body>
</ns2:purchaseNoticeEP>
