<?xml version="1.0" encoding="UTF-8" standalone="yes"?>
<ns2:purchaseNoticeEP xsi:schemaLocation="http://zakupki.gov.ru/223/integration/schema/TFF-5.2 http://zakupki.gov.ru/223/integration/schema/TFF-5.2/purchase.xsd" xmlns="http://zakupki.gov.ru/223fz/types/1" xmlns:ns10="http://zakupki.gov.ru/223fz/purchasePlan/1" xmlns:ns11="http://zakupki.gov.ru/223fz/purchasePlanProject/1" xmlns:ns12="http://zakupki.gov.ru/223fz/purchasePlanProjectAdditionalPosition/1" xmlns:ns13="http://zakupki.gov.ru/223fz/contract/1" xmlns:ns14="http://zakupki.gov.ru/223fz/missedNotice/1" xmlns:ns15="http://zakupki.gov.ru/223fz/reference/1" xmlns:ns16="http://zakupki.gov.ru/223fz/stopCommodity/1" xmlns:ns17="http://zakupki.gov.ru/223fz/decisionSuspension/1" xmlns:ns18="http://zakupki.gov.ru/223fz/purchasePlanAdditionalPosition/1" xmlns:ns19="http://zakupki.gov.ru/223fz/webRequest/1" xmlns:ns2="http://zakupki.gov.ru/223fz/purchase/1" xmlns:xsi="http://www.w3.org/2001/XMLSchema-instance" xmlns:ns3="http://zakupki.gov.ru/223fz/dishonestSupplier/1" xmlns:ns4="http://zakupki.gov.ru/223fz/machineryListInfo/1" xmlns:ns5="http://zakupki.gov.ru/223fz/revenue/1" xmlns:ns6="http://zakupki.gov.ru/223fz/orderClauseList/1" xmlns:ns7="http://zakupki.gov.ru/223fz/disagreementProtocol/1" xmlns:ns8="http://zakupki.gov.ru/223fz/complaint/1" xmlns:ns9="http://zakupki.gov.ru/223fz/notificationIssue/1">
    <header>
        <guid>acce25dd-b1a1-4abe-9760-5d82e419be93</guid>
        <createDateTime>2017-03-16T10:39:54</createDateTime>
    </header>
    <ns2:body>
        <ns2:item>
            <guid>2220fc00-0d0b-1ed7-82c3-65b873ad18fa</guid>
            <ns2:purchaseNoticeEPData>
                <ns2:guid>2220fc00-0d0b-1ed7-82c3-65b873ad18fa</ns2:guid>
                <ns2:createDateTime>2017-03-16T10:36:08</ns2:createDateTime>
                <ns2:urlOOS>https://zakupki.gov.ru/223/purchase/private/purchase/notice-info/details.html?noticeInfoId=5883542</ns2:urlOOS>
                <ns2:urlVSRZ>ЕОС-Закупки</ns2:urlVSRZ>
                <ns2:registrationNumber>31704896019</ns2:registrationNumber>
                <ns2:name>Поставка армопучков СПЗО-М с комплектующими, материалами, оказание услуг по проведению шеф-монтажа</ns2:name>
                <ns2:customer>
                    <mainInfo>
                        <fullName>АКЦИОНЕРНОЕ ОБЩЕСТВО "РОССИЙСКИЙ КОНЦЕРН ПО ПРОИЗВОДСТВУ ЭЛЕКТРИЧЕСКОЙ И ТЕПЛОВОЙ ЭНЕРГИИ НА АТОМНЫХ СТАНЦИЯХ"</fullName>
                        <shortName>АО "КОНЦЕРН РОСЭНЕРГОАТОМ"</shortName>
                        <iko>57721632827772101001</iko>
                        <inn>7721632827</inn>
                        <kpp>772101001</kpp>
                        <ogrn>5087746119951</ogrn>
                        <legalAddress>109507, Г МОСКВА, УЛ ФЕРГАНСКАЯ, дом 25</legalAddress>
                        <postalAddress>109507, г. Москва, ул. Ферганская, д.25
</postalAddress>
                        <phone>7-495-6474189</phone>
                        <fax>7-495-6474603</fax>
                        <email>petrov-au@rosenergoatom.ru</email>
                        <okato>45290554000</okato>
                        <okpo>08844275</okpo>
                    </mainInfo>
                </ns2:customer>
                <ns2:purchaseMethodCode>3363</ns2:purchaseMethodCode>
                <ns2:purchaseCodeName>Закупка у единственного поставщика (исполнителя, подрядчика)</ns2:purchaseCodeName>
                <ns2:placer>
                    <mainInfo>
                        <fullName>Филиал АО «Концерн Росэнергоатом» «Балаковская атомная станция»</fullName>
                        <shortName>Балаковская АЭС</shortName>
                        <iko>57721632827643943001</iko>
                        <inn>7721632827</inn>
                        <kpp>643943001</kpp>
                        <ogrn>5087746119951</ogrn>
                        <legalAddress>413866, Натальинское муниципальное образование Балаковского муниципального района Саратовской области</legalAddress>
                        <postalAddress>413866, г.Балаково Саратовской области</postalAddress>
                        <phone>7-495-6474189</phone>
                        <fax>7-495-6474603</fax>
                        <email>petrov-au@rosenergoatom.ru</email>
                        <okato>63207860001</okato>
                        <okpo>12232744</okpo>
                    </mainInfo>
                </ns2:placer>
                <ns2:contact>
                    <firstName>ОЗиИ</firstName>
                    <middleName>О.А.</middleName>
                    <lastName>Инженер</lastName>
                    <phone>+8 (8453) 499534</phone>
                    <fax>+8 (8453) 499534</fax>
                    <email>borisovaoa@balaes.ru</email>
                    <organization>
                        <mainInfo>
                            <fullName>Филиал АО «Концерн Росэнергоатом» «Балаковская атомная станция»</fullName>
                            <shortName>Балаковская АЭС</shortName>
                            <iko>57721632827643943001</iko>
                            <inn>7721632827</inn>
                            <kpp>643943001</kpp>
                            <ogrn>5087746119951</ogrn>
                            <legalAddress>413866, Натальинское муниципальное образование Балаковского муниципального района Саратовской области</legalAddress>
                            <postalAddress>413866, г.Балаково Саратовской области</postalAddress>
                            <phone>7-495-6474189</phone>
                            <fax>7-495-6474603</fax>
                            <email>petrov-au@rosenergoatom.ru</email>
                            <okato>63207860001</okato>
                            <okpo>12232744</okpo>
                        </mainInfo>
                    </organization>
                </ns2:contact>
                <ns2:publicationDateTime>2017-03-16T10:39:54</ns2:publicationDateTime>
                <ns2:documentationDelivery/>
                <ns2:status>P</ns2:status>
                <ns2:version>1</ns2:version>
                <ns2:notDishonest>false</ns2:notDishonest>
                <ns2:attachments>
                    <totalDocumentsCount>3</totalDocumentsCount>
                    <document>
                        <guid>7a9888ea-fb0a-1ed7-81fd-a68da91602cd</guid>
                        <createDateTime>2017-03-13T13:01:44</createDateTime>
                        <fileName>Договор с ООО ФРЕЙССИНЕ.rar</fileName>
                        <description>Договор с ООО ФРЕЙССИНЕ</description>
                        <url>http://zakupki.gov.ru/223/purchase/public/download/download.html?id=30097233</url>
                    </document>
                    <document>
                        <guid>0addd403-d90a-1ed7-81f8-0323c2089f77</guid>
                        <createDateTime>2017-03-13T07:38:49</createDateTime>
                        <fileName>Извещение о закупке.doc</fileName>
                        <description>Извещение о закупке</description>
                        <url>http://zakupki.gov.ru/223/purchase/public/download/download.html?id=30097227</url>
                    </document>
                    <document>
                        <guid>0addd403-d90a-1ed7-81f7-f7f1ad4b92f5</guid>
                        <createDateTime>2017-03-13T07:36:19</createDateTime>
                        <fileName>Расчет НМЦ.pdf</fileName>
                        <description>Расчет НМЦ</description>
                        <url>http://zakupki.gov.ru/223/purchase/public/download/download.html?id=30097230</url>
                    </document>
                </ns2:attachments>
                <ns2:modificationDate>2017-03-16T10:39:54</ns2:modificationDate>
                <ns2:saveUserId>247131</ns2:saveUserId>
                <ns2:deliveryPlaceIndication>DIFFERENT_PLACE</ns2:deliveryPlaceIndication>
                <ns2:emergency>false</ns2:emergency>
                <ns2:jointPurchase>false</ns2:jointPurchase>
                <ns2:lots>
                    <lot>
                        <guid>f2f32b7a-a50a-1ee7-81a9-87de1bd511ff</guid>
                        <ordinalNumber>1</ordinalNumber>
                        <lotEditEnabled>true</lotEditEnabled>
                        <lotData>
                            <subject>Поставка армопучков СПЗО-М с комплектующими, материалами, оказание услуг по проведению шеф-монтажа</subject>
                            <currency>
                                <code>RUB</code>
                                <digitalCode>643</digitalCode>
                                <name>Российский рубль</name>
                            </currency>
                            <initialSum>99364573.70</initialSum>
                            <deliveryPlace>
                                <state>Центральный федеральный округ</state>
                                <region>Москва</region>
                                <regionOkato>45000000000</regionOkato>
                                <address>Склад Балаковской АЭС</address>
                            </deliveryPlace>
                            <lotItems>
                                <newCodes>true</newCodes>
                                <lotItem>
                                    <guid>f2f32b7a-a50a-1ee7-81a9-883d907911ff</guid>
                                    <ordinalNumber>1</ordinalNumber>
                                    <okpd2>
                                        <code>24.34.13.190</code>
                                        <name>Проволока холоднотянутая прочая из прочей легированной стали</name>
                                    </okpd2>
                                    <okved2>
                                        <code>25.93</code>
                                        <name>Производство изделий из проволоки, цепей и пружин</name>
                                    </okved2>
                                </lotItem>
                            </lotItems>
                            <forSmallOrMiddle>false</forSmallOrMiddle>
                            <excludePurchaseFromPlan>false</excludePurchaseFromPlan>
                            <subcontractorsRequirement>false</subcontractorsRequirement>
                            <ignoredPurchase>false</ignoredPurchase>
                            <centralized>false</centralized>
                        </lotData>
                        <deliveryPlaceIndication>GL</deliveryPlaceIndication>
                        <jointLotData>
                            <jointLot>false</jointLot>
                        </jointLotData>
                        <lotPlanInfo>
                            <planRegistrationNumber>2160184588</planRegistrationNumber>
                            <planGuid>400f977e-055d-496b-9b06-1fe1de4b483f</planGuid>
                            <positionNumber>1019700278</positionNumber>
                            <lotPlanPosition>COMMODITY</lotPlanPosition>
                            <positionGuid>2220fc00-0d0a-1ee6-bfe9-3caaeff3d31c</positionGuid>
                        </lotPlanInfo>
                        <cancelled>false</cancelled>
                    </lot>
                </ns2:lots>
            </ns2:purchaseNoticeEPData>
        </ns2:item>
    </ns2:body>
</ns2:purchaseNoticeEP>
