<?xml version="1.0" encoding="UTF-8" standalone="yes"?>
<ns2:purchaseNoticeEP xsi:schemaLocation="http://zakupki.gov.ru/223/integration/schema/TFF-5.2 http://zakupki.gov.ru/223/integration/schema/TFF-5.2/purchase.xsd" xmlns="http://zakupki.gov.ru/223fz/types/1" xmlns:ns10="http://zakupki.gov.ru/223fz/purchasePlan/1" xmlns:ns11="http://zakupki.gov.ru/223fz/purchasePlanProject/1" xmlns:ns12="http://zakupki.gov.ru/223fz/purchasePlanProjectAdditionalPosition/1" xmlns:ns13="http://zakupki.gov.ru/223fz/contract/1" xmlns:ns14="http://zakupki.gov.ru/223fz/missedNotice/1" xmlns:ns15="http://zakupki.gov.ru/223fz/reference/1" xmlns:ns16="http://zakupki.gov.ru/223fz/stopCommodity/1" xmlns:ns17="http://zakupki.gov.ru/223fz/decisionSuspension/1" xmlns:ns18="http://zakupki.gov.ru/223fz/purchasePlanAdditionalPosition/1" xmlns:ns19="http://zakupki.gov.ru/223fz/webRequest/1" xmlns:ns2="http://zakupki.gov.ru/223fz/purchase/1" xmlns:xsi="http://www.w3.org/2001/XMLSchema-instance" xmlns:ns3="http://zakupki.gov.ru/223fz/dishonestSupplier/1" xmlns:ns4="http://zakupki.gov.ru/223fz/machineryListInfo/1" xmlns:ns5="http://zakupki.gov.ru/223fz/revenue/1" xmlns:ns6="http://zakupki.gov.ru/223fz/orderClauseList/1" xmlns:ns7="http://zakupki.gov.ru/223fz/disagreementProtocol/1" xmlns:ns8="http://zakupki.gov.ru/223fz/complaint/1" xmlns:ns9="http://zakupki.gov.ru/223fz/notificationIssue/1">
    <header>
        <guid>2db14282-4042-4283-8574-bfe85177fe95</guid>
        <createDateTime>2017-03-16T17:07:20</createDateTime>
    </header>
    <ns2:body>
        <ns2:item>
            <guid>17b73d9a-ebdf-4558-b9e7-4cc6055236fc</guid>
            <ns2:purchaseNoticeEPData>
                <ns2:guid>17b73d9a-ebdf-4558-b9e7-4cc6055236fc</ns2:guid>
                <ns2:createDateTime>2017-03-16T17:01:29</ns2:createDateTime>
                <ns2:urlOOS>https://zakupki.gov.ru/223/purchase/private/purchase/notice-info/details.html?noticeInfoId=5887840</ns2:urlOOS>
                <ns2:registrationNumber>31704899541</ns2:registrationNumber>
                <ns2:name>Инструментально-лабораторные исследования </ns2:name>
                <ns2:customer>
                    <mainInfo>
                        <fullName>ГОСУДАРСТВЕННОЕ АВТОНОМНОЕ ОБЩЕОБРАЗОВАТЕЛЬНОЕ УЧРЕЖДЕНИЕ ГОРОДА МОСКВЫ "ГИМНАЗИЯ № 1518"</fullName>
                        <shortName>ГАОУ "ГИМНАЗИЯ № 1518"</shortName>
                        <iko>87717666051771701001</iko>
                        <inn>7717666051</inn>
                        <kpp>771701001</kpp>
                        <ogrn>1097746849419</ogrn>
                        <legalAddress>129085, Г МОСКВА, ПР-КТ МИРА, дом 87</legalAddress>
                        <postalAddress>129085, Москва Город, Мира Проспект, дом 87</postalAddress>
                        <phone>7-495-6876666</phone>
                        <fax>7-495-6871222</fax>
                        <email>1518@edu.mos.ru</email>
                        <okato>45280572000</okato>
                        <okpo>64547351</okpo>
                    </mainInfo>
                </ns2:customer>
                <ns2:purchaseMethodCode>3363</ns2:purchaseMethodCode>
                <ns2:purchaseCodeName>Закупка у единственного поставщика (исполнителя, подрядчика)</ns2:purchaseCodeName>
                <ns2:placer>
                    <mainInfo>
                        <fullName>ГОСУДАРСТВЕННОЕ АВТОНОМНОЕ ОБЩЕОБРАЗОВАТЕЛЬНОЕ УЧРЕЖДЕНИЕ ГОРОДА МОСКВЫ "ГИМНАЗИЯ № 1518"</fullName>
                        <shortName>ГАОУ "ГИМНАЗИЯ № 1518"</shortName>
                        <iko>87717666051771701001</iko>
                        <inn>7717666051</inn>
                        <kpp>771701001</kpp>
                        <ogrn>1097746849419</ogrn>
                        <legalAddress>129085, Г МОСКВА, ПР-КТ МИРА, дом 87</legalAddress>
                        <postalAddress>129085, Москва Город, Мира Проспект, дом 87</postalAddress>
                        <phone>7-495-6876666</phone>
                        <fax>7-495-6871222</fax>
                        <email>1518@edu.mos.ru</email>
                        <okato>45280572000</okato>
                        <okpo>64547351</okpo>
                    </mainInfo>
                </ns2:placer>
                <ns2:contact>
                    <phone>+7 (495) 6872580</phone>
                    <email>1518@edu.mos.ru</email>
                    <organization>
                        <mainInfo>
                            <fullName>ГОСУДАРСТВЕННОЕ АВТОНОМНОЕ ОБЩЕОБРАЗОВАТЕЛЬНОЕ УЧРЕЖДЕНИЕ ГОРОДА МОСКВЫ "ГИМНАЗИЯ № 1518"</fullName>
                            <shortName>ГАОУ "ГИМНАЗИЯ № 1518"</shortName>
                            <iko>87717666051771701001</iko>
                            <inn>7717666051</inn>
                            <kpp>771701001</kpp>
                            <ogrn>1097746849419</ogrn>
                            <legalAddress>129085, Г МОСКВА, ПР-КТ МИРА, дом 87</legalAddress>
                            <postalAddress>129085, Москва Город, Мира Проспект, дом 87</postalAddress>
                            <phone>7-495-6876666</phone>
                            <fax>7-495-6871222</fax>
                            <email>1518@edu.mos.ru</email>
                            <okato>45280572000</okato>
                            <okpo>64547351</okpo>
                        </mainInfo>
                    </organization>
                </ns2:contact>
                <ns2:publicationDateTime>2017-03-16T17:07:20</ns2:publicationDateTime>
                <ns2:documentationDelivery/>
                <ns2:status>P</ns2:status>
                <ns2:version>1</ns2:version>
                <ns2:notDishonest>false</ns2:notDishonest>
                <ns2:attachments>
                    <totalDocumentsCount>3</totalDocumentsCount>
                    <document>
                        <guid>1d3c5625-4a65-4946-9663-ee4d76e27c89</guid>
                        <createDateTime>2017-03-16T17:07:04</createDateTime>
                        <fileName>Документация о закупке.doc</fileName>
                        <description>Документация о закупке</description>
                        <url>http://zakupki.gov.ru/223/purchase/public/download/download.html?id=30118689</url>
                    </document>
                    <document>
                        <guid>d76c6cac-9bf6-45d2-8853-14769bbd401d</guid>
                        <createDateTime>2017-03-16T17:07:09</createDateTime>
                        <fileName>Проект договора.pdf</fileName>
                        <description>Проект договора</description>
                        <url>http://zakupki.gov.ru/223/purchase/public/download/download.html?id=30118691</url>
                    </document>
                    <document>
                        <guid>19d9b6f5-212c-44d4-a7c7-56594c8f3f7f</guid>
                        <createDateTime>2017-03-16T17:06:59</createDateTime>
                        <fileName>Извещение о проведении закупки у ед. поставщика.doc</fileName>
                        <description>Извещение о проведении закупки у ед. поставщика</description>
                        <url>http://zakupki.gov.ru/223/purchase/public/download/download.html?id=30118687</url>
                    </document>
                </ns2:attachments>
                <ns2:modificationDate>2017-03-16T17:07:20</ns2:modificationDate>
                <ns2:saveUserId>70055</ns2:saveUserId>
                <ns2:deliveryPlaceIndication>DIFFERENT_PLACE</ns2:deliveryPlaceIndication>
                <ns2:emergency>false</ns2:emergency>
                <ns2:jointPurchase>false</ns2:jointPurchase>
                <ns2:lots>
                    <lot>
                        <guid>583b4c4a-0a52-478b-add8-07e1ac80360b</guid>
                        <ordinalNumber>1</ordinalNumber>
                        <lotEditEnabled>false</lotEditEnabled>
                        <lotData>
                            <subject>Инструментально-лабораторные исследования </subject>
                            <currency>
                                <code>RUB</code>
                                <digitalCode>643</digitalCode>
                                <name>Российский рубль</name>
                            </currency>
                            <initialSum>141532.74</initialSum>
                            <deliveryPlace>
                                <state>Центральный федеральный округ</state>
                                <region>Москва</region>
                                <regionOkato>45000000000</regionOkato>
                                <address>г. Москва, проспект Мира, д. 85;
г. Москва, проспект Мира, д. 87;
г. Москва, проезд Мурманский, д. 4;
г. Москва, ул. Бочкова, д. 5, кор. 1</address>
                            </deliveryPlace>
                            <lotItems>
                                <newCodes>true</newCodes>
                                <lotItem>
                                    <guid>afcb09b5-67a0-4cc2-a8a3-d997bf07ad65</guid>
                                    <ordinalNumber>1</ordinalNumber>
                                    <okpd2>
                                        <code>86.90.1</code>
                                        <name>Услуги в области медицины прочие</name>
                                    </okpd2>
                                    <okved2>
                                        <code>86.90.1</code>
                                        <name>Деятельность организаций санитарно-эпидемиологической службы</name>
                                    </okved2>
                                    <okei>
                                        <code>876</code>
                                        <name>Условная единица</name>
                                    </okei>
                                    <qty>1</qty>
                                </lotItem>
                            </lotItems>
                            <forSmallOrMiddle>false</forSmallOrMiddle>
                            <excludePurchaseFromPlan>false</excludePurchaseFromPlan>
                            <subcontractorsRequirement>false</subcontractorsRequirement>
                            <ignoredPurchase>false</ignoredPurchase>
                            <centralized>false</centralized>
                        </lotData>
                        <deliveryPlaceIndication>GL</deliveryPlaceIndication>
                        <jointLotData>
                            <jointLot>false</jointLot>
                        </jointLotData>
                        <lotPlanInfo>
                            <planRegistrationNumber>2160202659</planRegistrationNumber>
                            <planGuid>1fb01592-dbe4-4b1e-a83c-116ce30cffd1</planGuid>
                            <positionNumber>26</positionNumber>
                            <lotPlanPosition>COMMODITY</lotPlanPosition>
                            <positionGuid>b0cc740f-2b8e-4850-bec0-e4b081367960</positionGuid>
                        </lotPlanInfo>
                        <cancelled>false</cancelled>
                    </lot>
                </ns2:lots>
            </ns2:purchaseNoticeEPData>
        </ns2:item>
    </ns2:body>
</ns2:purchaseNoticeEP>
