<?xml version="1.0" encoding="UTF-8" standalone="yes"?>
<ns2:purchaseNoticeEP xsi:schemaLocation="http://zakupki.gov.ru/223/integration/schema/TFF-5.2 http://zakupki.gov.ru/223/integration/schema/TFF-5.2/purchase.xsd" xmlns="http://zakupki.gov.ru/223fz/types/1" xmlns:ns10="http://zakupki.gov.ru/223fz/purchasePlan/1" xmlns:ns11="http://zakupki.gov.ru/223fz/purchasePlanProject/1" xmlns:ns12="http://zakupki.gov.ru/223fz/purchasePlanProjectAdditionalPosition/1" xmlns:ns13="http://zakupki.gov.ru/223fz/contract/1" xmlns:ns14="http://zakupki.gov.ru/223fz/missedNotice/1" xmlns:ns15="http://zakupki.gov.ru/223fz/reference/1" xmlns:ns16="http://zakupki.gov.ru/223fz/stopCommodity/1" xmlns:ns17="http://zakupki.gov.ru/223fz/decisionSuspension/1" xmlns:ns18="http://zakupki.gov.ru/223fz/purchasePlanAdditionalPosition/1" xmlns:ns19="http://zakupki.gov.ru/223fz/webRequest/1" xmlns:ns2="http://zakupki.gov.ru/223fz/purchase/1" xmlns:xsi="http://www.w3.org/2001/XMLSchema-instance" xmlns:ns3="http://zakupki.gov.ru/223fz/dishonestSupplier/1" xmlns:ns4="http://zakupki.gov.ru/223fz/machineryListInfo/1" xmlns:ns5="http://zakupki.gov.ru/223fz/revenue/1" xmlns:ns6="http://zakupki.gov.ru/223fz/orderClauseList/1" xmlns:ns7="http://zakupki.gov.ru/223fz/disagreementProtocol/1" xmlns:ns8="http://zakupki.gov.ru/223fz/complaint/1" xmlns:ns9="http://zakupki.gov.ru/223fz/notificationIssue/1">
    <header>
        <guid>e7786eec-6d4e-43b1-8bf0-23365c7106ac</guid>
        <createDateTime>2017-03-16T02:53:07</createDateTime>
    </header>
    <ns2:body>
        <ns2:item>
            <guid>dd137862-a14b-43d7-9ea2-22c7bd06be5c</guid>
            <ns2:purchaseNoticeEPData>
                <ns2:guid>dd137862-a14b-43d7-9ea2-22c7bd06be5c</ns2:guid>
                <ns2:createDateTime>2017-03-16T02:48:14</ns2:createDateTime>
                <ns2:urlOOS>https://zakupki.gov.ru/223/purchase/private/purchase/notice-info/details.html?noticeInfoId=5881657</ns2:urlOOS>
                <ns2:registrationNumber>31704894626</ns2:registrationNumber>
                <ns2:name>
Работы по регламентному техническомуобслуживанию медицинского оборудования
</ns2:name>
                <ns2:customer>
                    <mainInfo>
                        <fullName>ФЕДЕРАЛЬНОЕ ГОСУДАРСТВЕННОЕ АВТОНОМНОЕ УЧРЕЖДЕНИЕ "МЕЖОТРАСЛЕВОЙ НАУЧНО-ТЕХНИЧЕСКИЙ КОМПЛЕКС "МИКРОХИРУРГИЯ ГЛАЗА" ИМЕНИ АКАДЕМИКА С.Н. ФЕДОРОВА" МИНИСТЕРСТВА ЗДРАВООХРАНЕНИЯ РОССИЙСКОЙ ФЕДЕРАЦИИ</fullName>
                        <shortName>ФГАУ "МНТК "МИКРОХИРУРГИЯ ГЛАЗА" ИМ.АКАД. С.Н. ФЕДОРОВА" МИНЗДРАВА РОССИИ</shortName>
                        <iko>87713059497771301001</iko>
                        <inn>7713059497</inn>
                        <kpp>771301001</kpp>
                        <ogrn>1027739714606</ogrn>
                        <legalAddress>127486, Г МОСКВА, Б-Р БЕСКУДНИКОВСКИЙ, дом 59А</legalAddress>
                        <postalAddress>127486, Москва Город, Бескудниковский Бульвар, дом 59А</postalAddress>
                        <phone>7-495-4888747</phone>
                        <email>glaz-za-glaz@yandex.ru</email>
                        <okato>45277559000</okato>
                        <okpo>05332385</okpo>
                    </mainInfo>
                </ns2:customer>
                <ns2:detachedOrg>
                    <mainInfo>
                        <fullName>Хабаровский филиал Федерального  государственного автономного   учреждения «Межотраслевой научно- технический комплекс «Микрохирургия глаза»
имени академика С.Н. Федорова» Министерства здравоохранения  Российской Федерации
</fullName>
                        <inn>7713059497</inn>
                        <kpp>272502001</kpp>
                        <ogrn>1027739714606</ogrn>
                        <legalAddress>680033  г. Хабаровск, улица Тихоокеанская, дом 211  </legalAddress>
                        <postalAddress>127486, Москва Город, Бескудниковский Бульвар, дом 59А</postalAddress>
                    </mainInfo>
                </ns2:detachedOrg>
                <ns2:purchaseMethodCode>3363</ns2:purchaseMethodCode>
                <ns2:purchaseCodeName>Закупка у единственного поставщика (исполнителя, подрядчика)</ns2:purchaseCodeName>
                <ns2:placer>
                    <mainInfo>
                        <fullName>Хабаровский филиал Федерального  государственного автономного   учреждения «Межотраслевой научно- технический комплекс «Микрохирургия глаза»
имени академика С.Н. Федорова» Министерства здравоохранения  Российской Федерации
</fullName>
                        <shortName>Хабаровский филиал ФГАУ «МНТК «Микрохирургия глаза» им. акад. С.Н. Федорова» Минздрава России</shortName>
                        <iko>87713059497272502001</iko>
                        <inn>7713059497</inn>
                        <kpp>272502001</kpp>
                        <ogrn>1027739714606</ogrn>
                        <legalAddress>680033  г. Хабаровск, улица Тихоокеанская, дом 211  </legalAddress>
                        <postalAddress>127486, Москва Город, Бескудниковский Бульвар, дом 59А</postalAddress>
                        <phone>7-495-4888747</phone>
                        <fax>7-4212-722791</fax>
                        <email>glaz-za-glaz@yandex.ru</email>
                        <okato>08401371000</okato>
                        <okpo>05200637</okpo>
                    </mainInfo>
                </ns2:placer>
                <ns2:contact>
                    <firstName>Татьяна</firstName>
                    <middleName>Юрьевна</middleName>
                    <lastName>Рыженкова</lastName>
                    <phone>+7 (4212) 722791</phone>
                    <email>zakupki@khvmntk.ru</email>
                    <organization>
                        <mainInfo>
                            <fullName>ФЕДЕРАЛЬНОЕ ГОСУДАРСТВЕННОЕ АВТОНОМНОЕ УЧРЕЖДЕНИЕ "МЕЖОТРАСЛЕВОЙ НАУЧНО-ТЕХНИЧЕСКИЙ КОМПЛЕКС "МИКРОХИРУРГИЯ ГЛАЗА" ИМЕНИ АКАДЕМИКА С.Н. ФЕДОРОВА" МИНИСТЕРСТВА ЗДРАВООХРАНЕНИЯ РОССИЙСКОЙ ФЕДЕРАЦИИ</fullName>
                            <shortName>ФГАУ "МНТК "МИКРОХИРУРГИЯ ГЛАЗА" ИМ.АКАД. С.Н. ФЕДОРОВА" МИНЗДРАВА РОССИИ</shortName>
                            <iko>87713059497771301001</iko>
                            <inn>7713059497</inn>
                            <kpp>771301001</kpp>
                            <ogrn>1027739714606</ogrn>
                            <legalAddress>127486, Г МОСКВА, Б-Р БЕСКУДНИКОВСКИЙ, дом 59А</legalAddress>
                            <postalAddress>127486, Москва Город, Бескудниковский Бульвар, дом 59А</postalAddress>
                            <phone>7-495-4888747</phone>
                            <email>glaz-za-glaz@yandex.ru</email>
                            <okato>45277559000</okato>
                            <okpo>05332385</okpo>
                        </mainInfo>
                    </organization>
                </ns2:contact>
                <ns2:publicationDateTime>2017-03-16T02:53:07</ns2:publicationDateTime>
                <ns2:documentationDelivery>
                    <deliveryStartDateTime>2017-03-16</deliveryStartDateTime>
                    <deliveryEndDateTime>2017-03-16</deliveryEndDateTime>
                    <place>Документация размещена на Официальном сайте Единой информационной системы в сфере закупок:  www.zakupki.gov.ru  </place>
                    <procedure>Находится в свободном доступе</procedure>
                </ns2:documentationDelivery>
                <ns2:status>P</ns2:status>
                <ns2:version>1</ns2:version>
                <ns2:notDishonest>true</ns2:notDishonest>
                <ns2:attachments>
                    <totalDocumentsCount>1</totalDocumentsCount>
                    <document>
                        <guid>ff335266-2218-44e8-af8d-595c1e280b77</guid>
                        <createDateTime>2017-03-16T02:52:40</createDateTime>
                        <fileName>ЕП документация ТО оборудования.doc</fileName>
                        <description>ЕП документация ТО оборудования</description>
                        <url>http://zakupki.gov.ru/223/purchase/public/download/download.html?id=30088217</url>
                    </document>
                </ns2:attachments>
                <ns2:modificationDate>2017-03-16T02:53:07</ns2:modificationDate>
                <ns2:saveUserId>118082</ns2:saveUserId>
                <ns2:deliveryPlaceIndication>DIFFERENT_PLACE</ns2:deliveryPlaceIndication>
                <ns2:emergency>false</ns2:emergency>
                <ns2:jointPurchase>false</ns2:jointPurchase>
                <ns2:lots>
                    <lot>
                        <guid>ec6650d2-3a30-4990-b683-bd62cf0ebab7</guid>
                        <ordinalNumber>1</ordinalNumber>
                        <lotEditEnabled>false</lotEditEnabled>
                        <lotData>
                            <subject>работы по регламентному техническому обслуживанию медицинского оборудования</subject>
                            <currency>
                                <code>RUB</code>
                                <digitalCode>643</digitalCode>
                                <name>Российский рубль</name>
                            </currency>
                            <initialSum>182940.12</initialSum>
                            <deliveryPlace>
                                <state>Дальневосточный федеральный округ</state>
                                <region>Хабаровский край</region>
                                <regionOkato>08000000000</regionOkato>
                                <address>680033, г. Хабаровск, улица Тихоокеанская, 211</address>
                            </deliveryPlace>
                            <lotItems>
                                <newCodes>true</newCodes>
                                <lotItem>
                                    <guid>ae1f8374-e4b5-4b59-970a-823e6b16c614</guid>
                                    <ordinalNumber>1</ordinalNumber>
                                    <okpd2>
                                        <code>33.13.12.000</code>
                                        <name>Услуги по ремонту и техническому обслуживанию облучающего, электрического диагностического и электрического терапевтического оборудования, применяемого в медицинских целях</name>
                                    </okpd2>
                                    <okved2>
                                        <code>33.13</code>
                                        <name>Ремонт электронного и оптического оборудования</name>
                                    </okved2>
                                    <okei>
                                        <code>876</code>
                                        <name>Условная единица</name>
                                    </okei>
                                    <qty>1</qty>
                                    <additionalInfo>работы по регламентному техническому обслуживанию системы лазерной офтальмологической LENSX</additionalInfo>
                                </lotItem>
                            </lotItems>
                            <forSmallOrMiddle>false</forSmallOrMiddle>
                            <excludePurchaseFromPlan>false</excludePurchaseFromPlan>
                            <subcontractorsRequirement>false</subcontractorsRequirement>
                            <ignoredPurchase>false</ignoredPurchase>
                            <centralized>false</centralized>
                        </lotData>
                        <deliveryPlaceIndication>GL</deliveryPlaceIndication>
                        <jointLotData>
                            <jointLot>false</jointLot>
                        </jointLotData>
                        <lotPlanInfo>
                            <planRegistrationNumber>2160218529</planRegistrationNumber>
                            <planGuid>33db1874-5bc1-c566-1826-1575580d08e2</planGuid>
                            <positionNumber>1804</positionNumber>
                            <lotPlanPosition>COMMODITY</lotPlanPosition>
                            <positionGuid>8c78998f-feaf-8a3c-c4ca-7fc293c2e691</positionGuid>
                        </lotPlanInfo>
                        <cancelled>false</cancelled>
                    </lot>
                </ns2:lots>
            </ns2:purchaseNoticeEPData>
        </ns2:item>
    </ns2:body>
</ns2:purchaseNoticeEP>
