<?xml version="1.0" encoding="UTF-8" standalone="yes"?>
<ns2:purchaseNoticeEP xsi:schemaLocation="http://zakupki.gov.ru/223/integration/schema/TFF-5.2 http://zakupki.gov.ru/223/integration/schema/TFF-5.2/purchase.xsd" xmlns="http://zakupki.gov.ru/223fz/types/1" xmlns:ns10="http://zakupki.gov.ru/223fz/purchasePlan/1" xmlns:ns11="http://zakupki.gov.ru/223fz/purchasePlanProject/1" xmlns:ns12="http://zakupki.gov.ru/223fz/purchasePlanProjectAdditionalPosition/1" xmlns:ns13="http://zakupki.gov.ru/223fz/contract/1" xmlns:ns14="http://zakupki.gov.ru/223fz/missedNotice/1" xmlns:ns15="http://zakupki.gov.ru/223fz/reference/1" xmlns:ns16="http://zakupki.gov.ru/223fz/stopCommodity/1" xmlns:ns17="http://zakupki.gov.ru/223fz/decisionSuspension/1" xmlns:ns18="http://zakupki.gov.ru/223fz/purchasePlanAdditionalPosition/1" xmlns:ns19="http://zakupki.gov.ru/223fz/webRequest/1" xmlns:ns2="http://zakupki.gov.ru/223fz/purchase/1" xmlns:xsi="http://www.w3.org/2001/XMLSchema-instance" xmlns:ns3="http://zakupki.gov.ru/223fz/dishonestSupplier/1" xmlns:ns4="http://zakupki.gov.ru/223fz/machineryListInfo/1" xmlns:ns5="http://zakupki.gov.ru/223fz/revenue/1" xmlns:ns6="http://zakupki.gov.ru/223fz/orderClauseList/1" xmlns:ns7="http://zakupki.gov.ru/223fz/disagreementProtocol/1" xmlns:ns8="http://zakupki.gov.ru/223fz/complaint/1" xmlns:ns9="http://zakupki.gov.ru/223fz/notificationIssue/1">
    <header>
        <guid>7bd17b5d-8fcc-45dd-93b5-465946d10671</guid>
        <createDateTime>2017-03-16T17:29:49</createDateTime>
    </header>
    <ns2:body>
        <ns2:item>
            <guid>f5a34b0e-7f00-4013-b0aa-058abc4657b2</guid>
            <ns2:purchaseNoticeEPData>
                <ns2:guid>f5a34b0e-7f00-4013-b0aa-058abc4657b2</ns2:guid>
                <ns2:createDateTime>2017-03-16T17:16:55</ns2:createDateTime>
                <ns2:urlOOS>https://zakupki.gov.ru/223/purchase/private/purchase/notice-info/details.html?noticeInfoId=5887962</ns2:urlOOS>
                <ns2:registrationNumber>31704899711</ns2:registrationNumber>
                <ns2:name>Поставка природного газа на котельные Московской области обособленного подразделения «Подольское» АО "ГУ ЖКХ" (23 котельные)</ns2:name>
                <ns2:customer>
                    <mainInfo>
                        <fullName>АКЦИОНЕРНОЕ ОБЩЕСТВО "ГЛАВНОЕ УПРАВЛЕНИЕ ЖИЛИЩНО-КОММУНАЛЬНОГО ХОЗЯЙСТВА"</fullName>
                        <shortName>АО "ГУ ЖКХ"</shortName>
                        <iko>55116000922511601001</iko>
                        <inn>5116000922</inn>
                        <kpp>770401001</kpp>
                        <ogrn>1095110000325</ogrn>
                        <legalAddress>119021, г МОСКВА, пр-кт КОМСОМОЛЬСКИЙ, дом ДОМ 18, корпус СТРОЕНИЕ 3</legalAddress>
                        <postalAddress>119021, дом 18, строение 3</postalAddress>
                        <phone>7-499-7909111</phone>
                        <email>ZaicevVV@GUZHKH.RU</email>
                        <okato>47525000000</okato>
                        <okpo>08267116</okpo>
                    </mainInfo>
                </ns2:customer>
                <ns2:purchaseMethodCode>3363</ns2:purchaseMethodCode>
                <ns2:purchaseCodeName>Закупка у единственного поставщика (исполнителя, подрядчика)</ns2:purchaseCodeName>
                <ns2:placer>
                    <mainInfo>
                        <fullName>АКЦИОНЕРНОЕ ОБЩЕСТВО "ГЛАВНОЕ УПРАВЛЕНИЕ ЖИЛИЩНО-КОММУНАЛЬНОГО ХОЗЯЙСТВА"</fullName>
                        <shortName>АО "ГУ ЖКХ"</shortName>
                        <iko>55116000922511601001</iko>
                        <inn>5116000922</inn>
                        <kpp>770401001</kpp>
                        <ogrn>1095110000325</ogrn>
                        <legalAddress>119021, г МОСКВА, пр-кт КОМСОМОЛЬСКИЙ, дом ДОМ 18, корпус СТРОЕНИЕ 3</legalAddress>
                        <postalAddress>119021, дом 18, строение 3</postalAddress>
                        <phone>7-499-7909111</phone>
                        <email>ZaicevVV@GUZHKH.RU</email>
                        <okato>47525000000</okato>
                        <okpo>08267116</okpo>
                    </mainInfo>
                </ns2:placer>
                <ns2:contact>
                    <firstName>Михаил</firstName>
                    <middleName>Сергеевич</middleName>
                    <lastName>Чиганаев</lastName>
                    <phone>+7 (490) 7909111, доб.: 236</phone>
                    <email>ChiganaevMS@GUZHKH.RU</email>
                    <organization>
                        <mainInfo>
                            <fullName>АКЦИОНЕРНОЕ ОБЩЕСТВО "ГЛАВНОЕ УПРАВЛЕНИЕ ЖИЛИЩНО-КОММУНАЛЬНОГО ХОЗЯЙСТВА"</fullName>
                            <shortName>АО "ГУ ЖКХ"</shortName>
                            <iko>55116000922511601001</iko>
                            <inn>5116000922</inn>
                            <kpp>770401001</kpp>
                            <ogrn>1095110000325</ogrn>
                            <legalAddress>119021, г МОСКВА, пр-кт КОМСОМОЛЬСКИЙ, дом ДОМ 18, корпус СТРОЕНИЕ 3</legalAddress>
                            <postalAddress>119021, дом 18, строение 3</postalAddress>
                            <phone>7-499-7909111</phone>
                            <email>ZaicevVV@GUZHKH.RU</email>
                            <okato>47525000000</okato>
                            <okpo>08267116</okpo>
                        </mainInfo>
                    </organization>
                </ns2:contact>
                <ns2:publicationDateTime>2017-03-16T17:29:49</ns2:publicationDateTime>
                <ns2:documentationDelivery/>
                <ns2:status>P</ns2:status>
                <ns2:version>1</ns2:version>
                <ns2:notDishonest>true</ns2:notDishonest>
                <ns2:attachments>
                    <totalDocumentsCount>7</totalDocumentsCount>
                    <document>
                        <guid>c0996046-d4be-4431-a9a1-fae977e3e6ee</guid>
                        <createDateTime>2017-03-16T17:29:15</createDateTime>
                        <fileName>Приложение 2 Объемы 61-4.pdf</fileName>
                        <description>Приложение 2 Объемы 61-4</description>
                        <url>http://zakupki.gov.ru/223/purchase/public/download/download.html?id=30119442</url>
                    </document>
                    <document>
                        <guid>ccac4232-df69-4a6e-94a3-30e32184fdfc</guid>
                        <createDateTime>2017-03-16T17:29:21</createDateTime>
                        <fileName>Расчет РНЦ ОП Подольское.xlsx</fileName>
                        <description>Расчет РНЦ ОП Подольское</description>
                        <url>http://zakupki.gov.ru/223/purchase/public/download/download.html?id=30119443</url>
                    </document>
                    <document>
                        <guid>a293ea84-ecf0-401e-9fed-05e33e17ef46</guid>
                        <createDateTime>2017-03-16T17:28:56</createDateTime>
                        <fileName>Извещение рсо.doc</fileName>
                        <description>Извещение рсо</description>
                        <url>http://zakupki.gov.ru/223/purchase/public/download/download.html?id=30119428</url>
                    </document>
                    <document>
                        <guid>991189c2-7dd9-4887-9f44-0e3ab470d022</guid>
                        <createDateTime>2017-03-16T17:29:27</createDateTime>
                        <fileName>Расшифровка к договору 61-4.pdf</fileName>
                        <description>Расшифровка к договору 61-4</description>
                        <url>http://zakupki.gov.ru/223/purchase/public/download/download.html?id=30119446</url>
                    </document>
                    <document>
                        <guid>461b3170-d2c4-49fd-9900-696011ecb0f9</guid>
                        <createDateTime>2017-03-16T17:29:32</createDateTime>
                        <fileName>Техзадание 61-4.pdf</fileName>
                        <description>Техзадание 61-4</description>
                        <url>http://zakupki.gov.ru/223/purchase/public/download/download.html?id=30119447</url>
                    </document>
                    <document>
                        <guid>536a8e2a-8b30-4716-b353-d8a4081205ba</guid>
                        <createDateTime>2017-03-16T17:29:04</createDateTime>
                        <fileName>Обоснование 61-4.pdf</fileName>
                        <description>Обоснование 61-4</description>
                        <url>http://zakupki.gov.ru/223/purchase/public/download/download.html?id=30119436</url>
                    </document>
                    <document>
                        <guid>81eb01a9-6f15-4797-94dc-ca5ceafc97a9</guid>
                        <createDateTime>2017-03-16T17:29:09</createDateTime>
                        <fileName>Оферта договора 61-4-0709_17.pdf</fileName>
                        <description>Оферта договора 61-4-0709_17</description>
                        <url>http://zakupki.gov.ru/223/purchase/public/download/download.html?id=30119439</url>
                    </document>
                </ns2:attachments>
                <ns2:modificationDate>2017-03-16T17:29:49</ns2:modificationDate>
                <ns2:saveUserId>221696</ns2:saveUserId>
                <ns2:deliveryPlaceIndication>DIFFERENT_PLACE</ns2:deliveryPlaceIndication>
                <ns2:emergency>false</ns2:emergency>
                <ns2:jointPurchase>false</ns2:jointPurchase>
                <ns2:lots>
                    <lot>
                        <guid>e5830dd4-5411-4446-ae32-34932e2b5bbc</guid>
                        <ordinalNumber>1</ordinalNumber>
                        <lotEditEnabled>false</lotEditEnabled>
                        <lotData>
                            <subject>Поставка природного газа на котельные Московской области обособленного подразделения «Подольское» АО "ГУ ЖКХ" (23 котельные)</subject>
                            <currency>
                                <code>RUB</code>
                                <digitalCode>643</digitalCode>
                                <name>Российский рубль</name>
                            </currency>
                            <initialSum>184290202.24</initialSum>
                            <deliveryPlace>
                                <state>Центральный федеральный округ</state>
                                <region>Московская   обл</region>
                                <regionOkato>46000000000</regionOkato>
                                <address>В соответствии с техническим заданим</address>
                            </deliveryPlace>
                            <lotItems>
                                <newCodes>true</newCodes>
                                <lotItem>
                                    <guid>f889e00a-24c5-4c55-bbc4-85fb19b8f6d7</guid>
                                    <ordinalNumber>1</ordinalNumber>
                                    <okpd2>
                                        <code>35.23</code>
                                        <name>Услуги по торговле газом, подаваемым по трубопроводам</name>
                                    </okpd2>
                                    <okved2>
                                        <code>35.23</code>
                                        <name>Торговля газообразным топливом, подаваемым по распределительным сетям</name>
                                    </okved2>
                                    <okei>
                                        <code>114</code>
                                        <name>Тысяча кубических метров</name>
                                    </okei>
                                    <qty>28484.547</qty>
                                </lotItem>
                            </lotItems>
                            <forSmallOrMiddle>false</forSmallOrMiddle>
                            <excludePurchaseFromPlan>false</excludePurchaseFromPlan>
                            <subcontractorsRequirement>false</subcontractorsRequirement>
                            <ignoredPurchase>true</ignoredPurchase>
                            <purchaseCategory>
                                <code>8</code>
                                <name>Закупки услуг по водоснабжению, водоотведению, теплоснабжению и газоснабжению (за исключением услуг по реализации сжиженного газа), а также по подключению (присоединению) к сетям инженерно-технического обеспечения по регулируемым в соответствии с законодательством Российской Федерации ценам (тарифам)</name>
                            </purchaseCategory>
                            <centralized>false</centralized>
                        </lotData>
                        <deliveryPlaceIndication>GL</deliveryPlaceIndication>
                        <jointLotData>
                            <jointLot>false</jointLot>
                        </jointLotData>
                        <lotPlanInfo>
                            <planRegistrationNumber>2160197754</planRegistrationNumber>
                            <planGuid>5e15102f-f315-4169-a029-0a4cfc79b56a</planGuid>
                            <positionNumber>425</positionNumber>
                            <lotPlanPosition>COMMODITY</lotPlanPosition>
                            <positionGuid>ebcfa4b9-1a98-4de8-8d83-8b5ce51d2e4b</positionGuid>
                        </lotPlanInfo>
                        <cancelled>false</cancelled>
                    </lot>
                </ns2:lots>
            </ns2:purchaseNoticeEPData>
        </ns2:item>
    </ns2:body>
</ns2:purchaseNoticeEP>
