<?xml version="1.0" encoding="UTF-8" standalone="yes"?>
<ns2:orderClause xsi:schemaLocation="http://zakupki.gov.ru/223/integration/schema/TFF-5.2 http://zakupki.gov.ru/223/integration/schema/TFF-5.2/orderClause.xsd" xmlns="http://zakupki.gov.ru/223fz/types/1" xmlns:ns10="http://zakupki.gov.ru/223fz/purchase/1" xmlns:ns11="http://zakupki.gov.ru/223fz/machineryListInfo/1" xmlns:ns12="http://zakupki.gov.ru/223fz/revenue/1" xmlns:ns13="http://zakupki.gov.ru/223fz/contract/1" xmlns:ns14="http://zakupki.gov.ru/223fz/missedNotice/1" xmlns:ns15="http://zakupki.gov.ru/223fz/complaint/1" xmlns:ns16="http://zakupki.gov.ru/223fz/decisionSuspension/1" xmlns:ns17="http://zakupki.gov.ru/223fz/purchasePlanAdditionalPosition/1" xmlns:ns18="http://zakupki.gov.ru/223fz/notificationIssue/1" xmlns:ns19="http://zakupki.gov.ru/223fz/webRequest/1" xmlns:ns2="http://zakupki.gov.ru/223fz/orderClauseList/1" xmlns:xsi="http://www.w3.org/2001/XMLSchema-instance" xmlns:ns3="http://zakupki.gov.ru/223fz/dishonestSupplier/1" xmlns:ns4="http://zakupki.gov.ru/223fz/purchasePlan/1" xmlns:ns5="http://zakupki.gov.ru/223fz/purchasePlanProject/1" xmlns:ns6="http://zakupki.gov.ru/223fz/purchasePlanProjectAdditionalPosition/1" xmlns:ns7="http://zakupki.gov.ru/223fz/disagreementProtocol/1" xmlns:ns8="http://zakupki.gov.ru/223fz/reference/1" xmlns:ns9="http://zakupki.gov.ru/223fz/stopCommodity/1">
    <header>
        <guid>05b9c7b0-5558-4c4f-a9cf-c196957feb4f</guid>
        <createDateTime>2017-03-23T08:34:10</createDateTime>
    </header>
    <ns2:body>
        <ns2:item>
            <guid>4e22e013-3076-4c3e-aa32-64a7305c8dba</guid>
            <ns2:orderClauseData>
                <ns2:guid>4e22e013-3076-4c3e-aa32-64a7305c8dba</ns2:guid>
                <ns2:createDateTime>2017-03-23T10:29:40</ns2:createDateTime>
                <ns2:urlOOS>https://zakupki.gov.ru/223/clause/private/order-clause/info/common-info.html?clauseInfoId=280568</ns2:urlOOS>
                <ns2:customer>
                    <mainInfo>
                        <fullName>АКЦИОНЕРНОЕ ОБЩЕСТВО "СОВХОЗ"ЗНАМЕНСКИЙ"</fullName>
                        <shortName>АО"СОВХОЗ"ЗНАМЕНСКИЙ"</shortName>
                        <iko>56633025204663301001</iko>
                        <inn>6633025204</inn>
                        <kpp>663301001</kpp>
                        <ogrn>1169658081988</ogrn>
                        <legalAddress>624821, ОБЛ СВЕРДЛОВСКАЯ, С ЗНАМЕНСКОЕ, УЛ ПУШКИНА, дом ДОМ 39</legalAddress>
                        <postalAddress>624821, дом 39</postalAddress>
                        <phone>7-34373-62292</phone>
                        <fax>7-34373-62242</fax>
                        <email>Sovxoz.znam.ru@mail.ru</email>
                        <okato>65240811001</okato>
                        <okpo>00589240</okpo>
                    </mainInfo>
                </ns2:customer>
                <ns2:placer>
                    <mainInfo>
                        <fullName>АКЦИОНЕРНОЕ ОБЩЕСТВО "СОВХОЗ"ЗНАМЕНСКИЙ"</fullName>
                        <shortName>АО"СОВХОЗ"ЗНАМЕНСКИЙ"</shortName>
                        <iko>56633025204663301001</iko>
                        <inn>6633025204</inn>
                        <kpp>663301001</kpp>
                        <ogrn>1169658081988</ogrn>
                        <legalAddress>624821, ОБЛ СВЕРДЛОВСКАЯ, С ЗНАМЕНСКОЕ, УЛ ПУШКИНА, дом ДОМ 39</legalAddress>
                        <postalAddress>624821, дом 39</postalAddress>
                        <phone>7-34373-62292</phone>
                        <fax>7-34373-62242</fax>
                        <email>Sovxoz.znam.ru@mail.ru</email>
                        <okato>65240811001</okato>
                        <okpo>00589240</okpo>
                    </mainInfo>
                </ns2:placer>
                <ns2:status>P</ns2:status>
                <ns2:version>2</ns2:version>
                <ns2:name>Положение о закупках товаров, работ, услуг для собственных нужд АО "Совхоз "Знаменский"</ns2:name>
                <ns2:registrationNumber>1160108551</ns2:registrationNumber>
                <ns2:modificationDescription>Решение совета директоров АО "Совхоз "Знаменский" от 14.03.2017 г.</ns2:modificationDescription>
                <ns2:approveDate>2016-08-26</ns2:approveDate>
                <ns2:effectiveDate>2016-08-26</ns2:effectiveDate>
                <ns2:approverName>совет директоров АО "Совхоз "Знаменский"</ns2:approverName>
                <ns2:purchaseMethod>
                    <ns2:purchaseMethodCode>147484</ns2:purchaseMethodCode>
                    <ns2:purchaseMethodName>Запрос предложений в электронной форме</ns2:purchaseMethodName>
                    <ns2:digitalPurchase>true</ns2:digitalPurchase>
                </ns2:purchaseMethod>
                <ns2:purchaseMethod>
                    <ns2:purchaseMethodCode>147483</ns2:purchaseMethodCode>
                    <ns2:purchaseMethodName>Запрос предложений</ns2:purchaseMethodName>
                    <ns2:digitalPurchase>false</ns2:digitalPurchase>
                </ns2:purchaseMethod>
                <ns2:purchaseMethod>
                    <ns2:purchaseMethodCode>147482</ns2:purchaseMethodCode>
                    <ns2:purchaseMethodName>Запрос котировок в электронной форме</ns2:purchaseMethodName>
                    <ns2:digitalPurchase>true</ns2:digitalPurchase>
                </ns2:purchaseMethod>
                <ns2:purchaseMethod>
                    <ns2:purchaseMethodCode>3359</ns2:purchaseMethodCode>
                    <ns2:purchaseMethodName>Открытый конкурс</ns2:purchaseMethodName>
                    <ns2:digitalPurchase>false</ns2:digitalPurchase>
                </ns2:purchaseMethod>
                <ns2:purchaseMethod>
                    <ns2:purchaseMethodCode>3360</ns2:purchaseMethodCode>
                    <ns2:purchaseMethodName>Открытый аукцион</ns2:purchaseMethodName>
                    <ns2:digitalPurchase>false</ns2:digitalPurchase>
                </ns2:purchaseMethod>
                <ns2:purchaseMethod>
                    <ns2:purchaseMethodCode>3361</ns2:purchaseMethodCode>
                    <ns2:purchaseMethodName>Открытый аукцион в электронной форме</ns2:purchaseMethodName>
                    <ns2:digitalPurchase>true</ns2:digitalPurchase>
                </ns2:purchaseMethod>
                <ns2:purchaseMethod>
                    <ns2:purchaseMethodCode>3363</ns2:purchaseMethodCode>
                    <ns2:purchaseMethodName>Закупка у единственного поставщика (исполнителя, подрядчика)</ns2:purchaseMethodName>
                    <ns2:digitalPurchase>false</ns2:digitalPurchase>
                </ns2:purchaseMethod>
                <ns2:purchaseMethod>
                    <ns2:purchaseMethodCode>3362</ns2:purchaseMethodCode>
                    <ns2:purchaseMethodName>Запрос котировок</ns2:purchaseMethodName>
                    <ns2:digitalPurchase>false</ns2:digitalPurchase>
                </ns2:purchaseMethod>
                <ns2:publicationDateTime>2017-03-23T10:33:39</ns2:publicationDateTime>
                <ns2:attachments>
                    <totalDocumentsCount>2</totalDocumentsCount>
                    <document>
                        <guid>a8b5e5bb-cd45-46c7-b232-3be7d0eab9b0</guid>
                        <createDateTime>2017-03-23T08:32:20</createDateTime>
                        <fileName>Знаменский протокол СД от 14 марта 2017 г..pdf</fileName>
                        <description>Знаменский протокол СД от 14 марта 2017 г.</description>
                        <url>http://zakupki.gov.ru/223/clause/public/download/download.html?id=954343</url>
                    </document>
                    <document>
                        <guid>77f480b1-4026-4a50-918d-832d3ec28309</guid>
                        <createDateTime>2017-03-23T08:32:46</createDateTime>
                        <fileName>от 14.03.2017. НОВОЕ ПОЛОЖЕНИЕ О ЗАКУПКАХ АО Совхоз Знаменский .doc</fileName>
                        <description>от 14.03.2017. НОВОЕ ПОЛОЖЕНИЕ О ЗАКУПКАХ АО Совхоз Знаменский </description>
                        <url>http://zakupki.gov.ru/223/clause/public/download/download.html?id=954344</url>
                    </document>
                </ns2:attachments>
            </ns2:orderClauseData>
        </ns2:item>
    </ns2:body>
</ns2:orderClause>
