<?xml version="1.0" encoding="UTF-8" standalone="yes"?>
<ns2:orderClause xsi:schemaLocation="http://zakupki.gov.ru/223/integration/schema/TFF-5.2 http://zakupki.gov.ru/223/integration/schema/TFF-5.2/orderClause.xsd" xmlns="http://zakupki.gov.ru/223fz/types/1" xmlns:ns10="http://zakupki.gov.ru/223fz/purchase/1" xmlns:ns11="http://zakupki.gov.ru/223fz/machineryListInfo/1" xmlns:ns12="http://zakupki.gov.ru/223fz/revenue/1" xmlns:ns13="http://zakupki.gov.ru/223fz/contract/1" xmlns:ns14="http://zakupki.gov.ru/223fz/missedNotice/1" xmlns:ns15="http://zakupki.gov.ru/223fz/complaint/1" xmlns:ns16="http://zakupki.gov.ru/223fz/decisionSuspension/1" xmlns:ns17="http://zakupki.gov.ru/223fz/purchasePlanAdditionalPosition/1" xmlns:ns18="http://zakupki.gov.ru/223fz/notificationIssue/1" xmlns:ns19="http://zakupki.gov.ru/223fz/webRequest/1" xmlns:ns2="http://zakupki.gov.ru/223fz/orderClauseList/1" xmlns:xsi="http://www.w3.org/2001/XMLSchema-instance" xmlns:ns3="http://zakupki.gov.ru/223fz/dishonestSupplier/1" xmlns:ns4="http://zakupki.gov.ru/223fz/purchasePlan/1" xmlns:ns5="http://zakupki.gov.ru/223fz/purchasePlanProject/1" xmlns:ns6="http://zakupki.gov.ru/223fz/purchasePlanProjectAdditionalPosition/1" xmlns:ns7="http://zakupki.gov.ru/223fz/disagreementProtocol/1" xmlns:ns8="http://zakupki.gov.ru/223fz/reference/1" xmlns:ns9="http://zakupki.gov.ru/223fz/stopCommodity/1">
    <header>
        <guid>b612589d-ba88-4377-9d07-60fbee8b645b</guid>
        <createDateTime>2017-03-23T14:57:28</createDateTime>
    </header>
    <ns2:body>
        <ns2:item>
            <guid>030d4017-d4be-4848-8de5-42a713ea88fa</guid>
            <ns2:orderClauseData>
                <ns2:guid>030d4017-d4be-4848-8de5-42a713ea88fa</ns2:guid>
                <ns2:createDateTime>2017-03-23T16:49:28</ns2:createDateTime>
                <ns2:urlOOS>https://zakupki.gov.ru/223/clause/private/order-clause/info/common-info.html?clauseInfoId=280676</ns2:urlOOS>
                <ns2:customer>
                    <mainInfo>
                        <fullName>МУНИЦИПАЛЬНОЕ АВТОНОМНОЕ ДОШКОЛЬНОЕ ОБРАЗОВАТЕЛЬНОЕ УЧРЕЖДЕНИЕ ДЕТСКИЙ САД № 48</fullName>
                        <shortName>МАДОУ ДЕТСКИЙ САД № 48</shortName>
                        <iko>86664067557667401001</iko>
                        <inn>6664067557</inn>
                        <kpp>667401001</kpp>
                        <ogrn>1026605761115</ogrn>
                        <legalAddress>620130, обл СВЕРДЛОВСКАЯ, г ЕКАТЕРИНБУРГ, ул БЕЛИНСКОГО, дом 226, корпус А</legalAddress>
                        <postalAddress>620130, Свердловская Область, Екатеринбург Город, Белинского Улица, дом 226, корпус а</postalAddress>
                        <phone>7-343-2601828</phone>
                        <email>mbdou48@bk.ru</email>
                        <okato>65401390000</okato>
                        <okpo>51829728</okpo>
                    </mainInfo>
                </ns2:customer>
                <ns2:placer>
                    <mainInfo>
                        <fullName>МУНИЦИПАЛЬНОЕ АВТОНОМНОЕ ДОШКОЛЬНОЕ ОБРАЗОВАТЕЛЬНОЕ УЧРЕЖДЕНИЕ ДЕТСКИЙ САД № 48</fullName>
                        <shortName>МАДОУ ДЕТСКИЙ САД № 48</shortName>
                        <iko>86664067557667401001</iko>
                        <inn>6664067557</inn>
                        <kpp>667401001</kpp>
                        <ogrn>1026605761115</ogrn>
                        <legalAddress>620130, обл СВЕРДЛОВСКАЯ, г ЕКАТЕРИНБУРГ, ул БЕЛИНСКОГО, дом 226, корпус А</legalAddress>
                        <postalAddress>620130, Свердловская Область, Екатеринбург Город, Белинского Улица, дом 226, корпус а</postalAddress>
                        <phone>7-343-2601828</phone>
                        <email>mbdou48@bk.ru</email>
                        <okato>65401390000</okato>
                        <okpo>51829728</okpo>
                    </mainInfo>
                </ns2:placer>
                <ns2:status>P</ns2:status>
                <ns2:version>3</ns2:version>
                <ns2:name>Положение о закупке товаров, работ, услуг для нужд Муниципального автономного дошкольного образовательного учреждения детского сада № 48 </ns2:name>
                <ns2:registrationNumber>1140049943</ns2:registrationNumber>
                <ns2:modificationDescription>В связи с переименованием Управления образования Администрации города Екатеринбурга в Департамент образования Администрации города Екатеринбурга </ns2:modificationDescription>
                <ns2:approveDate>2017-03-09</ns2:approveDate>
                <ns2:effectiveDate>2017-03-09</ns2:effectiveDate>
                <ns2:approverName>Решением наблюдательного совета МАДОУ детского сада № 48</ns2:approverName>
                <ns2:purchaseMethod>
                    <ns2:purchaseMethodCode>3363</ns2:purchaseMethodCode>
                    <ns2:purchaseMethodName>Закупка у единственного поставщика (исполнителя, подрядчика)</ns2:purchaseMethodName>
                    <ns2:digitalPurchase>false</ns2:digitalPurchase>
                </ns2:purchaseMethod>
                <ns2:purchaseMethod>
                    <ns2:purchaseMethodCode>3362</ns2:purchaseMethodCode>
                    <ns2:purchaseMethodName>Запрос котировок</ns2:purchaseMethodName>
                    <ns2:digitalPurchase>false</ns2:digitalPurchase>
                </ns2:purchaseMethod>
                <ns2:purchaseMethod>
                    <ns2:purchaseMethodCode>3361</ns2:purchaseMethodCode>
                    <ns2:purchaseMethodName>Открытый аукцион в электронной форме</ns2:purchaseMethodName>
                    <ns2:digitalPurchase>true</ns2:digitalPurchase>
                </ns2:purchaseMethod>
                <ns2:purchaseMethod>
                    <ns2:purchaseMethodCode>3360</ns2:purchaseMethodCode>
                    <ns2:purchaseMethodName>Открытый аукцион</ns2:purchaseMethodName>
                    <ns2:digitalPurchase>false</ns2:digitalPurchase>
                </ns2:purchaseMethod>
                <ns2:purchaseMethod>
                    <ns2:purchaseMethodCode>3359</ns2:purchaseMethodCode>
                    <ns2:purchaseMethodName>Открытый конкурс</ns2:purchaseMethodName>
                    <ns2:digitalPurchase>false</ns2:digitalPurchase>
                </ns2:purchaseMethod>
                <ns2:publicationDateTime>2017-03-23T16:56:38</ns2:publicationDateTime>
                <ns2:attachments>
                    <totalDocumentsCount>1</totalDocumentsCount>
                    <document>
                        <guid>d582caeb-7c67-4b3d-a43f-56736dd05eba</guid>
                        <createDateTime>2017-03-23T14:55:22</createDateTime>
                        <fileName>Положение о закупке товаров, работ, услуг для нужд МАДОУ детского сада № 48.docx</fileName>
                        <description>Положение о закупке товаров, работ, услуг для нужд МАДОУ детского сада № 48</description>
                        <url>http://zakupki.gov.ru/223/clause/public/download/download.html?id=954857</url>
                    </document>
                </ns2:attachments>
            </ns2:orderClauseData>
        </ns2:item>
    </ns2:body>
</ns2:orderClause>
