<?xml version="1.0" encoding="UTF-8" standalone="yes"?>
<ns2:purchaseNoticeEP xsi:schemaLocation="http://zakupki.gov.ru/223/integration/schema/TFF-5.2 http://zakupki.gov.ru/223/integration/schema/TFF-5.2/purchase.xsd" xmlns="http://zakupki.gov.ru/223fz/types/1" xmlns:ns10="http://zakupki.gov.ru/223fz/reference/1" xmlns:ns11="http://zakupki.gov.ru/223fz/stopCommodity/1" xmlns:ns12="http://zakupki.gov.ru/223fz/decisionSuspension/1" xmlns:ns13="http://zakupki.gov.ru/223fz/purchasePlanAdditionalPosition/1" xmlns:ns14="http://zakupki.gov.ru/223fz/machineryListInfo/1" xmlns:ns15="http://zakupki.gov.ru/223fz/revenue/1" xmlns:ns16="http://zakupki.gov.ru/223fz/orderClauseList/1" xmlns:ns17="http://zakupki.gov.ru/223fz/disagreementProtocol/1" xmlns:ns18="http://zakupki.gov.ru/223fz/complaint/1" xmlns:ns19="http://zakupki.gov.ru/223fz/webRequest/1" xmlns:ns2="http://zakupki.gov.ru/223fz/purchase/1" xmlns:xsi="http://www.w3.org/2001/XMLSchema-instance" xmlns:ns3="http://zakupki.gov.ru/223fz/dishonestSupplier/1" xmlns:ns4="http://zakupki.gov.ru/223fz/notificationIssue/1" xmlns:ns5="http://zakupki.gov.ru/223fz/purchasePlan/1" xmlns:ns6="http://zakupki.gov.ru/223fz/purchasePlanProject/1" xmlns:ns7="http://zakupki.gov.ru/223fz/purchasePlanProjectAdditionalPosition/1" xmlns:ns8="http://zakupki.gov.ru/223fz/contract/1" xmlns:ns9="http://zakupki.gov.ru/223fz/missedNotice/1">
    <header>
        <guid>bff40ac3-8795-480b-ac1d-937561b1be07</guid>
        <createDateTime>2017-01-30T13:34:31</createDateTime>
    </header>
    <ns2:body>
        <ns2:item>
            <guid>9b17580d-10f0-4b02-b2a3-719ed80afadb</guid>
            <ns2:purchaseNoticeEPData>
                <ns2:guid>9b17580d-10f0-4b02-b2a3-719ed80afadb</ns2:guid>
                <ns2:createDateTime>2017-01-30T17:26:42</ns2:createDateTime>
                <ns2:urlOOS>https://zakupki.gov.ru/223/purchase/private/purchase/notice-info/details.html?noticeInfoId=5675049</ns2:urlOOS>
                <ns2:registrationNumber>31704726068</ns2:registrationNumber>
                <ns2:name>Оказание услуг по передаче электрической энергии</ns2:name>
                <ns2:customer>
                    <mainInfo>
                        <fullName>АВТОНОМНОЕ ПРОФЕССИОНАЛЬНОЕ ОБРАЗОВАТЕЛЬНОЕ УЧРЕЖДЕНИЕ РЕСПУБЛИКИ АЛТАЙ "МАЙМИНСКИЙ СЕЛЬСКОХОЗЯЙСТВЕННЫЙ ТЕХНИКУМ"</fullName>
                        <shortName>АПОУ РА "МАЙМИНСКИЙ СЕЛЬСКОХОЗЯЙСТВЕННЫЙ ТЕХНИКУМ"</shortName>
                        <iko>50408000173040801001</iko>
                        <inn>0408000173</inn>
                        <kpp>040801001</kpp>
                        <ogrn>1020400665834</ogrn>
                        <legalAddress>649100, РЕСП АЛТАЙ, С МАЙМА, УЛ 50 ЛЕТ ПОБЕДЫ, дом 10</legalAddress>
                        <postalAddress>649100 Республика Алтай с. Майма ул 50 лет Победы 10</postalAddress>
                        <phone>7-38844-25514</phone>
                        <email>maimapu49@mail.ru</email>
                        <okato>84215830001</okato>
                        <okpo>02503923</okpo>
                    </mainInfo>
                </ns2:customer>
                <ns2:purchaseMethodCode>3363</ns2:purchaseMethodCode>
                <ns2:purchaseCodeName>Закупка у единственного поставщика (исполнителя, подрядчика)</ns2:purchaseCodeName>
                <ns2:placer>
                    <mainInfo>
                        <fullName>АВТОНОМНОЕ ПРОФЕССИОНАЛЬНОЕ ОБРАЗОВАТЕЛЬНОЕ УЧРЕЖДЕНИЕ РЕСПУБЛИКИ АЛТАЙ "МАЙМИНСКИЙ СЕЛЬСКОХОЗЯЙСТВЕННЫЙ ТЕХНИКУМ"</fullName>
                        <shortName>АПОУ РА "МАЙМИНСКИЙ СЕЛЬСКОХОЗЯЙСТВЕННЫЙ ТЕХНИКУМ"</shortName>
                        <iko>50408000173040801001</iko>
                        <inn>0408000173</inn>
                        <kpp>040801001</kpp>
                        <ogrn>1020400665834</ogrn>
                        <legalAddress>649100, РЕСП АЛТАЙ, С МАЙМА, УЛ 50 ЛЕТ ПОБЕДЫ, дом 10</legalAddress>
                        <postalAddress>649100 Республика Алтай с. Майма ул 50 лет Победы 10</postalAddress>
                        <phone>7-38844-25514</phone>
                        <email>maimapu49@mail.ru</email>
                        <okato>84215830001</okato>
                        <okpo>02503923</okpo>
                    </mainInfo>
                </ns2:placer>
                <ns2:contact>
                    <phone>+7 (38844) 25512</phone>
                    <email>maimapu49@mail.ru</email>
                    <organization>
                        <mainInfo>
                            <fullName>АВТОНОМНОЕ ПРОФЕССИОНАЛЬНОЕ ОБРАЗОВАТЕЛЬНОЕ УЧРЕЖДЕНИЕ РЕСПУБЛИКИ АЛТАЙ "МАЙМИНСКИЙ СЕЛЬСКОХОЗЯЙСТВЕННЫЙ ТЕХНИКУМ"</fullName>
                            <shortName>АПОУ РА "МАЙМИНСКИЙ СЕЛЬСКОХОЗЯЙСТВЕННЫЙ ТЕХНИКУМ"</shortName>
                            <iko>50408000173040801001</iko>
                            <inn>0408000173</inn>
                            <kpp>040801001</kpp>
                            <ogrn>1020400665834</ogrn>
                            <legalAddress>649100, РЕСП АЛТАЙ, С МАЙМА, УЛ 50 ЛЕТ ПОБЕДЫ, дом 10</legalAddress>
                            <postalAddress>649100 Республика Алтай с. Майма ул 50 лет Победы 10</postalAddress>
                            <phone>7-38844-25514</phone>
                            <email>maimapu49@mail.ru</email>
                            <okato>84215830001</okato>
                            <okpo>02503923</okpo>
                        </mainInfo>
                    </organization>
                </ns2:contact>
                <ns2:publicationDateTime>2017-01-30T17:34:31</ns2:publicationDateTime>
                <ns2:documentationDelivery>
                    <deliveryStartDateTime>2017-01-01</deliveryStartDateTime>
                    <deliveryEndDateTime>2017-12-31</deliveryEndDateTime>
                </ns2:documentationDelivery>
                <ns2:status>P</ns2:status>
                <ns2:version>1</ns2:version>
                <ns2:notDishonest>false</ns2:notDishonest>
                <ns2:attachments>
                    <totalDocumentsCount>1</totalDocumentsCount>
                    <document>
                        <guid>241bfee7-b592-441c-a764-5d5cc56a9695</guid>
                        <createDateTime>2017-01-30T13:32:35</createDateTime>
                        <fileName>передача электро энергии.doc</fileName>
                        <description>передача электро энергии</description>
                        <url>http://zakupki.gov.ru/223/purchase/public/download/download.html?id=28926464</url>
                    </document>
                </ns2:attachments>
                <ns2:modificationDate>2017-01-30T17:34:31</ns2:modificationDate>
                <ns2:saveUserId>221622</ns2:saveUserId>
                <ns2:deliveryPlaceIndication>DIFFERENT_PLACE</ns2:deliveryPlaceIndication>
                <ns2:emergency>false</ns2:emergency>
                <ns2:jointPurchase>false</ns2:jointPurchase>
                <ns2:lots>
                    <lot>
                        <guid>81650da6-3f69-47fc-93f5-e61e804a533c</guid>
                        <ordinalNumber>1</ordinalNumber>
                        <lotEditEnabled>false</lotEditEnabled>
                        <lotData>
                            <subject>Оказание услуг по передаче электрической энергии</subject>
                            <currency>
                                <code>RUB</code>
                                <digitalCode>643</digitalCode>
                                <name>Российский рубль</name>
                            </currency>
                            <initialSum>1566.20</initialSum>
                            <deliveryPlace>
                                <state>Сибирский федеральный округ</state>
                                <region>Алтай Респ </region>
                                <regionOkato>84000000000</regionOkato>
                                <address>Республика Алтай , Майминский район, с.Майма ул.50 лет Победы, 10</address>
                            </deliveryPlace>
                            <lotItems>
                                <newCodes>true</newCodes>
                                <lotItem>
                                    <guid>23297084-8414-4efd-891e-60558b4e7e76</guid>
                                    <ordinalNumber>1</ordinalNumber>
                                    <okpd2>
                                        <code>35.11.10.110</code>
                                        <name>Электроэнергия, произведенная электростанциями общего назначения</name>
                                    </okpd2>
                                    <okved2>
                                        <code>85.41.9</code>
                                        <name>Образование дополнительное детей и взрослых прочее, не включенное в другие группировки</name>
                                    </okved2>
                                    <okei>
                                        <code>245</code>
                                        <name>Киловатт-час</name>
                                    </okei>
                                    <qty>220407</qty>
                                </lotItem>
                            </lotItems>
                            <forSmallOrMiddle>false</forSmallOrMiddle>
                            <excludePurchaseFromPlan>false</excludePurchaseFromPlan>
                            <subcontractorsRequirement>false</subcontractorsRequirement>
                            <ignoredPurchase>false</ignoredPurchase>
                            <centralized>false</centralized>
                        </lotData>
                        <deliveryPlaceIndication>GL</deliveryPlaceIndication>
                        <jointLotData>
                            <jointLot>false</jointLot>
                        </jointLotData>
                        <lotPlanInfo>
                            <planRegistrationNumber>2160200509</planRegistrationNumber>
                            <planGuid>14817c49-56d3-41a5-92ba-52e48405bfd9</planGuid>
                            <positionNumber>2</positionNumber>
                            <lotPlanPosition>COMMODITY</lotPlanPosition>
                            <positionGuid>6dbb2a78-0bdd-474d-a8c6-b6d9f088b149</positionGuid>
                        </lotPlanInfo>
                        <cancelled>false</cancelled>
                    </lot>
                </ns2:lots>
            </ns2:purchaseNoticeEPData>
        </ns2:item>
    </ns2:body>
</ns2:purchaseNoticeEP>
