<?xml version="1.0" encoding="UTF-8" standalone="yes"?>
<ns2:explanation xsi:schemaLocation="http://zakupki.gov.ru/223/integration/schema/TFF-5.2 http://zakupki.gov.ru/223/integration/schema/TFF-5.2/purchase.xsd" xmlns="http://zakupki.gov.ru/223fz/types/1" xmlns:ns10="http://zakupki.gov.ru/223fz/machineryListInfo/1" xmlns:ns11="http://zakupki.gov.ru/223fz/revenue/1" xmlns:ns12="http://zakupki.gov.ru/223fz/orderClauseList/1" xmlns:ns13="http://zakupki.gov.ru/223fz/contract/1" xmlns:ns14="http://zakupki.gov.ru/223fz/missedNotice/1" xmlns:ns15="http://zakupki.gov.ru/223fz/complaint/1" xmlns:ns16="http://zakupki.gov.ru/223fz/decisionSuspension/1" xmlns:ns17="http://zakupki.gov.ru/223fz/purchasePlanAdditionalPosition/1" xmlns:ns18="http://zakupki.gov.ru/223fz/notificationIssue/1" xmlns:ns19="http://zakupki.gov.ru/223fz/webRequest/1" xmlns:ns2="http://zakupki.gov.ru/223fz/purchase/1" xmlns:xsi="http://www.w3.org/2001/XMLSchema-instance" xmlns:ns3="http://zakupki.gov.ru/223fz/dishonestSupplier/1" xmlns:ns4="http://zakupki.gov.ru/223fz/purchasePlan/1" xmlns:ns5="http://zakupki.gov.ru/223fz/purchasePlanProject/1" xmlns:ns6="http://zakupki.gov.ru/223fz/purchasePlanProjectAdditionalPosition/1" xmlns:ns7="http://zakupki.gov.ru/223fz/disagreementProtocol/1" xmlns:ns8="http://zakupki.gov.ru/223fz/reference/1" xmlns:ns9="http://zakupki.gov.ru/223fz/stopCommodity/1">
    <header>
        <guid>72a555e0-0cde-4d3b-8b5a-1cb592b882c2</guid>
        <createDateTime>2017-03-22T13:32:58</createDateTime>
    </header>
    <ns2:body>
        <ns2:item>
            <guid>54c9d107-2f78-94b8-a8a4-9c797111ead8</guid>
            <ns2:explanationData>
                <ns2:guid>54c9d107-2f78-94b8-a8a4-9c797111ead8</ns2:guid>
                <ns2:urlOOS>https://zakupki.gov.ru/223/purchase/private/purchase/explanation/details.html?explanationId=307263</ns2:urlOOS>
                <ns2:description>Предварительное соглашение со страховой заключается на случай, если участник станет ПОБЕДИТЕЛЕМ данной процедуры. Поэтому для заключения ПРЕДВАРИТЕЛЬНОГО соглашения со страховой организацией запрашиваемые Вами данные – не нужны (это всего лишь СОГЛАШЕНИЕ, а не договор на страхование). Договор на страхование со страховой организацией будет заключаться Победителем данной процедуры после заключения договора подряда с Заказчиком, либо в момент заключения договора подряда с Заказчиком.</ns2:description>
                <ns2:requestSubjectInfo>На основании требований: Участник должен представить заверенную печатью организации с подписью уполномоченного лица Участника копию подписанного с двух сторон предварительного соглашения со страховой компанией о страховании объекта в случае принятия решения о заключении договора с участником закупки.
Страхование объекта включает в себя комбинированное страхование рисков случайной гибели или случайного повреждения объекта, материалов, оборудования и другого имущества, используемого при выполнении работ и оказании услуг, ответственности за причинение вреда третьим лицам при проведении строительно-монтажных работ на объекте. 

Для предварительного расчета стоимости страхования, просим предоставить более подробную  информацию о точных характеристиках объекта: общая площадь, ориентировочная его цена, на какую сумму материалы, оборудование на этом объекте. 

</ns2:requestSubjectInfo>
                <ns2:requestDate>2017-03-22T11:13:35</ns2:requestDate>
                <ns2:status>P</ns2:status>
                <ns2:creationDate>2017-03-22T15:24:01</ns2:creationDate>
                <ns2:modificationDate>2017-03-22T15:32:58</ns2:modificationDate>
                <ns2:decisionDate>2017-03-22T13:24:01</ns2:decisionDate>
                <ns2:publishDate>2017-03-22T15:32:58</ns2:publishDate>
                <ns2:attachments>
                    <totalDocumentsCount>2</totalDocumentsCount>
                    <document>
                        <guid>148db7ef-37a7-fc54-d09c-55f09326b612</guid>
                        <createDateTime>2017-03-22T13:23:58</createDateTime>
                        <fileName>Ответ3.docx</fileName>
                        <description>Ответ3.docx</description>
                        <url>http://zakupki.gov.ru/223/purchase/public/download/download.html?id=30246958</url>
                    </document>
                    <document>
                        <guid>24fcddcc-b760-86c0-ecdd-6ce39c5ca604</guid>
                        <createDateTime>2017-03-22T11:13:23</createDateTime>
                        <fileName>Запрос_на_разъяснение_документации_к_процедуре[7].rtf</fileName>
                        <description>Запрос_на_разъяснение_документации_к_процедуре[7].rtf</description>
                        <url>http://zakupki.gov.ru/223/purchase/public/download/download.html?id=30246959</url>
                    </document>
                </ns2:attachments>
                <ns2:purchaseRegNum>31704872988</ns2:purchaseRegNum>
                <ns2:purchaseMethodCode>2910</ns2:purchaseMethodCode>
                <ns2:purchaseMethodName>открытый запрос предложений</ns2:purchaseMethodName>
                <ns2:purchaseName>Право заключения договора подряда на выполнение строительно-монтажных и пусконаладочных работ по объекту: «Установка системы видеонаблюдения на ПС «Паклинская», ПС «Гранитная» ПО «ЧГЭС» производственного отделения «Челябинские городские электрические сети» филиала ОАО «МРСК Урала» - «Челябэнерго».</ns2:purchaseName>
                <ns2:placer>
                    <mainInfo>
                        <fullName>Открытое акционерное общество "Межрегиональная распределительная сетевая компания Урала"</fullName>
                        <shortName>ОАО "МРСК Урала"</shortName>
                        <iko>56671163413667201001</iko>
                        <inn>6671163413</inn>
                        <kpp>667201001</kpp>
                        <ogrn>1056604000970</ogrn>
                        <legalAddress>620026, Свердловская, Екатеринбург, Мамина-Сибиряка, дом 140</legalAddress>
                        <postalAddress>620026, Свердловская область, Екатеринбург, Мамина-Сибиряка, дом 140 </postalAddress>
                        <phone>7-343-2152600</phone>
                        <fax>7-343-2152661</fax>
                        <email>mrsk@mrsk-ural.ru</email>
                        <okato>65401000000</okato>
                        <okpo>76507836</okpo>
                    </mainInfo>
                </ns2:placer>
                <ns2:emergency>false</ns2:emergency>
            </ns2:explanationData>
        </ns2:item>
    </ns2:body>
</ns2:explanation>
