<?xml version="1.0" encoding="UTF-8" standalone="yes"?>
<ns2:explanation xsi:schemaLocation="http://zakupki.gov.ru/223/integration/schema/TFF-5.2 http://zakupki.gov.ru/223/integration/schema/TFF-5.2/purchase.xsd" xmlns="http://zakupki.gov.ru/223fz/types/1" xmlns:ns10="http://zakupki.gov.ru/223fz/machineryListInfo/1" xmlns:ns11="http://zakupki.gov.ru/223fz/revenue/1" xmlns:ns12="http://zakupki.gov.ru/223fz/orderClauseList/1" xmlns:ns13="http://zakupki.gov.ru/223fz/contract/1" xmlns:ns14="http://zakupki.gov.ru/223fz/missedNotice/1" xmlns:ns15="http://zakupki.gov.ru/223fz/complaint/1" xmlns:ns16="http://zakupki.gov.ru/223fz/decisionSuspension/1" xmlns:ns17="http://zakupki.gov.ru/223fz/purchasePlanAdditionalPosition/1" xmlns:ns18="http://zakupki.gov.ru/223fz/notificationIssue/1" xmlns:ns19="http://zakupki.gov.ru/223fz/webRequest/1" xmlns:ns2="http://zakupki.gov.ru/223fz/purchase/1" xmlns:xsi="http://www.w3.org/2001/XMLSchema-instance" xmlns:ns3="http://zakupki.gov.ru/223fz/dishonestSupplier/1" xmlns:ns4="http://zakupki.gov.ru/223fz/purchasePlan/1" xmlns:ns5="http://zakupki.gov.ru/223fz/purchasePlanProject/1" xmlns:ns6="http://zakupki.gov.ru/223fz/purchasePlanProjectAdditionalPosition/1" xmlns:ns7="http://zakupki.gov.ru/223fz/disagreementProtocol/1" xmlns:ns8="http://zakupki.gov.ru/223fz/reference/1" xmlns:ns9="http://zakupki.gov.ru/223fz/stopCommodity/1">
    <header>
        <guid>60369c2e-2cbd-495c-8319-4a9f402b3bc9</guid>
        <createDateTime>2017-03-22T13:25:09</createDateTime>
    </header>
    <ns2:body>
        <ns2:item>
            <guid>78f371b8-183e-1946-e148-246e3caa8381</guid>
            <ns2:explanationData>
                <ns2:guid>78f371b8-183e-1946-e148-246e3caa8381</ns2:guid>
                <ns2:urlOOS>https://zakupki.gov.ru/223/purchase/private/purchase/explanation/details.html?explanationId=307090</ns2:urlOOS>
                <ns2:description>Участник должен представить заверенную печатью организации с подписью уполномоченного лица Участника копию подписанного с двух сторон предварительного соглашения со страховой компанией о страховании объекта в случае принятия решения о заключении договора с участником закупки.
Страхование объекта включает в себя комбинированное страхование рисков случайной гибели или случайного повреждения объекта, материалов, оборудования и другого имущества, используемого при выполнении работ и оказании услуг, ответственности за причинение вреда третьим лицам при проведении строительно-монтажных работ на объекте. 
</ns2:description>
                <ns2:requestSubjectInfo>Добрый день. Прошу дать уточнение по Документации п.2.3.8.2 в)	заверенная печатью организации с подписью уполномоченного лица Участника копия подписанного с двух сторон предварительного соглашения со страховой компанией о страховании объекта в случае принятия решения о заключении договора с участником закупки (Данный Документ представляется в случае выполнения  строительно-монтажных работ и пуско-наладочных работ для нужд ОАО «МРСК Урала», филиалов  и ДХО ОАО   «МРСК Урала»);
имеется ввиду страхование выполненных работ на объекте?</ns2:requestSubjectInfo>
                <ns2:requestDate>2017-03-21T13:34:09</ns2:requestDate>
                <ns2:status>P</ns2:status>
                <ns2:creationDate>2017-03-22T11:08:56</ns2:creationDate>
                <ns2:modificationDate>2017-03-22T15:25:09</ns2:modificationDate>
                <ns2:decisionDate>2017-03-22T09:08:56</ns2:decisionDate>
                <ns2:publishDate>2017-03-22T15:25:09</ns2:publishDate>
                <ns2:attachments>
                    <totalDocumentsCount>2</totalDocumentsCount>
                    <document>
                        <guid>5453e9aa-522f-55d7-92a2-3d910f3e6ae1</guid>
                        <createDateTime>2017-03-22T09:08:45</createDateTime>
                        <fileName>Ответ.docx</fileName>
                        <description>Ответ.docx</description>
                        <url>http://zakupki.gov.ru/223/purchase/public/download/download.html?id=30234334</url>
                    </document>
                    <document>
                        <guid>f83b878d-7bcb-5c02-51d1-28dfa12abb92</guid>
                        <createDateTime>2017-03-21T13:33:52</createDateTime>
                        <fileName>Запрос_на_разъяснение_документации_к_процедуре[3].rtf</fileName>
                        <description>Запрос_на_разъяснение_документации_к_процедуре[3].rtf</description>
                        <url>http://zakupki.gov.ru/223/purchase/public/download/download.html?id=30234335</url>
                    </document>
                </ns2:attachments>
                <ns2:purchaseRegNum>31704872988</ns2:purchaseRegNum>
                <ns2:purchaseMethodCode>2910</ns2:purchaseMethodCode>
                <ns2:purchaseMethodName>открытый запрос предложений</ns2:purchaseMethodName>
                <ns2:purchaseName>Право заключения договора подряда на выполнение строительно-монтажных и пусконаладочных работ по объекту: «Установка системы видеонаблюдения на ПС «Паклинская», ПС «Гранитная» ПО «ЧГЭС» производственного отделения «Челябинские городские электрические сети» филиала ОАО «МРСК Урала» - «Челябэнерго».</ns2:purchaseName>
                <ns2:placer>
                    <mainInfo>
                        <fullName>Открытое акционерное общество "Межрегиональная распределительная сетевая компания Урала"</fullName>
                        <shortName>ОАО "МРСК Урала"</shortName>
                        <iko>56671163413667201001</iko>
                        <inn>6671163413</inn>
                        <kpp>667201001</kpp>
                        <ogrn>1056604000970</ogrn>
                        <legalAddress>620026, Свердловская, Екатеринбург, Мамина-Сибиряка, дом 140</legalAddress>
                        <postalAddress>620026, Свердловская область, Екатеринбург, Мамина-Сибиряка, дом 140 </postalAddress>
                        <phone>7-343-2152600</phone>
                        <fax>7-343-2152661</fax>
                        <email>mrsk@mrsk-ural.ru</email>
                        <okato>65401000000</okato>
                        <okpo>76507836</okpo>
                    </mainInfo>
                </ns2:placer>
                <ns2:emergency>false</ns2:emergency>
            </ns2:explanationData>
        </ns2:item>
    </ns2:body>
</ns2:explanation>
