<?xml version="1.0" encoding="UTF-8" standalone="yes"?>
<ns2:explanation xsi:schemaLocation="http://zakupki.gov.ru/223/integration/schema/TFF-5.2 http://zakupki.gov.ru/223/integration/schema/TFF-5.2/purchase.xsd" xmlns="http://zakupki.gov.ru/223fz/types/1" xmlns:ns10="http://zakupki.gov.ru/223fz/machineryListInfo/1" xmlns:ns11="http://zakupki.gov.ru/223fz/revenue/1" xmlns:ns12="http://zakupki.gov.ru/223fz/orderClauseList/1" xmlns:ns13="http://zakupki.gov.ru/223fz/contract/1" xmlns:ns14="http://zakupki.gov.ru/223fz/missedNotice/1" xmlns:ns15="http://zakupki.gov.ru/223fz/complaint/1" xmlns:ns16="http://zakupki.gov.ru/223fz/decisionSuspension/1" xmlns:ns17="http://zakupki.gov.ru/223fz/purchasePlanAdditionalPosition/1" xmlns:ns18="http://zakupki.gov.ru/223fz/notificationIssue/1" xmlns:ns19="http://zakupki.gov.ru/223fz/webRequest/1" xmlns:ns2="http://zakupki.gov.ru/223fz/purchase/1" xmlns:xsi="http://www.w3.org/2001/XMLSchema-instance" xmlns:ns3="http://zakupki.gov.ru/223fz/dishonestSupplier/1" xmlns:ns4="http://zakupki.gov.ru/223fz/purchasePlan/1" xmlns:ns5="http://zakupki.gov.ru/223fz/purchasePlanProject/1" xmlns:ns6="http://zakupki.gov.ru/223fz/purchasePlanProjectAdditionalPosition/1" xmlns:ns7="http://zakupki.gov.ru/223fz/disagreementProtocol/1" xmlns:ns8="http://zakupki.gov.ru/223fz/reference/1" xmlns:ns9="http://zakupki.gov.ru/223fz/stopCommodity/1">
    <header>
        <guid>b1414639-3119-4939-8565-0cc92a219b43</guid>
        <createDateTime>2017-03-22T07:20:50</createDateTime>
    </header>
    <ns2:body>
        <ns2:item>
            <guid>a9898519-8247-0040-0000-58d1fafa3572</guid>
            <ns2:explanationData>
                <ns2:guid>a9898519-8247-0040-0000-58d1fafa3572</ns2:guid>
                <ns2:urlOOS>https://zakupki.gov.ru/223/purchase/private/purchase/explanation/details.html?explanationId=307040</ns2:urlOOS>
                <ns2:description>Разъяснения от 21.03.2017 10:53</ns2:description>
                <ns2:requestSubjectInfo>Запрос:
Добрый день, 4 и 5 позиции одинаковые а лимитная цена отличается в разы, просим дать разъяснения.

Разъяснения:
Добрый день! 
В закупочную документацию были внесены изменения.</ns2:requestSubjectInfo>
                <ns2:requestDate>2017-03-21T12:53:35</ns2:requestDate>
                <ns2:status>P</ns2:status>
                <ns2:creationDate>2017-03-22T11:18:01</ns2:creationDate>
                <ns2:modificationDate>2017-03-22T09:20:50</ns2:modificationDate>
                <ns2:decisionDate>2017-03-22T09:17:38</ns2:decisionDate>
                <ns2:publishDate>2017-03-22T09:20:50</ns2:publishDate>
                <ns2:attachments>
                    <totalDocumentsCount>2</totalDocumentsCount>
                    <document>
                        <guid>a9898519-8247-0040-0000-58d1fafa3572</guid>
                        <createDateTime>2017-03-21T12:53:35</createDateTime>
                        <fileName>текст разъяснения.doc</fileName>
                        <description>текст разъяснения.doc</description>
                        <url>http://zakupki.gov.ru/223/purchase/public/download/download.html?id=30231218</url>
                    </document>
                    <document>
                        <guid>a9898519-8247-0040-0001-58d1fafa3572</guid>
                        <createDateTime>2017-03-22T09:17:37</createDateTime>
                        <fileName>Ответ.pdf</fileName>
                        <description>Ответ.pdf</description>
                        <url>http://zakupki.gov.ru/223/purchase/public/download/download.html?id=30231219</url>
                    </document>
                </ns2:attachments>
                <ns2:purchaseRegNum>31704893234</ns2:purchaseRegNum>
                <ns2:purchaseMethodCode>73729</ns2:purchaseMethodCode>
                <ns2:purchaseMethodName>Запрос цен в электронной форме</ns2:purchaseMethodName>
                <ns2:purchaseName>поставка запорно-предохранительной арматуры для нужд АО «Уралкриомаш» (795205)</ns2:purchaseName>
                <ns2:placer>
                    <mainInfo>
                        <fullName>АКЦИОНЕРНОЕ ОБЩЕСТВО  "УРАЛЬСКАЯ БОЛЬШЕГРУЗНАЯ ТЕХНИКА-УРАЛВАГОНЗАВОД"</fullName>
                        <shortName>АО "УБТ-УРАЛВАГОНЗАВОД"</shortName>
                        <iko>66623009965662301001</iko>
                        <inn>6623009965</inn>
                        <kpp>662301001</kpp>
                        <ogrn>1026601370267</ogrn>
                        <legalAddress>622018, ОБЛ СВЕРДЛОВСКАЯ, Г НИЖНИЙ ТАГИЛ, УЛ ЮНОСТИ, дом 10</legalAddress>
                        <postalAddress>622018, Свердловская, Нижний Тагил, Юности, дом 10</postalAddress>
                        <phone>7-3435-377407</phone>
                        <fax>7-3435-377408</fax>
                        <email>zakupki.ubt-uvz@mail.ru</email>
                        <okato>65476370000</okato>
                        <okpo>59269252</okpo>
                    </mainInfo>
                </ns2:placer>
                <ns2:emergency>false</ns2:emergency>
            </ns2:explanationData>
        </ns2:item>
    </ns2:body>
</ns2:explanation>
