<?xml version="1.0" encoding="UTF-8" standalone="yes"?>
<ns2:explanation xsi:schemaLocation="http://zakupki.gov.ru/223/integration/schema/TFF-5.2 http://zakupki.gov.ru/223/integration/schema/TFF-5.2/purchase.xsd" xmlns="http://zakupki.gov.ru/223fz/types/1" xmlns:ns10="http://zakupki.gov.ru/223fz/machineryListInfo/1" xmlns:ns11="http://zakupki.gov.ru/223fz/revenue/1" xmlns:ns12="http://zakupki.gov.ru/223fz/orderClauseList/1" xmlns:ns13="http://zakupki.gov.ru/223fz/contract/1" xmlns:ns14="http://zakupki.gov.ru/223fz/missedNotice/1" xmlns:ns15="http://zakupki.gov.ru/223fz/complaint/1" xmlns:ns16="http://zakupki.gov.ru/223fz/decisionSuspension/1" xmlns:ns17="http://zakupki.gov.ru/223fz/purchasePlanAdditionalPosition/1" xmlns:ns18="http://zakupki.gov.ru/223fz/notificationIssue/1" xmlns:ns19="http://zakupki.gov.ru/223fz/webRequest/1" xmlns:ns2="http://zakupki.gov.ru/223fz/purchase/1" xmlns:xsi="http://www.w3.org/2001/XMLSchema-instance" xmlns:ns3="http://zakupki.gov.ru/223fz/dishonestSupplier/1" xmlns:ns4="http://zakupki.gov.ru/223fz/purchasePlan/1" xmlns:ns5="http://zakupki.gov.ru/223fz/purchasePlanProject/1" xmlns:ns6="http://zakupki.gov.ru/223fz/purchasePlanProjectAdditionalPosition/1" xmlns:ns7="http://zakupki.gov.ru/223fz/disagreementProtocol/1" xmlns:ns8="http://zakupki.gov.ru/223fz/reference/1" xmlns:ns9="http://zakupki.gov.ru/223fz/stopCommodity/1">
    <header>
        <guid>838605ed-fea1-480c-ac63-126702cf10e9</guid>
        <createDateTime>2017-03-22T09:35:15</createDateTime>
    </header>
    <ns2:body>
        <ns2:item>
            <guid>b105202f-5fb3-4ae9-b0db-a3e914e7f729</guid>
            <ns2:explanationData>
                <ns2:guid>b105202f-5fb3-4ae9-b0db-a3e914e7f729</ns2:guid>
                <ns2:urlOOS>https://zakupki.gov.ru/223/purchase/private/purchase/explanation/details.html?explanationId=307105</ns2:urlOOS>
                <ns2:description>Технические характеристики светильников</ns2:description>
                <ns2:requestSubjectInfo>В техническом задании указаны  характеристики светильников на аналог ЛПО 2*36 и ДПО 2*18. Наш текущий  Поставщик светильников может предложить  только два типа светильников. Возможно ли внести корректировки с учетом данных на эти светильники?</ns2:requestSubjectInfo>
                <ns2:requestDate>2017-03-21T00:00:00</ns2:requestDate>
                <ns2:status>P</ns2:status>
                <ns2:creationDate>2017-03-22T11:32:27</ns2:creationDate>
                <ns2:modificationDate>2017-03-22T11:35:15</ns2:modificationDate>
                <ns2:decisionDate>2017-03-22T00:00:00</ns2:decisionDate>
                <ns2:publishDate>2017-03-22T11:35:15</ns2:publishDate>
                <ns2:attachments>
                    <totalDocumentsCount>1</totalDocumentsCount>
                    <document>
                        <guid>7021508f-b582-45d9-ab5e-cae0ec223778</guid>
                        <createDateTime>2017-03-22T09:32:22</createDateTime>
                        <fileName>Ответ  на обращение.docx</fileName>
                        <description>Ответ  на обращение</description>
                        <url>http://zakupki.gov.ru/223/purchase/public/download/download.html?id=30235262</url>
                    </document>
                </ns2:attachments>
                <ns2:purchaseRegNum>31704900675</ns2:purchaseRegNum>
                <ns2:purchaseMethodCode>3362</ns2:purchaseMethodCode>
                <ns2:purchaseMethodName>Запрос котировок</ns2:purchaseMethodName>
                <ns2:purchaseName>Капитальный ремонт: замена светильников в помещениях детских садов № 36,40,41,47,48</ns2:purchaseName>
                <ns2:placer>
                    <mainInfo>
                        <fullName>Муниципальное автономное дошкольное образовательное учреждение Новоуральского городского округа - детский сад общеразвивающего вида "Росток"</fullName>
                        <shortName>МАДОУ детский сад "Росток"</shortName>
                        <iko>56682003348668201001</iko>
                        <inn>6682003348</inn>
                        <kpp>668201001</kpp>
                        <ogrn>1136682001202</ogrn>
                        <legalAddress>624132, Свердловская, Новоуральск, Победы, дом 28Б</legalAddress>
                        <postalAddress>624130,Свердловская область,г.Новоуральск,ул.Победы, д.28б</postalAddress>
                        <phone>7-34370-30850</phone>
                        <fax>7-34370-33945</fax>
                        <email>madou.rostok@mail.ru</email>
                        <okato>65540000000</okato>
                        <okpo>25943808</okpo>
                    </mainInfo>
                </ns2:placer>
                <ns2:emergency>false</ns2:emergency>
            </ns2:explanationData>
        </ns2:item>
    </ns2:body>
</ns2:explanation>
