<?xml version="1.0" encoding="UTF-8" standalone="yes"?>
<ns2:orderClause xsi:schemaLocation="http://zakupki.gov.ru/223/integration/schema/TFF-5.2 http://zakupki.gov.ru/223/integration/schema/TFF-5.2/orderClause.xsd" xmlns="http://zakupki.gov.ru/223fz/types/1" xmlns:ns10="http://zakupki.gov.ru/223fz/disagreementProtocol/1" xmlns:ns11="http://zakupki.gov.ru/223fz/purchase/1" xmlns:ns12="http://zakupki.gov.ru/223fz/machineryListInfo/1" xmlns:ns13="http://zakupki.gov.ru/223fz/revenue/1" xmlns:ns14="http://zakupki.gov.ru/223fz/contract/1" xmlns:ns15="http://zakupki.gov.ru/223fz/complaint/1" xmlns:ns16="http://zakupki.gov.ru/223fz/missedNotice/1" xmlns:ns17="http://zakupki.gov.ru/223fz/notificationIssue/1" xmlns:ns18="http://zakupki.gov.ru/223fz/purchasePlanProject/1" xmlns:ns19="http://zakupki.gov.ru/223fz/webRequest/1" xmlns:ns2="http://zakupki.gov.ru/223fz/orderClauseList/1" xmlns:xsi="http://www.w3.org/2001/XMLSchema-instance" xmlns:ns3="http://zakupki.gov.ru/223fz/dishonestSupplier/1" xmlns:ns4="http://zakupki.gov.ru/223fz/decisionSuspension/1" xmlns:ns5="http://zakupki.gov.ru/223fz/purchasePlanAdditionalPosition/1" xmlns:ns6="http://zakupki.gov.ru/223fz/purchasePlan/1" xmlns:ns7="http://zakupki.gov.ru/223fz/purchasePlanProjectAdditionalPosition/1" xmlns:ns8="http://zakupki.gov.ru/223fz/reference/1" xmlns:ns9="http://zakupki.gov.ru/223fz/stopCommodity/1">
    <header>
        <guid>a58b8fef-f9a5-41f8-b2c5-49555b9fa334</guid>
        <createDateTime>2017-03-30T12:05:25</createDateTime>
    </header>
    <ns2:body>
        <ns2:item>
            <guid>385472ef-11a9-4001-8e21-9e963b8f129a</guid>
            <ns2:orderClauseData>
                <ns2:guid>385472ef-11a9-4001-8e21-9e963b8f129a</ns2:guid>
                <ns2:createDateTime>2017-03-30T13:53:58</ns2:createDateTime>
                <ns2:urlOOS>https://zakupki.gov.ru/223/clause/private/order-clause/info/common-info.html?clauseInfoId=281478</ns2:urlOOS>
                <ns2:customer>
                    <mainInfo>
                        <fullName>Открытое акционерное общество "Научно-производственная корпорация "Уралвагонзавод" имени Ф.Э. Дзержинского"</fullName>
                        <shortName>ОАО "Научно-производственная корпорация "Уралвагонзавод"</shortName>
                        <iko>56623029538997850001</iko>
                        <inn>6623029538</inn>
                        <kpp>997850001</kpp>
                        <ogrn>1086623002190</ogrn>
                        <legalAddress>622007, Свердловская, Нижний Тагил, Восточное, дом 28</legalAddress>
                        <postalAddress>622007, Свердловская, Нижний Тагил, Восточное, дом 28</postalAddress>
                        <phone>7-3435-345436</phone>
                        <fax>7-3435-380048</fax>
                        <email>web@uvz.ru</email>
                        <okato>65476370000</okato>
                        <okpo>07518941</okpo>
                    </mainInfo>
                </ns2:customer>
                <ns2:placer>
                    <mainInfo>
                        <fullName>Открытое акционерное общество "Научно-производственная корпорация "Уралвагонзавод" имени Ф.Э. Дзержинского"</fullName>
                        <shortName>ОАО "Научно-производственная корпорация "Уралвагонзавод"</shortName>
                        <iko>56623029538997850001</iko>
                        <inn>6623029538</inn>
                        <kpp>997850001</kpp>
                        <ogrn>1086623002190</ogrn>
                        <legalAddress>622007, Свердловская, Нижний Тагил, Восточное, дом 28</legalAddress>
                        <postalAddress>622007, Свердловская, Нижний Тагил, Восточное, дом 28</postalAddress>
                        <phone>7-3435-345436</phone>
                        <fax>7-3435-380048</fax>
                        <email>web@uvz.ru</email>
                        <okato>65476370000</okato>
                        <okpo>07518941</okpo>
                    </mainInfo>
                </ns2:placer>
                <ns2:status>P</ns2:status>
                <ns2:version>20</ns2:version>
                <ns2:name>О закупке товаров, работ, услуг для ОАО "Научно-производственная корпорация "Уралвагонзавод"</ns2:name>
                <ns2:registrationNumber>1120004671</ns2:registrationNumber>
                <ns2:modificationDescription>Внесение изменений в справочник "Способы закупок" добавлен Предварительный квалификационный отбор предусмотренный частью 3.6 Положения о закупке товаров, работ, услуг для ОАО "Научно-производственная корпорация "Уралвагонзавод"</ns2:modificationDescription>
                <ns2:approveDate>2017-02-09</ns2:approveDate>
                <ns2:effectiveDate>2017-02-17</ns2:effectiveDate>
                <ns2:approverName>Совет Директоров Протокол № 109-СД от «09» февраля 2017 г.</ns2:approverName>
                <ns2:purchaseMethod>
                    <ns2:purchaseMethodCode>3361</ns2:purchaseMethodCode>
                    <ns2:purchaseMethodName>Открытый аукцион в электронной форме</ns2:purchaseMethodName>
                    <ns2:digitalPurchase>true</ns2:digitalPurchase>
                    <ns2:conditionsOfUse>В соответствии с Положением о закупках</ns2:conditionsOfUse>
                </ns2:purchaseMethod>
                <ns2:purchaseMethod>
                    <ns2:purchaseMethodCode>3360</ns2:purchaseMethodCode>
                    <ns2:purchaseMethodName>Открытый аукцион</ns2:purchaseMethodName>
                    <ns2:digitalPurchase>false</ns2:digitalPurchase>
                    <ns2:conditionsOfUse>В соответствии с Положением о закупках</ns2:conditionsOfUse>
                </ns2:purchaseMethod>
                <ns2:purchaseMethod>
                    <ns2:purchaseMethodCode>3359</ns2:purchaseMethodCode>
                    <ns2:purchaseMethodName>Открытый конкурс</ns2:purchaseMethodName>
                    <ns2:digitalPurchase>false</ns2:digitalPurchase>
                    <ns2:conditionsOfUse>В соответствии с Положением о закупках</ns2:conditionsOfUse>
                </ns2:purchaseMethod>
                <ns2:purchaseMethod>
                    <ns2:purchaseMethodCode>4915</ns2:purchaseMethodCode>
                    <ns2:purchaseMethodName>Конкурентные переговоры</ns2:purchaseMethodName>
                    <ns2:digitalPurchase>false</ns2:digitalPurchase>
                    <ns2:conditionsOfUse>В соответствии с Положением о закупках</ns2:conditionsOfUse>
                </ns2:purchaseMethod>
                <ns2:purchaseMethod>
                    <ns2:purchaseMethodCode>4913</ns2:purchaseMethodCode>
                    <ns2:purchaseMethodName>Запрос предложений</ns2:purchaseMethodName>
                    <ns2:digitalPurchase>false</ns2:digitalPurchase>
                    <ns2:conditionsOfUse>В соответствии с Положением о закупках</ns2:conditionsOfUse>
                </ns2:purchaseMethod>
                <ns2:purchaseMethod>
                    <ns2:purchaseMethodCode>4911</ns2:purchaseMethodCode>
                    <ns2:purchaseMethodName>Запрос цен</ns2:purchaseMethodName>
                    <ns2:digitalPurchase>false</ns2:digitalPurchase>
                    <ns2:conditionsOfUse>В соответствии с Положением о закупках</ns2:conditionsOfUse>
                </ns2:purchaseMethod>
                <ns2:purchaseMethod>
                    <ns2:purchaseMethodCode>3362</ns2:purchaseMethodCode>
                    <ns2:purchaseMethodName>Запрос котировок</ns2:purchaseMethodName>
                    <ns2:digitalPurchase>false</ns2:digitalPurchase>
                    <ns2:conditionsOfUse>В соответствии с Положением о закупках</ns2:conditionsOfUse>
                </ns2:purchaseMethod>
                <ns2:purchaseMethod>
                    <ns2:purchaseMethodCode>17889</ns2:purchaseMethodCode>
                    <ns2:purchaseMethodName>конкурентные переговоры</ns2:purchaseMethodName>
                    <ns2:digitalPurchase>true</ns2:digitalPurchase>
                    <ns2:conditionsOfUse>В соответствии с Положением о закупках</ns2:conditionsOfUse>
                </ns2:purchaseMethod>
                <ns2:purchaseMethod>
                    <ns2:purchaseMethodCode>17888</ns2:purchaseMethodCode>
                    <ns2:purchaseMethodName>запрос предложений</ns2:purchaseMethodName>
                    <ns2:digitalPurchase>false</ns2:digitalPurchase>
                    <ns2:phasesNumber>2</ns2:phasesNumber>
                    <ns2:conditionsOfUse>В соответствии с Положением о закупках </ns2:conditionsOfUse>
                </ns2:purchaseMethod>
                <ns2:purchaseMethod>
                    <ns2:purchaseMethodCode>17887</ns2:purchaseMethodCode>
                    <ns2:purchaseMethodName>запрос цен</ns2:purchaseMethodName>
                    <ns2:digitalPurchase>true</ns2:digitalPurchase>
                    <ns2:conditionsOfUse>В соответствии с Положением о закупках</ns2:conditionsOfUse>
                </ns2:purchaseMethod>
                <ns2:purchaseMethod>
                    <ns2:purchaseMethodCode>27508</ns2:purchaseMethodCode>
                    <ns2:purchaseMethodName>Запрос предложений</ns2:purchaseMethodName>
                    <ns2:digitalPurchase>true</ns2:digitalPurchase>
                    <ns2:phasesNumber>2</ns2:phasesNumber>
                    <ns2:conditionsOfUse>В соответствии с Положением о закупках</ns2:conditionsOfUse>
                </ns2:purchaseMethod>
                <ns2:purchaseMethod>
                    <ns2:purchaseMethodCode>47788</ns2:purchaseMethodCode>
                    <ns2:purchaseMethodName>Запрос предложений</ns2:purchaseMethodName>
                    <ns2:digitalPurchase>true</ns2:digitalPurchase>
                    <ns2:conditionsOfUse>В соответствии с Положением о закупках</ns2:conditionsOfUse>
                </ns2:purchaseMethod>
                <ns2:purchaseMethod>
                    <ns2:purchaseMethodCode>53762</ns2:purchaseMethodCode>
                    <ns2:purchaseMethodName>Открытый конкурс в электронной форме</ns2:purchaseMethodName>
                    <ns2:digitalPurchase>true</ns2:digitalPurchase>
                    <ns2:conditionsOfUse>В соответствии с Положением о закупках</ns2:conditionsOfUse>
                </ns2:purchaseMethod>
                <ns2:purchaseMethod>
                    <ns2:purchaseMethodCode>52944</ns2:purchaseMethodCode>
                    <ns2:purchaseMethodName>Двухэтапный открытый конкурс в электронной форме</ns2:purchaseMethodName>
                    <ns2:digitalPurchase>true</ns2:digitalPurchase>
                    <ns2:phasesNumber>2</ns2:phasesNumber>
                    <ns2:conditionsOfUse>В соответствии с Положением о закупках</ns2:conditionsOfUse>
                </ns2:purchaseMethod>
                <ns2:purchaseMethod>
                    <ns2:purchaseMethodCode>52943</ns2:purchaseMethodCode>
                    <ns2:purchaseMethodName>Двухэтапный открытый конкурс</ns2:purchaseMethodName>
                    <ns2:digitalPurchase>false</ns2:digitalPurchase>
                    <ns2:phasesNumber>2</ns2:phasesNumber>
                    <ns2:conditionsOfUse>В соответствии с Положением о закупках</ns2:conditionsOfUse>
                </ns2:purchaseMethod>
                <ns2:purchaseMethod>
                    <ns2:purchaseMethodCode>52941</ns2:purchaseMethodCode>
                    <ns2:purchaseMethodName>Двухэтапные конкурентные переговоры в электронной форме</ns2:purchaseMethodName>
                    <ns2:digitalPurchase>true</ns2:digitalPurchase>
                    <ns2:phasesNumber>2</ns2:phasesNumber>
                    <ns2:conditionsOfUse>В соответствии с Положением о закупках</ns2:conditionsOfUse>
                </ns2:purchaseMethod>
                <ns2:purchaseMethod>
                    <ns2:purchaseMethodCode>52940</ns2:purchaseMethodCode>
                    <ns2:purchaseMethodName>Двухэтапные конкурентные переговоры</ns2:purchaseMethodName>
                    <ns2:digitalPurchase>false</ns2:digitalPurchase>
                    <ns2:phasesNumber>2</ns2:phasesNumber>
                    <ns2:conditionsOfUse>В соответствии с Положением о закупках</ns2:conditionsOfUse>
                </ns2:purchaseMethod>
                <ns2:purchaseMethod>
                    <ns2:purchaseMethodCode>52939</ns2:purchaseMethodCode>
                    <ns2:purchaseMethodName>Двухэтапный запрос цен в электронной форме</ns2:purchaseMethodName>
                    <ns2:digitalPurchase>true</ns2:digitalPurchase>
                    <ns2:phasesNumber>2</ns2:phasesNumber>
                    <ns2:conditionsOfUse>В соответствии с Положением о закупках</ns2:conditionsOfUse>
                </ns2:purchaseMethod>
                <ns2:purchaseMethod>
                    <ns2:purchaseMethodCode>52935</ns2:purchaseMethodCode>
                    <ns2:purchaseMethodName>Двухэтапный запрос цен</ns2:purchaseMethodName>
                    <ns2:digitalPurchase>false</ns2:digitalPurchase>
                    <ns2:phasesNumber>2</ns2:phasesNumber>
                    <ns2:conditionsOfUse>В соответствии с Положением о закупках</ns2:conditionsOfUse>
                </ns2:purchaseMethod>
                <ns2:purchaseMethod>
                    <ns2:purchaseMethodCode>52933</ns2:purchaseMethodCode>
                    <ns2:purchaseMethodName>Открытый двухэтапный аукцион</ns2:purchaseMethodName>
                    <ns2:digitalPurchase>false</ns2:digitalPurchase>
                    <ns2:phasesNumber>2</ns2:phasesNumber>
                </ns2:purchaseMethod>
                <ns2:purchaseMethod>
                    <ns2:purchaseMethodCode>48503</ns2:purchaseMethodCode>
                    <ns2:purchaseMethodName>Открытый двухэтапный аукцион в электронной форме</ns2:purchaseMethodName>
                    <ns2:digitalPurchase>true</ns2:digitalPurchase>
                    <ns2:phasesNumber>2</ns2:phasesNumber>
                </ns2:purchaseMethod>
                <ns2:purchaseMethod>
                    <ns2:purchaseMethodCode>3363</ns2:purchaseMethodCode>
                    <ns2:purchaseMethodName>Закупка у единственного поставщика (исполнителя, подрядчика)</ns2:purchaseMethodName>
                    <ns2:digitalPurchase>false</ns2:digitalPurchase>
                    <ns2:conditionsOfUse>В соответствии с Положением о закупках</ns2:conditionsOfUse>
                </ns2:purchaseMethod>
                <ns2:purchaseMethod>
                    <ns2:purchaseMethodCode>168055</ns2:purchaseMethodCode>
                    <ns2:purchaseMethodName>Предварительный квалификационный отбор по 223-ФЗ</ns2:purchaseMethodName>
                    <ns2:digitalPurchase>false</ns2:digitalPurchase>
                </ns2:purchaseMethod>
                <ns2:publicationDateTime>2017-03-30T14:04:54</ns2:publicationDateTime>
                <ns2:attachments>
                    <totalDocumentsCount>2</totalDocumentsCount>
                    <document>
                        <guid>9e523afd-801e-49fd-bf88-10200ec9cc39</guid>
                        <createDateTime>2017-02-21T07:15:27</createDateTime>
                        <fileName>Положение о закупке февраль 2017.docx</fileName>
                        <description>Положение о закупке февраль 2017</description>
                        <url>http://zakupki.gov.ru/223/clause/public/download/download.html?id=958318</url>
                    </document>
                    <document>
                        <guid>6233ba3a-fad0-4179-baab-e9d1951d8750</guid>
                        <createDateTime>2017-02-21T07:15:53</createDateTime>
                        <fileName>Перечень изменений февраль 2017.docx</fileName>
                        <description>Перечень изменений февраль 2017</description>
                        <url>http://zakupki.gov.ru/223/clause/public/download/download.html?id=958319</url>
                    </document>
                </ns2:attachments>
            </ns2:orderClauseData>
        </ns2:item>
    </ns2:body>
</ns2:orderClause>
