<?xml version="1.0" encoding="UTF-8" standalone="yes"?>
<ns2:orderClause xsi:schemaLocation="http://zakupki.gov.ru/223/integration/schema/TFF-5.2 http://zakupki.gov.ru/223/integration/schema/TFF-5.2/orderClause.xsd" xmlns="http://zakupki.gov.ru/223fz/types/1" xmlns:ns10="http://zakupki.gov.ru/223fz/disagreementProtocol/1" xmlns:ns11="http://zakupki.gov.ru/223fz/purchase/1" xmlns:ns12="http://zakupki.gov.ru/223fz/machineryListInfo/1" xmlns:ns13="http://zakupki.gov.ru/223fz/revenue/1" xmlns:ns14="http://zakupki.gov.ru/223fz/contract/1" xmlns:ns15="http://zakupki.gov.ru/223fz/complaint/1" xmlns:ns16="http://zakupki.gov.ru/223fz/missedNotice/1" xmlns:ns17="http://zakupki.gov.ru/223fz/notificationIssue/1" xmlns:ns18="http://zakupki.gov.ru/223fz/purchasePlanProject/1" xmlns:ns19="http://zakupki.gov.ru/223fz/webRequest/1" xmlns:ns2="http://zakupki.gov.ru/223fz/orderClauseList/1" xmlns:xsi="http://www.w3.org/2001/XMLSchema-instance" xmlns:ns3="http://zakupki.gov.ru/223fz/dishonestSupplier/1" xmlns:ns4="http://zakupki.gov.ru/223fz/decisionSuspension/1" xmlns:ns5="http://zakupki.gov.ru/223fz/purchasePlanAdditionalPosition/1" xmlns:ns6="http://zakupki.gov.ru/223fz/purchasePlan/1" xmlns:ns7="http://zakupki.gov.ru/223fz/purchasePlanProjectAdditionalPosition/1" xmlns:ns8="http://zakupki.gov.ru/223fz/reference/1" xmlns:ns9="http://zakupki.gov.ru/223fz/stopCommodity/1">
    <header>
        <guid>2db2c70b-7e14-4bc2-a27e-e635b08a911c</guid>
        <createDateTime>2017-03-30T09:01:19</createDateTime>
    </header>
    <ns2:body>
        <ns2:item>
            <guid>361cffd9-353b-4774-82ab-161c55476fb9</guid>
            <ns2:orderClauseData>
                <ns2:guid>361cffd9-353b-4774-82ab-161c55476fb9</ns2:guid>
                <ns2:createDateTime>2017-03-30T10:59:15</ns2:createDateTime>
                <ns2:urlOOS>https://zakupki.gov.ru/223/clause/private/order-clause/info/common-info.html?clauseInfoId=281422</ns2:urlOOS>
                <ns2:customer>
                    <mainInfo>
                        <fullName>МУНИЦИПАЛЬНОЕ АВТОНОМНОЕ УЧРЕЖДЕНИЕ КУЛЬТУРЫ "ГОРОДСКОЙ ДВОРЕЦ КУЛЬТУРЫ"</fullName>
                        <shortName>МАУК ГДК</shortName>
                        <iko>86621011581662101001</iko>
                        <inn>6621011581</inn>
                        <kpp>668201001</kpp>
                        <ogrn>1069621000734</ogrn>
                        <legalAddress>624160, ОБЛ СВЕРДЛОВСКАЯ, Г ВЕРХНИЙ ТАГИЛ, УЛ ЛЕНИНА, дом 100</legalAddress>
                        <postalAddress>624162, Свердловская Область, Верхний Тагил Город, дом 100</postalAddress>
                        <phone>7-34357-23932</phone>
                        <fax>7-34357-24077</fax>
                        <email>adm57@ya.ru</email>
                        <okato>65453503000</okato>
                        <okpo>93617851</okpo>
                    </mainInfo>
                </ns2:customer>
                <ns2:placer>
                    <mainInfo>
                        <fullName>МУНИЦИПАЛЬНОЕ АВТОНОМНОЕ УЧРЕЖДЕНИЕ КУЛЬТУРЫ "ГОРОДСКОЙ ДВОРЕЦ КУЛЬТУРЫ"</fullName>
                        <shortName>МАУК ГДК</shortName>
                        <iko>86621011581662101001</iko>
                        <inn>6621011581</inn>
                        <kpp>668201001</kpp>
                        <ogrn>1069621000734</ogrn>
                        <legalAddress>624160, ОБЛ СВЕРДЛОВСКАЯ, Г ВЕРХНИЙ ТАГИЛ, УЛ ЛЕНИНА, дом 100</legalAddress>
                        <postalAddress>624162, Свердловская Область, Верхний Тагил Город, дом 100</postalAddress>
                        <phone>7-34357-23932</phone>
                        <fax>7-34357-24077</fax>
                        <email>adm57@ya.ru</email>
                        <okato>65453503000</okato>
                        <okpo>93617851</okpo>
                    </mainInfo>
                </ns2:placer>
                <ns2:status>P</ns2:status>
                <ns2:version>4</ns2:version>
                <ns2:name> ПОЛОЖЕНИЕ о закупках товаров, работ, услуг для нужд Муниципального автономного учреждения  культуры «Городской Дворец культуры»Положение </ns2:name>
                <ns2:registrationNumber>1140075864</ns2:registrationNumber>
                <ns2:modificationDescription>техническая ошибка</ns2:modificationDescription>
                <ns2:approveDate>2017-03-29</ns2:approveDate>
                <ns2:effectiveDate>2017-03-29</ns2:effectiveDate>
                <ns2:approverName>Наблюдательный совет МАУК ГДК </ns2:approverName>
                <ns2:purchaseMethod>
                    <ns2:purchaseMethodCode>3363</ns2:purchaseMethodCode>
                    <ns2:purchaseMethodName>Закупка у единственного поставщика (исполнителя, подрядчика)</ns2:purchaseMethodName>
                    <ns2:digitalPurchase>false</ns2:digitalPurchase>
                    <ns2:conditionsOfUse>согласно положению о закупках</ns2:conditionsOfUse>
                </ns2:purchaseMethod>
                <ns2:purchaseMethod>
                    <ns2:purchaseMethodCode>3361</ns2:purchaseMethodCode>
                    <ns2:purchaseMethodName>Открытый аукцион в электронной форме</ns2:purchaseMethodName>
                    <ns2:digitalPurchase>true</ns2:digitalPurchase>
                    <ns2:conditionsOfUse>согласно положению о закупках</ns2:conditionsOfUse>
                </ns2:purchaseMethod>
                <ns2:publicationDateTime>2017-03-30T11:01:03</ns2:publicationDateTime>
                <ns2:attachments>
                    <totalDocumentsCount>1</totalDocumentsCount>
                    <document>
                        <guid>7e70a031-6cfd-4404-9dd5-5281a292f823</guid>
                        <createDateTime>2017-03-30T09:00:00</createDateTime>
                        <fileName>Положение о закупках МАУК ГДК в новой редакции март 2017.doc</fileName>
                        <description>Положение о закупках МАУК ГДК в новой редакции март 2017</description>
                        <url>http://zakupki.gov.ru/223/clause/public/download/download.html?id=958073</url>
                    </document>
                </ns2:attachments>
            </ns2:orderClauseData>
        </ns2:item>
    </ns2:body>
</ns2:orderClause>
