<?xml version="1.0" encoding="UTF-8" standalone="yes"?>
<ns2:orderClause xsi:schemaLocation="http://zakupki.gov.ru/223/integration/schema/TFF-5.2 http://zakupki.gov.ru/223/integration/schema/TFF-5.2/orderClause.xsd" xmlns="http://zakupki.gov.ru/223fz/types/1" xmlns:ns10="http://zakupki.gov.ru/223fz/disagreementProtocol/1" xmlns:ns11="http://zakupki.gov.ru/223fz/purchase/1" xmlns:ns12="http://zakupki.gov.ru/223fz/machineryListInfo/1" xmlns:ns13="http://zakupki.gov.ru/223fz/revenue/1" xmlns:ns14="http://zakupki.gov.ru/223fz/contract/1" xmlns:ns15="http://zakupki.gov.ru/223fz/complaint/1" xmlns:ns16="http://zakupki.gov.ru/223fz/missedNotice/1" xmlns:ns17="http://zakupki.gov.ru/223fz/notificationIssue/1" xmlns:ns18="http://zakupki.gov.ru/223fz/purchasePlanProject/1" xmlns:ns19="http://zakupki.gov.ru/223fz/webRequest/1" xmlns:ns2="http://zakupki.gov.ru/223fz/orderClauseList/1" xmlns:xsi="http://www.w3.org/2001/XMLSchema-instance" xmlns:ns3="http://zakupki.gov.ru/223fz/dishonestSupplier/1" xmlns:ns4="http://zakupki.gov.ru/223fz/decisionSuspension/1" xmlns:ns5="http://zakupki.gov.ru/223fz/purchasePlanAdditionalPosition/1" xmlns:ns6="http://zakupki.gov.ru/223fz/purchasePlan/1" xmlns:ns7="http://zakupki.gov.ru/223fz/purchasePlanProjectAdditionalPosition/1" xmlns:ns8="http://zakupki.gov.ru/223fz/reference/1" xmlns:ns9="http://zakupki.gov.ru/223fz/stopCommodity/1">
    <header>
        <guid>8cfcffaa-d81c-4d37-bfa2-3b179cb07cc7</guid>
        <createDateTime>2017-03-30T11:32:48</createDateTime>
    </header>
    <ns2:body>
        <ns2:item>
            <guid>4b5d18c1-52f4-41f4-8550-47ca263ee817</guid>
            <ns2:orderClauseData>
                <ns2:guid>4b5d18c1-52f4-41f4-8550-47ca263ee817</ns2:guid>
                <ns2:createDateTime>2017-03-30T13:21:49</ns2:createDateTime>
                <ns2:urlOOS>https://zakupki.gov.ru/223/clause/private/order-clause/info/common-info.html?clauseInfoId=281469</ns2:urlOOS>
                <ns2:customer>
                    <mainInfo>
                        <fullName>МУНИЦИПАЛЬНОЕ АВТОНОМНОЕ ОБЩЕОБРАЗОВАТЕЛЬНОЕ УЧРЕЖДЕНИЕ ГИМНАЗИЯ №120</fullName>
                        <shortName>МАОУ ГИМНАЗИЯ №120</shortName>
                        <iko>86661061902666101001</iko>
                        <inn>6661061902</inn>
                        <kpp>667101001</kpp>
                        <ogrn>1026605242355</ogrn>
                        <legalAddress>620142, ОБЛ СВЕРДЛОВСКАЯ, Г ЕКАТЕРИНБУРГ, УЛ СТЕПАНА РАЗИНА, дом 71</legalAddress>
                        <postalAddress>620142, Свердловская, Екатеринбург, Степана Разина, дом 71, корпус ---, офис (квартира) ---</postalAddress>
                        <phone>7-343-2103044</phone>
                        <fax>7-343-2103044</fax>
                        <email>gymschool120@mail.ru</email>
                        <okato>65000000000</okato>
                        <okpo>44660022</okpo>
                    </mainInfo>
                </ns2:customer>
                <ns2:placer>
                    <mainInfo>
                        <fullName>МУНИЦИПАЛЬНОЕ АВТОНОМНОЕ ОБЩЕОБРАЗОВАТЕЛЬНОЕ УЧРЕЖДЕНИЕ ГИМНАЗИЯ №120</fullName>
                        <shortName>МАОУ ГИМНАЗИЯ №120</shortName>
                        <iko>86661061902666101001</iko>
                        <inn>6661061902</inn>
                        <kpp>667101001</kpp>
                        <ogrn>1026605242355</ogrn>
                        <legalAddress>620142, ОБЛ СВЕРДЛОВСКАЯ, Г ЕКАТЕРИНБУРГ, УЛ СТЕПАНА РАЗИНА, дом 71</legalAddress>
                        <postalAddress>620142, Свердловская, Екатеринбург, Степана Разина, дом 71, корпус ---, офис (квартира) ---</postalAddress>
                        <phone>7-343-2103044</phone>
                        <fax>7-343-2103044</fax>
                        <email>gymschool120@mail.ru</email>
                        <okato>65000000000</okato>
                        <okpo>44660022</okpo>
                    </mainInfo>
                </ns2:placer>
                <ns2:status>P</ns2:status>
                <ns2:version>5</ns2:version>
                <ns2:name>О ЗАКУПКЕ ТОВАРОВ, РАБОТ, УСЛУГ ДЛЯ СОБСТВЕННЫХ НУЖД МУНИЦИПАЛЬНОГО АВТОНОМНОГО ОБЩЕОБРАЗОВАТЕЛЬНОГО УЧРЕЖДЕНИЯ ГИМНАЗИИ №120 </ns2:name>
                <ns2:registrationNumber>1140044941</ns2:registrationNumber>
                <ns2:modificationDescription>Приведение в соответствие с законодательством</ns2:modificationDescription>
                <ns2:approveDate>2017-03-24</ns2:approveDate>
                <ns2:effectiveDate>2017-03-27</ns2:effectiveDate>
                <ns2:approverName>Наблюдательным советом МАОУ гимназии № 120 протокол №4 от 24.03.2017 г.</ns2:approverName>
                <ns2:purchaseMethod>
                    <ns2:purchaseMethodCode>139075</ns2:purchaseMethodCode>
                    <ns2:purchaseMethodName>Закрытый конкурс</ns2:purchaseMethodName>
                    <ns2:digitalPurchase>false</ns2:digitalPurchase>
                </ns2:purchaseMethod>
                <ns2:purchaseMethod>
                    <ns2:purchaseMethodCode>139077</ns2:purchaseMethodCode>
                    <ns2:purchaseMethodName>Закрытый аукцион</ns2:purchaseMethodName>
                    <ns2:digitalPurchase>false</ns2:digitalPurchase>
                </ns2:purchaseMethod>
                <ns2:purchaseMethod>
                    <ns2:purchaseMethodCode>139076</ns2:purchaseMethodCode>
                    <ns2:purchaseMethodName>Запрос предложений</ns2:purchaseMethodName>
                    <ns2:digitalPurchase>false</ns2:digitalPurchase>
                </ns2:purchaseMethod>
                <ns2:purchaseMethod>
                    <ns2:purchaseMethodCode>3363</ns2:purchaseMethodCode>
                    <ns2:purchaseMethodName>Закупка у единственного поставщика (исполнителя, подрядчика)</ns2:purchaseMethodName>
                    <ns2:digitalPurchase>false</ns2:digitalPurchase>
                </ns2:purchaseMethod>
                <ns2:purchaseMethod>
                    <ns2:purchaseMethodCode>3362</ns2:purchaseMethodCode>
                    <ns2:purchaseMethodName>Запрос котировок</ns2:purchaseMethodName>
                    <ns2:digitalPurchase>false</ns2:digitalPurchase>
                </ns2:purchaseMethod>
                <ns2:purchaseMethod>
                    <ns2:purchaseMethodCode>3361</ns2:purchaseMethodCode>
                    <ns2:purchaseMethodName>Открытый аукцион в электронной форме</ns2:purchaseMethodName>
                    <ns2:digitalPurchase>true</ns2:digitalPurchase>
                </ns2:purchaseMethod>
                <ns2:purchaseMethod>
                    <ns2:purchaseMethodCode>3359</ns2:purchaseMethodCode>
                    <ns2:purchaseMethodName>Открытый конкурс</ns2:purchaseMethodName>
                    <ns2:digitalPurchase>false</ns2:digitalPurchase>
                </ns2:purchaseMethod>
                <ns2:purchaseMethod>
                    <ns2:purchaseMethodCode>153358</ns2:purchaseMethodCode>
                    <ns2:purchaseMethodName>запрос котировок в электронной форме</ns2:purchaseMethodName>
                    <ns2:digitalPurchase>true</ns2:digitalPurchase>
                </ns2:purchaseMethod>
                <ns2:publicationDateTime>2017-03-30T13:32:15</ns2:publicationDateTime>
                <ns2:attachments>
                    <totalDocumentsCount>2</totalDocumentsCount>
                    <document>
                        <guid>63558552-e826-403d-a92a-a6b9d41e33b0</guid>
                        <createDateTime>2017-03-30T11:23:58</createDateTime>
                        <fileName>Положение о закупке МАОУ гимназия №120 НОВОЕ.docx</fileName>
                        <description>Положение о закупке МАОУ гимназия №120 НОВОЕ</description>
                        <url>http://zakupki.gov.ru/223/clause/public/download/download.html?id=958292</url>
                    </document>
                    <document>
                        <guid>f1a12dbd-7d95-4efc-b4f9-1eb976576e66</guid>
                        <createDateTime>2017-03-30T11:24:20</createDateTime>
                        <fileName>Перечень внесенных изменений.docx</fileName>
                        <description>Перечень внесенных изменений</description>
                        <url>http://zakupki.gov.ru/223/clause/public/download/download.html?id=958295</url>
                    </document>
                </ns2:attachments>
            </ns2:orderClauseData>
        </ns2:item>
    </ns2:body>
</ns2:orderClause>
