<?xml version="1.0" encoding="UTF-8" standalone="yes"?>
<ns2:orderClause xsi:schemaLocation="http://zakupki.gov.ru/223/integration/schema/TFF-5.2 http://zakupki.gov.ru/223/integration/schema/TFF-5.2/orderClause.xsd" xmlns="http://zakupki.gov.ru/223fz/types/1" xmlns:ns10="http://zakupki.gov.ru/223fz/disagreementProtocol/1" xmlns:ns11="http://zakupki.gov.ru/223fz/purchase/1" xmlns:ns12="http://zakupki.gov.ru/223fz/machineryListInfo/1" xmlns:ns13="http://zakupki.gov.ru/223fz/revenue/1" xmlns:ns14="http://zakupki.gov.ru/223fz/contract/1" xmlns:ns15="http://zakupki.gov.ru/223fz/complaint/1" xmlns:ns16="http://zakupki.gov.ru/223fz/missedNotice/1" xmlns:ns17="http://zakupki.gov.ru/223fz/notificationIssue/1" xmlns:ns18="http://zakupki.gov.ru/223fz/purchasePlanProject/1" xmlns:ns19="http://zakupki.gov.ru/223fz/webRequest/1" xmlns:ns2="http://zakupki.gov.ru/223fz/orderClauseList/1" xmlns:xsi="http://www.w3.org/2001/XMLSchema-instance" xmlns:ns3="http://zakupki.gov.ru/223fz/dishonestSupplier/1" xmlns:ns4="http://zakupki.gov.ru/223fz/decisionSuspension/1" xmlns:ns5="http://zakupki.gov.ru/223fz/purchasePlanAdditionalPosition/1" xmlns:ns6="http://zakupki.gov.ru/223fz/purchasePlan/1" xmlns:ns7="http://zakupki.gov.ru/223fz/purchasePlanProjectAdditionalPosition/1" xmlns:ns8="http://zakupki.gov.ru/223fz/reference/1" xmlns:ns9="http://zakupki.gov.ru/223fz/stopCommodity/1">
    <header>
        <guid>b4a54015-d06f-4bc6-9982-51fa077e3522</guid>
        <createDateTime>2017-03-30T11:14:10</createDateTime>
    </header>
    <ns2:body>
        <ns2:item>
            <guid>c7920ca7-dc5b-4346-89a6-508335128c71</guid>
            <ns2:orderClauseData>
                <ns2:guid>c7920ca7-dc5b-4346-89a6-508335128c71</ns2:guid>
                <ns2:createDateTime>2017-03-30T13:01:51</ns2:createDateTime>
                <ns2:urlOOS>https://zakupki.gov.ru/223/clause/private/order-clause/info/common-info.html?clauseInfoId=281464</ns2:urlOOS>
                <ns2:customer>
                    <mainInfo>
                        <fullName>МУНИЦИПАЛЬНОЕ АВТОНОМНОЕ ОБЩЕОБРАЗОВАТЕЛЬНОЕ УЧРЕЖДЕНИЕ ПОЛЕВСКОГО ГОРОДСКОГО ОКРУГА "СРЕДНЯЯ ОБЩЕОБРАЗОВАТЕЛЬНАЯ ШКОЛА № 8"</fullName>
                        <shortName>МАОУ ПГО "СОШ № 8"</shortName>
                        <iko>86626009988667901001</iko>
                        <inn>6626009988</inn>
                        <kpp>667901001</kpp>
                        <ogrn>1026601607031</ogrn>
                        <legalAddress>623389, СВЕРДЛОВСКАЯ, ПОЛЕВСКОЙ, ЧЕЛЮСКИНЦЕВ, дом 1</legalAddress>
                        <postalAddress>623389 г. Полевской ул. Челюскинцев, 1</postalAddress>
                        <phone>7-34350-23490</phone>
                        <email>school8_pl@mail.ru</email>
                        <okato>65482000000</okato>
                        <okpo>45611669</okpo>
                    </mainInfo>
                </ns2:customer>
                <ns2:placer>
                    <mainInfo>
                        <fullName>МУНИЦИПАЛЬНОЕ АВТОНОМНОЕ ОБЩЕОБРАЗОВАТЕЛЬНОЕ УЧРЕЖДЕНИЕ ПОЛЕВСКОГО ГОРОДСКОГО ОКРУГА "СРЕДНЯЯ ОБЩЕОБРАЗОВАТЕЛЬНАЯ ШКОЛА № 8"</fullName>
                        <shortName>МАОУ ПГО "СОШ № 8"</shortName>
                        <iko>86626009988667901001</iko>
                        <inn>6626009988</inn>
                        <kpp>667901001</kpp>
                        <ogrn>1026601607031</ogrn>
                        <legalAddress>623389, СВЕРДЛОВСКАЯ, ПОЛЕВСКОЙ, ЧЕЛЮСКИНЦЕВ, дом 1</legalAddress>
                        <postalAddress>623389 г. Полевской ул. Челюскинцев, 1</postalAddress>
                        <phone>7-34350-23490</phone>
                        <email>school8_pl@mail.ru</email>
                        <okato>65482000000</okato>
                        <okpo>45611669</okpo>
                    </mainInfo>
                </ns2:placer>
                <ns2:status>P</ns2:status>
                <ns2:version>5</ns2:version>
                <ns2:name>Положение о закупке товаров, работ и услуг </ns2:name>
                <ns2:registrationNumber>1130024855</ns2:registrationNumber>
                <ns2:modificationDescription>добавлены способы закупки</ns2:modificationDescription>
                <ns2:approveDate>2017-03-30</ns2:approveDate>
                <ns2:effectiveDate>2017-04-01</ns2:effectiveDate>
                <ns2:approverName>Наблюдательный совет муниципального автономного общеобразовательного учреждение Полевского городского округа "Средняя общеобразовательная школа № 8"</ns2:approverName>
                <ns2:purchaseMethod>
                    <ns2:purchaseMethodCode>47525</ns2:purchaseMethodCode>
                    <ns2:purchaseMethodName>Открытый аукцион в электронной форме (по 94ФЗ)</ns2:purchaseMethodName>
                    <ns2:digitalPurchase>true</ns2:digitalPurchase>
                </ns2:purchaseMethod>
                <ns2:purchaseMethod>
                    <ns2:purchaseMethodCode>3363</ns2:purchaseMethodCode>
                    <ns2:purchaseMethodName>Закупка у единственного поставщика (исполнителя, подрядчика)</ns2:purchaseMethodName>
                    <ns2:digitalPurchase>false</ns2:digitalPurchase>
                </ns2:purchaseMethod>
                <ns2:purchaseMethod>
                    <ns2:purchaseMethodCode>3362</ns2:purchaseMethodCode>
                    <ns2:purchaseMethodName>Запрос котировок</ns2:purchaseMethodName>
                    <ns2:digitalPurchase>false</ns2:digitalPurchase>
                </ns2:purchaseMethod>
                <ns2:purchaseMethod>
                    <ns2:purchaseMethodCode>3361</ns2:purchaseMethodCode>
                    <ns2:purchaseMethodName>Открытый аукцион в электронной форме</ns2:purchaseMethodName>
                    <ns2:digitalPurchase>true</ns2:digitalPurchase>
                </ns2:purchaseMethod>
                <ns2:purchaseMethod>
                    <ns2:purchaseMethodCode>3360</ns2:purchaseMethodCode>
                    <ns2:purchaseMethodName>Открытый аукцион</ns2:purchaseMethodName>
                    <ns2:digitalPurchase>false</ns2:digitalPurchase>
                </ns2:purchaseMethod>
                <ns2:purchaseMethod>
                    <ns2:purchaseMethodCode>3359</ns2:purchaseMethodCode>
                    <ns2:purchaseMethodName>Открытый конкурс</ns2:purchaseMethodName>
                    <ns2:digitalPurchase>false</ns2:digitalPurchase>
                </ns2:purchaseMethod>
                <ns2:publicationDateTime>2017-03-30T13:13:48</ns2:publicationDateTime>
                <ns2:attachments>
                    <totalDocumentsCount>2</totalDocumentsCount>
                    <document>
                        <guid>4f49a3ce-2264-4611-9ebd-5acb013283f0</guid>
                        <createDateTime>2017-03-30T11:06:02</createDateTime>
                        <fileName>изменеия к полож. от 30.03.2017.docx</fileName>
                        <description>изменеия к полож. от 30.03.2017</description>
                        <url>http://zakupki.gov.ru/223/clause/public/download/download.html?id=958278</url>
                    </document>
                    <document>
                        <guid>b1799c6a-2d8f-473c-b3ba-b3d596ffdaea</guid>
                        <createDateTime>2017-03-30T11:06:16</createDateTime>
                        <fileName>Положение о закупках  от 30.03. 2017 г.doc</fileName>
                        <description>Положение о закупках  от 30.03. 2017 г</description>
                        <url>http://zakupki.gov.ru/223/clause/public/download/download.html?id=958280</url>
                    </document>
                </ns2:attachments>
            </ns2:orderClauseData>
        </ns2:item>
    </ns2:body>
</ns2:orderClause>
