<?xml version="1.0" encoding="UTF-8" standalone="yes"?>
<ns2:orderClause xsi:schemaLocation="http://zakupki.gov.ru/223/integration/schema/TFF-5.2 http://zakupki.gov.ru/223/integration/schema/TFF-5.2/orderClause.xsd" xmlns="http://zakupki.gov.ru/223fz/types/1" xmlns:ns10="http://zakupki.gov.ru/223fz/disagreementProtocol/1" xmlns:ns11="http://zakupki.gov.ru/223fz/purchase/1" xmlns:ns12="http://zakupki.gov.ru/223fz/machineryListInfo/1" xmlns:ns13="http://zakupki.gov.ru/223fz/revenue/1" xmlns:ns14="http://zakupki.gov.ru/223fz/contract/1" xmlns:ns15="http://zakupki.gov.ru/223fz/complaint/1" xmlns:ns16="http://zakupki.gov.ru/223fz/missedNotice/1" xmlns:ns17="http://zakupki.gov.ru/223fz/notificationIssue/1" xmlns:ns18="http://zakupki.gov.ru/223fz/purchasePlanProject/1" xmlns:ns19="http://zakupki.gov.ru/223fz/webRequest/1" xmlns:ns2="http://zakupki.gov.ru/223fz/orderClauseList/1" xmlns:xsi="http://www.w3.org/2001/XMLSchema-instance" xmlns:ns3="http://zakupki.gov.ru/223fz/dishonestSupplier/1" xmlns:ns4="http://zakupki.gov.ru/223fz/decisionSuspension/1" xmlns:ns5="http://zakupki.gov.ru/223fz/purchasePlanAdditionalPosition/1" xmlns:ns6="http://zakupki.gov.ru/223fz/purchasePlan/1" xmlns:ns7="http://zakupki.gov.ru/223fz/purchasePlanProjectAdditionalPosition/1" xmlns:ns8="http://zakupki.gov.ru/223fz/reference/1" xmlns:ns9="http://zakupki.gov.ru/223fz/stopCommodity/1">
    <header>
        <guid>7066edcd-2b60-4884-a7a8-57c426137285</guid>
        <createDateTime>2017-03-30T12:30:50</createDateTime>
    </header>
    <ns2:body>
        <ns2:item>
            <guid>782ed73c-edcb-4952-b315-e0170cbf1948</guid>
            <ns2:orderClauseData>
                <ns2:guid>782ed73c-edcb-4952-b315-e0170cbf1948</ns2:guid>
                <ns2:createDateTime>2017-03-30T14:14:24</ns2:createDateTime>
                <ns2:urlOOS>https://zakupki.gov.ru/223/clause/private/order-clause/info/common-info.html?clauseInfoId=281483</ns2:urlOOS>
                <ns2:customer>
                    <mainInfo>
                        <fullName>МУНИЦИПАЛЬНОЕ АВТОНОМНОЕ ОБЩЕОБРАЗОВАТЕЛЬНОЕ УЧРЕЖДЕНИЕ "МАНЧАЖСКАЯ СРЕДНЯЯ ОБЩЕОБРАЗОВАТЕЛЬНАЯ ШКОЛА"</fullName>
                        <shortName>МАОУ "МАНЧАЖСКАЯ СОШ"</shortName>
                        <iko>56636005598663601001</iko>
                        <inn>6636005598</inn>
                        <kpp>661901001</kpp>
                        <ogrn>1026602054280</ogrn>
                        <legalAddress>623360, ОБЛ СВЕРДЛОВСКАЯ, С МАНЧАЖ, УЛ 8 МАРТА, дом 63А</legalAddress>
                        <postalAddress>623360, Свердловская Область, Манчаж Село, 8 Марта Улица, дом 63, строение а</postalAddress>
                        <phone>7-34391-33443</phone>
                        <email>mou_manchag@mail.ru</email>
                        <okato>65203825001</okato>
                        <okpo>12311604</okpo>
                    </mainInfo>
                </ns2:customer>
                <ns2:placer>
                    <mainInfo>
                        <fullName>МУНИЦИПАЛЬНОЕ АВТОНОМНОЕ ОБЩЕОБРАЗОВАТЕЛЬНОЕ УЧРЕЖДЕНИЕ "МАНЧАЖСКАЯ СРЕДНЯЯ ОБЩЕОБРАЗОВАТЕЛЬНАЯ ШКОЛА"</fullName>
                        <shortName>МАОУ "МАНЧАЖСКАЯ СОШ"</shortName>
                        <iko>56636005598663601001</iko>
                        <inn>6636005598</inn>
                        <kpp>661901001</kpp>
                        <ogrn>1026602054280</ogrn>
                        <legalAddress>623360, ОБЛ СВЕРДЛОВСКАЯ, С МАНЧАЖ, УЛ 8 МАРТА, дом 63А</legalAddress>
                        <postalAddress>623360, Свердловская Область, Манчаж Село, 8 Марта Улица, дом 63, строение а</postalAddress>
                        <phone>7-34391-33443</phone>
                        <email>mou_manchag@mail.ru</email>
                        <okato>65203825001</okato>
                        <okpo>12311604</okpo>
                    </mainInfo>
                </ns2:placer>
                <ns2:status>P</ns2:status>
                <ns2:version>4</ns2:version>
                <ns2:name>Положение о закупках товаров, работ, услуг  МАОУ "Манчажская СОШ"</ns2:name>
                <ns2:registrationNumber>1150077698</ns2:registrationNumber>
                <ns2:modificationDescription>Приведение  в соотвествие с нормами действующего законодательства, путем внесения изменений и дополнений.</ns2:modificationDescription>
                <ns2:approveDate>2017-03-02</ns2:approveDate>
                <ns2:effectiveDate>2017-03-23</ns2:effectiveDate>
                <ns2:approverName>Наблюдательный совет</ns2:approverName>
                <ns2:purchaseMethod>
                    <ns2:purchaseMethodCode>3363</ns2:purchaseMethodCode>
                    <ns2:purchaseMethodName>Закупка у единственного поставщика (исполнителя, подрядчика)</ns2:purchaseMethodName>
                    <ns2:digitalPurchase>false</ns2:digitalPurchase>
                </ns2:purchaseMethod>
                <ns2:purchaseMethod>
                    <ns2:purchaseMethodCode>3362</ns2:purchaseMethodCode>
                    <ns2:purchaseMethodName>Запрос котировок</ns2:purchaseMethodName>
                    <ns2:digitalPurchase>false</ns2:digitalPurchase>
                </ns2:purchaseMethod>
                <ns2:purchaseMethod>
                    <ns2:purchaseMethodCode>3361</ns2:purchaseMethodCode>
                    <ns2:purchaseMethodName>Открытый аукцион в электронной форме</ns2:purchaseMethodName>
                    <ns2:digitalPurchase>true</ns2:digitalPurchase>
                </ns2:purchaseMethod>
                <ns2:purchaseMethod>
                    <ns2:purchaseMethodCode>3360</ns2:purchaseMethodCode>
                    <ns2:purchaseMethodName>Открытый аукцион</ns2:purchaseMethodName>
                    <ns2:digitalPurchase>false</ns2:digitalPurchase>
                </ns2:purchaseMethod>
                <ns2:purchaseMethod>
                    <ns2:purchaseMethodCode>3359</ns2:purchaseMethodCode>
                    <ns2:purchaseMethodName>Открытый конкурс</ns2:purchaseMethodName>
                    <ns2:digitalPurchase>false</ns2:digitalPurchase>
                </ns2:purchaseMethod>
                <ns2:purchaseMethod>
                    <ns2:purchaseMethodCode>104488</ns2:purchaseMethodCode>
                    <ns2:purchaseMethodName>Запрос коммерческих предложений</ns2:purchaseMethodName>
                    <ns2:digitalPurchase>true</ns2:digitalPurchase>
                </ns2:purchaseMethod>
                <ns2:publicationDateTime>2017-03-30T14:30:15</ns2:publicationDateTime>
                <ns2:attachments>
                    <totalDocumentsCount>2</totalDocumentsCount>
                    <document>
                        <guid>a68c23c9-2bbf-4293-8de2-89362e778fde</guid>
                        <createDateTime>2017-03-30T12:23:32</createDateTime>
                        <fileName>Положение о закупке товаров (работ, услуг) с изменениями 2017 год.doc</fileName>
                        <description>Положение о закупке товаров (работ, услуг) с изменениями 2017 год</description>
                        <url>http://zakupki.gov.ru/223/clause/public/download/download.html?id=958369</url>
                    </document>
                    <document>
                        <guid>df7bd240-464e-4db9-8431-2db516e00f9a</guid>
                        <createDateTime>2015-07-22T07:34:37</createDateTime>
                        <fileName>Положение о закупке товаров (работ, услуг) на 2015 г..doc</fileName>
                        <description>Положение о закупке товаров (работ, услуг) на 2015 г.</description>
                        <url>http://zakupki.gov.ru/223/clause/public/download/download.html?id=958341</url>
                    </document>
                </ns2:attachments>
            </ns2:orderClauseData>
        </ns2:item>
    </ns2:body>
</ns2:orderClause>
