<?xml version="1.0" encoding="UTF-8" standalone="yes"?>
<ns2:orderClause xsi:schemaLocation="http://zakupki.gov.ru/223/integration/schema/TFF-5.2 http://zakupki.gov.ru/223/integration/schema/TFF-5.2/orderClause.xsd" xmlns="http://zakupki.gov.ru/223fz/types/1" xmlns:ns10="http://zakupki.gov.ru/223fz/disagreementProtocol/1" xmlns:ns11="http://zakupki.gov.ru/223fz/purchase/1" xmlns:ns12="http://zakupki.gov.ru/223fz/machineryListInfo/1" xmlns:ns13="http://zakupki.gov.ru/223fz/revenue/1" xmlns:ns14="http://zakupki.gov.ru/223fz/contract/1" xmlns:ns15="http://zakupki.gov.ru/223fz/complaint/1" xmlns:ns16="http://zakupki.gov.ru/223fz/missedNotice/1" xmlns:ns17="http://zakupki.gov.ru/223fz/notificationIssue/1" xmlns:ns18="http://zakupki.gov.ru/223fz/purchasePlanProject/1" xmlns:ns19="http://zakupki.gov.ru/223fz/webRequest/1" xmlns:ns2="http://zakupki.gov.ru/223fz/orderClauseList/1" xmlns:xsi="http://www.w3.org/2001/XMLSchema-instance" xmlns:ns3="http://zakupki.gov.ru/223fz/dishonestSupplier/1" xmlns:ns4="http://zakupki.gov.ru/223fz/decisionSuspension/1" xmlns:ns5="http://zakupki.gov.ru/223fz/purchasePlanAdditionalPosition/1" xmlns:ns6="http://zakupki.gov.ru/223fz/purchasePlan/1" xmlns:ns7="http://zakupki.gov.ru/223fz/purchasePlanProjectAdditionalPosition/1" xmlns:ns8="http://zakupki.gov.ru/223fz/reference/1" xmlns:ns9="http://zakupki.gov.ru/223fz/stopCommodity/1">
    <header>
        <guid>9afc2647-6961-4d60-a2d2-b252fb4ff71c</guid>
        <createDateTime>2017-03-30T10:34:46</createDateTime>
    </header>
    <ns2:body>
        <ns2:item>
            <guid>71557df6-ffa0-456a-99e7-51e140adf764</guid>
            <ns2:orderClauseData>
                <ns2:guid>71557df6-ffa0-456a-99e7-51e140adf764</ns2:guid>
                <ns2:createDateTime>2017-03-30T12:24:31</ns2:createDateTime>
                <ns2:urlOOS>https://zakupki.gov.ru/223/clause/private/order-clause/info/common-info.html?clauseInfoId=281450</ns2:urlOOS>
                <ns2:customer>
                    <mainInfo>
                        <fullName>Муниципальное автономное учреждение "Центр досуга "Родина"</fullName>
                        <shortName>МАУ "Центр досуга "Родина"</shortName>
                        <iko>56680001786668001001</iko>
                        <inn>6680001786</inn>
                        <kpp>668001001</kpp>
                        <ogrn>1126680002570</ogrn>
                        <legalAddress>624992, Свердловская, Серов, Ленина, дом 179</legalAddress>
                        <postalAddress>624992, Свердловская, Серов, Ленина, дом 179</postalAddress>
                        <phone>343-85-62450</phone>
                        <email>centr1989@bk.ru</email>
                        <okato>65492000000</okato>
                        <okpo>20874824</okpo>
                    </mainInfo>
                </ns2:customer>
                <ns2:placer>
                    <mainInfo>
                        <fullName>Муниципальное автономное учреждение "Центр досуга "Родина"</fullName>
                        <shortName>МАУ "Центр досуга "Родина"</shortName>
                        <iko>56680001786668001001</iko>
                        <inn>6680001786</inn>
                        <kpp>668001001</kpp>
                        <ogrn>1126680002570</ogrn>
                        <legalAddress>624992, Свердловская, Серов, Ленина, дом 179</legalAddress>
                        <postalAddress>624992, Свердловская, Серов, Ленина, дом 179</postalAddress>
                        <phone>343-85-62450</phone>
                        <email>centr1989@bk.ru</email>
                        <okato>65492000000</okato>
                        <okpo>20874824</okpo>
                    </mainInfo>
                </ns2:placer>
                <ns2:status>P</ns2:status>
                <ns2:version>4</ns2:version>
                <ns2:name>Положение о закупках товаров, работ и услуг для нужд Муниципального автономного учреждения "Центр досуга "Родина"</ns2:name>
                <ns2:registrationNumber>1130018064</ns2:registrationNumber>
                <ns2:modificationDescription>настройка интеграции с ЭТП</ns2:modificationDescription>
                <ns2:approveDate>2016-11-30</ns2:approveDate>
                <ns2:effectiveDate>2017-01-01</ns2:effectiveDate>
                <ns2:approverName>Наблюдательный совет МАУ "Центр досуга "Родина"</ns2:approverName>
                <ns2:purchaseMethod>
                    <ns2:purchaseMethodCode>3363</ns2:purchaseMethodCode>
                    <ns2:purchaseMethodName>Закупка у единственного поставщика (исполнителя, подрядчика)</ns2:purchaseMethodName>
                    <ns2:digitalPurchase>false</ns2:digitalPurchase>
                </ns2:purchaseMethod>
                <ns2:purchaseMethod>
                    <ns2:purchaseMethodCode>3362</ns2:purchaseMethodCode>
                    <ns2:purchaseMethodName>Запрос котировок</ns2:purchaseMethodName>
                    <ns2:digitalPurchase>false</ns2:digitalPurchase>
                </ns2:purchaseMethod>
                <ns2:purchaseMethod>
                    <ns2:purchaseMethodCode>3359</ns2:purchaseMethodCode>
                    <ns2:purchaseMethodName>Открытый конкурс</ns2:purchaseMethodName>
                    <ns2:digitalPurchase>false</ns2:digitalPurchase>
                </ns2:purchaseMethod>
                <ns2:purchaseMethod>
                    <ns2:purchaseMethodCode>5621</ns2:purchaseMethodCode>
                    <ns2:purchaseMethodName>СБ-АСТ: Открытый аукцион в электронной форме</ns2:purchaseMethodName>
                    <ns2:digitalPurchase>true</ns2:digitalPurchase>
                </ns2:purchaseMethod>
                <ns2:purchaseMethod>
                    <ns2:purchaseMethodCode>3361</ns2:purchaseMethodCode>
                    <ns2:purchaseMethodName>Открытый аукцион в электронной форме</ns2:purchaseMethodName>
                    <ns2:digitalPurchase>true</ns2:digitalPurchase>
                </ns2:purchaseMethod>
                <ns2:publicationDateTime>2017-03-30T12:34:03</ns2:publicationDateTime>
                <ns2:attachments>
                    <totalDocumentsCount>1</totalDocumentsCount>
                    <document>
                        <guid>bd65bab8-01d7-4f57-bcc1-83a7fa0d0cc3</guid>
                        <createDateTime>2016-12-14T14:20:03</createDateTime>
                        <fileName>ПОЛОЖЕНИЕ О ЗАКУПКЕ с 01.01.2017.rtf</fileName>
                        <description>ПОЛОЖЕНИЕ О ЗАКУПКЕ с 01.01.2017</description>
                        <url>http://zakupki.gov.ru/223/clause/public/download/download.html?id=958226</url>
                    </document>
                </ns2:attachments>
            </ns2:orderClauseData>
        </ns2:item>
    </ns2:body>
</ns2:orderClause>
