<?xml version="1.0" encoding="UTF-8" standalone="yes"?>
<ns2:orderClause xsi:schemaLocation="http://zakupki.gov.ru/223/integration/schema/TFF-5.2 http://zakupki.gov.ru/223/integration/schema/TFF-5.2/orderClause.xsd" xmlns="http://zakupki.gov.ru/223fz/types/1" xmlns:ns10="http://zakupki.gov.ru/223fz/disagreementProtocol/1" xmlns:ns11="http://zakupki.gov.ru/223fz/purchase/1" xmlns:ns12="http://zakupki.gov.ru/223fz/machineryListInfo/1" xmlns:ns13="http://zakupki.gov.ru/223fz/revenue/1" xmlns:ns14="http://zakupki.gov.ru/223fz/contract/1" xmlns:ns15="http://zakupki.gov.ru/223fz/complaint/1" xmlns:ns16="http://zakupki.gov.ru/223fz/missedNotice/1" xmlns:ns17="http://zakupki.gov.ru/223fz/notificationIssue/1" xmlns:ns18="http://zakupki.gov.ru/223fz/purchasePlanProject/1" xmlns:ns19="http://zakupki.gov.ru/223fz/webRequest/1" xmlns:ns2="http://zakupki.gov.ru/223fz/orderClauseList/1" xmlns:xsi="http://www.w3.org/2001/XMLSchema-instance" xmlns:ns3="http://zakupki.gov.ru/223fz/dishonestSupplier/1" xmlns:ns4="http://zakupki.gov.ru/223fz/decisionSuspension/1" xmlns:ns5="http://zakupki.gov.ru/223fz/purchasePlanAdditionalPosition/1" xmlns:ns6="http://zakupki.gov.ru/223fz/purchasePlan/1" xmlns:ns7="http://zakupki.gov.ru/223fz/purchasePlanProjectAdditionalPosition/1" xmlns:ns8="http://zakupki.gov.ru/223fz/reference/1" xmlns:ns9="http://zakupki.gov.ru/223fz/stopCommodity/1">
    <header>
        <guid>e6c178cb-7286-4a43-9a84-6a618ae5ee93</guid>
        <createDateTime>2017-03-30T12:39:13</createDateTime>
    </header>
    <ns2:body>
        <ns2:item>
            <guid>2e05d96d-0a67-464e-8aae-c9fb617fa333</guid>
            <ns2:orderClauseData>
                <ns2:guid>2e05d96d-0a67-464e-8aae-c9fb617fa333</ns2:guid>
                <ns2:createDateTime>2017-03-30T14:31:21</ns2:createDateTime>
                <ns2:urlOOS>https://zakupki.gov.ru/223/clause/private/order-clause/info/common-info.html?clauseInfoId=281487</ns2:urlOOS>
                <ns2:customer>
                    <mainInfo>
                        <fullName>муниципальное автономное общеобразовательное учреждение "Средняя общеобразовательная школа № 40"</fullName>
                        <shortName>Средняя школа № 40</shortName>
                        <iko>56612011264661201001</iko>
                        <inn>6612011264</inn>
                        <kpp>661201001</kpp>
                        <ogrn>1026600936944</ogrn>
                        <legalAddress>623408, Свердловская, Каменск-Уральский, Челябинская, дом 29</legalAddress>
                        <postalAddress>623408, Свердловская, Каменск-Уральский, Челябинская, дом 29</postalAddress>
                        <phone>63-343-9311034</phone>
                        <fax>63-343-9311034</fax>
                        <email>kuschool40@mail.ru</email>
                        <okato>65436368000</okato>
                        <okpo>59261799</okpo>
                    </mainInfo>
                </ns2:customer>
                <ns2:placer>
                    <mainInfo>
                        <fullName>муниципальное автономное общеобразовательное учреждение "Средняя общеобразовательная школа № 40"</fullName>
                        <shortName>Средняя школа № 40</shortName>
                        <iko>56612011264661201001</iko>
                        <inn>6612011264</inn>
                        <kpp>661201001</kpp>
                        <ogrn>1026600936944</ogrn>
                        <legalAddress>623408, Свердловская, Каменск-Уральский, Челябинская, дом 29</legalAddress>
                        <postalAddress>623408, Свердловская, Каменск-Уральский, Челябинская, дом 29</postalAddress>
                        <phone>63-343-9311034</phone>
                        <fax>63-343-9311034</fax>
                        <email>kuschool40@mail.ru</email>
                        <okato>65436368000</okato>
                        <okpo>59261799</okpo>
                    </mainInfo>
                </ns2:placer>
                <ns2:status>P</ns2:status>
                <ns2:version>5</ns2:version>
                <ns2:name>Положение о закупках товаров,работ, услуг для нужд  муниципального автономного общеобразовательного учреждения "Средняя общеобразовательная школа №40"</ns2:name>
                <ns2:registrationNumber>1130024475</ns2:registrationNumber>
                <ns2:modificationDescription>изменение п.п.4.1.1</ns2:modificationDescription>
                <ns2:approveDate>2017-03-30</ns2:approveDate>
                <ns2:effectiveDate>2017-01-26</ns2:effectiveDate>
                <ns2:approverName>Наблюдательный Совет школы</ns2:approverName>
                <ns2:contractSignProcedure>На основании результатов проведенных аукционов в электронной форме на ЭТП</ns2:contractSignProcedure>
                <ns2:purchaseMethod>
                    <ns2:purchaseMethodCode>3363</ns2:purchaseMethodCode>
                    <ns2:purchaseMethodName>Закупка у единственного поставщика (исполнителя, подрядчика)</ns2:purchaseMethodName>
                    <ns2:digitalPurchase>false</ns2:digitalPurchase>
                    <ns2:conditionsOfUse>Согласно п10.3</ns2:conditionsOfUse>
                </ns2:purchaseMethod>
                <ns2:purchaseMethod>
                    <ns2:purchaseMethodCode>3362</ns2:purchaseMethodCode>
                    <ns2:purchaseMethodName>Запрос котировок</ns2:purchaseMethodName>
                    <ns2:digitalPurchase>false</ns2:digitalPurchase>
                    <ns2:conditionsOfUse>Начальная максимальная цена договора не превышает одного миллиона  рублей</ns2:conditionsOfUse>
                </ns2:purchaseMethod>
                <ns2:purchaseMethod>
                    <ns2:purchaseMethodCode>3361</ns2:purchaseMethodCode>
                    <ns2:purchaseMethodName>Открытый аукцион в электронной форме</ns2:purchaseMethodName>
                    <ns2:digitalPurchase>true</ns2:digitalPurchase>
                    <ns2:conditionsOfUse>Когда условия п.4.2.1 Положения неприменимы</ns2:conditionsOfUse>
                </ns2:purchaseMethod>
                <ns2:purchaseMethod>
                    <ns2:purchaseMethodCode>3359</ns2:purchaseMethodCode>
                    <ns2:purchaseMethodName>Открытый конкурс</ns2:purchaseMethodName>
                    <ns2:digitalPurchase>false</ns2:digitalPurchase>
                    <ns2:conditionsOfUse>Когда условия п.4.2.1 Положения неприменимы</ns2:conditionsOfUse>
                </ns2:purchaseMethod>
                <ns2:purchaseMethod>
                    <ns2:purchaseMethodCode>5621</ns2:purchaseMethodCode>
                    <ns2:purchaseMethodName>СБ-АСТ: Открытый аукцион в электронной форме</ns2:purchaseMethodName>
                    <ns2:digitalPurchase>true</ns2:digitalPurchase>
                    <ns2:conditionsOfUse>Согласно положения</ns2:conditionsOfUse>
                </ns2:purchaseMethod>
                <ns2:purchaseMethod>
                    <ns2:purchaseMethodCode>33505</ns2:purchaseMethodCode>
                    <ns2:purchaseMethodName>СБ-АСТ: Закупка у единственного источника</ns2:purchaseMethodName>
                    <ns2:digitalPurchase>true</ns2:digitalPurchase>
                    <ns2:conditionsOfUse>Согласно положения</ns2:conditionsOfUse>
                </ns2:purchaseMethod>
                <ns2:additionalInfo>нет</ns2:additionalInfo>
                <ns2:publicationDateTime>2017-03-30T14:38:04</ns2:publicationDateTime>
                <ns2:attachments>
                    <totalDocumentsCount>4</totalDocumentsCount>
                    <document>
                        <guid>0efdcf72-11b2-4790-9c75-5e027def3549</guid>
                        <createDateTime>2014-12-19T12:03:32</createDateTime>
                        <fileName>Изменения в положение о закупках.jpg</fileName>
                        <description>Изменения в положение о закупках</description>
                        <url>http://zakupki.gov.ru/223/clause/public/download/download.html?id=958378</url>
                    </document>
                    <document>
                        <guid>78a11ed0-4861-40aa-bb10-951bffae9e91</guid>
                        <createDateTime>2013-12-26T06:38:45</createDateTime>
                        <fileName>Сканкопия 1 стр.Положения.jpg</fileName>
                        <description>Сканкопия 1 стр.Положения</description>
                        <url>http://zakupki.gov.ru/223/clause/public/download/download.html?id=958379</url>
                    </document>
                    <document>
                        <guid>cad77155-9f04-41c6-b9aa-3af4ec59f9d4</guid>
                        <createDateTime>2013-12-26T06:38:25</createDateTime>
                        <fileName>Положение о закупках МАОУ СОШ №40.doc</fileName>
                        <description>Положение о закупках МАОУ СОШ №40</description>
                        <url>http://zakupki.gov.ru/223/clause/public/download/download.html?id=958380</url>
                    </document>
                    <document>
                        <guid>66f92880-c8d0-4c26-834e-14e55f32a66a</guid>
                        <createDateTime>2017-03-30T12:31:55</createDateTime>
                        <fileName>2.pdf</fileName>
                        <description>2</description>
                        <url>http://zakupki.gov.ru/223/clause/public/download/download.html?id=958382</url>
                    </document>
                </ns2:attachments>
            </ns2:orderClauseData>
        </ns2:item>
    </ns2:body>
</ns2:orderClause>
