<?xml version="1.0" encoding="UTF-8" standalone="yes"?>
<ns2:explanation xsi:schemaLocation="http://zakupki.gov.ru/223/integration/schema/TFF-5.2 http://zakupki.gov.ru/223/integration/schema/TFF-5.2/purchase.xsd" xmlns="http://zakupki.gov.ru/223fz/types/1" xmlns:ns10="http://zakupki.gov.ru/223fz/purchasePlan/1" xmlns:ns11="http://zakupki.gov.ru/223fz/purchasePlanProject/1" xmlns:ns12="http://zakupki.gov.ru/223fz/purchasePlanProjectAdditionalPosition/1" xmlns:ns13="http://zakupki.gov.ru/223fz/contract/1" xmlns:ns14="http://zakupki.gov.ru/223fz/missedNotice/1" xmlns:ns15="http://zakupki.gov.ru/223fz/reference/1" xmlns:ns16="http://zakupki.gov.ru/223fz/stopCommodity/1" xmlns:ns17="http://zakupki.gov.ru/223fz/decisionSuspension/1" xmlns:ns18="http://zakupki.gov.ru/223fz/purchasePlanAdditionalPosition/1" xmlns:ns19="http://zakupki.gov.ru/223fz/webRequest/1" xmlns:ns2="http://zakupki.gov.ru/223fz/purchase/1" xmlns:xsi="http://www.w3.org/2001/XMLSchema-instance" xmlns:ns3="http://zakupki.gov.ru/223fz/dishonestSupplier/1" xmlns:ns4="http://zakupki.gov.ru/223fz/machineryListInfo/1" xmlns:ns5="http://zakupki.gov.ru/223fz/revenue/1" xmlns:ns6="http://zakupki.gov.ru/223fz/orderClauseList/1" xmlns:ns7="http://zakupki.gov.ru/223fz/disagreementProtocol/1" xmlns:ns8="http://zakupki.gov.ru/223fz/complaint/1" xmlns:ns9="http://zakupki.gov.ru/223fz/notificationIssue/1">
    <header>
        <guid>77a91938-7f22-4b58-b364-0a617c5b0d5b</guid>
        <createDateTime>2017-03-15T15:07:47</createDateTime>
    </header>
    <ns2:body>
        <ns2:item>
            <guid>cf21d4a8-b596-4250-2226-f8d380cd78d7</guid>
            <ns2:explanationData>
                <ns2:guid>cf21d4a8-b596-4250-2226-f8d380cd78d7</ns2:guid>
                <ns2:urlOOS>https://zakupki.gov.ru/223/purchase/private/purchase/explanation/details.html?explanationId=304543</ns2:urlOOS>
                <ns2:description>  В настоящее время на объектах ПО "ЧГЭС" системы видеонаблюдения построены на базе Видеосерверов Domination IP (17 объектов).  
  ПО позиции №1 поясняю, тип указанного оборудования в спецификации Domination IP-8 считаем актуальным и не снятыми с производства по данной линейке видеосерверов производителя "Domination" г. Пермь.              
  По позиции №2 предоставленные в спецификации технического задания уличные 2-мегапиксельные IP камеры сс ИК-подсветкой Apix - Bullet/M2 Lite LED3312 возможно использовать IP камеры с техническими характеристиками не ниже, либо аналогичные данной продукции, совместимые с работой на базе видеосервера Domination.
</ns2:description>
                <ns2:requestSubjectInfo>Доброе утро. В документации представлен проект: "Установка системы видеонаблюдения..."  в нем указан список оборудования: наименование и технические характеристики оборудования и материалов позиции №1 и №2, которые уже сняты с производства. Просим внести изменения или рассмотреть возможность предоставления со стороны исполнителя аналоговой продукции, к которым будут выставлены конкретные требования.</ns2:requestSubjectInfo>
                <ns2:requestDate>2017-03-14T13:35:20</ns2:requestDate>
                <ns2:status>P</ns2:status>
                <ns2:creationDate>2017-03-15T15:40:36</ns2:creationDate>
                <ns2:modificationDate>2017-03-15T17:07:47</ns2:modificationDate>
                <ns2:decisionDate>2017-03-15T13:40:36</ns2:decisionDate>
                <ns2:publishDate>2017-03-15T17:07:47</ns2:publishDate>
                <ns2:attachments>
                    <totalDocumentsCount>3</totalDocumentsCount>
                    <document>
                        <guid>f833ff92-463b-1c3e-919b-5528c24f3e2b</guid>
                        <createDateTime>2017-03-15T13:40:33</createDateTime>
                        <fileName>Ответ[1].docx</fileName>
                        <description>Ответ[1].docx</description>
                        <url>http://zakupki.gov.ru/223/purchase/public/download/download.html?id=30072960</url>
                    </document>
                    <document>
                        <guid>08f8eccc-92ee-8dc5-cf9b-ee682d49f14c</guid>
                        <createDateTime>2017-03-14T13:34:45</createDateTime>
                        <fileName>Запрос_на_разъяснение[1].docx</fileName>
                        <description>Запрос_на_разъяснение[1].docx</description>
                        <url>http://zakupki.gov.ru/223/purchase/public/download/download.html?id=30072961</url>
                    </document>
                    <document>
                        <guid>d88617d0-56d5-2160-c762-585aaaf229f2</guid>
                        <createDateTime>2017-03-14T08:00:02</createDateTime>
                        <fileName>Запрос_на_разъяснение.docx</fileName>
                        <description>Запрос_на_разъяснение.docx</description>
                        <url>http://zakupki.gov.ru/223/purchase/public/download/download.html?id=30072962</url>
                    </document>
                </ns2:attachments>
                <ns2:purchaseRegNum>31704872988</ns2:purchaseRegNum>
                <ns2:purchaseMethodCode>2910</ns2:purchaseMethodCode>
                <ns2:purchaseMethodName>открытый запрос предложений</ns2:purchaseMethodName>
                <ns2:purchaseName>Право заключения договора подряда на выполнение строительно-монтажных и пусконаладочных работ по объекту: «Установка системы видеонаблюдения на ПС «Паклинская», ПС «Гранитная» ПО «ЧГЭС» производственного отделения «Челябинские городские электрические сети» филиала ОАО «МРСК Урала» - «Челябэнерго».</ns2:purchaseName>
                <ns2:placer>
                    <mainInfo>
                        <fullName>Открытое акционерное общество "Межрегиональная распределительная сетевая компания Урала"</fullName>
                        <shortName>ОАО "МРСК Урала"</shortName>
                        <iko>56671163413667201001</iko>
                        <inn>6671163413</inn>
                        <kpp>667201001</kpp>
                        <ogrn>1056604000970</ogrn>
                        <legalAddress>620026, Свердловская, Екатеринбург, Мамина-Сибиряка, дом 140</legalAddress>
                        <postalAddress>620026, Свердловская область, Екатеринбург, Мамина-Сибиряка, дом 140 </postalAddress>
                        <phone>7-343-2152600</phone>
                        <fax>7-343-2152661</fax>
                        <email>mrsk@mrsk-ural.ru</email>
                        <okato>65401000000</okato>
                        <okpo>76507836</okpo>
                    </mainInfo>
                </ns2:placer>
                <ns2:emergency>false</ns2:emergency>
            </ns2:explanationData>
        </ns2:item>
    </ns2:body>
</ns2:explanation>
