<?xml version="1.0" encoding="UTF-8" standalone="yes"?>
<ns2:explanation xsi:schemaLocation="http://zakupki.gov.ru/223/integration/schema/TFF-5.2 http://zakupki.gov.ru/223/integration/schema/TFF-5.2/purchase.xsd" xmlns="http://zakupki.gov.ru/223fz/types/1" xmlns:ns10="http://zakupki.gov.ru/223fz/purchasePlan/1" xmlns:ns11="http://zakupki.gov.ru/223fz/purchasePlanProject/1" xmlns:ns12="http://zakupki.gov.ru/223fz/purchasePlanProjectAdditionalPosition/1" xmlns:ns13="http://zakupki.gov.ru/223fz/contract/1" xmlns:ns14="http://zakupki.gov.ru/223fz/missedNotice/1" xmlns:ns15="http://zakupki.gov.ru/223fz/reference/1" xmlns:ns16="http://zakupki.gov.ru/223fz/stopCommodity/1" xmlns:ns17="http://zakupki.gov.ru/223fz/decisionSuspension/1" xmlns:ns18="http://zakupki.gov.ru/223fz/purchasePlanAdditionalPosition/1" xmlns:ns19="http://zakupki.gov.ru/223fz/webRequest/1" xmlns:ns2="http://zakupki.gov.ru/223fz/purchase/1" xmlns:xsi="http://www.w3.org/2001/XMLSchema-instance" xmlns:ns3="http://zakupki.gov.ru/223fz/dishonestSupplier/1" xmlns:ns4="http://zakupki.gov.ru/223fz/machineryListInfo/1" xmlns:ns5="http://zakupki.gov.ru/223fz/revenue/1" xmlns:ns6="http://zakupki.gov.ru/223fz/orderClauseList/1" xmlns:ns7="http://zakupki.gov.ru/223fz/disagreementProtocol/1" xmlns:ns8="http://zakupki.gov.ru/223fz/complaint/1" xmlns:ns9="http://zakupki.gov.ru/223fz/notificationIssue/1">
    <header>
        <guid>1da0a3ca-7fbc-4ee3-b096-cccec5b45123</guid>
        <createDateTime>2017-03-15T15:10:43</createDateTime>
    </header>
    <ns2:body>
        <ns2:item>
            <guid>9b0649a8-67a2-89fa-557b-1296427fd09f</guid>
            <ns2:explanationData>
                <ns2:guid>9b0649a8-67a2-89fa-557b-1296427fd09f</ns2:guid>
                <ns2:urlOOS>https://zakupki.gov.ru/223/purchase/private/purchase/explanation/details.html?explanationId=304599</ns2:urlOOS>
                <ns2:description>Добрый день!
 Заказчик АО «ОКБ «Новатор» в соответствии с п. 9.5 Положения о закупке извещает об отказе от проведения процедуры размещения заказа путем проведения запроса котировок на право заключения Договора на поставку прессов гидравлических.</ns2:description>
                <ns2:requestSubjectInfo>Добрый день.
Изучив документацию к Извещению № 76/47-2017 о проведении запроса котировок на право заключения договора на поставку прессов гидравлических (номер процедуры 31704860895), возник вопрос по содержанию приложения №2, а именно "Техническое задание". В Техническом задании, в разделе 1, четвертая красная строка, второе предложение (дословно): "Размещение гидрогенератора – позади пресса".
Вопрос: "гидрогенератор" - это опечатка допущенная в технической документации к процедуре закупки от слова "гидроагрегат", либо это некое устройство, которое необходимо Заказчику в составе пресса?
</ns2:requestSubjectInfo>
                <ns2:requestDate>2017-03-15T14:47:26</ns2:requestDate>
                <ns2:status>P</ns2:status>
                <ns2:creationDate>2017-03-15T17:00:47</ns2:creationDate>
                <ns2:modificationDate>2017-03-15T17:10:43</ns2:modificationDate>
                <ns2:decisionDate>2017-03-15T15:00:47</ns2:decisionDate>
                <ns2:publishDate>2017-03-15T17:10:43</ns2:publishDate>
                <ns2:attachments>
                    <totalDocumentsCount>1</totalDocumentsCount>
                    <document>
                        <guid>3bf09f40-1b76-9a33-2ab3-24a338c34abc</guid>
                        <createDateTime>2017-03-15T15:00:37</createDateTime>
                        <fileName>2_Извещение_об_отказе_76-47-2017.doc</fileName>
                        <description>2_Извещение_об_отказе_76-47-2017.doc</description>
                        <url>http://zakupki.gov.ru/223/purchase/public/download/download.html?id=30077713</url>
                    </document>
                </ns2:attachments>
                <ns2:purchaseRegNum>31704860895</ns2:purchaseRegNum>
                <ns2:purchaseMethodCode>30543</ns2:purchaseMethodCode>
                <ns2:purchaseMethodName>Запрос котировок цен</ns2:purchaseMethodName>
                <ns2:purchaseName>Покупка прессов гидравлических</ns2:purchaseName>
                <ns2:placer>
                    <mainInfo>
                        <fullName>АКЦИОНЕРНОЕ ОБЩЕСТВО "ОПЫТНОЕ КОНСТРУКТОРСКОЕ БЮРО "НОВАТОР"</fullName>
                        <shortName>АО "ОКБ "НОВАТОР"</shortName>
                        <iko>66673092045667301001</iko>
                        <inn>6673092045</inn>
                        <kpp>667301001</kpp>
                        <ogrn>1026605611339</ogrn>
                        <legalAddress>620017, обл СВЕРДЛОВСКАЯ, г ЕКАТЕРИНБУРГ, пр-кт КОСМОНАВТОВ, дом 18</legalAddress>
                        <postalAddress>620017, г. Екатеринбург, пр. Космонавтов, 18</postalAddress>
                        <phone>7-343-2641072</phone>
                        <fax>7-343-2641300</fax>
                        <email>main@okb-novator.ru</email>
                        <okato>65401385000</okato>
                        <okpo>07546512</okpo>
                    </mainInfo>
                </ns2:placer>
                <ns2:emergency>false</ns2:emergency>
            </ns2:explanationData>
        </ns2:item>
    </ns2:body>
</ns2:explanation>
