<?xml version="1.0" encoding="UTF-8" standalone="yes"?>
<ns2:explanation xsi:schemaLocation="http://zakupki.gov.ru/223/integration/schema/TFF-5.2 http://zakupki.gov.ru/223/integration/schema/TFF-5.2/purchase.xsd" xmlns="http://zakupki.gov.ru/223fz/types/1" xmlns:ns10="http://zakupki.gov.ru/223fz/purchasePlan/1" xmlns:ns11="http://zakupki.gov.ru/223fz/purchasePlanProject/1" xmlns:ns12="http://zakupki.gov.ru/223fz/purchasePlanProjectAdditionalPosition/1" xmlns:ns13="http://zakupki.gov.ru/223fz/contract/1" xmlns:ns14="http://zakupki.gov.ru/223fz/missedNotice/1" xmlns:ns15="http://zakupki.gov.ru/223fz/reference/1" xmlns:ns16="http://zakupki.gov.ru/223fz/stopCommodity/1" xmlns:ns17="http://zakupki.gov.ru/223fz/decisionSuspension/1" xmlns:ns18="http://zakupki.gov.ru/223fz/purchasePlanAdditionalPosition/1" xmlns:ns19="http://zakupki.gov.ru/223fz/webRequest/1" xmlns:ns2="http://zakupki.gov.ru/223fz/purchase/1" xmlns:xsi="http://www.w3.org/2001/XMLSchema-instance" xmlns:ns3="http://zakupki.gov.ru/223fz/dishonestSupplier/1" xmlns:ns4="http://zakupki.gov.ru/223fz/machineryListInfo/1" xmlns:ns5="http://zakupki.gov.ru/223fz/revenue/1" xmlns:ns6="http://zakupki.gov.ru/223fz/orderClauseList/1" xmlns:ns7="http://zakupki.gov.ru/223fz/disagreementProtocol/1" xmlns:ns8="http://zakupki.gov.ru/223fz/complaint/1" xmlns:ns9="http://zakupki.gov.ru/223fz/notificationIssue/1">
    <header>
        <guid>cebb2553-e309-406a-947e-484c7bef1a5a</guid>
        <createDateTime>2017-03-15T11:38:01</createDateTime>
    </header>
    <ns2:body>
        <ns2:item>
            <guid>2d49682d-9004-3928-fba9-fc0a02d30cf3</guid>
            <ns2:explanationData>
                <ns2:guid>2d49682d-9004-3928-fba9-fc0a02d30cf3</ns2:guid>
                <ns2:urlOOS>https://zakupki.gov.ru/223/purchase/private/purchase/explanation/details.html?explanationId=304445</ns2:urlOOS>
                <ns2:description>Добрый день! В ответ на Ваш запрос  сообщаем, что при подготовке закупочной документации была совершена ошибка вследствие опечатки и в документацию будут внесены соответствующие изменения в редакции №2 от 15 марта 2017 года.</ns2:description>
                <ns2:requestSubjectInfo>1.В документации по проведению открытого запроса в разделе 7.2. ТЕХНИЧЕСКОЕ ЗАДАНИЕ количество позиций указано 11479,00 шт., но согласно  приложения №2  ТЗ количество позиций получается 11400,00 шт. Просьба указать верное количество.
2. Размеры знаков указаны все 200х200, согласно  ГОСТ Р 12.4.026-2001 знаки с Е04, Е04, Е05, Е06, Е07, Е08, Е09, Е10, Е11, Е12, Е22, Е23 прямоугольные и имеют размер 200х100 или 300x150 или 400x200. Просьба указать верный размер данных знаков. Мы можем произвести индивидуальные, квадратные знаки 200х200, но они уже будут изготовлены не по ГОСТу.
3. Согласно ГОСТ Р 12.4.026-2001 все знаки пожарной безопасности, размещённые на пути эвакуации, должны быть выполнены с применением фотолюминесцентных материалов. В вашем случае вся группа "Эвакуационных знаков, знаков медицинского и санитарного назначения" в приложении  №2 к ТЗ должна быть выполнена с применением фотолюминесцентных материалов. У вас же указана обычная пленка (за исключением 4-х пунктов). Мы можем произвести индивидуальные знаки  на обычной пленке, но они уже будут изготовлены не по ГОСТу. Просим уточнить верные материалы.
4. В документации по проведению открытого запроса в разделе 7.2. ТЕХНИЧЕСКОЕ ЗАДАНИЕ, указано что продукция должна быть произведена в соответствии с ГОСТ Р 12.4.026-2001, который утратил силу 01.03.2017г., с момента вступления в силу нового ГОСТа 12.4.026-2015. Просим подтвердить необходимость производства знаков по не действующему ГОСТу.</ns2:requestSubjectInfo>
                <ns2:requestDate>2017-03-13T15:08:39</ns2:requestDate>
                <ns2:status>P</ns2:status>
                <ns2:creationDate>2017-03-15T13:35:09</ns2:creationDate>
                <ns2:modificationDate>2017-03-15T13:38:01</ns2:modificationDate>
                <ns2:decisionDate>2017-03-15T11:35:09</ns2:decisionDate>
                <ns2:publishDate>2017-03-15T13:38:01</ns2:publishDate>
                <ns2:attachments>
                    <totalDocumentsCount>1</totalDocumentsCount>
                    <document>
                        <guid>108c4c97-051e-1409-c089-8e3b00f550d5</guid>
                        <createDateTime>2017-03-15T11:35:01</createDateTime>
                        <fileName>ответ_на_запрос.docx</fileName>
                        <description>ответ_на_запрос.docx</description>
                        <url>http://zakupki.gov.ru/223/purchase/public/download/download.html?id=30066947</url>
                    </document>
                </ns2:attachments>
                <ns2:purchaseRegNum>31704872785</ns2:purchaseRegNum>
                <ns2:purchaseMethodCode>24704</ns2:purchaseMethodCode>
                <ns2:purchaseMethodName>Запрос котировок цен в электронной форме</ns2:purchaseMethodName>
                <ns2:purchaseName>Запрос котировок в электронной форме на право заключения договора на поставку знаков безопасности</ns2:purchaseName>
                <ns2:placer>
                    <mainInfo>
                        <fullName>ПУБЛИЧНОЕ АКЦИОНЕРНОЕ ОБЩЕСТВО "МАШИНОСТРОИТЕЛЬНЫЙ ЗАВОД ИМЕНИ М.И.КАЛИНИНА, Г. ЕКАТЕРИНБУРГ"</fullName>
                        <shortName>ПАО "МЗИК"</shortName>
                        <iko>56663003800667301001</iko>
                        <inn>6663003800</inn>
                        <kpp>668601001</kpp>
                        <ogrn>1026605624451</ogrn>
                        <legalAddress>620017, ОБЛ СВЕРДЛОВСКАЯ, Г ЕКАТЕРИНБУРГ, ПР-КТ КОСМОНАВТОВ, дом 18</legalAddress>
                        <postalAddress>620000, Свердловская Область, Екатеринбург Город, дом 18</postalAddress>
                        <phone>7-343-3295064</phone>
                        <fax>7-343-3311796</fax>
                        <email>v_bunkov@mail.ru</email>
                        <okato>65401385000</okato>
                        <okpo>07509511</okpo>
                    </mainInfo>
                </ns2:placer>
                <ns2:emergency>false</ns2:emergency>
            </ns2:explanationData>
        </ns2:item>
    </ns2:body>
</ns2:explanation>
