<?xml version="1.0" encoding="UTF-8" standalone="yes"?>
<ns2:explanation xsi:schemaLocation="http://zakupki.gov.ru/223/integration/schema/TFF-5.2 http://zakupki.gov.ru/223/integration/schema/TFF-5.2/purchase.xsd" xmlns="http://zakupki.gov.ru/223fz/types/1" xmlns:ns10="http://zakupki.gov.ru/223fz/purchasePlan/1" xmlns:ns11="http://zakupki.gov.ru/223fz/purchasePlanProject/1" xmlns:ns12="http://zakupki.gov.ru/223fz/purchasePlanProjectAdditionalPosition/1" xmlns:ns13="http://zakupki.gov.ru/223fz/contract/1" xmlns:ns14="http://zakupki.gov.ru/223fz/missedNotice/1" xmlns:ns15="http://zakupki.gov.ru/223fz/reference/1" xmlns:ns16="http://zakupki.gov.ru/223fz/stopCommodity/1" xmlns:ns17="http://zakupki.gov.ru/223fz/decisionSuspension/1" xmlns:ns18="http://zakupki.gov.ru/223fz/purchasePlanAdditionalPosition/1" xmlns:ns19="http://zakupki.gov.ru/223fz/webRequest/1" xmlns:ns2="http://zakupki.gov.ru/223fz/purchase/1" xmlns:xsi="http://www.w3.org/2001/XMLSchema-instance" xmlns:ns3="http://zakupki.gov.ru/223fz/dishonestSupplier/1" xmlns:ns4="http://zakupki.gov.ru/223fz/machineryListInfo/1" xmlns:ns5="http://zakupki.gov.ru/223fz/revenue/1" xmlns:ns6="http://zakupki.gov.ru/223fz/orderClauseList/1" xmlns:ns7="http://zakupki.gov.ru/223fz/disagreementProtocol/1" xmlns:ns8="http://zakupki.gov.ru/223fz/complaint/1" xmlns:ns9="http://zakupki.gov.ru/223fz/notificationIssue/1">
    <header>
        <guid>e991f91e-d7b6-4c64-ab32-a86f67336692</guid>
        <createDateTime>2017-03-15T14:49:04</createDateTime>
    </header>
    <ns2:body>
        <ns2:item>
            <guid>c7a0f975-ab5a-4f54-a071-65706e8ecefe</guid>
            <ns2:explanationData>
                <ns2:guid>c7a0f975-ab5a-4f54-a071-65706e8ecefe</ns2:guid>
                <ns2:urlOOS>https://zakupki.gov.ru/223/purchase/private/purchase/explanation/details.html?explanationId=304587</ns2:urlOOS>
                <ns2:description>запрос участника</ns2:description>
                <ns2:requestSubjectInfo>разъяснение положений закупочной документации (повторно)</ns2:requestSubjectInfo>
                <ns2:requestDate>2017-03-14T00:00:00</ns2:requestDate>
                <ns2:status>P</ns2:status>
                <ns2:creationDate>2017-03-15T16:48:57</ns2:creationDate>
                <ns2:modificationDate>2017-03-15T16:49:04</ns2:modificationDate>
                <ns2:decisionDate>2017-03-15T00:00:00</ns2:decisionDate>
                <ns2:publishDate>2017-03-15T16:49:04</ns2:publishDate>
                <ns2:attachments>
                    <totalDocumentsCount>1</totalDocumentsCount>
                    <document>
                        <guid>6e613450-fa30-43c8-b766-feb4a9525f67</guid>
                        <createDateTime>2017-03-15T14:48:52</createDateTime>
                        <fileName>Разъяснения № 2 в документацию запроса цен № 2017-40.docx</fileName>
                        <description>Разъяснения № 2 в документацию запроса цен № 2017-40</description>
                        <url>http://zakupki.gov.ru/223/purchase/public/download/download.html?id=30076898</url>
                    </document>
                </ns2:attachments>
                <ns2:purchaseRegNum>31704870320</ns2:purchaseRegNum>
                <ns2:purchaseMethodCode>1672</ns2:purchaseMethodCode>
                <ns2:purchaseMethodName>запрос цен</ns2:purchaseMethodName>
                <ns2:purchaseName>Выполнение работ по огнезащитной обработке металлических конструкций, котельная, гараж ЭПК</ns2:purchaseName>
                <ns2:placer>
                    <mainInfo>
                        <fullName>ФЕДЕРАЛЬНОЕ ГОСУДАРСТВЕННОЕ АВТОНОМНОЕ ОБРАЗОВАТЕЛЬНОЕ УЧРЕЖДЕНИЕ ВЫСШЕГО ОБРАЗОВАНИЯ "УРАЛЬСКИЙ ФЕДЕРАЛЬНЫЙ УНИВЕРСИТЕТ ИМЕНИ ПЕРВОГО ПРЕЗИДЕНТА РОССИИ Б.Н. ЕЛЬЦИНА"</fullName>
                        <shortName>ФГАОУ ВО "УРФУ ИМЕНИ ПЕРВОГО ПРЕЗИДЕНТА РОССИИ Б.Н. ЕЛЬЦИНА", УРАЛЬСКИЙ ФЕДЕРАЛЬНЫЙ УНИВЕРСИТЕТ, УРФУ</shortName>
                        <iko>56660003190667001001</iko>
                        <inn>6660003190</inn>
                        <kpp>667001001</kpp>
                        <ogrn>1026604939855</ogrn>
                        <legalAddress>620002, ОБЛ СВЕРДЛОВСКАЯ, Г ЕКАТЕРИНБУРГ, УЛ МИРА, дом ДОМ 19</legalAddress>
                        <postalAddress>620002, Свердловская область, Екатеринбург город, Мира улица, дом 19</postalAddress>
                        <phone>7-343-3754757</phone>
                        <fax>7-343-3754757</fax>
                        <email>rectorat@urfu.ru</email>
                        <okato>65401373000</okato>
                        <okpo>02069208</okpo>
                    </mainInfo>
                </ns2:placer>
                <ns2:emergency>false</ns2:emergency>
            </ns2:explanationData>
        </ns2:item>
    </ns2:body>
</ns2:explanation>
