<?xml version="1.0" encoding="UTF-8" standalone="yes"?>
<ns2:explanation xsi:schemaLocation="http://zakupki.gov.ru/223/integration/schema/TFF-5.2 http://zakupki.gov.ru/223/integration/schema/TFF-5.2/purchase.xsd" xmlns="http://zakupki.gov.ru/223fz/types/1" xmlns:ns10="http://zakupki.gov.ru/223fz/purchasePlan/1" xmlns:ns11="http://zakupki.gov.ru/223fz/purchasePlanProject/1" xmlns:ns12="http://zakupki.gov.ru/223fz/purchasePlanProjectAdditionalPosition/1" xmlns:ns13="http://zakupki.gov.ru/223fz/contract/1" xmlns:ns14="http://zakupki.gov.ru/223fz/missedNotice/1" xmlns:ns15="http://zakupki.gov.ru/223fz/reference/1" xmlns:ns16="http://zakupki.gov.ru/223fz/stopCommodity/1" xmlns:ns17="http://zakupki.gov.ru/223fz/decisionSuspension/1" xmlns:ns18="http://zakupki.gov.ru/223fz/purchasePlanAdditionalPosition/1" xmlns:ns19="http://zakupki.gov.ru/223fz/webRequest/1" xmlns:ns2="http://zakupki.gov.ru/223fz/purchase/1" xmlns:xsi="http://www.w3.org/2001/XMLSchema-instance" xmlns:ns3="http://zakupki.gov.ru/223fz/dishonestSupplier/1" xmlns:ns4="http://zakupki.gov.ru/223fz/machineryListInfo/1" xmlns:ns5="http://zakupki.gov.ru/223fz/revenue/1" xmlns:ns6="http://zakupki.gov.ru/223fz/orderClauseList/1" xmlns:ns7="http://zakupki.gov.ru/223fz/disagreementProtocol/1" xmlns:ns8="http://zakupki.gov.ru/223fz/complaint/1" xmlns:ns9="http://zakupki.gov.ru/223fz/notificationIssue/1">
    <header>
        <guid>05113576-8faa-4e97-9dca-7765f36cd757</guid>
        <createDateTime>2017-03-15T08:11:24</createDateTime>
    </header>
    <ns2:body>
        <ns2:item>
            <guid>a9898519-5928-0040-0000-58c8ccae1bd7</guid>
            <ns2:explanationData>
                <ns2:guid>a9898519-5928-0040-0000-58c8ccae1bd7</ns2:guid>
                <ns2:urlOOS>https://zakupki.gov.ru/223/purchase/private/purchase/explanation/details.html?explanationId=304311</ns2:urlOOS>
                <ns2:description>Разъяснения от 10.03.2017 08:33</ns2:description>
                <ns2:requestSubjectInfo>Запрос:
Добрый день!

Согласно приложению №6 к ТЗ - Перечень обрудования ССПИ Куликовка изм. 3 невозможно уточнить параметры для следующего вида предложенного к поставке оборудования:
1. поз. 69, Эквивалент ИЛ;
2. поз. 70, Устройство отладочное;
3. поз. 71, Комплект блоков ЗИП.

В спецификации нет подробного состава поз. 71, а также артикула и производителя поз. 69, 70, в связи с чем невозможно определить состав данных позиций и произвести расчет цены. 

Просим разъяснить состав поз. 71 и указать точные параметры для поз. 69,70.

Спасибо!

Разъяснения:
Добрый день!
Эквивалент ИЛ 
относится к измерительному и вспомогательному оборудованию для наладки аппаратуры.
В документации написано:
Блок линейного интерфейса (ЛИ) обеспечивает согласование с фильтром присоединения (в сторону линии связи), а также с ФВ и ЛФ для разнесенного приема, содержит переменный аттенюатор; кроме того, для смежных частот приема здесь же реализуется высокочастотная дифференциальная система (дифсистема). 

Устройство отладочное
Устройство для наладки оборудования 

Комплект блоков ЗИП: 
БП, БП - это БП1 и БП2;
УМ – блок входит в состав ЦВК
УМ-40 –  40-ваттный усилитель мощности
ДАН – блок передачи данных телемеханики
БЛФ - Блок интерфейсов телефонных окончаний
</ns2:requestSubjectInfo>
                <ns2:requestDate>2017-03-10T10:33:44</ns2:requestDate>
                <ns2:status>P</ns2:status>
                <ns2:creationDate>2017-03-15T12:10:02</ns2:creationDate>
                <ns2:modificationDate>2017-03-15T10:11:24</ns2:modificationDate>
                <ns2:decisionDate>2017-03-15T10:07:01</ns2:decisionDate>
                <ns2:publishDate>2017-03-15T10:11:24</ns2:publishDate>
                <ns2:attachments>
                    <totalDocumentsCount>1</totalDocumentsCount>
                    <document>
                        <guid>a9898519-5928-0040-0000-58c8ccae1bd7</guid>
                        <createDateTime>2017-03-10T10:33:44</createDateTime>
                        <fileName>текст разъяснения.doc</fileName>
                        <description>текст разъяснения.doc</description>
                        <url>http://zakupki.gov.ru/223/purchase/public/download/download.html?id=30057917</url>
                    </document>
                </ns2:attachments>
                <ns2:purchaseRegNum>31704855037</ns2:purchaseRegNum>
                <ns2:purchaseMethodCode>2910</ns2:purchaseMethodCode>
                <ns2:purchaseMethodName>открытый запрос предложений</ns2:purchaseMethodName>
                <ns2:purchaseName>Лот 1 (Закупка №17203, лот №43): Право заключения договора подряда на выполнение демонтажных, строительно-монтажных и пусконаладочных работ по объекту: «Модернизация ССПИ на ПС ««Куликовка» производственного отделения «Центральные электрические сети» филиала ОАО «МРСК Урала» – «Пермэнерго»
Лот 2 (Закупка №17203, лот №59): Право заключения договора поставки оборудования ССПИ для выполнения строительно-монтажных и пусконаладочных работ по объекту: «Модернизация ССПИ на ПС «Куликовка» производственного отделения «Центральные электрические сети» филиала ОАО «МРСК Урала» – «Пермэнерго». (789560)</ns2:purchaseName>
                <ns2:placer>
                    <mainInfo>
                        <fullName>Открытое акционерное общество "Межрегиональная распределительная сетевая компания Урала"</fullName>
                        <shortName>ОАО "МРСК Урала"</shortName>
                        <iko>56671163413667201001</iko>
                        <inn>6671163413</inn>
                        <kpp>667201001</kpp>
                        <ogrn>1056604000970</ogrn>
                        <legalAddress>620026, Свердловская, Екатеринбург, Мамина-Сибиряка, дом 140</legalAddress>
                        <postalAddress>620026, Свердловская область, Екатеринбург, Мамина-Сибиряка, дом 140 </postalAddress>
                        <phone>7-343-2152600</phone>
                        <fax>7-343-2152661</fax>
                        <email>mrsk@mrsk-ural.ru</email>
                        <okato>65401000000</okato>
                        <okpo>76507836</okpo>
                    </mainInfo>
                </ns2:placer>
                <ns2:emergency>false</ns2:emergency>
            </ns2:explanationData>
        </ns2:item>
    </ns2:body>
</ns2:explanation>
