<?xml version="1.0" encoding="UTF-8" standalone="yes"?>
<ns2:explanation xsi:schemaLocation="http://zakupki.gov.ru/223/integration/schema/TFF-5.2 http://zakupki.gov.ru/223/integration/schema/TFF-5.2/purchase.xsd" xmlns="http://zakupki.gov.ru/223fz/types/1" xmlns:ns10="http://zakupki.gov.ru/223fz/purchasePlan/1" xmlns:ns11="http://zakupki.gov.ru/223fz/purchasePlanProject/1" xmlns:ns12="http://zakupki.gov.ru/223fz/purchasePlanProjectAdditionalPosition/1" xmlns:ns13="http://zakupki.gov.ru/223fz/contract/1" xmlns:ns14="http://zakupki.gov.ru/223fz/missedNotice/1" xmlns:ns15="http://zakupki.gov.ru/223fz/reference/1" xmlns:ns16="http://zakupki.gov.ru/223fz/stopCommodity/1" xmlns:ns17="http://zakupki.gov.ru/223fz/decisionSuspension/1" xmlns:ns18="http://zakupki.gov.ru/223fz/purchasePlanAdditionalPosition/1" xmlns:ns19="http://zakupki.gov.ru/223fz/webRequest/1" xmlns:ns2="http://zakupki.gov.ru/223fz/purchase/1" xmlns:xsi="http://www.w3.org/2001/XMLSchema-instance" xmlns:ns3="http://zakupki.gov.ru/223fz/dishonestSupplier/1" xmlns:ns4="http://zakupki.gov.ru/223fz/machineryListInfo/1" xmlns:ns5="http://zakupki.gov.ru/223fz/revenue/1" xmlns:ns6="http://zakupki.gov.ru/223fz/orderClauseList/1" xmlns:ns7="http://zakupki.gov.ru/223fz/disagreementProtocol/1" xmlns:ns8="http://zakupki.gov.ru/223fz/complaint/1" xmlns:ns9="http://zakupki.gov.ru/223fz/notificationIssue/1">
    <header>
        <guid>3298f9bf-f105-43f7-bc9d-a0b09b7ff88f</guid>
        <createDateTime>2017-03-15T13:19:44</createDateTime>
    </header>
    <ns2:body>
        <ns2:item>
            <guid>85f7d959-ccc5-43e3-b0d3-fa4dc9c5f304</guid>
            <ns2:explanationData>
                <ns2:guid>85f7d959-ccc5-43e3-b0d3-fa4dc9c5f304</ns2:guid>
                <ns2:urlOOS>https://zakupki.gov.ru/223/purchase/private/purchase/explanation/details.html?explanationId=304525</ns2:urlOOS>
                <ns2:description>Добрый день!
15.03.2017г. в Извещение о проведении закупки №31704831773  внесены изменения по интересующему Вас вопросу.</ns2:description>
                <ns2:requestSubjectInfo>Согласно техническому заданию требуется:
«Материал - плита ламинированная, термостойкая, противоударная ДСП;
Толщина каркаса – 18 мм;
Толщина столешниц и крышек - 25мм;
Тиснение поверхности ЛДСтП - древесные поры;
Цвет -  орех, вишня дворковая, бук светлый и темный, ноче-гварнери, груша степная, яблоня локкарно светлая;
Цвет и тип тиснения будет фигурировать в заявках в процессе исполнения договора»
В связи с тем, что ЛДСП вишня дворковая, груша степная, яблоня локкарно светлая толщиной 25 мм не производится (в данных цветах выпускается ЛДСП толщиной 22 мм), а  возможность выбора цвета Поставщиком не предусмотрена, просим внести изменения в аукционную документацию.
</ns2:requestSubjectInfo>
                <ns2:requestDate>2017-03-13T08:53:17</ns2:requestDate>
                <ns2:status>P</ns2:status>
                <ns2:creationDate>2017-03-15T15:13:07</ns2:creationDate>
                <ns2:modificationDate>2017-03-15T15:19:44</ns2:modificationDate>
                <ns2:decisionDate>2017-03-15T13:13:07</ns2:decisionDate>
                <ns2:publishDate>2017-03-15T15:19:44</ns2:publishDate>
                <ns2:attachments>
                    <totalDocumentsCount>1</totalDocumentsCount>
                    <document>
                        <guid>b4fbb43f-37d2-9e20-f0eb-3dd2cd046a87</guid>
                        <createDateTime>2017-03-15T13:12:59</createDateTime>
                        <fileName>2_ТЗ_офисная_мебель_2017.doc</fileName>
                        <description>2_ТЗ_офисная_мебель_2017.doc</description>
                        <url>http://zakupki.gov.ru/223/purchase/public/download/download.html?id=30071664</url>
                    </document>
                </ns2:attachments>
                <ns2:purchaseRegNum>31704831773</ns2:purchaseRegNum>
                <ns2:purchaseMethodCode>30541</ns2:purchaseMethodCode>
                <ns2:purchaseMethodName>Аукцион</ns2:purchaseMethodName>
                <ns2:purchaseName>Покупка мебели офисной (закупка осуществляется АО «ОКБ «Новатор» 
у субъектов малого и среднего предпринимательства) 
</ns2:purchaseName>
                <ns2:placer>
                    <mainInfo>
                        <fullName>АКЦИОНЕРНОЕ ОБЩЕСТВО "ОПЫТНОЕ КОНСТРУКТОРСКОЕ БЮРО "НОВАТОР"</fullName>
                        <shortName>АО "ОКБ "НОВАТОР"</shortName>
                        <iko>66673092045667301001</iko>
                        <inn>6673092045</inn>
                        <kpp>667301001</kpp>
                        <ogrn>1026605611339</ogrn>
                        <legalAddress>620017, обл СВЕРДЛОВСКАЯ, г ЕКАТЕРИНБУРГ, пр-кт КОСМОНАВТОВ, дом 18</legalAddress>
                        <postalAddress>620017, г. Екатеринбург, пр. Космонавтов, 18</postalAddress>
                        <phone>7-343-2641072</phone>
                        <fax>7-343-2641300</fax>
                        <email>main@okb-novator.ru</email>
                        <okato>65401385000</okato>
                        <okpo>07546512</okpo>
                    </mainInfo>
                </ns2:placer>
                <ns2:emergency>false</ns2:emergency>
            </ns2:explanationData>
        </ns2:item>
    </ns2:body>
</ns2:explanation>
