<?xml version="1.0" encoding="UTF-8" standalone="yes"?>
<ns2:explanation xsi:schemaLocation="http://zakupki.gov.ru/223/integration/schema/TFF-5.2 http://zakupki.gov.ru/223/integration/schema/TFF-5.2/purchase.xsd" xmlns="http://zakupki.gov.ru/223fz/types/1" xmlns:ns10="http://zakupki.gov.ru/223fz/purchasePlan/1" xmlns:ns11="http://zakupki.gov.ru/223fz/purchasePlanProject/1" xmlns:ns12="http://zakupki.gov.ru/223fz/purchasePlanProjectAdditionalPosition/1" xmlns:ns13="http://zakupki.gov.ru/223fz/contract/1" xmlns:ns14="http://zakupki.gov.ru/223fz/missedNotice/1" xmlns:ns15="http://zakupki.gov.ru/223fz/reference/1" xmlns:ns16="http://zakupki.gov.ru/223fz/stopCommodity/1" xmlns:ns17="http://zakupki.gov.ru/223fz/decisionSuspension/1" xmlns:ns18="http://zakupki.gov.ru/223fz/purchasePlanAdditionalPosition/1" xmlns:ns19="http://zakupki.gov.ru/223fz/webRequest/1" xmlns:ns2="http://zakupki.gov.ru/223fz/purchase/1" xmlns:xsi="http://www.w3.org/2001/XMLSchema-instance" xmlns:ns3="http://zakupki.gov.ru/223fz/dishonestSupplier/1" xmlns:ns4="http://zakupki.gov.ru/223fz/machineryListInfo/1" xmlns:ns5="http://zakupki.gov.ru/223fz/revenue/1" xmlns:ns6="http://zakupki.gov.ru/223fz/orderClauseList/1" xmlns:ns7="http://zakupki.gov.ru/223fz/disagreementProtocol/1" xmlns:ns8="http://zakupki.gov.ru/223fz/complaint/1" xmlns:ns9="http://zakupki.gov.ru/223fz/notificationIssue/1">
    <header>
        <guid>e76d318c-eca9-4047-a1c3-3a29cb695f92</guid>
        <createDateTime>2017-03-15T16:02:16</createDateTime>
    </header>
    <ns2:body>
        <ns2:item>
            <guid>b7f7db81-9466-4170-9f86-871383f3d358</guid>
            <ns2:explanationData>
                <ns2:guid>b7f7db81-9466-4170-9f86-871383f3d358</ns2:guid>
                <ns2:urlOOS>https://zakupki.gov.ru/223/purchase/private/purchase/explanation/details.html?explanationId=304667</ns2:urlOOS>
                <ns2:description>Запрос на разъяснение</ns2:description>
                <ns2:requestSubjectInfo>Запрос на разъяснение</ns2:requestSubjectInfo>
                <ns2:requestDate>2017-03-07T09:12:47</ns2:requestDate>
                <ns2:status>P</ns2:status>
                <ns2:creationDate>2017-03-15T17:59:17</ns2:creationDate>
                <ns2:modificationDate>2017-03-15T18:02:16</ns2:modificationDate>
                <ns2:decisionDate>2017-03-15T15:59:17</ns2:decisionDate>
                <ns2:publishDate>2017-03-15T18:02:16</ns2:publishDate>
                <ns2:attachments>
                    <totalDocumentsCount>2</totalDocumentsCount>
                    <document>
                        <guid>d5e86869-d51f-4001-b1fc-5d3911e903dd</guid>
                        <createDateTime>2017-03-15T16:00:59</createDateTime>
                        <fileName>Запрос на разъяснение.docx</fileName>
                        <description>Запрос на разъяснение.docx</description>
                        <url>http://zakupki.gov.ru/223/purchase/public/download/download.html?id=30081090</url>
                    </document>
                    <document>
                        <guid>57098e6b-b1ce-4aa7-8046-b0aedec6ad2f</guid>
                        <createDateTime>2017-03-15T16:00:59</createDateTime>
                        <fileName>Ответ на запрос.pdf</fileName>
                        <description>Ответ на запрос.pdf</description>
                        <url>http://zakupki.gov.ru/223/purchase/public/download/download.html?id=30081091</url>
                    </document>
                </ns2:attachments>
                <ns2:purchaseRegNum>31704828807</ns2:purchaseRegNum>
                <ns2:purchaseMethodCode>5621</ns2:purchaseMethodCode>
                <ns2:purchaseMethodName>СБ-АСТ: Открытый аукцион в электронной форме</ns2:purchaseMethodName>
                <ns2:purchaseName>Поставка мебели для нужд БМАУ "ДЗОЛ "Зарница"</ns2:purchaseName>
                <ns2:placer>
                    <mainInfo>
                        <fullName>Закрытое акционерное общество "Сбербанк-Автоматизированная система торгов"</fullName>
                        <shortName>ЗАО "Сбербанк-АСТ"</shortName>
                        <iko>67707308480770701001</iko>
                        <inn>7707308480</inn>
                        <kpp>770701001</kpp>
                        <ogrn>1027707000441</ogrn>
                        <legalAddress>127055, Москва, Новослободская, дом 24, корпус СТР.2</legalAddress>
                        <postalAddress>119180, г. Москва, ул. Большая Якиманка, д. 23 </postalAddress>
                        <phone>7-495-7872997</phone>
                        <fax>7-495-7872998</fax>
                        <email>FSKordysh@sberbank-ast.ru</email>
                        <okato>45286585000</okato>
                        <okpo>58997535</okpo>
                    </mainInfo>
                </ns2:placer>
                <ns2:emergency>false</ns2:emergency>
            </ns2:explanationData>
        </ns2:item>
    </ns2:body>
</ns2:explanation>
