<?xml version="1.0" encoding="UTF-8" standalone="yes"?>
<ns2:purchaseNoticeEP xsi:schemaLocation="http://zakupki.gov.ru/223/integration/schema/TFF-5.2 http://zakupki.gov.ru/223/integration/schema/TFF-5.2/purchase.xsd" xmlns="http://zakupki.gov.ru/223fz/types/1" xmlns:ns10="http://zakupki.gov.ru/223fz/purchasePlan/1" xmlns:ns11="http://zakupki.gov.ru/223fz/purchasePlanProject/1" xmlns:ns12="http://zakupki.gov.ru/223fz/purchasePlanProjectAdditionalPosition/1" xmlns:ns13="http://zakupki.gov.ru/223fz/contract/1" xmlns:ns14="http://zakupki.gov.ru/223fz/missedNotice/1" xmlns:ns15="http://zakupki.gov.ru/223fz/reference/1" xmlns:ns16="http://zakupki.gov.ru/223fz/stopCommodity/1" xmlns:ns17="http://zakupki.gov.ru/223fz/decisionSuspension/1" xmlns:ns18="http://zakupki.gov.ru/223fz/purchasePlanAdditionalPosition/1" xmlns:ns19="http://zakupki.gov.ru/223fz/webRequest/1" xmlns:ns2="http://zakupki.gov.ru/223fz/purchase/1" xmlns:xsi="http://www.w3.org/2001/XMLSchema-instance" xmlns:ns3="http://zakupki.gov.ru/223fz/dishonestSupplier/1" xmlns:ns4="http://zakupki.gov.ru/223fz/machineryListInfo/1" xmlns:ns5="http://zakupki.gov.ru/223fz/revenue/1" xmlns:ns6="http://zakupki.gov.ru/223fz/orderClauseList/1" xmlns:ns7="http://zakupki.gov.ru/223fz/disagreementProtocol/1" xmlns:ns8="http://zakupki.gov.ru/223fz/complaint/1" xmlns:ns9="http://zakupki.gov.ru/223fz/notificationIssue/1">
    <header>
        <guid>a1174cf2-66f6-4399-8d14-e775f605b307</guid>
        <createDateTime>2017-03-15T10:28:37</createDateTime>
    </header>
    <ns2:body>
        <ns2:item>
            <guid>7984feb9-afc9-4d7f-8b82-cd34359f6905</guid>
            <ns2:purchaseNoticeEPData>
                <ns2:guid>7984feb9-afc9-4d7f-8b82-cd34359f6905</ns2:guid>
                <ns2:createDateTime>2017-03-15T10:24:00</ns2:createDateTime>
                <ns2:urlOOS>https://zakupki.gov.ru/223/purchase/private/purchase/notice-info/details.html?noticeInfoId=5876357</ns2:urlOOS>
                <ns2:registrationNumber>31704890238</ns2:registrationNumber>
                <ns2:name>Изготовление и поставка макета ЦВЗ "Манеж"</ns2:name>
                <ns2:customer>
                    <mainInfo>
                        <fullName>Государственное бюджетное учреждение культуры города Москвы "Музейно-выставочное объединение "Манеж"</fullName>
                        <shortName>ГБУК г.Москвы "МВО "Манеж"</shortName>
                        <iko>87710170225771001001</iko>
                        <inn>7710170225</inn>
                        <kpp>771001001</kpp>
                        <ogrn>1027739412194</ogrn>
                        <legalAddress>125009, Москва, Георгиевский, дом 3, корпус СТР.3</legalAddress>
                        <postalAddress>125009, г. Москва, Георгиевский пер., д. 3, стр. 3</postalAddress>
                        <phone>7-495-6924459</phone>
                        <email>tender@moscowmanege.ru</email>
                        <okato>45286585000</okato>
                        <okpo>43255437</okpo>
                    </mainInfo>
                </ns2:customer>
                <ns2:purchaseMethodCode>3363</ns2:purchaseMethodCode>
                <ns2:purchaseCodeName>Закупка у единственного поставщика (исполнителя, подрядчика)</ns2:purchaseCodeName>
                <ns2:placer>
                    <mainInfo>
                        <fullName>Государственное бюджетное учреждение культуры города Москвы "Музейно-выставочное объединение "Манеж"</fullName>
                        <shortName>ГБУК г.Москвы "МВО "Манеж"</shortName>
                        <iko>87710170225771001001</iko>
                        <inn>7710170225</inn>
                        <kpp>771001001</kpp>
                        <ogrn>1027739412194</ogrn>
                        <legalAddress>125009, Москва, Георгиевский, дом 3, корпус СТР.3</legalAddress>
                        <postalAddress>125009, г. Москва, Георгиевский пер., д. 3, стр. 3</postalAddress>
                        <phone>7-495-6924459</phone>
                        <email>tender@moscowmanege.ru</email>
                        <okato>45286585000</okato>
                        <okpo>43255437</okpo>
                    </mainInfo>
                </ns2:placer>
                <ns2:contact>
                    <phone>+7 (495) 6924459</phone>
                    <email>o.polikarkina@moscowmanege.ru</email>
                    <organization>
                        <mainInfo>
                            <fullName>Государственное бюджетное учреждение культуры города Москвы "Музейно-выставочное объединение "Манеж"</fullName>
                            <shortName>ГБУК г.Москвы "МВО "Манеж"</shortName>
                            <iko>87710170225771001001</iko>
                            <inn>7710170225</inn>
                            <kpp>771001001</kpp>
                            <ogrn>1027739412194</ogrn>
                            <legalAddress>125009, Москва, Георгиевский, дом 3, корпус СТР.3</legalAddress>
                            <postalAddress>125009, г. Москва, Георгиевский пер., д. 3, стр. 3</postalAddress>
                            <phone>7-495-6924459</phone>
                            <email>tender@moscowmanege.ru</email>
                            <okato>45286585000</okato>
                            <okpo>43255437</okpo>
                        </mainInfo>
                    </organization>
                </ns2:contact>
                <ns2:publicationDateTime>2017-03-15T10:28:37</ns2:publicationDateTime>
                <ns2:documentationDelivery>
                    <deliveryStartDateTime>2017-03-15</deliveryStartDateTime>
                    <deliveryEndDateTime>2017-03-16</deliveryEndDateTime>
                    <procedure>Не требуется</procedure>
                </ns2:documentationDelivery>
                <ns2:status>P</ns2:status>
                <ns2:version>1</ns2:version>
                <ns2:notDishonest>false</ns2:notDishonest>
                <ns2:attachments>
                    <totalDocumentsCount>1</totalDocumentsCount>
                    <document>
                        <guid>7fe19cbf-7a6b-4757-92f7-1d197007b8cb</guid>
                        <createDateTime>2017-03-15T10:27:33</createDateTime>
                        <fileName>макет цвз.docx</fileName>
                        <description>макет цвз</description>
                        <url>http://zakupki.gov.ru/223/purchase/public/download/download.html?id=30063579</url>
                    </document>
                </ns2:attachments>
                <ns2:modificationDate>2017-03-15T10:28:37</ns2:modificationDate>
                <ns2:saveUserId>91902</ns2:saveUserId>
                <ns2:deliveryPlaceIndication>SINGLE_PLACE</ns2:deliveryPlaceIndication>
                <ns2:emergency>false</ns2:emergency>
                <ns2:jointPurchase>false</ns2:jointPurchase>
                <ns2:lots>
                    <lot>
                        <guid>997db3df-a416-4a73-9458-f32e0d17bd9c</guid>
                        <ordinalNumber>1</ordinalNumber>
                        <lotEditEnabled>false</lotEditEnabled>
                        <lotData>
                            <subject>Изготовление и поставка макета ЦВЗ "Манеж"</subject>
                            <currency>
                                <code>RUB</code>
                                <digitalCode>643</digitalCode>
                                <name>Российский рубль</name>
                            </currency>
                            <initialSum>250000.00</initialSum>
                            <deliveryPlace>
                                <state>Центральный федеральный округ</state>
                                <region>Москва</region>
                                <regionOkato>45000000000</regionOkato>
                                <address>Москва, Манежная пл.д.1</address>
                            </deliveryPlace>
                            <lotItems>
                                <newCodes>true</newCodes>
                                <lotItem>
                                    <guid>d5af1dc6-da69-45bd-aea9-07b712c1bac6</guid>
                                    <ordinalNumber>1</ordinalNumber>
                                    <okpd2>
                                        <code>32.99.53.190</code>
                                        <name>Модели, макеты и аналогичные изделия демонстрационные прочие</name>
                                    </okpd2>
                                    <okved2>
                                        <code>91.02</code>
                                        <name>Деятельность музеев</name>
                                    </okved2>
                                    <okei>
                                        <code>796</code>
                                        <name>Штука</name>
                                    </okei>
                                    <qty>1</qty>
                                </lotItem>
                            </lotItems>
                            <forSmallOrMiddle>false</forSmallOrMiddle>
                            <excludePurchaseFromPlan>false</excludePurchaseFromPlan>
                            <subcontractorsRequirement>false</subcontractorsRequirement>
                            <ignoredPurchase>false</ignoredPurchase>
                            <centralized>false</centralized>
                        </lotData>
                        <deliveryPlaceIndication>GL</deliveryPlaceIndication>
                        <jointLotData>
                            <jointLot>false</jointLot>
                        </jointLotData>
                        <lotPlanInfo>
                            <planRegistrationNumber>2160204749</planRegistrationNumber>
                            <planGuid>1a5f4ee5-2389-4f81-a02f-8167b7abf26f</planGuid>
                            <positionNumber>21</positionNumber>
                            <lotPlanPosition>COMMODITY</lotPlanPosition>
                            <positionGuid>9f7ca20e-44d1-4231-8b65-debdb64ef99e</positionGuid>
                        </lotPlanInfo>
                        <cancelled>false</cancelled>
                    </lot>
                </ns2:lots>
            </ns2:purchaseNoticeEPData>
        </ns2:item>
    </ns2:body>
</ns2:purchaseNoticeEP>
