<?xml version="1.0" encoding="UTF-8" standalone="yes"?>
<ns2:purchaseNoticeEP xsi:schemaLocation="http://zakupki.gov.ru/223/integration/schema/TFF-5.2 http://zakupki.gov.ru/223/integration/schema/TFF-5.2/purchase.xsd" xmlns="http://zakupki.gov.ru/223fz/types/1" xmlns:ns10="http://zakupki.gov.ru/223fz/purchasePlan/1" xmlns:ns11="http://zakupki.gov.ru/223fz/purchasePlanProject/1" xmlns:ns12="http://zakupki.gov.ru/223fz/purchasePlanProjectAdditionalPosition/1" xmlns:ns13="http://zakupki.gov.ru/223fz/contract/1" xmlns:ns14="http://zakupki.gov.ru/223fz/missedNotice/1" xmlns:ns15="http://zakupki.gov.ru/223fz/reference/1" xmlns:ns16="http://zakupki.gov.ru/223fz/stopCommodity/1" xmlns:ns17="http://zakupki.gov.ru/223fz/decisionSuspension/1" xmlns:ns18="http://zakupki.gov.ru/223fz/purchasePlanAdditionalPosition/1" xmlns:ns19="http://zakupki.gov.ru/223fz/webRequest/1" xmlns:ns2="http://zakupki.gov.ru/223fz/purchase/1" xmlns:xsi="http://www.w3.org/2001/XMLSchema-instance" xmlns:ns3="http://zakupki.gov.ru/223fz/dishonestSupplier/1" xmlns:ns4="http://zakupki.gov.ru/223fz/machineryListInfo/1" xmlns:ns5="http://zakupki.gov.ru/223fz/revenue/1" xmlns:ns6="http://zakupki.gov.ru/223fz/orderClauseList/1" xmlns:ns7="http://zakupki.gov.ru/223fz/disagreementProtocol/1" xmlns:ns8="http://zakupki.gov.ru/223fz/complaint/1" xmlns:ns9="http://zakupki.gov.ru/223fz/notificationIssue/1">
    <header>
        <guid>cb545585-6f7d-43df-a94d-60be8535721e</guid>
        <createDateTime>2017-03-15T18:08:27</createDateTime>
    </header>
    <ns2:body>
        <ns2:item>
            <guid>cf4d174e-380e-4750-953e-c6f63cee3ae2</guid>
            <ns2:purchaseNoticeEPData>
                <ns2:guid>cf4d174e-380e-4750-953e-c6f63cee3ae2</ns2:guid>
                <ns2:createDateTime>2017-03-15T17:30:17</ns2:createDateTime>
                <ns2:urlOOS>https://zakupki.gov.ru/223/purchase/private/purchase/notice-info/details.html?noticeInfoId=5880924</ns2:urlOOS>
                <ns2:registrationNumber>31704894134</ns2:registrationNumber>
                <ns2:name>Выполнение работ по модернизации Подсистемы планирования эксплуатации транспортных средств, автоматизированного обслуживания и дистанционного контроля бортового оборудования системы мониторинга автотранспорта на базе ГЛОНАСС</ns2:name>
                <ns2:customer>
                    <mainInfo>
                        <fullName>СРЕДНЕ-ВОЛЖСКОЕ АКЦИОНЕРНОЕ ОБЩЕСТВО ТРУБОПРОВОДНОГО ТРАНСПОРТА НЕФТЕПРОДУКТОВ</fullName>
                        <shortName>АО "СРЕДНЕ-ВОЛЖСКИЙ ТРАНСНЕФТЕПРОДУКТ"</shortName>
                        <iko>51660001027165501001</iko>
                        <inn>1660001027</inn>
                        <kpp>770501001</kpp>
                        <ogrn>1021602831106</ogrn>
                        <legalAddress>115184, г МОСКВА, пер ВИШНЯКОВСКИЙ, дом ДОМ 2/36, корпус СТРОЕНИЕ 1</legalAddress>
                        <postalAddress>420097, Татарстан Республика, Казань Город, Зинина Улица, дом 4</postalAddress>
                        <phone>7-843-5674257</phone>
                        <email>ganeevaer@sv.aktnp.ru</email>
                        <okato>45290586000</okato>
                        <okpo>04810109</okpo>
                    </mainInfo>
                </ns2:customer>
                <ns2:purchaseMethodCode>3363</ns2:purchaseMethodCode>
                <ns2:purchaseCodeName>Закупка у единственного поставщика (исполнителя, подрядчика)</ns2:purchaseCodeName>
                <ns2:placer>
                    <mainInfo>
                        <fullName>СРЕДНЕ-ВОЛЖСКОЕ АКЦИОНЕРНОЕ ОБЩЕСТВО ТРУБОПРОВОДНОГО ТРАНСПОРТА НЕФТЕПРОДУКТОВ</fullName>
                        <shortName>АО "СРЕДНЕ-ВОЛЖСКИЙ ТРАНСНЕФТЕПРОДУКТ"</shortName>
                        <iko>51660001027165501001</iko>
                        <inn>1660001027</inn>
                        <kpp>770501001</kpp>
                        <ogrn>1021602831106</ogrn>
                        <legalAddress>115184, г МОСКВА, пер ВИШНЯКОВСКИЙ, дом ДОМ 2/36, корпус СТРОЕНИЕ 1</legalAddress>
                        <postalAddress>420097, Татарстан Республика, Казань Город, Зинина Улица, дом 4</postalAddress>
                        <phone>7-843-5674257</phone>
                        <email>ganeevaer@sv.aktnp.ru</email>
                        <okato>45290586000</okato>
                        <okpo>04810109</okpo>
                    </mainInfo>
                </ns2:placer>
                <ns2:contact>
                    <firstName>Эльза </firstName>
                    <middleName>Рифхатовна </middleName>
                    <lastName>Ганеева </lastName>
                    <phone>+7 (843) 5674257</phone>
                    <email>GaneevaER@svtnp.transneft.ru </email>
                    <organization>
                        <mainInfo>
                            <fullName>СРЕДНЕ-ВОЛЖСКОЕ АКЦИОНЕРНОЕ ОБЩЕСТВО ТРУБОПРОВОДНОГО ТРАНСПОРТА НЕФТЕПРОДУКТОВ</fullName>
                            <shortName>АО "СРЕДНЕ-ВОЛЖСКИЙ ТРАНСНЕФТЕПРОДУКТ"</shortName>
                            <iko>51660001027165501001</iko>
                            <inn>1660001027</inn>
                            <kpp>770501001</kpp>
                            <ogrn>1021602831106</ogrn>
                            <legalAddress>115184, г МОСКВА, пер ВИШНЯКОВСКИЙ, дом ДОМ 2/36, корпус СТРОЕНИЕ 1</legalAddress>
                            <postalAddress>420097, Татарстан Республика, Казань Город, Зинина Улица, дом 4</postalAddress>
                            <phone>7-843-5674257</phone>
                            <email>ganeevaer@sv.aktnp.ru</email>
                            <okato>45290586000</okato>
                            <okpo>04810109</okpo>
                        </mainInfo>
                    </organization>
                </ns2:contact>
                <ns2:publicationDateTime>2017-03-15T18:08:27</ns2:publicationDateTime>
                <ns2:documentationDelivery/>
                <ns2:status>P</ns2:status>
                <ns2:version>1</ns2:version>
                <ns2:notDishonest>false</ns2:notDishonest>
                <ns2:attachments>
                    <totalDocumentsCount>2</totalDocumentsCount>
                    <document>
                        <guid>1e3781d9-8ef2-4d08-b299-32127c9bb69f</guid>
                        <createDateTime>2017-03-15T18:06:11</createDateTime>
                        <fileName>Проект договора.docx</fileName>
                        <description>Проект договора</description>
                        <url>http://zakupki.gov.ru/223/purchase/public/download/download.html?id=30086084</url>
                    </document>
                    <document>
                        <guid>16b7777f-2be1-4fbb-aa84-adf4818e02e1</guid>
                        <createDateTime>2017-03-15T18:07:51</createDateTime>
                        <fileName>Извещение о закупке.docx</fileName>
                        <description>Извещение о закупке</description>
                        <url>http://zakupki.gov.ru/223/purchase/public/download/download.html?id=30086126</url>
                    </document>
                </ns2:attachments>
                <ns2:modificationDate>2017-03-15T18:08:27</ns2:modificationDate>
                <ns2:saveUserId>24640</ns2:saveUserId>
                <ns2:deliveryPlaceIndication>DIFFERENT_PLACE</ns2:deliveryPlaceIndication>
                <ns2:emergency>false</ns2:emergency>
                <ns2:jointPurchase>false</ns2:jointPurchase>
                <ns2:lots>
                    <lot>
                        <guid>fc1b4db6-a736-4f7d-834f-448229c11b70</guid>
                        <ordinalNumber>1</ordinalNumber>
                        <lotEditEnabled>false</lotEditEnabled>
                        <lotData>
                            <subject>"Выполнение работ по модернизации Подсистемы планирования эксплуатации транспортных средств, автоматизированного обслуживания и дистанционного контроля бортового оборудования системы мониторинга автотранспорта на базе ГЛОНАСС 
"
</subject>
                            <currency>
                                <code>RUB</code>
                                <digitalCode>643</digitalCode>
                                <name>Российский рубль</name>
                            </currency>
                            <initialSum>1468197.16</initialSum>
                            <deliveryPlace>
                                <state>Приволжский федеральный округ</state>
                                <region>Татарстан Респ </region>
                                <regionOkato>92000000000</regionOkato>
                                <address>Республика Татарстан </address>
                            </deliveryPlace>
                            <lotItems>
                                <newCodes>true</newCodes>
                                <lotItem>
                                    <guid>04b5590c-b6ec-432e-977c-93c881f83cbd</guid>
                                    <ordinalNumber>1</ordinalNumber>
                                    <okpd2>
                                        <code>62.09</code>
                                        <name>Услуги в области информационных технологий прочие и компьютерные услуги</name>
                                    </okpd2>
                                    <okved2>
                                        <code>62.09</code>
                                        <name>Деятельность, связанная с использованием вычислительной техники и информационных технологий, прочая</name>
                                    </okved2>
                                    <okei>
                                        <code>796</code>
                                        <name>Штука</name>
                                    </okei>
                                    <qty>1</qty>
                                </lotItem>
                            </lotItems>
                            <forSmallOrMiddle>false</forSmallOrMiddle>
                            <excludePurchaseFromPlan>false</excludePurchaseFromPlan>
                            <subcontractorsRequirement>false</subcontractorsRequirement>
                            <ignoredPurchase>false</ignoredPurchase>
                            <centralized>false</centralized>
                        </lotData>
                        <deliveryPlaceIndication>GL</deliveryPlaceIndication>
                        <jointLotData>
                            <jointLot>false</jointLot>
                        </jointLotData>
                        <lotPlanInfo>
                            <planRegistrationNumber>2160196352</planRegistrationNumber>
                            <planGuid>5b56bb76-8d21-4017-ac45-995663378e4a</planGuid>
                            <positionNumber>127</positionNumber>
                            <lotPlanPosition>COMMODITY</lotPlanPosition>
                            <positionGuid>a7f92ab2-1553-4ebd-b39b-fbbd9007dbfb</positionGuid>
                        </lotPlanInfo>
                        <cancelled>false</cancelled>
                    </lot>
                </ns2:lots>
            </ns2:purchaseNoticeEPData>
        </ns2:item>
    </ns2:body>
</ns2:purchaseNoticeEP>
