<?xml version="1.0" encoding="UTF-8" standalone="yes"?>
<ns2:purchaseNoticeEP xsi:schemaLocation="http://zakupki.gov.ru/223/integration/schema/TFF-5.2 http://zakupki.gov.ru/223/integration/schema/TFF-5.2/purchase.xsd" xmlns="http://zakupki.gov.ru/223fz/types/1" xmlns:ns10="http://zakupki.gov.ru/223fz/purchasePlan/1" xmlns:ns11="http://zakupki.gov.ru/223fz/purchasePlanProject/1" xmlns:ns12="http://zakupki.gov.ru/223fz/purchasePlanProjectAdditionalPosition/1" xmlns:ns13="http://zakupki.gov.ru/223fz/contract/1" xmlns:ns14="http://zakupki.gov.ru/223fz/missedNotice/1" xmlns:ns15="http://zakupki.gov.ru/223fz/reference/1" xmlns:ns16="http://zakupki.gov.ru/223fz/stopCommodity/1" xmlns:ns17="http://zakupki.gov.ru/223fz/decisionSuspension/1" xmlns:ns18="http://zakupki.gov.ru/223fz/purchasePlanAdditionalPosition/1" xmlns:ns19="http://zakupki.gov.ru/223fz/webRequest/1" xmlns:ns2="http://zakupki.gov.ru/223fz/purchase/1" xmlns:xsi="http://www.w3.org/2001/XMLSchema-instance" xmlns:ns3="http://zakupki.gov.ru/223fz/dishonestSupplier/1" xmlns:ns4="http://zakupki.gov.ru/223fz/machineryListInfo/1" xmlns:ns5="http://zakupki.gov.ru/223fz/revenue/1" xmlns:ns6="http://zakupki.gov.ru/223fz/orderClauseList/1" xmlns:ns7="http://zakupki.gov.ru/223fz/disagreementProtocol/1" xmlns:ns8="http://zakupki.gov.ru/223fz/complaint/1" xmlns:ns9="http://zakupki.gov.ru/223fz/notificationIssue/1">
    <header>
        <guid>824297ef-f236-4dfe-b295-cacb2435cb6d</guid>
        <createDateTime>2017-03-15T15:52:48</createDateTime>
    </header>
    <ns2:body>
        <ns2:item>
            <guid>75f91672-fe56-4218-8f8a-b613058f57a8</guid>
            <ns2:purchaseNoticeEPData>
                <ns2:guid>75f91672-fe56-4218-8f8a-b613058f57a8</ns2:guid>
                <ns2:createDateTime>2017-03-15T15:50:28</ns2:createDateTime>
                <ns2:urlOOS>https://zakupki.gov.ru/223/purchase/private/purchase/notice-info/details.html?noticeInfoId=5879929</ns2:urlOOS>
                <ns2:registrationNumber>31704893098</ns2:registrationNumber>
                <ns2:name>Поставка фотошаблонов.</ns2:name>
                <ns2:customer>
                    <mainInfo>
                        <fullName>ФЕДЕРАЛЬНОЕ ГОСУДАРСТВЕННОЕ УЧРЕЖДЕНИЕ "ФЕДЕРАЛЬНЫЙ НАУЧНЫЙ ЦЕНТР НАУЧНО-ИССЛЕДОВАТЕЛЬСКИЙ ИНСТИТУТ СИСТЕМНЫХ ИССЛЕДОВАНИЙ РОССИЙСКОЙ АКАДЕМИИ НАУК"</fullName>
                        <shortName>ФГУ ФНЦ НИИСИ РАН</shortName>
                        <iko>87727086772772701001</iko>
                        <inn>7727086772</inn>
                        <kpp>772701001</kpp>
                        <ogrn>1027700384909</ogrn>
                        <legalAddress>117218, Г МОСКВА, ПР-КТ НАХИМОВСКИЙ, дом 36, корпус 1</legalAddress>
                        <postalAddress>117218, Москва Город, Нахимовский Проспект, дом 36, корпус 1</postalAddress>
                        <phone>7-495-7187366</phone>
                        <email>niisi@niisi.msk.ru</email>
                        <okato>45293554000</okato>
                        <okpo>05825395</okpo>
                    </mainInfo>
                </ns2:customer>
                <ns2:purchaseMethodCode>3363</ns2:purchaseMethodCode>
                <ns2:purchaseCodeName>Закупка у единственного поставщика (исполнителя, подрядчика)</ns2:purchaseCodeName>
                <ns2:placer>
                    <mainInfo>
                        <fullName>ФЕДЕРАЛЬНОЕ ГОСУДАРСТВЕННОЕ УЧРЕЖДЕНИЕ "ФЕДЕРАЛЬНЫЙ НАУЧНЫЙ ЦЕНТР НАУЧНО-ИССЛЕДОВАТЕЛЬСКИЙ ИНСТИТУТ СИСТЕМНЫХ ИССЛЕДОВАНИЙ РОССИЙСКОЙ АКАДЕМИИ НАУК"</fullName>
                        <shortName>ФГУ ФНЦ НИИСИ РАН</shortName>
                        <iko>87727086772772701001</iko>
                        <inn>7727086772</inn>
                        <kpp>772701001</kpp>
                        <ogrn>1027700384909</ogrn>
                        <legalAddress>117218, Г МОСКВА, ПР-КТ НАХИМОВСКИЙ, дом 36, корпус 1</legalAddress>
                        <postalAddress>117218, Москва Город, Нахимовский Проспект, дом 36, корпус 1</postalAddress>
                        <phone>7-495-7187366</phone>
                        <email>niisi@niisi.msk.ru</email>
                        <okato>45293554000</okato>
                        <okpo>05825395</okpo>
                    </mainInfo>
                </ns2:placer>
                <ns2:contact>
                    <phone>+8 (495) 7187366</phone>
                    <email>andronova@niisi.ras.ru</email>
                    <organization>
                        <mainInfo>
                            <fullName>ФЕДЕРАЛЬНОЕ ГОСУДАРСТВЕННОЕ УЧРЕЖДЕНИЕ "ФЕДЕРАЛЬНЫЙ НАУЧНЫЙ ЦЕНТР НАУЧНО-ИССЛЕДОВАТЕЛЬСКИЙ ИНСТИТУТ СИСТЕМНЫХ ИССЛЕДОВАНИЙ РОССИЙСКОЙ АКАДЕМИИ НАУК"</fullName>
                            <shortName>ФГУ ФНЦ НИИСИ РАН</shortName>
                            <iko>87727086772772701001</iko>
                            <inn>7727086772</inn>
                            <kpp>772701001</kpp>
                            <ogrn>1027700384909</ogrn>
                            <legalAddress>117218, Г МОСКВА, ПР-КТ НАХИМОВСКИЙ, дом 36, корпус 1</legalAddress>
                            <postalAddress>117218, Москва Город, Нахимовский Проспект, дом 36, корпус 1</postalAddress>
                            <phone>7-495-7187366</phone>
                            <email>niisi@niisi.msk.ru</email>
                            <okato>45293554000</okato>
                            <okpo>05825395</okpo>
                        </mainInfo>
                    </organization>
                </ns2:contact>
                <ns2:publicationDateTime>2017-03-15T15:52:48</ns2:publicationDateTime>
                <ns2:documentationDelivery/>
                <ns2:status>P</ns2:status>
                <ns2:version>1</ns2:version>
                <ns2:notDishonest>true</ns2:notDishonest>
                <ns2:attachments>
                    <totalDocumentsCount>2</totalDocumentsCount>
                    <document>
                        <guid>9b956051-8710-42c9-9d13-7cf49dda6c07</guid>
                        <createDateTime>2017-03-15T15:51:52</createDateTime>
                        <fileName>Извещение (документация о закупке).docx</fileName>
                        <description>Извещение (документация о закупке)</description>
                        <url>http://zakupki.gov.ru/223/purchase/public/download/download.html?id=30080520</url>
                    </document>
                    <document>
                        <guid>caf3075f-2b48-4812-b704-9eaf7369a820</guid>
                        <createDateTime>2017-03-15T15:51:56</createDateTime>
                        <fileName>ПД.doc</fileName>
                        <description>ПД</description>
                        <url>http://zakupki.gov.ru/223/purchase/public/download/download.html?id=30080523</url>
                    </document>
                </ns2:attachments>
                <ns2:modificationDate>2017-03-15T15:52:48</ns2:modificationDate>
                <ns2:saveUserId>223086</ns2:saveUserId>
                <ns2:deliveryPlaceIndication>DIFFERENT_PLACE</ns2:deliveryPlaceIndication>
                <ns2:emergency>false</ns2:emergency>
                <ns2:jointPurchase>false</ns2:jointPurchase>
                <ns2:lots>
                    <lot>
                        <guid>c8bbca30-60ee-43e9-99b4-02b55bec4264</guid>
                        <ordinalNumber>1</ordinalNumber>
                        <lotEditEnabled>false</lotEditEnabled>
                        <lotData>
                            <subject>Поставка фотошаблонов
</subject>
                            <currency>
                                <code>RUB</code>
                                <digitalCode>643</digitalCode>
                                <name>Российский рубль</name>
                            </currency>
                            <initialSum>3150000.56</initialSum>
                            <deliveryPlace>
                                <state>Центральный федеральный округ</state>
                                <region>Москва</region>
                                <regionOkato>45000000000</regionOkato>
                                <address>Москва, пл. Академика Курчатова, д.1, стр. 301.</address>
                            </deliveryPlace>
                            <lotItems>
                                <newCodes>true</newCodes>
                                <lotItem>
                                    <guid>bedee12f-e4c6-4db6-868b-714a2eaa5247</guid>
                                    <ordinalNumber>1</ordinalNumber>
                                    <okpd2>
                                        <code>26.70.21.120</code>
                                        <name>Линзы, призмы, зеркала и элементы оптические прочие (кроме изготовленных из стекла неоптического) в сборе и не в сборе, кроме предназначенных для камер, проекторов или фотоувеличителей, или фотоуменьшителей</name>
                                    </okpd2>
                                    <okved2>
                                        <code>26.70</code>
                                        <name>Производство оптических приборов, фото- и кинооборудования</name>
                                    </okved2>
                                    <okei>
                                        <code>796</code>
                                        <name>Штука</name>
                                    </okei>
                                    <qty>7</qty>
                                </lotItem>
                            </lotItems>
                            <forSmallOrMiddle>false</forSmallOrMiddle>
                            <excludePurchaseFromPlan>false</excludePurchaseFromPlan>
                            <subcontractorsRequirement>false</subcontractorsRequirement>
                            <ignoredPurchase>false</ignoredPurchase>
                            <centralized>false</centralized>
                        </lotData>
                        <deliveryPlaceIndication>GL</deliveryPlaceIndication>
                        <jointLotData>
                            <jointLot>false</jointLot>
                        </jointLotData>
                        <lotPlanInfo>
                            <planRegistrationNumber>2160200063</planRegistrationNumber>
                            <planGuid>6eb1377e-d040-473e-b295-e6cc63553401</planGuid>
                            <positionNumber>86</positionNumber>
                            <lotPlanPosition>COMMODITY</lotPlanPosition>
                            <positionGuid>0ed274e5-871c-48f8-bc37-13621de7d44f</positionGuid>
                        </lotPlanInfo>
                        <cancelled>false</cancelled>
                    </lot>
                </ns2:lots>
            </ns2:purchaseNoticeEPData>
        </ns2:item>
    </ns2:body>
</ns2:purchaseNoticeEP>
