<?xml version="1.0" encoding="UTF-8" standalone="yes"?>
<ns2:purchaseNoticeEP xsi:schemaLocation="http://zakupki.gov.ru/223/integration/schema/TFF-5.2 http://zakupki.gov.ru/223/integration/schema/TFF-5.2/purchase.xsd" xmlns="http://zakupki.gov.ru/223fz/types/1" xmlns:ns10="http://zakupki.gov.ru/223fz/purchasePlan/1" xmlns:ns11="http://zakupki.gov.ru/223fz/purchasePlanProject/1" xmlns:ns12="http://zakupki.gov.ru/223fz/purchasePlanProjectAdditionalPosition/1" xmlns:ns13="http://zakupki.gov.ru/223fz/contract/1" xmlns:ns14="http://zakupki.gov.ru/223fz/missedNotice/1" xmlns:ns15="http://zakupki.gov.ru/223fz/reference/1" xmlns:ns16="http://zakupki.gov.ru/223fz/stopCommodity/1" xmlns:ns17="http://zakupki.gov.ru/223fz/decisionSuspension/1" xmlns:ns18="http://zakupki.gov.ru/223fz/purchasePlanAdditionalPosition/1" xmlns:ns19="http://zakupki.gov.ru/223fz/webRequest/1" xmlns:ns2="http://zakupki.gov.ru/223fz/purchase/1" xmlns:xsi="http://www.w3.org/2001/XMLSchema-instance" xmlns:ns3="http://zakupki.gov.ru/223fz/dishonestSupplier/1" xmlns:ns4="http://zakupki.gov.ru/223fz/machineryListInfo/1" xmlns:ns5="http://zakupki.gov.ru/223fz/revenue/1" xmlns:ns6="http://zakupki.gov.ru/223fz/orderClauseList/1" xmlns:ns7="http://zakupki.gov.ru/223fz/disagreementProtocol/1" xmlns:ns8="http://zakupki.gov.ru/223fz/complaint/1" xmlns:ns9="http://zakupki.gov.ru/223fz/notificationIssue/1">
    <header>
        <guid>34d305b2-7341-4e74-8d3c-fcb20d8e9c51</guid>
        <createDateTime>2017-03-15T08:55:15</createDateTime>
    </header>
    <ns2:body>
        <ns2:item>
            <guid>1c8fb989-695f-48dc-97f0-246e7ccf3219</guid>
            <ns2:purchaseNoticeEPData>
                <ns2:guid>1c8fb989-695f-48dc-97f0-246e7ccf3219</ns2:guid>
                <ns2:createDateTime>2017-03-15T08:42:19</ns2:createDateTime>
                <ns2:urlOOS>https://zakupki.gov.ru/223/purchase/private/purchase/notice-info/details.html?noticeInfoId=5875468</ns2:urlOOS>
                <ns2:registrationNumber>31704889629</ns2:registrationNumber>
                <ns2:name>Оказание услуг по предоставлению банковских гарантий</ns2:name>
                <ns2:customer>
                    <mainInfo>
                        <fullName>ГОСУДАРСТВЕННОЕ БЮДЖЕТНОЕ УЧРЕЖДЕНИЕ ГОРОДА МОСКВЫ "АВТОМОБИЛЬНЫЕ ДОРОГИ СЕВЕРО-ЗАПАДНОГО АДМИНИСТРАТИВНОГО ОКРУГА"</fullName>
                        <shortName>ГБУ "АВТОМОБИЛЬНЫЕ ДОРОГИ СЗАО"</shortName>
                        <iko>57733781453773301001</iko>
                        <inn>7733781453</inn>
                        <kpp>773301001</kpp>
                        <ogrn>1117746834193</ogrn>
                        <legalAddress>125362, г МОСКВА, ул СВОБОДЫ, дом 13/2</legalAddress>
                        <postalAddress>125363, г. Москва, Строительный проезд, 14А</postalAddress>
                        <phone>7-499-4978344</phone>
                        <fax>7-499-4978344</fax>
                        <email>inform@avdszao.ru</email>
                        <okato>45283569000</okato>
                        <okpo>37144082</okpo>
                    </mainInfo>
                </ns2:customer>
                <ns2:purchaseMethodCode>3363</ns2:purchaseMethodCode>
                <ns2:purchaseCodeName>Закупка у единственного поставщика (исполнителя, подрядчика)</ns2:purchaseCodeName>
                <ns2:placer>
                    <mainInfo>
                        <fullName>ГОСУДАРСТВЕННОЕ БЮДЖЕТНОЕ УЧРЕЖДЕНИЕ ГОРОДА МОСКВЫ "АВТОМОБИЛЬНЫЕ ДОРОГИ СЕВЕРО-ЗАПАДНОГО АДМИНИСТРАТИВНОГО ОКРУГА"</fullName>
                        <shortName>ГБУ "АВТОМОБИЛЬНЫЕ ДОРОГИ СЗАО"</shortName>
                        <iko>57733781453773301001</iko>
                        <inn>7733781453</inn>
                        <kpp>773301001</kpp>
                        <ogrn>1117746834193</ogrn>
                        <legalAddress>125362, г МОСКВА, ул СВОБОДЫ, дом 13/2</legalAddress>
                        <postalAddress>125363, г. Москва, Строительный проезд, 14А</postalAddress>
                        <phone>7-499-4978344</phone>
                        <fax>7-499-4978344</fax>
                        <email>inform@avdszao.ru</email>
                        <okato>45283569000</okato>
                        <okpo>37144082</okpo>
                    </mainInfo>
                </ns2:placer>
                <ns2:contact>
                    <phone>+8 (499) 4978344</phone>
                    <email>shishkarev@avdszao.ru</email>
                    <organization>
                        <mainInfo>
                            <fullName>ГОСУДАРСТВЕННОЕ БЮДЖЕТНОЕ УЧРЕЖДЕНИЕ ГОРОДА МОСКВЫ "АВТОМОБИЛЬНЫЕ ДОРОГИ СЕВЕРО-ЗАПАДНОГО АДМИНИСТРАТИВНОГО ОКРУГА"</fullName>
                            <shortName>ГБУ "АВТОМОБИЛЬНЫЕ ДОРОГИ СЗАО"</shortName>
                            <iko>57733781453773301001</iko>
                            <inn>7733781453</inn>
                            <kpp>773301001</kpp>
                            <ogrn>1117746834193</ogrn>
                            <legalAddress>125362, г МОСКВА, ул СВОБОДЫ, дом 13/2</legalAddress>
                            <postalAddress>125363, г. Москва, Строительный проезд, 14А</postalAddress>
                            <phone>7-499-4978344</phone>
                            <fax>7-499-4978344</fax>
                            <email>inform@avdszao.ru</email>
                            <okato>45283569000</okato>
                            <okpo>37144082</okpo>
                        </mainInfo>
                    </organization>
                </ns2:contact>
                <ns2:publicationDateTime>2017-03-15T08:55:15</ns2:publicationDateTime>
                <ns2:documentationDelivery/>
                <ns2:status>P</ns2:status>
                <ns2:version>1</ns2:version>
                <ns2:notDishonest>true</ns2:notDishonest>
                <ns2:attachments>
                    <totalDocumentsCount>1</totalDocumentsCount>
                    <document>
                        <guid>69fd2a41-d673-4f29-bcb7-292d3720be72</guid>
                        <createDateTime>2017-03-15T08:54:00</createDateTime>
                        <fileName>Копия exportPlanPositions.xls</fileName>
                        <description>Копия exportPlanPositions</description>
                        <url>http://zakupki.gov.ru/223/purchase/public/download/download.html?id=30059219</url>
                    </document>
                </ns2:attachments>
                <ns2:modificationDate>2017-03-15T08:55:15</ns2:modificationDate>
                <ns2:saveUserId>231132</ns2:saveUserId>
                <ns2:deliveryPlaceIndication>SINGLE_PLACE</ns2:deliveryPlaceIndication>
                <ns2:emergency>false</ns2:emergency>
                <ns2:jointPurchase>false</ns2:jointPurchase>
                <ns2:lots>
                    <lot>
                        <guid>c3f2a375-c251-4ed6-95fa-d4e50454a10c</guid>
                        <ordinalNumber>1</ordinalNumber>
                        <lotEditEnabled>false</lotEditEnabled>
                        <lotData>
                            <subject>Оказание услуг по предоставлению банковской гарантии FKR29121600129</subject>
                            <currency>
                                <code>RUB</code>
                                <digitalCode>643</digitalCode>
                                <name>Российский рубль</name>
                            </currency>
                            <initialSum>420000.00</initialSum>
                            <deliveryPlace>
                                <state>Центральный федеральный округ</state>
                                <region>Москва</region>
                                <regionOkato>45000000000</regionOkato>
                                <address>125363 город Москва, проезд Строительный, дом 14А строение 1</address>
                            </deliveryPlace>
                            <lotItems>
                                <newCodes>true</newCodes>
                                <lotItem>
                                    <guid>d8de2d86-68c3-4e52-943e-a77bc9ebb57e</guid>
                                    <ordinalNumber>1</ordinalNumber>
                                    <okpd2>
                                        <code>64.19</code>
                                        <name>Услуги по посредничеству в денежно-кредитной сфере прочие</name>
                                    </okpd2>
                                    <okved2>
                                        <code>64.9</code>
                                        <name>Деятельность по предоставлению прочих финансовых услуг, кроме услуг по страхованию и пенсионному обеспечению</name>
                                    </okved2>
                                    <okei>
                                        <code>876</code>
                                        <name>Условная единица</name>
                                    </okei>
                                    <qty>1</qty>
                                    <additionalInfo>банковская гарантия</additionalInfo>
                                </lotItem>
                            </lotItems>
                            <forSmallOrMiddle>false</forSmallOrMiddle>
                            <excludePurchaseFromPlan>false</excludePurchaseFromPlan>
                            <subcontractorsRequirement>false</subcontractorsRequirement>
                            <ignoredPurchase>false</ignoredPurchase>
                            <centralized>false</centralized>
                        </lotData>
                        <deliveryPlaceIndication>GL</deliveryPlaceIndication>
                        <jointLotData>
                            <jointLot>false</jointLot>
                        </jointLotData>
                        <lotPlanInfo>
                            <planRegistrationNumber>2170231205</planRegistrationNumber>
                            <planGuid>f97c57bd-ec0b-4a54-b750-456de8805346</planGuid>
                            <positionNumber>1</positionNumber>
                            <lotPlanPosition>COMMODITY</lotPlanPosition>
                            <positionGuid>6e1ddb81-077d-472b-ad7d-940a66323779</positionGuid>
                        </lotPlanInfo>
                        <cancelled>false</cancelled>
                    </lot>
                    <lot>
                        <guid>af0ba9e2-cc72-4c6a-9ee2-57a9734cd32a</guid>
                        <ordinalNumber>2</ordinalNumber>
                        <lotEditEnabled>false</lotEditEnabled>
                        <lotData>
                            <subject>Оказание услуг по предоставлению банковской гарантии FKR29121600054</subject>
                            <currency>
                                <code>RUB</code>
                                <digitalCode>643</digitalCode>
                                <name>Российский рубль</name>
                            </currency>
                            <initialSum>950000.00</initialSum>
                            <deliveryPlace>
                                <state>Центральный федеральный округ</state>
                                <region>Москва</region>
                                <regionOkato>45000000000</regionOkato>
                                <address>125363 город Москва, проезд Строительный, дом 14А строение 1</address>
                            </deliveryPlace>
                            <lotItems>
                                <newCodes>true</newCodes>
                                <lotItem>
                                    <guid>2928a273-94f6-461f-88f5-c8c2c2573cc9</guid>
                                    <ordinalNumber>1</ordinalNumber>
                                    <okpd2>
                                        <code>64.19</code>
                                        <name>Услуги по посредничеству в денежно-кредитной сфере прочие</name>
                                    </okpd2>
                                    <okved2>
                                        <code>64.9</code>
                                        <name>Деятельность по предоставлению прочих финансовых услуг, кроме услуг по страхованию и пенсионному обеспечению</name>
                                    </okved2>
                                    <okei>
                                        <code>876</code>
                                        <name>Условная единица</name>
                                    </okei>
                                    <qty>1</qty>
                                </lotItem>
                            </lotItems>
                            <forSmallOrMiddle>false</forSmallOrMiddle>
                            <excludePurchaseFromPlan>false</excludePurchaseFromPlan>
                            <subcontractorsRequirement>false</subcontractorsRequirement>
                            <ignoredPurchase>false</ignoredPurchase>
                            <centralized>false</centralized>
                        </lotData>
                        <deliveryPlaceIndication>GL</deliveryPlaceIndication>
                        <jointLotData>
                            <jointLot>false</jointLot>
                        </jointLotData>
                        <lotPlanInfo>
                            <planRegistrationNumber>2170231205</planRegistrationNumber>
                            <planGuid>f97c57bd-ec0b-4a54-b750-456de8805346</planGuid>
                            <positionNumber>2</positionNumber>
                            <lotPlanPosition>COMMODITY</lotPlanPosition>
                            <positionGuid>2beff8e0-60f1-4019-aaf0-bb47e0e023e5</positionGuid>
                        </lotPlanInfo>
                        <cancelled>false</cancelled>
                    </lot>
                    <lot>
                        <guid>95ffbfee-9a29-43a8-a502-b73d3c71fc89</guid>
                        <ordinalNumber>3</ordinalNumber>
                        <lotEditEnabled>false</lotEditEnabled>
                        <lotData>
                            <subject>Оказание услуг по предоставлению банковской гарантии FKR30011700120</subject>
                            <currency>
                                <code>RUB</code>
                                <digitalCode>643</digitalCode>
                                <name>Российский рубль</name>
                            </currency>
                            <initialSum>350000.00</initialSum>
                            <deliveryPlace>
                                <state>Центральный федеральный округ</state>
                                <region>Москва</region>
                                <regionOkato>45000000000</regionOkato>
                                <address>125363 город Москва, проезд Строительный, дом 14А строение 1</address>
                            </deliveryPlace>
                            <lotItems>
                                <newCodes>true</newCodes>
                                <lotItem>
                                    <guid>ad3b229f-df36-4920-8508-ef6d05c44369</guid>
                                    <ordinalNumber>1</ordinalNumber>
                                    <okpd2>
                                        <code>64.19</code>
                                        <name>Услуги по посредничеству в денежно-кредитной сфере прочие</name>
                                    </okpd2>
                                    <okved2>
                                        <code>64.9</code>
                                        <name>Деятельность по предоставлению прочих финансовых услуг, кроме услуг по страхованию и пенсионному обеспечению</name>
                                    </okved2>
                                    <okei>
                                        <code>876</code>
                                        <name>Условная единица</name>
                                    </okei>
                                    <qty>1</qty>
                                </lotItem>
                            </lotItems>
                            <forSmallOrMiddle>false</forSmallOrMiddle>
                            <excludePurchaseFromPlan>false</excludePurchaseFromPlan>
                            <subcontractorsRequirement>false</subcontractorsRequirement>
                            <ignoredPurchase>false</ignoredPurchase>
                            <centralized>false</centralized>
                        </lotData>
                        <deliveryPlaceIndication>GL</deliveryPlaceIndication>
                        <jointLotData>
                            <jointLot>false</jointLot>
                        </jointLotData>
                        <lotPlanInfo>
                            <planRegistrationNumber>2170231205</planRegistrationNumber>
                            <planGuid>f97c57bd-ec0b-4a54-b750-456de8805346</planGuid>
                            <positionNumber>3</positionNumber>
                            <lotPlanPosition>COMMODITY</lotPlanPosition>
                            <positionGuid>eedd0cd1-26f2-4d9a-a3a5-cce9966b5290</positionGuid>
                        </lotPlanInfo>
                        <cancelled>false</cancelled>
                    </lot>
                    <lot>
                        <guid>3ff6dbb9-d3d7-4812-8ae6-06c591ba333e</guid>
                        <ordinalNumber>4</ordinalNumber>
                        <lotEditEnabled>false</lotEditEnabled>
                        <lotData>
                            <subject>Оказание услуг по предоставлению банковской гарантии FKR30011700121</subject>
                            <currency>
                                <code>RUB</code>
                                <digitalCode>643</digitalCode>
                                <name>Российский рубль</name>
                            </currency>
                            <initialSum>523000.00</initialSum>
                            <deliveryPlace>
                                <state>Центральный федеральный округ</state>
                                <region>Москва</region>
                                <regionOkato>45000000000</regionOkato>
                                <address>125363 город Москва, проезд Строительный, дом 14А строение 1</address>
                            </deliveryPlace>
                            <lotItems>
                                <newCodes>true</newCodes>
                                <lotItem>
                                    <guid>24200552-9326-42a3-a43f-3922546c0389</guid>
                                    <ordinalNumber>1</ordinalNumber>
                                    <okpd2>
                                        <code>64.19</code>
                                        <name>Услуги по посредничеству в денежно-кредитной сфере прочие</name>
                                    </okpd2>
                                    <okved2>
                                        <code>64.9</code>
                                        <name>Деятельность по предоставлению прочих финансовых услуг, кроме услуг по страхованию и пенсионному обеспечению</name>
                                    </okved2>
                                    <okei>
                                        <code>876</code>
                                        <name>Условная единица</name>
                                    </okei>
                                    <qty>1</qty>
                                </lotItem>
                            </lotItems>
                            <forSmallOrMiddle>false</forSmallOrMiddle>
                            <excludePurchaseFromPlan>false</excludePurchaseFromPlan>
                            <subcontractorsRequirement>false</subcontractorsRequirement>
                            <ignoredPurchase>false</ignoredPurchase>
                            <centralized>false</centralized>
                        </lotData>
                        <deliveryPlaceIndication>GL</deliveryPlaceIndication>
                        <jointLotData>
                            <jointLot>false</jointLot>
                        </jointLotData>
                        <lotPlanInfo>
                            <planRegistrationNumber>2170231205</planRegistrationNumber>
                            <planGuid>f97c57bd-ec0b-4a54-b750-456de8805346</planGuid>
                            <positionNumber>4</positionNumber>
                            <lotPlanPosition>COMMODITY</lotPlanPosition>
                            <positionGuid>4a24dcad-480f-410f-9680-075ba2d26a18</positionGuid>
                        </lotPlanInfo>
                        <cancelled>false</cancelled>
                    </lot>
                    <lot>
                        <guid>94890dd9-b55a-4033-8d9b-831c9d9892a6</guid>
                        <ordinalNumber>5</ordinalNumber>
                        <lotEditEnabled>false</lotEditEnabled>
                        <lotData>
                            <subject>Оказание услуг по предоставлению банковской гарантии FKR30011700123</subject>
                            <currency>
                                <code>RUB</code>
                                <digitalCode>643</digitalCode>
                                <name>Российский рубль</name>
                            </currency>
                            <initialSum>434000.00</initialSum>
                            <deliveryPlace>
                                <state>Центральный федеральный округ</state>
                                <region>Москва</region>
                                <regionOkato>45000000000</regionOkato>
                                <address>125363 город Москва, проезд Строительный, дом 14А строение 1</address>
                            </deliveryPlace>
                            <lotItems>
                                <newCodes>true</newCodes>
                                <lotItem>
                                    <guid>acae96b4-9f19-4ff1-a407-dcdeb36587fb</guid>
                                    <ordinalNumber>1</ordinalNumber>
                                    <okpd2>
                                        <code>64.19</code>
                                        <name>Услуги по посредничеству в денежно-кредитной сфере прочие</name>
                                    </okpd2>
                                    <okved2>
                                        <code>64.9</code>
                                        <name>Деятельность по предоставлению прочих финансовых услуг, кроме услуг по страхованию и пенсионному обеспечению</name>
                                    </okved2>
                                    <okei>
                                        <code>876</code>
                                        <name>Условная единица</name>
                                    </okei>
                                    <qty>1</qty>
                                </lotItem>
                            </lotItems>
                            <forSmallOrMiddle>false</forSmallOrMiddle>
                            <excludePurchaseFromPlan>false</excludePurchaseFromPlan>
                            <subcontractorsRequirement>false</subcontractorsRequirement>
                            <ignoredPurchase>false</ignoredPurchase>
                            <centralized>false</centralized>
                        </lotData>
                        <deliveryPlaceIndication>GL</deliveryPlaceIndication>
                        <jointLotData>
                            <jointLot>false</jointLot>
                        </jointLotData>
                        <lotPlanInfo>
                            <planRegistrationNumber>2170231205</planRegistrationNumber>
                            <planGuid>f97c57bd-ec0b-4a54-b750-456de8805346</planGuid>
                            <positionNumber>5</positionNumber>
                            <lotPlanPosition>COMMODITY</lotPlanPosition>
                            <positionGuid>e4151c2e-c039-4aab-8f87-7b9300d7a8b8</positionGuid>
                        </lotPlanInfo>
                        <cancelled>false</cancelled>
                    </lot>
                </ns2:lots>
            </ns2:purchaseNoticeEPData>
        </ns2:item>
    </ns2:body>
</ns2:purchaseNoticeEP>
