<?xml version="1.0" encoding="UTF-8" standalone="yes"?>
<ns2:purchaseNoticeEP xsi:schemaLocation="http://zakupki.gov.ru/223/integration/schema/TFF-5.2 http://zakupki.gov.ru/223/integration/schema/TFF-5.2/purchase.xsd" xmlns="http://zakupki.gov.ru/223fz/types/1" xmlns:ns10="http://zakupki.gov.ru/223fz/purchasePlan/1" xmlns:ns11="http://zakupki.gov.ru/223fz/purchasePlanProject/1" xmlns:ns12="http://zakupki.gov.ru/223fz/purchasePlanProjectAdditionalPosition/1" xmlns:ns13="http://zakupki.gov.ru/223fz/contract/1" xmlns:ns14="http://zakupki.gov.ru/223fz/missedNotice/1" xmlns:ns15="http://zakupki.gov.ru/223fz/reference/1" xmlns:ns16="http://zakupki.gov.ru/223fz/stopCommodity/1" xmlns:ns17="http://zakupki.gov.ru/223fz/decisionSuspension/1" xmlns:ns18="http://zakupki.gov.ru/223fz/purchasePlanAdditionalPosition/1" xmlns:ns19="http://zakupki.gov.ru/223fz/webRequest/1" xmlns:ns2="http://zakupki.gov.ru/223fz/purchase/1" xmlns:xsi="http://www.w3.org/2001/XMLSchema-instance" xmlns:ns3="http://zakupki.gov.ru/223fz/dishonestSupplier/1" xmlns:ns4="http://zakupki.gov.ru/223fz/machineryListInfo/1" xmlns:ns5="http://zakupki.gov.ru/223fz/revenue/1" xmlns:ns6="http://zakupki.gov.ru/223fz/orderClauseList/1" xmlns:ns7="http://zakupki.gov.ru/223fz/disagreementProtocol/1" xmlns:ns8="http://zakupki.gov.ru/223fz/complaint/1" xmlns:ns9="http://zakupki.gov.ru/223fz/notificationIssue/1">
    <header>
        <guid>61143a1e-2830-4a05-a9e1-2f22544f90f4</guid>
        <createDateTime>2017-03-15T16:00:41</createDateTime>
    </header>
    <ns2:body>
        <ns2:item>
            <guid>e2fc43e3-09fd-4dc9-97b5-fd440799442a</guid>
            <ns2:purchaseNoticeEPData>
                <ns2:guid>e2fc43e3-09fd-4dc9-97b5-fd440799442a</ns2:guid>
                <ns2:createDateTime>2017-03-15T15:59:28</ns2:createDateTime>
                <ns2:urlOOS>https://zakupki.gov.ru/223/purchase/private/purchase/notice-info/details.html?noticeInfoId=5880036</ns2:urlOOS>
                <ns2:registrationNumber>31704893184</ns2:registrationNumber>
                <ns2:name>Исполнение артистами-исполнителями Фонда поддержки культуры и искусств Владимира Назарова спектакля 26.03.2017 г. на сцене Театрального зала Государственного бюджетного учреждения культуры города Москвы «Московский международный Дом музыки»</ns2:name>
                <ns2:customer>
                    <mainInfo>
                        <fullName>ГОСУДАРСТВЕННОЕ БЮДЖЕТНОЕ УЧРЕЖДЕНИЕ КУЛЬТУРЫ ГОРОДА МОСКВЫ "МОСКОВСКИЙ МЕЖДУНАРОДНЫЙ ДОМ МУЗЫКИ"</fullName>
                        <shortName>ГБУК Г. МОСКВЫ "ММДМ"</shortName>
                        <iko>87705464692770501001</iko>
                        <inn>7705464692</inn>
                        <kpp>770501001</kpp>
                        <ogrn>1027705009452</ogrn>
                        <legalAddress>115054, г МОСКВА, наб КОСМОДАМИАНСКАЯ, дом 52, корпус 8</legalAddress>
                        <postalAddress>115054, г. Москва, Космодамианская наб., д.52, стр.8</postalAddress>
                        <phone>7-495-7301710</phone>
                        <fax>7-495-7301710</fax>
                        <email>elena-romanova-mmdm@mail.ru</email>
                        <okato>45286560000</okato>
                        <okpo>58748878</okpo>
                    </mainInfo>
                </ns2:customer>
                <ns2:purchaseMethodCode>3363</ns2:purchaseMethodCode>
                <ns2:purchaseCodeName>Закупка у единственного поставщика (исполнителя, подрядчика)</ns2:purchaseCodeName>
                <ns2:placer>
                    <mainInfo>
                        <fullName>ГОСУДАРСТВЕННОЕ БЮДЖЕТНОЕ УЧРЕЖДЕНИЕ КУЛЬТУРЫ ГОРОДА МОСКВЫ "МОСКОВСКИЙ МЕЖДУНАРОДНЫЙ ДОМ МУЗЫКИ"</fullName>
                        <shortName>ГБУК Г. МОСКВЫ "ММДМ"</shortName>
                        <iko>87705464692770501001</iko>
                        <inn>7705464692</inn>
                        <kpp>770501001</kpp>
                        <ogrn>1027705009452</ogrn>
                        <legalAddress>115054, г МОСКВА, наб КОСМОДАМИАНСКАЯ, дом 52, корпус 8</legalAddress>
                        <postalAddress>115054, г. Москва, Космодамианская наб., д.52, стр.8</postalAddress>
                        <phone>7-495-7301710</phone>
                        <fax>7-495-7301710</fax>
                        <email>elena-romanova-mmdm@mail.ru</email>
                        <okato>45286560000</okato>
                        <okpo>58748878</okpo>
                    </mainInfo>
                </ns2:placer>
                <ns2:contact>
                    <firstName>Юлия</firstName>
                    <middleName>Александровна</middleName>
                    <lastName>Кузлянова</lastName>
                    <phone>+7 (495) 7302226</phone>
                    <fax>+7 (495) 7302226</fax>
                    <email>zakupki.mmdm@mail.ru</email>
                    <organization>
                        <mainInfo>
                            <fullName>ГОСУДАРСТВЕННОЕ БЮДЖЕТНОЕ УЧРЕЖДЕНИЕ КУЛЬТУРЫ ГОРОДА МОСКВЫ "МОСКОВСКИЙ МЕЖДУНАРОДНЫЙ ДОМ МУЗЫКИ"</fullName>
                            <shortName>ГБУК Г. МОСКВЫ "ММДМ"</shortName>
                            <iko>87705464692770501001</iko>
                            <inn>7705464692</inn>
                            <kpp>770501001</kpp>
                            <ogrn>1027705009452</ogrn>
                            <legalAddress>115054, г МОСКВА, наб КОСМОДАМИАНСКАЯ, дом 52, корпус 8</legalAddress>
                            <postalAddress>115054, г. Москва, Космодамианская наб., д.52, стр.8</postalAddress>
                            <phone>7-495-7301710</phone>
                            <fax>7-495-7301710</fax>
                            <email>elena-romanova-mmdm@mail.ru</email>
                            <okato>45286560000</okato>
                            <okpo>58748878</okpo>
                        </mainInfo>
                    </organization>
                </ns2:contact>
                <ns2:publicationDateTime>2017-03-15T16:00:41</ns2:publicationDateTime>
                <ns2:documentationDelivery>
                    <deliveryStartDateTime>2017-03-15</deliveryStartDateTime>
                    <deliveryEndDateTime>2017-03-16</deliveryEndDateTime>
                    <place>115054, г. Москва, Космодамианская наб., д.52, стр.8</place>
                    <procedure>Информация о закупке у единственного исполнителя доступна для ознакомления в Единой информационной системе без взимания платы</procedure>
                </ns2:documentationDelivery>
                <ns2:status>P</ns2:status>
                <ns2:version>1</ns2:version>
                <ns2:notDishonest>true</ns2:notDishonest>
                <ns2:attachments>
                    <totalDocumentsCount>1</totalDocumentsCount>
                    <document>
                        <guid>35724552-c3ce-4ce2-9825-cc810fdc23f5</guid>
                        <createDateTime>2017-03-15T16:00:22</createDateTime>
                        <fileName>116_26.03.17_ГОТОВ_Фонд_Назарова.rar</fileName>
                        <description>116_26.03.17_ГОТОВ_Фонд_Назарова</description>
                        <url>http://zakupki.gov.ru/223/purchase/public/download/download.html?id=30081024</url>
                    </document>
                </ns2:attachments>
                <ns2:modificationDate>2017-03-15T16:00:41</ns2:modificationDate>
                <ns2:saveUserId>188467</ns2:saveUserId>
                <ns2:deliveryPlaceIndication>SINGLE_PLACE</ns2:deliveryPlaceIndication>
                <ns2:emergency>false</ns2:emergency>
                <ns2:jointPurchase>false</ns2:jointPurchase>
                <ns2:lots>
                    <lot>
                        <guid>66b8ced5-baab-4d0c-80be-4780a9a5c923</guid>
                        <ordinalNumber>1</ordinalNumber>
                        <lotEditEnabled>false</lotEditEnabled>
                        <lotData>
                            <subject>Исполнение артистами-исполнителями Фонда поддержки культуры и искусств Владимира Назарова спектакля  26.03.2017 г.  на сцене Театрального зала Государственного бюджетного учреждения  культуры города Москвы  «Московский международный Дом музыки»</subject>
                            <currency>
                                <code>RUB</code>
                                <digitalCode>643</digitalCode>
                                <name>Российский рубль</name>
                            </currency>
                            <initialSum>120000.00</initialSum>
                            <deliveryPlace>
                                <state>Центральный федеральный округ</state>
                                <region>Москва</region>
                                <regionOkato>45000000000</regionOkato>
                                <address>115054, г. Москва, Космодамианская наб., д.52, стр.8</address>
                            </deliveryPlace>
                            <lotItems>
                                <newCodes>true</newCodes>
                                <lotItem>
                                    <guid>1d70be87-5a49-422b-a99c-bcd7099788b1</guid>
                                    <ordinalNumber>1</ordinalNumber>
                                    <okpd2>
                                        <code>90.01.10.000</code>
                                        <name>Услуги в области исполнительских искусств</name>
                                    </okpd2>
                                    <okved2>
                                        <code>90.01</code>
                                        <name>Деятельность в области исполнительских искусств</name>
                                    </okved2>
                                    <okei>
                                        <code>876</code>
                                        <name>Условная единица</name>
                                    </okei>
                                    <qty>1</qty>
                                </lotItem>
                            </lotItems>
                            <forSmallOrMiddle>false</forSmallOrMiddle>
                            <excludePurchaseFromPlan>false</excludePurchaseFromPlan>
                            <subcontractorsRequirement>false</subcontractorsRequirement>
                            <ignoredPurchase>false</ignoredPurchase>
                            <centralized>false</centralized>
                        </lotData>
                        <deliveryPlaceIndication>GL</deliveryPlaceIndication>
                        <jointLotData>
                            <jointLot>false</jointLot>
                        </jointLotData>
                        <lotPlanInfo>
                            <planRegistrationNumber>2160191117</planRegistrationNumber>
                            <planGuid>eb523473-9cc5-4870-961e-b47b77b503e1</planGuid>
                            <positionNumber>116</positionNumber>
                            <lotPlanPosition>COMMODITY</lotPlanPosition>
                            <positionGuid>8c730d76-d369-412a-aeb1-f337a9be3a30</positionGuid>
                        </lotPlanInfo>
                        <cancelled>false</cancelled>
                    </lot>
                </ns2:lots>
            </ns2:purchaseNoticeEPData>
        </ns2:item>
    </ns2:body>
</ns2:purchaseNoticeEP>
