<?xml version="1.0" encoding="UTF-8" standalone="yes"?>
<ns2:purchaseNoticeEP xsi:schemaLocation="http://zakupki.gov.ru/223/integration/schema/TFF-5.2 http://zakupki.gov.ru/223/integration/schema/TFF-5.2/purchase.xsd" xmlns="http://zakupki.gov.ru/223fz/types/1" xmlns:ns10="http://zakupki.gov.ru/223fz/purchasePlan/1" xmlns:ns11="http://zakupki.gov.ru/223fz/purchasePlanProject/1" xmlns:ns12="http://zakupki.gov.ru/223fz/purchasePlanProjectAdditionalPosition/1" xmlns:ns13="http://zakupki.gov.ru/223fz/contract/1" xmlns:ns14="http://zakupki.gov.ru/223fz/missedNotice/1" xmlns:ns15="http://zakupki.gov.ru/223fz/reference/1" xmlns:ns16="http://zakupki.gov.ru/223fz/stopCommodity/1" xmlns:ns17="http://zakupki.gov.ru/223fz/decisionSuspension/1" xmlns:ns18="http://zakupki.gov.ru/223fz/purchasePlanAdditionalPosition/1" xmlns:ns19="http://zakupki.gov.ru/223fz/webRequest/1" xmlns:ns2="http://zakupki.gov.ru/223fz/purchase/1" xmlns:xsi="http://www.w3.org/2001/XMLSchema-instance" xmlns:ns3="http://zakupki.gov.ru/223fz/dishonestSupplier/1" xmlns:ns4="http://zakupki.gov.ru/223fz/machineryListInfo/1" xmlns:ns5="http://zakupki.gov.ru/223fz/revenue/1" xmlns:ns6="http://zakupki.gov.ru/223fz/orderClauseList/1" xmlns:ns7="http://zakupki.gov.ru/223fz/disagreementProtocol/1" xmlns:ns8="http://zakupki.gov.ru/223fz/complaint/1" xmlns:ns9="http://zakupki.gov.ru/223fz/notificationIssue/1">
    <header>
        <guid>faf4bf39-103c-4329-95f5-4f10c71af67c</guid>
        <createDateTime>2017-03-15T15:10:20</createDateTime>
    </header>
    <ns2:body>
        <ns2:item>
            <guid>25e7ac3f-78cc-43b0-a878-1b994fb68f92</guid>
            <ns2:purchaseNoticeEPData>
                <ns2:guid>25e7ac3f-78cc-43b0-a878-1b994fb68f92</ns2:guid>
                <ns2:createDateTime>2017-03-15T15:08:27</ns2:createDateTime>
                <ns2:urlOOS>https://zakupki.gov.ru/223/purchase/private/purchase/notice-info/details.html?noticeInfoId=5879377</ns2:urlOOS>
                <ns2:registrationNumber>31704892595</ns2:registrationNumber>
                <ns2:name>Выполнение работ по техническому обслуживанию лифтов по адресам: г. Москва, ул. Б. Семеновская, д. 38; ул. М. Семёновская, д.12; ул. Б. Галушкина, д.9; ул. П.Корчагина, д.22; ул. Рижский проезд, д.15; ул. Автозаводская, д.16; ул. Ст. Басманная, д.21/4</ns2:name>
                <ns2:customer>
                    <mainInfo>
                        <fullName>ФЕДЕРАЛЬНОЕ ГОСУДАРСТВЕННОЕ БЮДЖЕТНОЕ ОБРАЗОВАТЕЛЬНОЕ УЧРЕЖДЕНИЕ ВЫСШЕГО ОБРАЗОВАНИЯ "МОСКОВСКИЙ ПОЛИТЕХНИЧЕСКИЙ УНИВЕРСИТЕТ"</fullName>
                        <shortName>МОСКОВСКИЙ ПОЛИТЕХНИЧЕСКИЙ УНИВЕРСИТЕТ, МОСКОВСКИЙ ПОЛИТЕХ, ПОЛИТЕХ</shortName>
                        <iko>87719014460771901001</iko>
                        <inn>7719455553</inn>
                        <kpp>771901001</kpp>
                        <ogrn>1167746817810</ogrn>
                        <legalAddress>107023, Г МОСКВА, УЛ СЕМЁНОВСКАЯ Б., дом ДОМ 38</legalAddress>
                        <postalAddress>107023 г. Москва, ул. Большая Семеновская, д.38</postalAddress>
                        <phone>7-495-2230523-1240</phone>
                        <email>rector@mospolytech.ru</email>
                        <okato>45263588000</okato>
                        <okpo>02068692</okpo>
                    </mainInfo>
                </ns2:customer>
                <ns2:purchaseMethodCode>3363</ns2:purchaseMethodCode>
                <ns2:purchaseCodeName>Закупка у единственного поставщика (исполнителя, подрядчика)</ns2:purchaseCodeName>
                <ns2:placer>
                    <mainInfo>
                        <fullName>ФЕДЕРАЛЬНОЕ ГОСУДАРСТВЕННОЕ БЮДЖЕТНОЕ ОБРАЗОВАТЕЛЬНОЕ УЧРЕЖДЕНИЕ ВЫСШЕГО ОБРАЗОВАНИЯ "МОСКОВСКИЙ ПОЛИТЕХНИЧЕСКИЙ УНИВЕРСИТЕТ"</fullName>
                        <shortName>МОСКОВСКИЙ ПОЛИТЕХНИЧЕСКИЙ УНИВЕРСИТЕТ, МОСКОВСКИЙ ПОЛИТЕХ, ПОЛИТЕХ</shortName>
                        <iko>87719014460771901001</iko>
                        <inn>7719455553</inn>
                        <kpp>771901001</kpp>
                        <ogrn>1167746817810</ogrn>
                        <legalAddress>107023, Г МОСКВА, УЛ СЕМЁНОВСКАЯ Б., дом ДОМ 38</legalAddress>
                        <postalAddress>107023 г. Москва, ул. Большая Семеновская, д.38</postalAddress>
                        <phone>7-495-2230523-1240</phone>
                        <email>rector@mospolytech.ru</email>
                        <okato>45263588000</okato>
                        <okpo>02068692</okpo>
                    </mainInfo>
                </ns2:placer>
                <ns2:contact>
                    <phone>+7 (495) 2230523, доб.: 1140</phone>
                    <email>torgi@mospolytech.ru</email>
                    <organization>
                        <mainInfo>
                            <fullName>ФЕДЕРАЛЬНОЕ ГОСУДАРСТВЕННОЕ БЮДЖЕТНОЕ ОБРАЗОВАТЕЛЬНОЕ УЧРЕЖДЕНИЕ ВЫСШЕГО ОБРАЗОВАНИЯ "МОСКОВСКИЙ ПОЛИТЕХНИЧЕСКИЙ УНИВЕРСИТЕТ"</fullName>
                            <shortName>МОСКОВСКИЙ ПОЛИТЕХНИЧЕСКИЙ УНИВЕРСИТЕТ, МОСКОВСКИЙ ПОЛИТЕХ, ПОЛИТЕХ</shortName>
                            <iko>87719014460771901001</iko>
                            <inn>7719455553</inn>
                            <kpp>771901001</kpp>
                            <ogrn>1167746817810</ogrn>
                            <legalAddress>107023, Г МОСКВА, УЛ СЕМЁНОВСКАЯ Б., дом ДОМ 38</legalAddress>
                            <postalAddress>107023 г. Москва, ул. Большая Семеновская, д.38</postalAddress>
                            <phone>7-495-2230523-1240</phone>
                            <email>rector@mospolytech.ru</email>
                            <okato>45263588000</okato>
                            <okpo>02068692</okpo>
                        </mainInfo>
                    </organization>
                </ns2:contact>
                <ns2:publicationDateTime>2017-03-15T15:10:20</ns2:publicationDateTime>
                <ns2:documentationDelivery/>
                <ns2:status>P</ns2:status>
                <ns2:version>1</ns2:version>
                <ns2:notDishonest>false</ns2:notDishonest>
                <ns2:attachments>
                    <totalDocumentsCount>2</totalDocumentsCount>
                    <document>
                        <guid>3046797e-2223-42d5-a592-0a94401ba730</guid>
                        <createDateTime>2017-03-15T15:09:58</createDateTime>
                        <fileName>Извещение_документация_ЕП_по_Положению .docx</fileName>
                        <description>Извещение_документация_ЕП_по_Положению </description>
                        <url>http://zakupki.gov.ru/223/purchase/public/download/download.html?id=30078108</url>
                    </document>
                    <document>
                        <guid>eb7dc485-e2b8-46cd-a36c-2fd6a2df7de9</guid>
                        <createDateTime>2017-03-15T15:10:03</createDateTime>
                        <fileName>Договор на ТО лифтов март 2017 г  (503617 v1)_1.doc</fileName>
                        <description>Договор на ТО лифтов март 2017 г  (503617 v1)_1</description>
                        <url>http://zakupki.gov.ru/223/purchase/public/download/download.html?id=30078110</url>
                    </document>
                </ns2:attachments>
                <ns2:modificationDate>2017-03-15T15:10:20</ns2:modificationDate>
                <ns2:saveUserId>153814</ns2:saveUserId>
                <ns2:deliveryPlaceIndication>SINGLE_PLACE</ns2:deliveryPlaceIndication>
                <ns2:emergency>false</ns2:emergency>
                <ns2:jointPurchase>false</ns2:jointPurchase>
                <ns2:lots>
                    <lot>
                        <guid>1cad53a3-d187-4e0b-af2a-e590dbafe834</guid>
                        <ordinalNumber>1</ordinalNumber>
                        <lotEditEnabled>false</lotEditEnabled>
                        <lotData>
                            <subject>Выполнение работ по техническому обслуживанию лифтов по адресам: г. Москва, ул. Б.Семеновская, д.38; ул. М.Семеновская, д. 12; ул.Б.Галушкина, д. 9; ул. П.Корчагина, д. 22; ул. Рижский проезд, д. 15; ул. Автозаводская, д. 16: ул. Ст. Басманная, д. 21/4
</subject>
                            <currency>
                                <code>RUB</code>
                                <digitalCode>643</digitalCode>
                                <name>Российский рубль</name>
                            </currency>
                            <initialSum>357740.00</initialSum>
                            <deliveryPlace>
                                <state>Центральный федеральный округ</state>
                                <region>Москва</region>
                                <regionOkato>45000000000</regionOkato>
                                <address>Россия, г. Москва, ул. Б. Семеновская, д. 38; ул. М. Семёновская, д.12; ул. Б. Галушкина, д.9; ул. П.Корчагина, д.22; ул. Рижский проезд, д.15; ул. Автозаводская, д.16; ул. Ст. Басманная, д.21/4</address>
                            </deliveryPlace>
                            <lotItems>
                                <newCodes>true</newCodes>
                                <lotItem>
                                    <guid>cc925e16-2b83-48f3-8a0f-f48102af5e7e</guid>
                                    <ordinalNumber>1</ordinalNumber>
                                    <okpd2>
                                        <code>33.12.15.000</code>
                                        <name>Услуги по ремонту и техническому обслуживанию подъемно-транспортного оборудования</name>
                                    </okpd2>
                                    <okved2>
                                        <code>33.12</code>
                                        <name>Ремонт машин и оборудования</name>
                                    </okved2>
                                    <okei>
                                        <code>362</code>
                                        <name>Месяц</name>
                                    </okei>
                                    <qty>1</qty>
                                </lotItem>
                            </lotItems>
                            <forSmallOrMiddle>false</forSmallOrMiddle>
                            <excludePurchaseFromPlan>false</excludePurchaseFromPlan>
                            <subcontractorsRequirement>false</subcontractorsRequirement>
                            <ignoredPurchase>false</ignoredPurchase>
                            <centralized>false</centralized>
                        </lotData>
                        <deliveryPlaceIndication>GL</deliveryPlaceIndication>
                        <jointLotData>
                            <jointLot>false</jointLot>
                        </jointLotData>
                        <lotPlanInfo>
                            <planRegistrationNumber>2160218948</planRegistrationNumber>
                            <planGuid>0489f4ee-7ae6-4912-8b39-baca62cb0c02</planGuid>
                            <positionNumber>75</positionNumber>
                            <lotPlanPosition>COMMODITY</lotPlanPosition>
                            <positionGuid>04f94142-995e-4bae-9f88-05c159fb0ca7</positionGuid>
                        </lotPlanInfo>
                        <cancelled>false</cancelled>
                    </lot>
                </ns2:lots>
            </ns2:purchaseNoticeEPData>
        </ns2:item>
    </ns2:body>
</ns2:purchaseNoticeEP>
