<?xml version="1.0" encoding="UTF-8" standalone="yes"?>
<ns2:purchaseNoticeEP xsi:schemaLocation="http://zakupki.gov.ru/223/integration/schema/TFF-5.2 http://zakupki.gov.ru/223/integration/schema/TFF-5.2/purchase.xsd" xmlns="http://zakupki.gov.ru/223fz/types/1" xmlns:ns10="http://zakupki.gov.ru/223fz/purchasePlan/1" xmlns:ns11="http://zakupki.gov.ru/223fz/purchasePlanProject/1" xmlns:ns12="http://zakupki.gov.ru/223fz/purchasePlanProjectAdditionalPosition/1" xmlns:ns13="http://zakupki.gov.ru/223fz/contract/1" xmlns:ns14="http://zakupki.gov.ru/223fz/missedNotice/1" xmlns:ns15="http://zakupki.gov.ru/223fz/reference/1" xmlns:ns16="http://zakupki.gov.ru/223fz/stopCommodity/1" xmlns:ns17="http://zakupki.gov.ru/223fz/decisionSuspension/1" xmlns:ns18="http://zakupki.gov.ru/223fz/purchasePlanAdditionalPosition/1" xmlns:ns19="http://zakupki.gov.ru/223fz/webRequest/1" xmlns:ns2="http://zakupki.gov.ru/223fz/purchase/1" xmlns:xsi="http://www.w3.org/2001/XMLSchema-instance" xmlns:ns3="http://zakupki.gov.ru/223fz/dishonestSupplier/1" xmlns:ns4="http://zakupki.gov.ru/223fz/machineryListInfo/1" xmlns:ns5="http://zakupki.gov.ru/223fz/revenue/1" xmlns:ns6="http://zakupki.gov.ru/223fz/orderClauseList/1" xmlns:ns7="http://zakupki.gov.ru/223fz/disagreementProtocol/1" xmlns:ns8="http://zakupki.gov.ru/223fz/complaint/1" xmlns:ns9="http://zakupki.gov.ru/223fz/notificationIssue/1">
    <header>
        <guid>fb50ab97-60af-4f0e-9dba-b0962cb89fd3</guid>
        <createDateTime>2017-03-15T15:38:22</createDateTime>
    </header>
    <ns2:body>
        <ns2:item>
            <guid>a2a0e348-881e-4dec-8045-0d5e6d90f5e1</guid>
            <ns2:purchaseNoticeEPData>
                <ns2:guid>a2a0e348-881e-4dec-8045-0d5e6d90f5e1</ns2:guid>
                <ns2:createDateTime>2017-03-15T10:09:03</ns2:createDateTime>
                <ns2:urlOOS>https://zakupki.gov.ru/223/purchase/private/purchase/notice-info/details.html?noticeInfoId=5876208</ns2:urlOOS>
                <ns2:registrationNumber>31704892924</ns2:registrationNumber>
                <ns2:name>Поставка лекарственных препаратов для нужд ФГБУ "ОБП"</ns2:name>
                <ns2:customer>
                    <mainInfo>
                        <fullName>ФЕДЕРАЛЬНОЕ ГОСУДАРСТВЕННОЕ БЮДЖЕТНОЕ УЧРЕЖДЕНИЕ "ОБЪЕДИНЕННАЯ БОЛЬНИЦА С ПОЛИКЛИНИКОЙ" УПРАВЛЕНИЯ ДЕЛАМИ ПРЕЗИДЕНТА РОССИЙСКОЙ ФЕДЕРАЦИИ</fullName>
                        <shortName>ФГБУ "ОБП"</shortName>
                        <iko>87729117225772901001</iko>
                        <inn>7729117225</inn>
                        <kpp>772901001</kpp>
                        <ogrn>1037700124208</ogrn>
                        <legalAddress>119285, г МОСКВА, пр-кт МИЧУРИНСКИЙ, дом 6</legalAddress>
                        <postalAddress>119285, Москва Город, Мичуринский Проспект, дом 6</postalAddress>
                        <phone>7-499-3333000</phone>
                        <fax>7-499-1479226</fax>
                        <email>info@fgu-obp.ru</email>
                        <okato>45268584000</okato>
                        <okpo>01895890</okpo>
                    </mainInfo>
                </ns2:customer>
                <ns2:purchaseMethodCode>3363</ns2:purchaseMethodCode>
                <ns2:purchaseCodeName>Закупка у единственного поставщика (исполнителя, подрядчика)</ns2:purchaseCodeName>
                <ns2:placer>
                    <mainInfo>
                        <fullName>ФЕДЕРАЛЬНОЕ ГОСУДАРСТВЕННОЕ БЮДЖЕТНОЕ УЧРЕЖДЕНИЕ "ОБЪЕДИНЕННАЯ БОЛЬНИЦА С ПОЛИКЛИНИКОЙ" УПРАВЛЕНИЯ ДЕЛАМИ ПРЕЗИДЕНТА РОССИЙСКОЙ ФЕДЕРАЦИИ</fullName>
                        <shortName>ФГБУ "ОБП"</shortName>
                        <iko>87729117225772901001</iko>
                        <inn>7729117225</inn>
                        <kpp>772901001</kpp>
                        <ogrn>1037700124208</ogrn>
                        <legalAddress>119285, г МОСКВА, пр-кт МИЧУРИНСКИЙ, дом 6</legalAddress>
                        <postalAddress>119285, Москва Город, Мичуринский Проспект, дом 6</postalAddress>
                        <phone>7-499-3333000</phone>
                        <fax>7-499-1479226</fax>
                        <email>info@fgu-obp.ru</email>
                        <okato>45268584000</okato>
                        <okpo>01895890</okpo>
                    </mainInfo>
                </ns2:placer>
                <ns2:contact>
                    <phone>+7 (499) 1478150</phone>
                    <email>lysenko@fgu-obp.ru</email>
                    <organization>
                        <mainInfo>
                            <fullName>ФЕДЕРАЛЬНОЕ ГОСУДАРСТВЕННОЕ БЮДЖЕТНОЕ УЧРЕЖДЕНИЕ "ОБЪЕДИНЕННАЯ БОЛЬНИЦА С ПОЛИКЛИНИКОЙ" УПРАВЛЕНИЯ ДЕЛАМИ ПРЕЗИДЕНТА РОССИЙСКОЙ ФЕДЕРАЦИИ</fullName>
                            <shortName>ФГБУ "ОБП"</shortName>
                            <iko>87729117225772901001</iko>
                            <inn>7729117225</inn>
                            <kpp>772901001</kpp>
                            <ogrn>1037700124208</ogrn>
                            <legalAddress>119285, г МОСКВА, пр-кт МИЧУРИНСКИЙ, дом 6</legalAddress>
                            <postalAddress>119285, Москва Город, Мичуринский Проспект, дом 6</postalAddress>
                            <phone>7-499-3333000</phone>
                            <fax>7-499-1479226</fax>
                            <email>info@fgu-obp.ru</email>
                            <okato>45268584000</okato>
                            <okpo>01895890</okpo>
                        </mainInfo>
                    </organization>
                </ns2:contact>
                <ns2:publicationDateTime>2017-03-15T15:38:22</ns2:publicationDateTime>
                <ns2:documentationDelivery/>
                <ns2:status>P</ns2:status>
                <ns2:version>1</ns2:version>
                <ns2:notDishonest>false</ns2:notDishonest>
                <ns2:attachments>
                    <totalDocumentsCount>2</totalDocumentsCount>
                    <document>
                        <guid>bc5b93d2-70ac-4c84-9751-77bd63311127</guid>
                        <createDateTime>2017-03-15T10:12:33</createDateTime>
                        <fileName>Документация.docx</fileName>
                        <description>Документация</description>
                        <url>http://zakupki.gov.ru/223/purchase/public/download/download.html?id=30062855</url>
                    </document>
                    <document>
                        <guid>e5bf30b4-fc20-42be-9f31-7e5025732f53</guid>
                        <createDateTime>2017-03-15T10:31:11</createDateTime>
                        <fileName>Договор.pdf</fileName>
                        <description>Договор</description>
                        <url>http://zakupki.gov.ru/223/purchase/public/download/download.html?id=30063758</url>
                    </document>
                </ns2:attachments>
                <ns2:modificationDate>2017-03-15T15:38:22</ns2:modificationDate>
                <ns2:saveUserId>54281</ns2:saveUserId>
                <ns2:deliveryPlaceIndication>SINGLE_PLACE</ns2:deliveryPlaceIndication>
                <ns2:emergency>false</ns2:emergency>
                <ns2:jointPurchase>false</ns2:jointPurchase>
                <ns2:lots>
                    <lot>
                        <guid>85c397f4-e524-4ab3-a436-a6fe236381a2</guid>
                        <ordinalNumber>1</ordinalNumber>
                        <lotEditEnabled>true</lotEditEnabled>
                        <lotData>
                            <subject>Поставка лекарственных препаратов для нужд ФГБУ "ОБП"</subject>
                            <currency>
                                <code>RUB</code>
                                <digitalCode>643</digitalCode>
                                <name>Российский рубль</name>
                            </currency>
                            <initialSum>499937.02</initialSum>
                            <deliveryPlace>
                                <address>119285, г. Москва, Мичуринский пр-т, дом 6</address>
                            </deliveryPlace>
                            <lotItems>
                                <newCodes>true</newCodes>
                                <lotItem>
                                    <guid>09af15c9-c9e0-4fbb-9070-476bc61aa137</guid>
                                    <ordinalNumber>1</ordinalNumber>
                                    <okpd2>
                                        <code>32.50.13.190</code>
                                        <name>Инструменты и приспособления, применяемые в медицинских целях, прочие, не включенные в другие группировки</name>
                                    </okpd2>
                                    <okved2>
                                        <code>46.46.2</code>
                                        <name>Торговля оптовая изделиями, применяемыми в медицинских целях</name>
                                    </okved2>
                                    <okei>
                                        <code>796</code>
                                        <name>Штука</name>
                                    </okei>
                                    <qty>1</qty>
                                </lotItem>
                            </lotItems>
                            <forSmallOrMiddle>false</forSmallOrMiddle>
                            <excludePurchaseFromPlan>false</excludePurchaseFromPlan>
                            <subcontractorsRequirement>false</subcontractorsRequirement>
                            <ignoredPurchase>false</ignoredPurchase>
                            <centralized>false</centralized>
                        </lotData>
                        <deliveryPlaceIndication>GL</deliveryPlaceIndication>
                        <jointLotData>
                            <jointLot>false</jointLot>
                        </jointLotData>
                        <lotPlanInfo>
                            <planRegistrationNumber>2160199430</planRegistrationNumber>
                            <planGuid>3338df9d-a6f9-4c69-a515-bbcad0ddda6a</planGuid>
                            <positionNumber>105</positionNumber>
                            <lotPlanPosition>COMMODITY</lotPlanPosition>
                            <positionGuid>4d593f48-f76c-4478-a687-1351200c8d2b</positionGuid>
                        </lotPlanInfo>
                        <cancelled>false</cancelled>
                    </lot>
                </ns2:lots>
            </ns2:purchaseNoticeEPData>
        </ns2:item>
    </ns2:body>
</ns2:purchaseNoticeEP>
