<?xml version="1.0" encoding="UTF-8" standalone="yes"?>
<ns2:purchaseNoticeEP xsi:schemaLocation="http://zakupki.gov.ru/223/integration/schema/TFF-5.2 http://zakupki.gov.ru/223/integration/schema/TFF-5.2/purchase.xsd" xmlns="http://zakupki.gov.ru/223fz/types/1" xmlns:ns10="http://zakupki.gov.ru/223fz/purchasePlan/1" xmlns:ns11="http://zakupki.gov.ru/223fz/purchasePlanProject/1" xmlns:ns12="http://zakupki.gov.ru/223fz/purchasePlanProjectAdditionalPosition/1" xmlns:ns13="http://zakupki.gov.ru/223fz/contract/1" xmlns:ns14="http://zakupki.gov.ru/223fz/missedNotice/1" xmlns:ns15="http://zakupki.gov.ru/223fz/reference/1" xmlns:ns16="http://zakupki.gov.ru/223fz/stopCommodity/1" xmlns:ns17="http://zakupki.gov.ru/223fz/decisionSuspension/1" xmlns:ns18="http://zakupki.gov.ru/223fz/purchasePlanAdditionalPosition/1" xmlns:ns19="http://zakupki.gov.ru/223fz/webRequest/1" xmlns:ns2="http://zakupki.gov.ru/223fz/purchase/1" xmlns:xsi="http://www.w3.org/2001/XMLSchema-instance" xmlns:ns3="http://zakupki.gov.ru/223fz/dishonestSupplier/1" xmlns:ns4="http://zakupki.gov.ru/223fz/machineryListInfo/1" xmlns:ns5="http://zakupki.gov.ru/223fz/revenue/1" xmlns:ns6="http://zakupki.gov.ru/223fz/orderClauseList/1" xmlns:ns7="http://zakupki.gov.ru/223fz/disagreementProtocol/1" xmlns:ns8="http://zakupki.gov.ru/223fz/complaint/1" xmlns:ns9="http://zakupki.gov.ru/223fz/notificationIssue/1">
    <header>
        <guid>285bd8ca-9b69-4f25-b822-e0047d8c1b58</guid>
        <createDateTime>2017-03-15T18:45:37</createDateTime>
    </header>
    <ns2:body>
        <ns2:item>
            <guid>4a4603d1-9ac6-4efc-a5e2-f477fd4a5581</guid>
            <ns2:purchaseNoticeEPData>
                <ns2:guid>4a4603d1-9ac6-4efc-a5e2-f477fd4a5581</ns2:guid>
                <ns2:createDateTime>2017-03-15T18:44:32</ns2:createDateTime>
                <ns2:urlOOS>https://zakupki.gov.ru/223/purchase/private/purchase/notice-info/details.html?noticeInfoId=5881298</ns2:urlOOS>
                <ns2:registrationNumber>31704894286</ns2:registrationNumber>
                <ns2:name>Составление тренировочных заданий в рамках организации и проведении учебно-тренировочных сборов по праву для подготовки к этапам Всероссийской олимпиады школьников</ns2:name>
                <ns2:customer>
                    <mainInfo>
                        <fullName>ГОСУДАРСТВЕННОЕ АВТОНОМНОЕ ОБРАЗОВАТЕЛЬНОЕ УЧРЕЖДЕНИЕ ДОПОЛНИТЕЛЬНОГО ПРОФЕССИОНАЛЬНОГО ОБРАЗОВАНИЯ ГОРОДА МОСКВЫ "ЦЕНТР ПЕДАГОГИЧЕСКОГО МАСТЕРСТВА"</fullName>
                        <shortName>ГАОУ ДПО ЦПМ</shortName>
                        <iko>57725618950770401001</iko>
                        <inn>7725618950</inn>
                        <kpp>770401001</kpp>
                        <ogrn>1077761137222</ogrn>
                        <legalAddress>000000, г МОСКВА, ул ХАМОВНИЧЕСКИЙ ВАЛ, дом 6</legalAddress>
                        <postalAddress>119270, Москва Город, Хамовнический Вал Улица, дом 6</postalAddress>
                        <phone>7-499-2422728</phone>
                        <email>eaist@cpm77.ru</email>
                        <okato>45286590000</okato>
                        <okpo>82464605</okpo>
                    </mainInfo>
                </ns2:customer>
                <ns2:purchaseMethodCode>3363</ns2:purchaseMethodCode>
                <ns2:purchaseCodeName>Закупка у единственного поставщика (исполнителя, подрядчика)</ns2:purchaseCodeName>
                <ns2:placer>
                    <mainInfo>
                        <fullName>ГОСУДАРСТВЕННОЕ АВТОНОМНОЕ ОБРАЗОВАТЕЛЬНОЕ УЧРЕЖДЕНИЕ ДОПОЛНИТЕЛЬНОГО ПРОФЕССИОНАЛЬНОГО ОБРАЗОВАНИЯ ГОРОДА МОСКВЫ "ЦЕНТР ПЕДАГОГИЧЕСКОГО МАСТЕРСТВА"</fullName>
                        <shortName>ГАОУ ДПО ЦПМ</shortName>
                        <iko>57725618950770401001</iko>
                        <inn>7725618950</inn>
                        <kpp>770401001</kpp>
                        <ogrn>1077761137222</ogrn>
                        <legalAddress>000000, г МОСКВА, ул ХАМОВНИЧЕСКИЙ ВАЛ, дом 6</legalAddress>
                        <postalAddress>119270, Москва Город, Хамовнический Вал Улица, дом 6</postalAddress>
                        <phone>7-499-2422728</phone>
                        <email>eaist@cpm77.ru</email>
                        <okato>45286590000</okato>
                        <okpo>82464605</okpo>
                    </mainInfo>
                </ns2:placer>
                <ns2:contact>
                    <firstName>Виктор</firstName>
                    <middleName>Владимирович</middleName>
                    <lastName>Фурин</lastName>
                    <phone>+7 (499) 2422782</phone>
                    <email>eaist@cpm77.ru</email>
                    <organization>
                        <mainInfo>
                            <fullName>ГОСУДАРСТВЕННОЕ АВТОНОМНОЕ ОБРАЗОВАТЕЛЬНОЕ УЧРЕЖДЕНИЕ ДОПОЛНИТЕЛЬНОГО ПРОФЕССИОНАЛЬНОГО ОБРАЗОВАНИЯ ГОРОДА МОСКВЫ "ЦЕНТР ПЕДАГОГИЧЕСКОГО МАСТЕРСТВА"</fullName>
                            <shortName>ГАОУ ДПО ЦПМ</shortName>
                            <iko>57725618950770401001</iko>
                            <inn>7725618950</inn>
                            <kpp>770401001</kpp>
                            <ogrn>1077761137222</ogrn>
                            <legalAddress>000000, г МОСКВА, ул ХАМОВНИЧЕСКИЙ ВАЛ, дом 6</legalAddress>
                            <postalAddress>119270, Москва Город, Хамовнический Вал Улица, дом 6</postalAddress>
                            <phone>7-499-2422728</phone>
                            <email>eaist@cpm77.ru</email>
                            <okato>45286590000</okato>
                            <okpo>82464605</okpo>
                        </mainInfo>
                    </organization>
                </ns2:contact>
                <ns2:publicationDateTime>2017-03-15T18:45:37</ns2:publicationDateTime>
                <ns2:documentationDelivery/>
                <ns2:status>P</ns2:status>
                <ns2:version>1</ns2:version>
                <ns2:notDishonest>true</ns2:notDishonest>
                <ns2:attachments>
                    <totalDocumentsCount>1</totalDocumentsCount>
                    <document>
                        <guid>dd769c40-eef6-4e88-8ffb-60fc13dfeaf8</guid>
                        <createDateTime>2017-03-15T18:45:27</createDateTime>
                        <fileName>документация 377-17-ЕП 1440.docx</fileName>
                        <description>документация 377-17-ЕП 1440</description>
                        <url>http://zakupki.gov.ru/223/purchase/public/download/download.html?id=30086783</url>
                    </document>
                </ns2:attachments>
                <ns2:modificationDate>2017-03-15T18:45:37</ns2:modificationDate>
                <ns2:saveUserId>158489</ns2:saveUserId>
                <ns2:deliveryPlaceIndication>DIFFERENT_PLACE</ns2:deliveryPlaceIndication>
                <ns2:emergency>false</ns2:emergency>
                <ns2:jointPurchase>false</ns2:jointPurchase>
                <ns2:lots>
                    <lot>
                        <guid>a454310e-126a-4b41-95d7-c9a191903965</guid>
                        <ordinalNumber>1</ordinalNumber>
                        <lotEditEnabled>true</lotEditEnabled>
                        <lotData>
                            <subject>Составление тренировочных заданий (Проведения учебно-тренировочных сборов для обучающихся для подготовки к различным этапам Всероссийской олимпиады школьников)</subject>
                            <currency>
                                <code>RUB</code>
                                <digitalCode>643</digitalCode>
                                <name>Российский рубль</name>
                            </currency>
                            <initialSum>30000.00</initialSum>
                            <lotItems>
                                <newCodes>true</newCodes>
                                <lotItem>
                                    <guid>c5724832-abfc-4f11-86e8-9a8eaa61a79a</guid>
                                    <ordinalNumber>1</ordinalNumber>
                                    <okpd2>
                                        <code>94.11.10.000</code>
                                        <name>Услуги, предоставляемые коммерческими и предпринимательскими членскими организациями</name>
                                    </okpd2>
                                    <okved2>
                                        <code>94.11</code>
                                        <name>Деятельность коммерческих и предпринимательских членских организаций</name>
                                    </okved2>
                                    <okei>
                                        <code>876</code>
                                        <name>Условная единица</name>
                                    </okei>
                                    <qty>1</qty>
                                    <deliveryPlace>
                                        <state>Центральный федеральный округ</state>
                                        <region>Москва</region>
                                        <regionOkato>45000000000</regionOkato>
                                        <address>119270, г. Москва, ул. Хамовнический Вал, д.6</address>
                                    </deliveryPlace>
                                </lotItem>
                            </lotItems>
                            <forSmallOrMiddle>false</forSmallOrMiddle>
                            <excludePurchaseFromPlan>false</excludePurchaseFromPlan>
                            <subcontractorsRequirement>false</subcontractorsRequirement>
                            <ignoredPurchase>false</ignoredPurchase>
                            <centralized>false</centralized>
                        </lotData>
                        <deliveryPlaceIndication>ELP</deliveryPlaceIndication>
                        <jointLotData>
                            <jointLot>false</jointLot>
                        </jointLotData>
                        <lotPlanInfo>
                            <planRegistrationNumber>2160210884</planRegistrationNumber>
                            <planGuid>8290fcf6-ee26-4915-af5f-a33d19ea946e</planGuid>
                            <positionNumber>1440</positionNumber>
                            <lotPlanPosition>COMMODITY</lotPlanPosition>
                            <positionGuid>9a6d5f03-8ebd-7b83-1ea4-60fa81fedda2</positionGuid>
                        </lotPlanInfo>
                        <cancelled>false</cancelled>
                    </lot>
                </ns2:lots>
            </ns2:purchaseNoticeEPData>
        </ns2:item>
    </ns2:body>
</ns2:purchaseNoticeEP>
