<?xml version="1.0" encoding="UTF-8" standalone="yes"?>
<ns2:purchaseNoticeEP xsi:schemaLocation="http://zakupki.gov.ru/223/integration/schema/TFF-5.2 http://zakupki.gov.ru/223/integration/schema/TFF-5.2/purchase.xsd" xmlns="http://zakupki.gov.ru/223fz/types/1" xmlns:ns10="http://zakupki.gov.ru/223fz/purchasePlan/1" xmlns:ns11="http://zakupki.gov.ru/223fz/purchasePlanProject/1" xmlns:ns12="http://zakupki.gov.ru/223fz/purchasePlanProjectAdditionalPosition/1" xmlns:ns13="http://zakupki.gov.ru/223fz/contract/1" xmlns:ns14="http://zakupki.gov.ru/223fz/missedNotice/1" xmlns:ns15="http://zakupki.gov.ru/223fz/reference/1" xmlns:ns16="http://zakupki.gov.ru/223fz/stopCommodity/1" xmlns:ns17="http://zakupki.gov.ru/223fz/decisionSuspension/1" xmlns:ns18="http://zakupki.gov.ru/223fz/purchasePlanAdditionalPosition/1" xmlns:ns19="http://zakupki.gov.ru/223fz/webRequest/1" xmlns:ns2="http://zakupki.gov.ru/223fz/purchase/1" xmlns:xsi="http://www.w3.org/2001/XMLSchema-instance" xmlns:ns3="http://zakupki.gov.ru/223fz/dishonestSupplier/1" xmlns:ns4="http://zakupki.gov.ru/223fz/machineryListInfo/1" xmlns:ns5="http://zakupki.gov.ru/223fz/revenue/1" xmlns:ns6="http://zakupki.gov.ru/223fz/orderClauseList/1" xmlns:ns7="http://zakupki.gov.ru/223fz/disagreementProtocol/1" xmlns:ns8="http://zakupki.gov.ru/223fz/complaint/1" xmlns:ns9="http://zakupki.gov.ru/223fz/notificationIssue/1">
    <header>
        <guid>1c4bd276-422e-4a50-a9a7-f5ea35aa5e8a</guid>
        <createDateTime>2017-03-15T15:41:38</createDateTime>
    </header>
    <ns2:body>
        <ns2:item>
            <guid>b11f6dcf-0f13-4f81-8bf0-5372973ccc8a</guid>
            <ns2:purchaseNoticeEPData>
                <ns2:guid>b11f6dcf-0f13-4f81-8bf0-5372973ccc8a</ns2:guid>
                <ns2:createDateTime>2017-03-15T15:33:47</ns2:createDateTime>
                <ns2:urlOOS>https://zakupki.gov.ru/223/purchase/private/purchase/notice-info/details.html?noticeInfoId=5879715</ns2:urlOOS>
                <ns2:registrationNumber>31704892963</ns2:registrationNumber>
                <ns2:name>Поставка комплектов самоклеющегося покрытия пола из поливинилхлорида в количестве 25(двадцать пять) штук.</ns2:name>
                <ns2:customer>
                    <mainInfo>
                        <fullName>АКЦИОНЕРНОЕ ОБЩЕСТВО "ГРАЖДАНСКИЕ САМОЛЕТЫ СУХОГО"</fullName>
                        <shortName>АО "ГСС"</shortName>
                        <iko>77714175986771401001</iko>
                        <inn>7714175986</inn>
                        <kpp>771401001</kpp>
                        <ogrn>1027739155180</ogrn>
                        <legalAddress>125284, г МОСКВА, ул ПОЛИКАРПОВА, дом 23 Б, корпус 2</legalAddress>
                        <postalAddress>125284, Москва, Поликарпова, дом 23 Б, корпус 2</postalAddress>
                        <phone>7-495-7271988-2700</phone>
                        <email>info@scac.ru</email>
                        <okato>45277598000</okato>
                        <okpo>52786180</okpo>
                    </mainInfo>
                </ns2:customer>
                <ns2:purchaseMethodCode>3363</ns2:purchaseMethodCode>
                <ns2:purchaseCodeName>Закупка у единственного поставщика (исполнителя, подрядчика)</ns2:purchaseCodeName>
                <ns2:placer>
                    <mainInfo>
                        <fullName>АКЦИОНЕРНОЕ ОБЩЕСТВО "ГРАЖДАНСКИЕ САМОЛЕТЫ СУХОГО"</fullName>
                        <shortName>АО "ГСС"</shortName>
                        <iko>77714175986771401001</iko>
                        <inn>7714175986</inn>
                        <kpp>771401001</kpp>
                        <ogrn>1027739155180</ogrn>
                        <legalAddress>125284, г МОСКВА, ул ПОЛИКАРПОВА, дом 23 Б, корпус 2</legalAddress>
                        <postalAddress>125284, Москва, Поликарпова, дом 23 Б, корпус 2</postalAddress>
                        <phone>7-495-7271988-2700</phone>
                        <email>info@scac.ru</email>
                        <okato>45277598000</okato>
                        <okpo>52786180</okpo>
                    </mainInfo>
                </ns2:placer>
                <ns2:contact>
                    <phone>+7 (495) 7271988, доб.: 2688</phone>
                    <email>g_alekseev@scac.ru</email>
                    <organization>
                        <mainInfo>
                            <fullName>АКЦИОНЕРНОЕ ОБЩЕСТВО "ГРАЖДАНСКИЕ САМОЛЕТЫ СУХОГО"</fullName>
                            <shortName>АО "ГСС"</shortName>
                            <iko>77714175986771401001</iko>
                            <inn>7714175986</inn>
                            <kpp>771401001</kpp>
                            <ogrn>1027739155180</ogrn>
                            <legalAddress>125284, г МОСКВА, ул ПОЛИКАРПОВА, дом 23 Б, корпус 2</legalAddress>
                            <postalAddress>125284, Москва, Поликарпова, дом 23 Б, корпус 2</postalAddress>
                            <phone>7-495-7271988-2700</phone>
                            <email>info@scac.ru</email>
                            <okato>45277598000</okato>
                            <okpo>52786180</okpo>
                        </mainInfo>
                    </organization>
                </ns2:contact>
                <ns2:publicationDateTime>2017-03-15T15:41:38</ns2:publicationDateTime>
                <ns2:documentationDelivery/>
                <ns2:status>P</ns2:status>
                <ns2:version>1</ns2:version>
                <ns2:notDishonest>true</ns2:notDishonest>
                <ns2:attachments>
                    <totalDocumentsCount>1</totalDocumentsCount>
                    <document>
                        <guid>fcbb6be1-f32c-448b-a840-c8e85ed66dcc</guid>
                        <createDateTime>2017-03-15T15:39:05</createDateTime>
                        <fileName>294.pdf</fileName>
                        <description>294</description>
                        <url>http://zakupki.gov.ru/223/purchase/public/download/download.html?id=30079836</url>
                    </document>
                </ns2:attachments>
                <ns2:modificationDate>2017-03-15T15:41:38</ns2:modificationDate>
                <ns2:saveUserId>251795</ns2:saveUserId>
                <ns2:deliveryPlaceIndication>DIFFERENT_PLACE</ns2:deliveryPlaceIndication>
                <ns2:emergency>false</ns2:emergency>
                <ns2:jointPurchase>false</ns2:jointPurchase>
                <ns2:lots>
                    <lot>
                        <guid>751a59a6-8060-4cc3-a210-3925796d5491</guid>
                        <ordinalNumber>1</ordinalNumber>
                        <lotEditEnabled>false</lotEditEnabled>
                        <lotData>
                            <subject>Поставка комплектов самоклеющегося покрытия пола из поливинилхлорида в количестве 25(двадцать пять) штук.</subject>
                            <currency>
                                <code>EUR</code>
                                <digitalCode>978</digitalCode>
                                <name>Евро</name>
                            </currency>
                            <initialSum>84875.00</initialSum>
                            <deliveryPlace>
                                <state>Центральный федеральный округ</state>
                                <region>Москва</region>
                                <regionOkato>45000000000</regionOkato>
                                <address>Zone Industrielle Gouttevignole 69490 Pontcharra-sur-turdine France</address>
                            </deliveryPlace>
                            <lotItems>
                                <newCodes>true</newCodes>
                                <lotItem>
                                    <guid>d2b2dd20-9169-446f-85ac-e74fd567588c</guid>
                                    <ordinalNumber>1</ordinalNumber>
                                    <okpd2>
                                        <code>30.30.50</code>
                                        <name>Части летательных и космических аппаратов прочие</name>
                                    </okpd2>
                                    <okved2>
                                        <code>30.30</code>
                                        <name>Производство летательных аппаратов, включая космические, и соответствующего оборудования</name>
                                    </okved2>
                                </lotItem>
                            </lotItems>
                            <forSmallOrMiddle>false</forSmallOrMiddle>
                            <excludePurchaseFromPlan>false</excludePurchaseFromPlan>
                            <subcontractorsRequirement>false</subcontractorsRequirement>
                            <ignoredPurchase>true</ignoredPurchase>
                            <purchaseCategory>
                                <code>4</code>
                                <name>Закупки, которые осуществляются за пределами территории Российской Федерации и предметом которых является поставка товаров, выполнение (оказание) работ (услуг) за пределами территории Российской Федерации</name>
                            </purchaseCategory>
                            <centralized>false</centralized>
                        </lotData>
                        <deliveryPlaceIndication>GL</deliveryPlaceIndication>
                        <jointLotData>
                            <jointLot>false</jointLot>
                        </jointLotData>
                        <lotPlanInfo>
                            <planRegistrationNumber>2160210718</planRegistrationNumber>
                            <planGuid>665ff6f1-9629-4a89-b3b1-f6ba40283bed</planGuid>
                            <positionNumber>294</positionNumber>
                            <lotPlanPosition>COMMODITY</lotPlanPosition>
                            <positionGuid>0757d23d-460b-4c6c-82dd-3e63bb337d74</positionGuid>
                        </lotPlanInfo>
                        <cancelled>false</cancelled>
                    </lot>
                </ns2:lots>
            </ns2:purchaseNoticeEPData>
        </ns2:item>
    </ns2:body>
</ns2:purchaseNoticeEP>
