<?xml version="1.0" encoding="UTF-8" standalone="yes"?>
<ns2:purchaseNoticeEP xsi:schemaLocation="http://zakupki.gov.ru/223/integration/schema/TFF-5.2 http://zakupki.gov.ru/223/integration/schema/TFF-5.2/purchase.xsd" xmlns="http://zakupki.gov.ru/223fz/types/1" xmlns:ns10="http://zakupki.gov.ru/223fz/purchasePlan/1" xmlns:ns11="http://zakupki.gov.ru/223fz/purchasePlanProject/1" xmlns:ns12="http://zakupki.gov.ru/223fz/purchasePlanProjectAdditionalPosition/1" xmlns:ns13="http://zakupki.gov.ru/223fz/contract/1" xmlns:ns14="http://zakupki.gov.ru/223fz/missedNotice/1" xmlns:ns15="http://zakupki.gov.ru/223fz/reference/1" xmlns:ns16="http://zakupki.gov.ru/223fz/stopCommodity/1" xmlns:ns17="http://zakupki.gov.ru/223fz/decisionSuspension/1" xmlns:ns18="http://zakupki.gov.ru/223fz/purchasePlanAdditionalPosition/1" xmlns:ns19="http://zakupki.gov.ru/223fz/webRequest/1" xmlns:ns2="http://zakupki.gov.ru/223fz/purchase/1" xmlns:xsi="http://www.w3.org/2001/XMLSchema-instance" xmlns:ns3="http://zakupki.gov.ru/223fz/dishonestSupplier/1" xmlns:ns4="http://zakupki.gov.ru/223fz/machineryListInfo/1" xmlns:ns5="http://zakupki.gov.ru/223fz/revenue/1" xmlns:ns6="http://zakupki.gov.ru/223fz/orderClauseList/1" xmlns:ns7="http://zakupki.gov.ru/223fz/disagreementProtocol/1" xmlns:ns8="http://zakupki.gov.ru/223fz/complaint/1" xmlns:ns9="http://zakupki.gov.ru/223fz/notificationIssue/1">
    <header>
        <guid>1686a814-8652-4ffa-ba18-248aa113b49f</guid>
        <createDateTime>2017-03-15T16:20:17</createDateTime>
    </header>
    <ns2:body>
        <ns2:item>
            <guid>8b232948-df25-468f-8652-112223c646b5</guid>
            <ns2:purchaseNoticeEPData>
                <ns2:guid>8b232948-df25-468f-8652-112223c646b5</ns2:guid>
                <ns2:createDateTime>2017-03-15T16:17:03</ns2:createDateTime>
                <ns2:urlOOS>https://zakupki.gov.ru/223/purchase/private/purchase/notice-info/details.html?noticeInfoId=5880242</ns2:urlOOS>
                <ns2:registrationNumber>31704893370</ns2:registrationNumber>
                <ns2:name>Оказание преподавательских услуг по «Английскому языку» на 1 и 2 курсе факультета политологии</ns2:name>
                <ns2:customer>
                    <mainInfo>
                        <fullName>ФЕДЕРАЛЬНОЕ ГОСУДАРСТВЕННОЕ АВТОНОМНОЕ ОБРАЗОВАТЕЛЬНОЕ УЧРЕЖДЕНИЕ ВЫСШЕГО ОБРАЗОВАНИЯ "МОСКОВСКИЙ ГОСУДАРСТВЕННЫЙ ИНСТИТУТ МЕЖДУНАРОДНЫХ ОТНОШЕНИЙ (УНИВЕРСИТЕТ) МИНИСТЕРСТВА ИНОСТРАННЫХ ДЕЛ РОССИЙСКОЙ ФЕДЕРАЦИИ"</fullName>
                        <shortName>МГИМО МИД РОССИИ</shortName>
                        <iko>87729134728772901001</iko>
                        <inn>7729134728</inn>
                        <kpp>772901001</kpp>
                        <ogrn>1037739194217</ogrn>
                        <legalAddress>119454, г МОСКВА, пр-кт ВЕРНАДСКОГО, дом 76</legalAddress>
                        <postalAddress>119454, г. Москва, проспект Вернадского, 76 </postalAddress>
                        <phone>7-495-4342492</phone>
                        <email>Korunov@mgimo.ru</email>
                        <okato>45268581000</okato>
                        <okpo>04815041</okpo>
                    </mainInfo>
                </ns2:customer>
                <ns2:purchaseMethodCode>3363</ns2:purchaseMethodCode>
                <ns2:purchaseCodeName>Закупка у единственного поставщика (исполнителя, подрядчика)</ns2:purchaseCodeName>
                <ns2:placer>
                    <mainInfo>
                        <fullName>ФЕДЕРАЛЬНОЕ ГОСУДАРСТВЕННОЕ АВТОНОМНОЕ ОБРАЗОВАТЕЛЬНОЕ УЧРЕЖДЕНИЕ ВЫСШЕГО ОБРАЗОВАНИЯ "МОСКОВСКИЙ ГОСУДАРСТВЕННЫЙ ИНСТИТУТ МЕЖДУНАРОДНЫХ ОТНОШЕНИЙ (УНИВЕРСИТЕТ) МИНИСТЕРСТВА ИНОСТРАННЫХ ДЕЛ РОССИЙСКОЙ ФЕДЕРАЦИИ"</fullName>
                        <shortName>МГИМО МИД РОССИИ</shortName>
                        <iko>87729134728772901001</iko>
                        <inn>7729134728</inn>
                        <kpp>772901001</kpp>
                        <ogrn>1037739194217</ogrn>
                        <legalAddress>119454, г МОСКВА, пр-кт ВЕРНАДСКОГО, дом 76</legalAddress>
                        <postalAddress>119454, г. Москва, проспект Вернадского, 76 </postalAddress>
                        <phone>7-495-4342492</phone>
                        <email>Korunov@mgimo.ru</email>
                        <okato>45268581000</okato>
                        <okpo>04815041</okpo>
                    </mainInfo>
                </ns2:placer>
                <ns2:contact>
                    <firstName>Константин </firstName>
                    <middleName>Александрович </middleName>
                    <lastName>Корунов </lastName>
                    <phone>+7 (495) 2295454</phone>
                    <email>Korunov@mgimo.ru</email>
                    <organization>
                        <mainInfo>
                            <fullName>ФЕДЕРАЛЬНОЕ ГОСУДАРСТВЕННОЕ АВТОНОМНОЕ ОБРАЗОВАТЕЛЬНОЕ УЧРЕЖДЕНИЕ ВЫСШЕГО ОБРАЗОВАНИЯ "МОСКОВСКИЙ ГОСУДАРСТВЕННЫЙ ИНСТИТУТ МЕЖДУНАРОДНЫХ ОТНОШЕНИЙ (УНИВЕРСИТЕТ) МИНИСТЕРСТВА ИНОСТРАННЫХ ДЕЛ РОССИЙСКОЙ ФЕДЕРАЦИИ"</fullName>
                            <shortName>МГИМО МИД РОССИИ</shortName>
                            <iko>87729134728772901001</iko>
                            <inn>7729134728</inn>
                            <kpp>772901001</kpp>
                            <ogrn>1037739194217</ogrn>
                            <legalAddress>119454, г МОСКВА, пр-кт ВЕРНАДСКОГО, дом 76</legalAddress>
                            <postalAddress>119454, г. Москва, проспект Вернадского, 76 </postalAddress>
                            <phone>7-495-4342492</phone>
                            <email>Korunov@mgimo.ru</email>
                            <okato>45268581000</okato>
                            <okpo>04815041</okpo>
                        </mainInfo>
                    </organization>
                </ns2:contact>
                <ns2:publicationDateTime>2017-03-15T16:20:17</ns2:publicationDateTime>
                <ns2:documentationDelivery/>
                <ns2:status>P</ns2:status>
                <ns2:version>1</ns2:version>
                <ns2:notDishonest>false</ns2:notDishonest>
                <ns2:attachments>
                    <totalDocumentsCount>3</totalDocumentsCount>
                    <document>
                        <guid>b39c11f7-1bb7-4d8f-ac39-5ca6ffece6e1</guid>
                        <createDateTime>2017-03-15T16:19:11</createDateTime>
                        <fileName>Извещение.docx</fileName>
                        <description>Извещение</description>
                        <url>http://zakupki.gov.ru/223/purchase/public/download/download.html?id=30081974</url>
                    </document>
                    <document>
                        <guid>526416ff-9624-4d76-86b9-804a25ba83a4</guid>
                        <createDateTime>2017-03-15T16:18:49</createDateTime>
                        <fileName>Договор.docx</fileName>
                        <description>Договор</description>
                        <url>http://zakupki.gov.ru/223/purchase/public/download/download.html?id=30081959</url>
                    </document>
                    <document>
                        <guid>42627f42-b32b-4d89-aadf-4c5ccd7d4104</guid>
                        <createDateTime>2017-03-15T16:19:00</createDateTime>
                        <fileName>Документация о закупке.docx</fileName>
                        <description>Документация о закупке</description>
                        <url>http://zakupki.gov.ru/223/purchase/public/download/download.html?id=30081967</url>
                    </document>
                </ns2:attachments>
                <ns2:modificationDate>2017-03-15T16:20:17</ns2:modificationDate>
                <ns2:saveUserId>215839</ns2:saveUserId>
                <ns2:deliveryPlaceIndication>DIFFERENT_PLACE</ns2:deliveryPlaceIndication>
                <ns2:emergency>false</ns2:emergency>
                <ns2:jointPurchase>false</ns2:jointPurchase>
                <ns2:lots>
                    <lot>
                        <guid>0f0e008e-ea68-4d99-aa03-418b557ca9e7</guid>
                        <ordinalNumber>1</ordinalNumber>
                        <lotEditEnabled>false</lotEditEnabled>
                        <lotData>
                            <subject>Оказание преподавательских услуг по «Английскому языку» на 1 и 2 курсе факультета политологии
</subject>
                            <currency>
                                <code>RUB</code>
                                <digitalCode>643</digitalCode>
                                <name>Российский рубль</name>
                            </currency>
                            <initialSum>229020.00</initialSum>
                            <deliveryPlace>
                                <state>Центральный федеральный округ</state>
                                <region>Москва</region>
                                <regionOkato>45000000000</regionOkato>
                                <address>119454, Россия, г. Москва, пр-т Вернадского, д. 76</address>
                            </deliveryPlace>
                            <lotItems>
                                <newCodes>true</newCodes>
                                <lotItem>
                                    <guid>c980a55a-2f17-4b68-97fe-a43712b7302f</guid>
                                    <ordinalNumber>1</ordinalNumber>
                                    <okpd2>
                                        <code>85.22.12.000</code>
                                        <name>Услуги в области высшего образования прочие - бакалавриат</name>
                                    </okpd2>
                                    <okved2>
                                        <code>85.22.1</code>
                                        <name>Образование высшее - бакалавриат</name>
                                    </okved2>
                                    <okei>
                                        <code>356</code>
                                        <name>Час</name>
                                    </okei>
                                    <qty>450</qty>
                                </lotItem>
                            </lotItems>
                            <forSmallOrMiddle>false</forSmallOrMiddle>
                            <excludePurchaseFromPlan>false</excludePurchaseFromPlan>
                            <subcontractorsRequirement>false</subcontractorsRequirement>
                            <ignoredPurchase>false</ignoredPurchase>
                            <centralized>false</centralized>
                        </lotData>
                        <deliveryPlaceIndication>GL</deliveryPlaceIndication>
                        <jointLotData>
                            <jointLot>false</jointLot>
                        </jointLotData>
                        <lotPlanInfo>
                            <planRegistrationNumber>2160193211</planRegistrationNumber>
                            <planGuid>0f4f2ff4-ba39-4512-8465-6b7c8e54073b</planGuid>
                            <positionNumber>376</positionNumber>
                            <lotPlanPosition>COMMODITY</lotPlanPosition>
                            <positionGuid>25e1d71d-6945-47a5-b6b8-b66872aad71b</positionGuid>
                        </lotPlanInfo>
                        <cancelled>false</cancelled>
                    </lot>
                </ns2:lots>
            </ns2:purchaseNoticeEPData>
        </ns2:item>
    </ns2:body>
</ns2:purchaseNoticeEP>
