<?xml version="1.0" encoding="UTF-8" standalone="yes"?>
<ns2:purchaseNoticeEP xsi:schemaLocation="http://zakupki.gov.ru/223/integration/schema/TFF-5.2 http://zakupki.gov.ru/223/integration/schema/TFF-5.2/purchase.xsd" xmlns="http://zakupki.gov.ru/223fz/types/1" xmlns:ns10="http://zakupki.gov.ru/223fz/purchasePlan/1" xmlns:ns11="http://zakupki.gov.ru/223fz/purchasePlanProject/1" xmlns:ns12="http://zakupki.gov.ru/223fz/purchasePlanProjectAdditionalPosition/1" xmlns:ns13="http://zakupki.gov.ru/223fz/contract/1" xmlns:ns14="http://zakupki.gov.ru/223fz/missedNotice/1" xmlns:ns15="http://zakupki.gov.ru/223fz/reference/1" xmlns:ns16="http://zakupki.gov.ru/223fz/stopCommodity/1" xmlns:ns17="http://zakupki.gov.ru/223fz/decisionSuspension/1" xmlns:ns18="http://zakupki.gov.ru/223fz/purchasePlanAdditionalPosition/1" xmlns:ns19="http://zakupki.gov.ru/223fz/webRequest/1" xmlns:ns2="http://zakupki.gov.ru/223fz/purchase/1" xmlns:xsi="http://www.w3.org/2001/XMLSchema-instance" xmlns:ns3="http://zakupki.gov.ru/223fz/dishonestSupplier/1" xmlns:ns4="http://zakupki.gov.ru/223fz/machineryListInfo/1" xmlns:ns5="http://zakupki.gov.ru/223fz/revenue/1" xmlns:ns6="http://zakupki.gov.ru/223fz/orderClauseList/1" xmlns:ns7="http://zakupki.gov.ru/223fz/disagreementProtocol/1" xmlns:ns8="http://zakupki.gov.ru/223fz/complaint/1" xmlns:ns9="http://zakupki.gov.ru/223fz/notificationIssue/1">
    <header>
        <guid>86564c04-c9c7-4fcb-ae78-3afe72d2ef53</guid>
        <createDateTime>2017-03-15T17:11:25</createDateTime>
    </header>
    <ns2:body>
        <ns2:item>
            <guid>58c890dd-ff2b-1e0d-e100-00000a388ca6</guid>
            <ns2:purchaseNoticeEPData>
                <ns2:guid>58c890dd-ff2b-1e0d-e100-00000a388ca6</ns2:guid>
                <ns2:createDateTime>2017-03-15T16:08:46</ns2:createDateTime>
                <ns2:urlOOS>https://zakupki.gov.ru/223/purchase/private/purchase/notice-info/details.html?noticeInfoId=5880156</ns2:urlOOS>
                <ns2:urlVSRZ>https://zakupki.gazprom.ru</ns2:urlVSRZ>
                <ns2:registrationNumber>31704893811</ns2:registrationNumber>
                <ns2:name>Выполнение СМР и ПНР на объекте: "Обустройство офисных помещений для размещения подразделений ОАО "Газпром" и дочерних обществ ОАО "Газпром" в г.Санкт-Петербурге по адресу: ул. Внуковская, дом 2, лит.А БЦ "Пулково Скай".</ns2:name>
                <ns2:customer>
                    <mainInfo>
                        <fullName>Общество с ограниченной ответственностью "Газпром телеком"</fullName>
                        <shortName>ООО "Газпром телеком"</shortName>
                        <iko>67728840569772801001</iko>
                        <inn>7728840569</inn>
                        <kpp>772801001</kpp>
                        <ogrn>1137746329962</ogrn>
                        <legalAddress>117630, Москва, Старокалужское, дом 62, корпус стр.2</legalAddress>
                        <postalAddress>117630, Москва, Старокалужское, дом 62, корпус стр.2</postalAddress>
                        <phone>7-495-4284040</phone>
                        <fax>7-495-4284020</fax>
                        <email>b.motenko@gazpromtelecom.ru</email>
                        <okato>45293578000</okato>
                        <okpo>42934136</okpo>
                    </mainInfo>
                </ns2:customer>
                <ns2:purchaseMethodCode>3363</ns2:purchaseMethodCode>
                <ns2:purchaseCodeName>Закупка у единственного поставщика (исполнителя, подрядчика)</ns2:purchaseCodeName>
                <ns2:placer>
                    <mainInfo>
                        <fullName>Общество с ограниченной ответственностью "Газпром телеком"</fullName>
                        <shortName>ООО "Газпром телеком"</shortName>
                        <iko>67728840569772801001</iko>
                        <inn>7728840569</inn>
                        <kpp>772801001</kpp>
                        <ogrn>1137746329962</ogrn>
                        <legalAddress>117630, Москва, Старокалужское, дом 62, корпус стр.2</legalAddress>
                        <postalAddress>117630, Москва, Старокалужское, дом 62, корпус стр.2</postalAddress>
                        <phone>7-495-4284040</phone>
                        <fax>7-495-4284020</fax>
                        <email>b.motenko@gazpromtelecom.ru</email>
                        <okato>45293578000</okato>
                        <okpo>42934136</okpo>
                    </mainInfo>
                </ns2:placer>
                <ns2:contact>
                    <phone>+7 (495) 4284040</phone>
                    <email>tender@gazpromtelecom.ru</email>
                    <organization>
                        <mainInfo>
                            <fullName>Общество с ограниченной ответственностью "Газпром телеком"</fullName>
                            <shortName>ООО "Газпром телеком"</shortName>
                            <iko>67728840569772801001</iko>
                            <inn>7728840569</inn>
                            <kpp>772801001</kpp>
                            <ogrn>1137746329962</ogrn>
                            <legalAddress>117630, Москва, Старокалужское, дом 62, корпус стр.2</legalAddress>
                            <postalAddress>117630, Москва, Старокалужское, дом 62, корпус стр.2</postalAddress>
                            <phone>7-495-4284040</phone>
                            <fax>7-495-4284020</fax>
                            <email>b.motenko@gazpromtelecom.ru</email>
                            <okato>45293578000</okato>
                            <okpo>42934136</okpo>
                        </mainInfo>
                    </organization>
                </ns2:contact>
                <ns2:publicationDateTime>2017-03-15T17:11:25</ns2:publicationDateTime>
                <ns2:documentationDelivery/>
                <ns2:status>P</ns2:status>
                <ns2:version>1</ns2:version>
                <ns2:notDishonest>false</ns2:notDishonest>
                <ns2:attachments>
                    <totalDocumentsCount>1</totalDocumentsCount>
                    <document>
                        <guid>58c9244d-1d99-42e8-e100-00000a388ca6</guid>
                        <createDateTime>2017-03-15T16:08:46</createDateTime>
                        <fileName>Форма 34-Извещение о проведении.doc</fileName>
                        <description>Форма 34-Извещение о проведении.doc</description>
                        <url>http://zakupki.gov.ru/223/purchase/public/download/download.html?id=30081480</url>
                    </document>
                </ns2:attachments>
                <ns2:modificationDate>2017-03-15T17:11:25</ns2:modificationDate>
                <ns2:saveUserId>182901</ns2:saveUserId>
                <ns2:deliveryPlaceIndication>DIFFERENT_PLACE</ns2:deliveryPlaceIndication>
                <ns2:emergency>false</ns2:emergency>
                <ns2:jointPurchase>false</ns2:jointPurchase>
                <ns2:lots>
                    <lot>
                        <guid>58c9fefd-1d99-42e8-e100-00000a388ca6</guid>
                        <ordinalNumber>1</ordinalNumber>
                        <lotEditEnabled>true</lotEditEnabled>
                        <lotData>
                            <subject>Выполнение СМР и ПНР на объекте: "Обустройство офисных помещений для размещения подразделений ОАО "Газпром" и дочерних обществ ОАО "Газпром" в г.Санкт-Петербурге по адресу: ул. Внуковская, дом 2, лит.А БЦ "Пулково Скай".</subject>
                            <currency>
                                <code>RUB</code>
                                <digitalCode>643</digitalCode>
                                <name>Российский рубль</name>
                            </currency>
                            <initialSum>159826324.58</initialSum>
                            <deliveryPlace>
                                <address>Согласно закупочной документации</address>
                            </deliveryPlace>
                            <lotItems>
                                <newCodes>true</newCodes>
                                <lotItem>
                                    <guid>58c9244c-1d99-42e8-e100-00000a388ca6</guid>
                                    <ordinalNumber>1</ordinalNumber>
                                    <okpd2>
                                        <code>43</code>
                                        <name>Работы строительные специализированные</name>
                                    </okpd2>
                                    <okved2>
                                        <code>43</code>
                                        <name>Работы строительные специализированные</name>
                                    </okved2>
                                    <okei>
                                        <code>876</code>
                                        <name>Условная единица</name>
                                    </okei>
                                    <qty>1</qty>
                                </lotItem>
                            </lotItems>
                            <forSmallOrMiddle>false</forSmallOrMiddle>
                            <excludePurchaseFromPlan>false</excludePurchaseFromPlan>
                            <subcontractorsRequirement>false</subcontractorsRequirement>
                            <ignoredPurchase>false</ignoredPurchase>
                            <centralized>false</centralized>
                        </lotData>
                        <deliveryPlaceIndication>GL</deliveryPlaceIndication>
                        <jointLotData>
                            <jointLot>false</jointLot>
                        </jointLotData>
                        <lotPlanInfo>
                            <planRegistrationNumber>2170224220</planRegistrationNumber>
                            <planGuid>58c8e65c-fd40-50ee-e100-00000a388ca5</planGuid>
                            <positionNumber>76</positionNumber>
                            <lotPlanPosition>COMMODITY</lotPlanPosition>
                            <positionGuid>58c23d37-8382-fa38-e100-00000a388ca6</positionGuid>
                        </lotPlanInfo>
                        <cancelled>false</cancelled>
                    </lot>
                </ns2:lots>
            </ns2:purchaseNoticeEPData>
        </ns2:item>
    </ns2:body>
</ns2:purchaseNoticeEP>
