<?xml version="1.0" encoding="UTF-8" standalone="yes"?>
<ns2:purchaseNoticeEP xsi:schemaLocation="http://zakupki.gov.ru/223/integration/schema/TFF-5.2 http://zakupki.gov.ru/223/integration/schema/TFF-5.2/purchase.xsd" xmlns="http://zakupki.gov.ru/223fz/types/1" xmlns:ns10="http://zakupki.gov.ru/223fz/purchasePlan/1" xmlns:ns11="http://zakupki.gov.ru/223fz/purchasePlanProject/1" xmlns:ns12="http://zakupki.gov.ru/223fz/purchasePlanProjectAdditionalPosition/1" xmlns:ns13="http://zakupki.gov.ru/223fz/contract/1" xmlns:ns14="http://zakupki.gov.ru/223fz/missedNotice/1" xmlns:ns15="http://zakupki.gov.ru/223fz/reference/1" xmlns:ns16="http://zakupki.gov.ru/223fz/stopCommodity/1" xmlns:ns17="http://zakupki.gov.ru/223fz/decisionSuspension/1" xmlns:ns18="http://zakupki.gov.ru/223fz/purchasePlanAdditionalPosition/1" xmlns:ns19="http://zakupki.gov.ru/223fz/webRequest/1" xmlns:ns2="http://zakupki.gov.ru/223fz/purchase/1" xmlns:xsi="http://www.w3.org/2001/XMLSchema-instance" xmlns:ns3="http://zakupki.gov.ru/223fz/dishonestSupplier/1" xmlns:ns4="http://zakupki.gov.ru/223fz/machineryListInfo/1" xmlns:ns5="http://zakupki.gov.ru/223fz/revenue/1" xmlns:ns6="http://zakupki.gov.ru/223fz/orderClauseList/1" xmlns:ns7="http://zakupki.gov.ru/223fz/disagreementProtocol/1" xmlns:ns8="http://zakupki.gov.ru/223fz/complaint/1" xmlns:ns9="http://zakupki.gov.ru/223fz/notificationIssue/1">
    <header>
        <guid>961ae991-303c-42ca-a12c-1ccb9331aac7</guid>
        <createDateTime>2017-03-15T12:44:12</createDateTime>
    </header>
    <ns2:body>
        <ns2:item>
            <guid>afb7b4c5-ef63-4ae4-8c72-4339c291b574</guid>
            <ns2:purchaseNoticeEPData>
                <ns2:guid>afb7b4c5-ef63-4ae4-8c72-4339c291b574</ns2:guid>
                <ns2:createDateTime>2017-03-14T17:08:53</ns2:createDateTime>
                <ns2:urlOOS>https://zakupki.gov.ru/223/purchase/private/purchase/notice-info/details.html?noticeInfoId=5873831</ns2:urlOOS>
                <ns2:registrationNumber>31704891245</ns2:registrationNumber>
                <ns2:name>услуги по поставке тепловой энергии и теплоносителя</ns2:name>
                <ns2:customer>
                    <mainInfo>
                        <fullName>ФЕДЕРАЛЬНОЕ ГОСУДАРСТВЕННОЕ АВТОНОМНОЕ УЧРЕЖДЕНИЕ  "НАЦИОНАЛЬНЫЙ НАУЧНО-ПРАКТИЧЕСКИЙ ЦЕНТР НЕЙРОХИРУРГИИ ИМЕНИ АКАДЕМИКА Н.Н. БУРДЕНКО" МИНИСТЕРСТВА ЗДРАВООХРАНЕНИЯ РОССИЙСКОЙ ФЕДЕРАЦИИ</fullName>
                        <shortName>ФГАУ "ННПЦН ИМ. АК. Н.Н. БУРДЕНКО" МИНЗДРАВА РОССИИ</shortName>
                        <iko>87710103758771001001</iko>
                        <inn>7710103758</inn>
                        <kpp>771001001</kpp>
                        <ogrn>1027739375080</ogrn>
                        <legalAddress>125047, Г МОСКВА, УЛ ТВЕРСКАЯ-ЯМСКАЯ 4-Я, дом 16</legalAddress>
                        <postalAddress>125047, г. Москва, 4-я Тверская - Ямская улица, дом 16</postalAddress>
                        <phone>7-499-9728660</phone>
                        <fax>7-499-9728660</fax>
                        <email>zakupki@nsi.ru</email>
                        <okato>45286585000</okato>
                        <okpo>01897274</okpo>
                    </mainInfo>
                </ns2:customer>
                <ns2:purchaseMethodCode>3363</ns2:purchaseMethodCode>
                <ns2:purchaseCodeName>Закупка у единственного поставщика (исполнителя, подрядчика)</ns2:purchaseCodeName>
                <ns2:placer>
                    <mainInfo>
                        <fullName>ФЕДЕРАЛЬНОЕ ГОСУДАРСТВЕННОЕ АВТОНОМНОЕ УЧРЕЖДЕНИЕ  "НАЦИОНАЛЬНЫЙ НАУЧНО-ПРАКТИЧЕСКИЙ ЦЕНТР НЕЙРОХИРУРГИИ ИМЕНИ АКАДЕМИКА Н.Н. БУРДЕНКО" МИНИСТЕРСТВА ЗДРАВООХРАНЕНИЯ РОССИЙСКОЙ ФЕДЕРАЦИИ</fullName>
                        <shortName>ФГАУ "ННПЦН ИМ. АК. Н.Н. БУРДЕНКО" МИНЗДРАВА РОССИИ</shortName>
                        <iko>87710103758771001001</iko>
                        <inn>7710103758</inn>
                        <kpp>771001001</kpp>
                        <ogrn>1027739375080</ogrn>
                        <legalAddress>125047, Г МОСКВА, УЛ ТВЕРСКАЯ-ЯМСКАЯ 4-Я, дом 16</legalAddress>
                        <postalAddress>125047, г. Москва, 4-я Тверская - Ямская улица, дом 16</postalAddress>
                        <phone>7-499-9728660</phone>
                        <fax>7-499-9728660</fax>
                        <email>zakupki@nsi.ru</email>
                        <okato>45286585000</okato>
                        <okpo>01897274</okpo>
                    </mainInfo>
                </ns2:placer>
                <ns2:contact>
                    <firstName>Ольга</firstName>
                    <middleName>Минулловна</middleName>
                    <lastName>Голуб</lastName>
                    <phone>+7 (499) 9728511</phone>
                    <fax>+7 (499) 9728660</fax>
                    <email>zakupki@nsi.ru</email>
                    <organization>
                        <mainInfo>
                            <fullName>ФЕДЕРАЛЬНОЕ ГОСУДАРСТВЕННОЕ АВТОНОМНОЕ УЧРЕЖДЕНИЕ  "НАЦИОНАЛЬНЫЙ НАУЧНО-ПРАКТИЧЕСКИЙ ЦЕНТР НЕЙРОХИРУРГИИ ИМЕНИ АКАДЕМИКА Н.Н. БУРДЕНКО" МИНИСТЕРСТВА ЗДРАВООХРАНЕНИЯ РОССИЙСКОЙ ФЕДЕРАЦИИ</fullName>
                            <shortName>ФГАУ "ННПЦН ИМ. АК. Н.Н. БУРДЕНКО" МИНЗДРАВА РОССИИ</shortName>
                            <iko>87710103758771001001</iko>
                            <inn>7710103758</inn>
                            <kpp>771001001</kpp>
                            <ogrn>1027739375080</ogrn>
                            <legalAddress>125047, Г МОСКВА, УЛ ТВЕРСКАЯ-ЯМСКАЯ 4-Я, дом 16</legalAddress>
                            <postalAddress>125047, г. Москва, 4-я Тверская - Ямская улица, дом 16</postalAddress>
                            <phone>7-499-9728660</phone>
                            <fax>7-499-9728660</fax>
                            <email>zakupki@nsi.ru</email>
                            <okato>45286585000</okato>
                            <okpo>01897274</okpo>
                        </mainInfo>
                    </organization>
                </ns2:contact>
                <ns2:publicationDateTime>2017-03-15T12:44:12</ns2:publicationDateTime>
                <ns2:documentationDelivery/>
                <ns2:status>P</ns2:status>
                <ns2:version>1</ns2:version>
                <ns2:notDishonest>true</ns2:notDishonest>
                <ns2:attachments>
                    <totalDocumentsCount>1</totalDocumentsCount>
                    <document>
                        <guid>abefe644-c63d-47a6-8d2c-dd3832717f2f</guid>
                        <createDateTime>2017-03-15T12:40:38</createDateTime>
                        <fileName>ГПД 01.085259кТЭ МОЭК.pdf</fileName>
                        <description>ГПД 01.085259кТЭ МОЭК</description>
                        <url>http://zakupki.gov.ru/223/purchase/public/download/download.html?id=30070123</url>
                    </document>
                </ns2:attachments>
                <ns2:modificationDate>2017-03-15T12:44:12</ns2:modificationDate>
                <ns2:saveUserId>118136</ns2:saveUserId>
                <ns2:deliveryPlaceIndication>SINGLE_PLACE</ns2:deliveryPlaceIndication>
                <ns2:emergency>false</ns2:emergency>
                <ns2:jointPurchase>false</ns2:jointPurchase>
                <ns2:lots>
                    <lot>
                        <guid>0f365cbe-c71a-4e98-84b2-8761e2c77cb7</guid>
                        <ordinalNumber>1</ordinalNumber>
                        <lotEditEnabled>false</lotEditEnabled>
                        <lotData>
                            <subject>услуги по поставке тепловой энергии и теплоносителя</subject>
                            <currency>
                                <code>RUB</code>
                                <digitalCode>643</digitalCode>
                                <name>Российский рубль</name>
                            </currency>
                            <initialSum>10219191.58</initialSum>
                            <deliveryPlace>
                                <state>Центральный федеральный округ</state>
                                <region>Москва</region>
                                <regionOkato>45000000000</regionOkato>
                                <address>125047, г.Москва, ул.4-я Тверская-Ямская, д.16</address>
                            </deliveryPlace>
                            <lotItems>
                                <newCodes>true</newCodes>
                                <lotItem>
                                    <guid>2b42ecae-8599-466a-a524-a70247cf1214</guid>
                                    <ordinalNumber>1</ordinalNumber>
                                    <okpd2>
                                        <code>40.30.10.151</code>
                                        <name>Услуги по передаче пара и горячей воды (тепловой энергии) по коммунальным тепловым сетям</name>
                                    </okpd2>
                                    <okved2>
                                        <code>35.30.2</code>
                                        <name>Передача пара и горячей воды (тепловой энергии)</name>
                                    </okved2>
                                    <okei>
                                        <code>876</code>
                                        <name>Условная единица</name>
                                    </okei>
                                    <qty>1</qty>
                                </lotItem>
                            </lotItems>
                            <forSmallOrMiddle>false</forSmallOrMiddle>
                            <excludePurchaseFromPlan>false</excludePurchaseFromPlan>
                            <subcontractorsRequirement>false</subcontractorsRequirement>
                            <ignoredPurchase>false</ignoredPurchase>
                            <centralized>false</centralized>
                        </lotData>
                        <deliveryPlaceIndication>GL</deliveryPlaceIndication>
                        <jointLotData>
                            <jointLot>false</jointLot>
                        </jointLotData>
                        <lotPlanInfo>
                            <planRegistrationNumber>2170227645</planRegistrationNumber>
                            <planGuid>cff332aa-d7b4-4358-95f2-53f1becaa080</planGuid>
                            <positionNumber>28</positionNumber>
                            <lotPlanPosition>COMMODITY</lotPlanPosition>
                            <positionGuid>e1fbc16a-bda0-4e36-bf8a-290728fc69d3</positionGuid>
                        </lotPlanInfo>
                        <cancelled>false</cancelled>
                    </lot>
                </ns2:lots>
            </ns2:purchaseNoticeEPData>
        </ns2:item>
    </ns2:body>
</ns2:purchaseNoticeEP>
