<?xml version="1.0" encoding="UTF-8" standalone="yes"?>
<ns2:purchaseNoticeEP xsi:schemaLocation="http://zakupki.gov.ru/223/integration/schema/TFF-5.2 http://zakupki.gov.ru/223/integration/schema/TFF-5.2/purchase.xsd" xmlns="http://zakupki.gov.ru/223fz/types/1" xmlns:ns10="http://zakupki.gov.ru/223fz/purchasePlan/1" xmlns:ns11="http://zakupki.gov.ru/223fz/purchasePlanProject/1" xmlns:ns12="http://zakupki.gov.ru/223fz/purchasePlanProjectAdditionalPosition/1" xmlns:ns13="http://zakupki.gov.ru/223fz/contract/1" xmlns:ns14="http://zakupki.gov.ru/223fz/missedNotice/1" xmlns:ns15="http://zakupki.gov.ru/223fz/reference/1" xmlns:ns16="http://zakupki.gov.ru/223fz/stopCommodity/1" xmlns:ns17="http://zakupki.gov.ru/223fz/decisionSuspension/1" xmlns:ns18="http://zakupki.gov.ru/223fz/purchasePlanAdditionalPosition/1" xmlns:ns19="http://zakupki.gov.ru/223fz/webRequest/1" xmlns:ns2="http://zakupki.gov.ru/223fz/purchase/1" xmlns:xsi="http://www.w3.org/2001/XMLSchema-instance" xmlns:ns3="http://zakupki.gov.ru/223fz/dishonestSupplier/1" xmlns:ns4="http://zakupki.gov.ru/223fz/machineryListInfo/1" xmlns:ns5="http://zakupki.gov.ru/223fz/revenue/1" xmlns:ns6="http://zakupki.gov.ru/223fz/orderClauseList/1" xmlns:ns7="http://zakupki.gov.ru/223fz/disagreementProtocol/1" xmlns:ns8="http://zakupki.gov.ru/223fz/complaint/1" xmlns:ns9="http://zakupki.gov.ru/223fz/notificationIssue/1">
    <header>
        <guid>af1edd52-cbe4-44e6-837a-74c80da845c5</guid>
        <createDateTime>2017-03-15T12:22:02</createDateTime>
    </header>
    <ns2:body>
        <ns2:item>
            <guid>56e91b1a-23e6-4fdc-bc52-753b2bcfb4ae</guid>
            <ns2:purchaseNoticeEPData>
                <ns2:guid>56e91b1a-23e6-4fdc-bc52-753b2bcfb4ae</ns2:guid>
                <ns2:createDateTime>2017-03-15T12:12:17</ns2:createDateTime>
                <ns2:urlOOS>https://zakupki.gov.ru/223/purchase/private/purchase/notice-info/details.html?noticeInfoId=5877456</ns2:urlOOS>
                <ns2:registrationNumber>31704891085</ns2:registrationNumber>
                <ns2:name>заключения договора на закупку консультационных услуг</ns2:name>
                <ns2:customer>
                    <mainInfo>
                        <fullName>ЗАКРЫТОЕ АКЦИОНЕРНОЕ ОБЩЕСТВО "СТРАТЕДЖИ ПАРТНЕРС ГРУПП"</fullName>
                        <shortName>ЗАО "СПГ"</shortName>
                        <iko>67736612855770501001</iko>
                        <inn>7736612855</inn>
                        <kpp>770501001</kpp>
                        <ogrn>1107746025980</ogrn>
                        <legalAddress>115054, Г МОСКВА, НАБ КОСМОДАМИАНСКАЯ, дом ДОМ 52, корпус СТРОЕНИЕ 2</legalAddress>
                        <postalAddress>115054, г. Москва, Космодамианская наб., дом 52, стр.2</postalAddress>
                        <phone>7-495-6443828</phone>
                        <fax>7-495-6443827</fax>
                        <email>voroshirina@strategy.ru</email>
                        <okato>45286560000</okato>
                        <okpo>64562971</okpo>
                    </mainInfo>
                </ns2:customer>
                <ns2:purchaseMethodCode>3363</ns2:purchaseMethodCode>
                <ns2:purchaseCodeName>Закупка у единственного поставщика (исполнителя, подрядчика)</ns2:purchaseCodeName>
                <ns2:placer>
                    <mainInfo>
                        <fullName>ЗАКРЫТОЕ АКЦИОНЕРНОЕ ОБЩЕСТВО "СТРАТЕДЖИ ПАРТНЕРС ГРУПП"</fullName>
                        <shortName>ЗАО "СПГ"</shortName>
                        <iko>67736612855770501001</iko>
                        <inn>7736612855</inn>
                        <kpp>770501001</kpp>
                        <ogrn>1107746025980</ogrn>
                        <legalAddress>115054, Г МОСКВА, НАБ КОСМОДАМИАНСКАЯ, дом ДОМ 52, корпус СТРОЕНИЕ 2</legalAddress>
                        <postalAddress>115054, г. Москва, Космодамианская наб., дом 52, стр.2</postalAddress>
                        <phone>7-495-6443828</phone>
                        <fax>7-495-6443827</fax>
                        <email>voroshirina@strategy.ru</email>
                        <okato>45286560000</okato>
                        <okpo>64562971</okpo>
                    </mainInfo>
                </ns2:placer>
                <ns2:contact>
                    <phone>+8 (495) 7307747, доб.: 232</phone>
                    <email>voroshirina@strategy.ru</email>
                    <organization>
                        <mainInfo>
                            <fullName>ЗАКРЫТОЕ АКЦИОНЕРНОЕ ОБЩЕСТВО "СТРАТЕДЖИ ПАРТНЕРС ГРУПП"</fullName>
                            <shortName>ЗАО "СПГ"</shortName>
                            <iko>67736612855770501001</iko>
                            <inn>7736612855</inn>
                            <kpp>770501001</kpp>
                            <ogrn>1107746025980</ogrn>
                            <legalAddress>115054, Г МОСКВА, НАБ КОСМОДАМИАНСКАЯ, дом ДОМ 52, корпус СТРОЕНИЕ 2</legalAddress>
                            <postalAddress>115054, г. Москва, Космодамианская наб., дом 52, стр.2</postalAddress>
                            <phone>7-495-6443828</phone>
                            <fax>7-495-6443827</fax>
                            <email>voroshirina@strategy.ru</email>
                            <okato>45286560000</okato>
                            <okpo>64562971</okpo>
                        </mainInfo>
                    </organization>
                </ns2:contact>
                <ns2:publicationDateTime>2017-03-15T12:22:02</ns2:publicationDateTime>
                <ns2:documentationDelivery/>
                <ns2:status>P</ns2:status>
                <ns2:version>1</ns2:version>
                <ns2:notDishonest>false</ns2:notDishonest>
                <ns2:attachments>
                    <totalDocumentsCount>3</totalDocumentsCount>
                    <document>
                        <guid>ff1e7c76-a2fd-455f-94a0-e1f4e0287d4b</guid>
                        <createDateTime>2017-03-15T12:21:37</createDateTime>
                        <fileName>Документация.docx</fileName>
                        <description>Документация</description>
                        <url>http://zakupki.gov.ru/223/purchase/public/download/download.html?id=30069450</url>
                    </document>
                    <document>
                        <guid>a422c672-f4f0-4cd9-b345-51b9c42685ee</guid>
                        <createDateTime>2017-03-15T12:21:27</createDateTime>
                        <fileName>Извещение.docx</fileName>
                        <description>Извещение</description>
                        <url>http://zakupki.gov.ru/223/purchase/public/download/download.html?id=30069436</url>
                    </document>
                    <document>
                        <guid>6106689b-6644-4405-b688-204f43709235</guid>
                        <createDateTime>2017-03-15T12:21:41</createDateTime>
                        <fileName>2017-03-07 Atheneum 2017_rus.doc</fileName>
                        <description>2017-03-07 Atheneum 2017_rus</description>
                        <url>http://zakupki.gov.ru/223/purchase/public/download/download.html?id=30069453</url>
                    </document>
                </ns2:attachments>
                <ns2:modificationDate>2017-03-15T12:22:02</ns2:modificationDate>
                <ns2:saveUserId>143389</ns2:saveUserId>
                <ns2:deliveryPlaceIndication>DIFFERENT_PLACE</ns2:deliveryPlaceIndication>
                <ns2:emergency>false</ns2:emergency>
                <ns2:jointPurchase>false</ns2:jointPurchase>
                <ns2:lots>
                    <lot>
                        <guid>b13a6495-14ae-426e-bb02-4da16b3075f1</guid>
                        <ordinalNumber>1</ordinalNumber>
                        <lotEditEnabled>false</lotEditEnabled>
                        <lotData>
                            <subject>использование информационных баз данных</subject>
                            <currency>
                                <code>RUB</code>
                                <digitalCode>643</digitalCode>
                                <name>Российский рубль</name>
                            </currency>
                            <initialSum>2450000.00</initialSum>
                            <deliveryPlace>
                                <state>Центральный федеральный округ</state>
                                <region>Москва</region>
                                <regionOkato>45000000000</regionOkato>
                                <address>г.Москва, Космодамианская наб., д.52, стр.2</address>
                            </deliveryPlace>
                            <lotItems>
                                <newCodes>true</newCodes>
                                <lotItem>
                                    <guid>8a8805ff-62d4-4e6d-a348-0c2208efd8a9</guid>
                                    <ordinalNumber>1</ordinalNumber>
                                    <okpd2>
                                        <code>26.20.14</code>
                                        <name>Машины вычислительные электронные цифровые, поставляемые в виде систем для автоматической обработки данных</name>
                                    </okpd2>
                                    <okved2>
                                        <code>63.11.1</code>
                                        <name>Деятельность по созданию и использованию баз данных и информационных ресурсов</name>
                                    </okved2>
                                    <okei>
                                        <code>839</code>
                                        <name>Комплект</name>
                                    </okei>
                                    <qty>1</qty>
                                </lotItem>
                            </lotItems>
                            <forSmallOrMiddle>false</forSmallOrMiddle>
                            <excludePurchaseFromPlan>false</excludePurchaseFromPlan>
                            <subcontractorsRequirement>false</subcontractorsRequirement>
                            <ignoredPurchase>false</ignoredPurchase>
                            <centralized>false</centralized>
                        </lotData>
                        <deliveryPlaceIndication>GL</deliveryPlaceIndication>
                        <jointLotData>
                            <jointLot>false</jointLot>
                        </jointLotData>
                        <lotPlanInfo>
                            <planRegistrationNumber>2160209360</planRegistrationNumber>
                            <planGuid>d17a9e0a-e21d-4130-876f-bc8d995ed77b</planGuid>
                            <positionNumber>12</positionNumber>
                            <lotPlanPosition>COMMODITY</lotPlanPosition>
                            <positionGuid>d90aea4b-afc7-4959-9d3e-d0833956c21a</positionGuid>
                        </lotPlanInfo>
                        <cancelled>false</cancelled>
                    </lot>
                </ns2:lots>
            </ns2:purchaseNoticeEPData>
        </ns2:item>
    </ns2:body>
</ns2:purchaseNoticeEP>
