<?xml version="1.0" encoding="UTF-8" standalone="yes"?>
<ns2:purchaseNoticeEP xsi:schemaLocation="http://zakupki.gov.ru/223/integration/schema/TFF-5.2 http://zakupki.gov.ru/223/integration/schema/TFF-5.2/purchase.xsd" xmlns="http://zakupki.gov.ru/223fz/types/1" xmlns:ns10="http://zakupki.gov.ru/223fz/purchasePlan/1" xmlns:ns11="http://zakupki.gov.ru/223fz/purchasePlanProject/1" xmlns:ns12="http://zakupki.gov.ru/223fz/purchasePlanProjectAdditionalPosition/1" xmlns:ns13="http://zakupki.gov.ru/223fz/contract/1" xmlns:ns14="http://zakupki.gov.ru/223fz/missedNotice/1" xmlns:ns15="http://zakupki.gov.ru/223fz/reference/1" xmlns:ns16="http://zakupki.gov.ru/223fz/stopCommodity/1" xmlns:ns17="http://zakupki.gov.ru/223fz/decisionSuspension/1" xmlns:ns18="http://zakupki.gov.ru/223fz/purchasePlanAdditionalPosition/1" xmlns:ns19="http://zakupki.gov.ru/223fz/webRequest/1" xmlns:ns2="http://zakupki.gov.ru/223fz/purchase/1" xmlns:xsi="http://www.w3.org/2001/XMLSchema-instance" xmlns:ns3="http://zakupki.gov.ru/223fz/dishonestSupplier/1" xmlns:ns4="http://zakupki.gov.ru/223fz/machineryListInfo/1" xmlns:ns5="http://zakupki.gov.ru/223fz/revenue/1" xmlns:ns6="http://zakupki.gov.ru/223fz/orderClauseList/1" xmlns:ns7="http://zakupki.gov.ru/223fz/disagreementProtocol/1" xmlns:ns8="http://zakupki.gov.ru/223fz/complaint/1" xmlns:ns9="http://zakupki.gov.ru/223fz/notificationIssue/1">
    <header>
        <guid>15bfc8d5-1b32-4899-b662-8471275e51f6</guid>
        <createDateTime>2017-03-15T16:38:37</createDateTime>
    </header>
    <ns2:body>
        <ns2:item>
            <guid>2220fc00-0d0b-1ee7-82b0-661a00d8979e</guid>
            <ns2:purchaseNoticeEPData>
                <ns2:guid>2220fc00-0d0b-1ee7-82b0-661a00d8979e</ns2:guid>
                <ns2:createDateTime>2017-03-15T16:27:57</ns2:createDateTime>
                <ns2:urlOOS>https://zakupki.gov.ru/223/purchase/private/purchase/notice-info/details.html?noticeInfoId=5880354</ns2:urlOOS>
                <ns2:urlVSRZ>ЕОС-Закупки</ns2:urlVSRZ>
                <ns2:registrationNumber>31704871984</ns2:registrationNumber>
                <ns2:name>Оказание информационно-консультационных услуг по организации и  проведению 8-го отраслевого семинара-совещания «Цели и задачи деятельности по управлению качеством в Госкорпорации «Росатом» (стратегическая сессия)»</ns2:name>
                <ns2:customer>
                    <mainInfo>
                        <fullName>Государственная корпорация по атомной энергии "Росатом"</fullName>
                        <shortName>Госкорпорация "Росатом"</shortName>
                        <iko>57706413348770601001</iko>
                        <inn>7706413348</inn>
                        <kpp>770601001</kpp>
                        <ogrn>1077799032926</ogrn>
                        <legalAddress>119017, г Москва, ул Ордынка Б., дом 24</legalAddress>
                        <postalAddress>Российская Федерация, 119017, Москва, ул. Б.Ордынка, д. 24..</postalAddress>
                        <phone>7-499-9494473</phone>
                        <email>onlysenko@rosatom.ru</email>
                        <okato>45286596000</okato>
                        <okpo>84695609</okpo>
                    </mainInfo>
                </ns2:customer>
                <ns2:purchaseMethodCode>3363</ns2:purchaseMethodCode>
                <ns2:purchaseCodeName>Закупка у единственного поставщика (исполнителя, подрядчика)</ns2:purchaseCodeName>
                <ns2:placer>
                    <mainInfo>
                        <fullName>Государственная корпорация по атомной энергии "Росатом"</fullName>
                        <shortName>Госкорпорация "Росатом"</shortName>
                        <iko>57706413348770601001</iko>
                        <inn>7706413348</inn>
                        <kpp>770601001</kpp>
                        <ogrn>1077799032926</ogrn>
                        <legalAddress>119017, г Москва, ул Ордынка Б., дом 24</legalAddress>
                        <postalAddress>Российская Федерация, 119017, Москва, ул. Б.Ордынка, д. 24..</postalAddress>
                        <phone>7-499-9494473</phone>
                        <email>onlysenko@rosatom.ru</email>
                        <okato>45286596000</okato>
                        <okpo>84695609</okpo>
                    </mainInfo>
                </ns2:placer>
                <ns2:contact>
                    <firstName>Сергей</firstName>
                    <middleName>Васильевич</middleName>
                    <lastName>Слудняков</lastName>
                    <phone>+8 (495) 9692939</phone>
                    <fax>+8 (495) 9692939</fax>
                    <email>SVSlyudnyakov@rosatom.ru</email>
                    <organization>
                        <mainInfo>
                            <fullName>Государственная корпорация по атомной энергии "Росатом"</fullName>
                            <shortName>Госкорпорация "Росатом"</shortName>
                            <iko>57706413348770601001</iko>
                            <inn>7706413348</inn>
                            <kpp>770601001</kpp>
                            <ogrn>1077799032926</ogrn>
                            <legalAddress>119017, г Москва, ул Ордынка Б., дом 24</legalAddress>
                            <postalAddress>Российская Федерация, 119017, Москва, ул. Б.Ордынка, д. 24..</postalAddress>
                            <phone>7-499-9494473</phone>
                            <email>onlysenko@rosatom.ru</email>
                            <okato>45286596000</okato>
                            <okpo>84695609</okpo>
                        </mainInfo>
                    </organization>
                </ns2:contact>
                <ns2:publicationDateTime>2017-03-15T16:38:37</ns2:publicationDateTime>
                <ns2:documentationDelivery/>
                <ns2:status>P</ns2:status>
                <ns2:version>2</ns2:version>
                <ns2:modificationDescription>Внесены изменения проекта договора в части срока начала оказания услуг и в п. Г.3. проекта договора - уточнена сумма аванса.</ns2:modificationDescription>
                <ns2:notDishonest>false</ns2:notDishonest>
                <ns2:attachments>
                    <totalDocumentsCount>1</totalDocumentsCount>
                    <document>
                        <guid>0addd403-d90a-1ee7-82b0-0242c64e801b</guid>
                        <createDateTime>2017-03-15T13:05:32</createDateTime>
                        <fileName>2017 06 15 Извещение об изменении в Договор  .docx</fileName>
                        <description>2017 06 15 Извещение об изменении в Договор</description>
                        <url>http://zakupki.gov.ru/223/purchase/public/download/download.html?id=30082431</url>
                    </document>
                </ns2:attachments>
                <ns2:modificationDate>2017-03-15T16:38:37</ns2:modificationDate>
                <ns2:saveUserId>149617</ns2:saveUserId>
                <ns2:deliveryPlaceIndication>DIFFERENT_PLACE</ns2:deliveryPlaceIndication>
                <ns2:emergency>false</ns2:emergency>
                <ns2:jointPurchase>false</ns2:jointPurchase>
                <ns2:lots>
                    <lot>
                        <guid>58aaaacb-8d34-4b20-e100-80000a7c101b</guid>
                        <ordinalNumber>1</ordinalNumber>
                        <lotEditEnabled>true</lotEditEnabled>
                        <lotData>
                            <subject>Оказание информационно-консультационных услуг по организации и  проведению 8-го отраслевого семинара-совещания «Цели и задачи деятельности по управлению качеством в Госкорпорации «Росатом» (стратегическая сессия)»</subject>
                            <currency>
                                <code>RUB</code>
                                <digitalCode>643</digitalCode>
                                <name>Российский рубль</name>
                            </currency>
                            <initialSum>2181430.00</initialSum>
                            <deliveryPlace>
                                <address>119017, г. Москва, ул. Б. Ордынка, д.24,
 249031, г. Обнинск, Калужской обл. ул. Курчатова, д.21</address>
                            </deliveryPlace>
                            <lotItems>
                                <newCodes>true</newCodes>
                                <lotItem>
                                    <guid>58aaab12-8d34-4b20-e100-80000a7c101b</guid>
                                    <ordinalNumber>1</ordinalNumber>
                                    <okpd2>
                                        <code>85.31.11.000</code>
                                        <name>Услуги по профессиональному обучению</name>
                                    </okpd2>
                                    <okved2>
                                        <code>85.41</code>
                                        <name>Образование дополнительное детей и взрослых</name>
                                    </okved2>
                                </lotItem>
                            </lotItems>
                            <forSmallOrMiddle>false</forSmallOrMiddle>
                            <excludePurchaseFromPlan>false</excludePurchaseFromPlan>
                            <subcontractorsRequirement>false</subcontractorsRequirement>
                            <ignoredPurchase>false</ignoredPurchase>
                            <centralized>false</centralized>
                        </lotData>
                        <deliveryPlaceIndication>GL</deliveryPlaceIndication>
                        <jointLotData>
                            <jointLot>false</jointLot>
                        </jointLotData>
                        <lotPlanInfo>
                            <planRegistrationNumber>2160184759</planRegistrationNumber>
                            <planGuid>2220fc00-0d0a-1ed7-80e2-4466c5ad856f</planGuid>
                            <positionNumber>1092600011</positionNumber>
                            <lotPlanPosition>COMMODITY</lotPlanPosition>
                            <positionGuid>58a4ad50-20d3-0d80-e100-80000a7c1050</positionGuid>
                        </lotPlanInfo>
                        <cancelled>false</cancelled>
                    </lot>
                </ns2:lots>
            </ns2:purchaseNoticeEPData>
        </ns2:item>
    </ns2:body>
</ns2:purchaseNoticeEP>
