<?xml version="1.0" encoding="UTF-8" standalone="yes"?>
<ns2:purchaseNoticeEP xsi:schemaLocation="http://zakupki.gov.ru/223/integration/schema/TFF-5.2 http://zakupki.gov.ru/223/integration/schema/TFF-5.2/purchase.xsd" xmlns="http://zakupki.gov.ru/223fz/types/1" xmlns:ns10="http://zakupki.gov.ru/223fz/purchasePlan/1" xmlns:ns11="http://zakupki.gov.ru/223fz/purchasePlanProject/1" xmlns:ns12="http://zakupki.gov.ru/223fz/purchasePlanProjectAdditionalPosition/1" xmlns:ns13="http://zakupki.gov.ru/223fz/contract/1" xmlns:ns14="http://zakupki.gov.ru/223fz/missedNotice/1" xmlns:ns15="http://zakupki.gov.ru/223fz/reference/1" xmlns:ns16="http://zakupki.gov.ru/223fz/stopCommodity/1" xmlns:ns17="http://zakupki.gov.ru/223fz/decisionSuspension/1" xmlns:ns18="http://zakupki.gov.ru/223fz/purchasePlanAdditionalPosition/1" xmlns:ns19="http://zakupki.gov.ru/223fz/webRequest/1" xmlns:ns2="http://zakupki.gov.ru/223fz/purchase/1" xmlns:xsi="http://www.w3.org/2001/XMLSchema-instance" xmlns:ns3="http://zakupki.gov.ru/223fz/dishonestSupplier/1" xmlns:ns4="http://zakupki.gov.ru/223fz/machineryListInfo/1" xmlns:ns5="http://zakupki.gov.ru/223fz/revenue/1" xmlns:ns6="http://zakupki.gov.ru/223fz/orderClauseList/1" xmlns:ns7="http://zakupki.gov.ru/223fz/disagreementProtocol/1" xmlns:ns8="http://zakupki.gov.ru/223fz/complaint/1" xmlns:ns9="http://zakupki.gov.ru/223fz/notificationIssue/1">
    <header>
        <guid>9e11b865-1ce3-40e3-8237-16082e3c4f85</guid>
        <createDateTime>2017-03-15T19:34:03</createDateTime>
    </header>
    <ns2:body>
        <ns2:item>
            <guid>86d102aa-419b-4342-9c53-2b929f225ab8</guid>
            <ns2:purchaseNoticeEPData>
                <ns2:guid>86d102aa-419b-4342-9c53-2b929f225ab8</ns2:guid>
                <ns2:createDateTime>2017-03-15T15:46:31</ns2:createDateTime>
                <ns2:urlOOS>https://zakupki.gov.ru/223/purchase/private/purchase/notice-info/details.html?noticeInfoId=5879886</ns2:urlOOS>
                <ns2:registrationNumber>31704894397</ns2:registrationNumber>
                <ns2:name>Выполнениеработ по усилению межэтажного перекрытия (правое крыло)
на объекте: г.Ростов-на-Дону, ул.Советская, д.32/2</ns2:name>
                <ns2:customer>
                    <mainInfo>
                        <fullName>ФЕДЕРАЛЬНОЕ ГОСУДАРСТВЕННОЕ БЮДЖЕТНОЕ ОБРАЗОВАТЕЛЬНОЕ УЧРЕЖДЕНИЕ ВЫСШЕГО ОБРАЗОВАНИЯ "ВСЕРОССИЙСКИЙ ГОСУДАРСТВЕННЫЙ УНИВЕРСИТЕТ ЮСТИЦИИ (РПА МИНЮСТА РОССИИ)"</fullName>
                        <shortName>ВГУЮ (РПА МИНЮСТА РОССИИ)</shortName>
                        <iko>87719061340772701001</iko>
                        <inn>7719061340</inn>
                        <kpp>772701001</kpp>
                        <ogrn>1027700162676</ogrn>
                        <legalAddress>117638, Г МОСКВА, УЛ АЗОВСКАЯ, дом 2, корпус 1</legalAddress>
                        <postalAddress>117638, Москва Город, Азовская Улица, дом 2, корпус 1</postalAddress>
                        <phone>7-499-9630101</phone>
                        <fax>7-499-9630101</fax>
                        <email>dma@rpa-mjust.ru</email>
                        <okato>45293562000</okato>
                        <okpo>27128343</okpo>
                    </mainInfo>
                </ns2:customer>
                <ns2:detachedOrg>
                    <mainInfo>
                        <fullName>Ростовский институт (филиал) федерального государственного бюджетного образовательного учреждения высшего образования «Всероссийский государственный университет юстиции (РПА Минюста России)» в г. Ростове-на-Дону</fullName>
                        <inn>7719061340</inn>
                        <kpp>616732001</kpp>
                        <ogrn>1027700162676</ogrn>
                        <legalAddress>344019. Ростовская область, г. Ростов-на-Дону, ул. 14-я Линия, д. 50</legalAddress>
                        <postalAddress>117638, Москва Город, Азовская Улица, дом 2, корпус 1</postalAddress>
                    </mainInfo>
                </ns2:detachedOrg>
                <ns2:purchaseMethodCode>3363</ns2:purchaseMethodCode>
                <ns2:purchaseCodeName>Закупка у единственного поставщика (исполнителя, подрядчика)</ns2:purchaseCodeName>
                <ns2:placer>
                    <mainInfo>
                        <fullName>Ростовский институт (филиал) федерального государственного бюджетного образовательного учреждения высшего образования «Всероссийский государственный университет юстиции (РПА Минюста России)» в г. Ростове-на-Дону</fullName>
                        <shortName>Ростовский институт (филиал) ВГУЮ (РПА Минюста России)</shortName>
                        <iko>87719061340616732001</iko>
                        <inn>7719061340</inn>
                        <kpp>616732001</kpp>
                        <ogrn>1027700162676</ogrn>
                        <legalAddress>344019. Ростовская область, г. Ростов-на-Дону, ул. 14-я Линия, д. 50</legalAddress>
                        <postalAddress>117638, Москва Город, Азовская Улица, дом 2, корпус 1</postalAddress>
                        <phone>7-499-9630101</phone>
                        <fax>7-499-9630101</fax>
                        <email>dma@rpa-mjust.ru</email>
                        <okato>60401000000</okato>
                        <okpo>31537159</okpo>
                    </mainInfo>
                </ns2:placer>
                <ns2:contact>
                    <firstName>Дмитрий </firstName>
                    <middleName>Сергеевич</middleName>
                    <lastName>Поршенко</lastName>
                    <phone>+7 (863) 2018423</phone>
                    <email>rostov_vgyu@bk.ru</email>
                    <organization>
                        <mainInfo>
                            <fullName>ФЕДЕРАЛЬНОЕ ГОСУДАРСТВЕННОЕ БЮДЖЕТНОЕ ОБРАЗОВАТЕЛЬНОЕ УЧРЕЖДЕНИЕ ВЫСШЕГО ОБРАЗОВАНИЯ "ВСЕРОССИЙСКИЙ ГОСУДАРСТВЕННЫЙ УНИВЕРСИТЕТ ЮСТИЦИИ (РПА МИНЮСТА РОССИИ)"</fullName>
                            <shortName>ВГУЮ (РПА МИНЮСТА РОССИИ)</shortName>
                            <iko>87719061340772701001</iko>
                            <inn>7719061340</inn>
                            <kpp>772701001</kpp>
                            <ogrn>1027700162676</ogrn>
                            <legalAddress>117638, Г МОСКВА, УЛ АЗОВСКАЯ, дом 2, корпус 1</legalAddress>
                            <postalAddress>117638, Москва Город, Азовская Улица, дом 2, корпус 1</postalAddress>
                            <phone>7-499-9630101</phone>
                            <fax>7-499-9630101</fax>
                            <email>dma@rpa-mjust.ru</email>
                            <okato>45293562000</okato>
                            <okpo>27128343</okpo>
                        </mainInfo>
                    </organization>
                </ns2:contact>
                <ns2:publicationDateTime>2017-03-15T19:34:03</ns2:publicationDateTime>
                <ns2:documentationDelivery>
                    <deliveryStartDateTime>2017-03-15</deliveryStartDateTime>
                    <deliveryEndDateTime>2017-03-16</deliveryEndDateTime>
                    <place>г.Ростов-на-Дону, ул.Советская, д.32/2</place>
                </ns2:documentationDelivery>
                <ns2:status>P</ns2:status>
                <ns2:version>1</ns2:version>
                <ns2:notDishonest>true</ns2:notDishonest>
                <ns2:attachments>
                    <totalDocumentsCount>3</totalDocumentsCount>
                    <document>
                        <guid>81f7daa0-7925-471c-8269-b5952b67fe86</guid>
                        <createDateTime>2017-03-15T19:33:17</createDateTime>
                        <fileName>документация.docx</fileName>
                        <description>документация</description>
                        <url>http://zakupki.gov.ru/223/purchase/public/download/download.html?id=30087291</url>
                    </document>
                    <document>
                        <guid>6d00ffe1-691a-401e-b67e-ad12601ca2d4</guid>
                        <createDateTime>2017-03-15T19:33:31</createDateTime>
                        <fileName>Извещение.docx</fileName>
                        <description>Извещение</description>
                        <url>http://zakupki.gov.ru/223/purchase/public/download/download.html?id=30087292</url>
                    </document>
                    <document>
                        <guid>41a4d8f0-0e14-48ec-824a-e85bbafe2354</guid>
                        <createDateTime>2017-03-15T19:33:38</createDateTime>
                        <fileName>Проект договор.docx</fileName>
                        <description>Проект договор</description>
                        <url>http://zakupki.gov.ru/223/purchase/public/download/download.html?id=30087293</url>
                    </document>
                </ns2:attachments>
                <ns2:modificationDate>2017-03-15T19:34:03</ns2:modificationDate>
                <ns2:saveUserId>218701</ns2:saveUserId>
                <ns2:deliveryPlaceIndication>SINGLE_PLACE</ns2:deliveryPlaceIndication>
                <ns2:emergency>false</ns2:emergency>
                <ns2:jointPurchase>false</ns2:jointPurchase>
                <ns2:lots>
                    <lot>
                        <guid>435127c9-7ea3-4617-aacc-23061f625d18</guid>
                        <ordinalNumber>1</ordinalNumber>
                        <lotEditEnabled>false</lotEditEnabled>
                        <lotData>
                            <subject>Ремонтные работы на усиление стен в здании Ростовского института (филиала)</subject>
                            <currency>
                                <code>RUB</code>
                                <digitalCode>643</digitalCode>
                                <name>Российский рубль</name>
                            </currency>
                            <initialSum>800000.00</initialSum>
                            <deliveryPlace>
                                <state>Южный федеральный округ</state>
                                <region>Ростовская   обл</region>
                                <regionOkato>60000000000</regionOkato>
                                <address>г.Ростов-на-Дону, ул.Советская, д.32/2</address>
                            </deliveryPlace>
                            <lotItems>
                                <newCodes>true</newCodes>
                                <lotItem>
                                    <guid>8cb9e0eb-7541-4aa3-8b37-523494373047</guid>
                                    <ordinalNumber>1</ordinalNumber>
                                    <okpd2>
                                        <code>43.11.10</code>
                                        <name>Работы по сносу зданий и сооружений</name>
                                    </okpd2>
                                    <okved2>
                                        <code>43.1</code>
                                        <name>Разборка и снос зданий, подготовка строительного участка</name>
                                    </okved2>
                                    <okei>
                                        <code>876</code>
                                        <name>Условная единица</name>
                                    </okei>
                                    <qty>1</qty>
                                </lotItem>
                            </lotItems>
                            <forSmallOrMiddle>false</forSmallOrMiddle>
                            <excludePurchaseFromPlan>false</excludePurchaseFromPlan>
                            <subcontractorsRequirement>false</subcontractorsRequirement>
                            <ignoredPurchase>false</ignoredPurchase>
                            <centralized>false</centralized>
                        </lotData>
                        <deliveryPlaceIndication>GL</deliveryPlaceIndication>
                        <jointLotData>
                            <jointLot>false</jointLot>
                        </jointLotData>
                        <lotPlanInfo>
                            <planRegistrationNumber>2160215109</planRegistrationNumber>
                            <planGuid>c773e1c0-7404-41ea-a162-84df7cacecc6</planGuid>
                            <positionNumber>209</positionNumber>
                            <lotPlanPosition>COMMODITY</lotPlanPosition>
                            <positionGuid>3b612238-7e27-454b-95f7-b07ac86de7b0</positionGuid>
                        </lotPlanInfo>
                        <cancelled>false</cancelled>
                    </lot>
                </ns2:lots>
            </ns2:purchaseNoticeEPData>
        </ns2:item>
    </ns2:body>
</ns2:purchaseNoticeEP>
