<?xml version="1.0" encoding="UTF-8" standalone="yes"?>
<ns2:purchaseNoticeEP xsi:schemaLocation="http://zakupki.gov.ru/223/integration/schema/TFF-5.2 http://zakupki.gov.ru/223/integration/schema/TFF-5.2/purchase.xsd" xmlns="http://zakupki.gov.ru/223fz/types/1" xmlns:ns10="http://zakupki.gov.ru/223fz/purchasePlan/1" xmlns:ns11="http://zakupki.gov.ru/223fz/purchasePlanProject/1" xmlns:ns12="http://zakupki.gov.ru/223fz/purchasePlanProjectAdditionalPosition/1" xmlns:ns13="http://zakupki.gov.ru/223fz/contract/1" xmlns:ns14="http://zakupki.gov.ru/223fz/missedNotice/1" xmlns:ns15="http://zakupki.gov.ru/223fz/reference/1" xmlns:ns16="http://zakupki.gov.ru/223fz/stopCommodity/1" xmlns:ns17="http://zakupki.gov.ru/223fz/decisionSuspension/1" xmlns:ns18="http://zakupki.gov.ru/223fz/purchasePlanAdditionalPosition/1" xmlns:ns19="http://zakupki.gov.ru/223fz/webRequest/1" xmlns:ns2="http://zakupki.gov.ru/223fz/purchase/1" xmlns:xsi="http://www.w3.org/2001/XMLSchema-instance" xmlns:ns3="http://zakupki.gov.ru/223fz/dishonestSupplier/1" xmlns:ns4="http://zakupki.gov.ru/223fz/machineryListInfo/1" xmlns:ns5="http://zakupki.gov.ru/223fz/revenue/1" xmlns:ns6="http://zakupki.gov.ru/223fz/orderClauseList/1" xmlns:ns7="http://zakupki.gov.ru/223fz/disagreementProtocol/1" xmlns:ns8="http://zakupki.gov.ru/223fz/complaint/1" xmlns:ns9="http://zakupki.gov.ru/223fz/notificationIssue/1">
    <header>
        <guid>8f1993d3-6872-4db5-9c37-78d2363470e7</guid>
        <createDateTime>2017-03-15T11:46:12</createDateTime>
    </header>
    <ns2:body>
        <ns2:item>
            <guid>d87cd505-1f07-1233-c781-0c47b2abfac1</guid>
            <ns2:purchaseNoticeEPData>
                <ns2:guid>d87cd505-1f07-1233-c781-0c47b2abfac1</ns2:guid>
                <ns2:createDateTime>2017-03-15T11:45:05</ns2:createDateTime>
                <ns2:urlOOS>https://zakupki.gov.ru/223/purchase/private/purchase/notice-info/details.html?noticeInfoId=5877200</ns2:urlOOS>
                <ns2:urlVSRZ>https://vtb.roseltorg.ru/#com/procedure/view/id/6298</ns2:urlVSRZ>
                <ns2:registrationNumber>31704890821</ns2:registrationNumber>
                <ns2:name>закупка у единственного контрагента 
юридических услуг на территории иностранного государства
</ns2:name>
                <ns2:customer>
                    <mainInfo>
                        <fullName>ОБЩЕСТВО С ОГРАНИЧЕННОЙ ОТВЕТСТВЕННОСТЬЮ ВТБ ДЦ</fullName>
                        <shortName>ООО ВТБ ДЦ</shortName>
                        <iko>67710904677771001001</iko>
                        <inn>7710904677</inn>
                        <kpp>771401001</kpp>
                        <ogrn>5117746058733</ogrn>
                        <legalAddress>125167, г МОСКВА, пр-кт ЛЕНИНГРАДСКИЙ, дом ДОМ 39, корпус СТР. 80</legalAddress>
                        <postalAddress>125167, г. Москва, Ленинградский пр-т, д.39, стр. 80, этаж 20</postalAddress>
                        <phone>7-495-7950042</phone>
                        <email>zakupki@vtbdc.ru</email>
                        <okato>45286585000</okato>
                        <okpo>38235295</okpo>
                    </mainInfo>
                </ns2:customer>
                <ns2:purchaseMethodCode>3363</ns2:purchaseMethodCode>
                <ns2:purchaseCodeName>Закупка у единственного поставщика (исполнителя, подрядчика)</ns2:purchaseCodeName>
                <ns2:placer>
                    <mainInfo>
                        <fullName>ОБЩЕСТВО С ОГРАНИЧЕННОЙ ОТВЕТСТВЕННОСТЬЮ ВТБ ДЦ</fullName>
                        <shortName>ООО ВТБ ДЦ</shortName>
                        <iko>67710904677771001001</iko>
                        <inn>7710904677</inn>
                        <kpp>771401001</kpp>
                        <ogrn>5117746058733</ogrn>
                        <legalAddress>125167, г МОСКВА, пр-кт ЛЕНИНГРАДСКИЙ, дом ДОМ 39, корпус СТР. 80</legalAddress>
                        <postalAddress>125167, г. Москва, Ленинградский пр-т, д.39, стр. 80, этаж 20</postalAddress>
                        <phone>7-495-7950042</phone>
                        <email>zakupki@vtbdc.ru</email>
                        <okato>45286585000</okato>
                        <okpo>38235295</okpo>
                    </mainInfo>
                </ns2:placer>
                <ns2:contact>
                    <firstName>Анна</firstName>
                    <middleName>Васильевна</middleName>
                    <lastName>Сагач</lastName>
                    <phone>+7 (495) 7950042</phone>
                    <email>shinkareva_av@vtbdc.ru</email>
                    <organization>
                        <mainInfo>
                            <fullName>ОБЩЕСТВО С ОГРАНИЧЕННОЙ ОТВЕТСТВЕННОСТЬЮ ВТБ ДЦ</fullName>
                            <shortName>ООО ВТБ ДЦ</shortName>
                            <iko>67710904677771001001</iko>
                            <inn>7710904677</inn>
                            <kpp>771401001</kpp>
                            <ogrn>5117746058733</ogrn>
                            <legalAddress>125167, г МОСКВА, пр-кт ЛЕНИНГРАДСКИЙ, дом ДОМ 39, корпус СТР. 80</legalAddress>
                            <postalAddress>125167, г. Москва, Ленинградский пр-т, д.39, стр. 80, этаж 20</postalAddress>
                            <phone>7-495-7950042</phone>
                            <email>zakupki@vtbdc.ru</email>
                            <okato>45286585000</okato>
                            <okpo>38235295</okpo>
                        </mainInfo>
                    </organization>
                </ns2:contact>
                <ns2:publicationDateTime>2017-03-15T11:46:12</ns2:publicationDateTime>
                <ns2:documentationDelivery>
                    <deliveryStartDateTime>2017-03-15</deliveryStartDateTime>
                    <deliveryEndDateTime>2017-03-15</deliveryEndDateTime>
                    <place>https://vtb.roseltorg.ru/</place>
                    <procedure>посредством размещения для скачивания и ознакомления</procedure>
                </ns2:documentationDelivery>
                <ns2:status>P</ns2:status>
                <ns2:version>1</ns2:version>
                <ns2:notDishonest>true</ns2:notDishonest>
                <ns2:attachments>
                    <totalDocumentsCount>2</totalDocumentsCount>
                    <document>
                        <guid>9ec461b2-e2da-2e33-d2ad-6a263e45abea</guid>
                        <createDateTime>2017-03-15T11:42:56</createDateTime>
                        <fileName>извещение_и_документация[1].docx</fileName>
                        <description>Извещение и документация</description>
                        <url>http://zakupki.gov.ru/223/purchase/public/download/download.html?id=30067518</url>
                    </document>
                    <document>
                        <guid>b8d6c8b5-7ade-470f-e4e5-3f728872b9c6</guid>
                        <createDateTime>2017-03-15T11:43:04</createDateTime>
                        <fileName>проект_договора[1].docx</fileName>
                        <description>проект договора</description>
                        <url>http://zakupki.gov.ru/223/purchase/public/download/download.html?id=30067519</url>
                    </document>
                </ns2:attachments>
                <ns2:modificationDate>2017-03-15T11:46:12</ns2:modificationDate>
                <ns2:saveUserId>179497</ns2:saveUserId>
                <ns2:deliveryPlaceIndication>DIFFERENT_PLACE</ns2:deliveryPlaceIndication>
                <ns2:emergency>false</ns2:emergency>
                <ns2:jointPurchase>false</ns2:jointPurchase>
                <ns2:lots>
                    <lot>
                        <guid>ca976e91-3e20-c32f-1ec9-c50e4fc80309</guid>
                        <ordinalNumber>1</ordinalNumber>
                        <lotEditEnabled>true</lotEditEnabled>
                        <lotData>
                            <subject>Оказание юридических услуг на территории иностранного государства</subject>
                            <currency>
                                <code>USD</code>
                                <digitalCode>840</digitalCode>
                                <name>Доллар США</name>
                            </currency>
                            <initialSum>18860.00</initialSum>
                            <deliveryPlace>
                                <address>Место поставки товара, выполнения работы, оказания услуг: Индия (Нью-Дели)</address>
                            </deliveryPlace>
                            <lotItems>
                                <newCodes>true</newCodes>
                                <lotItem>
                                    <guid>31c15a53-ed05-e47b-9119-25b2ed0efab7</guid>
                                    <ordinalNumber>1</ordinalNumber>
                                    <okpd2>
                                        <code>69.10</code>
                                        <name>Услуги юридические</name>
                                    </okpd2>
                                    <okved2>
                                        <code>69.10</code>
                                        <name>Деятельность в области права</name>
                                    </okved2>
                                    <okei>
                                        <code>642</code>
                                        <name>Единица</name>
                                    </okei>
                                    <qty>1</qty>
                                    <additionalInfo>Юридические услуги</additionalInfo>
                                </lotItem>
                            </lotItems>
                            <forSmallOrMiddle>false</forSmallOrMiddle>
                            <excludePurchaseFromPlan>false</excludePurchaseFromPlan>
                            <subcontractorsRequirement>false</subcontractorsRequirement>
                            <ignoredPurchase>false</ignoredPurchase>
                            <centralized>false</centralized>
                        </lotData>
                        <deliveryPlaceIndication>GL</deliveryPlaceIndication>
                        <jointLotData>
                            <jointLot>false</jointLot>
                        </jointLotData>
                        <lotPlanInfo>
                            <planRegistrationNumber>2160217198</planRegistrationNumber>
                            <planGuid>b9139833-44f7-485c-9a4b-6c97b605c721</planGuid>
                            <positionNumber>19</positionNumber>
                            <lotPlanPosition>COMMODITY</lotPlanPosition>
                            <positionGuid>60f50fe6-d574-4f0d-8b01-7357162b5c9b</positionGuid>
                        </lotPlanInfo>
                        <cancelled>false</cancelled>
                    </lot>
                </ns2:lots>
            </ns2:purchaseNoticeEPData>
        </ns2:item>
    </ns2:body>
</ns2:purchaseNoticeEP>
