<?xml version="1.0" encoding="UTF-8" standalone="yes"?>
<ns2:purchaseNoticeEP xsi:schemaLocation="http://zakupki.gov.ru/223/integration/schema/TFF-5.2 http://zakupki.gov.ru/223/integration/schema/TFF-5.2/purchase.xsd" xmlns="http://zakupki.gov.ru/223fz/types/1" xmlns:ns10="http://zakupki.gov.ru/223fz/purchasePlan/1" xmlns:ns11="http://zakupki.gov.ru/223fz/purchasePlanProject/1" xmlns:ns12="http://zakupki.gov.ru/223fz/purchasePlanProjectAdditionalPosition/1" xmlns:ns13="http://zakupki.gov.ru/223fz/contract/1" xmlns:ns14="http://zakupki.gov.ru/223fz/missedNotice/1" xmlns:ns15="http://zakupki.gov.ru/223fz/reference/1" xmlns:ns16="http://zakupki.gov.ru/223fz/stopCommodity/1" xmlns:ns17="http://zakupki.gov.ru/223fz/decisionSuspension/1" xmlns:ns18="http://zakupki.gov.ru/223fz/purchasePlanAdditionalPosition/1" xmlns:ns19="http://zakupki.gov.ru/223fz/webRequest/1" xmlns:ns2="http://zakupki.gov.ru/223fz/purchase/1" xmlns:xsi="http://www.w3.org/2001/XMLSchema-instance" xmlns:ns3="http://zakupki.gov.ru/223fz/dishonestSupplier/1" xmlns:ns4="http://zakupki.gov.ru/223fz/machineryListInfo/1" xmlns:ns5="http://zakupki.gov.ru/223fz/revenue/1" xmlns:ns6="http://zakupki.gov.ru/223fz/orderClauseList/1" xmlns:ns7="http://zakupki.gov.ru/223fz/disagreementProtocol/1" xmlns:ns8="http://zakupki.gov.ru/223fz/complaint/1" xmlns:ns9="http://zakupki.gov.ru/223fz/notificationIssue/1">
    <header>
        <guid>afbdc844-aea7-4338-8536-c7581de4b286</guid>
        <createDateTime>2017-03-15T14:41:15</createDateTime>
    </header>
    <ns2:body>
        <ns2:item>
            <guid>b40f2961-b855-471c-9b16-f5d873a5b6e4</guid>
            <ns2:purchaseNoticeEPData>
                <ns2:guid>b40f2961-b855-471c-9b16-f5d873a5b6e4</ns2:guid>
                <ns2:createDateTime>2017-03-15T14:29:14</ns2:createDateTime>
                <ns2:urlOOS>https://zakupki.gov.ru/223/purchase/private/purchase/notice-info/details.html?noticeInfoId=5878859</ns2:urlOOS>
                <ns2:registrationNumber>31704892258</ns2:registrationNumber>
                <ns2:name>Поставка мяса говядины без кости для нужд санатория «Долина Нарзанов» г.Ессентуки- филиала АО «РЖД-ЗДОРОВЬЕ»</ns2:name>
                <ns2:customer>
                    <mainInfo>
                        <fullName>АКЦИОНЕРНОЕ ОБЩЕСТВО "РЖД-ЗДОРОВЬЕ"</fullName>
                        <shortName>АО "РЖД-ЗДОРОВЬЕ"</shortName>
                        <iko>67703715816770101001</iko>
                        <inn>7703715816</inn>
                        <kpp>770101001</kpp>
                        <ogrn>1107746105610</ogrn>
                        <legalAddress>105064, Г МОСКВА, УЛ БАСМАННАЯ СТАР., дом ДОМ 8, корпус СТРОЕНИЕ 1</legalAddress>
                        <postalAddress>129128, г. Москва, ул. Будайская,  д. 2, корпус 8</postalAddress>
                        <phone>7-495-2234274-125</phone>
                        <email>Info@rzdz.ru</email>
                        <okato>45286575000</okato>
                        <okpo>65243788</okpo>
                    </mainInfo>
                </ns2:customer>
                <ns2:purchaseMethodCode>3363</ns2:purchaseMethodCode>
                <ns2:purchaseCodeName>Закупка у единственного поставщика (исполнителя, подрядчика)</ns2:purchaseCodeName>
                <ns2:placer>
                    <mainInfo>
                        <fullName>АКЦИОНЕРНОЕ ОБЩЕСТВО "РЖД-ЗДОРОВЬЕ"</fullName>
                        <shortName>АО "РЖД-ЗДОРОВЬЕ"</shortName>
                        <iko>67703715816770101001</iko>
                        <inn>7703715816</inn>
                        <kpp>770101001</kpp>
                        <ogrn>1107746105610</ogrn>
                        <legalAddress>105064, Г МОСКВА, УЛ БАСМАННАЯ СТАР., дом ДОМ 8, корпус СТРОЕНИЕ 1</legalAddress>
                        <postalAddress>129128, г. Москва, ул. Будайская,  д. 2, корпус 8</postalAddress>
                        <phone>7-495-2234274-125</phone>
                        <email>Info@rzdz.ru</email>
                        <okato>45286575000</okato>
                        <okpo>65243788</okpo>
                    </mainInfo>
                </ns2:placer>
                <ns2:contact>
                    <phone>+7 (87934) 60112</phone>
                    <email>info@rzdz.ru</email>
                    <organization>
                        <mainInfo>
                            <fullName>АКЦИОНЕРНОЕ ОБЩЕСТВО "РЖД-ЗДОРОВЬЕ"</fullName>
                            <shortName>АО "РЖД-ЗДОРОВЬЕ"</shortName>
                            <iko>67703715816770101001</iko>
                            <inn>7703715816</inn>
                            <kpp>770101001</kpp>
                            <ogrn>1107746105610</ogrn>
                            <legalAddress>105064, Г МОСКВА, УЛ БАСМАННАЯ СТАР., дом ДОМ 8, корпус СТРОЕНИЕ 1</legalAddress>
                            <postalAddress>129128, г. Москва, ул. Будайская,  д. 2, корпус 8</postalAddress>
                            <phone>7-495-2234274-125</phone>
                            <email>Info@rzdz.ru</email>
                            <okato>45286575000</okato>
                            <okpo>65243788</okpo>
                        </mainInfo>
                    </organization>
                </ns2:contact>
                <ns2:publicationDateTime>2017-03-15T14:41:15</ns2:publicationDateTime>
                <ns2:documentationDelivery/>
                <ns2:status>P</ns2:status>
                <ns2:version>1</ns2:version>
                <ns2:notDishonest>false</ns2:notDishonest>
                <ns2:attachments>
                    <totalDocumentsCount>2</totalDocumentsCount>
                    <document>
                        <guid>98423c49-ce34-49f1-9387-cbcf6ca1bd35</guid>
                        <createDateTime>2017-03-15T14:40:49</createDateTime>
                        <fileName>документация о закупке у единственного поставщика.doc</fileName>
                        <description>документация о закупке у единственного поставщика</description>
                        <url>http://zakupki.gov.ru/223/purchase/public/download/download.html?id=30076370</url>
                    </document>
                    <document>
                        <guid>186921dd-f5d7-406b-90a1-7fb413c0db59</guid>
                        <createDateTime>2017-03-15T14:40:56</createDateTime>
                        <fileName>извещение о закупке у единственного поставщика.doc</fileName>
                        <description>извещение о закупке у единственного поставщика</description>
                        <url>http://zakupki.gov.ru/223/purchase/public/download/download.html?id=30076374</url>
                    </document>
                </ns2:attachments>
                <ns2:modificationDate>2017-03-15T14:41:15</ns2:modificationDate>
                <ns2:saveUserId>155930</ns2:saveUserId>
                <ns2:deliveryPlaceIndication>DIFFERENT_PLACE</ns2:deliveryPlaceIndication>
                <ns2:emergency>false</ns2:emergency>
                <ns2:jointPurchase>false</ns2:jointPurchase>
                <ns2:lots>
                    <lot>
                        <guid>7a8a0887-7960-4bba-9d0d-b884505c9594</guid>
                        <ordinalNumber>1</ordinalNumber>
                        <lotEditEnabled>false</lotEditEnabled>
                        <lotData>
                            <subject>Поставка мяса говядины без кости охлажденной  для нужд санатория "Долина Нарзанов" г. Ессентуки - филиала АО "РЖД-ЗДОРОВЬЕ"</subject>
                            <currency>
                                <code>RUB</code>
                                <digitalCode>643</digitalCode>
                                <name>Российский рубль</name>
                            </currency>
                            <initialSum>2220000.00</initialSum>
                            <deliveryPlace>
                                <state>Северо-Кавказский федеральный округ</state>
                                <region>Ставропольский край</region>
                                <regionOkato>07000000000</regionOkato>
                                <address>357600, Ставропольский край, г. Ессентуки, Привокзальная пл., 1а</address>
                            </deliveryPlace>
                            <lotItems>
                                <newCodes>true</newCodes>
                                <lotItem>
                                    <guid>c38b1cb0-936b-4256-80b7-dfa178a01bb2</guid>
                                    <ordinalNumber>1</ordinalNumber>
                                    <okpd2>
                                        <code>10.11</code>
                                        <name>Мясо и прочие продукты убоя, включая мясо консервированное</name>
                                    </okpd2>
                                    <okved2>
                                        <code>10.11.1</code>
                                        <name>Производство мяса в охлажденном виде</name>
                                    </okved2>
                                    <okei>
                                        <code>876</code>
                                        <name>Условная единица</name>
                                    </okei>
                                    <qty>1</qty>
                                </lotItem>
                            </lotItems>
                            <forSmallOrMiddle>false</forSmallOrMiddle>
                            <excludePurchaseFromPlan>false</excludePurchaseFromPlan>
                            <subcontractorsRequirement>false</subcontractorsRequirement>
                            <ignoredPurchase>false</ignoredPurchase>
                            <centralized>false</centralized>
                        </lotData>
                        <deliveryPlaceIndication>GL</deliveryPlaceIndication>
                        <jointLotData>
                            <jointLot>false</jointLot>
                        </jointLotData>
                        <lotPlanInfo>
                            <planRegistrationNumber>2160191059</planRegistrationNumber>
                            <planGuid>efdb9c3b-f9bd-4041-bfe7-808091e7855c</planGuid>
                            <positionNumber>1368</positionNumber>
                            <lotPlanPosition>COMMODITY</lotPlanPosition>
                            <positionGuid>7309d478-1dcd-4ede-9a34-e58340557daa</positionGuid>
                        </lotPlanInfo>
                        <cancelled>false</cancelled>
                    </lot>
                </ns2:lots>
            </ns2:purchaseNoticeEPData>
        </ns2:item>
    </ns2:body>
</ns2:purchaseNoticeEP>
