<?xml version="1.0" encoding="UTF-8" standalone="yes"?>
<ns2:purchaseNoticeEP xsi:schemaLocation="http://zakupki.gov.ru/223/integration/schema/TFF-5.2 http://zakupki.gov.ru/223/integration/schema/TFF-5.2/purchase.xsd" xmlns="http://zakupki.gov.ru/223fz/types/1" xmlns:ns10="http://zakupki.gov.ru/223fz/purchasePlan/1" xmlns:ns11="http://zakupki.gov.ru/223fz/purchasePlanProject/1" xmlns:ns12="http://zakupki.gov.ru/223fz/purchasePlanProjectAdditionalPosition/1" xmlns:ns13="http://zakupki.gov.ru/223fz/contract/1" xmlns:ns14="http://zakupki.gov.ru/223fz/missedNotice/1" xmlns:ns15="http://zakupki.gov.ru/223fz/reference/1" xmlns:ns16="http://zakupki.gov.ru/223fz/stopCommodity/1" xmlns:ns17="http://zakupki.gov.ru/223fz/decisionSuspension/1" xmlns:ns18="http://zakupki.gov.ru/223fz/purchasePlanAdditionalPosition/1" xmlns:ns19="http://zakupki.gov.ru/223fz/webRequest/1" xmlns:ns2="http://zakupki.gov.ru/223fz/purchase/1" xmlns:xsi="http://www.w3.org/2001/XMLSchema-instance" xmlns:ns3="http://zakupki.gov.ru/223fz/dishonestSupplier/1" xmlns:ns4="http://zakupki.gov.ru/223fz/machineryListInfo/1" xmlns:ns5="http://zakupki.gov.ru/223fz/revenue/1" xmlns:ns6="http://zakupki.gov.ru/223fz/orderClauseList/1" xmlns:ns7="http://zakupki.gov.ru/223fz/disagreementProtocol/1" xmlns:ns8="http://zakupki.gov.ru/223fz/complaint/1" xmlns:ns9="http://zakupki.gov.ru/223fz/notificationIssue/1">
    <header>
        <guid>38ea1814-0316-4b8d-91a0-e7a1dc83afc2</guid>
        <createDateTime>2017-03-15T17:36:37</createDateTime>
    </header>
    <ns2:body>
        <ns2:item>
            <guid>d2c584ac-b669-4d3d-9acf-0300be99260f</guid>
            <ns2:purchaseNoticeEPData>
                <ns2:guid>d2c584ac-b669-4d3d-9acf-0300be99260f</ns2:guid>
                <ns2:createDateTime>2017-03-15T17:33:56</ns2:createDateTime>
                <ns2:urlOOS>https://zakupki.gov.ru/223/purchase/private/purchase/notice-info/details.html?noticeInfoId=5880939</ns2:urlOOS>
                <ns2:registrationNumber>31704893980</ns2:registrationNumber>
                <ns2:name>Оказание услуг по организации воздушных перевозок</ns2:name>
                <ns2:customer>
                    <mainInfo>
                        <fullName>Федеральное государственное унитарное предприятие "Предприятие по поставкам продукции Управления делами Президента Российской Федерации"</fullName>
                        <shortName>ФГУП "ППП"</shortName>
                        <iko>57710142570771001001</iko>
                        <inn>7710142570</inn>
                        <kpp>771001001</kpp>
                        <ogrn>1027700045999</ogrn>
                        <legalAddress>125047, Москва, Тверская-Ямская 2-я, дом 16</legalAddress>
                        <postalAddress>125047, г. Москва, ул. 2-я Тверская-Ямская, д.16</postalAddress>
                        <phone>7-499-2503936</phone>
                        <fax>7-499-2501551</fax>
                        <email>postmaster@pppudp.ru</email>
                        <okato>45286585000</okato>
                        <okpo>17664448</okpo>
                    </mainInfo>
                </ns2:customer>
                <ns2:purchaseMethodCode>3363</ns2:purchaseMethodCode>
                <ns2:purchaseCodeName>Закупка у единственного поставщика (исполнителя, подрядчика)</ns2:purchaseCodeName>
                <ns2:placer>
                    <mainInfo>
                        <fullName>Федеральное государственное унитарное предприятие "Предприятие по поставкам продукции Управления делами Президента Российской Федерации"</fullName>
                        <shortName>ФГУП "ППП"</shortName>
                        <iko>57710142570771001001</iko>
                        <inn>7710142570</inn>
                        <kpp>771001001</kpp>
                        <ogrn>1027700045999</ogrn>
                        <legalAddress>125047, Москва, Тверская-Ямская 2-я, дом 16</legalAddress>
                        <postalAddress>125047, г. Москва, ул. 2-я Тверская-Ямская, д.16</postalAddress>
                        <phone>7-499-2503936</phone>
                        <fax>7-499-2501551</fax>
                        <email>postmaster@pppudp.ru</email>
                        <okato>45286585000</okato>
                        <okpo>17664448</okpo>
                    </mainInfo>
                </ns2:placer>
                <ns2:contact>
                    <phone>+7 (499) 2503936</phone>
                    <email>info@pppudp.ru </email>
                    <organization>
                        <mainInfo>
                            <fullName>Федеральное государственное унитарное предприятие "Предприятие по поставкам продукции Управления делами Президента Российской Федерации"</fullName>
                            <shortName>ФГУП "ППП"</shortName>
                            <iko>57710142570771001001</iko>
                            <inn>7710142570</inn>
                            <kpp>771001001</kpp>
                            <ogrn>1027700045999</ogrn>
                            <legalAddress>125047, Москва, Тверская-Ямская 2-я, дом 16</legalAddress>
                            <postalAddress>125047, г. Москва, ул. 2-я Тверская-Ямская, д.16</postalAddress>
                            <phone>7-499-2503936</phone>
                            <fax>7-499-2501551</fax>
                            <email>postmaster@pppudp.ru</email>
                            <okato>45286585000</okato>
                            <okpo>17664448</okpo>
                        </mainInfo>
                    </organization>
                </ns2:contact>
                <ns2:publicationDateTime>2017-03-15T17:36:37</ns2:publicationDateTime>
                <ns2:documentationDelivery/>
                <ns2:status>P</ns2:status>
                <ns2:version>1</ns2:version>
                <ns2:notDishonest>false</ns2:notDishonest>
                <ns2:attachments>
                    <totalDocumentsCount>2</totalDocumentsCount>
                    <document>
                        <guid>9af5191a-1b80-4c79-91e1-737240c65c0a</guid>
                        <createDateTime>2017-03-15T17:35:34</createDateTime>
                        <fileName>17-03-2017.doc</fileName>
                        <description>17-03-2017</description>
                        <url>http://zakupki.gov.ru/223/purchase/public/download/download.html?id=30085271</url>
                    </document>
                    <document>
                        <guid>26c81d9f-aeea-4ff8-aca4-b85ea716191d</guid>
                        <createDateTime>2017-03-15T17:36:03</createDateTime>
                        <fileName>Проект договора 17-03-2017.doc</fileName>
                        <description>Проект договора 17-03-2017</description>
                        <url>http://zakupki.gov.ru/223/purchase/public/download/download.html?id=30085290</url>
                    </document>
                </ns2:attachments>
                <ns2:modificationDate>2017-03-15T17:36:37</ns2:modificationDate>
                <ns2:saveUserId>181985</ns2:saveUserId>
                <ns2:deliveryPlaceIndication>DIFFERENT_PLACE</ns2:deliveryPlaceIndication>
                <ns2:emergency>false</ns2:emergency>
                <ns2:jointPurchase>false</ns2:jointPurchase>
                <ns2:lots>
                    <lot>
                        <guid>d9806208-fa2c-4f8a-b2d4-15b475dded25</guid>
                        <ordinalNumber>1</ordinalNumber>
                        <lotEditEnabled>false</lotEditEnabled>
                        <lotData>
                            <subject>Оказание услуг по организации воздушных перевозок</subject>
                            <currency>
                                <code>RUB</code>
                                <digitalCode>643</digitalCode>
                                <name>Российский рубль</name>
                            </currency>
                            <initialSum>12019230.77</initialSum>
                            <deliveryPlace>
                                <state>Приволжский федеральный округ</state>
                                <region>Нижегородская   обл</region>
                                <regionOkato>22000000000</regionOkato>
                                <address>Приволжский федеральный округ</address>
                            </deliveryPlace>
                            <lotItems>
                                <newCodes>true</newCodes>
                                <lotItem>
                                    <guid>62e2007d-7749-446d-b3f9-e0a49c32aebc</guid>
                                    <ordinalNumber>1</ordinalNumber>
                                    <okpd2>
                                        <code>51.10</code>
                                        <name>Услуги по пассажирским перевозкам воздушным транспортом</name>
                                    </okpd2>
                                    <okved2>
                                        <code>51.10.2</code>
                                        <name>Перевозка воздушным пассажирским транспортом, не подчиняющимся расписанию</name>
                                    </okved2>
                                </lotItem>
                            </lotItems>
                            <forSmallOrMiddle>false</forSmallOrMiddle>
                            <excludePurchaseFromPlan>false</excludePurchaseFromPlan>
                            <subcontractorsRequirement>false</subcontractorsRequirement>
                            <ignoredPurchase>true</ignoredPurchase>
                            <purchaseCategory>
                                <code>16</code>
                                <name>Закупки услуг в области воздушных перевозок и авиационных работ</name>
                            </purchaseCategory>
                            <centralized>false</centralized>
                        </lotData>
                        <deliveryPlaceIndication>GL</deliveryPlaceIndication>
                        <jointLotData>
                            <jointLot>false</jointLot>
                        </jointLotData>
                        <lotPlanInfo>
                            <planRegistrationNumber>2160210723</planRegistrationNumber>
                            <planGuid>1856e0f2-46aa-4a73-97b2-5f909ced745f</planGuid>
                            <positionNumber>5</positionNumber>
                            <lotPlanPosition>COMMODITY</lotPlanPosition>
                            <positionGuid>64663baa-2674-4c8f-b09c-78f90f2a7b08</positionGuid>
                        </lotPlanInfo>
                        <cancelled>false</cancelled>
                    </lot>
                </ns2:lots>
            </ns2:purchaseNoticeEPData>
        </ns2:item>
    </ns2:body>
</ns2:purchaseNoticeEP>
