<?xml version="1.0" encoding="UTF-8" standalone="yes"?>
<ns2:purchaseNoticeEP xsi:schemaLocation="http://zakupki.gov.ru/223/integration/schema/TFF-5.2 http://zakupki.gov.ru/223/integration/schema/TFF-5.2/purchase.xsd" xmlns="http://zakupki.gov.ru/223fz/types/1" xmlns:ns10="http://zakupki.gov.ru/223fz/purchasePlan/1" xmlns:ns11="http://zakupki.gov.ru/223fz/purchasePlanProject/1" xmlns:ns12="http://zakupki.gov.ru/223fz/purchasePlanProjectAdditionalPosition/1" xmlns:ns13="http://zakupki.gov.ru/223fz/contract/1" xmlns:ns14="http://zakupki.gov.ru/223fz/missedNotice/1" xmlns:ns15="http://zakupki.gov.ru/223fz/reference/1" xmlns:ns16="http://zakupki.gov.ru/223fz/stopCommodity/1" xmlns:ns17="http://zakupki.gov.ru/223fz/decisionSuspension/1" xmlns:ns18="http://zakupki.gov.ru/223fz/purchasePlanAdditionalPosition/1" xmlns:ns19="http://zakupki.gov.ru/223fz/webRequest/1" xmlns:ns2="http://zakupki.gov.ru/223fz/purchase/1" xmlns:xsi="http://www.w3.org/2001/XMLSchema-instance" xmlns:ns3="http://zakupki.gov.ru/223fz/dishonestSupplier/1" xmlns:ns4="http://zakupki.gov.ru/223fz/machineryListInfo/1" xmlns:ns5="http://zakupki.gov.ru/223fz/revenue/1" xmlns:ns6="http://zakupki.gov.ru/223fz/orderClauseList/1" xmlns:ns7="http://zakupki.gov.ru/223fz/disagreementProtocol/1" xmlns:ns8="http://zakupki.gov.ru/223fz/complaint/1" xmlns:ns9="http://zakupki.gov.ru/223fz/notificationIssue/1">
    <header>
        <guid>56bc2bc4-b876-4645-b975-ab3e746d408c</guid>
        <createDateTime>2017-03-15T17:14:20</createDateTime>
    </header>
    <ns2:body>
        <ns2:item>
            <guid>d46c7fde-ccf8-439e-9f37-e5098f181b21</guid>
            <ns2:purchaseNoticeEPData>
                <ns2:guid>d46c7fde-ccf8-439e-9f37-e5098f181b21</ns2:guid>
                <ns2:createDateTime>2017-03-15T14:21:49</ns2:createDateTime>
                <ns2:urlOOS>https://zakupki.gov.ru/223/purchase/private/purchase/notice-info/details.html?noticeInfoId=5878764</ns2:urlOOS>
                <ns2:registrationNumber>31704893835</ns2:registrationNumber>
                <ns2:name>Услуги по организации, реализации и полному сопровождению проекта "Выходи решать"
</ns2:name>
                <ns2:customer>
                    <mainInfo>
                        <fullName>ФЕДЕРАЛЬНОЕ ГОСУДАРСТВЕННОЕ АВТОНОМНОЕ ОБРАЗОВАТЕЛЬНОЕ УЧРЕЖДЕНИЕ ВЫСШЕГО ОБРАЗОВАНИЯ "МОСКОВСКИЙ ФИЗИКО-ТЕХНИЧЕСКИЙ ИНСТИТУТ (ГОСУДАРСТВЕННЫЙ УНИВЕРСИТЕТ)"</fullName>
                        <shortName>МФТИ</shortName>
                        <iko>55008006211772701001</iko>
                        <inn>5008006211</inn>
                        <kpp>772701001</kpp>
                        <ogrn>1027739386135</ogrn>
                        <legalAddress>117303, Г МОСКВА, УЛ КЕРЧЕНСКАЯ, дом 1А, корпус 1</legalAddress>
                        <postalAddress>141701, Московская Область, Долгопрудный Город, Институтский Переулок, дом 9</postalAddress>
                        <phone>7-495-4084554</phone>
                        <fax>7-495-4086869</fax>
                        <email>info@mipt.ru</email>
                        <okato>46416000000</okato>
                        <okpo>02068901</okpo>
                    </mainInfo>
                </ns2:customer>
                <ns2:purchaseMethodCode>3363</ns2:purchaseMethodCode>
                <ns2:purchaseCodeName>Закупка у единственного поставщика (исполнителя, подрядчика)</ns2:purchaseCodeName>
                <ns2:placer>
                    <mainInfo>
                        <fullName>ФЕДЕРАЛЬНОЕ ГОСУДАРСТВЕННОЕ АВТОНОМНОЕ ОБРАЗОВАТЕЛЬНОЕ УЧРЕЖДЕНИЕ ВЫСШЕГО ОБРАЗОВАНИЯ "МОСКОВСКИЙ ФИЗИКО-ТЕХНИЧЕСКИЙ ИНСТИТУТ (ГОСУДАРСТВЕННЫЙ УНИВЕРСИТЕТ)"</fullName>
                        <shortName>МФТИ</shortName>
                        <iko>55008006211772701001</iko>
                        <inn>5008006211</inn>
                        <kpp>772701001</kpp>
                        <ogrn>1027739386135</ogrn>
                        <legalAddress>117303, Г МОСКВА, УЛ КЕРЧЕНСКАЯ, дом 1А, корпус 1</legalAddress>
                        <postalAddress>141701, Московская Область, Долгопрудный Город, Институтский Переулок, дом 9</postalAddress>
                        <phone>7-495-4084554</phone>
                        <fax>7-495-4086869</fax>
                        <email>info@mipt.ru</email>
                        <okato>46416000000</okato>
                        <okpo>02068901</okpo>
                    </mainInfo>
                </ns2:placer>
                <ns2:contact>
                    <phone>+8 (906) 7322282</phone>
                    <email>gacenkoulia@gmail.com</email>
                    <organization>
                        <mainInfo>
                            <fullName>ФЕДЕРАЛЬНОЕ ГОСУДАРСТВЕННОЕ АВТОНОМНОЕ ОБРАЗОВАТЕЛЬНОЕ УЧРЕЖДЕНИЕ ВЫСШЕГО ОБРАЗОВАНИЯ "МОСКОВСКИЙ ФИЗИКО-ТЕХНИЧЕСКИЙ ИНСТИТУТ (ГОСУДАРСТВЕННЫЙ УНИВЕРСИТЕТ)"</fullName>
                            <shortName>МФТИ</shortName>
                            <iko>55008006211772701001</iko>
                            <inn>5008006211</inn>
                            <kpp>772701001</kpp>
                            <ogrn>1027739386135</ogrn>
                            <legalAddress>117303, Г МОСКВА, УЛ КЕРЧЕНСКАЯ, дом 1А, корпус 1</legalAddress>
                            <postalAddress>141701, Московская Область, Долгопрудный Город, Институтский Переулок, дом 9</postalAddress>
                            <phone>7-495-4084554</phone>
                            <fax>7-495-4086869</fax>
                            <email>info@mipt.ru</email>
                            <okato>46416000000</okato>
                            <okpo>02068901</okpo>
                        </mainInfo>
                    </organization>
                </ns2:contact>
                <ns2:publicationDateTime>2017-03-15T17:14:20</ns2:publicationDateTime>
                <ns2:documentationDelivery/>
                <ns2:status>P</ns2:status>
                <ns2:version>1</ns2:version>
                <ns2:notDishonest>false</ns2:notDishonest>
                <ns2:attachments>
                    <totalDocumentsCount>1</totalDocumentsCount>
                    <document>
                        <guid>151ffed7-5060-4cfb-966a-3120769bb5ca</guid>
                        <createDateTime>2017-03-15T17:12:48</createDateTime>
                        <fileName>Извещение ЕП17-072.pdf</fileName>
                        <description>Извещение ЕП17-072</description>
                        <url>http://zakupki.gov.ru/223/purchase/public/download/download.html?id=30084424</url>
                    </document>
                </ns2:attachments>
                <ns2:modificationDate>2017-03-15T17:14:20</ns2:modificationDate>
                <ns2:saveUserId>216976</ns2:saveUserId>
                <ns2:deliveryPlaceIndication>DIFFERENT_PLACE</ns2:deliveryPlaceIndication>
                <ns2:emergency>false</ns2:emergency>
                <ns2:jointPurchase>false</ns2:jointPurchase>
                <ns2:lots>
                    <lot>
                        <guid>c11ea78a-dab3-489e-9d48-21c229eaf3d3</guid>
                        <ordinalNumber>1</ordinalNumber>
                        <lotEditEnabled>true</lotEditEnabled>
                        <lotData>
                            <subject>Услуги по организации, реализации и полному сопровождению проекта "Выходи решать!"</subject>
                            <currency>
                                <code>RUB</code>
                                <digitalCode>643</digitalCode>
                                <name>Российский рубль</name>
                            </currency>
                            <initialSum>599965.60</initialSum>
                            <deliveryPlace>
                                <state>Центральный федеральный округ</state>
                                <region>Московская   обл</region>
                                <regionOkato>46000000000</regionOkato>
                                <address>г. Москва, Зубовский бульвар, дом 4</address>
                            </deliveryPlace>
                            <lotItems>
                                <newCodes>true</newCodes>
                                <lotItem>
                                    <guid>ab4b4a6a-d426-444b-bd85-72ce0fc5cd65</guid>
                                    <ordinalNumber>1</ordinalNumber>
                                    <okpd2>
                                        <code>80.10.12.122</code>
                                        <name>Услуги в области дополнительного образования детей, осуществляемые в образовательных учреждениях профессионального образования</name>
                                    </okpd2>
                                    <okved2>
                                        <code>85.41.9</code>
                                        <name>Образование дополнительное детей и взрослых прочее, не включенное в другие группировки</name>
                                    </okved2>
                                </lotItem>
                            </lotItems>
                            <forSmallOrMiddle>true</forSmallOrMiddle>
                            <excludePurchaseFromPlan>false</excludePurchaseFromPlan>
                            <subcontractorsRequirement>false</subcontractorsRequirement>
                            <ignoredPurchase>false</ignoredPurchase>
                            <centralized>false</centralized>
                        </lotData>
                        <deliveryPlaceIndication>GL</deliveryPlaceIndication>
                        <jointLotData>
                            <jointLot>false</jointLot>
                        </jointLotData>
                        <lotPlanInfo>
                            <planRegistrationNumber>2160218692</planRegistrationNumber>
                            <planGuid>b318584f-f87c-4b24-9329-082b8394383b</planGuid>
                            <positionNumber>181</positionNumber>
                            <lotPlanPosition>COMMODITY</lotPlanPosition>
                            <positionGuid>1e65c8e2-01e6-4c55-88b0-c2777895a4d0</positionGuid>
                        </lotPlanInfo>
                        <cancelled>false</cancelled>
                    </lot>
                </ns2:lots>
            </ns2:purchaseNoticeEPData>
        </ns2:item>
    </ns2:body>
</ns2:purchaseNoticeEP>
