<?xml version="1.0" encoding="UTF-8" standalone="yes"?>
<ns2:purchaseNoticeEP xsi:schemaLocation="http://zakupki.gov.ru/223/integration/schema/TFF-5.2 http://zakupki.gov.ru/223/integration/schema/TFF-5.2/purchase.xsd" xmlns="http://zakupki.gov.ru/223fz/types/1" xmlns:ns10="http://zakupki.gov.ru/223fz/purchasePlan/1" xmlns:ns11="http://zakupki.gov.ru/223fz/purchasePlanProject/1" xmlns:ns12="http://zakupki.gov.ru/223fz/purchasePlanProjectAdditionalPosition/1" xmlns:ns13="http://zakupki.gov.ru/223fz/contract/1" xmlns:ns14="http://zakupki.gov.ru/223fz/missedNotice/1" xmlns:ns15="http://zakupki.gov.ru/223fz/reference/1" xmlns:ns16="http://zakupki.gov.ru/223fz/stopCommodity/1" xmlns:ns17="http://zakupki.gov.ru/223fz/decisionSuspension/1" xmlns:ns18="http://zakupki.gov.ru/223fz/purchasePlanAdditionalPosition/1" xmlns:ns19="http://zakupki.gov.ru/223fz/webRequest/1" xmlns:ns2="http://zakupki.gov.ru/223fz/purchase/1" xmlns:xsi="http://www.w3.org/2001/XMLSchema-instance" xmlns:ns3="http://zakupki.gov.ru/223fz/dishonestSupplier/1" xmlns:ns4="http://zakupki.gov.ru/223fz/machineryListInfo/1" xmlns:ns5="http://zakupki.gov.ru/223fz/revenue/1" xmlns:ns6="http://zakupki.gov.ru/223fz/orderClauseList/1" xmlns:ns7="http://zakupki.gov.ru/223fz/disagreementProtocol/1" xmlns:ns8="http://zakupki.gov.ru/223fz/complaint/1" xmlns:ns9="http://zakupki.gov.ru/223fz/notificationIssue/1">
    <header>
        <guid>6a4bdfca-b9c8-4e6c-aeef-b0d9e79c3ab1</guid>
        <createDateTime>2017-03-15T15:05:27</createDateTime>
    </header>
    <ns2:body>
        <ns2:item>
            <guid>1ba9cbe1-6075-4fc5-8129-1b6483cf4f99</guid>
            <ns2:purchaseNoticeEPData>
                <ns2:guid>1ba9cbe1-6075-4fc5-8129-1b6483cf4f99</ns2:guid>
                <ns2:createDateTime>2017-03-15T15:03:04</ns2:createDateTime>
                <ns2:urlOOS>https://zakupki.gov.ru/223/purchase/private/purchase/notice-info/details.html?noticeInfoId=5879293</ns2:urlOOS>
                <ns2:registrationNumber>31704892509</ns2:registrationNumber>
                <ns2:name>Оказание услуг по разработке примерных основных образовательных программ по профессиям/специальностям среднего профессионального образования:
15.01.32 «Оператор станков с программным управлением»;
15.01.34 «Фрезеровщик на станках с числовым программным управлением»;
15.02.09 «Аддитивные технологии»;
15.02.10 «Мехатроника и мобильная робототехника (по отраслям)»
</ns2:name>
                <ns2:customer>
                    <mainInfo>
                        <fullName>ФЕДЕРАЛЬНОЕ ГОСУДАРСТВЕННОЕ БЮДЖЕТНОЕ ОБРАЗОВАТЕЛЬНОЕ УЧРЕЖДЕНИЕ ВЫСШЕГО ОБРАЗОВАНИЯ "МОСКОВСКИЙ ПОЛИТЕХНИЧЕСКИЙ УНИВЕРСИТЕТ"</fullName>
                        <shortName>МОСКОВСКИЙ ПОЛИТЕХНИЧЕСКИЙ УНИВЕРСИТЕТ, МОСКОВСКИЙ ПОЛИТЕХ, ПОЛИТЕХ</shortName>
                        <iko>87719014460771901001</iko>
                        <inn>7719455553</inn>
                        <kpp>771901001</kpp>
                        <ogrn>1167746817810</ogrn>
                        <legalAddress>107023, Г МОСКВА, УЛ СЕМЁНОВСКАЯ Б., дом ДОМ 38</legalAddress>
                        <postalAddress>107023 г. Москва, ул. Большая Семеновская, д.38</postalAddress>
                        <phone>7-495-2230523-1240</phone>
                        <email>rector@mospolytech.ru</email>
                        <okato>45263588000</okato>
                        <okpo>02068692</okpo>
                    </mainInfo>
                </ns2:customer>
                <ns2:purchaseMethodCode>3363</ns2:purchaseMethodCode>
                <ns2:purchaseCodeName>Закупка у единственного поставщика (исполнителя, подрядчика)</ns2:purchaseCodeName>
                <ns2:placer>
                    <mainInfo>
                        <fullName>ФЕДЕРАЛЬНОЕ ГОСУДАРСТВЕННОЕ БЮДЖЕТНОЕ ОБРАЗОВАТЕЛЬНОЕ УЧРЕЖДЕНИЕ ВЫСШЕГО ОБРАЗОВАНИЯ "МОСКОВСКИЙ ПОЛИТЕХНИЧЕСКИЙ УНИВЕРСИТЕТ"</fullName>
                        <shortName>МОСКОВСКИЙ ПОЛИТЕХНИЧЕСКИЙ УНИВЕРСИТЕТ, МОСКОВСКИЙ ПОЛИТЕХ, ПОЛИТЕХ</shortName>
                        <iko>87719014460771901001</iko>
                        <inn>7719455553</inn>
                        <kpp>771901001</kpp>
                        <ogrn>1167746817810</ogrn>
                        <legalAddress>107023, Г МОСКВА, УЛ СЕМЁНОВСКАЯ Б., дом ДОМ 38</legalAddress>
                        <postalAddress>107023 г. Москва, ул. Большая Семеновская, д.38</postalAddress>
                        <phone>7-495-2230523-1240</phone>
                        <email>rector@mospolytech.ru</email>
                        <okato>45263588000</okato>
                        <okpo>02068692</okpo>
                    </mainInfo>
                </ns2:placer>
                <ns2:contact>
                    <phone>+7 (495) 2230523, доб.: 1140</phone>
                    <email>torgi@mospolytech.ru</email>
                    <organization>
                        <mainInfo>
                            <fullName>ФЕДЕРАЛЬНОЕ ГОСУДАРСТВЕННОЕ БЮДЖЕТНОЕ ОБРАЗОВАТЕЛЬНОЕ УЧРЕЖДЕНИЕ ВЫСШЕГО ОБРАЗОВАНИЯ "МОСКОВСКИЙ ПОЛИТЕХНИЧЕСКИЙ УНИВЕРСИТЕТ"</fullName>
                            <shortName>МОСКОВСКИЙ ПОЛИТЕХНИЧЕСКИЙ УНИВЕРСИТЕТ, МОСКОВСКИЙ ПОЛИТЕХ, ПОЛИТЕХ</shortName>
                            <iko>87719014460771901001</iko>
                            <inn>7719455553</inn>
                            <kpp>771901001</kpp>
                            <ogrn>1167746817810</ogrn>
                            <legalAddress>107023, Г МОСКВА, УЛ СЕМЁНОВСКАЯ Б., дом ДОМ 38</legalAddress>
                            <postalAddress>107023 г. Москва, ул. Большая Семеновская, д.38</postalAddress>
                            <phone>7-495-2230523-1240</phone>
                            <email>rector@mospolytech.ru</email>
                            <okato>45263588000</okato>
                            <okpo>02068692</okpo>
                        </mainInfo>
                    </organization>
                </ns2:contact>
                <ns2:publicationDateTime>2017-03-15T15:05:27</ns2:publicationDateTime>
                <ns2:documentationDelivery/>
                <ns2:status>P</ns2:status>
                <ns2:version>1</ns2:version>
                <ns2:notDishonest>false</ns2:notDishonest>
                <ns2:attachments>
                    <totalDocumentsCount>2</totalDocumentsCount>
                    <document>
                        <guid>dd058052-3852-4c6d-add4-0d51702bfc31</guid>
                        <createDateTime>2017-03-15T15:05:09</createDateTime>
                        <fileName>Договор 8 колледж (504717 v1).doc</fileName>
                        <description>Договор 8 колледж (504717 v1)</description>
                        <url>http://zakupki.gov.ru/223/purchase/public/download/download.html?id=30077812</url>
                    </document>
                    <document>
                        <guid>5145313d-319d-43e3-b423-3c8c87626224</guid>
                        <createDateTime>2017-03-15T15:05:04</createDateTime>
                        <fileName>Извещение_документация_ЕП_по_Положению .docx</fileName>
                        <description>Извещение_документация_ЕП_по_Положению </description>
                        <url>http://zakupki.gov.ru/223/purchase/public/download/download.html?id=30077800</url>
                    </document>
                </ns2:attachments>
                <ns2:modificationDate>2017-03-15T15:05:27</ns2:modificationDate>
                <ns2:saveUserId>153814</ns2:saveUserId>
                <ns2:deliveryPlaceIndication>SINGLE_PLACE</ns2:deliveryPlaceIndication>
                <ns2:emergency>false</ns2:emergency>
                <ns2:jointPurchase>false</ns2:jointPurchase>
                <ns2:lots>
                    <lot>
                        <guid>0b157750-a2a8-49e4-9d9e-2e7dfd03ce41</guid>
                        <ordinalNumber>1</ordinalNumber>
                        <lotEditEnabled>false</lotEditEnabled>
                        <lotData>
                            <subject>Оказание услуг                          по разработке примерных основных образовательных программ по профессиям/специальностям среднего профессионального образования: 
 15.01.32 «Оператор станков с программным управлением»;
 15.01.34 «Фрезеровщик на станках с числовым программным управлением»;
 15.02.09 «Аддитивные технологии»; 15.02.10 «Мехатроника и мобильная робототехника (по отраслям)»
</subject>
                            <currency>
                                <code>RUB</code>
                                <digitalCode>643</digitalCode>
                                <name>Российский рубль</name>
                            </currency>
                            <initialSum>399600.00</initialSum>
                            <deliveryPlace>
                                <state>Центральный федеральный округ</state>
                                <region>Москва</region>
                                <regionOkato>45000000000</regionOkato>
                                <address>Россия, г. Москва, ул. Большая Семеновская, д.38</address>
                            </deliveryPlace>
                            <lotItems>
                                <newCodes>true</newCodes>
                                <lotItem>
                                    <guid>19530089-513d-464a-aa9d-c18363f9ffe7</guid>
                                    <ordinalNumber>1</ordinalNumber>
                                    <okpd2>
                                        <code>85.14.12.000</code>
                                        <name>Услуги в области общего среднего образования прочие</name>
                                    </okpd2>
                                    <okved2>
                                        <code>85.14</code>
                                        <name>Образование среднее общее</name>
                                    </okved2>
                                    <okei>
                                        <code>876</code>
                                        <name>Условная единица</name>
                                    </okei>
                                    <qty>1</qty>
                                </lotItem>
                            </lotItems>
                            <forSmallOrMiddle>false</forSmallOrMiddle>
                            <excludePurchaseFromPlan>false</excludePurchaseFromPlan>
                            <subcontractorsRequirement>false</subcontractorsRequirement>
                            <ignoredPurchase>false</ignoredPurchase>
                            <centralized>false</centralized>
                        </lotData>
                        <deliveryPlaceIndication>GL</deliveryPlaceIndication>
                        <jointLotData>
                            <jointLot>false</jointLot>
                        </jointLotData>
                        <lotPlanInfo>
                            <planRegistrationNumber>2160218948</planRegistrationNumber>
                            <planGuid>0489f4ee-7ae6-4912-8b39-baca62cb0c02</planGuid>
                            <positionNumber>70</positionNumber>
                            <lotPlanPosition>COMMODITY</lotPlanPosition>
                            <positionGuid>4b2175e3-0c01-4590-8702-a059764edaa5</positionGuid>
                        </lotPlanInfo>
                        <cancelled>false</cancelled>
                    </lot>
                </ns2:lots>
            </ns2:purchaseNoticeEPData>
        </ns2:item>
    </ns2:body>
</ns2:purchaseNoticeEP>
