<?xml version="1.0" encoding="UTF-8" standalone="yes"?>
<ns2:purchaseNoticeEP xsi:schemaLocation="http://zakupki.gov.ru/223/integration/schema/TFF-5.2 http://zakupki.gov.ru/223/integration/schema/TFF-5.2/purchase.xsd" xmlns="http://zakupki.gov.ru/223fz/types/1" xmlns:ns10="http://zakupki.gov.ru/223fz/purchasePlan/1" xmlns:ns11="http://zakupki.gov.ru/223fz/purchasePlanProject/1" xmlns:ns12="http://zakupki.gov.ru/223fz/purchasePlanProjectAdditionalPosition/1" xmlns:ns13="http://zakupki.gov.ru/223fz/contract/1" xmlns:ns14="http://zakupki.gov.ru/223fz/missedNotice/1" xmlns:ns15="http://zakupki.gov.ru/223fz/reference/1" xmlns:ns16="http://zakupki.gov.ru/223fz/stopCommodity/1" xmlns:ns17="http://zakupki.gov.ru/223fz/decisionSuspension/1" xmlns:ns18="http://zakupki.gov.ru/223fz/purchasePlanAdditionalPosition/1" xmlns:ns19="http://zakupki.gov.ru/223fz/webRequest/1" xmlns:ns2="http://zakupki.gov.ru/223fz/purchase/1" xmlns:xsi="http://www.w3.org/2001/XMLSchema-instance" xmlns:ns3="http://zakupki.gov.ru/223fz/dishonestSupplier/1" xmlns:ns4="http://zakupki.gov.ru/223fz/machineryListInfo/1" xmlns:ns5="http://zakupki.gov.ru/223fz/revenue/1" xmlns:ns6="http://zakupki.gov.ru/223fz/orderClauseList/1" xmlns:ns7="http://zakupki.gov.ru/223fz/disagreementProtocol/1" xmlns:ns8="http://zakupki.gov.ru/223fz/complaint/1" xmlns:ns9="http://zakupki.gov.ru/223fz/notificationIssue/1">
    <header>
        <guid>cac80ac5-96c8-4750-a5e4-7f1de669a79d</guid>
        <createDateTime>2017-03-15T16:51:06</createDateTime>
    </header>
    <ns2:body>
        <ns2:item>
            <guid>083e1469-fcf9-400c-b6f6-55f0cb25b7a2</guid>
            <ns2:purchaseNoticeEPData>
                <ns2:guid>083e1469-fcf9-400c-b6f6-55f0cb25b7a2</ns2:guid>
                <ns2:createDateTime>2017-03-15T16:48:54</ns2:createDateTime>
                <ns2:urlOOS>https://zakupki.gov.ru/223/purchase/private/purchase/notice-info/details.html?noticeInfoId=5880557</ns2:urlOOS>
                <ns2:registrationNumber>31704893633</ns2:registrationNumber>
                <ns2:name>Поставка продуктов питания (хлебобулочные изделия) для нужд филиала  АО "РЖД-ЗДОРОВЬЕ" санатория "Аквамарин" и "Комплекс Аквамарин-Сукко"  </ns2:name>
                <ns2:customer>
                    <mainInfo>
                        <fullName>АКЦИОНЕРНОЕ ОБЩЕСТВО "РЖД-ЗДОРОВЬЕ"</fullName>
                        <shortName>АО "РЖД-ЗДОРОВЬЕ"</shortName>
                        <iko>67703715816770101001</iko>
                        <inn>7703715816</inn>
                        <kpp>770101001</kpp>
                        <ogrn>1107746105610</ogrn>
                        <legalAddress>105064, Г МОСКВА, УЛ БАСМАННАЯ СТАР., дом ДОМ 8, корпус СТРОЕНИЕ 1</legalAddress>
                        <postalAddress>129128, г. Москва, ул. Будайская,  д. 2, корпус 8</postalAddress>
                        <phone>7-495-2234274-125</phone>
                        <email>Info@rzdz.ru</email>
                        <okato>45286575000</okato>
                        <okpo>65243788</okpo>
                    </mainInfo>
                </ns2:customer>
                <ns2:purchaseMethodCode>3363</ns2:purchaseMethodCode>
                <ns2:purchaseCodeName>Закупка у единственного поставщика (исполнителя, подрядчика)</ns2:purchaseCodeName>
                <ns2:placer>
                    <mainInfo>
                        <fullName>АКЦИОНЕРНОЕ ОБЩЕСТВО "РЖД-ЗДОРОВЬЕ"</fullName>
                        <shortName>АО "РЖД-ЗДОРОВЬЕ"</shortName>
                        <iko>67703715816770101001</iko>
                        <inn>7703715816</inn>
                        <kpp>770101001</kpp>
                        <ogrn>1107746105610</ogrn>
                        <legalAddress>105064, Г МОСКВА, УЛ БАСМАННАЯ СТАР., дом ДОМ 8, корпус СТРОЕНИЕ 1</legalAddress>
                        <postalAddress>129128, г. Москва, ул. Будайская,  д. 2, корпус 8</postalAddress>
                        <phone>7-495-2234274-125</phone>
                        <email>Info@rzdz.ru</email>
                        <okato>45286575000</okato>
                        <okpo>65243788</okpo>
                    </mainInfo>
                </ns2:placer>
                <ns2:contact>
                    <phone>+7 (86133) 33490</phone>
                    <email>info.akva@rzdz.ru</email>
                    <organization>
                        <mainInfo>
                            <fullName>АКЦИОНЕРНОЕ ОБЩЕСТВО "РЖД-ЗДОРОВЬЕ"</fullName>
                            <shortName>АО "РЖД-ЗДОРОВЬЕ"</shortName>
                            <iko>67703715816770101001</iko>
                            <inn>7703715816</inn>
                            <kpp>770101001</kpp>
                            <ogrn>1107746105610</ogrn>
                            <legalAddress>105064, Г МОСКВА, УЛ БАСМАННАЯ СТАР., дом ДОМ 8, корпус СТРОЕНИЕ 1</legalAddress>
                            <postalAddress>129128, г. Москва, ул. Будайская,  д. 2, корпус 8</postalAddress>
                            <phone>7-495-2234274-125</phone>
                            <email>Info@rzdz.ru</email>
                            <okato>45286575000</okato>
                            <okpo>65243788</okpo>
                        </mainInfo>
                    </organization>
                </ns2:contact>
                <ns2:publicationDateTime>2017-03-15T16:51:06</ns2:publicationDateTime>
                <ns2:documentationDelivery/>
                <ns2:status>P</ns2:status>
                <ns2:version>1</ns2:version>
                <ns2:notDishonest>false</ns2:notDishonest>
                <ns2:attachments>
                    <totalDocumentsCount>2</totalDocumentsCount>
                    <document>
                        <guid>3529bb02-e36b-4ec9-8ba2-e1f368ce2ac4</guid>
                        <createDateTime>2017-03-15T16:50:50</createDateTime>
                        <fileName>извещение о закупке.pdf</fileName>
                        <description>извещение о закупке</description>
                        <url>http://zakupki.gov.ru/223/purchase/public/download/download.html?id=30083627</url>
                    </document>
                    <document>
                        <guid>90eb4a1b-3aec-4ded-b58f-4839ec4620d4</guid>
                        <createDateTime>2017-03-15T16:50:54</createDateTime>
                        <fileName>документация о закупке.pdf</fileName>
                        <description>документация о закупке</description>
                        <url>http://zakupki.gov.ru/223/purchase/public/download/download.html?id=30083629</url>
                    </document>
                </ns2:attachments>
                <ns2:modificationDate>2017-03-15T16:51:06</ns2:modificationDate>
                <ns2:saveUserId>151825</ns2:saveUserId>
                <ns2:deliveryPlaceIndication>SINGLE_PLACE</ns2:deliveryPlaceIndication>
                <ns2:emergency>false</ns2:emergency>
                <ns2:jointPurchase>false</ns2:jointPurchase>
                <ns2:lots>
                    <lot>
                        <guid>4742cbd8-234b-4bd7-8c34-f3a69022d281</guid>
                        <ordinalNumber>1</ordinalNumber>
                        <lotEditEnabled>false</lotEditEnabled>
                        <lotData>
                            <subject>Поставка продуктов питания (хлебобулочные изделия) для нужд филиала  АО "РЖД-ЗДОРОВЬЕ" санатория "Аквамарин" и "Комплекс Аквамарин-Сукко"</subject>
                            <currency>
                                <code>RUB</code>
                                <digitalCode>643</digitalCode>
                                <name>Российский рубль</name>
                            </currency>
                            <initialSum>960000.00</initialSum>
                            <deliveryPlace>
                                <state>Южный федеральный округ</state>
                                <region>Краснодарский край</region>
                                <regionOkato>03000000000</regionOkato>
                                <address>Анапа Шардоне 42/1</address>
                            </deliveryPlace>
                            <lotItems>
                                <newCodes>true</newCodes>
                                <lotItem>
                                    <guid>ac21d3c7-2ae1-4170-a196-126d6b2243ad</guid>
                                    <ordinalNumber>1</ordinalNumber>
                                    <okpd2>
                                        <code>10.71</code>
                                        <name>Изделия хлебобулочные; мучные кондитерские изделия, торты и пирожные недлительного хранения</name>
                                    </okpd2>
                                    <okved2>
                                        <code>10.71</code>
                                        <name>Производство хлеба и мучных кондитерских изделий, тортов и пирожных недлительного хранения</name>
                                    </okved2>
                                    <okei>
                                        <code>168</code>
                                        <name>Тонна; Метрическая тонна (1000 кг)</name>
                                    </okei>
                                    <qty>19.2</qty>
                                </lotItem>
                            </lotItems>
                            <forSmallOrMiddle>false</forSmallOrMiddle>
                            <excludePurchaseFromPlan>false</excludePurchaseFromPlan>
                            <subcontractorsRequirement>false</subcontractorsRequirement>
                            <ignoredPurchase>false</ignoredPurchase>
                            <centralized>false</centralized>
                        </lotData>
                        <deliveryPlaceIndication>GL</deliveryPlaceIndication>
                        <jointLotData>
                            <jointLot>false</jointLot>
                        </jointLotData>
                        <lotPlanInfo>
                            <planRegistrationNumber>2160191059</planRegistrationNumber>
                            <planGuid>efdb9c3b-f9bd-4041-bfe7-808091e7855c</planGuid>
                            <positionNumber>30</positionNumber>
                            <lotPlanPosition>COMMODITY</lotPlanPosition>
                            <positionGuid>10249b79-e132-4715-98ad-7a6e708ff9b2</positionGuid>
                        </lotPlanInfo>
                        <cancelled>false</cancelled>
                    </lot>
                </ns2:lots>
            </ns2:purchaseNoticeEPData>
        </ns2:item>
    </ns2:body>
</ns2:purchaseNoticeEP>
