<?xml version="1.0" encoding="UTF-8" standalone="yes"?>
<ns2:purchaseNoticeEP xsi:schemaLocation="http://zakupki.gov.ru/223/integration/schema/TFF-5.2 http://zakupki.gov.ru/223/integration/schema/TFF-5.2/purchase.xsd" xmlns="http://zakupki.gov.ru/223fz/types/1" xmlns:ns10="http://zakupki.gov.ru/223fz/purchasePlan/1" xmlns:ns11="http://zakupki.gov.ru/223fz/purchasePlanProject/1" xmlns:ns12="http://zakupki.gov.ru/223fz/purchasePlanProjectAdditionalPosition/1" xmlns:ns13="http://zakupki.gov.ru/223fz/contract/1" xmlns:ns14="http://zakupki.gov.ru/223fz/missedNotice/1" xmlns:ns15="http://zakupki.gov.ru/223fz/reference/1" xmlns:ns16="http://zakupki.gov.ru/223fz/stopCommodity/1" xmlns:ns17="http://zakupki.gov.ru/223fz/decisionSuspension/1" xmlns:ns18="http://zakupki.gov.ru/223fz/purchasePlanAdditionalPosition/1" xmlns:ns19="http://zakupki.gov.ru/223fz/webRequest/1" xmlns:ns2="http://zakupki.gov.ru/223fz/purchase/1" xmlns:xsi="http://www.w3.org/2001/XMLSchema-instance" xmlns:ns3="http://zakupki.gov.ru/223fz/dishonestSupplier/1" xmlns:ns4="http://zakupki.gov.ru/223fz/machineryListInfo/1" xmlns:ns5="http://zakupki.gov.ru/223fz/revenue/1" xmlns:ns6="http://zakupki.gov.ru/223fz/orderClauseList/1" xmlns:ns7="http://zakupki.gov.ru/223fz/disagreementProtocol/1" xmlns:ns8="http://zakupki.gov.ru/223fz/complaint/1" xmlns:ns9="http://zakupki.gov.ru/223fz/notificationIssue/1">
    <header>
        <guid>cc60770f-9761-41af-8397-68448b8c2ab5</guid>
        <createDateTime>2017-03-15T11:38:29</createDateTime>
    </header>
    <ns2:body>
        <ns2:item>
            <guid>655a16dd-2e69-4e9f-af11-2a13d75414f4</guid>
            <ns2:purchaseNoticeEPData>
                <ns2:guid>655a16dd-2e69-4e9f-af11-2a13d75414f4</ns2:guid>
                <ns2:createDateTime>2017-03-15T11:35:05</ns2:createDateTime>
                <ns2:urlOOS>https://zakupki.gov.ru/223/purchase/private/purchase/notice-info/details.html?noticeInfoId=5877091</ns2:urlOOS>
                <ns2:registrationNumber>31704890750</ns2:registrationNumber>
                <ns2:name>Поставка лечебной косметики торговых марок Урьяж, Нюкс</ns2:name>
                <ns2:customer>
                    <mainInfo>
                        <fullName>федеральное государственное бюджетное учреждение "Центральная клиническая больница с поликлиникой" Управления делами Президента Российской Федерации</fullName>
                        <shortName>ФГБУ "ЦКБ с поликлиникой"</shortName>
                        <iko>87731082971773101001</iko>
                        <inn>7731082971</inn>
                        <kpp>773101001</kpp>
                        <ogrn>1037700201131</ogrn>
                        <legalAddress>121359, Москва, ТИМОШЕНКО МАРШАЛА, дом 15</legalAddress>
                        <postalAddress>121359, г. Москва, ул. Маршала Тимошенко, д. 15</postalAddress>
                        <phone>7-495-5300167</phone>
                        <fax>7-495-4150394</fax>
                        <email>cchtorg@mail.ru</email>
                        <okato>45268562000</okato>
                        <okpo>01914647</okpo>
                    </mainInfo>
                </ns2:customer>
                <ns2:purchaseMethodCode>3363</ns2:purchaseMethodCode>
                <ns2:purchaseCodeName>Закупка у единственного поставщика (исполнителя, подрядчика)</ns2:purchaseCodeName>
                <ns2:placer>
                    <mainInfo>
                        <fullName>федеральное государственное бюджетное учреждение "Центральная клиническая больница с поликлиникой" Управления делами Президента Российской Федерации</fullName>
                        <shortName>ФГБУ "ЦКБ с поликлиникой"</shortName>
                        <iko>87731082971773101001</iko>
                        <inn>7731082971</inn>
                        <kpp>773101001</kpp>
                        <ogrn>1037700201131</ogrn>
                        <legalAddress>121359, Москва, ТИМОШЕНКО МАРШАЛА, дом 15</legalAddress>
                        <postalAddress>121359, г. Москва, ул. Маршала Тимошенко, д. 15</postalAddress>
                        <phone>7-495-5300167</phone>
                        <fax>7-495-4150394</fax>
                        <email>cchtorg@mail.ru</email>
                        <okato>45268562000</okato>
                        <okpo>01914647</okpo>
                    </mainInfo>
                </ns2:placer>
                <ns2:contact>
                    <firstName>Ирина</firstName>
                    <middleName>Станиславовна</middleName>
                    <lastName>Сафронова </lastName>
                    <phone>+7 (495) 5300890</phone>
                    <fax>+7 (495) 4150394</fax>
                    <email>cchtorg@mail.ru</email>
                    <organization>
                        <mainInfo>
                            <fullName>федеральное государственное бюджетное учреждение "Центральная клиническая больница с поликлиникой" Управления делами Президента Российской Федерации</fullName>
                            <shortName>ФГБУ "ЦКБ с поликлиникой"</shortName>
                            <iko>87731082971773101001</iko>
                            <inn>7731082971</inn>
                            <kpp>773101001</kpp>
                            <ogrn>1037700201131</ogrn>
                            <legalAddress>121359, Москва, ТИМОШЕНКО МАРШАЛА, дом 15</legalAddress>
                            <postalAddress>121359, г. Москва, ул. Маршала Тимошенко, д. 15</postalAddress>
                            <phone>7-495-5300167</phone>
                            <fax>7-495-4150394</fax>
                            <email>cchtorg@mail.ru</email>
                            <okato>45268562000</okato>
                            <okpo>01914647</okpo>
                        </mainInfo>
                    </organization>
                </ns2:contact>
                <ns2:publicationDateTime>2017-03-15T11:38:29</ns2:publicationDateTime>
                <ns2:documentationDelivery/>
                <ns2:status>P</ns2:status>
                <ns2:version>1</ns2:version>
                <ns2:notDishonest>false</ns2:notDishonest>
                <ns2:attachments>
                    <totalDocumentsCount>1</totalDocumentsCount>
                    <document>
                        <guid>10ffa176-1302-45ea-bd53-f1de58c06958</guid>
                        <createDateTime>2017-03-15T11:37:24</createDateTime>
                        <fileName>Документация с ед пост.docx</fileName>
                        <description>Документация с ед пост</description>
                        <url>http://zakupki.gov.ru/223/purchase/public/download/download.html?id=30067042</url>
                    </document>
                </ns2:attachments>
                <ns2:modificationDate>2017-03-15T11:38:29</ns2:modificationDate>
                <ns2:saveUserId>204430</ns2:saveUserId>
                <ns2:deliveryPlaceIndication>DIFFERENT_PLACE</ns2:deliveryPlaceIndication>
                <ns2:emergency>false</ns2:emergency>
                <ns2:jointPurchase>false</ns2:jointPurchase>
                <ns2:lots>
                    <lot>
                        <guid>bf559834-2ef0-4c03-84bc-484864f3c61c</guid>
                        <ordinalNumber>1</ordinalNumber>
                        <lotEditEnabled>false</lotEditEnabled>
                        <lotData>
                            <subject>Поставка лечебной косметики торговых марок Урьяж, Нюкс</subject>
                            <currency>
                                <code>RUB</code>
                                <digitalCode>643</digitalCode>
                                <name>Российский рубль</name>
                            </currency>
                            <initialSum>260954.40</initialSum>
                            <deliveryPlace>
                                <state>Центральный федеральный округ</state>
                                <region>Москва</region>
                                <regionOkato>45000000000</regionOkato>
                                <address>121359, г. Москва, ул. Маршала Тимошенко, д.15</address>
                            </deliveryPlace>
                            <lotItems>
                                <newCodes>true</newCodes>
                                <lotItem>
                                    <guid>9f459a6e-b93e-417d-a140-1e141d35c6a0</guid>
                                    <ordinalNumber>1</ordinalNumber>
                                    <okpd2>
                                        <code>20.42.15.149</code>
                                        <name>Средства для ухода за кожей тела прочие</name>
                                    </okpd2>
                                    <okved2>
                                        <code>20.42</code>
                                        <name>Производство парфюмерных и косметических средств</name>
                                    </okved2>
                                    <okei>
                                        <code>778</code>
                                        <name>Упаковка</name>
                                    </okei>
                                    <qty>11</qty>
                                </lotItem>
                                <lotItem>
                                    <guid>99258a15-552d-4cbe-9779-2b3fbc9f200e</guid>
                                    <ordinalNumber>2</ordinalNumber>
                                    <okpd2>
                                        <code>20.42.15.149</code>
                                        <name>Средства для ухода за кожей тела прочие</name>
                                    </okpd2>
                                    <okved2>
                                        <code>20.42</code>
                                        <name>Производство парфюмерных и косметических средств</name>
                                    </okved2>
                                    <okei>
                                        <code>778</code>
                                        <name>Упаковка</name>
                                    </okei>
                                    <qty>9</qty>
                                </lotItem>
                                <lotItem>
                                    <guid>d4c87ea7-247d-405c-b599-7665080df25a</guid>
                                    <ordinalNumber>3</ordinalNumber>
                                    <okpd2>
                                        <code>20.42.15.141</code>
                                        <name>Кремы для рук</name>
                                    </okpd2>
                                    <okved2>
                                        <code>20.42</code>
                                        <name>Производство парфюмерных и косметических средств</name>
                                    </okved2>
                                    <okei>
                                        <code>778</code>
                                        <name>Упаковка</name>
                                    </okei>
                                    <qty>6</qty>
                                </lotItem>
                                <lotItem>
                                    <guid>24b63db0-7d99-4573-82e5-d1efba7ade11</guid>
                                    <ordinalNumber>4</ordinalNumber>
                                    <okpd2>
                                        <code>20.42.15.143</code>
                                        <name>Кремы детские</name>
                                    </okpd2>
                                    <okved2>
                                        <code>20.42</code>
                                        <name>Производство парфюмерных и косметических средств</name>
                                    </okved2>
                                    <okei>
                                        <code>778</code>
                                        <name>Упаковка</name>
                                    </okei>
                                    <qty>17</qty>
                                </lotItem>
                                <lotItem>
                                    <guid>660a44e1-a286-4af9-baad-17a36a7da4ea</guid>
                                    <ordinalNumber>5</ordinalNumber>
                                    <okpd2>
                                        <code>20.42.15.139</code>
                                        <name>Средства для ухода за кожей лица прочие</name>
                                    </okpd2>
                                    <okved2>
                                        <code>20.42</code>
                                        <name>Производство парфюмерных и косметических средств</name>
                                    </okved2>
                                    <okei>
                                        <code>778</code>
                                        <name>Упаковка</name>
                                    </okei>
                                    <qty>217</qty>
                                </lotItem>
                                <lotItem>
                                    <guid>0f0346f4-1992-4ada-b100-848a807ae3e0</guid>
                                    <ordinalNumber>6</ordinalNumber>
                                    <okpd2>
                                        <code>20.42.16.110</code>
                                        <name>Шампуни</name>
                                    </okpd2>
                                    <okved2>
                                        <code>20.42</code>
                                        <name>Производство парфюмерных и косметических средств</name>
                                    </okved2>
                                    <okei>
                                        <code>778</code>
                                        <name>Упаковка</name>
                                    </okei>
                                    <qty>2</qty>
                                </lotItem>
                                <lotItem>
                                    <guid>dcd7fe58-f91c-4758-bf89-9ac487210c84</guid>
                                    <ordinalNumber>7</ordinalNumber>
                                    <okpd2>
                                        <code>20.42.19.120</code>
                                        <name>Дезодоранты и антиперспиранты</name>
                                    </okpd2>
                                    <okved2>
                                        <code>20.42</code>
                                        <name>Производство парфюмерных и косметических средств</name>
                                    </okved2>
                                    <okei>
                                        <code>778</code>
                                        <name>Упаковка</name>
                                    </okei>
                                    <qty>30</qty>
                                </lotItem>
                            </lotItems>
                            <forSmallOrMiddle>false</forSmallOrMiddle>
                            <excludePurchaseFromPlan>false</excludePurchaseFromPlan>
                            <subcontractorsRequirement>false</subcontractorsRequirement>
                            <ignoredPurchase>false</ignoredPurchase>
                            <centralized>false</centralized>
                        </lotData>
                        <deliveryPlaceIndication>GL</deliveryPlaceIndication>
                        <jointLotData>
                            <jointLot>false</jointLot>
                        </jointLotData>
                        <lotPlanInfo>
                            <planRegistrationNumber>2160198717</planRegistrationNumber>
                            <planGuid>5dcec015-c98a-46ea-9156-00dbc8b480c2</planGuid>
                            <positionNumber>108</positionNumber>
                            <lotPlanPosition>COMMODITY</lotPlanPosition>
                            <positionGuid>822e79ff-ef9f-4052-bdd8-07fe242c2751</positionGuid>
                        </lotPlanInfo>
                        <cancelled>false</cancelled>
                    </lot>
                </ns2:lots>
            </ns2:purchaseNoticeEPData>
        </ns2:item>
    </ns2:body>
</ns2:purchaseNoticeEP>
