<?xml version="1.0" encoding="UTF-8" standalone="yes"?>
<ns2:purchaseNoticeEP xsi:schemaLocation="http://zakupki.gov.ru/223/integration/schema/TFF-5.2 http://zakupki.gov.ru/223/integration/schema/TFF-5.2/purchase.xsd" xmlns="http://zakupki.gov.ru/223fz/types/1" xmlns:ns10="http://zakupki.gov.ru/223fz/purchasePlan/1" xmlns:ns11="http://zakupki.gov.ru/223fz/purchasePlanProject/1" xmlns:ns12="http://zakupki.gov.ru/223fz/purchasePlanProjectAdditionalPosition/1" xmlns:ns13="http://zakupki.gov.ru/223fz/contract/1" xmlns:ns14="http://zakupki.gov.ru/223fz/missedNotice/1" xmlns:ns15="http://zakupki.gov.ru/223fz/reference/1" xmlns:ns16="http://zakupki.gov.ru/223fz/stopCommodity/1" xmlns:ns17="http://zakupki.gov.ru/223fz/decisionSuspension/1" xmlns:ns18="http://zakupki.gov.ru/223fz/purchasePlanAdditionalPosition/1" xmlns:ns19="http://zakupki.gov.ru/223fz/webRequest/1" xmlns:ns2="http://zakupki.gov.ru/223fz/purchase/1" xmlns:xsi="http://www.w3.org/2001/XMLSchema-instance" xmlns:ns3="http://zakupki.gov.ru/223fz/dishonestSupplier/1" xmlns:ns4="http://zakupki.gov.ru/223fz/machineryListInfo/1" xmlns:ns5="http://zakupki.gov.ru/223fz/revenue/1" xmlns:ns6="http://zakupki.gov.ru/223fz/orderClauseList/1" xmlns:ns7="http://zakupki.gov.ru/223fz/disagreementProtocol/1" xmlns:ns8="http://zakupki.gov.ru/223fz/complaint/1" xmlns:ns9="http://zakupki.gov.ru/223fz/notificationIssue/1">
    <header>
        <guid>86e94633-8cfe-4dce-a23c-ec4c5e738971</guid>
        <createDateTime>2017-03-15T18:02:47</createDateTime>
    </header>
    <ns2:body>
        <ns2:item>
            <guid>060b1c36-97f0-4c95-ae8f-3194f54adb57</guid>
            <ns2:purchaseNoticeEPData>
                <ns2:guid>060b1c36-97f0-4c95-ae8f-3194f54adb57</ns2:guid>
                <ns2:createDateTime>2017-03-15T17:59:38</ns2:createDateTime>
                <ns2:urlOOS>https://zakupki.gov.ru/223/purchase/private/purchase/notice-info/details.html?noticeInfoId=5881112</ns2:urlOOS>
                <ns2:registrationNumber>31704894099</ns2:registrationNumber>
                <ns2:name>приемка отходов на утилизацию с объекта: «Реконструкция водоочистных сооружений пруд отстойник «Орехово-Борисово» II-й этап, Царицыно» расположенного по адресу: Шипиловский проезд вл.24, сооруж.24, район Орехово-Борисово Северное, ЮАО г. Москвы</ns2:name>
                <ns2:customer>
                    <mainInfo>
                        <fullName>ГОСУДАРСТВЕННОЕ УНИТАРНОЕ ПРЕДПРИЯТИЕ ГОРОДА МОСКВЫ "МОСЭКОСТРОЙ"</fullName>
                        <shortName>ГУП "МОСЭКОСТРОЙ"</shortName>
                        <iko>57717005100774501001</iko>
                        <inn>7717005100</inn>
                        <kpp>774501001</kpp>
                        <ogrn>1037700227278</ogrn>
                        <legalAddress>107113, Г МОСКВА, УЛ ШУМКИНА, дом 16, корпус 8</legalAddress>
                        <postalAddress>107113, Москва Город, Шумкина Улица, дом 16, строение 8</postalAddress>
                        <phone>7-495-6609111</phone>
                        <fax>7-495-9613322</fax>
                        <email>gup@mosecostroy.ru</email>
                        <okato>45280572000</okato>
                        <okpo>00514454</okpo>
                    </mainInfo>
                </ns2:customer>
                <ns2:purchaseMethodCode>3363</ns2:purchaseMethodCode>
                <ns2:purchaseCodeName>Закупка у единственного поставщика (исполнителя, подрядчика)</ns2:purchaseCodeName>
                <ns2:placer>
                    <mainInfo>
                        <fullName>ГОСУДАРСТВЕННОЕ УНИТАРНОЕ ПРЕДПРИЯТИЕ ГОРОДА МОСКВЫ "МОСЭКОСТРОЙ"</fullName>
                        <shortName>ГУП "МОСЭКОСТРОЙ"</shortName>
                        <iko>57717005100774501001</iko>
                        <inn>7717005100</inn>
                        <kpp>774501001</kpp>
                        <ogrn>1037700227278</ogrn>
                        <legalAddress>107113, Г МОСКВА, УЛ ШУМКИНА, дом 16, корпус 8</legalAddress>
                        <postalAddress>107113, Москва Город, Шумкина Улица, дом 16, строение 8</postalAddress>
                        <phone>7-495-6609111</phone>
                        <fax>7-495-9613322</fax>
                        <email>gup@mosecostroy.ru</email>
                        <okato>45280572000</okato>
                        <okpo>00514454</okpo>
                    </mainInfo>
                </ns2:placer>
                <ns2:contact>
                    <firstName>Мария</firstName>
                    <middleName>Юрьевна</middleName>
                    <lastName>Кирилева</lastName>
                    <phone>+7 (495) 6609111</phone>
                    <email>kirileva@mosecostroy.ru</email>
                    <organization>
                        <mainInfo>
                            <fullName>ГОСУДАРСТВЕННОЕ УНИТАРНОЕ ПРЕДПРИЯТИЕ ГОРОДА МОСКВЫ "МОСЭКОСТРОЙ"</fullName>
                            <shortName>ГУП "МОСЭКОСТРОЙ"</shortName>
                            <iko>57717005100774501001</iko>
                            <inn>7717005100</inn>
                            <kpp>774501001</kpp>
                            <ogrn>1037700227278</ogrn>
                            <legalAddress>107113, Г МОСКВА, УЛ ШУМКИНА, дом 16, корпус 8</legalAddress>
                            <postalAddress>107113, Москва Город, Шумкина Улица, дом 16, строение 8</postalAddress>
                            <phone>7-495-6609111</phone>
                            <fax>7-495-9613322</fax>
                            <email>gup@mosecostroy.ru</email>
                            <okato>45280572000</okato>
                            <okpo>00514454</okpo>
                        </mainInfo>
                    </organization>
                </ns2:contact>
                <ns2:publicationDateTime>2017-03-15T18:02:47</ns2:publicationDateTime>
                <ns2:documentationDelivery/>
                <ns2:status>P</ns2:status>
                <ns2:version>1</ns2:version>
                <ns2:notDishonest>false</ns2:notDishonest>
                <ns2:attachments>
                    <totalDocumentsCount>5</totalDocumentsCount>
                    <document>
                        <guid>cd119eba-fd07-43ef-9d4c-258218d394d3</guid>
                        <createDateTime>2017-03-15T18:02:11</createDateTime>
                        <fileName>Документация 6 ЕП.docx</fileName>
                        <description>Документация 6 ЕП</description>
                        <url>http://zakupki.gov.ru/223/purchase/public/download/download.html?id=30085987</url>
                    </document>
                    <document>
                        <guid>59259479-7b2f-4c2a-8f38-4af47ab99d10</guid>
                        <createDateTime>2017-03-15T18:02:16</createDateTime>
                        <fileName>Извещение.doc</fileName>
                        <description>Извещение</description>
                        <url>http://zakupki.gov.ru/223/purchase/public/download/download.html?id=30085988</url>
                    </document>
                    <document>
                        <guid>8f3e9380-2545-4439-99c9-d13c718ddb83</guid>
                        <createDateTime>2017-03-15T18:02:20</createDateTime>
                        <fileName>Обоснование НМЦД.pdf</fileName>
                        <description>Обоснование НМЦД</description>
                        <url>http://zakupki.gov.ru/223/purchase/public/download/download.html?id=30085989</url>
                    </document>
                    <document>
                        <guid>9b8cbd70-e171-4f2a-beaa-aa4de8155066</guid>
                        <createDateTime>2017-03-15T18:02:25</createDateTime>
                        <fileName>Приложение № 2 Техническое задание (вывоз мусора).docx</fileName>
                        <description>Приложение № 2 Техническое задание (вывоз мусора)</description>
                        <url>http://zakupki.gov.ru/223/purchase/public/download/download.html?id=30085990</url>
                    </document>
                    <document>
                        <guid>3031672c-9b2e-4e02-8682-780c253dcfe5</guid>
                        <createDateTime>2017-03-15T18:02:29</createDateTime>
                        <fileName>проект договора.docx</fileName>
                        <description>проект договора</description>
                        <url>http://zakupki.gov.ru/223/purchase/public/download/download.html?id=30085991</url>
                    </document>
                </ns2:attachments>
                <ns2:modificationDate>2017-03-15T18:02:47</ns2:modificationDate>
                <ns2:saveUserId>7020</ns2:saveUserId>
                <ns2:deliveryPlaceIndication>DIFFERENT_PLACE</ns2:deliveryPlaceIndication>
                <ns2:emergency>false</ns2:emergency>
                <ns2:jointPurchase>false</ns2:jointPurchase>
                <ns2:lots>
                    <lot>
                        <guid>4d30e8b5-040f-4dfb-bca7-606bbf7beb2d</guid>
                        <ordinalNumber>1</ordinalNumber>
                        <lotEditEnabled>false</lotEditEnabled>
                        <lotData>
                            <subject>Приемка отходов на утилизацию с объекта: "Реконструкция водоочистных сооружений пруд отстойник "Орехово-Борисово" II-й этап, Царицыно" расположенного по адресу: Шипиловский проезд вл.24, соору.24, район Орехово-Борисово Северное, ЮАО г. Москвы</subject>
                            <currency>
                                <code>RUB</code>
                                <digitalCode>643</digitalCode>
                                <name>Российский рубль</name>
                            </currency>
                            <initialSum>760882.50</initialSum>
                            <deliveryPlace>
                                <state>Центральный федеральный округ</state>
                                <region>Москва</region>
                                <regionOkato>45000000000</regionOkato>
                                <address>Шипиловский проезд вл.24, сооруж.24, район Орехово-Борисово Северное, ЮАО г. Москвы</address>
                            </deliveryPlace>
                            <lotItems>
                                <newCodes>true</newCodes>
                                <lotItem>
                                    <guid>39c7446d-e6c6-4bed-8106-779ef12085be</guid>
                                    <ordinalNumber>1</ordinalNumber>
                                    <okpd2>
                                        <code>81.2</code>
                                        <name>Услуги по чистке и уборке</name>
                                    </okpd2>
                                    <okved2>
                                        <code>81</code>
                                        <name>Деятельность по обслуживанию зданий и территорий</name>
                                    </okved2>
                                    <okei>
                                        <code>876</code>
                                        <name>Условная единица</name>
                                    </okei>
                                    <qty>1</qty>
                                </lotItem>
                            </lotItems>
                            <forSmallOrMiddle>false</forSmallOrMiddle>
                            <excludePurchaseFromPlan>false</excludePurchaseFromPlan>
                            <subcontractorsRequirement>false</subcontractorsRequirement>
                            <ignoredPurchase>false</ignoredPurchase>
                            <centralized>false</centralized>
                        </lotData>
                        <deliveryPlaceIndication>GL</deliveryPlaceIndication>
                        <jointLotData>
                            <jointLot>false</jointLot>
                        </jointLotData>
                        <lotPlanInfo>
                            <planRegistrationNumber>2160218352</planRegistrationNumber>
                            <planGuid>38d0abfd-5bb3-4e43-8277-b721c2205eb7</planGuid>
                            <positionNumber>21</positionNumber>
                            <lotPlanPosition>COMMODITY</lotPlanPosition>
                            <positionGuid>21ac6f47-d46a-424c-b34a-fb80b9772d1b</positionGuid>
                        </lotPlanInfo>
                        <cancelled>false</cancelled>
                    </lot>
                </ns2:lots>
            </ns2:purchaseNoticeEPData>
        </ns2:item>
    </ns2:body>
</ns2:purchaseNoticeEP>
