<?xml version="1.0" encoding="UTF-8" standalone="yes"?>
<ns2:purchaseNoticeEP xsi:schemaLocation="http://zakupki.gov.ru/223/integration/schema/TFF-5.2 http://zakupki.gov.ru/223/integration/schema/TFF-5.2/purchase.xsd" xmlns="http://zakupki.gov.ru/223fz/types/1" xmlns:ns10="http://zakupki.gov.ru/223fz/purchasePlan/1" xmlns:ns11="http://zakupki.gov.ru/223fz/purchasePlanProject/1" xmlns:ns12="http://zakupki.gov.ru/223fz/purchasePlanProjectAdditionalPosition/1" xmlns:ns13="http://zakupki.gov.ru/223fz/contract/1" xmlns:ns14="http://zakupki.gov.ru/223fz/missedNotice/1" xmlns:ns15="http://zakupki.gov.ru/223fz/reference/1" xmlns:ns16="http://zakupki.gov.ru/223fz/stopCommodity/1" xmlns:ns17="http://zakupki.gov.ru/223fz/decisionSuspension/1" xmlns:ns18="http://zakupki.gov.ru/223fz/purchasePlanAdditionalPosition/1" xmlns:ns19="http://zakupki.gov.ru/223fz/webRequest/1" xmlns:ns2="http://zakupki.gov.ru/223fz/purchase/1" xmlns:xsi="http://www.w3.org/2001/XMLSchema-instance" xmlns:ns3="http://zakupki.gov.ru/223fz/dishonestSupplier/1" xmlns:ns4="http://zakupki.gov.ru/223fz/machineryListInfo/1" xmlns:ns5="http://zakupki.gov.ru/223fz/revenue/1" xmlns:ns6="http://zakupki.gov.ru/223fz/orderClauseList/1" xmlns:ns7="http://zakupki.gov.ru/223fz/disagreementProtocol/1" xmlns:ns8="http://zakupki.gov.ru/223fz/complaint/1" xmlns:ns9="http://zakupki.gov.ru/223fz/notificationIssue/1">
    <header>
        <guid>a51019b2-7e10-4a91-be49-e2749e7bcf41</guid>
        <createDateTime>2017-03-15T17:03:31</createDateTime>
    </header>
    <ns2:body>
        <ns2:item>
            <guid>c94f1de1-75df-469c-b77b-4aeb2fafbeb1</guid>
            <ns2:purchaseNoticeEPData>
                <ns2:guid>c94f1de1-75df-469c-b77b-4aeb2fafbeb1</ns2:guid>
                <ns2:createDateTime>2017-03-15T17:02:15</ns2:createDateTime>
                <ns2:urlOOS>https://zakupki.gov.ru/223/purchase/private/purchase/notice-info/details.html?noticeInfoId=5880680</ns2:urlOOS>
                <ns2:registrationNumber>31704893747</ns2:registrationNumber>
                <ns2:name>Оказание услуг по утилизации опасных отходов  для нужд санатория "Мыс Видный" филиала АО "РЖД-ЗДОРОВЬЕ</ns2:name>
                <ns2:customer>
                    <mainInfo>
                        <fullName>АКЦИОНЕРНОЕ ОБЩЕСТВО "РЖД-ЗДОРОВЬЕ"</fullName>
                        <shortName>АО "РЖД-ЗДОРОВЬЕ"</shortName>
                        <iko>67703715816770101001</iko>
                        <inn>7703715816</inn>
                        <kpp>770101001</kpp>
                        <ogrn>1107746105610</ogrn>
                        <legalAddress>105064, Г МОСКВА, УЛ БАСМАННАЯ СТАР., дом ДОМ 8, корпус СТРОЕНИЕ 1</legalAddress>
                        <postalAddress>129128, г. Москва, ул. Будайская,  д. 2, корпус 8</postalAddress>
                        <phone>7-495-2234274-125</phone>
                        <email>Info@rzdz.ru</email>
                        <okato>45286575000</okato>
                        <okpo>65243788</okpo>
                    </mainInfo>
                </ns2:customer>
                <ns2:purchaseMethodCode>3363</ns2:purchaseMethodCode>
                <ns2:purchaseCodeName>Закупка у единственного поставщика (исполнителя, подрядчика)</ns2:purchaseCodeName>
                <ns2:placer>
                    <mainInfo>
                        <fullName>АКЦИОНЕРНОЕ ОБЩЕСТВО "РЖД-ЗДОРОВЬЕ"</fullName>
                        <shortName>АО "РЖД-ЗДОРОВЬЕ"</shortName>
                        <iko>67703715816770101001</iko>
                        <inn>7703715816</inn>
                        <kpp>770101001</kpp>
                        <ogrn>1107746105610</ogrn>
                        <legalAddress>105064, Г МОСКВА, УЛ БАСМАННАЯ СТАР., дом ДОМ 8, корпус СТРОЕНИЕ 1</legalAddress>
                        <postalAddress>129128, г. Москва, ул. Будайская,  д. 2, корпус 8</postalAddress>
                        <phone>7-495-2234274-125</phone>
                        <email>Info@rzdz.ru</email>
                        <okato>45286575000</okato>
                        <okpo>65243788</okpo>
                    </mainInfo>
                </ns2:placer>
                <ns2:contact>
                    <phone>+7 (938) 4410148</phone>
                    <email>semenova_ea@rzdz.ru</email>
                    <organization>
                        <mainInfo>
                            <fullName>АКЦИОНЕРНОЕ ОБЩЕСТВО "РЖД-ЗДОРОВЬЕ"</fullName>
                            <shortName>АО "РЖД-ЗДОРОВЬЕ"</shortName>
                            <iko>67703715816770101001</iko>
                            <inn>7703715816</inn>
                            <kpp>770101001</kpp>
                            <ogrn>1107746105610</ogrn>
                            <legalAddress>105064, Г МОСКВА, УЛ БАСМАННАЯ СТАР., дом ДОМ 8, корпус СТРОЕНИЕ 1</legalAddress>
                            <postalAddress>129128, г. Москва, ул. Будайская,  д. 2, корпус 8</postalAddress>
                            <phone>7-495-2234274-125</phone>
                            <email>Info@rzdz.ru</email>
                            <okato>45286575000</okato>
                            <okpo>65243788</okpo>
                        </mainInfo>
                    </organization>
                </ns2:contact>
                <ns2:publicationDateTime>2017-03-15T17:03:31</ns2:publicationDateTime>
                <ns2:documentationDelivery/>
                <ns2:status>P</ns2:status>
                <ns2:version>1</ns2:version>
                <ns2:notDishonest>false</ns2:notDishonest>
                <ns2:attachments>
                    <totalDocumentsCount>2</totalDocumentsCount>
                    <document>
                        <guid>b704d95a-3684-4aaf-9f59-b4bf098ca75b</guid>
                        <createDateTime>2017-03-15T17:03:14</createDateTime>
                        <fileName>документация_Ртутная безопасность.doc</fileName>
                        <description>документация_Ртутная безопасность</description>
                        <url>http://zakupki.gov.ru/223/purchase/public/download/download.html?id=30084058</url>
                    </document>
                    <document>
                        <guid>1a1dcbd6-d74e-4bc3-8710-c518fbfe8c9b</guid>
                        <createDateTime>2017-03-15T17:03:18</createDateTime>
                        <fileName>извещение_Ртутная безопасность.doc</fileName>
                        <description>извещение_Ртутная безопасность</description>
                        <url>http://zakupki.gov.ru/223/purchase/public/download/download.html?id=30084060</url>
                    </document>
                </ns2:attachments>
                <ns2:modificationDate>2017-03-15T17:03:31</ns2:modificationDate>
                <ns2:saveUserId>151825</ns2:saveUserId>
                <ns2:deliveryPlaceIndication>SINGLE_PLACE</ns2:deliveryPlaceIndication>
                <ns2:emergency>false</ns2:emergency>
                <ns2:jointPurchase>false</ns2:jointPurchase>
                <ns2:lots>
                    <lot>
                        <guid>76a8c5cb-f5b8-49f8-9eb5-74baeef37fc5</guid>
                        <ordinalNumber>1</ordinalNumber>
                        <lotEditEnabled>false</lotEditEnabled>
                        <lotData>
                            <subject>Оказание услуг по утилизации опасных отходов  для нужд санатория "Мыс Видный" филиала АО "РЖД-ЗДОРОВЬЕ"</subject>
                            <currency>
                                <code>RUB</code>
                                <digitalCode>643</digitalCode>
                                <name>Российский рубль</name>
                            </currency>
                            <initialSum>179920.00</initialSum>
                            <deliveryPlace>
                                <state>Южный федеральный округ</state>
                                <region>Краснодарский край</region>
                                <regionOkato>03000000000</regionOkato>
                                <address>. Сочи, Новороссийское шоссе 1., санаторий «Мыс Видный»</address>
                            </deliveryPlace>
                            <lotItems>
                                <newCodes>true</newCodes>
                                <lotItem>
                                    <guid>e405e25b-7839-4ff8-9132-352bfe185efd</guid>
                                    <ordinalNumber>1</ordinalNumber>
                                    <okpd2>
                                        <code>38.22</code>
                                        <name>Услуги по переработке и утилизации опасных отходов</name>
                                    </okpd2>
                                    <okved2>
                                        <code>38.22</code>
                                        <name>Обработка и утилизация опасных отходов</name>
                                    </okved2>
                                    <okei>
                                        <code>876</code>
                                        <name>Условная единица</name>
                                    </okei>
                                    <qty>1</qty>
                                </lotItem>
                            </lotItems>
                            <forSmallOrMiddle>false</forSmallOrMiddle>
                            <excludePurchaseFromPlan>false</excludePurchaseFromPlan>
                            <subcontractorsRequirement>false</subcontractorsRequirement>
                            <ignoredPurchase>false</ignoredPurchase>
                            <centralized>false</centralized>
                        </lotData>
                        <deliveryPlaceIndication>GL</deliveryPlaceIndication>
                        <jointLotData>
                            <jointLot>false</jointLot>
                        </jointLotData>
                        <lotPlanInfo>
                            <planRegistrationNumber>2160191059</planRegistrationNumber>
                            <planGuid>efdb9c3b-f9bd-4041-bfe7-808091e7855c</planGuid>
                            <positionNumber>716</positionNumber>
                            <lotPlanPosition>COMMODITY</lotPlanPosition>
                            <positionGuid>004a68fd-2602-424b-93fc-be2083d47ecf</positionGuid>
                        </lotPlanInfo>
                        <cancelled>false</cancelled>
                    </lot>
                </ns2:lots>
            </ns2:purchaseNoticeEPData>
        </ns2:item>
    </ns2:body>
</ns2:purchaseNoticeEP>
