<?xml version="1.0" encoding="UTF-8" standalone="yes"?>
<ns2:purchaseNoticeEP xsi:schemaLocation="http://zakupki.gov.ru/223/integration/schema/TFF-5.2 http://zakupki.gov.ru/223/integration/schema/TFF-5.2/purchase.xsd" xmlns="http://zakupki.gov.ru/223fz/types/1" xmlns:ns10="http://zakupki.gov.ru/223fz/purchasePlan/1" xmlns:ns11="http://zakupki.gov.ru/223fz/purchasePlanProject/1" xmlns:ns12="http://zakupki.gov.ru/223fz/purchasePlanProjectAdditionalPosition/1" xmlns:ns13="http://zakupki.gov.ru/223fz/contract/1" xmlns:ns14="http://zakupki.gov.ru/223fz/missedNotice/1" xmlns:ns15="http://zakupki.gov.ru/223fz/reference/1" xmlns:ns16="http://zakupki.gov.ru/223fz/stopCommodity/1" xmlns:ns17="http://zakupki.gov.ru/223fz/decisionSuspension/1" xmlns:ns18="http://zakupki.gov.ru/223fz/purchasePlanAdditionalPosition/1" xmlns:ns19="http://zakupki.gov.ru/223fz/webRequest/1" xmlns:ns2="http://zakupki.gov.ru/223fz/purchase/1" xmlns:xsi="http://www.w3.org/2001/XMLSchema-instance" xmlns:ns3="http://zakupki.gov.ru/223fz/dishonestSupplier/1" xmlns:ns4="http://zakupki.gov.ru/223fz/machineryListInfo/1" xmlns:ns5="http://zakupki.gov.ru/223fz/revenue/1" xmlns:ns6="http://zakupki.gov.ru/223fz/orderClauseList/1" xmlns:ns7="http://zakupki.gov.ru/223fz/disagreementProtocol/1" xmlns:ns8="http://zakupki.gov.ru/223fz/complaint/1" xmlns:ns9="http://zakupki.gov.ru/223fz/notificationIssue/1">
    <header>
        <guid>66a2e944-c4ff-410e-b373-af7098cbf026</guid>
        <createDateTime>2017-03-15T15:42:10</createDateTime>
    </header>
    <ns2:body>
        <ns2:item>
            <guid>06fe33dd-fc34-4bca-9b70-e34d1d9e8a80</guid>
            <ns2:purchaseNoticeEPData>
                <ns2:guid>06fe33dd-fc34-4bca-9b70-e34d1d9e8a80</ns2:guid>
                <ns2:createDateTime>2017-03-15T15:37:46</ns2:createDateTime>
                <ns2:urlOOS>https://zakupki.gov.ru/223/purchase/private/purchase/notice-info/details.html?noticeInfoId=5879775</ns2:urlOOS>
                <ns2:registrationNumber>31704892970</ns2:registrationNumber>
                <ns2:name>Заключение с единственным контрагентом Договора на выполнение аварийной работы по устранению засора, прочистку и промывку наружной бытовой канализации и очистке смотровых канализационных колодцев</ns2:name>
                <ns2:customer>
                    <mainInfo>
                        <fullName>Закрытое акционерное общество "Арена Парк Менеджмент"</fullName>
                        <shortName>ЗАО "АПМ"</shortName>
                        <iko>77714877294771401001</iko>
                        <inn>7714877294</inn>
                        <kpp>771401001</kpp>
                        <ogrn>1127746511507</ogrn>
                        <legalAddress>125167, Москва, Ленинградский, дом 36, корпус стр. 3</legalAddress>
                        <postalAddress>125167, Москва, Ленинградский, дом 36, корпус стр. 3</postalAddress>
                        <phone>7-499-7554222</phone>
                        <email>Korochkina@vtb-arena.com</email>
                        <okato>45277553000</okato>
                        <okpo>09914055</okpo>
                    </mainInfo>
                </ns2:customer>
                <ns2:purchaseMethodCode>3363</ns2:purchaseMethodCode>
                <ns2:purchaseCodeName>Закупка у единственного поставщика (исполнителя, подрядчика)</ns2:purchaseCodeName>
                <ns2:placer>
                    <mainInfo>
                        <fullName>Закрытое акционерное общество "Арена Парк Менеджмент"</fullName>
                        <shortName>ЗАО "АПМ"</shortName>
                        <iko>77714877294771401001</iko>
                        <inn>7714877294</inn>
                        <kpp>771401001</kpp>
                        <ogrn>1127746511507</ogrn>
                        <legalAddress>125167, Москва, Ленинградский, дом 36, корпус стр. 3</legalAddress>
                        <postalAddress>125167, Москва, Ленинградский, дом 36, корпус стр. 3</postalAddress>
                        <phone>7-499-7554222</phone>
                        <email>Korochkina@vtb-arena.com</email>
                        <okato>45277553000</okato>
                        <okpo>09914055</okpo>
                    </mainInfo>
                </ns2:placer>
                <ns2:contact>
                    <phone>+7 (499) 7554222, доб.: 5164</phone>
                    <email>valuev@vtb-arena.com </email>
                    <organization>
                        <mainInfo>
                            <fullName>Закрытое акционерное общество "Арена Парк Менеджмент"</fullName>
                            <shortName>ЗАО "АПМ"</shortName>
                            <iko>77714877294771401001</iko>
                            <inn>7714877294</inn>
                            <kpp>771401001</kpp>
                            <ogrn>1127746511507</ogrn>
                            <legalAddress>125167, Москва, Ленинградский, дом 36, корпус стр. 3</legalAddress>
                            <postalAddress>125167, Москва, Ленинградский, дом 36, корпус стр. 3</postalAddress>
                            <phone>7-499-7554222</phone>
                            <email>Korochkina@vtb-arena.com</email>
                            <okato>45277553000</okato>
                            <okpo>09914055</okpo>
                        </mainInfo>
                    </organization>
                </ns2:contact>
                <ns2:publicationDateTime>2017-03-15T15:42:10</ns2:publicationDateTime>
                <ns2:documentationDelivery/>
                <ns2:status>P</ns2:status>
                <ns2:version>1</ns2:version>
                <ns2:notDishonest>true</ns2:notDishonest>
                <ns2:attachments>
                    <totalDocumentsCount>3</totalDocumentsCount>
                    <document>
                        <guid>71b23a00-6dd2-4510-a78f-30279618381e</guid>
                        <createDateTime>2017-03-15T15:41:41</createDateTime>
                        <fileName>Приложение 1 к проекту Договора.xlsx</fileName>
                        <description>Приложение 1 к проекту Договора</description>
                        <url>http://zakupki.gov.ru/223/purchase/public/download/download.html?id=30079971</url>
                    </document>
                    <document>
                        <guid>cb249758-f255-4718-9815-d16148f8eefb</guid>
                        <createDateTime>2017-03-15T15:41:25</createDateTime>
                        <fileName>Закупочная документация.doc</fileName>
                        <description>Закупочная документация</description>
                        <url>http://zakupki.gov.ru/223/purchase/public/download/download.html?id=30079965</url>
                    </document>
                    <document>
                        <guid>cc08ca11-3bb5-4adb-886d-43d788c64094</guid>
                        <createDateTime>2017-03-15T15:41:33</createDateTime>
                        <fileName>проект Договора.doc</fileName>
                        <description>проект Договора</description>
                        <url>http://zakupki.gov.ru/223/purchase/public/download/download.html?id=30079967</url>
                    </document>
                </ns2:attachments>
                <ns2:modificationDate>2017-03-15T15:42:10</ns2:modificationDate>
                <ns2:saveUserId>188112</ns2:saveUserId>
                <ns2:deliveryPlaceIndication>SINGLE_PLACE</ns2:deliveryPlaceIndication>
                <ns2:emergency>false</ns2:emergency>
                <ns2:jointPurchase>false</ns2:jointPurchase>
                <ns2:lots>
                    <lot>
                        <guid>ea195199-380b-4b3f-8fb8-829d53acfb81</guid>
                        <ordinalNumber>1</ordinalNumber>
                        <lotEditEnabled>false</lotEditEnabled>
                        <lotData>
                            <subject>Выполнение аварийных работ по устранению засора, прочистку и промывку наружной бытовой канализации диаметром 150  - 300 мм общей протяженностью 440 п.м. и очистке смотровых канализационных колодцев в количестве 15 шт по адресу: г. Москва, Ленинградский проспект, вл. 36 (от стр.62, стр.29 до городского коллектора)</subject>
                            <currency>
                                <code>RUB</code>
                                <digitalCode>643</digitalCode>
                                <name>Российский рубль</name>
                            </currency>
                            <initialSum>150000.00</initialSum>
                            <deliveryPlace>
                                <address>г. Москва, Ленинградский проспект, вл. 36</address>
                            </deliveryPlace>
                            <lotItems>
                                <newCodes>true</newCodes>
                                <lotItem>
                                    <guid>c2563b12-2f83-498a-a2b9-12ec1f513ac7</guid>
                                    <ordinalNumber>1</ordinalNumber>
                                    <okpd2>
                                        <code>37.00.11</code>
                                        <name>Услуги по удалению и очистке сточных отходов</name>
                                    </okpd2>
                                    <okved2>
                                        <code>37</code>
                                        <name>Сбор и обработка сточных вод</name>
                                    </okved2>
                                    <okei>
                                        <code>642</code>
                                        <name>Единица</name>
                                    </okei>
                                    <qty>1</qty>
                                </lotItem>
                            </lotItems>
                            <forSmallOrMiddle>false</forSmallOrMiddle>
                            <excludePurchaseFromPlan>false</excludePurchaseFromPlan>
                            <subcontractorsRequirement>false</subcontractorsRequirement>
                            <ignoredPurchase>false</ignoredPurchase>
                            <centralized>false</centralized>
                        </lotData>
                        <deliveryPlaceIndication>GL</deliveryPlaceIndication>
                        <jointLotData>
                            <jointLot>false</jointLot>
                        </jointLotData>
                        <lotPlanInfo>
                            <planRegistrationNumber>2160191490</planRegistrationNumber>
                            <planGuid>e0abae72-5372-4694-9e19-78f455fe2454</planGuid>
                            <positionNumber>14</positionNumber>
                            <lotPlanPosition>COMMODITY</lotPlanPosition>
                            <positionGuid>e859fa39-c320-4a8f-8a11-4f9560dad38c</positionGuid>
                        </lotPlanInfo>
                        <cancelled>false</cancelled>
                    </lot>
                </ns2:lots>
            </ns2:purchaseNoticeEPData>
        </ns2:item>
    </ns2:body>
</ns2:purchaseNoticeEP>
