<?xml version="1.0" encoding="UTF-8" standalone="yes"?>
<ns2:purchaseNoticeEP xsi:schemaLocation="http://zakupki.gov.ru/223/integration/schema/TFF-5.2 http://zakupki.gov.ru/223/integration/schema/TFF-5.2/purchase.xsd" xmlns="http://zakupki.gov.ru/223fz/types/1" xmlns:ns10="http://zakupki.gov.ru/223fz/purchasePlan/1" xmlns:ns11="http://zakupki.gov.ru/223fz/purchasePlanProject/1" xmlns:ns12="http://zakupki.gov.ru/223fz/purchasePlanProjectAdditionalPosition/1" xmlns:ns13="http://zakupki.gov.ru/223fz/contract/1" xmlns:ns14="http://zakupki.gov.ru/223fz/missedNotice/1" xmlns:ns15="http://zakupki.gov.ru/223fz/reference/1" xmlns:ns16="http://zakupki.gov.ru/223fz/stopCommodity/1" xmlns:ns17="http://zakupki.gov.ru/223fz/decisionSuspension/1" xmlns:ns18="http://zakupki.gov.ru/223fz/purchasePlanAdditionalPosition/1" xmlns:ns19="http://zakupki.gov.ru/223fz/webRequest/1" xmlns:ns2="http://zakupki.gov.ru/223fz/purchase/1" xmlns:xsi="http://www.w3.org/2001/XMLSchema-instance" xmlns:ns3="http://zakupki.gov.ru/223fz/dishonestSupplier/1" xmlns:ns4="http://zakupki.gov.ru/223fz/machineryListInfo/1" xmlns:ns5="http://zakupki.gov.ru/223fz/revenue/1" xmlns:ns6="http://zakupki.gov.ru/223fz/orderClauseList/1" xmlns:ns7="http://zakupki.gov.ru/223fz/disagreementProtocol/1" xmlns:ns8="http://zakupki.gov.ru/223fz/complaint/1" xmlns:ns9="http://zakupki.gov.ru/223fz/notificationIssue/1">
    <header>
        <guid>55a7e329-a982-43b7-bc29-2adb51390623</guid>
        <createDateTime>2017-03-15T16:13:14</createDateTime>
    </header>
    <ns2:body>
        <ns2:item>
            <guid>e9e33229-d3c3-40d8-9ec2-9a327c22ad58</guid>
            <ns2:purchaseNoticeEPData>
                <ns2:guid>e9e33229-d3c3-40d8-9ec2-9a327c22ad58</ns2:guid>
                <ns2:createDateTime>2017-03-15T16:09:00</ns2:createDateTime>
                <ns2:urlOOS>https://zakupki.gov.ru/223/purchase/private/purchase/notice-info/details.html?noticeInfoId=5880157</ns2:urlOOS>
                <ns2:registrationNumber>31704893293</ns2:registrationNumber>
                <ns2:name>Поставка сувенирной продукции с логотипом, включающим рисунок и надпись</ns2:name>
                <ns2:customer>
                    <mainInfo>
                        <fullName>ГОСУДАРСТВЕННОЕ БЮДЖЕТНОЕ УЧРЕЖДЕНИЕ КУЛЬТУРЫ ГОРОДА МОСКВЫ "МОСКОВСКИЙ МЕЖДУНАРОДНЫЙ ДОМ МУЗЫКИ"</fullName>
                        <shortName>ГБУК Г. МОСКВЫ "ММДМ"</shortName>
                        <iko>87705464692770501001</iko>
                        <inn>7705464692</inn>
                        <kpp>770501001</kpp>
                        <ogrn>1027705009452</ogrn>
                        <legalAddress>115054, г МОСКВА, наб КОСМОДАМИАНСКАЯ, дом 52, корпус 8</legalAddress>
                        <postalAddress>115054, г. Москва, Космодамианская наб., д.52, стр.8</postalAddress>
                        <phone>7-495-7301710</phone>
                        <fax>7-495-7301710</fax>
                        <email>elena-romanova-mmdm@mail.ru</email>
                        <okato>45286560000</okato>
                        <okpo>58748878</okpo>
                    </mainInfo>
                </ns2:customer>
                <ns2:purchaseMethodCode>3363</ns2:purchaseMethodCode>
                <ns2:purchaseCodeName>Закупка у единственного поставщика (исполнителя, подрядчика)</ns2:purchaseCodeName>
                <ns2:placer>
                    <mainInfo>
                        <fullName>ГОСУДАРСТВЕННОЕ БЮДЖЕТНОЕ УЧРЕЖДЕНИЕ КУЛЬТУРЫ ГОРОДА МОСКВЫ "МОСКОВСКИЙ МЕЖДУНАРОДНЫЙ ДОМ МУЗЫКИ"</fullName>
                        <shortName>ГБУК Г. МОСКВЫ "ММДМ"</shortName>
                        <iko>87705464692770501001</iko>
                        <inn>7705464692</inn>
                        <kpp>770501001</kpp>
                        <ogrn>1027705009452</ogrn>
                        <legalAddress>115054, г МОСКВА, наб КОСМОДАМИАНСКАЯ, дом 52, корпус 8</legalAddress>
                        <postalAddress>115054, г. Москва, Космодамианская наб., д.52, стр.8</postalAddress>
                        <phone>7-495-7301710</phone>
                        <fax>7-495-7301710</fax>
                        <email>elena-romanova-mmdm@mail.ru</email>
                        <okato>45286560000</okato>
                        <okpo>58748878</okpo>
                    </mainInfo>
                </ns2:placer>
                <ns2:contact>
                    <firstName>Юлия</firstName>
                    <middleName>Александровна</middleName>
                    <lastName>Кузлянова</lastName>
                    <phone>+7 (495) 7302226</phone>
                    <fax>+7 (495) 7302226</fax>
                    <email>zakupki.mmdm@mail.ru</email>
                    <organization>
                        <mainInfo>
                            <fullName>ГОСУДАРСТВЕННОЕ БЮДЖЕТНОЕ УЧРЕЖДЕНИЕ КУЛЬТУРЫ ГОРОДА МОСКВЫ "МОСКОВСКИЙ МЕЖДУНАРОДНЫЙ ДОМ МУЗЫКИ"</fullName>
                            <shortName>ГБУК Г. МОСКВЫ "ММДМ"</shortName>
                            <iko>87705464692770501001</iko>
                            <inn>7705464692</inn>
                            <kpp>770501001</kpp>
                            <ogrn>1027705009452</ogrn>
                            <legalAddress>115054, г МОСКВА, наб КОСМОДАМИАНСКАЯ, дом 52, корпус 8</legalAddress>
                            <postalAddress>115054, г. Москва, Космодамианская наб., д.52, стр.8</postalAddress>
                            <phone>7-495-7301710</phone>
                            <fax>7-495-7301710</fax>
                            <email>elena-romanova-mmdm@mail.ru</email>
                            <okato>45286560000</okato>
                            <okpo>58748878</okpo>
                        </mainInfo>
                    </organization>
                </ns2:contact>
                <ns2:publicationDateTime>2017-03-15T16:13:14</ns2:publicationDateTime>
                <ns2:documentationDelivery>
                    <deliveryStartDateTime>2017-03-15</deliveryStartDateTime>
                    <deliveryEndDateTime>2017-03-16</deliveryEndDateTime>
                    <place>115054, г. Москва, Космодамианская наб., д.52, стр.8</place>
                    <procedure>Информация о закупке у единственного исполнителя доступна для ознакомления в Единой информационной системе без взимания платы</procedure>
                </ns2:documentationDelivery>
                <ns2:status>P</ns2:status>
                <ns2:version>1</ns2:version>
                <ns2:notDishonest>true</ns2:notDishonest>
                <ns2:attachments>
                    <totalDocumentsCount>1</totalDocumentsCount>
                    <document>
                        <guid>23bd5edc-3fc3-4d8c-a31f-59e819379159</guid>
                        <createDateTime>2017-03-15T16:12:04</createDateTime>
                        <fileName>110_ГОТОВ_Сувенирка.rar</fileName>
                        <description>110_ГОТОВ_Сувенирка</description>
                        <url>http://zakupki.gov.ru/223/purchase/public/download/download.html?id=30081664</url>
                    </document>
                </ns2:attachments>
                <ns2:modificationDate>2017-03-15T16:13:14</ns2:modificationDate>
                <ns2:saveUserId>188467</ns2:saveUserId>
                <ns2:deliveryPlaceIndication>SINGLE_PLACE</ns2:deliveryPlaceIndication>
                <ns2:emergency>false</ns2:emergency>
                <ns2:jointPurchase>false</ns2:jointPurchase>
                <ns2:lots>
                    <lot>
                        <guid>dcf34dce-c897-43cc-a7ee-772bb2738e4f</guid>
                        <ordinalNumber>1</ordinalNumber>
                        <lotEditEnabled>false</lotEditEnabled>
                        <lotData>
                            <subject>Поставка сувенирной продукции с логотипом, включающим рисунок и надпись</subject>
                            <currency>
                                <code>RUB</code>
                                <digitalCode>643</digitalCode>
                                <name>Российский рубль</name>
                            </currency>
                            <initialSum>237500.00</initialSum>
                            <deliveryPlace>
                                <state>Центральный федеральный округ</state>
                                <region>Москва</region>
                                <regionOkato>45000000000</regionOkato>
                                <address>115054, г. Москва, Космодамианская наб., д.52, стр.8</address>
                            </deliveryPlace>
                            <lotItems>
                                <newCodes>true</newCodes>
                                <lotItem>
                                    <guid>7cfdd729-c99d-4763-b2f4-13072c8a5a0c</guid>
                                    <ordinalNumber>1</ordinalNumber>
                                    <okpd2>
                                        <code>14.14.30.120</code>
                                        <name>Майки и прочие нижние рубашки трикотажные или вязаные</name>
                                    </okpd2>
                                    <okved2>
                                        <code>14.14</code>
                                        <name>Производство нательного белья</name>
                                    </okved2>
                                    <okei>
                                        <code>876</code>
                                        <name>Условная единица</name>
                                    </okei>
                                    <qty>1</qty>
                                </lotItem>
                            </lotItems>
                            <forSmallOrMiddle>false</forSmallOrMiddle>
                            <excludePurchaseFromPlan>false</excludePurchaseFromPlan>
                            <subcontractorsRequirement>false</subcontractorsRequirement>
                            <ignoredPurchase>false</ignoredPurchase>
                            <centralized>false</centralized>
                        </lotData>
                        <deliveryPlaceIndication>GL</deliveryPlaceIndication>
                        <jointLotData>
                            <jointLot>false</jointLot>
                        </jointLotData>
                        <lotPlanInfo>
                            <planRegistrationNumber>2160191117</planRegistrationNumber>
                            <planGuid>eb523473-9cc5-4870-961e-b47b77b503e1</planGuid>
                            <positionNumber>110</positionNumber>
                            <lotPlanPosition>COMMODITY</lotPlanPosition>
                            <positionGuid>e7c95dee-df9f-4a29-a94e-6f9ac10db1a1</positionGuid>
                        </lotPlanInfo>
                        <cancelled>false</cancelled>
                    </lot>
                </ns2:lots>
            </ns2:purchaseNoticeEPData>
        </ns2:item>
    </ns2:body>
</ns2:purchaseNoticeEP>
