<?xml version="1.0" encoding="UTF-8" standalone="yes"?>
<ns2:purchaseNoticeEP xsi:schemaLocation="http://zakupki.gov.ru/223/integration/schema/TFF-5.2 http://zakupki.gov.ru/223/integration/schema/TFF-5.2/purchase.xsd" xmlns="http://zakupki.gov.ru/223fz/types/1" xmlns:ns10="http://zakupki.gov.ru/223fz/purchasePlan/1" xmlns:ns11="http://zakupki.gov.ru/223fz/purchasePlanProject/1" xmlns:ns12="http://zakupki.gov.ru/223fz/purchasePlanProjectAdditionalPosition/1" xmlns:ns13="http://zakupki.gov.ru/223fz/contract/1" xmlns:ns14="http://zakupki.gov.ru/223fz/missedNotice/1" xmlns:ns15="http://zakupki.gov.ru/223fz/reference/1" xmlns:ns16="http://zakupki.gov.ru/223fz/stopCommodity/1" xmlns:ns17="http://zakupki.gov.ru/223fz/decisionSuspension/1" xmlns:ns18="http://zakupki.gov.ru/223fz/purchasePlanAdditionalPosition/1" xmlns:ns19="http://zakupki.gov.ru/223fz/webRequest/1" xmlns:ns2="http://zakupki.gov.ru/223fz/purchase/1" xmlns:xsi="http://www.w3.org/2001/XMLSchema-instance" xmlns:ns3="http://zakupki.gov.ru/223fz/dishonestSupplier/1" xmlns:ns4="http://zakupki.gov.ru/223fz/machineryListInfo/1" xmlns:ns5="http://zakupki.gov.ru/223fz/revenue/1" xmlns:ns6="http://zakupki.gov.ru/223fz/orderClauseList/1" xmlns:ns7="http://zakupki.gov.ru/223fz/disagreementProtocol/1" xmlns:ns8="http://zakupki.gov.ru/223fz/complaint/1" xmlns:ns9="http://zakupki.gov.ru/223fz/notificationIssue/1">
    <header>
        <guid>d067b9ee-1721-4aa2-b28d-9ef1f668ff1e</guid>
        <createDateTime>2017-03-15T15:38:19</createDateTime>
    </header>
    <ns2:body>
        <ns2:item>
            <guid>30657b32-644e-42fd-8a1c-e554559a2f14</guid>
            <ns2:purchaseNoticeEPData>
                <ns2:guid>30657b32-644e-42fd-8a1c-e554559a2f14</ns2:guid>
                <ns2:createDateTime>2017-03-15T15:34:42</ns2:createDateTime>
                <ns2:urlOOS>https://zakupki.gov.ru/223/purchase/private/purchase/notice-info/details.html?noticeInfoId=5879729</ns2:urlOOS>
                <ns2:registrationNumber>31704892923</ns2:registrationNumber>
                <ns2:name>На право заключения договора на поставку сырья для производства военной формы одежды</ns2:name>
                <ns2:customer>
                    <mainInfo>
                        <fullName>АКЦИОНЕРНОЕ ОБЩЕСТВО "43 ЦЕНТРАЛЬНЫЙ ЭКПЕРИМЕНТАЛЬНЫЙ ПРОИЗВОДСТВЕННЫЙ КОМБИНАТ"</fullName>
                        <shortName>АО "43 ЦЭПК"</shortName>
                        <iko>77704727420770401001</iko>
                        <inn>7704727420</inn>
                        <kpp>770401001</kpp>
                        <ogrn>1097746309330</ogrn>
                        <legalAddress>119146, г МОСКВА, ул ФРУНЗЕНСКАЯ 1-Я, дом 6Б</legalAddress>
                        <postalAddress>125319 г. Москва, Кочновский проезд, д. 5 стр. 7</postalAddress>
                        <phone>8-499-7909150</phone>
                        <email>info@cepk.ru</email>
                        <okato>45286590000</okato>
                        <okpo>08311662</okpo>
                    </mainInfo>
                </ns2:customer>
                <ns2:purchaseMethodCode>3363</ns2:purchaseMethodCode>
                <ns2:purchaseCodeName>Закупка у единственного поставщика (исполнителя, подрядчика)</ns2:purchaseCodeName>
                <ns2:placer>
                    <mainInfo>
                        <fullName>АКЦИОНЕРНОЕ ОБЩЕСТВО "43 ЦЕНТРАЛЬНЫЙ ЭКПЕРИМЕНТАЛЬНЫЙ ПРОИЗВОДСТВЕННЫЙ КОМБИНАТ"</fullName>
                        <shortName>АО "43 ЦЭПК"</shortName>
                        <iko>77704727420770401001</iko>
                        <inn>7704727420</inn>
                        <kpp>770401001</kpp>
                        <ogrn>1097746309330</ogrn>
                        <legalAddress>119146, г МОСКВА, ул ФРУНЗЕНСКАЯ 1-Я, дом 6Б</legalAddress>
                        <postalAddress>125319 г. Москва, Кочновский проезд, д. 5 стр. 7</postalAddress>
                        <phone>8-499-7909150</phone>
                        <email>info@cepk.ru</email>
                        <okato>45286590000</okato>
                        <okpo>08311662</okpo>
                    </mainInfo>
                </ns2:placer>
                <ns2:contact>
                    <phone>+7 (499) 7909196</phone>
                    <email>info@cepk.ru</email>
                    <organization>
                        <mainInfo>
                            <fullName>АКЦИОНЕРНОЕ ОБЩЕСТВО "43 ЦЕНТРАЛЬНЫЙ ЭКПЕРИМЕНТАЛЬНЫЙ ПРОИЗВОДСТВЕННЫЙ КОМБИНАТ"</fullName>
                            <shortName>АО "43 ЦЭПК"</shortName>
                            <iko>77704727420770401001</iko>
                            <inn>7704727420</inn>
                            <kpp>770401001</kpp>
                            <ogrn>1097746309330</ogrn>
                            <legalAddress>119146, г МОСКВА, ул ФРУНЗЕНСКАЯ 1-Я, дом 6Б</legalAddress>
                            <postalAddress>125319 г. Москва, Кочновский проезд, д. 5 стр. 7</postalAddress>
                            <phone>8-499-7909150</phone>
                            <email>info@cepk.ru</email>
                            <okato>45286590000</okato>
                            <okpo>08311662</okpo>
                        </mainInfo>
                    </organization>
                </ns2:contact>
                <ns2:publicationDateTime>2017-03-15T15:38:19</ns2:publicationDateTime>
                <ns2:documentationDelivery/>
                <ns2:status>P</ns2:status>
                <ns2:version>1</ns2:version>
                <ns2:notDishonest>false</ns2:notDishonest>
                <ns2:attachments>
                    <totalDocumentsCount>1</totalDocumentsCount>
                    <document>
                        <guid>844cb81e-60ef-4743-9ff2-a65222374d2d</guid>
                        <createDateTime>2017-03-15T15:37:50</createDateTime>
                        <fileName>2017-03-14-Извещение о закупке у едпоставщика. ООО ТД СТК.docx</fileName>
                        <description>2017-03-14-Извещение о закупке у едпоставщика. ООО ТД СТК</description>
                        <url>http://zakupki.gov.ru/223/purchase/public/download/download.html?id=30079786</url>
                    </document>
                </ns2:attachments>
                <ns2:modificationDate>2017-03-15T15:38:19</ns2:modificationDate>
                <ns2:saveUserId>160143</ns2:saveUserId>
                <ns2:deliveryPlaceIndication>SINGLE_PLACE</ns2:deliveryPlaceIndication>
                <ns2:emergency>false</ns2:emergency>
                <ns2:jointPurchase>false</ns2:jointPurchase>
                <ns2:lots>
                    <lot>
                        <guid>d7b3195d-61a2-4658-a623-3148953a17c2</guid>
                        <ordinalNumber>1</ordinalNumber>
                        <lotEditEnabled>false</lotEditEnabled>
                        <lotData>
                            <subject>На право заключения договора на поставку сырья для производства военной формы одежды</subject>
                            <currency>
                                <code>RUB</code>
                                <digitalCode>643</digitalCode>
                                <name>Российский рубль</name>
                            </currency>
                            <initialSum>455000.00</initialSum>
                            <deliveryPlace>
                                <state>Центральный федеральный округ</state>
                                <region>Москва</region>
                                <regionOkato>45000000000</regionOkato>
                                <address>125319, г. Москва, Кочновский проезд, д. 5 стр. 7</address>
                            </deliveryPlace>
                            <lotItems>
                                <newCodes>true</newCodes>
                                <lotItem>
                                    <guid>fa2f36b3-b3a0-4351-808b-a2a41aec4d39</guid>
                                    <ordinalNumber>1</ordinalNumber>
                                    <okpd2>
                                        <code>13.20.31.122</code>
                                        <name>Ткани готовые с массовой долей полиэфирных, в том числе текстурированных нитей, не менее 85 %</name>
                                    </okpd2>
                                    <okved2>
                                        <code>13.20.4</code>
                                        <name>Производство ворсовых, махровых полотенечных тканей и прочих специальных тканей</name>
                                    </okved2>
                                    <okei>
                                        <code>018</code>
                                        <name>Погонный метр</name>
                                    </okei>
                                    <qty>700</qty>
                                </lotItem>
                            </lotItems>
                            <forSmallOrMiddle>false</forSmallOrMiddle>
                            <excludePurchaseFromPlan>false</excludePurchaseFromPlan>
                            <subcontractorsRequirement>false</subcontractorsRequirement>
                            <ignoredPurchase>false</ignoredPurchase>
                            <centralized>false</centralized>
                        </lotData>
                        <deliveryPlaceIndication>GL</deliveryPlaceIndication>
                        <jointLotData>
                            <jointLot>false</jointLot>
                        </jointLotData>
                        <lotPlanInfo>
                            <planRegistrationNumber>2160210820</planRegistrationNumber>
                            <planGuid>a2742fc2-02fe-41bb-9150-8e9e9ba0fb38</planGuid>
                            <positionNumber>50</positionNumber>
                            <lotPlanPosition>COMMODITY</lotPlanPosition>
                            <positionGuid>e9998504-892c-4b79-9200-3edea8445948</positionGuid>
                        </lotPlanInfo>
                        <cancelled>false</cancelled>
                    </lot>
                </ns2:lots>
            </ns2:purchaseNoticeEPData>
        </ns2:item>
    </ns2:body>
</ns2:purchaseNoticeEP>
