<?xml version="1.0" encoding="UTF-8" standalone="yes"?>
<ns2:purchaseNoticeEP xsi:schemaLocation="http://zakupki.gov.ru/223/integration/schema/TFF-5.2 http://zakupki.gov.ru/223/integration/schema/TFF-5.2/purchase.xsd" xmlns="http://zakupki.gov.ru/223fz/types/1" xmlns:ns10="http://zakupki.gov.ru/223fz/purchasePlan/1" xmlns:ns11="http://zakupki.gov.ru/223fz/purchasePlanProject/1" xmlns:ns12="http://zakupki.gov.ru/223fz/purchasePlanProjectAdditionalPosition/1" xmlns:ns13="http://zakupki.gov.ru/223fz/contract/1" xmlns:ns14="http://zakupki.gov.ru/223fz/missedNotice/1" xmlns:ns15="http://zakupki.gov.ru/223fz/reference/1" xmlns:ns16="http://zakupki.gov.ru/223fz/stopCommodity/1" xmlns:ns17="http://zakupki.gov.ru/223fz/decisionSuspension/1" xmlns:ns18="http://zakupki.gov.ru/223fz/purchasePlanAdditionalPosition/1" xmlns:ns19="http://zakupki.gov.ru/223fz/webRequest/1" xmlns:ns2="http://zakupki.gov.ru/223fz/purchase/1" xmlns:xsi="http://www.w3.org/2001/XMLSchema-instance" xmlns:ns3="http://zakupki.gov.ru/223fz/dishonestSupplier/1" xmlns:ns4="http://zakupki.gov.ru/223fz/machineryListInfo/1" xmlns:ns5="http://zakupki.gov.ru/223fz/revenue/1" xmlns:ns6="http://zakupki.gov.ru/223fz/orderClauseList/1" xmlns:ns7="http://zakupki.gov.ru/223fz/disagreementProtocol/1" xmlns:ns8="http://zakupki.gov.ru/223fz/complaint/1" xmlns:ns9="http://zakupki.gov.ru/223fz/notificationIssue/1">
    <header>
        <guid>d8cfccf0-f846-4bf2-8c13-d0e77f7b9521</guid>
        <createDateTime>2017-03-15T18:56:08</createDateTime>
    </header>
    <ns2:body>
        <ns2:item>
            <guid>749ac4e3-c8bc-43f2-9a3b-226560f83dcc</guid>
            <ns2:purchaseNoticeEPData>
                <ns2:guid>749ac4e3-c8bc-43f2-9a3b-226560f83dcc</ns2:guid>
                <ns2:createDateTime>2017-03-15T18:55:07</ns2:createDateTime>
                <ns2:urlOOS>https://zakupki.gov.ru/223/purchase/private/purchase/notice-info/details.html?noticeInfoId=5881346</ns2:urlOOS>
                <ns2:urlVSRZ>http://easuz.mosreg.ru/easuz223/</ns2:urlVSRZ>
                <ns2:registrationNumber>31704894326</ns2:registrationNumber>
                <ns2:name>Оказание консультационных услуг по вопросам разработки разделов проектной  документации по объекту капитального строительства: «Общеобразовательная школа на 1100 мест по адресу: «Московская область, Шатурский район, г. Шатура, микрорайон 5, владение 16» (привязка проекта повторного применения)</ns2:name>
                <ns2:customer>
                    <mainInfo>
                        <fullName>ГОСУДАРСТВЕННОЕ УНИТАРНОЕ ПРЕДПРИЯТИЕ МОСКОВСКОЙ ОБЛАСТИ "НАУЧНО-ИССЛЕДОВАТЕЛЬСКИЙ И ПРОЕКТНЫЙ ИНСТИТУТ ГРАДОСТРОИТЕЛЬСТВА"</fullName>
                        <shortName>ГУП МО "НИИПИ ГРАДОСТРОИТЕЛЬСТВА"</shortName>
                        <iko>57702069648770201001</iko>
                        <inn>7702069648</inn>
                        <kpp>770201001</kpp>
                        <ogrn>1037739292238</ogrn>
                        <legalAddress>129110, Г МОСКВА, УЛ ГИЛЯРОВСКОГО, дом 47, корпус СТР.3</legalAddress>
                        <postalAddress>129110, Москва Город, Гиляровского Улица, дом 47, строение 3</postalAddress>
                        <phone>7-495-6818818</phone>
                        <fax>7-495-6812056</fax>
                        <email>info@niipi.ru</email>
                        <okato>45286570000</okato>
                        <okpo>36556285</okpo>
                    </mainInfo>
                </ns2:customer>
                <ns2:purchaseMethodCode>3363</ns2:purchaseMethodCode>
                <ns2:purchaseCodeName>Закупка у единственного поставщика (исполнителя, подрядчика)</ns2:purchaseCodeName>
                <ns2:placer>
                    <mainInfo>
                        <fullName>ГОСУДАРСТВЕННОЕ УНИТАРНОЕ ПРЕДПРИЯТИЕ МОСКОВСКОЙ ОБЛАСТИ "НАУЧНО-ИССЛЕДОВАТЕЛЬСКИЙ И ПРОЕКТНЫЙ ИНСТИТУТ ГРАДОСТРОИТЕЛЬСТВА"</fullName>
                        <shortName>ГУП МО "НИИПИ ГРАДОСТРОИТЕЛЬСТВА"</shortName>
                        <iko>57702069648770201001</iko>
                        <inn>7702069648</inn>
                        <kpp>770201001</kpp>
                        <ogrn>1037739292238</ogrn>
                        <legalAddress>129110, Г МОСКВА, УЛ ГИЛЯРОВСКОГО, дом 47, корпус СТР.3</legalAddress>
                        <postalAddress>129110, Москва Город, Гиляровского Улица, дом 47, строение 3</postalAddress>
                        <phone>7-495-6818818</phone>
                        <fax>7-495-6812056</fax>
                        <email>info@niipi.ru</email>
                        <okato>45286570000</okato>
                        <okpo>36556285</okpo>
                    </mainInfo>
                </ns2:placer>
                <ns2:contact>
                    <firstName>Виктор </firstName>
                    <middleName>Олегович</middleName>
                    <lastName>Заворзаев </lastName>
                    <phone>+8 (495) 6819052</phone>
                    <fax>84956818818</fax>
                    <email>do@niipi.ru</email>
                    <organization>
                        <mainInfo>
                            <fullName>ГОСУДАРСТВЕННОЕ УНИТАРНОЕ ПРЕДПРИЯТИЕ МОСКОВСКОЙ ОБЛАСТИ "НАУЧНО-ИССЛЕДОВАТЕЛЬСКИЙ И ПРОЕКТНЫЙ ИНСТИТУТ ГРАДОСТРОИТЕЛЬСТВА"</fullName>
                            <shortName>ГУП МО "НИИПИ ГРАДОСТРОИТЕЛЬСТВА"</shortName>
                            <iko>57702069648770201001</iko>
                            <inn>7702069648</inn>
                            <kpp>770201001</kpp>
                            <ogrn>1037739292238</ogrn>
                            <legalAddress>129110, Г МОСКВА, УЛ ГИЛЯРОВСКОГО, дом 47, корпус СТР.3</legalAddress>
                            <postalAddress>129110, Москва Город, Гиляровского Улица, дом 47, строение 3</postalAddress>
                            <phone>7-495-6818818</phone>
                            <fax>7-495-6812056</fax>
                            <email>info@niipi.ru</email>
                            <okato>45286570000</okato>
                            <okpo>36556285</okpo>
                        </mainInfo>
                    </organization>
                    <additionalContactInfo>info@niipi.ru</additionalContactInfo>
                </ns2:contact>
                <ns2:publicationDateTime>2017-03-15T18:56:08</ns2:publicationDateTime>
                <ns2:documentationDelivery>
                    <deliveryStartDateTime>2017-03-15</deliveryStartDateTime>
                    <deliveryEndDateTime>2017-03-20</deliveryEndDateTime>
                    <place>г. Москва, ул. Гиляровского, дом 47, строение 3</place>
                    <procedure>В соответствии с Документацией</procedure>
                </ns2:documentationDelivery>
                <ns2:status>P</ns2:status>
                <ns2:version>1</ns2:version>
                <ns2:notDishonest>false</ns2:notDishonest>
                <ns2:attachments>
                    <totalDocumentsCount>8</totalDocumentsCount>
                    <document>
                        <guid>d8f46ac1-8d90-40ca-8bc7-30efa48e2e42</guid>
                        <createDateTime>2017-03-15T18:37:53</createDateTime>
                        <fileName>Формы.doc</fileName>
                        <description>Формы.doc</description>
                        <url>http://zakupki.gov.ru/223/purchase/public/download/download.html?id=30086944</url>
                    </document>
                    <document>
                        <guid>a18163b3-4a16-480c-af36-682bc774c608</guid>
                        <createDateTime>2017-03-15T18:37:53</createDateTime>
                        <fileName>ДОГОВОР НИиПИ Градостроительства Мособлгосэкспертиза.doc</fileName>
                        <description>ДОГОВОР НИиПИ Градостроительства Мособлгосэкспертиза.doc</description>
                        <url>http://zakupki.gov.ru/223/purchase/public/download/download.html?id=30086945</url>
                    </document>
                    <document>
                        <guid>86273881-a4ab-4aae-a7c2-4015d81df7ae</guid>
                        <createDateTime>2017-03-15T18:37:53</createDateTime>
                        <fileName>Документация.pdf</fileName>
                        <description>Документация.pdf</description>
                        <url>http://zakupki.gov.ru/223/purchase/public/download/download.html?id=30086946</url>
                    </document>
                    <document>
                        <guid>982d5ab8-4d69-4cab-933a-d8feebd11359</guid>
                        <createDateTime>2017-03-15T18:37:53</createDateTime>
                        <fileName>Извещение.pdf</fileName>
                        <description>Извещение.pdf</description>
                        <url>http://zakupki.gov.ru/223/purchase/public/download/download.html?id=30086947</url>
                    </document>
                    <document>
                        <guid>b11c2dd1-7efd-44d4-80f5-cb89ffc47a44</guid>
                        <createDateTime>2017-03-15T18:37:53</createDateTime>
                        <fileName>Приказ.pdf</fileName>
                        <description>Приказ.pdf</description>
                        <url>http://zakupki.gov.ru/223/purchase/public/download/download.html?id=30086948</url>
                    </document>
                    <document>
                        <guid>3a271b19-c224-432e-99bb-d9fbecef8ad6</guid>
                        <createDateTime>2017-03-15T18:37:53</createDateTime>
                        <fileName>Обоснование.pdf</fileName>
                        <description>Обоснование.pdf</description>
                        <url>http://zakupki.gov.ru/223/purchase/public/download/download.html?id=30086949</url>
                    </document>
                    <document>
                        <guid>40509ed3-c7b4-4059-99c5-39d7ea2c6dc4</guid>
                        <createDateTime>2017-03-15T18:37:53</createDateTime>
                        <fileName>Извещение ЕП.docx</fileName>
                        <description>Извещение ЕП.docx</description>
                        <url>http://zakupki.gov.ru/223/purchase/public/download/download.html?id=30086942</url>
                    </document>
                    <document>
                        <guid>633548c6-9b58-4907-b6b4-eb217985f513</guid>
                        <createDateTime>2017-03-15T18:37:53</createDateTime>
                        <fileName>Документация ЕП.docx</fileName>
                        <description>Документация ЕП.docx</description>
                        <url>http://zakupki.gov.ru/223/purchase/public/download/download.html?id=30086943</url>
                    </document>
                </ns2:attachments>
                <ns2:modificationDate>2017-03-15T18:56:08</ns2:modificationDate>
                <ns2:saveUserId>245837</ns2:saveUserId>
                <ns2:deliveryPlaceIndication>DIFFERENT_PLACE</ns2:deliveryPlaceIndication>
                <ns2:emergency>false</ns2:emergency>
                <ns2:jointPurchase>false</ns2:jointPurchase>
                <ns2:lots>
                    <lot>
                        <guid>6c3a8093-e347-49db-a198-c272b8d0298a</guid>
                        <ordinalNumber>1</ordinalNumber>
                        <lotEditEnabled>false</lotEditEnabled>
                        <lotData>
                            <subject>Оказание консультационных услуг по вопросам разработки разделов проектной  документации по объекту капитального строительства: «Общеобразовательная школа на 1100 мест по адресу: «Московская область, Шатурский район, г. Шатура, микрорайон 5, владение 16» (привязка проекта повторного применения)</subject>
                            <currency>
                                <code>RUB</code>
                                <digitalCode>643</digitalCode>
                                <name>Российский рубль</name>
                            </currency>
                            <initialSum>226420.00</initialSum>
                            <deliveryPlace>
                                <address>г. Москва, ул. Гиляровского, дом 47, строение 3</address>
                            </deliveryPlace>
                            <lotItems>
                                <newCodes>true</newCodes>
                                <lotItem>
                                    <guid>f65bfeca-302f-44bc-8ec5-613b6d816ccf</guid>
                                    <ordinalNumber>1</ordinalNumber>
                                    <okpd2>
                                        <code>71.1</code>
                                        <name>Услуги в области архитектуры, инженерно-технического проектирования и связанные технические консультативные услуги</name>
                                    </okpd2>
                                    <okved2>
                                        <code>71.11</code>
                                        <name>Деятельность в области архитектуры</name>
                                    </okved2>
                                    <additionalInfo>в соответствии с проектом договора</additionalInfo>
                                </lotItem>
                            </lotItems>
                            <forSmallOrMiddle>false</forSmallOrMiddle>
                            <excludePurchaseFromPlan>false</excludePurchaseFromPlan>
                            <subcontractorsRequirement>false</subcontractorsRequirement>
                            <ignoredPurchase>false</ignoredPurchase>
                            <centralized>false</centralized>
                        </lotData>
                        <deliveryPlaceIndication>GL</deliveryPlaceIndication>
                        <jointLotData>
                            <jointLot>false</jointLot>
                        </jointLotData>
                        <lotPlanInfo>
                            <planRegistrationNumber>2170224629</planRegistrationNumber>
                            <planGuid>9ac497fa-6742-4bb5-9498-c21831f9c64d</planGuid>
                            <positionNumber>5</positionNumber>
                            <lotPlanPosition>COMMODITY</lotPlanPosition>
                            <positionGuid>d3c9ceb2-d615-4cc6-b61d-08b6b7aaeb2b</positionGuid>
                        </lotPlanInfo>
                        <cancelled>false</cancelled>
                    </lot>
                </ns2:lots>
            </ns2:purchaseNoticeEPData>
        </ns2:item>
    </ns2:body>
</ns2:purchaseNoticeEP>
