<?xml version="1.0" encoding="UTF-8" standalone="yes"?>
<ns2:purchaseNoticeEP xsi:schemaLocation="http://zakupki.gov.ru/223/integration/schema/TFF-5.2 http://zakupki.gov.ru/223/integration/schema/TFF-5.2/purchase.xsd" xmlns="http://zakupki.gov.ru/223fz/types/1" xmlns:ns10="http://zakupki.gov.ru/223fz/purchasePlan/1" xmlns:ns11="http://zakupki.gov.ru/223fz/purchasePlanProject/1" xmlns:ns12="http://zakupki.gov.ru/223fz/purchasePlanProjectAdditionalPosition/1" xmlns:ns13="http://zakupki.gov.ru/223fz/contract/1" xmlns:ns14="http://zakupki.gov.ru/223fz/missedNotice/1" xmlns:ns15="http://zakupki.gov.ru/223fz/reference/1" xmlns:ns16="http://zakupki.gov.ru/223fz/stopCommodity/1" xmlns:ns17="http://zakupki.gov.ru/223fz/decisionSuspension/1" xmlns:ns18="http://zakupki.gov.ru/223fz/purchasePlanAdditionalPosition/1" xmlns:ns19="http://zakupki.gov.ru/223fz/webRequest/1" xmlns:ns2="http://zakupki.gov.ru/223fz/purchase/1" xmlns:xsi="http://www.w3.org/2001/XMLSchema-instance" xmlns:ns3="http://zakupki.gov.ru/223fz/dishonestSupplier/1" xmlns:ns4="http://zakupki.gov.ru/223fz/machineryListInfo/1" xmlns:ns5="http://zakupki.gov.ru/223fz/revenue/1" xmlns:ns6="http://zakupki.gov.ru/223fz/orderClauseList/1" xmlns:ns7="http://zakupki.gov.ru/223fz/disagreementProtocol/1" xmlns:ns8="http://zakupki.gov.ru/223fz/complaint/1" xmlns:ns9="http://zakupki.gov.ru/223fz/notificationIssue/1">
    <header>
        <guid>a0837992-05b3-4a24-8f48-2c4580fe9a9d</guid>
        <createDateTime>2017-03-15T19:37:25</createDateTime>
    </header>
    <ns2:body>
        <ns2:item>
            <guid>c342f64e-aefc-47bc-9c49-d32a3cefe8f5</guid>
            <ns2:purchaseNoticeEPData>
                <ns2:guid>c342f64e-aefc-47bc-9c49-d32a3cefe8f5</ns2:guid>
                <ns2:createDateTime>2017-03-15T19:34:47</ns2:createDateTime>
                <ns2:urlOOS>https://zakupki.gov.ru/223/purchase/private/purchase/notice-info/details.html?noticeInfoId=5881415</ns2:urlOOS>
                <ns2:registrationNumber>31704894401</ns2:registrationNumber>
                <ns2:name>Поставка цист артемии в сухом виде</ns2:name>
                <ns2:customer>
                    <mainInfo>
                        <fullName>ФЕДЕРАЛЬНОЕ ГОСУДАРСТВЕННОЕ БЮДЖЕТНОЕ УЧРЕЖДЕНИЕ "ГЛАВНОЕ БАССЕЙНОВОЕ УПРАВЛЕНИЕ ПО РЫБОЛОВСТВУ И СОХРАНЕНИЮ ВОДНЫХ БИОЛОГИЧЕСКИХ РЕСУРСОВ"</fullName>
                        <shortName>ФГБУ "ГЛАВРЫБВОД"</shortName>
                        <iko>87708044880772401001</iko>
                        <inn>7708044880</inn>
                        <kpp>772501001</kpp>
                        <ogrn>1037739477764</ogrn>
                        <legalAddress>115114, Г МОСКВА, ПЕР ДЕРБЕНЕВСКИЙ 1-Й, дом ДОМ 5, корпус СТРОЕНИЕ 4, офис (квартира) ОФИС 101</legalAddress>
                        <postalAddress>115114, г. Москва, 1 Дербеневский переулок, д.5, стр.4</postalAddress>
                        <phone>(499) 372 50 75</phone>
                        <fax>(499) 372 50 75</fax>
                        <email>Glavrybvod-kontrakt@yandex.ru</email>
                        <okato>45296571000</okato>
                        <okpo>00472880</okpo>
                    </mainInfo>
                </ns2:customer>
                <ns2:purchaseMethodCode>3363</ns2:purchaseMethodCode>
                <ns2:purchaseCodeName>Закупка у единственного поставщика (исполнителя, подрядчика)</ns2:purchaseCodeName>
                <ns2:placer>
                    <mainInfo>
                        <fullName>ФЕДЕРАЛЬНОЕ ГОСУДАРСТВЕННОЕ БЮДЖЕТНОЕ УЧРЕЖДЕНИЕ "ГЛАВНОЕ БАССЕЙНОВОЕ УПРАВЛЕНИЕ ПО РЫБОЛОВСТВУ И СОХРАНЕНИЮ ВОДНЫХ БИОЛОГИЧЕСКИХ РЕСУРСОВ"</fullName>
                        <shortName>ФГБУ "ГЛАВРЫБВОД"</shortName>
                        <iko>87708044880772401001</iko>
                        <inn>7708044880</inn>
                        <kpp>772501001</kpp>
                        <ogrn>1037739477764</ogrn>
                        <legalAddress>115114, Г МОСКВА, ПЕР ДЕРБЕНЕВСКИЙ 1-Й, дом ДОМ 5, корпус СТРОЕНИЕ 4, офис (квартира) ОФИС 101</legalAddress>
                        <postalAddress>115114, г. Москва, 1 Дербеневский переулок, д.5, стр.4</postalAddress>
                        <phone>(499) 372 50 75</phone>
                        <fax>(499) 372 50 75</fax>
                        <email>Glavrybvod-kontrakt@yandex.ru</email>
                        <okato>45296571000</okato>
                        <okpo>00472880</okpo>
                    </mainInfo>
                </ns2:placer>
                <ns2:contact>
                    <phone>+8 (499) 5188800</phone>
                    <email>glavrybvod-kontrakt@yandex.ru</email>
                    <organization>
                        <mainInfo>
                            <fullName>ФЕДЕРАЛЬНОЕ ГОСУДАРСТВЕННОЕ БЮДЖЕТНОЕ УЧРЕЖДЕНИЕ "ГЛАВНОЕ БАССЕЙНОВОЕ УПРАВЛЕНИЕ ПО РЫБОЛОВСТВУ И СОХРАНЕНИЮ ВОДНЫХ БИОЛОГИЧЕСКИХ РЕСУРСОВ"</fullName>
                            <shortName>ФГБУ "ГЛАВРЫБВОД"</shortName>
                            <iko>87708044880772401001</iko>
                            <inn>7708044880</inn>
                            <kpp>772501001</kpp>
                            <ogrn>1037739477764</ogrn>
                            <legalAddress>115114, Г МОСКВА, ПЕР ДЕРБЕНЕВСКИЙ 1-Й, дом ДОМ 5, корпус СТРОЕНИЕ 4, офис (квартира) ОФИС 101</legalAddress>
                            <postalAddress>115114, г. Москва, 1 Дербеневский переулок, д.5, стр.4</postalAddress>
                            <phone>(499) 372 50 75</phone>
                            <fax>(499) 372 50 75</fax>
                            <email>Glavrybvod-kontrakt@yandex.ru</email>
                            <okato>45296571000</okato>
                            <okpo>00472880</okpo>
                        </mainInfo>
                    </organization>
                </ns2:contact>
                <ns2:publicationDateTime>2017-03-15T19:37:25</ns2:publicationDateTime>
                <ns2:documentationDelivery>
                    <deliveryStartDateTime>2017-03-15</deliveryStartDateTime>
                    <place>Документация размещена в единой информационной системе в сфере закупок (www.zakupki.gov.ru).</place>
                    <procedure>Документация доступна для ознакомления на указанном сайте с момента ее опубликования без ограничений.</procedure>
                </ns2:documentationDelivery>
                <ns2:status>P</ns2:status>
                <ns2:version>1</ns2:version>
                <ns2:notDishonest>false</ns2:notDishonest>
                <ns2:attachments>
                    <totalDocumentsCount>3</totalDocumentsCount>
                    <document>
                        <guid>522e74d2-5a78-4a04-9c7a-818f8b04f23a</guid>
                        <createDateTime>2017-03-15T19:36:19</createDateTime>
                        <fileName>извещение.docx</fileName>
                        <description>извещение</description>
                        <url>http://zakupki.gov.ru/223/purchase/public/download/download.html?id=30087296</url>
                    </document>
                    <document>
                        <guid>28bcecba-3b56-4800-803f-49b719af1cfe</guid>
                        <createDateTime>2017-03-15T19:36:25</createDateTime>
                        <fileName>документация.docx</fileName>
                        <description>документация</description>
                        <url>http://zakupki.gov.ru/223/purchase/public/download/download.html?id=30087297</url>
                    </document>
                    <document>
                        <guid>b58aaba3-7aa3-4bfd-a267-b7dbc3727688</guid>
                        <createDateTime>2017-03-15T19:36:29</createDateTime>
                        <fileName>договор на поставку цисты.docx</fileName>
                        <description>договор на поставку цисты</description>
                        <url>http://zakupki.gov.ru/223/purchase/public/download/download.html?id=30087298</url>
                    </document>
                </ns2:attachments>
                <ns2:modificationDate>2017-03-15T19:37:25</ns2:modificationDate>
                <ns2:saveUserId>252467</ns2:saveUserId>
                <ns2:deliveryPlaceIndication>DIFFERENT_PLACE</ns2:deliveryPlaceIndication>
                <ns2:emergency>false</ns2:emergency>
                <ns2:jointPurchase>false</ns2:jointPurchase>
                <ns2:lots>
                    <lot>
                        <guid>b551a6a5-6a0a-4e40-b81c-a1552b5298ad</guid>
                        <ordinalNumber>1</ordinalNumber>
                        <lotEditEnabled>false</lotEditEnabled>
                        <lotData>
                            <subject>Поставка цист артемии в сухом виде
</subject>
                            <currency>
                                <code>RUB</code>
                                <digitalCode>643</digitalCode>
                                <name>Российский рубль</name>
                            </currency>
                            <initialSum>465000.00</initialSum>
                            <deliveryPlace>
                                <state>Уральский федеральный округ</state>
                                <region>Тюменская   обл</region>
                                <regionOkato>71000000000</regionOkato>
                                <address>«Абалакский эксперементальный рыборазводный завод» 626125, Тюменская область, Тобольский р-он., с. Абалак, п. Рыборазводный</address>
                            </deliveryPlace>
                            <lotItems>
                                <newCodes>true</newCodes>
                                <lotItem>
                                    <guid>de615a4d-ad25-4098-8528-c0bd851aa023</guid>
                                    <ordinalNumber>1</ordinalNumber>
                                    <okpd2>
                                        <code>10.91.10.290</code>
                                        <name>Корма для сельскохозяйственных животных прочие</name>
                                    </okpd2>
                                    <okved2>
                                        <code>10.91.1</code>
                                        <name>Производство готовых кормов (смешанных и несмешанных), кроме муки и гранул из люцерны, для животных, содержащихся на фермах</name>
                                    </okved2>
                                    <okei>
                                        <code>166</code>
                                        <name>Килограмм</name>
                                    </okei>
                                    <qty>600</qty>
                                </lotItem>
                            </lotItems>
                            <forSmallOrMiddle>false</forSmallOrMiddle>
                            <excludePurchaseFromPlan>false</excludePurchaseFromPlan>
                            <subcontractorsRequirement>false</subcontractorsRequirement>
                            <ignoredPurchase>false</ignoredPurchase>
                            <centralized>false</centralized>
                        </lotData>
                        <deliveryPlaceIndication>GL</deliveryPlaceIndication>
                        <jointLotData>
                            <jointLot>false</jointLot>
                        </jointLotData>
                        <lotPlanInfo>
                            <planRegistrationNumber>2160219266</planRegistrationNumber>
                            <planGuid>61029531-8c18-45f0-9a64-54e4d7b366c5</planGuid>
                            <positionNumber>12</positionNumber>
                            <lotPlanPosition>COMMODITY</lotPlanPosition>
                            <positionGuid>0d7e30f4-5481-4541-a8c4-7a18e0097ca2</positionGuid>
                        </lotPlanInfo>
                        <cancelled>false</cancelled>
                    </lot>
                </ns2:lots>
            </ns2:purchaseNoticeEPData>
        </ns2:item>
    </ns2:body>
</ns2:purchaseNoticeEP>
