<?xml version="1.0" encoding="UTF-8" standalone="yes"?>
<ns2:purchaseNoticeEP xsi:schemaLocation="http://zakupki.gov.ru/223/integration/schema/TFF-5.2 http://zakupki.gov.ru/223/integration/schema/TFF-5.2/purchase.xsd" xmlns="http://zakupki.gov.ru/223fz/types/1" xmlns:ns10="http://zakupki.gov.ru/223fz/purchasePlan/1" xmlns:ns11="http://zakupki.gov.ru/223fz/purchasePlanProject/1" xmlns:ns12="http://zakupki.gov.ru/223fz/purchasePlanProjectAdditionalPosition/1" xmlns:ns13="http://zakupki.gov.ru/223fz/contract/1" xmlns:ns14="http://zakupki.gov.ru/223fz/missedNotice/1" xmlns:ns15="http://zakupki.gov.ru/223fz/reference/1" xmlns:ns16="http://zakupki.gov.ru/223fz/stopCommodity/1" xmlns:ns17="http://zakupki.gov.ru/223fz/decisionSuspension/1" xmlns:ns18="http://zakupki.gov.ru/223fz/purchasePlanAdditionalPosition/1" xmlns:ns19="http://zakupki.gov.ru/223fz/webRequest/1" xmlns:ns2="http://zakupki.gov.ru/223fz/purchase/1" xmlns:xsi="http://www.w3.org/2001/XMLSchema-instance" xmlns:ns3="http://zakupki.gov.ru/223fz/dishonestSupplier/1" xmlns:ns4="http://zakupki.gov.ru/223fz/machineryListInfo/1" xmlns:ns5="http://zakupki.gov.ru/223fz/revenue/1" xmlns:ns6="http://zakupki.gov.ru/223fz/orderClauseList/1" xmlns:ns7="http://zakupki.gov.ru/223fz/disagreementProtocol/1" xmlns:ns8="http://zakupki.gov.ru/223fz/complaint/1" xmlns:ns9="http://zakupki.gov.ru/223fz/notificationIssue/1">
    <header>
        <guid>98c4e1ff-af4a-45e6-a9e0-eb3047c40b04</guid>
        <createDateTime>2017-03-15T13:45:19</createDateTime>
    </header>
    <ns2:body>
        <ns2:item>
            <guid>a0a89cfa-f1a6-4ae8-9b41-b76d6a9505bf</guid>
            <ns2:purchaseNoticeEPData>
                <ns2:guid>a0a89cfa-f1a6-4ae8-9b41-b76d6a9505bf</ns2:guid>
                <ns2:createDateTime>2017-03-15T13:42:07</ns2:createDateTime>
                <ns2:urlOOS>https://zakupki.gov.ru/223/purchase/private/purchase/notice-info/details.html?noticeInfoId=5878287</ns2:urlOOS>
                <ns2:registrationNumber>31704891730</ns2:registrationNumber>
                <ns2:name>Поставка мебели для строения 2</ns2:name>
                <ns2:customer>
                    <mainInfo>
                        <fullName>федеральное государственное бюджетное учреждение "Государственный научный центр дерматовенерологии и косметологии" Министерства здравоохранения Российской Федерации</fullName>
                        <shortName>ФГБУ "ГНЦДК" Минздрава России</shortName>
                        <iko>87718710585771801001</iko>
                        <inn>7718710585</inn>
                        <kpp>771801001</kpp>
                        <ogrn>1087746788095</ogrn>
                        <legalAddress>107076, МОСКВА, КОРОЛЕНКО, дом 3, корпус 6</legalAddress>
                        <postalAddress>107076, Москва г, Короленко ул, дом 3А, строение 6</postalAddress>
                        <phone>7-499-7852015</phone>
                        <email>sed@cnikvi.ru</email>
                        <okato>45263591000</okato>
                        <okpo>86582224</okpo>
                    </mainInfo>
                </ns2:customer>
                <ns2:purchaseMethodCode>3363</ns2:purchaseMethodCode>
                <ns2:purchaseCodeName>Закупка у единственного поставщика (исполнителя, подрядчика)</ns2:purchaseCodeName>
                <ns2:placer>
                    <mainInfo>
                        <fullName>федеральное государственное бюджетное учреждение "Государственный научный центр дерматовенерологии и косметологии" Министерства здравоохранения Российской Федерации</fullName>
                        <shortName>ФГБУ "ГНЦДК" Минздрава России</shortName>
                        <iko>87718710585771801001</iko>
                        <inn>7718710585</inn>
                        <kpp>771801001</kpp>
                        <ogrn>1087746788095</ogrn>
                        <legalAddress>107076, МОСКВА, КОРОЛЕНКО, дом 3, корпус 6</legalAddress>
                        <postalAddress>107076, Москва г, Короленко ул, дом 3А, строение 6</postalAddress>
                        <phone>7-499-7852015</phone>
                        <email>sed@cnikvi.ru</email>
                        <okato>45263591000</okato>
                        <okpo>86582224</okpo>
                    </mainInfo>
                </ns2:placer>
                <ns2:contact>
                    <firstName>Ирина</firstName>
                    <middleName>Николаевна</middleName>
                    <lastName>Воронина</lastName>
                    <phone>+7 (499) 7852027</phone>
                    <email>voronina@cnikvi.ru</email>
                    <organization>
                        <mainInfo>
                            <fullName>федеральное государственное бюджетное учреждение "Государственный научный центр дерматовенерологии и косметологии" Министерства здравоохранения Российской Федерации</fullName>
                            <shortName>ФГБУ "ГНЦДК" Минздрава России</shortName>
                            <iko>87718710585771801001</iko>
                            <inn>7718710585</inn>
                            <kpp>771801001</kpp>
                            <ogrn>1087746788095</ogrn>
                            <legalAddress>107076, МОСКВА, КОРОЛЕНКО, дом 3, корпус 6</legalAddress>
                            <postalAddress>107076, Москва г, Короленко ул, дом 3А, строение 6</postalAddress>
                            <phone>7-499-7852015</phone>
                            <email>sed@cnikvi.ru</email>
                            <okato>45263591000</okato>
                            <okpo>86582224</okpo>
                        </mainInfo>
                    </organization>
                </ns2:contact>
                <ns2:publicationDateTime>2017-03-15T13:45:19</ns2:publicationDateTime>
                <ns2:documentationDelivery/>
                <ns2:status>P</ns2:status>
                <ns2:version>1</ns2:version>
                <ns2:notDishonest>true</ns2:notDishonest>
                <ns2:attachments>
                    <totalDocumentsCount>1</totalDocumentsCount>
                    <document>
                        <guid>5478d913-0bd0-499b-94e8-c8acd0816382</guid>
                        <createDateTime>2017-03-15T13:44:53</createDateTime>
                        <fileName>Проект договора.docx</fileName>
                        <description>Проект договора</description>
                        <url>http://zakupki.gov.ru/223/purchase/public/download/download.html?id=30072963</url>
                    </document>
                </ns2:attachments>
                <ns2:modificationDate>2017-03-15T13:45:19</ns2:modificationDate>
                <ns2:saveUserId>115947</ns2:saveUserId>
                <ns2:deliveryPlaceIndication>DIFFERENT_PLACE</ns2:deliveryPlaceIndication>
                <ns2:emergency>false</ns2:emergency>
                <ns2:jointPurchase>false</ns2:jointPurchase>
                <ns2:lots>
                    <lot>
                        <guid>3d0eba2f-b1ae-4969-b483-48074e13cbd7</guid>
                        <ordinalNumber>1</ordinalNumber>
                        <lotEditEnabled>false</lotEditEnabled>
                        <lotData>
                            <subject>Поставка мебели для строения 2</subject>
                            <currency>
                                <code>RUB</code>
                                <digitalCode>643</digitalCode>
                                <name>Российский рубль</name>
                            </currency>
                            <initialSum>170400.00</initialSum>
                            <deliveryPlace>
                                <state>Центральный федеральный округ</state>
                                <region>Москва</region>
                                <regionOkato>45000000000</regionOkato>
                                <address>г. Москва, ул. Короленко, д. 3, стр. 19</address>
                            </deliveryPlace>
                            <lotItems>
                                <newCodes>true</newCodes>
                                <lotItem>
                                    <guid>98db930a-3487-435a-ad7c-cace24156fe2</guid>
                                    <ordinalNumber>1</ordinalNumber>
                                    <okpd2>
                                        <code>32.50.30.110</code>
                                        <name>Мебель медицинская, включая хирургическую, стоматологическую или ветеринарную, и ее части</name>
                                    </okpd2>
                                    <okved2>
                                        <code>32.50</code>
                                        <name>Производство медицинских инструментов и оборудования</name>
                                    </okved2>
                                    <okei>
                                        <code>796</code>
                                        <name>Штука</name>
                                    </okei>
                                    <qty>8</qty>
                                </lotItem>
                            </lotItems>
                            <forSmallOrMiddle>false</forSmallOrMiddle>
                            <excludePurchaseFromPlan>false</excludePurchaseFromPlan>
                            <subcontractorsRequirement>false</subcontractorsRequirement>
                            <ignoredPurchase>false</ignoredPurchase>
                            <centralized>false</centralized>
                        </lotData>
                        <deliveryPlaceIndication>GL</deliveryPlaceIndication>
                        <jointLotData>
                            <jointLot>false</jointLot>
                        </jointLotData>
                        <lotPlanInfo>
                            <planRegistrationNumber>2160216063</planRegistrationNumber>
                            <planGuid>eb060999-e21b-4a84-b748-62875d0e2fe6</planGuid>
                            <positionNumber>123</positionNumber>
                            <lotPlanPosition>COMMODITY</lotPlanPosition>
                            <positionGuid>3af2d13a-3ca0-4374-833a-15916e0ad226</positionGuid>
                        </lotPlanInfo>
                        <cancelled>false</cancelled>
                    </lot>
                </ns2:lots>
            </ns2:purchaseNoticeEPData>
        </ns2:item>
    </ns2:body>
</ns2:purchaseNoticeEP>
