<?xml version="1.0" encoding="UTF-8" standalone="yes"?>
<ns2:purchaseNoticeEP xsi:schemaLocation="http://zakupki.gov.ru/223/integration/schema/TFF-5.2 http://zakupki.gov.ru/223/integration/schema/TFF-5.2/purchase.xsd" xmlns="http://zakupki.gov.ru/223fz/types/1" xmlns:ns10="http://zakupki.gov.ru/223fz/purchasePlan/1" xmlns:ns11="http://zakupki.gov.ru/223fz/purchasePlanProject/1" xmlns:ns12="http://zakupki.gov.ru/223fz/purchasePlanProjectAdditionalPosition/1" xmlns:ns13="http://zakupki.gov.ru/223fz/contract/1" xmlns:ns14="http://zakupki.gov.ru/223fz/missedNotice/1" xmlns:ns15="http://zakupki.gov.ru/223fz/reference/1" xmlns:ns16="http://zakupki.gov.ru/223fz/stopCommodity/1" xmlns:ns17="http://zakupki.gov.ru/223fz/decisionSuspension/1" xmlns:ns18="http://zakupki.gov.ru/223fz/purchasePlanAdditionalPosition/1" xmlns:ns19="http://zakupki.gov.ru/223fz/webRequest/1" xmlns:ns2="http://zakupki.gov.ru/223fz/purchase/1" xmlns:xsi="http://www.w3.org/2001/XMLSchema-instance" xmlns:ns3="http://zakupki.gov.ru/223fz/dishonestSupplier/1" xmlns:ns4="http://zakupki.gov.ru/223fz/machineryListInfo/1" xmlns:ns5="http://zakupki.gov.ru/223fz/revenue/1" xmlns:ns6="http://zakupki.gov.ru/223fz/orderClauseList/1" xmlns:ns7="http://zakupki.gov.ru/223fz/disagreementProtocol/1" xmlns:ns8="http://zakupki.gov.ru/223fz/complaint/1" xmlns:ns9="http://zakupki.gov.ru/223fz/notificationIssue/1">
    <header>
        <guid>8848554d-4407-4b22-9ae6-5e1d60f2edd4</guid>
        <createDateTime>2017-03-15T17:25:51</createDateTime>
    </header>
    <ns2:body>
        <ns2:item>
            <guid>b6affe21-d832-45c3-a45a-1e427857fc62</guid>
            <ns2:purchaseNoticeEPData>
                <ns2:guid>b6affe21-d832-45c3-a45a-1e427857fc62</ns2:guid>
                <ns2:createDateTime>2017-03-15T17:23:17</ns2:createDateTime>
                <ns2:urlOOS>https://zakupki.gov.ru/223/purchase/private/purchase/notice-info/details.html?noticeInfoId=5880877</ns2:urlOOS>
                <ns2:registrationNumber>31704893909</ns2:registrationNumber>
                <ns2:name>покупка комплектующих изделий (микросхемы, преобразователи напряжения, транзисторы)</ns2:name>
                <ns2:customer>
                    <mainInfo>
                        <fullName>ФЕДЕРАЛЬНОЕ ГОСУДАРСТВЕННОЕ УНИТАРНОЕ ПРЕДПРИЯТИЕ "СПЕЦИАЛИЗИРОВАННОЕ КОНСТРУКТОРСКОЕ БЮРО РАДИОЭЛЕКТРОННОЙ АППАРАТУРЫ "РАДЭЛ"</fullName>
                        <shortName>ФГУП СКБ "РАДЭЛ"</shortName>
                        <iko>57735048097773501001</iko>
                        <inn>7735048097</inn>
                        <kpp>773501001</kpp>
                        <ogrn>1027739585257</ogrn>
                        <legalAddress>124460, МОСКВА, ЗЕЛЕНОГРАД, ГЕНЕРАЛА АЛЕКСЕЕВА, дом 2</legalAddress>
                        <postalAddress>124460, г. Москва, Зеленоград, Генерала Алексеева проспект, дом 2</postalAddress>
                        <phone>7-499-7351231</phone>
                        <fax>7-499-7352332</fax>
                        <email>skb@radel.compnet.ru</email>
                        <okato>45272562000</okato>
                        <okpo>11488080</okpo>
                    </mainInfo>
                </ns2:customer>
                <ns2:purchaseMethodCode>3363</ns2:purchaseMethodCode>
                <ns2:purchaseCodeName>Закупка у единственного поставщика (исполнителя, подрядчика)</ns2:purchaseCodeName>
                <ns2:placer>
                    <mainInfo>
                        <fullName>ФЕДЕРАЛЬНОЕ ГОСУДАРСТВЕННОЕ УНИТАРНОЕ ПРЕДПРИЯТИЕ "СПЕЦИАЛИЗИРОВАННОЕ КОНСТРУКТОРСКОЕ БЮРО РАДИОЭЛЕКТРОННОЙ АППАРАТУРЫ "РАДЭЛ"</fullName>
                        <shortName>ФГУП СКБ "РАДЭЛ"</shortName>
                        <iko>57735048097773501001</iko>
                        <inn>7735048097</inn>
                        <kpp>773501001</kpp>
                        <ogrn>1027739585257</ogrn>
                        <legalAddress>124460, МОСКВА, ЗЕЛЕНОГРАД, ГЕНЕРАЛА АЛЕКСЕЕВА, дом 2</legalAddress>
                        <postalAddress>124460, г. Москва, Зеленоград, Генерала Алексеева проспект, дом 2</postalAddress>
                        <phone>7-499-7351231</phone>
                        <fax>7-499-7352332</fax>
                        <email>skb@radel.compnet.ru</email>
                        <okato>45272562000</okato>
                        <okpo>11488080</okpo>
                    </mainInfo>
                </ns2:placer>
                <ns2:contact>
                    <phone>+7 (499) 7352332</phone>
                    <email>skb@radel.compnet.ru</email>
                    <organization>
                        <mainInfo>
                            <fullName>ФЕДЕРАЛЬНОЕ ГОСУДАРСТВЕННОЕ УНИТАРНОЕ ПРЕДПРИЯТИЕ "СПЕЦИАЛИЗИРОВАННОЕ КОНСТРУКТОРСКОЕ БЮРО РАДИОЭЛЕКТРОННОЙ АППАРАТУРЫ "РАДЭЛ"</fullName>
                            <shortName>ФГУП СКБ "РАДЭЛ"</shortName>
                            <iko>57735048097773501001</iko>
                            <inn>7735048097</inn>
                            <kpp>773501001</kpp>
                            <ogrn>1027739585257</ogrn>
                            <legalAddress>124460, МОСКВА, ЗЕЛЕНОГРАД, ГЕНЕРАЛА АЛЕКСЕЕВА, дом 2</legalAddress>
                            <postalAddress>124460, г. Москва, Зеленоград, Генерала Алексеева проспект, дом 2</postalAddress>
                            <phone>7-499-7351231</phone>
                            <fax>7-499-7352332</fax>
                            <email>skb@radel.compnet.ru</email>
                            <okato>45272562000</okato>
                            <okpo>11488080</okpo>
                        </mainInfo>
                    </organization>
                </ns2:contact>
                <ns2:publicationDateTime>2017-03-15T17:25:51</ns2:publicationDateTime>
                <ns2:documentationDelivery>
                    <place>не предоставляется</place>
                    <procedure>не предоставляется</procedure>
                </ns2:documentationDelivery>
                <ns2:status>P</ns2:status>
                <ns2:version>1</ns2:version>
                <ns2:notDishonest>false</ns2:notDishonest>
                <ns2:attachments>
                    <totalDocumentsCount>3</totalDocumentsCount>
                    <document>
                        <guid>59581ad5-1412-49df-88e5-e9491fea8b15</guid>
                        <createDateTime>2017-03-15T17:25:02</createDateTime>
                        <fileName>Спецификация.doc</fileName>
                        <description>Спецификация</description>
                        <url>http://zakupki.gov.ru/223/purchase/public/download/download.html?id=30084898</url>
                    </document>
                    <document>
                        <guid>4065947f-33a0-45eb-9e1c-f487b7228882</guid>
                        <createDateTime>2017-03-15T17:25:05</createDateTime>
                        <fileName>И_Д.doc</fileName>
                        <description>И_Д</description>
                        <url>http://zakupki.gov.ru/223/purchase/public/download/download.html?id=30084902</url>
                    </document>
                    <document>
                        <guid>e5b3996a-b9f9-463b-9463-76008bb1665b</guid>
                        <createDateTime>2017-03-15T17:24:58</createDateTime>
                        <fileName>Договор.doc</fileName>
                        <description>Договор</description>
                        <url>http://zakupki.gov.ru/223/purchase/public/download/download.html?id=30084895</url>
                    </document>
                </ns2:attachments>
                <ns2:modificationDate>2017-03-15T17:25:51</ns2:modificationDate>
                <ns2:saveUserId>99113</ns2:saveUserId>
                <ns2:deliveryPlaceIndication>DIFFERENT_PLACE</ns2:deliveryPlaceIndication>
                <ns2:emergency>false</ns2:emergency>
                <ns2:jointPurchase>false</ns2:jointPurchase>
                <ns2:lots>
                    <lot>
                        <guid>547b556c-a9b1-4cdd-8d0a-eed5d01fc77c</guid>
                        <ordinalNumber>1</ordinalNumber>
                        <lotEditEnabled>false</lotEditEnabled>
                        <lotData>
                            <subject>Покупка комплектующих изделий (микросхемы)</subject>
                            <currency>
                                <code>RUB</code>
                                <digitalCode>643</digitalCode>
                                <name>Российский рубль</name>
                            </currency>
                            <initialSum>245000.00</initialSum>
                            <deliveryPlace>
                                <state>Центральный федеральный округ</state>
                                <region>Москва</region>
                                <regionOkato>45000000000</regionOkato>
                                <address>г.Москва г.Зеленоград</address>
                            </deliveryPlace>
                            <lotItems>
                                <newCodes>true</newCodes>
                                <lotItem>
                                    <guid>2d564ca8-2747-4524-9d04-7ba748bb0fd8</guid>
                                    <ordinalNumber>1</ordinalNumber>
                                    <okpd2>
                                        <code>26.11.30</code>
                                        <name>Схемы интегральные электронные</name>
                                    </okpd2>
                                    <okved2>
                                        <code>46.52.2</code>
                                        <name>Торговля оптовая электронным оборудованием и его запасными частями</name>
                                    </okved2>
                                    <okei>
                                        <code>796</code>
                                        <name>Штука</name>
                                    </okei>
                                    <qty>972</qty>
                                </lotItem>
                                <lotItem>
                                    <guid>d24a3222-c7a0-4aa7-9c1d-ebacc909cd2e</guid>
                                    <ordinalNumber>2</ordinalNumber>
                                    <okpd2>
                                        <code>26.30.30</code>
                                        <name>Части и комплектующие коммуникационного оборудования</name>
                                    </okpd2>
                                    <okved2>
                                        <code>46.52.2</code>
                                        <name>Торговля оптовая электронным оборудованием и его запасными частями</name>
                                    </okved2>
                                    <okei>
                                        <code>796</code>
                                        <name>Штука</name>
                                    </okei>
                                    <qty>10</qty>
                                </lotItem>
                                <lotItem>
                                    <guid>198aa569-fd8c-48d6-95be-76bfa87fb454</guid>
                                    <ordinalNumber>3</ordinalNumber>
                                    <okpd2>
                                        <code>26.11.21.120</code>
                                        <name>Транзисторы</name>
                                    </okpd2>
                                    <okved2>
                                        <code>46.52.2</code>
                                        <name>Торговля оптовая электронным оборудованием и его запасными частями</name>
                                    </okved2>
                                    <okei>
                                        <code>796</code>
                                        <name>Штука</name>
                                    </okei>
                                    <qty>650</qty>
                                </lotItem>
                            </lotItems>
                            <forSmallOrMiddle>false</forSmallOrMiddle>
                            <excludePurchaseFromPlan>false</excludePurchaseFromPlan>
                            <subcontractorsRequirement>false</subcontractorsRequirement>
                            <ignoredPurchase>false</ignoredPurchase>
                            <centralized>false</centralized>
                        </lotData>
                        <deliveryPlaceIndication>GL</deliveryPlaceIndication>
                        <jointLotData>
                            <jointLot>false</jointLot>
                        </jointLotData>
                        <lotPlanInfo>
                            <planRegistrationNumber>2160184112</planRegistrationNumber>
                            <planGuid>fe243605-d4ec-440a-b1ed-ad071099b487</planGuid>
                            <positionNumber>55</positionNumber>
                            <lotPlanPosition>COMMODITY</lotPlanPosition>
                            <positionGuid>cfa52793-7577-4112-a093-d99219d27090</positionGuid>
                        </lotPlanInfo>
                        <cancelled>false</cancelled>
                    </lot>
                </ns2:lots>
            </ns2:purchaseNoticeEPData>
        </ns2:item>
    </ns2:body>
</ns2:purchaseNoticeEP>
