<?xml version="1.0" encoding="UTF-8" standalone="yes"?>
<ns2:purchaseNoticeEP xsi:schemaLocation="http://zakupki.gov.ru/223/integration/schema/TFF-5.2 http://zakupki.gov.ru/223/integration/schema/TFF-5.2/purchase.xsd" xmlns="http://zakupki.gov.ru/223fz/types/1" xmlns:ns10="http://zakupki.gov.ru/223fz/purchasePlan/1" xmlns:ns11="http://zakupki.gov.ru/223fz/purchasePlanProject/1" xmlns:ns12="http://zakupki.gov.ru/223fz/purchasePlanProjectAdditionalPosition/1" xmlns:ns13="http://zakupki.gov.ru/223fz/contract/1" xmlns:ns14="http://zakupki.gov.ru/223fz/missedNotice/1" xmlns:ns15="http://zakupki.gov.ru/223fz/reference/1" xmlns:ns16="http://zakupki.gov.ru/223fz/stopCommodity/1" xmlns:ns17="http://zakupki.gov.ru/223fz/decisionSuspension/1" xmlns:ns18="http://zakupki.gov.ru/223fz/purchasePlanAdditionalPosition/1" xmlns:ns19="http://zakupki.gov.ru/223fz/webRequest/1" xmlns:ns2="http://zakupki.gov.ru/223fz/purchase/1" xmlns:xsi="http://www.w3.org/2001/XMLSchema-instance" xmlns:ns3="http://zakupki.gov.ru/223fz/dishonestSupplier/1" xmlns:ns4="http://zakupki.gov.ru/223fz/machineryListInfo/1" xmlns:ns5="http://zakupki.gov.ru/223fz/revenue/1" xmlns:ns6="http://zakupki.gov.ru/223fz/orderClauseList/1" xmlns:ns7="http://zakupki.gov.ru/223fz/disagreementProtocol/1" xmlns:ns8="http://zakupki.gov.ru/223fz/complaint/1" xmlns:ns9="http://zakupki.gov.ru/223fz/notificationIssue/1">
    <header>
        <guid>1cce16f4-5634-47fa-b264-cde28ef4046f</guid>
        <createDateTime>2017-03-15T15:00:13</createDateTime>
    </header>
    <ns2:body>
        <ns2:item>
            <guid>096ad1b3-1d28-4e14-8f4b-308adaa7225c</guid>
            <ns2:purchaseNoticeEPData>
                <ns2:guid>096ad1b3-1d28-4e14-8f4b-308adaa7225c</ns2:guid>
                <ns2:createDateTime>2017-03-15T14:57:29</ns2:createDateTime>
                <ns2:urlOOS>https://zakupki.gov.ru/223/purchase/private/purchase/notice-info/details.html?noticeInfoId=5879219</ns2:urlOOS>
                <ns2:registrationNumber>31704892455</ns2:registrationNumber>
                <ns2:name>Оказание медицинских услуг для нужд Московского филиала АО "ФПК"</ns2:name>
                <ns2:customer>
                    <mainInfo>
                        <fullName>АКЦИОНЕРНОЕ ОБЩЕСТВО "ФЕДЕРАЛЬНАЯ ПАССАЖИРСКАЯ КОМПАНИЯ"</fullName>
                        <shortName>АО "ФПК"</shortName>
                        <iko>57708709686770801001</iko>
                        <inn>7708709686</inn>
                        <kpp>770801001</kpp>
                        <ogrn>1097746772738</ogrn>
                        <legalAddress>107078, г МОСКВА, ул МАШИ ПОРЫВАЕВОЙ, дом 34</legalAddress>
                        <postalAddress>107078, г. Москва, ул. Маши Порываевой, д.34</postalAddress>
                        <phone>+7(495) 988-10-00</phone>
                        <email>DLynova@fpc.ru</email>
                        <okato>45286565000</okato>
                        <okpo>94154560</okpo>
                    </mainInfo>
                </ns2:customer>
                <ns2:purchaseMethodCode>3363</ns2:purchaseMethodCode>
                <ns2:purchaseCodeName>Закупка у единственного поставщика (исполнителя, подрядчика)</ns2:purchaseCodeName>
                <ns2:placer>
                    <mainInfo>
                        <fullName>АКЦИОНЕРНОЕ ОБЩЕСТВО "ФЕДЕРАЛЬНАЯ ПАССАЖИРСКАЯ КОМПАНИЯ"</fullName>
                        <shortName>АО "ФПК"</shortName>
                        <iko>57708709686770801001</iko>
                        <inn>7708709686</inn>
                        <kpp>770801001</kpp>
                        <ogrn>1097746772738</ogrn>
                        <legalAddress>107078, г МОСКВА, ул МАШИ ПОРЫВАЕВОЙ, дом 34</legalAddress>
                        <postalAddress>107078, г. Москва, ул. Маши Порываевой, д.34</postalAddress>
                        <phone>+7(495) 988-10-00</phone>
                        <email>DLynova@fpc.ru</email>
                        <okato>45286565000</okato>
                        <okpo>94154560</okpo>
                    </mainInfo>
                </ns2:placer>
                <ns2:contact>
                    <phone>+7 (495) 5393886, доб.: 10507</phone>
                    <email>MukhinDE-msk@fpc.ru</email>
                    <organization>
                        <mainInfo>
                            <fullName>АКЦИОНЕРНОЕ ОБЩЕСТВО "ФЕДЕРАЛЬНАЯ ПАССАЖИРСКАЯ КОМПАНИЯ"</fullName>
                            <shortName>АО "ФПК"</shortName>
                            <iko>57708709686770801001</iko>
                            <inn>7708709686</inn>
                            <kpp>770801001</kpp>
                            <ogrn>1097746772738</ogrn>
                            <legalAddress>107078, г МОСКВА, ул МАШИ ПОРЫВАЕВОЙ, дом 34</legalAddress>
                            <postalAddress>107078, г. Москва, ул. Маши Порываевой, д.34</postalAddress>
                            <phone>+7(495) 988-10-00</phone>
                            <email>DLynova@fpc.ru</email>
                            <okato>45286565000</okato>
                            <okpo>94154560</okpo>
                        </mainInfo>
                    </organization>
                </ns2:contact>
                <ns2:publicationDateTime>2017-03-15T15:00:13</ns2:publicationDateTime>
                <ns2:documentationDelivery/>
                <ns2:status>P</ns2:status>
                <ns2:version>1</ns2:version>
                <ns2:notDishonest>false</ns2:notDishonest>
                <ns2:attachments>
                    <totalDocumentsCount>3</totalDocumentsCount>
                    <document>
                        <guid>d935271f-a3f5-40d7-905a-37b4959d92a6</guid>
                        <createDateTime>2017-03-15T14:59:37</createDateTime>
                        <fileName>Извещение о закупке.doc</fileName>
                        <description>Извещение о закупке</description>
                        <url>http://zakupki.gov.ru/223/purchase/public/download/download.html?id=30077538</url>
                    </document>
                    <document>
                        <guid>0bb269be-e17e-4196-87c6-600ccc1a1c8d</guid>
                        <createDateTime>2017-03-15T14:59:30</createDateTime>
                        <fileName>Документация закупки.doc</fileName>
                        <description>Документация закупки</description>
                        <url>http://zakupki.gov.ru/223/purchase/public/download/download.html?id=30077531</url>
                    </document>
                    <document>
                        <guid>d37e4c12-8764-43bc-8f91-aaa1fe2bb2b4</guid>
                        <createDateTime>2017-03-15T14:59:44</createDateTime>
                        <fileName>Проект договора.doc</fileName>
                        <description>Проект договора</description>
                        <url>http://zakupki.gov.ru/223/purchase/public/download/download.html?id=30077548</url>
                    </document>
                </ns2:attachments>
                <ns2:modificationDate>2017-03-15T15:00:13</ns2:modificationDate>
                <ns2:saveUserId>201375</ns2:saveUserId>
                <ns2:deliveryPlaceIndication>DIFFERENT_PLACE</ns2:deliveryPlaceIndication>
                <ns2:emergency>false</ns2:emergency>
                <ns2:jointPurchase>false</ns2:jointPurchase>
                <ns2:lots>
                    <lot>
                        <guid>493ec268-de31-4b78-a8f3-edd2c8267c99</guid>
                        <ordinalNumber>1</ordinalNumber>
                        <lotEditEnabled>false</lotEditEnabled>
                        <lotData>
                            <subject>Оказание медицинских услуг для нужд Московского филиала АО "ФПК" </subject>
                            <currency>
                                <code>RUB</code>
                                <digitalCode>643</digitalCode>
                                <name>Российский рубль</name>
                            </currency>
                            <initialSum>740040.00</initialSum>
                            <deliveryPlace>
                                <state>Центральный федеральный округ</state>
                                <region>Смоленская   обл</region>
                                <regionOkato>66000000000</regionOkato>
                                <address>г. Смоленск</address>
                            </deliveryPlace>
                            <lotItems>
                                <newCodes>true</newCodes>
                                <lotItem>
                                    <guid>93da8c5f-80c1-4867-8213-230d0ba700a5</guid>
                                    <ordinalNumber>1</ordinalNumber>
                                    <okpd2>
                                        <code>86.21.10</code>
                                        <name>Услуги в области общей врачебной практики</name>
                                    </okpd2>
                                    <okved2>
                                        <code>86.10</code>
                                        <name>Деятельность больничных организаций</name>
                                    </okved2>
                                    <okei>
                                        <code>792</code>
                                        <name>Человек</name>
                                    </okei>
                                    <qty>4573</qty>
                                </lotItem>
                            </lotItems>
                            <forSmallOrMiddle>false</forSmallOrMiddle>
                            <excludePurchaseFromPlan>false</excludePurchaseFromPlan>
                            <subcontractorsRequirement>false</subcontractorsRequirement>
                            <ignoredPurchase>false</ignoredPurchase>
                            <centralized>false</centralized>
                        </lotData>
                        <deliveryPlaceIndication>GL</deliveryPlaceIndication>
                        <jointLotData>
                            <jointLot>false</jointLot>
                        </jointLotData>
                        <lotPlanInfo>
                            <planRegistrationNumber>2160216878</planRegistrationNumber>
                            <planGuid>cf013f62-d592-4052-90cf-661aed38bc32</planGuid>
                            <positionNumber>348</positionNumber>
                            <lotPlanPosition>COMMODITY</lotPlanPosition>
                            <positionGuid>6fd1a2ed-19ac-4019-9643-7e346aea6489</positionGuid>
                        </lotPlanInfo>
                        <cancelled>false</cancelled>
                    </lot>
                </ns2:lots>
            </ns2:purchaseNoticeEPData>
        </ns2:item>
    </ns2:body>
</ns2:purchaseNoticeEP>
