<?xml version="1.0" encoding="UTF-8" standalone="yes"?>
<ns2:purchaseNoticeEP xsi:schemaLocation="http://zakupki.gov.ru/223/integration/schema/TFF-5.2 http://zakupki.gov.ru/223/integration/schema/TFF-5.2/purchase.xsd" xmlns="http://zakupki.gov.ru/223fz/types/1" xmlns:ns10="http://zakupki.gov.ru/223fz/purchasePlan/1" xmlns:ns11="http://zakupki.gov.ru/223fz/purchasePlanProject/1" xmlns:ns12="http://zakupki.gov.ru/223fz/purchasePlanProjectAdditionalPosition/1" xmlns:ns13="http://zakupki.gov.ru/223fz/contract/1" xmlns:ns14="http://zakupki.gov.ru/223fz/missedNotice/1" xmlns:ns15="http://zakupki.gov.ru/223fz/reference/1" xmlns:ns16="http://zakupki.gov.ru/223fz/stopCommodity/1" xmlns:ns17="http://zakupki.gov.ru/223fz/decisionSuspension/1" xmlns:ns18="http://zakupki.gov.ru/223fz/purchasePlanAdditionalPosition/1" xmlns:ns19="http://zakupki.gov.ru/223fz/webRequest/1" xmlns:ns2="http://zakupki.gov.ru/223fz/purchase/1" xmlns:xsi="http://www.w3.org/2001/XMLSchema-instance" xmlns:ns3="http://zakupki.gov.ru/223fz/dishonestSupplier/1" xmlns:ns4="http://zakupki.gov.ru/223fz/machineryListInfo/1" xmlns:ns5="http://zakupki.gov.ru/223fz/revenue/1" xmlns:ns6="http://zakupki.gov.ru/223fz/orderClauseList/1" xmlns:ns7="http://zakupki.gov.ru/223fz/disagreementProtocol/1" xmlns:ns8="http://zakupki.gov.ru/223fz/complaint/1" xmlns:ns9="http://zakupki.gov.ru/223fz/notificationIssue/1">
    <header>
        <guid>3ac75ad6-bbe6-4493-9e63-528c5c7633b6</guid>
        <createDateTime>2017-03-15T11:59:08</createDateTime>
    </header>
    <ns2:body>
        <ns2:item>
            <guid>4acb20b1-13f6-44a7-b53b-bbc1ff086177</guid>
            <ns2:purchaseNoticeEPData>
                <ns2:guid>4acb20b1-13f6-44a7-b53b-bbc1ff086177</ns2:guid>
                <ns2:createDateTime>2017-03-15T11:52:16</ns2:createDateTime>
                <ns2:urlOOS>https://zakupki.gov.ru/223/purchase/private/purchase/notice-info/details.html?noticeInfoId=5877279</ns2:urlOOS>
                <ns2:registrationNumber>31704890935</ns2:registrationNumber>
                <ns2:name>Услуги по организации воздушных перевозок </ns2:name>
                <ns2:customer>
                    <mainInfo>
                        <fullName>Федеральное государственное унитарное предприятие "Предприятие по поставкам продукции Управления делами Президента Российской Федерации"</fullName>
                        <shortName>ФГУП "ППП"</shortName>
                        <iko>57710142570771001001</iko>
                        <inn>7710142570</inn>
                        <kpp>771001001</kpp>
                        <ogrn>1027700045999</ogrn>
                        <legalAddress>125047, Москва, Тверская-Ямская 2-я, дом 16</legalAddress>
                        <postalAddress>125047, г. Москва, ул. 2-я Тверская-Ямская, д.16</postalAddress>
                        <phone>7-499-2503936</phone>
                        <fax>7-499-2501551</fax>
                        <email>postmaster@pppudp.ru</email>
                        <okato>45286585000</okato>
                        <okpo>17664448</okpo>
                    </mainInfo>
                </ns2:customer>
                <ns2:purchaseMethodCode>3363</ns2:purchaseMethodCode>
                <ns2:purchaseCodeName>Закупка у единственного поставщика (исполнителя, подрядчика)</ns2:purchaseCodeName>
                <ns2:placer>
                    <mainInfo>
                        <fullName>Федеральное государственное унитарное предприятие "Предприятие по поставкам продукции Управления делами Президента Российской Федерации"</fullName>
                        <shortName>ФГУП "ППП"</shortName>
                        <iko>57710142570771001001</iko>
                        <inn>7710142570</inn>
                        <kpp>771001001</kpp>
                        <ogrn>1027700045999</ogrn>
                        <legalAddress>125047, Москва, Тверская-Ямская 2-я, дом 16</legalAddress>
                        <postalAddress>125047, г. Москва, ул. 2-я Тверская-Ямская, д.16</postalAddress>
                        <phone>7-499-2503936</phone>
                        <fax>7-499-2501551</fax>
                        <email>postmaster@pppudp.ru</email>
                        <okato>45286585000</okato>
                        <okpo>17664448</okpo>
                    </mainInfo>
                </ns2:placer>
                <ns2:contact>
                    <phone>+7 (499) 2503936</phone>
                    <email>info@pppudp.ru </email>
                    <organization>
                        <mainInfo>
                            <fullName>Федеральное государственное унитарное предприятие "Предприятие по поставкам продукции Управления делами Президента Российской Федерации"</fullName>
                            <shortName>ФГУП "ППП"</shortName>
                            <iko>57710142570771001001</iko>
                            <inn>7710142570</inn>
                            <kpp>771001001</kpp>
                            <ogrn>1027700045999</ogrn>
                            <legalAddress>125047, Москва, Тверская-Ямская 2-я, дом 16</legalAddress>
                            <postalAddress>125047, г. Москва, ул. 2-я Тверская-Ямская, д.16</postalAddress>
                            <phone>7-499-2503936</phone>
                            <fax>7-499-2501551</fax>
                            <email>postmaster@pppudp.ru</email>
                            <okato>45286585000</okato>
                            <okpo>17664448</okpo>
                        </mainInfo>
                    </organization>
                </ns2:contact>
                <ns2:publicationDateTime>2017-03-15T11:59:08</ns2:publicationDateTime>
                <ns2:documentationDelivery/>
                <ns2:status>P</ns2:status>
                <ns2:version>1</ns2:version>
                <ns2:notDishonest>false</ns2:notDishonest>
                <ns2:attachments>
                    <totalDocumentsCount>2</totalDocumentsCount>
                    <document>
                        <guid>d44f65cf-e79c-4839-b248-d707e41a746c</guid>
                        <createDateTime>2017-03-15T11:57:17</createDateTime>
                        <fileName>Проект договора 16-03-2017.doc</fileName>
                        <description>Проект договора 16-03-2017</description>
                        <url>http://zakupki.gov.ru/223/purchase/public/download/download.html?id=30068217</url>
                    </document>
                    <document>
                        <guid>ee9db367-f270-4509-b3ea-7c89a6d8c0c9</guid>
                        <createDateTime>2017-03-15T11:55:29</createDateTime>
                        <fileName>16-03-2017.doc</fileName>
                        <description>16-03-2017</description>
                        <url>http://zakupki.gov.ru/223/purchase/public/download/download.html?id=30068044</url>
                    </document>
                </ns2:attachments>
                <ns2:modificationDate>2017-03-15T11:59:08</ns2:modificationDate>
                <ns2:saveUserId>186789</ns2:saveUserId>
                <ns2:deliveryPlaceIndication>DIFFERENT_PLACE</ns2:deliveryPlaceIndication>
                <ns2:emergency>false</ns2:emergency>
                <ns2:jointPurchase>false</ns2:jointPurchase>
                <ns2:lots>
                    <lot>
                        <guid>57932f99-eb0e-4ad5-85cd-82b39e84e26c</guid>
                        <ordinalNumber>1</ordinalNumber>
                        <lotEditEnabled>false</lotEditEnabled>
                        <lotData>
                            <subject>Оказание услуг по организации воздушных перевозок</subject>
                            <currency>
                                <code>RUB</code>
                                <digitalCode>643</digitalCode>
                                <name>Российский рубль</name>
                            </currency>
                            <initialSum>13461538.46</initialSum>
                            <deliveryPlace>
                                <state>Центральный федеральный округ</state>
                                <region>Москва</region>
                                <regionOkato>45000000000</regionOkato>
                                <address>Центральный федеральный округ</address>
                            </deliveryPlace>
                            <lotItems>
                                <newCodes>true</newCodes>
                                <lotItem>
                                    <guid>701a2f53-d112-4f31-b478-51ec3d103c5e</guid>
                                    <ordinalNumber>1</ordinalNumber>
                                    <okpd2>
                                        <code>51.10</code>
                                        <name>Услуги по пассажирским перевозкам воздушным транспортом</name>
                                    </okpd2>
                                    <okved2>
                                        <code>51.10.2</code>
                                        <name>Перевозка воздушным пассажирским транспортом, не подчиняющимся расписанию</name>
                                    </okved2>
                                </lotItem>
                            </lotItems>
                            <forSmallOrMiddle>false</forSmallOrMiddle>
                            <excludePurchaseFromPlan>false</excludePurchaseFromPlan>
                            <subcontractorsRequirement>false</subcontractorsRequirement>
                            <ignoredPurchase>true</ignoredPurchase>
                            <purchaseCategory>
                                <code>16</code>
                                <name>Закупки услуг в области воздушных перевозок и авиационных работ</name>
                            </purchaseCategory>
                            <centralized>false</centralized>
                        </lotData>
                        <deliveryPlaceIndication>GL</deliveryPlaceIndication>
                        <jointLotData>
                            <jointLot>false</jointLot>
                        </jointLotData>
                        <lotPlanInfo>
                            <planRegistrationNumber>2160210723</planRegistrationNumber>
                            <planGuid>1856e0f2-46aa-4a73-97b2-5f909ced745f</planGuid>
                            <positionNumber>11</positionNumber>
                            <lotPlanPosition>COMMODITY</lotPlanPosition>
                            <positionGuid>b6c41c8b-b99e-4c0f-b815-cc6a60d05c4d</positionGuid>
                        </lotPlanInfo>
                        <cancelled>false</cancelled>
                    </lot>
                </ns2:lots>
            </ns2:purchaseNoticeEPData>
        </ns2:item>
    </ns2:body>
</ns2:purchaseNoticeEP>
