<?xml version="1.0" encoding="UTF-8" standalone="yes"?>
<ns2:purchaseNoticeEP xsi:schemaLocation="http://zakupki.gov.ru/223/integration/schema/TFF-5.2 http://zakupki.gov.ru/223/integration/schema/TFF-5.2/purchase.xsd" xmlns="http://zakupki.gov.ru/223fz/types/1" xmlns:ns10="http://zakupki.gov.ru/223fz/purchasePlan/1" xmlns:ns11="http://zakupki.gov.ru/223fz/purchasePlanProject/1" xmlns:ns12="http://zakupki.gov.ru/223fz/purchasePlanProjectAdditionalPosition/1" xmlns:ns13="http://zakupki.gov.ru/223fz/contract/1" xmlns:ns14="http://zakupki.gov.ru/223fz/missedNotice/1" xmlns:ns15="http://zakupki.gov.ru/223fz/reference/1" xmlns:ns16="http://zakupki.gov.ru/223fz/stopCommodity/1" xmlns:ns17="http://zakupki.gov.ru/223fz/decisionSuspension/1" xmlns:ns18="http://zakupki.gov.ru/223fz/purchasePlanAdditionalPosition/1" xmlns:ns19="http://zakupki.gov.ru/223fz/webRequest/1" xmlns:ns2="http://zakupki.gov.ru/223fz/purchase/1" xmlns:xsi="http://www.w3.org/2001/XMLSchema-instance" xmlns:ns3="http://zakupki.gov.ru/223fz/dishonestSupplier/1" xmlns:ns4="http://zakupki.gov.ru/223fz/machineryListInfo/1" xmlns:ns5="http://zakupki.gov.ru/223fz/revenue/1" xmlns:ns6="http://zakupki.gov.ru/223fz/orderClauseList/1" xmlns:ns7="http://zakupki.gov.ru/223fz/disagreementProtocol/1" xmlns:ns8="http://zakupki.gov.ru/223fz/complaint/1" xmlns:ns9="http://zakupki.gov.ru/223fz/notificationIssue/1">
    <header>
        <guid>9d643142-ead5-49f5-81c2-b827c705fae3</guid>
        <createDateTime>2017-03-15T17:06:52</createDateTime>
    </header>
    <ns2:body>
        <ns2:item>
            <guid>04b310d0-4557-4f9f-869f-e91ef34c6bf2</guid>
            <ns2:purchaseNoticeEPData>
                <ns2:guid>04b310d0-4557-4f9f-869f-e91ef34c6bf2</ns2:guid>
                <ns2:createDateTime>2017-03-15T17:05:38</ns2:createDateTime>
                <ns2:urlOOS>https://zakupki.gov.ru/223/purchase/private/purchase/notice-info/details.html?noticeInfoId=5880719</ns2:urlOOS>
                <ns2:registrationNumber>31704893773</ns2:registrationNumber>
                <ns2:name>Услуги по радиационно-гигиеническому сопровождению</ns2:name>
                <ns2:customer>
                    <mainInfo>
                        <fullName>ФЕДЕРАЛЬНОЕ ГОСУДАРСТВЕННОЕ БЮДЖЕТНОЕ УЧРЕЖДЕНИЕ "ГОСУДАРСТВЕННЫЙ НАУЧНЫЙ ЦЕНТР РОССИЙСКОЙ ФЕДЕРАЦИИ - ФЕДЕРАЛЬНЫЙ МЕДИЦИНСКИЙ БИОФИЗИЧЕСКИЙ ЦЕНТР ИМЕНИ А.И. БУРНАЗЯНА"</fullName>
                        <shortName>ФГБУ ГНЦ ФМБЦ ИМ. А.И. БУРНАЗЯНА ФМБА РОССИИ</shortName>
                        <iko>87734581136773401001</iko>
                        <inn>7734581136</inn>
                        <kpp>773401001</kpp>
                        <ogrn>1087746355498</ogrn>
                        <legalAddress>123182, МОСКВА, ЖИВОПИСНАЯ, дом 46</legalAddress>
                        <postalAddress>123182 Москва, ул.Живописная, 46</postalAddress>
                        <phone>7-499-1909458</phone>
                        <fax>7-499-1908635</fax>
                        <email>torgi.vika@mail.ru</email>
                        <okato>45283587000</okato>
                        <okpo>85667361</okpo>
                    </mainInfo>
                </ns2:customer>
                <ns2:purchaseMethodCode>3363</ns2:purchaseMethodCode>
                <ns2:purchaseCodeName>Закупка у единственного поставщика (исполнителя, подрядчика)</ns2:purchaseCodeName>
                <ns2:placer>
                    <mainInfo>
                        <fullName>ФЕДЕРАЛЬНОЕ ГОСУДАРСТВЕННОЕ БЮДЖЕТНОЕ УЧРЕЖДЕНИЕ "ГОСУДАРСТВЕННЫЙ НАУЧНЫЙ ЦЕНТР РОССИЙСКОЙ ФЕДЕРАЦИИ - ФЕДЕРАЛЬНЫЙ МЕДИЦИНСКИЙ БИОФИЗИЧЕСКИЙ ЦЕНТР ИМЕНИ А.И. БУРНАЗЯНА"</fullName>
                        <shortName>ФГБУ ГНЦ ФМБЦ ИМ. А.И. БУРНАЗЯНА ФМБА РОССИИ</shortName>
                        <iko>87734581136773401001</iko>
                        <inn>7734581136</inn>
                        <kpp>773401001</kpp>
                        <ogrn>1087746355498</ogrn>
                        <legalAddress>123182, МОСКВА, ЖИВОПИСНАЯ, дом 46</legalAddress>
                        <postalAddress>123182 Москва, ул.Живописная, 46</postalAddress>
                        <phone>7-499-1909458</phone>
                        <fax>7-499-1908635</fax>
                        <email>torgi.vika@mail.ru</email>
                        <okato>45283587000</okato>
                        <okpo>85667361</okpo>
                    </mainInfo>
                </ns2:placer>
                <ns2:contact>
                    <firstName>Виктория</firstName>
                    <middleName>Геннадьевна</middleName>
                    <lastName>Водянова</lastName>
                    <phone>+7 (499) 1908635</phone>
                    <email>zakupki@inbox.ru</email>
                    <organization>
                        <mainInfo>
                            <fullName>ФЕДЕРАЛЬНОЕ ГОСУДАРСТВЕННОЕ БЮДЖЕТНОЕ УЧРЕЖДЕНИЕ "ГОСУДАРСТВЕННЫЙ НАУЧНЫЙ ЦЕНТР РОССИЙСКОЙ ФЕДЕРАЦИИ - ФЕДЕРАЛЬНЫЙ МЕДИЦИНСКИЙ БИОФИЗИЧЕСКИЙ ЦЕНТР ИМЕНИ А.И. БУРНАЗЯНА"</fullName>
                            <shortName>ФГБУ ГНЦ ФМБЦ ИМ. А.И. БУРНАЗЯНА ФМБА РОССИИ</shortName>
                            <iko>87734581136773401001</iko>
                            <inn>7734581136</inn>
                            <kpp>773401001</kpp>
                            <ogrn>1087746355498</ogrn>
                            <legalAddress>123182, МОСКВА, ЖИВОПИСНАЯ, дом 46</legalAddress>
                            <postalAddress>123182 Москва, ул.Живописная, 46</postalAddress>
                            <phone>7-499-1909458</phone>
                            <fax>7-499-1908635</fax>
                            <email>torgi.vika@mail.ru</email>
                            <okato>45283587000</okato>
                            <okpo>85667361</okpo>
                        </mainInfo>
                    </organization>
                </ns2:contact>
                <ns2:publicationDateTime>2017-03-15T17:06:52</ns2:publicationDateTime>
                <ns2:documentationDelivery/>
                <ns2:status>P</ns2:status>
                <ns2:version>1</ns2:version>
                <ns2:notDishonest>false</ns2:notDishonest>
                <ns2:attachments>
                    <totalDocumentsCount>1</totalDocumentsCount>
                    <document>
                        <guid>113feae1-ef5f-4beb-b243-0794a318a08c</guid>
                        <createDateTime>2017-03-15T17:06:37</createDateTime>
                        <fileName>Договор с ЦГиЭ 101 2017 г..doc</fileName>
                        <description>Договор с ЦГиЭ 101 2017 г.</description>
                        <url>http://zakupki.gov.ru/223/purchase/public/download/download.html?id=30084199</url>
                    </document>
                </ns2:attachments>
                <ns2:modificationDate>2017-03-15T17:06:52</ns2:modificationDate>
                <ns2:saveUserId>219879</ns2:saveUserId>
                <ns2:deliveryPlaceIndication>SINGLE_PLACE</ns2:deliveryPlaceIndication>
                <ns2:emergency>false</ns2:emergency>
                <ns2:jointPurchase>false</ns2:jointPurchase>
                <ns2:lots>
                    <lot>
                        <guid>fa1cc85e-cdb3-41cd-aa18-084269b6c6e6</guid>
                        <ordinalNumber>1</ordinalNumber>
                        <lotEditEnabled>false</lotEditEnabled>
                        <lotData>
                            <subject>Услуги по радиационно-гигиеническому сопровождению</subject>
                            <currency>
                                <code>RUB</code>
                                <digitalCode>643</digitalCode>
                                <name>Российский рубль</name>
                            </currency>
                            <initialSum>400000.00</initialSum>
                            <deliveryPlace>
                                <state>Центральный федеральный округ</state>
                                <region>Москва</region>
                                <regionOkato>45000000000</regionOkato>
                                <address>г.Москва</address>
                            </deliveryPlace>
                            <lotItems>
                                <newCodes>true</newCodes>
                                <lotItem>
                                    <guid>9861984a-f724-4f0c-a03e-5c6d9fee1972</guid>
                                    <ordinalNumber>1</ordinalNumber>
                                    <okpd2>
                                        <code>72.11.12.000</code>
                                        <name>Услуги, связанные с научными исследованиями и экспериментальными разработками в области биотехнологии окружающей среды и промышленной биотехнологии</name>
                                    </okpd2>
                                    <okved2>
                                        <code>72.11</code>
                                        <name>Научные исследования и разработки в области биотехнологии</name>
                                    </okved2>
                                    <okei>
                                        <code>876</code>
                                        <name>Условная единица</name>
                                    </okei>
                                    <qty>1</qty>
                                </lotItem>
                            </lotItems>
                            <forSmallOrMiddle>false</forSmallOrMiddle>
                            <excludePurchaseFromPlan>false</excludePurchaseFromPlan>
                            <subcontractorsRequirement>false</subcontractorsRequirement>
                            <ignoredPurchase>false</ignoredPurchase>
                            <centralized>false</centralized>
                        </lotData>
                        <deliveryPlaceIndication>GL</deliveryPlaceIndication>
                        <jointLotData>
                            <jointLot>false</jointLot>
                        </jointLotData>
                        <lotPlanInfo>
                            <planRegistrationNumber>2160216979</planRegistrationNumber>
                            <planGuid>1d51e71b-de26-46ab-85a0-4ae3ddeecd33</planGuid>
                            <positionNumber>143</positionNumber>
                            <lotPlanPosition>COMMODITY</lotPlanPosition>
                            <positionGuid>fa0f1ed9-5f47-4a2d-a3a6-461931c7c082</positionGuid>
                        </lotPlanInfo>
                        <cancelled>false</cancelled>
                    </lot>
                </ns2:lots>
            </ns2:purchaseNoticeEPData>
        </ns2:item>
    </ns2:body>
</ns2:purchaseNoticeEP>
