<?xml version="1.0" encoding="UTF-8" standalone="yes"?>
<ns2:purchaseNoticeEP xsi:schemaLocation="http://zakupki.gov.ru/223/integration/schema/TFF-5.2 http://zakupki.gov.ru/223/integration/schema/TFF-5.2/purchase.xsd" xmlns="http://zakupki.gov.ru/223fz/types/1" xmlns:ns10="http://zakupki.gov.ru/223fz/purchasePlan/1" xmlns:ns11="http://zakupki.gov.ru/223fz/purchasePlanProject/1" xmlns:ns12="http://zakupki.gov.ru/223fz/purchasePlanProjectAdditionalPosition/1" xmlns:ns13="http://zakupki.gov.ru/223fz/contract/1" xmlns:ns14="http://zakupki.gov.ru/223fz/missedNotice/1" xmlns:ns15="http://zakupki.gov.ru/223fz/reference/1" xmlns:ns16="http://zakupki.gov.ru/223fz/stopCommodity/1" xmlns:ns17="http://zakupki.gov.ru/223fz/decisionSuspension/1" xmlns:ns18="http://zakupki.gov.ru/223fz/purchasePlanAdditionalPosition/1" xmlns:ns19="http://zakupki.gov.ru/223fz/webRequest/1" xmlns:ns2="http://zakupki.gov.ru/223fz/purchase/1" xmlns:xsi="http://www.w3.org/2001/XMLSchema-instance" xmlns:ns3="http://zakupki.gov.ru/223fz/dishonestSupplier/1" xmlns:ns4="http://zakupki.gov.ru/223fz/machineryListInfo/1" xmlns:ns5="http://zakupki.gov.ru/223fz/revenue/1" xmlns:ns6="http://zakupki.gov.ru/223fz/orderClauseList/1" xmlns:ns7="http://zakupki.gov.ru/223fz/disagreementProtocol/1" xmlns:ns8="http://zakupki.gov.ru/223fz/complaint/1" xmlns:ns9="http://zakupki.gov.ru/223fz/notificationIssue/1">
    <header>
        <guid>a0517d1c-c985-415e-82be-c4a0f559a768</guid>
        <createDateTime>2017-03-15T14:47:43</createDateTime>
    </header>
    <ns2:body>
        <ns2:item>
            <guid>cba5232d-874f-4e68-9004-b8081f3ec703</guid>
            <ns2:purchaseNoticeEPData>
                <ns2:guid>cba5232d-874f-4e68-9004-b8081f3ec703</ns2:guid>
                <ns2:createDateTime>2017-03-15T14:45:06</ns2:createDateTime>
                <ns2:urlOOS>https://zakupki.gov.ru/223/purchase/private/purchase/notice-info/details.html?noticeInfoId=5879058</ns2:urlOOS>
                <ns2:registrationNumber>31704892322</ns2:registrationNumber>
                <ns2:name>Оказание услуг по изготовлению, передаче и осуществлению монтажа информационных конструкций для размещения информации о репертуаре Государственного театра наций по адресу: г. Москва, Страстной бульвар, дом 12, строение 2</ns2:name>
                <ns2:customer>
                    <mainInfo>
                        <fullName>Федеральное государственное бюджетное учреждение культуры "Государственный театр наций"</fullName>
                        <shortName>Государственный театр наций</shortName>
                        <iko>87707079304770701001</iko>
                        <inn>7707079304</inn>
                        <kpp>770701001</kpp>
                        <ogrn>1027739513801</ogrn>
                        <legalAddress>107031, Москва, Петровский, дом 3</legalAddress>
                        <postalAddress>107031, Москва Город, Петровский Переулок, дом 3</postalAddress>
                        <phone>7-495-6297777</phone>
                        <fax>7-495-6296033</fax>
                        <email>ilin_dn@mail.ru</email>
                        <okato>45286585000</okato>
                        <okpo>04853099</okpo>
                    </mainInfo>
                </ns2:customer>
                <ns2:purchaseMethodCode>3363</ns2:purchaseMethodCode>
                <ns2:purchaseCodeName>Закупка у единственного поставщика (исполнителя, подрядчика)</ns2:purchaseCodeName>
                <ns2:placer>
                    <mainInfo>
                        <fullName>Федеральное государственное бюджетное учреждение культуры "Государственный театр наций"</fullName>
                        <shortName>Государственный театр наций</shortName>
                        <iko>87707079304770701001</iko>
                        <inn>7707079304</inn>
                        <kpp>770701001</kpp>
                        <ogrn>1027739513801</ogrn>
                        <legalAddress>107031, Москва, Петровский, дом 3</legalAddress>
                        <postalAddress>107031, Москва Город, Петровский Переулок, дом 3</postalAddress>
                        <phone>7-495-6297777</phone>
                        <fax>7-495-6296033</fax>
                        <email>ilin_dn@mail.ru</email>
                        <okato>45286585000</okato>
                        <okpo>04853099</okpo>
                    </mainInfo>
                </ns2:placer>
                <ns2:contact>
                    <firstName>Светлана</firstName>
                    <middleName>Викторовна</middleName>
                    <lastName>Ивачёва</lastName>
                    <phone>+7 (495) 6946894, доб.: 313</phone>
                    <email>svetaiv77@mail.ru</email>
                    <organization>
                        <mainInfo>
                            <fullName>Федеральное государственное бюджетное учреждение культуры "Государственный театр наций"</fullName>
                            <shortName>Государственный театр наций</shortName>
                            <iko>87707079304770701001</iko>
                            <inn>7707079304</inn>
                            <kpp>770701001</kpp>
                            <ogrn>1027739513801</ogrn>
                            <legalAddress>107031, Москва, Петровский, дом 3</legalAddress>
                            <postalAddress>107031, Москва Город, Петровский Переулок, дом 3</postalAddress>
                            <phone>7-495-6297777</phone>
                            <fax>7-495-6296033</fax>
                            <email>ilin_dn@mail.ru</email>
                            <okato>45286585000</okato>
                            <okpo>04853099</okpo>
                        </mainInfo>
                    </organization>
                </ns2:contact>
                <ns2:publicationDateTime>2017-03-15T14:47:43</ns2:publicationDateTime>
                <ns2:documentationDelivery>
                    <deliveryStartDateTime>2017-03-15</deliveryStartDateTime>
                    <deliveryEndDateTime>2017-03-15</deliveryEndDateTime>
                    <place>107031, г. Москва, Петровский пер., д. 3.</place>
                    <procedure>В соответствии с Положением Федерального закона от 18.07.2011 № 223 ФЗ «О закупках товаров, работ, услуг отдельными видами юридических лиц», Положением о закупке товаров, работ, услуг для нужд Федерального государственного бюджетного учреждения культуры «Государственный театр наций», утверждённым Приказом Министерства культуры Российской Федерации от 13.08.2015г. № 2199.</procedure>
                </ns2:documentationDelivery>
                <ns2:status>P</ns2:status>
                <ns2:version>1</ns2:version>
                <ns2:notDishonest>true</ns2:notDishonest>
                <ns2:attachments>
                    <totalDocumentsCount>2</totalDocumentsCount>
                    <document>
                        <guid>6295b00a-576b-43e6-93c9-2aa980121db6</guid>
                        <createDateTime>2017-03-15T14:47:16</createDateTime>
                        <fileName>Документация.docx</fileName>
                        <description>Документация</description>
                        <url>http://zakupki.gov.ru/223/purchase/public/download/download.html?id=30076801</url>
                    </document>
                    <document>
                        <guid>5bba6dcf-043d-4809-8a3b-99a29b9bbabc</guid>
                        <createDateTime>2017-03-15T14:47:22</createDateTime>
                        <fileName>Договор (изготовление и монтаж информационных конструкций) 243 100,00 проект.docx</fileName>
                        <description>Договор (изготовление и монтаж информационных конструкций) 243 100,00 проект</description>
                        <url>http://zakupki.gov.ru/223/purchase/public/download/download.html?id=30076807</url>
                    </document>
                </ns2:attachments>
                <ns2:modificationDate>2017-03-15T14:47:43</ns2:modificationDate>
                <ns2:saveUserId>148604</ns2:saveUserId>
                <ns2:deliveryPlaceIndication>DIFFERENT_PLACE</ns2:deliveryPlaceIndication>
                <ns2:emergency>false</ns2:emergency>
                <ns2:jointPurchase>false</ns2:jointPurchase>
                <ns2:lots>
                    <lot>
                        <guid>0087738c-7881-4c06-b0ea-7cb93c54b0d6</guid>
                        <ordinalNumber>1</ordinalNumber>
                        <lotEditEnabled>false</lotEditEnabled>
                        <lotData>
                            <subject>Оказание услуг по изготовлению, монтажу информационных конструкций для размещения информации о репертуаре Государственного театра наций</subject>
                            <currency>
                                <code>RUB</code>
                                <digitalCode>643</digitalCode>
                                <name>Российский рубль</name>
                            </currency>
                            <initialSum>243100.00</initialSum>
                            <deliveryPlace>
                                <state>Центральный федеральный округ</state>
                                <region>Москва</region>
                                <regionOkato>45000000000</regionOkato>
                                <address>107031, г. Москва, Петровский пер., д. 3.</address>
                            </deliveryPlace>
                            <lotItems>
                                <newCodes>true</newCodes>
                                <lotItem>
                                    <guid>254435d5-5339-4cd1-a77b-91092ca324b7</guid>
                                    <ordinalNumber>1</ordinalNumber>
                                    <okpd2>
                                        <code>90.04.10.110</code>
                                        <name>Услуги концертных залов, театров, оперных зданий, мюзик-холлов, включая услуги билетных касс</name>
                                    </okpd2>
                                    <okved2>
                                        <code>90.04.1</code>
                                        <name>Деятельность концертных залов, театров, оперных зданий, мюзик-холлов, включая услуги билетных касс</name>
                                    </okved2>
                                    <okei>
                                        <code>796</code>
                                        <name>Штука</name>
                                    </okei>
                                    <qty>3</qty>
                                </lotItem>
                            </lotItems>
                            <forSmallOrMiddle>false</forSmallOrMiddle>
                            <excludePurchaseFromPlan>false</excludePurchaseFromPlan>
                            <subcontractorsRequirement>false</subcontractorsRequirement>
                            <ignoredPurchase>false</ignoredPurchase>
                            <centralized>false</centralized>
                        </lotData>
                        <deliveryPlaceIndication>GL</deliveryPlaceIndication>
                        <jointLotData>
                            <jointLot>false</jointLot>
                        </jointLotData>
                        <lotPlanInfo>
                            <planRegistrationNumber>2160218938</planRegistrationNumber>
                            <planGuid>994ec275-08ff-4f8f-82c0-8a6aa2d22793</planGuid>
                            <positionNumber>19</positionNumber>
                            <lotPlanPosition>COMMODITY</lotPlanPosition>
                            <positionGuid>741e006f-6cfb-4b1a-9d78-89ae94e12fe0</positionGuid>
                        </lotPlanInfo>
                        <cancelled>false</cancelled>
                    </lot>
                </ns2:lots>
            </ns2:purchaseNoticeEPData>
        </ns2:item>
    </ns2:body>
</ns2:purchaseNoticeEP>
