<?xml version="1.0" encoding="UTF-8" standalone="yes"?>
<ns2:purchaseNoticeEP xsi:schemaLocation="http://zakupki.gov.ru/223/integration/schema/TFF-5.2 http://zakupki.gov.ru/223/integration/schema/TFF-5.2/purchase.xsd" xmlns="http://zakupki.gov.ru/223fz/types/1" xmlns:ns10="http://zakupki.gov.ru/223fz/purchasePlan/1" xmlns:ns11="http://zakupki.gov.ru/223fz/purchasePlanProject/1" xmlns:ns12="http://zakupki.gov.ru/223fz/purchasePlanProjectAdditionalPosition/1" xmlns:ns13="http://zakupki.gov.ru/223fz/contract/1" xmlns:ns14="http://zakupki.gov.ru/223fz/missedNotice/1" xmlns:ns15="http://zakupki.gov.ru/223fz/reference/1" xmlns:ns16="http://zakupki.gov.ru/223fz/stopCommodity/1" xmlns:ns17="http://zakupki.gov.ru/223fz/decisionSuspension/1" xmlns:ns18="http://zakupki.gov.ru/223fz/purchasePlanAdditionalPosition/1" xmlns:ns19="http://zakupki.gov.ru/223fz/webRequest/1" xmlns:ns2="http://zakupki.gov.ru/223fz/purchase/1" xmlns:xsi="http://www.w3.org/2001/XMLSchema-instance" xmlns:ns3="http://zakupki.gov.ru/223fz/dishonestSupplier/1" xmlns:ns4="http://zakupki.gov.ru/223fz/machineryListInfo/1" xmlns:ns5="http://zakupki.gov.ru/223fz/revenue/1" xmlns:ns6="http://zakupki.gov.ru/223fz/orderClauseList/1" xmlns:ns7="http://zakupki.gov.ru/223fz/disagreementProtocol/1" xmlns:ns8="http://zakupki.gov.ru/223fz/complaint/1" xmlns:ns9="http://zakupki.gov.ru/223fz/notificationIssue/1">
    <header>
        <guid>c4e3ee38-bd60-4e9c-95de-621fae8cc92f</guid>
        <createDateTime>2017-03-15T16:28:58</createDateTime>
    </header>
    <ns2:body>
        <ns2:item>
            <guid>f5efde3e-ec21-404a-a0b1-72a32870a37c</guid>
            <ns2:purchaseNoticeEPData>
                <ns2:guid>f5efde3e-ec21-404a-a0b1-72a32870a37c</ns2:guid>
                <ns2:createDateTime>2017-03-15T13:35:10</ns2:createDateTime>
                <ns2:urlOOS>https://zakupki.gov.ru/223/purchase/private/purchase/notice-info/details.html?noticeInfoId=5878197</ns2:urlOOS>
                <ns2:registrationNumber>31704893438</ns2:registrationNumber>
                <ns2:name>Открытая закупка у единственного поставщика направо заключения договора аренды объектов недвижимого имущества</ns2:name>
                <ns2:customer>
                    <mainInfo>
                        <fullName>АКЦИОНЕРНОЕ ОБЩЕСТВО "РЕСТРИМ"</fullName>
                        <shortName>АО "РЕСТРИМ"</shortName>
                        <iko>57536133774770601001</iko>
                        <inn>7536133774</inn>
                        <kpp>770501001</kpp>
                        <ogrn>1137536001350</ogrn>
                        <legalAddress>115184, г МОСКВА, ул БАХРУШИНА, дом ДОМ 10, корпус СТРОЕНИЕ 2</legalAddress>
                        <postalAddress>115184, Москва Город, Бахрушина Улица, дом 10, строение 2</postalAddress>
                        <phone>7-495-9288867</phone>
                        <email>contacts@restream.pro</email>
                        <okato>45000000000</okato>
                        <okpo>53622517</okpo>
                    </mainInfo>
                </ns2:customer>
                <ns2:purchaseMethodCode>3363</ns2:purchaseMethodCode>
                <ns2:purchaseCodeName>Закупка у единственного поставщика (исполнителя, подрядчика)</ns2:purchaseCodeName>
                <ns2:placer>
                    <mainInfo>
                        <fullName>АКЦИОНЕРНОЕ ОБЩЕСТВО "РЕСТРИМ"</fullName>
                        <shortName>АО "РЕСТРИМ"</shortName>
                        <iko>57536133774770601001</iko>
                        <inn>7536133774</inn>
                        <kpp>770501001</kpp>
                        <ogrn>1137536001350</ogrn>
                        <legalAddress>115184, г МОСКВА, ул БАХРУШИНА, дом ДОМ 10, корпус СТРОЕНИЕ 2</legalAddress>
                        <postalAddress>115184, Москва Город, Бахрушина Улица, дом 10, строение 2</postalAddress>
                        <phone>7-495-9288867</phone>
                        <email>contacts@restream.pro</email>
                        <okato>45000000000</okato>
                        <okpo>53622517</okpo>
                    </mainInfo>
                </ns2:placer>
                <ns2:contact>
                    <firstName>Виктория</firstName>
                    <middleName>Юрьевна</middleName>
                    <lastName>Суденко</lastName>
                    <phone>+7 (916) 2053263</phone>
                    <email>sudenko@restream.rt.ru</email>
                    <organization>
                        <mainInfo>
                            <fullName>АКЦИОНЕРНОЕ ОБЩЕСТВО "РЕСТРИМ"</fullName>
                            <shortName>АО "РЕСТРИМ"</shortName>
                            <iko>57536133774770601001</iko>
                            <inn>7536133774</inn>
                            <kpp>770501001</kpp>
                            <ogrn>1137536001350</ogrn>
                            <legalAddress>115184, г МОСКВА, ул БАХРУШИНА, дом ДОМ 10, корпус СТРОЕНИЕ 2</legalAddress>
                            <postalAddress>115184, Москва Город, Бахрушина Улица, дом 10, строение 2</postalAddress>
                            <phone>7-495-9288867</phone>
                            <email>contacts@restream.pro</email>
                            <okato>45000000000</okato>
                            <okpo>53622517</okpo>
                        </mainInfo>
                    </organization>
                </ns2:contact>
                <ns2:publicationDateTime>2017-03-15T16:28:58</ns2:publicationDateTime>
                <ns2:documentationDelivery/>
                <ns2:status>P</ns2:status>
                <ns2:version>1</ns2:version>
                <ns2:notDishonest>true</ns2:notDishonest>
                <ns2:attachments>
                    <totalDocumentsCount>2</totalDocumentsCount>
                    <document>
                        <guid>489077b2-1cbe-46a9-8d60-297fa7917285</guid>
                        <createDateTime>2017-03-15T13:38:07</createDateTime>
                        <fileName>Проект Договора.pdf</fileName>
                        <description>Проект Договора</description>
                        <url>http://zakupki.gov.ru/223/purchase/public/download/download.html?id=30072614</url>
                    </document>
                    <document>
                        <guid>18436343-da93-40e2-89bc-6707cd26b4a2</guid>
                        <createDateTime>2017-03-15T13:37:58</createDateTime>
                        <fileName>ИЗВЕЩЕНИЕ И ДОКУМЕНТАЦИЯ ОБ ОТКРЫТОЙ ЗАКУПКЕ У ЕДИНСТВЕННОГО ПОСТАВЩИКА.pdf</fileName>
                        <description>ИЗВЕЩЕНИЕ И ДОКУМЕНТАЦИЯ ОБ ОТКРЫТОЙ ЗАКУПКЕ У ЕДИНСТВЕННОГО ПОСТАВЩИКА</description>
                        <url>http://zakupki.gov.ru/223/purchase/public/download/download.html?id=30072606</url>
                    </document>
                </ns2:attachments>
                <ns2:modificationDate>2017-03-15T16:28:58</ns2:modificationDate>
                <ns2:saveUserId>201593</ns2:saveUserId>
                <ns2:deliveryPlaceIndication>DIFFERENT_PLACE</ns2:deliveryPlaceIndication>
                <ns2:emergency>false</ns2:emergency>
                <ns2:jointPurchase>false</ns2:jointPurchase>
                <ns2:lots>
                    <lot>
                        <guid>f3b7b7f0-42e6-4b14-b46e-40e9dc9b2907</guid>
                        <ordinalNumber>1</ordinalNumber>
                        <lotEditEnabled>true</lotEditEnabled>
                        <lotData>
                            <subject>Аренда объектов недвижимого имущества</subject>
                            <currency>
                                <code>RUB</code>
                                <digitalCode>643</digitalCode>
                                <name>Российский рубль</name>
                            </currency>
                            <initialSum>6837991.94</initialSum>
                            <deliveryPlace>
                                <state>Центральный федеральный округ</state>
                                <region>Москва</region>
                                <regionOkato>45000000000</regionOkato>
                                <address>г. Москва, ул. Большая Татарская, дом 35, стр. 7-9</address>
                            </deliveryPlace>
                            <lotItems>
                                <newCodes>true</newCodes>
                                <lotItem>
                                    <guid>43912479-0dc7-4d21-99f6-fd60209f5f07</guid>
                                    <ordinalNumber>1</ordinalNumber>
                                    <okpd2>
                                        <code>68.20.1</code>
                                        <name>Услуги по сдаче в аренду (внаем) собственного или арендованного недвижимого имущества</name>
                                    </okpd2>
                                    <okved2>
                                        <code>68.20</code>
                                        <name>Аренда и управление собственным или арендованным недвижимым имуществом</name>
                                    </okved2>
                                    <okei>
                                        <code>876</code>
                                        <name>Условная единица</name>
                                    </okei>
                                    <qty>1</qty>
                                </lotItem>
                            </lotItems>
                            <forSmallOrMiddle>false</forSmallOrMiddle>
                            <excludePurchaseFromPlan>false</excludePurchaseFromPlan>
                            <subcontractorsRequirement>false</subcontractorsRequirement>
                            <ignoredPurchase>false</ignoredPurchase>
                            <centralized>false</centralized>
                        </lotData>
                        <deliveryPlaceIndication>GL</deliveryPlaceIndication>
                        <jointLotData>
                            <jointLot>false</jointLot>
                        </jointLotData>
                        <lotPlanInfo>
                            <planRegistrationNumber>2160210455</planRegistrationNumber>
                            <planGuid>57189b2c-b740-4b9d-988c-e8157cb10df8</planGuid>
                            <positionNumber>41</positionNumber>
                            <lotPlanPosition>COMMODITY</lotPlanPosition>
                            <positionGuid>9f21707d-ae80-4775-9a56-a5010f321f26</positionGuid>
                        </lotPlanInfo>
                        <cancelled>false</cancelled>
                    </lot>
                </ns2:lots>
            </ns2:purchaseNoticeEPData>
        </ns2:item>
    </ns2:body>
</ns2:purchaseNoticeEP>
