<?xml version="1.0" encoding="UTF-8" standalone="yes"?>
<ns2:purchaseNoticeEP xsi:schemaLocation="http://zakupki.gov.ru/223/integration/schema/TFF-5.2 http://zakupki.gov.ru/223/integration/schema/TFF-5.2/purchase.xsd" xmlns="http://zakupki.gov.ru/223fz/types/1" xmlns:ns10="http://zakupki.gov.ru/223fz/purchasePlan/1" xmlns:ns11="http://zakupki.gov.ru/223fz/purchasePlanProject/1" xmlns:ns12="http://zakupki.gov.ru/223fz/purchasePlanProjectAdditionalPosition/1" xmlns:ns13="http://zakupki.gov.ru/223fz/contract/1" xmlns:ns14="http://zakupki.gov.ru/223fz/missedNotice/1" xmlns:ns15="http://zakupki.gov.ru/223fz/reference/1" xmlns:ns16="http://zakupki.gov.ru/223fz/stopCommodity/1" xmlns:ns17="http://zakupki.gov.ru/223fz/decisionSuspension/1" xmlns:ns18="http://zakupki.gov.ru/223fz/purchasePlanAdditionalPosition/1" xmlns:ns19="http://zakupki.gov.ru/223fz/webRequest/1" xmlns:ns2="http://zakupki.gov.ru/223fz/purchase/1" xmlns:xsi="http://www.w3.org/2001/XMLSchema-instance" xmlns:ns3="http://zakupki.gov.ru/223fz/dishonestSupplier/1" xmlns:ns4="http://zakupki.gov.ru/223fz/machineryListInfo/1" xmlns:ns5="http://zakupki.gov.ru/223fz/revenue/1" xmlns:ns6="http://zakupki.gov.ru/223fz/orderClauseList/1" xmlns:ns7="http://zakupki.gov.ru/223fz/disagreementProtocol/1" xmlns:ns8="http://zakupki.gov.ru/223fz/complaint/1" xmlns:ns9="http://zakupki.gov.ru/223fz/notificationIssue/1">
    <header>
        <guid>1997bb5b-5386-4dd7-9cd6-cd99653ad6d1</guid>
        <createDateTime>2017-03-15T15:24:27</createDateTime>
    </header>
    <ns2:body>
        <ns2:item>
            <guid>33c502f2-5972-461b-8c06-adda3bcc7a42</guid>
            <ns2:purchaseNoticeEPData>
                <ns2:guid>33c502f2-5972-461b-8c06-adda3bcc7a42</ns2:guid>
                <ns2:createDateTime>2017-03-15T15:19:13</ns2:createDateTime>
                <ns2:urlOOS>https://zakupki.gov.ru/223/purchase/private/purchase/notice-info/details.html?noticeInfoId=5879510</ns2:urlOOS>
                <ns2:registrationNumber>31704892747</ns2:registrationNumber>
                <ns2:name>Оказание преподавательских услуг по «Английскому языку» на 1 и 2 курсе факультета политологии</ns2:name>
                <ns2:customer>
                    <mainInfo>
                        <fullName>ФЕДЕРАЛЬНОЕ ГОСУДАРСТВЕННОЕ АВТОНОМНОЕ ОБРАЗОВАТЕЛЬНОЕ УЧРЕЖДЕНИЕ ВЫСШЕГО ОБРАЗОВАНИЯ "МОСКОВСКИЙ ГОСУДАРСТВЕННЫЙ ИНСТИТУТ МЕЖДУНАРОДНЫХ ОТНОШЕНИЙ (УНИВЕРСИТЕТ) МИНИСТЕРСТВА ИНОСТРАННЫХ ДЕЛ РОССИЙСКОЙ ФЕДЕРАЦИИ"</fullName>
                        <shortName>МГИМО МИД РОССИИ</shortName>
                        <iko>87729134728772901001</iko>
                        <inn>7729134728</inn>
                        <kpp>772901001</kpp>
                        <ogrn>1037739194217</ogrn>
                        <legalAddress>119454, г МОСКВА, пр-кт ВЕРНАДСКОГО, дом 76</legalAddress>
                        <postalAddress>119454, г. Москва, проспект Вернадского, 76 </postalAddress>
                        <phone>7-495-4342492</phone>
                        <email>Korunov@mgimo.ru</email>
                        <okato>45268581000</okato>
                        <okpo>04815041</okpo>
                    </mainInfo>
                </ns2:customer>
                <ns2:purchaseMethodCode>3363</ns2:purchaseMethodCode>
                <ns2:purchaseCodeName>Закупка у единственного поставщика (исполнителя, подрядчика)</ns2:purchaseCodeName>
                <ns2:placer>
                    <mainInfo>
                        <fullName>ФЕДЕРАЛЬНОЕ ГОСУДАРСТВЕННОЕ АВТОНОМНОЕ ОБРАЗОВАТЕЛЬНОЕ УЧРЕЖДЕНИЕ ВЫСШЕГО ОБРАЗОВАНИЯ "МОСКОВСКИЙ ГОСУДАРСТВЕННЫЙ ИНСТИТУТ МЕЖДУНАРОДНЫХ ОТНОШЕНИЙ (УНИВЕРСИТЕТ) МИНИСТЕРСТВА ИНОСТРАННЫХ ДЕЛ РОССИЙСКОЙ ФЕДЕРАЦИИ"</fullName>
                        <shortName>МГИМО МИД РОССИИ</shortName>
                        <iko>87729134728772901001</iko>
                        <inn>7729134728</inn>
                        <kpp>772901001</kpp>
                        <ogrn>1037739194217</ogrn>
                        <legalAddress>119454, г МОСКВА, пр-кт ВЕРНАДСКОГО, дом 76</legalAddress>
                        <postalAddress>119454, г. Москва, проспект Вернадского, 76 </postalAddress>
                        <phone>7-495-4342492</phone>
                        <email>Korunov@mgimo.ru</email>
                        <okato>45268581000</okato>
                        <okpo>04815041</okpo>
                    </mainInfo>
                </ns2:placer>
                <ns2:contact>
                    <firstName>Константин </firstName>
                    <middleName>Александрович</middleName>
                    <lastName>Корунов </lastName>
                    <phone>+7 (495) 2295454</phone>
                    <email>Korunov@mgimo.ru</email>
                    <organization>
                        <mainInfo>
                            <fullName>ФЕДЕРАЛЬНОЕ ГОСУДАРСТВЕННОЕ АВТОНОМНОЕ ОБРАЗОВАТЕЛЬНОЕ УЧРЕЖДЕНИЕ ВЫСШЕГО ОБРАЗОВАНИЯ "МОСКОВСКИЙ ГОСУДАРСТВЕННЫЙ ИНСТИТУТ МЕЖДУНАРОДНЫХ ОТНОШЕНИЙ (УНИВЕРСИТЕТ) МИНИСТЕРСТВА ИНОСТРАННЫХ ДЕЛ РОССИЙСКОЙ ФЕДЕРАЦИИ"</fullName>
                            <shortName>МГИМО МИД РОССИИ</shortName>
                            <iko>87729134728772901001</iko>
                            <inn>7729134728</inn>
                            <kpp>772901001</kpp>
                            <ogrn>1037739194217</ogrn>
                            <legalAddress>119454, г МОСКВА, пр-кт ВЕРНАДСКОГО, дом 76</legalAddress>
                            <postalAddress>119454, г. Москва, проспект Вернадского, 76 </postalAddress>
                            <phone>7-495-4342492</phone>
                            <email>Korunov@mgimo.ru</email>
                            <okato>45268581000</okato>
                            <okpo>04815041</okpo>
                        </mainInfo>
                    </organization>
                </ns2:contact>
                <ns2:publicationDateTime>2017-03-15T15:24:27</ns2:publicationDateTime>
                <ns2:documentationDelivery/>
                <ns2:status>P</ns2:status>
                <ns2:version>1</ns2:version>
                <ns2:notDishonest>false</ns2:notDishonest>
                <ns2:attachments>
                    <totalDocumentsCount>3</totalDocumentsCount>
                    <document>
                        <guid>c07336e7-07e9-4708-b7a9-17083c5c2e5c</guid>
                        <createDateTime>2017-03-15T15:23:10</createDateTime>
                        <fileName>Договор.docx</fileName>
                        <description>Договор</description>
                        <url>http://zakupki.gov.ru/223/purchase/public/download/download.html?id=30078883</url>
                    </document>
                    <document>
                        <guid>4d16c861-fbd6-472c-980b-0076db26e1c7</guid>
                        <createDateTime>2017-03-15T15:23:33</createDateTime>
                        <fileName>Извещение.docx</fileName>
                        <description>Извещение</description>
                        <url>http://zakupki.gov.ru/223/purchase/public/download/download.html?id=30078903</url>
                    </document>
                    <document>
                        <guid>9cd0621f-25b8-46ab-abc3-1d7267e4163d</guid>
                        <createDateTime>2017-03-15T15:23:16</createDateTime>
                        <fileName>Документация о закупке.docx</fileName>
                        <description>Документация о закупке</description>
                        <url>http://zakupki.gov.ru/223/purchase/public/download/download.html?id=30078889</url>
                    </document>
                </ns2:attachments>
                <ns2:modificationDate>2017-03-15T15:24:27</ns2:modificationDate>
                <ns2:saveUserId>215839</ns2:saveUserId>
                <ns2:deliveryPlaceIndication>DIFFERENT_PLACE</ns2:deliveryPlaceIndication>
                <ns2:emergency>false</ns2:emergency>
                <ns2:jointPurchase>false</ns2:jointPurchase>
                <ns2:lots>
                    <lot>
                        <guid>7e7a3f4e-344e-46e4-8f01-73813100497a</guid>
                        <ordinalNumber>1</ordinalNumber>
                        <lotEditEnabled>false</lotEditEnabled>
                        <lotData>
                            <subject>Оказание преподавательских услуг по «Английскому языку» на 1 и 2 курсе факультета политологии 
</subject>
                            <currency>
                                <code>RUB</code>
                                <digitalCode>643</digitalCode>
                                <name>Российский рубль</name>
                            </currency>
                            <initialSum>211002.00</initialSum>
                            <deliveryPlace>
                                <state>Центральный федеральный округ</state>
                                <region>Москва</region>
                                <regionOkato>45000000000</regionOkato>
                                <address>119454, Россия, г. Москва, пр-т Вернадского, д. 76</address>
                            </deliveryPlace>
                            <lotItems>
                                <newCodes>true</newCodes>
                                <lotItem>
                                    <guid>16b6a0b8-ded1-4244-9bcc-7aebace570b8</guid>
                                    <ordinalNumber>1</ordinalNumber>
                                    <okpd2>
                                        <code>85.22.12.000</code>
                                        <name>Услуги в области высшего образования прочие - бакалавриат</name>
                                    </okpd2>
                                    <okved2>
                                        <code>85.22.1</code>
                                        <name>Образование высшее - бакалавриат</name>
                                    </okved2>
                                    <okei>
                                        <code>356</code>
                                        <name>Час</name>
                                    </okei>
                                    <qty>424.8</qty>
                                </lotItem>
                            </lotItems>
                            <forSmallOrMiddle>false</forSmallOrMiddle>
                            <excludePurchaseFromPlan>false</excludePurchaseFromPlan>
                            <subcontractorsRequirement>false</subcontractorsRequirement>
                            <ignoredPurchase>false</ignoredPurchase>
                            <centralized>false</centralized>
                        </lotData>
                        <deliveryPlaceIndication>GL</deliveryPlaceIndication>
                        <jointLotData>
                            <jointLot>false</jointLot>
                        </jointLotData>
                        <lotPlanInfo>
                            <planRegistrationNumber>2160193211</planRegistrationNumber>
                            <planGuid>a8bfe48e-ae11-4c27-b335-235ddfa778f4</planGuid>
                            <positionNumber>374</positionNumber>
                            <lotPlanPosition>COMMODITY</lotPlanPosition>
                            <positionGuid>9d6a0757-5a21-4f56-9325-8bbb464e0d08</positionGuid>
                        </lotPlanInfo>
                        <cancelled>false</cancelled>
                    </lot>
                </ns2:lots>
            </ns2:purchaseNoticeEPData>
        </ns2:item>
    </ns2:body>
</ns2:purchaseNoticeEP>
