<?xml version="1.0" encoding="UTF-8" standalone="yes"?>
<ns2:purchaseNoticeEP xsi:schemaLocation="http://zakupki.gov.ru/223/integration/schema/TFF-5.2 http://zakupki.gov.ru/223/integration/schema/TFF-5.2/purchase.xsd" xmlns="http://zakupki.gov.ru/223fz/types/1" xmlns:ns10="http://zakupki.gov.ru/223fz/purchasePlan/1" xmlns:ns11="http://zakupki.gov.ru/223fz/purchasePlanProject/1" xmlns:ns12="http://zakupki.gov.ru/223fz/purchasePlanProjectAdditionalPosition/1" xmlns:ns13="http://zakupki.gov.ru/223fz/contract/1" xmlns:ns14="http://zakupki.gov.ru/223fz/missedNotice/1" xmlns:ns15="http://zakupki.gov.ru/223fz/reference/1" xmlns:ns16="http://zakupki.gov.ru/223fz/stopCommodity/1" xmlns:ns17="http://zakupki.gov.ru/223fz/decisionSuspension/1" xmlns:ns18="http://zakupki.gov.ru/223fz/purchasePlanAdditionalPosition/1" xmlns:ns19="http://zakupki.gov.ru/223fz/webRequest/1" xmlns:ns2="http://zakupki.gov.ru/223fz/purchase/1" xmlns:xsi="http://www.w3.org/2001/XMLSchema-instance" xmlns:ns3="http://zakupki.gov.ru/223fz/dishonestSupplier/1" xmlns:ns4="http://zakupki.gov.ru/223fz/machineryListInfo/1" xmlns:ns5="http://zakupki.gov.ru/223fz/revenue/1" xmlns:ns6="http://zakupki.gov.ru/223fz/orderClauseList/1" xmlns:ns7="http://zakupki.gov.ru/223fz/disagreementProtocol/1" xmlns:ns8="http://zakupki.gov.ru/223fz/complaint/1" xmlns:ns9="http://zakupki.gov.ru/223fz/notificationIssue/1">
    <header>
        <guid>efb54d73-94c1-4340-acc2-d4222c110015</guid>
        <createDateTime>2017-03-15T15:48:58</createDateTime>
    </header>
    <ns2:body>
        <ns2:item>
            <guid>2be5ef2f-56cc-49fe-a6cd-558d2b6c4867</guid>
            <ns2:purchaseNoticeEPData>
                <ns2:guid>2be5ef2f-56cc-49fe-a6cd-558d2b6c4867</ns2:guid>
                <ns2:createDateTime>2017-03-15T15:46:41</ns2:createDateTime>
                <ns2:urlOOS>https://zakupki.gov.ru/223/purchase/private/purchase/notice-info/details.html?noticeInfoId=5879887</ns2:urlOOS>
                <ns2:registrationNumber>31704893051</ns2:registrationNumber>
                <ns2:name>Участие в качестве артиста-исполнителя в театрально-зрелищном мероприятии под названием «Россия, слово о тебе» (Замотаев И.А.) 20 марта</ns2:name>
                <ns2:customer>
                    <mainInfo>
                        <fullName>Государственное бюджетное учреждение культуры города Москвы "Московский государственный музыкальный театр фольклора "Русская песня"</fullName>
                        <shortName>ГБУК г. Москвы "МГМТФ "Русская песня"</shortName>
                        <iko>87714039052770101001</iko>
                        <inn>7714039052</inn>
                        <kpp>770101001</kpp>
                        <ogrn>1027739279182</ogrn>
                        <legalAddress>107078, Москва, Садовая-Черногрязская, дом 5/9, корпус стр.2</legalAddress>
                        <postalAddress>107078, г. Москва, ул. Садовая-Черногрязская, д. 5/9, стр. 2
</postalAddress>
                        <phone>7-985-4114618</phone>
                        <email>centre-sp@yandex.ru</email>
                        <okato>45286555000</okato>
                        <okpo>05216288</okpo>
                    </mainInfo>
                </ns2:customer>
                <ns2:purchaseMethodCode>3363</ns2:purchaseMethodCode>
                <ns2:purchaseCodeName>Закупка у единственного поставщика (исполнителя, подрядчика)</ns2:purchaseCodeName>
                <ns2:placer>
                    <mainInfo>
                        <fullName>Государственное бюджетное учреждение культуры города Москвы "Московский государственный музыкальный театр фольклора "Русская песня"</fullName>
                        <shortName>ГБУК г. Москвы "МГМТФ "Русская песня"</shortName>
                        <iko>87714039052770101001</iko>
                        <inn>7714039052</inn>
                        <kpp>770101001</kpp>
                        <ogrn>1027739279182</ogrn>
                        <legalAddress>107078, Москва, Садовая-Черногрязская, дом 5/9, корпус стр.2</legalAddress>
                        <postalAddress>107078, г. Москва, ул. Садовая-Черногрязская, д. 5/9, стр. 2
</postalAddress>
                        <phone>7-985-4114618</phone>
                        <email>centre-sp@yandex.ru</email>
                        <okato>45286555000</okato>
                        <okpo>05216288</okpo>
                    </mainInfo>
                </ns2:placer>
                <ns2:contact>
                    <phone>+8 (495) 6815137</phone>
                    <email>seda_gevorkyan@mail.ru</email>
                    <organization>
                        <mainInfo>
                            <fullName>Государственное бюджетное учреждение культуры города Москвы "Московский государственный музыкальный театр фольклора "Русская песня"</fullName>
                            <shortName>ГБУК г. Москвы "МГМТФ "Русская песня"</shortName>
                            <iko>87714039052770101001</iko>
                            <inn>7714039052</inn>
                            <kpp>770101001</kpp>
                            <ogrn>1027739279182</ogrn>
                            <legalAddress>107078, Москва, Садовая-Черногрязская, дом 5/9, корпус стр.2</legalAddress>
                            <postalAddress>107078, г. Москва, ул. Садовая-Черногрязская, д. 5/9, стр. 2
</postalAddress>
                            <phone>7-985-4114618</phone>
                            <email>centre-sp@yandex.ru</email>
                            <okato>45286555000</okato>
                            <okpo>05216288</okpo>
                        </mainInfo>
                    </organization>
                </ns2:contact>
                <ns2:publicationDateTime>2017-03-15T15:48:58</ns2:publicationDateTime>
                <ns2:documentationDelivery/>
                <ns2:status>P</ns2:status>
                <ns2:version>1</ns2:version>
                <ns2:notDishonest>false</ns2:notDishonest>
                <ns2:attachments>
                    <totalDocumentsCount>6</totalDocumentsCount>
                    <document>
                        <guid>99b7a144-a504-4fca-9d77-ba440a229452</guid>
                        <createDateTime>2017-03-15T15:48:28</createDateTime>
                        <fileName>Обоснование  способа закупки ИП Замотаев.rtf</fileName>
                        <description>Обоснование  способа закупки ИП Замотаев</description>
                        <url>http://zakupki.gov.ru/223/purchase/public/download/download.html?id=30080323</url>
                    </document>
                    <document>
                        <guid>19a30e24-e601-46fe-9ef8-8d8107ba3cc1</guid>
                        <createDateTime>2017-03-15T15:48:31</createDateTime>
                        <fileName>Обоснование  цены ИП Замотаев.rtf</fileName>
                        <description>Обоснование  цены ИП Замотаев</description>
                        <url>http://zakupki.gov.ru/223/purchase/public/download/download.html?id=30080325</url>
                    </document>
                    <document>
                        <guid>115aceaf-39ca-492c-a6cd-79c23768a5a5</guid>
                        <createDateTime>2017-03-15T15:48:19</createDateTime>
                        <fileName>Договор  ИП Замотаев (ВА).docx</fileName>
                        <description>Договор  ИП Замотаев (ВА)</description>
                        <url>http://zakupki.gov.ru/223/purchase/public/download/download.html?id=30080310</url>
                    </document>
                    <document>
                        <guid>8d5f6ff3-1ec3-4e9f-a777-ff0c97e3e2c6</guid>
                        <createDateTime>2017-03-15T15:48:34</createDateTime>
                        <fileName>ПРИКАЗ.docx</fileName>
                        <description>ПРИКАЗ</description>
                        <url>http://zakupki.gov.ru/223/purchase/public/download/download.html?id=30080328</url>
                    </document>
                    <document>
                        <guid>88221f41-bd9c-41fa-8446-7cc040e7a5bc</guid>
                        <createDateTime>2017-03-15T15:48:37</createDateTime>
                        <fileName>Расчет цены ИП Замотаев.doc</fileName>
                        <description>Расчет цены ИП Замотаев</description>
                        <url>http://zakupki.gov.ru/223/purchase/public/download/download.html?id=30080332</url>
                    </document>
                    <document>
                        <guid>459c9ee4-a848-48fa-b8cc-d9a914c566e2</guid>
                        <createDateTime>2017-03-15T15:48:23</createDateTime>
                        <fileName>Документация ИП Замотаев.doc</fileName>
                        <description>Документация ИП Замотаев</description>
                        <url>http://zakupki.gov.ru/223/purchase/public/download/download.html?id=30080319</url>
                    </document>
                </ns2:attachments>
                <ns2:modificationDate>2017-03-15T15:48:58</ns2:modificationDate>
                <ns2:saveUserId>86913</ns2:saveUserId>
                <ns2:deliveryPlaceIndication>SINGLE_PLACE</ns2:deliveryPlaceIndication>
                <ns2:emergency>false</ns2:emergency>
                <ns2:jointPurchase>false</ns2:jointPurchase>
                <ns2:lots>
                    <lot>
                        <guid>6e4a5f6c-52ee-4ff5-a00d-37e966ae78b9</guid>
                        <ordinalNumber>1</ordinalNumber>
                        <lotEditEnabled>false</lotEditEnabled>
                        <lotData>
                            <subject>Участие в качестве артиста-исполнителя в театрально-зрелищном мероприятии под названием «Россия, слово о тебе» (Замотаев И.А.) 20 марта</subject>
                            <currency>
                                <code>RUB</code>
                                <digitalCode>643</digitalCode>
                                <name>Российский рубль</name>
                            </currency>
                            <initialSum>26900.00</initialSum>
                            <deliveryPlace>
                                <state>Центральный федеральный округ</state>
                                <region>Владимирская   обл</region>
                                <regionOkato>17000000000</regionOkato>
                                <address>г.Владимир, улица Дворянская,д.4</address>
                            </deliveryPlace>
                            <lotItems>
                                <newCodes>true</newCodes>
                                <lotItem>
                                    <guid>ad955819-5946-4198-9a72-b71e255ebbbe</guid>
                                    <ordinalNumber>1</ordinalNumber>
                                    <okpd2>
                                        <code>90.01.10.000</code>
                                        <name>Услуги в области исполнительских искусств</name>
                                    </okpd2>
                                    <okved2>
                                        <code>90.01</code>
                                        <name>Деятельность в области исполнительских искусств</name>
                                    </okved2>
                                    <okei>
                                        <code>876</code>
                                        <name>Условная единица</name>
                                    </okei>
                                    <qty>1</qty>
                                </lotItem>
                            </lotItems>
                            <forSmallOrMiddle>false</forSmallOrMiddle>
                            <excludePurchaseFromPlan>false</excludePurchaseFromPlan>
                            <subcontractorsRequirement>false</subcontractorsRequirement>
                            <ignoredPurchase>false</ignoredPurchase>
                            <centralized>false</centralized>
                        </lotData>
                        <deliveryPlaceIndication>GL</deliveryPlaceIndication>
                        <jointLotData>
                            <jointLot>false</jointLot>
                        </jointLotData>
                        <lotPlanInfo>
                            <planRegistrationNumber>2160219431</planRegistrationNumber>
                            <planGuid>59be0bf4-efae-46f3-9a1d-2f6ec0de398b</planGuid>
                            <positionNumber>42</positionNumber>
                            <lotPlanPosition>COMMODITY</lotPlanPosition>
                            <positionGuid>07535f7a-6a32-4dd2-a148-a3d30702a627</positionGuid>
                        </lotPlanInfo>
                        <cancelled>false</cancelled>
                    </lot>
                </ns2:lots>
            </ns2:purchaseNoticeEPData>
        </ns2:item>
    </ns2:body>
</ns2:purchaseNoticeEP>
