<?xml version="1.0" encoding="UTF-8" standalone="yes"?>
<ns2:purchaseNoticeEP xsi:schemaLocation="http://zakupki.gov.ru/223/integration/schema/TFF-5.2 http://zakupki.gov.ru/223/integration/schema/TFF-5.2/purchase.xsd" xmlns="http://zakupki.gov.ru/223fz/types/1" xmlns:ns10="http://zakupki.gov.ru/223fz/purchasePlan/1" xmlns:ns11="http://zakupki.gov.ru/223fz/purchasePlanProject/1" xmlns:ns12="http://zakupki.gov.ru/223fz/purchasePlanProjectAdditionalPosition/1" xmlns:ns13="http://zakupki.gov.ru/223fz/contract/1" xmlns:ns14="http://zakupki.gov.ru/223fz/missedNotice/1" xmlns:ns15="http://zakupki.gov.ru/223fz/reference/1" xmlns:ns16="http://zakupki.gov.ru/223fz/stopCommodity/1" xmlns:ns17="http://zakupki.gov.ru/223fz/decisionSuspension/1" xmlns:ns18="http://zakupki.gov.ru/223fz/purchasePlanAdditionalPosition/1" xmlns:ns19="http://zakupki.gov.ru/223fz/webRequest/1" xmlns:ns2="http://zakupki.gov.ru/223fz/purchase/1" xmlns:xsi="http://www.w3.org/2001/XMLSchema-instance" xmlns:ns3="http://zakupki.gov.ru/223fz/dishonestSupplier/1" xmlns:ns4="http://zakupki.gov.ru/223fz/machineryListInfo/1" xmlns:ns5="http://zakupki.gov.ru/223fz/revenue/1" xmlns:ns6="http://zakupki.gov.ru/223fz/orderClauseList/1" xmlns:ns7="http://zakupki.gov.ru/223fz/disagreementProtocol/1" xmlns:ns8="http://zakupki.gov.ru/223fz/complaint/1" xmlns:ns9="http://zakupki.gov.ru/223fz/notificationIssue/1">
    <header>
        <guid>4862217a-fdea-4077-ac95-eae387fa39df</guid>
        <createDateTime>2017-03-15T16:43:55</createDateTime>
    </header>
    <ns2:body>
        <ns2:item>
            <guid>a0f35057-c7d9-468f-ad46-23508e4519e6</guid>
            <ns2:purchaseNoticeEPData>
                <ns2:guid>a0f35057-c7d9-468f-ad46-23508e4519e6</ns2:guid>
                <ns2:createDateTime>2017-03-15T16:40:31</ns2:createDateTime>
                <ns2:urlOOS>https://zakupki.gov.ru/223/purchase/private/purchase/notice-info/details.html?noticeInfoId=5880476</ns2:urlOOS>
                <ns2:registrationNumber>31704877395</ns2:registrationNumber>
                <ns2:name>Монтажные работы по замене армоканатов СПН-1000 на армопучки СПЗО-М 
на энергоблоке №1 Ростовской АЭС
</ns2:name>
                <ns2:customer>
                    <mainInfo>
                        <fullName>АКЦИОНЕРНОЕ ОБЩЕСТВО "РОССИЙСКИЙ КОНЦЕРН ПО ПРОИЗВОДСТВУ ЭЛЕКТРИЧЕСКОЙ И ТЕПЛОВОЙ ЭНЕРГИИ НА АТОМНЫХ СТАНЦИЯХ"</fullName>
                        <shortName>АО "КОНЦЕРН РОСЭНЕРГОАТОМ"</shortName>
                        <iko>57721632827772101001</iko>
                        <inn>7721632827</inn>
                        <kpp>772101001</kpp>
                        <ogrn>5087746119951</ogrn>
                        <legalAddress>109507, Г МОСКВА, УЛ ФЕРГАНСКАЯ, дом 25</legalAddress>
                        <postalAddress>109507, г. Москва, ул. Ферганская, д.25
</postalAddress>
                        <phone>7-495-6474189</phone>
                        <fax>7-495-6474603</fax>
                        <email>petrov-au@rosenergoatom.ru</email>
                        <okato>45290554000</okato>
                        <okpo>08844275</okpo>
                    </mainInfo>
                </ns2:customer>
                <ns2:purchaseMethodCode>3363</ns2:purchaseMethodCode>
                <ns2:purchaseCodeName>Закупка у единственного поставщика (исполнителя, подрядчика)</ns2:purchaseCodeName>
                <ns2:placer>
                    <mainInfo>
                        <fullName>Филиал АО "Концерн Росэнергоатом" "Ростовская атомная станция"</fullName>
                        <shortName>Ростовская АЭС</shortName>
                        <iko>57721632827614343002</iko>
                        <inn>7721632827</inn>
                        <kpp>614343002</kpp>
                        <ogrn>5087746119951</ogrn>
                        <legalAddress>347388 г. Волгодонск-28 Ростовской обл.</legalAddress>
                        <postalAddress>347388 г. Волгодонск-28 Ростовской обл.</postalAddress>
                        <phone>7-495-6474189</phone>
                        <fax>7-495-6474603</fax>
                        <email>petrov-au@rosenergoatom.ru</email>
                        <okato>60412000000</okato>
                        <okpo>57494401</okpo>
                    </mainInfo>
                </ns2:placer>
                <ns2:contact>
                    <firstName>Виктор</firstName>
                    <middleName>Викторович</middleName>
                    <lastName>Притчин</lastName>
                    <phone>+7 (8639) 298722</phone>
                    <fax>+7 (8639) 297757</fax>
                    <email>zgir@rosnpp.org.ru</email>
                    <organization>
                        <mainInfo>
                            <fullName>Филиал АО "Концерн Росэнергоатом" "Ростовская атомная станция"</fullName>
                            <shortName>Ростовская АЭС</shortName>
                            <iko>57721632827614343002</iko>
                            <inn>7721632827</inn>
                            <kpp>614343002</kpp>
                            <ogrn>5087746119951</ogrn>
                            <legalAddress>347388 г. Волгодонск-28 Ростовской обл.</legalAddress>
                            <postalAddress>347388 г. Волгодонск-28 Ростовской обл.</postalAddress>
                            <phone>7-495-6474189</phone>
                            <fax>7-495-6474603</fax>
                            <email>petrov-au@rosenergoatom.ru</email>
                            <okato>60412000000</okato>
                            <okpo>57494401</okpo>
                        </mainInfo>
                    </organization>
                </ns2:contact>
                <ns2:publicationDateTime>2017-03-15T16:43:55</ns2:publicationDateTime>
                <ns2:documentationDelivery/>
                <ns2:status>P</ns2:status>
                <ns2:version>2</ns2:version>
                <ns2:modificationDescription>предписанием АК АО «Концерн Росэнергоатом» о приостановке  процедуры заключения договора в связи с рассмотрением жалобы:  9/37101/22-03</ns2:modificationDescription>
                <ns2:notDishonest>false</ns2:notDishonest>
                <ns2:attachments>
                    <totalDocumentsCount>7</totalDocumentsCount>
                    <document>
                        <guid>69d3c261-7072-4d6f-8b26-166d9bdb87af</guid>
                        <createDateTime>2017-03-10T13:54:31</createDateTime>
                        <fileName>ИЗВЕЩЕНИЕ О ПРОВЕДЕНИИ ЗАКУПКИ 10.03.pdf</fileName>
                        <description>ИЗВЕЩЕНИЕ О ПРОВЕДЕНИИ ЗАКУПКИ 10.03</description>
                        <url>http://zakupki.gov.ru/223/purchase/public/download/download.html?id=30082868</url>
                    </document>
                    <document>
                        <guid>357070f9-22a9-4ae0-a047-e449dafd03be</guid>
                        <createDateTime>2017-03-10T14:51:02</createDateTime>
                        <fileName>Смета.tif</fileName>
                        <description>Смета</description>
                        <url>http://zakupki.gov.ru/223/purchase/public/download/download.html?id=30082869</url>
                    </document>
                    <document>
                        <guid>8f395be7-3355-4545-9fdf-97df4d115f6c</guid>
                        <createDateTime>2017-03-10T15:26:17</createDateTime>
                        <fileName>Приложение 5  к Техническому заданию.docx</fileName>
                        <description>Приложение 5  к Техническому заданию</description>
                        <url>http://zakupki.gov.ru/223/purchase/public/download/download.html?id=30082870</url>
                    </document>
                    <document>
                        <guid>07ba1b0a-d8d8-4d6c-a0f8-3d605c11515a</guid>
                        <createDateTime>2017-03-10T15:28:01</createDateTime>
                        <fileName>Приложение 8 к договору.pdf</fileName>
                        <description>Приложение 8 к договору</description>
                        <url>http://zakupki.gov.ru/223/purchase/public/download/download.html?id=30082871</url>
                    </document>
                    <document>
                        <guid>201ab9a8-0ca8-4ce1-83e1-7c65a84ac6e7</guid>
                        <createDateTime>2017-03-10T15:27:08</createDateTime>
                        <fileName>Проект договора.doc</fileName>
                        <description>Проект договора</description>
                        <url>http://zakupki.gov.ru/223/purchase/public/download/download.html?id=30082872</url>
                    </document>
                    <document>
                        <guid>117b52e4-8382-4f9f-a432-a3e4484e0d7b</guid>
                        <createDateTime>2017-03-10T14:50:15</createDateTime>
                        <fileName>НМЦ и пояснительная записка к смете.tif</fileName>
                        <description>НМЦ и пояснительная записка к смете</description>
                        <url>http://zakupki.gov.ru/223/purchase/public/download/download.html?id=30082873</url>
                    </document>
                    <document>
                        <guid>946f7524-300f-402c-99fe-fc4be6db3a2e</guid>
                        <createDateTime>2017-03-15T16:42:23</createDateTime>
                        <fileName>Извещение о приостановлении процедуры.docx</fileName>
                        <description>Извещение о приостановлении процедуры</description>
                        <url>http://zakupki.gov.ru/223/purchase/public/download/download.html?id=30083162</url>
                    </document>
                </ns2:attachments>
                <ns2:modificationDate>2017-03-15T16:43:55</ns2:modificationDate>
                <ns2:saveUserId>32437</ns2:saveUserId>
                <ns2:deliveryPlaceIndication>DIFFERENT_PLACE</ns2:deliveryPlaceIndication>
                <ns2:emergency>false</ns2:emergency>
                <ns2:jointPurchase>false</ns2:jointPurchase>
                <ns2:lots>
                    <lot>
                        <guid>7a9888ea-fb0a-1ee7-81aa-d9b7dba48d00</guid>
                        <ordinalNumber>1</ordinalNumber>
                        <lotEditEnabled>true</lotEditEnabled>
                        <lotData>
                            <subject>Монтажные работы по замене армоканатов СПН-1000 на армопучки СПЗО-М 
на энергоблоке №1 Ростовской АЭС
</subject>
                            <currency>
                                <code>RUB</code>
                                <digitalCode>643</digitalCode>
                                <name>Российский рубль</name>
                            </currency>
                            <initialSum>19826194.02</initialSum>
                            <deliveryPlace>
                                <state>Центральный федеральный округ</state>
                                <region>Москва</region>
                                <regionOkato>45000000000</regionOkato>
                                <address>Ростовская АЭС. Блок 1. Главный корпус. Защитная оболочка реакторного отделения, «Реакторное отделение».</address>
                            </deliveryPlace>
                            <lotItems>
                                <newCodes>true</newCodes>
                                <lotItem>
                                    <guid>7a9888ea-fb0a-1ee7-81aa-da14eaa40d00</guid>
                                    <ordinalNumber>1</ordinalNumber>
                                    <okpd2>
                                        <code>33.20.39.000</code>
                                        <name>Услуги по монтажу прочего оборудования специального назначения</name>
                                    </okpd2>
                                    <okved2>
                                        <code>35.11.3</code>
                                        <name>Производство электроэнергии атомными электростанциями, в том числе деятельность по обеспечению работоспособности электростанций</name>
                                    </okved2>
                                    <okei>
                                        <code>796</code>
                                        <name>Штука</name>
                                    </okei>
                                    <qty>1</qty>
                                    <additionalInfo>Закупка проводится у субъектов малого и среднего предпринимательства.</additionalInfo>
                                </lotItem>
                            </lotItems>
                            <forSmallOrMiddle>true</forSmallOrMiddle>
                            <excludePurchaseFromPlan>false</excludePurchaseFromPlan>
                            <subcontractorsRequirement>false</subcontractorsRequirement>
                            <ignoredPurchase>false</ignoredPurchase>
                            <centralized>false</centralized>
                        </lotData>
                        <deliveryPlaceIndication>GL</deliveryPlaceIndication>
                        <jointLotData>
                            <jointLot>false</jointLot>
                        </jointLotData>
                        <lotPlanInfo>
                            <planRegistrationNumber>2160184588</planRegistrationNumber>
                            <planGuid>400f977e-055d-496b-9b06-1fe1de4b483f</planGuid>
                            <positionNumber>1024200203</positionNumber>
                            <lotPlanPosition>COMMODITY</lotPlanPosition>
                            <positionGuid>f2f32b7a-a50a-1ed7-80e3-a7b362d15b94</positionGuid>
                        </lotPlanInfo>
                        <cancelled>false</cancelled>
                    </lot>
                </ns2:lots>
            </ns2:purchaseNoticeEPData>
        </ns2:item>
    </ns2:body>
</ns2:purchaseNoticeEP>
