<?xml version="1.0" encoding="UTF-8" standalone="yes"?>
<ns2:purchaseNoticeEP xsi:schemaLocation="http://zakupki.gov.ru/223/integration/schema/TFF-5.2 http://zakupki.gov.ru/223/integration/schema/TFF-5.2/purchase.xsd" xmlns="http://zakupki.gov.ru/223fz/types/1" xmlns:ns10="http://zakupki.gov.ru/223fz/purchasePlan/1" xmlns:ns11="http://zakupki.gov.ru/223fz/purchasePlanProject/1" xmlns:ns12="http://zakupki.gov.ru/223fz/purchasePlanProjectAdditionalPosition/1" xmlns:ns13="http://zakupki.gov.ru/223fz/contract/1" xmlns:ns14="http://zakupki.gov.ru/223fz/missedNotice/1" xmlns:ns15="http://zakupki.gov.ru/223fz/reference/1" xmlns:ns16="http://zakupki.gov.ru/223fz/stopCommodity/1" xmlns:ns17="http://zakupki.gov.ru/223fz/decisionSuspension/1" xmlns:ns18="http://zakupki.gov.ru/223fz/purchasePlanAdditionalPosition/1" xmlns:ns19="http://zakupki.gov.ru/223fz/webRequest/1" xmlns:ns2="http://zakupki.gov.ru/223fz/purchase/1" xmlns:xsi="http://www.w3.org/2001/XMLSchema-instance" xmlns:ns3="http://zakupki.gov.ru/223fz/dishonestSupplier/1" xmlns:ns4="http://zakupki.gov.ru/223fz/machineryListInfo/1" xmlns:ns5="http://zakupki.gov.ru/223fz/revenue/1" xmlns:ns6="http://zakupki.gov.ru/223fz/orderClauseList/1" xmlns:ns7="http://zakupki.gov.ru/223fz/disagreementProtocol/1" xmlns:ns8="http://zakupki.gov.ru/223fz/complaint/1" xmlns:ns9="http://zakupki.gov.ru/223fz/notificationIssue/1">
    <header>
        <guid>893cc139-b8ea-4769-8663-facd80edf9d0</guid>
        <createDateTime>2017-03-15T11:58:17</createDateTime>
    </header>
    <ns2:body>
        <ns2:item>
            <guid>40d775c4-c7e1-45d1-8958-68a5019ae189</guid>
            <ns2:purchaseNoticeEPData>
                <ns2:guid>40d775c4-c7e1-45d1-8958-68a5019ae189</ns2:guid>
                <ns2:createDateTime>2017-03-15T11:32:38</ns2:createDateTime>
                <ns2:urlOOS>https://zakupki.gov.ru/223/purchase/private/purchase/notice-info/details.html?noticeInfoId=5877051</ns2:urlOOS>
                <ns2:registrationNumber>31704890927</ns2:registrationNumber>
                <ns2:name>Поставка расходного материала для ортопедического отделения</ns2:name>
                <ns2:customer>
                    <mainInfo>
                        <fullName>ГОСУДАРСТВЕННОЕ АВТОНОМНОЕ УЧРЕЖДЕНИЕ ЗДРАВООХРАНЕНИЯ ГОРОДА МОСКВЫ "СТОМАТОЛОГИЧЕСКАЯ ПОЛИКЛИНИКА № 22 ДЕПАРТАМЕНТА ЗДРАВООХРАНЕНИЯ ГОРОДА МОСКВЫ"</fullName>
                        <shortName>ГАУЗ "СП № 22 ДЗМ"</shortName>
                        <iko>57720009419772001001</iko>
                        <inn>7720009419</inn>
                        <kpp>772001001</kpp>
                        <ogrn>1037739027182</ogrn>
                        <legalAddress>111141, г МОСКВА, пр-кт ЗЕЛЕНЫЙ, дом 10</legalAddress>
                        <postalAddress>111141, г. Москва, Зеленый проспект, дом 10</postalAddress>
                        <phone>7-495-3060200</phone>
                        <email>info@sp22.mosgorzdrav.ru</email>
                        <okato>45263583000</okato>
                        <okpo>05021685</okpo>
                    </mainInfo>
                </ns2:customer>
                <ns2:purchaseMethodCode>3363</ns2:purchaseMethodCode>
                <ns2:purchaseCodeName>Закупка у единственного поставщика (исполнителя, подрядчика)</ns2:purchaseCodeName>
                <ns2:placer>
                    <mainInfo>
                        <fullName>ГОСУДАРСТВЕННОЕ АВТОНОМНОЕ УЧРЕЖДЕНИЕ ЗДРАВООХРАНЕНИЯ ГОРОДА МОСКВЫ "СТОМАТОЛОГИЧЕСКАЯ ПОЛИКЛИНИКА № 22 ДЕПАРТАМЕНТА ЗДРАВООХРАНЕНИЯ ГОРОДА МОСКВЫ"</fullName>
                        <shortName>ГАУЗ "СП № 22 ДЗМ"</shortName>
                        <iko>57720009419772001001</iko>
                        <inn>7720009419</inn>
                        <kpp>772001001</kpp>
                        <ogrn>1037739027182</ogrn>
                        <legalAddress>111141, г МОСКВА, пр-кт ЗЕЛЕНЫЙ, дом 10</legalAddress>
                        <postalAddress>111141, г. Москва, Зеленый проспект, дом 10</postalAddress>
                        <phone>7-495-3060200</phone>
                        <email>info@sp22.mosgorzdrav.ru</email>
                        <okato>45263583000</okato>
                        <okpo>05021685</okpo>
                    </mainInfo>
                </ns2:placer>
                <ns2:contact>
                    <firstName>Ольга</firstName>
                    <middleName>Юрьевна</middleName>
                    <lastName>Левина</lastName>
                    <phone>+7 (495) 3062362</phone>
                    <email>zakupki.sp22@mail.ru</email>
                    <organization>
                        <mainInfo>
                            <fullName>ГОСУДАРСТВЕННОЕ АВТОНОМНОЕ УЧРЕЖДЕНИЕ ЗДРАВООХРАНЕНИЯ ГОРОДА МОСКВЫ "СТОМАТОЛОГИЧЕСКАЯ ПОЛИКЛИНИКА № 22 ДЕПАРТАМЕНТА ЗДРАВООХРАНЕНИЯ ГОРОДА МОСКВЫ"</fullName>
                            <shortName>ГАУЗ "СП № 22 ДЗМ"</shortName>
                            <iko>57720009419772001001</iko>
                            <inn>7720009419</inn>
                            <kpp>772001001</kpp>
                            <ogrn>1037739027182</ogrn>
                            <legalAddress>111141, г МОСКВА, пр-кт ЗЕЛЕНЫЙ, дом 10</legalAddress>
                            <postalAddress>111141, г. Москва, Зеленый проспект, дом 10</postalAddress>
                            <phone>7-495-3060200</phone>
                            <email>info@sp22.mosgorzdrav.ru</email>
                            <okato>45263583000</okato>
                            <okpo>05021685</okpo>
                        </mainInfo>
                    </organization>
                </ns2:contact>
                <ns2:publicationDateTime>2017-03-15T11:58:17</ns2:publicationDateTime>
                <ns2:documentationDelivery>
                    <deliveryStartDateTime>2017-03-15</deliveryStartDateTime>
                    <deliveryEndDateTime>2017-03-16</deliveryEndDateTime>
                    <place>г.Москва,Зеленый проспект,дом 10</place>
                    <procedure>Посредством скачивания и ознакомления</procedure>
                </ns2:documentationDelivery>
                <ns2:status>P</ns2:status>
                <ns2:version>1</ns2:version>
                <ns2:notDishonest>true</ns2:notDishonest>
                <ns2:attachments>
                    <totalDocumentsCount>1</totalDocumentsCount>
                    <document>
                        <guid>7e9721a4-a796-4651-8fdf-a271b9c587ff</guid>
                        <createDateTime>2017-03-15T11:57:33</createDateTime>
                        <fileName>проект.PDF</fileName>
                        <description>проект</description>
                        <url>http://zakupki.gov.ru/223/purchase/public/download/download.html?id=30068230</url>
                    </document>
                </ns2:attachments>
                <ns2:modificationDate>2017-03-15T11:58:17</ns2:modificationDate>
                <ns2:saveUserId>173730</ns2:saveUserId>
                <ns2:deliveryPlaceIndication>DIFFERENT_PLACE</ns2:deliveryPlaceIndication>
                <ns2:emergency>false</ns2:emergency>
                <ns2:jointPurchase>false</ns2:jointPurchase>
                <ns2:lots>
                    <lot>
                        <guid>b75dc7b5-0159-453a-bb47-70deacd5bcc1</guid>
                        <ordinalNumber>1</ordinalNumber>
                        <lotEditEnabled>false</lotEditEnabled>
                        <lotData>
                            <subject>Поставка расходных материалов для нужд ГАУЗ "СП № 22 ДЗМ"</subject>
                            <currency>
                                <code>RUB</code>
                                <digitalCode>643</digitalCode>
                                <name>Российский рубль</name>
                            </currency>
                            <initialSum>256382.19</initialSum>
                            <deliveryPlace>
                                <state>Центральный федеральный округ</state>
                                <region>Москва</region>
                                <regionOkato>45000000000</regionOkato>
                                <address>г.Москва, 2-я Владимирская дом 30,корп.1</address>
                            </deliveryPlace>
                            <lotItems>
                                <newCodes>true</newCodes>
                                <lotItem>
                                    <guid>976d4a28-f2f3-4e41-8d0a-57ef5c9343df</guid>
                                    <ordinalNumber>1</ordinalNumber>
                                    <okpd2>
                                        <code>20.13.13.120</code>
                                        <name>Сплавы, эмульсии, керамические изделия и смеси, содержащие эти элементы, изотопы или соединения</name>
                                    </okpd2>
                                    <okved2>
                                        <code>20.13</code>
                                        <name>Производство прочих основных неорганических химических веществ</name>
                                    </okved2>
                                    <okei>
                                        <code>876</code>
                                        <name>Условная единица</name>
                                    </okei>
                                    <qty>1</qty>
                                </lotItem>
                            </lotItems>
                            <forSmallOrMiddle>true</forSmallOrMiddle>
                            <excludePurchaseFromPlan>false</excludePurchaseFromPlan>
                            <subcontractorsRequirement>false</subcontractorsRequirement>
                            <ignoredPurchase>false</ignoredPurchase>
                            <centralized>false</centralized>
                        </lotData>
                        <deliveryPlaceIndication>GL</deliveryPlaceIndication>
                        <jointLotData>
                            <jointLot>false</jointLot>
                        </jointLotData>
                        <lotPlanInfo>
                            <planRegistrationNumber>2160209362</planRegistrationNumber>
                            <planGuid>a841c1b3-dd78-49b9-b966-bfe9e5bfac79</planGuid>
                            <positionNumber>39</positionNumber>
                            <lotPlanPosition>COMMODITY</lotPlanPosition>
                            <positionGuid>c117bf4f-3fa3-4f24-af50-b005b541863a</positionGuid>
                        </lotPlanInfo>
                        <cancelled>false</cancelled>
                    </lot>
                </ns2:lots>
            </ns2:purchaseNoticeEPData>
        </ns2:item>
    </ns2:body>
</ns2:purchaseNoticeEP>
