<?xml version="1.0" encoding="UTF-8" standalone="yes"?>
<ns2:purchaseNoticeEP xsi:schemaLocation="http://zakupki.gov.ru/223/integration/schema/TFF-5.2 http://zakupki.gov.ru/223/integration/schema/TFF-5.2/purchase.xsd" xmlns="http://zakupki.gov.ru/223fz/types/1" xmlns:ns10="http://zakupki.gov.ru/223fz/purchasePlan/1" xmlns:ns11="http://zakupki.gov.ru/223fz/purchasePlanProject/1" xmlns:ns12="http://zakupki.gov.ru/223fz/purchasePlanProjectAdditionalPosition/1" xmlns:ns13="http://zakupki.gov.ru/223fz/contract/1" xmlns:ns14="http://zakupki.gov.ru/223fz/missedNotice/1" xmlns:ns15="http://zakupki.gov.ru/223fz/reference/1" xmlns:ns16="http://zakupki.gov.ru/223fz/stopCommodity/1" xmlns:ns17="http://zakupki.gov.ru/223fz/decisionSuspension/1" xmlns:ns18="http://zakupki.gov.ru/223fz/purchasePlanAdditionalPosition/1" xmlns:ns19="http://zakupki.gov.ru/223fz/webRequest/1" xmlns:ns2="http://zakupki.gov.ru/223fz/purchase/1" xmlns:xsi="http://www.w3.org/2001/XMLSchema-instance" xmlns:ns3="http://zakupki.gov.ru/223fz/dishonestSupplier/1" xmlns:ns4="http://zakupki.gov.ru/223fz/machineryListInfo/1" xmlns:ns5="http://zakupki.gov.ru/223fz/revenue/1" xmlns:ns6="http://zakupki.gov.ru/223fz/orderClauseList/1" xmlns:ns7="http://zakupki.gov.ru/223fz/disagreementProtocol/1" xmlns:ns8="http://zakupki.gov.ru/223fz/complaint/1" xmlns:ns9="http://zakupki.gov.ru/223fz/notificationIssue/1">
    <header>
        <guid>7c633ea9-0e36-49a1-9ff9-2f2db4583a30</guid>
        <createDateTime>2017-03-15T15:58:48</createDateTime>
    </header>
    <ns2:body>
        <ns2:item>
            <guid>45e16172-1e4d-4e50-b281-2a327a281556</guid>
            <ns2:purchaseNoticeEPData>
                <ns2:guid>45e16172-1e4d-4e50-b281-2a327a281556</ns2:guid>
                <ns2:createDateTime>2017-03-15T15:55:15</ns2:createDateTime>
                <ns2:urlOOS>https://zakupki.gov.ru/223/purchase/private/purchase/notice-info/details.html?noticeInfoId=5879992</ns2:urlOOS>
                <ns2:registrationNumber>31704893165</ns2:registrationNumber>
                <ns2:name>Услуги по подбору персонала</ns2:name>
                <ns2:customer>
                    <mainInfo>
                        <fullName>ФЕДЕРАЛЬНОЕ ГОСУДАРСТВЕННОЕ АВТОНОМНОЕ НАУЧНОЕ УЧРЕЖДЕНИЕ "ЦЕНТР СОЦИОЛОГИЧЕСКИХ ИССЛЕДОВАНИЙ"</fullName>
                        <shortName>ФГАНУ "СОЦИОЦЕНТР"</shortName>
                        <iko>57725145630772501001</iko>
                        <inn>7725145630</inn>
                        <kpp>772501001</kpp>
                        <ogrn>1027739468008</ogrn>
                        <legalAddress>115988, Г МОСКВА, УЛ ЛЮСИНОВСКАЯ, дом 51</legalAddress>
                        <postalAddress>127473,г.Москва, ул. Краснопролетарская д.16, корпус 3, подъезд 8, этаж 3,офис 11 </postalAddress>
                        <phone>7-495-2715572</phone>
                        <email>zakupki@sociocenter.info</email>
                        <okato>45296559000</okato>
                        <okpo>56589921</okpo>
                    </mainInfo>
                </ns2:customer>
                <ns2:purchaseMethodCode>3363</ns2:purchaseMethodCode>
                <ns2:purchaseCodeName>Закупка у единственного поставщика (исполнителя, подрядчика)</ns2:purchaseCodeName>
                <ns2:placer>
                    <mainInfo>
                        <fullName>ФЕДЕРАЛЬНОЕ ГОСУДАРСТВЕННОЕ АВТОНОМНОЕ НАУЧНОЕ УЧРЕЖДЕНИЕ "ЦЕНТР СОЦИОЛОГИЧЕСКИХ ИССЛЕДОВАНИЙ"</fullName>
                        <shortName>ФГАНУ "СОЦИОЦЕНТР"</shortName>
                        <iko>57725145630772501001</iko>
                        <inn>7725145630</inn>
                        <kpp>772501001</kpp>
                        <ogrn>1027739468008</ogrn>
                        <legalAddress>115988, Г МОСКВА, УЛ ЛЮСИНОВСКАЯ, дом 51</legalAddress>
                        <postalAddress>127473,г.Москва, ул. Краснопролетарская д.16, корпус 3, подъезд 8, этаж 3,офис 11 </postalAddress>
                        <phone>7-495-2715572</phone>
                        <email>zakupki@sociocenter.info</email>
                        <okato>45296559000</okato>
                        <okpo>56589921</okpo>
                    </mainInfo>
                </ns2:placer>
                <ns2:contact>
                    <phone>+7 (499) 2715572</phone>
                    <email>zakupki@sociocenter.info</email>
                    <organization>
                        <mainInfo>
                            <fullName>ФЕДЕРАЛЬНОЕ ГОСУДАРСТВЕННОЕ АВТОНОМНОЕ НАУЧНОЕ УЧРЕЖДЕНИЕ "ЦЕНТР СОЦИОЛОГИЧЕСКИХ ИССЛЕДОВАНИЙ"</fullName>
                            <shortName>ФГАНУ "СОЦИОЦЕНТР"</shortName>
                            <iko>57725145630772501001</iko>
                            <inn>7725145630</inn>
                            <kpp>772501001</kpp>
                            <ogrn>1027739468008</ogrn>
                            <legalAddress>115988, Г МОСКВА, УЛ ЛЮСИНОВСКАЯ, дом 51</legalAddress>
                            <postalAddress>127473,г.Москва, ул. Краснопролетарская д.16, корпус 3, подъезд 8, этаж 3,офис 11 </postalAddress>
                            <phone>7-495-2715572</phone>
                            <email>zakupki@sociocenter.info</email>
                            <okato>45296559000</okato>
                            <okpo>56589921</okpo>
                        </mainInfo>
                    </organization>
                </ns2:contact>
                <ns2:publicationDateTime>2017-03-15T15:58:48</ns2:publicationDateTime>
                <ns2:documentationDelivery/>
                <ns2:status>P</ns2:status>
                <ns2:version>1</ns2:version>
                <ns2:notDishonest>true</ns2:notDishonest>
                <ns2:attachments>
                    <totalDocumentsCount>2</totalDocumentsCount>
                    <document>
                        <guid>a91aafbf-997a-4e32-9362-6f8003b68eaa</guid>
                        <createDateTime>2017-03-15T15:58:24</createDateTime>
                        <fileName>Закупочная документация.docx</fileName>
                        <description>Закупочная документация</description>
                        <url>http://zakupki.gov.ru/223/purchase/public/download/download.html?id=30080912</url>
                    </document>
                    <document>
                        <guid>14b1ebe1-6f5f-4d34-b812-1c82d7e7bf3a</guid>
                        <createDateTime>2017-03-15T15:56:45</createDateTime>
                        <fileName>Проект договора.docx</fileName>
                        <description>Проект договора</description>
                        <url>http://zakupki.gov.ru/223/purchase/public/download/download.html?id=30080824</url>
                    </document>
                </ns2:attachments>
                <ns2:modificationDate>2017-03-15T15:58:48</ns2:modificationDate>
                <ns2:saveUserId>148819</ns2:saveUserId>
                <ns2:deliveryPlaceIndication>DIFFERENT_PLACE</ns2:deliveryPlaceIndication>
                <ns2:emergency>false</ns2:emergency>
                <ns2:jointPurchase>false</ns2:jointPurchase>
                <ns2:lots>
                    <lot>
                        <guid>b49b725c-4a03-4c66-987e-b2e52e399c15</guid>
                        <ordinalNumber>1</ordinalNumber>
                        <lotEditEnabled>false</lotEditEnabled>
                        <lotData>
                            <subject>        Услуги  по подбору персонала  </subject>
                            <currency>
                                <code>RUB</code>
                                <digitalCode>643</digitalCode>
                                <name>Российский рубль</name>
                            </currency>
                            <initialSum>276000.00</initialSum>
                            <deliveryPlace>
                                <state>Центральный федеральный округ</state>
                                <region>Москва</region>
                                <regionOkato>45000000000</regionOkato>
                                <address>г.Москва</address>
                            </deliveryPlace>
                            <lotItems>
                                <newCodes>true</newCodes>
                                <lotItem>
                                    <guid>d6761c87-3cbc-472c-8376-d5a03efcdfdf</guid>
                                    <ordinalNumber>1</ordinalNumber>
                                    <okpd2>
                                        <code>78.10</code>
                                        <name>Услуги, предоставляемые агентствами по трудоустройству</name>
                                    </okpd2>
                                    <okved2>
                                        <code>78.10</code>
                                        <name>Деятельность агентств по подбору персонала</name>
                                    </okved2>
                                    <okei>
                                        <code>876</code>
                                        <name>Условная единица</name>
                                    </okei>
                                    <qty>1</qty>
                                </lotItem>
                            </lotItems>
                            <forSmallOrMiddle>false</forSmallOrMiddle>
                            <excludePurchaseFromPlan>false</excludePurchaseFromPlan>
                            <subcontractorsRequirement>false</subcontractorsRequirement>
                            <ignoredPurchase>false</ignoredPurchase>
                            <centralized>false</centralized>
                        </lotData>
                        <deliveryPlaceIndication>GL</deliveryPlaceIndication>
                        <jointLotData>
                            <jointLot>false</jointLot>
                        </jointLotData>
                        <lotPlanInfo>
                            <planRegistrationNumber>2160215652</planRegistrationNumber>
                            <planGuid>388ce716-24db-470a-adf8-164d6c999cfb</planGuid>
                            <positionNumber>44</positionNumber>
                            <lotPlanPosition>COMMODITY</lotPlanPosition>
                            <positionGuid>acfafc1f-d76c-44f8-8548-5664350d44fa</positionGuid>
                        </lotPlanInfo>
                        <cancelled>false</cancelled>
                    </lot>
                </ns2:lots>
            </ns2:purchaseNoticeEPData>
        </ns2:item>
    </ns2:body>
</ns2:purchaseNoticeEP>
