<?xml version="1.0" encoding="UTF-8" standalone="yes"?>
<ns2:purchaseNoticeEP xsi:schemaLocation="http://zakupki.gov.ru/223/integration/schema/TFF-5.2 http://zakupki.gov.ru/223/integration/schema/TFF-5.2/purchase.xsd" xmlns="http://zakupki.gov.ru/223fz/types/1" xmlns:ns10="http://zakupki.gov.ru/223fz/purchasePlan/1" xmlns:ns11="http://zakupki.gov.ru/223fz/purchasePlanProject/1" xmlns:ns12="http://zakupki.gov.ru/223fz/purchasePlanProjectAdditionalPosition/1" xmlns:ns13="http://zakupki.gov.ru/223fz/contract/1" xmlns:ns14="http://zakupki.gov.ru/223fz/missedNotice/1" xmlns:ns15="http://zakupki.gov.ru/223fz/reference/1" xmlns:ns16="http://zakupki.gov.ru/223fz/stopCommodity/1" xmlns:ns17="http://zakupki.gov.ru/223fz/decisionSuspension/1" xmlns:ns18="http://zakupki.gov.ru/223fz/purchasePlanAdditionalPosition/1" xmlns:ns19="http://zakupki.gov.ru/223fz/webRequest/1" xmlns:ns2="http://zakupki.gov.ru/223fz/purchase/1" xmlns:xsi="http://www.w3.org/2001/XMLSchema-instance" xmlns:ns3="http://zakupki.gov.ru/223fz/dishonestSupplier/1" xmlns:ns4="http://zakupki.gov.ru/223fz/machineryListInfo/1" xmlns:ns5="http://zakupki.gov.ru/223fz/revenue/1" xmlns:ns6="http://zakupki.gov.ru/223fz/orderClauseList/1" xmlns:ns7="http://zakupki.gov.ru/223fz/disagreementProtocol/1" xmlns:ns8="http://zakupki.gov.ru/223fz/complaint/1" xmlns:ns9="http://zakupki.gov.ru/223fz/notificationIssue/1">
    <header>
        <guid>b0eb7150-cf55-4355-b7aa-c5018d2bd591</guid>
        <createDateTime>2017-03-15T06:11:29</createDateTime>
    </header>
    <ns2:body>
        <ns2:item>
            <guid>297b9dc0-0d9a-1ee7-8199-574747d25fa9</guid>
            <ns2:purchaseNoticeEPData>
                <ns2:guid>297b9dc0-0d9a-1ee7-8199-574747d25fa9</ns2:guid>
                <ns2:createDateTime>2017-03-11T13:06:03</ns2:createDateTime>
                <ns2:urlOOS>https://zakupki.gov.ru/223/purchase/private/purchase/notice-info/details.html?noticeInfoId=5860437</ns2:urlOOS>
                <ns2:urlVSRZ>www.rosneft.ru</ns2:urlVSRZ>
                <ns2:registrationNumber>31704889119</ns2:registrationNumber>
                <ns2:name>Поставка Ключей АКБ-4 для филиалов ООО "РН-Бурение"</ns2:name>
                <ns2:customer>
                    <mainInfo>
                        <fullName>ОБЩЕСТВО С ОГРАНИЧЕННОЙ ОТВЕТСТВЕННОСТЬЮ "РН-БУРЕНИЕ"</fullName>
                        <shortName>ООО "РН-БУРЕНИЕ"</shortName>
                        <iko>77706613770772501001</iko>
                        <inn>7706613770</inn>
                        <kpp>772501001</kpp>
                        <ogrn>1067746404681</ogrn>
                        <legalAddress>119071, г МОСКВА, ул КАЛУЖСКАЯ М., дом 15, корпус 31</legalAddress>
                        <postalAddress>119071, Москва Город, Калужская М. Улица, дом 15, строение 31</postalAddress>
                        <phone>7-499-5177633</phone>
                        <email>rn-burenie@rosneft.ru</email>
                        <okato>45286596000</okato>
                        <okpo>94475850</okpo>
                    </mainInfo>
                </ns2:customer>
                <ns2:purchaseMethodCode>3363</ns2:purchaseMethodCode>
                <ns2:purchaseCodeName>Закупка у единственного поставщика (исполнителя, подрядчика)</ns2:purchaseCodeName>
                <ns2:placer>
                    <mainInfo>
                        <fullName>ОБЩЕСТВО С ОГРАНИЧЕННОЙ ОТВЕТСТВЕННОСТЬЮ "РН-БУРЕНИЕ"</fullName>
                        <shortName>ООО "РН-БУРЕНИЕ"</shortName>
                        <iko>77706613770772501001</iko>
                        <inn>7706613770</inn>
                        <kpp>772501001</kpp>
                        <ogrn>1067746404681</ogrn>
                        <legalAddress>119071, г МОСКВА, ул КАЛУЖСКАЯ М., дом 15, корпус 31</legalAddress>
                        <postalAddress>119071, Москва Город, Калужская М. Улица, дом 15, строение 31</postalAddress>
                        <phone>7-499-5177633</phone>
                        <email>rn-burenie@rosneft.ru</email>
                        <okato>45286596000</okato>
                        <okpo>94475850</okpo>
                    </mainInfo>
                </ns2:placer>
                <ns2:contact>
                    <firstName>Федор Иванович</firstName>
                    <lastName>Жеков</lastName>
                    <phone>(499) 517 76 33 доб. 8618 48036</phone>
                    <email>fizhekov@burenie.purpe.ru</email>
                    <organization>
                        <mainInfo>
                            <fullName>ОБЩЕСТВО С ОГРАНИЧЕННОЙ ОТВЕТСТВЕННОСТЬЮ "РН-БУРЕНИЕ"</fullName>
                            <shortName>ООО "РН-БУРЕНИЕ"</shortName>
                            <iko>77706613770772501001</iko>
                            <inn>7706613770</inn>
                            <kpp>772501001</kpp>
                            <ogrn>1067746404681</ogrn>
                            <legalAddress>119071, г МОСКВА, ул КАЛУЖСКАЯ М., дом 15, корпус 31</legalAddress>
                            <postalAddress>119071, Москва Город, Калужская М. Улица, дом 15, строение 31</postalAddress>
                            <phone>7-499-5177633</phone>
                            <email>rn-burenie@rosneft.ru</email>
                            <okato>45286596000</okato>
                            <okpo>94475850</okpo>
                        </mainInfo>
                    </organization>
                </ns2:contact>
                <ns2:publicationDateTime>2017-03-15T06:11:29</ns2:publicationDateTime>
                <ns2:documentationDelivery>
                    <deliveryStartDateTime>2017-03-11</deliveryStartDateTime>
                    <deliveryEndDateTime>2017-03-11</deliveryEndDateTime>
                    <place>Не устанавливается</place>
                    <procedure>Не устанавливается</procedure>
                </ns2:documentationDelivery>
                <ns2:status>P</ns2:status>
                <ns2:version>1</ns2:version>
                <ns2:notDishonest>false</ns2:notDishonest>
                <ns2:attachments>
                    <totalDocumentsCount>2</totalDocumentsCount>
                    <document>
                        <guid>297b9dc0-0d9a-1ed7-81c8-41ccf39c98e4</guid>
                        <createDateTime>2017-03-10T04:39:27</createDateTime>
                        <fileName>4. Извещение о закупке.docx</fileName>
                        <description>4. Извещение о закупке.docx</description>
                        <url>http://zakupki.gov.ru/223/purchase/public/download/download.html?id=29982102</url>
                    </document>
                    <document>
                        <guid>297b9dc0-0d9a-1ed7-81c8-41cd8e3c58e9</guid>
                        <createDateTime>2017-03-11T05:56:34</createDateTime>
                        <fileName>Базовый договор с опционом (5).doc</fileName>
                        <description>Базовый договор с опционом (5).doc</description>
                        <url>http://zakupki.gov.ru/223/purchase/public/download/download.html?id=29982103</url>
                    </document>
                </ns2:attachments>
                <ns2:modificationDate>2017-03-15T06:11:29</ns2:modificationDate>
                <ns2:saveUserId>263557</ns2:saveUserId>
                <ns2:deliveryPlaceIndication>DIFFERENT_PLACE</ns2:deliveryPlaceIndication>
                <ns2:emergency>false</ns2:emergency>
                <ns2:jointPurchase>false</ns2:jointPurchase>
                <ns2:lots>
                    <lot>
                        <guid>297b9dc0-0d9a-1ed7-8199-5787928840c4</guid>
                        <ordinalNumber>1</ordinalNumber>
                        <lotEditEnabled>true</lotEditEnabled>
                        <lotData>
                            <subject>Поставка Ключей АКБ-4 для филиалов ООО "РН-Бурение"</subject>
                            <currency>
                                <code>RUB</code>
                                <digitalCode>643</digitalCode>
                                <name>Российский рубль</name>
                            </currency>
                            <initialSum>81514400.00</initialSum>
                            <deliveryPlace>
                                <address>ст. Лена, Восточно-Сибирская ж.д, код станции 927105
cт. Коротчаево, Свердловская ж.д., код станции 799101
ст. Усинск, Северной ж.д., код станции 288308
автотранспортной компанией: 629830,ЯНАО,г. Губкинский, Промзона,  Панель № 7
cт. Пыхть-Ях, Свердловской ж.д., код станции 797002
ст.Нижневартовск-2, Мыхпай, Свердловской ж.д., код станции 797905
</address>
                            </deliveryPlace>
                            <lotItems>
                                <newCodes>true</newCodes>
                                <lotItem>
                                    <guid>297b9dc0-0d9a-1ed7-8199-584382c4c68b</guid>
                                    <ordinalNumber>1</ordinalNumber>
                                    <okpd2>
                                        <code>28.99.39.190</code>
                                        <name>Оборудование специального назначения прочее, не включенное в другие группировки</name>
                                    </okpd2>
                                    <okved2>
                                        <code>28.99.9</code>
                                        <name>Производство оборудования специального назначения, не включенного в другие группировки</name>
                                    </okved2>
                                </lotItem>
                                <lotItem>
                                    <guid>297b9dc0-0d9a-1ed7-8199-58438323c68c</guid>
                                    <ordinalNumber>2</ordinalNumber>
                                    <okpd2>
                                        <code>28.99.39.190</code>
                                        <name>Оборудование специального назначения прочее, не включенное в другие группировки</name>
                                    </okpd2>
                                    <okved2>
                                        <code>28.99.9</code>
                                        <name>Производство оборудования специального назначения, не включенного в другие группировки</name>
                                    </okved2>
                                </lotItem>
                                <lotItem>
                                    <guid>297b9dc0-0d9a-1ed7-8199-58438369c68d</guid>
                                    <ordinalNumber>3</ordinalNumber>
                                    <okpd2>
                                        <code>28.99.39.190</code>
                                        <name>Оборудование специального назначения прочее, не включенное в другие группировки</name>
                                    </okpd2>
                                    <okved2>
                                        <code>28.99.9</code>
                                        <name>Производство оборудования специального назначения, не включенного в другие группировки</name>
                                    </okved2>
                                </lotItem>
                                <lotItem>
                                    <guid>297b9dc0-0d9a-1ed7-8199-584383ae868e</guid>
                                    <ordinalNumber>4</ordinalNumber>
                                    <okpd2>
                                        <code>28.99.39.190</code>
                                        <name>Оборудование специального назначения прочее, не включенное в другие группировки</name>
                                    </okpd2>
                                    <okved2>
                                        <code>28.99.9</code>
                                        <name>Производство оборудования специального назначения, не включенного в другие группировки</name>
                                    </okved2>
                                </lotItem>
                                <lotItem>
                                    <guid>297b9dc0-0d9a-1ed7-8199-584383f3468f</guid>
                                    <ordinalNumber>5</ordinalNumber>
                                    <okpd2>
                                        <code>28.99.39.190</code>
                                        <name>Оборудование специального назначения прочее, не включенное в другие группировки</name>
                                    </okpd2>
                                    <okved2>
                                        <code>28.99.9</code>
                                        <name>Производство оборудования специального назначения, не включенного в другие группировки</name>
                                    </okved2>
                                </lotItem>
                                <lotItem>
                                    <guid>297b9dc0-0d9a-1ed7-8199-5843844e8690</guid>
                                    <ordinalNumber>6</ordinalNumber>
                                    <okpd2>
                                        <code>28.99.39.190</code>
                                        <name>Оборудование специального назначения прочее, не включенное в другие группировки</name>
                                    </okpd2>
                                    <okved2>
                                        <code>28.99.9</code>
                                        <name>Производство оборудования специального назначения, не включенного в другие группировки</name>
                                    </okved2>
                                    <okei>
                                        <code>796</code>
                                        <name>Штука</name>
                                    </okei>
                                    <qty>22</qty>
                                </lotItem>
                            </lotItems>
                            <forSmallOrMiddle>false</forSmallOrMiddle>
                            <excludePurchaseFromPlan>false</excludePurchaseFromPlan>
                            <subcontractorsRequirement>false</subcontractorsRequirement>
                            <ignoredPurchase>false</ignoredPurchase>
                            <centralized>false</centralized>
                        </lotData>
                        <deliveryPlaceIndication>GL</deliveryPlaceIndication>
                        <jointLotData>
                            <jointLot>false</jointLot>
                        </jointLotData>
                        <lotPlanInfo>
                            <planRegistrationNumber>2160204549</planRegistrationNumber>
                            <planGuid>297b9dc0-0d9a-1ed6-bfe6-0420a51b5abe</planGuid>
                            <positionNumber>287</positionNumber>
                            <lotPlanPosition>COMMODITY</lotPlanPosition>
                            <positionGuid>297b9dc0-0d9a-1ee6-b2fe-09149a02c62e</positionGuid>
                        </lotPlanInfo>
                        <cancelled>false</cancelled>
                    </lot>
                </ns2:lots>
            </ns2:purchaseNoticeEPData>
        </ns2:item>
    </ns2:body>
</ns2:purchaseNoticeEP>
