<?xml version="1.0" encoding="UTF-8" standalone="yes"?>
<ns2:purchaseNoticeEP xsi:schemaLocation="http://zakupki.gov.ru/223/integration/schema/TFF-5.2 http://zakupki.gov.ru/223/integration/schema/TFF-5.2/purchase.xsd" xmlns="http://zakupki.gov.ru/223fz/types/1" xmlns:ns10="http://zakupki.gov.ru/223fz/purchasePlan/1" xmlns:ns11="http://zakupki.gov.ru/223fz/purchasePlanProject/1" xmlns:ns12="http://zakupki.gov.ru/223fz/purchasePlanProjectAdditionalPosition/1" xmlns:ns13="http://zakupki.gov.ru/223fz/contract/1" xmlns:ns14="http://zakupki.gov.ru/223fz/missedNotice/1" xmlns:ns15="http://zakupki.gov.ru/223fz/reference/1" xmlns:ns16="http://zakupki.gov.ru/223fz/stopCommodity/1" xmlns:ns17="http://zakupki.gov.ru/223fz/decisionSuspension/1" xmlns:ns18="http://zakupki.gov.ru/223fz/purchasePlanAdditionalPosition/1" xmlns:ns19="http://zakupki.gov.ru/223fz/webRequest/1" xmlns:ns2="http://zakupki.gov.ru/223fz/purchase/1" xmlns:xsi="http://www.w3.org/2001/XMLSchema-instance" xmlns:ns3="http://zakupki.gov.ru/223fz/dishonestSupplier/1" xmlns:ns4="http://zakupki.gov.ru/223fz/machineryListInfo/1" xmlns:ns5="http://zakupki.gov.ru/223fz/revenue/1" xmlns:ns6="http://zakupki.gov.ru/223fz/orderClauseList/1" xmlns:ns7="http://zakupki.gov.ru/223fz/disagreementProtocol/1" xmlns:ns8="http://zakupki.gov.ru/223fz/complaint/1" xmlns:ns9="http://zakupki.gov.ru/223fz/notificationIssue/1">
    <header>
        <guid>1b05db1c-e9e6-4fb0-ba8a-58507a122e88</guid>
        <createDateTime>2017-03-15T15:00:03</createDateTime>
    </header>
    <ns2:body>
        <ns2:item>
            <guid>54e23d93-0236-11e7-9417-00505691af80</guid>
            <ns2:purchaseNoticeEPData>
                <ns2:guid>54e23d93-0236-11e7-9417-00505691af80</ns2:guid>
                <ns2:createDateTime>2017-03-15T14:57:58</ns2:createDateTime>
                <ns2:urlOOS>https://zakupki.gov.ru/223/purchase/private/purchase/notice-info/details.html?noticeInfoId=5879225</ns2:urlOOS>
                <ns2:urlVSRZ>zakupki.gov.ru</ns2:urlVSRZ>
                <ns2:registrationNumber>31704892453</ns2:registrationNumber>
                <ns2:name>Выполнение работ по усилению проемов</ns2:name>
                <ns2:customer>
                    <mainInfo>
                        <fullName>ФЕДЕРАЛЬНОЕ ГОСУДАРСТВЕННОЕ УНИТАРНОЕ ПРЕДПРИЯТИЕ "ТЕЛЕВИЗИОННЫЙ ТЕХНИЧЕСКИЙ ЦЕНТР "ОСТАНКИНО"</fullName>
                        <shortName>ФГУП "ТТЦ "ОСТАНКИНО"</shortName>
                        <iko>57717022723771701001</iko>
                        <inn>7717022723</inn>
                        <kpp>771701001</kpp>
                        <ogrn>1037739468392</ogrn>
                        <legalAddress>127427, г МОСКВА, ул КОРОЛЕВА АКАДЕМИКА, дом 12</legalAddress>
                        <postalAddress>127427, Москва, КОРОЛЕВА АКАДЕМИКА, дом 12</postalAddress>
                        <phone>7-495-6175038</phone>
                        <fax>7-495-6177163</fax>
                        <email>ttc@telecenter.ru</email>
                        <okato>45280572000</okato>
                        <okpo>02839362</okpo>
                    </mainInfo>
                </ns2:customer>
                <ns2:purchaseMethodCode>3363</ns2:purchaseMethodCode>
                <ns2:purchaseCodeName>Закупка у единственного поставщика (исполнителя, подрядчика)</ns2:purchaseCodeName>
                <ns2:placer>
                    <mainInfo>
                        <fullName>ФЕДЕРАЛЬНОЕ ГОСУДАРСТВЕННОЕ УНИТАРНОЕ ПРЕДПРИЯТИЕ "ТЕЛЕВИЗИОННЫЙ ТЕХНИЧЕСКИЙ ЦЕНТР "ОСТАНКИНО"</fullName>
                        <shortName>ФГУП "ТТЦ "ОСТАНКИНО"</shortName>
                        <iko>57717022723771701001</iko>
                        <inn>7717022723</inn>
                        <kpp>771701001</kpp>
                        <ogrn>1037739468392</ogrn>
                        <legalAddress>127427, г МОСКВА, ул КОРОЛЕВА АКАДЕМИКА, дом 12</legalAddress>
                        <postalAddress>127427, Москва, КОРОЛЕВА АКАДЕМИКА, дом 12</postalAddress>
                        <phone>7-495-6175038</phone>
                        <fax>7-495-6177163</fax>
                        <email>ttc@telecenter.ru</email>
                        <okato>45280572000</okato>
                        <okpo>02839362</okpo>
                    </mainInfo>
                </ns2:placer>
                <ns2:contact>
                    <firstName>Наталья</firstName>
                    <middleName>Валерьевна</middleName>
                    <lastName>Тиунова</lastName>
                    <phone>+8 (495) 6177189</phone>
                    <email>zakupki@telecenter.ru</email>
                    <organization>
                        <mainInfo>
                            <fullName>ФЕДЕРАЛЬНОЕ ГОСУДАРСТВЕННОЕ УНИТАРНОЕ ПРЕДПРИЯТИЕ "ТЕЛЕВИЗИОННЫЙ ТЕХНИЧЕСКИЙ ЦЕНТР "ОСТАНКИНО"</fullName>
                            <shortName>ФГУП "ТТЦ "ОСТАНКИНО"</shortName>
                            <iko>57717022723771701001</iko>
                            <inn>7717022723</inn>
                            <kpp>771701001</kpp>
                            <ogrn>1037739468392</ogrn>
                            <legalAddress>127427, г МОСКВА, ул КОРОЛЕВА АКАДЕМИКА, дом 12</legalAddress>
                            <postalAddress>127427, Москва, КОРОЛЕВА АКАДЕМИКА, дом 12</postalAddress>
                            <phone>7-495-6175038</phone>
                            <fax>7-495-6177163</fax>
                            <email>ttc@telecenter.ru</email>
                            <okato>45280572000</okato>
                            <okpo>02839362</okpo>
                        </mainInfo>
                    </organization>
                </ns2:contact>
                <ns2:publicationDateTime>2017-03-15T15:00:03</ns2:publicationDateTime>
                <ns2:documentationDelivery/>
                <ns2:status>P</ns2:status>
                <ns2:version>1</ns2:version>
                <ns2:notDishonest>false</ns2:notDishonest>
                <ns2:attachments>
                    <totalDocumentsCount>1</totalDocumentsCount>
                    <document>
                        <guid>6c213511-5b1d-48eb-bd0f-7459238d8393</guid>
                        <createDateTime>2017-03-15T14:57:58</createDateTime>
                        <fileName>АСБК_80_СМП_ЗакупочнаяДокументация.docx</fileName>
                        <description>АСБК_80_СМП_ЗакупочнаяДокументация.docx</description>
                        <url>http://zakupki.gov.ru/223/purchase/public/download/download.html?id=30077460</url>
                    </document>
                </ns2:attachments>
                <ns2:modificationDate>2017-03-15T15:00:03</ns2:modificationDate>
                <ns2:saveUserId>202356</ns2:saveUserId>
                <ns2:deliveryPlaceIndication>SINGLE_PLACE</ns2:deliveryPlaceIndication>
                <ns2:emergency>false</ns2:emergency>
                <ns2:jointPurchase>false</ns2:jointPurchase>
                <ns2:lots>
                    <lot>
                        <guid>9f0b0f95-747f-412b-8972-e19df93da71c</guid>
                        <ordinalNumber>1</ordinalNumber>
                        <lotEditEnabled>true</lotEditEnabled>
                        <lotData>
                            <subject>Выполнение работ по усилению проемов</subject>
                            <currency>
                                <code>RUB</code>
                                <digitalCode>643</digitalCode>
                                <name>Российский рубль</name>
                            </currency>
                            <initialSum>494754.40</initialSum>
                            <deliveryPlace>
                                <address>г. Москва, ул. Академика Королева, д. 23, стр. 3</address>
                            </deliveryPlace>
                            <lotItems>
                                <newCodes>true</newCodes>
                                <lotItem>
                                    <guid>981c405e-f67e-41ff-87ce-7b01e032cc66</guid>
                                    <ordinalNumber>1</ordinalNumber>
                                    <okpd2>
                                        <code>43.39.19.190</code>
                                        <name>Работы завершающие и отделочные в зданиях и сооружениях, прочие, не включенные в другие группировки</name>
                                    </okpd2>
                                    <okved2>
                                        <code>43.39</code>
                                        <name>Производство прочих отделочных и завершающих работ</name>
                                    </okved2>
                                    <okei>
                                        <code>383</code>
                                        <name>Рубль</name>
                                    </okei>
                                    <qty>494754.4</qty>
                                </lotItem>
                            </lotItems>
                            <forSmallOrMiddle>true</forSmallOrMiddle>
                            <excludePurchaseFromPlan>false</excludePurchaseFromPlan>
                            <subcontractorsRequirement>false</subcontractorsRequirement>
                            <ignoredPurchase>false</ignoredPurchase>
                            <centralized>false</centralized>
                        </lotData>
                        <deliveryPlaceIndication>GL</deliveryPlaceIndication>
                        <jointLotData>
                            <jointLot>false</jointLot>
                        </jointLotData>
                        <lotPlanInfo>
                            <planRegistrationNumber>2160215964</planRegistrationNumber>
                            <planGuid>6a7edb6b-0885-11e7-9417-00505691af80</planGuid>
                            <positionNumber>202</positionNumber>
                            <lotPlanPosition>COMMODITY</lotPlanPosition>
                            <positionGuid>7a434d1a-3ce2-4a14-8082-77d0c6ca8ea8</positionGuid>
                        </lotPlanInfo>
                        <cancelled>false</cancelled>
                    </lot>
                </ns2:lots>
            </ns2:purchaseNoticeEPData>
        </ns2:item>
    </ns2:body>
</ns2:purchaseNoticeEP>
