<?xml version="1.0" encoding="UTF-8" standalone="yes"?>
<ns2:purchaseNoticeEP xsi:schemaLocation="http://zakupki.gov.ru/223/integration/schema/TFF-5.2 http://zakupki.gov.ru/223/integration/schema/TFF-5.2/purchase.xsd" xmlns="http://zakupki.gov.ru/223fz/types/1" xmlns:ns10="http://zakupki.gov.ru/223fz/purchasePlan/1" xmlns:ns11="http://zakupki.gov.ru/223fz/purchasePlanProject/1" xmlns:ns12="http://zakupki.gov.ru/223fz/purchasePlanProjectAdditionalPosition/1" xmlns:ns13="http://zakupki.gov.ru/223fz/contract/1" xmlns:ns14="http://zakupki.gov.ru/223fz/missedNotice/1" xmlns:ns15="http://zakupki.gov.ru/223fz/reference/1" xmlns:ns16="http://zakupki.gov.ru/223fz/stopCommodity/1" xmlns:ns17="http://zakupki.gov.ru/223fz/decisionSuspension/1" xmlns:ns18="http://zakupki.gov.ru/223fz/purchasePlanAdditionalPosition/1" xmlns:ns19="http://zakupki.gov.ru/223fz/webRequest/1" xmlns:ns2="http://zakupki.gov.ru/223fz/purchase/1" xmlns:xsi="http://www.w3.org/2001/XMLSchema-instance" xmlns:ns3="http://zakupki.gov.ru/223fz/dishonestSupplier/1" xmlns:ns4="http://zakupki.gov.ru/223fz/machineryListInfo/1" xmlns:ns5="http://zakupki.gov.ru/223fz/revenue/1" xmlns:ns6="http://zakupki.gov.ru/223fz/orderClauseList/1" xmlns:ns7="http://zakupki.gov.ru/223fz/disagreementProtocol/1" xmlns:ns8="http://zakupki.gov.ru/223fz/complaint/1" xmlns:ns9="http://zakupki.gov.ru/223fz/notificationIssue/1">
    <header>
        <guid>065eba31-1dd1-4e0b-9a13-39977ad3710b</guid>
        <createDateTime>2017-03-15T11:03:42</createDateTime>
    </header>
    <ns2:body>
        <ns2:item>
            <guid>113e10cd-f46d-4e8f-a206-0612a0b97510</guid>
            <ns2:purchaseNoticeEPData>
                <ns2:guid>113e10cd-f46d-4e8f-a206-0612a0b97510</ns2:guid>
                <ns2:createDateTime>2017-03-15T10:55:48</ns2:createDateTime>
                <ns2:urlOOS>https://zakupki.gov.ru/223/purchase/private/purchase/notice-info/details.html?noticeInfoId=5876677</ns2:urlOOS>
                <ns2:registrationNumber>31704890481</ns2:registrationNumber>
                <ns2:name>Оказание полиграфических услуг</ns2:name>
                <ns2:customer>
                    <mainInfo>
                        <fullName>ФЕДЕРАЛЬНОЕ ГОСУДАРСТВЕННОЕ БЮДЖЕТНОЕ УЧРЕЖДЕНИЕ КУЛЬТУРЫ "ГОСУДАРСТВЕННЫЙ ЛИТЕРАТУРНЫЙ МУЗЕЙ"</fullName>
                        <shortName>ГОСУДАРСТВЕННЫЙ ЛИТЕРАТУРНЫЙ МУЗЕЙ</shortName>
                        <iko>87707086090770701001</iko>
                        <inn>7707086090</inn>
                        <kpp>770401001</kpp>
                        <ogrn>1027739660630</ogrn>
                        <legalAddress>121069, Г МОСКВА, ПЕР ТРУБНИКОВСКИЙ, дом ДОМ 17, корпус СТРОЕНИЕ 1</legalAddress>
                        <postalAddress>121069, Москва Город, дом 17, строение 1</postalAddress>
                        <phone>7-495-6954494</phone>
                        <email>zakupki.glm@yandex.ru</email>
                        <okato>45286552000</okato>
                        <okpo>02179138 </okpo>
                    </mainInfo>
                </ns2:customer>
                <ns2:purchaseMethodCode>3363</ns2:purchaseMethodCode>
                <ns2:purchaseCodeName>Закупка у единственного поставщика (исполнителя, подрядчика)</ns2:purchaseCodeName>
                <ns2:placer>
                    <mainInfo>
                        <fullName>ФЕДЕРАЛЬНОЕ ГОСУДАРСТВЕННОЕ БЮДЖЕТНОЕ УЧРЕЖДЕНИЕ КУЛЬТУРЫ "ГОСУДАРСТВЕННЫЙ ЛИТЕРАТУРНЫЙ МУЗЕЙ"</fullName>
                        <shortName>ГОСУДАРСТВЕННЫЙ ЛИТЕРАТУРНЫЙ МУЗЕЙ</shortName>
                        <iko>87707086090770701001</iko>
                        <inn>7707086090</inn>
                        <kpp>770401001</kpp>
                        <ogrn>1027739660630</ogrn>
                        <legalAddress>121069, Г МОСКВА, ПЕР ТРУБНИКОВСКИЙ, дом ДОМ 17, корпус СТРОЕНИЕ 1</legalAddress>
                        <postalAddress>121069, Москва Город, дом 17, строение 1</postalAddress>
                        <phone>7-495-6954494</phone>
                        <email>zakupki.glm@yandex.ru</email>
                        <okato>45286552000</okato>
                        <okpo>02179138 </okpo>
                    </mainInfo>
                </ns2:placer>
                <ns2:contact>
                    <firstName>Виталий</firstName>
                    <middleName>Вячеславович</middleName>
                    <lastName>Самайчук</lastName>
                    <phone>+7 (495) 6954494, доб.: 214</phone>
                    <email>zakupki.glm@yandex.ru</email>
                    <organization>
                        <mainInfo>
                            <fullName>ФЕДЕРАЛЬНОЕ ГОСУДАРСТВЕННОЕ БЮДЖЕТНОЕ УЧРЕЖДЕНИЕ КУЛЬТУРЫ "ГОСУДАРСТВЕННЫЙ ЛИТЕРАТУРНЫЙ МУЗЕЙ"</fullName>
                            <shortName>ГОСУДАРСТВЕННЫЙ ЛИТЕРАТУРНЫЙ МУЗЕЙ</shortName>
                            <iko>87707086090770701001</iko>
                            <inn>7707086090</inn>
                            <kpp>770401001</kpp>
                            <ogrn>1027739660630</ogrn>
                            <legalAddress>121069, Г МОСКВА, ПЕР ТРУБНИКОВСКИЙ, дом ДОМ 17, корпус СТРОЕНИЕ 1</legalAddress>
                            <postalAddress>121069, Москва Город, дом 17, строение 1</postalAddress>
                            <phone>7-495-6954494</phone>
                            <email>zakupki.glm@yandex.ru</email>
                            <okato>45286552000</okato>
                            <okpo>02179138 </okpo>
                        </mainInfo>
                    </organization>
                </ns2:contact>
                <ns2:publicationDateTime>2017-03-15T11:03:42</ns2:publicationDateTime>
                <ns2:documentationDelivery/>
                <ns2:status>P</ns2:status>
                <ns2:version>1</ns2:version>
                <ns2:notDishonest>false</ns2:notDishonest>
                <ns2:attachments>
                    <totalDocumentsCount>2</totalDocumentsCount>
                    <document>
                        <guid>c54f5886-7458-4c07-b388-ef694921b75a</guid>
                        <createDateTime>2017-03-15T11:02:44</createDateTime>
                        <fileName>дог. полиграф.усл Толстой.pdf</fileName>
                        <description>дог. полиграф.усл Толстой</description>
                        <url>http://zakupki.gov.ru/223/purchase/public/download/download.html?id=30065269</url>
                    </document>
                    <document>
                        <guid>aafa14d6-66a7-41c5-a7e4-b0171a5d2d6f</guid>
                        <createDateTime>2017-03-15T11:02:35</createDateTime>
                        <fileName>дог. полиграф.усл Бонди.pdf</fileName>
                        <description>дог. полиграф.усл Бонди</description>
                        <url>http://zakupki.gov.ru/223/purchase/public/download/download.html?id=30065261</url>
                    </document>
                </ns2:attachments>
                <ns2:modificationDate>2017-03-15T11:03:42</ns2:modificationDate>
                <ns2:saveUserId>76805</ns2:saveUserId>
                <ns2:deliveryPlaceIndication>SINGLE_PLACE</ns2:deliveryPlaceIndication>
                <ns2:emergency>false</ns2:emergency>
                <ns2:jointPurchase>false</ns2:jointPurchase>
                <ns2:lots>
                    <lot>
                        <guid>710e1328-2e87-4b7d-95a3-8ca5f8ccc80e</guid>
                        <ordinalNumber>1</ordinalNumber>
                        <lotEditEnabled>false</lotEditEnabled>
                        <lotData>
                            <subject>Полиграфические услуги по изготовлению книги А. Толстого "Диалоги со временем"</subject>
                            <currency>
                                <code>RUB</code>
                                <digitalCode>643</digitalCode>
                                <name>Российский рубль</name>
                            </currency>
                            <initialSum>204000.00</initialSum>
                            <deliveryPlace>
                                <state>Центральный федеральный округ</state>
                                <region>Москва</region>
                                <regionOkato>45000000000</regionOkato>
                                <address>Трубниковский пер., д.17, стр.1</address>
                            </deliveryPlace>
                            <lotItems>
                                <newCodes>true</newCodes>
                                <lotItem>
                                    <guid>9b24644d-8da1-4224-8e8c-0b6a35b5adb9</guid>
                                    <ordinalNumber>1</ordinalNumber>
                                    <okpd2>
                                        <code>18.12.14.000</code>
                                        <name>Услуги по печатанию книг, географических карт, гидрографических или аналогичных карт всех видов, репродукций, чертежей и фотографий, открыток</name>
                                    </okpd2>
                                    <okved2>
                                        <code>18.12</code>
                                        <name>Прочие виды полиграфической деятельности</name>
                                    </okved2>
                                    <okei>
                                        <code>876</code>
                                        <name>Условная единица</name>
                                    </okei>
                                    <qty>1</qty>
                                </lotItem>
                            </lotItems>
                            <forSmallOrMiddle>false</forSmallOrMiddle>
                            <excludePurchaseFromPlan>false</excludePurchaseFromPlan>
                            <subcontractorsRequirement>false</subcontractorsRequirement>
                            <ignoredPurchase>false</ignoredPurchase>
                            <centralized>false</centralized>
                        </lotData>
                        <deliveryPlaceIndication>GL</deliveryPlaceIndication>
                        <jointLotData>
                            <jointLot>false</jointLot>
                        </jointLotData>
                        <lotPlanInfo>
                            <planRegistrationNumber>2170224225</planRegistrationNumber>
                            <planGuid>29402d27-c26e-4221-a2c6-ea3fab66e4ab</planGuid>
                            <positionNumber>29</positionNumber>
                            <lotPlanPosition>COMMODITY</lotPlanPosition>
                            <positionGuid>6e4b427c-96ed-4e14-b81d-5cdd3e2bc1c9</positionGuid>
                        </lotPlanInfo>
                        <cancelled>false</cancelled>
                    </lot>
                    <lot>
                        <guid>4969a5cc-8c3e-4510-b39d-ac97c2ac96f5</guid>
                        <ordinalNumber>2</ordinalNumber>
                        <lotEditEnabled>false</lotEditEnabled>
                        <lotData>
                            <subject>Полиграфические услуги по изготовлению книги "И труд, и вдохновенье": Сборник статей к 125-летию С.М.Бонди"</subject>
                            <currency>
                                <code>RUB</code>
                                <digitalCode>643</digitalCode>
                                <name>Российский рубль</name>
                            </currency>
                            <initialSum>120000.00</initialSum>
                            <deliveryPlace>
                                <state>Центральный федеральный округ</state>
                                <region>Москва</region>
                                <regionOkato>45000000000</regionOkato>
                                <address>Трубниковский пер., д.17, стр.1</address>
                            </deliveryPlace>
                            <lotItems>
                                <newCodes>true</newCodes>
                                <lotItem>
                                    <guid>a36fc55a-41f3-418c-9cfb-140a651fb974</guid>
                                    <ordinalNumber>1</ordinalNumber>
                                    <okpd2>
                                        <code>18.12.14.000</code>
                                        <name>Услуги по печатанию книг, географических карт, гидрографических или аналогичных карт всех видов, репродукций, чертежей и фотографий, открыток</name>
                                    </okpd2>
                                    <okved2>
                                        <code>18.12</code>
                                        <name>Прочие виды полиграфической деятельности</name>
                                    </okved2>
                                    <okei>
                                        <code>876</code>
                                        <name>Условная единица</name>
                                    </okei>
                                    <qty>1</qty>
                                </lotItem>
                            </lotItems>
                            <forSmallOrMiddle>false</forSmallOrMiddle>
                            <excludePurchaseFromPlan>false</excludePurchaseFromPlan>
                            <subcontractorsRequirement>false</subcontractorsRequirement>
                            <ignoredPurchase>false</ignoredPurchase>
                            <centralized>false</centralized>
                        </lotData>
                        <deliveryPlaceIndication>GL</deliveryPlaceIndication>
                        <jointLotData>
                            <jointLot>false</jointLot>
                        </jointLotData>
                        <lotPlanInfo>
                            <planRegistrationNumber>2170224225</planRegistrationNumber>
                            <planGuid>29402d27-c26e-4221-a2c6-ea3fab66e4ab</planGuid>
                            <positionNumber>30</positionNumber>
                            <lotPlanPosition>COMMODITY</lotPlanPosition>
                            <positionGuid>74bedf79-8ad2-4cf4-9eaa-257e1e5fbf01</positionGuid>
                        </lotPlanInfo>
                        <cancelled>false</cancelled>
                    </lot>
                </ns2:lots>
            </ns2:purchaseNoticeEPData>
        </ns2:item>
    </ns2:body>
</ns2:purchaseNoticeEP>
