<?xml version="1.0" encoding="UTF-8" standalone="yes"?>
<ns2:purchaseNoticeEP xsi:schemaLocation="http://zakupki.gov.ru/223/integration/schema/TFF-5.2 http://zakupki.gov.ru/223/integration/schema/TFF-5.2/purchase.xsd" xmlns="http://zakupki.gov.ru/223fz/types/1" xmlns:ns10="http://zakupki.gov.ru/223fz/purchasePlan/1" xmlns:ns11="http://zakupki.gov.ru/223fz/purchasePlanProject/1" xmlns:ns12="http://zakupki.gov.ru/223fz/purchasePlanProjectAdditionalPosition/1" xmlns:ns13="http://zakupki.gov.ru/223fz/contract/1" xmlns:ns14="http://zakupki.gov.ru/223fz/missedNotice/1" xmlns:ns15="http://zakupki.gov.ru/223fz/reference/1" xmlns:ns16="http://zakupki.gov.ru/223fz/stopCommodity/1" xmlns:ns17="http://zakupki.gov.ru/223fz/decisionSuspension/1" xmlns:ns18="http://zakupki.gov.ru/223fz/purchasePlanAdditionalPosition/1" xmlns:ns19="http://zakupki.gov.ru/223fz/webRequest/1" xmlns:ns2="http://zakupki.gov.ru/223fz/purchase/1" xmlns:xsi="http://www.w3.org/2001/XMLSchema-instance" xmlns:ns3="http://zakupki.gov.ru/223fz/dishonestSupplier/1" xmlns:ns4="http://zakupki.gov.ru/223fz/machineryListInfo/1" xmlns:ns5="http://zakupki.gov.ru/223fz/revenue/1" xmlns:ns6="http://zakupki.gov.ru/223fz/orderClauseList/1" xmlns:ns7="http://zakupki.gov.ru/223fz/disagreementProtocol/1" xmlns:ns8="http://zakupki.gov.ru/223fz/complaint/1" xmlns:ns9="http://zakupki.gov.ru/223fz/notificationIssue/1">
    <header>
        <guid>204d3c4d-9aea-424d-ad6b-f22c9231a56f</guid>
        <createDateTime>2017-03-15T11:45:00</createDateTime>
    </header>
    <ns2:body>
        <ns2:item>
            <guid>edb2a697-cc3a-43ab-b124-f60cda8e2f33</guid>
            <ns2:purchaseNoticeEPData>
                <ns2:guid>edb2a697-cc3a-43ab-b124-f60cda8e2f33</ns2:guid>
                <ns2:createDateTime>2017-03-15T11:42:18</ns2:createDateTime>
                <ns2:urlOOS>https://zakupki.gov.ru/223/purchase/private/purchase/notice-info/details.html?noticeInfoId=5877166</ns2:urlOOS>
                <ns2:registrationNumber>31704890809</ns2:registrationNumber>
                <ns2:name>Оказание услуг связи</ns2:name>
                <ns2:customer>
                    <mainInfo>
                        <fullName>ФЕДЕРАЛЬНОЕ ГОСУДАРСТВЕННОЕ АВТОНОМНОЕ УЧРЕЖДЕНИЕ "РОССИЙСКИЙ ФОНД ТЕХНОЛОГИЧЕСКОГО РАЗВИТИЯ"</fullName>
                        <shortName>ФОНД РАЗВИТИЯ ПРОМЫШЛЕННОСТИ</shortName>
                        <iko>57710172832771401001</iko>
                        <inn>7710172832</inn>
                        <kpp>770901001</kpp>
                        <ogrn>1037700080615</ogrn>
                        <legalAddress>105062, Г МОСКВА, ПЕР ЛЯЛИН, дом ДОМ 6, корпус СТРОЕНИЕ 1</legalAddress>
                        <postalAddress>105062, Москва Город, Лялин Переулок, дом 6, строение 1</postalAddress>
                        <phone>7-495-7894730</phone>
                        <fax>7-495-7894730</fax>
                        <email>rftr@rftr.ru</email>
                        <okato>45286555000</okato>
                        <okpo>40420893</okpo>
                    </mainInfo>
                </ns2:customer>
                <ns2:purchaseMethodCode>3363</ns2:purchaseMethodCode>
                <ns2:purchaseCodeName>Закупка у единственного поставщика (исполнителя, подрядчика)</ns2:purchaseCodeName>
                <ns2:placer>
                    <mainInfo>
                        <fullName>ФЕДЕРАЛЬНОЕ ГОСУДАРСТВЕННОЕ АВТОНОМНОЕ УЧРЕЖДЕНИЕ "РОССИЙСКИЙ ФОНД ТЕХНОЛОГИЧЕСКОГО РАЗВИТИЯ"</fullName>
                        <shortName>ФОНД РАЗВИТИЯ ПРОМЫШЛЕННОСТИ</shortName>
                        <iko>57710172832771401001</iko>
                        <inn>7710172832</inn>
                        <kpp>770901001</kpp>
                        <ogrn>1037700080615</ogrn>
                        <legalAddress>105062, Г МОСКВА, ПЕР ЛЯЛИН, дом ДОМ 6, корпус СТРОЕНИЕ 1</legalAddress>
                        <postalAddress>105062, Москва Город, Лялин Переулок, дом 6, строение 1</postalAddress>
                        <phone>7-495-7894730</phone>
                        <fax>7-495-7894730</fax>
                        <email>rftr@rftr.ru</email>
                        <okato>45286555000</okato>
                        <okpo>40420893</okpo>
                    </mainInfo>
                </ns2:placer>
                <ns2:contact>
                    <firstName>Наталья</firstName>
                    <lastName>Панова</lastName>
                    <phone>+7 (495) 7894730</phone>
                    <email>panova@frprf.ru</email>
                    <organization>
                        <mainInfo>
                            <fullName>ФЕДЕРАЛЬНОЕ ГОСУДАРСТВЕННОЕ АВТОНОМНОЕ УЧРЕЖДЕНИЕ "РОССИЙСКИЙ ФОНД ТЕХНОЛОГИЧЕСКОГО РАЗВИТИЯ"</fullName>
                            <shortName>ФОНД РАЗВИТИЯ ПРОМЫШЛЕННОСТИ</shortName>
                            <iko>57710172832771401001</iko>
                            <inn>7710172832</inn>
                            <kpp>770901001</kpp>
                            <ogrn>1037700080615</ogrn>
                            <legalAddress>105062, Г МОСКВА, ПЕР ЛЯЛИН, дом ДОМ 6, корпус СТРОЕНИЕ 1</legalAddress>
                            <postalAddress>105062, Москва Город, Лялин Переулок, дом 6, строение 1</postalAddress>
                            <phone>7-495-7894730</phone>
                            <fax>7-495-7894730</fax>
                            <email>rftr@rftr.ru</email>
                            <okato>45286555000</okato>
                            <okpo>40420893</okpo>
                        </mainInfo>
                    </organization>
                </ns2:contact>
                <ns2:publicationDateTime>2017-03-15T11:45:00</ns2:publicationDateTime>
                <ns2:documentationDelivery/>
                <ns2:status>P</ns2:status>
                <ns2:version>1</ns2:version>
                <ns2:notDishonest>false</ns2:notDishonest>
                <ns2:attachments>
                    <totalDocumentsCount>2</totalDocumentsCount>
                    <document>
                        <guid>8078c4b2-66eb-478a-ac4c-2e86ff587c96</guid>
                        <createDateTime>2017-03-15T11:43:35</createDateTime>
                        <fileName>Документация единственный поставщик.doc</fileName>
                        <description>Документация единственный поставщик</description>
                        <url>http://zakupki.gov.ru/223/purchase/public/download/download.html?id=30067346</url>
                    </document>
                    <document>
                        <guid>b1c7cf67-267d-49d9-9fe0-b27c7a72cfe0</guid>
                        <createDateTime>2017-03-15T11:44:20</createDateTime>
                        <fileName>4-2_ООО Манго-Телеком_№16634377.pdf</fileName>
                        <description>4-2_ООО Манго-Телеком_№16634377</description>
                        <url>http://zakupki.gov.ru/223/purchase/public/download/download.html?id=30067479</url>
                    </document>
                </ns2:attachments>
                <ns2:modificationDate>2017-03-15T11:45:00</ns2:modificationDate>
                <ns2:saveUserId>255529</ns2:saveUserId>
                <ns2:deliveryPlaceIndication>SINGLE_PLACE</ns2:deliveryPlaceIndication>
                <ns2:emergency>false</ns2:emergency>
                <ns2:jointPurchase>false</ns2:jointPurchase>
                <ns2:lots>
                    <lot>
                        <guid>8ff923eb-77ed-486a-bc4b-7e93c7d60f2c</guid>
                        <ordinalNumber>1</ordinalNumber>
                        <lotEditEnabled>false</lotEditEnabled>
                        <lotData>
                            <subject>Оказание услуг связи</subject>
                            <currency>
                                <code>RUB</code>
                                <digitalCode>643</digitalCode>
                                <name>Российский рубль</name>
                            </currency>
                            <initialSum>490000.00</initialSum>
                            <deliveryPlace>
                                <address>Москва, Лялин пер., 6 с.1</address>
                            </deliveryPlace>
                            <lotItems>
                                <newCodes>true</newCodes>
                                <lotItem>
                                    <guid>b798f6fd-3d6a-4086-bda4-11ad942093d2</guid>
                                    <ordinalNumber>1</ordinalNumber>
                                    <okpd2>
                                        <code>61.10.11.110</code>
                                        <name>Услуги по предоставлению внутризоновых, междугородных и международных телефонных соединений</name>
                                    </okpd2>
                                    <okved2>
                                        <code>61.10</code>
                                        <name>Деятельность в области связи на базе проводных технологий</name>
                                    </okved2>
                                </lotItem>
                            </lotItems>
                            <forSmallOrMiddle>false</forSmallOrMiddle>
                            <excludePurchaseFromPlan>false</excludePurchaseFromPlan>
                            <subcontractorsRequirement>false</subcontractorsRequirement>
                            <ignoredPurchase>false</ignoredPurchase>
                            <centralized>false</centralized>
                        </lotData>
                        <deliveryPlaceIndication>GL</deliveryPlaceIndication>
                        <jointLotData>
                            <jointLot>false</jointLot>
                        </jointLotData>
                        <lotPlanInfo>
                            <planRegistrationNumber>2160210916</planRegistrationNumber>
                            <planGuid>835cc0c1-bc61-4358-a07a-c6a0438dade1</planGuid>
                            <positionNumber>74</positionNumber>
                            <lotPlanPosition>COMMODITY</lotPlanPosition>
                            <positionGuid>4ac4c3df-4101-446d-806e-39d9bed65b24</positionGuid>
                        </lotPlanInfo>
                        <cancelled>false</cancelled>
                    </lot>
                </ns2:lots>
            </ns2:purchaseNoticeEPData>
        </ns2:item>
    </ns2:body>
</ns2:purchaseNoticeEP>
