<?xml version="1.0" encoding="UTF-8" standalone="yes"?>
<ns2:purchaseNoticeEP xsi:schemaLocation="http://zakupki.gov.ru/223/integration/schema/TFF-5.2 http://zakupki.gov.ru/223/integration/schema/TFF-5.2/purchase.xsd" xmlns="http://zakupki.gov.ru/223fz/types/1" xmlns:ns10="http://zakupki.gov.ru/223fz/purchasePlan/1" xmlns:ns11="http://zakupki.gov.ru/223fz/purchasePlanProject/1" xmlns:ns12="http://zakupki.gov.ru/223fz/purchasePlanProjectAdditionalPosition/1" xmlns:ns13="http://zakupki.gov.ru/223fz/contract/1" xmlns:ns14="http://zakupki.gov.ru/223fz/missedNotice/1" xmlns:ns15="http://zakupki.gov.ru/223fz/reference/1" xmlns:ns16="http://zakupki.gov.ru/223fz/stopCommodity/1" xmlns:ns17="http://zakupki.gov.ru/223fz/decisionSuspension/1" xmlns:ns18="http://zakupki.gov.ru/223fz/purchasePlanAdditionalPosition/1" xmlns:ns19="http://zakupki.gov.ru/223fz/webRequest/1" xmlns:ns2="http://zakupki.gov.ru/223fz/purchase/1" xmlns:xsi="http://www.w3.org/2001/XMLSchema-instance" xmlns:ns3="http://zakupki.gov.ru/223fz/dishonestSupplier/1" xmlns:ns4="http://zakupki.gov.ru/223fz/machineryListInfo/1" xmlns:ns5="http://zakupki.gov.ru/223fz/revenue/1" xmlns:ns6="http://zakupki.gov.ru/223fz/orderClauseList/1" xmlns:ns7="http://zakupki.gov.ru/223fz/disagreementProtocol/1" xmlns:ns8="http://zakupki.gov.ru/223fz/complaint/1" xmlns:ns9="http://zakupki.gov.ru/223fz/notificationIssue/1">
    <header>
        <guid>6d6cff47-5ae9-40e1-a648-9bb711361a59</guid>
        <createDateTime>2017-03-15T14:44:03</createDateTime>
    </header>
    <ns2:body>
        <ns2:item>
            <guid>ec09a729-0b03-43b2-bf00-b2aee0c226c2</guid>
            <ns2:purchaseNoticeEPData>
                <ns2:guid>ec09a729-0b03-43b2-bf00-b2aee0c226c2</ns2:guid>
                <ns2:createDateTime>2017-03-15T14:40:10</ns2:createDateTime>
                <ns2:urlOOS>https://zakupki.gov.ru/223/purchase/private/purchase/notice-info/details.html?noticeInfoId=5878989</ns2:urlOOS>
                <ns2:registrationNumber>31704892285</ns2:registrationNumber>
                <ns2:name>Оказание услуг по техническому обслуживанию лабораторного оборудования в структурном подразделении ГБУЗ "ЦЛО ДЗМ".</ns2:name>
                <ns2:customer>
                    <mainInfo>
                        <fullName>ГОСУДАРСТВЕННОЕ БЮДЖЕТНОЕ УЧРЕЖДЕНИЕ ЗДРАВООХРАНЕНИЯ ГОРОДА МОСКВЫ "ЦЕНТР ЛЕКАРСТВЕННОГО ОБЕСПЕЧЕНИЯ ДЕПАРТАМЕНТА ЗДРАВООХРАНЕНИЯ ГОРОДА МОСКВЫ"</fullName>
                        <shortName>ГБУЗ "ЦЛО ДЗМ"</shortName>
                        <iko>57720023269771501001</iko>
                        <inn>7720023269</inn>
                        <kpp>771501001</kpp>
                        <ogrn>1027700400100</ogrn>
                        <legalAddress>127018, г МОСКВА, ул СТРЕЛЕЦКАЯ, дом 3</legalAddress>
                        <postalAddress>127018, дом 3</postalAddress>
                        <phone>7-495-9747922-2010</phone>
                        <fax>7-495-9749279</fax>
                        <email>MatveevaOV2@zdrav.mos.ru</email>
                        <okato>45280569000</okato>
                        <okpo>01967313</okpo>
                    </mainInfo>
                </ns2:customer>
                <ns2:purchaseMethodCode>3363</ns2:purchaseMethodCode>
                <ns2:purchaseCodeName>Закупка у единственного поставщика (исполнителя, подрядчика)</ns2:purchaseCodeName>
                <ns2:placer>
                    <mainInfo>
                        <fullName>ГОСУДАРСТВЕННОЕ БЮДЖЕТНОЕ УЧРЕЖДЕНИЕ ЗДРАВООХРАНЕНИЯ ГОРОДА МОСКВЫ "ЦЕНТР ЛЕКАРСТВЕННОГО ОБЕСПЕЧЕНИЯ ДЕПАРТАМЕНТА ЗДРАВООХРАНЕНИЯ ГОРОДА МОСКВЫ"</fullName>
                        <shortName>ГБУЗ "ЦЛО ДЗМ"</shortName>
                        <iko>57720023269771501001</iko>
                        <inn>7720023269</inn>
                        <kpp>771501001</kpp>
                        <ogrn>1027700400100</ogrn>
                        <legalAddress>127018, г МОСКВА, ул СТРЕЛЕЦКАЯ, дом 3</legalAddress>
                        <postalAddress>127018, дом 3</postalAddress>
                        <phone>7-495-9747922-2010</phone>
                        <fax>7-495-9749279</fax>
                        <email>MatveevaOV2@zdrav.mos.ru</email>
                        <okato>45280569000</okato>
                        <okpo>01967313</okpo>
                    </mainInfo>
                </ns2:placer>
                <ns2:contact>
                    <phone>+7 (495) 9747922</phone>
                    <email>MatveevaOV2@zdrav.mos.ru</email>
                    <organization>
                        <mainInfo>
                            <fullName>ГОСУДАРСТВЕННОЕ БЮДЖЕТНОЕ УЧРЕЖДЕНИЕ ЗДРАВООХРАНЕНИЯ ГОРОДА МОСКВЫ "ЦЕНТР ЛЕКАРСТВЕННОГО ОБЕСПЕЧЕНИЯ ДЕПАРТАМЕНТА ЗДРАВООХРАНЕНИЯ ГОРОДА МОСКВЫ"</fullName>
                            <shortName>ГБУЗ "ЦЛО ДЗМ"</shortName>
                            <iko>57720023269771501001</iko>
                            <inn>7720023269</inn>
                            <kpp>771501001</kpp>
                            <ogrn>1027700400100</ogrn>
                            <legalAddress>127018, г МОСКВА, ул СТРЕЛЕЦКАЯ, дом 3</legalAddress>
                            <postalAddress>127018, дом 3</postalAddress>
                            <phone>7-495-9747922-2010</phone>
                            <fax>7-495-9749279</fax>
                            <email>MatveevaOV2@zdrav.mos.ru</email>
                            <okato>45280569000</okato>
                            <okpo>01967313</okpo>
                        </mainInfo>
                    </organization>
                </ns2:contact>
                <ns2:publicationDateTime>2017-03-15T14:44:03</ns2:publicationDateTime>
                <ns2:documentationDelivery/>
                <ns2:status>P</ns2:status>
                <ns2:version>1</ns2:version>
                <ns2:notDishonest>false</ns2:notDishonest>
                <ns2:attachments>
                    <totalDocumentsCount>2</totalDocumentsCount>
                    <document>
                        <guid>2d110518-c408-4300-9580-c883036efcde</guid>
                        <createDateTime>2017-03-15T14:41:25</createDateTime>
                        <fileName>приказ372.pdf</fileName>
                        <description>приказ372</description>
                        <url>http://zakupki.gov.ru/223/purchase/public/download/download.html?id=30076405</url>
                    </document>
                    <document>
                        <guid>4bef0f70-8c04-4ede-a334-df68741d18ed</guid>
                        <createDateTime>2017-03-15T14:43:49</createDateTime>
                        <fileName>договор.pdf</fileName>
                        <description>договор</description>
                        <url>http://zakupki.gov.ru/223/purchase/public/download/download.html?id=30076567</url>
                    </document>
                </ns2:attachments>
                <ns2:modificationDate>2017-03-15T14:44:03</ns2:modificationDate>
                <ns2:saveUserId>175269</ns2:saveUserId>
                <ns2:deliveryPlaceIndication>DIFFERENT_PLACE</ns2:deliveryPlaceIndication>
                <ns2:emergency>false</ns2:emergency>
                <ns2:jointPurchase>false</ns2:jointPurchase>
                <ns2:lots>
                    <lot>
                        <guid>6d725a21-6a71-448a-b98f-b636114eb167</guid>
                        <ordinalNumber>1</ordinalNumber>
                        <lotEditEnabled>false</lotEditEnabled>
                        <lotData>
                            <subject>Оказание услуг по техническому обслуживанию лабораторного оборудования в структурном подразделении ГБУЗ "ЦЛО ДЗМ".</subject>
                            <currency>
                                <code>RUB</code>
                                <digitalCode>643</digitalCode>
                                <name>Российский рубль</name>
                            </currency>
                            <initialSum>186450.00</initialSum>
                            <deliveryPlace>
                                <state>Центральный федеральный округ</state>
                                <region>Москва</region>
                                <regionOkato>45000000000</regionOkato>
                                <address>Согласно договору</address>
                            </deliveryPlace>
                            <lotItems>
                                <newCodes>true</newCodes>
                                <lotItem>
                                    <guid>77a91d26-6d4b-4fc1-be40-709820b998c0</guid>
                                    <ordinalNumber>1</ordinalNumber>
                                    <okpd2>
                                        <code>33.1</code>
                                        <name>Услуги по ремонту металлоизделий, машин и оборудования</name>
                                    </okpd2>
                                    <okved2>
                                        <code>33.12</code>
                                        <name>Ремонт машин и оборудования</name>
                                    </okved2>
                                    <okei>
                                        <code>796</code>
                                        <name>Штука</name>
                                    </okei>
                                    <qty>4</qty>
                                </lotItem>
                            </lotItems>
                            <forSmallOrMiddle>true</forSmallOrMiddle>
                            <excludePurchaseFromPlan>false</excludePurchaseFromPlan>
                            <subcontractorsRequirement>false</subcontractorsRequirement>
                            <ignoredPurchase>false</ignoredPurchase>
                            <centralized>false</centralized>
                        </lotData>
                        <deliveryPlaceIndication>GL</deliveryPlaceIndication>
                        <jointLotData>
                            <jointLot>false</jointLot>
                        </jointLotData>
                        <lotPlanInfo>
                            <planRegistrationNumber>2160190160</planRegistrationNumber>
                            <planGuid>30986d8b-6d6e-4d56-b51d-3b9cf43d42cd</planGuid>
                            <positionNumber>218</positionNumber>
                            <lotPlanPosition>COMMODITY</lotPlanPosition>
                            <positionGuid>6a20974a-97ef-4fd2-9c0f-1fd5ce68a309</positionGuid>
                        </lotPlanInfo>
                        <cancelled>false</cancelled>
                    </lot>
                </ns2:lots>
            </ns2:purchaseNoticeEPData>
        </ns2:item>
    </ns2:body>
</ns2:purchaseNoticeEP>
