<?xml version="1.0" encoding="UTF-8" standalone="yes"?>
<ns2:purchaseNoticeEP xsi:schemaLocation="http://zakupki.gov.ru/223/integration/schema/TFF-5.2 http://zakupki.gov.ru/223/integration/schema/TFF-5.2/purchase.xsd" xmlns="http://zakupki.gov.ru/223fz/types/1" xmlns:ns10="http://zakupki.gov.ru/223fz/purchasePlan/1" xmlns:ns11="http://zakupki.gov.ru/223fz/purchasePlanProject/1" xmlns:ns12="http://zakupki.gov.ru/223fz/purchasePlanProjectAdditionalPosition/1" xmlns:ns13="http://zakupki.gov.ru/223fz/contract/1" xmlns:ns14="http://zakupki.gov.ru/223fz/missedNotice/1" xmlns:ns15="http://zakupki.gov.ru/223fz/reference/1" xmlns:ns16="http://zakupki.gov.ru/223fz/stopCommodity/1" xmlns:ns17="http://zakupki.gov.ru/223fz/decisionSuspension/1" xmlns:ns18="http://zakupki.gov.ru/223fz/purchasePlanAdditionalPosition/1" xmlns:ns19="http://zakupki.gov.ru/223fz/webRequest/1" xmlns:ns2="http://zakupki.gov.ru/223fz/purchase/1" xmlns:xsi="http://www.w3.org/2001/XMLSchema-instance" xmlns:ns3="http://zakupki.gov.ru/223fz/dishonestSupplier/1" xmlns:ns4="http://zakupki.gov.ru/223fz/machineryListInfo/1" xmlns:ns5="http://zakupki.gov.ru/223fz/revenue/1" xmlns:ns6="http://zakupki.gov.ru/223fz/orderClauseList/1" xmlns:ns7="http://zakupki.gov.ru/223fz/disagreementProtocol/1" xmlns:ns8="http://zakupki.gov.ru/223fz/complaint/1" xmlns:ns9="http://zakupki.gov.ru/223fz/notificationIssue/1">
    <header>
        <guid>0660a442-1c9d-4dcc-854d-fcfaa9084c79</guid>
        <createDateTime>2017-03-15T14:27:33</createDateTime>
    </header>
    <ns2:body>
        <ns2:item>
            <guid>dce22c48-8926-4a18-a5cc-1312852dbe54</guid>
            <ns2:purchaseNoticeEPData>
                <ns2:guid>dce22c48-8926-4a18-a5cc-1312852dbe54</ns2:guid>
                <ns2:createDateTime>2017-03-15T14:24:15</ns2:createDateTime>
                <ns2:urlOOS>https://zakupki.gov.ru/223/purchase/private/purchase/notice-info/details.html?noticeInfoId=5878798</ns2:urlOOS>
                <ns2:registrationNumber>31704892135</ns2:registrationNumber>
                <ns2:name>Оказание услуг по организации воздушных перевозок</ns2:name>
                <ns2:customer>
                    <mainInfo>
                        <fullName>Федеральное государственное унитарное предприятие "Предприятие по поставкам продукции Управления делами Президента Российской Федерации"</fullName>
                        <shortName>ФГУП "ППП"</shortName>
                        <iko>57710142570771001001</iko>
                        <inn>7710142570</inn>
                        <kpp>771001001</kpp>
                        <ogrn>1027700045999</ogrn>
                        <legalAddress>125047, Москва, Тверская-Ямская 2-я, дом 16</legalAddress>
                        <postalAddress>125047, г. Москва, ул. 2-я Тверская-Ямская, д.16</postalAddress>
                        <phone>7-499-2503936</phone>
                        <fax>7-499-2501551</fax>
                        <email>postmaster@pppudp.ru</email>
                        <okato>45286585000</okato>
                        <okpo>17664448</okpo>
                    </mainInfo>
                </ns2:customer>
                <ns2:purchaseMethodCode>3363</ns2:purchaseMethodCode>
                <ns2:purchaseCodeName>Закупка у единственного поставщика (исполнителя, подрядчика)</ns2:purchaseCodeName>
                <ns2:placer>
                    <mainInfo>
                        <fullName>Федеральное государственное унитарное предприятие "Предприятие по поставкам продукции Управления делами Президента Российской Федерации"</fullName>
                        <shortName>ФГУП "ППП"</shortName>
                        <iko>57710142570771001001</iko>
                        <inn>7710142570</inn>
                        <kpp>771001001</kpp>
                        <ogrn>1027700045999</ogrn>
                        <legalAddress>125047, Москва, Тверская-Ямская 2-я, дом 16</legalAddress>
                        <postalAddress>125047, г. Москва, ул. 2-я Тверская-Ямская, д.16</postalAddress>
                        <phone>7-499-2503936</phone>
                        <fax>7-499-2501551</fax>
                        <email>postmaster@pppudp.ru</email>
                        <okato>45286585000</okato>
                        <okpo>17664448</okpo>
                    </mainInfo>
                </ns2:placer>
                <ns2:contact>
                    <phone>+7 (499) 2503936</phone>
                    <email>info@pppudp.ru </email>
                    <organization>
                        <mainInfo>
                            <fullName>Федеральное государственное унитарное предприятие "Предприятие по поставкам продукции Управления делами Президента Российской Федерации"</fullName>
                            <shortName>ФГУП "ППП"</shortName>
                            <iko>57710142570771001001</iko>
                            <inn>7710142570</inn>
                            <kpp>771001001</kpp>
                            <ogrn>1027700045999</ogrn>
                            <legalAddress>125047, Москва, Тверская-Ямская 2-я, дом 16</legalAddress>
                            <postalAddress>125047, г. Москва, ул. 2-я Тверская-Ямская, д.16</postalAddress>
                            <phone>7-499-2503936</phone>
                            <fax>7-499-2501551</fax>
                            <email>postmaster@pppudp.ru</email>
                            <okato>45286585000</okato>
                            <okpo>17664448</okpo>
                        </mainInfo>
                    </organization>
                </ns2:contact>
                <ns2:publicationDateTime>2017-03-15T14:27:33</ns2:publicationDateTime>
                <ns2:documentationDelivery/>
                <ns2:status>P</ns2:status>
                <ns2:version>1</ns2:version>
                <ns2:notDishonest>false</ns2:notDishonest>
                <ns2:attachments>
                    <totalDocumentsCount>2</totalDocumentsCount>
                    <document>
                        <guid>2d0a9a4c-50e4-4f63-beb3-0a9a614e5e72</guid>
                        <createDateTime>2017-03-15T14:26:16</createDateTime>
                        <fileName>15-03-2017.doc</fileName>
                        <description>15-03-2017</description>
                        <url>http://zakupki.gov.ru/223/purchase/public/download/download.html?id=30075383</url>
                    </document>
                    <document>
                        <guid>4d411b6f-6bb8-4bb4-8d18-fa385cec9fcb</guid>
                        <createDateTime>2017-03-15T14:26:58</createDateTime>
                        <fileName>Проект договора 15-03-2017.doc</fileName>
                        <description>Проект договора 15-03-2017</description>
                        <url>http://zakupki.gov.ru/223/purchase/public/download/download.html?id=30075418</url>
                    </document>
                </ns2:attachments>
                <ns2:modificationDate>2017-03-15T14:27:33</ns2:modificationDate>
                <ns2:saveUserId>186789</ns2:saveUserId>
                <ns2:deliveryPlaceIndication>DIFFERENT_PLACE</ns2:deliveryPlaceIndication>
                <ns2:emergency>false</ns2:emergency>
                <ns2:jointPurchase>false</ns2:jointPurchase>
                <ns2:lots>
                    <lot>
                        <guid>841047a9-bb7c-4f50-8cf3-f8b80f100b2f</guid>
                        <ordinalNumber>1</ordinalNumber>
                        <lotEditEnabled>false</lotEditEnabled>
                        <lotData>
                            <subject>Оказание услуг по организации воздушных перевозок</subject>
                            <currency>
                                <code>RUB</code>
                                <digitalCode>643</digitalCode>
                                <name>Российский рубль</name>
                            </currency>
                            <initialSum>12960000.00</initialSum>
                            <deliveryPlace>
                                <state>Сибирский федеральный округ</state>
                                <region>Новосибирская   обл</region>
                                <regionOkato>50000000000</regionOkato>
                                <address>Сибирский федеральный округ</address>
                            </deliveryPlace>
                            <lotItems>
                                <newCodes>true</newCodes>
                                <lotItem>
                                    <guid>9040c949-5fa6-4693-8e7f-09d637348099</guid>
                                    <ordinalNumber>1</ordinalNumber>
                                    <okpd2>
                                        <code>51.10</code>
                                        <name>Услуги по пассажирским перевозкам воздушным транспортом</name>
                                    </okpd2>
                                    <okved2>
                                        <code>51.10.2</code>
                                        <name>Перевозка воздушным пассажирским транспортом, не подчиняющимся расписанию</name>
                                    </okved2>
                                </lotItem>
                            </lotItems>
                            <forSmallOrMiddle>false</forSmallOrMiddle>
                            <excludePurchaseFromPlan>false</excludePurchaseFromPlan>
                            <subcontractorsRequirement>false</subcontractorsRequirement>
                            <ignoredPurchase>true</ignoredPurchase>
                            <purchaseCategory>
                                <code>16</code>
                                <name>Закупки услуг в области воздушных перевозок и авиационных работ</name>
                            </purchaseCategory>
                            <centralized>false</centralized>
                        </lotData>
                        <deliveryPlaceIndication>GL</deliveryPlaceIndication>
                        <jointLotData>
                            <jointLot>false</jointLot>
                        </jointLotData>
                        <lotPlanInfo>
                            <planRegistrationNumber>2160210723</planRegistrationNumber>
                            <planGuid>1856e0f2-46aa-4a73-97b2-5f909ced745f</planGuid>
                            <positionNumber>58</positionNumber>
                            <lotPlanPosition>COMMODITY</lotPlanPosition>
                            <positionGuid>17a77904-3202-43ea-b5a4-755cea58edc5</positionGuid>
                        </lotPlanInfo>
                        <cancelled>false</cancelled>
                    </lot>
                </ns2:lots>
            </ns2:purchaseNoticeEPData>
        </ns2:item>
    </ns2:body>
</ns2:purchaseNoticeEP>
