<?xml version="1.0" encoding="UTF-8" standalone="yes"?>
<ns2:purchaseNoticeEP xsi:schemaLocation="http://zakupki.gov.ru/223/integration/schema/TFF-5.2 http://zakupki.gov.ru/223/integration/schema/TFF-5.2/purchase.xsd" xmlns="http://zakupki.gov.ru/223fz/types/1" xmlns:ns10="http://zakupki.gov.ru/223fz/purchasePlan/1" xmlns:ns11="http://zakupki.gov.ru/223fz/purchasePlanProject/1" xmlns:ns12="http://zakupki.gov.ru/223fz/purchasePlanProjectAdditionalPosition/1" xmlns:ns13="http://zakupki.gov.ru/223fz/contract/1" xmlns:ns14="http://zakupki.gov.ru/223fz/missedNotice/1" xmlns:ns15="http://zakupki.gov.ru/223fz/reference/1" xmlns:ns16="http://zakupki.gov.ru/223fz/stopCommodity/1" xmlns:ns17="http://zakupki.gov.ru/223fz/decisionSuspension/1" xmlns:ns18="http://zakupki.gov.ru/223fz/purchasePlanAdditionalPosition/1" xmlns:ns19="http://zakupki.gov.ru/223fz/webRequest/1" xmlns:ns2="http://zakupki.gov.ru/223fz/purchase/1" xmlns:xsi="http://www.w3.org/2001/XMLSchema-instance" xmlns:ns3="http://zakupki.gov.ru/223fz/dishonestSupplier/1" xmlns:ns4="http://zakupki.gov.ru/223fz/machineryListInfo/1" xmlns:ns5="http://zakupki.gov.ru/223fz/revenue/1" xmlns:ns6="http://zakupki.gov.ru/223fz/orderClauseList/1" xmlns:ns7="http://zakupki.gov.ru/223fz/disagreementProtocol/1" xmlns:ns8="http://zakupki.gov.ru/223fz/complaint/1" xmlns:ns9="http://zakupki.gov.ru/223fz/notificationIssue/1">
    <header>
        <guid>d38f3252-bde8-466c-8eb6-250f30b9507a</guid>
        <createDateTime>2017-03-15T10:16:39</createDateTime>
    </header>
    <ns2:body>
        <ns2:item>
            <guid>49f1b562-8a42-49f7-87fb-b519bdc7ba2d</guid>
            <ns2:purchaseNoticeEPData>
                <ns2:guid>49f1b562-8a42-49f7-87fb-b519bdc7ba2d</ns2:guid>
                <ns2:createDateTime>2017-03-15T10:13:08</ns2:createDateTime>
                <ns2:urlOOS>https://zakupki.gov.ru/223/purchase/private/purchase/notice-info/details.html?noticeInfoId=5876251</ns2:urlOOS>
                <ns2:registrationNumber>31704890146</ns2:registrationNumber>
                <ns2:name>поставка медицинских изделий</ns2:name>
                <ns2:customer>
                    <mainInfo>
                        <fullName>ФЕДЕРАЛЬНОЕ ГОСУДАРСТВЕННОЕ УНИТАРНОЕ ПРЕДПРИЯТИЕ "МЕЖБОЛЬНИЧНАЯ АПТЕКА"  УПРАВЛЕНИЯ ДЕЛАМИ ПРЕЗИДЕНТА РОССИЙСКОЙ ФЕДЕРАЦИИ</fullName>
                        <shortName>ФГУП "МБА"</shortName>
                        <iko>57729101120772901001</iko>
                        <inn>7729101120</inn>
                        <kpp>772901001</kpp>
                        <ogrn>1027739846628</ogrn>
                        <legalAddress>121471, г МОСКВА, ул РЯБИНОВАЯ, дом 43</legalAddress>
                        <postalAddress>121471, Москва г, Рябиновая ул, д. 43</postalAddress>
                        <phone>7-495-4473663</phone>
                        <fax>7-495-4475969</fax>
                        <email>zepkovskaya@mba-udp.ru</email>
                        <okato>45268579000</okato>
                        <okpo>01895507</okpo>
                    </mainInfo>
                </ns2:customer>
                <ns2:purchaseMethodCode>3363</ns2:purchaseMethodCode>
                <ns2:purchaseCodeName>Закупка у единственного поставщика (исполнителя, подрядчика)</ns2:purchaseCodeName>
                <ns2:placer>
                    <mainInfo>
                        <fullName>ФЕДЕРАЛЬНОЕ ГОСУДАРСТВЕННОЕ УНИТАРНОЕ ПРЕДПРИЯТИЕ "МЕЖБОЛЬНИЧНАЯ АПТЕКА"  УПРАВЛЕНИЯ ДЕЛАМИ ПРЕЗИДЕНТА РОССИЙСКОЙ ФЕДЕРАЦИИ</fullName>
                        <shortName>ФГУП "МБА"</shortName>
                        <iko>57729101120772901001</iko>
                        <inn>7729101120</inn>
                        <kpp>772901001</kpp>
                        <ogrn>1027739846628</ogrn>
                        <legalAddress>121471, г МОСКВА, ул РЯБИНОВАЯ, дом 43</legalAddress>
                        <postalAddress>121471, Москва г, Рябиновая ул, д. 43</postalAddress>
                        <phone>7-495-4473663</phone>
                        <fax>7-495-4475969</fax>
                        <email>zepkovskaya@mba-udp.ru</email>
                        <okato>45268579000</okato>
                        <okpo>01895507</okpo>
                    </mainInfo>
                </ns2:placer>
                <ns2:contact>
                    <firstName>Людмила</firstName>
                    <middleName>Сергеевна</middleName>
                    <lastName>Цепковская</lastName>
                    <phone>+7 (499) 7378881</phone>
                    <email>zepkovskaya@mba-udp.ru</email>
                    <organization>
                        <mainInfo>
                            <fullName>ФЕДЕРАЛЬНОЕ ГОСУДАРСТВЕННОЕ УНИТАРНОЕ ПРЕДПРИЯТИЕ "МЕЖБОЛЬНИЧНАЯ АПТЕКА"  УПРАВЛЕНИЯ ДЕЛАМИ ПРЕЗИДЕНТА РОССИЙСКОЙ ФЕДЕРАЦИИ</fullName>
                            <shortName>ФГУП "МБА"</shortName>
                            <iko>57729101120772901001</iko>
                            <inn>7729101120</inn>
                            <kpp>772901001</kpp>
                            <ogrn>1027739846628</ogrn>
                            <legalAddress>121471, г МОСКВА, ул РЯБИНОВАЯ, дом 43</legalAddress>
                            <postalAddress>121471, Москва г, Рябиновая ул, д. 43</postalAddress>
                            <phone>7-495-4473663</phone>
                            <fax>7-495-4475969</fax>
                            <email>zepkovskaya@mba-udp.ru</email>
                            <okato>45268579000</okato>
                            <okpo>01895507</okpo>
                        </mainInfo>
                    </organization>
                </ns2:contact>
                <ns2:publicationDateTime>2017-03-15T10:16:39</ns2:publicationDateTime>
                <ns2:documentationDelivery/>
                <ns2:status>P</ns2:status>
                <ns2:version>1</ns2:version>
                <ns2:notDishonest>false</ns2:notDishonest>
                <ns2:attachments>
                    <totalDocumentsCount>1</totalDocumentsCount>
                    <document>
                        <guid>8ddf35c0-8ddc-4e16-b76c-946a0a514889</guid>
                        <createDateTime>2017-03-15T10:15:42</createDateTime>
                        <fileName>Документация Дрегер.doc</fileName>
                        <description>Документация Дрегер</description>
                        <url>http://zakupki.gov.ru/223/purchase/public/download/download.html?id=30063057</url>
                    </document>
                </ns2:attachments>
                <ns2:modificationDate>2017-03-15T10:16:39</ns2:modificationDate>
                <ns2:saveUserId>248694</ns2:saveUserId>
                <ns2:deliveryPlaceIndication>DIFFERENT_PLACE</ns2:deliveryPlaceIndication>
                <ns2:emergency>false</ns2:emergency>
                <ns2:jointPurchase>false</ns2:jointPurchase>
                <ns2:lots>
                    <lot>
                        <guid>747e3079-6404-4f19-900f-01ddd7e74d7d</guid>
                        <ordinalNumber>1</ordinalNumber>
                        <lotEditEnabled>false</lotEditEnabled>
                        <lotData>
                            <subject>поставка медицинских изделий</subject>
                            <currency>
                                <code>RUB</code>
                                <digitalCode>643</digitalCode>
                                <name>Российский рубль</name>
                            </currency>
                            <initialSum>1000000.00</initialSum>
                            <deliveryPlace>
                                <state>Центральный федеральный округ</state>
                                <region>Москва</region>
                                <regionOkato>45000000000</regionOkato>
                                <address>121471 г. Москва, ул. Рябиновая, д. 43</address>
                            </deliveryPlace>
                            <lotItems>
                                <newCodes>true</newCodes>
                                <lotItem>
                                    <guid>5ad75a93-cd6f-4d0f-b963-534c4063e807</guid>
                                    <ordinalNumber>1</ordinalNumber>
                                    <okpd2>
                                        <code>32.5</code>
                                        <name>Инструменты и оборудование медицинские</name>
                                    </okpd2>
                                    <okved2>
                                        <code>32.5</code>
                                        <name>Производство медицинских инструментов и оборудования</name>
                                    </okved2>
                                </lotItem>
                            </lotItems>
                            <forSmallOrMiddle>false</forSmallOrMiddle>
                            <excludePurchaseFromPlan>false</excludePurchaseFromPlan>
                            <subcontractorsRequirement>false</subcontractorsRequirement>
                            <ignoredPurchase>false</ignoredPurchase>
                            <centralized>false</centralized>
                        </lotData>
                        <deliveryPlaceIndication>GL</deliveryPlaceIndication>
                        <jointLotData>
                            <jointLot>false</jointLot>
                        </jointLotData>
                        <lotPlanInfo>
                            <planRegistrationNumber>2160213824</planRegistrationNumber>
                            <planGuid>00b95a5b-a0c7-4073-b3e3-bdb164ed9e5e</planGuid>
                            <positionNumber>196</positionNumber>
                            <lotPlanPosition>COMMODITY</lotPlanPosition>
                            <positionGuid>7334b49c-1f51-4c52-8257-d2ee17ac3e9c</positionGuid>
                        </lotPlanInfo>
                        <cancelled>false</cancelled>
                    </lot>
                </ns2:lots>
            </ns2:purchaseNoticeEPData>
        </ns2:item>
    </ns2:body>
</ns2:purchaseNoticeEP>
