<?xml version="1.0" encoding="UTF-8" standalone="yes"?>
<ns2:purchaseNoticeEP xsi:schemaLocation="http://zakupki.gov.ru/223/integration/schema/TFF-5.2 http://zakupki.gov.ru/223/integration/schema/TFF-5.2/purchase.xsd" xmlns="http://zakupki.gov.ru/223fz/types/1" xmlns:ns10="http://zakupki.gov.ru/223fz/purchasePlan/1" xmlns:ns11="http://zakupki.gov.ru/223fz/purchasePlanProject/1" xmlns:ns12="http://zakupki.gov.ru/223fz/purchasePlanProjectAdditionalPosition/1" xmlns:ns13="http://zakupki.gov.ru/223fz/contract/1" xmlns:ns14="http://zakupki.gov.ru/223fz/missedNotice/1" xmlns:ns15="http://zakupki.gov.ru/223fz/reference/1" xmlns:ns16="http://zakupki.gov.ru/223fz/stopCommodity/1" xmlns:ns17="http://zakupki.gov.ru/223fz/decisionSuspension/1" xmlns:ns18="http://zakupki.gov.ru/223fz/purchasePlanAdditionalPosition/1" xmlns:ns19="http://zakupki.gov.ru/223fz/webRequest/1" xmlns:ns2="http://zakupki.gov.ru/223fz/purchase/1" xmlns:xsi="http://www.w3.org/2001/XMLSchema-instance" xmlns:ns3="http://zakupki.gov.ru/223fz/dishonestSupplier/1" xmlns:ns4="http://zakupki.gov.ru/223fz/machineryListInfo/1" xmlns:ns5="http://zakupki.gov.ru/223fz/revenue/1" xmlns:ns6="http://zakupki.gov.ru/223fz/orderClauseList/1" xmlns:ns7="http://zakupki.gov.ru/223fz/disagreementProtocol/1" xmlns:ns8="http://zakupki.gov.ru/223fz/complaint/1" xmlns:ns9="http://zakupki.gov.ru/223fz/notificationIssue/1">
    <header>
        <guid>53fa9d70-626b-45c2-980f-381d6285a808</guid>
        <createDateTime>2017-03-15T09:54:25</createDateTime>
    </header>
    <ns2:body>
        <ns2:item>
            <guid>f3fbee3c-13d2-42f5-a0bb-f8132dd51822</guid>
            <ns2:purchaseNoticeEPData>
                <ns2:guid>f3fbee3c-13d2-42f5-a0bb-f8132dd51822</ns2:guid>
                <ns2:createDateTime>2017-03-15T09:50:04</ns2:createDateTime>
                <ns2:urlOOS>https://zakupki.gov.ru/223/purchase/private/purchase/notice-info/details.html?noticeInfoId=5876022</ns2:urlOOS>
                <ns2:registrationNumber>31704889974</ns2:registrationNumber>
                <ns2:name>Оказание медицинских услуг для нужд Московского филиала АО "ФПК" </ns2:name>
                <ns2:customer>
                    <mainInfo>
                        <fullName>АКЦИОНЕРНОЕ ОБЩЕСТВО "ФЕДЕРАЛЬНАЯ ПАССАЖИРСКАЯ КОМПАНИЯ"</fullName>
                        <shortName>АО "ФПК"</shortName>
                        <iko>57708709686770801001</iko>
                        <inn>7708709686</inn>
                        <kpp>770801001</kpp>
                        <ogrn>1097746772738</ogrn>
                        <legalAddress>107078, г МОСКВА, ул МАШИ ПОРЫВАЕВОЙ, дом 34</legalAddress>
                        <postalAddress>107078, г. Москва, ул. Маши Порываевой, д.34</postalAddress>
                        <phone>+7(495) 988-10-00</phone>
                        <email>DLynova@fpc.ru</email>
                        <okato>45286565000</okato>
                        <okpo>94154560</okpo>
                    </mainInfo>
                </ns2:customer>
                <ns2:purchaseMethodCode>3363</ns2:purchaseMethodCode>
                <ns2:purchaseCodeName>Закупка у единственного поставщика (исполнителя, подрядчика)</ns2:purchaseCodeName>
                <ns2:placer>
                    <mainInfo>
                        <fullName>АКЦИОНЕРНОЕ ОБЩЕСТВО "ФЕДЕРАЛЬНАЯ ПАССАЖИРСКАЯ КОМПАНИЯ"</fullName>
                        <shortName>АО "ФПК"</shortName>
                        <iko>57708709686770801001</iko>
                        <inn>7708709686</inn>
                        <kpp>770801001</kpp>
                        <ogrn>1097746772738</ogrn>
                        <legalAddress>107078, г МОСКВА, ул МАШИ ПОРЫВАЕВОЙ, дом 34</legalAddress>
                        <postalAddress>107078, г. Москва, ул. Маши Порываевой, д.34</postalAddress>
                        <phone>+7(495) 988-10-00</phone>
                        <email>DLynova@fpc.ru</email>
                        <okato>45286565000</okato>
                        <okpo>94154560</okpo>
                    </mainInfo>
                </ns2:placer>
                <ns2:contact>
                    <phone>+7 (495) 5393886, доб.: 10507</phone>
                    <email>MukhinDE-msk@fpc.ru</email>
                    <organization>
                        <mainInfo>
                            <fullName>АКЦИОНЕРНОЕ ОБЩЕСТВО "ФЕДЕРАЛЬНАЯ ПАССАЖИРСКАЯ КОМПАНИЯ"</fullName>
                            <shortName>АО "ФПК"</shortName>
                            <iko>57708709686770801001</iko>
                            <inn>7708709686</inn>
                            <kpp>770801001</kpp>
                            <ogrn>1097746772738</ogrn>
                            <legalAddress>107078, г МОСКВА, ул МАШИ ПОРЫВАЕВОЙ, дом 34</legalAddress>
                            <postalAddress>107078, г. Москва, ул. Маши Порываевой, д.34</postalAddress>
                            <phone>+7(495) 988-10-00</phone>
                            <email>DLynova@fpc.ru</email>
                            <okato>45286565000</okato>
                            <okpo>94154560</okpo>
                        </mainInfo>
                    </organization>
                </ns2:contact>
                <ns2:publicationDateTime>2017-03-15T09:54:25</ns2:publicationDateTime>
                <ns2:documentationDelivery/>
                <ns2:status>P</ns2:status>
                <ns2:version>1</ns2:version>
                <ns2:notDishonest>false</ns2:notDishonest>
                <ns2:attachments>
                    <totalDocumentsCount>3</totalDocumentsCount>
                    <document>
                        <guid>4aa3a07d-b564-4f0c-99b7-d8825cc2a690</guid>
                        <createDateTime>2017-03-15T09:52:51</createDateTime>
                        <fileName>Проект договора.doc</fileName>
                        <description>Проект договора</description>
                        <url>http://zakupki.gov.ru/223/purchase/public/download/download.html?id=30061905</url>
                    </document>
                    <document>
                        <guid>850f7992-4ce2-4c9f-b890-7436f7fb0526</guid>
                        <createDateTime>2017-03-15T09:52:33</createDateTime>
                        <fileName>Документация закупки.doc</fileName>
                        <description>Документация закупки</description>
                        <url>http://zakupki.gov.ru/223/purchase/public/download/download.html?id=30061898</url>
                    </document>
                    <document>
                        <guid>3ae783c0-8c2e-44c3-ba0e-05193af89b83</guid>
                        <createDateTime>2017-03-15T09:52:43</createDateTime>
                        <fileName>Извещение о закупке.doc</fileName>
                        <description>Извещение о закупке</description>
                        <url>http://zakupki.gov.ru/223/purchase/public/download/download.html?id=30061901</url>
                    </document>
                </ns2:attachments>
                <ns2:modificationDate>2017-03-15T09:54:25</ns2:modificationDate>
                <ns2:saveUserId>201375</ns2:saveUserId>
                <ns2:deliveryPlaceIndication>DIFFERENT_PLACE</ns2:deliveryPlaceIndication>
                <ns2:emergency>false</ns2:emergency>
                <ns2:jointPurchase>false</ns2:jointPurchase>
                <ns2:lots>
                    <lot>
                        <guid>b67ecd0f-b150-45d1-ab36-a5058f03f85c</guid>
                        <ordinalNumber>1</ordinalNumber>
                        <lotEditEnabled>false</lotEditEnabled>
                        <lotData>
                            <subject>Оказание медицинских услуг для нужд Московского филиала АО "ФПК" </subject>
                            <currency>
                                <code>RUB</code>
                                <digitalCode>643</digitalCode>
                                <name>Российский рубль</name>
                            </currency>
                            <initialSum>602960.00</initialSum>
                            <deliveryPlace>
                                <state>Центральный федеральный округ</state>
                                <region>Москва</region>
                                <regionOkato>45000000000</regionOkato>
                                <address>г. Москва</address>
                            </deliveryPlace>
                            <lotItems>
                                <newCodes>true</newCodes>
                                <lotItem>
                                    <guid>576581d6-ce67-401f-b355-349592578f0f</guid>
                                    <ordinalNumber>1</ordinalNumber>
                                    <okpd2>
                                        <code>86.21.10</code>
                                        <name>Услуги в области общей врачебной практики</name>
                                    </okpd2>
                                    <okved2>
                                        <code>86.10</code>
                                        <name>Деятельность больничных организаций</name>
                                    </okved2>
                                    <okei>
                                        <code>792</code>
                                        <name>Человек</name>
                                    </okei>
                                    <qty>330</qty>
                                </lotItem>
                            </lotItems>
                            <forSmallOrMiddle>false</forSmallOrMiddle>
                            <excludePurchaseFromPlan>false</excludePurchaseFromPlan>
                            <subcontractorsRequirement>false</subcontractorsRequirement>
                            <ignoredPurchase>false</ignoredPurchase>
                            <centralized>false</centralized>
                        </lotData>
                        <deliveryPlaceIndication>GL</deliveryPlaceIndication>
                        <jointLotData>
                            <jointLot>false</jointLot>
                        </jointLotData>
                        <lotPlanInfo>
                            <planRegistrationNumber>2160216878</planRegistrationNumber>
                            <planGuid>cf013f62-d592-4052-90cf-661aed38bc32</planGuid>
                            <positionNumber>351</positionNumber>
                            <lotPlanPosition>COMMODITY</lotPlanPosition>
                            <positionGuid>3e25008d-5c1d-4875-bb5f-a6ba5c2ec4f3</positionGuid>
                        </lotPlanInfo>
                        <cancelled>false</cancelled>
                    </lot>
                </ns2:lots>
            </ns2:purchaseNoticeEPData>
        </ns2:item>
    </ns2:body>
</ns2:purchaseNoticeEP>
