<?xml version="1.0" encoding="UTF-8" standalone="yes"?>
<ns2:purchaseNoticeEP xsi:schemaLocation="http://zakupki.gov.ru/223/integration/schema/TFF-5.2 http://zakupki.gov.ru/223/integration/schema/TFF-5.2/purchase.xsd" xmlns="http://zakupki.gov.ru/223fz/types/1" xmlns:ns10="http://zakupki.gov.ru/223fz/purchasePlan/1" xmlns:ns11="http://zakupki.gov.ru/223fz/purchasePlanProject/1" xmlns:ns12="http://zakupki.gov.ru/223fz/purchasePlanProjectAdditionalPosition/1" xmlns:ns13="http://zakupki.gov.ru/223fz/contract/1" xmlns:ns14="http://zakupki.gov.ru/223fz/missedNotice/1" xmlns:ns15="http://zakupki.gov.ru/223fz/reference/1" xmlns:ns16="http://zakupki.gov.ru/223fz/stopCommodity/1" xmlns:ns17="http://zakupki.gov.ru/223fz/decisionSuspension/1" xmlns:ns18="http://zakupki.gov.ru/223fz/purchasePlanAdditionalPosition/1" xmlns:ns19="http://zakupki.gov.ru/223fz/webRequest/1" xmlns:ns2="http://zakupki.gov.ru/223fz/purchase/1" xmlns:xsi="http://www.w3.org/2001/XMLSchema-instance" xmlns:ns3="http://zakupki.gov.ru/223fz/dishonestSupplier/1" xmlns:ns4="http://zakupki.gov.ru/223fz/machineryListInfo/1" xmlns:ns5="http://zakupki.gov.ru/223fz/revenue/1" xmlns:ns6="http://zakupki.gov.ru/223fz/orderClauseList/1" xmlns:ns7="http://zakupki.gov.ru/223fz/disagreementProtocol/1" xmlns:ns8="http://zakupki.gov.ru/223fz/complaint/1" xmlns:ns9="http://zakupki.gov.ru/223fz/notificationIssue/1">
    <header>
        <guid>b675c472-a9ae-4aa1-9eb5-5624cea4e488</guid>
        <createDateTime>2017-03-15T15:50:19</createDateTime>
    </header>
    <ns2:body>
        <ns2:item>
            <guid>00efc785-6390-4122-9633-9a8f39a44e1e</guid>
            <ns2:purchaseNoticeEPData>
                <ns2:guid>00efc785-6390-4122-9633-9a8f39a44e1e</ns2:guid>
                <ns2:createDateTime>2017-03-15T15:43:55</ns2:createDateTime>
                <ns2:urlOOS>https://zakupki.gov.ru/223/purchase/private/purchase/notice-info/details.html?noticeInfoId=5879853</ns2:urlOOS>
                <ns2:registrationNumber>31704893068</ns2:registrationNumber>
                <ns2:name>Услуги по предоставлению доступа удаленным филиалам к информационной системе 1С :Документооборот </ns2:name>
                <ns2:customer>
                    <mainInfo>
                        <fullName>ФЕДЕРАЛЬНОЕ ГОСУДАРСТВЕННОЕ БЮДЖЕТНОЕ УЧРЕЖДЕНИЕ "ФЕДЕРАЛЬНЫЙ ЦЕНТР ОЦЕНКИ БЕЗОПАСНОСТИ И КАЧЕСТВА ЗЕРНА И ПРОДУКТОВ ЕГО ПЕРЕРАБОТКИ"</fullName>
                        <shortName>ФГБУ "ЦЕНТР ОЦЕНКИ КАЧЕСТВА ЗЕРНА"</shortName>
                        <iko>87729133509774301001</iko>
                        <inn>7729133509</inn>
                        <kpp>773401001</kpp>
                        <ogrn>1037739548032</ogrn>
                        <legalAddress>123308, г МОСКВА, пр-кт МАРШАЛА ЖУКОВА, дом 1</legalAddress>
                        <postalAddress>123308, дом 1</postalAddress>
                        <phone>7-495-7772524</phone>
                        <fax>7-495-7772524</fax>
                        <email>msk.centr@fczerna.ru</email>
                        <okato>45283582000</okato>
                        <okpo>41084090</okpo>
                    </mainInfo>
                </ns2:customer>
                <ns2:purchaseMethodCode>3363</ns2:purchaseMethodCode>
                <ns2:purchaseCodeName>Закупка у единственного поставщика (исполнителя, подрядчика)</ns2:purchaseCodeName>
                <ns2:placer>
                    <mainInfo>
                        <fullName>ФЕДЕРАЛЬНОЕ ГОСУДАРСТВЕННОЕ БЮДЖЕТНОЕ УЧРЕЖДЕНИЕ "ФЕДЕРАЛЬНЫЙ ЦЕНТР ОЦЕНКИ БЕЗОПАСНОСТИ И КАЧЕСТВА ЗЕРНА И ПРОДУКТОВ ЕГО ПЕРЕРАБОТКИ"</fullName>
                        <shortName>ФГБУ "ЦЕНТР ОЦЕНКИ КАЧЕСТВА ЗЕРНА"</shortName>
                        <iko>87729133509774301001</iko>
                        <inn>7729133509</inn>
                        <kpp>773401001</kpp>
                        <ogrn>1037739548032</ogrn>
                        <legalAddress>123308, г МОСКВА, пр-кт МАРШАЛА ЖУКОВА, дом 1</legalAddress>
                        <postalAddress>123308, дом 1</postalAddress>
                        <phone>7-495-7772524</phone>
                        <fax>7-495-7772524</fax>
                        <email>msk.centr@fczerna.ru</email>
                        <okato>45283582000</okato>
                        <okpo>41084090</okpo>
                    </mainInfo>
                </ns2:placer>
                <ns2:contact>
                    <firstName>Нина</firstName>
                    <middleName>Николаевна</middleName>
                    <lastName>Курусь</lastName>
                    <phone>+8 (495) 7772524, доб.: 131</phone>
                    <email>msk.zakupki@fczerna.ru</email>
                    <organization>
                        <mainInfo>
                            <fullName>ФЕДЕРАЛЬНОЕ ГОСУДАРСТВЕННОЕ БЮДЖЕТНОЕ УЧРЕЖДЕНИЕ "ФЕДЕРАЛЬНЫЙ ЦЕНТР ОЦЕНКИ БЕЗОПАСНОСТИ И КАЧЕСТВА ЗЕРНА И ПРОДУКТОВ ЕГО ПЕРЕРАБОТКИ"</fullName>
                            <shortName>ФГБУ "ЦЕНТР ОЦЕНКИ КАЧЕСТВА ЗЕРНА"</shortName>
                            <iko>87729133509774301001</iko>
                            <inn>7729133509</inn>
                            <kpp>773401001</kpp>
                            <ogrn>1037739548032</ogrn>
                            <legalAddress>123308, г МОСКВА, пр-кт МАРШАЛА ЖУКОВА, дом 1</legalAddress>
                            <postalAddress>123308, дом 1</postalAddress>
                            <phone>7-495-7772524</phone>
                            <fax>7-495-7772524</fax>
                            <email>msk.centr@fczerna.ru</email>
                            <okato>45283582000</okato>
                            <okpo>41084090</okpo>
                        </mainInfo>
                    </organization>
                </ns2:contact>
                <ns2:publicationDateTime>2017-03-15T15:50:19</ns2:publicationDateTime>
                <ns2:documentationDelivery/>
                <ns2:status>P</ns2:status>
                <ns2:version>1</ns2:version>
                <ns2:notDishonest>true</ns2:notDishonest>
                <ns2:attachments>
                    <totalDocumentsCount>1</totalDocumentsCount>
                    <document>
                        <guid>d06b92df-629d-4faf-9b77-8f210c2a6fb3</guid>
                        <createDateTime>2017-03-15T15:48:32</createDateTime>
                        <fileName>Документация ЕП .doc</fileName>
                        <description>Документация ЕП </description>
                        <url>http://zakupki.gov.ru/223/purchase/public/download/download.html?id=30080326</url>
                    </document>
                </ns2:attachments>
                <ns2:modificationDate>2017-03-15T15:50:19</ns2:modificationDate>
                <ns2:saveUserId>204041</ns2:saveUserId>
                <ns2:deliveryPlaceIndication>DIFFERENT_PLACE</ns2:deliveryPlaceIndication>
                <ns2:emergency>false</ns2:emergency>
                <ns2:jointPurchase>false</ns2:jointPurchase>
                <ns2:lots>
                    <lot>
                        <guid>4572bc0a-c792-4034-9755-e5dd4ddc216a</guid>
                        <ordinalNumber>1</ordinalNumber>
                        <lotEditEnabled>false</lotEditEnabled>
                        <lotData>
                            <subject>Услуги по предоставлению доступа удаленным филиалам к информационной системе 1С: Документооборот</subject>
                            <currency>
                                <code>RUB</code>
                                <digitalCode>643</digitalCode>
                                <name>Российский рубль</name>
                            </currency>
                            <initialSum>1164950.00</initialSum>
                            <deliveryPlace>
                                <state>Центральный федеральный округ</state>
                                <region>Москва</region>
                                <regionOkato>45000000000</regionOkato>
                                <address>г. Москва, проспект Маршала Жукова, дом 1</address>
                            </deliveryPlace>
                            <lotItems>
                                <newCodes>true</newCodes>
                                <lotItem>
                                    <guid>c9b8999d-5f96-40d6-8d3a-bba98935a6b4</guid>
                                    <ordinalNumber>1</ordinalNumber>
                                    <okpd2>
                                        <code>62</code>
                                        <name>Продукты программные и услуги по разработке программного обеспечения; консультационные и аналогичные услуги в области информационных технологий</name>
                                    </okpd2>
                                    <okved2>
                                        <code>62</code>
                                        <name>Разработка компьютерного программного обеспечения, консультационные услуги в данной области и другие сопутствующие услуги</name>
                                    </okved2>
                                </lotItem>
                            </lotItems>
                            <forSmallOrMiddle>false</forSmallOrMiddle>
                            <excludePurchaseFromPlan>false</excludePurchaseFromPlan>
                            <subcontractorsRequirement>false</subcontractorsRequirement>
                            <ignoredPurchase>false</ignoredPurchase>
                            <centralized>false</centralized>
                        </lotData>
                        <deliveryPlaceIndication>GL</deliveryPlaceIndication>
                        <jointLotData>
                            <jointLot>false</jointLot>
                        </jointLotData>
                        <lotPlanInfo>
                            <planRegistrationNumber>2160204478</planRegistrationNumber>
                            <planGuid>f045ef8e-68d6-45c9-86d5-b69dc7dd2f83</planGuid>
                            <positionNumber>45</positionNumber>
                            <lotPlanPosition>COMMODITY</lotPlanPosition>
                            <positionGuid>dd68d7d1-c735-462b-a0af-1f242b750819</positionGuid>
                        </lotPlanInfo>
                        <cancelled>false</cancelled>
                    </lot>
                </ns2:lots>
            </ns2:purchaseNoticeEPData>
        </ns2:item>
    </ns2:body>
</ns2:purchaseNoticeEP>
