<?xml version="1.0" encoding="UTF-8" standalone="yes"?>
<ns2:purchaseNoticeEP xsi:schemaLocation="http://zakupki.gov.ru/223/integration/schema/TFF-5.2 http://zakupki.gov.ru/223/integration/schema/TFF-5.2/purchase.xsd" xmlns="http://zakupki.gov.ru/223fz/types/1" xmlns:ns10="http://zakupki.gov.ru/223fz/purchasePlan/1" xmlns:ns11="http://zakupki.gov.ru/223fz/purchasePlanProject/1" xmlns:ns12="http://zakupki.gov.ru/223fz/purchasePlanProjectAdditionalPosition/1" xmlns:ns13="http://zakupki.gov.ru/223fz/contract/1" xmlns:ns14="http://zakupki.gov.ru/223fz/missedNotice/1" xmlns:ns15="http://zakupki.gov.ru/223fz/reference/1" xmlns:ns16="http://zakupki.gov.ru/223fz/stopCommodity/1" xmlns:ns17="http://zakupki.gov.ru/223fz/decisionSuspension/1" xmlns:ns18="http://zakupki.gov.ru/223fz/purchasePlanAdditionalPosition/1" xmlns:ns19="http://zakupki.gov.ru/223fz/webRequest/1" xmlns:ns2="http://zakupki.gov.ru/223fz/purchase/1" xmlns:xsi="http://www.w3.org/2001/XMLSchema-instance" xmlns:ns3="http://zakupki.gov.ru/223fz/dishonestSupplier/1" xmlns:ns4="http://zakupki.gov.ru/223fz/machineryListInfo/1" xmlns:ns5="http://zakupki.gov.ru/223fz/revenue/1" xmlns:ns6="http://zakupki.gov.ru/223fz/orderClauseList/1" xmlns:ns7="http://zakupki.gov.ru/223fz/disagreementProtocol/1" xmlns:ns8="http://zakupki.gov.ru/223fz/complaint/1" xmlns:ns9="http://zakupki.gov.ru/223fz/notificationIssue/1">
    <header>
        <guid>537b6d6d-f4c8-4177-9b04-34c7f00a7cdd</guid>
        <createDateTime>2017-03-15T17:08:53</createDateTime>
    </header>
    <ns2:body>
        <ns2:item>
            <guid>0addd011-6b0b-1ee7-82b1-15f4c18c8cc7</guid>
            <ns2:purchaseNoticeEPData>
                <ns2:guid>0addd011-6b0b-1ee7-82b1-15f4c18c8cc7</ns2:guid>
                <ns2:createDateTime>2017-03-15T17:07:17</ns2:createDateTime>
                <ns2:urlOOS>https://zakupki.gov.ru/223/purchase/private/purchase/notice-info/details.html?noticeInfoId=5880738</ns2:urlOOS>
                <ns2:urlVSRZ>ЕОС-Закупки</ns2:urlVSRZ>
                <ns2:registrationNumber>31704893793</ns2:registrationNumber>
                <ns2:name>Оказание услуг по организации семинара по мерам повышения эффективности взаимодействия участников проекта по сооружению АЭС «Ханхикиви-1».</ns2:name>
                <ns2:customer>
                    <mainInfo>
                        <fullName>АКЦИОНЕРНОЕ ОБЩЕСТВО "РУСАТОМ ЭНЕРГО ИНТЕРНЕШНЛ"</fullName>
                        <shortName>АО "РУСАТОМ ЭНЕРГО ИНТЕРНЕШНЛ"</shortName>
                        <iko>77706759586770601001</iko>
                        <inn>7706759586</inn>
                        <kpp>770601001</kpp>
                        <ogrn>1117746592149</ogrn>
                        <legalAddress>119180, г МОСКВА, пер СТАРОМОНЕТНЫЙ, дом 26</legalAddress>
                        <postalAddress>121151, Москва, Серебряническая набережная, д. 29</postalAddress>
                        <phone>7-495-7300873-5959</phone>
                        <email>overseas@rosatom.ru</email>
                        <okato>45286596000</okato>
                        <okpo>30123734</okpo>
                    </mainInfo>
                </ns2:customer>
                <ns2:purchaseMethodCode>3363</ns2:purchaseMethodCode>
                <ns2:purchaseCodeName>Закупка у единственного поставщика (исполнителя, подрядчика)</ns2:purchaseCodeName>
                <ns2:placer>
                    <mainInfo>
                        <fullName>АКЦИОНЕРНОЕ ОБЩЕСТВО "РУСАТОМ ЭНЕРГО ИНТЕРНЕШНЛ"</fullName>
                        <shortName>АО "РУСАТОМ ЭНЕРГО ИНТЕРНЕШНЛ"</shortName>
                        <iko>77706759586770601001</iko>
                        <inn>7706759586</inn>
                        <kpp>770601001</kpp>
                        <ogrn>1117746592149</ogrn>
                        <legalAddress>119180, г МОСКВА, пер СТАРОМОНЕТНЫЙ, дом 26</legalAddress>
                        <postalAddress>121151, Москва, Серебряническая набережная, д. 29</postalAddress>
                        <phone>7-495-7300873-5959</phone>
                        <email>overseas@rosatom.ru</email>
                        <okato>45286596000</okato>
                        <okpo>30123734</okpo>
                    </mainInfo>
                </ns2:placer>
                <ns2:contact>
                    <firstName>М.</firstName>
                    <middleName>В.</middleName>
                    <lastName>Яковлев</lastName>
                    <phone>+7 (495) 7300873</phone>
                    <fax>+7 (495) 7300874</fax>
                    <email>MaVaYakovlev@rosatom.ru</email>
                    <organization>
                        <mainInfo>
                            <fullName>АКЦИОНЕРНОЕ ОБЩЕСТВО "РУСАТОМ ЭНЕРГО ИНТЕРНЕШНЛ"</fullName>
                            <shortName>АО "РУСАТОМ ЭНЕРГО ИНТЕРНЕШНЛ"</shortName>
                            <iko>77706759586770601001</iko>
                            <inn>7706759586</inn>
                            <kpp>770601001</kpp>
                            <ogrn>1117746592149</ogrn>
                            <legalAddress>119180, г МОСКВА, пер СТАРОМОНЕТНЫЙ, дом 26</legalAddress>
                            <postalAddress>121151, Москва, Серебряническая набережная, д. 29</postalAddress>
                            <phone>7-495-7300873-5959</phone>
                            <email>overseas@rosatom.ru</email>
                            <okato>45286596000</okato>
                            <okpo>30123734</okpo>
                        </mainInfo>
                    </organization>
                </ns2:contact>
                <ns2:publicationDateTime>2017-03-15T17:08:53</ns2:publicationDateTime>
                <ns2:documentationDelivery/>
                <ns2:status>P</ns2:status>
                <ns2:version>1</ns2:version>
                <ns2:notDishonest>false</ns2:notDishonest>
                <ns2:attachments>
                    <totalDocumentsCount>3</totalDocumentsCount>
                    <document>
                        <guid>a22a2ab1-590a-1ed7-82ad-1c3d2f0f5864</guid>
                        <createDateTime>2017-03-15T10:19:32</createDateTime>
                        <fileName>Семинар_ценовой анализ.docx</fileName>
                        <description>Семинар_ценовой анализ</description>
                        <url>http://zakupki.gov.ru/223/purchase/public/download/download.html?id=30084233</url>
                    </document>
                    <document>
                        <guid>2220fc00-0d0b-1ed7-82b1-0e9572734d88</guid>
                        <createDateTime>2017-03-15T14:05:33</createDateTime>
                        <fileName>Извещение_семинар.docx</fileName>
                        <description>Извещение_семинар</description>
                        <url>http://zakupki.gov.ru/223/purchase/public/download/download.html?id=30084234</url>
                    </document>
                    <document>
                        <guid>0addd011-6b0b-1ed7-82ad-038cfcc08c2b</guid>
                        <createDateTime>2017-03-15T10:14:01</createDateTime>
                        <fileName>договор с МД консалт_нов.docx</fileName>
                        <description>договор с МД консалт_нов</description>
                        <url>http://zakupki.gov.ru/223/purchase/public/download/download.html?id=30084235</url>
                    </document>
                </ns2:attachments>
                <ns2:modificationDate>2017-03-15T17:08:53</ns2:modificationDate>
                <ns2:saveUserId>100088</ns2:saveUserId>
                <ns2:deliveryPlaceIndication>DIFFERENT_PLACE</ns2:deliveryPlaceIndication>
                <ns2:emergency>false</ns2:emergency>
                <ns2:jointPurchase>false</ns2:jointPurchase>
                <ns2:lots>
                    <lot>
                        <guid>f2f32b7a-a50b-1ee7-82ab-999f0008c03a</guid>
                        <ordinalNumber>1</ordinalNumber>
                        <lotEditEnabled>true</lotEditEnabled>
                        <lotData>
                            <subject>Оказание услуг по организации семинара по мерам повышения эффективности взаимодействия участников проекта по сооружению АЭС «Ханхикиви-1».</subject>
                            <currency>
                                <code>RUB</code>
                                <digitalCode>643</digitalCode>
                                <name>Российский рубль</name>
                            </currency>
                            <initialSum>2447019.01</initialSum>
                            <deliveryPlace>
                                <state>Центральный федеральный округ</state>
                                <region>Москва</region>
                                <regionOkato>45000000000</regionOkato>
                                <address>г. Санкт - Петербург.</address>
                            </deliveryPlace>
                            <lotItems>
                                <newCodes>true</newCodes>
                                <lotItem>
                                    <guid>f2f32b7a-a50b-1ee7-82ab-9a08ca06c03a</guid>
                                    <ordinalNumber>1</ordinalNumber>
                                    <okpd2>
                                        <code>79.12.12.000</code>
                                        <name>Услуги администраторов туров</name>
                                    </okpd2>
                                    <okved2>
                                        <code>79.90.1</code>
                                        <name>Деятельность по предоставлению туристических информационных услуг</name>
                                    </okved2>
                                    <okei>
                                        <code>796</code>
                                        <name>Штука</name>
                                    </okei>
                                    <qty>1</qty>
                                    <additionalInfo>Закупка проводится у субъектов малого и среднего предпринимательства.</additionalInfo>
                                </lotItem>
                            </lotItems>
                            <forSmallOrMiddle>true</forSmallOrMiddle>
                            <excludePurchaseFromPlan>false</excludePurchaseFromPlan>
                            <subcontractorsRequirement>false</subcontractorsRequirement>
                            <ignoredPurchase>false</ignoredPurchase>
                            <centralized>false</centralized>
                        </lotData>
                        <deliveryPlaceIndication>GL</deliveryPlaceIndication>
                        <jointLotData>
                            <jointLot>false</jointLot>
                        </jointLotData>
                        <lotPlanInfo>
                            <planRegistrationNumber>2160184762</planRegistrationNumber>
                            <planGuid>7a9888ea-fb0a-1ed7-82af-c69b8e135f2e</planGuid>
                            <positionNumber>1071100092</positionNumber>
                            <lotPlanPosition>COMMODITY</lotPlanPosition>
                            <positionGuid>2220fc00-0d0b-1ee7-82aa-6007162b1e8c</positionGuid>
                        </lotPlanInfo>
                        <cancelled>false</cancelled>
                    </lot>
                </ns2:lots>
            </ns2:purchaseNoticeEPData>
        </ns2:item>
    </ns2:body>
</ns2:purchaseNoticeEP>
