<?xml version="1.0" encoding="UTF-8" standalone="yes"?>
<ns2:purchaseNoticeEP xsi:schemaLocation="http://zakupki.gov.ru/223/integration/schema/TFF-5.2 http://zakupki.gov.ru/223/integration/schema/TFF-5.2/purchase.xsd" xmlns="http://zakupki.gov.ru/223fz/types/1" xmlns:ns10="http://zakupki.gov.ru/223fz/purchasePlan/1" xmlns:ns11="http://zakupki.gov.ru/223fz/purchasePlanProject/1" xmlns:ns12="http://zakupki.gov.ru/223fz/purchasePlanProjectAdditionalPosition/1" xmlns:ns13="http://zakupki.gov.ru/223fz/contract/1" xmlns:ns14="http://zakupki.gov.ru/223fz/missedNotice/1" xmlns:ns15="http://zakupki.gov.ru/223fz/reference/1" xmlns:ns16="http://zakupki.gov.ru/223fz/stopCommodity/1" xmlns:ns17="http://zakupki.gov.ru/223fz/decisionSuspension/1" xmlns:ns18="http://zakupki.gov.ru/223fz/purchasePlanAdditionalPosition/1" xmlns:ns19="http://zakupki.gov.ru/223fz/webRequest/1" xmlns:ns2="http://zakupki.gov.ru/223fz/purchase/1" xmlns:xsi="http://www.w3.org/2001/XMLSchema-instance" xmlns:ns3="http://zakupki.gov.ru/223fz/dishonestSupplier/1" xmlns:ns4="http://zakupki.gov.ru/223fz/machineryListInfo/1" xmlns:ns5="http://zakupki.gov.ru/223fz/revenue/1" xmlns:ns6="http://zakupki.gov.ru/223fz/orderClauseList/1" xmlns:ns7="http://zakupki.gov.ru/223fz/disagreementProtocol/1" xmlns:ns8="http://zakupki.gov.ru/223fz/complaint/1" xmlns:ns9="http://zakupki.gov.ru/223fz/notificationIssue/1">
    <header>
        <guid>1bf5aa62-fb2b-480c-a8b8-21b73f53d36f</guid>
        <createDateTime>2017-03-15T14:06:52</createDateTime>
    </header>
    <ns2:body>
        <ns2:item>
            <guid>071d790c-8173-41c9-a1db-48985dd74ed2</guid>
            <ns2:purchaseNoticeEPData>
                <ns2:guid>071d790c-8173-41c9-a1db-48985dd74ed2</ns2:guid>
                <ns2:createDateTime>2017-03-15T14:03:55</ns2:createDateTime>
                <ns2:urlOOS>https://zakupki.gov.ru/223/purchase/private/purchase/notice-info/details.html?noticeInfoId=5878526</ns2:urlOOS>
                <ns2:registrationNumber>31704891933</ns2:registrationNumber>
                <ns2:name>Оказание медицинских услуг для нужд Московского филиала АО "ФПК"</ns2:name>
                <ns2:customer>
                    <mainInfo>
                        <fullName>АКЦИОНЕРНОЕ ОБЩЕСТВО "ФЕДЕРАЛЬНАЯ ПАССАЖИРСКАЯ КОМПАНИЯ"</fullName>
                        <shortName>АО "ФПК"</shortName>
                        <iko>57708709686770801001</iko>
                        <inn>7708709686</inn>
                        <kpp>770801001</kpp>
                        <ogrn>1097746772738</ogrn>
                        <legalAddress>107078, г МОСКВА, ул МАШИ ПОРЫВАЕВОЙ, дом 34</legalAddress>
                        <postalAddress>107078, г. Москва, ул. Маши Порываевой, д.34</postalAddress>
                        <phone>+7(495) 988-10-00</phone>
                        <email>DLynova@fpc.ru</email>
                        <okato>45286565000</okato>
                        <okpo>94154560</okpo>
                    </mainInfo>
                </ns2:customer>
                <ns2:purchaseMethodCode>3363</ns2:purchaseMethodCode>
                <ns2:purchaseCodeName>Закупка у единственного поставщика (исполнителя, подрядчика)</ns2:purchaseCodeName>
                <ns2:placer>
                    <mainInfo>
                        <fullName>АКЦИОНЕРНОЕ ОБЩЕСТВО "ФЕДЕРАЛЬНАЯ ПАССАЖИРСКАЯ КОМПАНИЯ"</fullName>
                        <shortName>АО "ФПК"</shortName>
                        <iko>57708709686770801001</iko>
                        <inn>7708709686</inn>
                        <kpp>770801001</kpp>
                        <ogrn>1097746772738</ogrn>
                        <legalAddress>107078, г МОСКВА, ул МАШИ ПОРЫВАЕВОЙ, дом 34</legalAddress>
                        <postalAddress>107078, г. Москва, ул. Маши Порываевой, д.34</postalAddress>
                        <phone>+7(495) 988-10-00</phone>
                        <email>DLynova@fpc.ru</email>
                        <okato>45286565000</okato>
                        <okpo>94154560</okpo>
                    </mainInfo>
                </ns2:placer>
                <ns2:contact>
                    <phone>+7 (495) 5393886, доб.: 10507</phone>
                    <email>MukhinDE-msk@fpc.ru</email>
                    <organization>
                        <mainInfo>
                            <fullName>АКЦИОНЕРНОЕ ОБЩЕСТВО "ФЕДЕРАЛЬНАЯ ПАССАЖИРСКАЯ КОМПАНИЯ"</fullName>
                            <shortName>АО "ФПК"</shortName>
                            <iko>57708709686770801001</iko>
                            <inn>7708709686</inn>
                            <kpp>770801001</kpp>
                            <ogrn>1097746772738</ogrn>
                            <legalAddress>107078, г МОСКВА, ул МАШИ ПОРЫВАЕВОЙ, дом 34</legalAddress>
                            <postalAddress>107078, г. Москва, ул. Маши Порываевой, д.34</postalAddress>
                            <phone>+7(495) 988-10-00</phone>
                            <email>DLynova@fpc.ru</email>
                            <okato>45286565000</okato>
                            <okpo>94154560</okpo>
                        </mainInfo>
                    </organization>
                </ns2:contact>
                <ns2:publicationDateTime>2017-03-15T14:06:52</ns2:publicationDateTime>
                <ns2:documentationDelivery/>
                <ns2:status>P</ns2:status>
                <ns2:version>1</ns2:version>
                <ns2:notDishonest>false</ns2:notDishonest>
                <ns2:attachments>
                    <totalDocumentsCount>3</totalDocumentsCount>
                    <document>
                        <guid>40200128-3ce3-4c57-9c7b-96033b096191</guid>
                        <createDateTime>2017-03-15T14:06:24</createDateTime>
                        <fileName>Документация закупки.doc</fileName>
                        <description>Документация закупки</description>
                        <url>http://zakupki.gov.ru/223/purchase/public/download/download.html?id=30074227</url>
                    </document>
                    <document>
                        <guid>e8fc6122-887d-4b23-bc38-3b9d8ac5e2a1</guid>
                        <createDateTime>2017-03-15T14:06:30</createDateTime>
                        <fileName>Проект договора.doc</fileName>
                        <description>Проект договора</description>
                        <url>http://zakupki.gov.ru/223/purchase/public/download/download.html?id=30074233</url>
                    </document>
                    <document>
                        <guid>9f9f89d1-5c08-40d1-b04b-e28011d93802</guid>
                        <createDateTime>2017-03-15T14:06:18</createDateTime>
                        <fileName>Извещение о закупке.doc</fileName>
                        <description>Извещение о закупке</description>
                        <url>http://zakupki.gov.ru/223/purchase/public/download/download.html?id=30074220</url>
                    </document>
                </ns2:attachments>
                <ns2:modificationDate>2017-03-15T14:06:52</ns2:modificationDate>
                <ns2:saveUserId>201375</ns2:saveUserId>
                <ns2:deliveryPlaceIndication>DIFFERENT_PLACE</ns2:deliveryPlaceIndication>
                <ns2:emergency>false</ns2:emergency>
                <ns2:jointPurchase>false</ns2:jointPurchase>
                <ns2:lots>
                    <lot>
                        <guid>d47ec661-2c7c-46cc-9bb6-7bfab4b47a42</guid>
                        <ordinalNumber>1</ordinalNumber>
                        <lotEditEnabled>false</lotEditEnabled>
                        <lotData>
                            <subject>Оказание медицинских услуг для нужд Московского филиала АО "ФПК"</subject>
                            <currency>
                                <code>RUB</code>
                                <digitalCode>643</digitalCode>
                                <name>Российский рубль</name>
                            </currency>
                            <initialSum>2222315.00</initialSum>
                            <deliveryPlace>
                                <state>Центральный федеральный округ</state>
                                <region>Москва</region>
                                <regionOkato>45000000000</regionOkato>
                                <address>г. Москва</address>
                            </deliveryPlace>
                            <lotItems>
                                <newCodes>true</newCodes>
                                <lotItem>
                                    <guid>1098482e-c8db-43c9-852f-4fad1f8113de</guid>
                                    <ordinalNumber>1</ordinalNumber>
                                    <okpd2>
                                        <code>86.21.10</code>
                                        <name>Услуги в области общей врачебной практики</name>
                                    </okpd2>
                                    <okved2>
                                        <code>86.10</code>
                                        <name>Деятельность больничных организаций</name>
                                    </okved2>
                                    <okei>
                                        <code>792</code>
                                        <name>Человек</name>
                                    </okei>
                                    <qty>10200</qty>
                                </lotItem>
                            </lotItems>
                            <forSmallOrMiddle>false</forSmallOrMiddle>
                            <excludePurchaseFromPlan>false</excludePurchaseFromPlan>
                            <subcontractorsRequirement>false</subcontractorsRequirement>
                            <ignoredPurchase>false</ignoredPurchase>
                            <centralized>false</centralized>
                        </lotData>
                        <deliveryPlaceIndication>GL</deliveryPlaceIndication>
                        <jointLotData>
                            <jointLot>false</jointLot>
                        </jointLotData>
                        <lotPlanInfo>
                            <planRegistrationNumber>2160216878</planRegistrationNumber>
                            <planGuid>cf013f62-d592-4052-90cf-661aed38bc32</planGuid>
                            <positionNumber>347</positionNumber>
                            <lotPlanPosition>COMMODITY</lotPlanPosition>
                            <positionGuid>ea4a01cd-af74-4c1d-b9b3-64b2c1381391</positionGuid>
                        </lotPlanInfo>
                        <cancelled>false</cancelled>
                    </lot>
                </ns2:lots>
            </ns2:purchaseNoticeEPData>
        </ns2:item>
    </ns2:body>
</ns2:purchaseNoticeEP>
