<?xml version="1.0" encoding="UTF-8" standalone="yes"?>
<ns2:purchaseNoticeEP xsi:schemaLocation="http://zakupki.gov.ru/223/integration/schema/TFF-5.2 http://zakupki.gov.ru/223/integration/schema/TFF-5.2/purchase.xsd" xmlns="http://zakupki.gov.ru/223fz/types/1" xmlns:ns10="http://zakupki.gov.ru/223fz/purchasePlan/1" xmlns:ns11="http://zakupki.gov.ru/223fz/purchasePlanProject/1" xmlns:ns12="http://zakupki.gov.ru/223fz/purchasePlanProjectAdditionalPosition/1" xmlns:ns13="http://zakupki.gov.ru/223fz/contract/1" xmlns:ns14="http://zakupki.gov.ru/223fz/missedNotice/1" xmlns:ns15="http://zakupki.gov.ru/223fz/reference/1" xmlns:ns16="http://zakupki.gov.ru/223fz/stopCommodity/1" xmlns:ns17="http://zakupki.gov.ru/223fz/decisionSuspension/1" xmlns:ns18="http://zakupki.gov.ru/223fz/purchasePlanAdditionalPosition/1" xmlns:ns19="http://zakupki.gov.ru/223fz/webRequest/1" xmlns:ns2="http://zakupki.gov.ru/223fz/purchase/1" xmlns:xsi="http://www.w3.org/2001/XMLSchema-instance" xmlns:ns3="http://zakupki.gov.ru/223fz/dishonestSupplier/1" xmlns:ns4="http://zakupki.gov.ru/223fz/machineryListInfo/1" xmlns:ns5="http://zakupki.gov.ru/223fz/revenue/1" xmlns:ns6="http://zakupki.gov.ru/223fz/orderClauseList/1" xmlns:ns7="http://zakupki.gov.ru/223fz/disagreementProtocol/1" xmlns:ns8="http://zakupki.gov.ru/223fz/complaint/1" xmlns:ns9="http://zakupki.gov.ru/223fz/notificationIssue/1">
    <header>
        <guid>9bd456ea-46e2-4a63-a756-a93454be721c</guid>
        <createDateTime>2017-03-15T14:35:36</createDateTime>
    </header>
    <ns2:body>
        <ns2:item>
            <guid>58c794a7-d8f7-c3d0-e100-00000a388ca6</guid>
            <ns2:purchaseNoticeEPData>
                <ns2:guid>58c794a7-d8f7-c3d0-e100-00000a388ca6</ns2:guid>
                <ns2:createDateTime>2017-03-15T14:18:43</ns2:createDateTime>
                <ns2:urlOOS>https://zakupki.gov.ru/223/purchase/private/purchase/notice-info/details.html?noticeInfoId=5878712</ns2:urlOOS>
                <ns2:urlVSRZ>https://zakupki.gazprom.ru</ns2:urlVSRZ>
                <ns2:registrationNumber>31704892212</ns2:registrationNumber>
                <ns2:name>Поставка запасных частей для газовых турбин для нужд ОАО "Газэнергосервис"</ns2:name>
                <ns2:customer>
                    <mainInfo>
                        <fullName>ОТКРЫТОЕ АКЦИОНЕРНОЕ ОБЩЕСТВО "ГАЗЭНЕРГОСЕРВИС"</fullName>
                        <shortName>ОАО "ГАЗЭНЕРГОСЕРВИС"</shortName>
                        <iko>77709105630770901001</iko>
                        <inn>7709105630</inn>
                        <kpp>770901001</kpp>
                        <ogrn>1027700033591</ogrn>
                        <legalAddress>109240, г МОСКВА, ул РАДИЩЕВСКАЯ ВЕРХН., дом 17/2, корпус 2</legalAddress>
                        <postalAddress>109240, Москва, ул. Верхняя Радищевская, д. 17/2, стр. 2</postalAddress>
                        <phone>7-495-2590610-171</phone>
                        <email>it@gesturbo.ru</email>
                        <okato>45286580000</okato>
                        <okpo>00159083</okpo>
                    </mainInfo>
                </ns2:customer>
                <ns2:purchaseMethodCode>3363</ns2:purchaseMethodCode>
                <ns2:purchaseCodeName>Закупка у единственного поставщика (исполнителя, подрядчика)</ns2:purchaseCodeName>
                <ns2:placer>
                    <mainInfo>
                        <fullName>ОТКРЫТОЕ АКЦИОНЕРНОЕ ОБЩЕСТВО "ГАЗЭНЕРГОСЕРВИС"</fullName>
                        <shortName>ОАО "ГАЗЭНЕРГОСЕРВИС"</shortName>
                        <iko>77709105630770901001</iko>
                        <inn>7709105630</inn>
                        <kpp>770901001</kpp>
                        <ogrn>1027700033591</ogrn>
                        <legalAddress>109240, г МОСКВА, ул РАДИЩЕВСКАЯ ВЕРХН., дом 17/2, корпус 2</legalAddress>
                        <postalAddress>109240, Москва, ул. Верхняя Радищевская, д. 17/2, стр. 2</postalAddress>
                        <phone>7-495-2590610-171</phone>
                        <email>it@gesturbo.ru</email>
                        <okato>45286580000</okato>
                        <okpo>00159083</okpo>
                    </mainInfo>
                </ns2:placer>
                <ns2:contact>
                    <firstName>Антон</firstName>
                    <middleName>Сергеевич</middleName>
                    <lastName>Кузьмин</lastName>
                    <phone>+8 (495) 2590610</phone>
                    <email>a.kuzmin@gesturbo.ru</email>
                    <organization>
                        <mainInfo>
                            <fullName>ОТКРЫТОЕ АКЦИОНЕРНОЕ ОБЩЕСТВО "ГАЗЭНЕРГОСЕРВИС"</fullName>
                            <shortName>ОАО "ГАЗЭНЕРГОСЕРВИС"</shortName>
                            <iko>77709105630770901001</iko>
                            <inn>7709105630</inn>
                            <kpp>770901001</kpp>
                            <ogrn>1027700033591</ogrn>
                            <legalAddress>109240, г МОСКВА, ул РАДИЩЕВСКАЯ ВЕРХН., дом 17/2, корпус 2</legalAddress>
                            <postalAddress>109240, Москва, ул. Верхняя Радищевская, д. 17/2, стр. 2</postalAddress>
                            <phone>7-495-2590610-171</phone>
                            <email>it@gesturbo.ru</email>
                            <okato>45286580000</okato>
                            <okpo>00159083</okpo>
                        </mainInfo>
                    </organization>
                </ns2:contact>
                <ns2:publicationDateTime>2017-03-15T14:35:36</ns2:publicationDateTime>
                <ns2:documentationDelivery/>
                <ns2:status>P</ns2:status>
                <ns2:version>1</ns2:version>
                <ns2:notDishonest>false</ns2:notDishonest>
                <ns2:attachments>
                    <totalDocumentsCount>3</totalDocumentsCount>
                    <document>
                        <guid>58c7d4d0-bce2-29a8-e100-00000a388ca6</guid>
                        <createDateTime>2017-03-15T14:18:43</createDateTime>
                        <fileName>Извещение.docx</fileName>
                        <description>Извещение.docx</description>
                        <url>http://zakupki.gov.ru/223/purchase/public/download/download.html?id=30074872</url>
                    </document>
                    <document>
                        <guid>58c7d4d1-bce2-29a8-e100-00000a388ca6</guid>
                        <createDateTime>2017-03-15T14:18:43</createDateTime>
                        <fileName>Документация ЕП.docx</fileName>
                        <description>Документация ЕП.docx</description>
                        <url>http://zakupki.gov.ru/223/purchase/public/download/download.html?id=30074873</url>
                    </document>
                    <document>
                        <guid>58c7d4d2-bce2-29a8-e100-00000a388ca6</guid>
                        <createDateTime>2017-03-15T14:18:43</createDateTime>
                        <fileName>Проект контракта.rar</fileName>
                        <description>Проект контракта.rar</description>
                        <url>http://zakupki.gov.ru/223/purchase/public/download/download.html?id=30074874</url>
                    </document>
                </ns2:attachments>
                <ns2:modificationDate>2017-03-15T14:35:36</ns2:modificationDate>
                <ns2:saveUserId>31258</ns2:saveUserId>
                <ns2:deliveryPlaceIndication>DIFFERENT_PLACE</ns2:deliveryPlaceIndication>
                <ns2:emergency>false</ns2:emergency>
                <ns2:jointPurchase>false</ns2:jointPurchase>
                <ns2:lots>
                    <lot>
                        <guid>58c93bd9-17d4-7972-e100-00000a388ca6</guid>
                        <ordinalNumber>1</ordinalNumber>
                        <lotEditEnabled>true</lotEditEnabled>
                        <lotData>
                            <subject>Поставка запасных частей для газовых турбин для нужд ОАО "Газэнергосервис"</subject>
                            <currency>
                                <code>GBP</code>
                                <digitalCode>826</digitalCode>
                                <name>Фунт стерлингов</name>
                            </currency>
                            <initialSum>66247.40</initialSum>
                            <deliveryPlace>
                                <address>Согласно закупочной документации</address>
                            </deliveryPlace>
                            <lotItems>
                                <newCodes>true</newCodes>
                                <lotItem>
                                    <guid>58c7d4cf-bce2-29a8-e100-00000a388ca6</guid>
                                    <ordinalNumber>1</ordinalNumber>
                                    <okpd2>
                                        <code>28.11</code>
                                        <name>Двигатели и турбины, кроме двигателей авиационных, автомобильных и мотоциклетных</name>
                                    </okpd2>
                                    <okved2>
                                        <code>28.11</code>
                                        <name>Производство двигателей и турбин, кроме авиационных, автомобильных и мотоциклетных двигателей</name>
                                    </okved2>
                                    <okei>
                                        <code>876</code>
                                        <name>Условная единица</name>
                                    </okei>
                                    <qty>1</qty>
                                </lotItem>
                            </lotItems>
                            <forSmallOrMiddle>false</forSmallOrMiddle>
                            <excludePurchaseFromPlan>false</excludePurchaseFromPlan>
                            <subcontractorsRequirement>false</subcontractorsRequirement>
                            <ignoredPurchase>false</ignoredPurchase>
                            <centralized>false</centralized>
                        </lotData>
                        <deliveryPlaceIndication>GL</deliveryPlaceIndication>
                        <jointLotData>
                            <jointLot>false</jointLot>
                        </jointLotData>
                        <lotPlanInfo>
                            <planRegistrationNumber>2160209696</planRegistrationNumber>
                            <planGuid>58c74b71-a593-3902-e100-00000a388ca6</planGuid>
                            <positionNumber>44</positionNumber>
                            <lotPlanPosition>COMMODITY</lotPlanPosition>
                            <positionGuid>58c6d8e1-95cb-152e-e100-00000a388ca6</positionGuid>
                        </lotPlanInfo>
                        <cancelled>false</cancelled>
                    </lot>
                </ns2:lots>
            </ns2:purchaseNoticeEPData>
        </ns2:item>
    </ns2:body>
</ns2:purchaseNoticeEP>
