<?xml version="1.0" encoding="UTF-8" standalone="yes"?>
<ns2:purchaseNoticeEP xsi:schemaLocation="http://zakupki.gov.ru/223/integration/schema/TFF-5.2 http://zakupki.gov.ru/223/integration/schema/TFF-5.2/purchase.xsd" xmlns="http://zakupki.gov.ru/223fz/types/1" xmlns:ns10="http://zakupki.gov.ru/223fz/purchasePlan/1" xmlns:ns11="http://zakupki.gov.ru/223fz/purchasePlanProject/1" xmlns:ns12="http://zakupki.gov.ru/223fz/purchasePlanProjectAdditionalPosition/1" xmlns:ns13="http://zakupki.gov.ru/223fz/contract/1" xmlns:ns14="http://zakupki.gov.ru/223fz/missedNotice/1" xmlns:ns15="http://zakupki.gov.ru/223fz/reference/1" xmlns:ns16="http://zakupki.gov.ru/223fz/stopCommodity/1" xmlns:ns17="http://zakupki.gov.ru/223fz/decisionSuspension/1" xmlns:ns18="http://zakupki.gov.ru/223fz/purchasePlanAdditionalPosition/1" xmlns:ns19="http://zakupki.gov.ru/223fz/webRequest/1" xmlns:ns2="http://zakupki.gov.ru/223fz/purchase/1" xmlns:xsi="http://www.w3.org/2001/XMLSchema-instance" xmlns:ns3="http://zakupki.gov.ru/223fz/dishonestSupplier/1" xmlns:ns4="http://zakupki.gov.ru/223fz/machineryListInfo/1" xmlns:ns5="http://zakupki.gov.ru/223fz/revenue/1" xmlns:ns6="http://zakupki.gov.ru/223fz/orderClauseList/1" xmlns:ns7="http://zakupki.gov.ru/223fz/disagreementProtocol/1" xmlns:ns8="http://zakupki.gov.ru/223fz/complaint/1" xmlns:ns9="http://zakupki.gov.ru/223fz/notificationIssue/1">
    <header>
        <guid>0505d53e-0fb3-4cb2-9877-bfefe83ef913</guid>
        <createDateTime>2017-03-15T14:50:08</createDateTime>
    </header>
    <ns2:body>
        <ns2:item>
            <guid>711b6714-7cc1-4092-8a7c-48ef5d37b0c3</guid>
            <ns2:purchaseNoticeEPData>
                <ns2:guid>711b6714-7cc1-4092-8a7c-48ef5d37b0c3</ns2:guid>
                <ns2:createDateTime>2017-03-15T14:29:23</ns2:createDateTime>
                <ns2:urlOOS>https://zakupki.gov.ru/223/purchase/private/purchase/notice-info/details.html?noticeInfoId=5878861</ns2:urlOOS>
                <ns2:registrationNumber>31704892342</ns2:registrationNumber>
                <ns2:name>Поставка продуктов питания (молочные продукты)</ns2:name>
                <ns2:customer>
                    <mainInfo>
                        <fullName>Муниципальное автономное дошкольное образовательное учреждение Центр развития ребенка  Детский сад № 3 " Светлячок"</fullName>
                        <shortName>МАДОУ Детский сад № 3 "Светлячок"</shortName>
                        <iko>55046052201775101001</iko>
                        <inn>5046052201</inn>
                        <kpp>775101001</kpp>
                        <ogrn>1025006037583</ogrn>
                        <legalAddress>142190, Москва, Троицк, Сиреневый, дом 9</legalAddress>
                        <postalAddress>108840 г. Москва, г. Троицк, Сиреневый бульвар, д.9</postalAddress>
                        <phone>7-495-8404975</phone>
                        <email>troitskdou3@yandex.ru</email>
                        <okato>45298578001</okato>
                        <okpo>45756095</okpo>
                    </mainInfo>
                </ns2:customer>
                <ns2:purchaseMethodCode>3363</ns2:purchaseMethodCode>
                <ns2:purchaseCodeName>Закупка у единственного поставщика (исполнителя, подрядчика)</ns2:purchaseCodeName>
                <ns2:placer>
                    <mainInfo>
                        <fullName>Муниципальное автономное дошкольное образовательное учреждение Центр развития ребенка  Детский сад № 3 " Светлячок"</fullName>
                        <shortName>МАДОУ Детский сад № 3 "Светлячок"</shortName>
                        <iko>55046052201775101001</iko>
                        <inn>5046052201</inn>
                        <kpp>775101001</kpp>
                        <ogrn>1025006037583</ogrn>
                        <legalAddress>142190, Москва, Троицк, Сиреневый, дом 9</legalAddress>
                        <postalAddress>108840 г. Москва, г. Троицк, Сиреневый бульвар, д.9</postalAddress>
                        <phone>7-495-8404975</phone>
                        <email>troitskdou3@yandex.ru</email>
                        <okato>45298578001</okato>
                        <okpo>45756095</okpo>
                    </mainInfo>
                </ns2:placer>
                <ns2:contact>
                    <phone>+8 (495) 8404975</phone>
                    <email>troitskdou3@yandex.ru</email>
                    <organization>
                        <mainInfo>
                            <fullName>Муниципальное автономное дошкольное образовательное учреждение Центр развития ребенка  Детский сад № 3 " Светлячок"</fullName>
                            <shortName>МАДОУ Детский сад № 3 "Светлячок"</shortName>
                            <iko>55046052201775101001</iko>
                            <inn>5046052201</inn>
                            <kpp>775101001</kpp>
                            <ogrn>1025006037583</ogrn>
                            <legalAddress>142190, Москва, Троицк, Сиреневый, дом 9</legalAddress>
                            <postalAddress>108840 г. Москва, г. Троицк, Сиреневый бульвар, д.9</postalAddress>
                            <phone>7-495-8404975</phone>
                            <email>troitskdou3@yandex.ru</email>
                            <okato>45298578001</okato>
                            <okpo>45756095</okpo>
                        </mainInfo>
                    </organization>
                </ns2:contact>
                <ns2:publicationDateTime>2017-03-15T14:50:08</ns2:publicationDateTime>
                <ns2:documentationDelivery/>
                <ns2:status>P</ns2:status>
                <ns2:version>1</ns2:version>
                <ns2:notDishonest>false</ns2:notDishonest>
                <ns2:attachments>
                    <totalDocumentsCount>3</totalDocumentsCount>
                    <document>
                        <guid>040b622f-ad6e-4694-a971-bd3ef76b0d2e</guid>
                        <createDateTime>2017-03-15T14:46:31</createDateTime>
                        <fileName>ПроектДоговора на поставку продуктов питания .doc</fileName>
                        <description>ПроектДоговора на поставку продуктов питания </description>
                        <url>http://zakupki.gov.ru/223/purchase/public/download/download.html?id=30076754</url>
                    </document>
                    <document>
                        <guid>b1dbc5e1-ed76-4773-8ac0-e797a8a90f22</guid>
                        <createDateTime>2017-03-15T14:46:17</createDateTime>
                        <fileName>Извещение 2ЕП питан.Клен..doc</fileName>
                        <description>Извещение 2ЕП питан.Клен.</description>
                        <url>http://zakupki.gov.ru/223/purchase/public/download/download.html?id=30076739</url>
                    </document>
                    <document>
                        <guid>a81b8bb8-92f8-4031-8c4f-0df20239e748</guid>
                        <createDateTime>2017-03-15T14:46:38</createDateTime>
                        <fileName>Тех.зад питан. клен. чегодае..xls</fileName>
                        <description>Тех.зад питан. клен. чегодае.</description>
                        <url>http://zakupki.gov.ru/223/purchase/public/download/download.html?id=30076758</url>
                    </document>
                </ns2:attachments>
                <ns2:modificationDate>2017-03-15T14:50:08</ns2:modificationDate>
                <ns2:saveUserId>52128</ns2:saveUserId>
                <ns2:deliveryPlaceIndication>SINGLE_PLACE</ns2:deliveryPlaceIndication>
                <ns2:emergency>false</ns2:emergency>
                <ns2:jointPurchase>false</ns2:jointPurchase>
                <ns2:lots>
                    <lot>
                        <guid>e061a4c3-2991-4a8a-a9f7-381692dd5bdf</guid>
                        <ordinalNumber>1</ordinalNumber>
                        <lotEditEnabled>false</lotEditEnabled>
                        <lotData>
                            <subject>Поставка продуктов питания (молочные продукты)</subject>
                            <currency>
                                <code>RUB</code>
                                <digitalCode>643</digitalCode>
                                <name>Российский рубль</name>
                            </currency>
                            <initialSum>721680.00</initialSum>
                            <deliveryPlace>
                                <address>108840, г. Москва, г. Троицк, Сиреневый бульвар, д.9</address>
                            </deliveryPlace>
                            <lotItems>
                                <newCodes>true</newCodes>
                                <lotItem>
                                    <guid>110c33e2-d1b5-4e2c-b1e5-f2371d07415a</guid>
                                    <ordinalNumber>1</ordinalNumber>
                                    <okpd2>
                                        <code>47.29.11</code>
                                        <name>Услуги по розничной торговле молочными продуктами в специализированных магазинах</name>
                                    </okpd2>
                                    <okved2>
                                        <code>47.29.11</code>
                                        <name>Торговля розничная молочными продуктами в специализированных магазинах</name>
                                    </okved2>
                                    <okei>
                                        <code>112</code>
                                        <name>Литр; Кубический дециметр</name>
                                    </okei>
                                    <qty>11000</qty>
                                </lotItem>
                            </lotItems>
                            <forSmallOrMiddle>false</forSmallOrMiddle>
                            <excludePurchaseFromPlan>false</excludePurchaseFromPlan>
                            <subcontractorsRequirement>false</subcontractorsRequirement>
                            <ignoredPurchase>false</ignoredPurchase>
                            <centralized>false</centralized>
                        </lotData>
                        <deliveryPlaceIndication>GL</deliveryPlaceIndication>
                        <jointLotData>
                            <jointLot>false</jointLot>
                        </jointLotData>
                        <lotPlanInfo>
                            <planRegistrationNumber>2160202938</planRegistrationNumber>
                            <planGuid>76eead68-2646-4a02-bea6-4afb16b0b250</planGuid>
                            <positionNumber>4</positionNumber>
                            <lotPlanPosition>COMMODITY</lotPlanPosition>
                            <positionGuid>29323b03-d3dd-4150-8cd1-97c0d393a8d5</positionGuid>
                        </lotPlanInfo>
                        <cancelled>false</cancelled>
                    </lot>
                </ns2:lots>
            </ns2:purchaseNoticeEPData>
        </ns2:item>
    </ns2:body>
</ns2:purchaseNoticeEP>
