<?xml version="1.0" encoding="UTF-8" standalone="yes"?>
<ns2:purchaseNoticeEP xsi:schemaLocation="http://zakupki.gov.ru/223/integration/schema/TFF-5.2 http://zakupki.gov.ru/223/integration/schema/TFF-5.2/purchase.xsd" xmlns="http://zakupki.gov.ru/223fz/types/1" xmlns:ns10="http://zakupki.gov.ru/223fz/purchasePlan/1" xmlns:ns11="http://zakupki.gov.ru/223fz/purchasePlanProject/1" xmlns:ns12="http://zakupki.gov.ru/223fz/purchasePlanProjectAdditionalPosition/1" xmlns:ns13="http://zakupki.gov.ru/223fz/contract/1" xmlns:ns14="http://zakupki.gov.ru/223fz/missedNotice/1" xmlns:ns15="http://zakupki.gov.ru/223fz/reference/1" xmlns:ns16="http://zakupki.gov.ru/223fz/stopCommodity/1" xmlns:ns17="http://zakupki.gov.ru/223fz/decisionSuspension/1" xmlns:ns18="http://zakupki.gov.ru/223fz/purchasePlanAdditionalPosition/1" xmlns:ns19="http://zakupki.gov.ru/223fz/webRequest/1" xmlns:ns2="http://zakupki.gov.ru/223fz/purchase/1" xmlns:xsi="http://www.w3.org/2001/XMLSchema-instance" xmlns:ns3="http://zakupki.gov.ru/223fz/dishonestSupplier/1" xmlns:ns4="http://zakupki.gov.ru/223fz/machineryListInfo/1" xmlns:ns5="http://zakupki.gov.ru/223fz/revenue/1" xmlns:ns6="http://zakupki.gov.ru/223fz/orderClauseList/1" xmlns:ns7="http://zakupki.gov.ru/223fz/disagreementProtocol/1" xmlns:ns8="http://zakupki.gov.ru/223fz/complaint/1" xmlns:ns9="http://zakupki.gov.ru/223fz/notificationIssue/1">
    <header>
        <guid>cb473aad-44c2-478e-beea-2857c3d09c5d</guid>
        <createDateTime>2017-03-15T14:51:31</createDateTime>
    </header>
    <ns2:body>
        <ns2:item>
            <guid>90c5d079-63ea-4da6-ac08-8a8eeb4ab6c7</guid>
            <ns2:purchaseNoticeEPData>
                <ns2:guid>90c5d079-63ea-4da6-ac08-8a8eeb4ab6c7</ns2:guid>
                <ns2:createDateTime>2017-03-15T14:40:54</ns2:createDateTime>
                <ns2:urlOOS>https://zakupki.gov.ru/223/purchase/private/purchase/notice-info/details.html?noticeInfoId=5879000</ns2:urlOOS>
                <ns2:registrationNumber>31704892357</ns2:registrationNumber>
                <ns2:name>Закупка у единственного поставщика на поставку натра едкиого для Каширской ГРЭС</ns2:name>
                <ns2:customer>
                    <mainInfo>
                        <fullName>АКЦИОНЕРНОЕ ОБЩЕСТВО "ИНТЕР РАО-ЭЛЕКТРОГЕНЕРАЦИЯ"</fullName>
                        <shortName>АО "ИНТЕР РАО-ЭЛЕКТРОГЕНЕРАЦИЯ"</shortName>
                        <iko>57704784450770401001</iko>
                        <inn>7704784450</inn>
                        <kpp>770401001</kpp>
                        <ogrn>1117746460358</ogrn>
                        <legalAddress>119435, Г МОСКВА, УЛ ПИРОГОВСКАЯ Б., дом 27, корпус СТР.1</legalAddress>
                        <postalAddress>119435, Москва, Пироговская Б., дом 27, корпус стр.2</postalAddress>
                        <phone>7 (495) 664-88-70</phone>
                        <email>kaptur_sp@interrao.ru</email>
                        <okato>45286590000</okato>
                        <okpo>925164444</okpo>
                    </mainInfo>
                </ns2:customer>
                <ns2:purchaseMethodCode>3363</ns2:purchaseMethodCode>
                <ns2:purchaseCodeName>Закупка у единственного поставщика (исполнителя, подрядчика)</ns2:purchaseCodeName>
                <ns2:placer>
                    <mainInfo>
                        <fullName>АКЦИОНЕРНОЕ ОБЩЕСТВО "ИНТЕР РАО-ЭЛЕКТРОГЕНЕРАЦИЯ"</fullName>
                        <shortName>АО "ИНТЕР РАО-ЭЛЕКТРОГЕНЕРАЦИЯ"</shortName>
                        <iko>57704784450770401001</iko>
                        <inn>7704784450</inn>
                        <kpp>770401001</kpp>
                        <ogrn>1117746460358</ogrn>
                        <legalAddress>119435, Г МОСКВА, УЛ ПИРОГОВСКАЯ Б., дом 27, корпус СТР.1</legalAddress>
                        <postalAddress>119435, Москва, Пироговская Б., дом 27, корпус стр.2</postalAddress>
                        <phone>7 (495) 664-88-70</phone>
                        <email>kaptur_sp@interrao.ru</email>
                        <okato>45286590000</okato>
                        <okpo>925164444</okpo>
                    </mainInfo>
                </ns2:placer>
                <ns2:contact>
                    <firstName>Наталья</firstName>
                    <middleName>Ивановна</middleName>
                    <lastName>Смирнова</lastName>
                    <phone>+8 (48763) 52100</phone>
                    <email>smirnova_ni@interrao.ru</email>
                    <organization>
                        <mainInfo>
                            <fullName>АКЦИОНЕРНОЕ ОБЩЕСТВО "ИНТЕР РАО-ЭЛЕКТРОГЕНЕРАЦИЯ"</fullName>
                            <shortName>АО "ИНТЕР РАО-ЭЛЕКТРОГЕНЕРАЦИЯ"</shortName>
                            <iko>57704784450770401001</iko>
                            <inn>7704784450</inn>
                            <kpp>770401001</kpp>
                            <ogrn>1117746460358</ogrn>
                            <legalAddress>119435, Г МОСКВА, УЛ ПИРОГОВСКАЯ Б., дом 27, корпус СТР.1</legalAddress>
                            <postalAddress>119435, Москва, Пироговская Б., дом 27, корпус стр.2</postalAddress>
                            <phone>7 (495) 664-88-70</phone>
                            <email>kaptur_sp@interrao.ru</email>
                            <okato>45286590000</okato>
                            <okpo>925164444</okpo>
                        </mainInfo>
                    </organization>
                </ns2:contact>
                <ns2:publicationDateTime>2017-03-15T14:51:31</ns2:publicationDateTime>
                <ns2:documentationDelivery>
                    <deliveryStartDateTime>2017-03-14</deliveryStartDateTime>
                    <deliveryEndDateTime>2017-03-14</deliveryEndDateTime>
                    <place>142900, Московская область, г. Кашира, проспект Советский, д.2</place>
                    <procedure>на бумажном носителе </procedure>
                </ns2:documentationDelivery>
                <ns2:status>P</ns2:status>
                <ns2:version>1</ns2:version>
                <ns2:notDishonest>false</ns2:notDishonest>
                <ns2:attachments>
                    <totalDocumentsCount>1</totalDocumentsCount>
                    <document>
                        <guid>a95186dc-bc4b-46ab-bd53-f9b6d8a20d08</guid>
                        <createDateTime>2017-03-15T14:49:31</createDateTime>
                        <fileName>740.17.00269 Поставка натра едкого.zip</fileName>
                        <description>740.17.00269 Поставка натра едкого</description>
                        <url>http://zakupki.gov.ru/223/purchase/public/download/download.html?id=30076935</url>
                    </document>
                </ns2:attachments>
                <ns2:modificationDate>2017-03-15T14:51:31</ns2:modificationDate>
                <ns2:saveUserId>180391</ns2:saveUserId>
                <ns2:deliveryPlaceIndication>SINGLE_PLACE</ns2:deliveryPlaceIndication>
                <ns2:emergency>false</ns2:emergency>
                <ns2:jointPurchase>false</ns2:jointPurchase>
                <ns2:lots>
                    <lot>
                        <guid>942eddf7-65c7-4797-8514-568d14f9c4b7</guid>
                        <ordinalNumber>1</ordinalNumber>
                        <lotEditEnabled>false</lotEditEnabled>
                        <lotData>
                            <subject>Натр едкий для Каширской ГРЭС</subject>
                            <currency>
                                <code>RUB</code>
                                <digitalCode>643</digitalCode>
                                <name>Российский рубль</name>
                            </currency>
                            <initialSum>1137840.00</initialSum>
                            <deliveryPlace>
                                <state>Центральный федеральный округ</state>
                                <region>Московская   обл</region>
                                <regionOkato>46000000000</regionOkato>
                                <address>142900, Московская область, г. Кашира, проспект Советский, д.2</address>
                            </deliveryPlace>
                            <lotItems>
                                <newCodes>true</newCodes>
                                <lotItem>
                                    <guid>3ceafa58-6cfb-4be3-a668-d7485066822e</guid>
                                    <ordinalNumber>1</ordinalNumber>
                                    <okpd2>
                                        <code>20.13.25.120</code>
                                        <name>Гидразин и гидроксиламин и их неорганические соли</name>
                                    </okpd2>
                                    <okved2>
                                        <code>20.13</code>
                                        <name>Производство прочих основных неорганических химических веществ</name>
                                    </okved2>
                                    <okei>
                                        <code>168</code>
                                        <name>Тонна; Метрическая тонна (1000 кг)</name>
                                    </okei>
                                    <qty>30</qty>
                                </lotItem>
                            </lotItems>
                            <forSmallOrMiddle>true</forSmallOrMiddle>
                            <excludePurchaseFromPlan>false</excludePurchaseFromPlan>
                            <subcontractorsRequirement>false</subcontractorsRequirement>
                            <ignoredPurchase>false</ignoredPurchase>
                            <centralized>false</centralized>
                        </lotData>
                        <deliveryPlaceIndication>GL</deliveryPlaceIndication>
                        <jointLotData>
                            <jointLot>false</jointLot>
                        </jointLotData>
                        <lotPlanInfo>
                            <planRegistrationNumber>2160189736</planRegistrationNumber>
                            <planGuid>60957ac3-6f43-4cc2-a8c3-63e942f05fd8</planGuid>
                            <positionNumber>1105</positionNumber>
                            <lotPlanPosition>COMMODITY</lotPlanPosition>
                            <positionGuid>3ca4597e-f08b-4f5a-a8d4-8ff7f4e6d15e</positionGuid>
                        </lotPlanInfo>
                        <cancelled>false</cancelled>
                    </lot>
                </ns2:lots>
            </ns2:purchaseNoticeEPData>
        </ns2:item>
    </ns2:body>
</ns2:purchaseNoticeEP>
