<?xml version="1.0" encoding="UTF-8" standalone="yes"?>
<ns2:purchaseNoticeEP xsi:schemaLocation="http://zakupki.gov.ru/223/integration/schema/TFF-5.2 http://zakupki.gov.ru/223/integration/schema/TFF-5.2/purchase.xsd" xmlns="http://zakupki.gov.ru/223fz/types/1" xmlns:ns10="http://zakupki.gov.ru/223fz/purchasePlan/1" xmlns:ns11="http://zakupki.gov.ru/223fz/purchasePlanProject/1" xmlns:ns12="http://zakupki.gov.ru/223fz/purchasePlanProjectAdditionalPosition/1" xmlns:ns13="http://zakupki.gov.ru/223fz/contract/1" xmlns:ns14="http://zakupki.gov.ru/223fz/missedNotice/1" xmlns:ns15="http://zakupki.gov.ru/223fz/reference/1" xmlns:ns16="http://zakupki.gov.ru/223fz/stopCommodity/1" xmlns:ns17="http://zakupki.gov.ru/223fz/decisionSuspension/1" xmlns:ns18="http://zakupki.gov.ru/223fz/purchasePlanAdditionalPosition/1" xmlns:ns19="http://zakupki.gov.ru/223fz/webRequest/1" xmlns:ns2="http://zakupki.gov.ru/223fz/purchase/1" xmlns:xsi="http://www.w3.org/2001/XMLSchema-instance" xmlns:ns3="http://zakupki.gov.ru/223fz/dishonestSupplier/1" xmlns:ns4="http://zakupki.gov.ru/223fz/machineryListInfo/1" xmlns:ns5="http://zakupki.gov.ru/223fz/revenue/1" xmlns:ns6="http://zakupki.gov.ru/223fz/orderClauseList/1" xmlns:ns7="http://zakupki.gov.ru/223fz/disagreementProtocol/1" xmlns:ns8="http://zakupki.gov.ru/223fz/complaint/1" xmlns:ns9="http://zakupki.gov.ru/223fz/notificationIssue/1">
    <header>
        <guid>be2c893d-b87e-455d-8d08-7f5aa488645e</guid>
        <createDateTime>2017-03-15T11:25:44</createDateTime>
    </header>
    <ns2:body>
        <ns2:item>
            <guid>297b9dc0-0d9a-1ed6-bfce-6e71cdb0cee7</guid>
            <ns2:purchaseNoticeEPData>
                <ns2:guid>297b9dc0-0d9a-1ed6-bfce-6e71cdb0cee7</ns2:guid>
                <ns2:createDateTime>2017-03-15T11:21:05</ns2:createDateTime>
                <ns2:urlOOS>https://zakupki.gov.ru/223/purchase/private/purchase/notice-info/details.html?noticeInfoId=5876928</ns2:urlOOS>
                <ns2:urlVSRZ>www.rosneft.ru</ns2:urlVSRZ>
                <ns2:registrationNumber>31704890656</ns2:registrationNumber>
                <ns2:name>Оказание информационно-рекламных услуг</ns2:name>
                <ns2:customer>
                    <mainInfo>
                        <fullName>ПУБЛИЧНОЕ АКЦИОНЕРНОЕ ОБЩЕСТВО "НЕФТЯНАЯ КОМПАНИЯ "РОСНЕФТЬ"</fullName>
                        <shortName>ПАО "НК "РОСНЕФТЬ"</shortName>
                        <iko>67706107510997150001</iko>
                        <inn>7706107510</inn>
                        <kpp>770601001</kpp>
                        <ogrn>1027700043502</ogrn>
                        <legalAddress>115035, Г МОСКВА, НАБ СОФИЙСКАЯ, дом 26/1</legalAddress>
                        <postalAddress>Россия, 115035, г. Москва, Софийская набережная, д. 26/1 </postalAddress>
                        <phone>07-495-7774400</phone>
                        <email>postman@rosneft.ru</email>
                        <okato>45286596000</okato>
                        <okpo>00044428</okpo>
                    </mainInfo>
                </ns2:customer>
                <ns2:purchaseMethodCode>3363</ns2:purchaseMethodCode>
                <ns2:purchaseCodeName>Закупка у единственного поставщика (исполнителя, подрядчика)</ns2:purchaseCodeName>
                <ns2:placer>
                    <mainInfo>
                        <fullName>ПУБЛИЧНОЕ АКЦИОНЕРНОЕ ОБЩЕСТВО "НЕФТЯНАЯ КОМПАНИЯ "РОСНЕФТЬ"</fullName>
                        <shortName>ПАО "НК "РОСНЕФТЬ"</shortName>
                        <iko>67706107510997150001</iko>
                        <inn>7706107510</inn>
                        <kpp>770601001</kpp>
                        <ogrn>1027700043502</ogrn>
                        <legalAddress>115035, Г МОСКВА, НАБ СОФИЙСКАЯ, дом 26/1</legalAddress>
                        <postalAddress>Россия, 115035, г. Москва, Софийская набережная, д. 26/1 </postalAddress>
                        <phone>07-495-7774400</phone>
                        <email>postman@rosneft.ru</email>
                        <okato>45286596000</okato>
                        <okpo>00044428</okpo>
                    </mainInfo>
                </ns2:placer>
                <ns2:contact>
                    <firstName>Валентин Андреевич</firstName>
                    <lastName>Сериков</lastName>
                    <phone>(495) 777-77-07 доб. 6399</phone>
                    <email>v_serikov@rosneft.ru</email>
                    <organization>
                        <mainInfo>
                            <fullName>ПУБЛИЧНОЕ АКЦИОНЕРНОЕ ОБЩЕСТВО "НЕФТЯНАЯ КОМПАНИЯ "РОСНЕФТЬ"</fullName>
                            <shortName>ПАО "НК "РОСНЕФТЬ"</shortName>
                            <iko>67706107510997150001</iko>
                            <inn>7706107510</inn>
                            <kpp>770601001</kpp>
                            <ogrn>1027700043502</ogrn>
                            <legalAddress>115035, Г МОСКВА, НАБ СОФИЙСКАЯ, дом 26/1</legalAddress>
                            <postalAddress>Россия, 115035, г. Москва, Софийская набережная, д. 26/1 </postalAddress>
                            <phone>07-495-7774400</phone>
                            <email>postman@rosneft.ru</email>
                            <okato>45286596000</okato>
                            <okpo>00044428</okpo>
                        </mainInfo>
                    </organization>
                </ns2:contact>
                <ns2:publicationDateTime>2017-03-15T11:25:44</ns2:publicationDateTime>
                <ns2:documentationDelivery>
                    <deliveryStartDateTime>2017-03-15</deliveryStartDateTime>
                    <deliveryEndDateTime>2017-03-15</deliveryEndDateTime>
                    <place>Не устанавливается</place>
                    <procedure>Не устанавливается</procedure>
                </ns2:documentationDelivery>
                <ns2:status>P</ns2:status>
                <ns2:version>1</ns2:version>
                <ns2:notDishonest>false</ns2:notDishonest>
                <ns2:attachments>
                    <totalDocumentsCount>2</totalDocumentsCount>
                    <document>
                        <guid>297b9dc0-0d9a-1ed7-82aa-eda202d05910</guid>
                        <createDateTime>2017-03-15T08:09:25</createDateTime>
                        <fileName>Извещение о закупке.docx</fileName>
                        <description>Извещение о закупке.docx</description>
                        <url>http://zakupki.gov.ru/223/purchase/public/download/download.html?id=30066076</url>
                    </document>
                    <document>
                        <guid>297b9dc0-0d9a-1ed7-82aa-eda2705ad912</guid>
                        <createDateTime>2017-03-15T08:10:49</createDateTime>
                        <fileName>Проект договора.docx</fileName>
                        <description>Проект договора.docx</description>
                        <url>http://zakupki.gov.ru/223/purchase/public/download/download.html?id=30066077</url>
                    </document>
                </ns2:attachments>
                <ns2:modificationDate>2017-03-15T11:25:44</ns2:modificationDate>
                <ns2:saveUserId>217304</ns2:saveUserId>
                <ns2:deliveryPlaceIndication>DIFFERENT_PLACE</ns2:deliveryPlaceIndication>
                <ns2:emergency>false</ns2:emergency>
                <ns2:jointPurchase>false</ns2:jointPurchase>
                <ns2:lots>
                    <lot>
                        <guid>297b9dc0-0d9a-1ed6-bfce-6eb6514b930e</guid>
                        <ordinalNumber>1</ordinalNumber>
                        <lotEditEnabled>false</lotEditEnabled>
                        <lotData>
                            <subject>Оказание информационно-рекламных услуг</subject>
                            <currency>
                                <code>RUB</code>
                                <digitalCode>643</digitalCode>
                                <name>Российский рубль</name>
                            </currency>
                            <initialSum>0.00</initialSum>
                            <deliveryPlace>
                                <address>г.Москва</address>
                            </deliveryPlace>
                            <lotItems>
                                <newCodes>true</newCodes>
                                <lotItem>
                                    <guid>297b9dc0-0d9a-1ed6-bfce-6fcbe8d71e58</guid>
                                    <ordinalNumber>1</ordinalNumber>
                                    <okpd2>
                                        <code>73.11.19.000</code>
                                        <name>Услуги рекламные прочие</name>
                                    </okpd2>
                                    <okved2>
                                        <code>73.1</code>
                                        <name>Деятельность рекламная</name>
                                    </okved2>
                                    <okei>
                                        <code>796</code>
                                        <name>Штука</name>
                                    </okei>
                                    <qty>1</qty>
                                </lotItem>
                            </lotItems>
                            <forSmallOrMiddle>false</forSmallOrMiddle>
                            <excludePurchaseFromPlan>false</excludePurchaseFromPlan>
                            <subcontractorsRequirement>false</subcontractorsRequirement>
                            <ignoredPurchase>false</ignoredPurchase>
                            <centralized>false</centralized>
                        </lotData>
                        <deliveryPlaceIndication>GL</deliveryPlaceIndication>
                        <jointLotData>
                            <jointLot>false</jointLot>
                        </jointLotData>
                        <lotPlanInfo>
                            <planRegistrationNumber>2160191197</planRegistrationNumber>
                            <planGuid>bf9b3000-1c33-4b23-9139-b20ffda3868c</planGuid>
                            <positionNumber>3544</positionNumber>
                            <lotPlanPosition>COMMODITY</lotPlanPosition>
                            <positionGuid>297b9dc0-0d9a-1ee6-be9f-736a75fd1ff1</positionGuid>
                        </lotPlanInfo>
                        <cancelled>false</cancelled>
                    </lot>
                </ns2:lots>
            </ns2:purchaseNoticeEPData>
        </ns2:item>
    </ns2:body>
</ns2:purchaseNoticeEP>
