<?xml version="1.0" encoding="UTF-8" standalone="yes"?>
<ns2:purchaseNoticeEP xsi:schemaLocation="http://zakupki.gov.ru/223/integration/schema/TFF-5.2 http://zakupki.gov.ru/223/integration/schema/TFF-5.2/purchase.xsd" xmlns="http://zakupki.gov.ru/223fz/types/1" xmlns:ns10="http://zakupki.gov.ru/223fz/purchasePlan/1" xmlns:ns11="http://zakupki.gov.ru/223fz/purchasePlanProject/1" xmlns:ns12="http://zakupki.gov.ru/223fz/purchasePlanProjectAdditionalPosition/1" xmlns:ns13="http://zakupki.gov.ru/223fz/contract/1" xmlns:ns14="http://zakupki.gov.ru/223fz/missedNotice/1" xmlns:ns15="http://zakupki.gov.ru/223fz/reference/1" xmlns:ns16="http://zakupki.gov.ru/223fz/stopCommodity/1" xmlns:ns17="http://zakupki.gov.ru/223fz/decisionSuspension/1" xmlns:ns18="http://zakupki.gov.ru/223fz/purchasePlanAdditionalPosition/1" xmlns:ns19="http://zakupki.gov.ru/223fz/webRequest/1" xmlns:ns2="http://zakupki.gov.ru/223fz/purchase/1" xmlns:xsi="http://www.w3.org/2001/XMLSchema-instance" xmlns:ns3="http://zakupki.gov.ru/223fz/dishonestSupplier/1" xmlns:ns4="http://zakupki.gov.ru/223fz/machineryListInfo/1" xmlns:ns5="http://zakupki.gov.ru/223fz/revenue/1" xmlns:ns6="http://zakupki.gov.ru/223fz/orderClauseList/1" xmlns:ns7="http://zakupki.gov.ru/223fz/disagreementProtocol/1" xmlns:ns8="http://zakupki.gov.ru/223fz/complaint/1" xmlns:ns9="http://zakupki.gov.ru/223fz/notificationIssue/1">
    <header>
        <guid>6594ad93-275f-412a-9780-1745f5c4075c</guid>
        <createDateTime>2017-03-15T16:48:01</createDateTime>
    </header>
    <ns2:body>
        <ns2:item>
            <guid>305cdd7f-3fa7-46a9-8d38-ae9bdebffd9b</guid>
            <ns2:purchaseNoticeEPData>
                <ns2:guid>305cdd7f-3fa7-46a9-8d38-ae9bdebffd9b</ns2:guid>
                <ns2:createDateTime>2017-03-15T16:40:08</ns2:createDateTime>
                <ns2:urlOOS>https://zakupki.gov.ru/223/purchase/private/purchase/notice-info/details.html?noticeInfoId=5880466</ns2:urlOOS>
                <ns2:registrationNumber>31704893610</ns2:registrationNumber>
                <ns2:name>Услуги по ответственному хранению крупнотоннажных 40-футовых контейнеров с декорациями,театральным реквизитом и костюмами</ns2:name>
                <ns2:customer>
                    <mainInfo>
                        <fullName>ГОСУДАРСТВЕННОЕ БЮДЖЕТНОЕ УЧРЕЖДЕНИЕ КУЛЬТУРЫ ГОРОДА МОСКВЫ "МОСКОВСКИЙ ДРАМАТИЧЕСКИЙ ТЕАТР ИМЕНИ А.С. ПУШКИНА"</fullName>
                        <shortName>ГБУК Г. МОСКВЫ "МДТ ИМ. А.С. ПУШКИНА"</shortName>
                        <iko>87703035553770301001</iko>
                        <inn>7703035553</inn>
                        <kpp>770301001</kpp>
                        <ogrn>1027739449341</ogrn>
                        <legalAddress>123104, Г МОСКВА, Б-Р ТВЕРСКОЙ, дом 23, корпус 1</legalAddress>
                        <postalAddress>123104 г. Москва, Тверской бульвар,  д.23, стр.1</postalAddress>
                        <phone>(495) 694-03-64</phone>
                        <email>pisarev@teatrpushkin.ru</email>
                        <okato>45286575000</okato>
                        <okpo>02190074</okpo>
                    </mainInfo>
                </ns2:customer>
                <ns2:purchaseMethodCode>3363</ns2:purchaseMethodCode>
                <ns2:purchaseCodeName>Закупка у единственного поставщика (исполнителя, подрядчика)</ns2:purchaseCodeName>
                <ns2:placer>
                    <mainInfo>
                        <fullName>ГОСУДАРСТВЕННОЕ БЮДЖЕТНОЕ УЧРЕЖДЕНИЕ КУЛЬТУРЫ ГОРОДА МОСКВЫ "МОСКОВСКИЙ ДРАМАТИЧЕСКИЙ ТЕАТР ИМЕНИ А.С. ПУШКИНА"</fullName>
                        <shortName>ГБУК Г. МОСКВЫ "МДТ ИМ. А.С. ПУШКИНА"</shortName>
                        <iko>87703035553770301001</iko>
                        <inn>7703035553</inn>
                        <kpp>770301001</kpp>
                        <ogrn>1027739449341</ogrn>
                        <legalAddress>123104, Г МОСКВА, Б-Р ТВЕРСКОЙ, дом 23, корпус 1</legalAddress>
                        <postalAddress>123104 г. Москва, Тверской бульвар,  д.23, стр.1</postalAddress>
                        <phone>(495) 694-03-64</phone>
                        <email>pisarev@teatrpushkin.ru</email>
                        <okato>45286575000</okato>
                        <okpo>02190074</okpo>
                    </mainInfo>
                </ns2:placer>
                <ns2:contact>
                    <firstName>Елена</firstName>
                    <middleName>Борисовна</middleName>
                    <lastName>Скрипиченко</lastName>
                    <phone>+7 (495) 6940364</phone>
                    <email>skr_bs@mail.ru</email>
                    <organization>
                        <mainInfo>
                            <fullName>ГОСУДАРСТВЕННОЕ БЮДЖЕТНОЕ УЧРЕЖДЕНИЕ КУЛЬТУРЫ ГОРОДА МОСКВЫ "МОСКОВСКИЙ ДРАМАТИЧЕСКИЙ ТЕАТР ИМЕНИ А.С. ПУШКИНА"</fullName>
                            <shortName>ГБУК Г. МОСКВЫ "МДТ ИМ. А.С. ПУШКИНА"</shortName>
                            <iko>87703035553770301001</iko>
                            <inn>7703035553</inn>
                            <kpp>770301001</kpp>
                            <ogrn>1027739449341</ogrn>
                            <legalAddress>123104, Г МОСКВА, Б-Р ТВЕРСКОЙ, дом 23, корпус 1</legalAddress>
                            <postalAddress>123104 г. Москва, Тверской бульвар,  д.23, стр.1</postalAddress>
                            <phone>(495) 694-03-64</phone>
                            <email>pisarev@teatrpushkin.ru</email>
                            <okato>45286575000</okato>
                            <okpo>02190074</okpo>
                        </mainInfo>
                    </organization>
                </ns2:contact>
                <ns2:publicationDateTime>2017-03-15T16:48:01</ns2:publicationDateTime>
                <ns2:documentationDelivery>
                    <deliveryStartDateTime>2017-03-15</deliveryStartDateTime>
                    <deliveryEndDateTime>2017-03-15</deliveryEndDateTime>
                    <place>г. Москва, Тверской бульвар,  д.23, стр.1</place>
                    <procedure>Документация доступна для ознакомления в Единой информационной системе без взимания платы</procedure>
                </ns2:documentationDelivery>
                <ns2:status>P</ns2:status>
                <ns2:version>1</ns2:version>
                <ns2:notDishonest>true</ns2:notDishonest>
                <ns2:attachments>
                    <totalDocumentsCount>3</totalDocumentsCount>
                    <document>
                        <guid>eeed9967-31ec-4567-84cc-c179d4fd7cdf</guid>
                        <createDateTime>2017-03-15T16:47:25</createDateTime>
                        <fileName>Протокол цены.doc</fileName>
                        <description>Протокол цены</description>
                        <url>http://zakupki.gov.ru/223/purchase/public/download/download.html?id=30083448</url>
                    </document>
                    <document>
                        <guid>cc450dc9-a077-4663-9a03-5dc68495f992</guid>
                        <createDateTime>2017-03-15T16:47:32</createDateTime>
                        <fileName>Документация.doc</fileName>
                        <description>Документация</description>
                        <url>http://zakupki.gov.ru/223/purchase/public/download/download.html?id=30083450</url>
                    </document>
                    <document>
                        <guid>4f14daf9-4fe9-4ba9-b2cb-16515a231e9b</guid>
                        <createDateTime>2017-03-15T16:47:38</createDateTime>
                        <fileName>Проект договора.doc</fileName>
                        <description>Проект договора</description>
                        <url>http://zakupki.gov.ru/223/purchase/public/download/download.html?id=30083453</url>
                    </document>
                </ns2:attachments>
                <ns2:modificationDate>2017-03-15T16:48:01</ns2:modificationDate>
                <ns2:saveUserId>251869</ns2:saveUserId>
                <ns2:deliveryPlaceIndication>SINGLE_PLACE</ns2:deliveryPlaceIndication>
                <ns2:emergency>false</ns2:emergency>
                <ns2:jointPurchase>false</ns2:jointPurchase>
                <ns2:lots>
                    <lot>
                        <guid>3abcaf10-c655-4f07-9e08-f514453c4876</guid>
                        <ordinalNumber>1</ordinalNumber>
                        <lotEditEnabled>false</lotEditEnabled>
                        <lotData>
                            <subject>Услуги по ответственному хранению крупнотоннажных 40-футовых контейнеров с декорациями, театральным реквизитом и костюмами</subject>
                            <currency>
                                <code>RUB</code>
                                <digitalCode>643</digitalCode>
                                <name>Российский рубль</name>
                            </currency>
                            <initialSum>152000.00</initialSum>
                            <deliveryPlace>
                                <state>Центральный федеральный округ</state>
                                <region>Москва</region>
                                <regionOkato>45000000000</regionOkato>
                                <address>В соответствии с проектом договора</address>
                            </deliveryPlace>
                            <lotItems>
                                <newCodes>true</newCodes>
                                <lotItem>
                                    <guid>a62228e7-bd6c-4699-a851-a66ca1ecfb14</guid>
                                    <ordinalNumber>1</ordinalNumber>
                                    <okpd2>
                                        <code>52.10</code>
                                        <name>Услуги по складированию и хранению</name>
                                    </okpd2>
                                    <okved2>
                                        <code>52.10</code>
                                        <name>Деятельность по складированию и хранению</name>
                                    </okved2>
                                    <okei>
                                        <code>362</code>
                                        <name>Месяц</name>
                                    </okei>
                                    <qty>9.5</qty>
                                </lotItem>
                            </lotItems>
                            <forSmallOrMiddle>false</forSmallOrMiddle>
                            <excludePurchaseFromPlan>false</excludePurchaseFromPlan>
                            <subcontractorsRequirement>false</subcontractorsRequirement>
                            <ignoredPurchase>false</ignoredPurchase>
                            <centralized>false</centralized>
                        </lotData>
                        <deliveryPlaceIndication>GL</deliveryPlaceIndication>
                        <jointLotData>
                            <jointLot>false</jointLot>
                        </jointLotData>
                        <lotPlanInfo>
                            <planRegistrationNumber>2160219250</planRegistrationNumber>
                            <planGuid>5c4413bd-46df-4e7e-972e-2d4c789d0913</planGuid>
                            <positionNumber>232</positionNumber>
                            <lotPlanPosition>COMMODITY</lotPlanPosition>
                            <positionGuid>50e892ac-a770-4089-9eef-48108f8d40ae</positionGuid>
                        </lotPlanInfo>
                        <cancelled>false</cancelled>
                    </lot>
                </ns2:lots>
            </ns2:purchaseNoticeEPData>
        </ns2:item>
    </ns2:body>
</ns2:purchaseNoticeEP>
