<?xml version="1.0" encoding="UTF-8" standalone="yes"?>
<ns2:purchaseNoticeEP xsi:schemaLocation="http://zakupki.gov.ru/223/integration/schema/TFF-5.2 http://zakupki.gov.ru/223/integration/schema/TFF-5.2/purchase.xsd" xmlns="http://zakupki.gov.ru/223fz/types/1" xmlns:ns10="http://zakupki.gov.ru/223fz/purchasePlan/1" xmlns:ns11="http://zakupki.gov.ru/223fz/purchasePlanProject/1" xmlns:ns12="http://zakupki.gov.ru/223fz/purchasePlanProjectAdditionalPosition/1" xmlns:ns13="http://zakupki.gov.ru/223fz/contract/1" xmlns:ns14="http://zakupki.gov.ru/223fz/missedNotice/1" xmlns:ns15="http://zakupki.gov.ru/223fz/reference/1" xmlns:ns16="http://zakupki.gov.ru/223fz/stopCommodity/1" xmlns:ns17="http://zakupki.gov.ru/223fz/decisionSuspension/1" xmlns:ns18="http://zakupki.gov.ru/223fz/purchasePlanAdditionalPosition/1" xmlns:ns19="http://zakupki.gov.ru/223fz/webRequest/1" xmlns:ns2="http://zakupki.gov.ru/223fz/purchase/1" xmlns:xsi="http://www.w3.org/2001/XMLSchema-instance" xmlns:ns3="http://zakupki.gov.ru/223fz/dishonestSupplier/1" xmlns:ns4="http://zakupki.gov.ru/223fz/machineryListInfo/1" xmlns:ns5="http://zakupki.gov.ru/223fz/revenue/1" xmlns:ns6="http://zakupki.gov.ru/223fz/orderClauseList/1" xmlns:ns7="http://zakupki.gov.ru/223fz/disagreementProtocol/1" xmlns:ns8="http://zakupki.gov.ru/223fz/complaint/1" xmlns:ns9="http://zakupki.gov.ru/223fz/notificationIssue/1">
    <header>
        <guid>fe14b4f1-3ab8-4f93-abca-a2def613301a</guid>
        <createDateTime>2017-03-15T15:10:06</createDateTime>
    </header>
    <ns2:body>
        <ns2:item>
            <guid>58c9dc78-011e-2672-e100-00000a388ca6</guid>
            <ns2:purchaseNoticeEPData>
                <ns2:guid>58c9dc78-011e-2672-e100-00000a388ca6</ns2:guid>
                <ns2:createDateTime>2017-03-15T15:08:55</ns2:createDateTime>
                <ns2:urlOOS>https://zakupki.gov.ru/223/purchase/private/purchase/notice-info/details.html?noticeInfoId=5879383</ns2:urlOOS>
                <ns2:urlVSRZ>https://zakupki.gazprom.ru</ns2:urlVSRZ>
                <ns2:registrationNumber>31704892593</ns2:registrationNumber>
                <ns2:name>Оказание услуг связи</ns2:name>
                <ns2:customer>
                    <mainInfo>
                        <fullName>ОБЩЕСТВО С ОГРАНИЧЕННОЙ ОТВЕТСТВЕННОСТЬЮ "ГАЗПРОМ ГАЗНАДЗОР"</fullName>
                        <shortName>ООО "ГАЗПРОМ ГАЗНАДЗОР"</shortName>
                        <iko>67740000051772901001</iko>
                        <inn>7740000051</inn>
                        <kpp>772701001</kpp>
                        <ogrn>1027700528019</ogrn>
                        <legalAddress>117418, Г МОСКВА, УЛ НОВОЧЕРЁМУШКИНСКАЯ, дом ДОМ 65</legalAddress>
                        <postalAddress>Российская Федерация, 117418, г. Москва, ул. Новочерёмушкинская, д. 65</postalAddress>
                        <phone>7-495-6315242</phone>
                        <email>gaznadzor@gaznadzor.gazprom.ru</email>
                        <okato>45268581000</okato>
                        <okpo>05030626</okpo>
                    </mainInfo>
                </ns2:customer>
                <ns2:purchaseMethodCode>3363</ns2:purchaseMethodCode>
                <ns2:purchaseCodeName>Закупка у единственного поставщика (исполнителя, подрядчика)</ns2:purchaseCodeName>
                <ns2:placer>
                    <mainInfo>
                        <fullName>ОБЩЕСТВО С ОГРАНИЧЕННОЙ ОТВЕТСТВЕННОСТЬЮ "ГАЗПРОМ ГАЗНАДЗОР"</fullName>
                        <shortName>ООО "ГАЗПРОМ ГАЗНАДЗОР"</shortName>
                        <iko>67740000051772901001</iko>
                        <inn>7740000051</inn>
                        <kpp>772701001</kpp>
                        <ogrn>1027700528019</ogrn>
                        <legalAddress>117418, Г МОСКВА, УЛ НОВОЧЕРЁМУШКИНСКАЯ, дом ДОМ 65</legalAddress>
                        <postalAddress>Российская Федерация, 117418, г. Москва, ул. Новочерёмушкинская, д. 65</postalAddress>
                        <phone>7-495-6315242</phone>
                        <email>gaznadzor@gaznadzor.gazprom.ru</email>
                        <okato>45268581000</okato>
                        <okpo>05030626</okpo>
                    </mainInfo>
                </ns2:placer>
                <ns2:contact>
                    <firstName>Линара</firstName>
                    <middleName>Рамильевна</middleName>
                    <lastName>Нургалиева</lastName>
                    <phone>+7 (495) 3559842</phone>
                    <email>nurgalieva@gaznadzor.gazprom.ru</email>
                    <organization>
                        <mainInfo>
                            <fullName>ОБЩЕСТВО С ОГРАНИЧЕННОЙ ОТВЕТСТВЕННОСТЬЮ "ГАЗПРОМ ГАЗНАДЗОР"</fullName>
                            <shortName>ООО "ГАЗПРОМ ГАЗНАДЗОР"</shortName>
                            <iko>67740000051772901001</iko>
                            <inn>7740000051</inn>
                            <kpp>772701001</kpp>
                            <ogrn>1027700528019</ogrn>
                            <legalAddress>117418, Г МОСКВА, УЛ НОВОЧЕРЁМУШКИНСКАЯ, дом ДОМ 65</legalAddress>
                            <postalAddress>Российская Федерация, 117418, г. Москва, ул. Новочерёмушкинская, д. 65</postalAddress>
                            <phone>7-495-6315242</phone>
                            <email>gaznadzor@gaznadzor.gazprom.ru</email>
                            <okato>45268581000</okato>
                            <okpo>05030626</okpo>
                        </mainInfo>
                    </organization>
                </ns2:contact>
                <ns2:publicationDateTime>2017-03-15T15:10:06</ns2:publicationDateTime>
                <ns2:documentationDelivery/>
                <ns2:status>P</ns2:status>
                <ns2:version>1</ns2:version>
                <ns2:notDishonest>false</ns2:notDishonest>
                <ns2:attachments>
                    <totalDocumentsCount>2</totalDocumentsCount>
                    <document>
                        <guid>58c9890e-17d4-7972-e100-00000a388ca6</guid>
                        <createDateTime>2017-03-15T15:08:55</createDateTime>
                        <fileName>Документация.docx</fileName>
                        <description>Документация.docx</description>
                        <url>http://zakupki.gov.ru/223/purchase/public/download/download.html?id=30078036</url>
                    </document>
                    <document>
                        <guid>58c9890f-17d4-7972-e100-00000a388ca6</guid>
                        <createDateTime>2017-03-15T15:08:55</createDateTime>
                        <fileName>Проект договора.doc</fileName>
                        <description>Проект договора.doc</description>
                        <url>http://zakupki.gov.ru/223/purchase/public/download/download.html?id=30078037</url>
                    </document>
                </ns2:attachments>
                <ns2:modificationDate>2017-03-15T15:10:06</ns2:modificationDate>
                <ns2:saveUserId>207394</ns2:saveUserId>
                <ns2:deliveryPlaceIndication>DIFFERENT_PLACE</ns2:deliveryPlaceIndication>
                <ns2:emergency>false</ns2:emergency>
                <ns2:jointPurchase>false</ns2:jointPurchase>
                <ns2:lots>
                    <lot>
                        <guid>58c79e24-e6cd-147b-e100-00000a388ca6</guid>
                        <ordinalNumber>1</ordinalNumber>
                        <lotEditEnabled>true</lotEditEnabled>
                        <lotData>
                            <subject>Оказание услуг связи</subject>
                            <currency>
                                <code>RUB</code>
                                <digitalCode>643</digitalCode>
                                <name>Российский рубль</name>
                            </currency>
                            <initialSum>267624.00</initialSum>
                            <deliveryPlace>
                                <address>Согласно закупочной документации</address>
                            </deliveryPlace>
                            <lotItems>
                                <newCodes>true</newCodes>
                                <lotItem>
                                    <guid>58c9890d-17d4-7972-e100-00000a388ca6</guid>
                                    <ordinalNumber>1</ordinalNumber>
                                    <okpd2>
                                        <code>61.10.11</code>
                                        <name>Услуги фиксированной телефонной связи - предоставление доступа и телефонные соединения</name>
                                    </okpd2>
                                    <okved2>
                                        <code>61.10</code>
                                        <name>Деятельность в области связи на базе проводных технологий</name>
                                    </okved2>
                                    <okei>
                                        <code>876</code>
                                        <name>Условная единица</name>
                                    </okei>
                                    <qty>1</qty>
                                </lotItem>
                            </lotItems>
                            <forSmallOrMiddle>false</forSmallOrMiddle>
                            <excludePurchaseFromPlan>false</excludePurchaseFromPlan>
                            <subcontractorsRequirement>false</subcontractorsRequirement>
                            <ignoredPurchase>false</ignoredPurchase>
                            <centralized>false</centralized>
                        </lotData>
                        <deliveryPlaceIndication>GL</deliveryPlaceIndication>
                        <jointLotData>
                            <jointLot>false</jointLot>
                        </jointLotData>
                        <lotPlanInfo>
                            <planRegistrationNumber>2160218485</planRegistrationNumber>
                            <planGuid>58c8c4d2-ec5d-b622-e100-00000a388ca6</planGuid>
                            <positionNumber>57</positionNumber>
                            <lotPlanPosition>COMMODITY</lotPlanPosition>
                            <positionGuid>58c789f8-dfe3-ef46-e100-00000a388ca6</positionGuid>
                        </lotPlanInfo>
                        <cancelled>false</cancelled>
                    </lot>
                </ns2:lots>
            </ns2:purchaseNoticeEPData>
        </ns2:item>
    </ns2:body>
</ns2:purchaseNoticeEP>
