<?xml version="1.0" encoding="UTF-8" standalone="yes"?>
<ns2:purchaseNoticeEP xsi:schemaLocation="http://zakupki.gov.ru/223/integration/schema/TFF-5.2 http://zakupki.gov.ru/223/integration/schema/TFF-5.2/purchase.xsd" xmlns="http://zakupki.gov.ru/223fz/types/1" xmlns:ns10="http://zakupki.gov.ru/223fz/purchasePlan/1" xmlns:ns11="http://zakupki.gov.ru/223fz/purchasePlanProject/1" xmlns:ns12="http://zakupki.gov.ru/223fz/purchasePlanProjectAdditionalPosition/1" xmlns:ns13="http://zakupki.gov.ru/223fz/contract/1" xmlns:ns14="http://zakupki.gov.ru/223fz/missedNotice/1" xmlns:ns15="http://zakupki.gov.ru/223fz/reference/1" xmlns:ns16="http://zakupki.gov.ru/223fz/stopCommodity/1" xmlns:ns17="http://zakupki.gov.ru/223fz/decisionSuspension/1" xmlns:ns18="http://zakupki.gov.ru/223fz/purchasePlanAdditionalPosition/1" xmlns:ns19="http://zakupki.gov.ru/223fz/webRequest/1" xmlns:ns2="http://zakupki.gov.ru/223fz/purchase/1" xmlns:xsi="http://www.w3.org/2001/XMLSchema-instance" xmlns:ns3="http://zakupki.gov.ru/223fz/dishonestSupplier/1" xmlns:ns4="http://zakupki.gov.ru/223fz/machineryListInfo/1" xmlns:ns5="http://zakupki.gov.ru/223fz/revenue/1" xmlns:ns6="http://zakupki.gov.ru/223fz/orderClauseList/1" xmlns:ns7="http://zakupki.gov.ru/223fz/disagreementProtocol/1" xmlns:ns8="http://zakupki.gov.ru/223fz/complaint/1" xmlns:ns9="http://zakupki.gov.ru/223fz/notificationIssue/1">
    <header>
        <guid>1cc80bc8-8039-4f2e-bd54-6ecf26e98679</guid>
        <createDateTime>2017-03-15T17:02:08</createDateTime>
    </header>
    <ns2:body>
        <ns2:item>
            <guid>33c625e8-bdd0-4813-931a-66ed34db0e95</guid>
            <ns2:purchaseNoticeEPData>
                <ns2:guid>33c625e8-bdd0-4813-931a-66ed34db0e95</ns2:guid>
                <ns2:createDateTime>2017-03-15T16:57:00</ns2:createDateTime>
                <ns2:urlOOS>https://zakupki.gov.ru/223/purchase/private/purchase/notice-info/details.html?noticeInfoId=5880634</ns2:urlOOS>
                <ns2:registrationNumber>31704893739</ns2:registrationNumber>
                <ns2:name>Выполнение работ по изготовлению вывесок «режим работы» и стрелок указателей.</ns2:name>
                <ns2:customer>
                    <mainInfo>
                        <fullName>ГОСУДАРСТВЕННОЕ БЮДЖЕТНОЕ УЧРЕЖДЕНИЕ ГОРОДА МОСКВЫ "РИТУАЛ"</fullName>
                        <shortName>ГБУ "РИТУАЛ"</shortName>
                        <iko>57743096224774301001</iko>
                        <inn>7743096224</inn>
                        <kpp>774301001</kpp>
                        <ogrn>1157746320555</ogrn>
                        <legalAddress>125057, г МОСКВА, ул ПЕСЧАНАЯ, дом 3</legalAddress>
                        <postalAddress>125057, г. Москва, ул. Песчаная, д.3</postalAddress>
                        <phone>7-495-6073676</phone>
                        <email>p.solodilov@mosritual.ru</email>
                        <okato>45277589000</okato>
                        <okpo>03044179</okpo>
                    </mainInfo>
                </ns2:customer>
                <ns2:purchaseMethodCode>3363</ns2:purchaseMethodCode>
                <ns2:purchaseCodeName>Закупка у единственного поставщика (исполнителя, подрядчика)</ns2:purchaseCodeName>
                <ns2:placer>
                    <mainInfo>
                        <fullName>ГОСУДАРСТВЕННОЕ БЮДЖЕТНОЕ УЧРЕЖДЕНИЕ ГОРОДА МОСКВЫ "РИТУАЛ"</fullName>
                        <shortName>ГБУ "РИТУАЛ"</shortName>
                        <iko>57743096224774301001</iko>
                        <inn>7743096224</inn>
                        <kpp>774301001</kpp>
                        <ogrn>1157746320555</ogrn>
                        <legalAddress>125057, г МОСКВА, ул ПЕСЧАНАЯ, дом 3</legalAddress>
                        <postalAddress>125057, г. Москва, ул. Песчаная, д.3</postalAddress>
                        <phone>7-495-6073676</phone>
                        <email>p.solodilov@mosritual.ru</email>
                        <okato>45277589000</okato>
                        <okpo>03044179</okpo>
                    </mainInfo>
                </ns2:placer>
                <ns2:contact>
                    <phone>+7 (495) 6074812</phone>
                    <email>s.pinchuk@mosritual.ru</email>
                    <organization>
                        <mainInfo>
                            <fullName>ГОСУДАРСТВЕННОЕ БЮДЖЕТНОЕ УЧРЕЖДЕНИЕ ГОРОДА МОСКВЫ "РИТУАЛ"</fullName>
                            <shortName>ГБУ "РИТУАЛ"</shortName>
                            <iko>57743096224774301001</iko>
                            <inn>7743096224</inn>
                            <kpp>774301001</kpp>
                            <ogrn>1157746320555</ogrn>
                            <legalAddress>125057, г МОСКВА, ул ПЕСЧАНАЯ, дом 3</legalAddress>
                            <postalAddress>125057, г. Москва, ул. Песчаная, д.3</postalAddress>
                            <phone>7-495-6073676</phone>
                            <email>p.solodilov@mosritual.ru</email>
                            <okato>45277589000</okato>
                            <okpo>03044179</okpo>
                        </mainInfo>
                    </organization>
                </ns2:contact>
                <ns2:publicationDateTime>2017-03-15T17:02:08</ns2:publicationDateTime>
                <ns2:documentationDelivery/>
                <ns2:status>P</ns2:status>
                <ns2:version>1</ns2:version>
                <ns2:notDishonest>false</ns2:notDishonest>
                <ns2:attachments>
                    <totalDocumentsCount>2</totalDocumentsCount>
                    <document>
                        <guid>e0f28d58-5ad6-47c9-805e-8639bb499791</guid>
                        <createDateTime>2017-03-15T17:01:40</createDateTime>
                        <fileName>ДОГОВОР на изготовление указателей.doc</fileName>
                        <description>ДОГОВОР на изготовление указателей</description>
                        <url>http://zakupki.gov.ru/223/purchase/public/download/download.html?id=30084003</url>
                    </document>
                    <document>
                        <guid>83327169-7111-44fe-be71-a70b1903d2ba</guid>
                        <createDateTime>2017-03-15T17:01:46</createDateTime>
                        <fileName>Извещение.docx</fileName>
                        <description>Извещение</description>
                        <url>http://zakupki.gov.ru/223/purchase/public/download/download.html?id=30084010</url>
                    </document>
                </ns2:attachments>
                <ns2:modificationDate>2017-03-15T17:02:08</ns2:modificationDate>
                <ns2:saveUserId>221389</ns2:saveUserId>
                <ns2:deliveryPlaceIndication>DIFFERENT_PLACE</ns2:deliveryPlaceIndication>
                <ns2:emergency>false</ns2:emergency>
                <ns2:jointPurchase>false</ns2:jointPurchase>
                <ns2:lots>
                    <lot>
                        <guid>7810fd2a-b73f-4377-bc39-a7a0227d0be6</guid>
                        <ordinalNumber>1</ordinalNumber>
                        <lotEditEnabled>false</lotEditEnabled>
                        <lotData>
                            <subject>Выполнение работ по изготовлению вывесок «режим работы» и стрелок указателей.</subject>
                            <currency>
                                <code>RUB</code>
                                <digitalCode>643</digitalCode>
                                <name>Российский рубль</name>
                            </currency>
                            <initialSum>197600.00</initialSum>
                            <deliveryPlace>
                                <state>Центральный федеральный округ</state>
                                <region>Москва</region>
                                <regionOkato>45000000000</regionOkato>
                                <address>г. Москва, Савеловский проезд, дом 10.</address>
                            </deliveryPlace>
                            <lotItems>
                                <newCodes>true</newCodes>
                                <lotItem>
                                    <guid>3205fcbb-5b49-4120-8487-28ba983dd1ab</guid>
                                    <ordinalNumber>1</ordinalNumber>
                                    <okpd2>
                                        <code>25.99.2</code>
                                        <name>Изделия металлические прочие</name>
                                    </okpd2>
                                    <okved2>
                                        <code>25.99</code>
                                        <name>Производство прочих готовых металлических изделий, не включенных в другие группировки</name>
                                    </okved2>
                                    <okei>
                                        <code>876</code>
                                        <name>Условная единица</name>
                                    </okei>
                                    <qty>1</qty>
                                </lotItem>
                            </lotItems>
                            <forSmallOrMiddle>false</forSmallOrMiddle>
                            <excludePurchaseFromPlan>false</excludePurchaseFromPlan>
                            <subcontractorsRequirement>false</subcontractorsRequirement>
                            <ignoredPurchase>false</ignoredPurchase>
                            <centralized>false</centralized>
                        </lotData>
                        <deliveryPlaceIndication>GL</deliveryPlaceIndication>
                        <jointLotData>
                            <jointLot>false</jointLot>
                        </jointLotData>
                        <lotPlanInfo>
                            <planRegistrationNumber>2160218067</planRegistrationNumber>
                            <planGuid>a599104e-671b-4610-a353-f4f8a757eaf9</planGuid>
                            <positionNumber>107</positionNumber>
                            <lotPlanPosition>COMMODITY</lotPlanPosition>
                            <positionGuid>634c9923-cc46-4566-b589-dd0f6acba581</positionGuid>
                        </lotPlanInfo>
                        <cancelled>false</cancelled>
                    </lot>
                </ns2:lots>
            </ns2:purchaseNoticeEPData>
        </ns2:item>
    </ns2:body>
</ns2:purchaseNoticeEP>
