<?xml version="1.0" encoding="UTF-8" standalone="yes"?>
<ns2:purchaseNoticeEP xsi:schemaLocation="http://zakupki.gov.ru/223/integration/schema/TFF-5.2 http://zakupki.gov.ru/223/integration/schema/TFF-5.2/purchase.xsd" xmlns="http://zakupki.gov.ru/223fz/types/1" xmlns:ns10="http://zakupki.gov.ru/223fz/purchasePlan/1" xmlns:ns11="http://zakupki.gov.ru/223fz/purchasePlanProject/1" xmlns:ns12="http://zakupki.gov.ru/223fz/purchasePlanProjectAdditionalPosition/1" xmlns:ns13="http://zakupki.gov.ru/223fz/contract/1" xmlns:ns14="http://zakupki.gov.ru/223fz/missedNotice/1" xmlns:ns15="http://zakupki.gov.ru/223fz/reference/1" xmlns:ns16="http://zakupki.gov.ru/223fz/stopCommodity/1" xmlns:ns17="http://zakupki.gov.ru/223fz/decisionSuspension/1" xmlns:ns18="http://zakupki.gov.ru/223fz/purchasePlanAdditionalPosition/1" xmlns:ns19="http://zakupki.gov.ru/223fz/webRequest/1" xmlns:ns2="http://zakupki.gov.ru/223fz/purchase/1" xmlns:xsi="http://www.w3.org/2001/XMLSchema-instance" xmlns:ns3="http://zakupki.gov.ru/223fz/dishonestSupplier/1" xmlns:ns4="http://zakupki.gov.ru/223fz/machineryListInfo/1" xmlns:ns5="http://zakupki.gov.ru/223fz/revenue/1" xmlns:ns6="http://zakupki.gov.ru/223fz/orderClauseList/1" xmlns:ns7="http://zakupki.gov.ru/223fz/disagreementProtocol/1" xmlns:ns8="http://zakupki.gov.ru/223fz/complaint/1" xmlns:ns9="http://zakupki.gov.ru/223fz/notificationIssue/1">
    <header>
        <guid>0734d5c2-1a9a-4254-ad84-07e14b7e268d</guid>
        <createDateTime>2017-03-15T17:32:45</createDateTime>
    </header>
    <ns2:body>
        <ns2:item>
            <guid>b0c2d7b2-8322-4e56-b78a-5301a82faa84</guid>
            <ns2:purchaseNoticeEPData>
                <ns2:guid>b0c2d7b2-8322-4e56-b78a-5301a82faa84</ns2:guid>
                <ns2:createDateTime>2017-03-15T17:27:09</ns2:createDateTime>
                <ns2:urlOOS>https://zakupki.gov.ru/223/purchase/private/purchase/notice-info/details.html?noticeInfoId=5880907</ns2:urlOOS>
                <ns2:registrationNumber>31704893955</ns2:registrationNumber>
                <ns2:name>Поставка метизов</ns2:name>
                <ns2:customer>
                    <mainInfo>
                        <fullName>Общество с ограниченной ответственностью "Алмаз-Антей Телекоммуникации"</fullName>
                        <shortName>ООО "ААТ"</shortName>
                        <iko>57701324782770101001</iko>
                        <inn>7701324782</inn>
                        <kpp>770101001</kpp>
                        <ogrn>1037701007618</ogrn>
                        <legalAddress>105082, Москва, Почтовая Б., дом 22, корпус стр.7</legalAddress>
                        <postalAddress>105082, г. Москва, ул. Большая Почтовая, д. 55/59</postalAddress>
                        <phone>7-495-7460110</phone>
                        <fax>7-495-7460110</fax>
                        <email>77010ic@host7.taxcom.ru</email>
                        <okato>45286555000</okato>
                        <okpo>13565784</okpo>
                    </mainInfo>
                </ns2:customer>
                <ns2:purchaseMethodCode>3363</ns2:purchaseMethodCode>
                <ns2:purchaseCodeName>Закупка у единственного поставщика (исполнителя, подрядчика)</ns2:purchaseCodeName>
                <ns2:placer>
                    <mainInfo>
                        <fullName>Общество с ограниченной ответственностью "Алмаз-Антей Телекоммуникации"</fullName>
                        <shortName>ООО "ААТ"</shortName>
                        <iko>57701324782770101001</iko>
                        <inn>7701324782</inn>
                        <kpp>770101001</kpp>
                        <ogrn>1037701007618</ogrn>
                        <legalAddress>105082, Москва, Почтовая Б., дом 22, корпус стр.7</legalAddress>
                        <postalAddress>105082, г. Москва, ул. Большая Почтовая, д. 55/59</postalAddress>
                        <phone>7-495-7460110</phone>
                        <fax>7-495-7460110</fax>
                        <email>77010ic@host7.taxcom.ru</email>
                        <okato>45286555000</okato>
                        <okpo>13565784</okpo>
                    </mainInfo>
                </ns2:placer>
                <ns2:contact>
                    <phone>+7 (495) 7460110</phone>
                    <email>tender@a-at.ru</email>
                    <organization>
                        <mainInfo>
                            <fullName>Общество с ограниченной ответственностью "Алмаз-Антей Телекоммуникации"</fullName>
                            <shortName>ООО "ААТ"</shortName>
                            <iko>57701324782770101001</iko>
                            <inn>7701324782</inn>
                            <kpp>770101001</kpp>
                            <ogrn>1037701007618</ogrn>
                            <legalAddress>105082, Москва, Почтовая Б., дом 22, корпус стр.7</legalAddress>
                            <postalAddress>105082, г. Москва, ул. Большая Почтовая, д. 55/59</postalAddress>
                            <phone>7-495-7460110</phone>
                            <fax>7-495-7460110</fax>
                            <email>77010ic@host7.taxcom.ru</email>
                            <okato>45286555000</okato>
                            <okpo>13565784</okpo>
                        </mainInfo>
                    </organization>
                </ns2:contact>
                <ns2:publicationDateTime>2017-03-15T17:32:45</ns2:publicationDateTime>
                <ns2:documentationDelivery/>
                <ns2:status>P</ns2:status>
                <ns2:version>1</ns2:version>
                <ns2:notDishonest>true</ns2:notDishonest>
                <ns2:attachments>
                    <totalDocumentsCount>1</totalDocumentsCount>
                    <document>
                        <guid>d7eb5978-07b5-4732-bed7-f9ec1857f6a1</guid>
                        <createDateTime>2017-03-15T17:29:16</createDateTime>
                        <fileName>Izveschenie_o_zakupke_u_edinstvennogo_postavschika_083.pdf</fileName>
                        <description>Izveschenie_o_zakupke_u_edinstvennogo_postavschika_083</description>
                        <url>http://zakupki.gov.ru/223/purchase/public/download/download.html?id=30085054</url>
                    </document>
                </ns2:attachments>
                <ns2:modificationDate>2017-03-15T17:32:45</ns2:modificationDate>
                <ns2:saveUserId>34895</ns2:saveUserId>
                <ns2:deliveryPlaceIndication>DIFFERENT_PLACE</ns2:deliveryPlaceIndication>
                <ns2:emergency>false</ns2:emergency>
                <ns2:jointPurchase>false</ns2:jointPurchase>
                <ns2:lots>
                    <lot>
                        <guid>0eff07ee-2535-4d5e-a803-169702950519</guid>
                        <ordinalNumber>1</ordinalNumber>
                        <lotEditEnabled>false</lotEditEnabled>
                        <lotData>
                            <subject>Поставка крепежных изделий (метизов)</subject>
                            <currency>
                                <code>RUB</code>
                                <digitalCode>643</digitalCode>
                                <name>Российский рубль</name>
                            </currency>
                            <initialSum>2678.60</initialSum>
                            <deliveryPlace>
                                <state>Центральный федеральный округ</state>
                                <region>Московская   обл</region>
                                <regionOkato>46000000000</regionOkato>
                                <address>141006, Московская область, г. Мытищи, пер. Рупасовский 2-й, д. 6а</address>
                            </deliveryPlace>
                            <lotItems>
                                <newCodes>true</newCodes>
                                <lotItem>
                                    <guid>50daeaf1-137d-478b-b342-66a54dd5bce7</guid>
                                    <ordinalNumber>1</ordinalNumber>
                                    <okpd2>
                                        <code>25.94.1</code>
                                        <name>Изделия крепежные и винты крепежные</name>
                                    </okpd2>
                                    <okved2>
                                        <code>25.94</code>
                                        <name>Производство крепежных изделий</name>
                                    </okved2>
                                </lotItem>
                            </lotItems>
                            <forSmallOrMiddle>true</forSmallOrMiddle>
                            <excludePurchaseFromPlan>false</excludePurchaseFromPlan>
                            <subcontractorsRequirement>false</subcontractorsRequirement>
                            <ignoredPurchase>false</ignoredPurchase>
                            <centralized>false</centralized>
                        </lotData>
                        <deliveryPlaceIndication>GL</deliveryPlaceIndication>
                        <jointLotData>
                            <jointLot>false</jointLot>
                        </jointLotData>
                        <lotPlanInfo>
                            <planRegistrationNumber>2170222443</planRegistrationNumber>
                            <planGuid>0bb2047f-9acb-4847-96b1-8e5be0438fed</planGuid>
                            <positionNumber>372</positionNumber>
                            <lotPlanPosition>COMMODITY</lotPlanPosition>
                            <positionGuid>2bcfa036-5129-4cc4-961d-abbc7317a5e0</positionGuid>
                        </lotPlanInfo>
                        <cancelled>false</cancelled>
                    </lot>
                </ns2:lots>
            </ns2:purchaseNoticeEPData>
        </ns2:item>
    </ns2:body>
</ns2:purchaseNoticeEP>
