<?xml version="1.0" encoding="UTF-8" standalone="yes"?>
<ns2:purchaseNoticeEP xsi:schemaLocation="http://zakupki.gov.ru/223/integration/schema/TFF-5.2 http://zakupki.gov.ru/223/integration/schema/TFF-5.2/purchase.xsd" xmlns="http://zakupki.gov.ru/223fz/types/1" xmlns:ns10="http://zakupki.gov.ru/223fz/purchasePlan/1" xmlns:ns11="http://zakupki.gov.ru/223fz/purchasePlanProject/1" xmlns:ns12="http://zakupki.gov.ru/223fz/purchasePlanProjectAdditionalPosition/1" xmlns:ns13="http://zakupki.gov.ru/223fz/contract/1" xmlns:ns14="http://zakupki.gov.ru/223fz/missedNotice/1" xmlns:ns15="http://zakupki.gov.ru/223fz/reference/1" xmlns:ns16="http://zakupki.gov.ru/223fz/stopCommodity/1" xmlns:ns17="http://zakupki.gov.ru/223fz/decisionSuspension/1" xmlns:ns18="http://zakupki.gov.ru/223fz/purchasePlanAdditionalPosition/1" xmlns:ns19="http://zakupki.gov.ru/223fz/webRequest/1" xmlns:ns2="http://zakupki.gov.ru/223fz/purchase/1" xmlns:xsi="http://www.w3.org/2001/XMLSchema-instance" xmlns:ns3="http://zakupki.gov.ru/223fz/dishonestSupplier/1" xmlns:ns4="http://zakupki.gov.ru/223fz/machineryListInfo/1" xmlns:ns5="http://zakupki.gov.ru/223fz/revenue/1" xmlns:ns6="http://zakupki.gov.ru/223fz/orderClauseList/1" xmlns:ns7="http://zakupki.gov.ru/223fz/disagreementProtocol/1" xmlns:ns8="http://zakupki.gov.ru/223fz/complaint/1" xmlns:ns9="http://zakupki.gov.ru/223fz/notificationIssue/1">
    <header>
        <guid>7e4bf911-100e-42a4-b796-0d4453b3103d</guid>
        <createDateTime>2017-03-15T15:59:33</createDateTime>
    </header>
    <ns2:body>
        <ns2:item>
            <guid>64b6bc71-452c-4476-af8a-0a38e4c32c00</guid>
            <ns2:purchaseNoticeEPData>
                <ns2:guid>64b6bc71-452c-4476-af8a-0a38e4c32c00</ns2:guid>
                <ns2:createDateTime>2017-03-15T15:57:45</ns2:createDateTime>
                <ns2:urlOOS>https://zakupki.gov.ru/223/purchase/private/purchase/notice-info/details.html?noticeInfoId=5880023</ns2:urlOOS>
                <ns2:registrationNumber>31704893175</ns2:registrationNumber>
                <ns2:name>Поставка бумаги</ns2:name>
                <ns2:customer>
                    <mainInfo>
                        <fullName>ФЕДЕРАЛЬНОЕ ГОСУДАРСТВЕННОЕ БЮДЖЕТНОЕ ОБРАЗОВАТЕЛЬНОЕ УЧРЕЖДЕНИЕ ВЫСШЕГО ОБРАЗОВАНИЯ "МОСКОВСКИЙ ТЕХНОЛОГИЧЕСКИЙ УНИВЕРСИТЕТ"</fullName>
                        <shortName>МИРЭА</shortName>
                        <iko>87729040491772901001</iko>
                        <inn>7729040491</inn>
                        <kpp>772901001</kpp>
                        <ogrn>1037739552740</ogrn>
                        <legalAddress>119454, г МОСКВА, пр-кт ВЕРНАДСКОГО, дом 78</legalAddress>
                        <postalAddress>119454, г. Москва, пр-кт Вернадского, д. 78</postalAddress>
                        <phone>84992156565</phone>
                        <fax>84992156565</fax>
                        <email>mirea@mirea.ru</email>
                        <okato>45268592000</okato>
                        <okpo>02068717</okpo>
                    </mainInfo>
                </ns2:customer>
                <ns2:purchaseMethodCode>3363</ns2:purchaseMethodCode>
                <ns2:purchaseCodeName>Закупка у единственного поставщика (исполнителя, подрядчика)</ns2:purchaseCodeName>
                <ns2:placer>
                    <mainInfo>
                        <fullName>ФЕДЕРАЛЬНОЕ ГОСУДАРСТВЕННОЕ БЮДЖЕТНОЕ ОБРАЗОВАТЕЛЬНОЕ УЧРЕЖДЕНИЕ ВЫСШЕГО ОБРАЗОВАНИЯ "МОСКОВСКИЙ ТЕХНОЛОГИЧЕСКИЙ УНИВЕРСИТЕТ"</fullName>
                        <shortName>МИРЭА</shortName>
                        <iko>87729040491772901001</iko>
                        <inn>7729040491</inn>
                        <kpp>772901001</kpp>
                        <ogrn>1037739552740</ogrn>
                        <legalAddress>119454, г МОСКВА, пр-кт ВЕРНАДСКОГО, дом 78</legalAddress>
                        <postalAddress>119454, г. Москва, пр-кт Вернадского, д. 78</postalAddress>
                        <phone>84992156565</phone>
                        <fax>84992156565</fax>
                        <email>mirea@mirea.ru</email>
                        <okato>45268592000</okato>
                        <okpo>02068717</okpo>
                    </mainInfo>
                </ns2:placer>
                <ns2:contact>
                    <phone>+7 (499) 2156565, доб.: 5161</phone>
                    <email>tenderkom@mirea.ru</email>
                    <organization>
                        <mainInfo>
                            <fullName>ФЕДЕРАЛЬНОЕ ГОСУДАРСТВЕННОЕ БЮДЖЕТНОЕ ОБРАЗОВАТЕЛЬНОЕ УЧРЕЖДЕНИЕ ВЫСШЕГО ОБРАЗОВАНИЯ "МОСКОВСКИЙ ТЕХНОЛОГИЧЕСКИЙ УНИВЕРСИТЕТ"</fullName>
                            <shortName>МИРЭА</shortName>
                            <iko>87729040491772901001</iko>
                            <inn>7729040491</inn>
                            <kpp>772901001</kpp>
                            <ogrn>1037739552740</ogrn>
                            <legalAddress>119454, г МОСКВА, пр-кт ВЕРНАДСКОГО, дом 78</legalAddress>
                            <postalAddress>119454, г. Москва, пр-кт Вернадского, д. 78</postalAddress>
                            <phone>84992156565</phone>
                            <fax>84992156565</fax>
                            <email>mirea@mirea.ru</email>
                            <okato>45268592000</okato>
                            <okpo>02068717</okpo>
                        </mainInfo>
                    </organization>
                </ns2:contact>
                <ns2:publicationDateTime>2017-03-15T15:59:33</ns2:publicationDateTime>
                <ns2:documentationDelivery/>
                <ns2:status>P</ns2:status>
                <ns2:version>1</ns2:version>
                <ns2:notDishonest>true</ns2:notDishonest>
                <ns2:attachments>
                    <totalDocumentsCount>1</totalDocumentsCount>
                    <document>
                        <guid>c0d7815f-f34f-4b7d-a284-7cb3725a1c8e</guid>
                        <createDateTime>2017-03-15T15:59:08</createDateTime>
                        <fileName>Scan.pdf</fileName>
                        <description>Scan</description>
                        <url>http://zakupki.gov.ru/223/purchase/public/download/download.html?id=30080964</url>
                    </document>
                </ns2:attachments>
                <ns2:modificationDate>2017-03-15T15:59:33</ns2:modificationDate>
                <ns2:saveUserId>88205</ns2:saveUserId>
                <ns2:deliveryPlaceIndication>DIFFERENT_PLACE</ns2:deliveryPlaceIndication>
                <ns2:emergency>false</ns2:emergency>
                <ns2:jointPurchase>false</ns2:jointPurchase>
                <ns2:lots>
                    <lot>
                        <guid>5cf218c8-c9aa-4c7a-a587-37143b3a9997</guid>
                        <ordinalNumber>1</ordinalNumber>
                        <lotEditEnabled>false</lotEditEnabled>
                        <lotData>
                            <subject>Поставка бумаги</subject>
                            <currency>
                                <code>RUB</code>
                                <digitalCode>643</digitalCode>
                                <name>Российский рубль</name>
                            </currency>
                            <initialSum>359740.00</initialSum>
                            <deliveryPlace>
                                <state>Центральный федеральный округ</state>
                                <region>Москва</region>
                                <regionOkato>45000000000</regionOkato>
                                <address>г.Москва, пр-кт Вернадского, д.78</address>
                            </deliveryPlace>
                            <lotItems>
                                <newCodes>true</newCodes>
                                <lotItem>
                                    <guid>43e97adb-dffd-4117-9180-ef0a9c5b88d0</guid>
                                    <ordinalNumber>1</ordinalNumber>
                                    <okpd2>
                                        <code>17.23.14.110</code>
                                        <name>Бумага прочая, используемая для письма или печати или прочих графических целей, тисненая, гофрированная или перфорированная</name>
                                    </okpd2>
                                    <okved2>
                                        <code>17.23</code>
                                        <name>Производство бумажных канцелярских принадлежностей</name>
                                    </okved2>
                                    <okei>
                                        <code>778</code>
                                        <name>Упаковка</name>
                                    </okei>
                                    <qty>380</qty>
                                </lotItem>
                            </lotItems>
                            <forSmallOrMiddle>false</forSmallOrMiddle>
                            <excludePurchaseFromPlan>false</excludePurchaseFromPlan>
                            <subcontractorsRequirement>false</subcontractorsRequirement>
                            <ignoredPurchase>false</ignoredPurchase>
                            <centralized>false</centralized>
                        </lotData>
                        <deliveryPlaceIndication>GL</deliveryPlaceIndication>
                        <jointLotData>
                            <jointLot>false</jointLot>
                        </jointLotData>
                        <lotPlanInfo>
                            <planRegistrationNumber>2160207257</planRegistrationNumber>
                            <planGuid>b91157f4-5b80-4cad-b8f4-cb5488dbcb43</planGuid>
                            <positionNumber>115</positionNumber>
                            <lotPlanPosition>COMMODITY</lotPlanPosition>
                            <positionGuid>60570b62-36cd-417c-8249-73c2a659b6b7</positionGuid>
                        </lotPlanInfo>
                        <cancelled>false</cancelled>
                    </lot>
                </ns2:lots>
            </ns2:purchaseNoticeEPData>
        </ns2:item>
    </ns2:body>
</ns2:purchaseNoticeEP>
