<?xml version="1.0" encoding="UTF-8" standalone="yes"?>
<ns2:purchaseNoticeEP xsi:schemaLocation="http://zakupki.gov.ru/223/integration/schema/TFF-5.2 http://zakupki.gov.ru/223/integration/schema/TFF-5.2/purchase.xsd" xmlns="http://zakupki.gov.ru/223fz/types/1" xmlns:ns10="http://zakupki.gov.ru/223fz/purchasePlan/1" xmlns:ns11="http://zakupki.gov.ru/223fz/purchasePlanProject/1" xmlns:ns12="http://zakupki.gov.ru/223fz/purchasePlanProjectAdditionalPosition/1" xmlns:ns13="http://zakupki.gov.ru/223fz/contract/1" xmlns:ns14="http://zakupki.gov.ru/223fz/missedNotice/1" xmlns:ns15="http://zakupki.gov.ru/223fz/reference/1" xmlns:ns16="http://zakupki.gov.ru/223fz/stopCommodity/1" xmlns:ns17="http://zakupki.gov.ru/223fz/decisionSuspension/1" xmlns:ns18="http://zakupki.gov.ru/223fz/purchasePlanAdditionalPosition/1" xmlns:ns19="http://zakupki.gov.ru/223fz/webRequest/1" xmlns:ns2="http://zakupki.gov.ru/223fz/purchase/1" xmlns:xsi="http://www.w3.org/2001/XMLSchema-instance" xmlns:ns3="http://zakupki.gov.ru/223fz/dishonestSupplier/1" xmlns:ns4="http://zakupki.gov.ru/223fz/machineryListInfo/1" xmlns:ns5="http://zakupki.gov.ru/223fz/revenue/1" xmlns:ns6="http://zakupki.gov.ru/223fz/orderClauseList/1" xmlns:ns7="http://zakupki.gov.ru/223fz/disagreementProtocol/1" xmlns:ns8="http://zakupki.gov.ru/223fz/complaint/1" xmlns:ns9="http://zakupki.gov.ru/223fz/notificationIssue/1">
    <header>
        <guid>8f82ddb4-6f55-4dee-82a4-06a76332b411</guid>
        <createDateTime>2017-03-15T15:13:17</createDateTime>
    </header>
    <ns2:body>
        <ns2:item>
            <guid>f36c70bc-0830-4ceb-99e4-e8a6bf96bf59</guid>
            <ns2:purchaseNoticeEPData>
                <ns2:guid>f36c70bc-0830-4ceb-99e4-e8a6bf96bf59</ns2:guid>
                <ns2:createDateTime>2017-03-15T15:10:48</ns2:createDateTime>
                <ns2:urlOOS>https://zakupki.gov.ru/223/purchase/private/purchase/notice-info/details.html?noticeInfoId=5879409</ns2:urlOOS>
                <ns2:registrationNumber>31704892632</ns2:registrationNumber>
                <ns2:name>Право заключения рамочного договора на оказание услугспецсвязи по доставке отправлений</ns2:name>
                <ns2:customer>
                    <mainInfo>
                        <fullName>АКЦИОНЕРНОЕ ОБЩЕСТВО "ВОЕНТЕЛЕКОМ"</fullName>
                        <shortName>АО "ВОЕНТЕЛЕКОМ"</shortName>
                        <iko>77718766718771801001</iko>
                        <inn>7718766718</inn>
                        <kpp>771801001</kpp>
                        <ogrn>1097746350151</ogrn>
                        <legalAddress>107014, г МОСКВА, ул ОЛЕНЬЯ Б., дом 15А, корпус СТР.1</legalAddress>
                        <postalAddress>107014, дом 15А, строение 1</postalAddress>
                        <phone>7-495-6095005</phone>
                        <fax>7-495-6095152</fax>
                        <email>info@voentelecom.ru</email>
                        <okato>45263591000</okato>
                        <okpo>07627860</okpo>
                    </mainInfo>
                </ns2:customer>
                <ns2:purchaseMethodCode>3363</ns2:purchaseMethodCode>
                <ns2:purchaseCodeName>Закупка у единственного поставщика (исполнителя, подрядчика)</ns2:purchaseCodeName>
                <ns2:placer>
                    <mainInfo>
                        <fullName>АКЦИОНЕРНОЕ ОБЩЕСТВО "ВОЕНТЕЛЕКОМ"</fullName>
                        <shortName>АО "ВОЕНТЕЛЕКОМ"</shortName>
                        <iko>77718766718771801001</iko>
                        <inn>7718766718</inn>
                        <kpp>771801001</kpp>
                        <ogrn>1097746350151</ogrn>
                        <legalAddress>107014, г МОСКВА, ул ОЛЕНЬЯ Б., дом 15А, корпус СТР.1</legalAddress>
                        <postalAddress>107014, дом 15А, строение 1</postalAddress>
                        <phone>7-495-6095005</phone>
                        <fax>7-495-6095152</fax>
                        <email>info@voentelecom.ru</email>
                        <okato>45263591000</okato>
                        <okpo>07627860</okpo>
                    </mainInfo>
                </ns2:placer>
                <ns2:contact>
                    <phone>+7 (495) 6095005</phone>
                    <email>info@voentelecom.ru</email>
                    <organization>
                        <mainInfo>
                            <fullName>АКЦИОНЕРНОЕ ОБЩЕСТВО "ВОЕНТЕЛЕКОМ"</fullName>
                            <shortName>АО "ВОЕНТЕЛЕКОМ"</shortName>
                            <iko>77718766718771801001</iko>
                            <inn>7718766718</inn>
                            <kpp>771801001</kpp>
                            <ogrn>1097746350151</ogrn>
                            <legalAddress>107014, г МОСКВА, ул ОЛЕНЬЯ Б., дом 15А, корпус СТР.1</legalAddress>
                            <postalAddress>107014, дом 15А, строение 1</postalAddress>
                            <phone>7-495-6095005</phone>
                            <fax>7-495-6095152</fax>
                            <email>info@voentelecom.ru</email>
                            <okato>45263591000</okato>
                            <okpo>07627860</okpo>
                        </mainInfo>
                    </organization>
                </ns2:contact>
                <ns2:publicationDateTime>2017-03-15T15:13:17</ns2:publicationDateTime>
                <ns2:documentationDelivery/>
                <ns2:status>P</ns2:status>
                <ns2:version>1</ns2:version>
                <ns2:notDishonest>false</ns2:notDishonest>
                <ns2:attachments>
                    <totalDocumentsCount>3</totalDocumentsCount>
                    <document>
                        <guid>d981aaff-4860-4df0-b611-1f116db4a20e</guid>
                        <createDateTime>2017-03-15T15:12:45</createDateTime>
                        <fileName>КП, отчет к заявке 20873..pdf</fileName>
                        <description>КП, отчет к заявке 20873.</description>
                        <url>http://zakupki.gov.ru/223/purchase/public/download/download.html?id=30078261</url>
                    </document>
                    <document>
                        <guid>2244aafc-86cf-4c69-a027-4c192767129a</guid>
                        <createDateTime>2017-03-15T15:12:51</createDateTime>
                        <fileName>Типовая форма договора на спецсвязь откр №2.docx</fileName>
                        <description>Типовая форма договора на спецсвязь откр №2</description>
                        <url>http://zakupki.gov.ru/223/purchase/public/download/download.html?id=30078266</url>
                    </document>
                    <document>
                        <guid>d1408348-2a5d-43ad-9639-560be12bb13f</guid>
                        <createDateTime>2017-03-15T15:12:37</createDateTime>
                        <fileName>Документация о проведении закупки у единственного поставщика.docx</fileName>
                        <description>Документация о проведении закупки у единственного поставщика</description>
                        <url>http://zakupki.gov.ru/223/purchase/public/download/download.html?id=30078254</url>
                    </document>
                </ns2:attachments>
                <ns2:modificationDate>2017-03-15T15:13:17</ns2:modificationDate>
                <ns2:saveUserId>181427</ns2:saveUserId>
                <ns2:deliveryPlaceIndication>DIFFERENT_PLACE</ns2:deliveryPlaceIndication>
                <ns2:emergency>false</ns2:emergency>
                <ns2:jointPurchase>false</ns2:jointPurchase>
                <ns2:lots>
                    <lot>
                        <guid>092eef7c-3912-41fa-90d7-dadc54c981ed</guid>
                        <ordinalNumber>1</ordinalNumber>
                        <lotEditEnabled>false</lotEditEnabled>
                        <lotData>
                            <subject>Услуги спецсвязи
</subject>
                            <currency>
                                <code>RUB</code>
                                <digitalCode>643</digitalCode>
                                <name>Российский рубль</name>
                            </currency>
                            <initialSum>7764400.00</initialSum>
                            <deliveryPlace>
                                <state>Центральный федеральный округ</state>
                                <region>Москва</region>
                                <regionOkato>45000000000</regionOkato>
                                <address>согласно проекта договора</address>
                            </deliveryPlace>
                            <lotItems>
                                <newCodes>true</newCodes>
                                <lotItem>
                                    <guid>7919d41f-9baf-483c-8a9b-2c5612b7c722</guid>
                                    <ordinalNumber>1</ordinalNumber>
                                    <okpd2>
                                        <code>53</code>
                                        <name>Услуги почтовой связи и услуги курьерские</name>
                                    </okpd2>
                                    <okved2>
                                        <code>53</code>
                                        <name>Деятельность почтовой связи и курьерская деятельность</name>
                                    </okved2>
                                    <okei>
                                        <code>642</code>
                                        <name>Единица</name>
                                    </okei>
                                    <qty>77</qty>
                                </lotItem>
                            </lotItems>
                            <forSmallOrMiddle>false</forSmallOrMiddle>
                            <excludePurchaseFromPlan>false</excludePurchaseFromPlan>
                            <subcontractorsRequirement>false</subcontractorsRequirement>
                            <ignoredPurchase>false</ignoredPurchase>
                            <centralized>false</centralized>
                        </lotData>
                        <deliveryPlaceIndication>GL</deliveryPlaceIndication>
                        <jointLotData>
                            <jointLot>false</jointLot>
                        </jointLotData>
                        <lotPlanInfo>
                            <planRegistrationNumber>2160209218</planRegistrationNumber>
                            <planGuid>2870862b-795c-4416-88e5-e9fe458251c1</planGuid>
                            <positionNumber>198</positionNumber>
                            <lotPlanPosition>COMMODITY</lotPlanPosition>
                            <positionGuid>aa1eeb89-87f1-4b0c-bcbf-fb45f252012e</positionGuid>
                        </lotPlanInfo>
                        <cancelled>false</cancelled>
                    </lot>
                </ns2:lots>
            </ns2:purchaseNoticeEPData>
        </ns2:item>
    </ns2:body>
</ns2:purchaseNoticeEP>
