<?xml version="1.0" encoding="UTF-8" standalone="yes"?>
<ns2:purchaseNoticeEP xsi:schemaLocation="http://zakupki.gov.ru/223/integration/schema/TFF-5.2 http://zakupki.gov.ru/223/integration/schema/TFF-5.2/purchase.xsd" xmlns="http://zakupki.gov.ru/223fz/types/1" xmlns:ns10="http://zakupki.gov.ru/223fz/purchasePlan/1" xmlns:ns11="http://zakupki.gov.ru/223fz/purchasePlanProject/1" xmlns:ns12="http://zakupki.gov.ru/223fz/purchasePlanProjectAdditionalPosition/1" xmlns:ns13="http://zakupki.gov.ru/223fz/contract/1" xmlns:ns14="http://zakupki.gov.ru/223fz/missedNotice/1" xmlns:ns15="http://zakupki.gov.ru/223fz/reference/1" xmlns:ns16="http://zakupki.gov.ru/223fz/stopCommodity/1" xmlns:ns17="http://zakupki.gov.ru/223fz/decisionSuspension/1" xmlns:ns18="http://zakupki.gov.ru/223fz/purchasePlanAdditionalPosition/1" xmlns:ns19="http://zakupki.gov.ru/223fz/webRequest/1" xmlns:ns2="http://zakupki.gov.ru/223fz/purchase/1" xmlns:xsi="http://www.w3.org/2001/XMLSchema-instance" xmlns:ns3="http://zakupki.gov.ru/223fz/dishonestSupplier/1" xmlns:ns4="http://zakupki.gov.ru/223fz/machineryListInfo/1" xmlns:ns5="http://zakupki.gov.ru/223fz/revenue/1" xmlns:ns6="http://zakupki.gov.ru/223fz/orderClauseList/1" xmlns:ns7="http://zakupki.gov.ru/223fz/disagreementProtocol/1" xmlns:ns8="http://zakupki.gov.ru/223fz/complaint/1" xmlns:ns9="http://zakupki.gov.ru/223fz/notificationIssue/1">
    <header>
        <guid>5cc39023-b206-454f-833d-704c057dde4d</guid>
        <createDateTime>2017-03-15T10:25:32</createDateTime>
    </header>
    <ns2:body>
        <ns2:item>
            <guid>3e58ad3b-999e-448e-872d-e05d8daaea41</guid>
            <ns2:purchaseNoticeEPData>
                <ns2:guid>3e58ad3b-999e-448e-872d-e05d8daaea41</ns2:guid>
                <ns2:createDateTime>2017-03-15T14:21:37</ns2:createDateTime>
                <ns2:urlOOS>https://zakupki.gov.ru/223/purchase/private/purchase/notice-info/details.html?noticeInfoId=5876340</ns2:urlOOS>
                <ns2:registrationNumber>31704890212</ns2:registrationNumber>
                <ns2:name>Закупка угля Казачков</ns2:name>
                <ns2:customer>
                    <mainInfo>
                        <fullName>ОБЩЕСТВО С ОГРАНИЧЕННОЙ ОТВЕТСТВЕННОСТЬЮ "ТЕПЛОЭНЕРГОРЕСУРС"</fullName>
                        <shortName>ООО "ТЕПЛОЭНЕРГОРЕСУРС"</shortName>
                        <iko>59715262748771501001</iko>
                        <inn>9715262748</inn>
                        <kpp>771501001</kpp>
                        <ogrn>1167746563984</ogrn>
                        <legalAddress>127273, Г МОСКВА, ПР НОВОВЛАДЫКИНСКИЙ, дом ДОМ 12А, офис (квартира) ПОМЕЩЕНИЕ 21</legalAddress>
                        <postalAddress>Республика Хакассия, г.Черногорск, ул.Кирова 73а</postalAddress>
                        <phone>8(390-31)-6-33-31</phone>
                        <fax>8(390-31)-6-33-31</fax>
                        <email>tarmsk@mail.ru</email>
                        <okato>45280574000</okato>
                        <okpo>03055779</okpo>
                    </mainInfo>
                </ns2:customer>
                <ns2:purchaseMethodCode>3363</ns2:purchaseMethodCode>
                <ns2:purchaseCodeName>Закупка у единственного поставщика (исполнителя, подрядчика)</ns2:purchaseCodeName>
                <ns2:placer>
                    <mainInfo>
                        <fullName>ОБЩЕСТВО С ОГРАНИЧЕННОЙ ОТВЕТСТВЕННОСТЬЮ "ТЕПЛОЭНЕРГОРЕСУРС"</fullName>
                        <shortName>ООО "ТЕПЛОЭНЕРГОРЕСУРС"</shortName>
                        <iko>59715262748771501001</iko>
                        <inn>9715262748</inn>
                        <kpp>771501001</kpp>
                        <ogrn>1167746563984</ogrn>
                        <legalAddress>127273, Г МОСКВА, ПР НОВОВЛАДЫКИНСКИЙ, дом ДОМ 12А, офис (квартира) ПОМЕЩЕНИЕ 21</legalAddress>
                        <postalAddress>Республика Хакассия, г.Черногорск, ул.Кирова 73а</postalAddress>
                        <phone>8(390-31)-6-33-31</phone>
                        <fax>8(390-31)-6-33-31</fax>
                        <email>tarmsk@mail.ru</email>
                        <okato>45280574000</okato>
                        <okpo>03055779</okpo>
                    </mainInfo>
                </ns2:placer>
                <ns2:contact>
                    <firstName>Александр</firstName>
                    <middleName>Владимирович</middleName>
                    <lastName>Левашов</lastName>
                    <phone>+8 (39031) 64778</phone>
                    <fax>+8 (39031) 64787</fax>
                    <email>farmsk@mail.ru</email>
                    <organization>
                        <mainInfo>
                            <fullName>ОБЩЕСТВО С ОГРАНИЧЕННОЙ ОТВЕТСТВЕННОСТЬЮ "ТЕПЛОЭНЕРГОРЕСУРС"</fullName>
                            <shortName>ООО "ТЕПЛОЭНЕРГОРЕСУРС"</shortName>
                            <iko>59715262748771501001</iko>
                            <inn>9715262748</inn>
                            <kpp>771501001</kpp>
                            <ogrn>1167746563984</ogrn>
                            <legalAddress>127273, Г МОСКВА, ПР НОВОВЛАДЫКИНСКИЙ, дом ДОМ 12А, офис (квартира) ПОМЕЩЕНИЕ 21</legalAddress>
                            <postalAddress>Республика Хакассия, г.Черногорск, ул.Кирова 73а</postalAddress>
                            <phone>8(390-31)-6-33-31</phone>
                            <fax>8(390-31)-6-33-31</fax>
                            <email>tarmsk@mail.ru</email>
                            <okato>45280574000</okato>
                            <okpo>03055779</okpo>
                        </mainInfo>
                    </organization>
                </ns2:contact>
                <ns2:publicationDateTime>2017-03-15T14:25:32</ns2:publicationDateTime>
                <ns2:documentationDelivery>
                    <deliveryStartDateTime>2017-02-07</deliveryStartDateTime>
                    <deliveryEndDateTime>2017-03-21</deliveryEndDateTime>
                    <place>655150, Республика Хакасия, г. Черногорск, ул. Кирова, 73А</place>
                </ns2:documentationDelivery>
                <ns2:status>P</ns2:status>
                <ns2:version>1</ns2:version>
                <ns2:notDishonest>false</ns2:notDishonest>
                <ns2:attachments>
                    <totalDocumentsCount>1</totalDocumentsCount>
                    <document>
                        <guid>0a5faa84-85e2-4ff6-8496-bf015431c8e3</guid>
                        <createDateTime>2017-03-15T10:25:16</createDateTime>
                        <fileName>извещение уголь ед. поств..docx</fileName>
                        <description>извещение уголь ед. поств.</description>
                        <url>http://zakupki.gov.ru/223/purchase/public/download/download.html?id=30063491</url>
                    </document>
                </ns2:attachments>
                <ns2:modificationDate>2017-03-15T14:25:32</ns2:modificationDate>
                <ns2:saveUserId>240777</ns2:saveUserId>
                <ns2:deliveryPlaceIndication>SINGLE_PLACE</ns2:deliveryPlaceIndication>
                <ns2:emergency>false</ns2:emergency>
                <ns2:jointPurchase>false</ns2:jointPurchase>
                <ns2:lots>
                    <lot>
                        <guid>f3a2822f-4adf-4c74-abc9-5c7e00f185fd</guid>
                        <ordinalNumber>1</ordinalNumber>
                        <lotEditEnabled>false</lotEditEnabled>
                        <lotData>
                            <subject>Закупка угля Казачков</subject>
                            <currency>
                                <code>RUB</code>
                                <digitalCode>643</digitalCode>
                                <name>Российский рубль</name>
                            </currency>
                            <initialSum>1020.00</initialSum>
                            <deliveryPlace>
                                <state>Сибирский федеральный округ</state>
                                <region>Хакасия Респ </region>
                                <regionOkato>95000000000</regionOkato>
                                <address>655150, Республика Хакасия, г. Черногорск, ул. Кирова, 73А</address>
                            </deliveryPlace>
                            <lotItems>
                                <newCodes>true</newCodes>
                                <lotItem>
                                    <guid>836cf527-ffc8-4a77-9cd0-1e9b91541881</guid>
                                    <ordinalNumber>1</ordinalNumber>
                                    <okpd2>
                                        <code>05</code>
                                        <name>Уголь</name>
                                    </okpd2>
                                    <okved2>
                                        <code>05</code>
                                        <name>Добыча угля</name>
                                    </okved2>
                                </lotItem>
                            </lotItems>
                            <forSmallOrMiddle>false</forSmallOrMiddle>
                            <excludePurchaseFromPlan>false</excludePurchaseFromPlan>
                            <subcontractorsRequirement>false</subcontractorsRequirement>
                            <ignoredPurchase>false</ignoredPurchase>
                            <centralized>false</centralized>
                        </lotData>
                        <deliveryPlaceIndication>GL</deliveryPlaceIndication>
                        <jointLotData>
                            <jointLot>false</jointLot>
                        </jointLotData>
                        <lotPlanInfo>
                            <planRegistrationNumber>2160188789</planRegistrationNumber>
                            <planGuid>61a4c629-2f05-4730-9811-74ff6bccc91e</planGuid>
                            <positionNumber>18</positionNumber>
                            <lotPlanPosition>COMMODITY</lotPlanPosition>
                            <positionGuid>9ae5bba7-591e-44f7-ad7a-678e8e5cf3f0</positionGuid>
                        </lotPlanInfo>
                        <cancelled>false</cancelled>
                    </lot>
                </ns2:lots>
            </ns2:purchaseNoticeEPData>
        </ns2:item>
    </ns2:body>
</ns2:purchaseNoticeEP>
