<?xml version="1.0" encoding="UTF-8" standalone="yes"?>
<ns2:purchaseNoticeEP xsi:schemaLocation="http://zakupki.gov.ru/223/integration/schema/TFF-5.2 http://zakupki.gov.ru/223/integration/schema/TFF-5.2/purchase.xsd" xmlns="http://zakupki.gov.ru/223fz/types/1" xmlns:ns10="http://zakupki.gov.ru/223fz/purchasePlan/1" xmlns:ns11="http://zakupki.gov.ru/223fz/purchasePlanProject/1" xmlns:ns12="http://zakupki.gov.ru/223fz/purchasePlanProjectAdditionalPosition/1" xmlns:ns13="http://zakupki.gov.ru/223fz/contract/1" xmlns:ns14="http://zakupki.gov.ru/223fz/missedNotice/1" xmlns:ns15="http://zakupki.gov.ru/223fz/reference/1" xmlns:ns16="http://zakupki.gov.ru/223fz/stopCommodity/1" xmlns:ns17="http://zakupki.gov.ru/223fz/decisionSuspension/1" xmlns:ns18="http://zakupki.gov.ru/223fz/purchasePlanAdditionalPosition/1" xmlns:ns19="http://zakupki.gov.ru/223fz/webRequest/1" xmlns:ns2="http://zakupki.gov.ru/223fz/purchase/1" xmlns:xsi="http://www.w3.org/2001/XMLSchema-instance" xmlns:ns3="http://zakupki.gov.ru/223fz/dishonestSupplier/1" xmlns:ns4="http://zakupki.gov.ru/223fz/machineryListInfo/1" xmlns:ns5="http://zakupki.gov.ru/223fz/revenue/1" xmlns:ns6="http://zakupki.gov.ru/223fz/orderClauseList/1" xmlns:ns7="http://zakupki.gov.ru/223fz/disagreementProtocol/1" xmlns:ns8="http://zakupki.gov.ru/223fz/complaint/1" xmlns:ns9="http://zakupki.gov.ru/223fz/notificationIssue/1">
    <header>
        <guid>dacdbf15-85b2-472b-8659-f00d1560a26d</guid>
        <createDateTime>2017-03-15T16:39:49</createDateTime>
    </header>
    <ns2:body>
        <ns2:item>
            <guid>32cf10d3-830c-48d4-b861-66591c60a4df</guid>
            <ns2:purchaseNoticeEPData>
                <ns2:guid>32cf10d3-830c-48d4-b861-66591c60a4df</ns2:guid>
                <ns2:createDateTime>2017-03-15T16:35:22</ns2:createDateTime>
                <ns2:urlOOS>https://zakupki.gov.ru/223/purchase/private/purchase/notice-info/details.html?noticeInfoId=5880415</ns2:urlOOS>
                <ns2:registrationNumber>31704893531</ns2:registrationNumber>
                <ns2:name>Комплекс услуг по подготовке и организации фудкорта для мероприятия Фестиваль "Политех" 2017 .</ns2:name>
                <ns2:customer>
                    <mainInfo>
                        <fullName>ФЕДЕРАЛЬНОЕ ГОСУДАРСТВЕННОЕ БЮДЖЕТНОЕ УЧРЕЖДЕНИЕ КУЛЬТУРЫ "ПОЛИТЕХНИЧЕСКИЙ МУЗЕЙ"</fullName>
                        <shortName>ПОЛИТЕХНИЧЕСКИЙ МУЗЕЙ</shortName>
                        <iko>87701012102770101001</iko>
                        <inn>7701012102</inn>
                        <kpp>770101001</kpp>
                        <ogrn>1027700199120</ogrn>
                        <legalAddress>101000, Г МОСКВА, ПЛ НОВАЯ, дом ДОМ 3/4</legalAddress>
                        <postalAddress>129223, г. Москва, Проспект Мира, 119, павильон 46</postalAddress>
                        <phone>8-495-7305438-1174</phone>
                        <fax>8-495-7305439</fax>
                        <email>jvshakhnovskaya@polymus.ru</email>
                        <okato>45286585000</okato>
                        <okpo>02922318</okpo>
                    </mainInfo>
                </ns2:customer>
                <ns2:purchaseMethodCode>3363</ns2:purchaseMethodCode>
                <ns2:purchaseCodeName>Закупка у единственного поставщика (исполнителя, подрядчика)</ns2:purchaseCodeName>
                <ns2:placer>
                    <mainInfo>
                        <fullName>ФЕДЕРАЛЬНОЕ ГОСУДАРСТВЕННОЕ БЮДЖЕТНОЕ УЧРЕЖДЕНИЕ КУЛЬТУРЫ "ПОЛИТЕХНИЧЕСКИЙ МУЗЕЙ"</fullName>
                        <shortName>ПОЛИТЕХНИЧЕСКИЙ МУЗЕЙ</shortName>
                        <iko>87701012102770101001</iko>
                        <inn>7701012102</inn>
                        <kpp>770101001</kpp>
                        <ogrn>1027700199120</ogrn>
                        <legalAddress>101000, Г МОСКВА, ПЛ НОВАЯ, дом ДОМ 3/4</legalAddress>
                        <postalAddress>129223, г. Москва, Проспект Мира, 119, павильон 46</postalAddress>
                        <phone>8-495-7305438-1174</phone>
                        <fax>8-495-7305439</fax>
                        <email>jvshakhnovskaya@polymus.ru</email>
                        <okato>45286585000</okato>
                        <okpo>02922318</okpo>
                    </mainInfo>
                </ns2:placer>
                <ns2:contact>
                    <phone>+7 (495) 7305438, доб.: 1123</phone>
                    <email>sidemidova@polymus.ru</email>
                    <organization>
                        <mainInfo>
                            <fullName>ФЕДЕРАЛЬНОЕ ГОСУДАРСТВЕННОЕ БЮДЖЕТНОЕ УЧРЕЖДЕНИЕ КУЛЬТУРЫ "ПОЛИТЕХНИЧЕСКИЙ МУЗЕЙ"</fullName>
                            <shortName>ПОЛИТЕХНИЧЕСКИЙ МУЗЕЙ</shortName>
                            <iko>87701012102770101001</iko>
                            <inn>7701012102</inn>
                            <kpp>770101001</kpp>
                            <ogrn>1027700199120</ogrn>
                            <legalAddress>101000, Г МОСКВА, ПЛ НОВАЯ, дом ДОМ 3/4</legalAddress>
                            <postalAddress>129223, г. Москва, Проспект Мира, 119, павильон 46</postalAddress>
                            <phone>8-495-7305438-1174</phone>
                            <fax>8-495-7305439</fax>
                            <email>jvshakhnovskaya@polymus.ru</email>
                            <okato>45286585000</okato>
                            <okpo>02922318</okpo>
                        </mainInfo>
                    </organization>
                </ns2:contact>
                <ns2:publicationDateTime>2017-03-15T16:39:49</ns2:publicationDateTime>
                <ns2:documentationDelivery/>
                <ns2:status>P</ns2:status>
                <ns2:version>1</ns2:version>
                <ns2:notDishonest>false</ns2:notDishonest>
                <ns2:attachments>
                    <totalDocumentsCount>2</totalDocumentsCount>
                    <document>
                        <guid>ff39f550-bd28-4dc1-bf95-ea4dce5574db</guid>
                        <createDateTime>2017-03-15T16:39:34</createDateTime>
                        <fileName>проект.docx</fileName>
                        <description>проект</description>
                        <url>http://zakupki.gov.ru/223/purchase/public/download/download.html?id=30082993</url>
                    </document>
                    <document>
                        <guid>42fd0675-2b8f-45fc-83bf-23a6c96996a2</guid>
                        <createDateTime>2017-03-15T16:39:38</createDateTime>
                        <fileName>Извещение.doc</fileName>
                        <description>Извещение</description>
                        <url>http://zakupki.gov.ru/223/purchase/public/download/download.html?id=30082999</url>
                    </document>
                </ns2:attachments>
                <ns2:modificationDate>2017-03-15T16:39:49</ns2:modificationDate>
                <ns2:saveUserId>214613</ns2:saveUserId>
                <ns2:deliveryPlaceIndication>SINGLE_PLACE</ns2:deliveryPlaceIndication>
                <ns2:emergency>false</ns2:emergency>
                <ns2:jointPurchase>false</ns2:jointPurchase>
                <ns2:lots>
                    <lot>
                        <guid>8384da1d-9303-4e8a-acb4-9141af8e7ced</guid>
                        <ordinalNumber>1</ordinalNumber>
                        <lotEditEnabled>false</lotEditEnabled>
                        <lotData>
                            <subject>Комплекс услуг по подготовке и организации фудкорта для мероприятия Фестиваль "Политех" 2017.</subject>
                            <currency>
                                <code>RUB</code>
                                <digitalCode>643</digitalCode>
                                <name>Российский рубль</name>
                            </currency>
                            <initialSum>150000.00</initialSum>
                            <deliveryPlace>
                                <state>Центральный федеральный округ</state>
                                <region>Москва</region>
                                <regionOkato>45000000000</regionOkato>
                                <address>ул. Крымский Вал, д. 9</address>
                            </deliveryPlace>
                            <lotItems>
                                <newCodes>true</newCodes>
                                <lotItem>
                                    <guid>f71c3e43-3633-46fa-957f-ccac01c4b0ab</guid>
                                    <ordinalNumber>1</ordinalNumber>
                                    <okpd2>
                                        <code>56.29.19.000</code>
                                        <name>Услуги по обеспечению питанием, осуществляемые по договору, прочие</name>
                                    </okpd2>
                                    <okved2>
                                        <code>56.29</code>
                                        <name>Деятельность предприятий общественного питания по прочим видам организации питания</name>
                                    </okved2>
                                    <okei>
                                        <code>876</code>
                                        <name>Условная единица</name>
                                    </okei>
                                    <qty>1</qty>
                                </lotItem>
                            </lotItems>
                            <forSmallOrMiddle>false</forSmallOrMiddle>
                            <excludePurchaseFromPlan>false</excludePurchaseFromPlan>
                            <subcontractorsRequirement>false</subcontractorsRequirement>
                            <ignoredPurchase>false</ignoredPurchase>
                            <centralized>false</centralized>
                        </lotData>
                        <deliveryPlaceIndication>GL</deliveryPlaceIndication>
                        <jointLotData>
                            <jointLot>false</jointLot>
                        </jointLotData>
                        <lotPlanInfo>
                            <planRegistrationNumber>2160215526</planRegistrationNumber>
                            <planGuid>69dc4d85-3daa-4466-b36f-b4d20d420083</planGuid>
                            <positionNumber>37</positionNumber>
                            <lotPlanPosition>COMMODITY</lotPlanPosition>
                            <positionGuid>75a5c39e-8254-40a5-9e71-3b29787b818f</positionGuid>
                        </lotPlanInfo>
                        <cancelled>false</cancelled>
                    </lot>
                </ns2:lots>
            </ns2:purchaseNoticeEPData>
        </ns2:item>
    </ns2:body>
</ns2:purchaseNoticeEP>
