<?xml version="1.0" encoding="UTF-8" standalone="yes"?>
<ns2:purchaseNoticeEP xsi:schemaLocation="http://zakupki.gov.ru/223/integration/schema/TFF-5.2 http://zakupki.gov.ru/223/integration/schema/TFF-5.2/purchase.xsd" xmlns="http://zakupki.gov.ru/223fz/types/1" xmlns:ns10="http://zakupki.gov.ru/223fz/purchasePlan/1" xmlns:ns11="http://zakupki.gov.ru/223fz/purchasePlanProject/1" xmlns:ns12="http://zakupki.gov.ru/223fz/purchasePlanProjectAdditionalPosition/1" xmlns:ns13="http://zakupki.gov.ru/223fz/contract/1" xmlns:ns14="http://zakupki.gov.ru/223fz/missedNotice/1" xmlns:ns15="http://zakupki.gov.ru/223fz/reference/1" xmlns:ns16="http://zakupki.gov.ru/223fz/stopCommodity/1" xmlns:ns17="http://zakupki.gov.ru/223fz/decisionSuspension/1" xmlns:ns18="http://zakupki.gov.ru/223fz/purchasePlanAdditionalPosition/1" xmlns:ns19="http://zakupki.gov.ru/223fz/webRequest/1" xmlns:ns2="http://zakupki.gov.ru/223fz/purchase/1" xmlns:xsi="http://www.w3.org/2001/XMLSchema-instance" xmlns:ns3="http://zakupki.gov.ru/223fz/dishonestSupplier/1" xmlns:ns4="http://zakupki.gov.ru/223fz/machineryListInfo/1" xmlns:ns5="http://zakupki.gov.ru/223fz/revenue/1" xmlns:ns6="http://zakupki.gov.ru/223fz/orderClauseList/1" xmlns:ns7="http://zakupki.gov.ru/223fz/disagreementProtocol/1" xmlns:ns8="http://zakupki.gov.ru/223fz/complaint/1" xmlns:ns9="http://zakupki.gov.ru/223fz/notificationIssue/1">
    <header>
        <guid>668267c0-d2a9-479b-927b-d96d10721571</guid>
        <createDateTime>2017-03-15T21:59:07</createDateTime>
    </header>
    <ns2:body>
        <ns2:item>
            <guid>58c9033a-48c6-2ccd-e100-00000a388ca6</guid>
            <ns2:purchaseNoticeEPData>
                <ns2:guid>58c9033a-48c6-2ccd-e100-00000a388ca6</ns2:guid>
                <ns2:createDateTime>2017-03-15T21:54:10</ns2:createDateTime>
                <ns2:urlOOS>https://zakupki.gov.ru/223/purchase/private/purchase/notice-info/details.html?noticeInfoId=5881537</ns2:urlOOS>
                <ns2:urlVSRZ>https://zakupki.gazprom.ru</ns2:urlVSRZ>
                <ns2:registrationNumber>31704894527</ns2:registrationNumber>
                <ns2:name>Трубопроводная арматура</ns2:name>
                <ns2:customer>
                    <mainInfo>
                        <fullName>Общество с ограниченной ответственностью "Газпром комплектация"</fullName>
                        <shortName>ООО "Газпром комплектация"</shortName>
                        <iko>67740000044773601001</iko>
                        <inn>7740000044</inn>
                        <kpp>773601001</kpp>
                        <ogrn>1027700501113</ogrn>
                        <legalAddress>119991, Москва, Строителей, дом 8, корпус КОРПУС 1</legalAddress>
                        <postalAddress>119991, г. Москва, ул. Строителей, д. 8, корп. 1</postalAddress>
                        <phone>7-495-6315782</phone>
                        <email>komplekt@komplekt.gazprom.ru</email>
                        <okato>45293558000</okato>
                        <okpo>05030632</okpo>
                    </mainInfo>
                </ns2:customer>
                <ns2:purchaseMethodCode>3363</ns2:purchaseMethodCode>
                <ns2:purchaseCodeName>Закупка у единственного поставщика (исполнителя, подрядчика)</ns2:purchaseCodeName>
                <ns2:placer>
                    <mainInfo>
                        <fullName>Общество с ограниченной ответственностью "Газпром комплектация"</fullName>
                        <shortName>ООО "Газпром комплектация"</shortName>
                        <iko>67740000044773601001</iko>
                        <inn>7740000044</inn>
                        <kpp>773601001</kpp>
                        <ogrn>1027700501113</ogrn>
                        <legalAddress>119991, Москва, Строителей, дом 8, корпус КОРПУС 1</legalAddress>
                        <postalAddress>119991, г. Москва, ул. Строителей, д. 8, корп. 1</postalAddress>
                        <phone>7-495-6315782</phone>
                        <email>komplekt@komplekt.gazprom.ru</email>
                        <okato>45293558000</okato>
                        <okpo>05030632</okpo>
                    </mainInfo>
                </ns2:placer>
                <ns2:contact>
                    <firstName>Сергей</firstName>
                    <middleName>Викторович</middleName>
                    <lastName>Дмитриев</lastName>
                    <phone>+7 (499) 5802494</phone>
                    <email>SDmitriev@komplekt.gazprom.ru</email>
                    <organization>
                        <mainInfo>
                            <fullName>Общество с ограниченной ответственностью "Газпром комплектация"</fullName>
                            <shortName>ООО "Газпром комплектация"</shortName>
                            <iko>67740000044773601001</iko>
                            <inn>7740000044</inn>
                            <kpp>773601001</kpp>
                            <ogrn>1027700501113</ogrn>
                            <legalAddress>119991, Москва, Строителей, дом 8, корпус КОРПУС 1</legalAddress>
                            <postalAddress>119991, г. Москва, ул. Строителей, д. 8, корп. 1</postalAddress>
                            <phone>7-495-6315782</phone>
                            <email>komplekt@komplekt.gazprom.ru</email>
                            <okato>45293558000</okato>
                            <okpo>05030632</okpo>
                        </mainInfo>
                    </organization>
                </ns2:contact>
                <ns2:publicationDateTime>2017-03-15T21:59:07</ns2:publicationDateTime>
                <ns2:documentationDelivery/>
                <ns2:status>P</ns2:status>
                <ns2:version>1</ns2:version>
                <ns2:notDishonest>true</ns2:notDishonest>
                <ns2:attachments>
                    <totalDocumentsCount>3</totalDocumentsCount>
                    <document>
                        <guid>58c9ea68-4c8c-4203-e100-00000a388ca6</guid>
                        <createDateTime>2017-03-15T21:54:10</createDateTime>
                        <fileName>ДОКУМЕНТАЦИЯ.doc</fileName>
                        <description>ДОКУМЕНТАЦИЯ.doc</description>
                        <url>http://zakupki.gov.ru/223/purchase/public/download/download.html?id=30087735</url>
                    </document>
                    <document>
                        <guid>58c9ea69-4c8c-4203-e100-00000a388ca6</guid>
                        <createDateTime>2017-03-15T21:54:10</createDateTime>
                        <fileName>Форма 34-Извещение о проведении.doc</fileName>
                        <description>Форма 34-Извещение о проведении.doc</description>
                        <url>http://zakupki.gov.ru/223/purchase/public/download/download.html?id=30087736</url>
                    </document>
                    <document>
                        <guid>58c9ea6a-4c8c-4203-e100-00000a388ca6</guid>
                        <createDateTime>2017-03-15T21:54:10</createDateTime>
                        <fileName>Договор поставки оплата по факту.doc</fileName>
                        <description>Договор поставки оплата по факту.doc</description>
                        <url>http://zakupki.gov.ru/223/purchase/public/download/download.html?id=30087737</url>
                    </document>
                </ns2:attachments>
                <ns2:modificationDate>2017-03-15T21:59:07</ns2:modificationDate>
                <ns2:saveUserId>206753</ns2:saveUserId>
                <ns2:deliveryPlaceIndication>DIFFERENT_PLACE</ns2:deliveryPlaceIndication>
                <ns2:emergency>false</ns2:emergency>
                <ns2:jointPurchase>false</ns2:jointPurchase>
                <ns2:lots>
                    <lot>
                        <guid>58c9fd4c-48c6-2ccd-e100-00000a388ca6</guid>
                        <ordinalNumber>1</ordinalNumber>
                        <lotEditEnabled>true</lotEditEnabled>
                        <lotData>
                            <subject>Трубопроводная арматура</subject>
                            <currency>
                                <code>RUB</code>
                                <digitalCode>643</digitalCode>
                                <name>Российский рубль</name>
                            </currency>
                            <initialSum>94825264.06</initialSum>
                            <deliveryPlace>
                                <address>Согласно закупочной документации</address>
                            </deliveryPlace>
                            <lotItems>
                                <newCodes>true</newCodes>
                                <lotItem>
                                    <guid>58c9ea46-4c8c-4203-e100-00000a388ca6</guid>
                                    <ordinalNumber>1</ordinalNumber>
                                    <okpd2>
                                        <code>28.14.13</code>
                                        <name>Клапаны управления процессом, задвижки, краны и клапаны шаровые</name>
                                    </okpd2>
                                    <okved2>
                                        <code>28.14</code>
                                        <name>Производство прочих кранов и клапанов</name>
                                    </okved2>
                                    <okei>
                                        <code>796</code>
                                        <name>Штука</name>
                                    </okei>
                                    <qty>3</qty>
                                </lotItem>
                                <lotItem>
                                    <guid>58c9ea47-4c8c-4203-e100-00000a388ca6</guid>
                                    <ordinalNumber>2</ordinalNumber>
                                    <okpd2>
                                        <code>28.14.13</code>
                                        <name>Клапаны управления процессом, задвижки, краны и клапаны шаровые</name>
                                    </okpd2>
                                    <okved2>
                                        <code>28.14</code>
                                        <name>Производство прочих кранов и клапанов</name>
                                    </okved2>
                                    <okei>
                                        <code>796</code>
                                        <name>Штука</name>
                                    </okei>
                                    <qty>6</qty>
                                </lotItem>
                                <lotItem>
                                    <guid>58c9ea48-4c8c-4203-e100-00000a388ca6</guid>
                                    <ordinalNumber>3</ordinalNumber>
                                    <okpd2>
                                        <code>28.14.13</code>
                                        <name>Клапаны управления процессом, задвижки, краны и клапаны шаровые</name>
                                    </okpd2>
                                    <okved2>
                                        <code>28.14</code>
                                        <name>Производство прочих кранов и клапанов</name>
                                    </okved2>
                                    <okei>
                                        <code>796</code>
                                        <name>Штука</name>
                                    </okei>
                                    <qty>6</qty>
                                </lotItem>
                                <lotItem>
                                    <guid>58c9ea49-4c8c-4203-e100-00000a388ca6</guid>
                                    <ordinalNumber>4</ordinalNumber>
                                    <okpd2>
                                        <code>28.14.13</code>
                                        <name>Клапаны управления процессом, задвижки, краны и клапаны шаровые</name>
                                    </okpd2>
                                    <okved2>
                                        <code>28.14</code>
                                        <name>Производство прочих кранов и клапанов</name>
                                    </okved2>
                                    <okei>
                                        <code>796</code>
                                        <name>Штука</name>
                                    </okei>
                                    <qty>6</qty>
                                </lotItem>
                                <lotItem>
                                    <guid>58c9ea4a-4c8c-4203-e100-00000a388ca6</guid>
                                    <ordinalNumber>5</ordinalNumber>
                                    <okpd2>
                                        <code>28.14.13</code>
                                        <name>Клапаны управления процессом, задвижки, краны и клапаны шаровые</name>
                                    </okpd2>
                                    <okved2>
                                        <code>28.14</code>
                                        <name>Производство прочих кранов и клапанов</name>
                                    </okved2>
                                    <okei>
                                        <code>796</code>
                                        <name>Штука</name>
                                    </okei>
                                    <qty>6</qty>
                                </lotItem>
                                <lotItem>
                                    <guid>58c9ea4b-4c8c-4203-e100-00000a388ca6</guid>
                                    <ordinalNumber>6</ordinalNumber>
                                    <okpd2>
                                        <code>28.14.13</code>
                                        <name>Клапаны управления процессом, задвижки, краны и клапаны шаровые</name>
                                    </okpd2>
                                    <okved2>
                                        <code>28.14</code>
                                        <name>Производство прочих кранов и клапанов</name>
                                    </okved2>
                                    <okei>
                                        <code>796</code>
                                        <name>Штука</name>
                                    </okei>
                                    <qty>3</qty>
                                </lotItem>
                                <lotItem>
                                    <guid>58c9ea4c-4c8c-4203-e100-00000a388ca6</guid>
                                    <ordinalNumber>7</ordinalNumber>
                                    <okpd2>
                                        <code>28.14.13</code>
                                        <name>Клапаны управления процессом, задвижки, краны и клапаны шаровые</name>
                                    </okpd2>
                                    <okved2>
                                        <code>28.14</code>
                                        <name>Производство прочих кранов и клапанов</name>
                                    </okved2>
                                    <okei>
                                        <code>796</code>
                                        <name>Штука</name>
                                    </okei>
                                    <qty>6</qty>
                                </lotItem>
                                <lotItem>
                                    <guid>58c9ea4d-4c8c-4203-e100-00000a388ca6</guid>
                                    <ordinalNumber>8</ordinalNumber>
                                    <okpd2>
                                        <code>28.14.13</code>
                                        <name>Клапаны управления процессом, задвижки, краны и клапаны шаровые</name>
                                    </okpd2>
                                    <okved2>
                                        <code>28.14</code>
                                        <name>Производство прочих кранов и клапанов</name>
                                    </okved2>
                                    <okei>
                                        <code>796</code>
                                        <name>Штука</name>
                                    </okei>
                                    <qty>6</qty>
                                </lotItem>
                                <lotItem>
                                    <guid>58c9ea4e-4c8c-4203-e100-00000a388ca6</guid>
                                    <ordinalNumber>9</ordinalNumber>
                                    <okpd2>
                                        <code>28.14.13</code>
                                        <name>Клапаны управления процессом, задвижки, краны и клапаны шаровые</name>
                                    </okpd2>
                                    <okved2>
                                        <code>28.14</code>
                                        <name>Производство прочих кранов и клапанов</name>
                                    </okved2>
                                    <okei>
                                        <code>796</code>
                                        <name>Штука</name>
                                    </okei>
                                    <qty>3</qty>
                                </lotItem>
                                <lotItem>
                                    <guid>58c9ea4f-4c8c-4203-e100-00000a388ca6</guid>
                                    <ordinalNumber>10</ordinalNumber>
                                    <okpd2>
                                        <code>28.14.13</code>
                                        <name>Клапаны управления процессом, задвижки, краны и клапаны шаровые</name>
                                    </okpd2>
                                    <okved2>
                                        <code>28.14</code>
                                        <name>Производство прочих кранов и клапанов</name>
                                    </okved2>
                                    <okei>
                                        <code>796</code>
                                        <name>Штука</name>
                                    </okei>
                                    <qty>3</qty>
                                </lotItem>
                                <lotItem>
                                    <guid>58c9ea50-4c8c-4203-e100-00000a388ca6</guid>
                                    <ordinalNumber>11</ordinalNumber>
                                    <okpd2>
                                        <code>28.14.13</code>
                                        <name>Клапаны управления процессом, задвижки, краны и клапаны шаровые</name>
                                    </okpd2>
                                    <okved2>
                                        <code>28.14</code>
                                        <name>Производство прочих кранов и клапанов</name>
                                    </okved2>
                                    <okei>
                                        <code>796</code>
                                        <name>Штука</name>
                                    </okei>
                                    <qty>9</qty>
                                </lotItem>
                                <lotItem>
                                    <guid>58c9ea51-4c8c-4203-e100-00000a388ca6</guid>
                                    <ordinalNumber>12</ordinalNumber>
                                    <okpd2>
                                        <code>28.14.13</code>
                                        <name>Клапаны управления процессом, задвижки, краны и клапаны шаровые</name>
                                    </okpd2>
                                    <okved2>
                                        <code>28.14</code>
                                        <name>Производство прочих кранов и клапанов</name>
                                    </okved2>
                                    <okei>
                                        <code>796</code>
                                        <name>Штука</name>
                                    </okei>
                                    <qty>9</qty>
                                </lotItem>
                                <lotItem>
                                    <guid>58c9ea52-4c8c-4203-e100-00000a388ca6</guid>
                                    <ordinalNumber>13</ordinalNumber>
                                    <okpd2>
                                        <code>28.14.13</code>
                                        <name>Клапаны управления процессом, задвижки, краны и клапаны шаровые</name>
                                    </okpd2>
                                    <okved2>
                                        <code>28.14</code>
                                        <name>Производство прочих кранов и клапанов</name>
                                    </okved2>
                                    <okei>
                                        <code>796</code>
                                        <name>Штука</name>
                                    </okei>
                                    <qty>3</qty>
                                </lotItem>
                                <lotItem>
                                    <guid>58c9ea53-4c8c-4203-e100-00000a388ca6</guid>
                                    <ordinalNumber>14</ordinalNumber>
                                    <okpd2>
                                        <code>28.14.13</code>
                                        <name>Клапаны управления процессом, задвижки, краны и клапаны шаровые</name>
                                    </okpd2>
                                    <okved2>
                                        <code>28.14</code>
                                        <name>Производство прочих кранов и клапанов</name>
                                    </okved2>
                                    <okei>
                                        <code>796</code>
                                        <name>Штука</name>
                                    </okei>
                                    <qty>6</qty>
                                </lotItem>
                                <lotItem>
                                    <guid>58c9ea54-4c8c-4203-e100-00000a388ca6</guid>
                                    <ordinalNumber>15</ordinalNumber>
                                    <okpd2>
                                        <code>28.14.13</code>
                                        <name>Клапаны управления процессом, задвижки, краны и клапаны шаровые</name>
                                    </okpd2>
                                    <okved2>
                                        <code>28.14</code>
                                        <name>Производство прочих кранов и клапанов</name>
                                    </okved2>
                                    <okei>
                                        <code>796</code>
                                        <name>Штука</name>
                                    </okei>
                                    <qty>6</qty>
                                </lotItem>
                                <lotItem>
                                    <guid>58c9ea55-4c8c-4203-e100-00000a388ca6</guid>
                                    <ordinalNumber>16</ordinalNumber>
                                    <okpd2>
                                        <code>28.14.13</code>
                                        <name>Клапаны управления процессом, задвижки, краны и клапаны шаровые</name>
                                    </okpd2>
                                    <okved2>
                                        <code>28.14</code>
                                        <name>Производство прочих кранов и клапанов</name>
                                    </okved2>
                                    <okei>
                                        <code>796</code>
                                        <name>Штука</name>
                                    </okei>
                                    <qty>6</qty>
                                </lotItem>
                                <lotItem>
                                    <guid>58c9ea56-4c8c-4203-e100-00000a388ca6</guid>
                                    <ordinalNumber>17</ordinalNumber>
                                    <okpd2>
                                        <code>28.14.13</code>
                                        <name>Клапаны управления процессом, задвижки, краны и клапаны шаровые</name>
                                    </okpd2>
                                    <okved2>
                                        <code>28.14</code>
                                        <name>Производство прочих кранов и клапанов</name>
                                    </okved2>
                                    <okei>
                                        <code>796</code>
                                        <name>Штука</name>
                                    </okei>
                                    <qty>3</qty>
                                </lotItem>
                                <lotItem>
                                    <guid>58c9ea57-4c8c-4203-e100-00000a388ca6</guid>
                                    <ordinalNumber>18</ordinalNumber>
                                    <okpd2>
                                        <code>28.14.13</code>
                                        <name>Клапаны управления процессом, задвижки, краны и клапаны шаровые</name>
                                    </okpd2>
                                    <okved2>
                                        <code>28.14</code>
                                        <name>Производство прочих кранов и клапанов</name>
                                    </okved2>
                                    <okei>
                                        <code>796</code>
                                        <name>Штука</name>
                                    </okei>
                                    <qty>3</qty>
                                </lotItem>
                                <lotItem>
                                    <guid>58c9ea58-4c8c-4203-e100-00000a388ca6</guid>
                                    <ordinalNumber>19</ordinalNumber>
                                    <okpd2>
                                        <code>28.14.13</code>
                                        <name>Клапаны управления процессом, задвижки, краны и клапаны шаровые</name>
                                    </okpd2>
                                    <okved2>
                                        <code>28.14</code>
                                        <name>Производство прочих кранов и клапанов</name>
                                    </okved2>
                                    <okei>
                                        <code>796</code>
                                        <name>Штука</name>
                                    </okei>
                                    <qty>3</qty>
                                </lotItem>
                                <lotItem>
                                    <guid>58c9ea59-4c8c-4203-e100-00000a388ca6</guid>
                                    <ordinalNumber>20</ordinalNumber>
                                    <okpd2>
                                        <code>28.14.13</code>
                                        <name>Клапаны управления процессом, задвижки, краны и клапаны шаровые</name>
                                    </okpd2>
                                    <okved2>
                                        <code>28.14</code>
                                        <name>Производство прочих кранов и клапанов</name>
                                    </okved2>
                                    <okei>
                                        <code>796</code>
                                        <name>Штука</name>
                                    </okei>
                                    <qty>6</qty>
                                </lotItem>
                                <lotItem>
                                    <guid>58c9ea5a-4c8c-4203-e100-00000a388ca6</guid>
                                    <ordinalNumber>21</ordinalNumber>
                                    <okpd2>
                                        <code>28.14.13</code>
                                        <name>Клапаны управления процессом, задвижки, краны и клапаны шаровые</name>
                                    </okpd2>
                                    <okved2>
                                        <code>28.14</code>
                                        <name>Производство прочих кранов и клапанов</name>
                                    </okved2>
                                    <okei>
                                        <code>796</code>
                                        <name>Штука</name>
                                    </okei>
                                    <qty>6</qty>
                                </lotItem>
                                <lotItem>
                                    <guid>58c9ea5b-4c8c-4203-e100-00000a388ca6</guid>
                                    <ordinalNumber>22</ordinalNumber>
                                    <okpd2>
                                        <code>28.14.13</code>
                                        <name>Клапаны управления процессом, задвижки, краны и клапаны шаровые</name>
                                    </okpd2>
                                    <okved2>
                                        <code>28.14</code>
                                        <name>Производство прочих кранов и клапанов</name>
                                    </okved2>
                                    <okei>
                                        <code>796</code>
                                        <name>Штука</name>
                                    </okei>
                                    <qty>6</qty>
                                </lotItem>
                                <lotItem>
                                    <guid>58c9ea5c-4c8c-4203-e100-00000a388ca6</guid>
                                    <ordinalNumber>23</ordinalNumber>
                                    <okpd2>
                                        <code>28.14.13</code>
                                        <name>Клапаны управления процессом, задвижки, краны и клапаны шаровые</name>
                                    </okpd2>
                                    <okved2>
                                        <code>28.14</code>
                                        <name>Производство прочих кранов и клапанов</name>
                                    </okved2>
                                    <okei>
                                        <code>796</code>
                                        <name>Штука</name>
                                    </okei>
                                    <qty>3</qty>
                                </lotItem>
                                <lotItem>
                                    <guid>58c9ea5d-4c8c-4203-e100-00000a388ca6</guid>
                                    <ordinalNumber>24</ordinalNumber>
                                    <okpd2>
                                        <code>28.14.13</code>
                                        <name>Клапаны управления процессом, задвижки, краны и клапаны шаровые</name>
                                    </okpd2>
                                    <okved2>
                                        <code>28.14</code>
                                        <name>Производство прочих кранов и клапанов</name>
                                    </okved2>
                                    <okei>
                                        <code>796</code>
                                        <name>Штука</name>
                                    </okei>
                                    <qty>3</qty>
                                </lotItem>
                                <lotItem>
                                    <guid>58c9ea5e-4c8c-4203-e100-00000a388ca6</guid>
                                    <ordinalNumber>25</ordinalNumber>
                                    <okpd2>
                                        <code>28.14.13</code>
                                        <name>Клапаны управления процессом, задвижки, краны и клапаны шаровые</name>
                                    </okpd2>
                                    <okved2>
                                        <code>28.14</code>
                                        <name>Производство прочих кранов и клапанов</name>
                                    </okved2>
                                    <okei>
                                        <code>796</code>
                                        <name>Штука</name>
                                    </okei>
                                    <qty>3</qty>
                                </lotItem>
                                <lotItem>
                                    <guid>58c9ea5f-4c8c-4203-e100-00000a388ca6</guid>
                                    <ordinalNumber>26</ordinalNumber>
                                    <okpd2>
                                        <code>28.14.13</code>
                                        <name>Клапаны управления процессом, задвижки, краны и клапаны шаровые</name>
                                    </okpd2>
                                    <okved2>
                                        <code>28.14</code>
                                        <name>Производство прочих кранов и клапанов</name>
                                    </okved2>
                                    <okei>
                                        <code>796</code>
                                        <name>Штука</name>
                                    </okei>
                                    <qty>3</qty>
                                </lotItem>
                                <lotItem>
                                    <guid>58c9ea60-4c8c-4203-e100-00000a388ca6</guid>
                                    <ordinalNumber>27</ordinalNumber>
                                    <okpd2>
                                        <code>28.14.13</code>
                                        <name>Клапаны управления процессом, задвижки, краны и клапаны шаровые</name>
                                    </okpd2>
                                    <okved2>
                                        <code>28.14</code>
                                        <name>Производство прочих кранов и клапанов</name>
                                    </okved2>
                                    <okei>
                                        <code>796</code>
                                        <name>Штука</name>
                                    </okei>
                                    <qty>3</qty>
                                </lotItem>
                                <lotItem>
                                    <guid>58c9ea61-4c8c-4203-e100-00000a388ca6</guid>
                                    <ordinalNumber>28</ordinalNumber>
                                    <okpd2>
                                        <code>28.14.13</code>
                                        <name>Клапаны управления процессом, задвижки, краны и клапаны шаровые</name>
                                    </okpd2>
                                    <okved2>
                                        <code>28.14</code>
                                        <name>Производство прочих кранов и клапанов</name>
                                    </okved2>
                                    <okei>
                                        <code>796</code>
                                        <name>Штука</name>
                                    </okei>
                                    <qty>3</qty>
                                </lotItem>
                                <lotItem>
                                    <guid>58c9ea62-4c8c-4203-e100-00000a388ca6</guid>
                                    <ordinalNumber>29</ordinalNumber>
                                    <okpd2>
                                        <code>28.14.13</code>
                                        <name>Клапаны управления процессом, задвижки, краны и клапаны шаровые</name>
                                    </okpd2>
                                    <okved2>
                                        <code>28.14</code>
                                        <name>Производство прочих кранов и клапанов</name>
                                    </okved2>
                                    <okei>
                                        <code>796</code>
                                        <name>Штука</name>
                                    </okei>
                                    <qty>3</qty>
                                </lotItem>
                                <lotItem>
                                    <guid>58c9ea63-4c8c-4203-e100-00000a388ca6</guid>
                                    <ordinalNumber>30</ordinalNumber>
                                    <okpd2>
                                        <code>28.14.13</code>
                                        <name>Клапаны управления процессом, задвижки, краны и клапаны шаровые</name>
                                    </okpd2>
                                    <okved2>
                                        <code>28.14</code>
                                        <name>Производство прочих кранов и клапанов</name>
                                    </okved2>
                                    <okei>
                                        <code>796</code>
                                        <name>Штука</name>
                                    </okei>
                                    <qty>3</qty>
                                </lotItem>
                                <lotItem>
                                    <guid>58c9ea64-4c8c-4203-e100-00000a388ca6</guid>
                                    <ordinalNumber>31</ordinalNumber>
                                    <okpd2>
                                        <code>28.14.13</code>
                                        <name>Клапаны управления процессом, задвижки, краны и клапаны шаровые</name>
                                    </okpd2>
                                    <okved2>
                                        <code>28.14</code>
                                        <name>Производство прочих кранов и клапанов</name>
                                    </okved2>
                                    <okei>
                                        <code>796</code>
                                        <name>Штука</name>
                                    </okei>
                                    <qty>3</qty>
                                </lotItem>
                                <lotItem>
                                    <guid>58c9ea65-4c8c-4203-e100-00000a388ca6</guid>
                                    <ordinalNumber>32</ordinalNumber>
                                    <okpd2>
                                        <code>28.14.13</code>
                                        <name>Клапаны управления процессом, задвижки, краны и клапаны шаровые</name>
                                    </okpd2>
                                    <okved2>
                                        <code>28.14</code>
                                        <name>Производство прочих кранов и клапанов</name>
                                    </okved2>
                                    <okei>
                                        <code>796</code>
                                        <name>Штука</name>
                                    </okei>
                                    <qty>1</qty>
                                </lotItem>
                                <lotItem>
                                    <guid>58c9ea66-4c8c-4203-e100-00000a388ca6</guid>
                                    <ordinalNumber>33</ordinalNumber>
                                    <okpd2>
                                        <code>28.14.13</code>
                                        <name>Клапаны управления процессом, задвижки, краны и клапаны шаровые</name>
                                    </okpd2>
                                    <okved2>
                                        <code>28.14</code>
                                        <name>Производство прочих кранов и клапанов</name>
                                    </okved2>
                                    <okei>
                                        <code>796</code>
                                        <name>Штука</name>
                                    </okei>
                                    <qty>1</qty>
                                </lotItem>
                                <lotItem>
                                    <guid>58c9ea67-4c8c-4203-e100-00000a388ca6</guid>
                                    <ordinalNumber>34</ordinalNumber>
                                    <okpd2>
                                        <code>28.14.13</code>
                                        <name>Клапаны управления процессом, задвижки, краны и клапаны шаровые</name>
                                    </okpd2>
                                    <okved2>
                                        <code>28.14</code>
                                        <name>Производство прочих кранов и клапанов</name>
                                    </okved2>
                                    <okei>
                                        <code>796</code>
                                        <name>Штука</name>
                                    </okei>
                                    <qty>1</qty>
                                </lotItem>
                            </lotItems>
                            <forSmallOrMiddle>false</forSmallOrMiddle>
                            <excludePurchaseFromPlan>false</excludePurchaseFromPlan>
                            <subcontractorsRequirement>false</subcontractorsRequirement>
                            <ignoredPurchase>false</ignoredPurchase>
                            <centralized>false</centralized>
                        </lotData>
                        <deliveryPlaceIndication>GL</deliveryPlaceIndication>
                        <jointLotData>
                            <jointLot>false</jointLot>
                        </jointLotData>
                        <lotPlanInfo>
                            <planRegistrationNumber>2160195932</planRegistrationNumber>
                            <planGuid>8648ced6-ac36-4a87-929a-51ae89150e53</planGuid>
                            <positionNumber>168</positionNumber>
                            <lotPlanPosition>COMMODITY</lotPlanPosition>
                            <positionGuid>58c70597-a5ef-8d08-e100-00000a388ca5</positionGuid>
                        </lotPlanInfo>
                        <cancelled>false</cancelled>
                    </lot>
                </ns2:lots>
            </ns2:purchaseNoticeEPData>
        </ns2:item>
    </ns2:body>
</ns2:purchaseNoticeEP>
