<?xml version="1.0" encoding="UTF-8" standalone="yes"?>
<ns2:purchaseNoticeEP xsi:schemaLocation="http://zakupki.gov.ru/223/integration/schema/TFF-5.2 http://zakupki.gov.ru/223/integration/schema/TFF-5.2/purchase.xsd" xmlns="http://zakupki.gov.ru/223fz/types/1" xmlns:ns10="http://zakupki.gov.ru/223fz/purchasePlan/1" xmlns:ns11="http://zakupki.gov.ru/223fz/purchasePlanProject/1" xmlns:ns12="http://zakupki.gov.ru/223fz/purchasePlanProjectAdditionalPosition/1" xmlns:ns13="http://zakupki.gov.ru/223fz/contract/1" xmlns:ns14="http://zakupki.gov.ru/223fz/missedNotice/1" xmlns:ns15="http://zakupki.gov.ru/223fz/reference/1" xmlns:ns16="http://zakupki.gov.ru/223fz/stopCommodity/1" xmlns:ns17="http://zakupki.gov.ru/223fz/decisionSuspension/1" xmlns:ns18="http://zakupki.gov.ru/223fz/purchasePlanAdditionalPosition/1" xmlns:ns19="http://zakupki.gov.ru/223fz/webRequest/1" xmlns:ns2="http://zakupki.gov.ru/223fz/purchase/1" xmlns:xsi="http://www.w3.org/2001/XMLSchema-instance" xmlns:ns3="http://zakupki.gov.ru/223fz/dishonestSupplier/1" xmlns:ns4="http://zakupki.gov.ru/223fz/machineryListInfo/1" xmlns:ns5="http://zakupki.gov.ru/223fz/revenue/1" xmlns:ns6="http://zakupki.gov.ru/223fz/orderClauseList/1" xmlns:ns7="http://zakupki.gov.ru/223fz/disagreementProtocol/1" xmlns:ns8="http://zakupki.gov.ru/223fz/complaint/1" xmlns:ns9="http://zakupki.gov.ru/223fz/notificationIssue/1">
    <header>
        <guid>83b81ac7-7204-4c47-9c08-6ae680eba837</guid>
        <createDateTime>2017-03-15T11:35:23</createDateTime>
    </header>
    <ns2:body>
        <ns2:item>
            <guid>f2083248-e56c-493a-8e6a-507b209aacf2</guid>
            <ns2:purchaseNoticeEPData>
                <ns2:guid>f2083248-e56c-493a-8e6a-507b209aacf2</ns2:guid>
                <ns2:createDateTime>2017-03-15T11:31:49</ns2:createDateTime>
                <ns2:urlOOS>https://zakupki.gov.ru/223/purchase/private/purchase/notice-info/details.html?noticeInfoId=5877040</ns2:urlOOS>
                <ns2:registrationNumber>31704890721</ns2:registrationNumber>
                <ns2:name>Услуги по сопровождению информационного обеспечения, прикладных и общесистемных ИТ-сервисов автоматизированной информационной системы ФНС России, в соответствии с Техническим заданием</ns2:name>
                <ns2:customer>
                    <mainInfo>
                        <fullName>АКЦИОНЕРНОЕ ОБЩЕСТВО "ГЛАВНЫЙ НАУЧНЫЙ ИННОВАЦИОННЫЙ ВНЕДРЕНЧЕСКИЙ ЦЕНТР"</fullName>
                        <shortName>АО "ГНИВЦ"</shortName>
                        <iko>57733284010773301001</iko>
                        <inn>7733284010</inn>
                        <kpp>773301001</kpp>
                        <ogrn>1167746447461</ogrn>
                        <legalAddress>125373, Г МОСКВА, ПР ПОХОДНЫЙ, дом ДОМОВЛ. 3, корпус СТРОЕНИЕ 1</legalAddress>
                        <postalAddress>125373, дом 3, строение 1</postalAddress>
                        <phone>7-495-9130700</phone>
                        <fax>7-495-9131961</fax>
                        <email>ok1@gnivc.ru</email>
                        <okato>45283593000</okato>
                        <okpo>02805759</okpo>
                    </mainInfo>
                </ns2:customer>
                <ns2:purchaseMethodCode>3363</ns2:purchaseMethodCode>
                <ns2:purchaseCodeName>Закупка у единственного поставщика (исполнителя, подрядчика)</ns2:purchaseCodeName>
                <ns2:placer>
                    <mainInfo>
                        <fullName>АКЦИОНЕРНОЕ ОБЩЕСТВО "ГЛАВНЫЙ НАУЧНЫЙ ИННОВАЦИОННЫЙ ВНЕДРЕНЧЕСКИЙ ЦЕНТР"</fullName>
                        <shortName>АО "ГНИВЦ"</shortName>
                        <iko>57733284010773301001</iko>
                        <inn>7733284010</inn>
                        <kpp>773301001</kpp>
                        <ogrn>1167746447461</ogrn>
                        <legalAddress>125373, Г МОСКВА, ПР ПОХОДНЫЙ, дом ДОМОВЛ. 3, корпус СТРОЕНИЕ 1</legalAddress>
                        <postalAddress>125373, дом 3, строение 1</postalAddress>
                        <phone>7-495-9130700</phone>
                        <fax>7-495-9131961</fax>
                        <email>ok1@gnivc.ru</email>
                        <okato>45283593000</okato>
                        <okpo>02805759</okpo>
                    </mainInfo>
                </ns2:placer>
                <ns2:contact>
                    <phone>+7 (495) 9130717</phone>
                    <email>zak@gnivc.ru</email>
                    <organization>
                        <mainInfo>
                            <fullName>АКЦИОНЕРНОЕ ОБЩЕСТВО "ГЛАВНЫЙ НАУЧНЫЙ ИННОВАЦИОННЫЙ ВНЕДРЕНЧЕСКИЙ ЦЕНТР"</fullName>
                            <shortName>АО "ГНИВЦ"</shortName>
                            <iko>57733284010773301001</iko>
                            <inn>7733284010</inn>
                            <kpp>773301001</kpp>
                            <ogrn>1167746447461</ogrn>
                            <legalAddress>125373, Г МОСКВА, ПР ПОХОДНЫЙ, дом ДОМОВЛ. 3, корпус СТРОЕНИЕ 1</legalAddress>
                            <postalAddress>125373, дом 3, строение 1</postalAddress>
                            <phone>7-495-9130700</phone>
                            <fax>7-495-9131961</fax>
                            <email>ok1@gnivc.ru</email>
                            <okato>45283593000</okato>
                            <okpo>02805759</okpo>
                        </mainInfo>
                    </organization>
                </ns2:contact>
                <ns2:publicationDateTime>2017-03-15T11:35:23</ns2:publicationDateTime>
                <ns2:documentationDelivery/>
                <ns2:status>P</ns2:status>
                <ns2:version>1</ns2:version>
                <ns2:notDishonest>false</ns2:notDishonest>
                <ns2:attachments>
                    <totalDocumentsCount>3</totalDocumentsCount>
                    <document>
                        <guid>a8833ba3-93ff-44d7-9d2b-98bbc2055d03</guid>
                        <createDateTime>2017-03-15T11:34:03</createDateTime>
                        <fileName>Документация о закупке у единственного поставщика.docx</fileName>
                        <description>Документация о закупке у единственного поставщика</description>
                        <url>http://zakupki.gov.ru/223/purchase/public/download/download.html?id=30066787</url>
                    </document>
                    <document>
                        <guid>2ca95eb1-0ecc-4228-8f26-550681e3a94f</guid>
                        <createDateTime>2017-03-15T11:34:07</createDateTime>
                        <fileName>Извещение о закупке у единственного поставщика.docx</fileName>
                        <description>Извещение о закупке у единственного поставщика</description>
                        <url>http://zakupki.gov.ru/223/purchase/public/download/download.html?id=30066789</url>
                    </document>
                    <document>
                        <guid>e6d860ea-afe7-42d0-8ab9-d2f63835263d</guid>
                        <createDateTime>2017-03-15T11:33:59</createDateTime>
                        <fileName>Договор.doc</fileName>
                        <description>Договор</description>
                        <url>http://zakupki.gov.ru/223/purchase/public/download/download.html?id=30066783</url>
                    </document>
                </ns2:attachments>
                <ns2:modificationDate>2017-03-15T11:35:23</ns2:modificationDate>
                <ns2:saveUserId>206818</ns2:saveUserId>
                <ns2:deliveryPlaceIndication>DIFFERENT_PLACE</ns2:deliveryPlaceIndication>
                <ns2:emergency>false</ns2:emergency>
                <ns2:jointPurchase>false</ns2:jointPurchase>
                <ns2:lots>
                    <lot>
                        <guid>07e4a982-3d9c-4e2a-b437-eb8a3f52592e</guid>
                        <ordinalNumber>1</ordinalNumber>
                        <lotEditEnabled>false</lotEditEnabled>
                        <lotData>
                            <subject>Услуги по сопровождению информационного обеспечения, прикладных и общесистемных ИТ-сервисов автоматизированной информационной системы ФНС России, в соответствии с Техническим заданием
</subject>
                            <currency>
                                <code>RUB</code>
                                <digitalCode>643</digitalCode>
                                <name>Российский рубль</name>
                            </currency>
                            <initialSum>605000.00</initialSum>
                            <deliveryPlace>
                                <state>Центральный федеральный округ</state>
                                <region>Москва</region>
                                <regionOkato>45000000000</regionOkato>
                                <address>Москва, Походный проезд, домовладение 3, строение 1</address>
                            </deliveryPlace>
                            <lotItems>
                                <newCodes>true</newCodes>
                                <lotItem>
                                    <guid>8f99e7de-c01e-40da-80ac-68ab5b3aa794</guid>
                                    <ordinalNumber>1</ordinalNumber>
                                    <okpd2>
                                        <code>62.0</code>
                                        <name>Продукты программные и услуги по разработке программного обеспечения; консультационные и аналогичные услуги в области информационных технологий</name>
                                    </okpd2>
                                    <okved2>
                                        <code>62.0</code>
                                        <name>Разработка компьютерного программного обеспечения, консультационные услуги в данной области и другие сопутствующие услуги</name>
                                    </okved2>
                                </lotItem>
                            </lotItems>
                            <forSmallOrMiddle>false</forSmallOrMiddle>
                            <excludePurchaseFromPlan>false</excludePurchaseFromPlan>
                            <subcontractorsRequirement>false</subcontractorsRequirement>
                            <ignoredPurchase>false</ignoredPurchase>
                            <centralized>false</centralized>
                        </lotData>
                        <deliveryPlaceIndication>GL</deliveryPlaceIndication>
                        <jointLotData>
                            <jointLot>false</jointLot>
                        </jointLotData>
                        <lotPlanInfo>
                            <planRegistrationNumber>2160212782</planRegistrationNumber>
                            <planGuid>43bdbc1e-1c86-47f1-9694-c9d1289e41d4</planGuid>
                            <positionNumber>93</positionNumber>
                            <lotPlanPosition>COMMODITY</lotPlanPosition>
                            <positionGuid>96174c6f-d11b-4c27-ab8a-4bd4538f2ee1</positionGuid>
                        </lotPlanInfo>
                        <cancelled>false</cancelled>
                    </lot>
                </ns2:lots>
            </ns2:purchaseNoticeEPData>
        </ns2:item>
    </ns2:body>
</ns2:purchaseNoticeEP>
