<?xml version="1.0" encoding="UTF-8" standalone="yes"?>
<ns2:purchaseNoticeEP xsi:schemaLocation="http://zakupki.gov.ru/223/integration/schema/TFF-5.2 http://zakupki.gov.ru/223/integration/schema/TFF-5.2/purchase.xsd" xmlns="http://zakupki.gov.ru/223fz/types/1" xmlns:ns10="http://zakupki.gov.ru/223fz/purchasePlan/1" xmlns:ns11="http://zakupki.gov.ru/223fz/purchasePlanProject/1" xmlns:ns12="http://zakupki.gov.ru/223fz/purchasePlanProjectAdditionalPosition/1" xmlns:ns13="http://zakupki.gov.ru/223fz/contract/1" xmlns:ns14="http://zakupki.gov.ru/223fz/missedNotice/1" xmlns:ns15="http://zakupki.gov.ru/223fz/reference/1" xmlns:ns16="http://zakupki.gov.ru/223fz/stopCommodity/1" xmlns:ns17="http://zakupki.gov.ru/223fz/decisionSuspension/1" xmlns:ns18="http://zakupki.gov.ru/223fz/purchasePlanAdditionalPosition/1" xmlns:ns19="http://zakupki.gov.ru/223fz/webRequest/1" xmlns:ns2="http://zakupki.gov.ru/223fz/purchase/1" xmlns:xsi="http://www.w3.org/2001/XMLSchema-instance" xmlns:ns3="http://zakupki.gov.ru/223fz/dishonestSupplier/1" xmlns:ns4="http://zakupki.gov.ru/223fz/machineryListInfo/1" xmlns:ns5="http://zakupki.gov.ru/223fz/revenue/1" xmlns:ns6="http://zakupki.gov.ru/223fz/orderClauseList/1" xmlns:ns7="http://zakupki.gov.ru/223fz/disagreementProtocol/1" xmlns:ns8="http://zakupki.gov.ru/223fz/complaint/1" xmlns:ns9="http://zakupki.gov.ru/223fz/notificationIssue/1">
    <header>
        <guid>d777b9f1-b34f-407d-913a-94e9e51ced2a</guid>
        <createDateTime>2017-03-15T18:44:25</createDateTime>
    </header>
    <ns2:body>
        <ns2:item>
            <guid>7fac87c7-984f-42ff-b0d2-e45a6744e3f6</guid>
            <ns2:purchaseNoticeEPData>
                <ns2:guid>7fac87c7-984f-42ff-b0d2-e45a6744e3f6</ns2:guid>
                <ns2:createDateTime>2017-03-15T18:43:07</ns2:createDateTime>
                <ns2:urlOOS>https://zakupki.gov.ru/223/purchase/private/purchase/notice-info/details.html?noticeInfoId=5881289</ns2:urlOOS>
                <ns2:registrationNumber>31704894279</ns2:registrationNumber>
                <ns2:name>ТЭО по маршруту Франция – Россия, г. Хабаровск</ns2:name>
                <ns2:customer>
                    <mainInfo>
                        <fullName>ОБЩЕСТВО С ОГРАНИЧЕННОЙ ОТВЕТСТВЕННОСТЬЮ "ОАК-ЗАКУПКИ"</fullName>
                        <shortName>ООО "ОАК-ЗАКУПКИ"</shortName>
                        <iko>67714922571771401001</iko>
                        <inn>7714922571</inn>
                        <kpp>771401001</kpp>
                        <ogrn>5137746152363</ogrn>
                        <legalAddress>125284, МОСКВА, ПОЛИКАРПОВА, дом 27, корпус 3</legalAddress>
                        <postalAddress>125284 Москва ул. Поликарпова д.27 стр.3</postalAddress>
                        <phone>7-495-9266296</phone>
                        <email>Y_Ushakov@uac-gp.ru</email>
                        <okato>45277598000</okato>
                        <okpo>23346617</okpo>
                    </mainInfo>
                </ns2:customer>
                <ns2:purchaseMethodCode>3363</ns2:purchaseMethodCode>
                <ns2:purchaseCodeName>Закупка у единственного поставщика (исполнителя, подрядчика)</ns2:purchaseCodeName>
                <ns2:placer>
                    <mainInfo>
                        <fullName>ОБЩЕСТВО С ОГРАНИЧЕННОЙ ОТВЕТСТВЕННОСТЬЮ "ОАК-ЗАКУПКИ"</fullName>
                        <shortName>ООО "ОАК-ЗАКУПКИ"</shortName>
                        <iko>67714922571771401001</iko>
                        <inn>7714922571</inn>
                        <kpp>771401001</kpp>
                        <ogrn>5137746152363</ogrn>
                        <legalAddress>125284, МОСКВА, ПОЛИКАРПОВА, дом 27, корпус 3</legalAddress>
                        <postalAddress>125284 Москва ул. Поликарпова д.27 стр.3</postalAddress>
                        <phone>7-495-9266296</phone>
                        <email>Y_Ushakov@uac-gp.ru</email>
                        <okato>45277598000</okato>
                        <okpo>23346617</okpo>
                    </mainInfo>
                </ns2:placer>
                <ns2:contact>
                    <phone>+7 (495) 9266296</phone>
                    <email>E_Kotova@uac-gp.ru</email>
                    <organization>
                        <mainInfo>
                            <fullName>ОБЩЕСТВО С ОГРАНИЧЕННОЙ ОТВЕТСТВЕННОСТЬЮ "ОАК-ЗАКУПКИ"</fullName>
                            <shortName>ООО "ОАК-ЗАКУПКИ"</shortName>
                            <iko>67714922571771401001</iko>
                            <inn>7714922571</inn>
                            <kpp>771401001</kpp>
                            <ogrn>5137746152363</ogrn>
                            <legalAddress>125284, МОСКВА, ПОЛИКАРПОВА, дом 27, корпус 3</legalAddress>
                            <postalAddress>125284 Москва ул. Поликарпова д.27 стр.3</postalAddress>
                            <phone>7-495-9266296</phone>
                            <email>Y_Ushakov@uac-gp.ru</email>
                            <okato>45277598000</okato>
                            <okpo>23346617</okpo>
                        </mainInfo>
                    </organization>
                </ns2:contact>
                <ns2:publicationDateTime>2017-03-15T18:44:25</ns2:publicationDateTime>
                <ns2:documentationDelivery/>
                <ns2:status>P</ns2:status>
                <ns2:version>1</ns2:version>
                <ns2:notDishonest>true</ns2:notDishonest>
                <ns2:attachments>
                    <totalDocumentsCount>2</totalDocumentsCount>
                    <document>
                        <guid>654d7ed1-1c34-4258-9a5c-58b1d624fbf9</guid>
                        <createDateTime>2017-03-15T18:43:54</createDateTime>
                        <fileName>Документация по закупке у ЕИ.docx</fileName>
                        <description>Документация по закупке у ЕИ</description>
                        <url>http://zakupki.gov.ru/223/purchase/public/download/download.html?id=30086736</url>
                    </document>
                    <document>
                        <guid>f84d46f5-6585-4383-83b8-486e809578af</guid>
                        <createDateTime>2017-03-15T18:44:18</createDateTime>
                        <fileName>Проект заявки к договору.docx</fileName>
                        <description>Проект заявки к договору</description>
                        <url>http://zakupki.gov.ru/223/purchase/public/download/download.html?id=30086751</url>
                    </document>
                </ns2:attachments>
                <ns2:modificationDate>2017-03-15T18:44:25</ns2:modificationDate>
                <ns2:saveUserId>191986</ns2:saveUserId>
                <ns2:deliveryPlaceIndication>DIFFERENT_PLACE</ns2:deliveryPlaceIndication>
                <ns2:emergency>false</ns2:emergency>
                <ns2:jointPurchase>false</ns2:jointPurchase>
                <ns2:lots>
                    <lot>
                        <guid>72a5bba4-042c-40dc-b362-83f8b73f5ede</guid>
                        <ordinalNumber>1</ordinalNumber>
                        <lotEditEnabled>false</lotEditEnabled>
                        <lotData>
                            <subject>ТЭО Франция - Хабаровск</subject>
                            <currency>
                                <code>EUR</code>
                                <digitalCode>978</digitalCode>
                                <name>Евро</name>
                            </currency>
                            <initialSum>5177.00</initialSum>
                            <deliveryPlace>
                                <state>Центральный федеральный округ</state>
                                <region>Москва</region>
                                <regionOkato>45000000000</regionOkato>
                                <address>г. Москва, ул. Поликарпова, д.27, стр.3</address>
                            </deliveryPlace>
                            <lotItems>
                                <newCodes>true</newCodes>
                                <lotItem>
                                    <guid>b921aa5b-f9e7-4a7d-8ab7-dbdf92fef916</guid>
                                    <ordinalNumber>1</ordinalNumber>
                                    <okpd2>
                                        <code>51.21.1</code>
                                        <name>Услуги по перевозке грузов воздушным транспортом</name>
                                    </okpd2>
                                    <okved2>
                                        <code>51.21</code>
                                        <name>Деятельность грузового воздушного транспорта</name>
                                    </okved2>
                                    <okei>
                                        <code>642</code>
                                        <name>Единица</name>
                                    </okei>
                                    <qty>1</qty>
                                </lotItem>
                            </lotItems>
                            <forSmallOrMiddle>false</forSmallOrMiddle>
                            <excludePurchaseFromPlan>false</excludePurchaseFromPlan>
                            <subcontractorsRequirement>false</subcontractorsRequirement>
                            <ignoredPurchase>false</ignoredPurchase>
                            <centralized>false</centralized>
                        </lotData>
                        <deliveryPlaceIndication>GL</deliveryPlaceIndication>
                        <jointLotData>
                            <jointLot>false</jointLot>
                        </jointLotData>
                        <lotPlanInfo>
                            <planRegistrationNumber>2160200177</planRegistrationNumber>
                            <planGuid>0c058adc-f8e1-4e1f-a24f-47b857fd9146</planGuid>
                            <positionNumber>298</positionNumber>
                            <lotPlanPosition>COMMODITY</lotPlanPosition>
                            <positionGuid>b7a60ed6-a726-471e-b0c4-a3f8e079cb99</positionGuid>
                        </lotPlanInfo>
                        <cancelled>false</cancelled>
                    </lot>
                </ns2:lots>
            </ns2:purchaseNoticeEPData>
        </ns2:item>
    </ns2:body>
</ns2:purchaseNoticeEP>
