<?xml version="1.0" encoding="UTF-8" standalone="yes"?>
<ns2:purchaseNoticeEP xsi:schemaLocation="http://zakupki.gov.ru/223/integration/schema/TFF-5.2 http://zakupki.gov.ru/223/integration/schema/TFF-5.2/purchase.xsd" xmlns="http://zakupki.gov.ru/223fz/types/1" xmlns:ns10="http://zakupki.gov.ru/223fz/purchasePlan/1" xmlns:ns11="http://zakupki.gov.ru/223fz/purchasePlanProject/1" xmlns:ns12="http://zakupki.gov.ru/223fz/purchasePlanProjectAdditionalPosition/1" xmlns:ns13="http://zakupki.gov.ru/223fz/contract/1" xmlns:ns14="http://zakupki.gov.ru/223fz/missedNotice/1" xmlns:ns15="http://zakupki.gov.ru/223fz/reference/1" xmlns:ns16="http://zakupki.gov.ru/223fz/stopCommodity/1" xmlns:ns17="http://zakupki.gov.ru/223fz/decisionSuspension/1" xmlns:ns18="http://zakupki.gov.ru/223fz/purchasePlanAdditionalPosition/1" xmlns:ns19="http://zakupki.gov.ru/223fz/webRequest/1" xmlns:ns2="http://zakupki.gov.ru/223fz/purchase/1" xmlns:xsi="http://www.w3.org/2001/XMLSchema-instance" xmlns:ns3="http://zakupki.gov.ru/223fz/dishonestSupplier/1" xmlns:ns4="http://zakupki.gov.ru/223fz/machineryListInfo/1" xmlns:ns5="http://zakupki.gov.ru/223fz/revenue/1" xmlns:ns6="http://zakupki.gov.ru/223fz/orderClauseList/1" xmlns:ns7="http://zakupki.gov.ru/223fz/disagreementProtocol/1" xmlns:ns8="http://zakupki.gov.ru/223fz/complaint/1" xmlns:ns9="http://zakupki.gov.ru/223fz/notificationIssue/1">
    <header>
        <guid>fd1ef5ee-a8cd-4da8-bc82-e8f209d02edf</guid>
        <createDateTime>2017-03-15T14:11:16</createDateTime>
    </header>
    <ns2:body>
        <ns2:item>
            <guid>246f3801-21cf-4c07-91e3-e6b3b49d0a8a</guid>
            <ns2:purchaseNoticeEPData>
                <ns2:guid>246f3801-21cf-4c07-91e3-e6b3b49d0a8a</ns2:guid>
                <ns2:createDateTime>2017-03-15T13:49:56</ns2:createDateTime>
                <ns2:urlOOS>https://zakupki.gov.ru/223/purchase/private/purchase/notice-info/details.html?noticeInfoId=5878359</ns2:urlOOS>
                <ns2:registrationNumber>31704891963</ns2:registrationNumber>
                <ns2:name>Поставка стекла для ремонта подъездов МКД</ns2:name>
                <ns2:customer>
                    <mainInfo>
                        <fullName>ГОСУДАРСТВЕННОЕ БЮДЖЕТНОЕ УЧРЕЖДЕНИЕ ГОРОДА МОСКВЫ "ЖИЛИЩНИК АЛТУФЬЕВСКОГО РАЙОНА"</fullName>
                        <shortName>ГБУ "ЖИЛИЩНИК АЛТУФЬЕВСКОГО РАЙОНА"</shortName>
                        <iko>59715005363771501001</iko>
                        <inn>9715005363</inn>
                        <kpp>771501001</kpp>
                        <ogrn>5147746339362</ogrn>
                        <legalAddress>127410, г МОСКВА, ул СТАНДАРТНАЯ, дом 3</legalAddress>
                        <postalAddress>127410, Москва Город, Стандартная Улица, дом 3</postalAddress>
                        <phone>7-499-9022220</phone>
                        <fax>7-499-9025000</fax>
                        <email>gbu.altuf@mail.ru</email>
                        <okato>45280554000</okato>
                        <okpo>16672109</okpo>
                    </mainInfo>
                </ns2:customer>
                <ns2:purchaseMethodCode>3363</ns2:purchaseMethodCode>
                <ns2:purchaseCodeName>Закупка у единственного поставщика (исполнителя, подрядчика)</ns2:purchaseCodeName>
                <ns2:placer>
                    <mainInfo>
                        <fullName>ГОСУДАРСТВЕННОЕ БЮДЖЕТНОЕ УЧРЕЖДЕНИЕ ГОРОДА МОСКВЫ "ЖИЛИЩНИК АЛТУФЬЕВСКОГО РАЙОНА"</fullName>
                        <shortName>ГБУ "ЖИЛИЩНИК АЛТУФЬЕВСКОГО РАЙОНА"</shortName>
                        <iko>59715005363771501001</iko>
                        <inn>9715005363</inn>
                        <kpp>771501001</kpp>
                        <ogrn>5147746339362</ogrn>
                        <legalAddress>127410, г МОСКВА, ул СТАНДАРТНАЯ, дом 3</legalAddress>
                        <postalAddress>127410, Москва Город, Стандартная Улица, дом 3</postalAddress>
                        <phone>7-499-9022220</phone>
                        <fax>7-499-9025000</fax>
                        <email>gbu.altuf@mail.ru</email>
                        <okato>45280554000</okato>
                        <okpo>16672109</okpo>
                    </mainInfo>
                </ns2:placer>
                <ns2:contact>
                    <firstName>Дмитрий</firstName>
                    <middleName>Олегович</middleName>
                    <lastName>Кобзев</lastName>
                    <phone>+7 (499) 9022220</phone>
                    <fax>+7 (499) 9025000</fax>
                    <email>gbu.altuf@mail.ru</email>
                    <organization>
                        <mainInfo>
                            <fullName>ГОСУДАРСТВЕННОЕ БЮДЖЕТНОЕ УЧРЕЖДЕНИЕ ГОРОДА МОСКВЫ "ЖИЛИЩНИК АЛТУФЬЕВСКОГО РАЙОНА"</fullName>
                            <shortName>ГБУ "ЖИЛИЩНИК АЛТУФЬЕВСКОГО РАЙОНА"</shortName>
                            <iko>59715005363771501001</iko>
                            <inn>9715005363</inn>
                            <kpp>771501001</kpp>
                            <ogrn>5147746339362</ogrn>
                            <legalAddress>127410, г МОСКВА, ул СТАНДАРТНАЯ, дом 3</legalAddress>
                            <postalAddress>127410, Москва Город, Стандартная Улица, дом 3</postalAddress>
                            <phone>7-499-9022220</phone>
                            <fax>7-499-9025000</fax>
                            <email>gbu.altuf@mail.ru</email>
                            <okato>45280554000</okato>
                            <okpo>16672109</okpo>
                        </mainInfo>
                    </organization>
                </ns2:contact>
                <ns2:publicationDateTime>2017-03-15T14:11:16</ns2:publicationDateTime>
                <ns2:documentationDelivery>
                    <deliveryStartDateTime>2017-03-15</deliveryStartDateTime>
                    <deliveryEndDateTime>2017-03-16</deliveryEndDateTime>
                    <place>г. Москва, Алтуфьевское ш., д. 64В</place>
                    <procedure>Закупка у единственного поставщика</procedure>
                </ns2:documentationDelivery>
                <ns2:status>P</ns2:status>
                <ns2:version>1</ns2:version>
                <ns2:notDishonest>true</ns2:notDishonest>
                <ns2:attachments>
                    <totalDocumentsCount>4</totalDocumentsCount>
                    <document>
                        <guid>df2a9463-e705-42c9-be1f-88bcbb26d045</guid>
                        <createDateTime>2017-03-15T14:10:47</createDateTime>
                        <fileName>Техническое задание.docx</fileName>
                        <description>Техническое задание</description>
                        <url>http://zakupki.gov.ru/223/purchase/public/download/download.html?id=30074448</url>
                    </document>
                    <document>
                        <guid>b1f8eb29-5cbb-4fa5-9fa0-971b0175af1b</guid>
                        <createDateTime>2017-03-15T14:10:32</createDateTime>
                        <fileName>проект договора.docx</fileName>
                        <description>проект договора</description>
                        <url>http://zakupki.gov.ru/223/purchase/public/download/download.html?id=30074439</url>
                    </document>
                    <document>
                        <guid>99968122-5a13-4471-b042-3f428514ad0e</guid>
                        <createDateTime>2017-03-15T14:10:38</createDateTime>
                        <fileName>Протокол НМЦ.docx</fileName>
                        <description>Протокол НМЦ</description>
                        <url>http://zakupki.gov.ru/223/purchase/public/download/download.html?id=30074444</url>
                    </document>
                    <document>
                        <guid>3491d701-602e-40b0-9846-cbb0f41f7bdd</guid>
                        <createDateTime>2017-03-15T14:10:43</createDateTime>
                        <fileName>Расчет НМЦК.xlsx</fileName>
                        <description>Расчет НМЦК</description>
                        <url>http://zakupki.gov.ru/223/purchase/public/download/download.html?id=30074445</url>
                    </document>
                </ns2:attachments>
                <ns2:modificationDate>2017-03-15T14:11:16</ns2:modificationDate>
                <ns2:saveUserId>188501</ns2:saveUserId>
                <ns2:deliveryPlaceIndication>DIFFERENT_PLACE</ns2:deliveryPlaceIndication>
                <ns2:emergency>false</ns2:emergency>
                <ns2:jointPurchase>false</ns2:jointPurchase>
                <ns2:lots>
                    <lot>
                        <guid>a6f5d93c-812a-4ffa-8a91-39bd54755c77</guid>
                        <ordinalNumber>1</ordinalNumber>
                        <lotEditEnabled>false</lotEditEnabled>
                        <lotData>
                            <subject>Поставка стекла для ремонта подъездов МКД</subject>
                            <currency>
                                <code>RUB</code>
                                <digitalCode>643</digitalCode>
                                <name>Российский рубль</name>
                            </currency>
                            <initialSum>124160.00</initialSum>
                            <deliveryPlace>
                                <state>Центральный федеральный округ</state>
                                <region>Москва</region>
                                <regionOkato>45000000000</regionOkato>
                                <address>г. Москва, ул. Стандартная, д. 3</address>
                            </deliveryPlace>
                            <lotItems>
                                <newCodes>true</newCodes>
                                <lotItem>
                                    <guid>fdb4f74d-aca5-43f2-a5d2-dd806dd11b6f</guid>
                                    <ordinalNumber>1</ordinalNumber>
                                    <okpd2>
                                        <code>46.73.15.000</code>
                                        <name>Услуги по оптовой торговле листовым стеклом</name>
                                    </okpd2>
                                    <okved2>
                                        <code>46.73.5</code>
                                        <name>Торговля оптовая листовым стеклом</name>
                                    </okved2>
                                    <okei>
                                        <code>839</code>
                                        <name>Комплект</name>
                                    </okei>
                                    <qty>1</qty>
                                </lotItem>
                            </lotItems>
                            <forSmallOrMiddle>true</forSmallOrMiddle>
                            <excludePurchaseFromPlan>false</excludePurchaseFromPlan>
                            <subcontractorsRequirement>false</subcontractorsRequirement>
                            <ignoredPurchase>false</ignoredPurchase>
                            <centralized>false</centralized>
                        </lotData>
                        <deliveryPlaceIndication>GL</deliveryPlaceIndication>
                        <jointLotData>
                            <jointLot>false</jointLot>
                        </jointLotData>
                        <lotPlanInfo>
                            <planRegistrationNumber>2150123305</planRegistrationNumber>
                            <planGuid>26193e0c-ab34-4967-bec4-f25341e01480</planGuid>
                            <positionNumber>87</positionNumber>
                            <lotPlanPosition>COMMODITY</lotPlanPosition>
                            <positionGuid>6c3576d4-3f46-4583-926c-c094176bfc65</positionGuid>
                        </lotPlanInfo>
                        <cancelled>false</cancelled>
                    </lot>
                </ns2:lots>
            </ns2:purchaseNoticeEPData>
        </ns2:item>
    </ns2:body>
</ns2:purchaseNoticeEP>
