<?xml version="1.0" encoding="UTF-8" standalone="yes"?>
<ns2:purchaseNoticeEP xsi:schemaLocation="http://zakupki.gov.ru/223/integration/schema/TFF-5.2 http://zakupki.gov.ru/223/integration/schema/TFF-5.2/purchase.xsd" xmlns="http://zakupki.gov.ru/223fz/types/1" xmlns:ns10="http://zakupki.gov.ru/223fz/purchasePlan/1" xmlns:ns11="http://zakupki.gov.ru/223fz/purchasePlanProject/1" xmlns:ns12="http://zakupki.gov.ru/223fz/purchasePlanProjectAdditionalPosition/1" xmlns:ns13="http://zakupki.gov.ru/223fz/contract/1" xmlns:ns14="http://zakupki.gov.ru/223fz/missedNotice/1" xmlns:ns15="http://zakupki.gov.ru/223fz/reference/1" xmlns:ns16="http://zakupki.gov.ru/223fz/stopCommodity/1" xmlns:ns17="http://zakupki.gov.ru/223fz/decisionSuspension/1" xmlns:ns18="http://zakupki.gov.ru/223fz/purchasePlanAdditionalPosition/1" xmlns:ns19="http://zakupki.gov.ru/223fz/webRequest/1" xmlns:ns2="http://zakupki.gov.ru/223fz/purchase/1" xmlns:xsi="http://www.w3.org/2001/XMLSchema-instance" xmlns:ns3="http://zakupki.gov.ru/223fz/dishonestSupplier/1" xmlns:ns4="http://zakupki.gov.ru/223fz/machineryListInfo/1" xmlns:ns5="http://zakupki.gov.ru/223fz/revenue/1" xmlns:ns6="http://zakupki.gov.ru/223fz/orderClauseList/1" xmlns:ns7="http://zakupki.gov.ru/223fz/disagreementProtocol/1" xmlns:ns8="http://zakupki.gov.ru/223fz/complaint/1" xmlns:ns9="http://zakupki.gov.ru/223fz/notificationIssue/1">
    <header>
        <guid>178950be-55c6-4126-a8dc-684e851278f1</guid>
        <createDateTime>2017-03-15T18:13:35</createDateTime>
    </header>
    <ns2:body>
        <ns2:item>
            <guid>42436440-a466-4b87-af85-a405ede49202</guid>
            <ns2:purchaseNoticeEPData>
                <ns2:guid>42436440-a466-4b87-af85-a405ede49202</ns2:guid>
                <ns2:createDateTime>2017-03-15T18:12:14</ns2:createDateTime>
                <ns2:urlOOS>https://zakupki.gov.ru/223/purchase/private/purchase/notice-info/details.html?noticeInfoId=5881182</ns2:urlOOS>
                <ns2:registrationNumber>31704894166</ns2:registrationNumber>
                <ns2:name>Оказание услуг по устройству монолитных фундаментов ФМ-1 на станции РТС «Ишлеи» на основании договора гражданско-правового характера с физическим лицом</ns2:name>
                <ns2:customer>
                    <mainInfo>
                        <fullName>Общество с ограниченной ответственностью "Алмаз-Антей Телекоммуникации"</fullName>
                        <shortName>ООО "ААТ"</shortName>
                        <iko>57701324782770101001</iko>
                        <inn>7701324782</inn>
                        <kpp>770101001</kpp>
                        <ogrn>1037701007618</ogrn>
                        <legalAddress>105082, Москва, Почтовая Б., дом 22, корпус стр.7</legalAddress>
                        <postalAddress>105082, г. Москва, ул. Большая Почтовая, д. 55/59</postalAddress>
                        <phone>7-495-7460110</phone>
                        <fax>7-495-7460110</fax>
                        <email>77010ic@host7.taxcom.ru</email>
                        <okato>45286555000</okato>
                        <okpo>13565784</okpo>
                    </mainInfo>
                </ns2:customer>
                <ns2:purchaseMethodCode>3363</ns2:purchaseMethodCode>
                <ns2:purchaseCodeName>Закупка у единственного поставщика (исполнителя, подрядчика)</ns2:purchaseCodeName>
                <ns2:placer>
                    <mainInfo>
                        <fullName>Общество с ограниченной ответственностью "Алмаз-Антей Телекоммуникации"</fullName>
                        <shortName>ООО "ААТ"</shortName>
                        <iko>57701324782770101001</iko>
                        <inn>7701324782</inn>
                        <kpp>770101001</kpp>
                        <ogrn>1037701007618</ogrn>
                        <legalAddress>105082, Москва, Почтовая Б., дом 22, корпус стр.7</legalAddress>
                        <postalAddress>105082, г. Москва, ул. Большая Почтовая, д. 55/59</postalAddress>
                        <phone>7-495-7460110</phone>
                        <fax>7-495-7460110</fax>
                        <email>77010ic@host7.taxcom.ru</email>
                        <okato>45286555000</okato>
                        <okpo>13565784</okpo>
                    </mainInfo>
                </ns2:placer>
                <ns2:contact>
                    <phone>+7 (495) 7460110</phone>
                    <email>tender@a-at.ru</email>
                    <organization>
                        <mainInfo>
                            <fullName>Общество с ограниченной ответственностью "Алмаз-Антей Телекоммуникации"</fullName>
                            <shortName>ООО "ААТ"</shortName>
                            <iko>57701324782770101001</iko>
                            <inn>7701324782</inn>
                            <kpp>770101001</kpp>
                            <ogrn>1037701007618</ogrn>
                            <legalAddress>105082, Москва, Почтовая Б., дом 22, корпус стр.7</legalAddress>
                            <postalAddress>105082, г. Москва, ул. Большая Почтовая, д. 55/59</postalAddress>
                            <phone>7-495-7460110</phone>
                            <fax>7-495-7460110</fax>
                            <email>77010ic@host7.taxcom.ru</email>
                            <okato>45286555000</okato>
                            <okpo>13565784</okpo>
                        </mainInfo>
                    </organization>
                </ns2:contact>
                <ns2:publicationDateTime>2017-03-15T18:13:35</ns2:publicationDateTime>
                <ns2:documentationDelivery/>
                <ns2:status>P</ns2:status>
                <ns2:version>1</ns2:version>
                <ns2:notDishonest>true</ns2:notDishonest>
                <ns2:attachments>
                    <totalDocumentsCount>1</totalDocumentsCount>
                    <document>
                        <guid>0f875414-89a5-47f0-827f-ea63fb7b127d</guid>
                        <createDateTime>2017-03-15T18:13:06</createDateTime>
                        <fileName>Izveschenie_o_zakupke_u_edinstvennogo_postavschika_088.pdf</fileName>
                        <description>Izveschenie_o_zakupke_u_edinstvennogo_postavschika_088</description>
                        <url>http://zakupki.gov.ru/223/purchase/public/download/download.html?id=30086211</url>
                    </document>
                </ns2:attachments>
                <ns2:modificationDate>2017-03-15T18:13:35</ns2:modificationDate>
                <ns2:saveUserId>34895</ns2:saveUserId>
                <ns2:deliveryPlaceIndication>DIFFERENT_PLACE</ns2:deliveryPlaceIndication>
                <ns2:emergency>false</ns2:emergency>
                <ns2:jointPurchase>false</ns2:jointPurchase>
                <ns2:lots>
                    <lot>
                        <guid>05fe62be-e858-42db-9c65-52e14793f45f</guid>
                        <ordinalNumber>1</ordinalNumber>
                        <lotEditEnabled>false</lotEditEnabled>
                        <lotData>
                            <subject>Работы по строительству фундаментов</subject>
                            <currency>
                                <code>RUB</code>
                                <digitalCode>643</digitalCode>
                                <name>Российский рубль</name>
                            </currency>
                            <initialSum>206897.00</initialSum>
                            <deliveryPlace>
                                <state>Приволжский федеральный округ</state>
                                <region>Чувашская Республика - Чувашия</region>
                                <regionOkato>97000000000</regionOkato>
                                <address>Чувашская республика, Чебоксарский район, с/пос. Ишлейское.</address>
                            </deliveryPlace>
                            <lotItems>
                                <newCodes>true</newCodes>
                                <lotItem>
                                    <guid>1e581203-213c-4b67-be22-023a926d869c</guid>
                                    <ordinalNumber>1</ordinalNumber>
                                    <okpd2>
                                        <code>43.99.30.000</code>
                                        <name>Работы свайные; работы по строительству фундаментов</name>
                                    </okpd2>
                                    <okved2>
                                        <code>43.99.3</code>
                                        <name>Работы свайные и работы по строительству фундаментов</name>
                                    </okved2>
                                </lotItem>
                            </lotItems>
                            <forSmallOrMiddle>false</forSmallOrMiddle>
                            <excludePurchaseFromPlan>false</excludePurchaseFromPlan>
                            <subcontractorsRequirement>false</subcontractorsRequirement>
                            <ignoredPurchase>false</ignoredPurchase>
                            <centralized>false</centralized>
                        </lotData>
                        <deliveryPlaceIndication>GL</deliveryPlaceIndication>
                        <jointLotData>
                            <jointLot>false</jointLot>
                        </jointLotData>
                        <lotPlanInfo>
                            <planRegistrationNumber>2170222443</planRegistrationNumber>
                            <planGuid>0bb2047f-9acb-4847-96b1-8e5be0438fed</planGuid>
                            <positionNumber>374</positionNumber>
                            <lotPlanPosition>COMMODITY</lotPlanPosition>
                            <positionGuid>71680137-b41e-41c9-abdd-d3cf8a06eb73</positionGuid>
                        </lotPlanInfo>
                        <cancelled>false</cancelled>
                    </lot>
                </ns2:lots>
            </ns2:purchaseNoticeEPData>
        </ns2:item>
    </ns2:body>
</ns2:purchaseNoticeEP>
