<?xml version="1.0" encoding="UTF-8" standalone="yes"?>
<ns2:purchaseNoticeEP xsi:schemaLocation="http://zakupki.gov.ru/223/integration/schema/TFF-5.2 http://zakupki.gov.ru/223/integration/schema/TFF-5.2/purchase.xsd" xmlns="http://zakupki.gov.ru/223fz/types/1" xmlns:ns10="http://zakupki.gov.ru/223fz/purchasePlan/1" xmlns:ns11="http://zakupki.gov.ru/223fz/purchasePlanProject/1" xmlns:ns12="http://zakupki.gov.ru/223fz/purchasePlanProjectAdditionalPosition/1" xmlns:ns13="http://zakupki.gov.ru/223fz/contract/1" xmlns:ns14="http://zakupki.gov.ru/223fz/missedNotice/1" xmlns:ns15="http://zakupki.gov.ru/223fz/reference/1" xmlns:ns16="http://zakupki.gov.ru/223fz/stopCommodity/1" xmlns:ns17="http://zakupki.gov.ru/223fz/decisionSuspension/1" xmlns:ns18="http://zakupki.gov.ru/223fz/purchasePlanAdditionalPosition/1" xmlns:ns19="http://zakupki.gov.ru/223fz/webRequest/1" xmlns:ns2="http://zakupki.gov.ru/223fz/purchase/1" xmlns:xsi="http://www.w3.org/2001/XMLSchema-instance" xmlns:ns3="http://zakupki.gov.ru/223fz/dishonestSupplier/1" xmlns:ns4="http://zakupki.gov.ru/223fz/machineryListInfo/1" xmlns:ns5="http://zakupki.gov.ru/223fz/revenue/1" xmlns:ns6="http://zakupki.gov.ru/223fz/orderClauseList/1" xmlns:ns7="http://zakupki.gov.ru/223fz/disagreementProtocol/1" xmlns:ns8="http://zakupki.gov.ru/223fz/complaint/1" xmlns:ns9="http://zakupki.gov.ru/223fz/notificationIssue/1">
    <header>
        <guid>d3495b23-f8c4-4dff-9606-afcef09b762a</guid>
        <createDateTime>2017-03-15T14:27:54</createDateTime>
    </header>
    <ns2:body>
        <ns2:item>
            <guid>fb95a8ae-03ea-4814-8f83-7bd6d1dc27e1</guid>
            <ns2:purchaseNoticeEPData>
                <ns2:guid>fb95a8ae-03ea-4814-8f83-7bd6d1dc27e1</ns2:guid>
                <ns2:createDateTime>2017-03-15T14:22:30</ns2:createDateTime>
                <ns2:urlOOS>https://zakupki.gov.ru/223/purchase/private/purchase/notice-info/details.html?noticeInfoId=5878776</ns2:urlOOS>
                <ns2:registrationNumber>31704892139</ns2:registrationNumber>
                <ns2:name>Оказание услуг по ремонту медицинского оборудования (кардиомониторов) для  нужд ФГБНУ "НИИГБ"</ns2:name>
                <ns2:customer>
                    <mainInfo>
                        <fullName>ФЕДЕРАЛЬНОЕ ГОСУДАРСТВЕННОЕ БЮДЖЕТНОЕ НАУЧНОЕ УЧРЕЖДЕНИЕ "НАУЧНО-ИССЛЕДОВАТЕЛЬСКИЙ ИНСТИТУТ ГЛАЗНЫХ БОЛЕЗНЕЙ"</fullName>
                        <shortName>ФГБНУ "НИИГБ"</shortName>
                        <iko>87704084426770401001</iko>
                        <inn>7704084426</inn>
                        <kpp>770401001</kpp>
                        <ogrn>1027700278583</ogrn>
                        <legalAddress>119021, г МОСКВА, ул РОССОЛИМО, дом 11, корпус А;Б</legalAddress>
                        <postalAddress>119021, Москва, Россолимо, дом 11, корпус А;Б</postalAddress>
                        <phone>7-499-2480125</phone>
                        <email>info@eyeacademy.ru</email>
                        <okato>45286590000</okato>
                        <okpo>01898517</okpo>
                    </mainInfo>
                </ns2:customer>
                <ns2:purchaseMethodCode>3363</ns2:purchaseMethodCode>
                <ns2:purchaseCodeName>Закупка у единственного поставщика (исполнителя, подрядчика)</ns2:purchaseCodeName>
                <ns2:placer>
                    <mainInfo>
                        <fullName>ФЕДЕРАЛЬНОЕ ГОСУДАРСТВЕННОЕ БЮДЖЕТНОЕ НАУЧНОЕ УЧРЕЖДЕНИЕ "НАУЧНО-ИССЛЕДОВАТЕЛЬСКИЙ ИНСТИТУТ ГЛАЗНЫХ БОЛЕЗНЕЙ"</fullName>
                        <shortName>ФГБНУ "НИИГБ"</shortName>
                        <iko>87704084426770401001</iko>
                        <inn>7704084426</inn>
                        <kpp>770401001</kpp>
                        <ogrn>1027700278583</ogrn>
                        <legalAddress>119021, г МОСКВА, ул РОССОЛИМО, дом 11, корпус А;Б</legalAddress>
                        <postalAddress>119021, Москва, Россолимо, дом 11, корпус А;Б</postalAddress>
                        <phone>7-499-2480125</phone>
                        <email>info@eyeacademy.ru</email>
                        <okato>45286590000</okato>
                        <okpo>01898517</okpo>
                    </mainInfo>
                </ns2:placer>
                <ns2:contact>
                    <firstName>Евгения</firstName>
                    <middleName>Ивановна</middleName>
                    <lastName>Советова</lastName>
                    <phone>+7 (499) 2480379</phone>
                    <email>zakupkiniigb@gmail.com</email>
                    <organization>
                        <mainInfo>
                            <fullName>ФЕДЕРАЛЬНОЕ ГОСУДАРСТВЕННОЕ БЮДЖЕТНОЕ НАУЧНОЕ УЧРЕЖДЕНИЕ "НАУЧНО-ИССЛЕДОВАТЕЛЬСКИЙ ИНСТИТУТ ГЛАЗНЫХ БОЛЕЗНЕЙ"</fullName>
                            <shortName>ФГБНУ "НИИГБ"</shortName>
                            <iko>87704084426770401001</iko>
                            <inn>7704084426</inn>
                            <kpp>770401001</kpp>
                            <ogrn>1027700278583</ogrn>
                            <legalAddress>119021, г МОСКВА, ул РОССОЛИМО, дом 11, корпус А;Б</legalAddress>
                            <postalAddress>119021, Москва, Россолимо, дом 11, корпус А;Б</postalAddress>
                            <phone>7-499-2480125</phone>
                            <email>info@eyeacademy.ru</email>
                            <okato>45286590000</okato>
                            <okpo>01898517</okpo>
                        </mainInfo>
                    </organization>
                </ns2:contact>
                <ns2:publicationDateTime>2017-03-15T14:27:54</ns2:publicationDateTime>
                <ns2:documentationDelivery/>
                <ns2:status>P</ns2:status>
                <ns2:version>1</ns2:version>
                <ns2:notDishonest>true</ns2:notDishonest>
                <ns2:attachments>
                    <totalDocumentsCount>1</totalDocumentsCount>
                    <document>
                        <guid>c53c8fe2-42d0-4005-855f-127bff616458</guid>
                        <createDateTime>2017-03-15T14:27:41</createDateTime>
                        <fileName>Проект договора.doc</fileName>
                        <description>Проект договора</description>
                        <url>http://zakupki.gov.ru/223/purchase/public/download/download.html?id=30075446</url>
                    </document>
                </ns2:attachments>
                <ns2:modificationDate>2017-03-15T14:27:54</ns2:modificationDate>
                <ns2:saveUserId>222170</ns2:saveUserId>
                <ns2:deliveryPlaceIndication>SINGLE_PLACE</ns2:deliveryPlaceIndication>
                <ns2:emergency>true</ns2:emergency>
                <ns2:jointPurchase>false</ns2:jointPurchase>
                <ns2:lots>
                    <lot>
                        <guid>9834fe6b-0e49-439d-a9dc-e94bb34ffdf7</guid>
                        <ordinalNumber>1</ordinalNumber>
                        <lotEditEnabled>false</lotEditEnabled>
                        <lotData>
                            <subject>Оказание услуг по ремонту медицинского оборудования (кардиомониторов) для  нужд ФГБНУ "НИИГБ"</subject>
                            <currency>
                                <code>RUB</code>
                                <digitalCode>643</digitalCode>
                                <name>Российский рубль</name>
                            </currency>
                            <initialSum>136301.80</initialSum>
                            <deliveryPlace>
                                <state>Центральный федеральный округ</state>
                                <region>Москва</region>
                                <regionOkato>45000000000</regionOkato>
                                <address>ул.Россолимо 11 А</address>
                            </deliveryPlace>
                            <lotItems>
                                <newCodes>true</newCodes>
                                <lotItem>
                                    <guid>3f0558d2-7d0e-4a30-917a-643de266c15d</guid>
                                    <ordinalNumber>1</ordinalNumber>
                                    <okpd2>
                                        <code>33.13.12.000</code>
                                        <name>Услуги по ремонту и техническому обслуживанию облучающего, электрического диагностического и электрического терапевтического оборудования, применяемого в медицинских целях</name>
                                    </okpd2>
                                    <okved2>
                                        <code>33.13</code>
                                        <name>Ремонт электронного и оптического оборудования</name>
                                    </okved2>
                                    <okei>
                                        <code>876</code>
                                        <name>Условная единица</name>
                                    </okei>
                                    <qty>1</qty>
                                </lotItem>
                            </lotItems>
                            <forSmallOrMiddle>false</forSmallOrMiddle>
                            <excludePurchaseFromPlan>false</excludePurchaseFromPlan>
                            <subcontractorsRequirement>false</subcontractorsRequirement>
                            <ignoredPurchase>false</ignoredPurchase>
                            <centralized>false</centralized>
                        </lotData>
                        <deliveryPlaceIndication>GL</deliveryPlaceIndication>
                        <jointLotData>
                            <jointLot>false</jointLot>
                        </jointLotData>
                        <lotPlanInfo>
                            <planRegistrationNumber>2160208504</planRegistrationNumber>
                            <planGuid>af1ed26b-36b7-4236-b71d-c252b1f8a28b</planGuid>
                            <positionNumber>23</positionNumber>
                            <lotPlanPosition>COMMODITY</lotPlanPosition>
                            <positionGuid>7bf03c15-119c-46bc-abdd-fdd2fb31b312</positionGuid>
                        </lotPlanInfo>
                        <cancelled>false</cancelled>
                    </lot>
                </ns2:lots>
            </ns2:purchaseNoticeEPData>
        </ns2:item>
    </ns2:body>
</ns2:purchaseNoticeEP>
