<?xml version="1.0" encoding="UTF-8" standalone="yes"?>
<ns2:purchaseNoticeEP xsi:schemaLocation="http://zakupki.gov.ru/223/integration/schema/TFF-5.2 http://zakupki.gov.ru/223/integration/schema/TFF-5.2/purchase.xsd" xmlns="http://zakupki.gov.ru/223fz/types/1" xmlns:ns10="http://zakupki.gov.ru/223fz/purchasePlan/1" xmlns:ns11="http://zakupki.gov.ru/223fz/purchasePlanProject/1" xmlns:ns12="http://zakupki.gov.ru/223fz/purchasePlanProjectAdditionalPosition/1" xmlns:ns13="http://zakupki.gov.ru/223fz/contract/1" xmlns:ns14="http://zakupki.gov.ru/223fz/missedNotice/1" xmlns:ns15="http://zakupki.gov.ru/223fz/reference/1" xmlns:ns16="http://zakupki.gov.ru/223fz/stopCommodity/1" xmlns:ns17="http://zakupki.gov.ru/223fz/decisionSuspension/1" xmlns:ns18="http://zakupki.gov.ru/223fz/purchasePlanAdditionalPosition/1" xmlns:ns19="http://zakupki.gov.ru/223fz/webRequest/1" xmlns:ns2="http://zakupki.gov.ru/223fz/purchase/1" xmlns:xsi="http://www.w3.org/2001/XMLSchema-instance" xmlns:ns3="http://zakupki.gov.ru/223fz/dishonestSupplier/1" xmlns:ns4="http://zakupki.gov.ru/223fz/machineryListInfo/1" xmlns:ns5="http://zakupki.gov.ru/223fz/revenue/1" xmlns:ns6="http://zakupki.gov.ru/223fz/orderClauseList/1" xmlns:ns7="http://zakupki.gov.ru/223fz/disagreementProtocol/1" xmlns:ns8="http://zakupki.gov.ru/223fz/complaint/1" xmlns:ns9="http://zakupki.gov.ru/223fz/notificationIssue/1">
    <header>
        <guid>aba1c9c2-5a7b-4b84-9b9f-aae3be2a7bd7</guid>
        <createDateTime>2017-03-15T15:57:00</createDateTime>
    </header>
    <ns2:body>
        <ns2:item>
            <guid>c140423f-2bea-464b-9f5b-cae58fe24692</guid>
            <ns2:purchaseNoticeEPData>
                <ns2:guid>c140423f-2bea-464b-9f5b-cae58fe24692</ns2:guid>
                <ns2:createDateTime>2017-03-15T15:53:20</ns2:createDateTime>
                <ns2:urlOOS>https://zakupki.gov.ru/223/purchase/private/purchase/notice-info/details.html?noticeInfoId=5879970</ns2:urlOOS>
                <ns2:registrationNumber>31704893145</ns2:registrationNumber>
                <ns2:name>поставка ПКИ для ВС 95007-95134, 95026,95027, 95030,95037,95039, 95040, 95053,95061,95069</ns2:name>
                <ns2:customer>
                    <mainInfo>
                        <fullName>АКЦИОНЕРНОЕ ОБЩЕСТВО "ГРАЖДАНСКИЕ САМОЛЕТЫ СУХОГО"</fullName>
                        <shortName>АО "ГСС"</shortName>
                        <iko>77714175986771401001</iko>
                        <inn>7714175986</inn>
                        <kpp>771401001</kpp>
                        <ogrn>1027739155180</ogrn>
                        <legalAddress>125284, г МОСКВА, ул ПОЛИКАРПОВА, дом 23 Б, корпус 2</legalAddress>
                        <postalAddress>125284, Москва, Поликарпова, дом 23 Б, корпус 2</postalAddress>
                        <phone>7-495-7271988-2700</phone>
                        <email>info@scac.ru</email>
                        <okato>45277598000</okato>
                        <okpo>52786180</okpo>
                    </mainInfo>
                </ns2:customer>
                <ns2:purchaseMethodCode>3363</ns2:purchaseMethodCode>
                <ns2:purchaseCodeName>Закупка у единственного поставщика (исполнителя, подрядчика)</ns2:purchaseCodeName>
                <ns2:placer>
                    <mainInfo>
                        <fullName>АКЦИОНЕРНОЕ ОБЩЕСТВО "ГРАЖДАНСКИЕ САМОЛЕТЫ СУХОГО"</fullName>
                        <shortName>АО "ГСС"</shortName>
                        <iko>77714175986771401001</iko>
                        <inn>7714175986</inn>
                        <kpp>771401001</kpp>
                        <ogrn>1027739155180</ogrn>
                        <legalAddress>125284, г МОСКВА, ул ПОЛИКАРПОВА, дом 23 Б, корпус 2</legalAddress>
                        <postalAddress>125284, Москва, Поликарпова, дом 23 Б, корпус 2</postalAddress>
                        <phone>7-495-7271988-2700</phone>
                        <email>info@scac.ru</email>
                        <okato>45277598000</okato>
                        <okpo>52786180</okpo>
                    </mainInfo>
                </ns2:placer>
                <ns2:contact>
                    <phone>+7 (495) 7271988, доб.: 5672</phone>
                    <email>a_khonkina@scac.ru</email>
                    <organization>
                        <mainInfo>
                            <fullName>АКЦИОНЕРНОЕ ОБЩЕСТВО "ГРАЖДАНСКИЕ САМОЛЕТЫ СУХОГО"</fullName>
                            <shortName>АО "ГСС"</shortName>
                            <iko>77714175986771401001</iko>
                            <inn>7714175986</inn>
                            <kpp>771401001</kpp>
                            <ogrn>1027739155180</ogrn>
                            <legalAddress>125284, г МОСКВА, ул ПОЛИКАРПОВА, дом 23 Б, корпус 2</legalAddress>
                            <postalAddress>125284, Москва, Поликарпова, дом 23 Б, корпус 2</postalAddress>
                            <phone>7-495-7271988-2700</phone>
                            <email>info@scac.ru</email>
                            <okato>45277598000</okato>
                            <okpo>52786180</okpo>
                        </mainInfo>
                    </organization>
                </ns2:contact>
                <ns2:publicationDateTime>2017-03-15T15:57:00</ns2:publicationDateTime>
                <ns2:documentationDelivery/>
                <ns2:status>P</ns2:status>
                <ns2:version>1</ns2:version>
                <ns2:notDishonest>true</ns2:notDishonest>
                <ns2:attachments>
                    <totalDocumentsCount>1</totalDocumentsCount>
                    <document>
                        <guid>22a40710-2906-461d-a591-f4b03f643a99</guid>
                        <createDateTime>2017-03-15T15:56:13</createDateTime>
                        <fileName>290.pdf</fileName>
                        <description>290</description>
                        <url>http://zakupki.gov.ru/223/purchase/public/download/download.html?id=30080776</url>
                    </document>
                </ns2:attachments>
                <ns2:modificationDate>2017-03-15T15:57:00</ns2:modificationDate>
                <ns2:saveUserId>251795</ns2:saveUserId>
                <ns2:deliveryPlaceIndication>DIFFERENT_PLACE</ns2:deliveryPlaceIndication>
                <ns2:emergency>false</ns2:emergency>
                <ns2:jointPurchase>false</ns2:jointPurchase>
                <ns2:lots>
                    <lot>
                        <guid>48449b30-f7b5-4c97-a9bf-18ccdf10ad3a</guid>
                        <ordinalNumber>1</ordinalNumber>
                        <lotEditEnabled>false</lotEditEnabled>
                        <lotData>
                            <subject>поставка ПКИ для ВС 95007-95134, 95026,95027, 95030,95037,95039, 95040, 95053,95061,95069</subject>
                            <currency>
                                <code>USD</code>
                                <digitalCode>840</digitalCode>
                                <name>Доллар США</name>
                            </currency>
                            <initialSum>3538.48</initialSum>
                            <deliveryPlace>
                                <state>Центральный федеральный округ</state>
                                <region>Москва</region>
                                <regionOkato>45000000000</regionOkato>
                                <address>FCA Robert-Bosch-Strasse 4, Aichach, D-86551, Germany</address>
                            </deliveryPlace>
                            <lotItems>
                                <newCodes>true</newCodes>
                                <lotItem>
                                    <guid>20f349b3-3eeb-4f5f-8946-36220fd9c227</guid>
                                    <ordinalNumber>1</ordinalNumber>
                                    <okpd2>
                                        <code>30.30.50.110</code>
                                        <name>Комплектующие (запасные части) летательных аппаратов, не имеющие самостоятельных группировок</name>
                                    </okpd2>
                                    <okved2>
                                        <code>30.30</code>
                                        <name>Производство летательных аппаратов, включая космические, и соответствующего оборудования</name>
                                    </okved2>
                                </lotItem>
                            </lotItems>
                            <forSmallOrMiddle>false</forSmallOrMiddle>
                            <excludePurchaseFromPlan>false</excludePurchaseFromPlan>
                            <subcontractorsRequirement>false</subcontractorsRequirement>
                            <ignoredPurchase>true</ignoredPurchase>
                            <purchaseCategory>
                                <code>4</code>
                                <name>Закупки, которые осуществляются за пределами территории Российской Федерации и предметом которых является поставка товаров, выполнение (оказание) работ (услуг) за пределами территории Российской Федерации</name>
                            </purchaseCategory>
                            <centralized>false</centralized>
                        </lotData>
                        <deliveryPlaceIndication>GL</deliveryPlaceIndication>
                        <jointLotData>
                            <jointLot>false</jointLot>
                        </jointLotData>
                        <lotPlanInfo>
                            <planRegistrationNumber>2160210718</planRegistrationNumber>
                            <planGuid>665ff6f1-9629-4a89-b3b1-f6ba40283bed</planGuid>
                            <positionNumber>290</positionNumber>
                            <lotPlanPosition>COMMODITY</lotPlanPosition>
                            <positionGuid>bb173e50-f4a1-4aa7-87f2-071c7417b847</positionGuid>
                        </lotPlanInfo>
                        <cancelled>false</cancelled>
                    </lot>
                </ns2:lots>
            </ns2:purchaseNoticeEPData>
        </ns2:item>
    </ns2:body>
</ns2:purchaseNoticeEP>
