<?xml version="1.0" encoding="UTF-8" standalone="yes"?>
<ns2:purchaseNoticeEP xsi:schemaLocation="http://zakupki.gov.ru/223/integration/schema/TFF-5.2 http://zakupki.gov.ru/223/integration/schema/TFF-5.2/purchase.xsd" xmlns="http://zakupki.gov.ru/223fz/types/1" xmlns:ns10="http://zakupki.gov.ru/223fz/purchasePlan/1" xmlns:ns11="http://zakupki.gov.ru/223fz/purchasePlanProject/1" xmlns:ns12="http://zakupki.gov.ru/223fz/purchasePlanProjectAdditionalPosition/1" xmlns:ns13="http://zakupki.gov.ru/223fz/contract/1" xmlns:ns14="http://zakupki.gov.ru/223fz/missedNotice/1" xmlns:ns15="http://zakupki.gov.ru/223fz/reference/1" xmlns:ns16="http://zakupki.gov.ru/223fz/stopCommodity/1" xmlns:ns17="http://zakupki.gov.ru/223fz/decisionSuspension/1" xmlns:ns18="http://zakupki.gov.ru/223fz/purchasePlanAdditionalPosition/1" xmlns:ns19="http://zakupki.gov.ru/223fz/webRequest/1" xmlns:ns2="http://zakupki.gov.ru/223fz/purchase/1" xmlns:xsi="http://www.w3.org/2001/XMLSchema-instance" xmlns:ns3="http://zakupki.gov.ru/223fz/dishonestSupplier/1" xmlns:ns4="http://zakupki.gov.ru/223fz/machineryListInfo/1" xmlns:ns5="http://zakupki.gov.ru/223fz/revenue/1" xmlns:ns6="http://zakupki.gov.ru/223fz/orderClauseList/1" xmlns:ns7="http://zakupki.gov.ru/223fz/disagreementProtocol/1" xmlns:ns8="http://zakupki.gov.ru/223fz/complaint/1" xmlns:ns9="http://zakupki.gov.ru/223fz/notificationIssue/1">
    <header>
        <guid>3d87a1e8-aab7-4b8a-b0e7-7e1a490c4551</guid>
        <createDateTime>2017-03-15T17:27:50</createDateTime>
    </header>
    <ns2:body>
        <ns2:item>
            <guid>24693c96-6d86-468f-bd2e-c663027992fd</guid>
            <ns2:purchaseNoticeEPData>
                <ns2:guid>24693c96-6d86-468f-bd2e-c663027992fd</ns2:guid>
                <ns2:createDateTime>2017-03-15T17:24:23</ns2:createDateTime>
                <ns2:urlOOS>https://zakupki.gov.ru/223/purchase/private/purchase/notice-info/details.html?noticeInfoId=5880886</ns2:urlOOS>
                <ns2:registrationNumber>31704893924</ns2:registrationNumber>
                <ns2:name>Оказание услуг по проведению планового технического обслуживания и ремонта гарантийных и негарантийных автомобилей марки "Фольксваген"</ns2:name>
                <ns2:customer>
                    <mainInfo>
                        <fullName>ФЕДЕРАЛЬНОЕ ГОСУДАРСТВЕННОЕ АВТОНОМНОЕ ОБРАЗОВАТЕЛЬНОЕ УЧРЕЖДЕНИЕ ВЫСШЕГО ОБРАЗОВАНИЯ "МОСКОВСКИЙ ГОСУДАРСТВЕННЫЙ ИНСТИТУТ МЕЖДУНАРОДНЫХ ОТНОШЕНИЙ (УНИВЕРСИТЕТ) МИНИСТЕРСТВА ИНОСТРАННЫХ ДЕЛ РОССИЙСКОЙ ФЕДЕРАЦИИ"</fullName>
                        <shortName>МГИМО МИД РОССИИ</shortName>
                        <iko>87729134728772901001</iko>
                        <inn>7729134728</inn>
                        <kpp>772901001</kpp>
                        <ogrn>1037739194217</ogrn>
                        <legalAddress>119454, г МОСКВА, пр-кт ВЕРНАДСКОГО, дом 76</legalAddress>
                        <postalAddress>119454, г. Москва, проспект Вернадского, 76 </postalAddress>
                        <phone>7-495-4342492</phone>
                        <email>Korunov@mgimo.ru</email>
                        <okato>45268581000</okato>
                        <okpo>04815041</okpo>
                    </mainInfo>
                </ns2:customer>
                <ns2:purchaseMethodCode>3363</ns2:purchaseMethodCode>
                <ns2:purchaseCodeName>Закупка у единственного поставщика (исполнителя, подрядчика)</ns2:purchaseCodeName>
                <ns2:placer>
                    <mainInfo>
                        <fullName>ФЕДЕРАЛЬНОЕ ГОСУДАРСТВЕННОЕ АВТОНОМНОЕ ОБРАЗОВАТЕЛЬНОЕ УЧРЕЖДЕНИЕ ВЫСШЕГО ОБРАЗОВАНИЯ "МОСКОВСКИЙ ГОСУДАРСТВЕННЫЙ ИНСТИТУТ МЕЖДУНАРОДНЫХ ОТНОШЕНИЙ (УНИВЕРСИТЕТ) МИНИСТЕРСТВА ИНОСТРАННЫХ ДЕЛ РОССИЙСКОЙ ФЕДЕРАЦИИ"</fullName>
                        <shortName>МГИМО МИД РОССИИ</shortName>
                        <iko>87729134728772901001</iko>
                        <inn>7729134728</inn>
                        <kpp>772901001</kpp>
                        <ogrn>1037739194217</ogrn>
                        <legalAddress>119454, г МОСКВА, пр-кт ВЕРНАДСКОГО, дом 76</legalAddress>
                        <postalAddress>119454, г. Москва, проспект Вернадского, 76 </postalAddress>
                        <phone>7-495-4342492</phone>
                        <email>Korunov@mgimo.ru</email>
                        <okato>45268581000</okato>
                        <okpo>04815041</okpo>
                    </mainInfo>
                </ns2:placer>
                <ns2:contact>
                    <firstName>Константин</firstName>
                    <middleName>Александрович</middleName>
                    <lastName>Корунов</lastName>
                    <phone>+7 (495) 2295454</phone>
                    <email>korunov@mgimo.ru</email>
                    <organization>
                        <mainInfo>
                            <fullName>ФЕДЕРАЛЬНОЕ ГОСУДАРСТВЕННОЕ АВТОНОМНОЕ ОБРАЗОВАТЕЛЬНОЕ УЧРЕЖДЕНИЕ ВЫСШЕГО ОБРАЗОВАНИЯ "МОСКОВСКИЙ ГОСУДАРСТВЕННЫЙ ИНСТИТУТ МЕЖДУНАРОДНЫХ ОТНОШЕНИЙ (УНИВЕРСИТЕТ) МИНИСТЕРСТВА ИНОСТРАННЫХ ДЕЛ РОССИЙСКОЙ ФЕДЕРАЦИИ"</fullName>
                            <shortName>МГИМО МИД РОССИИ</shortName>
                            <iko>87729134728772901001</iko>
                            <inn>7729134728</inn>
                            <kpp>772901001</kpp>
                            <ogrn>1037739194217</ogrn>
                            <legalAddress>119454, г МОСКВА, пр-кт ВЕРНАДСКОГО, дом 76</legalAddress>
                            <postalAddress>119454, г. Москва, проспект Вернадского, 76 </postalAddress>
                            <phone>7-495-4342492</phone>
                            <email>Korunov@mgimo.ru</email>
                            <okato>45268581000</okato>
                            <okpo>04815041</okpo>
                        </mainInfo>
                    </organization>
                </ns2:contact>
                <ns2:publicationDateTime>2017-03-15T17:27:50</ns2:publicationDateTime>
                <ns2:documentationDelivery/>
                <ns2:status>P</ns2:status>
                <ns2:version>1</ns2:version>
                <ns2:notDishonest>false</ns2:notDishonest>
                <ns2:attachments>
                    <totalDocumentsCount>3</totalDocumentsCount>
                    <document>
                        <guid>50a4b7b6-794d-4476-869d-0391de24da10</guid>
                        <createDateTime>2017-03-15T17:25:58</createDateTime>
                        <fileName>договор.doc</fileName>
                        <description>договор</description>
                        <url>http://zakupki.gov.ru/223/purchase/public/download/download.html?id=30084961</url>
                    </document>
                    <document>
                        <guid>67c07b08-b3eb-4f92-a476-717e6ce338ae</guid>
                        <createDateTime>2017-03-15T17:25:51</createDateTime>
                        <fileName>Извещение.doc</fileName>
                        <description>Извещение</description>
                        <url>http://zakupki.gov.ru/223/purchase/public/download/download.html?id=30084950</url>
                    </document>
                    <document>
                        <guid>55b12ce8-cc74-4710-b759-f89deeb11744</guid>
                        <createDateTime>2017-03-15T17:25:54</createDateTime>
                        <fileName>Документация о закупке.docx</fileName>
                        <description>Документация о закупке</description>
                        <url>http://zakupki.gov.ru/223/purchase/public/download/download.html?id=30084957</url>
                    </document>
                </ns2:attachments>
                <ns2:modificationDate>2017-03-15T17:27:50</ns2:modificationDate>
                <ns2:saveUserId>155268</ns2:saveUserId>
                <ns2:deliveryPlaceIndication>DIFFERENT_PLACE</ns2:deliveryPlaceIndication>
                <ns2:emergency>false</ns2:emergency>
                <ns2:jointPurchase>false</ns2:jointPurchase>
                <ns2:lots>
                    <lot>
                        <guid>0b621060-5e61-4c03-8452-13012ff31a16</guid>
                        <ordinalNumber>1</ordinalNumber>
                        <lotEditEnabled>false</lotEditEnabled>
                        <lotData>
                            <subject>Оказание услуг по проведению планового технического обслуживания и ремонта гарантийных и не гарантийных автомобилей марки "Фольксваген"</subject>
                            <currency>
                                <code>RUB</code>
                                <digitalCode>643</digitalCode>
                                <name>Российский рубль</name>
                            </currency>
                            <initialSum>400000.00</initialSum>
                            <deliveryPlace>
                                <state>Центральный федеральный округ</state>
                                <region>Москва</region>
                                <regionOkato>45000000000</regionOkato>
                                <address>по адресу Исполнителя</address>
                            </deliveryPlace>
                            <lotItems>
                                <newCodes>true</newCodes>
                                <lotItem>
                                    <guid>a02a1258-a21a-4d3e-842f-4c46f2e68e7f</guid>
                                    <ordinalNumber>1</ordinalNumber>
                                    <okpd2>
                                        <code>45.20.11.000</code>
                                        <name>Услуги по обычному (текущему) техническому обслуживанию и ремонту легковых автомобилей и легких грузовых автотранспортных средств, кроме услуг по ремонту электрооборудования, шин и кузовов</name>
                                    </okpd2>
                                    <okved2>
                                        <code>45.20</code>
                                        <name>Техническое обслуживание и ремонт автотранспортных средств</name>
                                    </okved2>
                                    <okei>
                                        <code>876</code>
                                        <name>Условная единица</name>
                                    </okei>
                                    <qty>1</qty>
                                </lotItem>
                            </lotItems>
                            <forSmallOrMiddle>false</forSmallOrMiddle>
                            <excludePurchaseFromPlan>false</excludePurchaseFromPlan>
                            <subcontractorsRequirement>false</subcontractorsRequirement>
                            <ignoredPurchase>false</ignoredPurchase>
                            <centralized>false</centralized>
                        </lotData>
                        <deliveryPlaceIndication>GL</deliveryPlaceIndication>
                        <jointLotData>
                            <jointLot>false</jointLot>
                        </jointLotData>
                        <lotPlanInfo>
                            <planRegistrationNumber>2160193211</planRegistrationNumber>
                            <planGuid>0f4f2ff4-ba39-4512-8465-6b7c8e54073b</planGuid>
                            <positionNumber>55</positionNumber>
                            <lotPlanPosition>COMMODITY</lotPlanPosition>
                            <positionGuid>5901458a-2fef-4bdb-a9f3-0c8314c75aeb</positionGuid>
                        </lotPlanInfo>
                        <cancelled>false</cancelled>
                    </lot>
                </ns2:lots>
            </ns2:purchaseNoticeEPData>
        </ns2:item>
    </ns2:body>
</ns2:purchaseNoticeEP>
