<?xml version="1.0" encoding="UTF-8" standalone="yes"?>
<ns2:purchaseNoticeEP xsi:schemaLocation="http://zakupki.gov.ru/223/integration/schema/TFF-5.2 http://zakupki.gov.ru/223/integration/schema/TFF-5.2/purchase.xsd" xmlns="http://zakupki.gov.ru/223fz/types/1" xmlns:ns10="http://zakupki.gov.ru/223fz/purchasePlan/1" xmlns:ns11="http://zakupki.gov.ru/223fz/purchasePlanProject/1" xmlns:ns12="http://zakupki.gov.ru/223fz/purchasePlanProjectAdditionalPosition/1" xmlns:ns13="http://zakupki.gov.ru/223fz/contract/1" xmlns:ns14="http://zakupki.gov.ru/223fz/missedNotice/1" xmlns:ns15="http://zakupki.gov.ru/223fz/reference/1" xmlns:ns16="http://zakupki.gov.ru/223fz/stopCommodity/1" xmlns:ns17="http://zakupki.gov.ru/223fz/decisionSuspension/1" xmlns:ns18="http://zakupki.gov.ru/223fz/purchasePlanAdditionalPosition/1" xmlns:ns19="http://zakupki.gov.ru/223fz/webRequest/1" xmlns:ns2="http://zakupki.gov.ru/223fz/purchase/1" xmlns:xsi="http://www.w3.org/2001/XMLSchema-instance" xmlns:ns3="http://zakupki.gov.ru/223fz/dishonestSupplier/1" xmlns:ns4="http://zakupki.gov.ru/223fz/machineryListInfo/1" xmlns:ns5="http://zakupki.gov.ru/223fz/revenue/1" xmlns:ns6="http://zakupki.gov.ru/223fz/orderClauseList/1" xmlns:ns7="http://zakupki.gov.ru/223fz/disagreementProtocol/1" xmlns:ns8="http://zakupki.gov.ru/223fz/complaint/1" xmlns:ns9="http://zakupki.gov.ru/223fz/notificationIssue/1">
    <header>
        <guid>13a88599-ab95-444c-9b58-d02c0af5c753</guid>
        <createDateTime>2017-03-15T10:58:31</createDateTime>
    </header>
    <ns2:body>
        <ns2:item>
            <guid>79d3d253-b427-41a6-b4b7-2d1b88dc9224</guid>
            <ns2:purchaseNoticeEPData>
                <ns2:guid>79d3d253-b427-41a6-b4b7-2d1b88dc9224</ns2:guid>
                <ns2:createDateTime>2017-03-15T10:53:41</ns2:createDateTime>
                <ns2:urlOOS>https://zakupki.gov.ru/223/purchase/private/purchase/notice-info/details.html?noticeInfoId=5876653</ns2:urlOOS>
                <ns2:registrationNumber>31704890439</ns2:registrationNumber>
                <ns2:name>Поставка моноблоков</ns2:name>
                <ns2:customer>
                    <mainInfo>
                        <fullName>федеральное государственное бюджетное учреждение "Клиническая больница №1" Управления делами Президента Российской Федерации</fullName>
                        <shortName>ФГБУ "Клиническая больница №1"</shortName>
                        <iko>87729122063772901001</iko>
                        <inn>7729122063</inn>
                        <kpp>772901001</kpp>
                        <ogrn>1027700244923</ogrn>
                        <legalAddress>121352, Москва, Староволынская, дом 10</legalAddress>
                        <postalAddress>121352, г. Москва, ул. Староволынская, д.10</postalAddress>
                        <phone>8-495-442-43-64</phone>
                        <fax>8-499-1447791</fax>
                        <email>volynka@volynka.ru</email>
                        <okato>00000000000</okato>
                        <okpo>40117396</okpo>
                    </mainInfo>
                </ns2:customer>
                <ns2:purchaseMethodCode>3363</ns2:purchaseMethodCode>
                <ns2:purchaseCodeName>Закупка у единственного поставщика (исполнителя, подрядчика)</ns2:purchaseCodeName>
                <ns2:placer>
                    <mainInfo>
                        <fullName>федеральное государственное бюджетное учреждение "Клиническая больница №1" Управления делами Президента Российской Федерации</fullName>
                        <shortName>ФГБУ "Клиническая больница №1"</shortName>
                        <iko>87729122063772901001</iko>
                        <inn>7729122063</inn>
                        <kpp>772901001</kpp>
                        <ogrn>1027700244923</ogrn>
                        <legalAddress>121352, Москва, Староволынская, дом 10</legalAddress>
                        <postalAddress>121352, г. Москва, ул. Староволынская, д.10</postalAddress>
                        <phone>8-495-442-43-64</phone>
                        <fax>8-499-1447791</fax>
                        <email>volynka@volynka.ru</email>
                        <okato>00000000000</okato>
                        <okpo>40117396</okpo>
                    </mainInfo>
                </ns2:placer>
                <ns2:contact>
                    <firstName>Виктория</firstName>
                    <middleName>Григорьевна</middleName>
                    <lastName>Лебедь </lastName>
                    <phone>+7 (499) 1447879</phone>
                    <fax>+7 (495) 4427048</fax>
                    <email>torg@volynka.ru</email>
                    <organization>
                        <mainInfo>
                            <fullName>федеральное государственное бюджетное учреждение "Клиническая больница №1" Управления делами Президента Российской Федерации</fullName>
                            <shortName>ФГБУ "Клиническая больница №1"</shortName>
                            <iko>87729122063772901001</iko>
                            <inn>7729122063</inn>
                            <kpp>772901001</kpp>
                            <ogrn>1027700244923</ogrn>
                            <legalAddress>121352, Москва, Староволынская, дом 10</legalAddress>
                            <postalAddress>121352, г. Москва, ул. Староволынская, д.10</postalAddress>
                            <phone>8-495-442-43-64</phone>
                            <fax>8-499-1447791</fax>
                            <email>volynka@volynka.ru</email>
                            <okato>00000000000</okato>
                            <okpo>40117396</okpo>
                        </mainInfo>
                    </organization>
                </ns2:contact>
                <ns2:publicationDateTime>2017-03-15T10:58:31</ns2:publicationDateTime>
                <ns2:documentationDelivery/>
                <ns2:status>P</ns2:status>
                <ns2:version>1</ns2:version>
                <ns2:notDishonest>false</ns2:notDishonest>
                <ns2:attachments>
                    <totalDocumentsCount>1</totalDocumentsCount>
                    <document>
                        <guid>c22f057a-f632-4a24-94c2-7cc87d7f77e3</guid>
                        <createDateTime>2017-03-15T10:56:40</createDateTime>
                        <fileName>Извещ_поставка моноблоков.doc</fileName>
                        <description>Извещ_поставка моноблоков</description>
                        <url>http://zakupki.gov.ru/223/purchase/public/download/download.html?id=30064990</url>
                    </document>
                </ns2:attachments>
                <ns2:modificationDate>2017-03-15T10:58:31</ns2:modificationDate>
                <ns2:saveUserId>90305</ns2:saveUserId>
                <ns2:deliveryPlaceIndication>DIFFERENT_PLACE</ns2:deliveryPlaceIndication>
                <ns2:emergency>false</ns2:emergency>
                <ns2:jointPurchase>false</ns2:jointPurchase>
                <ns2:lots>
                    <lot>
                        <guid>96cb6817-8c45-472d-80fc-ab52ba2c804a</guid>
                        <ordinalNumber>1</ordinalNumber>
                        <lotEditEnabled>false</lotEditEnabled>
                        <lotData>
                            <subject>Поставка моноблоков</subject>
                            <currency>
                                <code>RUB</code>
                                <digitalCode>643</digitalCode>
                                <name>Российский рубль</name>
                            </currency>
                            <initialSum>749250.00</initialSum>
                            <deliveryPlace>
                                <state>Центральный федеральный округ</state>
                                <region>Москва</region>
                                <regionOkato>45000000000</regionOkato>
                                <address>121352, г. Москва, ул. Староволынская, д.10</address>
                            </deliveryPlace>
                            <lotItems>
                                <newCodes>true</newCodes>
                                <lotItem>
                                    <guid>edd17a5b-bd8d-4891-a128-b2f94c027f17</guid>
                                    <ordinalNumber>1</ordinalNumber>
                                    <okpd2>
                                        <code>26.20.15.000</code>
                                        <name>Машины вычислительные электронные цифровые прочие, содержащие или не содержащие в одном корпусе одно или два из следующих устройств для автоматической обработки данных: запоминающие устройства, устройства ввода, устройства вывода</name>
                                    </okpd2>
                                    <okved2>
                                        <code>26.20</code>
                                        <name>Производство компьютеров и периферийного оборудования</name>
                                    </okved2>
                                    <okei>
                                        <code>796</code>
                                        <name>Штука</name>
                                    </okei>
                                    <qty>15</qty>
                                </lotItem>
                            </lotItems>
                            <forSmallOrMiddle>false</forSmallOrMiddle>
                            <excludePurchaseFromPlan>false</excludePurchaseFromPlan>
                            <subcontractorsRequirement>false</subcontractorsRequirement>
                            <ignoredPurchase>false</ignoredPurchase>
                            <centralized>false</centralized>
                        </lotData>
                        <deliveryPlaceIndication>GL</deliveryPlaceIndication>
                        <jointLotData>
                            <jointLot>false</jointLot>
                        </jointLotData>
                        <lotPlanInfo>
                            <planRegistrationNumber>2160207860</planRegistrationNumber>
                            <planGuid>1fd66229-760b-4445-b749-73ef04bd5a47</planGuid>
                            <positionNumber>54</positionNumber>
                            <lotPlanPosition>COMMODITY</lotPlanPosition>
                            <positionGuid>af0765da-42c4-44b2-a976-c0140f821375</positionGuid>
                        </lotPlanInfo>
                        <cancelled>false</cancelled>
                    </lot>
                </ns2:lots>
            </ns2:purchaseNoticeEPData>
        </ns2:item>
    </ns2:body>
</ns2:purchaseNoticeEP>
