<?xml version="1.0" encoding="UTF-8" standalone="yes"?>
<ns2:purchaseNoticeEP xsi:schemaLocation="http://zakupki.gov.ru/223/integration/schema/TFF-5.2 http://zakupki.gov.ru/223/integration/schema/TFF-5.2/purchase.xsd" xmlns="http://zakupki.gov.ru/223fz/types/1" xmlns:ns10="http://zakupki.gov.ru/223fz/purchasePlan/1" xmlns:ns11="http://zakupki.gov.ru/223fz/purchasePlanProject/1" xmlns:ns12="http://zakupki.gov.ru/223fz/purchasePlanProjectAdditionalPosition/1" xmlns:ns13="http://zakupki.gov.ru/223fz/contract/1" xmlns:ns14="http://zakupki.gov.ru/223fz/missedNotice/1" xmlns:ns15="http://zakupki.gov.ru/223fz/reference/1" xmlns:ns16="http://zakupki.gov.ru/223fz/stopCommodity/1" xmlns:ns17="http://zakupki.gov.ru/223fz/decisionSuspension/1" xmlns:ns18="http://zakupki.gov.ru/223fz/purchasePlanAdditionalPosition/1" xmlns:ns19="http://zakupki.gov.ru/223fz/webRequest/1" xmlns:ns2="http://zakupki.gov.ru/223fz/purchase/1" xmlns:xsi="http://www.w3.org/2001/XMLSchema-instance" xmlns:ns3="http://zakupki.gov.ru/223fz/dishonestSupplier/1" xmlns:ns4="http://zakupki.gov.ru/223fz/machineryListInfo/1" xmlns:ns5="http://zakupki.gov.ru/223fz/revenue/1" xmlns:ns6="http://zakupki.gov.ru/223fz/orderClauseList/1" xmlns:ns7="http://zakupki.gov.ru/223fz/disagreementProtocol/1" xmlns:ns8="http://zakupki.gov.ru/223fz/complaint/1" xmlns:ns9="http://zakupki.gov.ru/223fz/notificationIssue/1">
    <header>
        <guid>10df2060-ae3b-458c-87f3-182ab73c8124</guid>
        <createDateTime>2017-03-15T17:12:38</createDateTime>
    </header>
    <ns2:body>
        <ns2:item>
            <guid>292a855b-0f07-4dfd-9076-cb26114ed7e9</guid>
            <ns2:purchaseNoticeEPData>
                <ns2:guid>292a855b-0f07-4dfd-9076-cb26114ed7e9</ns2:guid>
                <ns2:createDateTime>2017-03-15T17:10:36</ns2:createDateTime>
                <ns2:urlOOS>https://zakupki.gov.ru/223/purchase/private/purchase/notice-info/details.html?noticeInfoId=5880774</ns2:urlOOS>
                <ns2:registrationNumber>31704893653</ns2:registrationNumber>
                <ns2:name>Поставка материалов для ремонта подъездов для нужд ГБУ «Жилищник района Кузьминки» в 2017 году</ns2:name>
                <ns2:customer>
                    <mainInfo>
                        <fullName>ГОСУДАРСТВЕННОЕ БЮДЖЕТНОЕ УЧРЕЖДЕНИЕ ГОРОДА МОСКВЫ "ЖИЛИЩНИК РАЙОНА КУЗЬМИНКИ"</fullName>
                        <shortName>ГБУ "ЖИЛИЩНИК РАЙОНА КУЗЬМИНКИ"</shortName>
                        <iko>57721314133772101001</iko>
                        <inn>7721314133</inn>
                        <kpp>772101001</kpp>
                        <ogrn>1157746499426</ogrn>
                        <legalAddress>109378, г МОСКВА, ул ФЕДОРА ПОЛЕТАЕВА, дом ДОМ 32, корпус КОРПУС 6</legalAddress>
                        <postalAddress>109378, г.Москва, ул. Федора Полетаева, д.32, корп.6 </postalAddress>
                        <phone>7-495-6577805</phone>
                        <email>uvedomlenie_kuz@mail.ru</email>
                        <okato>45290562000</okato>
                        <okpo>11631502</okpo>
                    </mainInfo>
                </ns2:customer>
                <ns2:purchaseMethodCode>3363</ns2:purchaseMethodCode>
                <ns2:purchaseCodeName>Закупка у единственного поставщика (исполнителя, подрядчика)</ns2:purchaseCodeName>
                <ns2:placer>
                    <mainInfo>
                        <fullName>ГОСУДАРСТВЕННОЕ БЮДЖЕТНОЕ УЧРЕЖДЕНИЕ ГОРОДА МОСКВЫ "ЖИЛИЩНИК РАЙОНА КУЗЬМИНКИ"</fullName>
                        <shortName>ГБУ "ЖИЛИЩНИК РАЙОНА КУЗЬМИНКИ"</shortName>
                        <iko>57721314133772101001</iko>
                        <inn>7721314133</inn>
                        <kpp>772101001</kpp>
                        <ogrn>1157746499426</ogrn>
                        <legalAddress>109378, г МОСКВА, ул ФЕДОРА ПОЛЕТАЕВА, дом ДОМ 32, корпус КОРПУС 6</legalAddress>
                        <postalAddress>109378, г.Москва, ул. Федора Полетаева, д.32, корп.6 </postalAddress>
                        <phone>7-495-6577805</phone>
                        <email>uvedomlenie_kuz@mail.ru</email>
                        <okato>45290562000</okato>
                        <okpo>11631502</okpo>
                    </mainInfo>
                </ns2:placer>
                <ns2:contact>
                    <firstName>Глафира</firstName>
                    <middleName>Андреевна</middleName>
                    <lastName>Кокарева</lastName>
                    <phone>+7 (495) 6577508</phone>
                    <email>voroncova-glafir@mail.ru</email>
                    <organization>
                        <mainInfo>
                            <fullName>ГОСУДАРСТВЕННОЕ БЮДЖЕТНОЕ УЧРЕЖДЕНИЕ ГОРОДА МОСКВЫ "ЖИЛИЩНИК РАЙОНА КУЗЬМИНКИ"</fullName>
                            <shortName>ГБУ "ЖИЛИЩНИК РАЙОНА КУЗЬМИНКИ"</shortName>
                            <iko>57721314133772101001</iko>
                            <inn>7721314133</inn>
                            <kpp>772101001</kpp>
                            <ogrn>1157746499426</ogrn>
                            <legalAddress>109378, г МОСКВА, ул ФЕДОРА ПОЛЕТАЕВА, дом ДОМ 32, корпус КОРПУС 6</legalAddress>
                            <postalAddress>109378, г.Москва, ул. Федора Полетаева, д.32, корп.6 </postalAddress>
                            <phone>7-495-6577805</phone>
                            <email>uvedomlenie_kuz@mail.ru</email>
                            <okato>45290562000</okato>
                            <okpo>11631502</okpo>
                        </mainInfo>
                    </organization>
                </ns2:contact>
                <ns2:publicationDateTime>2017-03-15T17:12:38</ns2:publicationDateTime>
                <ns2:documentationDelivery>
                    <deliveryStartDateTime>2017-03-14</deliveryStartDateTime>
                    <deliveryEndDateTime>2017-04-30</deliveryEndDateTime>
                </ns2:documentationDelivery>
                <ns2:status>P</ns2:status>
                <ns2:version>2</ns2:version>
                <ns2:modificationDescription>техническая ошибка</ns2:modificationDescription>
                <ns2:notDishonest>false</ns2:notDishonest>
                <ns2:attachments>
                    <totalDocumentsCount>1</totalDocumentsCount>
                    <document>
                        <guid>e7e22884-e976-4fef-91ec-50e11309d734</guid>
                        <createDateTime>2017-03-15T16:52:38</createDateTime>
                        <fileName>2017-03-15 (1).pdf</fileName>
                        <description>2017-03-15 (1)</description>
                        <url>http://zakupki.gov.ru/223/purchase/public/download/download.html?id=30084348</url>
                    </document>
                </ns2:attachments>
                <ns2:modificationDate>2017-03-15T17:12:38</ns2:modificationDate>
                <ns2:saveUserId>221313</ns2:saveUserId>
                <ns2:deliveryPlaceIndication>SINGLE_PLACE</ns2:deliveryPlaceIndication>
                <ns2:emergency>false</ns2:emergency>
                <ns2:jointPurchase>false</ns2:jointPurchase>
                <ns2:lots>
                    <lot>
                        <guid>724ad8a3-82f8-4773-bddd-21d68efb0994</guid>
                        <ordinalNumber>1</ordinalNumber>
                        <lotEditEnabled>false</lotEditEnabled>
                        <lotData>
                            <subject>Поставка материалов для ремонта подъездов для нужд ГБУ «Жилищник района Кузьминки» в 2017 году.</subject>
                            <currency>
                                <code>RUB</code>
                                <digitalCode>643</digitalCode>
                                <name>Российский рубль</name>
                            </currency>
                            <initialSum>299540.50</initialSum>
                            <deliveryPlace>
                                <state>Центральный федеральный округ</state>
                                <region>Москва</region>
                                <regionOkato>45000000000</regionOkato>
                                <address>Федора Полетаева 32-6</address>
                            </deliveryPlace>
                            <lotItems>
                                <newCodes>true</newCodes>
                                <lotItem>
                                    <guid>5dc47aa3-5afa-45ea-887b-794029587154</guid>
                                    <ordinalNumber>1</ordinalNumber>
                                    <okpd2>
                                        <code>25.99.29.190</code>
                                        <name>Изделия прочие из недрагоценных металлов, не включенные в другие группировки</name>
                                    </okpd2>
                                    <okved2>
                                        <code>25.99.29</code>
                                        <name>Производство прочих изделий из недрагоценных металлов, не включенных в другие группировки</name>
                                    </okved2>
                                    <okei>
                                        <code>876</code>
                                        <name>Условная единица</name>
                                    </okei>
                                    <qty>1</qty>
                                </lotItem>
                            </lotItems>
                            <forSmallOrMiddle>false</forSmallOrMiddle>
                            <excludePurchaseFromPlan>false</excludePurchaseFromPlan>
                            <subcontractorsRequirement>false</subcontractorsRequirement>
                            <ignoredPurchase>false</ignoredPurchase>
                            <centralized>false</centralized>
                        </lotData>
                        <deliveryPlaceIndication>GL</deliveryPlaceIndication>
                        <jointLotData>
                            <jointLot>false</jointLot>
                        </jointLotData>
                        <lotPlanInfo>
                            <planRegistrationNumber>2160199720</planRegistrationNumber>
                            <planGuid>efc69c79-1954-41ef-a897-b38347793de3</planGuid>
                            <positionNumber>10</positionNumber>
                            <lotPlanPosition>COMMODITY</lotPlanPosition>
                            <positionGuid>cc6962d6-fc72-46d0-b065-2a394b9a36db</positionGuid>
                        </lotPlanInfo>
                        <cancelled>false</cancelled>
                    </lot>
                </ns2:lots>
            </ns2:purchaseNoticeEPData>
        </ns2:item>
    </ns2:body>
</ns2:purchaseNoticeEP>
