<?xml version="1.0" encoding="UTF-8" standalone="yes"?>
<ns2:purchaseNoticeEP xsi:schemaLocation="http://zakupki.gov.ru/223/integration/schema/TFF-5.2 http://zakupki.gov.ru/223/integration/schema/TFF-5.2/purchase.xsd" xmlns="http://zakupki.gov.ru/223fz/types/1" xmlns:ns10="http://zakupki.gov.ru/223fz/purchasePlan/1" xmlns:ns11="http://zakupki.gov.ru/223fz/purchasePlanProject/1" xmlns:ns12="http://zakupki.gov.ru/223fz/purchasePlanProjectAdditionalPosition/1" xmlns:ns13="http://zakupki.gov.ru/223fz/contract/1" xmlns:ns14="http://zakupki.gov.ru/223fz/missedNotice/1" xmlns:ns15="http://zakupki.gov.ru/223fz/reference/1" xmlns:ns16="http://zakupki.gov.ru/223fz/stopCommodity/1" xmlns:ns17="http://zakupki.gov.ru/223fz/decisionSuspension/1" xmlns:ns18="http://zakupki.gov.ru/223fz/purchasePlanAdditionalPosition/1" xmlns:ns19="http://zakupki.gov.ru/223fz/webRequest/1" xmlns:ns2="http://zakupki.gov.ru/223fz/purchase/1" xmlns:xsi="http://www.w3.org/2001/XMLSchema-instance" xmlns:ns3="http://zakupki.gov.ru/223fz/dishonestSupplier/1" xmlns:ns4="http://zakupki.gov.ru/223fz/machineryListInfo/1" xmlns:ns5="http://zakupki.gov.ru/223fz/revenue/1" xmlns:ns6="http://zakupki.gov.ru/223fz/orderClauseList/1" xmlns:ns7="http://zakupki.gov.ru/223fz/disagreementProtocol/1" xmlns:ns8="http://zakupki.gov.ru/223fz/complaint/1" xmlns:ns9="http://zakupki.gov.ru/223fz/notificationIssue/1">
    <header>
        <guid>50d1d8de-6912-4cce-a736-fc08ca54579e</guid>
        <createDateTime>2017-03-15T13:38:55</createDateTime>
    </header>
    <ns2:body>
        <ns2:item>
            <guid>fa1fdfcd-0039-4add-861f-7d0163c39be8</guid>
            <ns2:purchaseNoticeEPData>
                <ns2:guid>fa1fdfcd-0039-4add-861f-7d0163c39be8</ns2:guid>
                <ns2:createDateTime>2017-03-15T13:36:51</ns2:createDateTime>
                <ns2:urlOOS>https://zakupki.gov.ru/223/purchase/private/purchase/notice-info/details.html?noticeInfoId=5878220</ns2:urlOOS>
                <ns2:registrationNumber>31704891678</ns2:registrationNumber>
                <ns2:name>Услуги по ремонту автомобилей</ns2:name>
                <ns2:customer>
                    <mainInfo>
                        <fullName>ГОСУДАРСТВЕННОЕ АВТОНОМНОЕ ОБЩЕОБРАЗОВАТЕЛЬНОЕ УЧРЕЖДЕНИЕ ГОРОДА МОСКВЫ "ГИМНАЗИЯ № 1518"</fullName>
                        <shortName>ГАОУ "ГИМНАЗИЯ № 1518"</shortName>
                        <iko>87717666051771701001</iko>
                        <inn>7717666051</inn>
                        <kpp>771701001</kpp>
                        <ogrn>1097746849419</ogrn>
                        <legalAddress>129085, Г МОСКВА, ПР-КТ МИРА, дом 87</legalAddress>
                        <postalAddress>129085, Москва Город, Мира Проспект, дом 87</postalAddress>
                        <phone>7-495-6876666</phone>
                        <fax>7-495-6871222</fax>
                        <email>1518@edu.mos.ru</email>
                        <okato>45280572000</okato>
                        <okpo>64547351</okpo>
                    </mainInfo>
                </ns2:customer>
                <ns2:purchaseMethodCode>3363</ns2:purchaseMethodCode>
                <ns2:purchaseCodeName>Закупка у единственного поставщика (исполнителя, подрядчика)</ns2:purchaseCodeName>
                <ns2:placer>
                    <mainInfo>
                        <fullName>ГОСУДАРСТВЕННОЕ АВТОНОМНОЕ ОБЩЕОБРАЗОВАТЕЛЬНОЕ УЧРЕЖДЕНИЕ ГОРОДА МОСКВЫ "ГИМНАЗИЯ № 1518"</fullName>
                        <shortName>ГАОУ "ГИМНАЗИЯ № 1518"</shortName>
                        <iko>87717666051771701001</iko>
                        <inn>7717666051</inn>
                        <kpp>771701001</kpp>
                        <ogrn>1097746849419</ogrn>
                        <legalAddress>129085, Г МОСКВА, ПР-КТ МИРА, дом 87</legalAddress>
                        <postalAddress>129085, Москва Город, Мира Проспект, дом 87</postalAddress>
                        <phone>7-495-6876666</phone>
                        <fax>7-495-6871222</fax>
                        <email>1518@edu.mos.ru</email>
                        <okato>45280572000</okato>
                        <okpo>64547351</okpo>
                    </mainInfo>
                </ns2:placer>
                <ns2:contact>
                    <phone>+7 (495) 6872580</phone>
                    <email>1518@edu.mos.ru</email>
                    <organization>
                        <mainInfo>
                            <fullName>ГОСУДАРСТВЕННОЕ АВТОНОМНОЕ ОБЩЕОБРАЗОВАТЕЛЬНОЕ УЧРЕЖДЕНИЕ ГОРОДА МОСКВЫ "ГИМНАЗИЯ № 1518"</fullName>
                            <shortName>ГАОУ "ГИМНАЗИЯ № 1518"</shortName>
                            <iko>87717666051771701001</iko>
                            <inn>7717666051</inn>
                            <kpp>771701001</kpp>
                            <ogrn>1097746849419</ogrn>
                            <legalAddress>129085, Г МОСКВА, ПР-КТ МИРА, дом 87</legalAddress>
                            <postalAddress>129085, Москва Город, Мира Проспект, дом 87</postalAddress>
                            <phone>7-495-6876666</phone>
                            <fax>7-495-6871222</fax>
                            <email>1518@edu.mos.ru</email>
                            <okato>45280572000</okato>
                            <okpo>64547351</okpo>
                        </mainInfo>
                    </organization>
                </ns2:contact>
                <ns2:publicationDateTime>2017-03-15T13:38:55</ns2:publicationDateTime>
                <ns2:documentationDelivery/>
                <ns2:status>P</ns2:status>
                <ns2:version>1</ns2:version>
                <ns2:notDishonest>false</ns2:notDishonest>
                <ns2:attachments>
                    <totalDocumentsCount>3</totalDocumentsCount>
                    <document>
                        <guid>2f8102fa-4c32-4969-afe7-ea861763b4f7</guid>
                        <createDateTime>2017-03-15T13:38:40</createDateTime>
                        <fileName>Документация о закупке.doc</fileName>
                        <description>Документация о закупке</description>
                        <url>http://zakupki.gov.ru/223/purchase/public/download/download.html?id=30072644</url>
                    </document>
                    <document>
                        <guid>deddb80a-7290-43f5-881e-c2f1e5ebf157</guid>
                        <createDateTime>2017-03-15T13:38:45</createDateTime>
                        <fileName>Проект Договора.doc</fileName>
                        <description>Проект Договора</description>
                        <url>http://zakupki.gov.ru/223/purchase/public/download/download.html?id=30072648</url>
                    </document>
                    <document>
                        <guid>8b41c014-9ae8-42fb-8584-51160780f9ab</guid>
                        <createDateTime>2017-03-15T13:38:35</createDateTime>
                        <fileName>Извещение о проведении закупки у ед. поставщика.doc</fileName>
                        <description>Извещение о проведении закупки у ед. поставщика</description>
                        <url>http://zakupki.gov.ru/223/purchase/public/download/download.html?id=30072638</url>
                    </document>
                </ns2:attachments>
                <ns2:modificationDate>2017-03-15T13:38:55</ns2:modificationDate>
                <ns2:saveUserId>70055</ns2:saveUserId>
                <ns2:deliveryPlaceIndication>DIFFERENT_PLACE</ns2:deliveryPlaceIndication>
                <ns2:emergency>false</ns2:emergency>
                <ns2:jointPurchase>false</ns2:jointPurchase>
                <ns2:lots>
                    <lot>
                        <guid>52894244-bb30-4f5f-8eb1-d9dc9b08e01e</guid>
                        <ordinalNumber>1</ordinalNumber>
                        <lotEditEnabled>false</lotEditEnabled>
                        <lotData>
                            <subject>Услуги по ремонту автомобилей</subject>
                            <currency>
                                <code>RUB</code>
                                <digitalCode>643</digitalCode>
                                <name>Российский рубль</name>
                            </currency>
                            <initialSum>240887.98</initialSum>
                            <deliveryPlace>
                                <state>Центральный федеральный округ</state>
                                <region>Москва</region>
                                <regionOkato>45000000000</regionOkato>
                                <address>г. Москва, ул. Плещеева, д. 14Б, стр. 2</address>
                            </deliveryPlace>
                            <lotItems>
                                <newCodes>true</newCodes>
                                <lotItem>
                                    <guid>8843ea6b-8ad7-42a1-a231-975e1e189d62</guid>
                                    <ordinalNumber>1</ordinalNumber>
                                    <okpd2>
                                        <code>74.90</code>
                                        <name>Услуги профессиональные, научные и технические, прочие, не включенные в другие группировки</name>
                                    </okpd2>
                                    <okved2>
                                        <code>74.90</code>
                                        <name>Деятельность профессиональная, научная и техническая прочая, не включенная в другие группировки</name>
                                    </okved2>
                                    <okei>
                                        <code>876</code>
                                        <name>Условная единица</name>
                                    </okei>
                                    <qty>1</qty>
                                </lotItem>
                            </lotItems>
                            <forSmallOrMiddle>false</forSmallOrMiddle>
                            <excludePurchaseFromPlan>false</excludePurchaseFromPlan>
                            <subcontractorsRequirement>false</subcontractorsRequirement>
                            <ignoredPurchase>false</ignoredPurchase>
                            <centralized>false</centralized>
                        </lotData>
                        <deliveryPlaceIndication>GL</deliveryPlaceIndication>
                        <jointLotData>
                            <jointLot>false</jointLot>
                        </jointLotData>
                        <lotPlanInfo>
                            <planRegistrationNumber>2160202659</planRegistrationNumber>
                            <planGuid>91961a26-05ac-4bad-af94-aae9d95a493a</planGuid>
                            <positionNumber>25</positionNumber>
                            <lotPlanPosition>COMMODITY</lotPlanPosition>
                            <positionGuid>07ec5f57-1f6a-4dc6-b35a-5fb81589f590</positionGuid>
                        </lotPlanInfo>
                        <cancelled>false</cancelled>
                    </lot>
                </ns2:lots>
            </ns2:purchaseNoticeEPData>
        </ns2:item>
    </ns2:body>
</ns2:purchaseNoticeEP>
