<?xml version="1.0" encoding="UTF-8" standalone="yes"?>
<ns2:purchaseNoticeEP xsi:schemaLocation="http://zakupki.gov.ru/223/integration/schema/TFF-5.2 http://zakupki.gov.ru/223/integration/schema/TFF-5.2/purchase.xsd" xmlns="http://zakupki.gov.ru/223fz/types/1" xmlns:ns10="http://zakupki.gov.ru/223fz/purchasePlan/1" xmlns:ns11="http://zakupki.gov.ru/223fz/purchasePlanProject/1" xmlns:ns12="http://zakupki.gov.ru/223fz/purchasePlanProjectAdditionalPosition/1" xmlns:ns13="http://zakupki.gov.ru/223fz/contract/1" xmlns:ns14="http://zakupki.gov.ru/223fz/missedNotice/1" xmlns:ns15="http://zakupki.gov.ru/223fz/reference/1" xmlns:ns16="http://zakupki.gov.ru/223fz/stopCommodity/1" xmlns:ns17="http://zakupki.gov.ru/223fz/decisionSuspension/1" xmlns:ns18="http://zakupki.gov.ru/223fz/purchasePlanAdditionalPosition/1" xmlns:ns19="http://zakupki.gov.ru/223fz/webRequest/1" xmlns:ns2="http://zakupki.gov.ru/223fz/purchase/1" xmlns:xsi="http://www.w3.org/2001/XMLSchema-instance" xmlns:ns3="http://zakupki.gov.ru/223fz/dishonestSupplier/1" xmlns:ns4="http://zakupki.gov.ru/223fz/machineryListInfo/1" xmlns:ns5="http://zakupki.gov.ru/223fz/revenue/1" xmlns:ns6="http://zakupki.gov.ru/223fz/orderClauseList/1" xmlns:ns7="http://zakupki.gov.ru/223fz/disagreementProtocol/1" xmlns:ns8="http://zakupki.gov.ru/223fz/complaint/1" xmlns:ns9="http://zakupki.gov.ru/223fz/notificationIssue/1">
    <header>
        <guid>dbc4124d-fbcb-4026-ab00-c9619b072e93</guid>
        <createDateTime>2017-03-15T15:15:06</createDateTime>
    </header>
    <ns2:body>
        <ns2:item>
            <guid>9fdeb969-8efd-4c08-b77a-cf938ec2cea4</guid>
            <ns2:purchaseNoticeEPData>
                <ns2:guid>9fdeb969-8efd-4c08-b77a-cf938ec2cea4</ns2:guid>
                <ns2:createDateTime>2017-03-15T15:11:54</ns2:createDateTime>
                <ns2:urlOOS>https://zakupki.gov.ru/223/purchase/private/purchase/notice-info/details.html?noticeInfoId=5879421</ns2:urlOOS>
                <ns2:registrationNumber>31704892648</ns2:registrationNumber>
                <ns2:name>Оказание услуг по теплоснабжению для объектов обособленного подразделения "Ставропольский" ООО "ГУЖФ" (КЧР, Зеленчукский р-н, ст. Сторожевая-2, г. Ставрополь, ул. Южный Обход, ст. незлобная, г. Буденновск, мкр. «Северный»)</ns2:name>
                <ns2:customer>
                    <mainInfo>
                        <fullName>ОБЩЕСТВО С ОГРАНИЧЕННОЙ ОТВЕТСТВЕННОСТЬЮ "ГЛАВНОЕ УПРАВЛЕНИЕ ЖИЛИЩНЫМ ФОНДОМ"</fullName>
                        <shortName>ООО "ГУЖФ"</shortName>
                        <iko>57704307993770401001</iko>
                        <inn>7704307993</inn>
                        <kpp>770401001</kpp>
                        <ogrn>1157746180305</ogrn>
                        <legalAddress>119021, г МОСКВА, пр-кт КОМСОМОЛЬСКИЙ, дом ДОМ 18, корпус СТРОЕНИЕ 3</legalAddress>
                        <postalAddress>119021, г. Москва, пр-кт Комсомольский, д.18, стр. 3</postalAddress>
                        <phone>7-495-6095095</phone>
                        <email>info@guzhf.ru</email>
                        <okato>45286590000</okato>
                        <okpo>42466474</okpo>
                    </mainInfo>
                </ns2:customer>
                <ns2:purchaseMethodCode>3363</ns2:purchaseMethodCode>
                <ns2:purchaseCodeName>Закупка у единственного поставщика (исполнителя, подрядчика)</ns2:purchaseCodeName>
                <ns2:placer>
                    <mainInfo>
                        <fullName>ОБЩЕСТВО С ОГРАНИЧЕННОЙ ОТВЕТСТВЕННОСТЬЮ "ГЛАВНОЕ УПРАВЛЕНИЕ ЖИЛИЩНЫМ ФОНДОМ"</fullName>
                        <shortName>ООО "ГУЖФ"</shortName>
                        <iko>57704307993770401001</iko>
                        <inn>7704307993</inn>
                        <kpp>770401001</kpp>
                        <ogrn>1157746180305</ogrn>
                        <legalAddress>119021, г МОСКВА, пр-кт КОМСОМОЛЬСКИЙ, дом ДОМ 18, корпус СТРОЕНИЕ 3</legalAddress>
                        <postalAddress>119021, г. Москва, пр-кт Комсомольский, д.18, стр. 3</postalAddress>
                        <phone>7-495-6095095</phone>
                        <email>info@guzhf.ru</email>
                        <okato>45286590000</okato>
                        <okpo>42466474</okpo>
                    </mainInfo>
                </ns2:placer>
                <ns2:contact>
                    <phone>+7 (499) 7909111, доб.: 378</phone>
                    <email>RomanovMaV@guzhf.ru</email>
                    <organization>
                        <mainInfo>
                            <fullName>ОБЩЕСТВО С ОГРАНИЧЕННОЙ ОТВЕТСТВЕННОСТЬЮ "ГЛАВНОЕ УПРАВЛЕНИЕ ЖИЛИЩНЫМ ФОНДОМ"</fullName>
                            <shortName>ООО "ГУЖФ"</shortName>
                            <iko>57704307993770401001</iko>
                            <inn>7704307993</inn>
                            <kpp>770401001</kpp>
                            <ogrn>1157746180305</ogrn>
                            <legalAddress>119021, г МОСКВА, пр-кт КОМСОМОЛЬСКИЙ, дом ДОМ 18, корпус СТРОЕНИЕ 3</legalAddress>
                            <postalAddress>119021, г. Москва, пр-кт Комсомольский, д.18, стр. 3</postalAddress>
                            <phone>7-495-6095095</phone>
                            <email>info@guzhf.ru</email>
                            <okato>45286590000</okato>
                            <okpo>42466474</okpo>
                        </mainInfo>
                    </organization>
                </ns2:contact>
                <ns2:publicationDateTime>2017-03-15T15:15:06</ns2:publicationDateTime>
                <ns2:documentationDelivery>
                    <deliveryStartDateTime>2017-03-15</deliveryStartDateTime>
                    <deliveryEndDateTime>2017-03-16</deliveryEndDateTime>
                </ns2:documentationDelivery>
                <ns2:status>P</ns2:status>
                <ns2:version>1</ns2:version>
                <ns2:notDishonest>false</ns2:notDishonest>
                <ns2:attachments>
                    <totalDocumentsCount>4</totalDocumentsCount>
                    <document>
                        <guid>c0713f1d-743c-41e5-bdc2-2a8ea5bb21ed</guid>
                        <createDateTime>2017-03-15T15:14:03</createDateTime>
                        <fileName>Техническое задание.docx</fileName>
                        <description>Техническое задание</description>
                        <url>http://zakupki.gov.ru/223/purchase/public/download/download.html?id=30078325</url>
                    </document>
                    <document>
                        <guid>62cbf609-a3eb-44e4-b67b-a25c7f9cb481</guid>
                        <createDateTime>2017-03-15T15:14:13</createDateTime>
                        <fileName>Договор теплоснабжения № 26-01-031.pdf</fileName>
                        <description>Договор теплоснабжения № 26-01-031</description>
                        <url>http://zakupki.gov.ru/223/purchase/public/download/download.html?id=30078333</url>
                    </document>
                    <document>
                        <guid>e515c6c5-4dff-4176-b396-e3d47090bd50</guid>
                        <createDateTime>2017-03-15T15:13:56</createDateTime>
                        <fileName>Извещение.doc</fileName>
                        <description>Извещение</description>
                        <url>http://zakupki.gov.ru/223/purchase/public/download/download.html?id=30078318</url>
                    </document>
                    <document>
                        <guid>5f73868d-2c5e-4537-828c-53a2704bf32b</guid>
                        <createDateTime>2017-03-15T15:14:39</createDateTime>
                        <fileName>Доп согл № 3 к договору № 26-01-031.pdf</fileName>
                        <description>Доп согл № 3 к договору № 26-01-031</description>
                        <url>http://zakupki.gov.ru/223/purchase/public/download/download.html?id=30078351</url>
                    </document>
                </ns2:attachments>
                <ns2:modificationDate>2017-03-15T15:15:06</ns2:modificationDate>
                <ns2:saveUserId>221708</ns2:saveUserId>
                <ns2:deliveryPlaceIndication>DIFFERENT_PLACE</ns2:deliveryPlaceIndication>
                <ns2:emergency>false</ns2:emergency>
                <ns2:jointPurchase>false</ns2:jointPurchase>
                <ns2:lots>
                    <lot>
                        <guid>5ad61472-ce9a-42a9-8665-a9b0d3e5ae06</guid>
                        <ordinalNumber>1</ordinalNumber>
                        <lotEditEnabled>false</lotEditEnabled>
                        <lotData>
                            <subject>Оказание услуг по теплоснабжению для объектов обособленного подразделения "Ставропольский" ООО "ГУЖФ" (КЧР, Зеленчукский р-н, ст. Сторожевая-2, г. Ставрополь, ул. Южный Обход, ст. незлобная, г. Буденновск, мкр. «Северный»)</subject>
                            <currency>
                                <code>RUB</code>
                                <digitalCode>643</digitalCode>
                                <name>Российский рубль</name>
                            </currency>
                            <initialSum>70610639.26</initialSum>
                            <deliveryPlace>
                                <state>Северо-Кавказский федеральный округ</state>
                                <region>Карачаево-Черкесская   Респ </region>
                                <regionOkato>91000000000</regionOkato>
                                <address>Карачаево-Черкесская Республика</address>
                            </deliveryPlace>
                            <lotItems>
                                <newCodes>true</newCodes>
                                <lotItem>
                                    <guid>b2d20fc4-bbe7-4bce-84e3-af7f5fad6db0</guid>
                                    <ordinalNumber>1</ordinalNumber>
                                    <okpd2>
                                        <code>35.30</code>
                                        <name>Услуги по снабжению паром и кондиционированию воздуха</name>
                                    </okpd2>
                                    <okved2>
                                        <code>35.30</code>
                                        <name>Производство, передача и распределение пара и горячей воды; кондиционирование воздуха</name>
                                    </okved2>
                                    <okei>
                                        <code>233</code>
                                        <name>Гигакалория</name>
                                    </okei>
                                    <qty>42688.8</qty>
                                </lotItem>
                            </lotItems>
                            <forSmallOrMiddle>false</forSmallOrMiddle>
                            <excludePurchaseFromPlan>false</excludePurchaseFromPlan>
                            <subcontractorsRequirement>false</subcontractorsRequirement>
                            <ignoredPurchase>false</ignoredPurchase>
                            <centralized>false</centralized>
                        </lotData>
                        <deliveryPlaceIndication>GL</deliveryPlaceIndication>
                        <jointLotData>
                            <jointLot>false</jointLot>
                        </jointLotData>
                        <lotPlanInfo>
                            <planRegistrationNumber>2160215848</planRegistrationNumber>
                            <planGuid>d4edbd17-20ca-471c-8c40-cedeade9285b</planGuid>
                            <positionNumber>165</positionNumber>
                            <lotPlanPosition>COMMODITY</lotPlanPosition>
                            <positionGuid>7d04c44e-ad06-4833-be0f-a855711fb5c5</positionGuid>
                        </lotPlanInfo>
                        <cancelled>false</cancelled>
                    </lot>
                </ns2:lots>
            </ns2:purchaseNoticeEPData>
        </ns2:item>
    </ns2:body>
</ns2:purchaseNoticeEP>
