<?xml version="1.0" encoding="UTF-8" standalone="yes"?>
<ns2:purchaseNoticeEP xsi:schemaLocation="http://zakupki.gov.ru/223/integration/schema/TFF-5.2 http://zakupki.gov.ru/223/integration/schema/TFF-5.2/purchase.xsd" xmlns="http://zakupki.gov.ru/223fz/types/1" xmlns:ns10="http://zakupki.gov.ru/223fz/purchasePlan/1" xmlns:ns11="http://zakupki.gov.ru/223fz/purchasePlanProject/1" xmlns:ns12="http://zakupki.gov.ru/223fz/purchasePlanProjectAdditionalPosition/1" xmlns:ns13="http://zakupki.gov.ru/223fz/contract/1" xmlns:ns14="http://zakupki.gov.ru/223fz/missedNotice/1" xmlns:ns15="http://zakupki.gov.ru/223fz/reference/1" xmlns:ns16="http://zakupki.gov.ru/223fz/stopCommodity/1" xmlns:ns17="http://zakupki.gov.ru/223fz/decisionSuspension/1" xmlns:ns18="http://zakupki.gov.ru/223fz/purchasePlanAdditionalPosition/1" xmlns:ns19="http://zakupki.gov.ru/223fz/webRequest/1" xmlns:ns2="http://zakupki.gov.ru/223fz/purchase/1" xmlns:xsi="http://www.w3.org/2001/XMLSchema-instance" xmlns:ns3="http://zakupki.gov.ru/223fz/dishonestSupplier/1" xmlns:ns4="http://zakupki.gov.ru/223fz/machineryListInfo/1" xmlns:ns5="http://zakupki.gov.ru/223fz/revenue/1" xmlns:ns6="http://zakupki.gov.ru/223fz/orderClauseList/1" xmlns:ns7="http://zakupki.gov.ru/223fz/disagreementProtocol/1" xmlns:ns8="http://zakupki.gov.ru/223fz/complaint/1" xmlns:ns9="http://zakupki.gov.ru/223fz/notificationIssue/1">
    <header>
        <guid>3f06eefa-0afd-4579-8ac4-014586acfe2e</guid>
        <createDateTime>2017-03-15T14:10:17</createDateTime>
    </header>
    <ns2:body>
        <ns2:item>
            <guid>2c859fc1-8e5f-4d67-a674-cf3708ad5db1</guid>
            <ns2:purchaseNoticeEPData>
                <ns2:guid>2c859fc1-8e5f-4d67-a674-cf3708ad5db1</ns2:guid>
                <ns2:createDateTime>2017-03-15T14:07:15</ns2:createDateTime>
                <ns2:urlOOS>https://zakupki.gov.ru/223/purchase/private/purchase/notice-info/details.html?noticeInfoId=5878570</ns2:urlOOS>
                <ns2:registrationNumber>31704891953</ns2:registrationNumber>
                <ns2:name>Ремонт подьездов ул. Академика Пилюгина 26 к 2 п3</ns2:name>
                <ns2:customer>
                    <mainInfo>
                        <fullName>ГОСУДАРСТВЕННОЕ БЮДЖЕТНОЕ УЧРЕЖДЕНИЕ ГОРОДА МОСКВЫ "ЖИЛИЩНИК РАЙОНА ЛОМОНОСОВСКИЙ"</fullName>
                        <shortName>ГБУ "ЖИЛИЩНИК РАЙОНА ЛОМОНОСОВСКИЙ"</shortName>
                        <iko>87736669273773601001</iko>
                        <inn>7736669273</inn>
                        <kpp>773601001</kpp>
                        <ogrn>5137746236799</ogrn>
                        <legalAddress>119313, Г МОСКВА, ПР-КТ ЛЕНИНСКИЙ, дом ДОМ 88, корпус КОРПУС 1</legalAddress>
                        <postalAddress>117393, г.Москва, ул. Академика Пилюгина, д.16, стр.1</postalAddress>
                        <phone>7-985-2262102</phone>
                        <fax>7-499-1320683</fax>
                        <email>zakupki2016l@mail.ru</email>
                        <okato>45293574000</okato>
                        <okpo>17825176</okpo>
                    </mainInfo>
                </ns2:customer>
                <ns2:purchaseMethodCode>3363</ns2:purchaseMethodCode>
                <ns2:purchaseCodeName>Закупка у единственного поставщика (исполнителя, подрядчика)</ns2:purchaseCodeName>
                <ns2:placer>
                    <mainInfo>
                        <fullName>ГОСУДАРСТВЕННОЕ БЮДЖЕТНОЕ УЧРЕЖДЕНИЕ ГОРОДА МОСКВЫ "ЖИЛИЩНИК РАЙОНА ЛОМОНОСОВСКИЙ"</fullName>
                        <shortName>ГБУ "ЖИЛИЩНИК РАЙОНА ЛОМОНОСОВСКИЙ"</shortName>
                        <iko>87736669273773601001</iko>
                        <inn>7736669273</inn>
                        <kpp>773601001</kpp>
                        <ogrn>5137746236799</ogrn>
                        <legalAddress>119313, Г МОСКВА, ПР-КТ ЛЕНИНСКИЙ, дом ДОМ 88, корпус КОРПУС 1</legalAddress>
                        <postalAddress>117393, г.Москва, ул. Академика Пилюгина, д.16, стр.1</postalAddress>
                        <phone>7-985-2262102</phone>
                        <fax>7-499-1320683</fax>
                        <email>zakupki2016l@mail.ru</email>
                        <okato>45293574000</okato>
                        <okpo>17825176</okpo>
                    </mainInfo>
                </ns2:placer>
                <ns2:contact>
                    <firstName>Олег</firstName>
                    <middleName>Алланович</middleName>
                    <lastName>Хетагуров</lastName>
                    <phone>+8 (499) 1325283</phone>
                    <email>zakupki2016I@mail.ru</email>
                    <organization>
                        <mainInfo>
                            <fullName>ГОСУДАРСТВЕННОЕ БЮДЖЕТНОЕ УЧРЕЖДЕНИЕ ГОРОДА МОСКВЫ "ЖИЛИЩНИК РАЙОНА ЛОМОНОСОВСКИЙ"</fullName>
                            <shortName>ГБУ "ЖИЛИЩНИК РАЙОНА ЛОМОНОСОВСКИЙ"</shortName>
                            <iko>87736669273773601001</iko>
                            <inn>7736669273</inn>
                            <kpp>773601001</kpp>
                            <ogrn>5137746236799</ogrn>
                            <legalAddress>119313, Г МОСКВА, ПР-КТ ЛЕНИНСКИЙ, дом ДОМ 88, корпус КОРПУС 1</legalAddress>
                            <postalAddress>117393, г.Москва, ул. Академика Пилюгина, д.16, стр.1</postalAddress>
                            <phone>7-985-2262102</phone>
                            <fax>7-499-1320683</fax>
                            <email>zakupki2016l@mail.ru</email>
                            <okato>45293574000</okato>
                            <okpo>17825176</okpo>
                        </mainInfo>
                    </organization>
                </ns2:contact>
                <ns2:publicationDateTime>2017-03-15T14:10:17</ns2:publicationDateTime>
                <ns2:documentationDelivery>
                    <deliveryStartDateTime>2017-03-15</deliveryStartDateTime>
                    <deliveryEndDateTime>2017-03-27</deliveryEndDateTime>
                    <place>117393, г.Москва, ул. Академика Пилюгина, д.16, стр.1</place>
                    <procedure>по запросу</procedure>
                </ns2:documentationDelivery>
                <ns2:status>P</ns2:status>
                <ns2:version>1</ns2:version>
                <ns2:notDishonest>false</ns2:notDishonest>
                <ns2:attachments>
                    <totalDocumentsCount>1</totalDocumentsCount>
                    <document>
                        <guid>212cdbe8-a512-4c05-a54e-2c1ab6c6c53d</guid>
                        <createDateTime>2017-03-15T14:10:04</createDateTime>
                        <fileName>113-3-16-223.pdf</fileName>
                        <description>113-3-16-223</description>
                        <url>http://zakupki.gov.ru/223/purchase/public/download/download.html?id=30074394</url>
                    </document>
                </ns2:attachments>
                <ns2:modificationDate>2017-03-15T14:10:17</ns2:modificationDate>
                <ns2:saveUserId>210832</ns2:saveUserId>
                <ns2:deliveryPlaceIndication>SINGLE_PLACE</ns2:deliveryPlaceIndication>
                <ns2:emergency>false</ns2:emergency>
                <ns2:jointPurchase>false</ns2:jointPurchase>
                <ns2:lots>
                    <lot>
                        <guid>21cc8a3e-3f5a-40b4-a337-0bd3b00de236</guid>
                        <ordinalNumber>1</ordinalNumber>
                        <lotEditEnabled>false</lotEditEnabled>
                        <lotData>
                            <subject>Ремонт подьездов ул. Академика Пилюгина 26 к 2 п3</subject>
                            <currency>
                                <code>RUB</code>
                                <digitalCode>643</digitalCode>
                                <name>Российский рубль</name>
                            </currency>
                            <initialSum>132783.98</initialSum>
                            <deliveryPlace>
                                <state>Центральный федеральный округ</state>
                                <region>Москва</region>
                                <regionOkato>45000000000</regionOkato>
                                <address>117393, г.Москва, ул. Академика Пилюгина, д.16, стр.1</address>
                            </deliveryPlace>
                            <lotItems>
                                <newCodes>true</newCodes>
                                <lotItem>
                                    <guid>783a2d91-7632-49bb-b545-f5ed25b5699e</guid>
                                    <ordinalNumber>1</ordinalNumber>
                                    <okpd2>
                                        <code>43.99.9</code>
                                        <name>Работы строительные специализированные, не включенные в другие группировки</name>
                                    </okpd2>
                                    <okved2>
                                        <code>43.99</code>
                                        <name>Работы строительные специализированные прочие, не включенные в другие группировки</name>
                                    </okved2>
                                    <okei>
                                        <code>876</code>
                                        <name>Условная единица</name>
                                    </okei>
                                    <qty>1</qty>
                                </lotItem>
                            </lotItems>
                            <forSmallOrMiddle>false</forSmallOrMiddle>
                            <excludePurchaseFromPlan>false</excludePurchaseFromPlan>
                            <subcontractorsRequirement>false</subcontractorsRequirement>
                            <ignoredPurchase>false</ignoredPurchase>
                            <centralized>false</centralized>
                        </lotData>
                        <deliveryPlaceIndication>GL</deliveryPlaceIndication>
                        <jointLotData>
                            <jointLot>false</jointLot>
                        </jointLotData>
                        <lotPlanInfo>
                            <planRegistrationNumber>2160159242</planRegistrationNumber>
                            <planGuid>619f5df0-141d-4afa-ac47-aee1c9b72178</planGuid>
                            <positionNumber>155</positionNumber>
                            <lotPlanPosition>COMMODITY</lotPlanPosition>
                            <positionGuid>0f20c780-e569-4414-bfb3-fc8272d59698</positionGuid>
                        </lotPlanInfo>
                        <cancelled>false</cancelled>
                    </lot>
                </ns2:lots>
            </ns2:purchaseNoticeEPData>
        </ns2:item>
    </ns2:body>
</ns2:purchaseNoticeEP>
