<?xml version="1.0" encoding="UTF-8" standalone="yes"?>
<ns2:purchaseNoticeEP xsi:schemaLocation="http://zakupki.gov.ru/223/integration/schema/TFF-5.2 http://zakupki.gov.ru/223/integration/schema/TFF-5.2/purchase.xsd" xmlns="http://zakupki.gov.ru/223fz/types/1" xmlns:ns10="http://zakupki.gov.ru/223fz/purchasePlan/1" xmlns:ns11="http://zakupki.gov.ru/223fz/purchasePlanProject/1" xmlns:ns12="http://zakupki.gov.ru/223fz/purchasePlanProjectAdditionalPosition/1" xmlns:ns13="http://zakupki.gov.ru/223fz/contract/1" xmlns:ns14="http://zakupki.gov.ru/223fz/missedNotice/1" xmlns:ns15="http://zakupki.gov.ru/223fz/reference/1" xmlns:ns16="http://zakupki.gov.ru/223fz/stopCommodity/1" xmlns:ns17="http://zakupki.gov.ru/223fz/decisionSuspension/1" xmlns:ns18="http://zakupki.gov.ru/223fz/purchasePlanAdditionalPosition/1" xmlns:ns19="http://zakupki.gov.ru/223fz/webRequest/1" xmlns:ns2="http://zakupki.gov.ru/223fz/purchase/1" xmlns:xsi="http://www.w3.org/2001/XMLSchema-instance" xmlns:ns3="http://zakupki.gov.ru/223fz/dishonestSupplier/1" xmlns:ns4="http://zakupki.gov.ru/223fz/machineryListInfo/1" xmlns:ns5="http://zakupki.gov.ru/223fz/revenue/1" xmlns:ns6="http://zakupki.gov.ru/223fz/orderClauseList/1" xmlns:ns7="http://zakupki.gov.ru/223fz/disagreementProtocol/1" xmlns:ns8="http://zakupki.gov.ru/223fz/complaint/1" xmlns:ns9="http://zakupki.gov.ru/223fz/notificationIssue/1">
    <header>
        <guid>192c8bf2-572f-4832-a018-ad536d9954ac</guid>
        <createDateTime>2017-03-15T14:19:26</createDateTime>
    </header>
    <ns2:body>
        <ns2:item>
            <guid>f2f32b7a-a50b-1ed7-82ae-173e5c37d768</guid>
            <ns2:purchaseNoticeEPData>
                <ns2:guid>f2f32b7a-a50b-1ed7-82ae-173e5c37d768</ns2:guid>
                <ns2:createDateTime>2017-03-15T14:15:48</ns2:createDateTime>
                <ns2:urlOOS>https://zakupki.gov.ru/223/purchase/private/purchase/notice-info/details.html?noticeInfoId=5878680</ns2:urlOOS>
                <ns2:urlVSRZ>ЕОС-Закупки</ns2:urlVSRZ>
                <ns2:registrationNumber>31704892046</ns2:registrationNumber>
                <ns2:name>Оказание услуг по управлению комплексом мероприятий проекта по информационной поддержке жизненных циклов, ключевых технологий и объектов атомной энергетики: N-035-00004-100 «Разработка модели прогноза изменения обязательств в области заключительной стадии жизненного цикла на среднесрочный период»</ns2:name>
                <ns2:customer>
                    <mainInfo>
                        <fullName>Государственная корпорация по атомной энергии "Росатом"</fullName>
                        <shortName>Госкорпорация "Росатом"</shortName>
                        <iko>57706413348770601001</iko>
                        <inn>7706413348</inn>
                        <kpp>770601001</kpp>
                        <ogrn>1077799032926</ogrn>
                        <legalAddress>119017, г Москва, ул Ордынка Б., дом 24</legalAddress>
                        <postalAddress>Российская Федерация, 119017, Москва, ул. Б.Ордынка, д. 24..</postalAddress>
                        <phone>7-499-9494473</phone>
                        <email>onlysenko@rosatom.ru</email>
                        <okato>45286596000</okato>
                        <okpo>84695609</okpo>
                    </mainInfo>
                </ns2:customer>
                <ns2:purchaseMethodCode>3363</ns2:purchaseMethodCode>
                <ns2:purchaseCodeName>Закупка у единственного поставщика (исполнителя, подрядчика)</ns2:purchaseCodeName>
                <ns2:placer>
                    <mainInfo>
                        <fullName>Государственная корпорация по атомной энергии "Росатом"</fullName>
                        <shortName>Госкорпорация "Росатом"</shortName>
                        <iko>57706413348770601001</iko>
                        <inn>7706413348</inn>
                        <kpp>770601001</kpp>
                        <ogrn>1077799032926</ogrn>
                        <legalAddress>119017, г Москва, ул Ордынка Б., дом 24</legalAddress>
                        <postalAddress>Российская Федерация, 119017, Москва, ул. Б.Ордынка, д. 24..</postalAddress>
                        <phone>7-499-9494473</phone>
                        <email>onlysenko@rosatom.ru</email>
                        <okato>45286596000</okato>
                        <okpo>84695609</okpo>
                    </mainInfo>
                </ns2:placer>
                <ns2:contact>
                    <firstName>Олег</firstName>
                    <middleName>Васильевич</middleName>
                    <lastName>Крюков</lastName>
                    <phone>+8 (499) 9494335</phone>
                    <fax>+8 (499) 9494335</fax>
                    <email>TGRakitskaya@rosatom.ru</email>
                    <organization>
                        <mainInfo>
                            <fullName>Государственная корпорация по атомной энергии "Росатом"</fullName>
                            <shortName>Госкорпорация "Росатом"</shortName>
                            <iko>57706413348770601001</iko>
                            <inn>7706413348</inn>
                            <kpp>770601001</kpp>
                            <ogrn>1077799032926</ogrn>
                            <legalAddress>119017, г Москва, ул Ордынка Б., дом 24</legalAddress>
                            <postalAddress>Российская Федерация, 119017, Москва, ул. Б.Ордынка, д. 24..</postalAddress>
                            <phone>7-499-9494473</phone>
                            <email>onlysenko@rosatom.ru</email>
                            <okato>45286596000</okato>
                            <okpo>84695609</okpo>
                        </mainInfo>
                    </organization>
                </ns2:contact>
                <ns2:publicationDateTime>2017-03-15T14:19:26</ns2:publicationDateTime>
                <ns2:documentationDelivery/>
                <ns2:status>P</ns2:status>
                <ns2:version>1</ns2:version>
                <ns2:notDishonest>false</ns2:notDishonest>
                <ns2:attachments>
                    <totalDocumentsCount>2</totalDocumentsCount>
                    <document>
                        <guid>a22a2ab1-590b-1ed7-81b4-20286a7d9e77</guid>
                        <createDateTime>2017-03-10T14:51:12</createDateTime>
                        <fileName>printing_form v2.docx</fileName>
                        <description>printing_form v2</description>
                        <url>http://zakupki.gov.ru/223/purchase/public/download/download.html?id=30074737</url>
                    </document>
                    <document>
                        <guid>0addd403-d90a-1ed7-82ae-03eca953843f</guid>
                        <createDateTime>2017-03-15T11:11:22</createDateTime>
                        <fileName>Договор_N-035-00004-100_ГК_v2.doc</fileName>
                        <description>Договор_N-035-00004-100_ГК_v2</description>
                        <url>http://zakupki.gov.ru/223/purchase/public/download/download.html?id=30074738</url>
                    </document>
                </ns2:attachments>
                <ns2:modificationDate>2017-03-15T14:19:26</ns2:modificationDate>
                <ns2:saveUserId>217757</ns2:saveUserId>
                <ns2:deliveryPlaceIndication>DIFFERENT_PLACE</ns2:deliveryPlaceIndication>
                <ns2:emergency>false</ns2:emergency>
                <ns2:jointPurchase>false</ns2:jointPurchase>
                <ns2:lots>
                    <lot>
                        <guid>2220fc00-0d0a-1ed6-bfe3-53dc4498cf21</guid>
                        <ordinalNumber>1</ordinalNumber>
                        <lotEditEnabled>true</lotEditEnabled>
                        <lotData>
                            <subject>Оказание услуг по управлению комплексом мероприятий проекта по информационной поддержке жизненных циклов, ключевых технологий и объектов атомной энергетики: N-035-00004-100 «Разработка модели прогноза изменения обязательств в области заключительной стадии жизненного цикла на среднесрочный период»</subject>
                            <currency>
                                <code>RUB</code>
                                <digitalCode>643</digitalCode>
                                <name>Российский рубль</name>
                            </currency>
                            <initialSum>2499198.43</initialSum>
                            <deliveryPlace>
                                <address>119017, Россия, Москва, ул. Большая Ордынка, д. 24</address>
                            </deliveryPlace>
                            <lotItems>
                                <newCodes>true</newCodes>
                                <lotItem>
                                    <guid>2220fc00-0d0a-1ed6-bfe3-544220008f21</guid>
                                    <ordinalNumber>1</ordinalNumber>
                                    <okpd2>
                                        <code>70.22.11.000</code>
                                        <name>Услуги консультативные по вопросам стратегического управления</name>
                                    </okpd2>
                                    <okved2>
                                        <code>70.22</code>
                                        <name>Консультирование по вопросам коммерческой деятельности и управления</name>
                                    </okved2>
                                </lotItem>
                            </lotItems>
                            <forSmallOrMiddle>false</forSmallOrMiddle>
                            <excludePurchaseFromPlan>false</excludePurchaseFromPlan>
                            <subcontractorsRequirement>false</subcontractorsRequirement>
                            <ignoredPurchase>false</ignoredPurchase>
                            <centralized>false</centralized>
                        </lotData>
                        <deliveryPlaceIndication>GL</deliveryPlaceIndication>
                        <jointLotData>
                            <jointLot>false</jointLot>
                        </jointLotData>
                        <lotPlanInfo>
                            <planRegistrationNumber>2160184759</planRegistrationNumber>
                            <planGuid>2220fc00-0d0a-1ed7-80e2-4466c5ad856f</planGuid>
                            <positionNumber>1175400001</positionNumber>
                            <lotPlanPosition>COMMODITY</lotPlanPosition>
                            <positionGuid>0addd403-d90a-1ed6-bfe3-6b616ce2db20</positionGuid>
                        </lotPlanInfo>
                        <cancelled>false</cancelled>
                    </lot>
                </ns2:lots>
            </ns2:purchaseNoticeEPData>
        </ns2:item>
    </ns2:body>
</ns2:purchaseNoticeEP>
