<?xml version="1.0" encoding="UTF-8" standalone="yes"?>
<ns2:purchaseNoticeEP xsi:schemaLocation="http://zakupki.gov.ru/223/integration/schema/TFF-5.2 http://zakupki.gov.ru/223/integration/schema/TFF-5.2/purchase.xsd" xmlns="http://zakupki.gov.ru/223fz/types/1" xmlns:ns10="http://zakupki.gov.ru/223fz/purchasePlan/1" xmlns:ns11="http://zakupki.gov.ru/223fz/purchasePlanProject/1" xmlns:ns12="http://zakupki.gov.ru/223fz/purchasePlanProjectAdditionalPosition/1" xmlns:ns13="http://zakupki.gov.ru/223fz/contract/1" xmlns:ns14="http://zakupki.gov.ru/223fz/missedNotice/1" xmlns:ns15="http://zakupki.gov.ru/223fz/reference/1" xmlns:ns16="http://zakupki.gov.ru/223fz/stopCommodity/1" xmlns:ns17="http://zakupki.gov.ru/223fz/decisionSuspension/1" xmlns:ns18="http://zakupki.gov.ru/223fz/purchasePlanAdditionalPosition/1" xmlns:ns19="http://zakupki.gov.ru/223fz/webRequest/1" xmlns:ns2="http://zakupki.gov.ru/223fz/purchase/1" xmlns:xsi="http://www.w3.org/2001/XMLSchema-instance" xmlns:ns3="http://zakupki.gov.ru/223fz/dishonestSupplier/1" xmlns:ns4="http://zakupki.gov.ru/223fz/machineryListInfo/1" xmlns:ns5="http://zakupki.gov.ru/223fz/revenue/1" xmlns:ns6="http://zakupki.gov.ru/223fz/orderClauseList/1" xmlns:ns7="http://zakupki.gov.ru/223fz/disagreementProtocol/1" xmlns:ns8="http://zakupki.gov.ru/223fz/complaint/1" xmlns:ns9="http://zakupki.gov.ru/223fz/notificationIssue/1">
    <header>
        <guid>52423a1c-f712-45d3-a7fd-1a762a89e99e</guid>
        <createDateTime>2017-03-15T15:31:59</createDateTime>
    </header>
    <ns2:body>
        <ns2:item>
            <guid>6efd2148-fdbf-47cd-b0c8-4e171f400849</guid>
            <ns2:purchaseNoticeEPData>
                <ns2:guid>6efd2148-fdbf-47cd-b0c8-4e171f400849</ns2:guid>
                <ns2:createDateTime>2017-03-15T15:29:56</ns2:createDateTime>
                <ns2:urlOOS>https://zakupki.gov.ru/223/purchase/private/purchase/notice-info/details.html?noticeInfoId=5879654</ns2:urlOOS>
                <ns2:registrationNumber>31704892831</ns2:registrationNumber>
                <ns2:name>Поставка моторного топлива</ns2:name>
                <ns2:customer>
                    <mainInfo>
                        <fullName>ОБЩЕСТВО С ОГРАНИЧЕННОЙ ОТВЕТСТВЕННОСТЬЮ "ГАЗПРОМ ГАЗОРАСПРЕДЕЛЕНИЕ МОСКВА"</fullName>
                        <shortName>ООО "ГАЗПРОМ ГАЗОРАСПРЕДЕЛЕНИЕ МОСКВА"</shortName>
                        <iko>57751523230775101001</iko>
                        <inn>7751523230</inn>
                        <kpp>775101001</kpp>
                        <ogrn>1147746844662</ogrn>
                        <legalAddress>108814, Г МОСКВА, П КОММУНАРКА, офис (квартира) ПРОМЫШЛЕННАЯ БАЗА</legalAddress>
                        <postalAddress>108814, дом 0, корпус 0, строение 0</postalAddress>
                        <phone>7-495-2873970</phone>
                        <email>info@gazpromgrm.ru</email>
                        <okato>45297574102</okato>
                        <okpo>33693001</okpo>
                    </mainInfo>
                </ns2:customer>
                <ns2:purchaseMethodCode>3363</ns2:purchaseMethodCode>
                <ns2:purchaseCodeName>Закупка у единственного поставщика (исполнителя, подрядчика)</ns2:purchaseCodeName>
                <ns2:placer>
                    <mainInfo>
                        <fullName>ОБЩЕСТВО С ОГРАНИЧЕННОЙ ОТВЕТСТВЕННОСТЬЮ "ГАЗПРОМ ГАЗОРАСПРЕДЕЛЕНИЕ МОСКВА"</fullName>
                        <shortName>ООО "ГАЗПРОМ ГАЗОРАСПРЕДЕЛЕНИЕ МОСКВА"</shortName>
                        <iko>57751523230775101001</iko>
                        <inn>7751523230</inn>
                        <kpp>775101001</kpp>
                        <ogrn>1147746844662</ogrn>
                        <legalAddress>108814, Г МОСКВА, П КОММУНАРКА, офис (квартира) ПРОМЫШЛЕННАЯ БАЗА</legalAddress>
                        <postalAddress>108814, дом 0, корпус 0, строение 0</postalAddress>
                        <phone>7-495-2873970</phone>
                        <email>info@gazpromgrm.ru</email>
                        <okato>45297574102</okato>
                        <okpo>33693001</okpo>
                    </mainInfo>
                </ns2:placer>
                <ns2:contact>
                    <firstName>Иван</firstName>
                    <middleName>Андреевич</middleName>
                    <lastName>Гусев</lastName>
                    <phone>+7 (495) 2873982, доб.: 77115</phone>
                    <email>gusev@gazpromgrm.ru</email>
                    <organization>
                        <mainInfo>
                            <fullName>ОБЩЕСТВО С ОГРАНИЧЕННОЙ ОТВЕТСТВЕННОСТЬЮ "ГАЗПРОМ ГАЗОРАСПРЕДЕЛЕНИЕ МОСКВА"</fullName>
                            <shortName>ООО "ГАЗПРОМ ГАЗОРАСПРЕДЕЛЕНИЕ МОСКВА"</shortName>
                            <iko>57751523230775101001</iko>
                            <inn>7751523230</inn>
                            <kpp>775101001</kpp>
                            <ogrn>1147746844662</ogrn>
                            <legalAddress>108814, Г МОСКВА, П КОММУНАРКА, офис (квартира) ПРОМЫШЛЕННАЯ БАЗА</legalAddress>
                            <postalAddress>108814, дом 0, корпус 0, строение 0</postalAddress>
                            <phone>7-495-2873970</phone>
                            <email>info@gazpromgrm.ru</email>
                            <okato>45297574102</okato>
                            <okpo>33693001</okpo>
                        </mainInfo>
                    </organization>
                </ns2:contact>
                <ns2:publicationDateTime>2017-03-15T15:31:59</ns2:publicationDateTime>
                <ns2:documentationDelivery/>
                <ns2:status>P</ns2:status>
                <ns2:version>1</ns2:version>
                <ns2:notDishonest>true</ns2:notDishonest>
                <ns2:attachments>
                    <totalDocumentsCount>3</totalDocumentsCount>
                    <document>
                        <guid>37cb7cbc-b888-40b9-a2d2-340eb9d0e59d</guid>
                        <createDateTime>2017-03-15T15:31:31</createDateTime>
                        <fileName>Извещение о закупке у единств.поставщика ТОВАРОВ.doc</fileName>
                        <description>Извещение о закупке у единств.поставщика ТОВАРОВ</description>
                        <url>http://zakupki.gov.ru/223/purchase/public/download/download.html?id=30079330</url>
                    </document>
                    <document>
                        <guid>6246176f-5a65-402c-ae04-182ae0f2ca29</guid>
                        <createDateTime>2017-03-15T15:31:35</createDateTime>
                        <fileName>Договор ГСМ измененный 06.03.2017.docx</fileName>
                        <description>Договор ГСМ измененный 06.03.2017</description>
                        <url>http://zakupki.gov.ru/223/purchase/public/download/download.html?id=30079334</url>
                    </document>
                    <document>
                        <guid>6a309c6b-57db-436a-b743-d31b2493df70</guid>
                        <createDateTime>2017-03-15T15:31:39</createDateTime>
                        <fileName>Приложение № 1 скидка от объема.docx</fileName>
                        <description>Приложение № 1 скидка от объема</description>
                        <url>http://zakupki.gov.ru/223/purchase/public/download/download.html?id=30079339</url>
                    </document>
                </ns2:attachments>
                <ns2:modificationDate>2017-03-15T15:31:59</ns2:modificationDate>
                <ns2:saveUserId>172168</ns2:saveUserId>
                <ns2:deliveryPlaceIndication>DIFFERENT_PLACE</ns2:deliveryPlaceIndication>
                <ns2:emergency>false</ns2:emergency>
                <ns2:jointPurchase>false</ns2:jointPurchase>
                <ns2:lots>
                    <lot>
                        <guid>99594b72-0143-492b-baed-f2e281b29c0e</guid>
                        <ordinalNumber>1</ordinalNumber>
                        <lotEditEnabled>false</lotEditEnabled>
                        <lotData>
                            <subject>Поставка моторного топлива</subject>
                            <currency>
                                <code>RUB</code>
                                <digitalCode>643</digitalCode>
                                <name>Российский рубль</name>
                            </currency>
                            <initialSum>9806951.44</initialSum>
                            <deliveryPlace>
                                <state>Центральный федеральный округ</state>
                                <region>Москва</region>
                                <regionOkato>45000000000</regionOkato>
                                <address>Москва и Московская область</address>
                            </deliveryPlace>
                            <lotItems>
                                <newCodes>true</newCodes>
                                <lotItem>
                                    <guid>5fcad0e9-276d-477d-acb6-dc29559f906b</guid>
                                    <ordinalNumber>1</ordinalNumber>
                                    <okpd2>
                                        <code>19.20.2</code>
                                        <name>Топливо жидкое и газообразное; масла смазочные</name>
                                    </okpd2>
                                    <okved2>
                                        <code>47.30.11</code>
                                        <name>Торговля розничная бензином и дизельным топливом в специализированных магазинах</name>
                                    </okved2>
                                </lotItem>
                            </lotItems>
                            <forSmallOrMiddle>false</forSmallOrMiddle>
                            <excludePurchaseFromPlan>false</excludePurchaseFromPlan>
                            <subcontractorsRequirement>false</subcontractorsRequirement>
                            <ignoredPurchase>false</ignoredPurchase>
                            <centralized>false</centralized>
                        </lotData>
                        <deliveryPlaceIndication>GL</deliveryPlaceIndication>
                        <jointLotData>
                            <jointLot>false</jointLot>
                        </jointLotData>
                        <lotPlanInfo>
                            <planRegistrationNumber>2170224110</planRegistrationNumber>
                            <planGuid>26e3a2f2-2578-453d-927a-401c620e7225</planGuid>
                            <positionNumber>24</positionNumber>
                            <lotPlanPosition>COMMODITY</lotPlanPosition>
                            <positionGuid>15dcc8bb-4028-4025-baca-0c49877d8f82</positionGuid>
                        </lotPlanInfo>
                        <cancelled>false</cancelled>
                    </lot>
                </ns2:lots>
            </ns2:purchaseNoticeEPData>
        </ns2:item>
    </ns2:body>
</ns2:purchaseNoticeEP>
