<?xml version="1.0" encoding="UTF-8" standalone="yes"?>
<ns2:purchaseNoticeEP xsi:schemaLocation="http://zakupki.gov.ru/223/integration/schema/TFF-5.2 http://zakupki.gov.ru/223/integration/schema/TFF-5.2/purchase.xsd" xmlns="http://zakupki.gov.ru/223fz/types/1" xmlns:ns10="http://zakupki.gov.ru/223fz/purchasePlan/1" xmlns:ns11="http://zakupki.gov.ru/223fz/purchasePlanProject/1" xmlns:ns12="http://zakupki.gov.ru/223fz/purchasePlanProjectAdditionalPosition/1" xmlns:ns13="http://zakupki.gov.ru/223fz/contract/1" xmlns:ns14="http://zakupki.gov.ru/223fz/missedNotice/1" xmlns:ns15="http://zakupki.gov.ru/223fz/reference/1" xmlns:ns16="http://zakupki.gov.ru/223fz/stopCommodity/1" xmlns:ns17="http://zakupki.gov.ru/223fz/decisionSuspension/1" xmlns:ns18="http://zakupki.gov.ru/223fz/purchasePlanAdditionalPosition/1" xmlns:ns19="http://zakupki.gov.ru/223fz/webRequest/1" xmlns:ns2="http://zakupki.gov.ru/223fz/purchase/1" xmlns:xsi="http://www.w3.org/2001/XMLSchema-instance" xmlns:ns3="http://zakupki.gov.ru/223fz/dishonestSupplier/1" xmlns:ns4="http://zakupki.gov.ru/223fz/machineryListInfo/1" xmlns:ns5="http://zakupki.gov.ru/223fz/revenue/1" xmlns:ns6="http://zakupki.gov.ru/223fz/orderClauseList/1" xmlns:ns7="http://zakupki.gov.ru/223fz/disagreementProtocol/1" xmlns:ns8="http://zakupki.gov.ru/223fz/complaint/1" xmlns:ns9="http://zakupki.gov.ru/223fz/notificationIssue/1">
    <header>
        <guid>b75a0e95-5801-41c8-a009-f961425490dd</guid>
        <createDateTime>2017-03-15T11:08:56</createDateTime>
    </header>
    <ns2:body>
        <ns2:item>
            <guid>48294495-2c1b-4d66-9e91-84cae7aab23d</guid>
            <ns2:purchaseNoticeEPData>
                <ns2:guid>48294495-2c1b-4d66-9e91-84cae7aab23d</ns2:guid>
                <ns2:createDateTime>2017-03-15T11:07:24</ns2:createDateTime>
                <ns2:urlOOS>https://zakupki.gov.ru/223/purchase/private/purchase/notice-info/details.html?noticeInfoId=5876789</ns2:urlOOS>
                <ns2:registrationNumber>31704871530</ns2:registrationNumber>
                <ns2:name>Изготовление штампов с оттиском линогравюр</ns2:name>
                <ns2:customer>
                    <mainInfo>
                        <fullName>Государственное бюджетное учреждение культуры города Москвы "Музейно-выставочное объединение "Манеж"</fullName>
                        <shortName>ГБУК г.Москвы "МВО "Манеж"</shortName>
                        <iko>87710170225771001001</iko>
                        <inn>7710170225</inn>
                        <kpp>771001001</kpp>
                        <ogrn>1027739412194</ogrn>
                        <legalAddress>125009, Москва, Георгиевский, дом 3, корпус СТР.3</legalAddress>
                        <postalAddress>125009, г. Москва, Георгиевский пер., д. 3, стр. 3</postalAddress>
                        <phone>7-495-6924459</phone>
                        <email>tender@moscowmanege.ru</email>
                        <okato>45286585000</okato>
                        <okpo>43255437</okpo>
                    </mainInfo>
                </ns2:customer>
                <ns2:purchaseMethodCode>3363</ns2:purchaseMethodCode>
                <ns2:purchaseCodeName>Закупка у единственного поставщика (исполнителя, подрядчика)</ns2:purchaseCodeName>
                <ns2:placer>
                    <mainInfo>
                        <fullName>Государственное бюджетное учреждение культуры города Москвы "Музейно-выставочное объединение "Манеж"</fullName>
                        <shortName>ГБУК г.Москвы "МВО "Манеж"</shortName>
                        <iko>87710170225771001001</iko>
                        <inn>7710170225</inn>
                        <kpp>771001001</kpp>
                        <ogrn>1027739412194</ogrn>
                        <legalAddress>125009, Москва, Георгиевский, дом 3, корпус СТР.3</legalAddress>
                        <postalAddress>125009, г. Москва, Георгиевский пер., д. 3, стр. 3</postalAddress>
                        <phone>7-495-6924459</phone>
                        <email>tender@moscowmanege.ru</email>
                        <okato>45286585000</okato>
                        <okpo>43255437</okpo>
                    </mainInfo>
                </ns2:placer>
                <ns2:contact>
                    <phone>+7 (495) 6924459</phone>
                    <email>o.polikarkina@moscowmanege.ru</email>
                    <organization>
                        <mainInfo>
                            <fullName>Государственное бюджетное учреждение культуры города Москвы "Музейно-выставочное объединение "Манеж"</fullName>
                            <shortName>ГБУК г.Москвы "МВО "Манеж"</shortName>
                            <iko>87710170225771001001</iko>
                            <inn>7710170225</inn>
                            <kpp>771001001</kpp>
                            <ogrn>1027739412194</ogrn>
                            <legalAddress>125009, Москва, Георгиевский, дом 3, корпус СТР.3</legalAddress>
                            <postalAddress>125009, г. Москва, Георгиевский пер., д. 3, стр. 3</postalAddress>
                            <phone>7-495-6924459</phone>
                            <email>tender@moscowmanege.ru</email>
                            <okato>45286585000</okato>
                            <okpo>43255437</okpo>
                        </mainInfo>
                    </organization>
                </ns2:contact>
                <ns2:publicationDateTime>2017-03-15T11:08:55</ns2:publicationDateTime>
                <ns2:documentationDelivery>
                    <deliveryStartDateTime>2017-03-09</deliveryStartDateTime>
                    <deliveryEndDateTime>2017-03-10</deliveryEndDateTime>
                    <procedure>Не требуется</procedure>
                </ns2:documentationDelivery>
                <ns2:status>P</ns2:status>
                <ns2:version>3</ns2:version>
                <ns2:modificationDescription>Техническая ошибка</ns2:modificationDescription>
                <ns2:notDishonest>false</ns2:notDishonest>
                <ns2:attachments>
                    <totalDocumentsCount>2</totalDocumentsCount>
                    <document>
                        <guid>24a8a20b-8147-4b69-a2ee-3ba9e68695a1</guid>
                        <createDateTime>2017-03-15T11:07:37</createDateTime>
                        <fileName>Штампы ПВ.doc</fileName>
                        <description>Штампы ПВ</description>
                        <url>http://zakupki.gov.ru/223/purchase/public/download/download.html?id=30065491</url>
                    </document>
                    <document>
                        <guid>2be11b94-abcf-4a95-9af3-7f749829f9eb</guid>
                        <createDateTime>2017-03-15T10:21:34</createDateTime>
                        <fileName>штампы с авансом.doc</fileName>
                        <description>штампы с авансом</description>
                        <url>http://zakupki.gov.ru/223/purchase/public/download/download.html?id=30065481</url>
                    </document>
                </ns2:attachments>
                <ns2:modificationDate>2017-03-15T11:08:56</ns2:modificationDate>
                <ns2:saveUserId>91902</ns2:saveUserId>
                <ns2:deliveryPlaceIndication>SINGLE_PLACE</ns2:deliveryPlaceIndication>
                <ns2:emergency>false</ns2:emergency>
                <ns2:jointPurchase>false</ns2:jointPurchase>
                <ns2:lots>
                    <lot>
                        <guid>b8a0b908-15bf-4064-9059-8d8681189505</guid>
                        <ordinalNumber>1</ordinalNumber>
                        <lotEditEnabled>false</lotEditEnabled>
                        <lotData>
                            <subject>Изготовление штампов с оттиском линогравюр </subject>
                            <currency>
                                <code>RUB</code>
                                <digitalCode>643</digitalCode>
                                <name>Российский рубль</name>
                            </currency>
                            <initialSum>399000.00</initialSum>
                            <deliveryPlace>
                                <state>Центральный федеральный округ</state>
                                <region>Москва</region>
                                <regionOkato>45000000000</regionOkato>
                                <address>Москва, Георгиевский пер.д.3 стр.1</address>
                            </deliveryPlace>
                            <lotItems>
                                <newCodes>true</newCodes>
                                <lotItem>
                                    <guid>1176930a-fb1b-4945-8cb4-3cb2d32b935d</guid>
                                    <ordinalNumber>1</ordinalNumber>
                                    <okpd2>
                                        <code>74.90.2</code>
                                        <name>Услуги профессиональные, технические и коммерческие, прочие, не включенные в другие группировки</name>
                                    </okpd2>
                                    <okved2>
                                        <code>91.02</code>
                                        <name>Деятельность музеев</name>
                                    </okved2>
                                    <okei>
                                        <code>796</code>
                                        <name>Штука</name>
                                    </okei>
                                    <qty>600</qty>
                                </lotItem>
                            </lotItems>
                            <forSmallOrMiddle>false</forSmallOrMiddle>
                            <excludePurchaseFromPlan>false</excludePurchaseFromPlan>
                            <subcontractorsRequirement>false</subcontractorsRequirement>
                            <ignoredPurchase>false</ignoredPurchase>
                            <centralized>false</centralized>
                        </lotData>
                        <deliveryPlaceIndication>GL</deliveryPlaceIndication>
                        <jointLotData>
                            <jointLot>false</jointLot>
                        </jointLotData>
                        <lotPlanInfo>
                            <planRegistrationNumber>2160204749</planRegistrationNumber>
                            <planGuid>1a5f4ee5-2389-4f81-a02f-8167b7abf26f</planGuid>
                            <positionNumber>22</positionNumber>
                            <lotPlanPosition>COMMODITY</lotPlanPosition>
                            <positionGuid>2a32e260-5602-49bc-9109-1162d0039eeb</positionGuid>
                        </lotPlanInfo>
                        <cancelled>false</cancelled>
                    </lot>
                </ns2:lots>
            </ns2:purchaseNoticeEPData>
        </ns2:item>
    </ns2:body>
</ns2:purchaseNoticeEP>
