<?xml version="1.0" encoding="UTF-8" standalone="yes"?>
<ns2:purchaseNoticeEP xsi:schemaLocation="http://zakupki.gov.ru/223/integration/schema/TFF-5.2 http://zakupki.gov.ru/223/integration/schema/TFF-5.2/purchase.xsd" xmlns="http://zakupki.gov.ru/223fz/types/1" xmlns:ns10="http://zakupki.gov.ru/223fz/purchasePlan/1" xmlns:ns11="http://zakupki.gov.ru/223fz/purchasePlanProject/1" xmlns:ns12="http://zakupki.gov.ru/223fz/purchasePlanProjectAdditionalPosition/1" xmlns:ns13="http://zakupki.gov.ru/223fz/contract/1" xmlns:ns14="http://zakupki.gov.ru/223fz/missedNotice/1" xmlns:ns15="http://zakupki.gov.ru/223fz/reference/1" xmlns:ns16="http://zakupki.gov.ru/223fz/stopCommodity/1" xmlns:ns17="http://zakupki.gov.ru/223fz/decisionSuspension/1" xmlns:ns18="http://zakupki.gov.ru/223fz/purchasePlanAdditionalPosition/1" xmlns:ns19="http://zakupki.gov.ru/223fz/webRequest/1" xmlns:ns2="http://zakupki.gov.ru/223fz/purchase/1" xmlns:xsi="http://www.w3.org/2001/XMLSchema-instance" xmlns:ns3="http://zakupki.gov.ru/223fz/dishonestSupplier/1" xmlns:ns4="http://zakupki.gov.ru/223fz/machineryListInfo/1" xmlns:ns5="http://zakupki.gov.ru/223fz/revenue/1" xmlns:ns6="http://zakupki.gov.ru/223fz/orderClauseList/1" xmlns:ns7="http://zakupki.gov.ru/223fz/disagreementProtocol/1" xmlns:ns8="http://zakupki.gov.ru/223fz/complaint/1" xmlns:ns9="http://zakupki.gov.ru/223fz/notificationIssue/1">
    <header>
        <guid>11ecbb1e-2052-4f0f-9b89-00e45cba4184</guid>
        <createDateTime>2017-03-15T10:16:00</createDateTime>
    </header>
    <ns2:body>
        <ns2:item>
            <guid>6aadcec5-961f-45e3-8832-77c2b66b505c</guid>
            <ns2:purchaseNoticeEPData>
                <ns2:guid>6aadcec5-961f-45e3-8832-77c2b66b505c</ns2:guid>
                <ns2:createDateTime>2017-03-15T10:13:25</ns2:createDateTime>
                <ns2:urlOOS>https://zakupki.gov.ru/223/purchase/private/purchase/notice-info/details.html?noticeInfoId=5876256</ns2:urlOOS>
                <ns2:registrationNumber>31704890143</ns2:registrationNumber>
                <ns2:name>Договор 28-49/17 на предоставление коммунальных и эксплуатационных услуг.</ns2:name>
                <ns2:customer>
                    <mainInfo>
                        <fullName>ГОСУДАРСТВЕННОЕ БЮДЖЕТНОЕ УЧРЕЖДЕНИЕ ЗДРАВООХРАНЕНИЯ ГОРОДА МОСКВЫ "ЦЕНТР ЛЕКАРСТВЕННОГО ОБЕСПЕЧЕНИЯ ДЕПАРТАМЕНТА ЗДРАВООХРАНЕНИЯ ГОРОДА МОСКВЫ"</fullName>
                        <shortName>ГБУЗ "ЦЛО ДЗМ"</shortName>
                        <iko>57720023269771501001</iko>
                        <inn>7720023269</inn>
                        <kpp>771501001</kpp>
                        <ogrn>1027700400100</ogrn>
                        <legalAddress>127018, г МОСКВА, ул СТРЕЛЕЦКАЯ, дом 3</legalAddress>
                        <postalAddress>127018, дом 3</postalAddress>
                        <phone>7-495-9747922-2010</phone>
                        <fax>7-495-9749279</fax>
                        <email>MatveevaOV2@zdrav.mos.ru</email>
                        <okato>45280569000</okato>
                        <okpo>01967313</okpo>
                    </mainInfo>
                </ns2:customer>
                <ns2:purchaseMethodCode>3363</ns2:purchaseMethodCode>
                <ns2:purchaseCodeName>Закупка у единственного поставщика (исполнителя, подрядчика)</ns2:purchaseCodeName>
                <ns2:placer>
                    <mainInfo>
                        <fullName>ГОСУДАРСТВЕННОЕ БЮДЖЕТНОЕ УЧРЕЖДЕНИЕ ЗДРАВООХРАНЕНИЯ ГОРОДА МОСКВЫ "ЦЕНТР ЛЕКАРСТВЕННОГО ОБЕСПЕЧЕНИЯ ДЕПАРТАМЕНТА ЗДРАВООХРАНЕНИЯ ГОРОДА МОСКВЫ"</fullName>
                        <shortName>ГБУЗ "ЦЛО ДЗМ"</shortName>
                        <iko>57720023269771501001</iko>
                        <inn>7720023269</inn>
                        <kpp>771501001</kpp>
                        <ogrn>1027700400100</ogrn>
                        <legalAddress>127018, г МОСКВА, ул СТРЕЛЕЦКАЯ, дом 3</legalAddress>
                        <postalAddress>127018, дом 3</postalAddress>
                        <phone>7-495-9747922-2010</phone>
                        <fax>7-495-9749279</fax>
                        <email>MatveevaOV2@zdrav.mos.ru</email>
                        <okato>45280569000</okato>
                        <okpo>01967313</okpo>
                    </mainInfo>
                </ns2:placer>
                <ns2:contact>
                    <phone>+7 (495) 9747922</phone>
                    <email>MatveevaOV2@zdrav.mos.ru</email>
                    <organization>
                        <mainInfo>
                            <fullName>ГОСУДАРСТВЕННОЕ БЮДЖЕТНОЕ УЧРЕЖДЕНИЕ ЗДРАВООХРАНЕНИЯ ГОРОДА МОСКВЫ "ЦЕНТР ЛЕКАРСТВЕННОГО ОБЕСПЕЧЕНИЯ ДЕПАРТАМЕНТА ЗДРАВООХРАНЕНИЯ ГОРОДА МОСКВЫ"</fullName>
                            <shortName>ГБУЗ "ЦЛО ДЗМ"</shortName>
                            <iko>57720023269771501001</iko>
                            <inn>7720023269</inn>
                            <kpp>771501001</kpp>
                            <ogrn>1027700400100</ogrn>
                            <legalAddress>127018, г МОСКВА, ул СТРЕЛЕЦКАЯ, дом 3</legalAddress>
                            <postalAddress>127018, дом 3</postalAddress>
                            <phone>7-495-9747922-2010</phone>
                            <fax>7-495-9749279</fax>
                            <email>MatveevaOV2@zdrav.mos.ru</email>
                            <okato>45280569000</okato>
                            <okpo>01967313</okpo>
                        </mainInfo>
                    </organization>
                </ns2:contact>
                <ns2:publicationDateTime>2017-03-15T10:16:00</ns2:publicationDateTime>
                <ns2:documentationDelivery/>
                <ns2:status>P</ns2:status>
                <ns2:version>1</ns2:version>
                <ns2:notDishonest>false</ns2:notDishonest>
                <ns2:attachments>
                    <totalDocumentsCount>2</totalDocumentsCount>
                    <document>
                        <guid>db950d7b-0b50-432c-8fcf-73036e19f3f9</guid>
                        <createDateTime>2017-03-15T10:15:46</createDateTime>
                        <fileName>договор.pdf</fileName>
                        <description>договор</description>
                        <url>http://zakupki.gov.ru/223/purchase/public/download/download.html?id=30063058</url>
                    </document>
                    <document>
                        <guid>2e234f4d-8f0e-4120-b9a1-1ad6e23c2772</guid>
                        <createDateTime>2017-03-15T10:14:24</createDateTime>
                        <fileName>приказ362.pdf</fileName>
                        <description>приказ362</description>
                        <url>http://zakupki.gov.ru/223/purchase/public/download/download.html?id=30062952</url>
                    </document>
                </ns2:attachments>
                <ns2:modificationDate>2017-03-15T10:16:00</ns2:modificationDate>
                <ns2:saveUserId>175269</ns2:saveUserId>
                <ns2:deliveryPlaceIndication>DIFFERENT_PLACE</ns2:deliveryPlaceIndication>
                <ns2:emergency>false</ns2:emergency>
                <ns2:jointPurchase>false</ns2:jointPurchase>
                <ns2:lots>
                    <lot>
                        <guid>33979d35-722c-4a26-97cd-0100917cd742</guid>
                        <ordinalNumber>1</ordinalNumber>
                        <lotEditEnabled>false</lotEditEnabled>
                        <lotData>
                            <subject>Договор 28-49/17 на предоставление коммунальных и эксплуатационных услуг.</subject>
                            <currency>
                                <code>RUB</code>
                                <digitalCode>643</digitalCode>
                                <name>Российский рубль</name>
                            </currency>
                            <initialSum>128446.56</initialSum>
                            <deliveryPlace>
                                <state>Центральный федеральный округ</state>
                                <region>Москва</region>
                                <regionOkato>45000000000</regionOkato>
                                <address>Согласно договору</address>
                            </deliveryPlace>
                            <lotItems>
                                <newCodes>true</newCodes>
                                <lotItem>
                                    <guid>ecb4e7ed-6f22-4d8a-beb9-669afb5ad55c</guid>
                                    <ordinalNumber>1</ordinalNumber>
                                    <okpd2>
                                        <code>35.30.1</code>
                                        <name>Пар и горячая вода; услуги по снабжению паром и горячей водой</name>
                                    </okpd2>
                                    <okved2>
                                        <code>35.30.1</code>
                                        <name>Производство пара и горячей воды (тепловой энергии)</name>
                                    </okved2>
                                    <okei>
                                        <code>876</code>
                                        <name>Условная единица</name>
                                    </okei>
                                    <qty>1</qty>
                                </lotItem>
                            </lotItems>
                            <forSmallOrMiddle>false</forSmallOrMiddle>
                            <excludePurchaseFromPlan>false</excludePurchaseFromPlan>
                            <subcontractorsRequirement>false</subcontractorsRequirement>
                            <ignoredPurchase>false</ignoredPurchase>
                            <centralized>false</centralized>
                        </lotData>
                        <deliveryPlaceIndication>GL</deliveryPlaceIndication>
                        <jointLotData>
                            <jointLot>false</jointLot>
                        </jointLotData>
                        <lotPlanInfo>
                            <planRegistrationNumber>2160190160</planRegistrationNumber>
                            <planGuid>1b033c90-9a21-4120-ac56-cf76592b1d36</planGuid>
                            <positionNumber>211</positionNumber>
                            <lotPlanPosition>COMMODITY</lotPlanPosition>
                            <positionGuid>9eb0121a-d79e-48e9-b381-582420df5c7f</positionGuid>
                        </lotPlanInfo>
                        <cancelled>false</cancelled>
                    </lot>
                </ns2:lots>
            </ns2:purchaseNoticeEPData>
        </ns2:item>
    </ns2:body>
</ns2:purchaseNoticeEP>
