<?xml version="1.0" encoding="UTF-8" standalone="yes"?>
<ns2:purchaseNoticeEP xsi:schemaLocation="http://zakupki.gov.ru/223/integration/schema/TFF-5.2 http://zakupki.gov.ru/223/integration/schema/TFF-5.2/purchase.xsd" xmlns="http://zakupki.gov.ru/223fz/types/1" xmlns:ns10="http://zakupki.gov.ru/223fz/purchasePlan/1" xmlns:ns11="http://zakupki.gov.ru/223fz/purchasePlanProject/1" xmlns:ns12="http://zakupki.gov.ru/223fz/purchasePlanProjectAdditionalPosition/1" xmlns:ns13="http://zakupki.gov.ru/223fz/contract/1" xmlns:ns14="http://zakupki.gov.ru/223fz/missedNotice/1" xmlns:ns15="http://zakupki.gov.ru/223fz/reference/1" xmlns:ns16="http://zakupki.gov.ru/223fz/stopCommodity/1" xmlns:ns17="http://zakupki.gov.ru/223fz/decisionSuspension/1" xmlns:ns18="http://zakupki.gov.ru/223fz/purchasePlanAdditionalPosition/1" xmlns:ns19="http://zakupki.gov.ru/223fz/webRequest/1" xmlns:ns2="http://zakupki.gov.ru/223fz/purchase/1" xmlns:xsi="http://www.w3.org/2001/XMLSchema-instance" xmlns:ns3="http://zakupki.gov.ru/223fz/dishonestSupplier/1" xmlns:ns4="http://zakupki.gov.ru/223fz/machineryListInfo/1" xmlns:ns5="http://zakupki.gov.ru/223fz/revenue/1" xmlns:ns6="http://zakupki.gov.ru/223fz/orderClauseList/1" xmlns:ns7="http://zakupki.gov.ru/223fz/disagreementProtocol/1" xmlns:ns8="http://zakupki.gov.ru/223fz/complaint/1" xmlns:ns9="http://zakupki.gov.ru/223fz/notificationIssue/1">
    <header>
        <guid>9ebd1f8e-3f2a-49d7-ad00-6a84962cfb14</guid>
        <createDateTime>2017-03-15T15:39:28</createDateTime>
    </header>
    <ns2:body>
        <ns2:item>
            <guid>5cdea78e-c1cc-4cb3-b778-81d888c6a16d</guid>
            <ns2:purchaseNoticeEPData>
                <ns2:guid>5cdea78e-c1cc-4cb3-b778-81d888c6a16d</ns2:guid>
                <ns2:createDateTime>2017-03-15T15:21:44</ns2:createDateTime>
                <ns2:urlOOS>https://zakupki.gov.ru/223/purchase/private/purchase/notice-info/details.html?noticeInfoId=5879557</ns2:urlOOS>
                <ns2:registrationNumber>31704892937</ns2:registrationNumber>
                <ns2:name>Ремонт туалетного модуля, расположенного в Малом Кремлевском сквере</ns2:name>
                <ns2:customer>
                    <mainInfo>
                        <fullName>ФЕДЕРАЛЬНОЕ ГОСУДАРСТВЕННОЕ БЮДЖЕТНОЕ УЧРЕЖДЕНИЕ КУЛЬТУРЫ "ГОСУДАРСТВЕННЫЙ ИСТОРИКО-КУЛЬТУРНЫЙ МУЗЕЙ-ЗАПОВЕДНИК "МОСКОВСКИЙ КРЕМЛЬ"</fullName>
                        <shortName>МУЗЕИ МОСКОВСКОГО КРЕМЛЯ</shortName>
                        <iko>87704017525770401001</iko>
                        <inn>7704017525</inn>
                        <kpp>770401001</kpp>
                        <ogrn>1027739029856</ogrn>
                        <legalAddress>103073, Г МОСКВА, УЛ КРЕМЛЬ</legalAddress>
                        <postalAddress>107073, г.Москва, Кремль</postalAddress>
                        <phone>7-495-6959531</phone>
                        <fax>7-495-6959531</fax>
                        <email>gagarina.e@kremlin.museum.ru</email>
                        <okato>45286585000</okato>
                        <okpo>02174773</okpo>
                    </mainInfo>
                </ns2:customer>
                <ns2:purchaseMethodCode>3363</ns2:purchaseMethodCode>
                <ns2:purchaseCodeName>Закупка у единственного поставщика (исполнителя, подрядчика)</ns2:purchaseCodeName>
                <ns2:placer>
                    <mainInfo>
                        <fullName>ФЕДЕРАЛЬНОЕ ГОСУДАРСТВЕННОЕ БЮДЖЕТНОЕ УЧРЕЖДЕНИЕ КУЛЬТУРЫ "ГОСУДАРСТВЕННЫЙ ИСТОРИКО-КУЛЬТУРНЫЙ МУЗЕЙ-ЗАПОВЕДНИК "МОСКОВСКИЙ КРЕМЛЬ"</fullName>
                        <shortName>МУЗЕИ МОСКОВСКОГО КРЕМЛЯ</shortName>
                        <iko>87704017525770401001</iko>
                        <inn>7704017525</inn>
                        <kpp>770401001</kpp>
                        <ogrn>1027739029856</ogrn>
                        <legalAddress>103073, Г МОСКВА, УЛ КРЕМЛЬ</legalAddress>
                        <postalAddress>107073, г.Москва, Кремль</postalAddress>
                        <phone>7-495-6959531</phone>
                        <fax>7-495-6959531</fax>
                        <email>gagarina.e@kremlin.museum.ru</email>
                        <okato>45286585000</okato>
                        <okpo>02174773</okpo>
                    </mainInfo>
                </ns2:placer>
                <ns2:contact>
                    <firstName>Светлана</firstName>
                    <middleName>Анатольевна</middleName>
                    <lastName>Фадеева</lastName>
                    <phone>+7 (495) 6918711</phone>
                    <email>fadeeva@kremlin.museum.ru</email>
                    <organization>
                        <mainInfo>
                            <fullName>ФЕДЕРАЛЬНОЕ ГОСУДАРСТВЕННОЕ БЮДЖЕТНОЕ УЧРЕЖДЕНИЕ КУЛЬТУРЫ "ГОСУДАРСТВЕННЫЙ ИСТОРИКО-КУЛЬТУРНЫЙ МУЗЕЙ-ЗАПОВЕДНИК "МОСКОВСКИЙ КРЕМЛЬ"</fullName>
                            <shortName>МУЗЕИ МОСКОВСКОГО КРЕМЛЯ</shortName>
                            <iko>87704017525770401001</iko>
                            <inn>7704017525</inn>
                            <kpp>770401001</kpp>
                            <ogrn>1027739029856</ogrn>
                            <legalAddress>103073, Г МОСКВА, УЛ КРЕМЛЬ</legalAddress>
                            <postalAddress>107073, г.Москва, Кремль</postalAddress>
                            <phone>7-495-6959531</phone>
                            <fax>7-495-6959531</fax>
                            <email>gagarina.e@kremlin.museum.ru</email>
                            <okato>45286585000</okato>
                            <okpo>02174773</okpo>
                        </mainInfo>
                    </organization>
                </ns2:contact>
                <ns2:publicationDateTime>2017-03-15T15:39:28</ns2:publicationDateTime>
                <ns2:documentationDelivery/>
                <ns2:status>P</ns2:status>
                <ns2:version>1</ns2:version>
                <ns2:notDishonest>false</ns2:notDishonest>
                <ns2:attachments>
                    <totalDocumentsCount>5</totalDocumentsCount>
                    <document>
                        <guid>50c319d9-da54-4d62-aa13-5291e45cbf8a</guid>
                        <createDateTime>2017-03-15T15:34:18</createDateTime>
                        <fileName>ТЗ - ремонт туалетного модуля.docx</fileName>
                        <description>ТЗ - ремонт туалетного модуля</description>
                        <url>http://zakupki.gov.ru/223/purchase/public/download/download.html?id=30079521</url>
                    </document>
                    <document>
                        <guid>1ba18544-545c-4953-bd4b-7bce0b117186</guid>
                        <createDateTime>2017-03-15T15:33:32</createDateTime>
                        <fileName>Документация_ЕП_223 - ремонт туалетного модуля.doc</fileName>
                        <description>Документация_ЕП_223 - ремонт туалетного модуля</description>
                        <url>http://zakupki.gov.ru/223/purchase/public/download/download.html?id=30079475</url>
                    </document>
                    <document>
                        <guid>ab2bd907-8e41-4697-9418-6eeddb2fa54e</guid>
                        <createDateTime>2017-03-15T15:33:53</createDateTime>
                        <fileName>Проект договора - ремонт туалетного модуля.docx</fileName>
                        <description>Проект договора - ремонт туалетного модуля</description>
                        <url>http://zakupki.gov.ru/223/purchase/public/download/download.html?id=30079494</url>
                    </document>
                    <document>
                        <guid>8060bca2-62a6-4786-89c7-7a412a50cdd0</guid>
                        <createDateTime>2017-03-15T15:34:27</createDateTime>
                        <fileName>Смета - ремонт туалетного модуля.xls</fileName>
                        <description>Смета - ремонт туалетного модуля</description>
                        <url>http://zakupki.gov.ru/223/purchase/public/download/download.html?id=30079532</url>
                    </document>
                    <document>
                        <guid>39954c96-24d7-46fa-ba08-25529577f516</guid>
                        <createDateTime>2017-03-15T15:34:32</createDateTime>
                        <fileName>График - ремонт туалетного модуля.docx</fileName>
                        <description>График - ремонт туалетного модуля</description>
                        <url>http://zakupki.gov.ru/223/purchase/public/download/download.html?id=30079535</url>
                    </document>
                </ns2:attachments>
                <ns2:modificationDate>2017-03-15T15:39:28</ns2:modificationDate>
                <ns2:saveUserId>219797</ns2:saveUserId>
                <ns2:deliveryPlaceIndication>SINGLE_PLACE</ns2:deliveryPlaceIndication>
                <ns2:emergency>false</ns2:emergency>
                <ns2:jointPurchase>false</ns2:jointPurchase>
                <ns2:lots>
                    <lot>
                        <guid>4ccaaf47-158b-4b08-8835-c2b9550e5735</guid>
                        <ordinalNumber>1</ordinalNumber>
                        <lotEditEnabled>false</lotEditEnabled>
                        <lotData>
                            <subject>Ремонт туалетного модуля, расположенного в Малом Кремлевском сквере</subject>
                            <currency>
                                <code>RUB</code>
                                <digitalCode>643</digitalCode>
                                <name>Российский рубль</name>
                            </currency>
                            <initialSum>999290.94</initialSum>
                            <deliveryPlace>
                                <state>Центральный федеральный округ</state>
                                <region>Москва</region>
                                <regionOkato>45000000000</regionOkato>
                                <address>г. Москва, Кремль, Малый Кремлевский сквер</address>
                            </deliveryPlace>
                            <lotItems>
                                <newCodes>true</newCodes>
                                <lotItem>
                                    <guid>ea0d5b3e-c761-453b-9647-a8fe68015dc2</guid>
                                    <ordinalNumber>1</ordinalNumber>
                                    <okpd2>
                                        <code>43.22.11.120</code>
                                        <name>Работы по монтажу санитарно-технических приборов</name>
                                    </okpd2>
                                    <okved2>
                                        <code>43.22</code>
                                        <name>Производство санитарно-технических работ, монтаж отопительных систем и систем кондиционирования воздуха</name>
                                    </okved2>
                                    <okei>
                                        <code>915</code>
                                        <name>Условный ремонт</name>
                                    </okei>
                                    <qty>1</qty>
                                </lotItem>
                            </lotItems>
                            <forSmallOrMiddle>false</forSmallOrMiddle>
                            <excludePurchaseFromPlan>false</excludePurchaseFromPlan>
                            <subcontractorsRequirement>false</subcontractorsRequirement>
                            <ignoredPurchase>false</ignoredPurchase>
                            <centralized>false</centralized>
                        </lotData>
                        <deliveryPlaceIndication>GL</deliveryPlaceIndication>
                        <jointLotData>
                            <jointLot>false</jointLot>
                        </jointLotData>
                        <lotPlanInfo>
                            <planRegistrationNumber>2170222929</planRegistrationNumber>
                            <planGuid>db8d7b6a-b6d4-4b09-b352-df135b6a8fd7</planGuid>
                            <positionNumber>18</positionNumber>
                            <lotPlanPosition>COMMODITY</lotPlanPosition>
                            <positionGuid>b949f6fe-04ff-4e38-a09c-0fe7b099350b</positionGuid>
                        </lotPlanInfo>
                        <cancelled>false</cancelled>
                    </lot>
                </ns2:lots>
            </ns2:purchaseNoticeEPData>
        </ns2:item>
    </ns2:body>
</ns2:purchaseNoticeEP>
