<?xml version="1.0" encoding="UTF-8" standalone="yes"?>
<ns2:purchaseNoticeEP xsi:schemaLocation="http://zakupki.gov.ru/223/integration/schema/TFF-5.2 http://zakupki.gov.ru/223/integration/schema/TFF-5.2/purchase.xsd" xmlns="http://zakupki.gov.ru/223fz/types/1" xmlns:ns10="http://zakupki.gov.ru/223fz/purchasePlan/1" xmlns:ns11="http://zakupki.gov.ru/223fz/purchasePlanProject/1" xmlns:ns12="http://zakupki.gov.ru/223fz/purchasePlanProjectAdditionalPosition/1" xmlns:ns13="http://zakupki.gov.ru/223fz/contract/1" xmlns:ns14="http://zakupki.gov.ru/223fz/missedNotice/1" xmlns:ns15="http://zakupki.gov.ru/223fz/reference/1" xmlns:ns16="http://zakupki.gov.ru/223fz/stopCommodity/1" xmlns:ns17="http://zakupki.gov.ru/223fz/decisionSuspension/1" xmlns:ns18="http://zakupki.gov.ru/223fz/purchasePlanAdditionalPosition/1" xmlns:ns19="http://zakupki.gov.ru/223fz/webRequest/1" xmlns:ns2="http://zakupki.gov.ru/223fz/purchase/1" xmlns:xsi="http://www.w3.org/2001/XMLSchema-instance" xmlns:ns3="http://zakupki.gov.ru/223fz/dishonestSupplier/1" xmlns:ns4="http://zakupki.gov.ru/223fz/machineryListInfo/1" xmlns:ns5="http://zakupki.gov.ru/223fz/revenue/1" xmlns:ns6="http://zakupki.gov.ru/223fz/orderClauseList/1" xmlns:ns7="http://zakupki.gov.ru/223fz/disagreementProtocol/1" xmlns:ns8="http://zakupki.gov.ru/223fz/complaint/1" xmlns:ns9="http://zakupki.gov.ru/223fz/notificationIssue/1">
    <header>
        <guid>f6e92ecf-644b-48d2-9427-76c145e8e4f2</guid>
        <createDateTime>2017-03-15T11:26:04</createDateTime>
    </header>
    <ns2:body>
        <ns2:item>
            <guid>bd539827-7cd2-4744-a1cb-d0c475ea5c66</guid>
            <ns2:purchaseNoticeEPData>
                <ns2:guid>bd539827-7cd2-4744-a1cb-d0c475ea5c66</ns2:guid>
                <ns2:createDateTime>2017-03-15T11:08:38</ns2:createDateTime>
                <ns2:urlOOS>https://zakupki.gov.ru/223/purchase/private/purchase/notice-info/details.html?noticeInfoId=5876804</ns2:urlOOS>
                <ns2:registrationNumber>31704890658</ns2:registrationNumber>
                <ns2:name>Оказание медицинских услуг</ns2:name>
                <ns2:customer>
                    <mainInfo>
                        <fullName>ФЕДЕРАЛЬНОЕ ГОСУДАРСТВЕННОЕ БЮДЖЕТНОЕ ОБРАЗОВАТЕЛЬНОЕ УЧРЕЖДЕНИЕ ВЫСШЕГО ОБРАЗОВАНИЯ "НАЦИОНАЛЬНЫЙ ИССЛЕДОВАТЕЛЬСКИЙ УНИВЕРСИТЕТ "МЭИ"</fullName>
                        <shortName>ФГБОУ ВО "НИУ "МЭИ"</shortName>
                        <iko>87722019652772201001</iko>
                        <inn>7722019652</inn>
                        <kpp>772201001</kpp>
                        <ogrn>1027700251644</ogrn>
                        <legalAddress>111250, Г МОСКВА, УЛ КРАСНОКАЗАРМЕННАЯ, дом ДОМ 14</legalAddress>
                        <postalAddress>111250, г. Москва, ул. Красноказарменная, д. 14</postalAddress>
                        <phone>7-495-3627911</phone>
                        <fax>7-495-3627911</fax>
                        <email>RogalevND@mpei.ru</email>
                        <okato>45290564000</okato>
                        <okpo>02066411</okpo>
                    </mainInfo>
                </ns2:customer>
                <ns2:purchaseMethodCode>3363</ns2:purchaseMethodCode>
                <ns2:purchaseCodeName>Закупка у единственного поставщика (исполнителя, подрядчика)</ns2:purchaseCodeName>
                <ns2:placer>
                    <mainInfo>
                        <fullName>ФЕДЕРАЛЬНОЕ ГОСУДАРСТВЕННОЕ БЮДЖЕТНОЕ ОБРАЗОВАТЕЛЬНОЕ УЧРЕЖДЕНИЕ ВЫСШЕГО ОБРАЗОВАНИЯ "НАЦИОНАЛЬНЫЙ ИССЛЕДОВАТЕЛЬСКИЙ УНИВЕРСИТЕТ "МЭИ"</fullName>
                        <shortName>ФГБОУ ВО "НИУ "МЭИ"</shortName>
                        <iko>87722019652772201001</iko>
                        <inn>7722019652</inn>
                        <kpp>772201001</kpp>
                        <ogrn>1027700251644</ogrn>
                        <legalAddress>111250, Г МОСКВА, УЛ КРАСНОКАЗАРМЕННАЯ, дом ДОМ 14</legalAddress>
                        <postalAddress>111250, г. Москва, ул. Красноказарменная, д. 14</postalAddress>
                        <phone>7-495-3627911</phone>
                        <fax>7-495-3627911</fax>
                        <email>RogalevND@mpei.ru</email>
                        <okato>45290564000</okato>
                        <okpo>02066411</okpo>
                    </mainInfo>
                </ns2:placer>
                <ns2:contact>
                    <firstName>Татьяна</firstName>
                    <middleName>Михайловна</middleName>
                    <lastName>Усатова</lastName>
                    <phone>+7 (495) 3627534</phone>
                    <email>UsatovaTM@mpei.ru</email>
                    <organization>
                        <mainInfo>
                            <fullName>ФЕДЕРАЛЬНОЕ ГОСУДАРСТВЕННОЕ БЮДЖЕТНОЕ ОБРАЗОВАТЕЛЬНОЕ УЧРЕЖДЕНИЕ ВЫСШЕГО ОБРАЗОВАНИЯ "НАЦИОНАЛЬНЫЙ ИССЛЕДОВАТЕЛЬСКИЙ УНИВЕРСИТЕТ "МЭИ"</fullName>
                            <shortName>ФГБОУ ВО "НИУ "МЭИ"</shortName>
                            <iko>87722019652772201001</iko>
                            <inn>7722019652</inn>
                            <kpp>772201001</kpp>
                            <ogrn>1027700251644</ogrn>
                            <legalAddress>111250, Г МОСКВА, УЛ КРАСНОКАЗАРМЕННАЯ, дом ДОМ 14</legalAddress>
                            <postalAddress>111250, г. Москва, ул. Красноказарменная, д. 14</postalAddress>
                            <phone>7-495-3627911</phone>
                            <fax>7-495-3627911</fax>
                            <email>RogalevND@mpei.ru</email>
                            <okato>45290564000</okato>
                            <okpo>02066411</okpo>
                        </mainInfo>
                    </organization>
                </ns2:contact>
                <ns2:publicationDateTime>2017-03-15T11:26:04</ns2:publicationDateTime>
                <ns2:documentationDelivery/>
                <ns2:status>P</ns2:status>
                <ns2:version>1</ns2:version>
                <ns2:notDishonest>false</ns2:notDishonest>
                <ns2:attachments>
                    <totalDocumentsCount>3</totalDocumentsCount>
                    <document>
                        <guid>24652395-7b7f-49ec-89f8-9294f617797d</guid>
                        <createDateTime>2017-03-15T11:24:35</createDateTime>
                        <fileName>4103_170314174809_001.pdf</fileName>
                        <description>кп</description>
                        <url>http://zakupki.gov.ru/223/purchase/public/download/download.html?id=30066274</url>
                    </document>
                    <document>
                        <guid>0b3875f6-a83b-47f2-a43d-6cfdb0e54740</guid>
                        <createDateTime>2017-03-15T11:20:06</createDateTime>
                        <fileName>Проект контракта.doc</fileName>
                        <description>Проект контракта</description>
                        <url>http://zakupki.gov.ru/223/purchase/public/download/download.html?id=30066024</url>
                    </document>
                    <document>
                        <guid>0fa24d02-e2b6-4579-ab74-fdf58dca5338</guid>
                        <createDateTime>2017-03-15T11:21:14</createDateTime>
                        <fileName>ТЗ Мед осмотр.doc</fileName>
                        <description>ТЗ Мед осмотр</description>
                        <url>http://zakupki.gov.ru/223/purchase/public/download/download.html?id=30066109</url>
                    </document>
                </ns2:attachments>
                <ns2:modificationDate>2017-03-15T11:26:04</ns2:modificationDate>
                <ns2:saveUserId>262148</ns2:saveUserId>
                <ns2:deliveryPlaceIndication>DIFFERENT_PLACE</ns2:deliveryPlaceIndication>
                <ns2:emergency>false</ns2:emergency>
                <ns2:jointPurchase>false</ns2:jointPurchase>
                <ns2:lots>
                    <lot>
                        <guid>43c713b3-6095-46e4-ac24-0f76afdd30d5</guid>
                        <ordinalNumber>1</ordinalNumber>
                        <lotEditEnabled>false</lotEditEnabled>
                        <lotData>
                            <subject>Оказание медицинских услуг</subject>
                            <currency>
                                <code>RUB</code>
                                <digitalCode>643</digitalCode>
                                <name>Российский рубль</name>
                            </currency>
                            <initialSum>130200.00</initialSum>
                            <deliveryPlace>
                                <state>Центральный федеральный округ</state>
                                <region>Москва</region>
                                <regionOkato>45000000000</regionOkato>
                                <address>107023, г. Москва, пер. Барабанный, д. 3, офис 10, пом. 2, этаж 1</address>
                            </deliveryPlace>
                            <lotItems>
                                <newCodes>true</newCodes>
                                <lotItem>
                                    <guid>09017aed-5150-4e91-a12f-f483e8803998</guid>
                                    <ordinalNumber>1</ordinalNumber>
                                    <okpd2>
                                        <code>86.21.10.110</code>
                                        <name>Услуги консультативные, предоставляемые врачами общей врачебной практики</name>
                                    </okpd2>
                                    <okved2>
                                        <code>86.21</code>
                                        <name>Общая врачебная практика</name>
                                    </okved2>
                                    <okei>
                                        <code>876</code>
                                        <name>Условная единица</name>
                                    </okei>
                                    <qty>1</qty>
                                </lotItem>
                            </lotItems>
                            <forSmallOrMiddle>false</forSmallOrMiddle>
                            <excludePurchaseFromPlan>false</excludePurchaseFromPlan>
                            <subcontractorsRequirement>false</subcontractorsRequirement>
                            <ignoredPurchase>false</ignoredPurchase>
                            <centralized>false</centralized>
                        </lotData>
                        <deliveryPlaceIndication>GL</deliveryPlaceIndication>
                        <jointLotData>
                            <jointLot>false</jointLot>
                        </jointLotData>
                        <lotPlanInfo>
                            <planRegistrationNumber>2160195069</planRegistrationNumber>
                            <planGuid>befad07b-73fe-4755-8a6b-df4acda0fae1</planGuid>
                            <positionNumber>54</positionNumber>
                            <lotPlanPosition>COMMODITY</lotPlanPosition>
                            <positionGuid>3824dfdf-5022-47e1-8b07-f973f3d3509a</positionGuid>
                        </lotPlanInfo>
                        <cancelled>false</cancelled>
                    </lot>
                </ns2:lots>
            </ns2:purchaseNoticeEPData>
        </ns2:item>
    </ns2:body>
</ns2:purchaseNoticeEP>
