<?xml version="1.0" encoding="UTF-8" standalone="yes"?>
<ns2:purchaseNoticeEP xsi:schemaLocation="http://zakupki.gov.ru/223/integration/schema/TFF-5.2 http://zakupki.gov.ru/223/integration/schema/TFF-5.2/purchase.xsd" xmlns="http://zakupki.gov.ru/223fz/types/1" xmlns:ns10="http://zakupki.gov.ru/223fz/purchasePlan/1" xmlns:ns11="http://zakupki.gov.ru/223fz/purchasePlanProject/1" xmlns:ns12="http://zakupki.gov.ru/223fz/purchasePlanProjectAdditionalPosition/1" xmlns:ns13="http://zakupki.gov.ru/223fz/contract/1" xmlns:ns14="http://zakupki.gov.ru/223fz/missedNotice/1" xmlns:ns15="http://zakupki.gov.ru/223fz/reference/1" xmlns:ns16="http://zakupki.gov.ru/223fz/stopCommodity/1" xmlns:ns17="http://zakupki.gov.ru/223fz/decisionSuspension/1" xmlns:ns18="http://zakupki.gov.ru/223fz/purchasePlanAdditionalPosition/1" xmlns:ns19="http://zakupki.gov.ru/223fz/webRequest/1" xmlns:ns2="http://zakupki.gov.ru/223fz/purchase/1" xmlns:xsi="http://www.w3.org/2001/XMLSchema-instance" xmlns:ns3="http://zakupki.gov.ru/223fz/dishonestSupplier/1" xmlns:ns4="http://zakupki.gov.ru/223fz/machineryListInfo/1" xmlns:ns5="http://zakupki.gov.ru/223fz/revenue/1" xmlns:ns6="http://zakupki.gov.ru/223fz/orderClauseList/1" xmlns:ns7="http://zakupki.gov.ru/223fz/disagreementProtocol/1" xmlns:ns8="http://zakupki.gov.ru/223fz/complaint/1" xmlns:ns9="http://zakupki.gov.ru/223fz/notificationIssue/1">
    <header>
        <guid>9fcc6ae5-2d43-400b-95c2-51cedd78f2d6</guid>
        <createDateTime>2017-03-15T17:07:54</createDateTime>
    </header>
    <ns2:body>
        <ns2:item>
            <guid>0116bf96-cad6-45d9-a752-d63ceaea881e</guid>
            <ns2:purchaseNoticeEPData>
                <ns2:guid>0116bf96-cad6-45d9-a752-d63ceaea881e</ns2:guid>
                <ns2:createDateTime>2017-03-15T17:00:46</ns2:createDateTime>
                <ns2:urlOOS>https://zakupki.gov.ru/223/purchase/private/purchase/notice-info/details.html?noticeInfoId=5880667</ns2:urlOOS>
                <ns2:registrationNumber>31704893784</ns2:registrationNumber>
                <ns2:name>Расчет и нанесение ЛГР (красных линий) с созданием инженерно-топографического плана М1:500
Дублирование красных отметок для проектирования по объекту: «Реконструкция МКАД. Участок от Каширского шоссе до Варшавского шоссе, включая транспортную развязку на пересечении с Липецкой улицей» на участке по адресу: Реконструкция МКАД.Участок от Каширского шоссе до Варшавского шоссе, включая транспортную развязкуна пересечении с Липецкой улицей (участок 1).</ns2:name>
                <ns2:customer>
                    <mainInfo>
                        <fullName>ОБЩЕСТВО С ОГРАНИЧЕННОЙ ОТВЕТСТВЕННОСТЬЮ "ИНСТИТУТ ПО ИЗЫСКАНИЯМ И ПРОЕКТИРОВАНИЮ ТРАНСПОРТНЫХ И ИНЖЕНЕРНЫХ СООРУЖЕНИЙ "МОСИНЖПРОЕКТ"</fullName>
                        <shortName>ООО "ИНСТИТУТ "МОСИНЖПРОЕКТ"</shortName>
                        <iko>59701021862770101001</iko>
                        <inn>9701021862</inn>
                        <kpp>770101001</kpp>
                        <ogrn>5157746085173</ogrn>
                        <legalAddress>101000, г МОСКВА, пер СВЕРЧКОВ, дом ДОМ 4/1, корпус СТРОЕНИЕ 1</legalAddress>
                        <postalAddress>101000, г. Москва, Сверчков переулок 4/1, строение 1</postalAddress>
                        <phone>7-495-2251940-1074</phone>
                        <fax>7-495-6250256</fax>
                        <email>institute@mosinzhproekt.ru</email>
                        <okato>45286555000</okato>
                        <okpo>42953493</okpo>
                    </mainInfo>
                </ns2:customer>
                <ns2:purchaseMethodCode>3363</ns2:purchaseMethodCode>
                <ns2:purchaseCodeName>Закупка у единственного поставщика (исполнителя, подрядчика)</ns2:purchaseCodeName>
                <ns2:placer>
                    <mainInfo>
                        <fullName>ОБЩЕСТВО С ОГРАНИЧЕННОЙ ОТВЕТСТВЕННОСТЬЮ "ИНСТИТУТ ПО ИЗЫСКАНИЯМ И ПРОЕКТИРОВАНИЮ ТРАНСПОРТНЫХ И ИНЖЕНЕРНЫХ СООРУЖЕНИЙ "МОСИНЖПРОЕКТ"</fullName>
                        <shortName>ООО "ИНСТИТУТ "МОСИНЖПРОЕКТ"</shortName>
                        <iko>59701021862770101001</iko>
                        <inn>9701021862</inn>
                        <kpp>770101001</kpp>
                        <ogrn>5157746085173</ogrn>
                        <legalAddress>101000, г МОСКВА, пер СВЕРЧКОВ, дом ДОМ 4/1, корпус СТРОЕНИЕ 1</legalAddress>
                        <postalAddress>101000, г. Москва, Сверчков переулок 4/1, строение 1</postalAddress>
                        <phone>7-495-2251940-1074</phone>
                        <fax>7-495-6250256</fax>
                        <email>institute@mosinzhproekt.ru</email>
                        <okato>45286555000</okato>
                        <okpo>42953493</okpo>
                    </mainInfo>
                </ns2:placer>
                <ns2:contact>
                    <firstName>Ольга</firstName>
                    <middleName>Бахтияровна</middleName>
                    <lastName>Юсифова</lastName>
                    <phone>+7 (495) 6250256</phone>
                    <email>YsifovaOB@mosinzhproekt.ru</email>
                    <organization>
                        <mainInfo>
                            <fullName>ОБЩЕСТВО С ОГРАНИЧЕННОЙ ОТВЕТСТВЕННОСТЬЮ "ИНСТИТУТ ПО ИЗЫСКАНИЯМ И ПРОЕКТИРОВАНИЮ ТРАНСПОРТНЫХ И ИНЖЕНЕРНЫХ СООРУЖЕНИЙ "МОСИНЖПРОЕКТ"</fullName>
                            <shortName>ООО "ИНСТИТУТ "МОСИНЖПРОЕКТ"</shortName>
                            <iko>59701021862770101001</iko>
                            <inn>9701021862</inn>
                            <kpp>770101001</kpp>
                            <ogrn>5157746085173</ogrn>
                            <legalAddress>101000, г МОСКВА, пер СВЕРЧКОВ, дом ДОМ 4/1, корпус СТРОЕНИЕ 1</legalAddress>
                            <postalAddress>101000, г. Москва, Сверчков переулок 4/1, строение 1</postalAddress>
                            <phone>7-495-2251940-1074</phone>
                            <fax>7-495-6250256</fax>
                            <email>institute@mosinzhproekt.ru</email>
                            <okato>45286555000</okato>
                            <okpo>42953493</okpo>
                        </mainInfo>
                    </organization>
                </ns2:contact>
                <ns2:publicationDateTime>2017-03-15T17:07:54</ns2:publicationDateTime>
                <ns2:documentationDelivery>
                    <place>документация о закупке не предоставляется</place>
                    <procedure>документация о закупке не предоставляется</procedure>
                </ns2:documentationDelivery>
                <ns2:status>P</ns2:status>
                <ns2:version>1</ns2:version>
                <ns2:notDishonest>false</ns2:notDishonest>
                <ns2:attachments>
                    <totalDocumentsCount>6</totalDocumentsCount>
                    <document>
                        <guid>2da47d97-e65c-4111-b683-b5bae1f2b9cc</guid>
                        <createDateTime>2017-03-15T17:05:35</createDateTime>
                        <fileName>Схема границ заказа (2).pdf</fileName>
                        <description>Схема границ заказа (2)</description>
                        <url>http://zakupki.gov.ru/223/purchase/public/download/download.html?id=30084148</url>
                    </document>
                    <document>
                        <guid>98675b7a-0ab1-4be6-8568-de4c36ff3b0c</guid>
                        <createDateTime>2017-03-15T17:05:10</createDateTime>
                        <fileName>21-0317-ЕП-М12.pdf</fileName>
                        <description>21-0317-ЕП-М12</description>
                        <url>http://zakupki.gov.ru/223/purchase/public/download/download.html?id=30084116</url>
                    </document>
                    <document>
                        <guid>3203a16a-ed9f-447a-9b13-d0d3a45cc0ac</guid>
                        <createDateTime>2017-03-15T17:05:22</createDateTime>
                        <fileName>Смета.pdf</fileName>
                        <description>Смета</description>
                        <url>http://zakupki.gov.ru/223/purchase/public/download/download.html?id=30084133</url>
                    </document>
                    <document>
                        <guid>83151ce6-ac4e-4770-a0bb-849e3d68e831</guid>
                        <createDateTime>2017-03-15T17:05:15</createDateTime>
                        <fileName>проект Договора.pdf</fileName>
                        <description>проект Договора</description>
                        <url>http://zakupki.gov.ru/223/purchase/public/download/download.html?id=30084120</url>
                    </document>
                    <document>
                        <guid>279bb464-bf51-4014-9a4c-d01fd2b9eadc</guid>
                        <createDateTime>2017-03-15T17:05:39</createDateTime>
                        <fileName>ТЗ.pdf</fileName>
                        <description>ТЗ</description>
                        <url>http://zakupki.gov.ru/223/purchase/public/download/download.html?id=30084153</url>
                    </document>
                    <document>
                        <guid>4e5f9cc1-448c-42c4-8258-05adda99866c</guid>
                        <createDateTime>2017-03-15T17:05:28</createDateTime>
                        <fileName>Схема границ заказа (1).pdf</fileName>
                        <description>Схема границ заказа (1)</description>
                        <url>http://zakupki.gov.ru/223/purchase/public/download/download.html?id=30084141</url>
                    </document>
                </ns2:attachments>
                <ns2:modificationDate>2017-03-15T17:07:54</ns2:modificationDate>
                <ns2:saveUserId>188491</ns2:saveUserId>
                <ns2:deliveryPlaceIndication>SINGLE_PLACE</ns2:deliveryPlaceIndication>
                <ns2:emergency>false</ns2:emergency>
                <ns2:jointPurchase>false</ns2:jointPurchase>
                <ns2:lots>
                    <lot>
                        <guid>15b5cfd2-48b1-4214-ac47-248ac6f0577a</guid>
                        <ordinalNumber>1</ordinalNumber>
                        <lotEditEnabled>false</lotEditEnabled>
                        <lotData>
                            <subject>• Расчет и нанесение ЛГР (красных линий) с созданием инженерно-топографического плана М1:500
• Дублирование красных отметок по объекту: «Реконструкция МКАД. Участок от Каширского шоссе до Варшавского шоссе, включая транспортную развязку на пересечении с Липецкой улицей»</subject>
                            <currency>
                                <code>RUB</code>
                                <digitalCode>643</digitalCode>
                                <name>Российский рубль</name>
                            </currency>
                            <initialSum>2717953.00</initialSum>
                            <deliveryPlace>
                                <state>Центральный федеральный округ</state>
                                <region>Москва</region>
                                <regionOkato>45000000000</regionOkato>
                                <address>101000, г.Москва, Сверчков переулок, дом 4/1, строение 1</address>
                            </deliveryPlace>
                            <lotItems>
                                <newCodes>true</newCodes>
                                <lotItem>
                                    <guid>aa6afef4-25bf-42a3-ae04-0805c8395c0d</guid>
                                    <ordinalNumber>1</ordinalNumber>
                                    <okpd2>
                                        <code>71.12.39.112</code>
                                        <name>Работы гелиофизические и геофизические</name>
                                    </okpd2>
                                    <okved2>
                                        <code>71.12.45</code>
                                        <name>Инженерные изыскания в строительстве</name>
                                    </okved2>
                                    <okei>
                                        <code>876</code>
                                        <name>Условная единица</name>
                                    </okei>
                                    <qty>1</qty>
                                </lotItem>
                            </lotItems>
                            <forSmallOrMiddle>false</forSmallOrMiddle>
                            <excludePurchaseFromPlan>false</excludePurchaseFromPlan>
                            <subcontractorsRequirement>false</subcontractorsRequirement>
                            <ignoredPurchase>true</ignoredPurchase>
                            <purchaseCategory>
                                <code>9</code>
                                <name>Закупки работ (услуг), выполнение (оказание) которых может осуществляться только органом исполнительной власти в соответствии с его полномочиями либо подведомственными ему государственным учреждением и государственным унитарным предприятием, соответствующие полномочия которых устанавливаются федеральными законами, нормативными правовыми актами Президента Российской Федерации или нормативными правовыми актами Правительства Российской Федерации, а также законодательными актами соответствующего субъекта Российской Федерации</name>
                            </purchaseCategory>
                            <centralized>false</centralized>
                        </lotData>
                        <deliveryPlaceIndication>GL</deliveryPlaceIndication>
                        <jointLotData>
                            <jointLot>false</jointLot>
                        </jointLotData>
                        <lotPlanInfo>
                            <planRegistrationNumber>2160189482</planRegistrationNumber>
                            <planGuid>8063e908-4752-4163-ae66-7943b727317c</planGuid>
                            <positionNumber>158</positionNumber>
                            <lotPlanPosition>COMMODITY</lotPlanPosition>
                            <positionGuid>81c2f6eb-81ac-4fbd-be37-35a067ba4ecf</positionGuid>
                        </lotPlanInfo>
                        <cancelled>false</cancelled>
                    </lot>
                </ns2:lots>
            </ns2:purchaseNoticeEPData>
        </ns2:item>
    </ns2:body>
</ns2:purchaseNoticeEP>
