<?xml version="1.0" encoding="UTF-8" standalone="yes"?>
<ns2:purchaseNoticeEP xsi:schemaLocation="http://zakupki.gov.ru/223/integration/schema/TFF-5.2 http://zakupki.gov.ru/223/integration/schema/TFF-5.2/purchase.xsd" xmlns="http://zakupki.gov.ru/223fz/types/1" xmlns:ns10="http://zakupki.gov.ru/223fz/purchasePlan/1" xmlns:ns11="http://zakupki.gov.ru/223fz/purchasePlanProject/1" xmlns:ns12="http://zakupki.gov.ru/223fz/purchasePlanProjectAdditionalPosition/1" xmlns:ns13="http://zakupki.gov.ru/223fz/contract/1" xmlns:ns14="http://zakupki.gov.ru/223fz/missedNotice/1" xmlns:ns15="http://zakupki.gov.ru/223fz/reference/1" xmlns:ns16="http://zakupki.gov.ru/223fz/stopCommodity/1" xmlns:ns17="http://zakupki.gov.ru/223fz/decisionSuspension/1" xmlns:ns18="http://zakupki.gov.ru/223fz/purchasePlanAdditionalPosition/1" xmlns:ns19="http://zakupki.gov.ru/223fz/webRequest/1" xmlns:ns2="http://zakupki.gov.ru/223fz/purchase/1" xmlns:xsi="http://www.w3.org/2001/XMLSchema-instance" xmlns:ns3="http://zakupki.gov.ru/223fz/dishonestSupplier/1" xmlns:ns4="http://zakupki.gov.ru/223fz/machineryListInfo/1" xmlns:ns5="http://zakupki.gov.ru/223fz/revenue/1" xmlns:ns6="http://zakupki.gov.ru/223fz/orderClauseList/1" xmlns:ns7="http://zakupki.gov.ru/223fz/disagreementProtocol/1" xmlns:ns8="http://zakupki.gov.ru/223fz/complaint/1" xmlns:ns9="http://zakupki.gov.ru/223fz/notificationIssue/1">
    <header>
        <guid>80c089ea-31c1-44bc-8be1-0631ac4dca3e</guid>
        <createDateTime>2017-03-15T10:04:58</createDateTime>
    </header>
    <ns2:body>
        <ns2:item>
            <guid>ca0c94dd-94da-4440-9cd0-6c8c0cfc0c6b</guid>
            <ns2:purchaseNoticeEPData>
                <ns2:guid>ca0c94dd-94da-4440-9cd0-6c8c0cfc0c6b</ns2:guid>
                <ns2:createDateTime>2017-03-15T09:57:13</ns2:createDateTime>
                <ns2:urlOOS>https://zakupki.gov.ru/223/purchase/private/purchase/notice-info/details.html?noticeInfoId=5876099</ns2:urlOOS>
                <ns2:registrationNumber>31704890051</ns2:registrationNumber>
                <ns2:name>Закупка лицензии на использование информационно-аналитической системы SCIENCE INDEX</ns2:name>
                <ns2:customer>
                    <mainInfo>
                        <fullName>ФЕДЕРАЛЬНОЕ ГОСУДАРСТВЕННОЕ БЮДЖЕТНОЕ УЧРЕЖДЕНИЕ "ГОСУДАРСТВЕННЫЙ НАУЧНЫЙ ЦЕНТР РОССИЙСКОЙ ФЕДЕРАЦИИ - ФЕДЕРАЛЬНЫЙ МЕДИЦИНСКИЙ БИОФИЗИЧЕСКИЙ ЦЕНТР ИМЕНИ А.И. БУРНАЗЯНА"</fullName>
                        <shortName>ФГБУ ГНЦ ФМБЦ ИМ. А.И. БУРНАЗЯНА ФМБА РОССИИ</shortName>
                        <iko>87734581136773401001</iko>
                        <inn>7734581136</inn>
                        <kpp>773401001</kpp>
                        <ogrn>1087746355498</ogrn>
                        <legalAddress>123182, МОСКВА, ЖИВОПИСНАЯ, дом 46</legalAddress>
                        <postalAddress>123182 Москва, ул.Живописная, 46</postalAddress>
                        <phone>7-499-1909458</phone>
                        <fax>7-499-1908635</fax>
                        <email>torgi.vika@mail.ru</email>
                        <okato>45283587000</okato>
                        <okpo>85667361</okpo>
                    </mainInfo>
                </ns2:customer>
                <ns2:purchaseMethodCode>3363</ns2:purchaseMethodCode>
                <ns2:purchaseCodeName>Закупка у единственного поставщика (исполнителя, подрядчика)</ns2:purchaseCodeName>
                <ns2:placer>
                    <mainInfo>
                        <fullName>ФЕДЕРАЛЬНОЕ ГОСУДАРСТВЕННОЕ БЮДЖЕТНОЕ УЧРЕЖДЕНИЕ "ГОСУДАРСТВЕННЫЙ НАУЧНЫЙ ЦЕНТР РОССИЙСКОЙ ФЕДЕРАЦИИ - ФЕДЕРАЛЬНЫЙ МЕДИЦИНСКИЙ БИОФИЗИЧЕСКИЙ ЦЕНТР ИМЕНИ А.И. БУРНАЗЯНА"</fullName>
                        <shortName>ФГБУ ГНЦ ФМБЦ ИМ. А.И. БУРНАЗЯНА ФМБА РОССИИ</shortName>
                        <iko>87734581136773401001</iko>
                        <inn>7734581136</inn>
                        <kpp>773401001</kpp>
                        <ogrn>1087746355498</ogrn>
                        <legalAddress>123182, МОСКВА, ЖИВОПИСНАЯ, дом 46</legalAddress>
                        <postalAddress>123182 Москва, ул.Живописная, 46</postalAddress>
                        <phone>7-499-1909458</phone>
                        <fax>7-499-1908635</fax>
                        <email>torgi.vika@mail.ru</email>
                        <okato>45283587000</okato>
                        <okpo>85667361</okpo>
                    </mainInfo>
                </ns2:placer>
                <ns2:contact>
                    <firstName>Виктория</firstName>
                    <middleName>Геннадьевна</middleName>
                    <lastName>Водянова</lastName>
                    <phone>+7 (499) 1908635</phone>
                    <email>zakupki@inbox.ru</email>
                    <organization>
                        <mainInfo>
                            <fullName>ФЕДЕРАЛЬНОЕ ГОСУДАРСТВЕННОЕ БЮДЖЕТНОЕ УЧРЕЖДЕНИЕ "ГОСУДАРСТВЕННЫЙ НАУЧНЫЙ ЦЕНТР РОССИЙСКОЙ ФЕДЕРАЦИИ - ФЕДЕРАЛЬНЫЙ МЕДИЦИНСКИЙ БИОФИЗИЧЕСКИЙ ЦЕНТР ИМЕНИ А.И. БУРНАЗЯНА"</fullName>
                            <shortName>ФГБУ ГНЦ ФМБЦ ИМ. А.И. БУРНАЗЯНА ФМБА РОССИИ</shortName>
                            <iko>87734581136773401001</iko>
                            <inn>7734581136</inn>
                            <kpp>773401001</kpp>
                            <ogrn>1087746355498</ogrn>
                            <legalAddress>123182, МОСКВА, ЖИВОПИСНАЯ, дом 46</legalAddress>
                            <postalAddress>123182 Москва, ул.Живописная, 46</postalAddress>
                            <phone>7-499-1909458</phone>
                            <fax>7-499-1908635</fax>
                            <email>torgi.vika@mail.ru</email>
                            <okato>45283587000</okato>
                            <okpo>85667361</okpo>
                        </mainInfo>
                    </organization>
                </ns2:contact>
                <ns2:publicationDateTime>2017-03-15T10:04:58</ns2:publicationDateTime>
                <ns2:documentationDelivery/>
                <ns2:status>P</ns2:status>
                <ns2:version>1</ns2:version>
                <ns2:notDishonest>false</ns2:notDishonest>
                <ns2:attachments>
                    <totalDocumentsCount>1</totalDocumentsCount>
                    <document>
                        <guid>a70c4065-71fe-48ee-bcdc-c53058dd2948</guid>
                        <createDateTime>2017-03-15T10:04:39</createDateTime>
                        <fileName>Извещение-документация.rtf</fileName>
                        <description>Извещение-документация</description>
                        <url>http://zakupki.gov.ru/223/purchase/public/download/download.html?id=30062494</url>
                    </document>
                </ns2:attachments>
                <ns2:modificationDate>2017-03-15T10:04:58</ns2:modificationDate>
                <ns2:saveUserId>219879</ns2:saveUserId>
                <ns2:deliveryPlaceIndication>SINGLE_PLACE</ns2:deliveryPlaceIndication>
                <ns2:emergency>false</ns2:emergency>
                <ns2:jointPurchase>false</ns2:jointPurchase>
                <ns2:lots>
                    <lot>
                        <guid>a0686ea6-c8fd-46da-b13c-d358af326a28</guid>
                        <ordinalNumber>1</ordinalNumber>
                        <lotEditEnabled>false</lotEditEnabled>
                        <lotData>
                            <subject>Закупка лицензии на использование информационно-аналитической системы SCIENCE INDEX</subject>
                            <currency>
                                <code>RUB</code>
                                <digitalCode>643</digitalCode>
                                <name>Российский рубль</name>
                            </currency>
                            <initialSum>125000.00</initialSum>
                            <deliveryPlace>
                                <state>Центральный федеральный округ</state>
                                <region>Москва</region>
                                <regionOkato>45000000000</regionOkato>
                                <address>г.Москва</address>
                            </deliveryPlace>
                            <lotItems>
                                <newCodes>true</newCodes>
                                <lotItem>
                                    <guid>08a69f66-1573-4c24-9309-7fcdda7e3ebf</guid>
                                    <ordinalNumber>1</ordinalNumber>
                                    <okpd2>
                                        <code>58.11.60.000</code>
                                        <name>Услуги по предоставлению лицензий на использование книг</name>
                                    </okpd2>
                                    <okved2>
                                        <code>58.11</code>
                                        <name>Издание книг</name>
                                    </okved2>
                                    <okei>
                                        <code>796</code>
                                        <name>Штука</name>
                                    </okei>
                                    <qty>1</qty>
                                </lotItem>
                            </lotItems>
                            <forSmallOrMiddle>false</forSmallOrMiddle>
                            <excludePurchaseFromPlan>false</excludePurchaseFromPlan>
                            <subcontractorsRequirement>false</subcontractorsRequirement>
                            <ignoredPurchase>false</ignoredPurchase>
                            <centralized>false</centralized>
                        </lotData>
                        <deliveryPlaceIndication>GL</deliveryPlaceIndication>
                        <jointLotData>
                            <jointLot>false</jointLot>
                        </jointLotData>
                        <lotPlanInfo>
                            <planRegistrationNumber>2160216979</planRegistrationNumber>
                            <planGuid>f7e27f2c-a6db-468e-a27a-f56b03bf8859</planGuid>
                            <positionNumber>150</positionNumber>
                            <lotPlanPosition>COMMODITY</lotPlanPosition>
                            <positionGuid>26e8e7c5-e06c-4cb5-b709-3a433ebb1f49</positionGuid>
                        </lotPlanInfo>
                        <cancelled>false</cancelled>
                    </lot>
                </ns2:lots>
            </ns2:purchaseNoticeEPData>
        </ns2:item>
    </ns2:body>
</ns2:purchaseNoticeEP>
