<?xml version="1.0" encoding="UTF-8" standalone="yes"?>
<ns2:purchaseNoticeEP xsi:schemaLocation="http://zakupki.gov.ru/223/integration/schema/TFF-5.2 http://zakupki.gov.ru/223/integration/schema/TFF-5.2/purchase.xsd" xmlns="http://zakupki.gov.ru/223fz/types/1" xmlns:ns10="http://zakupki.gov.ru/223fz/purchasePlan/1" xmlns:ns11="http://zakupki.gov.ru/223fz/purchasePlanProject/1" xmlns:ns12="http://zakupki.gov.ru/223fz/purchasePlanProjectAdditionalPosition/1" xmlns:ns13="http://zakupki.gov.ru/223fz/contract/1" xmlns:ns14="http://zakupki.gov.ru/223fz/missedNotice/1" xmlns:ns15="http://zakupki.gov.ru/223fz/reference/1" xmlns:ns16="http://zakupki.gov.ru/223fz/stopCommodity/1" xmlns:ns17="http://zakupki.gov.ru/223fz/decisionSuspension/1" xmlns:ns18="http://zakupki.gov.ru/223fz/purchasePlanAdditionalPosition/1" xmlns:ns19="http://zakupki.gov.ru/223fz/webRequest/1" xmlns:ns2="http://zakupki.gov.ru/223fz/purchase/1" xmlns:xsi="http://www.w3.org/2001/XMLSchema-instance" xmlns:ns3="http://zakupki.gov.ru/223fz/dishonestSupplier/1" xmlns:ns4="http://zakupki.gov.ru/223fz/machineryListInfo/1" xmlns:ns5="http://zakupki.gov.ru/223fz/revenue/1" xmlns:ns6="http://zakupki.gov.ru/223fz/orderClauseList/1" xmlns:ns7="http://zakupki.gov.ru/223fz/disagreementProtocol/1" xmlns:ns8="http://zakupki.gov.ru/223fz/complaint/1" xmlns:ns9="http://zakupki.gov.ru/223fz/notificationIssue/1">
    <header>
        <guid>1c3ed1c7-1149-454b-955a-414307e8e5dd</guid>
        <createDateTime>2017-03-15T15:41:29</createDateTime>
    </header>
    <ns2:body>
        <ns2:item>
            <guid>e89e92af-4983-4786-92b2-7aa86df77aba</guid>
            <ns2:purchaseNoticeEPData>
                <ns2:guid>e89e92af-4983-4786-92b2-7aa86df77aba</ns2:guid>
                <ns2:createDateTime>2017-03-15T15:39:24</ns2:createDateTime>
                <ns2:urlOOS>https://zakupki.gov.ru/223/purchase/private/purchase/notice-info/details.html?noticeInfoId=5879797</ns2:urlOOS>
                <ns2:registrationNumber>31704892961</ns2:registrationNumber>
                <ns2:name>Оказание услуг по водоснабжению объектов обособленного подразделения "Оренбургский" ООО "ГУЖФ" (ЗАТО Комаровский)</ns2:name>
                <ns2:customer>
                    <mainInfo>
                        <fullName>ОБЩЕСТВО С ОГРАНИЧЕННОЙ ОТВЕТСТВЕННОСТЬЮ "ГЛАВНОЕ УПРАВЛЕНИЕ ЖИЛИЩНЫМ ФОНДОМ"</fullName>
                        <shortName>ООО "ГУЖФ"</shortName>
                        <iko>57704307993770401001</iko>
                        <inn>7704307993</inn>
                        <kpp>770401001</kpp>
                        <ogrn>1157746180305</ogrn>
                        <legalAddress>119021, г МОСКВА, пр-кт КОМСОМОЛЬСКИЙ, дом ДОМ 18, корпус СТРОЕНИЕ 3</legalAddress>
                        <postalAddress>119021, г. Москва, пр-кт Комсомольский, д.18, стр. 3</postalAddress>
                        <phone>7-495-6095095</phone>
                        <email>info@guzhf.ru</email>
                        <okato>45286590000</okato>
                        <okpo>42466474</okpo>
                    </mainInfo>
                </ns2:customer>
                <ns2:purchaseMethodCode>3363</ns2:purchaseMethodCode>
                <ns2:purchaseCodeName>Закупка у единственного поставщика (исполнителя, подрядчика)</ns2:purchaseCodeName>
                <ns2:placer>
                    <mainInfo>
                        <fullName>ОБЩЕСТВО С ОГРАНИЧЕННОЙ ОТВЕТСТВЕННОСТЬЮ "ГЛАВНОЕ УПРАВЛЕНИЕ ЖИЛИЩНЫМ ФОНДОМ"</fullName>
                        <shortName>ООО "ГУЖФ"</shortName>
                        <iko>57704307993770401001</iko>
                        <inn>7704307993</inn>
                        <kpp>770401001</kpp>
                        <ogrn>1157746180305</ogrn>
                        <legalAddress>119021, г МОСКВА, пр-кт КОМСОМОЛЬСКИЙ, дом ДОМ 18, корпус СТРОЕНИЕ 3</legalAddress>
                        <postalAddress>119021, г. Москва, пр-кт Комсомольский, д.18, стр. 3</postalAddress>
                        <phone>7-495-6095095</phone>
                        <email>info@guzhf.ru</email>
                        <okato>45286590000</okato>
                        <okpo>42466474</okpo>
                    </mainInfo>
                </ns2:placer>
                <ns2:contact>
                    <phone>+7 (499) 7909111, доб.: 378</phone>
                    <email>RomanovMaV@guzhf.ru</email>
                    <organization>
                        <mainInfo>
                            <fullName>ОБЩЕСТВО С ОГРАНИЧЕННОЙ ОТВЕТСТВЕННОСТЬЮ "ГЛАВНОЕ УПРАВЛЕНИЕ ЖИЛИЩНЫМ ФОНДОМ"</fullName>
                            <shortName>ООО "ГУЖФ"</shortName>
                            <iko>57704307993770401001</iko>
                            <inn>7704307993</inn>
                            <kpp>770401001</kpp>
                            <ogrn>1157746180305</ogrn>
                            <legalAddress>119021, г МОСКВА, пр-кт КОМСОМОЛЬСКИЙ, дом ДОМ 18, корпус СТРОЕНИЕ 3</legalAddress>
                            <postalAddress>119021, г. Москва, пр-кт Комсомольский, д.18, стр. 3</postalAddress>
                            <phone>7-495-6095095</phone>
                            <email>info@guzhf.ru</email>
                            <okato>45286590000</okato>
                            <okpo>42466474</okpo>
                        </mainInfo>
                    </organization>
                </ns2:contact>
                <ns2:publicationDateTime>2017-03-15T15:41:29</ns2:publicationDateTime>
                <ns2:documentationDelivery>
                    <deliveryStartDateTime>2017-03-15</deliveryStartDateTime>
                    <deliveryEndDateTime>2017-03-16</deliveryEndDateTime>
                </ns2:documentationDelivery>
                <ns2:status>P</ns2:status>
                <ns2:version>1</ns2:version>
                <ns2:notDishonest>false</ns2:notDishonest>
                <ns2:attachments>
                    <totalDocumentsCount>4</totalDocumentsCount>
                    <document>
                        <guid>ae073773-12de-495e-b521-40b60c41a4c4</guid>
                        <createDateTime>2017-03-15T15:40:59</createDateTime>
                        <fileName>Договор холодного водоснабжения №591-07_02 от 28.12.2016г..pdf</fileName>
                        <description>Договор холодного водоснабжения №591-07_02 от 28.12.2016г.</description>
                        <url>http://zakupki.gov.ru/223/purchase/public/download/download.html?id=30079941</url>
                    </document>
                    <document>
                        <guid>808dc115-db37-4bc2-a605-cc467390d50b</guid>
                        <createDateTime>2017-03-15T15:40:42</createDateTime>
                        <fileName>Извещение.doc</fileName>
                        <description>Извещение</description>
                        <url>http://zakupki.gov.ru/223/purchase/public/download/download.html?id=30079932</url>
                    </document>
                    <document>
                        <guid>e386b36c-bd48-4d0c-a4a8-b6a05f1c75df</guid>
                        <createDateTime>2017-03-15T15:40:51</createDateTime>
                        <fileName>Тех задание.docx</fileName>
                        <description>Техническое задание</description>
                        <url>http://zakupki.gov.ru/223/purchase/public/download/download.html?id=30079934</url>
                    </document>
                    <document>
                        <guid>f8d38a50-74be-4c7d-b004-730f71135a30</guid>
                        <createDateTime>2017-03-15T15:41:07</createDateTime>
                        <fileName>Протокол разногласий от 01.02.2017г. к договору холодного водоснабжения №591-07_02 от 28.12.2016г..pdf</fileName>
                        <description>Протокол разногласий от 01.02.2017г. к договору холодного водоснабжения №591-07_02 от 28.12.2016г.</description>
                        <url>http://zakupki.gov.ru/223/purchase/public/download/download.html?id=30079951</url>
                    </document>
                </ns2:attachments>
                <ns2:modificationDate>2017-03-15T15:41:29</ns2:modificationDate>
                <ns2:saveUserId>221708</ns2:saveUserId>
                <ns2:deliveryPlaceIndication>DIFFERENT_PLACE</ns2:deliveryPlaceIndication>
                <ns2:emergency>false</ns2:emergency>
                <ns2:jointPurchase>false</ns2:jointPurchase>
                <ns2:lots>
                    <lot>
                        <guid>afc8018e-b3de-45bb-a517-075ee3ee7e2d</guid>
                        <ordinalNumber>1</ordinalNumber>
                        <lotEditEnabled>false</lotEditEnabled>
                        <lotData>
                            <subject>Оказание услуг по водоснабжению объектов обособленного подразделения "Оренбургский" ООО "ГУЖФ" (ЗАТО Комаровский)</subject>
                            <currency>
                                <code>RUB</code>
                                <digitalCode>643</digitalCode>
                                <name>Российский рубль</name>
                            </currency>
                            <initialSum>1917365.66</initialSum>
                            <deliveryPlace>
                                <state>Приволжский федеральный округ</state>
                                <region>Оренбургская   обл</region>
                                <regionOkato>53000000000</regionOkato>
                                <address>Оренбургская область</address>
                            </deliveryPlace>
                            <lotItems>
                                <newCodes>true</newCodes>
                                <lotItem>
                                    <guid>8e90c849-feea-489b-b824-95e5749b8043</guid>
                                    <ordinalNumber>1</ordinalNumber>
                                    <okpd2>
                                        <code>36.00</code>
                                        <name>Вода природная; услуги по очистке воды и водоснабжению</name>
                                    </okpd2>
                                    <okved2>
                                        <code>36.00</code>
                                        <name>Забор, очистка и распределение воды</name>
                                    </okved2>
                                    <okei>
                                        <code>113</code>
                                        <name>Кубический метр</name>
                                    </okei>
                                    <qty>46770.72</qty>
                                </lotItem>
                            </lotItems>
                            <forSmallOrMiddle>false</forSmallOrMiddle>
                            <excludePurchaseFromPlan>false</excludePurchaseFromPlan>
                            <subcontractorsRequirement>false</subcontractorsRequirement>
                            <ignoredPurchase>false</ignoredPurchase>
                            <centralized>false</centralized>
                        </lotData>
                        <deliveryPlaceIndication>GL</deliveryPlaceIndication>
                        <jointLotData>
                            <jointLot>false</jointLot>
                        </jointLotData>
                        <lotPlanInfo>
                            <planRegistrationNumber>2160215848</planRegistrationNumber>
                            <planGuid>d4edbd17-20ca-471c-8c40-cedeade9285b</planGuid>
                            <positionNumber>171</positionNumber>
                            <lotPlanPosition>COMMODITY</lotPlanPosition>
                            <positionGuid>6e5829da-e125-450d-b90e-f39319bfd9b0</positionGuid>
                        </lotPlanInfo>
                        <cancelled>false</cancelled>
                    </lot>
                </ns2:lots>
            </ns2:purchaseNoticeEPData>
        </ns2:item>
    </ns2:body>
</ns2:purchaseNoticeEP>
