<?xml version="1.0" encoding="UTF-8" standalone="yes"?>
<ns2:purchaseNoticeEP xsi:schemaLocation="http://zakupki.gov.ru/223/integration/schema/TFF-5.2 http://zakupki.gov.ru/223/integration/schema/TFF-5.2/purchase.xsd" xmlns="http://zakupki.gov.ru/223fz/types/1" xmlns:ns10="http://zakupki.gov.ru/223fz/purchasePlan/1" xmlns:ns11="http://zakupki.gov.ru/223fz/purchasePlanProject/1" xmlns:ns12="http://zakupki.gov.ru/223fz/purchasePlanProjectAdditionalPosition/1" xmlns:ns13="http://zakupki.gov.ru/223fz/contract/1" xmlns:ns14="http://zakupki.gov.ru/223fz/missedNotice/1" xmlns:ns15="http://zakupki.gov.ru/223fz/reference/1" xmlns:ns16="http://zakupki.gov.ru/223fz/stopCommodity/1" xmlns:ns17="http://zakupki.gov.ru/223fz/decisionSuspension/1" xmlns:ns18="http://zakupki.gov.ru/223fz/purchasePlanAdditionalPosition/1" xmlns:ns19="http://zakupki.gov.ru/223fz/webRequest/1" xmlns:ns2="http://zakupki.gov.ru/223fz/purchase/1" xmlns:xsi="http://www.w3.org/2001/XMLSchema-instance" xmlns:ns3="http://zakupki.gov.ru/223fz/dishonestSupplier/1" xmlns:ns4="http://zakupki.gov.ru/223fz/machineryListInfo/1" xmlns:ns5="http://zakupki.gov.ru/223fz/revenue/1" xmlns:ns6="http://zakupki.gov.ru/223fz/orderClauseList/1" xmlns:ns7="http://zakupki.gov.ru/223fz/disagreementProtocol/1" xmlns:ns8="http://zakupki.gov.ru/223fz/complaint/1" xmlns:ns9="http://zakupki.gov.ru/223fz/notificationIssue/1">
    <header>
        <guid>e5bc0bc9-f262-4160-9bcb-1a949037ca8b</guid>
        <createDateTime>2017-03-15T15:18:08</createDateTime>
    </header>
    <ns2:body>
        <ns2:item>
            <guid>99a40506-6069-46f4-8ded-fa127d4f7507</guid>
            <ns2:purchaseNoticeEPData>
                <ns2:guid>99a40506-6069-46f4-8ded-fa127d4f7507</ns2:guid>
                <ns2:createDateTime>2017-03-15T15:13:45</ns2:createDateTime>
                <ns2:urlOOS>https://zakupki.gov.ru/223/purchase/private/purchase/notice-info/details.html?noticeInfoId=5879439</ns2:urlOOS>
                <ns2:registrationNumber>31704892681</ns2:registrationNumber>
                <ns2:name>Оказание услуг по ремонту оборудования</ns2:name>
                <ns2:customer>
                    <mainInfo>
                        <fullName>ФЕДЕРАЛЬНОЕ ГОСУДАРСТВЕННОЕ УНИТАРНОЕ ПРЕДПРИЯТИЕ "РОССИЙСКАЯ ТЕЛЕВИЗИОННАЯ И РАДИОВЕЩАТЕЛЬНАЯ СЕТЬ"</fullName>
                        <shortName>РТРС</shortName>
                        <iko>57717127211771701001</iko>
                        <inn>7717127211</inn>
                        <kpp>771701001</kpp>
                        <ogrn>1027739456084</ogrn>
                        <legalAddress>129515, Г МОСКВА, УЛ АКАДЕМИКА КОРОЛЕВА, дом ДОМ 13, корпус СТРОЕНИЕ 1</legalAddress>
                        <postalAddress>129515, г МОСКВА, ул АКАДЕМИКА КОРОЛЕВА, дом 13, стр.1</postalAddress>
                        <phone>7-495-6480111-1609</phone>
                        <email>vgeraschenko@rtrn.ru</email>
                        <okato>45280572000</okato>
                        <okpo>57985487</okpo>
                    </mainInfo>
                </ns2:customer>
                <ns2:purchaseMethodCode>3363</ns2:purchaseMethodCode>
                <ns2:purchaseCodeName>Закупка у единственного поставщика (исполнителя, подрядчика)</ns2:purchaseCodeName>
                <ns2:placer>
                    <mainInfo>
                        <fullName>ФЕДЕРАЛЬНОЕ ГОСУДАРСТВЕННОЕ УНИТАРНОЕ ПРЕДПРИЯТИЕ "РОССИЙСКАЯ ТЕЛЕВИЗИОННАЯ И РАДИОВЕЩАТЕЛЬНАЯ СЕТЬ"</fullName>
                        <shortName>РТРС</shortName>
                        <iko>57717127211771701001</iko>
                        <inn>7717127211</inn>
                        <kpp>771701001</kpp>
                        <ogrn>1027739456084</ogrn>
                        <legalAddress>129515, Г МОСКВА, УЛ АКАДЕМИКА КОРОЛЕВА, дом ДОМ 13, корпус СТРОЕНИЕ 1</legalAddress>
                        <postalAddress>129515, г МОСКВА, ул АКАДЕМИКА КОРОЛЕВА, дом 13, стр.1</postalAddress>
                        <phone>7-495-6480111-1609</phone>
                        <email>vgeraschenko@rtrn.ru</email>
                        <okato>45280572000</okato>
                        <okpo>57985487</okpo>
                    </mainInfo>
                </ns2:placer>
                <ns2:contact>
                    <firstName>Сергей</firstName>
                    <middleName>Александрович</middleName>
                    <lastName>Белянский</lastName>
                    <phone>+8 (495) 6480111, доб.: 1730</phone>
                    <email>sbelyansky@rtrn.ru</email>
                    <organization>
                        <mainInfo>
                            <fullName>ФЕДЕРАЛЬНОЕ ГОСУДАРСТВЕННОЕ УНИТАРНОЕ ПРЕДПРИЯТИЕ "РОССИЙСКАЯ ТЕЛЕВИЗИОННАЯ И РАДИОВЕЩАТЕЛЬНАЯ СЕТЬ"</fullName>
                            <shortName>РТРС</shortName>
                            <iko>57717127211771701001</iko>
                            <inn>7717127211</inn>
                            <kpp>771701001</kpp>
                            <ogrn>1027739456084</ogrn>
                            <legalAddress>129515, Г МОСКВА, УЛ АКАДЕМИКА КОРОЛЕВА, дом ДОМ 13, корпус СТРОЕНИЕ 1</legalAddress>
                            <postalAddress>129515, г МОСКВА, ул АКАДЕМИКА КОРОЛЕВА, дом 13, стр.1</postalAddress>
                            <phone>7-495-6480111-1609</phone>
                            <email>vgeraschenko@rtrn.ru</email>
                            <okato>45280572000</okato>
                            <okpo>57985487</okpo>
                        </mainInfo>
                    </organization>
                </ns2:contact>
                <ns2:publicationDateTime>2017-03-15T15:18:08</ns2:publicationDateTime>
                <ns2:documentationDelivery/>
                <ns2:status>P</ns2:status>
                <ns2:version>1</ns2:version>
                <ns2:notDishonest>false</ns2:notDishonest>
                <ns2:attachments>
                    <totalDocumentsCount>1</totalDocumentsCount>
                    <document>
                        <guid>bfdd2f06-b120-4382-8dae-cfa2e5b690e0</guid>
                        <createDateTime>2017-03-15T15:17:54</createDateTime>
                        <fileName>Документация.pdf</fileName>
                        <description>Документация</description>
                        <url>http://zakupki.gov.ru/223/purchase/public/download/download.html?id=30078582</url>
                    </document>
                </ns2:attachments>
                <ns2:modificationDate>2017-03-15T15:18:08</ns2:modificationDate>
                <ns2:saveUserId>133624</ns2:saveUserId>
                <ns2:deliveryPlaceIndication>SINGLE_PLACE</ns2:deliveryPlaceIndication>
                <ns2:emergency>false</ns2:emergency>
                <ns2:jointPurchase>false</ns2:jointPurchase>
                <ns2:lots>
                    <lot>
                        <guid>11ab303a-e27f-4537-8420-dd21ad8725c1</guid>
                        <ordinalNumber>1</ordinalNumber>
                        <lotEditEnabled>false</lotEditEnabled>
                        <lotData>
                            <subject>Выполнение услуг по ремонту оборудования</subject>
                            <currency>
                                <code>RUB</code>
                                <digitalCode>643</digitalCode>
                                <name>Российский рубль</name>
                            </currency>
                            <initialSum>1113212.00</initialSum>
                            <deliveryPlace>
                                <address>территория РФ</address>
                            </deliveryPlace>
                            <lotItems>
                                <newCodes>true</newCodes>
                                <lotItem>
                                    <guid>1cba82a2-9970-4234-820e-e0719462faa4</guid>
                                    <ordinalNumber>1</ordinalNumber>
                                    <okpd2>
                                        <code>33.19</code>
                                        <name>Услуги по ремонту прочего оборудования</name>
                                    </okpd2>
                                    <okved2>
                                        <code>33.19</code>
                                        <name>Ремонт прочего оборудования</name>
                                    </okved2>
                                    <okei>
                                        <code>796</code>
                                        <name>Штука</name>
                                    </okei>
                                    <qty>6</qty>
                                </lotItem>
                            </lotItems>
                            <forSmallOrMiddle>true</forSmallOrMiddle>
                            <excludePurchaseFromPlan>false</excludePurchaseFromPlan>
                            <subcontractorsRequirement>false</subcontractorsRequirement>
                            <ignoredPurchase>false</ignoredPurchase>
                            <centralized>false</centralized>
                        </lotData>
                        <deliveryPlaceIndication>GL</deliveryPlaceIndication>
                        <jointLotData>
                            <jointLot>false</jointLot>
                        </jointLotData>
                        <lotPlanInfo>
                            <planRegistrationNumber>2160216446</planRegistrationNumber>
                            <planGuid>99fb5fb1-a967-4a22-94ed-87c5f0cf15c9</planGuid>
                            <positionNumber>179160021</positionNumber>
                            <lotPlanPosition>COMMODITY</lotPlanPosition>
                            <positionGuid>40044387-6ac1-4009-a232-1f27b2c44220</positionGuid>
                        </lotPlanInfo>
                        <cancelled>false</cancelled>
                    </lot>
                </ns2:lots>
            </ns2:purchaseNoticeEPData>
        </ns2:item>
    </ns2:body>
</ns2:purchaseNoticeEP>
