<?xml version="1.0" encoding="UTF-8" standalone="yes"?>
<ns2:purchaseNoticeEP xsi:schemaLocation="http://zakupki.gov.ru/223/integration/schema/TFF-5.2 http://zakupki.gov.ru/223/integration/schema/TFF-5.2/purchase.xsd" xmlns="http://zakupki.gov.ru/223fz/types/1" xmlns:ns10="http://zakupki.gov.ru/223fz/purchasePlan/1" xmlns:ns11="http://zakupki.gov.ru/223fz/purchasePlanProject/1" xmlns:ns12="http://zakupki.gov.ru/223fz/purchasePlanProjectAdditionalPosition/1" xmlns:ns13="http://zakupki.gov.ru/223fz/contract/1" xmlns:ns14="http://zakupki.gov.ru/223fz/missedNotice/1" xmlns:ns15="http://zakupki.gov.ru/223fz/reference/1" xmlns:ns16="http://zakupki.gov.ru/223fz/stopCommodity/1" xmlns:ns17="http://zakupki.gov.ru/223fz/decisionSuspension/1" xmlns:ns18="http://zakupki.gov.ru/223fz/purchasePlanAdditionalPosition/1" xmlns:ns19="http://zakupki.gov.ru/223fz/webRequest/1" xmlns:ns2="http://zakupki.gov.ru/223fz/purchase/1" xmlns:xsi="http://www.w3.org/2001/XMLSchema-instance" xmlns:ns3="http://zakupki.gov.ru/223fz/dishonestSupplier/1" xmlns:ns4="http://zakupki.gov.ru/223fz/machineryListInfo/1" xmlns:ns5="http://zakupki.gov.ru/223fz/revenue/1" xmlns:ns6="http://zakupki.gov.ru/223fz/orderClauseList/1" xmlns:ns7="http://zakupki.gov.ru/223fz/disagreementProtocol/1" xmlns:ns8="http://zakupki.gov.ru/223fz/complaint/1" xmlns:ns9="http://zakupki.gov.ru/223fz/notificationIssue/1">
    <header>
        <guid>a0e60c37-17d3-4d64-94ae-0fca696f0339</guid>
        <createDateTime>2017-03-15T13:07:12</createDateTime>
    </header>
    <ns2:body>
        <ns2:item>
            <guid>7faf49b2-a475-4d9a-972c-221188fcf97d</guid>
            <ns2:purchaseNoticeEPData>
                <ns2:guid>7faf49b2-a475-4d9a-972c-221188fcf97d</ns2:guid>
                <ns2:createDateTime>2017-03-15T12:58:09</ns2:createDateTime>
                <ns2:urlOOS>https://zakupki.gov.ru/223/purchase/private/purchase/notice-info/details.html?noticeInfoId=5877835</ns2:urlOOS>
                <ns2:registrationNumber>31704891442</ns2:registrationNumber>
                <ns2:name>Приобретение программного продукта Contour DW 6.0 для нужд ФГБОУ ВО «РЭУ им. Г.В. Плеханова»</ns2:name>
                <ns2:customer>
                    <mainInfo>
                        <fullName>ФЕДЕРАЛЬНОЕ ГОСУДАРСТВЕННОЕ БЮДЖЕТНОЕ ОБРАЗОВАТЕЛЬНОЕ УЧРЕЖДЕНИЕ ВЫСШЕГО ОБРАЗОВАНИЯ "РОССИЙСКИЙ ЭКОНОМИЧЕСКИЙ УНИВЕРСИТЕТ ИМЕНИ Г.В. ПЛЕХАНОВА"</fullName>
                        <shortName>ФГБОУ ВО "РЭУ ИМ. Г.В. ПЛЕХАНОВА", РЭУ ИМ. Г.В. ПЛЕХАНОВА</shortName>
                        <iko>87705043493770501001</iko>
                        <inn>7705043493</inn>
                        <kpp>770501001</kpp>
                        <ogrn>1037700012008</ogrn>
                        <legalAddress>117997, Г МОСКВА, ПЕР СТРЕМЯННЫЙ, дом ДОМ 36</legalAddress>
                        <postalAddress>117997, город Москва, Стремянный переулок, дом 36</postalAddress>
                        <phone>7-499-2374114</phone>
                        <email>eis@rea.ru</email>
                        <okato>45286560000</okato>
                        <okpo>02068686</okpo>
                    </mainInfo>
                </ns2:customer>
                <ns2:purchaseMethodCode>3363</ns2:purchaseMethodCode>
                <ns2:purchaseCodeName>Закупка у единственного поставщика (исполнителя, подрядчика)</ns2:purchaseCodeName>
                <ns2:placer>
                    <mainInfo>
                        <fullName>ФЕДЕРАЛЬНОЕ ГОСУДАРСТВЕННОЕ БЮДЖЕТНОЕ ОБРАЗОВАТЕЛЬНОЕ УЧРЕЖДЕНИЕ ВЫСШЕГО ОБРАЗОВАНИЯ "РОССИЙСКИЙ ЭКОНОМИЧЕСКИЙ УНИВЕРСИТЕТ ИМЕНИ Г.В. ПЛЕХАНОВА"</fullName>
                        <shortName>ФГБОУ ВО "РЭУ ИМ. Г.В. ПЛЕХАНОВА", РЭУ ИМ. Г.В. ПЛЕХАНОВА</shortName>
                        <iko>87705043493770501001</iko>
                        <inn>7705043493</inn>
                        <kpp>770501001</kpp>
                        <ogrn>1037700012008</ogrn>
                        <legalAddress>117997, Г МОСКВА, ПЕР СТРЕМЯННЫЙ, дом ДОМ 36</legalAddress>
                        <postalAddress>117997, город Москва, Стремянный переулок, дом 36</postalAddress>
                        <phone>7-499-2374114</phone>
                        <email>eis@rea.ru</email>
                        <okato>45286560000</okato>
                        <okpo>02068686</okpo>
                    </mainInfo>
                </ns2:placer>
                <ns2:contact>
                    <phone>+7 (495) 9581746</phone>
                    <email>monitoring@rea.ru</email>
                    <organization>
                        <mainInfo>
                            <fullName>ФЕДЕРАЛЬНОЕ ГОСУДАРСТВЕННОЕ БЮДЖЕТНОЕ ОБРАЗОВАТЕЛЬНОЕ УЧРЕЖДЕНИЕ ВЫСШЕГО ОБРАЗОВАНИЯ "РОССИЙСКИЙ ЭКОНОМИЧЕСКИЙ УНИВЕРСИТЕТ ИМЕНИ Г.В. ПЛЕХАНОВА"</fullName>
                            <shortName>ФГБОУ ВО "РЭУ ИМ. Г.В. ПЛЕХАНОВА", РЭУ ИМ. Г.В. ПЛЕХАНОВА</shortName>
                            <iko>87705043493770501001</iko>
                            <inn>7705043493</inn>
                            <kpp>770501001</kpp>
                            <ogrn>1037700012008</ogrn>
                            <legalAddress>117997, Г МОСКВА, ПЕР СТРЕМЯННЫЙ, дом ДОМ 36</legalAddress>
                            <postalAddress>117997, город Москва, Стремянный переулок, дом 36</postalAddress>
                            <phone>7-499-2374114</phone>
                            <email>eis@rea.ru</email>
                            <okato>45286560000</okato>
                            <okpo>02068686</okpo>
                        </mainInfo>
                    </organization>
                </ns2:contact>
                <ns2:publicationDateTime>2017-03-15T13:07:12</ns2:publicationDateTime>
                <ns2:documentationDelivery/>
                <ns2:status>P</ns2:status>
                <ns2:version>1</ns2:version>
                <ns2:notDishonest>false</ns2:notDishonest>
                <ns2:attachments>
                    <totalDocumentsCount>2</totalDocumentsCount>
                    <document>
                        <guid>1047c5b6-43d3-470a-b9fd-0554dc676999</guid>
                        <createDateTime>2017-03-15T13:00:33</createDateTime>
                        <fileName>Извещение и Документация.doc</fileName>
                        <description>Извещение и Документация</description>
                        <url>http://zakupki.gov.ru/223/purchase/public/download/download.html?id=30070947</url>
                    </document>
                    <document>
                        <guid>2c7569a6-892a-4303-ae45-2c5694c5cd7a</guid>
                        <createDateTime>2017-03-15T13:00:37</createDateTime>
                        <fileName>Лиценз. договор на ПО (2017) DW.doc</fileName>
                        <description>Лиценз. договор на ПО (2017) DW</description>
                        <url>http://zakupki.gov.ru/223/purchase/public/download/download.html?id=30070963</url>
                    </document>
                </ns2:attachments>
                <ns2:modificationDate>2017-03-15T13:07:12</ns2:modificationDate>
                <ns2:saveUserId>184474</ns2:saveUserId>
                <ns2:deliveryPlaceIndication>DIFFERENT_PLACE</ns2:deliveryPlaceIndication>
                <ns2:emergency>false</ns2:emergency>
                <ns2:jointPurchase>false</ns2:jointPurchase>
                <ns2:lots>
                    <lot>
                        <guid>30d7aecc-b290-4119-aac6-6a788d34d78a</guid>
                        <ordinalNumber>1</ordinalNumber>
                        <lotEditEnabled>false</lotEditEnabled>
                        <lotData>
                            <subject>Приобретение программного продукта Contour DW 6.0 для нужд ФГБОУ ВО «РЭУ им. Г.В. Плеханова»</subject>
                            <currency>
                                <code>RUB</code>
                                <digitalCode>643</digitalCode>
                                <name>Российский рубль</name>
                            </currency>
                            <initialSum>500000.00</initialSum>
                            <deliveryPlace>
                                <state>Центральный федеральный округ</state>
                                <region>Москва</region>
                                <regionOkato>45000000000</regionOkato>
                                <address>г. Москва, Стремянный пер., дом 36</address>
                            </deliveryPlace>
                            <lotItems>
                                <newCodes>true</newCodes>
                                <lotItem>
                                    <guid>338716c1-5fd1-4ba7-99f4-59d1f8856c78</guid>
                                    <ordinalNumber>1</ordinalNumber>
                                    <okpd2>
                                        <code>58.29.50.000</code>
                                        <name>Услуги по предоставлению лицензий на право использовать компьютерное программное обеспечение</name>
                                    </okpd2>
                                    <okved2>
                                        <code>58.29</code>
                                        <name>Издание прочих программных продуктов</name>
                                    </okved2>
                                    <okei>
                                        <code>876</code>
                                        <name>Условная единица</name>
                                    </okei>
                                    <qty>1</qty>
                                    <additionalInfo>Приобретение программного продукта Contour DW 6.0 для нужд ФГБОУ ВО «РЭУ им. Г.В. Плеханова»</additionalInfo>
                                </lotItem>
                            </lotItems>
                            <forSmallOrMiddle>false</forSmallOrMiddle>
                            <excludePurchaseFromPlan>false</excludePurchaseFromPlan>
                            <subcontractorsRequirement>false</subcontractorsRequirement>
                            <ignoredPurchase>false</ignoredPurchase>
                            <centralized>false</centralized>
                        </lotData>
                        <deliveryPlaceIndication>GL</deliveryPlaceIndication>
                        <jointLotData>
                            <jointLot>false</jointLot>
                        </jointLotData>
                        <lotPlanInfo>
                            <planRegistrationNumber>2160209814</planRegistrationNumber>
                            <planGuid>c4bd5cba-87c0-49f7-bb30-fc71957281c4</planGuid>
                            <positionNumber>666</positionNumber>
                            <lotPlanPosition>COMMODITY</lotPlanPosition>
                            <positionGuid>4199c12e-07af-4799-b411-9b0d5d889f7b</positionGuid>
                        </lotPlanInfo>
                        <cancelled>false</cancelled>
                    </lot>
                </ns2:lots>
            </ns2:purchaseNoticeEPData>
        </ns2:item>
    </ns2:body>
</ns2:purchaseNoticeEP>
