<?xml version="1.0" encoding="UTF-8" standalone="yes"?>
<ns2:purchaseNoticeEP xsi:schemaLocation="http://zakupki.gov.ru/223/integration/schema/TFF-5.2 http://zakupki.gov.ru/223/integration/schema/TFF-5.2/purchase.xsd" xmlns="http://zakupki.gov.ru/223fz/types/1" xmlns:ns10="http://zakupki.gov.ru/223fz/purchasePlan/1" xmlns:ns11="http://zakupki.gov.ru/223fz/purchasePlanProject/1" xmlns:ns12="http://zakupki.gov.ru/223fz/purchasePlanProjectAdditionalPosition/1" xmlns:ns13="http://zakupki.gov.ru/223fz/contract/1" xmlns:ns14="http://zakupki.gov.ru/223fz/missedNotice/1" xmlns:ns15="http://zakupki.gov.ru/223fz/reference/1" xmlns:ns16="http://zakupki.gov.ru/223fz/stopCommodity/1" xmlns:ns17="http://zakupki.gov.ru/223fz/decisionSuspension/1" xmlns:ns18="http://zakupki.gov.ru/223fz/purchasePlanAdditionalPosition/1" xmlns:ns19="http://zakupki.gov.ru/223fz/webRequest/1" xmlns:ns2="http://zakupki.gov.ru/223fz/purchase/1" xmlns:xsi="http://www.w3.org/2001/XMLSchema-instance" xmlns:ns3="http://zakupki.gov.ru/223fz/dishonestSupplier/1" xmlns:ns4="http://zakupki.gov.ru/223fz/machineryListInfo/1" xmlns:ns5="http://zakupki.gov.ru/223fz/revenue/1" xmlns:ns6="http://zakupki.gov.ru/223fz/orderClauseList/1" xmlns:ns7="http://zakupki.gov.ru/223fz/disagreementProtocol/1" xmlns:ns8="http://zakupki.gov.ru/223fz/complaint/1" xmlns:ns9="http://zakupki.gov.ru/223fz/notificationIssue/1">
    <header>
        <guid>d723a089-28de-4257-b1ad-ce6f34b136f9</guid>
        <createDateTime>2017-03-15T10:49:45</createDateTime>
    </header>
    <ns2:body>
        <ns2:item>
            <guid>018b8ca3-df8a-4f21-b702-208ddae424cb</guid>
            <ns2:purchaseNoticeEPData>
                <ns2:guid>018b8ca3-df8a-4f21-b702-208ddae424cb</ns2:guid>
                <ns2:createDateTime>2017-03-15T10:45:05</ns2:createDateTime>
                <ns2:urlOOS>https://zakupki.gov.ru/223/purchase/private/purchase/notice-info/details.html?noticeInfoId=5876555</ns2:urlOOS>
                <ns2:registrationNumber>31704890373</ns2:registrationNumber>
                <ns2:name>на субаренду недвижимого имущества для размещения сети офисов продаж иобслуживания


на субаренду недвижимого имущества для размещения сети офисов продаж иобслуживания

</ns2:name>
                <ns2:customer>
                    <mainInfo>
                        <fullName>ОБЩЕСТВО С ОГРАНИЧЕННОЙ ОТВЕТСТВЕННОСТЬЮ "РОСТЕЛЕКОМ - РОЗНИЧНЫЕ СИСТЕМЫ"</fullName>
                        <shortName>ООО "РОСТЕЛЕКОМ - РОЗНИЧНЫЕ СИСТЕМЫ"</shortName>
                        <iko>67840306212770401001</iko>
                        <inn>7840306212</inn>
                        <kpp>775101001</kpp>
                        <ogrn>1047855105650</ogrn>
                        <legalAddress>108811, Г МОСКВА, КМ КИЕВСКОЕ ШОССЕ 22-Й (П МОСКОВСКИЙ), дом ДОМОВЛАД 6, корпус СТРОЕН 1</legalAddress>
                        <postalAddress>108811, Москва Город, Киевское шоссе 22-й (п Московский) Километр, дом 6, строение 1</postalAddress>
                        <phone>7-499-5508883</phone>
                        <email>Tatyana.Pronoza@RT.RU</email>
                        <okato>45286590000</okato>
                        <okpo>74764227</okpo>
                    </mainInfo>
                </ns2:customer>
                <ns2:purchaseMethodCode>3363</ns2:purchaseMethodCode>
                <ns2:purchaseCodeName>Закупка у единственного поставщика (исполнителя, подрядчика)</ns2:purchaseCodeName>
                <ns2:placer>
                    <mainInfo>
                        <fullName>ОБЩЕСТВО С ОГРАНИЧЕННОЙ ОТВЕТСТВЕННОСТЬЮ "РОСТЕЛЕКОМ - РОЗНИЧНЫЕ СИСТЕМЫ"</fullName>
                        <shortName>ООО "РОСТЕЛЕКОМ - РОЗНИЧНЫЕ СИСТЕМЫ"</shortName>
                        <iko>67840306212770401001</iko>
                        <inn>7840306212</inn>
                        <kpp>775101001</kpp>
                        <ogrn>1047855105650</ogrn>
                        <legalAddress>108811, Г МОСКВА, КМ КИЕВСКОЕ ШОССЕ 22-Й (П МОСКОВСКИЙ), дом ДОМОВЛАД 6, корпус СТРОЕН 1</legalAddress>
                        <postalAddress>108811, Москва Город, Киевское шоссе 22-й (п Московский) Километр, дом 6, строение 1</postalAddress>
                        <phone>7-499-5508883</phone>
                        <email>Tatyana.Pronoza@RT.RU</email>
                        <okato>45286590000</okato>
                        <okpo>74764227</okpo>
                    </mainInfo>
                </ns2:placer>
                <ns2:contact>
                    <firstName>Ольга</firstName>
                    <lastName>Небыкова</lastName>
                    <phone>+7 (499) 5508883</phone>
                    <email>Olga.Nebykova@rt.ru</email>
                    <organization>
                        <mainInfo>
                            <fullName>ОБЩЕСТВО С ОГРАНИЧЕННОЙ ОТВЕТСТВЕННОСТЬЮ "РОСТЕЛЕКОМ - РОЗНИЧНЫЕ СИСТЕМЫ"</fullName>
                            <shortName>ООО "РОСТЕЛЕКОМ - РОЗНИЧНЫЕ СИСТЕМЫ"</shortName>
                            <iko>67840306212770401001</iko>
                            <inn>7840306212</inn>
                            <kpp>775101001</kpp>
                            <ogrn>1047855105650</ogrn>
                            <legalAddress>108811, Г МОСКВА, КМ КИЕВСКОЕ ШОССЕ 22-Й (П МОСКОВСКИЙ), дом ДОМОВЛАД 6, корпус СТРОЕН 1</legalAddress>
                            <postalAddress>108811, Москва Город, Киевское шоссе 22-й (п Московский) Километр, дом 6, строение 1</postalAddress>
                            <phone>7-499-5508883</phone>
                            <email>Tatyana.Pronoza@RT.RU</email>
                            <okato>45286590000</okato>
                            <okpo>74764227</okpo>
                        </mainInfo>
                    </organization>
                </ns2:contact>
                <ns2:publicationDateTime>2017-03-15T10:49:45</ns2:publicationDateTime>
                <ns2:documentationDelivery/>
                <ns2:status>P</ns2:status>
                <ns2:version>1</ns2:version>
                <ns2:notDishonest>true</ns2:notDishonest>
                <ns2:attachments>
                    <totalDocumentsCount>3</totalDocumentsCount>
                    <document>
                        <guid>b6444807-5aff-4ce5-9716-ebdb39ec69c9</guid>
                        <createDateTime>2017-03-15T10:48:48</createDateTime>
                        <fileName>1.2. Приложение №2 - Проект договора.docx</fileName>
                        <description>1.2. Приложение №2 - Проект договора</description>
                        <url>http://zakupki.gov.ru/223/purchase/public/download/download.html?id=30064625</url>
                    </document>
                    <document>
                        <guid>207e3472-6d12-44cd-8f71-ff69fc667641</guid>
                        <createDateTime>2017-03-15T10:48:36</createDateTime>
                        <fileName>1.1. Приложение №1 -Форма Информация о цепочке собственников претендента.xls</fileName>
                        <description>1.1. Приложение №1 -Форма Информация о цепочке собственников претендента</description>
                        <url>http://zakupki.gov.ru/223/purchase/public/download/download.html?id=30064611</url>
                    </document>
                    <document>
                        <guid>f7d5c4fa-c08b-42e6-b48e-69837549cfd4</guid>
                        <createDateTime>2017-03-15T10:48:28</createDateTime>
                        <fileName>1. Извещение и документация.docx</fileName>
                        <description>1. Извещение и документация</description>
                        <url>http://zakupki.gov.ru/223/purchase/public/download/download.html?id=30064599</url>
                    </document>
                </ns2:attachments>
                <ns2:modificationDate>2017-03-15T10:49:45</ns2:modificationDate>
                <ns2:saveUserId>260254</ns2:saveUserId>
                <ns2:deliveryPlaceIndication>SINGLE_PLACE</ns2:deliveryPlaceIndication>
                <ns2:emergency>false</ns2:emergency>
                <ns2:jointPurchase>false</ns2:jointPurchase>
                <ns2:lots>
                    <lot>
                        <guid>875ccfa2-3724-466e-b448-b58063103973</guid>
                        <ordinalNumber>1</ordinalNumber>
                        <lotEditEnabled>false</lotEditEnabled>
                        <lotData>
                            <subject>Субаренда недвижимого имущества</subject>
                            <currency>
                                <code>RUB</code>
                                <digitalCode>643</digitalCode>
                                <name>Российский рубль</name>
                            </currency>
                            <initialSum>199892.00</initialSum>
                            <deliveryPlace>
                                <state>Сибирский федеральный округ</state>
                                <region>Иркутская   обл</region>
                                <regionOkato>25000000000</regionOkato>
                                <address>Иркутская область, пос. Чунский, ул. Ленина, д.58</address>
                            </deliveryPlace>
                            <lotItems>
                                <newCodes>true</newCodes>
                                <lotItem>
                                    <guid>2f5f1a2a-e929-443c-854c-2b869d9e4196</guid>
                                    <ordinalNumber>1</ordinalNumber>
                                    <okpd2>
                                        <code>68.20.12.000</code>
                                        <name>Услуги по сдаче в аренду (внаем) собственных или арендованных нежилых помещений</name>
                                    </okpd2>
                                    <okved2>
                                        <code>68.20.2</code>
                                        <name>Аренда и управление собственным или арендованным нежилым недвижимым имуществом</name>
                                    </okved2>
                                    <okei>
                                        <code>055</code>
                                        <name>Квадратный метр</name>
                                    </okei>
                                    <qty>36.4</qty>
                                </lotItem>
                            </lotItems>
                            <forSmallOrMiddle>false</forSmallOrMiddle>
                            <excludePurchaseFromPlan>false</excludePurchaseFromPlan>
                            <subcontractorsRequirement>false</subcontractorsRequirement>
                            <ignoredPurchase>true</ignoredPurchase>
                            <purchaseCategory>
                                <code>11</code>
                                <name>Закупки, предметом которых является аренда и (или) приобретение в собственность объектов недвижимого имущества</name>
                            </purchaseCategory>
                            <centralized>false</centralized>
                        </lotData>
                        <deliveryPlaceIndication>GL</deliveryPlaceIndication>
                        <jointLotData>
                            <jointLot>false</jointLot>
                        </jointLotData>
                        <lotPlanInfo>
                            <planRegistrationNumber>2160207045</planRegistrationNumber>
                            <planGuid>8553db46-55a8-6a62-5a2a-76038ad6bbb5</planGuid>
                            <positionNumber>62</positionNumber>
                            <lotPlanPosition>COMMODITY</lotPlanPosition>
                            <positionGuid>9a7c48c7-3631-0a54-6933-541187cbf9c4</positionGuid>
                        </lotPlanInfo>
                        <cancelled>false</cancelled>
                    </lot>
                </ns2:lots>
            </ns2:purchaseNoticeEPData>
        </ns2:item>
    </ns2:body>
</ns2:purchaseNoticeEP>
