<?xml version="1.0" encoding="UTF-8" standalone="yes"?>
<ns2:purchaseNoticeEP xsi:schemaLocation="http://zakupki.gov.ru/223/integration/schema/TFF-5.2 http://zakupki.gov.ru/223/integration/schema/TFF-5.2/purchase.xsd" xmlns="http://zakupki.gov.ru/223fz/types/1" xmlns:ns10="http://zakupki.gov.ru/223fz/purchasePlan/1" xmlns:ns11="http://zakupki.gov.ru/223fz/purchasePlanProject/1" xmlns:ns12="http://zakupki.gov.ru/223fz/purchasePlanProjectAdditionalPosition/1" xmlns:ns13="http://zakupki.gov.ru/223fz/contract/1" xmlns:ns14="http://zakupki.gov.ru/223fz/missedNotice/1" xmlns:ns15="http://zakupki.gov.ru/223fz/reference/1" xmlns:ns16="http://zakupki.gov.ru/223fz/stopCommodity/1" xmlns:ns17="http://zakupki.gov.ru/223fz/decisionSuspension/1" xmlns:ns18="http://zakupki.gov.ru/223fz/purchasePlanAdditionalPosition/1" xmlns:ns19="http://zakupki.gov.ru/223fz/webRequest/1" xmlns:ns2="http://zakupki.gov.ru/223fz/purchase/1" xmlns:xsi="http://www.w3.org/2001/XMLSchema-instance" xmlns:ns3="http://zakupki.gov.ru/223fz/dishonestSupplier/1" xmlns:ns4="http://zakupki.gov.ru/223fz/machineryListInfo/1" xmlns:ns5="http://zakupki.gov.ru/223fz/revenue/1" xmlns:ns6="http://zakupki.gov.ru/223fz/orderClauseList/1" xmlns:ns7="http://zakupki.gov.ru/223fz/disagreementProtocol/1" xmlns:ns8="http://zakupki.gov.ru/223fz/complaint/1" xmlns:ns9="http://zakupki.gov.ru/223fz/notificationIssue/1">
    <header>
        <guid>1e0dc774-1a5d-4b32-aced-33d4cb0b7d03</guid>
        <createDateTime>2017-03-15T13:20:12</createDateTime>
    </header>
    <ns2:body>
        <ns2:item>
            <guid>f70f66ea-8609-4fc9-9489-b9b3206b0392</guid>
            <ns2:purchaseNoticeEPData>
                <ns2:guid>f70f66ea-8609-4fc9-9489-b9b3206b0392</ns2:guid>
                <ns2:createDateTime>2017-03-15T13:17:07</ns2:createDateTime>
                <ns2:urlOOS>https://zakupki.gov.ru/223/purchase/private/purchase/notice-info/details.html?noticeInfoId=5878029</ns2:urlOOS>
                <ns2:registrationNumber>31704891547</ns2:registrationNumber>
                <ns2:name>Индикаторы, диоды, резисторы,транзисторы</ns2:name>
                <ns2:customer>
                    <mainInfo>
                        <fullName>АКЦИОНЕРНОЕ ОБЩЕСТВО "ОПЫТНОЕ ПРОИЗВОДСТВО "АЛМАЗ"</fullName>
                        <shortName>АО "ОП "АЛМАЗ"</shortName>
                        <iko>67743782008774301001</iko>
                        <inn>7743782008</inn>
                        <kpp>774301001</kpp>
                        <ogrn>1107746441846</ogrn>
                        <legalAddress>125190, Г МОСКВА, ПР-КТ ЛЕНИНГРАДСКИЙ, дом 80, корпус 44</legalAddress>
                        <postalAddress>125190, г. Москва, Ленинградский проспект, д. 80, к. 44</postalAddress>
                        <phone>7-499-9404414-4399</phone>
                        <fax>7-499-9404403</fax>
                        <email>zakupki@pvoproiz.ru</email>
                        <okato>45277589000</okato>
                        <okpo>66834178</okpo>
                    </mainInfo>
                </ns2:customer>
                <ns2:purchaseMethodCode>3363</ns2:purchaseMethodCode>
                <ns2:purchaseCodeName>Закупка у единственного поставщика (исполнителя, подрядчика)</ns2:purchaseCodeName>
                <ns2:placer>
                    <mainInfo>
                        <fullName>АКЦИОНЕРНОЕ ОБЩЕСТВО "ОПЫТНОЕ ПРОИЗВОДСТВО "АЛМАЗ"</fullName>
                        <shortName>АО "ОП "АЛМАЗ"</shortName>
                        <iko>67743782008774301001</iko>
                        <inn>7743782008</inn>
                        <kpp>774301001</kpp>
                        <ogrn>1107746441846</ogrn>
                        <legalAddress>125190, Г МОСКВА, ПР-КТ ЛЕНИНГРАДСКИЙ, дом 80, корпус 44</legalAddress>
                        <postalAddress>125190, г. Москва, Ленинградский проспект, д. 80, к. 44</postalAddress>
                        <phone>7-499-9404414-4399</phone>
                        <fax>7-499-9404403</fax>
                        <email>zakupki@pvoproiz.ru</email>
                        <okato>45277589000</okato>
                        <okpo>66834178</okpo>
                    </mainInfo>
                </ns2:placer>
                <ns2:contact>
                    <phone>+8 (499) 9404414, доб.: 4263</phone>
                    <email>zakupki@pvoproiz.ru</email>
                    <organization>
                        <mainInfo>
                            <fullName>АКЦИОНЕРНОЕ ОБЩЕСТВО "ОПЫТНОЕ ПРОИЗВОДСТВО "АЛМАЗ"</fullName>
                            <shortName>АО "ОП "АЛМАЗ"</shortName>
                            <iko>67743782008774301001</iko>
                            <inn>7743782008</inn>
                            <kpp>774301001</kpp>
                            <ogrn>1107746441846</ogrn>
                            <legalAddress>125190, Г МОСКВА, ПР-КТ ЛЕНИНГРАДСКИЙ, дом 80, корпус 44</legalAddress>
                            <postalAddress>125190, г. Москва, Ленинградский проспект, д. 80, к. 44</postalAddress>
                            <phone>7-499-9404414-4399</phone>
                            <fax>7-499-9404403</fax>
                            <email>zakupki@pvoproiz.ru</email>
                            <okato>45277589000</okato>
                            <okpo>66834178</okpo>
                        </mainInfo>
                    </organization>
                </ns2:contact>
                <ns2:publicationDateTime>2017-03-15T13:20:12</ns2:publicationDateTime>
                <ns2:documentationDelivery/>
                <ns2:status>P</ns2:status>
                <ns2:version>1</ns2:version>
                <ns2:notDishonest>true</ns2:notDishonest>
                <ns2:attachments>
                    <totalDocumentsCount>1</totalDocumentsCount>
                    <document>
                        <guid>2d205b9c-bd0a-4c82-81d3-cf3ecc5a7e1c</guid>
                        <createDateTime>2017-03-15T13:19:31</createDateTime>
                        <fileName>Документация.doc</fileName>
                        <description>Документация</description>
                        <url>http://zakupki.gov.ru/223/purchase/public/download/download.html?id=30071830</url>
                    </document>
                </ns2:attachments>
                <ns2:modificationDate>2017-03-15T13:20:12</ns2:modificationDate>
                <ns2:saveUserId>53678</ns2:saveUserId>
                <ns2:deliveryPlaceIndication>SINGLE_PLACE</ns2:deliveryPlaceIndication>
                <ns2:emergency>false</ns2:emergency>
                <ns2:jointPurchase>false</ns2:jointPurchase>
                <ns2:lots>
                    <lot>
                        <guid>cb97cf51-4ab2-41a6-b646-579d7fff6dc8</guid>
                        <ordinalNumber>1</ordinalNumber>
                        <lotEditEnabled>false</lotEditEnabled>
                        <lotData>
                            <subject>Индикаторы, диоды, резисторы, транзисторы</subject>
                            <currency>
                                <code>RUB</code>
                                <digitalCode>643</digitalCode>
                                <name>Российский рубль</name>
                            </currency>
                            <initialSum>479074.22</initialSum>
                            <deliveryPlace>
                                <state>Центральный федеральный округ</state>
                                <region>Москва</region>
                                <regionOkato>45000000000</regionOkato>
                                <address>г. Москва, Ленинградский проспект, д. 80</address>
                            </deliveryPlace>
                            <lotItems>
                                <newCodes>true</newCodes>
                                <lotItem>
                                    <guid>e373434d-c1be-41e5-ace0-7f2da0668d58</guid>
                                    <ordinalNumber>1</ordinalNumber>
                                    <okpd2>
                                        <code>26.11.3</code>
                                        <name>Схемы интегральные электронные</name>
                                    </okpd2>
                                    <okved2>
                                        <code>26.1</code>
                                        <name>Производство элементов электронной аппаратуры и печатных схем (плат)</name>
                                    </okved2>
                                    <okei>
                                        <code>796</code>
                                        <name>Штука</name>
                                    </okei>
                                    <qty>2398</qty>
                                </lotItem>
                            </lotItems>
                            <forSmallOrMiddle>false</forSmallOrMiddle>
                            <excludePurchaseFromPlan>false</excludePurchaseFromPlan>
                            <subcontractorsRequirement>false</subcontractorsRequirement>
                            <ignoredPurchase>true</ignoredPurchase>
                            <purchaseCategory>
                                <code>1</code>
                                <name>Закупки для обеспечения обороны страны и безопасности государства</name>
                            </purchaseCategory>
                            <centralized>false</centralized>
                        </lotData>
                        <deliveryPlaceIndication>GL</deliveryPlaceIndication>
                        <jointLotData>
                            <jointLot>false</jointLot>
                        </jointLotData>
                        <lotPlanInfo>
                            <planRegistrationNumber>2160197327</planRegistrationNumber>
                            <planGuid>de17c616-6a3e-459d-b26e-b5fb022a3ae4</planGuid>
                            <positionNumber>229</positionNumber>
                            <lotPlanPosition>COMMODITY</lotPlanPosition>
                            <positionGuid>930b8a03-0bb0-491f-88b6-c692547c884e</positionGuid>
                        </lotPlanInfo>
                        <cancelled>false</cancelled>
                    </lot>
                </ns2:lots>
            </ns2:purchaseNoticeEPData>
        </ns2:item>
    </ns2:body>
</ns2:purchaseNoticeEP>
