<?xml version="1.0" encoding="UTF-8" standalone="yes"?>
<ns2:purchaseNoticeEP xsi:schemaLocation="http://zakupki.gov.ru/223/integration/schema/TFF-5.2 http://zakupki.gov.ru/223/integration/schema/TFF-5.2/purchase.xsd" xmlns="http://zakupki.gov.ru/223fz/types/1" xmlns:ns10="http://zakupki.gov.ru/223fz/purchasePlan/1" xmlns:ns11="http://zakupki.gov.ru/223fz/purchasePlanProject/1" xmlns:ns12="http://zakupki.gov.ru/223fz/purchasePlanProjectAdditionalPosition/1" xmlns:ns13="http://zakupki.gov.ru/223fz/contract/1" xmlns:ns14="http://zakupki.gov.ru/223fz/missedNotice/1" xmlns:ns15="http://zakupki.gov.ru/223fz/reference/1" xmlns:ns16="http://zakupki.gov.ru/223fz/stopCommodity/1" xmlns:ns17="http://zakupki.gov.ru/223fz/decisionSuspension/1" xmlns:ns18="http://zakupki.gov.ru/223fz/purchasePlanAdditionalPosition/1" xmlns:ns19="http://zakupki.gov.ru/223fz/webRequest/1" xmlns:ns2="http://zakupki.gov.ru/223fz/purchase/1" xmlns:xsi="http://www.w3.org/2001/XMLSchema-instance" xmlns:ns3="http://zakupki.gov.ru/223fz/dishonestSupplier/1" xmlns:ns4="http://zakupki.gov.ru/223fz/machineryListInfo/1" xmlns:ns5="http://zakupki.gov.ru/223fz/revenue/1" xmlns:ns6="http://zakupki.gov.ru/223fz/orderClauseList/1" xmlns:ns7="http://zakupki.gov.ru/223fz/disagreementProtocol/1" xmlns:ns8="http://zakupki.gov.ru/223fz/complaint/1" xmlns:ns9="http://zakupki.gov.ru/223fz/notificationIssue/1">
    <header>
        <guid>49b676a1-8382-4e66-b246-d05613b9c2ad</guid>
        <createDateTime>2017-03-15T21:59:46</createDateTime>
    </header>
    <ns2:body>
        <ns2:item>
            <guid>471b53e2-fdae-48ab-9a1a-e99f6fc30876</guid>
            <ns2:purchaseNoticeEPData>
                <ns2:guid>471b53e2-fdae-48ab-9a1a-e99f6fc30876</ns2:guid>
                <ns2:createDateTime>2017-03-15T21:55:55</ns2:createDateTime>
                <ns2:urlOOS>https://zakupki.gov.ru/223/purchase/private/purchase/notice-info/details.html?noticeInfoId=5881538</ns2:urlOOS>
                <ns2:registrationNumber>31704894529</ns2:registrationNumber>
                <ns2:name>Поставка алкогольной продукции</ns2:name>
                <ns2:customer>
                    <mainInfo>
                        <fullName>ФЕДЕРАЛЬНОЕ ГОСУДАРСТВЕННОЕ БЮДЖЕТНОЕ УЧРЕЖДЕНИЕ "КОМБИНАТ ПИТАНИЯ № 4" УПРАВЛЕНИЯ ДЕЛАМИ ПРЕЗИДЕНТА РОССИЙСКОЙ ФЕДЕРАЦИИ</fullName>
                        <shortName>ФГБУ "КОМБИНАТ ПИТАНИЯ № 4"</shortName>
                        <iko>87710930645771001001</iko>
                        <inn>7710930645</inn>
                        <kpp>771001001</kpp>
                        <ogrn>1137746024789</ogrn>
                        <legalAddress>103265, Г МОСКВА, УЛ ОХОТНЫЙ РЯД, дом 1</legalAddress>
                        <postalAddress>103265; г. Москва 
ул. Охотный ряд, дом 1
</postalAddress>
                        <phone>7-495-6927770</phone>
                        <fax>7-495-6929774</fax>
                        <email>zakompit@mail.ru</email>
                        <okato>45286585000</okato>
                        <okpo>02735289</okpo>
                    </mainInfo>
                </ns2:customer>
                <ns2:purchaseMethodCode>3363</ns2:purchaseMethodCode>
                <ns2:purchaseCodeName>Закупка у единственного поставщика (исполнителя, подрядчика)</ns2:purchaseCodeName>
                <ns2:placer>
                    <mainInfo>
                        <fullName>ФЕДЕРАЛЬНОЕ ГОСУДАРСТВЕННОЕ БЮДЖЕТНОЕ УЧРЕЖДЕНИЕ "КОМБИНАТ ПИТАНИЯ № 4" УПРАВЛЕНИЯ ДЕЛАМИ ПРЕЗИДЕНТА РОССИЙСКОЙ ФЕДЕРАЦИИ</fullName>
                        <shortName>ФГБУ "КОМБИНАТ ПИТАНИЯ № 4"</shortName>
                        <iko>87710930645771001001</iko>
                        <inn>7710930645</inn>
                        <kpp>771001001</kpp>
                        <ogrn>1137746024789</ogrn>
                        <legalAddress>103265, Г МОСКВА, УЛ ОХОТНЫЙ РЯД, дом 1</legalAddress>
                        <postalAddress>103265; г. Москва 
ул. Охотный ряд, дом 1
</postalAddress>
                        <phone>7-495-6927770</phone>
                        <fax>7-495-6929774</fax>
                        <email>zakompit@mail.ru</email>
                        <okato>45286585000</okato>
                        <okpo>02735289</okpo>
                    </mainInfo>
                </ns2:placer>
                <ns2:contact>
                    <phone>+7 (495) 6928857</phone>
                    <email>kombinat-4@mail.ru</email>
                    <organization>
                        <mainInfo>
                            <fullName>ФЕДЕРАЛЬНОЕ ГОСУДАРСТВЕННОЕ БЮДЖЕТНОЕ УЧРЕЖДЕНИЕ "КОМБИНАТ ПИТАНИЯ № 4" УПРАВЛЕНИЯ ДЕЛАМИ ПРЕЗИДЕНТА РОССИЙСКОЙ ФЕДЕРАЦИИ</fullName>
                            <shortName>ФГБУ "КОМБИНАТ ПИТАНИЯ № 4"</shortName>
                            <iko>87710930645771001001</iko>
                            <inn>7710930645</inn>
                            <kpp>771001001</kpp>
                            <ogrn>1137746024789</ogrn>
                            <legalAddress>103265, Г МОСКВА, УЛ ОХОТНЫЙ РЯД, дом 1</legalAddress>
                            <postalAddress>103265; г. Москва 
ул. Охотный ряд, дом 1
</postalAddress>
                            <phone>7-495-6927770</phone>
                            <fax>7-495-6929774</fax>
                            <email>zakompit@mail.ru</email>
                            <okato>45286585000</okato>
                            <okpo>02735289</okpo>
                        </mainInfo>
                    </organization>
                </ns2:contact>
                <ns2:publicationDateTime>2017-03-15T21:59:46</ns2:publicationDateTime>
                <ns2:documentationDelivery>
                    <deliveryStartDateTime>2017-03-15</deliveryStartDateTime>
                    <deliveryEndDateTime>2017-12-31</deliveryEndDateTime>
                </ns2:documentationDelivery>
                <ns2:status>P</ns2:status>
                <ns2:version>1</ns2:version>
                <ns2:notDishonest>false</ns2:notDishonest>
                <ns2:attachments>
                    <totalDocumentsCount>1</totalDocumentsCount>
                    <document>
                        <guid>94b9061e-c07b-4c98-9c8b-4a36253f21b6</guid>
                        <createDateTime>2017-03-15T21:59:32</createDateTime>
                        <fileName>Извещение.doc</fileName>
                        <description>Извещение</description>
                        <url>http://zakupki.gov.ru/223/purchase/public/download/download.html?id=30087752</url>
                    </document>
                </ns2:attachments>
                <ns2:modificationDate>2017-03-15T21:59:46</ns2:modificationDate>
                <ns2:saveUserId>64193</ns2:saveUserId>
                <ns2:deliveryPlaceIndication>SINGLE_PLACE</ns2:deliveryPlaceIndication>
                <ns2:emergency>false</ns2:emergency>
                <ns2:jointPurchase>false</ns2:jointPurchase>
                <ns2:lots>
                    <lot>
                        <guid>230ce986-7888-4ceb-8fb1-03d14fed5a9c</guid>
                        <ordinalNumber>1</ordinalNumber>
                        <lotEditEnabled>false</lotEditEnabled>
                        <lotData>
                            <subject>Поставка алкогольной продукции</subject>
                            <currency>
                                <code>RUB</code>
                                <digitalCode>643</digitalCode>
                                <name>Российский рубль</name>
                            </currency>
                            <initialSum>1446700.00</initialSum>
                            <deliveryPlace>
                                <state>Центральный федеральный округ</state>
                                <region>Москва</region>
                                <regionOkato>45000000000</regionOkato>
                                <address>г. Москва, ул. Охотный ряд, д. 1, г. Москва, ул. Большая Дмитровка, д. 26, г. Москва, ул. Зубовская, д. 2.</address>
                            </deliveryPlace>
                            <lotItems>
                                <newCodes>true</newCodes>
                                <lotItem>
                                    <guid>32b7801c-89d0-4a49-be51-173fdb429d9c</guid>
                                    <ordinalNumber>1</ordinalNumber>
                                    <okpd2>
                                        <code>11.01.10.111</code>
                                        <name>Водка</name>
                                    </okpd2>
                                    <okved2>
                                        <code>56.2</code>
                                        <name>Деятельность предприятий общественного питания по обслуживанию торжественных мероприятий и прочим видам организации питания</name>
                                    </okved2>
                                    <okei>
                                        <code>868</code>
                                        <name>Бутылка</name>
                                    </okei>
                                    <qty>6600</qty>
                                </lotItem>
                            </lotItems>
                            <forSmallOrMiddle>false</forSmallOrMiddle>
                            <excludePurchaseFromPlan>false</excludePurchaseFromPlan>
                            <subcontractorsRequirement>false</subcontractorsRequirement>
                            <ignoredPurchase>false</ignoredPurchase>
                            <centralized>false</centralized>
                        </lotData>
                        <deliveryPlaceIndication>GL</deliveryPlaceIndication>
                        <jointLotData>
                            <jointLot>false</jointLot>
                        </jointLotData>
                        <lotPlanInfo>
                            <planRegistrationNumber>2160209327</planRegistrationNumber>
                            <planGuid>dc35e714-3c1b-45ac-aeb1-5cb9538ec6c3</planGuid>
                            <positionNumber>31</positionNumber>
                            <lotPlanPosition>COMMODITY</lotPlanPosition>
                            <positionGuid>ebefc24b-27a2-4cb1-93db-e3c5c3560a93</positionGuid>
                        </lotPlanInfo>
                        <cancelled>false</cancelled>
                    </lot>
                </ns2:lots>
            </ns2:purchaseNoticeEPData>
        </ns2:item>
    </ns2:body>
</ns2:purchaseNoticeEP>
