<?xml version="1.0" encoding="UTF-8" standalone="yes"?>
<ns2:purchaseNoticeEP xsi:schemaLocation="http://zakupki.gov.ru/223/integration/schema/TFF-5.2 http://zakupki.gov.ru/223/integration/schema/TFF-5.2/purchase.xsd" xmlns="http://zakupki.gov.ru/223fz/types/1" xmlns:ns10="http://zakupki.gov.ru/223fz/purchasePlan/1" xmlns:ns11="http://zakupki.gov.ru/223fz/purchasePlanProject/1" xmlns:ns12="http://zakupki.gov.ru/223fz/purchasePlanProjectAdditionalPosition/1" xmlns:ns13="http://zakupki.gov.ru/223fz/contract/1" xmlns:ns14="http://zakupki.gov.ru/223fz/missedNotice/1" xmlns:ns15="http://zakupki.gov.ru/223fz/reference/1" xmlns:ns16="http://zakupki.gov.ru/223fz/stopCommodity/1" xmlns:ns17="http://zakupki.gov.ru/223fz/decisionSuspension/1" xmlns:ns18="http://zakupki.gov.ru/223fz/purchasePlanAdditionalPosition/1" xmlns:ns19="http://zakupki.gov.ru/223fz/webRequest/1" xmlns:ns2="http://zakupki.gov.ru/223fz/purchase/1" xmlns:xsi="http://www.w3.org/2001/XMLSchema-instance" xmlns:ns3="http://zakupki.gov.ru/223fz/dishonestSupplier/1" xmlns:ns4="http://zakupki.gov.ru/223fz/machineryListInfo/1" xmlns:ns5="http://zakupki.gov.ru/223fz/revenue/1" xmlns:ns6="http://zakupki.gov.ru/223fz/orderClauseList/1" xmlns:ns7="http://zakupki.gov.ru/223fz/disagreementProtocol/1" xmlns:ns8="http://zakupki.gov.ru/223fz/complaint/1" xmlns:ns9="http://zakupki.gov.ru/223fz/notificationIssue/1">
    <header>
        <guid>42f034ba-8ac1-4d0d-b087-b7f9a9cf706d</guid>
        <createDateTime>2017-03-15T15:27:15</createDateTime>
    </header>
    <ns2:body>
        <ns2:item>
            <guid>2c4d43c4-5012-4a99-97b6-8d84c0e6c239</guid>
            <ns2:purchaseNoticeEPData>
                <ns2:guid>2c4d43c4-5012-4a99-97b6-8d84c0e6c239</ns2:guid>
                <ns2:createDateTime>2017-03-15T14:15:50</ns2:createDateTime>
                <ns2:urlOOS>https://zakupki.gov.ru/223/purchase/private/purchase/notice-info/details.html?noticeInfoId=5878681</ns2:urlOOS>
                <ns2:registrationNumber>31704892775</ns2:registrationNumber>
                <ns2:name>Поставка лекарственных препаратов для нужд ФГБУ "ОБП"</ns2:name>
                <ns2:customer>
                    <mainInfo>
                        <fullName>ФЕДЕРАЛЬНОЕ ГОСУДАРСТВЕННОЕ БЮДЖЕТНОЕ УЧРЕЖДЕНИЕ "ОБЪЕДИНЕННАЯ БОЛЬНИЦА С ПОЛИКЛИНИКОЙ" УПРАВЛЕНИЯ ДЕЛАМИ ПРЕЗИДЕНТА РОССИЙСКОЙ ФЕДЕРАЦИИ</fullName>
                        <shortName>ФГБУ "ОБП"</shortName>
                        <iko>87729117225772901001</iko>
                        <inn>7729117225</inn>
                        <kpp>772901001</kpp>
                        <ogrn>1037700124208</ogrn>
                        <legalAddress>119285, г МОСКВА, пр-кт МИЧУРИНСКИЙ, дом 6</legalAddress>
                        <postalAddress>119285, Москва Город, Мичуринский Проспект, дом 6</postalAddress>
                        <phone>7-499-3333000</phone>
                        <fax>7-499-1479226</fax>
                        <email>info@fgu-obp.ru</email>
                        <okato>45268584000</okato>
                        <okpo>01895890</okpo>
                    </mainInfo>
                </ns2:customer>
                <ns2:purchaseMethodCode>3363</ns2:purchaseMethodCode>
                <ns2:purchaseCodeName>Закупка у единственного поставщика (исполнителя, подрядчика)</ns2:purchaseCodeName>
                <ns2:placer>
                    <mainInfo>
                        <fullName>ФЕДЕРАЛЬНОЕ ГОСУДАРСТВЕННОЕ БЮДЖЕТНОЕ УЧРЕЖДЕНИЕ "ОБЪЕДИНЕННАЯ БОЛЬНИЦА С ПОЛИКЛИНИКОЙ" УПРАВЛЕНИЯ ДЕЛАМИ ПРЕЗИДЕНТА РОССИЙСКОЙ ФЕДЕРАЦИИ</fullName>
                        <shortName>ФГБУ "ОБП"</shortName>
                        <iko>87729117225772901001</iko>
                        <inn>7729117225</inn>
                        <kpp>772901001</kpp>
                        <ogrn>1037700124208</ogrn>
                        <legalAddress>119285, г МОСКВА, пр-кт МИЧУРИНСКИЙ, дом 6</legalAddress>
                        <postalAddress>119285, Москва Город, Мичуринский Проспект, дом 6</postalAddress>
                        <phone>7-499-3333000</phone>
                        <fax>7-499-1479226</fax>
                        <email>info@fgu-obp.ru</email>
                        <okato>45268584000</okato>
                        <okpo>01895890</okpo>
                    </mainInfo>
                </ns2:placer>
                <ns2:contact>
                    <phone>+7 (499) 1478150</phone>
                    <email>lysenko@fgu-obp.ru</email>
                    <organization>
                        <mainInfo>
                            <fullName>ФЕДЕРАЛЬНОЕ ГОСУДАРСТВЕННОЕ БЮДЖЕТНОЕ УЧРЕЖДЕНИЕ "ОБЪЕДИНЕННАЯ БОЛЬНИЦА С ПОЛИКЛИНИКОЙ" УПРАВЛЕНИЯ ДЕЛАМИ ПРЕЗИДЕНТА РОССИЙСКОЙ ФЕДЕРАЦИИ</fullName>
                            <shortName>ФГБУ "ОБП"</shortName>
                            <iko>87729117225772901001</iko>
                            <inn>7729117225</inn>
                            <kpp>772901001</kpp>
                            <ogrn>1037700124208</ogrn>
                            <legalAddress>119285, г МОСКВА, пр-кт МИЧУРИНСКИЙ, дом 6</legalAddress>
                            <postalAddress>119285, Москва Город, Мичуринский Проспект, дом 6</postalAddress>
                            <phone>7-499-3333000</phone>
                            <fax>7-499-1479226</fax>
                            <email>info@fgu-obp.ru</email>
                            <okato>45268584000</okato>
                            <okpo>01895890</okpo>
                        </mainInfo>
                    </organization>
                </ns2:contact>
                <ns2:publicationDateTime>2017-03-15T15:27:15</ns2:publicationDateTime>
                <ns2:documentationDelivery/>
                <ns2:status>P</ns2:status>
                <ns2:version>1</ns2:version>
                <ns2:notDishonest>false</ns2:notDishonest>
                <ns2:attachments>
                    <totalDocumentsCount>2</totalDocumentsCount>
                    <document>
                        <guid>9de43786-d400-431c-9a6a-d20dcf3e8c05</guid>
                        <createDateTime>2017-03-15T14:19:44</createDateTime>
                        <fileName>Документация.docx</fileName>
                        <description>Документация</description>
                        <url>http://zakupki.gov.ru/223/purchase/public/download/download.html?id=30074929</url>
                    </document>
                    <document>
                        <guid>e9d0582a-6c2d-40ea-9b55-c057ac403a2c</guid>
                        <createDateTime>2017-03-15T14:29:26</createDateTime>
                        <fileName>Договор.pdf</fileName>
                        <description>Договор</description>
                        <url>http://zakupki.gov.ru/223/purchase/public/download/download.html?id=30075530</url>
                    </document>
                </ns2:attachments>
                <ns2:modificationDate>2017-03-15T15:27:15</ns2:modificationDate>
                <ns2:saveUserId>54281</ns2:saveUserId>
                <ns2:deliveryPlaceIndication>SINGLE_PLACE</ns2:deliveryPlaceIndication>
                <ns2:emergency>false</ns2:emergency>
                <ns2:jointPurchase>false</ns2:jointPurchase>
                <ns2:lots>
                    <lot>
                        <guid>b0d335f4-8eb3-45f5-94be-8933ec9e918d</guid>
                        <ordinalNumber>1</ordinalNumber>
                        <lotEditEnabled>true</lotEditEnabled>
                        <lotData>
                            <subject>Поставка лекарственных препаратов для нужд ФГБУ "ОБП"</subject>
                            <currency>
                                <code>RUB</code>
                                <digitalCode>643</digitalCode>
                                <name>Российский рубль</name>
                            </currency>
                            <initialSum>499452.25</initialSum>
                            <deliveryPlace>
                                <address>119285, г. Москва, Мичуринский пр-т, дом 6</address>
                            </deliveryPlace>
                            <lotItems>
                                <newCodes>true</newCodes>
                                <lotItem>
                                    <guid>ab7f5f15-700a-4e75-ad2b-bc3c523b8a67</guid>
                                    <ordinalNumber>1</ordinalNumber>
                                    <okpd2>
                                        <code>21.10</code>
                                        <name>Субстанции фармацевтические</name>
                                    </okpd2>
                                    <okved2>
                                        <code>46.46.1</code>
                                        <name>Торговля оптовая фармацевтической продукцией</name>
                                    </okved2>
                                    <okei>
                                        <code>796</code>
                                        <name>Штука</name>
                                    </okei>
                                    <qty>1</qty>
                                </lotItem>
                            </lotItems>
                            <forSmallOrMiddle>false</forSmallOrMiddle>
                            <excludePurchaseFromPlan>false</excludePurchaseFromPlan>
                            <subcontractorsRequirement>false</subcontractorsRequirement>
                            <ignoredPurchase>false</ignoredPurchase>
                            <centralized>false</centralized>
                        </lotData>
                        <deliveryPlaceIndication>GL</deliveryPlaceIndication>
                        <jointLotData>
                            <jointLot>false</jointLot>
                        </jointLotData>
                        <lotPlanInfo>
                            <planRegistrationNumber>2160199430</planRegistrationNumber>
                            <planGuid>3338df9d-a6f9-4c69-a515-bbcad0ddda6a</planGuid>
                            <positionNumber>104</positionNumber>
                            <lotPlanPosition>COMMODITY</lotPlanPosition>
                            <positionGuid>32ee6254-658c-4b2a-9bcc-5f1512741025</positionGuid>
                        </lotPlanInfo>
                        <cancelled>false</cancelled>
                    </lot>
                </ns2:lots>
            </ns2:purchaseNoticeEPData>
        </ns2:item>
    </ns2:body>
</ns2:purchaseNoticeEP>
