<?xml version="1.0" encoding="UTF-8" standalone="yes"?>
<ns2:purchaseNoticeEP xsi:schemaLocation="http://zakupki.gov.ru/223/integration/schema/TFF-5.2 http://zakupki.gov.ru/223/integration/schema/TFF-5.2/purchase.xsd" xmlns="http://zakupki.gov.ru/223fz/types/1" xmlns:ns10="http://zakupki.gov.ru/223fz/purchasePlan/1" xmlns:ns11="http://zakupki.gov.ru/223fz/purchasePlanProject/1" xmlns:ns12="http://zakupki.gov.ru/223fz/purchasePlanProjectAdditionalPosition/1" xmlns:ns13="http://zakupki.gov.ru/223fz/contract/1" xmlns:ns14="http://zakupki.gov.ru/223fz/missedNotice/1" xmlns:ns15="http://zakupki.gov.ru/223fz/reference/1" xmlns:ns16="http://zakupki.gov.ru/223fz/stopCommodity/1" xmlns:ns17="http://zakupki.gov.ru/223fz/decisionSuspension/1" xmlns:ns18="http://zakupki.gov.ru/223fz/purchasePlanAdditionalPosition/1" xmlns:ns19="http://zakupki.gov.ru/223fz/webRequest/1" xmlns:ns2="http://zakupki.gov.ru/223fz/purchase/1" xmlns:xsi="http://www.w3.org/2001/XMLSchema-instance" xmlns:ns3="http://zakupki.gov.ru/223fz/dishonestSupplier/1" xmlns:ns4="http://zakupki.gov.ru/223fz/machineryListInfo/1" xmlns:ns5="http://zakupki.gov.ru/223fz/revenue/1" xmlns:ns6="http://zakupki.gov.ru/223fz/orderClauseList/1" xmlns:ns7="http://zakupki.gov.ru/223fz/disagreementProtocol/1" xmlns:ns8="http://zakupki.gov.ru/223fz/complaint/1" xmlns:ns9="http://zakupki.gov.ru/223fz/notificationIssue/1">
    <header>
        <guid>78d44d8c-6698-466d-aed7-8fdd57a4174b</guid>
        <createDateTime>2017-03-15T13:40:03</createDateTime>
    </header>
    <ns2:body>
        <ns2:item>
            <guid>caa96e84-f1f7-456d-8a94-3ce3960f9489</guid>
            <ns2:purchaseNoticeEPData>
                <ns2:guid>caa96e84-f1f7-456d-8a94-3ce3960f9489</ns2:guid>
                <ns2:createDateTime>2017-03-15T13:29:54</ns2:createDateTime>
                <ns2:urlOOS>https://zakupki.gov.ru/223/purchase/private/purchase/notice-info/details.html?noticeInfoId=5878140</ns2:urlOOS>
                <ns2:registrationNumber>31704891685</ns2:registrationNumber>
                <ns2:name>Поставка разовой посуды</ns2:name>
                <ns2:customer>
                    <mainInfo>
                        <fullName>ОТКРЫТОЕ АКЦИОНЕРНОЕ ОБЩЕСТВО "ЖЕЛЕЗНОДОРОЖНАЯ ТОРГОВАЯ КОМПАНИЯ"</fullName>
                        <shortName>ОАО "ЖТК"</shortName>
                        <iko>67708639622770801001</iko>
                        <inn>7708639622</inn>
                        <kpp>770801001</kpp>
                        <ogrn>5077746868403</ogrn>
                        <legalAddress>107228, Г МОСКВА, УЛ НОВОРЯЗАНСКАЯ, дом 12</legalAddress>
                        <postalAddress>107228, Москва Город, Новорязанская Улица, дом 12</postalAddress>
                        <phone>7-495-7899930-137</phone>
                        <fax>7-499-2620999</fax>
                        <email>rwtk@rwtk.ru</email>
                        <okato>45286565000</okato>
                        <okpo>81375880</okpo>
                    </mainInfo>
                </ns2:customer>
                <ns2:purchaseMethodCode>3363</ns2:purchaseMethodCode>
                <ns2:purchaseCodeName>Закупка у единственного поставщика (исполнителя, подрядчика)</ns2:purchaseCodeName>
                <ns2:placer>
                    <mainInfo>
                        <fullName>Челябинский филиал открытого акционерного общества "Железнодорожная торговая компания"</fullName>
                        <shortName>Челябинский филиал ОАО "ЖТК"</shortName>
                        <iko>67708639622745102001</iko>
                        <inn>7708639622</inn>
                        <kpp>745102001</kpp>
                        <ogrn>5077746868403</ogrn>
                        <legalAddress>454091, г.Челябинск, ул.Свободы, д.173</legalAddress>
                        <postalAddress>107228, Москва Город, Новорязанская Улица, дом 12</postalAddress>
                        <phone>7-495-7899930-137</phone>
                        <fax>7-499-2620999</fax>
                        <email>rwtk@rwtk.ru</email>
                        <okato>45286565000</okato>
                        <okpo>81375880</okpo>
                    </mainInfo>
                </ns2:placer>
                <ns2:contact>
                    <phone>+8 (351) 2684081, доб.: 2</phone>
                    <email>jtk-pto@yandex.ru</email>
                    <organization>
                        <mainInfo>
                            <fullName>ОТКРЫТОЕ АКЦИОНЕРНОЕ ОБЩЕСТВО "ЖЕЛЕЗНОДОРОЖНАЯ ТОРГОВАЯ КОМПАНИЯ"</fullName>
                            <shortName>ОАО "ЖТК"</shortName>
                            <iko>67708639622770801001</iko>
                            <inn>7708639622</inn>
                            <kpp>770801001</kpp>
                            <ogrn>5077746868403</ogrn>
                            <legalAddress>107228, Г МОСКВА, УЛ НОВОРЯЗАНСКАЯ, дом 12</legalAddress>
                            <postalAddress>107228, Москва Город, Новорязанская Улица, дом 12</postalAddress>
                            <phone>7-495-7899930-137</phone>
                            <fax>7-499-2620999</fax>
                            <email>rwtk@rwtk.ru</email>
                            <okato>45286565000</okato>
                            <okpo>81375880</okpo>
                        </mainInfo>
                    </organization>
                </ns2:contact>
                <ns2:publicationDateTime>2017-03-15T13:40:03</ns2:publicationDateTime>
                <ns2:documentationDelivery/>
                <ns2:status>P</ns2:status>
                <ns2:version>1</ns2:version>
                <ns2:notDishonest>false</ns2:notDishonest>
                <ns2:attachments>
                    <totalDocumentsCount>2</totalDocumentsCount>
                    <document>
                        <guid>24475570-85b8-416f-92fd-4400ff9fbaf9</guid>
                        <createDateTime>2017-03-15T13:39:17</createDateTime>
                        <fileName>Документация.doc</fileName>
                        <description>Документация</description>
                        <url>http://zakupki.gov.ru/223/purchase/public/download/download.html?id=30072688</url>
                    </document>
                    <document>
                        <guid>5bfe6591-dbd5-4375-9655-21e5e462b327</guid>
                        <createDateTime>2017-03-15T13:39:26</createDateTime>
                        <fileName>Проект договора.docx</fileName>
                        <description>Проект договора</description>
                        <url>http://zakupki.gov.ru/223/purchase/public/download/download.html?id=30072692</url>
                    </document>
                </ns2:attachments>
                <ns2:modificationDate>2017-03-15T13:40:03</ns2:modificationDate>
                <ns2:saveUserId>45037</ns2:saveUserId>
                <ns2:deliveryPlaceIndication>DIFFERENT_PLACE</ns2:deliveryPlaceIndication>
                <ns2:emergency>false</ns2:emergency>
                <ns2:jointPurchase>false</ns2:jointPurchase>
                <ns2:lots>
                    <lot>
                        <guid>6b189bc3-1cff-41db-a806-a26a105c06b6</guid>
                        <ordinalNumber>1</ordinalNumber>
                        <lotEditEnabled>true</lotEditEnabled>
                        <lotData>
                            <subject>Поставка разовой посуды</subject>
                            <currency>
                                <code>RUB</code>
                                <digitalCode>643</digitalCode>
                                <name>Российский рубль</name>
                            </currency>
                            <initialSum>802388.55</initialSum>
                            <deliveryPlace>
                                <state>Уральский федеральный округ</state>
                                <region>Челябинская   обл</region>
                                <regionOkato>75000000000</regionOkato>
                                <address>454028, Челябинская область, г. Челябинск, ул. Дарвина д. 8а</address>
                            </deliveryPlace>
                            <lotItems>
                                <newCodes>true</newCodes>
                                <lotItem>
                                    <guid>a146d441-6fef-41c3-8bf3-a37911442fc4</guid>
                                    <ordinalNumber>1</ordinalNumber>
                                    <okpd2>
                                        <code>22.22</code>
                                        <name>Изделия пластмассовые упаковочные</name>
                                    </okpd2>
                                    <okved2>
                                        <code>22.22</code>
                                        <name>Производство пластмассовых изделий для упаковывания товаров</name>
                                    </okved2>
                                    <okei>
                                        <code>796</code>
                                        <name>Штука</name>
                                    </okei>
                                    <qty>508000</qty>
                                </lotItem>
                            </lotItems>
                            <forSmallOrMiddle>false</forSmallOrMiddle>
                            <excludePurchaseFromPlan>false</excludePurchaseFromPlan>
                            <subcontractorsRequirement>false</subcontractorsRequirement>
                            <ignoredPurchase>false</ignoredPurchase>
                            <centralized>false</centralized>
                        </lotData>
                        <deliveryPlaceIndication>GL</deliveryPlaceIndication>
                        <jointLotData>
                            <jointLot>false</jointLot>
                        </jointLotData>
                        <lotPlanInfo>
                            <planRegistrationNumber>2160202621</planRegistrationNumber>
                            <planGuid>5b81d5f4-1571-4838-a52c-7a600ca13955</planGuid>
                            <positionNumber>111</positionNumber>
                            <lotPlanPosition>COMMODITY</lotPlanPosition>
                            <positionGuid>ec532409-9f5f-4ddc-84f6-566c8ebe12f1</positionGuid>
                        </lotPlanInfo>
                        <cancelled>false</cancelled>
                    </lot>
                </ns2:lots>
            </ns2:purchaseNoticeEPData>
        </ns2:item>
    </ns2:body>
</ns2:purchaseNoticeEP>
