<?xml version="1.0" encoding="UTF-8" standalone="yes"?>
<ns2:purchaseNoticeEP xsi:schemaLocation="http://zakupki.gov.ru/223/integration/schema/TFF-5.2 http://zakupki.gov.ru/223/integration/schema/TFF-5.2/purchase.xsd" xmlns="http://zakupki.gov.ru/223fz/types/1" xmlns:ns10="http://zakupki.gov.ru/223fz/purchasePlan/1" xmlns:ns11="http://zakupki.gov.ru/223fz/purchasePlanProject/1" xmlns:ns12="http://zakupki.gov.ru/223fz/purchasePlanProjectAdditionalPosition/1" xmlns:ns13="http://zakupki.gov.ru/223fz/contract/1" xmlns:ns14="http://zakupki.gov.ru/223fz/missedNotice/1" xmlns:ns15="http://zakupki.gov.ru/223fz/reference/1" xmlns:ns16="http://zakupki.gov.ru/223fz/stopCommodity/1" xmlns:ns17="http://zakupki.gov.ru/223fz/decisionSuspension/1" xmlns:ns18="http://zakupki.gov.ru/223fz/purchasePlanAdditionalPosition/1" xmlns:ns19="http://zakupki.gov.ru/223fz/webRequest/1" xmlns:ns2="http://zakupki.gov.ru/223fz/purchase/1" xmlns:xsi="http://www.w3.org/2001/XMLSchema-instance" xmlns:ns3="http://zakupki.gov.ru/223fz/dishonestSupplier/1" xmlns:ns4="http://zakupki.gov.ru/223fz/machineryListInfo/1" xmlns:ns5="http://zakupki.gov.ru/223fz/revenue/1" xmlns:ns6="http://zakupki.gov.ru/223fz/orderClauseList/1" xmlns:ns7="http://zakupki.gov.ru/223fz/disagreementProtocol/1" xmlns:ns8="http://zakupki.gov.ru/223fz/complaint/1" xmlns:ns9="http://zakupki.gov.ru/223fz/notificationIssue/1">
    <header>
        <guid>2ce12318-a4bc-4c3e-bf21-885933edcba5</guid>
        <createDateTime>2017-03-15T05:48:13</createDateTime>
    </header>
    <ns2:body>
        <ns2:item>
            <guid>15709513-bacd-4e23-aaa0-ba5344318fcc</guid>
            <ns2:purchaseNoticeEPData>
                <ns2:guid>15709513-bacd-4e23-aaa0-ba5344318fcc</ns2:guid>
                <ns2:createDateTime>2017-03-15T05:45:30</ns2:createDateTime>
                <ns2:urlOOS>https://zakupki.gov.ru/223/purchase/private/purchase/notice-info/details.html?noticeInfoId=5874793</ns2:urlOOS>
                <ns2:registrationNumber>31704889092</ns2:registrationNumber>
                <ns2:name>Поставка деталей и расходных материалов к автомобилям Улан-Удэнского филиала ФБУЗ "Центр гигиены и эпидемиологии по железнодорожному транспорту"</ns2:name>
                <ns2:customer>
                    <mainInfo>
                        <fullName>ФЕДЕРАЛЬНОЕ БЮДЖЕТНОЕ УЧРЕЖДЕНИЕ ЗДРАВООХРАНЕНИЯ "ЦЕНТР ГИГИЕНЫ И ЭПИДЕМИОЛОГИИ ПО ЖЕЛЕЗНОДОРОЖНОМУ ТРАНСПОРТУ"</fullName>
                        <shortName>ФБУЗ "ЦЕНТР ГИГИЕНЫ И ЭПИДЕМИОЛОГИИ ПО ЖЕЛЕЗНОДОРОЖНОМУ ТРАНСПОРТУ"</shortName>
                        <iko>57701351634770101001</iko>
                        <inn>7701351634</inn>
                        <kpp>770101001</kpp>
                        <ogrn>1057701020816</ogrn>
                        <legalAddress>105066, Г МОСКВА, ПЕР БАСМАННЫЙ 1-Й, дом ДОМ 8, корпус СТРОЕНИЕ 2</legalAddress>
                        <postalAddress>105066, Москва Город, Басманный 1-й Переулок, дом 8, строение 2</postalAddress>
                        <phone>8-499-2657679</phone>
                        <email>fcrw@mail.ru</email>
                        <okato>45286555000</okato>
                        <okpo>76088820</okpo>
                    </mainInfo>
                </ns2:customer>
                <ns2:detachedOrg>
                    <mainInfo>
                        <fullName>Улан-Удэнский филиал Федерального бюджетного учреждения здравоохранения "Центр гигиены и эпидемиологии по железнодорожному транспорту"</fullName>
                        <inn>7701351634</inn>
                        <kpp>032602001</kpp>
                        <ogrn>1057701020816</ogrn>
                        <legalAddress>670034, Республика Бурятия,  г. Улан-Удэ, ул. Революции 1905 года, д.36</legalAddress>
                        <postalAddress>105066, Москва Город, Басманный 1-й Переулок, дом 8, строение 2</postalAddress>
                    </mainInfo>
                </ns2:detachedOrg>
                <ns2:purchaseMethodCode>3363</ns2:purchaseMethodCode>
                <ns2:purchaseCodeName>Закупка у единственного поставщика (исполнителя, подрядчика)</ns2:purchaseCodeName>
                <ns2:placer>
                    <mainInfo>
                        <fullName>Улан-Удэнский филиал Федерального бюджетного учреждения здравоохранения "Центр гигиены и эпидемиологии по железнодорожному транспорту"</fullName>
                        <shortName>Улан-Удэнский филиал ФБУЗ "Центр гигиены и эпидемиологии по железнодорожному транспорту"</shortName>
                        <iko>57701351634032602001</iko>
                        <inn>7701351634</inn>
                        <kpp>032602001</kpp>
                        <ogrn>1057701020816</ogrn>
                        <legalAddress>670034, Республика Бурятия,  г. Улан-Удэ, ул. Революции 1905 года, д.36</legalAddress>
                        <postalAddress>105066, Москва Город, Басманный 1-й Переулок, дом 8, строение 2</postalAddress>
                        <phone>7-3012-282228</phone>
                        <fax>7-3012-283855</fax>
                        <email>uubuhrw@mail.ru</email>
                        <okato>81401000000</okato>
                        <okpo>53017161</okpo>
                    </mainInfo>
                </ns2:placer>
                <ns2:contact>
                    <firstName>Виктор</firstName>
                    <middleName>Валерьевич</middleName>
                    <lastName>Иванов</lastName>
                    <phone>+7 (3012) 282227</phone>
                    <email>uubuhrw@mail.ru</email>
                    <organization>
                        <mainInfo>
                            <fullName>ФЕДЕРАЛЬНОЕ БЮДЖЕТНОЕ УЧРЕЖДЕНИЕ ЗДРАВООХРАНЕНИЯ "ЦЕНТР ГИГИЕНЫ И ЭПИДЕМИОЛОГИИ ПО ЖЕЛЕЗНОДОРОЖНОМУ ТРАНСПОРТУ"</fullName>
                            <shortName>ФБУЗ "ЦЕНТР ГИГИЕНЫ И ЭПИДЕМИОЛОГИИ ПО ЖЕЛЕЗНОДОРОЖНОМУ ТРАНСПОРТУ"</shortName>
                            <iko>57701351634770101001</iko>
                            <inn>7701351634</inn>
                            <kpp>770101001</kpp>
                            <ogrn>1057701020816</ogrn>
                            <legalAddress>105066, Г МОСКВА, ПЕР БАСМАННЫЙ 1-Й, дом ДОМ 8, корпус СТРОЕНИЕ 2</legalAddress>
                            <postalAddress>105066, Москва Город, Басманный 1-й Переулок, дом 8, строение 2</postalAddress>
                            <phone>8-499-2657679</phone>
                            <email>fcrw@mail.ru</email>
                            <okato>45286555000</okato>
                            <okpo>76088820</okpo>
                        </mainInfo>
                    </organization>
                </ns2:contact>
                <ns2:publicationDateTime>2017-03-15T05:48:13</ns2:publicationDateTime>
                <ns2:documentationDelivery/>
                <ns2:status>P</ns2:status>
                <ns2:version>1</ns2:version>
                <ns2:notDishonest>false</ns2:notDishonest>
                <ns2:attachments>
                    <totalDocumentsCount>1</totalDocumentsCount>
                    <document>
                        <guid>857be7cc-a3cb-4616-81f6-1f20f215ec77</guid>
                        <createDateTime>2017-03-15T05:47:48</createDateTime>
                        <fileName>Документация на сайт детали (материалы) от 15.03.2017 года.doc</fileName>
                        <description>Документация на сайт детали (материалы) от 15.03.2017 года</description>
                        <url>http://zakupki.gov.ru/223/purchase/public/download/download.html?id=30055538</url>
                    </document>
                </ns2:attachments>
                <ns2:modificationDate>2017-03-15T05:48:13</ns2:modificationDate>
                <ns2:saveUserId>116760</ns2:saveUserId>
                <ns2:deliveryPlaceIndication>DIFFERENT_PLACE</ns2:deliveryPlaceIndication>
                <ns2:emergency>false</ns2:emergency>
                <ns2:jointPurchase>false</ns2:jointPurchase>
                <ns2:lots>
                    <lot>
                        <guid>f88aae91-752b-4065-875e-83283b2ed9ca</guid>
                        <ordinalNumber>1</ordinalNumber>
                        <lotEditEnabled>false</lotEditEnabled>
                        <lotData>
                            <subject>Поставка деталей к автомобилю</subject>
                            <currency>
                                <code>RUB</code>
                                <digitalCode>643</digitalCode>
                                <name>Российский рубль</name>
                            </currency>
                            <initialSum>4820.00</initialSum>
                            <deliveryPlace>
                                <state>Сибирский федеральный округ</state>
                                <region>Бурятия Респ </region>
                                <regionOkato>81000000000</regionOkato>
                                <address>670034, г. Улан-Удэ, ул. Революции 1905 года, д. 36</address>
                            </deliveryPlace>
                            <lotItems>
                                <newCodes>true</newCodes>
                                <lotItem>
                                    <guid>31cdd13a-85af-4829-b21b-7f03c26a91c5</guid>
                                    <ordinalNumber>1</ordinalNumber>
                                    <okpd2>
                                        <code>29.32.30</code>
                                        <name>Комплектующие и принадлежности для автотранспортных средств, не включенные в другие группировки</name>
                                    </okpd2>
                                    <okved2>
                                        <code>29.32.3</code>
                                        <name>Производство частей и принадлежностей для автотранспортных средств, не включенных в другие группировки</name>
                                    </okved2>
                                    <okei>
                                        <code>796</code>
                                        <name>Штука</name>
                                    </okei>
                                    <qty>9</qty>
                                </lotItem>
                            </lotItems>
                            <forSmallOrMiddle>false</forSmallOrMiddle>
                            <excludePurchaseFromPlan>false</excludePurchaseFromPlan>
                            <subcontractorsRequirement>false</subcontractorsRequirement>
                            <ignoredPurchase>false</ignoredPurchase>
                            <centralized>false</centralized>
                        </lotData>
                        <deliveryPlaceIndication>GL</deliveryPlaceIndication>
                        <jointLotData>
                            <jointLot>false</jointLot>
                        </jointLotData>
                        <lotPlanInfo>
                            <planRegistrationNumber>2170223484</planRegistrationNumber>
                            <planGuid>aa8ed9d7-34f5-4ec6-acab-1f3cf58a8d37</planGuid>
                            <positionNumber>11</positionNumber>
                            <lotPlanPosition>COMMODITY</lotPlanPosition>
                            <positionGuid>81f51be5-0f63-4f62-8d8f-b0c6c9c8466a</positionGuid>
                        </lotPlanInfo>
                        <cancelled>false</cancelled>
                    </lot>
                </ns2:lots>
            </ns2:purchaseNoticeEPData>
        </ns2:item>
    </ns2:body>
</ns2:purchaseNoticeEP>
