<?xml version="1.0" encoding="UTF-8" standalone="yes"?>
<ns2:purchaseNoticeEP xsi:schemaLocation="http://zakupki.gov.ru/223/integration/schema/TFF-5.2 http://zakupki.gov.ru/223/integration/schema/TFF-5.2/purchase.xsd" xmlns="http://zakupki.gov.ru/223fz/types/1" xmlns:ns10="http://zakupki.gov.ru/223fz/purchasePlan/1" xmlns:ns11="http://zakupki.gov.ru/223fz/purchasePlanProject/1" xmlns:ns12="http://zakupki.gov.ru/223fz/purchasePlanProjectAdditionalPosition/1" xmlns:ns13="http://zakupki.gov.ru/223fz/contract/1" xmlns:ns14="http://zakupki.gov.ru/223fz/missedNotice/1" xmlns:ns15="http://zakupki.gov.ru/223fz/reference/1" xmlns:ns16="http://zakupki.gov.ru/223fz/stopCommodity/1" xmlns:ns17="http://zakupki.gov.ru/223fz/decisionSuspension/1" xmlns:ns18="http://zakupki.gov.ru/223fz/purchasePlanAdditionalPosition/1" xmlns:ns19="http://zakupki.gov.ru/223fz/webRequest/1" xmlns:ns2="http://zakupki.gov.ru/223fz/purchase/1" xmlns:xsi="http://www.w3.org/2001/XMLSchema-instance" xmlns:ns3="http://zakupki.gov.ru/223fz/dishonestSupplier/1" xmlns:ns4="http://zakupki.gov.ru/223fz/machineryListInfo/1" xmlns:ns5="http://zakupki.gov.ru/223fz/revenue/1" xmlns:ns6="http://zakupki.gov.ru/223fz/orderClauseList/1" xmlns:ns7="http://zakupki.gov.ru/223fz/disagreementProtocol/1" xmlns:ns8="http://zakupki.gov.ru/223fz/complaint/1" xmlns:ns9="http://zakupki.gov.ru/223fz/notificationIssue/1">
    <header>
        <guid>f697bac7-704c-47b2-bade-2c15cf77d4ab</guid>
        <createDateTime>2017-03-15T18:23:45</createDateTime>
    </header>
    <ns2:body>
        <ns2:item>
            <guid>2220fc00-0d0b-1ed7-82b2-681a5a08ca4e</guid>
            <ns2:purchaseNoticeEPData>
                <ns2:guid>2220fc00-0d0b-1ed7-82b2-681a5a08ca4e</ns2:guid>
                <ns2:createDateTime>2017-03-15T18:22:56</ns2:createDateTime>
                <ns2:urlOOS>https://zakupki.gov.ru/223/purchase/private/purchase/notice-info/details.html?noticeInfoId=5881227</ns2:urlOOS>
                <ns2:urlVSRZ>ЕОС-Закупки</ns2:urlVSRZ>
                <ns2:registrationNumber>31704894194</ns2:registrationNumber>
                <ns2:name>907-U270-17/81 Предоставление внутригруппового займа</ns2:name>
                <ns2:customer>
                    <mainInfo>
                        <fullName>АКЦИОНЕРНОЕ ОБЩЕСТВО "ТВЭЛ"</fullName>
                        <shortName>АО "ТВЭЛ"</shortName>
                        <iko>57706123550770601001</iko>
                        <inn>7706123550</inn>
                        <kpp>770601001</kpp>
                        <ogrn>1027739121475</ogrn>
                        <legalAddress>119017, г МОСКВА, ул ОРДЫНКА Б., дом 24</legalAddress>
                        <postalAddress>115409, город Москва, Каширское шоссе, 49</postalAddress>
                        <phone>7-495-9888282-6533</phone>
                        <email>info@tvel.ru</email>
                        <okato>45286596000</okato>
                        <okpo>45046040</okpo>
                    </mainInfo>
                </ns2:customer>
                <ns2:purchaseMethodCode>3363</ns2:purchaseMethodCode>
                <ns2:purchaseCodeName>Закупка у единственного поставщика (исполнителя, подрядчика)</ns2:purchaseCodeName>
                <ns2:placer>
                    <mainInfo>
                        <fullName>АКЦИОНЕРНОЕ ОБЩЕСТВО "ТВЭЛ"</fullName>
                        <shortName>АО "ТВЭЛ"</shortName>
                        <iko>57706123550770601001</iko>
                        <inn>7706123550</inn>
                        <kpp>770601001</kpp>
                        <ogrn>1027739121475</ogrn>
                        <legalAddress>119017, г МОСКВА, ул ОРДЫНКА Б., дом 24</legalAddress>
                        <postalAddress>115409, город Москва, Каширское шоссе, 49</postalAddress>
                        <phone>7-495-9888282-6533</phone>
                        <email>info@tvel.ru</email>
                        <okato>45286596000</okato>
                        <okpo>45046040</okpo>
                    </mainInfo>
                </ns2:placer>
                <ns2:contact>
                    <phone>+8 (495) 9888282</phone>
                    <fax>+8 (495) 9888282</fax>
                    <email>info@tvel.ru</email>
                    <organization>
                        <mainInfo>
                            <fullName>АКЦИОНЕРНОЕ ОБЩЕСТВО "ТВЭЛ"</fullName>
                            <shortName>АО "ТВЭЛ"</shortName>
                            <iko>57706123550770601001</iko>
                            <inn>7706123550</inn>
                            <kpp>770601001</kpp>
                            <ogrn>1027739121475</ogrn>
                            <legalAddress>119017, г МОСКВА, ул ОРДЫНКА Б., дом 24</legalAddress>
                            <postalAddress>115409, город Москва, Каширское шоссе, 49</postalAddress>
                            <phone>7-495-9888282-6533</phone>
                            <email>info@tvel.ru</email>
                            <okato>45286596000</okato>
                            <okpo>45046040</okpo>
                        </mainInfo>
                    </organization>
                </ns2:contact>
                <ns2:publicationDateTime>2017-03-15T18:23:45</ns2:publicationDateTime>
                <ns2:documentationDelivery/>
                <ns2:status>P</ns2:status>
                <ns2:version>1</ns2:version>
                <ns2:notDishonest>false</ns2:notDishonest>
                <ns2:attachments>
                    <totalDocumentsCount>2</totalDocumentsCount>
                    <document>
                        <guid>0addd403-d90a-1ed7-82af-853d00ec9ddb</guid>
                        <createDateTime>2017-03-15T12:37:34</createDateTime>
                        <fileName>Извещение ЕП.doc</fileName>
                        <description>Извещение ЕП</description>
                        <url>http://zakupki.gov.ru/223/purchase/public/download/download.html?id=30086355</url>
                    </document>
                    <document>
                        <guid>0addd011-6b0b-1ed7-82b2-621486a08cba</guid>
                        <createDateTime>2017-03-15T15:21:30</createDateTime>
                        <fileName>ДОГОВОР ЗАЙМА.doc</fileName>
                        <description>ДОГОВОР ЗАЙМА</description>
                        <url>http://zakupki.gov.ru/223/purchase/public/download/download.html?id=30086356</url>
                    </document>
                </ns2:attachments>
                <ns2:modificationDate>2017-03-15T18:23:45</ns2:modificationDate>
                <ns2:saveUserId>174355</ns2:saveUserId>
                <ns2:deliveryPlaceIndication>DIFFERENT_PLACE</ns2:deliveryPlaceIndication>
                <ns2:emergency>false</ns2:emergency>
                <ns2:jointPurchase>false</ns2:jointPurchase>
                <ns2:lots>
                    <lot>
                        <guid>2220fc00-0d0b-1ee7-82af-0c5232ae0ac9</guid>
                        <ordinalNumber>1</ordinalNumber>
                        <lotEditEnabled>true</lotEditEnabled>
                        <lotData>
                            <subject>907-U270-17/81 Предоставление внутригруппового займа</subject>
                            <currency>
                                <code>RUB</code>
                                <digitalCode>643</digitalCode>
                                <name>Российский рубль</name>
                            </currency>
                            <initialSum>35196986.27</initialSum>
                            <deliveryPlace>
                                <address>115409, г. Москва, Каширское шоссе, д. 49</address>
                            </deliveryPlace>
                            <lotItems>
                                <newCodes>true</newCodes>
                                <lotItem>
                                    <guid>2220fc00-0d0b-1ee7-82af-0cb1cebd4ac9</guid>
                                    <ordinalNumber>1</ordinalNumber>
                                    <okpd2>
                                        <code>64.19.12.152</code>
                                        <name>Услуги по привлечению денежных средств на основании договора займа</name>
                                    </okpd2>
                                    <okved2>
                                        <code>64.19</code>
                                        <name>Денежное посредничество прочее</name>
                                    </okved2>
                                    <okei>
                                        <code>796</code>
                                        <name>Штука</name>
                                    </okei>
                                    <qty>1</qty>
                                </lotItem>
                            </lotItems>
                            <forSmallOrMiddle>false</forSmallOrMiddle>
                            <excludePurchaseFromPlan>false</excludePurchaseFromPlan>
                            <subcontractorsRequirement>false</subcontractorsRequirement>
                            <ignoredPurchase>false</ignoredPurchase>
                            <centralized>false</centralized>
                        </lotData>
                        <deliveryPlaceIndication>GL</deliveryPlaceIndication>
                        <jointLotData>
                            <jointLot>false</jointLot>
                        </jointLotData>
                        <lotPlanInfo>
                            <planRegistrationNumber>2160184292</planRegistrationNumber>
                            <planGuid>a22a2ab1-590a-1ee7-82af-b35725dd5745</planGuid>
                            <positionNumber>1113800015</positionNumber>
                            <lotPlanPosition>COMMODITY</lotPlanPosition>
                            <positionGuid>7a9888ea-fb0a-1ed7-82ae-ba5c2cfc1f2e</positionGuid>
                        </lotPlanInfo>
                        <cancelled>false</cancelled>
                    </lot>
                </ns2:lots>
            </ns2:purchaseNoticeEPData>
        </ns2:item>
    </ns2:body>
</ns2:purchaseNoticeEP>
