<?xml version="1.0" encoding="UTF-8" standalone="yes"?>
<ns2:purchaseNoticeEP xsi:schemaLocation="http://zakupki.gov.ru/223/integration/schema/TFF-5.2 http://zakupki.gov.ru/223/integration/schema/TFF-5.2/purchase.xsd" xmlns="http://zakupki.gov.ru/223fz/types/1" xmlns:ns10="http://zakupki.gov.ru/223fz/purchasePlan/1" xmlns:ns11="http://zakupki.gov.ru/223fz/purchasePlanProject/1" xmlns:ns12="http://zakupki.gov.ru/223fz/purchasePlanProjectAdditionalPosition/1" xmlns:ns13="http://zakupki.gov.ru/223fz/contract/1" xmlns:ns14="http://zakupki.gov.ru/223fz/missedNotice/1" xmlns:ns15="http://zakupki.gov.ru/223fz/reference/1" xmlns:ns16="http://zakupki.gov.ru/223fz/stopCommodity/1" xmlns:ns17="http://zakupki.gov.ru/223fz/decisionSuspension/1" xmlns:ns18="http://zakupki.gov.ru/223fz/purchasePlanAdditionalPosition/1" xmlns:ns19="http://zakupki.gov.ru/223fz/webRequest/1" xmlns:ns2="http://zakupki.gov.ru/223fz/purchase/1" xmlns:xsi="http://www.w3.org/2001/XMLSchema-instance" xmlns:ns3="http://zakupki.gov.ru/223fz/dishonestSupplier/1" xmlns:ns4="http://zakupki.gov.ru/223fz/machineryListInfo/1" xmlns:ns5="http://zakupki.gov.ru/223fz/revenue/1" xmlns:ns6="http://zakupki.gov.ru/223fz/orderClauseList/1" xmlns:ns7="http://zakupki.gov.ru/223fz/disagreementProtocol/1" xmlns:ns8="http://zakupki.gov.ru/223fz/complaint/1" xmlns:ns9="http://zakupki.gov.ru/223fz/notificationIssue/1">
    <header>
        <guid>b5b8e744-9ce7-4888-a9d6-0c288c2d5078</guid>
        <createDateTime>2017-03-15T22:49:28</createDateTime>
    </header>
    <ns2:body>
        <ns2:item>
            <guid>1b0a6019-cca8-4be9-a556-6c947e09ece1</guid>
            <ns2:purchaseNoticeEPData>
                <ns2:guid>1b0a6019-cca8-4be9-a556-6c947e09ece1</ns2:guid>
                <ns2:createDateTime>2017-03-15T22:48:16</ns2:createDateTime>
                <ns2:urlOOS>https://zakupki.gov.ru/223/purchase/private/purchase/notice-info/details.html?noticeInfoId=5881566</ns2:urlOOS>
                <ns2:registrationNumber>31704894551</ns2:registrationNumber>
                <ns2:name>Поставка оборудования для нужд ГАОУ ДПО ЦПМ</ns2:name>
                <ns2:customer>
                    <mainInfo>
                        <fullName>ГОСУДАРСТВЕННОЕ АВТОНОМНОЕ ОБРАЗОВАТЕЛЬНОЕ УЧРЕЖДЕНИЕ ДОПОЛНИТЕЛЬНОГО ПРОФЕССИОНАЛЬНОГО ОБРАЗОВАНИЯ ГОРОДА МОСКВЫ "ЦЕНТР ПЕДАГОГИЧЕСКОГО МАСТЕРСТВА"</fullName>
                        <shortName>ГАОУ ДПО ЦПМ</shortName>
                        <iko>57725618950770401001</iko>
                        <inn>7725618950</inn>
                        <kpp>770401001</kpp>
                        <ogrn>1077761137222</ogrn>
                        <legalAddress>000000, г МОСКВА, ул ХАМОВНИЧЕСКИЙ ВАЛ, дом 6</legalAddress>
                        <postalAddress>119270, Москва Город, Хамовнический Вал Улица, дом 6</postalAddress>
                        <phone>7-499-2422728</phone>
                        <email>eaist@cpm77.ru</email>
                        <okato>45286590000</okato>
                        <okpo>82464605</okpo>
                    </mainInfo>
                </ns2:customer>
                <ns2:purchaseMethodCode>3363</ns2:purchaseMethodCode>
                <ns2:purchaseCodeName>Закупка у единственного поставщика (исполнителя, подрядчика)</ns2:purchaseCodeName>
                <ns2:placer>
                    <mainInfo>
                        <fullName>ГОСУДАРСТВЕННОЕ АВТОНОМНОЕ ОБРАЗОВАТЕЛЬНОЕ УЧРЕЖДЕНИЕ ДОПОЛНИТЕЛЬНОГО ПРОФЕССИОНАЛЬНОГО ОБРАЗОВАНИЯ ГОРОДА МОСКВЫ "ЦЕНТР ПЕДАГОГИЧЕСКОГО МАСТЕРСТВА"</fullName>
                        <shortName>ГАОУ ДПО ЦПМ</shortName>
                        <iko>57725618950770401001</iko>
                        <inn>7725618950</inn>
                        <kpp>770401001</kpp>
                        <ogrn>1077761137222</ogrn>
                        <legalAddress>000000, г МОСКВА, ул ХАМОВНИЧЕСКИЙ ВАЛ, дом 6</legalAddress>
                        <postalAddress>119270, Москва Город, Хамовнический Вал Улица, дом 6</postalAddress>
                        <phone>7-499-2422728</phone>
                        <email>eaist@cpm77.ru</email>
                        <okato>45286590000</okato>
                        <okpo>82464605</okpo>
                    </mainInfo>
                </ns2:placer>
                <ns2:contact>
                    <firstName>Виктор</firstName>
                    <middleName>Владимирович</middleName>
                    <lastName>Фурин</lastName>
                    <phone>+7 (499) 242272</phone>
                    <email>eaist@cpm77.ru</email>
                    <organization>
                        <mainInfo>
                            <fullName>ГОСУДАРСТВЕННОЕ АВТОНОМНОЕ ОБРАЗОВАТЕЛЬНОЕ УЧРЕЖДЕНИЕ ДОПОЛНИТЕЛЬНОГО ПРОФЕССИОНАЛЬНОГО ОБРАЗОВАНИЯ ГОРОДА МОСКВЫ "ЦЕНТР ПЕДАГОГИЧЕСКОГО МАСТЕРСТВА"</fullName>
                            <shortName>ГАОУ ДПО ЦПМ</shortName>
                            <iko>57725618950770401001</iko>
                            <inn>7725618950</inn>
                            <kpp>770401001</kpp>
                            <ogrn>1077761137222</ogrn>
                            <legalAddress>000000, г МОСКВА, ул ХАМОВНИЧЕСКИЙ ВАЛ, дом 6</legalAddress>
                            <postalAddress>119270, Москва Город, Хамовнический Вал Улица, дом 6</postalAddress>
                            <phone>7-499-2422728</phone>
                            <email>eaist@cpm77.ru</email>
                            <okato>45286590000</okato>
                            <okpo>82464605</okpo>
                        </mainInfo>
                    </organization>
                </ns2:contact>
                <ns2:publicationDateTime>2017-03-15T22:49:28</ns2:publicationDateTime>
                <ns2:documentationDelivery/>
                <ns2:status>P</ns2:status>
                <ns2:version>1</ns2:version>
                <ns2:notDishonest>true</ns2:notDishonest>
                <ns2:attachments>
                    <totalDocumentsCount>1</totalDocumentsCount>
                    <document>
                        <guid>df37f573-9bfb-4042-866b-add438abf715</guid>
                        <createDateTime>2017-03-15T22:49:17</createDateTime>
                        <fileName>Документация 29-17-ЕП 4798.docx</fileName>
                        <description>Документация 29-17-ЕП 4798</description>
                        <url>http://zakupki.gov.ru/223/purchase/public/download/download.html?id=30087843</url>
                    </document>
                </ns2:attachments>
                <ns2:modificationDate>2017-03-15T22:49:28</ns2:modificationDate>
                <ns2:saveUserId>257574</ns2:saveUserId>
                <ns2:deliveryPlaceIndication>DIFFERENT_PLACE</ns2:deliveryPlaceIndication>
                <ns2:emergency>false</ns2:emergency>
                <ns2:jointPurchase>false</ns2:jointPurchase>
                <ns2:lots>
                    <lot>
                        <guid>9ce3873a-0866-4e39-9dbd-0d2968ae58e0</guid>
                        <ordinalNumber>1</ordinalNumber>
                        <lotEditEnabled>false</lotEditEnabled>
                        <lotData>
                            <subject>Поставка оборудования для нужд ГАОУ ДПО ЦПМ</subject>
                            <currency>
                                <code>RUB</code>
                                <digitalCode>643</digitalCode>
                                <name>Российский рубль</name>
                            </currency>
                            <initialSum>228542.67</initialSum>
                            <deliveryPlace>
                                <state>Центральный федеральный округ</state>
                                <region>Москва</region>
                                <regionOkato>45000000000</regionOkato>
                                <address>119270, г. Москва, ул. Хамовнический Вал, д.6</address>
                            </deliveryPlace>
                            <lotItems>
                                <newCodes>true</newCodes>
                                <lotItem>
                                    <guid>7629ad46-f5fd-410d-b2b3-6f7b1f52faa7</guid>
                                    <ordinalNumber>1</ordinalNumber>
                                    <okpd2>
                                        <code>26.40.33.110</code>
                                        <name>Видеокамеры</name>
                                    </okpd2>
                                    <okved2>
                                        <code>26.40.3</code>
                                        <name>Производство аппаратуры для записи и воспроизведения звука и изображения</name>
                                    </okved2>
                                    <okei>
                                        <code>796</code>
                                        <name>Штука</name>
                                    </okei>
                                    <qty>25</qty>
                                </lotItem>
                                <lotItem>
                                    <guid>c9778cea-2531-4209-9b27-4414a1777d60</guid>
                                    <ordinalNumber>2</ordinalNumber>
                                    <okpd2>
                                        <code>26.20.40.190</code>
                                        <name>Комплектующие и запасные части для вычислительных машин прочие, не включенные в другие группировки</name>
                                    </okpd2>
                                    <okved2>
                                        <code>26.20.4</code>
                                        <name>Производство средств защиты информации, а также информационных и телекоммуникационных систем, защищенных с использованием средств защиты информации</name>
                                    </okved2>
                                    <okei>
                                        <code>796</code>
                                        <name>Штука</name>
                                    </okei>
                                    <qty>4</qty>
                                </lotItem>
                            </lotItems>
                            <forSmallOrMiddle>false</forSmallOrMiddle>
                            <excludePurchaseFromPlan>false</excludePurchaseFromPlan>
                            <subcontractorsRequirement>false</subcontractorsRequirement>
                            <ignoredPurchase>false</ignoredPurchase>
                            <centralized>false</centralized>
                        </lotData>
                        <deliveryPlaceIndication>GL</deliveryPlaceIndication>
                        <jointLotData>
                            <jointLot>false</jointLot>
                        </jointLotData>
                        <lotPlanInfo>
                            <planRegistrationNumber>2160210884</planRegistrationNumber>
                            <planGuid>9dcf4fda-750b-4309-8ba6-0b278e925cc4</planGuid>
                            <positionNumber>4798</positionNumber>
                            <lotPlanPosition>COMMODITY</lotPlanPosition>
                            <positionGuid>ae64c310-8b9c-4e09-aecb-67842bd67e17</positionGuid>
                        </lotPlanInfo>
                        <cancelled>false</cancelled>
                    </lot>
                </ns2:lots>
            </ns2:purchaseNoticeEPData>
        </ns2:item>
    </ns2:body>
</ns2:purchaseNoticeEP>
