<?xml version="1.0" encoding="UTF-8" standalone="yes"?>
<ns2:purchaseNoticeEP xsi:schemaLocation="http://zakupki.gov.ru/223/integration/schema/TFF-5.2 http://zakupki.gov.ru/223/integration/schema/TFF-5.2/purchase.xsd" xmlns="http://zakupki.gov.ru/223fz/types/1" xmlns:ns10="http://zakupki.gov.ru/223fz/purchasePlan/1" xmlns:ns11="http://zakupki.gov.ru/223fz/purchasePlanProject/1" xmlns:ns12="http://zakupki.gov.ru/223fz/purchasePlanProjectAdditionalPosition/1" xmlns:ns13="http://zakupki.gov.ru/223fz/contract/1" xmlns:ns14="http://zakupki.gov.ru/223fz/missedNotice/1" xmlns:ns15="http://zakupki.gov.ru/223fz/reference/1" xmlns:ns16="http://zakupki.gov.ru/223fz/stopCommodity/1" xmlns:ns17="http://zakupki.gov.ru/223fz/decisionSuspension/1" xmlns:ns18="http://zakupki.gov.ru/223fz/purchasePlanAdditionalPosition/1" xmlns:ns19="http://zakupki.gov.ru/223fz/webRequest/1" xmlns:ns2="http://zakupki.gov.ru/223fz/purchase/1" xmlns:xsi="http://www.w3.org/2001/XMLSchema-instance" xmlns:ns3="http://zakupki.gov.ru/223fz/dishonestSupplier/1" xmlns:ns4="http://zakupki.gov.ru/223fz/machineryListInfo/1" xmlns:ns5="http://zakupki.gov.ru/223fz/revenue/1" xmlns:ns6="http://zakupki.gov.ru/223fz/orderClauseList/1" xmlns:ns7="http://zakupki.gov.ru/223fz/disagreementProtocol/1" xmlns:ns8="http://zakupki.gov.ru/223fz/complaint/1" xmlns:ns9="http://zakupki.gov.ru/223fz/notificationIssue/1">
    <header>
        <guid>b4a748ff-2f08-41c8-855f-8cae0c13c08c</guid>
        <createDateTime>2017-03-15T21:17:15</createDateTime>
    </header>
    <ns2:body>
        <ns2:item>
            <guid>9dcc1cd6-7e1d-4243-9804-05e3a65709dc</guid>
            <ns2:purchaseNoticeEPData>
                <ns2:guid>9dcc1cd6-7e1d-4243-9804-05e3a65709dc</ns2:guid>
                <ns2:createDateTime>2017-03-15T21:16:04</ns2:createDateTime>
                <ns2:urlOOS>https://zakupki.gov.ru/223/purchase/private/purchase/notice-info/details.html?noticeInfoId=5881510</ns2:urlOOS>
                <ns2:registrationNumber>31704894490</ns2:registrationNumber>
                <ns2:name>Проведение занятий в рамках организации и проведения профильного семинара по ОБЖ для подготовки сборных команд школьников города Москвы к заключительному этапу Всероссийской олимпиады школьников 2016/2017 учебного года</ns2:name>
                <ns2:customer>
                    <mainInfo>
                        <fullName>ГОСУДАРСТВЕННОЕ АВТОНОМНОЕ ОБРАЗОВАТЕЛЬНОЕ УЧРЕЖДЕНИЕ ДОПОЛНИТЕЛЬНОГО ПРОФЕССИОНАЛЬНОГО ОБРАЗОВАНИЯ ГОРОДА МОСКВЫ "ЦЕНТР ПЕДАГОГИЧЕСКОГО МАСТЕРСТВА"</fullName>
                        <shortName>ГАОУ ДПО ЦПМ</shortName>
                        <iko>57725618950770401001</iko>
                        <inn>7725618950</inn>
                        <kpp>770401001</kpp>
                        <ogrn>1077761137222</ogrn>
                        <legalAddress>000000, г МОСКВА, ул ХАМОВНИЧЕСКИЙ ВАЛ, дом 6</legalAddress>
                        <postalAddress>119270, Москва Город, Хамовнический Вал Улица, дом 6</postalAddress>
                        <phone>7-499-2422728</phone>
                        <email>eaist@cpm77.ru</email>
                        <okato>45286590000</okato>
                        <okpo>82464605</okpo>
                    </mainInfo>
                </ns2:customer>
                <ns2:purchaseMethodCode>3363</ns2:purchaseMethodCode>
                <ns2:purchaseCodeName>Закупка у единственного поставщика (исполнителя, подрядчика)</ns2:purchaseCodeName>
                <ns2:placer>
                    <mainInfo>
                        <fullName>ГОСУДАРСТВЕННОЕ АВТОНОМНОЕ ОБРАЗОВАТЕЛЬНОЕ УЧРЕЖДЕНИЕ ДОПОЛНИТЕЛЬНОГО ПРОФЕССИОНАЛЬНОГО ОБРАЗОВАНИЯ ГОРОДА МОСКВЫ "ЦЕНТР ПЕДАГОГИЧЕСКОГО МАСТЕРСТВА"</fullName>
                        <shortName>ГАОУ ДПО ЦПМ</shortName>
                        <iko>57725618950770401001</iko>
                        <inn>7725618950</inn>
                        <kpp>770401001</kpp>
                        <ogrn>1077761137222</ogrn>
                        <legalAddress>000000, г МОСКВА, ул ХАМОВНИЧЕСКИЙ ВАЛ, дом 6</legalAddress>
                        <postalAddress>119270, Москва Город, Хамовнический Вал Улица, дом 6</postalAddress>
                        <phone>7-499-2422728</phone>
                        <email>eaist@cpm77.ru</email>
                        <okato>45286590000</okato>
                        <okpo>82464605</okpo>
                    </mainInfo>
                </ns2:placer>
                <ns2:contact>
                    <firstName>Виктор</firstName>
                    <middleName>Владимирович</middleName>
                    <lastName>Фурин</lastName>
                    <phone>+7 (499) 2422782</phone>
                    <email>eaist@cpm77.ru</email>
                    <organization>
                        <mainInfo>
                            <fullName>ГОСУДАРСТВЕННОЕ АВТОНОМНОЕ ОБРАЗОВАТЕЛЬНОЕ УЧРЕЖДЕНИЕ ДОПОЛНИТЕЛЬНОГО ПРОФЕССИОНАЛЬНОГО ОБРАЗОВАНИЯ ГОРОДА МОСКВЫ "ЦЕНТР ПЕДАГОГИЧЕСКОГО МАСТЕРСТВА"</fullName>
                            <shortName>ГАОУ ДПО ЦПМ</shortName>
                            <iko>57725618950770401001</iko>
                            <inn>7725618950</inn>
                            <kpp>770401001</kpp>
                            <ogrn>1077761137222</ogrn>
                            <legalAddress>000000, г МОСКВА, ул ХАМОВНИЧЕСКИЙ ВАЛ, дом 6</legalAddress>
                            <postalAddress>119270, Москва Город, Хамовнический Вал Улица, дом 6</postalAddress>
                            <phone>7-499-2422728</phone>
                            <email>eaist@cpm77.ru</email>
                            <okato>45286590000</okato>
                            <okpo>82464605</okpo>
                        </mainInfo>
                    </organization>
                </ns2:contact>
                <ns2:publicationDateTime>2017-03-15T21:17:15</ns2:publicationDateTime>
                <ns2:documentationDelivery/>
                <ns2:status>P</ns2:status>
                <ns2:version>1</ns2:version>
                <ns2:notDishonest>true</ns2:notDishonest>
                <ns2:attachments>
                    <totalDocumentsCount>1</totalDocumentsCount>
                    <document>
                        <guid>8e9c9b2c-ef17-4ded-b1df-5837f20d75ba</guid>
                        <createDateTime>2017-03-15T21:16:59</createDateTime>
                        <fileName>документация 397-17-ЕП 1365.docx</fileName>
                        <description>документация 397-17-ЕП 1365</description>
                        <url>http://zakupki.gov.ru/223/purchase/public/download/download.html?id=30087644</url>
                    </document>
                </ns2:attachments>
                <ns2:modificationDate>2017-03-15T21:17:15</ns2:modificationDate>
                <ns2:saveUserId>158489</ns2:saveUserId>
                <ns2:deliveryPlaceIndication>DIFFERENT_PLACE</ns2:deliveryPlaceIndication>
                <ns2:emergency>false</ns2:emergency>
                <ns2:jointPurchase>false</ns2:jointPurchase>
                <ns2:lots>
                    <lot>
                        <guid>bd7ed4da-ff6b-4929-aa9b-fa833467a6c9</guid>
                        <ordinalNumber>1</ordinalNumber>
                        <lotEditEnabled>true</lotEditEnabled>
                        <lotData>
                            <subject>Проведение занятий (Проведение профильных семинаров для подготовки к различным этапам Всероссийской олимпиады школьников и Международным интеллектуальным соревнованиям)</subject>
                            <currency>
                                <code>RUB</code>
                                <digitalCode>643</digitalCode>
                                <name>Российский рубль</name>
                            </currency>
                            <initialSum>66000.00</initialSum>
                            <lotItems>
                                <newCodes>true</newCodes>
                                <lotItem>
                                    <guid>0a22f247-f362-49d7-872d-88598d813cc9</guid>
                                    <ordinalNumber>1</ordinalNumber>
                                    <okpd2>
                                        <code>85.41.93.000</code>
                                        <name>Услуги в области дополнительного образования вспомогательные</name>
                                    </okpd2>
                                    <okved2>
                                        <code>85.41.9</code>
                                        <name>Образование дополнительное детей и взрослых прочее, не включенное в другие группировки</name>
                                    </okved2>
                                    <okei>
                                        <code>876</code>
                                        <name>Условная единица</name>
                                    </okei>
                                    <qty>1</qty>
                                    <deliveryPlace>
                                        <state>Центральный федеральный округ</state>
                                        <region>Москва</region>
                                        <regionOkato>45000000000</regionOkato>
                                        <address>119270, г. Москва, ул. Хамовнический Вал, д.6</address>
                                    </deliveryPlace>
                                </lotItem>
                            </lotItems>
                            <forSmallOrMiddle>false</forSmallOrMiddle>
                            <excludePurchaseFromPlan>false</excludePurchaseFromPlan>
                            <subcontractorsRequirement>false</subcontractorsRequirement>
                            <ignoredPurchase>false</ignoredPurchase>
                            <centralized>false</centralized>
                        </lotData>
                        <deliveryPlaceIndication>ELP</deliveryPlaceIndication>
                        <jointLotData>
                            <jointLot>false</jointLot>
                        </jointLotData>
                        <lotPlanInfo>
                            <planRegistrationNumber>2160210884</planRegistrationNumber>
                            <planGuid>8290fcf6-ee26-4915-af5f-a33d19ea946e</planGuid>
                            <positionNumber>1365</positionNumber>
                            <lotPlanPosition>COMMODITY</lotPlanPosition>
                            <positionGuid>475bdec1-6ffc-50ce-031e-53f15a9a01ad</positionGuid>
                        </lotPlanInfo>
                        <cancelled>false</cancelled>
                    </lot>
                </ns2:lots>
            </ns2:purchaseNoticeEPData>
        </ns2:item>
    </ns2:body>
</ns2:purchaseNoticeEP>
