<?xml version="1.0" encoding="UTF-8" standalone="yes"?>
<ns2:purchaseNoticeEP xsi:schemaLocation="http://zakupki.gov.ru/223/integration/schema/TFF-5.2 http://zakupki.gov.ru/223/integration/schema/TFF-5.2/purchase.xsd" xmlns="http://zakupki.gov.ru/223fz/types/1" xmlns:ns10="http://zakupki.gov.ru/223fz/purchasePlan/1" xmlns:ns11="http://zakupki.gov.ru/223fz/purchasePlanProject/1" xmlns:ns12="http://zakupki.gov.ru/223fz/purchasePlanProjectAdditionalPosition/1" xmlns:ns13="http://zakupki.gov.ru/223fz/contract/1" xmlns:ns14="http://zakupki.gov.ru/223fz/missedNotice/1" xmlns:ns15="http://zakupki.gov.ru/223fz/reference/1" xmlns:ns16="http://zakupki.gov.ru/223fz/stopCommodity/1" xmlns:ns17="http://zakupki.gov.ru/223fz/decisionSuspension/1" xmlns:ns18="http://zakupki.gov.ru/223fz/purchasePlanAdditionalPosition/1" xmlns:ns19="http://zakupki.gov.ru/223fz/webRequest/1" xmlns:ns2="http://zakupki.gov.ru/223fz/purchase/1" xmlns:xsi="http://www.w3.org/2001/XMLSchema-instance" xmlns:ns3="http://zakupki.gov.ru/223fz/dishonestSupplier/1" xmlns:ns4="http://zakupki.gov.ru/223fz/machineryListInfo/1" xmlns:ns5="http://zakupki.gov.ru/223fz/revenue/1" xmlns:ns6="http://zakupki.gov.ru/223fz/orderClauseList/1" xmlns:ns7="http://zakupki.gov.ru/223fz/disagreementProtocol/1" xmlns:ns8="http://zakupki.gov.ru/223fz/complaint/1" xmlns:ns9="http://zakupki.gov.ru/223fz/notificationIssue/1">
    <header>
        <guid>95b998cb-fd6a-46e4-97af-4f4c55870093</guid>
        <createDateTime>2017-03-15T10:59:34</createDateTime>
    </header>
    <ns2:body>
        <ns2:item>
            <guid>3488fa3d-14a2-45b3-a29a-cc86adf72f54</guid>
            <ns2:purchaseNoticeEPData>
                <ns2:guid>3488fa3d-14a2-45b3-a29a-cc86adf72f54</ns2:guid>
                <ns2:createDateTime>2017-03-14T21:10:49</ns2:createDateTime>
                <ns2:urlOOS>https://zakupki.gov.ru/223/purchase/private/purchase/notice-info/details.html?noticeInfoId=5874425</ns2:urlOOS>
                <ns2:registrationNumber>31704890446</ns2:registrationNumber>
                <ns2:name>Поставка нефтепродуктов</ns2:name>
                <ns2:customer>
                    <mainInfo>
                        <fullName>МУНИЦИПАЛЬНОЕ УНИТАРНОЕ ПРЕДПРИЯТИЕ "МАРУШКИНО"</fullName>
                        <shortName>МУП "МАРУШКИНО"</shortName>
                        <iko>57751521514775101001</iko>
                        <inn>7751521514</inn>
                        <kpp>775101001</kpp>
                        <ogrn>1147746575525</ogrn>
                        <legalAddress>143350, г МОСКВА, д МАРУШКИНО, ал ЛИПОВАЯ, дом 5</legalAddress>
                        <postalAddress>143350, Москва Город, Марушкино Деревня, Липовая Аллея, дом 5</postalAddress>
                        <phone>7-926-0972969</phone>
                        <email>nsrozhkov@yandex.ru</email>
                        <okato>45297562101</okato>
                        <okpo>29894484</okpo>
                    </mainInfo>
                </ns2:customer>
                <ns2:purchaseMethodCode>3363</ns2:purchaseMethodCode>
                <ns2:purchaseCodeName>Закупка у единственного поставщика (исполнителя, подрядчика)</ns2:purchaseCodeName>
                <ns2:placer>
                    <mainInfo>
                        <fullName>МУНИЦИПАЛЬНОЕ УНИТАРНОЕ ПРЕДПРИЯТИЕ "МАРУШКИНО"</fullName>
                        <shortName>МУП "МАРУШКИНО"</shortName>
                        <iko>57751521514775101001</iko>
                        <inn>7751521514</inn>
                        <kpp>775101001</kpp>
                        <ogrn>1147746575525</ogrn>
                        <legalAddress>143350, г МОСКВА, д МАРУШКИНО, ал ЛИПОВАЯ, дом 5</legalAddress>
                        <postalAddress>143350, Москва Город, Марушкино Деревня, Липовая Аллея, дом 5</postalAddress>
                        <phone>7-926-0972969</phone>
                        <email>nsrozhkov@yandex.ru</email>
                        <okato>45297562101</okato>
                        <okpo>29894484</okpo>
                    </mainInfo>
                </ns2:placer>
                <ns2:contact>
                    <firstName>Анна</firstName>
                    <middleName>Константиновна</middleName>
                    <lastName>Буткина</lastName>
                    <phone>+7 (915) 9688603</phone>
                    <email>79159688603@ya.ru</email>
                    <organization>
                        <mainInfo>
                            <fullName>МУНИЦИПАЛЬНОЕ УНИТАРНОЕ ПРЕДПРИЯТИЕ "МАРУШКИНО"</fullName>
                            <shortName>МУП "МАРУШКИНО"</shortName>
                            <iko>57751521514775101001</iko>
                            <inn>7751521514</inn>
                            <kpp>775101001</kpp>
                            <ogrn>1147746575525</ogrn>
                            <legalAddress>143350, г МОСКВА, д МАРУШКИНО, ал ЛИПОВАЯ, дом 5</legalAddress>
                            <postalAddress>143350, Москва Город, Марушкино Деревня, Липовая Аллея, дом 5</postalAddress>
                            <phone>7-926-0972969</phone>
                            <email>nsrozhkov@yandex.ru</email>
                            <okato>45297562101</okato>
                            <okpo>29894484</okpo>
                        </mainInfo>
                    </organization>
                </ns2:contact>
                <ns2:publicationDateTime>2017-03-15T10:59:34</ns2:publicationDateTime>
                <ns2:documentationDelivery>
                    <deliveryStartDateTime>2017-03-14</deliveryStartDateTime>
                    <deliveryEndDateTime>2017-03-15</deliveryEndDateTime>
                </ns2:documentationDelivery>
                <ns2:status>P</ns2:status>
                <ns2:version>1</ns2:version>
                <ns2:notDishonest>true</ns2:notDishonest>
                <ns2:attachments>
                    <totalDocumentsCount>1</totalDocumentsCount>
                    <document>
                        <guid>f5365cd6-9ecd-4da3-a9ce-f656bb1d3677</guid>
                        <createDateTime>2017-03-15T10:58:30</createDateTime>
                        <fileName>14-03-2017_21-25-46.zip</fileName>
                        <description>14-03-2017_21-25-46</description>
                        <url>http://zakupki.gov.ru/223/purchase/public/download/download.html?id=30065072</url>
                    </document>
                </ns2:attachments>
                <ns2:modificationDate>2017-03-15T10:59:34</ns2:modificationDate>
                <ns2:saveUserId>129002</ns2:saveUserId>
                <ns2:deliveryPlaceIndication>SINGLE_PLACE</ns2:deliveryPlaceIndication>
                <ns2:emergency>false</ns2:emergency>
                <ns2:jointPurchase>false</ns2:jointPurchase>
                <ns2:lots>
                    <lot>
                        <guid>5224b5e5-65aa-435d-a9fa-64aab8479bf4</guid>
                        <ordinalNumber>1</ordinalNumber>
                        <lotEditEnabled>false</lotEditEnabled>
                        <lotData>
                            <subject>Поставка нефтепродуктов</subject>
                            <currency>
                                <code>RUB</code>
                                <digitalCode>643</digitalCode>
                                <name>Российский рубль</name>
                            </currency>
                            <initialSum>333531.00</initialSum>
                            <deliveryPlace>
                                <state>Центральный федеральный округ</state>
                                <region>Москва</region>
                                <regionOkato>45000000000</regionOkato>
                                <address>108809, г. Москва, поселение Марушкинское, деревня Марушкино, ул. Липовая аллея, д.5</address>
                            </deliveryPlace>
                            <lotItems>
                                <newCodes>true</newCodes>
                                <lotItem>
                                    <guid>e604896b-4df7-4fcf-a4a6-183412a85a2a</guid>
                                    <ordinalNumber>1</ordinalNumber>
                                    <okpd2>
                                        <code>19.20.21.300</code>
                                        <name>Топливо дизельное</name>
                                    </okpd2>
                                    <okved2>
                                        <code>19.20</code>
                                        <name>Производство нефтепродуктов</name>
                                    </okved2>
                                    <okei>
                                        <code>112</code>
                                        <name>Литр; Кубический дециметр</name>
                                    </okei>
                                    <qty>10107</qty>
                                </lotItem>
                            </lotItems>
                            <forSmallOrMiddle>false</forSmallOrMiddle>
                            <excludePurchaseFromPlan>false</excludePurchaseFromPlan>
                            <subcontractorsRequirement>false</subcontractorsRequirement>
                            <ignoredPurchase>false</ignoredPurchase>
                            <centralized>false</centralized>
                        </lotData>
                        <deliveryPlaceIndication>GL</deliveryPlaceIndication>
                        <jointLotData>
                            <jointLot>false</jointLot>
                        </jointLotData>
                        <lotPlanInfo>
                            <planRegistrationNumber>2170230754</planRegistrationNumber>
                            <planGuid>27bf56b3-55db-4194-808d-5082096a443e</planGuid>
                            <positionNumber>5</positionNumber>
                            <lotPlanPosition>COMMODITY</lotPlanPosition>
                            <positionGuid>29368971-78d2-48cb-8d39-158f5f91f26d</positionGuid>
                        </lotPlanInfo>
                        <cancelled>false</cancelled>
                    </lot>
                </ns2:lots>
            </ns2:purchaseNoticeEPData>
        </ns2:item>
    </ns2:body>
</ns2:purchaseNoticeEP>
