<?xml version="1.0" encoding="UTF-8" standalone="yes"?>
<ns2:purchaseNoticeEP xsi:schemaLocation="http://zakupki.gov.ru/223/integration/schema/TFF-5.2 http://zakupki.gov.ru/223/integration/schema/TFF-5.2/purchase.xsd" xmlns="http://zakupki.gov.ru/223fz/types/1" xmlns:ns10="http://zakupki.gov.ru/223fz/purchasePlan/1" xmlns:ns11="http://zakupki.gov.ru/223fz/purchasePlanProject/1" xmlns:ns12="http://zakupki.gov.ru/223fz/purchasePlanProjectAdditionalPosition/1" xmlns:ns13="http://zakupki.gov.ru/223fz/contract/1" xmlns:ns14="http://zakupki.gov.ru/223fz/missedNotice/1" xmlns:ns15="http://zakupki.gov.ru/223fz/reference/1" xmlns:ns16="http://zakupki.gov.ru/223fz/stopCommodity/1" xmlns:ns17="http://zakupki.gov.ru/223fz/decisionSuspension/1" xmlns:ns18="http://zakupki.gov.ru/223fz/purchasePlanAdditionalPosition/1" xmlns:ns19="http://zakupki.gov.ru/223fz/webRequest/1" xmlns:ns2="http://zakupki.gov.ru/223fz/purchase/1" xmlns:xsi="http://www.w3.org/2001/XMLSchema-instance" xmlns:ns3="http://zakupki.gov.ru/223fz/dishonestSupplier/1" xmlns:ns4="http://zakupki.gov.ru/223fz/machineryListInfo/1" xmlns:ns5="http://zakupki.gov.ru/223fz/revenue/1" xmlns:ns6="http://zakupki.gov.ru/223fz/orderClauseList/1" xmlns:ns7="http://zakupki.gov.ru/223fz/disagreementProtocol/1" xmlns:ns8="http://zakupki.gov.ru/223fz/complaint/1" xmlns:ns9="http://zakupki.gov.ru/223fz/notificationIssue/1">
    <header>
        <guid>7b75bce2-0b81-4cf5-b6f3-a0b66268a6cd</guid>
        <createDateTime>2017-03-15T13:14:34</createDateTime>
    </header>
    <ns2:body>
        <ns2:item>
            <guid>11b4366f-846f-4cea-b822-e1e89d43a1b0</guid>
            <ns2:purchaseNoticeEPData>
                <ns2:guid>11b4366f-846f-4cea-b822-e1e89d43a1b0</ns2:guid>
                <ns2:createDateTime>2017-03-15T13:09:54</ns2:createDateTime>
                <ns2:urlOOS>https://zakupki.gov.ru/223/purchase/private/purchase/notice-info/details.html?noticeInfoId=5877954</ns2:urlOOS>
                <ns2:registrationNumber>31704891505</ns2:registrationNumber>
                <ns2:name>Услуги по сервисному обслуживанию системы автоматизации и диспетчеризации производства TAC by Schneider Electric, без системы учета воды и энергоресурсов</ns2:name>
                <ns2:customer>
                    <mainInfo>
                        <fullName>АКЦИОНЕРНОЕ ОБЩЕСТВО "МЕЖДУНАРОДНЫЙ АЭРОПОРТ "ВНУКОВО"</fullName>
                        <shortName>АО "МЕЖДУНАРОДНЫЙ АЭРОПОРТ "ВНУКОВО"</shortName>
                        <iko>57710404473772901001</iko>
                        <inn>7710404473</inn>
                        <kpp>772901001</kpp>
                        <ogrn>1027700024835</ogrn>
                        <legalAddress>119027, ГОРОД МОСКВА, УЛИЦА РЕЙСОВАЯ 2-Я, дом 2, корпус 3</legalAddress>
                        <postalAddress>119027 Москва 2-ая Рейсовая д. 2 стр. 3</postalAddress>
                        <phone>7-495-436-29-55</phone>
                        <email>Zhanna.Zhuravskaya@vnukovo.ru</email>
                        <okato>45268552000</okato>
                        <okpo>5817124905</okpo>
                    </mainInfo>
                </ns2:customer>
                <ns2:purchaseMethodCode>3363</ns2:purchaseMethodCode>
                <ns2:purchaseCodeName>Закупка у единственного поставщика (исполнителя, подрядчика)</ns2:purchaseCodeName>
                <ns2:placer>
                    <mainInfo>
                        <fullName>АКЦИОНЕРНОЕ ОБЩЕСТВО "МЕЖДУНАРОДНЫЙ АЭРОПОРТ "ВНУКОВО"</fullName>
                        <shortName>АО "МЕЖДУНАРОДНЫЙ АЭРОПОРТ "ВНУКОВО"</shortName>
                        <iko>57710404473772901001</iko>
                        <inn>7710404473</inn>
                        <kpp>772901001</kpp>
                        <ogrn>1027700024835</ogrn>
                        <legalAddress>119027, ГОРОД МОСКВА, УЛИЦА РЕЙСОВАЯ 2-Я, дом 2, корпус 3</legalAddress>
                        <postalAddress>119027 Москва 2-ая Рейсовая д. 2 стр. 3</postalAddress>
                        <phone>7-495-436-29-55</phone>
                        <email>Zhanna.Zhuravskaya@vnukovo.ru</email>
                        <okato>45268552000</okato>
                        <okpo>5817124905</okpo>
                    </mainInfo>
                </ns2:placer>
                <ns2:contact>
                    <firstName>Наталья </firstName>
                    <middleName>Владимировна</middleName>
                    <lastName>Сухомлинова </lastName>
                    <phone>+7 (495) 4362131</phone>
                    <email>Natalya.Sukhomlinova@vnukovo.ru</email>
                    <organization>
                        <mainInfo>
                            <fullName>АКЦИОНЕРНОЕ ОБЩЕСТВО "МЕЖДУНАРОДНЫЙ АЭРОПОРТ "ВНУКОВО"</fullName>
                            <shortName>АО "МЕЖДУНАРОДНЫЙ АЭРОПОРТ "ВНУКОВО"</shortName>
                            <iko>57710404473772901001</iko>
                            <inn>7710404473</inn>
                            <kpp>772901001</kpp>
                            <ogrn>1027700024835</ogrn>
                            <legalAddress>119027, ГОРОД МОСКВА, УЛИЦА РЕЙСОВАЯ 2-Я, дом 2, корпус 3</legalAddress>
                            <postalAddress>119027 Москва 2-ая Рейсовая д. 2 стр. 3</postalAddress>
                            <phone>7-495-436-29-55</phone>
                            <email>Zhanna.Zhuravskaya@vnukovo.ru</email>
                            <okato>45268552000</okato>
                            <okpo>5817124905</okpo>
                        </mainInfo>
                    </organization>
                </ns2:contact>
                <ns2:publicationDateTime>2017-03-15T13:14:34</ns2:publicationDateTime>
                <ns2:documentationDelivery>
                    <deliveryStartDateTime>2017-03-15</deliveryStartDateTime>
                    <deliveryEndDateTime>2017-03-15</deliveryEndDateTime>
                    <place>Документация о закупке размещается в электронном виде в открытом доступе на Официальном сайте www.zakupki.gov.ru.</place>
                    <procedure>Документация о закупке размещается в электронном виде в открытом доступе на Официальном сайте www.zakupki.gov.ru.</procedure>
                </ns2:documentationDelivery>
                <ns2:status>P</ns2:status>
                <ns2:version>1</ns2:version>
                <ns2:notDishonest>false</ns2:notDishonest>
                <ns2:attachments>
                    <totalDocumentsCount>2</totalDocumentsCount>
                    <document>
                        <guid>392dab45-3bdd-4da8-91fd-3846e5d61468</guid>
                        <createDateTime>2017-03-15T13:13:40</createDateTime>
                        <fileName>ЗД 3-683.doc</fileName>
                        <description>ЗД 3-683</description>
                        <url>http://zakupki.gov.ru/223/purchase/public/download/download.html?id=30071603</url>
                    </document>
                    <document>
                        <guid>f8602b56-f9e5-4a94-ac1b-be0efce41406</guid>
                        <createDateTime>2017-03-15T13:12:27</createDateTime>
                        <fileName>Извещение.doc</fileName>
                        <description>Извещение</description>
                        <url>http://zakupki.gov.ru/223/purchase/public/download/download.html?id=30071558</url>
                    </document>
                </ns2:attachments>
                <ns2:modificationDate>2017-03-15T13:14:34</ns2:modificationDate>
                <ns2:saveUserId>176957</ns2:saveUserId>
                <ns2:deliveryPlaceIndication>DIFFERENT_PLACE</ns2:deliveryPlaceIndication>
                <ns2:emergency>false</ns2:emergency>
                <ns2:jointPurchase>false</ns2:jointPurchase>
                <ns2:lots>
                    <lot>
                        <guid>878d0561-7dc0-4971-85a5-6be8c1ad3385</guid>
                        <ordinalNumber>1</ordinalNumber>
                        <lotEditEnabled>false</lotEditEnabled>
                        <lotData>
                            <subject>Услуги по сервисному обслуживанию системы автоматизации и диспетчеризации производства TAC by Schneider Electric, без системы учета воды и энергоресурсов</subject>
                            <currency>
                                <code>RUB</code>
                                <digitalCode>643</digitalCode>
                                <name>Российский рубль</name>
                            </currency>
                            <initialSum>389841.67</initialSum>
                            <deliveryPlace>
                                <state>Центральный федеральный округ</state>
                                <region>Москва</region>
                                <regionOkato>45000000000</regionOkato>
                                <address>г. Москва, ул. 2-ая Рейсовая, д. 2, корп. 3.</address>
                            </deliveryPlace>
                            <lotItems>
                                <newCodes>true</newCodes>
                                <lotItem>
                                    <guid>1d7fe306-5421-4ea1-b24d-0d09f35bacce</guid>
                                    <ordinalNumber>1</ordinalNumber>
                                    <okpd2>
                                        <code>43.22.12</code>
                                        <name>Работы по монтажу систем отопления, вентиляции и кондиционирования воздуха</name>
                                    </okpd2>
                                    <okved2>
                                        <code>43.22</code>
                                        <name>Производство санитарно-технических работ, монтаж отопительных систем и систем кондиционирования воздуха</name>
                                    </okved2>
                                    <okei>
                                        <code>876</code>
                                        <name>Условная единица</name>
                                    </okei>
                                    <qty>1</qty>
                                    <additionalInfo>В соответствии с проектом договора</additionalInfo>
                                </lotItem>
                            </lotItems>
                            <forSmallOrMiddle>false</forSmallOrMiddle>
                            <excludePurchaseFromPlan>false</excludePurchaseFromPlan>
                            <subcontractorsRequirement>false</subcontractorsRequirement>
                            <ignoredPurchase>false</ignoredPurchase>
                            <centralized>false</centralized>
                        </lotData>
                        <deliveryPlaceIndication>GL</deliveryPlaceIndication>
                        <jointLotData>
                            <jointLot>false</jointLot>
                        </jointLotData>
                        <lotPlanInfo>
                            <planRegistrationNumber>2160217402</planRegistrationNumber>
                            <planGuid>ef0d408e-f290-4d3e-8a4c-78417b3f7058</planGuid>
                            <positionNumber>16</positionNumber>
                            <lotPlanPosition>COMMODITY</lotPlanPosition>
                            <positionGuid>d6270dd9-0d58-4aff-87cf-cd882642b9c6</positionGuid>
                        </lotPlanInfo>
                        <cancelled>false</cancelled>
                    </lot>
                </ns2:lots>
            </ns2:purchaseNoticeEPData>
        </ns2:item>
    </ns2:body>
</ns2:purchaseNoticeEP>
