<?xml version="1.0" encoding="UTF-8" standalone="yes"?>
<ns2:purchaseNoticeEP xsi:schemaLocation="http://zakupki.gov.ru/223/integration/schema/TFF-5.2 http://zakupki.gov.ru/223/integration/schema/TFF-5.2/purchase.xsd" xmlns="http://zakupki.gov.ru/223fz/types/1" xmlns:ns10="http://zakupki.gov.ru/223fz/purchasePlan/1" xmlns:ns11="http://zakupki.gov.ru/223fz/purchasePlanProject/1" xmlns:ns12="http://zakupki.gov.ru/223fz/purchasePlanProjectAdditionalPosition/1" xmlns:ns13="http://zakupki.gov.ru/223fz/contract/1" xmlns:ns14="http://zakupki.gov.ru/223fz/missedNotice/1" xmlns:ns15="http://zakupki.gov.ru/223fz/reference/1" xmlns:ns16="http://zakupki.gov.ru/223fz/stopCommodity/1" xmlns:ns17="http://zakupki.gov.ru/223fz/decisionSuspension/1" xmlns:ns18="http://zakupki.gov.ru/223fz/purchasePlanAdditionalPosition/1" xmlns:ns19="http://zakupki.gov.ru/223fz/webRequest/1" xmlns:ns2="http://zakupki.gov.ru/223fz/purchase/1" xmlns:xsi="http://www.w3.org/2001/XMLSchema-instance" xmlns:ns3="http://zakupki.gov.ru/223fz/dishonestSupplier/1" xmlns:ns4="http://zakupki.gov.ru/223fz/machineryListInfo/1" xmlns:ns5="http://zakupki.gov.ru/223fz/revenue/1" xmlns:ns6="http://zakupki.gov.ru/223fz/orderClauseList/1" xmlns:ns7="http://zakupki.gov.ru/223fz/disagreementProtocol/1" xmlns:ns8="http://zakupki.gov.ru/223fz/complaint/1" xmlns:ns9="http://zakupki.gov.ru/223fz/notificationIssue/1">
    <header>
        <guid>8ae4eeb3-b05b-4f85-ab5e-51c8671d5bf9</guid>
        <createDateTime>2017-03-15T16:41:15</createDateTime>
    </header>
    <ns2:body>
        <ns2:item>
            <guid>cd6cff53-3a0f-44cf-952e-fe76cd9aef4c</guid>
            <ns2:purchaseNoticeEPData>
                <ns2:guid>cd6cff53-3a0f-44cf-952e-fe76cd9aef4c</ns2:guid>
                <ns2:createDateTime>2017-03-15T16:39:19</ns2:createDateTime>
                <ns2:urlOOS>https://zakupki.gov.ru/223/purchase/private/purchase/notice-info/details.html?noticeInfoId=5880459</ns2:urlOOS>
                <ns2:registrationNumber>31704893544</ns2:registrationNumber>
                <ns2:name>Выполнение работ по разработке рабочей документации по разделу "Конструктивные решения" (подразделы КЖ-6, КЖ-7, КЖ-8, КЖ-9) по объекту: Федеральное государственное автономное учреждение "Объедененный дом отдыха "Клязьма" Управления делами Президента Российской Федерации по адресу: Московская область, Мытищинский район, пос. Поведники, Реконструкция корпусов №3 и №4 в Пансионате "Клязьма"</ns2:name>
                <ns2:customer>
                    <mainInfo>
                        <fullName>ФЕДЕРАЛЬНОЕ ГОСУДАРСТВЕННОЕ УНИТАРНОЕ ПРЕДПРИЯТИЕ "ПРЕДПРИЯТИЕ ПО АРХИТЕКТУРНО-СТРОИТЕЛЬНОМУ ПРОЕКТИРОВАНИЮ, СТРОИТЕЛЬСТВУ И РЕКОНСТРУКЦИИ ОБЪЕКТОВ КАПИТАЛЬНОГО СТРОИТЕЛЬСТВА" УПРАВЛЕНИЯ ДЕЛАМИ ПРЕЗИДЕНТА РОССИЙСКОЙ ФЕДЕРАЦИИ</fullName>
                        <shortName>ФГУП "ПСР" УПРАВЛЕНИЯ ДЕЛАМИ ПРЕЗИДЕНТА РОССИЙСКОЙ ФЕДЕРАЦИИ</shortName>
                        <iko>57710525541771001001</iko>
                        <inn>7710525541</inn>
                        <kpp>771001001</kpp>
                        <ogrn>1047796019215</ogrn>
                        <legalAddress>103132, г МОСКВА, ул ВАРВАРКА, дом 7</legalAddress>
                        <postalAddress>103132, Российская Федерация, г.Москва, ул. Варварка, д.7</postalAddress>
                        <phone>7-495-6069600</phone>
                        <fax>7-495-6065559</fax>
                        <email>fgup_psr@mail.ru</email>
                        <okato>45286563000</okato>
                        <okpo>72033695</okpo>
                    </mainInfo>
                </ns2:customer>
                <ns2:purchaseMethodCode>3363</ns2:purchaseMethodCode>
                <ns2:purchaseCodeName>Закупка у единственного поставщика (исполнителя, подрядчика)</ns2:purchaseCodeName>
                <ns2:placer>
                    <mainInfo>
                        <fullName>ФЕДЕРАЛЬНОЕ ГОСУДАРСТВЕННОЕ УНИТАРНОЕ ПРЕДПРИЯТИЕ "ПРЕДПРИЯТИЕ ПО АРХИТЕКТУРНО-СТРОИТЕЛЬНОМУ ПРОЕКТИРОВАНИЮ, СТРОИТЕЛЬСТВУ И РЕКОНСТРУКЦИИ ОБЪЕКТОВ КАПИТАЛЬНОГО СТРОИТЕЛЬСТВА" УПРАВЛЕНИЯ ДЕЛАМИ ПРЕЗИДЕНТА РОССИЙСКОЙ ФЕДЕРАЦИИ</fullName>
                        <shortName>ФГУП "ПСР" УПРАВЛЕНИЯ ДЕЛАМИ ПРЕЗИДЕНТА РОССИЙСКОЙ ФЕДЕРАЦИИ</shortName>
                        <iko>57710525541771001001</iko>
                        <inn>7710525541</inn>
                        <kpp>771001001</kpp>
                        <ogrn>1047796019215</ogrn>
                        <legalAddress>103132, г МОСКВА, ул ВАРВАРКА, дом 7</legalAddress>
                        <postalAddress>103132, Российская Федерация, г.Москва, ул. Варварка, д.7</postalAddress>
                        <phone>7-495-6069600</phone>
                        <fax>7-495-6065559</fax>
                        <email>fgup_psr@mail.ru</email>
                        <okato>45286563000</okato>
                        <okpo>72033695</okpo>
                    </mainInfo>
                </ns2:placer>
                <ns2:contact>
                    <firstName>Наталья</firstName>
                    <middleName>Александровна</middleName>
                    <lastName>Яковлева </lastName>
                    <phone>+7 (495) 1905873</phone>
                    <email>yakovleva@fgup-dsr-udprf.ru</email>
                    <organization>
                        <mainInfo>
                            <fullName>ФЕДЕРАЛЬНОЕ ГОСУДАРСТВЕННОЕ УНИТАРНОЕ ПРЕДПРИЯТИЕ "ПРЕДПРИЯТИЕ ПО АРХИТЕКТУРНО-СТРОИТЕЛЬНОМУ ПРОЕКТИРОВАНИЮ, СТРОИТЕЛЬСТВУ И РЕКОНСТРУКЦИИ ОБЪЕКТОВ КАПИТАЛЬНОГО СТРОИТЕЛЬСТВА" УПРАВЛЕНИЯ ДЕЛАМИ ПРЕЗИДЕНТА РОССИЙСКОЙ ФЕДЕРАЦИИ</fullName>
                            <shortName>ФГУП "ПСР" УПРАВЛЕНИЯ ДЕЛАМИ ПРЕЗИДЕНТА РОССИЙСКОЙ ФЕДЕРАЦИИ</shortName>
                            <iko>57710525541771001001</iko>
                            <inn>7710525541</inn>
                            <kpp>771001001</kpp>
                            <ogrn>1047796019215</ogrn>
                            <legalAddress>103132, г МОСКВА, ул ВАРВАРКА, дом 7</legalAddress>
                            <postalAddress>103132, Российская Федерация, г.Москва, ул. Варварка, д.7</postalAddress>
                            <phone>7-495-6069600</phone>
                            <fax>7-495-6065559</fax>
                            <email>fgup_psr@mail.ru</email>
                            <okato>45286563000</okato>
                            <okpo>72033695</okpo>
                        </mainInfo>
                    </organization>
                </ns2:contact>
                <ns2:publicationDateTime>2017-03-15T16:41:15</ns2:publicationDateTime>
                <ns2:documentationDelivery/>
                <ns2:status>P</ns2:status>
                <ns2:version>1</ns2:version>
                <ns2:notDishonest>false</ns2:notDishonest>
                <ns2:attachments>
                    <totalDocumentsCount>1</totalDocumentsCount>
                    <document>
                        <guid>7df665f0-0851-4355-a3a1-56244cd6911e</guid>
                        <createDateTime>2017-03-15T16:40:58</createDateTime>
                        <fileName>Документация о закупке у ЕП_Дмитриев_03.doc</fileName>
                        <description>Документация о закупке у ЕП_Дмитриев_03</description>
                        <url>http://zakupki.gov.ru/223/purchase/public/download/download.html?id=30083082</url>
                    </document>
                </ns2:attachments>
                <ns2:modificationDate>2017-03-15T16:41:15</ns2:modificationDate>
                <ns2:saveUserId>215043</ns2:saveUserId>
                <ns2:deliveryPlaceIndication>SINGLE_PLACE</ns2:deliveryPlaceIndication>
                <ns2:emergency>false</ns2:emergency>
                <ns2:jointPurchase>false</ns2:jointPurchase>
                <ns2:lots>
                    <lot>
                        <guid>80f75130-362c-4c6e-8cc1-a3373cfdffa5</guid>
                        <ordinalNumber>1</ordinalNumber>
                        <lotEditEnabled>false</lotEditEnabled>
                        <lotData>
                            <subject>Выполнение работ по разработке рабочей документации по разделу "Конструктивные решения" (подразделы КЖ-6, КЖ-7, КЖ-8, КЖ-9) по объекту: Федеральное государственное автономное учреждение "Объедененный дом отдыха "Клязьма" Управления делами Президента Российской Федерации по адресу: Московская область, Мытищинский район, пос. Поведники, Реконструкция корпусов №3 и №4 в Пансионате "Клязьма"</subject>
                            <currency>
                                <code>RUB</code>
                                <digitalCode>643</digitalCode>
                                <name>Российский рубль</name>
                            </currency>
                            <initialSum>282500.00</initialSum>
                            <deliveryPlace>
                                <state>Центральный федеральный округ</state>
                                <region>Москва</region>
                                <regionOkato>45000000000</regionOkato>
                                <address>ул. Варварка, д.7</address>
                            </deliveryPlace>
                            <lotItems>
                                <newCodes>true</newCodes>
                                <lotItem>
                                    <guid>cdf4be91-eec9-4fcf-878f-a3495698bcb6</guid>
                                    <ordinalNumber>1</ordinalNumber>
                                    <okpd2>
                                        <code>41.10.10.000</code>
                                        <name>Документация проектная для строительства</name>
                                    </okpd2>
                                    <okved2>
                                        <code>41.10</code>
                                        <name>Разработка строительных проектов</name>
                                    </okved2>
                                    <okei>
                                        <code>876</code>
                                        <name>Условная единица</name>
                                    </okei>
                                    <qty>1</qty>
                                </lotItem>
                            </lotItems>
                            <forSmallOrMiddle>false</forSmallOrMiddle>
                            <excludePurchaseFromPlan>false</excludePurchaseFromPlan>
                            <subcontractorsRequirement>false</subcontractorsRequirement>
                            <ignoredPurchase>false</ignoredPurchase>
                            <centralized>false</centralized>
                        </lotData>
                        <deliveryPlaceIndication>GL</deliveryPlaceIndication>
                        <jointLotData>
                            <jointLot>false</jointLot>
                        </jointLotData>
                        <lotPlanInfo>
                            <planRegistrationNumber>2160211134</planRegistrationNumber>
                            <planGuid>a778d9aa-b2a8-4bad-8b6b-89ecbb904a16</planGuid>
                            <positionNumber>8</positionNumber>
                            <lotPlanPosition>COMMODITY</lotPlanPosition>
                            <positionGuid>78199372-6a74-45bc-b917-74ba16369783</positionGuid>
                        </lotPlanInfo>
                        <cancelled>false</cancelled>
                    </lot>
                </ns2:lots>
            </ns2:purchaseNoticeEPData>
        </ns2:item>
    </ns2:body>
</ns2:purchaseNoticeEP>
