<?xml version="1.0" encoding="UTF-8" standalone="yes"?>
<ns2:purchaseNoticeEP xsi:schemaLocation="http://zakupki.gov.ru/223/integration/schema/TFF-5.2 http://zakupki.gov.ru/223/integration/schema/TFF-5.2/purchase.xsd" xmlns="http://zakupki.gov.ru/223fz/types/1" xmlns:ns10="http://zakupki.gov.ru/223fz/purchasePlan/1" xmlns:ns11="http://zakupki.gov.ru/223fz/purchasePlanProject/1" xmlns:ns12="http://zakupki.gov.ru/223fz/purchasePlanProjectAdditionalPosition/1" xmlns:ns13="http://zakupki.gov.ru/223fz/contract/1" xmlns:ns14="http://zakupki.gov.ru/223fz/missedNotice/1" xmlns:ns15="http://zakupki.gov.ru/223fz/reference/1" xmlns:ns16="http://zakupki.gov.ru/223fz/stopCommodity/1" xmlns:ns17="http://zakupki.gov.ru/223fz/decisionSuspension/1" xmlns:ns18="http://zakupki.gov.ru/223fz/purchasePlanAdditionalPosition/1" xmlns:ns19="http://zakupki.gov.ru/223fz/webRequest/1" xmlns:ns2="http://zakupki.gov.ru/223fz/purchase/1" xmlns:xsi="http://www.w3.org/2001/XMLSchema-instance" xmlns:ns3="http://zakupki.gov.ru/223fz/dishonestSupplier/1" xmlns:ns4="http://zakupki.gov.ru/223fz/machineryListInfo/1" xmlns:ns5="http://zakupki.gov.ru/223fz/revenue/1" xmlns:ns6="http://zakupki.gov.ru/223fz/orderClauseList/1" xmlns:ns7="http://zakupki.gov.ru/223fz/disagreementProtocol/1" xmlns:ns8="http://zakupki.gov.ru/223fz/complaint/1" xmlns:ns9="http://zakupki.gov.ru/223fz/notificationIssue/1">
    <header>
        <guid>d0a1123e-a2c2-4b2c-8f61-c3960baa1601</guid>
        <createDateTime>2017-03-15T16:59:18</createDateTime>
    </header>
    <ns2:body>
        <ns2:item>
            <guid>0c3b6ccf-145a-456b-8564-550934fa4d36</guid>
            <ns2:purchaseNoticeEPData>
                <ns2:guid>0c3b6ccf-145a-456b-8564-550934fa4d36</ns2:guid>
                <ns2:createDateTime>2017-03-15T16:55:28</ns2:createDateTime>
                <ns2:urlOOS>https://zakupki.gov.ru/223/purchase/private/purchase/notice-info/details.html?noticeInfoId=5880622</ns2:urlOOS>
                <ns2:registrationNumber>31704893713</ns2:registrationNumber>
                <ns2:name>Оказание информационных услуг с использованием Экземпляра Системы КонсультантПлюс</ns2:name>
                <ns2:customer>
                    <mainInfo>
                        <fullName>ФЕДЕРАЛЬНОЕ ГОСУДАРСТВЕННОЕ БЮДЖЕТНОЕ НАУЧНОЕ УЧРЕЖДЕНИЕ "ФЕДЕРАЛЬНЫЙ НАУЧНЫЙ ЦЕНТР ИССЛЕДОВАНИЙ И РАЗРАБОТКИ ИММУНОБИОЛОГИЧЕСКИХ ПРЕПАРАТОВ ИМ. М.П. ЧУМАКОВА РАН"</fullName>
                        <shortName>ФГБНУ "ФНЦИРИП ИМ. М.П. ЧУМАКОВА РАН"</shortName>
                        <iko>87751023847775101001</iko>
                        <inn>7751023847</inn>
                        <kpp>775101001</kpp>
                        <ogrn>1167746624847</ogrn>
                        <legalAddress>108819, Г МОСКВА, П ИНСТИТУТА ПОЛИОМИЕЛИТА, дом ДОМОВЛАДЕН 8, корпус КОРПУС 1</legalAddress>
                        <postalAddress>108819, Российская Федерация, город Москва, поселение Московский, 
посёлок Института полиомиелита, домовладение 8, корпус 1.
</postalAddress>
                        <phone>+7 (495) 841–93–21</phone>
                        <email>chemeris_tv@chumakovs.su</email>
                        <okato>45297565102</okato>
                        <okpo>01895045</okpo>
                    </mainInfo>
                </ns2:customer>
                <ns2:purchaseMethodCode>3363</ns2:purchaseMethodCode>
                <ns2:purchaseCodeName>Закупка у единственного поставщика (исполнителя, подрядчика)</ns2:purchaseCodeName>
                <ns2:placer>
                    <mainInfo>
                        <fullName>ФЕДЕРАЛЬНОЕ ГОСУДАРСТВЕННОЕ БЮДЖЕТНОЕ НАУЧНОЕ УЧРЕЖДЕНИЕ "ФЕДЕРАЛЬНЫЙ НАУЧНЫЙ ЦЕНТР ИССЛЕДОВАНИЙ И РАЗРАБОТКИ ИММУНОБИОЛОГИЧЕСКИХ ПРЕПАРАТОВ ИМ. М.П. ЧУМАКОВА РАН"</fullName>
                        <shortName>ФГБНУ "ФНЦИРИП ИМ. М.П. ЧУМАКОВА РАН"</shortName>
                        <iko>87751023847775101001</iko>
                        <inn>7751023847</inn>
                        <kpp>775101001</kpp>
                        <ogrn>1167746624847</ogrn>
                        <legalAddress>108819, Г МОСКВА, П ИНСТИТУТА ПОЛИОМИЕЛИТА, дом ДОМОВЛАДЕН 8, корпус КОРПУС 1</legalAddress>
                        <postalAddress>108819, Российская Федерация, город Москва, поселение Московский, 
посёлок Института полиомиелита, домовладение 8, корпус 1.
</postalAddress>
                        <phone>+7 (495) 841–93–21</phone>
                        <email>chemeris_tv@chumakovs.su</email>
                        <okato>45297565102</okato>
                        <okpo>01895045</okpo>
                    </mainInfo>
                </ns2:placer>
                <ns2:contact>
                    <firstName>Татьяна</firstName>
                    <middleName>Владимировна</middleName>
                    <lastName>Чемерис</lastName>
                    <phone>+7 (495) 8410132</phone>
                    <email>tender@chumakovs.su</email>
                    <organization>
                        <mainInfo>
                            <fullName>ФЕДЕРАЛЬНОЕ ГОСУДАРСТВЕННОЕ БЮДЖЕТНОЕ НАУЧНОЕ УЧРЕЖДЕНИЕ "ФЕДЕРАЛЬНЫЙ НАУЧНЫЙ ЦЕНТР ИССЛЕДОВАНИЙ И РАЗРАБОТКИ ИММУНОБИОЛОГИЧЕСКИХ ПРЕПАРАТОВ ИМ. М.П. ЧУМАКОВА РАН"</fullName>
                            <shortName>ФГБНУ "ФНЦИРИП ИМ. М.П. ЧУМАКОВА РАН"</shortName>
                            <iko>87751023847775101001</iko>
                            <inn>7751023847</inn>
                            <kpp>775101001</kpp>
                            <ogrn>1167746624847</ogrn>
                            <legalAddress>108819, Г МОСКВА, П ИНСТИТУТА ПОЛИОМИЕЛИТА, дом ДОМОВЛАДЕН 8, корпус КОРПУС 1</legalAddress>
                            <postalAddress>108819, Российская Федерация, город Москва, поселение Московский, 
посёлок Института полиомиелита, домовладение 8, корпус 1.
</postalAddress>
                            <phone>+7 (495) 841–93–21</phone>
                            <email>chemeris_tv@chumakovs.su</email>
                            <okato>45297565102</okato>
                            <okpo>01895045</okpo>
                        </mainInfo>
                    </organization>
                </ns2:contact>
                <ns2:publicationDateTime>2017-03-15T16:59:17</ns2:publicationDateTime>
                <ns2:documentationDelivery>
                    <deliveryStartDateTime>2017-03-15</deliveryStartDateTime>
                    <deliveryEndDateTime>2017-03-17</deliveryEndDateTime>
                    <place>www.zakupki.gov.ru</place>
                    <procedure>В форме электронного документа</procedure>
                </ns2:documentationDelivery>
                <ns2:status>P</ns2:status>
                <ns2:version>1</ns2:version>
                <ns2:notDishonest>true</ns2:notDishonest>
                <ns2:attachments>
                    <totalDocumentsCount>2</totalDocumentsCount>
                    <document>
                        <guid>3087e1f5-3d45-4415-9e57-c902dfd2aaf2</guid>
                        <createDateTime>2017-03-15T16:58:41</createDateTime>
                        <fileName>Извещение.PDF</fileName>
                        <description>Извещение</description>
                        <url>http://zakupki.gov.ru/223/purchase/public/download/download.html?id=30083914</url>
                    </document>
                    <document>
                        <guid>065b08ce-b5b6-4a00-a06b-53e15e8a9c22</guid>
                        <createDateTime>2017-03-15T16:58:47</createDateTime>
                        <fileName>Договор_ФНЦИРИП им. М.П. Чумакова РАН_март-апр 17.doc</fileName>
                        <description>Договор_ФНЦИРИП им. М.П. Чумакова РАН_март-апр 17</description>
                        <url>http://zakupki.gov.ru/223/purchase/public/download/download.html?id=30083916</url>
                    </document>
                </ns2:attachments>
                <ns2:modificationDate>2017-03-15T16:59:17</ns2:modificationDate>
                <ns2:saveUserId>257836</ns2:saveUserId>
                <ns2:deliveryPlaceIndication>SINGLE_PLACE</ns2:deliveryPlaceIndication>
                <ns2:emergency>false</ns2:emergency>
                <ns2:jointPurchase>false</ns2:jointPurchase>
                <ns2:lots>
                    <lot>
                        <guid>64a4765d-9d01-4e9d-949c-e5d0a9270350</guid>
                        <ordinalNumber>1</ordinalNumber>
                        <lotEditEnabled>false</lotEditEnabled>
                        <lotData>
                            <subject>Оказание информационных услуг с использованием Экземпляра  Системы КонсультантПлюс</subject>
                            <currency>
                                <code>RUB</code>
                                <digitalCode>643</digitalCode>
                                <name>Российский рубль</name>
                            </currency>
                            <initialSum>159523.38</initialSum>
                            <deliveryPlace>
                                <state>Центральный федеральный округ</state>
                                <region>Москва</region>
                                <regionOkato>45000000000</regionOkato>
                                <address>108819, г. Москва, поселение Московский, поселок Института полиомиелита, домовладение 8, корпус 1.</address>
                            </deliveryPlace>
                            <lotItems>
                                <newCodes>true</newCodes>
                                <lotItem>
                                    <guid>9ea7d4e2-ed51-4de0-9412-1168ecb49fb3</guid>
                                    <ordinalNumber>1</ordinalNumber>
                                    <okpd2>
                                        <code>77.40.19.000</code>
                                        <name>Услуги по предоставлению лицензий на право использования прочей интеллектуальной собственности и аналогичных продуктов, кроме произведений, охраняемых авторским правом</name>
                                    </okpd2>
                                    <okved2>
                                        <code>77.40</code>
                                        <name>Аренда интеллектуальной собственности и подобной продукции, кроме авторских прав</name>
                                    </okved2>
                                    <okei>
                                        <code>876</code>
                                        <name>Условная единица</name>
                                    </okei>
                                    <qty>1</qty>
                                </lotItem>
                            </lotItems>
                            <forSmallOrMiddle>false</forSmallOrMiddle>
                            <excludePurchaseFromPlan>false</excludePurchaseFromPlan>
                            <subcontractorsRequirement>false</subcontractorsRequirement>
                            <ignoredPurchase>false</ignoredPurchase>
                            <centralized>false</centralized>
                        </lotData>
                        <deliveryPlaceIndication>GL</deliveryPlaceIndication>
                        <jointLotData>
                            <jointLot>false</jointLot>
                        </jointLotData>
                        <lotPlanInfo>
                            <planRegistrationNumber>2160217151</planRegistrationNumber>
                            <planGuid>fba23845-f773-4753-a9db-ae16a5a80edb</planGuid>
                            <positionNumber>88</positionNumber>
                            <lotPlanPosition>COMMODITY</lotPlanPosition>
                            <positionGuid>bd6d3414-8cf6-4e26-8ca0-a2aed1b74b85</positionGuid>
                        </lotPlanInfo>
                        <cancelled>false</cancelled>
                    </lot>
                </ns2:lots>
            </ns2:purchaseNoticeEPData>
        </ns2:item>
    </ns2:body>
</ns2:purchaseNoticeEP>
