<?xml version="1.0" encoding="UTF-8" standalone="yes"?>
<ns2:purchaseNoticeEP xsi:schemaLocation="http://zakupki.gov.ru/223/integration/schema/TFF-5.2 http://zakupki.gov.ru/223/integration/schema/TFF-5.2/purchase.xsd" xmlns="http://zakupki.gov.ru/223fz/types/1" xmlns:ns10="http://zakupki.gov.ru/223fz/purchasePlan/1" xmlns:ns11="http://zakupki.gov.ru/223fz/purchasePlanProject/1" xmlns:ns12="http://zakupki.gov.ru/223fz/purchasePlanProjectAdditionalPosition/1" xmlns:ns13="http://zakupki.gov.ru/223fz/contract/1" xmlns:ns14="http://zakupki.gov.ru/223fz/missedNotice/1" xmlns:ns15="http://zakupki.gov.ru/223fz/reference/1" xmlns:ns16="http://zakupki.gov.ru/223fz/stopCommodity/1" xmlns:ns17="http://zakupki.gov.ru/223fz/decisionSuspension/1" xmlns:ns18="http://zakupki.gov.ru/223fz/purchasePlanAdditionalPosition/1" xmlns:ns19="http://zakupki.gov.ru/223fz/webRequest/1" xmlns:ns2="http://zakupki.gov.ru/223fz/purchase/1" xmlns:xsi="http://www.w3.org/2001/XMLSchema-instance" xmlns:ns3="http://zakupki.gov.ru/223fz/dishonestSupplier/1" xmlns:ns4="http://zakupki.gov.ru/223fz/machineryListInfo/1" xmlns:ns5="http://zakupki.gov.ru/223fz/revenue/1" xmlns:ns6="http://zakupki.gov.ru/223fz/orderClauseList/1" xmlns:ns7="http://zakupki.gov.ru/223fz/disagreementProtocol/1" xmlns:ns8="http://zakupki.gov.ru/223fz/complaint/1" xmlns:ns9="http://zakupki.gov.ru/223fz/notificationIssue/1">
    <header>
        <guid>466493b0-9fa7-4a2b-a72b-dd11fb97bbb5</guid>
        <createDateTime>2017-03-15T16:56:37</createDateTime>
    </header>
    <ns2:body>
        <ns2:item>
            <guid>0b9d33d7-74e6-46cc-ba81-4e734608d8cd</guid>
            <ns2:purchaseNoticeEPData>
                <ns2:guid>0b9d33d7-74e6-46cc-ba81-4e734608d8cd</ns2:guid>
                <ns2:createDateTime>2017-03-15T16:51:31</ns2:createDateTime>
                <ns2:urlOOS>https://zakupki.gov.ru/223/purchase/private/purchase/notice-info/details.html?noticeInfoId=5880588</ns2:urlOOS>
                <ns2:registrationNumber>31704893687</ns2:registrationNumber>
                <ns2:name>Выполнение метрологических работ по поверке (калибровке) эталонных средств измерения</ns2:name>
                <ns2:customer>
                    <mainInfo>
                        <fullName>Федеральное бюджетное учреждение "Государственный региональный центр стандартизации, метрологии и испытаний в г. Москве"</fullName>
                        <shortName>ФБУ "Ростест-Москва"</shortName>
                        <iko>87727061249772701001</iko>
                        <inn>7727061249</inn>
                        <kpp>772701001</kpp>
                        <ogrn>1027700066415</ogrn>
                        <legalAddress>117418, Москва, Нахимовский, дом 31</legalAddress>
                        <postalAddress>117418, Москва, Нахимовский проспект, дом 31</postalAddress>
                        <phone>7-495-6682925</phone>
                        <fax>7-495-6682925</fax>
                        <email>AnnaIM@rostest.ru</email>
                        <okato>45293590000</okato>
                        <okpo>11246589</okpo>
                    </mainInfo>
                </ns2:customer>
                <ns2:purchaseMethodCode>3363</ns2:purchaseMethodCode>
                <ns2:purchaseCodeName>Закупка у единственного поставщика (исполнителя, подрядчика)</ns2:purchaseCodeName>
                <ns2:placer>
                    <mainInfo>
                        <fullName>Федеральное бюджетное учреждение "Государственный региональный центр стандартизации, метрологии и испытаний в г. Москве"</fullName>
                        <shortName>ФБУ "Ростест-Москва"</shortName>
                        <iko>87727061249772701001</iko>
                        <inn>7727061249</inn>
                        <kpp>772701001</kpp>
                        <ogrn>1027700066415</ogrn>
                        <legalAddress>117418, Москва, Нахимовский, дом 31</legalAddress>
                        <postalAddress>117418, Москва, Нахимовский проспект, дом 31</postalAddress>
                        <phone>7-495-6682925</phone>
                        <fax>7-495-6682925</fax>
                        <email>AnnaIM@rostest.ru</email>
                        <okato>45293590000</okato>
                        <okpo>11246589</okpo>
                    </mainInfo>
                </ns2:placer>
                <ns2:contact>
                    <firstName>Светлана</firstName>
                    <middleName>Александровна</middleName>
                    <lastName>Скрябина</lastName>
                    <phone>+7 (495) 6682925</phone>
                    <email>annaim@rostest.ru</email>
                    <organization>
                        <mainInfo>
                            <fullName>Федеральное бюджетное учреждение "Государственный региональный центр стандартизации, метрологии и испытаний в г. Москве"</fullName>
                            <shortName>ФБУ "Ростест-Москва"</shortName>
                            <iko>87727061249772701001</iko>
                            <inn>7727061249</inn>
                            <kpp>772701001</kpp>
                            <ogrn>1027700066415</ogrn>
                            <legalAddress>117418, Москва, Нахимовский, дом 31</legalAddress>
                            <postalAddress>117418, Москва, Нахимовский проспект, дом 31</postalAddress>
                            <phone>7-495-6682925</phone>
                            <fax>7-495-6682925</fax>
                            <email>AnnaIM@rostest.ru</email>
                            <okato>45293590000</okato>
                            <okpo>11246589</okpo>
                        </mainInfo>
                    </organization>
                </ns2:contact>
                <ns2:publicationDateTime>2017-03-15T16:56:37</ns2:publicationDateTime>
                <ns2:documentationDelivery>
                    <place>Документация не предоставляется</place>
                    <procedure>Документация не предоставляется</procedure>
                </ns2:documentationDelivery>
                <ns2:status>P</ns2:status>
                <ns2:version>1</ns2:version>
                <ns2:notDishonest>true</ns2:notDishonest>
                <ns2:attachments>
                    <totalDocumentsCount>2</totalDocumentsCount>
                    <document>
                        <guid>de596df6-627c-4aff-aa7b-59923535a6cf</guid>
                        <createDateTime>2017-03-15T16:54:05</createDateTime>
                        <fileName>4_Документация.doc</fileName>
                        <description>4_Документация</description>
                        <url>http://zakupki.gov.ru/223/purchase/public/download/download.html?id=30083729</url>
                    </document>
                    <document>
                        <guid>2e072f9f-0c64-455d-a64f-d0f0dfb170c6</guid>
                        <createDateTime>2017-03-15T16:54:11</createDateTime>
                        <fileName>6_Проект договора.docx</fileName>
                        <description>6_Проект договора</description>
                        <url>http://zakupki.gov.ru/223/purchase/public/download/download.html?id=30083736</url>
                    </document>
                </ns2:attachments>
                <ns2:modificationDate>2017-03-15T16:56:37</ns2:modificationDate>
                <ns2:saveUserId>65655</ns2:saveUserId>
                <ns2:deliveryPlaceIndication>DIFFERENT_PLACE</ns2:deliveryPlaceIndication>
                <ns2:emergency>false</ns2:emergency>
                <ns2:jointPurchase>false</ns2:jointPurchase>
                <ns2:lots>
                    <lot>
                        <guid>fef964d6-042e-4fdc-9f2a-0bdb78693c21</guid>
                        <ordinalNumber>1</ordinalNumber>
                        <lotEditEnabled>true</lotEditEnabled>
                        <lotData>
                            <subject>Оказание услуг по поверке эталонных средств измерений в соответствии календарным планом</subject>
                            <currency>
                                <code>RUB</code>
                                <digitalCode>643</digitalCode>
                                <name>Российский рубль</name>
                            </currency>
                            <initialSum>2103859.76</initialSum>
                            <deliveryPlace>
                                <state>Центральный федеральный округ</state>
                                <region>Москва</region>
                                <regionOkato>45000000000</regionOkato>
                                <address>по месту нахождения Исполнителя</address>
                            </deliveryPlace>
                            <lotItems>
                                <newCodes>true</newCodes>
                                <lotItem>
                                    <guid>f6d8f189-b5a2-40b0-8678-16c2a8fc45ad</guid>
                                    <ordinalNumber>1</ordinalNumber>
                                    <okpd2>
                                        <code>71.12.40.120</code>
                                        <name>Услуги в области метрологии</name>
                                    </okpd2>
                                    <okved2>
                                        <code>71.12</code>
                                        <name>Деятельность в области инженерных изысканий, инженерно-технического проектирования, управления проектами строительства, выполнения строительного контроля и авторского надзора, предоставление технических консультаций в этих областях</name>
                                    </okved2>
                                    <okei>
                                        <code>876</code>
                                        <name>Условная единица</name>
                                    </okei>
                                    <qty>1</qty>
                                </lotItem>
                            </lotItems>
                            <forSmallOrMiddle>false</forSmallOrMiddle>
                            <excludePurchaseFromPlan>false</excludePurchaseFromPlan>
                            <subcontractorsRequirement>false</subcontractorsRequirement>
                            <ignoredPurchase>false</ignoredPurchase>
                            <centralized>false</centralized>
                        </lotData>
                        <deliveryPlaceIndication>GL</deliveryPlaceIndication>
                        <jointLotData>
                            <jointLot>false</jointLot>
                        </jointLotData>
                        <lotPlanInfo>
                            <planRegistrationNumber>2160201284</planRegistrationNumber>
                            <planGuid>e70baf22-4af2-4b40-8d2c-deb339536008</planGuid>
                            <positionNumber>118</positionNumber>
                            <lotPlanPosition>COMMODITY</lotPlanPosition>
                            <positionGuid>8c7cd808-e4ea-e8ba-4df3-7941eacff16f</positionGuid>
                        </lotPlanInfo>
                        <cancelled>false</cancelled>
                    </lot>
                </ns2:lots>
            </ns2:purchaseNoticeEPData>
        </ns2:item>
    </ns2:body>
</ns2:purchaseNoticeEP>
