<?xml version="1.0" encoding="UTF-8" standalone="yes"?>
<ns2:purchaseNoticeEP xsi:schemaLocation="http://zakupki.gov.ru/223/integration/schema/TFF-5.2 http://zakupki.gov.ru/223/integration/schema/TFF-5.2/purchase.xsd" xmlns="http://zakupki.gov.ru/223fz/types/1" xmlns:ns10="http://zakupki.gov.ru/223fz/purchasePlan/1" xmlns:ns11="http://zakupki.gov.ru/223fz/purchasePlanProject/1" xmlns:ns12="http://zakupki.gov.ru/223fz/purchasePlanProjectAdditionalPosition/1" xmlns:ns13="http://zakupki.gov.ru/223fz/contract/1" xmlns:ns14="http://zakupki.gov.ru/223fz/missedNotice/1" xmlns:ns15="http://zakupki.gov.ru/223fz/reference/1" xmlns:ns16="http://zakupki.gov.ru/223fz/stopCommodity/1" xmlns:ns17="http://zakupki.gov.ru/223fz/decisionSuspension/1" xmlns:ns18="http://zakupki.gov.ru/223fz/purchasePlanAdditionalPosition/1" xmlns:ns19="http://zakupki.gov.ru/223fz/webRequest/1" xmlns:ns2="http://zakupki.gov.ru/223fz/purchase/1" xmlns:xsi="http://www.w3.org/2001/XMLSchema-instance" xmlns:ns3="http://zakupki.gov.ru/223fz/dishonestSupplier/1" xmlns:ns4="http://zakupki.gov.ru/223fz/machineryListInfo/1" xmlns:ns5="http://zakupki.gov.ru/223fz/revenue/1" xmlns:ns6="http://zakupki.gov.ru/223fz/orderClauseList/1" xmlns:ns7="http://zakupki.gov.ru/223fz/disagreementProtocol/1" xmlns:ns8="http://zakupki.gov.ru/223fz/complaint/1" xmlns:ns9="http://zakupki.gov.ru/223fz/notificationIssue/1">
    <header>
        <guid>244c893f-bb86-402a-b8f5-21e7a56aed6a</guid>
        <createDateTime>2017-03-15T10:46:21</createDateTime>
    </header>
    <ns2:body>
        <ns2:item>
            <guid>2b236afa-8ae7-4012-b3a8-ec72f13c9152</guid>
            <ns2:purchaseNoticeEPData>
                <ns2:guid>2b236afa-8ae7-4012-b3a8-ec72f13c9152</ns2:guid>
                <ns2:createDateTime>2017-03-15T10:38:24</ns2:createDateTime>
                <ns2:urlOOS>https://zakupki.gov.ru/223/purchase/private/purchase/notice-info/details.html?noticeInfoId=5876493</ns2:urlOOS>
                <ns2:registrationNumber>31704890346</ns2:registrationNumber>
                <ns2:name>Участие в разработке Заключения о проведении очередного мониторинга самолета Як-40 № RA-87971 с целью определения возможности эксплуатации до следующего этапа мониторинга технического состояния через 2 года (до 26.02.2019 г.)</ns2:name>
                <ns2:customer>
                    <mainInfo>
                        <fullName>Открытое акционерное общество "Опытно-конструкторское бюро им. А.С. Яковлева"</fullName>
                        <shortName>ОАО "ОКБ им. А.С. Яковлева"</shortName>
                        <iko>77714039849771401001</iko>
                        <inn>7714039849</inn>
                        <kpp>771401001</kpp>
                        <ogrn>1027739252298</ogrn>
                        <legalAddress>125315, Москва, Ленинградский, дом 68</legalAddress>
                        <postalAddress>125315, Москва, Ленинградский, дом 68</postalAddress>
                        <phone>7-499-1583581</phone>
                        <fax>7-499-1583581</fax>
                        <email>Logistic@yak.ru</email>
                        <okato>45277553000</okato>
                        <okpo>07542615</okpo>
                    </mainInfo>
                </ns2:customer>
                <ns2:purchaseMethodCode>3363</ns2:purchaseMethodCode>
                <ns2:purchaseCodeName>Закупка у единственного поставщика (исполнителя, подрядчика)</ns2:purchaseCodeName>
                <ns2:placer>
                    <mainInfo>
                        <fullName>Открытое акционерное общество "Опытно-конструкторское бюро им. А.С. Яковлева"</fullName>
                        <shortName>ОАО "ОКБ им. А.С. Яковлева"</shortName>
                        <iko>77714039849771401001</iko>
                        <inn>7714039849</inn>
                        <kpp>771401001</kpp>
                        <ogrn>1027739252298</ogrn>
                        <legalAddress>125315, Москва, Ленинградский, дом 68</legalAddress>
                        <postalAddress>125315, Москва, Ленинградский, дом 68</postalAddress>
                        <phone>7-499-1583581</phone>
                        <fax>7-499-1583581</fax>
                        <email>Logistic@yak.ru</email>
                        <okato>45277553000</okato>
                        <okpo>07542615</okpo>
                    </mainInfo>
                </ns2:placer>
                <ns2:contact>
                    <phone>+7 (499) 1583667</phone>
                    <email>logistic@yak.ru</email>
                    <organization>
                        <mainInfo>
                            <fullName>Открытое акционерное общество "Опытно-конструкторское бюро им. А.С. Яковлева"</fullName>
                            <shortName>ОАО "ОКБ им. А.С. Яковлева"</shortName>
                            <iko>77714039849771401001</iko>
                            <inn>7714039849</inn>
                            <kpp>771401001</kpp>
                            <ogrn>1027739252298</ogrn>
                            <legalAddress>125315, Москва, Ленинградский, дом 68</legalAddress>
                            <postalAddress>125315, Москва, Ленинградский, дом 68</postalAddress>
                            <phone>7-499-1583581</phone>
                            <fax>7-499-1583581</fax>
                            <email>Logistic@yak.ru</email>
                            <okato>45277553000</okato>
                            <okpo>07542615</okpo>
                        </mainInfo>
                    </organization>
                </ns2:contact>
                <ns2:publicationDateTime>2017-03-15T10:46:21</ns2:publicationDateTime>
                <ns2:documentationDelivery/>
                <ns2:status>P</ns2:status>
                <ns2:version>1</ns2:version>
                <ns2:notDishonest>false</ns2:notDishonest>
                <ns2:attachments>
                    <totalDocumentsCount>1</totalDocumentsCount>
                    <document>
                        <guid>80213f47-095a-4075-ab63-c9845f222cbe</guid>
                        <createDateTime>2017-03-15T10:39:54</createDateTime>
                        <fileName>Извещение о закупке у единственного поставщика № 44-Еп.doc</fileName>
                        <description>Извещение о закупке у единственного поставщика № 44-Еп</description>
                        <url>http://zakupki.gov.ru/223/purchase/public/download/download.html?id=30064140</url>
                    </document>
                </ns2:attachments>
                <ns2:modificationDate>2017-03-15T10:46:21</ns2:modificationDate>
                <ns2:saveUserId>34125</ns2:saveUserId>
                <ns2:deliveryPlaceIndication>SINGLE_PLACE</ns2:deliveryPlaceIndication>
                <ns2:emergency>false</ns2:emergency>
                <ns2:jointPurchase>false</ns2:jointPurchase>
                <ns2:lots>
                    <lot>
                        <guid>88bc7276-4168-4d13-86fb-facd8016aea9</guid>
                        <ordinalNumber>1</ordinalNumber>
                        <lotEditEnabled>false</lotEditEnabled>
                        <lotData>
                            <subject>Участие в разработке Заключения о проведении очередного мониторинга самолета Як-40 № RA-87971 с целью определения возможности эксплуатации до следующего этапа мониторинга технического состояния через 2 года (до 26.02.2019 г.)</subject>
                            <currency>
                                <code>RUB</code>
                                <digitalCode>643</digitalCode>
                                <name>Российский рубль</name>
                            </currency>
                            <initialSum>253500.00</initialSum>
                            <deliveryPlace>
                                <state>Центральный федеральный округ</state>
                                <region>Москва</region>
                                <regionOkato>45000000000</regionOkato>
                                <address>125315, г. Москва, Ленинградский проспект, дом 68</address>
                            </deliveryPlace>
                            <lotItems>
                                <newCodes>true</newCodes>
                                <lotItem>
                                    <guid>2c027c61-a56b-4780-bb67-4d755b73e2c6</guid>
                                    <ordinalNumber>1</ordinalNumber>
                                    <okpd2>
                                        <code>72.1</code>
                                        <name>Услуги, связанные с научными исследованиями и экспериментальными разработками в области естественных и технических наук</name>
                                    </okpd2>
                                    <okved2>
                                        <code>73.1</code>
                                        <name>Деятельность рекламная</name>
                                    </okved2>
                                    <okei>
                                        <code>876</code>
                                        <name>Условная единица</name>
                                    </okei>
                                    <qty>1</qty>
                                </lotItem>
                            </lotItems>
                            <forSmallOrMiddle>false</forSmallOrMiddle>
                            <excludePurchaseFromPlan>false</excludePurchaseFromPlan>
                            <subcontractorsRequirement>false</subcontractorsRequirement>
                            <ignoredPurchase>false</ignoredPurchase>
                            <centralized>false</centralized>
                        </lotData>
                        <deliveryPlaceIndication>GL</deliveryPlaceIndication>
                        <jointLotData>
                            <jointLot>false</jointLot>
                        </jointLotData>
                        <lotPlanInfo>
                            <planRegistrationNumber>2160204937</planRegistrationNumber>
                            <planGuid>a9898519-2112-0251-0000-58c1021128be</planGuid>
                            <positionNumber>61</positionNumber>
                            <lotPlanPosition>COMMODITY</lotPlanPosition>
                            <positionGuid>a9898519-2112-0250-0061-000006322556</positionGuid>
                        </lotPlanInfo>
                        <cancelled>false</cancelled>
                    </lot>
                </ns2:lots>
            </ns2:purchaseNoticeEPData>
        </ns2:item>
    </ns2:body>
</ns2:purchaseNoticeEP>
