<?xml version="1.0" encoding="UTF-8" standalone="yes"?>
<ns2:purchaseNoticeEP xsi:schemaLocation="http://zakupki.gov.ru/223/integration/schema/TFF-5.2 http://zakupki.gov.ru/223/integration/schema/TFF-5.2/purchase.xsd" xmlns="http://zakupki.gov.ru/223fz/types/1" xmlns:ns10="http://zakupki.gov.ru/223fz/purchasePlan/1" xmlns:ns11="http://zakupki.gov.ru/223fz/purchasePlanProject/1" xmlns:ns12="http://zakupki.gov.ru/223fz/purchasePlanProjectAdditionalPosition/1" xmlns:ns13="http://zakupki.gov.ru/223fz/contract/1" xmlns:ns14="http://zakupki.gov.ru/223fz/missedNotice/1" xmlns:ns15="http://zakupki.gov.ru/223fz/reference/1" xmlns:ns16="http://zakupki.gov.ru/223fz/stopCommodity/1" xmlns:ns17="http://zakupki.gov.ru/223fz/decisionSuspension/1" xmlns:ns18="http://zakupki.gov.ru/223fz/purchasePlanAdditionalPosition/1" xmlns:ns19="http://zakupki.gov.ru/223fz/webRequest/1" xmlns:ns2="http://zakupki.gov.ru/223fz/purchase/1" xmlns:xsi="http://www.w3.org/2001/XMLSchema-instance" xmlns:ns3="http://zakupki.gov.ru/223fz/dishonestSupplier/1" xmlns:ns4="http://zakupki.gov.ru/223fz/machineryListInfo/1" xmlns:ns5="http://zakupki.gov.ru/223fz/revenue/1" xmlns:ns6="http://zakupki.gov.ru/223fz/orderClauseList/1" xmlns:ns7="http://zakupki.gov.ru/223fz/disagreementProtocol/1" xmlns:ns8="http://zakupki.gov.ru/223fz/complaint/1" xmlns:ns9="http://zakupki.gov.ru/223fz/notificationIssue/1">
    <header>
        <guid>d9cae8b0-90a6-476f-a1cb-4dbbb9c66cc9</guid>
        <createDateTime>2017-03-15T16:36:11</createDateTime>
    </header>
    <ns2:body>
        <ns2:item>
            <guid>58c97433-21bf-10c1-e100-00000a388ca6</guid>
            <ns2:purchaseNoticeEPData>
                <ns2:guid>58c97433-21bf-10c1-e100-00000a388ca6</ns2:guid>
                <ns2:createDateTime>2017-03-15T16:35:22</ns2:createDateTime>
                <ns2:urlOOS>https://zakupki.gov.ru/223/purchase/private/purchase/notice-info/details.html?noticeInfoId=5880416</ns2:urlOOS>
                <ns2:urlVSRZ>https://zakupki.gazprom.ru</ns2:urlVSRZ>
                <ns2:registrationNumber>31704893507</ns2:registrationNumber>
                <ns2:name>Оказание услуг по сбору и транспортировке отходов I-IV классов опасности для нужд ПФ "Астраханьподземгазпром"</ns2:name>
                <ns2:customer>
                    <mainInfo>
                        <fullName>ОБЩЕСТВО С ОГРАНИЧЕННОЙ ОТВЕТСТВЕННОСТЬЮ "ГАЗПРОМ ГЕОТЕХНОЛОГИИ"</fullName>
                        <shortName>ООО "ГАЗПРОМ ГЕОТЕХНОЛОГИИ"</shortName>
                        <iko>67719002546773601001</iko>
                        <inn>7719002546</inn>
                        <kpp>773601001</kpp>
                        <ogrn>1037739149447</ogrn>
                        <legalAddress>119311, Москва, Строителей, дом 8, корпус 1</legalAddress>
                        <postalAddress>123290 г.Москва, улица 1-я Магистральная, д.11/2</postalAddress>
                        <phone>8-499-9404108</phone>
                        <fax>8-499-9400379</fax>
                        <email>mail@gazpromgeotech.ru</email>
                        <okato>45293558000</okato>
                        <okpo>11523652</okpo>
                    </mainInfo>
                </ns2:customer>
                <ns2:purchaseMethodCode>3363</ns2:purchaseMethodCode>
                <ns2:purchaseCodeName>Закупка у единственного поставщика (исполнителя, подрядчика)</ns2:purchaseCodeName>
                <ns2:placer>
                    <mainInfo>
                        <fullName>ОБЩЕСТВО С ОГРАНИЧЕННОЙ ОТВЕТСТВЕННОСТЬЮ "ГАЗПРОМ ГЕОТЕХНОЛОГИИ"</fullName>
                        <shortName>ООО "ГАЗПРОМ ГЕОТЕХНОЛОГИИ"</shortName>
                        <iko>67719002546773601001</iko>
                        <inn>7719002546</inn>
                        <kpp>773601001</kpp>
                        <ogrn>1037739149447</ogrn>
                        <legalAddress>119311, Москва, Строителей, дом 8, корпус 1</legalAddress>
                        <postalAddress>123290 г.Москва, улица 1-я Магистральная, д.11/2</postalAddress>
                        <phone>8-499-9404108</phone>
                        <fax>8-499-9400379</fax>
                        <email>mail@gazpromgeotech.ru</email>
                        <okato>45293558000</okato>
                        <okpo>11523652</okpo>
                    </mainInfo>
                </ns2:placer>
                <ns2:contact>
                    <firstName>Юнна</firstName>
                    <middleName>Викторовна</middleName>
                    <lastName>Ивентьева</lastName>
                    <phone>+8 (499) 9404108</phone>
                    <email>y.chilyakova@gazpromgeotech.ru</email>
                    <organization>
                        <mainInfo>
                            <fullName>ОБЩЕСТВО С ОГРАНИЧЕННОЙ ОТВЕТСТВЕННОСТЬЮ "ГАЗПРОМ ГЕОТЕХНОЛОГИИ"</fullName>
                            <shortName>ООО "ГАЗПРОМ ГЕОТЕХНОЛОГИИ"</shortName>
                            <iko>67719002546773601001</iko>
                            <inn>7719002546</inn>
                            <kpp>773601001</kpp>
                            <ogrn>1037739149447</ogrn>
                            <legalAddress>119311, Москва, Строителей, дом 8, корпус 1</legalAddress>
                            <postalAddress>123290 г.Москва, улица 1-я Магистральная, д.11/2</postalAddress>
                            <phone>8-499-9404108</phone>
                            <fax>8-499-9400379</fax>
                            <email>mail@gazpromgeotech.ru</email>
                            <okato>45293558000</okato>
                            <okpo>11523652</okpo>
                        </mainInfo>
                    </organization>
                </ns2:contact>
                <ns2:publicationDateTime>2017-03-15T16:36:11</ns2:publicationDateTime>
                <ns2:documentationDelivery/>
                <ns2:status>P</ns2:status>
                <ns2:version>1</ns2:version>
                <ns2:notDishonest>false</ns2:notDishonest>
                <ns2:attachments>
                    <totalDocumentsCount>3</totalDocumentsCount>
                    <document>
                        <guid>58c7fa6a-a5ba-38fd-e100-00000a388ca6</guid>
                        <createDateTime>2017-03-15T16:35:29</createDateTime>
                        <fileName>Документация_192.doc</fileName>
                        <description>Документация_192.doc</description>
                        <url>http://zakupki.gov.ru/223/purchase/public/download/download.html?id=30082757</url>
                    </document>
                    <document>
                        <guid>58c7fa6b-a5ba-38fd-e100-00000a388ca6</guid>
                        <createDateTime>2017-03-15T16:35:29</createDateTime>
                        <fileName>Обезличенный Договор  вдв.docx</fileName>
                        <description>Обезличенный Договор  вдв.docx</description>
                        <url>http://zakupki.gov.ru/223/purchase/public/download/download.html?id=30082759</url>
                    </document>
                    <document>
                        <guid>58c7fa6c-a5ba-38fd-e100-00000a388ca6</guid>
                        <createDateTime>2017-03-15T16:35:29</createDateTime>
                        <fileName>Форма 34-Извещение о проведении.doc</fileName>
                        <description>Форма 34-Извещение о проведении.doc</description>
                        <url>http://zakupki.gov.ru/223/purchase/public/download/download.html?id=30082763</url>
                    </document>
                </ns2:attachments>
                <ns2:modificationDate>2017-03-15T16:36:11</ns2:modificationDate>
                <ns2:saveUserId>129282</ns2:saveUserId>
                <ns2:deliveryPlaceIndication>DIFFERENT_PLACE</ns2:deliveryPlaceIndication>
                <ns2:emergency>false</ns2:emergency>
                <ns2:jointPurchase>false</ns2:jointPurchase>
                <ns2:lots>
                    <lot>
                        <guid>58c905ce-1d46-4139-e100-00000a388ca6</guid>
                        <ordinalNumber>1</ordinalNumber>
                        <lotEditEnabled>true</lotEditEnabled>
                        <lotData>
                            <subject>Оказание услуг по сбору и транспортировке отходов I-IV классов опасности для нужд ПФ "Астраханьподземгазпром"</subject>
                            <currency>
                                <code>RUB</code>
                                <digitalCode>643</digitalCode>
                                <name>Российский рубль</name>
                            </currency>
                            <initialSum>156096.75</initialSum>
                            <deliveryPlace>
                                <address>Согласно закупочной документации</address>
                            </deliveryPlace>
                            <lotItems>
                                <newCodes>true</newCodes>
                                <lotItem>
                                    <guid>58c7fa69-a5ba-38fd-e100-00000a388ca6</guid>
                                    <ordinalNumber>1</ordinalNumber>
                                    <okpd2>
                                        <code>38.12.29</code>
                                        <name>Отходы опасные прочие</name>
                                    </okpd2>
                                    <okved2>
                                        <code>38.12</code>
                                        <name>Сбор опасных отходов</name>
                                    </okved2>
                                    <okei>
                                        <code>876</code>
                                        <name>Условная единица</name>
                                    </okei>
                                    <qty>1</qty>
                                </lotItem>
                            </lotItems>
                            <forSmallOrMiddle>false</forSmallOrMiddle>
                            <excludePurchaseFromPlan>false</excludePurchaseFromPlan>
                            <subcontractorsRequirement>false</subcontractorsRequirement>
                            <ignoredPurchase>false</ignoredPurchase>
                            <centralized>false</centralized>
                        </lotData>
                        <deliveryPlaceIndication>GL</deliveryPlaceIndication>
                        <jointLotData>
                            <jointLot>false</jointLot>
                        </jointLotData>
                        <lotPlanInfo>
                            <planRegistrationNumber>2160200272</planRegistrationNumber>
                            <planGuid>58c89cee-fb24-0833-e100-00000a388ca6</planGuid>
                            <positionNumber>58</positionNumber>
                            <lotPlanPosition>COMMODITY</lotPlanPosition>
                            <positionGuid>58c93b1b-348a-c022-e100-00000a388ca6</positionGuid>
                        </lotPlanInfo>
                        <cancelled>false</cancelled>
                    </lot>
                </ns2:lots>
            </ns2:purchaseNoticeEPData>
        </ns2:item>
    </ns2:body>
</ns2:purchaseNoticeEP>
