<?xml version="1.0" encoding="UTF-8" standalone="yes"?>
<ns2:purchaseNoticeEP xsi:schemaLocation="http://zakupki.gov.ru/223/integration/schema/TFF-5.2 http://zakupki.gov.ru/223/integration/schema/TFF-5.2/purchase.xsd" xmlns="http://zakupki.gov.ru/223fz/types/1" xmlns:ns10="http://zakupki.gov.ru/223fz/purchasePlan/1" xmlns:ns11="http://zakupki.gov.ru/223fz/purchasePlanProject/1" xmlns:ns12="http://zakupki.gov.ru/223fz/purchasePlanProjectAdditionalPosition/1" xmlns:ns13="http://zakupki.gov.ru/223fz/contract/1" xmlns:ns14="http://zakupki.gov.ru/223fz/missedNotice/1" xmlns:ns15="http://zakupki.gov.ru/223fz/reference/1" xmlns:ns16="http://zakupki.gov.ru/223fz/stopCommodity/1" xmlns:ns17="http://zakupki.gov.ru/223fz/decisionSuspension/1" xmlns:ns18="http://zakupki.gov.ru/223fz/purchasePlanAdditionalPosition/1" xmlns:ns19="http://zakupki.gov.ru/223fz/webRequest/1" xmlns:ns2="http://zakupki.gov.ru/223fz/purchase/1" xmlns:xsi="http://www.w3.org/2001/XMLSchema-instance" xmlns:ns3="http://zakupki.gov.ru/223fz/dishonestSupplier/1" xmlns:ns4="http://zakupki.gov.ru/223fz/machineryListInfo/1" xmlns:ns5="http://zakupki.gov.ru/223fz/revenue/1" xmlns:ns6="http://zakupki.gov.ru/223fz/orderClauseList/1" xmlns:ns7="http://zakupki.gov.ru/223fz/disagreementProtocol/1" xmlns:ns8="http://zakupki.gov.ru/223fz/complaint/1" xmlns:ns9="http://zakupki.gov.ru/223fz/notificationIssue/1">
    <header>
        <guid>1aa96f93-2dd5-4bdd-8a2d-20b720cd3da2</guid>
        <createDateTime>2017-03-15T15:28:28</createDateTime>
    </header>
    <ns2:body>
        <ns2:item>
            <guid>ba9ecd34-fff6-4b76-8dc6-9409e62d4654</guid>
            <ns2:purchaseNoticeEPData>
                <ns2:guid>ba9ecd34-fff6-4b76-8dc6-9409e62d4654</ns2:guid>
                <ns2:createDateTime>2017-03-15T15:22:15</ns2:createDateTime>
                <ns2:urlOOS>https://zakupki.gov.ru/223/purchase/private/purchase/notice-info/details.html?noticeInfoId=5879566</ns2:urlOOS>
                <ns2:registrationNumber>31704892786</ns2:registrationNumber>
                <ns2:name>Оказание услуг по организационно-техническомуобеспечению участия студентов РУДН в проводимом на базе штаб-квартиры ЮНЕСКО вПариже выездном фестивале самодеятельного творчества студентов РУДН</ns2:name>
                <ns2:customer>
                    <mainInfo>
                        <fullName>ФЕДЕРАЛЬНОЕ ГОСУДАРСТВЕННОЕ АВТОНОМНОЕ ОБРАЗОВАТЕЛЬНОЕ УЧРЕЖДЕНИЕ ВЫСШЕГО ОБРАЗОВАНИЯ "РОССИЙСКИЙ УНИВЕРСИТЕТ ДРУЖБЫ НАРОДОВ"</fullName>
                        <shortName>РУДН, РОССИЙСКИЙ УНИВЕРСИТЕТ ДРУЖБЫ НАРОДОВ, ФГАОУ ВО РУДН,ФГАОУ ВО "РОССИЙСКИЙ УНИВЕРСИТЕТ ДРУЖБЫ НАРОДОВ"</shortName>
                        <iko>57728073720772801001</iko>
                        <inn>7728073720</inn>
                        <kpp>772801001</kpp>
                        <ogrn>1027739189323</ogrn>
                        <legalAddress>117198, Г МОСКВА, УЛ МИКЛУХО-МАКЛАЯ, дом ДОМ 6</legalAddress>
                        <postalAddress>117198, Москва г, Миклухо-Маклая ул, дом 6</postalAddress>
                        <phone>7-495-7873803-1355</phone>
                        <fax>7-495-4343110</fax>
                        <email>ekk3@rudn.ru</email>
                        <okato>45293578000</okato>
                        <okpo>02066463</okpo>
                    </mainInfo>
                </ns2:customer>
                <ns2:purchaseMethodCode>3363</ns2:purchaseMethodCode>
                <ns2:purchaseCodeName>Закупка у единственного поставщика (исполнителя, подрядчика)</ns2:purchaseCodeName>
                <ns2:placer>
                    <mainInfo>
                        <fullName>ФЕДЕРАЛЬНОЕ ГОСУДАРСТВЕННОЕ АВТОНОМНОЕ ОБРАЗОВАТЕЛЬНОЕ УЧРЕЖДЕНИЕ ВЫСШЕГО ОБРАЗОВАНИЯ "РОССИЙСКИЙ УНИВЕРСИТЕТ ДРУЖБЫ НАРОДОВ"</fullName>
                        <shortName>РУДН, РОССИЙСКИЙ УНИВЕРСИТЕТ ДРУЖБЫ НАРОДОВ, ФГАОУ ВО РУДН,ФГАОУ ВО "РОССИЙСКИЙ УНИВЕРСИТЕТ ДРУЖБЫ НАРОДОВ"</shortName>
                        <iko>57728073720772801001</iko>
                        <inn>7728073720</inn>
                        <kpp>772801001</kpp>
                        <ogrn>1027739189323</ogrn>
                        <legalAddress>117198, Г МОСКВА, УЛ МИКЛУХО-МАКЛАЯ, дом ДОМ 6</legalAddress>
                        <postalAddress>117198, Москва г, Миклухо-Маклая ул, дом 6</postalAddress>
                        <phone>7-495-7873803-1355</phone>
                        <fax>7-495-4343110</fax>
                        <email>ekk3@rudn.ru</email>
                        <okato>45293578000</okato>
                        <okpo>02066463</okpo>
                    </mainInfo>
                </ns2:placer>
                <ns2:contact>
                    <firstName>Александр</firstName>
                    <middleName>Александрович</middleName>
                    <lastName>Уткин</lastName>
                    <phone>+7 (495) 4330401</phone>
                    <email>utkin_aa@rudn.university</email>
                    <organization>
                        <mainInfo>
                            <fullName>ФЕДЕРАЛЬНОЕ ГОСУДАРСТВЕННОЕ АВТОНОМНОЕ ОБРАЗОВАТЕЛЬНОЕ УЧРЕЖДЕНИЕ ВЫСШЕГО ОБРАЗОВАНИЯ "РОССИЙСКИЙ УНИВЕРСИТЕТ ДРУЖБЫ НАРОДОВ"</fullName>
                            <shortName>РУДН, РОССИЙСКИЙ УНИВЕРСИТЕТ ДРУЖБЫ НАРОДОВ, ФГАОУ ВО РУДН,ФГАОУ ВО "РОССИЙСКИЙ УНИВЕРСИТЕТ ДРУЖБЫ НАРОДОВ"</shortName>
                            <iko>57728073720772801001</iko>
                            <inn>7728073720</inn>
                            <kpp>772801001</kpp>
                            <ogrn>1027739189323</ogrn>
                            <legalAddress>117198, Г МОСКВА, УЛ МИКЛУХО-МАКЛАЯ, дом ДОМ 6</legalAddress>
                            <postalAddress>117198, Москва г, Миклухо-Маклая ул, дом 6</postalAddress>
                            <phone>7-495-7873803-1355</phone>
                            <fax>7-495-4343110</fax>
                            <email>ekk3@rudn.ru</email>
                            <okato>45293578000</okato>
                            <okpo>02066463</okpo>
                        </mainInfo>
                    </organization>
                </ns2:contact>
                <ns2:publicationDateTime>2017-03-15T15:28:28</ns2:publicationDateTime>
                <ns2:documentationDelivery>
                    <procedure>не предусмотрен</procedure>
                </ns2:documentationDelivery>
                <ns2:status>P</ns2:status>
                <ns2:version>1</ns2:version>
                <ns2:notDishonest>true</ns2:notDishonest>
                <ns2:attachments>
                    <totalDocumentsCount>1</totalDocumentsCount>
                    <document>
                        <guid>64c6a137-3a2c-4c3a-847c-7b07774ee707</guid>
                        <createDateTime>2017-03-15T15:26:02</createDateTime>
                        <fileName>Документация.doc</fileName>
                        <description>Документация</description>
                        <url>http://zakupki.gov.ru/223/purchase/public/download/download.html?id=30079022</url>
                    </document>
                </ns2:attachments>
                <ns2:modificationDate>2017-03-15T15:28:28</ns2:modificationDate>
                <ns2:saveUserId>114699</ns2:saveUserId>
                <ns2:deliveryPlaceIndication>SINGLE_PLACE</ns2:deliveryPlaceIndication>
                <ns2:emergency>false</ns2:emergency>
                <ns2:jointPurchase>false</ns2:jointPurchase>
                <ns2:lots>
                    <lot>
                        <guid>c2a065d5-7971-44bc-8236-1177cbfcf608</guid>
                        <ordinalNumber>1</ordinalNumber>
                        <lotEditEnabled>false</lotEditEnabled>
                        <lotData>
                            <subject>Оказание услуг по организационно-техническому обеспечению участия студентов РУДН в проводимом на базе штаб-квартиры ЮНЕСКО в Париже выездном фестивале самодеятельного творчества студентов РУДН</subject>
                            <currency>
                                <code>RUB</code>
                                <digitalCode>643</digitalCode>
                                <name>Российский рубль</name>
                            </currency>
                            <initialSum>4900000.00</initialSum>
                            <deliveryPlace>
                                <address>Россия, г. Москва, ул. Миклухо-Маклая, дом 6 – Франция, Париж, штаб-квартира ЮНЕСКО - Россия, г. Москва, ул. Миклухо-Маклая, дом 6.</address>
                            </deliveryPlace>
                            <lotItems>
                                <newCodes>true</newCodes>
                                <lotItem>
                                    <guid>fc5469bd-d0c5-4093-ace2-abcb04273026</guid>
                                    <ordinalNumber>1</ordinalNumber>
                                    <okpd2>
                                        <code>90.02.12.000</code>
                                        <name>Услуги по организации показа спектаклей, концертов и иных зрелищных программ (произведений исполнительского искусства), включая мероприятия по продвижению исполнительских искусств</name>
                                    </okpd2>
                                    <okved2>
                                        <code>90.02</code>
                                        <name>Деятельность вспомогательная, связанная с исполнительскими искусствами</name>
                                    </okved2>
                                    <okei>
                                        <code>876</code>
                                        <name>Условная единица</name>
                                    </okei>
                                    <qty>1</qty>
                                    <additionalInfo>Условная единица-весь комплекс услуг.</additionalInfo>
                                </lotItem>
                            </lotItems>
                            <forSmallOrMiddle>false</forSmallOrMiddle>
                            <excludePurchaseFromPlan>false</excludePurchaseFromPlan>
                            <subcontractorsRequirement>false</subcontractorsRequirement>
                            <ignoredPurchase>false</ignoredPurchase>
                            <centralized>false</centralized>
                        </lotData>
                        <deliveryPlaceIndication>GL</deliveryPlaceIndication>
                        <jointLotData>
                            <jointLot>false</jointLot>
                        </jointLotData>
                        <lotPlanInfo>
                            <planRegistrationNumber>2160207518</planRegistrationNumber>
                            <planGuid>9553a693-8486-4703-9a5b-d14a89e83cf5</planGuid>
                            <positionNumber>426</positionNumber>
                            <lotPlanPosition>COMMODITY</lotPlanPosition>
                            <positionGuid>20f67b1a-9a33-4066-a574-b6bfd7995670</positionGuid>
                        </lotPlanInfo>
                        <cancelled>false</cancelled>
                    </lot>
                </ns2:lots>
            </ns2:purchaseNoticeEPData>
        </ns2:item>
    </ns2:body>
</ns2:purchaseNoticeEP>
