<?xml version="1.0" encoding="UTF-8" standalone="yes"?>
<ns2:purchaseNoticeEP xsi:schemaLocation="http://zakupki.gov.ru/223/integration/schema/TFF-5.2 http://zakupki.gov.ru/223/integration/schema/TFF-5.2/purchase.xsd" xmlns="http://zakupki.gov.ru/223fz/types/1" xmlns:ns10="http://zakupki.gov.ru/223fz/purchasePlan/1" xmlns:ns11="http://zakupki.gov.ru/223fz/purchasePlanProject/1" xmlns:ns12="http://zakupki.gov.ru/223fz/purchasePlanProjectAdditionalPosition/1" xmlns:ns13="http://zakupki.gov.ru/223fz/contract/1" xmlns:ns14="http://zakupki.gov.ru/223fz/missedNotice/1" xmlns:ns15="http://zakupki.gov.ru/223fz/reference/1" xmlns:ns16="http://zakupki.gov.ru/223fz/stopCommodity/1" xmlns:ns17="http://zakupki.gov.ru/223fz/decisionSuspension/1" xmlns:ns18="http://zakupki.gov.ru/223fz/purchasePlanAdditionalPosition/1" xmlns:ns19="http://zakupki.gov.ru/223fz/webRequest/1" xmlns:ns2="http://zakupki.gov.ru/223fz/purchase/1" xmlns:xsi="http://www.w3.org/2001/XMLSchema-instance" xmlns:ns3="http://zakupki.gov.ru/223fz/dishonestSupplier/1" xmlns:ns4="http://zakupki.gov.ru/223fz/machineryListInfo/1" xmlns:ns5="http://zakupki.gov.ru/223fz/revenue/1" xmlns:ns6="http://zakupki.gov.ru/223fz/orderClauseList/1" xmlns:ns7="http://zakupki.gov.ru/223fz/disagreementProtocol/1" xmlns:ns8="http://zakupki.gov.ru/223fz/complaint/1" xmlns:ns9="http://zakupki.gov.ru/223fz/notificationIssue/1">
    <header>
        <guid>e7da8781-07e5-438b-8fdc-b0e1457834d1</guid>
        <createDateTime>2017-03-15T18:04:17</createDateTime>
    </header>
    <ns2:body>
        <ns2:item>
            <guid>5f8bc62d-b402-4780-9b2a-0804be4ebe97</guid>
            <ns2:purchaseNoticeEPData>
                <ns2:guid>5f8bc62d-b402-4780-9b2a-0804be4ebe97</ns2:guid>
                <ns2:createDateTime>2017-03-15T17:14:07</ns2:createDateTime>
                <ns2:urlOOS>https://zakupki.gov.ru/223/purchase/private/purchase/notice-info/details.html?noticeInfoId=5880804</ns2:urlOOS>
                <ns2:registrationNumber>31704894105</ns2:registrationNumber>
                <ns2:name>Поставка электроэнергии</ns2:name>
                <ns2:customer>
                    <mainInfo>
                        <fullName>ГОСУДАРСТВЕННАЯ КОРПОРАЦИЯ "БАНК РАЗВИТИЯ И ВНЕШНЕЭКОНОМИЧЕСКОЙ ДЕЯТЕЛЬНОСТИ (ВНЕШЭКОНОМБАНК)"</fullName>
                        <shortName>ВНЕШЭКОНОМБАНК</shortName>
                        <iko>57750004150997950001</iko>
                        <inn>7750004150</inn>
                        <kpp>775001001</kpp>
                        <ogrn>1077711000102</ogrn>
                        <legalAddress>107996, Г МОСКВА, ПР-КТ АКАДЕМИКА САХАРОВА, дом 9</legalAddress>
                        <postalAddress>пр-т Академика Сахарова, д.9, Москва, 107996, Россия</postalAddress>
                        <phone>7-495-2285782</phone>
                        <email>VAD_zak@veb.ru</email>
                        <okato>45286565000</okato>
                        <okpo>00005061</okpo>
                    </mainInfo>
                </ns2:customer>
                <ns2:purchaseMethodCode>3363</ns2:purchaseMethodCode>
                <ns2:purchaseCodeName>Закупка у единственного поставщика (исполнителя, подрядчика)</ns2:purchaseCodeName>
                <ns2:placer>
                    <mainInfo>
                        <fullName>ГОСУДАРСТВЕННАЯ КОРПОРАЦИЯ "БАНК РАЗВИТИЯ И ВНЕШНЕЭКОНОМИЧЕСКОЙ ДЕЯТЕЛЬНОСТИ (ВНЕШЭКОНОМБАНК)"</fullName>
                        <shortName>ВНЕШЭКОНОМБАНК</shortName>
                        <iko>57750004150997950001</iko>
                        <inn>7750004150</inn>
                        <kpp>775001001</kpp>
                        <ogrn>1077711000102</ogrn>
                        <legalAddress>107996, Г МОСКВА, ПР-КТ АКАДЕМИКА САХАРОВА, дом 9</legalAddress>
                        <postalAddress>пр-т Академика Сахарова, д.9, Москва, 107996, Россия</postalAddress>
                        <phone>7-495-2285782</phone>
                        <email>VAD_zak@veb.ru</email>
                        <okato>45286565000</okato>
                        <okpo>00005061</okpo>
                    </mainInfo>
                </ns2:placer>
                <ns2:contact>
                    <firstName>Евгений</firstName>
                    <middleName>Николаевич</middleName>
                    <lastName>Князев</lastName>
                    <phone>+7 (495) 2285723</phone>
                    <email>knyazev_en@veb.ru</email>
                    <organization>
                        <mainInfo>
                            <fullName>ГОСУДАРСТВЕННАЯ КОРПОРАЦИЯ "БАНК РАЗВИТИЯ И ВНЕШНЕЭКОНОМИЧЕСКОЙ ДЕЯТЕЛЬНОСТИ (ВНЕШЭКОНОМБАНК)"</fullName>
                            <shortName>ВНЕШЭКОНОМБАНК</shortName>
                            <iko>57750004150997950001</iko>
                            <inn>7750004150</inn>
                            <kpp>775001001</kpp>
                            <ogrn>1077711000102</ogrn>
                            <legalAddress>107996, Г МОСКВА, ПР-КТ АКАДЕМИКА САХАРОВА, дом 9</legalAddress>
                            <postalAddress>пр-т Академика Сахарова, д.9, Москва, 107996, Россия</postalAddress>
                            <phone>7-495-2285782</phone>
                            <email>VAD_zak@veb.ru</email>
                            <okato>45286565000</okato>
                            <okpo>00005061</okpo>
                        </mainInfo>
                    </organization>
                </ns2:contact>
                <ns2:publicationDateTime>2017-03-15T18:04:17</ns2:publicationDateTime>
                <ns2:documentationDelivery>
                    <place>www.zakupki.gov.ru</place>
                    <procedure>документация о закупке у единственного поставщика предоставляется в форме электронного документа без взимания платы в информационно-телекоммуникационной сети Интернет на официальном сайте для размещения информации о закупках отдельными видами юридических лиц</procedure>
                </ns2:documentationDelivery>
                <ns2:status>P</ns2:status>
                <ns2:version>1</ns2:version>
                <ns2:notDishonest>false</ns2:notDishonest>
                <ns2:attachments>
                    <totalDocumentsCount>2</totalDocumentsCount>
                    <document>
                        <guid>d9edf28e-3c60-490a-b579-989682b9e5a8</guid>
                        <createDateTime>2017-03-15T17:15:06</createDateTime>
                        <fileName>0034-060102 Документация.pdf</fileName>
                        <description>0034-060102 Документация</description>
                        <url>http://zakupki.gov.ru/223/purchase/public/download/download.html?id=30084500</url>
                    </document>
                    <document>
                        <guid>71877b78-536b-4ba9-a194-f035a95fa412</guid>
                        <createDateTime>2017-03-15T17:15:03</createDateTime>
                        <fileName>0034-060102 Извещение.pdf</fileName>
                        <description>0034-060102 Извещение</description>
                        <url>http://zakupki.gov.ru/223/purchase/public/download/download.html?id=30084488</url>
                    </document>
                </ns2:attachments>
                <ns2:modificationDate>2017-03-15T18:04:17</ns2:modificationDate>
                <ns2:saveUserId>50194</ns2:saveUserId>
                <ns2:deliveryPlaceIndication>SINGLE_PLACE</ns2:deliveryPlaceIndication>
                <ns2:emergency>false</ns2:emergency>
                <ns2:jointPurchase>false</ns2:jointPurchase>
                <ns2:lots>
                    <lot>
                        <guid>500dac1c-7343-452b-ba03-ab36468b1970</guid>
                        <ordinalNumber>1</ordinalNumber>
                        <lotEditEnabled>false</lotEditEnabled>
                        <lotData>
                            <subject>Поставка электроэнергии
</subject>
                            <currency>
                                <code>RUB</code>
                                <digitalCode>643</digitalCode>
                                <name>Российский рубль</name>
                            </currency>
                            <initialSum>5400000.00</initialSum>
                            <deliveryPlace>
                                <state>Центральный федеральный округ</state>
                                <region>Москва</region>
                                <regionOkato>45000000000</regionOkato>
                                <address>пр-т Академика Сахарова, д. 9, Москва, Россия, 107996</address>
                            </deliveryPlace>
                            <lotItems>
                                <newCodes>true</newCodes>
                                <lotItem>
                                    <guid>ea41e85a-7982-4f84-98f4-136b68f82d37</guid>
                                    <ordinalNumber>1</ordinalNumber>
                                    <okpd2>
                                        <code>35.11</code>
                                        <name>Электроэнергия</name>
                                    </okpd2>
                                    <okved2>
                                        <code>35.1</code>
                                        <name>Производство, передача и распределение электроэнергии</name>
                                    </okved2>
                                    <okei>
                                        <code>642</code>
                                        <name>Единица</name>
                                    </okei>
                                    <qty>1</qty>
                                </lotItem>
                            </lotItems>
                            <forSmallOrMiddle>false</forSmallOrMiddle>
                            <excludePurchaseFromPlan>false</excludePurchaseFromPlan>
                            <subcontractorsRequirement>false</subcontractorsRequirement>
                            <ignoredPurchase>false</ignoredPurchase>
                            <centralized>false</centralized>
                        </lotData>
                        <deliveryPlaceIndication>GL</deliveryPlaceIndication>
                        <jointLotData>
                            <jointLot>false</jointLot>
                        </jointLotData>
                        <lotPlanInfo>
                            <planRegistrationNumber>2160214330</planRegistrationNumber>
                            <planGuid>88c0cb3f-4575-4131-9ae1-a273e74b8595</planGuid>
                            <positionNumber>510</positionNumber>
                            <lotPlanPosition>COMMODITY</lotPlanPosition>
                            <positionGuid>0f570089-71d0-4cd6-97a0-33bad47b488c</positionGuid>
                        </lotPlanInfo>
                        <cancelled>false</cancelled>
                    </lot>
                </ns2:lots>
            </ns2:purchaseNoticeEPData>
        </ns2:item>
    </ns2:body>
</ns2:purchaseNoticeEP>
