<?xml version="1.0" encoding="UTF-8" standalone="yes"?>
<ns2:purchaseNoticeEP xsi:schemaLocation="http://zakupki.gov.ru/223/integration/schema/TFF-5.2 http://zakupki.gov.ru/223/integration/schema/TFF-5.2/purchase.xsd" xmlns="http://zakupki.gov.ru/223fz/types/1" xmlns:ns10="http://zakupki.gov.ru/223fz/purchasePlan/1" xmlns:ns11="http://zakupki.gov.ru/223fz/purchasePlanProject/1" xmlns:ns12="http://zakupki.gov.ru/223fz/purchasePlanProjectAdditionalPosition/1" xmlns:ns13="http://zakupki.gov.ru/223fz/contract/1" xmlns:ns14="http://zakupki.gov.ru/223fz/missedNotice/1" xmlns:ns15="http://zakupki.gov.ru/223fz/reference/1" xmlns:ns16="http://zakupki.gov.ru/223fz/stopCommodity/1" xmlns:ns17="http://zakupki.gov.ru/223fz/decisionSuspension/1" xmlns:ns18="http://zakupki.gov.ru/223fz/purchasePlanAdditionalPosition/1" xmlns:ns19="http://zakupki.gov.ru/223fz/webRequest/1" xmlns:ns2="http://zakupki.gov.ru/223fz/purchase/1" xmlns:xsi="http://www.w3.org/2001/XMLSchema-instance" xmlns:ns3="http://zakupki.gov.ru/223fz/dishonestSupplier/1" xmlns:ns4="http://zakupki.gov.ru/223fz/machineryListInfo/1" xmlns:ns5="http://zakupki.gov.ru/223fz/revenue/1" xmlns:ns6="http://zakupki.gov.ru/223fz/orderClauseList/1" xmlns:ns7="http://zakupki.gov.ru/223fz/disagreementProtocol/1" xmlns:ns8="http://zakupki.gov.ru/223fz/complaint/1" xmlns:ns9="http://zakupki.gov.ru/223fz/notificationIssue/1">
    <header>
        <guid>59434f30-7f22-4f33-b691-eaaaf581cc79</guid>
        <createDateTime>2017-03-15T16:11:02</createDateTime>
    </header>
    <ns2:body>
        <ns2:item>
            <guid>e54b5d3f-f3c9-4fbe-8fd6-78934aeb631e</guid>
            <ns2:purchaseNoticeEPData>
                <ns2:guid>e54b5d3f-f3c9-4fbe-8fd6-78934aeb631e</ns2:guid>
                <ns2:createDateTime>2017-03-15T16:02:19</ns2:createDateTime>
                <ns2:urlOOS>https://zakupki.gov.ru/223/purchase/private/purchase/notice-info/details.html?noticeInfoId=5880072</ns2:urlOOS>
                <ns2:registrationNumber>31704893268</ns2:registrationNumber>
                <ns2:name>Проведение научно-исследовательских работ иразработка проектно-сметной документации по Оружейной палате Московского Кремля</ns2:name>
                <ns2:customer>
                    <mainInfo>
                        <fullName>ФЕДЕРАЛЬНОЕ ГОСУДАРСТВЕННОЕ БЮДЖЕТНОЕ УЧРЕЖДЕНИЕ КУЛЬТУРЫ "ГОСУДАРСТВЕННЫЙ ИСТОРИКО-КУЛЬТУРНЫЙ МУЗЕЙ-ЗАПОВЕДНИК "МОСКОВСКИЙ КРЕМЛЬ"</fullName>
                        <shortName>МУЗЕИ МОСКОВСКОГО КРЕМЛЯ</shortName>
                        <iko>87704017525770401001</iko>
                        <inn>7704017525</inn>
                        <kpp>770401001</kpp>
                        <ogrn>1027739029856</ogrn>
                        <legalAddress>103073, Г МОСКВА, УЛ КРЕМЛЬ</legalAddress>
                        <postalAddress>107073, г.Москва, Кремль</postalAddress>
                        <phone>7-495-6959531</phone>
                        <fax>7-495-6959531</fax>
                        <email>gagarina.e@kremlin.museum.ru</email>
                        <okato>45286585000</okato>
                        <okpo>02174773</okpo>
                    </mainInfo>
                </ns2:customer>
                <ns2:purchaseMethodCode>3363</ns2:purchaseMethodCode>
                <ns2:purchaseCodeName>Закупка у единственного поставщика (исполнителя, подрядчика)</ns2:purchaseCodeName>
                <ns2:placer>
                    <mainInfo>
                        <fullName>ФЕДЕРАЛЬНОЕ ГОСУДАРСТВЕННОЕ БЮДЖЕТНОЕ УЧРЕЖДЕНИЕ КУЛЬТУРЫ "ГОСУДАРСТВЕННЫЙ ИСТОРИКО-КУЛЬТУРНЫЙ МУЗЕЙ-ЗАПОВЕДНИК "МОСКОВСКИЙ КРЕМЛЬ"</fullName>
                        <shortName>МУЗЕИ МОСКОВСКОГО КРЕМЛЯ</shortName>
                        <iko>87704017525770401001</iko>
                        <inn>7704017525</inn>
                        <kpp>770401001</kpp>
                        <ogrn>1027739029856</ogrn>
                        <legalAddress>103073, Г МОСКВА, УЛ КРЕМЛЬ</legalAddress>
                        <postalAddress>107073, г.Москва, Кремль</postalAddress>
                        <phone>7-495-6959531</phone>
                        <fax>7-495-6959531</fax>
                        <email>gagarina.e@kremlin.museum.ru</email>
                        <okato>45286585000</okato>
                        <okpo>02174773</okpo>
                    </mainInfo>
                </ns2:placer>
                <ns2:contact>
                    <firstName>Светлана</firstName>
                    <middleName>Анатольевна</middleName>
                    <lastName>Фадеева</lastName>
                    <phone>+7 (495) 6918711</phone>
                    <email>fadeeva@kremlin.museum.ru</email>
                    <organization>
                        <mainInfo>
                            <fullName>ФЕДЕРАЛЬНОЕ ГОСУДАРСТВЕННОЕ БЮДЖЕТНОЕ УЧРЕЖДЕНИЕ КУЛЬТУРЫ "ГОСУДАРСТВЕННЫЙ ИСТОРИКО-КУЛЬТУРНЫЙ МУЗЕЙ-ЗАПОВЕДНИК "МОСКОВСКИЙ КРЕМЛЬ"</fullName>
                            <shortName>МУЗЕИ МОСКОВСКОГО КРЕМЛЯ</shortName>
                            <iko>87704017525770401001</iko>
                            <inn>7704017525</inn>
                            <kpp>770401001</kpp>
                            <ogrn>1027739029856</ogrn>
                            <legalAddress>103073, Г МОСКВА, УЛ КРЕМЛЬ</legalAddress>
                            <postalAddress>107073, г.Москва, Кремль</postalAddress>
                            <phone>7-495-6959531</phone>
                            <fax>7-495-6959531</fax>
                            <email>gagarina.e@kremlin.museum.ru</email>
                            <okato>45286585000</okato>
                            <okpo>02174773</okpo>
                        </mainInfo>
                    </organization>
                </ns2:contact>
                <ns2:publicationDateTime>2017-03-15T16:11:02</ns2:publicationDateTime>
                <ns2:documentationDelivery/>
                <ns2:status>P</ns2:status>
                <ns2:version>1</ns2:version>
                <ns2:notDishonest>false</ns2:notDishonest>
                <ns2:attachments>
                    <totalDocumentsCount>5</totalDocumentsCount>
                    <document>
                        <guid>f87a3763-5638-482c-b7e7-ede691040a40</guid>
                        <createDateTime>2017-03-15T16:05:03</createDateTime>
                        <fileName>ТЗ - ПСД - Оружейная палата.doc</fileName>
                        <description>ТЗ - ПСД - Оружейная палата</description>
                        <url>http://zakupki.gov.ru/223/purchase/public/download/download.html?id=30081267</url>
                    </document>
                    <document>
                        <guid>b3199f8a-16a5-44f3-bc06-f9cca84e18d2</guid>
                        <createDateTime>2017-03-15T16:04:08</createDateTime>
                        <fileName>Проект договора - ПСД - Оружейная палата.docx</fileName>
                        <description>Проект договора - ПСД - Оружейная палата</description>
                        <url>http://zakupki.gov.ru/223/purchase/public/download/download.html?id=30081237</url>
                    </document>
                    <document>
                        <guid>57b912d9-e25c-49cd-8a84-e5b28ce86a36</guid>
                        <createDateTime>2017-03-15T16:05:25</createDateTime>
                        <fileName>Календарный план - ПСД - Оружейная палата.xlsx</fileName>
                        <description>Календарный план - ПСД - Оружейная палата</description>
                        <url>http://zakupki.gov.ru/223/purchase/public/download/download.html?id=30081318</url>
                    </document>
                    <document>
                        <guid>80a60e95-3d2f-4c3e-b07f-e939f9ac9dbc</guid>
                        <createDateTime>2017-03-15T16:05:18</createDateTime>
                        <fileName>Смета - ПСД - Оружейная палата.xlsx</fileName>
                        <description>Смета - ПСД - Оружейная палата</description>
                        <url>http://zakupki.gov.ru/223/purchase/public/download/download.html?id=30081305</url>
                    </document>
                    <document>
                        <guid>d5426b01-91d8-45ff-9146-f98de14dd62f</guid>
                        <createDateTime>2017-03-15T16:03:59</createDateTime>
                        <fileName>Документация_ЕП_223 - ПСД - Оружейная палата.doc</fileName>
                        <description>Документация_ЕП_223 - ПСД - Оружейная палата</description>
                        <url>http://zakupki.gov.ru/223/purchase/public/download/download.html?id=30081230</url>
                    </document>
                </ns2:attachments>
                <ns2:modificationDate>2017-03-15T16:11:02</ns2:modificationDate>
                <ns2:saveUserId>219797</ns2:saveUserId>
                <ns2:deliveryPlaceIndication>SINGLE_PLACE</ns2:deliveryPlaceIndication>
                <ns2:emergency>false</ns2:emergency>
                <ns2:jointPurchase>false</ns2:jointPurchase>
                <ns2:lots>
                    <lot>
                        <guid>3873cff8-ead3-49f1-a5f6-0ca1e185365c</guid>
                        <ordinalNumber>1</ordinalNumber>
                        <lotEditEnabled>false</lotEditEnabled>
                        <lotData>
                            <subject>Оружейная палата Московского Кремля. Проведение научно-исследовательских работ и разработка проектно-сметной документации</subject>
                            <currency>
                                <code>RUB</code>
                                <digitalCode>643</digitalCode>
                                <name>Российский рубль</name>
                            </currency>
                            <initialSum>466393.12</initialSum>
                            <deliveryPlace>
                                <state>Центральный федеральный округ</state>
                                <region>Москва</region>
                                <regionOkato>45000000000</regionOkato>
                                <address>г. Москва, Государственная Оружейная палата</address>
                            </deliveryPlace>
                            <lotItems>
                                <newCodes>true</newCodes>
                                <lotItem>
                                    <guid>f2c0dacb-fa26-45dc-8357-fb9b61ae32b3</guid>
                                    <ordinalNumber>1</ordinalNumber>
                                    <okpd2>
                                        <code>71.11.23.000</code>
                                        <name>Услуги в области архитектуры, связанные с реставрацией исторических зданий</name>
                                    </okpd2>
                                    <okved2>
                                        <code>71.11</code>
                                        <name>Деятельность в области архитектуры</name>
                                    </okved2>
                                    <okei>
                                        <code>876</code>
                                        <name>Условная единица</name>
                                    </okei>
                                    <qty>1</qty>
                                </lotItem>
                            </lotItems>
                            <forSmallOrMiddle>false</forSmallOrMiddle>
                            <excludePurchaseFromPlan>false</excludePurchaseFromPlan>
                            <subcontractorsRequirement>false</subcontractorsRequirement>
                            <ignoredPurchase>false</ignoredPurchase>
                            <centralized>false</centralized>
                        </lotData>
                        <deliveryPlaceIndication>GL</deliveryPlaceIndication>
                        <jointLotData>
                            <jointLot>false</jointLot>
                        </jointLotData>
                        <lotPlanInfo>
                            <planRegistrationNumber>2170222929</planRegistrationNumber>
                            <planGuid>db8d7b6a-b6d4-4b09-b352-df135b6a8fd7</planGuid>
                            <positionNumber>72</positionNumber>
                            <lotPlanPosition>COMMODITY</lotPlanPosition>
                            <positionGuid>4e40c006-432e-43ed-937e-4de50aad2cbd</positionGuid>
                        </lotPlanInfo>
                        <cancelled>false</cancelled>
                    </lot>
                </ns2:lots>
            </ns2:purchaseNoticeEPData>
        </ns2:item>
    </ns2:body>
</ns2:purchaseNoticeEP>
