<?xml version="1.0" encoding="UTF-8" standalone="yes"?>
<ns2:purchaseNoticeEP xsi:schemaLocation="http://zakupki.gov.ru/223/integration/schema/TFF-5.2 http://zakupki.gov.ru/223/integration/schema/TFF-5.2/purchase.xsd" xmlns="http://zakupki.gov.ru/223fz/types/1" xmlns:ns10="http://zakupki.gov.ru/223fz/purchasePlan/1" xmlns:ns11="http://zakupki.gov.ru/223fz/purchasePlanProject/1" xmlns:ns12="http://zakupki.gov.ru/223fz/purchasePlanProjectAdditionalPosition/1" xmlns:ns13="http://zakupki.gov.ru/223fz/contract/1" xmlns:ns14="http://zakupki.gov.ru/223fz/missedNotice/1" xmlns:ns15="http://zakupki.gov.ru/223fz/reference/1" xmlns:ns16="http://zakupki.gov.ru/223fz/stopCommodity/1" xmlns:ns17="http://zakupki.gov.ru/223fz/decisionSuspension/1" xmlns:ns18="http://zakupki.gov.ru/223fz/purchasePlanAdditionalPosition/1" xmlns:ns19="http://zakupki.gov.ru/223fz/webRequest/1" xmlns:ns2="http://zakupki.gov.ru/223fz/purchase/1" xmlns:xsi="http://www.w3.org/2001/XMLSchema-instance" xmlns:ns3="http://zakupki.gov.ru/223fz/dishonestSupplier/1" xmlns:ns4="http://zakupki.gov.ru/223fz/machineryListInfo/1" xmlns:ns5="http://zakupki.gov.ru/223fz/revenue/1" xmlns:ns6="http://zakupki.gov.ru/223fz/orderClauseList/1" xmlns:ns7="http://zakupki.gov.ru/223fz/disagreementProtocol/1" xmlns:ns8="http://zakupki.gov.ru/223fz/complaint/1" xmlns:ns9="http://zakupki.gov.ru/223fz/notificationIssue/1">
    <header>
        <guid>b24c587e-bc15-47d7-b7ab-b9e6680125e9</guid>
        <createDateTime>2017-03-15T16:44:29</createDateTime>
    </header>
    <ns2:body>
        <ns2:item>
            <guid>9af35c16-b66b-44b3-9c1b-cd305e8e3d87</guid>
            <ns2:purchaseNoticeEPData>
                <ns2:guid>9af35c16-b66b-44b3-9c1b-cd305e8e3d87</ns2:guid>
                <ns2:createDateTime>2017-03-15T16:38:03</ns2:createDateTime>
                <ns2:urlOOS>https://zakupki.gov.ru/223/purchase/private/purchase/notice-info/details.html?noticeInfoId=5880444</ns2:urlOOS>
                <ns2:registrationNumber>31704893580</ns2:registrationNumber>
                <ns2:name>Поставка газовых балонов для нужд ГБУ "Жилищник Рязанского района" (среди СМП и СОНО)</ns2:name>
                <ns2:customer>
                    <mainInfo>
                        <fullName>ГОСУДАРСТВЕННОЕ БЮДЖЕТНОЕ УЧРЕЖДЕНИЕ ГОРОДА МОСКВЫ "ЖИЛИЩНИК РЯЗАНСКОГО РАЙОНА"</fullName>
                        <shortName>ГБУ "ЖИЛИЩНИК РЯЗАНСКОГО РАЙОНА"</shortName>
                        <iko>57721313620772101001</iko>
                        <inn>7721313620</inn>
                        <kpp>772101001</kpp>
                        <ogrn>1157746494982</ogrn>
                        <legalAddress>109377, Г МОСКВА, УЛ НОВОКУЗЬМИНСКАЯ 1-Я, дом ДОМ 10</legalAddress>
                        <postalAddress>109377, Москва Город, Новокузьминская 1-я Улица, дом 10</postalAddress>
                        <phone>7-495-3870802</phone>
                        <email>gbuzakupki@bk.ru</email>
                        <okato>45290586000</okato>
                        <okpo>11424335</okpo>
                    </mainInfo>
                </ns2:customer>
                <ns2:purchaseMethodCode>3363</ns2:purchaseMethodCode>
                <ns2:purchaseCodeName>Закупка у единственного поставщика (исполнителя, подрядчика)</ns2:purchaseCodeName>
                <ns2:placer>
                    <mainInfo>
                        <fullName>ГОСУДАРСТВЕННОЕ БЮДЖЕТНОЕ УЧРЕЖДЕНИЕ ГОРОДА МОСКВЫ "ЖИЛИЩНИК РЯЗАНСКОГО РАЙОНА"</fullName>
                        <shortName>ГБУ "ЖИЛИЩНИК РЯЗАНСКОГО РАЙОНА"</shortName>
                        <iko>57721313620772101001</iko>
                        <inn>7721313620</inn>
                        <kpp>772101001</kpp>
                        <ogrn>1157746494982</ogrn>
                        <legalAddress>109377, Г МОСКВА, УЛ НОВОКУЗЬМИНСКАЯ 1-Я, дом ДОМ 10</legalAddress>
                        <postalAddress>109377, Москва Город, Новокузьминская 1-я Улица, дом 10</postalAddress>
                        <phone>7-495-3870802</phone>
                        <email>gbuzakupki@bk.ru</email>
                        <okato>45290586000</okato>
                        <okpo>11424335</okpo>
                    </mainInfo>
                </ns2:placer>
                <ns2:contact>
                    <firstName>Ольга</firstName>
                    <middleName>Константиновна</middleName>
                    <lastName>Степанова</lastName>
                    <phone>+8 (495) 3712036</phone>
                    <email>gbuzakupki@bk.ru</email>
                    <organization>
                        <mainInfo>
                            <fullName>ГОСУДАРСТВЕННОЕ БЮДЖЕТНОЕ УЧРЕЖДЕНИЕ ГОРОДА МОСКВЫ "ЖИЛИЩНИК РЯЗАНСКОГО РАЙОНА"</fullName>
                            <shortName>ГБУ "ЖИЛИЩНИК РЯЗАНСКОГО РАЙОНА"</shortName>
                            <iko>57721313620772101001</iko>
                            <inn>7721313620</inn>
                            <kpp>772101001</kpp>
                            <ogrn>1157746494982</ogrn>
                            <legalAddress>109377, Г МОСКВА, УЛ НОВОКУЗЬМИНСКАЯ 1-Я, дом ДОМ 10</legalAddress>
                            <postalAddress>109377, Москва Город, Новокузьминская 1-я Улица, дом 10</postalAddress>
                            <phone>7-495-3870802</phone>
                            <email>gbuzakupki@bk.ru</email>
                            <okato>45290586000</okato>
                            <okpo>11424335</okpo>
                        </mainInfo>
                    </organization>
                </ns2:contact>
                <ns2:publicationDateTime>2017-03-15T16:44:29</ns2:publicationDateTime>
                <ns2:documentationDelivery/>
                <ns2:status>P</ns2:status>
                <ns2:version>1</ns2:version>
                <ns2:notDishonest>false</ns2:notDishonest>
                <ns2:attachments>
                    <totalDocumentsCount>1</totalDocumentsCount>
                    <document>
                        <guid>f7a617fb-fa7f-4380-93c4-9945f6aed397</guid>
                        <createDateTime>2017-03-15T16:42:58</createDateTime>
                        <fileName>Договор проект.doc</fileName>
                        <description>Договор проект</description>
                        <url>http://zakupki.gov.ru/223/purchase/public/download/download.html?id=30083194</url>
                    </document>
                </ns2:attachments>
                <ns2:modificationDate>2017-03-15T16:44:29</ns2:modificationDate>
                <ns2:saveUserId>214359</ns2:saveUserId>
                <ns2:deliveryPlaceIndication>DIFFERENT_PLACE</ns2:deliveryPlaceIndication>
                <ns2:emergency>false</ns2:emergency>
                <ns2:jointPurchase>false</ns2:jointPurchase>
                <ns2:lots>
                    <lot>
                        <guid>cfa36bd9-5d8a-473b-88dd-755f2423af1e</guid>
                        <ordinalNumber>1</ordinalNumber>
                        <lotEditEnabled>false</lotEditEnabled>
                        <lotData>
                            <subject>Поставка  газовых балонов   для нужд ГБУ "Жилищник Рязанского района" (среди СМП и СОНО)</subject>
                            <currency>
                                <code>RUB</code>
                                <digitalCode>643</digitalCode>
                                <name>Российский рубль</name>
                            </currency>
                            <initialSum>299200.00</initialSum>
                            <deliveryPlace>
                                <state>Центральный федеральный округ</state>
                                <region>Москва</region>
                                <regionOkato>45000000000</regionOkato>
                                <address>Рязанский район</address>
                            </deliveryPlace>
                            <lotItems>
                                <newCodes>true</newCodes>
                                <lotItem>
                                    <guid>59fb942c-4a1f-4618-92ee-22e5acf1c96e</guid>
                                    <ordinalNumber>1</ordinalNumber>
                                    <okpd2>
                                        <code>20.11.11.150</code>
                                        <name>Кислород</name>
                                    </okpd2>
                                    <okved2>
                                        <code>20.11</code>
                                        <name>Производство промышленных газов</name>
                                    </okved2>
                                    <okei>
                                        <code>876</code>
                                        <name>Условная единица</name>
                                    </okei>
                                    <qty>1</qty>
                                </lotItem>
                            </lotItems>
                            <forSmallOrMiddle>false</forSmallOrMiddle>
                            <excludePurchaseFromPlan>false</excludePurchaseFromPlan>
                            <subcontractorsRequirement>false</subcontractorsRequirement>
                            <ignoredPurchase>false</ignoredPurchase>
                            <centralized>false</centralized>
                        </lotData>
                        <deliveryPlaceIndication>GL</deliveryPlaceIndication>
                        <jointLotData>
                            <jointLot>false</jointLot>
                        </jointLotData>
                        <lotPlanInfo>
                            <planRegistrationNumber>2170226650</planRegistrationNumber>
                            <planGuid>888ff861-b886-406d-9265-49518b9f5c28</planGuid>
                            <positionNumber>25</positionNumber>
                            <lotPlanPosition>COMMODITY</lotPlanPosition>
                            <positionGuid>f915b757-9e3e-4631-bc5c-ace56acaa1cb</positionGuid>
                        </lotPlanInfo>
                        <cancelled>false</cancelled>
                    </lot>
                </ns2:lots>
            </ns2:purchaseNoticeEPData>
        </ns2:item>
    </ns2:body>
</ns2:purchaseNoticeEP>
