<?xml version="1.0" encoding="UTF-8" standalone="yes"?>
<ns2:purchaseNoticeEP xsi:schemaLocation="http://zakupki.gov.ru/223/integration/schema/TFF-5.2 http://zakupki.gov.ru/223/integration/schema/TFF-5.2/purchase.xsd" xmlns="http://zakupki.gov.ru/223fz/types/1" xmlns:ns10="http://zakupki.gov.ru/223fz/purchasePlan/1" xmlns:ns11="http://zakupki.gov.ru/223fz/purchasePlanProject/1" xmlns:ns12="http://zakupki.gov.ru/223fz/purchasePlanProjectAdditionalPosition/1" xmlns:ns13="http://zakupki.gov.ru/223fz/contract/1" xmlns:ns14="http://zakupki.gov.ru/223fz/missedNotice/1" xmlns:ns15="http://zakupki.gov.ru/223fz/reference/1" xmlns:ns16="http://zakupki.gov.ru/223fz/stopCommodity/1" xmlns:ns17="http://zakupki.gov.ru/223fz/decisionSuspension/1" xmlns:ns18="http://zakupki.gov.ru/223fz/purchasePlanAdditionalPosition/1" xmlns:ns19="http://zakupki.gov.ru/223fz/webRequest/1" xmlns:ns2="http://zakupki.gov.ru/223fz/purchase/1" xmlns:xsi="http://www.w3.org/2001/XMLSchema-instance" xmlns:ns3="http://zakupki.gov.ru/223fz/dishonestSupplier/1" xmlns:ns4="http://zakupki.gov.ru/223fz/machineryListInfo/1" xmlns:ns5="http://zakupki.gov.ru/223fz/revenue/1" xmlns:ns6="http://zakupki.gov.ru/223fz/orderClauseList/1" xmlns:ns7="http://zakupki.gov.ru/223fz/disagreementProtocol/1" xmlns:ns8="http://zakupki.gov.ru/223fz/complaint/1" xmlns:ns9="http://zakupki.gov.ru/223fz/notificationIssue/1">
    <header>
        <guid>7ebc9793-41d3-4ecb-9e8c-ce349b4c7bd1</guid>
        <createDateTime>2017-03-15T07:38:22</createDateTime>
    </header>
    <ns2:body>
        <ns2:item>
            <guid>1b29e414-fd29-45db-a7a4-9ddccb0e79e3</guid>
            <ns2:purchaseNoticeEPData>
                <ns2:guid>1b29e414-fd29-45db-a7a4-9ddccb0e79e3</ns2:guid>
                <ns2:createDateTime>2017-03-15T07:19:50</ns2:createDateTime>
                <ns2:urlOOS>https://zakupki.gov.ru/223/purchase/private/purchase/notice-info/details.html?noticeInfoId=5875053</ns2:urlOOS>
                <ns2:registrationNumber>31704889320</ns2:registrationNumber>
                <ns2:name>Поставка тепловой энергии</ns2:name>
                <ns2:customer>
                    <mainInfo>
                        <fullName>ФЕДЕРАЛЬНОЕ ГОСУДАРСТВЕННОЕ БЮДЖЕТНОЕ ОБРАЗОВАТЕЛЬНОЕ УЧРЕЖДЕНИЕ ВЫСШЕГО ОБРАЗОВАНИЯ "РОССИЙСКАЯ АКАДЕМИЯ НАРОДНОГО ХОЗЯЙСТВА И ГОСУДАРСТВЕННОЙ СЛУЖБЫ ПРИ ПРЕЗИДЕНТЕ РОССИЙСКОЙ ФЕДЕРАЦИИ"</fullName>
                        <shortName>РОССИЙСКАЯ АКАДЕМИЯ НАРОДНОГО ХОЗЯЙСТВА И ГОСУДАРСТВЕННОЙ СЛУЖБЫ ПРИ ПРЕЗИДЕНТЕ РОССИЙСКОЙ ФЕДЕРАЦИИ, АКАДЕМИЯ ПРИ ПРЕЗИДЕНТЕ РОССИЙСКОЙ ФЕДЕРАЦИИ, РАНХИГС, ФГБОУ ВО "РОССИЙСКАЯ АКАДЕМИЯ НАРОДНОГО ХОЗЯЙСТВА И ГОСУДАРСТВЕННОЙ СЛУЖБЫ ПРИ ПРЕЗИДЕНТЕ РОССИЙСКОЙ ФЕДЕРАЦИИ"</shortName>
                        <iko>87729050901772901001</iko>
                        <inn>7729050901</inn>
                        <kpp>772901001</kpp>
                        <ogrn>1027739610018</ogrn>
                        <legalAddress>119571, Г МОСКВА, ПР-КТ ВЕРНАДСКОГО, дом 82</legalAddress>
                        <postalAddress>119571, Москва Город, Вернадского Проспект, дом 82</postalAddress>
                        <phone>7-499-9569230</phone>
                        <email>kostrova@ranepa.ru</email>
                        <okato>45268592000</okato>
                        <okpo>00035106</okpo>
                    </mainInfo>
                </ns2:customer>
                <ns2:detachedOrg>
                    <mainInfo>
                        <fullName>Уральский институт управления - филиал федерального государственного бюджетного образовательного учреждения высшего  образования "Российская академия народного хозяйства и государственной службы при Президенте Российской Федерации"</fullName>
                        <inn>7729050901</inn>
                        <kpp>667143001</kpp>
                        <ogrn>1027739610018</ogrn>
                        <legalAddress>. 620219, Свердловская область, г. Екатеринбург, ул. 8 Марта, 66</legalAddress>
                        <postalAddress>119571, Москва Город, Вернадского Проспект, дом 82</postalAddress>
                    </mainInfo>
                </ns2:detachedOrg>
                <ns2:purchaseMethodCode>3363</ns2:purchaseMethodCode>
                <ns2:purchaseCodeName>Закупка у единственного поставщика (исполнителя, подрядчика)</ns2:purchaseCodeName>
                <ns2:placer>
                    <mainInfo>
                        <fullName>Уральский институт управления - филиал федерального государственного бюджетного образовательного учреждения высшего  образования "Российская академия народного хозяйства и государственной службы при Президенте Российской Федерации"</fullName>
                        <shortName>Уральский институт управления - филиал РАНХиГС</shortName>
                        <iko>87729050901667143001</iko>
                        <inn>7729050901</inn>
                        <kpp>667143001</kpp>
                        <ogrn>1027739610018</ogrn>
                        <legalAddress>. 620219, Свердловская область, г. Екатеринбург, ул. 8 Марта, 66</legalAddress>
                        <postalAddress>119571, Москва Город, Вернадского Проспект, дом 82</postalAddress>
                        <phone>7-499-9569230</phone>
                        <email>kostrova@ranepa.ru</email>
                        <okato>65401377000</okato>
                        <okpo>92920694</okpo>
                    </mainInfo>
                </ns2:placer>
                <ns2:contact>
                    <firstName>Андрей</firstName>
                    <middleName>Вадимович</middleName>
                    <lastName>Данилов</lastName>
                    <phone>+7 (343) 2517313</phone>
                    <email>andrey.danilov@ui.ranepa.ru</email>
                    <organization>
                        <mainInfo>
                            <fullName>ФЕДЕРАЛЬНОЕ ГОСУДАРСТВЕННОЕ БЮДЖЕТНОЕ ОБРАЗОВАТЕЛЬНОЕ УЧРЕЖДЕНИЕ ВЫСШЕГО ОБРАЗОВАНИЯ "РОССИЙСКАЯ АКАДЕМИЯ НАРОДНОГО ХОЗЯЙСТВА И ГОСУДАРСТВЕННОЙ СЛУЖБЫ ПРИ ПРЕЗИДЕНТЕ РОССИЙСКОЙ ФЕДЕРАЦИИ"</fullName>
                            <shortName>РОССИЙСКАЯ АКАДЕМИЯ НАРОДНОГО ХОЗЯЙСТВА И ГОСУДАРСТВЕННОЙ СЛУЖБЫ ПРИ ПРЕЗИДЕНТЕ РОССИЙСКОЙ ФЕДЕРАЦИИ, АКАДЕМИЯ ПРИ ПРЕЗИДЕНТЕ РОССИЙСКОЙ ФЕДЕРАЦИИ, РАНХИГС, ФГБОУ ВО "РОССИЙСКАЯ АКАДЕМИЯ НАРОДНОГО ХОЗЯЙСТВА И ГОСУДАРСТВЕННОЙ СЛУЖБЫ ПРИ ПРЕЗИДЕНТЕ РОССИЙСКОЙ ФЕДЕРАЦИИ"</shortName>
                            <iko>87729050901772901001</iko>
                            <inn>7729050901</inn>
                            <kpp>772901001</kpp>
                            <ogrn>1027739610018</ogrn>
                            <legalAddress>119571, Г МОСКВА, ПР-КТ ВЕРНАДСКОГО, дом 82</legalAddress>
                            <postalAddress>119571, Москва Город, Вернадского Проспект, дом 82</postalAddress>
                            <phone>7-499-9569230</phone>
                            <email>kostrova@ranepa.ru</email>
                            <okato>45268592000</okato>
                            <okpo>00035106</okpo>
                        </mainInfo>
                    </organization>
                </ns2:contact>
                <ns2:publicationDateTime>2017-03-15T07:38:22</ns2:publicationDateTime>
                <ns2:documentationDelivery>
                    <deliveryStartDateTime>2017-03-15</deliveryStartDateTime>
                    <deliveryEndDateTime>2017-03-18</deliveryEndDateTime>
                    <place>В форме электронного документа путем размещения   в ЕИС 
( www.zakupki.gov.ru) с момента размещения извещения  или по адресу : 620144, Российская Федерация, Свердловская обл., 
г. Екатеринбург, ул. 8 Марта, 66, , комн. 59
</place>
                    <procedure>В форме электронного документа </procedure>
                </ns2:documentationDelivery>
                <ns2:status>P</ns2:status>
                <ns2:version>1</ns2:version>
                <ns2:notDishonest>true</ns2:notDishonest>
                <ns2:attachments>
                    <totalDocumentsCount>2</totalDocumentsCount>
                    <document>
                        <guid>736bd1f2-6559-424f-9a7f-5eaa8128e56a</guid>
                        <createDateTime>2017-03-15T07:31:55</createDateTime>
                        <fileName>Договор теплоснабжения 2017.pdf</fileName>
                        <description>Договор теплоснабжения 2017</description>
                        <url>http://zakupki.gov.ru/223/purchase/public/download/download.html?id=30057061</url>
                    </document>
                    <document>
                        <guid>5f30a5fd-7ae1-4877-beb7-6196b6aff8f4</guid>
                        <createDateTime>2017-03-15T07:32:57</createDateTime>
                        <fileName>01 Е-223 Поставка Тепловой 2017.docx</fileName>
                        <description>01 Е-223 Поставка Тепловой 2017</description>
                        <url>http://zakupki.gov.ru/223/purchase/public/download/download.html?id=30057087</url>
                    </document>
                </ns2:attachments>
                <ns2:modificationDate>2017-03-15T07:38:22</ns2:modificationDate>
                <ns2:saveUserId>94778</ns2:saveUserId>
                <ns2:deliveryPlaceIndication>DIFFERENT_PLACE</ns2:deliveryPlaceIndication>
                <ns2:emergency>false</ns2:emergency>
                <ns2:jointPurchase>false</ns2:jointPurchase>
                <ns2:lots>
                    <lot>
                        <guid>953a12f0-beac-4b5f-a70d-b62aaec67600</guid>
                        <ordinalNumber>1</ordinalNumber>
                        <lotEditEnabled>false</lotEditEnabled>
                        <lotData>
                            <subject>Поставка тепловой энергии</subject>
                            <currency>
                                <code>RUB</code>
                                <digitalCode>643</digitalCode>
                                <name>Российский рубль</name>
                            </currency>
                            <initialSum>15516500.00</initialSum>
                            <deliveryPlace>
                                <state>Уральский федеральный округ</state>
                                <region>Свердловская   обл</region>
                                <regionOkato>65000000000</regionOkato>
                                <address>В соответствии с  договором.
Уральский институт управления – филиал РАНХиГС по адресу: г. Екатеринбург, ул. 8 Марта, 66 литер «А» и «Б», ул. 8 Марта, 70
</address>
                            </deliveryPlace>
                            <lotItems>
                                <newCodes>true</newCodes>
                                <lotItem>
                                    <guid>17754255-e7c6-413b-ac94-6a5ae4620b14</guid>
                                    <ordinalNumber>1</ordinalNumber>
                                    <okpd2>
                                        <code>35.30.11.111</code>
                                        <name>Энергия тепловая, отпущенная тепловыми электроцентралями (ТЭЦ)</name>
                                    </okpd2>
                                    <okved2>
                                        <code>35.30</code>
                                        <name>Производство, передача и распределение пара и горячей воды; кондиционирование воздуха</name>
                                    </okved2>
                                </lotItem>
                            </lotItems>
                            <forSmallOrMiddle>false</forSmallOrMiddle>
                            <excludePurchaseFromPlan>false</excludePurchaseFromPlan>
                            <subcontractorsRequirement>false</subcontractorsRequirement>
                            <ignoredPurchase>true</ignoredPurchase>
                            <purchaseCategory>
                                <code>8</code>
                                <name>Закупки услуг по водоснабжению, водоотведению, теплоснабжению и газоснабжению (за исключением услуг по реализации сжиженного газа), а также по подключению (присоединению) к сетям инженерно-технического обеспечения по регулируемым в соответствии с законодательством Российской Федерации ценам (тарифам)</name>
                            </purchaseCategory>
                            <centralized>false</centralized>
                        </lotData>
                        <deliveryPlaceIndication>GL</deliveryPlaceIndication>
                        <jointLotData>
                            <jointLot>false</jointLot>
                        </jointLotData>
                        <lotPlanInfo>
                            <planRegistrationNumber>2170226670</planRegistrationNumber>
                            <planGuid>1a0efcbf-ac79-48ab-9a2f-29ca014194bb</planGuid>
                            <positionNumber>2</positionNumber>
                            <lotPlanPosition>COMMODITY</lotPlanPosition>
                            <positionGuid>93462604-066a-4c94-a217-c72ea17e3e64</positionGuid>
                        </lotPlanInfo>
                        <cancelled>false</cancelled>
                    </lot>
                </ns2:lots>
            </ns2:purchaseNoticeEPData>
        </ns2:item>
    </ns2:body>
</ns2:purchaseNoticeEP>
