<?xml version="1.0" encoding="UTF-8" standalone="yes"?>
<ns2:purchaseNoticeEP xsi:schemaLocation="http://zakupki.gov.ru/223/integration/schema/TFF-5.2 http://zakupki.gov.ru/223/integration/schema/TFF-5.2/purchase.xsd" xmlns="http://zakupki.gov.ru/223fz/types/1" xmlns:ns10="http://zakupki.gov.ru/223fz/purchasePlan/1" xmlns:ns11="http://zakupki.gov.ru/223fz/purchasePlanProject/1" xmlns:ns12="http://zakupki.gov.ru/223fz/purchasePlanProjectAdditionalPosition/1" xmlns:ns13="http://zakupki.gov.ru/223fz/contract/1" xmlns:ns14="http://zakupki.gov.ru/223fz/missedNotice/1" xmlns:ns15="http://zakupki.gov.ru/223fz/reference/1" xmlns:ns16="http://zakupki.gov.ru/223fz/stopCommodity/1" xmlns:ns17="http://zakupki.gov.ru/223fz/decisionSuspension/1" xmlns:ns18="http://zakupki.gov.ru/223fz/purchasePlanAdditionalPosition/1" xmlns:ns19="http://zakupki.gov.ru/223fz/webRequest/1" xmlns:ns2="http://zakupki.gov.ru/223fz/purchase/1" xmlns:xsi="http://www.w3.org/2001/XMLSchema-instance" xmlns:ns3="http://zakupki.gov.ru/223fz/dishonestSupplier/1" xmlns:ns4="http://zakupki.gov.ru/223fz/machineryListInfo/1" xmlns:ns5="http://zakupki.gov.ru/223fz/revenue/1" xmlns:ns6="http://zakupki.gov.ru/223fz/orderClauseList/1" xmlns:ns7="http://zakupki.gov.ru/223fz/disagreementProtocol/1" xmlns:ns8="http://zakupki.gov.ru/223fz/complaint/1" xmlns:ns9="http://zakupki.gov.ru/223fz/notificationIssue/1">
    <header>
        <guid>e4cf8855-47e6-4152-95c6-137e2cfe8c08</guid>
        <createDateTime>2017-03-15T13:57:51</createDateTime>
    </header>
    <ns2:body>
        <ns2:item>
            <guid>5ecbd952-8efc-497e-9a7b-28c34d0456f5</guid>
            <ns2:purchaseNoticeEPData>
                <ns2:guid>5ecbd952-8efc-497e-9a7b-28c34d0456f5</ns2:guid>
                <ns2:createDateTime>2017-03-15T13:19:50</ns2:createDateTime>
                <ns2:urlOOS>https://zakupki.gov.ru/223/purchase/private/purchase/notice-info/details.html?noticeInfoId=5878064</ns2:urlOOS>
                <ns2:registrationNumber>31704891832</ns2:registrationNumber>
                <ns2:name>Заключение с единственным контрагентом Договора на оказание образовательных услуг. </ns2:name>
                <ns2:customer>
                    <mainInfo>
                        <fullName>Закрытое акционерное общество "Управляющая компания "Динамо"</fullName>
                        <shortName>ЗАО "УК "Динамо"</shortName>
                        <iko>77714286453771001001</iko>
                        <inn>7714286453</inn>
                        <kpp>771001001</kpp>
                        <ogrn>1027714022929</ogrn>
                        <legalAddress>125047, Москва, Лесная, дом 6</legalAddress>
                        <postalAddress>125047, Москва, Ленинградский проспект, д.36, стр.19</postalAddress>
                        <phone>7-499-7554222</phone>
                        <email>korochkina@vtb-arena.com</email>
                        <okato>45286585000</okato>
                        <okpo>59738793</okpo>
                    </mainInfo>
                </ns2:customer>
                <ns2:purchaseMethodCode>3363</ns2:purchaseMethodCode>
                <ns2:purchaseCodeName>Закупка у единственного поставщика (исполнителя, подрядчика)</ns2:purchaseCodeName>
                <ns2:placer>
                    <mainInfo>
                        <fullName>Закрытое акционерное общество "Управляющая компания "Динамо"</fullName>
                        <shortName>ЗАО "УК "Динамо"</shortName>
                        <iko>77714286453771001001</iko>
                        <inn>7714286453</inn>
                        <kpp>771001001</kpp>
                        <ogrn>1027714022929</ogrn>
                        <legalAddress>125047, Москва, Лесная, дом 6</legalAddress>
                        <postalAddress>125047, Москва, Ленинградский проспект, д.36, стр.19</postalAddress>
                        <phone>7-499-7554222</phone>
                        <email>korochkina@vtb-arena.com</email>
                        <okato>45286585000</okato>
                        <okpo>59738793</okpo>
                    </mainInfo>
                </ns2:placer>
                <ns2:contact>
                    <phone>+7 (499) 7554222, доб.: 3104</phone>
                    <email>oganezova@vtb-arena.com  </email>
                    <organization>
                        <mainInfo>
                            <fullName>Закрытое акционерное общество "Управляющая компания "Динамо"</fullName>
                            <shortName>ЗАО "УК "Динамо"</shortName>
                            <iko>77714286453771001001</iko>
                            <inn>7714286453</inn>
                            <kpp>771001001</kpp>
                            <ogrn>1027714022929</ogrn>
                            <legalAddress>125047, Москва, Лесная, дом 6</legalAddress>
                            <postalAddress>125047, Москва, Ленинградский проспект, д.36, стр.19</postalAddress>
                            <phone>7-499-7554222</phone>
                            <email>korochkina@vtb-arena.com</email>
                            <okato>45286585000</okato>
                            <okpo>59738793</okpo>
                        </mainInfo>
                    </organization>
                </ns2:contact>
                <ns2:publicationDateTime>2017-03-15T13:57:51</ns2:publicationDateTime>
                <ns2:documentationDelivery/>
                <ns2:status>P</ns2:status>
                <ns2:version>1</ns2:version>
                <ns2:notDishonest>true</ns2:notDishonest>
                <ns2:attachments>
                    <totalDocumentsCount>2</totalDocumentsCount>
                    <document>
                        <guid>2a80bd3b-aec5-4db6-9989-5e3988245866</guid>
                        <createDateTime>2017-03-15T13:23:23</createDateTime>
                        <fileName>Закупочная документация.doc</fileName>
                        <description>Закупочная документация</description>
                        <url>http://zakupki.gov.ru/223/purchase/public/download/download.html?id=30071977</url>
                    </document>
                    <document>
                        <guid>e891d9ad-4485-4da0-ad02-f52a2f04b0d8</guid>
                        <createDateTime>2017-03-15T13:23:34</createDateTime>
                        <fileName>Проект Договора.doc</fileName>
                        <description>Проект Договора</description>
                        <url>http://zakupki.gov.ru/223/purchase/public/download/download.html?id=30071982</url>
                    </document>
                </ns2:attachments>
                <ns2:modificationDate>2017-03-15T13:57:51</ns2:modificationDate>
                <ns2:saveUserId>188195</ns2:saveUserId>
                <ns2:deliveryPlaceIndication>SINGLE_PLACE</ns2:deliveryPlaceIndication>
                <ns2:emergency>false</ns2:emergency>
                <ns2:jointPurchase>false</ns2:jointPurchase>
                <ns2:lots>
                    <lot>
                        <guid>9b62255b-fb69-4105-a553-9c12a3607e34</guid>
                        <ordinalNumber>1</ordinalNumber>
                        <lotEditEnabled>false</lotEditEnabled>
                        <lotData>
                            <subject>Оказание образовательных услуг  для 1 (одного) Слушателя по проведению Семинара  CHRM - Сертификация в области управления персоналом  </subject>
                            <currency>
                                <code>GBP</code>
                                <digitalCode>826</digitalCode>
                                <name>Фунт стерлингов</name>
                            </currency>
                            <initialSum>4000.00</initialSum>
                            <deliveryPlace>
                                <state>Центральный федеральный округ</state>
                                <region>Москва</region>
                                <regionOkato>45000000000</regionOkato>
                                <address>125167, г. Москва, Ленинградский проспект, д.36, корп.13</address>
                            </deliveryPlace>
                            <lotItems>
                                <newCodes>true</newCodes>
                                <lotItem>
                                    <guid>63454889-538a-4ded-b3aa-100071c53de5</guid>
                                    <ordinalNumber>1</ordinalNumber>
                                    <okpd2>
                                        <code>70</code>
                                        <name>Услуги головных офисов; услуги консультативные в области управления предприятием</name>
                                    </okpd2>
                                    <okved2>
                                        <code>70.2</code>
                                        <name>Консультирование по вопросам управления</name>
                                    </okved2>
                                    <okei>
                                        <code>642</code>
                                        <name>Единица</name>
                                    </okei>
                                    <qty>1</qty>
                                </lotItem>
                            </lotItems>
                            <forSmallOrMiddle>false</forSmallOrMiddle>
                            <excludePurchaseFromPlan>false</excludePurchaseFromPlan>
                            <subcontractorsRequirement>false</subcontractorsRequirement>
                            <ignoredPurchase>false</ignoredPurchase>
                            <centralized>false</centralized>
                        </lotData>
                        <deliveryPlaceIndication>GL</deliveryPlaceIndication>
                        <jointLotData>
                            <jointLot>false</jointLot>
                        </jointLotData>
                        <lotPlanInfo>
                            <planRegistrationNumber>2160201195</planRegistrationNumber>
                            <planGuid>05f9f61e-6589-4234-a5e9-1bcab7af11cf</planGuid>
                            <positionNumber>130</positionNumber>
                            <lotPlanPosition>COMMODITY</lotPlanPosition>
                            <positionGuid>0e9146b9-9731-4ac8-afd1-6971af2637e3</positionGuid>
                        </lotPlanInfo>
                        <cancelled>false</cancelled>
                    </lot>
                </ns2:lots>
            </ns2:purchaseNoticeEPData>
        </ns2:item>
    </ns2:body>
</ns2:purchaseNoticeEP>
