<?xml version="1.0" encoding="UTF-8" standalone="yes"?>
<ns2:purchaseNoticeEP xsi:schemaLocation="http://zakupki.gov.ru/223/integration/schema/TFF-5.2 http://zakupki.gov.ru/223/integration/schema/TFF-5.2/purchase.xsd" xmlns="http://zakupki.gov.ru/223fz/types/1" xmlns:ns10="http://zakupki.gov.ru/223fz/purchasePlan/1" xmlns:ns11="http://zakupki.gov.ru/223fz/purchasePlanProject/1" xmlns:ns12="http://zakupki.gov.ru/223fz/purchasePlanProjectAdditionalPosition/1" xmlns:ns13="http://zakupki.gov.ru/223fz/contract/1" xmlns:ns14="http://zakupki.gov.ru/223fz/missedNotice/1" xmlns:ns15="http://zakupki.gov.ru/223fz/reference/1" xmlns:ns16="http://zakupki.gov.ru/223fz/stopCommodity/1" xmlns:ns17="http://zakupki.gov.ru/223fz/decisionSuspension/1" xmlns:ns18="http://zakupki.gov.ru/223fz/purchasePlanAdditionalPosition/1" xmlns:ns19="http://zakupki.gov.ru/223fz/webRequest/1" xmlns:ns2="http://zakupki.gov.ru/223fz/purchase/1" xmlns:xsi="http://www.w3.org/2001/XMLSchema-instance" xmlns:ns3="http://zakupki.gov.ru/223fz/dishonestSupplier/1" xmlns:ns4="http://zakupki.gov.ru/223fz/machineryListInfo/1" xmlns:ns5="http://zakupki.gov.ru/223fz/revenue/1" xmlns:ns6="http://zakupki.gov.ru/223fz/orderClauseList/1" xmlns:ns7="http://zakupki.gov.ru/223fz/disagreementProtocol/1" xmlns:ns8="http://zakupki.gov.ru/223fz/complaint/1" xmlns:ns9="http://zakupki.gov.ru/223fz/notificationIssue/1">
    <header>
        <guid>b0355912-b678-4548-a001-3bac9e99e542</guid>
        <createDateTime>2017-03-15T16:31:44</createDateTime>
    </header>
    <ns2:body>
        <ns2:item>
            <guid>85a2b840-2f09-4c63-9ac7-cc375753b627</guid>
            <ns2:purchaseNoticeEPData>
                <ns2:guid>85a2b840-2f09-4c63-9ac7-cc375753b627</ns2:guid>
                <ns2:createDateTime>2017-03-15T12:21:49</ns2:createDateTime>
                <ns2:urlOOS>https://zakupki.gov.ru/223/purchase/private/purchase/notice-info/details.html?noticeInfoId=5877540</ns2:urlOOS>
                <ns2:registrationNumber>31704893466</ns2:registrationNumber>
                <ns2:name>Оказание услуг по проведению специальной оценки условий труда</ns2:name>
                <ns2:customer>
                    <mainInfo>
                        <fullName>ГОСУДАРСТВЕННОЕ БЮДЖЕТНОЕ УЧРЕЖДЕНИЕ КУЛЬТУРЫ ГОРОДА МОСКВЫ "МОСКОВСКИЙ ДРАМАТИЧЕСКИЙ ТЕАТР ИМЕНИ А.С. ПУШКИНА"</fullName>
                        <shortName>ГБУК Г. МОСКВЫ "МДТ ИМ. А.С. ПУШКИНА"</shortName>
                        <iko>87703035553770301001</iko>
                        <inn>7703035553</inn>
                        <kpp>770301001</kpp>
                        <ogrn>1027739449341</ogrn>
                        <legalAddress>123104, Г МОСКВА, Б-Р ТВЕРСКОЙ, дом 23, корпус 1</legalAddress>
                        <postalAddress>123104 г. Москва, Тверской бульвар,  д.23, стр.1</postalAddress>
                        <phone>(495) 694-03-64</phone>
                        <email>pisarev@teatrpushkin.ru</email>
                        <okato>45286575000</okato>
                        <okpo>02190074</okpo>
                    </mainInfo>
                </ns2:customer>
                <ns2:purchaseMethodCode>3363</ns2:purchaseMethodCode>
                <ns2:purchaseCodeName>Закупка у единственного поставщика (исполнителя, подрядчика)</ns2:purchaseCodeName>
                <ns2:placer>
                    <mainInfo>
                        <fullName>ГОСУДАРСТВЕННОЕ БЮДЖЕТНОЕ УЧРЕЖДЕНИЕ КУЛЬТУРЫ ГОРОДА МОСКВЫ "МОСКОВСКИЙ ДРАМАТИЧЕСКИЙ ТЕАТР ИМЕНИ А.С. ПУШКИНА"</fullName>
                        <shortName>ГБУК Г. МОСКВЫ "МДТ ИМ. А.С. ПУШКИНА"</shortName>
                        <iko>87703035553770301001</iko>
                        <inn>7703035553</inn>
                        <kpp>770301001</kpp>
                        <ogrn>1027739449341</ogrn>
                        <legalAddress>123104, Г МОСКВА, Б-Р ТВЕРСКОЙ, дом 23, корпус 1</legalAddress>
                        <postalAddress>123104 г. Москва, Тверской бульвар,  д.23, стр.1</postalAddress>
                        <phone>(495) 694-03-64</phone>
                        <email>pisarev@teatrpushkin.ru</email>
                        <okato>45286575000</okato>
                        <okpo>02190074</okpo>
                    </mainInfo>
                </ns2:placer>
                <ns2:contact>
                    <firstName>Елена</firstName>
                    <middleName>Борисовна</middleName>
                    <lastName>Скрипиченко</lastName>
                    <phone>+7 (495) 6940364</phone>
                    <email>skr_bs@mail.ru</email>
                    <organization>
                        <mainInfo>
                            <fullName>ГОСУДАРСТВЕННОЕ БЮДЖЕТНОЕ УЧРЕЖДЕНИЕ КУЛЬТУРЫ ГОРОДА МОСКВЫ "МОСКОВСКИЙ ДРАМАТИЧЕСКИЙ ТЕАТР ИМЕНИ А.С. ПУШКИНА"</fullName>
                            <shortName>ГБУК Г. МОСКВЫ "МДТ ИМ. А.С. ПУШКИНА"</shortName>
                            <iko>87703035553770301001</iko>
                            <inn>7703035553</inn>
                            <kpp>770301001</kpp>
                            <ogrn>1027739449341</ogrn>
                            <legalAddress>123104, Г МОСКВА, Б-Р ТВЕРСКОЙ, дом 23, корпус 1</legalAddress>
                            <postalAddress>123104 г. Москва, Тверской бульвар,  д.23, стр.1</postalAddress>
                            <phone>(495) 694-03-64</phone>
                            <email>pisarev@teatrpushkin.ru</email>
                            <okato>45286575000</okato>
                            <okpo>02190074</okpo>
                        </mainInfo>
                    </organization>
                </ns2:contact>
                <ns2:publicationDateTime>2017-03-15T16:31:44</ns2:publicationDateTime>
                <ns2:documentationDelivery>
                    <deliveryStartDateTime>2017-03-15</deliveryStartDateTime>
                    <deliveryEndDateTime>2017-03-15</deliveryEndDateTime>
                    <place>г. Москва, Тверской бульвар,  д.23, стр.1</place>
                    <procedure>Документация доступна для ознакомления в Единой информационной системе без взимания платы</procedure>
                </ns2:documentationDelivery>
                <ns2:status>P</ns2:status>
                <ns2:version>1</ns2:version>
                <ns2:notDishonest>true</ns2:notDishonest>
                <ns2:attachments>
                    <totalDocumentsCount>3</totalDocumentsCount>
                    <document>
                        <guid>df9f0901-25c0-4cfd-bfdf-0a7f52dd74a3</guid>
                        <createDateTime>2017-03-15T12:59:45</createDateTime>
                        <fileName>Документация.doc</fileName>
                        <description>Документация</description>
                        <url>http://zakupki.gov.ru/223/purchase/public/download/download.html?id=30070901</url>
                    </document>
                    <document>
                        <guid>2fbcc87b-b85c-4621-8c65-48f4c08bef20</guid>
                        <createDateTime>2017-03-15T16:30:50</createDateTime>
                        <fileName>Проект договора.docx</fileName>
                        <description>Проект договора</description>
                        <url>http://zakupki.gov.ru/223/purchase/public/download/download.html?id=30082553</url>
                    </document>
                    <document>
                        <guid>2514346a-95cb-40dc-9a29-a4e003053e7b</guid>
                        <createDateTime>2017-03-15T16:30:38</createDateTime>
                        <fileName>Протокол цены.doc</fileName>
                        <description>Протокол цены</description>
                        <url>http://zakupki.gov.ru/223/purchase/public/download/download.html?id=30082540</url>
                    </document>
                </ns2:attachments>
                <ns2:modificationDate>2017-03-15T16:31:44</ns2:modificationDate>
                <ns2:saveUserId>251869</ns2:saveUserId>
                <ns2:deliveryPlaceIndication>SINGLE_PLACE</ns2:deliveryPlaceIndication>
                <ns2:emergency>false</ns2:emergency>
                <ns2:jointPurchase>false</ns2:jointPurchase>
                <ns2:lots>
                    <lot>
                        <guid>042bf508-6ec5-48ba-b70e-f347f3d1f6da</guid>
                        <ordinalNumber>1</ordinalNumber>
                        <lotEditEnabled>false</lotEditEnabled>
                        <lotData>
                            <subject>Оказание услуг по проведению специальной оценки условий труда</subject>
                            <currency>
                                <code>RUB</code>
                                <digitalCode>643</digitalCode>
                                <name>Российский рубль</name>
                            </currency>
                            <initialSum>288000.00</initialSum>
                            <deliveryPlace>
                                <state>Центральный федеральный округ</state>
                                <region>Москва</region>
                                <regionOkato>45000000000</regionOkato>
                                <address>В соответствии с проектом договора</address>
                            </deliveryPlace>
                            <lotItems>
                                <newCodes>true</newCodes>
                                <lotItem>
                                    <guid>a32da656-c2f8-414c-a621-ae4514d3f520</guid>
                                    <ordinalNumber>1</ordinalNumber>
                                    <okpd2>
                                        <code>74.90</code>
                                        <name>Услуги профессиональные, научные и технические, прочие, не включенные в другие группировки</name>
                                    </okpd2>
                                    <okved2>
                                        <code>74.90</code>
                                        <name>Деятельность профессиональная, научная и техническая прочая, не включенная в другие группировки</name>
                                    </okved2>
                                    <okei>
                                        <code>904</code>
                                        <name>Рабочее место</name>
                                    </okei>
                                    <qty>160</qty>
                                </lotItem>
                            </lotItems>
                            <forSmallOrMiddle>false</forSmallOrMiddle>
                            <excludePurchaseFromPlan>false</excludePurchaseFromPlan>
                            <subcontractorsRequirement>false</subcontractorsRequirement>
                            <ignoredPurchase>false</ignoredPurchase>
                            <centralized>false</centralized>
                        </lotData>
                        <deliveryPlaceIndication>GL</deliveryPlaceIndication>
                        <jointLotData>
                            <jointLot>false</jointLot>
                        </jointLotData>
                        <lotPlanInfo>
                            <planRegistrationNumber>2160219250</planRegistrationNumber>
                            <planGuid>5c4413bd-46df-4e7e-972e-2d4c789d0913</planGuid>
                            <positionNumber>227</positionNumber>
                            <lotPlanPosition>COMMODITY</lotPlanPosition>
                            <positionGuid>da12e31a-0469-4cbf-b908-b29e858ba1a7</positionGuid>
                        </lotPlanInfo>
                        <cancelled>false</cancelled>
                    </lot>
                </ns2:lots>
            </ns2:purchaseNoticeEPData>
        </ns2:item>
    </ns2:body>
</ns2:purchaseNoticeEP>
