<?xml version="1.0" encoding="UTF-8" standalone="yes"?>
<ns2:purchaseNoticeEP xsi:schemaLocation="http://zakupki.gov.ru/223/integration/schema/TFF-5.2 http://zakupki.gov.ru/223/integration/schema/TFF-5.2/purchase.xsd" xmlns="http://zakupki.gov.ru/223fz/types/1" xmlns:ns10="http://zakupki.gov.ru/223fz/purchasePlan/1" xmlns:ns11="http://zakupki.gov.ru/223fz/purchasePlanProject/1" xmlns:ns12="http://zakupki.gov.ru/223fz/purchasePlanProjectAdditionalPosition/1" xmlns:ns13="http://zakupki.gov.ru/223fz/contract/1" xmlns:ns14="http://zakupki.gov.ru/223fz/missedNotice/1" xmlns:ns15="http://zakupki.gov.ru/223fz/reference/1" xmlns:ns16="http://zakupki.gov.ru/223fz/stopCommodity/1" xmlns:ns17="http://zakupki.gov.ru/223fz/decisionSuspension/1" xmlns:ns18="http://zakupki.gov.ru/223fz/purchasePlanAdditionalPosition/1" xmlns:ns19="http://zakupki.gov.ru/223fz/webRequest/1" xmlns:ns2="http://zakupki.gov.ru/223fz/purchase/1" xmlns:xsi="http://www.w3.org/2001/XMLSchema-instance" xmlns:ns3="http://zakupki.gov.ru/223fz/dishonestSupplier/1" xmlns:ns4="http://zakupki.gov.ru/223fz/machineryListInfo/1" xmlns:ns5="http://zakupki.gov.ru/223fz/revenue/1" xmlns:ns6="http://zakupki.gov.ru/223fz/orderClauseList/1" xmlns:ns7="http://zakupki.gov.ru/223fz/disagreementProtocol/1" xmlns:ns8="http://zakupki.gov.ru/223fz/complaint/1" xmlns:ns9="http://zakupki.gov.ru/223fz/notificationIssue/1">
    <header>
        <guid>531a44b0-a933-4848-a85b-7593053d16d7</guid>
        <createDateTime>2017-03-15T14:56:35</createDateTime>
    </header>
    <ns2:body>
        <ns2:item>
            <guid>5bf11374-bd48-4366-821b-fe748c272884</guid>
            <ns2:purchaseNoticeEPData>
                <ns2:guid>5bf11374-bd48-4366-821b-fe748c272884</ns2:guid>
                <ns2:createDateTime>2017-03-15T14:53:26</ns2:createDateTime>
                <ns2:urlOOS>https://zakupki.gov.ru/223/purchase/private/purchase/notice-info/details.html?noticeInfoId=5879176</ns2:urlOOS>
                <ns2:registrationNumber>31704892415</ns2:registrationNumber>
                <ns2:name>Оказание услуг по сопровождению программного обеспечения «ЭТП iTender»</ns2:name>
                <ns2:customer>
                    <mainInfo>
                        <fullName>ФЕДЕРАЛЬНОЕ ГОСУДАРСТВЕННОЕ УНИТАРНОЕ ПРЕДПРИЯТИЕ "РОССИЙСКАЯ ТЕЛЕВИЗИОННАЯ И РАДИОВЕЩАТЕЛЬНАЯ СЕТЬ"</fullName>
                        <shortName>РТРС</shortName>
                        <iko>57717127211771701001</iko>
                        <inn>7717127211</inn>
                        <kpp>771701001</kpp>
                        <ogrn>1027739456084</ogrn>
                        <legalAddress>129515, Г МОСКВА, УЛ АКАДЕМИКА КОРОЛЕВА, дом ДОМ 13, корпус СТРОЕНИЕ 1</legalAddress>
                        <postalAddress>129515, г МОСКВА, ул АКАДЕМИКА КОРОЛЕВА, дом 13, стр.1</postalAddress>
                        <phone>7-495-6480111-1609</phone>
                        <email>vgeraschenko@rtrn.ru</email>
                        <okato>45280572000</okato>
                        <okpo>57985487</okpo>
                    </mainInfo>
                </ns2:customer>
                <ns2:purchaseMethodCode>3363</ns2:purchaseMethodCode>
                <ns2:purchaseCodeName>Закупка у единственного поставщика (исполнителя, подрядчика)</ns2:purchaseCodeName>
                <ns2:placer>
                    <mainInfo>
                        <fullName>ФЕДЕРАЛЬНОЕ ГОСУДАРСТВЕННОЕ УНИТАРНОЕ ПРЕДПРИЯТИЕ "РОССИЙСКАЯ ТЕЛЕВИЗИОННАЯ И РАДИОВЕЩАТЕЛЬНАЯ СЕТЬ"</fullName>
                        <shortName>РТРС</shortName>
                        <iko>57717127211771701001</iko>
                        <inn>7717127211</inn>
                        <kpp>771701001</kpp>
                        <ogrn>1027739456084</ogrn>
                        <legalAddress>129515, Г МОСКВА, УЛ АКАДЕМИКА КОРОЛЕВА, дом ДОМ 13, корпус СТРОЕНИЕ 1</legalAddress>
                        <postalAddress>129515, г МОСКВА, ул АКАДЕМИКА КОРОЛЕВА, дом 13, стр.1</postalAddress>
                        <phone>7-495-6480111-1609</phone>
                        <email>vgeraschenko@rtrn.ru</email>
                        <okato>45280572000</okato>
                        <okpo>57985487</okpo>
                    </mainInfo>
                </ns2:placer>
                <ns2:contact>
                    <firstName>Сергей</firstName>
                    <middleName>Александрович</middleName>
                    <lastName>Белянский</lastName>
                    <phone>+8 (495) 6480111, доб.: 1730</phone>
                    <email>sbelyansky@rtrn.ru</email>
                    <organization>
                        <mainInfo>
                            <fullName>ФЕДЕРАЛЬНОЕ ГОСУДАРСТВЕННОЕ УНИТАРНОЕ ПРЕДПРИЯТИЕ "РОССИЙСКАЯ ТЕЛЕВИЗИОННАЯ И РАДИОВЕЩАТЕЛЬНАЯ СЕТЬ"</fullName>
                            <shortName>РТРС</shortName>
                            <iko>57717127211771701001</iko>
                            <inn>7717127211</inn>
                            <kpp>771701001</kpp>
                            <ogrn>1027739456084</ogrn>
                            <legalAddress>129515, Г МОСКВА, УЛ АКАДЕМИКА КОРОЛЕВА, дом ДОМ 13, корпус СТРОЕНИЕ 1</legalAddress>
                            <postalAddress>129515, г МОСКВА, ул АКАДЕМИКА КОРОЛЕВА, дом 13, стр.1</postalAddress>
                            <phone>7-495-6480111-1609</phone>
                            <email>vgeraschenko@rtrn.ru</email>
                            <okato>45280572000</okato>
                            <okpo>57985487</okpo>
                        </mainInfo>
                    </organization>
                </ns2:contact>
                <ns2:publicationDateTime>2017-03-15T14:56:35</ns2:publicationDateTime>
                <ns2:documentationDelivery/>
                <ns2:status>P</ns2:status>
                <ns2:version>1</ns2:version>
                <ns2:notDishonest>false</ns2:notDishonest>
                <ns2:attachments>
                    <totalDocumentsCount>1</totalDocumentsCount>
                    <document>
                        <guid>3a5dec68-0018-4c5c-98b3-0651be9f2a13</guid>
                        <createDateTime>2017-03-15T14:54:58</createDateTime>
                        <fileName>Документация.pdf</fileName>
                        <description>Документация</description>
                        <url>http://zakupki.gov.ru/223/purchase/public/download/download.html?id=30077270</url>
                    </document>
                </ns2:attachments>
                <ns2:modificationDate>2017-03-15T14:56:35</ns2:modificationDate>
                <ns2:saveUserId>133624</ns2:saveUserId>
                <ns2:deliveryPlaceIndication>SINGLE_PLACE</ns2:deliveryPlaceIndication>
                <ns2:emergency>false</ns2:emergency>
                <ns2:jointPurchase>false</ns2:jointPurchase>
                <ns2:lots>
                    <lot>
                        <guid>d6ddc14d-4901-4ed5-b0b2-a922f6decf1a</guid>
                        <ordinalNumber>1</ordinalNumber>
                        <lotEditEnabled>false</lotEditEnabled>
                        <lotData>
                            <subject>Оказание услуг сопровождения Электронной торговой площадки РТРС</subject>
                            <currency>
                                <code>RUB</code>
                                <digitalCode>643</digitalCode>
                                <name>Российский рубль</name>
                            </currency>
                            <initialSum>1669200.00</initialSum>
                            <deliveryPlace>
                                <address>г. Москва</address>
                            </deliveryPlace>
                            <lotItems>
                                <newCodes>true</newCodes>
                                <lotItem>
                                    <guid>d3402d52-a9ac-499c-8f13-fa090840b1b6</guid>
                                    <ordinalNumber>1</ordinalNumber>
                                    <okpd2>
                                        <code>62.02.30</code>
                                        <name>Услуги по технической поддержке информационных технологий</name>
                                    </okpd2>
                                    <okved2>
                                        <code>62</code>
                                        <name>Разработка компьютерного программного обеспечения, консультационные услуги в данной области и другие сопутствующие услуги</name>
                                    </okved2>
                                    <okei>
                                        <code>362</code>
                                        <name>Месяц</name>
                                    </okei>
                                    <qty>12</qty>
                                </lotItem>
                            </lotItems>
                            <forSmallOrMiddle>true</forSmallOrMiddle>
                            <excludePurchaseFromPlan>false</excludePurchaseFromPlan>
                            <subcontractorsRequirement>false</subcontractorsRequirement>
                            <ignoredPurchase>false</ignoredPurchase>
                            <centralized>false</centralized>
                        </lotData>
                        <deliveryPlaceIndication>GL</deliveryPlaceIndication>
                        <jointLotData>
                            <jointLot>false</jointLot>
                        </jointLotData>
                        <lotPlanInfo>
                            <planRegistrationNumber>2160216446</planRegistrationNumber>
                            <planGuid>99fb5fb1-a967-4a22-94ed-87c5f0cf15c9</planGuid>
                            <positionNumber>179250008</positionNumber>
                            <lotPlanPosition>COMMODITY</lotPlanPosition>
                            <positionGuid>a39e044f-3107-464a-86e5-1dda4a295060</positionGuid>
                        </lotPlanInfo>
                        <cancelled>false</cancelled>
                    </lot>
                </ns2:lots>
            </ns2:purchaseNoticeEPData>
        </ns2:item>
    </ns2:body>
</ns2:purchaseNoticeEP>
