<?xml version="1.0" encoding="UTF-8" standalone="yes"?>
<ns2:purchaseNoticeEP xsi:schemaLocation="http://zakupki.gov.ru/223/integration/schema/TFF-5.2 http://zakupki.gov.ru/223/integration/schema/TFF-5.2/purchase.xsd" xmlns="http://zakupki.gov.ru/223fz/types/1" xmlns:ns10="http://zakupki.gov.ru/223fz/purchasePlan/1" xmlns:ns11="http://zakupki.gov.ru/223fz/purchasePlanProject/1" xmlns:ns12="http://zakupki.gov.ru/223fz/purchasePlanProjectAdditionalPosition/1" xmlns:ns13="http://zakupki.gov.ru/223fz/contract/1" xmlns:ns14="http://zakupki.gov.ru/223fz/missedNotice/1" xmlns:ns15="http://zakupki.gov.ru/223fz/reference/1" xmlns:ns16="http://zakupki.gov.ru/223fz/stopCommodity/1" xmlns:ns17="http://zakupki.gov.ru/223fz/decisionSuspension/1" xmlns:ns18="http://zakupki.gov.ru/223fz/purchasePlanAdditionalPosition/1" xmlns:ns19="http://zakupki.gov.ru/223fz/webRequest/1" xmlns:ns2="http://zakupki.gov.ru/223fz/purchase/1" xmlns:xsi="http://www.w3.org/2001/XMLSchema-instance" xmlns:ns3="http://zakupki.gov.ru/223fz/dishonestSupplier/1" xmlns:ns4="http://zakupki.gov.ru/223fz/machineryListInfo/1" xmlns:ns5="http://zakupki.gov.ru/223fz/revenue/1" xmlns:ns6="http://zakupki.gov.ru/223fz/orderClauseList/1" xmlns:ns7="http://zakupki.gov.ru/223fz/disagreementProtocol/1" xmlns:ns8="http://zakupki.gov.ru/223fz/complaint/1" xmlns:ns9="http://zakupki.gov.ru/223fz/notificationIssue/1">
    <header>
        <guid>7859577d-7cc3-4b9c-8049-1dfab1a318bd</guid>
        <createDateTime>2017-03-15T15:02:15</createDateTime>
    </header>
    <ns2:body>
        <ns2:item>
            <guid>58c23144-5d71-5507-e100-00000a388ca6</guid>
            <ns2:purchaseNoticeEPData>
                <ns2:guid>58c23144-5d71-5507-e100-00000a388ca6</ns2:guid>
                <ns2:createDateTime>2017-03-15T14:58:08</ns2:createDateTime>
                <ns2:urlOOS>https://zakupki.gov.ru/223/purchase/private/purchase/notice-info/details.html?noticeInfoId=5879228</ns2:urlOOS>
                <ns2:urlVSRZ>https://zakupki.gazprom.ru</ns2:urlVSRZ>
                <ns2:registrationNumber>31704892472</ns2:registrationNumber>
                <ns2:name>Выполнение работ по ТО и ТР автотранспорта Администрации ООО "Газпромтранс"</ns2:name>
                <ns2:customer>
                    <mainInfo>
                        <fullName>Общество с ограниченной ответственностью "Газпромтранс"</fullName>
                        <shortName>ООО "Газпромтранс"</shortName>
                        <iko>67728262893772801001</iko>
                        <inn>7728262893</inn>
                        <kpp>772801001</kpp>
                        <ogrn>1027728000871</ogrn>
                        <legalAddress>117997, Москва, Наметкина, дом 16</legalAddress>
                        <postalAddress>117420, г.Москва, а/я 48</postalAddress>
                        <phone>7-499-5801984</phone>
                        <fax>7-499-5801984</fax>
                        <email>kotirovki@gptrans.gazprom.ru</email>
                        <okato>45293590000</okato>
                        <okpo>58718274</okpo>
                    </mainInfo>
                </ns2:customer>
                <ns2:purchaseMethodCode>3363</ns2:purchaseMethodCode>
                <ns2:purchaseCodeName>Закупка у единственного поставщика (исполнителя, подрядчика)</ns2:purchaseCodeName>
                <ns2:placer>
                    <mainInfo>
                        <fullName>Общество с ограниченной ответственностью "Газпромтранс"</fullName>
                        <shortName>ООО "Газпромтранс"</shortName>
                        <iko>67728262893772801001</iko>
                        <inn>7728262893</inn>
                        <kpp>772801001</kpp>
                        <ogrn>1027728000871</ogrn>
                        <legalAddress>117997, Москва, Наметкина, дом 16</legalAddress>
                        <postalAddress>117420, г.Москва, а/я 48</postalAddress>
                        <phone>7-499-5801984</phone>
                        <fax>7-499-5801984</fax>
                        <email>kotirovki@gptrans.gazprom.ru</email>
                        <okato>45293590000</okato>
                        <okpo>58718274</okpo>
                    </mainInfo>
                </ns2:placer>
                <ns2:contact>
                    <firstName>Анжелика</firstName>
                    <middleName>Рашидовна</middleName>
                    <lastName>Жантасова</lastName>
                    <phone>+7 (499) 5804800</phone>
                    <email>zhar@gptrans.gazprom.ru</email>
                    <organization>
                        <mainInfo>
                            <fullName>Общество с ограниченной ответственностью "Газпромтранс"</fullName>
                            <shortName>ООО "Газпромтранс"</shortName>
                            <iko>67728262893772801001</iko>
                            <inn>7728262893</inn>
                            <kpp>772801001</kpp>
                            <ogrn>1027728000871</ogrn>
                            <legalAddress>117997, Москва, Наметкина, дом 16</legalAddress>
                            <postalAddress>117420, г.Москва, а/я 48</postalAddress>
                            <phone>7-499-5801984</phone>
                            <fax>7-499-5801984</fax>
                            <email>kotirovki@gptrans.gazprom.ru</email>
                            <okato>45293590000</okato>
                            <okpo>58718274</okpo>
                        </mainInfo>
                    </organization>
                </ns2:contact>
                <ns2:publicationDateTime>2017-03-15T15:02:15</ns2:publicationDateTime>
                <ns2:documentationDelivery/>
                <ns2:status>P</ns2:status>
                <ns2:version>1</ns2:version>
                <ns2:notDishonest>false</ns2:notDishonest>
                <ns2:attachments>
                    <totalDocumentsCount>3</totalDocumentsCount>
                    <document>
                        <guid>58c904fe-1d5e-21d7-e100-00000a388ca5</guid>
                        <createDateTime>2017-03-15T14:58:08</createDateTime>
                        <fileName>извещение.docx</fileName>
                        <description>извещение.docx</description>
                        <url>http://zakupki.gov.ru/223/purchase/public/download/download.html?id=30077461</url>
                    </document>
                    <document>
                        <guid>58c90500-1d5e-21d7-e100-00000a388ca5</guid>
                        <createDateTime>2017-03-15T14:58:09</createDateTime>
                        <fileName>документация.docx</fileName>
                        <description>документация.docx</description>
                        <url>http://zakupki.gov.ru/223/purchase/public/download/download.html?id=30077462</url>
                    </document>
                    <document>
                        <guid>58c90501-1d5e-21d7-e100-00000a388ca5</guid>
                        <createDateTime>2017-03-15T14:58:09</createDateTime>
                        <fileName>Договор.doc</fileName>
                        <description>Договор.doc</description>
                        <url>http://zakupki.gov.ru/223/purchase/public/download/download.html?id=30077463</url>
                    </document>
                </ns2:attachments>
                <ns2:modificationDate>2017-03-15T15:02:15</ns2:modificationDate>
                <ns2:saveUserId>175954</ns2:saveUserId>
                <ns2:deliveryPlaceIndication>DIFFERENT_PLACE</ns2:deliveryPlaceIndication>
                <ns2:emergency>false</ns2:emergency>
                <ns2:jointPurchase>false</ns2:jointPurchase>
                <ns2:lots>
                    <lot>
                        <guid>58c207ed-8bd7-2c0e-e100-00000a388ca6</guid>
                        <ordinalNumber>1</ordinalNumber>
                        <lotEditEnabled>true</lotEditEnabled>
                        <lotData>
                            <subject>ТО и ТР</subject>
                            <currency>
                                <code>RUB</code>
                                <digitalCode>643</digitalCode>
                                <name>Российский рубль</name>
                            </currency>
                            <initialSum>9516000.00</initialSum>
                            <deliveryPlace>
                                <address>Согласно закупочной документации</address>
                            </deliveryPlace>
                            <lotItems>
                                <newCodes>true</newCodes>
                                <lotItem>
                                    <guid>58c904fd-1d5e-21d7-e100-00000a388ca5</guid>
                                    <ordinalNumber>1</ordinalNumber>
                                    <okpd2>
                                        <code>45.40.50</code>
                                        <name>Услуги по техническому обслуживанию и ремонту мотоциклов</name>
                                    </okpd2>
                                    <okved2>
                                        <code>45.20.1</code>
                                        <name>Техническое обслуживание и ремонт легковых автомобилей и легких грузовых автотранспортных средств</name>
                                    </okved2>
                                    <okei>
                                        <code>796</code>
                                        <name>Штука</name>
                                    </okei>
                                    <qty>1</qty>
                                </lotItem>
                            </lotItems>
                            <forSmallOrMiddle>false</forSmallOrMiddle>
                            <excludePurchaseFromPlan>false</excludePurchaseFromPlan>
                            <subcontractorsRequirement>false</subcontractorsRequirement>
                            <ignoredPurchase>false</ignoredPurchase>
                            <centralized>false</centralized>
                        </lotData>
                        <deliveryPlaceIndication>GL</deliveryPlaceIndication>
                        <jointLotData>
                            <jointLot>false</jointLot>
                        </jointLotData>
                        <lotPlanInfo>
                            <planRegistrationNumber>2160210799</planRegistrationNumber>
                            <planGuid>58c85512-f9c7-4ba1-e100-00000a388ca5</planGuid>
                            <positionNumber>138</positionNumber>
                            <lotPlanPosition>COMMODITY</lotPlanPosition>
                            <positionGuid>57eafb35-85db-6735-e100-00000a388ca5</positionGuid>
                        </lotPlanInfo>
                        <cancelled>false</cancelled>
                    </lot>
                </ns2:lots>
            </ns2:purchaseNoticeEPData>
        </ns2:item>
    </ns2:body>
</ns2:purchaseNoticeEP>
