<?xml version="1.0" encoding="UTF-8" standalone="yes"?>
<ns2:purchaseNoticeEP xsi:schemaLocation="http://zakupki.gov.ru/223/integration/schema/TFF-5.2 http://zakupki.gov.ru/223/integration/schema/TFF-5.2/purchase.xsd" xmlns="http://zakupki.gov.ru/223fz/types/1" xmlns:ns10="http://zakupki.gov.ru/223fz/purchasePlan/1" xmlns:ns11="http://zakupki.gov.ru/223fz/purchasePlanProject/1" xmlns:ns12="http://zakupki.gov.ru/223fz/purchasePlanProjectAdditionalPosition/1" xmlns:ns13="http://zakupki.gov.ru/223fz/contract/1" xmlns:ns14="http://zakupki.gov.ru/223fz/missedNotice/1" xmlns:ns15="http://zakupki.gov.ru/223fz/reference/1" xmlns:ns16="http://zakupki.gov.ru/223fz/stopCommodity/1" xmlns:ns17="http://zakupki.gov.ru/223fz/decisionSuspension/1" xmlns:ns18="http://zakupki.gov.ru/223fz/purchasePlanAdditionalPosition/1" xmlns:ns19="http://zakupki.gov.ru/223fz/webRequest/1" xmlns:ns2="http://zakupki.gov.ru/223fz/purchase/1" xmlns:xsi="http://www.w3.org/2001/XMLSchema-instance" xmlns:ns3="http://zakupki.gov.ru/223fz/dishonestSupplier/1" xmlns:ns4="http://zakupki.gov.ru/223fz/machineryListInfo/1" xmlns:ns5="http://zakupki.gov.ru/223fz/revenue/1" xmlns:ns6="http://zakupki.gov.ru/223fz/orderClauseList/1" xmlns:ns7="http://zakupki.gov.ru/223fz/disagreementProtocol/1" xmlns:ns8="http://zakupki.gov.ru/223fz/complaint/1" xmlns:ns9="http://zakupki.gov.ru/223fz/notificationIssue/1">
    <header>
        <guid>5449872a-8d68-4335-88c7-82b54f086064</guid>
        <createDateTime>2017-03-15T11:38:11</createDateTime>
    </header>
    <ns2:body>
        <ns2:item>
            <guid>049f4614-5b28-4244-b896-34db1e8d8ef9</guid>
            <ns2:purchaseNoticeEPData>
                <ns2:guid>049f4614-5b28-4244-b896-34db1e8d8ef9</ns2:guid>
                <ns2:createDateTime>2017-03-15T11:34:16</ns2:createDateTime>
                <ns2:urlOOS>https://zakupki.gov.ru/223/purchase/private/purchase/notice-info/details.html?noticeInfoId=5877073</ns2:urlOOS>
                <ns2:registrationNumber>31704890744</ns2:registrationNumber>
                <ns2:name>Право заключения рамочного договора на оказание услугспецсвязи по доставке отправлений</ns2:name>
                <ns2:customer>
                    <mainInfo>
                        <fullName>АКЦИОНЕРНОЕ ОБЩЕСТВО "ВОЕНТЕЛЕКОМ"</fullName>
                        <shortName>АО "ВОЕНТЕЛЕКОМ"</shortName>
                        <iko>77718766718771801001</iko>
                        <inn>7718766718</inn>
                        <kpp>771801001</kpp>
                        <ogrn>1097746350151</ogrn>
                        <legalAddress>107014, г МОСКВА, ул ОЛЕНЬЯ Б., дом 15А, корпус СТР.1</legalAddress>
                        <postalAddress>107014, дом 15А, строение 1</postalAddress>
                        <phone>7-495-6095005</phone>
                        <fax>7-495-6095152</fax>
                        <email>info@voentelecom.ru</email>
                        <okato>45263591000</okato>
                        <okpo>07627860</okpo>
                    </mainInfo>
                </ns2:customer>
                <ns2:purchaseMethodCode>3363</ns2:purchaseMethodCode>
                <ns2:purchaseCodeName>Закупка у единственного поставщика (исполнителя, подрядчика)</ns2:purchaseCodeName>
                <ns2:placer>
                    <mainInfo>
                        <fullName>АКЦИОНЕРНОЕ ОБЩЕСТВО "ВОЕНТЕЛЕКОМ"</fullName>
                        <shortName>АО "ВОЕНТЕЛЕКОМ"</shortName>
                        <iko>77718766718771801001</iko>
                        <inn>7718766718</inn>
                        <kpp>771801001</kpp>
                        <ogrn>1097746350151</ogrn>
                        <legalAddress>107014, г МОСКВА, ул ОЛЕНЬЯ Б., дом 15А, корпус СТР.1</legalAddress>
                        <postalAddress>107014, дом 15А, строение 1</postalAddress>
                        <phone>7-495-6095005</phone>
                        <fax>7-495-6095152</fax>
                        <email>info@voentelecom.ru</email>
                        <okato>45263591000</okato>
                        <okpo>07627860</okpo>
                    </mainInfo>
                </ns2:placer>
                <ns2:contact>
                    <phone>+7 (495) 6095005</phone>
                    <email>info@voentelecom.ru</email>
                    <organization>
                        <mainInfo>
                            <fullName>АКЦИОНЕРНОЕ ОБЩЕСТВО "ВОЕНТЕЛЕКОМ"</fullName>
                            <shortName>АО "ВОЕНТЕЛЕКОМ"</shortName>
                            <iko>77718766718771801001</iko>
                            <inn>7718766718</inn>
                            <kpp>771801001</kpp>
                            <ogrn>1097746350151</ogrn>
                            <legalAddress>107014, г МОСКВА, ул ОЛЕНЬЯ Б., дом 15А, корпус СТР.1</legalAddress>
                            <postalAddress>107014, дом 15А, строение 1</postalAddress>
                            <phone>7-495-6095005</phone>
                            <fax>7-495-6095152</fax>
                            <email>info@voentelecom.ru</email>
                            <okato>45263591000</okato>
                            <okpo>07627860</okpo>
                        </mainInfo>
                    </organization>
                </ns2:contact>
                <ns2:publicationDateTime>2017-03-15T11:38:11</ns2:publicationDateTime>
                <ns2:documentationDelivery/>
                <ns2:status>P</ns2:status>
                <ns2:version>1</ns2:version>
                <ns2:notDishonest>false</ns2:notDishonest>
                <ns2:attachments>
                    <totalDocumentsCount>3</totalDocumentsCount>
                    <document>
                        <guid>61959b7a-728a-4ddb-b1fe-47b32593ddb4</guid>
                        <createDateTime>2017-03-15T11:36:15</createDateTime>
                        <fileName>Документация о проведении закупки у единственного поставщика.docx</fileName>
                        <description>Документация о проведении закупки у единственного поставщика</description>
                        <url>http://zakupki.gov.ru/223/purchase/public/download/download.html?id=30066964</url>
                    </document>
                    <document>
                        <guid>86f828c9-8dca-40fb-be81-8d941a9d2be3</guid>
                        <createDateTime>2017-03-15T11:36:22</createDateTime>
                        <fileName>КП, отчет к заявке 20893.pdf</fileName>
                        <description>КП, отчет к заявке 20893</description>
                        <url>http://zakupki.gov.ru/223/purchase/public/download/download.html?id=30066969</url>
                    </document>
                    <document>
                        <guid>3fe74410-ae9e-4c77-8218-9bc15d408cb8</guid>
                        <createDateTime>2017-03-15T11:36:39</createDateTime>
                        <fileName>Типовая форма договора на спецсвязь №1 закр.docx</fileName>
                        <description>Типовая форма договора на спецсвязь №1 закр</description>
                        <url>http://zakupki.gov.ru/223/purchase/public/download/download.html?id=30066987</url>
                    </document>
                </ns2:attachments>
                <ns2:modificationDate>2017-03-15T11:38:11</ns2:modificationDate>
                <ns2:saveUserId>181427</ns2:saveUserId>
                <ns2:deliveryPlaceIndication>DIFFERENT_PLACE</ns2:deliveryPlaceIndication>
                <ns2:emergency>false</ns2:emergency>
                <ns2:jointPurchase>false</ns2:jointPurchase>
                <ns2:lots>
                    <lot>
                        <guid>b52da29f-6afa-43fd-a086-29fffdf16616</guid>
                        <ordinalNumber>1</ordinalNumber>
                        <lotEditEnabled>false</lotEditEnabled>
                        <lotData>
                            <subject>Услуги спецсвязи</subject>
                            <currency>
                                <code>RUB</code>
                                <digitalCode>643</digitalCode>
                                <name>Российский рубль</name>
                            </currency>
                            <initialSum>4117000.00</initialSum>
                            <deliveryPlace>
                                <state>Центральный федеральный округ</state>
                                <region>Москва</region>
                                <regionOkato>45000000000</regionOkato>
                                <address>согласно проекта договора</address>
                            </deliveryPlace>
                            <lotItems>
                                <newCodes>true</newCodes>
                                <lotItem>
                                    <guid>ebfef6ce-fc71-4380-9e11-c9d636fd5855</guid>
                                    <ordinalNumber>1</ordinalNumber>
                                    <okpd2>
                                        <code>53</code>
                                        <name>Услуги почтовой связи и услуги курьерские</name>
                                    </okpd2>
                                    <okved2>
                                        <code>53</code>
                                        <name>Деятельность почтовой связи и курьерская деятельность</name>
                                    </okved2>
                                    <okei>
                                        <code>642</code>
                                        <name>Единица</name>
                                    </okei>
                                    <qty>77</qty>
                                </lotItem>
                            </lotItems>
                            <forSmallOrMiddle>false</forSmallOrMiddle>
                            <excludePurchaseFromPlan>false</excludePurchaseFromPlan>
                            <subcontractorsRequirement>false</subcontractorsRequirement>
                            <ignoredPurchase>false</ignoredPurchase>
                            <centralized>false</centralized>
                        </lotData>
                        <deliveryPlaceIndication>GL</deliveryPlaceIndication>
                        <jointLotData>
                            <jointLot>false</jointLot>
                        </jointLotData>
                        <lotPlanInfo>
                            <planRegistrationNumber>2160209218</planRegistrationNumber>
                            <planGuid>2870862b-795c-4416-88e5-e9fe458251c1</planGuid>
                            <positionNumber>164</positionNumber>
                            <lotPlanPosition>COMMODITY</lotPlanPosition>
                            <positionGuid>fa60eddd-0c8a-4db5-82e8-83b12469c2d9</positionGuid>
                        </lotPlanInfo>
                        <cancelled>false</cancelled>
                    </lot>
                </ns2:lots>
            </ns2:purchaseNoticeEPData>
        </ns2:item>
    </ns2:body>
</ns2:purchaseNoticeEP>
