<?xml version="1.0" encoding="UTF-8" standalone="yes"?>
<ns2:purchaseNoticeEP xsi:schemaLocation="http://zakupki.gov.ru/223/integration/schema/TFF-5.2 http://zakupki.gov.ru/223/integration/schema/TFF-5.2/purchase.xsd" xmlns="http://zakupki.gov.ru/223fz/types/1" xmlns:ns10="http://zakupki.gov.ru/223fz/purchasePlan/1" xmlns:ns11="http://zakupki.gov.ru/223fz/purchasePlanProject/1" xmlns:ns12="http://zakupki.gov.ru/223fz/purchasePlanProjectAdditionalPosition/1" xmlns:ns13="http://zakupki.gov.ru/223fz/contract/1" xmlns:ns14="http://zakupki.gov.ru/223fz/missedNotice/1" xmlns:ns15="http://zakupki.gov.ru/223fz/reference/1" xmlns:ns16="http://zakupki.gov.ru/223fz/stopCommodity/1" xmlns:ns17="http://zakupki.gov.ru/223fz/decisionSuspension/1" xmlns:ns18="http://zakupki.gov.ru/223fz/purchasePlanAdditionalPosition/1" xmlns:ns19="http://zakupki.gov.ru/223fz/webRequest/1" xmlns:ns2="http://zakupki.gov.ru/223fz/purchase/1" xmlns:xsi="http://www.w3.org/2001/XMLSchema-instance" xmlns:ns3="http://zakupki.gov.ru/223fz/dishonestSupplier/1" xmlns:ns4="http://zakupki.gov.ru/223fz/machineryListInfo/1" xmlns:ns5="http://zakupki.gov.ru/223fz/revenue/1" xmlns:ns6="http://zakupki.gov.ru/223fz/orderClauseList/1" xmlns:ns7="http://zakupki.gov.ru/223fz/disagreementProtocol/1" xmlns:ns8="http://zakupki.gov.ru/223fz/complaint/1" xmlns:ns9="http://zakupki.gov.ru/223fz/notificationIssue/1">
    <header>
        <guid>1407e5e3-f7f3-48b3-b6e9-f13efd0d0e04</guid>
        <createDateTime>2017-03-15T16:13:18</createDateTime>
    </header>
    <ns2:body>
        <ns2:item>
            <guid>f9f97093-df35-450e-8234-6145375a680e</guid>
            <ns2:purchaseNoticeEPData>
                <ns2:guid>f9f97093-df35-450e-8234-6145375a680e</ns2:guid>
                <ns2:createDateTime>2017-03-15T16:11:03</ns2:createDateTime>
                <ns2:urlOOS>https://zakupki.gov.ru/223/purchase/private/purchase/notice-info/details.html?noticeInfoId=5880185</ns2:urlOOS>
                <ns2:registrationNumber>31704893294</ns2:registrationNumber>
                <ns2:name>Выполнение работ по ремонту пусковой коробки ПК-400</ns2:name>
                <ns2:customer>
                    <mainInfo>
                        <fullName>ПУБЛИЧНОЕ АКЦИОНЕРНОЕ ОБЩЕСТВО "ТУПОЛЕВ"</fullName>
                        <shortName>ПАО "ТУПОЛЕВ"</shortName>
                        <iko>67705313252770901001</iko>
                        <inn>7705313252</inn>
                        <kpp>770901001</kpp>
                        <ogrn>1027739263056</ogrn>
                        <legalAddress>105005, Г МОСКВА, НАБ ТУПОЛЕВА АКАДЕМИКА, дом 17</legalAddress>
                        <postalAddress>105005, г. Москва, набережная Академика Туполева, д. 17</postalAddress>
                        <phone>7-499-2637715</phone>
                        <fax>7-499-2637701</fax>
                        <email>n.zvereva@tupolev.ru</email>
                        <okato>45286555000</okato>
                        <okpo>18982156</okpo>
                    </mainInfo>
                </ns2:customer>
                <ns2:purchaseMethodCode>3363</ns2:purchaseMethodCode>
                <ns2:purchaseCodeName>Закупка у единственного поставщика (исполнителя, подрядчика)</ns2:purchaseCodeName>
                <ns2:placer>
                    <mainInfo>
                        <fullName>ПУБЛИЧНОЕ АКЦИОНЕРНОЕ ОБЩЕСТВО "ТУПОЛЕВ"</fullName>
                        <shortName>ПАО "ТУПОЛЕВ"</shortName>
                        <iko>67705313252770901001</iko>
                        <inn>7705313252</inn>
                        <kpp>770901001</kpp>
                        <ogrn>1027739263056</ogrn>
                        <legalAddress>105005, Г МОСКВА, НАБ ТУПОЛЕВА АКАДЕМИКА, дом 17</legalAddress>
                        <postalAddress>105005, г. Москва, набережная Академика Туполева, д. 17</postalAddress>
                        <phone>7-499-2637715</phone>
                        <fax>7-499-2637701</fax>
                        <email>n.zvereva@tupolev.ru</email>
                        <okato>45286555000</okato>
                        <okpo>18982156</okpo>
                    </mainInfo>
                </ns2:placer>
                <ns2:contact>
                    <firstName>Энже</firstName>
                    <middleName>Тахировна</middleName>
                    <lastName>Аверина</lastName>
                    <phone>+7 (843) 5334305</phone>
                    <email>kapozakupki@mail.ru</email>
                    <organization>
                        <mainInfo>
                            <fullName>ПУБЛИЧНОЕ АКЦИОНЕРНОЕ ОБЩЕСТВО "ТУПОЛЕВ"</fullName>
                            <shortName>ПАО "ТУПОЛЕВ"</shortName>
                            <iko>67705313252770901001</iko>
                            <inn>7705313252</inn>
                            <kpp>770901001</kpp>
                            <ogrn>1027739263056</ogrn>
                            <legalAddress>105005, Г МОСКВА, НАБ ТУПОЛЕВА АКАДЕМИКА, дом 17</legalAddress>
                            <postalAddress>105005, г. Москва, набережная Академика Туполева, д. 17</postalAddress>
                            <phone>7-499-2637715</phone>
                            <fax>7-499-2637701</fax>
                            <email>n.zvereva@tupolev.ru</email>
                            <okato>45286555000</okato>
                            <okpo>18982156</okpo>
                        </mainInfo>
                    </organization>
                </ns2:contact>
                <ns2:publicationDateTime>2017-03-15T16:13:18</ns2:publicationDateTime>
                <ns2:documentationDelivery/>
                <ns2:status>P</ns2:status>
                <ns2:version>1</ns2:version>
                <ns2:notDishonest>false</ns2:notDishonest>
                <ns2:attachments>
                    <totalDocumentsCount>1</totalDocumentsCount>
                    <document>
                        <guid>12546e0f-7a0a-4e35-9880-39fc69374904</guid>
                        <createDateTime>2017-03-15T16:12:47</createDateTime>
                        <fileName>1лот.docx</fileName>
                        <description>1лот</description>
                        <url>http://zakupki.gov.ru/223/purchase/public/download/download.html?id=30081690</url>
                    </document>
                </ns2:attachments>
                <ns2:modificationDate>2017-03-15T16:13:18</ns2:modificationDate>
                <ns2:saveUserId>147511</ns2:saveUserId>
                <ns2:deliveryPlaceIndication>DIFFERENT_PLACE</ns2:deliveryPlaceIndication>
                <ns2:emergency>false</ns2:emergency>
                <ns2:jointPurchase>false</ns2:jointPurchase>
                <ns2:lots>
                    <lot>
                        <guid>849de156-16ba-4125-a897-d0e5f94c0605</guid>
                        <ordinalNumber>1</ordinalNumber>
                        <lotEditEnabled>false</lotEditEnabled>
                        <lotData>
                            <subject>Выполнение работ по ремонту пусковой коробки ПК-400</subject>
                            <currency>
                                <code>RUB</code>
                                <digitalCode>643</digitalCode>
                                <name>Российский рубль</name>
                            </currency>
                            <initialSum>785308.22</initialSum>
                            <deliveryPlace>
                                <state>Приволжский федеральный округ</state>
                                <region>Башкортостан Респ </region>
                                <regionOkato>80000000000</regionOkato>
                                <address> 450076, г. Уфа, Аксакова, д.97</address>
                            </deliveryPlace>
                            <lotItems>
                                <newCodes>true</newCodes>
                                <lotItem>
                                    <guid>d28f0a5a-99c8-446e-af6c-363e7b1aaf10</guid>
                                    <ordinalNumber>1</ordinalNumber>
                                    <okpd2>
                                        <code>33.16.10.000</code>
                                        <name>Услуги по ремонту и техническому обслуживанию летательных и космических аппаратов</name>
                                    </okpd2>
                                    <okved2>
                                        <code>33.16</code>
                                        <name>Ремонт и техническое обслуживание летательных аппаратов, включая космические</name>
                                    </okved2>
                                    <okei>
                                        <code>642</code>
                                        <name>Единица</name>
                                    </okei>
                                    <qty>9</qty>
                                </lotItem>
                            </lotItems>
                            <forSmallOrMiddle>false</forSmallOrMiddle>
                            <excludePurchaseFromPlan>false</excludePurchaseFromPlan>
                            <subcontractorsRequirement>false</subcontractorsRequirement>
                            <ignoredPurchase>false</ignoredPurchase>
                            <centralized>false</centralized>
                        </lotData>
                        <deliveryPlaceIndication>GL</deliveryPlaceIndication>
                        <jointLotData>
                            <jointLot>false</jointLot>
                        </jointLotData>
                        <lotPlanInfo>
                            <planRegistrationNumber>2160209363</planRegistrationNumber>
                            <planGuid>82fea946-8943-46a5-b966-80670362e9b4</planGuid>
                            <positionNumber>768</positionNumber>
                            <lotPlanPosition>COMMODITY</lotPlanPosition>
                            <positionGuid>7d35773c-c305-4952-b1f7-b770d48f73f8</positionGuid>
                        </lotPlanInfo>
                        <cancelled>false</cancelled>
                    </lot>
                </ns2:lots>
            </ns2:purchaseNoticeEPData>
        </ns2:item>
    </ns2:body>
</ns2:purchaseNoticeEP>
