<?xml version="1.0" encoding="UTF-8" standalone="yes"?>
<ns2:purchaseNoticeEP xsi:schemaLocation="http://zakupki.gov.ru/223/integration/schema/TFF-5.2 http://zakupki.gov.ru/223/integration/schema/TFF-5.2/purchase.xsd" xmlns="http://zakupki.gov.ru/223fz/types/1" xmlns:ns10="http://zakupki.gov.ru/223fz/complaint/1" xmlns:ns11="http://zakupki.gov.ru/223fz/notificationIssue/1" xmlns:ns12="http://zakupki.gov.ru/223fz/purchasePlanProject/1" xmlns:ns13="http://zakupki.gov.ru/223fz/disagreementProtocol/1" xmlns:ns14="http://zakupki.gov.ru/223fz/purchasePlanProjectAdditionalPosition/1" xmlns:ns15="http://zakupki.gov.ru/223fz/reference/1" xmlns:ns16="http://zakupki.gov.ru/223fz/stopCommodity/1" xmlns:ns17="http://zakupki.gov.ru/223fz/contract/1" xmlns:ns18="http://zakupki.gov.ru/223fz/missedNotice/1" xmlns:ns19="http://zakupki.gov.ru/223fz/webRequest/1" xmlns:ns2="http://zakupki.gov.ru/223fz/purchase/1" xmlns:xsi="http://www.w3.org/2001/XMLSchema-instance" xmlns:ns3="http://zakupki.gov.ru/223fz/dishonestSupplier/1" xmlns:ns4="http://zakupki.gov.ru/223fz/decisionSuspension/1" xmlns:ns5="http://zakupki.gov.ru/223fz/purchasePlanAdditionalPosition/1" xmlns:ns6="http://zakupki.gov.ru/223fz/purchasePlan/1" xmlns:ns7="http://zakupki.gov.ru/223fz/machineryListInfo/1" xmlns:ns8="http://zakupki.gov.ru/223fz/revenue/1" xmlns:ns9="http://zakupki.gov.ru/223fz/orderClauseList/1">
    <header>
        <guid>2eaa8970-02b1-4abe-af6c-a1ac58c5887c</guid>
        <createDateTime>2017-01-13T05:18:19</createDateTime>
    </header>
    <ns2:body>
        <ns2:item>
            <guid>c0852913-ffed-4cfe-b2af-5d2c785b1037</guid>
            <ns2:purchaseNoticeEPData>
                <ns2:guid>c0852913-ffed-4cfe-b2af-5d2c785b1037</ns2:guid>
                <ns2:createDateTime>2017-01-12T14:51:53</ns2:createDateTime>
                <ns2:urlOOS>https://zakupki.gov.ru/223/purchase/private/purchase/notice-info/details.html?noticeInfoId=5600176</ns2:urlOOS>
                <ns2:registrationNumber>31704663220</ns2:registrationNumber>
                <ns2:name>поставка продуктов питания</ns2:name>
                <ns2:customer>
                    <mainInfo>
                        <fullName>БЮДЖЕТНОЕ ПРОФЕССИОНАЛЬНОЕ ОБРАЗОВАТЕЛЬНОЕ УЧРЕЖДЕНИЕ РЕСПУБЛИКЕ АЛТАЙ "МЕДИЦИНСКИЙ КОЛЛЕДЖ"</fullName>
                        <shortName>БПОУ РА "МЕДИЦИНСКИЙ КОЛЛЕДЖ"</shortName>
                        <iko>80411050047041101001</iko>
                        <inn>0411050047</inn>
                        <kpp>041101001</kpp>
                        <ogrn>1020400766715</ogrn>
                        <legalAddress>649002, АЛТАЙ, ГОРНО-АЛТАЙСК, КОММУНИСТИЧЕСКИЙ, дом 116</legalAddress>
                        <postalAddress>649002, г. Горно-Алтайск, пр. Коммунистический д.116</postalAddress>
                        <phone>8-38822-61480</phone>
                        <email>medik@mail.gorny.ru</email>
                        <okato>84000000000</okato>
                        <okpo>01963692</okpo>
                    </mainInfo>
                </ns2:customer>
                <ns2:purchaseMethodCode>3363</ns2:purchaseMethodCode>
                <ns2:purchaseCodeName>Закупка у единственного поставщика (исполнителя, подрядчика)</ns2:purchaseCodeName>
                <ns2:placer>
                    <mainInfo>
                        <fullName>БЮДЖЕТНОЕ ПРОФЕССИОНАЛЬНОЕ ОБРАЗОВАТЕЛЬНОЕ УЧРЕЖДЕНИЕ РЕСПУБЛИКЕ АЛТАЙ "МЕДИЦИНСКИЙ КОЛЛЕДЖ"</fullName>
                        <shortName>БПОУ РА "МЕДИЦИНСКИЙ КОЛЛЕДЖ"</shortName>
                        <iko>80411050047041101001</iko>
                        <inn>0411050047</inn>
                        <kpp>041101001</kpp>
                        <ogrn>1020400766715</ogrn>
                        <legalAddress>649002, АЛТАЙ, ГОРНО-АЛТАЙСК, КОММУНИСТИЧЕСКИЙ, дом 116</legalAddress>
                        <postalAddress>649002, г. Горно-Алтайск, пр. Коммунистический д.116</postalAddress>
                        <phone>8-38822-61480</phone>
                        <email>medik@mail.gorny.ru</email>
                        <okato>84000000000</okato>
                        <okpo>01963692</okpo>
                    </mainInfo>
                </ns2:placer>
                <ns2:contact>
                    <firstName>Татьяна</firstName>
                    <middleName>Александровна</middleName>
                    <lastName>Яжанкина</lastName>
                    <phone>+7 (38822) 61480</phone>
                    <email>yajankina@mail.ru</email>
                    <organization>
                        <mainInfo>
                            <fullName>БЮДЖЕТНОЕ ПРОФЕССИОНАЛЬНОЕ ОБРАЗОВАТЕЛЬНОЕ УЧРЕЖДЕНИЕ РЕСПУБЛИКЕ АЛТАЙ "МЕДИЦИНСКИЙ КОЛЛЕДЖ"</fullName>
                            <shortName>БПОУ РА "МЕДИЦИНСКИЙ КОЛЛЕДЖ"</shortName>
                            <iko>80411050047041101001</iko>
                            <inn>0411050047</inn>
                            <kpp>041101001</kpp>
                            <ogrn>1020400766715</ogrn>
                            <legalAddress>649002, АЛТАЙ, ГОРНО-АЛТАЙСК, КОММУНИСТИЧЕСКИЙ, дом 116</legalAddress>
                            <postalAddress>649002, г. Горно-Алтайск, пр. Коммунистический д.116</postalAddress>
                            <phone>8-38822-61480</phone>
                            <email>medik@mail.gorny.ru</email>
                            <okato>84000000000</okato>
                            <okpo>01963692</okpo>
                        </mainInfo>
                    </organization>
                </ns2:contact>
                <ns2:publicationDateTime>2017-01-13T08:18:19</ns2:publicationDateTime>
                <ns2:documentationDelivery>
                    <deliveryStartDateTime>2017-01-16</deliveryStartDateTime>
                    <deliveryEndDateTime>2017-03-31</deliveryEndDateTime>
                </ns2:documentationDelivery>
                <ns2:status>P</ns2:status>
                <ns2:version>1</ns2:version>
                <ns2:notDishonest>false</ns2:notDishonest>
                <ns2:attachments>
                    <totalDocumentsCount>1</totalDocumentsCount>
                    <document>
                        <guid>9b5c2222-0786-464b-a9ea-42a543755ddc</guid>
                        <createDateTime>2017-01-13T05:16:26</createDateTime>
                        <fileName>проект договора.docx</fileName>
                        <description>проект договора</description>
                        <url>http://zakupki.gov.ru/223/purchase/public/download/download.html?id=28551827</url>
                    </document>
                </ns2:attachments>
                <ns2:modificationDate>2017-01-13T08:18:19</ns2:modificationDate>
                <ns2:saveUserId>112278</ns2:saveUserId>
                <ns2:deliveryPlaceIndication>SINGLE_PLACE</ns2:deliveryPlaceIndication>
                <ns2:emergency>false</ns2:emergency>
                <ns2:jointPurchase>false</ns2:jointPurchase>
                <ns2:lots>
                    <lot>
                        <guid>1a5013be-31f5-4f69-af03-c1794af55902</guid>
                        <ordinalNumber>1</ordinalNumber>
                        <lotEditEnabled>false</lotEditEnabled>
                        <lotData>
                            <subject>поставка продуктов питания</subject>
                            <currency>
                                <code>RUB</code>
                                <digitalCode>643</digitalCode>
                                <name>Российский рубль</name>
                            </currency>
                            <initialSum>285000.00</initialSum>
                            <deliveryPlace>
                                <state>Сибирский федеральный округ</state>
                                <region>Алтай Респ </region>
                                <regionOkato>84000000000</regionOkato>
                                <address>г. Горно-Алтайск, пр. Коммунистический, д. 116</address>
                            </deliveryPlace>
                            <lotItems>
                                <newCodes>true</newCodes>
                                <lotItem>
                                    <guid>cfb3b77f-6a72-465a-9312-3bbe4934e0e0</guid>
                                    <ordinalNumber>1</ordinalNumber>
                                    <okpd2>
                                        <code>46.17.11.000</code>
                                        <name>Услуги по оптовой торговле пищевыми продуктами за вознаграждение или на договорной основе</name>
                                    </okpd2>
                                    <okved2>
                                        <code>46.32.2</code>
                                        <name>Торговля оптовая продуктами из мяса и мяса птицы</name>
                                    </okved2>
                                    <okei>
                                        <code>642</code>
                                        <name>Единица</name>
                                    </okei>
                                    <qty>1500</qty>
                                </lotItem>
                            </lotItems>
                            <forSmallOrMiddle>false</forSmallOrMiddle>
                            <excludePurchaseFromPlan>false</excludePurchaseFromPlan>
                            <subcontractorsRequirement>false</subcontractorsRequirement>
                            <ignoredPurchase>false</ignoredPurchase>
                            <centralized>false</centralized>
                        </lotData>
                        <deliveryPlaceIndication>GL</deliveryPlaceIndication>
                        <jointLotData>
                            <jointLot>false</jointLot>
                        </jointLotData>
                        <lotPlanInfo>
                            <planRegistrationNumber>2160207663</planRegistrationNumber>
                            <planGuid>f2f7e598-c327-4327-94c7-e9e81d896b2d</planGuid>
                            <positionNumber>2</positionNumber>
                            <lotPlanPosition>COMMODITY</lotPlanPosition>
                            <positionGuid>437ae788-c195-44ab-b723-427db7fbd225</positionGuid>
                        </lotPlanInfo>
                        <cancelled>false</cancelled>
                    </lot>
                </ns2:lots>
            </ns2:purchaseNoticeEPData>
        </ns2:item>
    </ns2:body>
</ns2:purchaseNoticeEP>
