<?xml version="1.0" encoding="UTF-8" standalone="yes"?>
<ns2:purchaseNoticeEP xsi:schemaLocation="http://zakupki.gov.ru/223/integration/schema/TFF-5.2 http://zakupki.gov.ru/223/integration/schema/TFF-5.2/purchase.xsd" xmlns="http://zakupki.gov.ru/223fz/types/1" xmlns:ns10="http://zakupki.gov.ru/223fz/complaint/1" xmlns:ns11="http://zakupki.gov.ru/223fz/notificationIssue/1" xmlns:ns12="http://zakupki.gov.ru/223fz/purchasePlanProject/1" xmlns:ns13="http://zakupki.gov.ru/223fz/disagreementProtocol/1" xmlns:ns14="http://zakupki.gov.ru/223fz/purchasePlanProjectAdditionalPosition/1" xmlns:ns15="http://zakupki.gov.ru/223fz/reference/1" xmlns:ns16="http://zakupki.gov.ru/223fz/stopCommodity/1" xmlns:ns17="http://zakupki.gov.ru/223fz/contract/1" xmlns:ns18="http://zakupki.gov.ru/223fz/missedNotice/1" xmlns:ns19="http://zakupki.gov.ru/223fz/webRequest/1" xmlns:ns2="http://zakupki.gov.ru/223fz/purchase/1" xmlns:xsi="http://www.w3.org/2001/XMLSchema-instance" xmlns:ns3="http://zakupki.gov.ru/223fz/dishonestSupplier/1" xmlns:ns4="http://zakupki.gov.ru/223fz/decisionSuspension/1" xmlns:ns5="http://zakupki.gov.ru/223fz/purchasePlanAdditionalPosition/1" xmlns:ns6="http://zakupki.gov.ru/223fz/purchasePlan/1" xmlns:ns7="http://zakupki.gov.ru/223fz/machineryListInfo/1" xmlns:ns8="http://zakupki.gov.ru/223fz/revenue/1" xmlns:ns9="http://zakupki.gov.ru/223fz/orderClauseList/1">
    <header>
        <guid>af309e92-59c7-4e1e-8112-116fbb43465d</guid>
        <createDateTime>2017-01-13T05:48:15</createDateTime>
    </header>
    <ns2:body>
        <ns2:item>
            <guid>617b3a9c-b080-4906-9e90-6892f20c3c88</guid>
            <ns2:purchaseNoticeEPData>
                <ns2:guid>617b3a9c-b080-4906-9e90-6892f20c3c88</ns2:guid>
                <ns2:createDateTime>2017-01-13T08:41:53</ns2:createDateTime>
                <ns2:urlOOS>https://zakupki.gov.ru/223/purchase/private/purchase/notice-info/details.html?noticeInfoId=5604920</ns2:urlOOS>
                <ns2:registrationNumber>31704663276</ns2:registrationNumber>
                <ns2:name>поставка мяса</ns2:name>
                <ns2:customer>
                    <mainInfo>
                        <fullName>БЮДЖЕТНОЕ ПРОФЕССИОНАЛЬНОЕ ОБРАЗОВАТЕЛЬНОЕ УЧРЕЖДЕНИЕ РЕСПУБЛИКЕ АЛТАЙ "МЕДИЦИНСКИЙ КОЛЛЕДЖ"</fullName>
                        <shortName>БПОУ РА "МЕДИЦИНСКИЙ КОЛЛЕДЖ"</shortName>
                        <iko>80411050047041101001</iko>
                        <inn>0411050047</inn>
                        <kpp>041101001</kpp>
                        <ogrn>1020400766715</ogrn>
                        <legalAddress>649002, АЛТАЙ, ГОРНО-АЛТАЙСК, КОММУНИСТИЧЕСКИЙ, дом 116</legalAddress>
                        <postalAddress>649002, г. Горно-Алтайск, пр. Коммунистический д.116</postalAddress>
                        <phone>8-38822-61480</phone>
                        <email>medik@mail.gorny.ru</email>
                        <okato>84000000000</okato>
                        <okpo>01963692</okpo>
                    </mainInfo>
                </ns2:customer>
                <ns2:purchaseMethodCode>3363</ns2:purchaseMethodCode>
                <ns2:purchaseCodeName>Закупка у единственного поставщика (исполнителя, подрядчика)</ns2:purchaseCodeName>
                <ns2:placer>
                    <mainInfo>
                        <fullName>БЮДЖЕТНОЕ ПРОФЕССИОНАЛЬНОЕ ОБРАЗОВАТЕЛЬНОЕ УЧРЕЖДЕНИЕ РЕСПУБЛИКЕ АЛТАЙ "МЕДИЦИНСКИЙ КОЛЛЕДЖ"</fullName>
                        <shortName>БПОУ РА "МЕДИЦИНСКИЙ КОЛЛЕДЖ"</shortName>
                        <iko>80411050047041101001</iko>
                        <inn>0411050047</inn>
                        <kpp>041101001</kpp>
                        <ogrn>1020400766715</ogrn>
                        <legalAddress>649002, АЛТАЙ, ГОРНО-АЛТАЙСК, КОММУНИСТИЧЕСКИЙ, дом 116</legalAddress>
                        <postalAddress>649002, г. Горно-Алтайск, пр. Коммунистический д.116</postalAddress>
                        <phone>8-38822-61480</phone>
                        <email>medik@mail.gorny.ru</email>
                        <okato>84000000000</okato>
                        <okpo>01963692</okpo>
                    </mainInfo>
                </ns2:placer>
                <ns2:contact>
                    <firstName>Татьяна</firstName>
                    <middleName>Александровна</middleName>
                    <lastName>Яжанкина</lastName>
                    <phone>+7 (38822) 61480</phone>
                    <email>yajankina@mail.ru</email>
                    <organization>
                        <mainInfo>
                            <fullName>БЮДЖЕТНОЕ ПРОФЕССИОНАЛЬНОЕ ОБРАЗОВАТЕЛЬНОЕ УЧРЕЖДЕНИЕ РЕСПУБЛИКЕ АЛТАЙ "МЕДИЦИНСКИЙ КОЛЛЕДЖ"</fullName>
                            <shortName>БПОУ РА "МЕДИЦИНСКИЙ КОЛЛЕДЖ"</shortName>
                            <iko>80411050047041101001</iko>
                            <inn>0411050047</inn>
                            <kpp>041101001</kpp>
                            <ogrn>1020400766715</ogrn>
                            <legalAddress>649002, АЛТАЙ, ГОРНО-АЛТАЙСК, КОММУНИСТИЧЕСКИЙ, дом 116</legalAddress>
                            <postalAddress>649002, г. Горно-Алтайск, пр. Коммунистический д.116</postalAddress>
                            <phone>8-38822-61480</phone>
                            <email>medik@mail.gorny.ru</email>
                            <okato>84000000000</okato>
                            <okpo>01963692</okpo>
                        </mainInfo>
                    </organization>
                </ns2:contact>
                <ns2:publicationDateTime>2017-01-13T08:48:15</ns2:publicationDateTime>
                <ns2:documentationDelivery/>
                <ns2:status>P</ns2:status>
                <ns2:version>1</ns2:version>
                <ns2:notDishonest>false</ns2:notDishonest>
                <ns2:attachments>
                    <totalDocumentsCount>1</totalDocumentsCount>
                    <document>
                        <guid>81a5e047-1f3d-41f5-9387-8f168f8a51d4</guid>
                        <createDateTime>2017-01-13T05:46:11</createDateTime>
                        <fileName>проект договора Таштанчин.docx</fileName>
                        <description>проект договора Таштанчин</description>
                        <url>http://zakupki.gov.ru/223/purchase/public/download/download.html?id=28552111</url>
                    </document>
                </ns2:attachments>
                <ns2:modificationDate>2017-01-13T08:48:15</ns2:modificationDate>
                <ns2:saveUserId>112278</ns2:saveUserId>
                <ns2:deliveryPlaceIndication>SINGLE_PLACE</ns2:deliveryPlaceIndication>
                <ns2:emergency>false</ns2:emergency>
                <ns2:jointPurchase>false</ns2:jointPurchase>
                <ns2:lots>
                    <lot>
                        <guid>d57a8804-d22a-419b-9321-e3d79a978ff1</guid>
                        <ordinalNumber>1</ordinalNumber>
                        <lotEditEnabled>false</lotEditEnabled>
                        <lotData>
                            <subject>поставка мяса говядины и свинины</subject>
                            <currency>
                                <code>RUB</code>
                                <digitalCode>643</digitalCode>
                                <name>Российский рубль</name>
                            </currency>
                            <initialSum>130000.00</initialSum>
                            <deliveryPlace>
                                <state>Сибирский федеральный округ</state>
                                <region>Алтай Респ </region>
                                <regionOkato>84000000000</regionOkato>
                                <address>г. Горно-Алтайск, пр. Коммунистический, 116</address>
                            </deliveryPlace>
                            <lotItems>
                                <newCodes>true</newCodes>
                                <lotItem>
                                    <guid>d2c2b0d5-73c8-4e60-9085-625a14e57719</guid>
                                    <ordinalNumber>1</ordinalNumber>
                                    <okpd2>
                                        <code>46.32.11.000</code>
                                        <name>Услуги по оптовой торговле мясом (включая мясо птицы)</name>
                                    </okpd2>
                                    <okved2>
                                        <code>46.32.1</code>
                                        <name>Торговля оптовая мясом и мясом птицы, включая субпродукты</name>
                                    </okved2>
                                    <okei>
                                        <code>166</code>
                                        <name>Килограмм</name>
                                    </okei>
                                    <qty>450</qty>
                                </lotItem>
                            </lotItems>
                            <forSmallOrMiddle>false</forSmallOrMiddle>
                            <excludePurchaseFromPlan>false</excludePurchaseFromPlan>
                            <subcontractorsRequirement>false</subcontractorsRequirement>
                            <ignoredPurchase>false</ignoredPurchase>
                            <centralized>false</centralized>
                        </lotData>
                        <deliveryPlaceIndication>GL</deliveryPlaceIndication>
                        <jointLotData>
                            <jointLot>false</jointLot>
                        </jointLotData>
                        <lotPlanInfo>
                            <planRegistrationNumber>2160207663</planRegistrationNumber>
                            <planGuid>f2f7e598-c327-4327-94c7-e9e81d896b2d</planGuid>
                            <positionNumber>1</positionNumber>
                            <lotPlanPosition>COMMODITY</lotPlanPosition>
                            <positionGuid>79dad3e4-50b1-4d06-8182-295c658ee3db</positionGuid>
                        </lotPlanInfo>
                        <cancelled>false</cancelled>
                    </lot>
                </ns2:lots>
            </ns2:purchaseNoticeEPData>
        </ns2:item>
    </ns2:body>
</ns2:purchaseNoticeEP>
