<?xml version="1.0" encoding="UTF-8" standalone="yes"?>
<ns2:purchaseNoticeAE94FZ xsi:schemaLocation="http://zakupki.gov.ru/223/integration/schema/TFF-5.2 http://zakupki.gov.ru/223/integration/schema/TFF-5.2/purchase.xsd" xmlns="http://zakupki.gov.ru/223fz/types/1" xmlns:ns10="http://zakupki.gov.ru/223fz/purchasePlan/1" xmlns:ns11="http://zakupki.gov.ru/223fz/purchasePlanProject/1" xmlns:ns12="http://zakupki.gov.ru/223fz/purchasePlanProjectAdditionalPosition/1" xmlns:ns13="http://zakupki.gov.ru/223fz/contract/1" xmlns:ns14="http://zakupki.gov.ru/223fz/missedNotice/1" xmlns:ns15="http://zakupki.gov.ru/223fz/reference/1" xmlns:ns16="http://zakupki.gov.ru/223fz/stopCommodity/1" xmlns:ns17="http://zakupki.gov.ru/223fz/decisionSuspension/1" xmlns:ns18="http://zakupki.gov.ru/223fz/purchasePlanAdditionalPosition/1" xmlns:ns19="http://zakupki.gov.ru/223fz/webRequest/1" xmlns:ns2="http://zakupki.gov.ru/223fz/purchase/1" xmlns:xsi="http://www.w3.org/2001/XMLSchema-instance" xmlns:ns3="http://zakupki.gov.ru/223fz/dishonestSupplier/1" xmlns:ns4="http://zakupki.gov.ru/223fz/machineryListInfo/1" xmlns:ns5="http://zakupki.gov.ru/223fz/revenue/1" xmlns:ns6="http://zakupki.gov.ru/223fz/orderClauseList/1" xmlns:ns7="http://zakupki.gov.ru/223fz/disagreementProtocol/1" xmlns:ns8="http://zakupki.gov.ru/223fz/complaint/1" xmlns:ns9="http://zakupki.gov.ru/223fz/notificationIssue/1">
    <header>
        <guid>43520a3f-f216-4eb4-b23d-adf9f3d62f38</guid>
        <createDateTime>2017-03-16T17:23:59</createDateTime>
    </header>
    <ns2:body>
        <ns2:item>
            <guid>e7412dec-ca7e-0c0e-47e5-3ad259fcbe13</guid>
            <ns2:purchaseNoticeAE94FZData>
                <ns2:guid>e7412dec-ca7e-0c0e-47e5-3ad259fcbe13</ns2:guid>
                <ns2:createDateTime>2017-03-16T17:20:46</ns2:createDateTime>
                <ns2:urlOOS>https://zakupki.gov.ru/223/purchase/private/purchase/notice-info/details.html?noticeInfoId=5887994</ns2:urlOOS>
                <ns2:urlVSRZ>https://com.roseltorg.ru/#com/procedure/view/id/286276</ns2:urlVSRZ>
                <ns2:registrationNumber>31704899666</ns2:registrationNumber>
                <ns2:name>Оказание услуг по техническому обслуживанию системы автоматической пожарной сигнализации, СОУЭ, систем дымоудаления и подпора воздуха в ГАУЗ «СП № 56 ДЗМ».</ns2:name>
                <ns2:customer>
                    <mainInfo>
                        <fullName>ГОСУДАРСТВЕННОЕ АВТОНОМНОЕ УЧРЕЖДЕНИЕ ЗДРАВООХРАНЕНИЯ ГОРОДА МОСКВЫ "СТОМАТОЛОГИЧЕСКАЯ ПОЛИКЛИНИКА № 56 ДЕПАРТАМЕНТА ЗДРАВООХРАНЕНИЯ ГОРОДА МОСКВЫ"</fullName>
                        <shortName>ГАУЗ "СП № 56 ДЗМ"</shortName>
                        <iko>57718108204771801001</iko>
                        <inn>7718108204</inn>
                        <kpp>771801001</kpp>
                        <ogrn>1037739130550</ogrn>
                        <legalAddress>107392, Г МОСКВА, УЛ ХРОМОВА, дом 9</legalAddress>
                        <postalAddress>107392, Москва Город, Хромова Улица, дом 9</postalAddress>
                        <phone>7-499-1615308</phone>
                        <fax>7-499-1614116</fax>
                        <email>sp56@zdrav.mos.ru</email>
                        <okato>45263594000</okato>
                        <okpo>40189705</okpo>
                    </mainInfo>
                </ns2:customer>
                <ns2:purchaseMethodCode>47525</ns2:purchaseMethodCode>
                <ns2:purchaseCodeName>Открытый аукцион в электронной форме (по 94ФЗ)</ns2:purchaseCodeName>
                <ns2:placer>
                    <mainInfo>
                        <fullName>ГОСУДАРСТВЕННОЕ АВТОНОМНОЕ УЧРЕЖДЕНИЕ ЗДРАВООХРАНЕНИЯ ГОРОДА МОСКВЫ "СТОМАТОЛОГИЧЕСКАЯ ПОЛИКЛИНИКА № 56 ДЕПАРТАМЕНТА ЗДРАВООХРАНЕНИЯ ГОРОДА МОСКВЫ"</fullName>
                        <shortName>ГАУЗ "СП № 56 ДЗМ"</shortName>
                        <iko>57718108204771801001</iko>
                        <inn>7718108204</inn>
                        <kpp>771801001</kpp>
                        <ogrn>1037739130550</ogrn>
                        <legalAddress>107392, Г МОСКВА, УЛ ХРОМОВА, дом 9</legalAddress>
                        <postalAddress>107392, Москва Город, Хромова Улица, дом 9</postalAddress>
                        <phone>7-499-1615308</phone>
                        <fax>7-499-1614116</fax>
                        <email>sp56@zdrav.mos.ru</email>
                        <okato>45263594000</okato>
                        <okpo>40189705</okpo>
                    </mainInfo>
                </ns2:placer>
                <ns2:contact>
                    <firstName>Н.Н.</firstName>
                    <lastName>Тряпицина</lastName>
                    <phone>+7 (499) 1615394</phone>
                    <email>ekonomsp56@mail.ru</email>
                    <organization>
                        <mainInfo>
                            <fullName>ГОСУДАРСТВЕННОЕ АВТОНОМНОЕ УЧРЕЖДЕНИЕ ЗДРАВООХРАНЕНИЯ ГОРОДА МОСКВЫ "СТОМАТОЛОГИЧЕСКАЯ ПОЛИКЛИНИКА № 56 ДЕПАРТАМЕНТА ЗДРАВООХРАНЕНИЯ ГОРОДА МОСКВЫ"</fullName>
                            <shortName>ГАУЗ "СП № 56 ДЗМ"</shortName>
                            <iko>57718108204771801001</iko>
                            <inn>7718108204</inn>
                            <kpp>771801001</kpp>
                            <ogrn>1037739130550</ogrn>
                            <legalAddress>107392, Г МОСКВА, УЛ ХРОМОВА, дом 9</legalAddress>
                            <postalAddress>107392, Москва Город, Хромова Улица, дом 9</postalAddress>
                            <phone>7-499-1615308</phone>
                            <fax>7-499-1614116</fax>
                            <email>sp56@zdrav.mos.ru</email>
                            <okato>45263594000</okato>
                            <okpo>40189705</okpo>
                        </mainInfo>
                    </organization>
                </ns2:contact>
                <ns2:publicationDateTime>2017-03-16T17:23:59</ns2:publicationDateTime>
                <ns2:documentationDelivery>
                    <deliveryStartDateTime>2017-03-16</deliveryStartDateTime>
                    <deliveryEndDateTime>2017-04-07</deliveryEndDateTime>
                    <place>https://com.roseltorg.ru/</place>
                    <procedure>посредством размещения для скачивания и ознакомления</procedure>
                </ns2:documentationDelivery>
                <ns2:status>P</ns2:status>
                <ns2:version>1</ns2:version>
                <ns2:notDishonest>true</ns2:notDishonest>
                <ns2:attachments>
                    <totalDocumentsCount>7</totalDocumentsCount>
                    <document>
                        <guid>2942e8e9-9c42-b50f-0857-148848837873</guid>
                        <createDateTime>2017-03-16T16:09:12</createDateTime>
                        <fileName>ТЗ_на_ТО_АПС_в_2кв_2017г.docx</fileName>
                        <description>Техническое задание в ред. форм.</description>
                        <url>http://zakupki.gov.ru/223/purchase/public/download/download.html?id=30119141</url>
                    </document>
                    <document>
                        <guid>f90dc926-959d-5da3-20c3-4845975b2391</guid>
                        <createDateTime>2017-03-16T16:08:34</createDateTime>
                        <fileName>ПРОЕКТ_ГОС.КОНТРАКТА_услуги_.docx</fileName>
                        <description>Проект Контракта</description>
                        <url>http://zakupki.gov.ru/223/purchase/public/download/download.html?id=30119142</url>
                    </document>
                    <document>
                        <guid>b5d9cf2b-5d33-41a2-d726-2060e06d8267</guid>
                        <createDateTime>2017-03-16T16:18:49</createDateTime>
                        <fileName>Аукционная_документация[4].docx</fileName>
                        <description>Аукционная документация</description>
                        <url>http://zakupki.gov.ru/223/purchase/public/download/download.html?id=30119143</url>
                    </document>
                    <document>
                        <guid>227ac07c-e31c-344f-9175-6528d9294820</guid>
                        <createDateTime>2017-03-16T16:08:50</createDateTime>
                        <fileName>форма_2.docx</fileName>
                        <description>Форма 2 для заполнения</description>
                        <url>http://zakupki.gov.ru/223/purchase/public/download/download.html?id=30119144</url>
                    </document>
                    <document>
                        <guid>2e17c12f-500c-83fb-80e7-f914b99839a4</guid>
                        <createDateTime>2017-03-16T16:07:27</createDateTime>
                        <fileName>Расчет_цены_ТО_АПС.PDF</fileName>
                        <description>Расчет НМЦК</description>
                        <url>http://zakupki.gov.ru/223/purchase/public/download/download.html?id=30119146</url>
                    </document>
                    <document>
                        <guid>d6517faf-c6e9-e336-98ee-088a201a7c31</guid>
                        <createDateTime>2017-03-16T16:07:12</createDateTime>
                        <fileName>Приказ_ТО_АПС.PDF</fileName>
                        <description>Приказ решение</description>
                        <url>http://zakupki.gov.ru/223/purchase/public/download/download.html?id=30119147</url>
                    </document>
                    <document>
                        <guid>2deecab7-2a6e-f1bc-93f1-12ab8107c1f4</guid>
                        <createDateTime>2017-03-16T16:07:43</createDateTime>
                        <fileName>Тех.задание_ТО_АПС.PDF</fileName>
                        <description>Техническое задание</description>
                        <url>http://zakupki.gov.ru/223/purchase/public/download/download.html?id=30119148</url>
                    </document>
                </ns2:attachments>
                <ns2:modificationDate>2017-03-16T17:23:59</ns2:modificationDate>
                <ns2:saveUserId>166323</ns2:saveUserId>
                <ns2:deliveryPlaceIndication>DIFFERENT_PLACE</ns2:deliveryPlaceIndication>
                <ns2:emergency>false</ns2:emergency>
                <ns2:jointPurchase>false</ns2:jointPurchase>
                <ns2:lots>
                    <lot>
                        <guid>04a3e273-3c93-e0dc-5189-c4001fb8f1fa</guid>
                        <ordinalNumber>1</ordinalNumber>
                        <lotEditEnabled>true</lotEditEnabled>
                        <lotData>
                            <subject>Оказание услуг по техническому обслуживанию системы автоматической пожарной сигнализации, СОУЭ, систем дымоудаления и подпора воздуха в ГАУЗ «СП № 56 ДЗМ».</subject>
                            <currency>
                                <code>RUB</code>
                                <digitalCode>643</digitalCode>
                                <name>Российский рубль</name>
                            </currency>
                            <initialSum>94444.44</initialSum>
                            <deliveryPlace>
                                <address>107392, г. Москва, ул. Хромова, дом 9</address>
                            </deliveryPlace>
                            <lotItems>
                                <newCodes>true</newCodes>
                                <lotItem>
                                    <guid>070dd374-bbb1-b525-4a46-46217aab0c74</guid>
                                    <ordinalNumber>1</ordinalNumber>
                                    <okpd2>
                                        <code>33.12.1</code>
                                        <name>Услуги по ремонту и техническому обслуживанию оборудования общего назначения</name>
                                    </okpd2>
                                    <okved2>
                                        <code>33.12</code>
                                        <name>Ремонт машин и оборудования</name>
                                    </okved2>
                                    <okei>
                                        <code>876</code>
                                        <name>Условная единица</name>
                                    </okei>
                                    <qty>1</qty>
                                    <additionalInfo>Техническое обслуживание системы автоматической пожарной сигнализации, СОУЭ, систем дымоудаления и подпора воздуха в ГАУЗ «СП № 56 ДЗМ».</additionalInfo>
                                </lotItem>
                            </lotItems>
                            <forSmallOrMiddle>false</forSmallOrMiddle>
                            <excludePurchaseFromPlan>false</excludePurchaseFromPlan>
                            <subcontractorsRequirement>false</subcontractorsRequirement>
                            <ignoredPurchase>false</ignoredPurchase>
                            <centralized>false</centralized>
                        </lotData>
                        <deliveryPlaceIndication>GL</deliveryPlaceIndication>
                        <jointLotData>
                            <jointLot>false</jointLot>
                        </jointLotData>
                        <lotPlanInfo>
                            <planRegistrationNumber>2160204068</planRegistrationNumber>
                            <planGuid>d88cf1bb-ec5a-4a0d-ae4d-03e5573f511c</planGuid>
                            <positionNumber>56</positionNumber>
                            <lotPlanPosition>COMMODITY</lotPlanPosition>
                            <positionGuid>7a1dacba-e6c5-42fc-93ea-07808ab7dfa2</positionGuid>
                        </lotPlanInfo>
                        <cancelled>false</cancelled>
                    </lot>
                </ns2:lots>
                <ns2:electronicPlaceInfo>
                    <name>АО "ЕЭТП"</name>
                    <url>http://www.roseltorg.ru/</url>
                    <electronicPlaceId>113</electronicPlaceId>
                </ns2:electronicPlaceInfo>
                <ns2:auctionTime>2017-04-13T12:00:00</ns2:auctionTime>
                <ns2:applExamPeriodTime>2017-04-11T22:59:00</ns2:applExamPeriodTime>
                <ns2:submissionCloseDateTime>2017-04-07T12:00:00</ns2:submissionCloseDateTime>
                <ns2:publicationPlannedDate>2017-03-16</ns2:publicationPlannedDate>
                <ns2:considerationSecondPartDate>2017-04-17</ns2:considerationSecondPartDate>
            </ns2:purchaseNoticeAE94FZData>
        </ns2:item>
    </ns2:body>
</ns2:purchaseNoticeAE94FZ>
