<?xml version="1.0" encoding="UTF-8" standalone="yes"?>
<ns2:orderClause xsi:schemaLocation="http://zakupki.gov.ru/223/integration/schema/TFF-5.2 http://zakupki.gov.ru/223/integration/schema/TFF-5.2/orderClause.xsd" xmlns="http://zakupki.gov.ru/223fz/types/1" xmlns:ns10="http://zakupki.gov.ru/223fz/purchase/1" xmlns:ns11="http://zakupki.gov.ru/223fz/machineryListInfo/1" xmlns:ns12="http://zakupki.gov.ru/223fz/revenue/1" xmlns:ns13="http://zakupki.gov.ru/223fz/contract/1" xmlns:ns14="http://zakupki.gov.ru/223fz/missedNotice/1" xmlns:ns15="http://zakupki.gov.ru/223fz/complaint/1" xmlns:ns16="http://zakupki.gov.ru/223fz/decisionSuspension/1" xmlns:ns17="http://zakupki.gov.ru/223fz/purchasePlanAdditionalPosition/1" xmlns:ns18="http://zakupki.gov.ru/223fz/notificationIssue/1" xmlns:ns19="http://zakupki.gov.ru/223fz/webRequest/1" xmlns:ns2="http://zakupki.gov.ru/223fz/orderClauseList/1" xmlns:xsi="http://www.w3.org/2001/XMLSchema-instance" xmlns:ns3="http://zakupki.gov.ru/223fz/dishonestSupplier/1" xmlns:ns4="http://zakupki.gov.ru/223fz/purchasePlan/1" xmlns:ns5="http://zakupki.gov.ru/223fz/purchasePlanProject/1" xmlns:ns6="http://zakupki.gov.ru/223fz/purchasePlanProjectAdditionalPosition/1" xmlns:ns7="http://zakupki.gov.ru/223fz/disagreementProtocol/1" xmlns:ns8="http://zakupki.gov.ru/223fz/reference/1" xmlns:ns9="http://zakupki.gov.ru/223fz/stopCommodity/1">
    <header>
        <guid>1d9c0ded-668a-4763-9929-e4586f459ceb</guid>
        <createDateTime>2017-03-20T12:56:45</createDateTime>
    </header>
    <ns2:body>
        <ns2:item>
            <guid>09ebedb2-8e67-4d88-9921-4277740751c5</guid>
            <ns2:orderClauseData>
                <ns2:guid>09ebedb2-8e67-4d88-9921-4277740751c5</ns2:guid>
                <ns2:createDateTime>2017-03-20T14:52:13</ns2:createDateTime>
                <ns2:urlOOS>https://zakupki.gov.ru/223/clause/private/order-clause/info/common-info.html?clauseInfoId=280153</ns2:urlOOS>
                <ns2:customer>
                    <mainInfo>
                        <fullName>ГОСУДАРСТВЕННОЕ АВТОНОМНОЕ ПРОФЕССИОНАЛЬНОЕ ОБРАЗОВАТЕЛЬНОЕ УЧРЕЖДЕНИЕ СВЕРДЛОВСКОЙ ОБЛАСТИ "УРАЛЬСКИЙ ПОЛИТЕХНИЧЕСКИЙ КОЛЛЕДЖ-МЕЖРЕГИОНАЛЬНЫЙ ЦЕНТР КОМПЕТЕНЦИЙ"</fullName>
                        <shortName>ГАПОУ СО "УРАЛЬСКИЙ ПОЛИТЕХНИЧЕСКИЙ КОЛЛЕДЖ-МЦК"</shortName>
                        <iko>56660008060667001001</iko>
                        <inn>6660008060</inn>
                        <kpp>667001001</kpp>
                        <ogrn>1026604959776</ogrn>
                        <legalAddress>620062, ОБЛ СВЕРДЛОВСКАЯ, Г ЕКАТЕРИНБУРГ, ПР-КТ ЛЕНИНА, дом 89</legalAddress>
                        <postalAddress>620062, Свердловская область, г. Екатеринбург, пр. Ленина, дом 89 </postalAddress>
                        <phone>7-343-3743162</phone>
                        <email>kel72@bk.ru</email>
                        <okato>65401373000</okato>
                        <okpo>00189931</okpo>
                    </mainInfo>
                </ns2:customer>
                <ns2:placer>
                    <mainInfo>
                        <fullName>ГОСУДАРСТВЕННОЕ АВТОНОМНОЕ ПРОФЕССИОНАЛЬНОЕ ОБРАЗОВАТЕЛЬНОЕ УЧРЕЖДЕНИЕ СВЕРДЛОВСКОЙ ОБЛАСТИ "УРАЛЬСКИЙ ПОЛИТЕХНИЧЕСКИЙ КОЛЛЕДЖ-МЕЖРЕГИОНАЛЬНЫЙ ЦЕНТР КОМПЕТЕНЦИЙ"</fullName>
                        <shortName>ГАПОУ СО "УРАЛЬСКИЙ ПОЛИТЕХНИЧЕСКИЙ КОЛЛЕДЖ-МЦК"</shortName>
                        <iko>56660008060667001001</iko>
                        <inn>6660008060</inn>
                        <kpp>667001001</kpp>
                        <ogrn>1026604959776</ogrn>
                        <legalAddress>620062, ОБЛ СВЕРДЛОВСКАЯ, Г ЕКАТЕРИНБУРГ, ПР-КТ ЛЕНИНА, дом 89</legalAddress>
                        <postalAddress>620062, Свердловская область, г. Екатеринбург, пр. Ленина, дом 89 </postalAddress>
                        <phone>7-343-3743162</phone>
                        <email>kel72@bk.ru</email>
                        <okato>65401373000</okato>
                        <okpo>00189931</okpo>
                    </mainInfo>
                </ns2:placer>
                <ns2:status>P</ns2:status>
                <ns2:version>9</ns2:version>
                <ns2:name>Положение о закупке товаров, работ, услуг государственного автономного профессионального образовательного учреждения Свердловской области "Уральский политехнический колледж - Межрегиональный центр компетенций"</ns2:name>
                <ns2:registrationNumber>1130015973</ns2:registrationNumber>
                <ns2:modificationDescription>редактирование способов закупки</ns2:modificationDescription>
                <ns2:approveDate>2016-10-07</ns2:approveDate>
                <ns2:effectiveDate>2016-07-19</ns2:effectiveDate>
                <ns2:approverName>Наблюдательный совет государственного автономного профессионального образовательного учреждения Свердловской области "Уральский политехнический колледж - Межрегиональный центр компетенций"</ns2:approverName>
                <ns2:purchaseMethod>
                    <ns2:purchaseMethodCode>142154</ns2:purchaseMethodCode>
                    <ns2:purchaseMethodName>ESTP: Открытый аукцион в электронной форме</ns2:purchaseMethodName>
                    <ns2:digitalPurchase>true</ns2:digitalPurchase>
                </ns2:purchaseMethod>
                <ns2:purchaseMethod>
                    <ns2:purchaseMethodCode>50000</ns2:purchaseMethodCode>
                    <ns2:purchaseMethodName>Запрос предложений в электронной форме</ns2:purchaseMethodName>
                    <ns2:digitalPurchase>true</ns2:digitalPurchase>
                </ns2:purchaseMethod>
                <ns2:purchaseMethod>
                    <ns2:purchaseMethodCode>3359</ns2:purchaseMethodCode>
                    <ns2:purchaseMethodName>Открытый конкурс</ns2:purchaseMethodName>
                    <ns2:digitalPurchase>false</ns2:digitalPurchase>
                </ns2:purchaseMethod>
                <ns2:purchaseMethod>
                    <ns2:purchaseMethodCode>3363</ns2:purchaseMethodCode>
                    <ns2:purchaseMethodName>Закупка у единственного поставщика (исполнителя, подрядчика)</ns2:purchaseMethodName>
                    <ns2:digitalPurchase>false</ns2:digitalPurchase>
                </ns2:purchaseMethod>
                <ns2:purchaseMethod>
                    <ns2:purchaseMethodCode>3361</ns2:purchaseMethodCode>
                    <ns2:purchaseMethodName>Открытый аукцион в электронной форме</ns2:purchaseMethodName>
                    <ns2:digitalPurchase>true</ns2:digitalPurchase>
                </ns2:purchaseMethod>
                <ns2:purchaseMethod>
                    <ns2:purchaseMethodCode>142153</ns2:purchaseMethodCode>
                    <ns2:purchaseMethodName>Запрос цен в электронной форме с возможностью подачи заявки в бумажной форме</ns2:purchaseMethodName>
                    <ns2:digitalPurchase>true</ns2:digitalPurchase>
                </ns2:purchaseMethod>
                <ns2:purchaseMethod>
                    <ns2:purchaseMethodCode>49997</ns2:purchaseMethodCode>
                    <ns2:purchaseMethodName>Запрос цен в электронной форме</ns2:purchaseMethodName>
                    <ns2:digitalPurchase>true</ns2:digitalPurchase>
                </ns2:purchaseMethod>
                <ns2:purchaseMethod>
                    <ns2:purchaseMethodCode>50002</ns2:purchaseMethodCode>
                    <ns2:purchaseMethodName>Открытый конкурс в электронной форме</ns2:purchaseMethodName>
                    <ns2:digitalPurchase>true</ns2:digitalPurchase>
                </ns2:purchaseMethod>
                <ns2:publicationDateTime>2017-03-20T14:56:32</ns2:publicationDateTime>
                <ns2:attachments>
                    <totalDocumentsCount>1</totalDocumentsCount>
                    <document>
                        <guid>cee74bd3-9f76-430b-b862-8931f5ac5846</guid>
                        <createDateTime>2016-10-18T06:57:32</createDateTime>
                        <fileName>Положение о закупке товаров, работ, услуг ГАПОУ СО УПК-МЦК в ред. от 07.10.2016 г.docx</fileName>
                        <description>Положение о закупке товаров, работ, услуг ГАПОУ СО УПК-МЦК в ред. от 07.10.2016 г</description>
                        <url>http://zakupki.gov.ru/223/clause/public/download/download.html?id=952479</url>
                    </document>
                </ns2:attachments>
            </ns2:orderClauseData>
        </ns2:item>
    </ns2:body>
</ns2:orderClause>
