<?xml version="1.0" encoding="UTF-8" standalone="yes"?>
<ns2:orderClause xsi:schemaLocation="http://zakupki.gov.ru/223/integration/schema/TFF-5.2 http://zakupki.gov.ru/223/integration/schema/TFF-5.2/orderClause.xsd" xmlns="http://zakupki.gov.ru/223fz/types/1" xmlns:ns10="http://zakupki.gov.ru/223fz/purchase/1" xmlns:ns11="http://zakupki.gov.ru/223fz/machineryListInfo/1" xmlns:ns12="http://zakupki.gov.ru/223fz/revenue/1" xmlns:ns13="http://zakupki.gov.ru/223fz/contract/1" xmlns:ns14="http://zakupki.gov.ru/223fz/missedNotice/1" xmlns:ns15="http://zakupki.gov.ru/223fz/complaint/1" xmlns:ns16="http://zakupki.gov.ru/223fz/decisionSuspension/1" xmlns:ns17="http://zakupki.gov.ru/223fz/purchasePlanAdditionalPosition/1" xmlns:ns18="http://zakupki.gov.ru/223fz/notificationIssue/1" xmlns:ns19="http://zakupki.gov.ru/223fz/webRequest/1" xmlns:ns2="http://zakupki.gov.ru/223fz/orderClauseList/1" xmlns:xsi="http://www.w3.org/2001/XMLSchema-instance" xmlns:ns3="http://zakupki.gov.ru/223fz/dishonestSupplier/1" xmlns:ns4="http://zakupki.gov.ru/223fz/purchasePlan/1" xmlns:ns5="http://zakupki.gov.ru/223fz/purchasePlanProject/1" xmlns:ns6="http://zakupki.gov.ru/223fz/purchasePlanProjectAdditionalPosition/1" xmlns:ns7="http://zakupki.gov.ru/223fz/disagreementProtocol/1" xmlns:ns8="http://zakupki.gov.ru/223fz/reference/1" xmlns:ns9="http://zakupki.gov.ru/223fz/stopCommodity/1">
    <header>
        <guid>eab03ce0-d174-4f0b-bb6e-aaecf40e9899</guid>
        <createDateTime>2017-03-20T20:06:28</createDateTime>
    </header>
    <ns2:body>
        <ns2:item>
            <guid>c7aed072-66ce-4b33-8009-0f1a0bd12526</guid>
            <ns2:orderClauseData>
                <ns2:guid>c7aed072-66ce-4b33-8009-0f1a0bd12526</ns2:guid>
                <ns2:createDateTime>2017-03-19T12:03:25</ns2:createDateTime>
                <ns2:urlOOS>https://zakupki.gov.ru/223/clause/private/order-clause/info/common-info.html?clauseInfoId=280078</ns2:urlOOS>
                <ns2:customer>
                    <mainInfo>
                        <fullName>МУНИЦИПАЛЬНОЕ АВТОНОМНОЕ ОБЩЕОБРАЗОВАТЕЛЬНОЕ УЧРЕЖДЕНИЕ НАЧАЛЬНАЯ ОБЩЕОБРАЗОВАТЕЛЬНАЯ ШКОЛА № 43</fullName>
                        <shortName>МАОУ НОШ № 43</shortName>
                        <iko>56667008951662301001</iko>
                        <inn>6667008951</inn>
                        <kpp>662301001</kpp>
                        <ogrn>1026601375866</ogrn>
                        <legalAddress>622048, ОБЛ СВЕРДЛОВСКАЯ, Г НИЖНИЙ ТАГИЛ, УЛ ЗАРИ, дом 30</legalAddress>
                        <postalAddress>622048, дом 30</postalAddress>
                        <phone>7-3435-310408</phone>
                        <email>skhool43@yandex.ru</email>
                        <okato>65476370000</okato>
                        <okpo>50295437</okpo>
                    </mainInfo>
                </ns2:customer>
                <ns2:placer>
                    <mainInfo>
                        <fullName>МУНИЦИПАЛЬНОЕ АВТОНОМНОЕ ОБЩЕОБРАЗОВАТЕЛЬНОЕ УЧРЕЖДЕНИЕ НАЧАЛЬНАЯ ОБЩЕОБРАЗОВАТЕЛЬНАЯ ШКОЛА № 43</fullName>
                        <shortName>МАОУ НОШ № 43</shortName>
                        <iko>56667008951662301001</iko>
                        <inn>6667008951</inn>
                        <kpp>662301001</kpp>
                        <ogrn>1026601375866</ogrn>
                        <legalAddress>622048, ОБЛ СВЕРДЛОВСКАЯ, Г НИЖНИЙ ТАГИЛ, УЛ ЗАРИ, дом 30</legalAddress>
                        <postalAddress>622048, дом 30</postalAddress>
                        <phone>7-3435-310408</phone>
                        <email>skhool43@yandex.ru</email>
                        <okato>65476370000</okato>
                        <okpo>50295437</okpo>
                    </mainInfo>
                </ns2:placer>
                <ns2:status>P</ns2:status>
                <ns2:version>4</ns2:version>
                <ns2:name>Положение о закупке товаров, работ, услуг для нужд Муниципального автономного общеобразовательного учреждения начальной общеобразовательной школы №  43</ns2:name>
                <ns2:registrationNumber>1150092773</ns2:registrationNumber>
                <ns2:modificationDescription>внесение изменений в пп3 п 4.3</ns2:modificationDescription>
                <ns2:approveDate>2015-12-16</ns2:approveDate>
                <ns2:effectiveDate>2016-01-01</ns2:effectiveDate>
                <ns2:approverName>Наблюдательный совет</ns2:approverName>
                <ns2:purchaseMethod>
                    <ns2:purchaseMethodCode>3359</ns2:purchaseMethodCode>
                    <ns2:purchaseMethodName>Открытый конкурс</ns2:purchaseMethodName>
                    <ns2:digitalPurchase>false</ns2:digitalPurchase>
                </ns2:purchaseMethod>
                <ns2:purchaseMethod>
                    <ns2:purchaseMethodCode>3362</ns2:purchaseMethodCode>
                    <ns2:purchaseMethodName>Запрос котировок</ns2:purchaseMethodName>
                    <ns2:digitalPurchase>false</ns2:digitalPurchase>
                </ns2:purchaseMethod>
                <ns2:purchaseMethod>
                    <ns2:purchaseMethodCode>3360</ns2:purchaseMethodCode>
                    <ns2:purchaseMethodName>Открытый аукцион</ns2:purchaseMethodName>
                    <ns2:digitalPurchase>false</ns2:digitalPurchase>
                </ns2:purchaseMethod>
                <ns2:purchaseMethod>
                    <ns2:purchaseMethodCode>3363</ns2:purchaseMethodCode>
                    <ns2:purchaseMethodName>Закупка у единственного поставщика (исполнителя, подрядчика)</ns2:purchaseMethodName>
                    <ns2:digitalPurchase>false</ns2:digitalPurchase>
                </ns2:purchaseMethod>
                <ns2:publicationDateTime>2017-03-20T22:06:12</ns2:publicationDateTime>
                <ns2:attachments>
                    <totalDocumentsCount>2</totalDocumentsCount>
                    <document>
                        <guid>8beff85a-19fc-4c74-a86a-c26f0ae47e54</guid>
                        <createDateTime>2016-12-02T13:27:13</createDateTime>
                        <fileName>161130№453_о внесении изм-ий в положение о закупках.pdf</fileName>
                        <description>161130№453_о внесении изм-ий в положение о закупках</description>
                        <url>http://zakupki.gov.ru/223/clause/public/download/download.html?id=952074</url>
                    </document>
                    <document>
                        <guid>0b30cbac-7464-4d6c-84d5-59341475cf15</guid>
                        <createDateTime>2017-03-19T10:04:14</createDateTime>
                        <fileName>170317_Положение_223_с_титулом.PDF</fileName>
                        <description>Положение о закупках</description>
                        <url>http://zakupki.gov.ru/223/clause/public/download/download.html?id=952078</url>
                    </document>
                </ns2:attachments>
            </ns2:orderClauseData>
        </ns2:item>
    </ns2:body>
</ns2:orderClause>
