<?xml version="1.0" encoding="UTF-8" standalone="yes"?>
<ns2:orderClause xsi:schemaLocation="http://zakupki.gov.ru/223/integration/schema/TFF-5.2 http://zakupki.gov.ru/223/integration/schema/TFF-5.2/orderClause.xsd" xmlns="http://zakupki.gov.ru/223fz/types/1" xmlns:ns10="http://zakupki.gov.ru/223fz/purchase/1" xmlns:ns11="http://zakupki.gov.ru/223fz/machineryListInfo/1" xmlns:ns12="http://zakupki.gov.ru/223fz/revenue/1" xmlns:ns13="http://zakupki.gov.ru/223fz/contract/1" xmlns:ns14="http://zakupki.gov.ru/223fz/missedNotice/1" xmlns:ns15="http://zakupki.gov.ru/223fz/complaint/1" xmlns:ns16="http://zakupki.gov.ru/223fz/decisionSuspension/1" xmlns:ns17="http://zakupki.gov.ru/223fz/purchasePlanAdditionalPosition/1" xmlns:ns18="http://zakupki.gov.ru/223fz/notificationIssue/1" xmlns:ns19="http://zakupki.gov.ru/223fz/webRequest/1" xmlns:ns2="http://zakupki.gov.ru/223fz/orderClauseList/1" xmlns:xsi="http://www.w3.org/2001/XMLSchema-instance" xmlns:ns3="http://zakupki.gov.ru/223fz/dishonestSupplier/1" xmlns:ns4="http://zakupki.gov.ru/223fz/purchasePlan/1" xmlns:ns5="http://zakupki.gov.ru/223fz/purchasePlanProject/1" xmlns:ns6="http://zakupki.gov.ru/223fz/purchasePlanProjectAdditionalPosition/1" xmlns:ns7="http://zakupki.gov.ru/223fz/disagreementProtocol/1" xmlns:ns8="http://zakupki.gov.ru/223fz/reference/1" xmlns:ns9="http://zakupki.gov.ru/223fz/stopCommodity/1">
    <header>
        <guid>f2c0e732-6286-4a13-af9c-24f975518301</guid>
        <createDateTime>2017-03-20T09:53:30</createDateTime>
    </header>
    <ns2:body>
        <ns2:item>
            <guid>f7d89e74-70d8-40e5-b74c-ad419f5984ed</guid>
            <ns2:orderClauseData>
                <ns2:guid>f7d89e74-70d8-40e5-b74c-ad419f5984ed</ns2:guid>
                <ns2:createDateTime>2017-03-20T11:38:37</ns2:createDateTime>
                <ns2:urlOOS>https://zakupki.gov.ru/223/clause/private/order-clause/info/common-info.html?clauseInfoId=280111</ns2:urlOOS>
                <ns2:customer>
                    <mainInfo>
                        <fullName>БЕРЕЗОВСКОЕ МУНИЦИПАЛЬНОЕ АВТОНОМНОЕ ДОШКОЛЬНОЕ ОБРАЗОВАТЕЛЬНОЕ УЧРЕЖДЕНИЕ "ДЕТСКИЙ САД №7"</fullName>
                        <shortName>БМАДОУ "ДЕТСКИЙ САД №7"</shortName>
                        <iko>56678044126667801001</iko>
                        <inn>6678044126</inn>
                        <kpp>667801001</kpp>
                        <ogrn>1146678007431</ogrn>
                        <legalAddress>623701, обл СВЕРДЛОВСКАЯ, г БЕРЕЗОВСКИЙ, ул СПОРТИВНАЯ, дом ДОМ 18</legalAddress>
                        <postalAddress>623701обл СВЕРДЛОВСКАЯ, г БЕРЕЗОВСКИЙ, ул СПОРТИВНАЯ, ДОМ 18</postalAddress>
                        <phone>643-3436-40588-78</phone>
                        <email>bgo_dou7@mail.ru</email>
                        <okato>65000000000</okato>
                        <okpo>36416584</okpo>
                    </mainInfo>
                </ns2:customer>
                <ns2:placer>
                    <mainInfo>
                        <fullName>БЕРЕЗОВСКОЕ МУНИЦИПАЛЬНОЕ АВТОНОМНОЕ ДОШКОЛЬНОЕ ОБРАЗОВАТЕЛЬНОЕ УЧРЕЖДЕНИЕ "ДЕТСКИЙ САД №7"</fullName>
                        <shortName>БМАДОУ "ДЕТСКИЙ САД №7"</shortName>
                        <iko>56678044126667801001</iko>
                        <inn>6678044126</inn>
                        <kpp>667801001</kpp>
                        <ogrn>1146678007431</ogrn>
                        <legalAddress>623701, обл СВЕРДЛОВСКАЯ, г БЕРЕЗОВСКИЙ, ул СПОРТИВНАЯ, дом ДОМ 18</legalAddress>
                        <postalAddress>623701обл СВЕРДЛОВСКАЯ, г БЕРЕЗОВСКИЙ, ул СПОРТИВНАЯ, ДОМ 18</postalAddress>
                        <phone>643-3436-40588-78</phone>
                        <email>bgo_dou7@mail.ru</email>
                        <okato>65000000000</okato>
                        <okpo>36416584</okpo>
                    </mainInfo>
                </ns2:placer>
                <ns2:status>P</ns2:status>
                <ns2:version>2</ns2:version>
                <ns2:name>О закупках товаров.работ,услуг для нужд Березовского муниципального автономного дошкольного образовательного учреждения "Детский сад №7"</ns2:name>
                <ns2:registrationNumber>1160099970</ns2:registrationNumber>
                <ns2:modificationDescription>изменение положения (новая редакция)</ns2:modificationDescription>
                <ns2:approveDate>2017-03-16</ns2:approveDate>
                <ns2:effectiveDate>2017-03-16</ns2:effectiveDate>
                <ns2:approverName>Наблюдательный совет</ns2:approverName>
                <ns2:purchaseMethod>
                    <ns2:purchaseMethodCode>3363</ns2:purchaseMethodCode>
                    <ns2:purchaseMethodName>Закупка у единственного поставщика (исполнителя, подрядчика)</ns2:purchaseMethodName>
                    <ns2:digitalPurchase>false</ns2:digitalPurchase>
                </ns2:purchaseMethod>
                <ns2:purchaseMethod>
                    <ns2:purchaseMethodCode>3359</ns2:purchaseMethodCode>
                    <ns2:purchaseMethodName>Открытый конкурс</ns2:purchaseMethodName>
                    <ns2:digitalPurchase>false</ns2:digitalPurchase>
                </ns2:purchaseMethod>
                <ns2:purchaseMethod>
                    <ns2:purchaseMethodCode>3362</ns2:purchaseMethodCode>
                    <ns2:purchaseMethodName>Запрос котировок</ns2:purchaseMethodName>
                    <ns2:digitalPurchase>false</ns2:digitalPurchase>
                </ns2:purchaseMethod>
                <ns2:purchaseMethod>
                    <ns2:purchaseMethodCode>3360</ns2:purchaseMethodCode>
                    <ns2:purchaseMethodName>Открытый аукцион</ns2:purchaseMethodName>
                    <ns2:digitalPurchase>false</ns2:digitalPurchase>
                </ns2:purchaseMethod>
                <ns2:publicationDateTime>2017-03-20T11:52:52</ns2:publicationDateTime>
                <ns2:attachments>
                    <totalDocumentsCount>1</totalDocumentsCount>
                    <document>
                        <guid>cc2fe3de-161e-4f05-972b-11834b989321</guid>
                        <createDateTime>2017-03-20T09:41:29</createDateTime>
                        <fileName>Положение о закупках товаров, работ, услуг для нужд БМАДОУ 7 (2017 ).docx</fileName>
                        <description>Положение о закупках товаров, работ, услуг для нужд БМАДОУ 7 (2017 )</description>
                        <url>http://zakupki.gov.ru/223/clause/public/download/download.html?id=952212</url>
                    </document>
                </ns2:attachments>
            </ns2:orderClauseData>
        </ns2:item>
    </ns2:body>
</ns2:orderClause>
