<?xml version="1.0" encoding="UTF-8" standalone="yes"?>
<ns2:purchaseNotice xsi:schemaLocation="http://zakupki.gov.ru/223/integration/schema/TFF-2.0.6/purchase.xsd" xmlns:ns5="http://zakupki.gov.ru/223fz/purchasePlan/1" xmlns="http://zakupki.gov.ru/223fz/types/1" xmlns:ns2="http://zakupki.gov.ru/223fz/purchase/1" xmlns:xsi="http://www.w3.org/2001/XMLSchema-instance" xmlns:ns3="http://zakupki.gov.ru/223fz/reference/1" xmlns:ns4="http://zakupki.gov.ru/223fz/orderClauseList/1">
    <header>
        <guid>fcc188cd-1385-4919-9a45-0f250244dd4c</guid>
        <createDateTime>2012-12-20T22:06:26.436+04:00</createDateTime>
    </header>
    <ns2:body>
        <ns2:item>
            <guid>82faa716-f2ef-4bba-b6d7-fa8c1a43c5ca</guid>
            <ns2:purchaseNoticeData>
                <ns2:guid>82faa716-f2ef-4bba-b6d7-fa8c1a43c5ca</ns2:guid>
                <ns2:createDateTime>2012-12-20T21:27:30.166+04:00</ns2:createDateTime>
                <ns2:registrationNumber>31200078417</ns2:registrationNumber>
                <ns2:name>Открытый запрос цен на право заключения договора, предметом которого является поставка питьевой бутилированной воды (19 литров), для нужд ФилиалА «Южноуральская ГРЭС» ОАО «ИНТЕР РАО-Электрогенерация»</ns2:name>
                <ns2:customer>
                    <mainInfo>
                        <fullName>Открытое акционерное общество "ИНТЕР РАО - Электрогенерация"</fullName>
                        <shortName>ОАО "ИНТЕР РАО - Электрогенерация"</shortName>
                        <inn>7704784450</inn>
                        <kpp>770401001</kpp>
                        <ogrn>1117746460358</ogrn>
                        <legalAddress>119435, Москва, Пироговская Б., дом 27, корпус стр.1</legalAddress>
                        <postalAddress>119435 г. Москва ул. Большая Пироговская д. 27 стр. 1</postalAddress>
                    </mainInfo>
                </ns2:customer>
                <ns2:purchaseMethodCode>12890</ns2:purchaseMethodCode>
                <ns2:purchaseCodeName>Закрытый запрос цен</ns2:purchaseCodeName>
                <ns2:placer>
                    <mainInfo>
                        <fullName>Открытое акционерное общество "ИНТЕР РАО - Электрогенерация"</fullName>
                        <shortName>ОАО "ИНТЕР РАО - Электрогенерация"</shortName>
                        <inn>7704784450</inn>
                        <kpp>770401001</kpp>
                        <ogrn>1117746460358</ogrn>
                        <legalAddress>119435, Москва, Пироговская Б., дом 27, корпус стр.1</legalAddress>
                        <postalAddress>119435 г. Москва ул. Большая Пироговская д. 27 стр. 1</postalAddress>
                    </mainInfo>
                </ns2:placer>
                <ns2:contact>
                    <firstName>Елена</firstName>
                    <middleName>Валерьевна</middleName>
                    <lastName>Ахметова</lastName>
                    <phone>7-35134-92367</phone>
                    <fax>7-35134-43353</fax>
                    <email>EVAhmetova@ogk3.ru</email>
                    <organization>
                        <mainInfo>
                            <fullName>Открытое акционерное общество "ИНТЕР РАО - Электрогенерация"</fullName>
                            <shortName>ОАО "ИНТЕР РАО - Электрогенерация"</shortName>
                            <inn>7704784450</inn>
                            <kpp>770401001</kpp>
                            <ogrn>1117746460358</ogrn>
                            <legalAddress>119435, Москва, Пироговская Б., дом 27, корпус стр.1</legalAddress>
                            <postalAddress>119435 г. Москва ул. Большая Пироговская д. 27 стр. 1</postalAddress>
                        </mainInfo>
                    </organization>
                </ns2:contact>
                <ns2:publicationDateTime>2012-12-20T22:06:26.399+04:00</ns2:publicationDateTime>
                <ns2:documentationDelivery>
                    <deliveryStartDateTime>2012-12-20+04:00</deliveryStartDateTime>
                    <deliveryEndDateTime>2012-12-24+04:00</deliveryEndDateTime>
                    <place>457040, Российская Федерация, Челябинская область, г. Южноуральск, ул. Спортивная, </place>
                    <procedure>Скачиванием с сайта, по электронной почте</procedure>
                    <url>www.zakupki.gov.ru</url>
                </ns2:documentationDelivery>
                <ns2:status>P</ns2:status>
                <ns2:version>1</ns2:version>
                <ns2:lots>
                    <lot>
                        <guid>f70bbaed-acdd-4ad4-b91e-186629e30203</guid>
                        <ordinalNumber>1</ordinalNumber>
                        <subject>Поставка питьевой бутилированной воды (19 литров)</subject>
                        <currency>
                            <code>RUB</code>
                            <digitalCode>810</digitalCode>
                            <name>Российский рубль</name>
                        </currency>
                        <initialSum>7080</initialSum>
                        <deliveryPlace>457040, Российская Федерация, Челябинская область, г. Южноуральск, ул. Спортивная, 1</deliveryPlace>
                        <lotItems>
                            <lotItem>
                                <ordinalNumber>1</ordinalNumber>
                                <okdp>
                                    <code>4110100</code>
                                    <name>Вода питьевая</name>
                                </okdp>
                                <okved>
                                    <code>51.34.1</code>
                                    <name>Оптовая торговля безалкогольными напитками</name>
                                </okved>
                                <okei>
                                    <code>796</code>
                                    <name>Штука</name>
                                </okei>
                                <qty>24</qty>
                            </lotItem>
                        </lotItems>
                    </lot>
                    <lot>
                        <guid>f4e0809a-14fc-4b16-8fa7-aab34519c44d</guid>
                        <ordinalNumber>2</ordinalNumber>
                        <subject>Поставка питьевой бутилированной воды (19 литров)</subject>
                        <currency>
                            <code>RUB</code>
                            <digitalCode>810</digitalCode>
                            <name>Российский рубль</name>
                        </currency>
                        <initialSum>534000</initialSum>
                        <deliveryPlace>457040, Российская Федерация, Челябинская область, г. Южноуральск, ул. Спортивная</deliveryPlace>
                        <lotItems>
                            <lotItem>
                                <ordinalNumber>2</ordinalNumber>
                                <okdp>
                                    <code>4110100</code>
                                    <name>Вода питьевая</name>
                                </okdp>
                                <okved>
                                    <code>51.34.1</code>
                                    <name>Оптовая торговля безалкогольными напитками</name>
                                </okved>
                            </lotItem>
                        </lotItems>
                    </lot>
                </ns2:lots>
                <ns2:attachements>
                    <document>
                        <createDateTime>2012-12-20T22:04:35.727+04:00</createDateTime>
                        <fileName>Вода.rar</fileName>
                        <description>Вода</description>
                        <url>http://zakupki.gov.ru/223/purchase/public/download/download.html?id=306240</url>
                    </document>
                </ns2:attachements>
                <ns2:nonelectronicPlaceInfo>
                    <summarizingPlace>457040, Российская Федерация, Челябинская область, г. Южноуральск, ул. Спортивная, 1</summarizingPlace>
                    <summarizingDateTime>2012-12-28T12:00:00.000+04:00</summarizingDateTime>
                </ns2:nonelectronicPlaceInfo>
                <ns2:examinationPlace>457040, Российская Федерация, Челябинская область, г. Южноуральск, ул. Спортивная, 1</ns2:examinationPlace>
                <ns2:examinationDateTime>2012-12-24T15:00:00.000+04:00</ns2:examinationDateTime>
                <ns2:submissionCloseDateTime>2012-12-24T14:00:00.000+04:00</ns2:submissionCloseDateTime>
                <ns2:publicationPlannedDate>2012-12-20+04:00</ns2:publicationPlannedDate>
            </ns2:purchaseNoticeData>
        </ns2:item>
    </ns2:body>
</ns2:purchaseNotice>
