<?xml version="1.0" encoding="UTF-8" standalone="yes"?>
<ns2:purchaseNotice xsi:schemaLocation="http://zakupki.gov.ru/223/integration/schema/TFF-2.0.6/purchase.xsd" xmlns:ns5="http://zakupki.gov.ru/223fz/purchasePlan/1" xmlns="http://zakupki.gov.ru/223fz/types/1" xmlns:ns2="http://zakupki.gov.ru/223fz/purchase/1" xmlns:xsi="http://www.w3.org/2001/XMLSchema-instance" xmlns:ns3="http://zakupki.gov.ru/223fz/reference/1" xmlns:ns4="http://zakupki.gov.ru/223fz/orderClauseList/1">
    <header>
        <guid>7488912e-6cc8-43cb-bc40-f2cd645916d7</guid>
        <createDateTime>2012-12-20T22:43:52.015+04:00</createDateTime>
    </header>
    <ns2:body>
        <ns2:item>
            <guid>2b1a88e1-45c7-4925-957a-5587b5cd92ee</guid>
            <ns2:purchaseNoticeData>
                <ns2:guid>2b1a88e1-45c7-4925-957a-5587b5cd92ee</ns2:guid>
                <ns2:createDateTime>2012-12-20T21:50:55.497+04:00</ns2:createDateTime>
                <ns2:registrationNumber>31200078420</ns2:registrationNumber>
                <ns2:name>Право заключения договоров на поставку транспортных средств для нужд ООО «Газпром энерго»</ns2:name>
                <ns2:customer>
                    <mainInfo>
                        <fullName>Общество с ограниченной ответственностью "Газпром энерго"</fullName>
                        <shortName>ООО "Газпром энерго"</shortName>
                        <inn>7736186950</inn>
                        <kpp>773601001</kpp>
                        <ogrn>1027739841370</ogrn>
                        <legalAddress>117939, Москва, Строителей, дом 8, корпус 1</legalAddress>
                        <postalAddress>119526, Москва город, Вернадского проспект, дом 101, корпус 3</postalAddress>
                    </mainInfo>
                </ns2:customer>
                <ns2:purchaseMethodCode>6</ns2:purchaseMethodCode>
                <ns2:purchaseCodeName>Открытый запрос предложений</ns2:purchaseCodeName>
                <ns2:placer>
                    <mainInfo>
                        <fullName>Общество с ограниченной ответственностью "Газпром энерго"</fullName>
                        <shortName>ООО "Газпром энерго"</shortName>
                        <inn>7736186950</inn>
                        <kpp>773601001</kpp>
                        <ogrn>1027739841370</ogrn>
                        <legalAddress>117939, Москва, Строителей, дом 8, корпус 1</legalAddress>
                        <postalAddress>119526, Москва город, Вернадского проспект, дом 101, корпус 3</postalAddress>
                    </mainInfo>
                </ns2:placer>
                <ns2:contact>
                    <firstName>Илья</firstName>
                    <middleName>Валерьевич</middleName>
                    <lastName>Герченко</lastName>
                    <phone>7-495-4284560-5679</phone>
                    <fax>7-495-4284560-5857</fax>
                    <email>i.gerchenko@adm.energo.gazprom.ru</email>
                    <organization>
                        <mainInfo>
                            <fullName>Общество с ограниченной ответственностью "Газпром энерго"</fullName>
                            <shortName>ООО "Газпром энерго"</shortName>
                            <inn>7736186950</inn>
                            <kpp>773601001</kpp>
                            <ogrn>1027739841370</ogrn>
                            <legalAddress>117939, Москва, Строителей, дом 8, корпус 1</legalAddress>
                            <postalAddress>119526, Москва город, Вернадского проспект, дом 101, корпус 3</postalAddress>
                        </mainInfo>
                    </organization>
                </ns2:contact>
                <ns2:publicationDateTime>2012-12-20T22:43:51.875+04:00</ns2:publicationDateTime>
                <ns2:documentationDelivery>
                    <deliveryStartDateTime>2012-12-20+04:00</deliveryStartDateTime>
                    <deliveryEndDateTime>2012-12-27+04:00</deliveryEndDateTime>
                    <place>Официальный сайт для размещения информации о размещении заказа (www.zakupki.gov.ru)</place>
                    <procedure>Документация о запросе предложений размещена в электронном виде в свободном доступе</procedure>
                    <url>www.zakupki.gov.ru</url>
                </ns2:documentationDelivery>
                <ns2:status>P</ns2:status>
                <ns2:version>1</ns2:version>
                <ns2:lots>
                    <lot>
                        <guid>57fba4de-3023-4944-b044-b2b2db1eb3dd</guid>
                        <ordinalNumber>1</ordinalNumber>
                        <subject>«Поставка автомобилей УАЗ Патриот 3163 для нужд ООО «Газпром энерго»</subject>
                        <currency>
                            <code>RUB</code>
                            <digitalCode>810</digitalCode>
                            <name>Российский рубль</name>
                        </currency>
                        <initialSum>1623000</initialSum>
                        <deliveryPlace>В соответствии с требованиями технической части документации о запросе предложений</deliveryPlace>
                        <lotItems>
                            <lotItem>
                                <ordinalNumber>1</ordinalNumber>
                                <okdp>
                                    <code>3590000</code>
                                    <name>Транспортные средства, не включенные в другие группировки</name>
                                </okdp>
                                <okved>
                                    <code>74.84</code>
                                    <name>Предоставление прочих услуг</name>
                                </okved>
                                <okei>
                                    <code>642</code>
                                    <name>Единица</name>
                                </okei>
                                <qty>3</qty>
                                <additionalInfo>В соответствии с требованиями технической части документации о запросе предложений</additionalInfo>
                            </lotItem>
                        </lotItems>
                    </lot>
                    <lot>
                        <guid>6aa1c72d-d4c4-4e98-8cbc-9dffa6bed87d</guid>
                        <ordinalNumber>2</ordinalNumber>
                        <subject>«Поставка лаборатории ЛВИ HVT 2V-G для нужд ООО «Газпром энерго»</subject>
                        <currency>
                            <code>RUB</code>
                            <digitalCode>810</digitalCode>
                            <name>Российский рубль</name>
                        </currency>
                        <initialSum>4800000</initialSum>
                        <deliveryPlace>В соответствии с требованиями технической части документации о запросе предложений</deliveryPlace>
                        <lotItems>
                            <lotItem>
                                <ordinalNumber>2</ordinalNumber>
                                <okdp>
                                    <code>3590000</code>
                                    <name>Транспортные средства, не включенные в другие группировки</name>
                                </okdp>
                                <okved>
                                    <code>74.84</code>
                                    <name>Предоставление прочих услуг</name>
                                </okved>
                                <okei>
                                    <code>642</code>
                                    <name>Единица</name>
                                </okei>
                                <qty>1</qty>
                                <additionalInfo>В соответствии с требованиями технической части документации о запросе предложений</additionalInfo>
                            </lotItem>
                        </lotItems>
                    </lot>
                    <lot>
                        <guid>bcebed98-6709-40da-9541-363f3c2c9447</guid>
                        <ordinalNumber>3</ordinalNumber>
                        <subject>«Поставка погрузчика-экскаватора для нужд ООО «Газпром энерго»</subject>
                        <currency>
                            <code>RUB</code>
                            <digitalCode>810</digitalCode>
                            <name>Российский рубль</name>
                        </currency>
                        <initialSum>1309820</initialSum>
                        <deliveryPlace>В соответствии с требованиями технической части документации о запросе предложений</deliveryPlace>
                        <lotItems>
                            <lotItem>
                                <ordinalNumber>3</ordinalNumber>
                                <okdp>
                                    <code>3590000</code>
                                    <name>Транспортные средства, не включенные в другие группировки</name>
                                </okdp>
                                <okved>
                                    <code>74.84</code>
                                    <name>Предоставление прочих услуг</name>
                                </okved>
                                <okei>
                                    <code>796</code>
                                    <name>Штука</name>
                                </okei>
                                <qty>1</qty>
                                <additionalInfo>В соответствии с требованиями технической части документации о запросе предложений</additionalInfo>
                            </lotItem>
                        </lotItems>
                    </lot>
                    <lot>
                        <guid>36364dde-6d63-48d7-9351-76b1525ab592</guid>
                        <ordinalNumber>4</ordinalNumber>
                        <subject>«Поставка погрузчика для нужд ООО «Газпром энерго»</subject>
                        <currency>
                            <code>RUB</code>
                            <digitalCode>810</digitalCode>
                            <name>Российский рубль</name>
                        </currency>
                        <initialSum>1960000</initialSum>
                        <deliveryPlace>В соответствии с требованиями технической части документации о запросе предложений</deliveryPlace>
                        <lotItems>
                            <lotItem>
                                <ordinalNumber>4</ordinalNumber>
                                <okdp>
                                    <code>3590000</code>
                                    <name>Транспортные средства, не включенные в другие группировки</name>
                                </okdp>
                                <okved>
                                    <code>74.84</code>
                                    <name>Предоставление прочих услуг</name>
                                </okved>
                                <okei>
                                    <code>796</code>
                                    <name>Штука</name>
                                </okei>
                                <qty>1</qty>
                                <additionalInfo>В соответствии с требованиями технической части документации о запросе предложений</additionalInfo>
                            </lotItem>
                        </lotItems>
                    </lot>
                    <lot>
                        <guid>7fe6bc05-fe10-4f2d-9f26-a0c1e81cfb95</guid>
                        <ordinalNumber>5</ordinalNumber>
                        <subject>«Поставка автогидроподъемника АГП-22 для нужд ООО «Газпром энерго»</subject>
                        <currency>
                            <code>RUB</code>
                            <digitalCode>810</digitalCode>
                            <name>Российский рубль</name>
                        </currency>
                        <initialSum>2650000</initialSum>
                        <deliveryPlace>В соответствии с требованиями технической части документации о запросе предложений</deliveryPlace>
                        <lotItems>
                            <lotItem>
                                <ordinalNumber>5</ordinalNumber>
                                <okdp>
                                    <code>3590000</code>
                                    <name>Транспортные средства, не включенные в другие группировки</name>
                                </okdp>
                                <okved>
                                    <code>74.84</code>
                                    <name>Предоставление прочих услуг</name>
                                </okved>
                                <okei>
                                    <code>796</code>
                                    <name>Штука</name>
                                </okei>
                                <qty>1</qty>
                                <additionalInfo>В соответствии с требованиями технической части документации о запросе предложений</additionalInfo>
                            </lotItem>
                        </lotItems>
                    </lot>
                    <lot>
                        <guid>8aaa572a-07e5-4164-a1d0-e931a28b5a99</guid>
                        <ordinalNumber>6</ordinalNumber>
                        <subject>«Поставка самосвала для нужд ООО «Газпром энерго»</subject>
                        <currency>
                            <code>RUB</code>
                            <digitalCode>810</digitalCode>
                            <name>Российский рубль</name>
                        </currency>
                        <initialSum>2300000</initialSum>
                        <deliveryPlace>В соответствии с требованиями технической части документации о запросе предложений</deliveryPlace>
                        <lotItems>
                            <lotItem>
                                <ordinalNumber>6</ordinalNumber>
                                <okdp>
                                    <code>3590000</code>
                                    <name>Транспортные средства, не включенные в другие группировки</name>
                                </okdp>
                                <okved>
                                    <code>74.84</code>
                                    <name>Предоставление прочих услуг</name>
                                </okved>
                                <okei>
                                    <code>796</code>
                                    <name>Штука</name>
                                </okei>
                                <qty>1</qty>
                                <additionalInfo>В соответствии с требованиями технической части документации о запросе предложений</additionalInfo>
                            </lotItem>
                        </lotItems>
                    </lot>
                    <lot>
                        <guid>2af2ae2c-4c6a-4704-a059-770de52013dc</guid>
                        <ordinalNumber>7</ordinalNumber>
                        <subject>«Поставка крана-манипулятора для нужд ООО «Газпром энерго»</subject>
                        <currency>
                            <code>RUB</code>
                            <digitalCode>810</digitalCode>
                            <name>Российский рубль</name>
                        </currency>
                        <initialSum>2335644.8</initialSum>
                        <deliveryPlace>В соответствии с требованиями технической части документации о запросе предложений</deliveryPlace>
                        <lotItems>
                            <lotItem>
                                <ordinalNumber>7</ordinalNumber>
                                <okdp>
                                    <code>3590000</code>
                                    <name>Транспортные средства, не включенные в другие группировки</name>
                                </okdp>
                                <okved>
                                    <code>74.84</code>
                                    <name>Предоставление прочих услуг</name>
                                </okved>
                                <okei>
                                    <code>796</code>
                                    <name>Штука</name>
                                </okei>
                                <qty>1</qty>
                                <additionalInfo>В соответствии с требованиями технической части документации о запросе предложений</additionalInfo>
                            </lotItem>
                        </lotItems>
                    </lot>
                    <lot>
                        <guid>10551c7d-b536-4498-b43f-b2e66b050a70</guid>
                        <ordinalNumber>8</ordinalNumber>
                        <subject>«Поставка трактора Беларус со сварочной установкой для нужд ООО «Газпром энерго»</subject>
                        <currency>
                            <code>RUB</code>
                            <digitalCode>810</digitalCode>
                            <name>Российский рубль</name>
                        </currency>
                        <initialSum>1050000</initialSum>
                        <deliveryPlace>В соответствии с требованиями технической части документации о запросе предложений</deliveryPlace>
                        <lotItems>
                            <lotItem>
                                <ordinalNumber>8</ordinalNumber>
                                <okdp>
                                    <code>3590000</code>
                                    <name>Транспортные средства, не включенные в другие группировки</name>
                                </okdp>
                                <okved>
                                    <code>74.84</code>
                                    <name>Предоставление прочих услуг</name>
                                </okved>
                                <okei>
                                    <code>796</code>
                                    <name>Штука</name>
                                </okei>
                                <qty>1</qty>
                                <additionalInfo>В соответствии с требованиями технической части документации о запросе предложений</additionalInfo>
                            </lotItem>
                        </lotItems>
                    </lot>
                    <lot>
                        <guid>e67bd593-43d9-4db2-8a47-4fbeca8cde03</guid>
                        <ordinalNumber>9</ordinalNumber>
                        <subject>«Поставка автомобилей УАЗ 39099 для нужд ООО «Газпром энерго»</subject>
                        <currency>
                            <code>RUB</code>
                            <digitalCode>810</digitalCode>
                            <name>Российский рубль</name>
                        </currency>
                        <initialSum>1407000</initialSum>
                        <deliveryPlace>В соответствии с требованиями технической части документации о запросе предложений</deliveryPlace>
                        <lotItems>
                            <lotItem>
                                <ordinalNumber>9</ordinalNumber>
                                <okdp>
                                    <code>3590000</code>
                                    <name>Транспортные средства, не включенные в другие группировки</name>
                                </okdp>
                                <okved>
                                    <code>74.84</code>
                                    <name>Предоставление прочих услуг</name>
                                </okved>
                                <okei>
                                    <code>796</code>
                                    <name>Штука</name>
                                </okei>
                                <qty>1</qty>
                                <additionalInfo>В соответствии с требованиями технической части документации о запросе предложений</additionalInfo>
                            </lotItem>
                        </lotItems>
                    </lot>
                    <lot>
                        <guid>9493078b-4c72-44a2-ab5d-b5f942093f1f</guid>
                        <ordinalNumber>10</ordinalNumber>
                        <subject>«Поставка автомобиля УАЗ «Фермер» для нужд ООО «Газпром энерго»</subject>
                        <currency>
                            <code>RUB</code>
                            <digitalCode>810</digitalCode>
                            <name>Российский рубль</name>
                        </currency>
                        <initialSum>469000</initialSum>
                        <deliveryPlace>В соответствии с требованиями технической части документации о запросе предложений</deliveryPlace>
                        <lotItems>
                            <lotItem>
                                <ordinalNumber>10</ordinalNumber>
                                <okdp>
                                    <code>3590000</code>
                                    <name>Транспортные средства, не включенные в другие группировки</name>
                                </okdp>
                                <okved>
                                    <code>74.84</code>
                                    <name>Предоставление прочих услуг</name>
                                </okved>
                                <okei>
                                    <code>796</code>
                                    <name>Штука</name>
                                </okei>
                                <qty>1</qty>
                                <additionalInfo>В соответствии с требованиями технической части документации о запросе предложений</additionalInfo>
                            </lotItem>
                        </lotItems>
                    </lot>
                    <lot>
                        <guid>1f06c906-4c84-4c39-8af1-1b4c4aa1b98a</guid>
                        <ordinalNumber>11</ordinalNumber>
                        <subject>«Поставка автомобиля ЗИЛ для нужд ООО «Газпром энерго»</subject>
                        <currency>
                            <code>RUB</code>
                            <digitalCode>810</digitalCode>
                            <name>Российский рубль</name>
                        </currency>
                        <initialSum>1534000</initialSum>
                        <deliveryPlace>В соответствии с требованиями технической части документации о запросе предложений</deliveryPlace>
                        <lotItems>
                            <lotItem>
                                <ordinalNumber>11</ordinalNumber>
                                <okdp>
                                    <code>3590000</code>
                                    <name>Транспортные средства, не включенные в другие группировки</name>
                                </okdp>
                                <okved>
                                    <code>74.84</code>
                                    <name>Предоставление прочих услуг</name>
                                </okved>
                                <okei>
                                    <code>796</code>
                                    <name>Штука</name>
                                </okei>
                                <qty>1</qty>
                                <additionalInfo>В соответствии с требованиями технической части документации о запросе предложений</additionalInfo>
                            </lotItem>
                        </lotItems>
                    </lot>
                    <lot>
                        <guid>4cf1ab8c-7465-4174-be4c-afb1dd5c608f</guid>
                        <ordinalNumber>12</ordinalNumber>
                        <subject>«Поставка автомобиля КАМАЗ с манипулятором для нужд ООО «Газпром энерго»</subject>
                        <currency>
                            <code>RUB</code>
                            <digitalCode>810</digitalCode>
                            <name>Российский рубль</name>
                        </currency>
                        <initialSum>3469200</initialSum>
                        <deliveryPlace>В соответствии с требованиями технической части документации о запросе предложений</deliveryPlace>
                        <lotItems>
                            <lotItem>
                                <ordinalNumber>12</ordinalNumber>
                                <okdp>
                                    <code>3590000</code>
                                    <name>Транспортные средства, не включенные в другие группировки</name>
                                </okdp>
                                <okved>
                                    <code>74.84</code>
                                    <name>Предоставление прочих услуг</name>
                                </okved>
                                <okei>
                                    <code>796</code>
                                    <name>Штука</name>
                                </okei>
                                <qty>1</qty>
                                <additionalInfo>В соответствии с требованиями технической части документации о запросе предложений</additionalInfo>
                            </lotItem>
                        </lotItems>
                    </lot>
                    <lot>
                        <guid>6b899155-cbbb-423c-81be-9b4e3ff8b509</guid>
                        <ordinalNumber>13</ordinalNumber>
                        <subject>«Поставка автомобиля КАМАЗ (бортовой) для нужд ООО «Газпром энерго»</subject>
                        <currency>
                            <code>RUB</code>
                            <digitalCode>810</digitalCode>
                            <name>Российский рубль</name>
                        </currency>
                        <initialSum>1960000</initialSum>
                        <deliveryPlace>В соответствии с требованиями технической части документации о запросе предложений</deliveryPlace>
                        <lotItems>
                            <lotItem>
                                <ordinalNumber>13</ordinalNumber>
                                <okdp>
                                    <code>3590000</code>
                                    <name>Транспортные средства, не включенные в другие группировки</name>
                                </okdp>
                                <okved>
                                    <code>74.84</code>
                                    <name>Предоставление прочих услуг</name>
                                </okved>
                                <okei>
                                    <code>796</code>
                                    <name>Штука</name>
                                </okei>
                                <qty>1</qty>
                                <additionalInfo>В соответствии с требованиями технической части документации о запросе предложений</additionalInfo>
                            </lotItem>
                        </lotItems>
                    </lot>
                    <lot>
                        <guid>d132f70e-be54-4f20-81d1-2a8afe7da976</guid>
                        <ordinalNumber>14</ordinalNumber>
                        <subject>«Поставка автомобиля КАМАЗ (самосвал) для нужд ООО «Газпром энерго»</subject>
                        <currency>
                            <code>RUB</code>
                            <digitalCode>810</digitalCode>
                            <name>Российский рубль</name>
                        </currency>
                        <initialSum>2636000.01</initialSum>
                        <deliveryPlace>В соответствии с требованиями технической части документации о запросе предложений</deliveryPlace>
                        <lotItems>
                            <lotItem>
                                <ordinalNumber>14</ordinalNumber>
                                <okdp>
                                    <code>3590000</code>
                                    <name>Транспортные средства, не включенные в другие группировки</name>
                                </okdp>
                                <okved>
                                    <code>74.84</code>
                                    <name>Предоставление прочих услуг</name>
                                </okved>
                                <okei>
                                    <code>796</code>
                                    <name>Штука</name>
                                </okei>
                                <qty>1</qty>
                                <additionalInfo>В соответствии с требованиями технической части документации о запросе предложений</additionalInfo>
                            </lotItem>
                        </lotItems>
                    </lot>
                    <lot>
                        <guid>d0d5d864-2e53-4683-b366-bcf68fd19336</guid>
                        <ordinalNumber>15</ordinalNumber>
                        <subject>«Поставка экскаватора для нужд ООО «Газпром энерго»</subject>
                        <currency>
                            <code>RUB</code>
                            <digitalCode>810</digitalCode>
                            <name>Российский рубль</name>
                        </currency>
                        <initialSum>3799600</initialSum>
                        <deliveryPlace>В соответствии с требованиями технической части документации о запросе предложений</deliveryPlace>
                        <lotItems>
                            <lotItem>
                                <ordinalNumber>15</ordinalNumber>
                                <okdp>
                                    <code>3590000</code>
                                    <name>Транспортные средства, не включенные в другие группировки</name>
                                </okdp>
                                <okved>
                                    <code>74.84</code>
                                    <name>Предоставление прочих услуг</name>
                                </okved>
                                <okei>
                                    <code>796</code>
                                    <name>Штука</name>
                                </okei>
                                <qty>1</qty>
                                <additionalInfo>В соответствии с требованиями технической части документации о запросе предложений</additionalInfo>
                            </lotItem>
                        </lotItems>
                    </lot>
                    <lot>
                        <guid>9356482b-6693-40e0-88cf-9ebf567a1a62</guid>
                        <ordinalNumber>16</ordinalNumber>
                        <subject>«Поставка автомобиля УАЗ 39094 для нужд ООО «Газпром энерго»</subject>
                        <currency>
                            <code>RUB</code>
                            <digitalCode>810</digitalCode>
                            <name>Российский рубль</name>
                        </currency>
                        <initialSum>469000</initialSum>
                        <deliveryPlace>В соответствии с требованиями технической части документации о запросе предложений</deliveryPlace>
                        <lotItems>
                            <lotItem>
                                <ordinalNumber>16</ordinalNumber>
                                <okdp>
                                    <code>3590000</code>
                                    <name>Транспортные средства, не включенные в другие группировки</name>
                                </okdp>
                                <okved>
                                    <code>74.84</code>
                                    <name>Предоставление прочих услуг</name>
                                </okved>
                                <okei>
                                    <code>796</code>
                                    <name>Штука</name>
                                </okei>
                                <qty>1</qty>
                                <additionalInfo>В соответствии с требованиями технической части документации о запросе предложений</additionalInfo>
                            </lotItem>
                        </lotItems>
                    </lot>
                </ns2:lots>
                <ns2:attachements>
                    <document>
                        <createDateTime>2012-12-20T22:40:39.845+04:00</createDateTime>
                        <fileName>ТРАНСПОРТ.zip</fileName>
                        <description>ТРАНСПОРТ</description>
                        <url>http://zakupki.gov.ru/223/purchase/public/download/download.html?id=306256</url>
                    </document>
                    <document>
                        <createDateTime>2012-12-20T22:34:26.665+04:00</createDateTime>
                        <fileName>Документация.doc</fileName>
                        <description>Документация</description>
                        <url>http://zakupki.gov.ru/223/purchase/public/download/download.html?id=306254</url>
                    </document>
                    <document>
                        <createDateTime>2012-12-20T22:40:03.961+04:00</createDateTime>
                        <fileName>Приложение № 2 - проект договора.doc</fileName>
                        <description>Приложение № 2 - проект договора</description>
                        <url>http://zakupki.gov.ru/223/purchase/public/download/download.html?id=306255</url>
                    </document>
                </ns2:attachements>
                <ns2:nonelectronicPlaceInfo>
                    <summarizingPlace>119526, г. Москва, проспект Вернадского, д. 101, корп. 3</summarizingPlace>
                    <summarizingDateTime>2012-12-28T14:00:00.000+04:00</summarizingDateTime>
                </ns2:nonelectronicPlaceInfo>
                <ns2:examinationPlace>119526, г. Москва, проспект Вернадского, д. 101, корп. 3</ns2:examinationPlace>
                <ns2:examinationDateTime>2012-12-28T10:00:00.000+04:00</ns2:examinationDateTime>
                <ns2:submissionCloseDateTime>2012-12-27T18:00:00.000+04:00</ns2:submissionCloseDateTime>
                <ns2:publicationPlannedDate>2012-12-20+04:00</ns2:publicationPlannedDate>
            </ns2:purchaseNoticeData>
        </ns2:item>
    </ns2:body>
</ns2:purchaseNotice>
