<?xml version="1.0" encoding="UTF-8" standalone="yes"?>
<ns2:purchaseNotice xsi:schemaLocation="http://zakupki.gov.ru/223/integration/schema/TFF-2.0.6/purchase.xsd" xmlns:ns5="http://zakupki.gov.ru/223fz/purchasePlan/1" xmlns="http://zakupki.gov.ru/223fz/types/1" xmlns:ns2="http://zakupki.gov.ru/223fz/purchase/1" xmlns:xsi="http://www.w3.org/2001/XMLSchema-instance" xmlns:ns3="http://zakupki.gov.ru/223fz/reference/1" xmlns:ns4="http://zakupki.gov.ru/223fz/orderClauseList/1">
    <header>
        <guid>e645e584-f8e1-413a-9e4d-b6bbbf74fe76</guid>
        <createDateTime>2012-12-20T22:29:25.964+04:00</createDateTime>
    </header>
    <ns2:body>
        <ns2:item>
            <guid>78cb7ac0-2cf0-4c02-89d4-39e562263387</guid>
            <ns2:purchaseNoticeData>
                <ns2:guid>78cb7ac0-2cf0-4c02-89d4-39e562263387</ns2:guid>
                <ns2:createDateTime>2012-12-20T22:18:14.108+04:00</ns2:createDateTime>
                <ns2:registrationNumber>31200078419</ns2:registrationNumber>
                <ns2:name>Открытый запрос предложений на право заключения договора на техническое обслуживание автоматизированных систем коммерческого учета энергоресурсов многоквартирных жилых домов района «Чертаново Центральное» на 2013 год.</ns2:name>
                <ns2:customer>
                    <mainInfo>
                        <fullName>Государственное унитарное предприятие города Москвы "Дирекция единого заказчика района Чертаново Центральное"</fullName>
                        <shortName>ГУП г.Москвы ДЕЗ района Чертаново Центральное</shortName>
                        <inn>7726003332</inn>
                        <kpp>772601001</kpp>
                        <ogrn>1027739724506</ogrn>
                        <legalAddress>117587, Москва, Кировоградская, дом 16, корпус 3</legalAddress>
                        <postalAddress>117587, город Москва, улица Кировоградская, дом 16, корпус 3</postalAddress>
                    </mainInfo>
                </ns2:customer>
                <ns2:purchaseMethodCode>6</ns2:purchaseMethodCode>
                <ns2:purchaseCodeName>Открытый запрос предложений</ns2:purchaseCodeName>
                <ns2:placer>
                    <mainInfo>
                        <fullName>Государственное унитарное предприятие города Москвы "Дирекция единого заказчика района Чертаново Центральное"</fullName>
                        <shortName>ГУП г.Москвы ДЕЗ района Чертаново Центральное</shortName>
                        <inn>7726003332</inn>
                        <kpp>772601001</kpp>
                        <ogrn>1027739724506</ogrn>
                        <legalAddress>117587, Москва, Кировоградская, дом 16, корпус 3</legalAddress>
                        <postalAddress>117587, город Москва, улица Кировоградская, дом 16, корпус 3</postalAddress>
                    </mainInfo>
                </ns2:placer>
                <ns2:contact>
                    <firstName>Инна</firstName>
                    <middleName>Михайловна</middleName>
                    <lastName>Вихрова</lastName>
                    <phone>7-495-3116383</phone>
                    <fax>--</fax>
                    <email>dez.163@yandex.ru</email>
                    <organization>
                        <mainInfo>
                            <fullName>Государственное унитарное предприятие города Москвы "Дирекция единого заказчика района Чертаново Центральное"</fullName>
                            <shortName>ГУП г.Москвы ДЕЗ района Чертаново Центральное</shortName>
                            <inn>7726003332</inn>
                            <kpp>772601001</kpp>
                            <ogrn>1027739724506</ogrn>
                            <legalAddress>117587, Москва, Кировоградская, дом 16, корпус 3</legalAddress>
                            <postalAddress>117587, город Москва, улица Кировоградская, дом 16, корпус 3</postalAddress>
                        </mainInfo>
                    </organization>
                </ns2:contact>
                <ns2:publicationDateTime>2012-12-20T22:29:25.941+04:00</ns2:publicationDateTime>
                <ns2:documentationDelivery>
                    <deliveryStartDateTime>2012-12-21+04:00</deliveryStartDateTime>
                    <deliveryEndDateTime>2012-12-24+04:00</deliveryEndDateTime>
                    <place>117587, г.Москва, ул. Кировоградская, д.16, к.3.</place>
                    <procedure>Письменно</procedure>
                    <url>www.zakupki.gov.ru</url>
                </ns2:documentationDelivery>
                <ns2:status>P</ns2:status>
                <ns2:version>1</ns2:version>
                <ns2:lots>
                    <lot>
                        <guid>7d6e8196-10f4-4b72-aa19-6163cb2f098c</guid>
                        <ordinalNumber>1</ordinalNumber>
                        <subject>Выполнение работ по техническому обслуживанию автоматизированных систем коммерческого учета энергоресурсов многоквартирных жилых домов</subject>
                        <currency>
                            <code>RUB</code>
                            <digitalCode>810</digitalCode>
                            <name>Российский рубль</name>
                        </currency>
                        <initialSum>380000</initialSum>
                        <deliveryPlace>Район Чертаново Центральное</deliveryPlace>
                        <lotItems>
                            <lotItem>
                                <ordinalNumber>1</ordinalNumber>
                                <okdp>
                                    <code>4530855</code>
                                    <name>Пусконаладочные работы автоматики в электроснабжении</name>
                                </okdp>
                                <okved>
                                    <code>45.31</code>
                                    <name>Производство электромонтажных работ</name>
                                </okved>
                                <okei>
                                    <code>876</code>
                                    <name>Условная единица</name>
                                </okei>
                                <qty>1</qty>
                            </lotItem>
                        </lotItems>
                    </lot>
                </ns2:lots>
                <ns2:attachements>
                    <document>
                        <createDateTime>2012-12-20T22:26:36.678+04:00</createDateTime>
                        <fileName>З.П. АСКУЭ.doc</fileName>
                        <description>З.П. АСКУЭ</description>
                        <url>http://zakupki.gov.ru/223/purchase/public/download/download.html?id=306251</url>
                    </document>
                </ns2:attachements>
                <ns2:nonelectronicPlaceInfo>
                    <summarizingPlace>117587, г.Москва, ул. Кировоградская, д.16, к.3.</summarizingPlace>
                    <summarizingDateTime>2012-12-27T17:00:00.000+04:00</summarizingDateTime>
                </ns2:nonelectronicPlaceInfo>
                <ns2:examinationPlace>117587, г.Москва, ул. Кировоградская, д.16, к.3.</ns2:examinationPlace>
                <ns2:examinationDateTime>2012-12-27T12:00:00.000+04:00</ns2:examinationDateTime>
                <ns2:submissionCloseDateTime>2012-12-26T14:00:00.000+04:00</ns2:submissionCloseDateTime>
                <ns2:publicationPlannedDate>2012-12-20+04:00</ns2:publicationPlannedDate>
            </ns2:purchaseNoticeData>
        </ns2:item>
    </ns2:body>
</ns2:purchaseNotice>
