<?xml version="1.0" encoding="UTF-8" standalone="yes"?>
<ns2:explanation xsi:schemaLocation="http://zakupki.gov.ru/223/integration/schema/TFF-5.2 http://zakupki.gov.ru/223/integration/schema/TFF-5.2/purchase.xsd" xmlns="http://zakupki.gov.ru/223fz/types/1" xmlns:ns10="http://zakupki.gov.ru/223fz/machineryListInfo/1" xmlns:ns11="http://zakupki.gov.ru/223fz/revenue/1" xmlns:ns12="http://zakupki.gov.ru/223fz/orderClauseList/1" xmlns:ns13="http://zakupki.gov.ru/223fz/contract/1" xmlns:ns14="http://zakupki.gov.ru/223fz/missedNotice/1" xmlns:ns15="http://zakupki.gov.ru/223fz/complaint/1" xmlns:ns16="http://zakupki.gov.ru/223fz/decisionSuspension/1" xmlns:ns17="http://zakupki.gov.ru/223fz/purchasePlanAdditionalPosition/1" xmlns:ns18="http://zakupki.gov.ru/223fz/notificationIssue/1" xmlns:ns19="http://zakupki.gov.ru/223fz/webRequest/1" xmlns:ns2="http://zakupki.gov.ru/223fz/purchase/1" xmlns:xsi="http://www.w3.org/2001/XMLSchema-instance" xmlns:ns3="http://zakupki.gov.ru/223fz/dishonestSupplier/1" xmlns:ns4="http://zakupki.gov.ru/223fz/purchasePlan/1" xmlns:ns5="http://zakupki.gov.ru/223fz/purchasePlanProject/1" xmlns:ns6="http://zakupki.gov.ru/223fz/purchasePlanProjectAdditionalPosition/1" xmlns:ns7="http://zakupki.gov.ru/223fz/disagreementProtocol/1" xmlns:ns8="http://zakupki.gov.ru/223fz/reference/1" xmlns:ns9="http://zakupki.gov.ru/223fz/stopCommodity/1">
    <header>
        <guid>639b54a2-0f03-49fc-b09e-84b9a5a7a818</guid>
        <createDateTime>2017-03-24T15:01:10</createDateTime>
    </header>
    <ns2:body>
        <ns2:item>
            <guid>a9898519-9131-0040-0000-58d50a423314</guid>
            <ns2:explanationData>
                <ns2:guid>a9898519-9131-0040-0000-58d50a423314</ns2:guid>
                <ns2:urlOOS>https://zakupki.gov.ru/223/purchase/private/purchase/explanation/details.html?explanationId=308579</ns2:urlOOS>
                <ns2:description>Разъяснения от 24.03.2017 09:16</ns2:description>
                <ns2:requestSubjectInfo>Запрос:
В тех задании не указано количество метров к поставке по каждой позиции. 

Разъяснения:
Количество приобретаемой продукции указано в п. 2.4.1 закупочной документации ЗЦ-0334/2016/12.</ns2:requestSubjectInfo>
                <ns2:requestDate>2017-03-24T11:16:19</ns2:requestDate>
                <ns2:status>P</ns2:status>
                <ns2:creationDate>2017-03-24T19:00:01</ns2:creationDate>
                <ns2:modificationDate>2017-03-24T17:01:10</ns2:modificationDate>
                <ns2:decisionDate>2017-03-24T16:58:29</ns2:decisionDate>
                <ns2:publishDate>2017-03-24T17:01:10</ns2:publishDate>
                <ns2:attachments>
                    <totalDocumentsCount>2</totalDocumentsCount>
                    <document>
                        <guid>a9898519-9131-0040-0000-58d50a423314</guid>
                        <createDateTime>2017-03-24T11:16:19</createDateTime>
                        <fileName>текст разъяснения.doc</fileName>
                        <description>текст разъяснения.doc</description>
                        <url>http://zakupki.gov.ru/223/purchase/public/download/download.html?id=30325771</url>
                    </document>
                    <document>
                        <guid>a9898519-9131-0040-0001-58d50a423314</guid>
                        <createDateTime>2017-03-24T16:58:28</createDateTime>
                        <fileName>Ответ.pdf</fileName>
                        <description>Ответ.pdf</description>
                        <url>http://zakupki.gov.ru/223/purchase/public/download/download.html?id=30325772</url>
                    </document>
                </ns2:attachments>
                <ns2:purchaseRegNum>31704925451</ns2:purchaseRegNum>
                <ns2:purchaseMethodCode>59066</ns2:purchaseMethodCode>
                <ns2:purchaseMethodName>Запрос цен в электронной форме</ns2:purchaseMethodName>
                <ns2:purchaseName>Поставка кабельно-проводниковой продукции для нужд АО «Уралтрансмаш» (800249)</ns2:purchaseName>
                <ns2:placer>
                    <mainInfo>
                        <fullName>АКЦИОНЕРНОЕ ОБЩЕСТВО  "УРАЛЬСКАЯ БОЛЬШЕГРУЗНАЯ ТЕХНИКА-УРАЛВАГОНЗАВОД"</fullName>
                        <shortName>АО "УБТ-УРАЛВАГОНЗАВОД"</shortName>
                        <iko>66623009965662301001</iko>
                        <inn>6623009965</inn>
                        <kpp>662301001</kpp>
                        <ogrn>1026601370267</ogrn>
                        <legalAddress>622018, ОБЛ СВЕРДЛОВСКАЯ, Г НИЖНИЙ ТАГИЛ, УЛ ЮНОСТИ, дом 10</legalAddress>
                        <postalAddress>622018, Свердловская, Нижний Тагил, Юности, дом 10</postalAddress>
                        <phone>7-3435-377407</phone>
                        <fax>7-3435-377408</fax>
                        <email>zakupki.ubt-uvz@mail.ru</email>
                        <okato>65476370000</okato>
                        <okpo>59269252</okpo>
                    </mainInfo>
                </ns2:placer>
                <ns2:emergency>false</ns2:emergency>
            </ns2:explanationData>
        </ns2:item>
    </ns2:body>
</ns2:explanation>
