<?xml version="1.0" encoding="UTF-8" standalone="yes"?>
<ns2:explanation xsi:schemaLocation="http://zakupki.gov.ru/223/integration/schema/TFF-5.2 http://zakupki.gov.ru/223/integration/schema/TFF-5.2/purchase.xsd" xmlns="http://zakupki.gov.ru/223fz/types/1" xmlns:ns10="http://zakupki.gov.ru/223fz/machineryListInfo/1" xmlns:ns11="http://zakupki.gov.ru/223fz/revenue/1" xmlns:ns12="http://zakupki.gov.ru/223fz/orderClauseList/1" xmlns:ns13="http://zakupki.gov.ru/223fz/contract/1" xmlns:ns14="http://zakupki.gov.ru/223fz/missedNotice/1" xmlns:ns15="http://zakupki.gov.ru/223fz/complaint/1" xmlns:ns16="http://zakupki.gov.ru/223fz/decisionSuspension/1" xmlns:ns17="http://zakupki.gov.ru/223fz/purchasePlanAdditionalPosition/1" xmlns:ns18="http://zakupki.gov.ru/223fz/notificationIssue/1" xmlns:ns19="http://zakupki.gov.ru/223fz/webRequest/1" xmlns:ns2="http://zakupki.gov.ru/223fz/purchase/1" xmlns:xsi="http://www.w3.org/2001/XMLSchema-instance" xmlns:ns3="http://zakupki.gov.ru/223fz/dishonestSupplier/1" xmlns:ns4="http://zakupki.gov.ru/223fz/purchasePlan/1" xmlns:ns5="http://zakupki.gov.ru/223fz/purchasePlanProject/1" xmlns:ns6="http://zakupki.gov.ru/223fz/purchasePlanProjectAdditionalPosition/1" xmlns:ns7="http://zakupki.gov.ru/223fz/disagreementProtocol/1" xmlns:ns8="http://zakupki.gov.ru/223fz/reference/1" xmlns:ns9="http://zakupki.gov.ru/223fz/stopCommodity/1">
    <header>
        <guid>b9126394-a696-4be2-a2eb-21826bd03876</guid>
        <createDateTime>2017-03-24T13:52:31</createDateTime>
    </header>
    <ns2:body>
        <ns2:item>
            <guid>96591727-9ed8-9e98-0182-0bce0dbd4ebf</guid>
            <ns2:explanationData>
                <ns2:guid>96591727-9ed8-9e98-0182-0bce0dbd4ebf</ns2:guid>
                <ns2:urlOOS>https://zakupki.gov.ru/223/purchase/private/purchase/explanation/details.html?explanationId=308488</ns2:urlOOS>
                <ns2:description>Здравствуйте! В ответ на Ваш запрос  сообщаем, следующее:
1) Кольцо поршневое HRC 32-35
2) Накладка грундбуксы HRC 167-197
</ns2:description>
                <ns2:requestSubjectInfo>Добрый день!
Прошу предоставить HRC или НВ на готовые детали
- Накладка грундбукса (Молот 4132)
- Кольцо поршневое (Молот МА 4132)  
в чертежах данной информации нет.

Заранее благодарю за оперативный ответ.

</ns2:requestSubjectInfo>
                <ns2:requestDate>2017-03-21T13:11:02</ns2:requestDate>
                <ns2:status>P</ns2:status>
                <ns2:creationDate>2017-03-24T15:50:33</ns2:creationDate>
                <ns2:modificationDate>2017-03-24T15:52:31</ns2:modificationDate>
                <ns2:decisionDate>2017-03-24T13:50:33</ns2:decisionDate>
                <ns2:publishDate>2017-03-24T15:52:31</ns2:publishDate>
                <ns2:attachments>
                    <totalDocumentsCount>1</totalDocumentsCount>
                    <document>
                        <guid>3b1fa73a-955b-b21d-8bf8-aee56a9716e8</guid>
                        <createDateTime>2017-03-24T13:50:25</createDateTime>
                        <fileName>ответ_на_запрос_-_поковки.docx</fileName>
                        <description>ответ_на_запрос_-_поковки.docx</description>
                        <url>http://zakupki.gov.ru/223/purchase/public/download/download.html?id=30321223</url>
                    </document>
                </ns2:attachments>
                <ns2:purchaseRegNum>31704863924</ns2:purchaseRegNum>
                <ns2:purchaseMethodCode>3361</ns2:purchaseMethodCode>
                <ns2:purchaseMethodName>Открытый аукцион в электронной форме</ns2:purchaseMethodName>
                <ns2:purchaseName>Открытый аукцион в электронной форме (аукцион на понижение) на право заключения договора на изготовление и поставку поковок.</ns2:purchaseName>
                <ns2:placer>
                    <mainInfo>
                        <fullName>ПУБЛИЧНОЕ АКЦИОНЕРНОЕ ОБЩЕСТВО "МАШИНОСТРОИТЕЛЬНЫЙ ЗАВОД ИМЕНИ М.И.КАЛИНИНА, Г. ЕКАТЕРИНБУРГ"</fullName>
                        <shortName>ПАО "МЗИК"</shortName>
                        <iko>56663003800667301001</iko>
                        <inn>6663003800</inn>
                        <kpp>668601001</kpp>
                        <ogrn>1026605624451</ogrn>
                        <legalAddress>620017, ОБЛ СВЕРДЛОВСКАЯ, Г ЕКАТЕРИНБУРГ, ПР-КТ КОСМОНАВТОВ, дом 18</legalAddress>
                        <postalAddress>620000, Свердловская Область, Екатеринбург Город, дом 18</postalAddress>
                        <phone>7-343-3295064</phone>
                        <fax>7-343-3311796</fax>
                        <email>v_bunkov@mail.ru</email>
                        <okato>65401385000</okato>
                        <okpo>07509511</okpo>
                    </mainInfo>
                </ns2:placer>
                <ns2:emergency>false</ns2:emergency>
            </ns2:explanationData>
        </ns2:item>
    </ns2:body>
</ns2:explanation>
