<?xml version="1.0" encoding="UTF-8" standalone="yes"?>
<ns2:explanation xsi:schemaLocation="http://zakupki.gov.ru/223/integration/schema/TFF-5.2 http://zakupki.gov.ru/223/integration/schema/TFF-5.2/purchase.xsd" xmlns="http://zakupki.gov.ru/223fz/types/1" xmlns:ns10="http://zakupki.gov.ru/223fz/machineryListInfo/1" xmlns:ns11="http://zakupki.gov.ru/223fz/revenue/1" xmlns:ns12="http://zakupki.gov.ru/223fz/orderClauseList/1" xmlns:ns13="http://zakupki.gov.ru/223fz/contract/1" xmlns:ns14="http://zakupki.gov.ru/223fz/missedNotice/1" xmlns:ns15="http://zakupki.gov.ru/223fz/complaint/1" xmlns:ns16="http://zakupki.gov.ru/223fz/decisionSuspension/1" xmlns:ns17="http://zakupki.gov.ru/223fz/purchasePlanAdditionalPosition/1" xmlns:ns18="http://zakupki.gov.ru/223fz/notificationIssue/1" xmlns:ns19="http://zakupki.gov.ru/223fz/webRequest/1" xmlns:ns2="http://zakupki.gov.ru/223fz/purchase/1" xmlns:xsi="http://www.w3.org/2001/XMLSchema-instance" xmlns:ns3="http://zakupki.gov.ru/223fz/dishonestSupplier/1" xmlns:ns4="http://zakupki.gov.ru/223fz/purchasePlan/1" xmlns:ns5="http://zakupki.gov.ru/223fz/purchasePlanProject/1" xmlns:ns6="http://zakupki.gov.ru/223fz/purchasePlanProjectAdditionalPosition/1" xmlns:ns7="http://zakupki.gov.ru/223fz/disagreementProtocol/1" xmlns:ns8="http://zakupki.gov.ru/223fz/reference/1" xmlns:ns9="http://zakupki.gov.ru/223fz/stopCommodity/1">
    <header>
        <guid>418dbaa2-dc3b-4894-af57-860f319d5468</guid>
        <createDateTime>2017-03-24T12:14:32</createDateTime>
    </header>
    <ns2:body>
        <ns2:item>
            <guid>d01a0194-e9d1-2d48-85a4-191db6b59608</guid>
            <ns2:explanationData>
                <ns2:guid>d01a0194-e9d1-2d48-85a4-191db6b59608</ns2:guid>
                <ns2:urlOOS>https://zakupki.gov.ru/223/purchase/private/purchase/explanation/details.html?explanationId=308418</ns2:urlOOS>
                <ns2:description>В ответ на запрос по процедуре № 31704902907 на поставку строп уточняем следующую информацию:

1.	Буква «а» в аббревиатуре СТПа обозначает агрессивная среда.  
2.	Цепной строп 4СЦ-3,2/2000  - грузоподъемностью 3,2т, длинной 2000мм, количество ветвей у стропа – 4.
3.	Захват 13СК4-5,0 (0-100мм) – захват предназначен для перемещения листа в горизонтальном положении, грузоподъемность захвата 5,0т, интервал 0-100мм.
4.	Блок монтажный 1,0т с крюком и откидной щеткой – 1 блок (ролик).
5.	ZHL – аналог МТМ (с крюком).

</ns2:description>
                <ns2:requestSubjectInfo>Добрый день прошу дать ответ на следующие вопросы:
1. Строп СТПа-0,5/4000 - Что обозначает буква "а"?
2. Строп СТПа-1,0/4000 - Что обозначает буква "а"?
3. Строп цепной 4СЦ- 3 2/2000 - Какая грузоподъемность стропа? Какая длина стропа? Количество ветвей у стропа?
4. Строп 4СЦ-12,5/3000 (вместо крюков захват 1ЗК4-5,0 (0-100)) - Вид захвата? Грузоподъемность? Ширина зева?
5. Блок монтажный 1,0 т с крюком и откидной щекой - какое количество роликов?
6. Механизм тяговый монт. МТМ-1,6 20м - МТМ с крюком или типа ZNL?

Заранее спасибо за ответ!
</ns2:requestSubjectInfo>
                <ns2:requestDate>2017-03-22T08:14:51</ns2:requestDate>
                <ns2:status>P</ns2:status>
                <ns2:creationDate>2017-03-24T14:11:15</ns2:creationDate>
                <ns2:modificationDate>2017-03-24T14:14:32</ns2:modificationDate>
                <ns2:decisionDate>2017-03-24T12:11:15</ns2:decisionDate>
                <ns2:publishDate>2017-03-24T14:14:32</ns2:publishDate>
                <ns2:attachments>
                    <totalDocumentsCount>1</totalDocumentsCount>
                    <document>
                        <guid>1b2363ac-c117-5ce1-476a-f722ecb65ec2</guid>
                        <createDateTime>2017-03-24T12:11:00</createDateTime>
                        <fileName>Ответ_на_запрос_по_проц.№31704902907_на_поставку_строп.doc</fileName>
                        <description>Ответ_на_запрос_по_проц.№31704902907_на_поставку_строп.doc</description>
                        <url>http://zakupki.gov.ru/223/purchase/public/download/download.html?id=30315730</url>
                    </document>
                </ns2:attachments>
                <ns2:purchaseRegNum>31704902907</ns2:purchaseRegNum>
                <ns2:purchaseMethodCode>24704</ns2:purchaseMethodCode>
                <ns2:purchaseMethodName>Запрос котировок цен в электронной форме</ns2:purchaseMethodName>
                <ns2:purchaseName>Открытый запрос котировок в электронной форме на право заключения договора на поставку строп.</ns2:purchaseName>
                <ns2:placer>
                    <mainInfo>
                        <fullName>ПУБЛИЧНОЕ АКЦИОНЕРНОЕ ОБЩЕСТВО "МАШИНОСТРОИТЕЛЬНЫЙ ЗАВОД ИМЕНИ М.И.КАЛИНИНА, Г. ЕКАТЕРИНБУРГ"</fullName>
                        <shortName>ПАО "МЗИК"</shortName>
                        <iko>56663003800667301001</iko>
                        <inn>6663003800</inn>
                        <kpp>668601001</kpp>
                        <ogrn>1026605624451</ogrn>
                        <legalAddress>620017, ОБЛ СВЕРДЛОВСКАЯ, Г ЕКАТЕРИНБУРГ, ПР-КТ КОСМОНАВТОВ, дом 18</legalAddress>
                        <postalAddress>620000, Свердловская Область, Екатеринбург Город, дом 18</postalAddress>
                        <phone>7-343-3295064</phone>
                        <fax>7-343-3311796</fax>
                        <email>v_bunkov@mail.ru</email>
                        <okato>65401385000</okato>
                        <okpo>07509511</okpo>
                    </mainInfo>
                </ns2:placer>
                <ns2:emergency>false</ns2:emergency>
            </ns2:explanationData>
        </ns2:item>
    </ns2:body>
</ns2:explanation>
