<?xml version="1.0" encoding="UTF-8" standalone="yes"?>
<ns2:explanation xsi:schemaLocation="http://zakupki.gov.ru/223/integration/schema/TFF-5.2 http://zakupki.gov.ru/223/integration/schema/TFF-5.2/purchase.xsd" xmlns="http://zakupki.gov.ru/223fz/types/1" xmlns:ns10="http://zakupki.gov.ru/223fz/machineryListInfo/1" xmlns:ns11="http://zakupki.gov.ru/223fz/revenue/1" xmlns:ns12="http://zakupki.gov.ru/223fz/orderClauseList/1" xmlns:ns13="http://zakupki.gov.ru/223fz/contract/1" xmlns:ns14="http://zakupki.gov.ru/223fz/missedNotice/1" xmlns:ns15="http://zakupki.gov.ru/223fz/complaint/1" xmlns:ns16="http://zakupki.gov.ru/223fz/decisionSuspension/1" xmlns:ns17="http://zakupki.gov.ru/223fz/purchasePlanAdditionalPosition/1" xmlns:ns18="http://zakupki.gov.ru/223fz/notificationIssue/1" xmlns:ns19="http://zakupki.gov.ru/223fz/webRequest/1" xmlns:ns2="http://zakupki.gov.ru/223fz/purchase/1" xmlns:xsi="http://www.w3.org/2001/XMLSchema-instance" xmlns:ns3="http://zakupki.gov.ru/223fz/dishonestSupplier/1" xmlns:ns4="http://zakupki.gov.ru/223fz/purchasePlan/1" xmlns:ns5="http://zakupki.gov.ru/223fz/purchasePlanProject/1" xmlns:ns6="http://zakupki.gov.ru/223fz/purchasePlanProjectAdditionalPosition/1" xmlns:ns7="http://zakupki.gov.ru/223fz/disagreementProtocol/1" xmlns:ns8="http://zakupki.gov.ru/223fz/reference/1" xmlns:ns9="http://zakupki.gov.ru/223fz/stopCommodity/1">
    <header>
        <guid>5379d9cd-4f31-478d-8956-08fc0a37717a</guid>
        <createDateTime>2017-03-24T08:38:41</createDateTime>
    </header>
    <ns2:body>
        <ns2:item>
            <guid>6df146a5-4d1c-d766-24b4-8c7480638043</guid>
            <ns2:explanationData>
                <ns2:guid>6df146a5-4d1c-d766-24b4-8c7480638043</ns2:guid>
                <ns2:urlOOS>https://zakupki.gov.ru/223/purchase/private/purchase/explanation/details.html?explanationId=308227</ns2:urlOOS>
                <ns2:description>Разъяснение</ns2:description>
                <ns2:requestSubjectInfo>согласно файлу запроса</ns2:requestSubjectInfo>
                <ns2:requestDate>2017-03-20T19:14:48</ns2:requestDate>
                <ns2:status>P</ns2:status>
                <ns2:creationDate>2017-03-20T21:14:48</ns2:creationDate>
                <ns2:modificationDate>2017-03-24T10:38:41</ns2:modificationDate>
                <ns2:decisionDate>2017-03-24T10:36:25</ns2:decisionDate>
                <ns2:publishDate>2017-03-24T10:38:41</ns2:publishDate>
                <ns2:attachments>
                    <totalDocumentsCount>2</totalDocumentsCount>
                    <document>
                        <guid>8ed339bb-785b-b940-24b4-ea1336678946</guid>
                        <createDateTime>1970-01-01T05:00:00</createDateTime>
                        <fileName>Запрос Ресурсный Набор.docx</fileName>
                        <description>Запрос Ресурсный Набор.docx</description>
                        <url>http://zakupki.gov.ru/223/purchase/public/download/download.html?id=30303540</url>
                    </document>
                    <document>
                        <guid>08e6a42e-08b3-c0c8-24b4-15910abda1cb</guid>
                        <createDateTime>1970-01-01T05:00:00</createDateTime>
                        <fileName>Разъяснение 1.doc</fileName>
                        <description>Разъяснение 1.doc</description>
                        <url>http://zakupki.gov.ru/223/purchase/public/download/download.html?id=30303542</url>
                    </document>
                </ns2:attachments>
                <ns2:purchaseRegNum>31704902553</ns2:purchaseRegNum>
                <ns2:purchaseMethodCode>142374</ns2:purchaseMethodCode>
                <ns2:purchaseMethodName>Запрос котировок в электронной форме</ns2:purchaseMethodName>
                <ns2:purchaseName>Поставка конструктора модульных станков</ns2:purchaseName>
                <ns2:placer>
                    <mainInfo>
                        <fullName>муниципальное автономное общеобразовательное учреждение "Средняя общеобразовательная школа № 34"</fullName>
                        <shortName>Средняя школа № 34</shortName>
                        <iko>56665007543661201001</iko>
                        <inn>6665007543</inn>
                        <kpp>661201001</kpp>
                        <ogrn>1026600937659</ogrn>
                        <legalAddress>623430, Свердловская, Каменск-Уральский, Комсомольский, дом 46</legalAddress>
                        <postalAddress>623430, Свердловская, Каменск-Уральский, Комсомольский, дом 46</postalAddress>
                        <phone>7-3439-301957</phone>
                        <fax>7-3439-301957</fax>
                        <email>school34-ku@rambler.ru</email>
                        <okato>65436368000</okato>
                        <okpo>47672994</okpo>
                    </mainInfo>
                </ns2:placer>
                <ns2:emergency>false</ns2:emergency>
            </ns2:explanationData>
        </ns2:item>
    </ns2:body>
</ns2:explanation>
