<?xml version="1.0" encoding="UTF-8" standalone="yes"?>
<ns2:explanation xsi:schemaLocation="http://zakupki.gov.ru/223/integration/schema/TFF-5.2 http://zakupki.gov.ru/223/integration/schema/TFF-5.2/purchase.xsd" xmlns="http://zakupki.gov.ru/223fz/types/1" xmlns:ns10="http://zakupki.gov.ru/223fz/machineryListInfo/1" xmlns:ns11="http://zakupki.gov.ru/223fz/revenue/1" xmlns:ns12="http://zakupki.gov.ru/223fz/orderClauseList/1" xmlns:ns13="http://zakupki.gov.ru/223fz/contract/1" xmlns:ns14="http://zakupki.gov.ru/223fz/missedNotice/1" xmlns:ns15="http://zakupki.gov.ru/223fz/complaint/1" xmlns:ns16="http://zakupki.gov.ru/223fz/decisionSuspension/1" xmlns:ns17="http://zakupki.gov.ru/223fz/purchasePlanAdditionalPosition/1" xmlns:ns18="http://zakupki.gov.ru/223fz/notificationIssue/1" xmlns:ns19="http://zakupki.gov.ru/223fz/webRequest/1" xmlns:ns2="http://zakupki.gov.ru/223fz/purchase/1" xmlns:xsi="http://www.w3.org/2001/XMLSchema-instance" xmlns:ns3="http://zakupki.gov.ru/223fz/dishonestSupplier/1" xmlns:ns4="http://zakupki.gov.ru/223fz/purchasePlan/1" xmlns:ns5="http://zakupki.gov.ru/223fz/purchasePlanProject/1" xmlns:ns6="http://zakupki.gov.ru/223fz/purchasePlanProjectAdditionalPosition/1" xmlns:ns7="http://zakupki.gov.ru/223fz/disagreementProtocol/1" xmlns:ns8="http://zakupki.gov.ru/223fz/reference/1" xmlns:ns9="http://zakupki.gov.ru/223fz/stopCommodity/1">
    <header>
        <guid>922c2367-9ea7-4a12-b0d3-fbba8450bec0</guid>
        <createDateTime>2017-03-24T06:42:54</createDateTime>
    </header>
    <ns2:body>
        <ns2:item>
            <guid>56f9cd6e-7472-30f6-4760-2334419eaa19</guid>
            <ns2:explanationData>
                <ns2:guid>56f9cd6e-7472-30f6-4760-2334419eaa19</ns2:guid>
                <ns2:urlOOS>https://zakupki.gov.ru/223/purchase/private/purchase/explanation/details.html?explanationId=308187</ns2:urlOOS>
                <ns2:description>ответ</ns2:description>
                <ns2:requestSubjectInfo>В Извещение № 159 написано, что В стоимость продукции включаются расходы на ее транспортировку, страхование, уплату таможенных пошлин, налогов и другие возможные платежи.

В Техническом задание не прописано, что нужна транспортировка, страхование, уплату таможенных пошлин. 
 
Прошу дать разъяснение нужна транспортировка, страхование, уплату таможенных пошлин или нет?</ns2:requestSubjectInfo>
                <ns2:requestDate>2017-03-23T16:09:09</ns2:requestDate>
                <ns2:status>P</ns2:status>
                <ns2:creationDate>2017-03-24T08:38:37</ns2:creationDate>
                <ns2:modificationDate>2017-03-24T08:42:54</ns2:modificationDate>
                <ns2:decisionDate>2017-03-24T06:38:37</ns2:decisionDate>
                <ns2:publishDate>2017-03-24T08:42:54</ns2:publishDate>
                <ns2:attachments>
                    <totalDocumentsCount>2</totalDocumentsCount>
                    <document>
                        <guid>f2039eeb-16c1-dd98-36a8-116b64381cd6</guid>
                        <createDateTime>2017-03-24T06:38:32</createDateTime>
                        <fileName>ответ.docx</fileName>
                        <description>ответ.docx</description>
                        <url>http://zakupki.gov.ru/223/purchase/public/download/download.html?id=30300763</url>
                    </document>
                    <document>
                        <guid>f78380e4-a29d-a3ab-5f92-e356ef1cc95d</guid>
                        <createDateTime>2017-03-23T15:49:55</createDateTime>
                        <fileName>Запрос.rtf</fileName>
                        <description>Запрос.rtf</description>
                        <url>http://zakupki.gov.ru/223/purchase/public/download/download.html?id=30300764</url>
                    </document>
                </ns2:attachments>
                <ns2:purchaseRegNum>31704889366</ns2:purchaseRegNum>
                <ns2:purchaseMethodCode>2910</ns2:purchaseMethodCode>
                <ns2:purchaseMethodName>открытый запрос предложений</ns2:purchaseMethodName>
                <ns2:purchaseName>право заключения договора  оказания услуг по организации санаторно-курортного лечения работников филиала ОАО «МРСК Урала» - «Пермэнерго» в 2017 году.</ns2:purchaseName>
                <ns2:placer>
                    <mainInfo>
                        <fullName>Открытое акционерное общество "Межрегиональная распределительная сетевая компания Урала"</fullName>
                        <shortName>ОАО "МРСК Урала"</shortName>
                        <iko>56671163413667201001</iko>
                        <inn>6671163413</inn>
                        <kpp>667201001</kpp>
                        <ogrn>1056604000970</ogrn>
                        <legalAddress>620026, Свердловская, Екатеринбург, Мамина-Сибиряка, дом 140</legalAddress>
                        <postalAddress>620026, Свердловская область, Екатеринбург, Мамина-Сибиряка, дом 140 </postalAddress>
                        <phone>7-343-2152600</phone>
                        <fax>7-343-2152661</fax>
                        <email>mrsk@mrsk-ural.ru</email>
                        <okato>65401000000</okato>
                        <okpo>76507836</okpo>
                    </mainInfo>
                </ns2:placer>
                <ns2:emergency>false</ns2:emergency>
            </ns2:explanationData>
        </ns2:item>
    </ns2:body>
</ns2:explanation>
