<?xml version="1.0" encoding="UTF-8" standalone="yes"?>
<ns2:explanation xsi:schemaLocation="http://zakupki.gov.ru/223/integration/schema/TFF-5.2 http://zakupki.gov.ru/223/integration/schema/TFF-5.2/purchase.xsd" xmlns="http://zakupki.gov.ru/223fz/types/1" xmlns:ns10="http://zakupki.gov.ru/223fz/machineryListInfo/1" xmlns:ns11="http://zakupki.gov.ru/223fz/revenue/1" xmlns:ns12="http://zakupki.gov.ru/223fz/orderClauseList/1" xmlns:ns13="http://zakupki.gov.ru/223fz/contract/1" xmlns:ns14="http://zakupki.gov.ru/223fz/missedNotice/1" xmlns:ns15="http://zakupki.gov.ru/223fz/complaint/1" xmlns:ns16="http://zakupki.gov.ru/223fz/decisionSuspension/1" xmlns:ns17="http://zakupki.gov.ru/223fz/purchasePlanAdditionalPosition/1" xmlns:ns18="http://zakupki.gov.ru/223fz/notificationIssue/1" xmlns:ns19="http://zakupki.gov.ru/223fz/webRequest/1" xmlns:ns2="http://zakupki.gov.ru/223fz/purchase/1" xmlns:xsi="http://www.w3.org/2001/XMLSchema-instance" xmlns:ns3="http://zakupki.gov.ru/223fz/dishonestSupplier/1" xmlns:ns4="http://zakupki.gov.ru/223fz/purchasePlan/1" xmlns:ns5="http://zakupki.gov.ru/223fz/purchasePlanProject/1" xmlns:ns6="http://zakupki.gov.ru/223fz/purchasePlanProjectAdditionalPosition/1" xmlns:ns7="http://zakupki.gov.ru/223fz/disagreementProtocol/1" xmlns:ns8="http://zakupki.gov.ru/223fz/reference/1" xmlns:ns9="http://zakupki.gov.ru/223fz/stopCommodity/1">
    <header>
        <guid>1ca38cb7-db0e-4dbe-b481-ba2cfc4cb52f</guid>
        <createDateTime>2017-03-24T13:29:45</createDateTime>
    </header>
    <ns2:body>
        <ns2:item>
            <guid>fac46e2c-fcd1-88c7-a5cb-07951496d482</guid>
            <ns2:explanationData>
                <ns2:guid>fac46e2c-fcd1-88c7-a5cb-07951496d482</ns2:guid>
                <ns2:urlOOS>https://zakupki.gov.ru/223/purchase/private/purchase/explanation/details.html?explanationId=307349</ns2:urlOOS>
                <ns2:description>Редактируемый формат смет во вложении.</ns2:description>
                <ns2:requestSubjectInfo>Добрый день! Прошу предоставить сметы в  редактируемом формате (эксель или гранд)</ns2:requestSubjectInfo>
                <ns2:requestDate>2017-03-22T09:48:13</ns2:requestDate>
                <ns2:status>P</ns2:status>
                <ns2:creationDate>2017-03-22T17:18:56</ns2:creationDate>
                <ns2:modificationDate>2017-03-24T15:29:45</ns2:modificationDate>
                <ns2:decisionDate>2017-03-22T15:18:56</ns2:decisionDate>
                <ns2:publishDate>2017-03-24T15:29:45</ns2:publishDate>
                <ns2:attachments>
                    <totalDocumentsCount>2</totalDocumentsCount>
                    <document>
                        <guid>e7cef30c-e99a-e2f1-56a9-9b2e071a8145</guid>
                        <createDateTime>2017-03-22T15:18:52</createDateTime>
                        <fileName>Приложение_№2_к_ТЗ_Смета_ошиновка_ПС_Свердловская.xlsx</fileName>
                        <description>Приложение_№2_к_ТЗ_Смета_ошиновка_ПС_Свердловская.xlsx</description>
                        <url>http://zakupki.gov.ru/223/purchase/public/download/download.html?id=30252905</url>
                    </document>
                    <document>
                        <guid>e10bb796-40ff-6c77-9383-55c6bb42a795</guid>
                        <createDateTime>2017-03-22T09:48:01</createDateTime>
                        <fileName>Запрос_на_разъяснение_документации_к_процедуре[5].rtf</fileName>
                        <description>Запрос_на_разъяснение_документации_к_процедуре[5].rtf</description>
                        <url>http://zakupki.gov.ru/223/purchase/public/download/download.html?id=30252906</url>
                    </document>
                </ns2:attachments>
                <ns2:purchaseRegNum>31704875852</ns2:purchaseRegNum>
                <ns2:purchaseMethodCode>2910</ns2:purchaseMethodCode>
                <ns2:purchaseMethodName>открытый запрос предложений</ns2:purchaseMethodName>
                <ns2:purchaseName>Право заключения договора на выполнение работ по замене ошиновки на ПС 110/35/10 кВ Свердловская (ПО «ЦЭС»). </ns2:purchaseName>
                <ns2:placer>
                    <mainInfo>
                        <fullName>Открытое акционерное общество "Межрегиональная распределительная сетевая компания Урала"</fullName>
                        <shortName>ОАО "МРСК Урала"</shortName>
                        <iko>56671163413667201001</iko>
                        <inn>6671163413</inn>
                        <kpp>667201001</kpp>
                        <ogrn>1056604000970</ogrn>
                        <legalAddress>620026, Свердловская, Екатеринбург, Мамина-Сибиряка, дом 140</legalAddress>
                        <postalAddress>620026, Свердловская область, Екатеринбург, Мамина-Сибиряка, дом 140 </postalAddress>
                        <phone>7-343-2152600</phone>
                        <fax>7-343-2152661</fax>
                        <email>mrsk@mrsk-ural.ru</email>
                        <okato>65401000000</okato>
                        <okpo>76507836</okpo>
                    </mainInfo>
                </ns2:placer>
                <ns2:emergency>false</ns2:emergency>
            </ns2:explanationData>
        </ns2:item>
    </ns2:body>
</ns2:explanation>
