<?xml version="1.0" encoding="UTF-8" standalone="yes"?>
<ns2:explanation xsi:schemaLocation="http://zakupki.gov.ru/223/integration/schema/TFF-5.2 http://zakupki.gov.ru/223/integration/schema/TFF-5.2/purchase.xsd" xmlns="http://zakupki.gov.ru/223fz/types/1" xmlns:ns10="http://zakupki.gov.ru/223fz/machineryListInfo/1" xmlns:ns11="http://zakupki.gov.ru/223fz/revenue/1" xmlns:ns12="http://zakupki.gov.ru/223fz/orderClauseList/1" xmlns:ns13="http://zakupki.gov.ru/223fz/contract/1" xmlns:ns14="http://zakupki.gov.ru/223fz/missedNotice/1" xmlns:ns15="http://zakupki.gov.ru/223fz/complaint/1" xmlns:ns16="http://zakupki.gov.ru/223fz/decisionSuspension/1" xmlns:ns17="http://zakupki.gov.ru/223fz/purchasePlanAdditionalPosition/1" xmlns:ns18="http://zakupki.gov.ru/223fz/notificationIssue/1" xmlns:ns19="http://zakupki.gov.ru/223fz/webRequest/1" xmlns:ns2="http://zakupki.gov.ru/223fz/purchase/1" xmlns:xsi="http://www.w3.org/2001/XMLSchema-instance" xmlns:ns3="http://zakupki.gov.ru/223fz/dishonestSupplier/1" xmlns:ns4="http://zakupki.gov.ru/223fz/purchasePlan/1" xmlns:ns5="http://zakupki.gov.ru/223fz/purchasePlanProject/1" xmlns:ns6="http://zakupki.gov.ru/223fz/purchasePlanProjectAdditionalPosition/1" xmlns:ns7="http://zakupki.gov.ru/223fz/disagreementProtocol/1" xmlns:ns8="http://zakupki.gov.ru/223fz/reference/1" xmlns:ns9="http://zakupki.gov.ru/223fz/stopCommodity/1">
    <header>
        <guid>81a8d639-400d-455f-a966-8c9798952a3f</guid>
        <createDateTime>2017-03-24T12:48:07</createDateTime>
    </header>
    <ns2:body>
        <ns2:item>
            <guid>f7b38a54-d605-4c0c-96b6-87d29f89a654</guid>
            <ns2:explanationData>
                <ns2:guid>f7b38a54-d605-4c0c-96b6-87d29f89a654</ns2:guid>
                <ns2:urlOOS>https://zakupki.gov.ru/223/purchase/private/purchase/explanation/details.html?explanationId=308435</ns2:urlOOS>
                <ns2:description>Добрый день !!! предлагаем рассмотреть аналог заявленному вентилятору. файл во вложении  </ns2:description>
                <ns2:requestSubjectInfo>Предлагаемый Вами аналог осевого вентилятора ВК 300 не соответствует по конструктивному исполнению: отсутствует откидная крышка, управляемая вручную с помощью шнура. </ns2:requestSubjectInfo>
                <ns2:requestDate>2017-03-23T12:38:32</ns2:requestDate>
                <ns2:status>P</ns2:status>
                <ns2:creationDate>2017-03-23T14:38:32</ns2:creationDate>
                <ns2:modificationDate>2017-03-24T14:48:07</ns2:modificationDate>
                <ns2:decisionDate>2017-03-24T12:43:54</ns2:decisionDate>
                <ns2:publishDate>2017-03-24T14:48:07</ns2:publishDate>
                <ns2:attachments>
                    <totalDocumentsCount>1</totalDocumentsCount>
                    <document>
                        <guid>c6924a8c-5db3-4c37-96bb-317d2d6ceb2a</guid>
                        <createDateTime>2017-03-24T12:37:07</createDateTime>
                        <fileName>Ответ на разъяснение документации.pdf</fileName>
                        <description>Ответ на разъяснение документации</description>
                        <url>http://zakupki.gov.ru/223/purchase/public/download/download.html?id=30317257</url>
                    </document>
                </ns2:attachments>
                <ns2:purchaseRegNum>31704900143</ns2:purchaseRegNum>
                <ns2:purchaseMethodCode>109858</ns2:purchaseMethodCode>
                <ns2:purchaseMethodName>Запрос котировок в электронной форме</ns2:purchaseMethodName>
                <ns2:purchaseName>Поставка вентиляторов</ns2:purchaseName>
                <ns2:placer>
                    <mainInfo>
                        <fullName>ОБЩЕСТВО С ОГРАНИЧЕННОЙ ОТВЕТСТВЕННОСТЬЮ "ЭТП"</fullName>
                        <shortName>ООО "ЭТП"</shortName>
                        <iko>51655218458165501001</iko>
                        <inn>1655218458</inn>
                        <kpp>165501001</kpp>
                        <ogrn>1111690052099</ogrn>
                        <legalAddress>420097, РЕСП ТАТАРСТАН, Г КАЗАНЬ, УЛ ДОСТОЕВСКОГО, дом 66</legalAddress>
                        <postalAddress>420097, Казань Город, Достоевского Улица, 66</postalAddress>
                        <phone>8-800-7000369</phone>
                        <email>funky-b@inbox.ru</email>
                        <okato>92401367000</okato>
                        <okpo>92272054</okpo>
                    </mainInfo>
                </ns2:placer>
                <ns2:emergency>false</ns2:emergency>
            </ns2:explanationData>
        </ns2:item>
    </ns2:body>
</ns2:explanation>
