<?xml version="1.0" encoding="UTF-8" standalone="yes"?>
<ns2:explanation xsi:schemaLocation="http://zakupki.gov.ru/223/integration/schema/TFF-5.2 http://zakupki.gov.ru/223/integration/schema/TFF-5.2/purchase.xsd" xmlns="http://zakupki.gov.ru/223fz/types/1" xmlns:ns10="http://zakupki.gov.ru/223fz/machineryListInfo/1" xmlns:ns11="http://zakupki.gov.ru/223fz/revenue/1" xmlns:ns12="http://zakupki.gov.ru/223fz/orderClauseList/1" xmlns:ns13="http://zakupki.gov.ru/223fz/contract/1" xmlns:ns14="http://zakupki.gov.ru/223fz/missedNotice/1" xmlns:ns15="http://zakupki.gov.ru/223fz/complaint/1" xmlns:ns16="http://zakupki.gov.ru/223fz/decisionSuspension/1" xmlns:ns17="http://zakupki.gov.ru/223fz/purchasePlanAdditionalPosition/1" xmlns:ns18="http://zakupki.gov.ru/223fz/notificationIssue/1" xmlns:ns19="http://zakupki.gov.ru/223fz/webRequest/1" xmlns:ns2="http://zakupki.gov.ru/223fz/purchase/1" xmlns:xsi="http://www.w3.org/2001/XMLSchema-instance" xmlns:ns3="http://zakupki.gov.ru/223fz/dishonestSupplier/1" xmlns:ns4="http://zakupki.gov.ru/223fz/purchasePlan/1" xmlns:ns5="http://zakupki.gov.ru/223fz/purchasePlanProject/1" xmlns:ns6="http://zakupki.gov.ru/223fz/purchasePlanProjectAdditionalPosition/1" xmlns:ns7="http://zakupki.gov.ru/223fz/disagreementProtocol/1" xmlns:ns8="http://zakupki.gov.ru/223fz/reference/1" xmlns:ns9="http://zakupki.gov.ru/223fz/stopCommodity/1">
    <header>
        <guid>bd5a8471-e22d-4c0d-a81f-64c07e2957a4</guid>
        <createDateTime>2017-03-24T07:29:19</createDateTime>
    </header>
    <ns2:body>
        <ns2:item>
            <guid>a9898519-8898-0040-0000-58d49f66d261</guid>
            <ns2:explanationData>
                <ns2:guid>a9898519-8898-0040-0000-58d49f66d261</ns2:guid>
                <ns2:urlOOS>https://zakupki.gov.ru/223/purchase/private/purchase/explanation/details.html?explanationId=308201</ns2:urlOOS>
                <ns2:description>Разъяснения от 23.03.2017 12:03</ns2:description>
                <ns2:requestSubjectInfo>Запрос:
Добрый день!

Прошу разъяснить: в п.6.4 Извещения указано, что условия оплаты оговорены в приложении к Техническому заданию (Том 2 Документации Проект договора), в проекте Договора поставки в п.2.2 указано, что порядок расчетов за каждую единицу продукции указан в Приложении № 1 к Договору поставки. К сожалению, указанное приложение к Договору в составе Закупочной Документации отсутствует. Прошу разместить Приложение №1 к Договору поставки и указать срок оплаты поставляемой продукции.

Заранее благодарен!

Разъяснения:
Внесены изменения, проект договора поставки в новой редакции.</ns2:requestSubjectInfo>
                <ns2:requestDate>2017-03-23T14:03:17</ns2:requestDate>
                <ns2:status>P</ns2:status>
                <ns2:creationDate>2017-03-24T11:24:01</ns2:creationDate>
                <ns2:modificationDate>2017-03-24T09:29:19</ns2:modificationDate>
                <ns2:decisionDate>2017-03-24T09:22:26</ns2:decisionDate>
                <ns2:publishDate>2017-03-24T09:29:19</ns2:publishDate>
                <ns2:attachments>
                    <totalDocumentsCount>1</totalDocumentsCount>
                    <document>
                        <guid>a9898519-8898-0040-0000-58d49f66d261</guid>
                        <createDateTime>2017-03-23T14:03:17</createDateTime>
                        <fileName>текст разъяснения.doc</fileName>
                        <description>текст разъяснения.doc</description>
                        <url>http://zakupki.gov.ru/223/purchase/public/download/download.html?id=30301578</url>
                    </document>
                </ns2:attachments>
                <ns2:purchaseRegNum>31704923966</ns2:purchaseRegNum>
                <ns2:purchaseMethodCode>2910</ns2:purchaseMethodCode>
                <ns2:purchaseMethodName>открытый запрос предложений</ns2:purchaseMethodName>
                <ns2:purchaseName>Лот 1 (Закупка №17203, лот №42): Право заключения договора подряда на выполнение демонтажных, строительно-монтажных и пусконаладочных работ по объекту: «Модернизация ССПИ на ПС «Гари» производственного отделения «Центральные электрические сети» филиала ОАО «МРСК Урала» – «Пермэнерго».
Лот 2 (Закупка №17203, лот №78): Право заключения договора поставки оборудования ССПИ для выполнения строительно-монтажных и пусконаладочных работ по объекту: «Модернизация ССПИ на ПС «Гари» производственного отделения «Центральные электрические сети» филиала ОАО «МРСК Урала» – «Пермэнерго». (799965)</ns2:purchaseName>
                <ns2:placer>
                    <mainInfo>
                        <fullName>Открытое акционерное общество "Межрегиональная распределительная сетевая компания Урала"</fullName>
                        <shortName>ОАО "МРСК Урала"</shortName>
                        <iko>56671163413667201001</iko>
                        <inn>6671163413</inn>
                        <kpp>667201001</kpp>
                        <ogrn>1056604000970</ogrn>
                        <legalAddress>620026, Свердловская, Екатеринбург, Мамина-Сибиряка, дом 140</legalAddress>
                        <postalAddress>620026, Свердловская область, Екатеринбург, Мамина-Сибиряка, дом 140 </postalAddress>
                        <phone>7-343-2152600</phone>
                        <fax>7-343-2152661</fax>
                        <email>mrsk@mrsk-ural.ru</email>
                        <okato>65401000000</okato>
                        <okpo>76507836</okpo>
                    </mainInfo>
                </ns2:placer>
                <ns2:emergency>false</ns2:emergency>
            </ns2:explanationData>
        </ns2:item>
    </ns2:body>
</ns2:explanation>
