<?xml version="1.0" encoding="UTF-8" standalone="yes"?>
<ns2:explanation xsi:schemaLocation="http://zakupki.gov.ru/223/integration/schema/TFF-5.2 http://zakupki.gov.ru/223/integration/schema/TFF-5.2/purchase.xsd" xmlns="http://zakupki.gov.ru/223fz/types/1" xmlns:ns10="http://zakupki.gov.ru/223fz/machineryListInfo/1" xmlns:ns11="http://zakupki.gov.ru/223fz/revenue/1" xmlns:ns12="http://zakupki.gov.ru/223fz/orderClauseList/1" xmlns:ns13="http://zakupki.gov.ru/223fz/contract/1" xmlns:ns14="http://zakupki.gov.ru/223fz/missedNotice/1" xmlns:ns15="http://zakupki.gov.ru/223fz/complaint/1" xmlns:ns16="http://zakupki.gov.ru/223fz/decisionSuspension/1" xmlns:ns17="http://zakupki.gov.ru/223fz/purchasePlanAdditionalPosition/1" xmlns:ns18="http://zakupki.gov.ru/223fz/notificationIssue/1" xmlns:ns19="http://zakupki.gov.ru/223fz/webRequest/1" xmlns:ns2="http://zakupki.gov.ru/223fz/purchase/1" xmlns:xsi="http://www.w3.org/2001/XMLSchema-instance" xmlns:ns3="http://zakupki.gov.ru/223fz/dishonestSupplier/1" xmlns:ns4="http://zakupki.gov.ru/223fz/purchasePlan/1" xmlns:ns5="http://zakupki.gov.ru/223fz/purchasePlanProject/1" xmlns:ns6="http://zakupki.gov.ru/223fz/purchasePlanProjectAdditionalPosition/1" xmlns:ns7="http://zakupki.gov.ru/223fz/disagreementProtocol/1" xmlns:ns8="http://zakupki.gov.ru/223fz/reference/1" xmlns:ns9="http://zakupki.gov.ru/223fz/stopCommodity/1">
    <header>
        <guid>8e551e41-0b35-4539-8413-3b5132c34809</guid>
        <createDateTime>2017-03-24T11:20:04</createDateTime>
    </header>
    <ns2:body>
        <ns2:item>
            <guid>4a4724ff-79b6-45a8-a11b-e3783e009f7f</guid>
            <ns2:explanationData>
                <ns2:guid>4a4724ff-79b6-45a8-a11b-e3783e009f7f</ns2:guid>
                <ns2:urlOOS>https://zakupki.gov.ru/223/purchase/private/purchase/explanation/details.html?explanationId=308357</ns2:urlOOS>
                <ns2:description>Разъяснение Приложения № 1 к документации </ns2:description>
                <ns2:requestSubjectInfo>Разъяснение Приложения № 1 «Наименование, характеристики и количество поставляемы товаров, наименование, характеристики и объем выполняемых работ, оказываемы услуг»</ns2:requestSubjectInfo>
                <ns2:requestDate>2017-03-23T00:00:00</ns2:requestDate>
                <ns2:status>P</ns2:status>
                <ns2:creationDate>2017-03-24T13:19:53</ns2:creationDate>
                <ns2:modificationDate>2017-03-24T13:20:04</ns2:modificationDate>
                <ns2:decisionDate>2017-03-24T00:00:00</ns2:decisionDate>
                <ns2:publishDate>2017-03-24T13:20:04</ns2:publishDate>
                <ns2:attachments>
                    <totalDocumentsCount>1</totalDocumentsCount>
                    <document>
                        <guid>5897b360-cf18-408f-935e-4f152ed53d6b</guid>
                        <createDateTime>2017-03-24T11:19:50</createDateTime>
                        <fileName>Разъяснения № 1 в запрос цен № 43 (1) на поставку матрасов.docx</fileName>
                        <description>Разъяснения № 1 в запрос цен № 43 (1) на поставку матрасов</description>
                        <url>http://zakupki.gov.ru/223/purchase/public/download/download.html?id=30312442</url>
                    </document>
                </ns2:attachments>
                <ns2:purchaseRegNum>31704920265</ns2:purchaseRegNum>
                <ns2:purchaseMethodCode>1672</ns2:purchaseMethodCode>
                <ns2:purchaseMethodName>запрос цен</ns2:purchaseMethodName>
                <ns2:purchaseName>Поставка матрасов для оснащения нового общежития </ns2:purchaseName>
                <ns2:placer>
                    <mainInfo>
                        <fullName>ФЕДЕРАЛЬНОЕ ГОСУДАРСТВЕННОЕ АВТОНОМНОЕ ОБРАЗОВАТЕЛЬНОЕ УЧРЕЖДЕНИЕ ВЫСШЕГО ОБРАЗОВАНИЯ "УРАЛЬСКИЙ ФЕДЕРАЛЬНЫЙ УНИВЕРСИТЕТ ИМЕНИ ПЕРВОГО ПРЕЗИДЕНТА РОССИИ Б.Н. ЕЛЬЦИНА"</fullName>
                        <shortName>ФГАОУ ВО "УРФУ ИМЕНИ ПЕРВОГО ПРЕЗИДЕНТА РОССИИ Б.Н. ЕЛЬЦИНА", УРАЛЬСКИЙ ФЕДЕРАЛЬНЫЙ УНИВЕРСИТЕТ, УРФУ</shortName>
                        <iko>56660003190667001001</iko>
                        <inn>6660003190</inn>
                        <kpp>667001001</kpp>
                        <ogrn>1026604939855</ogrn>
                        <legalAddress>620002, ОБЛ СВЕРДЛОВСКАЯ, Г ЕКАТЕРИНБУРГ, УЛ МИРА, дом ДОМ 19</legalAddress>
                        <postalAddress>620002, Свердловская область, Екатеринбург город, Мира улица, дом 19</postalAddress>
                        <phone>7-343-3754757</phone>
                        <fax>7-343-3754757</fax>
                        <email>rectorat@urfu.ru</email>
                        <okato>65401373000</okato>
                        <okpo>02069208</okpo>
                    </mainInfo>
                </ns2:placer>
                <ns2:emergency>false</ns2:emergency>
            </ns2:explanationData>
        </ns2:item>
    </ns2:body>
</ns2:explanation>
