<?xml version="1.0" encoding="UTF-8" standalone="yes"?>
<ns2:explanation xsi:schemaLocation="http://zakupki.gov.ru/223/integration/schema/TFF-5.2 http://zakupki.gov.ru/223/integration/schema/TFF-5.2/purchase.xsd" xmlns="http://zakupki.gov.ru/223fz/types/1" xmlns:ns10="http://zakupki.gov.ru/223fz/machineryListInfo/1" xmlns:ns11="http://zakupki.gov.ru/223fz/revenue/1" xmlns:ns12="http://zakupki.gov.ru/223fz/orderClauseList/1" xmlns:ns13="http://zakupki.gov.ru/223fz/contract/1" xmlns:ns14="http://zakupki.gov.ru/223fz/missedNotice/1" xmlns:ns15="http://zakupki.gov.ru/223fz/complaint/1" xmlns:ns16="http://zakupki.gov.ru/223fz/decisionSuspension/1" xmlns:ns17="http://zakupki.gov.ru/223fz/purchasePlanAdditionalPosition/1" xmlns:ns18="http://zakupki.gov.ru/223fz/notificationIssue/1" xmlns:ns19="http://zakupki.gov.ru/223fz/webRequest/1" xmlns:ns2="http://zakupki.gov.ru/223fz/purchase/1" xmlns:xsi="http://www.w3.org/2001/XMLSchema-instance" xmlns:ns3="http://zakupki.gov.ru/223fz/dishonestSupplier/1" xmlns:ns4="http://zakupki.gov.ru/223fz/purchasePlan/1" xmlns:ns5="http://zakupki.gov.ru/223fz/purchasePlanProject/1" xmlns:ns6="http://zakupki.gov.ru/223fz/purchasePlanProjectAdditionalPosition/1" xmlns:ns7="http://zakupki.gov.ru/223fz/disagreementProtocol/1" xmlns:ns8="http://zakupki.gov.ru/223fz/reference/1" xmlns:ns9="http://zakupki.gov.ru/223fz/stopCommodity/1">
    <header>
        <guid>85acdfc8-024c-4365-9b46-f6d17af7a70d</guid>
        <createDateTime>2017-03-24T08:08:19</createDateTime>
    </header>
    <ns2:body>
        <ns2:item>
            <guid>948810aa-8fbd-44bb-85f6-f2e0c279b705</guid>
            <ns2:explanationData>
                <ns2:guid>948810aa-8fbd-44bb-85f6-f2e0c279b705</ns2:guid>
                <ns2:urlOOS>https://zakupki.gov.ru/223/purchase/private/purchase/explanation/details.html?explanationId=308219</ns2:urlOOS>
                <ns2:description>ответ на запрос о разъяснении</ns2:description>
                <ns2:requestSubjectInfo>о разъяснении технических параметров оборудования</ns2:requestSubjectInfo>
                <ns2:requestDate>2017-03-21T00:00:00</ns2:requestDate>
                <ns2:status>P</ns2:status>
                <ns2:creationDate>2017-03-24T10:08:10</ns2:creationDate>
                <ns2:modificationDate>2017-03-24T10:08:19</ns2:modificationDate>
                <ns2:decisionDate>2017-03-24T00:00:00</ns2:decisionDate>
                <ns2:publishDate>2017-03-24T10:08:19</ns2:publishDate>
                <ns2:attachments>
                    <totalDocumentsCount>1</totalDocumentsCount>
                    <document>
                        <guid>0bdd9904-d39b-41c0-9c16-ab15e2ccc7b9</guid>
                        <createDateTime>2017-03-24T08:07:47</createDateTime>
                        <fileName>ответ1.pdf</fileName>
                        <description>ответ1</description>
                        <url>http://zakupki.gov.ru/223/purchase/public/download/download.html?id=30302470</url>
                    </document>
                </ns2:attachments>
                <ns2:purchaseRegNum>31704900831</ns2:purchaseRegNum>
                <ns2:purchaseMethodCode>76088</ns2:purchaseMethodCode>
                <ns2:purchaseMethodName>открытый запрос предложений</ns2:purchaseMethodName>
                <ns2:purchaseName>поставка гидравлического оборудования "ДИНРУС"</ns2:purchaseName>
                <ns2:placer>
                    <mainInfo>
                        <fullName>АКЦИОНЕРНОЕ ОБЩЕСТВО "ЕКАТЕРИНБУРГГАЗ"</fullName>
                        <shortName>АО "ЕКАТЕРИНБУРГГАЗ"</shortName>
                        <iko>56608005130667201001</iko>
                        <inn>6608005130</inn>
                        <kpp>668501001</kpp>
                        <ogrn>1026605390668</ogrn>
                        <legalAddress>620075, ОБЛ СВЕРДЛОВСКАЯ, Г ЕКАТЕРИНБУРГ, УЛ БЕЛИНСКОГО, дом ДОМ 37</legalAddress>
                        <postalAddress>620075, Свердловская Область, Екатеринбург Город, Белинского Улица, дом 37</postalAddress>
                        <phone>7-343-2723800</phone>
                        <fax>7-343-2723966</fax>
                        <email>bvv@ekgas.ru</email>
                        <okato>65401380000</okato>
                        <okpo>25066276</okpo>
                    </mainInfo>
                </ns2:placer>
                <ns2:emergency>false</ns2:emergency>
            </ns2:explanationData>
        </ns2:item>
    </ns2:body>
</ns2:explanation>
