<?xml version="1.0" encoding="UTF-8" standalone="yes"?>
<ns2:explanation xsi:schemaLocation="http://zakupki.gov.ru/223/integration/schema/TFF-5.2 http://zakupki.gov.ru/223/integration/schema/TFF-5.2/purchase.xsd" xmlns="http://zakupki.gov.ru/223fz/types/1" xmlns:ns10="http://zakupki.gov.ru/223fz/machineryListInfo/1" xmlns:ns11="http://zakupki.gov.ru/223fz/revenue/1" xmlns:ns12="http://zakupki.gov.ru/223fz/orderClauseList/1" xmlns:ns13="http://zakupki.gov.ru/223fz/contract/1" xmlns:ns14="http://zakupki.gov.ru/223fz/missedNotice/1" xmlns:ns15="http://zakupki.gov.ru/223fz/complaint/1" xmlns:ns16="http://zakupki.gov.ru/223fz/decisionSuspension/1" xmlns:ns17="http://zakupki.gov.ru/223fz/purchasePlanAdditionalPosition/1" xmlns:ns18="http://zakupki.gov.ru/223fz/notificationIssue/1" xmlns:ns19="http://zakupki.gov.ru/223fz/webRequest/1" xmlns:ns2="http://zakupki.gov.ru/223fz/purchase/1" xmlns:xsi="http://www.w3.org/2001/XMLSchema-instance" xmlns:ns3="http://zakupki.gov.ru/223fz/dishonestSupplier/1" xmlns:ns4="http://zakupki.gov.ru/223fz/purchasePlan/1" xmlns:ns5="http://zakupki.gov.ru/223fz/purchasePlanProject/1" xmlns:ns6="http://zakupki.gov.ru/223fz/purchasePlanProjectAdditionalPosition/1" xmlns:ns7="http://zakupki.gov.ru/223fz/disagreementProtocol/1" xmlns:ns8="http://zakupki.gov.ru/223fz/reference/1" xmlns:ns9="http://zakupki.gov.ru/223fz/stopCommodity/1">
    <header>
        <guid>4f5b6208-ee08-4344-ba71-963e474118ec</guid>
        <createDateTime>2017-03-24T09:26:40</createDateTime>
    </header>
    <ns2:body>
        <ns2:item>
            <guid>3a55989c-22cb-ffdb-36fb-f90fdb560c50</guid>
            <ns2:explanationData>
                <ns2:guid>3a55989c-22cb-ffdb-36fb-f90fdb560c50</ns2:guid>
                <ns2:urlOOS>https://zakupki.gov.ru/223/purchase/private/purchase/explanation/details.html?explanationId=308267</ns2:urlOOS>
                <ns2:description>Добрый день!
В ответ на Ваш запрос сообщаем, что входной контроль режущей части будет осуществляться по размерам: Вид А (R, уг.37 град.), Вид В (размер 0,02), Вид сверху (уг.18 град.).
Выбор сплава обусловлен проведенными АО «ОКБ «Новатор» испытаниями.
Производитель сплава BK44UF – ООО «Региональный Инструментальный Центр».
Во вложении чертеж резца гравировального 12Р-216 в более лучшем качестве.</ns2:description>
                <ns2:requestSubjectInfo>Уважаемый заказчик!

Просим вас разъяснить чертеж "Резец гравировальный" 12Р-216 Приложение № 1 к Техническому Заданию:
1. просим предоставить увеличенный вид спереди, т.к. на предложенном чертеже не понятно расположение размера 0,02 относительно оси детали и 8град. по профилю, включающему в себя 18град. и R (наверное 8град. лучше задать перпендикулярно режущей кромке?)
2. исполнительные размеры на чертеже:
- вид сверху - 18град.
- вид А - R,
а размеры главный вид - 15град., вид Б - R получаются при затыловке на 0,1 и размер на виде сверху 15град. - это линия пересечения затыловки с передней поверхностью. 
Т.е. эти размеры - не исполнительные! Их не надо контролировать, они получаются сами по себе при выполнении размеров: вид сверху 18град. и вид А - R.
3. По каким исполнительным размерам будет осуществляться входной контроль?

Так же хотим отметить, что для обработки материала сталь 30ХГСА наиболее подходящими сплавами являются сплавы содержащие не менее 9% кобальта и величину зерна 0,2-0,5мкм, например K55SF, K44UF, K40UF, EMT-210 и многие другие. В этом случае, чем обусловлен выбор Заказчиком сплава RX10 (10% кобальт, зерно 0,55-0,8мкм) и его альтернативы BK44UF (кто производитель сплава BK44UF, может опечатка в тех. задание?)?</ns2:requestSubjectInfo>
                <ns2:requestDate>2017-03-22T21:43:55</ns2:requestDate>
                <ns2:status>P</ns2:status>
                <ns2:creationDate>2017-03-24T11:22:02</ns2:creationDate>
                <ns2:modificationDate>2017-03-24T11:26:40</ns2:modificationDate>
                <ns2:decisionDate>2017-03-24T09:22:02</ns2:decisionDate>
                <ns2:publishDate>2017-03-24T11:26:40</ns2:publishDate>
                <ns2:attachments>
                    <totalDocumentsCount>1</totalDocumentsCount>
                    <document>
                        <guid>ea73bf29-3483-dc9c-f781-927c3ebd12ca</guid>
                        <createDateTime>2017-03-24T09:21:15</createDateTime>
                        <fileName>12Р-216.pdf</fileName>
                        <description>12Р-216.pdf</description>
                        <url>http://zakupki.gov.ru/223/purchase/public/download/download.html?id=30305499</url>
                    </document>
                </ns2:attachments>
                <ns2:purchaseRegNum>31704855032</ns2:purchaseRegNum>
                <ns2:purchaseMethodCode>30541</ns2:purchaseMethodCode>
                <ns2:purchaseMethodName>Аукцион</ns2:purchaseMethodName>
                <ns2:purchaseName>Покупка резцов (закупка осуществляется АО «ОКБ «Новатор» 
у субъектов малого и среднего предпринимательства) 

</ns2:purchaseName>
                <ns2:placer>
                    <mainInfo>
                        <fullName>АКЦИОНЕРНОЕ ОБЩЕСТВО "ОПЫТНОЕ КОНСТРУКТОРСКОЕ БЮРО "НОВАТОР"</fullName>
                        <shortName>АО "ОКБ "НОВАТОР"</shortName>
                        <iko>66673092045667301001</iko>
                        <inn>6673092045</inn>
                        <kpp>667301001</kpp>
                        <ogrn>1026605611339</ogrn>
                        <legalAddress>620017, обл СВЕРДЛОВСКАЯ, г ЕКАТЕРИНБУРГ, пр-кт КОСМОНАВТОВ, дом 18</legalAddress>
                        <postalAddress>620017, г. Екатеринбург, пр. Космонавтов, 18</postalAddress>
                        <phone>7-343-2641072</phone>
                        <fax>7-343-2641300</fax>
                        <email>main@okb-novator.ru</email>
                        <okato>65401385000</okato>
                        <okpo>07546512</okpo>
                    </mainInfo>
                </ns2:placer>
                <ns2:emergency>false</ns2:emergency>
            </ns2:explanationData>
        </ns2:item>
    </ns2:body>
</ns2:explanation>
