<?xml version="1.0" encoding="UTF-8" standalone="yes"?>
<ns2:explanation xsi:schemaLocation="http://zakupki.gov.ru/223/integration/schema/TFF-5.2 http://zakupki.gov.ru/223/integration/schema/TFF-5.2/purchase.xsd" xmlns="http://zakupki.gov.ru/223fz/types/1" xmlns:ns10="http://zakupki.gov.ru/223fz/machineryListInfo/1" xmlns:ns11="http://zakupki.gov.ru/223fz/revenue/1" xmlns:ns12="http://zakupki.gov.ru/223fz/orderClauseList/1" xmlns:ns13="http://zakupki.gov.ru/223fz/contract/1" xmlns:ns14="http://zakupki.gov.ru/223fz/missedNotice/1" xmlns:ns15="http://zakupki.gov.ru/223fz/complaint/1" xmlns:ns16="http://zakupki.gov.ru/223fz/decisionSuspension/1" xmlns:ns17="http://zakupki.gov.ru/223fz/purchasePlanAdditionalPosition/1" xmlns:ns18="http://zakupki.gov.ru/223fz/notificationIssue/1" xmlns:ns19="http://zakupki.gov.ru/223fz/webRequest/1" xmlns:ns2="http://zakupki.gov.ru/223fz/purchase/1" xmlns:xsi="http://www.w3.org/2001/XMLSchema-instance" xmlns:ns3="http://zakupki.gov.ru/223fz/dishonestSupplier/1" xmlns:ns4="http://zakupki.gov.ru/223fz/purchasePlan/1" xmlns:ns5="http://zakupki.gov.ru/223fz/purchasePlanProject/1" xmlns:ns6="http://zakupki.gov.ru/223fz/purchasePlanProjectAdditionalPosition/1" xmlns:ns7="http://zakupki.gov.ru/223fz/disagreementProtocol/1" xmlns:ns8="http://zakupki.gov.ru/223fz/reference/1" xmlns:ns9="http://zakupki.gov.ru/223fz/stopCommodity/1">
    <header>
        <guid>5fca6a0f-57cd-4d9c-8fca-51263598661e</guid>
        <createDateTime>2017-03-24T13:28:26</createDateTime>
    </header>
    <ns2:body>
        <ns2:item>
            <guid>08cf3448-2da8-0669-53ab-1a54f67dbcdb</guid>
            <ns2:explanationData>
                <ns2:guid>08cf3448-2da8-0669-53ab-1a54f67dbcdb</ns2:guid>
                <ns2:urlOOS>https://zakupki.gov.ru/223/purchase/private/purchase/explanation/details.html?explanationId=308475</ns2:urlOOS>
                <ns2:description>Добрый день! Ответ во вложении.</ns2:description>
                <ns2:requestSubjectInfo>Добрый день! Уточните "Пробоотборник трансф.маслELCHROM-GS 50мл" - надо "GS - 20мл" или "G - 50мл"?</ns2:requestSubjectInfo>
                <ns2:requestDate>2017-03-24T08:49:26</ns2:requestDate>
                <ns2:status>P</ns2:status>
                <ns2:creationDate>2017-03-24T15:25:44</ns2:creationDate>
                <ns2:modificationDate>2017-03-24T15:28:26</ns2:modificationDate>
                <ns2:decisionDate>2017-03-24T13:25:44</ns2:decisionDate>
                <ns2:publishDate>2017-03-24T15:28:26</ns2:publishDate>
                <ns2:attachments>
                    <totalDocumentsCount>2</totalDocumentsCount>
                    <document>
                        <guid>8d5f7704-b5ad-c334-c4ba-d6acae18f9b9</guid>
                        <createDateTime>2017-03-24T13:25:39</createDateTime>
                        <fileName>Ответ[3].docx</fileName>
                        <description>Ответ[3].docx</description>
                        <url>http://zakupki.gov.ru/223/purchase/public/download/download.html?id=30319793</url>
                    </document>
                    <document>
                        <guid>6330da33-329e-ceaf-a37c-c0305d8a6412</guid>
                        <createDateTime>2017-03-24T08:48:58</createDateTime>
                        <fileName>Запрос_на_разъяснение_документации_к_процедуре.rtf</fileName>
                        <description>Запрос_на_разъяснение_документации_к_процедуре.rtf</description>
                        <url>http://zakupki.gov.ru/223/purchase/public/download/download.html?id=30319794</url>
                    </document>
                </ns2:attachments>
                <ns2:purchaseRegNum>31704920613</ns2:purchaseRegNum>
                <ns2:purchaseMethodCode>2910</ns2:purchaseMethodCode>
                <ns2:purchaseMethodName>открытый запрос предложений</ns2:purchaseMethodName>
                <ns2:purchaseName>право заключения договора на поставку приборной продукции для  обеспечения ремонтной программы филиала ОАО «МРСК Урала» - «Челябэнерго» в 2017г</ns2:purchaseName>
                <ns2:placer>
                    <mainInfo>
                        <fullName>Открытое акционерное общество "Межрегиональная распределительная сетевая компания Урала"</fullName>
                        <shortName>ОАО "МРСК Урала"</shortName>
                        <iko>56671163413667201001</iko>
                        <inn>6671163413</inn>
                        <kpp>667201001</kpp>
                        <ogrn>1056604000970</ogrn>
                        <legalAddress>620026, Свердловская, Екатеринбург, Мамина-Сибиряка, дом 140</legalAddress>
                        <postalAddress>620026, Свердловская область, Екатеринбург, Мамина-Сибиряка, дом 140 </postalAddress>
                        <phone>7-343-2152600</phone>
                        <fax>7-343-2152661</fax>
                        <email>mrsk@mrsk-ural.ru</email>
                        <okato>65401000000</okato>
                        <okpo>76507836</okpo>
                    </mainInfo>
                </ns2:placer>
                <ns2:emergency>false</ns2:emergency>
            </ns2:explanationData>
        </ns2:item>
    </ns2:body>
</ns2:explanation>
