<?xml version="1.0" encoding="UTF-8" standalone="yes"?>
<ns2:purchaseNoticeOK xsi:schemaLocation="http://zakupki.gov.ru/223/integration/schema/TFF-5.2 http://zakupki.gov.ru/223/integration/schema/TFF-5.2/purchase.xsd" xmlns="http://zakupki.gov.ru/223fz/types/1" xmlns:ns10="http://zakupki.gov.ru/223fz/purchasePlan/1" xmlns:ns11="http://zakupki.gov.ru/223fz/purchasePlanProject/1" xmlns:ns12="http://zakupki.gov.ru/223fz/purchasePlanProjectAdditionalPosition/1" xmlns:ns13="http://zakupki.gov.ru/223fz/contract/1" xmlns:ns14="http://zakupki.gov.ru/223fz/missedNotice/1" xmlns:ns15="http://zakupki.gov.ru/223fz/reference/1" xmlns:ns16="http://zakupki.gov.ru/223fz/stopCommodity/1" xmlns:ns17="http://zakupki.gov.ru/223fz/decisionSuspension/1" xmlns:ns18="http://zakupki.gov.ru/223fz/purchasePlanAdditionalPosition/1" xmlns:ns19="http://zakupki.gov.ru/223fz/webRequest/1" xmlns:ns2="http://zakupki.gov.ru/223fz/purchase/1" xmlns:xsi="http://www.w3.org/2001/XMLSchema-instance" xmlns:ns3="http://zakupki.gov.ru/223fz/dishonestSupplier/1" xmlns:ns4="http://zakupki.gov.ru/223fz/machineryListInfo/1" xmlns:ns5="http://zakupki.gov.ru/223fz/revenue/1" xmlns:ns6="http://zakupki.gov.ru/223fz/orderClauseList/1" xmlns:ns7="http://zakupki.gov.ru/223fz/disagreementProtocol/1" xmlns:ns8="http://zakupki.gov.ru/223fz/complaint/1" xmlns:ns9="http://zakupki.gov.ru/223fz/notificationIssue/1">
    <header>
        <guid>56765362-2485-41cd-9ad4-010c17e33e2c</guid>
        <createDateTime>2017-03-15T18:37:14</createDateTime>
    </header>
    <ns2:body>
        <ns2:item>
            <guid>eed18601-484b-c3ed-dd17-8f4b65541f72</guid>
            <ns2:purchaseNoticeOKData>
                <ns2:guid>eed18601-484b-c3ed-dd17-8f4b65541f72</ns2:guid>
                <ns2:createDateTime>2017-03-15T18:35:05</ns2:createDateTime>
                <ns2:urlOOS>https://zakupki.gov.ru/223/purchase/private/purchase/notice-info/details.html?noticeInfoId=5881268</ns2:urlOOS>
                <ns2:urlVSRZ>https://com.roseltorg.ru/#com/procedure/view/id/285782</ns2:urlVSRZ>
                <ns2:registrationNumber>31704894258</ns2:registrationNumber>
                <ns2:name>Открытый конкурс в электронной форме на право заключения договора 
на выполнение работ по устройству постамента монумента «По дорогам войны» и благоустройству прилегающей территории по адресу: г. Москва, Парк Победы на Поклонной горе.</ns2:name>
                <ns2:customer>
                    <mainInfo>
                        <fullName>ГОСУДАРСТВЕННОЕ АВТОНОМНОЕ УЧРЕЖДЕНИЕ КУЛЬТУРЫ ГОРОДА МОСКВЫ "ПОКЛОННАЯ ГОРА"</fullName>
                        <shortName>ГАУК Г. МОСКВЫ "ПОКЛОННАЯ ГОРА"</shortName>
                        <iko>57730667350773001001</iko>
                        <inn>7730667350</inn>
                        <kpp>773001001</kpp>
                        <ogrn>1127746496910</ogrn>
                        <legalAddress>121170, г МОСКВА, ул БРАТЬЕВ ФОНЧЕНКО, дом 7</legalAddress>
                        <postalAddress>121170, Москва Город, Братьев Фонченко Улица, дом 7</postalAddress>
                        <phone>7-499-1488300</phone>
                        <fax>7-495-2252342</fax>
                        <email>poklgora@mail.ru</email>
                        <okato>45268554000</okato>
                        <okpo>45052508</okpo>
                    </mainInfo>
                </ns2:customer>
                <ns2:purchaseMethodCode>3359</ns2:purchaseMethodCode>
                <ns2:purchaseCodeName>Открытый конкурс</ns2:purchaseCodeName>
                <ns2:placer>
                    <mainInfo>
                        <fullName>ГОСУДАРСТВЕННОЕ АВТОНОМНОЕ УЧРЕЖДЕНИЕ КУЛЬТУРЫ ГОРОДА МОСКВЫ "ПОКЛОННАЯ ГОРА"</fullName>
                        <shortName>ГАУК Г. МОСКВЫ "ПОКЛОННАЯ ГОРА"</shortName>
                        <iko>57730667350773001001</iko>
                        <inn>7730667350</inn>
                        <kpp>773001001</kpp>
                        <ogrn>1127746496910</ogrn>
                        <legalAddress>121170, г МОСКВА, ул БРАТЬЕВ ФОНЧЕНКО, дом 7</legalAddress>
                        <postalAddress>121170, Москва Город, Братьев Фонченко Улица, дом 7</postalAddress>
                        <phone>7-499-1488300</phone>
                        <fax>7-495-2252342</fax>
                        <email>poklgora@mail.ru</email>
                        <okato>45268554000</okato>
                        <okpo>45052508</okpo>
                    </mainInfo>
                </ns2:placer>
                <ns2:contact>
                    <firstName>Екатерина</firstName>
                    <middleName>васильевна</middleName>
                    <lastName>Бедарева</lastName>
                    <phone>+7 (499) 1488300</phone>
                    <email>poklgora-plan@mail.ru</email>
                    <organization>
                        <mainInfo>
                            <fullName>ГОСУДАРСТВЕННОЕ АВТОНОМНОЕ УЧРЕЖДЕНИЕ КУЛЬТУРЫ ГОРОДА МОСКВЫ "ПОКЛОННАЯ ГОРА"</fullName>
                            <shortName>ГАУК Г. МОСКВЫ "ПОКЛОННАЯ ГОРА"</shortName>
                            <iko>57730667350773001001</iko>
                            <inn>7730667350</inn>
                            <kpp>773001001</kpp>
                            <ogrn>1127746496910</ogrn>
                            <legalAddress>121170, г МОСКВА, ул БРАТЬЕВ ФОНЧЕНКО, дом 7</legalAddress>
                            <postalAddress>121170, Москва Город, Братьев Фонченко Улица, дом 7</postalAddress>
                            <phone>7-499-1488300</phone>
                            <fax>7-495-2252342</fax>
                            <email>poklgora@mail.ru</email>
                            <okato>45268554000</okato>
                            <okpo>45052508</okpo>
                        </mainInfo>
                    </organization>
                </ns2:contact>
                <ns2:publicationDateTime>2017-03-15T18:37:14</ns2:publicationDateTime>
                <ns2:documentationDelivery>
                    <deliveryStartDateTime>2017-03-15</deliveryStartDateTime>
                    <deliveryEndDateTime>2017-04-05</deliveryEndDateTime>
                    <place>https://com.roseltorg.ru/</place>
                    <procedure>посредством размещения для скачивания и ознакомления</procedure>
                </ns2:documentationDelivery>
                <ns2:status>P</ns2:status>
                <ns2:version>1</ns2:version>
                <ns2:notDishonest>true</ns2:notDishonest>
                <ns2:attachments>
                    <totalDocumentsCount>1</totalDocumentsCount>
                    <document>
                        <guid>36dc01fe-d327-157c-f2c0-d863fbf8eb86</guid>
                        <createDateTime>2017-03-15T17:52:25</createDateTime>
                        <fileName>Конкурсная_документация_-_выполнение_работ_по_устройству_постамента_для_монумента_По_дорогам_войны[1].docx</fileName>
                        <description>Конкурсная документация</description>
                        <url>http://zakupki.gov.ru/223/purchase/public/download/download.html?id=30086624</url>
                    </document>
                </ns2:attachments>
                <ns2:modificationDate>2017-03-15T18:37:14</ns2:modificationDate>
                <ns2:saveUserId>137961</ns2:saveUserId>
                <ns2:deliveryPlaceIndication>DIFFERENT_PLACE</ns2:deliveryPlaceIndication>
                <ns2:emergency>false</ns2:emergency>
                <ns2:jointPurchase>false</ns2:jointPurchase>
                <ns2:lots>
                    <lot>
                        <guid>e269ce43-6bb3-5cb0-ac16-6cbf2e438c2e</guid>
                        <ordinalNumber>1</ordinalNumber>
                        <lotEditEnabled>true</lotEditEnabled>
                        <lotData>
                            <subject>Выполнение работ по устройству постамента монумента «По дорогам войны» и благоустройству прилегающей территории по адресу: г. Москва, Парк Победы на Поклонной горе.</subject>
                            <currency>
                                <code>RUB</code>
                                <digitalCode>643</digitalCode>
                                <name>Российский рубль</name>
                            </currency>
                            <initialSum>13498790.00</initialSum>
                            <deliveryPlace>
                                <address>Согласно условиям Конкурсной документации</address>
                            </deliveryPlace>
                            <lotItems>
                                <newCodes>true</newCodes>
                                <lotItem>
                                    <guid>ca8b6a22-f287-fefc-31df-e53a8032b3e2</guid>
                                    <ordinalNumber>1</ordinalNumber>
                                    <okpd2>
                                        <code>25.99.99.218</code>
                                        <name>Услуги по изготовлению памятников, ограждений, ворот из металла по индивидуальному заказу населения</name>
                                    </okpd2>
                                    <okved2>
                                        <code>25.99</code>
                                        <name>Производство прочих готовых металлических изделий, не включенных в другие группировки</name>
                                    </okved2>
                                    <okei>
                                        <code>876</code>
                                        <name>Условная единица</name>
                                    </okei>
                                    <qty>1</qty>
                                    <additionalInfo>Выполнение работ по устройству постамента монумента «По дорогам войны» и благоустройству прилегающей территории по адресу: г. Москва, Парк Победы на Поклонной горе</additionalInfo>
                                </lotItem>
                            </lotItems>
                            <forSmallOrMiddle>false</forSmallOrMiddle>
                            <excludePurchaseFromPlan>false</excludePurchaseFromPlan>
                            <subcontractorsRequirement>false</subcontractorsRequirement>
                            <ignoredPurchase>false</ignoredPurchase>
                            <centralized>false</centralized>
                        </lotData>
                        <deliveryPlaceIndication>GL</deliveryPlaceIndication>
                        <jointLotData>
                            <jointLot>false</jointLot>
                        </jointLotData>
                        <lotPlanInfo>
                            <planRegistrationNumber>2160203146</planRegistrationNumber>
                            <planGuid>a4507aed-5c71-44b0-8c78-ca52f0fbffb1</planGuid>
                            <positionNumber>58</positionNumber>
                            <lotPlanPosition>COMMODITY</lotPlanPosition>
                            <positionGuid>95d7f098-36ac-4abc-8ca4-8ddc311aa82e</positionGuid>
                        </lotPlanInfo>
                        <cancelled>false</cancelled>
                    </lot>
                </ns2:lots>
                <ns2:examinationPlace>согласно условиям Конкурсной документации</ns2:examinationPlace>
                <ns2:examinationDateTime>2017-04-06T09:10:00</ns2:examinationDateTime>
                <ns2:envelopeOpeningPlace>согласно условиям Конкурсной документации</ns2:envelopeOpeningPlace>
                <ns2:envelopeOpeningTime>2017-04-05T09:20:00</ns2:envelopeOpeningTime>
                <ns2:summingupPlace>согласно условиям Конкурсной документации</ns2:summingupPlace>
                <ns2:summingupTime>2017-04-06T15:00:00</ns2:summingupTime>
                <ns2:submissionCloseDateTime>2017-04-05T09:00:00</ns2:submissionCloseDateTime>
                <ns2:publicationPlannedDate>2017-03-15</ns2:publicationPlannedDate>
            </ns2:purchaseNoticeOKData>
        </ns2:item>
    </ns2:body>
</ns2:purchaseNoticeOK>
