<?xml version="1.0" encoding="UTF-8" standalone="yes"?>
<ns2:purchaseNoticeOK xsi:schemaLocation="http://zakupki.gov.ru/223/integration/schema/TFF-5.2 http://zakupki.gov.ru/223/integration/schema/TFF-5.2/purchase.xsd" xmlns="http://zakupki.gov.ru/223fz/types/1" xmlns:ns10="http://zakupki.gov.ru/223fz/purchasePlan/1" xmlns:ns11="http://zakupki.gov.ru/223fz/purchasePlanProject/1" xmlns:ns12="http://zakupki.gov.ru/223fz/purchasePlanProjectAdditionalPosition/1" xmlns:ns13="http://zakupki.gov.ru/223fz/contract/1" xmlns:ns14="http://zakupki.gov.ru/223fz/missedNotice/1" xmlns:ns15="http://zakupki.gov.ru/223fz/reference/1" xmlns:ns16="http://zakupki.gov.ru/223fz/stopCommodity/1" xmlns:ns17="http://zakupki.gov.ru/223fz/decisionSuspension/1" xmlns:ns18="http://zakupki.gov.ru/223fz/purchasePlanAdditionalPosition/1" xmlns:ns19="http://zakupki.gov.ru/223fz/webRequest/1" xmlns:ns2="http://zakupki.gov.ru/223fz/purchase/1" xmlns:xsi="http://www.w3.org/2001/XMLSchema-instance" xmlns:ns3="http://zakupki.gov.ru/223fz/dishonestSupplier/1" xmlns:ns4="http://zakupki.gov.ru/223fz/machineryListInfo/1" xmlns:ns5="http://zakupki.gov.ru/223fz/revenue/1" xmlns:ns6="http://zakupki.gov.ru/223fz/orderClauseList/1" xmlns:ns7="http://zakupki.gov.ru/223fz/disagreementProtocol/1" xmlns:ns8="http://zakupki.gov.ru/223fz/complaint/1" xmlns:ns9="http://zakupki.gov.ru/223fz/notificationIssue/1">
    <header>
        <guid>9317574f-e1d3-4b22-8032-21dd5bf28a44</guid>
        <createDateTime>2017-03-15T16:59:48</createDateTime>
    </header>
    <ns2:body>
        <ns2:item>
            <guid>85fdd702-c0ab-47d6-b9bc-26dbcb252680</guid>
            <ns2:purchaseNoticeOKData>
                <ns2:guid>85fdd702-c0ab-47d6-b9bc-26dbcb252680</ns2:guid>
                <ns2:createDateTime>2017-03-15T16:45:18</ns2:createDateTime>
                <ns2:urlOOS>https://zakupki.gov.ru/223/purchase/private/purchase/notice-info/details.html?noticeInfoId=5880521</ns2:urlOOS>
                <ns2:registrationNumber>31604621182</ns2:registrationNumber>
                <ns2:name>выполнение строительно-монтажных работ 3 Этапа строительства
Многофункционального плавательного центра (реконструкция Плавательного бассейна) Олимпийского комплекса "Лужники" по адресу: г. Москва, ул. Лужники, д. 24, стр. 4</ns2:name>
                <ns2:customer>
                    <mainInfo>
                        <fullName>КАЗЕННОЕ ПРЕДПРИЯТИЕ ГОРОДА МОСКВЫ "БОЛЬШАЯ СПОРТИВНАЯ АРЕНА "ЛУЖНИКИ"</fullName>
                        <shortName>КП "БСА "ЛУЖНИКИ"</shortName>
                        <iko>57704844540770401001</iko>
                        <inn>7704844540</inn>
                        <kpp>770401001</kpp>
                        <ogrn>1137746846852</ogrn>
                        <legalAddress>119270, Г МОСКВА, УЛ ЛУЖНИКИ, дом ДОМ 24, корпус СТРОЕНИЕ 1</legalAddress>
                        <postalAddress>119270, город Москва, ул. Лужники, д.24, стр.1</postalAddress>
                        <phone>7-495-2803365-103</phone>
                        <email>ludaganina00@mail.ru</email>
                        <okato>45286590000</okato>
                        <okpo>18125848</okpo>
                    </mainInfo>
                </ns2:customer>
                <ns2:purchaseMethodCode>3359</ns2:purchaseMethodCode>
                <ns2:purchaseCodeName>Открытый конкурс</ns2:purchaseCodeName>
                <ns2:placer>
                    <mainInfo>
                        <fullName>КАЗЕННОЕ ПРЕДПРИЯТИЕ ГОРОДА МОСКВЫ "БОЛЬШАЯ СПОРТИВНАЯ АРЕНА "ЛУЖНИКИ"</fullName>
                        <shortName>КП "БСА "ЛУЖНИКИ"</shortName>
                        <iko>57704844540770401001</iko>
                        <inn>7704844540</inn>
                        <kpp>770401001</kpp>
                        <ogrn>1137746846852</ogrn>
                        <legalAddress>119270, Г МОСКВА, УЛ ЛУЖНИКИ, дом ДОМ 24, корпус СТРОЕНИЕ 1</legalAddress>
                        <postalAddress>119270, город Москва, ул. Лужники, д.24, стр.1</postalAddress>
                        <phone>7-495-2803365-103</phone>
                        <email>ludaganina00@mail.ru</email>
                        <okato>45286590000</okato>
                        <okpo>18125848</okpo>
                    </mainInfo>
                </ns2:placer>
                <ns2:contact>
                    <firstName>Ольга</firstName>
                    <middleName>Витальевна</middleName>
                    <lastName>Кензуль</lastName>
                    <phone>+7 (495) 2803365, доб.: 103</phone>
                    <email>kenzul@kp-sport.ru</email>
                    <organization>
                        <mainInfo>
                            <fullName>КАЗЕННОЕ ПРЕДПРИЯТИЕ ГОРОДА МОСКВЫ "БОЛЬШАЯ СПОРТИВНАЯ АРЕНА "ЛУЖНИКИ"</fullName>
                            <shortName>КП "БСА "ЛУЖНИКИ"</shortName>
                            <iko>57704844540770401001</iko>
                            <inn>7704844540</inn>
                            <kpp>770401001</kpp>
                            <ogrn>1137746846852</ogrn>
                            <legalAddress>119270, Г МОСКВА, УЛ ЛУЖНИКИ, дом ДОМ 24, корпус СТРОЕНИЕ 1</legalAddress>
                            <postalAddress>119270, город Москва, ул. Лужники, д.24, стр.1</postalAddress>
                            <phone>7-495-2803365-103</phone>
                            <email>ludaganina00@mail.ru</email>
                            <okato>45286590000</okato>
                            <okpo>18125848</okpo>
                        </mainInfo>
                    </organization>
                </ns2:contact>
                <ns2:publicationDateTime>2017-03-15T16:59:48</ns2:publicationDateTime>
                <ns2:documentationDelivery>
                    <deliveryStartDateTime>2016-12-29</deliveryStartDateTime>
                    <deliveryEndDateTime>2017-03-30</deliveryEndDateTime>
                    <place>г. Москва, Новолужнецкий проезд, д. 9, стр. 6</place>
                    <procedure>в течение двух рабочих дней  со дня получения запроса в письменной форме</procedure>
                </ns2:documentationDelivery>
                <ns2:status>P</ns2:status>
                <ns2:version>6</ns2:version>
                <ns2:modificationDescription>Изменение срока проведения закупки</ns2:modificationDescription>
                <ns2:notDishonest>false</ns2:notDishonest>
                <ns2:attachments>
                    <totalDocumentsCount>19</totalDocumentsCount>
                    <document>
                        <guid>598b497a-cc33-45d7-842b-15a452774f41</guid>
                        <createDateTime>2017-01-27T17:41:21</createDateTime>
                        <fileName>ПНЦ.pdf</fileName>
                        <description>ПНЦ</description>
                        <url>http://zakupki.gov.ru/223/purchase/public/download/download.html?id=30083296</url>
                    </document>
                    <document>
                        <guid>30eb87ad-eb29-42dc-b50a-468fa8d0aa85</guid>
                        <createDateTime>2017-01-17T17:47:05</createDateTime>
                        <fileName>МПЦ-2.part02.rar</fileName>
                        <description>МПЦ.part02</description>
                        <url>http://zakupki.gov.ru/223/purchase/public/download/download.html?id=30083297</url>
                    </document>
                    <document>
                        <guid>33b0a512-5edb-4135-97da-252c11d091c4</guid>
                        <createDateTime>2017-01-17T17:51:52</createDateTime>
                        <fileName>МПЦ-2.part08.rar</fileName>
                        <description>МПЦ.part08</description>
                        <url>http://zakupki.gov.ru/223/purchase/public/download/download.html?id=30083298</url>
                    </document>
                    <document>
                        <guid>0e13e003-305a-4be6-a8a7-308a5cf455c6</guid>
                        <createDateTime>2017-03-15T16:47:51</createDateTime>
                        <fileName>КД СМР МПЦ.doc</fileName>
                        <description>КД СМР МПЦ</description>
                        <url>http://zakupki.gov.ru/223/purchase/public/download/download.html?id=30083464</url>
                    </document>
                    <document>
                        <guid>890737d0-ddc9-421b-a02c-1bf7d6324475</guid>
                        <createDateTime>2017-01-17T17:54:46</createDateTime>
                        <fileName>МПЦ-2.part12.rar</fileName>
                        <description>МПЦ.part12</description>
                        <url>http://zakupki.gov.ru/223/purchase/public/download/download.html?id=30083280</url>
                    </document>
                    <document>
                        <guid>984705a8-829f-419a-9367-bf309e4748fa</guid>
                        <createDateTime>2017-02-28T14:42:24</createDateTime>
                        <fileName>КД СМР МПЦ.doc</fileName>
                        <description>КД СМР МПЦ</description>
                        <url>http://zakupki.gov.ru/223/purchase/public/download/download.html?id=30083281</url>
                    </document>
                    <document>
                        <guid>3967c7d2-89f0-4b16-97ab-d639f2ada943</guid>
                        <createDateTime>2017-01-17T17:55:15</createDateTime>
                        <fileName>МПЦ-2.part13.rar</fileName>
                        <description>МПЦ.part13</description>
                        <url>http://zakupki.gov.ru/223/purchase/public/download/download.html?id=30083282</url>
                    </document>
                    <document>
                        <guid>dfdacb43-3684-4afa-a239-98df7ad66e3b</guid>
                        <createDateTime>2016-12-29T18:49:22</createDateTime>
                        <fileName>Приложение №5 Форма Акта о приеме (поступлении) оборудования.xls</fileName>
                        <description>Приложение №5 Форма Акта о приеме (поступлении) оборудования</description>
                        <url>http://zakupki.gov.ru/223/purchase/public/download/download.html?id=30083283</url>
                    </document>
                    <document>
                        <guid>ffb9c018-d4ee-4642-a709-466a124b0b64</guid>
                        <createDateTime>2017-01-17T17:52:56</createDateTime>
                        <fileName>МПЦ-2.part09.rar</fileName>
                        <description>МПЦ.part09</description>
                        <url>http://zakupki.gov.ru/223/purchase/public/download/download.html?id=30083284</url>
                    </document>
                    <document>
                        <guid>fb6547a1-2882-4885-b7d7-7d436b2a88f7</guid>
                        <createDateTime>2017-01-17T17:46:30</createDateTime>
                        <fileName>МПЦ-2.part01.rar</fileName>
                        <description>МПЦ.part01</description>
                        <url>http://zakupki.gov.ru/223/purchase/public/download/download.html?id=30083286</url>
                    </document>
                    <document>
                        <guid>c4c063fe-66c2-4319-bed0-2f753bfb0c4c</guid>
                        <createDateTime>2017-01-17T17:50:40</createDateTime>
                        <fileName>МПЦ-2.part06.rar</fileName>
                        <description>МПЦ.part06</description>
                        <url>http://zakupki.gov.ru/223/purchase/public/download/download.html?id=30083287</url>
                    </document>
                    <document>
                        <guid>b5de1492-9fc3-4cb7-9895-b68d30aa716b</guid>
                        <createDateTime>2017-01-17T17:48:40</createDateTime>
                        <fileName>МПЦ-2.part03.rar</fileName>
                        <description>МПЦ.part03</description>
                        <url>http://zakupki.gov.ru/223/purchase/public/download/download.html?id=30083288</url>
                    </document>
                    <document>
                        <guid>ef78f444-1f57-408e-8ac5-352a883dc7b9</guid>
                        <createDateTime>2017-01-17T17:50:08</createDateTime>
                        <fileName>МПЦ-2.part05.rar</fileName>
                        <description>МПЦ.part05</description>
                        <url>http://zakupki.gov.ru/223/purchase/public/download/download.html?id=30083289</url>
                    </document>
                    <document>
                        <guid>75c873af-f467-437b-a025-77367fbf913b</guid>
                        <createDateTime>2017-01-17T17:54:07</createDateTime>
                        <fileName>МПЦ-2.part11.rar</fileName>
                        <description>МПЦ.part11</description>
                        <url>http://zakupki.gov.ru/223/purchase/public/download/download.html?id=30083290</url>
                    </document>
                    <document>
                        <guid>45e82fab-76bd-4e9c-9178-80458e796892</guid>
                        <createDateTime>2017-01-17T17:51:14</createDateTime>
                        <fileName>МПЦ-2.part07.rar</fileName>
                        <description>МПЦ.part07</description>
                        <url>http://zakupki.gov.ru/223/purchase/public/download/download.html?id=30083291</url>
                    </document>
                    <document>
                        <guid>132758e9-16cc-491d-b5e9-12ebbfaed915</guid>
                        <createDateTime>2017-01-17T17:53:28</createDateTime>
                        <fileName>МПЦ-2.part10.rar</fileName>
                        <description>МПЦ.part10</description>
                        <url>http://zakupki.gov.ru/223/purchase/public/download/download.html?id=30083292</url>
                    </document>
                    <document>
                        <guid>db4f2236-5e2b-4f42-9e17-e6e849b86e6a</guid>
                        <createDateTime>2017-01-17T17:49:17</createDateTime>
                        <fileName>МПЦ-2.part04.rar</fileName>
                        <description>МПЦ.part04</description>
                        <url>http://zakupki.gov.ru/223/purchase/public/download/download.html?id=30083293</url>
                    </document>
                    <document>
                        <guid>594580b9-f6c5-4b52-b0ea-1148fbcf75ad</guid>
                        <createDateTime>2017-01-27T17:41:14</createDateTime>
                        <fileName>РНЦ.pdf</fileName>
                        <description>РНЦ</description>
                        <url>http://zakupki.gov.ru/223/purchase/public/download/download.html?id=30083294</url>
                    </document>
                    <document>
                        <guid>e5fb5726-c3d6-4db8-8f04-312682c354ce</guid>
                        <createDateTime>2017-01-27T17:58:32</createDateTime>
                        <fileName>договор бассейн 270117.docx</fileName>
                        <description>договор бассейн 270117</description>
                        <url>http://zakupki.gov.ru/223/purchase/public/download/download.html?id=30083295</url>
                    </document>
                </ns2:attachments>
                <ns2:modificationDate>2017-03-15T16:59:48</ns2:modificationDate>
                <ns2:saveUserId>51694</ns2:saveUserId>
                <ns2:deliveryPlaceIndication>DIFFERENT_PLACE</ns2:deliveryPlaceIndication>
                <ns2:emergency>false</ns2:emergency>
                <ns2:jointPurchase>false</ns2:jointPurchase>
                <ns2:lots>
                    <lot>
                        <guid>52b50190-7b1f-465e-8b8c-1b7b8b037498</guid>
                        <ordinalNumber>1</ordinalNumber>
                        <lotEditEnabled>false</lotEditEnabled>
                        <lotData>
                            <subject>выполнение строительно-монтажных работ 3 Этапа строительства
Многофункционального плавательного центра (реконструкция Плавательного бассейна) Олимпийского комплекса "Лужники" по адресу: 
г. Москва, ул. Лужники, д. 24, стр. 4</subject>
                            <currency>
                                <code>RUB</code>
                                <digitalCode>643</digitalCode>
                                <name>Российский рубль</name>
                            </currency>
                            <initialSum>5497847505.00</initialSum>
                            <deliveryPlace>
                                <state>Центральный федеральный округ</state>
                                <region>Москва</region>
                                <regionOkato>45000000000</regionOkato>
                                <address>Москва</address>
                            </deliveryPlace>
                            <lotItems>
                                <newCodes>true</newCodes>
                                <lotItem>
                                    <guid>32240046-4c77-4ecd-a7dc-6d0c4d64927d</guid>
                                    <ordinalNumber>1</ordinalNumber>
                                    <okpd2>
                                        <code>42.99.2</code>
                                        <name>Работы строительные по строительству прочих гражданских сооружений</name>
                                    </okpd2>
                                    <okved2>
                                        <code>42.99</code>
                                        <name>Строительство прочих инженерных сооружений, не включенных в другие группировки</name>
                                    </okved2>
                                </lotItem>
                            </lotItems>
                            <forSmallOrMiddle>false</forSmallOrMiddle>
                            <excludePurchaseFromPlan>false</excludePurchaseFromPlan>
                            <subcontractorsRequirement>false</subcontractorsRequirement>
                            <ignoredPurchase>false</ignoredPurchase>
                            <centralized>false</centralized>
                        </lotData>
                        <deliveryPlaceIndication>GL</deliveryPlaceIndication>
                        <jointLotData>
                            <jointLot>false</jointLot>
                        </jointLotData>
                        <lotPlanInfo>
                            <planRegistrationNumber>2150142253</planRegistrationNumber>
                            <planGuid>e4ed98be-59a6-4294-b7fe-0d44641770ea</planGuid>
                            <positionNumber>264</positionNumber>
                            <lotPlanPosition>COMMODITY</lotPlanPosition>
                            <positionGuid>9f5f43c7-b1c1-4e3b-a658-82cd1466eac7</positionGuid>
                        </lotPlanInfo>
                        <cancelled>false</cancelled>
                    </lot>
                </ns2:lots>
                <ns2:examinationPlace>г. Москва, Новолужнецкий проезд, д. 9, стр. 6</ns2:examinationPlace>
                <ns2:examinationDateTime>2017-04-03T09:00:00</ns2:examinationDateTime>
                <ns2:envelopeOpeningPlace>г. Москва, Новолужнецкий проезд, д. 9, стр. 6</ns2:envelopeOpeningPlace>
                <ns2:envelopeOpeningTime>2017-03-31T10:00:00</ns2:envelopeOpeningTime>
                <ns2:summingupPlace>г. Москва, Новолужнецкий проезд, д. 9, стр. 6</ns2:summingupPlace>
                <ns2:summingupTime>2017-04-03T10:00:00</ns2:summingupTime>
                <ns2:submissionCloseDateTime>2017-03-31T10:00:00</ns2:submissionCloseDateTime>
                <ns2:publicationPlannedDate>2016-12-29</ns2:publicationPlannedDate>
            </ns2:purchaseNoticeOKData>
        </ns2:item>
    </ns2:body>
</ns2:purchaseNoticeOK>
