<?xml version="1.0" encoding="UTF-8" standalone="yes"?>
<ns2:purchaseNoticeOK xsi:schemaLocation="http://zakupki.gov.ru/223/integration/schema/TFF-5.2 http://zakupki.gov.ru/223/integration/schema/TFF-5.2/purchase.xsd" xmlns="http://zakupki.gov.ru/223fz/types/1" xmlns:ns10="http://zakupki.gov.ru/223fz/purchasePlan/1" xmlns:ns11="http://zakupki.gov.ru/223fz/purchasePlanProject/1" xmlns:ns12="http://zakupki.gov.ru/223fz/purchasePlanProjectAdditionalPosition/1" xmlns:ns13="http://zakupki.gov.ru/223fz/contract/1" xmlns:ns14="http://zakupki.gov.ru/223fz/missedNotice/1" xmlns:ns15="http://zakupki.gov.ru/223fz/reference/1" xmlns:ns16="http://zakupki.gov.ru/223fz/stopCommodity/1" xmlns:ns17="http://zakupki.gov.ru/223fz/decisionSuspension/1" xmlns:ns18="http://zakupki.gov.ru/223fz/purchasePlanAdditionalPosition/1" xmlns:ns19="http://zakupki.gov.ru/223fz/webRequest/1" xmlns:ns2="http://zakupki.gov.ru/223fz/purchase/1" xmlns:xsi="http://www.w3.org/2001/XMLSchema-instance" xmlns:ns3="http://zakupki.gov.ru/223fz/dishonestSupplier/1" xmlns:ns4="http://zakupki.gov.ru/223fz/machineryListInfo/1" xmlns:ns5="http://zakupki.gov.ru/223fz/revenue/1" xmlns:ns6="http://zakupki.gov.ru/223fz/orderClauseList/1" xmlns:ns7="http://zakupki.gov.ru/223fz/disagreementProtocol/1" xmlns:ns8="http://zakupki.gov.ru/223fz/complaint/1" xmlns:ns9="http://zakupki.gov.ru/223fz/notificationIssue/1">
    <header>
        <guid>c2e1b5f2-b002-43d1-a4cf-42cfd9cda613</guid>
        <createDateTime>2017-03-15T16:29:31</createDateTime>
    </header>
    <ns2:body>
        <ns2:item>
            <guid>ebe13a7a-9f52-49e9-b91b-8587442da6d2</guid>
            <ns2:purchaseNoticeOKData>
                <ns2:guid>ebe13a7a-9f52-49e9-b91b-8587442da6d2</ns2:guid>
                <ns2:createDateTime>2017-03-15T15:48:40</ns2:createDateTime>
                <ns2:urlOOS>https://zakupki.gov.ru/223/purchase/private/purchase/notice-info/details.html?noticeInfoId=5879908</ns2:urlOOS>
                <ns2:registrationNumber>31704893445</ns2:registrationNumber>
                <ns2:name>Открытый конкурс на право заключения договора на выполнение строительно-монтажных работ по реконструкции железнодорожных путей по объекту «Реконструкция производства смесевого твердого топлива», ФКП «Пермский пороховой завод»</ns2:name>
                <ns2:customer>
                    <mainInfo>
                        <fullName>ФЕДЕРАЛЬНОЕ ГОСУДАРСТВЕННОЕ УНИТАРНОЕ ПРЕДПРИЯТИЕ "НАУЧНО-ПРОИЗВОДСТВЕННОЕ ОБЪЕДИНЕНИЕ "ТЕХНОМАШ"</fullName>
                        <shortName>ФГУП "НПО "ТЕХНОМАШ"</shortName>
                        <iko>57715012448771501001</iko>
                        <inn>7715012448</inn>
                        <kpp>771501001</kpp>
                        <ogrn>1037739453982</ogrn>
                        <legalAddress>127018, Г МОСКВА, ПР МАРЬИНОЙ РОЩИ 3-Й, дом 40</legalAddress>
                        <postalAddress>127018, Москва Город, Марьиной Рощи 3-й Проезд, дом 40</postalAddress>
                        <phone>7-495-6899535</phone>
                        <email>zakupki@tmnpo.ru</email>
                        <okato>45280569000</okato>
                        <okpo>07527638</okpo>
                    </mainInfo>
                </ns2:customer>
                <ns2:purchaseMethodCode>3359</ns2:purchaseMethodCode>
                <ns2:purchaseCodeName>Открытый конкурс</ns2:purchaseCodeName>
                <ns2:placer>
                    <mainInfo>
                        <fullName>ФЕДЕРАЛЬНОЕ ГОСУДАРСТВЕННОЕ УНИТАРНОЕ ПРЕДПРИЯТИЕ "НАУЧНО-ПРОИЗВОДСТВЕННОЕ ОБЪЕДИНЕНИЕ "ТЕХНОМАШ"</fullName>
                        <shortName>ФГУП "НПО "ТЕХНОМАШ"</shortName>
                        <iko>57715012448771501001</iko>
                        <inn>7715012448</inn>
                        <kpp>771501001</kpp>
                        <ogrn>1037739453982</ogrn>
                        <legalAddress>127018, Г МОСКВА, ПР МАРЬИНОЙ РОЩИ 3-Й, дом 40</legalAddress>
                        <postalAddress>127018, Москва Город, Марьиной Рощи 3-й Проезд, дом 40</postalAddress>
                        <phone>7-495-6899535</phone>
                        <email>zakupki@tmnpo.ru</email>
                        <okato>45280569000</okato>
                        <okpo>07527638</okpo>
                    </mainInfo>
                </ns2:placer>
                <ns2:contact>
                    <firstName>Александр</firstName>
                    <middleName>Юрьевич</middleName>
                    <lastName>Яснов</lastName>
                    <phone>+7 (495) 6899535</phone>
                    <email>zakupki@tmnpo.ru</email>
                    <organization>
                        <mainInfo>
                            <fullName>ФЕДЕРАЛЬНОЕ ГОСУДАРСТВЕННОЕ УНИТАРНОЕ ПРЕДПРИЯТИЕ "НАУЧНО-ПРОИЗВОДСТВЕННОЕ ОБЪЕДИНЕНИЕ "ТЕХНОМАШ"</fullName>
                            <shortName>ФГУП "НПО "ТЕХНОМАШ"</shortName>
                            <iko>57715012448771501001</iko>
                            <inn>7715012448</inn>
                            <kpp>771501001</kpp>
                            <ogrn>1037739453982</ogrn>
                            <legalAddress>127018, Г МОСКВА, ПР МАРЬИНОЙ РОЩИ 3-Й, дом 40</legalAddress>
                            <postalAddress>127018, Москва Город, Марьиной Рощи 3-й Проезд, дом 40</postalAddress>
                            <phone>7-495-6899535</phone>
                            <email>zakupki@tmnpo.ru</email>
                            <okato>45280569000</okato>
                            <okpo>07527638</okpo>
                        </mainInfo>
                    </organization>
                </ns2:contact>
                <ns2:publicationDateTime>2017-03-15T16:29:31</ns2:publicationDateTime>
                <ns2:documentationDelivery>
                    <deliveryStartDateTime>2017-03-15</deliveryStartDateTime>
                    <deliveryEndDateTime>2017-04-10</deliveryEndDateTime>
                    <place>www.zakupki.gov.ru</place>
                    <procedure>Указан в документации</procedure>
                </ns2:documentationDelivery>
                <ns2:status>P</ns2:status>
                <ns2:version>1</ns2:version>
                <ns2:notDishonest>true</ns2:notDishonest>
                <ns2:attachments>
                    <totalDocumentsCount>3</totalDocumentsCount>
                    <document>
                        <guid>07ed1446-10c4-4565-b5d4-8c73f3267f0f</guid>
                        <createDateTime>2017-03-15T15:58:01</createDateTime>
                        <fileName>СМР по реконструкции ЖД.zip</fileName>
                        <description>СМР по реконструкции ЖД</description>
                        <url>http://zakupki.gov.ru/223/purchase/public/download/download.html?id=30080897</url>
                    </document>
                    <document>
                        <guid>9090a344-29c2-4252-a80a-f315098aad04</guid>
                        <createDateTime>2017-03-15T16:28:26</createDateTime>
                        <fileName>Документация.docx</fileName>
                        <description>Документация</description>
                        <url>http://zakupki.gov.ru/223/purchase/public/download/download.html?id=30082449</url>
                    </document>
                    <document>
                        <guid>48268b8a-0e17-4b7e-b9ff-9bfaa48a90a9</guid>
                        <createDateTime>2017-03-15T16:28:21</createDateTime>
                        <fileName>Извещение.docx</fileName>
                        <description>Извещение</description>
                        <url>http://zakupki.gov.ru/223/purchase/public/download/download.html?id=30082444</url>
                    </document>
                </ns2:attachments>
                <ns2:modificationDate>2017-03-15T16:29:31</ns2:modificationDate>
                <ns2:saveUserId>207841</ns2:saveUserId>
                <ns2:deliveryPlaceIndication>SINGLE_PLACE</ns2:deliveryPlaceIndication>
                <ns2:emergency>false</ns2:emergency>
                <ns2:jointPurchase>false</ns2:jointPurchase>
                <ns2:lots>
                    <lot>
                        <guid>fb53ecb9-82d4-43ec-b10f-b17a23bd6554</guid>
                        <ordinalNumber>1</ordinalNumber>
                        <lotEditEnabled>false</lotEditEnabled>
                        <lotData>
                            <subject>«Выполнение строительно-монтажных работ по реконструкции железнодорожных путей по объекту "Реконструкция производства смесевого твёрдого топлива", ФКП «Пермский пороховой завод»</subject>
                            <currency>
                                <code>RUB</code>
                                <digitalCode>643</digitalCode>
                                <name>Российский рубль</name>
                            </currency>
                            <initialSum>240897426.64</initialSum>
                            <deliveryPlace>
                                <state>Приволжский федеральный округ</state>
                                <region>Пермский край</region>
                                <regionOkato>57000000000</regionOkato>
                                <address>614113, Россия, г. Пермь, ул. Гальперина, 11</address>
                            </deliveryPlace>
                            <lotItems>
                                <newCodes>true</newCodes>
                                <lotItem>
                                    <guid>aaf3714b-eeb7-447f-a3f8-02eb4d9b33e3</guid>
                                    <ordinalNumber>1</ordinalNumber>
                                    <okpd2>
                                        <code>42.12</code>
                                        <name>Дороги железные наземные и подземные; строительные работы по строительству наземных и подземных железных дорог</name>
                                    </okpd2>
                                    <okved2>
                                        <code>42.12</code>
                                        <name>Строительство железных дорог и метро</name>
                                    </okved2>
                                    <okei>
                                        <code>839</code>
                                        <name>Комплект</name>
                                    </okei>
                                    <qty>1</qty>
                                </lotItem>
                            </lotItems>
                            <forSmallOrMiddle>false</forSmallOrMiddle>
                            <excludePurchaseFromPlan>false</excludePurchaseFromPlan>
                            <subcontractorsRequirement>false</subcontractorsRequirement>
                            <ignoredPurchase>false</ignoredPurchase>
                            <centralized>false</centralized>
                        </lotData>
                        <deliveryPlaceIndication>GL</deliveryPlaceIndication>
                        <jointLotData>
                            <jointLot>false</jointLot>
                        </jointLotData>
                        <lotPlanInfo>
                            <planRegistrationNumber>2160209873</planRegistrationNumber>
                            <planGuid>ef7b9c80-b60a-4175-aee8-ff3f1decfd69</planGuid>
                            <positionNumber>171</positionNumber>
                            <lotPlanPosition>COMMODITY</lotPlanPosition>
                            <positionGuid>620f316b-28a4-4305-8fd3-a671ef397a31</positionGuid>
                        </lotPlanInfo>
                        <cancelled>false</cancelled>
                    </lot>
                </ns2:lots>
                <ns2:examinationPlace>127018, г. Москва, 3-ий проезд Марьиной Рощи, д. 40.</ns2:examinationPlace>
                <ns2:examinationDateTime>2017-04-11T09:30:00</ns2:examinationDateTime>
                <ns2:envelopeOpeningPlace>127018, г. Москва, 3-ий проезд Марьиной Рощи, д. 40.</ns2:envelopeOpeningPlace>
                <ns2:envelopeOpeningTime>2017-04-10T09:30:00</ns2:envelopeOpeningTime>
                <ns2:summingupPlace>127018, г. Москва, 3-ий проезд Марьиной Рощи, д. 40.</ns2:summingupPlace>
                <ns2:summingupTime>2017-04-11T09:30:00</ns2:summingupTime>
                <ns2:submissionCloseDateTime>2017-04-10T09:30:00</ns2:submissionCloseDateTime>
                <ns2:publicationPlannedDate>2017-03-15</ns2:publicationPlannedDate>
            </ns2:purchaseNoticeOKData>
        </ns2:item>
    </ns2:body>
</ns2:purchaseNoticeOK>
