<?xml version="1.0" encoding="UTF-8" standalone="yes"?>
<ns2:orderClause xsi:schemaLocation="http://zakupki.gov.ru/223/integration/schema/TFF-5.2 http://zakupki.gov.ru/223/integration/schema/TFF-5.2/orderClause.xsd" xmlns="http://zakupki.gov.ru/223fz/types/1" xmlns:ns10="http://zakupki.gov.ru/223fz/notificationIssue/1" xmlns:ns11="http://zakupki.gov.ru/223fz/purchasePlanProject/1" xmlns:ns12="http://zakupki.gov.ru/223fz/purchase/1" xmlns:ns13="http://zakupki.gov.ru/223fz/purchasePlanProjectAdditionalPosition/1" xmlns:ns14="http://zakupki.gov.ru/223fz/contract/1" xmlns:ns15="http://zakupki.gov.ru/223fz/missedNotice/1" xmlns:ns16="http://zakupki.gov.ru/223fz/reference/1" xmlns:ns17="http://zakupki.gov.ru/223fz/stopCommodity/1" xmlns:ns18="http://zakupki.gov.ru/223fz/decisionSuspension/1" xmlns:ns19="http://zakupki.gov.ru/223fz/webRequest/1" xmlns:ns2="http://zakupki.gov.ru/223fz/orderClauseList/1" xmlns:xsi="http://www.w3.org/2001/XMLSchema-instance" xmlns:ns3="http://zakupki.gov.ru/223fz/dishonestSupplier/1" xmlns:ns4="http://zakupki.gov.ru/223fz/purchasePlanAdditionalPosition/1" xmlns:ns5="http://zakupki.gov.ru/223fz/purchasePlan/1" xmlns:ns6="http://zakupki.gov.ru/223fz/machineryListInfo/1" xmlns:ns7="http://zakupki.gov.ru/223fz/revenue/1" xmlns:ns8="http://zakupki.gov.ru/223fz/disagreementProtocol/1" xmlns:ns9="http://zakupki.gov.ru/223fz/complaint/1">
    <header>
        <guid>409f6827-8504-4a2d-8c06-a646e76e7eb6</guid>
        <createDateTime>2017-03-29T11:49:37</createDateTime>
    </header>
    <ns2:body>
        <ns2:item>
            <guid>323171a1-6091-4875-bc18-a1e5d35fdb09</guid>
            <ns2:orderClauseData>
                <ns2:guid>323171a1-6091-4875-bc18-a1e5d35fdb09</ns2:guid>
                <ns2:createDateTime>2017-03-29T13:48:10</ns2:createDateTime>
                <ns2:urlOOS>https://zakupki.gov.ru/223/clause/private/order-clause/info/common-info.html?clauseInfoId=281294</ns2:urlOOS>
                <ns2:customer>
                    <mainInfo>
                        <fullName>ОБЩЕСТВО С ОГРАНИЧЕННОЙ ОТВЕТСТВЕННОСТЬЮ " СЕРОВЭНЕРГО "</fullName>
                        <shortName>ООО " СЕРОВЭНЕРГО "</shortName>
                        <iko>56680004730668001001</iko>
                        <inn>6680004730</inn>
                        <kpp>668001001</kpp>
                        <ogrn>1146680001380</ogrn>
                        <legalAddress>624983, обл СВЕРДЛОВСКАЯ, г СЕРОВ, ул ЭНЕРГЕТИКОВ, дом 5</legalAddress>
                        <postalAddress>624983, Энергетиков Улица, дом 5</postalAddress>
                        <phone>7-34385-78671</phone>
                        <email>serovenergo70@mail.ru</email>
                        <okato>65492000000</okato>
                        <okpo>81786459</okpo>
                    </mainInfo>
                </ns2:customer>
                <ns2:placer>
                    <mainInfo>
                        <fullName>ОБЩЕСТВО С ОГРАНИЧЕННОЙ ОТВЕТСТВЕННОСТЬЮ " СЕРОВЭНЕРГО "</fullName>
                        <shortName>ООО " СЕРОВЭНЕРГО "</shortName>
                        <iko>56680004730668001001</iko>
                        <inn>6680004730</inn>
                        <kpp>668001001</kpp>
                        <ogrn>1146680001380</ogrn>
                        <legalAddress>624983, обл СВЕРДЛОВСКАЯ, г СЕРОВ, ул ЭНЕРГЕТИКОВ, дом 5</legalAddress>
                        <postalAddress>624983, Энергетиков Улица, дом 5</postalAddress>
                        <phone>7-34385-78671</phone>
                        <email>serovenergo70@mail.ru</email>
                        <okato>65492000000</okato>
                        <okpo>81786459</okpo>
                    </mainInfo>
                </ns2:placer>
                <ns2:status>P</ns2:status>
                <ns2:version>2</ns2:version>
                <ns2:name>Положение о закупках</ns2:name>
                <ns2:registrationNumber>1150078501</ns2:registrationNumber>
                <ns2:modificationDescription>добавление способа закупки</ns2:modificationDescription>
                <ns2:approveDate>2015-03-01</ns2:approveDate>
                <ns2:effectiveDate>2015-03-01</ns2:effectiveDate>
                <ns2:approverName>Исполнительный орган</ns2:approverName>
                <ns2:purchaseMethod>
                    <ns2:purchaseMethodCode>47525</ns2:purchaseMethodCode>
                    <ns2:purchaseMethodName>Открытый аукцион в электронной форме (по 94ФЗ)</ns2:purchaseMethodName>
                    <ns2:digitalPurchase>true</ns2:digitalPurchase>
                </ns2:purchaseMethod>
                <ns2:purchaseMethod>
                    <ns2:purchaseMethodCode>3363</ns2:purchaseMethodCode>
                    <ns2:purchaseMethodName>Закупка у единственного поставщика (исполнителя, подрядчика)</ns2:purchaseMethodName>
                    <ns2:digitalPurchase>false</ns2:digitalPurchase>
                </ns2:purchaseMethod>
                <ns2:purchaseMethod>
                    <ns2:purchaseMethodCode>3362</ns2:purchaseMethodCode>
                    <ns2:purchaseMethodName>Запрос котировок</ns2:purchaseMethodName>
                    <ns2:digitalPurchase>false</ns2:digitalPurchase>
                </ns2:purchaseMethod>
                <ns2:purchaseMethod>
                    <ns2:purchaseMethodCode>3361</ns2:purchaseMethodCode>
                    <ns2:purchaseMethodName>Открытый аукцион в электронной форме</ns2:purchaseMethodName>
                    <ns2:digitalPurchase>true</ns2:digitalPurchase>
                </ns2:purchaseMethod>
                <ns2:purchaseMethod>
                    <ns2:purchaseMethodCode>3360</ns2:purchaseMethodCode>
                    <ns2:purchaseMethodName>Открытый аукцион</ns2:purchaseMethodName>
                    <ns2:digitalPurchase>false</ns2:digitalPurchase>
                </ns2:purchaseMethod>
                <ns2:purchaseMethod>
                    <ns2:purchaseMethodCode>3359</ns2:purchaseMethodCode>
                    <ns2:purchaseMethodName>Открытый конкурс</ns2:purchaseMethodName>
                    <ns2:digitalPurchase>false</ns2:digitalPurchase>
                </ns2:purchaseMethod>
                <ns2:purchaseMethod>
                    <ns2:purchaseMethodCode>167974</ns2:purchaseMethodCode>
                    <ns2:purchaseMethodName>Запрос цен (котировок) в электронной форме</ns2:purchaseMethodName>
                    <ns2:digitalPurchase>true</ns2:digitalPurchase>
                </ns2:purchaseMethod>
                <ns2:publicationDateTime>2017-03-29T13:49:09</ns2:publicationDateTime>
                <ns2:attachments>
                    <totalDocumentsCount>1</totalDocumentsCount>
                    <document>
                        <guid>8f170b5f-19e0-4f95-a5ef-fc7efedc240a</guid>
                        <createDateTime>2015-03-11T10:55:13</createDateTime>
                        <fileName>Положение о закупках ООО.doc</fileName>
                        <description>Положение о закупках ООО</description>
                        <url>http://zakupki.gov.ru/223/clause/public/download/download.html?id=957457</url>
                    </document>
                </ns2:attachments>
            </ns2:orderClauseData>
        </ns2:item>
    </ns2:body>
</ns2:orderClause>
