<?xml version="1.0" encoding="UTF-8" standalone="yes"?>
<ns2:orderClause xsi:schemaLocation="http://zakupki.gov.ru/223/integration/schema/TFF-5.2 http://zakupki.gov.ru/223/integration/schema/TFF-5.2/orderClause.xsd" xmlns="http://zakupki.gov.ru/223fz/types/1" xmlns:ns10="http://zakupki.gov.ru/223fz/notificationIssue/1" xmlns:ns11="http://zakupki.gov.ru/223fz/purchasePlanProject/1" xmlns:ns12="http://zakupki.gov.ru/223fz/purchase/1" xmlns:ns13="http://zakupki.gov.ru/223fz/purchasePlanProjectAdditionalPosition/1" xmlns:ns14="http://zakupki.gov.ru/223fz/contract/1" xmlns:ns15="http://zakupki.gov.ru/223fz/missedNotice/1" xmlns:ns16="http://zakupki.gov.ru/223fz/reference/1" xmlns:ns17="http://zakupki.gov.ru/223fz/stopCommodity/1" xmlns:ns18="http://zakupki.gov.ru/223fz/decisionSuspension/1" xmlns:ns19="http://zakupki.gov.ru/223fz/webRequest/1" xmlns:ns2="http://zakupki.gov.ru/223fz/orderClauseList/1" xmlns:xsi="http://www.w3.org/2001/XMLSchema-instance" xmlns:ns3="http://zakupki.gov.ru/223fz/dishonestSupplier/1" xmlns:ns4="http://zakupki.gov.ru/223fz/purchasePlanAdditionalPosition/1" xmlns:ns5="http://zakupki.gov.ru/223fz/purchasePlan/1" xmlns:ns6="http://zakupki.gov.ru/223fz/machineryListInfo/1" xmlns:ns7="http://zakupki.gov.ru/223fz/revenue/1" xmlns:ns8="http://zakupki.gov.ru/223fz/disagreementProtocol/1" xmlns:ns9="http://zakupki.gov.ru/223fz/complaint/1">
    <header>
        <guid>d3941636-6935-4118-8ee8-4c3b32efaf31</guid>
        <createDateTime>2017-03-29T20:58:32</createDateTime>
    </header>
    <ns2:body>
        <ns2:item>
            <guid>05255e4f-8e0d-4d76-a7a7-57231111de79</guid>
            <ns2:orderClauseData>
                <ns2:guid>05255e4f-8e0d-4d76-a7a7-57231111de79</ns2:guid>
                <ns2:createDateTime>2017-03-29T22:56:23</ns2:createDateTime>
                <ns2:urlOOS>https://zakupki.gov.ru/223/clause/private/order-clause/info/common-info.html?clauseInfoId=281390</ns2:urlOOS>
                <ns2:customer>
                    <mainInfo>
                        <fullName>Муниципальное автономное общеобразовательное учреждение лицей № 100</fullName>
                        <shortName>МАОУ лицей № 100</shortName>
                        <iko>56663037493668601001</iko>
                        <inn>6663037493</inn>
                        <kpp>668601001</kpp>
                        <ogrn>1026605612351</ogrn>
                        <legalAddress>620012, Свердловская, Екатеринбург, Ильича, дом 48, корпус а</legalAddress>
                        <postalAddress>620012, Свердловская, Екатеринбург, Ильича, дом 48, корпус а</postalAddress>
                        <phone>7-343-3206260</phone>
                        <fax>7-343-3206260</fax>
                        <email>100direktor@mail.ru</email>
                        <okato>65401385000</okato>
                        <okpo>44664008</okpo>
                    </mainInfo>
                </ns2:customer>
                <ns2:placer>
                    <mainInfo>
                        <fullName>Муниципальное автономное общеобразовательное учреждение лицей № 100</fullName>
                        <shortName>МАОУ лицей № 100</shortName>
                        <iko>56663037493668601001</iko>
                        <inn>6663037493</inn>
                        <kpp>668601001</kpp>
                        <ogrn>1026605612351</ogrn>
                        <legalAddress>620012, Свердловская, Екатеринбург, Ильича, дом 48, корпус а</legalAddress>
                        <postalAddress>620012, Свердловская, Екатеринбург, Ильича, дом 48, корпус а</postalAddress>
                        <phone>7-343-3206260</phone>
                        <fax>7-343-3206260</fax>
                        <email>100direktor@mail.ru</email>
                        <okato>65401385000</okato>
                        <okpo>44664008</okpo>
                    </mainInfo>
                </ns2:placer>
                <ns2:status>P</ns2:status>
                <ns2:version>7</ns2:version>
                <ns2:name>Положение о закупке товаров, работ, услуг Муниципального автономного общеобразовательного учреждения лицея №100</ns2:name>
                <ns2:registrationNumber>1130030523</ns2:registrationNumber>
                <ns2:modificationDescription>Добавление п.п.3.1.7.</ns2:modificationDescription>
                <ns2:approveDate>2017-03-20</ns2:approveDate>
                <ns2:effectiveDate>2017-03-20</ns2:effectiveDate>
                <ns2:approverName>Наблюдательный совет</ns2:approverName>
                <ns2:purchaseMethod>
                    <ns2:purchaseMethodCode>3363</ns2:purchaseMethodCode>
                    <ns2:purchaseMethodName>Закупка у единственного поставщика (исполнителя, подрядчика)</ns2:purchaseMethodName>
                    <ns2:digitalPurchase>false</ns2:digitalPurchase>
                </ns2:purchaseMethod>
                <ns2:purchaseMethod>
                    <ns2:purchaseMethodCode>3362</ns2:purchaseMethodCode>
                    <ns2:purchaseMethodName>Запрос котировок</ns2:purchaseMethodName>
                    <ns2:digitalPurchase>false</ns2:digitalPurchase>
                </ns2:purchaseMethod>
                <ns2:purchaseMethod>
                    <ns2:purchaseMethodCode>3361</ns2:purchaseMethodCode>
                    <ns2:purchaseMethodName>Открытый аукцион в электронной форме</ns2:purchaseMethodName>
                    <ns2:digitalPurchase>true</ns2:digitalPurchase>
                </ns2:purchaseMethod>
                <ns2:purchaseMethod>
                    <ns2:purchaseMethodCode>3359</ns2:purchaseMethodCode>
                    <ns2:purchaseMethodName>Открытый конкурс</ns2:purchaseMethodName>
                    <ns2:digitalPurchase>false</ns2:digitalPurchase>
                </ns2:purchaseMethod>
                <ns2:purchaseMethod>
                    <ns2:purchaseMethodCode>105095</ns2:purchaseMethodCode>
                    <ns2:purchaseMethodName>Открытый запрос предложений</ns2:purchaseMethodName>
                    <ns2:digitalPurchase>false</ns2:digitalPurchase>
                </ns2:purchaseMethod>
                <ns2:purchaseMethod>
                    <ns2:purchaseMethodCode>3360</ns2:purchaseMethodCode>
                    <ns2:purchaseMethodName>Открытый аукцион</ns2:purchaseMethodName>
                    <ns2:digitalPurchase>false</ns2:digitalPurchase>
                </ns2:purchaseMethod>
                <ns2:purchaseMethod>
                    <ns2:purchaseMethodCode>152670</ns2:purchaseMethodCode>
                    <ns2:purchaseMethodName>Совместный открытый конкурс</ns2:purchaseMethodName>
                    <ns2:digitalPurchase>false</ns2:digitalPurchase>
                </ns2:purchaseMethod>
                <ns2:publicationDateTime>2017-03-29T22:58:02</ns2:publicationDateTime>
                <ns2:attachments>
                    <totalDocumentsCount>2</totalDocumentsCount>
                    <document>
                        <guid>51a2e880-2708-4da9-af7c-8edf7adfd718</guid>
                        <createDateTime>2015-11-19T18:40:11</createDateTime>
                        <fileName>Положение о закупках  МАОУ ЛИЦЕЙ № 100.pdf</fileName>
                        <description>Положение о закупках  МАОУ ЛИЦЕЙ № 100</description>
                        <url>http://zakupki.gov.ru/223/clause/public/download/download.html?id=957917</url>
                    </document>
                    <document>
                        <guid>2bd70fa3-563a-4ead-9975-601b62d7b019</guid>
                        <createDateTime>2017-03-29T20:57:36</createDateTime>
                        <fileName>Изменения в положение 100.pdf</fileName>
                        <description>Изменения в положение 100</description>
                        <url>http://zakupki.gov.ru/223/clause/public/download/download.html?id=957918</url>
                    </document>
                </ns2:attachments>
            </ns2:orderClauseData>
        </ns2:item>
    </ns2:body>
</ns2:orderClause>
